step,node,type,q_pred,q_pred_context,q_pred_type_context,score_pred,reward_pred,reward_pred_context,reward_pred_type_context,fc_pred,pattern_pred,return_pred,guarded_reward,guarded_reward_context,hard_reduction_total_pred,hard_reduction_sa0_pred,hard_reduction_sa1_pred,derived_hard_count_pre_total_pred,derived_hard_count_pre_sa0_pred,derived_hard_count_pre_sa1_pred,derived_hard_count_post_total_pred,derived_hard_count_post_sa0_pred,derived_hard_count_post_sa1_pred,derived_hard_reduction_total_pred,derived_hard_reduction_sa0_pred,derived_hard_reduction_sa1_pred,derived_hard_reduction_hybrid_pred,hybrid_pred,hybrid_pred_context,bounded_residual_hybrid_pred,bounded_residual_hybrid_pred_context,consensus_pred_context,consensus_pred_type_context,step_value,sequence_score,lookahead_score,planner,score_adjusted,diversity_penalty,candidate_strategy
1,N2219,control1,1.5957680940628052,2.5893829204142094,1.8469676196575164,1.5957680940628052,0.7163988351821899,2.012236740067601,2.873064029216766,0.007163988351821899,0.3101164996623993,0.036327116191387177,0.036327116191387177,1.1208084108680487,0.07537908852100372,0.18683531880378723,0.051756277680397034,105212.25,42459.421875,62752.82421875,108084.578125,45592.5703125,62492.00390625,-0.02730032056570053,-0.07379159331321716,0.004156311973929405,-2.730032056570053,8.29063480347395,2.087229662984609,7.726090339943767,1.9365935860574246,1.910050505027175,1.9907401434890926,2.5893829204142094,2.5893829204142094,2.5893829204142094,greedy,2.5893829204142094,0.0,hard_fault_cluster
2,N14033,control1,1.6646029949188232,2.5013528198003767,1.9890307068824769,1.6646029949188232,0.7475789785385132,1.967888668179512,1.4178892374038694,0.007475789785385132,0.34897753596305847,0.023006031289696693,0.023006031289696693,-0.9123398053646088,0.0669962465763092,0.17578861117362976,0.05170594900846481,108084.140625,45592.25,62491.890625,108300.765625,45846.3203125,62454.4453125,-0.002004225505515933,-0.005572664551436901,0.000599202758166939,-0.2004225505515933,7.47020966745913,3.090384386777878,6.892270910087973,3.2762773501873017,2.5000101149082186,1.857845217511058,2.5013528198003767,5.090735740214586,5.090735740214586,greedy,2.5013528198003767,0.0,hard_fault_cluster
3,N5319,control0,1.3257780075073242,1.1018347918987275,1.1411528706550598,1.3257780075073242,0.7306811809539795,1.191326481103897,1.1565616965293883,0.007306811809539795,0.37080705165863037,0.01947656460106373,0.01947656460106373,-0.40792718648910525,0.05739959329366684,0.16596011817455292,0.04722297191619873,108301.46875,45847.58984375,62453.8828125,108165.578125,45653.234375,62512.34765625,0.0012547440128400922,0.004239164292812347,-0.0009361282573081553,0.12547440128400922,6.490117074921727,0.9127745950222016,5.927498765755445,0.867682799100876,1.2636065483093262,1.2955800036340952,1.1018347918987275,6.192570532113313,6.192570532113313,greedy,1.1018347918987275,0.0,hard_fault_cluster
4,N6992,control0,1.4768799543380737,1.5435297653079034,1.5445406913757322,1.4768799543380737,0.7580863237380981,1.533175928890705,1.582394468784332,0.007580863237380981,0.3904581069946289,0.01916126348078251,0.01916126348078251,-0.3648229068517685,0.05770823359489441,0.17055535316467285,0.04962261766195297,108165.765625,45653.234375,62512.53515625,107755.203125,45331.171875,62424.03515625,0.0037956787273287773,0.00705453846603632,0.0014157160185277462,0.37956787273287773,6.548070946708322,1.273554791212082,5.965135256294161,1.2805189859867097,1.6399745464324953,1.7392623694241047,1.5435297653079034,7.736100297421217,7.736100297421217,greedy,1.5435297653079034,0.0,hard_fault_cluster
5,N6780,control0,1.4466850757598877,1.5991985231637953,1.256612205505371,1.4466850757598877,0.8110328316688538,1.8503231436014176,1.8617755770683289,0.008110328316688538,0.40011167526245117,0.021079810336232185,0.021079810336232185,-0.19232206106185917,0.05697124823927879,0.169765442609787,0.048827700316905975,107755.140625,45331.23828125,62423.90234375,107720.09375,45294.73046875,62425.36328125,0.000325245491694659,0.0008053565979935229,-2.3403496015816927e-05,0.0325245491694659,6.529237465932965,1.431178926229477,5.905152984429151,1.4557831513881685,1.7100900799036025,1.5498786726407707,1.5991985231637953,9.335298820585013,9.335298820585013,greedy,1.5991985231637953,0.0,hard_fault_cluster
6,N2849,control0,1.5815002918243408,2.129454582929611,1.8587742686271667,1.5815002918243408,0.8375066518783569,1.927317118644714,1.6304160833358763,0.008375066518783569,0.4132091701030731,0.02262270636856556,0.02262270636856556,-0.0006292998790741189,0.05947081744670868,0.17553828656673431,0.049529191106557846,107712.6328125,45285.04296875,62427.58984375,107224.890625,44955.9296875,62268.9609375,0.00452817976474762,0.007267593406140804,0.0025410063099116087,0.45281797647476196,6.80721110291779,1.9554572951793672,6.1621140842325985,2.0897619378566743,2.1460571974515914,1.9611364628374577,2.129454582929611,11.464753403514624,11.464753403514624,greedy,2.129454582929611,0.0,hard_fault_cluster
7,N13662,control0,1.595867395401001,2.295941720157862,2.4425221443176266,1.595867395401001,0.8860325813293457,2.457354975491762,2.943597936630249,0.008860325813293457,0.41646620631217957,0.024192148819565773,0.024192148819565773,0.2580689257383345,0.0573892705142498,0.17368987202644348,0.04854806512594223,107231.90625,44965.015625,62266.890625,106781.3125,44689.71875,62091.59375,0.004202049225568771,0.006122468039393425,0.002815250074490905,0.42020492255687714,6.649151781573892,2.0861355847120286,5.966483233962208,1.8445436543226241,2.272507831454277,2.6900610871613027,2.295941720157862,13.760695123672486,13.760695123672486,greedy,2.295941720157862,0.0,hard_fault_cluster
8,N16937,control0,1.6094446182250977,1.8804629241675137,1.8844445466995239,1.6094446182250977,0.8969440460205078,3.207249815016985,3.2790651321411133,0.008969440460205078,0.4222600758075714,0.02480422891676426,0.02480422891676426,0.494181283712387,0.057098567485809326,0.17337268590927124,0.04696439951658249,106781.8125,44690.2265625,62091.5859375,106377.796875,44428.0546875,61949.7421875,0.00378356222063303,0.005866425111889839,0.002284427871927619,0.378356222063303,6.631605023518205,1.473164637684822,5.940293817315251,1.4658607679605482,2.3249671339988707,2.5554246637225146,1.8804629241675137,15.64115804784,15.64115804784,greedy,1.8804629241675137,0.0,hard_fault_cluster
9,N11975,control0,1.5616300106048584,2.0011852636933325,1.9848842144012449,1.5616300106048584,0.9215341806411743,2.203621400892734,3.1774011015892025,0.009215341806411743,0.4286189377307892,0.025594184175133705,0.025594184175133705,0.49439276695251455,0.058164723217487335,0.17746171355247498,0.04821951687335968,106377.78125,44428.09375,61949.68359375,106350.453125,44398.5625,61951.88671875,0.00025689692120067775,0.0006646976689808071,-3.556313458830118e-05,0.025689692120067775,6.7636006865650415,2.5199675583839416,6.0532544129528105,2.327629783153534,2.011282294988632,2.4571942406892777,2.0011852636933325,17.64234331153333,17.64234331153333,greedy,2.0011852636933325,0.0,hard_fault_cluster
10,N7781,observe,1.7722527980804443,2.6991508275270464,3.721596431732178,1.7722527980804443,0.966452956199646,2.1531976029276847,2.9142072916030886,0.00966452956199646,0.4257211983203888,0.010113725438714027,0.010113725438714027,-2.1577247831225397,0.06523630768060684,0.1820494681596756,0.05199655145406723,106349.984375,44397.9609375,61952.0234375,106570.09375,44599.0,61971.09375,-0.00206967000849545,-0.0045281145721673965,-0.0003078238805755973,-0.206967000849545,7.500197449699044,4.165850873589515,6.767772438470274,5.221661038994789,3.0945229426026346,3.892568001523614,2.6991508275270464,20.341494139060377,20.341494139060377,greedy,2.6991508275270464,0.0,hard_fault_cluster
11,N18172,control0,1.5673863887786865,1.3157402177155018,0.9617542266845702,1.5673863887786865,0.886432409286499,1.9247768849134443,1.395071846246719,0.00886432409286499,0.4236770272254944,0.026675591245293617,0.026675591245293617,1.2884669479727744,0.05751384049654007,0.16710953414440155,0.043089140206575394,106570.375,44599.35546875,61971.0234375,105882.703125,44196.55859375,61686.14453125,0.006452749017626047,0.009031450375914574,0.004596969578415155,0.6452749017626047,6.6644920501858,0.8549171759188174,5.979661049786955,0.7348542882502078,1.361857086420059,1.2059289833158253,1.3157402177155018,21.657234356775877,21.657234356775877,greedy,1.3157402177155018,0.0,hard_fault_cluster
12,N12015,control0,1.5519990921020508,2.0846226438879967,1.777400755882263,1.5519990921020508,0.9034152626991272,2.5070522859692574,2.0404914259910583,0.009034152626991272,0.4317840337753296,0.028418580070137978,0.028418580070137978,1.231141170859337,0.058786194771528244,0.17334717512130737,0.045305535197257996,105882.9375,44196.90625,61686.02734375,105795.8125,44164.68359375,61631.1328125,0.0008228427032008767,0.0007290703942999244,0.0008899021777324378,0.08228427032008767,6.81045331992209,2.161666042804718,6.111577937845141,1.916564280986786,1.9698815137147903,1.7466598607599735,2.0846226438879967,23.741857000663874,23.741857000663874,greedy,2.0846226438879967,0.0,hard_fault_cluster
13,N11983,control0,1.4746606349945068,2.771448577940464,2.378498339653015,1.4746606349945068,0.9045537114143372,2.235391010344028,1.4497630417346954,0.009045537114143371,0.43368765711784363,0.02995152212679386,0.02995152212679386,1.2390912199020385,0.05879133194684982,0.17632927000522614,0.045461900532245636,105795.8125,44164.66796875,61631.140625,105656.0625,44094.51953125,61561.546875,0.0013209407916292548,0.0015883384039625525,0.0011291977716609836,0.13209407916292548,6.813638428226113,2.3728240227699278,6.112759503070265,1.7715450298786164,2.163466563820839,1.6319069781899453,2.771448577940464,26.51330557860434,26.51330557860434,greedy,2.771448577940464,0.0,hard_fault_cluster
14,N12071,control0,1.4262700080871582,2.623500382900238,2.3649842023849486,1.4262700080871582,0.9082567691802979,2.1630215913057325,1.3486314713954926,0.00908256769180298,0.43447214365005493,0.031831033527851105,0.031831033527851105,1.663074524998665,0.06015978008508682,0.17898856103420258,0.04480218142271042,105656.234375,44094.625,61561.60546875,105500.6875,44022.25,61478.4375,0.0014721978222951293,0.0016413565026596189,0.0013509714044630527,0.14721978222951293,6.956065811216831,2.233644441366196,6.2509999591857195,1.9641681936383246,2.0160753458738325,1.546779737472534,2.623500382900238,29.136805961504578,29.136805961504578,greedy,2.623500382900238,0.0,hard_fault_cluster
15,N12055,control0,1.3154666423797607,1.825170263648033,1.650729250907898,1.3154666423797607,0.8965194821357727,1.8055195555090904,1.3593635082244873,0.008965194821357728,0.4342476427555084,0.03384286165237427,0.03384286165237427,1.7333928446471691,0.060794681310653687,0.1805325150489807,0.0434475913643837,105500.5625,44022.21484375,61478.34375,105441.40625,43999.7578125,61441.6484375,0.0005607197526842356,0.00051012949552387,0.0005968819023109972,0.05607197526842356,7.009830474853516,2.037952434420586,6.312058717012405,2.0242745631933214,1.5004041358828544,1.2521192564815282,1.825170263648033,30.96197622515261,30.96197622515261,greedy,1.825170263648033,0.0,hard_fault_cluster
16,N12039,control0,1.120688557624817,1.537768802046776,2.609382927417755,1.120688557624817,0.8757755756378174,1.457091287523508,2.5401137351989744,0.008757755756378174,0.39822402596473694,0.0167315024882555,0.0167315024882555,1.5258008627593518,0.061585474759340286,0.1799519658088684,0.03995158150792122,105441.40625,43999.7734375,61441.63671875,105415.453125,43992.640625,61422.81640625,0.00024613787536509335,0.0001621102128410712,0.00030631202389486134,0.024613787536509335,7.0510545540601015,1.981296896338463,6.381674245465547,1.9770400160551072,1.2497776016592979,2.176006853803992,1.537768802046776,32.49974502719939,32.49974502719939,greedy,1.537768802046776,0.0,hard_fault_cluster
17,N8089,observe,0.9885585308074951,2.3587160035967822,2.539586997032165,0.9885585308074951,0.8102792501449585,1.5899513638019562,2.0759826242923736,0.008102792501449584,0.3485131859779358,0.006462959572672844,0.006462959572672844,2.2266945572197434,0.06010621041059494,0.17776267230510712,0.03814162313938141,105414.8203125,43991.8046875,61423.015625,105319.828125,43952.796875,61367.03125,0.0009011274669319391,0.0008867063443176448,0.0009114560089074075,0.09011274669319391,6.827363250777125,2.0233043736219405,6.214806593488902,2.409689049720764,1.6869362860918045,2.581135228723288,2.3587160035967822,34.85846103079617,34.85846103079617,greedy,2.3587160035967822,0.0,hard_fault_cluster
18,N19193,control0,0.6522394418716431,1.9902472914196552,1.547823613882065,0.6522394418716431,0.7094738483428955,1.3009707201179117,0.8378561377525329,0.0070947384834289555,0.05650261044502258,-0.0028488561511039734,-0.0028488561511039734,0.4636939220130443,0.05567633733153343,0.16043515503406525,0.028780467808246613,105320.2890625,43953.484375,61366.8046875,104478.609375,43512.796875,60965.81640625,0.007991619408130646,0.01002622488886118,0.006534286309033632,0.7991619408130646,6.274258725345135,1.0974031402729452,5.744289981201291,1.083197148051113,1.6707559198141098,1.3220631129294633,1.9902472914196552,36.84870832221583,36.84870832221583,greedy,1.9902472914196552,0.0,hard_fault_cluster
19,N19195,control0,0.7101218700408936,2.353647116944194,3.3799482107162473,0.7101218700408936,0.686138927936554,1.529751358218491,2.1337759017944333,0.006861389279365539,0.050769031047821045,-0.007048143073916435,-0.007048143073916435,0.6220174396038055,0.05380883067846298,0.15696822106838226,0.02716851979494095,104478.640625,43512.81640625,60965.828125,103890.25,43221.53125,60668.71875,0.005631683394312859,0.006694238167256117,0.004873375408351421,0.5631683394312859,6.059973852708936,1.2762088540941476,5.550655764061958,1.2168157462030649,1.9851463317871092,3.1132643038034438,2.353647116944194,39.20235543916002,39.20235543916002,greedy,2.353647116944194,0.0,hard_fault_cluster
20,N13626,control0,0.7445966601371765,3.3267831981182097,4.001085257530212,0.7445966601371765,0.6753295660018921,1.9026257678866387,2.6271062970161436,0.006753295660018921,0.051908016204833984,-0.006336124613881111,-0.006336124613881111,1.790312092900276,0.05250684916973114,0.15717481076717377,0.026432838290929794,103890.515625,43221.87109375,60668.640625,103534.453125,43038.0390625,60496.41015625,0.003427285933867097,0.004253217950463295,0.002838871441781521,0.3427285933867097,5.919678358361125,1.561487322449684,5.417933277320117,1.4850528889894483,2.4042141020298007,3.66273916631937,3.3267831981182097,42.52913863727823,42.52913863727823,greedy,3.3267831981182097,0.0,hard_fault_cluster
21,N13624,control0,0.7030761241912842,2.8489187777042386,3.588937973976135,0.7030761241912842,0.6573851704597473,1.9727575391530991,2.7422960996627808,0.006573851704597473,0.04511091113090515,-0.009890241548418999,-0.009890241548418999,1.8311747241020204,0.05119899660348892,0.1529349535703659,0.024942152202129364,103534.359375,43037.8671875,60496.4921875,103231.1875,42874.18359375,60357.00390625,0.0029282248578965664,0.0038032459560781717,0.002305725123733282,0.29282248578965664,5.7673945892602205,1.2339689242839813,5.281773392576724,1.2274951446056366,2.086848199367523,3.45645132958889,2.8489187777042386,45.37805741498247,45.37805741498247,greedy,2.8489187777042386,0.0,hard_fault_cluster
22,N4256,control0,0.6870520710945129,2.654305800795555,3.4013592481613157,0.6870520710945129,0.6412376165390015,2.1353288066387175,2.893252325057983,0.006412376165390015,0.040804266929626465,-0.012109460309147835,-0.012109460309147835,1.868606773018837,0.05037171393632889,0.15142306685447693,0.024087857455015182,103232.03125,42874.6015625,60357.4296875,102954.6875,42711.140625,60243.546875,0.002686605555936694,0.003812535433098674,0.0018868069164454937,0.2686605555936694,5.666299549862742,1.1834619578719139,5.194453432690352,1.1610093054175377,1.9989924877882004,3.39934511706233,2.654305800795555,48.03236321577803,48.03236321577803,greedy,2.654305800795555,0.0,hard_fault_cluster
23,N12511,control0,0.6814952492713928,2.3745103746652605,3.2870967864990233,0.6814952492713928,0.6261318922042847,1.8318091611564158,2.742559206485748,0.006261318922042847,0.0356658399105072,-0.01486743800342083,-0.01486743800342083,1.3467007848620414,0.04996355250477791,0.14923880994319916,0.023565661162137985,102954.09375,42711.01953125,60243.0703125,102694.109375,42553.125,60140.984375,0.002525245537981391,0.003696810221299529,0.0016945672687143087,0.2525245537981391,5.607619704678655,1.1988291446864605,5.149171364028007,1.205572575777769,1.8016325905919075,3.27106118388474,2.3745103746652605,50.40687359044329,50.40687359044329,greedy,2.3745103746652605,0.0,hard_fault_cluster
24,N11941,control0,0.6450082063674927,1.7954019539058208,2.7554345846176145,0.6450082063674927,0.6171691417694092,2.0911946587264536,3.085498797893524,0.006171691417694092,0.046562016010284424,-0.019001800566911697,-0.019001800566911697,0.9372890424728393,0.05094541236758232,0.1529354602098465,0.024358108639717102,102694.03125,42552.9609375,60141.06640625,102963.4921875,42719.6015625,60243.890625,-0.0026239200960844755,-0.003916075918823481,-0.0017097172094509006,-0.26239200960844755,5.69270857796073,1.4658351570367811,5.2440830720588565,1.459459975361824,1.743414753675461,3.2332195898890492,1.7954019539058208,52.20227554434911,52.20227554434911,greedy,1.7954019539058208,0.0,hard_fault_cluster
25,N7682,control0,0.6132766604423523,2.2818242701888085,2.9516766428947445,0.6132766604423523,0.592429518699646,2.489730474352837,3.1429249286651606,0.0059242951869964595,0.03530985116958618,-0.015212330967187881,-0.015212330967187881,2.204956569671631,0.048918209969997406,0.14950932562351227,0.022568117827177048,102963.484375,42719.71875,60243.765625,102696.359375,42500.71875,60195.64453125,0.0025943664368242025,0.005126438103616238,0.0007987730205059052,0.25943664368242025,5.469038184732199,1.6236117658019067,5.036125293932855,1.5875423726439477,2.076625299453735,3.4498064446449277,2.2818242701888085,54.48409981453792,54.48409981453792,greedy,2.2818242701888085,0.0,hard_fault_cluster
26,N7680,control0,0.6439955234527588,2.157394477725029,2.9405507206916806,0.6439955234527588,0.5658963918685913,2.2234656751155852,3.001732110977173,0.005658963918685913,0.033465832471847534,-0.013256233185529709,-0.013256233185529709,1.6634042447805404,0.04767453670501709,0.1494726687669754,0.021742407232522964,102696.453125,42500.78515625,60195.6640625,102475.7265625,42259.09375,60216.6328125,0.002149310428649187,0.005686751566827297,-0.000348343193763867,0.2149310428649187,5.320093829184771,1.5822965759038925,4.905613710172474,1.525074686408043,1.974687671661377,3.383546986579895,2.157394477725029,56.64149429226295,56.64149429226295,greedy,2.157394477725029,0.0,hard_fault_cluster
27,N11923,control0,0.5516663193702698,1.9069276064634324,2.9108755588531494,0.5516663193702698,0.5546209216117859,1.9264853805303572,2.940010821819305,0.005546209216117859,0.042692631483078,-0.018796758726239204,-0.018796758726239204,0.7304989004135132,0.047685034573078156,0.150791198015213,0.021347828209400177,102475.75,42259.01171875,60216.734375,103002.734375,42454.1953125,60548.54296875,-0.005142527632415295,-0.00461874483153224,-0.005510238930583,-0.5142527632415295,5.304327620193362,1.6494687354564666,4.902459498029202,1.6302771008014678,1.807298210263252,3.2747438366711137,1.9069276064634324,58.54842189872638,58.54842189872638,greedy,1.9069276064634324,0.0,hard_fault_cluster
28,N11952,control0,0.45434483885765076,2.144533607363701,3.115712523460388,0.45434483885765076,0.5474950671195984,2.1259637624025345,3.102959394454956,0.0054749506711959835,0.044538527727127075,-0.02382892742753029,-0.02382892742753029,0.288929191827774,0.04732992500066757,0.1511484682559967,0.020753633230924606,103002.765625,42454.2265625,60548.53515625,103354.546875,42560.1875,60794.35546875,-0.0034152602311223745,-0.0024958867579698563,-0.004059888888150454,-0.34152602311223745,5.256658639758825,1.8041636729240418,4.863909034989774,1.7610591793060302,2.1165027260780334,3.4757267719507214,2.144533607363701,60.69295550609008,60.69295550609008,greedy,2.144533607363701,0.0,hard_fault_cluster
29,N18340,control0,0.49045494198799133,2.438399335741997,3.260891914367676,0.49045494198799133,0.5154839754104614,2.138985002040863,2.938584721088409,0.005154839754104614,0.03152209520339966,-0.014541130512952805,-0.014541130512952805,1.2028941112756728,0.04490597918629646,0.14412705600261688,0.018954887986183167,103354.0078125,42559.5546875,60794.453125,103236.046875,42420.2109375,60815.8359375,0.001141329063102603,0.003274088492617011,-0.0003517230798024684,0.1141329063102603,4.991540763527155,1.5464336639642715,4.6158336298540235,1.5355757242441177,2.1457626879215237,3.49474574714899,2.438399335741997,63.13135484183208,63.13135484183208,greedy,2.438399335741997,0.0,hard_fault_cluster
30,N18879,control0,0.5375303030014038,2.022976326942444,2.96431211233139,0.5375303030014038,0.503085196018219,1.9585756778717038,2.891743779182434,0.00503085196018219,0.029018163681030273,-0.012675385922193527,-0.012675385922193527,1.0095881986618043,0.0437251441180706,0.14057786762714386,0.01872476562857628,103236.828125,42421.0859375,60815.74609375,103154.2421875,42343.2890625,60810.953125,0.0007999658701010048,0.0018339199014008045,7.881131023168564e-05,0.07999658701010048,4.862924221903086,1.6190932759642602,4.495116864331067,1.5963058242201806,1.8784768313169482,3.3210099403560163,2.022976326942444,65.15433116877452,65.15433116877452,greedy,2.022976326942444,0.0,hard_fault_cluster
31,N18771,control0,0.5525847673416138,1.8373625410720706,2.9149383187294005,0.5525847673416138,0.49096250534057617,1.7149699850007893,2.7852804780006406,0.0049096250534057615,0.024118512868881226,-0.016193903982639313,-0.016193903982639313,0.5652424725890159,0.042802128940820694,0.13586512207984924,0.018483519554138184,103153.71875,42342.7578125,60810.96484375,102953.640625,42209.3359375,60744.30859375,0.0019396113930270076,0.0031509962864220142,0.0010961221996694803,0.19396113930270076,4.754981495440006,1.5240610621869564,4.398905044421554,1.4769199512898923,1.7138424456119536,3.2139975896477697,1.8373625410720706,66.99169370984659,66.99169370984659,greedy,1.8373625410720706,0.0,hard_fault_cluster
32,N18496,control1,0.3904481828212738,1.7730491173453629,1.692385911941528,0.3904481828212738,0.45512932538986206,1.3239646163769065,1.2544969439506528,0.0045512932538986205,0.023694992065429688,-0.016899576410651207,-0.016899576410651207,0.35471904829144474,0.04004215449094772,0.12940722703933716,0.014074184000492096,102954.140625,42205.640625,60748.49609375,103361.328125,42303.17578125,61058.1484375,-0.003955037798732519,-0.0023109507746994495,-0.005097283981740475,-0.3955037798732519,4.442445198073983,1.2309460995346306,4.113772886339575,1.2073879895359276,1.435399417579174,1.559113592877984,1.7730491173453629,68.76474282719195,68.76474282719195,greedy,1.7730491173453629,0.0,hard_fault_cluster
33,N13589,observe,0.26181238889694214,1.6111564621329308,1.5887305557727813,0.26181238889694214,0.4181968569755554,0.8233415573835372,0.7653842628002167,0.004181968569755554,0.035816699266433716,-0.03366269916296005,-0.03366269916296005,-1.5235248604416847,0.0407339408993721,0.1252116560935974,0.012959513813257217,103361.671875,42307.5703125,61054.10546875,103797.671875,42549.671875,61247.99609375,-0.0042181978933513165,-0.005722417030483484,-0.0031757180113345385,-0.42181978933513165,4.4579282477498055,1.353339397907257,4.169527629390359,1.3630162715911864,1.4788252621889113,1.1994599307328462,1.6111564621329308,70.37589928932488,70.37589928932488,greedy,1.6111564621329308,0.0,hard_fault_cluster
34,N13509,observe,0.18350888788700104,1.223878100514412,1.1693211913108825,0.18350888788700104,0.396725594997406,0.8666203871369362,0.8056012272834777,0.00396725594997406,0.044571518898010254,-0.03301365673542023,-0.03301365673542023,-1.1151708844304085,0.039288412779569626,0.1273573637008667,0.01177743449807167,103797.78125,42549.6875,61248.09375,104153.015625,42706.640625,61446.37890625,-0.0034223697148263454,-0.0036887021269649267,-0.0032374095171689987,-0.34223697148263454,4.292553216218948,1.3951190847158432,4.019769262522459,1.47888833463192,1.2834691524505617,1.079198650866747,1.223878100514412,71.59977738983929,71.59977738983929,greedy,1.223878100514412,0.0,hard_fault_cluster
35,N15365,control1,0.03288104012608528,1.0974460661411285,1.1302241325378417,0.03288104012608528,0.37560540437698364,0.904432301223278,0.9069680035114287,0.0037560540437698363,0.03099226951599121,-0.02751578576862812,-0.02751578576862812,-0.9843895462155343,0.03557918220758438,0.11763282120227814,0.008666060864925385,104154.21875,42706.48046875,61447.7421875,104702.75,43047.54296875,61655.203125,-0.005266529507935047,-0.007986200042068958,-0.0033762173261493444,-0.5266529507935047,3.9060078393667936,1.2623302930593492,3.644940625410527,1.253626953959465,1.1684008285403253,1.038578231558204,1.0974460661411285,72.69722345598042,72.69722345598042,greedy,1.0974460661411285,0.0,hard_fault_cluster
36,N13605,observe,0.038856226950883865,0.9245692595839503,1.1570162951946257,0.038856226950883865,0.35752958059310913,0.5959899157285691,0.8052003145217894,0.0035752958059310914,0.04018336534500122,-0.03200427442789078,-0.03200427442789078,-2.7236247792840005,0.0355607271194458,0.1185527890920639,0.008192840963602066,104701.546875,43047.66796875,61653.875,104897.9609375,43070.46875,61827.4921875,-0.0018759423401206732,-0.0005296635790728033,-0.002815997926518321,-0.18759423401206732,3.8815980181097984,1.1466330885887146,3.6374540384858847,1.185631227493286,1.2714472442865372,1.062458321750164,0.9245692595839503,73.62179271556437,73.62179271556437,greedy,0.9245692595839503,0.0,hard_fault_cluster
37,N19351,control1,-0.06199343129992485,0.9343196958303452,0.9132458627223967,-0.06199343129992485,0.34707027673721313,0.8827284798026084,0.8747009515762328,0.0034707027673721315,0.025961369276046753,-0.02669527940452099,-0.02669527940452099,-0.8564517948031426,0.033417023718357086,0.11444573104381561,0.007714748382568359,104897.1484375,43069.515625,61827.6328125,105052.046875,43255.7265625,61796.31640625,-0.0014766696840524673,-0.004323497414588928,0.0005065114819444716,-0.14766696840524673,3.6620773691684008,0.9723995512723923,3.4217961211688817,0.9552128142118455,1.0536108300089837,0.9389584682136776,0.9343196958303452,74.55611241139471,74.55611241139471,greedy,0.9343196958303452,0.0,hard_fault_cluster
38,N9512,control1,0.10066645592451096,1.0833843976259232,1.1553056836128235,0.10066645592451096,0.3211323618888855,0.593846344947815,0.6295354068279266,0.003211323618888855,0.024188339710235596,-0.021376946941018105,-0.021376946941018105,-0.10533617556095126,0.03183400630950928,0.11649507284164429,0.006557781249284744,105054.1484375,43256.78125,61797.3671875,105215.9453125,43208.625,62007.3203125,-0.0015401283744722605,0.001113264705054462,-0.0033974444959312677,-0.15401283744722605,3.483156045898795,1.1406022882461548,3.2583394846878946,1.183819649219513,0.972440767288208,0.9902606938779355,1.0833843976259232,75.63949680902063,75.63949680902063,greedy,1.0833843976259232,0.0,hard_fault_cluster
39,N7639,observe,-0.007164399139583111,1.2786014445126057,0.9761695861816405,-0.007164399139583111,0.31476521492004395,1.2178443692624568,0.9275505363941192,0.0031476521492004392,0.013690143823623657,-0.019619276747107506,-0.019619276747107506,0.2801417478919029,0.03083103895187378,0.11153677105903625,0.006749626249074936,105215.015625,43208.796875,62006.22265625,105109.015625,43290.171875,61818.84765625,0.001007460756227374,-0.0018832971109077334,0.0030218742322176695,0.10074607562273741,3.3782498333603144,1.4873025670647622,3.156890379730612,1.4899431481957435,1.256438522040844,1.0194322197884322,1.2786014445126057,76.91809825353323,76.91809825353323,greedy,1.2786014445126057,0.0,hard_fault_cluster
40,N13493,observe,0.048196662217378616,1.2644837573170662,1.3143085002899169,0.048196662217378616,0.305081844329834,0.7727472066879273,0.789575570821762,0.0030508184432983397,0.012147575616836548,-0.027031658217310905,-0.027031658217310905,-1.137438912689686,0.030518461018800735,0.10435202717781067,0.007181301712989807,105108.6484375,43289.96875,61818.6796875,104932.1796875,43202.77734375,61729.40234375,0.001678917557001114,0.0020141249988228083,0.00144418072886765,0.1678917557001114,3.3298962879925966,1.437979123592377,3.1213586484082043,1.4622930264472962,1.3746267646551131,1.1323191029578448,1.2644837573170662,78.1825820108503,78.1825820108503,greedy,1.2644837573170662,0.0,hard_fault_cluster
41,N13541,observe,0.07802941650152206,1.5300046384334565,1.335420489311218,0.07802941650152206,0.3062356114387512,1.2380819901823996,1.0329589068889617,0.003062356114387512,0.009340137243270874,-0.025051390752196312,-0.025051390752196312,-0.2736427274346352,0.030046921223402023,0.10446114838123322,0.007628370076417923,104932.109375,43202.7109375,61729.39453125,104787.53125,43164.79296875,61622.73828125,0.0013778253924101591,0.000877675658557564,0.0017278032610192895,0.1377825392410159,3.2858763430267572,1.689171811938286,3.074988177511841,1.7454100102186203,1.536103291809559,1.2345447970926762,1.5300046384334565,79.71258664928375,79.71258664928375,greedy,1.5300046384334565,0.0,hard_fault_cluster
42,N13573,observe,0.06333743780851364,1.5833123832941056,1.2562368273735045,0.06333743780851364,0.3055869936943054,1.3799612939357757,1.044111043214798,0.003055869936943054,0.0037048161029815674,-0.022230548784136772,-0.022230548784136772,0.3399186980724334,0.029934197664260864,0.10504555702209473,0.007785189896821976,104787.5546875,43164.796875,61622.7578125,104675.0625,43160.953125,61514.11328125,0.001073526218533516,8.904825517674908e-05,0.0017630585934966803,0.10735262185335159,3.276776211336255,1.7010066124796868,3.0642588776536286,1.7427354547381402,1.499476146697998,1.1989024156332015,1.5833123832941056,81.29589903257785,81.29589903257785,greedy,1.5833123832941056,0.0,hard_fault_cluster
43,N13208,observe,0.06163712218403816,1.7544361867010594,1.3484045803546905,0.06163712218403816,0.3054625391960144,1.4982138492166996,1.0831738650798797,0.003054625391960144,0.0002428293228149414,-0.0207864698022604,-0.0207864698022604,0.4403000946342945,0.03022182732820511,0.10480327904224396,0.008167874068021774,104674.8671875,43160.6328125,61514.234375,104524.453125,43120.75390625,61403.703125,0.0014369644923135638,0.0009239648352377117,0.0017968402244150639,0.14369644923135638,3.306858802214265,1.8462220223993064,3.0933517501689494,1.8576995166391135,1.6012276828289034,1.2779534963518382,1.7544361867010594,83.0503352192789,83.0503352192789,greedy,1.7544361867010594,0.0,hard_fault_cluster
44,N13187,observe,0.03448416665196419,1.8292645797133444,1.3767916858196259,0.03448416665196419,0.30339640378952026,1.533438655734062,1.0682168304920197,0.0030339640378952027,-0.0019802749156951904,-0.01964312233030796,-0.01964312233030796,0.5574571427702903,0.030208133161067963,0.10418352484703064,0.008333466947078705,104524.484375,43120.78125,61403.703125,104404.625,43110.296875,61294.328125,0.0011467109434306622,0.0002431397297186777,0.0017812444129958749,0.11467109434306622,3.3045665975660086,1.8067992770671844,3.0917516364715993,1.8288128101825714,1.6047071397304535,1.2804492519795894,1.8292645797133444,84.87959979899225,84.87959979899225,greedy,1.8292645797133444,0.0,hard_fault_cluster
45,N13186,observe,-0.0247257761657238,1.8890302151441571,1.4411632299423216,-0.0247257761657238,0.30062711238861084,1.508235177397728,1.048369836807251,0.0030062711238861084,-0.00611230731010437,-0.018145611509680748,-0.018145611509680748,0.8087686133384704,0.02985117956995964,0.10318759083747864,0.008046545088291168,104404.640625,43110.30859375,61294.33203125,104265.75,43091.6015625,61174.1484375,0.0013303108280524611,0.00043393406667746603,0.001960761845111847,0.13303108280524611,3.267599457874894,1.805481457710266,3.0557383322156966,1.8147733807563782,1.5996825069189071,1.2779577331990004,1.8890302151441571,86.7686300141364,86.7686300141364,greedy,1.8890302151441571,0.0,hard_fault_cluster
46,N12782,control0,0.11879225820302963,2.144483947753906,3.391589331626892,0.11879225820302963,0.29698437452316284,1.4160558030009271,2.636820638179779,0.0029698437452316284,-0.018875449895858765,-0.01987549103796482,-0.01987549103796482,0.05864135950803756,0.030146963894367218,0.09576426446437836,0.010060973465442657,104265.2734375,43090.9921875,61174.28125,104150.578125,43035.375,61115.203125,0.0011000336380675435,0.0012906917836517096,0.0009657346527092159,0.11000336380675435,3.29180527292192,1.8823323917388917,3.0839736103080213,1.923373730182648,1.802995778620243,3.2719472561031577,2.144483947753906,88.91311396189032,88.91311396189032,greedy,2.144483947753906,0.0,hard_fault_cluster
47,N12791,control0,0.22636500000953674,2.004929780960083,3.437808012962341,0.22636500000953674,0.2961229085922241,1.1251712962985039,2.5318991780281066,0.0029612290859222412,-0.018804043531417847,-0.022806795313954353,-0.022806795313954353,-0.5717901530861855,0.028749976307153702,0.08909080922603607,0.010721590369939804,104150.984375,43035.5859375,61115.40234375,103951.703125,42832.63671875,61119.0703125,0.0019133880268782377,0.004715846385806799,-6.0017093346687034e-05,0.19133880268782377,3.14831374399364,1.2322616201639176,2.9433266590349376,1.235418902039528,1.6890503004193307,3.1978826952725647,2.004929780960083,90.9180437428504,90.9180437428504,greedy,2.004929780960083,0.0,hard_fault_cluster
48,N14731,control1,0.14519239962100983,1.743488247320056,1.9162226915359497,0.14519239962100983,0.29186391830444336,1.1001938571408392,0.8307756721973418,0.0029186391830444336,-0.0024055540561676025,-0.024272719398140907,-0.024272719398140907,0.43956576302647593,0.0285811647772789,0.09648539125919342,0.008062466979026794,103951.53125,42832.62109375,61118.90625,103589.3125,42634.44921875,60954.859375,0.0034844966139644384,0.00462665781378746,0.002684060949832201,0.34844966139644384,3.1257076766341925,1.396574170216918,2.9250142774544656,1.412743706330657,1.4727356612682343,1.6938391327112914,1.743488247320056,92.66153199017046,92.66153199017046,greedy,1.743488247320056,0.0,hard_fault_cluster
49,N12824,control0,0.23904134333133698,2.3266407757997514,3.7809523820877073,0.23904134333133698,0.2905048727989197,1.1448202058672905,2.564410352706909,0.0029050487279891966,-0.02160245180130005,-0.02760123647749424,-0.02760123647749424,-2.4851388880610465,0.027343031018972397,0.08572036027908325,0.009335316717624664,103589.6015625,42634.5,60955.1015625,103839.90625,42701.06640625,61138.84375,-0.0024163108319044113,-0.0015613272553309798,-0.00301438570022583,-0.24163108319044113,2.997206738218665,1.224410632252693,2.800029010977596,1.2439098626375198,1.9073515310883522,3.3397784952074288,2.3266407757997514,94.9881727659702,94.9881727659702,greedy,2.3266407757997514,0.0,hard_fault_cluster
50,N12866,control0,0.37956467270851135,2.4510023623704913,3.7597043991088865,0.37956467270851135,0.29231518507003784,1.2934147506952285,2.5385204076766965,0.0029231518507003783,-0.023100227117538452,-0.030297884717583656,-0.030297884717583656,-0.4603826975822449,0.027363814413547516,0.08330179750919342,0.009373564273118973,103840.53125,42701.5078125,61139.0234375,103557.3203125,42490.8046875,61066.515625,0.0027273641899228096,0.004934325348585844,0.001185949775390327,0.27273641899228096,2.9983987417072058,1.5810455751419068,2.801885766442865,1.612055881023407,2.070964276790619,3.446126779913902,2.4510023623704913,97.4391751283407,97.4391751283407,greedy,2.4510023623704913,0.0,hard_fault_cluster
51,N12863,control0,0.3543896973133087,1.8175236776471138,3.2371298551559446,0.3543896973133087,0.28795140981674194,1.0166276693344116,2.268859201669693,0.0028795140981674196,-0.0292491614818573,-0.032631948590278625,-0.032631948590278625,-0.6772860625386239,0.02560097724199295,0.07724551856517792,0.008443892002105713,103557.140625,42490.69140625,61066.453125,103569.46875,42344.65234375,61224.8203125,-0.0001190465918625705,0.00343696610070765,-0.0025933582801371813,-0.01190465918625705,2.8154171854257584,1.179064141511917,2.623927589505911,1.158029829263687,1.6169356137514113,3.1037393684685233,1.8175236776471138,99.25669880598781,99.25669880598781,greedy,1.8175236776471138,0.0,hard_fault_cluster
52,N12769,control0,0.5304543972015381,2.1695944517850876,3.361172246932983,0.5304543972015381,0.29541170597076416,1.4507429614663125,2.558404123783111,0.0029541170597076416,-0.020735055208206177,-0.033280231058597565,-0.033280231058597565,-0.662752746641636,0.025014210492372513,0.08442753553390503,0.006117217242717743,103569.3125,42344.6328125,61224.6796875,102917.0859375,41977.6328125,60939.453125,0.006297488696873188,0.00866697821766138,0.004658685997128487,0.6297488696873188,2.763552524149418,1.2961210165917874,2.566953917965293,1.2979331766068936,2.1466450154781342,3.495319260060787,2.1695944517850876,101.4262932577729,101.4262932577729,greedy,2.1695944517850876,0.0,hard_fault_cluster
53,N12830,control0,0.6078630089759827,2.3107076279819014,3.4140079021453857,0.6078630089759827,0.2950431704521179,1.4701940337568522,2.5327989816665646,0.002950431704521179,-0.00934898853302002,-0.027059854939579964,-0.027059854939579964,0.3086787378787994,0.022457413375377655,0.08368344604969025,0.004570093005895615,102917.015625,41977.609375,60939.40625,102855.515625,41872.88671875,60982.625,0.0005975688109174371,0.002494726562872529,-0.0007092086016200483,0.05975688109174371,2.5137246530503035,1.37438921995461,2.3127371664159,1.3545825964957476,1.9764395594596862,3.384685713648796,2.3107076279819014,103.7370008857548,103.7370008857548,greedy,2.3107076279819014,0.0,hard_fault_cluster
54,N18004,control0,0.1492253839969635,1.0300490997731686,2.443673026561737,0.1492253839969635,0.28931576013565063,1.0532363213598728,2.47027547955513,0.002893157601356506,-0.010206401348114014,-0.02532641403377056,-0.02532641403377056,0.10615729600191115,0.020137108862400055,0.08687137067317963,0.002643577754497528,102856.125,41873.63671875,60982.4921875,103643.2265625,42164.96875,61478.2578125,-0.00765245221555233,-0.0069574094377458096,-0.008129638619720936,-0.765245221555233,2.2777002323418856,0.9803307515382768,2.0797082227654755,0.9835974675416947,1.0679392129182816,2.7941604883968827,1.0300490997731686,104.76704998552796,104.76704998552796,greedy,1.0300490997731686,0.0,hard_fault_cluster
55,N12821,control0,0.4090309739112854,3.3562431037425995,4.322624826431274,0.4090309739112854,0.2923540472984314,1.923576685786247,2.8405710458755493,0.002923540472984314,-0.014295309782028198,-0.02520512230694294,-0.02520512230694294,0.02934642612934113,0.020528260618448257,0.08791252970695496,0.002195104956626892,103642.6015625,42164.2109375,61478.390625,103387.2890625,42011.8515625,61375.4375,0.0024633933790028095,0.003613476175814867,0.0016746229957789183,0.24633933790028095,2.319974986836314,1.5331079858541488,2.119613293092698,1.5337089198827742,2.5386818021535875,3.7501431713998317,3.3562431037425995,108.12329308927056,108.12329308927056,greedy,3.3562431037425995,0.0,hard_fault_cluster
56,N12812,control0,0.5087031722068787,2.6213407948613168,3.6499800920486445,0.5087031722068787,0.29512494802474976,1.892255635559559,2.8872192263603207,0.0029512494802474976,-0.014631420373916626,-0.024897871538996696,-0.024897871538996696,0.06385848045349107,0.019250966608524323,0.08809544146060944,0.0008371621370315552,103387.28125,42011.8359375,61375.4453125,103391.359375,41936.62109375,61454.7421875,-3.944513082387857e-05,0.0017903250409290195,-0.0012919966829940677,-0.003944513082387857,2.1953237373381853,1.3763437908887863,1.9926534299738705,1.3666230481863022,2.273483198881149,3.5777640792727468,2.6213407948613168,110.74463388413187,110.74463388413187,greedy,2.6213407948613168,0.0,hard_fault_cluster
57,N12809,control0,0.5702066421508789,3.043507318198681,3.9558235406875606,0.5702066421508789,0.29585349559783936,1.9266017211973665,2.7894099116325375,0.0029585349559783937,-0.007818549871444702,-0.022039666771888733,-0.022039666771888733,0.627361557483673,0.01785234734416008,0.08758153021335602,-0.000109843909740448,103391.359375,41936.609375,61454.74609375,103510.5859375,41899.28515625,61611.30078125,-0.001153157907538116,0.0008900151588022709,-0.00254747923463583,-0.1153157907538116,2.0590485632419586,1.5287526366114617,1.8536881916224957,1.5157230612635613,2.418055409193039,3.6717360159754753,3.043507318198681,113.78814120233055,113.78814120233055,greedy,3.043507318198681,0.0,hard_fault_cluster
58,N12847,control0,0.602691650390625,2.8606642834842204,3.8312744617462156,0.602691650390625,0.29597312211990356,1.8136866293102503,2.7334659576416014,0.002959731221199036,-0.003991037607192993,-0.021054573357105255,-0.021054573357105255,0.7254326874017715,0.016947653144598007,0.08746357262134552,-0.0008985400199890137,103510.59375,41899.2734375,61611.3203125,103670.703125,41892.453125,61778.25,-0.001546792103908956,0.00016277877148240805,-0.002709399675950408,-0.1546792103908956,1.969683863222599,1.453233932107687,1.7634949516505003,1.4022380457818509,2.299906229972839,3.594939049482345,2.8606642834842204,116.64880548581478,116.64880548581478,greedy,2.8606642834842204,0.0,hard_fault_cluster
59,N12836,control0,0.6217530965805054,2.9022219089791177,3.81103401184082,0.6217530965805054,0.2979530096054077,1.8776519586332143,2.7504466533660885,0.0029795300960540772,-0.005076408386230469,-0.019309502094984055,-0.019309502094984055,0.832043468952179,0.015673290938138962,0.08703987300395966,-0.0020483508706092834,103670.671875,41892.43359375,61778.23828125,103817.484375,41900.3671875,61917.11328125,-0.0014161430299282074,-0.0001893801090773195,-0.002247959841042757,-0.14161430299282074,1.8459726013243198,1.4202794982492923,1.636989970691502,1.3567081047594547,2.3056901216506955,3.598698579072952,2.9022219089791177,119.55102739479389,119.55102739479389,greedy,2.9022219089791177,0.0,hard_fault_cluster
60,N12806,control0,0.6443194150924683,2.8858912318944934,3.747708797454834,0.6443194150924683,0.298517107963562,1.8229707852005959,2.676607096195221,0.00298517107963562,-0.0074517130851745605,-0.013663111254572868,-0.013663111254572868,1.710896269083023,0.01486259326338768,0.08724214136600494,-0.003112979233264923,103817.46875,41900.359375,61917.109375,103918.828125,41910.8125,62008.015625,-0.0009763229172676802,-0.00024947579368017614,-0.0014681927859783173,-0.09763229172676802,1.7711133230477571,1.482077839076519,1.5574728255160153,1.4154320380091667,2.265464073419571,3.523766840398312,2.8858912318944934,122.43691862668838,122.43691862668838,greedy,2.8858912318944934,0.0,hard_fault_cluster
61,N12803,control0,0.6560570001602173,2.820317708700895,3.6962435007095333,0.6560570001602173,0.2995709180831909,1.7882947894185781,2.657228064537048,0.0029957091808319094,-0.008743315935134888,-0.012369994074106216,-0.012369994074106216,1.6613327834010123,0.013989627361297607,0.08665473759174347,-0.0040163397789001465,103918.8203125,41910.8046875,62008.015625,103982.9375,41924.0625,62058.875,-0.0006169929984025657,-0.0003163339861202985,-0.0008202064782381058,-0.06169929984025657,1.6861636601388454,1.431975869089365,1.470762967132032,1.377722767740488,2.2241994619369505,3.41521272778511,2.820317708700895,125.25723633538928,125.25723633538928,greedy,2.820317708700895,0.0,hard_fault_cluster
62,N12797,control0,0.6653304100036621,2.814630898088217,3.701056861877441,0.6653304100036621,0.30024296045303345,1.7521890886873006,2.6341430902481076,0.0030024296045303347,-0.010032683610916138,-0.011088026687502861,-0.011088026687502861,1.5375608280301094,0.01319953054189682,0.08615267276763916,-0.00475098192691803,103982.8984375,41924.015625,62058.8828125,104027.125,41942.97265625,62084.15625,-0.0004253253573551774,-0.0004521759401541203,-0.0004072493175044656,-0.04253253573551774,1.6091079879552126,1.3445919917523859,1.3922417876310647,1.3322221802175043,2.202933192253113,3.347715151309967,2.814630898088217,128.0718672334775,128.0718672334775,greedy,2.814630898088217,0.0,hard_fault_cluster
63,N12794,control0,0.6740818023681641,2.738427222520113,3.730528330802917,0.6740818023681641,0.30111998319625854,1.6536187448352575,2.6187674045562743,0.0030111998319625856,-0.006968021392822266,-0.01575641520321369,-0.01575641520321369,0.9905445593595504,0.011937573552131653,0.08186906576156616,-0.0048418790102005005,104027.140625,41942.98046875,62084.1640625,104056.0,41965.6328125,62090.36328125,-0.0002774215827230364,-0.0005400747177191079,-9.985185170080513e-05,-0.02774215827230364,1.4791209232062101,1.1679926209151745,1.2650982472114265,1.1583968095481396,2.134042835235596,3.2113410943746565,2.738427222520113,130.8102944559976,130.8102944559976,greedy,2.738427222520113,0.0,hard_fault_cluster
64,N12765,control0,0.6817836761474609,2.8861312409862876,3.8706116437911984,0.6817836761474609,0.30203282833099365,1.5863425774313509,2.557858633995056,0.0030203282833099363,-0.007439464330673218,-0.015104532241821289,-0.015104532241821289,1.0321283093094826,0.011201158165931702,0.0811377614736557,-0.005528301000595093,104056.046875,41965.65625,62090.390625,104071.859375,41987.51171875,62084.34375,-0.0001519613724667579,-0.0005207941867411137,9.73882561083883e-05,-0.01519613724667579,1.4070441126823425,1.198692521005869,1.1918478906154633,1.1898733581602574,2.1515824794769287,3.2340309071121736,2.8861312409862876,133.69642569698388,133.69642569698388,greedy,2.8861312409862876,0.0,hard_fault_cluster
65,N3777,observe,0.47383105754852295,1.2022781856096116,1.107966822385788,0.47383105754852295,0.302359402179718,1.0101369764262929,0.9692849338054657,0.00302359402179718,0.006479054689407349,-0.030147192999720573,-0.030147192999720573,0.11763463055220197,0.012552961707115173,0.08683054149150848,-0.006448172032833099,104072.5390625,41988.3671875,62084.171875,105323.34375,42592.0625,62731.28515625,-0.012018585577607155,-0.01437767967581749,-0.010423160158097744,-1.2018585577607155,1.5275083798915148,1.0119564382469979,1.3233492230065167,1.0380400626099435,1.1579714569539648,1.000859596258306,1.2022781856096116,134.89870388259348,134.89870388259348,greedy,1.2022781856096116,0.0,hard_fault_cluster
66,N13984,observe,0.569942831993103,5.4319850906729705,5.999999999999999,0.569942831993103,0.29697465896606445,2.010274343639612,2.6228233218193053,0.0029697465896606446,0.0026020705699920654,-0.028762025758624077,-0.028762025758624077,0.837184858471155,0.01660143956542015,0.09149815142154694,-0.004814773797988892,105322.3203125,42590.86328125,62731.45703125,105456.46875,42840.65234375,62615.81640625,-0.0012736943317577243,-0.005864850711077452,0.0018434232333675027,-0.12736943317577243,1.9283565897494555,2.560900494549424,1.7271971148438752,2.636638924572617,3.412076109647751,4.317849471271038,5.4319850906729705,140.33068897326646,140.33068897326646,greedy,5.4319850906729705,0.0,hard_fault_cluster
67,N2858,control1,0.4387483298778534,3.7589868925511842,4.759059095382691,0.4387483298778534,0.2685757279396057,0.8382635563611984,0.42853589355945587,0.002685757279396057,-0.006766587495803833,-0.030192570760846138,-0.030192570760846138,0.2647643123567104,0.020299937576055527,0.07675330340862274,-0.0017558857798576355,105438.15625,42816.32421875,62621.828125,105158.671875,42702.234375,62456.43359375,0.0026506949216127396,0.002664634259417653,0.002641164232045412,0.26506949216127396,2.2683769147843122,2.612277393490076,2.0895895469002426,2.4661574412882326,2.4832469418644907,2.6989054810255766,3.7589868925511842,144.08967586581764,144.08967586581764,greedy,3.7589868925511842,0.0,hard_fault_cluster
68,N13988,observe,0.5975226759910583,2.103898157179356,3.3992021560668944,0.5975226759910583,0.2770933508872986,1.1921216703951358,2.4589591324329376,0.002770933508872986,0.002104729413986206,-0.028192875906825066,-0.028192875906825066,0.06002388402819636,0.023585688322782516,0.0878957211971283,-0.000503242015838623,105175.546875,42726.21875,62449.33203125,105944.3515625,43310.828125,62633.5234375,-0.007309728302061558,-0.013682684861123562,-0.0029494536574929953,-0.7309728302061558,2.607469307258725,1.730827274620533,2.42079395102337,1.6725192692875863,1.5942895896732807,2.9286577405408023,2.103898157179356,146.19357402299698,146.19357402299698,greedy,2.103898157179356,0.0,hard_fault_cluster
69,N19512,observe,0.44542214274406433,2.4901506572961805,3.652278709411621,0.44542214274406433,0.27565497159957886,1.411438013613224,2.5434481739997863,0.0027565497159957888,-0.007130831480026245,-0.02124391309916973,-0.02124391309916973,0.6506246951222419,0.022536687552928925,0.09075459837913513,-0.0010353699326515198,105944.9921875,43311.859375,62633.1328125,106059.34375,43305.05859375,62754.28125,-0.0010793484980240464,0.00015701891970820725,-0.0019342547748237848,-0.10793484980240464,2.5080798137933016,1.4972079860419034,2.3172715199179947,1.4845729934424161,1.8075805976986885,3.0404675386846067,2.4901506572961805,148.68372468029315,148.68372468029315,greedy,2.4901506572961805,0.0,hard_fault_cluster
70,N2231,control1,0.35459423065185547,2.8525912716984747,3.7764787673950195,0.35459423065185547,0.2748837471008301,1.454720085710287,1.3673124313354492,0.0027488374710083006,-0.013302028179168701,-0.01916307397186756,-0.01916307397186756,0.6047161319851875,0.02275240793824196,0.09146369993686676,-0.0011932775378227234,106059.71875,43300.32421875,62759.3984375,106105.7265625,43330.734375,62774.9921875,-0.00043379157432354987,-0.0007023077923804522,-0.0002484687720425427,-0.04337915743235499,2.5309614669531584,1.6333330405130981,2.3391709621064365,1.6406267416849731,1.9902606785297394,2.4205856092274187,2.8525912716984747,151.53631595199164,151.53631595199164,greedy,2.8525912716984747,0.0,hard_fault_cluster
71,N14004,observe,0.4196617007255554,4.591700907051564,5.421689033508301,0.4196617007255554,0.2723385691642761,1.5436672451347113,2.422195690870285,0.0027233856916427613,-0.008367061614990234,-0.015549542382359505,-0.015549542382359505,0.8891649518907069,0.02368806302547455,0.09800231456756592,-0.0004418119788169861,106105.328125,43334.81640625,62770.51171875,106576.28125,43623.5546875,62952.73046875,-0.004438543692231178,-0.006662962958216667,-0.002902935491874814,-0.44385436922311783,2.6255953293293715,1.9923283154517413,2.433003559242934,2.039666205123067,2.6943888790905475,3.6354888052120806,4.591700907051564,156.1280168590432,156.1280168590432,greedy,4.591700907051564,0.0,hard_fault_cluster
72,N27363,control1,0.2575240433216095,3.3708393990993497,2.965069580078125,0.2575240433216095,0.27468979358673096,1.7208520961552858,1.2775679111480711,0.0027468979358673097,-0.017689824104309082,-0.01380966417491436,-0.01380966417491436,0.7403590147197247,0.023884233087301254,0.09688656032085419,-0.00019641220569610596,106574.5625,43622.640625,62951.92578125,106836.5625,43817.7890625,63018.7734375,-0.002458372851833701,-0.004473558627068996,-0.0010618842206895351,-0.2458372851833701,2.649303438141942,1.840816246420145,2.4536433410830796,1.8545211423933505,2.264308872073889,2.022477894265321,3.3708393990993497,159.49885625814255,159.49885625814255,greedy,3.3708393990993497,0.0,hard_fault_cluster
73,N13525,observe,0.10064580291509628,2.2330030888319015,3.419933772087097,0.10064580291509628,0.27189546823501587,1.288420692756772,2.465121072530746,0.0027189546823501586,-0.021216630935668945,-0.0077804084867239,-0.0077804084867239,0.896370031684637,0.022901635617017746,0.09496822953224182,-0.0004035457968711853,106838.1015625,43819.546875,63018.5546875,107041.34375,43981.98828125,63059.3515625,-0.0019023381173610687,-0.003707053605467081,-0.0006473787943832576,-0.19023381173610687,2.5542786214500666,1.211229430064559,2.3561923266388476,1.2003885968774557,1.5311422593891622,2.8489449500665067,2.2330030888319015,161.73185934697446,161.73185934697446,greedy,2.2330030888319015,0.0,hard_fault_cluster
74,N26513,control1,0.12712839245796204,2.375698605924845,1.9578733921051026,0.12712839245796204,0.27981168031692505,1.7126900993287564,1.4469591856002806,0.0027981168031692505,-0.026286274194717407,-0.010561062023043633,-0.010561062023043633,0.4589230781048536,0.02383589744567871,0.09732641279697418,0.00015323609113693237,107039.171875,43979.5390625,63059.6328125,107053.6875,44011.8515625,63041.83203125,-0.00013561040395870805,-0.0007347166538238525,0.0002822848910000175,-0.013561040395870805,2.6528403628617525,1.5133235531952232,2.4509023991413414,1.5112625437881797,1.9063783958554268,1.5885061398521065,2.375698605924845,164.1075579528993,164.1075579528993,greedy,2.375698605924845,0.0,hard_fault_cluster
75,N13557,observe,0.10340892523527145,3.136092855781317,4.5305763483047485,0.10340892523527145,0.2452504187822342,0.07425726532936094,-1.0066260546445847,0.0024525041878223418,0.0540008544921875,-0.01721423678100109,-0.01721423678100109,-0.14423213735222823,0.022497791796922684,0.097458615899086,0.00024347007274627686,107055.703125,44014.25390625,63041.4453125,107179.1328125,44142.4609375,63036.671875,-0.0011529482435435057,-0.0029128524474799633,7.57190355216153e-05,-0.11529482435435057,2.4778153616935015,1.1310238575935365,2.3067882251925766,1.16321763753891,1.695423950254917,1.9003785625007006,3.136092855781317,167.24365080868063,167.24365080868063,greedy,3.136092855781317,0.0,hard_fault_cluster
76,N7871,control1,0.01820496842265129,0.885468104481697,1.3371093451976777,0.01820496842265129,0.09745228290557861,-5.215642546266317,-4.214124722778797,0.0009745228290557862,-0.07340019941329956,0.09707289189100266,0.09707289189100266,4.354370579570532,0.008534528315067291,0.022876769304275513,-0.0015567690134048462,107176.65625,44138.34765625,63038.3046875,106857.3046875,43883.796875,62973.5078125,0.0029796746093779802,0.005767111666500568,0.0010278968838974833,0.297967460937798,1.0479780063033104,-1.0658932544291022,0.9020841252058744,-0.9886446811258794,-1.6173449397087094,-0.9216914054378866,0.885468104481697,168.12911891316233,168.12911891316233,greedy,0.885468104481697,0.0,hard_fault_cluster
77,N26504,control1,0.18498684465885162,2.713908768258989,2.3285548985004425,0.18498684465885162,0.13524965941905975,1.1719827962853016,0.8420595347881317,0.0013524965941905975,-0.06964471936225891,0.09222274273633957,0.09222274273633957,2.039835302233696,0.01610558107495308,0.031233906745910645,0.0024085678160190582,106857.8203125,43885.5,62972.3203125,106981.328125,44105.65625,62875.67578125,-0.0011558145051822066,-0.005016605835407972,0.0015347144799306989,-0.11558145051822066,1.8380305096507072,1.3154531697928906,1.6674262080341578,1.290818748921156,1.7020321264863014,1.5756041979044675,2.713908768258989,170.84302768142132,170.84302768142132,greedy,2.713908768258989,0.0,hard_fault_cluster
78,N26511,control1,0.2021457403898239,1.3331168657168746,1.9563900232315063,0.2021457403898239,0.14425422251224518,0.7446444028057158,1.0387338161468507,0.0014425422251224517,-0.06610912084579468,0.08420121669769287,0.08420121669769287,1.0310328075289725,0.01888422667980194,0.039652980864048004,0.003065168857574463,106981.484375,44105.875,62875.61328125,107230.8125,44246.8359375,62983.98046875,-0.0023305725771933794,-0.0031959672924131155,-0.0017235169652849436,-0.23305725771933794,2.116878107190132,0.9654177661240101,1.9455365277826786,0.9654177661240101,0.9685204386711121,1.5718564042448997,1.3331168657168746,172.1761445471382,172.1761445471382,greedy,1.3331168657168746,0.0,hard_fault_cluster
79,N27346,control1,0.21873866021633148,1.396938966959715,2.624175107479095,0.21873866021633148,0.18510456383228302,0.4927525467425584,1.104351732134819,0.0018510456383228303,-0.020784765481948853,0.03609634190797806,0.03609634190797806,0.703210868537426,0.018849890679121017,0.05102168768644333,0.004496052861213684,107230.484375,44246.5078125,62983.9765625,107469.6875,44353.0859375,63116.60546875,-0.0022307380568236113,-0.0024087352212518454,-0.0021057561971247196,-0.22307380568236113,2.106189973652363,0.9562752137333155,1.940289294347167,0.9562752137333155,0.9692991420626641,1.6310090806335211,1.396938966959715,173.5730835140979,173.5730835140979,greedy,1.396938966959715,0.0,hard_fault_cluster
80,N12615,observe,0.2230079025030136,0.6408204975187346,0.7422085881233215,0.2230079025030136,0.2060081511735916,0.6239311877577847,0.31299786567687987,0.0020600815117359163,0.17469796538352966,-0.014193503186106682,-0.014193503186106682,0.17196665914775167,0.01620083674788475,0.04010414332151413,0.01431237906217575,107471.796875,44355.56640625,63116.2265625,107910.65625,44312.296875,63598.36328125,-0.004083483945578337,0.0009755152277648449,-0.007638871204108,-0.40834839455783367,1.81189832277596,0.7174783511833903,1.6680373367853463,0.7129550739006755,0.691411325946342,0.5358145666701569,0.6408204975187346,174.21390401161665,174.21390401161665,greedy,0.6408204975187346,0.0,hard_fault_cluster
81,N19511,observe,0.27732017636299133,0.9915002148598432,2.4624976396560667,0.27732017636299133,0.21212421357631683,0.6378510985150934,2.084429448843002,0.0021212421357631682,0.17255675792694092,-0.010127900168299675,-0.010127900168299675,0.5843787810206413,0.016758516430854797,0.041710689663887024,0.015132997184991837,107910.5859375,44312.1796875,63598.40625,107378.75,44036.2578125,63342.49609375,0.004928487353026867,0.006226772908121347,0.004023845307528973,0.4928487353026867,1.877847956493497,1.2614127987623216,1.726350721437484,1.4198266381025315,1.0102892756462096,2.5693042604625225,0.9915002148598432,175.2054042264765,175.2054042264765,greedy,0.9915002148598432,0.0,hard_fault_cluster
82,N27347,control1,0.25443291664123535,0.9417375378310682,2.5491790294647214,0.25443291664123535,0.18759705126285553,0.3626146866381168,0.5785048574209213,0.0018759705126285553,0.2456798255443573,-0.009195061400532722,-0.009195061400532722,-0.19428357169032098,0.015361420810222626,0.023910656571388245,0.020150285214185715,107376.796875,44033.9765625,63342.8203125,107654.3671875,44285.453125,63368.9140625,-0.002585012000054121,-0.005710966419428587,-0.0004119448713026941,-0.2585012000054121,1.7145440708845854,0.7658816611766815,1.5807425784878433,0.8090757405757905,0.7474065348505975,1.760758556649089,0.9417375378310682,176.14714176430758,176.14714176430758,greedy,0.9417375378310682,0.0,hard_fault_cluster
83,N7916,observe,0.2674793303012848,1.565840231180191,2.548962652683258,0.2674793303012848,0.1443254053592682,-0.9908516146242621,-3.1732010722160338,0.0014432540535926819,-0.01645466685295105,0.05939498543739319,0.05939498543739319,5.0942837338149545,0.017321236431598663,0.045886360108852386,0.0032500550150871277,107655.75,44286.5078125,63369.2421875,107552.0078125,44246.2421875,63305.765625,0.0009636474424041808,0.0009092075051739812,0.0010016935411840677,0.09636474424041808,1.9358440339565277,1.7808834068477153,1.7830537408590317,1.9265252701938151,0.14059998393058779,0.5192727550864222,1.565840231180191,177.71298199548778,177.71298199548778,greedy,1.565840231180191,0.0,hard_fault_cluster
84,N18577,observe,0.29388922452926636,1.151472908258438,1.382661736011505,0.29388922452926636,0.24225826561450958,0.9989985391497612,1.6109417974948883,0.0024225826561450957,0.10099628567695618,-0.008602907881140709,-0.008602907881140709,0.2753463481366634,0.02063973993062973,0.061588600277900696,0.008985701948404312,107552.7421875,44247.5625,63305.1796875,107302.1484375,44031.4765625,63270.671875,0.0023299616295844316,0.0048835668712854385,0.0005451025208458304,0.23299616295844316,2.297629350796342,1.5621265321224929,2.1223878324963152,1.6089095144718886,1.2544538527727127,2.021044636517763,1.151472908258438,178.8644549037462,178.8644549037462,greedy,1.151472908258438,0.0,hard_fault_cluster
85,N27348,control1,0.2269442081451416,0.7847701892256737,1.5423088133335114,0.2269442081451416,0.20872502028942108,0.4487082786858082,0.4813408493995666,0.0020872502028942107,0.19474050402641296,0.0018903594464063644,0.0018903594464063644,0.28441000983119014,0.01647036522626877,0.034589096903800964,0.016587737947702408,107300.015625,44029.11328125,63270.90625,107705.96875,44313.54296875,63392.421875,-0.003783346386626363,-0.006460036616772413,-0.0019205608405172825,-0.3783346386626363,1.8576519023627043,0.8501542463898659,1.6996903675608337,0.845743890106678,0.6904436171054841,1.104523431956768,0.7847701892256737,179.64922509297188,179.64922509297188,greedy,0.7847701892256737,0.0,hard_fault_cluster
86,N16901,control0,0.3268043100833893,1.2591600714251399,1.175246775150299,0.3268043100833893,0.22439955174922943,0.8116574116237462,0.04781321287155155,0.002243995517492294,0.1708957850933075,0.0008156280964612961,0.0008156280964612961,0.3184133763465798,0.015075482428073883,0.03557680547237396,0.015314709395170212,107707.625,44315.51953125,63392.1015625,106939.203125,43868.71484375,63070.484375,0.00713433139026165,0.01008235290646553,0.005073458421975374,0.713433139026165,1.732763422653079,1.0070306406341114,1.563852037768811,0.9329544053397694,1.220104309916496,1.0888467173278331,1.2591600714251399,180.908385164397,180.908385164397,greedy,1.2591600714251399,0.0,hard_fault_cluster
87,N19206,control0,0.3512170612812042,1.6225288569927216,1.4009990870952604,0.3512170612812042,0.2147424966096878,1.2795341297984124,0.8992877110838889,0.002147424966096878,0.1918412744998932,-0.008889824151992798,-0.008889824151992798,0.20851675122976293,0.013062991201877594,0.017484284937381744,0.01768527552485466,106939.8203125,43869.28125,63070.5390625,107006.28125,43808.046875,63198.23828125,-0.0006214798195287585,0.0013958371710032225,-0.00202470482327044,-0.06214798195287585,1.5121517926454544,0.9239670914411545,1.3577622883021832,0.9146135729551316,1.4579180464148522,1.1014480158314108,1.6225288569927216,182.53091402138972,182.53091402138972,greedy,1.6225288569927216,0.0,hard_fault_cluster
88,N12167,control0,0.3578470051288605,1.66157583296299,1.593828809261322,0.3578470051288605,0.21267206966876984,1.0354546844959258,0.733528697490692,0.0021267206966876983,0.189204603433609,-0.017399055883288383,-0.017399055883288383,0.2702366358041763,0.011320162564516068,0.010694071650505066,0.016974888741970062,107006.640625,43808.4296875,63198.2109375,106834.0703125,43603.53125,63230.5390625,0.0016127065755426884,0.004677146207541227,-0.0005115354433655739,0.16127065755426884,1.3272892702370882,1.0384281376004219,1.1808345098979771,1.0581316450238227,1.4912597060203552,1.228060187548399,1.66157583296299,184.19248985435271,184.19248985435271,greedy,1.66157583296299,0.0,hard_fault_cluster
89,N26516,control1,0.3394468128681183,1.3489063143730164,1.4092617988586424,0.3394468128681183,0.2297673374414444,1.6058523342013358,1.5539862513542173,0.002297673374414444,0.19252455234527588,-0.020314430817961693,-0.020314430817961693,-1.354000670015812,0.01253393292427063,0.014477759599685669,0.018293533474206924,106832.015625,43601.00390625,63231.0078125,107317.921875,43957.84375,63360.08203125,-0.004548320546746254,-0.008184211328625679,-0.0020413121674209833,-0.4548320546746254,1.4628461990505457,0.9899578815698624,1.3057565190829337,0.96443494617939,1.5584895029664039,1.6001588828116655,1.3489063143730164,185.54139616872573,185.54139616872573,greedy,1.3489063143730164,0.0,hard_fault_cluster
90,N27350,control1,0.32743754982948303,1.3779960960149766,1.5738595366477965,0.32743754982948303,0.2384577840566635,0.7894490711390972,0.7507403194904327,0.002384577840566635,0.18918755650520325,-0.01810997538268566,-0.01810997538268566,-0.594001032859087,0.012562759220600128,0.016768425703048706,0.018744897097349167,107317.75,43957.5859375,63360.16015625,107636.1953125,44097.9375,63538.2578125,-0.0029673126991838217,-0.003192886011675,-0.002810877515003085,-0.29673126991838217,1.4766237307339907,0.9998939803242682,1.3113628742285073,0.9477861693501473,1.1742467053234578,1.2189771560952067,1.3779960960149766,186.9193922647407,186.9193922647407,greedy,1.3779960960149766,0.0,hard_fault_cluster
91,N6892,control0,0.30600208044052124,1.1439787693321706,0.8022615730762481,0.30600208044052124,0.2656242251396179,1.2359563536942004,0.942308086156845,0.002656242251396179,0.05398866534233093,-0.0076620979234576225,-0.0076620979234576225,1.0504412078857421,0.014455772936344147,0.04263133555650711,0.010816391557455063,107638.140625,44100.28125,63537.859375,107529.2421875,43907.609375,63621.6328125,0.001011708634905517,0.004368948750197887,-0.0013184805866330862,0.10117086349055171,1.703539420850575,1.6466574865579604,1.5100678254384547,1.5263977485895155,1.1678387835621833,0.9564243075158447,1.1439787693321706,188.06337103407287,188.06337103407287,greedy,1.1439787693321706,0.0,hard_fault_cluster
92,N27352,control1,0.32166531682014465,1.8240768052637577,1.6143502235412597,0.32166531682014465,0.2744672894477844,2.200371531397104,1.7603901803493498,0.0027446728944778443,0.05265909433364868,-0.00646526925265789,-0.00646526925265789,0.600887114405632,0.015377543866634369,0.04511469602584839,0.011884335428476334,107527.28125,43905.265625,63622.01953125,107612.59375,44015.1875,63597.40625,-0.0007934033055789769,-0.0025036148726940155,0.00038686732295900583,-0.07934033055789769,1.8057564068585634,1.6129005345702172,1.6047548917122185,1.6826179060339927,1.819336664676666,1.6534498890489338,1.8240768052637577,189.88744783933663,189.88744783933663,greedy,1.8240768052637577,0.0,hard_fault_cluster
93,N19160,control0,0.39402055740356445,1.6075822472805157,1.7146251022815704,0.39402055740356445,0.2520061731338501,0.1939124550297856,-0.009094508324051275,0.002520061731338501,0.14920708537101746,-0.009806482121348381,-0.009806482121348381,-1.326037600724958,0.013404827564954758,0.017708808183670044,0.018454059958457947,107614.96875,44017.953125,63597.015625,107198.125,43715.66015625,63482.4609375,0.003873473731800914,0.006867492571473122,0.001801258884370327,0.3873473731800914,1.5826824475079775,0.9928007620573045,1.4010326792486012,0.9733060377836228,1.2041169590782375,1.031299128091996,1.6075822472805157,191.49503008661713,191.49503008661713,greedy,1.6075822472805157,0.0,hard_fault_cluster
94,N6868,control0,0.3218584358692169,1.9534791484475134,1.301022708415985,0.3218584358692169,0.25685858726501465,1.367947443574667,0.755428460240364,0.0025685858726501466,0.10532745718955994,-0.008707761764526367,-0.008707761764526367,1.3317879742383956,0.013796661049127579,0.029824383556842804,0.01483580470085144,107197.828125,43715.29296875,63482.5390625,107110.671875,43617.09375,63493.578125,0.0008130411733873188,0.0022463356144726276,-0.00017389132699463516,0.08130411733873188,1.6278169304132462,1.5605105893313884,1.44170381128788,1.2817797200381755,1.495602974295616,1.1105548720806837,1.9534791484475134,193.44850923506465,193.44850923506465,greedy,1.9534791484475134,0.0,hard_fault_cluster
95,N19172,control0,0.3307676315307617,0.7615249663591386,1.7767469108104705,0.3307676315307617,0.188264861702919,-1.2239680930972099,-1.036747610569,0.0018826486170291901,0.24404969811439514,-0.018473444506525993,-0.018473444506525993,-5.77469197422266,0.011437848210334778,-0.002077259123325348,0.022430844604969025,107111.28125,43617.609375,63493.671875,106823.3046875,43409.94140625,63413.36328125,0.0026885736733675003,0.004761104006320238,0.0012648282572627068,0.26885736733675003,1.3135762382298708,-0.10168156683444954,1.186232675332576,-0.029346171617507716,0.9463982820510866,0.5484511312631731,0.7615249663591386,194.21003420142378,194.21003420142378,greedy,0.7615249663591386,0.0,hard_fault_cluster
96,N13595,observe,0.22827880084514618,0.8676952527835965,0.8014881312847137,0.22827880084514618,0.24752618372440338,0.8692173121497034,1.719300079345703,0.002475261837244034,0.06053131818771362,-0.012938572093844414,-0.012938572093844414,0.6622429808229208,0.011234041303396225,0.028514400124549866,0.012149415910243988,106823.0546875,43409.7890625,63413.265625,107363.3984375,43968.6171875,63394.78125,-0.005058306269347668,-0.01287332084029913,0.00029149066540412605,-0.5058306269347668,1.3579917419701815,0.9329994879662991,1.1820510332472622,0.7977404616773128,0.7880516614764929,1.3754089013289195,0.8676952527835965,195.07772945420737,195.07772945420737,greedy,0.8676952527835965,0.0,hard_fault_cluster
97,N27354,control1,0.2736430764198303,1.5401208750903608,1.5020212650299072,0.2736430764198303,0.23989908397197723,1.0259559673070906,0.7261923313140869,0.002398990839719772,0.13930678367614746,-0.01183616928756237,-0.01183616928756237,0.6949920780956744,0.013018142431974411,0.021045520901679993,0.01786120980978012,107361.15625,43965.90625,63395.25,107191.78125,43850.56640625,63341.21875,0.0015776189975440502,0.0026233927346765995,0.0008522917632944882,0.15776189975440502,1.529877157881856,1.2391866782307623,1.3588299718685448,1.295820931494236,1.1217699490487576,1.0671045464649798,1.5401208750903608,196.61785032929774,196.61785032929774,greedy,1.5401208750903608,0.0,hard_fault_cluster
98,N19170,control0,0.3141610026359558,0.9355937032256519,1.4559084653854368,0.3141610026359558,0.18866808712482452,0.008208137876957266,4.934188473271206e-06,0.0018866808712482452,0.229080468416214,-0.0204420518130064,-0.0204420518130064,-0.8412456025164727,0.011061795055866241,-0.0019258856773376465,0.022032734006643295,107194.1875,43853.43359375,63340.7578125,106998.3125,43605.609375,63392.703125,0.0018272912129759789,0.005651193205267191,-0.0008200930315069854,0.18272912129759789,1.2744055408984423,0.09545535949327985,1.1482360144145787,0.09545204330665855,0.7495420449391986,0.7324197971370927,0.9355937032256519,197.5534440325234,197.5534440325234,greedy,0.9355937032256519,0.0,hard_fault_cluster
99,N13455,control0,0.32039958238601685,1.1007190488278868,1.1833349645137787,0.32039958238601685,0.17446984350681305,0.3767053797841072,0.2273795010466074,0.0017446984350681304,0.2445698082447052,-0.03146901726722717,-0.03146901726722717,-0.9425132949650288,0.009075913578271866,-0.009986937046051025,0.02123872935771942,106998.40625,43605.6171875,63392.7890625,106763.96875,43378.0,63385.96875,0.002191037405282259,0.00521990517154336,0.00010758814460132271,0.2191037405282259,1.0505921840667725,-0.3167833185195923,0.943341564387083,-0.2837225592136383,0.8256373301148414,0.46626019877618885,1.1007190488278868,198.6541630813513,198.6541630813513,greedy,1.1007190488278868,0.0,hard_fault_cluster
100,N26506,control1,0.3328407406806946,1.2117540791630745,1.2719892144203184,0.3328407406806946,0.22883041203022003,0.780257861316204,0.70223890542984,0.0022883041203022,0.1810835301876068,-0.02826886810362339,-0.02826886810362339,-0.12146092832088473,0.011633571237325668,0.005522765219211578,0.02010396122932434,106762.390625,43376.0,63386.39453125,107394.5625,43841.08203125,63553.48046875,-0.0059212977066636086,-0.010722105391323566,-0.0026359905023127794,-0.5921297706663609,1.3639186676591635,0.25821075096726415,1.213497509714216,0.15311032414436337,0.8926113843917846,0.9130229470878839,1.2117540791630745,199.86591716051439,199.86591716051439,greedy,1.2117540791630745,0.0,hard_fault_cluster
101,N7643,control0,0.3668489158153534,1.799122655391693,2.606992769241333,0.3668489158153534,0.21174649894237518,0.7679409588873386,2.1786796033382414,0.002117464989423752,0.19822436571121216,-0.030489424243569374,-0.030489424243569374,-0.4412699827551842,0.009672194719314575,-0.004871778190135956,0.020045943558216095,107396.4375,43843.24609375,63553.19140625,107082.71875,43528.609375,63554.11328125,0.0029211281798779964,0.0071764010936021805,-1.45055655593751e-05,0.29211281798779964,1.1484765466302633,-0.022349268198013278,1.012533740606159,-0.2453397363424301,1.2758625239133836,2.3281551602482793,1.799122655391693,201.66503981590608,201.66503981590608,greedy,1.799122655391693,0.0,hard_fault_cluster
102,N19222,control0,0.4821631610393524,2.7630904404912147,3.6555896997451782,0.4821631610393524,0.26792311668395996,1.5565252758702264,2.436655843257904,0.0026792311668395997,0.016212552785873413,-0.026562532410025597,-0.026562532410025597,0.9269309092313051,0.01149345189332962,0.029350146651268005,0.010556049644947052,107080.0234375,43521.04296875,63558.98046875,106053.34375,43044.7421875,63008.6015625,0.009587966836988926,0.01094414945691824,0.008659341372549534,0.9587966836988926,1.3907057736068964,1.0751188224181534,1.2096853354014456,0.8703342800959946,2.552178629115224,3.5136835111863913,2.7630904404912147,204.4281302563973,204.4281302563973,greedy,2.7630904404912147,0.0,hard_fault_cluster
103,N19232,control0,0.48123040795326233,2.030474209785462,3.189518451690674,0.48123040795326233,0.26974231004714966,1.0787188811600208,2.2464773833751677,0.0026974231004714966,0.020423293113708496,-0.021266041323542595,-0.021266041323542595,0.9343928673863411,0.009165599942207336,0.0298520028591156,0.009360432624816895,106050.734375,43043.04296875,63007.6875,105516.5,42780.0703125,62736.42578125,0.005037535913288593,0.006109527312219143,0.004305216018110514,0.5037535913288593,1.1650362629443407,-0.5658835726976394,0.9786790614016354,-1.0492910104990005,1.679471716284752,2.86805250197649,2.030474209785462,206.45860446618278,206.45860446618278,greedy,2.030474209785462,0.0,hard_fault_cluster
104,N18176,control0,0.4843651056289673,1.4920918636023999,2.705752623081207,0.4843651056289673,0.27233755588531494,1.0083099307864904,2.22725573182106,0.0027233755588531496,0.021095961332321167,-0.020378010347485542,-0.020378010347485542,0.8632873728871345,0.007316324859857559,0.031814031302928925,0.00790124386548996,105520.328125,42788.13671875,62732.19140625,105128.453125,42594.875,62533.57421875,0.003713739337399602,0.0045167128555476665,0.003166112583130598,0.3713739337399602,0.9835920315235853,-0.28355838835239416,0.7946223723702133,-1.1019888716936113,1.3609753221273422,2.6317378337681294,1.4920918636023999,207.9506963297852,207.9506963297852,greedy,1.4920918636023999,0.0,hard_fault_cluster
105,N20345,control1,0.4520311653614044,1.557774368720129,1.110604166984558,0.4520311653614044,0.27780479192733765,1.7222239502239973,1.252582323551178,0.0027780479192733767,0.027680128812789917,-0.027060678228735924,-0.027060678228735924,0.42950949418824164,0.009331531822681427,0.032523006200790405,0.009563833475112915,105128.71875,42595.015625,62533.703125,105780.421875,43040.203125,62740.21875,-0.006199096795171499,-0.010451633483171463,-0.003302469151094556,-0.6199096795171499,1.1838972959667444,1.2570710357860662,0.9958392106927931,1.2793022569851018,1.6375405758619308,1.3274094242602588,1.557774368720129,209.5084706985053,209.5084706985053,greedy,1.557774368720129,0.0,hard_fault_cluster
106,N29495,control1,0.4993821680545807,2.3024540551006796,1.9463622033596037,0.4993821680545807,0.28005504608154297,1.5086365547031164,1.1245181322097777,0.00280055046081543,0.01978638768196106,-0.029021961614489555,-0.029021961614489555,0.4941470927745104,0.008240234106779099,0.027102045714855194,0.009613800793886185,105778.9375,43038.74609375,62740.19140625,106751.4921875,43630.96875,63120.5234375,-0.009194218553602695,-0.013760221190750599,-0.006062015891075134,-0.9194218553602695,1.0750564951449633,0.7316967134922743,0.8867816817946732,0.6978453879803419,1.6472947780042888,1.2636167329363528,2.3024540551006796,211.81092475360597,211.81092475360597,greedy,2.3024540551006796,0.0,hard_fault_cluster
107,N7645,control0,0.46384093165397644,2.2534349117428065,3.4053349733352656,0.46384093165397644,0.2694166302680969,1.1047798489965497,2.2721435248851773,0.0026941663026809693,0.014685392379760742,-0.03535415232181549,-0.03535415232181549,0.5945464712753892,0.005547545850276947,0.017831407487392426,0.008347302675247192,106753.6875,43633.1796875,63120.51171875,106447.75,43244.6875,63203.0625,0.0028658260125666857,0.008903595618903637,-0.0013078281190246344,0.28658260125666857,0.7888170629739761,0.31468671536073095,0.6132702045142651,0.3018573669157923,1.64161244481802,3.161513562425971,2.2534349117428065,214.06435966534877,214.06435966534877,greedy,2.2534349117428065,0.0,hard_fault_cluster
108,N19476,control0,0.4694978594779968,1.3559131921827792,2.475913834571838,0.4694978594779968,0.27105122804641724,1.1803031888604165,2.27216939330101,0.0027105122804641723,0.0211658775806427,-0.03783860802650452,-0.03783860802650452,1.0725305166840553,0.010403372347354889,0.03375039994716644,0.008558303117752075,106447.125,43244.0234375,63203.09765625,106032.984375,42990.03515625,63042.9453125,0.0038905758410692215,0.005873373243957758,0.0025339319836348295,0.38905758410692215,1.2735498547554016,1.5943687075376511,1.098640389740467,1.6148657912015916,1.5057789713144303,3.0787563313543793,1.3559131921827792,215.42027285753156,215.42027285753156,greedy,1.3559131921827792,0.0,hard_fault_cluster
109,N19474,control0,0.4062311351299286,0.9580106788873672,2.272143566608429,0.4062311351299286,0.2671750783920288,0.820574336796999,2.1324849545955655,0.002671750783920288,0.026239633560180664,-0.03523263335227966,-0.03523263335227966,1.078100736439228,0.011375818401575089,0.04183375835418701,0.007920399308204651,106032.8125,42989.7890625,63043.02734375,106129.7109375,43001.9609375,63127.75,-0.0009138532914221287,-0.0002831340825650841,-0.0013438862515613437,-0.09138532914221287,1.369524285197258,1.2485910022258757,1.1955674514174461,1.2672185683250425,0.9247835040092468,2.70110927760601,0.9580106788873672,216.37828353641893,216.37828353641893,greedy,0.9580106788873672,0.0,hard_fault_cluster
110,N18272,control0,0.3992210626602173,0.7532089468091727,2.334678667783737,0.3992210626602173,0.26324427127838135,0.3732161527499557,1.9433482825756072,0.0026324427127838133,0.011243253946304321,-0.036739565432071686,-0.036739565432071686,-0.040004210919141775,0.007651187479496002,0.02984069287776947,0.006958529353141785,106129.9921875,43002.21875,63127.7734375,106182.140625,43021.84765625,63160.296875,-0.0004913638113066554,-0.00045646264334209263,-0.0005152001394890249,-0.04913638113066554,0.9916234537959099,-0.21211689159274102,0.8217449244111776,-0.22656997486948968,0.7371223337948323,2.5791295169666406,0.7532089468091727,217.1314924832281,217.1314924832281,greedy,0.7532089468091727,0.0,hard_fault_cluster
111,N19471,control0,0.41983115673065186,1.011734010875225,2.309023207426071,0.41983115673065186,0.2697550058364868,0.7844183654338122,2.0550063997507095,0.002697550058364868,0.019945502281188965,-0.0378832072019577,-0.0378832072019577,0.9002334548532962,0.012246914207935333,0.045691460371017456,0.007475797086954117,106182.0,43021.640625,63160.36328125,105968.734375,42897.67578125,63071.05859375,0.0020084914285689592,0.002881453139707446,0.0014139356790110469,0.20084914285689592,1.4565632194280624,1.7389688301086426,1.2826593704521656,1.768336443901062,1.26932777017355,2.925063050612807,1.011734010875225,218.14322649410332,218.14322649410332,greedy,1.011734010875225,0.0,hard_fault_cluster
112,N6988,control0,0.4320682883262634,1.1667097839061171,2.4395799756050107,0.4320682883262634,0.2746431827545166,0.9430676769977435,2.1854011356830596,0.002746431827545166,0.016822010278701782,-0.0356595441699028,-0.0356595441699028,0.8064355174452067,0.008948341012001038,0.04601859301328659,0.005690101534128189,105968.8515625,42898.05859375,63070.79296875,105301.28125,42620.66015625,62680.625,0.006299684289842844,0.006466456688940525,0.006186190992593765,0.6299684289842844,1.1338177397847176,0.2749578904733062,0.9545800108462572,0.24601348008960489,1.3682956654578449,2.989392182547599,1.1667097839061171,219.30993627800945,219.30993627800945,greedy,1.1667097839061171,0.0,hard_fault_cluster
113,N19477,control0,0.38908445835113525,0.7764227695763112,2.2696940779685972,0.38908445835113525,0.27411383390426636,0.5723433069884777,2.0406737118959426,0.0027411383390426635,0.020993441343307495,-0.03825059533119202,-0.03825059533119202,0.5642441515624523,0.011076487600803375,0.055262260138988495,0.0052690282464027405,105301.328125,42620.578125,62680.74609375,105546.4375,42665.4375,62881.0,-0.0023276950232684612,-0.0010525285033509135,-0.0031948231626302004,-0.23276950232684612,1.3435119986534119,1.5022430968284606,1.166614569723606,1.5410200071334839,0.8909741148352623,2.6791331746429203,0.7764227695763112,220.08635904758574,220.08635904758574,greedy,0.7764227695763112,0.0,hard_fault_cluster
114,N27360,control1,0.3584408462047577,0.7056109406054021,0.7131885051727295,0.3584408462047577,0.28351837396621704,0.7018067229539156,0.7279614031314849,0.0028351837396621703,0.01855340600013733,-0.040726758539676666,-0.040726758539676666,0.013438026532530734,0.010336287319660187,0.05402667075395584,0.006113167852163315,105545.0,42663.33203125,62881.671875,106161.09375,43110.39453125,63050.703125,-0.005837261211127043,-0.010478846728801727,-0.0026880844961851835,-0.5837261211127043,1.276420347392559,0.7379763381183146,1.0943266358226538,0.7379762844741344,0.761598401889205,0.7311087512038649,0.7056109406054021,220.79196998819114,220.79196998819114,greedy,0.7056109406054021,0.0,hard_fault_cluster
115,N27362,control1,0.37242311239242554,0.8801822863519192,0.8456179022789001,0.37242311239242554,0.29084956645965576,0.8836907979100943,0.8757753193378448,0.0029084956645965576,0.013778984546661377,-0.042415082454681396,-0.042415082454681396,-0.06319995634257794,0.01073744148015976,0.05518503487110138,0.006645523011684418,106160.9296875,43110.28125,63050.6484375,106621.5078125,43399.7109375,63221.796875,-0.004338489845395088,-0.00671370467171073,-0.002714459551498294,-0.4338489845395088,1.3221786320209503,0.7873344893753529,1.1358527690172195,0.785526626855135,0.9532559413462877,0.826414102334529,0.8801822863519192,221.67215227454307,221.67215227454307,greedy,0.8801822863519192,0.0,hard_fault_cluster
116,N26517,control1,0.37875130772590637,0.8231142520904541,0.8340171694755554,0.37875130772590637,0.29494863748550415,0.9321766942739487,0.9656068921089173,0.0029494863748550414,0.007591992616653442,-0.04455842077732086,-0.04455842077732086,-0.21233414471149448,0.0107949860394001,0.05611351132392883,0.006689887493848801,106621.9296875,43400.078125,63221.8515625,106928.8828125,43579.5234375,63349.359375,-0.002878892933949828,-0.004134677350521088,-0.002016831422224641,-0.2878892933949828,1.3298888206481934,0.8642275750637055,1.142096158117056,0.8763124823570252,1.060746330022812,0.896341353392927,0.8231142520904541,222.49526652663351,222.49526652663351,greedy,0.8231142520904541,0.0,hard_fault_cluster
117,N26502,control1,0.3878064751625061,1.021280086040497,0.9642132639884948,0.3878064751625061,0.29786360263824463,1.095791982114315,1.0641340017318726,0.0029786360263824464,0.0021029412746429443,-0.04608865827322006,-0.04608865827322006,-0.1790145829319954,0.011019330471754074,0.057161979377269745,0.00667991116642952,106928.890625,43579.46875,63349.42578125,107174.890625,43721.56640625,63453.328125,-0.0023005942348390818,-0.003260656027123332,-0.0016401465982198715,-0.23005942348390818,1.353707991540432,1.0287368649244308,1.1648767832666636,1.0049419158697128,1.2213477060198783,1.00144318942097,1.021280086040497,223.516546612674,223.516546612674,greedy,1.021280086040497,0.0,hard_fault_cluster
118,N14040,control1,0.3925817310810089,1.5657232210040093,1.374879151582718,0.3925817310810089,0.29937946796417236,1.303458971530199,1.13926243185997,0.0029937946796417237,-0.004223167896270752,-0.04807890206575394,-0.04807890206575394,-0.22537484005093583,0.011134248226881027,0.05827769637107849,0.006433088332414627,107175.640625,43722.6796875,63452.9609375,107370.484375,43824.21484375,63546.265625,-0.001817985437810421,-0.0023222537711262703,-0.0014704543864354491,-0.1817985437810421,1.3647253885865211,1.0517591938376427,1.1762499641627073,1.0307338401675223,1.498383640497923,1.180488477291483,1.5657232210040093,225.08226983367803,225.08226983367803,greedy,1.5657232210040093,0.0,hard_fault_cluster
119,N29406,control1,0.41730934381484985,1.3223254784941674,2.6986670970916746,0.41730934381484985,0.3005902171134949,1.373252174258232,2.496908950805664,0.0030059021711349486,-0.009663969278335571,-0.048685215413570404,-0.048685215413570404,0.06790336459875101,0.01193244755268097,0.061337120831012726,0.006143443286418915,107371.4375,43825.16796875,63546.265625,107273.671875,43778.96484375,63494.703125,0.0009105366189032793,0.0010542600648477674,0.0008114166557788849,0.09105366189032793,1.4451497569680214,1.1945131850242614,1.256221005693078,1.1719841313362123,1.4084067270159721,2.855942906066775,1.3223254784941674,226.4045953121722,226.4045953121722,greedy,1.3223254784941674,0.0,hard_fault_cluster
120,N19468,control0,0.3362499177455902,1.175141241401434,2.5597271680831906,0.3362499177455902,0.29125040769577026,1.091229172796011,2.4710499048233032,0.0029125040769577026,-0.014090269804000854,-0.04326140880584717,-0.04326140880584717,0.6231773161888123,0.01202140748500824,0.06692396104335785,0.004710454493761063,107273.25,43778.609375,63494.63671875,107039.9921875,43509.19140625,63530.80078125,0.002174426568672061,0.006154100876301527,-0.0005695609143003821,0.2174426568672061,1.450129747390747,1.1928917163610457,1.2641379982233047,1.2074417346715927,1.1658970475196837,2.857833080887794,1.175141241401434,227.57973655357364,227.57973655357364,greedy,1.175141241401434,0.0,hard_fault_cluster
121,N19462,control0,0.23938442766666412,1.0175667695701123,2.44888801574707,0.23938442766666412,0.2854076623916626,0.9902056969702243,2.4196635901927945,0.002854076623916626,-0.01625022292137146,-0.03990107774734497,-0.03990107774734497,0.6047262594103813,0.011902466416358948,0.07251535356044769,0.0033420510590076447,107039.96875,43509.19140625,63530.7734375,106851.9921875,43337.9765625,63514.015625,0.001756134326569736,0.003935141954571009,0.00026377473841421306,0.1756134326569736,1.4357532262802124,1.1239451116323471,1.2516232877969742,1.0757800406217575,1.0412754148244858,2.7768290196359153,1.0175667695701123,228.59730332314376,228.59730332314376,greedy,1.0175667695701123,0.0,hard_fault_cluster
122,N18233,control0,0.3580254018306732,1.654043336212635,2.9264152169227597,0.3580254018306732,0.2865985035896301,1.2935749158263206,2.522005259990692,0.0028659850358963013,-0.012645810842514038,-0.04004881531000137,-0.04004881531000137,0.48074147209525103,0.01035119965672493,0.06886681914329529,0.00284600630402565,106851.953125,43338.0234375,63513.92578125,105939.109375,42967.78125,62971.328125,0.008543070405721664,0.008543126285076141,0.008542971685528755,0.8543070405721664,1.2816696539521217,0.9361654615215957,1.0967573877424002,0.8466255760006607,1.65139379799366,3.173405968695879,1.654043336212635,230.2513466593564,230.2513466593564,greedy,1.654043336212635,0.0,hard_fault_cluster
123,N4557,control0,0.4107472896575928,1.5683656081557273,2.872260856628418,0.4107472896575928,0.2888806462287903,1.2355332449078558,2.503821766376495,0.0028888064622879027,-0.010396182537078857,-0.04178941994905472,-0.04178941994905472,0.4698715797066688,0.008955579251050949,0.06704476475715637,0.001879863440990448,105939.6171875,42968.0390625,62971.578125,105266.109375,42674.5859375,62591.5234375,0.006357468664646149,0.0068295677192509174,0.006035336758941412,0.6357468664646149,1.1426491513848305,1.1841258735582232,0.9573307316750288,1.1028166742250323,1.5464007437229155,3.105160483419895,1.5683656081557273,231.8197122675121,231.8197122675121,greedy,1.5683656081557273,0.0,hard_fault_cluster
124,N4505,control0,0.43051576614379883,1.6255074828863145,2.9498313069343567,0.43051576614379883,0.29013097286224365,1.1858737930655479,2.477080416679382,0.0029013097286224366,-0.009534329175949097,-0.0446636825799942,-0.0446636825799942,0.3931355280522257,0.007875673472881317,0.06603342294692993,0.0006932578980922699,105266.1484375,42674.59765625,62591.55078125,104722.0078125,42418.140625,62303.8671875,0.005169189069420099,0.006009594537317753,0.004596204962581396,0.5169189069420099,1.0330346375703812,1.1922472554130945,0.8489341698586941,1.1179101901932154,1.5123556852340698,3.083031195402145,1.6255074828863145,233.44521975039842,233.44521975039842,greedy,1.6255074828863145,0.0,hard_fault_cluster
125,N4609,control0,0.43911227583885193,1.516747385263443,2.898954975605011,0.43911227583885193,0.2910597324371338,1.1056054145097733,2.4641793370246887,0.002910597324371338,-0.008025437593460083,-0.04836272448301315,-0.04836272448301315,0.23098069489002226,0.007013875991106033,0.06493113934993744,-0.00045512616634368896,104721.8984375,42418.08203125,62303.81640625,104304.484375,42211.2421875,62093.2421875,0.003985929302871227,0.004876218736171722,0.0033797963988035917,0.3985929302871227,0.944084607064724,1.099517986625433,0.7620618510991335,0.986961469501257,1.404442721605301,3.0128877690434455,1.516747385263443,234.96196713566187,234.96196713566187,greedy,1.516747385263443,0.0,hard_fault_cluster
126,N4660,control0,0.4450645446777344,1.5086100310087205,2.8766800999641413,0.4450645446777344,0.2930194139480591,1.1262018650770187,2.4716028630733486,0.002930194139480591,-0.008875012397766113,-0.049994610249996185,-0.049994610249996185,0.31209270939230915,0.005925923585891724,0.06410831212997437,-0.0017275810241699219,104304.375,42211.20703125,62093.1640625,103987.53125,42055.46875,61932.0625,0.003037684131413698,0.0036895007360726595,0.0025945135857909918,0.3037684131413698,0.8356171622872353,1.0721393642388284,0.6533485595136881,0.9300197181664407,1.400436481833458,3.0102837131917473,1.5086100310087205,236.47057716667058,236.47057716667058,greedy,1.5086100310087205,0.0,hard_fault_cluster
127,N4761,control0,0.4553444981575012,1.5101410850882528,2.875905299186706,0.4553444981575012,0.29506587982177734,1.1457376807928086,2.4888918936252593,0.0029506587982177732,-0.00999915599822998,-0.05098126828670502,-0.05098126828670502,0.2794053003191947,0.004851207137107849,0.06311856210231781,-0.0027982667088508606,103987.453125,42055.4296875,61932.0234375,103724.390625,41933.9921875,61790.40234375,0.0025297522079199553,0.002887558192014694,0.002286718226969242,0.2529752207919955,0.7292053252458572,1.0214413337409496,0.546141866594553,0.9277405671775341,1.4232062369585037,3.025084054023027,1.5101410850882528,237.98071825175884,237.98071825175884,greedy,1.5101410850882528,0.0,hard_fault_cluster
128,N4709,control0,0.47077998518943787,1.5232480704784392,2.8943952083587643,0.47077998518943787,0.29698407649993896,1.146535064280033,2.493142992258072,0.00296984076499939,-0.011154800653457642,-0.05189160257577896,-0.05189160257577896,0.2306194725632667,0.0037913620471954346,0.06220031529664993,-0.003776729106903076,103724.515625,41934.0703125,61790.44921875,103482.4375,41831.0078125,61651.43359375,0.0023338564205914736,0.0024577269796282053,0.002249791519716382,0.23338564205914736,0.6242286786437035,0.9438675354421139,0.44040932320058346,0.9099597047269344,1.4496920853853228,3.0422998555004597,1.5232480704784392,239.5039663222373,239.5039663222373,greedy,1.5232480704784392,0.0,hard_fault_cluster
129,N18188,control0,0.4856782853603363,1.5119642451405526,2.889930152893066,0.4856782853603363,0.2986859083175659,1.1350024193525314,2.486798346042633,0.002986859083175659,-0.012535691261291504,-0.05218549817800522,-0.05218549817800522,0.2300945690274238,0.0027564838528633118,0.06171710789203644,-0.004647970199584961,103481.8203125,41830.734375,61651.0859375,103233.96875,41732.25,61501.71484375,0.0023951218463480473,0.002354354364797473,0.0024228461552411318,0.23951218463480473,0.5221487954258919,0.9003662852942944,0.33727348782122135,0.8658228306472302,1.4528519332408905,3.0443537566065784,1.5119642451405526,241.01593056737784,241.01593056737784,greedy,1.5119642451405526,0.0,hard_fault_cluster
130,N4813,control0,0.4975760877132416,1.5043569713830949,2.8892231106758115,0.4975760877132416,0.3001529574394226,1.1139583200216292,2.470163995027542,0.003001529574394226,-0.01352187991142273,-0.05243230611085892,-0.05243230611085892,0.18462757349014286,0.0019612833857536316,0.06110379099845886,-0.005521431565284729,103234.484375,41732.421875,61502.05859375,103023.015625,41648.359375,61374.65625,0.002048431197181344,0.002014321042224765,0.0020715135615319014,0.2048431197181344,0.44384898990392685,0.8937089045345783,0.2580585014075041,0.8640520770847797,1.4499985963106157,3.0424990876019,1.5043569713830949,242.52028753876093,242.52028753876093,greedy,1.5043569713830949,0.0,hard_fault_cluster
131,N19459,control0,0.4252014458179474,1.1993837431073189,2.6640152692794796,0.4252014458179474,0.29736506938934326,0.9415554210543632,2.3688580632209777,0.0029736506938934327,-0.0067819952964782715,-0.053616613149642944,-0.053616613149642944,0.0638188368082046,0.005354784429073334,0.06808219850063324,-0.005017638206481934,103022.515625,41648.078125,61374.4375,103286.3125,41689.61328125,61596.6953125,-0.0025605750270187855,-0.0009972886182367802,-0.003621341660618782,-0.25605750270187855,0.7792268991470337,1.4358920496702194,0.5964155569672585,1.40781758248806,1.3003995418548584,2.9452597022056577,1.1993837431073189,243.71967128186824,243.71967128186824,greedy,1.1993837431073189,0.0,hard_fault_cluster
132,N4350,control0,0.4332382082939148,1.505808585882187,2.86721693277359,0.4332382082939148,0.297720730304718,1.1099583059549332,2.44749316573143,0.00297720730304718,-0.01170995831489563,-0.04891044646501541,-0.04891044646501541,0.3938730812072754,0.0030964985489845276,0.06596876680850983,-0.0055827125906944275,103286.7890625,41689.91796875,61596.87109375,103041.390625,41629.0390625,61412.34765625,0.002375893760472536,0.0014602788724005222,0.002995662624016404,0.2375893760472536,0.5584601387381554,0.8156442508846522,0.3718524258583784,0.7735954985767604,1.3746477454900743,2.993521034568548,1.505808585882187,245.22547986775044,245.22547986775044,greedy,1.505808585882187,0.0,hard_fault_cluster
133,N4298,control0,0.4577219784259796,1.4659844100475312,2.857755100727081,0.4577219784259796,0.29953569173812866,1.0843186795711517,2.4500122904777526,0.0029953569173812866,-0.013613879680633545,-0.048460833728313446,-0.048460833728313446,0.24663053900003434,0.002024337649345398,0.06447181105613708,-0.006216086447238922,103041.328125,41629.015625,61412.31640625,102812.7109375,41543.453125,61269.2578125,0.002218694193288684,0.0020553572103381157,0.0023294773418456316,0.2218694193288684,0.453508622944355,0.8184699792042375,0.2652024794369936,0.7871777195110917,1.3929919183254242,3.0054447469115253,1.4659844100475312,246.69146427779796,246.69146427779796,greedy,1.4659844100475312,0.0,hard_fault_cluster
134,N4402,control0,0.47702234983444214,1.4857121884822846,2.8778227329254147,0.47702234983444214,0.30095547437667847,1.0863911509513855,2.4538789093494415,0.0030095547437667845,-0.014419198036193848,-0.048673443496227264,-0.048673443496227264,0.18955510675907133,0.0011575296521186829,0.0628298968076706,-0.006699562072753906,102812.75,41543.46875,61269.28515625,102614.921875,41461.4296875,61153.48828125,0.0019241594709455967,0.0019747763872146606,0.001889966195449233,0.19241594709455967,0.3680349960923195,0.792564409300685,0.1788234729319811,0.7791049652546644,1.3923387318849565,3.0050201757252215,1.4857121884822846,248.17717646628026,248.17717646628026,greedy,1.4857121884822846,0.0,hard_fault_cluster
135,N4453,control0,0.49262186884880066,1.5153995752334595,2.9041066288948056,0.49262186884880066,0.3019130825996399,1.081650619208813,2.4448275089263913,0.003019130825996399,-0.014724045991897583,-0.049226313829422,-0.049226313829422,0.16582074671983715,0.00046599656343460083,0.061421506106853485,-0.00713668018579483,102614.7109375,41461.3515625,61153.359375,102439.3515625,41384.8515625,61054.5,0.0017089106841012836,0.0018450918141752481,0.0016165812266990542,0.17089106841012836,0.299286425113678,0.7883523342758417,0.10977134853601456,0.7821384904533625,1.394823396205902,3.006635207533836,1.5153995752334595,249.69257604151372,249.69257604151372,greedy,1.5153995752334595,0.0,hard_fault_cluster
136,N19455,control0,0.45326465368270874,1.3322403326630594,2.7733976960182187,0.45326465368270874,0.3001829981803894,0.9593123733997345,2.3662676751613616,0.003001829981803894,-0.008310705423355103,-0.0506037101149559,-0.0506037101149559,0.043899846971034995,0.004195470362901688,0.06930217146873474,-0.006531141698360443,102438.96875,41384.60546875,61054.3671875,102591.78125,41371.359375,61220.421875,-0.0014917418593540788,0.00032007298432290554,-0.0027197839226573706,-0.14917418593540788,0.6691263243556023,1.2451351553201675,0.48194185830652714,1.250549140572548,1.320236250758171,2.958153562992811,1.3322403326630594,251.02481637417677,251.02481637417677,greedy,1.3322403326630594,0.0,hard_fault_cluster
137,N19464,control0,0.4031776785850525,1.2268188580870627,2.7063054561614988,0.4031776785850525,0.29906022548675537,0.9243965953588485,2.374546235799789,0.002990602254867554,-0.0036404430866241455,-0.049421101808547974,-0.049421101808547974,0.1473748704791068,0.006410140544176102,0.0753328800201416,-0.006332412362098694,102591.7265625,41371.31640625,61220.41015625,102787.859375,41438.98046875,61348.8828125,-0.0019117799820378423,-0.0016355308471247554,-0.0020985265728086233,-0.19117799820378423,0.8906531780958176,1.2535323613882066,0.703423835337162,1.2547832363843918,1.2733813971281052,2.927697908133268,1.2268188580870627,252.25163523226382,252.25163523226382,greedy,1.2268188580870627,0.0,hard_fault_cluster
138,N7112,control0,0.3986813724040985,1.4512947909533978,2.8116670966148374,0.3986813724040985,0.29941636323928833,1.0684506021440028,2.405720555782318,0.0029941636323928835,-0.01083284616470337,-0.04260721802711487,-0.04260721802711487,0.44257393836975095,0.003228709101676941,0.07176384329795837,-0.006528161466121674,102788.1875,41439.46484375,61348.71875,102640.0546875,41445.2734375,61194.78125,0.0014411462470889091,-0.00014017058128956705,0.002509221201762557,0.14411462470889091,0.5796800553798676,0.7844662950187922,0.38707319647073746,0.7430681274086237,1.295915883779526,2.9423453244566913,1.4512947909533978,253.70293002321722,253.70293002321722,greedy,1.4512947909533978,0.0,hard_fault_cluster
139,N7021,control0,0.42528730630874634,1.3204484671354293,2.7497013092041014,0.42528730630874634,0.300556480884552,0.9865479573607443,2.3922438621520996,0.00300556480884552,-0.01145896315574646,-0.04332343488931656,-0.04332343488931656,0.2920821867883205,0.0022329911589622498,0.06927156448364258,-0.006782121956348419,102635.2578125,41439.55078125,61195.70703125,102400.328125,41341.11328125,61059.21875,0.002288976451382041,0.0023754481226205826,0.0022303571458905935,0.2288976451382041,0.4805321618914604,0.7859254004247487,0.28760737739503384,0.7791268350370228,1.2635582566261292,2.921312866806984,1.3204484671354293,255.02337849035266,255.02337849035266,greedy,1.3204484671354293,0.0,hard_fault_cluster
140,N7032,control0,0.44428327679634094,1.3873628780245781,2.8065398097038265,0.44428327679634094,0.3014315962791443,0.9900381594896317,2.383008086681366,0.003014315962791443,-0.012184828519821167,-0.04444926232099533,-0.04444926232099533,0.19317606061697,0.0015082955360412598,0.06791430711746216,-0.007355496287345886,102405.109375,41346.7421875,61058.3671875,102195.9375,41248.48828125,60947.4453125,0.0020425922702997923,0.0023763396311551332,0.0018166531808674335,0.20425922702997923,0.40781188756227493,0.8059709179401398,0.21507513709366322,0.8007974135875702,1.2884640991687775,2.937501664459705,1.3873628780245781,256.4107413683772,256.4107413683772,greedy,1.3873628780245781,0.0,hard_fault_cluster
141,N18711,control0,0.4593711495399475,1.4406038507819174,2.8610554933547974,0.4593711495399475,0.3021501302719116,0.9825677990913391,2.373550635576248,0.003021501302719116,-0.012942194938659668,-0.04568810760974884,-0.04568810760974884,0.0685860028862953,0.000867702066898346,0.0668383538722992,-0.00796777755022049,102196.0390625,41248.78125,60947.2578125,102008.3125,41158.95703125,60849.3515625,0.0018369259778410196,0.0021776212379336357,0.0016064094379544258,0.18369259778410196,0.3432322293519974,0.8362776738405228,0.1508857123553753,0.8332174521684647,1.317299309372902,2.956244551092386,1.4406038507819174,257.85134521915916,257.85134521915916,greedy,1.4406038507819174,0.0,hard_fault_cluster
142,N19453,control0,0.47653159499168396,1.5116394758224487,2.9058865427970884,0.47653159499168396,0.30043280124664307,0.979134613275528,2.3276939868927,0.003004328012466431,-0.005648314952850342,-0.04598390311002731,-0.04598390311002731,0.08396782040596007,0.00519184023141861,0.07618893682956696,-0.006861530244350433,102007.8828125,41158.2890625,60849.59375,101990.421875,41078.39453125,60912.03125,0.00017117243260145187,0.001941152848303318,-0.0010260955896228552,0.017117243260145187,0.7736329212784767,1.342504519224167,0.5827962476760149,1.3510129153728485,1.3976252555847168,3.0084564161300658,1.5116394758224487,259.3629846949816,259.3629846949816,greedy,1.5116394758224487,0.0,hard_fault_cluster
143,N7376,control0,0.44691362977027893,1.4136629492044448,2.8308223247528073,0.44691362977027893,0.301558256149292,1.0027723848819734,2.3959520161151886,0.00301558256149292,-0.010056674480438232,-0.0434955358505249,-0.0434955358505249,0.29175120949745176,0.002452574670314789,0.07274869084358215,-0.007838331162929535,101990.96875,41078.9453125,60912.0234375,101950.34375,41122.87109375,60827.46875,0.0003983195929322392,-0.0010693016229197383,0.0013881444465368986,0.03983195929322392,0.503320187330246,0.8222912231832742,0.30977314710617065,0.8038105646520852,1.2951506406068802,2.941847916394472,1.4136629492044448,260.776647644186,260.776647644186,greedy,1.4136629492044448,0.0,hard_fault_cluster
144,N7064,control0,0.46120521426200867,1.4777341201901437,2.860847210884094,0.46120521426200867,0.3022661805152893,1.0366954773664474,2.375912171602249,0.003022661805152893,-0.011425971984863281,-0.044350892305374146,-0.044350892305374146,0.10957299500703804,0.001510612666606903,0.07142725586891174,-0.00845334678888321,101950.125,41122.7421875,60827.38671875,101792.0546875,41056.22265625,60735.83203125,0.0015504671027883887,0.001617584959603846,0.0015051556983962655,0.15504671027883887,0.40897655487060547,0.881166565567255,0.2155400887131691,0.8786762835085392,1.4358654648065567,3.0333125521242614,1.4777341201901437,262.25438176437615,262.25438176437615,greedy,1.4777341201901437,0.0,hard_fault_cluster
145,N7344,control0,0.47526755928993225,1.5368996039032936,2.907503318786621,0.47526755928993225,0.3026323914527893,1.0409614756703376,2.3607719302177426,0.003026323914527893,-0.012459605932235718,-0.04527156800031662,-0.04527156800031662,0.11279721736907955,0.0007913559675216675,0.07066279649734497,-0.0090336874127388,101792.25,41056.33203125,60735.9140625,101634.875,40981.734375,60653.140625,0.0015460411086678505,0.0018169586546719074,0.0013628416927531362,0.15460411086678505,0.33649642020463943,0.9009874354302883,0.14347580261528492,0.8994668613374233,1.4838232219219207,3.0644850942492483,1.5368996039032936,263.79128136827944,263.79128136827944,greedy,1.5368996039032936,0.0,hard_fault_cluster
146,N7123,control0,0.48904579877853394,1.5935700222849845,2.95529705286026,0.48904579877853394,0.3028457760810852,1.043958918750286,2.35163779258728,0.003028457760810852,-0.013605713844299316,-0.04581189155578613,-0.04581189155578613,0.12188689231872557,0.00014160573482513428,0.07024402916431427,-0.009565383195877075,101634.84375,40981.640625,60653.20703125,101486.0625,40913.0703125,60572.98828125,0.0014638802967965603,0.0016731958603486419,0.0013225805014371872,0.14638802967965603,0.2711944580078125,0.9050083297491074,0.0784190446138382,0.9038114684820175,1.511121416091919,3.0822289204597473,1.5935700222849845,265.38485139056445,265.38485139056445,greedy,1.5935700222849845,0.0,hard_fault_cluster
147,N7280,control0,0.5009543895721436,1.6443658456206323,2.990835916996002,0.5009543895721436,0.30279994010925293,1.0535653591156007,2.3452738285064694,0.0030279994010925294,-0.014657169580459595,-0.04631192982196808,-0.04631192982196808,0.13432300239801398,-0.00031826645135879517,0.07024458050727844,-0.010067328810691833,101486.046875,40912.79296875,60573.25,101345.1796875,40849.9140625,60495.265625,0.0013880449114367366,0.0015369008760899305,0.001287439139559865,0.13880449114367366,0.22466136515140533,0.9108898827433587,0.032295357435941696,0.9099191018939019,1.5250861287117004,3.091305983662605,1.6443658456206323,267.0292172361851,267.0292172361851,greedy,1.6443658456206323,0.0,hard_fault_cluster
148,N7277,control0,0.5110936760902405,1.672917540371418,3.015537917613983,0.5110936760902405,0.30255454778671265,1.0542742663621902,2.3434522330760954,0.0030255454778671267,-0.015504032373428345,-0.04708770662546158,-0.04708770662546158,0.12369283825159072,-0.0003657788038253784,0.07082624733448029,-0.010338060557842255,101345.171875,40849.890625,60495.28125,101209.0625,40788.9765625,60420.0859375,0.00134302768856287,0.0014911682810634375,0.001242994680069387,0.134302768856287,0.21888896077871323,0.9278536462783813,0.027288829907774925,0.9273199462890624,1.5335935205221176,3.096835788339376,1.672917540371418,268.70213477655653,268.70213477655653,greedy,1.672917540371418,0.0,hard_fault_cluster
149,N12227,observe,0.27570289373397827,0.8794933136437976,1.0043971478939056,0.27570289373397827,0.2976483702659607,0.8870376551351911,1.2393871307373048,0.002976483702659607,-0.011960536241531372,-0.043563395738601685,-0.043563395738601685,0.20932500185236222,7.145106792449951e-05,0.07754549384117126,-0.011350572109222412,101208.9296875,40789.2578125,60419.671875,102882.5625,41624.7890625,61257.77734375,-0.016536414623260498,-0.02048410102725029,-0.013871400617063046,-1.6536414623260498,0.26123008131980896,0.7730299541239924,0.0706663504242897,0.7730299541239924,0.8462192361887901,1.003884403096977,0.8794933136437976,269.58162809020035,269.58162809020035,greedy,0.8794933136437976,0.0,hard_fault_cluster
150,N13562,observe,0.2305392473936081,0.6747417956590653,2.2721435248851773,0.2305392473936081,0.29864221811294556,0.8675968624651431,1.716341996192932,0.0029864221811294555,-0.012389570474624634,-0.04230649024248123,-0.04230649024248123,-0.14050169214606287,0.004097748547792435,0.0819534957408905,-0.010156787931919098,102882.65625,41625.01171875,61257.6484375,103137.921875,41764.32421875,61373.6015625,-0.0024811336770653725,-0.0033468459732830524,-0.0018928758800029755,-0.24811336770653725,0.6661105826497078,0.6527311918139458,0.47385878674685955,0.6333290573954583,0.8490686528384686,2.1484906543418765,0.6747417956590653,270.25636988585944,270.25636988585944,greedy,0.6747417956590653,0.0,hard_fault_cluster
151,N13552,observe,0.14020968973636627,0.8531594797968864,2.429730576276779,0.14020968973636627,0.29376906156539917,0.8518091730773448,2.4538716495037076,0.0029376906156539915,-0.017148315906524658,-0.03708677738904953,-0.03708677738904953,-0.08408360466361048,0.006082255393266678,0.08556671440601349,-0.009199604392051697,103137.9140625,41764.3203125,61373.59375,103483.2109375,41958.40625,61524.8046875,-0.0033479139674454927,-0.004647171124815941,-0.002463778480887413,-0.3347913967445493,0.8649078235030174,0.6686981526017189,0.6723961103707552,0.6545431163907052,0.932103729993105,2.5182057372108098,0.8531594797968864,271.10952936565633,271.10952936565633,greedy,0.8531594797968864,0.0,hard_fault_cluster
152,N19242,observe,-0.06345091015100479,0.4319660549459513,0.3542566210031509,-0.06345091015100479,0.2796948552131653,0.5867516838159645,0.4719968432851601,0.002796948552131653,-0.03182685375213623,-0.02669357694685459,-0.02669357694685459,0.13147601571978154,0.0055295974016189575,0.07889218628406525,-0.006617419421672821,103483.2578125,41958.515625,61524.7421875,103820.9609375,42299.25,61521.7109375,-0.003263360122218728,-0.008120744489133358,4.926879773847759e-05,-0.3263360122218728,0.8059610184282064,0.44983979322687445,0.6162100597284734,0.43977281906381904,0.5104245943570277,0.4340889305289784,0.4319660549459513,271.5414954206023,271.5414954206023,greedy,0.4319660549459513,0.0,hard_fault_cluster
153,N12392,control0,0.14738400280475616,1.3806090667843818,2.7071042895317077,0.14738400280475616,0.27851349115371704,1.097062957137823,2.324294000864029,0.0027851349115371703,-0.03795266151428223,-0.030407143756747246,-0.030407143756747246,0.026249765753745935,0.007595717906951904,0.08173863589763641,-0.006300896406173706,103820.71875,42298.98046875,61521.73828125,102951.515625,41795.23828125,61156.28125,0.008372155018150806,0.011909086257219315,0.005940291099250317,0.8372155018150806,1.0076781380921602,0.7555563662946225,0.8215983775444329,0.743870398849249,1.774205558001995,3.2532336127012966,1.3806090667843818,272.92210448738666,272.92210448738666,greedy,1.3806090667843818,0.0,hard_fault_cluster
154,N12424,control0,0.2476237416267395,1.2662123069167137,2.79466712474823,0.2476237416267395,0.28066784143447876,0.9434347175061704,2.40928680896759,0.0028066784143447876,-0.03505668044090271,-0.032412827014923096,-0.032412827014923096,-0.18894495531916622,0.008817296475172043,0.08493976294994354,-0.005952142179012299,102951.515625,41795.234375,61156.28125,102180.8125,41413.203125,60767.609375,0.007486078422516584,0.00914054550230503,0.00635538762435317,0.7486078422516584,1.12998466193676,0.7393415220826864,0.9437934011220932,0.7226613410562277,1.5479657240211964,3.1061777206137773,1.2662123069167137,274.1883167943034,274.1883167943034,greedy,1.2662123069167137,0.0,hard_fault_cluster
155,N7049,control0,0.3190540373325348,1.2772336304187775,2.787219190597534,0.3190540373325348,0.2814936637878418,0.9984500259160995,2.4667014241218563,0.002814936637878418,-0.03189763426780701,-0.0339936688542366,-0.0339936688542366,-0.2810491126775742,0.009297862648963928,0.08742561936378479,-0.006094619631767273,102180.515625,41412.421875,60768.09765625,101574.78125,41105.328125,60469.453125,0.00592808099463582,0.007415498606860638,0.004914495162665844,0.592808099463582,1.177286259829998,1.0222278499603272,0.9916612636297941,1.0276842677593232,1.4985660791397095,3.074067951440811,1.2772336304187775,275.46555042472215,275.46555042472215,greedy,1.2772336304187775,0.0,hard_fault_cluster
156,N18590,observe,0.04052751138806343,0.61817137748003,0.7371267259120942,0.04052751138806343,0.2682834267616272,0.6192783325910568,0.4727429246413521,0.002682834267616272,-0.028615593910217285,-0.0251458752900362,-0.0251458752900362,0.16922095997801076,0.0076007843017578125,0.07979555428028107,-0.005231887102127075,101575.0625,41106.1875,60468.87890625,102377.3515625,41722.8125,60654.5390625,-0.007898484356701374,-0.015000782907009125,-0.003070342354476452,-0.7898484356701374,1.0032159816473722,0.7444614665817608,0.820862818043679,0.7444620030235638,0.6767406314611435,0.5661336003587348,0.61817137748003,276.0837218022022,276.0837218022022,greedy,0.61817137748003,0.0,hard_fault_cluster
157,N13528,observe,0.08642155677080154,0.7316860847175122,2.4029532611370086,0.08642155677080154,0.2713060975074768,0.7171020355075598,1.7927901327610014,0.002713060975074768,-0.019600868225097656,-0.030155060812830925,-0.030155060812830925,-0.3789758681505919,0.013169221580028534,0.08975476026535034,-0.005167558789253235,102377.453125,41722.87109375,60654.58203125,102593.953125,41751.9140625,60842.04296875,-0.0021147234365344048,-0.0006960922619327903,-0.0030906309839338064,-0.21147234365344048,1.5580731946974993,0.8393547721207142,1.3772099171765149,0.8407084830105305,0.8693286646157503,1.7040868926234545,0.7316860847175122,276.81540788691973,276.81540788691973,greedy,0.7316860847175122,0.0,hard_fault_cluster
158,N18541,observe,-0.10292146354913712,0.6954953855718486,0.7048241972923278,-0.10292146354913712,0.2592272162437439,0.6786475135304499,0.47263355435570703,0.002592272162437439,-0.033990561962127686,-0.017686260864138603,-0.017686260864138603,0.172029180016616,0.011215437203645706,0.08390797674655914,-0.003993310034275055,102593.8359375,41751.84375,60841.9921875,102946.0625,42052.640625,60893.421875,-0.0034332138020545244,-0.007204397581517696,-0.0008452992187812924,-0.34332138020545244,1.363084675744176,0.7487127126166524,1.181928959209472,0.7487124980399312,0.6914033581677358,0.5632373621741499,0.6954953855718486,277.5109032724916,277.5109032724916,greedy,0.6954953855718486,0.0,hard_fault_cluster
159,N2192,control1,-0.259545236825943,0.7331606101244688,2.1810239911079403,-0.259545236825943,0.20880044996738434,0.15991493463516232,1.6251468136906622,0.002088004499673843,-0.02824661135673523,-0.008206261321902275,-0.008206261321902275,0.6602429299801589,0.008675999939441681,0.06456829607486725,-0.005707800388336182,102946.1640625,42051.40625,60894.7578125,102498.5859375,41859.65625,60638.9296875,0.004347691312432289,0.004559895023703575,0.004201151896268129,0.4347691312432289,1.0681941825896502,0.8657595926523209,0.9177485411055386,0.8759352976083756,1.0286779768764973,2.768640684969723,0.7331606101244688,278.24406388261605,278.24406388261605,greedy,0.7331606101244688,0.0,hard_fault_cluster
160,N13611,observe,-0.0823865458369255,0.6412182869389653,0.4514651201665401,-0.0823865458369255,0.23135073482990265,0.6245803418569267,0.40738527625799176,0.0023135073482990266,-0.03436541557312012,-0.008802918717265129,-0.008802918717265129,0.18815421694889664,0.01659446954727173,0.08057582378387451,-0.001202225685119629,102498.453125,41860.953125,60637.49609375,103088.34375,42325.90625,60762.4375,-0.005755117163062096,-0.011107084341347218,-0.002060464583337307,-0.5755117163062096,1.8819947708398104,0.7513353857398034,1.7150839087553322,0.7513352784514428,0.6924809162504971,0.45237629503049903,0.6412182869389653,278.885282169555,278.885282169555,greedy,0.6412182869389653,0.0,hard_fault_cluster
161,N18624,observe,-0.09472804516553879,0.6408205545769305,0.5702221602201462,-0.09472804516553879,0.23626630008220673,0.6239847483971971,0.7724124193191528,0.0023626630008220673,-0.03840714693069458,-0.006689170375466347,-0.006689170375466347,0.4632497905337368,0.018062040209770203,0.08448359370231628,-0.0005158707499504089,103088.125,42325.78125,60762.34375,103371.1640625,42511.6796875,60859.484375,-0.0027456029783934355,-0.0043920851312577724,-0.0015986977377906442,-0.27456029783934355,2.0357811506837606,0.7894924710021587,1.8635983034037054,0.7894923100696178,0.6914510185088147,0.6406891045487737,0.6408205545769305,279.52610272413193,279.52610272413193,greedy,0.6408205545769305,0.0,hard_fault_cluster
162,N13531,observe,-0.12325959652662277,0.7274736110121013,0.593549945950508,-0.12325959652662277,0.23654301464557648,0.7151315402239561,0.5966648995876311,0.0023654301464557646,-0.03995409607887268,-0.0006488393992185593,-0.0006488393992185593,0.6218069984018803,0.019507739692926407,0.08926120400428772,-0.0002587512135505676,103371.375,42511.796875,60859.578125,103471.8984375,42593.8046875,60878.09375,-0.0009724494302645326,-0.0019290600903332233,-0.0003042351745534688,-0.09724494302645326,2.1866681445389986,0.819545067846775,2.00974751310423,0.8195448532700539,0.7139432467520237,0.6109432444197046,0.7274736110121013,280.25357633514403,280.25357633514403,greedy,0.7274736110121013,0.0,hard_fault_cluster
163,N2201,control1,-0.04727834090590477,0.9969699844717977,2.3648413240909574,-0.04727834090590477,0.00696408748626709,-2.756801153197885,-0.7798440933227537,6.96408748626709e-05,-0.08696350455284119,0.12084116786718369,0.00696408748626709,0.34168165065348155,0.005912270396947861,0.017553992569446564,-0.002713337540626526,103470.859375,42591.98828125,60878.875,103038.90625,42319.2421875,60719.6640625,0.004174635745584965,0.006403694860637188,0.0026152082718908787,0.4174635745584965,0.7190322950482368,0.15945518754422666,0.6231783535331488,0.18682412423193456,-0.6203010611236093,1.6968043102696537,0.9969699844717977,281.2505463196158,281.2505463196158,greedy,0.9969699844717977,0.0,hard_fault_cluster
164,N13506,observe,0.08199428766965866,0.5625511139631271,0.8565286874771117,0.08199428766965866,0.15927499532699585,0.5611630514264107,0.5915622681379318,0.0015927499532699585,-0.03156191110610962,0.049842432141304016,0.049842432141304016,0.873115726262331,0.01763160526752472,0.06328791379928589,-0.0011293664574623108,103039.75,42320.9296875,60718.8203125,103447.1875,42634.05859375,60813.125,-0.003954177722334862,-0.007398913614451885,-0.0015531376702710986,-0.3954177722334862,1.9722779542207718,0.8740824598073959,1.815439883619547,0.8740823525190352,0.7687796667218209,0.7426614075087014,0.5625511139631271,281.81309743357895,281.81309743357895,greedy,0.5625511139631271,0.0,hard_fault_cluster
165,N13534,observe,0.18650534749031067,0.4804159596562386,0.8431747734546661,0.18650534749031067,0.23206718266010284,0.5165257446467877,0.7829138338565826,0.0023206718266010284,0.029168009757995605,-0.013442620635032654,-0.013442620635032654,0.873450782224536,0.014940433204174042,0.05880875885486603,0.005754504352807999,103447.1796875,42633.9921875,60813.1875,103611.84375,42735.8203125,60876.02734375,-0.0015917695127427578,-0.0023884258698672056,-0.0010333259124308825,-0.15917695127427578,1.7126678824424744,0.8666467902064323,1.5486994609236717,0.8666467902064323,0.7732778631150723,0.7817432567771538,0.4804159596562386,282.2935133932352,282.2935133932352,greedy,0.4804159596562386,0.0,hard_fault_cluster
166,N13500,observe,0.13323456048965454,0.8154946497629225,0.7815669834613799,0.13323456048965454,0.23907692730426788,0.8269751532922328,0.7034039318561554,0.002390769273042679,0.019857585430145264,-0.013585887849330902,-0.013585887849330902,0.8974908410012722,0.014774974435567856,0.06251588463783264,0.005079071968793869,103611.7890625,42735.734375,60876.0546875,103622.71875,42749.80078125,60872.921875,-0.00010548691352596506,-0.0003291485772933811,5.14621460752096e-05,-0.010548691352596506,1.7029884830117226,0.7129413164407015,1.5338702034205198,0.6983209229260683,0.8330751858651638,0.7803294382707281,0.8154946497629225,283.1090080429981,283.1090080429981,greedy,0.8154946497629225,0.0,hard_fault_cluster
167,N13596,observe,0.07947201281785965,0.8079252050180457,0.8512849807739258,0.07947201281785965,0.2428784817457199,0.8156188786883376,0.765209823846817,0.002428784817457199,0.008366763591766357,-0.013316696509718895,-0.013316696509718895,0.8906725350022315,0.014154929667711258,0.06448747217655182,0.0041946545243263245,103622.671875,42749.76171875,60872.91015625,103576.1640625,42739.6015625,60836.5625,0.00044881890062242746,0.00023766579397488385,0.0005971072823740542,0.044881890062242746,1.6450547520071268,0.705182196199894,1.472883413080126,0.691084535419941,0.8141422480344773,0.8236920070606357,0.8079252050180457,283.9169332480161,283.9169332480161,greedy,0.8079252050180457,0.0,hard_fault_cluster
168,N18524,observe,0.025727231055498123,0.7859292580420061,0.7875530064105987,0.025727231055498123,0.24451623857021332,0.7826303436094804,0.8210334539413451,0.0024451623857021333,-0.002779662609100342,-0.012959232553839684,-0.012959232553839684,0.8679174757003785,0.013600073754787445,0.06601560115814209,0.003338545560836792,103576.140625,42739.6953125,60836.4453125,103496.21875,42717.69921875,60778.5234375,0.0007716243853792548,0.0005146525800228119,0.0009520917083136737,0.07716243853792548,1.5915643814951181,0.8702199620008468,1.417896626982838,0.8702193182706832,0.7591415092349052,0.8052542160491702,0.7859292580420061,284.7028625060581,284.7028625060581,greedy,0.7859292580420061,0.0,hard_fault_cluster
169,N18511,observe,0.2450508177280426,1.3655324071645736,2.5378448247909544,0.2450508177280426,0.27310121059417725,1.5103372901678085,2.7383208751678465,0.0027310121059417724,-0.015245020389556885,-0.00112246535718441,-0.00112246535718441,1.0159862661361694,0.01823456957936287,0.07018081843852997,0.007603272795677185,103496.4375,42717.65625,60778.78125,104185.6875,42985.5546875,61200.1328125,-0.006659649312496185,-0.006271374877542257,-0.006932543590664864,-0.6659649312496185,2.0954357031732798,1.0101431906223297,1.8914516442455351,0.9814345866441727,1.1414537131786346,2.1674410536885262,1.3655324071645736,286.0683949132227,286.0683949132227,greedy,1.3655324071645736,0.0,hard_fault_cluster
170,N13545,observe,0.03133377805352211,0.7865676581859589,0.6525689899921416,0.03133377805352211,0.25903213024139404,0.7835875138640404,0.4721851814203546,0.0025903213024139403,-0.0300007164478302,-0.004286153241991997,-0.004286153241991997,0.8687777139246464,0.014773454517126083,0.0662461519241333,0.004679299890995026,104185.7421875,42985.7734375,61199.96875,103924.046875,42889.640625,61034.40234375,0.002511814935132861,0.002236386761069298,0.0027053349185734987,0.2511814935132861,1.7320914287120104,0.831639790982008,1.5410319459624588,0.8266138677299023,0.7607634499669075,0.6116384136624129,0.7865676581859589,286.85496257140863,286.85496257140863,greedy,0.7865676581859589,0.0,hard_fault_cluster
171,N13488,observe,0.08020054548978806,1.0019439909607173,2.3834029138088226,0.08020054548978806,0.2645220160484314,1.034664373472333,2.42928255200386,0.002645220160484314,-0.031221240758895874,-0.006272746250033379,-0.006272746250033379,0.9165640714764595,0.016622278839349747,0.07516179978847504,0.0035220272839069366,103923.921875,42889.5703125,61034.35546875,103631.7421875,42751.5625,60880.1796875,0.00281147682107985,0.0032177476678043604,0.0025260490365326405,0.281147682107985,1.9204771537333727,0.8954663510620594,1.7267902013845742,0.8954662914574146,0.9401695623993874,2.5134831748157738,1.0019439909607173,287.8569065623694,287.8569065623694,greedy,1.0019439909607173,0.0,hard_fault_cluster
172,N13609,observe,-0.0730614885687828,0.7902508002989407,0.636785876750946,-0.0730614885687828,0.254325807094574,0.7891168889873144,0.4722355098027037,0.00254325807094574,-0.03975918889045715,-0.007420530542731285,-0.007420530542731285,0.7539593902230263,0.014115460216999054,0.07167910039424896,0.001759219914674759,103631.8515625,42751.625,60880.2265625,103528.390625,42718.515625,60809.87109375,0.0009983507916331291,0.000774458865635097,0.0011556374374777079,0.09983507916331291,1.658451298251748,0.8576199793815613,1.473272340837866,0.8576192820072174,0.7699810534715652,0.6031748119329814,0.7902508002989407,288.64715736266834,288.64715736266834,greedy,0.7902508002989407,0.0,hard_fault_cluster
173,N13497,observe,-0.13810279965400696,0.7838173923007389,0.7141356348991394,-0.13810279965400696,0.24936698377132416,0.7794616867712875,0.4722291807469446,0.0024936698377132417,-0.04453340172767639,-0.008631298318505287,-0.008631298318505287,0.865073402300477,0.01382550597190857,0.07145494222640991,0.0008705891668796539,103528.375,42718.50390625,60809.875,103291.78125,42633.7421875,60658.0390625,0.0022853033151477575,0.001984192058444023,0.002496896078810096,0.22853033151477575,1.6232862826436758,0.705447149798274,1.4427345185540617,0.6945557420700789,0.7538928784430027,0.6325779630988564,0.7838173923007389,289.4309747549691,289.4309747549691,greedy,0.7838173923007389,0.0,hard_fault_cluster
174,N12344,control0,-0.18427839875221252,0.6135646054986864,2.138516217470169,-0.18427839875221252,0.2293372005224228,0.7139134200755506,2.246816802024841,0.002293372005224228,-0.06492522358894348,-0.008223703131079674,-0.008223703131079674,0.8408330840617417,0.009757880121469498,0.05680997669696808,0.00019700080156326294,103291.734375,42633.4453125,60658.2890625,102736.0546875,42085.171875,60650.8828125,0.005379711277782917,0.012860171496868134,0.00012209790293127298,0.5379711277782917,1.1969015095382929,0.47272591792047025,1.0310663864947855,0.4332846900075674,0.6394989907741547,2.3647705125808716,0.6135646054986864,290.0445393604678,290.0445393604678,greedy,0.6135646054986864,0.0,hard_fault_cluster
175,N18114,control0,0.3162650465965271,0.9781277917325496,2.4598978638648985,0.3162650465965271,0.11067664623260498,0.6062402150034905,2.0725838631391524,0.0011067664623260498,0.013866275548934937,0.12437967956066132,0.11067664623260498,1.1722368554025888,0.019123561680316925,0.06454508006572723,-0.00231112539768219,102736.2109375,42085.1953125,60651.015625,101139.7421875,41398.640625,59741.1015625,0.015539494343101978,0.016313448548316956,0.015002453699707985,1.5539494343101978,2.147412493824959,0.9351586239039897,1.971120249480009,0.9140416519343852,0.9326950341463089,2.5850201089680196,0.9781277917325496,291.02266715220037,291.02266715220037,greedy,0.9781277917325496,0.0,hard_fault_cluster
176,N7324,control0,0.3747466206550598,1.042153499275446,2.566850161552429,0.3747466206550598,0.11783953011035919,0.5794452583789825,2.070113930106163,0.001178395301103592,0.016181111335754395,0.12347050756216049,0.11783953011035919,1.3531199940294025,0.01927269995212555,0.06649255752563477,-0.0022969022393226624,101139.7265625,41398.828125,59740.8984375,99983.3359375,40908.890625,59074.4453125,0.011433594860136509,0.011834573931992054,0.01115572638809681,1.143359486013651,2.1685800328850746,1.0677563363313676,1.9875975046306849,1.0464690738916398,1.0408696576952936,2.6540667190402747,1.042153499275446,292.0648206514758,292.0648206514758,greedy,1.042153499275446,0.0,hard_fault_cluster
177,N7292,control0,0.3971017003059387,1.1583909049630166,2.655640411376953,0.3971017003059387,0.11381466686725616,0.5909032537043095,2.056003314256668,0.0011381466686725616,0.019735604524612427,0.12252439558506012,0.11381466686725616,1.4859556186199188,0.018952134996652603,0.06635801494121552,-0.00219552218914032,99983.34375,40908.890625,59074.44921875,98973.5,40468.14453125,58505.359375,0.01010011974722147,0.010773845948278904,0.009633434936404228,1.010011974722147,2.1315525621175766,1.1601129983365535,1.9542982652783394,1.1415002559125422,1.1536378607153892,2.7297999768704173,1.1583909049630166,293.22321155643886,293.22321155643886,greedy,1.1583909049630166,0.0,hard_fault_cluster
178,N18750,control0,0.4071289300918579,1.2835198283195495,2.744435667991638,0.4071289300918579,0.11132277548313141,0.6222469522058964,2.0518971621990203,0.001113227754831314,0.01924416422843933,0.12228142470121384,0.11132277548313141,1.6535453687608241,0.017716918140649796,0.06585431098937988,-0.0028986111283302307,98973.3828125,40468.2265625,58505.15625,98068.09375,40070.8984375,57997.1953125,0.009146792814135551,0.009818273596465588,0.008682327345013618,0.9146792814135551,2.005296014249325,1.290282308459282,1.8300928641110659,1.273505627512932,1.2830117553472518,2.8163356648385522,1.2835198283195495,294.5067313847584,294.5067313847584,greedy,1.2835198283195495,0.0,hard_fault_cluster
179,N18699,control0,0.4108670949935913,1.3033019438385962,2.749439787864685,0.4108670949935913,0.10775211453437805,0.6346322460472584,2.0467633247375487,0.0010775211453437805,0.01843208074569702,0.1218358501791954,0.10775211453437805,1.748956739604473,0.016483813524246216,0.06517888605594635,-0.003606848418712616,98068.09375,40070.890625,57997.19921875,97285.765625,39732.984375,57552.77734375,0.007977397181093693,0.008432711474597454,0.007662815973162651,0.7977397181093693,1.877969317138195,1.4207304987311362,1.705778343603015,1.4109404358267783,1.3421947449445726,2.854765628129244,1.3033019438385962,295.810033328597,295.810033328597,greedy,1.3033019438385962,0.0,hard_fault_cluster
180,N18063,control0,0.41386938095092773,0.894157624989748,2.3865986227989193,0.41386938095092773,0.10482431948184967,0.6443580105900764,2.083609691262245,0.0010482431948184968,0.01761072874069214,0.12126301974058151,0.10482431948184967,1.4614087127894162,0.015415333211421967,0.06450627744197845,-0.004205681383609772,97286.1640625,39732.7109375,57553.453125,96680.96875,39468.79296875,57212.171875,0.0062207747250795364,0.006642334628850222,0.0059298137202858925,0.6220774725079536,1.7676206603646278,1.417795675843954,1.5980551559478045,1.3794683395326137,1.1245410650968553,2.712759536653757,0.894157624989748,296.70419095358676,296.70419095358676,greedy,0.894157624989748,0.0,hard_fault_cluster
181,N12448,control0,0.40690016746520996,0.8191600471735001,2.3644356489181515,0.40690016746520996,0.09285503625869751,0.5720477788150311,2.05175609588623,0.0009285503625869751,0.018455147743225098,0.10423336923122406,0.09285503625869751,1.41802072301507,0.013702601194381714,0.0632995218038559,-0.004994384944438934,96680.421875,39468.95703125,57211.46875,96238.09375,39270.72265625,56967.3671875,0.004575157072395086,0.00502253882586956,0.0042666541412472725,0.45751570723950863,1.567348524928093,1.2453834976255893,1.4195322208106518,1.223502990156412,1.1166729494929315,2.7100499706715344,0.8191600471735001,297.5233510007603,297.5233510007603,greedy,0.8191600471735001,0.0,hard_fault_cluster
182,N12464,control0,0.40073874592781067,0.8597455978393554,2.3464262664318083,0.40073874592781067,0.08358477056026459,0.6050388461351395,2.0398773610591885,0.0008358477056026459,0.019251972436904907,0.08885855227708817,0.08358477056026459,1.5783599600195886,0.011648237705230713,0.0619482696056366,-0.005724035203456879,96238.0859375,39270.71875,56967.3671875,95891.28125,39110.5390625,56780.7421875,0.00360361160710454,0.004078858066350222,0.0032759984023869038,0.360361160710454,1.337267093360424,1.346966470479965,1.2079346012324095,1.282089854478836,1.1445958852767943,2.716153187155723,0.8597455978393554,298.38309659859965,298.38309659859965,greedy,0.8597455978393554,0.0,hard_fault_cluster
183,N12433,control0,0.37572601437568665,0.8745750479400158,2.317484641075134,0.37572601437568665,0.05970166623592377,0.6054930581152439,2.0126873821020124,0.0005970166623592377,0.021913468837738037,0.04825997352600098,0.04825997352600098,1.4068006391823291,0.007407873868942261,0.058480679988861084,-0.007070794701576233,95891.328125,39110.58984375,56780.734375,95607.2734375,38976.96875,56630.3046875,0.0029622563160955906,0.0034164940007030964,0.0026493086479604244,0.29622563160955906,0.8487490266561508,1.1652481934428214,0.7677777968347073,1.1257348439097403,1.1315687730908393,2.717996203675866,0.8745750479400158,299.2576716465397,299.2576716465397,greedy,0.8745750479400158,0.0,hard_fault_cluster
184,N12417,control0,0.39186230301856995,0.872140708565712,2.326153564453125,0.39186230301856995,0.059502169489860535,0.5678707280755043,0.6905987441539764,0.0005950216948986054,0.021749764680862427,0.04000091552734375,0.04000091552734375,1.3171148735284806,0.005380101501941681,0.056433796882629395,-0.00781918317079544,95607.2734375,38976.96875,56630.3046875,95357.109375,38859.21484375,56497.890625,0.0026165798772126436,0.0030211149714887142,0.00233821920119226,0.26165798772126436,0.6375132352113724,0.9872658671438694,0.5628859214484692,0.9606144250929356,1.1451915785670281,2.100178506597877,0.872140708565712,300.1298123551054,300.1298123551054,greedy,0.872140708565712,0.0,hard_fault_cluster
185,N12369,control0,0.40197625756263733,0.9041227582842112,2.3273188948631285,0.40197625756263733,0.0620090514421463,0.5692892496287822,0.6892155691981315,0.000620090514421463,0.020628511905670166,0.04028724879026413,0.04028724879026413,1.2094862491637468,0.004621058702468872,0.05548015236854553,-0.00819532573223114,95357.1015625,38859.2109375,56497.890625,95127.15625,38750.55859375,56376.59375,0.002411412540823221,0.002796051325276494,0.0021469274070113897,0.24114125408232212,0.5644021704792976,1.0782328009605409,0.4876799453049898,1.0562851786613465,1.1779216550290585,2.1431717057153583,0.9041227582842112,301.0339351133896,301.0339351133896,greedy,0.9041227582842112,0.0,hard_fault_cluster
186,N18492,observe,0.24704724550247192,0.5190626323223114,0.7656423926353455,0.24704724550247192,0.03321000188589096,0.3395896926522255,0.4843730926513672,0.0003321000188589096,0.019386738538742065,0.05428703874349594,0.03321000188589096,0.8917968004941941,0.0031439438462257385,0.0429658368229866,-0.007299564778804779,95127.21875,38750.60546875,56376.6171875,96453.484375,39605.453125,56848.03515625,-0.013942020013928413,-0.02206023968756199,-0.008361941203474998,-1.3942020013928413,0.40189142525196075,0.9274650239944457,0.3362686447799206,0.9274654412269592,0.7312681496143341,0.8243781273113564,0.5190626323223114,301.5529977457119,301.5529977457119,greedy,0.5190626323223114,0.0,hard_fault_cluster
187,N8774,observe,0.20809140801429749,0.7319852717220784,0.583238011598587,0.20809140801429749,0.026981979608535767,0.5891519643366336,0.2011604802934016,0.00026981979608535766,0.01659446954727173,0.06159614026546478,0.026981979608535767,0.9977225504815579,0.005396440625190735,0.04248735308647156,-0.00563686341047287,96453.609375,39605.609375,56848.00390625,96943.1875,39923.6328125,57019.55859375,-0.005075788591057062,-0.00802975706756115,-0.0030177785083651543,-0.5075788591057062,0.628222182393074,1.007208802253008,0.5617885924875736,1.007209040671587,1.055214163661003,0.8565885981578594,0.7319852717220784,302.28498301743394,302.28498301743394,greedy,0.7319852717220784,0.0,hard_fault_cluster
188,N13516,observe,0.19621701538562775,0.7591437071561813,0.7766748249530792,0.19621701538562775,0.09370945394039154,0.8149581195414066,0.40666129643786914,0.0009370945394039154,0.26669827103614807,-0.06698556244373322,-0.06698556244373322,0.42191416561945516,0.004526842385530472,0.0848381370306015,-0.007114425301551819,96943.0625,39923.3359375,57019.7265625,97305.421875,40133.45703125,57171.9609375,-0.003737857798114419,-0.0052631148137152195,-0.0026698545552790165,-0.3737857798114419,0.4794081300497055,0.7358384906548872,0.45936521142721176,0.7605133532781019,1.3801239401102066,1.0043846665104432,0.7591437071561813,303.0441267245901,303.0441267245901,greedy,0.7591437071561813,0.0,hard_fault_cluster
189,N8776,observe,0.1951001137495041,0.7424593478441238,0.6181586146354675,0.1951001137495041,0.09413769841194153,0.8537735179066658,0.47213827582545487,0.0009413769841194153,0.26468101143836975,-0.06581196188926697,-0.06581196188926697,0.4027244471142694,0.006872747093439102,0.08773119747638702,-0.0060763731598854065,97305.546875,40133.7578125,57171.78515625,97620.34375,40298.06640625,57322.28125,-0.0032351380214095116,-0.004094024654477835,-0.002632349031046033,-0.32351380214095116,0.7156004458665848,0.7372467340877802,0.6943561434745789,0.7649098159721643,1.3322434231638909,1.0343595343265544,0.7424593478441238,303.78658607243426,303.78658607243426,greedy,0.7424593478441238,0.0,hard_fault_cluster
190,N8825,observe,0.1786155253648758,0.5477323852479459,0.3626142740249634,0.1786155253648758,0.06285913288593292,0.4966653220355511,0.29548108937397044,0.0006285913288593293,0.3090042173862457,-0.07374799996614456,-0.07374799996614456,0.33887032272241413,0.00901389867067337,0.09390436112880707,-0.005128413438796997,97620.34375,40298.0625,57322.28125,97886.8046875,40423.7578125,57463.046875,-0.002729563508182764,-0.003119140397757292,-0.0024556878488510847,-0.2729563508182764,0.8905009999871254,0.6722372436095407,0.8986676502972841,0.6950309240389994,1.1344864688813685,0.7700340936847851,0.5477323852479459,304.33431845768223,304.33431845768223,greedy,0.5477323852479459,0.0,hard_fault_cluster
191,N18765,control0,-0.08653417229652405,0.3973370485007763,2.032037457823753,-0.08653417229652405,0.011899083852767944,0.5110224545001983,2.0728998750448224,0.00011899083852767945,-2.9653310775756836e-05,0.0605783611536026,0.011899083852767944,1.4318458759039638,-0.0026848167181015015,0.028079010546207428,-0.014060407876968384,97886.75,40423.56640625,57463.1796875,97964.953125,40162.95703125,57801.99609375,-0.0007989142904989421,0.00644696643576026,-0.005896234884858131,-0.07989142904989421,-0.1960042268037796,0.16015576697885986,-0.2503623105585575,0.14266608037054535,0.7963973604142667,2.092658284269273,0.3973370485007763,304.731655506183,304.731655506183,greedy,0.3973370485007763,0.0,hard_fault_cluster
192,N12385,control0,0.23256950080394745,1.058229394182563,2.2960746467113493,0.23256950080394745,0.049562081694602966,0.8019074761867523,1.1631987720727919,0.0004956208169460297,0.02431449294090271,0.1307239532470703,0.049562081694602966,1.0689064456522464,0.012592632323503494,0.05339020490646362,-0.004340007901191711,97964.6875,40162.8828125,57801.80859375,96747.5078125,39694.109375,57053.3984375,0.012424677610397339,0.011671807616949081,0.01294786762446165,1.2424677610397339,1.4395492672920227,0.9532592692971229,1.3043347410857677,0.9447784820199012,1.3117265447974205,2.484126190468669,1.058229394182563,305.78988490036556,305.78988490036556,greedy,1.058229394182563,0.0,hard_fault_cluster
193,N12401,control0,0.32678887248039246,0.2717019528150559,2.3910408556461333,0.32678887248039246,0.07057495415210724,0.024915517866611475,2.0373612403869625,0.0007057495415210724,0.02464410662651062,0.12836390733718872,0.07057495415210724,1.3956510481238364,0.013720240443944931,0.05663091689348221,-0.003921806812286377,96747.515625,39694.10546875,57053.40625,96109.7421875,39412.93359375,56696.80859375,0.00659214286133647,0.007083466742187738,0.006250243168324232,0.659214286133647,1.570962905883789,0.9498104494810105,1.421758759766817,0.9374361675977707,1.1391505628824234,2.717156409174204,0.2717019528150559,306.06158685318064,306.06158685318064,greedy,0.2717019528150559,0.0,hard_fault_cluster
194,N12611,control0,0.36614400148391724,0.8292287848889828,2.3014224410057067,0.36614400148391724,0.0806199163198471,0.6213766283541917,1.2039268672466277,0.0008061991631984711,0.02422747015953064,0.12671895325183868,0.0806199163198471,1.3696043360233308,0.013880345970392227,0.0579771026968956,-0.0038807615637779236,96109.75,39412.875,56696.875,95626.8984375,39170.5625,56456.3359375,0.0050239600241184235,0.006148054264485836,0.004242545459419489,0.5023960024118423,1.5953734666109085,1.1613941882550716,1.4398693144321442,1.1344325040280818,1.0849236413836478,2.336699815914035,0.8292287848889828,306.8908156380696,306.8908156380696,greedy,0.8292287848889828,0.0,hard_fault_cluster
195,N8778,observe,0.17611216008663177,0.46657355837523934,0.4525162130594253,0.17611216008663177,0.012499421834945679,0.28297931604087356,-0.005642803013324732,0.00012499421834945678,0.02070888876914978,0.11276835203170776,0.012499421834945679,0.8626453195139765,0.011609084904193878,0.049226462841033936,-0.0037817582488059998,95627.1171875,39170.84375,56456.2734375,96746.453125,39855.80078125,56890.65234375,-0.011705215089023113,-0.01748639903962612,-0.007694076746702194,-1.1705215089023113,1.2861762642860413,0.9077450728416443,1.1922254338860512,0.9077465033531189,0.6682889245450497,0.5193756679675426,0.46657355837523934,307.35738919644484,307.35738919644484,greedy,0.46657355837523934,0.0,hard_fault_cluster
196,N8820,observe,0.14809063076972961,0.52170739620924,0.6129127383232117,0.14809063076972961,0.001055404543876648,0.393961963057518,-0.1902143657207489,1.055404543876648e-05,0.01868799328804016,0.11374593526124954,0.001055404543876648,0.9207094547152519,0.01251167431473732,0.0484028160572052,-0.003131300210952759,96746.4375,39855.7890625,56890.6484375,97151.3515625,40099.2734375,57052.078125,-0.004185312427580357,-0.006109134294092655,-0.002837543375790119,-0.41853124275803566,1.3659687712788582,0.7919151668250561,1.2798677664250135,0.779095161408186,0.8525625601410866,0.5618992797464762,0.52170739620924,307.8790965926541,307.8790965926541,greedy,0.52170739620924,0.0,hard_fault_cluster
197,N13499,observe,0.11406751722097397,0.6913137674331665,0.4464494906365871,0.11406751722097397,0.016715697944164276,0.6849091693758963,0.40715836733579636,0.00016715697944164276,0.019612401723861694,0.14069442451000214,0.016715697944164276,0.9419427916407586,0.01418963074684143,0.048950180411338806,-0.0020786523818969727,97151.34375,40099.1796875,57052.1640625,97436.5390625,40244.29296875,57192.24609375,-0.0029355776496231556,-0.003618858987465501,-0.002455332549288869,-0.29355776496231556,1.5763731971383095,0.8491208693385124,1.4583156052976847,0.808596267402172,0.9285172164440154,0.6714915398175654,0.6913137674331665,308.57041036008724,308.57041036008724,greedy,0.6913137674331665,0.0,hard_fault_cluster
198,N8833,observe,0.11033347994089127,0.7046566680073738,0.37790601849555966,0.11033347994089127,0.016787350177764893,0.7256426736712456,0.20055916905403134,0.00016787350177764891,0.020097702741622925,0.14038246870040894,0.016787350177764893,0.9539673131704329,0.014983374625444412,0.049391359090805054,-0.0016776621341705322,97436.546875,40244.37890625,57192.171875,97679.9453125,40349.4375,57330.5078125,-0.002498019952327013,-0.0026105160359293222,-0.0024187914095818996,-0.2498019952327013,1.655507281422615,0.8425826747715472,1.5376299172639847,0.801150472909212,0.9680513367056847,0.6206767955634951,0.7046566680073738,309.2750670280946,309.2750670280946,greedy,0.7046566680073738,0.0,hard_fault_cluster
199,N13548,observe,0.11234290152788162,0.804714597016573,0.448726224899292,0.11234290152788162,0.01822582632303238,0.8823477260768413,0.9017797648906707,0.0001822582632303238,0.02019023895263672,0.14028455317020416,0.01822582632303238,0.972419041097164,0.015550602227449417,0.04980999976396561,-0.001421317458152771,97679.6484375,40349.0546875,57330.59375,97893.2890625,40434.921875,57458.3671875,-0.0021871558856219053,-0.0021281091030687094,-0.00222871289588511,-0.21871558856219053,1.7135706022381783,0.8167286455631255,1.5946878176182508,0.7727125525474547,1.0375138133764268,0.869243284178956,0.804714597016573,310.0797816251112,310.0797816251112,greedy,0.804714597016573,0.0,hard_fault_cluster
200,N8836,observe,0.13926325738430023,0.26131549328565606,0.6129923105239868,0.13926325738430023,-0.015457361936569214,0.23565362617373475,0.38683556503647193,-0.00015457361936569214,0.415956974029541,-0.03307734429836273,-0.03307734429836273,0.7960917069017888,0.012066919356584549,0.10573132336139679,-0.0035222098231315613,97893.5859375,40435.29296875,57458.29296875,98082.8046875,40506.86328125,57575.94140625,-0.0019329023780301213,-0.0017699961317703128,-0.0020475450437515974,-0.19329023780301213,1.158157229423523,0.5491299647837877,1.194558259099722,0.5730409044772387,0.985522150248289,0.7805141144400772,0.26131549328565606,310.3410971183969,310.3410971183969,greedy,0.26131549328565606,0.0,hard_fault_cluster
201,N8823,observe,0.13374795019626617,0.24064512401819235,0.37910352051258084,0.13374795019626617,-0.013983987271785736,0.20968100056052205,0.38539222030085507,-0.00013983987271785737,0.4162581264972687,-0.03295672684907913,-0.03295672684907913,0.7831457890570164,0.012401506304740906,0.10653482377529144,-0.0034076496958732605,98082.796875,40506.8671875,57575.9296875,98259.6875,40571.5859375,57688.10546875,-0.001803482649847865,-0.0015977228758856654,-0.0019483104115352035,-0.1803482649847865,1.1932099163532257,0.5305910072475671,1.2284154519438744,0.5562484226375818,0.9583668224513531,0.6503290322276553,0.24064512401819235,310.5817422424151,310.5817422424151,greedy,0.24064512401819235,0.0,hard_fault_cluster
202,N8824,observe,0.12621168792247772,0.3088697880506516,0.3626170843839645,0.12621168792247772,-0.01103828102350235,0.32738124430179605,0.13598792552947997,-0.0001103828102350235,0.41617390513420105,-0.03286612778902054,-0.03286612778902054,0.8549145090579986,0.012581080198287964,0.10706064105033875,-0.0034187957644462585,98259.6796875,40571.578125,57688.1015625,98428.0625,40635.54296875,57792.515625,-0.0017136511160060763,-0.0015765924472361803,-0.0018099757144227624,-0.17136511160060763,1.2142036110162735,0.5789777037501335,1.2471319176256657,0.605051517188549,1.1535475283861159,0.6489039817565663,0.3088697880506516,310.8906120304657,310.8906120304657,greedy,0.3088697880506516,0.0,hard_fault_cluster
203,N13583,observe,0.1178547814488411,0.29034136384725584,0.5111187443137168,0.1178547814488411,-0.008488938212394714,0.3143215462565423,0.42601732090115546,-8.488938212394714e-05,0.4158342182636261,-0.03274531662464142,-0.03274531662464142,0.851403534412384,0.012663200497627258,0.10740645229816437,-0.0034973546862602234,98427.890625,40635.2890625,57792.59765625,98580.984375,40694.66015625,57886.328125,-0.0015553899575024843,-0.0014610722428187728,-0.0016218421515077353,-0.15553899575024843,1.2250857949256897,0.6845899349451066,1.2560114860534668,0.7046702033281327,1.136700290441513,0.8007241872532018,0.29034136384725584,311.18095339431295,311.18095339431295,greedy,0.29034136384725584,0.0,hard_fault_cluster
204,N13581,observe,0.10953982919454575,0.2635334357619288,0.372959691286087,0.10953982919454575,-0.00640549510717392,0.29087233543396007,0.4070998966693878,-6.405495107173919e-05,0.415360689163208,-0.03260733187198639,-0.03260733187198639,0.8452193704247475,0.012687958776950836,0.1076512485742569,-0.003605775535106659,98580.921875,40694.5703125,57886.35546875,98715.140625,40746.96484375,57968.17578125,-0.0013615083880722523,-0.0012875066604465246,-0.0014134645462036133,-0.13615083880722523,1.2297830507159233,0.6761807684600354,1.2590426709502935,0.6958986704051495,1.1093408003449439,0.7093596076304265,0.2635334357619288,311.4444868300749,311.4444868300749,greedy,0.2635334357619288,0.0,hard_fault_cluster
205,N13591,observe,0.10194320231676102,0.2377424776554108,0.4588159121587523,0.10194320231676102,-0.0047750324010849,0.2682345151901246,0.41300091519879056,-4.7750324010848996e-05,0.41488781571388245,-0.03253154456615448,-0.03253154456615448,0.8415645062923431,0.012690704315900803,0.10784779489040375,-0.003710150718688965,98715.21875,40747.07421875,57968.140625,98835.3125,40795.13671875,58040.171875,-0.0012165677035227418,-0.001179532497189939,-0.0012426006142050028,-0.12165677035227418,1.2317638546228409,0.6693304580450058,1.2597437873482704,0.6888217133283615,1.088081532716751,0.7072314609404748,0.2377424776554108,311.68222930773027,311.68222930773027,greedy,0.2377424776554108,0.0,hard_fault_cluster
206,N13559,observe,0.0951603353023529,0.2184314221143724,0.4565730993810575,0.0951603353023529,-0.0033597350120544434,0.2553206212818624,0.41856815216524407,-3.359735012054443e-05,0.41440996527671814,-0.03248699754476547,-0.03248699754476547,0.8449832613766193,0.01270987093448639,0.10805918276309967,-0.003765806555747986,98835.3046875,40795.125,58040.1796875,98942.890625,40840.84375,58102.046875,-0.0010885375086218119,-0.001120691536925733,-0.0010659372201189399,-0.10885375086218119,1.235140360891819,0.6675498471409083,1.262025410309434,0.6869282708317042,1.0854054443538188,0.9384715506976681,0.2184314221143724,311.9006607298446,311.9006607298446,greedy,0.2184314221143724,0.0,hard_fault_cluster
207,N13607,observe,0.08907270431518555,0.19847934991121313,-1.3455062866210936,0.08907270431518555,-0.0021288692951202393,0.2420679122209549,-1.376454883813858,-2.1288692951202394e-05,0.4139450788497925,-0.03246220201253891,-0.03246220201253891,0.8496537497639656,0.012738015502691269,0.10827524960041046,-0.003789864480495453,98942.9765625,40840.8671875,58102.109375,99043.5234375,40886.3984375,58157.125,-0.0010162102989852428,-0.0011148452758789062,-0.0009468782809562981,-0.10162102989852428,1.2392104789614677,0.6661831906437874,1.265153782442212,0.6855796745419502,1.0873001366853714,-0.8682549111545085,0.19847934991121313,312.09914007975584,312.09914007975584,greedy,0.19847934991121313,0.0,hard_fault_cluster
208,N12143,control0,-0.43395787477493286,0.18733340133915136,0.471186663210392,-0.43395787477493286,-0.10411444306373596,0.2036956353910375,1.5200355801425757e-05,-0.0010411444306373597,0.002986341714859009,0.16351856291294098,-0.10411444306373596,0.17459946920921762,0.0053155384957790375,0.033604368567466736,-0.005430929362773895,99043.390625,40886.36328125,58157.03125,99211.65625,40955.12890625,58256.52734375,-0.0016989081632345915,-0.0016818719450384378,-0.0017108179163187742,-0.16989081632345915,0.5909579694271088,0.29655248590203886,0.546404879540205,0.3020913369247592,0.49947773418950875,0.5187966061904297,0.18733340133915136,312.286473481095,312.286473481095,greedy,0.18733340133915136,0.0,hard_fault_cluster
209,N12569,control0,-0.031935837119817734,0.8372093662619591,2.2108046293258665,-0.031935837119817734,-0.028408322483301163,0.9187192695587874,1.255090856552124,-0.0002840832248330116,0.015562862157821655,0.13905908167362213,-0.028408322483301163,1.0081042774021625,0.009504478424787521,0.04735768586397171,-0.006083749234676361,99211.421875,40954.7421875,58256.6796875,98020.5234375,40332.828125,57687.6953125,0.01200364250689745,0.015185398049652576,0.009766852483153343,1.200364250689745,1.061098601669073,0.7645308940857649,0.9781105322763324,0.7462409704178572,1.3202961035072804,2.4461854903772475,0.8372093662619591,313.123682847357,313.123682847357,greedy,0.8372093662619591,0.0,hard_fault_cluster
210,N13532,observe,-0.01609122008085251,0.8331301063299179,-1.3978657126426695,-0.01609122008085251,-0.014966778457164764,0.9677207940071821,-1.3633449792861936,-0.00014966778457164764,0.016712039709091187,0.13977740705013275,-0.014966778457164764,1.0519988049566744,0.012219209223985672,0.04772692918777466,-0.003955408930778503,98020.6796875,40333.07421875,57687.60546875,98547.390625,40666.1640625,57881.2265625,-0.005373467691242695,-0.008258478716015816,-0.003356372471898794,-0.5373467691242695,1.3467315509915352,0.8771037685126066,1.2531235795468092,0.8518299090117216,1.3498962767422198,-0.697567420117557,0.8331301063299179,313.9568129536869,313.9568129536869,greedy,0.8331301063299179,0.0,hard_fault_cluster
211,N13495,observe,-0.011258835904300213,0.8206306384503841,-1.4062115728855131,-0.011258835904300213,-0.010439351201057434,0.9437001610547304,-1.381469267606735,-0.00010439351201057433,0.01663762331008911,0.14096114039421082,-0.010439351201057434,1.0102684374153614,0.013207674026489258,0.04792505502700806,-0.0032675936818122864,98547.578125,40666.35546875,57881.2265625,98714.4609375,40747.5390625,57966.921875,-0.0016934238374233246,-0.001996333245187998,-0.0014805372338742018,-0.16934238374233246,1.4512891918420792,0.8640363465994596,1.3533978499472141,0.8369774471968412,1.3309711404144764,-0.7098687587305903,0.8206306384503841,314.7774435921373,314.7774435921373,greedy,0.8206306384503841,0.0,hard_fault_cluster
212,N19478,observe,-0.008094347082078457,0.8233146633207797,-1.4067762970924376,-0.008094347082078457,-0.007818758487701416,0.9656874604523182,-1.366118824481964,-7.818758487701416e-05,0.016168981790542603,0.1420818716287613,-0.007818758487701416,1.1015709125995636,0.013763248920440674,0.04812518507242203,-0.002916291356086731,98714.578125,40747.71875,57966.86328125,98834.1953125,40797.453125,58036.7421875,-0.0012117479927837849,-0.001220543752424419,-0.001205497421324253,-0.12117479927837849,1.5105880051851273,0.8813306301832199,1.4098906703293324,0.8535576075315475,1.3424701690673828,-0.7023943901062011,0.8233146633207797,315.60075825545806,315.60075825545806,greedy,0.8233146633207797,0.0,hard_fault_cluster
213,N17825,control0,-0.507045567035675,0.23697527836867036,0.33024132531136274,-0.507045567035675,-0.12485941499471664,0.32500202488478636,-2.6619800337357447e-06,-0.0012485941499471665,0.003870069980621338,0.16553039848804474,-0.12485941499471664,0.2785723674762994,0.003632858395576477,0.03145194798707962,-0.006605885922908783,98833.78125,40797.0703125,58036.7109375,99038.15625,40880.0234375,58158.12890625,-0.002067865803837776,-0.002033310942351818,-0.0020920890383422375,-0.20678658038377762,0.4039568230509758,0.36250169377774,0.37345358543097973,0.36952470045536756,0.7795246138237417,0.6033113612172293,0.23697527836867036,315.83773353382674,315.83773353382674,greedy,0.23697527836867036,0.0,hard_fault_cluster
214,N19475,observe,-0.09183196723461151,0.8461719699203968,2.272151035070419,-0.09183196723461151,-0.05031532049179077,0.704080738350749,-1.5237375646829603,-0.0005031532049179077,0.015273451805114746,0.14397390186786652,-0.05031532049179077,0.8738717207312583,0.011871449649333954,0.04374048113822937,-0.003466576337814331,99038.484375,40880.3671875,58158.12109375,99063.921875,40933.87109375,58130.046875,-0.00025684459251351655,-0.001308792270720005,0.0004827222437597811,-0.025684459251351655,1.2808035463094711,0.7721555099636316,1.2105596102774143,0.7830184266716241,1.2088265605270863,0.8907372643426062,0.8461719699203968,316.68390550374716,316.68390550374716,greedy,0.8461719699203968,0.0,hard_fault_cluster
215,N13511,observe,-0.03214607387781143,0.8134748668968678,-1.3973899006843564,-0.03214607387781143,-0.0321553610265255,0.880503049120307,-1.4190085113048552,-0.00032155361026525497,0.016596972942352295,0.14320072531700134,-0.0321553610265255,0.9835884957015515,0.013729855418205261,0.04665769636631012,-0.002767592668533325,99063.75,40933.63671875,58130.109375,99202.6796875,40994.5703125,58208.109375,-0.0014024270931258798,-0.0014885946875438094,-0.001341817551292479,-0.14024270931258798,1.484030906111002,0.8688976573199034,1.400746882893145,0.8465032088011504,1.3152481742203235,-0.7200886867567897,0.8134748668968678,317.497380370644,317.497380370644,greedy,0.8134748668968678,0.0,hard_fault_cluster
216,N19473,observe,-0.014734170399606228,0.8210249732434749,-1.394431513547897,-0.014734170399606228,-0.025708340108394623,0.8863613245636224,-1.4173550605773924,-0.00025708340108394624,0.01604977250099182,0.14447636902332306,-0.025708340108394623,1.0109885580837727,0.014430578798055649,0.04781641066074371,-0.002525240182876587,99202.8359375,40994.7890625,58208.046875,99308.125,41031.7734375,58276.3515625,-0.0010613513877615333,-0.0009021725854836404,-0.0011734578292816877,-0.10613513877615333,1.5618259087204933,0.8761188025027513,1.472749887034297,0.8519467646628618,1.3185898654162884,-0.7179165874794124,0.8210249732434749,318.3184053438875,318.3184053438875,greedy,0.8210249732434749,0.0,hard_fault_cluster
217,N12119,control0,-0.509357750415802,0.2805496698356433,0.24932340905070305,-0.509357750415802,-0.1388106644153595,0.33128442433647476,1.6521327142982042e-05,-0.001388106644153595,0.0034494996070861816,0.1680373251438141,-0.1388106644153595,0.2839668179295495,0.004293531179428101,0.03166459500789642,-0.0060120150446891785,99307.8046875,41031.4921875,58276.3125,99447.609375,41078.046875,58369.55859375,-0.001407791511155665,-0.0011346086394041777,-0.0016000685282051563,-0.1407791511155665,0.45857977867126465,0.3911535240868398,0.4366597831249237,0.3954266406754323,0.8055246975828595,0.6187086627144959,0.2805496698356433,318.5989550137231,318.5989550137231,greedy,0.2805496698356433,0.0,hard_fault_cluster
218,N19472,observe,-0.10549652576446533,0.9415549077093601,2.333753830194473,-0.10549652576446533,-0.06142016500234604,0.7473646353930234,-1.5119972258806227,-0.0006142016500234604,0.014422506093978882,0.14701615273952484,-0.06142016500234604,0.8679321411252021,0.011976391077041626,0.04348435997962952,-0.0034946128726005554,99447.84375,41078.2890625,58369.55078125,99416.84375,41083.671875,58333.16796875,0.0003117211745120585,-0.00013103790115565062,0.0006233183667063713,0.03117211745120585,1.2832350954413414,0.7840034323185683,1.2190381046384573,0.7939533548802138,1.2914374329149725,0.9444343313947323,0.9415549077093601,319.5405099214325,319.5405099214325,greedy,0.9415549077093601,0.0,hard_fault_cluster
219,N19469,observe,-0.06099025532603264,0.7875048879534006,-1.4121174156665801,-0.06099025532603264,-0.043291233479976654,0.8317727434635163,-1.4530184477567671,-0.00043291233479976656,0.015277177095413208,0.14635489881038666,-0.043291233479976654,0.9315391747653483,0.013463374227285385,0.046109579503536224,-0.003041893243789673,99416.8125,41083.66015625,58333.15625,99532.234375,41111.75390625,58420.4765625,-0.0011609895154833794,-0.0006838180706836283,-0.0014969242038205266,-0.11609895154833794,1.4494010880589485,0.8417761518061161,1.372103339061141,0.821587343364954,1.284607794880867,-0.7400049333274364,0.7875048879534006,320.3280148093859,320.3280148093859,greedy,0.7875048879534006,0.0,hard_fault_cluster
220,N19470,observe,-0.058647748082876205,0.7775113663822413,-1.4204379081726073,-0.058647748082876205,-0.03749510645866394,0.8279026892781257,-1.4564614087343215,-0.0003749510645866394,0.014486879110336304,0.14728166162967682,-0.03749510645866394,0.9480523799359798,0.013807572424411774,0.046785153448581696,-0.002981029450893402,99532.2109375,41111.74609375,58420.46484375,99600.3046875,41113.6640625,58486.640625,-0.000684137805365026,-4.665257438318804e-05,-0.0011327499523758888,-0.0684137805365026,1.4905437976121902,0.833716233819723,1.4082038812339306,0.8127173088490962,1.2751843929290771,-0.7461301445960998,0.7775113663822413,321.1055261757681,321.1055261757681,greedy,0.7775113663822413,0.0,hard_fault_cluster
221,N19450,control0,-0.19561932981014252,0.6129352308064699,2.0849772959947583,-0.19561932981014252,-0.07810083776712418,0.6116565186530352,2.0042887210845945,-0.0007810083776712417,0.009169697761535645,0.149910107254982,-0.07810083776712418,0.6937873116135598,0.008599381893873215,0.04067686200141907,-0.005376674234867096,99599.75,41112.89453125,58486.8515625,99563.15625,41061.6328125,58501.52734375,0.00036740803625434637,0.0012468525674194098,-0.0002509244659449905,0.03674080362543464,0.9317474588751793,0.62440230242908,0.8778905067592859,0.6140899836272001,1.1123737789690495,2.614296455271542,0.6129352308064699,321.71846140657453,321.71846140657453,greedy,0.6129352308064699,0.0,hard_fault_cluster
222,N19466,observe,-0.08874630182981491,0.7729681511223316,-1.4291636168956754,-0.08874630182981491,-0.04777982831001282,0.8293106907606125,-1.4603114426136015,-0.0004777982831001282,0.011509567499160767,0.14659713208675385,-0.04777982831001282,0.9137437441945075,0.012128498405218124,0.04517057538032532,-0.00389128178358078,99563.6640625,41062.3828125,58501.28125,99493.5390625,41028.96875,58464.5703125,0.000704323232639581,0.0008137390250340104,0.0006275236373767257,0.0704323232639581,1.3116671442985535,0.804239699691534,1.2375541664659977,0.7860605810582637,1.2638799503445626,-0.7534780322760343,0.7729681511223316,322.49142955769685,322.49142955769685,greedy,0.7729681511223316,0.0,hard_fault_cluster
223,N13543,observe,-0.07988085597753525,0.7646741360425949,-1.4335618317127226,-0.07988085597753525,-0.041027575731277466,0.8213096316158771,-1.4644972443580626,-0.00041027575731277465,0.010586172342300415,0.14806409180164337,-0.041027575731277466,0.9272599080204963,0.012716613709926605,0.04608790576457977,-0.0036923885345458984,99493.359375,41028.7421875,58464.6171875,99527.6171875,41023.8984375,58503.71875,-0.0003443226160015911,0.00011805748363258317,-0.0006688073044642806,-0.03443226160015911,1.3786978870630264,0.7964500835537911,1.298420500010252,0.7766112735867501,1.2570269584655762,-0.7579324769973754,0.7646741360425949,323.2561036937394,323.2561036937394,greedy,0.7646741360425949,0.0,hard_fault_cluster
224,N12135,control0,-0.5363504886627197,0.30657025818854433,1.8640821889042853,-0.5363504886627197,-0.14472860097885132,0.33376198211008384,9.903732734528602e-06,-0.0014472860097885132,-0.0007502138614654541,0.1693985015153885,-0.14472860097885132,0.28608794929706616,0.003323890268802643,0.029810070991516113,-0.00659247487783432,99527.484375,41023.84375,58503.640625,99639.1640625,41086.2421875,58552.921875,-0.0011220989981666207,-0.0015210285782814026,-0.0008423621184192598,-0.11220989981666207,0.35705892741680145,0.38236794376751276,0.3385565020143986,0.3842596461810717,0.8182938514519719,1.6087961043854397,0.30657025818854433,323.562673951928,323.562673951928,greedy,0.30657025818854433,0.0,hard_fault_cluster
225,N12706,control0,-0.09620564430952072,0.9553794957697391,2.314158171415329,-0.09620564430952072,-0.06665254384279251,0.7923853489011525,2.0990367799997327,-0.0006665254384279251,0.0117664635181427,0.14598338305950165,-0.06665254384279251,0.8742329373955726,0.007768444716930389,0.04455846548080444,-0.007292985916137695,99639.328125,41086.234375,58553.09375,98480.28125,40463.26953125,58017.015625,0.011632423847913742,0.015162373892962933,0.009155419655144215,1.1632423847913742,0.8561753109097481,0.6967510909587145,0.7966771814972162,0.7020716995745897,1.344673689454794,2.9740378981456157,0.9553794957697391,324.51805344769775,324.51805344769775,greedy,0.9553794957697391,0.0,hard_fault_cluster
226,N7131,control0,0.02586357668042183,0.8527080044150352,2.2342824697494503,0.02586357668042183,-0.0359773188829422,0.8771884798258542,2.1800089478492737,-0.000359773188829422,0.011807352304458618,0.14283336699008942,-0.0359773188829422,0.9648456962406635,0.008746083825826645,0.050870344042778015,-0.007807984948158264,98479.90625,40462.640625,58017.265625,97704.8515625,40044.26171875,57660.58984375,0.00787018146365881,0.010339881293475628,0.006147752515971661,0.787018146365881,0.9814644306898117,0.7697607984393835,0.9013223946094513,0.7504857888072729,1.3277739800512791,2.963053087033331,0.8527080044150352,325.3707614521128,325.3707614521128,greedy,0.8527080044150352,0.0,hard_fault_cluster
227,N19467,observe,-0.12032965570688248,0.6747688540816307,-1.4859056532382964,-0.12032965570688248,-0.0545286163687706,0.7499496218562125,-1.4951904743909834,-0.000545286163687706,0.010302424430847168,0.15071536600589752,-0.0545286163687706,0.8077645143866539,0.008813679218292236,0.04579487442970276,-0.006407402455806732,97705.265625,40045.140625,57660.125,98416.109375,40436.2265625,57979.8828125,-0.0072753881104290485,-0.009766126982867718,-0.005545562133193016,-0.7275388110429049,0.9775546714663506,0.7131924074143171,0.9054146092385054,0.6967676024883985,1.1281962536275385,-0.8416724351420999,0.6747688540816307,326.0455303061944,326.0455303061944,greedy,0.6747688540816307,0.0,hard_fault_cluster
228,N19465,observe,-0.14126354455947876,0.68714181676507,-1.4885205537080763,-0.14126354455947876,-0.054213687777519226,0.7716336105763912,-1.4981095373630522,-0.0005421368777751923,0.01043546199798584,0.1526382714509964,-0.054213687777519226,0.8430071839690207,0.00970005989074707,0.04514186084270477,-0.005628533661365509,98416.078125,40436.2109375,57979.87109375,98624.453125,40524.17578125,58100.27734375,-0.002117286203429103,-0.0021753977052867413,-0.002076690550893545,-0.2117286203429103,1.0684305727481842,0.7409477124363184,0.9946121349930763,0.7242540011554957,1.192870459705591,-0.7996342011913657,0.68714181676507,326.73267212295946,326.73267212295946,greedy,0.68714181676507,0.0,hard_fault_cluster
229,N19463,observe,-0.14105379581451416,0.6990097733587026,-1.4791690170764922,-0.14105379581451416,-0.05170220136642456,0.7748392317444086,-1.4958145707845687,-0.0005170220136642456,0.01059502363204956,0.15352194011211395,-0.05170220136642456,0.8584708136320114,0.01042935997247696,0.04505454748868942,-0.005100861191749573,98624.421875,40524.1640625,58100.26171875,98783.8828125,40585.9609375,58197.921875,-0.0016168503789231181,-0.0015249389689415693,-0.0016808900982141495,-0.1616850378923118,1.1447557359933853,0.76222690500319,1.0683909319341183,0.7450748340040445,1.203496489673853,-0.7927272817119956,0.6990097733587026,327.43168189631814,327.43168189631814,greedy,0.6990097733587026,0.0,hard_fault_cluster
230,N12111,control0,-0.6272903680801392,0.3391936278927369,1.8817684508860109,-0.6272903680801392,-0.15367349982261658,0.38482970537871547,-1.766136100143194,-0.0015367349982261657,-0.0006691813468933105,0.1735728532075882,-0.15367349982261658,0.34697371937334537,2.2917985916137695e-05,0.025649569928646088,-0.009518109261989594,98783.4609375,40585.6328125,58197.828125,98980.03125,40700.5390625,58279.4921875,-0.001989911077544093,-0.00283120502717793,-0.0014032149920240045,-0.1989911077544093,0.022191151976585388,0.3893552873469889,0.007266636937856674,0.38668504396453496,0.848186082392931,0.48311950732022557,0.3391936278927369,327.77087552421085,327.77087552421085,greedy,0.3391936278927369,0.0,hard_fault_cluster
231,N7067,control0,-0.13661415874958038,0.9118471123278141,2.299521404504776,-0.13661415874958038,-0.07410305738449097,0.7854897855222225,2.119227162003517,-0.0007410305738449097,0.01158091425895691,0.14970755577087402,-0.07410305738449097,0.837646841853857,0.00596216693520546,0.04340657591819763,-0.008338607847690582,98980.2265625,40700.22265625,58280.00390625,97866.578125,40103.16015625,57763.4140625,0.011251221410930157,0.014669760130345821,0.008863929659128189,1.1251221410930157,0.671821191906929,0.7038377438485621,0.6151178181171417,0.706728449910879,1.2675308525562285,2.8100732108950615,0.9118471123278141,328.68272263653864,328.68272263653864,greedy,0.9118471123278141,0.0,hard_fault_cluster
232,N7115,control0,0.0014717774465680122,0.828650386184454,2.218740391731262,0.0014717774465680122,-0.039668794721364975,0.8655791337788105,2.1740838706493375,-0.00039668794721364975,0.011646687984466553,0.14528420567512512,-0.039668794721364975,0.9486080121994018,0.007477402687072754,0.04983227699995041,-0.00844496488571167,97866.296875,40102.8203125,57763.4765625,97193.765625,39746.2578125,57447.51171875,0.006871939171105623,0.008891207166016102,0.005469976458698511,0.6871939171105623,0.8533556796610355,0.7707146973907948,0.7741441214457154,0.7516441316902638,1.3132885292172432,2.8405606902390717,0.828650386184454,329.5113730227231,329.5113730227231,greedy,0.828650386184454,0.0,hard_fault_cluster
233,N7469,observe,-0.1534939855337143,0.6544830019772052,-1.481248566508293,-0.1534939855337143,-0.03736170381307602,0.7895416457951068,-1.432298284769058,-0.0003736170381307602,0.015147626399993896,0.1451733559370041,-0.03736170381307602,0.884410363137722,0.011866725981235504,0.05317777395248413,-0.004981860518455505,97194.203125,39747.08203125,57447.125,98385.53125,40264.5,58121.02734375,-0.012257193215191364,-0.013017759658396244,-0.011730828322470188,-1.2257193215191364,1.2944842502474785,0.8142935731261969,1.2136255111545324,0.79337228320539,1.10250957980752,-0.6922764786705373,0.6544830019772052,330.1658560247003,330.1658560247003,greedy,0.6544830019772052,0.0,hard_fault_cluster
234,N19460,observe,-0.1830940991640091,0.5752132751047612,-1.473654371500015,-0.1830940991640091,-0.05015261471271515,0.6120527304708958,-1.4788703829050063,-0.0005015261471271515,0.010941535234451294,0.1501072496175766,-0.05015261471271515,0.6952050918340683,0.011661209166049957,0.04968558996915817,-0.004638269543647766,98385.5078125,40264.6640625,58120.84375,98675.3125,40457.2578125,58218.0546875,-0.0029456033371388912,-0.004783195443451405,-0.0016725658206269145,-0.2945603337138891,1.2660755515098572,0.6484827967733144,1.191109575331211,0.6304013403505087,0.7410142831504345,-0.9265248985961079,0.5752132751047612,330.7410692998051,330.7410692998051,greedy,0.5752132751047612,0.0,hard_fault_cluster
235,N13613,control0,-0.6739315986633301,0.2368232348933816,0.48702683597803115,-0.6739315986633301,-0.11570017784833908,0.36911713963374493,0.3963072508573532,-0.0011570017784833908,0.015753179788589478,0.15345706045627594,-0.11570017784833908,0.4141770843788981,-0.0022553130984306335,0.02963946759700775,-0.013816185295581818,98675.6640625,40457.2109375,58218.453125,98651.828125,40179.546875,58472.28125,0.00024155841674655676,0.0068631540052592754,-0.004359925631433725,0.024155841674655676,-0.1877744272351265,0.2592035154812038,-0.21609208919107914,0.25205280585214496,0.5722078705206514,0.65210172795978,0.2368232348933816,330.97789253469847,330.97789253469847,greedy,0.2368232348933816,0.0,hard_fault_cluster
236,N12604,control0,-0.05055945739150047,0.8114676736295223,2.2849490165710447,-0.05055945739150047,-0.018580682575702667,0.6444900772720574,2.054712292551994,-0.00018580682575702667,0.018589138984680176,0.13357456028461456,-0.018580682575702667,1.0789061281085015,0.009619776159524918,0.04949885606765747,-0.006498068571090698,98650.875,40178.89453125,58471.984375,97496.8046875,39716.15625,57780.6484375,0.011698530986905098,0.011516949161887169,0.01182337012141943,1.1698530986905098,1.0769714936614037,0.781157101020217,0.9907260853797197,0.7790356227010489,1.2029507599771023,2.7559620070084927,0.8114676736295223,331.789360208328,331.789360208328,greedy,0.8114676736295223,0.0,hard_fault_cluster
237,N12570,control0,0.06360718607902527,0.6619745023548603,2.2852300643920898,0.06360718607902527,0.00626760721206665,0.45493371814489364,2.0201374024152754,6.26760721206665e-05,0.01890641450881958,0.12762567400932312,0.00626760721206665,0.9801125718653202,0.011345181614160538,0.052751898765563965,-0.005750127136707306,97496.5703125,39715.984375,57780.5859375,96911.4375,39485.03125,57426.41015625,0.006001573521643877,0.005815117619931698,0.00612966762855649,0.6001573521643877,1.2684114426374435,0.6971402686834336,1.1679914817214012,0.6953119260072709,0.8779692664742469,2.55399887509644,0.6619745023548603,332.45133471068283,332.45133471068283,greedy,0.6619745023548603,0.0,hard_fault_cluster
238,N7083,control0,0.11334216594696045,0.7040362276136876,2.3036172091960907,0.11334216594696045,0.02085711807012558,0.4834248052537441,2.0292102903127667,0.0002085711807012558,0.017372876405715942,0.1247541606426239,0.02085711807012558,0.7575982432067394,0.011722221970558167,0.05407238006591797,-0.005623772740364075,96911.65625,39485.109375,57426.546875,96472.046875,39283.8046875,57188.2421875,0.004536186810582876,0.005098243243992329,0.004149730317294598,0.4536186810582876,1.3178334757685661,0.8359734764695168,1.208625016734004,0.8296048989892006,0.9008051350712777,2.5724339357763526,0.7040362276136876,333.1553709382965,333.1553709382965,greedy,0.7040362276136876,0.0,hard_fault_cluster
239,N19441,observe,0.22717741131782532,0.6643777102231979,2.351894724369049,0.22717741131782532,0.31109392642974854,0.6629731141030788,2.366367393732071,0.0031109392642974854,-0.15526732802391052,0.08429251611232758,0.08429251611232758,0.8874000404775143,0.005339495837688446,-0.004546012729406357,-0.005708910524845123,96472.1875,39283.93359375,57188.25,98933.921875,40465.2109375,58468.71484375,-0.025517554953694344,-0.030070241540670395,-0.022390348836779594,-2.5517554953694344,0.9293360263109207,0.9238671067357063,0.6327961944043636,0.9048462751507759,0.8422874130308629,2.3990548270568253,0.6643777102231979,333.81974864851975,333.81974864851975,greedy,0.6643777102231979,0.0,hard_fault_cluster
240,N12739,control0,-0.6536160707473755,0.5402099927328528,0.5371079802513122,-0.6536160707473755,0.15434254705905914,0.8077899045310915,0.7411749064922333,0.0015434254705905914,-0.15723079442977905,0.10648707300424576,0.10648707300424576,0.7843435636069626,-0.0016057491302490234,-0.026846785098314285,-0.008432924747467041,98934.015625,40465.50390625,58468.51171875,98640.6015625,40068.83984375,58571.76171875,0.0029657550621777773,0.009802524000406265,-0.0017659077420830727,0.29657550621777773,0.10025470703840256,0.24238854381255806,-0.09536750800907612,0.2104282799642533,0.5250094033777714,0.6018180273707368,0.5402099927328528,334.3599586412526,334.3599586412526,greedy,0.5402099927328528,0.0,hard_fault_cluster
241,N12740,control0,-0.011498651467263699,0.8399045959115028,2.245958262681961,-0.011498651467263699,0.22734434902668,0.7964209361374378,2.1926106631755826,0.0022734434902668,-0.15589651465415955,0.10262376070022583,0.10262376070022583,0.8802254176139831,0.0017073675990104675,-0.013839565217494965,-0.007507428526878357,98640.390625,40068.796875,58571.59375,97198.71875,39518.4296875,57680.2890625,0.014615431427955627,0.013735556043684483,0.015217354521155357,1.4615431427955627,0.5007048696279526,0.7134550514817237,0.2532287873327732,0.6942812505364417,0.8108051776885986,2.430594136714935,0.8399045959115028,335.1998632371641,335.1998632371641,greedy,0.8399045959115028,0.0,hard_fault_cluster
242,N7310,control0,0.07747700065374374,0.649386191368103,2.263649296760559,0.07747700065374374,0.2473752349615097,0.6225536569952965,2.218053460121155,0.002473752349615097,-0.16194263100624084,0.10534366965293884,0.10534366965293884,0.8797746607661248,0.0015674158930778503,-0.012279022485017776,-0.007831990718841553,97198.609375,39518.41015625,57680.19921875,96564.65625,39273.55078125,57291.109375,0.0065222447738051414,0.006196083500981331,0.006745639722794294,0.6522244773805141,0.5094604939222336,0.6868119792640209,0.24492131546139717,0.6598336951434612,0.8083018109202385,2.493169560953975,0.649386191368103,335.8492494285322,335.8492494285322,greedy,0.649386191368103,0.0,hard_fault_cluster
243,N18718,observe,0.13487164676189423,0.5513961469987407,2.272558671236038,0.13487164676189423,0.30678844451904297,0.5347463214187883,2.27276349067688,0.0030678844451904295,-0.1488954722881317,0.0731658861041069,0.0731658861041069,0.7393147959583439,0.0052579715847969055,0.004665769636631012,-0.00692218542098999,96564.6796875,39273.6328125,57291.046875,99525.453125,40530.34765625,58995.1015625,-0.03066103905439377,-0.03199894726276398,-0.029743822291493416,-3.066103905439377,0.9057514891028404,0.8292410236457362,0.620785741135478,0.8292249840358271,0.6922852977761067,2.174715457307757,0.5513961469987407,336.4006455755309,336.4006455755309,greedy,0.5513961469987407,0.0,hard_fault_cluster
244,N19461,observe,-0.2304634153842926,0.6957233242690563,-1.4367644667625425,-0.2304634153842926,0.17075909674167633,0.6433185175433754,-1.4758409619331359,0.0017075909674167634,-0.13364824652671814,0.09257558733224869,0.09257558733224869,0.7481406502053141,0.0036814287304878235,-0.01145675778388977,-0.00578327476978302,99525.5625,40530.55859375,58995.0078125,100098.015625,41077.0078125,59021.01171875,-0.0057518198154866695,-0.013482400216162205,-0.00044078147038817406,-0.575181981548667,0.6314775571227074,0.35496267195791004,0.4339765440672636,0.3341791283711791,0.5201597530394793,-1.1020680892281234,0.6957233242690563,337.0963688998,337.0963688998,greedy,0.6957233242690563,0.0,hard_fault_cluster
245,N13615,control0,-0.6458152532577515,0.5110277957841753,0.615141847729683,-0.6458152532577515,0.1294531524181366,0.3866785684973001,0.16183245182037354,0.0012945315241813659,-0.13367357850074768,0.1050504669547081,0.1050504669547081,0.7433097434416414,0.0003678053617477417,-0.024570021778345108,-0.006805196404457092,100098.1171875,41076.8671875,59021.25,99382.25,40404.8984375,58977.3515625,0.007151654921472073,0.016358811408281326,0.0007437734166160226,0.7151654921472073,0.27128415554761887,0.5051536630094051,0.09540644101798534,0.49440319046378134,0.4177635155618191,0.4824787843139393,0.5110277957841753,337.60739669558416,337.60739669558416,greedy,0.5110277957841753,0.0,hard_fault_cluster
246,N19457,observe,-0.3502657115459442,0.7352871192991733,-1.4419542133808134,-0.3502657115459442,0.13622048497200012,0.8275919921696185,2.233715575933456,0.0013622048497200013,-0.13702449202537537,0.1018114686012268,0.1018114686012268,0.8217808482795954,0.003381587564945221,-0.01941569894552231,-0.005110830068588257,99382.078125,40405.0078125,58977.0703125,99792.71875,40936.3828125,58856.3359375,-0.0041319383308291435,-0.013151216320693493,0.0020471408497542143,-0.41319383308291435,0.576190710067749,0.608460648432374,0.3976667448878288,0.5930839017778635,0.6700444929301739,0.3305289204046128,0.7352871192991733,338.34268381488334,338.34268381488334,greedy,0.7352871192991733,0.0,hard_fault_cluster
247,N12351,control0,-0.6973060965538025,0.5883424798399209,2.0798013389110563,-0.6973060965538025,0.13234402239322662,0.5602701033651829,2.0471198707818985,0.0013234402239322663,-0.1438012719154358,0.10984785109758377,0.10984785109758377,0.7891073378175497,0.00014607608318328857,-0.02968515455722809,-0.006485641002655029,99792.546875,40936.00390625,58856.546875,99150.984375,40273.46875,58877.51171875,0.006428962107747793,0.01618465594947338,-0.00035620242124423385,0.6428962107747793,0.25679948180913925,0.5585199043154716,0.07515557669103146,0.5480455800890922,0.5237764999270439,1.8349483297605182,0.5883424798399209,338.93102629472327,338.93102629472327,greedy,0.5883424798399209,0.0,hard_fault_cluster
248,N7520,observe,-0.2147398591041565,0.5256178200244904,-1.4258227944374082,-0.2147398591041565,0.19222380220890045,0.6359615907073021,2.28362084031105,0.0019222380220890046,-0.14548137784004211,0.09243106096982956,0.09243106096982956,0.8454154607653618,0.004354812204837799,-0.013864818960428238,-0.00506591796875,99150.984375,40273.4609375,58877.5234375,100146.15625,40909.234375,59236.91796875,-0.010036934167146683,-0.015786411240696907,-0.006104104220867157,-1.0036934167146683,0.7201360836625099,0.7524680623412132,0.5066449362784624,0.7201492914557457,0.7560249179601669,0.38641619667410826,0.5256178200244904,339.45664411474775,339.45664411474775,greedy,0.5256178200244904,0.0,hard_fault_cluster
249,N19452,observe,-0.29536962509155273,0.749150363355875,-1.404240649938583,-0.29536962509155273,0.153833270072937,0.6401478558033704,-1.4973728507757185,0.00153833270072937,-0.14064252376556396,0.10011138767004013,0.10011138767004013,0.7858418680727483,0.005212709307670593,-0.017605897039175034,-0.004042491316795349,100146.28125,40909.62890625,59236.6484375,100473.734375,41271.02734375,59202.703125,-0.0032697482965886593,-0.008834067732095718,0.0005730458069592714,-0.32697482965886593,0.7752155885100365,0.6313065996021032,0.5847570952028036,0.6201519777625799,0.5905677452683449,-1.1911309655755757,0.749150363355875,340.2057944781036,340.2057944781036,greedy,0.749150363355875,0.0,hard_fault_cluster
250,N19451,observe,-0.24847786128520966,0.8583553105592728,-1.336484384536743,-0.24847786128520966,0.13749352097511292,0.7494026371091604,-1.4340209126472472,0.001374935209751129,-0.14601439237594604,0.10696803778409958,0.10696803778409958,0.8294986697286367,0.005849365144968033,-0.016931168735027313,-0.003749556839466095,100473.7109375,41271.015625,59202.6953125,100580.078125,41421.0,59159.08203125,-0.0010586569551378489,-0.0036341333761811256,0.0007366773206740618,-0.10586569551378489,0.8293980732560158,0.665707830414176,0.6460519041866064,0.6562237479537726,0.6872268915176392,-1.1283025205135344,0.8583553105592728,341.06414978866286,341.06414978866286,greedy,0.8583553105592728,0.0,hard_fault_cluster
251,N19454,observe,-0.10828185081481934,0.8408734783530235,-1.3353127539157865,-0.10828185081481934,-0.018883533775806427,0.5933845868706703,-1.5560503244400024,-0.00018883533775806426,0.017881006002426147,0.13305595517158508,-0.018883533775806427,0.8285186828672886,0.01965869963169098,0.05187426507472992,0.0007639825344085693,100580.0546875,41420.984375,59159.0703125,100605.1640625,41468.109375,59137.0546875,-0.0002496456727385521,-0.0011377083137631416,0.000372142851119861,-0.02496456727385521,2.0800423845648766,0.776037460565567,1.9944130685180426,0.777964299917221,0.6644161283969879,-1.1431295165419577,0.8408734783530235,341.9050232670159,341.9050232670159,greedy,0.8408734783530235,0.0,hard_fault_cluster
252,N19448,observe,-0.08392632752656937,0.8351900294423104,2.396486282348633,-0.08392632752656937,-0.016583934426307678,0.7106989711523056,-1.3395403206348417,-0.0001658393442630768,0.015511184930801392,0.13735602796077728,-0.016583934426307678,0.904254015982151,0.019132647663354874,0.052450112998485565,2.4393200874328613e-05,100605.140625,41468.09765625,59137.046875,100542.0234375,41459.1171875,59082.90625,0.0006273753824643791,0.00021656331955455244,0.0009155111620202661,0.06273753824643791,2.034036859869957,0.8047532293200492,1.9434577897191048,0.80690781801939,0.887618574500084,0.6819520734250548,0.8351900294423104,342.7402132964582,342.7402132964582,greedy,0.8351900294423104,0.0,hard_fault_cluster
253,N19447,observe,-0.07384186238050461,0.92936382740736,2.4124821007251738,-0.07384186238050461,-0.019163668155670166,0.8303029373288155,-1.3020881116390226,-0.00019163668155670167,0.015368044376373291,0.14121346175670624,-0.019163668155670166,0.9624305909872055,0.01893945038318634,0.05259290337562561,-0.00018093734979629517,100542.0078125,41459.109375,59082.8984375,100468.0,41431.55859375,59036.4375,0.0007360884919762611,0.0006645290413871408,0.0007863686187192798,0.07360884919762611,2.01599483191967,0.9393752780556679,1.924457486718893,0.9410041537880898,0.9651051998138428,0.7323183798789981,0.92936382740736,343.66957712386557,343.66957712386557,greedy,0.92936382740736,0.0,hard_fault_cluster
254,N19449,observe,-0.06799080222845078,1.003554141521454,-1.1475622117519377,-0.06799080222845078,-0.021282009780406952,0.89395801872015,0.22846110463142394,-0.00021282009780406952,0.014718204736709595,0.14450950920581818,-0.021282009780406952,1.018053897321224,0.018593844026327133,0.05267597734928131,-0.00047500431537628174,100467.9765625,41431.546875,59036.4296875,100389.15625,41397.3515625,58991.8046875,0.0007845317013561726,0.000825344817712903,0.000755889224819839,0.07845317013561726,1.9826119020581245,0.9744142283499241,1.8901912774890661,0.9753800024092197,1.031254167854786,-0.2905476915091275,1.003554141521454,344.67313126538704,344.67313126538704,greedy,1.003554141521454,0.0,hard_fault_cluster
255,N19458,observe,-0.06463843584060669,0.9979231014847756,-1.1619953274726866,-0.06463843584060669,-0.02204059809446335,0.9248903393745422,-1.2543267965316771,-0.00022040598094463348,0.014187812805175781,0.14582662284374237,-0.02204059809446335,1.0560448905825615,0.018171682953834534,0.052321337163448334,-0.0007592439651489258,100389.140625,41397.34375,58991.796875,100318.34375,41363.23046875,58955.11328125,0.0007052244618535042,0.0008240451570600271,0.0006218422786332667,0.07052244618535042,1.9409543201327324,0.992443623393774,1.8481148015707731,0.9927388451993465,1.0490150466561317,-0.7359151487797497,0.9979231014847756,345.67105436687183,345.67105436687183,greedy,0.9979231014847756,0.0,hard_fault_cluster
256,N19456,observe,-0.06342124193906784,0.9969514206051826,-1.1719963908195494,-0.06342124193906784,-0.022832348942756653,0.9536081850528717,-1.2349480569362639,-0.00022832348942756654,0.013429224491119385,0.14693428575992584,-0.022832348942756653,1.0900732120871544,0.01770961657166481,0.05198337137699127,-0.001066446304321289,100318.3125,41363.21484375,58955.1015625,100257.5703125,41332.171875,58925.3984375,0.0006054944824427366,0.0007504969835281372,0.0005038261879235506,0.06054944824427366,1.8950635939836502,1.0162822049856186,1.8019871413707733,1.0161789101362229,1.0645624279975892,-0.883034421801567,0.9969514206051826,346.668005787477,346.668005787477,greedy,0.9969514206051826,0.0,hard_fault_cluster
257,N12674,control0,-0.45897236466407776,0.8106301832944155,0.6739967465400696,-0.45897236466407776,-0.07654137164354324,0.8182528052479029,0.6833372652530669,-0.0007654137164354324,0.014912635087966919,0.15527497231960297,-0.07654137164354324,0.8904721876978874,0.005311742424964905,0.03839848190546036,-0.00821124017238617,100257.4296875,41331.9140625,58925.515625,99692.7421875,40704.640625,58988.1015625,0.005632375366985798,0.015176491811871529,-0.0010621194960549474,0.5632375366985798,0.6099078431725502,0.8017169019579887,0.5508576426655054,0.8009784600138664,0.928257167339325,0.8298930677284261,0.8106301832944155,347.4786359707714,347.4786359707714,greedy,0.8106301832944155,0.0,hard_fault_cluster
258,N7210,observe,-0.15481966733932495,0.9374338895082474,-1.1428556621074675,-0.15481966733932495,-0.004893593490123749,0.813890489935875,-1.2960344851016998,-4.8935934901237486e-05,0.01977550983428955,0.13790906965732574,-0.004893593490123749,1.0024093317985534,0.017994049936532974,0.05432785302400589,-0.0005619972944259644,99692.75,40704.671875,58988.07421875,100510.9375,41206.1484375,59304.78515625,-0.008207091130316257,-0.012319877743721008,-0.005369067192077637,-0.8207091130316257,1.9324204698204994,1.1295441564917563,1.832658862695098,1.138905960023403,1.069121891260147,-0.3550707706809042,0.9374338895082474,348.41606986027966,348.41606986027966,greedy,0.9374338895082474,0.0,hard_fault_cluster
259,N7222,observe,-0.12166399508714676,0.8709671273827553,0.8113991260528564,-0.12166399508714676,0.012823477387428284,0.817988857626915,0.2820319414138794,0.00012823477387428284,0.020269125699996948,0.13233841955661774,0.012823477387428284,1.032007592767477,0.02239159494638443,0.060350313782691956,0.0018757469952106476,100510.921875,41206.1484375,59304.7734375,101278.5703125,41531.5625,59747.0078125,-0.007637463044375181,-0.007897221483290195,-0.007456977851688862,-0.7637463044375181,2.384321391582489,0.9333879859745502,2.2754499688744545,0.9333499582111835,0.9054973229765892,0.7726188785582782,0.8709671273827553,349.2870369876624,349.2870369876624,greedy,0.8709671273827553,0.0,hard_fault_cluster
260,N7151,observe,-0.22810673713684082,0.7400554567575455,-1.027952641248703,-0.22810673713684082,0.08554206788539886,0.8809712007641791,0.8549754053354263,0.0008554206788539886,-0.11231648921966553,0.10479593276977539,0.08554206788539886,1.1995020987093448,0.009992115199565887,0.0033621564507484436,-0.002223007380962372,101278.6171875,41531.578125,59747.0390625,101929.4375,41792.3671875,60137.06640625,-0.006426038686186075,-0.006279295776039362,-0.006527977995574474,-0.6426038686186075,1.189549520611763,0.7019822126626968,1.0467960201203823,0.6907150274515151,0.8805247992277145,-0.09715306244790556,0.7400554567575455,350.02709244441996,350.02709244441996,greedy,0.7400554567575455,0.0,hard_fault_cluster
261,N12641,control0,-0.37138596177101135,2.458505011815578,1.7553440153598785,-0.37138596177101135,-0.031953372061252594,1.9929727864451707,1.3093754827976227,-0.0003195337206125259,0.018834471702575684,0.13362263143062592,-0.031953372061252594,2.1416226470470425,0.012845471501350403,0.05232592672109604,-0.003996625542640686,101929.3671875,41792.3359375,60137.03125,101680.84375,41346.30859375,60334.53125,0.0024381927214562893,0.01067246776074171,-0.0032841661013662815,0.24381927214562893,1.3862164095044136,1.9891838148236274,1.3099644649773836,2.015292675793171,2.152986007928848,1.6112764583249735,2.458505011815578,352.48559745623555,352.48559745623555,greedy,2.458505011815578,0.0,hard_fault_cluster
262,N7411,observe,0.12232743948698044,4.740021264553071,4.286017906665801,0.12232743948698044,0.007012255489826202,2.120490965247154,1.1597725689411162,7.012255489826203e-05,0.26481929421424866,0.0012276861816644669,0.0012276861816644669,2.925909499526024,0.022455941885709763,0.011695004999637604,0.023405421525239944,101681.1875,41346.34375,60334.84765625,103606.4921875,42219.015625,61387.4765625,-0.018934719264507294,-0.021106384694576263,-0.017446450889110565,-1.8934719264507294,2.253834130242467,4.2116614934802055,2.247654173988849,4.305769359767437,3.8314405322074894,2.4792708966863293,4.740021264553071,357.22561872078865,357.22561872078865,greedy,4.740021264553071,0.0,hard_fault_cluster
263,N7177,observe,0.005227130837738514,3.6940343759953977,1.0705146312713625,0.005227130837738514,-0.008200794458389282,1.275814432427287,-1.3061609685420987,-8.200794458389282e-05,0.23573073744773865,0.012828359380364418,-0.008200794458389282,1.29555302888155,0.02149851620197296,0.010389819741249084,0.023949656635522842,103606.328125,42219.171875,61387.15625,104024.6953125,42576.6953125,61448.0,-0.004038046579807997,-0.008468272164463997,-0.0009911478264257312,-0.4038046579807997,2.1544791851192713,1.4475760662555692,2.15100851142779,1.4499332511425016,2.2668386965990064,0.42344515278935435,3.6940343759953977,360.91965309678403,360.91965309678403,greedy,3.6940343759953977,0.0,hard_fault_cluster
264,N18329,observe,0.05257195234298706,2.8863302424550055,2.5223692834377287,0.05257195234298706,0.02822589874267578,1.1598593947291373,0.5652405321598053,0.00028225898742675784,0.31826722621917725,-0.010064234957098961,-0.010064234957098961,1.222052170932293,0.013808470219373703,0.00032263249158859253,0.03036598116159439,104024.5859375,42576.70703125,61447.87890625,105001.21875,42990.71484375,62010.5078125,-0.009388480335474014,-0.009723810479044914,-0.009156197309494019,-0.9388480335474014,1.3990086857229471,1.289568082690239,1.3853874378837645,1.2893110674619674,1.9090112686157228,1.3352860295772555,2.8863302424550055,363.80598333923905,363.80598333923905,greedy,2.8863302424550055,0.0,hard_fault_cluster
265,N12637,control0,-0.11381309479475021,2.054201829896192,1.7007143914699554,-0.11381309479475021,-0.024591010063886642,1.0298497014006716,0.6745015978813171,-0.00024591010063886644,0.3466050326824188,0.006743738427758217,-0.024591010063886642,1.194064294397831,0.0055962055921554565,-0.027827046811580658,0.023341640830039978,105001.46875,42990.6953125,62010.7734375,104780.09375,42693.8984375,62086.19921875,0.0021083038300275803,0.006903746630996466,-0.001216333475895226,0.21083038300275803,0.5417732875794172,1.1974010881781578,0.5551587413065135,1.2156132873892784,1.4476445883512497,1.1499979871193864,2.054201829896192,365.86018516913526,365.86018516913526,greedy,2.054201829896192,0.0,hard_fault_cluster
266,N18557,observe,0.08190523833036423,3.4541268721222878,4.489409852027893,0.08190523833036423,0.06249178946018219,1.5314440850913524,1.9178584933280942,0.0006249178946018219,0.3196217715740204,-0.012174135074019432,-0.012174135074019432,1.5289467549324036,0.014699980616569519,-0.001237373799085617,0.02833784744143486,104780.109375,42694.046875,62086.05859375,106033.25,43376.8515625,62656.39453125,-0.01195971854031086,-0.015992971137166023,-0.009186215698719025,-1.195971854031086,1.5203157160431147,1.5943726310133934,1.4825774752534926,1.5933677563071251,2.2779314070940018,2.506468377485872,3.4541268721222878,369.31431204125755,369.31431204125755,greedy,3.4541268721222878,0.0,hard_fault_cluster
267,N18314,control0,-0.06371167302131653,2.575904856622219,3.3466460227966306,-0.06371167302131653,0.012938514351844788,1.1079850228130816,1.2660495698451995,0.00012938514351844787,0.34778422117233276,0.002013677731156349,0.002013677731156349,1.2909642392396927,0.006218899041414261,-0.029720600694417953,0.02349954843521118,106033.65625,43377.09375,62656.5625,105656.109375,43067.1484375,62588.9609375,0.0035606324672698975,0.007145368494093418,0.001078922301530838,0.35606324672698975,0.6368420962244272,1.2489368782937527,0.6256279521621764,1.2615056501328945,1.7044420689344406,2.1932396112909194,2.575904856622219,371.8902168978798,371.8902168978798,greedy,2.575904856622219,0.0,hard_fault_cluster
268,N18548,observe,0.09280841797590256,3.7836868137121202,4.73362021446228,0.09280841797590256,0.08888152241706848,1.8492016053199767,-0.8444319009780883,0.0008888152241706848,0.31940725445747375,-0.016775747761130333,-0.016775747761130333,1.8197171598672868,0.0151626355946064,-0.0023702308535575867,0.0281328447163105,105655.875,43067.0,62588.87109375,107111.5,43819.9453125,63291.55859375,-0.01377703808248043,-0.017483115196228027,-0.011227035894989967,-1.377703808248043,1.588369334116578,1.7284747317433355,1.5342900031246245,1.722262020409107,2.5783317536115646,1.4284900377690795,3.7836868137121202,375.6739037115919,375.6739037115919,greedy,3.7836868137121202,0.0,hard_fault_cluster
269,N18414,control0,-0.04243962839245796,2.8836649307981133,3.9811565637588497,-0.04243962839245796,0.039751335978507996,1.1467710425518454,1.7809143304824828,0.00039751335978507993,0.3479468822479248,-0.00260874442756176,-0.00260874442756176,1.4236061152815818,0.007374513894319534,-0.029821697622537613,0.023693397641181946,107112.125,43820.328125,63291.80078125,106680.515625,43508.15625,63172.36328125,0.004029510077089071,0.00712390523403883,0.0018870928324759007,0.4029510077089071,0.7745939809828997,1.21632046058774,0.74673703731969,1.2163203413784505,1.8500043869018554,2.839365646433289,2.8836649307981133,378.55756864239,378.55756864239,greedy,2.8836649307981133,0.0,hard_fault_cluster
270,N12671,control0,-0.07374831289052963,3.862580017745495,3.1165394246578217,-0.07374831289052963,0.021643787622451782,1.8938740901648998,1.1211351096630096,0.00021643787622451782,0.35775846242904663,-0.0008041765540838242,-0.0008041765540838242,1.9723569852113725,0.002545379102230072,-0.04069998860359192,0.02325022593140602,106680.6875,43508.09765625,63172.5859375,106085.078125,43036.515625,63048.5625,0.005583104211837053,0.01083894819021225,0.0019632477778941393,0.5583104211837053,0.27537752129137516,1.7686774894595145,0.2597478129900992,1.7634147569537162,2.7111719489097594,1.965978791532493,3.862580017745495,382.42014866013545,382.42014866013545,greedy,3.862580017745495,0.0,hard_fault_cluster
271,N12312,control0,0.0454682894051075,4.593818381428719,5.21842303276062,0.0454682894051075,0.22673697769641876,2.8413258284330367,3.4032611608505245,0.0022673697769641874,-0.024895519018173218,-0.04624083638191223,-0.04624083638191223,2.612467497587204,0.02183537185192108,0.0841609537601471,0.00010591745376586914,106084.8203125,43036.50390625,63048.31640625,105109.953125,42575.62109375,62534.3359375,0.009189506992697716,0.01070911344140768,0.008152168244123459,0.9189506992697716,2.3640333265066147,2.638224059343338,2.228661220520735,2.6287258207798003,3.66037495136261,4.330171130895614,4.593818381428719,387.0139670415642,387.0139670415642,greedy,4.593818381428719,0.0,hard_fault_cluster
272,N12232,control0,0.17754009366035461,4.807459291815758,5.4423867702484126,0.17754009366035461,0.23683862388134003,2.570424639582634,3.1238714218139645,0.0023683862388134,-0.02950313687324524,-0.04052204638719559,-0.04052204638719559,2.2538691610097885,0.02096479758620262,0.08830279111862183,-0.0008921176195144653,105109.953125,42575.6171875,62534.33984375,104826.8125,42421.9609375,62404.85546875,0.0026937564834952354,0.003609019797295332,0.0020706122741103172,0.26937564834952354,2.2927963361144066,2.1547795149683955,2.1455589029937983,2.1433982464671137,3.5483325719833374,4.40641617178917,4.807459291815758,391.8214263333799,391.8214263333799,greedy,4.807459291815758,0.0,hard_fault_cluster
273,N12280,control0,0.21534697711467743,4.78849828839302,5.460072088241576,0.21534697711467743,0.2430257350206375,2.3607097581028937,2.974102389812469,0.002430257350206375,-0.03184327483177185,-0.03336377441883087,-0.03336377441883087,2.0622454041242597,0.019554264843463898,0.0905873030424118,-0.0019493326544761658,104826.8125,42421.9609375,62404.85546875,104561.9140625,42247.5859375,62314.328125,0.0025270103942602873,0.0041104890406131744,0.0014506458537653089,0.25270103942602873,2.1650884449481964,1.9192421454191209,2.0078419744968414,1.9074902552366257,3.435018390417099,4.332761953771114,4.78849828839302,396.60992462177296,396.60992462177296,greedy,4.78849828839302,0.0,hard_fault_cluster
274,N12248,control0,0.2437102496623993,4.705584010481834,5.37409815788269,0.2437102496623993,0.2471429854631424,2.2833661261200904,2.9079356551170346,0.002471429854631424,-0.03325548768043518,-0.021676724776625633,-0.021676724776625633,1.984718827009201,0.018855586647987366,0.09331989288330078,-0.0027807727456092834,104561.921875,42247.5859375,62314.33203125,104265.21875,42039.4140625,62225.80078125,0.0028375829569995403,0.00492742657661438,0.0014207204803824425,0.28375829569995403,2.1110249254852533,1.7848395350575448,1.9419252299703658,1.772213423550129,3.3790967881679537,4.29641291230917,4.705584010481834,401.3155086322548,401.3155086322548,greedy,4.705584010481834,0.0,hard_fault_cluster
275,N12216,control0,0.25300243496894836,4.611196705698967,5.295095348358154,0.25300243496894836,0.24932824075222015,2.2240591098368165,2.868272280693054,0.0024932824075222016,-0.03485453128814697,-0.015047168359160423,-0.015047168359160423,1.9336983135342596,0.01844685897231102,0.09526507556438446,-0.002990156412124634,104265.21875,42039.4140625,62225.8046875,103932.859375,41826.03515625,62106.8203125,0.0031876342836767435,0.005075687076896429,0.0019121387740597129,0.31876342836767435,2.0789669696241617,1.7057041715085508,1.903256165329367,1.6926905702054502,3.327548122406006,4.262906279563904,4.611196705698967,405.92670533795376,405.92670533795376,greedy,4.611196705698967,0.0,hard_fault_cluster
276,N12328,control0,0.2741127610206604,4.64137358814478,5.305085897445679,0.2741127610206604,0.2519649863243103,2.2493276186287403,2.875578606128692,0.002519649863243103,-0.04027828574180603,-0.006904250010848045,-0.006904250010848045,1.959740428328514,0.017590831965208054,0.09645910561084747,-0.0035646259784698486,103932.859375,41826.03515625,62106.828125,103618.625,41633.26171875,61985.36328125,0.0030234362930059433,0.0046089342795312405,0.0019557406194508076,0.30234362930059433,2.0041439328342676,1.6855036908388137,1.820348380599171,1.6715224677324294,3.3608487665653226,4.284551698267459,4.64137358814478,410.56807892609856,410.56807892609856,greedy,4.64137358814478,0.0,hard_fault_cluster
277,N7270,control0,0.2968405485153198,4.768258887529373,5.380276203155518,0.2968405485153198,0.25408750772476196,2.3344010671973225,2.910937142372131,0.0025408750772476195,-0.04493921995162964,0.0017206277698278427,0.0017206277698278427,2.039675592780113,0.016915619373321533,0.0973748117685318,-0.0040229931473731995,103618.8125,41633.35546875,61985.453125,103336.6953125,41464.15625,61872.5390625,0.002722644479945302,0.004064030479639769,0.001821621903218329,0.2722644479945302,1.9473700728267431,1.7061201778054236,1.7555139712058008,1.6908187118172644,3.4723587393760678,4.357033180594444,4.768258887529373,415.33633781362795,415.33633781362795,greedy,4.768258887529373,0.0,hard_fault_cluster
278,N12262,control0,0.3204056918621063,4.87887102663517,5.463156604766845,0.3204056918621063,0.2557997703552246,2.3757097992300986,2.9232228040695185,0.002557997703552246,-0.04989910125732422,0.011572813615202904,0.011572813615202904,2.0955337595939634,0.016318578273057938,0.0980718731880188,-0.0044283196330070496,103336.46875,41463.9765625,61872.4921875,103105.171875,41327.58984375,61777.58203125,0.00223828898742795,0.003289282089099288,0.001533963717520237,0.223828898742795,1.8992304112762213,1.7142062437534333,1.6987009732984006,1.6983654749393464,3.5834370493888854,4.429234082102775,4.87887102663517,420.21520884026313,420.21520884026313,greedy,4.87887102663517,0.0,hard_fault_cluster
279,N12294,control0,0.34070998430252075,5.116440710425376,5.637645244598389,0.34070998430252075,0.256287157535553,2.464810353964567,2.9568023443222042,0.0025628715753555297,-0.05446842312812805,0.02203156240284443,0.02203156240284443,2.1795307847857472,0.015821512788534164,0.09834082424640656,-0.004708029329776764,103105.171875,41327.58984375,61777.5859375,102915.421875,41218.53515625,61696.890625,0.0018403538269922137,0.0026387865655124187,0.0013062231009826064,0.18403538269922137,1.8604699987918139,1.7608326710760593,1.6517309588380158,1.7440952099859715,3.701834416389465,4.506192370653152,5.116440710425376,425.3316495506885,425.3316495506885,greedy,5.116440710425376,0.0,hard_fault_cluster
280,N7274,control0,0.3726367652416229,5.511724433302879,5.89322485923767,0.3726367652416229,0.25406014919281006,2.6441389107704163,3.016721940040588,0.0025406014919281007,-0.060339659452438354,0.04109423607587814,0.04109423607587814,2.3372999387979503,0.01593172177672386,0.0984538197517395,-0.00519881397485733,102915.640625,41218.7109375,61696.9296875,102758.2421875,41126.234375,61632.0078125,0.0015293927863240242,0.002243557944893837,0.0010522707598283887,0.15293927863240242,1.8883265629410744,1.881097414791584,1.6669607739895582,1.8631950405240059,3.9124531626701358,4.5291623544693,5.511724433302879,430.8433739839914,430.8433739839914,greedy,5.511724433302879,0.0,hard_fault_cluster
281,N18802,observe,-0.0023062629625201225,5.322731411457062,3.8109064936637873,-0.0023062629625201225,0.24175246059894562,2.630502567589283,1.096791386604309,0.002417524605989456,-0.05763241648674011,0.03491496294736862,0.03491496294736862,2.3621340590715407,0.012884620577096939,0.08694538474082947,-0.005274690687656403,102758.21875,41126.328125,61631.890625,103547.65625,41785.76171875,61761.8984375,-0.0076824757270514965,-0.016034342348575592,-0.0021094244439154863,-0.7682475727051497,1.5651294812560081,1.9024540346860888,1.3576289135962725,1.8844789427518847,3.6656207621097567,2.2107766940444713,5.322731411457062,436.1661053954485,436.1661053954485,greedy,5.322731411457062,0.0,hard_fault_cluster
282,N18796,observe,-0.11345282942056656,5.586832049489021,4.201480517536401,-0.11345282942056656,0.2375846952199936,2.683729608654976,1.1172744512557982,0.002375846952199936,-0.06048274040222168,0.03682354837656021,0.03682354837656021,2.3736459106206893,0.014288831502199173,0.08780612051486969,-0.004004493355751038,103547.59375,41785.7265625,61761.8671875,103418.3046875,41836.375,61581.9296875,0.0012485955376178026,-0.001212098984979093,0.0029134077485650778,0.12485955376178026,1.703291393816471,2.2796436375379563,1.4974852111190557,2.265390974879265,3.9723874390125276,2.5332087980210782,5.586832049489021,441.7529374449375,441.7529374449375,greedy,5.586832049489021,0.0,hard_fault_cluster
283,N19436,observe,-0.15873463451862335,5.635464887320995,4.199999999999999,-0.15873463451862335,0.23534460365772247,2.654555420130491,1.2003174424171448,0.0023534460365772247,-0.06405121088027954,0.04095496982336044,0.04095496982336044,2.323269328474998,0.016613628715276718,0.09064124524593353,-0.0027966275811195374,103418.390625,41836.5,61581.88671875,103315.140625,41884.265625,61430.87890625,0.000998371746391058,-0.0011417213827371597,0.0024521464947611094,0.0998371746391058,1.9376624450087547,2.8508779066801075,1.7304377648979425,2.860290791392327,4.143726950883866,2.6971823723614223,5.635464887320995,447.3884023322585,447.3884023322585,greedy,5.635464887320995,0.0,hard_fault_cluster
284,N18792,observe,-0.1812857687473297,5.661637459695339,4.2111138973385085,-0.1812857687473297,0.234628364443779,2.792759217172861,1.3701452031731605,0.00234628364443779,-0.06435540318489075,0.04583646357059479,0.04583646357059479,2.427325403690338,0.018939517438411713,0.09355738759040833,-0.0016753673553466797,103314.9140625,41884.06640625,61430.84765625,103287.34375,41949.91796875,61337.4296875,0.00026685703778639436,-0.0015722342068329453,0.001520701334811747,0.026685703778639436,2.174416571855545,3.2297621190547945,1.9640679508447647,3.254281085729599,4.187984681129456,2.6713835543021567,5.661637459695339,453.05003979195385,453.05003979195385,greedy,5.661637459695339,0.0,hard_fault_cluster
285,N19446,observe,-0.2052677422761917,5.831324537098408,4.199999999999999,-0.2052677422761917,0.23323534429073334,3.3646309475600717,1.65683798789978,0.0023323534429073333,-0.06629374623298645,0.04918793588876724,0.04918793588876724,2.912894029617309,0.020729955285787582,0.09637318551540375,-0.0011212974786758423,103287.53125,41950.09375,61337.44140625,103294.015625,42020.84375,61273.16796875,-6.277984357438982e-05,-0.0016865278594195843,0.0010478663025423884,-0.0062779843574389815,2.355418808758259,3.8336676794290545,2.1436013486236334,3.861064596772194,4.640772223472596,3.047392818331719,5.831324537098408,458.88136432905225,458.88136432905225,greedy,5.831324537098408,0.0,hard_fault_cluster
286,N18799,observe,-0.22484923899173737,6.057635948061943,4.19817839115858,-0.22484923899173737,0.23276127874851227,4.125945875346661,2.089260970056057,0.002327612787485123,-0.06756836175918579,0.050793275237083435,0.050793275237083435,3.5634011352062225,0.021832793951034546,0.09856019914150238,-0.0008590668439865112,103294.0234375,42020.8046875,61273.21875,103327.640625,42083.54296875,61244.09765625,-0.00032545143039897084,-0.0014930290635675192,0.00047526624985039234,-0.032545143039897084,2.4668339490890503,4.622324318885803,2.2541680335998535,4.6531129789352415,5.283309280872345,3.450052210157737,6.057635948061943,464.9390002771142,464.9390002771142,greedy,6.057635948061943,0.0,hard_fault_cluster
287,N18874,control0,-0.02804626151919365,6.259203612804413,5.999999999999999,-0.02804626151919365,0.22948186099529266,4.777402019500732,4.4225952386856076,0.002294818609952927,-0.08145424723625183,0.06682088971138,0.06682088971138,4.216331870555877,0.021543454378843307,0.10368706285953522,-0.003063090145587921,103327.578125,42083.2890625,61244.28515625,102789.96875,41700.23046875,61089.73828125,0.005202961154282093,0.009102392010390759,0.0025234497152268887,0.5202961154282093,2.4506481885910034,4.447457088828087,2.228421125560999,4.4242646831274035,5.5240617394447336,5.690640130639077,6.259203612804413,471.1982038899186,471.1982038899186,greedy,6.259203612804413,0.0,hard_fault_cluster
288,N13062,observe,-0.19873470067977905,5.9211116373538974,4.200312450947239,-0.19873470067977905,0.22699029743671417,3.704218538403511,1.6543261528015134,0.0022699029743671415,-0.07683229446411133,0.07337787747383118,0.07337787747383118,3.325077793598175,0.020781666040420532,0.09938721358776093,-0.0024865567684173584,102789.96875,41700.4375,61089.53125,103096.53125,41945.4453125,61151.08203125,-0.002982416423037648,-0.005875425413250923,-0.0010075503960251808,-0.2982416423037648,2.3785347789525986,4.580880672931671,2.1532586477696896,4.623900682926178,5.198430919647217,3.2926250533480204,5.9211116373538974,477.1193155272725,477.1193155272725,greedy,5.9211116373538974,0.0,hard_fault_cluster
289,N13066,observe,-0.24473373591899872,5.852587935328484,4.200025237526278,-0.24473373591899872,0.22828425467014313,3.449143722951412,1.69379460811615,0.0022828425467014313,-0.07376107573509216,0.06788884103298187,0.06788884103298187,3.0050453531742094,0.021068133413791656,0.09898430109024048,-0.001971006393432617,103096.578125,41945.5,61151.08203125,103083.6484375,41991.5625,61092.0859375,0.00012541335308924317,-0.001098151202313602,0.0009647596161812544,0.012541335308924317,2.4029864370822906,4.25224720954895,2.180856615304947,4.29076587677002,4.94666155576706,3.2153457968006847,5.852587935328484,482.97190346260095,482.97190346260095,greedy,5.852587935328484,0.0,hard_fault_cluster
290,N13064,observe,-0.261664479970932,5.820312479138375,4.2133988812565795,-0.261664479970932,0.22857414186000824,3.239705850183964,1.53368763923645,0.0022857414186000825,-0.07334432005882263,0.0679306760430336,0.0679306760430336,2.796306058168411,0.02112063765525818,0.09922559559345245,-0.0019544363021850586,103083.5390625,41991.4921875,61092.046875,103012.640625,42004.60546875,61008.03125,0.0006877765408717096,-0.0003122842463199049,0.0013752301456406713,0.06877765408717096,2.4085685834288597,3.9979088109731675,2.1861899700015783,4.033555011153221,4.933523726463319,3.213047134578229,5.820312479138375,488.7922159417393,488.7922159417393,greedy,5.820312479138375,0.0,hard_fault_cluster
291,N13060,observe,-0.2796685993671417,5.506388494372368,3.9684586524963374,-0.2796685993671417,0.22849683463573456,3.0603392246365546,1.4391541004180908,0.0022849683463573457,-0.07326236367225647,0.06642276793718338,0.06642276793718338,2.6127742862701413,0.02146570011973381,0.0991627424955368,-0.002201654016971588,103012.65625,42004.625,61008.03515625,102897.921875,41998.453125,60899.46875,0.0011137891560792923,0.00014693322009406984,0.0017795427702367306,0.11137891560792923,2.441489614546299,3.8181921350955963,2.2202999126166105,3.8538726675510406,4.729577565193176,3.112827388141304,5.506388494372368,494.29860443611165,494.29860443611165,greedy,5.506388494372368,0.0,hard_fault_cluster
292,N7162,observe,-0.3860500156879425,4.7677478194236755,3.2482497751712796,-0.3860500156879425,0.22667525708675385,2.7987535086274145,1.3539527628570796,0.0022667525708675385,-0.06330615282058716,0.05288814753293991,0.05288814753293991,2.3691454416513444,0.021726515144109726,0.10687349736690521,-0.0038086697459220886,102897.8046875,41998.3125,60899.4921875,103674.90625,42298.421875,61376.48046875,-0.00755216833204031,-0.007145748473703861,-0.00783238559961319,-0.755216833204031,2.4522149190306664,3.5961323338747024,2.242542365565896,3.633484657406807,4.345158964395523,2.735579668087885,4.7677478194236755,499.0663522555353,499.0663522555353,greedy,4.7677478194236755,0.0,hard_fault_cluster
293,N7225,observe,-0.4423801600933075,4.717987003922462,3.2549548506736756,-0.4423801600933075,0.2288406938314438,2.8734695464372635,1.4977186097912636,0.002288406938314438,-0.05910274386405945,0.0425235852599144,0.0425235852599144,2.346489312648773,0.022468358278274536,0.11289861798286438,-0.0040765926241874695,103674.8515625,42298.3984375,61376.453125,104435.0546875,42638.5234375,61796.53125,-0.007332570385187864,-0.008041084744036198,-0.00684428820386529,-0.7332570385187864,2.518200106918812,3.7344220489263535,2.314676897600293,3.774265369772911,3.9408865094184877,2.4450915717635056,4.717987003922462,503.7843392594578,503.7843392594578,greedy,4.717987003922462,0.0,hard_fault_cluster
294,N13757,observe,-0.43734636902809143,5.353534242510795,3.9129779398441316,-0.43734636902809143,0.22850631177425385,2.444683385491371,0.9176764070987701,0.0022850631177425383,-0.061337679624557495,0.04540703445672989,0.04540703445672989,2.1346997553110123,0.0213891863822937,0.10890106856822968,-0.002590961754322052,104435.3984375,42638.6796875,61796.71875,104230.0625,42627.3203125,61602.74609375,0.001966152573004365,0.0002664100902620703,0.0031388828065246344,0.1966152573004365,2.412831984460354,3.6559139955043793,2.207396974787116,3.7372833955287934,4.169064003229141,2.5073044261336324,5.353534242510795,509.1378735019686,509.1378735019686,greedy,5.353534242510795,0.0,hard_fault_cluster
295,N18128,control0,-0.8283453583717346,5.55329799503088,4.561165845394134,-0.8283453583717346,0.12557527422904968,2.4364724330604073,1.2760712206363676,0.0012557527422904968,-0.06499254703521729,0.06676405668258667,0.06676405668258667,2.376745005249977,0.006556373089551926,0.05770350247621536,-0.009677954018115997,104229.625,42626.7890625,61602.8359375,104825.9453125,42522.5859375,62303.359375,-0.005721217021346092,0.002444545505568385,-0.011371609754860401,-0.5721217021346092,0.8479766398668289,3.544620931148529,0.7037221416831017,3.5982479453086853,3.9432655036449433,2.812921453267336,5.55329799503088,514.6911714969995,514.6911714969995,greedy,5.55329799503088,0.0,hard_fault_cluster
296,N7669,control0,-0.12485332041978836,6.549134463071823,5.999999999999999,-0.12485332041978836,0.18757237493991852,4.2314393240213395,3.7433175086975092,0.0018757237493991852,-0.15641632676124573,0.13693298399448395,0.13693298399448395,3.8760518026351924,0.003699854016304016,-0.004532031714916229,-0.007393471896648407,104826.34375,42523.0625,62303.28515625,103730.7578125,41976.828125,61753.9296875,0.01045143697410822,0.012845602817833424,0.008817439898848534,1.045143697410822,0.6944907605648041,3.5126850533485414,0.45111174136400223,3.486060612201691,5.007358980178833,5.092283337116242,6.549134463071823,521.2403059600713,521.2403059600713,greedy,6.549134463071823,0.0,hard_fault_cluster
297,N18447,control0,-0.5976507663726807,7.548743152618408,5.999999999999999,-0.5976507663726807,0.18858380615711212,6.068227396011352,4.668324661254882,0.0018858380615711212,-0.16115900874137878,0.14272545278072357,0.14272545278072357,5.342666349411011,0.0004655495285987854,-0.021173875778913498,-0.007585711777210236,103730.390625,41976.78515625,61753.6015625,104569.1640625,42161.9140625,62407.25,-0.008086091838777065,-0.004410268738865852,-0.010584782809019089,-0.8086091838777065,0.37786421179771423,5.052506741285324,0.12938226759433746,5.026840742826462,5.741288948059083,5.306837816238404,7.548743152618408,528.7890491126897,528.7890491126897,greedy,7.548743152618408,0.0,hard_fault_cluster
298,N18085,control0,-0.6914321780204773,6.743264971673489,5.999999999999999,-0.6914321780204773,0.2403453141450882,5.953579692542553,5.211491298675536,0.002403453141450882,-0.16350066661834717,0.1377667933702469,0.1377667933702469,5.864148544073105,2.212822437286377e-05,-0.02650008723139763,-0.007207952439785004,104568.984375,42161.640625,62407.34765625,104425.9375,41955.0234375,62470.91796875,0.0013679665280506015,0.00490059657022357,-0.001018635113723576,0.13679665280506015,0.38032492995262146,4.156495831608773,0.09674084931612015,4.092448256611824,5.908481234312058,5.648506012037397,6.743264971673489,535.5323140843632,535.5323140843632,greedy,6.743264971673489,0.0,hard_fault_cluster
299,N13617,control0,-0.7428096532821655,6.242378792539239,5.999999999999999,-0.7428096532821655,0.2937204837799072,4.613714588060975,4.306339073181152,0.0029372048377990724,-0.16437757015228271,0.13158179819583893,0.13158179819583893,4.2641293674707414,0.00023922324180603027,-0.03092198818922043,-0.006496608257293701,104426.0625,41955.30078125,62470.76171875,104255.390625,41810.14453125,62445.25,0.0016343800816684961,0.0034597832709550858,0.00040837854612618685,0.1634380081668496,0.4492246061563492,2.664275434911251,0.13024789467453957,2.6493063244223594,5.1214339494705206,5.120311372876168,6.242378792539239,541.7746928769025,541.7746928769025,greedy,6.242378792539239,0.0,hard_fault_cluster
300,N2859,control0,-0.270967960357666,5.737629532814026,5.999999999999999,-0.270967960357666,0.2776068449020386,4.607758176326752,4.77445125579834,0.0027760684490203856,-0.16328182816505432,0.11727333813905716,0.11727333813905716,5.0599838471412655,0.0025835856795310974,-0.01696442812681198,-0.006527140736579895,104250.578125,41803.3515625,62447.2265625,104500.484375,42012.42578125,62488.0625,-0.002397168893367052,-0.0050013745203614235,-0.0006539271562360227,-0.2397168893367052,0.6532387509942055,6.034979189634323,0.3570786137133837,6.053136194944382,6.002174377441406,5.873156268894673,5.737629532814026,547.5123224097165,547.5123224097165,greedy,5.737629532814026,0.0,hard_fault_cluster
301,N27570,control0,-0.6316227316856384,6.22865582704544,5.999999999999999,-0.6316227316856384,0.30913084745407104,5.6962751865386965,5.403733682632446,0.0030913084745407106,-0.16077056527137756,0.12363690137863159,0.12363690137863159,5.681143252849578,0.0013731494545936584,-0.02893192693591118,-0.005815565586090088,104503.296875,42017.65625,62485.640625,104444.328125,41906.3515625,62537.9765625,0.0005642764735966921,0.00264899805188179,-0.0008375674369744956,0.05642764735966921,0.5700826942920685,7.51588164806366,0.2455068826675415,7.51588164806366,6.601866841316223,5.866213446855546,6.22865582704544,553.740978236762,553.740978236762,greedy,6.22865582704544,0.0,hard_fault_cluster
302,N18614,observe,0.15115311741828918,6.0,4.402452224493026,0.15115311741828918,0.4792139530181885,6.0,4.402532118558883,0.0047921395301818845,-0.15766027569770813,0.06577224284410477,0.06577224284410477,7.43260555267334,0.009164921939373016,0.004007622599601746,-0.003877677023410797,104444.2734375,41907.234375,62537.0390625,106391.125,42770.84375,63620.28125,-0.018640099093317986,-0.02060764469206333,-0.01732160896062851,-1.8640099093317986,1.4614783897995949,7.748564777374268,1.052738742902875,7.748564777374268,6.9,4.63726788289845,6.0,559.740978236762,559.740978236762,greedy,6.0,0.0,hard_fault_cluster
303,N27572,control0,-0.2789206802845001,5.56288133263588,5.130358934402466,-0.2789206802845001,0.4194015860557556,2.8927068790793418,2.79221396446228,0.004194015860557556,-0.13025230169296265,0.09113001823425293,0.09113001823425293,1.7912684649229047,0.006187848746776581,-0.021013036370277405,-0.00223521888256073,106390.78125,42769.75390625,63621.02734375,106403.921875,42860.16796875,63543.75,-0.00012351281475275755,-0.0021139720920473337,0.0012146510416641831,-0.012351281475275755,1.1293164789676666,1.5574102386832238,0.7464177757501602,1.5373682364821435,2.9989617824554444,4.049325158596039,5.56288133263588,565.3038595693979,565.3038595693979,greedy,5.56288133263588,0.0,hard_fault_cluster
304,N7218,control0,0.020777780562639236,6.517827326059341,4.465804177522658,0.020777780562639236,0.46805036067962646,4.459083224534988,2.895482563972473,0.004680503606796265,-0.13382157683372498,0.08634614944458008,0.08634614944458008,3.3550348699092867,0.0073743537068367004,-0.012987799942493439,-0.002481691539287567,106404.1953125,42861.25,63542.9453125,105372.3828125,42390.33203125,62982.05078125,0.00969710387289524,0.010987033136188984,0.008827014826238155,0.9697103872895241,1.2918318808078766,3.202221018075943,0.8760344982147217,3.171255332231522,4.9547726035118105,3.807172444313765,6.517827326059341,571.8216868954572,571.8216868954572,greedy,6.517827326059341,0.0,hard_fault_cluster
305,N2898,control0,-0.4784033000469208,7.038147276639938,4.199999999999999,-0.4784033000469208,0.2817639708518982,5.104952443838119,2.382003617286682,0.002817639708518982,-0.1353987455368042,0.10299274325370789,0.10299274325370789,4.183542977571487,0.003939934074878693,-0.02056998759508133,-0.00393310934305191,105365.1328125,42378.5390625,62986.59375,105315.34375,42448.546875,62866.80078125,0.00047253831871785223,-0.0016519638011232018,0.0019018803723156452,0.047253831871785223,0.7787501215934753,3.734519157409668,0.4901825860142708,3.7027815914154054,5.263434422016144,3.407002315223217,7.038147276639938,578.8598341720972,578.8598341720972,greedy,7.038147276639938,0.0,hard_fault_cluster
306,N28737,control0,-0.28424540162086487,6.986399054527283,5.985067319869994,-0.28424540162086487,0.26317185163497925,5.318502559065818,4.409949421882629,0.0026317185163497927,-0.14763623476028442,0.10084619373083115,0.10084619373083115,4.363596934080124,0.005053650587797165,-0.01618659868836403,-0.004148796200752258,105321.515625,42458.91796875,62862.59375,105270.2421875,42366.8984375,62903.34375,0.0004868277464993298,0.002167260507121682,-0.0006482392200268805,0.04868277464993298,0.8693831041455269,2.3128603279590605,0.5963695701211691,2.271008688211441,5.133982920646668,4.825346313118935,6.986399054527283,585.8462332266245,585.8462332266245,greedy,6.986399054527283,0.0,hard_fault_cluster
307,N18034,control0,-0.4442971348762512,7.626235699653626,5.359414529800414,-0.4442971348762512,0.31805479526519775,6.788053999543189,5.237796306610107,0.0031805479526519774,-0.14717328548431396,0.10958831757307053,0.10958831757307053,5.258671640157699,0.004154697060585022,-0.028453640639781952,-0.003450065851211548,105269.8515625,42366.5703125,62903.28125,105041.140625,42203.640625,62837.5,0.002172615844756365,0.003845713334158063,0.0010457523167133331,0.21726158447563648,0.8431128188967705,3.9292553704977036,0.5223804842680693,3.855668906569481,5.905965918302536,5.114937960803509,7.626235699653626,593.4724689262781,593.4724689262781,greedy,7.626235699653626,0.0,hard_fault_cluster
308,N3964,control0,-0.18586549162864685,6.914995430409909,5.999999999999999,-0.18586549162864685,0.29858946800231934,6.7884752050042145,5.999999999999999,0.0029858946800231934,-0.1583467721939087,0.09920407831668854,0.09920407831668854,7.458395391404628,0.005289684981107712,-0.019497603178024292,-0.003886081278324127,105036.125,42196.6875,62839.4375,104895.890625,42188.2578125,62707.62890625,0.0013351060915738344,0.00019977131159976125,0.0020975456573069096,0.13351060915738344,0.926762044429779,2.6122476503252985,0.6284168846905231,2.5652331158518793,6.267398872971535,5.648809267431498,6.914995430409909,600.387464356688,600.387464356688,greedy,6.914995430409909,0.0,hard_fault_cluster
309,N18037,control0,-0.4508799910545349,7.03494878411293,5.909149646759032,-0.4508799910545349,0.34071922302246094,5.7385963675379745,4.726607370376587,0.003407192230224609,-0.1568073332309723,0.1090589240193367,0.1090589240193367,4.474944872260093,0.0037833303213119507,-0.031636983156204224,-0.0035427212715148926,104902.140625,42196.796875,62705.33984375,104682.7109375,42035.734375,62646.9765625,0.0020917560905218124,0.003816936630755663,0.0009307545842602849,0.20917560905218124,0.8281111791729927,2.619271107017994,0.4907775688916445,2.5735983327031136,5.395799586176873,5.039872899502516,7.03494878411293,607.4224131408009,607.4224131408009,greedy,7.03494878411293,0.0,hard_fault_cluster
310,N7199,control0,0.0184367373585701,6.62192862816155,5.999999999999999,0.0184367373585701,0.43701672554016113,6.10654582567513,5.563299083709716,0.004370167255401612,-0.1615600287914276,0.10026080906391144,0.10026080906391144,5.236862270832061,0.00496504083275795,-0.019063271582126617,-0.00410037487745285,104682.4375,42035.8359375,62646.6015625,103598.2734375,41592.359375,62005.9140625,0.010356694459915161,0.010549964383244514,0.010227011516690254,1.0356694459915161,1.0337816178798676,2.4211909902095794,0.6308234669268131,2.371309472322464,5.960714423656464,5.449464375376702,6.62192862816155,614.0443417689625,614.0443417689625,greedy,6.62192862816155,0.0,hard_fault_cluster
311,N12656,control0,-0.5093531608581543,6.792368364354524,5.0503960847854605,-0.5093531608581543,0.39177650213241577,6.608779850622568,5.9251865386962885,0.003917765021324158,-0.16307896375656128,0.11257156729698181,0.11257156729698181,5.969140475392341,0.0027486011385917664,-0.03554878383874893,-0.003958366811275482,103598.375,41592.4765625,62005.90234375,104104.0703125,41749.90625,62354.1640625,-0.004881305620074272,-0.003785052103921771,-0.005616589915007353,-0.4881305620074272,0.7792081832885742,2.809955378472805,0.40094713121652603,2.7909585437178612,6.262607911229134,4.969342225268483,6.792368364354524,620.836710133317,620.836710133317,greedy,6.792368364354524,0.0,hard_fault_cluster
312,N13703,observe,0.2543179988861084,0.7726078137755394,1.1243795096874236,0.2543179988861084,0.5314705967903137,0.8055503942072392,1.3725922882556914,0.005314705967903137,-0.12696489691734314,0.07332456856966019,0.07332456856966019,0.7570149897038936,0.00991518422961235,-0.012355979532003403,3.6016106605529785e-05,104103.734375,41749.75390625,62353.9765625,104370.84375,42277.59375,62093.25390625,-0.0025658002123236656,-0.012642945162951946,0.004181331489235163,-0.25658002123236656,1.596313588321209,0.8991208285838366,1.1427172143012285,0.7054878682643175,0.9403638087213039,1.3144694527481624,0.7726078137755394,621.6093179470924,621.6093179470924,greedy,0.7726078137755394,0.0,hard_fault_cluster
313,N2041,control1,0.16110055148601532,0.4355128698050976,2.1362661033868786,0.16110055148601532,0.4852428436279297,0.4629518669098616,2.1716619610786436,0.004852428436279297,-0.089610755443573,0.0925968661904335,0.0925968661904335,0.727952779494226,0.004929251968860626,-0.017825715243816376,-0.0021458864212036133,104376.1484375,42278.21875,62097.9296875,104361.0078125,42244.3125,62116.6953125,0.0001450582785764709,0.0008019791566766798,-0.0003021940647158772,0.014505827857647091,1.0707649067044258,0.3771003261581063,0.6373851243406534,0.3088809624686837,0.549312862381339,2.45705336054787,0.4355128698050976,622.0448308168975,622.0448308168975,greedy,0.4355128698050976,0.0,hard_fault_cluster
314,N7729,control1,0.18279758095741272,0.6630998118221759,2.1373886466026306,0.18279758095741272,0.44082725048065186,0.6568856598436832,2.136807608604431,0.004408272504806518,-0.05218431353569031,0.10608527809381485,0.10608527809381485,0.7688076132535934,-0.00151844322681427,-0.01695767045021057,-0.005271345376968384,104358.6875,42244.12890625,62114.5546875,104355.890625,42287.68359375,62068.203125,2.680059515114408e-05,-0.0010310234501957893,0.0007462271023541689,0.002680059515114408,0.3950682058930397,0.15299087047576904,-0.015116190537810326,0.15299087047576904,0.5144746690988541,2.4344085349142546,0.6630998118221759,622.7079306287196,622.7079306287196,greedy,0.6630998118221759,0.0,hard_fault_cluster
315,N8611,control0,-0.09013401716947556,0.4861071655154228,2.03851922750473,-0.09013401716947556,0.35154515504837036,0.679749196767807,2.221532595157623,0.0035154515504837035,-0.09542518854141235,0.10255604982376099,0.10255604982376099,0.8192613914608955,0.004052981734275818,-0.02096375823020935,-0.002368345856666565,104346.75,42279.58203125,62067.16796875,103637.765625,41869.63671875,61768.125,0.006794503889977932,0.009696058928966522,0.004818053916096687,0.6794503889977932,0.8593993782997131,0.7274269938468932,0.5188234746456146,0.711411003768444,0.6178220480680466,1.9765843312442302,0.4861071655154228,623.1940377942351,623.1940377942351,greedy,0.4861071655154228,0.0,hard_fault_cluster
316,N12095,control0,-0.6058229207992554,0.6493939368415157,0.10660663582384586,-0.6058229207992554,0.008263304829597473,0.6669167643878608,0.10140338572673499,8.263304829597473e-05,0.008340001106262207,0.13169978559017181,0.008263304829597473,0.32069830597261895,0.006971396505832672,0.024967364966869354,-0.004041418433189392,103640.09375,41875.8125,61764.28125,103867.0625,42057.84765625,61809.21484375,-0.002189970575273037,-0.004347024019807577,-0.00072750129038468,-0.2189970575273037,0.8371027410030365,0.1706741841137409,0.7321304231882095,0.19379215106368064,0.1524744447087869,0.4840380723436829,0.6493939368415157,623.8434317310766,623.8434317310766,greedy,0.6493939368415157,0.0,hard_fault_cluster
317,N2030,control1,-0.0396762378513813,0.673655167222023,2.2575914561748505,-0.0396762378513813,0.12688472867012024,0.6082110908627509,2.11495059132576,0.0012688472867012023,0.016787558794021606,0.10872657597064972,0.10872657597064972,1.0334440249204635,0.015511654317378998,0.03654862195253372,0.0007964298129081726,103875.3984375,42059.58203125,61815.81640625,103974.8359375,42222.9453125,61751.890625,-0.0009572767303325236,-0.0038840919733047485,0.0010341331362724304,-0.09572767303325236,1.7867767363786697,0.6484470689296722,1.6100682578980923,0.6296649003028869,0.9917341083288193,2.7446271704137324,0.673655167222023,624.5170868982987,624.5170868982987,greedy,0.673655167222023,0.0,hard_fault_cluster
318,N13794,control1,0.027718905359506607,0.7085548743605614,2.1993991196155545,0.027718905359506607,0.15113337337970734,0.6310539988428354,2.1149881213903425,0.0015113337337970734,0.01966235041618347,0.10656646639108658,0.10656646639108658,0.9008947540074587,0.013483516871929169,0.03344803303480148,6.276369094848633e-05,103965.359375,42219.16796875,61746.1953125,104082.1328125,42288.96875,61793.1640625,-0.0011231956304982305,-0.0016532959416508675,-0.0007606744184158742,-0.11231956304982305,1.6060515269637108,0.4403506168723106,1.4127766471356153,0.4196718284487724,0.653802578151226,2.5249716757982967,0.7085548743605614,625.2256417726592,625.2256417726592,greedy,0.7085548743605614,0.0,hard_fault_cluster
319,N30922,control0,0.02006460353732109,0.5814376451075077,2.1360693365335464,0.02006460353732109,0.3351678252220154,0.9330887723714113,2.5239342927932737,0.003351678252220154,-0.11715120077133179,0.09895147383213043,0.09895147383213043,0.8863165327161551,0.006834991276264191,-0.01478588953614235,-0.0021278858184814453,104079.7578125,42288.9375,61790.8203125,103754.75,41971.953125,61782.796875,0.0031226803548634052,0.007495680823922157,0.000129848369397223,0.3122680354863405,1.1176184266805649,0.28120707165449854,0.7920289523899555,0.23126537170261144,0.7887914329767227,2.6127144314348696,0.5814376451075077,625.8070794177667,625.8070794177667,greedy,0.5814376451075077,0.0,hard_fault_cluster
320,N13737,observe,0.41367754340171814,0.5020338922739029,0.6744917511940002,0.41367754340171814,0.4635668396949768,0.5026000499725342,0.674492210149765,0.004635668396949768,-0.09804844856262207,0.07050167769193649,0.07050167769193649,0.7257787269353866,0.011582918465137482,-0.008249446749687195,0.0013581588864326477,103755.7109375,41973.0234375,61782.6875,103938.515625,42314.65234375,61623.86328125,-0.0017618759302422404,-0.008139249868690968,0.0025706912856549025,-0.17618759302422404,1.6923603639006615,0.8566789096593856,1.2918089758604765,0.8566789096593856,0.7784950748085976,0.7125856605598051,0.5020338922739029,626.3091133100405,626.3091133100405,greedy,0.5020338922739029,0.0,hard_fault_cluster
321,N13741,observe,0.6290769577026367,0.724664618447423,0.6778091371059417,0.6290769577026367,0.493186354637146,0.7116799231618642,0.6831024944782257,0.00493186354637146,-0.08926370739936829,0.07442653924226761,0.07442653924226761,0.7765867709368467,0.013710316270589828,-0.002911228686571121,0.0021034255623817444,103938.5546875,42314.671875,61623.8828125,103872.984375,42373.72265625,61499.265625,0.000630856491625309,-0.0013955155154690146,0.002022222150117159,0.0630856491625309,1.9386445209383965,0.49837082050740716,1.5129348505288363,0.4100889208167791,0.710742873698473,0.6723803079500794,0.724664618447423,627.0337779284879,627.0337779284879,greedy,0.724664618447423,0.0,hard_fault_cluster
322,N13733,observe,0.7615455389022827,0.7495349029079079,0.7687369227409362,0.7615455389022827,0.4862617254257202,0.732905506528914,0.7277418136596678,0.004862617254257202,-0.07031711935997009,0.07872805744409561,0.07872805744409561,0.8159875361621379,0.014095261693000793,-0.001971844583749771,0.0020053237676620483,103873.03125,42373.73828125,61499.2890625,103843.0546875,42420.37890625,61422.67578125,0.0002885884896386415,-0.001100696506910026,0.0012457588454708457,0.028858848963864148,1.9745159521698952,0.37676853746175765,1.5507736150175333,0.3217903009057045,0.6925228029489517,0.7224265617877246,0.7495349029079079,627.7833128313958,627.7833128313958,greedy,0.7495349029079079,0.0,hard_fault_cluster
323,N13745,observe,0.9095653891563416,0.7580822884904591,0.784494137763977,0.9095653891563416,0.5235827565193176,0.7408595088737456,0.8028116762638091,0.005235827565193176,-0.06592896580696106,0.07635938376188278,0.07635938376188278,0.8303340021893382,0.016030125319957733,-0.0012259408831596375,0.0030881986021995544,103843.078125,42420.38671875,61422.6953125,103844.78125,42471.69921875,61373.0859375,-1.6400948879891075e-05,-0.001209618872962892,0.0008076717494986951,-0.0016400948879891075,2.2029546722769737,0.42301896642893555,1.7529980670660734,0.3597747577354312,0.6895521644502878,0.7585018424876033,0.7580822884904591,628.5413951198863,628.5413951198863,greedy,0.7580822884904591,0.0,hard_fault_cluster
324,N30921,control0,0.45831623673439026,0.8633885522565106,2.209272843599319,0.45831623673439026,0.3537697196006775,1.182272151406505,2.542727196216583,0.003537697196006775,-0.10241490602493286,0.08464565873146057,0.08464565873146057,1.5315257899128483,0.01219816505908966,-0.006821468472480774,0.0006140619516372681,103843.90625,42470.640625,61373.265625,103225.03125,41968.98046875,61256.046875,0.00595966586843133,0.011811927892267704,0.0019099317723885179,0.595966586843133,1.6582318842411041,0.2511461225783569,1.3294203504920006,0.25033717497513863,0.7861508275003871,2.2786233839100167,0.8633885522565106,629.4047836721428,629.4047836721428,greedy,0.8633885522565106,0.0,hard_fault_cluster
325,N13695,observe,0.7869118452072144,0.6770075038075447,0.8252876460552214,0.7869118452072144,0.4813295006752014,0.6671833649277686,0.7309629559516906,0.004813295006752014,-0.09368038177490234,0.07782221585512161,0.07782221585512161,0.7000580537319183,0.015520192682743073,-0.0003576911985874176,0.0023807138204574585,103225.96875,41970.0625,61255.90234375,103467.421875,42254.640625,61212.78125,-0.002339073456823826,-0.00678050285205245,0.0007039500051178038,-0.23390734568238258,2.1111709848046303,0.8349217289686203,1.691807197406888,0.6837188358604908,0.7265482440590859,0.7722491491127766,0.6770075038075447,630.0817911759503,630.0817911759503,greedy,0.6770075038075447,0.0,hard_fault_cluster
326,N22040,control1,0.5357643961906433,0.8224777420982718,2.2665173947811126,0.5357643961906433,0.38831573724746704,0.947970630787313,2.4247809469699857,0.0038831573724746704,-0.09367942810058594,0.09444846212863922,0.09444846212863922,0.8494028204679489,0.011553648859262466,-0.006380327045917511,0.0007510706782341003,103465.9296875,42252.6171875,61213.3125,103337.828125,42178.734375,61159.09375,0.0012381038395687938,0.0017485972493886948,0.0008857346256263554,0.12381038395687938,1.638129085302353,0.35981057554483414,1.2760559357702732,0.3307427015900612,0.7664839386940001,2.5982145601510998,0.8224777420982718,630.9042689180486,630.9042689180486,greedy,0.8224777420982718,0.0,hard_fault_cluster
327,N29371,control0,0.3785656988620758,0.8519731134176254,2.2482883393764492,0.3785656988620758,0.30051547288894653,0.9556473981589079,2.3798911094665525,0.003005154728889465,-0.11680901050567627,0.0978872999548912,0.0978872999548912,0.8536874387040734,0.009778201580047607,-0.009615562856197357,-0.0010005012154579163,103338.953125,42180.2265625,61158.7265625,103017.125,41870.8046875,61146.3203125,0.003114296356216073,0.0073357089422643185,0.00020285330538172275,0.3114296356216073,1.3762229308485985,0.3373446518555283,1.0774208512157202,0.2479154298081994,0.7331341426819563,2.0515371927432717,0.8519731134176254,631.7562420314663,631.7562420314663,greedy,0.8519731134176254,0.0,hard_fault_cluster
328,N7712,control1,0.4910135865211487,0.8254805114120245,2.203765374422073,0.4910135865211487,0.40150755643844604,0.8216710736230015,2.2072444677352903,0.00401507556438446,-0.10652732849121094,0.10170266032218933,0.10170266032218933,0.8024591223523021,0.00986713171005249,-0.012421168386936188,-0.0002634003758430481,103022.28125,41871.83984375,61150.44140625,103447.421875,42243.53515625,61203.8828125,-0.0041266861371695995,-0.008876975625753403,-0.0008739333134144545,-0.41266861371695995,1.4899233877658844,0.5824831537529827,1.1125157251954079,0.4590597562119365,0.6079485539346934,2.4951665600575503,0.8254805114120245,632.5817225428783,632.5817225428783,greedy,0.8254805114120245,0.0,hard_fault_cluster
329,N2037,control1,0.45954349637031555,1.0072110136970878,2.3507796287536618,0.45954349637031555,0.4197685718536377,1.1139675968326628,2.505574059486389,0.004197685718536377,-0.09137558937072754,0.10907335579395294,0.10907335579395294,0.8699375092051923,0.006141349673271179,-0.01496058702468872,-0.0018673911690711975,103446.890625,42243.2265625,61203.6640625,103838.8203125,42439.46875,61399.3515625,-0.0037887042853981256,-0.004645530134439468,-0.0031973167788237333,-0.37887042853981256,1.1429768949747086,0.35812539589591325,0.7463454492390156,0.25194307398982346,0.8249858125112951,2.6362407781323416,1.0072110136970878,633.5889335565754,633.5889335565754,greedy,1.0072110136970878,0.0,hard_fault_cluster
330,N13800,control1,0.46177324652671814,0.9382754266262054,2.3433636546134946,0.46177324652671814,0.4620494246482849,1.0493573561310767,2.50165057182312,0.004620494246482849,-0.0919305682182312,0.11032526195049286,0.11032526195049286,0.8678621569275856,0.0049940720200538635,-0.01854802668094635,-0.002101600170135498,103836.40625,42439.359375,61397.046875,104147.015625,42556.66015625,61590.359375,-0.002991334069520235,-0.0027639621403068304,-0.003148563439026475,-0.2991334069520235,1.0717818886041641,0.42232440873980526,0.6425008736550808,0.3387192682921887,0.8205839440226554,2.6333795636147257,0.9382754266262054,634.5272089832016,634.5272089832016,greedy,0.9382754266262054,0.0,hard_fault_cluster
331,N30923,control0,0.3706320524215698,0.7855741314589978,2.2784879624843595,0.3706320524215698,0.394004762172699,0.8440036781132221,2.3572998881340026,0.00394004762172699,-0.1265123188495636,0.10110185295343399,0.10110185295343399,0.8165124002099037,0.00853550061583519,-0.017696455121040344,-0.0009930357336997986,104140.390625,42554.50390625,61585.8828125,103488.6875,41973.04296875,61515.6484375,0.006257928442209959,0.013663910329341888,0.0011404297547414899,0.6257928442209959,1.348656676709652,0.5853080579638481,0.9773267153650522,0.5105261334776878,0.7658021092414856,2.3352713710069657,0.7855741314589978,635.3127831146606,635.3127831146606,greedy,0.7855741314589978,0.0,hard_fault_cluster
332,N13749,observe,0.6615874767303467,0.6492205664515496,0.6987724304199219,0.6615874767303467,0.5138303637504578,0.6365848362445832,0.5374146088957786,0.005138303637504577,-0.10957950353622437,0.08822979032993317,0.08822979032993317,0.6779959133267403,0.011654246598482132,-0.0071955472230911255,0.0005197674036026001,103489.34375,41973.7265625,61515.61328125,104075.015625,42449.37890625,61625.63671875,-0.00565924821421504,-0.01133214496076107,-0.0017885449342429638,-0.565924821421504,1.7674848139286041,0.8269098365306854,1.315939698368311,0.7999308371543884,0.7124940037727355,0.6250621198302928,0.6492205664515496,635.9620036811122,635.9620036811122,greedy,0.6492205664515496,0.0,hard_fault_cluster
333,N26507,control1,0.552728533744812,0.7942449025809766,2.3074391424655913,0.552728533744812,0.41343778371810913,0.6622284948825836,2.1798239052295685,0.004134377837181092,-0.09199115633964539,0.10562417656183243,0.10562417656183243,0.8060367783159017,0.006972849369049072,-0.010172028094530106,-0.0016472339630126953,104073.59375,42447.6796875,61625.9140625,103696.859375,42243.328125,61453.53125,0.0036198843736201525,0.0048141987062990665,0.0027972455136477947,0.36198843736201525,1.2163468971848488,0.4256744735687971,0.8270504269748926,0.35884352557361127,0.652125120908022,2.523881328590214,0.7942449025809766,636.7562485836932,636.7562485836932,greedy,0.7942449025809766,0.0,hard_fault_cluster
334,N30929,control0,0.2072380632162094,5.939854207634926,5.999999999999999,0.2072380632162094,0.2827526330947876,3.157038529217243,3.2817495346069334,0.002827526330947876,-0.11770296096801758,0.11481399834156036,0.11481399834156036,2.8182515013217926,0.007805332541465759,-0.018440961837768555,-0.0012230873107910156,103697.671875,42244.5078125,61453.16015625,103230.1875,41865.67578125,61364.515625,0.004508147481828928,0.008967604488134384,0.0014424731489270926,0.4508147481828928,1.178099885582924,2.417026020884514,0.8799249120056629,2.3929921168088915,3.820886665582657,4.058576332628728,5.939854207634926,642.696102791328,642.696102791328,greedy,5.939854207634926,0.0,hard_fault_cluster
335,N30928,control0,0.040604617446660995,3.2358442425727842,4.008133816719055,0.040604617446660995,0.09582409262657166,1.6289200930297376,2.4768763065338133,0.0009582409262657165,-0.033372849225997925,0.14186610281467438,0.09582409262657166,1.5016760125756263,0.020329121500253677,0.05383516848087311,0.00386960431933403,103230.203125,41865.68359375,61364.5234375,102849.2265625,41628.93359375,61220.29296875,0.0036905533634126186,0.005654989276081324,0.0023503885604441166,0.36905533634126186,2.2706023454666138,1.3162510834634302,2.0923346988856792,1.3270741544663904,2.053377091884613,3.4346951097249985,3.2358442425727842,645.9319470339008,645.9319470339008,greedy,3.2358442425727842,0.0,hard_fault_cluster
336,N13785,control1,0.22413425147533417,0.860482307523489,2.4569864571094513,0.22413425147533417,0.1707373410463333,0.5441279076039791,2.1331879079341887,0.0017073734104633331,-0.021681129932403564,0.1223897933959961,0.1223897933959961,0.8782579904794693,0.021901853382587433,0.05370618402957916,0.004273742437362671,102853.5078125,41628.921875,61224.5859375,103968.046875,42279.16015625,61688.890625,-0.010836179368197918,-0.015619868412613869,-0.007583631202578545,-1.0836179368197918,2.4833124727010727,0.6384283390641212,2.2634671218693256,0.6183056917786598,0.7118074536323548,2.5626748448610304,0.860482307523489,646.7924293414243,646.7924293414243,greedy,0.860482307523489,0.0,hard_fault_cluster
337,N31044,control0,0.151528000831604,0.6954422004520894,2.321422731876373,0.151528000831604,0.15318477153778076,0.4507004886865616,2.0615520060062407,0.0015318477153778076,-0.017445415258407593,0.11934561282396317,0.11934561282396317,0.8113629282265902,0.020216844975948334,0.05701585114002228,0.002374764531850815,103962.9609375,42278.9296875,61684.03125,103794.703125,41907.83984375,61886.859375,0.001618440030142665,0.00877718161791563,-0.0032881787046790123,0.1618440030142665,2.2942148819565773,0.48544677697122096,2.0898170936852694,0.4650534351915121,0.6249734729528428,2.5062327574193475,0.6954422004520894,647.4878715418764,647.4878715418764,greedy,0.6954422004520894,0.0,hard_fault_cluster
338,N13699,observe,0.5297533869743347,0.6097920566797257,1.1200177907943725,0.5297533869743347,0.4403929114341736,0.5984599485993385,0.7394432961940764,0.004403929114341736,-0.1197858452796936,0.09201091527938843,0.09201091527938843,0.7130526623129845,0.011543381959199905,-0.0079110786318779,0.00017533451318740845,103795.203125,41908.296875,61886.91015625,104519.8359375,42407.3671875,62112.46875,-0.006981370970606804,-0.011908628046512604,-0.003644689917564392,-0.6981370970606804,1.6867420226335526,0.6295205929875374,1.287439152598381,0.496893016397953,0.7190417528152465,0.9083716275053688,0.6097920566797257,648.0976635985561,648.0976635985561,greedy,0.6097920566797257,0.0,hard_fault_cluster
339,N13739,observe,0.7750698328018188,0.7593125838786363,0.674490749835968,0.7750698328018188,0.5004080533981323,0.7520157609134913,0.674490749835968,0.005004080533981323,-0.10995328426361084,0.08998652547597885,0.08998652547597885,0.7152958765625954,0.013590145856142044,-0.0023323632776737213,0.0009273439645767212,104519.671875,42407.18359375,62112.4921875,104723.65625,42539.82421875,62183.828125,-0.0019516361644491553,-0.003127786796540022,-0.0011484958231449127,-0.19516361644491553,1.9494091644883156,0.841467234492302,1.5066132303327322,0.841467234492302,0.7391802474856377,0.6560479985421535,0.7593125838786363,648.8569761824348,648.8569761824348,greedy,0.7593125838786363,0.0,hard_fault_cluster
340,N13729,observe,0.22553503513336182,0.7236027336865664,-1.4281321346759794,0.22553503513336182,0.3139230012893677,0.7215904224663973,2.1765179216861723,0.003139230012893677,-0.12597426772117615,0.10478782653808594,0.10478782653808594,0.7662955712154508,0.010619178414344788,-0.015471544116735458,-0.0001971423625946045,104723.609375,42539.8828125,62183.72265625,104465.765625,42496.08203125,61969.6796875,0.002462135860696435,0.0010296404361724854,0.003442106069996953,0.2462135860696435,1.4806286692619324,0.332985187806189,1.1665955483913422,0.3100147050991654,0.5686536561697721,0.4992617215774951,0.7236027336865664,649.5805789161213,649.5805789161213,greedy,0.7236027336865664,0.0,hard_fault_cluster
341,N7727,control1,0.2946690618991852,1.0194095865637063,2.27796379327774,0.2946690618991852,0.35976535081863403,1.234496873244643,2.49686821103096,0.0035976535081863404,-0.11353695392608643,0.10972023755311966,0.10972023755311966,0.841866692379117,0.009493570774793625,-0.017915252596139908,-0.000447005033493042,104472.5625,42497.0,61975.56640625,105025.96875,42761.28515625,62264.6796875,-0.0052971444092690945,-0.006218913476914167,-0.004664955660700798,-0.5297144409269094,1.4188426658511162,0.3778310851380229,1.066728474572301,0.3244737670943141,0.7836724285036326,2.4801600407995283,1.0194095865637063,650.599988502685,650.599988502685,greedy,1.0194095865637063,0.0,hard_fault_cluster
342,N30934,control0,0.07228855788707733,0.8348791228234768,2.113900437951088,0.07228855788707733,0.10363976657390594,0.6466957022994756,1.952507537603378,0.0010363976657390595,-0.030635863542556763,0.136003777384758,0.10363976657390594,0.7249377568811177,0.018440555781126022,0.05024774372577667,0.0023020729422569275,105016.1015625,42758.8984375,62257.203125,104359.203125,42282.87890625,62076.328125,0.006255216430872679,0.01113264262676239,0.002905286382883787,0.6255216430872679,2.083699122071266,0.7389536130428314,1.9039664641022682,0.7193017756938934,0.47831472009420395,2.410904568061232,0.8348791228234768,651.4348676255086,651.4348676255086,greedy,0.8348791228234768,0.0,hard_fault_cluster
343,N13801,control1,0.2108224481344223,0.7416834823787213,2.4078878700733184,0.2108224481344223,0.16294534504413605,0.4531454391777515,2.1117273241281507,0.0016294534504413605,-0.02220901846885681,0.12286435067653656,0.12286435067653656,0.9314097525179386,0.019433721899986267,0.049240536987781525,0.0025818422436714172,104362.1875,42283.171875,62079.01953125,105209.09375,42738.01953125,62471.07421875,-0.008115068078041077,-0.010757178999483585,-0.006315413862466812,-0.8115068078041077,2.2291818857192993,0.5869871210306883,2.014824613928795,0.5611648391932249,0.6665847606956959,2.48823492128402,0.7416834823787213,652.1765511078872,652.1765511078872,greedy,0.7416834823787213,0.0,hard_fault_cluster
344,N18563,observe,0.3487042486667633,0.8650436107069255,2.3471545457839964,0.3487042486667633,0.42492860555648804,1.3473194813355804,2.9265654206275937,0.0042492860555648805,-0.12354281544685364,0.07857917249202728,0.07857917249202728,0.7135852322354912,0.011744707822799683,0.0029083266854286194,-0.0016038715839385986,105205.96875,42738.10546875,62467.859375,106639.328125,42906.33984375,63732.984375,-0.013624316081404686,-0.003936402034014463,-0.020252414047718048,-1.3624316081404686,1.6779785603284836,0.4806473561935126,1.300347726792097,0.3304391214065253,1.013325853087008,1.9278909804020077,0.8650436107069255,653.0415947185942,653.0415947185942,greedy,0.8650436107069255,0.0,hard_fault_cluster
345,N2036,control1,0.22444793581962585,0.5993629285134375,2.2288095891475677,0.22444793581962585,0.1286652833223343,0.19065818555653094,1.8406197261065242,0.0012866528332233429,0.33264729380607605,0.003712320700287819,0.003712320700287819,0.8143692982103676,0.012080013751983643,-0.02169978991150856,0.02621207758784294,106644.90625,42907.01953125,63737.890625,106967.984375,43396.92578125,63571.0546875,-0.0030294754542410374,-0.011417858302593231,0.002617531456053257,-0.30294754542410374,1.3403789792209864,0.3007278024032711,1.2410957762040198,0.31506258536130183,0.3986223882064223,2.2975068474467846,0.5993629285134375,653.6409576471076,653.6409576471076,greedy,0.5993629285134375,0.0,hard_fault_cluster
346,N13701,observe,0.28782159090042114,0.7194980531930925,0.6745026350021363,0.28782159090042114,0.21680496633052826,0.7083527758717537,0.6744878768920898,0.0021680496633052827,0.3357594609260559,-0.0003139730542898178,-0.0003139730542898178,0.660611625611782,0.02029009535908699,-0.020934291183948517,0.029119838029146194,106960.75,43395.85546875,63564.890625,107576.921875,43824.29296875,63752.62890625,-0.005760728847235441,-0.009872774593532085,-0.0029534902423620224,-0.5760728847235441,2.2455005291849375,0.7909107530117035,2.0831322842277586,0.7784015202522279,0.7199623867869378,0.6745439678430558,0.7194980531930925,654.3604557003007,654.3604557003007,greedy,0.7194980531930925,0.0,hard_fault_cluster
347,N13743,observe,0.32323339581489563,0.659356501698494,1.0391193628311157,0.32323339581489563,0.26599007844924927,0.6517851538956165,1.3898085117340089,0.002659900784492493,0.3223165273666382,-0.005099346861243248,-0.005099346861243248,0.2275738252699375,0.02433708682656288,-0.02585771307349205,0.03368984907865524,107577.1015625,43824.34375,63752.7578125,107592.4140625,43908.8359375,63683.578125,-0.0001423397770849988,-0.0019279738189652562,0.0010851246770471334,-0.014233977708499879,2.694599414244294,0.772715169787407,2.4989313655532897,0.7727152770757675,0.7378160901367664,1.1483960339328974,0.659356501698494,655.0198122019992,655.0198122019992,greedy,0.659356501698494,0.0,hard_fault_cluster
348,N13697,observe,0.40523454546928406,0.6631342619657516,1.344624972343445,0.40523454546928406,0.29632365703582764,0.6574563324451446,2.272144067287445,0.0029632365703582764,0.33609405159950256,-0.009016050025820732,-0.009016050025820732,0.1921440029393852,0.024073977023363113,-0.026722554117441177,0.03608592972159386,107592.296875,43908.81640625,63683.484375,107414.46875,43883.8125,63530.66015625,0.0016527960542589426,0.0005694507271982729,0.002399746561422944,0.16527960542589426,2.6947053093463182,0.7710459142600666,2.479224604088813,0.7710449486648213,0.7472704589366912,1.6870683183303479,0.6631342619657516,655.682946463965,655.682946463965,greedy,0.6631342619657516,0.0,hard_fault_cluster
349,N13747,observe,0.4667429029941559,0.6622275412082672,2.27214515209198,0.4667429029941559,0.32957547903060913,0.6560942351818084,2.272144693136215,0.003295754790306091,0.34699174761772156,-0.010009309276938438,-0.010009309276938438,0.19131941293169802,0.022989708930253983,-0.02907457947731018,0.037386901676654816,107414.6875,43883.9453125,63530.7421875,107270.484375,43879.9375,63390.546875,0.0013424898497760296,9.132753621088341e-05,0.0022067318204790354,0.13424898497760296,2.618537062779069,0.770145482600019,2.378862435463816,0.7701453216674782,0.7450022265315056,2.3217506251036157,0.6622275412082672,656.3451740051732,656.3451740051732,greedy,0.6622275412082672,0.0,hard_fault_cluster
350,N13693,observe,0.522418200969696,1.0640396103262901,2.551814103126526,0.522418200969696,0.36860501766204834,0.9715667732059956,2.4800743520259854,0.0036860501766204836,0.3529435098171234,-0.00906948558986187,-0.00906948558986187,0.3138310153782367,0.021553494036197662,-0.03374992311000824,0.03784246742725372,107270.46875,43879.9296875,63390.5390625,107328.078125,43984.4296875,63343.6484375,-0.0005370478611439466,-0.0023814986925572157,0.0007397101726382971,-0.053704786114394665,2.5148849356919527,0.8369431425631046,2.245233286637813,0.8369430352747441,1.0417830504477024,2.0745073241367935,1.0640396103262901,657.4092136154995,657.4092136154995,greedy,1.0640396103262901,0.0,hard_fault_cluster
351,N13731,observe,0.5765821933746338,1.189831008017063,2.629156494140625,0.5765821933746338,0.40676581859588623,1.1162642180919649,2.585994291305542,0.004067658185958862,0.354467511177063,-0.007994106039404869,-0.007994106039404869,0.4325209853053093,0.019990403205156326,-0.03903834521770477,0.038047805428504944,107327.9765625,43984.359375,63343.6171875,107469.53125,44137.16796875,63332.359375,-0.0013188982848078012,-0.0034741575364023447,0.00017772607679944485,-0.13188982848078012,2.397812033072114,0.8654933738708496,2.098733248654753,0.8654933202266694,1.1562099799513816,2.1488863512128593,1.189831008017063,658.5990446235166,658.5990446235166,greedy,1.189831008017063,0.0,hard_fault_cluster
352,N13735,observe,0.6113401651382446,1.1654849044978617,2.593278670310974,0.6113401651382446,0.44930028915405273,1.140261610969901,2.597054123878479,0.0044930028915405274,0.35356083512306213,-0.006657859310507774,-0.006657859310507774,0.5065932232886552,0.01846323534846306,-0.044673413038253784,0.03821834921836853,107469.5,44137.15625,63332.34375,107701.9140625,44307.4296875,63394.484375,-0.0021626048255711794,-0.0038578251842409372,-0.0009811831405386329,-0.21626048255711794,2.288965964689851,1.1333025209605694,1.956984142307192,1.0917647056281568,1.1621600855141878,2.1501118314452468,1.1654849044978617,659.7645295280145,659.7645295280145,greedy,1.1654849044978617,0.0,hard_fault_cluster
353,N2078,control1,0.47689488530158997,1.2965218029916286,2.644494545459747,0.47689488530158997,0.4012811779975891,1.4273481618613004,2.835656464099884,0.004012811779975891,0.35260599851608276,-0.005920780822634697,-0.005920780822634697,0.5410810748487711,0.013889096677303314,-0.053116533905267715,0.03651592507958412,107705.2109375,44307.3984375,63397.8125,107996.0,44478.65625,63517.34765625,-0.002699860604479909,-0.003865219419822097,-0.001885477569885552,-0.2699860604479909,1.7842700649052858,0.946432930380106,1.48774976702407,0.874858987480402,1.283695227280259,2.835161037389189,1.2965218029916286,661.0610513310061,661.0610513310061,greedy,1.2965218029916286,0.0,hard_fault_cluster
354,N7455,observe,0.3599404990673065,1.1935923254583032,2.5646719574928283,0.3599404990673065,0.34076160192489624,1.4622300633927807,2.884021139144897,0.0034076160192489623,0.3242703378200531,-0.017738139256834984,-0.017738139256834984,0.12293150837067512,0.01883632317185402,-0.034303929656744,0.03271942585706711,107991.3515625,44477.9765625,63513.375,108399.8828125,44413.3203125,63986.5625,-0.003782999701797962,0.0014536689268425107,-0.007450202479958534,-0.3782999701797962,2.206655779853463,1.6287702772114425,1.9643881828524172,1.606254312703386,1.3334440782899035,2.303755623787874,1.1935923254583032,662.2546436564644,662.2546436564644,greedy,1.1935923254583032,0.0,hard_fault_cluster
355,N18097,observe,0.29737940430641174,1.1904406011104585,2.5968061208724973,0.29737940430641174,0.313549280166626,1.3990314602851868,1.930377447605133,0.0031354928016662596,0.33048462867736816,-0.023625528439879417,-0.023625528439879417,-0.0934380674362183,0.020386040210723877,-0.025793083012104034,0.031266361474990845,108400.2109375,44413.6640625,63986.546875,108864.046875,44639.36328125,64224.6796875,-0.00427892105653882,-0.005081751849502325,-0.003721607383340597,-0.427892105653882,2.3285277727991343,1.9247694462537766,2.1110849590040743,1.9739560097455977,1.3923356145620347,1.973344820588827,1.1904406011104585,663.4450842575749,663.4450842575749,greedy,1.1904406011104585,0.0,hard_fault_cluster
356,N7726,control1,0.31179574131965637,1.3008291735313833,2.657494258880615,0.31179574131965637,0.29823458194732666,1.3761545723769812,2.7809087991714474,0.0029823458194732665,0.3509453237056732,-0.013011297211050987,-0.013011297211050987,0.5680430880840868,0.016394514590501785,-0.032686375081539154,0.03227779269218445,108875.90625,44643.05078125,64232.8515625,108921.71875,44856.16015625,64065.5546875,-0.00042077721445821226,-0.004773629363626242,0.002604537643492222,-0.042077721445821226,1.9246747437864542,1.3370683609507978,1.7107572802342474,1.2470336853526531,1.2961170633789152,2.9424760911962946,1.3008291735313833,664.7459134311063,664.7459134311063,greedy,1.3008291735313833,0.0,hard_fault_cluster
357,N7507,observe,0.2545166015625,1.088139509409666,2.6086352467536926,0.2545166015625,0.2811052203178406,1.3714211542159318,2.938160395622253,0.0028110522031784056,0.3379729986190796,-0.0254660677164793,-0.0254660677164793,-0.3697276438027621,0.019909650087356567,-0.019111424684524536,0.030167464166879654,108907.0,44852.0390625,64054.95703125,109738.828125,45102.1953125,64636.63671875,-0.0076379673555493355,-0.005577366333454847,-0.009080947376787663,-0.7637967355549335,2.246604161337018,1.9833205263316633,2.054874796885997,1.9986880819499495,1.4385485749691722,2.4072347214631735,1.088139509409666,665.8340529405159,665.8340529405159,greedy,1.088139509409666,0.0,hard_fault_cluster
358,N3779,observe,0.05969762057065964,0.6476075103670155,-1.3309251785278318,0.05969762057065964,0.1448799967765808,0.6342970610841803,2.275236302614212,0.0014487999677658082,0.3466237187385559,-0.01058916561305523,-0.01058916561305523,0.3828178519716675,0.01341482624411583,-0.03543119505047798,0.03187882900238037,109739.21875,45102.76171875,64636.453125,109377.0625,45149.95703125,64227.10546875,0.0033001534175127745,-0.0010463951621204615,0.006333077326416969,0.33001534175127745,1.4757734555751085,0.737579200544933,1.3750553322024643,0.7072521069437061,0.6796448029055682,0.3422429398171969,0.6476075103670155,666.4816604508829,666.4816604508829,greedy,0.6476075103670155,0.0,hard_fault_cluster
359,N18788,observe,0.05256205424666405,0.6408265454127104,-1.3279932439327238,0.05256205424666405,0.09441785514354706,0.6242846604516672,2.2723403751850126,0.0009441785514354706,0.3419708013534546,-0.0045262109488248825,-0.0045262109488248825,0.7889394266602903,0.013501789420843124,-0.03425447642803192,0.03240618482232094,109376.859375,45149.7734375,64227.0859375,108991.34375,45024.38671875,63966.953125,0.0035246543120592833,0.002777128480374813,0.004050204064697027,0.3524654312059283,1.4400705862790346,0.8367675725175651,1.372651853132993,0.8368032458974631,0.6914076843742805,0.25029630212320597,0.6408265454127104,667.1224869962956,667.1224869962956,greedy,0.6408265454127104,0.0,hard_fault_cluster
360,N9513,observe,0.0629090666770935,0.6439330187447923,2.2745491623878475,0.0629090666770935,0.06416825950145721,0.6214972059440698,-1.3312068939208983,0.0006416825950145721,0.3376626670360565,-0.0007377844303846359,-0.0007377844303846359,0.8307453275184706,0.01355811208486557,-0.030676674097776413,0.03219994530081749,108991.375,45024.55078125,63966.8203125,108572.0234375,44814.06640625,63757.95703125,0.003847566433250904,0.004674880299717188,0.0032651815563440323,0.3847566433250904,1.4192416835576296,0.8343939784177201,1.3716688272543252,0.8339200857289689,0.6890226282199364,0.5131197369297936,0.6439330187447923,667.7664200150404,667.7664200150404,greedy,0.6439330187447923,0.0,hard_fault_cluster
361,N13711,observe,0.06436555087566376,0.6407851340605702,0.5868770748376846,0.06436555087566376,0.045031413435935974,0.6239209521165321,0.47171081952983507,0.00045031413435935974,0.33560413122177124,0.0028475169092416763,0.0028475169092416763,0.831325172634497,0.01376478374004364,-0.02741469070315361,0.03176072612404823,108571.4921875,44813.6640625,63757.828125,108129.46875,44575.26953125,63554.203125,0.004071265924721956,0.005319683812558651,0.0031937253661453724,0.4071265924721956,1.4243573043495417,0.8431040581299748,1.3884481065906584,0.8431029316021885,0.6913741400425352,0.5339687782554211,0.6407851340605702,668.407205149101,668.407205149101,greedy,0.6407851340605702,0.0,hard_fault_cluster
362,N13913,control1,-0.05026489123702049,0.6554112508893013,2.321400910615921,-0.05026489123702049,0.0075258538126945496,0.07769908636808395,1.766141790151596,7.52585381269455e-05,0.3368286192417145,0.004631856456398964,0.004631856456398964,0.7939963413774968,0.010764926671981812,-0.024336032569408417,0.027473967522382736,108127.46875,44572.22265625,63555.24609375,107009.875,43827.0,63182.875,0.010335891507565975,0.01671944186091423,0.0058590141125023365,1.0335891507565975,1.0886503774672747,0.19325684264302254,1.0795320947654545,0.19325684264302254,0.4136725515127182,2.3688871584832665,0.6554112508893013,669.0626163999902,669.0626163999902,greedy,0.6554112508893013,0.0,hard_fault_cluster
363,N27858,control1,-0.06188258156180382,0.6990051746368409,2.2430606245994564,-0.06188258156180382,0.07968012988567352,0.43120475761592386,1.990775644779205,0.0007968012988567352,0.26598092913627625,0.012041641399264336,0.012041641399264336,1.0854114433377982,0.010586030781269073,-0.001086641103029251,0.019534781575202942,107011.4921875,43829.8671875,63181.625,106468.1484375,43574.71875,62893.4296875,0.00507743377238512,0.005821337457746267,0.004561378620564938,0.507743377238512,1.1503248494118452,0.3791150676459074,1.0815335209481418,0.4210900890082121,0.47833608388900756,2.4109184545278546,0.6990051746368409,669.761621574627,669.761621574627,greedy,0.6990051746368409,0.0,hard_fault_cluster
364,N7766,control1,0.06841792166233063,1.0416098507252174,2.628398048877716,0.06841792166233063,0.05786040425300598,0.1653733345305954,1.7843906719237563,0.0005786040425300598,0.36385470628738403,0.008572826161980629,0.008572826161980629,0.8109739865828306,0.011305488646030426,-0.02752625197172165,0.029272019863128662,106471.453125,43575.11328125,62896.33984375,105771.296875,43272.56640625,62498.7265625,0.006575999781489372,0.006943111773580313,0.006321723572909832,0.6575999781489372,1.1969820950180292,0.45681683890521524,1.1471571722067893,0.4848921018093824,0.6278749445453286,2.508118713954463,1.0416098507252174,670.8032314253522,670.8032314253522,greedy,1.0416098507252174,0.0,hard_fault_cluster
365,N30926,control0,-0.07132446765899658,0.6591797861270606,0.42639145259745415,-0.07132446765899658,0.09665943682193756,0.5227872223872692,0.27102075428674655,0.0009665943682193757,0.2276194989681244,0.018493102863430977,0.018493102863430977,0.7993501914292573,0.008309386670589447,0.008296571671962738,0.016575850546360016,105766.515625,43271.5546875,62494.9609375,104730.921875,42595.71484375,62135.2109375,0.009791319258511066,0.01561857108026743,0.005756464321166277,0.9791319258511066,0.9460912067443132,0.742162568718195,0.8597268019802868,0.7739945484697819,0.6241242825984954,0.4363039859464674,0.6591797861270606,671.4624112114793,671.4624112114793,greedy,0.6591797861270606,0.0,hard_fault_cluster
366,N13709,observe,0.009106134064495564,0.8416529417037963,2.2766989946365355,0.009106134064495564,-0.002562016248703003,0.6594140770286321,2.110060542821884,-2.5620162487030028e-05,0.025524258613586426,0.06929611414670944,-0.002562016248703003,0.766133746728301,0.021981343626976013,0.049021489918231964,0.0025649815797805786,104731.46875,42596.2421875,62135.2265625,104467.1875,42601.578125,61865.609375,0.002523417817428708,-0.00012526780483312905,0.0043391999788582325,0.2523417817428708,2.2648684605956078,0.8653681179881096,2.214817887172103,0.8652515491843223,0.64284488260746,2.257406773436814,0.8416529417037963,672.3040641531832,672.3040641531832,greedy,0.8416529417037963,0.0,hard_fault_cluster
367,N2891,observe,0.16771027445793152,1.024082225561142,2.410052096843719,0.16771027445793152,0.04739998281002045,0.8797633051872253,2.2721435248851773,0.00047399982810020447,-0.02405133843421936,0.09145747870206833,0.04739998281002045,1.0536275577545164,0.028468742966651917,0.058318354189395905,0.006102509796619415,104467.6875,42601.12890625,61866.5546875,104591.796875,42790.41015625,61801.3828125,-0.001188016845844686,-0.004443103913217783,0.0010534266475588083,-0.1188016845844686,2.9857317581772804,1.1138610833883285,2.881588662043214,1.1167579227685929,0.797790987789631,1.879462112262845,1.024082225561142,673.3281463787443,673.3281463787443,greedy,1.024082225561142,0.0,hard_fault_cluster
368,N13707,observe,0.05710994824767113,0.8874924704432487,2.273071491718292,0.05710994824767113,0.01778675615787506,0.8761659294366836,2.2721435248851773,0.0001778675615787506,-0.026377588510513306,0.10093118995428085,0.01778675615787506,0.861213499456644,0.025967851281166077,0.05534108728170395,0.005170200020074844,104591.03125,42790.5859375,61800.4453125,104089.859375,42548.69140625,61541.1640625,0.004791729152202606,0.005652984604239464,0.004195459187030792,0.4791729152202606,2.7155030742287636,1.1944820618629457,2.6264646146446466,1.117518219947815,0.7240360498428345,2.0443448986069415,0.8874924704432487,674.2156388491876,674.2156388491876,greedy,0.8874924704432487,0.0,hard_fault_cluster
369,N13723,observe,0.029079142957925797,0.8850966642872663,0.6521300077438354,0.029079142957925797,0.0061554014682769775,0.8351664182399691,0.4275486290454864,6.155401468276977e-05,-0.02881947159767151,0.105891652405262,0.0061554014682769775,0.8517854720381729,0.024932101368904114,0.05515933781862259,0.004558254033327103,104089.8046875,42548.8046875,61541.0,103641.4921875,42345.53125,61295.9609375,0.004306978080421686,0.004777418449521065,0.00398172065615654,0.4306978080421686,2.6052571907639503,1.2299139781371924,2.521221900358796,1.2606220527068945,0.7159820158223739,0.578890577671622,0.8850966642872663,675.1007355134749,675.1007355134749,greedy,0.8850966642872663,0.0,hard_fault_cluster
370,N24568,control0,-0.12940306961536407,0.5509042426943779,1.483128809928894,-0.12940306961536407,-0.032305918633937836,0.4357707671821118,1.148488786816597,-0.00032305918633937833,-0.027354180812835693,0.11311887949705124,-0.032305918633937836,0.7592869334667921,0.020149223506450653,0.0505552738904953,0.0021636784076690674,103629.671875,42324.28515625,61305.38671875,102864.296875,41939.8671875,60924.42578125,0.007385674398392439,0.009082680568099022,0.006214151158928871,0.7385674398392439,2.0957353115081787,0.79815378844738,2.0351255908608437,0.8721954709291457,0.6070575028657913,1.3914770616590977,0.5509042426943779,675.6516397561693,675.6516397561693,greedy,0.5509042426943779,0.0,hard_fault_cluster
371,N2076,control1,0.2802259922027588,0.9048394173383714,2.57429267168045,0.2802259922027588,0.0678158849477768,0.6392238244414329,2.2972532033920285,0.000678158849477768,-0.0029805898666381836,0.08693518489599228,0.0678158849477768,1.2863387243449687,0.027013715356588364,0.06000041961669922,0.004415612667798996,102881.4375,41962.05078125,60919.3828125,102406.34375,41864.2109375,60542.13671875,0.004617876373231411,0.002331626834347844,0.006192546337842941,0.4617876373231411,2.8561226055026054,1.3574339026212692,2.7400593031197786,1.345495712161064,0.9874611139297486,2.670681748390198,0.9048394173383714,676.5564791735077,676.5564791735077,greedy,0.9048394173383714,0.0,hard_fault_cluster
372,N29498,control1,0.3979608714580536,1.3216950997710228,2.8416109561920164,0.3979608714580536,0.11068113148212433,0.8914892233908177,2.4044492483139037,0.0011068113148212434,0.025383830070495605,0.07261926680803299,0.07261926680803299,1.6795265135914088,0.027341365814208984,0.0558745339512825,0.004831716418266296,102399.1640625,41862.39453125,60536.76953125,101977.0390625,41703.0390625,60274.0,0.004122348036617041,0.0038066497072577477,0.004340659826993942,0.41223480366170406,2.9174369797110558,1.5446195448189974,2.7799616809934378,1.4535931194573641,1.1995450221002102,2.8797042643651363,1.3216950997710228,677.8781742732787,677.8781742732787,greedy,1.3216950997710228,0.0,hard_fault_cluster
373,N1986,control1,0.416243314743042,1.765342076867819,2.7777944087982176,0.416243314743042,0.25632625818252563,2.080890230461955,3.204683685302734,0.0025632625818252566,-0.02597963809967041,0.1147846207022667,0.1147846207022667,1.5647624848037958,0.005768202245235443,-0.007271144539117813,-0.0018269121646881104,101973.53125,41695.38671875,60278.1484375,101708.4921875,41598.0546875,60110.4375,0.0025990966241806746,0.0023343598004430532,0.0027822840493172407,0.25990966241806746,0.9479311034083366,0.23303357731550933,0.6695979442447424,0.14667162518948318,1.4918062362819908,3.069674053583294,1.765342076867819,679.6435163501465,679.6435163501465,greedy,1.765342076867819,0.0,hard_fault_cluster
374,N7711,control1,0.4623368978500366,2.5559837196720765,3.1587425470352173,0.4623368978500366,0.2771795988082886,3.6162204445456156,4.446371817588806,0.0027717959880828856,-0.0019900500774383545,0.11000034213066101,0.11000034213066101,1.8695360386255198,0.0038114264607429504,-0.009267132729291916,-0.002429872751235962,101722.34375,41607.75,60114.59375,101586.3125,41578.921875,60007.38671875,0.0013372799148783088,0.0006928546936251223,0.0017833778401836753,0.13372799148783088,0.7683225870132446,0.3761570442983793,0.47793763130903244,0.3761433929593477,2.4288732005166818,3.5978112464601866,2.5559837196720765,682.1995000698186,682.1995000698186,greedy,2.5559837196720765,0.0,hard_fault_cluster
375,N9041,observe,0.4421218931674957,1.9908298536390066,2.643353497982025,0.4421218931674957,0.33271247148513794,3.2902558531612156,3.9775860548019404,0.0033271247148513794,-0.05735132098197937,0.10846713930368423,0.10846713930368423,1.253493537083268,0.005969975143671036,-0.006498444825410843,-0.0026726573705673218,101573.78125,41576.0,59997.78515625,101385.734375,41367.546875,60018.1875,0.0018513328395783901,0.005013784859329462,-0.0003400516288820654,0.185133283957839,1.0381771251559258,0.46680483382195237,0.7072924170643091,0.3717396126314998,1.8125836942344904,2.936218872014433,1.9908298536390066,684.1903299234575,684.1903299234575,greedy,1.9908298536390066,0.0,hard_fault_cluster
376,N1987,control1,0.5519202947616577,2.0620784945785995,3.152761936187744,0.5519202947616577,0.3804064989089966,1.5544872153550389,2.338504385948181,0.003804064989089966,-0.043780118227005005,0.10664188116788864,0.10664188116788864,1.0862748625129461,0.004624452441930771,-0.00856875628232956,-0.002907097339630127,101383.9453125,41362.09375,60021.8515625,101274.234375,41424.09765625,59850.140625,0.0010821332689374685,-0.0014990514609962702,0.002860807115212083,0.10821332689374685,0.9494936242699623,0.3561332966759801,0.5842073392122984,0.2684987220540643,1.448647692427039,2.6172605823539197,2.0620784945785995,686.2524084180361,686.2524084180361,greedy,2.0620784945785995,0.0,hard_fault_cluster
377,N2029,control1,0.609259307384491,1.6892610371112822,2.9369593501091,0.609259307384491,0.3000776767730713,1.3002927653491496,1.750874364376068,0.003000776767730713,0.021106183528900146,0.10294805467128754,0.10294805467128754,0.7264060555398464,-0.002499021589756012,-0.007488228380680084,-0.006519436836242676,101283.34375,41431.4765625,59851.86328125,101231.671875,41452.8125,59778.86328125,0.0005101715214550495,-0.0005149692879058421,0.001219677971675992,0.05101715214550495,0.15312357246875763,0.17904893301427366,-0.1491457261145115,-0.0016669482737779462,1.2516886077821257,2.2162360503897074,1.6892610371112822,687.9416694551473,687.9416694551473,greedy,1.6892610371112822,0.0,hard_fault_cluster
378,N30927,control0,0.29602348804473877,1.090458581596613,0.9134782195091247,0.29602348804473877,0.2767156958580017,1.269241193011403,0.8441119968891143,0.0027671569585800172,-0.08066540956497192,0.11682131886482239,0.11682131886482239,0.8960361446440219,0.0040009841322898865,-0.01965392380952835,-0.003072299063205719,101221.8671875,41449.9296875,59771.9375,100644.1796875,40984.3828125,59659.796875,0.005707141477614641,0.01123154815286398,0.0018761417595669627,0.5707141477614641,0.7936354279518127,0.5588850422948599,0.49848266690969467,0.47374088011682036,0.8459773637354374,0.8599880568310618,1.090458581596613,689.032128036744,689.032128036744,greedy,1.090458581596613,0.0,hard_fault_cluster
379,N2074,control1,0.5022952556610107,1.2597266567870973,1.0072808861732483,0.5022952556610107,0.2623828649520874,1.2934608770534397,1.123770934343338,0.002623828649520874,-0.006987214088439941,0.10712534189224243,0.10712534189224243,1.1312134450674056,-0.005164735019207001,-0.009402889758348465,-0.008108749985694885,100649.8125,40985.19140625,59664.6171875,100811.59375,41207.30859375,59604.28125,-0.0016073676524683833,-0.005419449880719185,0.0010112515883520246,-0.16073676524683833,-0.14696529507637024,-0.6298908546566964,-0.4240964502096176,-0.8234356001019478,1.0292621821165084,0.8879726136848332,1.2597266567870973,690.291854693531,690.291854693531,greedy,1.2597266567870973,0.0,hard_fault_cluster
380,N27364,control1,0.42095956206321716,0.9004162289202213,0.8121735572814941,0.42095956206321716,0.15065164864063263,0.7647584058344364,0.6463214576244354,0.0015065164864063263,0.02168947458267212,0.10156895965337753,0.10156895965337753,0.9573608195781708,0.022249259054660797,0.05257628858089447,0.0038180723786354065,100804.078125,41204.65625,59599.41796875,100993.578125,41214.625,59778.953125,-0.001879884279333055,-0.00024193260469473898,-0.003012364264577627,-0.1879884279333055,2.47714651376009,1.077979452610016,2.2879810575395823,1.0608650815486909,0.8398789584636689,0.765097578689456,0.9004162289202213,691.1922709224513,691.1922709224513,greedy,0.9004162289202213,0.0,hard_fault_cluster
381,N30925,control0,0.27235615253448486,0.8117528618779033,0.6792316377162934,0.27235615253448486,0.10473494231700897,0.7972583593335003,0.655002111196518,0.0010473494231700896,0.010147273540496826,0.11470494419336319,0.10473494231700897,0.9541132432222366,0.02005690336227417,0.05129709839820862,0.0023688971996307373,100994.734375,41216.17578125,59778.5625,100569.046875,40866.2109375,59702.83984375,0.004214947577565908,0.008490958251059055,0.0012667193077504635,0.42149475775659084,2.225130222737789,0.9013311323523522,2.06055030785501,0.897170966565609,0.8070332169532776,0.7311343831568957,0.8117528618779033,692.0040237843292,692.0040237843292,greedy,0.8117528618779033,0.0,hard_fault_cluster
382,N13797,control1,0.42391350865364075,1.0023871585726738,2.5432710170745847,0.42391350865364075,0.1323181837797165,0.752387584745884,1.1644141137599944,0.0013231818377971649,0.02568727731704712,0.1004905104637146,0.1004905104637146,1.2684674498438835,0.01894223690032959,0.04926329851150513,0.0015963651239871979,100575.53125,40868.10546875,59707.4296875,100624.9375,41074.84375,59550.09765625,-0.0004912352887913585,-0.005058670416474342,0.0026350494008511305,-0.04912352887913585,2.12703238427639,0.9807171539962292,1.9524258635938168,0.9286203698813915,0.931812371313572,1.9643195763975383,1.0023871585726738,693.0064109429019,693.0064109429019,greedy,1.0023871585726738,0.0,hard_fault_cluster
383,N7690,control1,0.4489220082759857,0.8269370265305043,2.4880962729454037,0.4489220082759857,0.14148767292499542,0.4323142752051353,0.9017190366983413,0.0014148767292499543,0.026227623224258423,0.09846533089876175,0.09846533089876175,0.8584613784402608,0.016401588916778564,0.043169133365154266,0.0009444169700145721,100614.8359375,41066.7265625,59548.109375,100401.6015625,41013.15625,59388.4453125,0.002119313459843397,0.0013044700026512146,0.0026812616270035505,0.21193134598433971,1.8801118955016136,0.5978742058575153,1.7001471426337957,0.5515890534222125,0.7361301019787789,1.7517265749722721,0.8269370265305043,693.8333479694323,693.8333479694323,greedy,0.8269370265305043,0.0,hard_fault_cluster
384,N13836,control1,0.4398147761821747,0.902675424516201,2.4220852494239806,0.4398147761821747,0.14538733661174774,0.9356953002512454,1.7448114871978757,0.0014538733661174773,0.026676565408706665,0.09603288769721985,0.09603288769721985,0.8541267715394497,0.013985663652420044,0.03755836933851242,0.00032405927777290344,100408.359375,41020.1015625,59388.26171875,100246.484375,40962.5078125,59283.9765625,0.0016121665248647332,0.001404037233442068,0.0017559893894940615,0.16121665248647332,1.639986589550972,0.6548933932930231,1.4589214213192463,0.6298238883167505,0.9666896156966686,2.1719132266566157,0.902675424516201,694.7360233939486,694.7360233939486,greedy,0.902675424516201,0.0,hard_fault_cluster
385,N30924,control0,0.38025352358818054,0.7561142310500145,0.6664476603269577,0.38025352358818054,0.12666556239128113,0.7260959059000015,0.5894518494606018,0.0012666556239128114,0.018896907567977905,0.1062340959906578,0.1062340959906578,0.8856395384669303,0.01716041937470436,0.04138585925102234,0.0019296742975711823,100241.265625,40960.9921875,59280.2734375,99839.7734375,40650.4765625,59189.296875,0.004005258437246084,0.007580764126032591,0.0015346852596849203,0.4005258437246084,1.948941595852375,0.8276633359491825,1.7742668520659208,0.8225941993296146,0.8483659282326699,0.7084978472441434,0.7561142310500145,695.4921376249986,695.4921376249986,greedy,0.7561142310500145,0.0,hard_fault_cluster
386,N13725,observe,0.3212723731994629,0.6830800588547619,0.6745012819766998,0.3212723731994629,0.10896585881710052,0.6716826495706186,0.6744985520839691,0.0010896585881710052,0.01807960867881775,0.11258455365896225,0.10896585881710052,0.8723276106726359,0.018200021237134933,0.04322429001331329,0.002482481300830841,99840.4375,40650.94140625,59189.4921875,100991.3125,41334.51953125,59656.7890625,-0.01152714341878891,-0.016815800219774246,-0.007894929498434067,-1.152714341878891,2.041552536189556,0.9272157153605849,1.875389726832509,1.018977358055058,0.7187047593592183,0.6478399560968302,0.6830800588547619,696.1752176838534,696.1752176838534,greedy,0.6830800588547619,0.0,hard_fault_cluster
387,N7721,control1,0.41458430886268616,0.8774691998958587,1.2749482989311218,0.41458430886268616,0.12993046641349792,0.8858632788062096,1.1134259700775146,0.0012993046641349793,0.020736485719680786,0.10205251723527908,0.10205251723527908,1.0722385320067405,0.016669265925884247,0.0411529466509819,0.0014769583940505981,100996.796875,41335.04296875,59661.7578125,100990.125,41382.609375,59607.51171875,6.606025999644771e-05,-0.0011507525341585279,0.0009092272375710309,0.006606025999644771,1.8989095762372017,0.7854756315052509,1.724922338500619,0.8276320298016071,1.0437455669045448,1.2522670518606902,0.8774691998958587,697.0526868837492,697.0526868837492,greedy,0.8774691998958587,0.0,hard_fault_cluster
388,N13721,observe,0.3656955361366272,0.7091291949152947,0.743488574028015,0.3656955361366272,0.11566080152988434,0.5161541663110256,0.5118237197399139,0.0011566080152988433,0.01876702904701233,0.1098276898264885,0.1098276898264885,0.8550852756947279,0.018147874623537064,0.04212712496519089,0.002574630081653595,100983.71875,41381.75,59601.97265625,101725.40625,41780.46484375,59944.9375,-0.0073446244932711124,-0.009635040536522865,-0.00575425336137414,-0.7344624493271112,2.040275953710079,1.2069925740361214,1.8711595851927996,1.1839989617466926,0.7278361171483994,0.7534142423338561,0.7091291949152947,697.7618160786644,697.7618160786644,greedy,0.7091291949152947,0.0,hard_fault_cluster
389,N7765,control1,0.41683095693588257,0.9148083075881004,1.490200865268707,0.41683095693588257,0.12405307590961456,0.8891666367650031,0.8867724776268004,0.0012405307590961456,0.01954445242881775,0.10316463559865952,0.10316463559865952,1.085937631726265,0.015420380979776382,0.03877033293247223,0.0009369775652885437,101727.984375,41780.62890625,59947.3515625,101619.9375,41721.9375,59898.00390625,0.0010621155379340053,0.00140475167427212,0.0008231832762248814,0.10621155379340053,1.7692558094859123,0.8421844841539861,1.5988425258547068,0.9041176439821721,1.0363856539130212,1.2448606414347887,0.9148083075881004,698.6766243862526,698.6766243862526,greedy,0.9148083075881004,0.0,hard_fault_cluster
390,N13717,observe,0.3852172791957855,0.7990363851189614,2.3421528041362762,0.3852172791957855,0.11818420886993408,0.7898853950202465,2.339357095956802,0.0011818420886993408,0.018934398889541626,0.10577985644340515,0.10577985644340515,0.9889686142653227,0.017525941133499146,0.03983621299266815,0.0024256631731987,101616.921875,41721.5390625,59895.3828125,102208.875,42041.8046875,60167.06640625,-0.005825340282171965,-0.0076762656681239605,-0.004535968881100416,-0.5825340282171965,1.9765581786632538,1.0786662366986275,1.8085851296782494,1.1781497982144356,0.8554085619747639,2.656015565283596,0.7990363851189614,699.4756607713715,699.4756607713715,greedy,0.7990363851189614,0.0,hard_fault_cluster
391,N19316,observe,0.47586652636528015,1.356557468548417,2.4965025067329405,0.47586652636528015,0.27438902854919434,2.1565429948270323,3.4031216382980345,0.002743890285491943,-0.09232363104820251,0.11386232823133469,0.11386232823133469,1.3597038757801054,0.017867285758256912,0.021932393312454224,0.002813667058944702,102208.6171875,42041.734375,60166.8828125,102434.7421875,42014.68359375,60420.05859375,-0.0022123868111521006,0.0006434268434531987,-0.004207892809063196,-0.22123868111521006,2.1749799326062202,1.3745265066623689,1.8837914150208235,1.3379437506198884,1.5215788334608078,3.089026241749525,1.356557468548417,700.8322182399199,700.8322182399199,greedy,1.356557468548417,0.0,hard_fault_cluster
392,N29390,control0,0.3053758442401886,0.8361230443581007,0.6794751346111297,0.3053758442401886,0.2015582174062729,1.0185782435699364,0.9563024520874024,0.0020155821740627288,-0.09282785654067993,0.12026198208332062,0.12026198208332062,0.8555470298230647,0.013288464397192001,0.01874387264251709,-0.0005328282713890076,102434.7421875,42014.65234375,60420.08984375,102579.1640625,41926.203125,60652.9609375,-0.001409891527146101,0.0021051992662250996,-0.003854199778288603,-0.1409891527146101,1.6506666392087936,0.518428616002202,1.4093014895915985,0.37769869692623614,0.8001812361180782,0.5775483125942992,0.8361230443581007,701.6683412842781,701.6683412842781,greedy,0.8361230443581007,0.0,hard_fault_cluster
393,N2025,control1,0.4011920988559723,1.195402392745018,1.8389384984970092,0.4011920988559723,0.1367408186197281,0.9285607308149337,0.8567172527313232,0.001367408186197281,0.021988719701766968,0.09132438898086548,0.09132438898086548,0.8440464103221892,0.016222529113292694,0.04075200855731964,0.0010752007365226746,102577.5546875,41921.203125,60656.3515625,102421.78125,42003.3046875,60418.4765625,0.001518591889180243,-0.001958473352715373,0.00392168341204524,0.1518591889180243,1.850318118929863,1.297080516219139,1.6792692132294178,1.4394486302137375,1.1576439455151557,1.3813851906359194,1.195402392745018,702.8637436770231,702.8637436770231,greedy,1.195402392745018,0.0,hard_fault_cluster
394,N7759,control1,0.3920067250728607,0.8305146589875222,2.0200499534606933,0.3920067250728607,0.1286153495311737,0.7566762313246727,1.2889631569385527,0.001286153495311737,0.020598560571670532,0.09330058842897415,0.09330058842897415,0.8786352688074112,0.013755779713392258,0.035207293927669525,5.620718002319336e-05,102424.2109375,42007.7578125,60416.453125,102120.828125,41859.2734375,60261.55859375,0.002962022554129362,0.003534689312800765,0.002563780639320612,0.2962022554129362,1.5974939092993736,0.8995342324674129,1.4310569558292627,0.8925878475606441,0.9062326714396477,1.7232989423722027,0.8305146589875222,703.6942583360106,703.6942583360106,greedy,0.8305146589875222,0.0,hard_fault_cluster
395,N13719,observe,0.3708465099334717,0.823647002875805,2.327914744615555,0.3708465099334717,0.1170404702425003,1.0148804888129235,2.5511836647987365,0.001170404702425003,0.020122647285461426,0.09792570024728775,0.09792570024728775,1.0747500801086427,0.016216643154621124,0.03743524104356766,0.0018076449632644653,102119.34375,41859.515625,60259.828125,102666.1640625,42194.29296875,60471.87109375,-0.005354718305170536,-0.007997640408575535,-0.0035188114270567894,-0.5354718305170536,1.8366304859519005,1.1673928338289261,1.6754058580845594,1.1535659927129744,0.9383541479706764,2.7099301961809394,0.823647002875805,704.5179053388864,704.5179053388864,greedy,0.823647002875805,0.0,hard_fault_cluster
396,N13837,control1,0.3689296543598175,0.8461926758289338,1.6931069970130919,0.3689296543598175,0.1189272403717041,0.961400118470192,1.4373274326324461,0.001189272403717041,0.018524348735809326,0.09661509841680527,0.09661509841680527,1.0928147119283675,0.013613902032375336,0.03298572450876236,0.00021867826581001282,102667.3984375,42194.4921875,60472.90625,102366.9375,42021.8046875,60345.1328125,0.0029265466146171093,0.004092655144631863,0.0021129038650542498,0.29265466146171093,1.576932542026043,1.028106545507908,1.415275787934661,1.00960705190897,0.9781889200210572,1.6034058322012423,0.8461926758289338,705.3640980147153,705.3640980147153,greedy,0.8461926758289338,0.0,hard_fault_cluster
397,N13727,observe,0.3753780722618103,0.9388530738651752,2.4428999364376067,0.3753780722618103,0.11306239664554596,0.9491592761129141,2.4721817314624785,0.0011306239664554596,0.01862505078315735,0.09934643656015396,0.09934643656015396,1.1832694935426116,0.015869397670030594,0.03633330762386322,0.0017314106225967407,102365.34375,42021.4453125,60343.89453125,102867.7265625,42320.2265625,60547.5,-0.004907743073999882,-0.007110208738595247,-0.0033740857616066933,-0.4907743073999882,1.7993486002087593,1.241485705524683,1.6400419753044844,1.218626203685999,0.9916423622518777,2.7445675354637205,0.9388530738651752,706.3029510885805,706.3029510885805,greedy,0.9388530738651752,0.0,hard_fault_cluster
398,N13715,observe,0.3541988432407379,0.9991009891033172,2.496877974271774,0.3541988432407379,0.10714814066886902,0.8805592224001885,2.379371529817581,0.00107148140668869,0.015337884426116943,0.10209029912948608,0.10209029912948608,1.1775104506313798,0.015808209776878357,0.0381799191236496,0.0011211559176445007,102867.59375,42320.18359375,60547.40625,103026.234375,42438.2578125,60587.98046875,-0.0015421827556565404,-0.002790021477267146,-0.0006701231468468904,-0.15421827556565404,1.7900594174861908,1.3099588376283646,1.6331305876374245,1.30269981443882,0.9928112909197807,2.745327339097857,0.9991009891033172,707.3020520776838,707.3020520776838,greedy,0.9991009891033172,0.0,hard_fault_cluster
399,N14009,observe,0.485141783952713,1.2578960686922074,2.7181145548820496,0.485141783952713,0.16494913399219513,1.3353699684143066,2.837983202934265,0.0016494913399219514,0.02094447612762451,0.08090353012084961,0.08090353012084961,1.1759886330366134,0.02273567020893097,0.04826092720031738,0.00424523651599884,103025.671875,42437.3203125,60588.3515625,103506.53125,42648.84375,60857.69140625,-0.004667374305427074,-0.004984373226761818,-0.0044454061426222324,-0.46673743054270744,2.5194196850061417,1.4623610222339631,2.335030186921358,1.5244843089580535,1.4205069839954376,3.023329539597034,1.2578960686922074,708.559948146376,708.559948146376,greedy,1.2578960686922074,0.0,hard_fault_cluster
400,N13705,observe,0.35526397824287415,1.1577888220548629,2.5669444561004635,0.35526397824287415,0.12811677157878876,1.2670556262135506,2.7003827571868895,0.0012811677157878877,0.012952625751495361,0.09590385854244232,0.09590385854244232,1.1802031800150872,0.01957874372601509,0.04486753046512604,0.0028952620923519135,103507.0,42649.83203125,60857.1640625,103561.5625,42698.25,60863.3125,-0.0005271382397040725,-0.001135244034230709,-0.00010103062959387898,-0.05271382397040725,2.18189500272274,1.565184252858162,2.013879530131817,1.5193109685182573,1.277326647937298,2.930262321159243,1.1577888220548629,709.7177369684308,709.7177369684308,greedy,1.1577888220548629,0.0,hard_fault_cluster
401,N13713,observe,0.3144729435443878,1.161510880291462,2.6439306139945984,0.3144729435443878,0.11020536720752716,0.9551946520805358,2.436027032136917,0.0011020536720752717,0.010572761297225952,0.10114892572164536,0.10114892572164536,1.4086000128090381,0.018762875348329544,0.044945716857910156,0.0022156164050102234,103561.4765625,42698.1953125,60863.28125,103440.7109375,42636.609375,60804.1015625,0.001166124944575131,0.001442354521714151,0.0009723380790092051,0.1166124944575131,2.087641827762127,1.3627118811011314,1.9291261080652475,1.35452029556036,1.1345147281885146,2.8374345733225343,1.161510880291462,710.8792478487222,710.8792478487222,greedy,1.161510880291462,0.0,hard_fault_cluster
402,N7673,observe,0.2854841351509094,0.9941183254122734,2.5099889636039734,0.2854841351509094,0.09710006415843964,0.8828729376196861,2.3989289700984955,0.0009710006415843964,0.009098976850509644,0.1047079935669899,0.09710006415843964,1.3668301653861998,0.018200300633907318,0.045302070677280426,0.0016314983367919922,103440.8828125,42636.8515625,60804.03125,103324.5078125,42574.8671875,60749.640625,0.0011250387178733945,0.0014537746319547296,0.0008945233421400189,0.11250387178733945,2.0218381211161613,1.3509511786699293,1.8704820778220892,1.3384825545549393,1.0266584768891334,2.7673280099779363,0.9941183254122734,711.8733661741345,711.8733661741345,greedy,0.9941183254122734,0.0,hard_fault_cluster
403,N29526,control0,0.19578441977500916,0.9377181053161621,0.899005228281021,0.19578441977500916,0.06810185313224792,0.7173898935317993,0.675172871351242,0.0006810185313224792,0.004990875720977783,0.10441717505455017,0.06810185313224792,1.0628737980127334,0.01423032209277153,0.04453270882368088,-0.0010253936052322388,103323.765625,42574.3828125,60749.3828125,103212.125,42318.7265625,60893.40234375,0.0010804932098835707,0.006004931405186653,-0.0023707160726189613,0.10804932098835707,1.595551237463951,0.9271684063971042,1.4661619663238525,0.927148558050394,0.8817852392792702,0.7199240564554931,0.9377181053161621,712.8110842794507,712.8110842794507,greedy,0.9377181053161621,0.0,hard_fault_cluster
404,N31050,control0,0.1372184157371521,1.1996640026569365,1.1609801590442657,0.1372184157371521,0.04983752965927124,0.7259768873453141,0.7742783546447753,0.0004983752965927124,0.0019453167915344238,0.10646116733551025,0.04983752965927124,0.9463744062185286,0.012553427368402481,0.04517669230699539,-0.002276875078678131,103212.28125,42318.66015625,60893.6171875,103127.53125,42171.5390625,60955.9921875,0.000821123190689832,0.003476506331935525,-0.0010243273572996259,0.0821123190689832,1.4116414338350296,0.7253859120607375,1.2944174110889435,0.8032369095087051,1.0250409424304963,0.8362287041544915,1.1996640026569365,714.0107482821077,714.0107482821077,greedy,1.1996640026569365,0.0,hard_fault_cluster
405,N31045,control0,0.09052504599094391,1.0900383621454237,1.3498691797256468,0.09052504599094391,0.03531290590763092,0.7181095734238624,1.805974054336548,0.0003531290590763092,-0.0007933974266052246,0.10820014774799347,0.03531290590763092,0.9450887700915336,0.011494588106870651,0.045791447162628174,-0.0031126290559768677,103127.59375,42171.59765625,60955.9921875,103078.75,42067.796875,61010.953125,0.0004736244445666671,0.0024613908026367426,-0.0009016494732350111,0.04736244445666671,1.2929718643426895,1.3354384976625442,1.1853370741009712,1.2956707793474196,1.0417134165763855,1.4119692873954772,1.0900383621454237,715.100786644253,715.100786644253,greedy,1.0900383621454237,0.0,hard_fault_cluster
406,N31051,control0,0.05670696869492531,1.19413560628891,1.7887459158897399,0.05670696869492531,0.024644315242767334,0.8554546535015106,1.970366895198822,0.00024644315242767335,-0.0036489367485046387,0.1090865507721901,0.024644315242767334,1.1004671561717987,0.010795287787914276,0.046013958752155304,-0.003623165190219879,103078.6953125,42067.75,61010.9453125,103061.5,41997.0390625,61064.45703125,0.00016681732085999101,0.001680882298387587,-0.0008770839194767177,0.0166817320859991,1.213259644806385,1.4206848883628846,1.112961495295167,1.366448684334755,1.2156918466091158,1.7387493830919267,1.19413560628891,716.294922250542,716.294922250542,greedy,1.19413560628891,0.0,hard_fault_cluster
407,N7725,control1,0.10705330967903137,1.1336386650800705,2.076762247085571,0.10705330967903137,0.048324599862098694,0.8234316661953925,1.3225788056850434,0.00048324599862098694,0.003247469663619995,0.1077529564499855,0.048324599862098694,0.9662025246024132,0.011009853333234787,0.04069165885448456,-0.003254219889640808,103067.5625,41998.359375,61069.19921875,102791.375,42058.109375,60733.265625,0.002679674420505762,-0.0014226746279746294,0.005500867962837219,0.2679674420505762,1.257062889635563,1.4938168478012086,1.1400047224014997,1.437401945590973,1.1401261419057847,1.8283374823629854,1.1336386650800705,717.428560915622,717.428560915622,greedy,1.1336386650800705,0.0,hard_fault_cluster
408,N7718,control1,0.08697156608104706,0.9860155135393144,2.4819587409496306,0.08697156608104706,0.056813791394233704,0.762226328253746,1.877832907438278,0.000568137913942337,0.009340524673461914,0.10630616545677185,0.056813791394233704,0.8711430191993713,0.01032973825931549,0.03318489342927933,-0.0031040385365486145,102790.2734375,42055.9609375,60734.3125,102454.5546875,41918.96875,60535.5859375,0.003266055602580309,0.00325737870298326,0.0032720640301704407,0.3266055602580309,1.1960937827825546,1.2494106769561768,1.0737538151443005,1.2116890013217925,1.0377036601305007,2.357677579522133,0.9860155135393144,718.4145764291613,718.4145764291613,greedy,0.9860155135393144,0.0,hard_fault_cluster
409,N12307,observe,0.1337175816297531,0.8371259346604347,2.4102339684963225,0.1337175816297531,0.07977427542209625,0.7071992769837379,-1.3278582274913786,0.0007977427542209625,0.017191559076309204,0.09668433666229248,0.07977427542209625,0.9033691632747649,0.01623467728495598,0.04629628360271454,-4.019588232040405e-05,102448.9765625,41919.4765625,60529.5,103510.15625,42266.6875,61243.46875,-0.010358128696680069,-0.008282806724309921,-0.01179538480937481,-1.035812869668007,1.7999263405799866,1.6149845111370087,1.667582381516695,1.5840930807590485,0.8804407030344009,1.2022864569723608,0.8371259346604347,719.2517023638218,719.2517023638218,greedy,0.8371259346604347,0.0,hard_fault_cluster
410,N12316,observe,0.016940828412771225,0.9210733100771904,2.3767091274261474,0.016940828412771225,0.17061682045459747,1.2463347747921942,2.7724387288093566,0.0017061682045459747,-0.07852515578269958,0.09789078682661057,0.09789078682661057,1.0776529985666274,0.004676509648561478,-0.013549227267503738,-0.0028821080923080444,103510.3125,42266.8515625,61243.4609375,104591.953125,42599.953125,61992.0,-0.01044959295541048,-0.007880917750298977,-0.01222235057502985,-1.044959295541048,0.7361585721373558,0.8725950002670289,0.5347778666764498,0.6526357412338257,1.0049728274345398,2.7532323378324506,0.9210733100771904,720.172775673899,720.172775673899,greedy,0.9210733100771904,0.0,hard_fault_cluster
411,N18620,observe,0.026086967438459396,1.1559640410356224,2.5695873737335204,0.026086967438459396,0.03655603528022766,0.874427645187825,-0.23684535622596742,0.0003655603528022766,0.030238956212997437,0.09396419674158096,0.03655603528022766,0.9310042473673821,0.0174671933054924,0.045943692326545715,0.0007312893867492676,104591.859375,42599.9609375,61991.8984375,104518.2890625,42723.9921875,61794.296875,0.0007034037844277918,-0.0029115343932062387,0.0031875385902822018,0.07034037844277918,1.8772395625710487,1.1404749715328217,1.7793493885546923,1.1484483206272125,0.9879079431295394,1.7176363699138162,1.1559640410356224,721.3287397149346,721.3287397149346,greedy,1.1559640410356224,0.0,hard_fault_cluster
412,N12581,observe,0.09355354309082031,1.2190697953104972,2.8594380497932432,0.09355354309082031,0.14839981496334076,0.6801753327250482,2.3372581660747525,0.0014839981496334075,0.1400252878665924,-0.006327373906970024,-0.006327373906970024,0.6847644793987273,0.016143035143613815,0.06275603920221329,0.003708072006702423,104518.5546875,42724.0546875,61794.5,106716.9140625,43095.49609375,63621.41796875,-0.02103319764137268,-0.008693964220583439,-0.02956441044807434,-2.103319764137268,1.7563759554177523,1.1600738388299943,1.6498216246254742,1.1509299737215044,1.004207618534565,2.2277349520474674,1.2190697953104972,722.5478095102451,722.5478095102451,greedy,1.2190697953104972,0.0,hard_fault_cluster
413,N18532,observe,-0.03172506019473076,1.2463220845907925,2.4817257165908813,-0.03172506019473076,0.14510731399059296,1.5734869938343763,2.8516095161437987,0.0014510731399059295,0.12997481226921082,-0.0009407605975866318,-0.0009407605975866318,0.9026869171857834,0.014755215495824814,0.051186703145504,0.006452981382608414,106716.75,43095.40625,63621.34375,106721.84375,43393.11328125,63328.734375,-4.7731493395986035e-05,-0.0069080921821296215,0.004599232692271471,-0.0047731493395986035,1.6196881029754877,1.1047572803497316,1.511563187930733,1.1238852393627168,1.2894774466753005,2.938160340338945,1.2463220845907925,723.7941315948359,723.7941315948359,greedy,1.2463220845907925,0.0,hard_fault_cluster
414,N8821,observe,-0.05191870406270027,0.998171965032816,2.3714248359203336,-0.05191870406270027,0.14594148099422455,0.9645251654088497,2.3182734608650204,0.0014594148099422455,0.12715619802474976,0.0036760326474905014,0.0036760326474905014,1.0082716843485833,0.014870434999465942,0.05008796602487564,0.0078091099858284,106721.953125,43393.34375,63328.60546875,106368.421875,43368.1796875,63000.2421875,0.003312638495117426,0.0005799060454592109,0.00518507044762373,0.3312638495117426,1.6366610135883093,1.4875604426860811,1.524447878357023,1.4866803562641144,0.9812426120042801,2.737807697802782,0.998171965032816,724.7923035598687,724.7923035598687,greedy,0.998171965032816,0.0,hard_fault_cluster
415,N7636,observe,-0.0458826906979084,1.3499733477830886,2.654387044906616,-0.0458826906979084,0.145885169506073,0.877200930416584,2.193633925914764,0.00145885169506073,0.12575358152389526,0.010845648124814034,0.010845648124814034,1.6342945635318755,0.014567796140909195,0.050917766988277435,0.008808057755231857,106368.515625,43368.14453125,63000.3671875,105916.90625,43222.63671875,62694.265625,0.004245705436915159,0.003355177352204919,0.0048587266355752945,0.4245705436915159,1.6135104317218065,1.4827752974629402,1.4959623184986413,1.4797837403416634,1.0869157969951628,2.806495268046856,1.3499733477830886,726.1422769076519,726.1422769076519,greedy,1.3499733477830886,0.0,hard_fault_cluster
416,N18514,observe,0.01984770968556404,0.8358297541737557,2.5289728403091427,0.01984770968556404,0.14581820368766785,0.31675137877464293,0.6005482196807861,0.0014581820368766785,0.14549890160560608,-0.006330555304884911,-0.006330555304884911,-0.4712123742699623,0.017328452318906784,0.07440930604934692,0.004013083875179291,105916.53125,43222.375,62694.16015625,107823.4375,43536.015625,64287.42578125,-0.018003858625888824,-0.007256441283971071,-0.025413302704691887,-1.8003858625888824,1.8723328802734613,1.354870127439499,1.7677171439863741,1.3716032493114472,0.6505802661180495,1.5582953084260225,0.8358297541737557,726.9781066618257,726.9781066618257,greedy,0.8358297541737557,0.0,hard_fault_cluster
417,N27564,control0,-0.09940207749605179,0.9230660580098629,1.0585102558135986,-0.09940207749605179,0.07918475568294525,0.07030807917937634,-0.45063307657837864,0.0007918475568294525,0.22900614142417908,0.007014455273747444,0.007014455273747444,1.5557820236124098,0.00707167387008667,0.0182761549949646,0.01041889563202858,107822.9375,43534.95703125,64287.9765625,108023.21875,43629.12109375,64394.09375,-0.001857501338236034,-0.002162952907383442,-0.0016506536630913615,-0.1857501338236034,0.7933665979653597,0.3684880912676453,0.7287171897478402,0.36140909720212216,0.5291212987154723,0.21089484177529824,0.9230660580098629,727.9011727198356,727.9011727198356,greedy,0.9230660580098629,0.0,hard_fault_cluster
418,N8764,observe,-0.461324542760849,0.8451173163950444,0.4702601373195648,-0.461324542760849,0.21315611898899078,1.0145798973739146,0.9458238482475281,0.0021315611898899078,-0.031037628650665283,-0.007190866395831108,-0.007190866395831108,0.724598642885685,0.017705265432596207,0.10208913683891296,-0.006002292037010193,108023.984375,43630.453125,64393.53515625,107327.484375,43602.0625,63725.42578125,0.006447642110288143,0.0006507066427730024,0.010375410318374634,0.6447642110288143,1.9764917958527803,1.3653168022632598,1.8220178564079106,1.3334947526454926,1.0402553260326386,0.9347249327600002,0.8451173163950444,728.7462900362307,728.7462900362307,greedy,0.8451173163950444,0.0,hard_fault_cluster
419,N12399,observe,-0.14299719035625458,1.34081169276551,1.5233842849731445,-0.14299719035625458,-0.014343395829200745,0.04805005887718378,-1.989768362045288,-0.00014343395829200745,0.33228859305381775,0.021198520436882973,-0.014343395829200745,-0.07550184182123304,0.009691242128610611,-0.017211683094501495,0.024936269968748093,107327.1640625,43601.796875,63725.3671875,107982.671875,43808.21875,64174.45703125,-0.006107566878199577,-0.004734251648187637,-0.007047269493341446,-0.6107566878199577,0.9759793374687433,0.5636069901221663,0.9708379940129817,0.6229385562175185,0.568677147591734,-0.11800552886028504,1.34081169276551,730.0871017289962,730.0871017289962,greedy,1.34081169276551,0.0,hard_fault_cluster
420,N12387,observe,-0.16463038325309753,0.7572567715632573,1.1776602804660796,-0.16463038325309753,-0.01656174659729004,0.19687480476078092,0.04184191258100327,-0.00016561746597290039,0.3335193991661072,0.02134696952998638,-0.01656174659729004,0.5042767305626558,0.010378483682870865,-0.01343228667974472,0.025652118027210236,107982.640625,43808.18359375,64174.453125,108585.953125,44003.94140625,64582.015625,-0.005587124731391668,-0.004468521568924189,-0.00635085254907608,-0.5587124731391668,1.0426335912197828,0.7162218860941448,1.0390446740202606,0.7914442769842663,0.48795534720065914,0.6231792038849128,0.7572567715632573,730.8443585005595,730.8443585005595,greedy,0.7572567715632573,0.0,hard_fault_cluster
421,N12463,observe,-0.18180640041828156,0.7434153697639871,2.351321280002594,-0.18180640041828156,-0.018782958388328552,0.3204646601995968,0.13427033439511432,-0.00018782958388328553,0.3339366614818573,0.02091512270271778,-0.018782958388328552,0.4969588993905336,0.010970667004585266,-0.010198857635259628,0.026379618793725967,108585.9921875,44003.97265625,64582.01953125,109226.65625,44232.40625,64994.25,-0.005900061689317226,-0.00519120367243886,-0.0063830530270934105,-0.5900061689317226,1.0991988647729158,0.6550407332652435,1.097599741537124,0.7365084585181375,0.5054783305551609,1.198139077905412,0.7434153697639871,731.5877738703234,731.5877738703234,greedy,0.7434153697639871,0.0,hard_fault_cluster
422,N7268,observe,-0.1974107176065445,0.604984874278307,1.9277848064899445,-0.1974107176065445,-0.021597400307655334,0.3882447946816683,0.2535176227334887,-0.00021597400307655335,0.33590155839920044,0.020813370123505592,-0.021597400307655334,0.49297265253961087,0.011517740786075592,-0.007384739816188812,0.026821494102478027,109226.859375,44232.4609375,64994.3984375,109904.453125,44495.7890625,65408.6640625,-0.00620354525744915,-0.005953277926892042,-0.006373866461217403,-0.620354525744915,1.1509900484234095,0.5949941646680236,1.1515780710615218,0.6778046722710133,0.5126457516103984,1.0421214822801268,0.604984874278307,732.1927587446017,732.1927587446017,greedy,0.604984874278307,0.0,hard_fault_cluster
423,N12447,observe,-0.20638124644756317,0.6041222438216209,1.3596778512001038,-0.20638124644756317,-0.024280183017253876,0.36059285663068297,0.22440737015713239,-0.00024280183017253877,0.33608686923980713,0.02117067016661167,-0.024280183017253876,0.4455708076804876,0.01191166415810585,-0.005058743059635162,0.02718506008386612,109904.1875,44495.7109375,65408.4765625,110499.734375,44731.03125,65768.703125,-0.005418782588094473,-0.005288606509566307,-0.005507337395101786,-0.5418782588094473,1.1880569029599428,0.564932553358376,1.1903890375979245,0.6316174684464931,0.48720124624669553,0.7603919926272282,0.6041222438216209,732.7968809884234,732.7968809884234,greedy,0.6041222438216209,0.0,hard_fault_cluster
424,N12368,observe,-0.22340881824493408,0.5819329716265201,1.304810494184494,-0.22340881824493408,-0.02842419594526291,0.2917752627283335,0.17309400704107247,-0.00028424195945262907,0.35100895166397095,0.022663520649075508,-0.02842419594526291,0.36309922389686106,0.012745615094900131,-0.00486619770526886,0.02588890865445137,110499.7421875,44731.0390625,65768.703125,111014.359375,44929.54296875,66084.8203125,-0.004657180048525333,-0.00443772180005908,-0.004806498531252146,-0.46571800485253334,1.2688008341938257,0.6048269595205784,1.2731213406659663,0.6035216356813907,0.446423490718007,0.7082781511866778,0.5819329716265201,733.3788139600499,733.3788139600499,greedy,0.5819329716265201,0.0,hard_fault_cluster
425,N12607,observe,-0.22967223823070526,0.5606681818142534,1.4476280331611633,-0.22967223823070526,-0.0311846062541008,0.22514606909826396,0.12345759597956202,-0.00031184606254100797,0.3501795828342438,0.022408204153180122,-0.0311846062541008,0.2828675962053239,0.012595579028129578,-0.004035439342260361,0.026240527629852295,111014.484375,44929.53515625,66084.953125,111450.6796875,45090.7109375,66359.96875,-0.003929174970835447,-0.003587301354855299,-0.004161546938121319,-0.39291749708354473,1.250781500712037,0.5469971270486712,1.2573638022877276,0.5500854761525988,0.4082120597362518,0.7501042484544087,0.5606681818142534,733.9394821418641,733.9394821418641,greedy,0.5606681818142534,0.0,hard_fault_cluster
426,N12214,observe,-0.23428259789943695,0.524691053107381,1.1565727949142455,-0.23428259789943695,-0.03360297903418541,0.16912214662879704,0.10098057491595681,-0.0003360297903418541,0.348277747631073,0.021948637440800667,-0.03360297903418541,0.24742476556450127,0.012450791895389557,-0.00309816375374794,0.026650622487068176,111450.53125,45090.62109375,66359.90625,111828.15625,45225.578125,66602.578125,-0.00338827446103096,-0.00299301790073514,-0.0036569051444530487,-0.338827446103096,1.233424847945571,0.5471788159757852,1.2421656041406095,0.5471878281980752,0.39678330570459364,0.6068251308642265,0.524691053107381,734.4641731949715,734.4641731949715,greedy,0.524691053107381,0.0,hard_fault_cluster
427,N27574,control0,-0.29875069856643677,0.5139966481365263,0.8258665710687636,-0.29875069856643677,-0.03911308944225311,0.1966701727733016,-1.427978790178895,-0.0003911308944225311,0.34015902876853943,0.029298296198248863,-0.03911308944225311,0.1121273319609463,0.007050946354866028,-0.019520945847034454,0.024409219622612,111827.6796875,45224.5390625,66603.140625,111856.3125,45152.890625,66703.421875,-0.00025604406255297363,0.0015842822613194585,-0.0015056534903123975,-0.025604406255297363,0.6952798422425985,0.06627123479102011,0.7026409371756017,0.11217352114617825,0.23630426805466415,-0.4643513994878684,0.5139966481365263,734.978169843108,734.978169843108,greedy,0.5139966481365263,0.0,hard_fault_cluster
428,N12229,observe,-0.26626795530319214,0.6823527737433551,0.9674731373786926,-0.26626795530319214,-0.027318425476551056,0.15336590612628923,0.024206396273802964,-0.00027318425476551055,0.3320610523223877,0.024204270914196968,-0.027318425476551056,0.2695031915977597,0.009271491318941116,-0.010711144655942917,0.026052705943584442,111856.65625,45153.84765625,66702.8125,112207.46875,45333.875,66873.59375,-0.003136268351227045,-0.00398697704076767,-0.002560330554842949,-0.3136268351227045,0.9240349773317575,0.5202752254903317,0.9263705932535231,0.5787545412778855,0.414202943071723,0.5002458254497105,0.6823527737433551,735.6605226168514,735.6605226168514,greedy,0.6823527737433551,0.0,hard_fault_cluster
429,N12293,observe,-0.25901585817337036,0.6603428850124374,0.7183896958827972,-0.25901585817337036,-0.02477864921092987,0.12572056867462378,-0.20234540471983564,-0.0002477864921092987,0.33429017663002014,0.02384747751057148,-0.02477864921092987,0.10778318406086781,0.01042497530579567,-0.008263230323791504,0.02624945342540741,112207.421875,45333.859375,66873.5625,112588.65625,45492.4375,67096.21875,-0.0033975860569626093,-0.0034980063792318106,-0.0033295108005404472,-0.33975860569626093,1.0415663588792086,0.6593265583464745,1.0422647376544774,0.7587323358008508,0.42978005821728404,0.32068181148177016,0.6603428850124374,736.3208655018639,736.3208655018639,greedy,0.6603428850124374,0.0,hard_fault_cluster
430,N19442,observe,-0.5066118836402893,0.6504576943814755,1.3122479796409605,-0.5066118836402893,0.1606939285993576,0.637523377686739,0.5339592218399047,0.001606939285993576,0.1340591013431549,0.008189955726265907,0.008189955726265907,1.0328526909649371,0.01416131854057312,0.06478549540042877,0.007961548864841461,112588.9375,45492.82421875,67096.109375,112003.5703125,45417.8046875,66585.765625,0.005199153441935778,0.001649040961638093,0.007606159895658493,0.5199153441935778,1.5850157383829355,0.8574902351200581,1.458352825138718,0.7552233274281025,0.5853737697005271,0.996656805127859,0.6504576943814755,736.9713231962453,736.9713231962453,greedy,0.6504576943814755,0.0,hard_fault_cluster
431,N12277,observe,-0.5019955635070801,1.0808667592420533,2.663858640193939,-0.5019955635070801,0.16267535090446472,0.1785363211587537,-1.7997168174275429,0.0016267535090446472,0.13533496856689453,0.005507403984665871,0.005507403984665871,0.8141302715415805,0.015109468251466751,0.06795111298561096,0.007052429020404816,112003.21875,45417.40234375,66585.8125,112348.5703125,45459.9921875,66888.578125,-0.003083407413214445,-0.0009377428214065731,-0.004546999000012875,-0.3083407413214445,1.6791295800358057,0.6506028656288981,1.5529925138689578,0.6649448160454631,0.5474132870192988,0.41391966022165455,1.0808667592420533,738.0521899554874,738.0521899554874,greedy,1.0808667592420533,0.0,hard_fault_cluster
432,N9514,observe,-0.3505157232284546,1.3836015864275395,2.883287978172302,-0.3505157232284546,0.1739095002412796,0.32953313701320436,-1.7313982911407946,0.001739095002412796,0.13607987761497498,0.005573632195591927,0.005573632195591927,0.8618791170185433,0.016589559614658356,0.07390007376670837,0.007472418248653412,112349.03125,45460.48828125,66888.546875,112425.203125,45493.0,66932.203125,-0.0006779931718483567,-0.0007151642930693924,-0.0006526715005747974,-0.06779931718483567,1.838439093902707,0.7897026184340938,1.7038267445750535,0.8040270450850948,0.7637723281979562,0.5320964722335342,1.3836015864275395,739.4357915419149,739.4357915419149,greedy,1.3836015864275395,0.0,hard_fault_cluster
433,N7445,observe,-0.4441336691379547,1.3439875720068812,2.8993088722229,-0.4441336691379547,0.1668277531862259,0.10786349687725302,-1.8756570272147655,0.001668277531862259,0.13749107718467712,0.006559042260050774,0.006559042260050774,0.8042726141773164,0.015833016484975815,0.07195515930652618,0.007098693400621414,112424.765625,45492.515625,66932.25,112765.9609375,45611.1875,67154.7734375,-0.0030348768923431635,-0.0026086021680384874,-0.003324607154354453,-0.30348768923431635,1.7566884439438581,0.3896267252042889,1.6266483473591506,0.45660133529454466,0.5922259453684091,0.29305099243298194,1.3439875720068812,740.7797791139218,740.7797791139218,greedy,1.3439875720068812,0.0,hard_fault_cluster
434,N12309,observe,-0.46816322207450867,1.3805143676698206,2.9295119166374204,-0.46816322207450867,0.16466929018497467,-0.0538052243739367,-2.0147356599569317,0.0016466929018497467,0.13853397965431213,0.006197074428200722,0.006197074428200722,0.781859838962555,0.015939828008413315,0.07366122305393219,0.006995663046836853,112765.8515625,45611.1640625,67154.6875,112984.6015625,45666.4453125,67318.15625,-0.0019398602889850736,-0.0012120113242417574,-0.002434212015941739,-0.19398602889850736,1.7648491654545069,0.39331929735839366,1.6366993919946253,0.4621864145249128,0.5461243167519569,0.2546704597026112,1.3805143676698206,742.1602934815916,742.1602934815916,greedy,1.3805143676698206,0.0,hard_fault_cluster
435,N18364,observe,-0.6770310401916504,1.0182075127959251,2.7125783801078795,-0.6770310401916504,0.24291889369487762,0.7630081810057163,2.486711311340332,0.002429188936948776,-0.0034224390983581543,-0.030208198353648186,-0.030208198353648186,-0.5088852168619633,0.023331575095653534,0.13729959726333618,-0.009741626679897308,112984.6328125,45666.65625,67317.9765625,113511.78125,45765.0625,67746.71875,-0.004665664862841368,-0.0021548818331211805,-0.0063689108937978745,-0.46656648628413677,2.545868204906583,0.9240834304690362,2.3863351834006608,0.934021175801754,1.0702407591044905,2.795656493417918,1.0182075127959251,743.1785009943875,743.1785009943875,greedy,1.0182075127959251,0.0,hard_fault_cluster
436,N12709,observe,-0.6204359531402588,1.134707635641098,2.6930987954139707,-0.6204359531402588,0.24454225599765778,0.9415405049920081,2.531426787376404,0.0024454225599765777,0.003925442695617676,-0.03493291139602661,-0.03493291139602661,-0.2748653349280358,0.02090158686041832,0.14029540121555328,-0.011737801134586334,113512.2265625,45765.171875,67747.0546875,114083.4453125,45956.5234375,68126.921875,-0.005032222252339125,-0.004181161057204008,-0.005607139319181442,-0.5032222252339125,2.299768030643463,1.1195859485864639,2.1425610221922398,1.1198918277025223,1.10766811221838,2.8199842729419466,1.134707635641098,744.3132086300286,744.3132086300286,greedy,1.134707635641098,0.0,hard_fault_cluster
437,N26769,control0,-0.70604008436203,0.8809441789984702,0.8337225556373595,-0.70604008436203,0.23781810700893402,0.7307350024580956,0.6744600415229798,0.00237818107008934,-0.013772189617156982,-0.02750118263065815,-0.02750118263065815,0.27129687339067454,0.017565757036209106,0.12085607647895813,-0.012713499367237091,114081.8671875,45955.0625,68126.8046875,113924.25,46062.609375,67861.640625,0.0013816147111356258,-0.002340261824429035,0.003892213338986039,0.13816147111356258,1.9668926279991865,0.8309624283015729,1.8091549347154796,0.8309624283015729,0.8934096008539201,0.78747995135549,0.8809441789984702,745.1941528090271,745.1941528090271,greedy,0.8809441789984702,0.0,hard_fault_cluster
438,N19439,observe,-0.7545855045318604,0.7545454198494553,2.1994633734226223,-0.7545855045318604,0.24070312082767487,0.9034455651417375,2.3321720182895658,0.0024070312082767487,-0.02089884877204895,-0.017100518569350243,-0.017100518569350243,0.6466718471050262,0.01720934361219406,0.11441700160503387,-0.009209617972373962,113925.4921875,46064.1015625,67861.390625,113260.859375,46001.7421875,67259.1171875,0.00583392521366477,0.001353752100840211,0.008875053375959396,0.583392521366477,1.9445369634777308,1.0347394770383833,1.7768350117839873,1.022022641301155,0.9031045645475386,2.6870179669559,0.7545454198494553,745.9486982288765,745.9486982288765,greedy,0.7545454198494553,0.0,hard_fault_cluster
439,N26792,control0,-0.7037950158119202,0.5451562494039537,0.6868712306022644,-0.7037950158119202,0.23475752770900726,0.4461935229599475,0.590300840139389,0.0023475752770900724,-0.026848167181015015,-0.02328873984515667,-0.02328873984515667,-0.19466282889246941,0.015668969601392746,0.10304431617259979,-0.009876944124698639,113259.6796875,46000.34375,67259.3359375,112746.1015625,45594.3671875,67151.734375,0.00453451881185174,0.008825511671602726,0.0015998011222109199,0.453451881185174,1.7783657480031252,0.590299498140812,1.6197641571052372,0.6009889057278633,0.6623356081545353,0.5629859312251211,0.5451562494039537,746.4938544782805,746.4938544782805,greedy,0.5451562494039537,0.0,hard_fault_cluster
440,N26775,control0,-0.35629260540008545,1.923299065232277,2.2247878909111023,-0.35629260540008545,0.24639646708965302,1.1870729836821556,1.0814741015434264,0.00246396467089653,-0.027747809886932373,-0.0171437319368124,-0.0171437319368124,0.5271058416366576,0.016457676887512207,0.10642844438552856,-0.007822521030902863,112746.390625,45594.625,67151.765625,110756.953125,44706.53515625,66050.4140625,0.01764524355530739,0.019477950409054756,0.016400931403040886,1.7645243555307388,1.8750204239040613,1.0612003806233405,1.7030808725394309,1.0560476186871528,1.615697455406189,1.8327805322408675,1.923299065232277,748.4171535435128,748.4171535435128,greedy,1.923299065232277,0.0,hard_fault_cluster
441,N13076,observe,-0.6143751740455627,0.6080723896622657,2.255685371160507,-0.6143751740455627,0.23980654776096344,0.5925170846283435,-1.3393057525157928,0.0023980654776096346,-0.02199360728263855,-0.015238234773278236,-0.015238234773278236,0.14066576540470122,0.014666441828012466,0.10756520926952362,-0.009036451578140259,110757.078125,44707.04296875,66050.0390625,111302.703125,44991.109375,66311.59375,-0.004926321562379599,-0.006353951990604401,-0.003959947731345892,-0.49263215623795986,1.6912124957889318,0.7426826619356871,1.522786261048168,0.7335350953787565,0.650992824882269,1.053145336173475,0.6080723896622657,749.0252259331751,749.0252259331751,greedy,0.6080723896622657,0.0,hard_fault_cluster
442,N9511,observe,-0.5452513694763184,1.1086578220129013,2.6340960264205933,-0.5452513694763184,0.24895454943180084,0.9146575227379798,2.4614468812942505,0.0024895454943180085,-0.01807156205177307,-0.018755977973341942,-0.018755977973341942,0.09174335807561873,0.017400670796632767,0.11480513215065002,-0.00882556289434433,111303.3359375,44991.671875,66311.6640625,111486.8828125,45051.9375,66434.9453125,-0.0016490689013153315,-0.0013394840061664581,-0.0018591185798868537,-0.16490689013153315,1.9702656511217356,1.2071719294786454,1.7976167225278914,1.161530173420906,1.04773341268301,2.781026718243956,1.1086578220129013,750.133883755188,750.133883755188,greedy,1.1086578220129013,0.0,hard_fault_cluster
443,N15374,observe,-0.5514797568321228,0.7369859173893929,1.1304140985012054,-0.5514797568321228,0.2515797019004822,0.7860103473067284,2.2403305411338805,0.0025157970190048218,-0.018102169036865234,-0.01772618107497692,-0.01772618107497692,0.16587381474673749,0.017937537282705307,0.11684006452560425,-0.008740954101085663,111486.828125,45051.9375,66434.890625,111737.34375,45163.1015625,66574.2421875,-0.002247042255476117,-0.002467464655637741,-0.0020975659135729074,-0.2247042255476117,2.027607249096036,0.7552976218238473,1.852217108476907,0.7636348393931985,0.7376276537775994,1.702645743265748,0.7369859173893929,750.8708696725773,750.8708696725773,greedy,0.7369859173893929,0.0,hard_fault_cluster
444,N8903,observe,-0.5393112301826477,1.150439819134772,2.551413559913635,-0.5393112301826477,0.24830619990825653,0.9397498661652207,2.329430842399597,0.0024830619990825653,-0.028717070817947388,-0.008663175627589226,-0.008663175627589226,0.6542757493257523,0.019402306526899338,0.11249114573001862,-0.004779346287250519,111733.2421875,45158.15625,66575.0859375,110856.890625,44909.796875,65947.09375,0.007843248546123505,0.005499767605215311,0.009432841092348099,0.7843248546123505,2.179873676970601,1.1867796355485918,2.0001414087601006,1.1846447044610977,1.0235449910163879,2.7653042441606517,1.150439819134772,752.0213094917121,752.0213094917121,greedy,1.150439819134772,0.0,hard_fault_cluster
445,N7692,observe,-0.5821384191513062,1.083885131031275,2.6125537276268003,-0.5821384191513062,0.24723951518535614,0.8846715714782476,2.426874244213104,0.0024723951518535615,-0.026330500841140747,-0.011078542098402977,-0.011078542098402977,0.02413166023790836,0.02005603164434433,0.11092020571231842,-0.005898110568523407,110859.46875,44911.19921875,65948.265625,110788.921875,44864.93359375,65923.9921875,0.0006363631109707057,0.001030157902278006,0.00036806787829846144,0.06363631109707057,2.241764137521386,1.170285751670599,2.0646434077061713,1.1758622787892818,1.035139960423112,2.7728409742750224,1.083885131031275,753.1051946227434,753.1051946227434,greedy,1.083885131031275,0.0,hard_fault_cluster
446,N5157,observe,-0.683856189250946,0.7793995149433612,0.909781527519226,-0.683856189250946,0.2425474375486374,0.6445894338190555,0.8403365731239318,0.0024254743754863737,-0.027305275201797485,-0.006439289078116417,-0.006439289078116417,0.16865570206195116,0.018198344856500626,0.11295108497142792,-0.006732076406478882,110789.0390625,44867.8046875,65921.234375,111210.453125,45037.375,66173.078125,-0.003803752362728119,-0.003779331687837839,-0.0038203736767172813,-0.3803752362728119,2.0559426341205835,0.8033062168024481,1.8788615227676928,0.7997206397913397,0.6770443588495255,0.7960651815682649,0.7793995149433612,753.8845941376868,753.8845941376868,greedy,0.7793995149433612,0.0,hard_fault_cluster
447,N7633,observe,-0.5170797109603882,1.6445583671331407,3.3396592378616328,-0.5170797109603882,0.24902062118053436,0.7282350718975067,2.4518214106559753,0.0024902062118053437,-0.005399554967880249,-0.02581295184791088,-0.02581295184791088,-1.4585050541162492,0.021319381892681122,0.1321748048067093,-0.010965332388877869,111211.0234375,45037.8984375,66173.125,111876.7734375,45166.75,66710.0234375,-0.0059863668866455555,-0.0028609586879611015,-0.008113542571663857,-0.5986366886645555,2.3551458586007357,1.003267867565155,2.187740106601268,1.0165082168579103,1.277215552330017,2.405190109014511,1.6445583671331407,755.52915250482,755.52915250482,greedy,1.6445583671331407,0.0,hard_fault_cluster
448,N26796,control0,-0.6247241497039795,0.5143739968538285,0.6771649718284607,-0.6247241497039795,0.23798958957195282,0.34485587105154997,0.519095528125763,0.002379895895719528,-0.02486172318458557,-0.017893603071570396,-0.017893603071570396,-0.2626941742002964,0.015627361834049225,0.11008657515048981,-0.011288218200206757,111876.203125,45165.7265625,66710.4765625,111805.1171875,45176.21875,66628.8984375,0.0006353982025757432,-0.00023230418446473777,0.0012228682171553373,0.06353982025757432,1.782832169905305,0.4878682801127434,1.617760180030018,0.4937192508578301,0.524205381423235,0.515617049895227,0.5143739968538285,756.0435265016738,756.0435265016738,greedy,0.5143739968538285,0.0,hard_fault_cluster
449,N26773,control0,-0.3411494195461273,2.0455477342009543,2.1118472576141354,-0.3411494195461273,0.24435864388942719,1.1369319505989552,0.9107683837413787,0.002443586438894272,-0.025573283433914185,-0.013803942129015923,-0.013803942129015923,0.40125964909791934,0.015819702297449112,0.10923416912555695,-0.008634723722934723,111804.578125,45175.9765625,66628.6015625,109930.8125,44327.65234375,65603.15625,0.016759293153882027,0.01877821609377861,0.015390466898679733,1.6759293153882027,1.8125249315053225,1.0263050788268446,1.639608905185014,1.0244218104705214,1.8467222541570663,1.8212942157685756,2.0455477342009543,758.0890742358747,758.0890742358747,greedy,2.0455477342009543,0.0,hard_fault_cluster
450,N19165,observe,-0.593010425567627,0.7538222178816796,2.2614970862865444,-0.593010425567627,0.23409463465213776,0.6745766989886761,-1.432512867450714,0.0023409463465213776,-0.029907792806625366,-0.003723064437508583,-0.003723064437508583,0.8615098335593938,0.013040456920862198,0.1009926050901413,-0.007277071475982666,109931.6953125,44328.8984375,65602.796875,109615.328125,44352.92578125,65262.40625,0.002877852413803339,-0.0005420243833214045,0.005188660230487585,0.2877852413803339,1.534417262300849,0.6674322409182787,1.361638584639877,0.6608427686244249,0.7346285067498685,0.5825085293874147,0.7538222178816796,758.8428964537563,758.8428964537563,greedy,0.7538222178816796,0.0,hard_fault_cluster
451,N15376,observe,-0.6095237731933594,1.0326646238565445,2.4100568950176235,-0.6095237731933594,0.23227559030056,0.8198145946115255,-1.3935728907585143,0.0023227559030056,-0.034749776124954224,0.0011404138058423996,0.0011404138058423996,1.5092145260423422,0.013040374964475632,0.09856995940208435,-0.006255939602851868,109615.296875,44352.875,65262.421875,108733.65625,43997.03515625,64736.625,0.008043043315410614,0.008022925816476345,0.008056655526161194,0.8043043315410614,1.5374535005539656,0.8041765920072794,1.3623914974741638,0.79367705501616,0.7787212006747724,0.6111687804386022,1.0326646238565445,759.8755610776129,759.8755610776129,greedy,1.0326646238565445,0.0,hard_fault_cluster
452,N7671,observe,-0.6210436224937439,1.1276950106024741,2.488852798938751,-0.6210436224937439,0.2272101789712906,0.8434699597954749,-1.3829952120780944,0.002272101789712906,-0.03811073303222656,0.004708150401711464,0.004708150401711464,1.4381934179365634,0.013281859457492828,0.09619273245334625,-0.005685232579708099,108733.546875,43996.8125,64736.734375,107861.2734375,43631.2890625,64229.984375,0.008022119291126728,0.00830795243382454,0.007827858440577984,0.8022119291126728,1.560104275122285,0.8824327410757542,1.3861655280925333,0.8775402130186558,0.8140910431742668,0.6341591780632737,1.1276950106024741,761.0032560882154,761.0032560882154,greedy,1.1276950106024741,0.0,hard_fault_cluster
453,N3775,observe,-0.5429889559745789,1.3145811438560486,2.932383644580841,-0.5429889559745789,0.23670519888401031,0.7366792291402817,2.377627122402191,0.0023670519888401033,-0.030587762594223022,-0.0027162376791238785,-0.0027162376791238785,-0.4265584617853165,0.016313642263412476,0.10413186252117157,-0.006861753761768341,107861.4296875,43631.3046875,64230.125,108506.9375,43808.125,64698.8125,-0.005984602961689234,-0.004052602220326662,-0.007297004107385874,-0.5984602961689234,1.865353187546134,0.9117019307613373,1.6898614666424692,0.9102060091495514,1.0511719435453415,2.7832617633044716,1.3145811438560486,762.3178372320714,762.3178372320714,greedy,1.3145811438560486,0.0,hard_fault_cluster
454,N3880,observe,-0.5569289326667786,0.9851714074611663,2.6330710530281065,-0.5569289326667786,0.23605160415172577,0.6683555006980897,2.3373856306076046,0.0023605160415172575,-0.03159567713737488,-0.0030747633427381516,-0.0030747633427381516,-0.32584527134895325,0.017655402421951294,0.10263471305370331,-0.006605222821235657,108505.984375,43807.44140625,64698.54296875,108463.828125,43758.44921875,64705.37890625,0.0003885154437739402,0.0011183531023561954,-0.00010565829143160954,0.03885154437739402,1.998517083004117,0.8501025414466858,1.8237844523973763,0.8522200381755829,0.8933575302362441,2.6806823946535583,0.9851714074611663,763.3030086395325,763.3030086395325,greedy,0.9851714074611663,0.0,hard_fault_cluster
455,N18877,observe,-0.652302622795105,0.8734225168824197,2.3073627054691315,-0.652302622795105,0.22776873409748077,0.7132600691914558,-1.4423546731472014,0.002277687340974808,-0.0377945601940155,0.0057123396545648575,0.0057123396545648575,1.1545352680981158,0.014826744794845581,0.09654687345027924,-0.006100304424762726,108464.4921875,43759.1015625,64705.390625,107797.484375,43565.9375,64231.55078125,0.0061495499685406685,0.004414260387420654,0.007323035039007664,0.6149549968540668,1.7161555532366037,0.7576689402759075,1.5410447479225695,0.7551467697322368,0.6445427551865578,0.5239527908712628,0.8734225168824197,764.176431156415,764.176431156415,greedy,0.8734225168824197,0.0,hard_fault_cluster
456,N19835,observe,-0.49826404452323914,1.642291147261858,2.898530983924865,-0.49826404452323914,0.2328447848558426,1.0671582411602138,2.3330591380596157,0.0023284478485584258,-0.04307273030281067,0.012059679254889488,0.012059679254889488,1.4316659830138088,0.018409226089715958,0.10099346935749054,-0.0032852590084075928,107796.2890625,43564.6796875,64231.609375,107103.125,43307.6328125,63795.49609375,0.006430314853787422,0.005900350399315357,0.006789698731154203,0.6430314853787422,2.085827073082328,1.2211913103982805,1.9021487249992788,1.21901675414294,1.1334035459905865,2.8367123048938807,1.642291147261858,765.8187223036769,765.8187223036769,greedy,1.642291147261858,0.0,hard_fault_cluster
457,N12325,observe,-0.6555829644203186,0.6699974089860916,0.6754733741283416,-0.6555829644203186,0.22555910050868988,0.6313403189182281,0.6749852120876312,0.0022555910050868987,-0.038644939661026,0.01363367773592472,0.01363367773592472,0.5363653224706649,0.016672883182764053,0.10429611802101135,-0.00515187531709671,107103.9375,43308.6484375,63795.29296875,107859.296875,43581.0625,64278.234375,-0.007052582688629627,-0.00629006139934063,-0.007570173125714064,-0.7052582688629627,1.90648109652102,0.7630274957418441,1.727086512837559,0.7630217558145523,0.585823830962181,0.6168572551757097,0.6699974089860916,766.4887197126629,766.4887197126629,greedy,0.6699974089860916,0.0,hard_fault_cluster
458,N13901,control1,-0.4993096888065338,2.0832037426531316,2.2069485187530518,-0.4993096888065338,0.24025975167751312,1.3150432367250322,1.1398874700069426,0.002402597516775131,-0.03711441159248352,0.01601373590528965,0.01601373590528965,1.9873133486881849,0.01855716109275818,0.10675600171089172,-0.00303611159324646,107859.9140625,43580.88671875,64279.02734375,107277.3828125,43357.953125,63919.4296875,0.0054008131846785545,0.005115398205816746,0.005594323389232159,0.5400813184678555,2.1119895968586206,1.2173962560668588,1.9197844811715186,1.2085317936912179,1.3855618368834257,1.5299713181518018,2.0832037426531316,768.5719234553161,768.5719234553161,greedy,2.0832037426531316,0.0,hard_fault_cluster
459,N19227,observe,-0.6465193033218384,0.6001916974782944,0.6739972591400146,-0.6465193033218384,0.2323523908853531,0.562796451151371,0.47400713828392327,0.0023235239088535307,-0.038423627614974976,0.013414362445473671,0.013414362445473671,-0.1449738243222237,0.017988376319408417,0.10803696513175964,-0.004905007779598236,107277.5,43355.76953125,63921.734375,107983.046875,43609.9921875,64373.05078125,-0.006576839368790388,-0.005863640923053026,-0.007060453295707703,-0.6576839368790388,2.0446043852716684,0.6673791009187698,1.8602793202735484,0.667350133061409,0.5875415578484535,0.5060676455526846,0.6001916974782944,769.1721151527944,769.1721151527944,greedy,0.6001916974782944,0.0,hard_fault_cluster
460,N19315,observe,-0.5840265154838562,1.1475870490074158,1.7459661483764646,-0.5840265154838562,0.2360527068376541,0.777946413308382,2.3548141837120053,0.0023605270683765413,-0.036624521017074585,0.008209167048335075,0.008209167048335075,-0.43937905177474024,0.02057221531867981,0.10854935646057129,-0.005032099783420563,107982.5546875,43612.484375,64370.0703125,107997.078125,43618.6640625,64378.4140625,-0.00013449799735099077,-0.00014169537462294102,-0.0001296215777983889,-0.013449799735099077,2.30148340575397,0.8961359658837319,2.1182870003394783,0.8984592953324319,0.9591362960636616,1.8448910380527375,1.1475870490074158,770.3197022018018,770.3197022018018,greedy,1.1475870490074158,0.0,hard_fault_cluster
461,N12547,observe,-0.44104596972465515,1.2600488886237144,2.4807426929473877,-0.44104596972465515,0.242391899228096,0.437698231637478,2.4340562760829925,0.0024239189922809603,-0.009887754917144775,-0.010907268151640892,-0.010907268151640892,-4.703596807718277,0.021802745759487152,0.13142210245132446,-0.009701408445835114,107997.0546875,43618.8203125,64378.234375,110022.578125,44274.89453125,65747.6875,-0.018755357712507248,-0.015041081234812737,-0.02127198874950409,-1.8755357712507248,2.4117592070251703,0.44609368622303014,2.238145733717829,0.4265279906988144,1.1534241899847983,2.0191608401387926,1.2600488886237144,771.5797510904255,771.5797510904255,greedy,1.2600488886237144,0.0,hard_fault_cluster
462,N13919,control1,-0.5125338435173035,1.0679286561906338,1.6793238043785093,-0.5125338435173035,0.242625430226326,0.9393477980047463,1.2298449754714964,0.00242625430226326,-0.02737787365913391,-0.0004568900913000107,-0.0004568900913000107,0.6495250441879034,0.01928941160440445,0.11724932491779327,-0.006525792181491852,110023.4921875,44274.75,65748.7421875,109799.65625,44354.015625,65445.640625,0.002034437609836459,-0.0017903122352436185,0.004609997849911451,0.20344376098364592,2.171109700575471,1.0541353468596935,1.9894832954742014,1.0336908523738384,0.9695375498384237,1.4901535732112825,1.0679286561906338,772.6476797466161,772.6476797466161,greedy,1.0679286561906338,0.0,hard_fault_cluster
463,N12323,observe,-0.6232923269271851,0.6600170321762563,0.6758306145668029,-0.6232923269271851,0.23846115171909332,0.6322405166923999,0.6771471619606018,0.0023846115171909333,-0.029655426740646362,0.0006484482437372208,0.0006484482437372208,0.2482446843385696,0.018896177411079407,0.1179533302783966,-0.007102534174919128,109798.3046875,44353.9375,65444.3671875,110286.8671875,44574.625,65712.2421875,-0.004449636209756136,-0.004975601099431515,-0.0040931710973382,-0.4449636209756136,2.128727341070771,0.9471946826577186,1.9493951410986483,0.9564732483029365,0.6383794724941253,0.885300234183669,0.6600170321762563,773.3076967787923,773.3076967787923,greedy,0.6600170321762563,0.0,hard_fault_cluster
464,N7285,observe,-0.6822163462638855,0.7908075369894505,1.0035457670688628,-0.6822163462638855,0.23752529919147491,0.7297494299709797,0.730191707611084,0.002375252991914749,-0.028664708137512207,0.0002369452267885208,0.0002369452267885208,0.19436944760382174,0.019034493714571,0.11990131437778473,-0.007448889315128326,110287.3046875,44574.7109375,65712.59375,110660.0390625,44714.7890625,65945.25,-0.003379667177796364,-0.003142547095194459,-0.0035405124071985483,-0.3379667177796364,2.1412116158753633,1.1849664844200014,1.9628899325616658,1.1690301932021974,0.7497490227222443,1.068906755670905,0.7908075369894505,774.0985043157817,774.0985043157817,greedy,0.7908075369894505,0.0,hard_fault_cluster
465,N19217,observe,-0.7218543291091919,0.7835424013435841,0.9417082905769347,-0.7218543291091919,0.236979678273201,0.7565484769642353,0.8967059791088103,0.00236979678273201,-0.028230875730514526,-0.002261510118842125,-0.002261510118842125,0.19089071989059445,0.0194564089179039,0.12175643444061279,-0.007577583193778992,110659.7421875,44711.8046875,65947.9375,111049.9375,44847.49609375,66202.4453125,-0.003526081796735525,-0.003034800523892045,-0.0038592233322560787,-0.3526081796735525,2.180359059944749,1.3339933604002,2.0043204338289797,1.3492692917585374,0.7773222252726555,1.124492561146617,0.7835424013435841,774.8820467171253,774.8820467171253,greedy,0.7835424013435841,0.0,hard_fault_cluster
466,N6987,observe,-0.7912957668304443,0.7911799307912587,2.256411856412887,-0.7912957668304443,0.23201532661914825,0.7760378871113062,0.11358485817909242,0.0023201532661914826,-0.03844985365867615,0.006510907784104347,0.006510907784104347,1.0227599393576385,0.01695845276117325,0.11182251572608948,-0.005715817213058472,111049.65625,44850.24609375,66199.40625,110450.7265625,44779.1640625,65671.5625,0.005393350031226873,0.0015848749317228794,0.00797354243695736,0.5393350031226873,1.9343715105205774,0.8760009073466063,1.755476834718138,0.8562303446978331,0.7089777983725071,1.3976580781862142,0.7911799307912587,775.6732266479165,775.6732266479165,greedy,0.7911799307912587,0.0,hard_fault_cluster
467,N9595,observe,-0.45811280608177185,2.1259216434322297,3.370314979553222,-0.45811280608177185,0.23377032577991486,1.0660742565710097,1.34276385307312,0.0023377032577991484,-0.04025253653526306,0.0058501604944467545,0.0058501604944467545,1.0129123953729868,0.021370824426412582,0.1204637736082077,-0.0038147419691085815,110450.171875,44778.01171875,65672.15625,109865.0859375,44599.26953125,65265.81640625,0.005297284107655287,0.0039917402900755405,0.0061873989179730415,0.5297284107655287,2.37670292891562,1.56058713208884,2.1969875642098486,1.4951110721752048,1.387340760603547,2.6044235857762397,2.1259216434322297,777.7991482913487,777.7991482913487,greedy,2.1259216434322297,0.0,hard_fault_cluster
468,N9593,observe,-0.39322540163993835,2.630977489054203,3.787689685821533,-0.39322540163993835,0.22716255486011505,1.1528159496933221,2.3286072254180907,0.0022716255486011504,-0.03820088505744934,0.004196489229798317,0.004196489229798317,0.9990831924974919,0.023540623486042023,0.12223736941814423,-0.0027564987540245056,109864.890625,44599.0234375,65265.8671875,109650.296875,44559.51171875,65090.78125,0.001953251427039504,0.0008859323570504785,0.002682656981050968,0.1953251427039504,2.5854213926941156,1.591020885333419,2.4119021096266806,1.5366169842332602,1.6320113517344,3.16080737862736,2.630977489054203,780.4301257804029,780.4301257804029,greedy,2.630977489054203,0.0,hard_fault_cluster
469,N29409,control1,-0.7250325679779053,0.6016309294849634,2.208586537837982,-0.7250325679779053,0.20159392058849335,0.2836534628272056,1.5440684020519255,0.0020159392058849337,-0.03183025121688843,0.006382638588547707,0.006382638588547707,0.7431838523223996,0.016499675810337067,0.10773555934429169,-0.0078101009130477905,109651.2578125,44561.32421875,65089.93359375,109161.78125,44264.53125,64897.25390625,0.0044639394618570805,0.006660326384007931,0.002960207173600793,0.44639394618570805,1.8579441402107477,0.3835025929287076,1.701961720827967,0.3834058694913983,0.4472177445888519,1.9132164747454223,0.6016309294849634,781.0317567098879,781.0317567098879,greedy,0.6016309294849634,0.0,hard_fault_cluster
470,N19878,observe,-0.7558890581130981,0.6620192259550095,2.3246243655681607,-0.7558890581130981,0.2106487900018692,0.5126569107174873,-1.3912359714508056,0.002106487900018692,-0.03415796160697937,0.005837077274918556,0.005837077274918556,0.2839330199360847,0.01884135603904724,0.11382302641868591,-0.00717434287071228,109161.390625,44264.0078125,64897.3828125,109888.328125,44511.96484375,65376.3671875,-0.006659291218966246,-0.005601775366812944,-0.0073806424625217915,-0.6659291218966246,2.100621471181512,0.8091758450865745,1.938257070723921,0.7884083053469657,0.5495475739240647,0.9872059230506423,0.6620192259550095,781.6937759358428,781.6937759358428,greedy,0.6620192259550095,0.0,hard_fault_cluster
471,N12332,observe,-0.7960814833641052,0.6748628214001656,2.331823086738586,-0.7960814833641052,0.21609167754650116,0.5561877340078354,-0.18288759589195253,0.002160916775465012,-0.03313770890235901,0.0039047542959451675,0.0039047542959451675,0.2011556926369667,0.019845928996801376,0.11780528724193573,-0.007118500769138336,109888.6484375,44512.44140625,65376.20703125,110549.109375,44740.61328125,65808.5,-0.006010274402797222,-0.005126024596393108,-0.00661238981410861,-0.6010274402797222,2.204589331522584,0.8826213335990906,2.039592007640749,0.851706782579422,0.5910830110311509,1.491200885027647,0.6748628214001656,782.368638757243,782.368638757243,greedy,0.6748628214001656,0.0,hard_fault_cluster
472,N18537,observe,-0.7701742649078369,1.604986285790801,2.941970562934875,-0.7701742649078369,0.2170303612947464,0.8956104767695069,-0.7306024909019471,0.0021703036129474638,-0.0371529757976532,0.009058946743607521,0.009058946743607521,1.0632291108369827,0.01968708634376526,0.11316980421543121,-0.005095161497592926,110548.828125,44740.50390625,65808.328125,109959.0390625,44595.359375,65363.6796875,0.005335099995136261,0.0032441415823996067,0.006756719667464495,0.5335099995136261,2.19479794241488,1.3326206979155542,2.0252309613861144,1.2998389181494714,1.1142060220241548,1.61392137080431,1.604986285790801,783.9736250430338,783.9736250430338,greedy,1.604986285790801,0.0,hard_fault_cluster
473,N2696,observe,-0.7621293067932129,1.9471898332238198,3.389198422431946,-0.7621293067932129,0.2153627723455429,0.7820465778559446,-1.3997793078422545,0.002153627723455429,-0.03613126277923584,0.005375096574425697,0.005375096574425697,0.17772569820284845,0.02062949910759926,0.11324889957904816,-0.00585261732339859,109958.59375,44594.34375,65364.24609375,109875.609375,44574.37109375,65301.234375,0.0007546874694526196,0.00044787421938963234,0.0009640089701861143,0.07546874694526196,2.2836877796798944,1.2485980767011644,2.118134377989918,1.2235986548662185,1.2656170181930064,1.4526510618254544,1.9471898332238198,785.9208148762576,785.9208148762576,greedy,1.9471898332238198,0.0,hard_fault_cluster
474,N29408,control1,-0.8446511626243591,1.1890744492411613,2.676157736778259,-0.8446511626243591,0.20090018212795258,0.45400402281433344,1.2104040682315826,0.0020090018212795256,-0.030807018280029297,0.012216271832585335,0.012216271832585335,0.8410149065032602,0.014402881264686584,0.1082407534122467,-0.009212419390678406,109876.0859375,44575.4296875,65300.65625,109134.375,44162.09375,64972.28125,0.006750430911779404,0.009272729977965355,0.005028663203120232,0.6750430911779404,1.6534045804291964,0.3700827232375741,1.493567239958793,0.3624917289987206,0.6819469135254622,1.9293225243501366,1.1890744492411613,787.1098893254988,787.1098893254988,greedy,1.1890744492411613,0.0,hard_fault_cluster
475,N2038,control1,-0.5097479820251465,4.276933301240206,5.104436111450195,-0.5097479820251465,0.22615890204906464,1.5003858308307825,1.963728940486908,0.0022615890204906466,-0.0347461998462677,0.014913717284798622,0.014913717284798622,1.318689910955727,0.020348891615867615,0.11951260268688202,-0.005327664315700531,109140.5625,44162.91796875,64977.6484375,108724.484375,44007.20703125,64717.27734375,0.0038123142439872026,0.0035258298739790916,0.004007087089121342,0.38123142439872026,2.2759617809206247,1.9379002279601991,2.0951573164202273,1.9391304678283632,2.4773667903617027,3.1906898411829028,4.276933301240206,791.386822626739,791.386822626739,greedy,4.276933301240206,0.0,hard_fault_cluster
476,N20546,control1,-0.7746427059173584,1.0749440233921632,2.613078439235687,-0.7746427059173584,0.2026044875383377,0.4084579953388311,1.960336561501026,0.002026044875383377,-0.030955195426940918,0.01801302470266819,0.01801302470266819,0.8380373366549612,0.014323893934488297,0.10852150619029999,-0.0102863609790802,108717.296875,44005.2578125,64712.03515625,108351.28125,43785.83984375,64565.4453125,0.0033666733652353287,0.0049861762672662735,0.0022652640473097563,0.33666733652353287,1.6530069056898355,0.5789200735092164,1.4875437715090811,0.574490464925766,0.6801973439753055,2.2232507211342454,1.0749440233921632,792.4617666501312,792.4617666501312,greedy,1.0749440233921632,0.0,hard_fault_cluster
477,N9608,observe,-0.8529583215713501,0.5971065044403076,0.8894444406032562,-0.8529583215713501,0.21724571287631989,0.5575316995382309,1.3236621499061583,0.002172457128763199,-0.031724900007247925,0.008309649303555489,0.008309649303555489,0.12593273170292377,0.014838233590126038,0.11396168172359467,-0.009409792721271515,108351.515625,43786.60546875,64564.9140625,109889.265625,44488.34375,65400.91796875,-0.014192233793437481,-0.016026323661208153,-0.01294826902449131,-1.419223379343748,1.7093787211924791,0.6942367282137275,1.5402121995575726,0.6937917497381568,0.580335296690464,0.9114426376670599,0.5971065044403076,793.0588731545714,793.0588731545714,greedy,0.5971065044403076,0.0,hard_fault_cluster
478,N18641,observe,-0.8079712986946106,0.8826011277735233,2.44267475605011,-0.8079712986946106,0.22232915461063385,0.7248024851083756,2.305177617073059,0.0022232915461063386,-0.03075253963470459,0.004528285935521126,0.004528285935521126,0.3394185142219066,0.017994608730077744,0.11766727268695831,-0.00833447277545929,109889.296875,44488.5234375,65400.77734375,110257.390625,44546.35546875,65711.0390625,-0.0033496778924018145,-0.0012999314349144697,-0.004744006786495447,-0.33496778924018145,2.0263183135539293,0.943619640469551,1.856175233144313,0.9191160517930984,0.7824438713490963,2.608588516376912,0.8826011277735233,793.941474282345,793.941474282345,greedy,0.8826011277735233,0.0,hard_fault_cluster
479,N7925,observe,-0.7592777013778687,1.6541875094175338,3.0846174359321594,-0.7592777013778687,0.22323186695575714,0.882385365664959,2.2967778921127318,0.0022323186695575713,-0.03102448582649231,0.00023959390819072723,0.00023959390819072723,0.33168180100619793,0.01964820921421051,0.11686204373836517,-0.007650502026081085,110255.34375,44543.875,65711.46875,110269.421875,44602.11328125,65667.3125,-0.00012768655142281204,-0.0013074363814666867,0.0006719717639498413,-0.012768655142281204,2.188292382284999,1.232891834564507,2.020688786637038,1.1968811400607229,1.2058305010199546,2.88378982566297,1.6541875094175338,795.5956617917625,795.5956617917625,greedy,1.6541875094175338,0.0,hard_fault_cluster
480,N26794,control0,-0.90135657787323,0.5971929434686899,0.6746584355831146,-0.90135657787323,0.20782537758350372,0.3558858001604676,0.44526009559631347,0.0020782537758350372,-0.038977861404418945,0.0033037718385457993,0.0033037718385457993,0.3397012032195926,0.012603513896465302,0.10010144114494324,-0.01031176745891571,110271.2421875,44603.90625,65667.3359375,110591.3125,44605.04296875,65986.265625,-0.0029025727417320013,-2.54847345786402e-05,-0.004856747575104237,-0.29025727417320013,1.4714805390685797,0.10176536047831178,1.3131336770020425,0.10176536047831178,0.4296479715034366,0.42681604030542075,0.5971929434686899,796.1928547352312,796.1928547352312,greedy,0.5971929434686899,0.0,hard_fault_cluster
481,N26771,control0,-0.4888908565044403,2.2603537291288376,3.4961776733398438,-0.4888908565044403,0.22515250742435455,1.130112304240465,1.0700081884860992,0.0022515250742435457,-0.037943035364151,0.0014645103365182877,0.0014645103365182877,0.5260844361782073,0.01726740598678589,0.10692769289016724,-0.00720706582069397,110590.8515625,44604.78125,65986.0703125,108660.578125,43717.3125,64943.26953125,0.01745418645441532,0.019896268844604492,0.015803346410393715,1.7454186454415321,1.9533576164394617,1.1363654505088925,1.783394853118807,1.1173503171280026,1.7437979072332384,2.274734032228589,2.2603537291288376,798.45320846436,798.45320846436,greedy,2.2603537291288376,0.0,hard_fault_cluster
482,N3293,observe,-0.7583160400390625,0.6024158075451852,1.5793963968753815,-0.7583160400390625,0.2226371318101883,0.5706740841269493,2.280380779504776,0.002226371318101883,-0.03232961893081665,0.00048044510185718536,0.00048044510185718536,0.12297191459685564,0.014640174806118011,0.10964654386043549,-0.008597835898399353,108658.453125,43714.48828125,64943.9609375,110376.984375,44571.4453125,65805.5390625,-0.01581590063869953,-0.01960350200533867,-0.013266485184431076,-1.5815900638699532,1.6871350575238466,0.700941979791969,1.5197968748398125,0.7007716595195234,0.5955589711666107,1.4334719386696815,0.6024158075451852,799.0556242719052,799.0556242719052,greedy,0.6024158075451852,0.0,hard_fault_cluster
483,N2247,observe,-0.5541507601737976,1.1110091626644134,2.6647013664245605,-0.5541507601737976,0.2429172843694687,0.9877230808138847,2.56779944896698,0.002429172843694687,-0.033375173807144165,-0.015911592170596123,-0.015911592170596123,-0.38288991242647175,0.02541472390294075,0.11466658115386963,-0.005231902003288269,110378.234375,44573.04296875,65805.1875,110576.984375,44696.20703125,65880.78125,-0.0018006267491728067,-0.002763196127489209,-0.0011487506562843919,-0.18006267491728067,2.7684780824929476,1.2919831889867783,2.598223813343793,1.2963060516119005,1.1675325974822044,2.8588961883634325,1.1110091626644134,800.1666334345697,800.1666334345697,greedy,1.1110091626644134,0.0,hard_fault_cluster
484,N12339,observe,-0.7721307277679443,0.6265166476368904,2.280363255739212,-0.7721307277679443,0.23376743495464325,0.6221820965409279,2.316628313064575,0.0023376743495464327,-0.02947324514389038,-0.011544948443770409,-0.011544948443770409,0.3214260470867157,0.021850723773241043,0.11279085278511047,-0.006569854915142059,110578.296875,44698.03515625,65880.2578125,111285.34375,45029.6875,66255.65625,-0.006394083611667156,-0.007419841829687357,-0.005698193330317736,-0.6394083611667156,2.407294863834977,0.8321495682001114,2.2406279989518225,0.8234446734189987,0.6237304016947746,2.505424761101603,0.6265166476368904,800.7931500822066,800.7931500822066,greedy,0.6265166476368904,0.0,hard_fault_cluster
485,N9599,observe,-0.5231276154518127,1.543096233904362,2.9638005852699276,-0.5231276154518127,0.23615406453609467,0.9550322040915488,2.368969130516052,0.0023615406453609466,-0.03261426091194153,-0.011336294934153557,-0.011336294934153557,0.37990088194608684,0.02545904368162155,0.12021666765213013,-0.0044968873262405396,111284.4296875,45028.4296875,66256.0,110781.8828125,44955.1015625,65826.78125,0.004515877924859524,0.0016284850426018238,0.006478186696767807,0.4515877924859524,2.7707221377640963,1.2569467030465604,2.6021088105626404,1.263350745290518,1.2022559106349946,2.881466341912746,1.543096233904362,802.336246316111,802.336246316111,greedy,1.543096233904362,0.0,hard_fault_cluster
486,N19443,observe,-0.748592734336853,0.8177203319966793,2.338788741827011,-0.748592734336853,0.22053493559360504,0.6644193336367608,-1.416459971666336,0.0022053493559360503,-0.03915628790855408,0.0015755388885736465,0.0015755388885736465,0.8091533113270998,0.021281633526086807,0.1093442291021347,-0.004326850175857544,110782.9765625,44956.859375,65826.1171875,110253.40625,44813.8125,65439.59375,0.004780249670147896,0.003181869862601161,0.005871885921806097,0.4780249670147896,2.3502738270908594,0.8927916440367698,2.1836909712292254,0.8874714824557304,0.7008306168019772,1.0855399009212854,0.8177203319966793,803.1539666481077,803.1539666481077,greedy,0.8177203319966793,0.0,hard_fault_cluster
487,N12465,observe,-0.8102496266365051,0.6722414344549179,2.2764954686164853,-0.8102496266365051,0.22079987823963165,0.6340406037867069,-0.40949022769927984,0.0022079987823963166,-0.034444719552993774,0.002322020009160042,0.002322020009160042,0.42609476104378696,0.02029646933078766,0.11347846686840057,-0.005492515861988068,110253.1328125,44813.6171875,65439.515625,110725.9921875,44892.734375,65833.2578125,-0.004288852214813232,-0.0017654719995334744,-0.006016887258738279,-0.42888522148132324,2.2527688313275576,0.816872350871563,2.085427407640964,0.8040805205702782,0.6413786180317402,1.4255160992220046,0.6722414344549179,803.8262080825626,803.8262080825626,greedy,0.6722414344549179,0.0,hard_fault_cluster
488,N19864,observe,-0.8320853114128113,1.1432692132890225,2.6584404587745665,-0.8320853114128113,0.22353972494602203,0.7536726534366608,2.27720935344696,0.0022353972494602204,-0.031768858432769775,0.0019109565764665604,0.0019109565764665604,0.4582648940384388,0.020621005445718765,0.11737360060214996,-0.005775295197963715,110725.796875,44892.39453125,65833.40625,111059.5703125,44948.2421875,66111.328125,-0.0030144143383949995,-0.0012440338032320142,-0.0042215934954583645,-0.30144143383949995,2.287551226094365,1.0520392915606498,2.1184632149524987,1.050440534055233,0.8919288851320744,2.679753775335848,1.1432692132890225,804.9694772958517,804.9694772958517,greedy,1.1432692132890225,0.0,hard_fault_cluster
489,N26782,control0,-0.9352970719337463,0.5834179811179638,0.674490749835968,-0.9352970719337463,0.20903147757053375,0.3397669680416584,0.42885089218616484,0.0020903147757053374,-0.03998801112174988,0.0027542319148778915,0.0027542319148778915,0.43862392708659176,0.014266200363636017,0.10026240348815918,-0.008394025266170502,111059.328125,44947.70703125,66111.625,111145.4609375,44815.3984375,66330.0625,-0.0007755567785352468,0.002943611703813076,-0.0033040710259228945,-0.07755567785352468,1.6384057458490133,0.10960880555212497,1.4795664637349546,0.10960880555212497,0.4187517382204532,0.43793749115429814,0.5834179811179638,805.5528952769696,805.5528952769696,greedy,0.5834179811179638,0.0,hard_fault_cluster
490,N14036,observe,-0.9318927526473999,0.5899973273277284,0.9868528485298156,-0.9318927526473999,0.2230052500963211,0.5588212430477142,2.2828059434890746,0.002230052500963211,-0.033204108476638794,-0.0012980159372091293,-0.0012980159372091293,0.09371500283479686,0.016235720366239548,0.1096554547548294,-0.007561326026916504,111145.421875,44815.5625,66329.859375,112362.25,45471.58984375,66890.6640625,-0.01094807218760252,-0.014638382010161877,-0.008454784750938416,-1.094807218760252,1.8452792707830667,0.6882493226230145,1.6789988451637328,0.6879618434607984,0.5776608169078827,1.3220582626760005,0.5899973273277284,806.1428926042973,806.1428926042973,greedy,0.5899973273277284,0.0,hard_fault_cluster
491,N15372,observe,-0.7414728403091431,1.3876332700252532,2.875614488124847,-0.7414728403091431,0.23341874778270721,0.8882766976952552,2.404388040304184,0.0023341874778270723,-0.02917620539665222,-0.004866508767008781,-0.004866508767008781,0.28285116657614706,0.01989578828215599,0.11593292653560638,-0.0066680908203125,112363.0,45472.3125,66890.6875,112294.046875,45419.91796875,66874.125,0.0006136639858596027,0.0011522292625159025,0.0002476054651197046,0.06136639858596027,2.2181310672312975,1.1565066065639256,2.0467168879695237,1.142886349186301,1.0373972624540329,2.7743082205951213,1.3876332700252532,807.5305258743226,807.5305258743226,greedy,1.3876332700252532,0.0,hard_fault_cluster
492,N19440,observe,-0.8004050850868225,1.125473448075354,2.55138543844223,-0.8004050850868225,0.22943715751171112,0.8861213564872742,2.3179786443710326,0.0022943715751171114,-0.03660506010055542,0.003481650725007057,0.003481650725007057,0.6539997689053416,0.01895127072930336,0.10820662975311279,-0.004835575819015503,112293.546875,45420.00390625,66873.546875,111482.3125,45227.0234375,66255.2890625,0.007224229630082846,0.0042487988248467445,0.00924517773091793,0.7224229630082846,2.128045881167054,1.0131797503679991,1.9533567749895155,0.9955417584627866,0.9129339544102549,2.6934070703666655,1.125473448075354,808.655999322398,808.655999322398,greedy,1.125473448075354,0.0,hard_fault_cluster
493,N19319,observe,-0.7371805906295776,1.396151491999626,2.8866914272308346,-0.7371805906295776,0.2298872321844101,0.842839652299881,2.3279102385044097,0.002298872321844101,-0.0330350399017334,-0.003179127350449562,-0.003179127350449562,0.19158964574337,0.021195661276578903,0.10797114670276642,-0.00478912889957428,111481.75,45226.5,66255.25,111166.7265625,45049.296875,66117.4296875,0.002825784729793668,0.003918125759810209,0.0020801417995244265,0.2825784729793668,2.346274232491851,1.1672995221614837,2.1762431538663805,1.1298177969455718,1.1141490325331689,2.8241968711465595,1.396151491999626,810.0521508143976,810.0521508143976,greedy,1.396151491999626,0.0,hard_fault_cluster
494,N2698,observe,-0.7300167083740234,0.9383400313556194,2.4758209586143494,-0.7300167083740234,0.22929821908473969,0.722921223193407,2.2846388876438137,0.0022929821908473967,-0.03581544756889343,0.0014798808842897415,0.0014798808842897415,0.41833815366029736,0.020186159759759903,0.10995492339134216,-0.00528283417224884,111166.515625,45048.58203125,66117.9296875,111111.5,45058.0625,66053.4375,0.0004948938731104136,-0.00021044988534413278,0.0009754115017130971,0.049489387311041355,2.2493940759450197,0.9159617352485656,2.0763105009682477,0.9136317002773284,0.7501160144805908,2.5875754094123837,0.9383400313556194,810.9904908457532,810.9904908457532,greedy,0.9383400313556194,0.0,hard_fault_cluster
495,N19162,observe,-0.7911307215690613,1.3354719121009113,2.7286621093749996,-0.7911307215690613,0.22194547951221466,0.8009174508973955,-1.401655352115631,0.0022194547951221466,-0.04088965058326721,0.009646328166127205,0.009646328166127205,0.7189014542102814,0.01825137436389923,0.10489521920681,-0.004514671862125397,111112.03125,45059.21875,66052.8125,110373.984375,44802.90625,65571.078125,0.006642366759479046,0.005688347853720188,0.007293169852346182,0.6642366759479046,2.056729244068265,0.9135537147521973,1.8830353883095086,0.9135537147521973,0.9116088062524795,1.222545724064112,1.3354719121009113,812.3259627578542,812.3259627578542,greedy,1.3354719121009113,0.0,hard_fault_cluster
496,N8878,observe,-0.647020161151886,2.2308199594728646,3.457484197616577,-0.647020161151886,0.2235938161611557,1.0257683906564488,-1.3302682042121885,0.002235938161611557,-0.04413360357284546,0.012412706390023232,0.012412706390023232,0.8857616021949797,0.022390346974134445,0.10777303576469421,-0.0019392073154449463,110374.390625,44802.15625,65572.234375,109508.1875,44453.15234375,65055.03125,0.007847863249480724,0.007789890747517347,0.007887532003223896,0.7847863249480724,2.4750412199646235,1.3401311947172507,2.2980363280512393,1.3532812310522422,1.4086599950212986,1.5456289967638444,2.2308199594728646,814.5567827173271,814.5567827173271,greedy,2.2308199594728646,0.0,hard_fault_cluster
497,N7480,observe,-0.7879768013954163,0.6901224590837955,2.2721478223800657,-0.7879768013954163,0.2187327891588211,0.6433578342199325,-1.352194482088089,0.002187327891588211,-0.04012313485145569,0.014565179124474525,0.014565179124474525,0.5855574057996273,0.020046968013048172,0.11027666926383972,-0.004279866814613342,109507.625,44453.73046875,65053.8984375,110000.484375,44584.98828125,65415.4921875,-0.0045006852596998215,-0.002952683949843049,-0.005558371543884277,-0.45006852596998215,2.237994769588113,0.7928235653042792,2.063021293375641,0.7928235116600989,0.6331319399178028,1.041535760946572,0.6901224590837955,815.2469051764109,815.2469051764109,greedy,0.6901224590837955,0.0,hard_fault_cluster
498,N9639,observe,-0.8877630233764648,0.6630369521677494,1.3995713412761688,-0.8877630233764648,0.2232370525598526,0.6396125711500645,2.2865494787693024,0.002232370525598526,-0.0351298451423645,0.011615509167313576,0.011615509167313576,0.14013468503952026,0.01832815632224083,0.11412486433982849,-0.005437120795249939,110000.3046875,44584.9140625,65415.390625,111005.796875,45027.734375,65978.0625,-0.009140812791883945,-0.009932066313922405,-0.008601521141827106,-0.9140812791883945,2.067668193951249,0.6995392060279846,1.8915287726558745,0.6920940375328064,0.604236775636673,1.3238592796772717,0.6630369521677494,815.9099421285787,815.9099421285787,greedy,0.6630369521677494,0.0,hard_fault_cluster
499,N12275,observe,-0.852710485458374,0.991830875724554,2.5089940309524534,-0.852710485458374,0.22470282018184662,0.7695115946233273,2.3025679945945736,0.0022470282018184663,-0.0319819450378418,0.007498333230614662,0.007498333230614662,0.40502058804035185,0.02035677805542946,0.11602629721164703,-0.005355171859264374,111005.6328125,45027.6328125,65978.0,111018.4453125,44936.0078125,66082.4375,-0.00011542207357706502,0.002034861594438553,-0.0015829140320420265,-0.011542207357706502,2.267878958955407,0.9593747279047966,2.093728093896061,0.940917589366436,0.8272771388292312,2.637730140239,0.991830875724554,816.9017730043032,816.9017730043032,greedy,0.991830875724554,0.0,hard_fault_cluster
500,N12335,observe,-0.8703489303588867,0.7085700400173665,2.283270990848541,-0.8703489303588867,0.22530238330364227,0.7118058942258358,2.309829759597778,0.0022530238330364227,-0.029728472232818604,0.0059244055300951,0.0059244055300951,0.28927951633930205,0.020640060305595398,0.11854259669780731,-0.005632169544696808,111018.5703125,44936.1640625,66082.40625,111269.0234375,44986.9609375,66282.0625,-0.00225595710799098,-0.001130423042923212,-0.00302132242359221,-0.22559571079909801,2.295232819393277,1.0064492230117321,2.121812727767974,0.9573218290507793,0.7048379227519036,2.558144649788737,0.7085700400173665,817.6103430443205,817.6103430443205,greedy,0.7085700400173665,0.0,hard_fault_cluster
501,N7349,observe,-0.8856860399246216,0.7007414184510709,2.276917207241058,-0.8856860399246216,0.22595612704753876,0.7089156500995158,2.3125495731830594,0.0022595612704753875,-0.02798590064048767,0.003303924575448036,0.003303924575448036,0.2288319097459316,0.02094632014632225,0.12077608704566956,-0.005838640034198761,111269.171875,44986.953125,66282.21875,111545.953125,45059.19921875,66486.75,-0.002487492747604847,-0.00160593434702605,-0.0030857634264975786,-0.2487492747604847,2.323892066255212,0.7825694046169519,2.1519470275379717,0.7920886716991663,0.6831211194396019,2.544028727635741,0.7007414184510709,818.3110844627716,818.3110844627716,greedy,0.7007414184510709,0.0,hard_fault_cluster
502,N18586,observe,-0.9014509916305542,0.7618184300023132,2.2721435248851773,-0.9014509916305542,0.22324307262897491,0.7374614534783177,-1.3397478103637694,0.0022324307262897494,-0.035679757595062256,0.007912727072834969,0.007912727072834969,0.6014911317080259,0.01898401975631714,0.11215293407440186,-0.004635177552700043,111545.53125,45059.09375,66486.4375,110802.53125,44895.11328125,65907.421875,0.0066609568893909454,0.0036392314359545708,0.008708777837455273,0.6660956889390945,2.1295577753335238,0.8094542436301708,1.9561909255571663,0.8090138785541058,0.6984719868749381,1.08400679146871,0.7618184300023132,819.072902892774,819.072902892774,greedy,0.7618184300023132,0.0,hard_fault_cluster
503,N12649,observe,-0.6643624305725098,1.001064018905163,2.9671049833297727,-0.6643624305725098,0.23428495228290558,0.4185918018221856,2.402414363622665,0.002342849522829056,-0.007665961980819702,-0.01998753286898136,-0.01998753286898136,-1.5040708458423615,0.023755375295877457,0.13377535343170166,-0.009409978985786438,110802.8984375,44895.3125,65907.5859375,112157.3125,45224.46484375,66932.84375,-0.01222363393753767,-0.00733155244961381,-0.015555990859866142,-1.222363393753767,2.58983494900167,0.9599704235792159,2.4291118844412267,0.9755722969770431,1.122615496814251,2.304700072929263,1.001064018905163,820.0739669116791,820.0739669116791,greedy,1.001064018905163,0.0,hard_fault_cluster
504,N18724,observe,-0.8042151927947998,0.690885205566883,2.239148652553558,-0.8042151927947998,0.23098044097423553,0.7993291921913623,2.382686901092529,0.0023098044097423554,-0.020422250032424927,-0.008310189470648766,-0.008310189470648766,0.5034868429601193,0.021255239844322205,0.12756896018981934,-0.008262768387794495,112157.0,45224.359375,66932.640625,112506.265625,45472.46875,67033.796875,-0.003114077728241682,-0.005486188922077417,-0.0015113141853362322,-0.3114077728241682,2.3481942359358072,0.9244708040356635,2.181191547308117,0.8942361393570899,0.6946518056094647,2.5515236736461517,0.690885205566883,820.764852117246,820.764852117246,greedy,0.690885205566883,0.0,hard_fault_cluster
505,N12355,observe,-0.8536574244499207,0.64350411221385,2.2721435248851773,-0.8536574244499207,0.23166953027248383,0.6028019152581692,2.2721435248851773,0.0023166953027248384,-0.02108117938041687,-0.007762117311358452,-0.007762117311358452,0.4117639309167862,0.020627975463867188,0.1270132213830948,-0.007935300469398499,112506.1171875,45472.3515625,67033.765625,112749.421875,45588.51953125,67160.90625,-0.00216259085573256,-0.0025546946562826633,-0.0018966654315590858,-0.21625908557325602,2.286704959347844,0.7405801683664323,2.118774399627,0.7405801683664323,0.572153377532959,2.471899695396423,0.64350411221385,821.4083562294599,821.4083562294599,greedy,0.64350411221385,0.0,hard_fault_cluster
506,N25713,observe,-0.7293221950531006,1.0620184419676661,2.506309473514557,-0.7293221950531006,0.23474614322185516,0.8277918903157114,2.2721435248851773,0.0023474614322185517,-0.029805123805999756,-0.0006501730531454086,-0.0006501730531454086,0.8968002563714981,0.02320244163274765,0.12476027011871338,-0.003886297345161438,112748.5390625,45587.359375,67161.1796875,111985.3125,45413.35546875,66571.9609375,0.006769281346350908,0.003816933138296008,0.008773203939199448,0.6769281346350908,2.5543401334434748,0.9752421234548092,2.3787681558169425,0.9596120570600033,0.8673551127314568,2.6637808232754465,1.0620184419676661,822.4703746714275,822.4703746714275,greedy,1.0620184419676661,0.0,hard_fault_cluster
507,N13426,observe,-0.6356648802757263,1.3288584530353547,3.054345965385437,-0.6356648802757263,0.23800356686115265,0.6793225079774856,2.422222852706909,0.0023800356686115264,-0.0030090510845184326,-0.027529055252671242,-0.027529055252671242,-0.600453515648842,0.025513838976621628,0.13851410150527954,-0.007612884044647217,111985.953125,45414.11328125,66571.84375,112718.90625,45520.58203125,67198.328125,-0.006545045413076878,-0.0023443978279829025,-0.009410650469362736,-0.6545045413076878,2.761858409270644,1.4446671283245085,2.604002525564283,1.468607667684555,1.1834931761026382,2.8692705644667145,1.3288584530353547,823.7992331244628,823.7992331244628,greedy,1.3288584530353547,0.0,hard_fault_cluster
508,N26786,control0,-0.7262164354324341,0.6421574138104915,0.6747534990310669,-0.7262164354324341,0.22827695310115814,0.611883545294404,0.6550930142402649,0.0022827695310115815,-0.022455692291259766,-0.019635481759905815,-0.019635481759905815,0.17560499690473078,0.01964835450053215,0.11652758717536926,-0.009680762887001038,112718.828125,45520.203125,67198.625,112715.0390625,45611.9921875,67103.046875,3.36151679221075e-05,-0.0020164467860013247,0.0014223225880414248,0.0033615167922107503,2.1734769213944674,0.7558294372260571,2.016995817888528,0.7558294372260571,0.6958542060106992,0.6252673968790623,0.6421574138104915,824.4413905382734,824.4413905382734,greedy,0.6421574138104915,0.0,hard_fault_cluster
509,N26784,control0,-0.7340401411056519,0.6143113901373,0.6758428931236267,-0.7340401411056519,0.2250111848115921,0.5185965731972828,0.593811535835266,0.002250111848115921,-0.02626320719718933,-0.017285706475377083,-0.017285706475377083,0.18795340435113758,0.016415029764175415,0.10559497773647308,-0.010038062930107117,112714.9296875,45611.9765625,67102.953125,112508.9609375,45445.5859375,67063.375,0.001827342202886939,0.003647959092631936,0.0005898119416087866,0.1827342202886939,1.8492284547537565,0.518414590349421,1.6934343460015953,0.5219557231571526,0.6060025354614481,0.5787121884932276,0.6143113901373,825.0557019284107,825.0557019284107,greedy,0.6143113901373,0.0,hard_fault_cluster
510,N31073,control1,-0.7959883213043213,0.656795505899936,1.8900124311447142,-0.7959883213043213,0.21896900236606598,0.569416775656864,1.1028392553329467,0.0021896900236606596,-0.019184887409210205,-0.006329020485281944,-0.006329020485281944,0.637334771156311,0.011127077043056488,0.10396718978881836,-0.01242685317993164,112509.1953125,45446.2734375,67062.921875,111649.8359375,45059.6875,66590.1484375,0.00763812568038702,0.008506438694894314,0.007049699313938618,0.763812568038702,1.3253476861864328,0.19998277768492698,1.1658676997758448,0.19998277768492698,0.7307878017425538,1.9384088763594627,0.656795505899936,825.7124974343106,825.7124974343106,greedy,0.656795505899936,0.0,hard_fault_cluster
511,N30930,control0,-0.9492601752281189,0.6137785255908966,-1.4680928081274032,-0.9492601752281189,0.2030048817396164,0.5715248324722051,-1.537325471639633,0.002030048817396164,-0.028229326009750366,-9.244121611118317e-05,-9.244121611118317e-05,0.6220621408522129,0.010174371302127838,0.09568294882774353,-0.011721409857273102,111649.453125,45059.30859375,66590.140625,110636.609375,44449.03125,66187.578125,0.00907164067029953,0.013543868437409401,0.006045376881957054,0.907164067029953,1.220349570736289,0.7310513098537922,1.0681652403436601,0.7337384064495563,0.7476190701127052,-0.9419918563216924,0.6137785255908966,826.3262759599015,826.3262759599015,greedy,0.6137785255908966,0.0,hard_fault_cluster
512,N14901,control1,-0.6617820262908936,1.300299971550703,2.690556764602661,-0.6617820262908936,0.23050911724567413,0.9718066491186619,1.9549104332923888,0.002305091172456741,-0.02924177050590515,0.0012221727520227432,0.0012221727520227432,0.6159667155146599,0.015640977770090103,0.10389284789562225,-0.007526785135269165,110636.8125,44449.1875,66187.625,109889.9921875,44245.015625,65644.9765625,0.006750197149813175,0.004593377001583576,0.008198638446629047,0.6750197149813175,1.7958290670067072,0.959209036976099,1.6220305995084345,0.9341268064081669,1.0696364358067512,2.3651187808439134,1.300299971550703,827.6265759314522,827.6265759314522,greedy,1.300299971550703,0.0,hard_fault_cluster
513,N9218,observe,-0.7846865653991699,0.594845286011696,0.7636532127857207,-0.7846865653991699,0.2311658412218094,0.562393532693386,1.6264631509780882,0.0023116584122180937,-0.03115096688270569,-0.0008501019328832626,-0.0008501019328832626,0.1267595598520711,0.015046358108520508,0.10787138342857361,-0.00881572812795639,109890.2265625,44245.1796875,65645.046875,111431.65625,45036.71484375,66394.9375,-0.014026994816958904,-0.017889749258756638,-0.011423415504395962,-1.4026994816958904,1.734951550140977,0.6447308508097194,1.5622147456742823,0.6307247308432125,0.5631337448954582,0.838380785435438,0.594845286011696,828.2214212174639,828.2214212174639,greedy,0.594845286011696,0.0,hard_fault_cluster
514,N26790,control0,-0.8348730802536011,0.5895790780891276,0.676663088798523,-0.8348730802536011,0.22005848586559296,0.4092928681983494,0.5074355661869049,0.0022005848586559296,-0.03821748495101929,-0.002852087840437889,-0.002852087840437889,0.3326439670749869,0.011731721460819244,0.09098383784294128,-0.010264396667480469,111431.4375,45036.27734375,66395.15625,111192.390625,44775.61328125,66416.78125,0.0021452372893691063,0.005787868984043598,-0.00032570146140642464,0.21452372893691063,1.3903785441070795,0.17177402643928646,1.2274737455882132,0.15909279553661465,0.4951410471919417,0.4472172197275279,0.5895790780891276,828.8110002955531,828.8110002955531,greedy,0.5895790780891276,0.0,hard_fault_cluster
515,N14045,observe,-0.8393450379371643,0.585306790471077,0.6940715610980988,-0.8393450379371643,0.2294677048921585,0.5426938757300377,0.6857432782649994,0.0022946770489215853,-0.032989442348480225,-0.0034123044461011887,-0.0034123044461011887,0.11934687315719202,0.01353965699672699,0.10167144238948822,-0.009403057396411896,111192.0546875,44775.5234375,66416.53125,112467.1328125,45471.1171875,66996.015625,-0.011467349715530872,-0.015535133890807629,-0.008725002408027649,-1.1467349715530872,1.5800211001187563,0.6078462768008467,1.4104795497842133,0.5951821196486708,0.548376402258873,0.5058833645563572,0.585306790471077,829.3963070860242,829.3963070860242,greedy,0.585306790471077,0.0,hard_fault_cluster
516,N27250,observe,-0.6034536361694336,1.371570659428835,2.7373669147491455,-0.6034536361694336,0.23793907463550568,1.0721787102520466,2.427457910776138,0.0023793907463550566,-0.03948149085044861,-0.0007554460316896439,-0.0007554460316896439,0.5740795886516571,0.019755445420742035,0.10385587811470032,-0.00463750958442688,112467.28125,45471.703125,66995.578125,111097.3671875,44957.2109375,66140.15625,0.012180556543171406,0.011314556933939457,0.012768333777785301,1.2180556543171406,2.2127281706780195,1.3201940578222275,2.0348404492251575,1.3089773815870287,1.2051589503884317,2.8833533177524804,1.371570659428835,830.767877745453,830.767877745453,greedy,1.371570659428835,0.0,hard_fault_cluster
517,N30933,control0,-0.8290695548057556,0.6510111518204211,0.8092402577400207,-0.8290695548057556,0.21044661104679108,0.44188598804175855,-1.5748267054557799,0.0021044661104679106,-0.035723209381103516,0.0019724685698747635,0.0019724685698747635,0.3246422982215881,0.017923250794410706,0.09656211733818054,-0.005554072558879852,111097.125,44956.8125,66140.3125,109917.3828125,44266.9609375,65650.421875,0.010619016364216805,0.015344761312007904,0.007406838703900576,1.0619016364216805,2.0047441590577364,0.7396273589134217,1.845429849345237,0.7305588102340699,0.6631638377904893,0.38355091795325297,0.6510111518204211,831.4188888972734,831.4188888972734,greedy,0.6510111518204211,0.0,hard_fault_cluster
518,N27509,control0,-0.9298323392868042,0.6064087361402926,0.4375191509723663,-0.9298323392868042,0.19817955791950226,0.4632765120353724,0.3025659688748419,0.0019817955791950224,-0.0466938316822052,0.0073072705417871475,0.0073072705417871475,0.4315933976969972,0.0113564133644104,0.08376282453536987,-0.008481457829475403,109917.9453125,44267.1953125,65650.75,109942.3515625,44148.3046875,65794.046875,-0.00022204063134267926,0.00268575013615191,-0.0021827148739248514,-0.022204063134267926,1.3411281649023294,0.5265314822314394,1.1870130435563624,0.5254312698958529,0.5153180262837851,0.30190008998924905,0.6064087361402926,832.0252976334137,832.0252976334137,greedy,0.6064087361402926,0.0,hard_fault_cluster
519,N30931,control0,-0.950537383556366,0.5537343367934228,0.8178748190402985,-0.950537383556366,0.18962757289409637,0.43687213510274886,0.2693981051445007,0.0018962757289409638,-0.038968026638031006,0.007529200986027718,0.007529200986027718,0.2852738383412361,0.01432100310921669,0.08583875000476837,-0.007064789533615112,109941.8984375,44148.1640625,65793.734375,108847.03125,43594.01953125,65253.0078125,0.009958597831428051,0.012551927007734776,0.008218511939048767,0.9958597831428051,1.629257084801793,0.7633745674788952,1.4813895043917,0.7691286031901836,0.629104109108448,0.8909033905714749,0.5537343367934228,832.5790319702072,832.5790319702072,greedy,0.5537343367934228,0.0,hard_fault_cluster
520,N3856,observe,-0.9215816855430603,0.5492089271545411,1.2449396848678589,-0.9215816855430603,0.2148388773202896,0.48662618547677994,0.5716315537691117,0.002148388773202896,-0.03601256012916565,0.003166789188981056,0.003166789188981056,0.08950927994956145,0.016480401158332825,0.09873545169830322,-0.0071845948696136475,108847.46875,43594.16796875,65253.3046875,110883.0,44659.69921875,66223.296875,-0.018700767308473587,-0.02444205991923809,-0.014865027740597725,-1.8700767308473587,1.8660457823425531,0.6570867305887077,1.7025415324606001,0.6570872133863304,0.46239675283432013,0.7347288646548987,0.5492089271545411,833.1282408973617,833.1282408973617,greedy,0.5492089271545411,0.0,hard_fault_cluster
521,N30932,control0,-0.9650139808654785,0.6496897898614407,0.6983335852622986,-0.9650139808654785,0.19512395560741425,0.47107994407415393,0.2980224877595901,0.0019512395560741425,-0.0282762348651886,0.0012532714754343033,0.0012532714754343033,0.1939543722942471,0.018012873828411102,0.09369081258773804,-0.006943963468074799,110882.6484375,44659.59375,66223.0546875,109727.140625,44020.28515625,65706.8515625,0.010420997627079487,0.014315146021544933,0.007794915698468685,1.0420997627079487,1.9976646099239588,0.8401103359274565,1.8503816896118224,0.8477489989809691,0.7010016933083535,0.6617684120684864,0.6496897898614407,833.7779306872231,833.7779306872231,greedy,0.6496897898614407,0.0,hard_fault_cluster
522,N26788,control0,-1.046450138092041,0.5616036355495453,0.6421741724014282,-1.046450138092041,0.18319539725780487,0.3922885566949844,0.4924554586410522,0.0018319539725780488,-0.046584248542785645,0.008558379486203194,0.008558379486203194,0.4479428008198738,0.00980592891573906,0.07865007221698761,-0.009979337453842163,109727.515625,44020.0859375,65707.4296875,109960.796875,44037.74609375,65923.046875,-0.0021260050125420094,-0.0004011840501334518,-0.0032814734149724245,-0.21260050125420094,1.172346668317914,0.46602811336517336,1.028531335759908,0.4643509012460709,0.43744262456893923,0.326113992780447,0.5616036355495453,834.3395343227727,834.3395343227727,greedy,0.5616036355495453,0.0,hard_fault_cluster
523,N27585,control0,-1.0065042972564697,0.5666232820600272,2.2434933364391325,-1.0065042972564697,0.1840529590845108,0.4090159384533763,2.0942992508411407,0.0018405295908451081,-0.05373468995094299,0.010009581223130226,0.010009581223130226,0.33506038103252644,0.005535595118999481,0.06697258353233337,-0.012268289923667908,109960.890625,44037.57421875,65923.3125,109851.34375,43921.5390625,65929.8046875,0.0009962348267436028,0.002634912496432662,-9.848090849118307e-05,0.09962348267436028,0.7476220522075891,0.47570154137909415,0.6020751469768584,0.4749293602257967,0.5000372985377908,1.900024244049564,0.5666232820600272,834.9061576048327,834.9061576048327,greedy,0.5666232820600272,0.0,hard_fault_cluster
524,N27576,control0,-0.934707760810852,0.5906498089432717,2.2524476051330566,-0.934707760810852,0.1887712925672531,0.45281346067786216,2.115960419178009,0.0018877129256725312,-0.058317750692367554,0.00783790834248066,0.00783790834248066,0.28555768504738804,0.004303954541683197,0.059966832399368286,-0.012541979551315308,109851.296875,43921.5078125,65929.7890625,109671.53125,43809.47265625,65862.0546875,0.0016364451730623841,0.002550804056227207,0.0010273713851347566,0.1636445173062384,0.6270046550780535,0.5108640578389168,0.47954775439575315,0.5103848811984062,0.5659519858658314,1.9428687908127904,0.5906498089432717,835.496807413776,835.496807413776,greedy,0.5906498089432717,0.0,hard_fault_cluster
525,N27551,control0,-0.8535765409469604,0.6232938699424266,2.258308136463165,-0.8535765409469604,0.1942593902349472,0.5036398805677891,1.02128709256649,0.001942593902349472,-0.062296539545059204,0.005586134269833565,0.005586134269833565,0.28974306136369704,0.004667166620492935,0.05611345171928406,-0.011597290635108948,109671.546875,43809.8125,65861.734375,109463.65625,43690.515625,65773.140625,0.0018955748528242111,0.002723062876611948,0.0013451474951580167,0.1895574852824211,0.6665621865540743,0.5650878255814313,0.5166780431754887,0.5649991338700056,0.6585278615355491,1.3816816901415585,0.6232938699424266,836.1201012837184,836.1201012837184,greedy,0.6232938699424266,0.0,hard_fault_cluster
526,N26654,control0,-0.7661288380622864,0.6708711519837379,2.280110079050064,-0.7661288380622864,0.19803141057491302,0.5433241099119186,2.1324036777019497,0.0019803141057491303,-0.06591236591339111,0.003261806443333626,0.003261806443333626,0.31607857197523115,0.005618534982204437,0.053849123418331146,-0.010273605585098267,109463.1640625,43690.4296875,65772.734375,109235.53125,43568.46484375,65667.0703125,0.002079538069665432,0.0027915688697248697,0.0016065024537965655,0.2079538069665432,0.7631467152386904,0.614005526676774,0.6121768024750054,0.6143247989565134,0.7365674391388893,1.8976905906945467,0.6708711519837379,836.7909724357022,836.7909724357022,greedy,0.6708711519837379,0.0,hard_fault_cluster
527,N27589,control0,-0.6761844158172607,0.6980870231986046,2.3001051545143127,-0.6761844158172607,0.20084400475025177,0.5531369015574455,2.1328887104988095,0.0020084400475025178,-0.06881663203239441,0.0007205549627542496,0.0007205549627542496,0.32112784624099733,0.00677771121263504,0.05228399485349655,-0.008842304348945618,109236.5546875,43568.484375,65668.0703125,108996.640625,43447.28125,65549.359375,0.002196280052885413,0.002781898947432637,0.0018077421700581908,0.21962800528854132,0.87933568097651,0.6451071475446224,0.7281622611917555,0.6458768521249294,0.7597444772720338,1.940680891573429,0.6980870231986046,837.4890594589008,837.4890594589008,greedy,0.6980870231986046,0.0,hard_fault_cluster
528,N3429,observe,-0.6450937986373901,0.5916535347700119,0.674511444568634,-0.6450937986373901,0.2270260602235794,0.5502230927348137,0.6745175361633301,0.002270260602235794,-0.042267560958862305,-0.007521411404013634,-0.007521411404013634,0.12776488750650966,0.014181915670633316,0.08133196830749512,-0.006230339407920837,108996.125,43447.41796875,65548.703125,111467.7890625,44727.7109375,66740.078125,-0.0226766224950552,-0.029467642307281494,-0.018175417557358742,-2.26766224950552,1.6376962158828974,0.6995871086470925,1.473067729268223,0.6995870550029122,0.5685220018029212,0.5561960435286164,0.5916535347700119,838.0807129936708,838.0807129936708,greedy,0.5916535347700119,0.0,hard_fault_cluster
529,N3347,observe,-0.6888812780380249,0.5919362008571625,0.6750024020671844,-0.6888812780380249,0.23230816423892975,0.5500625029206276,0.5708658903837204,0.0023230816423892974,-0.04039505124092102,-0.0081427451223135,-0.0081427451223135,0.12752397083582762,0.015038799494504929,0.09063248336315155,-0.006887964904308319,111467.796875,44728.046875,66739.75,112815.546875,45360.14453125,67455.40625,-0.012090936303138733,-0.014132020063698292,-0.01072308886796236,-1.2090936303138733,1.728045368567109,0.6992654188063534,1.559921304229647,0.6992653115179928,0.5679932311177254,0.49103498768512505,0.5919362008571625,838.6726491945279,838.6726491945279,greedy,0.5919362008571625,0.0,hard_fault_cluster
530,N19314,observe,-0.5908355712890625,0.7501289628446102,0.9493327736854553,-0.5908355712890625,0.24028052389621735,0.6687941227108241,1.3600154161453246,0.0024028052389621734,-0.03918460011482239,-0.019556714221835136,-0.019556714221835136,-0.08585996426641943,0.01957760751247406,0.09066912531852722,-0.006311528384685516,112815.8203125,45360.3671875,67455.453125,112124.296875,45049.40625,67074.890625,0.006129667162895203,0.006855344399809837,0.005641686264425516,0.6129667162895203,2.178484560921788,0.8661900399625302,2.0129417036660016,0.8687549827992916,0.8044664110988378,1.2401161154173312,0.7501289628446102,839.4227781573726,839.4227781573726,greedy,0.7501289628446102,0.0,hard_fault_cluster
531,N7432,observe,-0.6559852957725525,0.6521887317299843,1.1544185042381288,-0.6559852957725525,0.23924751579761505,0.5643739774823189,0.6801132500171662,0.0023924751579761506,-0.037710100412368774,-0.014886492863297462,-0.014886492863297462,0.1628001956641674,0.01899326965212822,0.09768129885196686,-0.006151363253593445,112124.2734375,45049.4765625,67074.796875,112989.2421875,45478.4296875,67510.8125,-0.007714375387877226,-0.009521822445094585,-0.006500438787043095,-0.7714375387877226,2.1236879881471395,0.7493590370565653,1.9554172209464014,0.7495433584600687,0.5827586889266968,0.9448383890092373,0.6521887317299843,840.0749668891026,840.0749668891026,greedy,0.6521887317299843,0.0,hard_fault_cluster
532,N19834,observe,-0.7635558843612671,0.6750755682587624,0.16999365091323848,-0.7635558843612671,0.2334059327840805,0.6261299613863229,-1.0454442143440246,0.002334059327840805,-0.04680749773979187,-0.004256574437022209,-0.004256574437022209,0.47189865149557586,0.017095979303121567,0.0906757116317749,-0.004231490194797516,112988.84375,45477.9296875,67510.9140625,111936.1171875,45241.8984375,66694.21875,0.009317084215581417,0.005190017633140087,0.012097233906388283,0.9317084215581417,1.938747288659215,0.7732821048796177,1.7668852698989213,0.7719186307489871,0.6628683034330607,-0.17737067079171526,0.6750755682587624,840.7500424573614,840.7500424573614,greedy,0.6750755682587624,0.0,hard_fault_cluster
533,N12259,observe,-0.7403167486190796,0.5503912702202797,0.6944406807422637,-0.7403167486190796,0.23330719769001007,0.45448122918605804,-0.06133379340171813,0.0023330719769001007,-0.04286530613899231,-0.003917397931218147,-0.003917397931218147,0.09605465978384016,0.018185976892709732,0.09999065101146698,-0.004613988101482391,111936.34375,45242.2890625,66694.0546875,112665.75,45469.890625,67195.859375,-0.006516259163618088,-0.005030726082623005,-0.007523979526013136,-0.6516259163618088,2.047987489029765,0.6482892236113549,1.8759451392106712,0.6489001235365868,0.4037012845277786,0.2901331316679716,0.5503912702202797,841.3004337275817,841.3004337275817,greedy,0.5503912702202797,0.0,hard_fault_cluster
534,N12271,observe,-0.745768666267395,0.5782602235674859,1.0107255101203918,-0.745768666267395,0.23498408496379852,0.48318428844213485,0.6813651144504547,0.002349840849637985,-0.04053047299385071,-0.005192352458834648,-0.005192352458834648,0.01082794994115828,0.019312463700771332,0.10592269897460938,-0.004757612943649292,112665.890625,45470.0390625,67195.8515625,113166.8125,45626.0546875,67540.7578125,-0.004446082748472691,-0.0034311742056161165,-0.005132850259542465,-0.44460827484726906,2.161038102582097,0.7028922070562839,1.9886943032033741,0.700794022232294,0.4793830543756485,0.9690410259366036,0.5782602235674859,841.8786939511491,841.8786939511491,greedy,0.5782602235674859,0.0,hard_fault_cluster
535,N18487,observe,-0.7702749967575073,0.7276897422969342,1.1269593298435212,-0.7702749967575073,0.2330796867609024,0.6637350860983133,-0.37278342247009283,0.002330796867609024,-0.048320382833480835,0.006206074729561806,0.006206074729561806,0.5278314872831106,0.017353400588035583,0.09948444366455078,-0.0028719156980514526,113166.75,45626.046875,67540.703125,112223.359375,45396.16796875,66827.1875,0.008336287923157215,0.0050383261404931545,0.010564231313765049,0.8336287923157215,1.9746258202940226,0.777703119367361,1.7951614991761744,0.775393630117178,0.6713102709501982,0.4016138608567418,0.7276897422969342,842.606383693446,842.606383693446,greedy,0.7276897422969342,0.0,hard_fault_cluster
536,N9220,observe,-0.7938622236251831,0.5243113175034523,0.6856868505477905,-0.7938622236251831,0.23353074491024017,0.43541094809770586,0.6803775072097779,0.0023353074491024015,-0.03950142860412598,0.0031664464622735977,0.0031664464622735977,0.06625564783811569,0.017941582947969437,0.10626696050167084,-0.004430823028087616,112223.375,45396.08203125,66827.296875,112991.0234375,45724.9140625,67266.109375,-0.0068403612822294235,-0.007243621628731489,-0.00656636618077755,-0.6840361282229424,2.0308554861694574,0.6208911956846714,1.853332592640072,0.6208547176420689,0.37162901312112806,0.41909767308447043,0.5243113175034523,843.1306950109495,843.1306950109495,greedy,0.5243113175034523,0.0,hard_fault_cluster
537,N2870,observe,-0.7825107574462891,0.8225439608097076,1.9408665299415588,-0.7825107574462891,0.23127205669879913,0.7193295400589704,0.5319850489497184,0.002312720566987991,-0.04721221327781677,0.008767331019043922,0.008767331019043922,0.5858611526340246,0.01815217360854149,0.10013701021671295,-0.0027258172631263733,112990.90625,45725.09375,67265.8125,111800.21875,45309.078125,66491.140625,0.010537905618548393,0.009098190814256668,0.011516576632857323,1.0537905618548393,2.055256748571992,0.843844625800848,1.8752272077836096,0.8388482604920864,0.7384320612996818,1.5414601556397975,0.8225439608097076,843.9532389717592,843.9532389717592,greedy,0.8225439608097076,0.0,hard_fault_cluster
538,N18658,observe,-0.821647584438324,0.5627483069896698,1.0736035883426664,-0.821647584438324,0.22958897054195404,0.45128829777240753,0.4757875502109527,0.0022958897054195402,-0.04190826416015625,0.004319330677390099,0.004319330677390099,-0.021755183637142197,0.019113745540380478,0.10483908653259277,-0.003896169364452362,111800.1015625,45308.9453125,66491.15625,112316.015625,45426.8359375,66889.1796875,-0.004614611621946096,-0.002601928310468793,-0.005986110772937536,-0.46146116219460964,2.145282855257392,0.6673514206707478,1.9698516293428838,0.668708886653185,0.43470012247562406,0.97007667735219,0.5627483069896698,844.5159872787489,844.5159872787489,greedy,0.5627483069896698,0.0,hard_fault_cluster
539,N14666,observe,-0.7951898574829102,0.8196303658187389,2.242552143335342,-0.7951898574829102,0.22641046345233917,0.6875348530709743,-0.43848913908004766,0.0022641046345233916,-0.04652509093284607,0.011516878381371498,0.011516878381371498,0.6123097735643387,0.018738850951194763,0.10150916874408722,-0.0022942423820495605,112316.3671875,45427.1015625,66889.265625,111353.5546875,45130.2421875,66223.3125,0.00857232604175806,0.006534851621836424,0.009956053458154202,0.857232604175806,2.111812436953187,0.8379616969823838,1.933366930577904,0.8370061868429185,0.7037291660904885,1.2145947925001384,0.8196303658187389,845.3356176445676,845.3356176445676,greedy,0.8196303658187389,0.0,hard_fault_cluster
540,N12371,observe,-0.8364895582199097,0.5106087148189545,1.1363634169101715,-0.8364895582199097,0.2253812700510025,0.3533850908279419,-0.054657638072967585,0.002253812700510025,-0.04238557815551758,0.008030714467167854,0.008030714467167854,-0.01288777187466622,0.019419334828853607,0.10594561696052551,-0.0035631880164146423,111353.1171875,45129.8984375,66223.21875,111864.6328125,45252.0,66612.6328125,-0.004593635443598032,-0.002705558203160763,-0.005880325101315975,-0.4593635443598032,2.175345467403531,0.6226356402784585,2.0002864790149033,0.6247384921461343,0.288430093228817,0.7142824807018042,0.5106087148189545,845.8462263593866,845.8462263593866,greedy,0.5106087148189545,0.0,hard_fault_cluster
541,N12683,observe,-0.5646114945411682,0.7594751462340354,2.6235158443450928,-0.5646114945411682,0.22473891079425812,0.32821386456489565,-0.04663017392158514,0.0022473891079425813,0.006758779287338257,-0.004028579220175743,-0.004028579220175743,-0.5858974358439446,0.0235263891518116,0.1240282952785492,-0.007396422326564789,111865.0,45252.203125,66612.796875,113311.546875,45606.76171875,67704.7890625,-0.01293118391185999,-0.007835167460143566,-0.016393128782510757,-1.293118391185999,2.5733492467552423,0.7709014093875886,2.4078164980746806,0.78029949426651,0.5142586767673493,0.962435546219349,0.7594751462340354,846.6057015056207,846.6057015056207,greedy,0.7594751462340354,0.0,hard_fault_cluster
542,N16588,control1,-0.8784701824188232,0.6158049240708351,2.2902909278869625,-0.8784701824188232,0.21107377111911774,0.47813553065061565,2.158043700456619,0.0021107377111911772,-0.03189745545387268,-0.012474415823817253,-0.012474415823817253,0.11277552679181099,0.016965333372354507,0.10932643711566925,-0.00920470803976059,113313.015625,45607.140625,67705.875,112509.8125,45368.85546875,67140.9609375,0.007088357117027044,0.005224733613431454,0.008343649096786976,0.7088357117027044,1.8951326925307512,0.6877138900011779,1.7461831760592759,0.6912498461455108,0.6130580887198449,2.2359877576678993,0.6158049240708351,847.2215064296915,847.2215064296915,greedy,0.6158049240708351,0.0,hard_fault_cluster
543,N13911,control1,-0.6567138433456421,1.0053894262760878,2.5138301730155943,-0.6567138433456421,0.23353271186351776,0.8316964691504836,2.356165850162506,0.0023353271186351775,-0.02994045615196228,-0.004812320694327354,-0.004812320694327354,0.4614823206141591,0.01946832984685898,0.11219140887260437,-0.005113951861858368,112509.1484375,45368.4375,67140.7109375,111626.390625,45093.26953125,66533.125,0.007846098393201828,0.006065185181796551,0.009049441665410995,0.7846098393201828,2.1755533758550882,0.9261875737458468,2.0040130824781954,0.92333171851933,0.8954974235966802,2.419573325337842,1.0053894262760878,848.2268958559677,848.2268958559677,greedy,1.0053894262760878,0.0,hard_fault_cluster
544,N3810,observe,-0.8266299962997437,0.5314725428819657,0.7834684431552887,-0.8266299962997437,0.2301473468542099,0.45689590573310856,0.7922474503517151,0.002301473468542099,-0.02900826930999756,-0.006344152614474297,-0.006344152614474297,0.05905014440417289,0.017560217529535294,0.11330990493297577,-0.0070306360721588135,111623.921875,45091.05078125,66532.8671875,112693.65625,45625.40625,67068.25,-0.00958337914198637,-0.011850588023662567,-0.0080468924716115,-0.958337914198637,1.979824947193265,0.6336352432519198,1.8119725515134633,0.633646454885602,0.4067237213253975,0.5903747954964638,0.5314725428819657,848.7583683988496,848.7583683988496,greedy,0.5314725428819657,0.0,hard_fault_cluster
545,N16645,control1,-1.0518043041229248,0.45854281485080717,2.1757691144943236,-1.0518043041229248,0.20117445290088654,0.31147389858961105,2.047178679704666,0.0020117445290088656,-0.03675881028175354,-0.0013630595058202744,-0.0013630595058202744,0.3788490127027035,0.01412193477153778,0.09618711471557617,-0.0066444724798202515,112695.9921875,45627.8125,67068.1796875,111688.453125,45185.34765625,66503.1015625,0.008940326981246471,0.009697262197732925,0.008425428532063961,0.8940326981246471,1.6120048705488443,0.609024246931076,1.4621463255025446,0.6123597347736359,0.3642045229673386,2.0406194891035554,0.45854281485080717,849.2169112137004,849.2169112137004,greedy,0.45854281485080717,0.0,hard_fault_cluster
546,N1990,control1,-0.5857275128364563,1.1081820607185364,2.6270894408226013,-0.5857275128364563,0.23308558762073517,0.8026860177516938,2.3537123560905453,0.0023308558762073516,-0.037048667669296265,0.0029196087270975113,0.0029196087270975113,0.48052097916603087,0.020588073879480362,0.11086173355579376,-0.004030101001262665,111687.3828125,45180.8203125,66506.5625,110826.625,44854.1796875,65972.4453125,0.007706849370151758,0.007229630369693041,0.008031045086681843,0.7706849370151758,2.294812584295869,0.934701817035675,2.1178086870349944,0.9320857512950897,0.8564736485481262,2.357490336000919,1.1081820607185364,850.3250932744189,850.3250932744189,greedy,1.1081820607185364,0.0,hard_fault_cluster
547,N13930,control1,-0.5546432733535767,1.1650803588330745,2.642369997501373,-0.5546432733535767,0.24029089510440826,0.8974025450646878,2.398506897687912,0.0024029089510440825,-0.03512758016586304,0.005876721814274788,0.005876721814274788,0.503243705034256,0.0202542282640934,0.10896731913089752,-0.002777405083179474,110825.96875,44857.99609375,65967.96875,110454.8203125,44744.5390625,65710.28125,0.003348930273205042,0.0025292488280683756,0.003906251862645149,0.3348930273205042,2.271590443328023,0.981239949464798,2.0869647306390107,0.976870470046997,0.9599911227822304,2.43673819757998,1.1650803588330745,851.490173633252,851.490173633252,greedy,1.1650803588330745,0.0,hard_fault_cluster
548,N9610,observe,-0.8082317113876343,0.5339201241731644,0.6983078241348266,-0.8082317113876343,0.23104076087474823,0.46367322653532034,0.8386996150016783,0.002310407608747482,-0.03501349687576294,0.0017519239336252213,0.0017519239336252213,0.066058152243495,0.017377808690071106,0.10974380373954773,-0.006251722574234009,110453.625,44744.4765625,65709.1484375,111746.6796875,45319.2265625,66427.453125,-0.011706765741109848,-0.012845160439610481,-0.01093157846480608,-1.1706765741109848,1.970573553815484,0.6394085996225476,1.795979040209204,0.6394085996225476,0.4231949999928475,0.5594427028298378,0.5339201241731644,852.0240937574251,852.0240937574251,greedy,0.5339201241731644,0.0,hard_fault_cluster
549,N13788,control1,-0.4998560845851898,1.3749349296092988,2.8377275228500363,-0.4998560845851898,0.24254359304904938,0.9179464310407638,2.4182159185409544,0.0024254359304904938,-0.03364455699920654,0.004075871780514717,0.004075871780514717,0.5253018516302108,0.022158298641443253,0.11572441458702087,-0.003529652953147888,111757.0078125,45321.0390625,66435.96875,110960.8515625,44999.8125,65961.0390625,0.007123994175344706,0.0070878020487725735,0.007148683071136475,0.7123994175344706,2.4624493289738894,1.076209756731987,2.2774847303517163,1.0720998615026474,0.9930640965700149,2.42925904110074,1.3749349296092988,853.3990286870344,853.3990286870344,greedy,1.3749349296092988,0.0,hard_fault_cluster
550,N16417,control1,-0.8312244415283203,0.6086860075592995,2.2716567397117613,-0.8312244415283203,0.2123057097196579,0.4140393905341625,2.0893791824579235,0.002123057097196579,-0.03986886143684387,0.007745156064629555,0.007745156064629555,0.44688326492905617,0.01599862053990364,0.09986479580402374,-0.004730403423309326,110950.09375,44997.96875,65952.125,110460.6015625,44770.1640625,65690.4375,0.004411823116242886,0.0050625549629330635,0.003967840224504471,0.44118231162428856,1.8199129197746515,0.6826140600442886,1.654874770436436,0.6842046099901199,0.4851723983883858,2.122035692632198,0.6086860075592995,854.0077146945937,854.0077146945937,greedy,0.6086860075592995,0.0,hard_fault_cluster
551,N2023,control1,-0.4673093259334564,1.2516282424330711,2.6679276943206784,-0.4673093259334564,0.23396186530590057,0.8754671037197113,1.777813309431076,0.0023396186530590057,-0.038908302783966064,0.007782364264130592,0.007782364264130592,0.5339309421181678,0.022228293120861053,0.11207275092601776,-0.0023797526955604553,110458.625,44765.046875,65693.578125,109648.921875,44453.640625,65195.27734375,0.007330374792218208,0.006956459954380989,0.00758522842079401,0.7330374792218208,2.4645735416561365,1.0200108450651169,2.283265369478613,1.0175455194711684,0.9680939018726349,2.0947106233239174,1.2516282424330711,855.2593429370268,855.2593429370268,greedy,1.2516282424330711,0.0,hard_fault_cluster
552,N3363,observe,-0.7962409257888794,0.5579184770584106,0.47263786010444164,-0.7962409257888794,0.22375039756298065,0.5000165864825249,0.6759994983673095,0.0022375039756298066,-0.035828977823257446,0.004004264250397682,0.004004264250397682,0.1001496129669249,0.017822522670030594,0.11002284288406372,-0.006322652101516724,109648.203125,44457.78515625,65190.4140625,111066.3125,45063.5390625,66002.7734375,-0.01293326634913683,-0.013625373132526875,-0.01246133167296648,-1.293326634913683,2.0100069288164377,0.6666997508984059,1.839190932456404,0.6666809217911214,0.48289549201726917,0.4560311082750559,0.5579184770584106,855.8172614140851,855.8172614140851,greedy,0.5579184770584106,0.0,hard_fault_cluster
553,N15370,observe,-0.7858452796936035,0.9344681762158871,2.476278162002563,-0.7858452796936035,0.22051124274730682,0.7083294980227948,0.48301546163856984,0.002205112427473068,-0.04060107469558716,0.0083580631762743,0.0083580631762743,0.5870289796590805,0.018690913915634155,0.10366000235080719,-0.004003368318080902,111066.8515625,45063.8203125,66003.03125,109909.015625,44661.98046875,65247.03125,0.010424676351249218,0.0089171277359128,0.011454019695520401,1.0424676351249218,2.0979606974869967,0.8835067558288574,1.9263087180443108,0.8806196796894074,0.7449164673686027,1.8535345256235451,0.9344681762158871,856.751729590301,856.751729590301,greedy,0.9344681762158871,0.0,hard_fault_cluster
554,N19320,observe,-0.6978222131729126,0.9264642298221588,2.5494539856910703,-0.6978222131729126,0.2236872762441635,0.6370418533682822,1.2225900053977967,0.002236872762441635,-0.036232709884643555,0.003374127671122551,0.003374127671122551,0.2170733481645584,0.021077383309602737,0.1053728312253952,-0.004281044006347656,109908.40625,44661.7734375,65246.6328125,109649.1875,44498.03515625,65151.15234375,0.002358498051762581,0.0036661841440945864,0.0014633777318522334,0.2358498051762581,2.33479973487556,0.8729995532333851,2.1645036819390953,0.8744866235554218,0.6904574736952782,2.105683127269149,0.9264642298221588,857.6781938201232,857.6781938201232,greedy,0.9264642298221588,0.0,hard_fault_cluster
555,N7448,observe,-0.7568617463111877,0.8097663700580597,2.4382442474365233,-0.7568617463111877,0.22227992117404938,0.6029273718595505,0.8196888446807862,0.0022227992117404938,-0.03442981839179993,0.007644684985280037,0.007644684985280037,0.4433652812242508,0.020530812442302704,0.11109986901283264,-0.004892528057098389,109649.546875,44498.328125,65151.21484375,110195.6484375,44673.7109375,65521.9375,-0.004980427213013172,-0.003941334784030914,-0.005690188147127628,-0.4980427213013172,2.2830058503896,0.8154058158397675,2.1105623957701027,0.814964485168457,0.5579009771347045,1.8609122690558433,0.8097663700580597,858.4879601901812,858.4879601901812,greedy,0.8097663700580597,0.0,hard_fault_cluster
556,N12243,observe,-0.7802745699882507,0.7920240066945553,2.4634460508823395,-0.7802745699882507,0.22431279718875885,0.5448399476706982,1.2531059741973878,0.0022431279718875883,-0.032568782567977905,0.008285628631711006,0.008285628631711006,0.34220534741878506,0.020825792104005814,0.11655694246292114,-0.005030922591686249,110195.484375,44673.59375,65521.88671875,110611.9453125,44797.84375,65814.1015625,-0.0037792923394590616,-0.002781284973025322,-0.004459804855287075,-0.37792923394590616,2.315177636221051,0.7942284047603607,2.140728816855699,0.7943171858787537,0.48290200680494305,1.988141630217433,0.7920240066945553,859.2799841968757,859.2799841968757,greedy,0.7920240066945553,0.0,hard_fault_cluster
557,N7301,observe,-0.8121205568313599,0.719271332025528,2.4393920123577115,-0.8121205568313599,0.22511236369609833,0.49295863658189776,1.6682393074035642,0.0022511236369609834,-0.030569642782211304,0.005267539992928505,0.005267539992928505,0.17615801692008973,0.02142416685819626,0.12018659710884094,-0.00532117486000061,110612.2421875,44797.9921875,65814.25,110991.8046875,44913.4140625,66078.390625,-0.003431469202041626,-0.002576496684923768,-0.004013426136225462,-0.3431469202041626,2.3727965895086527,0.7727206714451313,2.2000116617418826,0.7741054959595204,0.4228010952472688,2.114806261956692,0.719271332025528,859.9992555289012,859.9992555289012,greedy,0.719271332025528,0.0,hard_fault_cluster
558,N16818,control1,-1.0318021774291992,0.4234781295061111,2.2024190068244933,-1.0318021774291992,0.1922294944524765,0.23078651279211043,2.0435900211334226,0.001922294944524765,-0.041054993867874146,0.0031480807811021805,0.0031480807811021805,0.16470553398132323,0.015104908496141434,0.10439646244049072,-0.0067053139209747314,110993.09375,44913.84765625,66079.25,110322.78125,44700.578125,65622.203125,0.006039226893335581,0.004748413804918528,0.006916647311300039,0.6039226893335581,1.705868424847722,0.5118100966513156,1.559335243422538,0.5165571774542331,0.2932675525546074,1.9672460763901471,0.4234781295061111,860.4227336584073,860.4227336584073,greedy,0.4234781295061111,0.0,hard_fault_cluster
559,N15368,observe,-1.0276392698287964,0.3431228980422021,0.2671691119670867,-1.0276392698287964,0.21184991300106049,0.17888204455375672,0.4727350753266364,0.002118499130010605,-0.03580152988433838,-0.003277285024523735,-0.003277285024523735,-0.12112902939319614,0.01784408837556839,0.11360184848308563,-0.0066030994057655334,110321.65625,44699.84375,65621.8125,111534.7109375,45249.2421875,66285.46875,-0.010995617136359215,-0.0122908353805542,-0.010113348253071308,-1.0995617136359215,1.9929814655333757,0.45567144840955737,1.8365519945509732,0.4557306179404259,-0.06027092337608342,0.26381000176421365,0.3431228980422021,860.7658565564495,860.7658565564495,greedy,0.3431228980422021,0.0,hard_fault_cluster
560,N12319,observe,-0.9089491963386536,0.7690217792987823,2.4575901508331297,-0.9089491963386536,0.2187652438879013,0.5307979315519333,2.3022801876068115,0.002187652438879013,-0.03282579779624939,-0.0017836373299360275,-0.0017836373299360275,0.2661781084537506,0.020834077149629593,0.11879076063632965,-0.00591326504945755,111533.453125,45249.234375,66284.21875,111522.3359375,45134.4140625,66387.921875,9.967580990632996e-05,0.0025375084951519966,-0.0015645220410078764,0.009967580990632996,2.3003893215209246,0.7704724797606468,2.1376531166024506,0.7698544988036156,0.4716197997331619,2.406552869826555,0.7690217792987823,861.5348783357483,861.5348783357483,greedy,0.7690217792987823,0.0,hard_fault_cluster
561,N18645,observe,-0.9057751893997192,0.6272891581058502,2.445313000679016,-0.9057751893997192,0.2212904542684555,0.34315952062606814,2.3071008086204525,0.002212904542684555,-0.029881656169891357,-0.0023945402354002,-0.0023945402354002,0.08897070273756977,0.021463878452777863,0.1214434951543808,-0.005809687077999115,111522.21875,45134.37109375,66387.8515625,111885.078125,45256.671875,66628.40625,-0.0032536957878619432,-0.0027097039856016636,-0.0036234743893146515,-0.3253695787861943,2.3652837593108416,0.653899853527546,2.20111182378605,0.6535806170105934,0.15780460536479946,2.202572993487119,0.6272891581058502,862.1621674938542,862.1621674938542,greedy,0.6272891581058502,0.0,hard_fault_cluster
562,N25757,observe,-0.9170703887939453,0.5766123414039611,2.4324246048927307,-0.9170703887939453,0.22239510715007782,0.2880293920636177,2.305158632993698,0.002223951071500778,-0.028179675340652466,-0.0034012924879789352,-0.0034012924879789352,0.027967287451028847,0.0221388041973114,0.12421894073486328,-0.005778521299362183,111884.7421875,45256.203125,66628.5390625,112232.734375,45378.390625,66854.34375,-0.003110273741185665,-0.002699906239286065,-0.0033890085760504007,-0.3110273741185665,2.432874234393239,0.6324575322866439,2.268628873396665,0.6329346972703933,0.0733159273862839,2.147655352801084,0.5766123414039611,862.7387798352581,862.7387798352581,greedy,0.5766123414039611,0.0,hard_fault_cluster
563,N12404,observe,-0.9276511669158936,0.5529119819402695,2.420414316654205,-0.9276511669158936,0.2239352911710739,0.2769297659397125,2.1679997026920317,0.002239352911710739,-0.02674543857574463,-0.005301149562001228,-0.005301149562001228,-0.02769883751869203,0.02253495156764984,0.12635783851146698,-0.0058280304074287415,112232.890625,45378.75,66854.140625,112540.46875,45485.3125,67055.15625,-0.002740534720942378,-0.0023482907563447952,-0.0030067788902670145,-0.2740534720942378,2.472129298374057,0.6261042714118958,2.3081536921672523,0.6268478333950043,0.06788454204797742,2.08771928049624,0.5529119819402695,863.2916918171984,863.2916918171984,greedy,0.5529119819402695,0.0,hard_fault_cluster
564,N12208,observe,-0.6947078108787537,0.8036046400666238,2.6656123518943784,-0.6947078108787537,0.22477610409259796,0.2880540177226067,1.8700412511825562,0.0022477610409259796,0.009527921676635742,-0.01299101673066616,-0.01299101673066616,-0.21252241134643554,0.023053579032421112,0.12980210781097412,-0.009376168251037598,112539.8828125,45484.5859375,67055.296875,113359.3515625,45714.7421875,67644.609375,-0.00728158513084054,-0.005060093477368355,-0.00878845527768135,-0.728158513084054,2.517142990604043,0.6566635718941689,2.358304175082594,0.6598275056481362,0.20715476870536806,2.058189493119716,0.8036046400666238,864.095296457265,864.095296457265,greedy,0.8036046400666238,0.0,hard_fault_cluster
565,N13961,observe,-0.6633029580116272,1.070254808664322,2.6317413330078123,-0.6633029580116272,0.22847731411457062,0.8296253740787506,2.3837868094444272,0.002284773141145706,-0.02167794108390808,-0.019192835316061974,-0.019192835316061974,-0.12434240221977239,0.024275217205286026,0.13472691178321838,-0.006692290306091309,113360.3828125,45715.0390625,67645.34375,113092.578125,45825.1640625,67267.4140625,0.0023624186869710684,-0.002408944768831134,0.0055869282223284245,0.23624186869710684,2.6368061993271112,1.120995370745659,2.4798428402282298,1.1284170430898668,1.0931144803762436,2.810524412244558,1.070254808664322,865.1655512659294,865.1655512659294,greedy,1.070254808664322,0.0,hard_fault_cluster
566,N3437,observe,-0.9623878598213196,0.5816351652145386,0.6186958312988281,-0.9623878598213196,0.21936796605587006,0.5329936310648918,0.500754914432764,0.0021936796605587006,-0.020500510931015015,-0.01899050734937191,-0.01899050734937191,0.140279743000865,0.020321864634752274,0.12771257758140564,-0.008631959557533264,113091.71875,45824.90234375,67266.8203125,114487.0,46574.86328125,67912.140625,-0.012337607331573963,-0.016365794464945793,-0.009593441151082516,-1.2337607331573963,2.2325639221817255,0.6908345552161336,2.082280828151852,0.6908508630469441,0.5324566915631295,0.7588165928982198,0.5816351652145386,865.7471864311439,865.7471864311439,greedy,0.5816351652145386,0.0,hard_fault_cluster
567,N10955,observe,-0.8947498798370361,0.9791701637208462,2.5103338479995725,-0.8947498798370361,0.2256707102060318,0.7826392091810703,2.3338918924331664,0.002256707102060318,-0.018001437187194824,-0.017088638618588448,-0.017088638618588448,0.4340240529179573,0.022440608590841293,0.12951582670211792,-0.007474161684513092,114487.1484375,46575.5078125,67911.640625,114200.0625,46387.0546875,67813.0078125,0.0025075823068618774,0.004046184942126274,0.001452369731850922,0.25075823068618774,2.4526429306715727,0.9586866629123688,2.29620637698099,0.9566398692131043,0.8459795966744423,2.6498867378383872,0.9791701637208462,866.7263565948647,866.7263565948647,greedy,0.9791701637208462,0.0,hard_fault_cluster
568,N8083,observe,-1.0883965492248535,0.5758694693446159,0.4721435248851776,-1.0883965492248535,0.2211749404668808,0.5244116768240928,0.47214356660842893,0.002211749404668808,-0.01763749122619629,-0.020222162827849388,-0.020222162827849388,0.13444800853729247,0.019666291773319244,0.12625151872634888,-0.008870571851730347,114200.125,46386.85546875,67813.265625,115408.484375,47021.12890625,68387.359375,-0.010581068694591522,-0.01367355976253748,-0.008465803228318691,-1.0581068694591522,2.167581954970956,0.685565310716629,2.0168673717416823,0.6856817185878753,0.5183752343058586,0.427662244848907,0.5758694693446159,867.3022260642093,867.3022260642093,greedy,0.5758694693446159,0.0,hard_fault_cluster
569,N27284,observe,-0.9390563368797302,1.003615453094244,2.521157109737396,-0.9390563368797302,0.22808726131916046,0.802872983366251,2.337112009525299,0.0022808726131916045,-0.017751067876815796,-0.017937565222382545,-0.017937565222382545,0.4625262853503227,0.022256404161453247,0.12898209691047668,-0.007142096757888794,115406.3046875,47016.7578125,68389.546875,114920.34375,46729.734375,68190.609375,0.0042108697816729546,0.006104704923927784,0.0029088875744491816,0.42108697816729546,2.4357901122421026,0.9658796545863152,2.278177840169519,0.963213377892971,0.8712148860096932,2.6662896759063,1.003615453094244,868.3058415173035,868.3058415173035,greedy,1.003615453094244,0.0,hard_fault_cluster
570,N3371,observe,-1.1263549327850342,0.5818970441818238,0.4721435248851776,-1.1263549327850342,0.22350724041461945,0.5335197597742081,0.4721360206573081,0.0022350724041461946,-0.017191708087921143,-0.022192006930708885,-0.022192006930708885,0.14458337388932702,0.01960444450378418,0.12551702558994293,-0.008742958307266235,114922.2578125,46734.0,68188.2578125,116010.1171875,47312.28125,68697.8359375,-0.009466045536100864,-0.012373887002468109,-0.007473106496036053,-0.9466045536100864,2.1617596838623285,0.6923144130781294,2.0107732587493956,0.6923403768613935,0.5337788790464401,0.43696322110665725,0.5818970441818238,868.8877385614853,868.8877385614853,greedy,0.5818970441818238,0.0,hard_fault_cluster
571,N19317,observe,-0.8917917013168335,1.1062853977084162,2.5906953334808347,-0.8917917013168335,0.23297719657421112,0.8783344149589538,1.5658230006694793,0.0023297719657421113,-0.017859935760498047,-0.024380655959248543,-0.024380655959248543,0.37441410839557643,0.02390594407916069,0.12404033541679382,-0.006347671151161194,116010.1171875,47312.4296875,68697.6875,115126.5390625,46906.453125,68220.0859375,0.007616388611495495,0.008580759167671204,0.006952221971005201,0.7616388611495495,2.5991909485310316,1.0579325924813747,2.4427435430698097,1.0566752265393735,1.0159675359725953,2.435176975131035,1.1062853977084162,869.9940239591938,869.9940239591938,greedy,1.1062853977084162,0.0,hard_fault_cluster
572,N12657,observe,-0.7112569212913513,1.1060113348066807,2.678692841529846,-0.7112569212913513,0.24072743952274323,0.8029377471655608,2.010065758228302,0.0024072743952274324,0.00023791193962097168,-0.03623310476541519,-0.03623310476541519,-0.1354707109183073,0.024548716843128204,0.13665880262851715,-0.008284926414489746,115126.875,46906.78515625,68220.0859375,115015.984375,46658.109375,68357.875,0.0009632036671973765,0.005301488563418388,-0.0020197725389152765,0.09632036671973765,2.6593660190701485,0.9810669161379338,2.5059952680021524,0.9841592349112035,1.022187216952443,2.5812279120273884,1.1060113348066807,871.1000352940005,871.1000352940005,greedy,1.1060113348066807,0.0,hard_fault_cluster
573,N1989,control1,-0.6636713147163391,1.247846257686615,2.6621516585350036,-0.6636713147163391,0.2449694722890854,1.0128406643867494,2.418475478887558,0.002449694722890854,-0.010818004608154297,-0.02346521057188511,-0.02346521057188511,0.48873129844665525,0.023447398096323013,0.13276773691177368,-0.008167438209056854,115014.28125,46652.78515625,68361.5,114749.0859375,46653.7421875,68095.34375,0.0023057598154991865,-2.0513914932962507e-05,0.0038933646865189075,0.23057598154991865,2.5662440713495016,1.1405818164348602,2.4001158750616014,1.1363817989826202,1.1551497176289558,2.850847316458821,1.247846257686615,872.3478815516871,872.3478815516871,greedy,1.247846257686615,0.0,hard_fault_cluster
574,N7464,observe,-0.7849755883216858,0.9615719065070152,2.4137370467185972,-0.7849755883216858,0.24088577926158905,0.841412953287363,1.448569768667221,0.0024088577926158904,-0.012906104326248169,-0.018930865451693535,-0.018930865451693535,0.4095710192620754,0.021667644381523132,0.13095693290233612,-0.00808485597372055,114751.046875,46659.23046875,68091.8125,114975.2109375,46763.6640625,68211.546875,-0.0019534816965460777,-0.0022382193710654974,-0.00175842538010329,-0.19534816965460777,2.3887193519622087,1.0253888085484506,2.222253166604787,1.0229768052697183,0.9375468589365483,2.3183012548461557,0.9615719065070152,873.3094534581942,873.3094534581942,greedy,0.9615719065070152,0.0,hard_fault_cluster
575,N12291,observe,-0.8306474685668945,0.9204454466700553,2.356670010089874,-0.8306474685668945,0.24124066531658173,0.803006149828434,1.3123864769935607,0.002412406653165817,-0.014955759048461914,-0.019000044092535973,-0.019000044092535973,0.3571981161832809,0.021624308079481125,0.13102734088897705,-0.007862195372581482,114974.984375,46763.515625,68211.46875,114915.8984375,46688.8359375,68227.0625,0.0005139025743119419,0.0015969647793099284,-0.00022860891476739198,0.051390257431194186,2.3846714291721582,0.9953939056396484,2.217990963254124,0.9939393436908721,0.899153545498848,2.2220733465254305,0.9204454466700553,874.2298989048643,874.2298989048643,greedy,0.9204454466700553,0.0,hard_fault_cluster
576,N7381,observe,-0.8607297539710999,0.877582423388958,2.252444541454315,-0.8607297539710999,0.24196021258831024,0.774488028138876,1.2523405849933624,0.0024196021258831024,-0.01668781042098999,-0.0187400933355093,-0.0187400933355093,0.30859771862626073,0.021590813994407654,0.13128872215747833,-0.007769636809825897,114916.1953125,46688.9765625,68227.21875,114866.421875,46615.96484375,68250.453125,0.00043312812340445817,0.0015637892065569758,-0.00034054406569339335,0.043312812340445817,2.3823015186935663,0.9693966001272201,2.2148864292539656,0.9687458962202071,0.8698999039828778,2.147579443566501,0.877582423388958,875.1074813282532,875.1074813282532,greedy,0.877582423388958,0.0,hard_fault_cluster
577,N12220,observe,-0.8826631307601929,0.8485420480370521,2.243002933263779,-0.8826631307601929,0.24264849722385406,0.7548676066100597,1.205696928501129,0.0024264849722385406,-0.018140584230422974,-0.018334979191422462,-0.018334979191422462,0.27004994720220565,0.021527711302042007,0.1314888298511505,-0.007751651108264923,114866.234375,46615.97265625,68250.265625,114855.75,46559.46875,68296.28125,9.127464727498591e-05,0.0012121147010475397,-0.0006742189871147275,0.009127464727498591,2.3770846482366323,0.9527643682807684,2.2088495097123086,0.9527078273147345,0.8529054187238216,2.1232752522453664,0.8485420480370521,875.9560233762903,875.9560233762903,greedy,0.8485420480370521,0.0,hard_fault_cluster
578,N18675,observe,-0.8982564806938171,0.8298917084932328,2.212295877933502,-0.8982564806938171,0.24332474172115326,0.7459980510175228,1.1575859963893889,0.0024332474172115326,-0.019459277391433716,-0.01790752075612545,-0.01790752075612545,0.2395437910407781,0.02149162068963051,0.1317058503627777,-0.007747463881969452,114855.6328125,46559.4609375,68296.171875,114897.9140625,46523.765625,68374.1484375,-0.00036812518374063075,0.0007666607853025198,-0.0011417412897571921,-0.036812518374063075,2.3745792899280787,0.9453479028865696,2.205516374204308,0.9457601584121585,0.8510299183428288,2.0957179114595057,0.8298917084932328,876.7859150847836,876.7859150847836,greedy,0.8298917084932328,0.0,hard_fault_cluster
579,N12451,observe,-0.909562349319458,0.8092440664768219,2.233845669031143,-0.909562349319458,0.2439921349287033,0.7315885610878468,1.1217140793800353,0.002439921349287033,-0.020630836486816406,-0.017506053671240807,-0.017506053671240807,0.21427929058670997,0.021496325731277466,0.13193470239639282,-0.007740609347820282,114897.765625,46523.64453125,68374.125,114982.984375,46508.04296875,68474.9375,-0.0007416919688694179,0.00033534696558490396,-0.0014744247309863567,-0.07416919688694179,2.376118654385209,0.9365859743952751,2.206254093442112,0.9372138258814812,0.8378217361867428,2.0888841142877936,0.8092440664768219,877.5951591512604,877.5951591512604,greedy,0.8092440664768219,0.0,hard_fault_cluster
580,N13976,observe,-0.6667696833610535,1.1459796771407127,2.624050152301788,-0.6667696833610535,0.24166573584079742,0.8322843044996262,0.6829155504703521,0.0024166573584079743,-0.028007864952087402,-0.016011027619242668,-0.016011027619242668,0.31892489366233345,0.02306082844734192,0.133268803358078,-0.0061092376708984375,114982.65625,46507.09375,68475.5625,114273.546875,46319.65625,67953.890625,0.006167098414152861,0.004030299372971058,0.0076183658093214035,0.6167098414152861,2.5317375529557467,1.0996836229041218,2.3624965217895806,1.101937644071877,1.1259344041347505,2.179482479542494,1.1459796771407127,878.7411388284012,878.7411388284012,greedy,1.1459796771407127,0.0,hard_fault_cluster
581,N12717,observe,-0.6634180545806885,0.8998847560957075,2.539012324810028,-0.6634180545806885,0.24383781850337982,0.7239397550933063,2.372340703010559,0.0024383781850337983,-0.004483997821807861,-0.035488687455654144,-0.035488687455654144,-0.412589468639344,0.025481823831796646,0.14076827466487885,-0.007021896541118622,114274.046875,46320.71875,67953.328125,114589.796875,46346.828125,68242.96875,-0.002763094613328576,-0.0005636651767417789,-0.004262346308678389,-0.2763094613328576,2.7565315142273903,0.9924258213117718,2.600269665941596,0.9994333605840802,0.9593852532096208,2.723600414586253,0.8998847560957075,879.6410235844969,879.6410235844969,greedy,0.8998847560957075,0.0,hard_fault_cluster
582,N3355,observe,-0.9779577255249023,0.6158478155732154,0.6761820554733275,-0.9779577255249023,0.23402749001979828,0.5835225120186807,0.4721435248851776,0.002340274900197983,-0.01269000768661499,-0.028172073885798454,-0.028172073885798454,0.17491169355809688,0.019522100687026978,0.13125203549861908,-0.011226706206798553,114589.390625,46346.40625,68242.984375,115890.609375,47066.54296875,68824.0625,-0.011355490423738956,-0.01553813461214304,-0.00851484015583992,-1.1355490423738956,2.1580654848366976,0.726436245329678,2.0036739227361977,0.7264025031402707,0.617444458603859,0.6044831764698029,0.6158478155732154,880.2568714000702,880.2568714000702,greedy,0.6158478155732154,0.0,hard_fault_cluster
583,N19321,observe,-0.8067391514778137,1.057805171608925,2.4588350772857663,-0.8067391514778137,0.24080894887447357,0.8775699719786644,1.5375318646430969,0.0024080894887447356,-0.0161057710647583,-0.025257853791117668,-0.025257853791117668,0.36347195953130723,0.02240823209285736,0.1290186047554016,-0.00852162390947342,115890.359375,47066.54296875,68823.8125,115291.421875,46815.109375,68476.3125,0.00516813900321722,0.005342087708413601,0.005049124360084534,0.516813900321722,2.456374304369092,1.0886651572585107,2.294710983056575,1.0882619139552117,1.020759266614914,2.343495488464832,1.057805171608925,881.3146765716791,881.3146765716791,greedy,1.057805171608925,0.0,hard_fault_cluster
584,N7496,observe,-0.8577346205711365,0.8987468525767326,1.6765676736831665,-0.8577346205711365,0.24019686877727509,0.7857976250350476,0.9451106429100036,0.002401968687772751,-0.017833083868026733,-0.018585694953799248,-0.018585694953799248,0.45334188416600224,0.021312039345502853,0.1294945776462555,-0.008065149188041687,115292.0078125,46815.4921875,68476.515625,115384.03125,46852.6953125,68531.3359375,-0.0007981770904734731,-0.0007946754922159016,-0.0008005709969438612,-0.07981770904734731,2.352815108373761,0.9509355974197388,2.1866067280061543,0.9488460493087768,0.8608217127621173,1.6348023338988424,0.8987468525767326,882.2134234242559,882.2134234242559,greedy,0.8987468525767326,0.0,hard_fault_cluster
585,N12659,observe,-0.6857151985168457,1.066914728283882,2.630169451236725,-0.6857151985168457,0.25005316734313965,0.8382614903151989,2.0299618542194366,0.0025005316734313964,-0.0005507469177246094,-0.035162560641765594,-0.035162560641765594,-0.18580553725361826,0.0241706520318985,0.14057771861553192,-0.008578263223171234,115384.0,46852.796875,68531.203125,115216.546875,46613.875,68602.671875,0.0014512682100757957,0.005099415313452482,-0.0010428644018247724,0.14512682100757957,2.631955809891224,1.0647376695275306,2.4707878548651934,1.0691960909962652,1.078263518959284,2.604192486740649,1.066914728283882,883.2803381525398,883.2803381525398,greedy,1.066914728283882,0.0,hard_fault_cluster
586,N12211,observe,-0.8229038715362549,0.9352920353412628,2.4275564193725585,-0.8229038715362549,0.24663220345973969,0.8564729124307633,2.340939575433731,0.002466322034597397,-0.011456519365310669,-0.023371776565909386,-0.023371776565909386,0.4249119633436203,0.021953102201223373,0.13669955730438232,-0.009735062718391418,115216.3203125,46613.625,68602.6953125,115361.734375,46750.765625,68610.96875,-0.0012620959896594286,-0.0029420717619359493,-0.0001205993103212677,-0.12620959896594286,2.4185706470161676,1.049837795495987,2.251125326845795,1.0478931939601899,0.9758158832788467,2.73428032413125,0.9352920353412628,884.2156301878811,884.2156301878811,greedy,0.9352920353412628,0.0,hard_fault_cluster
587,N7397,observe,-0.8670454025268555,0.8894839510321617,2.408510798215866,-0.8670454025268555,0.2465585321187973,0.8109914511442184,1.7642660021781922,0.002465585321187973,-0.014739185571670532,-0.01948097161948681,-0.01948097161948681,0.38175862044095993,0.02106407657265663,0.135261669754982,-0.009213872253894806,115362.0078125,46750.8984375,68611.109375,115385.625,46759.83203125,68625.796875,-0.00020472239702939987,-0.00019108924607280642,-0.0002140688302461058,-0.020472239702939987,2.3334852177649736,1.0121030354499816,2.1631770473904908,1.0110549354553222,0.9119287550449371,2.462864959537983,0.8894839510321617,885.1051141389132,885.1051141389132,greedy,0.8894839510321617,0.0,hard_fault_cluster
588,N12239,observe,-0.8915435671806335,0.8585711911320687,2.3935383677482602,-0.8915435671806335,0.2472037523984909,0.7851535812020302,1.3996753454208375,0.002472037523984909,-0.01710912585258484,-0.01851843111217022,-0.01851843111217022,0.32564397096633907,0.020932119339704514,0.13434426486492157,-0.008944980800151825,115385.4375,46759.84375,68625.59375,115412.46875,46743.421875,68669.046875,-0.0002342691586818546,0.00035119609674438834,-0.0006331912591122091,-0.02342691586818546,2.321897255256772,0.9847178584337235,2.1503832642920315,0.9843737846612931,0.8920030325651169,2.3048981802165507,0.8585711911320687,885.9636853300453,885.9636853300453,greedy,0.8585711911320687,0.0,hard_fault_cluster
589,N14041,observe,-1.0179517269134521,0.6218353420495987,0.6789963960647583,-1.0179517269134521,0.24412991106510162,0.5986600667238235,0.6831865191459656,0.002441299110651016,-0.018421918153762817,-0.019951408728957176,-0.019951408728957176,0.15148090673726983,0.017935387790203094,0.13164763152599335,-0.009666763246059418,115411.8359375,46742.578125,68669.2578125,116102.203125,47127.83203125,68974.3671875,-0.005981771275401115,-0.008242033421993256,-0.0044431728310883045,-0.5981771275401115,2.017717281356454,0.7240896869724384,1.8495834046043456,0.7240897942607989,0.6353128552436829,0.6166976818209514,0.6218353420495987,886.585520672095,886.585520672095,greedy,0.6218353420495987,0.0,hard_fault_cluster
590,N14042,observe,-1.102724313735962,0.6150183990597725,0.6786374986171723,-1.102724313735962,0.24145545065402985,0.5851017057895661,0.6831445276737212,0.0024145545065402986,-0.01828402280807495,-0.02426734007894993,-0.02426734007894993,0.14398186266771518,0.017185941338539124,0.12808622419834137,-0.010234996676445007,116102.09375,47127.81640625,68974.28125,116781.25,47478.1171875,69303.1328125,-0.005849646870046854,-0.007432993967086077,-0.00476774200797081,-0.5849646870046854,1.9357822444289923,0.7189938283507945,1.7728911614976823,0.7189857280795695,0.6150262609124183,0.6358388346433639,0.6150183990597725,887.2005390711547,887.2005390711547,greedy,0.6150183990597725,0.0,hard_fault_cluster
591,N14037,observe,-1.1562777757644653,0.6001504242420197,0.6776273369789123,-1.1562777757644653,0.23943431675434113,0.5627876237034798,1.1299878895282744,0.002394343167543411,-0.018087267875671387,-0.026626070961356163,-0.026626070961356163,0.1325792528549209,0.016883309930562973,0.12571336328983307,-0.010695144534111023,116781.3359375,47478.1875,69303.1484375,117487.90625,47836.55078125,69651.3515625,-0.006050370167940855,-0.007547956425696611,-0.005024347919970751,-0.6050370167940855,1.9011392388492823,0.7070863191853277,1.7415330545045435,0.7070886258850806,0.5807542219758033,0.8559489295631646,0.6001504242420197,887.8006894953967,887.8006894953967,greedy,0.6001504242420197,0.0,hard_fault_cluster
592,N8121,observe,-1.2002270221710205,0.5788983091711998,0.7192367494106293,-1.2002270221710205,0.2375703901052475,0.5296383395791054,0.778080666065216,0.002375703901052475,-0.01849365234375,-0.027998274192214012,-0.027998274192214012,0.11447466909885404,0.016636934131383896,0.12462587654590607,-0.011576540768146515,117486.734375,47835.66796875,69651.0625,118204.2578125,48184.125,70020.1328125,-0.0061072721146047115,-0.007284460589289665,-0.0052988468669354916,-0.6107272114604712,1.873265529051423,0.6870976203680038,1.716086442116648,0.6870773428678512,0.5323414340615272,0.7614214513450861,0.5788983091711998,888.3795878045679,888.3795878045679,greedy,0.5788983091711998,0.0,hard_fault_cluster
593,N18695,observe,-0.8045387864112854,0.822537112236023,0.7877672493457794,-0.8045387864112854,0.2522309422492981,0.7771816104650497,0.733081179857254,0.002522309422492981,-0.011483222246170044,-0.03600114583969116,-0.03600114583969116,0.10778269588947292,0.021958347409963608,0.13463541865348816,-0.01027759164571762,118205.640625,48185.7421875,70019.8984375,117591.8125,47735.17578125,69856.640625,0.005192883312702179,0.009350616484880447,0.0023315916769206524,0.5192883312702179,2.4120645374059677,0.8584911853075028,2.2498921900987625,0.8601359158754349,0.951761482656002,0.8298840772733092,0.822537112236023,889.2021249168039,889.2021249168039,greedy,0.822537112236023,0.0,hard_fault_cluster
594,N19324,observe,-0.8063452243804932,1.1916825592517852,1.9777827262878416,-0.8063452243804932,0.2528252601623535,1.0066818490624427,0.9053380191326141,0.002528252601623535,-0.018561333417892456,-0.02803093008697033,-0.02803093008697033,0.3605314506590365,0.021950677037239075,0.1294322907924652,-0.00950121134519577,117591.5859375,47734.984375,69856.6015625,117068.2265625,47525.7109375,69542.515625,0.004450653214007616,0.004384068306535482,0.004496152512729168,0.4450653214007616,2.4198620337992907,1.2796693880110979,2.2512662862427533,1.2776200730353595,1.2357875257730484,1.5756177482008935,1.1916825592517852,890.3938074760557,890.3938074760557,greedy,1.1916825592517852,0.0,hard_fault_cluster
595,N12751,observe,-0.6262370347976685,1.2923821032047271,2.0086548209190367,-0.6262370347976685,0.26242488622665405,1.0764634937047957,1.1847457766532896,0.0026242488622665403,-0.006530016660690308,-0.03150392323732376,-0.03150392323732376,0.219510049521923,0.024300646036863327,0.14179542660713196,-0.008533358573913574,117068.8359375,47526.0703125,69542.765625,116810.078125,47347.17578125,69462.8984375,0.0022103048395365477,0.003764134831726551,0.0011484614806249738,0.22103048395365477,2.660985566675663,1.276273649185896,2.4877948444336653,1.2744645528495313,1.278970092535019,1.6475520786643028,1.2923821032047271,891.6861895792605,891.6861895792605,greedy,1.2923821032047271,0.0,hard_fault_cluster
596,N18354,observe,-0.8009833097457886,1.0536400936543941,1.0657648742198944,-0.8009833097457886,0.2583281397819519,0.9843367792665959,0.8215596914291381,0.002583281397819519,-0.014501988887786865,-0.02201690338551998,-0.02201690338551998,0.5062279507517814,0.02207140251994133,0.13743463158607483,-0.009512767195701599,116809.7734375,47347.03125,69462.7421875,116716.6640625,47325.9609375,69390.703125,0.0007971026352606714,0.00044501866796053946,0.0010370892705395818,0.07971026352606714,2.443451488390565,1.2764952608942985,2.266218061093241,1.2688963481783866,1.0857351183891297,1.0287080757319929,1.0536400936543941,892.7398296729149,892.7398296729149,greedy,1.0536400936543941,0.0,hard_fault_cluster
597,N7548,observe,-0.8534727096557617,1.0221594743430615,2.4732633233070374,-0.8534727096557617,0.2584226131439209,0.9419807203114033,2.384207421541214,0.002584226131439209,-0.01834169030189514,-0.019936753436923027,-0.019936753436923027,0.5027244755625724,0.02173180878162384,0.13682325184345245,-0.009088248014450073,116716.4296875,47325.7890625,69390.640625,116574.875,47192.640625,69382.234375,0.0012128085363656282,0.0028134435415267944,0.00012114385754102841,0.12128085363656282,2.411666737869382,1.1058490255475046,2.2328023430891335,1.099180034697056,1.0562310606241225,2.7865501894056792,1.0221594743430615,893.761989147258,893.761989147258,greedy,1.0221594743430615,0.0,hard_fault_cluster
598,N14880,control1,-0.6073046922683716,1.08286504894495,2.4929453074932098,-0.6073046922683716,0.2714266777038574,1.0365764617919921,2.4353036344051358,0.002714266777038574,-0.020453572273254395,-0.018031788989901543,-0.018031788989901543,0.5600271734595299,0.023830607533454895,0.13763457536697388,-0.007871530950069427,116575.4609375,47193.0,69382.4609375,116101.5625,47054.99609375,69046.5625,0.00406516483053565,0.0029242453165352345,0.004841258749365807,0.406516483053565,2.6364556420594454,1.0172778111696243,2.4464094755239785,1.0135260981321335,1.1354752734303475,2.8380589277297257,1.08286504894495,894.844854196203,894.844854196203,greedy,1.08286504894495,0.0,hard_fault_cluster
599,N12513,observe,-0.5154104828834534,1.0634091302752495,0.9278625786304473,-0.5154104828834534,0.27675312757492065,1.0425781205296516,0.8761191904544829,0.0027675312757492066,-0.011692970991134644,-0.023155970498919487,-0.023155970498919487,0.30654811222638945,0.02729431539773941,0.15022750198841095,-0.005460873246192932,116101.2421875,47054.984375,69046.2578125,115969.2578125,46916.4375,69052.8203125,0.0011368041159585118,0.002944361185654998,-9.504497575107962e-05,0.11368041159585118,2.983028696849942,1.196891019800306,2.7928308290429413,1.1974086861401803,1.1671428471803666,1.0078518187254668,1.0634091302752495,895.9082633264782,895.9082633264782,greedy,1.0634091302752495,0.0,hard_fault_cluster
600,N7528,observe,-0.7405776381492615,0.9620682656764985,0.8395287215709686,-0.7405776381492615,0.2668237090110779,0.917063869535923,0.7944338738918304,0.0026682370901107786,-0.020095258951187134,-0.016595667228102684,-0.016595667228102684,0.4552945825457572,0.023322023451328278,0.14279942214488983,-0.008714325726032257,115969.234375,46916.34375,69052.890625,116233.859375,47008.26171875,69225.59375,-0.0022818550933152437,-0.0019591886084526777,-0.002501026727259159,-0.22818550933152437,2.582430386915803,1.1261068692803384,2.3947593555785716,1.1178489378094674,0.9908097401261329,0.8801056000590324,0.9620682656764985,896.8703315921547,896.8703315921547,greedy,0.9620682656764985,0.0,hard_fault_cluster
601,N12236,observe,-0.8053924441337585,0.9019668474793435,0.8098783493041991,-0.8053924441337585,0.26476168632507324,0.8518264219164848,0.7581089138984679,0.0026476168632507324,-0.023125052452087402,-0.016364077106118202,-0.016364077106118202,0.3866466283798217,0.02276817336678505,0.14112208783626556,-0.008687585592269897,116233.828125,47008.28515625,69225.546875,116355.78125,46996.96484375,69358.8125,-0.0010492050787433982,0.0002408152649877593,-0.0019250931218266487,-0.10492050787433982,2.52521494589746,1.0590915432572363,2.3389167389832437,1.0536505213379859,0.941540065407753,0.8480836869031192,0.9019668474793435,897.772298439634,897.772298439634,greedy,0.9019668474793435,0.0,hard_fault_cluster
602,N18691,observe,-0.5645079612731934,1.3422091543674468,1.5424854755401611,-0.5645079612731934,0.27717429399490356,1.2089637160301208,1.5384649991989137,0.0027717429399490355,-0.018291085958480835,-0.017589805647730827,-0.017589805647730827,0.43309538960456845,0.027562063187360764,0.15493851900100708,-0.005586370825767517,116355.8125,46997.00390625,69358.8046875,116072.1171875,46889.0859375,69183.03125,0.002438170602545142,0.0022962733637541533,0.0025342628359794617,0.24381706025451422,3.015790807083249,1.4790875387191773,2.8211024408228695,1.470704562664032,1.3723216652870178,1.6554948416352273,1.3422091543674468,899.1145075940015,899.1145075940015,greedy,1.3422091543674468,0.0,hard_fault_cluster
603,N19322,observe,-0.6975466012954712,1.0355871722102163,1.0277953386306762,-0.6975466012954712,0.2715054750442505,0.9789617016911507,0.9403137326240539,0.0027150547504425047,-0.02326992154121399,-0.01714404858648777,-0.01714404858648777,0.35587191730737683,0.02500006929039955,0.14245577156543732,-0.007735341787338257,116071.5859375,46888.6796875,69182.90625,116146.34375,46940.8671875,69205.4765625,-0.0006440664292313159,-0.0011130084749311209,-0.0003262411628384143,-0.06440664292313159,2.754368355497718,1.1970771510899068,2.563597285654396,1.1910683591663838,1.1099672585725784,1.097174786105752,1.0355871722102163,900.1500947662116,900.1500947662116,greedy,1.0355871722102163,0.0,hard_fault_cluster
604,N7365,observe,-0.7781001329421997,0.8482434391975403,2.3720060408115384,-0.7781001329421997,0.26665836572647095,0.807024572789669,1.993171578645706,0.0026665836572647094,-0.026982098817825317,-0.013533102348446846,-0.013533102348446846,0.3931685808300972,0.023335758596658707,0.1403355896472931,-0.008119262754917145,116146.890625,46941.19140625,69205.6953125,116323.28125,46969.69140625,69353.59375,-0.0015186857199296355,-0.0006071426905691624,-0.002137084724381566,-0.15186857199296355,2.5867011230438948,0.979496942460537,2.3968571755103767,0.9763488873839379,0.8876781716942788,2.5390742204338315,0.8482434391975403,900.9983382054091,900.9983382054091,greedy,0.8482434391975403,0.0,hard_fault_cluster
605,N7512,observe,-0.8079220652580261,0.8487141951918602,2.3762030243873595,-0.8079220652580261,0.2647295594215393,0.8121910482645035,2.3346065700054166,0.002647295594215393,-0.02824580669403076,-0.013630552217364311,-0.013630552217364311,0.30861711591482166,0.0230727382004261,0.1397136151790619,-0.008166685700416565,116323.203125,46969.703125,69353.5,116330.671875,46918.89453125,69411.7734375,-6.420687714125961e-05,0.0010817311704158783,-0.0008402378880418837,-0.006420687714125961,2.558372827246785,0.9959892827272415,2.370048571843654,0.9943527597188949,0.9289037495851515,2.703787437230348,0.8487141951918602,901.847052400601,901.847052400601,greedy,0.8487141951918602,0.0,hard_fault_cluster
606,N3379,observe,-0.9388388395309448,0.643738330155611,0.47355840164236723,-0.9388388395309448,0.2587587833404541,0.6279167655855417,0.4723734553786926,0.002587587833404541,-0.028178662061691284,-0.015448978170752525,-0.015448978170752525,0.1788480564020574,0.02058969810605049,0.1376153528690338,-0.009169839322566986,116330.25,46918.5078125,69411.7421875,116652.890625,47111.08984375,69541.796875,-0.002773488638922572,-0.004104606807231903,-0.0018736697966232896,-0.2773488638922572,2.3022796157747507,0.753559110770002,2.1197972618974745,0.7534106236789376,0.6965903740376235,0.5121590654566536,0.643738330155611,902.4907907307567,902.4907907307567,greedy,0.643738330155611,0.0,hard_fault_cluster
607,N12209,observe,-0.8647301197052002,0.9481854259967805,2.4367343246936795,-0.8647301197052002,0.2592020034790039,0.8629517689347267,1.8345673263072968,0.002592020034790039,-0.02726912498474121,-0.014858553186058998,-0.014858553186058998,0.38268423974514004,0.02221539244055748,0.13736958801746368,-0.008441336452960968,116652.9453125,47111.140625,69541.8046875,116534.1484375,47004.2265625,69529.921875,0.0010183786507695913,0.0022694007493555546,0.00017087293963413686,0.10183786507695913,2.465882694348693,1.017044979184866,2.282625106628984,1.0149324713647365,1.0223955705761911,2.5601310051232575,0.9481854259967805,903.4389761567535,903.4389761567535,greedy,0.9481854259967805,0.0,hard_fault_cluster
608,N3323,observe,-1.0166393518447876,0.6550301861017942,0.6547993421554565,-1.0166393518447876,0.25427138805389404,0.6367330940440297,0.5857041865587235,0.0025427138805389406,-0.027912020683288574,-0.016995688900351524,-0.016995688900351524,0.20636644560843706,0.01975424215197563,0.13497376441955566,-0.009787358343601227,116534.1484375,47004.03125,69530.1171875,117030.984375,47306.3203125,69724.6640625,-0.004263436421751976,-0.006431130692362785,-0.0027980231679975986,-0.4263436421751976,2.2126999143511057,0.7631981172040105,2.034743139985949,0.7631433464959264,0.703371219150722,0.6872874904703349,0.6550301861017942,904.0940063428553,904.0940063428553,greedy,0.6550301861017942,0.0,hard_fault_cluster
609,N14038,observe,-1.0952216386795044,0.6205471098423004,0.6812347292900085,-1.0952216386795044,0.252511203289032,0.592349986732006,1.039148896932602,0.0025251120328903197,-0.028698891401290894,-0.019426850602030754,-0.019426850602030754,0.1461299380660057,0.018236692994832993,0.13165615499019623,-0.010816551744937897,117030.546875,47306.0625,69724.484375,117534.6640625,47608.7265625,69925.9375,-0.004307569470256567,-0.006397997494786978,-0.002889273688197136,-0.4307569470256567,2.0567536521703005,0.7203230100870133,1.8819403876550496,0.7201652961969376,0.62303376942873,0.7848513217270374,0.6205471098423004,904.7145534526976,904.7145534526976,greedy,0.6205471098423004,0.0,hard_fault_cluster
610,N18366,observe,-0.9128910899162292,0.9923207461833954,2.486273968219757,-0.9128910899162292,0.25613629817962646,0.8582363381981849,2.347957718372345,0.0025613629817962647,-0.03113609552383423,-0.01606578193604946,-0.01606578193604946,0.4012971296906471,0.020820997655391693,0.13374467194080353,-0.009330779314041138,117535.265625,47609.578125,69925.6875,117238.21875,47431.27734375,69806.9375,0.0025273000355809927,0.0037450611125677824,0.0016982314409688115,0.25273000355809927,2.3221702817827463,1.0339113873243333,2.1421173946000636,1.031591973900795,0.975713987648487,2.7342140919715163,0.9923207461833954,905.706874198881,905.706874198881,greedy,0.9923207461833954,0.0,hard_fault_cluster
611,N8125,observe,-1.100954532623291,0.6132938459515572,0.910559344291687,-1.100954532623291,0.25129568576812744,0.5839285358786582,2.1901581406593325,0.0025129568576812743,-0.029741883277893066,-0.01824772171676159,-0.01824772171676159,0.15848370198160408,0.017988495528697968,0.13113629817962646,-0.01121947169303894,117236.125,47429.0390625,69807.0859375,117877.0078125,47812.0703125,70064.9375,-0.005466598551720381,-0.008075880818068981,-0.0036937734112143517,-0.5466598551720381,2.0318975169211626,0.7100975623540581,1.8571115438826382,0.7097061744146049,0.6132684051990509,1.3124359525367617,0.6132938459515572,906.3201680448326,906.3201680448326,greedy,0.6132938459515572,0.0,hard_fault_cluster
612,N7333,observe,-0.9243301153182983,0.6777571678161621,2.273182475566864,-0.9243301153182983,0.25568509101867676,0.6765450447797775,0.47196937203407285,0.0025568509101867674,-0.03222551941871643,-0.016205238178372383,-0.016205238178372383,0.3614413446187973,0.020723242312669754,0.13321885466575623,-0.009473428130149841,117879.015625,47814.17578125,70064.84375,117551.8203125,47614.3125,69937.5078125,0.0027756874915212393,0.004180000629276037,0.0018174012657254934,0.27756874915212393,2.3118040841072798,0.8029940581321716,2.1321941944770515,0.8028745925426484,0.7758597329258918,1.34430882640183,0.6777571678161621,906.9979252126487,906.9979252126487,greedy,0.6777571678161621,0.0,hard_fault_cluster
613,N12268,observe,-0.9053665995597839,0.6744937404990197,0.6744921684265136,-0.9053665995597839,0.2571120858192444,0.6744952097535133,0.47216081223923534,0.002571120858192444,-0.03279167413711548,-0.014311982318758965,-0.014311982318758965,0.38750711798667903,0.021186087280511856,0.13421544432640076,-0.008883938193321228,117551.7109375,47614.3515625,69937.359375,117467.15625,47538.9765625,69928.1796875,0.0007192977936938405,0.0015830311458557844,0.00013125584519002587,0.07192977936938405,2.361408831551671,0.8083349755406379,2.179308753926307,0.8083348682522774,0.7756674230098725,0.5986192802302549,0.6744937404990197,907.6724189531477,907.6724189531477,greedy,0.6744937404990197,0.0,hard_fault_cluster
614,N12504,observe,-0.6552144289016724,0.6763288795948029,1.5926471292972564,-0.6552144289016724,0.27090615034103394,0.6770207405090332,0.7498329997062683,0.0027090615034103395,-0.023735255002975464,-0.019343001767992973,-0.019343001767992973,0.20618605542927979,0.027483932673931122,0.14692367613315582,-0.0064851269125938416,117467.140625,47539.015625,69928.125,117237.109375,47481.51953125,69755.5859375,0.0019582603126764297,0.0012094506528228521,0.0024673771113157272,0.19582603126764297,2.999956415966153,0.7841572520695627,2.8112840545363724,0.784157305713743,0.7791248619556427,1.235549601987004,0.6763288795948029,908.3487478327426,908.3487478327426,greedy,0.6763288795948029,0.0,hard_fault_cluster
615,N19323,observe,-0.7481064796447754,1.1598194167017937,2.583123230934143,-0.7481064796447754,0.26547956466674805,1.0134262591600416,2.4274206101894378,0.0026547956466674806,-0.028811872005462646,-0.014737019315361977,-0.014737019315361977,0.4596867248415947,0.024873364716768265,0.13927185535430908,-0.007797166705131531,117236.703125,47481.1640625,69755.5390625,117069.546875,47401.90625,69667.640625,0.0014258013106882572,0.0016692474018782377,0.0012600925983861089,0.14258013106882572,2.7380790170282125,1.2066570538282395,2.550022108014673,1.2018540757894516,1.1497245997190475,2.847320989817381,1.1598194167017937,909.5085672494444,909.5085672494444,greedy,1.1598194167017937,0.0,hard_fault_cluster
616,N18741,observe,-0.8243064880371094,0.9182664327323438,2.418478441238403,-0.8243064880371094,0.2614949345588684,0.8389470733702182,2.335777825117111,0.002614949345588684,-0.030705124139785767,-0.010695384815335274,-0.010695384815335274,0.4468758621811866,0.023266028612852097,0.13809962570667267,-0.007787436246871948,117069.875,47402.25,69667.625,117061.3125,47359.5859375,69701.7265625,7.31400796212256e-05,0.0009000430000014603,-0.000489489350002259,0.0073140079621225595,2.577402411028743,1.0108739373087883,2.389302748721093,1.0081254777312278,0.9308852285146713,2.705075398534536,0.9182664327323438,910.4268336821767,910.4268336821767,greedy,0.9182664327323438,0.0,hard_fault_cluster
617,N12273,observe,-0.8435156941413879,0.9404735803604127,2.438090080022812,-0.8435156941413879,0.26058298349380493,0.8411007508635521,2.331783616542816,0.0026058298349380493,-0.03155398368835449,-0.010519193485379219,-0.010519193485379219,0.42412090808153147,0.022958680987358093,0.13817304372787476,-0.0078677237033844,117061.03125,47359.19921875,69701.828125,116940.9296875,47252.8515625,69688.078125,0.001025973935611546,0.002245554467663169,0.00019726886239368469,0.1025973935611546,2.545931888744235,1.0186491820216177,2.3583840462379158,1.0162093910574912,0.95948686003685,2.7236664590239523,0.9404735803604127,911.3673072625371,911.3673072625371,greedy,0.9404735803604127,0.0,hard_fault_cluster
618,N18405,observe,-0.8511602878570557,0.9327528506517411,2.4352778494358063,-0.8511602878570557,0.2602825164794922,0.8361192822456359,2.333528608083725,0.002602825164794922,-0.03200379014015198,-0.010520806536078453,-0.010520806536078453,0.41093687117099764,0.022695157676935196,0.1383669227361679,-0.007994472980499268,116941.171875,47253.16796875,69688.0078125,116793.84375,47140.5078125,69653.3359375,0.0012598482426255941,0.0023841820657253265,0.0004975299816578627,0.12598482426255941,2.5192774776369333,1.0104843878746033,2.331956195179373,1.0079546892642974,0.9465078800916672,2.7152301220595834,0.9327528506517411,912.3000601131888,912.3000601131888,greedy,0.9327528506517411,0.0,hard_fault_cluster
619,N7147,observe,-0.8584946393966675,0.9220496237277985,2.427813476324081,-0.8584946393966675,0.25942742824554443,0.8279141291975975,2.328130328655243,0.002594274282455444,-0.032284170389175415,-0.010432479903101921,-0.010432479903101921,0.40842182785272596,0.02265690639615059,0.13897661864757538,-0.008101366460323334,116794.15625,47140.5859375,69653.5703125,116646.6796875,47033.5703125,69613.109375,0.0012627049582079053,0.0022701378911733627,0.0005808881833218038,0.12627049582079053,2.5146855879575014,1.0109449121356011,2.3279393767006695,1.0086915346980094,0.9405048072338105,2.7113281247019767,0.9220496237277985,913.2221097369167,913.2221097369167,greedy,0.9220496237277985,0.0,hard_fault_cluster
620,N12255,observe,-0.863473117351532,0.9097083047032356,2.421479970216751,-0.863473117351532,0.25890660285949707,0.818459615111351,2.3263329744338987,0.0025890660285949707,-0.03232946991920471,-0.010496972128748894,-0.010496972128748894,0.39950050503015516,0.02255440130829811,0.1393442302942276,-0.008240729570388794,116646.2890625,47033.4921875,69612.796875,116512.140625,46938.74609375,69573.390625,0.0011500446125864983,0.0020144388545304537,0.0005660776514559984,0.11500446125864983,2.5038497615605593,0.9974444097280502,2.317542538512498,0.9949768847227096,0.923061192035675,2.6999897748231882,0.9097083047032356,914.1318180416199,914.1318180416199,greedy,0.9097083047032356,0.0,hard_fault_cluster
621,N25742,observe,-0.8677631616592407,0.9058493435382844,2.421139258146286,-0.8677631616592407,0.25833576917648315,0.8138662591576576,2.326818090677261,0.0025833576917648317,-0.032141804695129395,-0.010638294741511345,-0.010638294741511345,0.39335865527391434,0.02249418944120407,0.1396605670452118,-0.008356250822544098,116511.8359375,46938.3984375,69573.4375,116402.4140625,46862.171875,69540.2421875,0.0009391481289640069,0.0016239702235907316,0.00047712624655105174,0.09391481289640069,2.497116418555379,0.9856532567739488,2.31134331272915,0.9833194130659104,0.9142320230603218,2.694250814989209,0.9058493435382844,915.0376673851582,915.0376673851582,greedy,0.9058493435382844,0.0,hard_fault_cluster
622,N3332,observe,-1.016140103340149,0.6507998041808605,0.6796867907047272,-1.016140103340149,0.2535465359687805,0.6322167318314315,0.6772530376911163,0.0025354653596878053,-0.03175899386405945,-0.01526881568133831,-0.01526881568133831,0.2260104588419199,0.020314142107963562,0.13663162291049957,-0.009861581027507782,116402.375,46862.15625,69540.21875,116641.625,47074.0078125,69567.6171875,-0.002055370481684804,-0.004520738497376442,-0.0003939941234420985,-0.2055370481684804,2.2696919310837984,0.7627684415876865,2.0909836408682168,0.7626329363882541,0.7005924928933381,0.7384296394325792,0.6507998041808605,915.6884671893391,915.6884671893391,greedy,0.6507998041808605,0.0,hard_fault_cluster
623,N12528,observe,-0.6296147108078003,1.2558041661977768,1.9750646114349364,-0.6296147108078003,0.27078938484191895,1.0689638271927835,0.9831148087978362,0.0027078938484191893,-0.02330780029296875,-0.01860894076526165,-0.01860894076526165,0.3179530679732397,0.028433609753847122,0.151431605219841,-0.0055310651659965515,116641.8671875,47074.3984375,69567.46875,116365.453125,46999.0,69366.453125,0.002369767054915428,0.0016016867011785507,0.0028895060531795025,0.23697670549154282,3.0955414194613695,1.3830198781606533,2.9064060864038765,1.3814915554639675,1.2211854457855225,1.5242971610277891,1.2558041661977768,916.9442713555369,916.9442713555369,greedy,1.2558041661977768,0.0,hard_fault_cluster
624,N19318,observe,-0.7274808883666992,1.1416312709450722,2.5521522283554074,-0.7274808883666992,0.2646808624267578,1.0247980147600173,2.4154469549655913,0.0026468086242675782,-0.028375476598739624,-0.012582419440150261,-0.012582419440150261,0.4862055000662803,0.025188907980918884,0.14183415472507477,-0.007712848484516144,116364.96875,46998.609375,69366.359375,116381.40625,47027.7578125,69353.6484375,-0.0001412581477779895,-0.0006201978540048003,0.00018324353732168674,-0.01412581477779895,2.770989241078496,1.2244171026349067,2.5819154088385403,1.2192271354794502,1.1934511423110963,2.875743242502212,1.1416312709450722,918.0859026264819,918.0859026264819,greedy,1.1416312709450722,0.0,hard_fault_cluster
625,N3386,observe,-0.9304856061935425,0.6586569547653198,0.6794966638088226,-0.9304856061935425,0.256311297416687,0.6438805274665356,0.6777767896652221,0.00256311297416687,-0.02886587381362915,-0.014375029131770134,-0.014375029131770134,0.19639106437563894,0.02164950594305992,0.1373746395111084,-0.009497314691543579,116381.3125,47027.49609375,69353.8125,116796.5625,47249.0390625,69547.5234375,-0.003568012733012438,-0.004710924345999956,-0.002793082734569907,-0.3568012733012438,2.406886862590909,0.7669625437259675,2.2254346613772213,0.7669397985935211,0.7164557553827763,0.8100990720465779,0.6586569547653198,918.7445595812472,918.7445595812472,greedy,0.6586569547653198,0.0,hard_fault_cluster
626,N14035,observe,-1.0412808656692505,0.636932907998562,1.597158545255661,-1.0412808656692505,0.25254809856414795,0.6186864770948887,2.287435472011566,0.0025254809856414795,-0.02689799666404724,-0.017874112352728844,-0.017874112352728844,0.1515631518512964,0.01986117660999298,0.13352689146995544,-0.010387890040874481,116796.296875,47248.78515625,69547.515625,117173.40625,47447.59375,69725.8125,-0.0032287784852087498,-0.004207697696983814,-0.0025636700447648764,-0.322877848520875,2.220791647210717,0.7392060706391931,2.044786157552153,0.7392494151368737,0.6648797042667866,1.8943630843237043,0.636932907998562,919.3814924892458,919.3814924892458,greedy,0.636932907998562,0.0,hard_fault_cluster
627,N8132,observe,-1.1207668781280518,0.6095612064003945,0.6765408277511596,-1.1207668781280518,0.24777700006961823,0.5757594898343087,0.6757999598979949,0.002477770000696182,-0.026226937770843506,-0.019112644717097282,-0.019112644717097282,0.1671535765379667,0.018653735518455505,0.1310693919658661,-0.011366106569766998,117172.375,47446.390625,69725.984375,117667.484375,47717.8046875,69949.6796875,-0.004225478507578373,-0.0057204365730285645,-0.0032082058023661375,-0.4225478507578373,2.0940379071980715,0.7212825954332949,1.9225396406836808,0.7212680578604341,0.6099967956542969,0.633062402009964,0.6095612064003945,919.9910536956462,919.9910536956462,greedy,0.6095612064003945,0.0,hard_fault_cluster
628,N7195,observe,-0.9301316142082214,0.6766910284757615,0.6745081067085266,-0.9301316142082214,0.2530388832092285,0.6777759820222855,0.6745073974132537,0.002530388832092285,-0.028299599885940552,-0.015700874850153923,-0.015700874850153923,0.36043368220329286,0.021289754658937454,0.13354218006134033,-0.009675808250904083,117669.6484375,47719.9453125,69949.703125,117306.3828125,47497.5703125,69808.8125,0.003087165066972375,0.004660001024603844,0.0020141704007983208,0.3087165066972375,2.36631347425282,0.806465213894844,2.188309967983514,0.8064651602506637,0.7811204567551613,0.6858673374298633,0.6766910284757615,920.6677447241219,920.6677447241219,greedy,0.6766910284757615,0.0,hard_fault_cluster
629,N12284,observe,-0.9032953381538391,0.6745136573910714,0.674505603313446,-0.9032953381538391,0.25491660833358765,0.6745123699307443,0.6745055198669433,0.0025491660833358767,-0.02905064821243286,-0.013580074533820152,-0.013580074533820152,0.37561911702156064,0.02172008529305458,0.13454672694206238,-0.009052962064743042,117305.921875,47497.484375,69808.4375,117229.484375,47411.953125,69817.53125,0.0006516082212328911,0.0018007532926276326,-0.00013026720262132585,0.06516082212328911,2.4133450631052256,0.8066771376132965,2.2323426627554,0.8066770839691162,0.7756826400756837,0.7033404799202163,0.6745136573910714,921.342258381513,921.342258381513,greedy,0.6745136573910714,0.0,hard_fault_cluster
630,N18417,observe,-0.6256548166275024,0.9900845095515252,2.461851054430008,-0.6256548166275024,0.27202022075653076,0.9757455497980118,2.442571824789047,0.0027202022075653075,-0.01996627449989319,-0.019072500988841057,-0.019072500988841057,0.2724246716871857,0.029190730303525925,0.15044032037258148,-0.004733957350254059,117229.75,47412.1015625,69817.6484375,116978.90625,47316.88671875,69662.015625,0.0021397618111222982,0.002008239272981882,0.0022291329223662615,0.21397618111222982,3.172020750120282,1.2141644196026027,2.982309960294515,1.218424303960055,1.0920603081583977,2.8098392003029584,0.9900845095515252,922.3323428910645,922.3323428910645,greedy,0.9900845095515252,0.0,hard_fault_cluster
631,N12524,observe,-0.5636444687843323,1.0361996918916703,0.8968147933483123,-0.5636444687843323,0.27802979946136475,1.0218709528446197,0.8850795686244964,0.0027802979946136477,-0.016563326120376587,-0.018570592626929283,-0.018570592626929283,0.3253428795933723,0.0318736806511879,0.15879271924495697,-0.0020307153463363647,116978.5703125,47316.8046875,69661.765625,116876.828125,47298.62890625,69578.203125,0.0008697506273165345,0.0003841295256279409,0.0011995461536571383,0.08697506273165345,3.446827271953225,1.2708499301970004,3.2522328668273985,1.2738428463041782,1.113272099196911,0.9597049526870252,1.0361996918916703,923.3685425829561,923.3685425829561,greedy,1.0361996918916703,0.0,hard_fault_cluster
632,N7179,observe,-0.812445878982544,1.0985801726579665,1.1741425871849058,-0.812445878982544,0.26592475175857544,1.0040952309966087,2.110351914167404,0.002659247517585754,-0.022824078798294067,-0.01206805370748043,-0.01206805370748043,0.5390065816044807,0.026537995785474777,0.14949269592761993,-0.00690123438835144,116877.171875,47298.62890625,69578.546875,116972.25,47292.89453125,69679.3515625,-0.0008134875679388642,0.00012123765918659046,-0.0014487897278741002,-0.08134875679388642,2.9076562765985727,1.2631359112262728,2.7172637530602515,1.2594564568996431,1.0854509860277177,1.5771223375946284,1.0985801726579665,924.4671227556141,924.4671227556141,greedy,1.0985801726579665,0.0,hard_fault_cluster
633,N12289,observe,-0.8596843481063843,1.0500630028545856,2.505552279949188,-0.8596843481063843,0.263175368309021,0.9294562302529812,2.3780054688453673,0.00263175368309021,-0.02519434690475464,-0.010854637250304222,-0.010854637250304222,0.5034490594267845,0.024705201387405396,0.1459011435508728,-0.007937274873256683,116971.46875,47292.43359375,69679.0390625,116926.421875,47231.79296875,69694.625,0.0003851099463645369,0.0012822479475289583,-0.00022368186910171062,0.03851099463645369,2.7228408697992563,1.1059504827857018,2.5336003215052187,1.1006876668334007,1.0415426671504975,2.7666906651854513,1.0500630028545856,925.5171857584687,925.5171857584687,greedy,1.0500630028545856,0.0,hard_fault_cluster
634,N12257,observe,-0.8689916133880615,1.009894322603941,2.4776391744613644,-0.8689916133880615,0.2621999979019165,0.9019777737557887,2.3605132460594174,0.002621999979019165,-0.026896774768829346,-0.010634971782565117,-0.010634971782565117,0.479350745677948,0.02390165627002716,0.1443605124950409,-0.008336931467056274,116926.390625,47231.79296875,69694.59375,116820.40625,47141.33203125,69679.078125,0.0009064196492545307,0.00191525521222502,0.00022262307174969465,0.09064196492545307,2.6417306531220675,1.0792687568068504,2.453056883532554,1.0751674982905388,1.0279827773571015,2.761962444484234,1.009894322603941,926.5270800810727,926.5270800810727,greedy,1.009894322603941,0.0,hard_fault_cluster
635,N12287,observe,-0.8701766729354858,0.9692304477095603,2.457303303480148,-0.8701766729354858,0.2615780830383301,0.867913021147251,2.351921135187149,0.0026157808303833006,-0.027996450662612915,-0.010722978040575981,-0.010722978040575981,0.4509544825553894,0.02344851940870285,0.14358608424663544,-0.008462712168693542,116820.6796875,47141.6953125,69678.984375,116676.71875,47034.359375,69642.359375,0.0012323240516707301,0.0022768790367990732,0.0005256247823126614,0.12323240516707301,2.595707045868039,1.0552433320879937,2.4075657171197236,1.0517856964468957,0.9693547040224075,2.7300805576145644,0.9692304477095603,927.4963105287823,927.4963105287823,greedy,0.9692304477095603,0.0,hard_fault_cluster
636,N7934,observe,-0.990666389465332,0.8014404311776161,2.047708475589752,-0.990666389465332,0.25240641832351685,0.7282332301139831,-0.9668295443058015,0.0025240641832351683,-0.03596466779708862,-0.005895225331187248,-0.005895225331187248,0.5613016387820243,0.02283428981900215,0.1312112957239151,-0.005949489772319794,116675.125,47032.8046875,69642.3203125,116358.7421875,47077.28125,69281.4609375,0.0027116560377180576,-0.0009456498082727194,0.005181610584259033,0.27116560377180576,2.5299401748925447,1.0237380915880203,2.3450567801482975,1.022634362578392,0.8452353030443192,1.214571408778429,0.8014404311776161,928.2977509599599,928.2977509599599,greedy,0.8014404311776161,0.0,hard_fault_cluster
637,N29386,observe,-1.0572495460510254,0.6607749320566654,0.9049935400485991,-1.0572495460510254,0.24970705807209015,0.6479594465345144,1.7437363564968107,0.0024970705807209016,-0.03449457883834839,-0.012592701241374016,-0.012592701241374016,0.18407705202698707,0.022034473717212677,0.13259342312812805,-0.007994003593921661,116359.5,47077.890625,69281.609375,116549.9609375,47147.5546875,69402.40625,-0.0016368319047614932,-0.0014797617914155126,-0.0017435633344575763,-0.16368319047614932,2.440561728551984,0.7556728893145919,2.2627259609289467,0.7553233974799514,0.7197622422128915,1.2011839442141354,0.6607749320566654,928.9585258920166,928.9585258920166,greedy,0.6607749320566654,0.0,hard_fault_cluster
638,N19326,observe,-0.6384838819503784,1.4636275738477706,2.7607884287834166,-0.6384838819503784,0.25544416904449463,1.1427989472448825,2.373766177892685,0.002554441690444946,-0.036097437143325806,-0.011949485167860985,-0.011949485167860985,0.5102705404162406,0.02889140695333481,0.1389320194721222,-0.004767023026943207,116550.6875,47148.53515625,69402.15625,115925.25,46921.21484375,69004.0390625,0.005366227589547634,0.004821365233510733,0.0057363808155059814,0.5366227589547634,3.1326353792101145,1.5783942210674287,2.9500143663026392,1.5839359867572784,1.586240115761757,3.1310560752451417,1.4636275738477706,930.4221534658644,930.4221534658644,greedy,1.4636275738477706,0.0,hard_fault_cluster
639,N3325,observe,-0.9911346435546875,0.6297736555337906,0.764370435476303,-0.9911346435546875,0.24253229796886444,0.6000845938920975,0.9571556746959686,0.0024253229796886446,-0.03251144289970398,-0.013361847028136253,-0.013361847028136253,0.16385139573365448,0.023626428097486496,0.13292855024337769,-0.007873572409152985,115925.1953125,46921.0859375,69004.109375,116792.03125,47361.21484375,69430.8125,-0.007477545645087957,-0.00938019435852766,-0.006183735094964504,-0.7477545645087957,2.591813260689378,0.7389370441995562,2.4199354224838316,0.738926744516939,0.645255945622921,0.8778050838410854,0.6297736555337906,931.0519271213982,931.0519271213982,greedy,0.6297736555337906,0.0,hard_fault_cluster
640,N8139,observe,-1.1327606439590454,0.6091638877987862,0.6756525933742523,-1.1327606439590454,0.23879440128803253,0.575195886194706,0.6754381299018859,0.002387944012880325,-0.030338257551193237,-0.01511421613395214,-0.01511421613395214,0.16547811239957808,0.021177072077989578,0.13069210946559906,-0.0096416175365448,116790.3046875,47359.296875,69431.0078125,117432.4296875,47666.8984375,69765.53125,-0.005498101934790611,-0.006495061796158552,-0.004818069748580456,-0.5498101934790611,2.341387392953038,0.7208243812620639,2.173627254087478,0.7208203579485416,0.6091964587569236,0.6321291494369506,0.6091638877987862,931.661091009197,931.661091009197,greedy,0.6091638877987862,0.0,hard_fault_cluster
641,N18420,observe,-0.9493207335472107,0.6641532734036446,0.6757921576499939,-0.9493207335472107,0.24535207450389862,0.6592536605894566,0.6767694354057312,0.002453520745038986,-0.03126630187034607,-0.012044614180922508,-0.012044614180922508,0.37240009650588035,0.02358151599764824,0.13313603401184082,-0.008093886077404022,117434.1015625,47668.875,69765.2265625,117177.3984375,47486.0546875,69691.34375,0.002185933291912079,0.003835213603451848,0.0010590206366032362,0.21859332919120789,2.5914590600878,0.7953286164999007,2.416478464845568,0.7953285092115402,0.7457777313888072,0.691784874355726,0.6641532734036446,932.3252442826006,932.3252442826006,greedy,0.6641532734036446,0.0,hard_fault_cluster
642,N12519,observe,-0.628551185131073,0.6744907528162003,0.6259279251098633,-0.628551185131073,0.26508796215057373,0.6744902700185775,0.4721435248851776,0.002650879621505737,-0.02354314923286438,-0.016775084659457207,-0.016775084659457207,0.20234730005264281,0.031359486281871796,0.1500118523836136,-0.0028698816895484924,117177.4609375,47486.1875,69691.2734375,117039.5,47436.08984375,69603.4140625,0.0011773675214499235,0.0010549942962825298,0.0012606941163539886,0.11773675214499235,3.384261505678296,0.7824093842506409,3.1980268475599587,0.7824093842506409,0.7756646484136582,0.6096583623322148,0.6744907528162003,932.9997350354167,932.9997350354167,greedy,0.6744907528162003,0.0,hard_fault_cluster
643,N7243,observe,-0.8491905331611633,0.6778144910931587,0.6744922518730163,-0.8491905331611633,0.25515925884246826,0.6778153762221336,0.4721538165264064,0.0025515925884246828,-0.027028650045394897,-0.009335791692137718,-0.009335791692137718,0.4753625220060348,0.026942633092403412,0.14414800703525543,-0.00680166482925415,117039.796875,47436.05859375,69603.734375,117125.5703125,47432.2109375,69693.359375,-0.0007328570354729891,8.111247734632343e-05,-0.0012876464752480388,-0.07328570354729891,2.9400867763906717,0.8206320405006409,2.755719176027924,0.8206320405006409,0.7756679698824882,0.6281250896251731,0.6778144910931587,933.6775495265099,933.6775495265099,greedy,0.6778144910931587,0.0,hard_fault_cluster
644,N12300,observe,-0.8941932320594788,1.1386685982346534,2.575183629989624,-0.8941932320594788,0.2537716031074524,0.9597144007682801,0.7925101697444915,0.002537716031074524,-0.028413593769073486,-0.008371023461222649,-0.008371023461222649,0.5225072446465492,0.025757018476724625,0.14295607805252075,-0.007084593176841736,117125.125,47432.12890625,69693.0,117102.8828125,47376.7734375,69726.109375,0.00018990108219441026,0.001167045789770782,-0.00047507460112683475,0.018990108219441026,2.821102427318692,1.1916318759322166,2.63705199258402,1.1871477589011192,1.0725934669375419,1.6788314254581929,1.1386685982346534,934.8162181247445,934.8162181247445,greedy,1.1386685982346534,0.0,hard_fault_cluster
645,N2693,observe,-0.8472646474838257,1.1452052041888237,2.5976868152618406,-0.8472646474838257,0.256152868270874,0.9597068548202514,0.866800171136856,0.0025615286827087402,-0.03528580069541931,-0.012772182002663612,-0.012772182002663612,0.36539088070392606,0.02775588259100914,0.13811084628105164,-0.006303161382675171,117102.171875,47375.64453125,69726.5234375,117103.90625,47533.05859375,69570.84375,-1.4810783795837779e-05,-0.0033226790837943554,0.0022327182814478874,-0.0014810783795837779,3.0189689453691244,1.3391079650819302,2.8364334306679666,1.3402614222466946,1.1049090534448625,1.7415022502839568,1.1452052041888237,935.9614233289334,935.9614233289334,greedy,1.1452052041888237,0.0,hard_fault_cluster
646,N18388,observe,-0.8952317833900452,0.993620489537716,1.4491765797138214,-0.8952317833900452,0.25267255306243896,0.8718044564127921,0.7630384266376495,0.0025267255306243895,-0.03244572877883911,-0.008755622431635857,-0.008755622431635857,0.46651427149772645,0.02520616352558136,0.1379839926958084,-0.006965272128582001,117104.5078125,47534.1640625,69570.34375,117003.046875,47395.0,69608.046875,0.0008664135821163654,0.0029276639688760042,-0.0005419424851424992,0.08664135821163654,2.764533283188939,1.060961852669716,2.5815955852158368,1.058965055346489,0.972744756937027,1.1399892441928388,0.993620489537716,936.9550438184712,936.9550438184712,greedy,0.993620489537716,0.0,hard_fault_cluster
647,N12562,observe,-0.6081761121749878,1.4939648389816285,2.8166153907775877,-0.6081761121749878,0.27028554677963257,1.2674533441662788,1.13931485414505,0.0027028554677963256,-0.02542528510093689,-0.012320252135396004,-0.012320252135396004,0.40673121415078634,0.03252575919032097,0.15770737826824188,-0.001334264874458313,117003.140625,47395.140625,69608.0,116477.109375,47159.265625,69317.84375,0.004495873115956783,0.004976775962859392,0.004168432671576738,0.44958731159567833,3.5105412136763334,1.7479805174842478,3.317067242693156,1.7490861240401865,1.4636529386043549,2.0470071879774334,1.4939648389816285,938.4490086574527,938.4490086574527,greedy,1.4939648389816285,0.0,hard_fault_cluster
648,N2697,observe,-0.7854892015457153,1.1629205778241156,2.5925369977951047,-0.7854892015457153,0.260384738445282,1.005221712589264,2.426977467536926,0.0026038473844528197,-0.035395532846450806,-0.01016182266175747,-0.01016182266175747,0.4319303265213966,0.029639780521392822,0.1448550522327423,-0.004456363618373871,116476.265625,47157.9921875,69318.2734375,116678.5390625,47391.2578125,69287.28125,-0.0017366064712405205,-0.0049464707262814045,0.0004470998246688396,-0.17366064712405205,3.2142009679228067,1.456584497988224,3.0265337810851634,1.4540600028634072,1.1402224540710448,2.8231136626005173,1.1629205778241156,939.6119292352769,939.6119292352769,greedy,1.1629205778241156,0.0,hard_fault_cluster
649,N3394,observe,-0.9970662593841553,0.6647205397486686,0.7946461677551269,-0.9970662593841553,0.24978794157505035,0.6482543878257274,0.9351143717765807,0.0024978794157505036,-0.030985742807388306,-0.011382391676306725,-0.011382391676306725,0.19304213654249905,0.023715566843748093,0.1401265263557434,-0.008309915661811829,116678.578125,47391.59375,69286.984375,116989.5625,47475.5625,69514.0,-0.002665308304131031,-0.001771806855686009,-0.0032764540519565344,-0.2665308304131031,2.609962234273553,0.772494468409568,2.431158071849495,0.7724511239118874,0.7237061418592929,0.9355981205031274,0.6647205397486686,940.2766497750256,940.2766497750256,greedy,0.6647205397486686,0.0,hard_fault_cluster
650,N8137,observe,-1.1109657287597656,0.609993939101696,0.6760479569435119,-1.1109657287597656,0.24512802064418793,0.5760330110788345,0.6755402565002441,0.0024512802064418793,-0.02797532081604004,-0.014715297147631645,-0.014715297147631645,0.17039015270769595,0.021275155246257782,0.13664576411247253,-0.009831592440605164,116988.3671875,47474.3359375,69514.03125,117363.8125,47630.45703125,69733.359375,-0.0032092533074319363,-0.0032885365653783083,-0.0031551632564514875,-0.3209253307431936,2.3579282481223345,0.7223315024003387,2.1851187054999173,0.7223181986436248,0.6102277502417565,0.6327313344925642,0.609993939101696,940.8866437141273,940.8866437141273,greedy,0.609993939101696,0.0,hard_fault_cluster
651,N19246,observe,-0.7112746834754944,0.9296200543642046,2.425105094909668,-0.7112746834754944,0.25404077768325806,0.8505257427692413,2.318185383081436,0.0025404077768325806,-0.028873741626739502,-0.016426732763648033,-0.016426732763648033,0.34750836670398705,0.028435561805963516,0.14043071866035461,-0.0052586570382118225,117365.15625,47632.01171875,69733.140625,116672.6796875,47391.171875,69281.5078125,0.005900188814848661,0.0050562601536512375,0.0064765880815684795,0.5900188814848661,3.0811702255159616,1.134018701314926,2.902959691826254,1.1391452074050903,1.0553470984101294,2.5811249849945304,0.9296200543642046,941.8162637684916,941.8162637684916,greedy,0.9296200543642046,0.0,hard_fault_cluster
652,N12223,observe,-0.867103099822998,0.6745093300938607,0.47214223146438594,-0.867103099822998,0.2470022588968277,0.6745177596807479,0.4721405208110809,0.002470022588968277,-0.02966448664665222,-0.010388320311903954,-0.010388320311903954,0.49007235080003736,0.02559071034193039,0.1380980759859085,-0.007209718227386475,116672.9453125,47391.6171875,69281.328125,116871.890625,47408.1484375,69463.7421875,-0.0017051537288352847,-0.00034882224281318486,-0.002632946940138936,-0.17051537288352847,2.7956849727779627,0.8227040165662766,2.61822451883927,0.8227040702104569,0.7757111668586731,0.5360904861986637,0.6745093300938607,942.4907730985855,942.4907730985855,greedy,0.6745093300938607,0.0,hard_fault_cluster
653,N7259,observe,-0.8871430158615112,0.7185132570564746,1.2469775974750519,-0.8871430158615112,0.24738375842571259,0.7185199983417987,0.6744997501373291,0.0024738375842571258,-0.03053686022758484,-0.008552154526114464,-0.008552154526114464,0.44495787501335143,0.02496689185500145,0.13892102241516113,-0.0072503164410591125,116872.2265625,47408.203125,69464.0234375,116871.390625,47327.1875,69544.203125,7.152576017688261e-06,0.0017088946187868714,-0.0011542621068656445,0.0007152576017688261,2.735520789399743,0.8166297310590744,2.5563970864750445,0.8166081124544143,0.7756978586316109,1.0074370677024125,0.7185132570564746,943.2092863556419,943.2092863556419,greedy,0.7185132570564746,0.0,hard_fault_cluster
654,N18449,observe,-0.606497585773468,1.078759254515171,2.5043606638908384,-0.606497585773468,0.2666490077972412,1.0608466580510139,1.4198999166488646,0.002666490077972412,-0.023708492517471313,-0.013707352802157402,-0.013707352802157402,0.3381685987859964,0.03267017751932144,0.15765413641929626,-0.0012428835034370422,116871.09375,47327.203125,69543.890625,116471.421875,47153.078125,69318.34375,0.003419766668230295,0.0036791737657040358,0.003243230516090989,0.3419766668230295,3.519959406927228,1.350451426319778,3.330253165680915,1.3555666134878992,1.193195679783821,2.085088080763817,1.078759254515171,944.288045610157,944.288045610157,greedy,1.078759254515171,0.0,hard_fault_cluster
655,N12502,observe,-0.5601358413696289,1.622763155400753,2.4142294764518737,-0.5601358413696289,0.27335989475250244,1.4278793781995773,1.2197391152381896,0.0027335989475250244,-0.02075427770614624,-0.013758404180407524,-0.013758404180407524,0.46186882987618444,0.03484266996383667,0.16524212062358856,0.0008856132626533508,116471.359375,47153.08984375,69318.265625,116397.984375,47140.734375,69257.25,0.0006299832020886242,0.00026202882872894406,0.0008802243391983211,0.06299832020886242,3.743868486955762,2.0854710856825114,3.5491673690266907,2.080448595657945,1.5940760493278503,1.8948587492108346,1.622763155400753,945.9108087655578,945.9108087655578,greedy,1.622763155400753,0.0,hard_fault_cluster
656,N3527,observe,-0.9728063941001892,0.6652201827615499,0.6841804683208466,-0.9728063941001892,0.25300198793411255,0.6477893518283964,0.6808768033981323,0.0025300198793411256,-0.02280864119529724,-0.014883628115057945,-0.014883628115057945,0.20541530486196274,0.025340858846902847,0.14910824596881866,-0.008195072412490845,116397.3515625,47139.84375,69257.5078125,116982.453125,47425.40625,69557.046875,-0.005026760045439005,-0.006057773716747761,-0.004325004760175943,-0.5026760045439005,2.7722042445093393,0.777690632045269,2.5936154746450484,0.7776370951533317,0.7171108631417155,0.7023085895460098,0.6652201827615499,946.5760289483194,946.5760289483194,greedy,0.6652201827615499,0.0,hard_fault_cluster
657,N12252,observe,-0.9083501100540161,0.7118173696100712,0.9208150386810302,-0.9083501100540161,0.25381457805633545,0.7118238158524036,0.6744934618473053,0.0025381457805633543,-0.024221062660217285,-0.011773748323321342,-0.011773748323321342,0.4356711906194687,0.025143910199403763,0.14601728320121765,-0.008002690970897675,116982.890625,47426.17578125,69556.71875,116783.546875,47258.0390625,69525.5078125,0.0017040419625118375,0.0035452302545309067,0.00044871203135699034,0.17040419625118375,2.7564318496733904,0.8150874257087708,2.57490122737363,0.8150876939296723,0.7756942987442017,0.8552315356582403,0.7118173696100712,947.2878463179295,947.2878463179295,greedy,0.7118173696100712,0.0,hard_fault_cluster
658,N7211,observe,-0.9029844999313354,1.0196861036121847,1.766852080821991,-0.9029844999313354,0.2543145418167114,0.8995353080332279,0.7659445047378539,0.0025431454181671143,-0.02572578191757202,-0.010456716641783714,-0.010456716641783714,0.4940177589654922,0.02439519762992859,0.144571915268898,-0.008197501301765442,116783.890625,47258.09765625,69525.796875,116755.7578125,47190.2578125,69565.5,0.00024089634825941175,0.0014355179155245423,-0.0005710560362786055,0.024089634825941175,2.6833775881677866,1.1123261159658433,2.500484219286591,1.10755639731884,0.9961030706763268,1.2925715164840221,1.0196861036121847,948.3075324215417,948.3075324215417,greedy,1.0196861036121847,0.0,hard_fault_cluster
659,N19249,observe,-0.9292964935302734,0.9627445943653584,1.5137167751789091,-0.9292964935302734,0.2523190379142761,0.8612988092005252,0.722716611623764,0.0025231903791427613,-0.03245064616203308,-0.006498521193861961,-0.006498521193861961,0.5867945832014083,0.023893598467111588,0.13430114090442657,-0.006452299654483795,116755.296875,47190.27734375,69565.015625,116406.5078125,47183.75,69222.7578125,0.0029873510356992483,0.0001383196795359254,0.004919970408082008,0.29873510356992483,2.635180363431573,1.0967522984743119,2.4508149758912623,1.0920158928632735,0.9699712634086609,1.187613125666976,0.9627445943653584,949.2702770159071,949.2702770159071,greedy,0.9627445943653584,0.0,hard_fault_cluster
660,N8124,observe,-1.056792974472046,0.6178938910365105,0.6875697255134582,-1.056792974472046,0.24703456461429596,0.5863003090023995,0.6753595113754273,0.0024703456461429595,-0.030421406030654907,-0.011850906535983086,-0.011850906535983086,0.16519536219537256,0.021745994687080383,0.13456067442893982,-0.008564285933971405,116404.5859375,47181.453125,69223.1328125,116799.46875,47337.5546875,69461.9140625,-0.0033923303708434105,-0.003308536484837532,-0.0034494430292397738,-0.33923303708434105,2.409783126786351,0.7252703915908932,2.2333953832276165,0.7252674948051572,0.622426363825798,0.6461241322010756,0.6178938910365105,949.8881709069436,949.8881709069436,greedy,0.6178938910365105,0.0,hard_fault_cluster
661,N12553,observe,-0.6091295480728149,1.0381867587566376,2.489512026309967,-0.6091295480728149,0.26899194717407227,1.01348524838686,1.3408675014972686,0.0026899194717407227,-0.021932393312454224,-0.015787122771143913,-0.015787122771143913,0.3028368178009987,0.03156380355358124,0.15344320237636566,-0.002468198537826538,116801.484375,47339.859375,69461.625,116311.359375,47108.32421875,69203.03125,0.00419622240588069,0.004890913609415293,0.003722829045727849,0.41962224058806896,3.409585179761052,1.3127289986610413,3.219681561458856,1.3185217118263246,1.1501733928918838,2.015093472599983,1.0381867587566376,950.9263576657003,950.9263576657003,greedy,1.0381867587566376,0.0,hard_fault_cluster
662,N13979,observe,-0.6090857982635498,0.9818846732378006,2.2032043993473054,-0.6090857982635498,0.25656700134277344,0.8169964164495468,0.6386521637439727,0.0025656700134277345,-0.029545724391937256,-0.012604380026459694,-0.012604380026459694,0.3768084076046943,0.02999328076839447,0.14725901186466217,-0.0032790303230285645,116310.921875,47107.359375,69203.5625,116000.03125,47029.265625,68970.765625,0.0026729272212833166,0.0016577823553234339,0.003363943425938487,0.26729272212833166,3.2432906981557608,1.1340851114690305,3.0603187321685255,1.1420555101335048,1.0569658219814302,1.5922884944081306,0.9818846732378006,951.9082423389381,951.9082423389381,greedy,0.9818846732378006,0.0,hard_fault_cluster
663,N18437,observe,-0.8330707550048828,0.9667829357087613,1.116704785823822,-0.8330707550048828,0.24861831963062286,0.8706005729734898,0.74986332654953,0.0024861831963062285,-0.0294610857963562,-0.00791311077773571,-0.00791311077773571,0.510380144417286,0.026510465890169144,0.14117279648780823,-0.006250232458114624,116000.34375,47030.109375,68970.234375,116445.546875,47201.12890625,69244.421875,-0.003837946569547057,-0.003636383917182684,-0.003975446801632643,-0.3837946569547057,2.8917517978698015,1.057539108991623,2.711222891230136,1.052522519826889,0.9546147122979164,0.9813803657889366,0.9667829357087613,952.8750252746469,952.8750252746469,greedy,0.9667829357087613,0.0,hard_fault_cluster
664,N3470,observe,-1.034590482711792,0.6151624500751495,0.674488204717636,-1.034590482711792,0.24363155663013458,0.5840819388628007,0.6744781613349914,0.0024363155663013458,-0.028591901063919067,-0.012810764834284782,-0.012810764834284782,0.16259599439799782,0.02322329580783844,0.13842442631721497,-0.008493781089782715,116444.7734375,47200.234375,69244.5390625,117026.4921875,47478.4765625,69548.015625,-0.0049956622533500195,-0.005894932430237532,-0.004382678773254156,-0.49956622533500195,2.553150372579694,0.7225160494819283,2.3800347787328064,0.7225160494819283,0.6202636063098907,0.6392641157656909,0.6151624500751495,953.490187724722,953.490187724722,greedy,0.6151624500751495,0.0,hard_fault_cluster
665,N19250,observe,-0.9465872049331665,0.7510640569031238,2.2721435248851773,-0.9465872049331665,0.24549655616283417,0.7626702792942524,0.6386827647686004,0.002454965561628342,-0.033930420875549316,-0.007958164438605309,-0.007958164438605309,0.5281671071052552,0.02486305683851242,0.13004538416862488,-0.005941316485404968,117027.1171875,47479.4609375,69547.65625,116403.8125,47327.31640625,69076.4921875,0.005326156038790941,0.003204428358003497,0.006774693727493286,0.5326156038790941,2.723844075575471,0.8665369319915771,2.5456902817822993,0.866482536792755,0.8336943790316581,1.5452668578922748,0.7510640569031238,954.2412517816251,954.2412517816251,greedy,0.7510640569031238,0.0,hard_fault_cluster
666,N18432,observe,-0.9325383901596069,0.9571483016014098,2.4300719678401945,-0.9325383901596069,0.2449185997247696,0.8095140717923641,0.7430642545223236,0.002449185997247696,-0.03279420733451843,-0.006504436954855919,-0.006504436954855919,0.4230375091731548,0.024314675480127335,0.13220886886119843,-0.006593197584152222,116403.921875,47327.26953125,69076.65625,116518.015625,47283.19921875,69234.8125,-0.0009801537962630391,0.0009311822359450161,-0.0022895759902894497,-0.09801537962630391,2.669881710782647,0.9986832359433174,2.491071088705212,0.9976710775494575,0.9016589842736721,1.5534145558997987,0.9571483016014098,955.1984000832265,955.1984000832265,greedy,0.9571483016014098,0.0,hard_fault_cluster
667,N12303,observe,-0.9116690754890442,0.999349831789732,2.500367748737335,-0.9116690754890442,0.24630732834339142,0.8304802402853966,0.7370307326316833,0.002463073283433914,-0.03287377953529358,-0.005772357806563377,-0.005772357806563377,0.4448540316522121,0.024469073861837387,0.1345158964395523,-0.006762102246284485,116517.875,47283.1484375,69234.7265625,116503.7265625,47180.453125,69323.2734375,0.00012142718333052471,0.0021719220094382763,-0.001278937328606844,0.012142718333052471,2.6874423567205667,1.052577105462551,2.5070411288179457,1.0517906281352043,0.9275721050798893,1.5845756851509214,0.999349831789732,956.1977499150162,956.1977499150162,greedy,0.999349831789732,0.0,hard_fault_cluster
668,N7227,observe,-0.9032148122787476,0.9759916938841343,2.4784418880939483,-0.9032148122787476,0.24775953590869904,0.8309461578726769,1.7224215626716615,0.00247759535908699,-0.033075571060180664,-0.005682768300175667,-0.005682768300175667,0.4343237330019474,0.024453848600387573,0.1363077461719513,-0.006918288767337799,116504.0234375,47180.4921875,69323.53125,116444.234375,47069.3984375,69374.8359375,0.0005131931393407285,0.002354654250666499,-0.0007400760659947991,0.05131931393407285,2.6874616276472807,1.0620888850092887,2.505904051940888,1.0617169162631035,0.9304619215428829,2.365079260133207,0.9759916938841343,957.1737416089003,957.1737416089003,greedy,0.9759916938841343,0.0,hard_fault_cluster
669,N3422,observe,-1.0642318725585938,0.6256957396864892,0.7342132747173309,-1.0642318725585938,0.24386383593082428,0.5920187532901765,0.6785193800926208,0.002438638359308243,-0.03270542621612549,-0.010110734030604362,-0.010110734030604362,0.16876610316336152,0.021688442677259445,0.1352323293685913,-0.008720964193344116,116443.234375,47068.515625,69374.71875,116801.2421875,47264.8984375,69536.34375,-0.0030745265539735556,-0.004172275308519602,-0.002329739276319742,-0.30745265539735556,2.4025973696261644,0.735192964039743,2.2272825432009995,0.7351973092183471,0.6280263423919678,0.6690921380370856,0.6256957396864892,957.7994373485868,957.7994373485868,greedy,0.6256957396864892,0.0,hard_fault_cluster
670,N12587,observe,-0.6182190179824829,1.4310721889138223,2.7791452407836914,-0.6182190179824829,0.2661629915237427,1.2118408501148223,2.5484292626380918,0.0026616299152374266,-0.02479398250579834,-0.011901011690497398,-0.011901011690497398,0.42594512760639186,0.03127381205558777,0.15392383933067322,-0.002787768840789795,116801.921875,47265.84375,69536.078125,116421.6875,47101.39453125,69320.296875,0.003255377756431699,0.003479239996522665,0.0031031554099172354,0.3255377756431699,3.381643185392022,1.7760652442276479,3.190946700517088,1.7813724775612356,1.3873583257198334,2.903480094373226,1.4310721889138223,959.2305095375007,959.2305095375007,greedy,1.4310721889138223,0.0,hard_fault_cluster
671,N7163,observe,-0.8451476097106934,1.1937852092087269,2.5176659584045407,-0.8451476097106934,0.2557370066642761,1.1480979941785334,2.405865043401718,0.0025573700666427614,-0.02815994620323181,-0.0077097248286008835,-0.0077097248286008835,0.6168124625086784,0.0264449343085289,0.14529718458652496,-0.00678311288356781,116421.90625,47101.3125,69320.59375,116640.078125,47164.25,69475.828125,-0.001873976201750338,-0.0013362154131755233,-0.0022393688559532166,-0.1873976201750338,2.8925207126885653,1.4385095050930976,2.706500251311809,1.4347078493237493,1.393797340989113,3.005968271642923,1.1937852092087269,960.4242947467094,960.4242947467094,greedy,1.1937852092087269,0.0,hard_fault_cluster
672,N8141,observe,-1.0607906579971313,0.6118691354990006,0.6766860663890838,-1.0607906579971313,0.24735136330127716,0.5787434950470924,0.6760199546813964,0.0024735136330127716,-0.028056472539901733,-0.011617278680205345,-0.011617278680205345,0.18723757609724997,0.022080667316913605,0.14031364023685455,-0.009214118123054504,116637.921875,47162.15625,69475.765625,117155.328125,47447.421875,69707.90625,-0.0044360035099089146,-0.006048612762242556,-0.0033413178753107786,-0.44360035099089146,2.4438008163124323,0.7264245199412108,2.2670002528466284,0.7264164733141661,0.6146537929773331,0.6361622589081526,0.6118691354990006,961.0361638822084,961.0361638822084,greedy,0.6118691354990006,0.0,hard_fault_cluster
673,N19254,observe,-0.9783627986907959,0.7483931362628937,2.1181050717830656,-0.9783627986907959,0.24824829399585724,0.7539008602499963,0.690665990114212,0.002482482939958572,-0.03346487879753113,-0.008176399394869804,-0.008176399394869804,0.4986884412169456,0.023881789296865463,0.130465567111969,-0.006509736180305481,117156.953125,47449.52734375,69707.421875,116508.6796875,47308.46875,69200.2109375,0.0055333757773041725,0.002972813555970788,0.007276283111423254,0.5533375777304173,2.6282508242875338,0.8467671513557434,2.448196903336793,0.8468371570110321,0.8225552469491959,1.4778530644625427,0.7483931362628937,961.7845570184712,961.7845570184712,greedy,0.7483931362628937,0.0,hard_fault_cluster
674,N18305,observe,-0.9416649341583252,0.9313418835401535,2.4445209264755245,-0.9416649341583252,0.24791844189167023,0.8155229836702347,1.785000991821289,0.0024791844189167023,-0.032136470079422,-0.006779184564948082,-0.006779184564948082,0.41735823273658745,0.023430950939655304,0.13255839049816132,-0.007093183696269989,116508.7109375,47308.3515625,69200.359375,116542.015625,47237.6328125,69304.3828125,-0.00028585578547790647,0.0014948470052331686,-0.0015032211085781455,-0.028585578547790647,2.5842343512922525,0.9956405782699587,2.403379908297211,0.9951674365997316,0.9064468502998353,2.3198293161392214,0.9313418835401535,962.7158989020114,962.7158989020114,greedy,0.9313418835401535,0.0,hard_fault_cluster
675,N3536,observe,-1.0819306373596191,0.61877471357584,0.6796048045158386,-1.0819306373596191,0.24368737637996674,0.5832262352108956,0.6776709794998169,0.002436873763799667,-0.031002163887023926,-0.009959777817130089,-0.009959777817130089,0.16674951277673244,0.021064944565296173,0.13310159742832184,-0.008703179657459259,116541.421875,47236.84375,69304.578125,117042.3671875,47476.8984375,69565.46875,-0.00429843133315444,-0.005081937648355961,-0.0037644067779183388,-0.429843133315444,2.340222055092454,0.7275313951447606,2.1649263561703265,0.7275505461171269,0.6132539719343185,0.6347155701369047,0.61877471357584,963.3346736155872,963.3346736155872,greedy,0.61877471357584,0.0,hard_fault_cluster
676,N12654,observe,-0.6116739511489868,1.0916439339518547,1.052204257249832,-0.6116739511489868,0.2663402557373047,1.1256377056241036,0.9296273469924926,0.002663402557373047,-0.023870795965194702,-0.011157838627696037,-0.011157838627696037,0.3592599481344223,0.031018123030662537,0.15284918248653412,-0.0029431432485580444,117043.0,47477.8125,69565.1875,116578.5078125,47254.2734375,69324.234375,0.003968560136854649,0.004708284977823496,0.003463702742010355,0.39685601368546486,3.3569947201758623,1.578138837814331,3.165607907343656,1.5473114585876464,1.204756750166416,1.1122174487262964,1.0916439339518547,964.4263175495391,964.4263175495391,greedy,1.0916439339518547,0.0,hard_fault_cluster
677,N2695,observe,-0.8151687383651733,1.1189262971282004,1.806776225566864,-0.8151687383651733,0.2568907141685486,0.988753978163004,0.9847257256507873,0.002568907141685486,-0.03230208158493042,-0.012115051969885826,-0.012115051969885826,0.3322281797230243,0.02846454083919525,0.13912254571914673,-0.0057917386293411255,116577.7109375,47253.0390625,69324.671875,116874.140625,47581.13671875,69293.0078125,-0.0025427646469324827,-0.006943419110029936,0.00045675027649849653,-0.25427646469324827,3.091229746118188,1.5448103873431684,2.907647999469191,1.5483759014308454,1.126768136024475,1.432842185422778,1.1189262971282004,965.5452438466673,965.5452438466673,greedy,1.1189262971282004,0.0,hard_fault_cluster
678,N19245,observe,-0.8986872434616089,1.0611973762512208,1.2251734673976897,-0.8986872434616089,0.25086355209350586,0.938981258869171,0.7394367456436157,0.0025086355209350585,-0.034872740507125854,-0.0032157953828573227,-0.0032157953828573227,0.6876210737228393,0.025887124240398407,0.13092105090618134,-0.004931822419166565,116874.734375,47582.39453125,69292.34375,116568.125,47529.2734375,69038.8515625,0.0026234015822410583,0.0011164023308083415,0.003658300032839179,0.26234015822410583,2.8363601807504892,1.1706387466192245,2.650624363217503,1.1676443821191786,1.073131576180458,1.0935589227825404,1.0611973762512208,966.6064412229185,966.6064412229185,greedy,1.0611973762512208,0.0,hard_fault_cluster
679,N8135,observe,-1.044266939163208,0.614985154569149,0.675876122713089,-1.044266939163208,0.2439505010843277,0.5806150346994401,0.6752159357070923,0.002439505010843277,-0.03169187903404236,-0.0048528145998716354,-0.0048528145998716354,0.17604569822549818,0.022438373416662216,0.1328210085630417,-0.0072416216135025024,116566.3203125,47527.0703125,69039.25,116983.4140625,47645.4453125,69337.96875,-0.0035781669430434704,-0.002490685787051916,-0.004326796159148216,-0.35781669430434704,2.4829350281506777,0.7218704667687416,2.3036117632873356,0.7218845215439796,0.60851678699255,0.6317014146596194,0.614985154569149,967.2214263774877,967.2214263774877,greedy,0.614985154569149,0.0,hard_fault_cluster
680,N18371,observe,-0.9199112057685852,1.000908549875021,2.476889503002167,-0.9199112057685852,0.24796567857265472,0.8114532642066479,2.0292783200740816,0.0024796567857265474,-0.03098273277282715,-0.0034096892923116684,-0.0034096892923116684,0.43660121262073515,0.023728255182504654,0.1341378539800644,-0.006737127900123596,116985.109375,47647.484375,69337.625,116766.078125,47443.375,69322.703125,0.0018723002867773175,0.004283738788217306,0.0002152060333173722,0.18723002867773175,2.6173815075308084,1.0560285717248916,2.433964515570551,1.0566585153341295,0.8907551929354668,2.469947059676051,1.000908549875021,968.2223349273627,968.2223349273627,greedy,1.000908549875021,0.0,hard_fault_cluster
681,N3506,observe,-1.09063720703125,0.6020065888762475,0.674501758813858,-1.09063720703125,0.24306704103946686,0.5633337870240211,0.6745000958442687,0.0024306704103946686,-0.03097936511039734,-0.007035365328192711,-0.007035365328192711,0.16016076661646364,0.020916029810905457,0.13362768292427063,-0.008644640445709229,116765.515625,47442.60546875,69322.90625,117281.0,47676.99609375,69604.0078125,-0.004414697177708149,-0.004940509330481291,-0.004054959397763014,-0.4414697177708149,2.32763465680182,0.7089270023629068,2.150610900018364,0.708927377872169,0.5823143035173416,0.6145769526064396,0.6020065888762475,968.824341516239,968.824341516239,greedy,0.6020065888762475,0.0,hard_fault_cluster
682,N12662,observe,-0.6251850128173828,1.0167752280831337,0.983832061290741,-0.6251850128173828,0.26622676849365234,0.9598767951130868,1.0196496129035948,0.0026622676849365236,-0.023912012577056885,-0.010578377172350883,-0.010578377172350883,0.27676093728299744,0.03105427697300911,0.1521352231502533,-0.0029551684856414795,117281.65625,47677.93359375,69603.71875,116785.1953125,47434.5390625,69350.65625,0.004233065526932478,0.005104972515255213,0.00363576109521091,0.4233065526932478,3.3610760886222124,1.2203306097938003,3.1693397951312363,1.2247423071814956,1.0622109740972518,1.1060429133474827,1.0167752280831337,969.8411167443221,969.8411167443221,greedy,1.0167752280831337,0.0,hard_fault_cluster
683,N9578,observe,-0.7507181763648987,1.3450897753238678,2.2450167775154113,-0.7507181763648987,0.26011937856674194,1.1373476162552834,1.1410795271396637,0.0026011937856674195,-0.02842119336128235,-0.0076091233640909195,-0.0076091233640909195,0.5153016677498817,0.02770340070128441,0.14293766021728516,-0.005739986896514893,116784.40625,47433.83984375,69350.5625,116628.921875,47337.9609375,69290.9609375,0.0013313796371221542,0.002021318767219782,0.0008594243554398417,0.13313796371221542,3.022850325331092,1.5012516433000564,2.8334676339291036,1.4962438517808914,1.2909796506166458,1.7309608525782822,1.3450897753238678,971.186206519646,971.186206519646,greedy,1.3450897753238678,0.0,hard_fault_cluster
684,N9582,observe,-0.7381831407546997,1.1892668917775153,2.2000582575798036,-0.7381831407546997,0.2608868479728699,1.0255196154117583,1.1857558190822601,0.002608868479728699,-0.031435251235961914,-0.003902515396475792,-0.003902515396475792,0.5162624707818031,0.02690994367003441,0.13959714770317078,-0.005385145545005798,116628.9453125,47337.984375,69290.9609375,116432.859375,47247.95703125,69184.90625,0.0016812802059575915,0.0019017992308363318,0.0015305703273043036,0.16812802059575915,2.947978699579835,1.2982346341013908,2.7552404501475394,1.29734113663435,1.1689494520425796,1.7207675876468418,1.1892668917775153,972.3754734114235,972.3754734114235,greedy,1.1892668917775153,0.0,hard_fault_cluster
685,N7446,observe,-0.8174653053283691,0.9309908248484134,1.34001824259758,-0.8174653053283691,0.2563651204109192,0.825706872344017,0.9486521482467651,0.002563651204109192,-0.03305751085281372,0.0002231243997812271,0.0002231243997812271,0.4951084505021572,0.024965625256299973,0.13897983729839325,-0.0062101781368255615,116433.15625,47248.171875,69184.984375,116550.359375,47243.63671875,69306.71875,-0.0010066130198538303,9.598585893400013e-05,-0.0017595490207895637,-0.10066130198538303,2.7531507704406977,1.0552729526162148,2.5607095868326724,1.0551114299893378,0.9023424364626408,1.1424293864518402,0.9309908248484134,973.306464236272,973.306464236272,greedy,0.9309908248484134,0.0,hard_fault_cluster
686,N19244,observe,-0.900015652179718,0.8805122762918471,1.1345411658287046,-0.900015652179718,0.25178366899490356,0.82299375385046,0.6880543291568756,0.0025178366899490357,-0.040272027254104614,0.0034368354827165604,0.0034368354827165604,0.5995442715287208,0.023321393877267838,0.1291995644569397,-0.005202196538448334,116550.640625,47244.078125,69306.5625,116062.25,47140.51953125,68921.734375,0.00419037276878953,0.0021919910795986652,0.005552549380809069,0.419037276878953,2.587359892204404,1.0245697611570357,2.395944513846189,1.0242091649770737,0.9323281794786453,1.015330246090889,0.8805122762918471,974.1869765125638,974.1869765125638,greedy,0.8805122762918471,0.0,hard_fault_cluster
687,N3408,observe,-0.9917829036712646,0.6170735582709312,0.7550024211406707,-0.9917829036712646,0.24723468720912933,0.5810056731104851,0.6768253803253174,0.0024723468720912935,-0.03760594129562378,0.0009954292327165604,0.0009954292327165604,0.16045319609344003,0.02145533263683319,0.13197892904281616,-0.0072260648012161255,116061.625,47139.59375,68922.03125,116370.6015625,47223.5546875,69147.046875,-0.0026621767319738865,-0.0017811128636822104,-0.0032647852785885334,-0.26621767319738865,2.393763380125165,0.7254377290979028,2.2075907927937806,0.7255348787084221,0.6123831063508988,0.6694836455583573,0.6170735582709312,974.8040500708347,974.8040500708347,greedy,0.6170735582709312,0.0,hard_fault_cluster
688,N8138,observe,-1.0903276205062866,0.5819160878658295,0.6756350696086884,-1.0903276205062866,0.2439352422952652,0.5320965617895126,0.6751677632331848,0.002439352422952652,-0.035208165645599365,-0.0036693867295980453,-0.0036693867295980453,0.13954487919807435,0.020137570798397064,0.13073694705963135,-0.008845023810863495,116369.2890625,47222.21875,69147.0703125,116873.8671875,47453.1171875,69420.75,-0.004336007405072451,-0.004889614414423704,-0.0039579360745847225,-0.43360074050724506,2.2540229354053736,0.6895447859168052,2.073823543731123,0.689563293159008,0.5301512941718102,0.5807228569686413,0.5819160878658295,975.3859661587005,975.3859661587005,greedy,0.5819160878658295,0.0,hard_fault_cluster
689,N12665,observe,-0.6135834455490112,1.0812401667237281,2.5283153176307676,-0.6135834455490112,0.26723527908325195,1.013209581375122,1.1906203627586365,0.0026723527908325195,-0.027696669101715088,-0.0070235636085271835,-0.0070235636085271835,0.4726133707165718,0.03069739043712616,0.14912135899066925,-0.003458082675933838,116875.875,47455.39453125,69420.484375,116464.96875,47283.6484375,69181.3203125,0.00351574900560081,0.003619105787947774,0.003445151261985302,0.351574900560081,3.3299507591873407,1.240660425722599,3.134791972581297,1.244142147600651,1.1165197893977166,1.9232066797465088,1.0812401667237281,976.4672063254243,976.4672063254243,greedy,1.0812401667237281,0.0,hard_fault_cluster
690,N2256,observe,-0.751255989074707,0.903217600286007,2.4166625201702114,-0.751255989074707,0.26319313049316406,0.9032026708126069,1.244383281469345,0.002631931304931641,-0.029928654432296753,-0.010603850707411766,-0.010603850707411766,0.2643312361836433,0.028048135340213776,0.13715629279613495,-0.005972921848297119,116461.859375,47279.62109375,69182.234375,116362.0390625,47227.4609375,69134.578125,0.0008571073412895203,0.0011032270267605782,0.0006888509960845113,0.08571073412895203,3.05740281380713,0.9936271840333938,2.8679608539678156,0.9972594851255416,1.013215570151806,1.8434747295081617,0.903217600286007,977.3704239257103,977.3704239257103,greedy,0.903217600286007,0.0,hard_fault_cluster
691,N19251,observe,-0.9014533758163452,0.7657110951840876,1.3315759360790251,-0.9014533758163452,0.25244641304016113,0.7709959395229816,0.7393374502658843,0.0025244641304016115,-0.037218064069747925,-0.003424478694796562,-0.003424478694796562,0.5671383687853813,0.02551000565290451,0.1271221935749054,-0.005489364266395569,116364.921875,47231.43359375,69133.484375,116155.03125,47280.171875,68874.859375,0.001803727587684989,-0.001031903550028801,0.003740951418876648,0.1803727587684989,2.8000224996358156,0.8589286184310914,2.613256048876792,0.8589596784114838,0.8277088209986686,1.101490773037076,0.7657110951840876,978.1361350208944,978.1361350208944,greedy,0.7657110951840876,0.0,hard_fault_cluster
692,N7261,observe,-0.8884979486465454,0.8738742277026177,2.436146819591522,-0.8884979486465454,0.25076526403427124,0.7179032281041146,1.5083070993423462,0.0025076526403427124,-0.03600698709487915,0.00042011402547359467,0.00042011402547359467,0.4532458716630936,0.024774692952632904,0.13094377517700195,-0.006070487201213837,116155.1796875,47280.0625,68875.1171875,116226.140625,47231.03125,68995.109375,-0.0006109149544499815,0.001037038629874587,-0.0017421703087165952,-0.061091495444998145,2.7286546733230352,0.9180383157730102,2.5402656397782266,0.9174579930305481,0.7450812876224517,2.0033326056599616,0.8738742277026177,979.0100092485969,979.0100092485969,greedy,0.8738742277026177,0.0,hard_fault_cluster
693,N3486,observe,-1.0334608554840088,0.6176123008131981,0.8651666522026062,-1.0334608554840088,0.24667967855930328,0.5806590244174004,0.6770437955856323,0.0024667967855930327,-0.03479364514350891,-0.0030515696853399277,-0.0030515696853399277,0.15577243104577063,0.022331848740577698,0.13199709355831146,-0.007922649383544922,116225.3671875,47230.203125,68995.1640625,116595.5703125,47381.1640625,69214.40625,-0.0031852179672569036,-0.003196279751136899,-0.003177645616233349,-0.31852179672569036,2.476812982931733,0.7252986865490675,2.2940919012762606,0.7253727691620588,0.6132002010941506,0.7208897533267737,0.6176123008131981,979.6276215494102,979.6276215494102,greedy,0.6176123008131981,0.0,hard_fault_cluster
694,N12663,observe,-0.6073876619338989,1.460435336828232,2.805571830272674,-0.6073876619338989,0.2678731679916382,1.178395088016987,1.812004268169403,0.002678731679916382,-0.027142316102981567,-0.00294443778693676,-0.00294443778693676,0.4764273530244827,0.031743668019771576,0.15194667875766754,-0.0021921470761299133,116596.2890625,47382.1484375,69214.140625,116205.28125,47211.46875,68993.8125,0.003353518433868885,0.0036021939013153315,0.0031832819804549217,0.3353518433868885,3.439295532181859,1.6825034789741038,3.240598984528333,1.6889960341155528,1.361313384771347,2.311711294427514,1.460435336828232,981.0880568862384,981.0880568862384,greedy,1.460435336828232,0.0,hard_fault_cluster
695,N7940,observe,-0.7991252541542053,1.0979008734226225,2.4215932488441467,-0.7991252541542053,0.25674009323120117,0.9065785184502602,1.0270105302333832,0.0025674009323120115,-0.034795552492141724,-0.004888923838734627,-0.004888923838734627,0.29312357701361175,0.02867283672094345,0.13962720334529877,-0.005127564072608948,116202.828125,47208.88671875,68993.9375,116505.296875,47544.09375,68961.203125,-0.002602937864139676,-0.007100507151335478,0.00047445291420444846,-0.2602937864139676,3.1191348414868116,1.3489409613236787,2.9302464644424617,1.35593466039747,1.0624202072620392,1.7204274823889136,1.0979008734226225,982.185957759661,982.185957759661,greedy,1.0979008734226225,0.0,hard_fault_cluster
696,N19241,observe,-0.8894854187965393,1.007929253578186,1.2974764823913574,-0.8894854187965393,0.24816475808620453,0.8713925108313562,0.6996869981288909,0.002481647580862045,-0.03649747371673584,0.002373604103922844,0.002373604103922844,0.6385440167784691,0.02555117756128311,0.13038745522499084,-0.004796013236045837,116507.59375,47546.65234375,68960.9375,116097.09375,47430.83203125,68666.265625,0.0035233753733336926,0.0024359298404306173,0.004273025784641504,0.35233753733336926,2.8056561183184385,1.104174805879593,2.617752346675843,1.1050418567657472,1.0250231370329856,1.1072132827341556,1.007929253578186,983.1938870132392,983.1938870132392,greedy,1.007929253578186,0.0,hard_fault_cluster
697,N7213,observe,-0.8882245421409607,0.8467989519238472,1.6813446044921874,-0.8882245421409607,0.2464781552553177,0.7033782988786698,1.3810632288455962,0.002464781552553177,-0.03529515862464905,0.004171149805188179,0.004171149805188179,0.3996280494332314,0.024414490908384323,0.13291966915130615,-0.005700118839740753,116097.15625,47430.67578125,68666.484375,116063.3125,47311.31640625,68751.9921875,0.00029151231865398586,0.00251650158315897,-0.0012452626833692193,0.029151231865398586,2.692098395898938,0.8984195011854171,2.504111417103559,0.8980549889802932,0.7410960644483566,1.604570709913969,0.8467989519238472,984.040685965163,984.040685965163,greedy,0.8467989519238472,0.0,hard_fault_cluster
698,N3554,observe,-1.0236316919326782,0.6204652622342111,0.725816011428833,-1.0236316919326782,0.2438300997018814,0.5824823185801505,0.7450536727905273,0.002438300997018814,-0.03339102864265442,-0.0005606617778539658,-0.0005606617778539658,0.158890826664865,0.022324305027723312,0.13367651402950287,-0.007501184940338135,116062.5625,47310.5078125,68752.0546875,116282.484375,47381.6796875,68900.8046875,-0.0018948562210425735,-0.0015043566236272454,-0.002163571771234274,-0.18948562210425735,2.4756999406963587,0.7277529016323387,2.293247862253338,0.7278268233127893,0.6146409317851067,0.6979723695665598,0.6204652622342111,984.6611512273972,984.6611512273972,greedy,0.6204652622342111,0.0,hard_fault_cluster
699,N8129,observe,-1.112452507019043,0.5478869557380677,0.675772488117218,-1.112452507019043,0.2409803420305252,0.4830243945121765,0.6748122274875641,0.0024098034203052523,-0.03159087896347046,-0.0037249531596899033,-0.0037249531596899033,0.12441400483250618,0.020605888217687607,0.13236303627490997,-0.00890110433101654,116281.078125,47380.296875,68900.78125,116754.375,47593.19140625,69161.1875,-0.00407028291374445,-0.004493313375860453,-0.0037794383242726326,-0.40702829137444496,2.297844210639596,0.6614423962682485,2.1199026689864695,0.6614598842710256,0.4558040454983711,0.5322315926849842,0.5478869557380677,985.2090381831352,985.2090381831352,greedy,0.5478869557380677,0.0,hard_fault_cluster
700,N19328,observe,-0.9855343103408813,0.859972582757473,0.47222394916461774,-0.9855343103408813,0.24314303696155548,0.9567882478237152,0.7131685197353362,0.002431430369615555,-0.03752124309539795,-0.000592326745390892,-0.000592326745390892,0.5137530639767647,0.02303037792444229,0.12418907880783081,-0.005863256752490997,116756.28125,47595.484375,69160.796875,116111.03125,47423.89453125,68687.1328125,0.005526469089090824,0.003605170641094446,0.006848736200481653,0.5526469089090824,2.5455885026603937,1.1460297805070878,2.3636754699982703,1.1469273549318313,1.114739090204239,0.8851647191983648,0.859972582757473,986.0690107658927,986.0690107658927,greedy,0.859972582757473,0.0,hard_fault_cluster
701,N12628,observe,-0.6425532102584839,0.984372565150261,0.9129039108753203,-0.6425532102584839,0.26209187507629395,0.9781996227800845,0.8601730704307555,0.0026209187507629395,-0.024996817111968994,-0.005050504580140114,-0.005050504580140114,0.2756049348413944,0.03196621313691139,0.14642803370952606,-0.0019359663128852844,116111.1796875,47423.9140625,68687.265625,115871.375,47299.296875,68572.078125,0.002065302338451147,0.002627728972584009,0.0016769848298281431,0.2065302338451147,3.453662684187293,1.3934754779934884,3.2608816563151777,1.4007486632466317,1.0635503359138967,0.950784100033343,0.984372565150261,987.0533833310429,987.0533833310429,greedy,0.984372565150261,0.0,hard_fault_cluster
702,N3478,observe,-1.0389326810836792,0.6233066439628602,0.6824636459350586,-1.0389326810836792,0.24370791018009186,0.5858213916420937,0.6775317490100861,0.0024370791018009184,-0.026358753442764282,-0.00403795950114727,-0.00403795950114727,0.1636585323512554,0.023872006684541702,0.13664203882217407,-0.007623665034770966,115870.4765625,47298.234375,68572.2421875,116513.65625,47609.8671875,68903.7890625,-0.00555085064843297,-0.0065886774100363255,-0.004835001192986965,-0.555085064843297,2.626870619133115,0.7309073334187268,2.4471181561239064,0.7310280864685773,0.6198310434818268,0.6389784500747919,0.6233066439628602,987.6766899750058,987.6766899750058,greedy,0.6233066439628602,0.0,hard_fault_cluster
703,N8140,observe,-1.1658735275268555,0.5562082976102829,0.6817648112773895,-1.1658735275268555,0.23842845857143402,0.4932032302021981,0.6751302957534789,0.0023842845857143403,-0.02472779154777527,-0.00764048658311367,-0.00764048658311367,0.09062642920063808,0.021260254085063934,0.13366490602493286,-0.009286202490329742,116512.4765625,47608.6484375,68903.828125,117171.34375,47915.7578125,69255.5859375,-0.00565490685403347,-0.006450705695897341,-0.005105054937303066,-0.565490685403347,2.356813380494714,0.6596544767392333,2.1837224015034735,0.6596744323743041,0.46452012807130816,0.5409019971638918,0.5562082976102829,988.2328982726161,988.2328982726161,greedy,0.5562082976102829,0.0,hard_fault_cluster
704,N19277,observe,-1.0090525150299072,0.7978448145091533,0.7063161849975585,-1.0090525150299072,0.24221284687519073,0.8364005364477634,0.6820419073104858,0.0024221284687519075,-0.03264567255973816,-0.005635043606162071,-0.005635043606162071,-0.4042655459046364,0.024402614682912827,0.1260693222284317,-0.005810946226119995,117173.171875,47917.984375,69255.1875,116523.0703125,47739.484375,68783.5859375,0.005548211745917797,0.0037251149769872427,0.006809620652347803,0.5548211745917797,2.6768392715603113,0.7703139907121659,2.49940591910854,0.7703347510099412,0.9778239503502846,0.9172758517414332,0.7978448145091533,989.0307430871253,989.0307430871253,greedy,0.7978448145091533,0.0,hard_fault_cluster
705,N12522,observe,-0.6684645414352417,0.6780272915959358,0.6821670651435852,-0.6684645414352417,0.26118284463882446,0.6784332394599915,0.675081342458725,0.0026118284463882446,-0.020985275506973267,-0.00954863615334034,-0.00954863615334034,0.20247986805559776,0.03259966894984245,0.14682960510253906,-0.0012950897216796875,116523.1953125,47739.4921875,68783.703125,116214.1875,47562.67578125,68651.5078125,0.0026518995873630047,0.003703776514157653,0.0019218986853957176,0.26518995873630047,3.5116011034697294,0.7825415969957613,3.3228754471056163,0.7824794233907961,0.7760656639933586,0.7440376210957766,0.6780272915959358,989.7087703787213,989.7087703787213,greedy,0.6780272915959358,0.0,hard_fault_cluster
706,N9605,observe,-0.6371563076972961,1.6951371654868126,3.039572596549988,-0.6371563076972961,0.2515411972999573,1.0867949351668358,2.242814576625824,0.002515411972999573,-0.026036232709884644,-0.010622968897223473,-0.010622968897223473,0.411040506362915,0.03147067874670029,0.14355288445949554,-0.0015223994851112366,116212.9296875,47560.9140625,68652.015625,115410.4140625,47270.5625,68139.8515625,0.0069055622443556786,0.0061048357747495174,0.007460291497409344,0.6905562244355679,3.3879861030727625,1.642380336523056,3.207297431770712,1.659816197156906,1.6136947333812712,3.096728828847408,1.6951371654868126,991.4039075442081,991.4039075442081,greedy,1.6951371654868126,0.0,hard_fault_cluster
707,N3545,observe,-0.9974900484085083,0.6164012104272842,0.4725274776341393,-0.9974900484085083,0.2367544323205948,0.5891344606876374,0.6770540535449981,0.0023675443232059478,-0.02355504035949707,-0.010045645758509636,-0.010045645758509636,0.15109564921818672,0.025270506739616394,0.13647902011871338,-0.007157951593399048,115410.9375,47271.43359375,68139.5,115931.46875,47499.63671875,68431.828125,-0.004510242026299238,-0.00482750590890646,-0.004290142096579075,-0.4510242026299238,2.7537594605237246,0.7237294632615521,2.5837278706021607,0.7237294096173719,0.629701030254364,0.551201043506153,0.6164012104272842,992.0203087546354,992.0203087546354,greedy,0.6164012104272842,0.0,hard_fault_cluster
708,N19280,observe,-0.9338734745979309,0.7454525023698807,0.6769122421741485,-0.9338734745979309,0.23413173854351044,0.7682151719927787,0.6899842023849487,0.0023413173854351043,-0.028742164373397827,-0.008452111855149269,-0.008452111855149269,0.4244967582821846,0.026869237422943115,0.12881708145141602,-0.0050626397132873535,115931.8359375,47500.4921875,68431.34375,115342.4921875,47317.4296875,68025.0625,0.005083536729216576,0.0038539073430001736,0.005937063600867987,0.5083536729216576,2.9126033689826727,0.8333482050895691,2.743343648966402,0.8333482050895691,0.84434322565794,0.7877103978395461,0.7454525023698807,992.7657612570052,992.7657612570052,greedy,0.7454525023698807,0.0,hard_fault_cluster
709,N12622,observe,-0.6579917669296265,0.975525389611721,2.4782637298107146,-0.6579917669296265,0.2562783360481262,0.964599297195673,2.4940397918224333,0.0025627833604812624,-0.020327776670455933,-0.010496160015463829,-0.010496160015463829,0.2549093537218869,0.0340072400867939,0.14900435507297516,0.000337112694978714,115342.546875,47317.41796875,68025.1328125,115083.3046875,47146.7109375,67936.59375,0.0022475849837064743,0.0036076996475458145,0.0013015639269724488,0.22475849837064743,3.6465061847120523,0.8099076566006989,3.4621695526875556,0.8099076566006989,0.9971191339194774,2.6259537462517617,0.975525389611721,993.7412866466169,993.7412866466169,greedy,0.975525389611721,0.0,hard_fault_cluster
710,N3445,observe,-1.0551902055740356,0.6271418839693069,0.6841312408447265,-1.0551902055740356,0.23737646639347076,0.5892784193158149,0.7342223942279815,0.0023737646639347076,-0.021796077489852905,-0.008099427446722984,-0.008099427446722984,0.16826188556849953,0.025486912578344345,0.13845914602279663,-0.007330410182476044,115082.640625,47145.8046875,67936.8359375,115710.984375,47419.125,68291.859375,-0.005459934938699007,-0.005797341000288725,-0.005225786939263344,-0.5459934938699007,2.7779682967811823,0.7342644970491528,2.6060105175711215,0.7344825606420635,0.6237611249089241,0.676284861266613,0.6271418839693069,994.3684285305862,994.3684285305862,greedy,0.6271418839693069,0.0,hard_fault_cluster
711,N8142,observe,-1.1888753175735474,0.5311252728104592,0.47484646067023273,-1.1888753175735474,0.23353688418865204,0.45736937820911416,0.6750826895236969,0.0023353688418865206,-0.020056486129760742,-0.012151924893260002,-0.012151924893260002,0.04278552256524562,0.022382516413927078,0.13425618410110474,-0.00906292349100113,115709.5703125,47417.7734375,68291.796875,116323.390625,47683.0703125,68640.3203125,-0.005304836202412844,-0.005594882648438215,-0.005103445146232843,-0.5304836202412844,2.4596366006881,0.6302541378512979,2.293597881216556,0.6302541914954781,0.40465659946203236,0.4059574136137962,0.5311252728104592,994.8995538033967,994.8995538033967,greedy,0.5311252728104592,0.0,hard_fault_cluster
712,N19275,observe,-1.0104382038116455,0.7613003522157669,0.7309625744819641,-1.0104382038116455,0.23634396493434906,0.8183901235461235,0.72944016456604,0.0023634396493434906,-0.02764478325843811,-0.012353191152215004,-0.012353191152215004,-0.2062276551127434,0.02614046260714531,0.12780462205410004,-0.0057658851146698,116325.2421875,47685.3203125,68639.921875,115571.2421875,47458.1015625,68113.140625,0.006481826305389404,0.004764962010085583,0.007674560882151127,0.6481826305389404,2.838037034496665,0.7619854211807251,2.6700439541600645,0.7620227575302124,0.9059680730104446,0.8640974681824445,0.7613003522157669,995.6608541556125,995.6608541556125,greedy,0.7613003522157669,0.0,hard_fault_cluster
713,N12620,observe,-0.6924774050712585,0.9984098538756371,2.4894315004348755,-0.6924774050712585,0.2576001286506653,0.9796847172081471,2.491728866100311,0.0025760012865066527,-0.01774442195892334,-0.013768142089247704,-0.013768142089247704,0.1965358588099479,0.03340207040309906,0.14772266149520874,-0.0002973824739456177,115571.3515625,47458.1015625,68113.25,115245.0703125,47260.7265625,67984.34375,0.0028232017066329718,0.0041589317843317986,0.0018925282638520002,0.2823201706632972,3.5840390268713236,0.8129000473767518,3.4011650369502604,0.8129000473767518,1.0299043677747248,2.698801813982427,0.9984098538756371,996.6592640094881,996.6592640094881,greedy,0.9984098538756371,0.0,hard_fault_cluster
714,N3516,observe,-1.1034142971038818,0.6173463508486747,0.4724102345586288,-1.1034142971038818,0.2387794703245163,0.5879932150244713,0.6781197369098663,0.002387794703245163,-0.020132005214691162,-0.010986214503645897,-0.010986214503645897,0.14438068985939023,0.02472670003771782,0.1371021419763565,-0.007660716772079468,115244.4375,47259.83203125,67984.6015625,115944.5625,47562.03125,68382.53125,-0.006075130309909582,-0.00639442028477788,-0.005853232461959124,-0.6075130309909582,2.7004632595926523,0.7174205213785172,2.5296183177269995,0.7174205750226975,0.614941592514515,0.5415344749961515,0.6173463508486747,997.2766103603368,997.2766103603368,greedy,0.6173463508486747,0.0,hard_fault_cluster
715,N9591,observe,-0.7888479232788086,1.5243489265441894,2.896507656574249,-0.7888479232788086,0.24413396418094635,1.0384879991412164,1.9595902264118192,0.0024413396418094635,-0.01862505078315735,-0.01584903709590435,-0.01584903709590435,-0.3415941694378854,0.028873875737190247,0.13906057178974152,-0.003609776496887207,115943.9765625,47561.4453125,68382.53125,115303.78125,47321.22265625,67982.5546875,0.005521591752767563,0.00505078537389636,0.0058491043746471405,0.5521591752767563,3.1156725008040667,1.4826822900772096,2.944458805490285,1.5025612139701845,1.4440232425928117,2.8110683150589466,1.5243489265441894,998.800959286881,998.800959286881,greedy,1.5243489265441894,0.0,hard_fault_cluster
716,N8131,observe,-1.1138805150985718,0.584649796783924,0.4747139471583068,-1.1138805150985718,0.23197008669376373,0.5376723662018776,0.6751572489738464,0.002319700866937637,-0.019389569759368896,-0.015625251457095146,-0.015625251457095146,0.11689071536064147,0.023423247039318085,0.13342784345149994,-0.008342035114765167,115302.828125,47320.3984375,67982.4296875,115935.265625,47583.34375,68351.921875,-0.005485013127326965,-0.0055567012168467045,-0.005435112863779068,-0.5485013127326965,2.558669539168477,0.6873588800430298,2.3964109127409756,0.687359094619751,0.5383405148983001,0.49280869802460076,0.584649796783924,999.3856090836649,999.3856090836649,greedy,0.584649796783924,0.0,hard_fault_cluster
717,N19272,observe,-0.9814086556434631,0.7232164151966572,0.6800227940082549,-0.9814086556434631,0.23413707315921783,0.7258844502270222,0.6914167404174805,0.0023413707315921785,-0.02611243724822998,-0.014505309984087944,-0.014505309984087944,-0.22429907798767093,0.02678409218788147,0.1284445822238922,-0.0055940598249435425,115937.09375,47585.60546875,68351.484375,115167.203125,47341.32421875,67825.875,0.006640589330345392,0.005133511498570442,0.007689801976084709,0.6640589330345392,2.898040981963277,0.7384241354465485,2.7333171595819294,0.7384864699840546,0.8061534747481346,0.7668223399668932,0.7232164151966572,1000.1088254988616,1000.1088254988616,greedy,0.7232164151966572,0.0,hard_fault_cluster
718,N1985,observe,-0.9500659108161926,0.972969114035368,2.5270442605018615,-0.9500659108161926,0.13421332836151123,-0.2571536707878113,-2.076715466380119,0.0013421332836151122,0.15523937344551086,0.0428428053855896,0.0428428053855896,2.7374761909991503,0.0056313201785087585,0.10016505420207977,-0.0030464082956314087,115163.9140625,47335.2109375,67828.703125,117860.0625,48104.21875,69755.84375,-0.023411400616168976,-0.016246000304818153,-0.028411874547600746,-2.3411400616168976,0.7401881515979767,-0.28531683117151263,0.6073960512876511,-0.3149720492959023,-0.5995596528053284,-0.8097137743234633,0.972969114035368,1001.0817946128969,1001.0817946128969,greedy,0.972969114035368,0.0,hard_fault_cluster
719,N12518,observe,-0.4903581440448761,0.6023834622250891,1.16546813249588,-0.4903581440448761,0.21577702462673187,0.618206551126673,0.9834052317140048,0.002157770246267319,0.13800287246704102,-0.0474277064204216,-0.0474277064204216,-0.24253503057239417,-0.0017489343881607056,0.16399645805358887,0.014359086751937866,117862.765625,48110.14453125,69752.6171875,117046.5390625,47940.2265625,69106.3125,0.006925228517502546,0.0035318532027304173,0.009265669621527195,0.6925228517502546,-0.006544120609760284,0.2114176837854916,-0.132806109264493,0.2114179387032141,1.6432733208802572,1.1910739599056057,0.6023834622250891,1001.6841780751221,1001.6841780751221,greedy,0.6023834622250891,0.0,hard_fault_cluster
720,N6002,observe,-0.8659424781799316,0.7633672297000884,2.2893386781215668,-0.8659424781799316,0.24265600740909576,0.7876154586672782,0.4933510366827249,0.0024265600740909577,-0.02220475673675537,-0.019518857821822166,-0.019518857821822166,-0.4096668115258217,0.027589842677116394,0.1365041583776474,-0.005943804979324341,117045.703125,47938.96875,69106.734375,116467.8203125,47926.6328125,68541.1875,0.004937240853905678,0.00025732588255777955,0.008183672092854977,0.4937240853905678,2.982121417298913,0.9896145719289781,2.814768555108458,0.9882293719053269,0.9563341245055199,1.7296998025639916,0.7633672297000884,1002.4475453048221,1002.4475453048221,greedy,0.7633672297000884,0.0,hard_fault_cluster
721,N1984,observe,-0.9537996649742126,0.8164029537886381,-1.380258750915527,-0.9537996649742126,0.14812296628952026,-0.14668750971555708,-1.1775894910097122,0.0014812296628952026,0.15881159901618958,0.037294648587703705,0.037294648587703705,3.1233625700324774,0.0027437061071395874,0.10240435600280762,-0.0027598366141319275,116465.6015625,47921.8515625,68543.75,118984.1875,48667.625,70316.5625,-0.021625148132443428,-0.015562283806502819,-0.025863954797387123,-2.162514813244343,0.4597882255911827,-0.37233324676752094,0.32072501443326473,-0.3994212928414345,-0.7836806356906891,-2.062694041281939,0.8164029537886381,1003.2639482586108,1003.2639482586108,greedy,0.8164029537886381,0.0,hard_fault_cluster
722,N19274,observe,-0.7347366809844971,1.0822220146231132,0.8880650460720062,-0.7347366809844971,0.1611093282699585,0.989724674642145,0.7593711853027343,0.001611093282699585,0.145714670419693,0.04403430223464966,0.04403430223464966,1.0146409907937048,0.013624757528305054,0.09824244678020477,-0.001992061734199524,118986.625,48673.609375,70313.015625,117981.703125,48599.15625,69382.546875,0.008445670828223228,0.001529640518128872,0.013233236037194729,0.8445670828223228,1.5676193833351135,1.0020248946547508,1.4137616604566574,1.0012177881598472,1.2065916806459427,1.0345610300451518,1.0822220146231132,1004.3461702732338,1004.3461702732338,greedy,1.0822220146231132,0.0,hard_fault_cluster
723,N12552,observe,-0.6710687875747681,1.2317330665886401,2.1707171320915224,-0.6710687875747681,0.2536123991012573,2.0217951774597167,3.1861923456192014,0.002536123991012573,-0.01188310980796814,-0.02974340133368969,-0.02974340133368969,-0.481868722140789,0.031733494251966476,0.15158335864543915,-0.002117238938808441,117981.9296875,48599.1953125,69382.734375,117426.703125,48281.80078125,69144.90625,0.004706030711531639,0.006530859973281622,0.003427770920097828,0.4706030711531639,3.3972184229642153,1.8204273623228073,3.2293166746385396,1.996200458407402,1.6945453882217407,2.787662057429552,1.2317330665886401,1005.5779033398225,1005.5779033398225,greedy,1.2317330665886401,0.0,hard_fault_cluster
724,N7939,observe,-0.8385190963745117,1.362557154893875,2.8041013360023497,-0.8385190963745117,0.24661885201931,1.0504831992089747,2.477168995141983,0.0024661885201930998,-0.01973828673362732,-0.029151806607842445,-0.029151806607842445,-0.6691828484833241,0.029225297272205353,0.14034806191921234,-0.0045859962701797485,117424.015625,48279.1015625,69144.9140625,117171.078125,48335.09375,68835.984375,0.0021540524903684855,-0.0011597604025155306,0.004467858467251062,0.21540524903684855,3.139996772632003,1.7000650373101236,2.976896488573402,1.731477352678776,1.324768242239952,2.72306924380362,1.362557154893875,1006.9404604947164,1006.9404604947164,greedy,1.362557154893875,0.0,hard_fault_cluster
725,N1992,observe,-0.9745019674301147,1.0901023223996162,2.495771849155426,-0.9745019674301147,0.15153750777244568,-0.21581703633069999,-2.1595644295215606,0.0015153750777244569,0.15571674704551697,0.031259097158908844,0.031259097158908844,4.880647794753313,0.004095733165740967,0.10406288504600525,-0.004323266446590424,117170.6015625,48331.671875,68838.9296875,119446.921875,48945.55859375,70501.359375,-0.019427401944994926,-0.012701541185379028,-0.024149557575583458,-1.9427401944994926,0.5923699215054512,-0.5786014413833619,0.4552724678069353,-0.6329345321655274,-0.40554203391075133,-0.5669893914461133,1.0901023223996162,1008.030562817116,1008.030562817116,greedy,1.0901023223996162,0.0,hard_fault_cluster
726,N8136,observe,-0.9995479583740234,0.6924035531004847,0.9028751969337463,-0.9995479583740234,0.14813154935836792,0.28580045166918355,0.35790623978791697,0.0014813154935836791,0.158606618642807,0.036625973880290985,0.036625973880290985,0.5180926603523677,0.0018212944269180298,0.09972622990608215,-0.0003355294466018677,119447.375,48949.265625,70498.109375,120360.96875,49607.453125,70753.515625,-0.007648504339158535,-0.013446319848299026,-0.0036228809040039778,-0.7648504339158535,0.3668869659304619,0.017192305327253066,0.2283188235014677,0.01719563656623906,0.06928705603395431,0.2002791914651289,0.6924035531004847,1008.7229663702165,1008.7229663702165,greedy,0.6924035531004847,0.0,hard_fault_cluster
727,N19248,observe,-0.7584728002548218,1.2902061191201208,1.3565053701400758,-0.7584728002548218,0.16563348472118378,1.3206353484094142,1.354272449016571,0.0016563348472118378,0.14541366696357727,0.04639896750450134,0.04639896750450134,1.0082525345683098,0.012249864637851715,0.09849502146244049,-0.00031122565269470215,120362.875,49609.69140625,70753.1875,119220.046875,49218.80078125,70001.25,0.009494855999946594,0.007879319600760937,0.01062761340290308,0.9494855999946594,1.4370189160108566,1.0783246232569217,1.2779945768415928,1.0778212024271487,1.2225580886006355,1.4302347309142351,1.2902061191201208,1010.0131724893366,1010.0131724893366,greedy,1.2902061191201208,0.0,hard_fault_cluster
728,N19837,observe,-0.6935573816299438,1.2712579169869422,-1.233958089351654,-0.6935573816299438,0.2469870001077652,2.2839703768491746,-0.32877857685089107,0.002469870001077652,-0.021481603384017944,-0.028171071782708168,-0.028171071782708168,-0.06654773116111767,0.030581902712583542,0.14089781045913696,-0.003061331808567047,119219.2421875,49217.8359375,70001.40625,117605.09375,48465.07421875,69140.015625,0.01353932823985815,0.01529449038207531,0.012305333279073238,1.353932823985815,3.277006199583411,0.9983125525712967,3.1128942533396184,0.9974425035715103,2.214195850491524,-0.13577269718050933,1.2712579169869422,1011.2844304063236,1011.2844304063236,greedy,1.2712579169869422,0.0,hard_fault_cluster
729,N12556,observe,-0.5921303033828735,0.6617440313100815,0.4718120753765106,-0.5921303033828735,0.2585446238517761,0.6526386976242066,0.47124401330947874,0.002585446238517761,-0.011768579483032227,-0.024420050904154778,-0.024420050904154778,-0.4581979912519455,0.03454793617129326,0.15744218230247498,0.0011204779148101807,117606.1328125,48466.0859375,69140.046875,117195.84375,48182.65234375,69013.1953125,0.0034886705689132214,0.005848080851137638,0.0018347046570852399,0.34886705689132214,3.688918190076947,0.6755471378564835,3.513324760366231,0.6755038470029832,0.7317234024405479,0.4831226076185703,0.6617440313100815,1011.9461744376337,1011.9461744376337,greedy,0.6617440313100815,0.0,hard_fault_cluster
730,N2248,observe,-0.7701649069786072,0.8089623093605043,2.408716160058975,-0.7701649069786072,0.25051039457321167,0.8040367513895035,2.4021435379981995,0.0025051039457321166,-0.015353500843048096,-0.02887502871453762,-0.02887502871453762,-1.0065644258260726,0.03087753802537918,0.1454767882823944,-0.002797245979309082,117193.7578125,48180.1484375,69013.609375,116539.375,47832.84765625,68706.53125,0.0055837687104940414,0.007208379451185465,0.00444953003898263,0.5583768710494041,3.309389168396592,0.8344891303777694,3.1431626440025866,0.8422145360708236,1.0014616534113885,2.5413753045350314,0.8089623093605043,1012.7551367469941,1012.7551367469941,greedy,0.8089623093605043,0.0,hard_fault_cluster
731,N19269,observe,-0.9152107834815979,0.6766580790281297,0.6792377710342407,-0.9152107834815979,0.2350829392671585,0.6777134150266648,0.48811830691993235,0.002350829392671585,-0.02308720350265503,-0.019244099035859108,-0.019244099035859108,-0.4701932489871979,0.02741040289402008,0.13404667377471924,-0.004910975694656372,116541.234375,47835.3125,68705.921875,116017.84375,47689.84375,68328.0,0.004491033963859081,0.003041032701730728,0.005500572267919779,0.4491033963859081,2.9568791296333075,0.6901508235931396,2.794999999459833,0.6901509845256806,0.7810383647680282,0.6712936049047857,0.6766580790281297,1013.4317948260223,1013.4317948260223,greedy,0.6766580790281297,0.0,hard_fault_cluster
732,N3458,observe,-1.069338083267212,0.6131258755922318,2.2759960412979123,-1.069338083267212,0.23147521913051605,0.5786462545394898,2.274665695428848,0.0023147521913051607,-0.02199813723564148,-0.015330953523516655,-0.015330953523516655,0.139183105006814,0.023535288870334625,0.1343689262866974,-0.007977798581123352,116017.15625,47688.859375,68328.296875,116093.4453125,47630.03125,68463.4140625,-0.0006575670558959246,0.0012335821520537138,-0.0019774704705923796,-0.06575670558959246,2.569673152640462,0.7231196252629162,2.4075649534352124,0.7232511607930064,0.6145841881632805,2.298293156251311,0.6131258755922318,1014.0449207016145,1014.0449207016145,greedy,0.6131258755922318,0.0,hard_fault_cluster
733,N12560,observe,-0.6581969857215881,1.595524400472641,2.9347643733024595,-0.6581969857215881,0.25912272930145264,1.1672985643148424,2.4999040365219116,0.0025912272930145265,-0.015767335891723633,-0.012094562873244286,-0.012094562873244286,-0.15414490401744846,0.032536543905735016,0.15556716918945312,-0.0006594955921173096,116094.234375,47631.046875,68463.1875,115655.4453125,47371.8671875,68283.578125,0.0037795938551425934,0.005441402085125446,0.0026234444230794907,0.37795938551425934,3.50068255700171,1.7267084908485413,3.3154114321805537,1.7443804931640625,1.3538528382778168,2.826820285618305,1.595524400472641,1015.6404451020871,1015.6404451020871,greedy,1.595524400472641,0.0,hard_fault_cluster
734,N19253,observe,-0.922723114490509,1.0473007790744304,2.504644131660461,-0.922723114490509,0.2386171966791153,0.8348696492612362,-1.3419869303703307,0.002386171966791153,-0.025017470121383667,-0.0054133180528879166,-0.0054133180528879166,-0.05906517803668976,0.02633727714419365,0.13650991022586823,-0.00478518009185791,115655.203125,47371.8125,68283.390625,115311.421875,47329.1875,67982.234375,0.0029724668711423874,0.0008997966651804745,0.004410387948155403,0.29724668711423874,2.8669315930455923,1.1498789447546005,2.6920286840759218,1.1604443806409837,1.0731899917125702,1.2111286252737048,1.0473007790744304,1016.6877458811616,1016.6877458811616,greedy,1.0473007790744304,0.0,hard_fault_cluster
735,N28050,observe,-1.0768276453018188,0.6093311384320259,2.279645824432373,-1.0768276453018188,0.23396803438663483,0.566812002658844,2.2753381490707394,0.0023396803438663484,-0.022815734148025513,-0.0041179414838552475,-0.0041179414838552475,0.14091186923906204,0.022578589618206024,0.13626310229301453,-0.007294312119483948,115311.265625,47328.6875,67982.578125,115474.828125,47328.53515625,68146.296875,-0.0014184433966875076,3.218845904484624e-06,-0.0024082455784082413,-0.14184433966875076,2.487709054723382,0.7171502899471671,2.3153214850462973,0.7172455083671958,0.5915476724505424,2.3547752036899325,0.6093311384320259,1017.2970770195936,1017.2970770195936,greedy,0.6093311384320259,0.0,hard_fault_cluster
736,N3401,observe,-1.16164231300354,0.49576018899679186,1.0244136571884155,-1.16164231300354,0.23364408314228058,0.40054098665714266,1.1685483157634735,0.002336440831422806,-0.021581441164016724,-0.006220942363142967,-0.006220942363142967,-0.6343842890858651,0.020465321838855743,0.13460326194763184,-0.00878162682056427,115474.28125,47328.08984375,68146.1953125,115932.96875,47503.78125,68429.1875,-0.003972204867750406,-0.003712201490998268,-0.0041527217254042625,-0.3972204867750406,2.273955324664712,0.5116280007362366,2.1033879690803587,0.511755781173706,0.3155479699373245,0.8841611281037329,0.49576018899679186,1017.7928372085904,1017.7928372085904,greedy,0.49576018899679186,0.0,hard_fault_cluster
737,N12595,observe,-0.6771299839019775,1.635633510351181,2.9004861354827876,-0.6771299839019775,0.25731879472732544,1.2858671873807908,2.501670432090759,0.0025731879472732544,-0.016224533319473267,-0.006331181153655052,-0.006331181153655052,-0.1257141798734665,0.030551917850971222,0.1545950472354889,-0.0022458359599113464,115933.6640625,47504.7265625,68428.9375,115365.140625,47223.31640625,68141.828125,0.004903868306428194,0.005923835095018148,0.004195730201900005,0.4903868306428194,3.3061793986707926,1.8027246952056886,3.11793868849054,1.8196913838386537,1.6401292890310286,3.0356821046769618,1.635633510351181,1019.4284707189416,1019.4284707189416,greedy,1.635633510351181,0.0,hard_fault_cluster
738,N2692,observe,-0.8671187162399292,1.1017311006784438,2.6267547369003292,-0.8671187162399292,0.2490336149930954,0.8946344196796417,2.4066003322601315,0.002490336149930954,-0.023206502199172974,-0.012546328827738762,-0.012546328827738762,-0.903713008761406,0.028392907232046127,0.14037753641605377,-0.0047132596373558044,115364.3203125,47222.0390625,68142.28125,115357.3671875,47391.1328125,67966.234375,6.027101699146442e-05,-0.0035808226093649864,0.0025835188571363688,0.006027101699146442,3.0757780093699694,1.5148271524906158,2.898412544745952,1.544016238451004,1.1639207363128663,2.7022587218880654,1.1017311006784438,1020.5302018196201,1020.5302018196201,greedy,1.1017311006784438,0.0,hard_fault_cluster
739,N2694,observe,-0.8712165355682373,1.127129427343607,2.634763097763061,-0.8712165355682373,0.24445299804210663,0.8420299839228391,2.342192608118057,0.0024445299804210664,-0.02645009756088257,-0.0107343178242445,-0.0107343178242445,-0.4862663339823485,0.028077032417058945,0.1380888670682907,-0.0045721158385276794,115357.2890625,47391.140625,67966.1484375,115027.171875,47342.109375,67685.0625,0.0028616932686418295,0.0010346078779548407,0.0041356757283210754,0.28616932686418295,3.0414219219237566,1.2110699273645877,2.86613291176036,1.2271672584116458,1.0430386368185283,2.6466098638810216,1.127129427343607,1021.6573312469636,1021.6573312469636,greedy,1.127129427343607,0.0,hard_fault_cluster
740,N19271,observe,-0.9335510730743408,1.0131297066807745,2.4822804272174834,-0.9335510730743408,0.2342350333929062,0.8035403460264205,-1.3422001361846922,0.002342350333929062,-0.02763819694519043,-0.002864426001906395,-0.002864426001906395,0.659354101717472,0.025323033332824707,0.13036157190799713,-0.0047327131032943726,115027.734375,47343.34375,67684.390625,114535.0,47136.70703125,67398.296875,0.00428361352533102,0.004364641383290291,0.004226879216730595,0.42836135253310204,2.7636739406734705,1.1031880086660384,2.5901459851302207,1.108586168885231,0.935366702079773,1.082894133627415,1.0131297066807745,1022.6704609536444,1022.6704609536444,greedy,1.0131297066807745,0.0,hard_fault_cluster
741,N25711,observe,-0.903296947479248,0.9877257380634547,2.4667779445648192,-0.903296947479248,0.2300139218568802,0.7959392089396715,-1.3336842119693755,0.002300139218568802,-0.031087279319763184,0.0030004549771547318,0.0030004549771547318,0.6704757210612297,0.02440686896443367,0.12762866914272308,-0.0038412436842918396,114534.546875,47136.05078125,67398.5,113930.640625,46851.140625,67079.5,0.005272699519991875,0.006044421344995499,0.0047330427914857864,0.5272699519991875,2.673701273277402,1.0532470041513442,2.4989404906518757,1.0573675209283828,0.8927701443433762,1.0918292470276358,0.9877257380634547,1023.6581866917078,1023.6581866917078,greedy,0.9877257380634547,0.0,hard_fault_cluster
742,N7945,observe,-0.858784019947052,0.7382174775004386,2.4728935301303863,-0.858784019947052,0.22814087569713593,0.5471476212143899,2.284656912088394,0.0022814087569713593,-0.03372478485107422,-0.002233056351542473,-0.002233056351542473,-0.4557459062337875,0.026250232011079788,0.12716838717460632,-0.004638694226741791,113928.71875,46849.20703125,67079.515625,113617.53125,46730.1640625,66887.3671875,0.002731422893702984,0.0025409813970327377,0.0028644874691963196,0.2731422893702984,2.8509310204535723,0.9942808389663697,2.681500155944377,1.0072034001350403,0.8560059785842896,2.5390558648109436,0.7382174775004386,1024.3964041692082,1024.3964041692082,greedy,0.7382174775004386,0.0,hard_fault_cluster
743,N3415,observe,-1.0339710712432861,0.5681418478488922,2.2765501260757444,-1.0339710712432861,0.22537176311016083,0.5096430197358132,2.274650758504867,0.002253717631101608,-0.026985377073287964,0.0006391797214746475,0.0006391797214746475,0.10536550960503517,0.022431422024965286,0.13014760613441467,-0.006634406745433807,113619.1484375,46731.7890625,66887.359375,113927.734375,46742.49609375,67185.234375,-0.00271596759557724,-0.00022911666019354016,-0.004453382454812527,-0.271596759557724,2.469153145328164,0.6771119548799469,2.2996449382044375,0.677189041567035,0.49753226637840264,2.230650719702244,0.5681418478488922,1024.964546017057,1024.964546017057,greedy,0.5681418478488922,0.0,hard_fault_cluster
744,N12597,observe,-0.6546162962913513,1.4394294142723085,2.8668879032135006,-0.6546162962913513,0.25459229946136475,1.0507797807455064,2.4981724381446835,0.0025459229946136475,-0.020684152841567993,0.0007168222218751907,0.0007168222218751907,0.31788515567779535,0.03156245872378349,0.15299741923809052,-0.0010715126991271973,113928.484375,46743.45703125,67185.03125,113522.078125,46483.93359375,67038.1484375,0.003567204810678959,0.00555208045989275,0.002186243189498782,0.3567204810678959,3.4115549940615892,1.6582407340407372,3.2200731527991593,1.6732083186507225,1.1921792387962342,2.7559144803881646,1.4394294142723085,1026.4039754313294,1026.4039754313294,greedy,1.4394294142723085,0.0,hard_fault_cluster
745,N19855,observe,-0.8800013661384583,1.0358360439538956,2.5313832283020017,-0.8800013661384583,0.23589111864566803,0.7673946753144264,-1.3543141067028044,0.0023589111864566804,-0.028561443090438843,0.00713554210960865,0.00713554210960865,-0.6186305013298988,0.025482404977083206,0.1348203867673874,-0.004075035452842712,113521.4765625,46483.2578125,67038.21875,113533.734375,46585.22265625,66948.515625,-0.00010797791765071452,-0.0021935822442173958,0.0013380893506109715,-0.010797791765071452,2.7912671584635973,1.0054848611354827,2.60899716289714,1.0173050880432128,0.9518737941980362,1.0945402781665328,1.0358360439538956,1027.4398114752832,1027.4398114752832,greedy,1.0358360439538956,0.0,hard_fault_cluster
746,N19836,observe,-0.8928669691085815,0.9202134475111963,2.449837428331375,-0.8928669691085815,0.2286219745874405,0.7448417842388153,-1.3444526910781858,0.0022862197458744047,-0.031090259552001953,0.0078114960342645645,0.0078114960342645645,0.2964821448922157,0.024909555912017822,0.1292056441307068,-0.0036059170961380005,113533.703125,46585.21875,66948.484375,113139.4765625,46426.6484375,66712.828125,0.0034723307471722364,0.0034038762096315622,0.003519963938742876,0.34723307471722364,2.7273890618234873,1.037277761697769,2.5500639588572085,1.0455943262577057,0.9552582621574403,1.064527746140957,0.9202134475111963,1028.3600249227945,1028.3600249227945,greedy,0.9202134475111963,0.0,hard_fault_cluster
747,N8144,observe,-0.8033756017684937,0.7583366259932518,2.516574895381927,-0.8033756017684937,0.2316991239786148,0.6027406409382821,2.3252245128154754,0.002316991239786148,-0.031015723943710327,0.002474600449204445,0.002474600449204445,-0.7024140709638595,0.026567596942186356,0.13047249615192413,-0.0040522292256355286,113140.3046875,46427.3984375,66712.90625,112643.5546875,46098.0859375,66545.46875,0.004390566144138575,0.007093064021319151,0.0025098216719925404,0.43905661441385746,2.890933418646455,1.0265177351236343,2.7153031253255904,1.0371706646680832,1.1578178480267525,2.735579350963235,0.7583366259932518,1029.1183615487878,1029.1183615487878,greedy,0.7583366259932518,0.0,hard_fault_cluster
748,N28047,observe,-0.9950079917907715,0.588116104900837,2.278317105770111,-0.9950079917907715,0.22736825048923492,0.5373669415712357,2.275391262769699,0.0022736825048923492,-0.029336363077163696,0.006555730476975441,0.006555730476975441,0.12067116619087753,0.02274741604924202,0.13139696419239044,-0.006601318717002869,112642.5390625,46097.2578125,66545.28125,113088.484375,46238.87890625,66849.6015625,-0.0039589423686265945,-0.003072223858907819,-0.004573131445795298,-0.39589423686265945,2.5086655858904123,0.6961870226217434,2.3332226001657546,0.6963002118421718,0.543032768368721,2.279656574577093,0.588116104900837,1029.7064776536886,1029.7064776536886,greedy,0.588116104900837,0.0,hard_fault_cluster
749,N19267,observe,-0.916297435760498,0.8207351371645928,0.7804861187934875,-0.916297435760498,0.2269105166196823,0.8938504189252853,0.47218331028270766,0.0022691051661968232,-0.03396126627922058,0.009994829073548317,0.009994829073548317,0.5673101440072059,0.02359696850180626,0.1255706399679184,-0.004256702959537506,113089.09375,46239.60546875,66849.484375,112609.1953125,46062.0546875,66547.140625,0.004243542905896902,0.0038397987373173237,0.00452275387942791,0.4243542905896902,2.5966021958738565,0.9402014871686697,2.4189231866039336,0.9402013679593801,1.1412629961967469,0.8857310538649246,0.8207351371645928,1030.5272127908531,1030.5272127908531,greedy,0.8207351371645928,0.0,hard_fault_cluster
750,N3574,observe,-1.039201259613037,0.34983517229557043,1.18811776638031,-1.039201259613037,0.22495494782924652,0.1814100369811059,1.2621846854686738,0.002249549478292465,-0.029682636260986328,0.011979388073086739,0.011979388073086739,-0.1242538606375456,0.020999707281589508,0.12932011485099792,-0.006286367774009705,112608.578125,46061.18359375,66547.3984375,113123.421875,46259.64453125,66863.7734375,-0.004571976140141487,-0.004308637231588364,-0.004754130262881517,-0.4571976140141487,2.336905064061284,0.45853475585579867,2.159204312134534,0.45860309854149817,-0.0542096376419067,0.8277243286371231,0.34983517229557043,1030.8770479631487,1030.8770479631487,greedy,0.34983517229557043,0.0,hard_fault_cluster
751,N12594,observe,-0.6399157047271729,1.2107816085219385,2.8398448944091794,-0.6399157047271729,0.253264844417572,0.7164241150021553,2.485003578662872,0.0025326484441757203,-0.023213058710098267,0.010584050789475441,0.010584050789475441,0.3656548377871513,0.030824821442365646,0.15225081145763397,-0.0013261288404464722,113124.078125,46260.5234375,66863.5546875,112983.28125,46184.4375,66798.84375,0.0012446234468370676,0.001644727075472474,0.0009678057976998389,0.12446234468370676,3.346331039443612,1.3979359018802644,3.1484443680383265,1.4148645031452178,0.5671840786933899,2.4686696511507034,1.2107816085219385,1032.0878295716707,1032.0878295716707,greedy,1.2107816085219385,0.0,hard_fault_cluster
752,N19268,observe,-0.8966407179832458,1.0069318376481533,2.4784077167510983,-0.8966407179832458,0.23223914206027985,0.7929684959352017,-1.3619103252887723,0.0023223914206027983,-0.03025031089782715,0.0136022437363863,0.0136022437363863,-1.211020120382309,0.025554973632097244,0.1330060511827469,-0.00367814302444458,112983.0703125,46184.375,66798.6953125,113104.359375,46343.453125,66760.90625,-0.001073515391908586,-0.0034444143529981375,0.0005657155998051167,-0.1073515391908586,2.8013387490063906,0.9381078046560288,2.616957709658891,0.9523216885328294,0.9973996356129646,1.2783097631484273,1.0069318376481533,1033.0947614093188,1033.0947614093188,greedy,1.0069318376481533,0.0,hard_fault_cluster
753,N25733,observe,-0.906083345413208,0.9626452133059503,2.444464725255966,-0.906083345413208,0.22516180574893951,0.8133892744779586,-1.340940886735916,0.002251618057489395,-0.03290584683418274,0.012671897187829018,0.012671897187829018,0.4258501484990119,0.025207310914993286,0.12794460356235504,-0.0030996203422546387,113103.9140625,46342.8046875,66761.109375,112802.859375,46227.8515625,66575.0078125,0.0026617529802024364,0.002480495721101761,0.002787574427202344,0.26617529802024364,2.758564794436097,1.076622226536274,2.5801895172335207,1.084536674320698,1.047484602034092,1.31086499132216,0.9626452133059503,1034.0574066226247,1034.0574066226247,greedy,0.9626452133059503,0.0,hard_fault_cluster
754,N3496,observe,-1.0453064441680908,0.6322415292263032,1.1171929240226746,-1.0453064441680908,0.22135980427265167,0.5486443251371383,1.2262406826019285,0.0022135980427265166,-0.028622329235076904,0.013448605313897133,0.013448605313897133,0.19157258093357085,0.022492893040180206,0.1309620589017868,-0.005460947751998901,112802.515625,46227.49609375,66575.015625,113240.6484375,46352.3984375,66888.25,-0.0038840696215629578,-0.0027019057888537645,-0.004704983904957771,-0.3884069621562958,2.4840977136045694,0.642244199514389,2.307991406414658,0.6422997212409973,0.36690662503242494,1.0457988300919534,0.6322415292263032,1034.689648151851,1034.689648151851,greedy,0.6322415292263032,0.0,hard_fault_cluster
755,N12590,observe,-0.654763400554657,1.47962393052876,2.8405430912971497,-0.654763400554657,0.25014692544937134,1.1014255601912737,2.491639244556427,0.0025014692544937135,-0.022566497325897217,0.01265854574739933,0.01265854574739933,0.8261057239770889,0.03196670114994049,0.15372779965400696,-0.0002905130386352539,113241.453125,46353.390625,66888.0625,113063.9453125,46249.3984375,66814.546875,0.0015675162430852652,0.0022434645798057318,0.0010990843875333667,0.15675162430852652,3.4594755861908197,1.6585155522823334,3.2623714827932417,1.6772324359416961,1.126861223578453,2.832459795325994,1.47962393052876,1036.1692720823798,1036.1692720823798,greedy,1.47962393052876,0.0,hard_fault_cluster
756,N19265,observe,-0.9035560488700867,1.0245562575757505,2.4947806298732758,-0.9035560488700867,0.22993366420269012,0.803540476411581,-1.356903952360153,0.002299336642026901,-0.029950767755508423,0.014282869175076485,0.014282869175076485,-0.4000696563720703,0.026668056845664978,0.13425476849079132,-0.0031846314668655396,113063.734375,46249.35546875,66814.3828125,113165.125,46391.15625,66773.96875,-0.0008967563626356423,-0.003066005650907755,0.000604870670940727,-0.08967563626356423,2.9110222179442644,1.072999383211136,2.7278598179109395,1.0886317265033723,1.0340960085391997,1.30216240555048,1.0245562575757505,1037.1938283399556,1037.1938283399556,greedy,1.0245562575757505,0.0,hard_fault_cluster
757,N8127,observe,-1.0641403198242188,0.5716634824872017,0.6871772766113281,-1.0641403198242188,0.22454588115215302,0.4970572873950005,0.7033362507820129,0.00224545881152153,-0.026913166046142578,0.01364043541252613,0.01364043541252613,0.11601506918668746,0.02314598113298416,0.13518521189689636,-0.005650833249092102,113163.875,46389.45703125,66774.421875,113633.109375,46545.53515625,67087.578125,-0.004146503284573555,-0.00336451712064445,-0.004689763765782118,-0.4146503284573555,2.5527844298630953,0.6426650558412075,2.374144692439586,0.6426846359670162,0.40657342225313187,0.5470376205444336,0.5716634824872017,1037.7654918224428,1037.7654918224428,greedy,0.5716634824872017,0.0,hard_fault_cluster
758,N12586,observe,-0.6660050749778748,1.544155375659466,2.8751418471336363,-0.6660050749778748,0.25293391942977905,1.1597936205565929,2.501375198364258,0.0025293391942977903,-0.02070888876914978,0.011836143210530281,0.011836143210530281,0.7647937442362309,0.032502979040145874,0.15699851512908936,5.981326103210449e-05,113634.4609375,46547.2734375,67087.1875,113372.2890625,46405.109375,66967.1796875,0.002307151211425662,0.003054186701774597,0.0017888335278257728,0.2307151211425662,3.5150679666548967,1.7213861319422723,3.3164904196746647,1.7411736461520195,1.2461206205189228,2.9099784033372993,1.544155375659466,1039.3096471981023,1039.3096471981023,greedy,1.544155375659466,0.0,hard_fault_cluster
759,N19263,observe,-0.9204256534576416,1.0371726110577582,2.489447396993637,-0.9204256534576416,0.2316640168428421,0.818723626434803,-1.355937349796295,0.002316640168428421,-0.02866998314857483,0.013436609879136086,0.013436609879136086,0.016858837008476235,0.027018316090106964,0.13664260506629944,-0.0030690059065818787,113372.0625,46405.06640625,66967.0,113453.2578125,46546.15625,66907.1015625,-0.0007161844987422228,-0.0030403973069041967,0.0008944470901042223,-0.07161844987422228,2.9469322357326746,1.1439294585585595,2.763106765691191,1.1605525025725365,1.0131939038634301,1.2885760375112298,1.0371726110577582,1040.34681980916,1040.34681980916,greedy,1.0371726110577582,0.0,hard_fault_cluster
760,N7604,observe,-0.9358085989952087,0.986388497054577,2.44209993481636,-0.9358085989952087,0.2307463139295578,0.8480431228876113,2.3155750095844265,0.002307463139295578,-0.027021735906600952,0.013091759756207466,0.013091759756207466,0.885019653737545,0.025351855903863907,0.13718554377555847,-0.0043348222970962524,113453.21875,46545.96875,66907.25,113328.3203125,46411.328125,66916.9921875,0.0011008805595338345,0.002892637625336647,-0.00014560735144186765,0.11008805595338345,2.779023664072156,1.0159581881761552,2.596145108807832,1.0187393707036974,0.8376200631260872,2.6444530410319564,0.986388497054577,1041.3332083062146,1041.3332083062146,greedy,0.986388497054577,0.0,hard_fault_cluster
761,N25244,observe,-0.9348876476287842,1.0119150310754774,2.4638432562351227,-0.9348876476287842,0.23224352300167084,0.8470033481717109,2.308525156974792,0.0023224352300167082,-0.02718493342399597,0.011842312291264534,0.011842312291264534,0.8884746322035789,0.024739444255828857,0.13856208324432373,-0.00479850172996521,113326.765625,46409.515625,66917.25,113153.7578125,46254.3046875,66899.453125,0.0015266280388459563,0.003344377502799034,0.0002659534802660346,0.15266280388459563,2.718030260875821,1.0451168203353882,2.5349658844061196,1.0495371544361114,0.8484840929508211,2.6515146604180333,1.0119150310754774,1042.34512333729,1042.34512333729,greedy,1.0119150310754774,0.0,hard_fault_cluster
762,N19262,observe,-0.9646480083465576,0.9056434720754624,2.430243897438049,-0.9646480083465576,0.22559688985347748,0.7510124266147614,-1.363489007949829,0.002255968898534775,-0.03249645233154297,0.0093925092369318,0.0093925092369318,0.11708360731601714,0.024593722075223923,0.13094785809516907,-0.003992147743701935,113155.2734375,46256.28125,66898.9921875,112892.5703125,46162.2890625,66730.28125,0.002321616280823946,0.0020319875329732895,0.002521875547245145,0.2321616280823946,2.6943616066128016,1.0226820653676987,2.5181195572949946,1.0324932104349136,1.0302580505609513,1.2996677328646187,0.9056434720754624,1043.2507668093656,1043.2507668093656,greedy,0.9056434720754624,0.0,hard_fault_cluster
763,N3463,observe,-1.0655794143676758,0.6016079936176538,1.3049630999565123,-1.0655794143676758,0.2240869253873825,0.520868629589677,1.8739932775497437,0.002240869253873825,-0.02842956781387329,0.010927589610219002,0.010927589610219002,0.1215772058069706,0.02231784164905548,0.13396938145160675,-0.005821004509925842,112891.96875,46161.39453125,66730.5703125,113303.5,46302.640625,67000.859375,-0.003645354649052024,-0.0030598316807299852,-0.004050453193485737,-0.3645354649052024,2.4667986799031496,0.6403409769386053,2.2905377936549485,0.6404627492278814,0.3869457364082336,1.5900923135876655,0.6016079936176538,1043.8523748029831,1043.8523748029831,greedy,0.6016079936176538,0.0,hard_fault_cluster
764,N19260,observe,-0.9851375222206116,1.202032247185707,2.454178899526596,-0.9851375222206116,0.22286491096019745,1.062541088759899,-1.3499346673488615,0.0022286491096019743,-0.03296157717704773,0.008740277960896492,0.008740277960896492,0.6797327643632889,0.02416202798485756,0.12672525644302368,-0.0037783458828926086,113303.9140625,46303.484375,67000.4296875,112822.71875,46114.421875,66708.296875,0.0042469436302781105,0.004083116073161364,0.004360163118690252,0.42469436302781105,2.64780798740685,1.2918131646513937,2.4741040957160294,1.3031983670592306,1.603341069817543,1.6721716953814032,1.202032247185707,1045.054407050169,1045.054407050169,greedy,1.202032247185707,0.0,hard_fault_cluster
765,N3450,observe,-1.0931705236434937,0.3529489770531654,1.403444355726242,-1.0931705236434937,0.22128821909427643,0.18422034680843355,2.2743472635746,0.0022128821909427644,-0.02767285704612732,0.009525010362267494,0.009525010362267494,-0.11532145898789167,0.021869942545890808,0.12985147535800934,-0.005764961242675781,112822.0234375,46113.421875,66708.6015625,113393.3828125,46353.3203125,67040.0625,-0.005064253695309162,-0.005202355794608593,-0.0049687884747982025,-0.5064253695309162,2.4178074840456247,0.4602875467389822,2.244697561953217,0.4603710170835256,-0.05393916219472883,1.5094264505058526,0.3529489770531654,1045.407356027222,1045.407356027222,greedy,0.3529489770531654,0.0,hard_fault_cluster
766,N19259,observe,-0.9846993684768677,1.252476216107607,2.479260456562042,-0.9846993684768677,0.22173793613910675,1.0927258244901894,-1.3405039608478544,0.0022173793613910675,-0.03343939781188965,0.00815400667488575,0.00815400667488575,0.7758093246817588,0.024190139025449753,0.12393926084041595,-0.003391154110431671,113393.875,46354.26171875,67039.6171875,112886.8203125,46161.3203125,66725.5,0.0044716233387589455,0.0041623227298259735,0.004685545805841684,0.44716233387589455,2.648905845358968,1.3322325940430164,2.4764868882484734,1.3437595362961292,1.6310025006532671,1.6901516254246238,1.252476216107607,1046.6598322433297,1046.6598322433297,greedy,1.252476216107607,0.0,hard_fault_cluster
767,N2246,observe,-0.8221352696418762,0.6714640930294992,2.583578014373779,-0.8221352696418762,0.22992710769176483,0.5869917035102845,2.352426904439926,0.0022992710769176483,-0.031419724225997925,0.0001689661294221878,0.0001689661294221878,-1.9276190569996834,0.02835213392972946,0.1258201152086258,-0.0034238845109939575,112885.140625,46158.921875,66726.21875,112541.953125,45979.45703125,66562.5,0.0030401477124542,0.0038879774510860443,0.002453589579090476,0.30401477124542,3.065309466794133,1.1746406757831573,2.892737411428243,1.190337392091751,1.7812938332557677,3.2578409916162485,0.6714640930294992,1047.3312963363592,1047.3312963363592,greedy,0.6714640930294992,0.0,hard_fault_cluster
768,N19258,observe,-0.9122017621994019,1.082913524657488,2.4618892312049865,-0.9122017621994019,0.22025902569293976,0.931311743184924,-1.332092887163162,0.0022025902569293974,-0.03570777177810669,0.0049516428261995316,0.0049516428261995316,0.7975200337171554,0.026449054479599,0.12083853781223297,-0.0029530227184295654,112543.609375,45981.859375,66561.75,112411.921875,45915.97265625,66495.9453125,0.0011701019247993827,0.0014328850666061044,0.000988626154139638,0.11701019247993827,2.870116116479039,1.1108555857837201,2.7012081150896847,1.1148349110782148,1.1603513434529305,1.384228373244405,1.082913524657488,1048.4142098610166,1048.4142098610166,greedy,1.082913524657488,0.0,hard_fault_cluster
769,N19256,observe,-0.9089280366897583,1.0395026270300152,2.441182106733322,-0.9089280366897583,0.2155413180589676,0.9126192988082766,0.8934979736804962,0.0021554131805896757,-0.03780069947242737,0.009416552260518074,0.009416552260518074,0.7896775075793265,0.025784820318222046,0.11891646683216095,-0.00257854163646698,112411.921875,45915.96875,66495.953125,112049.7421875,45716.8828125,66332.859375,0.0032218974083662033,0.0043358756229281425,0.00245268689468503,0.32218974083662033,2.8034399021416903,1.0494546458125114,2.634721499402076,1.0520902439951896,1.0905651465058326,2.2457734847813846,1.0395026270300152,1049.4537124880467,1049.4537124880467,greedy,1.0395026270300152,0.0,hard_fault_cluster
770,N8134,observe,-1.0397547483444214,0.5139225259423257,0.4721286296844482,-1.0397547483444214,0.21230463683605194,0.4330976366996765,0.6651273488998413,0.0021230463683605196,-0.029392868280410767,0.010522941127419472,0.010522941127419472,0.058902864223346105,0.023735489696264267,0.12340795993804932,-0.004749633371829987,112047.84375,45714.546875,66333.296875,112577.125,45935.421875,66641.703125,-0.004723707679659128,-0.004831613041460514,-0.004649342969059944,-0.4723707679659128,2.596376547589898,0.6210270265908912,2.4292558641172945,0.621027187523432,0.3714813724160194,0.35040746979415416,0.5139225259423257,1049.967635013989,1049.967635013989,greedy,0.5139225259423257,0.0,hard_fault_cluster
771,N19325,observe,-0.7820439338684082,1.481654890626669,2.681603789329529,-0.7820439338684082,0.22766734659671783,1.2325472807139157,2.3704183876514433,0.0022766734659671784,-0.03385341167449951,0.011759387329220772,0.011759387329220772,0.7643382158875465,0.027917150408029556,0.12716397643089294,-0.0017913579940795898,112578.8125,45937.54296875,66641.265625,112166.0078125,45798.265625,66367.7421875,0.0036668062675744295,0.0030318850185722113,0.00410441542044282,0.36668062675744295,3.0311417747288942,1.4834277372062206,2.8515717242844403,1.4923070411384105,1.7202703237533568,3.2181757104396818,1.481654890626669,1051.4492899046156,1051.4492899046156,greedy,1.481654890626669,0.0,hard_fault_cluster
772,N1988,observe,-0.8207870125770569,1.001001500338316,2.524411940574646,-0.8207870125770569,0.1313629299402237,-0.18759160205721856,-2.0353537887334823,0.001313629299402237,0.17097541689872742,0.038643836975097656,0.038643836975097656,2.8031140258163214,0.005041293799877167,0.10452909767627716,-0.0013387203216552734,112163.0,45792.734375,66370.265625,115181.375,46764.7734375,68416.6015625,-0.026910612359642982,-0.021226927638053894,-0.030832119286060333,-2.6910612359642982,0.674136146903038,-0.3369802697002888,0.546631071716547,-0.35986761882901197,-0.5830851450562476,-0.7990053442865607,1.001001500338316,1052.450291404954,1052.450291404954,greedy,1.001001500338316,0.0,hard_fault_cluster
773,N19329,observe,-0.6017396450042725,1.566308783441782,2.5750669717788695,-0.6017396450042725,0.15277548134326935,1.5314247500896454,2.4481543123722074,0.0015277548134326935,0.15920934081077576,0.04584958404302597,0.04584958404302597,1.2907053408026696,0.01556943729519844,0.10103116929531097,0.0016033276915550232,115182.671875,46769.71484375,68412.9609375,114517.640625,46912.1015625,67605.5390625,0.0057737091556191444,-0.0030444213189184666,0.01180217694491148,0.5773709155619144,1.7555687949061394,4.319881592988968,1.6065999958664179,3.5643593180179596,2.051756677031517,3.433641840070486,1.566308783441782,1054.0166001883958,1054.0166001883958,greedy,1.566308783441782,0.0,hard_fault_cluster
774,N7924,observe,-0.8366070985794067,0.9283229023963213,-1.3728335559368132,-0.8366070985794067,0.2242896407842636,2.520935558155179,3.9391262292861935,0.0022428964078426363,-0.02554115653038025,-0.020312661305069923,-0.020312661305069923,-0.35093147285282617,0.028495922684669495,0.13079895079135895,-0.004452526569366455,114515.40625,46909.484375,67605.921875,114464.921875,47049.14453125,67415.78125,0.00044085225090384483,-0.00297722639515996,0.002812484744936228,0.04408522509038448,3.053569247946143,1.7699058173596858,2.900586513336748,1.7082233785092829,1.7120781630277633,1.532850805968046,0.9283229023963213,1054.9449230907921,1054.9449230907921,greedy,0.9283229023963213,0.0,hard_fault_cluster
775,N3562,observe,-1.0286545753479004,0.3855940788984299,1.0559461832046508,-1.0286545753479004,0.21607990562915802,0.2370581522583962,1.2882116854190826,0.00216079905629158,-0.015233069658279419,-0.0167421605437994,-0.0167421605437994,-0.7163815644383431,0.02425447478890419,0.13112306594848633,-0.006096087396144867,114467.2578125,47051.59375,67415.6640625,114978.4765625,47253.859375,67724.6171875,-0.004466069862246513,-0.004298804793506861,-0.004582809284329414,-0.44660698622465134,2.6247852239757776,0.4021366858482361,2.4752819151617587,0.4020999932289124,0.035899069905281106,0.8708015723526478,0.3855940788984299,1055.3305171696907,1055.3305171696907,greedy,0.3855940788984299,0.0,hard_fault_cluster
776,N7927,observe,-0.9110884070396423,0.9033940151333809,2.5370256304740906,-0.9110884070396423,0.22324593365192413,0.6763314120471478,2.3235604643821715,0.0022324593365192413,-0.022490352392196655,-0.01971461810171604,-0.01971461810171604,-0.8801179461181163,0.027379795908927917,0.13010329008102417,-0.004771091043949127,114976.203125,47251.453125,67724.75,114604.53125,47165.3125,67439.21875,0.003232598304748535,0.0018230259884148836,0.004216054920107126,0.3232598304748535,2.941510906443,1.0404267218708991,2.7888624197803438,1.0565986183285714,0.8760091789066792,2.6694059662893412,0.9033940151333809,1056.2339111848241,1056.2339111848241,greedy,0.9033940151333809,0.0,hard_fault_cluster
777,N3427,observe,-1.0791937112808228,0.3482389360666275,1.0883392989635468,-1.0791937112808228,0.21759705245494843,0.18174271136522296,1.3296177744865416,0.0021759705245494843,-0.014398634433746338,-0.01652047596871853,-0.01652047596871853,-0.7532544699311257,0.02364831417798996,0.13106085360050201,-0.006269089877605438,114606.578125,47167.625,67438.953125,115065.125,47312.796875,67752.328125,-0.004001052118837833,-0.0030777864158153534,-0.0046467953361570835,-0.40010521188378334,2.565907994285226,0.36399500250816347,2.4151005619205534,0.3639444696903229,-0.05437519848346713,0.8595550723373888,0.3482389360666275,1056.5821501208907,1056.5821501208907,greedy,0.3482389360666275,0.0,hard_fault_cluster
778,N19335,observe,-0.792775571346283,1.5599753737449646,2.733296477794647,-0.792775571346283,0.23520846664905548,1.305015459060669,2.399688708782196,0.002352084666490555,-0.01962617039680481,-0.015543965622782707,-0.015543965622782707,-0.10097413182258608,0.02907474711537361,0.13686291873455048,-0.0019425302743911743,115065.15625,47313.078125,67752.078125,114181.984375,46982.8203125,67199.1640625,0.007675406523048878,0.006980264559388161,0.008160842582583427,0.7675406523048878,3.127139212563634,1.5795903742313384,2.9623908367939293,1.5924284994602202,1.8991460442543031,3.3344449287652966,1.5599753737449646,1058.1421254946356,1058.1421254946356,greedy,1.5599753737449646,0.0,hard_fault_cluster
779,N3298,observe,-1.0309233665466309,0.35347207784652707,1.2879403948783874,-1.0309233665466309,0.22376979887485504,0.18785469233989716,1.8898330330848694,0.0022376979887485503,-0.014314204454421997,-0.010633854195475578,-0.010633854195475578,-0.7210031682252884,0.023560423403978348,0.13408079743385315,-0.005292713642120361,114181.46875,46982.08203125,67199.390625,114706.65625,47142.03515625,67564.6171875,-0.004599586129188538,-0.003404555842280388,-0.005434968508780003,-0.45995861291885376,2.5691782850772142,0.3707061767578125,2.4093263265676796,0.37063091397285464,-0.0543040603399277,1.2745286034047603,0.35347207784652707,1058.4955975724822,1058.4955975724822,greedy,0.35347207784652707,0.0,hard_fault_cluster
780,N19338,observe,-0.7708296179771423,1.6142257541418075,2.743663454055786,-0.7708296179771423,0.23788373172283173,1.3330384315550328,2.391501396894455,0.0023788373172283174,-0.019453465938568115,-0.010637154802680016,-0.010637154802680016,0.05755827635526656,0.02917957305908203,0.13891541957855225,-0.0010937750339508057,114707.15625,47142.76953125,67564.390625,113959.125,46868.8125,67090.3125,0.006521225441247225,0.005811220500618219,0.0070166862569749355,0.6521225441247225,3.145203882828355,1.6782257461547851,2.974768950138241,1.6954073333740234,1.952479511499405,3.369111682474613,1.6142257541418075,1060.109823326624,1060.109823326624,greedy,1.6142257541418075,0.0,hard_fault_cluster
781,N3831,observe,-1.0287591218948364,0.34879245311021806,1.6368498682975767,-1.0287591218948364,0.22437886893749237,0.1813197851181031,1.8662645399570466,0.0022437886893749235,-0.014896005392074585,-0.008164240047335625,-0.008164240047335625,-0.7476715019345284,0.0237501859664917,0.13505317270755768,-0.005003094673156738,113959.5,46868.6953125,67090.8046875,114515.3203125,47045.671875,67469.6484375,-0.004877349361777306,-0.0037760077975690365,-0.005646731238812208,-0.48773493617773056,2.5912332255393267,0.36456473827362057,2.429072253871709,0.3646092092990875,-0.05516444742679592,1.4670453162491321,0.34879245311021806,1060.4586157797344,1060.4586157797344,greedy,0.34879245311021806,0.0,hard_fault_cluster
782,N19332,observe,-0.7729306817054749,1.6374650590121747,2.7631281852722167,-0.7729306817054749,0.2379019409418106,1.3289509177953005,2.385200726985931,0.002379019409418106,-0.019741147756576538,-0.00831332616508007,-0.00831332616508007,0.063792335987091,0.029424555599689484,0.1396677941083908,-0.0005855336785316467,114514.8359375,47045.7734375,67469.0625,113839.203125,46811.34375,67027.859375,0.005899958778172731,0.004983012564480305,0.006539339665323496,0.5899958778172731,3.172044174745679,1.7058042073249815,2.999852713663131,1.7248560452461241,1.967244127392769,3.3787086828052995,1.6374650590121747,1062.0960808387465,1062.0960808387465,greedy,1.6374650590121747,0.0,hard_fault_cluster
783,N19337,observe,-0.7227396368980408,1.3853673696517943,2.718146181106567,-0.7227396368980408,0.2380506843328476,1.1122582718729972,2.4018804728984833,0.0023805068433284757,-0.022090792655944824,-0.0047148000448942184,-0.0047148000448942184,-0.05263636857271198,0.030743032693862915,0.1417631357908249,0.0010846704244613647,113839.203125,46811.359375,67027.84375,113598.8046875,46730.3515625,66868.453125,0.0021117369178682566,0.0017305160872638226,0.00237797643058002,0.21117369178682566,3.307639153674245,1.4411832833290101,3.13263724045828,1.454681124687195,1.3966051518917084,3.00779334872961,1.3853673696517943,1063.4814482083982,1063.4814482083982,greedy,1.3853673696517943,0.0,hard_fault_cluster
784,N3366,observe,-0.998537540435791,0.35011395514011384,1.417081606388092,-0.998537540435791,0.22213010489940643,0.18344566971063617,1.5877135455608369,0.002221301048994064,-0.01682296395301819,-0.002866661176085472,-0.002866661176085472,-0.7383020058274269,0.025104478001594543,0.13720396161079407,-0.003796108067035675,113598.578125,46729.8828125,66868.6953125,114073.6953125,46848.421875,67225.2734375,-0.0041824220679700375,-0.0025366866029798985,-0.005332511849701405,-0.41824220679700375,2.7297112438827753,0.3660633385181427,2.5652636610902846,0.3661152124404907,-0.055259063839912456,1.3470881454646586,0.35011395514011384,1063.8315621635384,1063.8315621635384,greedy,0.35011395514011384,0.0,hard_fault_cluster
785,N19333,observe,-0.7653406858444214,1.4673697106540202,2.8072418451309202,-0.7653406858444214,0.23514027893543243,1.092506895214319,2.3944065868854523,0.0023514027893543244,-0.020988374948501587,-0.0035962145775556564,-0.0035962145775556564,-0.08803285866975785,0.030337341129779816,0.1416822373867035,0.0006886124610900879,114073.828125,46848.875,67224.953125,113542.046875,46678.421875,66863.625,0.004661728627979755,0.0036383611150085926,0.0053749107755720615,0.46617286279797554,3.2652781773358583,1.4880961436033249,3.0916201290674508,1.5053880232572556,1.3982575803995134,3.008867427259683,1.4673697106540202,1065.2989318741925,1065.2989318741925,greedy,1.4673697106540202,0.0,hard_fault_cluster
786,N3845,observe,-1.0367897748947144,0.4176018431782723,1.5591622054576872,-1.0367897748947144,0.22096537053585052,0.28538588583469393,2.2742780864238736,0.0022096537053585053,-0.017223894596099854,-0.0018402915447950363,-0.0018402915447950363,-0.7049972006678581,0.0247797928750515,0.13698680698871613,-0.004253461956977844,113542.25,46678.234375,66864.015625,114079.5390625,46841.7421875,67237.796875,-0.004732063040137291,-0.0035028704442083836,-0.005590170621871948,-0.4732063040137291,2.6971043664962053,0.43357915222644805,2.5327605572529137,0.4337169641256332,0.12424306124448777,1.8465049123018975,0.4176018431782723,1065.7165337173708,1065.7165337173708,greedy,0.4176018431782723,0.0,hard_fault_cluster
787,N12667,observe,-0.6692728996276855,1.7000977907329797,3.0041370391845703,-0.6692728996276855,0.24971799552440643,1.2316682113334536,2.5278145551681517,0.0024971799552440644,-0.011446595191955566,-0.0029467102140188217,-0.0029467102140188217,-0.10015679012984041,0.03508858382701874,0.16155080497264862,0.0034913569688796997,114078.9765625,46841.09375,67237.8828125,113901.59375,46749.90234375,67151.6953125,0.0015549124218523502,0.00194682483561337,0.0012818294344469905,0.15549124218523502,3.7556296680122614,1.8856512791663407,3.5705512040294707,1.9130423194915058,1.4222865538671612,3.0244862600136546,1.7000977907329797,1067.4166315081038,1067.4166315081038,greedy,1.7000977907329797,0.0,hard_fault_cluster
788,N3374,observe,-1.0680707693099976,0.3494975388050079,2.1424941301345823,-1.0680707693099976,0.23006530106067657,0.1807619288563729,2.2755772233009335,0.0023006530106067656,-0.014031052589416504,-0.0020195599645376205,-0.0020195599645376205,-0.7693022438883782,0.02563660219311714,0.14580696821212769,-0.004243604838848114,113901.671875,46750.26953125,67151.40625,114722.953125,47113.08203125,67609.875,-0.007210440468043089,-0.0077606504783034325,-0.0068273888900876045,-0.7210440468043089,2.791705960407853,0.3687208408117294,2.620671654585749,0.36914704382419583,-0.05126308947801593,2.0036121945828196,0.3494975388050079,1067.7661290469089,1067.7661290469089,greedy,0.3494975388050079,0.0,hard_fault_cluster
789,N19334,observe,-0.8029605746269226,1.7773766294121742,2.84369261264801,-0.8029605746269226,0.24246259033679962,1.410318378210068,2.4126513302326202,0.0024246259033679964,-0.017390340566635132,-0.0038771983236074448,-0.0038771983236074448,0.20442042142152783,0.031003151088953018,0.14842191338539124,0.0009612888097763062,114722.96875,47113.50390625,67609.46875,114061.390625,46940.078125,67121.3125,0.005766745191067457,0.0036810205783694983,0.00722023518756032,0.5766745191067457,3.338900500908494,1.9756134343147278,3.1599614568986,2.0078955364227298,2.0783528208732602,3.4509293335676188,1.7773766294121742,1069.543505676321,1069.543505676321,greedy,1.7773766294121742,0.0,hard_fault_cluster
790,N28048,observe,-1.0963228940963745,0.34738922715187076,2.2721687614917756,-1.0963228940963745,0.2260865420103073,0.1788552150130272,2.274518996477127,0.002260865420103073,-0.014156371355056763,-0.0036961492151021957,-0.0036961492151021957,-0.7690449479222298,0.02484649419784546,0.14148171246051788,-0.004506535828113556,114061.46875,46939.98828125,67121.484375,114693.078125,47145.96875,67547.109375,-0.005537447519600391,-0.0043881661258637905,-0.006341114174574614,-0.5537447519600391,2.707039812579751,0.36363700091838835,2.540247017983347,0.36383349955081934,-0.05346561521291729,2.0633165983110664,0.34738922715187076,1069.8908949034728,1069.8908949034728,greedy,0.34738922715187076,0.0,hard_fault_cluster
791,N19336,observe,-0.8127626180648804,1.756836425513029,2.8347857832908625,-0.8127626180648804,0.23912613093852997,1.3871825800091027,2.4024030566215515,0.0023912613093852995,-0.01737239956855774,-0.005702352151274681,-0.005702352151274681,0.19829849302768698,0.03061346337199211,0.14569881558418274,0.0007039159536361694,114692.9453125,47146.0546875,67546.890625,114044.96875,46947.08984375,67097.875,0.005649663507938385,0.0042201802134513855,0.006647465284913778,0.5649663507938385,3.2947701159864664,1.852548975944519,3.119702281896025,1.8769661974906922,2.0488359183073044,3.4317433468997476,1.756836425513029,1071.6477313289859,1071.6477313289859,greedy,1.756836425513029,0.0,hard_fault_cluster
792,N28052,observe,-1.0999208688735962,0.34707618355751035,1.316020345687866,-1.0999208688735962,0.22401754558086395,0.17883113324642186,1.3060389339923857,0.0022401754558086396,-0.014241784811019897,-0.004733836278319359,-0.004733836278319359,-0.7668015390634537,0.02471153810620308,0.13960130512714386,-0.004614435136318207,114044.890625,46946.78125,67098.109375,114661.59375,47140.203125,67521.390625,-0.005407547112554312,-0.004120024386793375,-0.006308393087238073,-0.5407547112554312,2.6904375199228525,0.36311485707759855,2.525974737945944,0.3632900589704513,-0.054008640348911244,0.9408418961614371,0.34707618355751035,1071.9948075125433,1071.9948075125433,greedy,0.34707618355751035,0.0,hard_fault_cluster
793,N3382,observe,-1.1922813653945923,0.3460412114858628,1.2480050861835479,-1.1922813653945923,0.22360052168369293,0.17825565934181217,1.298199188709259,0.002236005216836929,-0.013596117496490479,-0.007982460781931877,-0.007982460781931877,-0.7688654214143753,0.02269390970468521,0.13733384013175964,-0.0064096227288246155,114661.546875,47140.09375,67521.453125,115213.453125,47355.390625,67858.0625,-0.004813350737094879,-0.0045671709813177586,-0.004985221195966005,-0.4813350737094879,2.485009031370282,0.3631518882513046,2.3232954856939614,0.36337204396724704,-0.054337434470653576,0.8891999355703591,0.3460412114858628,1072.3408487240292,1072.3408487240292,greedy,0.3460412114858628,0.0,hard_fault_cluster
794,N19331,observe,-0.8437620401382446,1.6945476658642291,2.790987718105316,-0.8437620401382446,0.23990614712238312,1.3651368724554778,2.3958836317062375,0.0023990614712238313,-0.018441826105117798,-0.008841043338179588,-0.008841043338179588,0.15290157437324514,0.029508929699659348,0.14112846553325653,-0.000943310558795929,115213.453125,47355.78125,67857.671875,114397.5703125,47110.1796875,67287.390625,0.0070814890787005424,0.005186305847018957,0.008404078893363476,0.7081489078700542,3.1819580737501383,1.8277025747299194,3.0086592459119856,1.852755265235901,2.010015752911568,3.406510239392519,1.6945476658642291,1074.0353963898935,1074.0353963898935,greedy,1.6945476658642291,0.0,hard_fault_cluster
795,N3350,observe,-1.1328579187393188,0.34639388918876657,1.272186428308487,-1.1328579187393188,0.22538702189922333,0.1787770360708237,1.3035925090312956,0.0022538702189922335,-0.014718800783157349,-0.007437599822878838,-0.007437599822878838,-0.7663196927309036,0.023787781596183777,0.13655011355876923,-0.005203016102313995,114397.421875,47109.75,67287.671875,115098.1015625,47360.9296875,67737.171875,-0.006124960258603096,-0.005331798456609249,-0.0066802725195884705,-0.6124960258603096,2.596727581694722,0.36303384780883785,2.433265515137464,0.3632199931144714,-0.05437423288822178,0.9077249036729335,0.34639388918876657,1074.3817902790822,1074.3817902790822,greedy,0.34639388918876657,0.0,hard_fault_cluster
796,N9653,observe,-1.219465732574463,0.3491873651742935,1.3376557648181915,-1.219465732574463,0.225158229470253,0.18209399282932281,1.5949931502342225,0.00225158229470253,-0.01413378119468689,-0.010026631876826286,-0.010026631876826286,-0.7549865508079528,0.02180740237236023,0.13466642796993256,-0.006911955773830414,115098.4375,47361.421875,67737.015625,115717.4765625,47591.7890625,68125.6875,-0.005378344561904669,-0.004864025861024857,-0.005737953819334507,-0.5378344561904669,2.3958718348294497,0.365762944817543,2.2345231366343796,0.36589748442173,-0.0533078089356422,1.0902199851721526,0.3491873651742935,1074.7309776442564,1074.7309776442564,greedy,0.3491873651742935,0.0,hard_fault_cluster
797,N19340,observe,-0.857682466506958,1.6942918859422207,2.8000510931015015,-0.857682466506958,0.2414328008890152,1.3521974704414605,2.3911964416503904,0.002414328008890152,-0.021082818508148193,-0.011339789256453514,-0.011339789256453514,0.11158872604370107,0.028688594698905945,0.13786841928958893,-0.002226501703262329,115717.140625,47591.73046875,68125.40625,114815.9453125,47292.8046875,67523.140625,0.007787915412336588,0.00628104479983449,0.00884054321795702,0.7787915412336588,3.098952481523156,1.7725985515117646,2.926382722798735,1.7956672656536101,2.0076418817043304,3.4049672231078145,1.6942918859422207,1076.4252695301986,1076.4252695301986,greedy,1.6942918859422207,0.0,hard_fault_cluster
798,N8128,observe,-1.1474689245224,0.3420555219054222,0.5199026018381119,-1.1474689245224,0.22711081802845,0.17509396970272065,0.4934223778545856,0.0022711081802845,-0.015686333179473877,-0.009299872443079948,-0.009299872443079948,-0.7664040949940681,0.023017622530460358,0.13407020270824432,-0.00568053126335144,114814.5859375,47290.9921875,67523.59375,115547.6328125,47562.0546875,67985.578125,-0.006384614389389753,-0.005731799639761448,-0.006841821596026421,-0.6384614389389753,2.519573198631406,0.3553468531370163,2.3562149894423783,0.3553522175550461,-0.058481283485889435,-0.0012163017643615631,0.3420555219054222,1076.767325052104,1076.767325052104,greedy,0.3420555219054222,0.0,hard_fault_cluster
799,N3579,observe,-1.2349649667739868,0.34709149450063714,0.704356050491333,-1.2349649667739868,0.22669009864330292,0.17930585294961934,0.6860828876495361,0.002266900986433029,-0.014817088842391968,-0.011943651363253593,-0.011943651363253593,-0.7650205081701279,0.021167565137147903,0.13258348405361176,-0.007533758878707886,115549.1328125,47563.7890625,67985.34375,116213.921875,47810.875,68403.046875,-0.00575330201536417,-0.0051948330365121365,-0.006144017446786165,-0.575330201536417,2.3315029609948397,0.3635593914985657,2.1704431255348027,0.3637593233585358,-0.05401735603809357,0.22144519239664073,0.34709149450063714,1077.1144165466046,1077.1144165466046,greedy,0.34709149450063714,0.0,hard_fault_cluster
800,N19339,observe,-0.8607863187789917,0.9448296129703522,2.344682192802429,-0.8607863187789917,0.24356774985790253,1.6246861696243287,2.921014809608459,0.002435677498579025,-0.0237390398979187,-0.012727504596114159,-0.012727504596114159,0.0312495982646942,0.028048232197761536,0.13567395508289337,-0.0029974132776260376,116213.671875,47810.953125,68402.71875,115221.46875,47467.83203125,67753.640625,0.008537748828530312,0.00717662088572979,0.009489068761467934,0.8537748828530312,3.035663465037942,2.554331486225128,2.8625332810916007,2.438054077625275,2.132870501279831,3.48636582583189,0.9448296129703522,1078.059246159575,1078.059246159575,greedy,0.9448296129703522,0.0,hard_fault_cluster
801,N7944,observe,-0.9539307951927185,0.6467809110879897,2.54838570356369,-0.9539307951927185,0.22982077300548553,0.3558186501264572,1.2991706490516663,0.002298207730054855,-0.02567848563194275,-0.019056396558880806,-0.019056396558880806,-2.2250855457782746,0.029045313596725464,0.13130055367946625,-0.00303436815738678,115219.421875,47465.515625,67753.90625,115342.078125,47647.6328125,67694.4453125,-0.0010645448928698897,-0.0038368315435945988,0.0008776016184128821,-0.10645448928698897,3.115295736119151,0.9547737979888916,2.9572224537841976,0.9868173980712891,0.7866757035255433,2.2114382028579715,0.6467809110879897,1078.706027070663,1078.706027070663,greedy,0.6467809110879897,0.0,hard_fault_cluster
802,N3358,observe,-1.1690773963928223,0.3482529997825623,0.6909189820289612,-1.1690773963928223,0.22328384220600128,0.1802698314189912,0.6843636572360992,0.002232838422060013,-0.01593160629272461,-0.014643801376223564,-0.014643801376223564,-0.7620885694026946,0.024293746799230576,0.13150982558727264,-0.005425363779067993,115343.984375,47649.49609375,67694.484375,115893.78125,47784.05078125,68109.734375,-0.00476658483967185,-0.0028238429222255945,-0.006134177558124065,-0.476658483967185,2.6380147207528353,0.3647111165523529,2.481534690130502,0.36487955927848814,-0.053491112589836146,0.21196641348302359,0.3482529997825623,1079.0542800704454,1079.0542800704454,greedy,0.3482529997825623,0.0,hard_fault_cluster
803,N12633,observe,-0.7511322498321533,1.6149585440754892,2.916966652870178,-0.7511322498321533,0.2535829544067383,1.261876256763935,2.507034373283386,0.002535829544067383,-0.010977059602737427,-0.015458283945918083,-0.015458283945918083,-0.439768922328949,0.0345156192779541,0.15511934459209442,0.0020273029804229736,115893.1015625,47783.5859375,68109.515625,115293.1875,47425.0546875,67868.1328125,0.005176443140953779,0.00750323012471199,0.003544039558619261,0.5176443140953779,3.6896865982562304,1.855074906349182,3.511093095410615,1.8871703267097473,1.694693887233734,3.2015510267019267,1.6149585440754892,1080.669238614521,1080.669238614521,greedy,1.6149585440754892,0.0,hard_fault_cluster
804,N3342,observe,-1.1412166357040405,0.6139353692531586,0.6917903065681457,-1.1412166357040405,0.2350253015756607,0.5730557218194008,0.6911778151988983,0.002350253015756607,-0.013216853141784668,-0.011082341894507408,-0.011082341894507408,-0.5292031344771385,0.02451976388692856,0.14168445765972137,-0.006187133491039276,115293.8125,47425.53125,67868.28125,116144.3515625,47790.4140625,68353.9375,-0.007377143949270248,-0.007693805266171694,-0.007155864965170622,-0.7377143949270248,2.675919348374009,0.6328287398815156,2.507962128613144,0.6333061194419861,0.5997100412845612,0.6365673017501832,0.6139353692531586,1081.283173983774,1081.283173983774,greedy,0.6139353692531586,0.0,hard_fault_cluster
805,N19279,observe,-0.8374850153923035,1.6729426071047784,2.88692899942398,-0.8374850153923035,0.2483869343996048,1.247520058453083,2.4121358811855313,0.002483869343996048,-0.01760968565940857,-0.0102651696652174,-0.0102651696652174,0.13878801256418222,0.030054859817028046,0.14446139335632324,-0.0007065609097480774,116144.1796875,47790.5625,68353.6171875,115181.6171875,47456.2265625,67725.390625,0.008287651464343071,0.006995856761932373,0.009190831333398819,0.8287651464343071,3.243607746437192,1.7256104320287706,3.0650164228864014,1.7493003457784653,1.684283947944641,3.1947845661640164,1.6729426071047784,1082.9561165908788,1082.9561165908788,greedy,1.6729426071047784,0.0,hard_fault_cluster
806,N3435,observe,-1.137890100479126,0.5003950253129006,0.6797470450401306,-1.137890100479126,0.23233772814273834,0.4061927855014802,0.6819872558116913,0.0023233772814273833,-0.014467895030975342,-0.009834883734583855,-0.009834883734583855,-5.962285465300083,0.023835361003875732,0.13866974413394928,-0.005558446049690247,115181.671875,47456.21875,67725.453125,115845.546875,47695.35546875,68150.1875,-0.005763720721006393,-0.005039101932197809,-0.0062714144587516785,-0.5763720721006393,2.6060389447957277,-0.23059856414794916,2.439161811489612,-0.23035341024398798,0.3201820731163025,0.45406370043754574,0.5003950253129006,1083.4565116161916,1083.4565116161916,greedy,0.5003950253129006,0.0,hard_fault_cluster
807,N9660,observe,-1.2358063459396362,0.3809128969907761,0.7106137037277221,-1.2358063459396362,0.23153091967105865,0.2286407381296158,1.4368696510791779,0.0023153091967105864,-0.01307716965675354,-0.013157015666365623,-0.013157015666365623,-0.8169597744941711,0.021739289164543152,0.1356799453496933,-0.007296860218048096,115845.890625,47695.58984375,68150.3046875,116479.6875,47928.57421875,68551.1171875,-0.005471034441143274,-0.004884819965809584,-0.0058813015930354595,-0.5471034441143274,2.392302820459008,0.3722273182868958,2.2285223924554884,0.3714095664024354,0.0011089414358138178,0.5635291747748851,0.3809128969907761,1083.8374245131824,1083.8374245131824,greedy,0.3809128969907761,0.0,hard_fault_cluster
808,N12531,observe,-1.026503324508667,1.3033706061542036,2.6244465231895444,-1.026503324508667,0.24070440232753754,1.0905996834486722,2.352110809087753,0.0024070440232753752,-0.01816016435623169,-0.013769572600722313,-0.013769572600722313,-0.18328943163156514,0.02496611699461937,0.13918189704418182,-0.005652882158756256,116478.2109375,47927.375,68550.8359375,115835.8984375,47563.09375,68272.8046875,0.005514443386346102,0.007600692566484213,0.0040558404289186,0.5514443386346102,2.723546529188752,1.2587431406974794,2.5533454068936408,1.2687866187095642,1.4255267232656479,3.0265923701226707,1.3033706061542036,1085.1407951193366,1085.1407951193366,greedy,1.3033706061542036,0.0,hard_fault_cluster
809,N12565,observe,-0.7428373098373413,1.6678634718060492,2.918503320217132,-0.7428373098373413,0.26024913787841797,1.2919893205165862,2.496619874238968,0.0026024913787841795,-0.010564625263214111,-0.013013748452067375,-0.013013748452067375,0.6598379811644555,0.033022183924913406,0.1605670303106308,0.0010582134127616882,115836.65625,47563.60546875,68273.046875,115464.71875,47353.24609375,68111.46875,0.0032108791638165712,0.004422696307301521,0.002366645960137248,0.3210879163816571,3.5494537819176912,1.9759601402282718,3.3640272398479283,2.005575160980225,1.6306369304656982,3.1599140048027037,1.6678634718060492,1086.8086585911426,1086.8086585911426,greedy,1.6678634718060492,0.0,hard_fault_cluster
810,N3334,observe,-1.1530786752700806,0.638385158777237,0.6822733163833617,-1.1530786752700806,0.24143891036510468,0.6106037996709346,0.7665042281150818,0.002414389103651047,-0.011314630508422852,-0.014103813096880913,-0.014103813096880913,0.17172557964920995,0.02383648231625557,0.14481283724308014,-0.007211700081825256,115464.84375,47353.46484375,68111.375,116418.96875,47792.28515625,68626.6875,-0.008263337425887585,-0.009266910143196583,-0.007565733511000872,-0.8263337425887585,2.6109833288937807,0.7551164035499096,2.440482005942613,0.7556980673968792,0.6619579158723354,0.7210950621590018,0.638385158777237,1087.4470437499199,1087.4470437499199,greedy,0.638385158777237,0.0,hard_fault_cluster
811,N3389,observe,-1.2652719020843506,0.5735562160611153,0.6807562887668609,-1.2652719020843506,0.2367212027311325,0.5148173093795776,0.7644496917724608,0.002367212027311325,-0.010206788778305054,-0.01832839660346508,-0.01832839660346508,0.11563090983778236,0.021202705800533295,0.1401754766702652,-0.009216077625751495,116418.9453125,47792.3203125,68626.625,117109.7421875,48084.234375,69025.5078125,-0.005933715496212244,-0.006107970140874386,-0.005812362302094698,-0.5933715496212244,2.338663386180997,0.6867607886902988,2.1748687815852463,0.6870418305508792,0.5020891964435578,0.6093993930518626,0.5735562160611153,1088.020599965981,1088.020599965981,greedy,0.5735562160611153,0.0,hard_fault_cluster
812,N12599,observe,-0.7612712383270264,1.8116992488503456,2.954690396785736,-0.7612712383270264,0.2630496025085449,1.4494021014869212,2.518174064159393,0.0026304960250854493,-0.009890854358673096,-0.01991896890103817,-0.01991896890103817,0.6599370777606964,0.032129108905792236,0.1608930379152298,-5.873292684555054e-05,117109.5234375,48083.96875,69025.5546875,116215.828125,47661.421875,68554.40625,0.0076312776654958725,0.008787686936557293,0.00682571018114686,0.7631277665495872,3.4560415241867304,2.179711851477623,3.2736935489811003,2.2075713127851486,1.953878492116928,3.370021019876003,1.8116992488503456,1089.8322992148314,1089.8322992148314,greedy,1.8116992488503456,0.0,hard_fault_cluster
813,N3396,observe,-1.2040843963623047,0.6492942713201045,0.8006997942924499,-1.2040843963623047,0.2422381192445755,0.6264783281832933,0.9289544939994812,0.002422381192445755,-0.00793766975402832,-0.01936270110309124,-0.01936270110309124,0.17787730291485787,0.022174835205078125,0.14339126646518707,-0.008944682776927948,116215.9375,47661.66015625,68554.28125,117326.0,48184.66015625,69141.34375,-0.00955172348767519,-0.010973180644214153,-0.008563469164073467,-0.955172348767519,2.4403589386492968,0.7723417482152581,2.2732023750431836,0.7731612703576685,0.6867089670151472,0.8921193745546043,0.6492942713201045,1090.4815934861515,1090.4815934861515,greedy,0.6492942713201045,0.0,hard_fault_cluster
814,N9663,observe,-1.307201623916626,0.6095295682549478,0.7855525255203246,-1.307201623916626,0.23756562173366547,0.5693672493100166,0.9649450778961182,0.0023756562173366546,-0.006942719221115112,-0.024107886478304863,-0.024107886478304863,0.1455966046825051,0.019416268914937973,0.13785240054130554,-0.010666564106941223,117326.484375,48185.23046875,69141.25,118056.1875,48495.8984375,69560.2890625,-0.006219423841685057,-0.006447369232773781,-0.006060623098164797,-0.6219423841685057,2.155084626749158,0.7255911420099437,1.9949913253076375,0.72585523230955,0.5925057828426361,0.8474411487579345,0.6095295682549478,1091.0911230544064,1091.0911230544064,greedy,0.6095295682549478,0.0,hard_fault_cluster
815,N3473,observe,-1.3590577840805054,0.5063322380185127,0.787473702430725,-1.3590577840805054,0.23540930449962616,0.4168525382876396,0.9842619240283965,0.0023540930449962617,-0.007339835166931152,-0.027787184342741966,-0.027787184342741966,0.05283385571092367,0.01775520294904709,0.13356253504753113,-0.011771082878112793,118055.375,48495.15625,69560.21875,118871.5625,48844.87890625,70026.6875,-0.0069135986268520355,-0.007211496587842703,-0.006705970037728548,-0.6913598626852036,1.983142415061593,0.622663100976497,1.82742582494393,0.6228707575984299,0.33848433643579484,0.70838672734797,0.5063322380185127,1091.597455292425,1091.597455292425,greedy,0.5063322380185127,0.0,hard_fault_cluster
816,N9712,observe,-1.1329209804534912,0.9255978271365164,2.543545889854431,-1.1329209804534912,0.13157325983047485,-0.44115935705602166,-2.1955984234809875,0.0013157325983047486,0.16043612360954285,0.052103087306022644,0.052103087306022644,4.7499393486231565,0.0053913891315460205,0.10116146504878998,-0.0005868673324584961,118871.9765625,48845.2109375,70026.765625,119932.4296875,49291.9453125,70640.484375,-0.008920968510210514,-0.009145919233560562,-0.008764059282839298,-0.8920968510210514,0.7228152602910995,0.20944685332477075,0.5850579999387264,0.18291530601680261,-0.6509255133569241,-0.8431015836820004,0.9255978271365164,1092.5230531195614,1092.5230531195614,greedy,0.9255978271365164,0.0,hard_fault_cluster
817,N3410,observe,-1.1465269327163696,0.6638472337275744,0.9403617799282074,-1.1465269327163696,0.13882921636104584,0.5721830029040574,1.0353493809700012,0.0013882921636104585,0.16052255034446716,0.05046291649341583,0.05046291649341583,0.6427933377027512,0.0057971663773059845,0.1019216924905777,-0.000860072672367096,119932.296875,49291.828125,70640.46875,120770.765625,49678.01953125,71092.75,-0.00699118385091424,-0.007834795862436295,-0.006402580067515373,-0.699118385091424,0.7690087705850601,0.7037513095140456,0.6270396709442139,0.7037419754266738,0.34298314899206156,0.8278497793525457,0.6638472337275744,1093.186900353289,1093.186900353289,greedy,0.6638472337275744,0.0,hard_fault_cluster
818,N13921,control1,-1.5723859071731567,0.71493112526834,1.6258021757006644,-1.5723859071731567,0.0564781129360199,0.5069962613657116,0.06509101688861849,0.000564781129360199,0.13775113224983215,0.06113068759441376,0.0564781129360199,2.909412247277796,0.006072711199522018,0.09090745449066162,-0.015406571328639984,120771.78125,49676.22265625,71095.5625,120524.1328125,49485.6484375,71038.484375,0.002050548791885376,0.003836326766759157,0.000802836671937257,0.2050548791885376,0.7248799204826355,0.9136028933525084,0.6366733200848103,1.198942904472351,0.32970022931694987,1.1250003981962802,0.71493112526834,1093.9018314785574,1093.9018314785574,greedy,0.71493112526834,0.0,hard_fault_cluster
819,N18906,control1,-1.2152440547943115,1.624882732927799,1.942035621404648,-1.2152440547943115,0.08488616347312927,1.3984123112261293,2.110021364688873,0.0008488616347312927,0.14003697037696838,0.06026827543973923,0.06026827543973923,1.1976002283394336,0.011743765324354172,0.08534584939479828,-0.01289919763803482,120546.015625,49490.20703125,71055.8125,119840.6015625,49133.0625,70707.5390625,0.005851823836565018,0.007216468919068575,0.004901406820863485,0.5851823836565018,1.3195309713482857,1.2731985676288604,1.2106651421636343,1.316830812692642,0.8694201499223709,2.299186713844538,1.624882732927799,1095.5267142114851,1095.5267142114851,greedy,1.624882732927799,0.0,hard_fault_cluster
820,N3424,observe,-1.1333082914352417,0.8546493008732795,1.0242213666439057,-1.1333082914352417,0.1156550943851471,0.8082750648260116,1.0982369661331175,0.001156550943851471,0.1624717116355896,0.054292820394039154,0.054292820394039154,0.7752199409902096,0.010385282337665558,0.09467633068561554,-0.006192304193973541,119817.21875,49130.79296875,70686.421875,120761.34375,49639.59375,71121.75,-0.007879710756242275,-0.010356046259403229,-0.006158581934869289,-0.7879710756242275,1.208476148545742,0.8178648161888122,1.0810152124613523,0.8184139180183411,0.5897154778242111,1.0645138417184352,0.8546493008732795,1096.3813635123583,1096.3813635123583,greedy,0.8546493008732795,0.0,hard_fault_cluster
821,N13889,control1,-1.0295586585998535,1.198855823278427,2.1111849606037136,-1.0295586585998535,0.12120755016803741,1.0023122672736644,2.256362748146057,0.001212075501680374,0.14808806777000427,0.056961797177791595,0.056961797177791595,1.6689619390666484,0.012142110615968704,0.09195657074451447,-0.009315304458141327,120761.4140625,49637.5390625,71123.875,120164.0078125,49201.1640625,70962.84375,0.004946995992213488,0.00879122968763113,0.0022640954703092575,0.49469959922134876,1.3923804089426994,1.608114846944809,1.2587533984333277,1.6842287504673004,1.031639575958252,2.301224339306354,1.198855823278427,1097.5802193356367,1097.5802193356367,greedy,1.198855823278427,0.0,hard_fault_cluster
822,N7716,control1,-0.9881731271743774,1.1663316667079926,1.4528436183929443,-0.9881731271743774,0.24686305224895477,1.9177041351795194,2.2683358907699582,0.0024686305224895476,-0.034745872020721436,-0.016402332112193108,-0.016402332112193108,0.40928405106067656,0.022907402366399765,0.12039855122566223,-0.006592325866222382,120174.0625,49205.33984375,70968.71875,119645.1796875,48855.2734375,70789.90625,0.004400973208248615,0.007114398758858442,0.00251959590241313,0.4400973208248615,2.521200956776738,3.561688978374004,2.348355416674167,3.8828086206316947,1.9550164103507994,2.2298068086802956,1.1663316667079926,1098.7465510023446,1098.7465510023446,greedy,1.1663316667079926,0.0,hard_fault_cluster
823,N3431,observe,-1.2486652135849,0.644548511505127,1.0684063792228697,-1.2486652135849,0.23794744908809662,0.620131103694439,1.2425510764122008,0.002379474490880966,-0.023448675870895386,-0.017921416088938713,-0.017921416088938713,0.16837157854810356,0.019585654139518738,0.11981251835823059,-0.008529826998710632,119633.8046875,48853.1484375,70780.65625,120504.15625,49359.6953125,71144.4609375,-0.007275130599737167,-0.010368766263127327,-0.005139888729900122,-0.7275130599737167,2.1785914469510317,0.7541332275699824,2.0135719222016633,0.7541016847919673,0.6779077872633934,1.1975510136038066,0.644548511505127,1099.3910995138497,1099.3910995138497,greedy,0.644548511505127,0.0,hard_fault_cluster
824,N3481,observe,-1.064525842666626,0.6735597158549353,1.1175771296024322,-1.064525842666626,0.1317136287689209,0.1488083514710888,0.7245341003872454,0.001317136287689209,0.16673392057418823,0.05021895468235016,0.05021895468235016,0.6470559829915874,0.006931126117706299,0.09700460731983185,-0.000570446252822876,120503.90625,49359.546875,71144.359375,121017.5,49650.10546875,71367.3984375,-0.004262050613760948,-0.0058865733444690704,-0.0031350210774689913,-0.4262050613760948,0.8750451952219009,0.1460697989212349,0.7385957576334476,0.14494419314432888,0.20557644371874634,0.8275966924731619,0.6735597158549353,1100.0646592297046,1100.0646592297046,greedy,0.6735597158549353,0.0,hard_fault_cluster
825,N27856,control1,-1.223475694656372,0.9616427846997976,1.138223522901535,-1.223475694656372,0.08635890483856201,0.6121108874678611,0.32440063655376433,0.0008635890483856202,0.1542917788028717,0.06201381981372833,0.06201381981372833,2.317437176927924,0.00920155644416809,0.08682063221931458,-0.0069661810994148254,121017.9296875,49650.4609375,71367.46875,120384.234375,49250.90234375,71133.328125,0.0052363756112754345,0.008047429844737053,0.0032807751558721066,0.5236375611275434,1.0685283690690994,2.079987688660622,0.9572488255798817,2.0501838403940202,0.6748197823762894,0.9883771133422852,0.9616427846997976,1101.0263020144043,1101.0263020144043,greedy,0.9616427846997976,0.0,hard_fault_cluster
826,N3447,observe,-1.1853841543197632,0.8650324299931526,1.1486729383468628,-1.1853841543197632,0.11005204916000366,0.8279910042881966,1.1391821980476378,0.0011005204916000365,0.17115867137908936,0.054203130304813385,0.054203130304813385,0.7854649722576141,0.007939092814922333,0.09439562261104584,-0.0038051381707191467,120383.8828125,49250.6640625,71133.21875,120867.640625,49551.1640625,71316.4765625,-0.004018459934741259,-0.006101440638303757,-0.002576261991634965,-0.40184599347412586,0.9581644609570503,0.8087033832073212,0.8349730763584375,0.808703329563141,0.6048870354890823,1.1188273807615041,0.8650324299931526,1101.8913344443974,1101.8913344443974,greedy,0.8650324299931526,0.0,hard_fault_cluster
827,N3439,observe,-1.246997356414795,0.7978461295366287,1.1695223689079284,-1.246997356414795,0.11653292179107666,0.7342748060822487,1.1592229485511778,0.0011653292179107666,0.17715764045715332,0.054208531975746155,0.054208531975746155,0.7217773558199405,0.006130479276180267,0.09613583981990814,-0.002591930329799652,120867.609375,49551.1796875,71316.4296875,121194.234375,49702.78125,71491.453125,-0.0027023369912058115,-0.0030594945419579744,-0.0024541812017560005,-0.27023369912058115,0.7837893813848495,0.7585963958501816,0.6557332910597324,0.7585963958501816,0.47748157232999805,0.8862199979275465,0.7978461295366287,1102.689180573934,1102.689180573934,greedy,0.7978461295366287,0.0,hard_fault_cluster
828,N3466,observe,-1.3083497285842896,0.9181568041443824,1.1668529570102693,-1.3083497285842896,0.11981795728206635,1.282636606693268,1.6649705410003661,0.0011981795728206635,0.18055132031440735,0.05335370451211929,0.05335370451211929,0.7971008785068988,0.004947207868099213,0.09738031029701233,-0.0021804869174957275,121194.140625,49702.7265625,71491.4140625,121504.4140625,49847.0859375,71657.328125,-0.0025601356755942106,-0.002904455875977874,-0.0023207550402730703,-0.25601356755942106,0.6678924486041069,0.32626351892948147,0.5380137022584677,0.20721874564886092,0.6260780781507492,0.9613752622902394,0.9181568041443824,1103.6073373780785,1103.6073373780785,greedy,0.9181568041443824,0.0,hard_fault_cluster
829,N3403,observe,-1.3500884771347046,0.8095301322638989,1.1684745013713835,-1.3500884771347046,0.1220858246088028,0.8407816205173732,1.3084631860256195,0.001220858246088028,0.1829197108745575,0.051827192306518555,0.051827192306518555,0.7004290798678994,0.004334256052970886,0.09831272065639496,-0.002047896385192871,121504.4453125,49847.15625,71657.2890625,121822.59375,50017.44921875,71805.140625,-0.002618409926071763,-0.003416302613914013,-0.0020633151289075613,-0.2618409926071763,0.60733862221241,0.19150615233927964,0.47690385952591896,0.16747880477458238,0.4631948109716177,0.9110094434581697,0.8095301322638989,1104.4168675103424,1104.4168675103424,greedy,0.8095301322638989,0.0,hard_fault_cluster
830,N3417,observe,-1.3839073181152344,0.6560635484893055,1.2512725830078124,-1.3839073181152344,0.12317521870136261,0.5825936557863088,1.2393013179302215,0.0012317521870136262,0.18405163288116455,0.04947114735841751,0.04947114735841751,0.6805389529280365,0.0037303268909454346,0.09887367486953735,-0.0020755380392074585,121822.609375,50017.4921875,71805.1171875,122142.65625,50209.69921875,71932.953125,-0.0026271550450474024,-0.0038427961990237236,-0.0017803179798647761,-0.26271550450474024,0.5456790551543236,0.16266210516914725,0.4161942806094885,0.1514857425354421,0.41555958557873957,0.955200011031702,0.6560635484893055,1105.0729310588317,1105.0729310588317,greedy,0.6560635484893055,0.0,hard_fault_cluster
831,N3460,observe,-1.4159613847732544,0.6519431741222433,0.9860399067401886,-1.4159613847732544,0.12299126386642456,0.5762896962709418,1.2541393220424653,0.0012299126386642455,0.18407019972801208,0.04561726003885269,0.04561726003885269,0.674616123707965,0.0031363293528556824,0.09903217852115631,-0.002162463963031769,122142.6015625,50209.6796875,71932.921875,122489.703125,50438.57421875,72051.125,-0.002841773210093379,-0.0045587727800011635,-0.0016432410338893533,-0.2841773210093379,0.4822414591908455,0.14805837684310974,0.35578506626188755,0.140742499018088,0.4047227862291038,0.8427404798893258,0.6519431741222433,1105.7248742329539,1105.7248742329539,greedy,0.6519431741222433,0.0,hard_fault_cluster
832,N3453,observe,-1.4461157321929932,0.6300452673807739,1.4606881260871887,-1.4461157321929932,0.12103445827960968,0.534247029479593,1.4434292793273924,0.0012103445827960969,0.18473875522613525,0.04143843799829483,0.04143843799829483,0.6365895259287208,0.0021485313773155212,0.09886257350444794,-0.0021064281463623047,122489.6640625,50438.5703125,72051.09375,122812.2421875,50657.1484375,72155.09375,-0.0026335129514336586,-0.004333551041781902,-0.0014434201875701547,-0.26335129514336586,0.37732603400945663,0.11288777905516324,0.25547136180102825,0.10856665837578473,0.33551511773839593,1.0716486862907186,0.6300452673807739,1106.3549195003347,1106.3549195003347,greedy,0.6300452673807739,0.0,hard_fault_cluster
833,N3510,observe,-1.462683916091919,0.5857591604813934,1.1059988856315612,-1.462683916091919,0.11945946514606476,0.4798757026903331,1.2098375499248504,0.0011945946514606476,0.18511271476745605,0.03688392788171768,0.03688392788171768,0.5758124468382448,0.0014946535229682922,0.09864693880081177,-0.002404451370239258,122812.46875,50657.390625,72155.078125,123090.1328125,50847.9609375,72242.171875,-0.002260878449305892,-0.0037619448266923428,-0.0012070356169715524,-0.2260878449305892,0.30580874532461166,0.09506153906695544,0.18855120055377483,0.09157039071433246,0.25416453862562766,0.8896566564822568,0.5857591604813934,1106.940678660816,1106.940678660816,greedy,0.5857591604813934,0.0,hard_fault_cluster
834,N8126,observe,-1.4647467136383057,0.5992642523218364,0.674012154340744,-1.4647467136383057,0.11826564371585846,0.501777929271634,0.753622430562973,0.0011826564371585845,0.18571659922599792,0.033101364970207214,0.033101364970207214,0.6145629515099904,0.0005034729838371277,0.09811358153820038,-0.0022210031747817993,123088.171875,50846.21484375,72241.9609375,123318.5546875,51005.9921875,72312.5625,-0.0018716893391683698,-0.0031423645559698343,-0.000977293006144464,-0.18716893391683698,0.20171430706977844,0.05660320601138891,0.08818905055522919,0.056603295344687,0.2903102118197012,0.397708462959398,0.5992642523218364,1107.5399429131378,1107.5399429131378,greedy,0.5992642523218364,0.0,hard_fault_cluster
835,N8143,observe,-1.4537177085876465,0.6494227555874432,0.5156349986791611,-1.4537177085876465,0.11831232905387878,0.5780535587930102,0.6749011397361755,0.0011831232905387878,0.18633556365966797,0.029086487367749214,0.029086487367749214,0.6834428452259238,-2.6494264602661133e-05,0.09760177135467529,-0.0022941604256629944,123318.8984375,51006.2578125,72312.640625,123531.9375,51149.90625,72382.03125,-0.001727545983158052,-0.0028162903618067503,-0.0009595918818376958,-0.1727545983158052,0.14474938996136189,0.09486804038410925,0.034200277645140886,0.09486795260377336,0.4176174952487031,0.374373388003782,0.6494227555874432,1108.1893656687253,1108.1893656687253,greedy,0.6494227555874432,0.0,hard_fault_cluster
836,N8130,observe,-1.4373096227645874,0.7015517443418503,2.2892630755901333,-1.4373096227645874,0.11855867505073547,0.6342689692974091,2.279118692874908,0.0011855867505073548,0.1866203248500824,0.025137746706604958,0.025137746706604958,0.728352629840374,-0.0003750622272491455,0.09699493646621704,-0.002581678330898285,123531.984375,51149.94140625,72382.0390625,123734.8203125,51283.3671875,72451.453125,-0.0016419710591435432,-0.0026085227727890015,-0.0009589956607669592,-0.16419710591435432,0.10619019903242588,0.11977830693125725,-0.001582117285579443,0.11977830693125725,0.5054168984293937,1.9035209839791059,0.7015517443418503,1108.8909174130672,1108.8909174130672,greedy,0.7015517443418503,0.0,hard_fault_cluster
837,N8123,observe,-1.4185823202133179,0.7126945417374373,2.2887288510799406,-1.4185823202133179,0.11900241672992706,0.6518209198489785,2.2791163146495816,0.0011900241672992706,0.18699601292610168,0.02166111208498478,0.02166111208498478,0.7441514492966235,-0.0008614212274551392,0.0962890237569809,-0.002701476216316223,123734.4375,51283.046875,72451.390625,123913.109375,51393.828125,72519.28125,-0.0014439946971833706,-0.0021601924672722816,-0.000937050674110651,-0.14439946971833706,0.054521406069397926,0.018007870335131876,-0.050976240541785955,0.02229647668078541,0.5345905860885978,1.9224838809575886,0.7126945417374373,1109.6036119548046,1109.6036119548046,greedy,0.7126945417374373,0.0,hard_fault_cluster
838,N8133,observe,-1.4063386917114258,0.7198778245598078,2.2841725468635556,-1.4063386917114258,0.1190931648015976,0.6683434536680579,2.277187323570251,0.001190931648015976,0.18690329790115356,0.018446365371346474,0.018446365371346474,0.7606958184204995,-0.001496434211730957,0.0954795777797699,-0.002914533019065857,123913.359375,51393.953125,72519.40625,124067.8671875,51478.2578125,72589.609375,-0.0012469019275158644,-0.0016403619665652514,-0.0009680598159320652,-0.12469019275158644,-0.012103891000151634,0.050680215191096056,-0.11525853862985969,0.05405748886987566,0.5639490598812699,1.9415668889228255,0.7198778245598078,1110.3234897793643,1110.3234897793643,greedy,0.7198778245598078,0.0,hard_fault_cluster
839,N3284,observe,-1.3900452852249146,0.7254052676260472,2.283424365520477,-1.3900452852249146,0.1198023110628128,0.678728524968028,2.2784414410591123,0.001198023110628128,0.1869342029094696,0.016013124957680702,0.016013124957680702,0.7689539877697825,-0.0022761672735214233,0.09467014670372009,-0.0028461217880249023,124069.3203125,51479.6953125,72589.625,124243.3125,51568.64453125,72674.6640625,-0.0014023787807673216,-0.0017278505256399512,-0.0011715043801814318,-0.14023787807673216,-0.09180129133164883,0.07534793134778736,-0.19366286834701896,0.07721267756074665,0.5794994253665209,1.8349754539318381,0.7254052676260472,1111.0488950469903,1111.0488950469903,greedy,0.7254052676260472,0.0,hard_fault_cluster
840,N19372,observe,-0.9829777479171753,2.0659592654556036,3.0591688394546503,-0.9829777479171753,0.16334088146686554,1.8179933127015828,2.7761376619338987,0.0016334088146686555,0.17933389544487,0.026032859459519386,0.026032859459519386,1.3069011026620863,0.011674650013446808,0.09851495921611786,-0.0004769042134284973,124243.5546875,51569.4296875,72674.125,123488.2109375,51363.46875,72124.7421875,0.006079540587961674,0.0039938571862876415,0.007559537887573242,0.6079540587961674,1.3568387422710657,2.2227745664119722,1.214808436576277,2.1047511470317843,1.9508212119340895,3.368033787757158,2.0659592654556036,1113.114854312446,1113.114854312446,greedy,2.0659592654556036,0.0,hard_fault_cluster
841,N19392,observe,-0.9097033739089966,2.085778336599469,3.121665847301483,-0.9097033739089966,0.1688557118177414,1.8154765594750641,2.8646148204803463,0.0016885571181774139,0.1807766854763031,0.02989923395216465,0.02989923395216465,1.3087922585010527,0.013780806213617325,0.10084491968154907,0.001756422221660614,123488.3671875,51363.515625,72124.8515625,122984.25,51185.57421875,71798.6796875,0.0040823048911988735,0.0034643542021512985,0.00452232314273715,0.40823048911988735,1.5768355671316385,1.661558958888054,1.427769357804209,1.6668976277112961,1.7837406426668165,3.2594314177334303,2.085778336599469,1115.2006326490455,1115.2006326490455,greedy,2.085778336599469,0.0,hard_fault_cluster
842,N8122,observe,-1.1579071283340454,0.6930933015653864,1.431205403804779,-1.1579071283340454,0.13190858066082,0.6376979933003895,-0.48520414233207704,0.0013190858066082002,0.19053032994270325,0.030066752806305885,0.030066752806305885,0.7205203324079047,0.003652133047580719,0.09712132811546326,0.0015155896544456482,122982.5,51183.4375,71799.0625,123218.875,51187.80859375,72031.0625,-0.0019220213871449232,-8.54005484143272e-05,-0.0032312399707734585,-0.19220213871449232,0.5271886382251978,0.11832684886991043,0.4057071381248534,0.11872148051275869,0.5267445393954403,0.520409624830936,0.6930933015653864,1115.8937259506108,1115.8937259506108,greedy,0.6930933015653864,0.0,hard_fault_cluster
843,N3500,observe,-1.1904356479644775,0.6997071096440153,0.4878513574600219,-1.1904356479644775,0.12379120290279388,0.653297742981539,0.47214448451995844,0.0012379120290279388,0.1899934709072113,0.03063148446381092,0.03063148446381092,0.7515294035623775,0.0003006979823112488,0.09519989788532257,0.001988939940929413,123220.5,51189.421875,72031.078125,123221.6328125,51122.984375,72098.6484375,-9.193377081828658e-06,0.001297875540331006,-0.0009380716364830732,-0.0009193377081828658,0.18449248559772968,0.13273748221884601,0.06867547007277608,0.13273717297200277,0.5436155963183751,0.4049420654631507,0.6997071096440153,1116.593433060255,1116.593433060255,greedy,0.6997071096440153,0.0,hard_fault_cluster
844,N3530,observe,-1.2034761905670166,0.7023613375485638,0.7089466869831085,-1.2034761905670166,0.12152615189552307,0.6572730449701338,0.6876270353794097,0.0012152615189552308,0.18905916810035706,0.030028434470295906,0.030028434470295906,0.7550865624022071,-0.0016818046569824219,0.09341162443161011,0.001982681453227997,123221.703125,51123.06640625,72098.6328125,123204.90625,51075.12109375,72129.7890625,0.0001363142509944737,0.000937841075938195,-0.0004321337037254125,0.01363142509944737,-0.01662587933242321,0.13471187759949768,-0.13029181910678744,0.1347115972068286,0.5502165455640806,0.5561906015784848,0.7023613375485638,1117.2957943978035,1117.2957943978035,greedy,0.7023613375485638,0.0,hard_fault_cluster
845,N19396,observe,-0.9129946231842041,1.8057604387402535,2.88365797996521,-0.9129946231842041,0.1593855619430542,1.7043638095259666,1.5903101086616516,0.001593855619430542,0.18058088421821594,0.0399521067738533,0.0399521067738533,1.3596013289690017,0.009271159768104553,0.09770701825618744,0.0027322471141815186,123204.9140625,51075.6015625,72129.3125,122633.609375,50933.89453125,71699.71875,0.004637028556317091,0.0027744565159082413,0.005955882836133242,0.4637028556317091,1.1264536455273628,1.5091647875308989,0.9769503939896822,1.5979277861118315,1.6423191130161285,2.503898215889931,1.8057604387402535,1119.1015548365438,1119.1015548365438,greedy,1.8057604387402535,0.0,hard_fault_cluster
846,N3539,observe,-1.1131587028503418,0.6880364164710044,0.6481117367744446,-1.1131587028503418,0.12727831304073334,0.6357826501131058,0.6638593375682831,0.0012727831304073334,0.19122517108917236,0.03634599596261978,0.03634599596261978,0.7357523871958256,0.000566437840461731,0.09493464231491089,0.002873975783586502,122633.578125,50933.45703125,71700.1171875,122829.796875,50940.5625,71889.234375,-0.0016000409377738833,-0.00013950493303127587,-0.002637613331899047,-0.16000409377738833,0.22026809304952621,0.12396469250321386,0.09754986129701138,0.12396469250321386,0.5144014969468117,0.4947409729219362,0.6880364164710044,1119.7895912530148,1119.7895912530148,greedy,0.6880364164710044,0.0,hard_fault_cluster
847,N19426,observe,-0.898171603679657,0.8116281496728207,0.6744960486888886,-0.898171603679657,0.15575584769248962,0.8211738335335994,0.6701900482177734,0.0015575584769248962,0.18023210763931274,0.04323086142539978,0.04323086142539978,0.8940244650840758,0.010089259594678879,0.09804344177246094,0.00275372713804245,122829.6328125,50940.9453125,71888.6875,122312.9765625,50775.046875,71537.9296875,0.004206283483654261,0.0032566816080361605,0.004879179410636425,0.42062834836542606,1.2079126685857773,1.1320118021965029,1.0586726367473602,1.1699464988708497,0.8234044641256332,0.7400185929979443,0.8116281496728207,1120.6012194026875,1120.6012194026875,greedy,0.8116281496728207,0.0,hard_fault_cluster
848,N3520,observe,-1.0887835025787354,0.7974715932936305,0.7226790070533752,-1.0887835025787354,0.1250295639038086,0.7409180089430264,0.4721558332443237,0.001250295639038086,0.19285160303115845,0.03971286118030548,0.03971286118030548,0.7241541742917526,0.0018757134675979614,0.09584888815879822,0.0029640980064868927,122313.0625,50774.6796875,71538.3828125,122492.984375,50764.3203125,71728.6640625,-0.0014709947863593698,0.00020402639347594231,-0.002659848425537348,-0.14709947863593698,0.3523137718439102,0.11755678359509147,0.22875695303082466,0.11755424858961305,0.49290566586723794,0.3646995142412789,0.7974715932936305,1121.3986909959813,1121.3986909959813,greedy,0.7974715932936305,0.0,hard_fault_cluster
849,N19430,observe,-0.9002312421798706,0.7588375858992493,0.74904345870018,-0.9002312421798706,0.14965593814849854,0.7419900055757295,0.4721599271313607,0.0014965593814849853,0.18043458461761475,0.04516138881444931,0.04516138881444931,0.8313534149977204,0.010599017143249512,0.09804317355155945,0.002334076911211014,122492.8125,50764.68359375,71728.125,122040.671875,50617.82421875,71422.84375,0.0036911603529006243,0.002892943797633052,0.004256088752299547,0.3691160352900624,1.254719041287899,0.8431550605100347,1.1086060460656881,0.8431480331224157,0.6914309072002652,0.6082088472085866,0.7588375858992493,1122.1575285818806,1122.1575285818806,greedy,0.7588375858992493,0.0,hard_fault_cluster
850,N19422,observe,-1.050010085105896,1.5138737273961305,2.3145397305488586,-1.050010085105896,0.24348996579647064,4.378839880973101,5.2751159191131585,0.0024348996579647065,-0.020510166883468628,-0.03171210736036301,-0.03171210736036301,0.24050167948007584,0.019383739680051804,0.11018715798854828,-0.008031904697418213,122040.6953125,50617.8359375,71422.859375,121741.46875,50455.46875,71286.0,0.002451858948916197,0.003207707079127431,0.0019161844393238425,0.24518589489161968,2.150151826441288,1.274185979962349,1.9913184326142073,1.236704040169716,2.315975211560726,3.4481172081083056,1.5138737273961305,1123.6714023092768,1123.6714023092768,greedy,1.5138737273961305,0.0,hard_fault_cluster
851,N19408,observe,-1.0752980709075928,1.657829888164997,2.764881896972656,-1.0752980709075928,0.24176178872585297,1.4481186317652464,1.6970489263534545,0.0024176178872585296,-0.026834040880203247,-0.029801545664668083,-0.029801545664668083,1.0471451030671597,0.019444096833467484,0.10786841809749603,-0.006542570888996124,121741.484375,50455.48046875,71286.0,121423.9140625,50254.1796875,71169.734375,0.00260856281965971,0.003989671356976032,0.0016309741185978055,0.260856281965971,2.1563699264079332,2.393249854743481,1.9973997441120446,2.524833664596081,1.4406042635440826,2.567892608344555,1.657829888164997,1125.3292321974418,1125.3292321974418,greedy,1.657829888164997,0.0,hard_fault_cluster
852,N2856,observe,-1.043885350227356,1.8300842180848123,2.9079757928848267,-1.043885350227356,0.24238039553165436,1.4839492784440518,1.7083823323249816,0.0024238039553165437,-0.03036937117576599,-0.028276940807700157,-0.028276940807700157,1.0656781566143034,0.020915381610393524,0.10835027694702148,-0.004723362624645233,121423.796875,50253.71875,71170.078125,121068.84375,50002.06640625,71066.78125,0.0029232583474367857,0.005007636267691851,0.0014514087233692408,0.29232583474367857,2.3056416157633066,2.1039760375022887,2.145064024720341,2.1651964926719662,1.507456296682358,2.611347007751465,1.8300842180848123,1127.1593164155265,1127.1593164155265,greedy,1.8300842180848123,0.0,hard_fault_cluster
853,N19404,observe,-1.092651128768921,1.525516180880368,2.801546120643615,-1.092651128768921,0.23557572066783905,1.1858626769855618,1.605487436056137,0.0023557572066783905,-0.031079411506652832,-0.02533695288002491,-0.02533695288002491,1.0032825148105622,0.020034819841384888,0.10491660237312317,-0.004168286919593811,121069.0,50002.53515625,71066.46875,120809.7265625,49830.9453125,70978.78125,0.002141534583643079,0.0034316228702664375,0.001233880058862269,0.21415345836430788,2.213720751926303,1.5681579953432083,2.0560416760854423,1.5961626178026198,1.2620334073901176,2.451820923909545,1.525516180880368,1128.684832596407,1128.684832596407,greedy,1.525516180880368,0.0,hard_fault_cluster
854,N3492,observe,-1.2486069202423096,0.7481885019027686,1.1113812565803527,-1.2486069202423096,0.2200799137353897,0.7259282420658565,1.2141449630260466,0.002200799137353897,-0.015337198972702026,-0.021784653887152672,-0.021784653887152672,0.8169609262794256,0.01690613105893135,0.10829031467437744,-0.006682164967060089,120809.03125,49829.82421875,70979.2109375,120776.25,49717.859375,71058.390625,0.000271347671514377,0.0022469444666057825,-0.001115533523261547,0.0271347671514377,1.888908365741372,0.8325312194228173,1.7401869208551943,0.8325370129942894,0.6645499639213085,0.7715029878215864,0.7481885019027686,1129.4330210983098,1129.4330210983098,greedy,0.7481885019027686,0.0,hard_fault_cluster
855,N19414,observe,-1.126942753791809,1.3537974007427693,2.715904307365417,-1.126942753791809,0.22765664756298065,1.055475445650518,2.41505788564682,0.0022765664756298066,-0.03072059154510498,-0.02299140952527523,-0.02299140952527523,0.6887432729825378,0.0206090547144413,0.105685755610466,-0.003773525357246399,120776.796875,49718.9609375,71057.8359375,120469.1484375,49567.484375,70901.6640625,0.002547247800976038,0.0030466557946056128,0.0021978134755045176,0.2547247800976038,2.2655707094818354,1.5195998253673315,2.1120717809535563,1.5518515648692848,1.141264239512384,2.6840617927070705,1.3537974007427693,1130.7868184990525,1130.7868184990525,greedy,1.3537974007427693,0.0,hard_fault_cluster
856,N19400,observe,-1.1330314874649048,1.1980547197163105,2.6091954231262204,-1.1330314874649048,0.2247854620218277,0.9610341675579547,2.3643185317516324,0.002247854620218277,-0.031657129526138306,-0.021542800590395927,-0.021542800590395927,0.4939889371395111,0.02130632847547531,0.10353328287601471,-0.0027109533548355103,120469.140625,49567.4765625,70901.6640625,120271.9375,49434.53515625,70837.40625,0.0016369597287848592,0.0026820290368050337,0.0009062948520295322,0.16369597287848592,2.333875508978963,1.3551282995939256,2.181443512905389,1.381933545470238,1.0625780627131463,2.790675740763545,1.1980547197163105,1131.9848732187688,1131.9848732187688,greedy,1.1980547197163105,0.0,hard_fault_cluster
857,N19418,observe,-1.1403090953826904,1.2137985467910768,2.625545346736908,-1.1403090953826904,0.22050462663173676,0.9609621293842792,2.3636557161808014,0.0022050462663173675,-0.03155016899108887,-0.019989317283034325,-0.019989317283034325,0.6705341221392154,0.02181725949048996,0.10195682942867279,-0.0019604861736297607,120271.921875,49434.52734375,70837.390625,120058.1875,49271.3828125,70786.8046875,0.0017770929262042046,0.003300214186310768,0.0007141135283745825,0.17770929262042046,2.3822412583976984,1.3264298793673515,2.2318547763861716,1.3494834658503532,1.0741570971906185,2.7982021131739017,1.2137985467910768,1133.19867176556,1133.19867176556,greedy,1.2137985467910768,0.0,hard_fault_cluster
858,N3936,observe,-0.5163371562957764,1.0850091736763716,2.6819259762763976,-0.5163371562957764,0.05324719846248627,0.12291298968717454,-1.833262141048908,0.0005324719846248626,-0.12618109583854675,0.10229939967393875,0.05324719846248627,0.6997234734334051,0.011667639017105103,0.01487094908952713,-0.005314752459526062,120055.0390625,49265.6796875,70789.359375,120063.984375,49198.11328125,70865.8671875,-7.451009878423065e-05,0.001371470047160983,-0.0010807812213897705,-0.007451009878423065,1.3223104998469353,0.23626697881147266,1.2056505512446165,0.23706210477277637,0.47292622700333603,0.4124020475521687,1.0850091736763716,1134.2836809392363,1134.2836809392363,greedy,1.0850091736763716,0.0,hard_fault_cluster
859,N3577,observe,-0.6685865521430969,3.2552586243487895,3.9900476217269896,-0.6685865521430969,0.05480198562145233,0.7929012047115246,-1.635120175871998,0.0005480198562145233,-0.11554232239723206,0.09261748194694519,0.05480198562145233,2.7998748606804296,0.011311490088701248,0.01837625354528427,-0.006248727440834045,120066.390625,49203.25,70863.140625,120129.609375,49191.87890625,70937.734375,-0.0005265315994620323,0.0002311045245733112,-0.001052645267918706,-0.05265315994620323,1.2785684764385223,0.6543315421568695,1.1680038757622242,0.6541131204704288,1.2417027956689708,0.8844482601623169,3.2552586243487895,1137.538939563585,1137.538939563585,greedy,3.2552586243487895,0.0,hard_fault_cluster
860,N1982,observe,-1.33241605758667,0.8189325706660747,-0.817111438512802,-1.33241605758667,0.2244960218667984,1.121355637907982,2.4701983749866483,0.002244960218667984,-0.031622081995010376,-0.0016791429370641708,-0.0016791429370641708,1.9175654359161856,0.01683645322918892,0.09888151288032532,-0.003662899136543274,120125.53125,49186.73828125,70938.7890625,120105.125,49128.21875,70976.90625,0.0001698743726592511,0.0011897420044988394,-0.0005373250460252166,0.01698743726592511,1.9064622018486261,0.9088228748738765,1.7393495426513255,0.8786850975453853,0.6058314338326454,0.7402442017942665,0.8189325706660747,1138.357872134251,1138.357872134251,greedy,0.8189325706660747,0.0,hard_fault_cluster
861,N3683,observe,-1.2927749156951904,0.7595127706415951,0.6786896526813507,-1.2927749156951904,0.21473367512226105,0.7349966653622687,0.6766848921775818,0.0021473367512226103,-0.021006017923355103,-0.00752854160964489,-0.00752854160964489,0.8470367900654673,0.017871033400297165,0.1068020761013031,-0.0050040557980537415,120109.265625,49133.5078125,70975.7578125,120209.234375,49243.42578125,70965.8125,-0.0008323150686919689,-0.002237128559499979,0.00014012266183272004,-0.08323150686919689,1.9943084735423326,0.8377730084955692,1.8389046234078705,0.8377730084955692,0.6674998853355646,0.6404377176053822,0.7595127706415951,1139.1173849048926,1139.1173849048926,greedy,0.7595127706415951,0.0,hard_fault_cluster
862,N14174,observe,-0.4445616900920868,3.4256734311580654,3.9205054759979245,-0.4445616900920868,0.09640024602413177,-0.04125636503100405,-2.65984970331192,0.0009640024602413178,-0.09027895331382751,0.09431532770395279,0.09431532770395279,5.487805700451135,0.014134053140878677,0.016037210822105408,-0.0035799741744995117,120209.2578125,49243.15625,70966.1015625,119922.3359375,49103.0703125,70819.265625,0.0023868533316999674,0.0028447797521948814,0.002069099573418498,0.23868533316999674,1.6041208878159523,1.3358242128789424,1.4610842075198889,1.3209123526513575,1.0904093086719513,0.8137660506367685,3.4256734311580654,1142.5430583360505,1142.5430583360505,greedy,3.4256734311580654,0.0,hard_fault_cluster
863,N18764,observe,-0.21557235717773438,1.6059516847133637,2.8297162413597103,-0.21557235717773438,0.1353897601366043,1.5515430971980095,2.7502795100212096,0.001353897601366043,-0.07519829273223877,0.08550026267766953,0.08550026267766953,1.4091701385378836,0.01990051567554474,0.02759569138288498,0.0003262050449848175,119922.265625,49103.3984375,70818.8671875,119730.875,49003.890625,70726.984375,0.0015959556913003325,0.002026495523750782,0.0012974340934306383,0.15959556913003325,2.2109415903687477,2.6810956472158436,2.0452740732580423,2.9826446050405506,1.7345436438918114,3.227453368529677,1.6059516847133637,1144.1490100207639,1144.1490100207639,greedy,1.6059516847133637,0.0,hard_fault_cluster
864,N12568,observe,-0.41854679584503174,0.9690999113023281,2.4609949767589567,-0.41854679584503174,0.08782745897769928,0.4523820903524756,-1.6227932989597318,0.0008782745897769928,-0.0756371021270752,0.09706498682498932,0.08782745897769928,0.8122736603394151,0.016164913773536682,0.023765191435813904,-0.0028388500213623047,119730.734375,49003.6484375,70727.0859375,120012.3359375,49101.515625,70910.8203125,-0.0023519571404904127,-0.001997140934690833,-0.0025977937038987875,-0.23519571404904127,1.8013838231563568,0.5611760779097676,1.6627144888043404,0.542497889585793,0.5535936262458563,0.8637793483398857,0.9690999113023281,1145.118109932066,1145.118109932066,greedy,0.9690999113023281,0.0,hard_fault_cluster
865,N3338,observe,-1.2459888458251953,0.7264423625660129,0.5895273685455322,-1.2459888458251953,0.22101326286792755,0.6933145435643382,0.8057688117027282,0.0022101326286792754,-0.016583561897277832,-0.0124486293643713,-0.0124486293643713,0.7880464296042918,0.021398060023784637,0.12091559171676636,-0.0058062076568603516,120011.984375,49101.20703125,70910.78125,120352.265625,49302.89453125,71049.375,-0.0028353938832879066,-0.00410758750513196,-0.001954480540007353,-0.28353938832879066,2.34837063588202,0.810735274553299,2.191947160754353,0.8107345771789551,0.6100487470626831,0.6149443834507837,0.7264423625660129,1145.8445522946322,1145.8445522946322,greedy,0.7264423625660129,0.0,hard_fault_cluster
866,N19207,observe,-1.1577770709991455,1.48544762596488,2.5499435663223267,-1.1577770709991455,0.22496001422405243,1.2736896178126336,2.385459953546524,0.002249600142240524,-0.029833853244781494,-0.011865971609950066,-0.011865971609950066,2.5170000948011872,0.022437483072280884,0.11466027796268463,-0.003590799868106842,120352.7421875,49303.46875,71049.2734375,120173.71875,49249.8125,70923.90625,0.0014874894404783845,0.0010882854694500566,0.0017645105253905058,0.14874894404783845,2.4568423498421907,1.4128365737199782,2.297021817881614,1.4160299521684645,1.016060197353363,2.6357159382104873,1.48544762596488,1147.3299999205972,1147.3299999205972,greedy,1.48544762596488,0.0,hard_fault_cluster
867,N3764,observe,-1.2604949474334717,0.7341530665755271,0.6745164692401886,-1.2604949474334717,0.2161477655172348,0.7049258962273597,0.4721435248851776,0.002161477655172348,-0.015957176685333252,-0.009999601170420647,-0.009999601170420647,0.797997313439846,0.020060613751411438,0.1189902275800705,-0.006044961512088776,120173.8203125,49249.8828125,70923.9375,120351.65625,49330.27734375,71021.375,-0.001479822676628828,-0.0016323801828548312,-0.0013738309498876333,-0.1479822676628828,2.212209539487958,0.8184390759468079,2.0575984162278473,0.8184390759468079,0.6296671152114869,0.5407355826348067,0.7341530665755271,1148.0641529871727,1148.0641529871727,greedy,0.7341530665755271,0.0,hard_fault_cluster
868,N3827,observe,-1.286263346672058,0.592451325665388,0.5769727885723114,-1.286263346672058,0.21275122463703156,0.49238453717080116,0.6745126962661743,0.0021275122463703154,-0.014237791299819946,-0.012692546471953392,-0.012692546471953392,0.6068459130823612,0.018898148089647293,0.12006713449954987,-0.008123055100440979,120351.375,49329.8046875,71021.5703125,120603.609375,49490.765625,71112.84375,-0.0020958164241164923,-0.0032629549968987703,-0.0012851508799940348,-0.20958164241164923,2.0898734871298075,0.6768087410926819,1.9398294785059988,0.6768107259273529,0.2753348916769028,0.3608309330418706,0.592451325665388,1148.6566043128382,1148.6566043128382,greedy,0.592451325665388,0.0,hard_fault_cluster
869,N3549,observe,-1.2989870309829712,0.4590253790651332,0.61080824136734,-1.2989870309829712,0.21083445847034454,0.2921592896615039,0.6745597779750824,0.0021083445847034452,-0.012909144163131714,-0.015978997573256493,-0.015978997573256493,0.42703153386712067,0.017758809030056,0.12022043764591217,-0.010084055364131927,120603.4765625,49490.7734375,71112.703125,120902.921875,49685.40234375,71217.515625,-0.0024828913155943155,-0.003932630177587271,-0.0014738928293809295,-0.24828913155943155,1.970736363902688,0.5433460700511932,1.824594768229872,0.5433466064929962,-0.05854348540306101,0.13911987854400643,0.4590253790651332,1149.1156296919035,1149.1156296919035,greedy,0.4590253790651332,0.0,hard_fault_cluster
870,N25714,observe,-1.161537766456604,1.637339896261692,-1.3841322958469389,-1.161537766456604,0.22069288790225983,5.480655555427075,5.999999999999999,0.002206928879022598,-0.03173092007637024,-0.01700669340789318,-0.01700669340789318,0.46159546703100185,0.022223062813282013,0.11689142882823944,-0.005829267203807831,120902.5078125,49685.1796875,71217.328125,120682.25,49634.453125,71047.796875,0.0018217803444713354,0.0010209595784544945,0.00238047749735415,0.18217803444713354,2.425992475822568,1.7361894643306732,2.273227829951793,1.7032235062122345,3.4283685684204097,2.6484395694732665,1.637339896261692,1150.7529695881651,1150.7529695881651,greedy,1.637339896261692,0.0,hard_fault_cluster
871,N2992,observe,-1.0602014064788818,0.6182248763740062,2.291263371706009,-1.0602014064788818,0.10343113541603088,-0.0382193984463811,-1.888117754459381,0.001034311354160309,0.19919714331626892,0.05730663985013962,0.05730663985013962,1.1498392875865102,0.0027320459485054016,0.09537595510482788,0.003912970423698425,120682.84375,49634.953125,71047.890625,120964.1484375,49762.3828125,71201.765625,-0.0023309418465942144,-0.0025673378258943558,-0.002165792742744088,-0.23309418465942144,0.43394237011671066,-0.04367124658077956,0.3133890386670828,-0.04116218905895949,-0.020205214992165533,-0.36280907908454507,0.6182248763740062,1151.371194464539,1151.371194464539,greedy,0.6182248763740062,0.0,hard_fault_cluster
872,N28041,observe,-1.0827218294143677,0.7580334037542343,0.6753987729549408,-1.0827218294143677,0.10091976821422577,0.8160425096750259,0.905670565366745,0.0010091976821422577,0.20149317383766174,0.05619106441736221,0.05619106441736221,0.7883770388364791,0.001070961356163025,0.0951312929391861,0.003470093011856079,120963.390625,49761.97265625,71201.421875,121233.75,49914.546875,71319.203125,-0.002235051244497299,-0.0030660806223750114,-0.0016541980439797044,-0.22350512444972992,0.2642069682478905,0.013040117025375353,0.14637384377419949,0.013040117025375353,0.1543384671211243,0.33701349988579754,0.7580334037542343,1152.1292278682934,1152.1292278682934,greedy,0.7580334037542343,0.0,hard_fault_cluster
873,N25715,observe,-1.1133087873458862,1.7397048223018647,-1.3390361368656156,-1.1133087873458862,0.22390280663967133,5.57022146731615,5.999999999999999,0.0022390280663967133,-0.03200361132621765,-0.01929650269448757,-0.01929650269448757,0.2661794885993002,0.0236564539372921,0.12012238800525665,-0.005586408078670502,121233.4375,49914.14453125,71319.296875,120856.2421875,49766.0234375,71090.21875,0.0031113142613321543,0.0029675173573195934,0.0032120076939463615,0.3111314261332154,2.5702516976743937,1.7322951650619507,2.416796969715506,1.7014435386657714,3.6468517303466794,2.790453624725341,1.7397048223018647,1153.8689326905953,1153.8689326905953,greedy,1.7397048223018647,0.0,hard_fault_cluster
874,N8937,observe,-1.044690728187561,0.6215148752362666,0.6754841804504395,-1.044690728187561,0.10506944358348846,0.21900700340819296,0.14140700101852416,0.0010506944358348847,0.2009962797164917,0.056858330965042114,0.056858330965042114,0.6546087000910973,0.0032580718398094177,0.09592527151107788,0.0036598853766918182,120857.6796875,49767.3359375,71090.34375,121134.359375,49873.5625,71260.796875,-0.0022893017157912254,-0.002134463516995311,-0.0023976971860975027,-0.22893017157912254,0.48773495852947235,0.10823261779643757,0.3662891276180744,0.10823538409073875,0.18360121515421493,0.21426279430407758,0.6215148752362666,1154.4904475658316,1154.4904475658316,greedy,0.6215148752362666,0.0,hard_fault_cluster
875,N12247,observe,-0.9421135187149048,1.1717562660574912,2.417547386884689,-0.9421135187149048,0.12189026176929474,1.3087063968181611,2.5834239721298218,0.0012189026176929474,0.18540936708450317,0.05537707358598709,0.05537707358598709,1.1884094820916653,0.007345888763666153,0.09837278723716736,0.0022104866802692413,121133.6171875,49873.0546875,71260.5625,120787.6796875,49622.3984375,71165.28125,0.00285583408549428,0.005025885067880154,0.0013370824744924903,0.285583408549428,0.9118562117218971,0.9266636407375335,0.7789057102054358,0.9266636407375335,1.0417106121778488,2.7771118979156015,1.1717562660574912,1155.662203831889,1155.662203831889,greedy,1.1717562660574912,0.0,hard_fault_cluster
876,N3847,observe,-1.0562770366668701,0.8349235236644745,0.6658251225948333,-1.0562770366668701,0.107652947306633,0.7728249132633209,0.7037096679210663,0.00107652947306633,0.19848230481147766,0.05600474029779434,0.05600474029779434,0.8641784399747849,0.002126432955265045,0.09741006791591644,0.0031148716807365417,120786.6171875,49621.1953125,71165.421875,121158.21875,49804.859375,71353.359375,-0.003076512599363923,-0.0037013227120041847,-0.002640854101628065,-0.3076512599363923,0.37630098313093185,0.09805407017469407,0.25355771742761135,0.09805407017469407,0.35353971123695377,0.4316534745995887,0.8349235236644745,1156.4971273555534,1156.4971273555534,greedy,0.8349235236644745,0.0,hard_fault_cluster
877,N15562,observe,-1.0940685272216797,1.5501279036138293,0.6752820312976837,-1.0940685272216797,0.10431276261806488,4.993605250425389,4.402347224950789,0.0010431276261806488,0.19759991765022278,0.053257159888744354,0.053257159888744354,1.2659154962344474,0.0018001720309257507,0.0961998701095581,0.001618891954421997,121158.796875,49805.671875,71353.125,121409.390625,49962.91796875,71446.46875,-0.002068308414891362,-0.0031571926083415747,-0.00130819424521178,-0.20683084148913622,0.3375871255993843,-0.029254294013517243,0.21940968371927738,-0.029273080373095617,1.8519725799680595,1.4107390789218512,1.5501279036138293,1158.0472552591673,1158.0472552591673,greedy,1.5501279036138293,0.0,hard_fault_cluster
878,N28045,observe,-1.1136589050292969,1.5041553844511508,0.6642404317855835,-1.1136589050292969,0.10459405183792114,4.90854345113039,4.397835052013397,0.0010459405183792115,0.19555041193962097,0.0502290353178978,0.0502290353178978,1.1187882500886916,0.0018638819456100464,0.09504871070384979,0.00010776519775390625,121409.3828125,49962.8046875,71446.578125,121635.53125,50112.58984375,71522.9375,-0.0018626932287588716,-0.0029979334212839603,-0.0010687618050724268,-0.18626932287588716,0.3412112817168236,-0.08259854912757873,0.22509396634995937,-0.08259854912757873,1.7588619053363796,1.3337440648302434,1.5041553844511508,1159.5514106436185,1159.5514106436185,greedy,1.5041553844511508,0.0,hard_fault_cluster
879,N9561,observe,-1.1260275840759277,0.6037582993507385,0.6667536735534667,-1.1260275840759277,0.10613425076007843,0.4607470363378525,0.6884770452976227,0.0010613425076007844,0.19373562932014465,0.04672902822494507,0.04672902822494507,0.4566848567128181,0.0017448365688323975,0.09426039457321167,-0.0010228827595710754,121635.3125,50112.421875,71522.890625,121838.453125,50243.71875,71594.734375,-0.001670079305768013,-0.002620046492666006,-0.0010044861119240522,-0.1670079305768013,0.32734693586826324,-0.043857892751693765,0.21269947662949562,-0.043857892751693765,0.00025282502174368837,0.20149482374486974,0.6037582993507385,1160.1551689429693,1160.1551689429693,greedy,0.6037582993507385,0.0,hard_fault_cluster
880,N25240,observe,-1.1330417394638062,0.5491484869155101,0.654897004365921,-1.1330417394638062,0.10824771225452423,0.4268082869995852,0.6894161760807037,0.0010824771225452423,0.19170156121253967,0.043110184371471405,0.043110184371471405,0.546741355623235,0.00143393874168396,0.09370061755180359,-0.0018398836255073547,121836.7734375,50241.9765625,71594.796875,122016.890625,50356.33203125,71660.5625,-0.00147834827657789,-0.002276094164699316,-0.0009185810922645032,-0.147834827657789,0.29475177079439163,0.02374291435873602,0.1812333483248949,0.021737150308326823,0.16480671332101343,0.31314717543282317,0.5491484869155101,1160.704317429885,1160.704317429885,greedy,0.5491484869155101,0.0,hard_fault_cluster
881,N15553,observe,-1.1857178211212158,0.782650455981493,-1.4187764465808868,-1.1857178211212158,0.12769097089767456,1.0613765865564346,2.4329262018203734,0.0012769097089767457,0.17409178614616394,0.046944759786129,0.046944759786129,1.0210088601708411,0.004547439515590668,0.09479153156280518,-0.0006039142608642578,122018.828125,50358.41015625,71660.421875,121639.46875,50173.29296875,71466.171875,0.0031090232077986,0.0036759935319423676,0.0027107014320790768,0.31090232077986,0.6293796822428703,1.2731011629104614,0.49840288423001766,1.1149829030036926,0.974398124217987,1.0533587807416913,0.782650455981493,1161.4869678858663,1161.4869678858663,greedy,0.782650455981493,0.0,hard_fault_cluster
882,N8953,observe,-0.9082326889038086,1.9875575265288354,2.747038948535919,-0.9082326889038086,0.15175575017929077,1.9908391141891477,2.7552464127540586,0.0015175575017929077,0.1768346130847931,0.04808739572763443,0.04808739572763443,2.931933116018772,0.01024768128991127,0.09962628781795502,0.0017073415219783783,121638.390625,50171.80859375,71466.578125,121328.046875,50101.22265625,71226.828125,0.0025513635482639074,0.0014068844029679894,0.0033547149505466223,0.25513635482639074,1.2246112748980522,2.6948756229877473,1.0747289154678583,2.3644202840328217,1.5128342777490615,3.0833422805368897,1.9875575265288354,1163.4745254123952,1163.4745254123952,greedy,1.9875575265288354,0.0,hard_fault_cluster
883,N15550,observe,-1.0718541145324707,0.8439652113949705,0.6736482203006744,-1.0718541145324707,0.12114819884300232,0.7908938391261472,0.6648507297039031,0.001211481988430023,0.1946375072002411,0.0432053804397583,0.0432053804397583,0.8194231006431437,0.0046333856880664825,0.09749060869216919,0.0008722096681594849,121329.09375,50102.703125,71226.390625,121580.5390625,50189.09375,71391.4453125,-0.002072423929348588,-0.001724270754493773,-0.0023173249792307615,-0.2072423929348588,0.6276921480894089,0.13428237340292978,0.5044269636273384,0.13425682012337345,0.513456071624023,0.5431558059511189,0.8439652113949705,1164.3184906237902,1164.3184906237902,greedy,0.8439652113949705,0.0,hard_fault_cluster
884,N3558,observe,-1.1054481267929077,0.8011481857654871,0.6752160847187042,-1.1054481267929077,0.11334718763828278,0.7778761031266185,0.7728222966194153,0.0011334718763828277,0.1940544843673706,0.0429312065243721,0.0429312065243721,0.7529478583070158,0.003243058919906616,0.09604410827159882,0.00013866275548934937,121580.921875,50189.21875,71391.703125,121728.6875,50255.09375,71473.59375,-0.0012153685092926025,-0.001312532927840948,-0.001147060771472752,-0.12153685092926025,0.4805842861533165,0.09453073551863779,0.36337549053132534,0.09447247983640407,0.4163311445110594,0.46614187622624736,0.8011481857654871,1165.1196388095557,1165.1196388095557,greedy,0.8011481857654871,0.0,hard_fault_cluster
885,N2938,observe,-0.748916506767273,3.0112305635213854,3.064224278926849,-0.748916506767273,0.17312265932559967,5.9110834211111065,5.999999999999999,0.0017312265932559966,0.2037143111228943,0.04256186634302139,0.04256186634302139,1.7160985058546063,0.011095643043518066,0.10691721737384796,0.007298998534679413,121728.40625,50255.125,71473.28125,121084.375,49868.984375,71215.390625,0.005290722940117121,0.007683606818318367,0.0036082102451473475,0.5290722940117121,1.3252488300204277,3.311787773370743,1.163485435768962,2.8085010778903965,3.808965492248535,4.4522423294186595,3.0112305635213854,1168.130869373077,1168.130869373077,greedy,3.0112305635213854,0.0,hard_fault_cluster
886,N9417,observe,-1.0318479537963867,0.8140139051189181,0.7024199724197387,-1.0318479537963867,0.1268642693758011,0.7565083090827103,0.6938479483127593,0.0012686426937580108,0.1988920271396637,0.04457321763038635,0.04457321763038635,0.7659254398374469,0.003558434545993805,0.09828798472881317,0.003108695149421692,121084.390625,49868.8515625,71215.5390625,121652.484375,50173.1328125,71479.3515625,-0.004691717680543661,-0.006101629231125116,-0.0037044233176857233,-0.4691717680543661,0.5272809416055679,0.12202438251028071,0.39870282635092735,0.12198379567620578,0.48868742558115624,0.5632492680019641,0.8140139051189181,1168.944883278196,1168.944883278196,greedy,0.8140139051189181,0.0,hard_fault_cluster
887,N3567,observe,-1.0822653770446777,0.8706513477955014,0.6746402859687805,-1.0822653770446777,0.11644607782363892,1.022184025286697,0.9241362750530242,0.0011644607782363892,0.1937641203403473,0.04430224746465683,0.04430224746465683,0.8079801443568432,0.0016183629631996155,0.09630094468593597,0.0016948208212852478,121652.734375,50173.28125,71479.453125,121868.78125,50302.33203125,71566.453125,-0.0017759311012923717,-0.0025721017736941576,-0.0012171330163255334,-0.17759311012923717,0.3225846216082573,0.10520020936848597,0.20202337764203548,0.10497804248472677,0.5445000309729949,0.5367176717857365,0.8706513477955014,1169.8155346259914,1169.8155346259914,greedy,0.8706513477955014,0.0,hard_fault_cluster
888,N2937,observe,-0.9222053289413452,2.347404848635197,2.6195934414863586,-0.9222053289413452,0.14075960218906403,5.623169782757759,5.916116237640381,0.0014075960218906402,0.1832069456577301,0.047124311327934265,0.047124311327934265,1.6532362055778504,0.006397649645805359,0.09936009347438812,0.0023436397314071655,121868.53125,50302.4140625,71566.1171875,121373.1328125,49996.6640625,71376.46875,0.004065023269504309,0.006078237202018499,0.0026499752420932055,0.40650232695043087,0.8276488780975342,1.5411243414878844,0.6867359429597855,1.3947676753997802,3.025371766090393,4.066491647958755,2.347404848635197,1172.1629394746267,1172.1629394746267,greedy,2.347404848635197,0.0,hard_fault_cluster
889,N3793,observe,-1.066268801689148,0.8257149124219723,0.6747129440307617,-1.066268801689148,0.11974625289440155,0.8190503953508597,0.5973681837320327,0.0011974625289440156,0.1891326904296875,0.04537109285593033,0.04537109285593033,0.8025982907663638,0.0014629736542701721,0.09665468335151672,0.0012137815356254578,121372.046875,49995.46875,71376.578125,121759.7578125,50193.4453125,71566.3125,-0.0031944005750119686,-0.003959889989346266,-0.002658216282725334,-0.31944005750119686,0.3114147111773491,0.1186994761447204,0.18757670186460018,0.11867659774001368,0.4943295322544145,0.46870035701706,0.8257149124219723,1172.9886543870487,1172.9886543870487,greedy,0.8257149124219723,0.0,hard_fault_cluster
890,N5978,observe,-0.8964058756828308,1.7310492238402366,2.646434009075165,-0.8964058756828308,0.14215849339962006,2.2121897757053377,3.1651836991310116,0.0014215849339962005,0.17791834473609924,0.05278155952692032,0.05278155952692032,1.7319300737977028,0.009281370788812637,0.0981254130601883,0.0016496144235134125,121760.296875,50193.734375,71566.5625,121438.6796875,50153.0859375,71285.59375,0.0026413961313664913,0.0008098309044726193,0.00392597820609808,0.26413961313664913,1.123077131807804,1.1584063270688056,0.9768720921128988,1.1061464646458625,1.5284278362989423,3.093478093594312,1.7310492238402366,1174.719703610889,1174.719703610889,greedy,1.7310492238402366,0.0,hard_fault_cluster
891,N5858,observe,-1.1131799221038818,0.9072483786940575,-1.3989213109016416,-1.1131799221038818,0.23066259920597076,2.1477927282452587,3.508210825920105,0.0023066259920597075,-0.030075490474700928,-0.022586068138480186,-0.022586068138480186,-0.3055823686718941,0.023256633430719376,0.12107153236865997,-0.0057649388909339905,121438.5078125,50153.046875,71285.4609375,121217.1875,50057.70703125,71159.484375,0.0018224887317046523,0.0019009781535714865,0.001767212525010109,0.18224887317046523,2.533739874139428,1.3544202321767806,2.37768247583881,1.3309439295530319,1.4416423797607423,1.3570675468444822,0.9072483786940575,1175.626951989583,1175.626951989583,greedy,0.9072483786940575,0.0,hard_fault_cluster
892,N15391,observe,-1.2542781829833984,0.7372635904466733,0.6825608193874358,-1.2542781829833984,0.21847878396511078,0.6974131677066907,0.4986785046756267,0.002184787839651108,-0.011713564395904541,-0.019360369071364403,-0.019360369071364403,0.7929162499308585,0.019142553210258484,0.1225818544626236,-0.008475907146930695,121217.4296875,50057.8984375,71159.53125,121442.8125,50100.359375,71342.453125,-0.0018593267304822803,-0.0008482364937663078,-0.002570588607341051,-0.18593267304822803,2.1133737359195948,0.8132211577892303,1.964034924749285,0.8132211577892303,0.6160826027393341,0.5052982501126826,0.7372635904466733,1176.3642155800296,1176.3642155800296,greedy,0.7372635904466733,0.0,hard_fault_cluster
893,N9625,observe,-1.0761312246322632,0.9882348022745644,0.6837135076522827,-1.0761312246322632,0.10708251595497131,0.36642789762756356,0.006373166386038064,0.0010708251595497131,0.19948706030845642,0.04997846484184265,0.04997846484184265,1.8249179513586753,0.001130707561969757,0.09641353785991669,0.002980198711156845,121442.34375,50100.19140625,71342.1484375,121608.8828125,50170.2890625,71438.59375,-0.0013713425723835826,-0.0013991494197398424,-0.0013518700143322349,-0.13713425723835826,0.2701317369937897,0.24156031404994793,0.1523360013961792,0.24154905871831944,0.05011544229619176,0.1772593734253587,0.9882348022745644,1177.3524503823041,1177.3524503823041,greedy,0.9882348022745644,0.0,hard_fault_cluster
894,N5882,observe,-1.1375455856323242,1.3851761074364186,-1.372252184152603,-1.1375455856323242,0.22516368329524994,4.421833589673042,5.342025995254517,0.0022516368329524995,-0.02960914373397827,-0.022475777193903923,-0.022475777193903923,0.0968901005387306,0.022869229316711426,0.11981348693370819,-0.006116881966590881,121609.0859375,50170.328125,71438.7578125,121289.859375,50076.95703125,71212.8984375,0.002625022316351533,0.0018610820407047868,0.003161580301821232,0.2625022316351533,2.4896108377724886,1.3667862236499786,2.337594908196479,1.3410716712474822,2.3874814510345455,1.9718629431724544,1.3851761074364186,1178.7376264897405,1178.7376264897405,greedy,1.3851761074364186,0.0,hard_fault_cluster
895,N5954,observe,-1.141939401626587,0.7015721917152405,-0.41834395527839663,-1.141939401626587,0.2243446260690689,1.1313193053007127,2.6687957525253294,0.002243446260690689,-0.028930604457855225,-0.021511754021048546,-0.021511754021048546,0.12349494636058805,0.024271871894598007,0.1175733357667923,-0.003947354853153229,121289.796875,50076.96875,71212.828125,121068.171875,49948.21875,71119.953125,0.001827235333621502,0.002571042161434889,0.001304189208894968,0.1827235333621502,2.630020061507821,1.3259757608175278,2.477895407471806,1.303970918059349,0.979068398475647,1.4603887397050856,0.7015721917152405,1179.4391986814558,1179.4391986814558,greedy,0.7015721917152405,0.0,hard_fault_cluster
896,N3805,observe,-1.2768009901046753,0.7449360594153404,0.711228722333908,-1.2768009901046753,0.21432678401470184,0.7112541884183884,0.6861756682395934,0.0021432678401470183,-0.011531054973602295,-0.01757090352475643,-0.01757090352475643,0.7922530074417591,0.020313739776611328,0.12044750154018402,-0.006736986339092255,121068.0390625,49948.21875,71119.8203125,121238.328125,49963.390625,71274.9375,-0.0014065566938370466,-0.0003037520800717175,-0.0021810682956129313,-0.14065566938370466,2.2281298581510782,0.8127551615238189,2.080562947783619,0.8122517108917235,0.624712336063385,0.6085505731683225,0.7449360594153404,1180.184134740871,1180.184134740871,greedy,0.7449360594153404,0.0,hard_fault_cluster
897,N28040,observe,-1.082502007484436,0.9731679395370884,0.6851068496704101,-1.082502007484436,0.10337978601455688,0.33208664775593205,0.009018379519693554,0.0010337978601455688,0.20383015275001526,0.052425093948841095,0.052425093948841095,2.7550027486257025,0.0009970366954803467,0.09638197720050812,0.003754120320081711,121238.8671875,49964.125,71274.7421875,121406.453125,50038.1796875,71368.2734375,-0.0013822789769619703,-0.0014821571530774236,-0.0013122636592015624,-0.13822789769619703,0.25550854951143265,0.3181301584769971,0.13865488953888416,0.31791108533041545,-0.05918600708246228,0.0409958697250113,0.9731679395370884,1181.157302680408,1181.157302680408,greedy,0.9731679395370884,0.0,hard_fault_cluster
898,N5906,observe,-1.158737301826477,1.4889880046993493,-1.3870046496391295,-1.158737301826477,0.22130967676639557,5.1736713770776985,5.999999999999999,0.0022130967676639557,-0.028878718614578247,-0.02079167775809765,-0.02079167775809765,0.20600547932088364,0.023565229028463364,0.11853362619876862,-0.005102105438709259,121405.890625,50037.45703125,71368.4375,121122.8125,49953.0078125,71169.8046875,0.0023316671140491962,0.001687720068730414,0.0027832025662064552,0.23316671140491962,2.5570409018546343,1.288714603036642,2.406652402598411,1.2648252402245999,2.6251531213521955,2.1263495288789267,1.4889880046993493,1182.6462906851075,1182.6462906851075,greedy,1.4889880046993493,0.0,hard_fault_cluster
899,N3690,observe,-1.0647289752960205,1.2440484454436227,0.6824845373630524,-1.0647289752960205,0.10594753921031952,0.6255294737964868,0.005964577477425337,0.0010594753921031952,0.2033119797706604,0.053267933428287506,0.053267933428287506,3.0539793222351,0.002621278166770935,0.09647436439990997,0.0034257136285305023,121123.203125,49953.7265625,71169.4765625,121356.109375,50018.2734375,71337.8359375,-0.0019228871678933501,-0.0012921333545818925,-0.002365612192079425,-0.192288716789335,0.42134328931570053,0.4053923562169075,0.30193168483674526,0.4053923562169075,0.10160029027611014,0.16301104052690785,1.2440484454436227,1183.8903391305512,1183.8903391305512,greedy,1.2440484454436227,0.0,hard_fault_cluster
900,N15404,observe,-1.447962999343872,1.0119219022989272,-1.6958402812480924,-1.447962999343872,0.22426407039165497,4.94516761302948,5.926460933685302,0.00224264070391655,-0.0261288583278656,-0.005425473675131798,-0.005425473675131798,0.08477830111980422,0.0172024667263031,0.10879793763160706,-0.005837246775627136,121356.1015625,50018.0234375,71338.078125,121160.6484375,49857.3671875,71303.28125,0.001610575127415359,0.0032119671814143658,0.0004877742030657828,0.1610575127415359,1.9390852693468332,0.7985682994127273,1.7749563218094409,0.7713136225938797,2.1538487508893014,1.8200016880780456,1.0119219022989272,1184.9022610328502,1184.9022610328502,greedy,1.0119219022989272,0.0,hard_fault_cluster
901,N3717,observe,-1.1493037939071655,0.7369603451341391,0.6923679947853089,-1.1493037939071655,0.12838497757911682,0.17219639321789146,-0.20016809105873107,0.0012838497757911682,0.14838960766792297,0.039741985499858856,0.039741985499858856,0.9727978450991213,0.006093472242355347,0.10181394219398499,-0.00026754289865493774,121160.625,49857.62109375,71303.0,121339.203125,49997.34375,71341.859375,-0.0014738957397639751,-0.0028024332132190466,-0.0005449893651530147,-0.14738957397639751,0.7774741873145103,0.15049596661701797,0.6513789650052786,0.15020537907257675,0.18778452035039667,0.11979968174360694,0.7369603451341391,1185.6392213779843,1185.6392213779843,greedy,0.7369603451341391,0.0,hard_fault_cluster
902,N5930,observe,-1.1486749649047852,1.0003456046059727,-1.363015156984329,-1.1486749649047852,0.2150767296552658,2.611857453174889,3.961907124519348,0.002150767296552658,-0.029415011405944824,-0.008203430101275444,-0.008203430101275444,-0.8486996798589826,0.02381150797009468,0.10907796025276184,-0.0024067386984825134,121338.7890625,49996.6640625,71342.125,121076.0546875,49906.1953125,71169.859375,0.002165295882150531,0.00180949573405087,0.0024146409705281258,0.21652958821505308,2.5880240965634584,1.1947527670115234,2.4328691218979657,1.1670825623720886,1.6112806007266043,1.4673323904722926,1.0003456046059727,1186.6395669825904,1186.6395669825904,greedy,1.0003456046059727,0.0,hard_fault_cluster
903,N9434,observe,-1.0733919143676758,0.9042841664837397,0.6746423304080963,-1.0733919143676758,0.1119047999382019,0.8418850998411471,0.674490749835968,0.001119047999382019,0.19885021448135376,0.051130764186382294,0.051130764186382294,1.211450345396688,0.002892047166824341,0.09733118116855621,0.0035226009786128998,121076.515625,49906.94921875,71169.5703125,121289.359375,49974.40234375,71314.953125,-0.001757927588187158,-0.0013515778118744493,-0.0020427664276212454,-0.1757927588187158,0.4522402808070183,0.17114308505361803,0.32996360771358013,0.17113357457302297,0.46448648146952104,0.5084790050924539,0.9042841664837397,1187.543851149074,1187.543851149074,greedy,0.9042841664837397,0.0,hard_fault_cluster
904,N9431,observe,-1.0935790538787842,0.6528168411943625,0.6746479630470276,-1.0935790538787842,0.10766477882862091,0.5439125637551114,0.7051921963691712,0.0010766477882862091,0.2004326581954956,0.05110630393028259,0.05110630393028259,0.7981049929863183,0.001035146415233612,0.09662425518035889,0.003217846155166626,121289.34375,49974.375,71314.96875,121473.1484375,50068.1171875,71405.03125,-0.0015154231805354357,-0.0018758050864562392,-0.0012628835393115878,-0.15154231805354357,0.2622857242822647,0.03304894852559299,0.14320741221308708,0.03303195562117251,0.11031525703601797,0.27826771651224586,0.6528168411943625,1188.1966679902685,1188.1966679902685,greedy,0.6528168411943625,0.0,hard_fault_cluster
905,N28054,observe,-1.104726791381836,0.9280007943053534,0.6747314095497131,-1.104726791381836,0.1072070449590683,1.8225037450320998,1.874217265844345,0.0010720704495906829,0.1987193524837494,0.05015677958726883,0.05015677958726883,0.6509236992651949,0.00015410780906677246,0.09568381309509277,0.002325683832168579,121473.078125,50068.234375,71404.84375,121682.609375,50188.98828125,71493.6171875,-0.001724919187836349,-0.002411786699667573,-0.0012432411313056946,-0.1724919187836349,0.17277460545301437,-0.09754069297934621,0.05475173704326153,-0.09755044526311396,0.45709665678068623,0.4830959252057573,0.9280007943053534,1189.1246687845737,1189.1246687845737,greedy,0.9280007943053534,0.0,hard_fault_cluster
906,N28055,observe,-1.1124250888824463,0.45199161984564856,0.6747273623943328,-1.1124250888824463,0.10799168050289154,0.26816104994031786,0.6746259331703186,0.0010799168050289155,0.19705429673194885,0.04823333024978638,0.04823333024978638,0.3810829906163782,-0.00059470534324646,0.09472168982028961,0.0014186650514602661,121682.6015625,50188.9921875,71493.609375,121865.84375,50293.47265625,71572.375,-0.0015059029683470726,-0.0020817406475543976,-0.001101715606637299,-0.15059029683470726,0.09675447642803192,-0.09748903502812026,-0.020414281636476517,-0.09750451116458861,-0.14271940699363767,0.09514740067477759,0.45199161984564856,1189.5766604044193,1189.5766604044193,greedy,0.45199161984564856,0.0,hard_fault_cluster
907,N9509,observe,-1.1162669658660889,0.4252670574969669,0.6579501330852509,-1.1162669658660889,0.10960976779460907,0.24146753736204124,0.641749733686447,0.0010960976779460906,0.19600540399551392,0.04546122997999191,0.04546122997999191,0.3806906208395958,-0.0013370737433433533,0.09387624263763428,0.0008314475417137146,121866.9921875,50293.9453125,71573.046875,122043.5859375,50394.8828125,71648.703125,-0.0014490695903077722,-0.002006951253861189,-0.0010570494923740625,-0.14490695903077722,0.021363623440265656,-0.09764074444770814,-0.09493962489068508,-0.09764074444770814,-0.14280624389648439,0.01775150559842585,0.4252670574969669,1190.0019274619162,1190.0019274619162,greedy,0.4252670574969669,0.0,hard_fault_cluster
908,N28038,observe,-1.117470622062683,0.434019276231993,0.6772237479686737,-1.117470622062683,0.1116722971200943,0.25230183635721914,0.6875897526741027,0.001116722971200943,0.1951739490032196,0.042338088154792786,0.042338088154792786,0.38846536592755,-0.0021332576870918274,0.09325341880321503,0.0005343854427337646,122042.25,50394.1796875,71648.0703125,122208.375,50489.32421875,71719.0546875,-0.0013612089678645134,-0.0018880063435062766,-0.0009907367639243603,-0.13612089678645134,-0.059315383434295654,-0.09160204624757169,-0.17482317239046097,-0.0916749068314675,-0.12756219945731573,0.102156042533752,0.434019276231993,1190.4359467381482,1190.4359467381482,greedy,0.434019276231993,0.0,hard_fault_cluster
909,N28034,observe,-1.1210066080093384,0.5283408451796276,0.6775006830692291,-1.1210066080093384,0.11320921778678894,0.39366639088402733,0.6827264785766601,0.0011320921778678894,0.19442352652549744,0.03923506289720535,0.03923506289720535,0.5153172305000772,-0.003109961748123169,0.09257294237613678,0.0002947114408016205,122208.3203125,50489.3984375,71718.921875,122352.84375,50572.76953125,71780.078125,-0.0011825989931821823,-0.001651259372010827,-0.0008527212776243687,-0.11825989931821823,-0.1585518941283226,0.0016014562141208443,-0.2728851046413183,0.0015656143812520895,0.10752061772363954,0.259952201084161,0.5283408451796276,1190.9642875833279,1190.9642875833279,greedy,0.5283408451796276,0.0,hard_fault_cluster
910,N28036,observe,-1.1259815692901611,0.5805377853212121,0.6776713967323303,-1.1259815692901611,0.11436432600021362,0.47214374650975516,0.681960529088974,0.0011436432600021363,0.19368770718574524,0.03613819181919098,0.03613819181919098,0.5854131540011803,-0.004164263606071472,0.09177833795547485,0.00012157484889030457,122352.859375,50572.78125,71780.078125,122481.5390625,50645.6875,71835.8515625,-0.0010517096379771829,-0.0014416103949770331,-0.0007770044030621648,-0.10517096379771829,-0.2659238427877426,0.04042662482246671,-0.37880073115229607,0.04040036219525065,0.23745834760302387,0.34259990831049436,0.5805377853212121,1191.544825368649,1191.544825368649,greedy,0.5805377853212121,0.0,hard_fault_cluster
911,N28032,observe,-1.1291327476501465,0.6322357223285507,0.67740820646286,-1.1291327476501465,0.11508145928382874,0.5498236616368558,0.6801684975624084,0.0011508145928382874,0.19321683049201965,0.03267490863800049,0.03267490863800049,0.6556453074979709,-0.005107894539833069,0.09102046489715576,-9.43988561630249e-05,122481.5390625,50645.6953125,71835.84375,122617.8203125,50727.4765625,71890.34375,-0.0011126677272841334,-0.0016147720161825418,-0.0007586741703562438,-0.11126677272841334,-0.36303308606147766,0.07927202137240784,-0.4738503620028496,0.07926132941453944,0.3674216424734368,0.41690454114994735,0.6322357223285507,1192.1770610909775,1192.1770610909775,greedy,0.6322357223285507,0.0,hard_fault_cluster
912,N28043,observe,-1.1332834959030151,0.657146728682983,0.6776618599891662,-1.1332834959030151,0.11514221131801605,0.5873660018318787,0.6757424056529998,0.0011514221131801606,0.19288846850395203,0.029065163806080818,0.029065163806080818,0.6754651121527832,-0.005926117300987244,0.09027035534381866,-0.0004323422908782959,122617.828125,50727.484375,71890.34375,122755.578125,50820.0625,71935.515625,-0.0011234092526137829,-0.0018250092398375273,-0.0006283441325649619,-0.11234092526137829,-0.4484043549746275,0.09879345800497048,-0.5565598863177001,0.09878614145660776,0.43916826635063444,0.4625132033045043,0.657146728682983,1192.8342078196606,1192.8342078196606,greedy,0.657146728682983,0.0,hard_fault_cluster
913,N14148,observe,-1.0316448211669922,1.324551911354065,2.4823736786842345,-1.0316448211669922,0.15278466045856476,1.5391703993082047,2.68663569688797,0.0015278466045856476,0.18310007452964783,0.036642640829086304,0.036642640829086304,1.391799928545952,0.001581437885761261,0.09513694047927856,0.0030943937599658966,122755.6484375,50819.4765625,71936.171875,122168.65625,50593.34375,71575.3125,0.004781793802976608,0.004449727479368448,0.005016382783651352,0.4781793802976608,0.34757108986377716,1.2476390597224234,0.20550061389803886,1.1741355058550833,1.40984049141407,2.9904454584419726,1.324551911354065,1194.1587597310147,1194.1587597310147,greedy,1.324551911354065,0.0,hard_fault_cluster
914,N3783,observe,-1.1152971982955933,0.7095346994814462,0.4721435248851776,-1.1152971982955933,0.12865318357944489,0.6603910715493839,1.0746623814105987,0.0012865318357944489,0.18783384561538696,0.031467899680137634,0.031467899680137634,0.8393871543247952,-0.002514757215976715,0.09358824789524078,0.0006499364972114563,122161.2421875,50585.1015625,71576.140625,122398.3828125,50697.4296875,71700.953125,-0.001941210008226335,-0.0022205773275345564,-0.0017437724163755774,-0.1941210008226335,-0.09135463833808899,0.1389105277316412,-0.21144545078277588,0.13866321292647626,0.5130916682363023,0.4789624294501846,0.7095346994814462,1194.8682944304962,1194.8682944304962,greedy,0.7095346994814462,0.0,hard_fault_cluster
915,N14145,observe,-1.0376927852630615,1.3158642859756946,2.4689938247203824,-1.0376927852630615,0.1593506783246994,1.5425785228610038,2.7186542868614194,0.001593506783246994,0.17675134539604187,0.03827846795320511,0.03827846795320511,1.7106607905030249,0.0033688247203826904,0.09773145616054535,0.003943048417568207,122405.8125,50706.08203125,71699.7265625,121938.765625,50483.671875,71455.09375,0.0038155613001435995,0.004386262036859989,0.003411907237023115,0.38155613001435995,0.5345116183161736,1.172978328615427,0.38628975860774517,1.1075407733023166,1.1879172578454018,2.8721462175995107,1.3158642859756946,1196.184158716472,1196.184158716472,greedy,1.3158642859756946,0.0,hard_fault_cluster
916,N2249,observe,-1.0565216541290283,1.1004647076129914,2.441653913259506,-1.0565216541290283,0.1429668664932251,1.0199543610215187,2.4086066365242003,0.001429668664932251,0.18854352831840515,0.033500321209430695,0.033500321209430695,0.9280745826661586,0.00021116435527801514,0.09755544364452362,0.003110133111476898,121937.296875,50482.26171875,71455.0390625,122029.453125,50501.96875,71527.484375,-0.0007557675126008689,-0.00039037535316310823,-0.0010138587094843388,-0.0755767512600869,0.1975836232304573,0.33445202440023425,0.06523323245346546,0.3193645986914635,0.775521269440651,2.6040888251364227,1.1004647076129914,1197.2846234240849,1197.2846234240849,greedy,1.1004647076129914,0.0,hard_fault_cluster
917,N3726,observe,-1.1114513874053955,0.6788771686980908,0.767164558172226,-1.1114513874053955,0.12618987262248993,0.6222331878518161,0.7003792345523834,0.0012618987262248992,0.18606629967689514,0.032724253833293915,0.032724253833293915,0.6228605279477779,-0.0022205039858818054,0.09397627413272858,0.0015568174421787262,122030.953125,50503.76171875,71527.1875,122149.0859375,50549.9609375,71599.125,-0.0009680561488494277,-0.0009147678501904011,-0.0010057364124804735,-0.09680561488494277,-0.0631362721323967,0.10892948906053788,-0.18232186697423458,0.1086057957925368,0.49105833716457714,0.5993873197905486,0.6788771686980908,1197.963500592783,1197.963500592783,greedy,0.6788771686980908,0.0,hard_fault_cluster
918,N3327,observe,-1.1265370845794678,0.6812760930042714,0.717343807220459,-1.1265370845794678,0.11957137286663055,0.6231646561296657,0.5674562066793442,0.0011957137286663056,0.18593111634254456,0.030836114659905434,0.030836114659905434,0.3841838651103899,-0.0037783831357955933,0.09142902493476868,0.0008439794182777405,122149.4375,50549.98828125,71599.453125,122266.703125,50611.38671875,71655.3125,-0.0009600177290849388,-0.0012146083172410727,-0.0007801648462191224,-0.09600177290849388,-0.22743082605302334,0.0843152998224832,-0.34023644169792533,0.08381798334652557,0.4929531027330086,0.5062326608173316,0.6812760930042714,1198.6447766857873,1198.6447766857873,greedy,0.6812760930042714,0.0,hard_fault_cluster
919,N26464,observe,-0.8877228498458862,1.7164950758218764,2.7712570428848267,-0.8877228498458862,0.15521259605884552,1.6805714607238769,2.7367035150527954,0.0015521259605884553,0.1767883598804474,0.03949505090713501,0.03949505090713501,1.6896774262189864,0.008578892797231674,0.0955733209848404,0.001241527497768402,122265.90625,50611.0625,71654.84375,121896.484375,50534.21875,71362.265625,0.0030214625876396894,0.0015183192444965243,0.004083158913999796,0.30214625876396894,1.052596926689148,1.998762003183365,0.9065661914646626,1.9070569550991057,1.545594224333763,3.1046362458169456,1.7164950758218764,1200.3612717616093,1200.3612717616093,greedy,1.7164950758218764,0.0,hard_fault_cluster
920,N15364,observe,-0.8708398342132568,1.7661320492625237,2.836084544658661,-0.8708398342132568,0.15573938190937042,1.616338536143303,2.698423683643341,0.0015573938190937041,0.17677605152130127,0.040902771055698395,0.040902771055698395,1.7396619237959383,0.011543184518814087,0.09714770317077637,0.0014535486698150635,121898.484375,50535.05078125,71363.4375,121664.0,50431.453125,71232.546875,0.001923603704199195,0.0020500158425420523,0.0018341412069275975,0.1923603704199195,1.3509606048464775,1.9380184644460678,1.203478990122676,1.8272243493795395,1.469399558007717,3.0551097127050157,1.7661320492625237,1202.1274038108718,1202.1274038108718,greedy,1.7661320492625237,0.0,hard_fault_cluster
921,N2245,observe,-1.0034096240997314,1.0858180411159992,2.445290011167526,-1.0034096240997314,0.13278071582317352,1.0010277424007654,2.4064197957515714,0.0013278071582317353,0.19553199410438538,0.038471125066280365,0.038471125066280365,0.8232378201559186,0.004894431680440903,0.09732593595981598,0.002238154411315918,121660.640625,50428.96484375,71231.671875,121740.46875,50360.73046875,71379.734375,-0.0006561540649272501,0.0013530789874494076,-0.0020786048844456673,-0.06561540649272501,0.6606950089335442,0.4032730132713914,0.5322561282664537,0.37818897966295484,0.7819311182945967,2.6082552268914876,1.0858180411159992,1203.2132218519878,1203.2132218519878,greedy,1.0858180411159992,0.0,hard_fault_cluster
922,N22057,observe,-1.083339810371399,0.7729441861389205,0.7508919596672058,-1.083339810371399,0.11702306568622589,0.8292805861798116,0.6665708824992179,0.001170230656862259,0.19345471262931824,0.03903227299451828,0.03903227299451828,0.5350900567055215,0.0014440342783927917,0.09475594758987427,0.001322828233242035,121740.234375,50360.67578125,71379.5546875,121889.171875,50393.98828125,71495.1875,-0.0012234040768817067,-0.0006614784360863268,-0.001619971008040011,-0.12234040768817067,0.30045876652002335,0.07471047754050233,0.18341726250946522,0.0740048875345383,0.4726178384269587,0.4381068760569905,0.7729441861389205,1203.9861660381266,1203.9861660381266,greedy,0.7729441861389205,0.0,hard_fault_cluster
923,N14147,observe,-1.1028738021850586,0.9424187764525414,2.292007964849472,-1.1028738021850586,0.15222230553627014,1.3366223722696304,2.717787027359009,0.0015222230553627015,0.14349648356437683,0.03638969361782074,0.03638969361782074,0.42021546781063074,0.008205868303775787,0.09843292832374573,0.001004934310913086,121890.953125,50395.37109375,71495.578125,121521.7421875,50165.6328125,71356.109375,0.0030290265567600727,0.004558717831969261,0.0019507325487211347,0.30290265567600727,1.0091988295316696,1.6300379510223864,0.8677398301661015,1.4871964807808398,1.1335380792617797,2.8367997515201564,0.9424187764525414,1204.9285848145792,1204.9285848145792,greedy,0.9424187764525414,0.0,hard_fault_cluster
924,N14893,observe,-1.1194528341293335,0.7432821336900816,0.724117249250412,-1.1194528341293335,0.12265165150165558,0.5153316111885942,0.29754935838282104,0.0012265165150165559,0.1870986819267273,0.0381169393658638,0.0381169393658638,0.794680662812898,0.0015963688492774963,0.09568499028682709,0.0022163204848766327,121522.90625,50167.15234375,71355.75,121747.3671875,50302.3984375,71444.96875,-0.001847066916525364,-0.002695909235626459,-0.0012503372272476554,-0.1847066916525364,0.320405475795269,0.13569096828461621,0.19982903264462948,0.13560599615913813,0.36483382260194047,0.3630101364006987,0.7432821336900816,1205.6718669482693,1205.6718669482693,greedy,0.7432821336900816,0.0,hard_fault_cluster
925,N22049,observe,-0.9232207536697388,1.7743661865592002,2.7904635071754456,-0.9232207536697388,0.14697305858135223,1.676345058530569,2.7120444893836972,0.0014697305858135223,0.17402979731559753,0.043485142290592194,0.043485142290592194,1.4575995762646197,0.010680828243494034,0.09710699319839478,0.0014171116054058075,121745.765625,50300.91796875,71444.84375,121435.40625,50212.82421875,71222.578125,0.002549241529777646,0.001751334872096777,0.0031110099516808987,0.2549241529777646,1.2585410252213478,1.7216794112324714,1.1156973745673895,1.626562056839466,1.431155724078417,3.0302512206509706,1.7743661865592002,1207.4462331348286,1207.4462331348286,greedy,1.7743661865592002,0.0,hard_fault_cluster
926,N3798,observe,-1.0775524377822876,0.7718094883835874,0.676754355430603,-1.0775524377822876,0.11918547749519348,0.5479828578943852,0.2897704839706421,0.0011918547749519349,0.1900993287563324,0.04095032066106796,0.04095032066106796,0.762996445838944,0.003835633397102356,0.09534624218940735,0.0014448873698711395,121435.125,50212.17578125,71222.9453125,121700.8203125,50280.7734375,71420.046875,-0.0021879610139876604,-0.0013661558041349053,-0.0027673884760588408,-0.21879610139876604,0.543699137866497,0.1285476820432814,0.42359728924930096,0.12839280356478414,0.3529430072696414,0.3238152155056014,0.7718094883835874,1208.218042623212,1208.218042623212,greedy,0.7718094883835874,0.0,hard_fault_cluster
927,N24576,observe,-0.8938852548599243,1.7686956644058227,1.4366610765457153,-0.8938852548599243,0.1304236352443695,1.3029033041000366,0.9197435617446899,0.0013042363524436952,0.17554450035095215,0.046189144253730774,0.046189144253730774,1.3206449282169341,0.012071460485458374,0.0946807712316513,0.0014693588018417358,121698.625,50279.0,71419.625,121232.3984375,50089.1015625,71143.296875,0.0038309928495436907,0.0037768937181681395,0.003869078354910016,0.38309928495436907,1.3837588280439377,1.1316759744286538,1.2512992434203625,1.0975167909264565,1.2478530704975128,1.464966680407524,1.7686956644058227,1209.986738287618,1209.986738287618,greedy,1.7686956644058227,0.0,hard_fault_cluster
928,N8002,observe,-1.0520837306976318,1.1768712646900896,2.3386925220489503,-1.0520837306976318,0.1101694405078888,0.5609229034926738,0.09010940790176392,0.001101694405078888,0.19140473008155823,0.04390021413564682,0.04390021413564682,0.8801410665996899,0.005061272531747818,0.09330517053604126,0.0018351450562477112,121233.9140625,50090.3828125,71143.53125,121479.765625,50145.97265625,71333.796875,-0.002027910901233554,-0.0011097907554358244,-0.0026743910275399685,-0.2027910901233554,0.6601969078183174,0.19461355594078666,0.5446446668356657,0.19461333326556085,0.5291445354966526,1.0074316523200604,1.1768712646900896,1211.1636095523081,1211.1636095523081,greedy,1.1768712646900896,0.0,hard_fault_cluster
929,N7998,observe,-1.0924644470214844,1.8868042692542077,3.0793910980224606,-1.0924644470214844,0.10552525520324707,1.3884902253746987,-0.9134827971458434,0.0010552525520324707,0.1906777024269104,0.04416985064744949,0.04416985064744949,1.0337189039587975,0.002599067986011505,0.09255172312259674,0.0012118816375732422,121479.703125,50145.98046875,71333.71875,121641.7890625,50210.3515625,71431.4375,-0.001334263477474451,-0.0012836740352213383,-0.0013698815600946546,-0.1334263477474451,0.4096019044518471,0.22132355690002445,0.29733057506382465,0.22132355690002445,1.0835636913776399,0.28431639939546627,1.8868042692542077,1213.0504138215624,1213.0504138215624,greedy,1.8868042692542077,0.0,hard_fault_cluster
930,N14149,observe,-1.089240550994873,1.1106379282474517,1.1444566428661345,-1.089240550994873,0.1392456442117691,1.3276255801320076,0.7479129225015639,0.001392456442117691,0.15658196806907654,0.044791705906391144,0.044791705906391144,0.8244356378912925,0.007569164037704468,0.09546339511871338,0.0022609569132328033,121642.984375,50211.29296875,71431.6875,121315.015625,49994.609375,71320.40625,0.0026961583644151688,0.004315435420721769,0.0015578694874420762,0.2696158364415169,0.940953753888607,0.8868690401315689,0.8029257412999868,0.8871346980333328,0.9552051484584808,0.9681552626471968,1.1106379282474517,1214.1610517498098,1214.1610517498098,greedy,1.1106379282474517,0.0,hard_fault_cluster
931,N7992,observe,-1.1207276582717896,1.0126703545451166,2.5157866597175595,-1.1207276582717896,0.11532561480998993,0.5405017159879207,-1.5011004269123076,0.0011532561480998994,0.18651935458183289,0.04286009818315506,0.04286009818315506,0.7835078411549329,0.0024084746837615967,0.09397806227207184,0.0021751783788204193,121314.1328125,49994.3203125,71319.8125,121555.9375,50147.76953125,71408.1640625,-0.001993211219087243,-0.0030693330336362123,-0.0012388081522658467,-0.1993211219087243,0.39903318136930466,0.004438653066754311,0.2803938966244459,-0.012460709139704734,0.3784186087548733,-0.17402790430933204,1.0126703545451166,1215.173722104355,1215.173722104355,greedy,1.0126703545451166,0.0,hard_fault_cluster
932,N3794,observe,-1.1323347091674805,1.4426547400653362,2.889076828956604,-1.1323347091674805,0.11038576066493988,1.0396259281784297,-0.9032211303710936,0.0011038576066493989,0.18667829036712646,0.04088754206895828,0.04088754206895828,0.6810351458564401,0.0007805228233337402,0.0926406979560852,0.0015139728784561157,121556.03125,50147.52734375,71408.5078125,121764.828125,50262.72265625,71502.109375,-0.0017177006229758263,-0.002297128550708294,-0.001310790074057877,-0.17177006229758263,0.2293255850672722,-0.08398341428488493,0.11587060801684856,-0.09965027164667845,0.4951709356158972,-0.09813889184966651,1.4426547400653362,1216.6163768444203,1216.6163768444203,greedy,1.4426547400653362,0.0,hard_fault_cluster
933,N14146,observe,-1.0926460027694702,1.4695249931514263,0.911060905456543,-1.0926460027694702,0.14146047830581665,1.6990652614831925,1.0750597417354584,0.0014146047830581666,0.17118960618972778,0.044592685997486115,0.044592685997486115,0.9505052378773688,0.005432941019535065,0.0947405993938446,0.0039017051458358765,121765.609375,50263.52734375,71502.078125,121418.90625,50056.25,71362.65625,0.00284729921258986,0.004123812075704336,0.001949899597093463,0.284729921258986,0.7293472662568092,0.9174030882120132,0.5898073930293322,0.9184938532114029,1.013660392165184,1.1266675743460655,1.4695249931514263,1218.0859018375718,1218.0859018375718,greedy,1.4695249931514263,0.0,hard_fault_cluster
934,N14137,observe,-1.1300634145736694,1.4998142473399638,2.9658139824867247,-1.1300634145736694,0.1214580088853836,0.5519480023533105,-1.5128473579883575,0.001214580088853836,0.18350595235824585,0.04016375541687012,0.04016375541687012,0.7834787497296929,0.0018522068858146667,0.09414996206760406,0.002272561192512512,121418.265625,50056.046875,71362.21875,121684.0625,50224.6796875,71459.3828125,-0.0021891011856496334,-0.0033688799012452364,-0.001361561706289649,-0.21891011856496334,0.3468424528837204,0.014328897036612026,0.2256261296570301,-0.002847403250634678,0.47091463021934027,-0.11390549035742853,1.4998142473399638,1219.5857160849118,1219.5857160849118,greedy,1.4998142473399638,0.0,hard_fault_cluster
935,N15501,observe,-1.113073706626892,1.194803332835436,0.8318948924541474,-1.113073706626892,0.16121546924114227,2.2184114918112754,1.348961454629898,0.0016121546924114227,0.06077483296394348,0.03752686828374863,0.03752686828374863,0.7928398221731185,0.017856013029813766,0.08998443186283112,-0.0066691190004348755,121684.8671875,50225.4609375,71459.40625,121367.28125,50028.21484375,71339.0625,0.002609904855489731,0.00392721313983202,0.0016840854659676552,0.2609904855489731,1.9843436405062675,0.8487828034162521,1.8352868873625994,0.8487827497720718,1.3337955251336098,0.9717851753532887,1.194803332835436,1220.7805194177472,1220.7805194177472,greedy,1.194803332835436,0.0,hard_fault_cluster
936,N14141,observe,-1.132629632949829,1.258688210197684,2.712130522727966,-1.132629632949829,0.12532204389572144,0.5090726156516042,-1.5872675985097884,0.0012532204389572143,0.18057653307914734,0.039257198572158813,0.039257198572158813,0.8992191306480126,0.00224863737821579,0.09472326934337616,0.002640180289745331,121366.4140625,50027.4375,71338.9765625,121614.1640625,50188.8046875,71425.359375,-0.0020413389429450035,-0.003225573804229498,-0.0012108782539144158,-0.20413389429450035,0.38944298028945923,0.21558410476504533,0.26600854843854904,0.21558411273682324,0.5848858068346899,-0.03982422555745124,1.258688210197684,1222.039207627945,1222.039207627945,greedy,1.258688210197684,0.0,hard_fault_cluster
937,N14142,observe,-1.1434998512268066,1.295269852131605,2.828356897830963,-1.1434998512268066,0.11785584688186646,0.7196260143071413,-1.16078205704689,0.0011785584688186646,0.18090304732322693,0.038606978952884674,0.038606978952884674,0.6321541698649527,0.0004758387804031372,0.09285935759544373,0.0018170550465583801,121614.140625,50188.8125,71425.328125,121805.703125,50290.7265625,71514.9765625,-0.0015751663595438004,-0.0020306131336838007,-0.0012551351683214307,-0.15751663595438004,0.20404670387506485,-0.137624423019588,0.0866995844990015,-0.15580832492560148,0.27049536667764185,-0.2441780116595325,1.295269852131605,1223.3344774800767,1223.3344774800767,greedy,1.295269852131605,0.0,hard_fault_cluster
938,N19854,observe,-0.7597585320472717,1.694849744439125,2.8805585265159603,-0.7597585320472717,0.17943041026592255,1.3539966082572936,2.48145534992218,0.0017943041026592256,0.19622889161109924,0.03805956244468689,0.03805956244468689,0.8168012708425522,0.010162241756916046,0.10352036356925964,0.008537009358406067,121807.234375,50292.12109375,71515.109375,121259.7734375,49946.96875,71312.8046875,0.004494486376643181,0.006862950511276722,0.0028288383036851883,0.4494486376643181,1.233714148402214,2.1044902062416075,1.070596668869257,2.2611690855026247,1.738299399614334,3.2298946097493166,1.694849744439125,1225.0293272245158,1225.0293272245158,greedy,1.694849744439125,0.0,hard_fault_cluster
939,N19857,observe,-0.840854287147522,5.345796183496714,5.8934855461120605,-0.840854287147522,0.17153234779834747,1.8063420307263733,-1.1206202149391173,0.0017153234779834748,0.1862943172454834,0.04120189696550369,0.04120189696550369,1.5716938548535109,0.010026052594184875,0.1022176593542099,0.006651006639003754,121258.921875,49946.30859375,71312.6171875,121198.90625,49906.109375,71292.796875,0.0004949378198944032,0.000804848619736731,0.0002779355563689023,0.04949378198944032,1.2153395041823387,0.9557128319516778,1.0557888206094503,0.9413345078006387,2.8937297832220787,1.4609243590943515,5.345796183496714,1230.3751234080125,1230.3751234080125,greedy,5.345796183496714,0.0,hard_fault_cluster
940,N18626,observe,-0.6575915813446045,1.2530660092830659,3.4762276172637936,-0.6575915813446045,0.21244747936725616,0.25199444890022293,-1.142385983467102,0.0021244747936725616,0.1559777557849884,-0.07579550892114639,-0.07579550892114639,-5.5992800116539,-0.0024366378784179688,0.1667027622461319,0.015335217118263245,121199.390625,49906.73046875,71292.65625,120914.96875,49755.09375,71159.875,0.002346726832911372,0.0030384021811187267,0.0018624814692884684,0.23467268329113722,-0.1070118173956871,-0.8593048036098477,-0.20950079523026943,-0.8753321826457975,1.568245714902878,1.124359714686871,1.2530660092830659,1231.6281894172955,1231.6281894172955,greedy,1.2530660092830659,0.0,hard_fault_cluster
941,N14139,observe,-1.040683627128601,1.4589773654937743,3.8742998123168944,-1.040683627128601,0.17634110152721405,-0.988365578651428,-2.0756740331649777,0.0017634110152721404,0.16371142864227295,-0.07118683308362961,-0.07118683308362961,-3.6011824893951414,-0.013455748558044434,0.14748898148536682,0.006634555757045746,120913.75,49753.7890625,71159.9609375,121543.421875,50114.0390625,71429.3828125,-0.0052076117135584354,-0.007240654435008764,-0.0037861443124711514,-0.5207611713558435,-1.240420587360859,-5.381391724944114,-1.3192862886935472,-5.834614476561546,-0.016534537076949983,-0.4307474491000172,1.4589773654937743,1233.0871667827894,1233.0871667827894,greedy,1.4589773654937743,0.0,hard_fault_cluster
942,N14138,observe,-1.1216903924942017,0.9840392455458642,3.5489220380783078,-1.1216903924942017,0.1654774695634842,-1.0587079375982285,-1.9884609639644621,0.001654774695634842,0.16592833399772644,-0.07151219993829727,-0.07151219993829727,-3.8931490448117256,-0.01710883527994156,0.14135541021823883,0.0036902055144309998,121543.390625,50114.046875,71429.34375,121782.7109375,50256.2109375,71526.5,-0.001969011267647147,-0.0028368106577545404,-0.0013601727550849319,-0.19690112676471472,-1.616918258368969,-3.919323922395706,-1.6873922105878592,-4.148714543581009,-0.07532059550285333,-0.4689583870768544,0.9840392455458642,1234.0712060283352,1234.0712060283352,greedy,0.9840392455458642,0.0,hard_fault_cluster
943,N19865,observe,-1.1223469972610474,2.0437240666151046,2.8239953994750975,-1.1223469972610474,0.22972120344638824,3.4539531499147413,0.7472734212875367,0.0022972120344638826,-0.019504547119140625,-0.026966778561472893,-0.026966778561472893,0.030010325312614494,0.020677395164966583,0.12475143373012543,-0.0087813138961792,121783.953125,50257.421875,71526.53125,121287.8203125,49951.34375,71336.4765625,0.004073876887559891,0.006090207491070032,0.0026571215130388737,0.4073876887559891,2.2704939413815737,1.0068039590120317,2.118428122717887,1.0170905286073686,2.6090469479560854,2.325880516171456,2.0437240666151046,1236.1149300949503,1236.1149300949503,greedy,2.0437240666151046,0.0,hard_fault_cluster
944,N25735,observe,-1.0757211446762085,1.7905473306775095,3.171001672744751,-1.0757211446762085,0.23991115391254425,0.9431829178333282,1.409500753879547,0.0023991115391254424,-0.023302018642425537,-0.02599911205470562,-0.02599911205470562,-0.1552044513821602,0.022863544523715973,0.1268109530210495,-0.006975136697292328,121287.3203125,49950.84375,71336.4765625,121071.296875,49811.89453125,71259.3984375,0.0017810884164646268,0.0027817192021757364,0.0010804868070408702,0.17810884164646268,2.500266494229436,1.308071762919426,2.339832462836057,1.3397278374433519,1.4064891517162321,2.6573579701781274,1.7905473306775095,1237.9054774256279,1237.9054774256279,greedy,1.7905473306775095,0.0,hard_fault_cluster
945,N9729,observe,-1.2000322341918945,2.0472857266664506,3.4702321529388422,-1.2000322341918945,0.12332630157470703,-0.6567853656411171,-2.5533496022224424,0.0012332630157470704,0.18242424726486206,0.022371405735611916,0.022371405735611916,3.386523899435997,-0.00021599233150482178,0.0966617614030838,-0.004280969500541687,121072.3515625,49812.7421875,71259.609375,121521.734375,49820.2265625,71701.5078125,-0.0037116880994290113,-0.00015025021275505424,-0.006201246753334999,-0.37116880994290113,0.12409847415983677,-1.3032630828022955,0.014825193677097559,-1.4528072026371954,0.017964270710945196,-0.40832322403788535,2.0472857266664506,1239.9527631522942,1239.9527631522942,greedy,2.0472857266664506,0.0,hard_fault_cluster
946,N3774,observe,-1.1381325721740723,1.3829279941926416,2.9496612429618834,-1.1381325721740723,0.11975277960300446,0.35798706697444227,-1.643695458769798,0.0011975277960300445,0.17943671345710754,0.026082905009388924,0.026082905009388924,0.7955612607672811,-0.001319892704486847,0.09180235862731934,-0.001261398196220398,121522.359375,49820.01171875,71702.34375,122144.65625,50373.80078125,71770.8515625,-0.005120842717587948,-0.01111579593271017,-0.0009554473217576742,-0.5120842717587948,0.013846414163708687,0.10110638584941625,-0.09553034929558635,0.08054910894483328,0.6102748829871416,-0.023321326058357628,1.3829279941926416,1241.3356911464869,1241.3356911464869,greedy,1.3829279941926416,0.0,hard_fault_cluster
947,N14136,observe,-1.1753524541854858,0.7974086433649064,2.2850396811962126,-1.1753524541854858,0.14225861430168152,0.7823859445750713,2.2759702146053313,0.0014225861430168152,0.1651889979839325,0.029627161100506783,0.029627161100506783,0.8643903369456529,0.0028367042541503906,0.09270933270454407,0.001545630395412445,122142.328125,50372.546875,71769.78125,122030.0546875,50417.953125,71612.1015625,0.0009192017023451626,-0.0009014086681418121,0.002197020687162876,0.09192017023451626,0.45555620081722736,0.8862792882323265,0.32664186926558614,0.8888835522532463,0.7557479105889797,2.5912361418828365,0.7974086433649064,1242.1330997898517,1242.1330997898517,greedy,0.7974086433649064,0.0,hard_fault_cluster
948,N3893,observe,-1.1517748832702637,1.1974369905889035,2.6382211208343502,-1.1517748832702637,0.12736420333385468,0.5157617329806089,-1.578754761815071,0.0012736420333385467,0.17681339383125305,0.026598291471600533,0.026598291471600533,0.760240372121334,-9.991228580474854e-06,0.09220016002655029,0.0007242374122142792,122030.15625,50418.3046875,71611.8515625,122229.46875,50552.8125,71676.65625,-0.0016333053354173899,-0.002667836844921112,-0.000904943619389087,-0.163330533541739,0.15296337194740772,-0.02816515348851678,0.03749150084331632,-0.04895130477845666,0.4732347302138806,-0.1123974253609773,1.1974369905889035,1243.3305367804405,1243.3305367804405,greedy,1.1974369905889035,0.0,hard_fault_cluster
949,N13154,observe,-0.9274114966392517,2.99174854462035,3.9820405960083005,-0.9274114966392517,0.15844981372356415,1.712624306278303,-0.9089499831199644,0.0015844981372356414,0.1893232762813568,0.022863300517201424,0.022863300517201424,1.2742225606739521,0.003701239824295044,0.09650500118732452,0.003016039729118347,122229.53125,50552.8046875,71676.7265625,121867.078125,50291.97265625,71575.1015625,0.002965348307043314,0.005159595515578985,0.0014178241835907102,0.2965348307043314,0.55143709667027,0.5737371512502432,0.4154522609896958,0.5549944707006216,2.030374459177256,1.4247433984652167,2.99174854462035,1246.3222853250609,1246.3222853250609,greedy,2.99174854462035,0.0,hard_fault_cluster
950,N3829,observe,-1.0728025436401367,1.6198879137635231,2.932107853889465,-1.0728025436401367,0.12819480895996094,0.9701922945678234,-1.267015880346298,0.0012819480895996094,0.18631693720817566,0.026651496067643166,0.026651496067643166,0.8917131977528334,-0.0011346116662025452,0.09162819385528564,0.0007639527320861816,121867.6171875,50292.5078125,71575.109375,122162.078125,50473.7421875,71688.3359375,-0.0024162360932677984,-0.0036036057863384485,-0.0015819264808669686,-0.24162360932677984,0.041385138407349586,0.09741969205439088,-0.07474959036335349,0.08145040072500703,0.8581273816525936,0.13778279807418614,1.6198879137635231,1247.9421732388244,1247.9421732388244,greedy,1.6198879137635231,0.0,hard_fault_cluster
951,N3832,observe,-1.0996599197387695,1.741804511100054,3.075368475914001,-1.0996599197387695,0.12009477615356445,1.0424917798489333,-1.162954294681549,0.0012009477615356446,0.18543097376823425,0.02580680139362812,0.02580680139362812,0.9513463432714342,-0.0031031593680381775,0.08983393013477325,0.000544428825378418,122162.046875,50473.74609375,71688.3046875,122252.28125,50533.5,71718.78125,-0.0007386449142359197,-0.00118386116810143,-0.0004251259961165488,-0.07386449142359197,-0.16441435925662518,0.09864261921495199,-0.2738405424170196,0.08301174815744161,0.992394943907857,0.22505671354010737,1.741804511100054,1249.6839777499245,1249.6839777499245,greedy,1.741804511100054,0.0,hard_fault_cluster
952,N15518,observe,-1.159285545349121,0.9088599178940058,0.5026218056678772,-1.159285545349121,0.14641150832176208,0.9068579686805606,0.49334874153137204,0.001464115083217621,0.1568511426448822,0.0273421797901392,0.0273421797901392,0.5315642236545682,0.0033617913722991943,0.09261520206928253,0.0008494853973388672,122251.96875,50533.44921875,71718.515625,122068.796875,50481.55859375,71587.234375,0.001498314319178462,0.0010268569458276033,0.001830507069826126,0.1498314319178462,0.5099328253418207,0.8018728042393923,0.37961755925789475,0.7858143115788698,0.71243294198066,0.503224526392296,0.9088599178940058,1250.5928376678185,1250.5928376678185,greedy,0.9088599178940058,0.0,hard_fault_cluster
953,N8003,observe,-1.1387901306152344,1.1178770119498949,2.061109721660614,-1.1387901306152344,0.12621311843395233,0.42712233749189177,-1.6505063518881795,0.0012621311843395234,0.1810283362865448,0.02625458873808384,0.02625458873808384,0.7896591096700286,-0.0009950622916221619,0.09162110090255737,0.0012626126408576965,122067.1875,50479.671875,71587.515625,122200.8125,50559.375,71641.4375,-0.0010946840047836304,-0.0015789152821525931,-0.0007532301242463291,-0.10946840047836304,0.052961478009819984,0.19769549277523765,-0.061389302369207144,0.19766014768654713,0.5264025475335075,-0.1717817054451733,1.1178770119498949,1251.7107146797684,1251.7107146797684,greedy,1.1178770119498949,0.0,hard_fault_cluster
954,N6026,observe,-0.7575333118438721,4.2536049515008925,4.886415767669678,-0.7575333118438721,0.18482105433940887,1.9290676025301217,-0.9719906449317931,0.0018482105433940887,0.1982557475566864,0.027622247114777565,0.027622247114777565,1.4295581935346124,0.008719343692064285,0.10251697897911072,0.00783313438296318,122201.96875,50560.60546875,71641.359375,121586.75,50160.68359375,71426.0625,0.005034442059695721,0.007909752428531647,0.0030052035581320524,0.5034442059695721,1.084377670660615,1.0395403901487588,0.9250451945699751,1.0228983262926339,2.628718387335539,1.780568501465023,4.2536049515008925,1255.9643196312693,1255.9643196312693,greedy,4.2536049515008925,0.0,hard_fault_cluster
955,N3821,observe,-1.04830002784729,2.909366635978222,3.2909233570098873,-1.04830002784729,0.13499188423156738,-0.2566293486952783,-2.4269790112972256,0.0013499188423156739,0.18912148475646973,0.03170018643140793,0.03170018643140793,5.1491937611997125,0.0005411282181739807,0.0937194675207138,0.0035361461341381073,121587.5546875,50161.4765625,71426.078125,122117.71875,50454.875,71662.84375,-0.0043603479862213135,-0.005849078763276339,-0.0033148345537483692,-0.43603479862213135,0.22080489248037338,-0.7182341358065606,0.0957858394831419,-0.8258906146883965,0.2396073609590533,-0.5789725987613197,2.909366635978222,1258.8736862672474,1258.8736862672474,greedy,2.909366635978222,0.0,hard_fault_cluster
956,N13563,observe,-1.0855633020401,1.656995674967766,2.5332645416259765,-1.0855633020401,0.23800630867481232,2.4062059253454207,2.031536954641342,0.002380063086748123,-0.030700713396072388,-0.03101000003516674,-0.03101000003516674,-0.25521856069564824,0.022367995232343674,0.11659467220306396,-0.007158488035202026,122117.859375,50455.31640625,71662.546875,121775.5546875,50392.125,71383.4296875,0.0028030681423842907,0.0012524231569841504,0.0038948822766542435,0.28030681423842907,2.443795831874013,0.9817597949504854,2.2885486003942788,0.992576768398285,1.8875932812690734,2.3094113182276486,1.656995674967766,1260.530681942215,1260.530681942215,greedy,1.656995674967766,0.0,hard_fault_cluster
957,N3817,observe,-1.065165638923645,5.383595398068429,5.961356592178344,-1.065165638923645,0.13020853698253632,0.27015580654144267,-2.347681677341461,0.0013020853698253632,0.17284950613975525,0.032947152853012085,0.032947152853012085,4.642682401835918,0.004616506397724152,0.09487295150756836,0.0005643218755722046,121775.2890625,50391.65625,71383.6328125,122038.0390625,50473.890625,71564.1484375,-0.0021576627623289824,-0.0016319046262651682,-0.0025288097094744444,-0.21576627623289824,0.6248063296079636,0.15510866403579704,0.5024395622313023,0.07594356298446647,1.7704936146736148,0.7308208495378499,5.383595398068429,1265.9142773402834,1265.9142773402834,greedy,5.383595398068429,0.0,hard_fault_cluster
958,N13594,observe,-1.10059654712677,1.2432517349720003,2.6603617310523986,-1.10059654712677,0.23408322036266327,1.3186550244688986,0.964292013645172,0.0023408322036266326,-0.014469146728515625,-0.033548347651958466,-0.033548347651958466,-0.6757904520630836,0.01984652876853943,0.11902609467506409,-0.008988618850708008,122037.96875,50474.1875,71563.78125,121635.1953125,50178.3828125,71456.8125,0.0033003943972289562,0.005860514007508755,0.0014947330346331,0.3300394397228956,2.1851877495646477,0.8991493397951126,2.034786595031619,0.917154365181923,1.3784585282206534,2.1860205053538087,1.2432517349720003,1267.1575290752555,1267.1575290752555,greedy,1.2432517349720003,0.0,hard_fault_cluster
959,N9680,observe,-1.055044412612915,3.3745103046298026,4.3945218324661255,-1.055044412612915,0.12028340995311737,-0.20949285954236996,-2.434070128202438,0.0012028340995311737,0.19102445244789124,0.03480641543865204,0.03480641543865204,4.335528675168752,0.0007770806550979614,0.09257176518440247,0.0012209713459014893,121634.484375,50177.46875,71457.015625,121924.4296875,50340.6953125,71583.734375,-0.0023837427143007517,-0.0032529851887375116,-0.0017733563436195254,-0.23837427143007517,0.23279789090156555,-0.4045893803238869,0.1164805218577385,-0.4973846331238747,0.6211113423109056,-0.016277627497911062,3.3745103046298026,1270.5320393798854,1270.5320393798854,greedy,3.3745103046298026,0.0,hard_fault_cluster
960,N19231,observe,-1.1244194507598877,1.884263129234314,2.706295025348663,-1.1244194507598877,0.23002474009990692,3.6051612421870227,0.9573583364486695,0.002300247400999069,-0.020182490348815918,-0.03197924792766571,-0.03197924792766571,-0.0732453921437265,0.019250288605690002,0.11981318891048431,-0.009625904262065887,121922.484375,50338.35546875,71584.125,121426.328125,50026.04296875,71400.28125,0.004069440066814423,0.006204265169799328,0.002568219555541873,0.40694400668144226,2.1230743527412415,0.9651800853013993,1.9745402336120605,0.9757029277086259,2.4920629501342773,2.2498409175872807,1.884263129234314,1272.4163025091198,1272.4163025091198,greedy,1.884263129234314,0.0,hard_fault_cluster
961,N8001,observe,-1.0763511657714844,3.9819573760032654,4.843029260635376,-1.0763511657714844,0.11955387890338898,-0.24299931854009638,-2.5703133583068847,0.0011955387890338898,0.18489643931388855,0.03585340827703476,0.03585340827703476,5.363397854864598,0.0010509416460990906,0.09249594807624817,0.0008689612150192261,121427.390625,50027.203125,71400.1875,121769.59375,50200.23828125,71569.3515625,-0.002818170702084899,-0.003458821214735508,-0.0023692382965236902,-0.2818170702084899,0.2605014517903328,-0.15524642556905754,0.143945986405015,-0.23147492498159417,0.8372387379407884,0.12420517966151279,3.9819573760032654,1276.398259885123,1276.398259885123,greedy,3.9819573760032654,0.0,hard_fault_cluster
962,N19219,observe,-1.038653016090393,2.0531499683856964,3.0377258419990536,-1.038653016090393,0.20362050831317902,2.183153957128525,-0.3881636142730711,0.00203620508313179,0.027824997901916504,-0.006655370816588402,-0.006655370816588402,0.4018732520937919,0.018628373742103577,0.11334630846977234,-0.009622953832149506,121768.140625,50198.8046875,71569.3359375,121278.1796875,49896.671875,71381.5078125,0.004023720510303974,0.006018725223839283,0.0026244218461215496,0.4023720510303974,2.0598025117069483,1.0778861938044428,1.9120786585845053,1.0891940293833613,1.9932027429342272,1.9255817829072481,2.0531499683856964,1278.4514098535087,1278.4514098535087,greedy,2.0531499683856964,0.0,hard_fault_cluster
963,N15535,observe,-1.409529209136963,0.7888447812714731,1.4272920429706573,-1.409529209136963,0.23792032897472382,0.7516627165423415,2.1121460795402527,0.0023792032897472382,-0.029422402381896973,-0.019191404804587364,-0.019191404804587364,0.8519062915757967,0.01673431694507599,0.11195448040962219,-0.009018197655677795,121280.84375,49899.84375,71381.0,121342.1875,49905.07421875,71437.109375,-0.0005057991947978735,-0.00010481934441486374,-0.0007860547630116343,-0.05057991947978735,1.8921606186777353,0.8431680326120113,1.728113925550133,0.8424553696767544,0.703749055777007,1.4897238655876208,0.7888447812714731,1279.2402546347803,1279.2402546347803,greedy,0.7888447812714731,0.0,hard_fault_cluster
964,N15564,observe,-1.5793678760528564,0.7810302741345367,0.9085467755794525,-1.5793678760528564,0.24035651981830597,0.7539861705365183,1.6420727133750914,0.0024035651981830597,-0.03244739770889282,-0.01631677709519863,-0.01631677709519863,0.8476676701012912,0.015392661094665527,0.10191810131072998,-0.007086612284183502,121342.171875,49905.15625,71437.015625,121342.0625,49952.02734375,71390.03125,9.013766657517408e-07,-0.0009392034262418747,0.0006577034946531057,9.013766657517408e-05,1.76330585218966,0.8358516499292454,1.5952760451473296,0.8341693684351048,0.7014080665736401,0.9636686124105107,0.7810302741345367,1280.0212849089148,1280.0212849089148,greedy,0.7810302741345367,0.0,hard_fault_cluster
965,N3292,observe,-1.457005500793457,2.0955409482121468,3.5356368541717527,-1.457005500793457,0.2238430231809616,0.7315110816806554,-1.4453857839107511,0.0022384302318096162,-0.018394440412521362,-0.02840581350028515,-0.02840581350028515,0.18197833225131027,0.01737167313694954,0.10972096025943756,-0.008047617971897125,121338.5,49947.8359375,71390.6640625,121508.984375,50081.671875,71427.3125,-0.0014050311874598265,-0.0026795142330229282,-0.0005133505328558385,-0.14050311874598265,1.9326045233756304,1.0862589594721794,1.786026616115123,1.1197718498110771,1.3121151842176915,0.9578748697414997,2.0955409482121468,1282.116825857127,1282.116825857127,greedy,2.0955409482121468,0.0,hard_fault_cluster
966,N9505,observe,-1.4241952896118164,1.2899415604770184,2.9061839461326597,-1.4241952896118164,0.2171807438135147,0.506476691365242,-1.4728649467229842,0.002171807438135147,-0.014668256044387817,-0.029286472126841545,-0.029286472126841545,0.07781914010643956,0.0165400430560112,0.11074768006801605,-0.009819664061069489,121513.890625,50086.25390625,71427.640625,121667.1328125,50176.9140625,71490.21875,-0.0012611084384843707,-0.0018100806046277285,-0.0008761051576584578,-0.12611084384843707,1.8418985772877932,0.7285765993595124,1.7009778735227883,0.7412161338329315,0.8214111998677254,0.11391727991402179,1.2899415604770184,1283.406767417604,1283.406767417604,greedy,1.2899415604770184,0.0,hard_fault_cluster
967,N12103,control0,-1.3953444957733154,0.7641132792457938,1.6984828650951385,-1.3953444957733154,0.09279793500900269,0.1715204970911145,-1.234603839367628,0.0009279793500900268,0.15225449204444885,0.027094507589936256,0.027094507589936256,0.8082514907233417,0.0059634968638420105,0.08850258588790894,-0.009514085948467255,121665.734375,50176.9609375,71488.7734375,121472.5390625,50246.265625,71226.2734375,0.0015879188431426883,-0.0013812053948640823,0.0036719052586704493,0.15879188431426883,0.71624212898314,0.08234166454523797,0.6263227970339358,0.0762242908403277,0.37939683236181737,0.4038694884814323,0.7641132792457938,1284.1708806968497,1284.1708806968497,greedy,0.7641132792457938,0.0,hard_fault_cluster
968,N31244,control0,-1.3966903686523438,0.8050107696833194,-0.19704653024673469,-1.3966903686523438,0.06588560342788696,0.2628006554028593,-5.383970062666776e-07,0.0006588560342788697,0.16667672991752625,0.017520392313599586,0.017520392313599586,0.8124413134378229,0.004586327821016312,0.08655679225921631,-0.013247661292552948,121472.6796875,50246.1796875,71226.5,121060.4921875,50048.5546875,71011.9375,0.0033932526130229235,0.003933134954422712,0.0030123970936983824,0.33932526130229235,0.5420387778431177,0.19813158677402498,0.4794842810370028,0.19813034969570253,0.4753511880883849,0.1574181194883614,0.8050107696833194,1284.975891466533,1284.975891466533,greedy,0.8050107696833194,0.0,hard_fault_cluster
969,N31238,control0,-1.3764314651489258,0.8732486262917519,0.9145537614822388,-1.3764314651489258,0.05440559983253479,0.6084902019798755,0.23119846582412718,0.000544055998325348,0.15998637676239014,0.011256115511059761,0.011256115511059761,0.8767965158820152,0.0038402974605560303,0.0856359452009201,-0.019559748470783234,121060.5078125,50048.609375,71011.8984375,120625.0234375,49770.2421875,70854.78125,0.0035972455516457558,0.005561936646699905,0.002212547231465578,0.3597245551645756,0.4496914613991976,0.3056407913565635,0.40044517489150167,0.2986034125089645,0.7555154532194137,0.6439756371080876,0.8732486262917519,1285.8491400928249,1285.8491400928249,greedy,0.8732486262917519,0.0,hard_fault_cluster
970,N14152,observe,-1.3668487071990967,1.017289401050657,0.6901432693004608,-1.3668487071990967,0.10950815677642822,1.9592112793587149,1.2191065073013305,0.0010950815677642821,0.11885589361190796,0.011020684614777565,0.011020684614777565,0.9756285938061774,0.008923877030611038,0.08875605463981628,-0.014892764389514923,120623.5390625,49768.8984375,70854.640625,120803.328125,49794.8203125,71008.5078125,-0.0014904973795637488,-0.0005208448856137693,-0.0021715895272791386,-0.14904973795637488,1.0129165444523096,0.7806655124202371,0.9225199134089053,0.777890284396708,1.1077147760428487,0.9868624686682597,1.017289401050657,1286.8664294938756,1286.8664294938756,greedy,1.017289401050657,0.0,hard_fault_cluster
971,N3771,observe,-1.208423137664795,1.2825918536633252,2.5003142595291137,-1.208423137664795,0.1026458740234375,0.5637381266057491,-1.6766768023371694,0.001026458740234375,0.1925271451473236,0.017736488953232765,0.017736488953232765,0.8324152842536569,-0.00042510032653808594,0.09129343926906586,-0.005386248230934143,120804.515625,49795.72265625,71008.796875,120898.7109375,49823.9765625,71074.734375,-0.0007797333528287709,-0.0005673962295986712,-0.0009285821579396725,-0.07797333528287709,0.07787233032286167,-0.19153764054179195,-0.012414441909641027,-0.2391400854289532,0.4183224111795425,-0.14809043273329708,1.2825918536633252,1288.1490213475388,1288.1490213475388,greedy,1.2825918536633252,0.0,hard_fault_cluster
972,N15506,observe,-1.177156686782837,1.1344593133814183,0.6964784741401672,-1.177156686782837,0.13102371990680695,1.5837087125197151,0.9250123262405395,0.0013102371990680694,0.17901664972305298,0.02667243964970112,0.02667243964970112,1.3035009000255255,0.002296067774295807,0.09262880682945251,-0.0011097043752670288,120897.4765625,49823.4921875,71073.984375,120839.6015625,49732.8359375,71106.765625,0.00047871138667687774,0.0018195483135059476,-0.00046122714411467314,0.047871138667687774,0.38730293698608875,0.2045167669959415,0.2690308173187077,0.2045167669959415,0.8410791090155805,0.6317379358948625,1.1344593133814183,1289.2834806609203,1289.2834806609203,greedy,1.1344593133814183,0.0,hard_fault_cluster
973,N19843,observe,-0.8904255628585815,2.6168040312826633,3.5979750633239744,-0.8904255628585815,0.15817956626415253,0.9649210168793797,-1.528637647628784,0.0015817956626415252,0.18006321787834167,0.028975265100598335,0.028975265100598335,1.2159847963601351,0.009355824440717697,0.09703405201435089,0.0009271502494812012,120839.2421875,49732.5703125,71106.671875,120372.71875,49441.953125,70930.765625,0.003860694821923971,0.005843598861247301,0.0024738360662013292,0.3860694821923971,1.1227372754365206,0.6420023429021239,0.9823711519129574,0.6264430719241499,1.3938085108995437,1.0109755320847038,2.6168040312826633,1291.900284692203,1291.900284692203,greedy,2.6168040312826633,0.0,hard_fault_cluster
974,N9042,observe,-1.0759035348892212,1.246298798173666,2.6515912532806394,-1.0759035348892212,0.12374977767467499,0.4503695763647556,-1.657246336340904,0.00123749777674675,0.20030400156974792,0.03268358111381531,0.03268358111381531,0.839789327904582,0.0015969499945640564,0.09571604430675507,0.002803478389978409,120373.6328125,49442.7109375,70930.921875,120797.15625,49684.66015625,71112.5,-0.0035184070002287626,-0.0048935264348983765,-0.002559928921982646,-0.35184070002287626,0.31612835824489594,-0.0654407159984112,0.1988033391535282,-0.08860024973750116,0.45266392379999165,-0.1257684495300051,1.246298798173666,1293.1465834903768,1293.1465834903768,greedy,1.246298798173666,0.0,hard_fault_cluster
975,N25732,observe,-0.724035918712616,6.095949541777372,5.999999999999999,-0.724035918712616,0.176876500248909,3.903126381710172,0.2456003904342654,0.00176876500248909,0.20548692345619202,0.03428357094526291,0.03428357094526291,1.7361663048714397,0.009160641580820084,0.10658134520053864,0.009840462356805801,120796.9453125,49684.7265625,71112.21875,120396.5234375,49459.2265625,70937.296875,0.0033148345537483692,0.00453861802816391,0.0024598005693405867,0.3314834553748369,1.1272242292761803,1.0355961248651147,0.9688541758805513,1.012619949914515,4.014882735535503,2.7146737780980774,6.095949541777372,1299.2425330321541,1299.2425330321541,greedy,6.095949541777372,0.0,hard_fault_cluster
976,N3887,observe,-1.0235928297042847,1.0693209964781998,2.54351167678833,-1.0235928297042847,0.130278080701828,0.42829481743276115,-1.6308648183941838,0.00130278080701828,0.2022508680820465,0.040373124182224274,0.040373124182224274,0.8197392028942705,0.0014203563332557678,0.09924863278865814,0.006720703095197678,120395.25,49457.97265625,70937.28125,121137.2421875,49870.15625,71267.0859375,-0.006162968929857016,-0.008334017358720303,-0.00464924331754446,-0.6162968929857016,0.31268683820962906,-0.07240651525557043,0.18469843454658985,-0.08867484308779242,0.3890620134770871,-0.1671096912398931,1.0693209964781998,1300.3118540286323,1300.3118540286323,greedy,1.0693209964781998,0.0,hard_fault_cluster
977,N13183,observe,-0.8929010033607483,5.481212279945612,5.822838735580444,-0.8929010033607483,0.1452084332704544,2.379802168495953,-0.7644591927528379,0.001452084332704544,0.18263235688209534,0.04574901610612869,0.04574901610612869,1.726994504407048,0.008525677025318146,0.09930193424224854,0.005879007279872894,121137.8125,49870.78515625,71267.03125,120933.4140625,49806.8046875,71126.609375,0.0016873214626684785,0.0012829247862100601,0.0019703623838722706,0.16873214626684785,1.0435251519083977,0.9821429857239127,0.9003070648759604,0.9661449202522635,3.1243112135678532,2.135802288819105,5.481212279945612,1305.7930663085779,1305.7930663085779,greedy,5.481212279945612,0.0,hard_fault_cluster
978,N13155,observe,-0.8479623794555664,1.700896161329001,2.9795853257179257,-0.8479623794555664,0.15150713920593262,0.9748011471657082,-1.3240539848804471,0.0015150713920593262,0.198150634765625,0.03574896603822708,0.03574896603822708,0.8662636769097298,0.007947489619255066,0.10196499526500702,0.0053460076451301575,120933.015625,49806.328125,71126.6875,120741.265625,49636.1484375,71105.1171875,0.0015855885576456785,0.003416828578338027,0.00030326610431075096,0.15855885576456785,0.9820050671696663,0.3231944675976411,0.8415629882365465,0.3071101113641635,1.0680023666005583,0.7992015382903631,1.700896161329001,1307.4939624699068,1307.4939624699068,greedy,1.700896161329001,0.0,hard_fault_cluster
979,N3776,observe,-1.0098795890808105,1.2521656520664692,2.663335597515106,-1.0098795890808105,0.12070706486701965,0.6457704839110374,-1.4783530980348585,0.0012070706486701965,0.2019537389278412,0.0455198660492897,0.0455198660492897,0.8900520016998053,0.000841580331325531,0.09897474944591522,0.0058787502348423,120742.90625,49637.515625,71105.390625,121191.1015625,49888.21875,71302.8828125,-0.0037119805347174406,-0.00505067827180028,-0.0027774572372436523,-0.37119805347174406,0.25038496404886246,-0.025198877453804003,0.12571476586163044,-0.04562741577625273,0.47223266065120695,-0.1130487705767152,1.2521656520664692,1308.7461281219732,1308.7461281219732,greedy,1.2521656520664692,0.0,hard_fault_cluster
980,N25232,observe,-0.9692452549934387,2.039377095922828,2.8232509732246394,-0.9692452549934387,0.16973505914211273,3.119295045733452,0.4542068004608155,0.0016973505914211274,0.0755344033241272,0.025560395792126656,0.025560395792126656,0.8928009222447872,0.019682083278894424,0.10806253552436829,-0.003952443599700928,121189.015625,49886.71875,71302.296875,120976.75,49824.20703125,71152.546875,0.0017515253275632858,0.0012530733365565538,0.0021002127323299646,0.17515253275632858,2.163503782823682,0.9230694156140089,2.0170321916230023,0.9297455530613661,2.0594318084418775,1.7526991802081469,2.039377095922828,1310.7855052178961,1310.7855052178961,greedy,2.039377095922828,0.0,hard_fault_cluster
981,N13152,observe,-0.900545060634613,1.609388068318367,2.899986374378204,-0.900545060634613,0.16982142627239227,1.3094679802656175,-0.9740021228790282,0.0016982142627239227,0.11980348825454712,0.019063519313931465,0.019063519313931465,0.5226305717229842,0.017183776944875717,0.10872049629688263,-0.002351798117160797,120976.8515625,49824.2578125,71152.59375,120759.234375,49631.63671875,71127.6015625,0.001798833254724741,0.003866010345518589,0.0003512477269396186,0.1798833254724741,1.9072626400738955,0.7379702080041171,1.7655989308841527,0.7435334671288729,1.3349768966436386,0.9727349828183653,1.609388068318367,1312.3948932862145,1312.3948932862145,greedy,1.609388068318367,0.0,hard_fault_cluster
982,N9571,observe,-0.9966602325439453,1.3385056674480438,2.7287856101989743,-0.9966602325439453,0.1173313558101654,0.627048949599266,-1.4891004443168638,0.0011733135581016541,0.20309582352638245,0.04833018034696579,0.04833018034696579,0.9555415123701096,0.0005163401365280151,0.09915979206562042,0.005582008510828018,120759.53125,49632.15625,71127.375,121155.359375,49852.04296875,71303.3125,-0.0032778210006654263,-0.0044303275644779205,-0.0024735552724450827,-0.3277821000665426,0.2172955498099327,-0.17571764737367632,0.09304939769208431,-0.20763873606920244,0.34448750913143156,-0.19608311906456918,1.3385056674480438,1313.7333989536626,1313.7333989536626,greedy,1.3385056674480438,0.0,hard_fault_cluster
983,N3295,observe,-1.0409716367721558,1.3059610158205033,2.684341168403625,-1.0409716367721558,0.1106276661157608,1.3370660543441772,-0.6357947826385497,0.001106276661157608,0.2009769082069397,0.049078427255153656,0.049078427255153656,0.783607830107212,-0.0006007105112075806,0.09794194996356964,0.004485815763473511,121154.7578125,49851.0390625,71303.71875,121441.59375,50022.734375,71418.859375,-0.002367516979575157,-0.003444167086854577,-0.0016147913411259651,-0.23675169795751572,0.0996350422501564,-0.18174335390329363,-0.020144527778029442,-0.20572915703058245,0.4989103466272352,-0.09570827469229681,1.3059610158205033,1315.039359969483,1315.039359969483,greedy,1.3059610158205033,0.0,hard_fault_cluster
984,N27607,control1,-1.3262547254562378,1.44119824424386,0.5442684948444365,-1.3262547254562378,0.0891449898481369,4.80473802909255,4.238262963294982,0.000891449898481369,0.09322065114974976,0.028247835114598274,0.028247835114598274,1.233488193899393,0.011196136474609375,0.09344431757926941,-0.014441914856433868,121442.265625,50023.62109375,71418.6484375,121176.6015625,49869.8203125,71306.78125,0.0021875749807804823,0.0030745631083846092,0.0015663582598790526,0.21875749807804823,1.2370064724236727,0.6630329119414091,1.1489618537016213,0.6801643895357847,3.1429519355297084,2.571478714197874,1.44119824424386,1316.480558213727,1316.480558213727,greedy,1.44119824424386,0.0,hard_fault_cluster
985,N13791,control1,-0.843106746673584,5.760395856201649,5.999999999999999,-0.843106746673584,0.13113883137702942,2.0590878509730097,2.496896708011627,0.0013113883137702942,0.1710473895072937,0.03993002325296402,0.03993002325296402,3.1686782716214656,0.010056562721729279,0.09789597988128662,-0.001605503261089325,121184.34375,49872.515625,71311.828125,120770.078125,49598.75390625,71171.3203125,0.00341847469098866,0.005489230155944824,0.001970329787582159,0.341847469098866,1.1767251268029213,1.3462418357282877,1.0484234858304262,1.3311540523916483,3.0623961143195633,4.090557474307715,5.760395856201649,1322.2409540699286,1322.2409540699286,greedy,5.760395856201649,0.0,hard_fault_cluster
986,N15510,observe,-1.288002848625183,1.0328265805921548,1.850650668144226,-1.288002848625183,0.2269762009382248,3.037236406309603,2.8054412126541135,0.002269762009382248,-0.030617177486419678,-0.0016623195260763168,-0.0016623195260763168,0.10105427557420621,0.01829937845468521,0.10655398666858673,-0.0043905675411224365,120761.828125,49596.37890625,71165.453125,120868.21875,49576.81640625,71291.40625,-0.0008809954742901027,0.00039443402783945203,-0.0017698633018881083,-0.08809954742901027,2.0552517268806696,0.6716074922370899,1.8862663158215582,0.6707596459674824,1.617192777168748,1.664331303151248,1.0328265805921548,1323.2737806505208,1323.2737806505208,greedy,1.0328265805921548,0.0,hard_fault_cluster
987,N13966,observe,-1.3648459911346436,0.9176854744553566,2.4108078718185424,-1.3648459911346436,0.2324703186750412,0.8063677538186311,2.309195065498352,0.002324703186750412,-0.034521400928497314,-0.003949819132685661,-0.003949819132685661,3.456989783160388,0.018410854041576385,0.10117004811763763,-0.0026928186416625977,120868.234375,49576.203125,71292.03125,120861.5625,49563.78125,71297.78125,5.5199572670971975e-05,0.0002505612501408905,-8.065417205216363e-05,0.0055199572670971975,2.069605903699994,1.3285927936062216,1.8982155290432274,1.3439708515629172,0.8279294956475496,2.638154172170907,0.9176854744553566,1324.1914661249762,1324.1914661249762,greedy,0.9176854744553566,0.0,hard_fault_cluster
988,N9624,observe,-1.3082859516143799,1.095700191706419,2.621743607521057,-1.3082859516143799,0.216096892952919,0.6515161633491516,-1.4353926062583922,0.0021609689295291903,-0.02359020709991455,-0.006624510511755943,-0.006624510511755943,0.564323532730341,0.020097725093364716,0.11026069521903992,-0.004041105508804321,120860.546875,49563.37890625,71297.171875,120917.734375,49624.92578125,71292.8046875,-0.0004731692897621542,-0.0012417812831699848,6.125330401118845e-05,-0.04731692897621542,2.2192448917776346,1.100501717031002,2.0621406049467623,1.1472921022772788,0.8433480150997639,0.6531762098148467,1.095700191706419,1325.2871663166825,1325.2871663166825,greedy,1.095700191706419,0.0,hard_fault_cluster
989,N13209,observe,-1.1368091106414795,1.4258708357810974,2.840456140041351,-1.1368091106414795,0.22031159698963165,0.8455656358599662,-1.3751838266849516,0.0022031159698963163,-0.03632482886314392,-0.009279875084757805,-0.009279875084757805,0.520809263586998,0.024171091616153717,0.10835926234722137,-0.0013139322400093079,120918.4453125,49625.8203125,71292.625,120668.15625,49518.42578125,71149.734375,0.0020698998123407364,0.0021640858612954617,0.002004283480346203,0.20698998123407364,2.6281408835202456,1.50524393171072,2.46986709209159,1.5778437122702598,1.246581158041954,1.4402777527272703,1.4258708357810974,1326.7130371524636,1326.7130371524636,greedy,1.4258708357810974,0.0,hard_fault_cluster
990,N3815,observe,-1.2613177299499512,0.9294176191091537,2.490088182687759,-1.2613177299499512,0.20891304314136505,0.5912314601242542,-1.4529557377099989,0.0020891304314136507,-0.020484060049057007,-0.005148535594344139,-0.005148535594344139,0.5477462257444858,0.021540485322475433,0.11369192600250244,-0.004197552800178528,120668.390625,49518.57421875,71149.8203125,120841.015625,49596.31640625,71244.6953125,-0.0014305735239759088,-0.001569960149936378,-0.0013334538089111447,-0.14305735239759088,2.3578130397945642,1.031247324347496,2.2049896591342986,1.0802748864889145,0.7292002066969872,0.5789801343530419,0.9294176191091537,1327.6424547715728,1327.6424547715728,greedy,0.9294176191091537,0.0,hard_fault_cluster
991,N3863,observe,-1.060874581336975,1.403926409035921,2.8186830282211304,-1.060874581336975,0.11161886155605316,0.5957495956867933,-1.5139239639043807,0.0011161886155605315,0.19416150450706482,0.05205756425857544,0.05205756425857544,0.9563353107869623,0.000501774251461029,0.09561419486999512,0.0054640993475914,120840.8125,49596.21484375,71244.6015625,121067.328125,49728.12109375,71339.203125,-0.0018744959961622953,-0.0026596032548695803,-0.0013278418919071555,-0.18744959961622953,0.2138538509607315,-0.08856567732989787,0.09109653159976006,-0.1201934515684843,0.4742961131036282,-0.11170752648264137,1.403926409035921,1329.0463811806087,1329.0463811806087,greedy,1.403926409035921,0.0,hard_fault_cluster
992,N15514,observe,-1.357100248336792,1.2506629623472691,1.0173719465732574,-1.357100248336792,0.22331766784191132,4.71224020421505,5.894184923171997,0.0022331766784191133,-0.03293180465698242,0.003974946215748787,0.003974946215748787,0.24417930930852877,0.018829703330993652,0.10591153800487518,-0.004098780453205109,121067.0078125,49727.9453125,71339.0625,121017.453125,49654.984375,71362.46875,0.0004093162133358419,0.0014672019751742482,-0.0003280986566096544,0.04093162133358419,2.1102629471570253,0.41169076174497604,1.9397934866137803,0.410725756585598,1.791220027208328,1.947018196545541,1.2506629623472691,1330.2970441429559,1330.2970441429559,greedy,1.2506629623472691,0.0,hard_fault_cluster
993,N13210,observe,-1.1625992059707642,1.4950986221432685,2.912587714195251,-1.1625992059707642,0.22139684855937958,0.8528764480352401,-1.3659074962139128,0.002213968485593796,-0.03561681509017944,-0.007977982982993126,-0.007977982982993126,0.5196783044934272,0.024166136980056763,0.1078694611787796,-0.0011173710227012634,121017.40625,49655.01171875,71362.390625,120825.5546875,49621.734375,71203.8203125,0.0015853220829740167,0.0006701708771288395,0.002222043229267001,0.15853220829740167,2.6300325635820627,1.540665103197098,2.469968414399773,1.6182072293758394,1.2510139137506484,1.4431590439379218,1.4950986221432685,1331.7921427650992,1331.7921427650992,greedy,1.4950986221432685,0.0,hard_fault_cluster
994,N13182,observe,-1.150143027305603,1.4100985392928123,2.8307979583740233,-1.150143027305603,0.21731258928775787,0.8404373863339424,-1.3753236830234525,0.002173125892877579,-0.033886849880218506,-0.009410923346877098,-0.009410923346877098,0.49493963450193407,0.02550782635807991,0.10742045938968658,-6.496906280517578e-06,120825.4921875,49621.6953125,71203.796875,120587.0078125,49482.2578125,71104.75,0.001973791979253292,0.0028100109193474054,0.0013910336419939995,0.1973791979253292,2.758684301748872,1.6044030901789665,2.602758052293211,1.7058256742358209,1.2359798401594162,1.4333868961036207,1.4100985392928123,1333.2022413043921,1333.2022413043921,greedy,1.4100985392928123,0.0,hard_fault_cluster
