[launcher] benchmarks=iscas99__b15_1 iscas99__b20 iscas99__b22 epfl__random_control__i2c__i2c epfl__arithmetic__max__max iscas99__b17 openabcd__mem_ctrl_orig gpus=0 1 2 3 4 5 6 out=autoresearch/eval8-rest7-hybrid-recall-k96-realfault-Bonly-300k-260702-233920
[launcher] methods=B_world_rerank
[launcher] start benchmark=iscas99__b15_1 budget=278 gpu=0 out=autoresearch/eval8-rest7-hybrid-recall-k96-realfault-Bonly-300k-260702-233920/iscas99__b15_1
[launcher] start benchmark=iscas99__b20 budget=616 gpu=1 out=autoresearch/eval8-rest7-hybrid-recall-k96-realfault-Bonly-300k-260702-233920/iscas99__b20
[launcher] start benchmark=iscas99__b22 budget=915 gpu=2 out=autoresearch/eval8-rest7-hybrid-recall-k96-realfault-Bonly-300k-260702-233920/iscas99__b22
[launcher] start benchmark=epfl__arithmetic__max__max budget=94 gpu=4 out=autoresearch/eval8-rest7-hybrid-recall-k96-realfault-Bonly-300k-260702-233920/epfl__arithmetic__max__max
[launcher] start benchmark=epfl__random_control__i2c__i2c budget=34 gpu=3 out=autoresearch/eval8-rest7-hybrid-recall-k96-realfault-Bonly-300k-260702-233920/epfl__random_control__i2c__i2c
[launcher] start benchmark=iscas99__b17 budget=994 gpu=5 out=autoresearch/eval8-rest7-hybrid-recall-k96-realfault-Bonly-300k-260702-233920/iscas99__b17
[launcher] start benchmark=openabcd__mem_ctrl_orig budget=1273 gpu=6 out=autoresearch/eval8-rest7-hybrid-recall-k96-realfault-Bonly-300k-260702-233920/openabcd__mem_ctrl_orig
[iscas99__b15_1 gpu0] [method] B_world_rerank benchmark=iscas99__b15_1 budget=278
[iscas99__b20 gpu1] [method] B_world_rerank benchmark=iscas99__b20 budget=616
[epfl__arithmetic__max__max gpu4] [method] B_world_rerank benchmark=epfl__arithmetic__max__max budget=94
[openabcd__mem_ctrl_orig gpu6] [method] B_world_rerank benchmark=openabcd__mem_ctrl_orig budget=1273
[iscas99__b22 gpu2] [method] B_world_rerank benchmark=iscas99__b22 budget=915
[epfl__random_control__i2c__i2c gpu3] [method] B_world_rerank benchmark=epfl__random_control__i2c__i2c budget=34
[iscas99__b17 gpu5] [method] B_world_rerank benchmark=iscas99__b17 budget=994
[epfl__random_control__i2c__i2c gpu3] [gmean] 2026-07-02T23:39:20 out_dir=autoresearch/eval8-rest7-hybrid-recall-k96-realfault-Bonly-300k-260702-233920/epfl__random_control__i2c__i2c/B_world_rerank
[epfl__random_control__i2c__i2c gpu3] [gmean] 2026-07-02T23:39:20 budgets=epfl__random_control__i2c__i2c:34
[epfl__random_control__i2c__i2c gpu3] [gmean] 2026-07-02T23:39:20 variant_start id=greedy__cumulative__reward_pred__bw1__d1__c96__g1p0__candheuristic_recall_pool__div0p0__s0
[epfl__random_control__i2c__i2c gpu3] [gmean] 2026-07-02T23:39:20 [1/1] plan_start benchmark=epfl__random_control__i2c__i2c budget=34 planner=greedy score=reward_pred
[epfl__arithmetic__max__max gpu4] [gmean] 2026-07-02T23:39:20 out_dir=autoresearch/eval8-rest7-hybrid-recall-k96-realfault-Bonly-300k-260702-233920/epfl__arithmetic__max__max/B_world_rerank
[epfl__arithmetic__max__max gpu4] [gmean] 2026-07-02T23:39:20 budgets=epfl__arithmetic__max__max:94
[epfl__arithmetic__max__max gpu4] [gmean] 2026-07-02T23:39:20 variant_start id=greedy__cumulative__reward_pred__bw1__d1__c96__g1p0__candheuristic_recall_pool__div0p0__s0
[epfl__arithmetic__max__max gpu4] [gmean] 2026-07-02T23:39:20 [1/1] plan_start benchmark=epfl__arithmetic__max__max budget=94 planner=greedy score=reward_pred
[iscas99__b15_1 gpu0] [gmean] 2026-07-02T23:39:20 out_dir=autoresearch/eval8-rest7-hybrid-recall-k96-realfault-Bonly-300k-260702-233920/iscas99__b15_1/B_world_rerank
[iscas99__b15_1 gpu0] [gmean] 2026-07-02T23:39:20 budgets=iscas99__b15_1:278
[iscas99__b15_1 gpu0] [gmean] 2026-07-02T23:39:20 variant_start id=greedy__cumulative__reward_pred__bw1__d1__c96__g1p0__candheuristic_recall_pool__div0p0__s0
[iscas99__b15_1 gpu0] [gmean] 2026-07-02T23:39:20 [1/1] plan_start benchmark=iscas99__b15_1 budget=278 planner=greedy score=reward_pred
[iscas99__b20 gpu1] [gmean] 2026-07-02T23:39:20 out_dir=autoresearch/eval8-rest7-hybrid-recall-k96-realfault-Bonly-300k-260702-233920/iscas99__b20/B_world_rerank
[iscas99__b20 gpu1] [gmean] 2026-07-02T23:39:20 budgets=iscas99__b20:616
[iscas99__b20 gpu1] [gmean] 2026-07-02T23:39:20 variant_start id=greedy__cumulative__reward_pred__bw1__d1__c96__g1p0__candheuristic_recall_pool__div0p0__s0
[iscas99__b20 gpu1] [gmean] 2026-07-02T23:39:20 [1/1] plan_start benchmark=iscas99__b20 budget=616 planner=greedy score=reward_pred
[iscas99__b22 gpu2] [gmean] 2026-07-02T23:39:20 out_dir=autoresearch/eval8-rest7-hybrid-recall-k96-realfault-Bonly-300k-260702-233920/iscas99__b22/B_world_rerank
[iscas99__b22 gpu2] [gmean] 2026-07-02T23:39:20 budgets=iscas99__b22:915
[iscas99__b22 gpu2] [gmean] 2026-07-02T23:39:20 variant_start id=greedy__cumulative__reward_pred__bw1__d1__c96__g1p0__candheuristic_recall_pool__div0p0__s0
[iscas99__b22 gpu2] [gmean] 2026-07-02T23:39:20 [1/1] plan_start benchmark=iscas99__b22 budget=915 planner=greedy score=reward_pred
[iscas99__b17 gpu5] [gmean] 2026-07-02T23:39:21 out_dir=autoresearch/eval8-rest7-hybrid-recall-k96-realfault-Bonly-300k-260702-233920/iscas99__b17/B_world_rerank
[iscas99__b17 gpu5] [gmean] 2026-07-02T23:39:21 budgets=iscas99__b17:994
[iscas99__b17 gpu5] [gmean] 2026-07-02T23:39:21 variant_start id=greedy__cumulative__reward_pred__bw1__d1__c96__g1p0__candheuristic_recall_pool__div0p0__s0
[iscas99__b17 gpu5] [gmean] 2026-07-02T23:39:21 [1/1] plan_start benchmark=iscas99__b17 budget=994 planner=greedy score=reward_pred
[openabcd__mem_ctrl_orig gpu6] [gmean] 2026-07-02T23:39:21 out_dir=autoresearch/eval8-rest7-hybrid-recall-k96-realfault-Bonly-300k-260702-233920/openabcd__mem_ctrl_orig/B_world_rerank
[openabcd__mem_ctrl_orig gpu6] [gmean] 2026-07-02T23:39:21 budgets=openabcd__mem_ctrl_orig:1273
[openabcd__mem_ctrl_orig gpu6] [gmean] 2026-07-02T23:39:21 variant_start id=greedy__cumulative__reward_pred__bw1__d1__c96__g1p0__candheuristic_recall_pool__div0p0__s0
[openabcd__mem_ctrl_orig gpu6] [gmean] 2026-07-02T23:39:21 [1/1] plan_start benchmark=openabcd__mem_ctrl_orig budget=1273 planner=greedy score=reward_pred
[epfl__arithmetic__max__max gpu4] [plan epfl__arithmetic__max__max] [plan] step=1 node=N2217 type=observe reward_pred=0.006302 sequence=0.006302
[epfl__arithmetic__max__max gpu4] [plan epfl__arithmetic__max__max] [plan] step=2 node=N4160 type=observe reward_pred=0.102523 sequence=0.108825
[epfl__arithmetic__max__max gpu4] [plan epfl__arithmetic__max__max] [plan] step=3 node=N1509 type=observe reward_pred=0.196845 sequence=0.305670
[epfl__arithmetic__max__max gpu4] [plan epfl__arithmetic__max__max] [plan] step=4 node=N4002 type=observe reward_pred=0.491665 sequence=0.797334
[epfl__arithmetic__max__max gpu4] [plan epfl__arithmetic__max__max] [plan] step=5 node=N3845 type=observe reward_pred=0.887139 sequence=1.684473
[epfl__arithmetic__max__max gpu4] [plan epfl__arithmetic__max__max] [plan] step=6 node=N3881 type=observe reward_pred=1.391302 sequence=3.075775
[epfl__arithmetic__max__max gpu4] [plan epfl__arithmetic__max__max] [plan] step=7 node=N4039 type=observe reward_pred=1.971855 sequence=5.047630
[epfl__arithmetic__max__max gpu4] [plan epfl__arithmetic__max__max] [plan] step=8 node=N4196 type=observe reward_pred=2.752361 sequence=7.799992
[epfl__arithmetic__max__max gpu4] [plan epfl__arithmetic__max__max] [plan] step=9 node=N3684 type=observe reward_pred=4.433094 sequence=12.233086
[epfl__arithmetic__max__max gpu4] [plan epfl__arithmetic__max__max] [plan] step=10 node=N3724 type=observe reward_pred=6.251545 sequence=18.484631
[epfl__arithmetic__max__max gpu4] [plan epfl__arithmetic__max__max] [plan] step=11 node=N4227 type=observe reward_pred=7.866732 sequence=26.351363
[epfl__arithmetic__max__max gpu4] [plan epfl__arithmetic__max__max] [plan] step=12 node=N4250 type=observe reward_pred=10.439903 sequence=36.791266
[epfl__arithmetic__max__max gpu4] [plan epfl__arithmetic__max__max] [plan] step=13 node=N4320 type=observe reward_pred=13.180031 sequence=49.971297
[epfl__arithmetic__max__max gpu4] [plan epfl__arithmetic__max__max] [plan] step=14 node=N4339 type=observe reward_pred=16.292980 sequence=66.264277
[epfl__arithmetic__max__max gpu4] [plan epfl__arithmetic__max__max] [plan] step=15 node=N1568 type=observe reward_pred=19.613422 sequence=85.877699
[epfl__arithmetic__max__max gpu4] [plan epfl__arithmetic__max__max] [plan] step=16 node=N4417 type=observe reward_pred=22.880243 sequence=108.757943
[epfl__arithmetic__max__max gpu4] [plan epfl__arithmetic__max__max] [plan] step=17 node=N4497 type=observe reward_pred=25.789236 sequence=134.547179
[epfl__arithmetic__max__max gpu4] [plan epfl__arithmetic__max__max] [plan] step=18 node=N4400 type=observe reward_pred=27.881931 sequence=162.429110
[epfl__arithmetic__max__max gpu4] [plan epfl__arithmetic__max__max] [plan] step=19 node=N4486 type=observe reward_pred=29.449839 sequence=191.878949
[epfl__arithmetic__max__max gpu4] [plan epfl__arithmetic__max__max] [plan] step=20 node=N4644 type=observe reward_pred=31.257538 sequence=223.136487
[epfl__arithmetic__max__max gpu4] [plan epfl__arithmetic__max__max] [plan] step=21 node=N4802 type=observe reward_pred=32.933033 sequence=256.069520
[epfl__arithmetic__max__max gpu4] [plan epfl__arithmetic__max__max] [plan] step=22 node=N6354 type=control1 reward_pred=34.640545 sequence=290.710064
[epfl__arithmetic__max__max gpu4] [plan epfl__arithmetic__max__max] [plan] step=23 node=N6315 type=control1 reward_pred=36.531521 sequence=327.241585
[epfl__arithmetic__max__max gpu4] [plan epfl__arithmetic__max__max] [plan] step=24 node=N6309 type=control1 reward_pred=38.538754 sequence=365.780339
[epfl__arithmetic__max__max gpu4] [plan epfl__arithmetic__max__max] [plan] step=25 node=N6288 type=control1 reward_pred=40.608421 sequence=406.388760
[epfl__arithmetic__max__max gpu4] [plan epfl__arithmetic__max__max] [plan] step=26 node=N6318 type=control1 reward_pred=42.737148 sequence=449.125908
[epfl__arithmetic__max__max gpu4] [plan epfl__arithmetic__max__max] [plan] step=27 node=N6324 type=control1 reward_pred=44.921818 sequence=494.047726
[epfl__arithmetic__max__max gpu4] [plan epfl__arithmetic__max__max] [plan] step=28 node=N6312 type=control1 reward_pred=47.160156 sequence=541.207882
[epfl__arithmetic__max__max gpu4] [plan epfl__arithmetic__max__max] [plan] step=29 node=N6321 type=control1 reward_pred=49.456600 sequence=590.664483
[epfl__arithmetic__max__max gpu4] [plan epfl__arithmetic__max__max] [plan] step=30 node=N6297 type=control1 reward_pred=51.811726 sequence=642.476208
[epfl__arithmetic__max__max gpu4] [plan epfl__arithmetic__max__max] [plan] step=31 node=N6303 type=control1 reward_pred=54.229553 sequence=696.705761
[epfl__arithmetic__max__max gpu4] [plan epfl__arithmetic__max__max] [plan] step=32 node=N6300 type=control1 reward_pred=56.710384 sequence=753.416146
[epfl__arithmetic__max__max gpu4] [plan epfl__arithmetic__max__max] [plan] step=33 node=N6306 type=control1 reward_pred=59.262203 sequence=812.678349
[epfl__arithmetic__max__max gpu4] [plan epfl__arithmetic__max__max] [plan] step=34 node=N6333 type=control1 reward_pred=61.882874 sequence=874.561223
[epfl__arithmetic__max__max gpu4] [plan epfl__arithmetic__max__max] [plan] step=35 node=N6345 type=control1 reward_pred=64.571907 sequence=939.133130
[epfl__arithmetic__max__max gpu4] [plan epfl__arithmetic__max__max] [plan] step=36 node=N6276 type=control1 reward_pred=67.321091 sequence=1006.454220
[epfl__arithmetic__max__max gpu4] [plan epfl__arithmetic__max__max] [plan] step=37 node=N6351 type=control1 reward_pred=70.149345 sequence=1076.603566
[epfl__arithmetic__max__max gpu4] [plan epfl__arithmetic__max__max] [plan] step=38 node=N6369 type=control1 reward_pred=73.054832 sequence=1149.658398
[epfl__arithmetic__max__max gpu4] [plan epfl__arithmetic__max__max] [plan] step=39 node=N6363 type=control1 reward_pred=76.037544 sequence=1225.695942
[epfl__arithmetic__max__max gpu4] [plan epfl__arithmetic__max__max] [plan] step=40 node=N6357 type=control1 reward_pred=79.103523 sequence=1304.799466
[epfl__arithmetic__max__max gpu4] [plan epfl__arithmetic__max__max] [plan] step=41 node=N6339 type=control1 reward_pred=82.255852 sequence=1387.055317
[epfl__arithmetic__max__max gpu4] [plan epfl__arithmetic__max__max] [plan] step=42 node=N6327 type=control1 reward_pred=85.499931 sequence=1472.555249
[epfl__arithmetic__max__max gpu4] [plan epfl__arithmetic__max__max] [plan] step=43 node=N6330 type=control1 reward_pred=88.836998 sequence=1561.392247
[epfl__arithmetic__max__max gpu4] [plan epfl__arithmetic__max__max] [plan] step=44 node=N6291 type=control1 reward_pred=92.264534 sequence=1653.656781
[epfl__arithmetic__max__max gpu4] [plan epfl__arithmetic__max__max] [plan] step=45 node=N6342 type=control1 reward_pred=95.783287 sequence=1749.440068
[epfl__arithmetic__max__max gpu4] [plan epfl__arithmetic__max__max] [plan] step=46 node=N6360 type=control1 reward_pred=99.395226 sequence=1848.835293
[epfl__arithmetic__max__max gpu4] [plan epfl__arithmetic__max__max] [plan] step=47 node=N6366 type=control1 reward_pred=103.098381 sequence=1951.933674
[epfl__arithmetic__max__max gpu4] [plan epfl__arithmetic__max__max] [plan] step=48 node=N6267 type=control1 reward_pred=106.897469 sequence=2058.831143
[epfl__arithmetic__max__max gpu4] [plan epfl__arithmetic__max__max] [plan] step=49 node=N6294 type=control1 reward_pred=110.800789 sequence=2169.631932
[epfl__arithmetic__max__max gpu4] [plan epfl__arithmetic__max__max] [plan] step=50 node=N6348 type=control1 reward_pred=114.811829 sequence=2284.443760
[epfl__arithmetic__max__max gpu4] [plan epfl__arithmetic__max__max] [plan] step=51 node=N6336 type=control1 reward_pred=118.927795 sequence=2403.371556
[epfl__arithmetic__max__max gpu4] [plan epfl__arithmetic__max__max] [plan] step=52 node=N6261 type=control1 reward_pred=123.156403 sequence=2526.527958
[epfl__arithmetic__max__max gpu4] [plan epfl__arithmetic__max__max] [plan] step=53 node=N6273 type=control1 reward_pred=127.494942 sequence=2654.022900
[epfl__arithmetic__max__max gpu4] [plan epfl__arithmetic__max__max] [plan] step=54 node=N6279 type=control1 reward_pred=131.941925 sequence=2785.964825
[epfl__arithmetic__max__max gpu4] [plan epfl__arithmetic__max__max] [plan] step=55 node=N6285 type=control1 reward_pred=136.510651 sequence=2922.475476
[epfl__arithmetic__max__max gpu4] [plan epfl__arithmetic__max__max] [plan] step=56 node=N6282 type=control1 reward_pred=141.203613 sequence=3063.679089
[epfl__arithmetic__max__max gpu4] [plan epfl__arithmetic__max__max] [plan] step=57 node=N6264 type=control1 reward_pred=146.029099 sequence=3209.708188
[epfl__arithmetic__max__max gpu4] [plan epfl__arithmetic__max__max] [plan] step=58 node=N6249 type=control1 reward_pred=150.988037 sequence=3360.696225
[epfl__arithmetic__max__max gpu4] [plan epfl__arithmetic__max__max] [plan] step=59 node=N6255 type=control1 reward_pred=156.079865 sequence=3516.776089
[epfl__arithmetic__max__max gpu4] [plan epfl__arithmetic__max__max] [plan] step=60 node=N6270 type=control1 reward_pred=161.311401 sequence=3678.087491
[epfl__arithmetic__max__max gpu4] [plan epfl__arithmetic__max__max] [plan] step=61 node=N6243 type=control1 reward_pred=166.680603 sequence=3844.768094
[epfl__arithmetic__max__max gpu4] [plan epfl__arithmetic__max__max] [plan] step=62 node=N6240 type=control1 reward_pred=172.195892 sequence=4016.963986
[epfl__arithmetic__max__max gpu4] [plan epfl__arithmetic__max__max] [plan] step=63 node=N6252 type=control1 reward_pred=177.860977 sequence=4194.824963
[epfl__arithmetic__max__max gpu4] [plan epfl__arithmetic__max__max] [plan] step=64 node=N6258 type=control1 reward_pred=183.673813 sequence=4378.498776
[epfl__arithmetic__max__max gpu4] [plan epfl__arithmetic__max__max] [plan] step=65 node=N6246 type=control1 reward_pred=189.643921 sequence=4568.142697
[epfl__arithmetic__max__max gpu4] [plan epfl__arithmetic__max__max] [plan] step=66 node=N6237 type=control1 reward_pred=195.775681 sequence=4763.918377
[epfl__arithmetic__max__max gpu4] [plan epfl__arithmetic__max__max] [plan] step=67 node=N6228 type=control1 reward_pred=202.074982 sequence=4965.993359
[epfl__arithmetic__max__max gpu4] [plan epfl__arithmetic__max__max] [plan] step=68 node=N6234 type=control1 reward_pred=208.546097 sequence=5174.539456
[epfl__arithmetic__max__max gpu4] [plan epfl__arithmetic__max__max] [plan] step=69 node=N6345 type=control0 reward_pred=215.134766 sequence=5389.674222
[epfl__arithmetic__max__max gpu4] [plan epfl__arithmetic__max__max] [plan] step=70 node=N6225 type=control1 reward_pred=221.969910 sequence=5611.644131
[epfl__arithmetic__max__max gpu4] [plan epfl__arithmetic__max__max] [plan] step=71 node=N6231 type=control1 reward_pred=228.983444 sequence=5840.627575
[epfl__arithmetic__max__max gpu4] [plan epfl__arithmetic__max__max] [plan] step=72 node=N6369 type=control0 reward_pred=236.126526 sequence=6076.754101
[epfl__arithmetic__max__max gpu4] [plan epfl__arithmetic__max__max] [plan] step=73 node=N6357 type=control0 reward_pred=243.471924 sequence=6320.226025
[epfl__arithmetic__max__max gpu4] [plan epfl__arithmetic__max__max] [plan] step=74 node=N6363 type=control0 reward_pred=251.019226 sequence=6571.245251
[epfl__arithmetic__max__max gpu4] [plan epfl__arithmetic__max__max] [plan] step=75 node=N6351 type=control0 reward_pred=258.770996 sequence=6830.016247
[epfl__arithmetic__max__max gpu4] [plan epfl__arithmetic__max__max] [plan] step=76 node=N6219 type=control1 reward_pred=266.790649 sequence=7096.806897
[epfl__arithmetic__max__max gpu4] [plan epfl__arithmetic__max__max] [plan] step=77 node=N6222 type=control1 reward_pred=275.017059 sequence=7371.823956
[epfl__arithmetic__max__max gpu4] [plan epfl__arithmetic__max__max] [plan] step=78 node=N6216 type=control1 reward_pred=283.461578 sequence=7655.285534
[epfl__arithmetic__max__max gpu4] [plan epfl__arithmetic__max__max] [plan] step=79 node=N6288 type=control0 reward_pred=292.072968 sequence=7947.358502
[epfl__arithmetic__max__max gpu4] [plan epfl__arithmetic__max__max] [plan] step=80 node=N6333 type=control0 reward_pred=300.925812 sequence=8248.284314
[epfl__arithmetic__max__max gpu4] [plan epfl__arithmetic__max__max] [plan] step=81 node=N6267 type=control0 reward_pred=310.020660 sequence=8558.304974
[epfl__arithmetic__max__max gpu4] [plan epfl__arithmetic__max__max] [plan] step=82 node=N6213 type=control1 reward_pred=319.420441 sequence=8877.725415
[epfl__arithmetic__max__max gpu4] [plan epfl__arithmetic__max__max] [plan] step=83 node=N6339 type=control0 reward_pred=329.005157 sequence=9206.730572
[epfl__arithmetic__max__max gpu4] [plan epfl__arithmetic__max__max] [plan] step=84 node=N6204 type=control1 reward_pred=338.914001 sequence=9545.644574
[epfl__arithmetic__max__max gpu4] [plan epfl__arithmetic__max__max] [plan] step=85 node=N6210 type=control1 reward_pred=349.083160 sequence=9894.727734
[epfl__arithmetic__max__max gpu4] [plan epfl__arithmetic__max__max] [plan] step=86 node=N6201 type=control1 reward_pred=359.526031 sequence=10254.253766
[epfl__arithmetic__max__max gpu4] [plan epfl__arithmetic__max__max] [plan] step=87 node=N6207 type=control1 reward_pred=370.247284 sequence=10624.501050
[epfl__arithmetic__max__max gpu4] [plan epfl__arithmetic__max__max] [plan] step=88 node=N6297 type=control0 reward_pred=381.196442 sequence=11005.697491
[epfl__arithmetic__max__max gpu4] [plan epfl__arithmetic__max__max] [plan] step=89 node=N6354 type=control0 reward_pred=392.450989 sequence=11398.148480
[epfl__arithmetic__max__max gpu4] [plan epfl__arithmetic__max__max] [plan] step=90 node=N6327 type=control0 reward_pred=404.012665 sequence=11802.161145
[epfl__arithmetic__max__max gpu4] [plan epfl__arithmetic__max__max] [plan] step=91 node=N6261 type=control0 reward_pred=415.886749 sequence=12218.047894
[epfl__arithmetic__max__max gpu4] [plan epfl__arithmetic__max__max] [plan] step=92 node=N6192 type=control1 reward_pred=428.138489 sequence=12646.186383
[epfl__arithmetic__max__max gpu4] [plan epfl__arithmetic__max__max] [plan] step=93 node=N6198 type=control1 reward_pred=440.711395 sequence=13086.897778
[epfl__arithmetic__max__max gpu4] [plan epfl__arithmetic__max__max] [plan] step=94 node=N6195 type=control1 reward_pred=453.619904 sequence=13540.517682
[epfl__arithmetic__max__max gpu4] [plan epfl__arithmetic__max__max] saved=autoresearch/eval8-rest7-hybrid-recall-k96-realfault-Bonly-300k-260702-233920/epfl__arithmetic__max__max/B_world_rerank/plans/epfl__arithmetic__max__max__greedy__cumulative__reward_pred__bw1__d1__c96__g1p0__candheuristic_recall_pool__div0p0__s0.csv
[epfl__arithmetic__max__max gpu4] [gmean] 2026-07-02T23:43:42 [1/1] plan_done benchmark=epfl__arithmetic__max__max plan_sec=261.443 plan_csv=autoresearch/eval8-rest7-hybrid-recall-k96-realfault-Bonly-300k-260702-233920/epfl__arithmetic__max__max/B_world_rerank/plans/epfl__arithmetic__max__max__greedy__cumulative__reward_pred__bw1__d1__c96__g1p0__candheuristic_recall_pool__div0p0__s0.csv
[epfl__arithmetic__max__max gpu4] [gmean] 2026-07-02T23:43:42 [1/1] eval_start benchmark=epfl__arithmetic__max__max backend=atalanta-bist patterns=300000
[epfl__arithmetic__max__max gpu4] [eval epfl__arithmetic__max__max] {
[epfl__arithmetic__max__max gpu4] [eval epfl__arithmetic__max__max]   "records": 2,
[epfl__arithmetic__max__max gpu4] [eval epfl__arithmetic__max__max]   "labels_csv": "autoresearch/eval8-rest7-hybrid-recall-k96-realfault-Bonly-300k-260702-233920/epfl__arithmetic__max__max/B_world_rerank/evals/epfl__arithmetic__max__max__greedy__cumulative__reward_pred__bw1__d1__c96__g1p0__candheuristic_recall_pool__div0p0__s0/labels.csv",
[epfl__arithmetic__max__max gpu4] [eval epfl__arithmetic__max__max]   "summary_json": "autoresearch/eval8-rest7-hybrid-recall-k96-realfault-Bonly-300k-260702-233920/epfl__arithmetic__max__max/B_world_rerank/evals/epfl__arithmetic__max__max__greedy__cumulative__reward_pred__bw1__d1__c96__g1p0__candheuristic_recall_pool__div0p0__s0/summary.json"
[epfl__arithmetic__max__max gpu4] [eval epfl__arithmetic__max__max] }
[epfl__arithmetic__max__max gpu4] [gmean] 2026-07-02T23:43:43 [1/1] eval_done benchmark=epfl__arithmetic__max__max delta_tc=0.11310999999999993 plan_sec=261.443 eval_sec=1.052 total_sec=262.497
[epfl__arithmetic__max__max gpu4] [gmean] 2026-07-02T23:43:43 variant_done id=greedy__cumulative__reward_pred__bw1__d1__c96__g1p0__candheuristic_recall_pool__div0p0__s0 status=ok macro=0.11310999999999993 positives=1 negatives=0 elapsed=262.497
[launcher] done benchmark=epfl__arithmetic__max__max status=0 log=autoresearch/eval8-rest7-hybrid-recall-k96-realfault-Bonly-300k-260702-233920/logs/epfl__arithmetic__max__max.log
[iscas99__b20 gpu1] [plan iscas99__b20] [plan] step=1 node=N1761 type=observe reward_pred=0.195153 sequence=0.195153
[iscas99__b20 gpu1] [plan iscas99__b20] [plan] step=2 node=N31900 type=observe reward_pred=0.236878 sequence=0.432031
[iscas99__b20 gpu1] [plan iscas99__b20] [plan] step=3 node=N22862 type=observe reward_pred=0.268383 sequence=0.700414
[iscas99__b20 gpu1] [plan iscas99__b20] [plan] step=4 node=N12535 type=observe reward_pred=0.299271 sequence=0.999685
[iscas99__b20 gpu1] [plan iscas99__b20] [plan] step=5 node=N31894 type=observe reward_pred=0.316260 sequence=1.315945
[iscas99__b20 gpu1] [plan iscas99__b20] [plan] step=6 node=N20903 type=observe reward_pred=0.660213 sequence=1.976159
[iscas99__b20 gpu1] [plan iscas99__b20] [plan] step=7 node=N1670 type=observe reward_pred=1.274307 sequence=3.250466
[iscas99__b20 gpu1] [plan iscas99__b20] [plan] step=8 node=N31921 type=observe reward_pred=1.680556 sequence=4.931022
[iscas99__b20 gpu1] [plan iscas99__b20] [plan] step=9 node=N22488 type=observe reward_pred=2.322808 sequence=7.253830
[iscas99__b20 gpu1] [plan iscas99__b20] [plan] step=10 node=N22483 type=observe reward_pred=4.088043 sequence=11.341873
[iscas99__b20 gpu1] [plan iscas99__b20] [plan] step=11 node=N20905 type=observe reward_pred=5.580261 sequence=16.922134
[iscas99__b20 gpu1] [plan iscas99__b20] [plan] step=12 node=N31822 type=observe reward_pred=7.554802 sequence=24.476936
[iscas99__b20 gpu1] [plan iscas99__b20] [plan] step=13 node=N31915 type=observe reward_pred=9.737187 sequence=34.214124
[iscas99__b20 gpu1] [plan iscas99__b20] [plan] step=14 node=N33397 type=observe reward_pred=12.015574 sequence=46.229698
[iscas99__b20 gpu1] [plan iscas99__b20] [plan] step=15 node=N31828 type=observe reward_pred=14.888797 sequence=61.118495
[iscas99__b20 gpu1] [plan iscas99__b20] [plan] step=16 node=N1662 type=observe reward_pred=17.784945 sequence=78.903440
[iscas99__b20 gpu1] [plan iscas99__b20] [plan] step=17 node=N26030 type=observe reward_pred=20.575975 sequence=99.479415
[iscas99__b20 gpu1] [plan iscas99__b20] [plan] step=18 node=N20910 type=observe reward_pred=23.243120 sequence=122.722535
[iscas99__b20 gpu1] [plan iscas99__b20] [plan] step=19 node=N12531 type=observe reward_pred=25.214659 sequence=147.937194
[iscas99__b20 gpu1] [plan iscas99__b20] [plan] step=20 node=N33408 type=observe reward_pred=26.855005 sequence=174.792199
[iscas99__b20 gpu1] [plan iscas99__b20] [plan] step=21 node=N23524 type=observe reward_pred=28.664873 sequence=203.457072
[iscas99__b20 gpu1] [plan iscas99__b20] [plan] step=22 node=N1435 type=observe reward_pred=30.767912 sequence=234.224984
[iscas99__b20 gpu1] [plan iscas99__b20] [plan] step=23 node=N1440 type=observe reward_pred=33.138691 sequence=267.363675
[iscas99__b20 gpu1] [plan iscas99__b20] [plan] step=24 node=N5049 type=observe reward_pred=34.794247 sequence=302.157922
[iscas99__b20 gpu1] [plan iscas99__b20] [plan] step=25 node=N1911 type=observe reward_pred=36.667980 sequence=338.825902
[iscas99__b20 gpu1] [plan iscas99__b20] [plan] step=26 node=N1248 type=control1 reward_pred=38.397778 sequence=377.223680
[iscas99__b20 gpu1] [plan iscas99__b20] [plan] step=27 node=N41470 type=observe reward_pred=40.254898 sequence=417.478578
[iscas99__b20 gpu1] [plan iscas99__b20] [plan] step=28 node=N41471 type=observe reward_pred=42.168633 sequence=459.647210
[iscas99__b20 gpu1] [plan iscas99__b20] [plan] step=29 node=N3486 type=control0 reward_pred=44.182953 sequence=503.830163
[iscas99__b20 gpu1] [plan iscas99__b20] [plan] step=30 node=N1911 type=control1 reward_pred=46.340878 sequence=550.171041
[iscas99__b20 gpu1] [plan iscas99__b20] [plan] step=31 node=N44357 type=observe reward_pred=48.534889 sequence=598.705930
[iscas99__b20 gpu1] [plan iscas99__b20] [plan] step=32 node=N23532 type=control1 reward_pred=50.716011 sequence=649.421941
[iscas99__b20 gpu1] [plan iscas99__b20] [plan] step=33 node=N44389 type=observe reward_pred=52.999901 sequence=702.421842
[iscas99__b20 gpu1] [plan iscas99__b20] [plan] step=34 node=N42225 type=observe reward_pred=55.302933 sequence=757.724774
[iscas99__b20 gpu1] [plan iscas99__b20] [plan] step=35 node=N24374 type=observe reward_pred=58.158524 sequence=815.883298
[iscas99__b20 gpu1] [plan iscas99__b20] [plan] step=36 node=N41472 type=observe reward_pred=60.550808 sequence=876.434106
[iscas99__b20 gpu1] [plan iscas99__b20] [plan] step=37 node=N42224 type=observe reward_pred=63.043720 sequence=939.477826
[iscas99__b20 gpu1] [plan iscas99__b20] [plan] step=38 node=N44358 type=observe reward_pred=65.605431 sequence=1005.083257
[iscas99__b20 gpu1] [plan iscas99__b20] [plan] step=39 node=N3485 type=control0 reward_pred=68.481476 sequence=1073.564733
[iscas99__b20 gpu1] [plan iscas99__b20] [plan] step=40 node=N44363 type=observe reward_pred=71.205490 sequence=1144.770223
[iscas99__b20 gpu1] [plan iscas99__b20] [plan] step=41 node=N20730 type=observe reward_pred=74.430916 sequence=1219.201139
[iscas99__b20 gpu1] [plan iscas99__b20] [plan] step=42 node=N20739 type=observe reward_pred=77.679039 sequence=1296.880178
[iscas99__b20 gpu1] [plan iscas99__b20] [plan] step=43 node=N1248 type=control0 reward_pred=80.598717 sequence=1377.478894
[iscas99__b20 gpu1] [plan iscas99__b20] [plan] step=44 node=N44367 type=observe reward_pred=83.658127 sequence=1461.137021
[iscas99__b20 gpu1] [plan iscas99__b20] [plan] step=45 node=N44375 type=observe reward_pred=86.804726 sequence=1547.941747
[iscas99__b20 gpu1] [plan iscas99__b20] [plan] step=46 node=N3486 type=control1 reward_pred=90.762032 sequence=1638.703778
[iscas99__b20 gpu1] [plan iscas99__b20] [plan] step=47 node=N827 type=control1 reward_pred=94.963493 sequence=1733.667272
[iscas99__b20 gpu1] [plan iscas99__b20] [plan] step=48 node=N3485 type=control1 reward_pred=98.816917 sequence=1832.484189
[iscas99__b20 gpu1] [plan iscas99__b20] [plan] step=49 node=N44362 type=observe reward_pred=102.283714 sequence=1934.767903
[iscas99__b20 gpu1] [plan iscas99__b20] [plan] step=50 node=N44365 type=observe reward_pred=105.906525 sequence=2040.674428
[iscas99__b20 gpu1] [plan iscas99__b20] [plan] step=51 node=N44370 type=observe reward_pred=109.652977 sequence=2150.327405
[iscas99__b20 gpu1] [plan iscas99__b20] [plan] step=52 node=N1722 type=control0 reward_pred=113.552773 sequence=2263.880178
[iscas99__b20 gpu1] [plan iscas99__b20] [plan] step=53 node=N44373 type=observe reward_pred=117.543709 sequence=2381.423886
[iscas99__b20 gpu1] [plan iscas99__b20] [plan] step=54 node=N44359 type=observe reward_pred=121.629677 sequence=2503.053563
[iscas99__b20 gpu1] [plan iscas99__b20] [plan] step=55 node=N44374 type=observe reward_pred=125.821892 sequence=2628.875455
[iscas99__b20 gpu1] [plan iscas99__b20] [plan] step=56 node=N44377 type=observe reward_pred=130.128906 sequence=2759.004361
[iscas99__b20 gpu1] [plan iscas99__b20] [plan] step=57 node=N44382 type=observe reward_pred=134.553467 sequence=2893.557828
[iscas99__b20 gpu1] [plan iscas99__b20] [plan] step=58 node=N44380 type=observe reward_pred=139.102753 sequence=3032.660581
[iscas99__b20 gpu1] [plan iscas99__b20] [plan] step=59 node=N44384 type=observe reward_pred=143.816818 sequence=3176.477399
[iscas99__b20 gpu1] [plan iscas99__b20] [plan] step=60 node=N1911 type=control0 reward_pred=148.691498 sequence=3325.168897
[iscas99__b20 gpu1] [plan iscas99__b20] [plan] step=61 node=N44386 type=observe reward_pred=153.719208 sequence=3478.888104
[iscas99__b20 gpu1] [plan iscas99__b20] [plan] step=62 node=N44388 type=observe reward_pred=158.855957 sequence=3637.744061
[iscas99__b20 gpu1] [plan iscas99__b20] [plan] step=63 node=N44376 type=observe reward_pred=164.114136 sequence=3801.858197
[iscas99__b20 gpu1] [plan iscas99__b20] [plan] step=64 node=N44368 type=observe reward_pred=169.512360 sequence=3971.370557
[iscas99__b20 gpu1] [plan iscas99__b20] [plan] step=65 node=N23532 type=control0 reward_pred=175.079712 sequence=4146.450269
[iscas99__b20 gpu1] [plan iscas99__b20] [plan] step=66 node=N44371 type=observe reward_pred=180.796936 sequence=4327.247205
[iscas99__b20 gpu1] [plan iscas99__b20] [plan] step=67 node=N44360 type=observe reward_pred=186.662720 sequence=4513.909925
[iscas99__b20 gpu1] [plan iscas99__b20] [plan] step=68 node=N44366 type=observe reward_pred=192.680359 sequence=4706.590283
[iscas99__b20 gpu1] [plan iscas99__b20] [plan] step=69 node=N44372 type=observe reward_pred=198.859726 sequence=4905.450009
[iscas99__b20 gpu1] [plan iscas99__b20] [plan] step=70 node=N44378 type=observe reward_pred=205.205811 sequence=5110.655820
[iscas99__b20 gpu1] [plan iscas99__b20] [plan] step=71 node=N44387 type=observe reward_pred=211.721024 sequence=5322.376843
[iscas99__b20 gpu1] [plan iscas99__b20] [plan] step=72 node=N44385 type=observe reward_pred=218.415558 sequence=5540.792401
[iscas99__b20 gpu1] [plan iscas99__b20] [plan] step=73 node=N44381 type=observe reward_pred=225.293716 sequence=5766.086118
[iscas99__b20 gpu1] [plan iscas99__b20] [plan] step=74 node=N44369 type=observe reward_pred=232.356705 sequence=5998.442822
[iscas99__b20 gpu1] [plan iscas99__b20] [plan] step=75 node=N24729 type=observe reward_pred=218.339523 sequence=6216.782346
[iscas99__b20 gpu1] [plan iscas99__b20] [plan] step=76 node=N22765 type=observe reward_pred=207.195679 sequence=6423.978024
[iscas99__b20 gpu1] [plan iscas99__b20] [plan] step=77 node=N24373 type=observe reward_pred=197.291840 sequence=6621.269864
[iscas99__b20 gpu1] [plan iscas99__b20] [plan] step=78 node=N30908 type=observe reward_pred=189.278732 sequence=6810.548596
[iscas99__b20 gpu1] [plan iscas99__b20] [plan] step=79 node=N33388 type=observe reward_pred=181.686829 sequence=6992.235425
[iscas99__b20 gpu1] [plan iscas99__b20] [plan] step=80 node=N22868 type=observe reward_pred=174.921463 sequence=7167.156888
[iscas99__b20 gpu1] [plan iscas99__b20] [plan] step=81 node=N30846 type=observe reward_pred=168.663071 sequence=7335.819959
[iscas99__b20 gpu1] [plan iscas99__b20] [plan] step=82 node=N30822 type=observe reward_pred=163.219055 sequence=7499.039014
[iscas99__b20 gpu1] [plan iscas99__b20] [plan] step=83 node=N24948 type=observe reward_pred=157.845032 sequence=7656.884046
[iscas99__b20 gpu1] [plan iscas99__b20] [plan] step=84 node=N24916 type=observe reward_pred=153.226517 sequence=7810.110562
[iscas99__b20 gpu1] [plan iscas99__b20] [plan] step=85 node=N24884 type=observe reward_pred=149.286591 sequence=7959.397153
[iscas99__b20 gpu1] [plan iscas99__b20] [plan] step=86 node=N24836 type=observe reward_pred=146.104736 sequence=8105.501889
[iscas99__b20 gpu1] [plan iscas99__b20] [plan] step=87 node=N24804 type=observe reward_pred=143.971512 sequence=8249.473401
[iscas99__b20 gpu1] [plan iscas99__b20] [plan] step=88 node=N24764 type=observe reward_pred=142.385376 sequence=8391.858777
[iscas99__b20 gpu1] [plan iscas99__b20] [plan] step=89 node=N24740 type=observe reward_pred=141.274887 sequence=8533.133664
[iscas99__b20 gpu1] [plan iscas99__b20] [plan] step=90 node=N24932 type=observe reward_pred=140.595901 sequence=8673.729566
[iscas99__b20 gpu1] [plan iscas99__b20] [plan] step=91 node=N827 type=control0 reward_pred=147.698380 sequence=8821.427945
[iscas99__b20 gpu1] [plan iscas99__b20] [plan] step=92 node=N44164 type=control0 reward_pred=153.536621 sequence=8974.964566
[iscas99__b20 gpu1] [plan iscas99__b20] [plan] step=93 node=N24720 type=observe reward_pred=158.898712 sequence=9133.863278
[iscas99__b20 gpu1] [plan iscas99__b20] [plan] step=94 node=N24900 type=observe reward_pred=155.822601 sequence=9289.685880
[iscas99__b20 gpu1] [plan iscas99__b20] [plan] step=95 node=N24860 type=observe reward_pred=154.531006 sequence=9444.216886
[iscas99__b20 gpu1] [plan iscas99__b20] [plan] step=96 node=N24828 type=observe reward_pred=154.215195 sequence=9598.432080
[iscas99__b20 gpu1] [plan iscas99__b20] [plan] step=97 node=N1722 type=control1 reward_pred=161.673264 sequence=9760.105344
[iscas99__b20 gpu1] [plan iscas99__b20] [plan] step=98 node=N25257 type=control1 reward_pred=168.181778 sequence=9928.287122
[iscas99__b20 gpu1] [plan iscas99__b20] [plan] step=99 node=N12532 type=observe reward_pred=168.297485 sequence=10096.584607
[iscas99__b20 gpu1] [plan iscas99__b20] [plan] step=100 node=N12536 type=observe reward_pred=167.594849 sequence=10264.179456
[iscas99__b20 gpu1] [plan iscas99__b20] [plan] step=101 node=N25080 type=control0 reward_pred=167.793518 sequence=10431.972974
[iscas99__b20 gpu1] [plan iscas99__b20] [plan] step=102 node=N25080 type=control1 reward_pred=168.768387 sequence=10600.741361
[iscas99__b20 gpu1] [plan iscas99__b20] [plan] step=103 node=N24844 type=observe reward_pred=169.755798 sequence=10770.497159
[iscas99__b20 gpu1] [plan iscas99__b20] [plan] step=104 node=N24780 type=observe reward_pred=171.338913 sequence=10941.836072
[iscas99__b20 gpu1] [plan iscas99__b20] [plan] step=105 node=N44164 type=control1 reward_pred=178.935410 sequence=11120.771482
[iscas99__b20 gpu1] [plan iscas99__b20] [plan] step=106 node=N31927 type=observe reward_pred=185.213425 sequence=11305.984906
[iscas99__b20 gpu1] [plan iscas99__b20] [plan] step=107 node=N31912 type=observe reward_pred=191.199860 sequence=11497.184766
[iscas99__b20 gpu1] [plan iscas99__b20] [plan] step=108 node=N31924 type=observe reward_pred=197.632492 sequence=11694.817258
[iscas99__b20 gpu1] [plan iscas99__b20] [plan] step=109 node=N3487 type=control0 reward_pred=203.952286 sequence=11898.769544
[iscas99__b20 gpu1] [plan iscas99__b20] [plan] step=110 node=N3487 type=control1 reward_pred=210.782776 sequence=12109.552320
[iscas99__b20 gpu1] [plan iscas99__b20] [plan] step=111 node=N828 type=control1 reward_pred=217.924057 sequence=12327.476377
[iscas99__b20 gpu1] [plan iscas99__b20] [plan] step=112 node=N20729 type=observe reward_pred=225.072464 sequence=12552.548841
[iscas99__b20 gpu1] [plan iscas99__b20] [plan] step=113 node=N20738 type=observe reward_pred=232.400269 sequence=12784.949109
[iscas99__b20 gpu1] [plan iscas99__b20] [plan] step=114 node=N44348 type=control0 reward_pred=239.605103 sequence=13024.554212
[iscas99__b20 gpu1] [plan iscas99__b20] [plan] step=115 node=N23496 type=control1 reward_pred=247.408127 sequence=13271.962338
[iscas99__b20 gpu1] [plan iscas99__b20] [plan] step=116 node=N44354 type=control0 reward_pred=255.011063 sequence=13526.973401
[iscas99__b20 gpu1] [plan iscas99__b20] [plan] step=117 node=N31923 type=observe reward_pred=256.490723 sequence=13783.464124
[iscas99__b20 gpu1] [plan iscas99__b20] [plan] step=118 node=N24748 type=observe reward_pred=255.269455 sequence=14038.733579
[iscas99__b20 gpu1] [plan iscas99__b20] [plan] step=119 node=N44129 type=control0 reward_pred=264.976868 sequence=14303.710446
[iscas99__b20 gpu1] [plan iscas99__b20] [plan] step=120 node=N24795 type=observe reward_pred=271.427826 sequence=14575.138272
[iscas99__b20 gpu1] [plan iscas99__b20] [plan] step=121 node=N24717 type=observe reward_pred=270.526550 sequence=14845.664823
[iscas99__b20 gpu1] [plan iscas99__b20] [plan] step=122 node=N31839 type=observe reward_pred=271.475006 sequence=15117.139829
[iscas99__b20 gpu1] [plan iscas99__b20] [plan] step=123 node=N24892 type=observe reward_pred=273.366943 sequence=15390.506772
[iscas99__b20 gpu1] [plan iscas99__b20] [plan] step=124 node=N24924 type=observe reward_pred=275.906189 sequence=15666.412961
[iscas99__b20 gpu1] [plan iscas99__b20] [plan] step=125 node=N24940 type=observe reward_pred=279.081268 sequence=15945.494229
[iscas99__b20 gpu1] [plan iscas99__b20] [plan] step=126 node=N25714 type=observe reward_pred=289.230347 sequence=16234.724576
[iscas99__b20 gpu1] [plan iscas99__b20] [plan] step=127 node=N24868 type=observe reward_pred=291.576843 sequence=16526.301419
[iscas99__b20 gpu1] [plan iscas99__b20] [plan] step=128 node=N24820 type=observe reward_pred=295.073792 sequence=16821.375211
[iscas99__b20 gpu1] [plan iscas99__b20] [plan] step=129 node=N24772 type=observe reward_pred=299.373413 sequence=17120.748624
[iscas99__b20 gpu1] [plan iscas99__b20] [plan] step=130 node=N2534 type=observe reward_pred=310.250824 sequence=17430.999448
[iscas99__b20 gpu1] [plan iscas99__b20] [plan] step=131 node=N24728 type=observe reward_pred=313.987579 sequence=17744.987027
[iscas99__b20 gpu1] [plan iscas99__b20] [plan] step=132 node=N12537 type=observe reward_pred=324.895569 sequence=18069.882596
[iscas99__b20 gpu1] [plan iscas99__b20] [plan] step=133 node=N25256 type=control1 reward_pred=335.421539 sequence=18405.304135
[iscas99__b20 gpu1] [plan iscas99__b20] [plan] step=134 node=N22609 type=observe reward_pred=345.813812 sequence=18751.117948
[iscas99__b20 gpu1] [plan iscas99__b20] [plan] step=135 node=N44348 type=control1 reward_pred=356.420532 sequence=19107.538480
[iscas99__b20 gpu1] [plan iscas99__b20] [plan] step=136 node=N44354 type=control1 reward_pred=367.242493 sequence=19474.780972
[iscas99__b20 gpu1] [plan iscas99__b20] [plan] step=137 node=N44129 type=control1 reward_pred=378.297760 sequence=19853.078733
[iscas99__b20 gpu1] [plan iscas99__b20] [plan] step=138 node=N828 type=control0 reward_pred=389.223785 sequence=20242.302518
[iscas99__b20 gpu1] [plan iscas99__b20] [plan] step=139 node=N24788 type=observe reward_pred=391.798676 sequence=20634.101193
[iscas99__b20 gpu1] [plan iscas99__b20] [plan] step=140 node=N23496 type=control0 reward_pred=404.594818 sequence=21038.696012
[iscas99__b20 gpu1] [plan iscas99__b20] [plan] step=141 node=N24852 type=observe reward_pred=408.752350 sequence=21447.448361
[iscas99__b20 gpu1] [plan iscas99__b20] [plan] step=142 node=N56766 type=observe reward_pred=422.279663 sequence=21869.728024
[iscas99__b20 gpu1] [plan iscas99__b20] [plan] step=143 node=N24812 type=observe reward_pred=425.860687 sequence=22295.588712
[iscas99__b20 gpu1] [plan iscas99__b20] [plan] step=144 node=N23520 type=control1 reward_pred=440.221344 sequence=22735.810056
[iscas99__b20 gpu1] [plan iscas99__b20] [plan] step=145 node=N1238 type=control0 reward_pred=453.213409 sequence=23189.023465
[iscas99__b20 gpu1] [plan iscas99__b20] [plan] step=146 node=N23522 type=control1 reward_pred=466.945343 sequence=23655.968808
[iscas99__b20 gpu1] [plan iscas99__b20] [plan] step=147 node=N22523 type=observe reward_pred=469.937347 sequence=24125.906156
[iscas99__b20 gpu1] [plan iscas99__b20] [plan] step=148 node=N22582 type=observe reward_pred=475.534912 sequence=24601.441068
[iscas99__b20 gpu1] [plan iscas99__b20] [plan] step=149 node=N25239 type=observe reward_pred=478.772125 sequence=25080.213193
[iscas99__b20 gpu1] [plan iscas99__b20] [plan] step=150 node=N1170 type=control0 reward_pred=495.535614 sequence=25575.748807
[iscas99__b20 gpu1] [plan iscas99__b20] [plan] step=151 node=N54204 type=control0 reward_pred=510.578156 sequence=26086.326962
[iscas99__b20 gpu1] [plan iscas99__b20] [plan] step=152 node=N25257 type=control0 reward_pred=525.547546 sequence=26611.874509
[iscas99__b20 gpu1] [plan iscas99__b20] [plan] step=153 node=N44361 type=observe reward_pred=526.383789 sequence=27138.258298
[iscas99__b20 gpu1] [plan iscas99__b20] [plan] step=154 node=N54092 type=control1 reward_pred=544.295593 sequence=27682.553891
[iscas99__b20 gpu1] [plan iscas99__b20] [plan] step=155 node=N33373 type=observe reward_pred=546.420776 sequence=28228.974668
[iscas99__b20 gpu1] [plan iscas99__b20] [plan] step=156 node=N23714 type=observe reward_pred=551.217529 sequence=28780.192197
[iscas99__b20 gpu1] [plan iscas99__b20] [plan] step=157 node=N25256 type=control0 reward_pred=570.291077 sequence=29350.483274
[iscas99__b20 gpu1] [plan iscas99__b20] [plan] step=158 node=N23715 type=observe reward_pred=569.635681 sequence=29920.118955
[iscas99__b20 gpu1] [plan iscas99__b20] [plan] step=159 node=N54092 type=control0 reward_pred=589.465027 sequence=30509.583982
[iscas99__b20 gpu1] [plan iscas99__b20] [plan] step=160 node=N20625 type=control1 reward_pred=607.842957 sequence=31117.426938
[iscas99__b20 gpu1] [plan iscas99__b20] [plan] step=161 node=N56767 type=observe reward_pred=606.963806 sequence=31724.390744
[iscas99__b20 gpu1] [plan iscas99__b20] [plan] step=162 node=N31909 type=observe reward_pred=628.016235 sequence=32352.406980
[iscas99__b20 gpu1] [plan iscas99__b20] [plan] step=163 node=N46076 type=observe reward_pred=626.548035 sequence=32978.955014
[iscas99__b20 gpu1] [plan iscas99__b20] [plan] step=164 node=N9057 type=observe reward_pred=629.767334 sequence=33608.722348
[iscas99__b20 gpu1] [plan iscas99__b20] [plan] step=165 node=N12932 type=observe reward_pred=635.967102 sequence=34244.689450
[iscas99__b20 gpu1] [plan iscas99__b20] [plan] step=166 node=N13432 type=observe reward_pred=644.006287 sequence=34888.695737
[iscas99__b20 gpu1] [plan iscas99__b20] [plan] step=167 node=N19994 type=observe reward_pred=653.194519 sequence=35541.890256
[iscas99__b20 gpu1] [plan iscas99__b20] [plan] step=168 node=N17085 type=observe reward_pred=663.618408 sequence=36205.508664
[iscas99__b20 gpu1] [plan iscas99__b20] [plan] step=169 node=N17588 type=observe reward_pred=675.059326 sequence=36880.567990
[iscas99__b20 gpu1] [plan iscas99__b20] [plan] step=170 node=N18089 type=observe reward_pred=687.311340 sequence=37567.879331
[iscas99__b20 gpu1] [plan iscas99__b20] [plan] step=171 node=N16706 type=observe reward_pred=700.066406 sequence=38267.945737
[iscas99__b20 gpu1] [plan iscas99__b20] [plan] step=172 node=N13932 type=observe reward_pred=713.669006 sequence=38981.614743
[iscas99__b20 gpu1] [plan iscas99__b20] [plan] step=173 node=N11008 type=observe reward_pred=726.370728 sequence=39707.985471
[iscas99__b20 gpu1] [plan iscas99__b20] [plan] step=174 node=N9063 type=observe reward_pred=737.947510 sequence=40445.932981
[iscas99__b20 gpu1] [plan iscas99__b20] [plan] step=175 node=N12938 type=observe reward_pred=751.171692 sequence=41197.104672
[iscas99__b20 gpu1] [plan iscas99__b20] [plan] step=176 node=N13438 type=observe reward_pred=765.615417 sequence=41962.720090
[iscas99__b20 gpu1] [plan iscas99__b20] [plan] step=177 node=N20000 type=observe reward_pred=780.609070 sequence=42743.329160
[iscas99__b20 gpu1] [plan iscas99__b20] [plan] step=178 node=N17091 type=observe reward_pred=796.674622 sequence=43540.003781
[iscas99__b20 gpu1] [plan iscas99__b20] [plan] step=179 node=N17594 type=observe reward_pred=813.666138 sequence=44353.669919
[iscas99__b20 gpu1] [plan iscas99__b20] [plan] step=180 node=N18568 type=observe reward_pred=838.168762 sequence=45191.838681
[iscas99__b20 gpu1] [plan iscas99__b20] [plan] step=181 node=N18538 type=observe reward_pred=862.221252 sequence=46054.059934
[iscas99__b20 gpu1] [plan iscas99__b20] [plan] step=182 node=N18095 type=observe reward_pred=878.722046 sequence=46932.781980
[iscas99__b20 gpu1] [plan iscas99__b20] [plan] step=183 node=N13938 type=observe reward_pred=896.735596 sequence=47829.517575
[iscas99__b20 gpu1] [plan iscas99__b20] [plan] step=184 node=N22602 type=observe reward_pred=914.956299 sequence=48744.473874
[iscas99__b20 gpu1] [plan iscas99__b20] [plan] step=185 node=N1238 type=control1 reward_pred=944.121155 sequence=49688.595029
[iscas99__b20 gpu1] [plan iscas99__b20] [plan] step=186 node=N31857 type=observe reward_pred=971.528625 sequence=50660.123654
[iscas99__b20 gpu1] [plan iscas99__b20] [plan] step=187 node=N31910 type=observe reward_pred=999.108276 sequence=51659.231931
[iscas99__b20 gpu1] [plan iscas99__b20] [plan] step=188 node=N31914 type=observe reward_pred=1027.306152 sequence=52686.538083
[iscas99__b20 gpu1] [plan iscas99__b20] [plan] step=189 node=N12533 type=observe reward_pred=1056.328735 sequence=53742.866818
[iscas99__b20 gpu1] [plan iscas99__b20] [plan] step=190 node=N12534 type=observe reward_pred=1085.970093 sequence=54828.836911
[iscas99__b20 gpu1] [plan iscas99__b20] [plan] step=191 node=N31860 type=observe reward_pred=1116.323486 sequence=55945.160398
[iscas99__b20 gpu1] [plan iscas99__b20] [plan] step=192 node=N31861 type=observe reward_pred=1147.100708 sequence=57092.261106
[iscas99__b20 gpu1] [plan iscas99__b20] [plan] step=193 node=N31862 type=observe reward_pred=1179.133667 sequence=58271.394773
[iscas99__b20 gpu1] [plan iscas99__b20] [plan] step=194 node=N31864 type=observe reward_pred=1211.857666 sequence=59483.252439
[iscas99__b22 gpu2] [plan iscas99__b22] [plan] step=1 node=N30655 type=observe reward_pred=0.171178 sequence=0.171178
[iscas99__b22 gpu2] [plan iscas99__b22] [plan] step=2 node=N14399 type=observe reward_pred=0.218292 sequence=0.389470
[iscas99__b22 gpu2] [plan iscas99__b22] [plan] step=3 node=N30654 type=observe reward_pred=0.258054 sequence=0.647524
[iscas99__b22 gpu2] [plan iscas99__b22] [plan] step=4 node=N1996 type=observe reward_pred=0.286093 sequence=0.933617
[iscas99__b22 gpu2] [plan iscas99__b22] [plan] step=5 node=N30662 type=observe reward_pred=0.324541 sequence=1.258158
[iscas99__b22 gpu2] [plan iscas99__b22] [plan] step=6 node=N30653 type=observe reward_pred=1.371152 sequence=2.629310
[iscas99__b22 gpu2] [plan iscas99__b22] [plan] step=7 node=N30663 type=observe reward_pred=2.197834 sequence=4.827145
[iscas99__b22 gpu2] [plan iscas99__b22] [plan] step=8 node=N14441 type=observe reward_pred=3.423133 sequence=8.250278
[iscas99__b22 gpu2] [plan iscas99__b22] [plan] step=9 node=N44348 type=observe reward_pred=5.464996 sequence=13.715274
[iscas99__b22 gpu2] [plan iscas99__b22] [plan] step=10 node=N44354 type=observe reward_pred=8.232131 sequence=21.947405
[iscas99__b22 gpu2] [plan iscas99__b22] [plan] step=11 node=N44360 type=observe reward_pred=11.469626 sequence=33.417032
[iscas99__b22 gpu2] [plan iscas99__b22] [plan] step=12 node=N44372 type=observe reward_pred=14.702455 sequence=48.119486
[iscas99__b22 gpu2] [plan iscas99__b22] [plan] step=13 node=N44357 type=observe reward_pred=18.033104 sequence=66.152590
[iscas99__b22 gpu2] [plan iscas99__b22] [plan] step=14 node=N44363 type=observe reward_pred=21.403212 sequence=87.555802
[iscas99__b22 gpu2] [plan iscas99__b22] [plan] step=15 node=N14398 type=observe reward_pred=24.667425 sequence=112.223227
[iscas99__b22 gpu2] [plan iscas99__b22] [plan] step=16 node=N14400 type=observe reward_pred=28.128725 sequence=140.351952
[iscas99__b22 gpu2] [plan iscas99__b22] [plan] step=17 node=N14402 type=observe reward_pred=31.562759 sequence=171.914711
[iscas99__b22 gpu2] [plan iscas99__b22] [plan] step=18 node=N39591 type=observe reward_pred=33.802929 sequence=205.717640
[iscas99__b22 gpu2] [plan iscas99__b22] [plan] step=19 node=N1753 type=observe reward_pred=35.743305 sequence=241.460945
[iscas99__b22 gpu2] [plan iscas99__b22] [plan] step=20 node=N8582 type=observe reward_pred=37.720356 sequence=279.181301
[iscas99__b22 gpu2] [plan iscas99__b22] [plan] step=21 node=N62124 type=observe reward_pred=39.462978 sequence=318.644280
[iscas99__b22 gpu2] [plan iscas99__b22] [plan] step=22 node=N64263 type=observe reward_pred=41.377857 sequence=360.022137
[iscas99__b22 gpu2] [plan iscas99__b22] [plan] step=23 node=N64267 type=observe reward_pred=43.432251 sequence=403.454388
[iscas99__b22 gpu2] [plan iscas99__b22] [plan] step=24 node=N64269 type=observe reward_pred=45.581779 sequence=449.036167
[iscas99__b22 gpu2] [plan iscas99__b22] [plan] step=25 node=N61350 type=observe reward_pred=47.817837 sequence=496.854004
[iscas99__b22 gpu2] [plan iscas99__b22] [plan] step=26 node=N61351 type=observe reward_pred=50.089115 sequence=546.943119
[iscas99__b22 gpu2] [plan iscas99__b22] [plan] step=27 node=N64271 type=observe reward_pred=52.425175 sequence=599.368294
[iscas99__b22 gpu2] [plan iscas99__b22] [plan] step=28 node=N62123 type=observe reward_pred=54.834148 sequence=654.202443
[iscas99__b22 gpu2] [plan iscas99__b22] [plan] step=29 node=N34866 type=control1 reward_pred=57.338509 sequence=711.540951
[iscas99__b22 gpu2] [plan iscas99__b22] [plan] step=30 node=N64281 type=observe reward_pred=59.882191 sequence=771.423142
[iscas99__b22 gpu2] [plan iscas99__b22] [plan] step=31 node=N3938 type=control0 reward_pred=62.492455 sequence=833.915596
[iscas99__b22 gpu2] [plan iscas99__b22] [plan] step=32 node=N64266 type=observe reward_pred=65.192299 sequence=899.107895
[iscas99__b22 gpu2] [plan iscas99__b22] [plan] step=33 node=N64284 type=observe reward_pred=67.927567 sequence=967.035462
[iscas99__b22 gpu2] [plan iscas99__b22] [plan] step=34 node=N64274 type=observe reward_pred=70.723389 sequence=1037.758850
[iscas99__b22 gpu2] [plan iscas99__b22] [plan] step=35 node=N64277 type=observe reward_pred=73.590294 sequence=1111.349144
[iscas99__b22 gpu2] [plan iscas99__b22] [plan] step=36 node=N64279 type=observe reward_pred=76.533905 sequence=1187.883049
[iscas99__b22 gpu2] [plan iscas99__b22] [plan] step=37 node=N64286 type=observe reward_pred=79.556808 sequence=1267.439858
[iscas99__b22 gpu2] [plan iscas99__b22] [plan] step=38 node=N64290 type=observe reward_pred=82.660690 sequence=1350.100548
[iscas99__b22 gpu2] [plan iscas99__b22] [plan] step=39 node=N64288 type=observe reward_pred=85.850731 sequence=1435.951279
[iscas99__b22 gpu2] [plan iscas99__b22] [plan] step=40 node=N64292 type=observe reward_pred=89.137054 sequence=1525.088333
[iscas99__b22 gpu2] [plan iscas99__b22] [plan] step=41 node=N64275 type=observe reward_pred=92.509697 sequence=1617.598030
[iscas99__b22 gpu2] [plan iscas99__b22] [plan] step=42 node=N64278 type=observe reward_pred=95.979195 sequence=1713.577225
[iscas99__b22 gpu2] [plan iscas99__b22] [plan] step=43 node=N34866 type=control0 reward_pred=99.455170 sequence=1813.032395
[iscas99__b22 gpu2] [plan iscas99__b22] [plan] step=44 node=N1597 type=control0 reward_pred=102.624001 sequence=1915.656395
[iscas99__b22 gpu2] [plan iscas99__b22] [plan] step=45 node=N1597 type=control1 reward_pred=105.728188 sequence=2021.384583
[iscas99__b22 gpu2] [plan iscas99__b22] [plan] step=46 node=N61349 type=observe reward_pred=101.330925 sequence=2122.715508
[iscas99__b22 gpu2] [plan iscas99__b22] [plan] step=47 node=N35678 type=observe reward_pred=97.141953 sequence=2219.857460
[iscas99__b22 gpu2] [plan iscas99__b22] [plan] step=48 node=N36166 type=observe reward_pred=93.814590 sequence=2313.672051
[iscas99__b22 gpu2] [plan iscas99__b22] [plan] step=49 node=N36086 type=observe reward_pred=91.125389 sequence=2404.797440
[iscas99__b22 gpu2] [plan iscas99__b22] [plan] step=50 node=N36222 type=observe reward_pred=88.897377 sequence=2493.694817
[iscas99__b22 gpu2] [plan iscas99__b22] [plan] step=51 node=N36254 type=observe reward_pred=87.023232 sequence=2580.718048
[iscas99__b22 gpu2] [plan iscas99__b22] [plan] step=52 node=N36238 type=observe reward_pred=85.363785 sequence=2666.081833
[iscas99__b22 gpu2] [plan iscas99__b22] [plan] step=53 node=N64265 type=observe reward_pred=90.049744 sequence=2756.131577
[iscas99__b22 gpu2] [plan iscas99__b22] [plan] step=54 node=N64270 type=observe reward_pred=94.174355 sequence=2850.305931
[iscas99__b22 gpu2] [plan iscas99__b22] [plan] step=55 node=N64272 type=observe reward_pred=98.154259 sequence=2948.460190
[iscas99__b22 gpu2] [plan iscas99__b22] [plan] step=56 node=N64276 type=observe reward_pred=102.230553 sequence=3050.690743
[iscas99__b22 gpu2] [plan iscas99__b22] [plan] step=57 node=N64280 type=observe reward_pred=106.442558 sequence=3157.133301
[iscas99__b22 gpu2] [plan iscas99__b22] [plan] step=58 node=N64282 type=observe reward_pred=110.781105 sequence=3267.914406
[iscas99__b22 gpu2] [plan iscas99__b22] [plan] step=59 node=N64285 type=observe reward_pred=115.253090 sequence=3383.167496
[iscas99__b22 gpu2] [plan iscas99__b22] [plan] step=60 node=N64289 type=observe reward_pred=119.861412 sequence=3503.028908
[iscas99__b22 gpu2] [plan iscas99__b22] [plan] step=61 node=N64291 type=observe reward_pred=124.612373 sequence=3627.641281
[iscas99__b22 gpu2] [plan iscas99__b22] [plan] step=62 node=N36206 type=observe reward_pred=118.124382 sequence=3745.765663
[iscas99__b22 gpu2] [plan iscas99__b22] [plan] step=63 node=N18514 type=control0 reward_pred=113.741013 sequence=3859.506676
[iscas99__b22 gpu2] [plan iscas99__b22] [plan] step=64 node=N36150 type=observe reward_pred=110.246674 sequence=3969.753350
[iscas99__b22 gpu2] [plan iscas99__b22] [plan] step=65 node=N36134 type=observe reward_pred=107.693321 sequence=4077.446671
[iscas99__b22 gpu2] [plan iscas99__b22] [plan] step=66 node=N36110 type=observe reward_pred=105.676064 sequence=4183.122734
[iscas99__b22 gpu2] [plan iscas99__b22] [plan] step=67 node=N36190 type=observe reward_pred=104.021561 sequence=4287.144295
[iscas99__b22 gpu2] [plan iscas99__b22] [plan] step=68 node=N36046 type=observe reward_pred=102.611961 sequence=4389.756256
[iscas99__b22 gpu2] [plan iscas99__b22] [plan] step=69 node=N36070 type=observe reward_pred=101.471046 sequence=4491.227303
[iscas99__b22 gpu2] [plan iscas99__b22] [plan] step=70 node=N64264 type=observe reward_pred=107.102562 sequence=4598.329865
[iscas99__b22 gpu2] [plan iscas99__b22] [plan] step=71 node=N36054 type=observe reward_pred=104.965996 sequence=4703.295861
[iscas99__b22 gpu2] [plan iscas99__b22] [plan] step=72 node=N36036 type=observe reward_pred=103.646736 sequence=4806.942597
[iscas99__b22 gpu2] [plan iscas99__b22] [plan] step=73 node=N36078 type=observe reward_pred=102.891396 sequence=4909.833992
[iscas99__b22 gpu2] [plan iscas99__b22] [plan] step=74 node=N36094 type=observe reward_pred=102.483887 sequence=5012.317879
[iscas99__b22 gpu2] [plan iscas99__b22] [plan] step=75 node=N36126 type=observe reward_pred=102.346672 sequence=5114.664551
[iscas99__b22 gpu2] [plan iscas99__b22] [plan] step=76 node=N36158 type=observe reward_pred=102.447624 sequence=5217.112175
[iscas99__b22 gpu2] [plan iscas99__b22] [plan] step=77 node=N36174 type=observe reward_pred=102.763962 sequence=5319.876137
[iscas99__b22 gpu2] [plan iscas99__b22] [plan] step=78 node=N36024 type=observe reward_pred=103.234230 sequence=5423.110367
[iscas99__b22 gpu2] [plan iscas99__b22] [plan] step=79 node=N36230 type=observe reward_pred=104.122116 sequence=5527.232483
[iscas99__b22 gpu2] [plan iscas99__b22] [plan] step=80 node=N36246 type=observe reward_pred=105.169472 sequence=5632.401955
[iscas99__b22 gpu2] [plan iscas99__b22] [plan] step=81 node=N64273 type=observe reward_pred=110.157341 sequence=5742.559296
[iscas99__b22 gpu2] [plan iscas99__b22] [plan] step=82 node=N36198 type=observe reward_pred=110.454460 sequence=5853.013756
[iscas99__b22 gpu2] [plan iscas99__b22] [plan] step=83 node=N64293 type=observe reward_pred=115.363426 sequence=5968.377182
[iscas99__b22 gpu2] [plan iscas99__b22] [plan] step=84 node=N14408 type=observe reward_pred=119.679718 sequence=6088.056900
[iscas99__b22 gpu2] [plan iscas99__b22] [plan] step=85 node=N14409 type=observe reward_pred=124.190910 sequence=6212.247811
[iscas99__b22 gpu2] [plan iscas99__b22] [plan] step=86 node=N14410 type=observe reward_pred=128.731201 sequence=6340.979012
[iscas99__b22 gpu2] [plan iscas99__b22] [plan] step=87 node=N14411 type=observe reward_pred=132.895355 sequence=6473.874367
[iscas99__b22 gpu2] [plan iscas99__b22] [plan] step=88 node=N14412 type=observe reward_pred=137.775574 sequence=6611.649941
[iscas99__b22 gpu2] [plan iscas99__b22] [plan] step=89 node=N64262 type=observe reward_pred=142.679565 sequence=6754.329506
[iscas99__b22 gpu2] [plan iscas99__b22] [plan] step=90 node=N36142 type=observe reward_pred=140.993362 sequence=6895.322869
[iscas99__b22 gpu2] [plan iscas99__b22] [plan] step=91 node=N3937 type=control0 reward_pred=146.430496 sequence=7041.753365
[iscas99__b22 gpu2] [plan iscas99__b22] [plan] step=92 node=N35679 type=observe reward_pred=152.073883 sequence=7193.827248
[iscas99__b22 gpu2] [plan iscas99__b22] [plan] step=93 node=N37086 type=observe reward_pred=150.314178 sequence=7344.141426
[iscas99__b22 gpu2] [plan iscas99__b22] [plan] step=94 node=N36118 type=observe reward_pred=149.938553 sequence=7494.079979
[iscas99__b22 gpu2] [plan iscas99__b22] [plan] step=95 node=N14396 type=observe reward_pred=148.212997 sequence=7642.292977
[iscas99__b22 gpu2] [plan iscas99__b22] [plan] step=96 node=N36026 type=observe reward_pred=149.175461 sequence=7791.468438
[iscas99__b22 gpu2] [plan iscas99__b22] [plan] step=97 node=N14403 type=observe reward_pred=147.752121 sequence=7939.220559
[iscas99__b22 gpu2] [plan iscas99__b22] [plan] step=98 node=N14404 type=observe reward_pred=153.886490 sequence=8093.107048
[iscas99__b22 gpu2] [plan iscas99__b22] [plan] step=99 node=N2919 type=observe reward_pred=151.249420 sequence=8244.356469
[iscas99__b17 gpu5] [plan iscas99__b17] [plan] step=1 node=N33256 type=observe reward_pred=0.211093 sequence=0.211093
[iscas99__b17 gpu5] [plan iscas99__b17] [plan] step=2 node=N33257 type=observe reward_pred=0.251754 sequence=0.462846
[iscas99__b17 gpu5] [plan iscas99__b17] [plan] step=3 node=N1985 type=observe reward_pred=0.265337 sequence=0.728183
[iscas99__b17 gpu5] [plan iscas99__b17] [plan] step=4 node=N43104 type=observe reward_pred=0.274045 sequence=1.002228
[iscas99__b17 gpu5] [plan iscas99__b17] [plan] step=5 node=N1984 type=observe reward_pred=0.276532 sequence=1.278760
[iscas99__b17 gpu5] [plan iscas99__b17] [plan] step=6 node=N38517 type=observe reward_pred=0.276814 sequence=1.555574
[iscas99__b17 gpu5] [plan iscas99__b17] [plan] step=7 node=N3338 type=observe reward_pred=0.273526 sequence=1.829100
[iscas99__b17 gpu5] [plan iscas99__b17] [plan] step=8 node=N60237 type=observe reward_pred=0.253796 sequence=2.082896
[iscas99__b17 gpu5] [plan iscas99__b17] [plan] step=9 node=N2891 type=observe reward_pred=0.332213 sequence=2.415109
[iscas99__b17 gpu5] [plan iscas99__b17] [plan] step=10 node=N43101 type=observe reward_pred=0.411012 sequence=2.826121
[iscas99__b17 gpu5] [plan iscas99__b17] [plan] step=11 node=N33258 type=observe reward_pred=0.463786 sequence=3.289907
[iscas99__b17 gpu5] [plan iscas99__b17] [plan] step=12 node=N43100 type=observe reward_pred=0.509711 sequence=3.799617
[iscas99__b17 gpu5] [plan iscas99__b17] [plan] step=13 node=N43102 type=observe reward_pred=0.544113 sequence=4.343730
[iscas99__b17 gpu5] [plan iscas99__b17] [plan] step=14 node=N43090 type=observe reward_pred=0.535623 sequence=4.879353
[iscas99__b17 gpu5] [plan iscas99__b17] [plan] step=15 node=N60264 type=observe reward_pred=0.529879 sequence=5.409232
[iscas99__b17 gpu5] [plan iscas99__b17] [plan] step=16 node=N43091 type=observe reward_pred=0.448715 sequence=5.857947
[iscas99__b17 gpu5] [plan iscas99__b17] [plan] step=17 node=N32401 type=observe reward_pred=0.458807 sequence=6.316754
[iscas99__b17 gpu5] [plan iscas99__b17] [plan] step=18 node=N60315 type=observe reward_pred=0.469903 sequence=6.786656
[iscas99__b17 gpu5] [plan iscas99__b17] [plan] step=19 node=N56109 type=observe reward_pred=0.522835 sequence=7.309491
[iscas99__b17 gpu5] [plan iscas99__b17] [plan] step=20 node=N29495 type=control1 reward_pred=0.660984 sequence=7.970475
[iscas99__b17 gpu5] [plan iscas99__b17] [plan] step=21 node=N55784 type=observe reward_pred=0.840359 sequence=8.810834
[iscas99__b17 gpu5] [plan iscas99__b17] [plan] step=22 node=N60267 type=observe reward_pred=0.991169 sequence=9.802003
[iscas99__b17 gpu5] [plan iscas99__b17] [plan] step=23 node=N60261 type=observe reward_pred=1.152810 sequence=10.954812
[iscas99__b17 gpu5] [plan iscas99__b17] [plan] step=24 node=N75321 type=observe reward_pred=1.318554 sequence=12.273366
[iscas99__b17 gpu5] [plan iscas99__b17] [plan] step=25 node=N60246 type=observe reward_pred=1.494693 sequence=13.768059
[iscas99__b17 gpu5] [plan iscas99__b17] [plan] step=26 node=N75323 type=observe reward_pred=1.699529 sequence=15.467588
[iscas99__b17 gpu5] [plan iscas99__b17] [plan] step=27 node=N75322 type=observe reward_pred=1.910317 sequence=17.377905
[iscas99__b17 gpu5] [plan iscas99__b17] [plan] step=28 node=N60219 type=observe reward_pred=2.153984 sequence=19.531889
[iscas99__b17 gpu5] [plan iscas99__b17] [plan] step=29 node=N60225 type=observe reward_pred=2.423548 sequence=21.955437
[iscas99__b17 gpu5] [plan iscas99__b17] [plan] step=30 node=N60252 type=observe reward_pred=2.755231 sequence=24.710669
[iscas99__b17 gpu5] [plan iscas99__b17] [plan] step=31 node=N60282 type=observe reward_pred=3.112469 sequence=27.823137
[iscas99__b17 gpu5] [plan iscas99__b17] [plan] step=32 node=N60291 type=observe reward_pred=3.621584 sequence=31.444722
[iscas99__b17 gpu5] [plan iscas99__b17] [plan] step=33 node=N60351 type=observe reward_pred=4.260230 sequence=35.704951
[iscas99__b17 gpu5] [plan iscas99__b17] [plan] step=34 node=N56761 type=observe reward_pred=4.679438 sequence=40.384389
[iscas99__b17 gpu5] [plan iscas99__b17] [plan] step=35 node=N75324 type=observe reward_pred=5.094447 sequence=45.478837
[iscas99__b17 gpu5] [plan iscas99__b17] [plan] step=36 node=N75320 type=observe reward_pred=5.500386 sequence=50.979222
[iscas99__b17 gpu5] [plan iscas99__b17] [plan] step=37 node=N56108 type=observe reward_pred=5.850245 sequence=56.829467
[iscas99__b17 gpu5] [plan iscas99__b17] [plan] step=38 node=N60321 type=observe reward_pred=6.209116 sequence=63.038584
[iscas99__b17 gpu5] [plan iscas99__b17] [plan] step=39 node=N60318 type=observe reward_pred=6.603125 sequence=69.641708
[iscas99__b17 gpu5] [plan iscas99__b17] [plan] step=40 node=N27608 type=observe reward_pred=6.971848 sequence=76.613556
[iscas99__b17 gpu5] [plan iscas99__b17] [plan] step=41 node=N60321 type=control1 reward_pred=7.359268 sequence=83.972824
[iscas99__b17 gpu5] [plan iscas99__b17] [plan] step=42 node=N53108 type=observe reward_pred=7.778850 sequence=91.751674
[iscas99__b17 gpu5] [plan iscas99__b17] [plan] step=43 node=N53107 type=observe reward_pred=8.221026 sequence=99.972701
[iscas99__b17 gpu5] [plan iscas99__b17] [plan] step=44 node=N53106 type=observe reward_pred=8.685156 sequence=108.657856
[iscas99__b17 gpu5] [plan iscas99__b17] [plan] step=45 node=N43506 type=observe reward_pred=9.167513 sequence=117.825369
[iscas99__b17 gpu5] [plan iscas99__b17] [plan] step=46 node=N55777 type=observe reward_pred=9.652724 sequence=127.478094
[iscas99__b17 gpu5] [plan iscas99__b17] [plan] step=47 node=N55783 type=observe reward_pred=10.153364 sequence=137.631458
[iscas99__b17 gpu5] [plan iscas99__b17] [plan] step=48 node=N55757 type=observe reward_pred=10.661822 sequence=148.293280
[iscas99__b17 gpu5] [plan iscas99__b17] [plan] step=49 node=N55762 type=observe reward_pred=11.190271 sequence=159.483551
[iscas99__b17 gpu5] [plan iscas99__b17] [plan] step=50 node=N55767 type=observe reward_pred=11.737288 sequence=171.220839
[iscas99__b17 gpu5] [plan iscas99__b17] [plan] step=51 node=N55772 type=observe reward_pred=12.302971 sequence=183.523810
[iscas99__b17 gpu5] [plan iscas99__b17] [plan] step=52 node=N26085 type=observe reward_pred=12.895773 sequence=196.419583
[iscas99__b17 gpu5] [plan iscas99__b17] [plan] step=53 node=N26098 type=observe reward_pred=13.503951 sequence=209.923534
[iscas99__b17 gpu5] [plan iscas99__b17] [plan] step=54 node=N26099 type=observe reward_pred=14.130277 sequence=224.053811
[iscas99__b17 gpu5] [plan iscas99__b17] [plan] step=55 node=N26101 type=observe reward_pred=14.774865 sequence=238.828676
[iscas99__b17 gpu5] [plan iscas99__b17] [plan] step=56 node=N26103 type=observe reward_pred=15.438349 sequence=254.267024
[iscas99__b17 gpu5] [plan iscas99__b17] [plan] step=57 node=N26105 type=observe reward_pred=16.120321 sequence=270.387346
[iscas99__b17 gpu5] [plan iscas99__b17] [plan] step=58 node=N55752 type=observe reward_pred=16.822313 sequence=287.209659
[iscas99__b17 gpu5] [plan iscas99__b17] [plan] step=59 node=N26109 type=observe reward_pred=17.540030 sequence=304.749689
[iscas99__b17 gpu5] [plan iscas99__b17] [plan] step=60 node=N26111 type=observe reward_pred=18.278997 sequence=323.028686
[iscas99__b17 gpu5] [plan iscas99__b17] [plan] step=61 node=N55685 type=observe reward_pred=19.039740 sequence=342.068426
[iscas99__b17 gpu5] [plan iscas99__b17] [plan] step=62 node=N55798 type=observe reward_pred=19.819168 sequence=361.887594
[iscas99__b17 gpu5] [plan iscas99__b17] [plan] step=63 node=N55792 type=observe reward_pred=20.619452 sequence=382.507045
[iscas99__b17 gpu5] [plan iscas99__b17] [plan] step=64 node=N55804 type=observe reward_pred=21.441467 sequence=403.948513
[iscas99__b17 gpu5] [plan iscas99__b17] [plan] step=65 node=N55688 type=observe reward_pred=22.284235 sequence=426.232748
[iscas99__b17 gpu5] [plan iscas99__b17] [plan] step=66 node=N55705 type=observe reward_pred=23.150242 sequence=449.382989
[iscas99__b17 gpu5] [plan iscas99__b17] [plan] step=67 node=N26123 type=observe reward_pred=24.037766 sequence=473.420755
[iscas99__b17 gpu5] [plan iscas99__b17] [plan] step=68 node=N26618 type=observe reward_pred=24.957521 sequence=498.378276
[iscas99__b17 gpu5] [plan iscas99__b17] [plan] step=69 node=N27439 type=observe reward_pred=26.028687 sequence=524.406963
[iscas99__b17 gpu5] [plan iscas99__b17] [plan] step=70 node=N26121 type=observe reward_pred=26.957788 sequence=551.364751
[iscas99__b17 gpu5] [plan iscas99__b17] [plan] step=71 node=N26119 type=observe reward_pred=27.939028 sequence=579.303779
[iscas99__b17 gpu5] [plan iscas99__b17] [plan] step=72 node=N26115 type=observe reward_pred=28.956745 sequence=608.260524
[iscas99__b17 gpu5] [plan iscas99__b17] [plan] step=73 node=N26113 type=observe reward_pred=30.008734 sequence=638.269258
[iscas99__b17 gpu5] [plan iscas99__b17] [plan] step=74 node=N26125 type=observe reward_pred=31.092491 sequence=669.361749
[iscas99__b17 gpu5] [plan iscas99__b17] [plan] step=75 node=N26129 type=observe reward_pred=32.206127 sequence=701.567876
[iscas99__b17 gpu5] [plan iscas99__b17] [plan] step=76 node=N26107 type=observe reward_pred=33.350357 sequence=734.918233
[iscas99__b17 gpu5] [plan iscas99__b17] [plan] step=77 node=N71659 type=observe reward_pred=34.425343 sequence=769.343576
[iscas99__b17 gpu5] [plan iscas99__b17] [plan] step=78 node=N71663 type=observe reward_pred=35.560898 sequence=804.904474
[iscas99__b17 gpu5] [plan iscas99__b17] [plan] step=79 node=N71654 type=observe reward_pred=36.741180 sequence=841.645654
[iscas99__b17 gpu5] [plan iscas99__b17] [plan] step=80 node=N71671 type=observe reward_pred=37.961403 sequence=879.607057
[iscas99__b17 gpu5] [plan iscas99__b17] [plan] step=81 node=N71686 type=observe reward_pred=39.220127 sequence=918.827184
[iscas99__b17 gpu5] [plan iscas99__b17] [plan] step=82 node=N71698 type=observe reward_pred=40.516563 sequence=959.343748
[iscas99__b17 gpu5] [plan iscas99__b17] [plan] step=83 node=N71661 type=observe reward_pred=41.850471 sequence=1001.194219
[iscas99__b17 gpu5] [plan iscas99__b17] [plan] step=84 node=N71674 type=observe reward_pred=43.221825 sequence=1044.416044
[iscas99__b17 gpu5] [plan iscas99__b17] [plan] step=85 node=N71642 type=observe reward_pred=44.631317 sequence=1089.047361
[iscas99__b17 gpu5] [plan iscas99__b17] [plan] step=86 node=N71666 type=observe reward_pred=46.079952 sequence=1135.127313
[iscas99__b17 gpu5] [plan iscas99__b17] [plan] step=87 node=N71643 type=observe reward_pred=47.568699 sequence=1182.696012
[iscas99__b17 gpu5] [plan iscas99__b17] [plan] step=88 node=N71676 type=observe reward_pred=49.098587 sequence=1231.794599
[iscas99__b17 gpu5] [plan iscas99__b17] [plan] step=89 node=N71648 type=observe reward_pred=50.670780 sequence=1282.465379
[iscas99__b17 gpu5] [plan iscas99__b17] [plan] step=90 node=N71644 type=observe reward_pred=52.284695 sequence=1334.750074
[iscas99__b17 gpu5] [plan iscas99__b17] [plan] step=91 node=N71682 type=observe reward_pred=53.942661 sequence=1388.692735
[iscas99__b17 gpu5] [plan iscas99__b17] [plan] step=92 node=N71645 type=observe reward_pred=55.645634 sequence=1444.338369
[iscas99__b17 gpu5] [plan iscas99__b17] [plan] step=93 node=N71656 type=observe reward_pred=57.394966 sequence=1501.733335
[iscas99__b17 gpu5] [plan iscas99__b17] [plan] step=94 node=N33734 type=observe reward_pred=59.878162 sequence=1561.611497
[iscas99__b17 gpu5] [plan iscas99__b17] [plan] step=95 node=N3363 type=observe reward_pred=61.752941 sequence=1623.364439
[iscas99__b17 gpu5] [plan iscas99__b17] [plan] step=96 node=N3371 type=observe reward_pred=63.719566 sequence=1687.084005
[iscas99__b17 gpu5] [plan iscas99__b17] [plan] step=97 node=N3379 type=observe reward_pred=65.764076 sequence=1752.848081
[iscas99__b17 gpu5] [plan iscas99__b17] [plan] step=98 node=N3347 type=observe reward_pred=67.847427 sequence=1820.695508
[iscas99__b17 gpu5] [plan iscas99__b17] [plan] step=99 node=N3355 type=observe reward_pred=69.987251 sequence=1890.682760
[iscas99__b17 gpu5] [plan iscas99__b17] [plan] step=100 node=N3339 type=observe reward_pred=72.195435 sequence=1962.878194
[iscas99__b17 gpu5] [plan iscas99__b17] [plan] step=101 node=N71639 type=observe reward_pred=74.217079 sequence=2037.095273
[iscas99__b15_1 gpu0] [plan iscas99__b15_1] [plan] step=1 node=N10602 type=observe reward_pred=0.191079 sequence=0.191079
[iscas99__b15_1 gpu0] [plan iscas99__b15_1] [plan] step=2 node=N9850 type=observe reward_pred=0.235090 sequence=0.426170
[iscas99__b15_1 gpu0] [plan iscas99__b15_1] [plan] step=3 node=N5740 type=observe reward_pred=0.274846 sequence=0.701015
[iscas99__b15_1 gpu0] [plan iscas99__b15_1] [plan] step=4 node=N10631 type=observe reward_pred=0.526815 sequence=1.227830
[iscas99__b15_1 gpu0] [plan iscas99__b15_1] [plan] step=5 node=N10587 type=observe reward_pred=1.634980 sequence=2.862810
[iscas99__b15_1 gpu0] [plan iscas99__b15_1] [plan] step=6 node=N10693 type=observe reward_pred=3.018461 sequence=5.881270
[iscas99__b15_1 gpu0] [plan iscas99__b15_1] [plan] step=7 node=N10687 type=observe reward_pred=4.944038 sequence=10.825309
[iscas99__b15_1 gpu0] [plan iscas99__b15_1] [plan] step=8 node=N10623 type=observe reward_pred=7.439753 sequence=18.265061
[iscas99__b15_1 gpu0] [plan iscas99__b15_1] [plan] step=9 node=N10688 type=observe reward_pred=10.845326 sequence=29.110388
[iscas99__b15_1 gpu0] [plan iscas99__b15_1] [plan] step=10 node=N10603 type=observe reward_pred=14.090247 sequence=43.200635
[iscas99__b15_1 gpu0] [plan iscas99__b15_1] [plan] step=11 node=N16713 type=observe reward_pred=17.679127 sequence=60.879762
[iscas99__b15_1 gpu0] [plan iscas99__b15_1] [plan] step=12 node=N9851 type=observe reward_pred=21.713806 sequence=82.593568
[iscas99__b15_1 gpu0] [plan iscas99__b15_1] [plan] step=13 node=N16710 type=observe reward_pred=25.467623 sequence=108.061191
[iscas99__b15_1 gpu0] [plan iscas99__b15_1] [plan] step=14 node=N16707 type=observe reward_pred=29.066711 sequence=137.127902
[iscas99__b15_1 gpu0] [plan iscas99__b15_1] [plan] step=15 node=N9849 type=observe reward_pred=32.511234 sequence=169.639136
[iscas99__b15_1 gpu0] [plan iscas99__b15_1] [plan] step=16 node=N7807 type=observe reward_pred=35.454311 sequence=205.093448
[iscas99__b15_1 gpu0] [plan iscas99__b15_1] [plan] step=17 node=N7806 type=observe reward_pred=38.367714 sequence=243.461162
[iscas99__b15_1 gpu0] [plan iscas99__b15_1] [plan] step=18 node=N7805 type=observe reward_pred=40.834003 sequence=284.295165
[iscas99__b15_1 gpu0] [plan iscas99__b15_1] [plan] step=19 node=N7804 type=observe reward_pred=42.840664 sequence=327.135829
[iscas99__b15_1 gpu0] [plan iscas99__b15_1] [plan] step=20 node=N7803 type=observe reward_pred=44.554890 sequence=371.690719
[iscas99__b15_1 gpu0] [plan iscas99__b15_1] [plan] step=21 node=N7802 type=observe reward_pred=46.151119 sequence=417.841838
[iscas99__b15_1 gpu0] [plan iscas99__b15_1] [plan] step=22 node=N10915 type=observe reward_pred=47.633915 sequence=465.475753
[iscas99__b15_1 gpu0] [plan iscas99__b15_1] [plan] step=23 node=N2082 type=observe reward_pred=49.047840 sequence=514.523593
[iscas99__b15_1 gpu0] [plan iscas99__b15_1] [plan] step=24 node=N1552 type=observe reward_pred=52.208736 sequence=566.732329
[iscas99__b15_1 gpu0] [plan iscas99__b15_1] [plan] step=25 node=N12537 type=observe reward_pred=52.968243 sequence=619.700572
[iscas99__b15_1 gpu0] [plan iscas99__b15_1] [plan] step=26 node=N7512 type=observe reward_pred=53.944977 sequence=673.645549
[iscas99__b15_1 gpu0] [plan iscas99__b15_1] [plan] step=27 node=N10901 type=observe reward_pred=54.314663 sequence=727.960212
[iscas99__b15_1 gpu0] [plan iscas99__b15_1] [plan] step=28 node=N6666 type=observe reward_pred=54.805202 sequence=782.765414
[iscas99__b15_1 gpu0] [plan iscas99__b15_1] [plan] step=29 node=N5335 type=observe reward_pred=53.686214 sequence=836.451629
[iscas99__b15_1 gpu0] [plan iscas99__b15_1] [plan] step=30 node=N9773 type=observe reward_pred=52.458569 sequence=888.910197
[iscas99__b15_1 gpu0] [plan iscas99__b15_1] [plan] step=31 node=N10585 type=observe reward_pred=51.396786 sequence=940.306983
[iscas99__b15_1 gpu0] [plan iscas99__b15_1] [plan] step=32 node=N10594 type=observe reward_pred=50.509972 sequence=990.816955
[iscas99__b15_1 gpu0] [plan iscas99__b15_1] [plan] step=33 node=N10600 type=observe reward_pred=49.718349 sequence=1040.535304
[iscas99__b15_1 gpu0] [plan iscas99__b15_1] [plan] step=34 node=N10591 type=observe reward_pred=49.027573 sequence=1089.562877
[iscas99__b15_1 gpu0] [plan iscas99__b15_1] [plan] step=35 node=N6538 type=observe reward_pred=48.382828 sequence=1137.945704
[iscas99__b15_1 gpu0] [plan iscas99__b15_1] [plan] step=36 node=N10597 type=observe reward_pred=47.705441 sequence=1185.651145
[iscas99__b15_1 gpu0] [plan iscas99__b15_1] [plan] step=37 node=N6537 type=observe reward_pred=46.959175 sequence=1232.610320
[iscas99__b15_1 gpu0] [plan iscas99__b15_1] [plan] step=38 node=N7846 type=observe reward_pred=46.498459 sequence=1279.108779
[iscas99__b15_1 gpu0] [plan iscas99__b15_1] [plan] step=39 node=N10588 type=observe reward_pred=45.890232 sequence=1324.999011
[iscas99__b15_1 gpu0] [plan iscas99__b15_1] [plan] step=40 node=N892 type=observe reward_pred=45.387444 sequence=1370.386455
[iscas99__b15_1 gpu0] [plan iscas99__b15_1] [plan] step=41 node=N7820 type=observe reward_pred=44.891972 sequence=1415.278426
[iscas99__b15_1 gpu0] [plan iscas99__b15_1] [plan] step=42 node=N7855 type=observe reward_pred=44.388176 sequence=1459.666602
[iscas99__b15_1 gpu0] [plan iscas99__b15_1] [plan] step=43 node=N10635 type=observe reward_pred=44.033081 sequence=1503.699683
[iscas99__b15_1 gpu0] [plan iscas99__b15_1] [plan] step=44 node=N10638 type=observe reward_pred=43.839657 sequence=1547.539340
[iscas99__b15_1 gpu0] [plan iscas99__b15_1] [plan] step=45 node=N7847 type=observe reward_pred=43.729412 sequence=1591.268752
[iscas99__b15_1 gpu0] [plan iscas99__b15_1] [plan] step=46 node=N7854 type=observe reward_pred=43.674583 sequence=1634.943335
[iscas99__b15_1 gpu0] [plan iscas99__b15_1] [plan] step=47 node=N891 type=observe reward_pred=43.840435 sequence=1678.783771
[iscas99__b15_1 gpu0] [plan iscas99__b15_1] [plan] step=48 node=N7852 type=observe reward_pred=43.871952 sequence=1722.655723
[iscas99__b15_1 gpu0] [plan iscas99__b15_1] [plan] step=49 node=N7853 type=observe reward_pred=43.969418 sequence=1766.625140
[iscas99__b15_1 gpu0] [plan iscas99__b15_1] [plan] step=50 node=N7454 type=observe reward_pred=44.077816 sequence=1810.702956
[iscas99__b15_1 gpu0] [plan iscas99__b15_1] [plan] step=51 node=N7543 type=observe reward_pred=45.798733 sequence=1856.501689
[iscas99__b15_1 gpu0] [plan iscas99__b15_1] [plan] step=52 node=N10644 type=observe reward_pred=45.725571 sequence=1902.227260
[iscas99__b15_1 gpu0] [plan iscas99__b15_1] [plan] step=53 node=N9776 type=observe reward_pred=46.438187 sequence=1948.665446
[iscas99__b15_1 gpu0] [plan iscas99__b15_1] [plan] step=54 node=N5202 type=observe reward_pred=46.511940 sequence=1995.177386
[iscas99__b15_1 gpu0] [plan iscas99__b15_1] [plan] step=55 node=N8466 type=observe reward_pred=46.691086 sequence=2041.868472
[iscas99__b15_1 gpu0] [plan iscas99__b15_1] [plan] step=56 node=N10647 type=observe reward_pred=46.971611 sequence=2088.840083
[iscas99__b15_1 gpu0] [plan iscas99__b15_1] [plan] step=57 node=N6113 type=observe reward_pred=47.282639 sequence=2136.122722
[iscas99__b15_1 gpu0] [plan iscas99__b15_1] [plan] step=58 node=N7544 type=observe reward_pred=49.677330 sequence=2185.800052
[iscas99__b15_1 gpu0] [plan iscas99__b15_1] [plan] step=59 node=N7525 type=observe reward_pred=50.238705 sequence=2236.038756
[iscas99__b15_1 gpu0] [plan iscas99__b15_1] [plan] step=60 node=N6367 type=observe reward_pred=50.276558 sequence=2286.315314
[iscas99__b15_1 gpu0] [plan iscas99__b15_1] [plan] step=61 node=N702 type=observe reward_pred=50.495255 sequence=2336.810569
[iscas99__b15_1 gpu0] [plan iscas99__b15_1] [plan] step=62 node=N886 type=observe reward_pred=51.289700 sequence=2388.100268
[iscas99__b15_1 gpu0] [plan iscas99__b15_1] [plan] step=63 node=N890 type=observe reward_pred=51.844444 sequence=2439.944713
[iscas99__b15_1 gpu0] [plan iscas99__b15_1] [plan] step=64 node=N5077 type=observe reward_pred=52.227715 sequence=2492.172427
[iscas99__b15_1 gpu0] [plan iscas99__b15_1] [plan] step=65 node=N5143 type=observe reward_pred=52.700771 sequence=2544.873198
[iscas99__b15_1 gpu0] [plan iscas99__b15_1] [plan] step=66 node=N10641 type=observe reward_pred=53.250687 sequence=2598.123885
[iscas99__b15_1 gpu0] [plan iscas99__b15_1] [plan] step=67 node=N5094 type=observe reward_pred=53.831928 sequence=2651.955813
[iscas99__b15_1 gpu0] [plan iscas99__b15_1] [plan] step=68 node=N10632 type=observe reward_pred=54.454937 sequence=2706.410750
[iscas99__b15_1 gpu0] [plan iscas99__b15_1] [plan] step=69 node=N10650 type=observe reward_pred=55.021862 sequence=2761.432612
[iscas99__b15_1 gpu0] [plan iscas99__b15_1] [plan] step=70 node=N5028 type=observe reward_pred=55.805553 sequence=2817.238166
[iscas99__b15_1 gpu0] [plan iscas99__b15_1] [plan] step=71 node=N9779 type=observe reward_pred=58.009487 sequence=2875.247653
[iscas99__b15_1 gpu0] [plan iscas99__b15_1] [plan] step=72 node=N6533 type=observe reward_pred=58.389156 sequence=2933.636809
[iscas99__b15_1 gpu0] [plan iscas99__b15_1] [plan] step=73 node=N887 type=observe reward_pred=59.381634 sequence=2993.018443
[iscas99__b15_1 gpu0] [plan iscas99__b15_1] [plan] step=74 node=N5046 type=observe reward_pred=60.028973 sequence=3053.047416
[iscas99__b15_1 gpu0] [plan iscas99__b15_1] [plan] step=75 node=N865 type=observe reward_pred=60.710907 sequence=3113.758323
[iscas99__b15_1 gpu0] [plan iscas99__b15_1] [plan] step=76 node=N858 type=observe reward_pred=63.162609 sequence=3176.920932
[iscas99__b15_1 gpu0] [plan iscas99__b15_1] [plan] step=77 node=N867 type=observe reward_pred=64.131981 sequence=3241.052913
[iscas99__b15_1 gpu0] [plan iscas99__b15_1] [plan] step=78 node=N5160 type=observe reward_pred=64.639572 sequence=3305.692485
[iscas99__b15_1 gpu0] [plan iscas99__b15_1] [plan] step=79 node=N864 type=observe reward_pred=66.662491 sequence=3372.354976
[iscas99__b15_1 gpu0] [plan iscas99__b15_1] [plan] step=80 node=N871 type=observe reward_pred=67.292442 sequence=3439.647418
[iscas99__b15_1 gpu0] [plan iscas99__b15_1] [plan] step=81 node=N5356 type=observe reward_pred=68.084145 sequence=3507.731563
[iscas99__b15_1 gpu0] [plan iscas99__b15_1] [plan] step=82 node=N869 type=observe reward_pred=68.973396 sequence=3576.704959
[iscas99__b15_1 gpu0] [plan iscas99__b15_1] [plan] step=83 node=N866 type=observe reward_pred=69.902016 sequence=3646.606975
[iscas99__b15_1 gpu0] [plan iscas99__b15_1] [plan] step=84 node=N5234 type=observe reward_pred=70.903404 sequence=3717.510379
[iscas99__b15_1 gpu0] [plan iscas99__b15_1] [plan] step=85 node=N5111 type=observe reward_pred=72.020149 sequence=3789.530528
[iscas99__b15_1 gpu0] [plan iscas99__b15_1] [plan] step=86 node=N5251 type=observe reward_pred=73.182610 sequence=3862.713138
[iscas99__b15_1 gpu0] [plan iscas99__b15_1] [plan] step=87 node=N5334 type=observe reward_pred=74.378807 sequence=3937.091945
[iscas99__b15_1 gpu0] [plan iscas99__b15_1] [plan] step=88 node=N7542 type=observe reward_pred=75.605057 sequence=4012.697001
[iscas99__b15_1 gpu0] [plan iscas99__b15_1] [plan] step=89 node=N5336 type=observe reward_pred=76.978531 sequence=4089.675532
[iscas99__b15_1 gpu0] [plan iscas99__b15_1] [plan] step=90 node=N5738 type=observe reward_pred=78.330482 sequence=4168.006015
[iscas99__b15_1 gpu0] [plan iscas99__b15_1] [plan] step=91 node=N5300 type=observe reward_pred=79.744591 sequence=4247.750606
[iscas99__b15_1 gpu0] [plan iscas99__b15_1] [plan] step=92 node=N10329 type=observe reward_pred=81.198372 sequence=4328.948977
[iscas99__b15_1 gpu0] [plan iscas99__b15_1] [plan] step=93 node=N838 type=observe reward_pred=82.660973 sequence=4411.609950
[iscas99__b15_1 gpu0] [plan iscas99__b15_1] [plan] step=94 node=N10626 type=observe reward_pred=84.155685 sequence=4495.765635
[iscas99__b15_1 gpu0] [plan iscas99__b15_1] [plan] step=95 node=N889 type=observe reward_pred=87.075706 sequence=4582.841342
[iscas99__b15_1 gpu0] [plan iscas99__b15_1] [plan] step=96 node=N10620 type=observe reward_pred=88.473740 sequence=4671.315082
[iscas99__b15_1 gpu0] [plan iscas99__b15_1] [plan] step=97 node=N10691 type=observe reward_pred=89.925682 sequence=4761.240764
[iscas99__b15_1 gpu0] [plan iscas99__b15_1] [plan] step=98 node=N22207 type=observe reward_pred=93.502403 sequence=4854.743167
[iscas99__b15_1 gpu0] [plan iscas99__b15_1] [plan] step=99 node=N855 type=observe reward_pred=95.061928 sequence=4949.805095
[iscas99__b15_1 gpu0] [plan iscas99__b15_1] [plan] step=100 node=N5373 type=observe reward_pred=96.589188 sequence=5046.394282
[openabcd__mem_ctrl_orig gpu6] [plan openabcd__mem_ctrl_orig] [plan] step=1 node=N15607 type=observe reward_pred=0.159379 sequence=0.159379
[openabcd__mem_ctrl_orig gpu6] [plan openabcd__mem_ctrl_orig] [plan] step=2 node=N12576 type=observe reward_pred=0.203621 sequence=0.363000
[openabcd__mem_ctrl_orig gpu6] [plan openabcd__mem_ctrl_orig] [plan] step=3 node=N11896 type=observe reward_pred=0.276581 sequence=0.639581
[openabcd__mem_ctrl_orig gpu6] [plan openabcd__mem_ctrl_orig] [plan] step=4 node=N15610 type=observe reward_pred=0.293716 sequence=0.933297
[openabcd__mem_ctrl_orig gpu6] [plan openabcd__mem_ctrl_orig] [plan] step=5 node=N15609 type=observe reward_pred=0.299599 sequence=1.232896
[openabcd__mem_ctrl_orig gpu6] [plan openabcd__mem_ctrl_orig] [plan] step=6 node=N15698 type=observe reward_pred=0.279936 sequence=1.512832
[openabcd__mem_ctrl_orig gpu6] [plan openabcd__mem_ctrl_orig] [plan] step=7 node=N14075 type=observe reward_pred=0.259217 sequence=1.772049
[openabcd__mem_ctrl_orig gpu6] [plan openabcd__mem_ctrl_orig] [plan] step=8 node=N14285 type=observe reward_pred=0.257211 sequence=2.029260
[openabcd__mem_ctrl_orig gpu6] [plan openabcd__mem_ctrl_orig] [plan] step=9 node=N19677 type=observe reward_pred=0.255455 sequence=2.284715
[openabcd__mem_ctrl_orig gpu6] [plan openabcd__mem_ctrl_orig] [plan] step=10 node=N24149 type=observe reward_pred=0.260498 sequence=2.545213
[openabcd__mem_ctrl_orig gpu6] [plan openabcd__mem_ctrl_orig] [plan] step=11 node=N12676 type=observe reward_pred=0.247826 sequence=2.793040
[openabcd__mem_ctrl_orig gpu6] [plan openabcd__mem_ctrl_orig] [plan] step=12 node=N16019 type=observe reward_pred=0.222109 sequence=3.015149
[openabcd__mem_ctrl_orig gpu6] [plan openabcd__mem_ctrl_orig] [plan] step=13 node=N11594 type=observe reward_pred=0.279486 sequence=3.294635
[openabcd__mem_ctrl_orig gpu6] [plan openabcd__mem_ctrl_orig] [plan] step=14 node=N24535 type=observe reward_pred=0.315713 sequence=3.610348
[openabcd__mem_ctrl_orig gpu6] [plan openabcd__mem_ctrl_orig] [plan] step=15 node=N14427 type=observe reward_pred=0.308084 sequence=3.918432
[openabcd__mem_ctrl_orig gpu6] [plan openabcd__mem_ctrl_orig] [plan] step=16 node=N12575 type=observe reward_pred=0.339494 sequence=4.257926
[openabcd__mem_ctrl_orig gpu6] [plan openabcd__mem_ctrl_orig] [plan] step=17 node=N14392 type=observe reward_pred=0.357609 sequence=4.615535
[openabcd__mem_ctrl_orig gpu6] [plan openabcd__mem_ctrl_orig] [plan] step=18 node=N15608 type=observe reward_pred=0.373111 sequence=4.988646
[openabcd__mem_ctrl_orig gpu6] [plan openabcd__mem_ctrl_orig] [plan] step=19 node=N19202 type=observe reward_pred=0.429194 sequence=5.417840
[openabcd__mem_ctrl_orig gpu6] [plan openabcd__mem_ctrl_orig] [plan] step=20 node=N11895 type=observe reward_pred=0.495873 sequence=5.913713
[openabcd__mem_ctrl_orig gpu6] [plan openabcd__mem_ctrl_orig] [plan] step=21 node=N55119 type=observe reward_pred=0.793852 sequence=6.707566
[openabcd__mem_ctrl_orig gpu6] [plan openabcd__mem_ctrl_orig] [plan] step=22 node=N56066 type=observe reward_pred=0.960440 sequence=7.668005
[openabcd__mem_ctrl_orig gpu6] [plan openabcd__mem_ctrl_orig] [plan] step=23 node=N14370 type=observe reward_pred=1.223104 sequence=8.891109
[openabcd__mem_ctrl_orig gpu6] [plan openabcd__mem_ctrl_orig] [plan] step=24 node=N24474 type=observe reward_pred=1.496370 sequence=10.387480
[openabcd__mem_ctrl_orig gpu6] [plan openabcd__mem_ctrl_orig] [plan] step=25 node=N14284 type=observe reward_pred=1.783515 sequence=12.170995
[openabcd__mem_ctrl_orig gpu6] [plan openabcd__mem_ctrl_orig] [plan] step=26 node=N16017 type=observe reward_pred=2.080156 sequence=14.251151
[openabcd__mem_ctrl_orig gpu6] [plan openabcd__mem_ctrl_orig] [plan] step=27 node=N19450 type=observe reward_pred=2.364448 sequence=16.615598
[openabcd__mem_ctrl_orig gpu6] [plan openabcd__mem_ctrl_orig] [plan] step=28 node=N19440 type=observe reward_pred=2.661292 sequence=19.276890
[openabcd__mem_ctrl_orig gpu6] [plan openabcd__mem_ctrl_orig] [plan] step=29 node=N19678 type=observe reward_pred=2.980577 sequence=22.257467
[openabcd__mem_ctrl_orig gpu6] [plan openabcd__mem_ctrl_orig] [plan] step=30 node=N17447 type=observe reward_pred=3.284226 sequence=25.541693
[openabcd__mem_ctrl_orig gpu6] [plan openabcd__mem_ctrl_orig] [plan] step=31 node=N23502 type=observe reward_pred=3.622973 sequence=29.164666
[openabcd__mem_ctrl_orig gpu6] [plan openabcd__mem_ctrl_orig] [plan] step=32 node=N19016 type=observe reward_pred=3.990629 sequence=33.155295
[openabcd__mem_ctrl_orig gpu6] [plan openabcd__mem_ctrl_orig] [plan] step=33 node=N13332 type=observe reward_pred=4.380301 sequence=37.535596
[openabcd__mem_ctrl_orig gpu6] [plan openabcd__mem_ctrl_orig] [plan] step=34 node=N51189 type=observe reward_pred=4.778925 sequence=42.314521
[openabcd__mem_ctrl_orig gpu6] [plan openabcd__mem_ctrl_orig] [plan] step=35 node=N16018 type=observe reward_pred=5.197729 sequence=47.512250
[openabcd__mem_ctrl_orig gpu6] [plan openabcd__mem_ctrl_orig] [plan] step=36 node=N47324 type=observe reward_pred=5.607105 sequence=53.119355
[openabcd__mem_ctrl_orig gpu6] [plan openabcd__mem_ctrl_orig] [plan] step=37 node=N15690 type=observe reward_pred=6.037037 sequence=59.156392
[openabcd__mem_ctrl_orig gpu6] [plan openabcd__mem_ctrl_orig] [plan] step=38 node=N3257 type=observe reward_pred=6.456327 sequence=65.612719
[openabcd__mem_ctrl_orig gpu6] [plan openabcd__mem_ctrl_orig] [plan] step=39 node=N23628 type=observe reward_pred=6.920104 sequence=72.532823
[openabcd__mem_ctrl_orig gpu6] [plan openabcd__mem_ctrl_orig] [plan] step=40 node=N14010 type=observe reward_pred=8.273453 sequence=80.806275
[openabcd__mem_ctrl_orig gpu6] [plan openabcd__mem_ctrl_orig] [plan] step=41 node=N3370 type=observe reward_pred=8.439686 sequence=89.245961
[openabcd__mem_ctrl_orig gpu6] [plan openabcd__mem_ctrl_orig] [plan] step=42 node=N2109 type=observe reward_pred=8.815740 sequence=98.061701
[openabcd__mem_ctrl_orig gpu6] [plan openabcd__mem_ctrl_orig] [plan] step=43 node=N14375 type=observe reward_pred=9.301229 sequence=107.362929
[openabcd__mem_ctrl_orig gpu6] [plan openabcd__mem_ctrl_orig] [plan] step=44 node=N12673 type=observe reward_pred=9.796018 sequence=117.158947
[openabcd__mem_ctrl_orig gpu6] [plan openabcd__mem_ctrl_orig] [plan] step=45 node=N17285 type=observe reward_pred=10.314651 sequence=127.473598
[openabcd__mem_ctrl_orig gpu6] [plan openabcd__mem_ctrl_orig] [plan] step=46 node=N3260 type=observe reward_pred=10.904584 sequence=138.378181
[openabcd__mem_ctrl_orig gpu6] [plan openabcd__mem_ctrl_orig] [plan] step=47 node=N3615 type=observe reward_pred=11.500813 sequence=149.878995
[openabcd__mem_ctrl_orig gpu6] [plan openabcd__mem_ctrl_orig] [plan] step=48 node=N3932 type=observe reward_pred=12.132216 sequence=162.011211
[openabcd__mem_ctrl_orig gpu6] [plan openabcd__mem_ctrl_orig] [plan] step=49 node=N19201 type=observe reward_pred=12.729053 sequence=174.740264
[openabcd__mem_ctrl_orig gpu6] [plan openabcd__mem_ctrl_orig] [plan] step=50 node=N12674 type=observe reward_pred=13.873367 sequence=188.613631
[openabcd__mem_ctrl_orig gpu6] [plan openabcd__mem_ctrl_orig] [plan] step=51 node=N3923 type=observe reward_pred=15.508639 sequence=204.122271
[openabcd__mem_ctrl_orig gpu6] [plan openabcd__mem_ctrl_orig] [plan] step=52 node=N14378 type=observe reward_pred=15.841147 sequence=219.963418
[openabcd__mem_ctrl_orig gpu6] [plan openabcd__mem_ctrl_orig] [plan] step=53 node=N17432 type=observe reward_pred=16.443308 sequence=236.406726
[openabcd__mem_ctrl_orig gpu6] [plan openabcd__mem_ctrl_orig] [plan] step=54 node=N48023 type=observe reward_pred=17.234409 sequence=253.641135
[openabcd__mem_ctrl_orig gpu6] [plan openabcd__mem_ctrl_orig] [plan] step=55 node=N12336 type=observe reward_pred=17.943382 sequence=271.584518
[openabcd__mem_ctrl_orig gpu6] [plan openabcd__mem_ctrl_orig] [plan] step=56 node=N15699 type=observe reward_pred=18.712208 sequence=290.296725
[openabcd__mem_ctrl_orig gpu6] [plan openabcd__mem_ctrl_orig] [plan] step=57 node=N15624 type=observe reward_pred=19.524719 sequence=309.821445
[openabcd__mem_ctrl_orig gpu6] [plan openabcd__mem_ctrl_orig] [plan] step=58 node=N94795 type=control1 reward_pred=20.342527 sequence=330.163972
[openabcd__mem_ctrl_orig gpu6] [plan openabcd__mem_ctrl_orig] [plan] step=59 node=N68026 type=observe reward_pred=21.168701 sequence=351.332673
[openabcd__mem_ctrl_orig gpu6] [plan openabcd__mem_ctrl_orig] [plan] step=60 node=N17427 type=observe reward_pred=22.151470 sequence=373.484143
[openabcd__mem_ctrl_orig gpu6] [plan openabcd__mem_ctrl_orig] [plan] step=61 node=N18004 type=control0 reward_pred=22.992678 sequence=396.476821
[openabcd__mem_ctrl_orig gpu6] [plan openabcd__mem_ctrl_orig] [plan] step=62 node=N1089 type=control0 reward_pred=23.861055 sequence=420.337876
[openabcd__mem_ctrl_orig gpu6] [plan openabcd__mem_ctrl_orig] [plan] step=63 node=N14393 type=observe reward_pred=24.860949 sequence=445.198825
[openabcd__mem_ctrl_orig gpu6] [plan openabcd__mem_ctrl_orig] [plan] step=64 node=N94814 type=control1 reward_pred=25.763788 sequence=470.962613
[openabcd__mem_ctrl_orig gpu6] [plan openabcd__mem_ctrl_orig] [plan] step=65 node=N1089 type=control1 reward_pred=26.979736 sequence=497.942349
[openabcd__mem_ctrl_orig gpu6] [plan openabcd__mem_ctrl_orig] [plan] step=66 node=N54329 type=observe reward_pred=27.874899 sequence=525.817248
[openabcd__mem_ctrl_orig gpu6] [plan openabcd__mem_ctrl_orig] [plan] step=67 node=N84793 type=control1 reward_pred=28.859533 sequence=554.676782
[openabcd__mem_ctrl_orig gpu6] [plan openabcd__mem_ctrl_orig] [plan] step=68 node=N15626 type=observe reward_pred=30.047606 sequence=584.724387
[openabcd__mem_ctrl_orig gpu6] [plan openabcd__mem_ctrl_orig] [plan] step=69 node=N92220 type=observe reward_pred=31.050648 sequence=615.775035
[openabcd__mem_ctrl_orig gpu6] [plan openabcd__mem_ctrl_orig] [plan] step=70 node=N94727 type=observe reward_pred=32.094257 sequence=647.869292
[openabcd__mem_ctrl_orig gpu6] [plan openabcd__mem_ctrl_orig] [plan] step=71 node=N19703 type=observe reward_pred=33.479954 sequence=681.349246
[openabcd__mem_ctrl_orig gpu6] [plan openabcd__mem_ctrl_orig] [plan] step=72 node=N102652 type=observe reward_pred=34.549168 sequence=715.898414
[openabcd__mem_ctrl_orig gpu6] [plan openabcd__mem_ctrl_orig] [plan] step=73 node=N102653 type=observe reward_pred=35.711010 sequence=751.609424
[openabcd__mem_ctrl_orig gpu6] [plan openabcd__mem_ctrl_orig] [plan] step=74 node=N3431 type=observe reward_pred=37.160721 sequence=788.770144
[openabcd__mem_ctrl_orig gpu6] [plan openabcd__mem_ctrl_orig] [plan] step=75 node=N3430 type=observe reward_pred=38.590538 sequence=827.360683
[openabcd__mem_ctrl_orig gpu6] [plan openabcd__mem_ctrl_orig] [plan] step=76 node=N18015 type=observe reward_pred=39.980633 sequence=867.341315
[openabcd__mem_ctrl_orig gpu6] [plan openabcd__mem_ctrl_orig] [plan] step=77 node=N10405 type=observe reward_pred=41.345875 sequence=908.687190
[openabcd__mem_ctrl_orig gpu6] [plan openabcd__mem_ctrl_orig] [plan] step=78 node=N100378 type=observe reward_pred=42.660873 sequence=951.348063
[openabcd__mem_ctrl_orig gpu6] [plan openabcd__mem_ctrl_orig] [plan] step=79 node=N101749 type=observe reward_pred=44.042133 sequence=995.390197
[openabcd__mem_ctrl_orig gpu6] [plan openabcd__mem_ctrl_orig] [plan] step=80 node=N101691 type=observe reward_pred=45.487114 sequence=1040.877311
[openabcd__mem_ctrl_orig gpu6] [plan openabcd__mem_ctrl_orig] [plan] step=81 node=N101751 type=observe reward_pred=46.983353 sequence=1087.860663
[openabcd__mem_ctrl_orig gpu6] [plan openabcd__mem_ctrl_orig] [plan] step=82 node=N12677 type=observe reward_pred=48.661942 sequence=1136.522605
[openabcd__mem_ctrl_orig gpu6] [plan openabcd__mem_ctrl_orig] [plan] step=83 node=N15606 type=observe reward_pred=51.915764 sequence=1188.438369
[openabcd__mem_ctrl_orig gpu6] [plan openabcd__mem_ctrl_orig] [plan] step=84 node=N102278 type=control1 reward_pred=53.023285 sequence=1241.461654
[openabcd__mem_ctrl_orig gpu6] [plan openabcd__mem_ctrl_orig] [plan] step=85 node=N101750 type=observe reward_pred=54.474339 sequence=1295.935992
[openabcd__mem_ctrl_orig gpu6] [plan openabcd__mem_ctrl_orig] [plan] step=86 node=N12334 type=observe reward_pred=56.303173 sequence=1352.239165
[openabcd__mem_ctrl_orig gpu6] [plan openabcd__mem_ctrl_orig] [plan] step=87 node=N12567 type=observe reward_pred=58.165211 sequence=1410.404376
[openabcd__mem_ctrl_orig gpu6] [plan openabcd__mem_ctrl_orig] [plan] step=88 node=N19441 type=observe reward_pred=59.835205 sequence=1470.239581
[openabcd__mem_ctrl_orig gpu6] [plan openabcd__mem_ctrl_orig] [plan] step=89 node=N93524 type=observe reward_pred=61.681870 sequence=1531.921451
[openabcd__mem_ctrl_orig gpu6] [plan openabcd__mem_ctrl_orig] [plan] step=90 node=N19451 type=observe reward_pred=63.537243 sequence=1595.458694
[openabcd__mem_ctrl_orig gpu6] [plan openabcd__mem_ctrl_orig] [plan] step=91 node=N3186 type=observe reward_pred=65.757118 sequence=1661.215812
[openabcd__mem_ctrl_orig gpu6] [plan openabcd__mem_ctrl_orig] [plan] step=92 node=N17433 type=observe reward_pred=67.948502 sequence=1729.164313
[openabcd__mem_ctrl_orig gpu6] [plan openabcd__mem_ctrl_orig] [plan] step=93 node=N19679 type=observe reward_pred=70.167763 sequence=1799.332076
[openabcd__mem_ctrl_orig gpu6] [plan openabcd__mem_ctrl_orig] [plan] step=94 node=N17452 type=observe reward_pred=72.190887 sequence=1871.522964
[openabcd__mem_ctrl_orig gpu6] [plan openabcd__mem_ctrl_orig] [plan] step=95 node=N3269 type=observe reward_pred=74.929588 sequence=1946.452552
[openabcd__mem_ctrl_orig gpu6] [plan openabcd__mem_ctrl_orig] [plan] step=96 node=N30109 type=observe reward_pred=76.989677 sequence=2023.442229
[openabcd__mem_ctrl_orig gpu6] [plan openabcd__mem_ctrl_orig] [plan] step=97 node=N17446 type=observe reward_pred=79.233810 sequence=2102.676040
[openabcd__mem_ctrl_orig gpu6] [plan openabcd__mem_ctrl_orig] [plan] step=98 node=N2724 type=observe reward_pred=82.120567 sequence=2184.796607
[openabcd__mem_ctrl_orig gpu6] [plan openabcd__mem_ctrl_orig] [plan] step=99 node=N3174 type=observe reward_pred=84.396011 sequence=2269.192618
[openabcd__mem_ctrl_orig gpu6] [plan openabcd__mem_ctrl_orig] [plan] step=100 node=N56814 type=observe reward_pred=87.107933 sequence=2356.300551
[openabcd__mem_ctrl_orig gpu6] [plan openabcd__mem_ctrl_orig] [plan] step=101 node=N2219 type=observe reward_pred=90.763924 sequence=2447.064475
[epfl__random_control__i2c__i2c gpu3] [plan epfl__random_control__i2c__i2c] [plan] step=1 node=N3021 type=observe reward_pred=0.077826 sequence=0.077826
[epfl__random_control__i2c__i2c gpu3] [plan epfl__random_control__i2c__i2c] [plan] step=2 node=N626 type=observe reward_pred=0.154778 sequence=0.232605
[epfl__random_control__i2c__i2c gpu3] [plan epfl__random_control__i2c__i2c] [plan] step=3 node=N499 type=observe reward_pred=0.198988 sequence=0.431593
[epfl__random_control__i2c__i2c gpu3] [plan epfl__random_control__i2c__i2c] [plan] step=4 node=N289 type=observe reward_pred=0.219270 sequence=0.650863
[epfl__random_control__i2c__i2c gpu3] [plan epfl__random_control__i2c__i2c] [plan] step=5 node=N283 type=observe reward_pred=0.175860 sequence=0.826724
[epfl__random_control__i2c__i2c gpu3] [plan epfl__random_control__i2c__i2c] [plan] step=6 node=N157 type=control1 reward_pred=0.161908 sequence=0.988632
[epfl__random_control__i2c__i2c gpu3] [plan epfl__random_control__i2c__i2c] [plan] step=7 node=N140 type=control1 reward_pred=0.171220 sequence=1.159852
[epfl__random_control__i2c__i2c gpu3] [plan epfl__random_control__i2c__i2c] [plan] step=8 node=N640 type=observe reward_pred=0.178987 sequence=1.338839
[epfl__random_control__i2c__i2c gpu3] [plan epfl__random_control__i2c__i2c] [plan] step=9 node=N362 type=observe reward_pred=0.189151 sequence=1.527990
[epfl__random_control__i2c__i2c gpu3] [plan epfl__random_control__i2c__i2c] [plan] step=10 node=N625 type=observe reward_pred=0.198096 sequence=1.726086
[epfl__random_control__i2c__i2c gpu3] [plan epfl__random_control__i2c__i2c] [plan] step=11 node=N558 type=observe reward_pred=0.211773 sequence=1.937858
[epfl__random_control__i2c__i2c gpu3] [plan epfl__random_control__i2c__i2c] [plan] step=12 node=N285 type=observe reward_pred=0.244913 sequence=2.182771
[epfl__random_control__i2c__i2c gpu3] [plan epfl__random_control__i2c__i2c] [plan] step=13 node=N363 type=observe reward_pred=0.366804 sequence=2.549575
[epfl__random_control__i2c__i2c gpu3] [plan epfl__random_control__i2c__i2c] [plan] step=14 node=N288 type=observe reward_pred=0.373166 sequence=2.922741
[epfl__random_control__i2c__i2c gpu3] [plan epfl__random_control__i2c__i2c] [plan] step=15 node=N638 type=observe reward_pred=0.361726 sequence=3.284467
[epfl__random_control__i2c__i2c gpu3] [plan epfl__random_control__i2c__i2c] [plan] step=16 node=N635 type=observe reward_pred=0.313082 sequence=3.597549
[epfl__random_control__i2c__i2c gpu3] [plan epfl__random_control__i2c__i2c] [plan] step=17 node=N641 type=observe reward_pred=0.301616 sequence=3.899165
[epfl__random_control__i2c__i2c gpu3] [plan epfl__random_control__i2c__i2c] [plan] step=18 node=N552 type=observe reward_pred=0.298070 sequence=4.197235
[epfl__random_control__i2c__i2c gpu3] [plan epfl__random_control__i2c__i2c] [plan] step=19 node=N588 type=observe reward_pred=0.291703 sequence=4.488938
[epfl__random_control__i2c__i2c gpu3] [plan epfl__random_control__i2c__i2c] [plan] step=20 node=N639 type=observe reward_pred=0.278966 sequence=4.767904
[epfl__random_control__i2c__i2c gpu3] [plan epfl__random_control__i2c__i2c] [plan] step=21 node=N637 type=observe reward_pred=0.284565 sequence=5.052469
[epfl__random_control__i2c__i2c gpu3] [plan epfl__random_control__i2c__i2c] [plan] step=22 node=N560 type=observe reward_pred=0.316235 sequence=5.368705
[epfl__random_control__i2c__i2c gpu3] [plan epfl__random_control__i2c__i2c] [plan] step=23 node=N565 type=observe reward_pred=0.296160 sequence=5.664865
[epfl__random_control__i2c__i2c gpu3] [plan epfl__random_control__i2c__i2c] [plan] step=24 node=N606 type=observe reward_pred=0.279377 sequence=5.944242
[epfl__random_control__i2c__i2c gpu3] [plan epfl__random_control__i2c__i2c] [plan] step=25 node=N550 type=observe reward_pred=0.251558 sequence=6.195799
[epfl__random_control__i2c__i2c gpu3] [plan epfl__random_control__i2c__i2c] [plan] step=26 node=N586 type=observe reward_pred=0.237351 sequence=6.433151
[epfl__random_control__i2c__i2c gpu3] [plan epfl__random_control__i2c__i2c] [plan] step=27 node=N557 type=observe reward_pred=0.220564 sequence=6.653714
[epfl__random_control__i2c__i2c gpu3] [plan epfl__random_control__i2c__i2c] [plan] step=28 node=N476 type=observe reward_pred=0.209468 sequence=6.863182
[epfl__random_control__i2c__i2c gpu3] [plan epfl__random_control__i2c__i2c] [plan] step=29 node=N373 type=observe reward_pred=0.199025 sequence=7.062207
[epfl__random_control__i2c__i2c gpu3] [plan epfl__random_control__i2c__i2c] [plan] step=30 node=N374 type=observe reward_pred=0.175437 sequence=7.237644
[epfl__random_control__i2c__i2c gpu3] [plan epfl__random_control__i2c__i2c] [plan] step=31 node=N636 type=observe reward_pred=0.231586 sequence=7.469230
[epfl__random_control__i2c__i2c gpu3] [plan epfl__random_control__i2c__i2c] [plan] step=32 node=N587 type=observe reward_pred=0.166505 sequence=7.635736
[epfl__random_control__i2c__i2c gpu3] [plan epfl__random_control__i2c__i2c] [plan] step=33 node=N364 type=observe reward_pred=0.133781 sequence=7.769517
[epfl__random_control__i2c__i2c gpu3] [plan epfl__random_control__i2c__i2c] [plan] step=34 node=N480 type=control0 reward_pred=0.114160 sequence=7.883676
[epfl__random_control__i2c__i2c gpu3] [plan epfl__random_control__i2c__i2c] saved=autoresearch/eval8-rest7-hybrid-recall-k96-realfault-Bonly-300k-260702-233920/epfl__random_control__i2c__i2c/B_world_rerank/plans/epfl__random_control__i2c__i2c__greedy__cumulative__reward_pred__bw1__d1__c96__g1p0__candheuristic_recall_pool__div0p0__s0.csv
[epfl__random_control__i2c__i2c gpu3] [gmean] 2026-07-02T23:54:25 [1/1] plan_done benchmark=epfl__random_control__i2c__i2c plan_sec=904.565 plan_csv=autoresearch/eval8-rest7-hybrid-recall-k96-realfault-Bonly-300k-260702-233920/epfl__random_control__i2c__i2c/B_world_rerank/plans/epfl__random_control__i2c__i2c__greedy__cumulative__reward_pred__bw1__d1__c96__g1p0__candheuristic_recall_pool__div0p0__s0.csv
[epfl__random_control__i2c__i2c gpu3] [gmean] 2026-07-02T23:54:25 [1/1] eval_start benchmark=epfl__random_control__i2c__i2c backend=atalanta-bist patterns=300000
[epfl__random_control__i2c__i2c gpu3] [eval epfl__random_control__i2c__i2c] {
[epfl__random_control__i2c__i2c gpu3] [eval epfl__random_control__i2c__i2c]   "records": 2,
[epfl__random_control__i2c__i2c gpu3] [eval epfl__random_control__i2c__i2c]   "labels_csv": "autoresearch/eval8-rest7-hybrid-recall-k96-realfault-Bonly-300k-260702-233920/epfl__random_control__i2c__i2c/B_world_rerank/evals/epfl__random_control__i2c__i2c__greedy__cumulative__reward_pred__bw1__d1__c96__g1p0__candheuristic_recall_pool__div0p0__s0/labels.csv",
[epfl__random_control__i2c__i2c gpu3] [eval epfl__random_control__i2c__i2c]   "summary_json": "autoresearch/eval8-rest7-hybrid-recall-k96-realfault-Bonly-300k-260702-233920/epfl__random_control__i2c__i2c/B_world_rerank/evals/epfl__random_control__i2c__i2c__greedy__cumulative__reward_pred__bw1__d1__c96__g1p0__candheuristic_recall_pool__div0p0__s0/summary.json"
[epfl__random_control__i2c__i2c gpu3] [eval epfl__random_control__i2c__i2c] }
[epfl__random_control__i2c__i2c gpu3] [gmean] 2026-07-02T23:54:25 [1/1] eval_done benchmark=epfl__random_control__i2c__i2c delta_tc=0.01641999999999999 plan_sec=904.565 eval_sec=0.659 total_sec=905.225
[epfl__random_control__i2c__i2c gpu3] [gmean] 2026-07-02T23:54:25 variant_done id=greedy__cumulative__reward_pred__bw1__d1__c96__g1p0__candheuristic_recall_pool__div0p0__s0 status=ok macro=0.01641999999999999 positives=1 negatives=0 elapsed=905.225
[launcher] done benchmark=epfl__random_control__i2c__i2c status=0 log=autoresearch/eval8-rest7-hybrid-recall-k96-realfault-Bonly-300k-260702-233920/logs/epfl__random_control__i2c__i2c.log
[iscas99__b22 gpu2] [plan iscas99__b22] [plan] step=100 node=N3938 type=control1 reward_pred=158.074234 sequence=8402.430703
[iscas99__b22 gpu2] [plan iscas99__b22] [plan] step=101 node=N36214 type=observe reward_pred=154.765961 sequence=8557.196663
[iscas99__b22 gpu2] [plan iscas99__b22] [plan] step=102 node=N5501 type=observe reward_pred=150.018265 sequence=8707.214928
[iscas99__b22 gpu2] [plan iscas99__b22] [plan] step=103 node=N34860 type=control0 reward_pred=146.318832 sequence=8853.533760
[iscas99__b22 gpu2] [plan iscas99__b22] [plan] step=104 node=N34860 type=control1 reward_pred=143.997345 sequence=8997.531105
[iscas99__b22 gpu2] [plan iscas99__b22] [plan] step=105 node=N1758 type=observe reward_pred=142.045410 sequence=9139.576516
[iscas99__b22 gpu2] [plan iscas99__b22] [plan] step=106 node=N14397 type=observe reward_pred=140.800446 sequence=9280.376961
[iscas99__b22 gpu2] [plan iscas99__b22] [plan] step=107 node=N14401 type=observe reward_pred=139.149155 sequence=9419.526116
[iscas99__b22 gpu2] [plan iscas99__b22] [plan] step=108 node=N64268 type=observe reward_pred=137.994843 sequence=9557.520958
[iscas99__b22 gpu2] [plan iscas99__b22] [plan] step=109 node=N64283 type=observe reward_pred=137.365875 sequence=9694.886834
[iscas99__b22 gpu2] [plan iscas99__b22] [plan] step=110 node=N3937 type=control1 reward_pred=144.466354 sequence=9839.353188
[iscas99__b22 gpu2] [plan iscas99__b22] [plan] step=111 node=N64287 type=observe reward_pred=142.356781 sequence=9981.709969
[iscas99__b22 gpu2] [plan iscas99__b22] [plan] step=112 node=N14477 type=observe reward_pred=141.500931 sequence=10123.210900
[iscas99__b22 gpu2] [plan iscas99__b22] [plan] step=113 node=N62390 type=control1 reward_pred=148.358093 sequence=10271.568993
[iscas99__b22 gpu2] [plan iscas99__b22] [plan] step=114 node=N14474 type=observe reward_pred=146.803680 sequence=10418.372673
[iscas99__b22 gpu2] [plan iscas99__b22] [plan] step=115 node=N36388 type=control1 reward_pred=152.517639 sequence=10570.890313
[iscas99__b22 gpu2] [plan iscas99__b22] [plan] step=116 node=N14413 type=observe reward_pred=158.347534 sequence=10729.237847
[iscas99__b22 gpu2] [plan iscas99__b22] [plan] step=117 node=N14483 type=observe reward_pred=156.317154 sequence=10885.555001
[iscas99__b22 gpu2] [plan iscas99__b22] [plan] step=118 node=N14480 type=observe reward_pred=155.969406 sequence=11041.524407
[iscas99__b22 gpu2] [plan iscas99__b22] [plan] step=119 node=N14453 type=observe reward_pred=156.607193 sequence=11198.131600
[iscas99__b22 gpu2] [plan iscas99__b22] [plan] step=120 node=N34857 type=observe reward_pred=157.185623 sequence=11355.317223
[iscas99__b22 gpu2] [plan iscas99__b22] [plan] step=121 node=N64149 type=control0 reward_pred=163.747009 sequence=11519.064232
[iscas99__b22 gpu2] [plan iscas99__b22] [plan] step=122 node=N36062 type=observe reward_pred=163.556763 sequence=11682.620995
[iscas99__b22 gpu2] [plan iscas99__b22] [plan] step=123 node=N36182 type=observe reward_pred=164.449646 sequence=11847.070641
[iscas99__b22 gpu2] [plan iscas99__b22] [plan] step=124 node=N1171 type=control1 reward_pred=171.537598 sequence=12018.608239
[iscas99__b22 gpu2] [plan iscas99__b22] [plan] step=125 node=N36101 type=observe reward_pred=177.425842 sequence=12196.034081
[iscas99__b22 gpu2] [plan iscas99__b22] [plan] step=126 node=N64043 type=control0 reward_pred=182.893097 sequence=12378.927178
[iscas99__b22 gpu2] [plan iscas99__b22] [plan] step=127 node=N14471 type=observe reward_pred=184.130814 sequence=12563.057991
[iscas99__b22 gpu2] [plan iscas99__b22] [plan] step=128 node=N36614 type=observe reward_pred=190.859619 sequence=12753.917611
[iscas99__b22 gpu2] [plan iscas99__b22] [plan] step=129 node=N14456 type=observe reward_pred=189.950333 sequence=12943.867943
[iscas99__b22 gpu2] [plan iscas99__b22] [plan] step=130 node=N36628 type=control1 reward_pred=197.503738 sequence=13141.371682
[iscas99__b22 gpu2] [plan iscas99__b22] [plan] step=131 node=N44331 type=observe reward_pred=204.000519 sequence=13345.372200
[iscas99__b22 gpu2] [plan iscas99__b22] [plan] step=132 node=N33129 type=observe reward_pred=202.552460 sequence=13547.924660
[iscas99__b22 gpu2] [plan iscas99__b22] [plan] step=133 node=N30499 type=observe reward_pred=210.459137 sequence=13758.383797
[iscas99__b22 gpu2] [plan iscas99__b22] [plan] step=134 node=N30508 type=observe reward_pred=217.356262 sequence=13975.740059
[iscas99__b22 gpu2] [plan iscas99__b22] [plan] step=135 node=N44332 type=observe reward_pred=223.748718 sequence=14199.488778
[iscas99__b22 gpu2] [plan iscas99__b22] [plan] step=136 node=N14407 type=observe reward_pred=230.842316 sequence=14430.331093
[iscas99__b22 gpu2] [plan iscas99__b22] [plan] step=137 node=N36388 type=control0 reward_pred=237.635284 sequence=14667.966378
[iscas99__b22 gpu2] [plan iscas99__b22] [plan] step=138 node=N14486 type=observe reward_pred=238.933456 sequence=14906.899834
[iscas99__b22 gpu2] [plan iscas99__b22] [plan] step=139 node=N14525 type=control0 reward_pred=238.581375 sequence=15145.481209
[iscas99__b22 gpu2] [plan iscas99__b22] [plan] step=140 node=N44338 type=observe reward_pred=247.581268 sequence=15393.062477
[iscas99__b22 gpu2] [plan iscas99__b22] [plan] step=141 node=N44343 type=observe reward_pred=253.056137 sequence=15646.118615
[iscas99__b22 gpu2] [plan iscas99__b22] [plan] step=142 node=N44344 type=observe reward_pred=257.929016 sequence=15904.047631
[iscas99__b22 gpu2] [plan iscas99__b22] [plan] step=143 node=N44349 type=observe reward_pred=266.272888 sequence=16170.320519
[iscas99__b22 gpu2] [plan iscas99__b22] [plan] step=144 node=N44350 type=observe reward_pred=274.328583 sequence=16444.649102
[iscas99__b22 gpu2] [plan iscas99__b22] [plan] step=145 node=N44355 type=observe reward_pred=282.565369 sequence=16727.214470
[iscas99__b22 gpu2] [plan iscas99__b22] [plan] step=146 node=N14450 type=observe reward_pred=281.420258 sequence=17008.634728
[iscas99__b22 gpu2] [plan iscas99__b22] [plan] step=147 node=N21135 type=observe reward_pred=282.835663 sequence=17291.470391
[iscas99__b22 gpu2] [plan iscas99__b22] [plan] step=148 node=N15291 type=observe reward_pred=285.648041 sequence=17577.118431
[iscas99__b22 gpu2] [plan iscas99__b22] [plan] step=149 node=N20634 type=observe reward_pred=289.363678 sequence=17866.482109
[iscas99__b22 gpu2] [plan iscas99__b22] [plan] step=150 node=N22256 type=observe reward_pred=293.670197 sequence=18160.152306
[iscas99__b22 gpu2] [plan iscas99__b22] [plan] step=151 node=N13346 type=observe reward_pred=298.405853 sequence=18458.558159
[iscas99__b22 gpu2] [plan iscas99__b22] [plan] step=152 node=N16819 type=observe reward_pred=303.539215 sequence=18762.097374
[iscas99__b22 gpu2] [plan iscas99__b22] [plan] step=153 node=N17317 type=observe reward_pred=308.936676 sequence=19071.034050
[iscas99__b22 gpu2] [plan iscas99__b22] [plan] step=154 node=N29719 type=observe reward_pred=314.417938 sequence=19385.451989
[iscas99__b22 gpu2] [plan iscas99__b22] [plan] step=155 node=N26816 type=observe reward_pred=320.336914 sequence=19705.788903
[iscas99__b22 gpu2] [plan iscas99__b22] [plan] step=156 node=N27319 type=observe reward_pred=326.658997 sequence=20032.447899
[iscas99__b22 gpu2] [plan iscas99__b22] [plan] step=157 node=N27820 type=observe reward_pred=333.373169 sequence=20365.821068
[iscas99__b22 gpu2] [plan iscas99__b22] [plan] step=158 node=N20133 type=observe reward_pred=340.152435 sequence=20705.973503
[iscas99__b22 gpu2] [plan iscas99__b22] [plan] step=159 node=N3282 type=observe reward_pred=347.279510 sequence=21053.253014
[iscas99__b22 gpu2] [plan iscas99__b22] [plan] step=160 node=N17815 type=observe reward_pred=354.805511 sequence=21408.058525
[iscas99__b22 gpu2] [plan iscas99__b22] [plan] step=161 node=N13352 type=observe reward_pred=360.941681 sequence=21769.000206
[iscas99__b22 gpu2] [plan iscas99__b22] [plan] step=162 node=N21141 type=observe reward_pred=367.862152 sequence=22136.862358
[iscas99__b22 gpu2] [plan iscas99__b22] [plan] step=163 node=N16825 type=observe reward_pred=375.338043 sequence=22512.200402
[iscas99__b22 gpu2] [plan iscas99__b22] [plan] step=164 node=N20640 type=observe reward_pred=383.270508 sequence=22895.470909
[iscas99__b22 gpu2] [plan iscas99__b22] [plan] step=165 node=N17323 type=observe reward_pred=391.611725 sequence=23287.082634
[iscas99__b22 gpu2] [plan iscas99__b22] [plan] step=166 node=N22262 type=observe reward_pred=400.322723 sequence=23687.405358
[iscas99__b22 gpu2] [plan iscas99__b22] [plan] step=167 node=N21581 type=observe reward_pred=412.765778 sequence=24100.171135
[iscas99__b22 gpu2] [plan iscas99__b22] [plan] step=168 node=N1590 type=control0 reward_pred=421.271393 sequence=24521.442528
[iscas99__b22 gpu2] [plan iscas99__b22] [plan] step=169 node=N1590 type=control1 reward_pred=430.892853 sequence=24952.335381
[iscas99__b22 gpu2] [plan iscas99__b22] [plan] step=170 node=N29725 type=observe reward_pred=440.619873 sequence=25392.955254
[iscas99__b22 gpu2] [plan iscas99__b22] [plan] step=171 node=N26822 type=observe reward_pred=450.950043 sequence=25843.905297
[iscas99__b22 gpu2] [plan iscas99__b22] [plan] step=172 node=N24214 type=observe reward_pred=463.272675 sequence=26307.177971
[iscas99__b22 gpu2] [plan iscas99__b22] [plan] step=173 node=N27325 type=observe reward_pred=474.011505 sequence=26781.189476
[iscas99__b22 gpu2] [plan iscas99__b22] [plan] step=174 node=N6885 type=observe reward_pred=488.129211 sequence=27269.318688
[iscas99__b22 gpu2] [plan iscas99__b22] [plan] step=175 node=N28268 type=observe reward_pred=502.351898 sequence=27771.670586
[iscas99__b22 gpu2] [plan iscas99__b22] [plan] step=176 node=N15299 type=observe reward_pred=516.372559 sequence=28288.043145
[iscas99__b22 gpu2] [plan iscas99__b22] [plan] step=177 node=N27826 type=observe reward_pred=527.176636 sequence=28815.219780
[iscas99__b22 gpu2] [plan iscas99__b22] [plan] step=178 node=N20139 type=observe reward_pred=538.660217 sequence=29353.879998
[iscas99__b22 gpu2] [plan iscas99__b22] [plan] step=179 node=N17821 type=observe reward_pred=550.957031 sequence=29904.837029
[iscas99__b22 gpu2] [plan iscas99__b22] [plan] step=180 node=N21613 type=observe reward_pred=567.804810 sequence=30472.641838
[iscas99__b22 gpu2] [plan iscas99__b22] [plan] step=181 node=N14444 type=observe reward_pred=579.595093 sequence=31052.236931
[iscas99__b22 gpu2] [plan iscas99__b22] [plan] step=182 node=N28667 type=observe reward_pred=590.691223 sequence=31642.928154
[iscas99__b22 gpu2] [plan iscas99__b22] [plan] step=183 node=N25376 type=observe reward_pred=603.366211 sequence=32246.294365
[iscas99__b22 gpu2] [plan iscas99__b22] [plan] step=184 node=N28296 type=observe reward_pred=622.315674 sequence=32868.610039
[iscas99__b22 gpu2] [plan iscas99__b22] [plan] step=185 node=N1337 type=observe reward_pred=639.758423 sequence=33508.368462
[iscas99__b22 gpu2] [plan iscas99__b22] [plan] step=186 node=N1336 type=observe reward_pred=657.517273 sequence=34165.885735
[iscas99__b22 gpu2] [plan iscas99__b22] [plan] step=187 node=N1346 type=observe reward_pred=675.933594 sequence=34841.819329
[iscas99__b22 gpu2] [plan iscas99__b22] [plan] step=188 node=N1349 type=observe reward_pred=694.735352 sequence=35536.554680
[iscas99__b22 gpu2] [plan iscas99__b22] [plan] step=189 node=N1350 type=observe reward_pred=714.152161 sequence=36250.706841
[iscas99__b22 gpu2] [plan iscas99__b22] [plan] step=190 node=N1356 type=observe reward_pred=734.033875 sequence=36984.740715
[iscas99__b22 gpu2] [plan iscas99__b22] [plan] step=191 node=N1345 type=observe reward_pred=754.472778 sequence=37739.213494
[iscas99__b22 gpu2] [plan iscas99__b22] [plan] step=192 node=N1355 type=observe reward_pred=775.422974 sequence=38514.636467
[iscas99__b22 gpu2] [plan iscas99__b22] [plan] step=193 node=N1348 type=observe reward_pred=796.998291 sequence=39311.634758
[iscas99__b22 gpu2] [plan iscas99__b22] [plan] step=194 node=N1342 type=observe reward_pred=818.950012 sequence=40130.584771
[iscas99__b22 gpu2] [plan iscas99__b22] [plan] step=195 node=N1360 type=observe reward_pred=841.595947 sequence=40972.180718
[iscas99__b17 gpu5] [plan iscas99__b17] [plan] step=102 node=N3332 type=observe reward_pred=76.625427 sequence=2113.720701
[iscas99__b17 gpu5] [plan iscas99__b17] [plan] step=103 node=N2723 type=control0 reward_pred=78.920540 sequence=2192.641241
[iscas99__b17 gpu5] [plan iscas99__b17] [plan] step=104 node=N2723 type=control1 reward_pred=81.527214 sequence=2274.168455
[iscas99__b17 gpu5] [plan iscas99__b17] [plan] step=105 node=N3386 type=observe reward_pred=84.038353 sequence=2358.206808
[iscas99__b17 gpu5] [plan iscas99__b17] [plan] step=106 node=N40887 type=observe reward_pred=86.490356 sequence=2444.697164
[iscas99__b17 gpu5] [plan iscas99__b17] [plan] step=107 node=N40910 type=observe reward_pred=89.040749 sequence=2533.737913
[iscas99__b17 gpu5] [plan iscas99__b17] [plan] step=108 node=N40933 type=observe reward_pred=91.690315 sequence=2625.428228
[iscas99__b17 gpu5] [plan iscas99__b17] [plan] step=109 node=N40956 type=observe reward_pred=94.404388 sequence=2719.832616
[iscas99__b17 gpu5] [plan iscas99__b17] [plan] step=110 node=N71669 type=observe reward_pred=97.096809 sequence=2816.929426
[iscas99__b17 gpu5] [plan iscas99__b17] [plan] step=111 node=N40886 type=observe reward_pred=99.996674 sequence=2916.926099
[iscas99__b17 gpu5] [plan iscas99__b17] [plan] step=112 node=N40909 type=observe reward_pred=102.966064 sequence=3019.892164
[iscas99__b17 gpu5] [plan iscas99__b17] [plan] step=113 node=N40932 type=observe reward_pred=106.008888 sequence=3125.901052
[iscas99__b17 gpu5] [plan iscas99__b17] [plan] step=114 node=N40955 type=observe reward_pred=109.130722 sequence=3235.031774
[iscas99__b17 gpu5] [plan iscas99__b17] [plan] step=115 node=N71637 type=observe reward_pred=112.242668 sequence=3347.274442
[iscas99__b17 gpu5] [plan iscas99__b17] [plan] step=116 node=N40841 type=observe reward_pred=115.538795 sequence=3462.813238
[iscas99__b17 gpu5] [plan iscas99__b17] [plan] step=117 node=N40979 type=observe reward_pred=118.928093 sequence=3581.741331
[iscas99__b17 gpu5] [plan iscas99__b17] [plan] step=118 node=N40840 type=observe reward_pred=122.404793 sequence=3704.146123
[iscas99__b17 gpu5] [plan iscas99__b17] [plan] step=119 node=N40978 type=observe reward_pred=125.972687 sequence=3830.118810
[iscas99__b17 gpu5] [plan iscas99__b17] [plan] step=120 node=N40864 type=observe reward_pred=129.636978 sequence=3959.755788
[iscas99__b17 gpu5] [plan iscas99__b17] [plan] step=121 node=N40863 type=observe reward_pred=133.399445 sequence=4093.155233
[iscas99__b17 gpu5] [plan iscas99__b17] [plan] step=122 node=N40818 type=observe reward_pred=137.272797 sequence=4230.428030
[iscas99__b17 gpu5] [plan iscas99__b17] [plan] step=123 node=N40817 type=observe reward_pred=141.246552 sequence=4371.674581
[iscas99__b17 gpu5] [plan iscas99__b17] [plan] step=124 node=N41071 type=observe reward_pred=145.322601 sequence=4516.997182
[iscas99__b17 gpu5] [plan iscas99__b17] [plan] step=125 node=N41234 type=observe reward_pred=149.498856 sequence=4666.496038
[iscas99__b17 gpu5] [plan iscas99__b17] [plan] step=126 node=N41378 type=observe reward_pred=153.794647 sequence=4820.290685
[iscas99__b17 gpu5] [plan iscas99__b17] [plan] step=127 node=N41447 type=observe reward_pred=158.215271 sequence=4978.505956
[iscas99__b17 gpu5] [plan iscas99__b17] [plan] step=128 node=N41070 type=observe reward_pred=162.740997 sequence=5141.246953
[iscas99__b17 gpu5] [plan iscas99__b17] [plan] step=129 node=N41233 type=observe reward_pred=167.394196 sequence=5308.641149
[iscas99__b17 gpu5] [plan iscas99__b17] [plan] step=130 node=N41377 type=observe reward_pred=172.179504 sequence=5480.820653
[iscas99__b17 gpu5] [plan iscas99__b17] [plan] step=131 node=N41446 type=observe reward_pred=177.091660 sequence=5657.912313
[iscas99__b17 gpu5] [plan iscas99__b17] [plan] step=132 node=N41025 type=observe reward_pred=182.126801 sequence=5840.039113
[iscas99__b17 gpu5] [plan iscas99__b17] [plan] step=133 node=N41094 type=observe reward_pred=187.302963 sequence=6027.342077
[iscas99__b17 gpu5] [plan iscas99__b17] [plan] step=134 node=N41142 type=observe reward_pred=192.619003 sequence=6219.961080
[iscas99__b17 gpu5] [plan iscas99__b17] [plan] step=135 node=N41188 type=observe reward_pred=198.078552 sequence=6418.039632
[iscas99__b17 gpu5] [plan iscas99__b17] [plan] step=136 node=N41258 type=observe reward_pred=203.685349 sequence=6621.724981
[iscas99__b17 gpu5] [plan iscas99__b17] [plan] step=137 node=N41282 type=observe reward_pred=209.443329 sequence=6831.168310
[iscas99__b17 gpu5] [plan iscas99__b17] [plan] step=138 node=N41330 type=observe reward_pred=215.356567 sequence=7046.524877
[iscas99__b17 gpu5] [plan iscas99__b17] [plan] step=139 node=N41401 type=observe reward_pred=221.429199 sequence=7267.954076
[iscas99__b17 gpu5] [plan iscas99__b17] [plan] step=140 node=N41470 type=observe reward_pred=227.665451 sequence=7495.619527
[iscas99__b17 gpu5] [plan iscas99__b17] [plan] step=141 node=N41024 type=observe reward_pred=234.074188 sequence=7729.693716
[iscas99__b17 gpu5] [plan iscas99__b17] [plan] step=142 node=N41093 type=observe reward_pred=240.648148 sequence=7970.341863
[iscas99__b17 gpu5] [plan iscas99__b17] [plan] step=143 node=N41141 type=observe reward_pred=247.401993 sequence=8217.743856
[iscas99__b17 gpu5] [plan iscas99__b17] [plan] step=144 node=N41187 type=observe reward_pred=254.337936 sequence=8472.081792
[iscas99__b17 gpu5] [plan iscas99__b17] [plan] step=145 node=N41257 type=observe reward_pred=261.460754 sequence=8733.542547
[iscas99__b17 gpu5] [plan iscas99__b17] [plan] step=146 node=N41281 type=observe reward_pred=268.777374 sequence=9002.319921
[iscas99__b17 gpu5] [plan iscas99__b17] [plan] step=147 node=N41329 type=observe reward_pred=276.290070 sequence=9278.609991
[iscas99__b17 gpu5] [plan iscas99__b17] [plan] step=148 node=N41400 type=observe reward_pred=284.002869 sequence=9562.612859
[iscas99__b17 gpu5] [plan iscas99__b17] [plan] step=149 node=N41469 type=observe reward_pred=291.924561 sequence=9854.537420
[iscas99__b17 gpu5] [plan iscas99__b17] [plan] step=150 node=N41118 type=observe reward_pred=300.059723 sequence=10154.597143
[iscas99__b17 gpu5] [plan iscas99__b17] [plan] step=151 node=N41165 type=observe reward_pred=308.415192 sequence=10463.012334
[iscas99__b17 gpu5] [plan iscas99__b17] [plan] step=152 node=N41306 type=observe reward_pred=316.993958 sequence=10780.006292
[iscas99__b17 gpu5] [plan iscas99__b17] [plan] step=153 node=N41424 type=observe reward_pred=325.804382 sequence=11105.810674
[iscas99__b17 gpu5] [plan iscas99__b17] [plan] step=154 node=N43599 type=control1 reward_pred=334.797577 sequence=11440.608251
[iscas99__b17 gpu5] [plan iscas99__b17] [plan] step=155 node=N41117 type=observe reward_pred=344.107483 sequence=11784.715734
[iscas99__b17 gpu5] [plan iscas99__b17] [plan] step=156 node=N41164 type=observe reward_pred=353.655579 sequence=12138.371313
[iscas99__b17 gpu5] [plan iscas99__b17] [plan] step=157 node=N41305 type=observe reward_pred=363.457642 sequence=12501.828954
[iscas99__b17 gpu5] [plan iscas99__b17] [plan] step=158 node=N41423 type=observe reward_pred=373.522095 sequence=12875.351049
[iscas99__b17 gpu5] [plan iscas99__b17] [plan] step=159 node=N41211 type=observe reward_pred=383.856842 sequence=13259.207891
[iscas99__b17 gpu5] [plan iscas99__b17] [plan] step=160 node=N41002 type=observe reward_pred=394.469269 sequence=13653.677160
[iscas99__b17 gpu5] [plan iscas99__b17] [plan] step=161 node=N41048 type=observe reward_pred=405.367188 sequence=14059.044347
[iscas99__b17 gpu5] [plan iscas99__b17] [plan] step=162 node=N41354 type=observe reward_pred=416.558411 sequence=14475.602758
[iscas99__b17 gpu5] [plan iscas99__b17] [plan] step=163 node=N41210 type=observe reward_pred=428.050537 sequence=14903.653295
[iscas99__b17 gpu5] [plan iscas99__b17] [plan] step=164 node=N41001 type=observe reward_pred=439.852692 sequence=15343.505987
[iscas99__b17 gpu5] [plan iscas99__b17] [plan] step=165 node=N41047 type=observe reward_pred=451.972107 sequence=15795.478094
[iscas99__b17 gpu5] [plan iscas99__b17] [plan] step=166 node=N41353 type=observe reward_pred=464.417725 sequence=16259.895818
[iscas99__b17 gpu5] [plan iscas99__b17] [plan] step=167 node=N41493 type=observe reward_pred=477.198425 sequence=16737.094243
[iscas99__b17 gpu5] [plan iscas99__b17] [plan] step=168 node=N41492 type=observe reward_pred=490.323090 sequence=17227.417333
[iscas99__b17 gpu5] [plan iscas99__b17] [plan] step=169 node=N40795 type=observe reward_pred=503.801361 sequence=17731.218694
[iscas99__b17 gpu5] [plan iscas99__b17] [plan] step=170 node=N71670 type=observe reward_pred=517.526978 sequence=18248.745672
[iscas99__b17 gpu5] [plan iscas99__b17] [plan] step=171 node=N40794 type=observe reward_pred=531.770020 sequence=18780.515691
[iscas99__b17 gpu5] [plan iscas99__b17] [plan] step=172 node=N3340 type=observe reward_pred=546.543701 sequence=19327.059392
[iscas99__b17 gpu5] [plan iscas99__b17] [plan] step=173 node=N3325 type=observe reward_pred=561.635254 sequence=19888.694646
[iscas99__b17 gpu5] [plan iscas99__b17] [plan] step=174 node=N9217 type=observe reward_pred=577.087891 sequence=20465.782537
[iscas99__b17 gpu5] [plan iscas99__b17] [plan] step=175 node=N71675 type=observe reward_pred=592.713745 sequence=21058.496282
[iscas99__b17 gpu5] [plan iscas99__b17] [plan] step=176 node=N27225 type=control1 reward_pred=608.865723 sequence=21667.362005
[iscas99__b17 gpu5] [plan iscas99__b17] [plan] step=177 node=N71677 type=observe reward_pred=625.442139 sequence=22292.804143
[iscas99__b17 gpu5] [plan iscas99__b17] [plan] step=178 node=N39616 type=observe reward_pred=642.814697 sequence=22935.618841
[iscas99__b17 gpu5] [plan iscas99__b17] [plan] step=179 node=N40772 type=observe reward_pred=660.346313 sequence=23595.965154
[iscas99__b17 gpu5] [plan iscas99__b17] [plan] step=180 node=N40771 type=observe reward_pred=678.392090 sequence=24274.357244
[iscas99__b17 gpu5] [plan iscas99__b17] [plan] step=181 node=N3362 type=observe reward_pred=697.091125 sequence=24971.448369
[iscas99__b17 gpu5] [plan iscas99__b17] [plan] step=182 node=N3370 type=observe reward_pred=716.234863 sequence=25687.683233
[iscas99__b17 gpu5] [plan iscas99__b17] [plan] step=183 node=N3378 type=observe reward_pred=735.867004 sequence=26423.550237
[iscas99__b17 gpu5] [plan iscas99__b17] [plan] step=184 node=N3346 type=observe reward_pred=756.019653 sequence=27179.569890
[iscas99__b17 gpu5] [plan iscas99__b17] [plan] step=185 node=N3354 type=observe reward_pred=776.709473 sequence=27956.279363
[iscas99__b17 gpu5] [plan iscas99__b17] [plan] step=186 node=N71673 type=observe reward_pred=797.684692 sequence=28753.964056
[iscas99__b17 gpu5] [plan iscas99__b17] [plan] step=187 node=N71678 type=observe reward_pred=819.303345 sequence=29573.267400
[iscas99__b17 gpu5] [plan iscas99__b17] [plan] step=188 node=N7632 type=observe reward_pred=841.936646 sequence=30415.204046
[iscas99__b17 gpu5] [plan iscas99__b17] [plan] step=189 node=N3394 type=observe reward_pred=864.954102 sequence=31280.158147
[iscas99__b17 gpu5] [plan iscas99__b17] [plan] step=190 node=N2858 type=control0 reward_pred=888.416016 sequence=32168.574163
[iscas99__b17 gpu5] [plan iscas99__b17] [plan] step=191 node=N7642 type=observe reward_pred=912.834961 sequence=33081.409124
[iscas99__b17 gpu5] [plan iscas99__b17] [plan] step=192 node=N3331 type=observe reward_pred=937.713867 sequence=34019.122991
[iscas99__b17 gpu5] [plan iscas99__b17] [plan] step=193 node=N3422 type=observe reward_pred=963.276794 sequence=34982.399785
[iscas99__b17 gpu5] [plan iscas99__b17] [plan] step=194 node=N3470 type=observe reward_pred=989.518433 sequence=35971.918218
[iscas99__b17 gpu5] [plan iscas99__b17] [plan] step=195 node=N3527 type=observe reward_pred=1016.468079 sequence=36988.386297
[iscas99__b17 gpu5] [plan iscas99__b17] [plan] step=196 node=N3554 type=observe reward_pred=1044.145264 sequence=38032.531560
[iscas99__b17 gpu5] [plan iscas99__b17] [plan] step=197 node=N3408 type=observe reward_pred=1072.569336 sequence=39105.100896
[iscas99__b17 gpu5] [plan iscas99__b17] [plan] step=198 node=N3428 type=observe reward_pred=1101.760986 sequence=40206.861883
[iscas99__b20 gpu1] [plan iscas99__b20] [plan] step=195 node=N31913 type=observe reward_pred=1245.539551 sequence=60728.791989
[iscas99__b20 gpu1] [plan iscas99__b20] [plan] step=196 node=N31919 type=observe reward_pred=1280.074463 sequence=62008.866452
[iscas99__b20 gpu1] [plan iscas99__b20] [plan] step=197 node=N31920 type=observe reward_pred=1315.550171 sequence=63324.416623
[iscas99__b20 gpu1] [plan iscas99__b20] [plan] step=198 node=N31922 type=observe reward_pred=1351.931274 sequence=64676.347898
[iscas99__b20 gpu1] [plan iscas99__b20] [plan] step=199 node=N31925 type=observe reward_pred=1389.296143 sequence=66065.644040
[iscas99__b20 gpu1] [plan iscas99__b20] [plan] step=200 node=N31928 type=observe reward_pred=1427.636475 sequence=67493.280515
[iscas99__b20 gpu1] [plan iscas99__b20] [plan] step=201 node=N31926 type=observe reward_pred=1467.021362 sequence=68960.301877
[iscas99__b20 gpu1] [plan iscas99__b20] [plan] step=202 node=N23520 type=control0 reward_pred=1507.030884 sequence=70467.332761
[iscas99__b20 gpu1] [plan iscas99__b20] [plan] step=203 node=N23522 type=control0 reward_pred=1548.215942 sequence=72015.548703
[iscas99__b20 gpu1] [plan iscas99__b20] [plan] step=204 node=N1170 type=control1 reward_pred=1590.857178 sequence=73606.405881
[iscas99__b20 gpu1] [plan iscas99__b20] [plan] step=205 node=N14401 type=observe reward_pred=1613.237061 sequence=75219.642941
[iscas99__b20 gpu1] [plan iscas99__b20] [plan] step=206 node=N16724 type=observe reward_pred=1656.388550 sequence=76876.031491
[iscas99__b20 gpu1] [plan iscas99__b20] [plan] step=207 node=N1182 type=control1 reward_pred=1685.472412 sequence=78561.503903
[iscas99__b20 gpu1] [plan iscas99__b20] [plan] step=208 node=N1182 type=control0 reward_pred=1719.702881 sequence=80281.206784
[iscas99__b20 gpu1] [plan iscas99__b20] [plan] step=209 node=N1236 type=control0 reward_pred=1754.769165 sequence=82035.975949
[iscas99__b20 gpu1] [plan iscas99__b20] [plan] step=210 node=N1236 type=control1 reward_pred=1792.908691 sequence=83828.884641
[iscas99__b20 gpu1] [plan iscas99__b20] [plan] step=211 node=N11016 type=observe reward_pred=1831.865967 sequence=85660.750608
[iscas99__b20 gpu1] [plan iscas99__b20] [plan] step=212 node=N18938 type=observe reward_pred=1867.576294 sequence=87528.326901
[iscas99__b20 gpu1] [plan iscas99__b20] [plan] step=213 node=N15630 type=observe reward_pred=1906.979492 sequence=89435.306394
[iscas99__b20 gpu1] [plan iscas99__b20] [plan] step=214 node=N14599 type=observe reward_pred=1948.887085 sequence=91384.193479
[iscas99__b20 gpu1] [plan iscas99__b20] [plan] step=215 node=N994 type=observe reward_pred=2005.708374 sequence=93389.901853
[iscas99__b20 gpu1] [plan iscas99__b20] [plan] step=216 node=N993 type=observe reward_pred=2062.501465 sequence=95452.403317
[iscas99__b20 gpu1] [plan iscas99__b20] [plan] step=217 node=N19175 type=observe reward_pred=2121.217285 sequence=97573.620603
[iscas99__b20 gpu1] [plan iscas99__b20] [plan] step=218 node=N15867 type=observe reward_pred=2180.611084 sequence=99754.231687
[iscas99__b20 gpu1] [plan iscas99__b20] [plan] step=219 node=N14836 type=observe reward_pred=2241.240234 sequence=101995.471921
[iscas99__b20 gpu1] [plan iscas99__b20] [plan] step=220 node=N998 type=observe reward_pred=2302.017578 sequence=104297.489499
[iscas99__b20 gpu1] [plan iscas99__b20] [plan] step=221 node=N1002 type=observe reward_pred=2364.084229 sequence=106661.573728
[iscas99__b20 gpu1] [plan iscas99__b20] [plan] step=222 node=N1003 type=observe reward_pred=2427.751221 sequence=109089.324948
[iscas99__b20 gpu1] [plan iscas99__b20] [plan] step=223 node=N1006 type=observe reward_pred=2493.638916 sequence=111582.963864
[iscas99__b20 gpu1] [plan iscas99__b20] [plan] step=224 node=N1007 type=observe reward_pred=2560.920898 sequence=114143.884763
[iscas99__b20 gpu1] [plan iscas99__b20] [plan] step=225 node=N1012 type=observe reward_pred=2630.865967 sequence=116774.750730
[iscas99__b20 gpu1] [plan iscas99__b20] [plan] step=226 node=N1013 type=observe reward_pred=2702.207031 sequence=119476.957761
[iscas99__b20 gpu1] [plan iscas99__b20] [plan] step=227 node=N1005 type=observe reward_pred=2775.292480 sequence=122252.250241
[iscas99__b20 gpu1] [plan iscas99__b20] [plan] step=228 node=N1010 type=observe reward_pred=2850.414795 sequence=125102.665036
[iscas99__b20 gpu1] [plan iscas99__b20] [plan] step=229 node=N1011 type=observe reward_pred=2927.578857 sequence=128030.243894
[iscas99__b20 gpu1] [plan iscas99__b20] [plan] step=230 node=N1015 type=observe reward_pred=3007.293701 sequence=131037.537595
[iscas99__b20 gpu1] [plan iscas99__b20] [plan] step=231 node=N1016 type=observe reward_pred=3089.023193 sequence=134126.560788
[iscas99__b20 gpu1] [plan iscas99__b20] [plan] step=232 node=N999 type=observe reward_pred=3172.556396 sequence=137299.117185
[iscas99__b20 gpu1] [plan iscas99__b20] [plan] step=233 node=N1017 type=observe reward_pred=3258.744385 sequence=140557.861569
[iscas99__b20 gpu1] [plan iscas99__b20] [plan] step=234 node=N997 type=observe reward_pred=3347.140381 sequence=143905.001950
[iscas99__b20 gpu1] [plan iscas99__b20] [plan] step=235 node=N4183 type=observe reward_pred=3438.204102 sequence=147343.206052
[iscas99__b20 gpu1] [plan iscas99__b20] [plan] step=236 node=N1001 type=observe reward_pred=3531.022949 sequence=150874.229001
[iscas99__b20 gpu1] [plan iscas99__b20] [plan] step=237 node=N1004 type=observe reward_pred=3625.900879 sequence=154500.129880
[iscas99__b20 gpu1] [plan iscas99__b20] [plan] step=238 node=N1008 type=observe reward_pred=3723.511230 sequence=158223.641110
[iscas99__b20 gpu1] [plan iscas99__b20] [plan] step=239 node=N1009 type=observe reward_pred=3824.303711 sequence=162047.944821
[iscas99__b20 gpu1] [plan iscas99__b20] [plan] step=240 node=N1014 type=observe reward_pred=3928.099854 sequence=165976.044675
[iscas99__b20 gpu1] [plan iscas99__b20] [plan] step=241 node=N16351 type=observe reward_pred=4034.811768 sequence=170010.856442
[iscas99__b20 gpu1] [plan iscas99__b20] [plan] step=242 node=N1000 type=observe reward_pred=4143.913086 sequence=174154.769528
[iscas99__b20 gpu1] [plan iscas99__b20] [plan] step=243 node=N1019 type=observe reward_pred=4256.289062 sequence=178411.058591
[iscas99__b20 gpu1] [plan iscas99__b20] [plan] step=244 node=N995 type=observe reward_pred=4371.358398 sequence=182782.416989
[iscas99__b20 gpu1] [plan iscas99__b20] [plan] step=245 node=N996 type=observe reward_pred=4489.845215 sequence=187272.262204
[iscas99__b20 gpu1] [plan iscas99__b20] [plan] step=246 node=N1018 type=observe reward_pred=4611.485840 sequence=191883.748044
[iscas99__b20 gpu1] [plan iscas99__b20] [plan] step=247 node=N4898 type=control0 reward_pred=4691.591797 sequence=196575.339841
[iscas99__b20 gpu1] [plan iscas99__b20] [plan] step=248 node=N52915 type=control0 reward_pred=4829.172363 sequence=201404.512204
[iscas99__b20 gpu1] [plan iscas99__b20] [plan] step=249 node=N52916 type=control0 reward_pred=4962.799805 sequence=206367.312009
[iscas99__b20 gpu1] [plan iscas99__b20] [plan] step=250 node=N8674 type=control0 reward_pred=5055.980957 sequence=211423.292966
[iscas99__b20 gpu1] [plan iscas99__b20] [plan] step=251 node=N16114 type=observe reward_pred=5162.328613 sequence=216585.621579
[iscas99__b20 gpu1] [plan iscas99__b20] [plan] step=252 node=N46077 type=observe reward_pred=5270.414551 sequence=221856.036130
[iscas99__b20 gpu1] [plan iscas99__b20] [plan] step=253 node=N20624 type=control0 reward_pred=5427.816406 sequence=227283.852536
[iscas99__b20 gpu1] [plan iscas99__b20] [plan] step=254 node=N31863 type=observe reward_pred=5580.557617 sequence=232864.410153
[iscas99__b20 gpu1] [plan iscas99__b20] [plan] step=255 node=N31917 type=observe reward_pred=5734.902832 sequence=238599.312985
[iscas99__b20 gpu1] [plan iscas99__b20] [plan] step=256 node=N2533 type=observe reward_pred=5843.994141 sequence=244443.307126
[iscas99__b20 gpu1] [plan iscas99__b20] [plan] step=257 node=N1761 type=control0 reward_pred=5968.511719 sequence=250411.818845
[iscas99__b20 gpu1] [plan iscas99__b20] [plan] step=258 node=N12249 type=observe reward_pred=6101.874512 sequence=256513.693357
[iscas99__b20 gpu1] [plan iscas99__b20] [plan] step=259 node=N19102 type=observe reward_pred=6224.287109 sequence=262737.980466
[iscas99__b20 gpu1] [plan iscas99__b20] [plan] step=260 node=N10150 type=observe reward_pred=6412.322266 sequence=269150.302732
[iscas99__b20 gpu1] [plan iscas99__b20] [plan] step=261 node=N18518 type=observe reward_pred=6593.136719 sequence=275743.439450
[iscas99__b20 gpu1] [plan iscas99__b20] [plan] step=262 node=N12250 type=observe reward_pred=6775.848145 sequence=282519.287595
[iscas99__b20 gpu1] [plan iscas99__b20] [plan] step=263 node=N992 type=observe reward_pred=6962.207520 sequence=289481.495114
[iscas99__b20 gpu1] [plan iscas99__b20] [plan] step=264 node=N963 type=observe reward_pred=7152.690430 sequence=296634.185544
[iscas99__b20 gpu1] [plan iscas99__b20] [plan] step=265 node=N10831 type=observe reward_pred=7347.180664 sequence=303981.366208
[iscas99__b20 gpu1] [plan iscas99__b20] [plan] step=266 node=N15794 type=observe reward_pred=7479.175781 sequence=311460.541989
[iscas99__b20 gpu1] [plan iscas99__b20] [plan] step=267 node=N14763 type=observe reward_pred=7638.028320 sequence=319098.570310
[iscas99__b20 gpu1] [plan iscas99__b20] [plan] step=268 node=N16592 type=observe reward_pred=7804.436035 sequence=326903.006345
[iscas99__b20 gpu1] [plan iscas99__b20] [plan] step=269 node=N12788 type=observe reward_pred=7977.422852 sequence=334880.429196
[iscas99__b20 gpu1] [plan iscas99__b20] [plan] step=270 node=N13288 type=observe reward_pred=8160.917480 sequence=343041.346677
[iscas99__b20 gpu1] [plan iscas99__b20] [plan] step=271 node=N8913 type=observe reward_pred=8353.330078 sequence=351394.676755
[iscas99__b20 gpu1] [plan iscas99__b20] [plan] step=272 node=N12618 type=observe reward_pred=8553.479492 sequence=359948.156247
[iscas99__b20 gpu1] [plan iscas99__b20] [plan] step=273 node=N4150 type=observe reward_pred=8760.374023 sequence=368708.530271
[iscas99__b20 gpu1] [plan iscas99__b20] [plan] step=274 node=N16278 type=observe reward_pred=8985.259766 sequence=377693.790036
[iscas99__b20 gpu1] [plan iscas99__b20] [plan] step=275 node=N10717 type=observe reward_pred=9242.430664 sequence=386936.220700
[iscas99__b20 gpu1] [plan iscas99__b20] [plan] step=276 node=N18504 type=observe reward_pred=9498.679688 sequence=396434.900388
[iscas99__b20 gpu1] [plan iscas99__b20] [plan] step=277 node=N16941 type=observe reward_pred=9715.373047 sequence=406150.273435
[iscas99__b20 gpu1] [plan iscas99__b20] [plan] step=278 node=N10043 type=observe reward_pred=9991.486328 sequence=416141.759763
[iscas99__b20 gpu1] [plan iscas99__b20] [plan] step=279 node=N12252 type=observe reward_pred=10266.506836 sequence=426408.266599
[iscas99__b20 gpu1] [plan iscas99__b20] [plan] step=280 node=N47300 type=control0 reward_pred=10546.708984 sequence=436954.975583
[iscas99__b20 gpu1] [plan iscas99__b20] [plan] step=281 node=N47301 type=control0 reward_pred=10833.601562 sequence=447788.577146
[iscas99__b20 gpu1] [plan iscas99__b20] [plan] step=282 node=N19850 type=observe reward_pred=11080.756836 sequence=458869.333982
[iscas99__b20 gpu1] [plan iscas99__b20] [plan] step=283 node=N12444 type=observe reward_pred=11391.151367 sequence=470260.485349
[iscas99__b20 gpu1] [plan iscas99__b20] [plan] step=284 node=N12445 type=observe reward_pred=11702.455078 sequence=481962.940427
[iscas99__b20 gpu1] [plan iscas99__b20] [plan] step=285 node=N16596 type=observe reward_pred=12019.002930 sequence=493981.943357
[iscas99__b20 gpu1] [plan iscas99__b20] [plan] step=286 node=N16597 type=observe reward_pred=12345.204102 sequence=506327.147458
[iscas99__b20 gpu1] [plan iscas99__b20] [plan] step=287 node=N10041 type=observe reward_pred=12679.413086 sequence=519006.560544
[iscas99__b20 gpu1] [plan iscas99__b20] [plan] step=288 node=N17444 type=observe reward_pred=12973.087891 sequence=531979.648435
[iscas99__b15_1 gpu0] [plan iscas99__b15_1] [plan] step=101 node=N22206 type=observe reward_pred=100.527298 sequence=5146.921580
[iscas99__b15_1 gpu0] [plan iscas99__b15_1] [plan] step=102 node=N862 type=observe reward_pred=104.716507 sequence=5251.638087
[iscas99__b15_1 gpu0] [plan iscas99__b15_1] [plan] step=103 node=N14634 type=observe reward_pred=108.515236 sequence=5360.153323
[iscas99__b15_1 gpu0] [plan iscas99__b15_1] [plan] step=104 node=N8579 type=observe reward_pred=109.277260 sequence=5469.430583
[iscas99__b15_1 gpu0] [plan iscas99__b15_1] [plan] step=105 node=N5390 type=observe reward_pred=110.692055 sequence=5580.122638
[iscas99__b15_1 gpu0] [plan iscas99__b15_1] [plan] step=106 node=N859 type=observe reward_pred=115.520317 sequence=5695.642955
[iscas99__b15_1 gpu0] [plan iscas99__b15_1] [plan] step=107 node=N6317 type=observe reward_pred=116.688354 sequence=5812.331309
[iscas99__b15_1 gpu0] [plan iscas99__b15_1] [plan] step=108 node=N10305 type=observe reward_pred=118.370308 sequence=5930.701617
[iscas99__b15_1 gpu0] [plan iscas99__b15_1] [plan] step=109 node=N7723 type=control0 reward_pred=120.513618 sequence=6051.215236
[iscas99__b15_1 gpu0] [plan iscas99__b15_1] [plan] step=110 node=N7724 type=control0 reward_pred=123.136597 sequence=6174.351832
[iscas99__b15_1 gpu0] [plan iscas99__b15_1] [plan] step=111 node=N7725 type=control0 reward_pred=125.841209 sequence=6300.193042
[iscas99__b15_1 gpu0] [plan iscas99__b15_1] [plan] step=112 node=N7726 type=control0 reward_pred=130.625580 sequence=6430.818622
[iscas99__b15_1 gpu0] [plan iscas99__b15_1] [plan] step=113 node=N7727 type=control0 reward_pred=134.963852 sequence=6565.782474
[iscas99__b15_1 gpu0] [plan iscas99__b15_1] [plan] step=114 node=N7728 type=control0 reward_pred=139.245178 sequence=6705.027652
[iscas99__b15_1 gpu0] [plan iscas99__b15_1] [plan] step=115 node=N7729 type=control0 reward_pred=143.649368 sequence=6848.677020
[iscas99__b15_1 gpu0] [plan iscas99__b15_1] [plan] step=116 node=N7730 type=control0 reward_pred=148.167130 sequence=6996.844150
[iscas99__b15_1 gpu0] [plan iscas99__b15_1] [plan] step=117 node=N7731 type=control0 reward_pred=152.805878 sequence=7149.650027
[iscas99__b15_1 gpu0] [plan iscas99__b15_1] [plan] step=118 node=N7732 type=control0 reward_pred=157.580750 sequence=7307.230777
[iscas99__b15_1 gpu0] [plan iscas99__b15_1] [plan] step=119 node=N7733 type=control0 reward_pred=162.480408 sequence=7469.711184
[iscas99__b15_1 gpu0] [plan iscas99__b15_1] [plan] step=120 node=N7734 type=control0 reward_pred=167.505753 sequence=7637.216937
[iscas99__b15_1 gpu0] [plan iscas99__b15_1] [plan] step=121 node=N7735 type=control0 reward_pred=172.663544 sequence=7809.880481
[iscas99__b15_1 gpu0] [plan iscas99__b15_1] [plan] step=122 node=N7736 type=control0 reward_pred=177.956757 sequence=7987.837237
[iscas99__b15_1 gpu0] [plan iscas99__b15_1] [plan] step=123 node=N7846 type=control0 reward_pred=183.397156 sequence=8171.234393
[iscas99__b15_1 gpu0] [plan iscas99__b15_1] [plan] step=124 node=N7847 type=control0 reward_pred=188.965698 sequence=8360.200091
[iscas99__b15_1 gpu0] [plan iscas99__b15_1] [plan] step=125 node=N7852 type=control0 reward_pred=194.697861 sequence=8554.897952
[iscas99__b15_1 gpu0] [plan iscas99__b15_1] [plan] step=126 node=N7853 type=control0 reward_pred=200.587006 sequence=8755.484958
[iscas99__b15_1 gpu0] [plan iscas99__b15_1] [plan] step=127 node=N5283 type=observe reward_pred=200.972931 sequence=8956.457889
[iscas99__b15_1 gpu0] [plan iscas99__b15_1] [plan] step=128 node=N5735 type=observe reward_pred=202.854324 sequence=9159.312213
[iscas99__b15_1 gpu0] [plan iscas99__b15_1] [plan] step=129 node=N828 type=observe reward_pred=205.480194 sequence=9364.792407
[iscas99__b15_1 gpu0] [plan iscas99__b15_1] [plan] step=130 node=N826 type=observe reward_pred=208.634964 sequence=9573.427371
[iscas99__b15_1 gpu0] [plan iscas99__b15_1] [plan] step=131 node=N836 type=observe reward_pred=215.209671 sequence=9788.637042
[iscas99__b15_1 gpu0] [plan iscas99__b15_1] [plan] step=132 node=N885 type=observe reward_pred=222.621246 sequence=10011.258288
[iscas99__b15_1 gpu0] [plan iscas99__b15_1] [plan] step=133 node=N813 type=observe reward_pred=226.744293 sequence=10238.002582
[iscas99__b15_1 gpu0] [plan iscas99__b15_1] [plan] step=134 node=N6732 type=observe reward_pred=234.287811 sequence=10472.290393
[iscas99__b15_1 gpu0] [plan iscas99__b15_1] [plan] step=135 node=N6737 type=observe reward_pred=241.579514 sequence=10713.869906
[iscas99__b15_1 gpu0] [plan iscas99__b15_1] [plan] step=136 node=N6729 type=observe reward_pred=248.830017 sequence=10962.699923
[iscas99__b15_1 gpu0] [plan iscas99__b15_1] [plan] step=137 node=N6730 type=observe reward_pred=256.042114 sequence=11218.742038
[iscas99__b15_1 gpu0] [plan iscas99__b15_1] [plan] step=138 node=N6731 type=observe reward_pred=258.979340 sequence=11477.721377
[iscas99__b15_1 gpu0] [plan iscas99__b15_1] [plan] step=139 node=N6733 type=observe reward_pred=266.615784 sequence=11744.337161
[iscas99__b15_1 gpu0] [plan iscas99__b15_1] [plan] step=140 node=N6735 type=observe reward_pred=271.066467 sequence=12015.403628
[iscas99__b15_1 gpu0] [plan iscas99__b15_1] [plan] step=141 node=N6739 type=observe reward_pred=279.521362 sequence=12294.924991
[iscas99__b15_1 gpu0] [plan iscas99__b15_1] [plan] step=142 node=N6740 type=observe reward_pred=284.374573 sequence=12579.299563
[iscas99__b15_1 gpu0] [plan iscas99__b15_1] [plan] step=143 node=N5317 type=observe reward_pred=288.122253 sequence=12867.421817
[iscas99__b15_1 gpu0] [plan iscas99__b15_1] [plan] step=144 node=N830 type=observe reward_pred=293.045288 sequence=13160.467105
[iscas99__b15_1 gpu0] [plan iscas99__b15_1] [plan] step=145 node=N6121 type=observe reward_pred=303.465698 sequence=13463.932803
[iscas99__b15_1 gpu0] [plan iscas99__b15_1] [plan] step=146 node=N8115 type=observe reward_pred=312.877502 sequence=13776.810306
[iscas99__b15_1 gpu0] [plan iscas99__b15_1] [plan] step=147 node=N837 type=observe reward_pred=317.651855 sequence=14094.462161
[iscas99__b15_1 gpu0] [plan iscas99__b15_1] [plan] step=148 node=N842 type=observe reward_pred=324.149689 sequence=14418.611850
[iscas99__b15_1 gpu0] [plan iscas99__b15_1] [plan] step=149 node=N839 type=observe reward_pred=332.032501 sequence=14750.644351
[iscas99__b15_1 gpu0] [plan iscas99__b15_1] [plan] step=150 node=N824 type=observe reward_pred=340.789948 sequence=15091.434298
[iscas99__b15_1 gpu0] [plan iscas99__b15_1] [plan] step=151 node=N823 type=observe reward_pred=349.911560 sequence=15441.345859
[iscas99__b15_1 gpu0] [plan iscas99__b15_1] [plan] step=152 node=N834 type=observe reward_pred=355.601654 sequence=15796.947513
[iscas99__b15_1 gpu0] [plan iscas99__b15_1] [plan] step=153 node=N832 type=observe reward_pred=362.479645 sequence=16159.427157
[iscas99__b15_1 gpu0] [plan iscas99__b15_1] [plan] step=154 node=N5439 type=observe reward_pred=370.044800 sequence=16529.471957
[iscas99__b15_1 gpu0] [plan iscas99__b15_1] [plan] step=155 node=N5456 type=observe reward_pred=377.847290 sequence=16907.319247
[iscas99__b15_1 gpu0] [plan iscas99__b15_1] [plan] step=156 node=N829 type=observe reward_pred=385.684143 sequence=17293.003390
[iscas99__b15_1 gpu0] [plan iscas99__b15_1] [plan] step=157 node=N831 type=observe reward_pred=394.187225 sequence=17687.190616
[iscas99__b15_1 gpu0] [plan iscas99__b15_1] [plan] step=158 node=N833 type=observe reward_pred=403.205963 sequence=18090.396579
[iscas99__b15_1 gpu0] [plan iscas99__b15_1] [plan] step=159 node=N835 type=observe reward_pred=415.294220 sequence=18505.690799
[iscas99__b15_1 gpu0] [plan iscas99__b15_1] [plan] step=160 node=N7822 type=observe reward_pred=428.242706 sequence=18933.933505
[iscas99__b15_1 gpu0] [plan iscas99__b15_1] [plan] step=161 node=N7821 type=observe reward_pred=440.845337 sequence=19374.778842
[iscas99__b15_1 gpu0] [plan iscas99__b15_1] [plan] step=162 node=N812 type=observe reward_pred=453.399750 sequence=19828.178592
[iscas99__b15_1 gpu0] [plan iscas99__b15_1] [plan] step=163 node=N814 type=observe reward_pred=466.474365 sequence=20294.652957
[iscas99__b15_1 gpu0] [plan iscas99__b15_1] [plan] step=164 node=N815 type=observe reward_pred=479.826630 sequence=20774.479587
[iscas99__b15_1 gpu0] [plan iscas99__b15_1] [plan] step=165 node=N816 type=observe reward_pred=493.544891 sequence=21268.024478
[iscas99__b15_1 gpu0] [plan iscas99__b15_1] [plan] step=166 node=N817 type=observe reward_pred=507.630615 sequence=21775.655093
[iscas99__b15_1 gpu0] [plan iscas99__b15_1] [plan] step=167 node=N818 type=observe reward_pred=522.093628 sequence=22297.748721
[iscas99__b15_1 gpu0] [plan iscas99__b15_1] [plan] step=168 node=N819 type=observe reward_pred=536.942993 sequence=22834.691714
[iscas99__b15_1 gpu0] [plan iscas99__b15_1] [plan] step=169 node=N820 type=observe reward_pred=552.190125 sequence=23386.881839
[iscas99__b15_1 gpu0] [plan iscas99__b15_1] [plan] step=170 node=N821 type=observe reward_pred=567.848999 sequence=23954.730838
[iscas99__b15_1 gpu0] [plan iscas99__b15_1] [plan] step=171 node=N822 type=observe reward_pred=583.923340 sequence=24538.654178
[iscas99__b15_1 gpu0] [plan iscas99__b15_1] [plan] step=172 node=N825 type=observe reward_pred=592.839844 sequence=25131.494021
[iscas99__b15_1 gpu0] [plan iscas99__b15_1] [plan] step=173 node=N7563 type=observe reward_pred=611.146240 sequence=25742.640262
[iscas99__b15_1 gpu0] [plan iscas99__b15_1] [plan] step=174 node=N827 type=observe reward_pred=621.719482 sequence=26364.359744
[iscas99__b15_1 gpu0] [plan iscas99__b15_1] [plan] step=175 node=N2216 type=observe reward_pred=634.174316 sequence=26998.534060
[iscas99__b15_1 gpu0] [plan iscas99__b15_1] [plan] step=176 node=N10331 type=observe reward_pred=647.412659 sequence=27645.946719
[iscas99__b15_1 gpu0] [plan iscas99__b15_1] [plan] step=177 node=N8762 type=observe reward_pred=661.229675 sequence=28307.176394
[iscas99__b15_1 gpu0] [plan iscas99__b15_1] [plan] step=178 node=N7823 type=observe reward_pred=682.277039 sequence=28989.453433
[iscas99__b15_1 gpu0] [plan iscas99__b15_1] [plan] step=179 node=N8345 type=observe reward_pred=695.092529 sequence=29684.545962
[iscas99__b15_1 gpu0] [plan iscas99__b15_1] [plan] step=180 node=N731 type=observe reward_pred=713.912781 sequence=30398.458743
[iscas99__b15_1 gpu0] [plan iscas99__b15_1] [plan] step=181 node=N899 type=observe reward_pred=735.294067 sequence=31133.752810
[iscas99__b15_1 gpu0] [plan iscas99__b15_1] [plan] step=182 node=N7809 type=observe reward_pred=756.281433 sequence=31890.034244
[iscas99__b15_1 gpu0] [plan iscas99__b15_1] [plan] step=183 node=N8343 type=observe reward_pred=777.584106 sequence=32667.618350
[iscas99__b15_1 gpu0] [plan iscas99__b15_1] [plan] step=184 node=N7808 type=observe reward_pred=799.394043 sequence=33467.012393
[iscas99__b15_1 gpu0] [plan iscas99__b15_1] [plan] step=185 node=N2303 type=observe reward_pred=812.735168 sequence=34279.747561
[iscas99__b15_1 gpu0] [plan iscas99__b15_1] [plan] step=186 node=N6252 type=observe reward_pred=837.472717 sequence=35117.220279
[iscas99__b15_1 gpu0] [plan iscas99__b15_1] [plan] step=187 node=N7272 type=observe reward_pred=861.317444 sequence=35978.537723
[iscas99__b15_1 gpu0] [plan iscas99__b15_1] [plan] step=188 node=N6249 type=observe reward_pred=885.471375 sequence=36864.009097
[iscas99__b15_1 gpu0] [plan iscas99__b15_1] [plan] step=189 node=N6255 type=observe reward_pred=910.169128 sequence=37774.178225
[iscas99__b15_1 gpu0] [plan iscas99__b15_1] [plan] step=190 node=N811 type=observe reward_pred=934.076965 sequence=38708.255191
[iscas99__b15_1 gpu0] [plan iscas99__b15_1] [plan] step=191 node=N888 type=observe reward_pred=950.283569 sequence=39658.538760
[iscas99__b15_1 gpu0] [plan iscas99__b15_1] [plan] step=192 node=N6728 type=observe reward_pred=978.747131 sequence=40637.285891
[iscas99__b15_1 gpu0] [plan iscas99__b15_1] [plan] step=193 node=N893 type=observe reward_pred=1006.607056 sequence=41643.892947
[iscas99__b15_1 gpu0] [plan iscas99__b15_1] [plan] step=194 node=N8342 type=observe reward_pred=1034.734131 sequence=42678.627078
[iscas99__b15_1 gpu0] [plan iscas99__b15_1] [plan] step=195 node=N6258 type=observe reward_pred=1063.512451 sequence=43742.139529
[iscas99__b15_1 gpu0] [plan iscas99__b15_1] [plan] step=196 node=N7581 type=observe reward_pred=1093.017822 sequence=44835.157351
[iscas99__b15_1 gpu0] [plan iscas99__b15_1] [plan] step=197 node=N794 type=observe reward_pred=1115.467773 sequence=45950.625125
[openabcd__mem_ctrl_orig gpu6] [plan openabcd__mem_ctrl_orig] [plan] step=102 node=N92731 type=control1 reward_pred=92.985680 sequence=2540.050155
[openabcd__mem_ctrl_orig gpu6] [plan openabcd__mem_ctrl_orig] [plan] step=103 node=N3429 type=observe reward_pred=95.844795 sequence=2635.894950
[openabcd__mem_ctrl_orig gpu6] [plan openabcd__mem_ctrl_orig] [plan] step=104 node=N18382 type=observe reward_pred=98.987015 sequence=2734.881965
[openabcd__mem_ctrl_orig gpu6] [plan openabcd__mem_ctrl_orig] [plan] step=105 node=N2309 type=observe reward_pred=101.663322 sequence=2836.545287
[openabcd__mem_ctrl_orig gpu6] [plan openabcd__mem_ctrl_orig] [plan] step=106 node=N109165 type=observe reward_pred=104.596687 sequence=2941.141974
[openabcd__mem_ctrl_orig gpu6] [plan openabcd__mem_ctrl_orig] [plan] step=107 node=N50762 type=observe reward_pred=107.600281 sequence=3048.742255
[openabcd__mem_ctrl_orig gpu6] [plan openabcd__mem_ctrl_orig] [plan] step=108 node=N3931 type=observe reward_pred=110.718712 sequence=3159.460967
[openabcd__mem_ctrl_orig gpu6] [plan openabcd__mem_ctrl_orig] [plan] step=109 node=N15839 type=observe reward_pred=114.228165 sequence=3273.689132
[openabcd__mem_ctrl_orig gpu6] [plan openabcd__mem_ctrl_orig] [plan] step=110 node=N47331 type=observe reward_pred=117.471191 sequence=3391.160323
[openabcd__mem_ctrl_orig gpu6] [plan openabcd__mem_ctrl_orig] [plan] step=111 node=N107689 type=observe reward_pred=120.902245 sequence=3512.062568
[openabcd__mem_ctrl_orig gpu6] [plan openabcd__mem_ctrl_orig] [plan] step=112 node=N33737 type=observe reward_pred=124.393066 sequence=3636.455634
[openabcd__mem_ctrl_orig gpu6] [plan openabcd__mem_ctrl_orig] [plan] step=113 node=N93348 type=observe reward_pred=128.029678 sequence=3764.485312
[openabcd__mem_ctrl_orig gpu6] [plan openabcd__mem_ctrl_orig] [plan] step=114 node=N45824 type=observe reward_pred=131.733231 sequence=3896.218543
[openabcd__mem_ctrl_orig gpu6] [plan openabcd__mem_ctrl_orig] [plan] step=115 node=N93541 type=observe reward_pred=135.597855 sequence=4031.816398
[openabcd__mem_ctrl_orig gpu6] [plan openabcd__mem_ctrl_orig] [plan] step=116 node=N19680 type=observe reward_pred=139.783875 sequence=4171.600272
[openabcd__mem_ctrl_orig gpu6] [plan openabcd__mem_ctrl_orig] [plan] step=117 node=N39497 type=observe reward_pred=143.738770 sequence=4315.339042
[openabcd__mem_ctrl_orig gpu6] [plan openabcd__mem_ctrl_orig] [plan] step=118 node=N17279 type=observe reward_pred=147.853470 sequence=4463.192512
[openabcd__mem_ctrl_orig gpu6] [plan openabcd__mem_ctrl_orig] [plan] step=119 node=N17292 type=observe reward_pred=152.098022 sequence=4615.290534
[openabcd__mem_ctrl_orig gpu6] [plan openabcd__mem_ctrl_orig] [plan] step=120 node=N84199 type=observe reward_pred=156.488403 sequence=4771.778937
[openabcd__mem_ctrl_orig gpu6] [plan openabcd__mem_ctrl_orig] [plan] step=121 node=N35237 type=observe reward_pred=160.972168 sequence=4932.751105
[openabcd__mem_ctrl_orig gpu6] [plan openabcd__mem_ctrl_orig] [plan] step=122 node=N38785 type=observe reward_pred=165.587006 sequence=5098.338111
[openabcd__mem_ctrl_orig gpu6] [plan openabcd__mem_ctrl_orig] [plan] step=123 node=N3173 type=observe reward_pred=170.329407 sequence=5268.667518
[openabcd__mem_ctrl_orig gpu6] [plan openabcd__mem_ctrl_orig] [plan] step=124 node=N20558 type=observe reward_pred=175.489273 sequence=5444.156791
[openabcd__mem_ctrl_orig gpu6] [plan openabcd__mem_ctrl_orig] [plan] step=125 node=N42364 type=observe reward_pred=180.414352 sequence=5624.571143
[openabcd__mem_ctrl_orig gpu6] [plan openabcd__mem_ctrl_orig] [plan] step=126 node=N19401 type=observe reward_pred=185.809937 sequence=5810.381080
[openabcd__mem_ctrl_orig gpu6] [plan openabcd__mem_ctrl_orig] [plan] step=127 node=N106698 type=observe reward_pred=191.029083 sequence=6001.410163
[openabcd__mem_ctrl_orig gpu6] [plan openabcd__mem_ctrl_orig] [plan] step=128 node=N107692 type=observe reward_pred=196.425018 sequence=6197.835181
[openabcd__mem_ctrl_orig gpu6] [plan openabcd__mem_ctrl_orig] [plan] step=129 node=N22391 type=observe reward_pred=201.960846 sequence=6399.796027
[openabcd__mem_ctrl_orig gpu6] [plan openabcd__mem_ctrl_orig] [plan] step=130 node=N48018 type=observe reward_pred=207.664429 sequence=6607.460456
[openabcd__mem_ctrl_orig gpu6] [plan openabcd__mem_ctrl_orig] [plan] step=131 node=N46600 type=observe reward_pred=213.529129 sequence=6820.989585
[openabcd__mem_ctrl_orig gpu6] [plan openabcd__mem_ctrl_orig] [plan] step=132 node=N3276 type=observe reward_pred=219.556046 sequence=7040.545630
[openabcd__mem_ctrl_orig gpu6] [plan openabcd__mem_ctrl_orig] [plan] step=133 node=N3105 type=observe reward_pred=226.025314 sequence=7266.570945
[openabcd__mem_ctrl_orig gpu6] [plan openabcd__mem_ctrl_orig] [plan] step=134 node=N19446 type=observe reward_pred=232.477066 sequence=7499.048011
[openabcd__mem_ctrl_orig gpu6] [plan openabcd__mem_ctrl_orig] [plan] step=135 node=N8984 type=observe reward_pred=239.171844 sequence=7738.219855
[openabcd__mem_ctrl_orig gpu6] [plan openabcd__mem_ctrl_orig] [plan] step=136 node=N109029 type=control0 reward_pred=245.789154 sequence=7984.009009
[openabcd__mem_ctrl_orig gpu6] [plan openabcd__mem_ctrl_orig] [plan] step=137 node=N19053 type=observe reward_pred=252.620102 sequence=8236.629111
[openabcd__mem_ctrl_orig gpu6] [plan openabcd__mem_ctrl_orig] [plan] step=138 node=N100380 type=observe reward_pred=259.676208 sequence=8496.305320
[openabcd__mem_ctrl_orig gpu6] [plan openabcd__mem_ctrl_orig] [plan] step=139 node=N14362 type=observe reward_pred=267.254791 sequence=8763.560111
[openabcd__mem_ctrl_orig gpu6] [plan openabcd__mem_ctrl_orig] [plan] step=140 node=N100379 type=observe reward_pred=274.615540 sequence=9038.175651
[openabcd__mem_ctrl_orig gpu6] [plan openabcd__mem_ctrl_orig] [plan] step=141 node=N12335 type=observe reward_pred=282.424164 sequence=9320.599814
[openabcd__mem_ctrl_orig gpu6] [plan openabcd__mem_ctrl_orig] [plan] step=142 node=N101692 type=observe reward_pred=290.218658 sequence=9610.818473
[openabcd__mem_ctrl_orig gpu6] [plan openabcd__mem_ctrl_orig] [plan] step=143 node=N23492 type=observe reward_pred=298.438141 sequence=9909.256614
[openabcd__mem_ctrl_orig gpu6] [plan openabcd__mem_ctrl_orig] [plan] step=144 node=N14255 type=control1 reward_pred=306.664642 sequence=10215.921256
[openabcd__mem_ctrl_orig gpu6] [plan openabcd__mem_ctrl_orig] [plan] step=145 node=N23503 type=observe reward_pred=315.294525 sequence=10531.215781
[openabcd__mem_ctrl_orig gpu6] [plan openabcd__mem_ctrl_orig] [plan] step=146 node=N63151 type=control0 reward_pred=323.996582 sequence=10855.212363
[openabcd__mem_ctrl_orig gpu6] [plan openabcd__mem_ctrl_orig] [plan] step=147 node=N2901 type=control1 reward_pred=332.976929 sequence=11188.189292
[openabcd__mem_ctrl_orig gpu6] [plan openabcd__mem_ctrl_orig] [plan] step=148 node=N2140 type=control1 reward_pred=342.205627 sequence=11530.394919
[openabcd__mem_ctrl_orig gpu6] [plan openabcd__mem_ctrl_orig] [plan] step=149 node=N2011 type=control1 reward_pred=351.690399 sequence=11882.085319
[openabcd__mem_ctrl_orig gpu6] [plan openabcd__mem_ctrl_orig] [plan] step=150 node=N2845 type=observe reward_pred=361.943878 sequence=12244.029197
[openabcd__mem_ctrl_orig gpu6] [plan openabcd__mem_ctrl_orig] [plan] step=151 node=N63159 type=control0 reward_pred=371.797272 sequence=12615.826468
[openabcd__mem_ctrl_orig gpu6] [plan openabcd__mem_ctrl_orig] [plan] step=152 node=N15282 type=control1 reward_pred=382.018951 sequence=12997.845420
[openabcd__mem_ctrl_orig gpu6] [plan openabcd__mem_ctrl_orig] [plan] step=153 node=N17931 type=control1 reward_pred=393.123657 sequence=13390.969077
[openabcd__mem_ctrl_orig gpu6] [plan openabcd__mem_ctrl_orig] [plan] step=154 node=N16170 type=control1 reward_pred=404.345184 sequence=13795.314261
[openabcd__mem_ctrl_orig gpu6] [plan openabcd__mem_ctrl_orig] [plan] step=155 node=N23537 type=observe reward_pred=415.227661 sequence=14210.541923
[openabcd__mem_ctrl_orig gpu6] [plan openabcd__mem_ctrl_orig] [plan] step=156 node=N100620 type=observe reward_pred=426.559509 sequence=14637.101432
[openabcd__mem_ctrl_orig gpu6] [plan openabcd__mem_ctrl_orig] [plan] step=157 node=N14480 type=control1 reward_pred=438.250885 sequence=15075.352317
[openabcd__mem_ctrl_orig gpu6] [plan openabcd__mem_ctrl_orig] [plan] step=158 node=N14974 type=control1 reward_pred=450.282501 sequence=15525.634818
[openabcd__mem_ctrl_orig gpu6] [plan openabcd__mem_ctrl_orig] [plan] step=159 node=N2882 type=control1 reward_pred=462.654419 sequence=15988.289237
[openabcd__mem_ctrl_orig gpu6] [plan openabcd__mem_ctrl_orig] [plan] step=160 node=N100618 type=observe reward_pred=475.383026 sequence=16463.672263
[openabcd__mem_ctrl_orig gpu6] [plan openabcd__mem_ctrl_orig] [plan] step=161 node=N14426 type=observe reward_pred=488.586945 sequence=16952.259208
[openabcd__mem_ctrl_orig gpu6] [plan openabcd__mem_ctrl_orig] [plan] step=162 node=N2001 type=control1 reward_pred=501.966217 sequence=17454.225425
[openabcd__mem_ctrl_orig gpu6] [plan openabcd__mem_ctrl_orig] [plan] step=163 node=N104189 type=observe reward_pred=515.746216 sequence=17969.971641
[openabcd__mem_ctrl_orig gpu6] [plan openabcd__mem_ctrl_orig] [plan] step=164 node=N104190 type=observe reward_pred=529.900452 sequence=18499.872092
[openabcd__mem_ctrl_orig gpu6] [plan openabcd__mem_ctrl_orig] [plan] step=165 node=N19970 type=observe reward_pred=544.421570 sequence=19044.293662
[openabcd__mem_ctrl_orig gpu6] [plan openabcd__mem_ctrl_orig] [plan] step=166 node=N20032 type=observe reward_pred=559.339966 sequence=19603.633628
[openabcd__mem_ctrl_orig gpu6] [plan openabcd__mem_ctrl_orig] [plan] step=167 node=N14425 type=observe reward_pred=574.821594 sequence=20178.455222
[openabcd__mem_ctrl_orig gpu6] [plan openabcd__mem_ctrl_orig] [plan] step=168 node=N2284 type=observe reward_pred=590.676025 sequence=20769.131248
[openabcd__mem_ctrl_orig gpu6] [plan openabcd__mem_ctrl_orig] [plan] step=169 node=N100619 type=observe reward_pred=606.803528 sequence=21375.934775
[openabcd__mem_ctrl_orig gpu6] [plan openabcd__mem_ctrl_orig] [plan] step=170 node=N2285 type=observe reward_pred=623.544678 sequence=21999.479453
[openabcd__mem_ctrl_orig gpu6] [plan openabcd__mem_ctrl_orig] [plan] step=171 node=N12675 type=observe reward_pred=640.539001 sequence=22640.018455
[openabcd__mem_ctrl_orig gpu6] [plan openabcd__mem_ctrl_orig] [plan] step=172 node=N2202 type=observe reward_pred=658.028259 sequence=23298.046714
[openabcd__mem_ctrl_orig gpu6] [plan openabcd__mem_ctrl_orig] [plan] step=173 node=N2203 type=observe reward_pred=676.005615 sequence=23974.052329
[openabcd__mem_ctrl_orig gpu6] [plan openabcd__mem_ctrl_orig] [plan] step=174 node=N100726 type=observe reward_pred=694.497070 sequence=24668.549399
[openabcd__mem_ctrl_orig gpu6] [plan openabcd__mem_ctrl_orig] [plan] step=175 node=N17905 type=observe reward_pred=713.459839 sequence=25382.009238
[openabcd__mem_ctrl_orig gpu6] [plan openabcd__mem_ctrl_orig] [plan] step=176 node=N102813 type=observe reward_pred=732.976501 sequence=26114.985740
[openabcd__mem_ctrl_orig gpu6] [plan openabcd__mem_ctrl_orig] [plan] step=177 node=N55064 type=observe reward_pred=752.969055 sequence=26867.954795
[openabcd__mem_ctrl_orig gpu6] [plan openabcd__mem_ctrl_orig] [plan] step=178 node=N23153 type=observe reward_pred=773.559509 sequence=27641.514304
[openabcd__mem_ctrl_orig gpu6] [plan openabcd__mem_ctrl_orig] [plan] step=179 node=N19436 type=observe reward_pred=794.794556 sequence=28436.308860
[openabcd__mem_ctrl_orig gpu6] [plan openabcd__mem_ctrl_orig] [plan] step=180 node=N13962 type=observe reward_pred=816.616943 sequence=29252.925803
[openabcd__mem_ctrl_orig gpu6] [plan openabcd__mem_ctrl_orig] [plan] step=181 node=N107964 type=observe reward_pred=838.828186 sequence=30091.753989
[openabcd__mem_ctrl_orig gpu6] [plan openabcd__mem_ctrl_orig] [plan] step=182 node=N94814 type=control0 reward_pred=861.662109 sequence=30953.416099
[openabcd__mem_ctrl_orig gpu6] [plan openabcd__mem_ctrl_orig] [plan] step=183 node=N18451 type=observe reward_pred=885.128723 sequence=31838.544822
[openabcd__mem_ctrl_orig gpu6] [plan openabcd__mem_ctrl_orig] [plan] step=184 node=N2286 type=observe reward_pred=909.785583 sequence=32748.330405
[openabcd__mem_ctrl_orig gpu6] [plan openabcd__mem_ctrl_orig] [plan] step=185 node=N11530 type=observe reward_pred=934.881592 sequence=33683.211997
[openabcd__mem_ctrl_orig gpu6] [plan openabcd__mem_ctrl_orig] [plan] step=186 node=N84793 type=control0 reward_pred=960.100586 sequence=34643.312583
[openabcd__mem_ctrl_orig gpu6] [plan openabcd__mem_ctrl_orig] [plan] step=187 node=N16023 type=observe reward_pred=986.107666 sequence=35629.420249
[openabcd__mem_ctrl_orig gpu6] [plan openabcd__mem_ctrl_orig] [plan] step=188 node=N67824 type=observe reward_pred=1013.032715 sequence=36642.452964
[openabcd__mem_ctrl_orig gpu6] [plan openabcd__mem_ctrl_orig] [plan] step=189 node=N14287 type=observe reward_pred=1040.640503 sequence=37683.093467
[openabcd__mem_ctrl_orig gpu6] [plan openabcd__mem_ctrl_orig] [plan] step=190 node=N17428 type=observe reward_pred=1068.838135 sequence=38751.931602
[openabcd__mem_ctrl_orig gpu6] [plan openabcd__mem_ctrl_orig] [plan] step=191 node=N12774 type=observe reward_pred=1097.843506 sequence=39849.775107
[openabcd__mem_ctrl_orig gpu6] [plan openabcd__mem_ctrl_orig] [plan] step=192 node=N15702 type=observe reward_pred=1127.648804 sequence=40977.423911
[openabcd__mem_ctrl_orig gpu6] [plan openabcd__mem_ctrl_orig] [plan] step=193 node=N12584 type=observe reward_pred=1158.418335 sequence=42135.842246
[openabcd__mem_ctrl_orig gpu6] [plan openabcd__mem_ctrl_orig] [plan] step=194 node=N16241 type=observe reward_pred=1189.821655 sequence=43325.663901
[openabcd__mem_ctrl_orig gpu6] [plan openabcd__mem_ctrl_orig] [plan] step=195 node=N17889 type=observe reward_pred=1222.653320 sequence=44548.317222
[openabcd__mem_ctrl_orig gpu6] [plan openabcd__mem_ctrl_orig] [plan] step=196 node=N12347 type=observe reward_pred=1255.640869 sequence=45803.958091
[openabcd__mem_ctrl_orig gpu6] [plan openabcd__mem_ctrl_orig] [plan] step=197 node=N12349 type=observe reward_pred=1289.644653 sequence=47093.602744
[iscas99__b22 gpu2] [plan iscas99__b22] [plan] step=196 node=N1354 type=observe reward_pred=864.931763 sequence=41837.112481
[iscas99__b22 gpu2] [plan iscas99__b22] [plan] step=197 node=N24349 type=observe reward_pred=879.357544 sequence=42716.470024
[iscas99__b22 gpu2] [plan iscas99__b22] [plan] step=198 node=N1359 type=observe reward_pred=905.478699 sequence=43621.948723
[iscas99__b22 gpu2] [plan iscas99__b22] [plan] step=199 node=N1353 type=observe reward_pred=930.917419 sequence=44552.866143
[iscas99__b22 gpu2] [plan iscas99__b22] [plan] step=200 node=N1358 type=observe reward_pred=956.749756 sequence=45509.615898
[iscas99__b22 gpu2] [plan iscas99__b22] [plan] step=201 node=N1341 type=observe reward_pred=983.157288 sequence=46492.773186
[iscas99__b22 gpu2] [plan iscas99__b22] [plan] step=202 node=N1340 type=observe reward_pred=1010.250916 sequence=47503.024102
[iscas99__b22 gpu2] [plan iscas99__b22] [plan] step=203 node=N1344 type=observe reward_pred=1038.023804 sequence=48541.047905
[iscas99__b22 gpu2] [plan iscas99__b22] [plan] step=204 node=N1351 type=observe reward_pred=1066.536987 sequence=49607.584893
[iscas99__b22 gpu2] [plan iscas99__b22] [plan] step=205 node=N1352 type=observe reward_pred=1095.803101 sequence=50703.387993
[iscas99__b22 gpu2] [plan iscas99__b22] [plan] step=206 node=N1347 type=observe reward_pred=1125.845093 sequence=51829.233086
[iscas99__b22 gpu2] [plan iscas99__b22] [plan] step=207 node=N1357 type=observe reward_pred=1156.771729 sequence=52986.004814
[iscas99__b22 gpu2] [plan iscas99__b22] [plan] step=208 node=N1343 type=observe reward_pred=1188.598755 sequence=54174.603569
[iscas99__b22 gpu2] [plan iscas99__b22] [plan] step=209 node=N1338 type=observe reward_pred=1221.387451 sequence=55395.991021
[iscas99__b22 gpu2] [plan iscas99__b22] [plan] step=210 node=N1339 type=observe reward_pred=1255.019287 sequence=56651.010308
[iscas99__b22 gpu2] [plan iscas99__b22] [plan] step=211 node=N1362 type=observe reward_pred=1289.199829 sequence=57940.210137
[iscas99__b22 gpu2] [plan iscas99__b22] [plan] step=212 node=N25856 type=observe reward_pred=1308.162720 sequence=59248.372856
[iscas99__b22 gpu2] [plan iscas99__b22] [plan] step=213 node=N4479 type=observe reward_pred=1329.007690 sequence=60577.380547
[iscas99__b22 gpu2] [plan iscas99__b22] [plan] step=214 node=N1361 type=observe reward_pred=1371.289062 sequence=61948.669609
[iscas99__b22 gpu2] [plan iscas99__b22] [plan] step=215 node=N28828 type=observe reward_pred=1392.136475 sequence=63340.806084
[iscas99__b22 gpu2] [plan iscas99__b22] [plan] step=216 node=N28249 type=observe reward_pred=1435.797607 sequence=64776.603691
[iscas99__b22 gpu2] [plan iscas99__b22] [plan] step=217 node=N4580 type=observe reward_pred=1460.565918 sequence=66237.169609
[iscas99__b22 gpu2] [plan iscas99__b22] [plan] step=218 node=N1335 type=observe reward_pred=1505.513184 sequence=67742.682793
[iscas99__b22 gpu2] [plan iscas99__b22] [plan] step=219 node=N1306 type=observe reward_pred=1548.305420 sequence=69290.988213
[iscas99__b22 gpu2] [plan iscas99__b22] [plan] step=220 node=N25537 type=observe reward_pred=1573.174072 sequence=70864.162285
[iscas99__b22 gpu2] [plan iscas99__b22] [plan] step=221 node=N24510 type=observe reward_pred=1604.312866 sequence=72468.475151
[iscas99__b22 gpu2] [plan iscas99__b22] [plan] step=222 node=N15115 type=observe reward_pred=1652.789795 sequence=74121.264946
[iscas99__b22 gpu2] [plan iscas99__b22] [plan] step=223 node=N24042 type=observe reward_pred=1683.935791 sequence=75805.200737
[iscas99__b22 gpu2] [plan iscas99__b22] [plan] step=224 node=N13201 type=observe reward_pred=1719.220215 sequence=77524.420952
[iscas99__b22 gpu2] [plan iscas99__b22] [plan] step=225 node=N16674 type=observe reward_pred=1757.690918 sequence=79282.111870
[iscas99__b22 gpu2] [plan iscas99__b22] [plan] step=226 node=N26331 type=observe reward_pred=1798.411377 sequence=81080.523247
[iscas99__b22 gpu2] [plan iscas99__b22] [plan] step=227 node=N20991 type=observe reward_pred=1841.053223 sequence=82921.576470
[iscas99__b22 gpu2] [plan iscas99__b22] [plan] step=228 node=N11301 type=observe reward_pred=1896.797241 sequence=84818.373711
[iscas99__b22 gpu2] [plan iscas99__b22] [plan] step=229 node=N20490 type=observe reward_pred=1938.445557 sequence=86756.819268
[iscas99__b22 gpu2] [plan iscas99__b22] [plan] step=230 node=N22112 type=observe reward_pred=1983.565186 sequence=88740.384453
[iscas99__b22 gpu2] [plan iscas99__b22] [plan] step=231 node=N17172 type=observe reward_pred=2031.317139 sequence=90771.701592
[iscas99__b22 gpu2] [plan iscas99__b22] [plan] step=232 node=N29575 type=observe reward_pred=2080.165527 sequence=92851.867119
[iscas99__b22 gpu2] [plan iscas99__b22] [plan] step=233 node=N6886 type=observe reward_pred=2141.470703 sequence=94993.337822
[iscas99__b22 gpu2] [plan iscas99__b22] [plan] step=234 node=N28235 type=observe reward_pred=2201.241211 sequence=97194.579033
[iscas99__b22 gpu2] [plan iscas99__b22] [plan] step=235 node=N24046 type=observe reward_pred=2261.939941 sequence=99456.518975
[iscas99__b22 gpu2] [plan iscas99__b22] [plan] step=236 node=N26328 type=observe reward_pred=2323.983398 sequence=101780.502373
[iscas99__b22 gpu2] [plan iscas99__b22] [plan] step=237 node=N26329 type=observe reward_pred=2387.836426 sequence=104168.338799
[iscas99__b22 gpu2] [plan iscas99__b22] [plan] step=238 node=N26330 type=observe reward_pred=2453.186279 sequence=106621.525078
[iscas99__b22 gpu2] [plan iscas99__b22] [plan] step=239 node=N26672 type=observe reward_pred=2506.405762 sequence=109127.930840
[iscas99__b22 gpu2] [plan iscas99__b22] [plan] step=240 node=N21475 type=observe reward_pred=2577.907715 sequence=111705.838555
[iscas99__b22 gpu2] [plan iscas99__b22] [plan] step=241 node=N27175 type=observe reward_pred=2636.626221 sequence=114342.464775
[iscas99__b22 gpu2] [plan iscas99__b22] [plan] step=242 node=N26429 type=observe reward_pred=2711.837402 sequence=117054.302178
[iscas99__b22 gpu2] [plan iscas99__b22] [plan] step=243 node=N27676 type=observe reward_pred=2774.718750 sequence=119829.020928
[iscas99__b22 gpu2] [plan iscas99__b22] [plan] step=244 node=N26017 type=observe reward_pred=2839.282715 sequence=122668.303643
[iscas99__b22 gpu2] [plan iscas99__b22] [plan] step=245 node=N11292 type=observe reward_pred=2921.269043 sequence=125589.572686
[iscas99__b22 gpu2] [plan iscas99__b22] [plan] step=246 node=N21353 type=observe reward_pred=3001.897461 sequence=128591.470147
[iscas99__b22 gpu2] [plan iscas99__b22] [plan] step=247 node=N24157 type=observe reward_pred=3084.063965 sequence=131675.534111
[iscas99__b22 gpu2] [plan iscas99__b22] [plan] step=248 node=N15079 type=observe reward_pred=3168.127686 sequence=134843.661797
[iscas99__b22 gpu2] [plan iscas99__b22] [plan] step=249 node=N28163 type=observe reward_pred=3254.343262 sequence=138098.005059
[iscas99__b22 gpu2] [plan iscas99__b22] [plan] step=250 node=N1303 type=observe reward_pred=3342.705566 sequence=141440.710625
[iscas99__b22 gpu2] [plan iscas99__b22] [plan] step=251 node=N1304 type=observe reward_pred=3433.511475 sequence=144874.222100
[iscas99__b22 gpu2] [plan iscas99__b22] [plan] step=252 node=N7670 type=observe reward_pred=3526.698730 sequence=148400.920830
[iscas99__b22 gpu2] [plan iscas99__b22] [plan] step=253 node=N24161 type=observe reward_pred=3622.331787 sequence=152023.252617
[iscas99__b22 gpu2] [plan iscas99__b22] [plan] step=254 node=N24163 type=observe reward_pred=3720.491211 sequence=155743.743828
[iscas99__b22 gpu2] [plan iscas99__b22] [plan] step=255 node=N10812 type=observe reward_pred=3821.273438 sequence=159565.017266
[iscas99__b22 gpu2] [plan iscas99__b22] [plan] step=256 node=N1363 type=observe reward_pred=3906.448975 sequence=163471.466240
[iscas99__b22 gpu2] [plan iscas99__b22] [plan] step=257 node=N15160 type=observe reward_pred=4016.785400 sequence=167488.251641
[iscas99__b22 gpu2] [plan iscas99__b22] [plan] step=258 node=N21650 type=observe reward_pred=4126.841797 sequence=171615.093438
[iscas99__b22 gpu2] [plan iscas99__b22] [plan] step=259 node=N7693 type=observe reward_pred=4239.039551 sequence=175854.132988
[iscas99__b22 gpu2] [plan iscas99__b22] [plan] step=260 node=N26424 type=observe reward_pred=4354.117188 sequence=180208.250176
[iscas99__b22 gpu2] [plan iscas99__b22] [plan] step=261 node=N21433 type=observe reward_pred=4472.204102 sequence=184680.454277
[iscas99__b22 gpu2] [plan iscas99__b22] [plan] step=262 node=N21405 type=observe reward_pred=4566.072754 sequence=189246.527031
[iscas99__b22 gpu2] [plan iscas99__b22] [plan] step=263 node=N21411 type=observe reward_pred=4672.539551 sequence=193919.066582
[iscas99__b22 gpu2] [plan iscas99__b22] [plan] step=264 node=N21540 type=observe reward_pred=4807.431152 sequence=198726.497734
[iscas99__b22 gpu2] [plan iscas99__b22] [plan] step=265 node=N21500 type=observe reward_pred=4939.849121 sequence=203666.346856
[iscas99__b22 gpu2] [plan iscas99__b22] [plan] step=266 node=N21526 type=observe reward_pred=5073.720215 sequence=208740.067070
[iscas99__b22 gpu2] [plan iscas99__b22] [plan] step=267 node=N28334 type=observe reward_pred=5212.403320 sequence=213952.470391
[iscas99__b22 gpu2] [plan iscas99__b22] [plan] step=268 node=N28332 type=observe reward_pred=5354.087891 sequence=219306.558281
[iscas99__b22 gpu2] [plan iscas99__b22] [plan] step=269 node=N28100 type=observe reward_pred=5478.513672 sequence=224785.071953
[iscas99__b22 gpu2] [plan iscas99__b22] [plan] step=270 node=N28091 type=observe reward_pred=5611.781250 sequence=230396.853203
[iscas99__b22 gpu2] [plan iscas99__b22] [plan] step=271 node=N15178 type=observe reward_pred=5749.465820 sequence=236146.319023
[iscas99__b22 gpu2] [plan iscas99__b22] [plan] step=272 node=N28231 type=observe reward_pred=5913.046387 sequence=242059.365410
[iscas99__b22 gpu2] [plan iscas99__b22] [plan] step=273 node=N23075 type=observe reward_pred=6075.537598 sequence=248134.903008
[iscas99__b22 gpu2] [plan iscas99__b22] [plan] step=274 node=N23079 type=observe reward_pred=6241.219238 sequence=254376.122246
[iscas99__b22 gpu2] [plan iscas99__b22] [plan] step=275 node=N28189 type=observe reward_pred=6410.873535 sequence=260786.995781
[iscas99__b22 gpu2] [plan iscas99__b22] [plan] step=276 node=N22602 type=observe reward_pred=6584.790527 sequence=267371.786309
[iscas99__b22 gpu2] [plan iscas99__b22] [plan] step=277 node=N22606 type=observe reward_pred=6763.186523 sequence=274134.972832
[iscas99__b22 gpu2] [plan iscas99__b22] [plan] step=278 node=N19505 type=observe reward_pred=6946.242188 sequence=281081.215020
[iscas99__b22 gpu2] [plan iscas99__b22] [plan] step=279 node=N19509 type=observe reward_pred=7134.127930 sequence=288215.342949
[iscas99__b22 gpu2] [plan iscas99__b22] [plan] step=280 node=N23548 type=observe reward_pred=7326.998535 sequence=295542.341484
[iscas99__b22 gpu2] [plan iscas99__b22] [plan] step=281 node=N23552 type=observe reward_pred=7524.987305 sequence=303067.328789
[iscas99__b22 gpu2] [plan iscas99__b22] [plan] step=282 node=N24146 type=observe reward_pred=7684.695312 sequence=310752.024102
[iscas99__b22 gpu2] [plan iscas99__b22] [plan] step=283 node=N25988 type=observe reward_pred=7903.819824 sequence=318655.843926
[iscas99__b22 gpu2] [plan iscas99__b22] [plan] step=284 node=N25992 type=observe reward_pred=8120.473633 sequence=326776.317559
[iscas99__b22 gpu2] [plan iscas99__b22] [plan] step=285 node=N2144 type=observe reward_pred=8299.501953 sequence=335075.819512
[iscas99__b22 gpu2] [plan iscas99__b22] [plan] step=286 node=N62390 type=control0 reward_pred=8534.839844 sequence=343610.659356
[iscas99__b22 gpu2] [plan iscas99__b22] [plan] step=287 node=N44356 type=observe reward_pred=8768.832031 sequence=352379.491387
[iscas99__b22 gpu2] [plan iscas99__b22] [plan] step=288 node=N44361 type=observe reward_pred=9007.320312 sequence=361386.811699
[iscas99__b22 gpu2] [plan iscas99__b22] [plan] step=289 node=N2920 type=observe reward_pred=9251.525391 sequence=370638.337090
[iscas99__b17 gpu5] [plan iscas99__b17] [plan] step=199 node=N3445 type=observe reward_pred=1131.740356 sequence=41338.602239
[iscas99__b17 gpu5] [plan iscas99__b17] [plan] step=200 node=N3458 type=observe reward_pred=1162.529053 sequence=42501.131292
[iscas99__b17 gpu5] [plan iscas99__b17] [plan] step=201 node=N3478 type=observe reward_pred=1194.151001 sequence=43695.282293
[iscas99__b17 gpu5] [plan iscas99__b17] [plan] step=202 node=N3486 type=observe reward_pred=1226.628906 sequence=44921.911199
[iscas99__b17 gpu5] [plan iscas99__b17] [plan] step=203 node=N3506 type=observe reward_pred=1259.982788 sequence=46181.893987
[iscas99__b17 gpu5] [plan iscas99__b17] [plan] step=204 node=N3536 type=observe reward_pred=1294.229126 sequence=47476.123113
[iscas99__b17 gpu5] [plan iscas99__b17] [plan] step=205 node=N3563 type=observe reward_pred=1329.391724 sequence=48805.514837
[iscas99__b17 gpu5] [plan iscas99__b17] [plan] step=206 node=N3436 type=observe reward_pred=1365.500977 sequence=50171.015813
[iscas99__b17 gpu5] [plan iscas99__b17] [plan] step=207 node=N33503 type=observe reward_pred=1404.272949 sequence=51575.288763
[iscas99__b17 gpu5] [plan iscas99__b17] [plan] step=208 node=N3496 type=observe reward_pred=1442.020874 sequence=53017.309637
[iscas99__b17 gpu5] [plan iscas99__b17] [plan] step=209 node=N3545 type=observe reward_pred=1480.954712 sequence=54498.264348
[iscas99__b17 gpu5] [plan iscas99__b17] [plan] step=210 node=N7640 type=observe reward_pred=1521.108765 sequence=56019.373113
[iscas99__b17 gpu5] [plan iscas99__b17] [plan] step=211 node=N33520 type=observe reward_pred=1564.370850 sequence=57583.743963
[iscas99__b17 gpu5] [plan iscas99__b17] [plan] step=212 node=N3401 type=observe reward_pred=1606.534912 sequence=59190.278875
[iscas99__b17 gpu5] [plan iscas99__b17] [plan] step=213 node=N3415 type=observe reward_pred=1649.980103 sequence=60840.258977
[iscas99__b17 gpu5] [plan iscas99__b17] [plan] step=214 node=N3516 type=observe reward_pred=1694.619995 sequence=62534.878973
[iscas99__b17 gpu5] [plan iscas99__b17] [plan] step=215 node=N3574 type=observe reward_pred=1740.488159 sequence=64275.367132
[iscas99__b17 gpu5] [plan iscas99__b17] [plan] step=216 node=N32399 type=observe reward_pred=1787.622314 sequence=66062.989446
[iscas99__b17 gpu5] [plan iscas99__b17] [plan] step=217 node=N75743 type=observe reward_pred=1835.765259 sequence=67898.754705
[iscas99__b17 gpu5] [plan iscas99__b17] [plan] step=218 node=N3387 type=observe reward_pred=1885.536377 sequence=69784.291082
[iscas99__b17 gpu5] [plan iscas99__b17] [plan] step=219 node=N3298 type=observe reward_pred=1936.632202 sequence=71720.923284
[iscas99__b17 gpu5] [plan iscas99__b17] [plan] step=220 node=N40685 type=observe reward_pred=1988.682251 sequence=73709.605535
[iscas99__b17 gpu5] [plan iscas99__b17] [plan] step=221 node=N3880 type=observe reward_pred=2042.162476 sequence=75751.768011
[iscas99__b17 gpu5] [plan iscas99__b17] [plan] step=222 node=N7633 type=observe reward_pred=2097.671143 sequence=77849.439153
[iscas99__b17 gpu5] [plan iscas99__b17] [plan] step=223 node=N2858 type=control1 reward_pred=2154.612305 sequence=80004.051458
[iscas99__b17 gpu5] [plan iscas99__b17] [plan] step=224 node=N3856 type=observe reward_pred=2212.479980 sequence=82216.531438
[iscas99__b17 gpu5] [plan iscas99__b17] [plan] step=225 node=N3450 type=observe reward_pred=2272.447021 sequence=84488.978460
[iscas99__b17 gpu5] [plan iscas99__b17] [plan] step=226 node=N3463 type=observe reward_pred=2333.971680 sequence=86822.950139
[iscas99__b17 gpu5] [plan iscas99__b17] [plan] step=227 node=N7644 type=observe reward_pred=2397.245850 sequence=89220.195989
[iscas99__b17 gpu5] [plan iscas99__b17] [plan] step=228 node=N19314 type=observe reward_pred=2461.670166 sequence=91681.866155
[iscas99__b17 gpu5] [plan iscas99__b17] [plan] step=229 node=N19315 type=observe reward_pred=2527.977539 sequence=94209.843694
[iscas99__b17 gpu5] [plan iscas99__b17] [plan] step=230 node=N19316 type=observe reward_pred=2596.121094 sequence=96805.964788
[iscas99__b17 gpu5] [plan iscas99__b17] [plan] step=231 node=N38615 type=observe reward_pred=2666.450195 sequence=99472.414983
[iscas99__b17 gpu5] [plan iscas99__b17] [plan] step=232 node=N31002 type=observe reward_pred=2738.653320 sequence=102211.068304
[iscas99__b17 gpu5] [plan iscas99__b17] [plan] step=233 node=N31003 type=observe reward_pred=2812.759033 sequence=105023.827337
[iscas99__b17 gpu5] [plan iscas99__b17] [plan] step=234 node=N31004 type=observe reward_pred=2888.839600 sequence=107912.666936
[iscas99__b17 gpu5] [plan iscas99__b17] [plan] step=235 node=N31005 type=observe reward_pred=2966.955322 sequence=110879.622259
[iscas99__b17 gpu5] [plan iscas99__b17] [plan] step=236 node=N38614 type=observe reward_pred=3047.104736 sequence=113926.726995
[iscas99__b17 gpu5] [plan iscas99__b17] [plan] step=237 node=N55673 type=observe reward_pred=3129.154297 sequence=117055.881292
[iscas99__b17 gpu5] [plan iscas99__b17] [plan] step=238 node=N26089 type=observe reward_pred=3213.830566 sequence=120269.711858
[iscas99__b17 gpu5] [plan iscas99__b17] [plan] step=239 node=N55656 type=observe reward_pred=3300.724854 sequence=123570.436712
[iscas99__b17 gpu5] [plan iscas99__b17] [plan] step=240 node=N55679 type=observe reward_pred=3389.596680 sequence=126960.033391
[iscas99__b17 gpu5] [plan iscas99__b17] [plan] step=241 node=N19317 type=observe reward_pred=3480.940674 sequence=130440.974065
[iscas99__b17 gpu5] [plan iscas99__b17] [plan] step=242 node=N55655 type=observe reward_pred=3574.781494 sequence=134015.755559
[iscas99__b17 gpu5] [plan iscas99__b17] [plan] step=243 node=N55857 type=observe reward_pred=3671.170654 sequence=137686.926214
[iscas99__b17 gpu5] [plan iscas99__b17] [plan] step=244 node=N55859 type=observe reward_pred=3770.165771 sequence=141457.091985
[iscas99__b17 gpu5] [plan iscas99__b17] [plan] step=245 node=N33934 type=observe reward_pred=3871.839111 sequence=145328.931097
[iscas99__b17 gpu5] [plan iscas99__b17] [plan] step=246 node=N75742 type=observe reward_pred=3976.413818 sequence=149305.344915
[iscas99__b17 gpu5] [plan iscas99__b17] [plan] step=247 node=N2096 type=control1 reward_pred=4083.722656 sequence=153389.067571
[iscas99__b17 gpu5] [plan iscas99__b17] [plan] step=248 node=N34067 type=observe reward_pred=4194.163574 sequence=157583.231145
[iscas99__b17 gpu5] [plan iscas99__b17] [plan] step=249 node=N3778 type=observe reward_pred=4307.171387 sequence=161890.402532
[iscas99__b17 gpu5] [plan iscas99__b17] [plan] step=250 node=N63711 type=control1 reward_pred=4423.357910 sequence=166313.760442
[iscas99__b17 gpu5] [plan iscas99__b17] [plan] step=251 node=N3364 type=observe reward_pred=4542.941406 sequence=170856.701848
[iscas99__b17 gpu5] [plan iscas99__b17] [plan] step=252 node=N3372 type=observe reward_pred=4665.663574 sequence=175522.365423
[iscas99__b17 gpu5] [plan iscas99__b17] [plan] step=253 node=N3380 type=observe reward_pred=4791.654297 sequence=180314.019720
[iscas99__b17 gpu5] [plan iscas99__b17] [plan] step=254 node=N3348 type=observe reward_pred=4921.013184 sequence=185235.032903
[iscas99__b17 gpu5] [plan iscas99__b17] [plan] step=255 node=N3356 type=observe reward_pred=5053.844238 sequence=190288.877141
[iscas99__b17 gpu5] [plan iscas99__b17] [plan] step=256 node=N40684 type=observe reward_pred=5190.245605 sequence=195479.122747
[iscas99__b17 gpu5] [plan iscas99__b17] [plan] step=257 node=N34095 type=observe reward_pred=5330.311035 sequence=200809.433782
[iscas99__b17 gpu5] [plan iscas99__b17] [plan] step=258 node=N33886 type=observe reward_pred=5473.834473 sequence=206283.268255
[iscas99__b17 gpu5] [plan iscas99__b17] [plan] step=259 node=N5390 type=observe reward_pred=5622.790527 sequence=211906.058782
[iscas99__b17 gpu5] [plan iscas99__b17] [plan] step=260 node=N5414 type=observe reward_pred=5775.700195 sequence=217681.758977
[iscas99__b17 gpu5] [plan iscas99__b17] [plan] step=261 node=N5438 type=observe reward_pred=5932.778809 sequence=223614.537786
[iscas99__b17 gpu5] [plan iscas99__b17] [plan] step=262 node=N5462 type=observe reward_pred=6094.215332 sequence=229708.753118
[iscas99__b17 gpu5] [plan iscas99__b17] [plan] step=263 node=N5389 type=observe reward_pred=6260.080566 sequence=235968.833684
[iscas99__b17 gpu5] [plan iscas99__b17] [plan] step=264 node=N5413 type=observe reward_pred=6430.407227 sequence=242399.240911
[iscas99__b17 gpu5] [plan iscas99__b17] [plan] step=265 node=N5437 type=observe reward_pred=6605.310059 sequence=249004.550970
[iscas99__b17 gpu5] [plan iscas99__b17] [plan] step=266 node=N5461 type=observe reward_pred=6784.692383 sequence=255789.243352
[iscas99__b17 gpu5] [plan iscas99__b17] [plan] step=267 node=N3324 type=observe reward_pred=6969.733887 sequence=262758.977239
[iscas99__b17 gpu5] [plan iscas99__b17] [plan] step=268 node=N5342 type=observe reward_pred=7157.150879 sequence=269916.128118
[iscas99__b17 gpu5] [plan iscas99__b17] [plan] step=269 node=N29439 type=observe reward_pred=7349.779297 sequence=277265.907415
[iscas99__b17 gpu5] [plan iscas99__b17] [plan] step=270 node=N7936 type=observe reward_pred=7547.588867 sequence=284813.496282
[iscas99__b17 gpu5] [plan iscas99__b17] [plan] step=271 node=N7937 type=observe reward_pred=7750.766602 sequence=292564.262884
[iscas99__b17 gpu5] [plan iscas99__b17] [plan] step=272 node=N71672 type=observe reward_pred=7959.508301 sequence=300523.771184
[iscas99__b17 gpu5] [plan iscas99__b17] [plan] step=273 node=N71641 type=observe reward_pred=8173.945801 sequence=308697.716985
[iscas99__b17 gpu5] [plan iscas99__b17] [plan] step=274 node=N39525 type=control1 reward_pred=8394.196289 sequence=317091.913274
[iscas99__b17 gpu5] [plan iscas99__b17] [plan] step=275 node=N71640 type=observe reward_pred=8620.430664 sequence=325712.343938
[iscas99__b17 gpu5] [plan iscas99__b17] [plan] step=276 node=N71646 type=observe reward_pred=8852.765625 sequence=334565.109563
[iscas99__b17 gpu5] [plan iscas99__b17] [plan] step=277 node=N7641 type=observe reward_pred=9092.086914 sequence=343657.196477
[iscas99__b17 gpu5] [plan iscas99__b17] [plan] step=278 node=N71689 type=observe reward_pred=9337.084961 sequence=352994.281438
[iscas99__b17 gpu5] [plan iscas99__b17] [plan] step=279 node=N71695 type=observe reward_pred=9588.755859 sequence=362583.037298
[iscas99__b17 gpu5] [plan iscas99__b17] [plan] step=280 node=N32337 type=observe reward_pred=9849.462891 sequence=372432.500188
[iscas99__b17 gpu5] [plan iscas99__b17] [plan] step=281 node=N71680 type=observe reward_pred=10114.507812 sequence=382547.008001
[iscas99__b17 gpu5] [plan iscas99__b17] [plan] step=282 node=N71690 type=observe reward_pred=10386.970703 sequence=392933.978704
[iscas99__b17 gpu5] [plan iscas99__b17] [plan] step=283 node=N75744 type=observe reward_pred=10667.184570 sequence=403601.163274
[iscas99__b17 gpu5] [plan iscas99__b17] [plan] step=284 node=N33374 type=observe reward_pred=10957.186523 sequence=414558.349798
[iscas99__b17 gpu5] [plan iscas99__b17] [plan] step=285 node=N34111 type=observe reward_pred=11254.975586 sequence=425813.325384
[iscas99__b17 gpu5] [plan iscas99__b17] [plan] step=286 node=N34103 type=observe reward_pred=11560.805664 sequence=437374.131048
[iscas99__b17 gpu5] [plan iscas99__b17] [plan] step=287 node=N34115 type=observe reward_pred=11874.798828 sequence=449248.929876
[iscas99__b17 gpu5] [plan iscas99__b17] [plan] step=288 node=N34123 type=observe reward_pred=12197.240234 sequence=461446.170110
[iscas99__b17 gpu5] [plan iscas99__b17] [plan] step=289 node=N19318 type=observe reward_pred=12524.867188 sequence=473971.037298
[iscas99__b17 gpu5] [plan iscas99__b17] [plan] step=290 node=N19320 type=observe reward_pred=12861.911133 sequence=486832.948431
[iscas99__b17 gpu5] [plan iscas99__b17] [plan] step=291 node=N19321 type=observe reward_pred=13208.396484 sequence=500041.344915
[iscas99__b17 gpu5] [plan iscas99__b17] [plan] step=292 node=N19323 type=observe reward_pred=13564.501953 sequence=513605.846868
[iscas99__b15_1 gpu0] [plan iscas99__b15_1] [plan] step=198 node=N8406 type=observe reward_pred=1147.995117 sequence=47098.620242
[iscas99__b15_1 gpu0] [plan iscas99__b15_1] [plan] step=199 node=N6261 type=observe reward_pred=1180.154541 sequence=48278.774783
[iscas99__b15_1 gpu0] [plan iscas99__b15_1] [plan] step=200 node=N6264 type=observe reward_pred=1212.837036 sequence=49491.611819
[iscas99__b15_1 gpu0] [plan iscas99__b15_1] [plan] step=201 node=N8404 type=observe reward_pred=1234.675049 sequence=50726.286868
[iscas99__b15_1 gpu0] [plan iscas99__b15_1] [plan] step=202 node=N742 type=observe reward_pred=1271.363403 sequence=51997.650271
[iscas99__b15_1 gpu0] [plan iscas99__b15_1] [plan] step=203 node=N6267 type=observe reward_pred=1307.123535 sequence=53304.773807
[iscas99__b15_1 gpu0] [plan iscas99__b15_1] [plan] step=204 node=N745 type=observe reward_pred=1343.397583 sequence=54648.171390
[iscas99__b15_1 gpu0] [plan iscas99__b15_1] [plan] step=205 node=N6534 type=observe reward_pred=1380.562012 sequence=56028.733401
[iscas99__b15_1 gpu0] [plan iscas99__b15_1] [plan] step=206 node=N6833 type=observe reward_pred=1418.589111 sequence=57447.322513
[iscas99__b15_1 gpu0] [plan iscas99__b15_1] [plan] step=207 node=N6750 type=observe reward_pred=1451.246948 sequence=58898.569461
[iscas99__b15_1 gpu0] [plan iscas99__b15_1] [plan] step=208 node=N6181 type=observe reward_pred=1492.580078 sequence=60391.149539
[iscas99__b15_1 gpu0] [plan iscas99__b15_1] [plan] step=209 node=N6187 type=observe reward_pred=1533.873169 sequence=61925.022708
[iscas99__b15_1 gpu0] [plan iscas99__b15_1] [plan] step=210 node=N6184 type=observe reward_pred=1576.055176 sequence=63501.077884
[iscas99__b15_1 gpu0] [plan iscas99__b15_1] [plan] step=211 node=N6009 type=observe reward_pred=1619.315308 sequence=65120.393191
[iscas99__b15_1 gpu0] [plan iscas99__b15_1] [plan] step=212 node=N6011 type=observe reward_pred=1663.734375 sequence=66784.127566
[iscas99__b15_1 gpu0] [plan iscas99__b15_1] [plan] step=213 node=N6012 type=observe reward_pred=1709.332520 sequence=68493.460086
[iscas99__b15_1 gpu0] [plan iscas99__b15_1] [plan] step=214 node=N6013 type=observe reward_pred=1756.147217 sequence=70249.607303
[iscas99__b15_1 gpu0] [plan iscas99__b15_1] [plan] step=215 node=N6014 type=observe reward_pred=1804.216797 sequence=72053.824099
[iscas99__b15_1 gpu0] [plan iscas99__b15_1] [plan] step=216 node=N6015 type=observe reward_pred=1853.582764 sequence=73907.406863
[iscas99__b15_1 gpu0] [plan iscas99__b15_1] [plan] step=217 node=N6016 type=observe reward_pred=1904.276611 sequence=75811.683474
[iscas99__b15_1 gpu0] [plan iscas99__b15_1] [plan] step=218 node=N6017 type=observe reward_pred=1956.317139 sequence=77768.000613
[iscas99__b15_1 gpu0] [plan iscas99__b15_1] [plan] step=219 node=N847 type=observe reward_pred=2009.757324 sequence=79777.757937
[iscas99__b15_1 gpu0] [plan iscas99__b15_1] [plan] step=220 node=N8405 type=observe reward_pred=2044.173096 sequence=81821.931033
[iscas99__b15_1 gpu0] [plan iscas99__b15_1] [plan] step=221 node=N7410 type=observe reward_pred=2104.672852 sequence=83926.603885
[iscas99__b15_1 gpu0] [plan iscas99__b15_1] [plan] step=222 node=N10614 type=observe reward_pred=2141.376709 sequence=86067.980594
[iscas99__b15_1 gpu0] [plan iscas99__b15_1] [plan] step=223 node=N10629 type=observe reward_pred=2184.861328 sequence=88252.841922
[iscas99__b15_1 gpu0] [plan iscas99__b15_1] [plan] step=224 node=N5422 type=observe reward_pred=2230.863525 sequence=90483.705447
[iscas99__b15_1 gpu0] [plan iscas99__b15_1] [plan] step=225 node=N10307 type=observe reward_pred=2279.997559 sequence=92763.703006
[iscas99__b15_1 gpu0] [plan iscas99__b15_1] [plan] step=226 node=N868 type=observe reward_pred=2328.052246 sequence=95091.755252
[iscas99__b15_1 gpu0] [plan iscas99__b15_1] [plan] step=227 node=N23208 type=observe reward_pred=2399.984131 sequence=97491.739383
[iscas99__b15_1 gpu0] [plan iscas99__b15_1] [plan] step=228 node=N10617 type=observe reward_pred=2447.248291 sequence=99938.987674
[iscas99__b15_1 gpu0] [plan iscas99__b15_1] [plan] step=229 node=N870 type=observe reward_pred=2497.528809 sequence=102436.516482
[iscas99__b15_1 gpu0] [plan iscas99__b15_1] [plan] step=230 node=N861 type=observe reward_pred=2574.045898 sequence=105010.562381
[iscas99__b15_1 gpu0] [plan iscas99__b15_1] [plan] step=231 node=N8344 type=observe reward_pred=2619.864990 sequence=107630.427371
[iscas99__b15_1 gpu0] [plan iscas99__b15_1] [plan] step=232 node=N5473 type=observe reward_pred=2674.215576 sequence=110304.642947
[iscas99__b15_1 gpu0] [plan iscas99__b15_1] [plan] step=233 node=N860 type=observe reward_pred=2756.505859 sequence=113061.148807
[iscas99__b15_1 gpu0] [plan iscas99__b15_1] [plan] step=234 node=N10606 type=observe reward_pred=2806.161621 sequence=115867.310428
[iscas99__b15_1 gpu0] [plan iscas99__b15_1] [plan] step=235 node=N23210 type=observe reward_pred=2891.389160 sequence=118758.699588
[iscas99__b15_1 gpu0] [plan iscas99__b15_1] [plan] step=236 node=N23209 type=observe reward_pred=2973.068115 sequence=121731.767703
[iscas99__b15_1 gpu0] [plan iscas99__b15_1] [plan] step=237 node=N857 type=observe reward_pred=3055.722656 sequence=124787.490359
[iscas99__b15_1 gpu0] [plan iscas99__b15_1] [plan] step=238 node=N856 type=observe reward_pred=3139.999756 sequence=127927.490115
[iscas99__b15_1 gpu0] [plan iscas99__b15_1] [plan] step=239 node=N1349 type=observe reward_pred=3226.155518 sequence=131153.645633
[iscas99__b15_1 gpu0] [plan iscas99__b15_1] [plan] step=240 node=N23211 type=observe reward_pred=3314.463867 sequence=134468.109500
[iscas99__b15_1 gpu0] [plan iscas99__b15_1] [plan] step=241 node=N14042 type=control0 reward_pred=3404.766602 sequence=137872.876101
[iscas99__b15_1 gpu0] [plan iscas99__b15_1] [plan] step=242 node=N841 type=observe reward_pred=3457.882812 sequence=141330.758914
[iscas99__b15_1 gpu0] [plan iscas99__b15_1] [plan] step=243 node=N8212 type=observe reward_pred=3561.517334 sequence=144892.276248
[iscas99__b15_1 gpu0] [plan iscas99__b15_1] [plan] step=244 node=N6190 type=observe reward_pred=3660.890137 sequence=148553.166385
[iscas99__b15_1 gpu0] [plan iscas99__b15_1] [plan] step=245 node=N8403 type=observe reward_pred=3761.483154 sequence=152314.649539
[iscas99__b15_1 gpu0] [plan iscas99__b15_1] [plan] step=246 node=N750 type=observe reward_pred=3864.343750 sequence=156178.993289
[iscas99__b15_1 gpu0] [plan iscas99__b15_1] [plan] step=247 node=N6753 type=observe reward_pred=3969.761963 sequence=160148.755252
[iscas99__b15_1 gpu0] [plan iscas99__b15_1] [plan] step=248 node=N749 type=observe reward_pred=4077.870605 sequence=164226.625857
[iscas99__b15_1 gpu0] [plan iscas99__b15_1] [plan] step=249 node=N6193 type=observe reward_pred=4188.771973 sequence=168415.397830
[iscas99__b15_1 gpu0] [plan iscas99__b15_1] [plan] step=250 node=N6701 type=observe reward_pred=4302.570801 sequence=172717.968631
[iscas99__b15_1 gpu0] [plan iscas99__b15_1] [plan] step=251 node=N6217 type=observe reward_pred=4419.362793 sequence=177137.331424
[iscas99__b15_1 gpu0] [plan iscas99__b15_1] [plan] step=252 node=N7273 type=observe reward_pred=4539.249512 sequence=181676.580935
[iscas99__b15_1 gpu0] [plan iscas99__b15_1] [plan] step=253 node=N7274 type=observe reward_pred=4662.318848 sequence=186338.899783
[iscas99__b15_1 gpu0] [plan iscas99__b15_1] [plan] step=254 node=N7275 type=observe reward_pred=4788.671387 sequence=191127.571170
[iscas99__b15_1 gpu0] [plan iscas99__b15_1] [plan] step=255 node=N7276 type=observe reward_pred=4918.411621 sequence=196045.982791
[iscas99__b15_1 gpu0] [plan iscas99__b15_1] [plan] step=256 node=N7277 type=observe reward_pred=5051.627441 sequence=201097.610232
[iscas99__b15_1 gpu0] [plan iscas99__b15_1] [plan] step=257 node=N7278 type=observe reward_pred=5188.414062 sequence=206286.024295
[iscas99__b15_1 gpu0] [plan iscas99__b15_1] [plan] step=258 node=N7452 type=observe reward_pred=5328.905762 sequence=211614.930057
[iscas99__b15_1 gpu0] [plan iscas99__b15_1] [plan] step=259 node=N6196 type=observe reward_pred=5473.126465 sequence=217088.056521
[iscas99__b15_1 gpu0] [plan iscas99__b15_1] [plan] step=260 node=N6535 type=observe reward_pred=5621.279785 sequence=222709.336307
[iscas99__b15_1 gpu0] [plan iscas99__b15_1] [plan] step=261 node=N7403 type=observe reward_pred=5773.354004 sequence=228482.690310
[iscas99__b15_1 gpu0] [plan iscas99__b15_1] [plan] step=262 node=N6245 type=observe reward_pred=5929.531738 sequence=234412.222049
[iscas99__b15_1 gpu0] [plan iscas99__b15_1] [plan] step=263 node=N901 type=observe reward_pred=6089.956055 sequence=240502.178103
[iscas99__b15_1 gpu0] [plan iscas99__b15_1] [plan] step=264 node=N6221 type=observe reward_pred=6254.641113 sequence=246756.819217
[iscas99__b15_1 gpu0] [plan iscas99__b15_1] [plan] step=265 node=N6224 type=observe reward_pred=6423.768555 sequence=253180.587771
[iscas99__b15_1 gpu0] [plan iscas99__b15_1] [plan] step=266 node=N6235 type=observe reward_pred=6597.451172 sequence=259778.038943
[iscas99__b15_1 gpu0] [plan iscas99__b15_1] [plan] step=267 node=N6199 type=observe reward_pred=6775.808105 sequence=266553.847049
[iscas99__b15_1 gpu0] [plan iscas99__b15_1] [plan] step=268 node=N6239 type=observe reward_pred=6958.972168 sequence=273512.819217
[iscas99__b15_1 gpu0] [plan iscas99__b15_1] [plan] step=269 node=N752 type=observe reward_pred=7147.114746 sequence=280659.933963
[iscas99__b15_1 gpu0] [plan iscas99__b15_1] [plan] step=270 node=N655 type=observe reward_pred=7340.312012 sequence=288000.245974
[iscas99__b15_1 gpu0] [plan iscas99__b15_1] [plan] step=271 node=N6227 type=observe reward_pred=7538.653809 sequence=295538.899783
[iscas99__b15_1 gpu0] [plan iscas99__b15_1] [plan] step=272 node=N663 type=observe reward_pred=7742.410645 sequence=303281.310428
[iscas99__b15_1 gpu0] [plan iscas99__b15_1] [plan] step=273 node=N668 type=observe reward_pred=7951.643555 sequence=311232.953982
[iscas99__b15_1 gpu0] [plan iscas99__b15_1] [plan] step=274 node=N7530 type=observe reward_pred=8166.441895 sequence=319399.395877
[iscas99__b15_1 gpu0] [plan iscas99__b15_1] [plan] step=275 node=N673 type=observe reward_pred=8387.105469 sequence=327786.501346
[iscas99__b15_1 gpu0] [plan iscas99__b15_1] [plan] step=276 node=N7545 type=observe reward_pred=8613.625977 sequence=336400.127322
[iscas99__b15_1 gpu0] [plan iscas99__b15_1] [plan] step=277 node=N6171 type=observe reward_pred=8846.261719 sequence=345246.389041
[iscas99__b15_1 gpu0] [plan iscas99__b15_1] [plan] step=278 node=N6242 type=observe reward_pred=9085.164062 sequence=354331.553103
[iscas99__b15_1 gpu0] [plan iscas99__b15_1] saved=autoresearch/eval8-rest7-hybrid-recall-k96-realfault-Bonly-300k-260702-233920/iscas99__b15_1/B_world_rerank/plans/iscas99__b15_1__greedy__cumulative__reward_pred__bw1__d1__c96__g1p0__candheuristic_recall_pool__div0p0__s0.csv
[iscas99__b15_1 gpu0] [gmean] 2026-07-03T00:08:54 [1/1] plan_done benchmark=iscas99__b15_1 plan_sec=1773.381 plan_csv=autoresearch/eval8-rest7-hybrid-recall-k96-realfault-Bonly-300k-260702-233920/iscas99__b15_1/B_world_rerank/plans/iscas99__b15_1__greedy__cumulative__reward_pred__bw1__d1__c96__g1p0__candheuristic_recall_pool__div0p0__s0.csv
[iscas99__b15_1 gpu0] [gmean] 2026-07-03T00:08:54 [1/1] eval_start benchmark=iscas99__b15_1 backend=atalanta-bist patterns=300000
[iscas99__b15_1 gpu0] [eval iscas99__b15_1] {
[iscas99__b15_1 gpu0] [eval iscas99__b15_1]   "records": 2,
[iscas99__b15_1 gpu0] [eval iscas99__b15_1]   "labels_csv": "autoresearch/eval8-rest7-hybrid-recall-k96-realfault-Bonly-300k-260702-233920/iscas99__b15_1/B_world_rerank/evals/iscas99__b15_1__greedy__cumulative__reward_pred__bw1__d1__c96__g1p0__candheuristic_recall_pool__div0p0__s0/labels.csv",
[iscas99__b15_1 gpu0] [eval iscas99__b15_1]   "summary_json": "autoresearch/eval8-rest7-hybrid-recall-k96-realfault-Bonly-300k-260702-233920/iscas99__b15_1/B_world_rerank/evals/iscas99__b15_1__greedy__cumulative__reward_pred__bw1__d1__c96__g1p0__candheuristic_recall_pool__div0p0__s0/summary.json"
[iscas99__b15_1 gpu0] [eval iscas99__b15_1] }
[iscas99__b15_1 gpu0] [gmean] 2026-07-03T00:09:02 [1/1] eval_done benchmark=iscas99__b15_1 delta_tc=0.10592000000000001 plan_sec=1773.381 eval_sec=8.088 total_sec=1781.476
[iscas99__b15_1 gpu0] [gmean] 2026-07-03T00:09:02 variant_done id=greedy__cumulative__reward_pred__bw1__d1__c96__g1p0__candheuristic_recall_pool__div0p0__s0 status=ok macro=0.10592000000000001 positives=1 negatives=0 elapsed=1781.477
[launcher] done benchmark=iscas99__b15_1 status=0 log=autoresearch/eval8-rest7-hybrid-recall-k96-realfault-Bonly-300k-260702-233920/logs/iscas99__b15_1.log
[iscas99__b22 gpu2] [plan iscas99__b22] [plan] step=290 node=N14525 type=control1 reward_pred=9502.251953 sequence=380140.589043
[iscas99__b22 gpu2] [plan iscas99__b22] [plan] step=291 node=N14468 type=observe reward_pred=9759.349609 sequence=389899.938652
[iscas99__b22 gpu2] [plan iscas99__b22] [plan] step=292 node=N28193 type=observe reward_pred=9974.018555 sequence=399873.957207
[iscas99__b22 gpu2] [plan iscas99__b22] [plan] step=293 node=N14661 type=observe reward_pred=10256.532227 sequence=410130.489434
[iscas99__b22 gpu2] [plan iscas99__b22] [plan] step=294 node=N14664 type=observe reward_pred=10537.218750 sequence=420667.708184
[iscas99__b22 gpu2] [plan iscas99__b22] [plan] step=295 node=N28799 type=observe reward_pred=10823.282227 sequence=431490.990410
[iscas99__b22 gpu2] [plan iscas99__b22] [plan] step=296 node=N28803 type=observe reward_pred=11116.566406 sequence=442607.556816
[iscas99__b22 gpu2] [plan iscas99__b22] [plan] step=297 node=N2168 type=observe reward_pred=11366.250000 sequence=453973.806816
[iscas99__b22 gpu2] [plan iscas99__b22] [plan] step=298 node=N1171 type=control0 reward_pred=11686.713867 sequence=465660.520684
[iscas99__b22 gpu2] [plan iscas99__b22] [plan] step=299 node=N21504 type=observe reward_pred=11956.836914 sequence=477617.357598
[iscas99__b22 gpu2] [plan iscas99__b22] [plan] step=300 node=N25508 type=observe reward_pred=12294.274414 sequence=489911.632012
[iscas99__b22 gpu2] [plan iscas99__b22] [plan] step=301 node=N25512 type=observe reward_pred=12630.820312 sequence=502542.452324
[iscas99__b22 gpu2] [plan iscas99__b22] [plan] step=302 node=N28119 type=observe reward_pred=12974.159180 sequence=515516.611504
[iscas99__b22 gpu2] [plan iscas99__b22] [plan] step=303 node=N14447 type=observe reward_pred=13254.775391 sequence=528771.386895
[iscas99__b22 gpu2] [plan iscas99__b22] [plan] step=304 node=N25534 type=observe reward_pred=13568.526367 sequence=542339.913262
[iscas99__b22 gpu2] [plan iscas99__b22] [plan] step=305 node=N15724 type=observe reward_pred=13958.114258 sequence=556298.027520
[iscas99__b22 gpu2] [plan iscas99__b22] [plan] step=306 node=N15727 type=observe reward_pred=14342.541992 sequence=570640.569512
[iscas99__b22 gpu2] [plan iscas99__b22] [plan] step=307 node=N20993 type=observe reward_pred=14733.964844 sequence=585374.534356
[iscas99__b22 gpu2] [plan iscas99__b22] [plan] step=308 node=N13996 type=observe reward_pred=15134.513672 sequence=600509.048027
[iscas99__b22 gpu2] [plan iscas99__b22] [plan] step=309 node=N13999 type=observe reward_pred=15544.957031 sequence=616054.005059
[iscas99__b22 gpu2] [plan iscas99__b22] [plan] step=310 node=N16195 type=observe reward_pred=15965.926758 sequence=632019.931816
[iscas99__b22 gpu2] [plan iscas99__b22] [plan] step=311 node=N16198 type=observe reward_pred=16397.761719 sequence=648417.693535
[iscas99__b22 gpu2] [plan iscas99__b22] [plan] step=312 node=N22626 type=observe reward_pred=16763.173828 sequence=665180.867363
[iscas99__b22 gpu2] [plan iscas99__b22] [plan] step=313 node=N19989 type=observe reward_pred=17168.695312 sequence=682349.562676
[iscas99__b22 gpu2] [plan iscas99__b22] [plan] step=314 node=N20492 type=observe reward_pred=17656.953125 sequence=700006.515801
[iscas99__b22 gpu2] [plan iscas99__b22] [plan] step=315 node=N21533 type=observe reward_pred=18141.074219 sequence=718147.590020
[iscas99__b22 gpu2] [plan iscas99__b22] [plan] step=316 node=N28346 type=observe reward_pred=18634.792969 sequence=736782.382988
[iscas99__b22 gpu2] [plan iscas99__b22] [plan] step=317 node=N19991 type=observe reward_pred=19140.216797 sequence=755922.599785
[iscas99__b22 gpu2] [plan iscas99__b22] [plan] step=318 node=N24481 type=observe reward_pred=19658.347656 sequence=775580.947441
[iscas99__b22 gpu2] [plan iscas99__b22] [plan] step=319 node=N24485 type=observe reward_pred=20189.882812 sequence=795770.830254
[iscas99__b22 gpu2] [plan iscas99__b22] [plan] step=320 node=N28217 type=observe reward_pred=20735.335938 sequence=816506.166191
[iscas99__b22 gpu2] [plan iscas99__b22] [plan] step=321 node=N23068 type=observe reward_pred=21295.095703 sequence=837801.261895
[iscas99__b22 gpu2] [plan iscas99__b22] [plan] step=322 node=N22595 type=observe reward_pred=21869.615234 sequence=859670.877129
[iscas99__b22 gpu2] [plan iscas99__b22] [plan] step=323 node=N19498 type=observe reward_pred=22459.447266 sequence=882130.324395
[iscas99__b22 gpu2] [plan iscas99__b22] [plan] step=324 node=N23541 type=observe reward_pred=23065.056641 sequence=905195.381035
[iscas99__b22 gpu2] [plan iscas99__b22] [plan] step=325 node=N28215 type=observe reward_pred=23686.935547 sequence=928882.316582
[iscas99__b22 gpu2] [plan iscas99__b22] [plan] step=326 node=N24147 type=observe reward_pred=24325.537109 sequence=953207.853691
[iscas99__b22 gpu2] [plan iscas99__b22] [plan] step=327 node=N13203 type=observe reward_pred=24981.267578 sequence=978189.121270
[iscas99__b22 gpu2] [plan iscas99__b22] [plan] step=328 node=N22114 type=observe reward_pred=25654.613281 sequence=1003843.734551
[iscas99__b22 gpu2] [plan iscas99__b22] [plan] step=329 node=N28825 type=observe reward_pred=26242.748047 sequence=1030086.482598
[iscas99__b22 gpu2] [plan iscas99__b22] [plan] step=330 node=N7712 type=observe reward_pred=26978.707031 sequence=1057065.189629
[iscas99__b22 gpu2] [plan iscas99__b22] [plan] step=331 node=N16676 type=observe reward_pred=27713.634766 sequence=1084778.824395
[iscas99__b22 gpu2] [plan iscas99__b22] [plan] step=332 node=N23074 type=observe reward_pred=28464.037109 sequence=1113242.861504
[iscas99__b22 gpu2] [plan iscas99__b22] [plan] step=333 node=N22601 type=observe reward_pred=29233.242188 sequence=1142476.103691
[iscas99__b22 gpu2] [plan iscas99__b22] [plan] step=334 node=N23078 type=observe reward_pred=30022.572266 sequence=1172498.675957
[iscas99__b22 gpu2] [plan iscas99__b22] [plan] step=335 node=N22605 type=observe reward_pred=30832.791016 sequence=1203331.466973
[iscas99__b22 gpu2] [plan iscas99__b22] [plan] step=336 node=N19504 type=observe reward_pred=31664.541016 sequence=1234996.007988
[iscas99__b22 gpu2] [plan iscas99__b22] [plan] step=337 node=N23547 type=observe reward_pred=32518.466797 sequence=1267514.474785
[iscas99__b22 gpu2] [plan iscas99__b22] [plan] step=338 node=N19508 type=observe reward_pred=33395.195312 sequence=1300909.670098
[iscas99__b22 gpu2] [plan iscas99__b22] [plan] step=339 node=N23551 type=observe reward_pred=34295.390625 sequence=1335205.060723
[iscas99__b22 gpu2] [plan iscas99__b22] [plan] step=340 node=N14660 type=observe reward_pred=35219.710938 sequence=1370424.771660
[iscas99__b22 gpu2] [plan iscas99__b22] [plan] step=341 node=N14663 type=observe reward_pred=36168.839844 sequence=1406593.611504
[iscas99__b22 gpu2] [plan iscas99__b22] [plan] step=342 node=N28797 type=observe reward_pred=37143.460938 sequence=1443737.072441
[iscas99__b22 gpu2] [plan iscas99__b22] [plan] step=343 node=N28798 type=observe reward_pred=38144.261719 sequence=1481881.334160
[iscas99__b22 gpu2] [plan iscas99__b22] [plan] step=344 node=N28802 type=observe reward_pred=39171.980469 sequence=1521053.314629
[iscas99__b22 gpu2] [plan iscas99__b22] [plan] step=345 node=N17174 type=observe reward_pred=40227.347656 sequence=1561280.662285
[iscas99__b22 gpu2] [plan iscas99__b22] [plan] step=346 node=N25506 type=observe reward_pred=41311.105469 sequence=1602591.767754
[iscas99__b22 gpu2] [plan iscas99__b22] [plan] step=347 node=N25507 type=observe reward_pred=42424.023438 sequence=1645015.791191
[iscas99__b22 gpu2] [plan iscas99__b22] [plan] step=348 node=N25511 type=observe reward_pred=43566.890625 sequence=1688582.681816
[iscas99__b22 gpu2] [plan iscas99__b22] [plan] step=349 node=N17672 type=observe reward_pred=44740.519531 sequence=1733323.201348
[iscas99__b22 gpu2] [plan iscas99__b22] [plan] step=350 node=N14659 type=observe reward_pred=45945.738281 sequence=1779268.939629
[iscas99__b22 gpu2] [plan iscas99__b22] [plan] step=351 node=N14655 type=observe reward_pred=47183.402344 sequence=1826452.341973
[iscas99__b22 gpu2] [plan iscas99__b22] [plan] step=352 node=N23073 type=observe reward_pred=48454.386719 sequence=1874906.728691
[iscas99__b22 gpu2] [plan iscas99__b22] [plan] step=353 node=N15723 type=observe reward_pred=49759.593750 sequence=1924666.322441
[iscas99__b22 gpu2] [plan iscas99__b22] [plan] step=354 node=N15726 type=observe reward_pred=51099.929688 sequence=1975766.252129
[iscas99__b22 gpu2] [plan iscas99__b22] [plan] step=355 node=N22600 type=observe reward_pred=52476.359375 sequence=2028242.611504
[iscas99__b22 gpu2] [plan iscas99__b22] [plan] step=356 node=N4514 type=observe reward_pred=53889.851562 sequence=2082132.463066
[iscas99__b22 gpu2] [plan iscas99__b22] [plan] step=357 node=N13995 type=observe reward_pred=55341.398438 sequence=2137473.861504
[iscas99__b22 gpu2] [plan iscas99__b22] [plan] step=358 node=N13998 type=observe reward_pred=56832.019531 sequence=2194305.881035
[iscas99__b22 gpu2] [plan iscas99__b22] [plan] step=359 node=N15722 type=observe reward_pred=58362.781250 sequence=2252668.662285
[iscas99__b22 gpu2] [plan iscas99__b22] [plan] step=360 node=N16194 type=observe reward_pred=59934.757812 sequence=2312603.420098
[iscas99__b22 gpu2] [plan iscas99__b22] [plan] step=361 node=N16197 type=observe reward_pred=61549.062500 sequence=2374152.482598
[iscas99__b22 gpu2] [plan iscas99__b22] [plan] step=362 node=N28792 type=observe reward_pred=63206.824219 sequence=2437359.306816
[iscas99__b22 gpu2] [plan iscas99__b22] [plan] step=363 node=N15718 type=observe reward_pred=64909.222656 sequence=2502268.529473
[iscas99__b22 gpu2] [plan iscas99__b22] [plan] step=364 node=N19503 type=observe reward_pred=66657.468750 sequence=2568925.998223
[iscas99__b22 gpu2] [plan iscas99__b22] [plan] step=365 node=N23546 type=observe reward_pred=68452.773438 sequence=2637378.771660
[iscas99__b22 gpu2] [plan iscas99__b22] [plan] step=366 node=N25501 type=observe reward_pred=70296.406250 sequence=2707675.177910
[iscas99__b22 gpu2] [plan iscas99__b22] [plan] step=367 node=N20989 type=observe reward_pred=72189.695312 sequence=2779864.873223
[iscas99__b22 gpu2] [plan iscas99__b22] [plan] step=368 node=N23071 type=observe reward_pred=74133.953125 sequence=2853998.826348
[iscas99__b22 gpu2] [plan iscas99__b22] [plan] step=369 node=N13994 type=observe reward_pred=76130.554688 sequence=2930129.381035
[iscas99__b22 gpu2] [plan iscas99__b22] [plan] step=370 node=N16193 type=observe reward_pred=78180.914062 sequence=3008310.295098
[iscas99__b22 gpu2] [plan iscas99__b22] [plan] step=371 node=N13990 type=observe reward_pred=80286.492188 sequence=3088596.787285
[iscas99__b22 gpu2] [plan iscas99__b22] [plan] step=372 node=N16189 type=observe reward_pred=82448.742188 sequence=3171045.529473
[iscas99__b22 gpu2] [plan iscas99__b22] [plan] step=373 node=N22598 type=observe reward_pred=84669.218750 sequence=3255714.748223
[iscas99__b22 gpu2] [plan iscas99__b22] [plan] step=374 node=N20985 type=observe reward_pred=86949.484375 sequence=3342664.232598
[iscas99__b22 gpu2] [plan iscas99__b22] [plan] step=375 node=N19501 type=observe reward_pred=89291.140625 sequence=3431955.373223
[iscas99__b22 gpu2] [plan iscas99__b22] [plan] step=376 node=N23544 type=observe reward_pred=91695.859375 sequence=3523651.232598
[iscas99__b22 gpu2] [plan iscas99__b22] [plan] step=377 node=N15122 type=observe reward_pred=94165.296875 sequence=3617816.529473
[iscas99__b22 gpu2] [plan iscas99__b22] [plan] step=378 node=N20488 type=observe reward_pred=96701.265625 sequence=3714517.795098
[iscas99__b22 gpu2] [plan iscas99__b22] [plan] step=379 node=N13195 type=observe reward_pred=99305.476562 sequence=3813823.271660
[iscas99__b22 gpu2] [plan iscas99__b22] [plan] step=380 node=N20484 type=observe reward_pred=101979.812500 sequence=3915803.084160
[iscas99__b22 gpu2] [plan iscas99__b22] [plan] step=381 node=N23064 type=observe reward_pred=104726.179688 sequence=4020529.263848
[openabcd__mem_ctrl_orig gpu6] [plan openabcd__mem_ctrl_orig] [plan] step=198 node=N15625 type=observe reward_pred=1324.594604 sequence=48418.197349
[openabcd__mem_ctrl_orig gpu6] [plan openabcd__mem_ctrl_orig] [plan] step=199 node=N15633 type=observe reward_pred=1360.512207 sequence=49778.709556
[openabcd__mem_ctrl_orig gpu6] [plan openabcd__mem_ctrl_orig] [plan] step=200 node=N2049 type=observe reward_pred=1397.402954 sequence=51176.112510
[openabcd__mem_ctrl_orig gpu6] [plan openabcd__mem_ctrl_orig] [plan] step=201 node=N18449 type=observe reward_pred=1435.441650 sequence=52611.554160
[openabcd__mem_ctrl_orig gpu6] [plan openabcd__mem_ctrl_orig] [plan] step=202 node=N14374 type=observe reward_pred=1474.691650 sequence=54086.245811
[openabcd__mem_ctrl_orig gpu6] [plan openabcd__mem_ctrl_orig] [plan] step=203 node=N14376 type=observe reward_pred=1514.533691 sequence=55600.779502
[openabcd__mem_ctrl_orig gpu6] [plan openabcd__mem_ctrl_orig] [plan] step=204 node=N2232 type=observe reward_pred=1555.521118 sequence=57156.300620
[openabcd__mem_ctrl_orig gpu6] [plan openabcd__mem_ctrl_orig] [plan] step=205 node=N2113 type=control1 reward_pred=1597.661255 sequence=58753.961875
[openabcd__mem_ctrl_orig gpu6] [plan openabcd__mem_ctrl_orig] [plan] step=206 node=N12570 type=observe reward_pred=1641.469727 sequence=60395.431602
[openabcd__mem_ctrl_orig gpu6] [plan openabcd__mem_ctrl_orig] [plan] step=207 node=N2396 type=observe reward_pred=1685.734863 sequence=62081.166465
[openabcd__mem_ctrl_orig gpu6] [plan openabcd__mem_ctrl_orig] [plan] step=208 node=N2076 type=observe reward_pred=1731.310059 sequence=63812.476523
[openabcd__mem_ctrl_orig gpu6] [plan openabcd__mem_ctrl_orig] [plan] step=209 node=N2079 type=observe reward_pred=1778.157715 sequence=65590.634238
[openabcd__mem_ctrl_orig gpu6] [plan openabcd__mem_ctrl_orig] [plan] step=210 node=N14273 type=observe reward_pred=1826.287354 sequence=67416.921592
[openabcd__mem_ctrl_orig gpu6] [plan openabcd__mem_ctrl_orig] [plan] step=211 node=N103573 type=observe reward_pred=1875.748535 sequence=69292.670127
[openabcd__mem_ctrl_orig gpu6] [plan openabcd__mem_ctrl_orig] [plan] step=212 node=N16356 type=observe reward_pred=1926.504639 sequence=71219.174766
[openabcd__mem_ctrl_orig gpu6] [plan openabcd__mem_ctrl_orig] [plan] step=213 node=N19971 type=observe reward_pred=1978.638672 sequence=73197.813437
[openabcd__mem_ctrl_orig gpu6] [plan openabcd__mem_ctrl_orig] [plan] step=214 node=N2834 type=observe reward_pred=2032.177612 sequence=75229.991050
[openabcd__mem_ctrl_orig gpu6] [plan openabcd__mem_ctrl_orig] [plan] step=215 node=N2841 type=observe reward_pred=2087.165039 sequence=77317.156089
[openabcd__mem_ctrl_orig gpu6] [plan openabcd__mem_ctrl_orig] [plan] step=216 node=N16297 type=observe reward_pred=2143.630615 sequence=79460.786704
[openabcd__mem_ctrl_orig gpu6] [plan openabcd__mem_ctrl_orig] [plan] step=217 node=N13355 type=observe reward_pred=2201.618408 sequence=81662.405112
[openabcd__mem_ctrl_orig gpu6] [plan openabcd__mem_ctrl_orig] [plan] step=218 node=N15623 type=observe reward_pred=2261.312500 sequence=83923.717612
[openabcd__mem_ctrl_orig gpu6] [plan openabcd__mem_ctrl_orig] [plan] step=219 node=N15601 type=observe reward_pred=2322.575439 sequence=86246.293052
[openabcd__mem_ctrl_orig gpu6] [plan openabcd__mem_ctrl_orig] [plan] step=220 node=N13354 type=observe reward_pred=2385.321777 sequence=88631.614829
[openabcd__mem_ctrl_orig gpu6] [plan openabcd__mem_ctrl_orig] [plan] step=221 node=N14428 type=observe reward_pred=2449.949219 sequence=91081.564048
[openabcd__mem_ctrl_orig gpu6] [plan openabcd__mem_ctrl_orig] [plan] step=222 node=N91641 type=control1 reward_pred=2516.123779 sequence=93597.687827
[openabcd__mem_ctrl_orig gpu6] [plan openabcd__mem_ctrl_orig] [plan] step=223 node=N2840 type=observe reward_pred=2584.130859 sequence=96181.818687
[openabcd__mem_ctrl_orig gpu6] [plan openabcd__mem_ctrl_orig] [plan] step=224 node=N14538 type=observe reward_pred=2653.974121 sequence=98835.792808
[openabcd__mem_ctrl_orig gpu6] [plan openabcd__mem_ctrl_orig] [plan] step=225 node=N12341 type=observe reward_pred=2726.254639 sequence=101562.047446
[openabcd__mem_ctrl_orig gpu6] [plan openabcd__mem_ctrl_orig] [plan] step=226 node=N92520 type=control1 reward_pred=2799.758789 sequence=104361.806235
[openabcd__mem_ctrl_orig gpu6] [plan openabcd__mem_ctrl_orig] [plan] step=227 node=N14250 type=observe reward_pred=2875.499268 sequence=107237.305503
[openabcd__mem_ctrl_orig gpu6] [plan openabcd__mem_ctrl_orig] [plan] step=228 node=N16263 type=observe reward_pred=2953.105713 sequence=110190.411216
[openabcd__mem_ctrl_orig gpu6] [plan openabcd__mem_ctrl_orig] [plan] step=229 node=N16264 type=observe reward_pred=3032.853516 sequence=113223.264731
[openabcd__mem_ctrl_orig gpu6] [plan openabcd__mem_ctrl_orig] [plan] step=230 node=N91412 type=control1 reward_pred=3114.871826 sequence=116338.136558
[openabcd__mem_ctrl_orig gpu6] [plan openabcd__mem_ctrl_orig] [plan] step=231 node=N92774 type=control1 reward_pred=3199.075928 sequence=119537.212485
[openabcd__mem_ctrl_orig gpu6] [plan openabcd__mem_ctrl_orig] [plan] step=232 node=N17948 type=observe reward_pred=3285.571045 sequence=122822.783530
[openabcd__mem_ctrl_orig gpu6] [plan openabcd__mem_ctrl_orig] [plan] step=233 node=N16035 type=observe reward_pred=3374.226807 sequence=126197.010337
[openabcd__mem_ctrl_orig gpu6] [plan openabcd__mem_ctrl_orig] [plan] step=234 node=N16034 type=observe reward_pred=3465.314209 sequence=129662.324546
[openabcd__mem_ctrl_orig gpu6] [plan openabcd__mem_ctrl_orig] [plan] step=235 node=N16016 type=observe reward_pred=3559.014648 sequence=133221.339194
[openabcd__mem_ctrl_orig gpu6] [plan openabcd__mem_ctrl_orig] [plan] step=236 node=N15697 type=observe reward_pred=3655.204834 sequence=136876.544028
[openabcd__mem_ctrl_orig gpu6] [plan openabcd__mem_ctrl_orig] [plan] step=237 node=N15700 type=observe reward_pred=3753.822021 sequence=140630.366050
[openabcd__mem_ctrl_orig gpu6] [plan openabcd__mem_ctrl_orig] [plan] step=238 node=N102704 type=observe reward_pred=3855.137207 sequence=144485.503257
[openabcd__mem_ctrl_orig gpu6] [plan openabcd__mem_ctrl_orig] [plan] step=239 node=N16020 type=observe reward_pred=3959.198975 sequence=148444.702231
[openabcd__mem_ctrl_orig gpu6] [plan openabcd__mem_ctrl_orig] [plan] step=240 node=N12574 type=observe reward_pred=4066.208252 sequence=152510.910483
[openabcd__mem_ctrl_orig gpu6] [plan openabcd__mem_ctrl_orig] [plan] step=241 node=N102812 type=observe reward_pred=4175.917480 sequence=156686.827964
[openabcd__mem_ctrl_orig gpu6] [plan openabcd__mem_ctrl_orig] [plan] step=242 node=N2078 type=observe reward_pred=4288.612305 sequence=160975.440269
[openabcd__mem_ctrl_orig gpu6] [plan openabcd__mem_ctrl_orig] [plan] step=243 node=N100727 type=observe reward_pred=4404.384277 sequence=165379.824546
[openabcd__mem_ctrl_orig gpu6] [plan openabcd__mem_ctrl_orig] [plan] step=244 node=N20014 type=observe reward_pred=4523.221680 sequence=169903.046226
[openabcd__mem_ctrl_orig gpu6] [plan openabcd__mem_ctrl_orig] [plan] step=245 node=N14286 type=observe reward_pred=4645.270020 sequence=174548.316245
[openabcd__mem_ctrl_orig gpu6] [plan openabcd__mem_ctrl_orig] [plan] step=246 node=N16022 type=observe reward_pred=4770.609863 sequence=179318.926108
[openabcd__mem_ctrl_orig gpu6] [plan openabcd__mem_ctrl_orig] [plan] step=247 node=N14365 type=observe reward_pred=4899.474609 sequence=184218.400718
[openabcd__mem_ctrl_orig gpu6] [plan openabcd__mem_ctrl_orig] [plan] step=248 node=N3372 type=observe reward_pred=5031.770996 sequence=189250.171714
[openabcd__mem_ctrl_orig gpu6] [plan openabcd__mem_ctrl_orig] [plan] step=249 node=N14246 type=observe reward_pred=5167.612305 sequence=194417.784019
[openabcd__mem_ctrl_orig gpu6] [plan openabcd__mem_ctrl_orig] [plan] step=250 node=N17879 type=observe reward_pred=5307.483887 sequence=199725.267905
[openabcd__mem_ctrl_orig gpu6] [plan openabcd__mem_ctrl_orig] [plan] step=251 node=N91412 type=control0 reward_pred=5450.460449 sequence=205175.728354
[openabcd__mem_ctrl_orig gpu6] [plan openabcd__mem_ctrl_orig] [plan] step=252 node=N92774 type=control0 reward_pred=5597.401855 sequence=210773.130210
[openabcd__mem_ctrl_orig gpu6] [plan openabcd__mem_ctrl_orig] [plan] step=253 node=N16174 type=observe reward_pred=5748.871094 sequence=216522.001304
[openabcd__mem_ctrl_orig gpu6] [plan openabcd__mem_ctrl_orig] [plan] step=254 node=N14247 type=observe reward_pred=5903.719238 sequence=222425.720542
[openabcd__mem_ctrl_orig gpu6] [plan openabcd__mem_ctrl_orig] [plan] step=255 node=N14248 type=observe reward_pred=6062.869141 sequence=228488.589683
[openabcd__mem_ctrl_orig gpu6] [plan openabcd__mem_ctrl_orig] [plan] step=256 node=N2274 type=observe reward_pred=6226.328613 sequence=234714.918296
[openabcd__mem_ctrl_orig gpu6] [plan openabcd__mem_ctrl_orig] [plan] step=257 node=N12345 type=observe reward_pred=6394.210449 sequence=241109.128745
[openabcd__mem_ctrl_orig gpu6] [plan openabcd__mem_ctrl_orig] [plan] step=258 node=N103572 type=observe reward_pred=6566.657227 sequence=247675.785972
[openabcd__mem_ctrl_orig gpu6] [plan openabcd__mem_ctrl_orig] [plan] step=259 node=N12573 type=observe reward_pred=6743.858398 sequence=254419.644370
[openabcd__mem_ctrl_orig gpu6] [plan openabcd__mem_ctrl_orig] [plan] step=260 node=N17898 type=observe reward_pred=6925.649902 sequence=261345.294272
[openabcd__mem_ctrl_orig gpu6] [plan openabcd__mem_ctrl_orig] [plan] step=261 node=N102703 type=observe reward_pred=7112.401367 sequence=268457.695640
[openabcd__mem_ctrl_orig gpu6] [plan openabcd__mem_ctrl_orig] [plan] step=262 node=N12369 type=observe reward_pred=7304.145020 sequence=275761.840659
[openabcd__mem_ctrl_orig gpu6] [plan openabcd__mem_ctrl_orig] [plan] step=263 node=N16575 type=observe reward_pred=7501.067383 sequence=283262.908042
[openabcd__mem_ctrl_orig gpu6] [plan openabcd__mem_ctrl_orig] [plan] step=264 node=N16576 type=observe reward_pred=7703.302246 sequence=290966.210288
[openabcd__mem_ctrl_orig gpu6] [plan openabcd__mem_ctrl_orig] [plan] step=265 node=N17932 type=observe reward_pred=7910.981934 sequence=298877.192222
[openabcd__mem_ctrl_orig gpu6] [plan openabcd__mem_ctrl_orig] [plan] step=266 node=N17904 type=observe reward_pred=8124.256348 sequence=307001.448569
[openabcd__mem_ctrl_orig gpu6] [plan openabcd__mem_ctrl_orig] [plan] step=267 node=N2842 type=observe reward_pred=8343.270508 sequence=315344.719077
[openabcd__mem_ctrl_orig gpu6] [plan openabcd__mem_ctrl_orig] [plan] step=268 node=N99804 type=observe reward_pred=8568.229492 sequence=323912.948569
[openabcd__mem_ctrl_orig gpu6] [plan openabcd__mem_ctrl_orig] [plan] step=269 node=N11434 type=observe reward_pred=8799.190430 sequence=332712.138999
[openabcd__mem_ctrl_orig gpu6] [plan openabcd__mem_ctrl_orig] [plan] step=270 node=N11433 type=observe reward_pred=9036.375000 sequence=341748.513999
[openabcd__mem_ctrl_orig gpu6] [plan openabcd__mem_ctrl_orig] [plan] step=271 node=N12585 type=observe reward_pred=9280.513672 sequence=351029.027671
[openabcd__mem_ctrl_orig gpu6] [plan openabcd__mem_ctrl_orig] [plan] step=272 node=N95333 type=control1 reward_pred=9530.487305 sequence=360559.514976
[openabcd__mem_ctrl_orig gpu6] [plan openabcd__mem_ctrl_orig] [plan] step=273 node=N14369 type=observe reward_pred=9787.447266 sequence=370346.962241
[openabcd__mem_ctrl_orig gpu6] [plan openabcd__mem_ctrl_orig] [plan] step=274 node=N3371 type=observe reward_pred=10051.312500 sequence=380398.274741
[openabcd__mem_ctrl_orig gpu6] [plan openabcd__mem_ctrl_orig] [plan] step=275 node=N2080 type=observe reward_pred=10322.125000 sequence=390720.399741
[openabcd__mem_ctrl_orig gpu6] [plan openabcd__mem_ctrl_orig] [plan] step=276 node=N19973 type=observe reward_pred=10600.278320 sequence=401320.678062
[openabcd__mem_ctrl_orig gpu6] [plan openabcd__mem_ctrl_orig] [plan] step=277 node=N12337 type=observe reward_pred=10885.935547 sequence=412206.613608
[openabcd__mem_ctrl_orig gpu6] [plan openabcd__mem_ctrl_orig] [plan] step=278 node=N2329 type=observe reward_pred=11179.851562 sequence=423386.465171
[openabcd__mem_ctrl_orig gpu6] [plan openabcd__mem_ctrl_orig] [plan] step=279 node=N103459 type=observe reward_pred=11480.943359 sequence=434867.408530
[openabcd__mem_ctrl_orig gpu6] [plan openabcd__mem_ctrl_orig] [plan] step=280 node=N12331 type=observe reward_pred=11790.262695 sequence=446657.671226
[openabcd__mem_ctrl_orig gpu6] [plan openabcd__mem_ctrl_orig] [plan] step=281 node=N2146 type=control1 reward_pred=12107.960938 sequence=458765.632163
[openabcd__mem_ctrl_orig gpu6] [plan openabcd__mem_ctrl_orig] [plan] step=282 node=N12569 type=observe reward_pred=12434.209961 sequence=471199.842124
[openabcd__mem_ctrl_orig gpu6] [plan openabcd__mem_ctrl_orig] [plan] step=283 node=N17429 type=observe reward_pred=12769.413086 sequence=483969.255210
[openabcd__mem_ctrl_orig gpu6] [plan openabcd__mem_ctrl_orig] [plan] step=284 node=N19291 type=observe reward_pred=13113.593750 sequence=497082.848960
[openabcd__mem_ctrl_orig gpu6] [plan openabcd__mem_ctrl_orig] [plan] step=285 node=N95226 type=control1 reward_pred=13466.873047 sequence=510549.722007
[openabcd__mem_ctrl_orig gpu6] [plan openabcd__mem_ctrl_orig] [plan] step=286 node=N96345 type=observe reward_pred=13829.747070 sequence=524379.469077
[openabcd__mem_ctrl_orig gpu6] [plan openabcd__mem_ctrl_orig] [plan] step=287 node=N12531 type=observe reward_pred=14202.362305 sequence=538581.831382
[openabcd__mem_ctrl_orig gpu6] [plan openabcd__mem_ctrl_orig] [plan] step=288 node=N91977 type=observe reward_pred=14585.299805 sequence=553167.131187
[openabcd__mem_ctrl_orig gpu6] [plan openabcd__mem_ctrl_orig] [plan] step=289 node=N12534 type=observe reward_pred=14978.165039 sequence=568145.296226
[openabcd__mem_ctrl_orig gpu6] [plan openabcd__mem_ctrl_orig] [plan] step=290 node=N11529 type=observe reward_pred=15381.672852 sequence=583526.969077
[openabcd__mem_ctrl_orig gpu6] [plan openabcd__mem_ctrl_orig] [plan] step=291 node=N2393 type=observe reward_pred=15796.067383 sequence=599323.036460
[iscas99__b17 gpu5] [plan iscas99__b17] [plan] step=293 node=N55895 type=observe reward_pred=13930.456055 sequence=527536.302923
[iscas99__b17 gpu5] [plan iscas99__b17] [plan] step=294 node=N55866 type=observe reward_pred=14306.495117 sequence=541842.798040
[iscas99__b17 gpu5] [plan iscas99__b17] [plan] step=295 node=N55874 type=observe reward_pred=14692.822266 sequence=556535.620306
[iscas99__b17 gpu5] [plan iscas99__b17] [plan] step=296 node=N55881 type=observe reward_pred=15089.683594 sequence=571625.303899
[iscas99__b17 gpu5] [plan iscas99__b17] [plan] step=297 node=N55888 type=observe reward_pred=15497.329102 sequence=587122.633001
[iscas99__b17 gpu5] [plan iscas99__b17] [plan] step=298 node=N28756 type=observe reward_pred=15916.032227 sequence=603038.665227
[iscas99__b17 gpu5] [plan iscas99__b17] [plan] step=299 node=N28758 type=observe reward_pred=16346.028320 sequence=619384.693548
[iscas99__b17 gpu5] [plan iscas99__b17] [plan] step=300 node=N19319 type=observe reward_pred=16787.474609 sequence=636172.168157
[iscas99__b17 gpu5] [plan iscas99__b17] [plan] step=301 node=N55893 type=observe reward_pred=17240.574219 sequence=653412.742376
[iscas99__b17 gpu5] [plan iscas99__b17] [plan] step=302 node=N19322 type=observe reward_pred=17705.617188 sequence=671118.359563
[iscas99__b17 gpu5] [plan iscas99__b17] [plan] step=303 node=N19324 type=observe reward_pred=18183.005859 sequence=689301.365423
[iscas99__b17 gpu5] [plan iscas99__b17] [plan] step=304 node=N28757 type=observe reward_pred=18673.111328 sequence=707974.476751
[iscas99__b17 gpu5] [plan iscas99__b17] [plan] step=305 node=N71696 type=observe reward_pred=19176.484375 sequence=727150.961126
[iscas99__b17 gpu5] [plan iscas99__b17] [plan] step=306 node=N71685 type=observe reward_pred=19693.464844 sequence=746844.425970
[iscas99__b17 gpu5] [plan iscas99__b17] [plan] step=307 node=N71683 type=observe reward_pred=20224.367188 sequence=767068.793157
[iscas99__b17 gpu5] [plan iscas99__b17] [plan] step=308 node=N71687 type=observe reward_pred=20769.574219 sequence=787838.367376
[iscas99__b17 gpu5] [plan iscas99__b17] [plan] step=309 node=N71691 type=observe reward_pred=21329.462891 sequence=809167.830266
[iscas99__b17 gpu5] [plan iscas99__b17] [plan] step=310 node=N71650 type=observe reward_pred=21904.437500 sequence=831072.267766
[iscas99__b17 gpu5] [plan iscas99__b17] [plan] step=311 node=N71638 type=observe reward_pred=22494.890625 sequence=853567.158391
[iscas99__b17 gpu5] [plan iscas99__b17] [plan] step=312 node=N71693 type=observe reward_pred=23101.246094 sequence=876668.404485
[iscas99__b17 gpu5] [plan iscas99__b17] [plan] step=313 node=N71699 type=observe reward_pred=23723.917969 sequence=900392.322454
[iscas99__b17 gpu5] [plan iscas99__b17] [plan] step=314 node=N71657 type=observe reward_pred=24363.353516 sequence=924755.675970
[iscas99__b17 gpu5] [plan iscas99__b17] [plan] step=315 node=N71684 type=observe reward_pred=25020.007812 sequence=949775.683782
[iscas99__b17 gpu5] [plan iscas99__b17] [plan] step=316 node=N71692 type=observe reward_pred=25694.339844 sequence=975470.023626
[iscas99__b17 gpu5] [plan iscas99__b17] [plan] step=317 node=N71697 type=observe reward_pred=26386.832031 sequence=1001856.855657
[iscas99__b17 gpu5] [plan iscas99__b17] [plan] step=318 node=N71651 type=observe reward_pred=27097.974609 sequence=1028954.830266
[iscas99__b17 gpu5] [plan iscas99__b17] [plan] step=319 node=N71653 type=observe reward_pred=27828.261719 sequence=1056783.091985
[iscas99__b17 gpu5] [plan iscas99__b17] [plan] step=320 node=N71688 type=observe reward_pred=28578.214844 sequence=1085361.306829
[iscas99__b17 gpu5] [plan iscas99__b17] [plan] step=321 node=N71655 type=observe reward_pred=29348.361328 sequence=1114709.668157
[iscas99__b17 gpu5] [plan iscas99__b17] [plan] step=322 node=N71694 type=observe reward_pred=30139.238281 sequence=1144848.906438
[iscas99__b17 gpu5] [plan iscas99__b17] [plan] step=323 node=N71679 type=observe reward_pred=30951.408203 sequence=1175800.314641
[iscas99__b17 gpu5] [plan iscas99__b17] [plan] step=324 node=N71658 type=observe reward_pred=31785.445312 sequence=1207585.759954
[iscas99__b17 gpu5] [plan iscas99__b17] [plan] step=325 node=N71664 type=observe reward_pred=32641.931641 sequence=1240227.691595
[iscas99__b17 gpu5] [plan iscas99__b17] [plan] step=326 node=N71667 type=observe reward_pred=33521.468750 sequence=1273749.160345
[iscas99__b17 gpu5] [plan iscas99__b17] [plan] step=327 node=N71652 type=observe reward_pred=34424.675781 sequence=1308173.836126
[iscas99__b17 gpu5] [plan iscas99__b17] [plan] step=328 node=N71660 type=observe reward_pred=35352.195312 sequence=1343526.031438
[iscas99__b17 gpu5] [plan iscas99__b17] [plan] step=329 node=N71665 type=observe reward_pred=36304.707031 sequence=1379830.738470
[iscas99__b17 gpu5] [plan iscas99__b17] [plan] step=330 node=N71681 type=observe reward_pred=37282.882812 sequence=1417113.621282
[iscas99__b17 gpu5] [plan iscas99__b17] [plan] step=331 node=N39525 type=control0 reward_pred=38287.402344 sequence=1455401.023626
[iscas99__b17 gpu5] [plan iscas99__b17] [plan] step=332 node=N71647 type=observe reward_pred=39319.003906 sequence=1494720.027532
[iscas99__b17 gpu5] [plan iscas99__b17] [plan] step=333 node=N71649 type=observe reward_pred=40378.351562 sequence=1535098.379095
[iscas99__b17 gpu5] [plan iscas99__b17] [plan] step=334 node=N71662 type=observe reward_pred=41466.218750 sequence=1576564.597845
[iscas99__b17 gpu5] [plan iscas99__b17] [plan] step=335 node=N71700 type=observe reward_pred=42583.382812 sequence=1619147.980657
[iscas99__b17 gpu5] [plan iscas99__b17] [plan] step=336 node=N71668 type=observe reward_pred=43730.621094 sequence=1662878.601751
[iscas99__b17 gpu5] [plan iscas99__b17] [plan] step=337 node=N75740 type=observe reward_pred=44908.750000 sequence=1707787.351751
[iscas99__b17 gpu5] [plan iscas99__b17] [plan] step=338 node=N75741 type=observe reward_pred=46118.605469 sequence=1753905.957220
[iscas99__b17 gpu5] [plan iscas99__b17] [plan] step=339 node=N63711 type=control0 reward_pred=47361.003906 sequence=1801266.961126
[iscas99__b17 gpu5] [plan iscas99__b17] [plan] step=340 node=N79503 type=control0 reward_pred=48636.859375 sequence=1849903.820501
[iscas99__b17 gpu5] [plan iscas99__b17] [plan] step=341 node=N28759 type=observe reward_pred=49937.839844 sequence=1899841.660345
[iscas99__b17 gpu5] [plan iscas99__b17] [plan] step=342 node=N28760 type=observe reward_pred=51276.398438 sequence=1951118.058782
[iscas99__b17 gpu5] [plan iscas99__b17] [plan] step=343 node=N55864 type=observe reward_pred=52652.136719 sequence=2003770.195501
[iscas99__b17 gpu5] [plan iscas99__b17] [plan] step=344 node=N55872 type=observe reward_pred=54065.601562 sequence=2057835.797063
[iscas99__b17 gpu5] [plan iscas99__b17] [plan] step=345 node=N55879 type=observe reward_pred=55517.542969 sequence=2113353.340032
[iscas99__b17 gpu5] [plan iscas99__b17] [plan] step=346 node=N55886 type=observe reward_pred=57008.933594 sequence=2170362.273626
[iscas99__b17 gpu5] [plan iscas99__b17] [plan] step=347 node=N55645 type=observe reward_pred=58540.750000 sequence=2228903.023626
[iscas99__b17 gpu5] [plan iscas99__b17] [plan] step=348 node=N55900 type=observe reward_pred=60114.023438 sequence=2289017.047063
[iscas99__b17 gpu5] [plan iscas99__b17] [plan] step=349 node=N55782 type=observe reward_pred=61729.843750 sequence=2350746.890813
[iscas99__b17 gpu5] [plan iscas99__b17] [plan] step=350 node=N55816 type=observe reward_pred=63389.316406 sequence=2414136.207220
[iscas99__b17 gpu5] [plan iscas99__b17] [plan] step=351 node=N55902 type=observe reward_pred=65093.613281 sequence=2479229.820501
[iscas99__b17 gpu5] [plan iscas99__b17] [plan] step=352 node=N55953 type=observe reward_pred=66843.953125 sequence=2546073.773626
[iscas99__b17 gpu5] [plan iscas99__b17] [plan] step=353 node=N55907 type=observe reward_pred=68641.570312 sequence=2614715.343938
[iscas99__b17 gpu5] [plan iscas99__b17] [plan] step=354 node=N55914 type=observe reward_pred=70487.726562 sequence=2685203.070501
[iscas99__b17 gpu5] [plan iscas99__b17] [plan] step=355 node=N55921 type=observe reward_pred=72383.718750 sequence=2757586.789251
[iscas99__b17 gpu5] [plan iscas99__b17] [plan] step=356 node=N55818 type=observe reward_pred=74330.859375 sequence=2831917.648626
[iscas99__b17 gpu5] [plan iscas99__b17] [plan] step=357 node=N55932 type=observe reward_pred=76330.546875 sequence=2908248.195501
[iscas99__b17 gpu5] [plan iscas99__b17] [plan] step=358 node=N55969 type=observe reward_pred=78384.156250 sequence=2986632.351751
[iscas99__b17 gpu5] [plan iscas99__b17] [plan] step=359 node=N55939 type=observe reward_pred=80493.156250 sequence=3067125.508001
[iscas99__b17 gpu5] [plan iscas99__b17] [plan] step=360 node=N55761 type=observe reward_pred=82659.031250 sequence=3149784.539251
[iscas99__b17 gpu5] [plan iscas99__b17] [plan] step=361 node=N55766 type=observe reward_pred=84883.312500 sequence=3234667.851751
[iscas99__b17 gpu5] [plan iscas99__b17] [plan] step=362 node=N55771 type=observe reward_pred=87167.460938 sequence=3321835.312688
[iscas99__b17 gpu5] [plan iscas99__b17] [plan] step=363 node=N55776 type=observe reward_pred=89513.101562 sequence=3411348.414251
[iscas99__b17 gpu5] [plan iscas99__b17] [plan] step=364 node=N55651 type=observe reward_pred=91922.023438 sequence=3503270.437688
[iscas99__b17 gpu5] [plan iscas99__b17] [plan] step=365 node=N55946 type=observe reward_pred=94395.914062 sequence=3597666.351751
[iscas99__b17 gpu5] [plan iscas99__b17] [plan] step=366 node=N55830 type=observe reward_pred=96936.492188 sequence=3694602.843938
[iscas99__b17 gpu5] [plan iscas99__b17] [plan] step=367 node=N56146 type=observe reward_pred=99545.515625 sequence=3794148.359563
[iscas99__b17 gpu5] [plan iscas99__b17] [plan] step=368 node=N55832 type=observe reward_pred=102224.851562 sequence=3896373.211126
[iscas99__b17 gpu5] [plan iscas99__b17] [plan] step=369 node=N55747 type=observe reward_pred=104976.328125 sequence=4001349.539251
[iscas99__b17 gpu5] [plan iscas99__b17] [plan] step=370 node=N55751 type=observe reward_pred=107801.968750 sequence=4109151.508001
[iscas99__b17 gpu5] [plan iscas99__b17] [plan] step=371 node=N55834 type=observe reward_pred=110703.687500 sequence=4219855.195501
[iscas99__b17 gpu5] [plan iscas99__b17] [plan] step=372 node=N55663 type=observe reward_pred=113683.585938 sequence=4333538.781438
[iscas99__b17 gpu5] [plan iscas99__b17] [plan] step=373 node=N55825 type=observe reward_pred=116743.734375 sequence=4450282.515813
[iscas99__b17 gpu5] [plan iscas99__b17] [plan] step=374 node=N55909 type=observe reward_pred=119886.250000 sequence=4570168.765813
[iscas99__b17 gpu5] [plan iscas99__b17] [plan] step=375 node=N55916 type=observe reward_pred=123113.414062 sequence=4693282.179876
[iscas99__b17 gpu5] [plan iscas99__b17] [plan] step=376 node=N55781 type=observe reward_pred=126427.476562 sequence=4819709.656438
[iscas99__b17 gpu5] [plan iscas99__b17] [plan] step=377 node=N55923 type=observe reward_pred=129830.781250 sequence=4949540.437688
[iscas99__b17 gpu5] [plan iscas99__b17] [plan] step=378 node=N55829 type=observe reward_pred=133325.734375 sequence=5082866.172063
[iscas99__b17 gpu5] [plan iscas99__b17] [plan] step=379 node=N55650 type=observe reward_pred=136914.781250 sequence=5219780.953313
[iscas99__b17 gpu5] [plan iscas99__b17] [plan] step=380 node=N56145 type=observe reward_pred=140600.500000 sequence=5360381.453313
[iscas99__b17 gpu5] [plan iscas99__b17] [plan] step=381 node=N54728 type=observe reward_pred=144385.484375 sequence=5504766.937688
[iscas99__b17 gpu5] [plan iscas99__b17] [plan] step=382 node=N54732 type=observe reward_pred=148272.375000 sequence=5653039.312688
[iscas99__b17 gpu5] [plan iscas99__b17] [plan] step=383 node=N28761 type=observe reward_pred=152263.875000 sequence=5805303.187688
[iscas99__b17 gpu5] [plan iscas99__b17] [plan] step=384 node=N28762 type=observe reward_pred=156362.843750 sequence=5961666.031438
[iscas99__b20 gpu1] [plan iscas99__b20] [plan] step=289 node=N10175 type=observe reward_pred=13333.818359 sequence=545313.466794
[iscas99__b20 gpu1] [plan iscas99__b20] [plan] step=290 node=N12554 type=observe reward_pred=13697.889648 sequence=559011.356442
[iscas99__b20 gpu1] [plan iscas99__b20] [plan] step=291 node=N12365 type=observe reward_pred=14069.494141 sequence=573080.850583
[iscas99__b20 gpu1] [plan iscas99__b20] [plan] step=292 node=N7563 type=observe reward_pred=14450.472656 sequence=587531.323239
[iscas99__b20 gpu1] [plan iscas99__b20] [plan] step=293 node=N7571 type=observe reward_pred=14841.356445 sequence=602372.679685
[iscas99__b20 gpu1] [plan iscas99__b20] [plan] step=294 node=N14417 type=observe reward_pred=15242.513672 sequence=617615.193357
[iscas99__b20 gpu1] [plan iscas99__b20] [plan] step=295 node=N10793 type=observe reward_pred=15654.282227 sequence=633269.475583
[iscas99__b20 gpu1] [plan iscas99__b20] [plan] step=296 node=N18432 type=observe reward_pred=16076.978516 sequence=649346.454099
[iscas99__b20 gpu1] [plan iscas99__b20] [plan] step=297 node=N907 type=observe reward_pred=16510.998047 sequence=665857.452146
[iscas99__b20 gpu1] [plan iscas99__b20] [plan] step=298 node=N908 type=observe reward_pred=16956.630859 sequence=682814.083005
[iscas99__b20 gpu1] [plan iscas99__b20] [plan] step=299 node=N914 type=observe reward_pred=17414.203125 sequence=700228.286130
[iscas99__b20 gpu1] [plan iscas99__b20] [plan] step=300 node=N960 type=observe reward_pred=17884.054688 sequence=718112.340817
[iscas99__b20 gpu1] [plan iscas99__b20] [plan] step=301 node=N961 type=observe reward_pred=18366.507812 sequence=736478.848630
[iscas99__b20 gpu1] [plan iscas99__b20] [plan] step=302 node=N4135 type=observe reward_pred=18861.896484 sequence=755340.745114
[iscas99__b20 gpu1] [plan iscas99__b20] [plan] step=303 node=N4181 type=observe reward_pred=19370.599609 sequence=774711.344724
[iscas99__b20 gpu1] [plan iscas99__b20] [plan] step=304 node=N4182 type=observe reward_pred=19892.970703 sequence=794604.315427
[iscas99__b20 gpu1] [plan iscas99__b20] [plan] step=305 node=N4587 type=observe reward_pred=20429.400391 sequence=815033.715817
[iscas99__b20 gpu1] [plan iscas99__b20] [plan] step=306 node=N10883 type=observe reward_pred=20980.265625 sequence=836013.981442
[iscas99__b20 gpu1] [plan iscas99__b20] [plan] step=307 node=N1020 type=observe reward_pred=21545.958984 sequence=857559.940427
[iscas99__b20 gpu1] [plan iscas99__b20] [plan] step=308 node=N12248 type=observe reward_pred=22126.914062 sequence=879686.854489
[iscas99__b20 gpu1] [plan iscas99__b20] [plan] step=309 node=N17945 type=observe reward_pred=22641.125000 sequence=902327.979489
[iscas99__b20 gpu1] [plan iscas99__b20] [plan] step=310 node=N962 type=observe reward_pred=23271.777344 sequence=925599.756833
[iscas99__b20 gpu1] [plan iscas99__b20] [plan] step=311 node=N13788 type=observe reward_pred=23809.302734 sequence=949409.059567
[iscas99__b20 gpu1] [plan iscas99__b20] [plan] step=312 node=N7557 type=observe reward_pred=24476.210938 sequence=973885.270505
[iscas99__b20 gpu1] [plan iscas99__b20] [plan] step=313 node=N18602 type=observe reward_pred=25144.388672 sequence=999029.659177
[iscas99__b20 gpu1] [plan iscas99__b20] [plan] step=314 node=N18600 type=observe reward_pred=25826.388672 sequence=1024856.047849
[iscas99__b20 gpu1] [plan iscas99__b20] [plan] step=315 node=N8653 type=control0 reward_pred=26399.386719 sequence=1051255.434567
[iscas99__b20 gpu1] [plan iscas99__b20] [plan] step=316 node=N14299 type=observe reward_pred=27143.097656 sequence=1078398.532224
[iscas99__b20 gpu1] [plan iscas99__b20] [plan] step=317 node=N16253 type=observe reward_pred=27884.621094 sequence=1106283.153317
[iscas99__b20 gpu1] [plan iscas99__b20] [plan] step=318 node=N16249 type=observe reward_pred=28641.179688 sequence=1134924.333005
[iscas99__b20 gpu1] [plan iscas99__b20] [plan] step=319 node=N18498 type=observe reward_pred=29416.710938 sequence=1164341.043942
[iscas99__b20 gpu1] [plan iscas99__b20] [plan] step=320 node=N18390 type=observe reward_pred=30212.304688 sequence=1194553.348630
[iscas99__b20 gpu1] [plan iscas99__b20] [plan] step=321 node=N19077 type=observe reward_pred=31028.720703 sequence=1225582.069333
[iscas99__b20 gpu1] [plan iscas99__b20] [plan] step=322 node=N15769 type=observe reward_pred=31866.628906 sequence=1257448.698239
[iscas99__b20 gpu1] [plan iscas99__b20] [plan] step=323 node=N19073 type=observe reward_pred=32726.687500 sequence=1290175.385739
[iscas99__b20 gpu1] [plan iscas99__b20] [plan] step=324 node=N18500 type=observe reward_pred=33609.601562 sequence=1323784.987302
[iscas99__b20 gpu1] [plan iscas99__b20] [plan] step=325 node=N15765 type=observe reward_pred=34516.062500 sequence=1358301.049802
[iscas99__b20 gpu1] [plan iscas99__b20] [plan] step=326 node=N18458 type=observe reward_pred=35446.757812 sequence=1393747.807614
[iscas99__b20 gpu1] [plan iscas99__b20] [plan] step=327 node=N8651 type=control0 reward_pred=36240.039062 sequence=1429987.846677
[iscas99__b20 gpu1] [plan iscas99__b20] [plan] step=328 node=N8652 type=control0 reward_pred=37113.769531 sequence=1467101.616208
[iscas99__b20 gpu1] [plan iscas99__b20] [plan] step=329 node=N19099 type=observe reward_pred=38003.976562 sequence=1505105.592771
[iscas99__b20 gpu1] [plan iscas99__b20] [plan] step=330 node=N18462 type=observe reward_pred=38940.566406 sequence=1544046.159177
[iscas99__b20 gpu1] [plan iscas99__b20] [plan] step=331 node=N10375 type=observe reward_pred=40045.542969 sequence=1584091.702146
[iscas99__b20 gpu1] [plan iscas99__b20] [plan] step=332 node=N10379 type=observe reward_pred=41146.074219 sequence=1625237.776364
[iscas99__b20 gpu1] [plan iscas99__b20] [plan] step=333 node=N18613 type=observe reward_pred=42268.078125 sequence=1667505.854489
[iscas99__b20 gpu1] [plan iscas99__b20] [plan] step=334 node=N11442 type=observe reward_pred=43416.652344 sequence=1710922.506833
[iscas99__b20 gpu1] [plan iscas99__b20] [plan] step=335 node=N11446 type=observe reward_pred=44592.453125 sequence=1755514.959958
[iscas99__b20 gpu1] [plan iscas99__b20] [plan] step=336 node=N9703 type=observe reward_pred=45798.429688 sequence=1801313.389646
[iscas99__b20 gpu1] [plan iscas99__b20] [plan] step=337 node=N9707 type=observe reward_pred=47035.738281 sequence=1848349.127927
[iscas99__b20 gpu1] [plan iscas99__b20] [plan] step=338 node=N11910 type=observe reward_pred=48305.433594 sequence=1896654.561521
[iscas99__b20 gpu1] [plan iscas99__b20] [plan] step=339 node=N11914 type=observe reward_pred=49608.695312 sequence=1946263.256833
[iscas99__b20 gpu1] [plan iscas99__b20] [plan] step=340 node=N14738 type=observe reward_pred=50946.582031 sequence=1997209.838864
[iscas99__b20 gpu1] [plan iscas99__b20] [plan] step=341 node=N14734 type=observe reward_pred=52320.121094 sequence=2049529.959958
[iscas99__b20 gpu1] [plan iscas99__b20] [plan] step=342 node=N19108 type=observe reward_pred=53730.375000 sequence=2103260.334958
[iscas99__b20 gpu1] [plan iscas99__b20] [plan] step=343 node=N15800 type=observe reward_pred=55178.421875 sequence=2158438.756833
[iscas99__b20 gpu1] [plan iscas99__b20] [plan] step=344 node=N18486 type=observe reward_pred=56665.257812 sequence=2215104.014646
[iscas99__b20 gpu1] [plan iscas99__b20] [plan] step=345 node=N15791 type=observe reward_pred=57971.992188 sequence=2273076.006833
[iscas99__b20 gpu1] [plan iscas99__b20] [plan] step=346 node=N8915 type=observe reward_pred=59589.003906 sequence=2332665.010739
[iscas99__b20 gpu1] [plan iscas99__b20] [plan] step=347 node=N12356 type=observe reward_pred=61210.507812 sequence=2393875.518552
[iscas99__b20 gpu1] [plan iscas99__b20] [plan] step=348 node=N14407 type=observe reward_pred=62866.968750 sequence=2456742.487302
[iscas99__b20 gpu1] [plan iscas99__b20] [plan] step=349 node=N16714 type=observe reward_pred=64565.093750 sequence=2521307.581052
[iscas99__b20 gpu1] [plan iscas99__b20] [plan] step=350 node=N18484 type=observe reward_pred=66307.734375 sequence=2587615.315427
[iscas99__b20 gpu1] [plan iscas99__b20] [plan] step=351 node=N12790 type=observe reward_pred=68096.531250 sequence=2655711.846677
[iscas99__b20 gpu1] [plan iscas99__b20] [plan] step=352 node=N14769 type=observe reward_pred=69932.882812 sequence=2725644.729489
[iscas99__b20 gpu1] [plan iscas99__b20] [plan] step=353 node=N16284 type=observe reward_pred=71818.250000 sequence=2797462.979489
[iscas99__b20 gpu1] [plan iscas99__b20] [plan] step=354 node=N19066 type=observe reward_pred=73754.023438 sequence=2871217.002927
[iscas99__b20 gpu1] [plan iscas99__b20] [plan] step=355 node=N15758 type=observe reward_pred=75741.640625 sequence=2946958.643552
[iscas99__b20 gpu1] [plan iscas99__b20] [plan] step=356 node=N929 type=observe reward_pred=77782.554688 sequence=3024741.198239
[iscas99__b20 gpu1] [plan iscas99__b20] [plan] step=357 node=N19076 type=observe reward_pred=79878.203125 sequence=3104619.401364
[iscas99__b20 gpu1] [plan iscas99__b20] [plan] step=358 node=N15768 type=observe reward_pred=82030.125000 sequence=3186649.526364
[iscas99__b20 gpu1] [plan iscas99__b20] [plan] step=359 node=N19071 type=observe reward_pred=84239.890625 sequence=3270889.416989
[iscas99__b20 gpu1] [plan iscas99__b20] [plan] step=360 node=N15763 type=observe reward_pred=86509.070312 sequence=3357398.487302
[iscas99__b20 gpu1] [plan iscas99__b20] [plan] step=361 node=N19072 type=observe reward_pred=88839.265625 sequence=3446237.752927
[iscas99__b20 gpu1] [plan iscas99__b20] [plan] step=362 node=N15764 type=observe reward_pred=91232.171875 sequence=3537469.924802
[iscas99__b20 gpu1] [plan iscas99__b20] [plan] step=363 node=N16242 type=observe reward_pred=93689.468750 sequence=3631159.393552
[iscas99__b20 gpu1] [plan iscas99__b20] [plan] step=364 node=N13290 type=observe reward_pred=96212.921875 sequence=3727372.315427
[iscas99__b20 gpu1] [plan iscas99__b20] [plan] step=365 node=N10374 type=observe reward_pred=98804.296875 sequence=3826176.612302
[iscas99__b20 gpu1] [plan iscas99__b20] [plan] step=366 node=N10378 type=observe reward_pred=101465.414062 sequence=3927642.026364
[iscas99__b20 gpu1] [plan iscas99__b20] [plan] step=367 node=N19852 type=observe reward_pred=104198.164062 sequence=4031840.190427
[iscas99__b20 gpu1] [plan iscas99__b20] [plan] step=368 node=N10369 type=observe reward_pred=107004.492188 sequence=4138844.682614
[iscas99__b20 gpu1] [plan iscas99__b20] [plan] step=369 node=N16943 type=observe reward_pred=109886.359375 sequence=4248731.041989
[iscas99__b20 gpu1] [plan iscas99__b20] [plan] step=370 node=N17446 type=observe reward_pred=112845.812500 sequence=4361576.854489
[iscas99__b20 gpu1] [plan iscas99__b20] [plan] step=371 node=N13790 type=observe reward_pred=115884.937500 sequence=4477461.791989
[iscas99__b20 gpu1] [plan iscas99__b20] [plan] step=372 node=N10373 type=observe reward_pred=119005.906250 sequence=4596467.698239
[iscas99__b20 gpu1] [plan iscas99__b20] [plan] step=373 node=N11441 type=observe reward_pred=122210.890625 sequence=4718678.588864
[iscas99__b20 gpu1] [plan iscas99__b20] [plan] step=374 node=N11445 type=observe reward_pred=125502.171875 sequence=4844180.760739
[iscas99__b20 gpu1] [plan iscas99__b20] [plan] step=375 node=N16252 type=observe reward_pred=128882.070312 sequence=4973062.831052
[iscas99__b20 gpu1] [plan iscas99__b20] [plan] step=376 node=N17947 type=observe reward_pred=132352.968750 sequence=5105415.799802
[iscas99__b20 gpu1] [plan iscas99__b20] [plan] step=377 node=N14727 type=observe reward_pred=135917.312500 sequence=5241333.112302
[iscas99__b20 gpu1] [plan iscas99__b20] [plan] step=378 node=N11436 type=observe reward_pred=139577.625000 sequence=5380910.737302
[iscas99__b20 gpu1] [plan iscas99__b20] [plan] step=379 node=N16247 type=observe reward_pred=143336.484375 sequence=5524247.221677
[iscas99__b20 gpu1] [plan iscas99__b20] [plan] step=380 node=N9702 type=observe reward_pred=147196.562500 sequence=5671443.784177
[iscas99__b22 gpu2] [plan iscas99__b22] [plan] step=382 node=N16668 type=observe reward_pred=107546.468750 sequence=4128075.732598
[iscas99__b22 gpu2] [plan iscas99__b22] [plan] step=383 node=N22591 type=observe reward_pred=110442.695312 sequence=4238518.427910
[iscas99__b22 gpu2] [plan iscas99__b22] [plan] step=384 node=N25986 type=observe reward_pred=113416.906250 sequence=4351935.334160
[iscas99__b22 gpu2] [plan iscas99__b22] [plan] step=385 node=N25987 type=observe reward_pred=116471.203125 sequence=4468406.537285
[iscas99__b22 gpu2] [plan iscas99__b22] [plan] step=386 node=N25991 type=observe reward_pred=119607.718750 sequence=4588014.256035
[iscas99__b22 gpu2] [plan iscas99__b22] [plan] step=387 node=N19494 type=observe reward_pred=122828.703125 sequence=4710842.959160
[iscas99__b22 gpu2] [plan iscas99__b22] [plan] step=388 node=N23537 type=observe reward_pred=126136.414062 sequence=4836979.373223
[iscas99__b22 gpu2] [plan iscas99__b22] [plan] step=389 node=N24479 type=observe reward_pred=129533.164062 sequence=4966512.537285
[iscas99__b22 gpu2] [plan iscas99__b22] [plan] step=390 node=N24480 type=observe reward_pred=133021.406250 sequence=5099533.943535
[iscas99__b22 gpu2] [plan iscas99__b22] [plan] step=391 node=N24484 type=observe reward_pred=136603.531250 sequence=5236137.474785
[iscas99__b22 gpu2] [plan iscas99__b22] [plan] step=392 node=N29577 type=observe reward_pred=140282.109375 sequence=5376419.584160
[iscas99__b22 gpu2] [plan iscas99__b22] [plan] step=393 node=N25981 type=observe reward_pred=144059.734375 sequence=5520479.318535
[iscas99__b22 gpu2] [plan iscas99__b22] [plan] step=394 node=N26674 type=observe reward_pred=147939.046875 sequence=5668418.365410
[iscas99__b22 gpu2] [plan iscas99__b22] [plan] step=395 node=N27177 type=observe reward_pred=151922.843750 sequence=5820341.209160
[iscas99__b22 gpu2] [plan iscas99__b22] [plan] step=396 node=N23067 type=observe reward_pred=156013.875000 sequence=5976355.084160
[iscas99__b22 gpu2] [plan iscas99__b22] [plan] step=397 node=N27678 type=observe reward_pred=160215.093750 sequence=6136570.177910
[iscas99__b22 gpu2] [plan iscas99__b22] [plan] step=398 node=N22594 type=observe reward_pred=164529.390625 sequence=6301099.568535
[iscas99__b22 gpu2] [plan iscas99__b22] [plan] step=399 node=N14657 type=observe reward_pred=168959.906250 sequence=6470059.474785
[iscas99__b22 gpu2] [plan iscas99__b22] [plan] step=400 node=N19497 type=observe reward_pred=173509.640625 sequence=6643569.115410
[iscas99__b22 gpu2] [plan iscas99__b22] [plan] step=401 node=N23540 type=observe reward_pred=178181.906250 sequence=6821751.021660
[iscas99__b22 gpu2] [plan iscas99__b22] [plan] step=402 node=N24474 type=observe reward_pred=182979.968750 sequence=7004730.990410
[iscas99__b22 gpu2] [plan iscas99__b22] [plan] step=403 node=N19983 type=observe reward_pred=187907.203125 sequence=7192638.193535
[iscas99__b22 gpu2] [plan iscas99__b22] [plan] step=404 node=N28795 type=observe reward_pred=192967.140625 sequence=7385605.334160
[iscas99__b22 gpu2] [plan iscas99__b22] [plan] step=405 node=N25504 type=observe reward_pred=198163.281250 sequence=7583768.615410
[iscas99__b22 gpu2] [plan iscas99__b22] [plan] step=406 node=N15720 type=observe reward_pred=203499.390625 sequence=7787268.006035
[iscas99__b22 gpu2] [plan iscas99__b22] [plan] step=407 node=N13992 type=observe reward_pred=208979.093750 sequence=7996247.099785
[iscas99__b22 gpu2] [plan iscas99__b22] [plan] step=408 node=N16191 type=observe reward_pred=214606.375000 sequence=8210853.474785
[iscas99__b22 gpu2] [plan iscas99__b22] [plan] step=409 node=N22110 type=observe reward_pred=220385.156250 sequence=8431238.631035
[iscas99__b22 gpu2] [plan iscas99__b22] [plan] step=410 node=N14651 type=observe reward_pred=226319.562500 sequence=8657558.193535
[iscas99__b22 gpu2] [plan iscas99__b22] [plan] step=411 node=N17166 type=observe reward_pred=232413.718750 sequence=8889971.912285
[iscas99__b22 gpu2] [plan iscas99__b22] [plan] step=412 node=N22106 type=observe reward_pred=238672.000000 sequence=9128643.912285
[iscas99__b22 gpu2] [plan iscas99__b22] [plan] step=413 node=N17664 type=observe reward_pred=245098.750000 sequence=9373742.662285
[iscas99__b22 gpu2] [plan iscas99__b22] [plan] step=414 node=N28788 type=observe reward_pred=251698.562500 sequence=9625441.224785
[iscas99__b22 gpu2] [plan iscas99__b22] [plan] step=415 node=N13199 type=observe reward_pred=258476.062500 sequence=9883917.287285
[iscas99__b22 gpu2] [plan iscas99__b22] [plan] step=416 node=N24045 type=observe reward_pred=265436.093750 sequence=10149353.381035
[iscas99__b22 gpu2] [plan iscas99__b22] [plan] step=417 node=N25497 type=observe reward_pred=272583.500000 sequence=10421936.881035
[iscas99__b22 gpu2] [plan iscas99__b22] [plan] step=418 node=N15714 type=observe reward_pred=279923.343750 sequence=10701860.224785
[iscas99__b22 gpu2] [plan iscas99__b22] [plan] step=419 node=N13986 type=observe reward_pred=287460.750000 sequence=10989320.974785
[iscas99__b22 gpu2] [plan iscas99__b22] [plan] step=420 node=N16185 type=observe reward_pred=295201.187500 sequence=11284522.162285
[iscas99__b22 gpu2] [plan iscas99__b22] [plan] step=421 node=N16672 type=observe reward_pred=303150.062500 sequence=11587672.224785
[iscas99__b22 gpu2] [plan iscas99__b22] [plan] step=422 node=N14654 type=observe reward_pred=311312.875000 sequence=11898985.099785
[iscas99__b22 gpu2] [plan iscas99__b22] [plan] step=423 node=N28791 type=observe reward_pred=319695.500000 sequence=12218680.599785
[iscas99__b22 gpu2] [plan iscas99__b22] [plan] step=424 node=N15717 type=observe reward_pred=328303.812500 sequence=12546984.412285
[iscas99__b22 gpu2] [plan iscas99__b22] [plan] step=425 node=N25500 type=observe reward_pred=337143.937500 sequence=12884128.349785
[iscas99__b22 gpu2] [plan iscas99__b22] [plan] step=426 node=N13989 type=observe reward_pred=346222.062500 sequence=13230350.412285
[iscas99__b22 gpu2] [plan iscas99__b22] [plan] step=427 node=N16188 type=observe reward_pred=355544.562500 sequence=13585894.974785
[iscas99__b22 gpu2] [plan iscas99__b22] [plan] step=428 node=N24477 type=observe reward_pred=365118.093750 sequence=13951013.068535
[iscas99__b22 gpu2] [plan iscas99__b22] [plan] step=429 node=N25984 type=observe reward_pred=374949.500000 sequence=14325962.568535
[iscas99__b22 gpu2] [plan iscas99__b22] [plan] step=430 node=N29569 type=observe reward_pred=385045.500000 sequence=14711008.068535
[iscas99__b22 gpu2] [plan iscas99__b22] [plan] step=431 node=N26666 type=observe reward_pred=395413.406250 sequence=15106421.474785
[iscas99__b22 gpu2] [plan iscas99__b22] [plan] step=432 node=N27169 type=observe reward_pred=406060.375000 sequence=15512481.849785
[iscas99__b22 gpu2] [plan iscas99__b22] [plan] step=433 node=N24470 type=observe reward_pred=416994.093750 sequence=15929475.943535
[iscas99__b22 gpu2] [plan iscas99__b22] [plan] step=434 node=N27670 type=observe reward_pred=428222.187500 sequence=16357698.131035
[iscas99__b22 gpu2] [plan iscas99__b22] [plan] step=435 node=N17170 type=observe reward_pred=439752.593750 sequence=16797450.724785
[iscas99__b22 gpu2] [plan iscas99__b22] [plan] step=436 node=N19987 type=observe reward_pred=451593.406250 sequence=17249044.131035
[iscas99__b22 gpu2] [plan iscas99__b22] [plan] step=437 node=N29573 type=observe reward_pred=463753.093750 sequence=17712797.224785
[iscas99__b22 gpu2] [plan iscas99__b22] [plan] step=438 node=N26670 type=observe reward_pred=476240.093750 sequence=18189037.318535
[iscas99__b22 gpu2] [plan iscas99__b22] [plan] step=439 node=N27173 type=observe reward_pred=489063.375000 sequence=18678100.693535
[iscas99__b22 gpu2] [plan iscas99__b22] [plan] step=440 node=N25977 type=observe reward_pred=502231.843750 sequence=19180332.537285
[iscas99__b22 gpu2] [plan iscas99__b22] [plan] step=441 node=N27674 type=observe reward_pred=515754.906250 sequence=19696087.443535
[iscas99__b22 gpu2] [plan iscas99__b22] [plan] step=442 node=N24473 type=observe reward_pred=529642.000000 sequence=20225729.443535
[iscas99__b22 gpu2] [plan iscas99__b22] [plan] step=443 node=N28224 type=observe reward_pred=543903.062500 sequence=20769632.506035
[iscas99__b22 gpu2] [plan iscas99__b22] [plan] step=444 node=N24149 type=observe reward_pred=558548.125000 sequence=21328180.631035
[iscas99__b22 gpu2] [plan iscas99__b22] [plan] step=445 node=N24164 type=observe reward_pred=573587.437500 sequence=21901768.068535
[iscas99__b22 gpu2] [plan iscas99__b22] [plan] step=446 node=N25980 type=observe reward_pred=589031.625000 sequence=22490799.693535
[iscas99__b22 gpu2] [plan iscas99__b22] [plan] step=447 node=N5343 type=observe reward_pred=604891.687500 sequence=23095691.381035
[iscas99__b22 gpu2] [plan iscas99__b22] [plan] step=448 node=N17668 type=observe reward_pred=621178.875000 sequence=23716870.256035
[iscas99__b22 gpu2] [plan iscas99__b22] [plan] step=449 node=N8112 type=observe reward_pred=637904.437500 sequence=24354774.693535
[iscas99__b22 gpu2] [plan iscas99__b22] [plan] step=450 node=N14658 type=observe reward_pred=655080.375000 sequence=25009855.068535
[iscas99__b22 gpu2] [plan iscas99__b22] [plan] step=451 node=N28796 type=observe reward_pred=672718.812500 sequence=25682573.881035
[iscas99__b22 gpu2] [plan iscas99__b22] [plan] step=452 node=N25505 type=observe reward_pred=690832.125000 sequence=26373406.006035
[iscas99__b22 gpu2] [plan iscas99__b22] [plan] step=453 node=N15721 type=observe reward_pred=709433.250000 sequence=27082839.256035
[iscas99__b22 gpu2] [plan iscas99__b22] [plan] step=454 node=N13993 type=observe reward_pred=728535.187500 sequence=27811374.443535
[iscas99__b22 gpu2] [plan iscas99__b22] [plan] step=455 node=N16192 type=observe reward_pred=748151.312500 sequence=28559525.756035
[iscas99__b22 gpu2] [plan iscas99__b22] [plan] step=456 node=N24043 type=observe reward_pred=768295.687500 sequence=29327821.443535
[iscas99__b22 gpu2] [plan iscas99__b22] [plan] step=457 node=N23072 type=observe reward_pred=788982.437500 sequence=30116803.881035
[iscas99__b22 gpu2] [plan iscas99__b22] [plan] step=458 node=N22599 type=observe reward_pred=810226.187500 sequence=30927030.068535
[iscas99__b22 gpu2] [plan iscas99__b22] [plan] step=459 node=N13212 type=observe reward_pred=832041.875000 sequence=31759071.943535
[iscas99__b22 gpu2] [plan iscas99__b22] [plan] step=460 node=N21001 type=observe reward_pred=854444.937500 sequence=32613516.881035
[iscas99__b22 gpu2] [plan iscas99__b22] [plan] step=461 node=N21486 type=observe reward_pred=877451.125000 sequence=33490968.006035
[iscas99__b22 gpu2] [plan iscas99__b22] [plan] step=462 node=N19502 type=observe reward_pred=901076.875000 sequence=34392044.881035
[iscas99__b22 gpu2] [plan iscas99__b22] [plan] step=463 node=N23545 type=observe reward_pred=925338.687500 sequence=35317383.568535
[iscas99__b22 gpu2] [plan iscas99__b22] [plan] step=464 node=N16685 type=observe reward_pred=950253.750000 sequence=36267637.318535
[iscas99__b22 gpu2] [plan iscas99__b22] [plan] step=465 node=N20500 type=observe reward_pred=975839.687500 sequence=37243477.006035
[iscas99__b22 gpu2] [plan iscas99__b22] [plan] step=466 node=N12273 type=observe reward_pred=1002114.437500 sequence=38245591.443535
[iscas99__b22 gpu2] [plan iscas99__b22] [plan] step=467 node=N18103 type=observe reward_pred=1029096.687500 sequence=39274688.131035
[iscas99__b22 gpu2] [plan iscas99__b22] [plan] step=468 node=N28175 type=observe reward_pred=1056805.500000 sequence=40331493.631035
[iscas99__b22 gpu2] [plan iscas99__b22] [plan] step=469 node=N24478 type=observe reward_pred=1085260.250000 sequence=41416753.881035
[iscas99__b22 gpu2] [plan iscas99__b22] [plan] step=470 node=N17183 type=observe reward_pred=1114481.125000 sequence=42531235.006035
[iscas99__b22 gpu2] [plan iscas99__b22] [plan] step=471 node=N22122 type=observe reward_pred=1144488.875000 sequence=43675723.881035
[iscas99__b17 gpu5] [plan iscas99__b17] [plan] step=385 node=N55948 type=observe reward_pred=160572.281250 sequence=6122238.312688
[iscas99__b17 gpu5] [plan iscas99__b17] [plan] step=386 node=N55955 type=observe reward_pred=164895.062500 sequence=6287133.375188
[iscas99__b17 gpu5] [plan iscas99__b17] [plan] step=387 node=N28763 type=observe reward_pred=169334.031250 sequence=6456467.406438
[iscas99__b17 gpu5] [plan iscas99__b17] [plan] step=388 node=N28764 type=observe reward_pred=173892.546875 sequence=6630359.953313
[iscas99__b17 gpu5] [plan iscas99__b17] [plan] step=389 node=N55668 type=observe reward_pred=178574.000000 sequence=6808933.953313
[iscas99__b17 gpu5] [plan iscas99__b17] [plan] step=390 node=N55746 type=observe reward_pred=183381.437500 sequence=6992315.390813
[iscas99__b17 gpu5] [plan iscas99__b17] [plan] step=391 node=N28765 type=observe reward_pred=188318.312500 sequence=7180633.703313
[iscas99__b17 gpu5] [plan iscas99__b17] [plan] step=392 node=N55934 type=observe reward_pred=193388.218750 sequence=7374021.922063
[iscas99__b17 gpu5] [plan iscas99__b17] [plan] step=393 node=N55742 type=observe reward_pred=198594.593750 sequence=7572616.515813
[iscas99__b17 gpu5] [plan iscas99__b17] [plan] step=394 node=N55712 type=observe reward_pred=203941.203125 sequence=7776557.718938
[iscas99__b17 gpu5] [plan iscas99__b17] [plan] step=395 node=N55892 type=observe reward_pred=209431.765625 sequence=7985989.484563
[iscas99__b17 gpu5] [plan iscas99__b17] [plan] step=396 node=N55894 type=observe reward_pred=215070.171875 sequence=8201059.656438
[iscas99__b17 gpu5] [plan iscas99__b17] [plan] step=397 node=N55858 type=observe reward_pred=220860.343750 sequence=8421920.000188
[iscas99__b17 gpu5] [plan iscas99__b17] [plan] step=398 node=N55860 type=observe reward_pred=226806.406250 sequence=8648726.406438
[iscas99__b17 gpu5] [plan iscas99__b17] [plan] step=399 node=N55865 type=observe reward_pred=232912.593750 sequence=8881639.000188
[iscas99__b17 gpu5] [plan iscas99__b17] [plan] step=400 node=N55867 type=observe reward_pred=239183.187500 sequence=9120822.187688
[iscas99__b17 gpu5] [plan iscas99__b17] [plan] step=401 node=N55871 type=observe reward_pred=245622.593750 sequence=9366444.781438
[iscas99__b17 gpu5] [plan iscas99__b17] [plan] step=402 node=N55873 type=observe reward_pred=252235.421875 sequence=9618680.203313
[iscas99__b17 gpu5] [plan iscas99__b17] [plan] step=403 node=N55878 type=observe reward_pred=259026.281250 sequence=9877706.484563
[iscas99__b17 gpu5] [plan iscas99__b17] [plan] step=404 node=N55880 type=observe reward_pred=266000.000000 sequence=10143706.484563
[iscas99__b17 gpu5] [plan iscas99__b17] [plan] step=405 node=N55885 type=observe reward_pred=273161.468750 sequence=10416867.953313
[iscas99__b17 gpu5] [plan iscas99__b17] [plan] step=406 node=N55887 type=observe reward_pred=280515.781250 sequence=10697383.734563
[iscas99__b17 gpu5] [plan iscas99__b17] [plan] step=407 node=N55737 type=observe reward_pred=288068.062500 sequence=10985451.797063
[iscas99__b17 gpu5] [plan iscas99__b17] [plan] step=408 node=N55756 type=observe reward_pred=295823.312500 sequence=11281275.109563
[iscas99__b17 gpu5] [plan iscas99__b17] [plan] step=409 node=N54734 type=observe reward_pred=303787.875000 sequence=11585062.984563
[iscas99__b17 gpu5] [plan iscas99__b17] [plan] step=410 node=N54726 type=observe reward_pred=311966.843750 sequence=11897029.828313
[iscas99__b17 gpu5] [plan iscas99__b17] [plan] step=411 node=N55962 type=observe reward_pred=320365.968750 sequence=12217395.797063
[iscas99__b17 gpu5] [plan iscas99__b17] [plan] step=412 node=N55899 type=observe reward_pred=328991.218750 sequence=12546387.015813
[iscas99__b17 gpu5] [plan iscas99__b17] [plan] step=413 node=N55901 type=observe reward_pred=337848.750000 sequence=12884235.765813
[iscas99__b17 gpu5] [plan iscas99__b17] [plan] step=414 node=N55971 type=observe reward_pred=346944.750000 sequence=13231180.515813
[iscas99__b17 gpu5] [plan iscas99__b17] [plan] step=415 node=N55640 type=observe reward_pred=356284.906250 sequence=13587465.422063
[iscas99__b17 gpu5] [plan iscas99__b17] [plan] step=416 node=N56193 type=observe reward_pred=365876.000000 sequence=13953341.422063
[iscas99__b17 gpu5] [plan iscas99__b17] [plan] step=417 node=N54736 type=observe reward_pred=375726.968750 sequence=14329068.390813
[iscas99__b17 gpu5] [plan iscas99__b17] [plan] step=418 node=N56192 type=observe reward_pred=385841.593750 sequence=14714909.984563
[iscas99__b17 gpu5] [plan iscas99__b17] [plan] step=419 node=N55732 type=observe reward_pred=396230.312500 sequence=15111140.297063
[iscas99__b17 gpu5] [plan iscas99__b17] [plan] step=420 node=N54738 type=observe reward_pred=406898.593750 sequence=15518038.890813
[iscas99__b17 gpu5] [plan iscas99__b17] [plan] step=421 node=N43599 type=control0 reward_pred=417838.468750 sequence=15935877.359563
[iscas99__b17 gpu5] [plan iscas99__b17] [plan] step=422 node=N34091 type=observe reward_pred=429013.218750 sequence=16364890.578313
[iscas99__b17 gpu5] [plan iscas99__b17] [plan] step=423 node=N55847 type=observe reward_pred=440510.718750 sequence=16805401.297063
[iscas99__b17 gpu5] [plan iscas99__b17] [plan] step=424 node=N55849 type=observe reward_pred=452328.343750 sequence=17257729.640813
[iscas99__b17 gpu5] [plan iscas99__b17] [plan] step=425 node=N55823 type=observe reward_pred=464525.218750 sequence=17722254.859563
[iscas99__b17 gpu5] [plan iscas99__b17] [plan] step=426 node=N53109 type=observe reward_pred=476981.718750 sequence=18199236.578313
[iscas99__b17 gpu5] [plan iscas99__b17] [plan] step=427 node=N55941 type=observe reward_pred=489839.187500 sequence=18689075.765813
[iscas99__b17 gpu5] [plan iscas99__b17] [plan] step=428 node=N60345 type=observe reward_pred=502977.781250 sequence=19192053.547063
[iscas99__b17 gpu5] [plan iscas99__b17] [plan] step=429 node=N60348 type=observe reward_pred=516482.125000 sequence=19708535.672063
[iscas99__b17 gpu5] [plan iscas99__b17] [plan] step=430 node=N60276 type=observe reward_pred=530356.187500 sequence=20238891.859563
[iscas99__b17 gpu5] [plan iscas99__b17] [plan] step=431 node=N60279 type=observe reward_pred=544608.375000 sequence=20783500.234563
[iscas99__b17 gpu5] [plan iscas99__b17] [plan] step=432 node=N55845 type=observe reward_pred=559246.937500 sequence=21342747.172063
[iscas99__b17 gpu5] [plan iscas99__b17] [plan] step=433 node=N55978 type=observe reward_pred=574319.187500 sequence=21917066.359563
[iscas99__b17 gpu5] [plan iscas99__b17] [plan] step=434 node=N55835 type=observe reward_pred=589750.562500 sequence=22506816.922063
[iscas99__b17 gpu5] [plan iscas99__b17] [plan] step=435 node=N56074 type=observe reward_pred=605604.437500 sequence=23112421.359563
[iscas99__b17 gpu5] [plan iscas99__b17] [plan] step=436 node=N55831 type=observe reward_pred=621888.937500 sequence=23734310.297063
[iscas99__b17 gpu5] [plan iscas99__b17] [plan] step=437 node=N55700 type=observe reward_pred=638645.062500 sequence=24372955.359563
[iscas99__b17 gpu5] [plan iscas99__b17] [plan] step=438 node=N55704 type=observe reward_pred=655845.625000 sequence=25028800.984563
[iscas99__b17 gpu5] [plan iscas99__b17] [plan] step=439 node=N55833 type=observe reward_pred=673474.312500 sequence=25702275.297063
[iscas99__b17 gpu5] [plan iscas99__b17] [plan] step=440 node=N55838 type=observe reward_pred=691585.375000 sequence=26393860.672063
[iscas99__b17 gpu5] [plan iscas99__b17] [plan] step=441 node=N55695 type=observe reward_pred=710215.937500 sequence=27104076.609563
[iscas99__b17 gpu5] [plan iscas99__b17] [plan] step=442 node=N55717 type=observe reward_pred=729342.750000 sequence=27833419.359563
[iscas99__b17 gpu5] [plan iscas99__b17] [plan] step=443 node=N55848 type=observe reward_pred=748952.875000 sequence=28582372.234563
[iscas99__b17 gpu5] [plan iscas99__b17] [plan] step=444 node=N55727 type=observe reward_pred=769125.812500 sequence=29351498.047063
[iscas99__b17 gpu5] [plan iscas99__b17] [plan] step=445 node=N55741 type=observe reward_pred=789837.812500 sequence=30141335.859563
[iscas99__b17 gpu5] [plan iscas99__b17] [plan] step=446 node=N55736 type=observe reward_pred=811106.500000 sequence=30952442.359563
[iscas99__b17 gpu5] [plan iscas99__b17] [plan] step=447 node=N55810 type=observe reward_pred=832947.312500 sequence=31785389.672063
[iscas99__b17 gpu5] [plan iscas99__b17] [plan] step=448 node=N55811 type=observe reward_pred=855375.750000 sequence=32640765.422063
[iscas99__b17 gpu5] [plan iscas99__b17] [plan] step=449 node=N55687 type=observe reward_pred=878408.062500 sequence=33519173.484563
[iscas99__b17 gpu5] [plan iscas99__b17] [plan] step=450 node=N55840 type=observe reward_pred=902026.000000 sequence=34421199.484563
[iscas99__b17 gpu5] [plan iscas99__b17] [plan] step=451 node=N54778 type=observe reward_pred=926289.562500 sequence=35347489.047063
[iscas99__b17 gpu5] [plan iscas99__b17] [plan] step=452 node=N56112 type=observe reward_pred=951210.500000 sequence=36298699.547063
[iscas99__b17 gpu5] [plan iscas99__b17] [plan] step=453 node=N55815 type=observe reward_pred=976805.437500 sequence=37275504.984563
[iscas99__b17 gpu5] [plan iscas99__b17] [plan] step=454 node=N55952 type=observe reward_pred=1003091.312500 sequence=38278596.297063
[iscas99__b17 gpu5] [plan iscas99__b17] [plan] step=455 node=N55824 type=observe reward_pred=1030107.500000 sequence=39308703.797063
[iscas99__b17 gpu5] [plan iscas99__b17] [plan] step=456 node=N60222 type=observe reward_pred=1057824.625000 sequence=40366528.422063
[iscas99__b17 gpu5] [plan iscas99__b17] [plan] step=457 node=N55107 type=observe reward_pred=1086291.750000 sequence=41452820.172063
[iscas99__b17 gpu5] [plan iscas99__b17] [plan] step=458 node=N54742 type=observe reward_pred=1115547.000000 sequence=42568367.172063
[iscas99__b17 gpu5] [plan iscas99__b17] [plan] step=459 node=N55731 type=observe reward_pred=1145585.875000 sequence=43713953.047063
[iscas99__b17 gpu5] [plan iscas99__b17] [plan] step=460 node=N55678 type=observe reward_pred=1176432.750000 sequence=44890385.797063
[iscas99__b17 gpu5] [plan iscas99__b17] [plan] step=461 node=N55722 type=observe reward_pred=1208109.875000 sequence=46098495.672063
[iscas99__b17 gpu5] [plan iscas99__b17] [plan] step=462 node=N55906 type=observe reward_pred=1240616.375000 sequence=47339112.047063
[iscas99__b17 gpu5] [plan iscas99__b17] [plan] step=463 node=N54740 type=observe reward_pred=1274025.000000 sequence=48613137.047063
[iscas99__b17 gpu5] [plan iscas99__b17] [plan] step=464 node=N55913 type=observe reward_pred=1308308.875000 sequence=49921445.922063
[iscas99__b17 gpu5] [plan iscas99__b17] [plan] step=465 node=N55908 type=observe reward_pred=1343540.125000 sequence=51264986.047063
[iscas99__b17 gpu5] [plan iscas99__b17] [plan] step=466 node=N55920 type=observe reward_pred=1379697.375000 sequence=52644683.422063
[iscas99__b17 gpu5] [plan iscas99__b17] [plan] step=467 node=N54744 type=observe reward_pred=1416850.500000 sequence=54061533.922063
[iscas99__b17 gpu5] [plan iscas99__b17] [plan] step=468 node=N55931 type=observe reward_pred=1454982.375000 sequence=55516516.297063
[iscas99__b17 gpu5] [plan iscas99__b17] [plan] step=469 node=N55915 type=observe reward_pred=1494162.500000 sequence=57010678.797063
[iscas99__b17 gpu5] [plan iscas99__b17] [plan] step=470 node=N55726 type=observe reward_pred=1534394.750000 sequence=58545073.547063
[iscas99__b17 gpu5] [plan iscas99__b17] [plan] step=471 node=N55839 type=observe reward_pred=1575690.500000 sequence=60120764.047063
[iscas99__b17 gpu5] [plan iscas99__b17] [plan] step=472 node=N54746 type=observe reward_pred=1618120.375000 sequence=61738884.422063
[iscas99__b17 gpu5] [plan iscas99__b17] [plan] step=473 node=N55841 type=observe reward_pred=1661671.875000 sequence=63400556.297063
[openabcd__mem_ctrl_orig gpu6] [plan openabcd__mem_ctrl_orig] [plan] step=292 node=N3334 type=observe reward_pred=16221.634766 sequence=615544.671226
[openabcd__mem_ctrl_orig gpu6] [plan openabcd__mem_ctrl_orig] [plan] step=293 node=N3368 type=observe reward_pred=16658.667969 sequence=632203.339194
[openabcd__mem_ctrl_orig gpu6] [plan openabcd__mem_ctrl_orig] [plan] step=294 node=N15701 type=observe reward_pred=17107.466797 sequence=649310.805991
[openabcd__mem_ctrl_orig gpu6] [plan openabcd__mem_ctrl_orig] [plan] step=295 node=N12370 type=observe reward_pred=17568.353516 sequence=666879.159507
[openabcd__mem_ctrl_orig gpu6] [plan openabcd__mem_ctrl_orig] [plan] step=296 node=N3433 type=observe reward_pred=18041.650391 sequence=684920.809897
[openabcd__mem_ctrl_orig gpu6] [plan openabcd__mem_ctrl_orig] [plan] step=297 node=N12566 type=observe reward_pred=18527.693359 sequence=703448.503257
[openabcd__mem_ctrl_orig gpu6] [plan openabcd__mem_ctrl_orig] [plan] step=298 node=N16173 type=observe reward_pred=19026.964844 sequence=722475.468101
[openabcd__mem_ctrl_orig gpu6] [plan openabcd__mem_ctrl_orig] [plan] step=299 node=N100617 type=observe reward_pred=19539.498047 sequence=742014.966147
[openabcd__mem_ctrl_orig gpu6] [plan openabcd__mem_ctrl_orig] [plan] step=300 node=N12568 type=observe reward_pred=20065.873047 sequence=762080.839194
[openabcd__mem_ctrl_orig gpu6] [plan openabcd__mem_ctrl_orig] [plan] step=301 node=N2327 type=observe reward_pred=20606.455078 sequence=782687.294272
[openabcd__mem_ctrl_orig gpu6] [plan openabcd__mem_ctrl_orig] [plan] step=302 node=N99943 type=observe reward_pred=21161.541016 sequence=803848.835288
[openabcd__mem_ctrl_orig gpu6] [plan openabcd__mem_ctrl_orig] [plan] step=303 node=N12721 type=observe reward_pred=21731.734375 sequence=825580.569663
[openabcd__mem_ctrl_orig gpu6] [plan openabcd__mem_ctrl_orig] [plan] step=304 node=N2283 type=observe reward_pred=22317.238281 sequence=847897.807944
[openabcd__mem_ctrl_orig gpu6] [plan openabcd__mem_ctrl_orig] [plan] step=305 node=N17896 type=observe reward_pred=22918.332031 sequence=870816.139976
[openabcd__mem_ctrl_orig gpu6] [plan openabcd__mem_ctrl_orig] [plan] step=306 node=N20013 type=observe reward_pred=23535.654297 sequence=894351.794272
[openabcd__mem_ctrl_orig gpu6] [plan openabcd__mem_ctrl_orig] [plan] step=307 node=N3399 type=observe reward_pred=24169.607422 sequence=918521.401694
[openabcd__mem_ctrl_orig gpu6] [plan openabcd__mem_ctrl_orig] [plan] step=308 node=N102996 type=observe reward_pred=24820.636719 sequence=943342.038413
[openabcd__mem_ctrl_orig gpu6] [plan openabcd__mem_ctrl_orig] [plan] step=309 node=N19972 type=observe reward_pred=25489.207031 sequence=968831.245444
[openabcd__mem_ctrl_orig gpu6] [plan openabcd__mem_ctrl_orig] [plan] step=310 node=N14587 type=observe reward_pred=26176.171875 sequence=995007.417319
[openabcd__mem_ctrl_orig gpu6] [plan openabcd__mem_ctrl_orig] [plan] step=311 node=N2124 type=control1 reward_pred=26881.130859 sequence=1021888.548179
[openabcd__mem_ctrl_orig gpu6] [plan openabcd__mem_ctrl_orig] [plan] step=312 node=N2092 type=observe reward_pred=27605.119141 sequence=1049493.667319
[openabcd__mem_ctrl_orig gpu6] [plan openabcd__mem_ctrl_orig] [plan] step=313 node=N3398 type=observe reward_pred=28348.628906 sequence=1077842.296226
[openabcd__mem_ctrl_orig gpu6] [plan openabcd__mem_ctrl_orig] [plan] step=314 node=N96346 type=observe reward_pred=29112.169922 sequence=1106954.466147
[openabcd__mem_ctrl_orig gpu6] [plan openabcd__mem_ctrl_orig] [plan] step=315 node=N16581 type=observe reward_pred=29896.427734 sequence=1136850.893882
[openabcd__mem_ctrl_orig gpu6] [plan openabcd__mem_ctrl_orig] [plan] step=316 node=N3218 type=observe reward_pred=30702.167969 sequence=1167553.061851
[openabcd__mem_ctrl_orig gpu6] [plan openabcd__mem_ctrl_orig] [plan] step=317 node=N92946 type=observe reward_pred=31528.925781 sequence=1199081.987632
[openabcd__mem_ctrl_orig gpu6] [plan openabcd__mem_ctrl_orig] [plan] step=318 node=N92954 type=observe reward_pred=32378.046875 sequence=1231460.034507
[openabcd__mem_ctrl_orig gpu6] [plan openabcd__mem_ctrl_orig] [plan] step=319 node=N16583 type=observe reward_pred=33250.023438 sequence=1264710.057944
[openabcd__mem_ctrl_orig gpu6] [plan openabcd__mem_ctrl_orig] [plan] step=320 node=N3253 type=observe reward_pred=34145.515625 sequence=1298855.573569
[openabcd__mem_ctrl_orig gpu6] [plan openabcd__mem_ctrl_orig] [plan] step=321 node=N3263 type=observe reward_pred=35065.128906 sequence=1333920.702476
[openabcd__mem_ctrl_orig gpu6] [plan openabcd__mem_ctrl_orig] [plan] step=322 node=N14588 type=observe reward_pred=36009.660156 sequence=1369930.362632
[openabcd__mem_ctrl_orig gpu6] [plan openabcd__mem_ctrl_orig] [plan] step=323 node=N23504 type=observe reward_pred=36979.984375 sequence=1406910.347007
[openabcd__mem_ctrl_orig gpu6] [plan openabcd__mem_ctrl_orig] [plan] step=324 node=N8516 type=observe reward_pred=37975.894531 sequence=1444886.241538
[openabcd__mem_ctrl_orig gpu6] [plan openabcd__mem_ctrl_orig] [plan] step=325 node=N16097 type=observe reward_pred=38999.042969 sequence=1483885.284507
[openabcd__mem_ctrl_orig gpu6] [plan openabcd__mem_ctrl_orig] [plan] step=326 node=N92894 type=control1 reward_pred=40049.152344 sequence=1523934.436851
[openabcd__mem_ctrl_orig gpu6] [plan openabcd__mem_ctrl_orig] [plan] step=327 node=N18019 type=observe reward_pred=41127.640625 sequence=1565062.077476
[openabcd__mem_ctrl_orig gpu6] [plan openabcd__mem_ctrl_orig] [plan] step=328 node=N15611 type=observe reward_pred=42235.722656 sequence=1607297.800132
[openabcd__mem_ctrl_orig gpu6] [plan openabcd__mem_ctrl_orig] [plan] step=329 node=N95218 type=control1 reward_pred=43373.000000 sequence=1650670.800132
[openabcd__mem_ctrl_orig gpu6] [plan openabcd__mem_ctrl_orig] [plan] step=330 node=N2847 type=observe reward_pred=44541.144531 sequence=1695211.944663
[openabcd__mem_ctrl_orig gpu6] [plan openabcd__mem_ctrl_orig] [plan] step=331 node=N16184 type=observe reward_pred=45740.949219 sequence=1740952.893882
[openabcd__mem_ctrl_orig gpu6] [plan openabcd__mem_ctrl_orig] [plan] step=332 node=N100389 type=observe reward_pred=46972.878906 sequence=1787925.772788
[openabcd__mem_ctrl_orig gpu6] [plan openabcd__mem_ctrl_orig] [plan] step=333 node=N102824 type=observe reward_pred=48237.960938 sequence=1836163.733726
[openabcd__mem_ctrl_orig gpu6] [plan openabcd__mem_ctrl_orig] [plan] step=334 node=N14283 type=observe reward_pred=49538.066406 sequence=1885701.800132
[openabcd__mem_ctrl_orig gpu6] [plan openabcd__mem_ctrl_orig] [plan] step=335 node=N75747 type=observe reward_pred=50871.656250 sequence=1936573.456382
[openabcd__mem_ctrl_orig gpu6] [plan openabcd__mem_ctrl_orig] [plan] step=336 node=N12323 type=observe reward_pred=52241.406250 sequence=1988814.862632
[openabcd__mem_ctrl_orig gpu6] [plan openabcd__mem_ctrl_orig] [plan] step=337 node=N19969 type=observe reward_pred=53648.144531 sequence=2042463.007163
[openabcd__mem_ctrl_orig gpu6] [plan openabcd__mem_ctrl_orig] [plan] step=338 node=N15605 type=observe reward_pred=55093.156250 sequence=2097556.163413
[openabcd__mem_ctrl_orig gpu6] [plan openabcd__mem_ctrl_orig] [plan] step=339 node=N2257 type=observe reward_pred=56576.644531 sequence=2154132.807944
[openabcd__mem_ctrl_orig gpu6] [plan openabcd__mem_ctrl_orig] [plan] step=340 node=N2238 type=observe reward_pred=58100.152344 sequence=2212232.960288
[openabcd__mem_ctrl_orig gpu6] [plan openabcd__mem_ctrl_orig] [plan] step=341 node=N12322 type=observe reward_pred=59664.718750 sequence=2271897.679038
[openabcd__mem_ctrl_orig gpu6] [plan openabcd__mem_ctrl_orig] [plan] step=342 node=N12338 type=observe reward_pred=61271.757812 sequence=2333169.436851
[openabcd__mem_ctrl_orig gpu6] [plan openabcd__mem_ctrl_orig] [plan] step=343 node=N91489 type=control1 reward_pred=62921.742188 sequence=2396091.179038
[openabcd__mem_ctrl_orig gpu6] [plan openabcd__mem_ctrl_orig] [plan] step=344 node=N17878 type=observe reward_pred=64616.214844 sequence=2460707.393882
[openabcd__mem_ctrl_orig gpu6] [plan openabcd__mem_ctrl_orig] [plan] step=345 node=N99805 type=observe reward_pred=66356.187500 sequence=2527063.581382
[openabcd__mem_ctrl_orig gpu6] [plan openabcd__mem_ctrl_orig] [plan] step=346 node=N2195 type=observe reward_pred=68143.023438 sequence=2595206.604819
[openabcd__mem_ctrl_orig gpu6] [plan openabcd__mem_ctrl_orig] [plan] step=347 node=N14391 type=observe reward_pred=69978.156250 sequence=2665184.761069
[openabcd__mem_ctrl_orig gpu6] [plan openabcd__mem_ctrl_orig] [plan] step=348 node=N15695 type=observe reward_pred=71862.507812 sequence=2737047.268882
[openabcd__mem_ctrl_orig gpu6] [plan openabcd__mem_ctrl_orig] [plan] step=349 node=N2273 type=observe reward_pred=73797.640625 sequence=2810844.909507
[openabcd__mem_ctrl_orig gpu6] [plan openabcd__mem_ctrl_orig] [plan] step=350 node=N14279 type=observe reward_pred=75784.867188 sequence=2886629.776694
[openabcd__mem_ctrl_orig gpu6] [plan openabcd__mem_ctrl_orig] [plan] step=351 node=N2039 type=observe reward_pred=77825.625000 sequence=2964455.401694
[openabcd__mem_ctrl_orig gpu6] [plan openabcd__mem_ctrl_orig] [plan] step=352 node=N18406 type=observe reward_pred=79921.492188 sequence=3044376.893882
[openabcd__mem_ctrl_orig gpu6] [plan openabcd__mem_ctrl_orig] [plan] step=353 node=N12367 type=observe reward_pred=82073.570312 sequence=3126450.464194
[openabcd__mem_ctrl_orig gpu6] [plan openabcd__mem_ctrl_orig] [plan] step=354 node=N17888 type=observe reward_pred=84283.789062 sequence=3210734.253257
[openabcd__mem_ctrl_orig gpu6] [plan openabcd__mem_ctrl_orig] [plan] step=355 node=N16242 type=observe reward_pred=86553.320312 sequence=3297287.573569
[openabcd__mem_ctrl_orig gpu6] [plan openabcd__mem_ctrl_orig] [plan] step=356 node=N100390 type=observe reward_pred=88884.031250 sequence=3386171.604819
[openabcd__mem_ctrl_orig gpu6] [plan openabcd__mem_ctrl_orig] [plan] step=357 node=N92950 type=observe reward_pred=91277.492188 sequence=3477449.097007
[openabcd__mem_ctrl_orig gpu6] [plan openabcd__mem_ctrl_orig] [plan] step=358 node=N2392 type=observe reward_pred=93735.375000 sequence=3571184.472007
[openabcd__mem_ctrl_orig gpu6] [plan openabcd__mem_ctrl_orig] [plan] step=359 node=N15761 type=observe reward_pred=96259.437500 sequence=3667443.909507
[openabcd__mem_ctrl_orig gpu6] [plan openabcd__mem_ctrl_orig] [plan] step=360 node=N3181 type=observe reward_pred=98851.476562 sequence=3766295.386069
[openabcd__mem_ctrl_orig gpu6] [plan openabcd__mem_ctrl_orig] [plan] step=361 node=N18429 type=observe reward_pred=101513.851562 sequence=3867809.237632
[openabcd__mem_ctrl_orig gpu6] [plan openabcd__mem_ctrl_orig] [plan] step=362 node=N3182 type=observe reward_pred=104247.187500 sequence=3972056.425132
[openabcd__mem_ctrl_orig gpu6] [plan openabcd__mem_ctrl_orig] [plan] step=363 node=N20033 type=observe reward_pred=107054.226562 sequence=4079110.651694
[openabcd__mem_ctrl_orig gpu6] [plan openabcd__mem_ctrl_orig] [plan] step=364 node=N2838 type=observe reward_pred=109936.875000 sequence=4189047.526694
[openabcd__mem_ctrl_orig gpu6] [plan openabcd__mem_ctrl_orig] [plan] step=365 node=N2227 type=observe reward_pred=112897.156250 sequence=4301944.682944
[openabcd__mem_ctrl_orig gpu6] [plan openabcd__mem_ctrl_orig] [plan] step=366 node=N18450 type=observe reward_pred=115937.312500 sequence=4417881.995444
[openabcd__mem_ctrl_orig gpu6] [plan openabcd__mem_ctrl_orig] [plan] step=367 node=N3428 type=observe reward_pred=119059.117188 sequence=4536941.112632
[openabcd__mem_ctrl_orig gpu6] [plan openabcd__mem_ctrl_orig] [plan] step=368 node=N15639 type=observe reward_pred=122265.015625 sequence=4659206.128257
[openabcd__mem_ctrl_orig gpu6] [plan openabcd__mem_ctrl_orig] [plan] step=369 node=N2328 type=observe reward_pred=125557.265625 sequence=4784763.393882
[openabcd__mem_ctrl_orig gpu6] [plan openabcd__mem_ctrl_orig] [plan] step=370 node=N14243 type=observe reward_pred=128938.125000 sequence=4913701.518882
[openabcd__mem_ctrl_orig gpu6] [plan openabcd__mem_ctrl_orig] [plan] step=371 node=N91979 type=observe reward_pred=132410.062500 sequence=5046111.581382
[openabcd__mem_ctrl_orig gpu6] [plan openabcd__mem_ctrl_orig] [plan] step=372 node=N3401 type=observe reward_pred=135975.453125 sequence=5182087.034507
[openabcd__mem_ctrl_orig gpu6] [plan openabcd__mem_ctrl_orig] [plan] step=373 node=N11431 type=observe reward_pred=139636.828125 sequence=5321723.862632
[openabcd__mem_ctrl_orig gpu6] [plan openabcd__mem_ctrl_orig] [plan] step=374 node=N92948 type=observe reward_pred=143396.796875 sequence=5465120.659507
[openabcd__mem_ctrl_orig gpu6] [plan openabcd__mem_ctrl_orig] [plan] step=375 node=N23493 type=observe reward_pred=147258.156250 sequence=5612378.815757
[openabcd__mem_ctrl_orig gpu6] [plan openabcd__mem_ctrl_orig] [plan] step=376 node=N12318 type=observe reward_pred=151223.296875 sequence=5763602.112632
[openabcd__mem_ctrl_orig gpu6] [plan openabcd__mem_ctrl_orig] [plan] step=377 node=N15613 type=observe reward_pred=155295.218750 sequence=5918897.331382
[openabcd__mem_ctrl_orig gpu6] [plan openabcd__mem_ctrl_orig] [plan] step=378 node=N2035 type=observe reward_pred=159476.781250 sequence=6078374.112632
[openabcd__mem_ctrl_orig gpu6] [plan openabcd__mem_ctrl_orig] [plan] step=379 node=N15596 type=observe reward_pred=163770.921875 sequence=6242145.034507
[openabcd__mem_ctrl_orig gpu6] [plan openabcd__mem_ctrl_orig] [plan] step=380 node=N11528 type=observe reward_pred=168180.718750 sequence=6410325.753257
[openabcd__mem_ctrl_orig gpu6] [plan openabcd__mem_ctrl_orig] [plan] step=381 node=N91978 type=observe reward_pred=172709.250000 sequence=6583035.003257
[openabcd__mem_ctrl_orig gpu6] [plan openabcd__mem_ctrl_orig] [plan] step=382 node=N2239 type=observe reward_pred=177359.703125 sequence=6760394.706382
[openabcd__mem_ctrl_orig gpu6] [plan openabcd__mem_ctrl_orig] [plan] step=383 node=N95179 type=observe reward_pred=182135.640625 sequence=6942530.347007
[iscas99__b22 gpu2] [plan iscas99__b22] [plan] step=472 node=N21008 type=observe reward_pred=1175304.375000 sequence=44851028.256035
[iscas99__b22 gpu2] [plan iscas99__b22] [plan] step=473 node=N20507 type=observe reward_pred=1206949.625000 sequence=46057977.881035
[iscas99__b22 gpu2] [plan iscas99__b22] [plan] step=474 node=N12967 type=observe reward_pred=1239446.875000 sequence=47297424.756035
[iscas99__b22 gpu2] [plan iscas99__b22] [plan] step=475 node=N19278 type=observe reward_pred=1272819.375000 sequence=48570244.131035
[iscas99__b22 gpu2] [plan iscas99__b22] [plan] step=476 node=N13219 type=observe reward_pred=1307090.125000 sequence=49877334.256035
[iscas99__b22 gpu2] [plan iscas99__b22] [plan] step=477 node=N16692 type=observe reward_pred=1342283.750000 sequence=51219618.006035
[iscas99__b22 gpu2] [plan iscas99__b22] [plan] step=478 node=N29585 type=observe reward_pred=1378424.750000 sequence=52598042.756035
[iscas99__b22 gpu2] [plan iscas99__b22] [plan] step=479 node=N26682 type=observe reward_pred=1415538.875000 sequence=54013581.631035
[iscas99__b22 gpu2] [plan iscas99__b22] [plan] step=480 node=N27185 type=observe reward_pred=1453652.375000 sequence=55467234.006035
[iscas99__b22 gpu2] [plan iscas99__b22] [plan] step=481 node=N22129 type=observe reward_pred=1492792.250000 sequence=56960026.256035
[iscas99__b22 gpu2] [plan iscas99__b22] [plan] step=482 node=N27686 type=observe reward_pred=1532985.875000 sequence=58493012.131035
[iscas99__b22 gpu2] [plan iscas99__b22] [plan] step=483 node=N8431 type=observe reward_pred=1574261.625000 sequence=60067273.756035
[iscas99__b22 gpu2] [plan iscas99__b22] [plan] step=484 node=N1252 type=observe reward_pred=1616648.750000 sequence=61683922.506035
[iscas99__b22 gpu2] [plan iscas99__b22] [plan] step=485 node=N1254 type=observe reward_pred=1660177.125000 sequence=63344099.631035
[iscas99__b22 gpu2] [plan iscas99__b22] [plan] step=486 node=N1256 type=observe reward_pred=1704877.375000 sequence=65048977.006035
[iscas99__b22 gpu2] [plan iscas99__b22] [plan] step=487 node=N1258 type=observe reward_pred=1750781.500000 sequence=66799758.506035
[iscas99__b22 gpu2] [plan iscas99__b22] [plan] step=488 node=N1260 type=observe reward_pred=1797921.250000 sequence=68597679.756035
[iscas99__b22 gpu2] [plan iscas99__b22] [plan] step=489 node=N1262 type=observe reward_pred=1844032.625000 sequence=70441712.381035
[iscas99__b22 gpu2] [plan iscas99__b22] [plan] step=490 node=N23099 type=observe reward_pred=1887622.250000 sequence=72329334.631035
[iscas99__b22 gpu2] [plan iscas99__b22] [plan] step=491 node=N14524 type=control1 reward_pred=1934687.375000 sequence=74264022.006035
[iscas99__b22 gpu2] [plan iscas99__b22] [plan] step=492 node=N80197 type=control0 reward_pred=1989114.875000 sequence=76253136.881035
[iscas99__b22 gpu2] [plan iscas99__b22] [plan] step=493 node=N4429 type=observe reward_pred=2043445.875000 sequence=78296582.756035
[iscas99__b22 gpu2] [plan iscas99__b22] [plan] step=494 node=N35016 type=observe reward_pred=2098911.750000 sequence=80395494.506035
[iscas99__b22 gpu2] [plan iscas99__b22] [plan] step=495 node=N35017 type=observe reward_pred=2155734.000000 sequence=82551228.506035
[iscas99__b22 gpu2] [plan iscas99__b22] [plan] step=496 node=N14459 type=observe reward_pred=2214002.250000 sequence=84765230.756035
[iscas99__b22 gpu2] [plan iscas99__b22] [plan] step=497 node=N14524 type=control0 reward_pred=2267292.000000 sequence=87032522.756035
[iscas99__b22 gpu2] [plan iscas99__b22] [plan] step=498 node=N64149 type=control1 reward_pred=2330217.000000 sequence=89362739.756035
[iscas99__b22 gpu2] [plan iscas99__b22] [plan] step=499 node=N23572 type=observe reward_pred=2387475.750000 sequence=91750215.506035
[iscas99__b22 gpu2] [plan iscas99__b22] [plan] step=500 node=N17670 type=observe reward_pred=2447580.500000 sequence=94197796.006035
[iscas99__b22 gpu2] [plan iscas99__b22] [plan] step=501 node=N1270 type=observe reward_pred=2515776.750000 sequence=96713572.756035
[iscas99__b22 gpu2] [plan iscas99__b22] [plan] step=502 node=N1285 type=observe reward_pred=2584375.000000 sequence=99297947.756035
[iscas99__b22 gpu2] [plan iscas99__b22] [plan] step=503 node=N1287 type=observe reward_pred=2654468.000000 sequence=101952415.756035
[iscas99__b22 gpu2] [plan iscas99__b22] [plan] step=504 node=N1289 type=observe reward_pred=2726301.000000 sequence=104678716.756035
[iscas99__b22 gpu2] [plan iscas99__b22] [plan] step=505 node=N1291 type=observe reward_pred=2799951.250000 sequence=107478668.006035
[iscas99__b22 gpu2] [plan iscas99__b22] [plan] step=506 node=N1293 type=observe reward_pred=2875516.000000 sequence=110354184.006035
[iscas99__b22 gpu2] [plan iscas99__b22] [plan] step=507 node=N19529 type=observe reward_pred=2945765.500000 sequence=113299949.506035
[iscas99__b22 gpu2] [plan iscas99__b22] [plan] step=508 node=N44381 type=observe reward_pred=3020315.750000 sequence=116320265.256035
[iscas99__b22 gpu2] [plan iscas99__b22] [plan] step=509 node=N12943 type=control0 reward_pred=3097550.000000 sequence=119417815.256035
[iscas99__b22 gpu2] [plan iscas99__b22] [plan] step=510 node=N28187 type=observe reward_pred=3177368.750000 sequence=122595184.006035
[iscas99__b22 gpu2] [plan iscas99__b22] [plan] step=511 node=N12944 type=control0 reward_pred=3259461.250000 sequence=125854645.256035
[iscas99__b22 gpu2] [plan iscas99__b22] [plan] step=512 node=N12965 type=control0 reward_pred=3348903.250000 sequence=129203548.506035
[iscas99__b22 gpu2] [plan iscas99__b22] [plan] step=513 node=N19251 type=control0 reward_pred=3440493.500000 sequence=132644042.006035
[iscas99__b22 gpu2] [plan iscas99__b22] [plan] step=514 node=N19252 type=control0 reward_pred=3533909.500000 sequence=136177951.506035
[iscas99__b22 gpu2] [plan iscas99__b22] [plan] step=515 node=N19253 type=control0 reward_pred=3629120.000000 sequence=139807071.506035
[iscas99__b22 gpu2] [plan iscas99__b22] [plan] step=516 node=N19254 type=control0 reward_pred=3726954.500000 sequence=143534026.006035
[iscas99__b22 gpu2] [plan iscas99__b22] [plan] step=517 node=N19255 type=control0 reward_pred=3827405.750000 sequence=147361431.756035
[iscas99__b22 gpu2] [plan iscas99__b22] [plan] step=518 node=N19276 type=control0 reward_pred=3930834.000000 sequence=151292265.756035
[iscas99__b22 gpu2] [plan iscas99__b22] [plan] step=519 node=N2144 type=control0 reward_pred=4036894.500000 sequence=155329160.256035
[iscas99__b22 gpu2] [plan iscas99__b22] [plan] step=520 node=N5343 type=control0 reward_pred=4145749.000000 sequence=159474909.256035
[iscas99__b22 gpu2] [plan iscas99__b22] [plan] step=521 node=N8431 type=control0 reward_pred=4257490.500000 sequence=163732399.756035
[iscas99__b22 gpu2] [plan iscas99__b22] [plan] step=522 node=N21498 type=observe reward_pred=4362436.500000 sequence=168094836.256035
[iscas99__b22 gpu2] [plan iscas99__b22] [plan] step=523 node=N1301 type=observe reward_pred=4482759.000000 sequence=172577595.256035
[iscas99__b22 gpu2] [plan iscas99__b22] [plan] step=524 node=N7669 type=observe reward_pred=4604264.500000 sequence=177181859.756035
[iscas99__b22 gpu2] [plan iscas99__b22] [plan] step=525 node=N7692 type=observe reward_pred=4728635.000000 sequence=181910494.756035
[iscas99__b22 gpu2] [plan iscas99__b22] [plan] step=526 node=N7701 type=observe reward_pred=4856205.000000 sequence=186766699.756035
[iscas99__b22 gpu2] [plan iscas99__b22] [plan] step=527 node=N7702 type=observe reward_pred=4987145.000000 sequence=191753844.756035
[iscas99__b22 gpu2] [plan iscas99__b22] [plan] step=528 node=N8110 type=observe reward_pred=5121567.000000 sequence=196875411.756035
[iscas99__b22 gpu2] [plan iscas99__b22] [plan] step=529 node=N8116 type=observe reward_pred=5259578.500000 sequence=202134990.256035
[iscas99__b22 gpu2] [plan iscas99__b22] [plan] step=530 node=N26432 type=observe reward_pred=5401280.000000 sequence=207536270.256035
[iscas99__b22 gpu2] [plan iscas99__b22] [plan] step=531 node=N26433 type=observe reward_pred=5546777.500000 sequence=213083047.756035
[iscas99__b22 gpu2] [plan iscas99__b22] [plan] step=532 node=N21661 type=observe reward_pred=5696177.000000 sequence=218779224.756035
[iscas99__b22 gpu2] [plan iscas99__b22] [plan] step=533 node=N25985 type=observe reward_pred=5849587.500000 sequence=224628812.256035
[iscas99__b22 gpu2] [plan iscas99__b22] [plan] step=534 node=N17190 type=observe reward_pred=6007120.500000 sequence=230635932.756035
[iscas99__b22 gpu2] [plan iscas99__b22] [plan] step=535 node=N26486 type=observe reward_pred=6168887.500000 sequence=236804820.256035
[iscas99__b22 gpu2] [plan iscas99__b22] [plan] step=536 node=N19999 type=observe reward_pred=6335004.000000 sequence=243139824.256035
[iscas99__b22 gpu2] [plan iscas99__b22] [plan] step=537 node=N12969 type=observe reward_pred=6505589.500000 sequence=249645413.756035
[iscas99__b22 gpu2] [plan iscas99__b22] [plan] step=538 node=N12971 type=observe reward_pred=6680764.000000 sequence=256326177.756035
[iscas99__b22 gpu2] [plan iscas99__b22] [plan] step=539 node=N12973 type=observe reward_pred=6860653.000000 sequence=263186830.756035
[iscas99__b22 gpu2] [plan iscas99__b22] [plan] step=540 node=N12975 type=observe reward_pred=7045382.500000 sequence=270232213.256035
[iscas99__b22 gpu2] [plan iscas99__b22] [plan] step=541 node=N19280 type=observe reward_pred=7235085.500000 sequence=277467298.756035
[iscas99__b22 gpu2] [plan iscas99__b22] [plan] step=542 node=N19282 type=observe reward_pred=7429894.000000 sequence=284897192.756035
[iscas99__b22 gpu2] [plan iscas99__b22] [plan] step=543 node=N19284 type=observe reward_pred=7629946.000000 sequence=292527138.756035
[iscas99__b22 gpu2] [plan iscas99__b22] [plan] step=544 node=N17681 type=observe reward_pred=7835383.500000 sequence=300362522.256035
[iscas99__b22 gpu2] [plan iscas99__b22] [plan] step=545 node=N29592 type=observe reward_pred=8046352.000000 sequence=308408874.256035
[iscas99__b22 gpu2] [plan iscas99__b22] [plan] step=546 node=N26689 type=observe reward_pred=8263000.000000 sequence=316671874.256035
[iscas99__b22 gpu2] [plan iscas99__b22] [plan] step=547 node=N27192 type=observe reward_pred=8485481.000000 sequence=325157355.256035
[iscas99__b22 gpu2] [plan iscas99__b22] [plan] step=548 node=N27693 type=observe reward_pred=8713952.000000 sequence=333871307.256035
[iscas99__b22 gpu2] [plan iscas99__b22] [plan] step=549 node=N28038 type=observe reward_pred=8948574.000000 sequence=342819881.256035
[iscas99__b22 gpu2] [plan iscas99__b22] [plan] step=550 node=N1204 type=control0 reward_pred=9156237.000000 sequence=351976118.256035
[iscas99__b22 gpu2] [plan iscas99__b22] [plan] step=551 node=N64043 type=control1 reward_pred=9412323.000000 sequence=361388441.256035
[iscas99__b22 gpu2] [plan iscas99__b22] [plan] step=552 node=N36627 type=control1 reward_pred=9668583.000000 sequence=371057024.256035
[iscas99__b22 gpu2] [plan iscas99__b22] [plan] step=553 node=N14406 type=observe reward_pred=9930135.000000 sequence=380987159.256035
[iscas99__b22 gpu2] [plan iscas99__b22] [plan] step=554 node=N44373 type=observe reward_pred=10198273.000000 sequence=391185432.256035
[iscas99__b22 gpu2] [plan iscas99__b22] [plan] step=555 node=N44376 type=observe reward_pred=10473427.000000 sequence=401658859.256035
[iscas99__b22 gpu2] [plan iscas99__b22] [plan] step=556 node=N44377 type=observe reward_pred=10755857.000000 sequence=412414716.256035
[iscas99__b22 gpu2] [plan iscas99__b22] [plan] step=557 node=N44382 type=observe reward_pred=11045804.000000 sequence=423460520.256035
[iscas99__b22 gpu2] [plan iscas99__b22] [plan] step=558 node=N44383 type=observe reward_pred=11343482.000000 sequence=434804002.256035
[iscas99__b22 gpu2] [plan iscas99__b22] [plan] step=559 node=N44386 type=observe reward_pred=11649119.000000 sequence=446453121.256035
[iscas99__b17 gpu5] [plan iscas99__b17] [plan] step=474 node=N55938 type=observe reward_pred=1706400.000000 sequence=65106956.297063
[iscas99__b17 gpu5] [plan iscas99__b17] [plan] step=475 node=N55945 type=observe reward_pred=1752334.625000 sequence=66859290.922063
[iscas99__b17 gpu5] [plan iscas99__b17] [plan] step=476 node=N55850 type=observe reward_pred=1799507.000000 sequence=68658797.922063
[iscas99__b17 gpu5] [plan iscas99__b17] [plan] step=477 node=N55721 type=observe reward_pred=1847963.500000 sequence=70506761.422063
[iscas99__b17 gpu5] [plan iscas99__b17] [plan] step=478 node=N55968 type=observe reward_pred=1897708.000000 sequence=72404469.422063
[iscas99__b17 gpu5] [plan iscas99__b17] [plan] step=479 node=N55814 type=observe reward_pred=1948807.500000 sequence=74353276.922063
[iscas99__b17 gpu5] [plan iscas99__b17] [plan] step=480 node=N55809 type=observe reward_pred=2001267.375000 sequence=76354544.297063
[iscas99__b17 gpu5] [plan iscas99__b17] [plan] step=481 node=N54748 type=observe reward_pred=2055155.125000 sequence=78409699.422063
[iscas99__b17 gpu5] [plan iscas99__b17] [plan] step=482 node=N55666 type=observe reward_pred=2110478.750000 sequence=80520178.172063
[iscas99__b17 gpu5] [plan iscas99__b17] [plan] step=483 node=N55922 type=observe reward_pred=2167306.500000 sequence=82687484.672063
[iscas99__b17 gpu5] [plan iscas99__b17] [plan] step=484 node=N51190 type=observe reward_pred=2225662.250000 sequence=84913146.922063
[iscas99__b17 gpu5] [plan iscas99__b17] [plan] step=485 node=N55842 type=observe reward_pred=2285576.000000 sequence=87198722.922063
[iscas99__b17 gpu5] [plan iscas99__b17] [plan] step=486 node=N55654 type=observe reward_pred=2347106.000000 sequence=89545828.922063
[iscas99__b17 gpu5] [plan iscas99__b17] [plan] step=487 node=N54750 type=observe reward_pred=2410305.250000 sequence=91956134.172063
[iscas99__b17 gpu5] [plan iscas99__b17] [plan] step=488 node=N51193 type=observe reward_pred=2475203.500000 sequence=94431337.672063
[iscas99__b17 gpu5] [plan iscas99__b17] [plan] step=489 node=N55846 type=observe reward_pred=2541837.250000 sequence=96973174.922063
[iscas99__b17 gpu5] [plan iscas99__b17] [plan] step=490 node=N55967 type=observe reward_pred=2610279.000000 sequence=99583453.922063
[iscas99__b17 gpu5] [plan iscas99__b17] [plan] step=491 node=N38467 type=observe reward_pred=2680561.750000 sequence=102264015.672063
[iscas99__b17 gpu5] [plan iscas99__b17] [plan] step=492 node=N55716 type=observe reward_pred=2752736.250000 sequence=105016751.922063
[iscas99__b17 gpu5] [plan iscas99__b17] [plan] step=493 node=N55851 type=observe reward_pred=2826841.250000 sequence=107843593.172063
[iscas99__b17 gpu5] [plan iscas99__b17] [plan] step=494 node=N55672 type=observe reward_pred=2902944.750000 sequence=110746537.922063
[iscas99__b17 gpu5] [plan iscas99__b17] [plan] step=495 node=N55861 type=observe reward_pred=2981099.250000 sequence=113727637.172063
[iscas99__b17 gpu5] [plan iscas99__b17] [plan] step=496 node=N55691 type=observe reward_pred=3061359.250000 sequence=116788996.422063
[iscas99__b17 gpu5] [plan iscas99__b17] [plan] step=497 node=N55694 type=observe reward_pred=3143780.250000 sequence=119932776.672063
[iscas99__b17 gpu5] [plan iscas99__b17] [plan] step=498 node=N55698 type=observe reward_pred=3228421.500000 sequence=123161198.172063
[iscas99__b17 gpu5] [plan iscas99__b17] [plan] step=499 node=N55703 type=observe reward_pred=3315342.000000 sequence=126476540.172063
[iscas99__b17 gpu5] [plan iscas99__b17] [plan] step=500 node=N55708 type=observe reward_pred=3404603.000000 sequence=129881143.172063
[iscas99__b17 gpu5] [plan iscas99__b17] [plan] step=501 node=N55711 type=observe reward_pred=3496267.500000 sequence=133377410.672063
[iscas99__b17 gpu5] [plan iscas99__b17] [plan] step=502 node=N55715 type=observe reward_pred=3590400.750000 sequence=136967811.422063
[iscas99__b17 gpu5] [plan iscas99__b17] [plan] step=503 node=N55790 type=observe reward_pred=3687068.000000 sequence=140654879.422063
[iscas99__b17 gpu5] [plan iscas99__b17] [plan] step=504 node=N55796 type=observe reward_pred=3786338.750000 sequence=144441218.172063
[iscas99__b17 gpu5] [plan iscas99__b17] [plan] step=505 node=N55802 type=observe reward_pred=3888282.500000 sequence=148329500.672063
[iscas99__b17 gpu5] [plan iscas99__b17] [plan] step=506 node=N55960 type=observe reward_pred=3992976.000000 sequence=152322476.672063
[iscas99__b17 gpu5] [plan iscas99__b17] [plan] step=507 node=N55976 type=observe reward_pred=4100487.500000 sequence=156422964.172063
[iscas99__b17 gpu5] [plan iscas99__b17] [plan] step=508 node=N55808 type=observe reward_pred=4210887.000000 sequence=160633851.172063
[iscas99__b17 gpu5] [plan iscas99__b17] [plan] step=509 node=N55659 type=observe reward_pred=4324261.000000 sequence=164958112.172063
[iscas99__b17 gpu5] [plan iscas99__b17] [plan] step=510 node=N54779 type=observe reward_pred=4440688.000000 sequence=169398800.172063
[iscas99__b17 gpu5] [plan iscas99__b17] [plan] step=511 node=N55662 type=observe reward_pred=4560250.000000 sequence=173959050.172063
[iscas99__b17 gpu5] [plan iscas99__b17] [plan] step=512 node=N55677 type=observe reward_pred=4683031.500000 sequence=178642081.672063
[iscas99__b17 gpu5] [plan iscas99__b17] [plan] step=513 node=N55683 type=observe reward_pred=4809120.000000 sequence=183451201.672063
[iscas99__b17 gpu5] [plan iscas99__b17] [plan] step=514 node=N55699 type=observe reward_pred=4938606.500000 sequence=188389808.172063
[iscas99__b17 gpu5] [plan iscas99__b17] [plan] step=515 node=N51188 type=observe reward_pred=5071578.500000 sequence=193461386.672063
[iscas99__b17 gpu5] [plan iscas99__b17] [plan] step=516 node=N55791 type=observe reward_pred=5208130.500000 sequence=198669517.172063
[iscas99__b17 gpu5] [plan iscas99__b17] [plan] step=517 node=N51196 type=observe reward_pred=5348359.500000 sequence=204017876.672063
[iscas99__b17 gpu5] [plan iscas99__b17] [plan] step=518 node=N55803 type=observe reward_pred=5492363.500000 sequence=209510240.172063
[iscas99__b17 gpu5] [plan iscas99__b17] [plan] step=519 node=N55933 type=observe reward_pred=5640245.500000 sequence=215150485.672063
[iscas99__b17 gpu5] [plan iscas99__b17] [plan] step=520 node=N51197 type=observe reward_pred=5792108.500000 sequence=220942594.172063
[iscas99__b17 gpu5] [plan iscas99__b17] [plan] step=521 node=N55104 type=observe reward_pred=5948054.000000 sequence=226890648.172063
[iscas99__b17 gpu5] [plan iscas99__b17] [plan] step=522 node=N51200 type=observe reward_pred=6108206.500000 sequence=232998854.672063
[iscas99__b17 gpu5] [plan iscas99__b17] [plan] step=523 node=N55105 type=observe reward_pred=6272663.500000 sequence=239271518.172063
[iscas99__b17 gpu5] [plan iscas99__b17] [plan] step=524 node=N55947 type=observe reward_pred=6441550.000000 sequence=245713068.172063
[iscas99__b17 gpu5] [plan iscas99__b17] [plan] step=525 node=N55720 type=observe reward_pred=6614985.000000 sequence=252328053.172063
[iscas99__b17 gpu5] [plan iscas99__b17] [plan] step=526 node=N55725 type=observe reward_pred=6793090.000000 sequence=259121143.172063
[iscas99__b17 gpu5] [plan iscas99__b17] [plan] step=527 node=N55730 type=observe reward_pred=6975989.000000 sequence=266097132.172063
[iscas99__b17 gpu5] [plan iscas99__b17] [plan] step=528 node=N55826 type=observe reward_pred=7163813.500000 sequence=273260945.672063
[iscas99__b17 gpu5] [plan iscas99__b17] [plan] step=529 node=N55735 type=observe reward_pred=7356695.000000 sequence=280617640.672063
[iscas99__b17 gpu5] [plan iscas99__b17] [plan] step=530 node=N54776 type=observe reward_pred=7554769.000000 sequence=288172409.672063
[iscas99__b17 gpu5] [plan iscas99__b17] [plan] step=531 node=N54777 type=observe reward_pred=7758177.000000 sequence=295930586.672063
[iscas99__b17 gpu5] [plan iscas99__b17] [plan] step=532 node=N55740 type=observe reward_pred=7967059.000000 sequence=303897645.672063
[iscas99__b17 gpu5] [plan iscas99__b17] [plan] step=533 node=N55646 type=observe reward_pred=8181565.500000 sequence=312079211.172063
[iscas99__b17 gpu5] [plan iscas99__b17] [plan] step=534 node=N56147 type=observe reward_pred=8401848.000000 sequence=320481059.172063
[iscas99__b17 gpu5] [plan iscas99__b17] [plan] step=535 node=N55649 type=observe reward_pred=8628063.000000 sequence=329109122.172063
[iscas99__b17 gpu5] [plan iscas99__b17] [plan] step=536 node=N55780 type=observe reward_pred=8860369.000000 sequence=337969491.172063
[iscas99__b17 gpu5] [plan iscas99__b17] [plan] step=537 node=N55787 type=observe reward_pred=9098935.000000 sequence=347068426.172063
[iscas99__b17 gpu5] [plan iscas99__b17] [plan] step=538 node=N55667 type=observe reward_pred=9343922.000000 sequence=356412348.172063
[iscas99__b17 gpu5] [plan iscas99__b17] [plan] step=539 node=N54756 type=observe reward_pred=9595508.000000 sequence=366007856.172063
[iscas99__b17 gpu5] [plan iscas99__b17] [plan] step=540 node=N53017 type=observe reward_pred=9853866.000000 sequence=375861722.172063
[iscas99__b17 gpu5] [plan iscas99__b17] [plan] step=541 node=N54754 type=observe reward_pred=10119180.000000 sequence=385980902.172063
[iscas99__b17 gpu5] [plan iscas99__b17] [plan] step=542 node=N53021 type=observe reward_pred=10391638.000000 sequence=396372540.172063
[iscas99__b17 gpu5] [plan iscas99__b17] [plan] step=543 node=N52737 type=observe reward_pred=10671431.000000 sequence=407043971.172063
[iscas99__b17 gpu5] [plan iscas99__b17] [plan] step=544 node=N52741 type=observe reward_pred=10958758.000000 sequence=418002729.172063
[iscas99__b17 gpu5] [plan iscas99__b17] [plan] step=545 node=N55940 type=observe reward_pred=11253820.000000 sequence=429256549.172063
[iscas99__b17 gpu5] [plan iscas99__b17] [plan] step=546 node=N51717 type=observe reward_pred=11556828.000000 sequence=440813377.172063
[iscas99__b17 gpu5] [plan iscas99__b17] [plan] step=547 node=N55954 type=observe reward_pred=11867994.000000 sequence=452681371.172063
[iscas99__b17 gpu5] [plan iscas99__b17] [plan] step=548 node=N51721 type=observe reward_pred=12187538.000000 sequence=464868909.172063
[iscas99__b17 gpu5] [plan iscas99__b17] [plan] step=549 node=N54758 type=observe reward_pred=12515686.000000 sequence=477384595.172063
[iscas99__b17 gpu5] [plan iscas99__b17] [plan] step=550 node=N51204 type=observe reward_pred=12852668.000000 sequence=490237263.172063
[iscas99__b17 gpu5] [plan iscas99__b17] [plan] step=551 node=N53023 type=observe reward_pred=13198724.000000 sequence=503435987.172063
[iscas99__b17 gpu5] [plan iscas99__b17] [plan] step=552 node=N53015 type=observe reward_pred=13554099.000000 sequence=516990086.172063
[iscas99__b17 gpu5] [plan iscas99__b17] [plan] step=553 node=N55903 type=observe reward_pred=13919035.000000 sequence=530909121.172063
[iscas99__b17 gpu5] [plan iscas99__b17] [plan] step=554 node=N55680 type=observe reward_pred=14293804.000000 sequence=545202925.172063
[iscas99__b17 gpu5] [plan iscas99__b17] [plan] step=555 node=N54760 type=observe reward_pred=14678662.000000 sequence=559881587.172063
[iscas99__b17 gpu5] [plan iscas99__b17] [plan] step=556 node=N53025 type=observe reward_pred=15073885.000000 sequence=574955472.172063
[iscas99__b17 gpu5] [plan iscas99__b17] [plan] step=557 node=N52743 type=observe reward_pred=15479746.000000 sequence=590435218.172063
[iscas99__b17 gpu5] [plan iscas99__b17] [plan] step=558 node=N51201 type=observe reward_pred=15896536.000000 sequence=606331754.172063
[iscas99__b17 gpu5] [plan iscas99__b17] [plan] step=559 node=N52735 type=observe reward_pred=16324549.000000 sequence=622656303.172063
[iscas99__b17 gpu5] [plan iscas99__b17] [plan] step=560 node=N52745 type=observe reward_pred=16764084.000000 sequence=639420387.172063
[iscas99__b17 gpu5] [plan iscas99__b17] [plan] step=561 node=N53027 type=observe reward_pred=17215456.000000 sequence=656635843.172063
[openabcd__mem_ctrl_orig gpu6] [plan openabcd__mem_ctrl_orig] [plan] step=384 node=N102995 type=observe reward_pred=187039.781250 sequence=7129570.128257
[openabcd__mem_ctrl_orig gpu6] [plan openabcd__mem_ctrl_orig] [plan] step=385 node=N16182 type=observe reward_pred=192076.156250 sequence=7321646.284507
[openabcd__mem_ctrl_orig gpu6] [plan openabcd__mem_ctrl_orig] [plan] step=386 node=N23487 type=observe reward_pred=197248.109375 sequence=7518894.393882
[openabcd__mem_ctrl_orig gpu6] [plan openabcd__mem_ctrl_orig] [plan] step=387 node=N92953 type=observe reward_pred=202559.218750 sequence=7721453.612632
[openabcd__mem_ctrl_orig gpu6] [plan openabcd__mem_ctrl_orig] [plan] step=388 node=N95182 type=observe reward_pred=208013.312500 sequence=7929466.925132
[openabcd__mem_ctrl_orig gpu6] [plan openabcd__mem_ctrl_orig] [plan] step=389 node=N66756 type=observe reward_pred=213614.812500 sequence=8143081.737632
[openabcd__mem_ctrl_orig gpu6] [plan openabcd__mem_ctrl_orig] [plan] step=390 node=N18383 type=observe reward_pred=219366.437500 sequence=8362448.175132
[openabcd__mem_ctrl_orig gpu6] [plan openabcd__mem_ctrl_orig] [plan] step=391 node=N16586 type=observe reward_pred=225273.031250 sequence=8587721.206382
[openabcd__mem_ctrl_orig gpu6] [plan openabcd__mem_ctrl_orig] [plan] step=392 node=N91489 type=control0 reward_pred=231338.687500 sequence=8819059.893882
[openabcd__mem_ctrl_orig gpu6] [plan openabcd__mem_ctrl_orig] [plan] step=393 node=N2344 type=observe reward_pred=237568.156250 sequence=9056628.050132
[openabcd__mem_ctrl_orig gpu6] [plan openabcd__mem_ctrl_orig] [plan] step=394 node=N18431 type=observe reward_pred=243964.906250 sequence=9300592.956382
[openabcd__mem_ctrl_orig gpu6] [plan openabcd__mem_ctrl_orig] [plan] step=395 node=N15620 type=observe reward_pred=250533.750000 sequence=9551126.706382
[openabcd__mem_ctrl_orig gpu6] [plan openabcd__mem_ctrl_orig] [plan] step=396 node=N100363 type=observe reward_pred=257279.515625 sequence=9808406.222007
[openabcd__mem_ctrl_orig gpu6] [plan openabcd__mem_ctrl_orig] [plan] step=397 node=N101571 type=observe reward_pred=264207.250000 sequence=10072613.472007
[openabcd__mem_ctrl_orig gpu6] [plan openabcd__mem_ctrl_orig] [plan] step=398 node=N3403 type=observe reward_pred=271321.281250 sequence=10343934.753257
[openabcd__mem_ctrl_orig gpu6] [plan openabcd__mem_ctrl_orig] [plan] step=399 node=N15627 type=observe reward_pred=278627.187500 sequence=10622561.940757
[openabcd__mem_ctrl_orig gpu6] [plan openabcd__mem_ctrl_orig] [plan] step=400 node=N100385 type=observe reward_pred=286129.250000 sequence=10908691.190757
[openabcd__mem_ctrl_orig gpu6] [plan openabcd__mem_ctrl_orig] [plan] step=401 node=N12637 type=observe reward_pred=293833.937500 sequence=11202525.128257
[openabcd__mem_ctrl_orig gpu6] [plan openabcd__mem_ctrl_orig] [plan] step=402 node=N94795 type=control0 reward_pred=301745.375000 sequence=11504270.503257
[openabcd__mem_ctrl_orig gpu6] [plan openabcd__mem_ctrl_orig] [plan] step=403 node=N8518 type=observe reward_pred=309870.125000 sequence=11814140.628257
[openabcd__mem_ctrl_orig gpu6] [plan openabcd__mem_ctrl_orig] [plan] step=404 node=N17962 type=observe reward_pred=318213.437500 sequence=12132354.065757
[openabcd__mem_ctrl_orig gpu6] [plan openabcd__mem_ctrl_orig] [plan] step=405 node=N95181 type=observe reward_pred=326781.500000 sequence=12459135.565757
[openabcd__mem_ctrl_orig gpu6] [plan openabcd__mem_ctrl_orig] [plan] step=406 node=N103460 type=observe reward_pred=335580.218750 sequence=12794715.784507
[openabcd__mem_ctrl_orig gpu6] [plan openabcd__mem_ctrl_orig] [plan] step=407 node=N2848 type=observe reward_pred=344616.031250 sequence=13139331.815757
[openabcd__mem_ctrl_orig gpu6] [plan openabcd__mem_ctrl_orig] [plan] step=408 node=N12562 type=observe reward_pred=353894.937500 sequence=13493226.753257
[openabcd__mem_ctrl_orig gpu6] [plan openabcd__mem_ctrl_orig] [plan] step=409 node=N2067 type=observe reward_pred=363423.781250 sequence=13856650.534507
[openabcd__mem_ctrl_orig gpu6] [plan openabcd__mem_ctrl_orig] [plan] step=410 node=N14389 type=observe reward_pred=373209.187500 sequence=14229859.722007
[openabcd__mem_ctrl_orig gpu6] [plan openabcd__mem_ctrl_orig] [plan] step=411 node=N3400 type=observe reward_pred=383258.031250 sequence=14613117.753257
[openabcd__mem_ctrl_orig gpu6] [plan openabcd__mem_ctrl_orig] [plan] step=412 node=N12551 type=observe reward_pred=393578.000000 sequence=15006695.753257
[openabcd__mem_ctrl_orig gpu6] [plan openabcd__mem_ctrl_orig] [plan] step=413 node=N17890 type=observe reward_pred=404175.156250 sequence=15410870.909507
[openabcd__mem_ctrl_orig gpu6] [plan openabcd__mem_ctrl_orig] [plan] step=414 node=N92947 type=observe reward_pred=415057.656250 sequence=15825928.565757
[openabcd__mem_ctrl_orig gpu6] [plan openabcd__mem_ctrl_orig] [plan] step=415 node=N17877 type=observe reward_pred=426233.812500 sequence=16252162.378257
[openabcd__mem_ctrl_orig gpu6] [plan openabcd__mem_ctrl_orig] [plan] step=416 node=N96347 type=observe reward_pred=437710.156250 sequence=16689872.534507
[openabcd__mem_ctrl_orig gpu6] [plan openabcd__mem_ctrl_orig] [plan] step=417 node=N17891 type=observe reward_pred=449495.937500 sequence=17139368.472007
[openabcd__mem_ctrl_orig gpu6] [plan openabcd__mem_ctrl_orig] [plan] step=418 node=N12776 type=observe reward_pred=461599.125000 sequence=17600967.597007
[openabcd__mem_ctrl_orig gpu6] [plan openabcd__mem_ctrl_orig] [plan] step=419 node=N18447 type=observe reward_pred=474027.656250 sequence=18074995.253257
[openabcd__mem_ctrl_orig gpu6] [plan openabcd__mem_ctrl_orig] [plan] step=420 node=N99944 type=observe reward_pred=486791.000000 sequence=18561786.253257
[openabcd__mem_ctrl_orig gpu6] [plan openabcd__mem_ctrl_orig] [plan] step=421 node=N2364 type=observe reward_pred=499897.968750 sequence=19061684.222007
[openabcd__mem_ctrl_orig gpu6] [plan openabcd__mem_ctrl_orig] [plan] step=422 node=N14149 type=observe reward_pred=513357.937500 sequence=19575042.159507
[openabcd__mem_ctrl_orig gpu6] [plan openabcd__mem_ctrl_orig] [plan] step=423 node=N2901 type=control0 reward_pred=527180.125000 sequence=20102222.284507
[openabcd__mem_ctrl_orig gpu6] [plan openabcd__mem_ctrl_orig] [plan] step=424 node=N14540 type=observe reward_pred=541374.750000 sequence=20643597.034507
[openabcd__mem_ctrl_orig gpu6] [plan openabcd__mem_ctrl_orig] [plan] step=425 node=N56628 type=observe reward_pred=555951.500000 sequence=21199548.534507
[openabcd__mem_ctrl_orig gpu6] [plan openabcd__mem_ctrl_orig] [plan] step=426 node=N93191 type=observe reward_pred=570920.812500 sequence=21770469.347007
[openabcd__mem_ctrl_orig gpu6] [plan openabcd__mem_ctrl_orig] [plan] step=427 node=N100386 type=observe reward_pred=586292.937500 sequence=22356762.284507
[openabcd__mem_ctrl_orig gpu6] [plan openabcd__mem_ctrl_orig] [plan] step=428 node=N67825 type=observe reward_pred=602079.437500 sequence=22958841.722007
[openabcd__mem_ctrl_orig gpu6] [plan openabcd__mem_ctrl_orig] [plan] step=429 node=N20691 type=observe reward_pred=618290.500000 sequence=23577132.222007
[openabcd__mem_ctrl_orig gpu6] [plan openabcd__mem_ctrl_orig] [plan] step=430 node=N16186 type=observe reward_pred=634938.187500 sequence=24212070.409507
[openabcd__mem_ctrl_orig gpu6] [plan openabcd__mem_ctrl_orig] [plan] step=431 node=N15765 type=observe reward_pred=652034.062500 sequence=24864104.472007
[openabcd__mem_ctrl_orig gpu6] [plan openabcd__mem_ctrl_orig] [plan] step=432 node=N2439 type=observe reward_pred=669590.187500 sequence=25533694.659507
[openabcd__mem_ctrl_orig gpu6] [plan openabcd__mem_ctrl_orig] [plan] step=433 node=N99806 type=observe reward_pred=687618.937500 sequence=26221313.597007
[openabcd__mem_ctrl_orig gpu6] [plan openabcd__mem_ctrl_orig] [plan] step=434 node=N11436 type=observe reward_pred=706133.625000 sequence=26927447.222007
[openabcd__mem_ctrl_orig gpu6] [plan openabcd__mem_ctrl_orig] [plan] step=435 node=N17964 type=observe reward_pred=725146.750000 sequence=27652593.972007
[openabcd__mem_ctrl_orig gpu6] [plan openabcd__mem_ctrl_orig] [plan] step=436 node=N20011 type=observe reward_pred=744671.625000 sequence=28397265.597007
[openabcd__mem_ctrl_orig gpu6] [plan openabcd__mem_ctrl_orig] [plan] step=437 node=N103461 type=observe reward_pred=764721.750000 sequence=29161987.347007
[openabcd__mem_ctrl_orig gpu6] [plan openabcd__mem_ctrl_orig] [plan] step=438 node=N2140 type=control0 reward_pred=785311.812500 sequence=29947299.159507
[openabcd__mem_ctrl_orig gpu6] [plan openabcd__mem_ctrl_orig] [plan] step=439 node=N3354 type=observe reward_pred=806456.500000 sequence=30753755.659507
[openabcd__mem_ctrl_orig gpu6] [plan openabcd__mem_ctrl_orig] [plan] step=440 node=N101676 type=observe reward_pred=828170.312500 sequence=31581925.972007
[openabcd__mem_ctrl_orig gpu6] [plan openabcd__mem_ctrl_orig] [plan] step=441 node=N13349 type=observe reward_pred=850468.937500 sequence=32432394.909507
[openabcd__mem_ctrl_orig gpu6] [plan openabcd__mem_ctrl_orig] [plan] step=442 node=N92731 type=control0 reward_pred=873367.937500 sequence=33305762.847007
[openabcd__mem_ctrl_orig gpu6] [plan openabcd__mem_ctrl_orig] [plan] step=443 node=N74867 type=control1 reward_pred=896883.375000 sequence=34202646.222007
[openabcd__mem_ctrl_orig gpu6] [plan openabcd__mem_ctrl_orig] [plan] step=444 node=N2182 type=control1 reward_pred=921032.125000 sequence=35123678.347007
[openabcd__mem_ctrl_orig gpu6] [plan openabcd__mem_ctrl_orig] [plan] step=445 node=N2011 type=control0 reward_pred=945831.000000 sequence=36069509.347007
[openabcd__mem_ctrl_orig gpu6] [plan openabcd__mem_ctrl_orig] [plan] step=446 node=N18430 type=observe reward_pred=971298.000000 sequence=37040807.347007
[openabcd__mem_ctrl_orig gpu6] [plan openabcd__mem_ctrl_orig] [plan] step=447 node=N23505 type=observe reward_pred=997450.125000 sequence=38038257.472007
[openabcd__mem_ctrl_orig gpu6] [plan openabcd__mem_ctrl_orig] [plan] step=448 node=N2879 type=control1 reward_pred=1024306.375000 sequence=39062563.847007
[openabcd__mem_ctrl_orig gpu6] [plan openabcd__mem_ctrl_orig] [plan] step=449 node=N2013 type=control1 reward_pred=1051886.250000 sequence=40114450.097007
[openabcd__mem_ctrl_orig gpu6] [plan openabcd__mem_ctrl_orig] [plan] step=450 node=N3616 type=observe reward_pred=1080208.125000 sequence=41194658.222007
[openabcd__mem_ctrl_orig gpu6] [plan openabcd__mem_ctrl_orig] [plan] step=451 node=N74867 type=control0 reward_pred=1109292.875000 sequence=42303951.097007
[openabcd__mem_ctrl_orig gpu6] [plan openabcd__mem_ctrl_orig] [plan] step=452 node=N2802 type=control1 reward_pred=1139160.375000 sequence=43443111.472007
[openabcd__mem_ctrl_orig gpu6] [plan openabcd__mem_ctrl_orig] [plan] step=453 node=N100364 type=observe reward_pred=1169832.375000 sequence=44612943.847007
[openabcd__mem_ctrl_orig gpu6] [plan openabcd__mem_ctrl_orig] [plan] step=454 node=N14255 type=control0 reward_pred=1201330.125000 sequence=45814273.972007
[openabcd__mem_ctrl_orig gpu6] [plan openabcd__mem_ctrl_orig] [plan] step=455 node=N2003 type=control1 reward_pred=1233676.125000 sequence=47047950.097007
[openabcd__mem_ctrl_orig gpu6] [plan openabcd__mem_ctrl_orig] [plan] step=456 node=N14382 type=observe reward_pred=1266893.125000 sequence=48314843.222007
[openabcd__mem_ctrl_orig gpu6] [plan openabcd__mem_ctrl_orig] [plan] step=457 node=N2001 type=control0 reward_pred=1301004.250000 sequence=49615847.472007
[openabcd__mem_ctrl_orig gpu6] [plan openabcd__mem_ctrl_orig] [plan] step=458 node=N2882 type=control0 reward_pred=1336033.625000 sequence=50951881.097007
[openabcd__mem_ctrl_orig gpu6] [plan openabcd__mem_ctrl_orig] [plan] step=459 node=N93193 type=observe reward_pred=1372006.375000 sequence=52323887.472007
[openabcd__mem_ctrl_orig gpu6] [plan openabcd__mem_ctrl_orig] [plan] step=460 node=N15641 type=observe reward_pred=1408947.375000 sequence=53732834.847007
[openabcd__mem_ctrl_orig gpu6] [plan openabcd__mem_ctrl_orig] [plan] step=461 node=N12792 type=observe reward_pred=1446883.500000 sequence=55179718.347007
[openabcd__mem_ctrl_orig gpu6] [plan openabcd__mem_ctrl_orig] [plan] step=462 node=N2326 type=observe reward_pred=1485840.625000 sequence=56665558.972007
[openabcd__mem_ctrl_orig gpu6] [plan openabcd__mem_ctrl_orig] [plan] step=463 node=N14424 type=observe reward_pred=1525846.750000 sequence=58191405.722007
[openabcd__mem_ctrl_orig gpu6] [plan openabcd__mem_ctrl_orig] [plan] step=464 node=N13366 type=observe reward_pred=1566930.125000 sequence=59758335.847007
[openabcd__mem_ctrl_orig gpu6] [plan openabcd__mem_ctrl_orig] [plan] step=465 node=N92955 type=observe reward_pred=1609119.625000 sequence=61367455.472007
[openabcd__mem_ctrl_orig gpu6] [plan openabcd__mem_ctrl_orig] [plan] step=466 node=N93194 type=observe reward_pred=1652445.000000 sequence=63019900.472007
[openabcd__mem_ctrl_orig gpu6] [plan openabcd__mem_ctrl_orig] [plan] step=467 node=N16183 type=observe reward_pred=1696937.125000 sequence=64716837.597007
[openabcd__mem_ctrl_orig gpu6] [plan openabcd__mem_ctrl_orig] [plan] step=468 node=N92949 type=observe reward_pred=1742627.125000 sequence=66459464.722007
[openabcd__mem_ctrl_orig gpu6] [plan openabcd__mem_ctrl_orig] [plan] step=469 node=N92951 type=observe reward_pred=1789547.250000 sequence=68249011.972007
[openabcd__mem_ctrl_orig gpu6] [plan openabcd__mem_ctrl_orig] [plan] step=470 node=N2836 type=observe reward_pred=1837730.625000 sequence=70086742.597007
[openabcd__mem_ctrl_orig gpu6] [plan openabcd__mem_ctrl_orig] [plan] step=471 node=N91641 type=control0 reward_pred=1887211.375000 sequence=71973953.972007
[openabcd__mem_ctrl_orig gpu6] [plan openabcd__mem_ctrl_orig] [plan] step=472 node=N104193 type=observe reward_pred=1938024.625000 sequence=73911978.597007
[iscas99__b22 gpu2] [plan iscas99__b22] [plan] step=560 node=N44388 type=observe reward_pred=11962934.000000 sequence=458416055.256035
[iscas99__b22 gpu2] [plan iscas99__b22] [plan] step=561 node=N44371 type=observe reward_pred=12285168.000000 sequence=470701223.256035
[iscas99__b22 gpu2] [plan iscas99__b22] [plan] step=562 node=N44374 type=observe reward_pred=12616047.000000 sequence=483317270.256035
[iscas99__b22 gpu2] [plan iscas99__b22] [plan] step=563 node=N44379 type=observe reward_pred=12955812.000000 sequence=496273082.256035
[iscas99__b22 gpu2] [plan iscas99__b22] [plan] step=564 node=N44380 type=observe reward_pred=13304708.000000 sequence=509577790.256035
[iscas99__b22 gpu2] [plan iscas99__b22] [plan] step=565 node=N44385 type=observe reward_pred=13662986.000000 sequence=523240776.256035
[iscas99__b22 gpu2] [plan iscas99__b22] [plan] step=566 node=N1204 type=control1 reward_pred=13985398.000000 sequence=537226174.256035
[iscas99__b22 gpu2] [plan iscas99__b22] [plan] step=567 node=N1170 type=control1 reward_pred=14375091.000000 sequence=551601265.256035
[iscas99__b22 gpu2] [plan iscas99__b22] [plan] step=568 node=N44399 type=observe reward_pred=14703738.000000 sequence=566305003.256035
[iscas99__b22 gpu2] [plan iscas99__b22] [plan] step=569 node=N24507 type=observe reward_pred=15054045.000000 sequence=581359048.256035
[iscas99__b22 gpu2] [plan iscas99__b22] [plan] step=570 node=N21652 type=observe reward_pred=15483332.000000 sequence=596842380.256035
[iscas99__b22 gpu2] [plan iscas99__b22] [plan] step=571 node=N7661 type=observe reward_pred=15908452.000000 sequence=612750832.256035
[iscas99__b22 gpu2] [plan iscas99__b22] [plan] step=572 node=N7708 type=observe reward_pred=16341642.000000 sequence=629092474.256035
[iscas99__b22 gpu2] [plan iscas99__b22] [plan] step=573 node=N8094 type=observe reward_pred=16784920.000000 sequence=645877394.256035
[iscas99__b22 gpu2] [plan iscas99__b22] [plan] step=574 node=N28342 type=observe reward_pred=17239236.000000 sequence=663116630.256035
[iscas99__b22 gpu2] [plan iscas99__b22] [plan] step=575 node=N7658 type=observe reward_pred=17705116.000000 sequence=680821746.256035
[iscas99__b22 gpu2] [plan iscas99__b22] [plan] step=576 node=N7676 type=observe reward_pred=18183018.000000 sequence=699004764.256035
[iscas99__b22 gpu2] [plan iscas99__b22] [plan] step=577 node=N24156 type=observe reward_pred=18673446.000000 sequence=717678210.256035
[iscas99__b22 gpu2] [plan iscas99__b22] [plan] step=578 node=N44387 type=observe reward_pred=19096984.000000 sequence=736775194.256035
[iscas99__b22 gpu2] [plan iscas99__b22] [plan] step=579 node=N30717 type=observe reward_pred=19634506.000000 sequence=756409700.256035
[iscas99__b22 gpu2] [plan iscas99__b22] [plan] step=580 node=N1593 type=control1 reward_pred=20169728.000000 sequence=776579428.256035
[iscas99__b22 gpu2] [plan iscas99__b22] [plan] step=581 node=N14405 type=observe reward_pred=20715922.000000 sequence=797295350.256035
[iscas99__b22 gpu2] [plan iscas99__b22] [plan] step=582 node=N18385 type=observe reward_pred=21145400.000000 sequence=818440750.256035
[iscas99__b22 gpu2] [plan iscas99__b22] [plan] step=583 node=N11311 type=observe reward_pred=21752690.000000 sequence=840193440.256035
[iscas99__b22 gpu2] [plan iscas99__b22] [plan] step=584 node=N33580 type=observe reward_pred=22233404.000000 sequence=862426844.256035
[iscas99__b22 gpu2] [plan iscas99__b22] [plan] step=585 node=N44393 type=observe reward_pred=22757864.000000 sequence=885184708.256035
[iscas99__b22 gpu2] [plan iscas99__b22] [plan] step=586 node=N36387 type=control1 reward_pred=23413650.000000 sequence=908598358.256035
[iscas99__b22 gpu2] [plan iscas99__b22] [plan] step=587 node=N14432 type=observe reward_pred=23956006.000000 sequence=932554364.256035
[iscas99__b22 gpu2] [plan iscas99__b22] [plan] step=588 node=N14462 type=observe reward_pred=24638610.000000 sequence=957192974.256035
[iscas99__b22 gpu2] [plan iscas99__b22] [plan] step=589 node=N30498 type=observe reward_pred=25316026.000000 sequence=982509000.256035
[iscas99__b22 gpu2] [plan iscas99__b22] [plan] step=590 node=N30507 type=observe reward_pred=26006198.000000 sequence=1008515198.256035
[iscas99__b22 gpu2] [plan iscas99__b22] [plan] step=591 node=N62283 type=control1 reward_pred=26712358.000000 sequence=1035227556.256035
[iscas99__b22 gpu2] [plan iscas99__b22] [plan] step=592 node=N44375 type=observe reward_pred=27308754.000000 sequence=1062536310.256035
[iscas99__b22 gpu2] [plan iscas99__b22] [plan] step=593 node=N4546 type=observe reward_pred=27945264.000000 sequence=1090481574.256035
[iscas99__b22 gpu2] [plan iscas99__b22] [plan] step=594 node=N9317 type=observe reward_pred=28580864.000000 sequence=1119062438.256035
[iscas99__b22 gpu2] [plan iscas99__b22] [plan] step=595 node=N8106 type=observe reward_pred=29414282.000000 sequence=1148476720.256035
[iscas99__b22 gpu2] [plan iscas99__b22] [plan] step=596 node=N3076 type=observe reward_pred=30226502.000000 sequence=1178703222.256035
[iscas99__b22 gpu2] [plan iscas99__b22] [plan] step=597 node=N6279 type=observe reward_pred=31054492.000000 sequence=1209757714.256035
[iscas99__b22 gpu2] [plan iscas99__b22] [plan] step=598 node=N1243 type=observe reward_pred=31900496.000000 sequence=1241658210.256035
[iscas99__b22 gpu2] [plan iscas99__b22] [plan] step=599 node=N1272 type=observe reward_pred=32766042.000000 sequence=1274424252.256035
[iscas99__b22 gpu2] [plan iscas99__b22] [plan] step=600 node=N14438 type=observe reward_pred=33462796.000000 sequence=1307887048.256035
[iscas99__b22 gpu2] [plan iscas99__b22] [plan] step=601 node=N44396 type=observe reward_pred=34150624.000000 sequence=1342037672.256035
[iscas99__b22 gpu2] [plan iscas99__b22] [plan] step=602 node=N4604 type=observe reward_pred=34924096.000000 sequence=1376961768.256035
[iscas99__b22 gpu2] [plan iscas99__b22] [plan] step=603 node=N14334 type=observe reward_pred=35963420.000000 sequence=1412925188.256035
[iscas99__b22 gpu2] [plan iscas99__b22] [plan] step=604 node=N19276 type=observe reward_pred=36967488.000000 sequence=1449892676.256035
[iscas99__b22 gpu2] [plan iscas99__b22] [plan] step=605 node=N28824 type=observe reward_pred=37983512.000000 sequence=1487876188.256035
[iscas99__b22 gpu2] [plan iscas99__b22] [plan] step=606 node=N8126 type=observe reward_pred=39021296.000000 sequence=1526897484.256035
[iscas99__b22 gpu2] [plan iscas99__b22] [plan] step=607 node=N25533 type=observe reward_pred=40081376.000000 sequence=1566978860.256035
[iscas99__b22 gpu2] [plan iscas99__b22] [plan] step=608 node=N23098 type=observe reward_pred=41167312.000000 sequence=1608146172.256035
[iscas99__b22 gpu2] [plan iscas99__b22] [plan] step=609 node=N22625 type=observe reward_pred=42280784.000000 sequence=1650426956.256035
[iscas99__b22 gpu2] [plan iscas99__b22] [plan] step=610 node=N14510 type=observe reward_pred=43422972.000000 sequence=1693849928.256035
[iscas99__b22 gpu2] [plan iscas99__b22] [plan] step=611 node=N19528 type=observe reward_pred=44595004.000000 sequence=1738444932.256035
[iscas99__b22 gpu2] [plan iscas99__b22] [plan] step=612 node=N23571 type=observe reward_pred=45797868.000000 sequence=1784242800.256035
[iscas99__b22 gpu2] [plan iscas99__b22] [plan] step=613 node=N7663 type=observe reward_pred=47032496.000000 sequence=1831275296.256035
[iscas99__b22 gpu2] [plan iscas99__b22] [plan] step=614 node=N7704 type=observe reward_pred=48299992.000000 sequence=1879575288.256035
[iscas99__b22 gpu2] [plan iscas99__b22] [plan] step=615 node=N12965 type=observe reward_pred=49601324.000000 sequence=1929176612.256035
[iscas99__b22 gpu2] [plan iscas99__b22] [plan] step=616 node=N24506 type=observe reward_pred=50937472.000000 sequence=1980114084.256035
[iscas99__b22 gpu2] [plan iscas99__b22] [plan] step=617 node=N4599 type=observe reward_pred=51949264.000000 sequence=2032063348.256035
[iscas99__b22 gpu2] [plan iscas99__b22] [plan] step=618 node=N28827 type=observe reward_pred=53454452.000000 sequence=2085517800.256035
[iscas99__b22 gpu2] [plan iscas99__b22] [plan] step=619 node=N25536 type=observe reward_pred=54924008.000000 sequence=2140441808.256035
[iscas99__b22 gpu2] [plan iscas99__b22] [plan] step=620 node=N28104 type=observe reward_pred=56416276.000000 sequence=2196858084.256035
[iscas99__b22 gpu2] [plan iscas99__b22] [plan] step=621 node=N7647 type=observe reward_pred=57943820.000000 sequence=2254801904.256035
[iscas99__b22 gpu2] [plan iscas99__b22] [plan] step=622 node=N26014 type=observe reward_pred=59510288.000000 sequence=2314312192.256035
[iscas99__b22 gpu2] [plan iscas99__b22] [plan] step=623 node=N1997 type=observe reward_pred=60708940.000000 sequence=2375021132.256035
[iscas99__b22 gpu2] [plan iscas99__b22] [plan] step=624 node=N1297 type=observe reward_pred=61819684.000000 sequence=2436840816.256035
[iscas99__b22 gpu2] [plan iscas99__b22] [plan] step=625 node=N24509 type=observe reward_pred=63710568.000000 sequence=2500551384.256035
[iscas99__b22 gpu2] [plan iscas99__b22] [plan] step=626 node=N14427 type=observe reward_pred=65493224.000000 sequence=2566044608.256035
[iscas99__b22 gpu2] [plan iscas99__b22] [plan] step=627 node=N18549 type=observe reward_pred=67293680.000000 sequence=2633338288.256035
[iscas99__b22 gpu2] [plan iscas99__b22] [plan] step=628 node=N7655 type=observe reward_pred=69130616.000000 sequence=2702468904.256035
[iscas99__b22 gpu2] [plan iscas99__b22] [plan] step=629 node=N18384 type=observe reward_pred=71006968.000000 sequence=2773475872.256035
[iscas99__b22 gpu2] [plan iscas99__b22] [plan] step=630 node=N18378 type=observe reward_pred=72931376.000000 sequence=2846407248.256035
[iscas99__b22 gpu2] [plan iscas99__b22] [plan] step=631 node=N18379 type=observe reward_pred=74904384.000000 sequence=2921311632.256035
[iscas99__b22 gpu2] [plan iscas99__b22] [plan] step=632 node=N18381 type=observe reward_pred=76928584.000000 sequence=2998240216.256035
[iscas99__b22 gpu2] [plan iscas99__b22] [plan] step=633 node=N24040 type=observe reward_pred=79005712.000000 sequence=3077245928.256035
[iscas99__b22 gpu2] [plan iscas99__b22] [plan] step=634 node=N24044 type=observe reward_pred=81137568.000000 sequence=3158383496.256035
[iscas99__b22 gpu2] [plan iscas99__b22] [plan] step=635 node=N1295 type=observe reward_pred=82508888.000000 sequence=3240892384.256035
[iscas99__b22 gpu2] [plan iscas99__b22] [plan] step=636 node=N1266 type=observe reward_pred=84233168.000000 sequence=3325125552.256035
[iscas99__b22 gpu2] [plan iscas99__b22] [plan] step=637 node=N1199 type=observe reward_pred=86095272.000000 sequence=3411220824.256035
[iscas99__b22 gpu2] [plan iscas99__b22] [plan] step=638 node=N1264 type=observe reward_pred=88033656.000000 sequence=3499254480.256035
[iscas99__b22 gpu2] [plan iscas99__b22] [plan] step=639 node=N1268 type=observe reward_pred=89945336.000000 sequence=3589199816.256035
[iscas99__b22 gpu2] [plan iscas99__b22] [plan] step=640 node=N44390 type=observe reward_pred=91966600.000000 sequence=3681166416.256035
[iscas99__b22 gpu2] [plan iscas99__b22] [plan] step=641 node=N3692 type=control0 reward_pred=93960304.000000 sequence=3775126720.256035
[iscas99__b22 gpu2] [plan iscas99__b22] [plan] step=642 node=N14435 type=observe reward_pred=95948976.000000 sequence=3871075696.256035
[iscas99__b22 gpu2] [plan iscas99__b22] [plan] step=643 node=N34738 type=observe reward_pred=98110128.000000 sequence=3969185824.256035
[iscas99__b22 gpu2] [plan iscas99__b22] [plan] step=644 node=N33627 type=observe reward_pred=100383680.000000 sequence=4069569504.256035
[iscas99__b22 gpu2] [plan iscas99__b22] [plan] step=645 node=N34024 type=observe reward_pred=103488056.000000 sequence=4173057560.256035
[iscas99__b20 gpu1] [plan iscas99__b20] [plan] step=381 node=N9706 type=observe reward_pred=151160.578125 sequence=5822604.362302
[iscas99__b20 gpu1] [plan iscas99__b20] [plan] step=382 node=N11440 type=observe reward_pred=155231.312500 sequence=5977835.674802
[iscas99__b20 gpu1] [plan iscas99__b20] [plan] step=383 node=N11909 type=observe reward_pred=159411.656250 sequence=6137247.331052
[iscas99__b20 gpu1] [plan iscas99__b20] [plan] step=384 node=N11913 type=observe reward_pred=163704.578125 sequence=6300951.909177
[iscas99__b20 gpu1] [plan iscas99__b20] [plan] step=385 node=N16248 type=observe reward_pred=168113.031250 sequence=6469064.940427
[iscas99__b20 gpu1] [plan iscas99__b20] [plan] step=386 node=N9697 type=observe reward_pred=172640.234375 sequence=6641705.174802
[iscas99__b20 gpu1] [plan iscas99__b20] [plan] step=387 node=N11904 type=observe reward_pred=177289.296875 sequence=6818994.471677
[iscas99__b20 gpu1] [plan iscas99__b20] [plan] step=388 node=N14737 type=observe reward_pred=182063.546875 sequence=7001058.018552
[iscas99__b20 gpu1] [plan iscas99__b20] [plan] step=389 node=N9701 type=observe reward_pred=186966.312500 sequence=7188024.331052
[iscas99__b20 gpu1] [plan iscas99__b20] [plan] step=390 node=N11908 type=observe reward_pred=192001.140625 sequence=7380025.471677
[iscas99__b20 gpu1] [plan iscas99__b20] [plan] step=391 node=N14732 type=observe reward_pred=197171.500000 sequence=7577196.971677
[iscas99__b20 gpu1] [plan iscas99__b20] [plan] step=392 node=N19069 type=observe reward_pred=202481.062500 sequence=7779678.034177
[iscas99__b20 gpu1] [plan iscas99__b20] [plan] step=393 node=N14733 type=observe reward_pred=207933.593750 sequence=7987611.627927
[iscas99__b20 gpu1] [plan iscas99__b20] [plan] step=394 node=N15761 type=observe reward_pred=213532.937500 sequence=8201144.565427
[iscas99__b20 gpu1] [plan iscas99__b20] [plan] step=395 node=N8907 type=observe reward_pred=219283.046875 sequence=8420427.612302
[iscas99__b20 gpu1] [plan iscas99__b20] [plan] step=396 node=N12782 type=observe reward_pred=225187.953125 sequence=8645615.565427
[iscas99__b20 gpu1] [plan iscas99__b20] [plan] step=397 node=N19062 type=observe reward_pred=231251.875000 sequence=8876867.440427
[iscas99__b20 gpu1] [plan iscas99__b20] [plan] step=398 node=N15754 type=observe reward_pred=237479.031250 sequence=9114346.471677
[iscas99__b20 gpu1] [plan iscas99__b20] [plan] step=399 node=N10371 type=observe reward_pred=243873.875000 sequence=9358220.346677
[iscas99__b20 gpu1] [plan iscas99__b20] [plan] step=400 node=N14298 type=observe reward_pred=249280.375000 sequence=9607500.721677
[iscas99__b20 gpu1] [plan iscas99__b20] [plan] step=401 node=N10843 type=observe reward_pred=256286.828125 sequence=9863787.549802
[iscas99__b20 gpu1] [plan iscas99__b20] [plan] step=402 node=N19065 type=observe reward_pred=263277.843750 sequence=10127065.393552
[iscas99__b20 gpu1] [plan iscas99__b20] [plan] step=403 node=N15757 type=observe reward_pred=270407.812500 sequence=10397473.206052
[iscas99__b20 gpu1] [plan iscas99__b20] [plan] step=404 node=N11438 type=observe reward_pred=277714.625000 sequence=10675187.831052
[iscas99__b20 gpu1] [plan iscas99__b20] [plan] step=405 node=N16245 type=observe reward_pred=285211.343750 sequence=10960399.174802
[iscas99__b20 gpu1] [plan iscas99__b20] [plan] step=406 node=N8911 type=observe reward_pred=292905.906250 sequence=11253305.081052
[iscas99__b20 gpu1] [plan iscas99__b20] [plan] step=407 node=N14730 type=observe reward_pred=300804.500000 sequence=11554109.581052
[iscas99__b20 gpu1] [plan iscas99__b20] [plan] step=408 node=N9699 type=observe reward_pred=308913.312500 sequence=11863022.893552
[iscas99__b20 gpu1] [plan iscas99__b20] [plan] step=409 node=N11906 type=observe reward_pred=317238.593750 sequence=12180261.487302
[iscas99__b20 gpu1] [plan iscas99__b20] [plan] step=410 node=N12786 type=observe reward_pred=325786.531250 sequence=12506048.018552
[iscas99__b20 gpu1] [plan iscas99__b20] [plan] step=411 node=N10365 type=observe reward_pred=334563.375000 sequence=12840611.393552
[iscas99__b20 gpu1] [plan iscas99__b20] [plan] step=412 node=N13282 type=observe reward_pred=343575.562500 sequence=13184186.956052
[iscas99__b20 gpu1] [plan iscas99__b20] [plan] step=413 node=N13782 type=observe reward_pred=352829.687500 sequence=13537016.643552
[iscas99__b20 gpu1] [plan iscas99__b20] [plan] step=414 node=N11432 type=observe reward_pred=362332.375000 sequence=13899349.018552
[iscas99__b20 gpu1] [plan iscas99__b20] [plan] step=415 node=N10368 type=observe reward_pred=372090.468750 sequence=14271439.487302
[iscas99__b20 gpu1] [plan iscas99__b20] [plan] step=416 node=N14723 type=observe reward_pred=382110.906250 sequence=14653550.393552
[iscas99__b20 gpu1] [plan iscas99__b20] [plan] step=417 node=N9693 type=observe reward_pred=392400.906250 sequence=15045951.299802
[iscas99__b20 gpu1] [plan iscas99__b20] [plan] step=418 node=N11900 type=observe reward_pred=402967.718750 sequence=15448919.018552
[iscas99__b20 gpu1] [plan iscas99__b20] [plan] step=419 node=N12442 type=observe reward_pred=413818.875000 sequence=15862737.893552
[iscas99__b20 gpu1] [plan iscas99__b20] [plan] step=420 node=N19848 type=observe reward_pred=424962.062500 sequence=16287699.956052
[iscas99__b20 gpu1] [plan iscas99__b20] [plan] step=421 node=N11435 type=observe reward_pred=436405.218750 sequence=16724105.174802
[iscas99__b20 gpu1] [plan iscas99__b20] [plan] step=422 node=N16939 type=observe reward_pred=448156.281250 sequence=17172261.456052
[iscas99__b20 gpu1] [plan iscas99__b20] [plan] step=423 node=N17442 type=observe reward_pred=460223.812500 sequence=17632485.268552
[iscas99__b20 gpu1] [plan iscas99__b20] [plan] step=424 node=N16238 type=observe reward_pred=472616.156250 sequence=18105101.424802
[iscas99__b20 gpu1] [plan iscas99__b20] [plan] step=425 node=N17943 type=observe reward_pred=485342.187500 sequence=18590443.612302
[iscas99__b20 gpu1] [plan iscas99__b20] [plan] step=426 node=N9696 type=observe reward_pred=498410.781250 sequence=19088854.393552
[iscas99__b20 gpu1] [plan iscas99__b20] [plan] step=427 node=N11903 type=observe reward_pred=511831.250000 sequence=19600685.643552
[iscas99__b20 gpu1] [plan iscas99__b20] [plan] step=428 node=N14726 type=observe reward_pred=525613.000000 sequence=20126298.643552
[iscas99__b20 gpu1] [plan iscas99__b20] [plan] step=429 node=N19844 type=observe reward_pred=539765.875000 sequence=20666064.518552
[iscas99__b20 gpu1] [plan iscas99__b20] [plan] step=430 node=N16935 type=observe reward_pred=554299.750000 sequence=21220364.268552
[iscas99__b20 gpu1] [plan iscas99__b20] [plan] step=431 node=N17438 type=observe reward_pred=569225.000000 sequence=21789589.268552
[iscas99__b20 gpu1] [plan iscas99__b20] [plan] step=432 node=N17939 type=observe reward_pred=584552.062500 sequence=22374141.331052
[iscas99__b20 gpu1] [plan iscas99__b20] [plan] step=433 node=N13286 type=observe reward_pred=600291.687500 sequence=22974433.018552
[iscas99__b20 gpu1] [plan iscas99__b20] [plan] step=434 node=N16241 type=observe reward_pred=616455.250000 sequence=23590888.268552
[iscas99__b20 gpu1] [plan iscas99__b20] [plan] step=435 node=N4118 type=observe reward_pred=633053.937500 sequence=24223942.206052
[iscas99__b20 gpu1] [plan iscas99__b20] [plan] step=436 node=N18493 type=observe reward_pred=650099.500000 sequence=24874041.706052
[iscas99__b20 gpu1] [plan iscas99__b20] [plan] step=437 node=N12354 type=observe reward_pred=667604.000000 sequence=25541645.706052
[iscas99__b20 gpu1] [plan iscas99__b20] [plan] step=438 node=N16594 type=observe reward_pred=685579.812500 sequence=26227225.518552
[iscas99__b20 gpu1] [plan iscas99__b20] [plan] step=439 node=N14760 type=observe reward_pred=700943.625000 sequence=26928169.143552
[iscas99__b20 gpu1] [plan iscas99__b20] [plan] step=440 node=N13786 type=observe reward_pred=720601.437500 sequence=27648770.581052
[iscas99__b20 gpu1] [plan iscas99__b20] [plan] step=441 node=N4169 type=observe reward_pred=740245.562500 sequence=28389016.143552
[iscas99__b20 gpu1] [plan iscas99__b20] [plan] step=442 node=N4175 type=observe reward_pred=760286.500000 sequence=29149302.643552
[iscas99__b20 gpu1] [plan iscas99__b20] [plan] step=443 node=N4583 type=observe reward_pred=778158.687500 sequence=29927461.331052
[iscas99__b20 gpu1] [plan iscas99__b20] [plan] step=444 node=N10372 type=observe reward_pred=799798.437500 sequence=30727259.768552
[iscas99__b20 gpu1] [plan iscas99__b20] [plan] step=445 node=N11439 type=observe reward_pred=821553.625000 sequence=31548813.393552
[iscas99__b20 gpu1] [plan iscas99__b20] [plan] step=446 node=N19070 type=observe reward_pred=843787.750000 sequence=32392601.143552
[iscas99__b20 gpu1] [plan iscas99__b20] [plan] step=447 node=N9700 type=observe reward_pred=866588.750000 sequence=33259189.893552
[iscas99__b20 gpu1] [plan iscas99__b20] [plan] step=448 node=N11907 type=observe reward_pred=889984.562500 sequence=34149174.456052
[iscas99__b20 gpu1] [plan iscas99__b20] [plan] step=449 node=N15762 type=observe reward_pred=913996.875000 sequence=35063171.331052
[iscas99__b20 gpu1] [plan iscas99__b20] [plan] step=450 node=N7982 type=observe reward_pred=938644.812500 sequence=36001816.143552
[iscas99__b20 gpu1] [plan iscas99__b20] [plan] step=451 node=N8923 type=observe reward_pred=963947.687500 sequence=36965763.831052
[iscas99__b20 gpu1] [plan iscas99__b20] [plan] step=452 node=N12798 type=observe reward_pred=989925.375000 sequence=37955689.206052
[iscas99__b20 gpu1] [plan iscas99__b20] [plan] step=453 node=N18444 type=observe reward_pred=1016597.812500 sequence=38972287.018552
[iscas99__b20 gpu1] [plan iscas99__b20] [plan] step=454 node=N8688 type=observe reward_pred=1043984.562500 sequence=40016271.581052
[iscas99__b20 gpu1] [plan iscas99__b20] [plan] step=455 node=N14731 type=observe reward_pred=1072105.500000 sequence=41088377.081052
[iscas99__b20 gpu1] [plan iscas99__b20] [plan] step=456 node=N16595 type=observe reward_pred=1100981.375000 sequence=42189358.456052
[iscas99__b20 gpu1] [plan iscas99__b20] [plan] step=457 node=N13298 type=observe reward_pred=1130632.375000 sequence=43319990.831052
[iscas99__b20 gpu1] [plan iscas99__b20] [plan] step=458 node=N8676 type=observe reward_pred=1161080.500000 sequence=44481071.331052
[iscas99__b20 gpu1] [plan iscas99__b20] [plan] step=459 node=N8930 type=observe reward_pred=1188737.750000 sequence=45669809.081052
[iscas99__b20 gpu1] [plan iscas99__b20] [plan] step=460 node=N12805 type=observe reward_pred=1218495.375000 sequence=46888304.456052
[iscas99__b20 gpu1] [plan iscas99__b20] [plan] step=461 node=N19860 type=observe reward_pred=1252408.375000 sequence=48140712.831052
[iscas99__b20 gpu1] [plan iscas99__b20] [plan] step=462 node=N16951 type=observe reward_pred=1286488.750000 sequence=49427201.581052
[iscas99__b20 gpu1] [plan iscas99__b20] [plan] step=463 node=N17454 type=observe reward_pred=1321339.875000 sequence=50748541.456052
[iscas99__b20 gpu1] [plan iscas99__b20] [plan] step=464 node=N17955 type=observe reward_pred=1357057.625000 sequence=52105599.081052
[iscas99__b20 gpu1] [plan iscas99__b20] [plan] step=465 node=N4898 type=observe reward_pred=1393694.500000 sequence=53499293.581052
[iscas99__b20 gpu1] [plan iscas99__b20] [plan] step=466 node=N18456 type=observe reward_pred=1426030.625000 sequence=54925324.206052
[iscas99__b20 gpu1] [plan iscas99__b20] [plan] step=467 node=N939 type=observe reward_pred=1465784.625000 sequence=56391108.831052
[iscas99__b20 gpu1] [plan iscas99__b20] [plan] step=468 node=N940 type=observe reward_pred=1505660.500000 sequence=57896769.331052
[iscas99__b20 gpu1] [plan iscas99__b20] [plan] step=469 node=N16604 type=observe reward_pred=1540310.625000 sequence=59437079.956052
[iscas99__b20 gpu1] [plan iscas99__b20] [plan] step=470 node=N946 type=observe reward_pred=1583250.625000 sequence=61020330.581052
[iscas99__b17 gpu5] [plan iscas99__b17] [plan] step=562 node=N51205 type=observe reward_pred=17678980.000000 sequence=674314823.172063
[iscas99__b17 gpu5] [plan iscas99__b17] [plan] step=563 node=N51723 type=observe reward_pred=18154984.000000 sequence=692469807.172063
[iscas99__b17 gpu5] [plan iscas99__b17] [plan] step=564 node=N52747 type=observe reward_pred=18643804.000000 sequence=711113611.172063
[iscas99__b17 gpu5] [plan iscas99__b17] [plan] step=565 node=N51715 type=observe reward_pred=19145786.000000 sequence=730259397.172063
[iscas99__b17 gpu5] [plan iscas99__b17] [plan] step=566 node=N51974 type=observe reward_pred=19661280.000000 sequence=749920677.172063
[iscas99__b17 gpu5] [plan iscas99__b17] [plan] step=567 node=N51208 type=observe reward_pred=20190658.000000 sequence=770111335.172063
[iscas99__b17 gpu5] [plan iscas99__b17] [plan] step=568 node=N51725 type=observe reward_pred=20734290.000000 sequence=790845625.172063
[iscas99__b17 gpu5] [plan iscas99__b17] [plan] step=569 node=N55101 type=observe reward_pred=21292558.000000 sequence=812138183.172063
[iscas99__b17 gpu5] [plan iscas99__b17] [plan] step=570 node=N55910 type=observe reward_pred=21865852.000000 sequence=834004035.172063
[iscas99__b17 gpu5] [plan iscas99__b17] [plan] step=571 node=N51727 type=observe reward_pred=22454586.000000 sequence=856458621.172063
[iscas99__b17 gpu5] [plan iscas99__b17] [plan] step=572 node=N55817 type=observe reward_pred=23059172.000000 sequence=879517793.172063
[iscas99__b17 gpu5] [plan iscas99__b17] [plan] step=573 node=N48941 type=observe reward_pred=23680038.000000 sequence=903197831.172063
[iscas99__b17 gpu5] [plan iscas99__b17] [plan] step=574 node=N55635 type=observe reward_pred=24317614.000000 sequence=927515445.172063
[iscas99__b17 gpu5] [plan iscas99__b17] [plan] step=575 node=N38462 type=observe reward_pred=24972362.000000 sequence=952487807.172063
[iscas99__b17 gpu5] [plan iscas99__b17] [plan] step=576 node=N55917 type=observe reward_pred=25644736.000000 sequence=978132543.172063
[iscas99__b17 gpu5] [plan iscas99__b17] [plan] step=577 node=N54762 type=observe reward_pred=26335220.000000 sequence=1004467763.172063
[iscas99__b17 gpu5] [plan iscas99__b17] [plan] step=578 node=N38464 type=observe reward_pred=27044266.000000 sequence=1031512029.172063
[iscas99__b17 gpu5] [plan iscas99__b17] [plan] step=579 node=N51209 type=observe reward_pred=27772434.000000 sequence=1059284463.172063
[iscas99__b17 gpu5] [plan iscas99__b17] [plan] step=580 node=N60249 type=observe reward_pred=28520202.000000 sequence=1087804665.172063
[iscas99__b17 gpu5] [plan iscas99__b17] [plan] step=581 node=N55686 type=observe reward_pred=29288104.000000 sequence=1117092769.172063
[iscas99__b17 gpu5] [plan iscas99__b17] [plan] step=582 node=N56531 type=observe reward_pred=30076682.000000 sequence=1147169451.172063
[iscas99__b17 gpu5] [plan iscas99__b17] [plan] step=583 node=N51212 type=observe reward_pred=30886492.000000 sequence=1178055943.172063
[iscas99__b17 gpu5] [plan iscas99__b17] [plan] step=584 node=N53031 type=observe reward_pred=31718106.000000 sequence=1209774049.172063
[iscas99__b17 gpu5] [plan iscas99__b17] [plan] step=585 node=N56084 type=observe reward_pred=32572110.000000 sequence=1242346159.172063
[iscas99__b17 gpu5] [plan iscas99__b17] [plan] step=586 node=N56089 type=observe reward_pred=33449108.000000 sequence=1275795267.172063
[iscas99__b17 gpu5] [plan iscas99__b17] [plan] step=587 node=N56094 type=observe reward_pred=34349720.000000 sequence=1310144987.172063
[iscas99__b17 gpu5] [plan iscas99__b17] [plan] step=588 node=N56099 type=observe reward_pred=35274584.000000 sequence=1345419571.172063
[iscas99__b17 gpu5] [plan iscas99__b17] [plan] step=589 node=N54764 type=observe reward_pred=36224344.000000 sequence=1381643915.172063
[iscas99__b17 gpu5] [plan iscas99__b17] [plan] step=590 node=N52751 type=observe reward_pred=37199680.000000 sequence=1418843595.172063
[iscas99__b17 gpu5] [plan iscas99__b17] [plan] step=591 node=N56151 type=observe reward_pred=38201272.000000 sequence=1457044867.172063
[iscas99__b17 gpu5] [plan iscas99__b17] [plan] step=592 node=N56158 type=observe reward_pred=39229832.000000 sequence=1496274699.172063
[iscas99__b17 gpu5] [plan iscas99__b17] [plan] step=593 node=N56165 type=observe reward_pred=40286096.000000 sequence=1536560795.172063
[iscas99__b17 gpu5] [plan iscas99__b17] [plan] step=594 node=N56172 type=observe reward_pred=41370792.000000 sequence=1577931587.172063
[iscas99__b17 gpu5] [plan iscas99__b17] [plan] step=595 node=N56179 type=observe reward_pred=42484692.000000 sequence=1620416279.172063
[iscas99__b17 gpu5] [plan iscas99__b17] [plan] step=596 node=N55924 type=observe reward_pred=43628588.000000 sequence=1664044867.172063
[iscas99__b17 gpu5] [plan iscas99__b17] [plan] step=597 node=N56104 type=observe reward_pred=44803260.000000 sequence=1708848127.172063
[iscas99__b17 gpu5] [plan iscas99__b17] [plan] step=598 node=N51731 type=observe reward_pred=46009588.000000 sequence=1754857715.172063
[iscas99__b17 gpu5] [plan iscas99__b17] [plan] step=599 node=N53029 type=observe reward_pred=47248384.000000 sequence=1802106099.172063
[iscas99__b17 gpu5] [plan iscas99__b17] [plan] step=600 node=N28755 type=observe reward_pred=48520540.000000 sequence=1850626639.172063
[iscas99__b17 gpu5] [plan iscas99__b17] [plan] step=601 node=N52749 type=observe reward_pred=49826952.000000 sequence=1900453591.172063
[iscas99__b17 gpu5] [plan iscas99__b17] [plan] step=602 node=N53033 type=observe reward_pred=51168536.000000 sequence=1951622127.172063
[iscas99__b17 gpu5] [plan iscas99__b17] [plan] step=603 node=N54766 type=observe reward_pred=52546236.000000 sequence=2004168363.172063
[iscas99__b17 gpu5] [plan iscas99__b17] [plan] step=604 node=N56079 type=observe reward_pred=53961036.000000 sequence=2058129399.172063
[iscas99__b17 gpu5] [plan iscas99__b17] [plan] step=605 node=N52753 type=observe reward_pred=55413928.000000 sequence=2113543327.172063
[iscas99__b17 gpu5] [plan iscas99__b17] [plan] step=606 node=N56186 type=observe reward_pred=56905940.000000 sequence=2170449267.172063
[iscas99__b17 gpu5] [plan iscas99__b17] [plan] step=607 node=N51729 type=observe reward_pred=58438128.000000 sequence=2228887395.172063
[iscas99__b17 gpu5] [plan iscas99__b17] [plan] step=608 node=N53035 type=observe reward_pred=60011572.000000 sequence=2288898967.172063
[iscas99__b17 gpu5] [plan iscas99__b17] [plan] step=609 node=N55793 type=observe reward_pred=61627372.000000 sequence=2350526339.172063
[iscas99__b17 gpu5] [plan iscas99__b17] [plan] step=610 node=N55805 type=observe reward_pred=63286680.000000 sequence=2413813019.172063
[iscas99__b17 gpu5] [plan iscas99__b17] [plan] step=611 node=N55949 type=observe reward_pred=64990656.000000 sequence=2478803675.172063
[iscas99__b17 gpu5] [plan iscas99__b17] [plan] step=612 node=N52755 type=observe reward_pred=66740528.000000 sequence=2545544203.172063
[iscas99__b17 gpu5] [plan iscas99__b17] [plan] step=613 node=N55961 type=observe reward_pred=68537512.000000 sequence=2614081715.172063
[iscas99__b17 gpu5] [plan iscas99__b17] [plan] step=614 node=N51733 type=observe reward_pred=70382872.000000 sequence=2684464587.172063
[iscas99__b17 gpu5] [plan iscas99__b17] [plan] step=615 node=N55970 type=observe reward_pred=72277920.000000 sequence=2756742507.172063
[iscas99__b17 gpu5] [plan iscas99__b17] [plan] step=616 node=N55935 type=observe reward_pred=74223984.000000 sequence=2830966491.172063
[iscas99__b17 gpu5] [plan iscas99__b17] [plan] step=617 node=N51218 type=observe reward_pred=76222456.000000 sequence=2907188947.172063
[iscas99__b17 gpu5] [plan iscas99__b17] [plan] step=618 node=N55852 type=observe reward_pred=78274736.000000 sequence=2985463683.172063
[iscas99__b17 gpu5] [plan iscas99__b17] [plan] step=619 node=N55837 type=observe reward_pred=80382200.000000 sequence=3065845883.172063
[iscas99__b17 gpu5] [plan iscas99__b17] [plan] step=620 node=N51735 type=observe reward_pred=82546488.000000 sequence=3148392371.172063
[iscas99__b17 gpu5] [plan iscas99__b17] [plan] step=621 node=N53037 type=observe reward_pred=84769040.000000 sequence=3233161411.172063
[iscas99__b17 gpu5] [plan iscas99__b17] [plan] step=622 node=N51215 type=observe reward_pred=87051440.000000 sequence=3320212851.172063
[iscas99__b17 gpu5] [plan iscas99__b17] [plan] step=623 node=N52757 type=observe reward_pred=89395288.000000 sequence=3409608139.172063
[iscas99__b17 gpu5] [plan iscas99__b17] [plan] step=624 node=N56150 type=observe reward_pred=91802240.000000 sequence=3501410379.172063
[iscas99__b17 gpu5] [plan iscas99__b17] [plan] step=625 node=N56157 type=observe reward_pred=94273992.000000 sequence=3595684371.172063
[iscas99__b17 gpu5] [plan iscas99__b17] [plan] step=626 node=N56164 type=observe reward_pred=96812304.000000 sequence=3692496675.172063
[iscas99__b17 gpu5] [plan iscas99__b17] [plan] step=627 node=N56171 type=observe reward_pred=99418944.000000 sequence=3791915619.172063
[iscas99__b17 gpu5] [plan iscas99__b17] [plan] step=628 node=N56178 type=observe reward_pred=102095792.000000 sequence=3894011411.172063
[iscas99__b17 gpu5] [plan iscas99__b17] [plan] step=629 node=N55819 type=observe reward_pred=104844688.000000 sequence=3998856099.172063
[iscas99__b17 gpu5] [plan iscas99__b17] [plan] step=630 node=N53039 type=observe reward_pred=107667632.000000 sequence=4106523731.172063
[iscas99__b17 gpu5] [plan iscas99__b17] [plan] step=631 node=N55822 type=observe reward_pred=110566560.000000 sequence=4217090291.172063
[iscas99__b17 gpu5] [plan iscas99__b17] [plan] step=632 node=N51737 type=observe reward_pred=113543552.000000 sequence=4330633843.172064
[iscas99__b17 gpu5] [plan iscas99__b17] [plan] step=633 node=N55956 type=observe reward_pred=116600688.000000 sequence=4447234531.172064
[iscas99__b17 gpu5] [plan iscas99__b17] [plan] step=634 node=N52759 type=observe reward_pred=119740136.000000 sequence=4566974667.172064
[iscas99__b17 gpu5] [plan iscas99__b17] [plan] step=635 node=N55977 type=observe reward_pred=122964128.000000 sequence=4689938795.172064
[iscas99__b17 gpu5] [plan iscas99__b17] [plan] step=636 node=N56550 type=observe reward_pred=126274912.000000 sequence=4816213707.172064
[iscas99__b17 gpu5] [plan iscas99__b17] [plan] step=637 node=N55942 type=observe reward_pred=129674840.000000 sequence=4945888547.172064
[iscas99__b17 gpu5] [plan iscas99__b17] [plan] step=638 node=N56551 type=observe reward_pred=133166320.000000 sequence=5079054867.172064
[iscas99__b17 gpu5] [plan iscas99__b17] [plan] step=639 node=N51219 type=observe reward_pred=136751792.000000 sequence=5215806659.172064
[iscas99__b17 gpu5] [plan iscas99__b17] [plan] step=640 node=N51739 type=observe reward_pred=140433808.000000 sequence=5356240467.172064
[iscas99__b17 gpu5] [plan iscas99__b17] [plan] step=641 node=N44669 type=observe reward_pred=144214960.000000 sequence=5500455427.172064
[iscas99__b17 gpu5] [plan iscas99__b17] [plan] step=642 node=N38468 type=observe reward_pred=148097920.000000 sequence=5648553347.172064
[iscas99__b17 gpu5] [plan iscas99__b17] [plan] step=643 node=N38470 type=observe reward_pred=152085424.000000 sequence=5800638771.172064
[iscas99__b17 gpu5] [plan iscas99__b17] [plan] step=644 node=N51971 type=observe reward_pred=156180304.000000 sequence=5956819075.172064
[iscas99__b17 gpu5] [plan iscas99__b17] [plan] step=645 node=N51972 type=observe reward_pred=160385440.000000 sequence=6117204515.172064
[iscas99__b17 gpu5] [plan iscas99__b17] [plan] step=646 node=N56185 type=observe reward_pred=164703776.000000 sequence=6281908291.172064
[iscas99__b17 gpu5] [plan iscas99__b17] [plan] step=647 node=N51222 type=observe reward_pred=169138400.000000 sequence=6451046691.172064
[openabcd__mem_ctrl_orig gpu6] [plan openabcd__mem_ctrl_orig] [plan] step=473 node=N95184 type=observe reward_pred=1990205.625000 sequence=75902184.222007
[openabcd__mem_ctrl_orig gpu6] [plan openabcd__mem_ctrl_orig] [plan] step=474 node=N3355 type=observe reward_pred=2043791.875000 sequence=77945976.097007
[openabcd__mem_ctrl_orig gpu6] [plan openabcd__mem_ctrl_orig] [plan] step=475 node=N2802 type=control0 reward_pred=2098820.500000 sequence=80044796.597007
[openabcd__mem_ctrl_orig gpu6] [plan openabcd__mem_ctrl_orig] [plan] step=476 node=N20015 type=observe reward_pred=2155331.500000 sequence=82200128.097007
[openabcd__mem_ctrl_orig gpu6] [plan openabcd__mem_ctrl_orig] [plan] step=477 node=N92952 type=observe reward_pred=2213363.500000 sequence=84413491.597007
[openabcd__mem_ctrl_orig gpu6] [plan openabcd__mem_ctrl_orig] [plan] step=478 node=N12339 type=observe reward_pred=2272958.000000 sequence=86686449.597007
[openabcd__mem_ctrl_orig gpu6] [plan openabcd__mem_ctrl_orig] [plan] step=479 node=N92520 type=control0 reward_pred=2334157.250000 sequence=89020606.847007
[openabcd__mem_ctrl_orig gpu6] [plan openabcd__mem_ctrl_orig] [plan] step=480 node=N100616 type=observe reward_pred=2397004.250000 sequence=91417611.097007
[openabcd__mem_ctrl_orig gpu6] [plan openabcd__mem_ctrl_orig] [plan] step=481 node=N2146 type=control0 reward_pred=2461543.250000 sequence=93879154.347007
[openabcd__mem_ctrl_orig gpu6] [plan openabcd__mem_ctrl_orig] [plan] step=482 node=N18016 type=observe reward_pred=2527820.250000 sequence=96406974.597007
[openabcd__mem_ctrl_orig gpu6] [plan openabcd__mem_ctrl_orig] [plan] step=483 node=N101677 type=observe reward_pred=2595881.250000 sequence=99002855.847007
[openabcd__mem_ctrl_orig gpu6] [plan openabcd__mem_ctrl_orig] [plan] step=484 node=N99808 type=observe reward_pred=2665775.500000 sequence=101668631.347007
[openabcd__mem_ctrl_orig gpu6] [plan openabcd__mem_ctrl_orig] [plan] step=485 node=N11441 type=observe reward_pred=2737551.250000 sequence=104406182.597007
[openabcd__mem_ctrl_orig gpu6] [plan openabcd__mem_ctrl_orig] [plan] step=486 node=N99807 type=observe reward_pred=2811259.750000 sequence=107217442.347007
[openabcd__mem_ctrl_orig gpu6] [plan openabcd__mem_ctrl_orig] [plan] step=487 node=N103462 type=observe reward_pred=2886952.250000 sequence=110104394.597007
[openabcd__mem_ctrl_orig gpu6] [plan openabcd__mem_ctrl_orig] [plan] step=488 node=N102825 type=observe reward_pred=2964683.250000 sequence=113069077.847007
[openabcd__mem_ctrl_orig gpu6] [plan openabcd__mem_ctrl_orig] [plan] step=489 node=N2171 type=observe reward_pred=3044507.250000 sequence=116113585.097007
[openabcd__mem_ctrl_orig gpu6] [plan openabcd__mem_ctrl_orig] [plan] step=490 node=N95186 type=observe reward_pred=3126480.250000 sequence=119240065.347007
[openabcd__mem_ctrl_orig gpu6] [plan openabcd__mem_ctrl_orig] [plan] step=491 node=N2839 type=observe reward_pred=3210660.500000 sequence=122450725.847007
[openabcd__mem_ctrl_orig gpu6] [plan openabcd__mem_ctrl_orig] [plan] step=492 node=N3242 type=observe reward_pred=3297107.250000 sequence=125747833.097007
[openabcd__mem_ctrl_orig gpu6] [plan openabcd__mem_ctrl_orig] [plan] step=493 node=N11435 type=observe reward_pred=3385881.250000 sequence=129133714.347007
[openabcd__mem_ctrl_orig gpu6] [plan openabcd__mem_ctrl_orig] [plan] step=494 node=N56770 type=observe reward_pred=3477045.500000 sequence=132610759.847007
[openabcd__mem_ctrl_orig gpu6] [plan openabcd__mem_ctrl_orig] [plan] step=495 node=N95183 type=observe reward_pred=3570664.500000 sequence=136181424.347007
[openabcd__mem_ctrl_orig gpu6] [plan openabcd__mem_ctrl_orig] [plan] step=496 node=N96353 type=observe reward_pred=3666804.000000 sequence=139848228.347007
[openabcd__mem_ctrl_orig gpu6] [plan openabcd__mem_ctrl_orig] [plan] step=497 node=N92920 type=observe reward_pred=3765532.500000 sequence=143613760.847007
[openabcd__mem_ctrl_orig gpu6] [plan openabcd__mem_ctrl_orig] [plan] step=498 node=N93048 type=observe reward_pred=3866919.000000 sequence=147480679.847007
[openabcd__mem_ctrl_orig gpu6] [plan openabcd__mem_ctrl_orig] [plan] step=499 node=N100388 type=observe reward_pred=3971034.500000 sequence=151451714.347007
[openabcd__mem_ctrl_orig gpu6] [plan openabcd__mem_ctrl_orig] [plan] step=500 node=N100382 type=observe reward_pred=4077954.000000 sequence=155529668.347007
[openabcd__mem_ctrl_orig gpu6] [plan openabcd__mem_ctrl_orig] [plan] step=501 node=N92921 type=observe reward_pred=4187752.500000 sequence=159717420.847007
[openabcd__mem_ctrl_orig gpu6] [plan openabcd__mem_ctrl_orig] [plan] step=502 node=N2029 type=observe reward_pred=4300507.000000 sequence=164017927.847007
[openabcd__mem_ctrl_orig gpu6] [plan openabcd__mem_ctrl_orig] [plan] step=503 node=N2048 type=observe reward_pred=4416297.500000 sequence=168434225.347007
[openabcd__mem_ctrl_orig gpu6] [plan openabcd__mem_ctrl_orig] [plan] step=504 node=N92922 type=observe reward_pred=4535206.000000 sequence=172969431.347007
[openabcd__mem_ctrl_orig gpu6] [plan openabcd__mem_ctrl_orig] [plan] step=505 node=N13348 type=observe reward_pred=4657316.000000 sequence=177626747.347007
[openabcd__mem_ctrl_orig gpu6] [plan openabcd__mem_ctrl_orig] [plan] step=506 node=N93192 type=observe reward_pred=4782714.000000 sequence=182409461.347007
[openabcd__mem_ctrl_orig gpu6] [plan openabcd__mem_ctrl_orig] [plan] step=507 node=N16116 type=observe reward_pred=4911487.500000 sequence=187320948.847007
[openabcd__mem_ctrl_orig gpu6] [plan openabcd__mem_ctrl_orig] [plan] step=508 node=N2088 type=observe reward_pred=5043728.500000 sequence=192364677.347007
[openabcd__mem_ctrl_orig gpu6] [plan openabcd__mem_ctrl_orig] [plan] step=509 node=N91953 type=observe reward_pred=5179530.500000 sequence=197544207.847007
[openabcd__mem_ctrl_orig gpu6] [plan openabcd__mem_ctrl_orig] [plan] step=510 node=N100589 type=observe reward_pred=5318988.500000 sequence=202863196.347007
[openabcd__mem_ctrl_orig gpu6] [plan openabcd__mem_ctrl_orig] [plan] step=511 node=N2441 type=observe reward_pred=5462202.000000 sequence=208325398.347007
[openabcd__mem_ctrl_orig gpu6] [plan openabcd__mem_ctrl_orig] [plan] step=512 node=N102735 type=observe reward_pred=5609271.000000 sequence=213934669.347007
[openabcd__mem_ctrl_orig gpu6] [plan openabcd__mem_ctrl_orig] [plan] step=513 node=N2864 type=observe reward_pred=5760299.500000 sequence=219694968.847007
[openabcd__mem_ctrl_orig gpu6] [plan openabcd__mem_ctrl_orig] [plan] step=514 node=N100383 type=observe reward_pred=5915393.500000 sequence=225610362.347007
[openabcd__mem_ctrl_orig gpu6] [plan openabcd__mem_ctrl_orig] [plan] step=515 node=N101239 type=observe reward_pred=6074665.000000 sequence=231685027.347007
[openabcd__mem_ctrl_orig gpu6] [plan openabcd__mem_ctrl_orig] [plan] step=516 node=N101240 type=observe reward_pred=6238224.000000 sequence=237923251.347007
[openabcd__mem_ctrl_orig gpu6] [plan openabcd__mem_ctrl_orig] [plan] step=517 node=N3180 type=observe reward_pred=6406188.000000 sequence=244329439.347007
[openabcd__mem_ctrl_orig gpu6] [plan openabcd__mem_ctrl_orig] [plan] step=518 node=N15762 type=observe reward_pred=6578673.500000 sequence=250908112.847007
[openabcd__mem_ctrl_orig gpu6] [plan openabcd__mem_ctrl_orig] [plan] step=519 node=N51043 type=observe reward_pred=6755803.000000 sequence=257663915.847007
[openabcd__mem_ctrl_orig gpu6] [plan openabcd__mem_ctrl_orig] [plan] step=520 node=N14373 type=observe reward_pred=6937703.000000 sequence=264601618.847007
[openabcd__mem_ctrl_orig gpu6] [plan openabcd__mem_ctrl_orig] [plan] step=521 node=N92074 type=observe reward_pred=7124498.500000 sequence=271726117.347007
[openabcd__mem_ctrl_orig gpu6] [plan openabcd__mem_ctrl_orig] [plan] step=522 node=N18017 type=observe reward_pred=7316325.500000 sequence=279042442.847007
[openabcd__mem_ctrl_orig gpu6] [plan openabcd__mem_ctrl_orig] [plan] step=523 node=N2064 type=observe reward_pred=7513317.000000 sequence=286555759.847007
[openabcd__mem_ctrl_orig gpu6] [plan openabcd__mem_ctrl_orig] [plan] step=524 node=N92075 type=observe reward_pred=7715611.500000 sequence=294271371.347007
[openabcd__mem_ctrl_orig gpu6] [plan openabcd__mem_ctrl_orig] [plan] step=525 node=N101572 type=observe reward_pred=7923353.000000 sequence=302194724.347007
[openabcd__mem_ctrl_orig gpu6] [plan openabcd__mem_ctrl_orig] [plan] step=526 node=N2031 type=observe reward_pred=8136687.500000 sequence=310331411.847007
[openabcd__mem_ctrl_orig gpu6] [plan openabcd__mem_ctrl_orig] [plan] step=527 node=N104194 type=observe reward_pred=8355766.000000 sequence=318687177.847007
[openabcd__mem_ctrl_orig gpu6] [plan openabcd__mem_ctrl_orig] [plan] step=528 node=N50994 type=observe reward_pred=8580745.000000 sequence=327267922.847007
[openabcd__mem_ctrl_orig gpu6] [plan openabcd__mem_ctrl_orig] [plan] step=529 node=N3324 type=observe reward_pred=8811781.000000 sequence=336079703.847007
[openabcd__mem_ctrl_orig gpu6] [plan openabcd__mem_ctrl_orig] [plan] step=530 node=N12327 type=observe reward_pred=9049037.000000 sequence=345128740.847007
[openabcd__mem_ctrl_orig gpu6] [plan openabcd__mem_ctrl_orig] [plan] step=531 node=N2124 type=control0 reward_pred=9292681.000000 sequence=354421421.847007
[openabcd__mem_ctrl_orig gpu6] [plan openabcd__mem_ctrl_orig] [plan] step=532 node=N13352 type=observe reward_pred=9542884.000000 sequence=363964305.847007
[openabcd__mem_ctrl_orig gpu6] [plan openabcd__mem_ctrl_orig] [plan] step=533 node=N12775 type=observe reward_pred=9799825.000000 sequence=373764130.847007
[openabcd__mem_ctrl_orig gpu6] [plan openabcd__mem_ctrl_orig] [plan] step=534 node=N12532 type=observe reward_pred=10063682.000000 sequence=383827812.847007
[openabcd__mem_ctrl_orig gpu6] [plan openabcd__mem_ctrl_orig] [plan] step=535 node=N2380 type=observe reward_pred=10334646.000000 sequence=394162458.847007
[openabcd__mem_ctrl_orig gpu6] [plan openabcd__mem_ctrl_orig] [plan] step=536 node=N13380 type=observe reward_pred=10612903.000000 sequence=404775361.847007
[openabcd__mem_ctrl_orig gpu6] [plan openabcd__mem_ctrl_orig] [plan] step=537 node=N102732 type=observe reward_pred=10898654.000000 sequence=415674015.847007
[openabcd__mem_ctrl_orig gpu6] [plan openabcd__mem_ctrl_orig] [plan] step=538 node=N2033 type=observe reward_pred=11192097.000000 sequence=426866112.847007
[openabcd__mem_ctrl_orig gpu6] [plan openabcd__mem_ctrl_orig] [plan] step=539 node=N3432 type=observe reward_pred=11493443.000000 sequence=438359555.847007
[openabcd__mem_ctrl_orig gpu6] [plan openabcd__mem_ctrl_orig] [plan] step=540 node=N2299 type=observe reward_pred=11802903.000000 sequence=450162458.847007
[openabcd__mem_ctrl_orig gpu6] [plan openabcd__mem_ctrl_orig] [plan] step=541 node=N66910 type=observe reward_pred=12120696.000000 sequence=462283154.847007
[openabcd__mem_ctrl_orig gpu6] [plan openabcd__mem_ctrl_orig] [plan] step=542 node=N93190 type=observe reward_pred=12447043.000000 sequence=474730197.847007
[openabcd__mem_ctrl_orig gpu6] [plan openabcd__mem_ctrl_orig] [plan] step=543 node=N14291 type=control1 reward_pred=12782178.000000 sequence=487512375.847007
[openabcd__mem_ctrl_orig gpu6] [plan openabcd__mem_ctrl_orig] [plan] step=544 node=N12565 type=observe reward_pred=13126336.000000 sequence=500638711.847007
[openabcd__mem_ctrl_orig gpu6] [plan openabcd__mem_ctrl_orig] [plan] step=545 node=N109030 type=control0 reward_pred=13479761.000000 sequence=514118472.847007
[openabcd__mem_ctrl_orig gpu6] [plan openabcd__mem_ctrl_orig] [plan] step=546 node=N23542 type=observe reward_pred=13842700.000000 sequence=527961172.847007
[openabcd__mem_ctrl_orig gpu6] [plan openabcd__mem_ctrl_orig] [plan] step=547 node=N16177 type=observe reward_pred=14215414.000000 sequence=542176586.847007
[openabcd__mem_ctrl_orig gpu6] [plan openabcd__mem_ctrl_orig] [plan] step=548 node=N101690 type=observe reward_pred=14598160.000000 sequence=556774746.847007
[openabcd__mem_ctrl_orig gpu6] [plan openabcd__mem_ctrl_orig] [plan] step=549 node=N2849 type=observe reward_pred=14991212.000000 sequence=571765958.847007
[openabcd__mem_ctrl_orig gpu6] [plan openabcd__mem_ctrl_orig] [plan] step=550 node=N102733 type=observe reward_pred=15394847.000000 sequence=587160805.847007
[openabcd__mem_ctrl_orig gpu6] [plan openabcd__mem_ctrl_orig] [plan] step=551 node=N14379 type=observe reward_pred=15809350.000000 sequence=602970155.847007
[openabcd__mem_ctrl_orig gpu6] [plan openabcd__mem_ctrl_orig] [plan] step=552 node=N92076 type=observe reward_pred=16235014.000000 sequence=619205169.847007
[openabcd__mem_ctrl_orig gpu6] [plan openabcd__mem_ctrl_orig] [plan] step=553 node=N100381 type=observe reward_pred=16672138.000000 sequence=635877307.847007
[openabcd__mem_ctrl_orig gpu6] [plan openabcd__mem_ctrl_orig] [plan] step=554 node=N17895 type=observe reward_pred=17121032.000000 sequence=652998339.847007
[openabcd__mem_ctrl_orig gpu6] [plan openabcd__mem_ctrl_orig] [plan] step=555 node=N96354 type=observe reward_pred=17582012.000000 sequence=670580351.847007
[openabcd__mem_ctrl_orig gpu6] [plan openabcd__mem_ctrl_orig] [plan] step=556 node=N93189 type=observe reward_pred=18055406.000000 sequence=688635757.847007
[openabcd__mem_ctrl_orig gpu6] [plan openabcd__mem_ctrl_orig] [plan] step=557 node=N2068 type=observe reward_pred=18541544.000000 sequence=707177301.847007
[openabcd__mem_ctrl_orig gpu6] [plan openabcd__mem_ctrl_orig] [plan] step=558 node=N102734 type=observe reward_pred=19040770.000000 sequence=726218071.847007
[openabcd__mem_ctrl_orig gpu6] [plan openabcd__mem_ctrl_orig] [plan] step=559 node=N92894 type=control0 reward_pred=19553440.000000 sequence=745771511.847007
[iscas99__b22 gpu2] [plan iscas99__b22] [plan] step=646 node=N33190 type=observe reward_pred=106408928.000000 sequence=4279466488.256035
[iscas99__b22 gpu2] [plan iscas99__b22] [plan] step=647 node=N33644 type=observe reward_pred=109361072.000000 sequence=4388827560.256035
[iscas99__b22 gpu2] [plan iscas99__b22] [plan] step=648 node=N34020 type=observe reward_pred=112369648.000000 sequence=4501197208.256035
[iscas99__b22 gpu2] [plan iscas99__b22] [plan] step=649 node=N34745 type=observe reward_pred=114555024.000000 sequence=4615752232.256035
[iscas99__b22 gpu2] [plan iscas99__b22] [plan] step=650 node=N34747 type=observe reward_pred=117127328.000000 sequence=4732879560.256035
[iscas99__b22 gpu2] [plan iscas99__b22] [plan] step=651 node=N14414 type=observe reward_pred=120607136.000000 sequence=4853486696.256035
[iscas99__b22 gpu2] [plan iscas99__b22] [plan] step=652 node=N36628 type=control0 reward_pred=123971616.000000 sequence=4977458312.256035
[iscas99__b22 gpu2] [plan iscas99__b22] [plan] step=653 node=N44369 type=observe reward_pred=126541632.000000 sequence=5103999944.256035
[iscas99__b22 gpu2] [plan iscas99__b22] [plan] step=654 node=N14489 type=observe reward_pred=130231632.000000 sequence=5234231576.256035
[iscas99__b22 gpu2] [plan iscas99__b22] [plan] step=655 node=N1593 type=control0 reward_pred=133834400.000000 sequence=5368065976.256035
[iscas99__b22 gpu2] [plan iscas99__b22] [plan] step=656 node=N12848 type=control0 reward_pred=137496288.000000 sequence=5505562264.256035
[iscas99__b22 gpu2] [plan iscas99__b22] [plan] step=657 node=N65872 type=control0 reward_pred=141237984.000000 sequence=5646800248.256035
[iscas99__b22 gpu2] [plan iscas99__b22] [plan] step=658 node=N14465 type=observe reward_pred=145068288.000000 sequence=5791868536.256035
[iscas99__b22 gpu2] [plan iscas99__b22] [plan] step=659 node=N34861 type=control1 reward_pred=148993712.000000 sequence=5940862248.256035
[iscas99__b22 gpu2] [plan iscas99__b22] [plan] step=660 node=N36627 type=control0 reward_pred=153019616.000000 sequence=6093881864.256035
[iscas99__b22 gpu2] [plan iscas99__b22] [plan] step=661 node=N66058 type=observe reward_pred=157150160.000000 sequence=6251032024.256035
[iscas99__b22 gpu2] [plan iscas99__b22] [plan] step=662 node=N14492 type=observe reward_pred=161389056.000000 sequence=6412421080.256035
[iscas99__b22 gpu2] [plan iscas99__b22] [plan] step=663 node=N44384 type=observe reward_pred=164519136.000000 sequence=6576940216.256035
[iscas99__b22 gpu2] [plan iscas99__b22] [plan] step=664 node=N14434 type=observe reward_pred=169330416.000000 sequence=6746270632.256035
[iscas99__b22 gpu2] [plan iscas99__b22] [plan] step=665 node=N33192 type=observe reward_pred=172833328.000000 sequence=6919103960.256035
[iscas99__b22 gpu2] [plan iscas99__b22] [plan] step=666 node=N34117 type=observe reward_pred=177867424.000000 sequence=7096971384.256035
[iscas99__b22 gpu2] [plan iscas99__b22] [plan] step=667 node=N33610 type=observe reward_pred=182780992.000000 sequence=7279752376.256035
[iscas99__b22 gpu2] [plan iscas99__b22] [plan] step=668 node=N33640 type=observe reward_pred=187770256.000000 sequence=7467522632.256035
[iscas99__b22 gpu2] [plan iscas99__b22] [plan] step=669 node=N33606 type=observe reward_pred=192868512.000000 sequence=7660391144.256035
[iscas99__b22 gpu2] [plan iscas99__b22] [plan] step=670 node=N44879 type=observe reward_pred=198094496.000000 sequence=7858485640.256035
[iscas99__b22 gpu2] [plan iscas99__b22] [plan] step=671 node=N44903 type=observe reward_pred=203454288.000000 sequence=8061939928.256035
[iscas99__b22 gpu2] [plan iscas99__b22] [plan] step=672 node=N33602 type=observe reward_pred=208952480.000000 sequence=8270892408.256035
[iscas99__b22 gpu2] [plan iscas99__b22] [plan] step=673 node=N53167 type=observe reward_pred=214594144.000000 sequence=8485486552.256035
[iscas99__b22 gpu2] [plan iscas99__b22] [plan] step=674 node=N51600 type=observe reward_pred=220383872.000000 sequence=8705870424.256035
[iscas99__b22 gpu2] [plan iscas99__b22] [plan] step=675 node=N34026 type=observe reward_pred=226326880.000000 sequence=8932197304.256035
[iscas99__b22 gpu2] [plan iscas99__b22] [plan] step=676 node=N53154 type=observe reward_pred=232427920.000000 sequence=9164625224.256035
[iscas99__b22 gpu2] [plan iscas99__b22] [plan] step=677 node=N51621 type=observe reward_pred=238691712.000000 sequence=9403316936.256035
[iscas99__b22 gpu2] [plan iscas99__b22] [plan] step=678 node=N33590 type=observe reward_pred=245122992.000000 sequence=9648439928.256035
[iscas99__b22 gpu2] [plan iscas99__b22] [plan] step=679 node=N44962 type=observe reward_pred=251726448.000000 sequence=9900166376.256035
[iscas99__b22 gpu2] [plan iscas99__b22] [plan] step=680 node=N44378 type=observe reward_pred=255942912.000000 sequence=10156109288.256035
[iscas99__b22 gpu2] [plan iscas99__b22] [plan] step=681 node=N14445 type=observe reward_pred=262710496.000000 sequence=10418819784.256035
[iscas99__b22 gpu2] [plan iscas99__b22] [plan] step=682 node=N14446 type=observe reward_pred=269556000.000000 sequence=10688375784.256035
[iscas99__b22 gpu2] [plan iscas99__b22] [plan] step=683 node=N14451 type=observe reward_pred=277249600.000000 sequence=10965625384.256035
[iscas99__b22 gpu2] [plan iscas99__b22] [plan] step=684 node=N18380 type=observe reward_pred=282659904.000000 sequence=11248285288.256035
[iscas99__b22 gpu2] [plan iscas99__b22] [plan] step=685 node=N1299 type=observe reward_pred=288996256.000000 sequence=11537281544.256035
[iscas99__b22 gpu2] [plan iscas99__b22] [plan] step=686 node=N34739 type=observe reward_pred=295675456.000000 sequence=11832957000.256035
[iscas99__b22 gpu2] [plan iscas99__b22] [plan] step=687 node=N14439 type=observe reward_pred=302001728.000000 sequence=12134958728.256035
[iscas99__b22 gpu2] [plan iscas99__b22] [plan] step=688 node=N14440 type=observe reward_pred=308621696.000000 sequence=12443580424.256035
[iscas99__b22 gpu2] [plan iscas99__b22] [plan] step=689 node=N32426 type=control1 reward_pred=315244256.000000 sequence=12758824680.256035
[iscas99__b22 gpu2] [plan iscas99__b22] [plan] step=690 node=N34741 type=observe reward_pred=322232000.000000 sequence=13081056680.256035
[iscas99__b22 gpu2] [plan iscas99__b22] [plan] step=691 node=N1212 type=control1 reward_pred=329576416.000000 sequence=13410633096.256035
[iscas99__b22 gpu2] [plan iscas99__b22] [plan] step=692 node=N1212 type=control0 reward_pred=337349312.000000 sequence=13747982408.256035
[iscas99__b22 gpu2] [plan iscas99__b22] [plan] step=693 node=N37087 type=observe reward_pred=345402304.000000 sequence=14093384712.256035
[iscas99__b22 gpu2] [plan iscas99__b22] [plan] step=694 node=N14429 type=observe reward_pred=353750304.000000 sequence=14447135016.256035
[iscas99__b22 gpu2] [plan iscas99__b22] [plan] step=695 node=N65805 type=observe reward_pred=362306976.000000 sequence=14809441992.256035
[iscas99__b22 gpu2] [plan iscas99__b22] [plan] step=696 node=N44366 type=observe reward_pred=371060992.000000 sequence=15180502984.256035
[iscas99__b22 gpu2] [plan iscas99__b22] [plan] step=697 node=N81176 type=control1 reward_pred=382223744.000000 sequence=15562726728.256035
[iscas99__b22 gpu2] [plan iscas99__b22] [plan] step=698 node=N44339 type=observe reward_pred=390688032.000000 sequence=15953414760.256035
[iscas99__b22 gpu2] [plan iscas99__b22] [plan] step=699 node=N34746 type=observe reward_pred=399502528.000000 sequence=16352917288.256035
[iscas99__b22 gpu2] [plan iscas99__b22] [plan] step=700 node=N14415 type=observe reward_pred=411487808.000000 sequence=16764405096.256035
[iscas99__b22 gpu2] [plan iscas99__b22] [plan] step=701 node=N14416 type=observe reward_pred=422950432.000000 sequence=17187355528.256035
[iscas99__b22 gpu2] [plan iscas99__b22] [plan] step=702 node=N44337 type=observe reward_pred=434600832.000000 sequence=17621956360.256035
[iscas99__b22 gpu2] [plan iscas99__b22] [plan] step=703 node=N30641 type=observe reward_pred=443481600.000000 sequence=18065437960.256035
[iscas99__b22 gpu2] [plan iscas99__b22] [plan] step=704 node=N30644 type=observe reward_pred=455371200.000000 sequence=18520809160.256035
[iscas99__b22 gpu2] [plan iscas99__b22] [plan] step=705 node=N33614 type=observe reward_pred=463721472.000000 sequence=18984530632.256035
[iscas99__b22 gpu2] [plan iscas99__b22] [plan] step=706 node=N19350 type=control0 reward_pred=472833088.000000 sequence=19457363720.256035
[iscas99__b22 gpu2] [plan iscas99__b22] [plan] step=707 node=N30643 type=observe reward_pred=482548448.000000 sequence=19939912168.256035
[iscas99__b22 gpu2] [plan iscas99__b22] [plan] step=708 node=N19352 type=control0 reward_pred=492189696.000000 sequence=20432101864.256035
[iscas99__b22 gpu2] [plan iscas99__b22] [plan] step=709 node=N30645 type=observe reward_pred=502572640.000000 sequence=20934674504.256035
[iscas99__b22 gpu2] [plan iscas99__b22] [plan] step=710 node=N30656 type=observe reward_pred=513393280.000000 sequence=21448067784.256035
[iscas99__b22 gpu2] [plan iscas99__b22] [plan] step=711 node=N34744 type=observe reward_pred=524391616.000000 sequence=21972459400.256035
[iscas99__b22 gpu2] [plan iscas99__b22] [plan] step=712 node=N2297 type=observe reward_pred=536231808.000000 sequence=22508691208.256035
[iscas99__b22 gpu2] [plan iscas99__b22] [plan] step=713 node=N19321 type=control0 reward_pred=549648768.000000 sequence=23058339976.256035
[iscas99__b22 gpu2] [plan iscas99__b22] [plan] step=714 node=N1991 type=observe reward_pred=566771008.000000 sequence=23625110984.256035
[iscas99__b22 gpu2] [plan iscas99__b22] [plan] step=715 node=N30647 type=observe reward_pred=582836864.000000 sequence=24207947848.256035
[iscas99__b22 gpu2] [plan iscas99__b22] [plan] step=716 node=N1992 type=observe reward_pred=597803968.000000 sequence=24805751816.256035
[iscas99__b22 gpu2] [plan iscas99__b22] [plan] step=717 node=N30650 type=observe reward_pred=614561664.000000 sequence=25420313480.256035
[iscas99__b22 gpu2] [plan iscas99__b22] [plan] step=718 node=N1993 type=observe reward_pred=631559488.000000 sequence=26051872968.256035
[iscas99__b22 gpu2] [plan iscas99__b22] [plan] step=719 node=N30652 type=observe reward_pred=648813952.000000 sequence=26700686920.256035
[iscas99__b22 gpu2] [plan iscas99__b22] [plan] step=720 node=N1994 type=observe reward_pred=666467584.000000 sequence=27367154504.256035
[iscas99__b22 gpu2] [plan iscas99__b22] [plan] step=721 node=N19364 type=control0 reward_pred=678363840.000000 sequence=28045518344.256035
[iscas99__b22 gpu2] [plan iscas99__b22] [plan] step=722 node=N19333 type=control0 reward_pred=695333440.000000 sequence=28740851784.256035
[iscas99__b22 gpu2] [plan iscas99__b22] [plan] step=723 node=N84532 type=control0 reward_pred=715799680.000000 sequence=29456651464.256035
[iscas99__b22 gpu2] [plan iscas99__b22] [plan] step=724 node=N84545 type=control0 reward_pred=735660480.000000 sequence=30192311944.256035
[iscas99__b22 gpu2] [plan iscas99__b22] [plan] step=725 node=N84547 type=control0 reward_pred=755807552.000000 sequence=30948119496.256035
[iscas99__b22 gpu2] [plan iscas99__b22] [plan] step=726 node=N84534 type=control0 reward_pred=776401088.000000 sequence=31724520584.256035
[iscas99__b22 gpu2] [plan iscas99__b22] [plan] step=727 node=N84517 type=control0 reward_pred=797459904.000000 sequence=32521980488.256035
[iscas99__b22 gpu2] [plan iscas99__b22] [plan] step=728 node=N84519 type=control0 reward_pred=819042496.000000 sequence=33341022984.256035
[iscas99__b22 gpu2] [plan iscas99__b22] [plan] step=729 node=N33570 type=control0 reward_pred=841176704.000000 sequence=34182199688.256035
[iscas99__b17 gpu5] [plan iscas99__b17] [plan] step=648 node=N54768 type=observe reward_pred=173692416.000000 sequence=6624739107.172064
[iscas99__b17 gpu5] [plan iscas99__b17] [plan] step=649 node=N54770 type=observe reward_pred=178369072.000000 sequence=6803108179.172064
[iscas99__b17 gpu5] [plan iscas99__b17] [plan] step=650 node=N55636 type=observe reward_pred=183171616.000000 sequence=6986279795.172064
[iscas99__b17 gpu5] [plan iscas99__b17] [plan] step=651 node=N52765 type=observe reward_pred=188103488.000000 sequence=7174383283.172064
[iscas99__b17 gpu5] [plan iscas99__b17] [plan] step=652 node=N53043 type=observe reward_pred=193168144.000000 sequence=7367551427.172064
[iscas99__b17 gpu5] [plan iscas99__b17] [plan] step=653 node=N54581 type=observe reward_pred=198369152.000000 sequence=7565920579.172064
[iscas99__b17 gpu5] [plan iscas99__b17] [plan] step=654 node=N55353 type=observe reward_pred=203710192.000000 sequence=7769630771.172064
[iscas99__b17 gpu5] [plan iscas99__b17] [plan] step=655 node=N55853 type=observe reward_pred=209195088.000000 sequence=7978825859.172064
[iscas99__b17 gpu5] [plan iscas99__b17] [plan] step=656 node=N53041 type=observe reward_pred=214827616.000000 sequence=8193653475.172064
[iscas99__b17 gpu5] [plan iscas99__b17] [plan] step=657 node=N54585 type=observe reward_pred=220611824.000000 sequence=8414265299.172064
[iscas99__b17 gpu5] [plan iscas99__b17] [plan] step=658 node=N51223 type=observe reward_pred=226551760.000000 sequence=8640817059.172064
[iscas99__b17 gpu5] [plan iscas99__b17] [plan] step=659 node=N52763 type=observe reward_pred=232651616.000000 sequence=8873468675.172064
[iscas99__b17 gpu5] [plan iscas99__b17] [plan] step=660 node=N55357 type=observe reward_pred=238915712.000000 sequence=9112384387.172064
[iscas99__b17 gpu5] [plan iscas99__b17] [plan] step=661 node=N54712 type=observe reward_pred=245348512.000000 sequence=9357732899.172064
[iscas99__b17 gpu5] [plan iscas99__b17] [plan] step=662 node=N51745 type=observe reward_pred=251954464.000000 sequence=9609687363.172064
[iscas99__b17 gpu5] [plan iscas99__b17] [plan] step=663 node=N55674 type=observe reward_pred=258738304.000000 sequence=9868425667.172064
[iscas99__b17 gpu5] [plan iscas99__b17] [plan] step=664 node=N55799 type=observe reward_pred=265704768.000000 sequence=10134130435.172064
[iscas99__b17 gpu5] [plan iscas99__b17] [plan] step=665 node=N54335 type=observe reward_pred=272858816.000000 sequence=10406989251.172064
[iscas99__b17 gpu5] [plan iscas99__b17] [plan] step=666 node=N55836 type=observe reward_pred=280205536.000000 sequence=10687194787.172064
[iscas99__b17 gpu5] [plan iscas99__b17] [plan] step=667 node=N51743 type=observe reward_pred=287750016.000000 sequence=10974944803.172064
[iscas99__b17 gpu5] [plan iscas99__b17] [plan] step=668 node=N51226 type=observe reward_pred=295497632.000000 sequence=11270442435.172064
[iscas99__b17 gpu5] [plan iscas99__b17] [plan] step=669 node=N54339 type=observe reward_pred=303453888.000000 sequence=11573896323.172064
[iscas99__b17 gpu5] [plan iscas99__b17] [plan] step=670 node=N55963 type=observe reward_pred=311624288.000000 sequence=11885520611.172064
[iscas99__b17 gpu5] [plan iscas99__b17] [plan] step=671 node=N55972 type=observe reward_pred=320014720.000000 sequence=12205535331.172064
[iscas99__b17 gpu5] [plan iscas99__b17] [plan] step=672 node=N52767 type=observe reward_pred=328631104.000000 sequence=12534166435.172064
[iscas99__b17 gpu5] [plan iscas99__b17] [plan] step=673 node=N53045 type=observe reward_pred=337479424.000000 sequence=12871645859.172064
[iscas99__b17 gpu5] [plan iscas99__b17] [plan] step=674 node=N55813 type=observe reward_pred=346566048.000000 sequence=13218211907.172064
[iscas99__b17 gpu5] [plan iscas99__b17] [plan] step=675 node=N54587 type=observe reward_pred=355897216.000000 sequence=13574109123.172064
[iscas99__b17 gpu5] [plan iscas99__b17] [plan] step=676 node=N51591 type=observe reward_pred=365479712.000000 sequence=13939588835.172064
[iscas99__b17 gpu5] [plan iscas99__b17] [plan] step=677 node=N55359 type=observe reward_pred=375320160.000000 sequence=14314908995.172064
[iscas99__b17 gpu5] [plan iscas99__b17] [plan] step=678 node=N51747 type=observe reward_pred=385425632.000000 sequence=14700334627.172064
[iscas99__b17 gpu5] [plan iscas99__b17] [plan] step=679 node=N54579 type=observe reward_pred=395803168.000000 sequence=15096137795.172064
[iscas99__b17 gpu5] [plan iscas99__b17] [plan] step=680 node=N54589 type=observe reward_pred=406460096.000000 sequence=15502597891.172064
[iscas99__b17 gpu5] [plan iscas99__b17] [plan] step=681 node=N55351 type=observe reward_pred=417404000.000000 sequence=15920001891.172064
[iscas99__b17 gpu5] [plan iscas99__b17] [plan] step=682 node=N51595 type=observe reward_pred=428642496.000000 sequence=16348644387.172064
[iscas99__b17 gpu5] [plan iscas99__b17] [plan] step=683 node=N52769 type=observe reward_pred=440183616.000000 sequence=16788828003.172064
[iscas99__b17 gpu5] [plan iscas99__b17] [plan] step=684 node=N55966 type=observe reward_pred=452035456.000000 sequence=17240863459.172066
[iscas99__b17 gpu5] [plan iscas99__b17] [plan] step=685 node=N51968 type=observe reward_pred=464206400.000000 sequence=17705069859.172066
[iscas99__b17 gpu5] [plan iscas99__b17] [plan] step=686 node=N55361 type=observe reward_pred=476705120.000000 sequence=18181774979.172066
[iscas99__b17 gpu5] [plan iscas99__b17] [plan] step=687 node=N51227 type=observe reward_pred=489540288.000000 sequence=18671315267.172066
[iscas99__b17 gpu5] [plan iscas99__b17] [plan] step=688 node=N53047 type=observe reward_pred=502721120.000000 sequence=19174036387.172066
[iscas99__b17 gpu5] [plan iscas99__b17] [plan] step=689 node=N54772 type=observe reward_pred=516256768.000000 sequence=19690293155.172066
[iscas99__b17 gpu5] [plan iscas99__b17] [plan] step=690 node=N54591 type=observe reward_pred=530156928.000000 sequence=20220450083.172066
[iscas99__b17 gpu5] [plan iscas99__b17] [plan] step=691 node=N54341 type=observe reward_pred=544431232.000000 sequence=20764881315.172066
[iscas99__b17 gpu5] [plan iscas99__b17] [plan] step=692 node=N55959 type=observe reward_pred=559089984.000000 sequence=21323971299.172066
[iscas99__b17 gpu5] [plan iscas99__b17] [plan] step=693 node=N55975 type=observe reward_pred=574143424.000000 sequence=21898114723.172066
[iscas99__b17 gpu5] [plan iscas99__b17] [plan] step=694 node=N55363 type=observe reward_pred=589602176.000000 sequence=22487716899.172066
[iscas99__b17 gpu5] [plan iscas99__b17] [plan] step=695 node=N55750 type=observe reward_pred=605476352.000000 sequence=23093193251.172066
[iscas99__b17 gpu5] [plan iscas99__b17] [plan] step=696 node=N55979 type=observe reward_pred=621778816.000000 sequence=23714972067.172066
[iscas99__b17 gpu5] [plan iscas99__b17] [plan] step=697 node=N54714 type=observe reward_pred=638520064.000000 sequence=24353492131.172066
[iscas99__b17 gpu5] [plan iscas99__b17] [plan] step=698 node=N51749 type=observe reward_pred=655712192.000000 sequence=25009204323.172066
[iscas99__b17 gpu5] [plan iscas99__b17] [plan] step=699 node=N55863 type=observe reward_pred=673367168.000000 sequence=25682571491.172066
[iscas99__b17 gpu5] [plan iscas99__b17] [plan] step=700 node=N54333 type=observe reward_pred=691497408.000000 sequence=26374068899.172066
[iscas99__b17 gpu5] [plan iscas99__b17] [plan] step=701 node=N54343 type=observe reward_pred=710115904.000000 sequence=27084184803.172066
[iscas99__b17 gpu5] [plan iscas99__b17] [plan] step=702 node=N55896 type=observe reward_pred=729234816.000000 sequence=27813419619.172066
[iscas99__b17 gpu5] [plan iscas99__b17] [plan] step=703 node=N55745 type=observe reward_pred=748868672.000000 sequence=28562288291.172066
[iscas99__b17 gpu5] [plan iscas99__b17] [plan] step=704 node=N55755 type=observe reward_pred=769031360.000000 sequence=29331319651.172066
[iscas99__b17 gpu5] [plan iscas99__b17] [plan] step=705 node=N54345 type=observe reward_pred=789737600.000000 sequence=30121057251.172066
[iscas99__b17 gpu5] [plan iscas99__b17] [plan] step=706 node=N56532 type=observe reward_pred=811001216.000000 sequence=30932058467.172066
[iscas99__b17 gpu5] [plan iscas99__b17] [plan] step=707 node=N55641 type=observe reward_pred=832836544.000000 sequence=31764895011.172066
[iscas99__b17 gpu5] [plan iscas99__b17] [plan] step=708 node=N51597 type=observe reward_pred=855260544.000000 sequence=32620155555.172066
[iscas99__b17 gpu5] [plan iscas99__b17] [plan] step=709 node=N52771 type=observe reward_pred=878288448.000000 sequence=33498444003.172066
[iscas99__b17 gpu5] [plan iscas99__b17] [plan] step=710 node=N51589 type=observe reward_pred=901936320.000000 sequence=34400380323.172066
[iscas99__b17 gpu5] [plan iscas99__b17] [plan] step=711 node=N51599 type=observe reward_pred=926220800.000000 sequence=35326601123.172066
[iscas99__b17 gpu5] [plan iscas99__b17] [plan] step=712 node=N53049 type=observe reward_pred=951159168.000000 sequence=36277760291.172066
[iscas99__b17 gpu5] [plan iscas99__b17] [plan] step=713 node=N60231 type=observe reward_pred=976768960.000000 sequence=37254529251.172066
[iscas99__b17 gpu5] [plan iscas99__b17] [plan] step=714 node=N53103 type=observe reward_pred=1003068288.000000 sequence=38257597539.172066
[iscas99__b17 gpu5] [plan iscas99__b17] [plan] step=715 node=N51601 type=observe reward_pred=1030075712.000000 sequence=39287673251.172066
[iscas99__b17 gpu5] [plan iscas99__b17] [plan] step=716 node=N54595 type=observe reward_pred=1057810304.000000 sequence=40345483555.172066
[iscas99__b17 gpu5] [plan iscas99__b17] [plan] step=717 node=N51751 type=observe reward_pred=1086291712.000000 sequence=41431775267.172066
[iscas99__b17 gpu5] [plan iscas99__b17] [plan] step=718 node=N55367 type=observe reward_pred=1115539968.000000 sequence=42547315235.172066
[iscas99__b17 gpu5] [plan iscas99__b17] [plan] step=719 node=N52773 type=observe reward_pred=1145575552.000000 sequence=43692890787.172066
[iscas99__b17 gpu5] [plan iscas99__b17] [plan] step=720 node=N53051 type=observe reward_pred=1176420096.000000 sequence=44869310883.172066
[iscas99__b17 gpu5] [plan iscas99__b17] [plan] step=721 node=N54349 type=observe reward_pred=1208095104.000000 sequence=46077405987.172066
[iscas99__b17 gpu5] [plan iscas99__b17] [plan] step=722 node=N60336 type=observe reward_pred=1240622720.000000 sequence=47318028707.172066
[iscas99__b17 gpu5] [plan iscas99__b17] [plan] step=723 node=N55844 type=observe reward_pred=1274026240.000000 sequence=48592054947.172066
[iscas99__b17 gpu5] [plan iscas99__b17] [plan] step=724 node=N54716 type=observe reward_pred=1308329216.000000 sequence=49900384163.172066
[iscas99__b17 gpu5] [plan iscas99__b17] [plan] step=725 node=N51753 type=observe reward_pred=1343555712.000000 sequence=51243939875.172066
[iscas99__b17 gpu5] [plan iscas99__b17] [plan] step=726 node=N54593 type=observe reward_pred=1379730816.000000 sequence=52623670691.172066
[iscas99__b17 gpu5] [plan iscas99__b17] [plan] step=727 node=N51230 type=observe reward_pred=1416879872.000000 sequence=54040550563.172066
[iscas99__b17 gpu5] [plan iscas99__b17] [plan] step=728 node=N55365 type=observe reward_pred=1455029248.000000 sequence=55495579811.172066
[iscas99__b17 gpu5] [plan iscas99__b17] [plan] step=729 node=N54597 type=observe reward_pred=1494205440.000000 sequence=56989785251.172066
[iscas99__b17 gpu5] [plan iscas99__b17] [plan] step=730 node=N51231 type=observe reward_pred=1534436736.000000 sequence=58524221987.172066
[iscas99__b17 gpu5] [plan iscas99__b17] [plan] step=731 node=N52775 type=observe reward_pred=1575751296.000000 sequence=60099973283.172066
[iscas99__b22 gpu2] [plan iscas99__b22] [plan] step=730 node=N19366 type=control0 reward_pred=863885632.000000 sequence=35046085320.256035
[iscas99__b22 gpu2] [plan iscas99__b22] [plan] step=731 node=N19335 type=control0 reward_pred=887182784.000000 sequence=35933268104.256035
[iscas99__b22 gpu2] [plan iscas99__b22] [plan] step=732 node=N19354 type=control0 reward_pred=903949440.000000 sequence=36837217544.256035
[iscas99__b22 gpu2] [plan iscas99__b22] [plan] step=733 node=N19325 type=control0 reward_pred=928070784.000000 sequence=37765288328.256035
[iscas99__b22 gpu2] [plan iscas99__b22] [plan] step=734 node=N84529 type=control0 reward_pred=954712448.000000 sequence=38720000776.256035
[iscas99__b22 gpu2] [plan iscas99__b22] [plan] step=735 node=N84531 type=control0 reward_pred=980940288.000000 sequence=39700941064.256035
[iscas99__b22 gpu2] [plan iscas99__b22] [plan] step=736 node=N18564 type=control0 reward_pred=1007647040.000000 sequence=40708588104.256035
[iscas99__b22 gpu2] [plan iscas99__b22] [plan] step=737 node=N18594 type=control0 reward_pred=1034992064.000000 sequence=41743580168.256035
[iscas99__b22 gpu2] [plan iscas99__b22] [plan] step=738 node=N13053 type=control0 reward_pred=1062454656.000000 sequence=42806034824.256035
[iscas99__b22 gpu2] [plan iscas99__b22] [plan] step=739 node=N13022 type=control0 reward_pred=1089196800.000000 sequence=43895231624.256035
[iscas99__b22 gpu2] [plan iscas99__b22] [plan] step=740 node=N18560 type=control0 reward_pred=1119336576.000000 sequence=45014568200.256035
[iscas99__b22 gpu2] [plan iscas99__b22] [plan] step=741 node=N33573 type=control0 reward_pred=1149719552.000000 sequence=46164287752.256035
[iscas99__b22 gpu2] [plan iscas99__b22] [plan] step=742 node=N84514 type=control0 reward_pred=1180824320.000000 sequence=47345112072.256035
[iscas99__b22 gpu2] [plan iscas99__b22] [plan] step=743 node=N84516 type=control0 reward_pred=1212717824.000000 sequence=48557829896.256035
[iscas99__b22 gpu2] [plan iscas99__b22] [plan] step=744 node=N18553 type=control0 reward_pred=1245435392.000000 sequence=49803265288.256035
[iscas99__b22 gpu2] [plan iscas99__b22] [plan] step=745 node=N18592 type=control0 reward_pred=1279015680.000000 sequence=51082280968.256035
[iscas99__b22 gpu2] [plan iscas99__b22] [plan] step=746 node=N18580 type=control0 reward_pred=1313486592.000000 sequence=52395767560.256035
[iscas99__b22 gpu2] [plan iscas99__b22] [plan] step=747 node=N84511 type=control0 reward_pred=1348877056.000000 sequence=53744644616.256035
[iscas99__b22 gpu2] [plan iscas99__b22] [plan] step=748 node=N84513 type=control0 reward_pred=1385213440.000000 sequence=55129858056.256035
[iscas99__b22 gpu2] [plan iscas99__b22] [plan] step=749 node=N80286 type=control0 reward_pred=1422523136.000000 sequence=56552381192.256035
[iscas99__b22 gpu2] [plan iscas99__b22] [plan] step=750 node=N80288 type=control0 reward_pred=1460833792.000000 sequence=58013214984.256035
[iscas99__b22 gpu2] [plan iscas99__b22] [plan] step=751 node=N18579 type=control0 reward_pred=1500173568.000000 sequence=59513388552.256035
[iscas99__b22 gpu2] [plan iscas99__b22] [plan] step=752 node=N13055 type=control0 reward_pred=1540570880.000000 sequence=61053959432.256035
[iscas99__b22 gpu2] [plan iscas99__b22] [plan] step=753 node=N13024 type=control0 reward_pred=1582054912.000000 sequence=62636014344.256035
[iscas99__b22 gpu2] [plan iscas99__b22] [plan] step=754 node=N18583 type=control0 reward_pred=1624654592.000000 sequence=64260668936.256035
[iscas99__b22 gpu2] [plan iscas99__b22] [plan] step=755 node=N33574 type=control0 reward_pred=1668399616.000000 sequence=65929068552.256035
[iscas99__b22 gpu2] [plan iscas99__b22] [plan] step=756 node=N84508 type=control0 reward_pred=1713321984.000000 sequence=67642390536.256035
[iscas99__b22 gpu2] [plan iscas99__b22] [plan] step=757 node=N84510 type=control0 reward_pred=1759453440.000000 sequence=69401843976.256042
[iscas99__b22 gpu2] [plan iscas99__b22] [plan] step=758 node=N18591 type=control0 reward_pred=1806826752.000000 sequence=71208670728.256042
[iscas99__b22 gpu2] [plan iscas99__b22] [plan] step=759 node=N19250 type=control0 reward_pred=1855475584.000000 sequence=73064146312.256042
[iscas99__b22 gpu2] [plan iscas99__b22] [plan] step=760 node=N19368 type=control0 reward_pred=1905434112.000000 sequence=74969580424.256042
[iscas99__b22 gpu2] [plan iscas99__b22] [plan] step=761 node=N19339 type=control0 reward_pred=1956737536.000000 sequence=76926317960.256042
[iscas99__b22 gpu2] [plan iscas99__b22] [plan] step=762 node=N18572 type=control0 reward_pred=2009422336.000000 sequence=78935740296.256042
[iscas99__b22 gpu2] [plan iscas99__b22] [plan] step=763 node=N19318 type=control1 reward_pred=2063525632.000000 sequence=80999265928.256042
[iscas99__b22 gpu2] [plan iscas99__b22] [plan] step=764 node=N19319 type=control1 reward_pred=2119085568.000000 sequence=83118351496.256042
[iscas99__b22 gpu2] [plan iscas99__b22] [plan] step=765 node=N80283 type=control0 reward_pred=2176141824.000000 sequence=85294493320.256042
[iscas99__b22 gpu2] [plan iscas99__b22] [plan] step=766 node=N80285 type=control0 reward_pred=2234734080.000000 sequence=87529227400.256042
[iscas99__b22 gpu2] [plan iscas99__b22] [plan] step=767 node=N18590 type=control0 reward_pred=2294903552.000000 sequence=89824130952.256042
[iscas99__b22 gpu2] [plan iscas99__b22] [plan] step=768 node=N18523 type=control0 reward_pred=2356693760.000000 sequence=92180824712.256042
[iscas99__b22 gpu2] [plan iscas99__b22] [plan] step=769 node=N19314 type=control1 reward_pred=2420146944.000000 sequence=94600971656.256042
[iscas99__b22 gpu2] [plan iscas99__b22] [plan] step=770 node=N18571 type=control0 reward_pred=2485309440.000000 sequence=97086281096.256042
[iscas99__b22 gpu2] [plan iscas99__b22] [plan] step=771 node=N80280 type=control0 reward_pred=2552226048.000000 sequence=99638507144.256042
[iscas99__b22 gpu2] [plan iscas99__b22] [plan] step=772 node=N80282 type=control0 reward_pred=2620944384.000000 sequence=102259451528.256042
[iscas99__b22 gpu2] [plan iscas99__b22] [plan] step=773 node=N18570 type=control0 reward_pred=2691512576.000000 sequence=104950964104.256042
[iscas99__b22 gpu2] [plan iscas99__b22] [plan] step=774 node=N19249 type=control0 reward_pred=2763981056.000000 sequence=107714945160.256042
[iscas99__b22 gpu2] [plan iscas99__b22] [plan] step=775 node=N47938 type=control1 reward_pred=2838401024.000000 sequence=110553346184.256042
[iscas99__b22 gpu2] [plan iscas99__b22] [plan] step=776 node=N47930 type=control1 reward_pred=2914824192.000000 sequence=113468170376.256042
[iscas99__b22 gpu2] [plan iscas99__b22] [plan] step=777 node=N84505 type=control0 reward_pred=2993305088.000000 sequence=116461475464.256042
[iscas99__b22 gpu2] [plan iscas99__b22] [plan] step=778 node=N84507 type=control0 reward_pred=3073899008.000000 sequence=119535374472.256042
[iscas99__b22 gpu2] [plan iscas99__b22] [plan] step=779 node=N18518 type=control0 reward_pred=3156663296.000000 sequence=122692037768.256042
[iscas99__b22 gpu2] [plan iscas99__b22] [plan] step=780 node=N47924 type=control1 reward_pred=3241656576.000000 sequence=125933694344.256042
[iscas99__b22 gpu2] [plan iscas99__b22] [plan] step=781 node=N47969 type=control1 reward_pred=3328937472.000000 sequence=129262631816.256042
[iscas99__b22 gpu2] [plan iscas99__b22] [plan] step=782 node=N47959 type=control1 reward_pred=3418568704.000000 sequence=132681200520.256042
[iscas99__b22 gpu2] [plan iscas99__b22] [plan] step=783 node=N18582 type=control0 reward_pred=3510612992.000000 sequence=136191813512.256042
[iscas99__b22 gpu2] [plan iscas99__b22] [plan] step=784 node=N47957 type=control1 reward_pred=3605135616.000000 sequence=139796949128.256042
[iscas99__b22 gpu2] [plan iscas99__b22] [plan] step=785 node=N47955 type=control1 reward_pred=3702203392.000000 sequence=143499152520.256042
[iscas99__b22 gpu2] [plan iscas99__b22] [plan] step=786 node=N19356 type=control0 reward_pred=3777080576.000000 sequence=147276233096.256042
[iscas99__b22 gpu2] [plan iscas99__b22] [plan] step=787 node=N19327 type=control0 reward_pred=3881019392.000000 sequence=151157252488.256042
[iscas99__b22 gpu2] [plan iscas99__b22] [plan] step=788 node=N84526 type=control0 reward_pred=3990416384.000000 sequence=155147668872.256042
[iscas99__b22 gpu2] [plan iscas99__b22] [plan] step=789 node=N84528 type=control0 reward_pred=4099312640.000000 sequence=159246981512.256042
[iscas99__b22 gpu2] [plan iscas99__b22] [plan] step=790 node=N19317 type=control1 reward_pred=4210555136.000000 sequence=163457536648.256042
[iscas99__b22 gpu2] [plan iscas99__b22] [plan] step=791 node=N47932 type=control1 reward_pred=4324518912.000000 sequence=167782055560.256042
[iscas99__b22 gpu2] [plan iscas99__b22] [plan] step=792 node=N47961 type=control1 reward_pred=4441333760.000000 sequence=172223389320.256042
[iscas99__b22 gpu2] [plan iscas99__b22] [plan] step=793 node=N80277 type=control0 reward_pred=4561190912.000000 sequence=176784580232.256042
[iscas99__b22 gpu2] [plan iscas99__b22] [plan] step=794 node=N80279 type=control0 reward_pred=4684199424.000000 sequence=181468779656.256042
[iscas99__b22 gpu2] [plan iscas99__b22] [plan] step=795 node=N33571 type=control0 reward_pred=4810470400.000000 sequence=186279250056.256042
[iscas99__b22 gpu2] [plan iscas99__b22] [plan] step=796 node=N18520 type=control0 reward_pred=4940105216.000000 sequence=191219355272.256042
[iscas99__b22 gpu2] [plan iscas99__b22] [plan] step=797 node=N19248 type=control0 reward_pred=5073200640.000000 sequence=196292555912.256042
[iscas99__b22 gpu2] [plan iscas99__b22] [plan] step=798 node=N19313 type=control1 reward_pred=5209856512.000000 sequence=201502412424.256042
[iscas99__b22 gpu2] [plan iscas99__b22] [plan] step=799 node=N12939 type=control0 reward_pred=5350175232.000000 sequence=206852587656.256042
[iscas99__b22 gpu2] [plan iscas99__b22] [plan] step=800 node=N13057 type=control0 reward_pred=5494260224.000000 sequence=212346847880.256042
[iscas99__b22 gpu2] [plan iscas99__b22] [plan] step=801 node=N13028 type=control0 reward_pred=5642215936.000000 sequence=217989063816.256042
[iscas99__b22 gpu2] [plan iscas99__b22] [plan] step=802 node=N84502 type=control0 reward_pred=5794149376.000000 sequence=223783213192.256042
[iscas99__b22 gpu2] [plan iscas99__b22] [plan] step=803 node=N84504 type=control0 reward_pred=5950170624.000000 sequence=229733383816.256042
[iscas99__b22 gpu2] [plan iscas99__b22] [plan] step=804 node=N47940 type=control1 reward_pred=6110387712.000000 sequence=235843771528.256042
[iscas99__b22 gpu2] [plan iscas99__b22] [plan] step=805 node=N47971 type=control1 reward_pred=6274917376.000000 sequence=242118688904.256042
[iscas99__b22 gpu2] [plan iscas99__b22] [plan] step=806 node=N19247 type=control0 reward_pred=6443873792.000000 sequence=248562562696.256042
[iscas99__b22 gpu2] [plan iscas99__b22] [plan] step=807 node=N13003 type=control1 reward_pred=6617379328.000000 sequence=255179942024.256042
[iscas99__b22 gpu2] [plan iscas99__b22] [plan] step=808 node=N12938 type=control0 reward_pred=6795553280.000000 sequence=261975495304.256042
[iscas99__b22 gpu2] [plan iscas99__b22] [plan] step=809 node=N84499 type=control0 reward_pred=6978523136.000000 sequence=268954018440.256042
[iscas99__b22 gpu2] [plan iscas99__b22] [plan] step=810 node=N84501 type=control0 reward_pred=7166418944.000000 sequence=276120437384.256042
[iscas99__b22 gpu2] [plan iscas99__b22] [plan] step=811 node=N33787 type=control1 reward_pred=7359373312.000000 sequence=283479810696.256042
[openabcd__mem_ctrl_orig gpu6] [plan openabcd__mem_ctrl_orig] [plan] step=560 node=N95218 type=control0 reward_pred=20079912.000000 sequence=765851423.847007
[openabcd__mem_ctrl_orig gpu6] [plan openabcd__mem_ctrl_orig] [plan] step=561 node=N2256 type=observe reward_pred=20620558.000000 sequence=786471981.847007
[openabcd__mem_ctrl_orig gpu6] [plan openabcd__mem_ctrl_orig] [plan] step=562 node=N93111 type=observe reward_pred=21175766.000000 sequence=807647747.847007
[openabcd__mem_ctrl_orig gpu6] [plan openabcd__mem_ctrl_orig] [plan] step=563 node=N102702 type=observe reward_pred=21745920.000000 sequence=829393667.847007
[openabcd__mem_ctrl_orig gpu6] [plan openabcd__mem_ctrl_orig] [plan] step=564 node=N2201 type=observe reward_pred=22331422.000000 sequence=851725089.847007
[openabcd__mem_ctrl_orig gpu6] [plan openabcd__mem_ctrl_orig] [plan] step=565 node=N102701 type=observe reward_pred=22932694.000000 sequence=874657783.847007
[openabcd__mem_ctrl_orig gpu6] [plan openabcd__mem_ctrl_orig] [plan] step=566 node=N2043 type=observe reward_pred=23550152.000000 sequence=898207935.847007
[openabcd__mem_ctrl_orig gpu6] [plan openabcd__mem_ctrl_orig] [plan] step=567 node=N14390 type=observe reward_pred=24184234.000000 sequence=922392169.847007
[openabcd__mem_ctrl_orig gpu6] [plan openabcd__mem_ctrl_orig] [plan] step=568 node=N14277 type=observe reward_pred=24835388.000000 sequence=947227557.847007
[openabcd__mem_ctrl_orig gpu6] [plan openabcd__mem_ctrl_orig] [plan] step=569 node=N101689 type=observe reward_pred=25504076.000000 sequence=972731633.847007
[openabcd__mem_ctrl_orig gpu6] [plan openabcd__mem_ctrl_orig] [plan] step=570 node=N23511 type=observe reward_pred=26190770.000000 sequence=998922403.847007
[openabcd__mem_ctrl_orig gpu6] [plan openabcd__mem_ctrl_orig] [plan] step=571 node=N92138 type=observe reward_pred=26895948.000000 sequence=1025818351.847007
[openabcd__mem_ctrl_orig gpu6] [plan openabcd__mem_ctrl_orig] [plan] step=572 node=N2852 type=observe reward_pred=27620120.000000 sequence=1053438471.847007
[openabcd__mem_ctrl_orig gpu6] [plan openabcd__mem_ctrl_orig] [plan] step=573 node=N16148 type=observe reward_pred=28363786.000000 sequence=1081802257.847007
[openabcd__mem_ctrl_orig gpu6] [plan openabcd__mem_ctrl_orig] [plan] step=574 node=N12544 type=observe reward_pred=29127478.000000 sequence=1110929735.847007
[openabcd__mem_ctrl_orig gpu6] [plan openabcd__mem_ctrl_orig] [plan] step=575 node=N96352 type=observe reward_pred=29911728.000000 sequence=1140841463.847007
[openabcd__mem_ctrl_orig gpu6] [plan openabcd__mem_ctrl_orig] [plan] step=576 node=N2204 type=observe reward_pred=30717096.000000 sequence=1171558559.847007
[openabcd__mem_ctrl_orig gpu6] [plan openabcd__mem_ctrl_orig] [plan] step=577 node=N2013 type=control0 reward_pred=31544148.000000 sequence=1203102707.847007
[openabcd__mem_ctrl_orig gpu6] [plan openabcd__mem_ctrl_orig] [plan] step=578 node=N95188 type=observe reward_pred=32393466.000000 sequence=1235496173.847007
[openabcd__mem_ctrl_orig gpu6] [plan openabcd__mem_ctrl_orig] [plan] step=579 node=N95180 type=observe reward_pred=33265660.000000 sequence=1268761833.847007
[openabcd__mem_ctrl_orig gpu6] [plan openabcd__mem_ctrl_orig] [plan] step=580 node=N16113 type=observe reward_pred=34161332.000000 sequence=1302923165.847007
[openabcd__mem_ctrl_orig gpu6] [plan openabcd__mem_ctrl_orig] [plan] step=581 node=N14272 type=observe reward_pred=35081120.000000 sequence=1338004285.847007
[openabcd__mem_ctrl_orig gpu6] [plan openabcd__mem_ctrl_orig] [plan] step=582 node=N2075 type=observe reward_pred=36025672.000000 sequence=1374029957.847007
[openabcd__mem_ctrl_orig gpu6] [plan openabcd__mem_ctrl_orig] [plan] step=583 node=N2051 type=observe reward_pred=36995656.000000 sequence=1411025613.847007
[openabcd__mem_ctrl_orig gpu6] [plan openabcd__mem_ctrl_orig] [plan] step=584 node=N14363 type=observe reward_pred=37991760.000000 sequence=1449017373.847007
[openabcd__mem_ctrl_orig gpu6] [plan openabcd__mem_ctrl_orig] [plan] step=585 node=N2384 type=observe reward_pred=39014680.000000 sequence=1488032053.847007
[openabcd__mem_ctrl_orig gpu6] [plan openabcd__mem_ctrl_orig] [plan] step=586 node=N2837 type=observe reward_pred=40065140.000000 sequence=1528097193.847007
[openabcd__mem_ctrl_orig gpu6] [plan openabcd__mem_ctrl_orig] [plan] step=587 node=N2003 type=control0 reward_pred=41143884.000000 sequence=1569241077.847007
[openabcd__mem_ctrl_orig gpu6] [plan openabcd__mem_ctrl_orig] [plan] step=588 node=N2382 type=observe reward_pred=42251676.000000 sequence=1611492753.847007
[openabcd__mem_ctrl_orig gpu6] [plan openabcd__mem_ctrl_orig] [plan] step=589 node=N103695 type=observe reward_pred=43389300.000000 sequence=1654882053.847007
[openabcd__mem_ctrl_orig gpu6] [plan openabcd__mem_ctrl_orig] [plan] step=590 node=N95185 type=observe reward_pred=44557552.000000 sequence=1699439605.847007
[openabcd__mem_ctrl_orig gpu6] [plan openabcd__mem_ctrl_orig] [plan] step=591 node=N2050 type=observe reward_pred=45757256.000000 sequence=1745196861.847007
[openabcd__mem_ctrl_orig gpu6] [plan openabcd__mem_ctrl_orig] [plan] step=592 node=N95187 type=observe reward_pred=46989264.000000 sequence=1792186125.847007
[openabcd__mem_ctrl_orig gpu6] [plan openabcd__mem_ctrl_orig] [plan] step=593 node=N92034 type=observe reward_pred=48254440.000000 sequence=1840440565.847007
[openabcd__mem_ctrl_orig gpu6] [plan openabcd__mem_ctrl_orig] [plan] step=594 node=N12571 type=observe reward_pred=49553680.000000 sequence=1889994245.847007
[openabcd__mem_ctrl_orig gpu6] [plan openabcd__mem_ctrl_orig] [plan] step=595 node=N14589 type=observe reward_pred=50887904.000000 sequence=1940882149.847007
[openabcd__mem_ctrl_orig gpu6] [plan openabcd__mem_ctrl_orig] [plan] step=596 node=N2394 type=observe reward_pred=52258056.000000 sequence=1993140205.847007
[openabcd__mem_ctrl_orig gpu6] [plan openabcd__mem_ctrl_orig] [plan] step=597 node=N2627 type=observe reward_pred=53665096.000000 sequence=2046805301.847007
[openabcd__mem_ctrl_orig gpu6] [plan openabcd__mem_ctrl_orig] [plan] step=598 node=N2353 type=observe reward_pred=55110012.000000 sequence=2101915313.847007
[openabcd__mem_ctrl_orig gpu6] [plan openabcd__mem_ctrl_orig] [plan] step=599 node=N96143 type=observe reward_pred=56593840.000000 sequence=2158509153.847007
[openabcd__mem_ctrl_orig gpu6] [plan openabcd__mem_ctrl_orig] [plan] step=600 node=N100401 type=observe reward_pred=58117632.000000 sequence=2216626785.847007
[openabcd__mem_ctrl_orig gpu6] [plan openabcd__mem_ctrl_orig] [plan] step=601 node=N15734 type=observe reward_pred=59682436.000000 sequence=2276309221.847007
[openabcd__mem_ctrl_orig gpu6] [plan openabcd__mem_ctrl_orig] [plan] step=602 node=N100387 type=observe reward_pred=61289372.000000 sequence=2337598593.847007
[openabcd__mem_ctrl_orig gpu6] [plan openabcd__mem_ctrl_orig] [plan] step=603 node=N96144 type=observe reward_pred=62939584.000000 sequence=2400538177.847007
[openabcd__mem_ctrl_orig gpu6] [plan openabcd__mem_ctrl_orig] [plan] step=604 node=N2846 type=observe reward_pred=64634220.000000 sequence=2465172397.847007
[openabcd__mem_ctrl_orig gpu6] [plan openabcd__mem_ctrl_orig] [plan] step=605 node=N2307 type=observe reward_pred=66374488.000000 sequence=2531546885.847007
[openabcd__mem_ctrl_orig gpu6] [plan openabcd__mem_ctrl_orig] [plan] step=606 node=N11432 type=observe reward_pred=68161600.000000 sequence=2599708485.847007
[openabcd__mem_ctrl_orig gpu6] [plan openabcd__mem_ctrl_orig] [plan] step=607 node=N2090 type=observe reward_pred=69996848.000000 sequence=2669705333.847007
[openabcd__mem_ctrl_orig gpu6] [plan openabcd__mem_ctrl_orig] [plan] step=608 node=N2331 type=observe reward_pred=71881504.000000 sequence=2741586837.847007
[openabcd__mem_ctrl_orig gpu6] [plan openabcd__mem_ctrl_orig] [plan] step=609 node=N91956 type=observe reward_pred=73816896.000000 sequence=2815403733.847007
[openabcd__mem_ctrl_orig gpu6] [plan openabcd__mem_ctrl_orig] [plan] step=610 node=N18405 type=observe reward_pred=75804416.000000 sequence=2891208149.847007
[openabcd__mem_ctrl_orig gpu6] [plan openabcd__mem_ctrl_orig] [plan] step=611 node=N2027 type=observe reward_pred=77845432.000000 sequence=2969053581.847007
[openabcd__mem_ctrl_orig gpu6] [plan openabcd__mem_ctrl_orig] [plan] step=612 node=N50998 type=observe reward_pred=79941408.000000 sequence=3048994989.847007
[openabcd__mem_ctrl_orig gpu6] [plan openabcd__mem_ctrl_orig] [plan] step=613 node=N16338 type=observe reward_pred=82093824.000000 sequence=3131088813.847007
[openabcd__mem_ctrl_orig gpu6] [plan openabcd__mem_ctrl_orig] [plan] step=614 node=N95226 type=control0 reward_pred=84304184.000000 sequence=3215392997.847007
[openabcd__mem_ctrl_orig gpu6] [plan openabcd__mem_ctrl_orig] [plan] step=615 node=N23501 type=observe reward_pred=86574056.000000 sequence=3301967053.847007
[openabcd__mem_ctrl_orig gpu6] [plan openabcd__mem_ctrl_orig] [plan] step=616 node=N2276 type=observe reward_pred=88905056.000000 sequence=3390872109.847007
[openabcd__mem_ctrl_orig gpu6] [plan openabcd__mem_ctrl_orig] [plan] step=617 node=N21900 type=observe reward_pred=91298800.000000 sequence=3482170909.847007
[openabcd__mem_ctrl_orig gpu6] [plan openabcd__mem_ctrl_orig] [plan] step=618 node=N14592 type=observe reward_pred=93757008.000000 sequence=3575927917.847007
[openabcd__mem_ctrl_orig gpu6] [plan openabcd__mem_ctrl_orig] [plan] step=619 node=N100402 type=observe reward_pred=96281400.000000 sequence=3672209317.847007
[openabcd__mem_ctrl_orig gpu6] [plan openabcd__mem_ctrl_orig] [plan] step=620 node=N68027 type=observe reward_pred=98873752.000000 sequence=3771083069.847007
[openabcd__mem_ctrl_orig gpu6] [plan openabcd__mem_ctrl_orig] [plan] step=621 node=N2388 type=observe reward_pred=101535912.000000 sequence=3872618981.847007
[openabcd__mem_ctrl_orig gpu6] [plan openabcd__mem_ctrl_orig] [plan] step=622 node=N93086 type=observe reward_pred=104269752.000000 sequence=3976888733.847007
[openabcd__mem_ctrl_orig gpu6] [plan openabcd__mem_ctrl_orig] [plan] step=623 node=N91955 type=observe reward_pred=107077192.000000 sequence=4083965925.847007
[openabcd__mem_ctrl_orig gpu6] [plan openabcd__mem_ctrl_orig] [plan] step=624 node=N17893 type=observe reward_pred=109960240.000000 sequence=4193926165.847007
[openabcd__mem_ctrl_orig gpu6] [plan openabcd__mem_ctrl_orig] [plan] step=625 node=N17917 type=observe reward_pred=112920904.000000 sequence=4306847069.847007
[openabcd__mem_ctrl_orig gpu6] [plan openabcd__mem_ctrl_orig] [plan] step=626 node=N91954 type=observe reward_pred=115961272.000000 sequence=4422808341.847007
[openabcd__mem_ctrl_orig gpu6] [plan openabcd__mem_ctrl_orig] [plan] step=627 node=N16582 type=observe reward_pred=119083504.000000 sequence=4541891845.847007
[openabcd__mem_ctrl_orig gpu6] [plan openabcd__mem_ctrl_orig] [plan] step=628 node=N20453 type=observe reward_pred=122289808.000000 sequence=4664181653.847007
[openabcd__mem_ctrl_orig gpu6] [plan openabcd__mem_ctrl_orig] [plan] step=629 node=N96351 type=observe reward_pred=125582440.000000 sequence=4789764093.847007
[openabcd__mem_ctrl_orig gpu6] [plan openabcd__mem_ctrl_orig] [plan] step=630 node=N3622 type=observe reward_pred=128963736.000000 sequence=4918727829.847007
[openabcd__mem_ctrl_orig gpu6] [plan openabcd__mem_ctrl_orig] [plan] step=631 node=N56670 type=observe reward_pred=132436048.000000 sequence=5051163877.847007
[openabcd__mem_ctrl_orig gpu6] [plan openabcd__mem_ctrl_orig] [plan] step=632 node=N96349 type=observe reward_pred=136001856.000000 sequence=5187165733.847007
[openabcd__mem_ctrl_orig gpu6] [plan openabcd__mem_ctrl_orig] [plan] step=633 node=N2883 type=observe reward_pred=139663680.000000 sequence=5326829413.847007
[openabcd__mem_ctrl_orig gpu6] [plan openabcd__mem_ctrl_orig] [plan] step=634 node=N12851 type=observe reward_pred=143424096.000000 sequence=5470253509.847007
[openabcd__mem_ctrl_orig gpu6] [plan openabcd__mem_ctrl_orig] [plan] step=635 node=N3201 type=observe reward_pred=147285792.000000 sequence=5617539301.847007
[openabcd__mem_ctrl_orig gpu6] [plan openabcd__mem_ctrl_orig] [plan] step=636 node=N100384 type=observe reward_pred=151251440.000000 sequence=5768790741.847007
[openabcd__mem_ctrl_orig gpu6] [plan openabcd__mem_ctrl_orig] [plan] step=637 node=N2405 type=observe reward_pred=155323840.000000 sequence=5924114581.847007
[openabcd__mem_ctrl_orig gpu6] [plan openabcd__mem_ctrl_orig] [plan] step=638 node=N100777 type=observe reward_pred=159505904.000000 sequence=6083620485.847007
[openabcd__mem_ctrl_orig gpu6] [plan openabcd__mem_ctrl_orig] [plan] step=639 node=N18428 type=observe reward_pred=163800576.000000 sequence=6247421061.847007
[openabcd__mem_ctrl_orig gpu6] [plan openabcd__mem_ctrl_orig] [plan] step=640 node=N104192 type=observe reward_pred=168210880.000000 sequence=6415631941.847007
[openabcd__mem_ctrl_orig gpu6] [plan openabcd__mem_ctrl_orig] [plan] step=641 node=N15599 type=observe reward_pred=172739920.000000 sequence=6588371861.847007
[openabcd__mem_ctrl_orig gpu6] [plan openabcd__mem_ctrl_orig] [plan] step=642 node=N2857 type=observe reward_pred=177390944.000000 sequence=6765762805.847007
[openabcd__mem_ctrl_orig gpu6] [plan openabcd__mem_ctrl_orig] [plan] step=643 node=N15640 type=observe reward_pred=182167152.000000 sequence=6947929957.847007
[openabcd__mem_ctrl_orig gpu6] [plan openabcd__mem_ctrl_orig] [plan] step=644 node=N92073 type=observe reward_pred=187071968.000000 sequence=7135001925.847007
[openabcd__mem_ctrl_orig gpu6] [plan openabcd__mem_ctrl_orig] [plan] step=645 node=N96350 type=observe reward_pred=192108832.000000 sequence=7327110757.847007
[iscas99__b17 gpu5] [plan iscas99__b17] [plan] step=732 node=N55369 type=observe reward_pred=1618178176.000000 sequence=61718151459.172066
[iscas99__b17 gpu5] [plan iscas99__b17] [plan] step=733 node=N52721 type=observe reward_pred=1661747456.000000 sequence=63379898915.172066
[iscas99__b17 gpu5] [plan iscas99__b17] [plan] step=734 node=N54599 type=observe reward_pred=1706489856.000000 sequence=65086388771.172066
[iscas99__b17 gpu5] [plan iscas99__b17] [plan] step=735 node=N60234 type=observe reward_pred=1752436480.000000 sequence=66838825251.172066
[iscas99__b17 gpu5] [plan iscas99__b17] [plan] step=736 node=N51173 type=observe reward_pred=1799620480.000000 sequence=68638445731.172066
[iscas99__b17 gpu5] [plan iscas99__b17] [plan] step=737 node=N54347 type=observe reward_pred=1848075136.000000 sequence=70486520867.172058
[iscas99__b17 gpu5] [plan iscas99__b17] [plan] step=738 node=N19720 type=observe reward_pred=1897834240.000000 sequence=72384355107.172058
[iscas99__b17 gpu5] [plan iscas99__b17] [plan] step=739 node=N53053 type=observe reward_pred=1948932864.000000 sequence=74333287971.172058
[iscas99__b17 gpu5] [plan iscas99__b17] [plan] step=740 node=N51605 type=observe reward_pred=2001407744.000000 sequence=76334695715.172058
[iscas99__b17 gpu5] [plan iscas99__b17] [plan] step=741 node=N54351 type=observe reward_pred=2055295360.000000 sequence=78389991075.172058
[iscas99__b17 gpu5] [plan iscas99__b17] [plan] step=742 node=N55371 type=observe reward_pred=2110633984.000000 sequence=80500625059.172058
[iscas99__b17 gpu5] [plan iscas99__b17] [plan] step=743 node=N51755 type=observe reward_pred=2167462656.000000 sequence=82668087715.172058
[iscas99__b17 gpu5] [plan iscas99__b17] [plan] step=744 node=N51701 type=observe reward_pred=2225820672.000000 sequence=84893908387.172058
[iscas99__b17 gpu5] [plan iscas99__b17] [plan] step=745 node=N55828 type=observe reward_pred=2285750784.000000 sequence=87179659171.172058
[iscas99__b17 gpu5] [plan iscas99__b17] [plan] step=746 node=N55897 type=observe reward_pred=2347294208.000000 sequence=89526953379.172058
[iscas99__b17 gpu5] [plan iscas99__b17] [plan] step=747 node=N43537 type=observe reward_pred=2410494208.000000 sequence=91937447587.172058
[iscas99__b17 gpu5] [plan iscas99__b17] [plan] step=748 node=N55890 type=observe reward_pred=2475396608.000000 sequence=94412844195.172058
[iscas99__b17 gpu5] [plan iscas99__b17] [plan] step=749 node=N55862 type=observe reward_pred=2542046208.000000 sequence=96954890403.172058
[iscas99__b17 gpu5] [plan iscas99__b17] [plan] step=750 node=N55869 type=observe reward_pred=2610490368.000000 sequence=99565380771.172058
[iscas99__b17 gpu5] [plan iscas99__b17] [plan] step=751 node=N55876 type=observe reward_pred=2680777472.000000 sequence=102246158243.172058
[iscas99__b17 gpu5] [plan iscas99__b17] [plan] step=752 node=N55883 type=observe reward_pred=2752956672.000000 sequence=104999114915.172058
[iscas99__b17 gpu5] [plan iscas99__b17] [plan] step=753 node=N54353 type=observe reward_pred=2827079680.000000 sequence=107826194595.172058
[iscas99__b17 gpu5] [plan iscas99__b17] [plan] step=754 node=N36258 type=observe reward_pred=2903197952.000000 sequence=110729392547.172058
[iscas99__b17 gpu5] [plan iscas99__b17] [plan] step=755 node=N54601 type=observe reward_pred=2981366272.000000 sequence=113710758819.172058
[iscas99__b17 gpu5] [plan iscas99__b17] [plan] step=756 node=N52723 type=observe reward_pred=3061639168.000000 sequence=116772397987.172058
[iscas99__b17 gpu5] [plan iscas99__b17] [plan] step=757 node=N19719 type=observe reward_pred=3144073472.000000 sequence=119916471459.172058
[iscas99__b17 gpu5] [plan iscas99__b17] [plan] step=758 node=N55905 type=observe reward_pred=3228725760.000000 sequence=123145197219.172058
[iscas99__b17 gpu5] [plan iscas99__b17] [plan] step=759 node=N53001 type=observe reward_pred=3315658752.000000 sequence=126460855971.172058
[iscas99__b17 gpu5] [plan iscas99__b17] [plan] step=760 node=N22487 type=observe reward_pred=3404932608.000000 sequence=129865788579.172058
[iscas99__b17 gpu5] [plan iscas99__b17] [plan] step=761 node=N36254 type=observe reward_pred=3496609792.000000 sequence=133362398371.172058
[iscas99__b17 gpu5] [plan iscas99__b17] [plan] step=762 node=N51603 type=observe reward_pred=3590756096.000000 sequence=136953154467.172058
[iscas99__b17 gpu5] [plan iscas99__b17] [plan] step=763 node=N55373 type=observe reward_pred=3687436288.000000 sequence=140640590755.172058
[iscas99__b17 gpu5] [plan iscas99__b17] [plan] step=764 node=N56534 type=observe reward_pred=3786719744.000000 sequence=144427310499.172058
[iscas99__b17 gpu5] [plan iscas99__b17] [plan] step=765 node=N54603 type=observe reward_pred=3888676352.000000 sequence=148315986851.172058
[iscas99__b17 gpu5] [plan iscas99__b17] [plan] step=766 node=N51703 type=observe reward_pred=3993378304.000000 sequence=152309365155.172058
[iscas99__b17 gpu5] [plan iscas99__b17] [plan] step=767 node=N51607 type=observe reward_pred=4100899328.000000 sequence=156410264483.172058
[iscas99__b17 gpu5] [plan iscas99__b17] [plan] step=768 node=N54355 type=observe reward_pred=4211314944.000000 sequence=160621579427.172058
[iscas99__b17 gpu5] [plan iscas99__b17] [plan] step=769 node=N51176 type=observe reward_pred=4324704256.000000 sequence=164946283683.172058
[iscas99__b17 gpu5] [plan iscas99__b17] [plan] step=770 node=N55912 type=observe reward_pred=4441145856.000000 sequence=169387429539.172058
[iscas99__b17 gpu5] [plan iscas99__b17] [plan] step=771 node=N55375 type=observe reward_pred=4560723456.000000 sequence=173948152995.172058
[iscas99__b17 gpu5] [plan iscas99__b17] [plan] step=772 node=N53547 type=observe reward_pred=4683520512.000000 sequence=178631673507.172058
[iscas99__b17 gpu5] [plan iscas99__b17] [plan] step=773 node=N53548 type=observe reward_pred=4809623040.000000 sequence=183441296547.172058
[iscas99__b17 gpu5] [plan iscas99__b17] [plan] step=774 node=N53549 type=observe reward_pred=4939121152.000000 sequence=188380417699.172058
[iscas99__b17 gpu5] [plan iscas99__b17] [plan] step=775 node=N51609 type=observe reward_pred=5072106496.000000 sequence=193452524195.172058
[iscas99__b17 gpu5] [plan iscas99__b17] [plan] step=776 node=N55919 type=observe reward_pred=5208671744.000000 sequence=198661195939.172058
[iscas99__b17 gpu5] [plan iscas99__b17] [plan] step=777 node=N54718 type=observe reward_pred=5348914688.000000 sequence=204010110627.172058
[iscas99__b17 gpu5] [plan iscas99__b17] [plan] step=778 node=N54357 type=observe reward_pred=5492933632.000000 sequence=209503044259.172058
[iscas99__b17 gpu5] [plan iscas99__b17] [plan] step=779 node=N51500 type=observe reward_pred=5640830464.000000 sequence=215143874723.172058
[iscas99__b17 gpu5] [plan iscas99__b17] [plan] step=780 node=N37898 type=observe reward_pred=5792708608.000000 sequence=220936583331.172058
[iscas99__b17 gpu5] [plan iscas99__b17] [plan] step=781 node=N53003 type=observe reward_pred=5948676096.000000 sequence=226885259427.172058
[iscas99__b17 gpu5] [plan iscas99__b17] [plan] step=782 node=N55928 type=observe reward_pred=6108843520.000000 sequence=232994102947.172058
[iscas99__b17 gpu5] [plan iscas99__b17] [plan] step=783 node=N51234 type=observe reward_pred=6273323008.000000 sequence=239267425955.172058
[iscas99__b17 gpu5] [plan iscas99__b17] [plan] step=784 node=N34099 type=observe reward_pred=6442225152.000000 sequence=245709651107.172058
[iscas99__b17 gpu5] [plan iscas99__b17] [plan] step=785 node=N34107 type=observe reward_pred=6615676928.000000 sequence=252325328035.172058
[iscas99__b17 gpu5] [plan iscas99__b17] [plan] step=786 node=N55639 type=observe reward_pred=6793799168.000000 sequence=259119127203.172058
[iscas99__b17 gpu5] [plan iscas99__b17] [plan] step=787 node=N19718 type=observe reward_pred=6976722944.000000 sequence=266095850147.172058
[iscas99__b17 gpu5] [plan iscas99__b17] [plan] step=788 node=N51611 type=observe reward_pred=7164570112.000000 sequence=273260420259.172058
[iscas99__b17 gpu5] [plan iscas99__b17] [plan] step=789 node=N55926 type=observe reward_pred=7357475328.000000 sequence=280617895587.172058
[iscas99__b17 gpu5] [plan iscas99__b17] [plan] step=790 node=N55843 type=observe reward_pred=7555574784.000000 sequence=288173470371.172058
[iscas99__b17 gpu5] [plan iscas99__b17] [plan] step=791 node=N55904 type=observe reward_pred=7759007232.000000 sequence=295932477603.172058
[iscas99__b17 gpu5] [plan iscas99__b17] [plan] step=792 node=N52777 type=observe reward_pred=7967917056.000000 sequence=303900394659.172058
[iscas99__b17 gpu5] [plan iscas99__b17] [plan] step=793 node=N52779 type=observe reward_pred=8182452736.000000 sequence=312082847395.172058
[iscas99__b17 gpu5] [plan iscas99__b17] [plan] step=794 node=N55684 type=observe reward_pred=8402763776.000000 sequence=320485611171.172058
[iscas99__b17 gpu5] [plan iscas99__b17] [plan] step=795 node=N52725 type=observe reward_pred=8629006336.000000 sequence=329114617507.172058
[iscas99__b17 gpu5] [plan iscas99__b17] [plan] step=796 node=N51613 type=observe reward_pred=8861340672.000000 sequence=337975958179.172058
[iscas99__b17 gpu5] [plan iscas99__b17] [plan] step=797 node=N54609 type=observe reward_pred=9099931648.000000 sequence=347075889827.172058
[iscas99__b17 gpu5] [plan iscas99__b17] [plan] step=798 node=N43534 type=observe reward_pred=9344944128.000000 sequence=356420833955.172058
[iscas99__b17 gpu5] [plan iscas99__b17] [plan] step=799 node=N43535 type=observe reward_pred=9596555264.000000 sequence=366017389219.172058
[iscas99__b17 gpu5] [plan iscas99__b17] [plan] step=800 node=N43536 type=observe reward_pred=9854941184.000000 sequence=375872330403.172058
[iscas99__b17 gpu5] [plan iscas99__b17] [plan] step=801 node=N51757 type=observe reward_pred=10120283136.000000 sequence=385992613539.172058
[iscas99__b17 gpu5] [plan iscas99__b17] [plan] step=802 node=N51759 type=observe reward_pred=10392771584.000000 sequence=396385385123.172058
[iscas99__b17 gpu5] [plan iscas99__b17] [plan] step=803 node=N53055 type=observe reward_pred=10672593920.000000 sequence=407057979043.172058
[iscas99__b17 gpu5] [plan iscas99__b17] [plan] step=804 node=N55951 type=observe reward_pred=10959951872.000000 sequence=418017930915.172058
[iscas99__b17 gpu5] [plan iscas99__b17] [plan] step=805 node=N51705 type=observe reward_pred=11255048192.000000 sequence=429272979107.172058
[iscas99__b17 gpu5] [plan iscas99__b17] [plan] step=806 node=N53057 type=observe reward_pred=11558086656.000000 sequence=440831065763.172058
[iscas99__b17 gpu5] [plan iscas99__b17] [plan] step=807 node=N51502 type=observe reward_pred=11869286400.000000 sequence=452700352163.172058
[iscas99__b17 gpu5] [plan iscas99__b17] [plan] step=808 node=N55937 type=observe reward_pred=12188865536.000000 sequence=464889217699.172058
[iscas99__b17 gpu5] [plan iscas99__b17] [plan] step=809 node=N54607 type=observe reward_pred=12517048320.000000 sequence=477406266019.172058
[iscas99__b17 gpu5] [plan iscas99__b17] [plan] step=810 node=N55379 type=observe reward_pred=12854068224.000000 sequence=490260334243.172058
[iscas99__b17 gpu5] [plan iscas99__b17] [plan] step=811 node=N54363 type=observe reward_pred=13200162816.000000 sequence=503460497059.172058
[iscas99__b17 gpu5] [plan iscas99__b17] [plan] step=812 node=N51177 type=observe reward_pred=13555573760.000000 sequence=517016070819.172058
[iscas99__b17 gpu5] [plan iscas99__b17] [plan] step=813 node=N55377 type=observe reward_pred=13920557056.000000 sequence=530936627875.172058
[iscas99__b20 gpu1] [plan iscas99__b20] [plan] step=471 node=N4167 type=observe reward_pred=1626475.875000 sequence=62646806.456052
[iscas99__b20 gpu1] [plan iscas99__b20] [plan] step=472 node=N4581 type=observe reward_pred=1670579.625000 sequence=64317386.081052
[iscas99__b20 gpu1] [plan iscas99__b20] [plan] step=473 node=N10174 type=observe reward_pred=1715769.000000 sequence=66033155.081052
[iscas99__b20 gpu1] [plan iscas99__b20] [plan] step=474 node=N12286 type=observe reward_pred=1762123.250000 sequence=67795278.331052
[iscas99__b20 gpu1] [plan iscas99__b20] [plan] step=475 node=N12561 type=observe reward_pred=1809685.375000 sequence=69604963.706052
[iscas99__b20 gpu1] [plan iscas99__b20] [plan] step=476 node=N16246 type=observe reward_pred=1858502.000000 sequence=71463465.706052
[iscas99__b20 gpu1] [plan iscas99__b20] [plan] step=477 node=N13305 type=observe reward_pred=1905846.125000 sequence=73369311.831052
[iscas99__b20 gpu1] [plan iscas99__b20] [plan] step=478 node=N897 type=observe reward_pred=1957877.000000 sequence=75327188.831052
[iscas99__b20 gpu1] [plan iscas99__b20] [plan] step=479 node=N8678 type=observe reward_pred=2010819.625000 sequence=77338008.456052
[iscas99__b20 gpu1] [plan iscas99__b20] [plan] step=480 node=N8680 type=observe reward_pred=2065079.375000 sequence=79403087.831052
[iscas99__b20 gpu1] [plan iscas99__b20] [plan] step=481 node=N8682 type=observe reward_pred=2120769.750000 sequence=81523857.581052
[iscas99__b20 gpu1] [plan iscas99__b20] [plan] step=482 node=N8684 type=observe reward_pred=2177939.500000 sequence=83701797.081052
[iscas99__b20 gpu1] [plan iscas99__b20] [plan] step=483 node=N19867 type=observe reward_pred=2233343.250000 sequence=85935140.331052
[iscas99__b20 gpu1] [plan iscas99__b20] [plan] step=484 node=N16958 type=observe reward_pred=2291397.750000 sequence=88226538.081052
[iscas99__b20 gpu1] [plan iscas99__b20] [plan] step=485 node=N17461 type=observe reward_pred=2351523.000000 sequence=90578061.081052
[iscas99__b20 gpu1] [plan iscas99__b20] [plan] step=486 node=N17962 type=observe reward_pred=2413482.250000 sequence=92991543.331052
[iscas99__b20 gpu1] [plan iscas99__b20] [plan] step=487 node=N13798 type=observe reward_pred=2479454.250000 sequence=95470997.581052
[iscas99__b20 gpu1] [plan iscas99__b20] [plan] step=488 node=N1421 type=observe reward_pred=2546603.000000 sequence=98017600.581052
[iscas99__b20 gpu1] [plan iscas99__b20] [plan] step=489 node=N14397 type=observe reward_pred=2605663.250000 sequence=100623263.831052
[iscas99__b20 gpu1] [plan iscas99__b20] [plan] step=490 node=N14416 type=observe reward_pred=2678375.750000 sequence=103301639.581052
[iscas99__b20 gpu1] [plan iscas99__b20] [plan] step=491 node=N18610 type=observe reward_pred=2751270.500000 sequence=106052910.081052
[iscas99__b20 gpu1] [plan iscas99__b20] [plan] step=492 node=N4557 type=observe reward_pred=2825795.750000 sequence=108878705.831052
[iscas99__b20 gpu1] [plan iscas99__b20] [plan] step=493 node=N4561 type=observe reward_pred=2902159.000000 sequence=111780864.831052
[iscas99__b20 gpu1] [plan iscas99__b20] [plan] step=494 node=N14301 type=observe reward_pred=2967979.000000 sequence=114748843.831052
[iscas99__b20 gpu1] [plan iscas99__b20] [plan] step=495 node=N10046 type=observe reward_pred=3048395.500000 sequence=117797239.331052
[iscas99__b20 gpu1] [plan iscas99__b20] [plan] step=496 node=N923 type=observe reward_pred=3132313.000000 sequence=120929552.331052
[iscas99__b20 gpu1] [plan iscas99__b20] [plan] step=497 node=N924 type=observe reward_pred=3217368.000000 sequence=124146920.331052
[iscas99__b20 gpu1] [plan iscas99__b20] [plan] step=498 node=N925 type=observe reward_pred=3304465.500000 sequence=127451385.831052
[iscas99__b20 gpu1] [plan iscas99__b20] [plan] step=499 node=N926 type=observe reward_pred=3393760.750000 sequence=130845146.581052
[iscas99__b20 gpu1] [plan iscas99__b20] [plan] step=500 node=N7583 type=observe reward_pred=3485357.750000 sequence=134330504.331052
[iscas99__b20 gpu1] [plan iscas99__b20] [plan] step=501 node=N5784 type=observe reward_pred=3573137.000000 sequence=137903641.331052
[iscas99__b20 gpu1] [plan iscas99__b20] [plan] step=502 node=N4146 type=observe reward_pred=3670951.000000 sequence=141574592.331052
[iscas99__b20 gpu1] [plan iscas99__b20] [plan] step=503 node=N4163 type=observe reward_pred=3770315.500000 sequence=145344907.831052
[iscas99__b20 gpu1] [plan iscas99__b20] [plan] step=504 node=N4577 type=observe reward_pred=3872131.000000 sequence=149217038.831052
[iscas99__b20 gpu1] [plan iscas99__b20] [plan] step=505 node=N16728 type=observe reward_pred=3976583.500000 sequence=153193622.331052
[iscas99__b20 gpu1] [plan iscas99__b20] [plan] step=506 node=N19098 type=observe reward_pred=4083785.500000 sequence=157277407.831052
[iscas99__b20 gpu1] [plan iscas99__b20] [plan] step=507 node=N15790 type=observe reward_pred=4193837.000000 sequence=161471244.831052
[iscas99__b20 gpu1] [plan iscas99__b20] [plan] step=508 node=N18940 type=observe reward_pred=4306831.500000 sequence=165778076.331052
[iscas99__b20 gpu1] [plan iscas99__b20] [plan] step=509 node=N15632 type=observe reward_pred=4422854.000000 sequence=170200930.331052
[iscas99__b20 gpu1] [plan iscas99__b20] [plan] step=510 node=N4597 type=observe reward_pred=4541985.000000 sequence=174742915.331052
[iscas99__b20 gpu1] [plan iscas99__b20] [plan] step=511 node=N14419 type=observe reward_pred=4664313.500000 sequence=179407228.831052
[iscas99__b20 gpu1] [plan iscas99__b20] [plan] step=512 node=N2690 type=observe reward_pred=4789928.000000 sequence=184197156.831052
[iscas99__b20 gpu1] [plan iscas99__b20] [plan] step=513 node=N18371 type=observe reward_pred=4898261.500000 sequence=189095418.331052
[iscas99__b20 gpu1] [plan iscas99__b20] [plan] step=514 node=N948 type=observe reward_pred=5035446.500000 sequence=194130864.831052
[iscas99__b20 gpu1] [plan iscas99__b20] [plan] step=515 node=N19101 type=observe reward_pred=5172618.000000 sequence=199303482.831052
[iscas99__b20 gpu1] [plan iscas99__b20] [plan] step=516 node=N14601 type=observe reward_pred=5312622.000000 sequence=204616104.831052
[iscas99__b20 gpu1] [plan iscas99__b20] [plan] step=517 node=N15793 type=observe reward_pred=5456129.000000 sequence=210072233.831052
[iscas99__b20 gpu1] [plan iscas99__b20] [plan] step=518 node=N18362 type=observe reward_pred=5581469.500000 sequence=215653703.331052
[iscas99__b20 gpu1] [plan iscas99__b20] [plan] step=519 node=N14759 type=observe reward_pred=5737393.000000 sequence=221391096.331052
[iscas99__b20 gpu1] [plan iscas99__b20] [plan] step=520 node=N8674 type=observe reward_pred=5893636.000000 sequence=227284732.331052
[iscas99__b20 gpu1] [plan iscas99__b20] [plan] step=521 node=N16275 type=observe reward_pred=6053202.500000 sequence=233337934.831052
[iscas99__b20 gpu1] [plan iscas99__b20] [plan] step=522 node=N14762 type=observe reward_pred=6216800.000000 sequence=239554734.831052
[iscas99__b20 gpu1] [plan iscas99__b20] [plan] step=523 node=N4799 type=observe reward_pred=6384663.500000 sequence=245939398.331052
[iscas99__b20 gpu1] [plan iscas99__b20] [plan] step=524 node=N1396 type=observe reward_pred=6556935.000000 sequence=252496333.331052
[iscas99__b20 gpu1] [plan iscas99__b20] [plan] step=525 node=N1401 type=observe reward_pred=6733764.000000 sequence=259230097.331052
[iscas99__b20 gpu1] [plan iscas99__b20] [plan] step=526 node=N12247 type=observe reward_pred=6915292.000000 sequence=266145389.331052
[iscas99__b20 gpu1] [plan iscas99__b20] [plan] step=527 node=N14296 type=observe reward_pred=7101657.500000 sequence=273247046.831052
[iscas99__b20 gpu1] [plan iscas99__b20] [plan] step=528 node=N14297 type=observe reward_pred=7293004.500000 sequence=280540051.331052
[iscas99__b20 gpu1] [plan iscas99__b20] [plan] step=529 node=N14302 type=observe reward_pred=7489472.500000 sequence=288029523.831052
[iscas99__b20 gpu1] [plan iscas99__b20] [plan] step=530 node=N16590 type=observe reward_pred=7691209.000000 sequence=295720732.831052
[iscas99__b20 gpu1] [plan iscas99__b20] [plan] step=531 node=N16593 type=observe reward_pred=7898359.000000 sequence=303619091.831052
[iscas99__b20 gpu1] [plan iscas99__b20] [plan] step=532 node=N16705 type=observe reward_pred=8081085.000000 sequence=311700176.831052
[iscas99__b20 gpu1] [plan iscas99__b20] [plan] step=533 node=N10048 type=observe reward_pred=8278244.500000 sequence=319978421.331052
[iscas99__b20 gpu1] [plan iscas99__b20] [plan] step=534 node=N10901 type=observe reward_pred=8477805.000000 sequence=328456226.331052
[iscas99__b20 gpu1] [plan iscas99__b20] [plan] step=535 node=N2896 type=observe reward_pred=8678419.000000 sequence=337134645.331052
[iscas99__b20 gpu1] [plan iscas99__b20] [plan] step=536 node=N31911 type=observe reward_pred=8925935.000000 sequence=346060580.331052
[iscas99__b20 gpu1] [plan iscas99__b20] [plan] step=537 node=N14300 type=observe reward_pred=9127831.000000 sequence=355188411.331052
[iscas99__b20 gpu1] [plan iscas99__b20] [plan] step=538 node=N44364 type=observe reward_pred=9344460.000000 sequence=364532871.331052
[iscas99__b20 gpu1] [plan iscas99__b20] [plan] step=539 node=N1781 type=control1 reward_pred=9611664.000000 sequence=374144535.331052
[iscas99__b20 gpu1] [plan iscas99__b20] [plan] step=540 node=N20625 type=control0 reward_pred=9876386.000000 sequence=384020921.331052
[iscas99__b20 gpu1] [plan iscas99__b20] [plan] step=541 node=N830 type=control1 reward_pred=10146019.000000 sequence=394166940.331052
[iscas99__b20 gpu1] [plan iscas99__b20] [plan] step=542 node=N54284 type=control0 reward_pred=10374320.000000 sequence=404541260.331052
[iscas99__b20 gpu1] [plan iscas99__b20] [plan] step=543 node=N54286 type=control0 reward_pred=10666393.000000 sequence=415207653.331052
[iscas99__b20 gpu1] [plan iscas99__b20] [plan] step=544 node=N6010 type=control0 reward_pred=10958296.000000 sequence=426165949.331052
[iscas99__b20 gpu1] [plan iscas99__b20] [plan] step=545 node=N54281 type=control0 reward_pred=11225380.000000 sequence=437391329.331052
[iscas99__b20 gpu1] [plan iscas99__b20] [plan] step=546 node=N54283 type=control0 reward_pred=11536704.000000 sequence=448928033.331052
[iscas99__b20 gpu1] [plan iscas99__b20] [plan] step=547 node=N8646 type=control0 reward_pred=11850748.000000 sequence=460778781.331052
[iscas99__b20 gpu1] [plan iscas99__b20] [plan] step=548 node=N24908 type=observe reward_pred=12125706.000000 sequence=472904487.331052
[iscas99__b20 gpu1] [plan iscas99__b20] [plan] step=549 node=N46424 type=observe reward_pred=12464304.000000 sequence=485368791.331052
[iscas99__b20 gpu1] [plan iscas99__b20] [plan] step=550 node=N8372 type=control1 reward_pred=12804048.000000 sequence=498172839.331052
[iscas99__b20 gpu1] [plan iscas99__b20] [plan] step=551 node=N8650 type=control0 reward_pred=13151315.000000 sequence=511324154.331052
[iscas99__b20 gpu1] [plan iscas99__b20] [plan] step=552 node=N54299 type=control0 reward_pred=13507110.000000 sequence=524831264.331052
[iscas99__b20 gpu1] [plan iscas99__b20] [plan] step=553 node=N54302 type=control0 reward_pred=13871998.000000 sequence=538703262.331052
[iscas99__b20 gpu1] [plan iscas99__b20] [plan] step=554 node=N54305 type=control0 reward_pred=14246393.000000 sequence=552949655.331052
[iscas99__b20 gpu1] [plan iscas99__b20] [plan] step=555 node=N54318 type=control0 reward_pred=14630641.000000 sequence=567580296.331052
[iscas99__b20 gpu1] [plan iscas99__b20] [plan] step=556 node=N46077 type=control0 reward_pred=15025074.000000 sequence=582605370.331052
[iscas99__b20 gpu1] [plan iscas99__b20] [plan] step=557 node=N51865 type=control0 reward_pred=15430014.000000 sequence=598035384.331052
[iscas99__b20 gpu1] [plan iscas99__b20] [plan] step=558 node=N44379 type=observe reward_pred=15773038.000000 sequence=613808422.331052
[iscas99__b22 gpu2] [plan iscas99__b22] [plan] step=812 node=N33789 type=control1 reward_pred=7557522944.000000 sequence=291037333640.256042
[iscas99__b22 gpu2] [plan iscas99__b22] [plan] step=813 node=N43271 type=control1 reward_pred=7761007104.000000 sequence=298798340744.256042
[iscas99__b22 gpu2] [plan iscas99__b22] [plan] step=814 node=N80274 type=control0 reward_pred=7969971200.000000 sequence=306768311944.256042
[iscas99__b22 gpu2] [plan iscas99__b22] [plan] step=815 node=N80276 type=control0 reward_pred=8184561152.000000 sequence=314952873096.256042
[iscas99__b22 gpu2] [plan iscas99__b22] [plan] step=816 node=N33788 type=control1 reward_pred=8404928512.000000 sequence=323357801608.256042
[iscas99__b22 gpu2] [plan iscas99__b22] [plan] step=817 node=N33790 type=control1 reward_pred=8631230464.000000 sequence=331989032072.256042
[iscas99__b22 gpu2] [plan iscas99__b22] [plan] step=818 node=N33791 type=control1 reward_pred=8863624192.000000 sequence=340852656264.256042
[iscas99__b22 gpu2] [plan iscas99__b22] [plan] step=819 node=N43302 type=control1 reward_pred=9102276608.000000 sequence=349954932872.256042
[iscas99__b22 gpu2] [plan iscas99__b22] [plan] step=820 node=N33792 type=control1 reward_pred=9347354624.000000 sequence=359302287496.256042
[iscas99__b22 gpu2] [plan iscas99__b22] [plan] step=821 node=N47902 type=control1 reward_pred=9599029248.000000 sequence=368901316744.256042
[iscas99__b22 gpu2] [plan iscas99__b22] [plan] step=822 node=N19346 type=control0 reward_pred=9857481728.000000 sequence=378758798472.256042
[iscas99__b22 gpu2] [plan iscas99__b22] [plan] step=823 node=N19343 type=control0 reward_pred=10122893312.000000 sequence=388881691784.256042
[iscas99__b22 gpu2] [plan iscas99__b22] [plan] step=824 node=N12937 type=control0 reward_pred=10395450368.000000 sequence=399277142152.256042
[iscas99__b22 gpu2] [plan iscas99__b22] [plan] step=825 node=N3289 type=control0 reward_pred=10675345408.000000 sequence=409952487560.256042
[iscas99__b22 gpu2] [plan iscas99__b22] [plan] step=826 node=N13002 type=control1 reward_pred=10962777088.000000 sequence=420915264648.256042
[iscas99__b22 gpu2] [plan iscas99__b22] [plan] step=827 node=N31537 type=control1 reward_pred=11257948160.000000 sequence=432173212808.256042
[iscas99__b22 gpu2] [plan iscas99__b22] [plan] step=828 node=N24189 type=control0 reward_pred=11561066496.000000 sequence=443734279304.256042
[iscas99__b22 gpu2] [plan iscas99__b22] [plan] step=829 node=N19246 type=control0 reward_pred=11872345088.000000 sequence=455606624392.256042
[iscas99__b22 gpu2] [plan iscas99__b22] [plan] step=830 node=N80271 type=control0 reward_pred=12192006144.000000 sequence=467798630536.256042
[iscas99__b22 gpu2] [plan iscas99__b22] [plan] step=831 node=N80273 type=control0 reward_pred=12520273920.000000 sequence=480318904456.256042
[iscas99__b22 gpu2] [plan iscas99__b22] [plan] step=832 node=N84546 type=control0 reward_pred=12857378816.000000 sequence=493176283272.256042
[iscas99__b22 gpu2] [plan iscas99__b22] [plan] step=833 node=N43273 type=control1 reward_pred=13203561472.000000 sequence=506379844744.256042
[iscas99__b22 gpu2] [plan iscas99__b22] [plan] step=834 node=N12936 type=control0 reward_pred=13559064576.000000 sequence=519938909320.256042
[iscas99__b22 gpu2] [plan iscas99__b22] [plan] step=835 node=N78271 type=control0 reward_pred=13924141056.000000 sequence=533863050376.256042
[iscas99__b22 gpu2] [plan iscas99__b22] [plan] step=836 node=N78272 type=control0 reward_pred=14299045888.000000 sequence=548162096264.256042
[iscas99__b22 gpu2] [plan iscas99__b22] [plan] step=837 node=N43304 type=control1 reward_pred=14684045312.000000 sequence=562846141576.256104
[iscas99__b22 gpu2] [plan iscas99__b22] [plan] step=838 node=N24174 type=control0 reward_pred=15079410688.000000 sequence=577925552264.256104
[iscas99__b22 gpu2] [plan iscas99__b22] [plan] step=839 node=N19310 type=control1 reward_pred=15485422592.000000 sequence=593410974856.256104
[iscas99__b22 gpu2] [plan iscas99__b22] [plan] step=840 node=N26447 type=control0 reward_pred=15902365696.000000 sequence=609313340552.256104
[iscas99__b22 gpu2] [plan iscas99__b22] [plan] step=841 node=N19245 type=control0 reward_pred=16330530816.000000 sequence=625643871368.256104
[iscas99__b22 gpu2] [plan iscas99__b22] [plan] step=842 node=N47901 type=control1 reward_pred=16770229248.000000 sequence=642414100616.256104
[iscas99__b22 gpu2] [plan iscas99__b22] [plan] step=843 node=N80268 type=control0 reward_pred=17221765120.000000 sequence=659635865736.256104
[iscas99__b22 gpu2] [plan iscas99__b22] [plan] step=844 node=N80270 type=control0 reward_pred=17685458944.000000 sequence=677321324680.256104
[iscas99__b22 gpu2] [plan iscas99__b22] [plan] step=845 node=N34023 type=control0 reward_pred=18161635328.000000 sequence=695482960008.256104
[iscas99__b22 gpu2] [plan iscas99__b22] [plan] step=846 node=N47944 type=control1 reward_pred=18650636288.000000 sequence=714133596296.256104
[iscas99__b22 gpu2] [plan iscas99__b22] [plan] step=847 node=N84496 type=control0 reward_pred=19152799744.000000 sequence=733286396040.256104
[iscas99__b22 gpu2] [plan iscas99__b22] [plan] step=848 node=N84498 type=control0 reward_pred=19668486144.000000 sequence=752954882184.256104
[iscas99__b22 gpu2] [plan iscas99__b22] [plan] step=849 node=N47973 type=control1 reward_pred=20198053888.000000 sequence=773152936072.256104
[iscas99__b22 gpu2] [plan iscas99__b22] [plan] step=850 node=N1992 type=control1 reward_pred=20741885952.000000 sequence=793894822024.256104
[iscas99__b22 gpu2] [plan iscas99__b22] [plan] step=851 node=N13035 type=control0 reward_pred=21300355072.000000 sequence=815195177096.256104
[iscas99__b22 gpu2] [plan iscas99__b22] [plan] step=852 node=N13032 type=control0 reward_pred=21873864704.000000 sequence=837069041800.256104
[iscas99__b22 gpu2] [plan iscas99__b22] [plan] step=853 node=N47900 type=control1 reward_pred=22462816256.000000 sequence=859531858056.256104
[iscas99__b22 gpu2] [plan iscas99__b22] [plan] step=854 node=N19244 type=control0 reward_pred=23067621376.000000 sequence=882599479432.256104
[iscas99__b22 gpu2] [plan iscas99__b22] [plan] step=855 node=N43238 type=control1 reward_pred=23688716288.000000 sequence=906288195720.256104
[iscas99__b22 gpu2] [plan iscas99__b22] [plan] step=856 node=N47337 type=observe reward_pred=24154210304.000000 sequence=930442406024.256104
[iscas99__b22 gpu2] [plan iscas99__b22] [plan] step=857 node=N2030 type=observe reward_pred=24862988288.000000 sequence=955305394312.256104
[iscas99__b22 gpu2] [plan iscas99__b22] [plan] step=858 node=N14428 type=observe reward_pred=25390131200.000000 sequence=980695525512.256104
[iscas99__b22 gpu2] [plan iscas99__b22] [plan] step=859 node=N33595 type=observe reward_pred=25989369856.000000 sequence=1006684895368.256104
[iscas99__b22 gpu2] [plan iscas99__b22] [plan] step=860 node=N84527 type=control0 reward_pred=26753617920.000000 sequence=1033438513288.256104
[iscas99__b22 gpu2] [plan iscas99__b22] [plan] step=861 node=N84530 type=control0 reward_pred=27496390656.000000 sequence=1060934903944.256104
[iscas99__b22 gpu2] [plan iscas99__b22] [plan] step=862 node=N12935 type=control0 reward_pred=28249563136.000000 sequence=1089184467080.256104
[iscas99__b22 gpu2] [plan iscas99__b22] [plan] step=863 node=N84533 type=control0 reward_pred=29019205632.000000 sequence=1118203672712.256104
[iscas99__b22 gpu2] [plan iscas99__b22] [plan] step=864 node=N19320 type=control1 reward_pred=29806497792.000000 sequence=1148010170504.256104
[iscas99__b22 gpu2] [plan iscas99__b22] [plan] step=865 node=N34019 type=control1 reward_pred=30613106688.000000 sequence=1178623277192.256104
[iscas99__b22 gpu2] [plan iscas99__b22] [plan] step=866 node=N84610 type=control1 reward_pred=31440338944.000000 sequence=1210063616136.256104
[iscas99__b22 gpu2] [plan iscas99__b22] [plan] step=867 node=N84607 type=control1 reward_pred=32289038336.000000 sequence=1242352654472.256104
[iscas99__b22 gpu2] [plan iscas99__b22] [plan] step=868 node=N84609 type=control1 reward_pred=33160009728.000000 sequence=1275512664200.256104
[iscas99__b22 gpu2] [plan iscas99__b22] [plan] step=869 node=N84612 type=control1 reward_pred=34053939200.000000 sequence=1309566603400.256104
[iscas99__b22 gpu2] [plan iscas99__b22] [plan] step=870 node=N84518 type=control0 reward_pred=34971652096.000000 sequence=1344538255496.256104
[iscas99__b22 gpu2] [plan iscas99__b22] [plan] step=871 node=N84613 type=control1 reward_pred=35913871360.000000 sequence=1380452126856.256104
[iscas99__b22 gpu2] [plan iscas99__b22] [plan] step=872 node=N84611 type=control1 reward_pred=36881293312.000000 sequence=1417333420168.256104
[iscas99__b22 gpu2] [plan iscas99__b22] [plan] step=873 node=N84608 type=control1 reward_pred=37874679808.000000 sequence=1455208099976.256104
[iscas99__b22 gpu2] [plan iscas99__b22] [plan] step=874 node=N84615 type=control1 reward_pred=38894735360.000000 sequence=1494102835336.256104
[iscas99__b22 gpu2] [plan iscas99__b22] [plan] step=875 node=N33197 type=control1 reward_pred=39942111232.000000 sequence=1534044946568.256104
[iscas99__b22 gpu2] [plan iscas99__b22] [plan] step=876 node=N84614 type=control1 reward_pred=41017610240.000000 sequence=1575062556808.256104
[iscas99__b22 gpu2] [plan iscas99__b22] [plan] step=877 node=N84512 type=control0 reward_pred=42122055680.000000 sequence=1617184612488.256104
[iscas99__b22 gpu2] [plan iscas99__b22] [plan] step=878 node=N47899 type=control1 reward_pred=43256225792.000000 sequence=1660440838280.256104
[iscas99__b22 gpu2] [plan iscas99__b22] [plan] step=879 node=N84599 type=control1 reward_pred=44420919296.000000 sequence=1704861757576.256104
[iscas99__b22 gpu2] [plan iscas99__b22] [plan] step=880 node=N33192 type=control1 reward_pred=45616971776.000000 sequence=1750478729352.256104
[iscas99__b22 gpu2] [plan iscas99__b22] [plan] step=881 node=N84493 type=control0 reward_pred=46845214720.000000 sequence=1797323944072.256104
[iscas99__b22 gpu2] [plan iscas99__b22] [plan] step=882 node=N84495 type=control0 reward_pred=48106541056.000000 sequence=1845430485128.256104
[iscas99__b22 gpu2] [plan iscas99__b22] [plan] step=883 node=N84600 type=control1 reward_pred=49401806848.000000 sequence=1894832291976.256104
[iscas99__b22 gpu2] [plan iscas99__b22] [plan] step=884 node=N12999 type=control1 reward_pred=50731954176.000000 sequence=1945564246152.256104
[iscas99__b22 gpu2] [plan iscas99__b22] [plan] step=885 node=N49835 type=control1 reward_pred=52097900544.000000 sequence=1997662146696.256104
[iscas99__b22 gpu2] [plan iscas99__b22] [plan] step=886 node=N12934 type=control0 reward_pred=53500633088.000000 sequence=2051162779784.256104
[iscas99__b22 gpu2] [plan iscas99__b22] [plan] step=887 node=N26475 type=control0 reward_pred=54941122560.000000 sequence=2106103902344.256104
[iscas99__b22 gpu2] [plan iscas99__b22] [plan] step=888 node=N24184 type=control0 reward_pred=56420405248.000000 sequence=2162524307592.256104
[iscas99__b22 gpu2] [plan iscas99__b22] [plan] step=889 node=N24207 type=control0 reward_pred=57939513344.000000 sequence=2220463820936.255859
[iscas99__b22 gpu2] [plan iscas99__b22] [plan] step=890 node=N26462 type=control0 reward_pred=59499524096.000000 sequence=2279963345032.255859
[iscas99__b22 gpu2] [plan iscas99__b22] [plan] step=891 node=N43237 type=control1 reward_pred=61101535232.000000 sequence=2341064880264.255859
[iscas99__b22 gpu2] [plan iscas99__b22] [plan] step=892 node=N80265 type=control0 reward_pred=62746677248.000000 sequence=2403811557512.255859
[iscas99__b22 gpu2] [plan iscas99__b22] [plan] step=893 node=N80267 type=control0 reward_pred=64436129792.000000 sequence=2468247687304.255859
[iscas99__b22 gpu2] [plan iscas99__b22] [plan] step=894 node=N30650 type=control1 reward_pred=66171056128.000000 sequence=2534418743432.255859
[iscas99__b22 gpu2] [plan iscas99__b22] [plan] step=895 node=N84509 type=control0 reward_pred=67952697344.000000 sequence=2602371440776.255859
[iscas99__b22 gpu2] [plan iscas99__b22] [plan] step=896 node=N9543 type=control0 reward_pred=69782306816.000000 sequence=2672153747592.255859
[iscas99__b22 gpu2] [plan iscas99__b22] [plan] step=897 node=N43277 type=control1 reward_pred=71661191168.000000 sequence=2743814938760.255859
[iscas99__b22 gpu2] [plan iscas99__b22] [plan] step=898 node=N45098 type=control1 reward_pred=73590652928.000000 sequence=2817405591688.255859
[iscas99__b22 gpu2] [plan iscas99__b22] [plan] step=899 node=N43306 type=control1 reward_pred=75572068352.000000 sequence=2892977660040.255859
[iscas99__b22 gpu2] [plan iscas99__b22] [plan] step=900 node=N84515 type=control0 reward_pred=77606838272.000000 sequence=2970584498312.255859
[iscas99__b22 gpu2] [plan iscas99__b22] [plan] step=901 node=N34018 type=control1 reward_pred=79696388096.000000 sequence=3050280886408.255859
[iscas99__b22 gpu2] [plan iscas99__b22] [plan] step=902 node=N45072 type=control1 reward_pred=81842200576.000000 sequence=3132123086984.255859
[iscas99__b22 gpu2] [plan iscas99__b22] [plan] step=903 node=N7574 type=control0 reward_pred=83579625472.000000 sequence=3215702712456.255859
[iscas99__b22 gpu2] [plan iscas99__b22] [plan] step=904 node=N39330 type=control1 reward_pred=85989269504.000000 sequence=3301691981960.255859
[iscas99__b22 gpu2] [plan iscas99__b22] [plan] step=905 node=N39231 type=control1 reward_pred=88348925952.000000 sequence=3390040907912.255859
[iscas99__b22 gpu2] [plan iscas99__b22] [plan] step=906 node=N7475 type=control0 reward_pred=90745946112.000000 sequence=3480786854024.255859
[iscas99__b22 gpu2] [plan iscas99__b22] [plan] step=907 node=N5341 type=control1 reward_pred=93200531456.000000 sequence=3573987385480.255859
[iscas99__b22 gpu2] [plan iscas99__b22] [plan] step=908 node=N13014 type=control0 reward_pred=95572959232.000000 sequence=3669560344712.255859
[iscas99__b22 gpu2] [plan iscas99__b22] [plan] step=909 node=N13016 type=control0 reward_pred=98065039360.000000 sequence=3767625384072.255859
[iscas99__b22 gpu2] [plan iscas99__b22] [plan] step=910 node=N12933 type=control0 reward_pred=100766998528.000000 sequence=3868392382600.255859
[iscas99__b22 gpu2] [plan iscas99__b22] [plan] step=911 node=N84596 type=control1 reward_pred=103500963840.000000 sequence=3971893346440.255859
[iscas99__b22 gpu2] [plan iscas99__b22] [plan] step=912 node=N84595 type=control1 reward_pred=106300235776.000000 sequence=4078193582216.255859
[iscas99__b22 gpu2] [plan iscas99__b22] [plan] step=913 node=N34116 type=control1 reward_pred=109171326976.000000 sequence=4187364909192.255859
[iscas99__b22 gpu2] [plan iscas99__b22] [plan] step=914 node=N43236 type=control1 reward_pred=112117039104.000000 sequence=4299481948296.255859
[iscas99__b22 gpu2] [plan iscas99__b22] [plan] step=915 node=N84597 type=control1 reward_pred=115139977216.000000 sequence=4414621925512.255859
[iscas99__b22 gpu2] [plan iscas99__b22] saved=autoresearch/eval8-rest7-hybrid-recall-k96-realfault-Bonly-300k-260702-233920/iscas99__b22/B_world_rerank/plans/iscas99__b22__greedy__cumulative__reward_pred__bw1__d1__c96__g1p0__candheuristic_recall_pool__div0p0__s0.csv
[iscas99__b22 gpu2] [gmean] 2026-07-03T00:53:02 [1/1] plan_done benchmark=iscas99__b22 plan_sec=4421.361 plan_csv=autoresearch/eval8-rest7-hybrid-recall-k96-realfault-Bonly-300k-260702-233920/iscas99__b22/B_world_rerank/plans/iscas99__b22__greedy__cumulative__reward_pred__bw1__d1__c96__g1p0__candheuristic_recall_pool__div0p0__s0.csv
[iscas99__b22 gpu2] [gmean] 2026-07-03T00:53:02 [1/1] eval_start benchmark=iscas99__b22 backend=atalanta-bist patterns=300000
[iscas99__b22 gpu2] [eval iscas99__b22] {
[iscas99__b22 gpu2] [eval iscas99__b22]   "records": 2,
[iscas99__b22 gpu2] [eval iscas99__b22]   "labels_csv": "autoresearch/eval8-rest7-hybrid-recall-k96-realfault-Bonly-300k-260702-233920/iscas99__b22/B_world_rerank/evals/iscas99__b22__greedy__cumulative__reward_pred__bw1__d1__c96__g1p0__candheuristic_recall_pool__div0p0__s0/labels.csv",
[iscas99__b22 gpu2] [eval iscas99__b22]   "summary_json": "autoresearch/eval8-rest7-hybrid-recall-k96-realfault-Bonly-300k-260702-233920/iscas99__b22/B_world_rerank/evals/iscas99__b22__greedy__cumulative__reward_pred__bw1__d1__c96__g1p0__candheuristic_recall_pool__div0p0__s0/summary.json"
[iscas99__b22 gpu2] [eval iscas99__b22] }
[iscas99__b22 gpu2] [gmean] 2026-07-03T00:53:23 [1/1] eval_done benchmark=iscas99__b22 delta_tc=0.03562999999999994 plan_sec=4421.361 eval_sec=21.136 total_sec=4442.528
[iscas99__b22 gpu2] [gmean] 2026-07-03T00:53:23 variant_done id=greedy__cumulative__reward_pred__bw1__d1__c96__g1p0__candheuristic_recall_pool__div0p0__s0 status=ok macro=0.03562999999999994 positives=1 negatives=0 elapsed=4442.529
[launcher] done benchmark=iscas99__b22 status=0 log=autoresearch/eval8-rest7-hybrid-recall-k96-realfault-Bonly-300k-260702-233920/logs/iscas99__b22.log
[iscas99__b17 gpu5] [plan iscas99__b17] [plan] step=814 node=N19717 type=observe reward_pred=14295366656.000000 sequence=545231994531.172058
[iscas99__b17 gpu5] [plan iscas99__b17] [plan] step=815 node=N55775 type=observe reward_pred=14680256512.000000 sequence=559912251043.172119
[iscas99__b17 gpu5] [plan iscas99__b17] [plan] step=816 node=N56553 type=observe reward_pred=15075521536.000000 sequence=574987772579.172119
[iscas99__b17 gpu5] [plan iscas99__b17] [plan] step=817 node=N54361 type=observe reward_pred=15481427968.000000 sequence=590469200547.172119
[iscas99__b17 gpu5] [plan iscas99__b17] [plan] step=818 node=N54611 type=observe reward_pred=15898264576.000000 sequence=606367465123.172119
[iscas99__b17 gpu5] [plan iscas99__b17] [plan] step=819 node=N55958 type=observe reward_pred=16326321152.000000 sequence=622693786275.172119
[iscas99__b17 gpu5] [plan iscas99__b17] [plan] step=820 node=N53005 type=observe reward_pred=16765905920.000000 sequence=639459692195.172119
[iscas99__b17 gpu5] [plan iscas99__b17] [plan] step=821 node=N35725 type=observe reward_pred=17217325056.000000 sequence=656677017251.172119
[iscas99__b17 gpu5] [plan iscas99__b17] [plan] step=822 node=N55944 type=observe reward_pred=17680898048.000000 sequence=674357915299.172119
[iscas99__b17 gpu5] [plan iscas99__b17] [plan] step=823 node=N55827 type=observe reward_pred=18156955648.000000 sequence=692514870947.172119
[iscas99__b17 gpu5] [plan iscas99__b17] [plan] step=824 node=N53550 type=observe reward_pred=18645827584.000000 sequence=711160698531.172119
[iscas99__b17 gpu5] [plan iscas99__b17] [plan] step=825 node=N54720 type=observe reward_pred=19147859968.000000 sequence=730308558499.172119
[iscas99__b17 gpu5] [plan iscas99__b17] [plan] step=826 node=N55381 type=observe reward_pred=19663417344.000000 sequence=749971975843.172119
[iscas99__b17 gpu5] [plan iscas99__b17] [plan] step=827 node=N54092 type=observe reward_pred=20192847872.000000 sequence=770164823715.172119
[iscas99__b17 gpu5] [plan iscas99__b17] [plan] step=828 node=N51617 type=observe reward_pred=20736540672.000000 sequence=790901364387.172119
[iscas99__b17 gpu5] [plan iscas99__b17] [plan] step=829 node=N54365 type=observe reward_pred=21294866432.000000 sequence=812196230819.172119
[iscas99__b17 gpu5] [plan iscas99__b17] [plan] step=830 node=N54613 type=observe reward_pred=21868226560.000000 sequence=834064457379.172119
[iscas99__b17 gpu5] [plan iscas99__b17] [plan] step=831 node=N54096 type=observe reward_pred=22457024512.000000 sequence=856521481891.172119
[iscas99__b17 gpu5] [plan iscas99__b17] [plan] step=832 node=N56549 type=observe reward_pred=23061676032.000000 sequence=879583157923.172119
[iscas99__b17 gpu5] [plan iscas99__b17] [plan] step=833 node=N51504 type=observe reward_pred=23682611200.000000 sequence=903265769123.172119
[iscas99__b17 gpu5] [plan iscas99__b17] [plan] step=834 node=N55821 type=observe reward_pred=24320260096.000000 sequence=927586029219.172119
[iscas99__b17 gpu5] [plan iscas99__b17] [plan] step=835 node=N55911 type=observe reward_pred=24975079424.000000 sequence=952561108643.172119
[iscas99__b17 gpu5] [plan iscas99__b17] [plan] step=836 node=N52727 type=observe reward_pred=25647529984.000000 sequence=978208638627.172119
[iscas99__b17 gpu5] [plan iscas99__b17] [plan] step=837 node=N55918 type=observe reward_pred=26338086912.000000 sequence=1004546725539.172119
[iscas99__b17 gpu5] [plan iscas99__b17] [plan] step=838 node=N51615 type=observe reward_pred=27047235584.000000 sequence=1031593961123.172119
[iscas99__b17 gpu5] [plan iscas99__b17] [plan] step=839 node=N55383 type=observe reward_pred=27775473664.000000 sequence=1059369434787.172119
[iscas99__b17 gpu5] [plan iscas99__b17] [plan] step=840 node=N55820 type=observe reward_pred=28523327488.000000 sequence=1087892762275.172119
[iscas99__b17 gpu5] [plan iscas99__b17] [plan] step=841 node=N19716 type=observe reward_pred=29291309056.000000 sequence=1117184071331.172119
[iscas99__b17 gpu5] [plan iscas99__b17] [plan] step=842 node=N51180 type=observe reward_pred=30079973376.000000 sequence=1147264044707.172119
[iscas99__b17 gpu5] [plan iscas99__b17] [plan] step=843 node=N52781 type=observe reward_pred=30889873408.000000 sequence=1178153918115.172119
[iscas99__b17 gpu5] [plan iscas99__b17] [plan] step=844 node=N54367 type=observe reward_pred=31721578496.000000 sequence=1209875496611.172119
[iscas99__b17 gpu5] [plan iscas99__b17] [plan] step=845 node=N55925 type=observe reward_pred=32575674368.000000 sequence=1242451170979.172119
[iscas99__b17 gpu5] [plan iscas99__b17] [plan] step=846 node=N55957 type=observe reward_pred=33452773376.000000 sequence=1275903944355.172119
[iscas99__b17 gpu5] [plan iscas99__b17] [plan] step=847 node=N51707 type=observe reward_pred=34353477632.000000 sequence=1310257421987.172119
[iscas99__b17 gpu5] [plan iscas99__b17] [plan] step=848 node=N53971 type=observe reward_pred=35278438400.000000 sequence=1345535860387.172119
[iscas99__b17 gpu5] [plan iscas99__b17] [plan] step=849 node=N55234 type=observe reward_pred=36228308992.000000 sequence=1381764169379.172119
[iscas99__b17 gpu5] [plan iscas99__b17] [plan] step=850 node=N53975 type=observe reward_pred=37203755008.000000 sequence=1418967924387.172119
[iscas99__b17 gpu5] [plan iscas99__b17] [plan] step=851 node=N55238 type=observe reward_pred=38205456384.000000 sequence=1457173380771.172119
[iscas99__b17 gpu5] [plan iscas99__b17] [plan] step=852 node=N53781 type=observe reward_pred=39234129920.000000 sequence=1496407510691.172119
[iscas99__b17 gpu5] [plan iscas99__b17] [plan] step=853 node=N51761 type=observe reward_pred=40290504704.000000 sequence=1536698015395.172119
[iscas99__b17 gpu5] [plan iscas99__b17] [plan] step=854 node=N55854 type=observe reward_pred=41375318016.000000 sequence=1578073333411.172119
[iscas99__b17 gpu5] [plan iscas99__b17] [plan] step=855 node=N55936 type=observe reward_pred=42489335808.000000 sequence=1620562669219.172119
[iscas99__b17 gpu5] [plan iscas99__b17] [plan] step=856 node=N55855 type=observe reward_pred=43633356800.000000 sequence=1664196026019.172119
[iscas99__b17 gpu5] [plan iscas99__b17] [plan] step=857 node=N51619 type=observe reward_pred=44808175616.000000 sequence=1709004201635.172119
[iscas99__b17 gpu5] [plan iscas99__b17] [plan] step=858 node=N53783 type=observe reward_pred=46014627840.000000 sequence=1755018829475.172119
[iscas99__b17 gpu5] [plan iscas99__b17] [plan] step=859 node=N39589 type=observe reward_pred=47253565440.000000 sequence=1802272394915.172119
[iscas99__b17 gpu5] [plan iscas99__b17] [plan] step=860 node=N54615 type=observe reward_pred=48525860864.000000 sequence=1850798255779.172119
[iscas99__b17 gpu5] [plan iscas99__b17] [plan] step=861 node=N53059 type=observe reward_pred=49832419328.000000 sequence=1900630675107.172119
[iscas99__b17 gpu5] [plan iscas99__b17] [plan] step=862 node=N54098 type=observe reward_pred=51174146048.000000 sequence=1951804821155.172119
[iscas99__b17 gpu5] [plan iscas99__b17] [plan] step=863 node=N54100 type=observe reward_pred=52552003584.000000 sequence=2004356824739.172119
[iscas99__b17 gpu5] [plan iscas99__b17] [plan] step=864 node=N55100 type=observe reward_pred=53966950400.000000 sequence=2058323775139.172119
[iscas99__b17 gpu5] [plan iscas99__b17] [plan] step=865 node=N55943 type=observe reward_pred=55419998208.000000 sequence=2113743773347.172119
[iscas99__b17 gpu5] [plan iscas99__b17] [plan] step=866 node=N54090 type=observe reward_pred=56912175104.000000 sequence=2170655948451.172119
[iscas99__b17 gpu5] [plan iscas99__b17] [plan] step=867 node=N55950 type=observe reward_pred=58444521472.000000 sequence=2229100469923.171875
[iscas99__b17 gpu5] [plan iscas99__b17] [plan] step=868 node=N54102 type=observe reward_pred=60018130944.000000 sequence=2289118600867.171875
[iscas99__b17 gpu5] [plan iscas99__b17] [plan] step=869 node=N55385 type=observe reward_pred=61634109440.000000 sequence=2350752710307.171875
[iscas99__b17 gpu5] [plan iscas99__b17] [plan] step=870 node=N51621 type=observe reward_pred=63293603840.000000 sequence=2414046314147.171875
[iscas99__b17 gpu5] [plan iscas99__b17] [plan] step=871 node=N54369 type=observe reward_pred=64997765120.000000 sequence=2479044079267.171875
[iscas99__b17 gpu5] [plan iscas99__b17] [plan] step=872 node=N54617 type=observe reward_pred=66747822080.000000 sequence=2545791901347.171875
[iscas99__b17 gpu5] [plan iscas99__b17] [plan] step=873 node=N51506 type=observe reward_pred=68545003520.000000 sequence=2614336904867.171875
[iscas99__b17 gpu5] [plan iscas99__b17] [plan] step=874 node=N19715 type=observe reward_pred=70390554624.000000 sequence=2684727459491.171875
[iscas99__b17 gpu5] [plan iscas99__b17] [plan] step=875 node=N53977 type=observe reward_pred=72285814784.000000 sequence=2757013274275.171875
[iscas99__b17 gpu5] [plan iscas99__b17] [plan] step=876 node=N55240 type=observe reward_pred=74232102912.000000 sequence=2831245377187.171875
[iscas99__b17 gpu5] [plan iscas99__b17] [plan] step=877 node=N53007 type=observe reward_pred=76230770688.000000 sequence=2907476147875.171875
[iscas99__b17 gpu5] [plan iscas99__b17] [plan] step=878 node=N55965 type=observe reward_pred=78283292672.000000 sequence=2985759440547.171875
[iscas99__b17 gpu5] [plan iscas99__b17] [plan] step=879 node=N55974 type=observe reward_pred=80391045120.000000 sequence=3066150485667.171875
[iscas99__b17 gpu5] [plan iscas99__b17] [plan] step=880 node=N53785 type=observe reward_pred=82555559936.000000 sequence=3148706045603.171875
[iscas99__b17 gpu5] [plan iscas99__b17] [plan] step=881 node=N53979 type=observe reward_pred=84778360832.000000 sequence=3233484406435.171875
[iscas99__b17 gpu5] [plan iscas99__b17] [plan] step=882 node=N55242 type=observe reward_pred=87060996096.000000 sequence=3320545402531.171875
[iscas99__b17 gpu5] [plan iscas99__b17] [plan] step=883 node=N53969 type=observe reward_pred=89405095936.000000 sequence=3409950498467.171875
[iscas99__b17 gpu5] [plan iscas99__b17] [plan] step=884 node=N55232 type=observe reward_pred=91812306944.000000 sequence=3501762805411.171875
[iscas99__b17 gpu5] [plan iscas99__b17] [plan] step=885 node=N60240 type=observe reward_pred=94284349440.000000 sequence=3596047154851.171875
[iscas99__b17 gpu5] [plan iscas99__b17] [plan] step=886 node=N54565 type=observe reward_pred=96822935552.000000 sequence=3692870090403.171875
[iscas99__b17 gpu5] [plan iscas99__b17] [plan] step=887 node=N54371 type=observe reward_pred=99429875712.000000 sequence=3792299966115.171875
[iscas99__b17 gpu5] [plan iscas99__b17] [plan] step=888 node=N55387 type=observe reward_pred=102106996736.000000 sequence=3894406962851.171875
[iscas99__b17 gpu5] [plan iscas99__b17] [plan] step=889 node=N53787 type=observe reward_pred=104856215552.000000 sequence=3999263178403.171875
[iscas99__b17 gpu5] [plan iscas99__b17] [plan] step=890 node=N53981 type=observe reward_pred=107679457280.000000 sequence=4106942635683.171875
[iscas99__b17 gpu5] [plan iscas99__b17] [plan] step=891 node=N55244 type=observe reward_pred=110578704384.000000 sequence=4217521340067.171875
[iscas99__b17 gpu5] [plan iscas99__b17] [plan] step=892 node=N53779 type=observe reward_pred=113556013056.000000 sequence=4331077353123.171875
[iscas99__b17 gpu5] [plan iscas99__b17] [plan] step=893 node=N54619 type=observe reward_pred=116613496832.000000 sequence=4447690849955.171875
[iscas99__b17 gpu5] [plan iscas99__b17] [plan] step=894 node=N60285 type=observe reward_pred=119753293824.000000 sequence=4567444143779.171875
[openabcd__mem_ctrl_orig gpu6] [plan openabcd__mem_ctrl_orig] [plan] step=646 node=N2542 type=observe reward_pred=197281360.000000 sequence=7524392117.847007
[openabcd__mem_ctrl_orig gpu6] [plan openabcd__mem_ctrl_orig] [plan] step=647 node=N2194 type=observe reward_pred=202593120.000000 sequence=7726985237.847007
[openabcd__mem_ctrl_orig gpu6] [plan openabcd__mem_ctrl_orig] [plan] step=648 node=N96141 type=observe reward_pred=208047904.000000 sequence=7935033141.847007
[openabcd__mem_ctrl_orig gpu6] [plan openabcd__mem_ctrl_orig] [plan] step=649 node=N2220 type=observe reward_pred=213649536.000000 sequence=8148682677.847007
[openabcd__mem_ctrl_orig gpu6] [plan openabcd__mem_ctrl_orig] [plan] step=650 node=N92128 type=observe reward_pred=219402032.000000 sequence=8368084709.847007
[openabcd__mem_ctrl_orig gpu6] [plan openabcd__mem_ctrl_orig] [plan] step=651 node=N15763 type=observe reward_pred=225309408.000000 sequence=8593394117.847008
[openabcd__mem_ctrl_orig gpu6] [plan openabcd__mem_ctrl_orig] [plan] step=652 node=N92072 type=observe reward_pred=231375840.000000 sequence=8824769957.847008
[openabcd__mem_ctrl_orig gpu6] [plan openabcd__mem_ctrl_orig] [plan] step=653 node=N11538 type=observe reward_pred=237605600.000000 sequence=9062375557.847008
[openabcd__mem_ctrl_orig gpu6] [plan openabcd__mem_ctrl_orig] [plan] step=654 node=N93113 type=observe reward_pred=244003072.000000 sequence=9306378629.847008
[openabcd__mem_ctrl_orig gpu6] [plan openabcd__mem_ctrl_orig] [plan] step=655 node=N104191 type=observe reward_pred=250572800.000000 sequence=9556951429.847008
[openabcd__mem_ctrl_orig gpu6] [plan openabcd__mem_ctrl_orig] [plan] step=656 node=N100355 type=observe reward_pred=257319424.000000 sequence=9814270853.847008
[openabcd__mem_ctrl_orig gpu6] [plan openabcd__mem_ctrl_orig] [plan] step=657 node=N93050 type=observe reward_pred=264247664.000000 sequence=10078518517.847008
[openabcd__mem_ctrl_orig gpu6] [plan openabcd__mem_ctrl_orig] [plan] step=658 node=N8534 type=observe reward_pred=271362496.000000 sequence=10349881013.847008
[openabcd__mem_ctrl_orig gpu6] [plan openabcd__mem_ctrl_orig] [plan] step=659 node=N14590 type=observe reward_pred=278668928.000000 sequence=10628549941.847008
[openabcd__mem_ctrl_orig gpu6] [plan openabcd__mem_ctrl_orig] [plan] step=660 node=N100585 type=observe reward_pred=286172000.000000 sequence=10914721941.847008
[openabcd__mem_ctrl_orig gpu6] [plan openabcd__mem_ctrl_orig] [plan] step=661 node=N93112 type=observe reward_pred=293877120.000000 sequence=11208599061.847008
[openabcd__mem_ctrl_orig gpu6] [plan openabcd__mem_ctrl_orig] [plan] step=662 node=N100584 type=observe reward_pred=301789760.000000 sequence=11510388821.847008
[openabcd__mem_ctrl_orig gpu6] [plan openabcd__mem_ctrl_orig] [plan] step=663 node=N93087 type=observe reward_pred=309915360.000000 sequence=11820304181.847008
[openabcd__mem_ctrl_orig gpu6] [plan openabcd__mem_ctrl_orig] [plan] step=664 node=N92127 type=observe reward_pred=318259776.000000 sequence=12138563957.847008
[openabcd__mem_ctrl_orig gpu6] [plan openabcd__mem_ctrl_orig] [plan] step=665 node=N96355 type=observe reward_pred=326828896.000000 sequence=12465392853.847008
[openabcd__mem_ctrl_orig gpu6] [plan openabcd__mem_ctrl_orig] [plan] step=666 node=N16000 type=observe reward_pred=335628736.000000 sequence=12801021589.847008
[openabcd__mem_ctrl_orig gpu6] [plan openabcd__mem_ctrl_orig] [plan] step=667 node=N93085 type=observe reward_pred=344665472.000000 sequence=13145687061.847008
[openabcd__mem_ctrl_orig gpu6] [plan openabcd__mem_ctrl_orig] [plan] step=668 node=N96253 type=observe reward_pred=353945472.000000 sequence=13499632533.847008
[openabcd__mem_ctrl_orig gpu6] [plan openabcd__mem_ctrl_orig] [plan] step=669 node=N12333 type=observe reward_pred=363475424.000000 sequence=13863107957.847008
[openabcd__mem_ctrl_orig gpu6] [plan openabcd__mem_ctrl_orig] [plan] step=670 node=N96376 type=observe reward_pred=373261920.000000 sequence=14236369877.847008
[openabcd__mem_ctrl_orig gpu6] [plan openabcd__mem_ctrl_orig] [plan] step=671 node=N2250 type=observe reward_pred=383311968.000000 sequence=14619681845.847008
[openabcd__mem_ctrl_orig gpu6] [plan openabcd__mem_ctrl_orig] [plan] step=672 node=N2047 type=observe reward_pred=393632608.000000 sequence=15013314453.847008
[openabcd__mem_ctrl_orig gpu6] [plan openabcd__mem_ctrl_orig] [plan] step=673 node=N16265 type=observe reward_pred=404231072.000000 sequence=15417545525.847008
[openabcd__mem_ctrl_orig gpu6] [plan openabcd__mem_ctrl_orig] [plan] step=674 node=N12587 type=observe reward_pred=415114880.000000 sequence=15832660405.847008
[openabcd__mem_ctrl_orig gpu6] [plan openabcd__mem_ctrl_orig] [plan] step=675 node=N17920 type=observe reward_pred=426291744.000000 sequence=16258952149.847008
[openabcd__mem_ctrl_orig gpu6] [plan openabcd__mem_ctrl_orig] [plan] step=676 node=N12371 type=observe reward_pred=437769536.000000 sequence=16696721685.847008
[openabcd__mem_ctrl_orig gpu6] [plan openabcd__mem_ctrl_orig] [plan] step=677 node=N95333 type=control0 reward_pred=449556416.000000 sequence=17146278101.847008
[openabcd__mem_ctrl_orig gpu6] [plan openabcd__mem_ctrl_orig] [plan] step=678 node=N15645 type=observe reward_pred=461660640.000000 sequence=17607938741.847008
[openabcd__mem_ctrl_orig gpu6] [plan openabcd__mem_ctrl_orig] [plan] step=679 node=N16124 type=observe reward_pred=474090784.000000 sequence=18082029525.847008
[openabcd__mem_ctrl_orig gpu6] [plan openabcd__mem_ctrl_orig] [plan] step=680 node=N16225 type=observe reward_pred=486855584.000000 sequence=18568885109.847008
[openabcd__mem_ctrl_orig gpu6] [plan openabcd__mem_ctrl_orig] [plan] step=681 node=N19299 type=observe reward_pred=499964064.000000 sequence=19068849173.847008
[openabcd__mem_ctrl_orig gpu6] [plan openabcd__mem_ctrl_orig] [plan] step=682 node=N2346 type=observe reward_pred=513425504.000000 sequence=19582274677.847008
[openabcd__mem_ctrl_orig gpu6] [plan openabcd__mem_ctrl_orig] [plan] step=683 node=N12330 type=observe reward_pred=527249408.000000 sequence=20109524085.847008
[openabcd__mem_ctrl_orig gpu6] [plan openabcd__mem_ctrl_orig] [plan] step=684 node=N16001 type=observe reward_pred=541445504.000000 sequence=20650969589.847008
[openabcd__mem_ctrl_orig gpu6] [plan openabcd__mem_ctrl_orig] [plan] step=685 node=N2111 type=control1 reward_pred=556023808.000000 sequence=21206993397.847008
[openabcd__mem_ctrl_orig gpu6] [plan openabcd__mem_ctrl_orig] [plan] step=686 node=N2200 type=observe reward_pred=570994688.000000 sequence=21777988085.847008
[openabcd__mem_ctrl_orig gpu6] [plan openabcd__mem_ctrl_orig] [plan] step=687 node=N16036 type=observe reward_pred=586368576.000000 sequence=22364356661.847008
[openabcd__mem_ctrl_orig gpu6] [plan openabcd__mem_ctrl_orig] [plan] step=688 node=N12346 type=observe reward_pred=602156480.000000 sequence=22966513141.847008
[openabcd__mem_ctrl_orig gpu6] [plan openabcd__mem_ctrl_orig] [plan] step=689 node=N15759 type=control1 reward_pred=618369408.000000 sequence=23584882549.847008
[openabcd__mem_ctrl_orig gpu6] [plan openabcd__mem_ctrl_orig] [plan] step=690 node=N92129 type=observe reward_pred=635018816.000000 sequence=24219901365.847008
[openabcd__mem_ctrl_orig gpu6] [plan openabcd__mem_ctrl_orig] [plan] step=691 node=N100590 type=observe reward_pred=652116544.000000 sequence=24872017909.847008
[openabcd__mem_ctrl_orig gpu6] [plan openabcd__mem_ctrl_orig] [plan] step=692 node=N93084 type=observe reward_pred=669674816.000000 sequence=25541692725.847008
[openabcd__mem_ctrl_orig gpu6] [plan openabcd__mem_ctrl_orig] [plan] step=693 node=N103608 type=observe reward_pred=687705600.000000 sequence=26229398325.847008
[openabcd__mem_ctrl_orig gpu6] [plan openabcd__mem_ctrl_orig] [plan] step=694 node=N2261 type=observe reward_pred=706221824.000000 sequence=26935620149.847008
[openabcd__mem_ctrl_orig gpu6] [plan openabcd__mem_ctrl_orig] [plan] step=695 node=N56780 type=observe reward_pred=725236928.000000 sequence=27660857077.847008
[openabcd__mem_ctrl_orig gpu6] [plan openabcd__mem_ctrl_orig] [plan] step=696 node=N3328 type=observe reward_pred=744763712.000000 sequence=28405620789.847008
[openabcd__mem_ctrl_orig gpu6] [plan openabcd__mem_ctrl_orig] [plan] step=697 node=N17983 type=observe reward_pred=764816384.000000 sequence=29170437173.847008
[openabcd__mem_ctrl_orig gpu6] [plan openabcd__mem_ctrl_orig] [plan] step=698 node=N68028 type=observe reward_pred=785408960.000000 sequence=29955846133.847008
[openabcd__mem_ctrl_orig gpu6] [plan openabcd__mem_ctrl_orig] [plan] step=699 node=N23544 type=observe reward_pred=806555904.000000 sequence=30762402037.847008
[openabcd__mem_ctrl_orig gpu6] [plan openabcd__mem_ctrl_orig] [plan] step=700 node=N2288 type=observe reward_pred=828272192.000000 sequence=31590674229.847008
[openabcd__mem_ctrl_orig gpu6] [plan openabcd__mem_ctrl_orig] [plan] step=701 node=N19681 type=observe reward_pred=850573312.000000 sequence=32441247541.847008
[openabcd__mem_ctrl_orig gpu6] [plan openabcd__mem_ctrl_orig] [plan] step=702 node=N20665 type=observe reward_pred=873474880.000000 sequence=33314722421.847008
[openabcd__mem_ctrl_orig gpu6] [plan openabcd__mem_ctrl_orig] [plan] step=703 node=N2070 type=observe reward_pred=896993088.000000 sequence=34211715509.847008
[openabcd__mem_ctrl_orig gpu6] [plan openabcd__mem_ctrl_orig] [plan] step=704 node=N3330 type=observe reward_pred=921144640.000000 sequence=35132860149.847008
[openabcd__mem_ctrl_orig gpu6] [plan openabcd__mem_ctrl_orig] [plan] step=705 node=N16336 type=observe reward_pred=945946240.000000 sequence=36078806389.847008
[openabcd__mem_ctrl_orig gpu6] [plan openabcd__mem_ctrl_orig] [plan] step=706 node=N103607 type=observe reward_pred=971415552.000000 sequence=37050221941.847008
[openabcd__mem_ctrl_orig gpu6] [plan openabcd__mem_ctrl_orig] [plan] step=707 node=N92125 type=observe reward_pred=997570752.000000 sequence=38047792693.847008
[openabcd__mem_ctrl_orig gpu6] [plan openabcd__mem_ctrl_orig] [plan] step=708 node=N96377 type=observe reward_pred=1024430080.000000 sequence=39072222773.847008
[openabcd__mem_ctrl_orig gpu6] [plan openabcd__mem_ctrl_orig] [plan] step=709 node=N23539 type=observe reward_pred=1052012800.000000 sequence=40124235573.847008
[openabcd__mem_ctrl_orig gpu6] [plan openabcd__mem_ctrl_orig] [plan] step=710 node=N15632 type=observe reward_pred=1080338048.000000 sequence=41204573621.847008
[openabcd__mem_ctrl_orig gpu6] [plan openabcd__mem_ctrl_orig] [plan] step=711 node=N12600 type=observe reward_pred=1109425920.000000 sequence=42313999541.847008
[openabcd__mem_ctrl_orig gpu6] [plan openabcd__mem_ctrl_orig] [plan] step=712 node=N92126 type=observe reward_pred=1139297024.000000 sequence=43453296565.847008
[openabcd__mem_ctrl_orig gpu6] [plan openabcd__mem_ctrl_orig] [plan] step=713 node=N14242 type=observe reward_pred=1169972352.000000 sequence=44623268917.847008
[openabcd__mem_ctrl_orig gpu6] [plan openabcd__mem_ctrl_orig] [plan] step=714 node=N16250 type=observe reward_pred=1201473920.000000 sequence=45824742837.847008
[openabcd__mem_ctrl_orig gpu6] [plan openabcd__mem_ctrl_orig] [plan] step=715 node=N11440 type=observe reward_pred=1233823232.000000 sequence=47058566069.847008
[openabcd__mem_ctrl_orig gpu6] [plan openabcd__mem_ctrl_orig] [plan] step=716 node=N93049 type=observe reward_pred=1267043840.000000 sequence=48325609909.847008
[openabcd__mem_ctrl_orig gpu6] [plan openabcd__mem_ctrl_orig] [plan] step=717 node=N92957 type=observe reward_pred=1301158656.000000 sequence=49626768565.847008
[openabcd__mem_ctrl_orig gpu6] [plan openabcd__mem_ctrl_orig] [plan] step=718 node=N14275 type=observe reward_pred=1336192256.000000 sequence=50962960821.847008
[openabcd__mem_ctrl_orig gpu6] [plan openabcd__mem_ctrl_orig] [plan] step=719 node=N99803 type=observe reward_pred=1372168960.000000 sequence=52335129781.847008
[openabcd__mem_ctrl_orig gpu6] [plan openabcd__mem_ctrl_orig] [plan] step=720 node=N12678 type=observe reward_pred=1409114496.000000 sequence=53744244277.847008
[openabcd__mem_ctrl_orig gpu6] [plan openabcd__mem_ctrl_orig] [plan] step=721 node=N100356 type=observe reward_pred=1447054592.000000 sequence=55191298869.847008
[openabcd__mem_ctrl_orig gpu6] [plan openabcd__mem_ctrl_orig] [plan] step=722 node=N11536 type=observe reward_pred=1486016256.000000 sequence=56677315125.847008
[openabcd__mem_ctrl_orig gpu6] [plan openabcd__mem_ctrl_orig] [plan] step=723 node=N99802 type=observe reward_pred=1526027008.000000 sequence=58203342133.847008
[openabcd__mem_ctrl_orig gpu6] [plan openabcd__mem_ctrl_orig] [plan] step=724 node=N92956 type=observe reward_pred=1567115136.000000 sequence=59770457269.847008
[openabcd__mem_ctrl_orig gpu6] [plan openabcd__mem_ctrl_orig] [plan] step=725 node=N92959 type=observe reward_pred=1609309568.000000 sequence=61379766837.847008
[openabcd__mem_ctrl_orig gpu6] [plan openabcd__mem_ctrl_orig] [plan] step=726 node=N15693 type=observe reward_pred=1652639744.000000 sequence=63032406581.847008
[openabcd__mem_ctrl_orig gpu6] [plan openabcd__mem_ctrl_orig] [plan] step=727 node=N92036 type=observe reward_pred=1697136768.000000 sequence=64729543349.847008
[openabcd__mem_ctrl_orig gpu6] [plan openabcd__mem_ctrl_orig] [plan] step=728 node=N92958 type=observe reward_pred=1742832128.000000 sequence=66472375477.847008
[openabcd__mem_ctrl_orig gpu6] [plan openabcd__mem_ctrl_orig] [plan] step=729 node=N56790 type=observe reward_pred=1789757696.000000 sequence=68262133173.847008
[iscas99__b20 gpu1] [plan iscas99__b20] [plan] step=559 node=N18375 type=observe reward_pred=16116653.000000 sequence=629925075.331052
[iscas99__b20 gpu1] [plan iscas99__b20] [plan] step=560 node=N2900 type=control0 reward_pred=16582230.000000 sequence=646507305.331052
[iscas99__b20 gpu1] [plan iscas99__b20] [plan] step=561 node=N54275 type=control0 reward_pred=16933554.000000 sequence=663440859.331052
[iscas99__b20 gpu1] [plan iscas99__b20] [plan] step=562 node=N54277 type=control0 reward_pred=17419288.000000 sequence=680860147.331052
[iscas99__b20 gpu1] [plan iscas99__b20] [plan] step=563 node=N54272 type=control0 reward_pred=17822684.000000 sequence=698682831.331052
[iscas99__b20 gpu1] [plan iscas99__b20] [plan] step=564 node=N54274 type=control0 reward_pred=18327306.000000 sequence=717010137.331052
[iscas99__b20 gpu1] [plan iscas99__b20] [plan] step=565 node=N22766 type=control0 reward_pred=18830714.000000 sequence=735840851.331052
[iscas99__b20 gpu1] [plan iscas99__b20] [plan] step=566 node=N12448 type=observe reward_pred=19226288.000000 sequence=755067139.331052
[iscas99__b20 gpu1] [plan iscas99__b20] [plan] step=567 node=N54307 type=control0 reward_pred=19775274.000000 sequence=774842413.331052
[iscas99__b20 gpu1] [plan iscas99__b20] [plan] step=568 node=N54304 type=control0 reward_pred=20318690.000000 sequence=795161103.331052
[iscas99__b20 gpu1] [plan iscas99__b20] [plan] step=569 node=N54301 type=control0 reward_pred=20872470.000000 sequence=816033573.331052
[iscas99__b20 gpu1] [plan iscas99__b20] [plan] step=570 node=N8715 type=control1 reward_pred=21439016.000000 sequence=837472589.331052
[iscas99__b20 gpu1] [plan iscas99__b20] [plan] step=571 node=N8716 type=control1 reward_pred=22019562.000000 sequence=859492151.331052
[iscas99__b20 gpu1] [plan iscas99__b20] [plan] step=572 node=N8717 type=control1 reward_pred=22614888.000000 sequence=882107039.331052
[iscas99__b20 gpu1] [plan iscas99__b20] [plan] step=573 node=N1782 type=observe reward_pred=23035380.000000 sequence=905142419.331052
[iscas99__b20 gpu1] [plan iscas99__b20] [plan] step=574 node=N829 type=control1 reward_pred=23704920.000000 sequence=928847339.331052
[iscas99__b20 gpu1] [plan iscas99__b20] [plan] step=575 node=N945 type=observe reward_pred=24191816.000000 sequence=953039155.331052
[iscas99__b20 gpu1] [plan iscas99__b20] [plan] step=576 node=N913 type=observe reward_pred=24726856.000000 sequence=977766011.331052
[iscas99__b20 gpu1] [plan iscas99__b20] [plan] step=577 node=N22868 type=control1 reward_pred=25448720.000000 sequence=1003214731.331052
[iscas99__b20 gpu1] [plan iscas99__b20] [plan] step=578 node=N12608 type=observe reward_pred=25956962.000000 sequence=1029171693.331052
[iscas99__b20 gpu1] [plan iscas99__b20] [plan] step=579 node=N857 type=observe reward_pred=26514932.000000 sequence=1055686625.331052
[iscas99__b20 gpu1] [plan iscas99__b20] [plan] step=580 node=N44455 type=control0 reward_pred=27300728.000000 sequence=1082987353.331052
[iscas99__b20 gpu1] [plan iscas99__b20] [plan] step=581 node=N44455 type=control1 reward_pred=28063306.000000 sequence=1111050659.331052
[iscas99__b20 gpu1] [plan iscas99__b20] [plan] step=582 node=N8744 type=control0 reward_pred=28617830.000000 sequence=1139668489.331052
[iscas99__b20 gpu1] [plan iscas99__b20] [plan] step=583 node=N44383 type=observe reward_pred=29246106.000000 sequence=1168914595.331052
[iscas99__b20 gpu1] [plan iscas99__b20] [plan] step=584 node=N8372 type=control0 reward_pred=30107522.000000 sequence=1199022117.331052
[iscas99__b20 gpu1] [plan iscas99__b20] [plan] step=585 node=N10042 type=observe reward_pred=30757276.000000 sequence=1229779393.331052
[iscas99__b20 gpu1] [plan iscas99__b20] [plan] step=586 node=N12421 type=control0 reward_pred=31462844.000000 sequence=1261242237.331052
[iscas99__b20 gpu1] [plan iscas99__b20] [plan] step=587 node=N24756 type=observe reward_pred=32196846.000000 sequence=1293439083.331052
[iscas99__b20 gpu1] [plan iscas99__b20] [plan] step=588 node=N24876 type=observe reward_pred=32901792.000000 sequence=1326340875.331052
[iscas99__b20 gpu1] [plan iscas99__b20] [plan] step=589 node=N31936 type=observe reward_pred=33872784.000000 sequence=1360213659.331052
[iscas99__b20 gpu1] [plan iscas99__b20] [plan] step=590 node=N942 type=observe reward_pred=34590208.000000 sequence=1394803867.331052
[iscas99__b20 gpu1] [plan iscas99__b20] [plan] step=591 node=N12251 type=observe reward_pred=35337768.000000 sequence=1430141635.331052
[iscas99__b20 gpu1] [plan iscas99__b20] [plan] step=592 node=N8766 type=control0 reward_pred=36138908.000000 sequence=1466280543.331052
[iscas99__b20 gpu1] [plan iscas99__b20] [plan] step=593 node=N16605 type=observe reward_pred=36874688.000000 sequence=1503155231.331052
[iscas99__b20 gpu1] [plan iscas99__b20] [plan] step=594 node=N1673 type=observe reward_pred=37993280.000000 sequence=1541148511.331052
[iscas99__b20 gpu1] [plan iscas99__b20] [plan] step=595 node=N1696 type=observe reward_pred=39062332.000000 sequence=1580210843.331052
[iscas99__b20 gpu1] [plan iscas99__b20] [plan] step=596 node=N1697 type=observe reward_pred=40142992.000000 sequence=1620353835.331052
[iscas99__b20 gpu1] [plan iscas99__b20] [plan] step=597 node=N1698 type=observe reward_pred=41244916.000000 sequence=1661598751.331052
[iscas99__b20 gpu1] [plan iscas99__b20] [plan] step=598 node=N1699 type=observe reward_pred=42369124.000000 sequence=1703967875.331052
[iscas99__b20 gpu1] [plan iscas99__b20] [plan] step=599 node=N1700 type=observe reward_pred=43520104.000000 sequence=1747487979.331052
[iscas99__b20 gpu1] [plan iscas99__b20] [plan] step=600 node=N1701 type=observe reward_pred=44699552.000000 sequence=1792187531.331052
[iscas99__b20 gpu1] [plan iscas99__b20] [plan] step=601 node=N1702 type=observe reward_pred=45908876.000000 sequence=1838096407.331052
[iscas99__b20 gpu1] [plan iscas99__b20] [plan] step=602 node=N1703 type=observe reward_pred=47149380.000000 sequence=1885245787.331052
[iscas99__b20 gpu1] [plan iscas99__b20] [plan] step=603 node=N12443 type=observe reward_pred=47964048.000000 sequence=1933209835.331052
[iscas99__b20 gpu1] [plan iscas99__b20] [plan] step=604 node=N23713 type=control1 reward_pred=49377832.000000 sequence=1982587667.331052
[iscas99__b20 gpu1] [plan iscas99__b20] [plan] step=605 node=N2904 type=observe reward_pred=50742740.000000 sequence=2033330407.331052
[iscas99__b20 gpu1] [plan iscas99__b20] [plan] step=606 node=N2933 type=observe reward_pred=52126296.000000 sequence=2085456703.331052
[iscas99__b20 gpu1] [plan iscas99__b20] [plan] step=607 node=N2942 type=observe reward_pred=53541008.000000 sequence=2138997711.331052
[iscas99__b20 gpu1] [plan iscas99__b20] [plan] step=608 node=N2960 type=observe reward_pred=54991008.000000 sequence=2193988719.331052
[iscas99__b20 gpu1] [plan iscas99__b20] [plan] step=609 node=N2978 type=observe reward_pred=56478120.000000 sequence=2250466839.331052
[iscas99__b20 gpu1] [plan iscas99__b20] [plan] step=610 node=N3004 type=observe reward_pred=58003808.000000 sequence=2308470647.331052
[iscas99__b20 gpu1] [plan iscas99__b20] [plan] step=611 node=N3031 type=observe reward_pred=59569484.000000 sequence=2368040131.331052
[iscas99__b20 gpu1] [plan iscas99__b20] [plan] step=612 node=N3040 type=observe reward_pred=61176468.000000 sequence=2429216599.331052
[iscas99__b20 gpu1] [plan iscas99__b20] [plan] step=613 node=N3049 type=observe reward_pred=62826052.000000 sequence=2492042651.331052
[iscas99__b20 gpu1] [plan iscas99__b20] [plan] step=614 node=N3067 type=observe reward_pred=64519528.000000 sequence=2556562179.331052
[iscas99__b20 gpu1] [plan iscas99__b20] [plan] step=615 node=N3094 type=observe reward_pred=66258168.000000 sequence=2622820347.331052
[iscas99__b20 gpu1] [plan iscas99__b20] [plan] step=616 node=N3112 type=observe reward_pred=68043304.000000 sequence=2690863651.331052
[iscas99__b20 gpu1] [plan iscas99__b20] saved=autoresearch/eval8-rest7-hybrid-recall-k96-realfault-Bonly-300k-260702-233920/iscas99__b20/B_world_rerank/plans/iscas99__b20__greedy__cumulative__reward_pred__bw1__d1__c96__g1p0__candheuristic_recall_pool__div0p0__s0.csv
[iscas99__b20 gpu1] [gmean] 2026-07-03T00:59:29 [1/1] plan_done benchmark=iscas99__b20 plan_sec=4808.972 plan_csv=autoresearch/eval8-rest7-hybrid-recall-k96-realfault-Bonly-300k-260702-233920/iscas99__b20/B_world_rerank/plans/iscas99__b20__greedy__cumulative__reward_pred__bw1__d1__c96__g1p0__candheuristic_recall_pool__div0p0__s0.csv
[iscas99__b20 gpu1] [gmean] 2026-07-03T00:59:29 [1/1] eval_start benchmark=iscas99__b20 backend=atalanta-bist patterns=300000
[iscas99__b20 gpu1] [eval iscas99__b20] {
[iscas99__b20 gpu1] [eval iscas99__b20]   "records": 2,
[iscas99__b20 gpu1] [eval iscas99__b20]   "labels_csv": "autoresearch/eval8-rest7-hybrid-recall-k96-realfault-Bonly-300k-260702-233920/iscas99__b20/B_world_rerank/evals/iscas99__b20__greedy__cumulative__reward_pred__bw1__d1__c96__g1p0__candheuristic_recall_pool__div0p0__s0/labels.csv",
[iscas99__b20 gpu1] [eval iscas99__b20]   "summary_json": "autoresearch/eval8-rest7-hybrid-recall-k96-realfault-Bonly-300k-260702-233920/iscas99__b20/B_world_rerank/evals/iscas99__b20__greedy__cumulative__reward_pred__bw1__d1__c96__g1p0__candheuristic_recall_pool__div0p0__s0/summary.json"
[iscas99__b20 gpu1] [eval iscas99__b20] }
[iscas99__b20 gpu1] [gmean] 2026-07-03T00:59:39 [1/1] eval_done benchmark=iscas99__b20 delta_tc=0.05532999999999999 plan_sec=4808.972 eval_sec=9.721 total_sec=4818.715
[iscas99__b20 gpu1] [gmean] 2026-07-03T00:59:39 variant_done id=greedy__cumulative__reward_pred__bw1__d1__c96__g1p0__candheuristic_recall_pool__div0p0__s0 status=ok macro=0.05532999999999999 positives=1 negatives=0 elapsed=4818.716
[launcher] done benchmark=iscas99__b20 status=0 log=autoresearch/eval8-rest7-hybrid-recall-k96-realfault-Bonly-300k-260702-233920/logs/iscas99__b20.log
[iscas99__b17 gpu5] [plan iscas99__b17] [plan] step=895 node=N55964 type=observe reward_pred=122977640448.000000 sequence=4690421784227.171875
[iscas99__b17 gpu5] [plan iscas99__b17] [plan] step=896 node=N55973 type=observe reward_pred=126288789504.000000 sequence=4816710573731.171875
[iscas99__b17 gpu5] [plan iscas99__b17] [plan] step=897 node=N55980 type=observe reward_pred=129689092096.000000 sequence=4946399665827.171875
[iscas99__b17 gpu5] [plan iscas99__b17] [plan] step=898 node=N53789 type=observe reward_pred=133180948480.000000 sequence=5079580614307.171875
[iscas99__b17 gpu5] [plan iscas99__b17] [plan] step=899 node=N60327 type=observe reward_pred=136766832640.000000 sequence=5216347446947.171875
[iscas99__b17 gpu5] [plan iscas99__b17] [plan] step=900 node=N52729 type=observe reward_pred=140449251328.000000 sequence=5356796698275.171875
[iscas99__b17 gpu5] [plan iscas99__b17] [plan] step=901 node=N54722 type=observe reward_pred=144230842368.000000 sequence=5501027540643.171875
[iscas99__b17 gpu5] [plan iscas99__b17] [plan] step=902 node=N54319 type=observe reward_pred=148114210816.000000 sequence=5649141751459.171875
[iscas99__b17 gpu5] [plan iscas99__b17] [plan] step=903 node=N55981 type=observe reward_pred=152102158336.000000 sequence=5801243909795.171875
[iscas99__b17 gpu5] [plan iscas99__b17] [plan] step=904 node=N51623 type=observe reward_pred=156197486592.000000 sequence=5957441396387.171875
[iscas99__b17 gpu5] [plan iscas99__b17] [plan] step=905 node=N56548 type=observe reward_pred=160403095552.000000 sequence=6117844491939.171875
[iscas99__b17 gpu5] [plan iscas99__b17] [plan] step=906 node=N54106 type=observe reward_pred=164721917952.000000 sequence=6282566409891.171875
[iscas99__b17 gpu5] [plan iscas99__b17] [plan] step=907 node=N54567 type=observe reward_pred=169157033984.000000 sequence=6451723443875.171875
[iscas99__b17 gpu5] [plan iscas99__b17] [plan] step=908 node=N54373 type=observe reward_pred=173711540224.000000 sequence=6625434984099.171875
[iscas99__b17 gpu5] [plan iscas99__b17] [plan] step=909 node=N51709 type=observe reward_pred=178388697088.000000 sequence=6803823681187.171875
[iscas99__b17 gpu5] [plan iscas99__b17] [plan] step=910 node=N55389 type=observe reward_pred=183191797760.000000 sequence=6987015478947.171875
[iscas99__b17 gpu5] [plan iscas99__b17] [plan] step=911 node=N51181 type=observe reward_pred=188124200960.000000 sequence=7175139679907.171875
[iscas99__b17 gpu5] [plan iscas99__b17] [plan] step=912 node=N60243 type=observe reward_pred=193189412864.000000 sequence=7368329092771.171875
[iscas99__b17 gpu5] [plan iscas99__b17] [plan] step=913 node=N55889 type=observe reward_pred=198390874112.000000 sequence=7566719966883.171875
[iscas99__b17 gpu5] [plan iscas99__b17] [plan] step=914 node=N19714 type=observe reward_pred=203732516864.000000 sequence=7770452483747.171875
[iscas99__b17 gpu5] [plan iscas99__b17] [plan] step=915 node=N56374 type=observe reward_pred=209218011136.000000 sequence=7979670494883.171875
[iscas99__b17 gpu5] [plan iscas99__b17] [plan] step=916 node=N54321 type=observe reward_pred=214851174400.000000 sequence=8194521669283.171875
[iscas99__b17 gpu5] [plan iscas99__b17] [plan] step=917 node=N55337 type=observe reward_pred=220636004352.000000 sequence=8415157673635.171875
[iscas99__b17 gpu5] [plan iscas99__b17] [plan] step=918 node=N54773 type=observe reward_pred=226576596992.000000 sequence=8641734270627.171875
[iscas99__b17 gpu5] [plan iscas99__b17] [plan] step=919 node=N51625 type=observe reward_pred=232677130240.000000 sequence=8874411400867.171875
[iscas99__b17 gpu5] [plan iscas99__b17] [plan] step=920 node=N54104 type=observe reward_pred=238941929472.000000 sequence=9113353330339.171875
[iscas99__b17 gpu5] [plan iscas99__b17] [plan] step=921 node=N51508 type=observe reward_pred=245375401984.000000 sequence=9358728732323.171875
[iscas99__b17 gpu5] [plan iscas99__b17] [plan] step=922 node=N53985 type=observe reward_pred=251982086144.000000 sequence=9610710818467.171875
[iscas99__b17 gpu5] [plan iscas99__b17] [plan] step=923 node=N54108 type=observe reward_pred=258766651392.000000 sequence=9869477469859.171875
[iscas99__b17 gpu5] [plan iscas99__b17] [plan] step=924 node=N55248 type=observe reward_pred=265733898240.000000 sequence=10135211368099.171875
[iscas99__b17 gpu5] [plan iscas99__b17] [plan] step=925 node=N53793 type=observe reward_pred=272888725504.000000 sequence=10408100093603.171875
[iscas99__b17 gpu5] [plan iscas99__b17] [plan] step=926 node=N56547 type=observe reward_pred=280236195840.000000 sequence=10688336289443.171875
[iscas99__b17 gpu5] [plan iscas99__b17] [plan] step=927 node=N54110 type=observe reward_pred=287781519360.000000 sequence=10976117808803.171875
[iscas99__b17 gpu5] [plan iscas99__b17] [plan] step=928 node=N60288 type=observe reward_pred=295530004480.000000 sequence=11271647813283.171875
[iscas99__b17 gpu5] [plan iscas99__b17] [plan] step=929 node=N51627 type=observe reward_pred=303487090688.000000 sequence=11575134903971.171875
[iscas99__b17 gpu5] [plan iscas99__b17] [plan] step=930 node=N55339 type=observe reward_pred=311658414080.000000 sequence=11886793318051.171875
[iscas99__b17 gpu5] [plan iscas99__b17] [plan] step=931 node=N53064 type=observe reward_pred=320049774592.000000 sequence=12206843092643.171875
[iscas99__b17 gpu5] [plan iscas99__b17] [plan] step=932 node=N53065 type=observe reward_pred=328667070464.000000 sequence=12535510163107.171875
[iscas99__b17 gpu5] [plan iscas99__b17] [plan] step=933 node=N53066 type=observe reward_pred=337516363776.000000 sequence=12873026526883.171875
[iscas99__b17 gpu5] [plan iscas99__b17] [plan] step=934 node=N53983 type=observe reward_pred=346603913216.000000 sequence=13219630440099.171875
[iscas99__b17 gpu5] [plan iscas99__b17] [plan] step=935 node=N55246 type=observe reward_pred=355936174080.000000 sequence=13575566614179.171875
[iscas99__b17 gpu5] [plan iscas99__b17] [plan] step=936 node=N51575 type=observe reward_pred=365519732736.000000 sequence=13941086346915.171875
[iscas99__b17 gpu5] [plan iscas99__b17] [plan] step=937 node=N53987 type=observe reward_pred=375361241088.000000 sequence=14316447588003.171875
[iscas99__b17 gpu5] [plan iscas99__b17] [plan] step=938 node=N55250 type=observe reward_pred=385467777024.000000 sequence=14701915365027.171875
[iscas99__b17 gpu5] [plan iscas99__b17] [plan] step=939 node=N54112 type=observe reward_pred=395846418432.000000 sequence=15097761783459.171875
[iscas99__b17 gpu5] [plan iscas99__b17] [plan] step=940 node=N54995 type=observe reward_pred=406504603648.000000 sequence=15504266387107.171875
[iscas99__b17 gpu5] [plan iscas99__b17] [plan] step=941 node=N54996 type=observe reward_pred=417449639936.000000 sequence=15921716027043.171875
[iscas99__b17 gpu5] [plan iscas99__b17] [plan] step=942 node=N54997 type=observe reward_pred=428689391616.000000 sequence=16350405418659.171875
[iscas99__b17 gpu5] [plan iscas99__b17] [plan] step=943 node=N54569 type=observe reward_pred=440231788544.000000 sequence=16790637207203.171875
[iscas99__b17 gpu5] [plan iscas99__b17] [plan] step=944 node=N53791 type=observe reward_pred=452084957184.000000 sequence=17242722164387.171875
[iscas99__b17 gpu5] [plan iscas99__b17] [plan] step=945 node=N56002 type=observe reward_pred=464257286144.000000 sequence=17706979450531.171875
[iscas99__b17 gpu5] [plan iscas99__b17] [plan] step=946 node=N46544 type=observe reward_pred=476757295104.000000 sequence=18183736745635.171875
[iscas99__b17 gpu5] [plan iscas99__b17] [plan] step=947 node=N38613 type=observe reward_pred=489593929728.000000 sequence=18673330675363.171875
[iscas99__b17 gpu5] [plan iscas99__b17] [plan] step=948 node=N55927 type=observe reward_pred=502776168448.000000 sequence=19176106843811.171875
[iscas99__b17 gpu5] [plan iscas99__b17] [plan] step=949 node=N53795 type=observe reward_pred=516313284608.000000 sequence=19692420128419.171875
[iscas99__b17 gpu5] [plan iscas99__b17] [plan] step=950 node=N53009 type=observe reward_pred=530215010304.000000 sequence=20222635138723.171875
[iscas99__b17 gpu5] [plan iscas99__b17] [plan] step=951 node=N54623 type=observe reward_pred=544490913792.000000 sequence=20767126052515.171875
[iscas99__b17 gpu5] [plan iscas99__b17] [plan] step=952 node=N53989 type=observe reward_pred=559151316992.000000 sequence=21326277369507.171875
[iscas99__b17 gpu5] [plan iscas99__b17] [plan] step=953 node=N55252 type=observe reward_pred=574206246912.000000 sequence=21900483616419.171875
[iscas99__b17 gpu5] [plan iscas99__b17] [plan] step=954 node=N54621 type=observe reward_pred=589666648064.000000 sequence=22490150264483.171875
[iscas99__b17 gpu5] [plan iscas99__b17] [plan] step=955 node=N54114 type=observe reward_pred=605543399424.000000 sequence=23095693663907.171875
[iscas99__b17 gpu5] [plan iscas99__b17] [plan] step=956 node=N38465 type=observe reward_pred=621847511040.000000 sequence=23717541174947.171875
[iscas99__b17 gpu5] [plan iscas99__b17] [plan] step=957 node=N54323 type=observe reward_pred=638590648320.000000 sequence=24356131823267.171875
[iscas99__b17 gpu5] [plan iscas99__b17] [plan] step=958 node=N53797 type=observe reward_pred=655784673280.000000 sequence=25011916496547.171875
[iscas99__b17 gpu5] [plan iscas99__b17] [plan] step=959 node=N51184 type=observe reward_pred=673441513472.000000 sequence=25685358010019.171875
[iscas99__b17 gpu5] [plan iscas99__b17] [plan] step=960 node=N19713 type=observe reward_pred=691573948416.000000 sequence=26376931958435.171875
[iscas99__b17 gpu5] [plan iscas99__b17] [plan] step=961 node=N51577 type=observe reward_pred=710194364416.000000 sequence=27087126322851.171875
[iscas99__b17 gpu5] [plan iscas99__b17] [plan] step=962 node=N54377 type=observe reward_pred=729316261888.000000 sequence=27816442584739.171875
[iscas99__b17 gpu5] [plan iscas99__b17] [plan] step=963 node=N54375 type=observe reward_pred=748952944640.000000 sequence=28565395529379.171875
[iscas99__b17 gpu5] [plan iscas99__b17] [plan] step=964 node=N55930 type=observe reward_pred=769118437376.000000 sequence=29334513966755.171875
[iscas99__b17 gpu5] [plan iscas99__b17] [plan] step=965 node=N53991 type=observe reward_pred=789826699264.000000 sequence=30124340666019.171875
[iscas99__b17 gpu5] [plan iscas99__b17] [plan] step=966 node=N55254 type=observe reward_pred=811092738048.000000 sequence=30935433404067.171875
[iscas99__b17 gpu5] [plan iscas99__b17] [plan] step=967 node=N55391 type=observe reward_pred=832931168256.000000 sequence=31768364572323.171875
[iscas99__b17 gpu5] [plan iscas99__b17] [plan] step=968 node=N55393 type=observe reward_pred=855357784064.000000 sequence=32623722356387.171875
[iscas99__b17 gpu5] [plan iscas99__b17] [plan] step=969 node=N53799 type=observe reward_pred=878388051968.000000 sequence=33502110408355.171875
[iscas99__b17 gpu5] [plan iscas99__b17] [plan] step=970 node=N51510 type=observe reward_pred=902038421504.000000 sequence=34404148829859.171875
[iscas99__b17 gpu5] [plan iscas99__b17] [plan] step=971 node=N53993 type=observe reward_pred=926325669888.000000 sequence=35330474499747.171875
[iscas99__b17 gpu5] [plan iscas99__b17] [plan] step=972 node=N55256 type=observe reward_pred=951266836480.000000 sequence=36281741336227.171875
[iscas99__b17 gpu5] [plan iscas99__b17] [plan] step=973 node=N56113 type=observe reward_pred=976879484928.000000 sequence=37258620821155.171875
[iscas99__b17 gpu5] [plan iscas99__b17] [plan] step=974 node=N53801 type=observe reward_pred=1003181834240.000000 sequence=38261802655395.171875
[iscas99__b17 gpu5] [plan iscas99__b17] [plan] step=975 node=N56000 type=observe reward_pred=1030191906816.000000 sequence=39291994562211.171875
[iscas99__b17 gpu5] [plan iscas99__b17] [plan] step=976 node=N64298 type=observe reward_pred=1057929756672.000000 sequence=40349924318883.171875
[iscas99__b17 gpu5] [plan iscas99__b17] [plan] step=977 node=N64365 type=observe reward_pred=1086414323712.000000 sequence=41436338642595.171875
[iscas99__b17 gpu5] [plan iscas99__b17] [plan] step=978 node=N64433 type=observe reward_pred=1115665858560.000000 sequence=42552004501155.171875
[iscas99__b17 gpu5] [plan iscas99__b17] [plan] step=979 node=N64500 type=observe reward_pred=1145704939520.000000 sequence=43697709440675.171875
[iscas99__b17 gpu5] [plan iscas99__b17] [plan] step=980 node=N64566 type=observe reward_pred=1176552865792.000000 sequence=44874262306467.171875
[iscas99__b17 gpu5] [plan iscas99__b17] [plan] step=981 node=N64627 type=observe reward_pred=1208231526400.000000 sequence=46082493832867.171875
[iscas99__b17 gpu5] [plan iscas99__b17] [plan] step=982 node=N64693 type=observe reward_pred=1240762941440.000000 sequence=47323256774307.171875
[iscas99__b17 gpu5] [plan iscas99__b17] [plan] step=983 node=N64755 type=observe reward_pred=1274170179584.000000 sequence=48597426953891.171875
[iscas99__b17 gpu5] [plan iscas99__b17] [plan] step=984 node=N64819 type=observe reward_pred=1308476964864.000000 sequence=49905903918755.171875
[iscas99__b17 gpu5] [plan iscas99__b17] [plan] step=985 node=N64884 type=observe reward_pred=1343707414528.000000 sequence=51249611333283.171875
[iscas99__b17 gpu5] [plan iscas99__b17] [plan] step=986 node=N64946 type=observe reward_pred=1379886432256.000000 sequence=52629497765539.171875
[iscas99__b17 gpu5] [plan iscas99__b17] [plan] step=987 node=N65011 type=observe reward_pred=1417039708160.000000 sequence=54046537473699.171875
[iscas99__b17 gpu5] [plan iscas99__b17] [plan] step=988 node=N65073 type=observe reward_pred=1455193325568.000000 sequence=55501730799267.171875
[iscas99__b17 gpu5] [plan iscas99__b17] [plan] step=989 node=N65138 type=observe reward_pred=1494374285312.000000 sequence=56996105084579.171875
[iscas99__b17 gpu5] [plan iscas99__b17] [plan] step=990 node=N65201 type=observe reward_pred=1534609719296.000000 sequence=58530714803875.171875
[iscas99__b17 gpu5] [plan iscas99__b17] [plan] step=991 node=N65262 type=observe reward_pred=1575928987648.000000 sequence=60106643791523.171875
[iscas99__b17 gpu5] [plan iscas99__b17] [plan] step=992 node=N65324 type=observe reward_pred=1618360664064.000000 sequence=61725004455587.171875
[iscas99__b17 gpu5] [plan iscas99__b17] [plan] step=993 node=N65389 type=observe reward_pred=1661934632960.000000 sequence=63386939088547.171875
[iscas99__b17 gpu5] [plan iscas99__b17] [plan] step=994 node=N65451 type=observe reward_pred=1706681958400.000000 sequence=65093621046947.171875
[iscas99__b17 gpu5] [plan iscas99__b17] saved=autoresearch/eval8-rest7-hybrid-recall-k96-realfault-Bonly-300k-260702-233920/iscas99__b17/B_world_rerank/plans/iscas99__b17__greedy__cumulative__reward_pred__bw1__d1__c96__g1p0__candheuristic_recall_pool__div0p0__s0.csv
[iscas99__b17 gpu5] [gmean] 2026-07-03T01:03:40 [1/1] plan_done benchmark=iscas99__b17 plan_sec=5059.626 plan_csv=autoresearch/eval8-rest7-hybrid-recall-k96-realfault-Bonly-300k-260702-233920/iscas99__b17/B_world_rerank/plans/iscas99__b17__greedy__cumulative__reward_pred__bw1__d1__c96__g1p0__candheuristic_recall_pool__div0p0__s0.csv
[iscas99__b17 gpu5] [gmean] 2026-07-03T01:03:40 [1/1] eval_start benchmark=iscas99__b17 backend=atalanta-bist patterns=300000
[openabcd__mem_ctrl_orig gpu6] [plan openabcd__mem_ctrl_orig] [plan] step=730 node=N92033 type=observe reward_pred=1837946624.000000 sequence=70100079797.847015
[openabcd__mem_ctrl_orig gpu6] [plan openabcd__mem_ctrl_orig] [plan] step=731 node=N96254 type=observe reward_pred=1887432832.000000 sequence=71987512629.847015
[openabcd__mem_ctrl_orig gpu6] [plan openabcd__mem_ctrl_orig] [plan] step=732 node=N21910 type=observe reward_pred=1938251776.000000 sequence=73925764405.847015
[openabcd__mem_ctrl_orig gpu6] [plan openabcd__mem_ctrl_orig] [plan] step=733 node=N93196 type=observe reward_pred=1990438912.000000 sequence=75916203317.847015
[openabcd__mem_ctrl_orig gpu6] [plan openabcd__mem_ctrl_orig] [plan] step=734 node=N14368 type=observe reward_pred=2044031104.000000 sequence=77960234421.847015
[openabcd__mem_ctrl_orig gpu6] [plan openabcd__mem_ctrl_orig] [plan] step=735 node=N2386 type=observe reward_pred=2099066240.000000 sequence=80059300661.847015
[openabcd__mem_ctrl_orig gpu6] [plan openabcd__mem_ctrl_orig] [plan] step=736 node=N2280 type=observe reward_pred=2155583232.000000 sequence=82214883893.847015
[openabcd__mem_ctrl_orig gpu6] [plan openabcd__mem_ctrl_orig] [plan] step=737 node=N92031 type=observe reward_pred=2213622016.000000 sequence=84428505909.847015
[openabcd__mem_ctrl_orig gpu6] [plan openabcd__mem_ctrl_orig] [plan] step=738 node=N96255 type=observe reward_pred=2273223424.000000 sequence=86701729333.847015
[openabcd__mem_ctrl_orig gpu6] [plan openabcd__mem_ctrl_orig] [plan] step=739 node=N92035 type=observe reward_pred=2334429696.000000 sequence=89036159029.847015
[openabcd__mem_ctrl_orig gpu6] [plan openabcd__mem_ctrl_orig] [plan] step=740 node=N2040 type=observe reward_pred=2397283584.000000 sequence=91433442613.847015
[openabcd__mem_ctrl_orig gpu6] [plan openabcd__mem_ctrl_orig] [plan] step=741 node=N2170 type=observe reward_pred=2461830144.000000 sequence=93895272757.847015
[openabcd__mem_ctrl_orig gpu6] [plan openabcd__mem_ctrl_orig] [plan] step=742 node=N91555 type=control1 reward_pred=2528114688.000000 sequence=96423387445.847015
[openabcd__mem_ctrl_orig gpu6] [plan openabcd__mem_ctrl_orig] [plan] step=743 node=N2087 type=observe reward_pred=2596183552.000000 sequence=99019570997.847015
[openabcd__mem_ctrl_orig gpu6] [plan openabcd__mem_ctrl_orig] [plan] step=744 node=N56774 type=observe reward_pred=2666085120.000000 sequence=101685656117.847015
[openabcd__mem_ctrl_orig gpu6] [plan openabcd__mem_ctrl_orig] [plan] step=745 node=N92032 type=observe reward_pred=2737869568.000000 sequence=104423525685.847015
[openabcd__mem_ctrl_orig gpu6] [plan openabcd__mem_ctrl_orig] [plan] step=746 node=N14266 type=control1 reward_pred=2811585792.000000 sequence=107235111477.847015
[openabcd__mem_ctrl_orig gpu6] [plan openabcd__mem_ctrl_orig] [plan] step=747 node=N2320 type=observe reward_pred=2887287296.000000 sequence=110122398773.847015
[openabcd__mem_ctrl_orig gpu6] [plan openabcd__mem_ctrl_orig] [plan] step=748 node=N2407 type=observe reward_pred=2965027328.000000 sequence=113087426101.847015
[openabcd__mem_ctrl_orig gpu6] [plan openabcd__mem_ctrl_orig] [plan] step=749 node=N91957 type=observe reward_pred=3044859904.000000 sequence=116132286005.847015
[openabcd__mem_ctrl_orig gpu6] [plan openabcd__mem_ctrl_orig] [plan] step=750 node=N56772 type=observe reward_pred=3126842368.000000 sequence=119259128373.847015
[openabcd__mem_ctrl_orig gpu6] [plan openabcd__mem_ctrl_orig] [plan] step=751 node=N92227 type=control1 reward_pred=3211031808.000000 sequence=122470160181.847015
[openabcd__mem_ctrl_orig gpu6] [plan openabcd__mem_ctrl_orig] [plan] step=752 node=N15629 type=observe reward_pred=3297488384.000000 sequence=125767648565.847015
[openabcd__mem_ctrl_orig gpu6] [plan openabcd__mem_ctrl_orig] [plan] step=753 node=N102706 type=observe reward_pred=3386272768.000000 sequence=129153921333.847015
[openabcd__mem_ctrl_orig gpu6] [plan openabcd__mem_ctrl_orig] [plan] step=754 node=N13350 type=observe reward_pred=3477447424.000000 sequence=132631368757.847015
[openabcd__mem_ctrl_orig gpu6] [plan openabcd__mem_ctrl_orig] [plan] step=755 node=N3340 type=observe reward_pred=3571076864.000000 sequence=136202445621.847015
[openabcd__mem_ctrl_orig gpu6] [plan openabcd__mem_ctrl_orig] [plan] step=756 node=N8532 type=observe reward_pred=3667227392.000000 sequence=139869673013.847015
[openabcd__mem_ctrl_orig gpu6] [plan openabcd__mem_ctrl_orig] [plan] step=757 node=N12553 type=observe reward_pred=3765967360.000000 sequence=143635640373.847015
[openabcd__mem_ctrl_orig gpu6] [plan openabcd__mem_ctrl_orig] [plan] step=758 node=N15595 type=observe reward_pred=3867365888.000000 sequence=147503006261.847015
[openabcd__mem_ctrl_orig gpu6] [plan openabcd__mem_ctrl_orig] [plan] step=759 node=N92943 type=observe reward_pred=3971493888.000000 sequence=151474500149.847015
[openabcd__mem_ctrl_orig gpu6] [plan openabcd__mem_ctrl_orig] [plan] step=760 node=N3618 type=observe reward_pred=4078425600.000000 sequence=155552925749.847015
[openabcd__mem_ctrl_orig gpu6] [plan openabcd__mem_ctrl_orig] [plan] step=761 node=N14278 type=observe reward_pred=4188236800.000000 sequence=159741162549.847015
[openabcd__mem_ctrl_orig gpu6] [plan openabcd__mem_ctrl_orig] [plan] step=762 node=N2275 type=observe reward_pred=4301003776.000000 sequence=164042166325.847015
[openabcd__mem_ctrl_orig gpu6] [plan openabcd__mem_ctrl_orig] [plan] step=763 node=N3626 type=observe reward_pred=4416807936.000000 sequence=168458974261.847015
[openabcd__mem_ctrl_orig gpu6] [plan openabcd__mem_ctrl_orig] [plan] step=764 node=N14372 type=observe reward_pred=4535730176.000000 sequence=172994704437.847015
[openabcd__mem_ctrl_orig gpu6] [plan openabcd__mem_ctrl_orig] [plan] step=765 node=N103136 type=observe reward_pred=4657853952.000000 sequence=177652558389.847015
[openabcd__mem_ctrl_orig gpu6] [plan openabcd__mem_ctrl_orig] [plan] step=766 node=N12730 type=observe reward_pred=4783265792.000000 sequence=182435824181.847015
[openabcd__mem_ctrl_orig gpu6] [plan openabcd__mem_ctrl_orig] [plan] step=767 node=N12590 type=observe reward_pred=4912054272.000000 sequence=187347878453.847015
[openabcd__mem_ctrl_orig gpu6] [plan openabcd__mem_ctrl_orig] [plan] step=768 node=N13402 type=observe reward_pred=5044310528.000000 sequence=192392188981.847015
[openabcd__mem_ctrl_orig gpu6] [plan openabcd__mem_ctrl_orig] [plan] step=769 node=N92945 type=observe reward_pred=5180127232.000000 sequence=197572316213.847015
[openabcd__mem_ctrl_orig gpu6] [plan openabcd__mem_ctrl_orig] [plan] step=770 node=N14240 type=observe reward_pred=5319602176.000000 sequence=202891918389.847015
[openabcd__mem_ctrl_orig gpu6] [plan openabcd__mem_ctrl_orig] [plan] step=771 node=N20674 type=observe reward_pred=5462831104.000000 sequence=208354749493.847015
[openabcd__mem_ctrl_orig gpu6] [plan openabcd__mem_ctrl_orig] [plan] step=772 node=N102705 type=observe reward_pred=5609916928.000000 sequence=213964666421.847015
[openabcd__mem_ctrl_orig gpu6] [plan openabcd__mem_ctrl_orig] [plan] step=773 node=N103576 type=observe reward_pred=5760962560.000000 sequence=219725628981.847015
[openabcd__mem_ctrl_orig gpu6] [plan openabcd__mem_ctrl_orig] [plan] step=774 node=N12314 type=observe reward_pred=5916075520.000000 sequence=225641704501.847015
[openabcd__mem_ctrl_orig gpu6] [plan openabcd__mem_ctrl_orig] [plan] step=775 node=N94307 type=observe reward_pred=6075365376.000000 sequence=231717069877.847015
[openabcd__mem_ctrl_orig gpu6] [plan openabcd__mem_ctrl_orig] [plan] step=776 node=N102654 type=observe reward_pred=6238943232.000000 sequence=237956013109.847015
[openabcd__mem_ctrl_orig gpu6] [plan openabcd__mem_ctrl_orig] [plan] step=777 node=N3338 type=observe reward_pred=6406925312.000000 sequence=244362938421.847015
[openabcd__mem_ctrl_orig gpu6] [plan openabcd__mem_ctrl_orig] [plan] step=778 node=N100611 type=observe reward_pred=6579431424.000000 sequence=250942369845.847015
[openabcd__mem_ctrl_orig gpu6] [plan openabcd__mem_ctrl_orig] [plan] step=779 node=N102657 type=observe reward_pred=6756581376.000000 sequence=257698951221.847015
[openabcd__mem_ctrl_orig gpu6] [plan openabcd__mem_ctrl_orig] [plan] step=780 node=N20658 type=observe reward_pred=6938501120.000000 sequence=264637452341.847015
[openabcd__mem_ctrl_orig gpu6] [plan openabcd__mem_ctrl_orig] [plan] step=781 node=N13357 type=observe reward_pred=7125318656.000000 sequence=271762770997.847015
[openabcd__mem_ctrl_orig gpu6] [plan openabcd__mem_ctrl_orig] [plan] step=782 node=N2370 type=observe reward_pred=7317166592.000000 sequence=279079937589.847046
[openabcd__mem_ctrl_orig gpu6] [plan openabcd__mem_ctrl_orig] [plan] step=783 node=N100612 type=observe reward_pred=7514180096.000000 sequence=286594117685.847046
[openabcd__mem_ctrl_orig gpu6] [plan openabcd__mem_ctrl_orig] [plan] step=784 node=N12789 type=observe reward_pred=7716498432.000000 sequence=294310616117.847046
[openabcd__mem_ctrl_orig gpu6] [plan openabcd__mem_ctrl_orig] [plan] step=785 node=N95177 type=observe reward_pred=7924263936.000000 sequence=302234880053.847046
[openabcd__mem_ctrl_orig gpu6] [plan openabcd__mem_ctrl_orig] [plan] step=786 node=N100613 type=observe reward_pred=8137623040.000000 sequence=310372503093.847046
[openabcd__mem_ctrl_orig gpu6] [plan openabcd__mem_ctrl_orig] [plan] step=787 node=N91943 type=observe reward_pred=8356727296.000000 sequence=318729230389.847046
[openabcd__mem_ctrl_orig gpu6] [plan openabcd__mem_ctrl_orig] [plan] step=788 node=N2289 type=observe reward_pred=8581730816.000000 sequence=327310961205.847046
[openabcd__mem_ctrl_orig gpu6] [plan openabcd__mem_ctrl_orig] [plan] step=789 node=N101884 type=observe reward_pred=8812792832.000000 sequence=336123754037.847046
[openabcd__mem_ctrl_orig gpu6] [plan openabcd__mem_ctrl_orig] [plan] step=790 node=N103577 type=observe reward_pred=9050075136.000000 sequence=345173829173.847046
[openabcd__mem_ctrl_orig gpu6] [plan openabcd__mem_ctrl_orig] [plan] step=791 node=N19287 type=observe reward_pred=9293746176.000000 sequence=354467575349.847046
[openabcd__mem_ctrl_orig gpu6] [plan openabcd__mem_ctrl_orig] [plan] step=792 node=N2297 type=observe reward_pred=9543979008.000000 sequence=364011554357.847046
[openabcd__mem_ctrl_orig gpu6] [plan openabcd__mem_ctrl_orig] [plan] step=793 node=N12564 type=observe reward_pred=9800949760.000000 sequence=373812504117.847046
[openabcd__mem_ctrl_orig gpu6] [plan openabcd__mem_ctrl_orig] [plan] step=794 node=N12722 type=observe reward_pred=10064838656.000000 sequence=383877342773.847046
[openabcd__mem_ctrl_orig gpu6] [plan openabcd__mem_ctrl_orig] [plan] step=795 node=N2858 type=observe reward_pred=10335833088.000000 sequence=394213175861.847046
[openabcd__mem_ctrl_orig gpu6] [plan openabcd__mem_ctrl_orig] [plan] step=796 node=N3192 type=observe reward_pred=10614122496.000000 sequence=404827298357.847046
[openabcd__mem_ctrl_orig gpu6] [plan openabcd__mem_ctrl_orig] [plan] step=797 node=N56599 type=observe reward_pred=10899906560.000000 sequence=415727204917.847046
[openabcd__mem_ctrl_orig gpu6] [plan openabcd__mem_ctrl_orig] [plan] step=798 node=N15764 type=observe reward_pred=11193383936.000000 sequence=426920588853.847046
[openabcd__mem_ctrl_orig gpu6] [plan openabcd__mem_ctrl_orig] [plan] step=799 node=N8520 type=observe reward_pred=11494764544.000000 sequence=438415353397.847046
[openabcd__mem_ctrl_orig gpu6] [plan openabcd__mem_ctrl_orig] [plan] step=800 node=N14364 type=observe reward_pred=11804259328.000000 sequence=450219612725.847046
[openabcd__mem_ctrl_orig gpu6] [plan openabcd__mem_ctrl_orig] [plan] step=801 node=N12316 type=observe reward_pred=12122086400.000000 sequence=462341699125.847046
[openabcd__mem_ctrl_orig gpu6] [plan openabcd__mem_ctrl_orig] [plan] step=802 node=N103574 type=observe reward_pred=12448471040.000000 sequence=474790170165.847046
[openabcd__mem_ctrl_orig gpu6] [plan openabcd__mem_ctrl_orig] [plan] step=803 node=N3255 type=observe reward_pred=12783644672.000000 sequence=487573814837.847046
[openabcd__mem_ctrl_orig gpu6] [plan openabcd__mem_ctrl_orig] [plan] step=804 node=N3617 type=observe reward_pred=13127841792.000000 sequence=500701656629.847046
[openabcd__mem_ctrl_orig gpu6] [plan openabcd__mem_ctrl_orig] [plan] step=805 node=N95178 type=observe reward_pred=13481307136.000000 sequence=514182963765.847046
[openabcd__mem_ctrl_orig gpu6] [plan openabcd__mem_ctrl_orig] [plan] step=806 node=N3307 type=observe reward_pred=13844288512.000000 sequence=528027252277.847046
[openabcd__mem_ctrl_orig gpu6] [plan openabcd__mem_ctrl_orig] [plan] step=807 node=N11527 type=observe reward_pred=14217042944.000000 sequence=542244295221.847046
[openabcd__mem_ctrl_orig gpu6] [plan openabcd__mem_ctrl_orig] [plan] step=808 node=N3216 type=observe reward_pred=14599833600.000000 sequence=556844128821.847046
[openabcd__mem_ctrl_orig gpu6] [plan openabcd__mem_ctrl_orig] [plan] step=809 node=N13398 type=observe reward_pred=14992932864.000000 sequence=571837061685.847046
[openabcd__mem_ctrl_orig gpu6] [plan openabcd__mem_ctrl_orig] [plan] step=810 node=N100370 type=observe reward_pred=15396613120.000000 sequence=587233674805.847046
[openabcd__mem_ctrl_orig gpu6] [plan openabcd__mem_ctrl_orig] [plan] step=811 node=N19313 type=observe reward_pred=15811164160.000000 sequence=603044838965.847046
[iscas99__b17 gpu5] [eval iscas99__b17] {
[iscas99__b17 gpu5] [eval iscas99__b17]   "records": 2,
[iscas99__b17 gpu5] [eval iscas99__b17]   "labels_csv": "autoresearch/eval8-rest7-hybrid-recall-k96-realfault-Bonly-300k-260702-233920/iscas99__b17/B_world_rerank/evals/iscas99__b17__greedy__cumulative__reward_pred__bw1__d1__c96__g1p0__candheuristic_recall_pool__div0p0__s0/labels.csv",
[iscas99__b17 gpu5] [eval iscas99__b17]   "summary_json": "autoresearch/eval8-rest7-hybrid-recall-k96-realfault-Bonly-300k-260702-233920/iscas99__b17/B_world_rerank/evals/iscas99__b17__greedy__cumulative__reward_pred__bw1__d1__c96__g1p0__candheuristic_recall_pool__div0p0__s0/summary.json"
[iscas99__b17 gpu5] [eval iscas99__b17] }
[iscas99__b17 gpu5] [gmean] 2026-07-03T01:04:57 [1/1] eval_done benchmark=iscas99__b17 delta_tc=0.012599999999999945 plan_sec=5059.626 eval_sec=76.553 total_sec=5136.203
[iscas99__b17 gpu5] [gmean] 2026-07-03T01:04:57 variant_done id=greedy__cumulative__reward_pred__bw1__d1__c96__g1p0__candheuristic_recall_pool__div0p0__s0 status=ok macro=0.012599999999999945 positives=1 negatives=0 elapsed=5136.204
[launcher] done benchmark=iscas99__b17 status=0 log=autoresearch/eval8-rest7-hybrid-recall-k96-realfault-Bonly-300k-260702-233920/logs/iscas99__b17.log
[openabcd__mem_ctrl_orig gpu6] [plan openabcd__mem_ctrl_orig] [plan] step=812 node=N3203 type=observe reward_pred=16236877824.000000 sequence=619281716789.847046
[openabcd__mem_ctrl_orig gpu6] [plan openabcd__mem_ctrl_orig] [plan] step=813 node=N102668 type=observe reward_pred=16674052096.000000 sequence=635955768885.847046
[openabcd__mem_ctrl_orig gpu6] [plan openabcd__mem_ctrl_orig] [plan] step=814 node=N3308 type=observe reward_pred=17122998272.000000 sequence=653078767157.847046
[openabcd__mem_ctrl_orig gpu6] [plan openabcd__mem_ctrl_orig] [plan] step=815 node=N2879 type=control0 reward_pred=17584033792.000000 sequence=670662800949.847046
[openabcd__mem_ctrl_orig gpu6] [plan openabcd__mem_ctrl_orig] [plan] step=816 node=N2182 type=control0 reward_pred=18057482240.000000 sequence=688720283189.847046
[openabcd__mem_ctrl_orig gpu6] [plan openabcd__mem_ctrl_orig] [plan] step=817 node=N16151 type=observe reward_pred=18543675392.000000 sequence=707263958581.847046
[openabcd__mem_ctrl_orig gpu6] [plan openabcd__mem_ctrl_orig] [plan] step=818 node=N21897 type=observe reward_pred=19042961408.000000 sequence=726306919989.847046
[openabcd__mem_ctrl_orig gpu6] [plan openabcd__mem_ctrl_orig] [plan] step=819 node=N16585 type=observe reward_pred=19555690496.000000 sequence=745862610485.847046
[openabcd__mem_ctrl_orig gpu6] [plan openabcd__mem_ctrl_orig] [plan] step=820 node=N23513 type=observe reward_pred=20082223104.000000 sequence=765944833589.847046
[openabcd__mem_ctrl_orig gpu6] [plan openabcd__mem_ctrl_orig] [plan] step=821 node=N12626 type=observe reward_pred=20622934016.000000 sequence=786567767605.847046
[openabcd__mem_ctrl_orig gpu6] [plan openabcd__mem_ctrl_orig] [plan] step=822 node=N93195 type=observe reward_pred=21178202112.000000 sequence=807745969717.847046
[openabcd__mem_ctrl_orig gpu6] [plan openabcd__mem_ctrl_orig] [plan] step=823 node=N102655 type=observe reward_pred=21748422656.000000 sequence=829494392373.847046
[openabcd__mem_ctrl_orig gpu6] [plan openabcd__mem_ctrl_orig] [plan] step=824 node=N102656 type=observe reward_pred=22333995008.000000 sequence=851828387381.847046
[openabcd__mem_ctrl_orig gpu6] [plan openabcd__mem_ctrl_orig] [plan] step=825 node=N102667 type=observe reward_pred=22935332864.000000 sequence=874763720245.847046
[openabcd__mem_ctrl_orig gpu6] [plan openabcd__mem_ctrl_orig] [plan] step=826 node=N2117 type=control1 reward_pred=23552864256.000000 sequence=898316584501.847046
[openabcd__mem_ctrl_orig gpu6] [plan openabcd__mem_ctrl_orig] [plan] step=827 node=N23536 type=observe reward_pred=24187017216.000000 sequence=922503601717.847046
[openabcd__mem_ctrl_orig gpu6] [plan openabcd__mem_ctrl_orig] [plan] step=828 node=N16152 type=observe reward_pred=24838252544.000000 sequence=947341854261.847046
[openabcd__mem_ctrl_orig gpu6] [plan openabcd__mem_ctrl_orig] [plan] step=829 node=N3326 type=observe reward_pred=25507016704.000000 sequence=972848870965.847046
[openabcd__mem_ctrl_orig gpu6] [plan openabcd__mem_ctrl_orig] [plan] step=830 node=N16334 type=observe reward_pred=26193788928.000000 sequence=999042659893.847046
[openabcd__mem_ctrl_orig gpu6] [plan openabcd__mem_ctrl_orig] [plan] step=831 node=N17907 type=observe reward_pred=26899050496.000000 sequence=1025941710389.847046
[openabcd__mem_ctrl_orig gpu6] [plan openabcd__mem_ctrl_orig] [plan] step=832 node=N18026 type=observe reward_pred=27623303168.000000 sequence=1053565013557.847046
[openabcd__mem_ctrl_orig gpu6] [plan openabcd__mem_ctrl_orig] [plan] step=833 node=N92083 type=observe reward_pred=28367058944.000000 sequence=1081932072501.847046
[openabcd__mem_ctrl_orig gpu6] [plan openabcd__mem_ctrl_orig] [plan] step=834 node=N102648 type=observe reward_pred=29130835968.000000 sequence=1111062908469.847168
[openabcd__mem_ctrl_orig gpu6] [plan openabcd__mem_ctrl_orig] [plan] step=835 node=N102649 type=observe reward_pred=29915181056.000000 sequence=1140978089525.847168
[openabcd__mem_ctrl_orig gpu6] [plan openabcd__mem_ctrl_orig] [plan] step=836 node=N56768 type=observe reward_pred=30720643072.000000 sequence=1171698732597.847168
[openabcd__mem_ctrl_orig gpu6] [plan openabcd__mem_ctrl_orig] [plan] step=837 node=N12729 type=observe reward_pred=31547793408.000000 sequence=1203246526005.847168
[openabcd__mem_ctrl_orig gpu6] [plan openabcd__mem_ctrl_orig] [plan] step=838 node=N2856 type=observe reward_pred=32397209600.000000 sequence=1235643735605.847168
[openabcd__mem_ctrl_orig gpu6] [plan openabcd__mem_ctrl_orig] [plan] step=839 node=N96348 type=observe reward_pred=33269501952.000000 sequence=1268913237557.847168
[openabcd__mem_ctrl_orig gpu6] [plan openabcd__mem_ctrl_orig] [plan] step=840 node=N12580 type=observe reward_pred=34165276672.000000 sequence=1303078514229.847168
[openabcd__mem_ctrl_orig gpu6] [plan openabcd__mem_ctrl_orig] [plan] step=841 node=N12794 type=observe reward_pred=35085172736.000000 sequence=1338163686965.847168
[openabcd__mem_ctrl_orig gpu6] [plan openabcd__mem_ctrl_orig] [plan] step=842 node=N2322 type=observe reward_pred=36029829120.000000 sequence=1374193516085.847168
[openabcd__mem_ctrl_orig gpu6] [plan openabcd__mem_ctrl_orig] [plan] step=843 node=N91555 type=control0 reward_pred=36999929856.000000 sequence=1411193445941.847168
[openabcd__mem_ctrl_orig gpu6] [plan openabcd__mem_ctrl_orig] [plan] step=844 node=N17431 type=observe reward_pred=37996150784.000000 sequence=1449189596725.847168
[openabcd__mem_ctrl_orig gpu6] [plan openabcd__mem_ctrl_orig] [plan] step=845 node=N100392 type=observe reward_pred=39019188224.000000 sequence=1488208784949.847168
[openabcd__mem_ctrl_orig gpu6] [plan openabcd__mem_ctrl_orig] [plan] step=846 node=N14280 type=observe reward_pred=40069771264.000000 sequence=1528278556213.847168
[openabcd__mem_ctrl_orig gpu6] [plan openabcd__mem_ctrl_orig] [plan] step=847 node=N103624 type=observe reward_pred=41148645376.000000 sequence=1569427201589.847168
[openabcd__mem_ctrl_orig gpu6] [plan openabcd__mem_ctrl_orig] [plan] step=848 node=N2336 type=observe reward_pred=42256560128.000000 sequence=1611683761717.847168
[openabcd__mem_ctrl_orig gpu6] [plan openabcd__mem_ctrl_orig] [plan] step=849 node=N2437 type=observe reward_pred=43394314240.000000 sequence=1655078075957.847168
[openabcd__mem_ctrl_orig gpu6] [plan openabcd__mem_ctrl_orig] [plan] step=850 node=N92085 type=observe reward_pred=44562702336.000000 sequence=1699640778293.847168
[openabcd__mem_ctrl_orig gpu6] [plan openabcd__mem_ctrl_orig] [plan] step=851 node=N12320 type=observe reward_pred=45762535424.000000 sequence=1745403313717.847168
[openabcd__mem_ctrl_orig gpu6] [plan openabcd__mem_ctrl_orig] [plan] step=852 node=N16092 type=observe reward_pred=46994694144.000000 sequence=1792398007861.847168
[openabcd__mem_ctrl_orig gpu6] [plan openabcd__mem_ctrl_orig] [plan] step=853 node=N14384 type=observe reward_pred=48260014080.000000 sequence=1840658021941.847168
[openabcd__mem_ctrl_orig gpu6] [plan openabcd__mem_ctrl_orig] [plan] step=854 node=N3292 type=observe reward_pred=49559404544.000000 sequence=1890217426485.847168
[openabcd__mem_ctrl_orig gpu6] [plan openabcd__mem_ctrl_orig] [plan] step=855 node=N13367 type=observe reward_pred=50893783040.000000 sequence=1941111209525.847168
[openabcd__mem_ctrl_orig gpu6] [plan openabcd__mem_ctrl_orig] [plan] step=856 node=N15705 type=observe reward_pred=52264091648.000000 sequence=1993375301173.847168
[openabcd__mem_ctrl_orig gpu6] [plan openabcd__mem_ctrl_orig] [plan] step=857 node=N2063 type=observe reward_pred=53671292928.000000 sequence=2047046594101.847168
[openabcd__mem_ctrl_orig gpu6] [plan openabcd__mem_ctrl_orig] [plan] step=858 node=N20676 type=observe reward_pred=55116382208.000000 sequence=2102162976309.847168
[openabcd__mem_ctrl_orig gpu6] [plan openabcd__mem_ctrl_orig] [plan] step=859 node=N3254 type=observe reward_pred=56600387584.000000 sequence=2158763363893.847168
[openabcd__mem_ctrl_orig gpu6] [plan openabcd__mem_ctrl_orig] [plan] step=860 node=N15604 type=observe reward_pred=58124337152.000000 sequence=2216887701045.847168
[openabcd__mem_ctrl_orig gpu6] [plan openabcd__mem_ctrl_orig] [plan] step=861 node=N12535 type=observe reward_pred=59689320448.000000 sequence=2276577021493.847168
[openabcd__mem_ctrl_orig gpu6] [plan openabcd__mem_ctrl_orig] [plan] step=862 node=N93110 type=observe reward_pred=61296443392.000000 sequence=2337873464885.847168
[openabcd__mem_ctrl_orig gpu6] [plan openabcd__mem_ctrl_orig] [plan] step=863 node=N13399 type=observe reward_pred=62946836480.000000 sequence=2400820301365.847168
[openabcd__mem_ctrl_orig gpu6] [plan openabcd__mem_ctrl_orig] [plan] step=864 node=N2252 type=observe reward_pred=64641671168.000000 sequence=2465461972533.847168
[openabcd__mem_ctrl_orig gpu6] [plan openabcd__mem_ctrl_orig] [plan] step=865 node=N2335 type=observe reward_pred=66382139392.000000 sequence=2531844111925.847168
[openabcd__mem_ctrl_orig gpu6] [plan openabcd__mem_ctrl_orig] [plan] step=866 node=N2037 type=observe reward_pred=68169469952.000000 sequence=2600013581877.847168
[openabcd__mem_ctrl_orig gpu6] [plan openabcd__mem_ctrl_orig] [plan] step=867 node=N2041 type=observe reward_pred=70004916224.000000 sequence=2670018498101.847168
[openabcd__mem_ctrl_orig gpu6] [plan openabcd__mem_ctrl_orig] [plan] step=868 node=N20031 type=observe reward_pred=71889780736.000000 sequence=2741908278837.847168
[openabcd__mem_ctrl_orig gpu6] [plan openabcd__mem_ctrl_orig] [plan] step=869 node=N17448 type=observe reward_pred=73825402880.000000 sequence=2815733681717.847168
[openabcd__mem_ctrl_orig gpu6] [plan openabcd__mem_ctrl_orig] [plan] step=870 node=N15694 type=observe reward_pred=75813142528.000000 sequence=2891546824245.847168
[openabcd__mem_ctrl_orig gpu6] [plan openabcd__mem_ctrl_orig] [plan] step=871 node=N23549 type=observe reward_pred=77854400512.000000 sequence=2969401224757.847168
[openabcd__mem_ctrl_orig gpu6] [plan openabcd__mem_ctrl_orig] [plan] step=872 node=N19314 type=observe reward_pred=79950618624.000000 sequence=3049351843381.847168
[openabcd__mem_ctrl_orig gpu6] [plan openabcd__mem_ctrl_orig] [plan] step=873 node=N3349 type=observe reward_pred=82103279616.000000 sequence=3131455122997.847168
[openabcd__mem_ctrl_orig gpu6] [plan openabcd__mem_ctrl_orig] [plan] step=874 node=N14429 type=observe reward_pred=84313907200.000000 sequence=3215769030197.847168
[openabcd__mem_ctrl_orig gpu6] [plan openabcd__mem_ctrl_orig] [plan] step=875 node=N3224 type=observe reward_pred=86584041472.000000 sequence=3302353071669.847168
[openabcd__mem_ctrl_orig gpu6] [plan openabcd__mem_ctrl_orig] [plan] step=876 node=N2222 type=observe reward_pred=88915296256.000000 sequence=3391268367925.847168
[openabcd__mem_ctrl_orig gpu6] [plan openabcd__mem_ctrl_orig] [plan] step=877 node=N56778 type=observe reward_pred=91309334528.000000 sequence=3482577702453.847168
[openabcd__mem_ctrl_orig gpu6] [plan openabcd__mem_ctrl_orig] [plan] step=878 node=N101883 type=observe reward_pred=93767819264.000000 sequence=3576345521717.847168
[openabcd__mem_ctrl_orig gpu6] [plan openabcd__mem_ctrl_orig] [plan] step=879 node=N92071 type=observe reward_pred=96292511744.000000 sequence=3672638033461.847168
[openabcd__mem_ctrl_orig gpu6] [plan openabcd__mem_ctrl_orig] [plan] step=880 node=N92130 type=observe reward_pred=98885156864.000000 sequence=3771523190325.847168
[openabcd__mem_ctrl_orig gpu6] [plan openabcd__mem_ctrl_orig] [plan] step=881 node=N20661 type=observe reward_pred=101547630592.000000 sequence=3873070820917.847168
[openabcd__mem_ctrl_orig gpu6] [plan openabcd__mem_ctrl_orig] [plan] step=882 node=N3373 type=observe reward_pred=104281767936.000000 sequence=3977352588853.847168
[openabcd__mem_ctrl_orig gpu6] [plan openabcd__mem_ctrl_orig] [plan] step=883 node=N3321 type=observe reward_pred=107089551360.000000 sequence=4084442140213.847168
[openabcd__mem_ctrl_orig gpu6] [plan openabcd__mem_ctrl_orig] [plan] step=884 node=N2333 type=observe reward_pred=109972914176.000000 sequence=4194415054389.847168
[openabcd__mem_ctrl_orig gpu6] [plan openabcd__mem_ctrl_orig] [plan] step=885 node=N16176 type=observe reward_pred=112933928960.000000 sequence=4307348983349.847168
[openabcd__mem_ctrl_orig gpu6] [plan openabcd__mem_ctrl_orig] [plan] step=886 node=N2258 type=observe reward_pred=115974651904.000000 sequence=4423323635253.847656
[openabcd__mem_ctrl_orig gpu6] [plan openabcd__mem_ctrl_orig] [plan] step=887 node=N14395 type=observe reward_pred=119097237504.000000 sequence=4542420872757.847656
[openabcd__mem_ctrl_orig gpu6] [plan openabcd__mem_ctrl_orig] [plan] step=888 node=N18384 type=observe reward_pred=122303905792.000000 sequence=4664724778549.847656
[openabcd__mem_ctrl_orig gpu6] [plan openabcd__mem_ctrl_orig] [plan] step=889 node=N3244 type=observe reward_pred=125596909568.000000 sequence=4790321688117.847656
[openabcd__mem_ctrl_orig gpu6] [plan openabcd__mem_ctrl_orig] [plan] step=890 node=N95174 type=observe reward_pred=128978583552.000000 sequence=4919300271669.847656
[openabcd__mem_ctrl_orig gpu6] [plan openabcd__mem_ctrl_orig] [plan] step=891 node=N12321 type=observe reward_pred=132451319808.000000 sequence=5051751591477.847656
[openabcd__mem_ctrl_orig gpu6] [plan openabcd__mem_ctrl_orig] [plan] step=892 node=N17434 type=observe reward_pred=136017543168.000000 sequence=5187769134645.847656
[openabcd__mem_ctrl_orig gpu6] [plan openabcd__mem_ctrl_orig] [plan] step=893 node=N17919 type=observe reward_pred=139679793152.000000 sequence=5327448927797.847656
[openabcd__mem_ctrl_orig gpu6] [plan openabcd__mem_ctrl_orig] [plan] step=894 node=N16033 type=observe reward_pred=143440642048.000000 sequence=5470889569845.847656
[openabcd__mem_ctrl_orig gpu6] [plan openabcd__mem_ctrl_orig] [plan] step=895 node=N92027 type=observe reward_pred=147302744064.000000 sequence=5618192313909.847656
[openabcd__mem_ctrl_orig gpu6] [plan openabcd__mem_ctrl_orig] [plan] step=896 node=N96142 type=observe reward_pred=151268868096.000000 sequence=5769461182005.847656
[openabcd__mem_ctrl_orig gpu6] [plan openabcd__mem_ctrl_orig] [plan] step=897 node=N20678 type=observe reward_pred=155341750272.000000 sequence=5924802932277.847656
[openabcd__mem_ctrl_orig gpu6] [plan openabcd__mem_ctrl_orig] [plan] step=898 node=N101748 type=observe reward_pred=159524290560.000000 sequence=6084327222837.847656
[openabcd__mem_ctrl_orig gpu6] [plan openabcd__mem_ctrl_orig] [plan] step=899 node=N12793 type=observe reward_pred=163819454464.000000 sequence=6248146677301.847656
[openabcd__mem_ctrl_orig gpu6] [plan openabcd__mem_ctrl_orig] [plan] step=900 node=N93109 type=observe reward_pred=168230273024.000000 sequence=6416376950325.847656
[openabcd__mem_ctrl_orig gpu6] [plan openabcd__mem_ctrl_orig] [plan] step=901 node=N100371 type=observe reward_pred=172759875584.000000 sequence=6589136825909.847656
[openabcd__mem_ctrl_orig gpu6] [plan openabcd__mem_ctrl_orig] [plan] step=902 node=N2231 type=observe reward_pred=177411407872.000000 sequence=6766548233781.847656
[openabcd__mem_ctrl_orig gpu6] [plan openabcd__mem_ctrl_orig] [plan] step=903 node=N19306 type=observe reward_pred=182188179456.000000 sequence=6948736413237.847656
[openabcd__mem_ctrl_orig gpu6] [plan openabcd__mem_ctrl_orig] [plan] step=904 node=N16121 type=observe reward_pred=187093549056.000000 sequence=7135829962293.847656
[openabcd__mem_ctrl_orig gpu6] [plan openabcd__mem_ctrl_orig] [plan] step=905 node=N20151 type=observe reward_pred=192131022848.000000 sequence=7327960985141.847656
[openabcd__mem_ctrl_orig gpu6] [plan openabcd__mem_ctrl_orig] [plan] step=906 node=N14387 type=observe reward_pred=197304107008.000000 sequence=7525265092149.847656
[openabcd__mem_ctrl_orig gpu6] [plan openabcd__mem_ctrl_orig] [plan] step=907 node=N16239 type=observe reward_pred=202616504320.000000 sequence=7727881596469.847656
[openabcd__mem_ctrl_orig gpu6] [plan openabcd__mem_ctrl_orig] [plan] step=908 node=N56782 type=observe reward_pred=208071933952.000000 sequence=7935953530421.847656
[openabcd__mem_ctrl_orig gpu6] [plan openabcd__mem_ctrl_orig] [plan] step=909 node=N15598 type=observe reward_pred=213674213376.000000 sequence=8149627743797.847656
[openabcd__mem_ctrl_orig gpu6] [plan openabcd__mem_ctrl_orig] [plan] step=910 node=N15603 type=observe reward_pred=219427373056.000000 sequence=8369055116853.847656
[openabcd__mem_ctrl_orig gpu6] [plan openabcd__mem_ctrl_orig] [plan] step=911 node=N14541 type=observe reward_pred=225335377920.000000 sequence=8594390494773.847656
[openabcd__mem_ctrl_orig gpu6] [plan openabcd__mem_ctrl_orig] [plan] step=912 node=N56601 type=observe reward_pred=231402487808.000000 sequence=8825792982581.847656
[openabcd__mem_ctrl_orig gpu6] [plan openabcd__mem_ctrl_orig] [plan] step=913 node=N8530 type=observe reward_pred=237632995328.000000 sequence=9063425977909.847656
[openabcd__mem_ctrl_orig gpu6] [plan openabcd__mem_ctrl_orig] [plan] step=914 node=N2210 type=control1 reward_pred=244031209472.000000 sequence=9307457187381.847656
[openabcd__mem_ctrl_orig gpu6] [plan openabcd__mem_ctrl_orig] [plan] step=915 node=N101747 type=observe reward_pred=250601717760.000000 sequence=9558058905141.847656
[openabcd__mem_ctrl_orig gpu6] [plan openabcd__mem_ctrl_orig] [plan] step=916 node=N2089 type=observe reward_pred=257349091328.000000 sequence=9815407996469.847656
[openabcd__mem_ctrl_orig gpu6] [plan openabcd__mem_ctrl_orig] [plan] step=917 node=N16021 type=observe reward_pred=264278179840.000000 sequence=10079686176309.847656
[openabcd__mem_ctrl_orig gpu6] [plan openabcd__mem_ctrl_orig] [plan] step=918 node=N2062 type=observe reward_pred=271393832960.000000 sequence=10351080009269.847656
[openabcd__mem_ctrl_orig gpu6] [plan openabcd__mem_ctrl_orig] [plan] step=919 node=N12317 type=observe reward_pred=278701080576.000000 sequence=10629781089845.847656
[openabcd__mem_ctrl_orig gpu6] [plan openabcd__mem_ctrl_orig] [plan] step=920 node=N92942 type=observe reward_pred=286205018112.000000 sequence=10915986107957.847656
[openabcd__mem_ctrl_orig gpu6] [plan openabcd__mem_ctrl_orig] [plan] step=921 node=N103027 type=observe reward_pred=293911035904.000000 sequence=11209897143861.847656
[openabcd__mem_ctrl_orig gpu6] [plan openabcd__mem_ctrl_orig] [plan] step=922 node=N103139 type=observe reward_pred=301824540672.000000 sequence=11511721684533.847656
[openabcd__mem_ctrl_orig gpu6] [plan openabcd__mem_ctrl_orig] [plan] step=923 node=N14162 type=observe reward_pred=309951102976.000000 sequence=11821672787509.847656
[openabcd__mem_ctrl_orig gpu6] [plan openabcd__mem_ctrl_orig] [plan] step=924 node=N14251 type=observe reward_pred=318296489984.000000 sequence=12139969277493.847656
[openabcd__mem_ctrl_orig gpu6] [plan openabcd__mem_ctrl_orig] [plan] step=925 node=N2368 type=observe reward_pred=326866599936.000000 sequence=12466835877429.847656
[openabcd__mem_ctrl_orig gpu6] [plan openabcd__mem_ctrl_orig] [plan] step=926 node=N17934 type=observe reward_pred=335667429376.000000 sequence=12802503306805.847656
[openabcd__mem_ctrl_orig gpu6] [plan openabcd__mem_ctrl_orig] [plan] step=927 node=N11442 type=observe reward_pred=344705236992.000000 sequence=13147208543797.847656
[openabcd__mem_ctrl_orig gpu6] [plan openabcd__mem_ctrl_orig] [plan] step=928 node=N3215 type=observe reward_pred=353986347008.000000 sequence=13501194890805.847656
[openabcd__mem_ctrl_orig gpu6] [plan openabcd__mem_ctrl_orig] [plan] step=929 node=N15759 type=observe reward_pred=363517411328.000000 sequence=13864712302133.847656
[openabcd__mem_ctrl_orig gpu6] [plan openabcd__mem_ctrl_orig] [plan] step=930 node=N21895 type=observe reward_pred=373305049088.000000 sequence=14238017351221.847656
[openabcd__mem_ctrl_orig gpu6] [plan openabcd__mem_ctrl_orig] [plan] step=931 node=N15758 type=control1 reward_pred=383356239872.000000 sequence=14621373591093.847656
[openabcd__mem_ctrl_orig gpu6] [plan openabcd__mem_ctrl_orig] [plan] step=932 node=N2084 type=observe reward_pred=393677963264.000000 sequence=15015051554357.847656
[openabcd__mem_ctrl_orig gpu6] [plan openabcd__mem_ctrl_orig] [plan] step=933 node=N16339 type=observe reward_pred=404277690368.000000 sequence=15419329244725.847656
[openabcd__mem_ctrl_orig gpu6] [plan openabcd__mem_ctrl_orig] [plan] step=934 node=N2202 type=control1 reward_pred=415162761216.000000 sequence=15834492005941.847656
[openabcd__mem_ctrl_orig gpu6] [plan openabcd__mem_ctrl_orig] [plan] step=935 node=N95172 type=observe reward_pred=426341007360.000000 sequence=16260833013301.847656
[openabcd__mem_ctrl_orig gpu6] [plan openabcd__mem_ctrl_orig] [plan] step=936 node=N92026 type=observe reward_pred=437820129280.000000 sequence=16698653142581.847656
[openabcd__mem_ctrl_orig gpu6] [plan openabcd__mem_ctrl_orig] [plan] step=937 node=N103575 type=observe reward_pred=449608384512.000000 sequence=17148261527093.847656
[openabcd__mem_ctrl_orig gpu6] [plan openabcd__mem_ctrl_orig] [plan] step=938 node=N91939 type=observe reward_pred=461714030592.000000 sequence=17609975557685.847656
[openabcd__mem_ctrl_orig gpu6] [plan openabcd__mem_ctrl_orig] [plan] step=939 node=N92025 type=observe reward_pred=474145619968.000000 sequence=18084121177653.847656
[openabcd__mem_ctrl_orig gpu6] [plan openabcd__mem_ctrl_orig] [plan] step=940 node=N17880 type=observe reward_pred=486911901696.000000 sequence=18571033079349.847656
[openabcd__mem_ctrl_orig gpu6] [plan openabcd__mem_ctrl_orig] [plan] step=941 node=N94305 type=observe reward_pred=500021985280.000000 sequence=19071055064629.847656
[openabcd__mem_ctrl_orig gpu6] [plan openabcd__mem_ctrl_orig] [plan] step=942 node=N14398 type=observe reward_pred=513484980224.000000 sequence=19584540044853.847656
[openabcd__mem_ctrl_orig gpu6] [plan openabcd__mem_ctrl_orig] [plan] step=943 node=N12365 type=observe reward_pred=527310422016.000000 sequence=20111850466869.847656
[openabcd__mem_ctrl_orig gpu6] [plan openabcd__mem_ctrl_orig] [plan] step=944 node=N2254 type=observe reward_pred=541508173824.000000 sequence=20653358640693.847656
[openabcd__mem_ctrl_orig gpu6] [plan openabcd__mem_ctrl_orig] [plan] step=945 node=N3322 type=observe reward_pred=556088229888.000000 sequence=21209446870581.847656
[openabcd__mem_ctrl_orig gpu6] [plan openabcd__mem_ctrl_orig] [plan] step=946 node=N2142 type=control1 reward_pred=571060781056.000000 sequence=21780507651637.847656
[openabcd__mem_ctrl_orig gpu6] [plan openabcd__mem_ctrl_orig] [plan] step=947 node=N12853 type=observe reward_pred=586436509696.000000 sequence=22366944161333.847656
[openabcd__mem_ctrl_orig gpu6] [plan openabcd__mem_ctrl_orig] [plan] step=948 node=N14394 type=observe reward_pred=602226229248.000000 sequence=22969170390581.847656
[openabcd__mem_ctrl_orig gpu6] [plan openabcd__mem_ctrl_orig] [plan] step=949 node=N2351 type=observe reward_pred=618441080832.000000 sequence=23587611471413.847656
[openabcd__mem_ctrl_orig gpu6] [plan openabcd__mem_ctrl_orig] [plan] step=950 node=N94381 type=observe reward_pred=635092467712.000000 sequence=24222703939125.847656
[openabcd__mem_ctrl_orig gpu6] [plan openabcd__mem_ctrl_orig] [plan] step=951 node=N21893 type=observe reward_pred=652192120832.000000 sequence=24874896059957.847656
[openabcd__mem_ctrl_orig gpu6] [plan openabcd__mem_ctrl_orig] [plan] step=952 node=N2403 type=observe reward_pred=669752360960.000000 sequence=25544648420917.847656
[openabcd__mem_ctrl_orig gpu6] [plan openabcd__mem_ctrl_orig] [plan] step=953 node=N100391 type=observe reward_pred=687785246720.000000 sequence=26232433667637.847656
[openabcd__mem_ctrl_orig gpu6] [plan openabcd__mem_ctrl_orig] [plan] step=954 node=N14274 type=control1 reward_pred=706303819776.000000 sequence=26938737487413.847656
[openabcd__mem_ctrl_orig gpu6] [plan openabcd__mem_ctrl_orig] [plan] step=955 node=N101570 type=observe reward_pred=725320925184.000000 sequence=27664058412597.847656
[openabcd__mem_ctrl_orig gpu6] [plan openabcd__mem_ctrl_orig] [plan] step=956 node=N12586 type=observe reward_pred=744850128896.000000 sequence=28408908541493.847656
[openabcd__mem_ctrl_orig gpu6] [plan openabcd__mem_ctrl_orig] [plan] step=957 node=N12589 type=observe reward_pred=764905062400.000000 sequence=29173813603893.847656
[openabcd__mem_ctrl_orig gpu6] [plan openabcd__mem_ctrl_orig] [plan] step=958 node=N14274 type=observe reward_pred=785500012544.000000 sequence=29959313616437.847656
[openabcd__mem_ctrl_orig gpu6] [plan openabcd__mem_ctrl_orig] [plan] step=959 node=N17981 type=observe reward_pred=806649397248.000000 sequence=30765963013685.847656
[openabcd__mem_ctrl_orig gpu6] [plan openabcd__mem_ctrl_orig] [plan] step=960 node=N16025 type=observe reward_pred=828368355328.000000 sequence=31594331369013.847656
[openabcd__mem_ctrl_orig gpu6] [plan openabcd__mem_ctrl_orig] [plan] step=961 node=N15638 type=observe reward_pred=850671960064.000000 sequence=32445003329077.847656
[openabcd__mem_ctrl_orig gpu6] [plan openabcd__mem_ctrl_orig] [plan] step=962 node=N17442 type=observe reward_pred=873576333312.000000 sequence=33318579662389.847656
[openabcd__mem_ctrl_orig gpu6] [plan openabcd__mem_ctrl_orig] [plan] step=963 node=N100400 type=observe reward_pred=897097269248.000000 sequence=34215676931637.847656
[openabcd__mem_ctrl_orig gpu6] [plan openabcd__mem_ctrl_orig] [plan] step=964 node=N91929 type=observe reward_pred=921251348480.000000 sequence=35136928280117.847656
[openabcd__mem_ctrl_orig gpu6] [plan openabcd__mem_ctrl_orig] [plan] step=965 node=N17876 type=observe reward_pred=946055806976.000000 sequence=36082984087093.843750
[openabcd__mem_ctrl_orig gpu6] [plan openabcd__mem_ctrl_orig] [plan] step=966 node=N2868 type=observe reward_pred=971528273920.000000 sequence=37054512361013.843750
[openabcd__mem_ctrl_orig gpu6] [plan openabcd__mem_ctrl_orig] [plan] step=967 node=N94302 type=observe reward_pred=997686444032.000000 sequence=38052198805045.843750
[openabcd__mem_ctrl_orig gpu6] [plan openabcd__mem_ctrl_orig] [plan] step=968 node=N14300 type=control1 reward_pred=1024548929536.000000 sequence=39076747734581.843750
[openabcd__mem_ctrl_orig gpu6] [plan openabcd__mem_ctrl_orig] [plan] step=969 node=N16175 type=observe reward_pred=1052134735872.000000 sequence=40128882470453.843750
[openabcd__mem_ctrl_orig gpu6] [plan openabcd__mem_ctrl_orig] [plan] step=970 node=N91942 type=observe reward_pred=1080463327232.000000 sequence=41209345797685.843750
[openabcd__mem_ctrl_orig gpu6] [plan openabcd__mem_ctrl_orig] [plan] step=971 node=N103026 type=observe reward_pred=1109554495488.000000 sequence=42318900293173.843750
[openabcd__mem_ctrl_orig gpu6] [plan openabcd__mem_ctrl_orig] [plan] step=972 node=N100778 type=observe reward_pred=1139429081088.000000 sequence=43458329374261.843750
[openabcd__mem_ctrl_orig gpu6] [plan openabcd__mem_ctrl_orig] [plan] step=973 node=N11534 type=observe reward_pred=1170108055552.000000 sequence=44628437429813.843750
[openabcd__mem_ctrl_orig gpu6] [plan openabcd__mem_ctrl_orig] [plan] step=974 node=N2117 type=control0 reward_pred=1201612914688.000000 sequence=45830050344501.843750
[openabcd__mem_ctrl_orig gpu6] [plan openabcd__mem_ctrl_orig] [plan] step=975 node=N91944 type=observe reward_pred=1233966071808.000000 sequence=47064016416309.843750
[openabcd__mem_ctrl_orig gpu6] [plan openabcd__mem_ctrl_orig] [plan] step=976 node=N99949 type=observe reward_pred=1267190333440.000000 sequence=48331206749749.843750
[openabcd__mem_ctrl_orig gpu6] [plan openabcd__mem_ctrl_orig] [plan] step=977 node=N13404 type=observe reward_pred=1301309161472.000000 sequence=49632515911221.843750
[openabcd__mem_ctrl_orig gpu6] [plan openabcd__mem_ctrl_orig] [plan] step=978 node=N12561 type=observe reward_pred=1336346804224.000000 sequence=50968862715445.843750
[openabcd__mem_ctrl_orig gpu6] [plan openabcd__mem_ctrl_orig] [plan] step=979 node=N20659 type=observe reward_pred=1372327772160.000000 sequence=52341190487605.843750
[openabcd__mem_ctrl_orig gpu6] [plan openabcd__mem_ctrl_orig] [plan] step=980 node=N2045 type=observe reward_pred=1409277362176.000000 sequence=53750467849781.843750
[openabcd__mem_ctrl_orig gpu6] [plan openabcd__mem_ctrl_orig] [plan] step=981 node=N94355 type=observe reward_pred=1447221919744.000000 sequence=55197689769525.843750
[openabcd__mem_ctrl_orig gpu6] [plan openabcd__mem_ctrl_orig] [plan] step=982 node=N23488 type=observe reward_pred=1486188183552.000000 sequence=56683877953077.843750
[openabcd__mem_ctrl_orig gpu6] [plan openabcd__mem_ctrl_orig] [plan] step=983 node=N101757 type=observe reward_pred=1526203678720.000000 sequence=58210081631797.843750
[openabcd__mem_ctrl_orig gpu6] [plan openabcd__mem_ctrl_orig] [plan] step=984 node=N91945 type=observe reward_pred=1567296323584.000000 sequence=59777377955381.843750
[openabcd__mem_ctrl_orig gpu6] [plan openabcd__mem_ctrl_orig] [plan] step=985 node=N101756 type=observe reward_pred=1609495478272.000000 sequence=61386873433653.843750
[openabcd__mem_ctrl_orig gpu6] [plan openabcd__mem_ctrl_orig] [plan] step=986 node=N105414 type=observe reward_pred=1652831027200.000000 sequence=63039704460853.843750
[openabcd__mem_ctrl_orig gpu6] [plan openabcd__mem_ctrl_orig] [plan] step=987 node=N92849 type=observe reward_pred=1697332854784.000000 sequence=64737037315637.843750
[openabcd__mem_ctrl_orig gpu6] [plan openabcd__mem_ctrl_orig] [plan] step=988 node=N11945 type=observe reward_pred=1743033597952.000000 sequence=66480070913589.843750
[openabcd__mem_ctrl_orig gpu6] [plan openabcd__mem_ctrl_orig] [plan] step=989 node=N95173 type=observe reward_pred=1789964189696.000000 sequence=68270035103285.843750
[openabcd__mem_ctrl_orig gpu6] [plan openabcd__mem_ctrl_orig] [plan] step=990 node=N103135 type=observe reward_pred=1838158708736.000000 sequence=70108193812021.843750
[openabcd__mem_ctrl_orig gpu6] [plan openabcd__mem_ctrl_orig] [plan] step=991 node=N91941 type=observe reward_pred=1887650709504.000000 sequence=71995844521525.843750
[openabcd__mem_ctrl_orig gpu6] [plan openabcd__mem_ctrl_orig] [plan] step=992 node=N92069 type=observe reward_pred=1938475319296.000000 sequence=73934319840821.843750
[openabcd__mem_ctrl_orig gpu6] [plan openabcd__mem_ctrl_orig] [plan] step=993 node=N18366 type=observe reward_pred=1990668320768.000000 sequence=75924988161589.843750
[openabcd__mem_ctrl_orig gpu6] [plan openabcd__mem_ctrl_orig] [plan] step=994 node=N92121 type=observe reward_pred=2044266676224.000000 sequence=77969254837813.843750
[openabcd__mem_ctrl_orig gpu6] [plan openabcd__mem_ctrl_orig] [plan] step=995 node=N14249 type=observe reward_pred=2099308134400.000000 sequence=80068562972213.843750
[openabcd__mem_ctrl_orig gpu6] [plan openabcd__mem_ctrl_orig] [plan] step=996 node=N91964 type=observe reward_pred=2155831492608.000000 sequence=82224394464821.843750
[openabcd__mem_ctrl_orig gpu6] [plan openabcd__mem_ctrl_orig] [plan] step=997 node=N92939 type=observe reward_pred=2213876858880.000000 sequence=84438271323701.843750
[openabcd__mem_ctrl_orig gpu6] [plan openabcd__mem_ctrl_orig] [plan] step=998 node=N92851 type=observe reward_pred=2273485258752.000000 sequence=86711756582453.843750
[openabcd__mem_ctrl_orig gpu6] [plan openabcd__mem_ctrl_orig] [plan] step=999 node=N2267 type=observe reward_pred=2334698504192.000000 sequence=89046455086645.843750
[openabcd__mem_ctrl_orig gpu6] [plan openabcd__mem_ctrl_orig] [plan] step=1000 node=N91931 type=observe reward_pred=2397559848960.000000 sequence=91444014935605.843750
[openabcd__mem_ctrl_orig gpu6] [plan openabcd__mem_ctrl_orig] [plan] step=1001 node=N2204 type=control1 reward_pred=2462113595392.000000 sequence=93906128530997.843750
[openabcd__mem_ctrl_orig gpu6] [plan openabcd__mem_ctrl_orig] [plan] step=1002 node=N93083 type=observe reward_pred=2528405356544.000000 sequence=96434533887541.843750
[openabcd__mem_ctrl_orig gpu6] [plan openabcd__mem_ctrl_orig] [plan] step=1003 node=N18043 type=observe reward_pred=2596482580480.000000 sequence=99031016468021.843750
[openabcd__mem_ctrl_orig gpu6] [plan openabcd__mem_ctrl_orig] [plan] step=1004 node=N14239 type=observe reward_pred=2666392453120.000000 sequence=101697408921141.843750
[openabcd__mem_ctrl_orig gpu6] [plan openabcd__mem_ctrl_orig] [plan] step=1005 node=N91963 type=observe reward_pred=2738184781824.000000 sequence=104435593702965.843750
[openabcd__mem_ctrl_orig gpu6] [plan openabcd__mem_ctrl_orig] [plan] step=1006 node=N94304 type=observe reward_pred=2811909898240.000000 sequence=107247503601205.843750
[openabcd__mem_ctrl_orig gpu6] [plan openabcd__mem_ctrl_orig] [plan] step=1007 node=N3361 type=observe reward_pred=2887619969024.000000 sequence=110135123570229.843750
[openabcd__mem_ctrl_orig gpu6] [plan openabcd__mem_ctrl_orig] [plan] step=1008 node=N103693 type=observe reward_pred=2965368471552.000000 sequence=113100492041781.843750
[openabcd__mem_ctrl_orig gpu6] [plan openabcd__mem_ctrl_orig] [plan] step=1009 node=N2082 type=observe reward_pred=3045210193920.000000 sequence=116145702235701.843750
[openabcd__mem_ctrl_orig gpu6] [plan openabcd__mem_ctrl_orig] [plan] step=1010 node=N2881 type=observe reward_pred=3127202545664.000000 sequence=119272904781365.843750
[openabcd__mem_ctrl_orig gpu6] [plan openabcd__mem_ctrl_orig] [plan] step=1011 node=N2443 type=observe reward_pred=3211401625600.000000 sequence=122484306406965.843750
[openabcd__mem_ctrl_orig gpu6] [plan openabcd__mem_ctrl_orig] [plan] step=1012 node=N103694 type=observe reward_pred=3297867988992.000000 sequence=125782174395957.843750
[openabcd__mem_ctrl_orig gpu6] [plan openabcd__mem_ctrl_orig] [plan] step=1013 node=N100399 type=observe reward_pred=3386662453248.000000 sequence=129168836849205.843750
[openabcd__mem_ctrl_orig gpu6] [plan openabcd__mem_ctrl_orig] [plan] step=1014 node=N11443 type=observe reward_pred=3477848195072.000000 sequence=132646685044277.843750
[openabcd__mem_ctrl_orig gpu6] [plan openabcd__mem_ctrl_orig] [plan] step=1015 node=N94370 type=observe reward_pred=3571488391168.000000 sequence=136218173435445.843750
[openabcd__mem_ctrl_orig gpu6] [plan openabcd__mem_ctrl_orig] [plan] step=1016 node=N92848 type=observe reward_pred=3667650150400.000000 sequence=139885823585845.843750
[openabcd__mem_ctrl_orig gpu6] [plan openabcd__mem_ctrl_orig] [plan] step=1017 node=N2311 type=observe reward_pred=3766401105920.000000 sequence=143652224691765.843750
[openabcd__mem_ctrl_orig gpu6] [plan openabcd__mem_ctrl_orig] [plan] step=1018 node=N14288 type=observe reward_pred=3867810988032.000000 sequence=147520035679797.843750
[openabcd__mem_ctrl_orig gpu6] [plan openabcd__mem_ctrl_orig] [plan] step=1019 node=N2397 type=observe reward_pred=3971950837760.000000 sequence=151491986517557.843750
[openabcd__mem_ctrl_orig gpu6] [plan openabcd__mem_ctrl_orig] [plan] step=1020 node=N102658 type=observe reward_pred=4078895104000.000000 sequence=155570881621557.843750
[openabcd__mem_ctrl_orig gpu6] [plan openabcd__mem_ctrl_orig] [plan] step=1021 node=N103615 type=observe reward_pred=4188718235648.000000 sequence=159759599857205.843750
[openabcd__mem_ctrl_orig gpu6] [plan openabcd__mem_ctrl_orig] [plan] step=1022 node=N94303 type=observe reward_pred=4301498875904.000000 sequence=164061098733109.843750
[openabcd__mem_ctrl_orig gpu6] [plan openabcd__mem_ctrl_orig] [plan] step=1023 node=N20057 type=observe reward_pred=4417316192256.000000 sequence=168478414925365.843750
[openabcd__mem_ctrl_orig gpu6] [plan openabcd__mem_ctrl_orig] [plan] step=1024 node=N15743 type=observe reward_pred=4536252497920.000000 sequence=173014667423285.843750
[openabcd__mem_ctrl_orig gpu6] [plan openabcd__mem_ctrl_orig] [plan] step=1025 node=N12097 type=observe reward_pred=4658389581824.000000 sequence=177673057005109.843750
[openabcd__mem_ctrl_orig gpu6] [plan openabcd__mem_ctrl_orig] [plan] step=1026 node=N3303 type=observe reward_pred=4783816048640.000000 sequence=182456873053749.843750
[openabcd__mem_ctrl_orig gpu6] [plan openabcd__mem_ctrl_orig] [plan] step=1027 node=N56786 type=observe reward_pred=4912619978752.000000 sequence=187369493032501.843750
[openabcd__mem_ctrl_orig gpu6] [plan openabcd__mem_ctrl_orig] [plan] step=1028 node=N2025 type=observe reward_pred=5044891025408.000000 sequence=192414384057909.843750
[openabcd__mem_ctrl_orig gpu6] [plan openabcd__mem_ctrl_orig] [plan] step=1029 node=N12577 type=observe reward_pred=5180724609024.000000 sequence=197595108666933.843750
[openabcd__mem_ctrl_orig gpu6] [plan openabcd__mem_ctrl_orig] [plan] step=1030 node=N94354 type=observe reward_pred=5320215101440.000000 sequence=202915323768373.843750
[openabcd__mem_ctrl_orig gpu6] [plan openabcd__mem_ctrl_orig] [plan] step=1031 node=N92050 type=observe reward_pred=5463460020224.000000 sequence=208378783788597.843750
[openabcd__mem_ctrl_orig gpu6] [plan openabcd__mem_ctrl_orig] [plan] step=1032 node=N21906 type=observe reward_pred=5610563174400.000000 sequence=213989346962997.843750
[openabcd__mem_ctrl_orig gpu6] [plan openabcd__mem_ctrl_orig] [plan] step=1033 node=N2072 type=observe reward_pred=5761626275840.000000 sequence=219750973238837.843750
[openabcd__mem_ctrl_orig gpu6] [plan openabcd__mem_ctrl_orig] [plan] step=1034 node=N2019 type=control1 reward_pred=5916757327872.000000 sequence=225667730566709.843750
[openabcd__mem_ctrl_orig gpu6] [plan openabcd__mem_ctrl_orig] [plan] step=1035 node=N2077 type=observe reward_pred=6076064858112.000000 sequence=231743795424821.843750
[openabcd__mem_ctrl_orig gpu6] [plan openabcd__mem_ctrl_orig] [plan] step=1036 node=N2111 type=observe reward_pred=6239662637056.000000 sequence=237983458061877.843750
[openabcd__mem_ctrl_orig gpu6] [plan openabcd__mem_ctrl_orig] [plan] step=1037 node=N94358 type=observe reward_pred=6407664435200.000000 sequence=244391122497077.843750
[openabcd__mem_ctrl_orig gpu6] [plan openabcd__mem_ctrl_orig] [plan] step=1038 node=N14385 type=observe reward_pred=6580189265920.000000 sequence=250971311762997.843750
[openabcd__mem_ctrl_orig gpu6] [plan openabcd__mem_ctrl_orig] [plan] step=1039 node=N18387 type=observe reward_pred=6757359812608.000000 sequence=257728671575605.843750
[openabcd__mem_ctrl_orig gpu6] [plan openabcd__mem_ctrl_orig] [plan] step=1040 node=N92850 type=observe reward_pred=6939299807232.000000 sequence=264667971382837.843750
[openabcd__mem_ctrl_orig gpu6] [plan openabcd__mem_ctrl_orig] [plan] step=1041 node=N92070 type=observe reward_pred=7126140321792.000000 sequence=271794111704629.843750
[openabcd__mem_ctrl_orig gpu6] [plan openabcd__mem_ctrl_orig] [plan] step=1042 node=N12027 type=observe reward_pred=7318010331136.000000 sequence=279112122035765.843750
[openabcd__mem_ctrl_orig gpu6] [plan openabcd__mem_ctrl_orig] [plan] step=1043 node=N8523 type=observe reward_pred=7515045625856.000000 sequence=286627167661621.875000
[openabcd__mem_ctrl_orig gpu6] [plan openabcd__mem_ctrl_orig] [plan] step=1044 node=N91933 type=observe reward_pred=7717387239424.000000 sequence=294344554901045.875000
[openabcd__mem_ctrl_orig gpu6] [plan openabcd__mem_ctrl_orig] [plan] step=1045 node=N94356 type=observe reward_pred=7925176729600.000000 sequence=302269731630645.875000
[openabcd__mem_ctrl_orig gpu6] [plan openabcd__mem_ctrl_orig] [plan] step=1046 node=N3426 type=observe reward_pred=8138561421312.000000 sequence=310408293051957.875000
[openabcd__mem_ctrl_orig gpu6] [plan openabcd__mem_ctrl_orig] [plan] step=1047 node=N101685 type=observe reward_pred=8357689688064.000000 sequence=318765982740021.875000
[openabcd__mem_ctrl_orig gpu6] [plan openabcd__mem_ctrl_orig] [plan] step=1048 node=N94326 type=observe reward_pred=8582719340544.000000 sequence=327348702080565.875000
[openabcd__mem_ctrl_orig gpu6] [plan openabcd__mem_ctrl_orig] [plan] step=1049 node=N94372 type=observe reward_pred=8813807665152.000000 sequence=336162509745717.875000
[openabcd__mem_ctrl_orig gpu6] [plan openabcd__mem_ctrl_orig] [plan] step=1050 node=N104283 type=observe reward_pred=9051117191168.000000 sequence=345213626936885.875000
[openabcd__mem_ctrl_orig gpu6] [plan openabcd__mem_ctrl_orig] [plan] step=1051 node=N94367 type=observe reward_pred=9294816739328.000000 sequence=354508443676213.875000
[openabcd__mem_ctrl_orig gpu6] [plan openabcd__mem_ctrl_orig] [plan] step=1052 node=N15615 type=observe reward_pred=9545079324672.000000 sequence=364053523000885.875000
[openabcd__mem_ctrl_orig gpu6] [plan openabcd__mem_ctrl_orig] [plan] step=1053 node=N17961 type=observe reward_pred=9802077962240.000000 sequence=373855600963125.875000
[openabcd__mem_ctrl_orig gpu6] [plan openabcd__mem_ctrl_orig] [plan] step=1054 node=N94327 type=observe reward_pred=10065997201408.000000 sequence=383921598164533.875000
[openabcd__mem_ctrl_orig gpu6] [plan openabcd__mem_ctrl_orig] [plan] step=1055 node=N94338 type=observe reward_pred=10337021591552.000000 sequence=394258619756085.875000
[openabcd__mem_ctrl_orig gpu6] [plan openabcd__mem_ctrl_orig] [plan] step=1056 node=N103692 type=observe reward_pred=10615344070656.000000 sequence=404873963826741.875000
[openabcd__mem_ctrl_orig gpu6] [plan openabcd__mem_ctrl_orig] [plan] step=1057 node=N16237 type=observe reward_pred=10901160722432.000000 sequence=415775124549173.875000
[openabcd__mem_ctrl_orig gpu6] [plan openabcd__mem_ctrl_orig] [plan] step=1058 node=N103613 type=observe reward_pred=11194672873472.000000 sequence=426969797422645.875000
[openabcd__mem_ctrl_orig gpu6] [plan openabcd__mem_ctrl_orig] [plan] step=1059 node=N3352 type=observe reward_pred=11496088141824.000000 sequence=438465885564469.875000
[openabcd__mem_ctrl_orig gpu6] [plan openabcd__mem_ctrl_orig] [plan] step=1060 node=N2206 type=observe reward_pred=11805618339840.000000 sequence=450271503904309.875000
[openabcd__mem_ctrl_orig gpu6] [plan openabcd__mem_ctrl_orig] [plan] step=1061 node=N101569 type=observe reward_pred=12123483668480.000000 sequence=462394987572789.875000
[openabcd__mem_ctrl_orig gpu6] [plan openabcd__mem_ctrl_orig] [plan] step=1062 node=N16178 type=observe reward_pred=12449904328704.000000 sequence=474844891901493.875000
[openabcd__mem_ctrl_orig gpu6] [plan openabcd__mem_ctrl_orig] [plan] step=1063 node=N2005 type=control1 reward_pred=12785117298688.000000 sequence=487630009200181.875000
[openabcd__mem_ctrl_orig gpu6] [plan openabcd__mem_ctrl_orig] [plan] step=1064 node=N15740 type=observe reward_pred=13129354313728.000000 sequence=500759363513909.875000
[openabcd__mem_ctrl_orig gpu6] [plan openabcd__mem_ctrl_orig] [plan] step=1065 node=N2340 type=observe reward_pred=13482859692032.000000 sequence=514242223205941.875000
[openabcd__mem_ctrl_orig gpu6] [plan openabcd__mem_ctrl_orig] [plan] step=1066 node=N95205 type=observe reward_pred=13845881946112.000000 sequence=528088105152053.875000
[openabcd__mem_ctrl_orig gpu6] [plan openabcd__mem_ctrl_orig] [plan] step=1067 node=N53577 type=observe reward_pred=14218680074240.000000 sequence=542306785226293.875000
[openabcd__mem_ctrl_orig gpu6] [plan openabcd__mem_ctrl_orig] [plan] step=1068 node=N92124 type=observe reward_pred=14601516220416.000000 sequence=556908301446709.875000
[openabcd__mem_ctrl_orig gpu6] [plan openabcd__mem_ctrl_orig] [plan] step=1069 node=N2259 type=observe reward_pred=14994659868672.000000 sequence=571902961315381.875000
[openabcd__mem_ctrl_orig gpu6] [plan openabcd__mem_ctrl_orig] [plan] step=1070 node=N3339 type=observe reward_pred=15398389940224.000000 sequence=587301351255605.875000
[openabcd__mem_ctrl_orig gpu6] [plan openabcd__mem_ctrl_orig] [plan] step=1071 node=N2318 type=observe reward_pred=15812987453440.000000 sequence=603114338709045.875000
[openabcd__mem_ctrl_orig gpu6] [plan openabcd__mem_ctrl_orig] [plan] step=1072 node=N96258 type=observe reward_pred=16238750203904.000000 sequence=619353088912949.875000
[openabcd__mem_ctrl_orig gpu6] [plan openabcd__mem_ctrl_orig] [plan] step=1073 node=N94325 type=observe reward_pred=16675975987200.000000 sequence=636029064900149.875000
[openabcd__mem_ctrl_orig gpu6] [plan openabcd__mem_ctrl_orig] [plan] step=1074 node=N8508 type=observe reward_pred=17124974133248.000000 sequence=653154039033397.875000
[openabcd__mem_ctrl_orig gpu6] [plan openabcd__mem_ctrl_orig] [plan] step=1075 node=N56767 type=observe reward_pred=17586062360576.000000 sequence=670740101393973.875000
[openabcd__mem_ctrl_orig gpu6] [plan openabcd__mem_ctrl_orig] [plan] step=1076 node=N94361 type=observe reward_pred=18059561533440.000000 sequence=688799662927413.875000
[openabcd__mem_ctrl_orig gpu6] [plan openabcd__mem_ctrl_orig] [plan] step=1077 node=N55562 type=observe reward_pred=18545813487616.000000 sequence=707345476415029.875000
[openabcd__mem_ctrl_orig gpu6] [plan openabcd__mem_ctrl_orig] [plan] step=1078 node=N55572 type=observe reward_pred=19045153767424.000000 sequence=726390630182453.875000
[openabcd__mem_ctrl_orig gpu6] [plan openabcd__mem_ctrl_orig] [plan] step=1079 node=N94319 type=observe reward_pred=19557943083008.000000 sequence=745948573265461.875000
[openabcd__mem_ctrl_orig gpu6] [plan openabcd__mem_ctrl_orig] [plan] step=1080 node=N92944 type=observe reward_pred=20084535853056.000000 sequence=766033109118517.875000
[openabcd__mem_ctrl_orig gpu6] [plan openabcd__mem_ctrl_orig] [plan] step=1081 node=N53625 type=observe reward_pred=20625305370624.000000 sequence=786658414489141.875000
[openabcd__mem_ctrl_orig gpu6] [plan openabcd__mem_ctrl_orig] [plan] step=1082 node=N94371 type=observe reward_pred=21180641705984.000000 sequence=807839056195125.875000
[openabcd__mem_ctrl_orig gpu6] [plan openabcd__mem_ctrl_orig] [plan] step=1083 node=N94323 type=observe reward_pred=21750924443648.000000 sequence=829589980638773.875000
[openabcd__mem_ctrl_orig gpu6] [plan openabcd__mem_ctrl_orig] [plan] step=1084 node=N94330 type=observe reward_pred=22336562528256.000000 sequence=851926543167029.875000
[openabcd__mem_ctrl_orig gpu6] [plan openabcd__mem_ctrl_orig] [plan] step=1085 node=N94339 type=observe reward_pred=22937973293056.000000 sequence=874864516460085.875000
[openabcd__mem_ctrl_orig gpu6] [plan openabcd__mem_ctrl_orig] [plan] step=1086 node=N94357 type=observe reward_pred=23555571974144.000000 sequence=898420088434229.875000
[openabcd__mem_ctrl_orig gpu6] [plan openabcd__mem_ctrl_orig] [plan] step=1087 node=N3375 type=observe reward_pred=24189803167744.000000 sequence=922609891601973.875000
[openabcd__mem_ctrl_orig gpu6] [plan openabcd__mem_ctrl_orig] [plan] step=1088 node=N91938 type=observe reward_pred=24841109372928.000000 sequence=947451000974901.875000
[openabcd__mem_ctrl_orig gpu6] [plan openabcd__mem_ctrl_orig] [plan] step=1089 node=N53647 type=observe reward_pred=25509956157440.000000 sequence=972960957132341.875000
[openabcd__mem_ctrl_orig gpu6] [plan openabcd__mem_ctrl_orig] [plan] step=1090 node=N92084 type=observe reward_pred=26196802797568.000000 sequence=999157759929909.875000
[openabcd__mem_ctrl_orig gpu6] [plan openabcd__mem_ctrl_orig] [plan] step=1091 node=N94332 type=observe reward_pred=26902148415488.000000 sequence=1026059908345397.875000
[openabcd__mem_ctrl_orig gpu6] [plan openabcd__mem_ctrl_orig] [plan] step=1092 node=N17881 type=observe reward_pred=27626483744768.000000 sequence=1053686392090165.875000
[openabcd__mem_ctrl_orig gpu6] [plan openabcd__mem_ctrl_orig] [plan] step=1093 node=N96259 type=observe reward_pred=28370322587648.000000 sequence=1082056714677813.875000
[openabcd__mem_ctrl_orig gpu6] [plan openabcd__mem_ctrl_orig] [plan] step=1094 node=N101686 type=observe reward_pred=29134189232128.000000 sequence=1111190903909941.875000
[openabcd__mem_ctrl_orig gpu6] [plan openabcd__mem_ctrl_orig] [plan] step=1095 node=N105413 type=observe reward_pred=29918618451968.000000 sequence=1141109522361910.000000
[openabcd__mem_ctrl_orig gpu6] [plan openabcd__mem_ctrl_orig] [plan] step=1096 node=N91936 type=observe reward_pred=30724170186752.000000 sequence=1171833692548662.000000
[openabcd__mem_ctrl_orig gpu6] [plan openabcd__mem_ctrl_orig] [plan] step=1097 node=N12852 type=observe reward_pred=31551412764672.000000 sequence=1203385105313334.000000
[openabcd__mem_ctrl_orig gpu6] [plan openabcd__mem_ctrl_orig] [plan] step=1098 node=N92970 type=observe reward_pred=32400929193984.000000 sequence=1235786034507318.000000
[openabcd__mem_ctrl_orig gpu6] [plan openabcd__mem_ctrl_orig] [plan] step=1099 node=N2409 type=observe reward_pred=33273317163008.000000 sequence=1269059351670326.000000
[openabcd__mem_ctrl_orig gpu6] [plan openabcd__mem_ctrl_orig] [plan] step=1100 node=N94311 type=observe reward_pred=34169201623040.000000 sequence=1303228553293366.000000
[openabcd__mem_ctrl_orig gpu6] [plan openabcd__mem_ctrl_orig] [plan] step=1101 node=N94362 type=observe reward_pred=35089192845312.000000 sequence=1338317746138678.000000
[openabcd__mem_ctrl_orig gpu6] [plan openabcd__mem_ctrl_orig] [plan] step=1102 node=N2626 type=observe reward_pred=36033961918464.000000 sequence=1374351708057142.000000
[openabcd__mem_ctrl_orig gpu6] [plan openabcd__mem_ctrl_orig] [plan] step=1103 node=N94324 type=observe reward_pred=37004175736832.000000 sequence=1411355883793974.000000
[openabcd__mem_ctrl_orig gpu6] [plan openabcd__mem_ctrl_orig] [plan] step=1104 node=N92051 type=observe reward_pred=38000503291904.000000 sequence=1449356387085878.000000
[openabcd__mem_ctrl_orig gpu6] [plan openabcd__mem_ctrl_orig] [plan] step=1105 node=N94337 type=observe reward_pred=39023661809664.000000 sequence=1488380048895542.000000
[openabcd__mem_ctrl_orig gpu6] [plan openabcd__mem_ctrl_orig] [plan] step=1106 node=N93197 type=observe reward_pred=40074368516096.000000 sequence=1528454417411638.000000
[openabcd__mem_ctrl_orig gpu6] [plan openabcd__mem_ctrl_orig] [plan] step=1107 node=N3620 type=observe reward_pred=41153369997312.000000 sequence=1569607787408950.000000
[openabcd__mem_ctrl_orig gpu6] [plan openabcd__mem_ctrl_orig] [plan] step=1108 node=N12325 type=observe reward_pred=42261417033728.000000 sequence=1611869204442678.000000
[openabcd__mem_ctrl_orig gpu6] [plan openabcd__mem_ctrl_orig] [plan] step=1109 node=N3325 type=observe reward_pred=43399298154496.000000 sequence=1655268502597174.000000
[openabcd__mem_ctrl_orig gpu6] [plan openabcd__mem_ctrl_orig] [plan] step=1110 node=N3235 type=observe reward_pred=44567814471680.000000 sequence=1699836317068854.000000
[openabcd__mem_ctrl_orig gpu6] [plan openabcd__mem_ctrl_orig] [plan] step=1111 node=N17922 type=observe reward_pred=45767788068864.000000 sequence=1745604105137718.000000
[openabcd__mem_ctrl_orig gpu6] [plan openabcd__mem_ctrl_orig] [plan] step=1112 node=N94376 type=observe reward_pred=47000082972672.000000 sequence=1792604188110390.000000
[openabcd__mem_ctrl_orig gpu6] [plan openabcd__mem_ctrl_orig] [plan] step=1113 node=N55580 type=observe reward_pred=48265550626816.000000 sequence=1840869738737206.000000
[openabcd__mem_ctrl_orig gpu6] [plan openabcd__mem_ctrl_orig] [plan] step=1114 node=N94340 type=observe reward_pred=49565101195264.000000 sequence=1890434839932470.000000
[openabcd__mem_ctrl_orig gpu6] [plan openabcd__mem_ctrl_orig] [plan] step=1115 node=N94360 type=observe reward_pred=50899628064768.000000 sequence=1941334467997238.000000
[openabcd__mem_ctrl_orig gpu6] [plan openabcd__mem_ctrl_orig] [plan] step=1116 node=N94363 type=observe reward_pred=52270087536640.000000 sequence=1993604555533878.000000
[openabcd__mem_ctrl_orig gpu6] [plan openabcd__mem_ctrl_orig] [plan] step=1117 node=N2395 type=observe reward_pred=53677448495104.000000 sequence=2047282004028982.000000
[openabcd__mem_ctrl_orig gpu6] [plan openabcd__mem_ctrl_orig] [plan] step=1118 node=N105415 type=observe reward_pred=55122713378816.000000 sequence=2102404717407798.000000
[openabcd__mem_ctrl_orig gpu6] [plan openabcd__mem_ctrl_orig] [plan] step=1119 node=N17430 type=observe reward_pred=56606880432128.000000 sequence=2159011597839926.000000
[openabcd__mem_ctrl_orig gpu6] [plan openabcd__mem_ctrl_orig] [plan] step=1120 node=N27248 type=observe reward_pred=58131006619648.000000 sequence=2217142604459574.000000
[openabcd__mem_ctrl_orig gpu6] [plan openabcd__mem_ctrl_orig] [plan] step=1121 node=N25195 type=observe reward_pred=59696169877504.000000 sequence=2276838774337078.000000
[openabcd__mem_ctrl_orig gpu6] [plan openabcd__mem_ctrl_orig] [plan] step=1122 node=N27498 type=observe reward_pred=61303490084864.000000 sequence=2338142264421942.000000
[openabcd__mem_ctrl_orig gpu6] [plan openabcd__mem_ctrl_orig] [plan] step=1123 node=N92969 type=observe reward_pred=62954074537984.000000 sequence=2401096338959926.000000
[openabcd__mem_ctrl_orig gpu6] [plan openabcd__mem_ctrl_orig] [plan] step=1124 node=N54176 type=observe reward_pred=64649097641984.000000 sequence=2465745436601910.000000
[openabcd__mem_ctrl_orig gpu6] [plan openabcd__mem_ctrl_orig] [plan] step=1125 node=N2324 type=observe reward_pred=66389767356416.000000 sequence=2532135203958326.000000
[openabcd__mem_ctrl_orig gpu6] [plan openabcd__mem_ctrl_orig] [plan] step=1126 node=N2065 type=observe reward_pred=68177304223744.000000 sequence=2600312508182070.000000
[openabcd__mem_ctrl_orig gpu6] [plan openabcd__mem_ctrl_orig] [plan] step=1127 node=N49316 type=observe reward_pred=70012958146560.000000 sequence=2670325466328630.000000
[openabcd__mem_ctrl_orig gpu6] [plan openabcd__mem_ctrl_orig] [plan] step=1128 node=N2282 type=observe reward_pred=71898046136320.000000 sequence=2742223512464950.000000
[openabcd__mem_ctrl_orig gpu6] [plan openabcd__mem_ctrl_orig] [plan] step=1129 node=N92122 type=observe reward_pred=73833893593088.000000 sequence=2816057406058038.000000
[openabcd__mem_ctrl_orig gpu6] [plan openabcd__mem_ctrl_orig] [plan] step=1130 node=N11539 type=observe reward_pred=75821851082752.000000 sequence=2891879257140790.000000
[openabcd__mem_ctrl_orig gpu6] [plan openabcd__mem_ctrl_orig] [plan] step=1131 node=N2843 type=observe reward_pred=77863344668672.000000 sequence=2969742601809462.000000
[openabcd__mem_ctrl_orig gpu6] [plan openabcd__mem_ctrl_orig] [plan] step=1132 node=N25092 type=observe reward_pred=79959800414208.000000 sequence=3049702402223670.000000
[openabcd__mem_ctrl_orig gpu6] [plan openabcd__mem_ctrl_orig] [plan] step=1133 node=N53909 type=observe reward_pred=82112703102976.000000 sequence=3131815105326646.000000
[openabcd__mem_ctrl_orig gpu6] [plan openabcd__mem_ctrl_orig] [plan] step=1134 node=N54258 type=observe reward_pred=84323571073024.000000 sequence=3216138676399670.000000
[openabcd__mem_ctrl_orig gpu6] [plan openabcd__mem_ctrl_orig] [plan] step=1135 node=N103614 type=observe reward_pred=86593981382656.000000 sequence=3302732657782326.000000
[openabcd__mem_ctrl_orig gpu6] [plan openabcd__mem_ctrl_orig] [plan] step=1136 node=N94320 type=observe reward_pred=88925502701568.000000 sequence=3391658160483894.000000
[openabcd__mem_ctrl_orig gpu6] [plan openabcd__mem_ctrl_orig] [plan] step=1137 node=N94365 type=observe reward_pred=91319795974144.000000 sequence=3482977956458038.000000
[openabcd__mem_ctrl_orig gpu6] [plan openabcd__mem_ctrl_orig] [plan] step=1138 node=N94321 type=observe reward_pred=93778564087808.000000 sequence=3576756520545846.000000
[openabcd__mem_ctrl_orig gpu6] [plan openabcd__mem_ctrl_orig] [plan] step=1139 node=N94341 type=observe reward_pred=96303535095808.000000 sequence=3673060055641654.000000
[openabcd__mem_ctrl_orig gpu6] [plan openabcd__mem_ctrl_orig] [plan] step=1140 node=N94342 type=observe reward_pred=98896495771648.000000 sequence=3771956551413302.000000
[openabcd__mem_ctrl_orig gpu6] [plan openabcd__mem_ctrl_orig] [plan] step=1141 node=N94373 type=observe reward_pred=101559274831872.000000 sequence=3873515826245174.000000
[openabcd__mem_ctrl_orig gpu6] [plan openabcd__mem_ctrl_orig] [plan] step=1142 node=N12560 type=observe reward_pred=104293734547456.000000 sequence=3977809560792630.000000
[openabcd__mem_ctrl_orig gpu6] [plan openabcd__mem_ctrl_orig] [plan] step=1143 node=N2054 type=observe reward_pred=107101812686848.000000 sequence=4084911373479478.000000
[openabcd__mem_ctrl_orig gpu6] [plan openabcd__mem_ctrl_orig] [plan] step=1144 node=N94374 type=observe reward_pred=109985539293184.000000 sequence=4194896912772662.000000
[openabcd__mem_ctrl_orig gpu6] [plan openabcd__mem_ctrl_orig] [plan] step=1145 node=N93082 type=observe reward_pred=112946877300736.000000 sequence=4307843790073398.000000
[openabcd__mem_ctrl_orig gpu6] [plan openabcd__mem_ctrl_orig] [plan] step=1146 node=N14275 type=control1 reward_pred=115987949027328.000000 sequence=4423831739100726.000000
[openabcd__mem_ctrl_orig gpu6] [plan openabcd__mem_ctrl_orig] [plan] step=1147 node=N14260 type=control1 reward_pred=119110910345216.000000 sequence=4542942649445942.000000
[openabcd__mem_ctrl_orig gpu6] [plan openabcd__mem_ctrl_orig] [plan] step=1148 node=N54253 type=observe reward_pred=122317950681088.000000 sequence=4665260600127030.000000
[openabcd__mem_ctrl_orig gpu6] [plan openabcd__mem_ctrl_orig] [plan] step=1149 node=N55722 type=observe reward_pred=125611334959104.000000 sequence=4790871935086134.000000
[openabcd__mem_ctrl_orig gpu6] [plan openabcd__mem_ctrl_orig] [plan] step=1150 node=N20056 type=observe reward_pred=128993403600896.000000 sequence=4919865338687030.000000
[openabcd__mem_ctrl_orig gpu6] [plan openabcd__mem_ctrl_orig] [plan] step=1151 node=N94364 type=observe reward_pred=132466530582528.000000 sequence=5052331869269558.000000
[openabcd__mem_ctrl_orig gpu6] [plan openabcd__mem_ctrl_orig] [plan] step=1152 node=N2304 type=observe reward_pred=136033156988928.000000 sequence=5188365026258486.000000
[openabcd__mem_ctrl_orig gpu6] [plan openabcd__mem_ctrl_orig] [plan] step=1153 node=N94329 type=observe reward_pred=139695832956928.000000 sequence=5328060859215414.000000
[openabcd__mem_ctrl_orig gpu6] [plan openabcd__mem_ctrl_orig] [plan] step=1154 node=N94331 type=observe reward_pred=143457125400576.000000 sequence=5471517984615990.000000
[openabcd__mem_ctrl_orig gpu6] [plan openabcd__mem_ctrl_orig] [plan] step=1155 node=N2139 type=control1 reward_pred=147319676731392.000000 sequence=5618837661347382.000000
[openabcd__mem_ctrl_orig gpu6] [plan openabcd__mem_ctrl_orig] [plan] step=1156 node=N94308 type=observe reward_pred=151286230024192.000000 sequence=5770123891371574.000000
[openabcd__mem_ctrl_orig gpu6] [plan openabcd__mem_ctrl_orig] [plan] step=1157 node=N102659 type=observe reward_pred=155359570296832.000000 sequence=5925483461668406.000000
[openabcd__mem_ctrl_orig gpu6] [plan openabcd__mem_ctrl_orig] [plan] step=1158 node=N3265 type=observe reward_pred=159542600007680.000000 sequence=6085026061676086.000000
[openabcd__mem_ctrl_orig gpu6] [plan openabcd__mem_ctrl_orig] [plan] step=1159 node=N25258 type=observe reward_pred=163838255169536.000000 sequence=6248864316845622.000000
[openabcd__mem_ctrl_orig gpu6] [plan openabcd__mem_ctrl_orig] [plan] step=1160 node=N55711 type=observe reward_pred=168249572458496.000000 sequence=6417113889304118.000000
[openabcd__mem_ctrl_orig gpu6] [plan openabcd__mem_ctrl_orig] [plan] step=1161 node=N94315 type=observe reward_pred=172779672436736.000000 sequence=6589893561740854.000000
[openabcd__mem_ctrl_orig gpu6] [plan openabcd__mem_ctrl_orig] [plan] step=1162 node=N12638 type=observe reward_pred=177431742775296.000000 sequence=6767325304516150.000000
[openabcd__mem_ctrl_orig gpu6] [plan openabcd__mem_ctrl_orig] [plan] step=1163 node=N16243 type=observe reward_pred=182209055031296.000000 sequence=6949534359547446.000000
[openabcd__mem_ctrl_orig gpu6] [plan openabcd__mem_ctrl_orig] [plan] step=1164 node=N2073 type=observe reward_pred=187115014979584.000000 sequence=7136649374527030.000000
[openabcd__mem_ctrl_orig gpu6] [plan openabcd__mem_ctrl_orig] [plan] step=1165 node=N24567 type=observe reward_pred=192153045172224.000000 sequence=7328802419699254.000000
[openabcd__mem_ctrl_orig gpu6] [plan openabcd__mem_ctrl_orig] [plan] step=1166 node=N94368 type=observe reward_pred=197326735933440.000000 sequence=7526129155632694.000000
[openabcd__mem_ctrl_orig gpu6] [plan openabcd__mem_ctrl_orig] [plan] step=1167 node=N94369 type=observe reward_pred=202639711141888.000000 sequence=7728768866774582.000000
[openabcd__mem_ctrl_orig gpu6] [plan openabcd__mem_ctrl_orig] [plan] step=1168 node=N54723 type=observe reward_pred=208095728893952.000000 sequence=7936864595668534.000000
[openabcd__mem_ctrl_orig gpu6] [plan openabcd__mem_ctrl_orig] [plan] step=1169 node=N94379 type=observe reward_pred=213698681503744.000000 sequence=8150563277172278.000000
[openabcd__mem_ctrl_orig gpu6] [plan openabcd__mem_ctrl_orig] [plan] step=1170 node=N92918 type=observe reward_pred=219452461285376.000000 sequence=8370015738457654.000000
[openabcd__mem_ctrl_orig gpu6] [plan openabcd__mem_ctrl_orig] [plan] step=1171 node=N93080 type=observe reward_pred=225361195433984.000000 sequence=8595376933891638.000000
[openabcd__mem_ctrl_orig gpu6] [plan openabcd__mem_ctrl_orig] [plan] step=1172 node=N95202 type=observe reward_pred=231429011144704.000000 sequence=8826805945036342.000000
[openabcd__mem_ctrl_orig gpu6] [plan openabcd__mem_ctrl_orig] [plan] step=1173 node=N94333 type=observe reward_pred=237660203384832.000000 sequence=9064466148421174.000000
[openabcd__mem_ctrl_orig gpu6] [plan openabcd__mem_ctrl_orig] [plan] step=1174 node=N2113 type=control0 reward_pred=244059167784960.000000 sequence=9308525316206134.000000
[openabcd__mem_ctrl_orig gpu6] [plan openabcd__mem_ctrl_orig] [plan] step=1175 node=N54710 type=observe reward_pred=250630400638976.000000 sequence=9559155716845110.000000
[openabcd__mem_ctrl_orig gpu6] [plan openabcd__mem_ctrl_orig] [plan] step=1176 node=N94375 type=observe reward_pred=257378566012928.000000 sequence=9816534282858038.000000
[openabcd__mem_ctrl_orig gpu6] [plan openabcd__mem_ctrl_orig] [plan] step=1177 node=N94377 type=observe reward_pred=264308462190592.000000 sequence=10080842745048630.000000
[openabcd__mem_ctrl_orig gpu6] [plan openabcd__mem_ctrl_orig] [plan] step=1178 node=N16039 type=control1 reward_pred=271424887455744.000000 sequence=10352267632504374.000000
[openabcd__mem_ctrl_orig gpu6] [plan openabcd__mem_ctrl_orig] [plan] step=1179 node=N27230 type=observe reward_pred=278732975636480.000000 sequence=10631000608140854.000000
[openabcd__mem_ctrl_orig gpu6] [plan openabcd__mem_ctrl_orig] [plan] step=1180 node=N27493 type=observe reward_pred=286237827006464.000000 sequence=10917238435147318.000000
[openabcd__mem_ctrl_orig gpu6] [plan openabcd__mem_ctrl_orig] [plan] step=1181 node=N49579 type=observe reward_pred=293944709611520.000000 sequence=11211183144758838.000000
[openabcd__mem_ctrl_orig gpu6] [plan openabcd__mem_ctrl_orig] [plan] step=1182 node=N54169 type=observe reward_pred=301859159932928.000000 sequence=11513042304691766.000000
[openabcd__mem_ctrl_orig gpu6] [plan openabcd__mem_ctrl_orig] [plan] step=1183 node=N93081 type=observe reward_pred=309986647343104.000000 sequence=11823028952034870.000000
[openabcd__mem_ctrl_orig gpu6] [plan openabcd__mem_ctrl_orig] [plan] step=1184 node=N56600 type=observe reward_pred=318333010313216.000000 sequence=12141361962348086.000000
[openabcd__mem_ctrl_orig gpu6] [plan openabcd__mem_ctrl_orig] [plan] step=1185 node=N16189 type=observe reward_pred=326904053760000.000000 sequence=12468266016108086.000000
[openabcd__mem_ctrl_orig gpu6] [plan openabcd__mem_ctrl_orig] [plan] step=1186 node=N49550 type=observe reward_pred=335705918144512.000000 sequence=12803971934252598.000000
[openabcd__mem_ctrl_orig gpu6] [plan openabcd__mem_ctrl_orig] [plan] step=1187 node=N94328 type=observe reward_pred=344744743927808.000000 sequence=13148716678180406.000000
[openabcd__mem_ctrl_orig gpu6] [plan openabcd__mem_ctrl_orig] [plan] step=1188 node=N94378 type=observe reward_pred=354026906451968.000000 sequence=13502743584632374.000000
[openabcd__mem_ctrl_orig gpu6] [plan openabcd__mem_ctrl_orig] [plan] step=1189 node=N20454 type=observe reward_pred=363558982385664.000000 sequence=13866302567018038.000000
[openabcd__mem_ctrl_orig gpu6] [plan openabcd__mem_ctrl_orig] [plan] step=1190 node=N49269 type=observe reward_pred=373347816833024.000000 sequence=14239650383851062.000000
[openabcd__mem_ctrl_orig gpu6] [plan openabcd__mem_ctrl_orig] [plan] step=1191 node=N49985 type=observe reward_pred=383400087126016.000000 sequence=14623050470977078.000000
[openabcd__mem_ctrl_orig gpu6] [plan openabcd__mem_ctrl_orig] [plan] step=1192 node=N91934 type=observe reward_pred=393723074576384.000000 sequence=15016773545553462.000000
[openabcd__mem_ctrl_orig gpu6] [plan openabcd__mem_ctrl_orig] [plan] step=1193 node=N55205 type=observe reward_pred=404323993387008.000000 sequence=15421097538940470.000000
[openabcd__mem_ctrl_orig gpu6] [plan openabcd__mem_ctrl_orig] [plan] step=1194 node=N55749 type=observe reward_pred=415210292641792.000000 sequence=15836307831582262.000000
[openabcd__mem_ctrl_orig gpu6] [plan openabcd__mem_ctrl_orig] [plan] step=1195 node=N56165 type=observe reward_pred=426389824077824.000000 sequence=16262697655660086.000000
[openabcd__mem_ctrl_orig gpu6] [plan openabcd__mem_ctrl_orig] [plan] step=1196 node=N27806 type=observe reward_pred=437870305214464.000000 sequence=16700567960874550.000000
[openabcd__mem_ctrl_orig gpu6] [plan openabcd__mem_ctrl_orig] [plan] step=1197 node=N94366 type=observe reward_pred=449659856224256.000000 sequence=17150227817098806.000000
[openabcd__mem_ctrl_orig gpu6] [plan openabcd__mem_ctrl_orig] [plan] step=1198 node=N19855 type=observe reward_pred=461766999932928.000000 sequence=17611994817031734.000000
[openabcd__mem_ctrl_orig gpu6] [plan openabcd__mem_ctrl_orig] [plan] step=1199 node=N25101 type=observe reward_pred=474199957176320.000000 sequence=18086194774208056.000000
[openabcd__mem_ctrl_orig gpu6] [plan openabcd__mem_ctrl_orig] [plan] step=1200 node=N56086 type=observe reward_pred=486967619878912.000000 sequence=18573162394086968.000000
[openabcd__mem_ctrl_orig gpu6] [plan openabcd__mem_ctrl_orig] [plan] step=1201 node=N56095 type=observe reward_pred=500079181955072.000000 sequence=19073241576042040.000000
[openabcd__mem_ctrl_orig gpu6] [plan openabcd__mem_ctrl_orig] [plan] step=1202 node=N2421 type=observe reward_pred=513543770210304.000000 sequence=19586785346252344.000000
[openabcd__mem_ctrl_orig gpu6] [plan openabcd__mem_ctrl_orig] [plan] step=1203 node=N12343 type=observe reward_pred=527370813440000.000000 sequence=20114156159692344.000000
[openabcd__mem_ctrl_orig gpu6] [plan openabcd__mem_ctrl_orig] [plan] step=1204 node=N16150 type=observe reward_pred=541570210201600.000000 sequence=20655726369893944.000000
[openabcd__mem_ctrl_orig gpu6] [plan openabcd__mem_ctrl_orig] [plan] step=1205 node=N94359 type=observe reward_pred=556151859052544.000000 sequence=21211878228946488.000000
[openabcd__mem_ctrl_orig gpu6] [plan openabcd__mem_ctrl_orig] [plan] step=1206 node=N2790 type=control1 reward_pred=571126094757888.000000 sequence=21783004323704376.000000
[openabcd__mem_ctrl_orig gpu6] [plan openabcd__mem_ctrl_orig] [plan] step=1207 node=N94316 type=observe reward_pred=586503554072576.000000 sequence=22369507877776952.000000
[openabcd__mem_ctrl_orig gpu6] [plan openabcd__mem_ctrl_orig] [plan] step=1208 node=N8539 type=observe reward_pred=602295075078144.000000 sequence=22971802952855096.000000
[openabcd__mem_ctrl_orig gpu6] [plan openabcd__mem_ctrl_orig] [plan] step=1209 node=N67826 type=observe reward_pred=618511797846016.000000 sequence=23590314750701112.000000
[openabcd__mem_ctrl_orig gpu6] [plan openabcd__mem_ctrl_orig] [plan] step=1210 node=N12348 type=observe reward_pred=635165063774208.000000 sequence=24225479814475320.000000
[openabcd__mem_ctrl_orig gpu6] [plan openabcd__mem_ctrl_orig] [plan] step=1211 node=N24963 type=observe reward_pred=652266818240512.000000 sequence=24877746632715832.000000
[openabcd__mem_ctrl_orig gpu6] [plan openabcd__mem_ctrl_orig] [plan] step=1212 node=N19295 type=observe reward_pred=669829073731584.000000 sequence=25547575706447416.000000
[openabcd__mem_ctrl_orig gpu6] [plan openabcd__mem_ctrl_orig] [plan] step=1213 node=N103140 type=observe reward_pred=687864044060672.000000 sequence=26235439750508088.000000
[openabcd__mem_ctrl_orig gpu6] [plan openabcd__mem_ctrl_orig] [plan] step=1214 node=N2085 type=observe reward_pred=706384681238528.000000 sequence=26941824431746616.000000
[openabcd__mem_ctrl_orig gpu6] [plan openabcd__mem_ctrl_orig] [plan] step=1215 node=N53917 type=observe reward_pred=725404004384768.000000 sequence=27667228436131384.000000
[openabcd__mem_ctrl_orig gpu6] [plan openabcd__mem_ctrl_orig] [plan] step=1216 node=N2345 type=observe reward_pred=744935502381056.000000 sequence=28412163938512440.000000
[openabcd__mem_ctrl_orig gpu6] [plan openabcd__mem_ctrl_orig] [plan] step=1217 node=N50995 type=observe reward_pred=764992664109056.000000 sequence=29177156602621496.000000
[openabcd__mem_ctrl_orig gpu6] [plan openabcd__mem_ctrl_orig] [plan] step=1218 node=N54872 type=observe reward_pred=785589917974528.000000 sequence=29962746520596024.000000
[openabcd__mem_ctrl_orig gpu6] [plan openabcd__mem_ctrl_orig] [plan] step=1219 node=N18424 type=observe reward_pred=806741759492096.000000 sequence=30769488280088120.000000
[openabcd__mem_ctrl_orig gpu6] [plan openabcd__mem_ctrl_orig] [plan] step=1220 node=N25297 type=observe reward_pred=828463086829568.000000 sequence=31597951366917688.000000
[openabcd__mem_ctrl_orig gpu6] [plan openabcd__mem_ctrl_orig] [plan] step=1221 node=N49994 type=observe reward_pred=850769335025664.000000 sequence=32448720701943352.000000
[openabcd__mem_ctrl_orig gpu6] [plan openabcd__mem_ctrl_orig] [plan] step=1222 node=N53929 type=observe reward_pred=873676207554560.000000 sequence=33322396909497912.000000
[openabcd__mem_ctrl_orig gpu6] [plan openabcd__mem_ctrl_orig] [plan] step=1223 node=N12366 type=observe reward_pred=897199743434752.000000 sequence=34219596652932664.000000
[openabcd__mem_ctrl_orig gpu6] [plan openabcd__mem_ctrl_orig] [plan] step=1224 node=N24162 type=observe reward_pred=921356652773376.000000 sequence=35140953305706040.000000
[openabcd__mem_ctrl_orig gpu6] [plan openabcd__mem_ctrl_orig] [plan] step=1225 node=N55196 type=observe reward_pred=946164115439616.000000 sequence=36087117421145656.000000
[openabcd__mem_ctrl_orig gpu6] [plan openabcd__mem_ctrl_orig] [plan] step=1226 node=N94317 type=observe reward_pred=971639445520384.000000 sequence=37058756866666040.000000
[openabcd__mem_ctrl_orig gpu6] [plan openabcd__mem_ctrl_orig] [plan] step=1227 node=N24606 type=observe reward_pred=997800628191232.000000 sequence=38056557494857272.000000
[openabcd__mem_ctrl_orig gpu6] [plan openabcd__mem_ctrl_orig] [plan] step=1228 node=N2196 type=observe reward_pred=1024666319716352.000000 sequence=39081223814573624.000000
[openabcd__mem_ctrl_orig gpu6] [plan openabcd__mem_ctrl_orig] [plan] step=1229 node=N12661 type=observe reward_pred=1052255176359936.000000 sequence=40133478990933560.000000
[openabcd__mem_ctrl_orig gpu6] [plan openabcd__mem_ctrl_orig] [plan] step=1230 node=N104284 type=observe reward_pred=1080587062345728.000000 sequence=41214066053279288.000000
[openabcd__mem_ctrl_orig gpu6] [plan openabcd__mem_ctrl_orig] [plan] step=1231 node=N94310 type=observe reward_pred=1109681707679744.000000 sequence=42323747760959032.000000
[openabcd__mem_ctrl_orig gpu6] [plan openabcd__mem_ctrl_orig] [plan] step=1232 node=N25190 type=observe reward_pred=1139559647674368.000000 sequence=43463307408633400.000000
[openabcd__mem_ctrl_orig gpu6] [plan openabcd__mem_ctrl_orig] [plan] step=1233 node=N94318 type=observe reward_pred=1170242088730624.000000 sequence=44633549497364024.000000
[openabcd__mem_ctrl_orig gpu6] [plan openabcd__mem_ctrl_orig] [plan] step=1234 node=N13397 type=observe reward_pred=1201750639902720.000000 sequence=45835300137266744.000000
[openabcd__mem_ctrl_orig gpu6] [plan openabcd__mem_ctrl_orig] [plan] step=1235 node=N56156 type=observe reward_pred=1234107447115776.000000 sequence=47069407584382520.000000
[openabcd__mem_ctrl_orig gpu6] [plan openabcd__mem_ctrl_orig] [plan] step=1236 node=N24058 type=observe reward_pred=1267335730036736.000000 sequence=48336743314419256.000000
[openabcd__mem_ctrl_orig gpu6] [plan openabcd__mem_ctrl_orig] [plan] step=1237 node=N54877 type=observe reward_pred=1301458574114816.000000 sequence=49638201888534072.000000
[openabcd__mem_ctrl_orig gpu6] [plan openabcd__mem_ctrl_orig] [plan] step=1238 node=N17450 type=observe reward_pred=1336499870105600.000000 sequence=50974701758639672.000000
[openabcd__mem_ctrl_orig gpu6] [plan openabcd__mem_ctrl_orig] [plan] step=1239 node=N94322 type=observe reward_pred=1372484985159680.000000 sequence=52347186743799352.000000
[openabcd__mem_ctrl_orig gpu6] [plan openabcd__mem_ctrl_orig] [plan] step=1240 node=N94334 type=observe reward_pred=1409438883774464.000000 sequence=53756625627573816.000000
[openabcd__mem_ctrl_orig gpu6] [plan openabcd__mem_ctrl_orig] [plan] step=1241 node=N3331 type=observe reward_pred=1447387872624640.000000 sequence=55204013500198456.000000
[openabcd__mem_ctrl_orig gpu6] [plan openabcd__mem_ctrl_orig] [plan] step=1242 node=N91965 type=observe reward_pred=1486358392602624.000000 sequence=56690371892801080.000000
[openabcd__mem_ctrl_orig gpu6] [plan openabcd__mem_ctrl_orig] [plan] step=1243 node=N12572 type=observe reward_pred=1526378495213568.000000 sequence=58216750388014648.000000
[openabcd__mem_ctrl_orig gpu6] [plan openabcd__mem_ctrl_orig] [plan] step=1244 node=N14147 type=observe reward_pred=1567475963527168.000000 sequence=59784226351541816.000000
[openabcd__mem_ctrl_orig gpu6] [plan openabcd__mem_ctrl_orig] [plan] step=1245 node=N3357 type=observe reward_pred=1609679922790400.000000 sequence=61393906274332216.000000
[openabcd__mem_ctrl_orig gpu6] [plan openabcd__mem_ctrl_orig] [plan] step=1246 node=N15634 type=observe reward_pred=1653020437774336.000000 sequence=63046926712106552.000000
[openabcd__mem_ctrl_orig gpu6] [plan openabcd__mem_ctrl_orig] [plan] step=1247 node=N27820 type=observe reward_pred=1697527841685504.000000 sequence=64744454553792056.000000
[openabcd__mem_ctrl_orig gpu6] [plan openabcd__mem_ctrl_orig] [plan] step=1248 node=N12666 type=observe reward_pred=1743233407254528.000000 sequence=66487687961046584.000000
[openabcd__mem_ctrl_orig gpu6] [plan openabcd__mem_ctrl_orig] [plan] step=1249 node=N91930 type=observe reward_pred=1790169615171584.000000 sequence=68277857576218168.000000
[openabcd__mem_ctrl_orig gpu6] [plan openabcd__mem_ctrl_orig] [plan] step=1250 node=N93729 type=observe reward_pred=1838369751433216.000000 sequence=70116227327651384.000000
[openabcd__mem_ctrl_orig gpu6] [plan openabcd__mem_ctrl_orig] [plan] step=1251 node=N19438 type=observe reward_pred=1887867504689152.000000 sequence=72004094832340536.000000
[openabcd__mem_ctrl_orig gpu6] [plan openabcd__mem_ctrl_orig] [plan] step=1252 node=N19513 type=observe reward_pred=1938697905766400.000000 sequence=73942792738106944.000000
[openabcd__mem_ctrl_orig gpu6] [plan openabcd__mem_ctrl_orig] [plan] step=1253 node=N17900 type=observe reward_pred=1990897059233792.000000 sequence=75933689797340736.000000
[openabcd__mem_ctrl_orig gpu6] [plan openabcd__mem_ctrl_orig] [plan] step=1254 node=N21881 type=observe reward_pred=2044501874966528.000000 sequence=77978191672307264.000000
[openabcd__mem_ctrl_orig gpu6] [plan openabcd__mem_ctrl_orig] [plan] step=1255 node=N91940 type=observe reward_pred=2099549531275264.000000 sequence=80077741203582528.000000
[openabcd__mem_ctrl_orig gpu6] [plan openabcd__mem_ctrl_orig] [plan] step=1256 node=N2069 type=observe reward_pred=2156079488172032.000000 sequence=82233820691754560.000000
[openabcd__mem_ctrl_orig gpu6] [plan openabcd__mem_ctrl_orig] [plan] step=1257 node=N2317 type=observe reward_pred=2214131742539776.000000 sequence=84447952434294336.000000
[openabcd__mem_ctrl_orig gpu6] [plan openabcd__mem_ctrl_orig] [plan] step=1258 node=N93100 type=observe reward_pred=2273746828132352.000000 sequence=86721699262426688.000000
[openabcd__mem_ctrl_orig gpu6] [plan openabcd__mem_ctrl_orig] [plan] step=1259 node=N19766 type=observe reward_pred=2334967023534080.000000 sequence=89056666285960768.000000
[openabcd__mem_ctrl_orig gpu6] [plan openabcd__mem_ctrl_orig] [plan] step=1260 node=N24072 type=observe reward_pred=2397835681071104.000000 sequence=91454501967031872.000000
[openabcd__mem_ctrl_orig gpu6] [plan openabcd__mem_ctrl_orig] [plan] step=1261 node=N102663 type=observe reward_pred=2462396824158208.000000 sequence=93916898791190080.000000
[openabcd__mem_ctrl_orig gpu6] [plan openabcd__mem_ctrl_orig] [plan] step=1262 node=N2054 type=control1 reward_pred=2528696623693824.000000 sequence=96445595414883904.000000
[openabcd__mem_ctrl_orig gpu6] [plan openabcd__mem_ctrl_orig] [plan] step=1263 node=N15730 type=observe reward_pred=2596780982140928.000000 sequence=99042376397024832.000000
[openabcd__mem_ctrl_orig gpu6] [plan openabcd__mem_ctrl_orig] [plan] step=1264 node=N102998 type=observe reward_pred=2666699291623424.000000 sequence=101709075688648256.000000
[openabcd__mem_ctrl_orig gpu6] [plan openabcd__mem_ctrl_orig] [plan] step=1265 node=N12364 type=observe reward_pred=2738499602087936.000000 sequence=104447575290736192.000000
[openabcd__mem_ctrl_orig gpu6] [plan openabcd__mem_ctrl_orig] [plan] step=1266 node=N15692 type=observe reward_pred=2812233184706560.000000 sequence=107259808475442752.000000
[openabcd__mem_ctrl_orig gpu6] [plan openabcd__mem_ctrl_orig] [plan] step=1267 node=N16238 type=observe reward_pred=2887951847522304.000000 sequence=110147760322965056.000000
[openabcd__mem_ctrl_orig gpu6] [plan openabcd__mem_ctrl_orig] [plan] step=1268 node=N12667 type=observe reward_pred=2965709277626368.000000 sequence=113113469600591424.000000
[openabcd__mem_ctrl_orig gpu6] [plan openabcd__mem_ctrl_orig] [plan] step=1269 node=N15600 type=observe reward_pred=3045560504287232.000000 sequence=116159030104878656.000000
[openabcd__mem_ctrl_orig gpu6] [plan openabcd__mem_ctrl_orig] [plan] step=1270 node=N92137 type=observe reward_pred=3127561630515200.000000 sequence=119286591735393856.000000
[openabcd__mem_ctrl_orig gpu6] [plan openabcd__mem_ctrl_orig] [plan] step=1271 node=N13382 type=observe reward_pred=3211770638368768.000000 sequence=122498362373762624.000000
[openabcd__mem_ctrl_orig gpu6] [plan openabcd__mem_ctrl_orig] [plan] step=1272 node=N23550 type=observe reward_pred=3298247388954624.000000 sequence=125796609762717248.000000
[openabcd__mem_ctrl_orig gpu6] [plan openabcd__mem_ctrl_orig] [plan] step=1273 node=N14402 type=observe reward_pred=3387051743379456.000000 sequence=129183661506096704.000000
[openabcd__mem_ctrl_orig gpu6] [plan openabcd__mem_ctrl_orig] saved=autoresearch/eval8-rest7-hybrid-recall-k96-realfault-Bonly-300k-260702-233920/openabcd__mem_ctrl_orig/B_world_rerank/plans/openabcd__mem_ctrl_orig__greedy__cumulative__reward_pred__bw1__d1__c96__g1p0__candheuristic_recall_pool__div0p0__s0.csv
[openabcd__mem_ctrl_orig gpu6] [gmean] 2026-07-03T01:52:04 [1/1] plan_done benchmark=openabcd__mem_ctrl_orig plan_sec=7962.866 plan_csv=autoresearch/eval8-rest7-hybrid-recall-k96-realfault-Bonly-300k-260702-233920/openabcd__mem_ctrl_orig/B_world_rerank/plans/openabcd__mem_ctrl_orig__greedy__cumulative__reward_pred__bw1__d1__c96__g1p0__candheuristic_recall_pool__div0p0__s0.csv
[openabcd__mem_ctrl_orig gpu6] [gmean] 2026-07-03T01:52:04 [1/1] eval_start benchmark=openabcd__mem_ctrl_orig backend=atalanta-bist patterns=300000
[openabcd__mem_ctrl_orig gpu6] [eval openabcd__mem_ctrl_orig] {
[openabcd__mem_ctrl_orig gpu6] [eval openabcd__mem_ctrl_orig]   "records": 2,
[openabcd__mem_ctrl_orig gpu6] [eval openabcd__mem_ctrl_orig]   "labels_csv": "autoresearch/eval8-rest7-hybrid-recall-k96-realfault-Bonly-300k-260702-233920/openabcd__mem_ctrl_orig/B_world_rerank/evals/openabcd__mem_ctrl_orig__greedy__cumulative__reward_pred__bw1__d1__c96__g1p0__candheuristic_recall_pool__div0p0__s0/labels.csv",
[openabcd__mem_ctrl_orig gpu6] [eval openabcd__mem_ctrl_orig]   "summary_json": "autoresearch/eval8-rest7-hybrid-recall-k96-realfault-Bonly-300k-260702-233920/openabcd__mem_ctrl_orig/B_world_rerank/evals/openabcd__mem_ctrl_orig__greedy__cumulative__reward_pred__bw1__d1__c96__g1p0__candheuristic_recall_pool__div0p0__s0/summary.json"
[openabcd__mem_ctrl_orig gpu6] [eval openabcd__mem_ctrl_orig] }
[openabcd__mem_ctrl_orig gpu6] [gmean] 2026-07-03T01:56:36 [1/1] eval_done benchmark=openabcd__mem_ctrl_orig delta_tc=0.03615999999999997 plan_sec=7962.866 eval_sec=272.481 total_sec=8235.39
[openabcd__mem_ctrl_orig gpu6] [gmean] 2026-07-03T01:56:36 variant_done id=greedy__cumulative__reward_pred__bw1__d1__c96__g1p0__candheuristic_recall_pool__div0p0__s0 status=ok macro=0.03615999999999997 positives=1 negatives=0 elapsed=8235.391
[launcher] done benchmark=openabcd__mem_ctrl_orig status=0 log=autoresearch/eval8-rest7-hybrid-recall-k96-realfault-Bonly-300k-260702-233920/logs/openabcd__mem_ctrl_orig.log
{
  "B_world_rerank": {
    "completed": 7,
    "elapsed_sec_sum": 25582.034,
    "eval_elapsed_sec": 389.69,
    "macro_mean_delta_tc": 0.053595714285714253,
    "min_delta_tc": 0.012599999999999945,
    "negative_count": 0,
    "plan_elapsed_sec": 25192.214,
    "positive_count": 7
  }
}
[merge] wrote autoresearch/eval8-rest7-hybrid-recall-k96-realfault-Bonly-300k-260702-233920/merged_results.tsv
[merge] wrote autoresearch/eval8-rest7-hybrid-recall-k96-realfault-Bonly-300k-260702-233920/ablation_delta_wide.tsv
[merge] wrote autoresearch/eval8-rest7-hybrid-recall-k96-realfault-Bonly-300k-260702-233920/analysis_table.md
