[launcher] benchmarks=iscas99__b21 gpus=0 out=autoresearch/eval8-b21-hardcluster-cached-k48-norealfault-300k-260702-203113
[launcher] start benchmark=iscas99__b21 budget=628 gpu=0 out=autoresearch/eval8-b21-hardcluster-cached-k48-norealfault-300k-260702-203113/iscas99__b21
[iscas99__b21 gpu0] [method] A_heuristic_only benchmark=iscas99__b21 budget=628
[iscas99__b21 gpu0] saved=autoresearch/eval8-b21-hardcluster-cached-k48-norealfault-300k-260702-203113/iscas99__b21/A_heuristic_only/plans/iscas99__b21.csv
[iscas99__b21 gpu0] [candidate_baseline] step=1 node=N15815 type=control1
[iscas99__b21 gpu0] [candidate_baseline] step=2 node=N8906 type=control0
[iscas99__b21 gpu0] [candidate_baseline] step=3 node=N22100 type=observe
[iscas99__b21 gpu0] [candidate_baseline] step=4 node=N21194 type=control1
[iscas99__b21 gpu0] [candidate_baseline] step=5 node=N4972 type=control0
[iscas99__b21 gpu0] [candidate_baseline] step=6 node=N11324 type=observe
[iscas99__b21 gpu0] [candidate_baseline] step=7 node=N1756 type=control1
[iscas99__b21 gpu0] [candidate_baseline] step=8 node=N15750 type=control0
[iscas99__b21 gpu0] [candidate_baseline] step=9 node=N59957 type=observe
[iscas99__b21 gpu0] [candidate_baseline] step=10 node=N23253 type=control1
[iscas99__b21 gpu0] [candidate_baseline] step=11 node=N8907 type=control0
[iscas99__b21 gpu0] [candidate_baseline] step=12 node=N57997 type=observe
[iscas99__b21 gpu0] [candidate_baseline] step=13 node=N23249 type=control1
[iscas99__b21 gpu0] [candidate_baseline] step=14 node=N14911 type=control0
[iscas99__b21 gpu0] [candidate_baseline] step=15 node=N15011 type=observe
[iscas99__b21 gpu0] [candidate_baseline] step=16 node=N31760 type=control1
[iscas99__b21 gpu0] [candidate_baseline] step=17 node=N11267 type=control0
[iscas99__b21 gpu0] [candidate_baseline] step=18 node=N22977 type=observe
[iscas99__b21 gpu0] [candidate_baseline] step=19 node=N31739 type=control1
[iscas99__b21 gpu0] [candidate_baseline] step=20 node=N12713 type=control0
[iscas99__b21 gpu0] [candidate_baseline] step=21 node=N15012 type=observe
[iscas99__b21 gpu0] [candidate_baseline] step=22 node=N31612 type=control1
[iscas99__b21 gpu0] [candidate_baseline] step=23 node=N11498 type=control0
[iscas99__b21 gpu0] [candidate_baseline] step=24 node=N18332 type=observe
[iscas99__b21 gpu0] [candidate_baseline] step=25 node=N31633 type=control1
[iscas99__b21 gpu0] [candidate_baseline] step=26 node=N14668 type=control0
[iscas99__b21 gpu0] [candidate_baseline] step=27 node=N15973 type=observe
[iscas99__b21 gpu0] [candidate_baseline] step=28 node=N32555 type=control1
[iscas99__b21 gpu0] [candidate_baseline] step=29 node=N11297 type=control0
[iscas99__b21 gpu0] [candidate_baseline] step=30 node=N6591 type=observe
[iscas99__b21 gpu0] [candidate_baseline] step=31 node=N31558 type=control1
[iscas99__b21 gpu0] [candidate_baseline] step=32 node=N11205 type=control0
[iscas99__b21 gpu0] [candidate_baseline] step=33 node=N12881 type=observe
[iscas99__b21 gpu0] [candidate_baseline] step=34 node=N31543 type=control1
[iscas99__b21 gpu0] [candidate_baseline] step=35 node=N11212 type=control0
[iscas99__b21 gpu0] [candidate_baseline] step=36 node=N28639 type=observe
[iscas99__b21 gpu0] [candidate_baseline] step=37 node=N31488 type=control1
[iscas99__b21 gpu0] [candidate_baseline] step=38 node=N11251 type=control0
[iscas99__b21 gpu0] [candidate_baseline] step=39 node=N17823 type=observe
[iscas99__b21 gpu0] [candidate_baseline] step=40 node=N22855 type=control1
[iscas99__b21 gpu0] [candidate_baseline] step=41 node=N18202 type=control0
[iscas99__b21 gpu0] [candidate_baseline] step=42 node=N17322 type=observe
[iscas99__b21 gpu0] [candidate_baseline] step=43 node=N11114 type=control1
[iscas99__b21 gpu0] [candidate_baseline] step=44 node=N17680 type=control0
[iscas99__b21 gpu0] [candidate_baseline] step=45 node=N9310 type=observe
[iscas99__b21 gpu0] [candidate_baseline] step=46 node=N18180 type=control1
[iscas99__b21 gpu0] [candidate_baseline] step=47 node=N17179 type=control0
[iscas99__b21 gpu0] [candidate_baseline] step=48 node=N6551 type=observe
[iscas99__b21 gpu0] [candidate_baseline] step=49 node=N18174 type=control1
[iscas99__b21 gpu0] [candidate_baseline] step=50 node=N18780 type=control0
[iscas99__b21 gpu0] [candidate_baseline] step=51 node=N13193 type=observe
[iscas99__b21 gpu0] [candidate_baseline] step=52 node=N15816 type=control1
[iscas99__b21 gpu0] [candidate_baseline] step=53 node=N16678 type=control0
[iscas99__b21 gpu0] [candidate_baseline] step=54 node=N18923 type=observe
[iscas99__b21 gpu0] [candidate_baseline] step=55 node=N8969 type=control1
[iscas99__b21 gpu0] [candidate_baseline] step=56 node=N9165 type=control0
[iscas99__b21 gpu0] [candidate_baseline] step=57 node=N13691 type=observe
[iscas99__b21 gpu0] [candidate_baseline] step=58 node=N21207 type=control1
[iscas99__b21 gpu0] [candidate_baseline] step=59 node=N13048 type=control0
[iscas99__b21 gpu0] [candidate_baseline] step=60 node=N14910 type=observe
[iscas99__b21 gpu0] [candidate_baseline] step=61 node=N16680 type=control1
[iscas99__b21 gpu0] [candidate_baseline] step=62 node=N13546 type=control0
[iscas99__b21 gpu0] [candidate_baseline] step=63 node=N18340 type=observe
[iscas99__b21 gpu0] [candidate_baseline] step=64 node=N14046 type=control1
[iscas99__b21 gpu0] [candidate_baseline] step=65 node=N14044 type=control0
[iscas99__b21 gpu0] [candidate_baseline] step=66 node=N992 type=observe
[iscas99__b21 gpu0] [candidate_baseline] step=67 node=N861 type=control1
[iscas99__b21 gpu0] [candidate_baseline] step=68 node=N17181 type=control0
[iscas99__b21 gpu0] [candidate_baseline] step=69 node=N17829 type=observe
[iscas99__b21 gpu0] [candidate_baseline] step=70 node=N28308 type=control1
[iscas99__b21 gpu0] [candidate_baseline] step=71 node=N17682 type=control0
[iscas99__b21 gpu0] [candidate_baseline] step=72 node=N17328 type=observe
[iscas99__b21 gpu0] [candidate_baseline] step=73 node=N15817 type=control1
[iscas99__b21 gpu0] [candidate_baseline] step=74 node=N18782 type=control0
[iscas99__b21 gpu0] [candidate_baseline] step=75 node=N16821 type=observe
[iscas99__b21 gpu0] [candidate_baseline] step=76 node=N25494 type=control1
[iscas99__b21 gpu0] [candidate_baseline] step=77 node=N9167 type=control0
[iscas99__b21 gpu0] [candidate_baseline] step=78 node=N12711 type=observe
[iscas99__b21 gpu0] [candidate_baseline] step=79 node=N25454 type=control1
[iscas99__b21 gpu0] [candidate_baseline] step=80 node=N13050 type=control0
[iscas99__b21 gpu0] [candidate_baseline] step=81 node=N1010 type=observe
[iscas99__b21 gpu0] [candidate_baseline] step=82 node=N25334 type=control1
[iscas99__b21 gpu0] [candidate_baseline] step=83 node=N13548 type=control0
[iscas99__b21 gpu0] [candidate_baseline] step=84 node=N996 type=observe
[iscas99__b21 gpu0] [candidate_baseline] step=85 node=N8968 type=control1
[iscas99__b21 gpu0] [candidate_baseline] step=86 node=N11271 type=control0
[iscas99__b21 gpu0] [candidate_baseline] step=87 node=N1005 type=observe
[iscas99__b21 gpu0] [candidate_baseline] step=88 node=N25294 type=control1
[iscas99__b21 gpu0] [candidate_baseline] step=89 node=N16012 type=control0
[iscas99__b21 gpu0] [candidate_baseline] step=90 node=N1004 type=observe
[iscas99__b21 gpu0] [candidate_baseline] step=91 node=N25462 type=control1
[iscas99__b21 gpu0] [candidate_baseline] step=92 node=N11544 type=control0
[iscas99__b21 gpu0] [candidate_baseline] step=93 node=N1011 type=observe
[iscas99__b21 gpu0] [candidate_baseline] step=94 node=N25326 type=control1
[iscas99__b21 gpu0] [candidate_baseline] step=95 node=N14654 type=control0
[iscas99__b21 gpu0] [candidate_baseline] step=96 node=N1001 type=observe
[iscas99__b21 gpu0] [candidate_baseline] step=97 node=N25422 type=control1
[iscas99__b21 gpu0] [candidate_baseline] step=98 node=N12664 type=control0
[iscas99__b21 gpu0] [candidate_baseline] step=99 node=N1000 type=observe
[iscas99__b21 gpu0] [candidate_baseline] step=100 node=N25406 type=control1
[iscas99__b21 gpu0] [candidate_baseline] step=101 node=N11256 type=control0
[iscas99__b21 gpu0] [candidate_baseline] step=102 node=N1008 type=observe
[iscas99__b21 gpu0] [candidate_baseline] step=103 node=N25302 type=control1
[iscas99__b21 gpu0] [candidate_baseline] step=104 node=N15754 type=control0
[iscas99__b21 gpu0] [candidate_baseline] step=105 node=N1003 type=observe
[iscas99__b21 gpu0] [candidate_baseline] step=106 node=N25310 type=control1
[iscas99__b21 gpu0] [candidate_baseline] step=107 node=N11116 type=control0
[iscas99__b21 gpu0] [candidate_baseline] step=108 node=N1009 type=observe
[iscas99__b21 gpu0] [candidate_baseline] step=109 node=N25446 type=control1
[iscas99__b21 gpu0] [candidate_baseline] step=110 node=N11152 type=control0
[iscas99__b21 gpu0] [candidate_baseline] step=111 node=N1013 type=observe
[iscas99__b21 gpu0] [candidate_baseline] step=112 node=N25282 type=control1
[iscas99__b21 gpu0] [candidate_baseline] step=113 node=N11120 type=control0
[iscas99__b21 gpu0] [candidate_baseline] step=114 node=N1014 type=observe
[iscas99__b21 gpu0] [candidate_baseline] step=115 node=N25478 type=control1
[iscas99__b21 gpu0] [candidate_baseline] step=116 node=N8908 type=control0
[iscas99__b21 gpu0] [candidate_baseline] step=117 node=N991 type=observe
[iscas99__b21 gpu0] [candidate_baseline] step=118 node=N22092 type=control1
[iscas99__b21 gpu0] [candidate_baseline] step=119 node=N15755 type=control0
[iscas99__b21 gpu0] [candidate_baseline] step=120 node=N18929 type=observe
[iscas99__b21 gpu0] [candidate_baseline] step=121 node=N8903 type=control0
[iscas99__b21 gpu0] [candidate_baseline] step=122 node=N25366 type=control1
[iscas99__b21 gpu0] [candidate_baseline] step=123 node=N13199 type=observe
[iscas99__b21 gpu0] [candidate_baseline] step=124 node=N11319 type=control0
[iscas99__b21 gpu0] [candidate_baseline] step=125 node=N25398 type=control1
[iscas99__b21 gpu0] [candidate_baseline] step=126 node=N997 type=observe
[iscas99__b21 gpu0] [candidate_baseline] step=127 node=N22958 type=control0
[iscas99__b21 gpu0] [candidate_baseline] step=128 node=N21201 type=control1
[iscas99__b21 gpu0] [candidate_baseline] step=129 node=N1015 type=observe
[iscas99__b21 gpu0] [candidate_baseline] step=130 node=N15076 type=control0
[iscas99__b21 gpu0] [candidate_baseline] step=131 node=N25374 type=control1
[iscas99__b21 gpu0] [candidate_baseline] step=132 node=N14189 type=observe
[iscas99__b21 gpu0] [candidate_baseline] step=133 node=N15050 type=control0
[iscas99__b21 gpu0] [candidate_baseline] step=134 node=N25350 type=control1
[iscas99__b21 gpu0] [candidate_baseline] step=135 node=N13697 type=observe
[iscas99__b21 gpu0] [candidate_baseline] step=136 node=N11230 type=control0
[iscas99__b21 gpu0] [candidate_baseline] step=137 node=N22088 type=control1
[iscas99__b21 gpu0] [candidate_baseline] step=138 node=N995 type=observe
[iscas99__b21 gpu0] [candidate_baseline] step=139 node=N59850 type=control0
[iscas99__b21 gpu0] [candidate_baseline] step=140 node=N15871 type=control1
[iscas99__b21 gpu0] [candidate_baseline] step=141 node=N11090 type=observe
[iscas99__b21 gpu0] [candidate_baseline] step=142 node=N4121 type=control0
[iscas99__b21 gpu0] [candidate_baseline] step=143 node=N31712 type=control1
[iscas99__b21 gpu0] [candidate_baseline] step=144 node=N16827 type=observe
[iscas99__b21 gpu0] [candidate_baseline] step=145 node=N866 type=control0
[iscas99__b21 gpu0] [candidate_baseline] step=146 node=N31506 type=control1
[iscas99__b21 gpu0] [candidate_baseline] step=147 node=N19296 type=observe
[iscas99__b21 gpu0] [candidate_baseline] step=148 node=N12844 type=control0
[iscas99__b21 gpu0] [candidate_baseline] step=149 node=N31464 type=control1
[iscas99__b21 gpu0] [candidate_baseline] step=150 node=N19768 type=observe
[iscas99__b21 gpu0] [candidate_baseline] step=151 node=N4116 type=control0
[iscas99__b21 gpu0] [candidate_baseline] step=152 node=N31454 type=control1
[iscas99__b21 gpu0] [candidate_baseline] step=153 node=N20240 type=observe
[iscas99__b21 gpu0] [candidate_baseline] step=154 node=N8929 type=control0
[iscas99__b21 gpu0] [candidate_baseline] step=155 node=N31548 type=control1
[iscas99__b21 gpu0] [candidate_baseline] step=156 node=N16221 type=observe
[iscas99__b21 gpu0] [candidate_baseline] step=157 node=N11472 type=control0
[iscas99__b21 gpu0] [candidate_baseline] step=158 node=N25382 type=control1
[iscas99__b21 gpu0] [candidate_baseline] step=159 node=N9316 type=observe
[iscas99__b21 gpu0] [candidate_baseline] step=160 node=N22959 type=control0
[iscas99__b21 gpu0] [candidate_baseline] step=161 node=N25414 type=control1
[iscas99__b21 gpu0] [candidate_baseline] step=162 node=N23224 type=observe
[iscas99__b21 gpu0] [candidate_baseline] step=163 node=N3976 type=control0
[iscas99__b21 gpu0] [candidate_baseline] step=164 node=N31471 type=control1
[iscas99__b21 gpu0] [candidate_baseline] step=165 node=N23234 type=observe
[iscas99__b21 gpu0] [candidate_baseline] step=166 node=N11226 type=control0
[iscas99__b21 gpu0] [candidate_baseline] step=167 node=N36763 type=control1
[iscas99__b21 gpu0] [candidate_baseline] step=168 node=N26267 type=observe
[iscas99__b21 gpu0] [candidate_baseline] step=169 node=N15776 type=control0
[iscas99__b21 gpu0] [candidate_baseline] step=170 node=N31478 type=control1
[iscas99__b21 gpu0] [candidate_baseline] step=171 node=N23400 type=observe
[iscas99__b21 gpu0] [candidate_baseline] step=172 node=N23246 type=control0
[iscas99__b21 gpu0] [candidate_baseline] step=173 node=N23258 type=control1
[iscas99__b21 gpu0] [candidate_baseline] step=174 node=N12660 type=observe
[iscas99__b21 gpu0] [candidate_baseline] step=175 node=N8902 type=control0
[iscas99__b21 gpu0] [candidate_baseline] step=176 node=N23487 type=control1
[iscas99__b21 gpu0] [candidate_baseline] step=177 node=N46903 type=observe
[iscas99__b21 gpu0] [candidate_baseline] step=178 node=N12678 type=control0
[iscas99__b21 gpu0] [candidate_baseline] step=179 node=N23512 type=control1
[iscas99__b21 gpu0] [candidate_baseline] step=180 node=N22897 type=observe
[iscas99__b21 gpu0] [candidate_baseline] step=181 node=N7247 type=control0
[iscas99__b21 gpu0] [candidate_baseline] step=182 node=N23558 type=control1
[iscas99__b21 gpu0] [candidate_baseline] step=183 node=N15065 type=observe
[iscas99__b21 gpu0] [candidate_baseline] step=184 node=N15748 type=control0
[iscas99__b21 gpu0] [candidate_baseline] step=185 node=N22733 type=control1
[iscas99__b21 gpu0] [candidate_baseline] step=186 node=N8932 type=observe
[iscas99__b21 gpu0] [candidate_baseline] step=187 node=N23251 type=control0
[iscas99__b21 gpu0] [candidate_baseline] step=188 node=N23053 type=control1
[iscas99__b21 gpu0] [candidate_baseline] step=189 node=N15779 type=observe
[iscas99__b21 gpu0] [candidate_baseline] step=190 node=N11327 type=control0
[iscas99__b21 gpu0] [candidate_baseline] step=191 node=N23087 type=control1
[iscas99__b21 gpu0] [candidate_baseline] step=192 node=N8934 type=observe
[iscas99__b21 gpu0] [candidate_baseline] step=193 node=N28577 type=control0
[iscas99__b21 gpu0] [candidate_baseline] step=194 node=N25502 type=control1
[iscas99__b21 gpu0] [candidate_baseline] step=195 node=N15781 type=observe
[iscas99__b21 gpu0] [candidate_baseline] step=196 node=N22975 type=control0
[iscas99__b21 gpu0] [candidate_baseline] step=197 node=N25318 type=control1
[iscas99__b21 gpu0] [candidate_baseline] step=198 node=N8936 type=observe
[iscas99__b21 gpu0] [candidate_baseline] step=199 node=N31430 type=control0
[iscas99__b21 gpu0] [candidate_baseline] step=200 node=N25486 type=control1
[iscas99__b21 gpu0] [candidate_baseline] step=201 node=N15783 type=observe
[iscas99__b21 gpu0] [candidate_baseline] step=202 node=N31365 type=control0
[iscas99__b21 gpu0] [candidate_baseline] step=203 node=N21340 type=control1
[iscas99__b21 gpu0] [candidate_baseline] step=204 node=N8938 type=observe
[iscas99__b21 gpu0] [candidate_baseline] step=205 node=N31357 type=control0
[iscas99__b21 gpu0] [candidate_baseline] step=206 node=N23462 type=control1
[iscas99__b21 gpu0] [candidate_baseline] step=207 node=N11465 type=observe
[iscas99__b21 gpu0] [candidate_baseline] step=208 node=N22962 type=control0
[iscas99__b21 gpu0] [candidate_baseline] step=209 node=N23121 type=control1
[iscas99__b21 gpu0] [candidate_baseline] step=210 node=N15785 type=observe
[iscas99__b21 gpu0] [candidate_baseline] step=211 node=N31358 type=control0
[iscas99__b21 gpu0] [candidate_baseline] step=212 node=N33996 type=control1
[iscas99__b21 gpu0] [candidate_baseline] step=213 node=N8940 type=observe
[iscas99__b21 gpu0] [candidate_baseline] step=214 node=N23391 type=control0
[iscas99__b21 gpu0] [candidate_baseline] step=215 node=N4943 type=control1
[iscas99__b21 gpu0] [candidate_baseline] step=216 node=N26270 type=observe
[iscas99__b21 gpu0] [candidate_baseline] step=217 node=N15018 type=control0
[iscas99__b21 gpu0] [candidate_baseline] step=218 node=N36808 type=control1
[iscas99__b21 gpu0] [candidate_baseline] step=219 node=N15787 type=observe
[iscas99__b21 gpu0] [candidate_baseline] step=220 node=N34195 type=control0
[iscas99__b21 gpu0] [candidate_baseline] step=221 node=N23139 type=control1
[iscas99__b21 gpu0] [candidate_baseline] step=222 node=N8876 type=observe
[iscas99__b21 gpu0] [candidate_baseline] step=223 node=N15075 type=control0
[iscas99__b21 gpu0] [candidate_baseline] step=224 node=N11160 type=control1
[iscas99__b21 gpu0] [candidate_baseline] step=225 node=N15723 type=observe
[iscas99__b21 gpu0] [candidate_baseline] step=226 node=N31434 type=control0
[iscas99__b21 gpu0] [candidate_baseline] step=227 node=N22688 type=control1
[iscas99__b21 gpu0] [candidate_baseline] step=228 node=N22190 type=observe
[iscas99__b21 gpu0] [candidate_baseline] step=229 node=N26197 type=control0
[iscas99__b21 gpu0] [candidate_baseline] step=230 node=N12514 type=control1
[iscas99__b21 gpu0] [candidate_baseline] step=231 node=N15724 type=observe
[iscas99__b21 gpu0] [candidate_baseline] step=232 node=N11318 type=control0
[iscas99__b21 gpu0] [candidate_baseline] step=233 node=N31518 type=control1
[iscas99__b21 gpu0] [candidate_baseline] step=234 node=N8930 type=observe
[iscas99__b21 gpu0] [candidate_baseline] step=235 node=N14998 type=control0
[iscas99__b21 gpu0] [candidate_baseline] step=236 node=N21198 type=control1
[iscas99__b21 gpu0] [candidate_baseline] step=237 node=N15722 type=observe
[iscas99__b21 gpu0] [candidate_baseline] step=238 node=N15029 type=control0
[iscas99__b21 gpu0] [candidate_baseline] step=239 node=N14615 type=control1
[iscas99__b21 gpu0] [candidate_baseline] step=240 node=N29872 type=observe
[iscas99__b21 gpu0] [candidate_baseline] step=241 node=N4522 type=control0
[iscas99__b21 gpu0] [candidate_baseline] step=242 node=N59933 type=control1
[iscas99__b21 gpu0] [candidate_baseline] step=243 node=N29878 type=observe
[iscas99__b21 gpu0] [candidate_baseline] step=244 node=N28601 type=control0
[iscas99__b21 gpu0] [candidate_baseline] step=245 node=N31494 type=control1
[iscas99__b21 gpu0] [candidate_baseline] step=246 node=N15777 type=observe
[iscas99__b21 gpu0] [candidate_baseline] step=247 node=N31535 type=control0
[iscas99__b21 gpu0] [candidate_baseline] step=248 node=N32436 type=control1
[iscas99__b21 gpu0] [candidate_baseline] step=249 node=N29880 type=observe
[iscas99__b21 gpu0] [candidate_baseline] step=250 node=N59985 type=control0
[iscas99__b21 gpu0] [candidate_baseline] step=251 node=N32447 type=control1
[iscas99__b21 gpu0] [candidate_baseline] step=252 node=N34823 type=observe
[iscas99__b21 gpu0] [candidate_baseline] step=253 node=N22080 type=control0
[iscas99__b21 gpu0] [candidate_baseline] step=254 node=N55611 type=control1
[iscas99__b21 gpu0] [candidate_baseline] step=255 node=N34829 type=observe
[iscas99__b21 gpu0] [candidate_baseline] step=256 node=N26221 type=control0
[iscas99__b21 gpu0] [candidate_baseline] step=257 node=N28318 type=control1
[iscas99__b21 gpu0] [candidate_baseline] step=258 node=N8875 type=observe
[iscas99__b21 gpu0] [candidate_baseline] step=259 node=N10976 type=control0
[iscas99__b21 gpu0] [candidate_baseline] step=260 node=N34220 type=control1
[iscas99__b21 gpu0] [candidate_baseline] step=261 node=N15791 type=observe
[iscas99__b21 gpu0] [candidate_baseline] step=262 node=N26218 type=control0
[iscas99__b21 gpu0] [candidate_baseline] step=263 node=N34201 type=control1
[iscas99__b21 gpu0] [candidate_baseline] step=264 node=N8982 type=observe
[iscas99__b21 gpu0] [candidate_baseline] step=265 node=N4947 type=control0
[iscas99__b21 gpu0] [candidate_baseline] step=266 node=N32450 type=control1
[iscas99__b21 gpu0] [candidate_baseline] step=267 node=N15827 type=observe
[iscas99__b21 gpu0] [candidate_baseline] step=268 node=N11052 type=control0
[iscas99__b21 gpu0] [candidate_baseline] step=269 node=N55614 type=control1
[iscas99__b21 gpu0] [candidate_baseline] step=270 node=N34837 type=observe
[iscas99__b21 gpu0] [candidate_baseline] step=271 node=N3979 type=control0
[iscas99__b21 gpu0] [candidate_baseline] step=272 node=N59947 type=control1
[iscas99__b21 gpu0] [candidate_baseline] step=273 node=N55469 type=observe
[iscas99__b21 gpu0] [candidate_baseline] step=274 node=N28544 type=control0
[iscas99__b21 gpu0] [candidate_baseline] step=275 node=N34911 type=control1
[iscas99__b21 gpu0] [candidate_baseline] step=276 node=N57127 type=observe
[iscas99__b21 gpu0] [candidate_baseline] step=277 node=N3907 type=control0
[iscas99__b21 gpu0] [candidate_baseline] step=278 node=N14903 type=control1
[iscas99__b21 gpu0] [candidate_baseline] step=279 node=N8944 type=observe
[iscas99__b21 gpu0] [candidate_baseline] step=280 node=N7205 type=control0
[iscas99__b21 gpu0] [candidate_baseline] step=281 node=N14621 type=control1
[iscas99__b21 gpu0] [candidate_baseline] step=282 node=N59804 type=observe
[iscas99__b21 gpu0] [candidate_baseline] step=283 node=N11143 type=control0
[iscas99__b21 gpu0] [candidate_baseline] step=284 node=N34221 type=control1
[iscas99__b21 gpu0] [candidate_baseline] step=285 node=N55465 type=observe
[iscas99__b21 gpu0] [candidate_baseline] step=286 node=N28574 type=control0
[iscas99__b21 gpu0] [candidate_baseline] step=287 node=N32444 type=control1
[iscas99__b21 gpu0] [candidate_baseline] step=288 node=N59800 type=observe
[iscas99__b21 gpu0] [candidate_baseline] step=289 node=N21191 type=control0
[iscas99__b21 gpu0] [candidate_baseline] step=290 node=N25952 type=control1
[iscas99__b21 gpu0] [candidate_baseline] step=291 node=N55463 type=observe
[iscas99__b21 gpu0] [candidate_baseline] step=292 node=N31530 type=control0
[iscas99__b21 gpu0] [candidate_baseline] step=293 node=N15941 type=control1
[iscas99__b21 gpu0] [candidate_baseline] step=294 node=N59798 type=observe
[iscas99__b21 gpu0] [candidate_baseline] step=295 node=N28571 type=control0
[iscas99__b21 gpu0] [candidate_baseline] step=296 node=N14901 type=control1
[iscas99__b21 gpu0] [candidate_baseline] step=297 node=N55461 type=observe
[iscas99__b21 gpu0] [candidate_baseline] step=298 node=N21188 type=control0
[iscas99__b21 gpu0] [candidate_baseline] step=299 node=N23119 type=control1
[iscas99__b21 gpu0] [candidate_baseline] step=300 node=N29886 type=observe
[iscas99__b21 gpu0] [candidate_baseline] step=301 node=N11270 type=control0
[iscas99__b21 gpu0] [candidate_baseline] step=302 node=N22083 type=control1
[iscas99__b21 gpu0] [candidate_baseline] step=303 node=N59790 type=observe
[iscas99__b21 gpu0] [candidate_baseline] step=304 node=N26260 type=control0
[iscas99__b21 gpu0] [candidate_baseline] step=305 node=N27911 type=control1
[iscas99__b21 gpu0] [candidate_baseline] step=306 node=N15866 type=observe
[iscas99__b21 gpu0] [candidate_baseline] step=307 node=N8901 type=control0
[iscas99__b21 gpu0] [candidate_baseline] step=308 node=N34175 type=control1
[iscas99__b21 gpu0] [candidate_baseline] step=309 node=N15835 type=observe
[iscas99__b21 gpu0] [candidate_baseline] step=310 node=N28550 type=control0
[iscas99__b21 gpu0] [candidate_baseline] step=311 node=N21192 type=control1
[iscas99__b21 gpu0] [candidate_baseline] step=312 node=N55598 type=observe
[iscas99__b21 gpu0] [candidate_baseline] step=313 node=N31526 type=control0
[iscas99__b21 gpu0] [candidate_baseline] step=314 node=N22084 type=control1
[iscas99__b21 gpu0] [candidate_baseline] step=315 node=N21137 type=observe
[iscas99__b21 gpu0] [candidate_baseline] step=316 node=N12635 type=control0
[iscas99__b21 gpu0] [candidate_baseline] step=317 node=N21190 type=control1
[iscas99__b21 gpu0] [candidate_baseline] step=318 node=N22032 type=observe
[iscas99__b21 gpu0] [candidate_baseline] step=319 node=N15770 type=control0
[iscas99__b21 gpu0] [candidate_baseline] step=320 node=N36658 type=control1
[iscas99__b21 gpu0] [candidate_baseline] step=321 node=N21128 type=observe
[iscas99__b21 gpu0] [candidate_baseline] step=322 node=N28625 type=control0
[iscas99__b21 gpu0] [candidate_baseline] step=323 node=N22096 type=control1
[iscas99__b21 gpu0] [candidate_baseline] step=324 node=N21122 type=observe
[iscas99__b21 gpu0] [candidate_baseline] step=325 node=N15747 type=control0
[iscas99__b21 gpu0] [candidate_baseline] step=326 node=N31523 type=control1
[iscas99__b21 gpu0] [candidate_baseline] step=327 node=N22014 type=observe
[iscas99__b21 gpu0] [candidate_baseline] step=328 node=N26263 type=control0
[iscas99__b21 gpu0] [candidate_baseline] step=329 node=N21336 type=control1
[iscas99__b21 gpu0] [candidate_baseline] step=330 node=N21116 type=observe
[iscas99__b21 gpu0] [candidate_baseline] step=331 node=N15746 type=control0
[iscas99__b21 gpu0] [candidate_baseline] step=332 node=N22270 type=control1
[iscas99__b21 gpu0] [candidate_baseline] step=333 node=N34921 type=observe
[iscas99__b21 gpu0] [candidate_baseline] step=334 node=N26176 type=control0
[iscas99__b21 gpu0] [candidate_baseline] step=335 node=N36688 type=control1
[iscas99__b21 gpu0] [candidate_baseline] step=336 node=N34217 type=observe
[iscas99__b21 gpu0] [candidate_baseline] step=337 node=N8900 type=control0
[iscas99__b21 gpu0] [candidate_baseline] step=338 node=N27751 type=control1
[iscas99__b21 gpu0] [candidate_baseline] step=339 node=N22026 type=observe
[iscas99__b21 gpu0] [candidate_baseline] step=340 node=N8937 type=control0
[iscas99__b21 gpu0] [candidate_baseline] step=341 node=N22081 type=control1
[iscas99__b21 gpu0] [candidate_baseline] step=342 node=N22020 type=observe
[iscas99__b21 gpu0] [candidate_baseline] step=343 node=N26266 type=control0
[iscas99__b21 gpu0] [candidate_baseline] step=344 node=N31524 type=control1
[iscas99__b21 gpu0] [candidate_baseline] step=345 node=N21110 type=observe
[iscas99__b21 gpu0] [candidate_baseline] step=346 node=N15782 type=control0
[iscas99__b21 gpu0] [candidate_baseline] step=347 node=N34174 type=control1
[iscas99__b21 gpu0] [candidate_baseline] step=348 node=N21113 type=observe
[iscas99__b21 gpu0] [candidate_baseline] step=349 node=N11019 type=control0
[iscas99__b21 gpu0] [candidate_baseline] step=350 node=N28598 type=control1
[iscas99__b21 gpu0] [candidate_baseline] step=351 node=N22008 type=observe
[iscas99__b21 gpu0] [candidate_baseline] step=352 node=N26239 type=control0
[iscas99__b21 gpu0] [candidate_baseline] step=353 node=N25438 type=control1
[iscas99__b21 gpu0] [candidate_baseline] step=354 node=N21107 type=observe
[iscas99__b21 gpu0] [candidate_baseline] step=355 node=N15784 type=control0
[iscas99__b21 gpu0] [candidate_baseline] step=356 node=N28621 type=control1
[iscas99__b21 gpu0] [candidate_baseline] step=357 node=N22002 type=observe
[iscas99__b21 gpu0] [candidate_baseline] step=358 node=N8939 type=control0
[iscas99__b21 gpu0] [candidate_baseline] step=359 node=N27879 type=control1
[iscas99__b21 gpu0] [candidate_baseline] step=360 node=N22017 type=observe
[iscas99__b21 gpu0] [candidate_baseline] step=361 node=N26209 type=control0
[iscas99__b21 gpu0] [candidate_baseline] step=362 node=N27839 type=control1
[iscas99__b21 gpu0] [candidate_baseline] step=363 node=N22011 type=observe
[iscas99__b21 gpu0] [candidate_baseline] step=364 node=N8913 type=control0
[iscas99__b21 gpu0] [candidate_baseline] step=365 node=N27743 type=control1
[iscas99__b21 gpu0] [candidate_baseline] step=366 node=N22005 type=observe
[iscas99__b21 gpu0] [candidate_baseline] step=367 node=N28610 type=control0
[iscas99__b21 gpu0] [candidate_baseline] step=368 node=N34224 type=control1
[iscas99__b21 gpu0] [candidate_baseline] step=369 node=N21214 type=observe
[iscas99__b21 gpu0] [candidate_baseline] step=370 node=N11034 type=control0
[iscas99__b21 gpu0] [candidate_baseline] step=371 node=N27823 type=control1
[iscas99__b21 gpu0] [candidate_baseline] step=372 node=N21104 type=observe
[iscas99__b21 gpu0] [candidate_baseline] step=373 node=N7260 type=control0
[iscas99__b21 gpu0] [candidate_baseline] step=374 node=N27719 type=control1
[iscas99__b21 gpu0] [candidate_baseline] step=375 node=N22107 type=observe
[iscas99__b21 gpu0] [candidate_baseline] step=376 node=N31379 type=control0
[iscas99__b21 gpu0] [candidate_baseline] step=377 node=N27871 type=control1
[iscas99__b21 gpu0] [candidate_baseline] step=378 node=N9019 type=observe
[iscas99__b21 gpu0] [candidate_baseline] step=379 node=N21199 type=control0
[iscas99__b21 gpu0] [candidate_baseline] step=380 node=N34225 type=control1
[iscas99__b21 gpu0] [candidate_baseline] step=381 node=N21126 type=observe
[iscas99__b21 gpu0] [candidate_baseline] step=382 node=N28628 type=control0
[iscas99__b21 gpu0] [candidate_baseline] step=383 node=N26241 type=control1
[iscas99__b21 gpu0] [candidate_baseline] step=384 node=N21132 type=observe
[iscas99__b21 gpu0] [candidate_baseline] step=385 node=N15759 type=control0
[iscas99__b21 gpu0] [candidate_baseline] step=386 node=N27767 type=control1
[iscas99__b21 gpu0] [candidate_baseline] step=387 node=N21120 type=observe
[iscas99__b21 gpu0] [candidate_baseline] step=388 node=N31427 type=control0
[iscas99__b21 gpu0] [candidate_baseline] step=389 node=N26240 type=control1
[iscas99__b21 gpu0] [candidate_baseline] step=390 node=N22024 type=observe
[iscas99__b21 gpu0] [candidate_baseline] step=391 node=N7170 type=control0
[iscas99__b21 gpu0] [candidate_baseline] step=392 node=N28620 type=control1
[iscas99__b21 gpu0] [candidate_baseline] step=393 node=N22030 type=observe
[iscas99__b21 gpu0] [candidate_baseline] step=394 node=N23972 type=control0
[iscas99__b21 gpu0] [candidate_baseline] step=395 node=N26230 type=control1
[iscas99__b21 gpu0] [candidate_baseline] step=396 node=N2704 type=observe
[iscas99__b21 gpu0] [candidate_baseline] step=397 node=N8899 type=control0
[iscas99__b21 gpu0] [candidate_baseline] step=398 node=N26206 type=control1
[iscas99__b21 gpu0] [candidate_baseline] step=399 node=N22000 type=observe
[iscas99__b21 gpu0] [candidate_baseline] step=400 node=N23973 type=control0
[iscas99__b21 gpu0] [candidate_baseline] step=401 node=N31495 type=control1
[iscas99__b21 gpu0] [candidate_baseline] step=402 node=N5911 type=observe
[iscas99__b21 gpu0] [candidate_baseline] step=403 node=N28619 type=control0
[iscas99__b21 gpu0] [candidate_baseline] step=404 node=N26243 type=control1
[iscas99__b21 gpu0] [candidate_baseline] step=405 node=N2714 type=observe
[iscas99__b21 gpu0] [candidate_baseline] step=406 node=N15745 type=control0
[iscas99__b21 gpu0] [candidate_baseline] step=407 node=N31549 type=control1
[iscas99__b21 gpu0] [candidate_baseline] step=408 node=N2694 type=observe
[iscas99__b21 gpu0] [candidate_baseline] step=409 node=N4564 type=control0
[iscas99__b21 gpu0] [candidate_baseline] step=410 node=N31439 type=control1
[iscas99__b21 gpu0] [candidate_baseline] step=411 node=N5921 type=observe
[iscas99__b21 gpu0] [candidate_baseline] step=412 node=N28553 type=control0
[iscas99__b21 gpu0] [candidate_baseline] step=413 node=N27807 type=control1
[iscas99__b21 gpu0] [candidate_baseline] step=414 node=N2562 type=observe
[iscas99__b21 gpu0] [candidate_baseline] step=415 node=N26251 type=control0
[iscas99__b21 gpu0] [candidate_baseline] step=416 node=N27927 type=control1
[iscas99__b21 gpu0] [candidate_baseline] step=417 node=N15720 type=observe
[iscas99__b21 gpu0] [candidate_baseline] step=418 node=N28583 type=control0
[iscas99__b21 gpu0] [candidate_baseline] step=419 node=N27759 type=control1
[iscas99__b21 gpu0] [candidate_baseline] step=420 node=N2720 type=observe
[iscas99__b21 gpu0] [candidate_baseline] step=421 node=N4569 type=control0
[iscas99__b21 gpu0] [candidate_baseline] step=422 node=N27799 type=control1
[iscas99__b21 gpu0] [candidate_baseline] step=423 node=N5768 type=observe
[iscas99__b21 gpu0] [candidate_baseline] step=424 node=N26179 type=control0
[iscas99__b21 gpu0] [candidate_baseline] step=425 node=N27831 type=control1
[iscas99__b21 gpu0] [candidate_baseline] step=426 node=N5528 type=observe
[iscas99__b21 gpu0] [candidate_baseline] step=427 node=N14648 type=control0
[iscas99__b21 gpu0] [candidate_baseline] step=428 node=N31472 type=control1
[iscas99__b21 gpu0] [candidate_baseline] step=429 node=N55453 type=observe
[iscas99__b21 gpu0] [candidate_baseline] step=430 node=N1818 type=control0
[iscas99__b21 gpu0] [candidate_baseline] step=431 node=N22852 type=control1
[iscas99__b21 gpu0] [candidate_baseline] step=432 node=N5871 type=observe
[iscas99__b21 gpu0] [candidate_baseline] step=433 node=N7256 type=control0
[iscas99__b21 gpu0] [candidate_baseline] step=434 node=N27727 type=control1
[iscas99__b21 gpu0] [candidate_baseline] step=435 node=N5927 type=observe
[iscas99__b21 gpu0] [candidate_baseline] step=436 node=N26194 type=control0
[iscas99__b21 gpu0] [candidate_baseline] step=437 node=N31679 type=control1
[iscas99__b21 gpu0] [candidate_baseline] step=438 node=N55455 type=observe
[iscas99__b21 gpu0] [candidate_baseline] step=439 node=N26191 type=control0
[iscas99__b21 gpu0] [candidate_baseline] step=440 node=N27863 type=control1
[iscas99__b21 gpu0] [candidate_baseline] step=441 node=N1620 type=observe
[iscas99__b21 gpu0] [candidate_baseline] step=442 node=N8898 type=control0
[iscas99__b21 gpu0] [candidate_baseline] step=443 node=N31685 type=control1
[iscas99__b21 gpu0] [candidate_baseline] step=444 node=N23237 type=observe
[iscas99__b21 gpu0] [candidate_baseline] step=445 node=N1820 type=control0
[iscas99__b21 gpu0] [candidate_baseline] step=446 node=N27791 type=control1
[iscas99__b21 gpu0] [candidate_baseline] step=447 node=N59928 type=observe
[iscas99__b21 gpu0] [candidate_baseline] step=448 node=N3981 type=control0
[iscas99__b21 gpu0] [candidate_baseline] step=449 node=N31711 type=control1
[iscas99__b21 gpu0] [candidate_baseline] step=450 node=N1616 type=observe
[iscas99__b21 gpu0] [candidate_baseline] step=451 node=N5032 type=control0
[iscas99__b21 gpu0] [candidate_baseline] step=452 node=N27815 type=control1
[iscas99__b21 gpu0] [candidate_baseline] step=453 node=N1612 type=observe
[iscas99__b21 gpu0] [candidate_baseline] step=454 node=N3991 type=control0
[iscas99__b21 gpu0] [candidate_baseline] step=455 node=N27699 type=control1
[iscas99__b21 gpu0] [candidate_baseline] step=456 node=N59786 type=observe
[iscas99__b21 gpu0] [candidate_baseline] step=457 node=N46565 type=control0
[iscas99__b21 gpu0] [candidate_baseline] step=458 node=N27783 type=control1
[iscas99__b21 gpu0] [candidate_baseline] step=459 node=N4862 type=observe
[iscas99__b21 gpu0] [candidate_baseline] step=460 node=N15744 type=control0
[iscas99__b21 gpu0] [candidate_baseline] step=461 node=N27895 type=control1
[iscas99__b21 gpu0] [candidate_baseline] step=462 node=N1608 type=observe
[iscas99__b21 gpu0] [candidate_baseline] step=463 node=N34814 type=control0
[iscas99__b21 gpu0] [candidate_baseline] step=464 node=N27887 type=control1
[iscas99__b21 gpu0] [candidate_baseline] step=465 node=N1610 type=observe
[iscas99__b21 gpu0] [candidate_baseline] step=466 node=N8992 type=control0
[iscas99__b21 gpu0] [candidate_baseline] step=467 node=N27847 type=control1
[iscas99__b21 gpu0] [candidate_baseline] step=468 node=N4870 type=observe
[iscas99__b21 gpu0] [candidate_baseline] step=469 node=N15868 type=control0
[iscas99__b21 gpu0] [candidate_baseline] step=470 node=N28636 type=control1
[iscas99__b21 gpu0] [candidate_baseline] step=471 node=N1606 type=observe
[iscas99__b21 gpu0] [candidate_baseline] step=472 node=N5042 type=control0
[iscas99__b21 gpu0] [candidate_baseline] step=473 node=N27711 type=control1
[iscas99__b21 gpu0] [candidate_baseline] step=474 node=N4866 type=observe
[iscas99__b21 gpu0] [candidate_baseline] step=475 node=N9021 type=control0
[iscas99__b21 gpu0] [candidate_baseline] step=476 node=N31505 type=control1
[iscas99__b21 gpu0] [candidate_baseline] step=477 node=N4858 type=observe
[iscas99__b21 gpu0] [candidate_baseline] step=478 node=N1817 type=control0
[iscas99__b21 gpu0] [candidate_baseline] step=479 node=N28546 type=control1
[iscas99__b21 gpu0] [candidate_baseline] step=480 node=N4854 type=observe
[iscas99__b21 gpu0] [candidate_baseline] step=481 node=N1314 type=control0
[iscas99__b21 gpu0] [candidate_baseline] step=482 node=N31463 type=control1
[iscas99__b21 gpu0] [candidate_baseline] step=483 node=N4864 type=observe
[iscas99__b21 gpu0] [candidate_baseline] step=484 node=N36701 type=control0
[iscas99__b21 gpu0] [candidate_baseline] step=485 node=N28634 type=control1
[iscas99__b21 gpu0] [candidate_baseline] step=486 node=N4860 type=observe
[iscas99__b21 gpu0] [candidate_baseline] step=487 node=N1819 type=control0
[iscas99__b21 gpu0] [candidate_baseline] step=488 node=N26244 type=control1
[iscas99__b21 gpu0] [candidate_baseline] step=489 node=N4856 type=observe
[iscas99__b21 gpu0] [candidate_baseline] step=490 node=N3015 type=control0
[iscas99__b21 gpu0] [candidate_baseline] step=491 node=N27735 type=control1
[iscas99__b21 gpu0] [candidate_baseline] step=492 node=N20933 type=observe
[iscas99__b21 gpu0] [candidate_baseline] step=493 node=N1825 type=control0
[iscas99__b21 gpu0] [candidate_baseline] step=494 node=N27919 type=control1
[iscas99__b21 gpu0] [candidate_baseline] step=495 node=N55451 type=observe
[iscas99__b21 gpu0] [candidate_baseline] step=496 node=N5033 type=control0
[iscas99__b21 gpu0] [candidate_baseline] step=497 node=N31479 type=control1
[iscas99__b21 gpu0] [candidate_baseline] step=498 node=N21696 type=observe
[iscas99__b21 gpu0] [candidate_baseline] step=499 node=N4561 type=control0
[iscas99__b21 gpu0] [candidate_baseline] step=500 node=N28578 type=control1
[iscas99__b21 gpu0] [candidate_baseline] step=501 node=N1604 type=observe
[iscas99__b21 gpu0] [candidate_baseline] step=502 node=N1828 type=control0
[iscas99__b21 gpu0] [candidate_baseline] step=503 node=N27903 type=control1
[iscas99__b21 gpu0] [candidate_baseline] step=504 node=N59784 type=observe
[iscas99__b21 gpu0] [candidate_baseline] step=505 node=N8897 type=control0
[iscas99__b21 gpu0] [candidate_baseline] step=506 node=N26172 type=control1
[iscas99__b21 gpu0] [candidate_baseline] step=507 node=N5866 type=observe
[iscas99__b21 gpu0] [candidate_baseline] step=508 node=N1821 type=control0
[iscas99__b21 gpu0] [candidate_baseline] step=509 node=N28579 type=control1
[iscas99__b21 gpu0] [candidate_baseline] step=510 node=N55449 type=observe
[iscas99__b21 gpu0] [candidate_baseline] step=511 node=N15739 type=control0
[iscas99__b21 gpu0] [candidate_baseline] step=512 node=N26182 type=control1
[iscas99__b21 gpu0] [candidate_baseline] step=513 node=N21993 type=observe
[iscas99__b21 gpu0] [candidate_baseline] step=514 node=N52648 type=control0
[iscas99__b21 gpu0] [candidate_baseline] step=515 node=N4118 type=control1
[iscas99__b21 gpu0] [candidate_baseline] step=516 node=N2324 type=observe
[iscas99__b21 gpu0] [candidate_baseline] step=517 node=N51169 type=control0
[iscas99__b21 gpu0] [candidate_baseline] step=518 node=N26246 type=control1
[iscas99__b21 gpu0] [candidate_baseline] step=519 node=N1827 type=control0
[iscas99__b21 gpu0] [candidate_baseline] step=520 node=N31755 type=control1
[iscas99__b21 gpu0] [candidate_baseline] step=521 node=N46525 type=control0
[iscas99__b21 gpu0] [candidate_baseline] step=522 node=N31534 type=control1
[iscas99__b21 gpu0] [candidate_baseline] step=523 node=N5041 type=control0
[iscas99__b21 gpu0] [candidate_baseline] step=524 node=N26254 type=control1
[iscas99__b21 gpu0] [candidate_baseline] step=525 node=N1311 type=control0
[iscas99__b21 gpu0] [candidate_baseline] step=526 node=N25358 type=control1
[iscas99__b21 gpu0] [candidate_baseline] step=527 node=N51141 type=control0
[iscas99__b21 gpu0] [candidate_baseline] step=528 node=N8954 type=control1
[iscas99__b21 gpu0] [candidate_baseline] step=529 node=N1308 type=control0
[iscas99__b21 gpu0] [candidate_baseline] step=530 node=N59887 type=control1
[iscas99__b21 gpu0] [candidate_baseline] step=531 node=N4552 type=control0
[iscas99__b21 gpu0] [candidate_baseline] step=532 node=N31453 type=control1
[iscas99__b21 gpu0] [candidate_baseline] step=533 node=N1208 type=control0
[iscas99__b21 gpu0] [candidate_baseline] step=534 node=N55552 type=control1
[iscas99__b21 gpu0] [candidate_baseline] step=535 node=N1302 type=control0
[iscas99__b21 gpu0] [candidate_baseline] step=536 node=N5037 type=control1
[iscas99__b21 gpu0] [candidate_baseline] step=537 node=N3113 type=control0
[iscas99__b21 gpu0] [candidate_baseline] step=538 node=N51157 type=control1
[iscas99__b21 gpu0] [candidate_baseline] step=539 node=N1206 type=control0
[iscas99__b21 gpu0] [candidate_baseline] step=540 node=N51149 type=control1
[iscas99__b21 gpu0] [candidate_baseline] step=541 node=N1210 type=control0
[iscas99__b21 gpu0] [candidate_baseline] step=542 node=N51153 type=control1
[iscas99__b21 gpu0] [candidate_baseline] step=543 node=N4558 type=control0
[iscas99__b21 gpu0] [candidate_baseline] step=544 node=N28590 type=control1
[iscas99__b21 gpu0] [candidate_baseline] step=545 node=N4549 type=control0
[iscas99__b21 gpu0] [candidate_baseline] step=546 node=N34847 type=control1
[iscas99__b21 gpu0] [candidate_baseline] step=547 node=N1299 type=control0
[iscas99__b21 gpu0] [candidate_baseline] step=548 node=N28593 type=control1
[iscas99__b21 gpu0] [candidate_baseline] step=549 node=N8928 type=control0
[iscas99__b21 gpu0] [candidate_baseline] step=550 node=N15786 type=control1
[iscas99__b21 gpu0] [candidate_baseline] step=551 node=N5040 type=control0
[iscas99__b21 gpu0] [candidate_baseline] step=552 node=N34850 type=control1
[iscas99__b21 gpu0] [candidate_baseline] step=553 node=N4546 type=control0
[iscas99__b21 gpu0] [candidate_baseline] step=554 node=N1305 type=control1
[iscas99__b21 gpu0] [candidate_baseline] step=555 node=N36689 type=control0
[iscas99__b21 gpu0] [candidate_baseline] step=556 node=N56841 type=control1
[iscas99__b21 gpu0] [candidate_baseline] step=557 node=N4537 type=control0
[iscas99__b21 gpu0] [candidate_baseline] step=558 node=N28594 type=control1
[iscas99__b21 gpu0] [candidate_baseline] step=559 node=N15738 type=control0
[iscas99__b21 gpu0] [candidate_baseline] step=560 node=N59910 type=control1
[iscas99__b21 gpu0] [candidate_baseline] step=561 node=N6935 type=control1
[iscas99__b21 gpu0] [candidate_baseline] step=562 node=N31512 type=observe
[iscas99__b21 gpu0] [candidate_baseline] step=563 node=N57195 type=observe
[iscas99__b21 gpu0] [candidate_baseline] step=564 node=N11221 type=observe
[iscas99__b21 gpu0] [candidate_baseline] step=565 node=N11306 type=observe
[iscas99__b21 gpu0] [candidate_baseline] step=566 node=N11290 type=observe
[iscas99__b21 gpu0] [candidate_baseline] step=567 node=N12850 type=observe
[iscas99__b21 gpu0] [candidate_baseline] step=568 node=N10462 type=observe
[iscas99__b21 gpu0] [candidate_baseline] step=569 node=N14662 type=control0
[iscas99__b21 gpu0] [candidate_baseline] step=570 node=N4525 type=control0
[iscas99__b21 gpu0] [candidate_baseline] step=571 node=N61001 type=observe
[iscas99__b21 gpu0] [candidate_baseline] step=572 node=N60762 type=observe
[iscas99__b21 gpu0] [candidate_baseline] step=573 node=N55756 type=observe
[iscas99__b21 gpu0] [candidate_baseline] step=574 node=N58224 type=observe
[iscas99__b21 gpu0] [candidate_baseline] step=575 node=N61703 type=observe
[iscas99__b21 gpu0] [candidate_baseline] step=576 node=N58464 type=observe
[iscas99__b21 gpu0] [candidate_baseline] step=577 node=N60523 type=observe
[iscas99__b21 gpu0] [candidate_baseline] step=578 node=N11322 type=observe
[iscas99__b21 gpu0] [candidate_baseline] step=579 node=N61383 type=observe
[iscas99__b21 gpu0] [candidate_baseline] step=580 node=N61393 type=observe
[iscas99__b21 gpu0] [candidate_baseline] step=581 node=N61396 type=observe
[iscas99__b21 gpu0] [candidate_baseline] step=582 node=N34026 type=observe
[iscas99__b21 gpu0] [candidate_baseline] step=583 node=N59326 type=observe
[iscas99__b21 gpu0] [candidate_baseline] step=584 node=N58764 type=observe
[iscas99__b21 gpu0] [candidate_baseline] step=585 node=N12515 type=observe
[iscas99__b21 gpu0] [candidate_baseline] step=586 node=N11243 type=observe
[iscas99__b21 gpu0] [candidate_baseline] step=587 node=N26611 type=control1
[iscas99__b21 gpu0] [candidate_baseline] step=588 node=N11194 type=observe
[iscas99__b21 gpu0] [candidate_baseline] step=589 node=N24270 type=control0
[iscas99__b21 gpu0] [candidate_baseline] step=590 node=N25390 type=control1
[iscas99__b21 gpu0] [candidate_baseline] step=591 node=N11181 type=observe
[iscas99__b21 gpu0] [candidate_baseline] step=592 node=N22982 type=observe
[iscas99__b21 gpu0] [candidate_baseline] step=593 node=N3185 type=control0
[iscas99__b21 gpu0] [candidate_baseline] step=594 node=N23221 type=control0
[iscas99__b21 gpu0] [candidate_baseline] step=595 node=N25510 type=control1
[iscas99__b21 gpu0] [candidate_baseline] step=596 node=N25470 type=control1
[iscas99__b21 gpu0] [candidate_baseline] step=597 node=N27855 type=control1
[iscas99__b21 gpu0] [candidate_baseline] step=598 node=N31517 type=observe
[iscas99__b21 gpu0] [candidate_baseline] step=599 node=N3140 type=control0
[iscas99__b21 gpu0] [candidate_baseline] step=600 node=N12634 type=control0
[iscas99__b21 gpu0] [candidate_baseline] step=601 node=N31493 type=observe
[iscas99__b21 gpu0] [candidate_baseline] step=602 node=N59891 type=control1
[iscas99__b21 gpu0] [candidate_baseline] step=603 node=N34008 type=observe
[iscas99__b21 gpu0] [candidate_baseline] step=604 node=N3006 type=control0
[iscas99__b21 gpu0] [candidate_baseline] step=605 node=N22991 type=control1
[iscas99__b21 gpu0] [candidate_baseline] step=606 node=N31496 type=observe
[iscas99__b21 gpu0] [candidate_baseline] step=607 node=N2961 type=control0
[iscas99__b21 gpu0] [candidate_baseline] step=608 node=N34161 type=control1
[iscas99__b21 gpu0] [candidate_baseline] step=609 node=N22973 type=observe
[iscas99__b21 gpu0] [candidate_baseline] step=610 node=N3104 type=control0
[iscas99__b21 gpu0] [candidate_baseline] step=611 node=N32585 type=control1
[iscas99__b21 gpu0] [candidate_baseline] step=612 node=N831 type=control1
[iscas99__b21 gpu0] [candidate_baseline] step=613 node=N21206 type=observe
[iscas99__b21 gpu0] [candidate_baseline] step=614 node=N3149 type=control0
[iscas99__b21 gpu0] [candidate_baseline] step=615 node=N22894 type=observe
[iscas99__b21 gpu0] [candidate_baseline] step=616 node=N2997 type=control0
[iscas99__b21 gpu0] [candidate_baseline] step=617 node=N36760 type=control1
[iscas99__b21 gpu0] [candidate_baseline] step=618 node=N31687 type=observe
[iscas99__b21 gpu0] [candidate_baseline] step=619 node=N31754 type=control1
[iscas99__b21 gpu0] [candidate_baseline] step=620 node=N3086 type=control0
[iscas99__b21 gpu0] [candidate_baseline] step=621 node=N11281 type=observe
[iscas99__b21 gpu0] [candidate_baseline] step=622 node=N2970 type=control0
[iscas99__b21 gpu0] [candidate_baseline] step=623 node=N34876 type=control1
[iscas99__b21 gpu0] [candidate_baseline] step=624 node=N11277 type=control1
[iscas99__b21 gpu0] [candidate_baseline] step=625 node=N22698 type=observe
[iscas99__b21 gpu0] [candidate_baseline] step=626 node=N2979 type=control0
[iscas99__b21 gpu0] [candidate_baseline] step=627 node=N29884 type=observe
[iscas99__b21 gpu0] [candidate_baseline] step=628 node=N26981 type=observe
[iscas99__b21 gpu0] {
[iscas99__b21 gpu0]   "records": 2,
[iscas99__b21 gpu0]   "labels_csv": "autoresearch/eval8-b21-hardcluster-cached-k48-norealfault-300k-260702-203113/iscas99__b21/A_heuristic_only/evals/iscas99__b21/labels.csv",
[iscas99__b21 gpu0]   "summary_json": "autoresearch/eval8-b21-hardcluster-cached-k48-norealfault-300k-260702-203113/iscas99__b21/A_heuristic_only/evals/iscas99__b21/summary.json"
[iscas99__b21 gpu0] }
[iscas99__b21 gpu0] [method] B_world_rerank benchmark=iscas99__b21 budget=628
[iscas99__b21 gpu0] [gmean] 2026-07-02T20:32:50 out_dir=autoresearch/eval8-b21-hardcluster-cached-k48-norealfault-300k-260702-203113/iscas99__b21/B_world_rerank
[iscas99__b21 gpu0] [gmean] 2026-07-02T20:32:50 budgets=iscas99__b21:628
[iscas99__b21 gpu0] [gmean] 2026-07-02T20:32:50 variant_start id=greedy__cumulative__reward_pred__bw1__d1__c48__g1p0__candhard_fault_cluster__div0p0__s0
[iscas99__b21 gpu0] [gmean] 2026-07-02T20:32:50 [1/1] plan_start benchmark=iscas99__b21 budget=628 planner=greedy score=reward_pred
[iscas99__b21 gpu0] [plan iscas99__b21] [plan] step=1 node=N5010 type=observe reward_pred=0.193536 sequence=0.193536
[iscas99__b21 gpu0] [plan iscas99__b21] [plan] step=2 node=N8936 type=observe reward_pred=0.196395 sequence=0.389930
[iscas99__b21 gpu0] [plan iscas99__b21] [plan] step=3 node=N15787 type=observe reward_pred=0.202052 sequence=0.591982
[iscas99__b21 gpu0] [plan iscas99__b21] [plan] step=4 node=N21206 type=observe reward_pred=0.246169 sequence=0.838152
[iscas99__b21 gpu0] [plan iscas99__b21] [plan] step=5 node=N23400 type=observe reward_pred=0.279360 sequence=1.117512
[iscas99__b21 gpu0] [plan iscas99__b21] [plan] step=6 node=N22903 type=observe reward_pred=0.288449 sequence=1.405961
[iscas99__b21 gpu0] [plan iscas99__b21] [plan] step=7 node=N15059 type=observe reward_pred=0.286735 sequence=1.692696
[iscas99__b21 gpu0] [plan iscas99__b21] [plan] step=8 node=N12597 type=observe reward_pred=0.283146 sequence=1.975843
[iscas99__b21 gpu0] [plan iscas99__b21] [plan] step=9 node=N15080 type=observe reward_pred=0.276499 sequence=2.252342
[iscas99__b21 gpu0] [plan iscas99__b21] [plan] step=10 node=N12681 type=observe reward_pred=0.271459 sequence=2.523801
[iscas99__b21 gpu0] [plan iscas99__b21] [plan] step=11 node=N1756 type=control1 reward_pred=0.263876 sequence=2.787677
[iscas99__b21 gpu0] [plan iscas99__b21] [plan] step=12 node=N15813 type=control1 reward_pred=0.257451 sequence=3.045128
[iscas99__b21 gpu0] [plan iscas99__b21] [plan] step=13 node=N8969 type=control1 reward_pred=0.253840 sequence=3.298968
[iscas99__b21 gpu0] [plan iscas99__b21] [plan] step=14 node=N6591 type=observe reward_pred=0.249465 sequence=3.548433
[iscas99__b21 gpu0] [plan iscas99__b21] [plan] step=15 node=N9310 type=observe reward_pred=0.245870 sequence=3.794303
[iscas99__b21 gpu0] [plan iscas99__b21] [plan] step=16 node=N6551 type=observe reward_pred=0.243034 sequence=4.037336
[iscas99__b21 gpu0] [plan iscas99__b21] [plan] step=17 node=N15011 type=observe reward_pred=0.238360 sequence=4.275696
[iscas99__b21 gpu0] [plan iscas99__b21] [plan] step=18 node=N12881 type=observe reward_pred=0.234435 sequence=4.510131
[iscas99__b21 gpu0] [plan iscas99__b21] [plan] step=19 node=N14910 type=observe reward_pred=0.231304 sequence=4.741435
[iscas99__b21 gpu0] [plan iscas99__b21] [plan] step=20 node=N4972 type=control0 reward_pred=0.222714 sequence=4.964149
[iscas99__b21 gpu0] [plan iscas99__b21] [plan] step=21 node=N15012 type=observe reward_pred=0.200996 sequence=5.165146
[iscas99__b21 gpu0] [plan iscas99__b21] [plan] step=22 node=N18923 type=observe reward_pred=0.200879 sequence=5.366025
[iscas99__b21 gpu0] [plan iscas99__b21] [plan] step=23 node=N34008 type=observe reward_pred=0.200324 sequence=5.566349
[iscas99__b21 gpu0] [plan iscas99__b21] [plan] step=24 node=N18340 type=observe reward_pred=0.199197 sequence=5.765546
[iscas99__b21 gpu0] [plan iscas99__b21] [plan] step=25 node=N17829 type=observe reward_pred=0.197251 sequence=5.962796
[iscas99__b21 gpu0] [plan iscas99__b21] [plan] step=26 node=N17328 type=observe reward_pred=0.195308 sequence=6.158105
[iscas99__b21 gpu0] [plan iscas99__b21] [plan] step=27 node=N13691 type=observe reward_pred=0.193502 sequence=6.351607
[iscas99__b21 gpu0] [plan iscas99__b21] [plan] step=28 node=N16821 type=observe reward_pred=0.191893 sequence=6.543500
[iscas99__b21 gpu0] [plan iscas99__b21] [plan] step=29 node=N13193 type=observe reward_pred=0.190536 sequence=6.734036
[iscas99__b21 gpu0] [plan iscas99__b21] [plan] step=30 node=N17823 type=observe reward_pred=0.189453 sequence=6.923489
[iscas99__b21 gpu0] [plan iscas99__b21] [plan] step=31 node=N17322 type=observe reward_pred=0.188677 sequence=7.112165
[iscas99__b21 gpu0] [plan iscas99__b21] [plan] step=32 node=N18332 type=observe reward_pred=0.188041 sequence=7.300206
[iscas99__b21 gpu0] [plan iscas99__b21] [plan] step=33 node=N15973 type=observe reward_pred=0.187539 sequence=7.487746
[iscas99__b21 gpu0] [plan iscas99__b21] [plan] step=34 node=N11267 type=observe reward_pred=0.187228 sequence=7.674974
[iscas99__b21 gpu0] [plan iscas99__b21] [plan] step=35 node=N12711 type=observe reward_pred=0.186723 sequence=7.861696
[iscas99__b21 gpu0] [plan iscas99__b21] [plan] step=36 node=N31633 type=control1 reward_pred=0.182332 sequence=8.044028
[iscas99__b21 gpu0] [plan iscas99__b21] [plan] step=37 node=N31612 type=control1 reward_pred=0.181176 sequence=8.225204
[iscas99__b21 gpu0] [plan iscas99__b21] [plan] step=38 node=N31739 type=control1 reward_pred=0.180564 sequence=8.405767
[iscas99__b21 gpu0] [plan iscas99__b21] [plan] step=39 node=N32555 type=control1 reward_pred=0.173048 sequence=8.578815
[iscas99__b21 gpu0] [plan iscas99__b21] [plan] step=40 node=N31496 type=control1 reward_pred=0.057905 sequence=8.636719
[iscas99__b21 gpu0] [plan iscas99__b21] [plan] step=41 node=N22855 type=control1 reward_pred=-0.095374 sequence=8.541346
[iscas99__b21 gpu0] [plan iscas99__b21] [plan] step=42 node=N11147 type=control1 reward_pred=-0.105152 sequence=8.436194
[iscas99__b21 gpu0] [plan iscas99__b21] [plan] step=43 node=N11114 type=control1 reward_pred=-0.101347 sequence=8.334847
[iscas99__b21 gpu0] [plan iscas99__b21] [plan] step=44 node=N18180 type=control1 reward_pred=-0.099125 sequence=8.235722
[iscas99__b21 gpu0] [plan iscas99__b21] [plan] step=45 node=N31488 type=control1 reward_pred=-0.013911 sequence=8.221811
[iscas99__b21 gpu0] [plan iscas99__b21] [plan] step=46 node=N11212 type=control0 reward_pred=0.051736 sequence=8.273547
[iscas99__b21 gpu0] [plan iscas99__b21] [plan] step=47 node=N31512 type=control1 reward_pred=-0.025077 sequence=8.248470
[iscas99__b21 gpu0] [plan iscas99__b21] [plan] step=48 node=N11205 type=control0 reward_pred=-0.090653 sequence=8.157817
[iscas99__b21 gpu0] [plan iscas99__b21] [plan] step=49 node=N18174 type=control1 reward_pred=-0.109396 sequence=8.048421
[iscas99__b21 gpu0] [plan iscas99__b21] [plan] step=50 node=N15815 type=control1 reward_pred=-0.105478 sequence=7.942943
[iscas99__b21 gpu0] [plan iscas99__b21] [plan] step=51 node=N11290 type=control0 reward_pred=-0.086095 sequence=7.856848
[iscas99__b21 gpu0] [plan iscas99__b21] [plan] step=52 node=N11306 type=control0 reward_pred=-0.063395 sequence=7.793452
[iscas99__b21 gpu0] [plan iscas99__b21] [plan] step=53 node=N11297 type=control0 reward_pred=-0.036116 sequence=7.757336
[iscas99__b21 gpu0] [plan iscas99__b21] [plan] step=54 node=N1673 type=control1 reward_pred=-0.111831 sequence=7.645505
[iscas99__b21 gpu0] [plan iscas99__b21] [plan] step=55 node=N8968 type=control1 reward_pred=-0.107268 sequence=7.538237
[iscas99__b21 gpu0] [plan iscas99__b21] [plan] step=56 node=N61475 type=control0 reward_pred=0.150667 sequence=7.688904
[iscas99__b21 gpu0] [plan iscas99__b21] [plan] step=57 node=N23449 type=control0 reward_pred=0.057686 sequence=7.746590
[iscas99__b21 gpu0] [plan iscas99__b21] [plan] step=58 node=N23226 type=control1 reward_pred=-0.066456 sequence=7.680134
[iscas99__b21 gpu0] [plan iscas99__b21] [plan] step=59 node=N22087 type=control1 reward_pred=-0.108913 sequence=7.571221
[iscas99__b21 gpu0] [plan iscas99__b21] [plan] step=60 node=N28308 type=control1 reward_pred=-0.090383 sequence=7.480838
[iscas99__b21 gpu0] [plan iscas99__b21] [plan] step=61 node=N861 type=control1 reward_pred=-0.045643 sequence=7.435195
[iscas99__b21 gpu0] [plan iscas99__b21] [plan] step=62 node=N15814 type=control1 reward_pred=-0.048049 sequence=7.387146
[iscas99__b21 gpu0] [plan iscas99__b21] [plan] step=63 node=N8971 type=control1 reward_pred=-0.048808 sequence=7.338338
[iscas99__b21 gpu0] [plan iscas99__b21] [plan] step=64 node=N57203 type=control0 reward_pred=0.155546 sequence=7.493884
[iscas99__b21 gpu0] [plan iscas99__b21] [plan] step=65 node=N16680 type=control1 reward_pred=0.164833 sequence=7.658717
[iscas99__b21 gpu0] [plan iscas99__b21] [plan] step=66 node=N25334 type=control1 reward_pred=0.164738 sequence=7.823455
[iscas99__b21 gpu0] [plan iscas99__b21] [plan] step=67 node=N23474 type=control1 reward_pred=0.163528 sequence=7.986983
[iscas99__b21 gpu0] [plan iscas99__b21] [plan] step=68 node=N1792 type=control0 reward_pred=0.158185 sequence=8.145168
[iscas99__b21 gpu0] [plan iscas99__b21] [plan] step=69 node=N23252 type=control1 reward_pred=0.152308 sequence=8.297476
[iscas99__b21 gpu0] [plan iscas99__b21] [plan] step=70 node=N16012 type=control0 reward_pred=0.149075 sequence=8.446551
[iscas99__b21 gpu0] [plan iscas99__b21] [plan] step=71 node=N17897 type=control0 reward_pred=0.146095 sequence=8.592646
[iscas99__b21 gpu0] [plan iscas99__b21] [plan] step=72 node=N14046 type=control1 reward_pred=0.158549 sequence=8.751195
[iscas99__b21 gpu0] [plan iscas99__b21] [plan] step=73 node=N18997 type=control0 reward_pred=0.149889 sequence=8.901084
[iscas99__b21 gpu0] [plan iscas99__b21] [plan] step=74 node=N23096 type=control1 reward_pred=0.156843 sequence=9.057927
[iscas99__b21 gpu0] [plan iscas99__b21] [plan] step=75 node=N12664 type=control0 reward_pred=0.149132 sequence=9.207059
[iscas99__b21 gpu0] [plan iscas99__b21] [plan] step=76 node=N13546 type=control0 reward_pred=0.149618 sequence=9.356677
[iscas99__b21 gpu0] [plan iscas99__b21] [plan] step=77 node=N9384 type=control0 reward_pred=0.146481 sequence=9.503158
[iscas99__b21 gpu0] [plan iscas99__b21] [plan] step=78 node=N11544 type=control0 reward_pred=0.144931 sequence=9.648089
[iscas99__b21 gpu0] [plan iscas99__b21] [plan] step=79 node=N22093 type=control1 reward_pred=0.148158 sequence=9.796247
[iscas99__b21 gpu0] [plan iscas99__b21] [plan] step=80 node=N11243 type=control0 reward_pred=0.145899 sequence=9.942146
[iscas99__b21 gpu0] [plan iscas99__b21] [plan] step=81 node=N11194 type=control0 reward_pred=0.144776 sequence=10.086922
[iscas99__b21 gpu0] [plan iscas99__b21] [plan] step=82 node=N11181 type=control0 reward_pred=0.143961 sequence=10.230883
[iscas99__b21 gpu0] [plan iscas99__b21] [plan] step=83 node=N25446 type=control1 reward_pred=0.145966 sequence=10.376849
[iscas99__b21 gpu0] [plan iscas99__b21] [plan] step=84 node=N13267 type=control0 reward_pred=0.143960 sequence=10.520809
[iscas99__b21 gpu0] [plan iscas99__b21] [plan] step=85 node=N11497 type=control0 reward_pred=0.142576 sequence=10.663385
[iscas99__b21 gpu0] [plan iscas99__b21] [plan] step=86 node=N12515 type=control1 reward_pred=0.149642 sequence=10.813027
[iscas99__b21 gpu0] [plan iscas99__b21] [plan] step=87 node=N14675 type=control0 reward_pred=0.145006 sequence=10.958034
[iscas99__b21 gpu0] [plan iscas99__b21] [plan] step=88 node=N8970 type=control1 reward_pred=0.153545 sequence=11.111578
[iscas99__b21 gpu0] [plan iscas99__b21] [plan] step=89 node=N11160 type=control0 reward_pred=0.147572 sequence=11.259150
[iscas99__b21 gpu0] [plan iscas99__b21] [plan] step=90 node=N25294 type=control1 reward_pred=0.148881 sequence=11.408031
[iscas99__b21 gpu0] [plan iscas99__b21] [plan] step=91 node=N15046 type=control0 reward_pred=0.145854 sequence=11.553885
[iscas99__b21 gpu0] [plan iscas99__b21] [plan] step=92 node=N25310 type=control1 reward_pred=0.146224 sequence=11.700109
[iscas99__b21 gpu0] [plan iscas99__b21] [plan] step=93 node=N55518 type=control0 reward_pred=0.141281 sequence=11.841390
[iscas99__b21 gpu0] [plan iscas99__b21] [plan] step=94 node=N1014 type=observe reward_pred=0.148387 sequence=11.989778
[iscas99__b21 gpu0] [plan iscas99__b21] [plan] step=95 node=N15753 type=control0 reward_pred=0.145591 sequence=12.135369
[iscas99__b21 gpu0] [plan iscas99__b21] [plan] step=96 node=N11226 type=control0 reward_pred=0.144220 sequence=12.279589
[iscas99__b21 gpu0] [plan iscas99__b21] [plan] step=97 node=N15816 type=control1 reward_pred=0.151814 sequence=12.431403
[iscas99__b21 gpu0] [plan iscas99__b21] [plan] step=98 node=N866 type=control0 reward_pred=0.151710 sequence=12.583114
[iscas99__b21 gpu0] [plan iscas99__b21] [plan] step=99 node=N4116 type=control0 reward_pred=0.152443 sequence=12.735556
[iscas99__b21 gpu0] [plan iscas99__b21] [plan] step=100 node=N4121 type=control0 reward_pred=0.152747 sequence=12.888304
[iscas99__b21 gpu0] [plan iscas99__b21] [plan] step=101 node=N12517 type=control1 reward_pred=0.154973 sequence=13.043277
[iscas99__b21 gpu0] [plan iscas99__b21] [plan] step=102 node=N15871 type=control1 reward_pred=0.155925 sequence=13.199202
[iscas99__b21 gpu0] [plan iscas99__b21] [plan] step=103 node=N15819 type=control1 reward_pred=0.158493 sequence=13.357694
[iscas99__b21 gpu0] [plan iscas99__b21] [plan] step=104 node=N8972 type=control1 reward_pred=0.159965 sequence=13.517660
[iscas99__b21 gpu0] [plan iscas99__b21] [plan] step=105 node=N13199 type=observe reward_pred=0.158010 sequence=13.675670
[iscas99__b21 gpu0] [plan iscas99__b21] [plan] step=106 node=N18929 type=observe reward_pred=0.157121 sequence=13.832791
[iscas99__b21 gpu0] [plan iscas99__b21] [plan] step=107 node=N1015 type=observe reward_pred=0.156591 sequence=13.989382
[iscas99__b21 gpu0] [plan iscas99__b21] [plan] step=108 node=N1010 type=observe reward_pred=0.156259 sequence=14.145641
[iscas99__b21 gpu0] [plan iscas99__b21] [plan] step=109 node=N13697 type=observe reward_pred=0.156165 sequence=14.301807
[iscas99__b21 gpu0] [plan iscas99__b21] [plan] step=110 node=N1011 type=observe reward_pred=0.155957 sequence=14.457764
[iscas99__b21 gpu0] [plan iscas99__b21] [plan] step=111 node=N1013 type=observe reward_pred=0.155730 sequence=14.613494
[iscas99__b21 gpu0] [plan iscas99__b21] [plan] step=112 node=N16827 type=observe reward_pred=0.155483 sequence=14.768977
[iscas99__b21 gpu0] [plan iscas99__b21] [plan] step=113 node=N25494 type=control1 reward_pred=0.152741 sequence=14.921718
[iscas99__b21 gpu0] [plan iscas99__b21] [plan] step=114 node=N12844 type=control0 reward_pred=0.151240 sequence=15.072958
[iscas99__b21 gpu0] [plan iscas99__b21] [plan] step=115 node=N19296 type=observe reward_pred=0.154794 sequence=15.227752
[iscas99__b21 gpu0] [plan iscas99__b21] [plan] step=116 node=N19768 type=observe reward_pred=0.155418 sequence=15.383169
[iscas99__b21 gpu0] [plan iscas99__b21] [plan] step=117 node=N3931 type=control0 reward_pred=0.152046 sequence=15.535215
[iscas99__b21 gpu0] [plan iscas99__b21] [plan] step=118 node=N20240 type=observe reward_pred=0.154704 sequence=15.689920
[iscas99__b21 gpu0] [plan iscas99__b21] [plan] step=119 node=N1009 type=observe reward_pred=0.154805 sequence=15.844725
[iscas99__b21 gpu0] [plan iscas99__b21] [plan] step=120 node=N16221 type=observe reward_pred=0.154521 sequence=15.999246
[iscas99__b21 gpu0] [plan iscas99__b21] [plan] step=121 node=N11318 type=control0 reward_pred=0.150774 sequence=16.150020
[iscas99__b21 gpu0] [plan iscas99__b21] [plan] step=122 node=N9316 type=observe reward_pred=0.153146 sequence=16.303166
[iscas99__b21 gpu0] [plan iscas99__b21] [plan] step=123 node=N17680 type=observe reward_pred=0.153470 sequence=16.456636
[iscas99__b21 gpu0] [plan iscas99__b21] [plan] step=124 node=N1005 type=observe reward_pred=0.153345 sequence=16.609981
[iscas99__b21 gpu0] [plan iscas99__b21] [plan] step=125 node=N25454 type=control1 reward_pred=0.150341 sequence=16.760322
[iscas99__b21 gpu0] [plan iscas99__b21] [plan] step=126 node=N14647 type=control0 reward_pred=0.148325 sequence=16.908646
[iscas99__b21 gpu0] [plan iscas99__b21] [plan] step=127 node=N13048 type=observe reward_pred=0.151890 sequence=17.060536
[iscas99__b21 gpu0] [plan iscas99__b21] [plan] step=128 node=N7169 type=control0 reward_pred=0.148726 sequence=17.209262
[iscas99__b21 gpu0] [plan iscas99__b21] [plan] step=129 node=N18780 type=observe reward_pred=0.152051 sequence=17.361314
[iscas99__b21 gpu0] [plan iscas99__b21] [plan] step=130 node=N15050 type=control0 reward_pred=0.148796 sequence=17.510110
[iscas99__b21 gpu0] [plan iscas99__b21] [plan] step=131 node=N61396 type=observe reward_pred=0.155223 sequence=17.665332
[iscas99__b21 gpu0] [plan iscas99__b21] [plan] step=132 node=N7264 type=observe reward_pred=0.152596 sequence=17.817929
[iscas99__b21 gpu0] [plan iscas99__b21] [plan] step=133 node=N59957 type=observe reward_pred=0.160091 sequence=17.978020
[iscas99__b21 gpu0] [plan iscas99__b21] [plan] step=134 node=N25374 type=control1 reward_pred=0.154393 sequence=18.132413
[iscas99__b21 gpu0] [plan iscas99__b21] [plan] step=135 node=N15073 type=control0 reward_pred=0.150948 sequence=18.283360
[iscas99__b21 gpu0] [plan iscas99__b21] [plan] step=136 node=N25366 type=control1 reward_pred=0.149700 sequence=18.433060
[iscas99__b21 gpu0] [plan iscas99__b21] [plan] step=137 node=N12622 type=control0 reward_pred=0.147956 sequence=18.581017
[iscas99__b21 gpu0] [plan iscas99__b21] [plan] step=138 node=N25478 type=control1 reward_pred=0.147470 sequence=18.728487
[iscas99__b21 gpu0] [plan iscas99__b21] [plan] step=139 node=N11472 type=control0 reward_pred=0.146030 sequence=18.874517
[iscas99__b21 gpu0] [plan iscas99__b21] [plan] step=140 node=N59865 type=control0 reward_pred=0.141175 sequence=19.015692
[iscas99__b21 gpu0] [plan iscas99__b21] [plan] step=141 node=N26267 type=observe reward_pred=0.154322 sequence=19.170014
[iscas99__b21 gpu0] [plan iscas99__b21] [plan] step=142 node=N31430 type=control0 reward_pred=0.151159 sequence=19.321173
[iscas99__b21 gpu0] [plan iscas99__b21] [plan] step=143 node=N55515 type=control0 reward_pred=0.143225 sequence=19.464398
[iscas99__b21 gpu0] [plan iscas99__b21] [plan] step=144 node=N9165 type=observe reward_pred=0.150763 sequence=19.615161
[iscas99__b21 gpu0] [plan iscas99__b21] [plan] step=145 node=N1004 type=observe reward_pred=0.153009 sequence=19.768170
[iscas99__b21 gpu0] [plan iscas99__b21] [plan] step=146 node=N31357 type=control0 reward_pred=0.150712 sequence=19.918882
[iscas99__b21 gpu0] [plan iscas99__b21] [plan] step=147 node=N31365 type=control0 reward_pred=0.149828 sequence=20.068709
[iscas99__b21 gpu0] [plan iscas99__b21] [plan] step=148 node=N11327 type=control0 reward_pred=0.147164 sequence=20.215873
[iscas99__b21 gpu0] [plan iscas99__b21] [plan] step=149 node=N1000 type=observe reward_pred=0.153176 sequence=20.369049
[iscas99__b21 gpu0] [plan iscas99__b21] [plan] step=150 node=N25302 type=control1 reward_pred=0.150878 sequence=20.519927
[iscas99__b21 gpu0] [plan iscas99__b21] [plan] step=151 node=N15055 type=control0 reward_pred=0.148558 sequence=20.668485
[iscas99__b21 gpu0] [plan iscas99__b21] [plan] step=152 node=N15779 type=observe reward_pred=0.152350 sequence=20.820836
[iscas99__b21 gpu0] [plan iscas99__b21] [plan] step=153 node=N22961 type=control0 reward_pred=0.151308 sequence=20.972144
[iscas99__b21 gpu0] [plan iscas99__b21] [plan] step=154 node=N15075 type=control0 reward_pred=0.148207 sequence=21.120351
[iscas99__b21 gpu0] [plan iscas99__b21] [plan] step=155 node=N1001 type=observe reward_pred=0.153643 sequence=21.273994
[iscas99__b21 gpu0] [plan iscas99__b21] [plan] step=156 node=N25406 type=control1 reward_pred=0.150670 sequence=21.424664
[iscas99__b21 gpu0] [plan iscas99__b21] [plan] step=157 node=N3955 type=control0 reward_pred=0.148510 sequence=21.573174
[iscas99__b21 gpu0] [plan iscas99__b21] [plan] step=158 node=N8938 type=observe reward_pred=0.152379 sequence=21.725552
[iscas99__b21 gpu0] [plan iscas99__b21] [plan] step=159 node=N7226 type=control0 reward_pred=0.149092 sequence=21.874644
[iscas99__b21 gpu0] [plan iscas99__b21] [plan] step=160 node=N1008 type=observe reward_pred=0.153711 sequence=22.028356
[iscas99__b21 gpu0] [plan iscas99__b21] [plan] step=161 node=N31434 type=control0 reward_pred=0.151922 sequence=22.180278
[iscas99__b21 gpu0] [plan iscas99__b21] [plan] step=162 node=N31711 type=control0 reward_pred=0.151267 sequence=22.331545
[iscas99__b21 gpu0] [plan iscas99__b21] [plan] step=163 node=N59847 type=control0 reward_pred=0.145136 sequence=22.476680
[iscas99__b21 gpu0] [plan iscas99__b21] [plan] step=164 node=N58022 type=control0 reward_pred=0.136304 sequence=22.612985
[iscas99__b21 gpu0] [plan iscas99__b21] [plan] step=165 node=N25326 type=control1 reward_pred=0.127703 sequence=22.740687
[iscas99__b21 gpu0] [plan iscas99__b21] [plan] step=166 node=N14997 type=control0 reward_pred=0.122272 sequence=22.862959
[iscas99__b21 gpu0] [plan iscas99__b21] [plan] step=167 node=N31760 type=control1 reward_pred=-0.111855 sequence=22.751104
[iscas99__b21 gpu0] [plan iscas99__b21] [plan] step=168 node=N1003 type=observe reward_pred=-0.108577 sequence=22.642527
[iscas99__b21 gpu0] [plan iscas99__b21] [plan] step=169 node=N991 type=observe reward_pred=-0.106378 sequence=22.536148
[iscas99__b21 gpu0] [plan iscas99__b21] [plan] step=170 node=N992 type=observe reward_pred=-0.105268 sequence=22.430880
[iscas99__b21 gpu0] [plan iscas99__b21] [plan] step=171 node=N14189 type=observe reward_pred=-0.104418 sequence=22.326462
[iscas99__b21 gpu0] [plan iscas99__b21] [plan] step=172 node=N997 type=observe reward_pred=-0.103751 sequence=22.222711
[iscas99__b21 gpu0] [plan iscas99__b21] [plan] step=173 node=N11085 type=control0 reward_pred=0.130211 sequence=22.352921
[iscas99__b21 gpu0] [plan iscas99__b21] [plan] step=174 node=N8901 type=control0 reward_pred=0.129636 sequence=22.482558
[iscas99__b21 gpu0] [plan iscas99__b21] [plan] step=175 node=N10971 type=control1 reward_pred=0.136662 sequence=22.619220
[iscas99__b21 gpu0] [plan iscas99__b21] [plan] step=176 node=N15769 type=control0 reward_pred=0.136293 sequence=22.755513
[iscas99__b21 gpu0] [plan iscas99__b21] [plan] step=177 node=N7199 type=control0 reward_pred=0.149928 sequence=22.905441
[iscas99__b21 gpu0] [plan iscas99__b21] [plan] step=178 node=N8877 type=observe reward_pred=0.153363 sequence=23.058804
[iscas99__b21 gpu0] [plan iscas99__b21] [plan] step=179 node=N26242 type=control0 reward_pred=0.152610 sequence=23.211413
[iscas99__b21 gpu0] [plan iscas99__b21] [plan] step=180 node=N15723 type=observe reward_pred=0.154181 sequence=23.365595
[iscas99__b21 gpu0] [plan iscas99__b21] [plan] step=181 node=N25462 type=control1 reward_pred=0.151771 sequence=23.517366
[iscas99__b21 gpu0] [plan iscas99__b21] [plan] step=182 node=N59979 type=control0 reward_pred=0.145674 sequence=23.663040
[iscas99__b21 gpu0] [plan iscas99__b21] [plan] step=183 node=N23462 type=control1 reward_pred=0.140747 sequence=23.803787
[iscas99__b21 gpu0] [plan iscas99__b21] [plan] step=184 node=N23087 type=control1 reward_pred=0.137587 sequence=23.941374
[iscas99__b21 gpu0] [plan iscas99__b21] [plan] step=185 node=N11088 type=control0 reward_pred=0.134523 sequence=24.075897
[iscas99__b21 gpu0] [plan iscas99__b21] [plan] step=186 node=N7262 type=control0 reward_pred=0.141969 sequence=24.217866
[iscas99__b21 gpu0] [plan iscas99__b21] [plan] step=187 node=N22990 type=control1 reward_pred=0.136812 sequence=24.354678
[iscas99__b21 gpu0] [plan iscas99__b21] [plan] step=188 node=N59308 type=control0 reward_pred=0.129656 sequence=24.484333
[iscas99__b21 gpu0] [plan iscas99__b21] [plan] step=189 node=N31478 type=control1 reward_pred=0.129161 sequence=24.613494
[iscas99__b21 gpu0] [plan iscas99__b21] [plan] step=190 node=N21340 type=control1 reward_pred=-0.107987 sequence=24.505508
[iscas99__b21 gpu0] [plan iscas99__b21] [plan] step=191 node=N21202 type=control1 reward_pred=-0.103171 sequence=24.402336
[iscas99__b21 gpu0] [plan iscas99__b21] [plan] step=192 node=N29903 type=observe reward_pred=-0.056225 sequence=24.346111
[iscas99__b21 gpu0] [plan iscas99__b21] [plan] step=193 node=N14620 type=control1 reward_pred=-0.057842 sequence=24.288269
[iscas99__b21 gpu0] [plan iscas99__b21] [plan] step=194 node=N996 type=observe reward_pred=-0.059072 sequence=24.229196
[iscas99__b21 gpu0] [plan iscas99__b21] [plan] step=195 node=N995 type=observe reward_pred=-0.059452 sequence=24.169744
[iscas99__b21 gpu0] [plan iscas99__b21] [plan] step=196 node=N11090 type=observe reward_pred=-0.060073 sequence=24.109671
[iscas99__b21 gpu0] [plan iscas99__b21] [plan] step=197 node=N59985 type=control0 reward_pred=0.144830 sequence=24.254501
[iscas99__b21 gpu0] [plan iscas99__b21] [plan] step=198 node=N10974 type=control1 reward_pred=0.153213 sequence=24.407714
[iscas99__b21 gpu0] [plan iscas99__b21] [plan] step=199 node=N17682 type=observe reward_pred=0.154334 sequence=24.562048
[iscas99__b21 gpu0] [plan iscas99__b21] [plan] step=200 node=N10972 type=control1 reward_pred=0.155663 sequence=24.717710
[iscas99__b21 gpu0] [plan iscas99__b21] [plan] step=201 node=N13050 type=observe reward_pred=0.155297 sequence=24.873008
[iscas99__b21 gpu0] [plan iscas99__b21] [plan] step=202 node=N9167 type=observe reward_pred=0.155032 sequence=25.028040
[iscas99__b21 gpu0] [plan iscas99__b21] [plan] step=203 node=N8940 type=observe reward_pred=0.154256 sequence=25.182295
[iscas99__b21 gpu0] [plan iscas99__b21] [plan] step=204 node=N15725 type=observe reward_pred=0.154224 sequence=25.336519
[iscas99__b21 gpu0] [plan iscas99__b21] [plan] step=205 node=N8876 type=observe reward_pred=0.154362 sequence=25.490881
[iscas99__b21 gpu0] [plan iscas99__b21] [plan] step=206 node=N15722 type=observe reward_pred=0.154532 sequence=25.645413
[iscas99__b21 gpu0] [plan iscas99__b21] [plan] step=207 node=N31426 type=control0 reward_pred=0.153590 sequence=25.799003
[iscas99__b21 gpu0] [plan iscas99__b21] [plan] step=208 node=N8879 type=observe reward_pred=0.155352 sequence=25.954355
[iscas99__b21 gpu0] [plan iscas99__b21] [plan] step=209 node=N28622 type=control0 reward_pred=0.154429 sequence=26.108784
[iscas99__b21 gpu0] [plan iscas99__b21] [plan] step=210 node=N15768 type=control0 reward_pred=0.154506 sequence=26.263290
[iscas99__b21 gpu0] [plan iscas99__b21] [plan] step=211 node=N3994 type=control0 reward_pred=0.153418 sequence=26.416708
[iscas99__b21 gpu0] [plan iscas99__b21] [plan] step=212 node=N18782 type=observe reward_pred=0.158258 sequence=26.574966
[iscas99__b21 gpu0] [plan iscas99__b21] [plan] step=213 node=N8878 type=observe reward_pred=0.157996 sequence=26.732962
[iscas99__b21 gpu0] [plan iscas99__b21] [plan] step=214 node=N31358 type=control0 reward_pred=0.156288 sequence=26.889250
[iscas99__b21 gpu0] [plan iscas99__b21] [plan] step=215 node=N15018 type=control0 reward_pred=0.153473 sequence=27.042723
[iscas99__b21 gpu0] [plan iscas99__b21] [plan] step=216 node=N34854 type=observe reward_pred=0.163998 sequence=27.206721
[iscas99__b21 gpu0] [plan iscas99__b21] [plan] step=217 node=N25318 type=control1 reward_pred=0.158895 sequence=27.365616
[iscas99__b21 gpu0] [plan iscas99__b21] [plan] step=218 node=N7205 type=control0 reward_pred=0.154433 sequence=27.520049
[iscas99__b21 gpu0] [plan iscas99__b21] [plan] step=219 node=N13548 type=observe reward_pred=0.158451 sequence=27.678500
[iscas99__b21 gpu0] [plan iscas99__b21] [plan] step=220 node=N25382 type=control1 reward_pred=0.155216 sequence=27.833716
[iscas99__b21 gpu0] [plan iscas99__b21] [plan] step=221 node=N32488 type=control1 reward_pred=0.147834 sequence=27.981550
[iscas99__b21 gpu0] [plan iscas99__b21] [plan] step=222 node=N59944 type=control1 reward_pred=0.144111 sequence=28.125662
[iscas99__b21 gpu0] [plan iscas99__b21] [plan] step=223 node=N14615 type=control1 reward_pred=0.140947 sequence=28.266609
[iscas99__b21 gpu0] [plan iscas99__b21] [plan] step=224 node=N58023 type=control0 reward_pred=0.133602 sequence=28.400211
[iscas99__b21 gpu0] [plan iscas99__b21] [plan] step=225 node=N3997 type=control0 reward_pred=0.141887 sequence=28.542098
[iscas99__b21 gpu0] [plan iscas99__b21] [plan] step=226 node=N34201 type=control1 reward_pred=0.137853 sequence=28.679952
[iscas99__b21 gpu0] [plan iscas99__b21] [plan] step=227 node=N34892 type=control0 reward_pred=0.134548 sequence=28.814499
[iscas99__b21 gpu0] [plan iscas99__b21] [plan] step=228 node=N34215 type=observe reward_pred=-0.094649 sequence=28.719850
[iscas99__b21 gpu0] [plan iscas99__b21] [plan] step=229 node=N4939 type=control1 reward_pred=-0.051178 sequence=28.668673
[iscas99__b21 gpu0] [plan iscas99__b21] [plan] step=230 node=N31494 type=control1 reward_pred=-0.049618 sequence=28.619054
[iscas99__b21 gpu0] [plan iscas99__b21] [plan] step=231 node=N22699 type=observe reward_pred=-0.049980 sequence=28.569075
[iscas99__b21 gpu0] [plan iscas99__b21] [plan] step=232 node=N57216 type=observe reward_pred=-0.053795 sequence=28.515280
[iscas99__b21 gpu0] [plan iscas99__b21] [plan] step=233 node=N23389 type=observe reward_pred=-0.051155 sequence=28.464125
[iscas99__b21 gpu0] [plan iscas99__b21] [plan] step=234 node=N8875 type=observe reward_pred=-0.055307 sequence=28.408818
[iscas99__b21 gpu0] [plan iscas99__b21] [plan] step=235 node=N23386 type=observe reward_pred=-0.051621 sequence=28.357197
[iscas99__b21 gpu0] [plan iscas99__b21] [plan] step=236 node=N31530 type=control1 reward_pred=-0.054112 sequence=28.303085
[iscas99__b21 gpu0] [plan iscas99__b21] [plan] step=237 node=N21197 type=control1 reward_pred=-0.049802 sequence=28.253282
[iscas99__b21 gpu0] [plan iscas99__b21] [plan] step=238 node=N15785 type=observe reward_pred=-0.054492 sequence=28.198791
[iscas99__b21 gpu0] [plan iscas99__b21] [plan] step=239 node=N55469 type=observe reward_pred=-0.053956 sequence=28.144835
[iscas99__b21 gpu0] [plan iscas99__b21] [plan] step=240 node=N7200 type=control0 reward_pred=0.151406 sequence=28.296241
[iscas99__b21 gpu0] [plan iscas99__b21] [plan] step=241 node=N34829 type=observe reward_pred=0.160016 sequence=28.456257
[iscas99__b21 gpu0] [plan iscas99__b21] [plan] step=242 node=N31535 type=observe reward_pred=0.161781 sequence=28.618038
[iscas99__b21 gpu0] [plan iscas99__b21] [plan] step=243 node=N34831 type=observe reward_pred=0.162080 sequence=28.780118
[iscas99__b21 gpu0] [plan iscas99__b21] [plan] step=244 node=N29904 type=observe reward_pred=0.162286 sequence=28.942404
[iscas99__b21 gpu0] [plan iscas99__b21] [plan] step=245 node=N26173 type=control0 reward_pred=0.161785 sequence=29.104189
[iscas99__b21 gpu0] [plan iscas99__b21] [plan] step=246 node=N34858 type=observe reward_pred=0.162769 sequence=29.266958
[iscas99__b21 gpu0] [plan iscas99__b21] [plan] step=247 node=N15821 type=observe reward_pred=0.161131 sequence=29.428089
[iscas99__b21 gpu0] [plan iscas99__b21] [plan] step=248 node=N57127 type=observe reward_pred=0.168017 sequence=29.596106
[iscas99__b21 gpu0] [plan iscas99__b21] [plan] step=249 node=N29906 type=observe reward_pred=0.165697 sequence=29.761803
[iscas99__b21 gpu0] [plan iscas99__b21] [plan] step=250 node=N15829 type=observe reward_pred=0.163106 sequence=29.924909
[iscas99__b21 gpu0] [plan iscas99__b21] [plan] step=251 node=N55578 type=observe reward_pred=0.168009 sequence=30.092918
[iscas99__b21 gpu0] [plan iscas99__b21] [plan] step=252 node=N34860 type=observe reward_pred=0.166461 sequence=30.259379
[iscas99__b21 gpu0] [plan iscas99__b21] [plan] step=253 node=N28547 type=control0 reward_pred=0.164098 sequence=30.423477
[iscas99__b21 gpu0] [plan iscas99__b21] [plan] step=254 node=N8974 type=observe reward_pred=0.162147 sequence=30.585624
[iscas99__b21 gpu0] [plan iscas99__b21] [plan] step=255 node=N59796 type=observe reward_pred=0.168687 sequence=30.754311
[iscas99__b21 gpu0] [plan iscas99__b21] [plan] step=256 node=N29886 type=observe reward_pred=0.167245 sequence=30.921556
[iscas99__b21 gpu0] [plan iscas99__b21] [plan] step=257 node=N26248 type=control0 reward_pred=0.164344 sequence=31.085900
[iscas99__b21 gpu0] [plan iscas99__b21] [plan] step=258 node=N3964 type=control0 reward_pred=0.159532 sequence=31.245432
[iscas99__b21 gpu0] [plan iscas99__b21] [plan] step=259 node=N59804 type=observe reward_pred=0.166478 sequence=31.411911
[iscas99__b21 gpu0] [plan iscas99__b21] [plan] step=260 node=N14902 type=control1 reward_pred=0.166392 sequence=31.578302
[iscas99__b21 gpu0] [plan iscas99__b21] [plan] step=261 node=N10976 type=observe reward_pred=0.164129 sequence=31.742432
[iscas99__b21 gpu0] [plan iscas99__b21] [plan] step=262 node=N28571 type=control0 reward_pred=0.161465 sequence=31.903896
[iscas99__b21 gpu0] [plan iscas99__b21] [plan] step=263 node=N24921 type=observe reward_pred=0.164476 sequence=32.068372
[iscas99__b21 gpu0] [plan iscas99__b21] [plan] step=264 node=N26245 type=control0 reward_pred=0.161765 sequence=32.230138
[iscas99__b21 gpu0] [plan iscas99__b21] [plan] step=265 node=N24929 type=observe reward_pred=0.164490 sequence=32.394628
[iscas99__b21 gpu0] [plan iscas99__b21] [plan] step=266 node=N28598 type=control0 reward_pred=0.161804 sequence=32.556432
[iscas99__b21 gpu0] [plan iscas99__b21] [plan] step=267 node=N34911 type=control1 reward_pred=0.153481 sequence=32.709913
[iscas99__b21 gpu0] [plan iscas99__b21] [plan] step=268 node=N1676 type=control1 reward_pred=0.148771 sequence=32.858684
[iscas99__b21 gpu0] [plan iscas99__b21] [plan] step=269 node=N32450 type=control1 reward_pred=0.145266 sequence=33.003950
[iscas99__b21 gpu0] [plan iscas99__b21] [plan] step=270 node=N31526 type=control0 reward_pred=0.142541 sequence=33.146491
[iscas99__b21 gpu0] [plan iscas99__b21] [plan] step=271 node=N8912 type=control0 reward_pred=0.148189 sequence=33.294680
[iscas99__b21 gpu0] [plan iscas99__b21] [plan] step=272 node=N15941 type=control1 reward_pred=0.166518 sequence=33.461198
[iscas99__b21 gpu0] [plan iscas99__b21] [plan] step=273 node=N24886 type=observe reward_pred=0.163159 sequence=33.624357
[iscas99__b21 gpu0] [plan iscas99__b21] [plan] step=274 node=N28625 type=control0 reward_pred=0.159648 sequence=33.784005
[iscas99__b21 gpu0] [plan iscas99__b21] [plan] step=275 node=N34857 type=observe reward_pred=0.161190 sequence=33.945195
[iscas99__b21 gpu0] [plan iscas99__b21] [plan] step=276 node=N8933 type=control0 reward_pred=0.155898 sequence=34.101093
[iscas99__b21 gpu0] [plan iscas99__b21] [plan] step=277 node=N3943 type=control0 reward_pred=0.154055 sequence=34.255148
[iscas99__b21 gpu0] [plan iscas99__b21] [plan] step=278 node=N59800 type=observe reward_pred=0.160625 sequence=34.415774
[iscas99__b21 gpu0] [plan iscas99__b21] [plan] step=279 node=N8935 type=control0 reward_pred=0.154827 sequence=34.570601
[iscas99__b21 gpu0] [plan iscas99__b21] [plan] step=280 node=N7244 type=control0 reward_pred=0.153358 sequence=34.723958
[iscas99__b21 gpu0] [plan iscas99__b21] [plan] step=281 node=N59854 type=observe reward_pred=0.159957 sequence=34.883916
[iscas99__b21 gpu0] [plan iscas99__b21] [plan] step=282 node=N15835 type=observe reward_pred=0.157691 sequence=35.041607
[iscas99__b21 gpu0] [plan iscas99__b21] [plan] step=283 node=N59790 type=observe reward_pred=0.165284 sequence=35.206890
[iscas99__b21 gpu0] [plan iscas99__b21] [plan] step=284 node=N27219 type=observe reward_pred=0.165926 sequence=35.372816
[iscas99__b21 gpu0] [plan iscas99__b21] [plan] step=285 node=N27264 type=observe reward_pred=0.165596 sequence=35.538412
[iscas99__b21 gpu0] [plan iscas99__b21] [plan] step=286 node=N31377 type=control0 reward_pred=0.162106 sequence=35.700518
[iscas99__b21 gpu0] [plan iscas99__b21] [plan] step=287 node=N27185 type=observe reward_pred=0.164261 sequence=35.864778
[iscas99__b21 gpu0] [plan iscas99__b21] [plan] step=288 node=N3940 type=control0 reward_pred=0.158237 sequence=36.023015
[iscas99__b21 gpu0] [plan iscas99__b21] [plan] step=289 node=N59911 type=observe reward_pred=0.164082 sequence=36.187097
[iscas99__b21 gpu0] [plan iscas99__b21] [plan] step=290 node=N29888 type=observe reward_pred=0.163319 sequence=36.350416
[iscas99__b21 gpu0] [plan iscas99__b21] [plan] step=291 node=N31518 type=control0 reward_pred=0.160573 sequence=36.510989
[iscas99__b21 gpu0] [plan iscas99__b21] [plan] step=292 node=N7190 type=control0 reward_pred=0.155591 sequence=36.666579
[iscas99__b21 gpu0] [plan iscas99__b21] [plan] step=293 node=N23390 type=control1 reward_pred=0.159179 sequence=36.825758
[iscas99__b21 gpu0] [plan iscas99__b21] [plan] step=294 node=N17896 type=control0 reward_pred=0.154139 sequence=36.979897
[iscas99__b21 gpu0] [plan iscas99__b21] [plan] step=295 node=N15793 type=observe reward_pred=0.157467 sequence=37.137364
[iscas99__b21 gpu0] [plan iscas99__b21] [plan] step=296 node=N31395 type=control0 reward_pred=0.155725 sequence=37.293089
[iscas99__b21 gpu0] [plan iscas99__b21] [plan] step=297 node=N18996 type=control0 reward_pred=0.151957 sequence=37.445046
[iscas99__b21 gpu0] [plan iscas99__b21] [plan] step=298 node=N25502 type=control1 reward_pred=0.137774 sequence=37.582820
[iscas99__b21 gpu0] [plan iscas99__b21] [plan] step=299 node=N8913 type=control0 reward_pred=0.133745 sequence=37.716565
[iscas99__b21 gpu0] [plan iscas99__b21] [plan] step=300 node=N25073 type=observe reward_pred=0.144938 sequence=37.861503
[iscas99__b21 gpu0] [plan iscas99__b21] [plan] step=301 node=N28628 type=control0 reward_pred=0.141530 sequence=38.003033
[iscas99__b21 gpu0] [plan iscas99__b21] [plan] step=302 node=N25282 type=control1 reward_pred=0.139729 sequence=38.142762
[iscas99__b21 gpu0] [plan iscas99__b21] [plan] step=303 node=N8914 type=control0 reward_pred=0.133233 sequence=38.275995
[iscas99__b21 gpu0] [plan iscas99__b21] [plan] step=304 node=N8910 type=control0 reward_pred=0.129312 sequence=38.405307
[iscas99__b21 gpu0] [plan iscas99__b21] [plan] step=305 node=N7178 type=control0 reward_pred=0.130737 sequence=38.536044
[iscas99__b21 gpu0] [plan iscas99__b21] [plan] step=306 node=N31379 type=control0 reward_pred=0.133548 sequence=38.669592
[iscas99__b21 gpu0] [plan iscas99__b21] [plan] step=307 node=N3925 type=control0 reward_pred=0.130956 sequence=38.800548
[iscas99__b21 gpu0] [plan iscas99__b21] [plan] step=308 node=N8939 type=control0 reward_pred=0.131595 sequence=38.932144
[iscas99__b21 gpu0] [plan iscas99__b21] [plan] step=309 node=N13266 type=control0 reward_pred=0.130545 sequence=39.062688
[iscas99__b21 gpu0] [plan iscas99__b21] [plan] step=310 node=N8937 type=control0 reward_pred=0.130984 sequence=39.193672
[iscas99__b21 gpu0] [plan iscas99__b21] [plan] step=311 node=N3913 type=control0 reward_pred=0.130397 sequence=39.324069
[iscas99__b21 gpu0] [plan iscas99__b21] [plan] step=312 node=N15746 type=control0 reward_pred=0.130628 sequence=39.454697
[iscas99__b21 gpu0] [plan iscas99__b21] [plan] step=313 node=N9383 type=control0 reward_pred=0.130297 sequence=39.584995
[iscas99__b21 gpu0] [plan iscas99__b21] [plan] step=314 node=N8900 type=control0 reward_pred=0.130382 sequence=39.715377
[iscas99__b21 gpu0] [plan iscas99__b21] [plan] step=315 node=N15079 type=control0 reward_pred=0.130153 sequence=39.845530
[iscas99__b21 gpu0] [plan iscas99__b21] [plan] step=316 node=N11019 type=control0 reward_pred=0.130113 sequence=39.975643
[iscas99__b21 gpu0] [plan iscas99__b21] [plan] step=317 node=N28595 type=control0 reward_pred=0.132431 sequence=40.108075
[iscas99__b21 gpu0] [plan iscas99__b21] [plan] step=318 node=N3951 type=control0 reward_pred=0.116783 sequence=40.224857
[iscas99__b21 gpu0] [plan iscas99__b21] [plan] step=319 node=N28592 type=control0 reward_pred=0.127721 sequence=40.352578
[iscas99__b21 gpu0] [plan iscas99__b21] [plan] step=320 node=N59844 type=control0 reward_pred=0.124146 sequence=40.476724
[iscas99__b21 gpu0] [plan iscas99__b21] [plan] step=321 node=N8911 type=control0 reward_pred=0.121719 sequence=40.598443
[iscas99__b21 gpu0] [plan iscas99__b21] [plan] step=322 node=N31527 type=control1 reward_pred=0.118323 sequence=40.716765
[iscas99__b21 gpu0] [plan iscas99__b21] [plan] step=323 node=N3908 type=control0 reward_pred=0.106086 sequence=40.822851
[iscas99__b21 gpu0] [plan iscas99__b21] [plan] step=324 node=N23973 type=control0 reward_pred=0.120184 sequence=40.943035
[iscas99__b21 gpu0] [plan iscas99__b21] [plan] step=325 node=N55506 type=control0 reward_pred=0.122834 sequence=41.065869
[iscas99__b21 gpu0] [plan iscas99__b21] [plan] step=326 node=N6237 type=observe reward_pred=0.165517 sequence=41.231385
[iscas99__b21 gpu0] [plan iscas99__b21] [plan] step=327 node=N25082 type=observe reward_pred=0.157296 sequence=41.388682
[iscas99__b21 gpu0] [plan iscas99__b21] [plan] step=328 node=N27410 type=observe reward_pred=0.157986 sequence=41.546668
[iscas99__b21 gpu0] [plan iscas99__b21] [plan] step=329 node=N59849 type=observe reward_pred=0.150482 sequence=41.697150
[iscas99__b21 gpu0] [plan iscas99__b21] [plan] step=330 node=N31427 type=control0 reward_pred=0.144852 sequence=41.842002
[iscas99__b21 gpu0] [plan iscas99__b21] [plan] step=331 node=N25486 type=control1 reward_pred=0.142317 sequence=41.984319
[iscas99__b21 gpu0] [plan iscas99__b21] [plan] step=332 node=N26203 type=control0 reward_pred=0.140119 sequence=42.124438
[iscas99__b21 gpu0] [plan iscas99__b21] [plan] step=333 node=N23972 type=control0 reward_pred=0.138535 sequence=42.262972
[iscas99__b21 gpu0] [plan iscas99__b21] [plan] step=334 node=N28583 type=control0 reward_pred=0.137358 sequence=42.400330
[iscas99__b21 gpu0] [plan iscas99__b21] [plan] step=335 node=N26224 type=control0 reward_pred=0.136430 sequence=42.536761
[iscas99__b21 gpu0] [plan iscas99__b21] [plan] step=336 node=N34175 type=control1 reward_pred=0.129102 sequence=42.665863
[iscas99__b21 gpu0] [plan iscas99__b21] [plan] step=337 node=N34176 type=control1 reward_pred=0.124572 sequence=42.790435
[iscas99__b21 gpu0] [plan iscas99__b21] [plan] step=338 node=N11093 type=control0 reward_pred=0.120457 sequence=42.910892
[iscas99__b21 gpu0] [plan iscas99__b21] [plan] step=339 node=N7256 type=control0 reward_pred=0.125515 sequence=43.036407
[iscas99__b21 gpu0] [plan iscas99__b21] [plan] step=340 node=N46565 type=control0 reward_pred=0.125163 sequence=43.161571
[iscas99__b21 gpu0] [plan iscas99__b21] [plan] step=341 node=N4005 type=observe reward_pred=0.148231 sequence=43.309802
[iscas99__b21 gpu0] [plan iscas99__b21] [plan] step=342 node=N5034 type=control0 reward_pred=0.148999 sequence=43.458800
[iscas99__b21 gpu0] [plan iscas99__b21] [plan] step=343 node=N17181 type=observe reward_pred=0.144690 sequence=43.603491
[iscas99__b21 gpu0] [plan iscas99__b21] [plan] step=344 node=N22975 type=control0 reward_pred=0.139904 sequence=43.743395
[iscas99__b21 gpu0] [plan iscas99__b21] [plan] step=345 node=N28607 type=control0 reward_pred=0.136873 sequence=43.880268
[iscas99__b21 gpu0] [plan iscas99__b21] [plan] step=346 node=N26200 type=control0 reward_pred=0.135161 sequence=44.015429
[iscas99__b21 gpu0] [plan iscas99__b21] [plan] step=347 node=N21336 type=control1 reward_pred=0.133621 sequence=44.149049
[iscas99__b21 gpu0] [plan iscas99__b21] [plan] step=348 node=N25398 type=control1 reward_pred=0.132236 sequence=44.281286
[iscas99__b21 gpu0] [plan iscas99__b21] [plan] step=349 node=N18243 type=control0 reward_pred=0.129414 sequence=44.410700
[iscas99__b21 gpu0] [plan iscas99__b21] [plan] step=350 node=N25422 type=control1 reward_pred=0.128470 sequence=44.539170
[iscas99__b21 gpu0] [plan iscas99__b21] [plan] step=351 node=N55503 type=control0 reward_pred=0.122371 sequence=44.661541
[iscas99__b21 gpu0] [plan iscas99__b21] [plan] step=352 node=N7174 type=control0 reward_pred=0.108976 sequence=44.770517
[iscas99__b21 gpu0] [plan iscas99__b21] [plan] step=353 node=N27911 type=control1 reward_pred=0.118593 sequence=44.889110
[iscas99__b21 gpu0] [plan iscas99__b21] [plan] step=354 node=N3998 type=control0 reward_pred=0.104037 sequence=44.993146
[iscas99__b21 gpu0] [plan iscas99__b21] [plan] step=355 node=N8931 type=control0 reward_pred=0.114705 sequence=45.107851
[iscas99__b21 gpu0] [plan iscas99__b21] [plan] step=356 node=N59927 type=control1 reward_pred=0.110943 sequence=45.218794
[iscas99__b21 gpu0] [plan iscas99__b21] [plan] step=357 node=N34221 type=control1 reward_pred=0.109124 sequence=45.327918
[iscas99__b21 gpu0] [plan iscas99__b21] [plan] step=358 node=N15839 type=control0 reward_pred=0.098541 sequence=45.426459
[iscas99__b21 gpu0] [plan iscas99__b21] [plan] step=359 node=N28604 type=control0 reward_pred=0.113626 sequence=45.540085
[iscas99__b21 gpu0] [plan iscas99__b21] [plan] step=360 node=N34174 type=control1 reward_pred=0.109654 sequence=45.649739
[iscas99__b21 gpu0] [plan iscas99__b21] [plan] step=361 node=N26196 type=control1 reward_pred=0.108353 sequence=45.758092
[iscas99__b21 gpu0] [plan iscas99__b21] [plan] step=362 node=N14648 type=control0 reward_pred=0.098308 sequence=45.856400
[iscas99__b21 gpu0] [plan iscas99__b21] [plan] step=363 node=N34184 type=control1 reward_pred=0.111220 sequence=45.967620
[iscas99__b21 gpu0] [plan iscas99__b21] [plan] step=364 node=N8992 type=control0 reward_pred=0.098776 sequence=46.066397
[iscas99__b21 gpu0] [plan iscas99__b21] [plan] step=365 node=N5042 type=control0 reward_pred=0.112873 sequence=46.179270
[iscas99__b21 gpu0] [plan iscas99__b21] [plan] step=366 node=N53520 type=control0 reward_pred=0.116179 sequence=46.295449
[iscas99__b21 gpu0] [plan iscas99__b21] [plan] step=367 node=N27400 type=observe reward_pred=0.132539 sequence=46.427988
[iscas99__b21 gpu0] [plan iscas99__b21] [plan] step=368 node=N29919 type=observe reward_pred=0.131310 sequence=46.559298
[iscas99__b21 gpu0] [plan iscas99__b21] [plan] step=369 node=N7214 type=control0 reward_pred=0.129341 sequence=46.688639
[iscas99__b21 gpu0] [plan iscas99__b21] [plan] step=370 node=N26212 type=control0 reward_pred=0.131140 sequence=46.819779
[iscas99__b21 gpu0] [plan iscas99__b21] [plan] step=371 node=N26227 type=control0 reward_pred=0.131787 sequence=46.951566
[iscas99__b21 gpu0] [plan iscas99__b21] [plan] step=372 node=N53333 type=control0 reward_pred=0.127993 sequence=47.079559
[iscas99__b21 gpu0] [plan iscas99__b21] [plan] step=373 node=N32444 type=control1 reward_pred=0.145839 sequence=47.225399
[iscas99__b21 gpu0] [plan iscas99__b21] [plan] step=374 node=N5038 type=control0 reward_pred=0.141277 sequence=47.366675
[iscas99__b21 gpu0] [plan iscas99__b21] [plan] step=375 node=N28616 type=control0 reward_pred=0.137951 sequence=47.504626
[iscas99__b21 gpu0] [plan iscas99__b21] [plan] step=376 node=N26236 type=control0 reward_pred=0.136281 sequence=47.640907
[iscas99__b21 gpu0] [plan iscas99__b21] [plan] step=377 node=N28613 type=control0 reward_pred=0.135424 sequence=47.776331
[iscas99__b21 gpu0] [plan iscas99__b21] [plan] step=378 node=N27871 type=control1 reward_pred=0.134974 sequence=47.911305
[iscas99__b21 gpu0] [plan iscas99__b21] [plan] step=379 node=N29865 type=control0 reward_pred=0.128803 sequence=48.040108
[iscas99__b21 gpu0] [plan iscas99__b21] [plan] step=380 node=N53283 type=control0 reward_pred=0.129484 sequence=48.169592
[iscas99__b21 gpu0] [plan iscas99__b21] [plan] step=381 node=N36658 type=control1 reward_pred=0.148415 sequence=48.318007
[iscas99__b21 gpu0] [plan iscas99__b21] [plan] step=382 node=N5033 type=control0 reward_pred=0.143258 sequence=48.461265
[iscas99__b21 gpu0] [plan iscas99__b21] [plan] step=383 node=N27751 type=control1 reward_pred=0.140581 sequence=48.601846
[iscas99__b21 gpu0] [plan iscas99__b21] [plan] step=384 node=N26215 type=control0 reward_pred=0.139809 sequence=48.741655
[iscas99__b21 gpu0] [plan iscas99__b21] [plan] step=385 node=N26233 type=control0 reward_pred=0.139463 sequence=48.881118
[iscas99__b21 gpu0] [plan iscas99__b21] [plan] step=386 node=N25438 type=control1 reward_pred=0.139172 sequence=49.020290
[iscas99__b21 gpu0] [plan iscas99__b21] [plan] step=387 node=N25350 type=control1 reward_pred=0.138980 sequence=49.159270
[iscas99__b21 gpu0] [plan iscas99__b21] [plan] step=388 node=N34816 type=control0 reward_pred=0.132458 sequence=49.291728
[iscas99__b21 gpu0] [plan iscas99__b21] [plan] step=389 node=N34224 type=control1 reward_pred=0.129743 sequence=49.421470
[iscas99__b21 gpu0] [plan iscas99__b21] [plan] step=390 node=N31529 type=control1 reward_pred=0.127873 sequence=49.549343
[iscas99__b21 gpu0] [plan iscas99__b21] [plan] step=391 node=N36701 type=control0 reward_pred=0.124418 sequence=49.673762
[iscas99__b21 gpu0] [plan iscas99__b21] [plan] step=392 node=N59839 type=control0 reward_pred=0.116976 sequence=49.790738
[iscas99__b21 gpu0] [plan iscas99__b21] [plan] step=393 node=N31575 type=control1 reward_pred=0.119903 sequence=49.910641
[iscas99__b21 gpu0] [plan iscas99__b21] [plan] step=394 node=N7234 type=control0 reward_pred=0.104718 sequence=50.015359
[iscas99__b21 gpu0] [plan iscas99__b21] [plan] step=395 node=N26182 type=control0 reward_pred=0.118338 sequence=50.133697
[iscas99__b21 gpu0] [plan iscas99__b21] [plan] step=396 node=N3972 type=control0 reward_pred=0.101390 sequence=50.235086
[iscas99__b21 gpu0] [plan iscas99__b21] [plan] step=397 node=N5035 type=control0 reward_pred=0.115998 sequence=50.351085
[iscas99__b21 gpu0] [plan iscas99__b21] [plan] step=398 node=N59835 type=control0 reward_pred=0.111366 sequence=50.462451
[iscas99__b21 gpu0] [plan iscas99__b21] [plan] step=399 node=N14655 type=control0 reward_pred=0.100060 sequence=50.562511
[iscas99__b21 gpu0] [plan iscas99__b21] [plan] step=400 node=N4561 type=control0 reward_pred=0.118341 sequence=50.680852
[iscas99__b21 gpu0] [plan iscas99__b21] [plan] step=401 node=N31557 type=control1 reward_pred=0.119157 sequence=50.800008
[iscas99__b21 gpu0] [plan iscas99__b21] [plan] step=402 node=N15868 type=control0 reward_pred=0.117876 sequence=50.917885
[iscas99__b21 gpu0] [plan iscas99__b21] [plan] step=403 node=N3919 type=control0 reward_pred=0.121168 sequence=51.039053
[iscas99__b21 gpu0] [plan iscas99__b21] [plan] step=404 node=N28556 type=control0 reward_pred=0.126535 sequence=51.165588
[iscas99__b21 gpu0] [plan iscas99__b21] [plan] step=405 node=N22270 type=control1 reward_pred=0.128210 sequence=51.293798
[iscas99__b21 gpu0] [plan iscas99__b21] [plan] step=406 node=N9021 type=control0 reward_pred=0.123662 sequence=51.417460
[iscas99__b21 gpu0] [plan iscas99__b21] [plan] step=407 node=N3095 type=control0 reward_pred=0.119787 sequence=51.537247
[iscas99__b21 gpu0] [plan iscas99__b21] [plan] step=408 node=N3926 type=control0 reward_pred=0.106952 sequence=51.644200
[iscas99__b21 gpu0] [plan iscas99__b21] [plan] step=409 node=N1311 type=control0 reward_pred=0.123955 sequence=51.768155
[iscas99__b21 gpu0] [plan iscas99__b21] [plan] step=410 node=N45072 type=control0 reward_pred=0.118252 sequence=51.886407
[iscas99__b21 gpu0] [plan iscas99__b21] [plan] step=411 node=N26257 type=control0 reward_pred=0.104884 sequence=51.991291
[iscas99__b21 gpu0] [plan iscas99__b21] [plan] step=412 node=N21120 type=observe reward_pred=-0.083723 sequence=51.907567
[iscas99__b21 gpu0] [plan iscas99__b21] [plan] step=413 node=N34921 type=observe reward_pred=-0.022536 sequence=51.885031
[iscas99__b21 gpu0] [plan iscas99__b21] [plan] step=414 node=N21123 type=observe reward_pred=-0.000821 sequence=51.884209
[iscas99__b21 gpu0] [plan iscas99__b21] [plan] step=415 node=N21126 type=observe reward_pred=0.210725 sequence=52.094934
[iscas99__b21 gpu0] [plan iscas99__b21] [plan] step=416 node=N21132 type=observe reward_pred=0.284916 sequence=52.379851
[iscas99__b21 gpu0] [plan iscas99__b21] [plan] step=417 node=N21108 type=observe reward_pred=0.372931 sequence=52.752782
[iscas99__b21 gpu0] [plan iscas99__b21] [plan] step=418 node=N21114 type=observe reward_pred=0.455611 sequence=53.208393
[iscas99__b21 gpu0] [plan iscas99__b21] [plan] step=419 node=N21111 type=observe reward_pred=0.510102 sequence=53.718495
[iscas99__b21 gpu0] [plan iscas99__b21] [plan] step=420 node=N21117 type=observe reward_pred=0.560061 sequence=54.278555
[iscas99__b21 gpu0] [plan iscas99__b21] [plan] step=421 node=N22012 type=observe reward_pred=0.577533 sequence=54.856089
[iscas99__b21 gpu0] [plan iscas99__b21] [plan] step=422 node=N22006 type=observe reward_pred=0.586839 sequence=55.442928
[iscas99__b21 gpu0] [plan iscas99__b21] [plan] step=423 node=N21105 type=observe reward_pred=0.638063 sequence=56.080991
[iscas99__b21 gpu0] [plan iscas99__b21] [plan] step=424 node=N22000 type=observe reward_pred=0.717644 sequence=56.798635
[iscas99__b21 gpu0] [plan iscas99__b21] [plan] step=425 node=N22030 type=observe reward_pred=0.762602 sequence=57.561237
[iscas99__b21 gpu0] [plan iscas99__b21] [plan] step=426 node=N22003 type=observe reward_pred=0.808287 sequence=58.369524
[iscas99__b21 gpu0] [plan iscas99__b21] [plan] step=427 node=N2720 type=observe reward_pred=0.867955 sequence=59.237479
[iscas99__b21 gpu0] [plan iscas99__b21] [plan] step=428 node=N22024 type=observe reward_pred=0.918459 sequence=60.155938
[iscas99__b21 gpu0] [plan iscas99__b21] [plan] step=429 node=N5901 type=observe reward_pred=1.020786 sequence=61.176724
[iscas99__b21 gpu0] [plan iscas99__b21] [plan] step=430 node=N5921 type=observe reward_pred=1.202366 sequence=62.379089
[iscas99__b21 gpu0] [plan iscas99__b21] [plan] step=431 node=N22015 type=observe reward_pred=1.485325 sequence=63.864414
[iscas99__b21 gpu0] [plan iscas99__b21] [plan] step=432 node=N2669 type=observe reward_pred=2.196992 sequence=66.061406
[iscas99__b21 gpu0] [plan iscas99__b21] [plan] step=433 node=N2722 type=observe reward_pred=2.837669 sequence=68.899076
[iscas99__b21 gpu0] [plan iscas99__b21] [plan] step=434 node=N22009 type=observe reward_pred=3.600644 sequence=72.499719
[iscas99__b21 gpu0] [plan iscas99__b21] [plan] step=435 node=N1612 type=observe reward_pred=4.159577 sequence=76.659297
[iscas99__b21 gpu0] [plan iscas99__b21] [plan] step=436 node=N4810 type=observe reward_pred=4.733610 sequence=81.392907
[iscas99__b21 gpu0] [plan iscas99__b21] [plan] step=437 node=N22018 type=observe reward_pred=5.319213 sequence=86.712120
[iscas99__b21 gpu0] [plan iscas99__b21] [plan] step=438 node=N1622 type=observe reward_pred=5.926090 sequence=92.638210
[iscas99__b21 gpu0] [plan iscas99__b21] [plan] step=439 node=N1608 type=observe reward_pred=6.558231 sequence=99.196441
[iscas99__b21 gpu0] [plan iscas99__b21] [plan] step=440 node=N1616 type=observe reward_pred=7.206989 sequence=106.403430
[iscas99__b21 gpu0] [plan iscas99__b21] [plan] step=441 node=N5927 type=observe reward_pred=7.874657 sequence=114.278087
[iscas99__b21 gpu0] [plan iscas99__b21] [plan] step=442 node=N1618 type=observe reward_pred=8.559939 sequence=122.838027
[iscas99__b21 gpu0] [plan iscas99__b21] [plan] step=443 node=N1606 type=observe reward_pred=9.267871 sequence=132.105898
[iscas99__b21 gpu0] [plan iscas99__b21] [plan] step=444 node=N21996 type=observe reward_pred=9.977633 sequence=142.083531
[iscas99__b21 gpu0] [plan iscas99__b21] [plan] step=445 node=N1610 type=observe reward_pred=10.703115 sequence=152.786646
[iscas99__b21 gpu0] [plan iscas99__b21] [plan] step=446 node=N1614 type=observe reward_pred=11.446907 sequence=164.233554
[iscas99__b21 gpu0] [plan iscas99__b21] [plan] step=447 node=N23237 type=observe reward_pred=12.210690 sequence=176.444244
[iscas99__b21 gpu0] [plan iscas99__b21] [plan] step=448 node=N5929 type=observe reward_pred=12.987107 sequence=189.431351
[iscas99__b21 gpu0] [plan iscas99__b21] [plan] step=449 node=N1552 type=observe reward_pred=13.829998 sequence=203.261349
[iscas99__b21 gpu0] [plan iscas99__b21] [plan] step=450 node=N4862 type=observe reward_pred=14.657814 sequence=217.919163
[iscas99__b21 gpu0] [plan iscas99__b21] [plan] step=451 node=N4858 type=observe reward_pred=15.507687 sequence=233.426850
[iscas99__b21 gpu0] [plan iscas99__b21] [plan] step=452 node=N4854 type=observe reward_pred=16.382074 sequence=249.808924
[iscas99__b21 gpu0] [plan iscas99__b21] [plan] step=453 node=N5871 type=observe reward_pred=17.147974 sequence=266.956898
[iscas99__b21 gpu0] [plan iscas99__b21] [plan] step=454 node=N24923 type=observe reward_pred=17.999220 sequence=284.956118
[iscas99__b21 gpu0] [plan iscas99__b21] [plan] step=455 node=N24699 type=observe reward_pred=18.771894 sequence=303.728013
[iscas99__b21 gpu0] [plan iscas99__b21] [plan] step=456 node=N4868 type=observe reward_pred=19.871252 sequence=323.599265
[iscas99__b21 gpu0] [plan iscas99__b21] [plan] step=457 node=N4856 type=observe reward_pred=20.932339 sequence=344.531603
[iscas99__b21 gpu0] [plan iscas99__b21] [plan] step=458 node=N4860 type=observe reward_pred=21.994173 sequence=366.525776
[iscas99__b21 gpu0] [plan iscas99__b21] [plan] step=459 node=N29918 type=observe reward_pred=22.837017 sequence=389.362794
[iscas99__b21 gpu0] [plan iscas99__b21] [plan] step=460 node=N24716 type=observe reward_pred=23.789347 sequence=413.152140
[iscas99__b21 gpu0] [plan iscas99__b21] [plan] step=461 node=N4802 type=observe reward_pred=25.026951 sequence=438.179091
[iscas99__b21 gpu0] [plan iscas99__b21] [plan] step=462 node=N35767 type=observe reward_pred=25.986551 sequence=464.165642
[iscas99__b21 gpu0] [plan iscas99__b21] [plan] step=463 node=N35941 type=observe reward_pred=27.031151 sequence=491.196793
[iscas99__b21 gpu0] [plan iscas99__b21] [plan] step=464 node=N4794 type=observe reward_pred=28.375360 sequence=519.572154
[iscas99__b21 gpu0] [plan iscas99__b21] [plan] step=465 node=N24682 type=observe reward_pred=29.438620 sequence=549.010773
[iscas99__b21 gpu0] [plan iscas99__b21] [plan] step=466 node=N34842 type=observe reward_pred=30.586599 sequence=579.597373
[iscas99__b21 gpu0] [plan iscas99__b21] [plan] step=467 node=N2343 type=observe reward_pred=31.902294 sequence=611.499667
[iscas99__b21 gpu0] [plan iscas99__b21] [plan] step=468 node=N21696 type=observe reward_pred=33.342079 sequence=644.841746
[iscas99__b21 gpu0] [plan iscas99__b21] [plan] step=469 node=N27015 type=observe reward_pred=34.542133 sequence=679.383879
[iscas99__b21 gpu0] [plan iscas99__b21] [plan] step=470 node=N22095 type=control1 reward_pred=35.763485 sequence=715.147364
[iscas99__b21 gpu0] [plan iscas99__b21] [plan] step=471 node=N28318 type=control1 reward_pred=37.047287 sequence=752.194651
[iscas99__b21 gpu0] [plan iscas99__b21] [plan] step=472 node=N25952 type=control1 reward_pred=38.382664 sequence=790.577315
[iscas99__b21 gpu0] [plan iscas99__b21] [plan] step=473 node=N59784 type=observe reward_pred=39.730049 sequence=830.307364
[iscas99__b21 gpu0] [plan iscas99__b21] [plan] step=474 node=N24665 type=observe reward_pred=41.279579 sequence=871.586943
[iscas99__b21 gpu0] [plan iscas99__b21] [plan] step=475 node=N21993 type=observe reward_pred=43.074398 sequence=914.661341
[iscas99__b21 gpu0] [plan iscas99__b21] [plan] step=476 node=N4850 type=observe reward_pred=44.824554 sequence=959.485896
[iscas99__b21 gpu0] [plan iscas99__b21] [plan] step=477 node=N11251 type=observe reward_pred=46.448032 sequence=1005.933928
[iscas99__b21 gpu0] [plan iscas99__b21] [plan] step=478 node=N10462 type=observe reward_pred=48.132370 sequence=1054.066298
[iscas99__b21 gpu0] [plan iscas99__b21] [plan] step=479 node=N11221 type=observe reward_pred=49.867004 sequence=1103.933303
[iscas99__b21 gpu0] [plan iscas99__b21] [plan] step=480 node=N31685 type=control1 reward_pred=51.398659 sequence=1155.331961
[iscas99__b21 gpu0] [plan iscas99__b21] [plan] step=481 node=N34202 type=control1 reward_pred=53.018127 sequence=1208.350089
[iscas99__b21 gpu0] [plan iscas99__b21] [plan] step=482 node=N22852 type=control1 reward_pred=54.741051 sequence=1263.091139
[iscas99__b21 gpu0] [plan iscas99__b21] [plan] step=483 node=N31439 type=control1 reward_pred=56.509758 sequence=1319.600897
[iscas99__b21 gpu0] [plan iscas99__b21] [plan] step=484 node=N31549 type=control1 reward_pred=58.344368 sequence=1377.945265
[iscas99__b21 gpu0] [plan iscas99__b21] [plan] step=485 node=N31472 type=control1 reward_pred=60.239773 sequence=1438.185038
[iscas99__b21 gpu0] [plan iscas99__b21] [plan] step=486 node=N28576 type=control1 reward_pred=62.193020 sequence=1500.378058
[iscas99__b21 gpu0] [plan iscas99__b21] [plan] step=487 node=N28599 type=control1 reward_pred=64.234818 sequence=1564.612876
[iscas99__b21 gpu0] [plan iscas99__b21] [plan] step=488 node=N26195 type=control1 reward_pred=66.323563 sequence=1630.936438
[iscas99__b21 gpu0] [plan iscas99__b21] [plan] step=489 node=N28635 type=control1 reward_pred=68.442085 sequence=1699.378523
[iscas99__b21 gpu0] [plan iscas99__b21] [plan] step=490 node=N28568 type=control1 reward_pred=70.653542 sequence=1770.032065
[iscas99__b21 gpu0] [plan iscas99__b21] [plan] step=491 node=N28572 type=control1 reward_pred=72.899323 sequence=1842.931388
[iscas99__b21 gpu0] [plan iscas99__b21] [plan] step=492 node=N26219 type=control1 reward_pred=75.236092 sequence=1918.167479
[iscas99__b21 gpu0] [plan iscas99__b21] [plan] step=493 node=N28636 type=control1 reward_pred=77.611984 sequence=1995.779463
[iscas99__b21 gpu0] [plan iscas99__b21] [plan] step=494 node=N36808 type=control1 reward_pred=80.058701 sequence=2075.838164
[iscas99__b21 gpu0] [plan iscas99__b21] [plan] step=495 node=N31541 type=control1 reward_pred=82.575127 sequence=2158.413291
[iscas99__b21 gpu0] [plan iscas99__b21] [plan] step=496 node=N31556 type=control1 reward_pred=85.161041 sequence=2243.574332
[iscas99__b21 gpu0] [plan iscas99__b21] [plan] step=497 node=N31548 type=control1 reward_pred=87.818268 sequence=2331.392600
[iscas99__b21 gpu0] [plan iscas99__b21] [plan] step=498 node=N31471 type=control1 reward_pred=90.548752 sequence=2421.941352
[iscas99__b21 gpu0] [plan iscas99__b21] [plan] step=499 node=N26216 type=control1 reward_pred=93.371071 sequence=2515.312422
[iscas99__b21 gpu0] [plan iscas99__b21] [plan] step=500 node=N48097 type=observe reward_pred=96.210655 sequence=2611.523078
[iscas99__b21 gpu0] [plan iscas99__b21] [plan] step=501 node=N23224 type=observe reward_pred=99.758629 sequence=2711.281706
[iscas99__b21 gpu0] [plan iscas99__b21] [plan] step=502 node=N12850 type=observe reward_pred=103.015244 sequence=2814.296950
[iscas99__b21 gpu0] [plan iscas99__b21] [plan] step=503 node=N58764 type=observe reward_pred=105.906708 sequence=2920.203658
[iscas99__b21 gpu0] [plan iscas99__b21] [plan] step=504 node=N61392 type=observe reward_pred=109.206474 sequence=3029.410132
[iscas99__b21 gpu0] [plan iscas99__b21] [plan] step=505 node=N59326 type=observe reward_pred=112.603081 sequence=3142.013213
[iscas99__b21 gpu0] [plan iscas99__b21] [plan] step=506 node=N58463 type=observe reward_pred=116.232544 sequence=3258.245757
[iscas99__b21 gpu0] [plan iscas99__b21] [plan] step=507 node=N48099 type=observe reward_pred=119.486328 sequence=3377.732085
[iscas99__b21 gpu0] [plan iscas99__b21] [plan] step=508 node=N61382 type=observe reward_pred=123.147385 sequence=3500.879470
[iscas99__b21 gpu0] [plan iscas99__b21] [plan] step=509 node=N31506 type=observe reward_pred=126.950325 sequence=3627.829795
[iscas99__b21 gpu0] [plan iscas99__b21] [plan] step=510 node=N31464 type=observe reward_pred=130.827255 sequence=3758.657050
[iscas99__b21 gpu0] [plan iscas99__b21] [plan] step=511 node=N31454 type=observe reward_pred=134.797638 sequence=3893.454688
[iscas99__b21 gpu0] [plan iscas99__b21] [plan] step=512 node=N31493 type=observe reward_pred=138.869598 sequence=4032.324286
[iscas99__b21 gpu0] [plan iscas99__b21] [plan] step=513 node=N11256 type=observe reward_pred=143.159912 sequence=4175.484198
[iscas99__b21 gpu0] [plan iscas99__b21] [plan] step=514 node=N11230 type=observe reward_pred=147.537231 sequence=4323.021430
[iscas99__b21 gpu0] [plan iscas99__b21] [plan] step=515 node=N22973 type=observe reward_pred=153.545090 sequence=4476.566519
[iscas99__b21 gpu0] [plan iscas99__b21] [plan] step=516 node=N34026 type=observe reward_pred=157.686417 sequence=4634.252936
[iscas99__b21 gpu0] [plan iscas99__b21] [plan] step=517 node=N22896 type=observe reward_pred=162.106750 sequence=4796.359686
[iscas99__b21 gpu0] [plan iscas99__b21] [plan] step=518 node=N60522 type=observe reward_pred=166.824188 sequence=4963.183875
[iscas99__b21 gpu0] [plan iscas99__b21] [plan] step=519 node=N22898 type=observe reward_pred=171.634918 sequence=5134.818793
[iscas99__b21 gpu0] [plan iscas99__b21] [plan] step=520 node=N22893 type=observe reward_pred=176.623108 sequence=5311.441901
[iscas99__b21 gpu0] [plan iscas99__b21] [plan] step=521 node=N22982 type=observe reward_pred=181.981262 sequence=5493.423163
[iscas99__b21 gpu0] [plan iscas99__b21] [plan] step=522 node=N11060 type=observe reward_pred=187.316925 sequence=5680.740088
[iscas99__b21 gpu0] [plan iscas99__b21] [plan] step=523 node=N22895 type=observe reward_pred=192.747253 sequence=5873.487342
[iscas99__b21 gpu0] [plan iscas99__b21] [plan] step=524 node=N31687 type=observe reward_pred=198.315720 sequence=6071.803061
[iscas99__b21 gpu0] [plan iscas99__b21] [plan] step=525 node=N29880 type=observe reward_pred=204.040070 sequence=6275.843131
[iscas99__b21 gpu0] [plan iscas99__b21] [plan] step=526 node=N29882 type=observe reward_pred=209.933884 sequence=6485.777014
[iscas99__b21 gpu0] [plan iscas99__b21] [plan] step=527 node=N29878 type=observe reward_pred=215.990051 sequence=6701.767066
[iscas99__b21 gpu0] [plan iscas99__b21] [plan] step=528 node=N29884 type=observe reward_pred=222.216248 sequence=6923.983313
[iscas99__b21 gpu0] [plan iscas99__b21] [plan] step=529 node=N29905 type=observe reward_pred=228.614548 sequence=7152.597861
[iscas99__b21 gpu0] [plan iscas99__b21] [plan] step=530 node=N46903 type=observe reward_pred=235.035980 sequence=7387.633841
[iscas99__b21 gpu0] [plan iscas99__b21] [plan] step=531 node=N55456 type=observe reward_pred=241.500671 sequence=7629.134513
[iscas99__b21 gpu0] [plan iscas99__b21] [plan] step=532 node=N29907 type=observe reward_pred=248.566406 sequence=7877.700919
[iscas99__b21 gpu0] [plan iscas99__b21] [plan] step=533 node=N34835 type=observe reward_pred=255.740265 sequence=8133.441184
[iscas99__b21 gpu0] [plan iscas99__b21] [plan] step=534 node=N26981 type=observe reward_pred=263.082153 sequence=8396.523337
[iscas99__b21 gpu0] [plan iscas99__b21] [plan] step=535 node=N57994 type=observe reward_pred=270.273499 sequence=8666.796836
[iscas99__b21 gpu0] [plan iscas99__b21] [plan] step=536 node=N54069 type=observe reward_pred=277.767242 sequence=8944.564078
[iscas99__b21 gpu0] [plan iscas99__b21] [plan] step=537 node=N54071 type=observe reward_pred=285.507294 sequence=9230.071372
[iscas99__b21 gpu0] [plan iscas99__b21] [plan] step=538 node=N59941 type=observe reward_pred=293.493439 sequence=9523.564810
[iscas99__b21 gpu0] [plan iscas99__b21] [plan] step=539 node=N34859 type=observe reward_pred=302.081848 sequence=9825.646659
[iscas99__b21 gpu0] [plan iscas99__b21] [plan] step=540 node=N34837 type=observe reward_pred=310.740997 sequence=10136.387656
[iscas99__b21 gpu0] [plan iscas99__b21] [plan] step=541 node=N55512 type=observe reward_pred=319.421143 sequence=10455.808798
[iscas99__b21 gpu0] [plan iscas99__b21] [plan] step=542 node=N59848 type=observe reward_pred=328.370117 sequence=10784.178916
[iscas99__b21 gpu0] [plan iscas99__b21] [plan] step=543 node=N55509 type=observe reward_pred=337.576904 sequence=11121.755820
[iscas99__b21 gpu0] [plan iscas99__b21] [plan] step=544 node=N34843 type=observe reward_pred=347.200775 sequence=11468.956595
[iscas99__b21 gpu0] [plan iscas99__b21] [plan] step=545 node=N34872 type=observe reward_pred=357.034393 sequence=11825.990988
[iscas99__b21 gpu0] [plan iscas99__b21] [plan] step=546 node=N55519 type=observe reward_pred=366.810669 sequence=12192.801657
[iscas99__b21 gpu0] [plan iscas99__b21] [plan] step=547 node=N25018 type=observe reward_pred=376.924805 sequence=12569.726462
[iscas99__b21 gpu0] [plan iscas99__b21] [plan] step=548 node=N22692 type=observe reward_pred=387.342896 sequence=12957.069358
[iscas99__b21 gpu0] [plan iscas99__b21] [plan] step=549 node=N22694 type=observe reward_pred=398.063477 sequence=13355.132834
[iscas99__b21 gpu0] [plan iscas99__b21] [plan] step=550 node=N61468 type=observe reward_pred=409.096497 sequence=13764.229331
[iscas99__b21 gpu0] [plan iscas99__b21] [plan] step=551 node=N36063 type=observe reward_pred=420.751526 sequence=14184.980857
[iscas99__b21 gpu0] [plan iscas99__b21] [plan] step=552 node=N22696 type=observe reward_pred=432.283661 sequence=14617.264517
[iscas99__b21 gpu0] [plan iscas99__b21] [plan] step=553 node=N22690 type=observe reward_pred=444.196808 sequence=15061.461325
[iscas99__b21 gpu0] [plan iscas99__b21] [plan] step=554 node=N59974 type=observe reward_pred=456.462799 sequence=15517.924124
[iscas99__b21 gpu0] [plan iscas99__b21] [plan] step=555 node=N22094 type=observe reward_pred=469.040100 sequence=15986.964224
[iscas99__b21 gpu0] [plan iscas99__b21] [plan] step=556 node=N31573 type=observe reward_pred=482.319672 sequence=16469.283896
[iscas99__b21 gpu0] [plan iscas99__b21] [plan] step=557 node=N34231 type=observe reward_pred=495.830597 sequence=16965.114493
[iscas99__b21 gpu0] [plan iscas99__b21] [plan] step=558 node=N27350 type=observe reward_pred=509.356537 sequence=17474.471030
[iscas99__b21 gpu0] [plan iscas99__b21] [plan] step=559 node=N21988 type=observe reward_pred=523.940430 sequence=17998.411460
[iscas99__b21 gpu0] [plan iscas99__b21] [plan] step=560 node=N23384 type=observe reward_pred=538.143677 sequence=18536.555136
[iscas99__b21 gpu0] [plan iscas99__b21] [plan] step=561 node=N61085 type=observe reward_pred=552.841858 sequence=19089.396994
[iscas99__b21 gpu0] [plan iscas99__b21] [plan] step=562 node=N58307 type=observe reward_pred=567.984375 sequence=19657.381369
[iscas99__b21 gpu0] [plan iscas99__b21] [plan] step=563 node=N61787 type=observe reward_pred=583.563538 sequence=20240.944907
[iscas99__b21 gpu0] [plan iscas99__b21] [plan] step=564 node=N23250 type=observe reward_pred=600.218201 sequence=20841.163108
[iscas99__b21 gpu0] [plan iscas99__b21] [plan] step=565 node=N23006 type=observe reward_pred=616.812866 sequence=21457.975974
[iscas99__b21 gpu0] [plan iscas99__b21] [plan] step=566 node=N35503 type=observe reward_pred=633.868835 sequence=22091.844809
[iscas99__b21 gpu0] [plan iscas99__b21] [plan] step=567 node=N33329 type=observe reward_pred=651.381409 sequence=22743.226218
[iscas99__b21 gpu0] [plan iscas99__b21] [plan] step=568 node=N18337 type=observe reward_pred=669.507751 sequence=23412.733969
[iscas99__b21 gpu0] [plan iscas99__b21] [plan] step=569 node=N23526 type=observe reward_pred=687.906677 sequence=24100.640647
[iscas99__b21 gpu0] [plan iscas99__b21] [plan] step=570 node=N35329 type=observe reward_pred=706.834412 sequence=24807.475058
[iscas99__b21 gpu0] [plan iscas99__b21] [plan] step=571 node=N35579 type=observe reward_pred=726.281982 sequence=25533.757041
[iscas99__b21 gpu0] [plan iscas99__b21] [plan] step=572 node=N33517 type=observe reward_pred=746.258240 sequence=26280.015280
[iscas99__b21 gpu0] [plan iscas99__b21] [plan] step=573 node=N33762 type=observe reward_pred=766.775696 sequence=27046.790976
[iscas99__b21 gpu0] [plan iscas99__b21] [plan] step=574 node=N23236 type=observe reward_pred=787.848267 sequence=27834.639243
[iscas99__b21 gpu0] [plan iscas99__b21] [plan] step=575 node=N25023 type=observe reward_pred=809.212280 sequence=28643.851523
[iscas99__b21 gpu0] [plan iscas99__b21] [plan] step=576 node=N24154 type=control0 reward_pred=831.158936 sequence=29475.010459
[iscas99__b21 gpu0] [plan iscas99__b21] [plan] step=577 node=N26498 type=control0 reward_pred=853.759705 sequence=30328.770163
[iscas99__b21 gpu0] [plan iscas99__b21] [plan] step=578 node=N12593 type=control0 reward_pred=877.007019 sequence=31205.777182
[iscas99__b21 gpu0] [plan iscas99__b21] [plan] step=579 node=N14990 type=control0 reward_pred=900.862732 sequence=32106.639914
[iscas99__b21 gpu0] [plan iscas99__b21] [plan] step=580 node=N1214 type=control0 reward_pred=925.367065 sequence=33032.006980
[iscas99__b21 gpu0] [plan iscas99__b21] [plan] step=581 node=N1216 type=control0 reward_pred=950.544739 sequence=33982.551718
[iscas99__b21 gpu0] [plan iscas99__b21] [plan] step=582 node=N1222 type=control0 reward_pred=976.410034 sequence=34958.961753
[iscas99__b21 gpu0] [plan iscas99__b21] [plan] step=583 node=N1218 type=control0 reward_pred=1002.978638 sequence=35961.940390
[iscas99__b21 gpu0] [plan iscas99__b21] [plan] step=584 node=N52446 type=control0 reward_pred=1030.541138 sequence=36992.481528
[iscas99__b21 gpu0] [plan iscas99__b21] [plan] step=585 node=N1204 type=control0 reward_pred=1058.490479 sequence=38050.972006
[iscas99__b21 gpu0] [plan iscas99__b21] [plan] step=586 node=N5041 type=control0 reward_pred=1087.248535 sequence=39138.220542
[iscas99__b21 gpu0] [plan iscas99__b21] [plan] step=587 node=N31572 type=observe reward_pred=1117.315063 sequence=40255.535605
[iscas99__b21 gpu0] [plan iscas99__b21] [plan] step=588 node=N59832 type=control0 reward_pred=1147.768677 sequence=41403.304282
[iscas99__b21 gpu0] [plan iscas99__b21] [plan] step=589 node=N55497 type=control0 reward_pred=1179.046509 sequence=42582.350791
[iscas99__b21 gpu0] [plan iscas99__b21] [plan] step=590 node=N8897 type=control0 reward_pred=1210.948730 sequence=43793.299521
[iscas99__b21 gpu0] [plan iscas99__b21] [plan] step=591 node=N52583 type=control0 reward_pred=1244.003784 sequence=45037.303305
[iscas99__b21 gpu0] [plan iscas99__b21] [plan] step=592 node=N52688 type=control0 reward_pred=1277.898438 sequence=46315.201743
[iscas99__b21 gpu0] [plan iscas99__b21] [plan] step=593 node=N3680 type=control0 reward_pred=1312.671387 sequence=47627.873129
[iscas99__b21 gpu0] [plan iscas99__b21] [plan] step=594 node=N24148 type=control0 reward_pred=1348.293823 sequence=48976.166953
[iscas99__b21 gpu0] [plan iscas99__b21] [plan] step=595 node=N26483 type=control0 reward_pred=1384.911987 sequence=50361.078940
[iscas99__b21 gpu0] [plan iscas99__b21] [plan] step=596 node=N15738 type=control0 reward_pred=1422.430054 sequence=51783.508994
[iscas99__b21 gpu0] [plan iscas99__b21] [plan] step=597 node=N1210 type=control0 reward_pred=1460.984375 sequence=53244.493369
[iscas99__b21 gpu0] [plan iscas99__b21] [plan] step=598 node=N1208 type=control0 reward_pred=1500.592407 sequence=54745.085776
[iscas99__b21 gpu0] [plan iscas99__b21] [plan] step=599 node=N51180 type=control0 reward_pred=1541.297974 sequence=56286.383750
[iscas99__b21 gpu0] [plan iscas99__b21] [plan] step=600 node=N24270 type=control0 reward_pred=1583.188110 sequence=57869.571860
[iscas99__b21 gpu0] [plan iscas99__b21] [plan] step=601 node=N3185 type=control0 reward_pred=1626.103882 sequence=59495.675742
[iscas99__b21 gpu0] [plan iscas99__b21] [plan] step=602 node=N3140 type=control0 reward_pred=1670.194214 sequence=61165.869956
[iscas99__b21 gpu0] [plan iscas99__b21] [plan] step=603 node=N3006 type=control0 reward_pred=1715.478149 sequence=62881.348105
[iscas99__b21 gpu0] [plan iscas99__b21] [plan] step=604 node=N2961 type=control0 reward_pred=1761.985840 sequence=64643.333945
[iscas99__b21 gpu0] [plan iscas99__b21] [plan] step=605 node=N3104 type=control0 reward_pred=1809.750366 sequence=66453.084311
[iscas99__b21 gpu0] [plan iscas99__b21] [plan] step=606 node=N3149 type=control0 reward_pred=1858.803101 sequence=68311.887412
[iscas99__b21 gpu0] [plan iscas99__b21] [plan] step=607 node=N2997 type=control0 reward_pred=1909.177979 sequence=70221.065390
[iscas99__b21 gpu0] [plan iscas99__b21] [plan] step=608 node=N3086 type=control0 reward_pred=1960.909424 sequence=72181.974814
[iscas99__b21 gpu0] [plan iscas99__b21] [plan] step=609 node=N2970 type=control0 reward_pred=2014.034058 sequence=74196.008872
[iscas99__b21 gpu0] [plan iscas99__b21] [plan] step=610 node=N2979 type=control0 reward_pred=2068.588867 sequence=76264.597739
[iscas99__b21 gpu0] [plan iscas99__b21] [plan] step=611 node=N3131 type=control0 reward_pred=2124.612549 sequence=78389.210288
[iscas99__b21 gpu0] [plan iscas99__b21] [plan] step=612 node=N3167 type=control0 reward_pred=2182.144287 sequence=80571.354575
[iscas99__b21 gpu0] [plan iscas99__b21] [plan] step=613 node=N2948 type=control0 reward_pred=2241.225098 sequence=82812.579672
[iscas99__b21 gpu0] [plan iscas99__b21] [plan] step=614 node=N3041 type=control0 reward_pred=2301.895996 sequence=85114.475669
[iscas99__b21 gpu0] [plan iscas99__b21] [plan] step=615 node=N3077 type=control0 reward_pred=2364.199951 sequence=87478.675620
[iscas99__b21 gpu0] [plan iscas99__b21] [plan] step=616 node=N3050 type=control0 reward_pred=2428.180420 sequence=89906.856040
[iscas99__b21 gpu0] [plan iscas99__b21] [plan] step=617 node=N1220 type=control0 reward_pred=2493.841064 sequence=92400.697104
[iscas99__b21 gpu0] [plan iscas99__b21] [plan] step=618 node=N24142 type=control0 reward_pred=2561.427246 sequence=94962.124350
[iscas99__b21 gpu0] [plan iscas99__b21] [plan] step=619 node=N3024 type=control0 reward_pred=2630.685547 sequence=97592.809897
[iscas99__b21 gpu0] [plan iscas99__b21] [plan] step=620 node=N3059 type=control0 reward_pred=2701.828857 sequence=100294.638754
[iscas99__b21 gpu0] [plan iscas99__b21] [plan] step=621 node=N3194 type=control0 reward_pred=2774.892578 sequence=103069.531333
[iscas99__b21 gpu0] [plan iscas99__b21] [plan] step=622 node=N2988 type=control0 reward_pred=2849.926514 sequence=105919.457846
[iscas99__b21 gpu0] [plan iscas99__b21] [plan] step=623 node=N3176 type=control0 reward_pred=2926.982666 sequence=108846.440512
[iscas99__b21 gpu0] [plan iscas99__b21] [plan] step=624 node=N4009 type=control0 reward_pred=3006.114990 sequence=111852.555503
[iscas99__b21 gpu0] [plan iscas99__b21] [plan] step=625 node=N6489 type=control0 reward_pred=3087.379395 sequence=114939.934897
[iscas99__b21 gpu0] [plan iscas99__b21] [plan] step=626 node=N12713 type=control0 reward_pred=3170.798096 sequence=118110.732993
[iscas99__b21 gpu0] [plan iscas99__b21] [plan] step=627 node=N11197 type=control0 reward_pred=3256.696777 sequence=121367.429770
[iscas99__b21 gpu0] [plan iscas99__b21] [plan] step=628 node=N26611 type=control0 reward_pred=3344.752930 sequence=124712.182700
[iscas99__b21 gpu0] [plan iscas99__b21] saved=autoresearch/eval8-b21-hardcluster-cached-k48-norealfault-300k-260702-203113/iscas99__b21/B_world_rerank/plans/iscas99__b21__greedy__cumulative__reward_pred__bw1__d1__c48__g1p0__candhard_fault_cluster__div0p0__s0.csv
[iscas99__b21 gpu0] [gmean] 2026-07-02T20:48:05 [1/1] plan_done benchmark=iscas99__b21 plan_sec=915.415 plan_csv=autoresearch/eval8-b21-hardcluster-cached-k48-norealfault-300k-260702-203113/iscas99__b21/B_world_rerank/plans/iscas99__b21__greedy__cumulative__reward_pred__bw1__d1__c48__g1p0__candhard_fault_cluster__div0p0__s0.csv
[iscas99__b21 gpu0] [gmean] 2026-07-02T20:48:05 [1/1] eval_start benchmark=iscas99__b21 backend=atalanta-bist patterns=300000
[iscas99__b21 gpu0] [eval iscas99__b21] {
[iscas99__b21 gpu0] [eval iscas99__b21]   "records": 2,
[iscas99__b21 gpu0] [eval iscas99__b21]   "labels_csv": "autoresearch/eval8-b21-hardcluster-cached-k48-norealfault-300k-260702-203113/iscas99__b21/B_world_rerank/evals/iscas99__b21__greedy__cumulative__reward_pred__bw1__d1__c48__g1p0__candhard_fault_cluster__div0p0__s0/labels.csv",
[iscas99__b21 gpu0] [eval iscas99__b21]   "summary_json": "autoresearch/eval8-b21-hardcluster-cached-k48-norealfault-300k-260702-203113/iscas99__b21/B_world_rerank/evals/iscas99__b21__greedy__cumulative__reward_pred__bw1__d1__c48__g1p0__candhard_fault_cluster__div0p0__s0/summary.json"
[iscas99__b21 gpu0] [eval iscas99__b21] }
[iscas99__b21 gpu0] [gmean] 2026-07-02T20:48:18 [1/1] eval_done benchmark=iscas99__b21 delta_tc=0.04489999999999994 plan_sec=915.415 eval_sec=12.487 total_sec=927.918
[iscas99__b21 gpu0] [gmean] 2026-07-02T20:48:18 variant_done id=greedy__cumulative__reward_pred__bw1__d1__c48__g1p0__candhard_fault_cluster__div0p0__s0 status=ok macro=0.04489999999999994 positives=1 negatives=0 elapsed=927.92
[iscas99__b21 gpu0] [method] C_depth2_rollout benchmark=iscas99__b21 budget=628
[iscas99__b21 gpu0] [gmean] 2026-07-02T20:48:18 out_dir=autoresearch/eval8-b21-hardcluster-cached-k48-norealfault-300k-260702-203113/iscas99__b21/C_depth2_rollout
[iscas99__b21 gpu0] [gmean] 2026-07-02T20:48:18 budgets=iscas99__b21:628
[iscas99__b21 gpu0] [gmean] 2026-07-02T20:48:18 variant_start id=beam__cumulative__reward_pred__bw2__d2__c48__g1p0__candhard_fault_cluster__div0p0__s0
[iscas99__b21 gpu0] [gmean] 2026-07-02T20:48:18 [1/1] plan_start benchmark=iscas99__b21 budget=628 planner=beam score=reward_pred
[iscas99__b21 gpu0] [plan iscas99__b21] [plan] step=1 node=N5010 type=observe reward_pred=0.193536 lookahead=0.389930 objective=0.389930 sequence=0.193536
[iscas99__b21 gpu0] [plan iscas99__b21] [plan] step=2 node=N8936 type=observe reward_pred=0.196394 lookahead=0.398447 objective=0.398447 sequence=0.389930
[iscas99__b21 gpu0] [plan iscas99__b21] [plan] step=3 node=N15787 type=observe reward_pred=0.202052 lookahead=0.448222 objective=0.448222 sequence=0.591982
[iscas99__b21 gpu0] [plan iscas99__b21] [plan] step=4 node=N21206 type=observe reward_pred=0.246169 lookahead=0.525530 objective=0.525530 sequence=0.838152
[iscas99__b21 gpu0] [plan iscas99__b21] [plan] step=5 node=N23400 type=observe reward_pred=0.279360 lookahead=0.567809 objective=0.567809 sequence=1.117512
[iscas99__b21 gpu0] [plan iscas99__b21] [plan] step=6 node=N22903 type=observe reward_pred=0.288449 lookahead=0.575184 objective=0.575184 sequence=1.405961
[iscas99__b21 gpu0] [plan iscas99__b21] [plan] step=7 node=N12597 type=observe reward_pred=0.286335 lookahead=0.572847 objective=0.572847 sequence=1.692296
[iscas99__b21 gpu0] [plan iscas99__b21] [plan] step=8 node=N15059 type=observe reward_pred=0.286512 lookahead=0.564690 objective=0.564690 sequence=1.978808
[iscas99__b21 gpu0] [plan iscas99__b21] [plan] step=9 node=N15080 type=observe reward_pred=0.278179 lookahead=0.551108 objective=0.551108 sequence=2.256987
[iscas99__b21 gpu0] [plan iscas99__b21] [plan] step=10 node=N12681 type=observe reward_pred=0.272929 lookahead=0.537719 objective=0.537719 sequence=2.529916
[iscas99__b21 gpu0] [plan iscas99__b21] [plan] step=11 node=N1756 type=control1 reward_pred=0.264790 lookahead=0.522890 objective=0.522890 sequence=2.794706
[iscas99__b21 gpu0] [plan iscas99__b21] [plan] step=12 node=N8969 type=control1 reward_pred=0.258098 lookahead=0.512401 objective=0.512401 sequence=3.052803
[iscas99__b21 gpu0] [plan iscas99__b21] [plan] step=13 node=N15813 type=control1 reward_pred=0.254303 lookahead=0.504144 objective=0.504144 sequence=3.307106
[iscas99__b21 gpu0] [plan iscas99__b21] [plan] step=14 node=N6591 type=observe reward_pred=0.249841 lookahead=0.496058 objective=0.496058 sequence=3.556947
[iscas99__b21 gpu0] [plan iscas99__b21] [plan] step=15 node=N9310 type=observe reward_pred=0.246217 lookahead=0.489160 objective=0.489160 sequence=3.803165
[iscas99__b21 gpu0] [plan iscas99__b21] [plan] step=16 node=N17823 type=observe reward_pred=0.242943 lookahead=0.481724 objective=0.481724 sequence=4.046107
[iscas99__b21 gpu0] [plan iscas99__b21] [plan] step=17 node=N15011 type=observe reward_pred=0.238781 lookahead=0.473645 objective=0.473645 sequence=4.284889
[iscas99__b21 gpu0] [plan iscas99__b21] [plan] step=18 node=N12881 type=observe reward_pred=0.234864 lookahead=0.466763 objective=0.466763 sequence=4.519752
[iscas99__b21 gpu0] [plan iscas99__b21] [plan] step=19 node=N14910 type=observe reward_pred=0.231899 lookahead=0.436167 objective=0.436167 sequence=4.751652
[iscas99__b21 gpu0] [plan iscas99__b21] [plan] step=20 node=N15012 type=observe reward_pred=0.204268 lookahead=0.408712 objective=0.408712 sequence=4.955920
[iscas99__b21 gpu0] [plan iscas99__b21] [plan] step=21 node=N34008 type=observe reward_pred=0.204444 lookahead=0.411246 objective=0.411246 sequence=5.160364
[iscas99__b21 gpu0] [plan iscas99__b21] [plan] step=22 node=N26611 type=control0 reward_pred=0.206802 lookahead=0.411421 objective=0.411421 sequence=5.367166
[iscas99__b21 gpu0] [plan iscas99__b21] [plan] step=23 node=N18923 type=observe reward_pred=0.204619 lookahead=0.407443 objective=0.407443 sequence=5.571785
[iscas99__b21 gpu0] [plan iscas99__b21] [plan] step=24 node=N13691 type=observe reward_pred=0.202824 lookahead=0.403671 objective=0.403671 sequence=5.774609
[iscas99__b21 gpu0] [plan iscas99__b21] [plan] step=25 node=N6551 type=observe reward_pred=0.200847 lookahead=0.399677 objective=0.399677 sequence=5.975455
[iscas99__b21 gpu0] [plan iscas99__b21] [plan] step=26 node=N17829 type=observe reward_pred=0.198830 lookahead=0.395876 objective=0.395876 sequence=6.174286
[iscas99__b21 gpu0] [plan iscas99__b21] [plan] step=27 node=N17328 type=observe reward_pred=0.197046 lookahead=0.392432 objective=0.392432 sequence=6.371332
[iscas99__b21 gpu0] [plan iscas99__b21] [plan] step=28 node=N18340 type=observe reward_pred=0.195386 lookahead=0.389228 objective=0.389228 sequence=6.566718
[iscas99__b21 gpu0] [plan iscas99__b21] [plan] step=29 node=N16821 type=observe reward_pred=0.193842 lookahead=0.386445 objective=0.386445 sequence=6.760560
[iscas99__b21 gpu0] [plan iscas99__b21] [plan] step=30 node=N17322 type=observe reward_pred=0.192603 lookahead=0.384248 objective=0.384248 sequence=6.953163
[iscas99__b21 gpu0] [plan iscas99__b21] [plan] step=31 node=N13193 type=observe reward_pred=0.191645 lookahead=0.382505 objective=0.382505 sequence=7.144808
[iscas99__b21 gpu0] [plan iscas99__b21] [plan] step=32 node=N18332 type=observe reward_pred=0.190860 lookahead=0.381067 objective=0.381067 sequence=7.335668
[iscas99__b21 gpu0] [plan iscas99__b21] [plan] step=33 node=N15973 type=observe reward_pred=0.190207 lookahead=0.379860 objective=0.379860 sequence=7.525875
[iscas99__b21 gpu0] [plan iscas99__b21] [plan] step=34 node=N11267 type=observe reward_pred=0.189653 lookahead=0.378533 objective=0.378533 sequence=7.715528
[iscas99__b21 gpu0] [plan iscas99__b21] [plan] step=35 node=N12711 type=observe reward_pred=0.188881 lookahead=0.373021 objective=0.373021 sequence=7.904409
[iscas99__b21 gpu0] [plan iscas99__b21] [plan] step=36 node=N31633 type=control1 reward_pred=0.184140 lookahead=0.366530 objective=0.366530 sequence=8.088549
[iscas99__b21 gpu0] [plan iscas99__b21] [plan] step=37 node=N31612 type=control1 reward_pred=0.182389 lookahead=0.364371 objective=0.364371 sequence=8.270938
[iscas99__b21 gpu0] [plan iscas99__b21] [plan] step=38 node=N31739 type=control1 reward_pred=0.181981 lookahead=0.358001 objective=0.358001 sequence=8.452920
[iscas99__b21 gpu0] [plan iscas99__b21] [plan] step=39 node=N31496 type=control1 reward_pred=0.176020 lookahead=0.255702 objective=0.255702 sequence=8.628939
[iscas99__b21 gpu0] [plan iscas99__b21] [plan] step=40 node=N12850 type=control0 reward_pred=0.079682 lookahead=-0.012711 objective=-0.012711 sequence=8.708621
[iscas99__b21 gpu0] [plan iscas99__b21] [plan] step=41 node=N10462 type=control0 reward_pred=-0.092394 lookahead=-0.194302 objective=-0.194302 sequence=8.616227
[iscas99__b21 gpu0] [plan iscas99__b21] [plan] step=42 node=N18180 type=control1 reward_pred=-0.101908 lookahead=-0.199841 objective=-0.199841 sequence=8.514319
[iscas99__b21 gpu0] [plan iscas99__b21] [plan] step=43 node=N11114 type=control1 reward_pred=-0.097933 lookahead=-0.193923 objective=-0.193923 sequence=8.416387
[iscas99__b21 gpu0] [plan iscas99__b21] [plan] step=44 node=N11147 type=control1 reward_pred=-0.095990 lookahead=-0.106305 objective=-0.106305 sequence=8.320396
[iscas99__b21 gpu0] [plan iscas99__b21] [plan] step=45 node=N31488 type=control1 reward_pred=-0.010315 lookahead=-0.028142 objective=-0.028142 sequence=8.310081
[iscas99__b21 gpu0] [plan iscas99__b21] [plan] step=46 node=N31512 type=control1 reward_pred=-0.017828 lookahead=-0.041324 objective=-0.041324 sequence=8.292254
[iscas99__b21 gpu0] [plan iscas99__b21] [plan] step=47 node=N11212 type=control0 reward_pred=-0.023496 lookahead=-0.122598 objective=-0.122598 sequence=8.268758
[iscas99__b21 gpu0] [plan iscas99__b21] [plan] step=48 node=N11290 type=control0 reward_pred=-0.099102 lookahead=-0.207725 objective=-0.207725 sequence=8.169655
[iscas99__b21 gpu0] [plan iscas99__b21] [plan] step=49 node=N18174 type=control1 reward_pred=-0.108623 lookahead=-0.213409 objective=-0.213409 sequence=8.061033
[iscas99__b21 gpu0] [plan iscas99__b21] [plan] step=50 node=N15815 type=control1 reward_pred=-0.104786 lookahead=-0.207443 objective=-0.207443 sequence=7.956246
[iscas99__b21 gpu0] [plan iscas99__b21] [plan] step=51 node=N8971 type=control1 reward_pred=-0.102657 lookahead=0.035843 objective=0.035843 sequence=7.853589
[iscas99__b21 gpu0] [plan iscas99__b21] [plan] step=52 node=N36660 type=control0 reward_pred=0.138500 lookahead=0.290137 objective=0.290137 sequence=7.992089
[iscas99__b21 gpu0] [plan iscas99__b21] [plan] step=53 node=N11297 type=control0 reward_pred=0.151637 lookahead=0.300109 objective=0.300109 sequence=8.143726
[iscas99__b21 gpu0] [plan iscas99__b21] [plan] step=54 node=N11306 type=control0 reward_pred=0.148471 lookahead=0.294711 objective=0.294711 sequence=8.292198
[iscas99__b21 gpu0] [plan iscas99__b21] [plan] step=55 node=N11203 type=control0 reward_pred=0.146219 lookahead=0.107513 objective=0.107513 sequence=8.438417
[iscas99__b21 gpu0] [plan iscas99__b21] [plan] step=56 node=N4937 type=control1 reward_pred=-0.038706 lookahead=-0.079898 objective=-0.079898 sequence=8.399711
[iscas99__b21 gpu0] [plan iscas99__b21] [plan] step=57 node=N15089 type=control0 reward_pred=-0.041192 lookahead=-0.153206 objective=-0.153206 sequence=8.358519
[iscas99__b21 gpu0] [plan iscas99__b21] [plan] step=58 node=N21193 type=control1 reward_pred=-0.112014 lookahead=-0.202870 objective=-0.202870 sequence=8.246505
[iscas99__b21 gpu0] [plan iscas99__b21] [plan] step=59 node=N28308 type=control1 reward_pred=-0.091944 lookahead=-0.124780 objective=-0.124780 sequence=8.154561
[iscas99__b21 gpu0] [plan iscas99__b21] [plan] step=60 node=N26403 type=control1 reward_pred=-0.032836 lookahead=-0.039803 objective=-0.039803 sequence=8.121725
[iscas99__b21 gpu0] [plan iscas99__b21] [plan] step=61 node=N26405 type=control1 reward_pred=-0.006967 lookahead=-0.039936 objective=-0.039936 sequence=8.114757
[iscas99__b21 gpu0] [plan iscas99__b21] [plan] step=62 node=N861 type=control1 reward_pred=-0.032969 lookahead=-0.073537 objective=-0.073537 sequence=8.081789
[iscas99__b21 gpu0] [plan iscas99__b21] [plan] step=63 node=N15814 type=control1 reward_pred=-0.040569 lookahead=-0.084040 objective=-0.084040 sequence=8.041220
[iscas99__b21 gpu0] [plan iscas99__b21] [plan] step=64 node=N8970 type=control1 reward_pred=-0.043471 lookahead=-0.066230 objective=-0.066230 sequence=7.997749
[iscas99__b21 gpu0] [plan iscas99__b21] [plan] step=65 node=N28307 type=control1 reward_pred=-0.022759 lookahead=-0.061493 objective=-0.061493 sequence=7.974990
[iscas99__b21 gpu0] [plan iscas99__b21] [plan] step=66 node=N16680 type=control1 reward_pred=-0.038734 lookahead=-0.081496 objective=-0.081496 sequence=7.936255
[iscas99__b21 gpu0] [plan iscas99__b21] [plan] step=67 node=N14046 type=control1 reward_pred=-0.042762 lookahead=-0.088541 objective=-0.088541 sequence=7.893493
[iscas99__b21 gpu0] [plan iscas99__b21] [plan] step=68 node=N1004 type=observe reward_pred=-0.045778 lookahead=-0.093079 objective=-0.093079 sequence=7.847715
[iscas99__b21 gpu0] [plan iscas99__b21] [plan] step=69 node=N1000 type=observe reward_pred=-0.047301 lookahead=-0.095566 objective=-0.095566 sequence=7.800414
[iscas99__b21 gpu0] [plan iscas99__b21] [plan] step=70 node=N1009 type=observe reward_pred=-0.048265 lookahead=-0.092864 objective=-0.092864 sequence=7.752148
[iscas99__b21 gpu0] [plan iscas99__b21] [plan] step=71 node=N17897 type=control0 reward_pred=-0.044601 lookahead=0.118561 objective=0.118561 sequence=7.707548
[iscas99__b21 gpu0] [plan iscas99__b21] [plan] step=72 node=N11160 type=control0 reward_pred=0.163162 lookahead=0.330576 objective=0.330576 sequence=7.870710
[iscas99__b21 gpu0] [plan iscas99__b21] [plan] step=73 node=N25294 type=control1 reward_pred=0.167414 lookahead=0.329385 objective=0.329385 sequence=8.038124
[iscas99__b21 gpu0] [plan iscas99__b21] [plan] step=74 node=N1792 type=control0 reward_pred=0.161971 lookahead=0.325840 objective=0.325840 sequence=8.200095
[iscas99__b21 gpu0] [plan iscas99__b21] [plan] step=75 node=N23096 type=control1 reward_pred=0.163869 lookahead=0.321950 objective=0.321950 sequence=8.363964
[iscas99__b21 gpu0] [plan iscas99__b21] [plan] step=76 node=N17396 type=control0 reward_pred=0.158082 lookahead=0.319446 objective=0.319446 sequence=8.522045
[iscas99__b21 gpu0] [plan iscas99__b21] [plan] step=77 node=N23062 type=control1 reward_pred=0.161365 lookahead=0.318037 objective=0.318037 sequence=8.683410
[iscas99__b21 gpu0] [plan iscas99__b21] [plan] step=78 node=N18997 type=control0 reward_pred=0.156672 lookahead=0.311196 objective=0.311196 sequence=8.840082
[iscas99__b21 gpu0] [plan iscas99__b21] [plan] step=79 node=N13267 type=control0 reward_pred=0.154524 lookahead=0.313124 objective=0.313124 sequence=8.994606
[iscas99__b21 gpu0] [plan iscas99__b21] [plan] step=80 node=N22708 type=control1 reward_pred=0.158600 lookahead=0.314592 objective=0.314592 sequence=9.153206
[iscas99__b21 gpu0] [plan iscas99__b21] [plan] step=81 node=N16895 type=control0 reward_pred=0.155992 lookahead=0.310007 objective=0.310007 sequence=9.309198
[iscas99__b21 gpu0] [plan iscas99__b21] [plan] step=82 node=N11226 type=control0 reward_pred=0.154016 lookahead=0.307832 objective=0.307832 sequence=9.463214
[iscas99__b21 gpu0] [plan iscas99__b21] [plan] step=83 node=N11194 type=control0 reward_pred=0.153817 lookahead=0.316525 objective=0.316525 sequence=9.617031
[iscas99__b21 gpu0] [plan iscas99__b21] [plan] step=84 node=N12517 type=control1 reward_pred=0.162708 lookahead=0.320916 objective=0.320916 sequence=9.779739
[iscas99__b21 gpu0] [plan iscas99__b21] [plan] step=85 node=N11181 type=control0 reward_pred=0.158208 lookahead=0.322426 objective=0.322426 sequence=9.937946
[iscas99__b21 gpu0] [plan iscas99__b21] [plan] step=86 node=N15871 type=control1 reward_pred=0.164218 lookahead=0.325333 objective=0.325333 sequence=10.102164
[iscas99__b21 gpu0] [plan iscas99__b21] [plan] step=87 node=N25446 type=control1 reward_pred=0.161114 lookahead=0.319216 objective=0.319216 sequence=10.263279
[iscas99__b21 gpu0] [plan iscas99__b21] [plan] step=88 node=N11497 type=control0 reward_pred=0.157919 lookahead=0.320365 objective=0.320365 sequence=10.421198
[iscas99__b21 gpu0] [plan iscas99__b21] [plan] step=89 node=N12515 type=control1 reward_pred=0.162446 lookahead=0.321884 objective=0.321884 sequence=10.583644
[iscas99__b21 gpu0] [plan iscas99__b21] [plan] step=90 node=N25334 type=control1 reward_pred=0.159438 lookahead=0.316066 objective=0.316066 sequence=10.743082
[iscas99__b21 gpu0] [plan iscas99__b21] [plan] step=91 node=N11243 type=control0 reward_pred=0.156628 lookahead=0.312063 objective=0.312063 sequence=10.899710
[iscas99__b21 gpu0] [plan iscas99__b21] [plan] step=92 node=N25494 type=control1 reward_pred=0.155435 lookahead=0.309643 objective=0.309643 sequence=11.055146
[iscas99__b21 gpu0] [plan iscas99__b21] [plan] step=93 node=N14675 type=control0 reward_pred=0.154208 lookahead=0.305076 objective=0.305076 sequence=11.209354
[iscas99__b21 gpu0] [plan iscas99__b21] [plan] step=94 node=N8903 type=control0 reward_pred=0.150868 lookahead=0.302669 objective=0.302669 sequence=11.360222
[iscas99__b21 gpu0] [plan iscas99__b21] [plan] step=95 node=N15077 type=control0 reward_pred=0.151801 lookahead=0.303522 objective=0.303522 sequence=11.512023
[iscas99__b21 gpu0] [plan iscas99__b21] [plan] step=96 node=N25310 type=control1 reward_pred=0.151722 lookahead=0.294531 objective=0.294531 sequence=11.663744
[iscas99__b21 gpu0] [plan iscas99__b21] [plan] step=97 node=N59859 type=control0 reward_pred=0.142809 lookahead=0.289742 objective=0.289742 sequence=11.806553
[iscas99__b21 gpu0] [plan iscas99__b21] [plan] step=98 node=N15046 type=control0 reward_pred=0.146933 lookahead=0.295289 objective=0.295289 sequence=11.953487
[iscas99__b21 gpu0] [plan iscas99__b21] [plan] step=99 node=N22088 type=control1 reward_pred=0.148356 lookahead=0.296917 objective=0.296917 sequence=12.101842
[iscas99__b21 gpu0] [plan iscas99__b21] [plan] step=100 node=N11472 type=control0 reward_pred=0.148561 lookahead=0.297027 objective=0.297027 sequence=12.250403
[iscas99__b21 gpu0] [plan iscas99__b21] [plan] step=101 node=N11545 type=control0 reward_pred=0.148466 lookahead=0.306729 objective=0.306729 sequence=12.398869
[iscas99__b21 gpu0] [plan iscas99__b21] [plan] step=102 node=N15818 type=control1 reward_pred=0.158263 lookahead=0.311617 objective=0.311617 sequence=12.557132
[iscas99__b21 gpu0] [plan iscas99__b21] [plan] step=103 node=N12664 type=control0 reward_pred=0.153354 lookahead=0.309570 objective=0.309570 sequence=12.710486
[iscas99__b21 gpu0] [plan iscas99__b21] [plan] step=104 node=N18929 type=observe reward_pred=0.156212 lookahead=0.308486 objective=0.308486 sequence=12.866697
[iscas99__b21 gpu0] [plan iscas99__b21] [plan] step=105 node=N25374 type=control1 reward_pred=0.152275 lookahead=0.301970 objective=0.301970 sequence=13.018972
[iscas99__b21 gpu0] [plan iscas99__b21] [plan] step=106 node=N16012 type=control0 reward_pred=0.149695 lookahead=0.301663 objective=0.301663 sequence=13.168667
[iscas99__b21 gpu0] [plan iscas99__b21] [plan] step=107 node=N866 type=control0 reward_pred=0.151968 lookahead=0.301504 objective=0.301504 sequence=13.320635
[iscas99__b21 gpu0] [plan iscas99__b21] [plan] step=108 node=N12844 type=control0 reward_pred=0.149537 lookahead=0.302936 objective=0.302936 sequence=13.470171
[iscas99__b21 gpu0] [plan iscas99__b21] [plan] step=109 node=N13199 type=observe reward_pred=0.153400 lookahead=0.307193 objective=0.307193 sequence=13.623571
[iscas99__b21 gpu0] [plan iscas99__b21] [plan] step=110 node=N4116 type=control0 reward_pred=0.153794 lookahead=0.307758 objective=0.307758 sequence=13.777365
[iscas99__b21 gpu0] [plan iscas99__b21] [plan] step=111 node=N4121 type=control0 reward_pred=0.153965 lookahead=0.305330 objective=0.305330 sequence=13.931329
[iscas99__b21 gpu0] [plan iscas99__b21] [plan] step=112 node=N4944 type=control1 reward_pred=0.151365 lookahead=0.300974 objective=0.300974 sequence=14.082694
[iscas99__b21 gpu0] [plan iscas99__b21] [plan] step=113 node=N25366 type=control1 reward_pred=0.149609 lookahead=0.292247 objective=0.292247 sequence=14.232303
[iscas99__b21 gpu0] [plan iscas99__b21] [plan] step=114 node=N59868 type=control0 reward_pred=0.141844 lookahead=0.294315 objective=0.294315 sequence=14.374147
[iscas99__b21 gpu0] [plan iscas99__b21] [plan] step=115 node=N8972 type=control1 reward_pred=0.152471 lookahead=0.308343 objective=0.308343 sequence=14.526618
[iscas99__b21 gpu0] [plan iscas99__b21] [plan] step=116 node=N8968 type=control1 reward_pred=0.155872 lookahead=0.307080 objective=0.307080 sequence=14.682490
[iscas99__b21 gpu0] [plan iscas99__b21] [plan] step=117 node=N25454 type=control1 reward_pred=0.151208 lookahead=0.300500 objective=0.300500 sequence=14.833698
[iscas99__b21 gpu0] [plan iscas99__b21] [plan] step=118 node=N25478 type=control1 reward_pred=0.149292 lookahead=0.296336 objective=0.296336 sequence=14.982990
[iscas99__b21 gpu0] [plan iscas99__b21] [plan] step=119 node=N11464 type=control0 reward_pred=0.147044 lookahead=0.293858 objective=0.293858 sequence=15.130034
[iscas99__b21 gpu0] [plan iscas99__b21] [plan] step=120 node=N25282 type=control1 reward_pred=0.146814 lookahead=0.292202 objective=0.292202 sequence=15.276848
[iscas99__b21 gpu0] [plan iscas99__b21] [plan] step=121 node=N3952 type=control0 reward_pred=0.145388 lookahead=0.291073 objective=0.291073 sequence=15.422236
[iscas99__b21 gpu0] [plan iscas99__b21] [plan] step=122 node=N25302 type=control1 reward_pred=0.145685 lookahead=0.290292 objective=0.290292 sequence=15.567921
[iscas99__b21 gpu0] [plan iscas99__b21] [plan] step=123 node=N14647 type=control0 reward_pred=0.144607 lookahead=0.288361 objective=0.288361 sequence=15.712528
[iscas99__b21 gpu0] [plan iscas99__b21] [plan] step=124 node=N15050 type=control0 reward_pred=0.143754 lookahead=0.287828 objective=0.287828 sequence=15.856282
[iscas99__b21 gpu0] [plan iscas99__b21] [plan] step=125 node=N25326 type=control1 reward_pred=0.144074 lookahead=0.280334 objective=0.280334 sequence=16.000355
[iscas99__b21 gpu0] [plan iscas99__b21] [plan] step=126 node=N59862 type=control0 reward_pred=0.136260 lookahead=0.275018 objective=0.275018 sequence=16.136615
[iscas99__b21 gpu0] [plan iscas99__b21] [plan] step=127 node=N15073 type=control0 reward_pred=0.138758 lookahead=0.279216 objective=0.279216 sequence=16.275374
[iscas99__b21 gpu0] [plan iscas99__b21] [plan] step=128 node=N8902 type=control0 reward_pred=0.140457 lookahead=0.280266 objective=0.280266 sequence=16.415831
[iscas99__b21 gpu0] [plan iscas99__b21] [plan] step=129 node=N12622 type=control0 reward_pred=0.139809 lookahead=0.279836 objective=0.279836 sequence=16.555639
[iscas99__b21 gpu0] [plan iscas99__b21] [plan] step=130 node=N11150 type=control0 reward_pred=0.140027 lookahead=0.279150 objective=0.279150 sequence=16.695667
[iscas99__b21 gpu0] [plan iscas99__b21] [plan] step=131 node=N11327 type=control0 reward_pred=0.139123 lookahead=0.278371 objective=0.278371 sequence=16.834789
[iscas99__b21 gpu0] [plan iscas99__b21] [plan] step=132 node=N15776 type=control0 reward_pred=0.139055 lookahead=0.277227 objective=0.277227 sequence=16.973844
[iscas99__b21 gpu0] [plan iscas99__b21] [plan] step=133 node=N3931 type=control0 reward_pred=0.138172 lookahead=0.276255 objective=0.276255 sequence=17.112016
[iscas99__b21 gpu0] [plan iscas99__b21] [plan] step=134 node=N8929 type=control0 reward_pred=0.138024 lookahead=0.275153 objective=0.275153 sequence=17.250040
[iscas99__b21 gpu0] [plan iscas99__b21] [plan] step=135 node=N7226 type=control0 reward_pred=0.137129 lookahead=0.280468 objective=0.280468 sequence=17.387169
[iscas99__b21 gpu0] [plan iscas99__b21] [plan] step=136 node=N13697 type=observe reward_pred=0.143339 lookahead=0.284672 objective=0.284672 sequence=17.530508
[iscas99__b21 gpu0] [plan iscas99__b21] [plan] step=137 node=N25398 type=control1 reward_pred=0.141331 lookahead=0.276716 objective=0.276716 sequence=17.671839
[iscas99__b21 gpu0] [plan iscas99__b21] [plan] step=138 node=N31357 type=control0 reward_pred=0.135385 lookahead=0.251476 objective=0.251476 sequence=17.807224
[iscas99__b21 gpu0] [plan iscas99__b21] [plan] step=139 node=N14997 type=control0 reward_pred=0.116091 lookahead=0.229065 objective=0.229065 sequence=17.923315
[iscas99__b21 gpu0] [plan iscas99__b21] [plan] step=140 node=N22894 type=control0 reward_pred=0.112974 lookahead=0.245076 objective=0.245076 sequence=18.036289
[iscas99__b21 gpu0] [plan iscas99__b21] [plan] step=141 node=N7202 type=control0 reward_pred=0.132102 lookahead=0.259465 objective=0.259465 sequence=18.168391
[iscas99__b21 gpu0] [plan iscas99__b21] [plan] step=142 node=N36763 type=control1 reward_pred=0.127363 lookahead=0.248530 objective=0.248530 sequence=18.295755
[iscas99__b21 gpu0] [plan iscas99__b21] [plan] step=143 node=N58022 type=control0 reward_pred=0.121167 lookahead=0.067764 objective=0.067764 sequence=18.416921
[iscas99__b21 gpu0] [plan iscas99__b21] [plan] step=144 node=N22991 type=control1 reward_pred=-0.053402 lookahead=0.058938 objective=0.058938 sequence=18.363519
[iscas99__b21 gpu0] [plan iscas99__b21] [plan] step=145 node=N15075 type=control0 reward_pred=0.112341 lookahead=-0.011461 objective=-0.011461 sequence=18.475859
[iscas99__b21 gpu0] [plan iscas99__b21] [plan] step=146 node=N26407 type=control1 reward_pred=-0.123802 lookahead=-0.238367 objective=-0.238367 sequence=18.352058
[iscas99__b21 gpu0] [plan iscas99__b21] [plan] step=147 node=N21202 type=control1 reward_pred=-0.114566 lookahead=-0.224781 objective=-0.224781 sequence=18.237492
[iscas99__b21 gpu0] [plan iscas99__b21] [plan] step=148 node=N19768 type=observe reward_pred=-0.110215 lookahead=0.012207 objective=0.012207 sequence=18.127277
[iscas99__b21 gpu0] [plan iscas99__b21] [plan] step=149 node=N59985 type=control0 reward_pred=0.122422 lookahead=0.261771 objective=0.261771 sequence=18.249699
[iscas99__b21 gpu0] [plan iscas99__b21] [plan] step=150 node=N31365 type=control0 reward_pred=0.139348 lookahead=0.276565 objective=0.276565 sequence=18.389048
[iscas99__b21 gpu0] [plan iscas99__b21] [plan] step=151 node=N11496 type=control0 reward_pred=0.137216 lookahead=0.279236 objective=0.279236 sequence=18.526264
[iscas99__b21 gpu0] [plan iscas99__b21] [plan] step=152 node=N19296 type=observe reward_pred=0.142019 lookahead=0.282175 objective=0.282175 sequence=18.668283
[iscas99__b21 gpu0] [plan iscas99__b21] [plan] step=153 node=N25406 type=control1 reward_pred=0.140156 lookahead=0.274599 objective=0.274599 sequence=18.808439
[iscas99__b21 gpu0] [plan iscas99__b21] [plan] step=154 node=N15989 type=control0 reward_pred=0.134444 lookahead=0.264430 objective=0.264430 sequence=18.942883
[iscas99__b21 gpu0] [plan iscas99__b21] [plan] step=155 node=N59847 type=control0 reward_pred=0.129986 lookahead=0.261955 objective=0.261955 sequence=19.072869
[iscas99__b21 gpu0] [plan iscas99__b21] [plan] step=156 node=N15055 type=control0 reward_pred=0.131968 lookahead=0.271375 objective=0.271375 sequence=19.204837
[iscas99__b21 gpu0] [plan iscas99__b21] [plan] step=157 node=N10971 type=control1 reward_pred=0.139407 lookahead=0.276973 objective=0.276973 sequence=19.344244
[iscas99__b21 gpu0] [plan iscas99__b21] [plan] step=158 node=N31434 type=control0 reward_pred=0.137566 lookahead=0.272098 objective=0.272098 sequence=19.481810
[iscas99__b21 gpu0] [plan iscas99__b21] [plan] step=159 node=N8901 type=control0 reward_pred=0.134532 lookahead=0.267097 objective=0.267097 sequence=19.616342
[iscas99__b21 gpu0] [plan iscas99__b21] [plan] step=160 node=N28622 type=control0 reward_pred=0.132565 lookahead=0.260751 objective=0.260751 sequence=19.748907
[iscas99__b21 gpu0] [plan iscas99__b21] [plan] step=161 node=N31478 type=control1 reward_pred=0.128186 lookahead=0.003867 objective=0.003867 sequence=19.877093
[iscas99__b21 gpu0] [plan iscas99__b21] [plan] step=162 node=N20240 type=observe reward_pred=-0.124320 lookahead=-0.244533 objective=-0.244533 sequence=19.752774
[iscas99__b21 gpu0] [plan iscas99__b21] [plan] step=163 node=N16221 type=observe reward_pred=-0.120213 lookahead=-0.237938 objective=-0.237938 sequence=19.632560
[iscas99__b21 gpu0] [plan iscas99__b21] [plan] step=164 node=N17179 type=observe reward_pred=-0.117725 lookahead=-0.233681 objective=-0.233681 sequence=19.514836
[iscas99__b21 gpu0] [plan iscas99__b21] [plan] step=165 node=N17680 type=observe reward_pred=-0.115957 lookahead=-0.230658 objective=-0.230658 sequence=19.398879
[iscas99__b21 gpu0] [plan iscas99__b21] [plan] step=166 node=N16827 type=observe reward_pred=-0.114702 lookahead=0.017401 objective=0.017401 sequence=19.284178
[iscas99__b21 gpu0] [plan iscas99__b21] [plan] step=167 node=N23242 type=control1 reward_pred=0.132102 lookahead=0.267804 objective=0.267804 sequence=19.416280
[iscas99__b21 gpu0] [plan iscas99__b21] [plan] step=168 node=N31358 type=control0 reward_pred=0.135702 lookahead=0.272204 objective=0.272204 sequence=19.551982
[iscas99__b21 gpu0] [plan iscas99__b21] [plan] step=169 node=N15768 type=control0 reward_pred=0.136502 lookahead=0.273329 objective=0.273329 sequence=19.688484
[iscas99__b21 gpu0] [plan iscas99__b21] [plan] step=170 node=N22961 type=control0 reward_pred=0.136827 lookahead=0.267739 objective=0.267739 sequence=19.825311
[iscas99__b21 gpu0] [plan iscas99__b21] [plan] step=171 node=N31541 type=control1 reward_pred=0.130911 lookahead=0.258889 objective=0.258889 sequence=19.956222
[iscas99__b21 gpu0] [plan iscas99__b21] [plan] step=172 node=N31548 type=control1 reward_pred=0.127977 lookahead=0.253495 objective=0.253495 sequence=20.084200
[iscas99__b21 gpu0] [plan iscas99__b21] [plan] step=173 node=N31556 type=control1 reward_pred=0.125517 lookahead=0.248943 objective=0.248943 sequence=20.209716
[iscas99__b21 gpu0] [plan iscas99__b21] [plan] step=174 node=N31759 type=control1 reward_pred=0.123427 lookahead=0.012415 objective=0.012415 sequence=20.333143
[iscas99__b21 gpu0] [plan iscas99__b21] [plan] step=175 node=N13048 type=observe reward_pred=-0.127862 lookahead=-0.216994 objective=-0.216994 sequence=20.205281
[iscas99__b21 gpu0] [plan iscas99__b21] [plan] step=176 node=N23224 type=observe reward_pred=-0.089132 lookahead=-0.133108 objective=-0.133108 sequence=20.116149
[iscas99__b21 gpu0] [plan iscas99__b21] [plan] step=177 node=N21340 type=control1 reward_pred=-0.043976 lookahead=-0.096170 objective=-0.096170 sequence=20.072173
[iscas99__b21 gpu0] [plan iscas99__b21] [plan] step=178 node=N14620 type=control1 reward_pred=-0.052194 lookahead=-0.108931 objective=-0.108931 sequence=20.019978
[iscas99__b21 gpu0] [plan iscas99__b21] [plan] step=179 node=N18780 type=observe reward_pred=-0.056736 lookahead=-0.116112 objective=-0.116112 sequence=19.963242
[iscas99__b21 gpu0] [plan iscas99__b21] [plan] step=180 node=N16678 type=observe reward_pred=-0.059376 lookahead=-0.115495 objective=-0.115495 sequence=19.903867
[iscas99__b21 gpu0] [plan iscas99__b21] [plan] step=181 node=N26267 type=observe reward_pred=-0.056119 lookahead=-0.115642 objective=-0.115642 sequence=19.847747
[iscas99__b21 gpu0] [plan iscas99__b21] [plan] step=182 node=N9316 type=observe reward_pred=-0.059523 lookahead=-0.120902 objective=-0.120902 sequence=19.788224
[iscas99__b21 gpu0] [plan iscas99__b21] [plan] step=183 node=N1014 type=observe reward_pred=-0.061380 lookahead=0.089930 objective=0.089930 sequence=19.726845
[iscas99__b21 gpu0] [plan iscas99__b21] [plan] step=184 node=N7264 type=observe reward_pred=0.151309 lookahead=0.301744 objective=0.301744 sequence=19.878154
[iscas99__b21 gpu0] [plan iscas99__b21] [plan] step=185 node=N8932 type=observe reward_pred=0.150434 lookahead=0.299378 objective=0.299378 sequence=20.028589
[iscas99__b21 gpu0] [plan iscas99__b21] [plan] step=186 node=N15779 type=observe reward_pred=0.148944 lookahead=0.297179 objective=0.297179 sequence=20.177533
[iscas99__b21 gpu0] [plan iscas99__b21] [plan] step=187 node=N1015 type=observe reward_pred=0.148235 lookahead=0.295426 objective=0.295426 sequence=20.325768
[iscas99__b21 gpu0] [plan iscas99__b21] [plan] step=188 node=N991 type=observe reward_pred=0.147190 lookahead=0.293473 objective=0.293473 sequence=20.472958
[iscas99__b21 gpu0] [plan iscas99__b21] [plan] step=189 node=N1005 type=observe reward_pred=0.146282 lookahead=0.291867 objective=0.291867 sequence=20.619241
[iscas99__b21 gpu0] [plan iscas99__b21] [plan] step=190 node=N1008 type=observe reward_pred=0.145584 lookahead=0.290661 objective=0.290661 sequence=20.764825
[iscas99__b21 gpu0] [plan iscas99__b21] [plan] step=191 node=N1003 type=observe reward_pred=0.145077 lookahead=0.289803 objective=0.289803 sequence=20.909902
[iscas99__b21 gpu0] [plan iscas99__b21] [plan] step=192 node=N1013 type=observe reward_pred=0.144725 lookahead=0.289221 objective=0.289221 sequence=21.054627
[iscas99__b21 gpu0] [plan iscas99__b21] [plan] step=193 node=N1001 type=observe reward_pred=0.144496 lookahead=0.288853 objective=0.288853 sequence=21.199123
[iscas99__b21 gpu0] [plan iscas99__b21] [plan] step=194 node=N997 type=observe reward_pred=0.144357 lookahead=0.288639 objective=0.288639 sequence=21.343480
[iscas99__b21 gpu0] [plan iscas99__b21] [plan] step=195 node=N1010 type=observe reward_pred=0.144283 lookahead=0.288191 objective=0.288191 sequence=21.487763
[iscas99__b21 gpu0] [plan iscas99__b21] [plan] step=196 node=N8877 type=observe reward_pred=0.143908 lookahead=0.289642 objective=0.289642 sequence=21.631671
[iscas99__b21 gpu0] [plan iscas99__b21] [plan] step=197 node=N10974 type=control1 reward_pred=0.145733 lookahead=0.292369 objective=0.292369 sequence=21.777404
[iscas99__b21 gpu0] [plan iscas99__b21] [plan] step=198 node=N10972 type=control1 reward_pred=0.146636 lookahead=0.292821 objective=0.292821 sequence=21.924040
[iscas99__b21 gpu0] [plan iscas99__b21] [plan] step=199 node=N992 type=observe reward_pred=0.146185 lookahead=0.292088 objective=0.292088 sequence=22.070225
[iscas99__b21 gpu0] [plan iscas99__b21] [plan] step=200 node=N1011 type=observe reward_pred=0.145903 lookahead=0.291585 objective=0.291585 sequence=22.216128
[iscas99__b21 gpu0] [plan iscas99__b21] [plan] step=201 node=N995 type=observe reward_pred=0.145682 lookahead=0.291191 objective=0.291191 sequence=22.361811
[iscas99__b21 gpu0] [plan iscas99__b21] [plan] step=202 node=N996 type=observe reward_pred=0.145509 lookahead=0.290445 objective=0.290445 sequence=22.507319
[iscas99__b21 gpu0] [plan iscas99__b21] [plan] step=203 node=N15723 type=observe reward_pred=0.144936 lookahead=0.289897 objective=0.289897 sequence=22.652256
[iscas99__b21 gpu0] [plan iscas99__b21] [plan] step=204 node=N8878 type=observe reward_pred=0.144961 lookahead=0.290052 objective=0.290052 sequence=22.797216
[iscas99__b21 gpu0] [plan iscas99__b21] [plan] step=205 node=N15722 type=observe reward_pred=0.145091 lookahead=0.290318 objective=0.290318 sequence=22.942307
[iscas99__b21 gpu0] [plan iscas99__b21] [plan] step=206 node=N8879 type=observe reward_pred=0.145227 lookahead=0.289335 objective=0.289335 sequence=23.087534
[iscas99__b21 gpu0] [plan iscas99__b21] [plan] step=207 node=N31426 type=control0 reward_pred=0.144108 lookahead=0.289966 objective=0.289966 sequence=23.231643
[iscas99__b21 gpu0] [plan iscas99__b21] [plan] step=208 node=N15726 type=observe reward_pred=0.145858 lookahead=0.290737 objective=0.290737 sequence=23.377500
[iscas99__b21 gpu0] [plan iscas99__b21] [plan] step=209 node=N26221 type=control0 reward_pred=0.144879 lookahead=0.289091 objective=0.289091 sequence=23.522380
[iscas99__b21 gpu0] [plan iscas99__b21] [plan] step=210 node=N25510 type=control1 reward_pred=0.144212 lookahead=0.282502 objective=0.282502 sequence=23.666592
[iscas99__b21 gpu0] [plan iscas99__b21] [plan] step=211 node=N59979 type=control0 reward_pred=0.138290 lookahead=0.271747 objective=0.271747 sequence=23.804882
[iscas99__b21 gpu0] [plan iscas99__b21] [plan] step=212 node=N36808 type=control1 reward_pred=0.133457 lookahead=0.263597 objective=0.263597 sequence=23.938339
[iscas99__b21 gpu0] [plan iscas99__b21] [plan] step=213 node=N32488 type=control1 reward_pred=0.130140 lookahead=0.247345 objective=0.247345 sequence=24.068479
[iscas99__b21 gpu0] [plan iscas99__b21] [plan] step=214 node=N7196 type=control0 reward_pred=0.117204 lookahead=0.250403 objective=0.250403 sequence=24.185683
[iscas99__b21 gpu0] [plan iscas99__b21] [plan] step=215 node=N14898 type=control1 reward_pred=0.133198 lookahead=0.266844 objective=0.266844 sequence=24.318882
[iscas99__b21 gpu0] [plan iscas99__b21] [plan] step=216 node=N11275 type=control0 reward_pred=0.130909 lookahead=0.265001 objective=0.265001 sequence=24.449791
[iscas99__b21 gpu0] [plan iscas99__b21] [plan] step=217 node=N3994 type=control0 reward_pred=0.134092 lookahead=0.272216 objective=0.272216 sequence=24.583882
[iscas99__b21 gpu0] [plan iscas99__b21] [plan] step=218 node=N8934 type=observe reward_pred=0.138124 lookahead=0.275302 objective=0.275302 sequence=24.722007
[iscas99__b21 gpu0] [plan iscas99__b21] [plan] step=219 node=N34896 type=observe reward_pred=0.137178 lookahead=0.271151 objective=0.271151 sequence=24.859184
[iscas99__b21 gpu0] [plan iscas99__b21] [plan] step=220 node=N12636 type=control0 reward_pred=0.133973 lookahead=0.262112 objective=0.262112 sequence=24.993157
[iscas99__b21 gpu0] [plan iscas99__b21] [plan] step=221 node=N14615 type=control1 reward_pred=0.128139 lookahead=0.253412 objective=0.253412 sequence=25.121296
[iscas99__b21 gpu0] [plan iscas99__b21] [plan] step=222 node=N55602 type=control1 reward_pred=0.125273 lookahead=0.248154 objective=0.248154 sequence=25.246569
[iscas99__b21 gpu0] [plan iscas99__b21] [plan] step=223 node=N11085 type=control1 reward_pred=0.122881 lookahead=0.243895 objective=0.243895 sequence=25.369450
[iscas99__b21 gpu0] [plan iscas99__b21] [plan] step=224 node=N31425 type=control0 reward_pred=0.121014 lookahead=0.236124 objective=0.236124 sequence=25.490464
[iscas99__b21 gpu0] [plan iscas99__b21] [plan] step=225 node=N58025 type=control0 reward_pred=0.115110 lookahead=0.195465 objective=0.195465 sequence=25.605575
[iscas99__b21 gpu0] [plan iscas99__b21] [plan] step=226 node=N22899 type=control1 reward_pred=0.078306 lookahead=0.137337 objective=0.137337 sequence=25.683881
[iscas99__b21 gpu0] [plan iscas99__b21] [plan] step=227 node=N59844 type=control0 reward_pred=-0.077219 lookahead=0.047309 objective=0.047309 sequence=25.606662
[iscas99__b21 gpu0] [plan iscas99__b21] [plan] step=228 node=N3997 type=control0 reward_pred=0.124529 lookahead=0.115197 objective=0.115197 sequence=25.731190
[iscas99__b21 gpu0] [plan iscas99__b21] [plan] step=229 node=N10976 type=control0 reward_pred=-0.009331 lookahead=0.118016 objective=0.118016 sequence=25.721859
[iscas99__b21 gpu0] [plan iscas99__b21] [plan] step=230 node=N7250 type=control0 reward_pred=0.127347 lookahead=0.249193 objective=0.249193 sequence=25.849207
[iscas99__b21 gpu0] [plan iscas99__b21] [plan] step=231 node=N34201 type=control1 reward_pred=0.121846 lookahead=0.202932 objective=0.202932 sequence=25.971052
[iscas99__b21 gpu0] [plan iscas99__b21] [plan] step=232 node=N34176 type=control1 reward_pred=0.081086 lookahead=0.140869 objective=0.140869 sequence=26.052138
[iscas99__b21 gpu0] [plan iscas99__b21] [plan] step=233 node=N1672 type=control1 reward_pred=0.059783 lookahead=-0.061623 objective=-0.061623 sequence=26.111921
[iscas99__b21 gpu0] [plan iscas99__b21] [plan] step=234 node=N15007 type=control1 reward_pred=-0.121406 lookahead=-0.234058 objective=-0.234058 sequence=25.990515
[iscas99__b21 gpu0] [plan iscas99__b21] [plan] step=235 node=N4939 type=control1 reward_pred=-0.112652 lookahead=-0.174347 objective=-0.174347 sequence=25.877863
[iscas99__b21 gpu0] [plan iscas99__b21] [plan] step=236 node=N31494 type=control1 reward_pred=-0.061696 lookahead=-0.120230 objective=-0.120230 sequence=25.816168
[iscas99__b21 gpu0] [plan iscas99__b21] [plan] step=237 node=N29903 type=observe reward_pred=-0.060827 lookahead=-0.098632 objective=-0.098632 sequence=25.755340
[iscas99__b21 gpu0] [plan iscas99__b21] [plan] step=238 node=N34215 type=observe reward_pred=-0.037804 lookahead=-0.054509 objective=-0.054509 sequence=25.717536
[iscas99__b21 gpu0] [plan iscas99__b21] [plan] step=239 node=N15850 type=observe reward_pred=-0.016705 lookahead=-0.052139 objective=-0.052139 sequence=25.700831
[iscas99__b21 gpu0] [plan iscas99__b21] [plan] step=240 node=N21197 type=control1 reward_pred=-0.035434 lookahead=-0.077082 objective=-0.077082 sequence=25.665397
[iscas99__b21 gpu0] [plan iscas99__b21] [plan] step=241 node=N4522 type=control1 reward_pred=-0.041648 lookahead=-0.078209 objective=-0.078209 sequence=25.623749
[iscas99__b21 gpu0] [plan iscas99__b21] [plan] step=242 node=N28318 type=control1 reward_pred=-0.036561 lookahead=-0.070743 objective=-0.070743 sequence=25.587189
[iscas99__b21 gpu0] [plan iscas99__b21] [plan] step=243 node=N22096 type=control1 reward_pred=-0.034182 lookahead=-0.079563 objective=-0.079563 sequence=25.553006
[iscas99__b21 gpu0] [plan iscas99__b21] [plan] step=244 node=N34823 type=observe reward_pred=-0.045380 lookahead=-0.090876 objective=-0.090876 sequence=25.507626
[iscas99__b21 gpu0] [plan iscas99__b21] [plan] step=245 node=N22691 type=observe reward_pred=-0.045495 lookahead=-0.094653 objective=-0.094653 sequence=25.462131
[iscas99__b21 gpu0] [plan iscas99__b21] [plan] step=246 node=N34833 type=observe reward_pred=-0.049157 lookahead=-0.102605 objective=-0.102605 sequence=25.412973
[iscas99__b21 gpu0] [plan iscas99__b21] [plan] step=247 node=N14901 type=control1 reward_pred=-0.053447 lookahead=-0.110344 objective=-0.110344 sequence=25.359526
[iscas99__b21 gpu0] [plan iscas99__b21] [plan] step=248 node=N14189 type=observe reward_pred=-0.056897 lookahead=-0.115063 objective=-0.115063 sequence=25.302629
[iscas99__b21 gpu0] [plan iscas99__b21] [plan] step=249 node=N34831 type=observe reward_pred=-0.058167 lookahead=-0.114159 objective=-0.114159 sequence=25.244463
[iscas99__b21 gpu0] [plan iscas99__b21] [plan] step=250 node=N55469 type=observe reward_pred=-0.055992 lookahead=-0.115995 objective=-0.115995 sequence=25.188470
[iscas99__b21 gpu0] [plan iscas99__b21] [plan] step=251 node=N11090 type=observe reward_pred=-0.060002 lookahead=-0.122680 objective=-0.122680 sequence=25.128468
[iscas99__b21 gpu0] [plan iscas99__b21] [plan] step=252 node=N17682 type=observe reward_pred=-0.062678 lookahead=-0.127532 objective=-0.127532 sequence=25.065790
[iscas99__b21 gpu0] [plan iscas99__b21] [plan] step=253 node=N9167 type=observe reward_pred=-0.064855 lookahead=-0.131447 objective=-0.131447 sequence=25.000936
[iscas99__b21 gpu0] [plan iscas99__b21] [plan] step=254 node=N13050 type=observe reward_pred=-0.066592 lookahead=-0.132967 objective=-0.132967 sequence=24.934343
[iscas99__b21 gpu0] [plan iscas99__b21] [plan] step=255 node=N34860 type=observe reward_pred=-0.066375 lookahead=-0.119733 objective=-0.119733 sequence=24.867968
[iscas99__b21 gpu0] [plan iscas99__b21] [plan] step=256 node=N55522 type=observe reward_pred=-0.053358 lookahead=-0.101485 objective=-0.101485 sequence=24.814611
[iscas99__b21 gpu0] [plan iscas99__b21] [plan] step=257 node=N59866 type=observe reward_pred=-0.048127 lookahead=-0.090554 objective=-0.090554 sequence=24.766484
[iscas99__b21 gpu0] [plan iscas99__b21] [plan] step=258 node=N55573 type=observe reward_pred=-0.042427 lookahead=-0.072842 objective=-0.072842 sequence=24.724056
[iscas99__b21 gpu0] [plan iscas99__b21] [plan] step=259 node=N26270 type=observe reward_pred=-0.030415 lookahead=-0.062753 objective=-0.062753 sequence=24.693641
[iscas99__b21 gpu0] [plan iscas99__b21] [plan] step=260 node=N59326 type=observe reward_pred=-0.032338 lookahead=0.076699 objective=0.076699 sequence=24.661303
[iscas99__b21 gpu0] [plan iscas99__b21] [plan] step=261 node=N55568 type=observe reward_pred=0.109037 lookahead=0.222424 objective=0.222424 sequence=24.770340
[iscas99__b21 gpu0] [plan iscas99__b21] [plan] step=262 node=N59804 type=observe reward_pred=0.113387 lookahead=0.229901 objective=0.229901 sequence=24.883727
[iscas99__b21 gpu0] [plan iscas99__b21] [plan] step=263 node=N55459 type=observe reward_pred=0.116514 lookahead=0.232557 objective=0.232557 sequence=25.000241
[iscas99__b21 gpu0] [plan iscas99__b21] [plan] step=264 node=N23390 type=control1 reward_pred=0.116043 lookahead=0.236503 objective=0.236503 sequence=25.116284
[iscas99__b21 gpu0] [plan iscas99__b21] [plan] step=265 node=N59903 type=observe reward_pred=0.120461 lookahead=0.245443 objective=0.245443 sequence=25.236745
[iscas99__b21 gpu0] [plan iscas99__b21] [plan] step=266 node=N59798 type=observe reward_pred=0.124983 lookahead=0.254725 objective=0.254725 sequence=25.361727
[iscas99__b21 gpu0] [plan iscas99__b21] [plan] step=267 node=N31686 type=observe reward_pred=0.129219 lookahead=0.264366 objective=0.264366 sequence=25.490946
[iscas99__b21 gpu0] [plan iscas99__b21] [plan] step=268 node=N31535 type=observe reward_pred=0.135147 lookahead=0.272174 objective=0.272174 sequence=25.626093
[iscas99__b21 gpu0] [plan iscas99__b21] [plan] step=269 node=N55457 type=observe reward_pred=0.137027 lookahead=0.275209 objective=0.275209 sequence=25.763120
[iscas99__b21 gpu0] [plan iscas99__b21] [plan] step=270 node=N59796 type=observe reward_pred=0.138183 lookahead=0.299280 objective=0.299280 sequence=25.901302
[iscas99__b21 gpu0] [plan iscas99__b21] [plan] step=271 node=N6237 type=observe reward_pred=0.161097 lookahead=0.321065 objective=0.321065 sequence=26.062400
[iscas99__b21 gpu0] [plan iscas99__b21] [plan] step=272 node=N29886 type=observe reward_pred=0.159967 lookahead=0.322215 objective=0.322215 sequence=26.222367
[iscas99__b21 gpu0] [plan iscas99__b21] [plan] step=273 node=N29917 type=observe reward_pred=0.162248 lookahead=0.327087 objective=0.327087 sequence=26.384615
[iscas99__b21 gpu0] [plan iscas99__b21] [plan] step=274 node=N59894 type=observe reward_pred=0.159257 lookahead=0.328809 objective=0.328809 sequence=26.543872
[iscas99__b21 gpu0] [plan iscas99__b21] [plan] step=275 node=N27185 type=observe reward_pred=0.169552 lookahead=0.349320 objective=0.349320 sequence=26.713424
[iscas99__b21 gpu0] [plan iscas99__b21] [plan] step=276 node=N24929 type=observe reward_pred=0.179768 lookahead=0.370045 objective=0.370045 sequence=26.893192
[iscas99__b21 gpu0] [plan iscas99__b21] [plan] step=277 node=N34859 type=observe reward_pred=0.190277 lookahead=0.355563 objective=0.355563 sequence=27.083469
[iscas99__b21 gpu0] [plan iscas99__b21] [plan] step=278 node=N23382 type=observe reward_pred=0.151115 lookahead=0.299947 objective=0.299947 sequence=27.234584
[iscas99__b21 gpu0] [plan iscas99__b21] [plan] step=279 node=N24750 type=observe reward_pred=0.148832 lookahead=0.276764 objective=0.276764 sequence=27.383416
[iscas99__b21 gpu0] [plan iscas99__b21] [plan] step=280 node=N15721 type=observe reward_pred=0.127929 lookahead=0.221211 objective=0.221211 sequence=27.511345
[iscas99__b21 gpu0] [plan iscas99__b21] [plan] step=281 node=N27083 type=observe reward_pred=0.064741 lookahead=0.210486 objective=0.210486 sequence=27.576086
[iscas99__b21 gpu0] [plan iscas99__b21] [plan] step=282 node=N21125 type=observe reward_pred=0.145745 lookahead=0.452766 objective=0.452766 sequence=27.721831
[iscas99__b21 gpu0] [plan iscas99__b21] [plan] step=283 node=N21131 type=observe reward_pred=0.307020 lookahead=0.837500 objective=0.837500 sequence=28.028852
[iscas99__b21 gpu0] [plan iscas99__b21] [plan] step=284 node=N21122 type=observe reward_pred=0.530479 lookahead=1.441008 objective=1.441008 sequence=28.559331
[iscas99__b21 gpu0] [plan iscas99__b21] [plan] step=285 node=N21137 type=observe reward_pred=0.910529 lookahead=2.232505 objective=2.232505 sequence=29.469860
[iscas99__b21 gpu0] [plan iscas99__b21] [plan] step=286 node=N22032 type=observe reward_pred=1.321977 lookahead=3.028182 objective=3.028182 sequence=30.791837
[iscas99__b21 gpu0] [plan iscas99__b21] [plan] step=287 node=N21128 type=observe reward_pred=1.706205 lookahead=3.658333 objective=3.658333 sequence=32.498042
[iscas99__b21 gpu0] [plan iscas99__b21] [plan] step=288 node=N5718 type=observe reward_pred=1.952128 lookahead=4.359285 objective=4.359285 sequence=34.450170
[iscas99__b21 gpu0] [plan iscas99__b21] [plan] step=289 node=N21119 type=observe reward_pred=2.407157 lookahead=5.114392 objective=5.114392 sequence=36.857327
[iscas99__b21 gpu0] [plan iscas99__b21] [plan] step=290 node=N5769 type=observe reward_pred=2.707235 lookahead=5.719693 objective=5.719693 sequence=39.564562
[iscas99__b21 gpu0] [plan iscas99__b21] [plan] step=291 node=N29888 type=observe reward_pred=3.012458 lookahead=6.370869 objective=6.370869 sequence=42.577020
[iscas99__b21 gpu0] [plan iscas99__b21] [plan] step=292 node=N27049 type=observe reward_pred=3.358411 lookahead=7.272991 objective=7.272991 sequence=45.935431
[iscas99__b21 gpu0] [plan iscas99__b21] [plan] step=293 node=N22005 type=observe reward_pred=3.914580 lookahead=8.362241 objective=8.362241 sequence=49.850011
[iscas99__b21 gpu0] [plan iscas99__b21] [plan] step=294 node=N22029 type=observe reward_pred=4.447660 lookahead=9.484004 objective=9.484004 sequence=54.297671
[iscas99__b21 gpu0] [plan iscas99__b21] [plan] step=295 node=N22011 type=observe reward_pred=5.036344 lookahead=10.696254 objective=10.696254 sequence=59.334015
[iscas99__b21 gpu0] [plan iscas99__b21] [plan] step=296 node=N22008 type=observe reward_pred=5.659911 lookahead=11.902890 objective=11.902890 sequence=64.993926
[iscas99__b21 gpu0] [plan iscas99__b21] [plan] step=297 node=N21111 type=observe reward_pred=6.242980 lookahead=12.871846 objective=12.871846 sequence=71.236905
[iscas99__b21 gpu0] [plan iscas99__b21] [plan] step=298 node=N34921 type=observe reward_pred=6.628866 lookahead=13.966969 objective=13.966969 sequence=77.865771
[iscas99__b21 gpu0] [plan iscas99__b21] [plan] step=299 node=N21117 type=observe reward_pred=7.338102 lookahead=15.049494 objective=15.049494 sequence=85.203874
[iscas99__b21 gpu0] [plan iscas99__b21] [plan] step=300 node=N27370 type=observe reward_pred=7.711391 lookahead=16.133706 objective=16.133706 sequence=92.915265
[iscas99__b21 gpu0] [plan iscas99__b21] [plan] step=301 node=N21114 type=observe reward_pred=8.422315 lookahead=17.566720 objective=17.566720 sequence=101.337580
[iscas99__b21 gpu0] [plan iscas99__b21] [plan] step=302 node=N21999 type=observe reward_pred=9.144405 lookahead=18.947455 objective=18.947455 sequence=110.481985
[iscas99__b21 gpu0] [plan iscas99__b21] [plan] step=303 node=N21108 type=observe reward_pred=9.803050 lookahead=20.284369 objective=20.284369 sequence=120.285035
[iscas99__b21 gpu0] [plan iscas99__b21] [plan] step=304 node=N2689 type=observe reward_pred=10.481318 lookahead=21.654861 objective=21.654861 sequence=130.766354
[iscas99__b21 gpu0] [plan iscas99__b21] [plan] step=305 node=N2679 type=observe reward_pred=11.173543 lookahead=23.031818 objective=23.031818 sequence=141.939897
[iscas99__b21 gpu0] [plan iscas99__b21] [plan] step=306 node=N22015 type=observe reward_pred=11.858275 lookahead=24.447042 objective=24.447042 sequence=153.798172
[iscas99__b21 gpu0] [plan iscas99__b21] [plan] step=307 node=N2684 type=observe reward_pred=12.588767 lookahead=25.895750 objective=25.895750 sequence=166.386939
[iscas99__b21 gpu0] [plan iscas99__b21] [plan] step=308 node=N22024 type=observe reward_pred=13.306983 lookahead=27.378884 objective=27.378884 sequence=179.693922
[iscas99__b21 gpu0] [plan iscas99__b21] [plan] step=309 node=N2674 type=observe reward_pred=14.071901 lookahead=28.903142 objective=28.903142 sequence=193.765824
[iscas99__b21 gpu0] [plan iscas99__b21] [plan] step=310 node=N22018 type=observe reward_pred=14.831241 lookahead=30.244602 objective=30.244602 sequence=208.597064
[iscas99__b21 gpu0] [plan iscas99__b21] [plan] step=311 node=N25033 type=observe reward_pred=15.413362 lookahead=31.706389 objective=31.706389 sequence=224.010426
[iscas99__b21 gpu0] [plan iscas99__b21] [plan] step=312 node=N5906 type=observe reward_pred=16.293026 lookahead=33.457821 objective=33.457821 sequence=240.303452
[iscas99__b21 gpu0] [plan iscas99__b21] [plan] step=313 node=N5896 type=observe reward_pred=17.164795 lookahead=34.966747 objective=34.966747 sequence=257.468247
[iscas99__b21 gpu0] [plan iscas99__b21] [plan] step=314 node=N25086 type=observe reward_pred=17.801952 lookahead=36.573309 objective=36.573309 sequence=275.270199
[iscas99__b21 gpu0] [plan iscas99__b21] [plan] step=315 node=N5901 type=observe reward_pred=18.771357 lookahead=38.203072 objective=38.203072 sequence=294.041556
[iscas99__b21 gpu0] [plan iscas99__b21] [plan] step=316 node=N34867 type=observe reward_pred=19.431715 lookahead=39.913305 objective=39.913305 sequence=313.473271
[iscas99__b21 gpu0] [plan iscas99__b21] [plan] step=317 node=N2720 type=observe reward_pred=20.481590 lookahead=41.666321 objective=41.666321 sequence=333.954861
[iscas99__b21 gpu0] [plan iscas99__b21] [plan] step=318 node=N29919 type=observe reward_pred=21.184731 lookahead=43.483709 objective=43.483709 sequence=355.139591
[iscas99__b21 gpu0] [plan iscas99__b21] [plan] step=319 node=N5911 type=observe reward_pred=22.298979 lookahead=45.342548 objective=45.342548 sequence=377.438570
[iscas99__b21 gpu0] [plan iscas99__b21] [plan] step=320 node=N22850 type=control1 reward_pred=23.030388 lookahead=46.917574 objective=46.917574 sequence=400.468958
[iscas99__b21 gpu0] [plan iscas99__b21] [plan] step=321 node=N22089 type=control1 reward_pred=23.887186 lookahead=48.649826 objective=48.649826 sequence=424.356144
[iscas99__b21 gpu0] [plan iscas99__b21] [plan] step=322 node=N12789 type=control1 reward_pred=24.762640 lookahead=50.454557 objective=50.454557 sequence=449.118784
[iscas99__b21 gpu0] [plan iscas99__b21] [plan] step=323 node=N25486 type=control1 reward_pred=25.691917 lookahead=52.350460 objective=52.350460 sequence=474.810702
[iscas99__b21 gpu0] [plan iscas99__b21] [plan] step=324 node=N25422 type=control1 reward_pred=26.658543 lookahead=54.316162 objective=54.316162 sequence=501.469244
[iscas99__b21 gpu0] [plan iscas99__b21] [plan] step=325 node=N25382 type=control1 reward_pred=27.657619 lookahead=56.350735 objective=56.350735 sequence=529.126864
[iscas99__b21 gpu0] [plan iscas99__b21] [plan] step=326 node=N55510 type=observe reward_pred=28.693115 lookahead=58.867792 objective=58.867792 sequence=557.819979
[iscas99__b21 gpu0] [plan iscas99__b21] [plan] step=327 node=N5927 type=observe reward_pred=30.174677 lookahead=61.723932 objective=61.723932 sequence=587.994656
[iscas99__b21 gpu0] [plan iscas99__b21] [plan] step=328 node=N1620 type=observe reward_pred=31.549255 lookahead=64.443054 objective=64.443054 sequence=619.543911
[iscas99__b21 gpu0] [plan iscas99__b21] [plan] step=329 node=N1616 type=observe reward_pred=32.893799 lookahead=66.871159 objective=66.871159 sequence=652.437710
[iscas99__b21 gpu0] [plan iscas99__b21] [plan] step=330 node=N34843 type=observe reward_pred=33.977360 lookahead=69.147636 objective=69.147636 sequence=686.415070
[iscas99__b21 gpu0] [plan iscas99__b21] [plan] step=331 node=N27360 type=observe reward_pred=35.170277 lookahead=71.841766 objective=71.841766 sequence=721.585346
[iscas99__b21 gpu0] [plan iscas99__b21] [plan] step=332 node=N1618 type=observe reward_pred=36.671490 lookahead=74.487453 objective=74.487453 sequence=758.256836
[iscas99__b21 gpu0] [plan iscas99__b21] [plan] step=333 node=N25414 type=control1 reward_pred=37.815964 lookahead=76.985504 objective=76.985504 sequence=796.072800
[iscas99__b21 gpu0] [plan iscas99__b21] [plan] step=334 node=N34869 type=observe reward_pred=39.169540 lookahead=79.956200 objective=79.956200 sequence=835.242340
[iscas99__b21 gpu0] [plan iscas99__b21] [plan] step=335 node=N1622 type=observe reward_pred=40.786659 lookahead=83.156811 objective=83.156811 sequence=876.029000
[iscas99__b21 gpu0] [plan iscas99__b21] [plan] step=336 node=N1614 type=observe reward_pred=42.370152 lookahead=86.093628 objective=86.093628 sequence=918.399151
[iscas99__b21 gpu0] [plan iscas99__b21] [plan] step=337 node=N34841 type=observe reward_pred=43.723476 lookahead=88.897636 objective=88.897636 sequence=962.122627
[iscas99__b21 gpu0] [plan iscas99__b21] [plan] step=338 node=N24699 type=observe reward_pred=45.174160 lookahead=92.104565 objective=92.104565 sequence=1007.296787
[iscas99__b21 gpu0] [plan iscas99__b21] [plan] step=339 node=N23237 type=observe reward_pred=46.930405 lookahead=95.595253 objective=95.595253 sequence=1054.227192
[iscas99__b21 gpu0] [plan iscas99__b21] [plan] step=340 node=N4858 type=observe reward_pred=48.664848 lookahead=98.982170 objective=98.982170 sequence=1102.892040
[iscas99__b21 gpu0] [plan iscas99__b21] [plan] step=341 node=N5929 type=observe reward_pred=50.317322 lookahead=102.447971 objective=102.447971 sequence=1153.209362
[iscas99__b21 gpu0] [plan iscas99__b21] [plan] step=342 node=N1520 type=observe reward_pred=52.130650 lookahead=106.101299 objective=106.101299 sequence=1205.340012
[iscas99__b21 gpu0] [plan iscas99__b21] [plan] step=343 node=N4872 type=observe reward_pred=53.970650 lookahead=109.819214 objective=109.819214 sequence=1259.310661
[iscas99__b21 gpu0] [plan iscas99__b21] [plan] step=344 node=N4860 type=observe reward_pred=55.848564 lookahead=113.619743 objective=113.619743 sequence=1315.159226
[iscas99__b21 gpu0] [plan iscas99__b21] [plan] step=345 node=N20933 type=observe reward_pred=57.771179 lookahead=117.508286 objective=117.508286 sequence=1372.930405
[iscas99__b21 gpu0] [plan iscas99__b21] [plan] step=346 node=N4856 type=observe reward_pred=59.737106 lookahead=121.258228 objective=121.258228 sequence=1432.667511
[iscas99__b21 gpu0] [plan iscas99__b21] [plan] step=347 node=N24733 type=observe reward_pred=61.519814 lookahead=124.948833 objective=124.948833 sequence=1494.187325
[iscas99__b21 gpu0] [plan iscas99__b21] [plan] step=348 node=N27032 type=observe reward_pred=63.429020 lookahead=128.847355 objective=128.847355 sequence=1557.616345
[iscas99__b21 gpu0] [plan iscas99__b21] [plan] step=349 node=N27015 type=observe reward_pred=65.417854 lookahead=133.144333 objective=133.144333 sequence=1623.034199
[iscas99__b21 gpu0] [plan iscas99__b21] [plan] step=350 node=N4794 type=observe reward_pred=67.726479 lookahead=137.514977 objective=137.514977 sequence=1690.760678
[iscas99__b21 gpu0] [plan iscas99__b21] [plan] step=351 node=N24682 type=observe reward_pred=69.788498 lookahead=141.986679 objective=141.986679 sequence=1760.549175
[iscas99__b21 gpu0] [plan iscas99__b21] [plan] step=352 node=N4770 type=observe reward_pred=72.198181 lookahead=146.570824 objective=146.570824 sequence=1832.747357
[iscas99__b21 gpu0] [plan iscas99__b21] [plan] step=353 node=N24716 type=observe reward_pred=74.372643 lookahead=151.030891 objective=151.030891 sequence=1907.119999
[iscas99__b21 gpu0] [plan iscas99__b21] [plan] step=354 node=N29973 type=observe reward_pred=76.658249 lookahead=155.686691 objective=155.686691 sequence=1983.778248
[iscas99__b21 gpu0] [plan iscas99__b21] [plan] step=355 node=N30145 type=observe reward_pred=79.028442 lookahead=160.501823 objective=160.501823 sequence=2062.806690
[iscas99__b21 gpu0] [plan iscas99__b21] [plan] step=356 node=N34872 type=observe reward_pred=81.473381 lookahead=165.383545 objective=165.383545 sequence=2144.280071
[iscas99__b21 gpu0] [plan iscas99__b21] [plan] step=357 node=N25462 type=control1 reward_pred=83.910164 lookahead=170.346863 objective=170.346863 sequence=2228.190235
[iscas99__b21 gpu0] [plan iscas99__b21] [plan] step=358 node=N25502 type=control1 reward_pred=86.436691 lookahead=175.623283 objective=175.623283 sequence=2314.626927
[iscas99__b21 gpu0] [plan iscas99__b21] [plan] step=359 node=N34842 type=observe reward_pred=89.186592 lookahead=181.377464 objective=181.377464 sequence=2403.813519
[iscas99__b21 gpu0] [plan iscas99__b21] [plan] step=360 node=N4852 type=observe reward_pred=92.190872 lookahead=187.055077 objective=187.055077 sequence=2496.004391
[iscas99__b21 gpu0] [plan iscas99__b21] [plan] step=361 node=N21199 type=control1 reward_pred=94.864204 lookahead=192.864578 objective=192.864578 sequence=2590.868595
[iscas99__b21 gpu0] [plan iscas99__b21] [plan] step=362 node=N21696 type=observe reward_pred=98.000374 lookahead=198.823647 objective=198.823647 sequence=2688.868969
[iscas99__b21 gpu0] [plan iscas99__b21] [plan] step=363 node=N25952 type=control1 reward_pred=100.823273 lookahead=204.593811 objective=204.593811 sequence=2789.692242
[iscas99__b21 gpu0] [plan iscas99__b21] [plan] step=364 node=N25350 type=control1 reward_pred=103.770538 lookahead=210.591087 objective=210.591087 sequence=2893.462780
[iscas99__b21 gpu0] [plan iscas99__b21] [plan] step=365 node=N48099 type=observe reward_pred=106.799988 lookahead=217.121742 objective=217.121742 sequence=3000.262768
[iscas99__b21 gpu0] [plan iscas99__b21] [plan] step=366 node=N4762 type=observe reward_pred=110.321754 lookahead=223.908020 objective=223.908020 sequence=3110.584522
[iscas99__b21 gpu0] [plan iscas99__b21] [plan] step=367 node=N24665 type=observe reward_pred=113.586266 lookahead=230.438889 objective=230.438889 sequence=3224.170788
[iscas99__b21 gpu0] [plan iscas99__b21] [plan] step=368 node=N59784 type=observe reward_pred=116.838165 lookahead=237.427673 objective=237.427673 sequence=3341.008953
[iscas99__b21 gpu0] [plan iscas99__b21] [plan] step=369 node=N21702 type=observe reward_pred=120.589508 lookahead=244.811089 objective=244.811089 sequence=3461.598461
[iscas99__b21 gpu0] [plan iscas99__b21] [plan] step=370 node=N11221 type=observe reward_pred=124.221581 lookahead=252.167671 objective=252.167671 sequence=3585.820042
[iscas99__b21 gpu0] [plan iscas99__b21] [plan] step=371 node=N11251 type=observe reward_pred=127.946091 lookahead=259.476913 objective=259.476913 sequence=3713.766133
[iscas99__b21 gpu0] [plan iscas99__b21] [plan] step=372 node=N25318 type=control1 reward_pred=131.530823 lookahead=266.816376 objective=266.816376 sequence=3845.296955
[iscas99__b21 gpu0] [plan iscas99__b21] [plan] step=373 node=N61383 type=observe reward_pred=135.285553 lookahead=274.604828 objective=274.604828 sequence=3980.582508
[iscas99__b21 gpu0] [plan iscas99__b21] [plan] step=374 node=N27223 type=observe reward_pred=139.319275 lookahead=282.560593 objective=282.560593 sequence=4119.901783
[iscas99__b21 gpu0] [plan iscas99__b21] [plan] step=375 node=N32444 type=control1 reward_pred=143.241318 lookahead=290.555664 objective=290.555664 sequence=4263.143101
[iscas99__b21 gpu0] [plan iscas99__b21] [plan] step=376 node=N26245 type=control1 reward_pred=147.314316 lookahead=299.119919 objective=299.119919 sequence=4410.457417
[iscas99__b21 gpu0] [plan iscas99__b21] [plan] step=377 node=N7190 type=control1 reward_pred=151.805603 lookahead=307.855240 objective=307.855240 sequence=4562.263020
[iscas99__b21 gpu0] [plan iscas99__b21] [plan] step=378 node=N28575 type=control1 reward_pred=156.049637 lookahead=316.539185 objective=316.539185 sequence=4718.312657
[iscas99__b21 gpu0] [plan iscas99__b21] [plan] step=379 node=N57198 type=control1 reward_pred=160.489548 lookahead=325.549789 objective=325.549789 sequence=4878.802204
[iscas99__b21 gpu0] [plan iscas99__b21] [plan] step=380 node=N17896 type=control0 reward_pred=165.060242 lookahead=334.814133 objective=334.814133 sequence=5043.862446
[iscas99__b21 gpu0] [plan iscas99__b21] [plan] step=381 node=N17395 type=control0 reward_pred=169.753891 lookahead=344.332443 objective=344.332443 sequence=5213.616337
[iscas99__b21 gpu0] [plan iscas99__b21] [plan] step=382 node=N26195 type=control1 reward_pred=174.578552 lookahead=354.149002 objective=354.149002 sequence=5388.194889
[iscas99__b21 gpu0] [plan iscas99__b21] [plan] step=383 node=N27911 type=control1 reward_pred=179.570450 lookahead=364.263474 objective=364.263474 sequence=5567.765339
[iscas99__b21 gpu0] [plan iscas99__b21] [plan] step=384 node=N18996 type=control0 reward_pred=184.693024 lookahead=374.633041 objective=374.633041 sequence=5752.458363
[iscas99__b21 gpu0] [plan iscas99__b21] [plan] step=385 node=N3943 type=control0 reward_pred=189.940018 lookahead=385.265335 objective=385.265335 sequence=5942.398380
[iscas99__b21 gpu0] [plan iscas99__b21] [plan] step=386 node=N31395 type=control1 reward_pred=195.314133 lookahead=396.186172 objective=396.186172 sequence=6137.712513
[iscas99__b21 gpu0] [plan iscas99__b21] [plan] step=387 node=N7244 type=control0 reward_pred=200.872040 lookahead=407.434662 objective=407.434662 sequence=6338.584553
[iscas99__b21 gpu0] [plan iscas99__b21] [plan] step=388 node=N26240 type=control1 reward_pred=206.543106 lookahead=418.956268 objective=418.956268 sequence=6545.127659
[iscas99__b21 gpu0] [plan iscas99__b21] [plan] step=389 node=N13266 type=control0 reward_pred=212.413162 lookahead=430.833832 objective=430.833832 sequence=6757.540821
[iscas99__b21 gpu0] [plan iscas99__b21] [plan] step=390 node=N34175 type=control1 reward_pred=218.393158 lookahead=442.984329 objective=442.984329 sequence=6975.933979
[iscas99__b21 gpu0] [plan iscas99__b21] [plan] step=391 node=N16894 type=control0 reward_pred=224.591171 lookahead=455.486908 objective=455.486908 sequence=7200.525150
[iscas99__b21 gpu0] [plan iscas99__b21] [plan] step=392 node=N34911 type=control1 reward_pred=230.895737 lookahead=468.285767 objective=468.285767 sequence=7431.420887
[iscas99__b21 gpu0] [plan iscas99__b21] [plan] step=393 node=N34202 type=control1 reward_pred=237.390030 lookahead=481.459473 objective=481.459473 sequence=7668.810917
[iscas99__b21 gpu0] [plan iscas99__b21] [plan] step=394 node=N36658 type=control1 reward_pred=244.069443 lookahead=494.995346 objective=494.995346 sequence=7912.880360
[iscas99__b21 gpu0] [plan iscas99__b21] [plan] step=395 node=N31362 type=control1 reward_pred=250.923065 lookahead=509.248230 objective=509.248230 sequence=8163.803425
[iscas99__b21 gpu0] [plan iscas99__b21] [plan] step=396 node=N7238 type=control1 reward_pred=258.325165 lookahead=523.780975 objective=523.780975 sequence=8422.128590
[iscas99__b21 gpu0] [plan iscas99__b21] [plan] step=397 node=N28599 type=control1 reward_pred=265.455811 lookahead=538.300079 objective=538.300079 sequence=8687.584400
[iscas99__b21 gpu0] [plan iscas99__b21] [plan] step=398 node=N26216 type=control1 reward_pred=272.844269 lookahead=553.294128 objective=553.294128 sequence=8960.428669
[iscas99__b21 gpu0] [plan iscas99__b21] [plan] step=399 node=N34221 type=control1 reward_pred=280.449310 lookahead=568.739349 objective=568.739349 sequence=9240.877979
[iscas99__b21 gpu0] [plan iscas99__b21] [plan] step=400 node=N21336 type=control1 reward_pred=288.290039 lookahead=584.615265 objective=584.615265 sequence=9529.168019
[iscas99__b21 gpu0] [plan iscas99__b21] [plan] step=401 node=N26266 type=control1 reward_pred=296.325226 lookahead=600.907898 objective=600.907898 sequence=9825.493244
[iscas99__b21 gpu0] [plan iscas99__b21] [plan] step=402 node=N31527 type=control1 reward_pred=304.582642 lookahead=617.651886 objective=617.651886 sequence=10130.075886
[iscas99__b21 gpu0] [plan iscas99__b21] [plan] step=403 node=N28592 type=control1 reward_pred=313.069244 lookahead=634.865479 objective=634.865479 sequence=10443.145130
[iscas99__b21 gpu0] [plan iscas99__b21] [plan] step=404 node=N27751 type=control1 reward_pred=321.796234 lookahead=652.540649 objective=652.540649 sequence=10764.941364
[iscas99__b21 gpu0] [plan iscas99__b21] [plan] step=405 node=N28635 type=control1 reward_pred=330.744354 lookahead=670.682617 objective=670.682617 sequence=11095.685719
[iscas99__b21 gpu0] [plan iscas99__b21] [plan] step=406 node=N31377 type=control1 reward_pred=339.938263 lookahead=689.318573 objective=689.318573 sequence=11435.623982
[iscas99__b21 gpu0] [plan iscas99__b21] [plan] step=407 node=N26191 type=control1 reward_pred=349.380310 lookahead=708.457611 objective=708.457611 sequence=11785.004292
[iscas99__b21 gpu0] [plan iscas99__b21] [plan] step=408 node=N28595 type=control1 reward_pred=359.077301 lookahead=728.110992 objective=728.110992 sequence=12144.081593
[iscas99__b21 gpu0] [plan iscas99__b21] [plan] step=409 node=N26179 type=control1 reward_pred=369.033691 lookahead=748.299133 objective=748.299133 sequence=12513.115284
[iscas99__b21 gpu0] [plan iscas99__b21] [plan] step=410 node=N34174 type=control1 reward_pred=379.265442 lookahead=769.033386 objective=769.033386 sequence=12892.380726
[iscas99__b21 gpu0] [plan iscas99__b21] [plan] step=411 node=N15941 type=control1 reward_pred=389.767700 lookahead=790.329681 objective=790.329681 sequence=13282.148426
[iscas99__b21 gpu0] [plan iscas99__b21] [plan] step=412 node=N25438 type=control1 reward_pred=400.561981 lookahead=812.198669 objective=812.198669 sequence=13682.710407
[iscas99__b21 gpu0] [plan iscas99__b21] [plan] step=413 node=N28636 type=control1 reward_pred=411.636505 lookahead=834.648163 objective=834.648163 sequence=14094.346913
[iscas99__b21 gpu0] [plan iscas99__b21] [plan] step=414 node=N26194 type=control1 reward_pred=423.011658 lookahead=857.712433 objective=857.712433 sequence=14517.358570
[iscas99__b21 gpu0] [plan iscas99__b21] [plan] step=415 node=N23384 type=control1 reward_pred=434.700775 lookahead=881.837921 objective=881.837921 sequence=14952.059345
[iscas99__b21 gpu0] [plan iscas99__b21] [plan] step=416 node=N11205 type=observe reward_pred=447.137146 lookahead=906.732483 objective=906.732483 sequence=15399.196491
[iscas99__b21 gpu0] [plan iscas99__b21] [plan] step=417 node=N33257 type=observe reward_pred=459.595337 lookahead=931.951080 objective=931.951080 sequence=15858.791828
[iscas99__b21 gpu0] [plan iscas99__b21] [plan] step=418 node=N61393 type=observe reward_pred=472.355743 lookahead=957.801697 objective=957.801697 sequence=16331.147572
[iscas99__b21 gpu0] [plan iscas99__b21] [plan] step=419 node=N58764 type=observe reward_pred=485.445953 lookahead=984.360565 objective=984.360565 sequence=16816.593525
[iscas99__b21 gpu0] [plan iscas99__b21] [plan] step=420 node=N32555 type=observe reward_pred=498.914612 lookahead=1011.645142 objective=1011.645142 sequence=17315.508137
[iscas99__b21 gpu0] [plan iscas99__b21] [plan] step=421 node=N22855 type=observe reward_pred=512.730530 lookahead=1039.425537 objective=1039.425537 sequence=17828.238667
[iscas99__b21 gpu0] [plan iscas99__b21] [plan] step=422 node=N36688 type=control1 reward_pred=526.695007 lookahead=1067.786011 objective=1067.786011 sequence=18354.933674
[iscas99__b21 gpu0] [plan iscas99__b21] [plan] step=423 node=N27879 type=control1 reward_pred=541.091003 lookahead=1096.989807 objective=1096.989807 sequence=18896.024677
[iscas99__b21 gpu0] [plan iscas99__b21] [plan] step=424 node=N27839 type=control1 reward_pred=555.898804 lookahead=1127.015808 objective=1127.015808 sequence=19451.923481
[iscas99__b21 gpu0] [plan iscas99__b21] [plan] step=425 node=N27743 type=control1 reward_pred=571.117004 lookahead=1157.863586 objective=1157.863586 sequence=20023.040486
[iscas99__b21 gpu0] [plan iscas99__b21] [plan] step=426 node=N31439 type=control1 reward_pred=586.746582 lookahead=1189.549011 objective=1189.549011 sequence=20609.787068
[iscas99__b21 gpu0] [plan iscas99__b21] [plan] step=427 node=N28576 type=control1 reward_pred=602.802429 lookahead=1222.104370 objective=1222.104370 sequence=21212.589497
[iscas99__b21 gpu0] [plan iscas99__b21] [plan] step=428 node=N27823 type=control1 reward_pred=619.301941 lookahead=1255.552795 objective=1255.552795 sequence=21831.891438
[iscas99__b21 gpu0] [plan iscas99__b21] [plan] step=429 node=N27719 type=control1 reward_pred=636.250854 lookahead=1290.075867 objective=1290.075867 sequence=22468.142292
[iscas99__b21 gpu0] [plan iscas99__b21] [plan] step=430 node=N26399 type=control1 reward_pred=653.825012 lookahead=1325.484558 objective=1325.484558 sequence=23121.967304
[iscas99__b21 gpu0] [plan iscas99__b21] [plan] step=431 node=N27871 type=control1 reward_pred=671.659546 lookahead=1361.663330 objective=1361.663330 sequence=23793.626850
[iscas99__b21 gpu0] [plan iscas99__b21] [plan] step=432 node=N31508 type=control1 reward_pred=690.003784 lookahead=1398.858521 objective=1398.858521 sequence=24483.630634
[iscas99__b21 gpu0] [plan iscas99__b21] [plan] step=433 node=N28600 type=control1 reward_pred=708.854736 lookahead=1437.078186 objective=1437.078186 sequence=25192.485371
[iscas99__b21 gpu0] [plan iscas99__b21] [plan] step=434 node=N26224 type=control1 reward_pred=728.223450 lookahead=1476.338440 objective=1476.338440 sequence=25920.708821
[iscas99__b21 gpu0] [plan iscas99__b21] [plan] step=435 node=N26196 type=control1 reward_pred=748.114990 lookahead=1516.660645 objective=1516.660645 sequence=26668.823811
[iscas99__b21 gpu0] [plan iscas99__b21] [plan] step=436 node=N31758 type=control1 reward_pred=768.545654 lookahead=1558.074890 objective=1558.074890 sequence=27437.369465
[iscas99__b21 gpu0] [plan iscas99__b21] [plan] step=437 node=N26241 type=control1 reward_pred=789.529175 lookahead=1600.982239 objective=1600.982239 sequence=28226.898640
[iscas99__b21 gpu0] [plan iscas99__b21] [plan] step=438 node=N7214 type=control1 reward_pred=811.453064 lookahead=1645.175476 objective=1645.175476 sequence=29038.351704
[iscas99__b21 gpu0] [plan iscas99__b21] [plan] step=439 node=N61395 type=observe reward_pred=833.722412 lookahead=1690.320801 objective=1690.320801 sequence=29872.074116
[iscas99__b21 gpu0] [plan iscas99__b21] [plan] step=440 node=N31506 type=observe reward_pred=856.598389 lookahead=1736.669495 objective=1736.669495 sequence=30728.672505
[iscas99__b21 gpu0] [plan iscas99__b21] [plan] step=441 node=N31464 type=observe reward_pred=880.071106 lookahead=1784.234314 objective=1784.234314 sequence=31608.743611
[iscas99__b21 gpu0] [plan iscas99__b21] [plan] step=442 node=N31454 type=observe reward_pred=904.163208 lookahead=1833.059509 objective=1833.059509 sequence=32512.906819
[iscas99__b21 gpu0] [plan iscas99__b21] [plan] step=443 node=N34020 type=observe reward_pred=928.896301 lookahead=1883.186584 objective=1883.186584 sequence=33441.803120
[iscas99__b21 gpu0] [plan iscas99__b21] [plan] step=444 node=N33085 type=observe reward_pred=954.290283 lookahead=1934.655212 objective=1934.655212 sequence=34396.093403
[iscas99__b21 gpu0] [plan iscas99__b21] [plan] step=445 node=N31517 type=observe reward_pred=980.364929 lookahead=1987.502075 objective=1987.502075 sequence=35376.458332
[iscas99__b21 gpu0] [plan iscas99__b21] [plan] step=446 node=N31493 type=observe reward_pred=1007.137146 lookahead=2043.427917 objective=2043.427917 sequence=36383.595478
[iscas99__b21 gpu0] [plan iscas99__b21] [plan] step=447 node=N22973 type=observe reward_pred=1036.290771 lookahead=2100.507935 objective=2100.507935 sequence=37419.886250
[iscas99__b21 gpu0] [plan iscas99__b21] [plan] step=448 node=N11230 type=observe reward_pred=1064.217163 lookahead=2157.131714 objective=2157.131714 sequence=38484.103413
[iscas99__b21 gpu0] [plan iscas99__b21] [plan] step=449 node=N46903 type=observe reward_pred=1092.914551 lookahead=2215.535278 objective=2215.535278 sequence=39577.017964
[iscas99__b21 gpu0] [plan iscas99__b21] [plan] step=450 node=N22094 type=observe reward_pred=1122.620728 lookahead=2275.786133 objective=2275.786133 sequence=40699.638691
[iscas99__b21 gpu0] [plan iscas99__b21] [plan] step=451 node=N22896 type=observe reward_pred=1153.165405 lookahead=2337.709106 objective=2337.709106 sequence=41852.804096
[iscas99__b21 gpu0] [plan iscas99__b21] [plan] step=452 node=N22898 type=observe reward_pred=1184.543701 lookahead=2401.509033 objective=2401.509033 sequence=43037.347798
[iscas99__b21 gpu0] [plan iscas99__b21] [plan] step=453 node=N22982 type=observe reward_pred=1216.965332 lookahead=2466.996582 objective=2466.996582 sequence=44254.313130
[iscas99__b21 gpu0] [plan iscas99__b21] [plan] step=454 node=N22893 type=observe reward_pred=1250.031250 lookahead=2534.041748 objective=2534.041748 sequence=45504.344380
[iscas99__b21 gpu0] [plan iscas99__b21] [plan] step=455 node=N31570 type=observe reward_pred=1284.010498 lookahead=2602.947144 objective=2602.947144 sequence=46788.354878
[iscas99__b21 gpu0] [plan iscas99__b21] [plan] step=456 node=N31687 type=observe reward_pred=1318.936646 lookahead=2673.725342 objective=2673.725342 sequence=48107.291523
[iscas99__b21 gpu0] [plan iscas99__b21] [plan] step=457 node=N22895 type=observe reward_pred=1354.788696 lookahead=2746.506348 objective=2746.506348 sequence=49462.080219
[iscas99__b21 gpu0] [plan iscas99__b21] [plan] step=458 node=N11060 type=observe reward_pred=1391.717651 lookahead=2821.200928 objective=2821.200928 sequence=50853.797871
[iscas99__b21 gpu0] [plan iscas99__b21] [plan] step=459 node=N27355 type=observe reward_pred=1429.483276 lookahead=2897.648315 objective=2897.648315 sequence=52283.281147
[iscas99__b21 gpu0] [plan iscas99__b21] [plan] step=460 node=N28317 type=control1 reward_pred=1468.165039 lookahead=2976.046875 objective=2976.046875 sequence=53751.446186
[iscas99__b21 gpu0] [plan iscas99__b21] [plan] step=461 node=N31427 type=control1 reward_pred=1507.881836 lookahead=3056.563843 objective=3056.563843 sequence=55259.328022
[iscas99__b21 gpu0] [plan iscas99__b21] [plan] step=462 node=N27927 type=control1 reward_pred=1548.682007 lookahead=3139.359985 objective=3139.359985 sequence=56808.010029
[iscas99__b21 gpu0] [plan iscas99__b21] [plan] step=463 node=N26401 type=control1 reward_pred=1590.677979 lookahead=3224.413574 objective=3224.413574 sequence=58398.688008
[iscas99__b21 gpu0] [plan iscas99__b21] [plan] step=464 node=N26171 type=control1 reward_pred=1633.735596 lookahead=3311.703491 objective=3311.703491 sequence=60032.423603
[iscas99__b21 gpu0] [plan iscas99__b21] [plan] step=465 node=N28583 type=control1 reward_pred=1677.967896 lookahead=3401.355591 objective=3401.355591 sequence=61710.391499
[iscas99__b21 gpu0] [plan iscas99__b21] [plan] step=466 node=N27767 type=control1 reward_pred=1723.387695 lookahead=3493.430542 objective=3493.430542 sequence=63433.779194
[iscas99__b21 gpu0] [plan iscas99__b21] [plan] step=467 node=N27759 type=control1 reward_pred=1770.042847 lookahead=3588.005493 objective=3588.005493 sequence=65203.822041
[iscas99__b21 gpu0] [plan iscas99__b21] [plan] step=468 node=N31472 type=control1 reward_pred=1817.962646 lookahead=3685.141113 objective=3685.141113 sequence=67021.784687
[iscas99__b21 gpu0] [plan iscas99__b21] [plan] step=469 node=N27799 type=control1 reward_pred=1867.178467 lookahead=3784.905640 objective=3784.905640 sequence=68888.963154
[iscas99__b21 gpu0] [plan iscas99__b21] [plan] step=470 node=N22852 type=control1 reward_pred=1917.727173 lookahead=3887.371216 objective=3887.371216 sequence=70806.690327
[iscas99__b21 gpu0] [plan iscas99__b21] [plan] step=471 node=N26261 type=control1 reward_pred=1969.644043 lookahead=3992.602539 objective=3992.602539 sequence=72776.334370
[iscas99__b21 gpu0] [plan iscas99__b21] [plan] step=472 node=N23476 type=control1 reward_pred=2022.958496 lookahead=4100.663574 objective=4100.663574 sequence=74799.292866
[iscas99__b21 gpu0] [plan iscas99__b21] [plan] step=473 node=N27807 type=control1 reward_pred=2077.705078 lookahead=4211.641602 objective=4211.641602 sequence=76876.997944
[iscas99__b21 gpu0] [plan iscas99__b21] [plan] step=474 node=N23547 type=control1 reward_pred=2133.936523 lookahead=4325.611084 objective=4325.611084 sequence=79010.934467
[iscas99__b21 gpu0] [plan iscas99__b21] [plan] step=475 node=N27831 type=control1 reward_pred=2191.674561 lookahead=4442.644531 objective=4442.644531 sequence=81202.609028
[iscas99__b21 gpu0] [plan iscas99__b21] [plan] step=476 node=N27863 type=control1 reward_pred=2250.969971 lookahead=4562.833008 objective=4562.833008 sequence=83453.578999
[iscas99__b21 gpu0] [plan iscas99__b21] [plan] step=477 node=N27727 type=control1 reward_pred=2311.863037 lookahead=4686.260742 objective=4686.260742 sequence=85765.442036
[iscas99__b21 gpu0] [plan iscas99__b21] [plan] step=478 node=N31549 type=control1 reward_pred=2374.397705 lookahead=4813.017090 objective=4813.017090 sequence=88139.839741
[iscas99__b21 gpu0] [plan iscas99__b21] [plan] step=479 node=N27791 type=control1 reward_pred=2438.619385 lookahead=4943.191162 objective=4943.191162 sequence=90578.459126
[iscas99__b21 gpu0] [plan iscas99__b21] [plan] step=480 node=N31557 type=control1 reward_pred=2504.571777 lookahead=5076.875244 objective=5076.875244 sequence=93083.030903
[iscas99__b21 gpu0] [plan iscas99__b21] [plan] step=481 node=N28624 type=control1 reward_pred=2572.303467 lookahead=5214.161377 objective=5214.161377 sequence=95655.334370
[iscas99__b21 gpu0] [plan iscas99__b21] [plan] step=482 node=N28542 type=control1 reward_pred=2641.857422 lookahead=5355.219971 objective=5355.219971 sequence=98297.191792
[iscas99__b21 gpu0] [plan iscas99__b21] [plan] step=483 node=N3961 type=control0 reward_pred=2713.362549 lookahead=5500.047119 objective=5500.047119 sequence=101010.554341
[iscas99__b21 gpu0] [plan iscas99__b21] [plan] step=484 node=N27815 type=control1 reward_pred=2786.684570 lookahead=5648.682617 objective=5648.682617 sequence=103797.238911
[iscas99__b21 gpu0] [plan iscas99__b21] [plan] step=485 node=N27699 type=control1 reward_pred=2861.998047 lookahead=5801.342529 objective=5801.342529 sequence=106659.236958
[iscas99__b21 gpu0] [plan iscas99__b21] [plan] step=486 node=N23152 type=control1 reward_pred=2939.344482 lookahead=5958.119385 objective=5958.119385 sequence=109598.581440
[iscas99__b21 gpu0] [plan iscas99__b21] [plan] step=487 node=N26217 type=control1 reward_pred=3018.774902 lookahead=6119.122559 objective=6119.122559 sequence=112617.356342
[iscas99__b21 gpu0] [plan iscas99__b21] [plan] step=488 node=N28623 type=control1 reward_pred=3100.347656 lookahead=6284.464600 objective=6284.464600 sequence=115717.703999
[iscas99__b21 gpu0] [plan iscas99__b21] [plan] step=489 node=N27783 type=control1 reward_pred=3184.116943 lookahead=6454.259277 objective=6454.259277 sequence=118901.820942
[iscas99__b21 gpu0] [plan iscas99__b21] [plan] step=490 node=N27895 type=control1 reward_pred=3270.142334 lookahead=6628.626465 objective=6628.626465 sequence=122171.963276
[iscas99__b21 gpu0] [plan iscas99__b21] [plan] step=491 node=N27887 type=control1 reward_pred=3358.484131 lookahead=6807.689453 objective=6807.689453 sequence=125530.447407
[iscas99__b21 gpu0] [plan iscas99__b21] [plan] step=492 node=N28545 type=control1 reward_pred=3449.205322 lookahead=6991.575684 objective=6991.575684 sequence=128979.652729
[iscas99__b21 gpu0] [plan iscas99__b21] [plan] step=493 node=N28572 type=control1 reward_pred=3542.369873 lookahead=7180.498291 objective=7180.498291 sequence=132522.022602
[iscas99__b21 gpu0] [plan iscas99__b21] [plan] step=494 node=N8912 type=control0 reward_pred=3638.128418 lookahead=7374.480957 objective=7374.480957 sequence=136160.151020
[iscas99__b21 gpu0] [plan iscas99__b21] [plan] step=495 node=N26172 type=control1 reward_pred=3736.352539 lookahead=7573.656738 objective=7573.656738 sequence=139896.503559
[iscas99__b21 gpu0] [plan iscas99__b21] [plan] step=496 node=N8911 type=control0 reward_pred=3837.304199 lookahead=7778.184082 objective=7778.184082 sequence=143733.807759
[iscas99__b21 gpu0] [plan iscas99__b21] [plan] step=497 node=N31505 type=control1 reward_pred=3940.879883 lookahead=7988.144775 objective=7988.144775 sequence=147674.687641
[iscas99__b21 gpu0] [plan iscas99__b21] [plan] step=498 node=N27847 type=control1 reward_pred=4047.264893 lookahead=8203.786865 objective=8203.786865 sequence=151721.952534
[iscas99__b21 gpu0] [plan iscas99__b21] [plan] step=499 node=N27711 type=control1 reward_pred=4156.521973 lookahead=8425.247070 objective=8425.247070 sequence=155878.474507
[iscas99__b21 gpu0] [plan iscas99__b21] [plan] step=500 node=N28569 type=control1 reward_pred=4268.725098 lookahead=8652.676758 objective=8652.676758 sequence=160147.199604
[iscas99__b21 gpu0] [plan iscas99__b21] [plan] step=501 node=N26258 type=control1 reward_pred=4383.951660 lookahead=8886.403809 objective=8886.403809 sequence=164531.151264
[iscas99__b21 gpu0] [plan iscas99__b21] [plan] step=502 node=N8910 type=control1 reward_pred=4502.452148 lookahead=9126.432129 objective=9126.432129 sequence=169033.603413
[iscas99__b21 gpu0] [plan iscas99__b21] [plan] step=503 node=N8914 type=control0 reward_pred=4623.979980 lookahead=9372.707031 objective=9372.707031 sequence=173657.583393
[iscas99__b21 gpu0] [plan iscas99__b21] [plan] step=504 node=N34205 type=control1 reward_pred=4748.727051 lookahead=9625.588867 objective=9625.588867 sequence=178406.310444
[iscas99__b21 gpu0] [plan iscas99__b21] [plan] step=505 node=N34206 type=control1 reward_pred=4876.861816 lookahead=9885.312012 objective=9885.312012 sequence=183283.172260
[iscas99__b21 gpu0] [plan iscas99__b21] [plan] step=506 node=N27735 type=control1 reward_pred=5008.450195 lookahead=10152.038574 objective=10152.038574 sequence=188291.622456
[iscas99__b21 gpu0] [plan iscas99__b21] [plan] step=507 node=N31479 type=control1 reward_pred=5143.588379 lookahead=10425.957520 objective=10425.957520 sequence=193435.210835
[iscas99__b21 gpu0] [plan iscas99__b21] [plan] step=508 node=N27919 type=control1 reward_pred=5282.369141 lookahead=10707.259766 objective=10707.259766 sequence=198717.579975
[iscas99__b21 gpu0] [plan iscas99__b21] [plan] step=509 node=N31463 type=control1 reward_pred=5424.890625 lookahead=10996.142090 objective=10996.142090 sequence=204142.470600
[iscas99__b21 gpu0] [plan iscas99__b21] [plan] step=510 node=N26236 type=control1 reward_pred=5571.251465 lookahead=11292.806152 objective=11292.806152 sequence=209713.722065
[iscas99__b21 gpu0] [plan iscas99__b21] [plan] step=511 node=N28546 type=control1 reward_pred=5721.554688 lookahead=11597.464355 objective=11597.464355 sequence=215435.276753
[iscas99__b21 gpu0] [plan iscas99__b21] [plan] step=512 node=N23155 type=control1 reward_pred=5875.909668 lookahead=11910.327148 objective=11910.327148 sequence=221311.186421
[iscas99__b21 gpu0] [plan iscas99__b21] [plan] step=513 node=N27903 type=control1 reward_pred=6034.417480 lookahead=12231.612793 objective=12231.612793 sequence=227345.603901
[iscas99__b21 gpu0] [plan iscas99__b21] [plan] step=514 node=N26259 type=control1 reward_pred=6197.195312 lookahead=12561.551270 objective=12561.551270 sequence=233542.799214
[iscas99__b21 gpu0] [plan iscas99__b21] [plan] step=515 node=N28573 type=control1 reward_pred=6364.355957 lookahead=12900.374512 objective=12900.374512 sequence=239907.155171
[iscas99__b21 gpu0] [plan iscas99__b21] [plan] step=516 node=N57994 type=observe reward_pred=6535.990723 lookahead=13248.574219 objective=13248.574219 sequence=246443.145893
[iscas99__b21 gpu0] [plan iscas99__b21] [plan] step=517 node=N29872 type=observe reward_pred=6712.583496 lookahead=13606.391602 objective=13606.391602 sequence=253155.729389
[iscas99__b21 gpu0] [plan iscas99__b21] [plan] step=518 node=N29878 type=observe reward_pred=6893.808105 lookahead=13973.678223 objective=13973.678223 sequence=260049.537495
[iscas99__b21 gpu0] [plan iscas99__b21] [plan] step=519 node=N29880 type=observe reward_pred=7079.870117 lookahead=14350.790527 objective=14350.790527 sequence=267129.407612
[iscas99__b21 gpu0] [plan iscas99__b21] [plan] step=520 node=N29882 type=observe reward_pred=7270.920410 lookahead=14738.022461 objective=14738.022461 sequence=274400.328022
[iscas99__b21 gpu0] [plan iscas99__b21] [plan] step=521 node=N26981 type=observe reward_pred=7467.102051 lookahead=15135.657227 objective=15135.657227 sequence=281867.430073
[iscas99__b21 gpu0] [plan iscas99__b21] [plan] step=522 node=N22698 type=observe reward_pred=7668.555176 lookahead=15543.992676 objective=15543.992676 sequence=289535.985249
[iscas99__b21 gpu0] [plan iscas99__b21] [plan] step=523 node=N22696 type=observe reward_pred=7875.437500 lookahead=15963.317383 objective=15963.317383 sequence=297411.422749
[iscas99__b21 gpu0] [plan iscas99__b21] [plan] step=524 node=N22694 type=observe reward_pred=8087.879883 lookahead=16393.899414 objective=16393.899414 sequence=305499.302632
[iscas99__b21 gpu0] [plan iscas99__b21] [plan] step=525 node=N25018 type=observe reward_pred=8306.019531 lookahead=16836.063477 objective=16836.063477 sequence=313805.322163
[iscas99__b21 gpu0] [plan iscas99__b21] [plan] step=526 node=N22692 type=observe reward_pred=8530.043945 lookahead=17290.128906 objective=17290.128906 sequence=322335.366108
[iscas99__b21 gpu0] [plan iscas99__b21] [plan] step=527 node=N29884 type=observe reward_pred=8760.084961 lookahead=17756.414062 objective=17756.414062 sequence=331095.451069
[iscas99__b21 gpu0] [plan iscas99__b21] [plan] step=528 node=N34829 type=observe reward_pred=8996.329102 lookahead=18235.249023 objective=18235.249023 sequence=340091.780171
[iscas99__b21 gpu0] [plan iscas99__b21] [plan] step=529 node=N27350 type=observe reward_pred=9238.919922 lookahead=18726.965820 objective=18726.965820 sequence=349330.700092
[iscas99__b21 gpu0] [plan iscas99__b21] [plan] step=530 node=N23388 type=observe reward_pred=9488.045898 lookahead=19231.941406 objective=19231.941406 sequence=358818.745991
[iscas99__b21 gpu0] [plan iscas99__b21] [plan] step=531 node=N23386 type=observe reward_pred=9743.895508 lookahead=19750.503906 objective=19750.503906 sequence=368562.641499
[iscas99__b21 gpu0] [plan iscas99__b21] [plan] step=532 node=N34835 type=observe reward_pred=10006.608398 lookahead=20283.009766 objective=20283.009766 sequence=378569.249897
[iscas99__b21 gpu0] [plan iscas99__b21] [plan] step=533 node=N29902 type=observe reward_pred=10276.401367 lookahead=20829.856445 objective=20829.856445 sequence=388845.651264
[iscas99__b21 gpu0] [plan iscas99__b21] [plan] step=534 node=N30263 type=observe reward_pred=10553.455078 lookahead=21391.424805 objective=21391.424805 sequence=399399.106342
[iscas99__b21 gpu0] [plan iscas99__b21] [plan] step=535 node=N34837 type=observe reward_pred=10837.969727 lookahead=21968.114258 objective=21968.114258 sequence=410237.076069
[iscas99__b21 gpu0] [plan iscas99__b21] [plan] step=536 node=N34868 type=observe reward_pred=11130.144531 lookahead=22560.331055 objective=22560.331055 sequence=421367.220600
[iscas99__b21 gpu0] [plan iscas99__b21] [plan] step=537 node=N34839 type=observe reward_pred=11430.186523 lookahead=23168.491211 objective=23168.491211 sequence=432797.407124
[iscas99__b21 gpu0] [plan iscas99__b21] [plan] step=538 node=N34870 type=observe reward_pred=11738.304688 lookahead=23792.936523 objective=23792.936523 sequence=444535.711811
[iscas99__b21 gpu0] [plan iscas99__b21] [plan] step=539 node=N55519 type=observe reward_pred=12054.631836 lookahead=24434.000000 objective=24434.000000 sequence=456590.343647
[iscas99__b21 gpu0] [plan iscas99__b21] [plan] step=540 node=N28570 type=control1 reward_pred=12379.368164 lookahead=25092.261719 objective=25092.261719 sequence=468969.711811
[iscas99__b21 gpu0] [plan iscas99__b21] [plan] step=541 node=N26233 type=control1 reward_pred=12712.893555 lookahead=25768.315430 objective=25768.315430 sequence=481682.605366
[iscas99__b21 gpu0] [plan iscas99__b21] [plan] step=542 node=N31534 type=control1 reward_pred=13055.421875 lookahead=26462.608398 objective=26462.608398 sequence=494738.027241
[iscas99__b21 gpu0] [plan iscas99__b21] [plan] step=543 node=N26212 type=control1 reward_pred=13407.186523 lookahead=27175.620117 objective=27175.620117 sequence=508145.213764
[iscas99__b21 gpu0] [plan iscas99__b21] [plan] step=544 node=N31542 type=control1 reward_pred=13768.433594 lookahead=27907.847656 objective=27907.847656 sequence=521913.647358
[iscas99__b21 gpu0] [plan iscas99__b21] [plan] step=545 node=N26215 type=control1 reward_pred=14139.414062 lookahead=28659.800781 objective=28659.800781 sequence=536053.061421
[iscas99__b21 gpu0] [plan iscas99__b21] [plan] step=546 node=N28578 type=control1 reward_pred=14520.386719 lookahead=29432.008789 objective=29432.008789 sequence=550573.448139
[iscas99__b21 gpu0] [plan iscas99__b21] [plan] step=547 node=N29852 type=control1 reward_pred=14911.622070 lookahead=30225.014648 objective=30225.014648 sequence=565485.070210
[iscas99__b21 gpu0] [plan iscas99__b21] [plan] step=548 node=N28596 type=control1 reward_pred=15313.392578 lookahead=31039.375000 objective=31039.375000 sequence=580798.462788
[iscas99__b21 gpu0] [plan iscas99__b21] [plan] step=549 node=N26205 type=control1 reward_pred=15725.982422 lookahead=31875.670898 objective=31875.670898 sequence=596524.445210
[iscas99__b21 gpu0] [plan iscas99__b21] [plan] step=550 node=N25358 type=control1 reward_pred=16149.688477 lookahead=32734.495117 objective=32734.495117 sequence=612674.133686
[iscas99__b21 gpu0] [plan iscas99__b21] [plan] step=551 node=N28579 type=control1 reward_pred=16584.806641 lookahead=33616.449219 objective=33616.449219 sequence=629258.940327
[iscas99__b21 gpu0] [plan iscas99__b21] [plan] step=552 node=N34797 type=control1 reward_pred=17031.642578 lookahead=34522.156250 objective=34522.156250 sequence=646290.582905
[iscas99__b21 gpu0] [plan iscas99__b21] [plan] step=553 node=N26262 type=control1 reward_pred=17490.513672 lookahead=35452.253906 objective=35452.253906 sequence=663781.096577
[iscas99__b21 gpu0] [plan iscas99__b21] [plan] step=554 node=N28597 type=control1 reward_pred=17961.740234 lookahead=36407.396484 objective=36407.396484 sequence=681742.836811
[iscas99__b21 gpu0] [plan iscas99__b21] [plan] step=555 node=N31453 type=control1 reward_pred=18445.656250 lookahead=37388.261719 objective=37388.261719 sequence=700188.493061
[iscas99__b21 gpu0] [plan iscas99__b21] [plan] step=556 node=N26247 type=control1 reward_pred=18942.605469 lookahead=38395.539062 objective=38395.539062 sequence=719131.098530
[iscas99__b21 gpu0] [plan iscas99__b21] [plan] step=557 node=N28608 type=control1 reward_pred=19452.933594 lookahead=39429.937500 objective=39429.937500 sequence=738584.032124
[iscas99__b21 gpu0] [plan iscas99__b21] [plan] step=558 node=N26229 type=control1 reward_pred=19977.003906 lookahead=40492.429688 objective=40492.429688 sequence=758561.036030
[iscas99__b21 gpu0] [plan iscas99__b21] [plan] step=559 node=N55512 type=observe reward_pred=20515.425781 lookahead=41583.720703 objective=41583.720703 sequence=779076.461811
[iscas99__b21 gpu0] [plan iscas99__b21] [plan] step=560 node=N25028 type=observe reward_pred=21068.294922 lookahead=42704.308594 objective=42704.308594 sequence=800144.756733
[iscas99__b21 gpu0] [plan iscas99__b21] [plan] step=561 node=N29918 type=observe reward_pred=21636.013672 lookahead=43854.748047 objective=43854.748047 sequence=821780.770405
[iscas99__b21 gpu0] [plan iscas99__b21] [plan] step=562 node=N26208 type=control1 reward_pred=22218.734375 lookahead=45035.935547 objective=45035.935547 sequence=843999.504780
[iscas99__b21 gpu0] [plan iscas99__b21] [plan] step=563 node=N28609 type=control1 reward_pred=22817.201172 lookahead=46249.005859 objective=46249.005859 sequence=866816.705952
[iscas99__b21 gpu0] [plan iscas99__b21] [plan] step=564 node=N34796 type=control1 reward_pred=23431.804688 lookahead=47494.769531 objective=47494.769531 sequence=890248.510639
[iscas99__b21 gpu0] [plan iscas99__b21] [plan] step=565 node=N26238 type=control1 reward_pred=24062.964844 lookahead=48774.449219 objective=48774.449219 sequence=914311.475483
[iscas99__b21 gpu0] [plan iscas99__b21] [plan] step=566 node=N47442 type=control1 reward_pred=24711.484375 lookahead=50088.492188 objective=50088.492188 sequence=939022.959858
[iscas99__b21 gpu0] [plan iscas99__b21] [plan] step=567 node=N23064 type=control1 reward_pred=25377.007812 lookahead=51437.521484 objective=51437.521484 sequence=964399.967671
[iscas99__b21 gpu0] [plan iscas99__b21] [plan] step=568 node=N28618 type=control1 reward_pred=26060.513672 lookahead=52822.962891 objective=52822.962891 sequence=990460.481342
[iscas99__b21 gpu0] [plan iscas99__b21] [plan] step=569 node=N29892 type=control1 reward_pred=26762.449219 lookahead=54245.742188 objective=54245.742188 sequence=1017222.930561
[iscas99__b21 gpu0] [plan iscas99__b21] [plan] step=570 node=N34847 type=control1 reward_pred=27483.292969 lookahead=55706.851562 objective=55706.851562 sequence=1044706.223530
[iscas99__b21 gpu0] [plan iscas99__b21] [plan] step=571 node=N26237 type=control1 reward_pred=28223.558594 lookahead=57207.425781 objective=57207.425781 sequence=1072929.782124
[iscas99__b21 gpu0] [plan iscas99__b21] [plan] step=572 node=N47345 type=control1 reward_pred=28983.867188 lookahead=58748.462891 objective=58748.462891 sequence=1101913.649311
[iscas99__b21 gpu0] [plan iscas99__b21] [plan] step=573 node=N47535 type=control1 reward_pred=29764.595703 lookahead=60330.837891 objective=60330.837891 sequence=1131678.245014
[iscas99__b21 gpu0] [plan iscas99__b21] [plan] step=574 node=N26204 type=control1 reward_pred=30566.242188 lookahead=61956.082031 objective=61956.082031 sequence=1162244.487202
[iscas99__b21 gpu0] [plan iscas99__b21] [plan] step=575 node=N15760 type=control1 reward_pred=31389.839844 lookahead=63625.085938 objective=63625.085938 sequence=1193634.327046
[iscas99__b21 gpu0] [plan iscas99__b21] [plan] step=576 node=N47635 type=control1 reward_pred=32235.246094 lookahead=65338.636719 objective=65338.636719 sequence=1225869.573139
[iscas99__b21 gpu0] [plan iscas99__b21] [plan] step=577 node=N34850 type=control1 reward_pred=33103.390625 lookahead=67098.328125 objective=67098.328125 sequence=1258972.963764
[iscas99__b21 gpu0] [plan iscas99__b21] [plan] step=578 node=N28617 type=control1 reward_pred=33994.937500 lookahead=68905.527344 objective=68905.527344 sequence=1292967.901264
[iscas99__b21 gpu0] [plan iscas99__b21] [plan] step=579 node=N53520 type=control1 reward_pred=34910.589844 lookahead=70761.464844 objective=70761.464844 sequence=1327878.491108
[iscas99__b21 gpu0] [plan iscas99__b21] [plan] step=580 node=N53333 type=control1 reward_pred=35850.875000 lookahead=72667.257812 objective=72667.257812 sequence=1363729.366108
[iscas99__b21 gpu0] [plan iscas99__b21] [plan] step=581 node=N29921 type=control1 reward_pred=36816.382812 lookahead=74624.386719 objective=74624.386719 sequence=1400545.748921
[iscas99__b21 gpu0] [plan iscas99__b21] [plan] step=582 node=N53478 type=control1 reward_pred=37808.003906 lookahead=76634.214844 objective=76634.214844 sequence=1438353.752827
[iscas99__b21 gpu0] [plan iscas99__b21] [plan] step=583 node=N26228 type=control1 reward_pred=38826.210938 lookahead=78698.066406 objective=78698.066406 sequence=1477179.963764
[iscas99__b21 gpu0] [plan iscas99__b21] [plan] step=584 node=N26207 type=control1 reward_pred=39871.855469 lookahead=80817.519531 objective=80817.519531 sequence=1517051.819233
[iscas99__b21 gpu0] [plan iscas99__b21] [plan] step=585 node=N26246 type=control1 reward_pred=40945.664062 lookahead=82994.042969 objective=82994.042969 sequence=1557997.483296
[iscas99__b21 gpu0] [plan iscas99__b21] [plan] step=586 node=N48097 type=observe reward_pred=42048.378906 lookahead=85229.167969 objective=85229.167969 sequence=1600045.862202
[iscas99__b21 gpu0] [plan iscas99__b21] [plan] step=587 node=N54069 type=observe reward_pred=43180.789062 lookahead=87524.796875 objective=87524.796875 sequence=1643226.651264
[iscas99__b21 gpu0] [plan iscas99__b21] [plan] step=588 node=N33375 type=observe reward_pred=44344.007812 lookahead=89882.152344 objective=89882.152344 sequence=1687570.659077
[iscas99__b21 gpu0] [plan iscas99__b21] [plan] step=589 node=N61468 type=observe reward_pred=45538.144531 lookahead=92303.210938 objective=92303.210938 sequence=1733108.803608
[iscas99__b21 gpu0] [plan iscas99__b21] [plan] step=590 node=N21988 type=observe reward_pred=46765.066406 lookahead=94789.332031 objective=94789.332031 sequence=1779873.870014
[iscas99__b21 gpu0] [plan iscas99__b21] [plan] step=591 node=N59927 type=control1 reward_pred=48024.265625 lookahead=97341.742188 objective=97341.742188 sequence=1827898.135639
[iscas99__b21 gpu0] [plan iscas99__b21] [plan] step=592 node=N52645 type=control1 reward_pred=49317.476562 lookahead=99963.039062 objective=99963.039062 sequence=1877215.612202
[iscas99__b21 gpu0] [plan iscas99__b21] [plan] step=593 node=N962 type=control1 reward_pred=50645.562500 lookahead=102655.031250 objective=102655.031250 sequence=1927861.174702
[iscas99__b21 gpu0] [plan iscas99__b21] [plan] step=594 node=N29851 type=control1 reward_pred=52009.468750 lookahead=105419.503906 objective=105419.503906 sequence=1979870.643452
[iscas99__b21 gpu0] [plan iscas99__b21] [plan] step=595 node=N8954 type=control1 reward_pred=53410.035156 lookahead=108258.511719 objective=108258.511719 sequence=2033280.678608
[iscas99__b21 gpu0] [plan iscas99__b21] [plan] step=596 node=N53574 type=control1 reward_pred=54848.476562 lookahead=111174.070312 objective=111174.070312 sequence=2088129.155171
[iscas99__b21 gpu0] [plan iscas99__b21] [plan] step=597 node=N47739 type=control1 reward_pred=56325.593750 lookahead=114168.312500 objective=114168.312500 sequence=2144454.748921
[iscas99__b21 gpu0] [plan iscas99__b21] [plan] step=598 node=N15761 type=control1 reward_pred=57842.718750 lookahead=117243.078125 objective=117243.078125 sequence=2202297.467671
[iscas99__b21 gpu0] [plan iscas99__b21] [plan] step=599 node=N53620 type=control1 reward_pred=59400.359375 lookahead=120400.269531 objective=120400.269531 sequence=2261697.827046
[iscas99__b21 gpu0] [plan iscas99__b21] [plan] step=600 node=N27855 type=control1 reward_pred=60999.910156 lookahead=123642.558594 objective=123642.558594 sequence=2322697.737202
[iscas99__b21 gpu0] [plan iscas99__b21] [plan] step=601 node=N45040 type=control1 reward_pred=62642.648438 lookahead=126972.246094 objective=126972.246094 sequence=2385340.385639
[iscas99__b21 gpu0] [plan iscas99__b21] [plan] step=602 node=N45048 type=control1 reward_pred=64329.597656 lookahead=130391.566406 objective=130391.566406 sequence=2449669.983296
[iscas99__b21 gpu0] [plan iscas99__b21] [plan] step=603 node=N45056 type=control1 reward_pred=66061.968750 lookahead=133902.859375 objective=133902.859375 sequence=2515731.952046
[iscas99__b21 gpu0] [plan iscas99__b21] [plan] step=604 node=N34795 type=control1 reward_pred=67840.890625 lookahead=137508.632812 objective=137508.632812 sequence=2583572.842671
[iscas99__b21 gpu0] [plan iscas99__b21] [plan] step=605 node=N34794 type=control1 reward_pred=69667.742188 lookahead=141211.539062 objective=141211.539062 sequence=2653240.584858
[iscas99__b21 gpu0] [plan iscas99__b21] [plan] step=606 node=N28627 type=control1 reward_pred=71543.796875 lookahead=145014.265625 objective=145014.265625 sequence=2724784.381733
[iscas99__b21 gpu0] [plan iscas99__b21] [plan] step=607 node=N46388 type=control1 reward_pred=73470.468750 lookahead=148919.359375 objective=148919.359375 sequence=2798254.850483
[iscas99__b21 gpu0] [plan iscas99__b21] [plan] step=608 node=N28626 type=control1 reward_pred=75448.890625 lookahead=152929.648438 objective=152929.648438 sequence=2873703.741108
[iscas99__b21 gpu0] [plan iscas99__b21] [plan] step=609 node=N26404 type=control1 reward_pred=77480.757812 lookahead=157048.335938 objective=157048.335938 sequence=2951184.498921
[iscas99__b21 gpu0] [plan iscas99__b21] [plan] step=610 node=N4972 type=control1 reward_pred=79567.578125 lookahead=161277.640625 objective=161277.640625 sequence=3030752.077046
[iscas99__b21 gpu0] [plan iscas99__b21] [plan] step=611 node=N34793 type=control1 reward_pred=81710.062500 lookahead=165620.351562 objective=165620.351562 sequence=3112462.139546
[iscas99__b21 gpu0] [plan iscas99__b21] [plan] step=612 node=N8922 type=control1 reward_pred=83910.289062 lookahead=170080.101562 objective=170080.101562 sequence=3196372.428608
[iscas99__b21 gpu0] [plan iscas99__b21] [plan] step=613 node=N25390 type=control1 reward_pred=86169.812500 lookahead=174659.984375 objective=174659.984375 sequence=3282542.241108
[iscas99__b21 gpu0] [plan iscas99__b21] [plan] step=614 node=N25342 type=control1 reward_pred=88490.171875 lookahead=179363.187500 objective=179363.187500 sequence=3371032.412983
[iscas99__b21 gpu0] [plan iscas99__b21] [plan] step=615 node=N25470 type=control1 reward_pred=90873.015625 lookahead=184193.062500 objective=184193.062500 sequence=3461905.428608
[iscas99__b21 gpu0] [plan iscas99__b21] [plan] step=616 node=N25430 type=control1 reward_pred=93320.046875 lookahead=189152.984375 objective=189152.984375 sequence=3555225.475483
[iscas99__b21 gpu0] [plan iscas99__b21] [plan] step=617 node=N31707 type=control1 reward_pred=95832.937500 lookahead=194246.445312 objective=194246.445312 sequence=3651058.412983
[iscas99__b21 gpu0] [plan iscas99__b21] [plan] step=618 node=N22270 type=control1 reward_pred=98413.507812 lookahead=199477.085938 objective=199477.085938 sequence=3749471.920796
[iscas99__b21 gpu0] [plan iscas99__b21] [plan] step=619 node=N28566 type=control1 reward_pred=101063.578125 lookahead=204848.554688 objective=204848.554688 sequence=3850535.498921
[iscas99__b21 gpu0] [plan iscas99__b21] [plan] step=620 node=N34161 type=control1 reward_pred=103784.976562 lookahead=210364.929688 objective=210364.929688 sequence=3954320.475483
[iscas99__b21 gpu0] [plan iscas99__b21] [plan] step=621 node=N31573 type=observe reward_pred=106579.953125 lookahead=216029.929688 objective=216029.929688 sequence=4060900.428608
[iscas99__b21 gpu0] [plan iscas99__b21] [plan] step=622 node=N61085 type=observe reward_pred=109449.976562 lookahead=221847.226562 objective=221847.226562 sequence=4170350.405171
[iscas99__b21 gpu0] [plan iscas99__b21] [plan] step=623 node=N58307 type=observe reward_pred=112397.250000 lookahead=227821.101562 objective=227821.101562 sequence=4282747.655171
[iscas99__b21 gpu0] [plan iscas99__b21] [plan] step=624 node=N61787 type=observe reward_pred=115423.851562 lookahead=233956.210938 objective=233956.210938 sequence=4398171.506733
[iscas99__b21 gpu0] [plan iscas99__b21] [plan] step=625 node=N23250 type=observe reward_pred=118532.359375 lookahead=240256.359375 objective=240256.359375 sequence=4516703.866108
[iscas99__b21 gpu0] [plan iscas99__b21] [plan] step=626 node=N58547 type=observe reward_pred=121724.000000 lookahead=246725.656250 objective=246725.656250 sequence=4638427.866108
[iscas99__b21 gpu0] [plan iscas99__b21] [plan] step=627 node=N60607 type=observe reward_pred=125001.656250 lookahead=253369.359375 objective=253369.359375 sequence=4763429.522358
[iscas99__b21 gpu0] [plan iscas99__b21] [plan] step=628 node=N23006 type=observe reward_pred=128367.703125 lookahead=260192.046875 objective=260192.046875 sequence=4891797.225483
[iscas99__b21 gpu0] [plan iscas99__b21] saved=autoresearch/eval8-b21-hardcluster-cached-k48-norealfault-300k-260702-203113/iscas99__b21/C_depth2_rollout/plans/iscas99__b21__beam__cumulative__reward_pred__bw2__d2__c48__g1p0__candhard_fault_cluster__div0p0__s0.csv
[iscas99__b21 gpu0] [gmean] 2026-07-02T21:13:41 [1/1] plan_done benchmark=iscas99__b21 plan_sec=1522.456 plan_csv=autoresearch/eval8-b21-hardcluster-cached-k48-norealfault-300k-260702-203113/iscas99__b21/C_depth2_rollout/plans/iscas99__b21__beam__cumulative__reward_pred__bw2__d2__c48__g1p0__candhard_fault_cluster__div0p0__s0.csv
[iscas99__b21 gpu0] [gmean] 2026-07-02T21:13:41 [1/1] eval_start benchmark=iscas99__b21 backend=atalanta-bist patterns=300000
[iscas99__b21 gpu0] [eval iscas99__b21] {
[iscas99__b21 gpu0] [eval iscas99__b21]   "records": 2,
[iscas99__b21 gpu0] [eval iscas99__b21]   "labels_csv": "autoresearch/eval8-b21-hardcluster-cached-k48-norealfault-300k-260702-203113/iscas99__b21/C_depth2_rollout/evals/iscas99__b21__beam__cumulative__reward_pred__bw2__d2__c48__g1p0__candhard_fault_cluster__div0p0__s0/labels.csv",
[iscas99__b21 gpu0] [eval iscas99__b21]   "summary_json": "autoresearch/eval8-b21-hardcluster-cached-k48-norealfault-300k-260702-203113/iscas99__b21/C_depth2_rollout/evals/iscas99__b21__beam__cumulative__reward_pred__bw2__d2__c48__g1p0__candhard_fault_cluster__div0p0__s0/summary.json"
[iscas99__b21 gpu0] [eval iscas99__b21] }
[iscas99__b21 gpu0] [gmean] 2026-07-02T21:13:52 [1/1] eval_done benchmark=iscas99__b21 delta_tc=0.04491999999999996 plan_sec=1522.456 eval_sec=11.753 total_sec=1534.237
[iscas99__b21 gpu0] [gmean] 2026-07-02T21:13:52 variant_done id=beam__cumulative__reward_pred__bw2__d2__c48__g1p0__candhard_fault_cluster__div0p0__s0 status=ok macro=0.04491999999999996 positives=1 negatives=0 elapsed=1534.238
[launcher] done benchmark=iscas99__b21 status=0 log=autoresearch/eval8-b21-hardcluster-cached-k48-norealfault-300k-260702-203113/logs/iscas99__b21.log
{
  "A_heuristic_only": {
    "completed": 1,
    "elapsed_sec_sum": 96.0,
    "eval_elapsed_sec": 12.0,
    "macro_mean_delta_tc": 0.04236999999999991,
    "min_delta_tc": 0.04236999999999991,
    "negative_count": 0,
    "plan_elapsed_sec": 84.0,
    "positive_count": 1
  },
  "B_world_rerank": {
    "completed": 1,
    "elapsed_sec_sum": 927.918,
    "eval_elapsed_sec": 12.487,
    "macro_mean_delta_tc": 0.04489999999999994,
    "min_delta_tc": 0.04489999999999994,
    "negative_count": 0,
    "plan_elapsed_sec": 915.415,
    "positive_count": 1
  },
  "C_depth2_rollout": {
    "completed": 1,
    "elapsed_sec_sum": 1534.237,
    "eval_elapsed_sec": 11.753,
    "macro_mean_delta_tc": 0.04491999999999996,
    "min_delta_tc": 0.04491999999999996,
    "negative_count": 0,
    "plan_elapsed_sec": 1522.456,
    "positive_count": 1
  }
}
[merge] wrote autoresearch/eval8-b21-hardcluster-cached-k48-norealfault-300k-260702-203113/merged_results.tsv
[merge] wrote autoresearch/eval8-b21-hardcluster-cached-k48-norealfault-300k-260702-203113/ablation_delta_wide.tsv
[merge] wrote autoresearch/eval8-b21-hardcluster-cached-k48-norealfault-300k-260702-203113/analysis_table.md
