step,node,type,q_pred,q_pred_context,q_pred_type_context,q_pred_lcb_context,q_pred_context_lcb,score_pred,reward_pred,reward_pred_context,reward_pred_type_context,fc_pred,pattern_pred,return_pred,guarded_reward,guarded_reward_context,hard_reduction_total_pred,hard_reduction_sa0_pred,hard_reduction_sa1_pred,derived_hard_count_pre_total_pred,derived_hard_count_pre_sa0_pred,derived_hard_count_pre_sa1_pred,derived_hard_count_post_total_pred,derived_hard_count_post_sa0_pred,derived_hard_count_post_sa1_pred,derived_hard_reduction_total_pred,derived_hard_reduction_sa0_pred,derived_hard_reduction_sa1_pred,derived_hard_reduction_hybrid_pred,hybrid_pred,hybrid_pred_context,bounded_residual_hybrid_pred,bounded_residual_hybrid_pred_context,consensus_pred_context,consensus_pred_type_context,step_value,sequence_score,lookahead_score,planner,score_adjusted,diversity_penalty,candidate_strategy
1,N677,control1,0.7129989266395569,5.0789938271045685,4.2160230517387385,0.34986550509929654,3.3013459876179696,0.7129989266395569,0.2197994738817215,2.8127342784404754,1.7003925442695618,0.002197994738817215,0.2649022936820984,0.05971527844667435,0.05971527844667435,1.596789790391922,0.054033443331718445,0.12562084197998047,0.023457173258066177,29759.484375,12045.4921875,17713.9921875,29989.333984375,12548.0625,17441.271484375,-0.007723574992269278,-0.04172268882393837,0.015395778231322765,-0.7723574992269278,5.68285908550024,3.7061326611042023,5.473223021253943,3.9192017662525176,3.558402955532074,2.604218752607703,0.2197994738817215,0.2197994738817215,0.2197994738817215,greedy,0.2197994738817215,0.0,hard_fault_cluster
2,N2155,observe,1.2023590803146362,4.576948300004005,3.3797586321830746,0.6944293388724326,2.9750163950026036,1.2023590803146362,0.2835463881492615,4.352135342359542,4.035270595550537,0.002835463881492615,0.2804529070854187,0.05100780725479126,0.05100780725479126,1.1592437112331389,0.06249525025486946,0.13429565727710724,0.03352038562297821,29992.265625,12551.8603515625,17440.40625,30428.927734375,12905.12890625,17523.798828125,-0.014559157192707062,-0.0281447172164917,-0.004781573079526424,-1.4559157192707062,6.584079220890999,5.08610418766737,6.333163574337959,5.130503115355968,4.210137870907784,3.5190891192294655,0.2835463881492615,0.503345862030983,0.503345862030983,greedy,0.2835463881492615,0.0,hard_fault_cluster
3,N2082,observe,0.7371274828910828,2.5143455147743228,3.5125775098800656,-0.3386538743972777,1.6343245846033099,0.7371274828910828,0.2109365612268448,1.4915962666273117,3.0595767259597775,0.002109365612268448,0.2841062843799591,0.040890514850616455,0.040890514850616455,-5.0322296363115315,0.0547647550702095,0.11705765128135681,0.025033526122570038,30429.99609375,12905.1044921875,17524.892578125,30832.908203125,13138.576171875,17694.33203125,-0.013240623287856579,-0.018091421574354172,-0.009668502025306225,-1.3240623287856579,5.728302583098412,4.297836679220199,5.539432276040316,5.134311670064926,2.9183430075645447,3.412785066347569,0.2109365612268448,0.7142824232578278,0.7142824232578278,greedy,0.2109365612268448,0.0,hard_fault_cluster
4,N893,control1,0.6581496000289917,5.695739412307739,5.795562744140625,0.5907892560958862,3.7022306180000304,0.6581496000289917,0.1619107574224472,4.524861395359038,4.547366619110107,0.001619107574224472,0.29480311274528503,0.04325089603662491,0.04325089603662491,-1.416726453304291,0.049650855362415314,0.11149744689464569,0.020617656409740448,30831.55078125,13138.1015625,17693.44921875,30687.88671875,13041.9052734375,17645.98046875,0.004659644328057766,0.007321932353079319,0.0026828432455658913,0.4659644328057766,5.1702471897006035,5.005265002250672,5.016375949606299,5.100513892173767,5.488703203201294,5.595726801753044,0.1619107574224472,0.876193180680275,0.876193180680275,greedy,0.1619107574224472,0.0,hard_fault_cluster
5,N5234,observe,0.4074295461177826,4.241129465401173,3.146035313606262,0.900412127226591,2.7567341525107625,0.4074295461177826,0.12887631356716156,5.066535861790181,4.635326528549195,0.0012887631356716155,0.30747008323669434,0.0497792512178421,0.0497792512178421,0.4221807813644409,0.04627322405576706,0.10982847213745117,0.017591025680303574,30687.529296875,13041.642578125,17645.88671875,30694.994140625,13033.615234375,17661.37890625,-0.00024325333652086556,0.000615516328252852,-0.0008779489435255527,-0.024325333652086556,4.80597797036171,5.6540281927585605,4.671986296772957,6.187393394708634,4.434558844566345,4.064004416763782,0.12887631356716156,1.0050694942474365,1.0050694942474365,greedy,0.12887631356716156,0.0,hard_fault_cluster
6,N5143,observe,0.2276068478822708,3.164344972372055,3.7936375856399533,0.520449532866478,2.0568242320418357,0.2276068478822708,0.11287069320678711,3.7879676818847656,4.449141907691955,0.0011287069320678712,0.31735390424728394,0.05310092121362686,0.05310092121362686,-0.14330139994621272,0.04429977759718895,0.10949721932411194,0.015784677118062973,30695.041015625,13033.744140625,17661.296875,30644.5546875,12985.560546875,17658.994140625,0.0016447714297100902,0.003696834435686469,0.00013038307952228934,0.16447714297100902,4.595949374139309,5.364591226577759,4.4714706633239985,5.9923761940002445,3.909821856021881,4.641384206414222,0.11287069320678711,1.1179401874542236,1.1179401874542236,greedy,0.11287069320678711,0.0,hard_fault_cluster
7,N7592,control1,0.19336776435375214,2.6210067778825756,2.3804162979125976,0.10399647444486618,1.7036544056236742,0.19336776435375214,0.116976797580719,2.740483619272709,3.983717370033264,0.00116976797580719,0.3191187083721161,0.05464684218168259,0.05464684218168259,-2.1168942525982857,0.043776463717222214,0.10380727052688599,0.015169031918048859,30629.92578125,12966.7265625,17663.19921875,30611.48828125,12966.580078125,17644.908203125,0.0006019439897499979,1.1296943739580456e-05,0.0010355437407270074,0.060194398974999785,4.549270011484623,5.713143362402916,4.420552281662822,5.713143362402916,3.357361708581448,3.0779532738775015,0.116976797580719,1.2349169850349426,1.2349169850349426,greedy,0.116976797580719,0.0,hard_fault_cluster
8,N4520,control0,0.2038077563047409,5.533541481010616,4.897377300262451,1.2407083314843477,3.5968019626569006,0.2038077563047409,0.1453678160905838,6.514904944412411,5.999999999999999,0.001453678160905838,0.3250702917575836,0.057293012738227844,0.057293012738227844,1.4083667543530463,0.04385719448328018,0.10934317111968994,0.016164742410182953,30626.69921875,12986.0537109375,17640.646484375,30479.71484375,12886.66796875,17593.046875,0.004799223504960537,0.007653267588466406,0.0026982915587723255,0.4799223504960537,4.58838027715683,5.134214137643576,4.436384655535221,4.34866549834609,5.624254322052002,5.646824450194835,0.1453678160905838,1.3802848011255264,1.3802848011255264,greedy,0.1453678160905838,0.0,hard_fault_cluster
9,N2336,control1,0.3999958336353302,6.754491851199418,4.790027940273284,1.1581442958395929,4.390419703279622,0.3999958336353302,0.16145263612270355,6.610552475322038,4.707864189147949,0.0016145263612270355,0.33127960562705994,0.05668565630912781,0.05668565630912781,1.4973125688731668,0.04350586235523224,0.10933774709701538,0.016498710960149765,30479.26171875,12880.6044921875,17598.65625,30400.45703125,12837.0185546875,17563.439453125,0.0025855181738734245,0.0033838425297290087,0.0020011072047054768,0.25855181738734245,4.568724527955055,4.905033786669374,4.405120808631182,4.047392946165055,6.1803031206130985,4.557091162577271,0.16145263612270355,1.54173743724823,1.54173743724823,greedy,0.16145263612270355,0.0,hard_fault_cluster
10,N866,observe,0.2528088688850403,4.978575419716071,3.636706745624542,0.7269674224976915,3.2360740228154463,0.2528088688850403,0.13669829070568085,4.1056552683294285,2.730147683620453,0.0013669829070568084,0.3360791504383087,0.058449886739254,0.058449886739254,1.3494873502838889,0.042971085757017136,0.10956650972366333,0.01601836457848549,30399.767578125,12841.798828125,17557.96875,30421.98046875,12857.9130859375,17564.068359375,-0.0007306927582249045,-0.0012548287631943822,-0.00034739833790808916,-0.07306927582249045,4.492256753146648,6.394757014445495,4.345895620062947,4.9135729610244745,4.098383876512526,3.0694381379729023,0.13669829070568085,1.6784357279539108,1.6784357279539108,greedy,0.13669829070568085,0.0,hard_fault_cluster
11,N580,control1,0.19224345684051514,4.84612296819687,3.395180249214172,0.7292338550090789,3.1499799293279653,0.19224345684051514,0.11935664713382721,4.402315571904182,2.9682219982147218,0.001193566471338272,0.3268853724002838,0.0556286945939064,0.0556286945939064,0.37234945118427265,0.04169463738799095,0.09843653440475464,0.014644179493188858,30419.16796875,12854.3330078125,17564.8359375,30243.357421875,12758.32421875,17485.033203125,0.005779597442597151,0.007468982599675655,0.004543323535472155,0.5779597442597151,4.344449080526829,1.8842807778716089,4.213210074231029,1.7736867436766626,4.493375387787819,3.2535956879705195,0.11935664713382721,1.797792375087738,1.797792375087738,greedy,0.11935664713382721,0.0,hard_fault_cluster
12,N557,control1,0.25532540678977966,6.451586276292801,4.5369899511337275,0.9461103934049605,4.193531079590321,0.25532540678977966,0.10468702018260956,4.494042266011238,3.1514001607894895,0.0010468702018260956,0.3149551451206207,0.05438721925020218,0.05438721925020218,3.1950602412223814,0.04017973691225052,0.09125900268554688,0.01372205838561058,30251.76171875,12763.53515625,17488.2265625,30099.501953125,12669.755859375,17429.74609375,0.0050330874510109425,0.0073474389500916,0.003343990771099925,0.5033087451010942,4.177047930657864,2.1907701939344406,4.057742251083255,2.2542446106672287,4.89668529033661,3.8103952585160736,0.10468702018260956,1.9024793952703476,1.9024793952703476,greedy,0.10468702018260956,0.0,hard_fault_cluster
13,N2328,control1,0.20838481187820435,7.705724793672561,4.473271661996841,1.8240073555707927,5.008721115887164,0.20838481187820435,0.09414833784103394,7.508587190508842,5.999999999999999,0.0009414833784103393,0.3309843838214874,0.05563795566558838,0.05563795566558838,7.267728471457958,0.03845926746726036,0.0939600020647049,0.012089896947145462,30089.87109375,12661.4736328125,17428.3984375,30122.34765625,12685.4013671875,17436.947265625,-0.0010793188121169806,-0.0018898064736276865,-0.0004905114183202386,-0.10793188121169806,3.9957130402326584,5.7686864480376245,3.8833733201026917,4.015228901803494,5.9143119841814045,4.711532787531615,0.09414833784103394,1.9966277331113815,1.9966277331113815,greedy,0.09414833784103394,0.0,hard_fault_cluster
14,N2314,control1,0.3109235167503357,7.8691973924636835,4.840353226661682,1.9384381747245787,5.114978305101395,0.3109235167503357,0.09348925948143005,7.753796088695525,5.525761985778808,0.0009348925948143006,0.34065207839012146,0.0588575154542923,0.0588575154542923,7.488416479825974,0.03825310617685318,0.09795548021793365,0.012080386281013489,30125.40625,12690.83203125,17434.57421875,30099.193359375,12685.412109375,17413.78125,0.0008701257174834609,0.00042707379907369614,0.0011926284059882164,0.08701257174834609,3.9776573926210403,7.569197392463685,3.8633973114192486,6.425516837835312,6.322993481159211,4.9995126922428605,0.09348925948143005,2.0901169925928116,2.0901169925928116,greedy,0.09348925948143005,0.0,hard_fault_cluster
15,N1521,control1,0.3124941289424896,4.9807503759861,4.004942393302917,0.4280996555089951,3.2374877443909647,0.3124941289424896,0.08272266387939453,1.854611392021179,1.5919755399227142,0.0008272266387939453,0.3455669581890106,0.05953314155340195,0.05953314155340195,1.5167203551530837,0.03708399832248688,0.09862668812274933,0.01140734925866127,30080.083984375,12663.1015625,17416.982421875,30066.265625,12656.3447265625,17409.919921875,0.0004593856574501842,0.0005335846217349172,0.0004054950550198555,0.04593856574501842,3.8506556376814842,1.6117423944175244,3.743963783606887,1.5817986898124219,3.6456130951642995,3.029442499428988,0.08272266387939453,2.172839656472206,2.172839656472206,greedy,0.08272266387939453,0.0,hard_fault_cluster
16,N1564,control1,0.24457450211048126,6.411272224783898,4.389573234319687,0.9287484493851662,4.167326946109534,0.24457450211048126,0.07556664943695068,6.21753234565258,4.49992030262947,0.0007556664943695068,0.3314000070095062,0.052946537733078,0.052946537733078,0.47719390153884866,0.03498852625489235,0.09214819967746735,0.010371554642915726,30076.322265625,12668.001953125,17408.3203125,29961.578125,12605.69921875,17355.87890625,0.003815098898485303,0.0049181184731423855,0.0030124334152787924,0.3815098898485303,3.6273658126592636,-1.2356642603874208,3.530980922281742,-1.4620024085044863,5.859675014019013,4.07204013645649,0.07556664943695068,2.248406305909157,2.248406305909157,greedy,0.07556664943695068,0.0,hard_fault_cluster
17,N7878,control1,0.11709010601043701,7.87834689617157,4.474267423152923,1.9448428273200988,5.120925482511521,0.11709010601043701,0.054113999009132385,7.767520344257354,5.8402925491333,0.0005411399900913239,0.31614455580711365,0.04991498589515686,0.04991498589515686,7.500768309831619,0.034050147980451584,0.08718529343605042,0.009928204119205475,29971.37890625,12617.611328125,17353.767578125,29965.048828125,12623.67578125,17341.373046875,0.0002112040965585038,-0.00048063401482068,0.0007142270915210247,0.02112040965585038,3.5090437829494476,5.86877937912941,3.4310220442712307,4.473460155725479,6.345867240428925,4.955814218446612,0.054113999009132385,2.302520304918289,2.302520304918289,greedy,0.054113999009132385,0.0,hard_fault_cluster
18,N1437,control1,0.3099517524242401,7.991162657737732,5.999999999999999,2.023813860416412,5.194255727529526,0.3099517524242401,0.034836992621421814,7.936743986606597,5.930164146423339,0.0003483699262142181,0.3501971364021301,0.05618101358413696,0.034836992621421814,7.653069587945938,0.03473150357604027,0.09852370619773865,0.009870670735836029,29965.859375,12624.12890625,17341.73046875,29944.20703125,12623.0439453125,17321.1640625,0.0007225670851767063,8.594342943979427e-05,0.0011859489604830742,0.07225670851767063,3.5641683638095856,6.829367285966873,3.4959048591554165,5.901771193742752,6.62790664434433,6.0722037386894225,0.034836992621421814,2.337357297539711,2.337357297539711,greedy,0.034836992621421814,0.0,hard_fault_cluster
19,N1879,observe,0.32595333456993103,6.363521525263787,4.668350672721862,0.8844650676846505,4.136288991421462,0.32595333456993103,0.045090630650520325,5.715343701839447,3.7976955354213713,0.00045090630650520327,0.334625780582428,0.050587937235832214,0.045090630650520325,6.63729580372572,0.03544703498482704,0.09462316334247589,0.010465729981660843,29944.359375,12623.306640625,17321.052734375,29913.857421875,12623.337890625,17290.51953125,0.001018621027469635,-2.475579549354734e-06,0.0017627798952162266,0.1018621027469635,3.6403820663690567,3.3487911507487294,3.5686231404542923,3.2470951363444325,5.926554718613625,4.337785310298204,0.045090630650520325,2.3824479281902313,2.3824479281902313,greedy,0.045090630650520325,0.0,hard_fault_cluster
20,N7488,control1,0.037798669189214706,7.6463236689567555,4.76457223892212,1.8296188199520107,4.970110384821891,0.037798669189214706,-0.004149138927459717,7.506731683015824,5.999999999999999,-4.149138927459717e-05,0.2900974452495575,0.04671773314476013,-0.004149138927459717,7.26605851471424,0.03328064829111099,0.07829108834266663,0.0093611478805542,29912.83984375,12622.494140625,17290.345703125,29940.736328125,12637.322265625,17303.4140625,-0.0009325923165306449,-0.0011747381649911404,-0.0007558182696811855,-0.09325923165306449,3.3706334233283997,5.624841114878654,3.3387069776654243,3.8738695591688153,5.890729838609696,4.991669083163142,-0.004149138927459717,2.3782987892627716,2.3782987892627716,greedy,-0.004149138927459717,0.0,hard_fault_cluster
21,N2319,control1,0.11219829320907593,7.818132621049881,5.407869243621826,1.9026928347349166,5.081786203682423,0.11219829320907593,0.007766515016555786,7.677198931574821,5.999999999999999,7.766515016555787e-05,0.3254547417163849,0.05347491800785065,0.007766515016555786,7.419479038417339,0.032289329916238785,0.08759541809558868,0.008859556168317795,29940.361328125,12636.68359375,17303.677734375,29912.1328125,12619.41796875,17292.71484375,0.0009428248158656061,0.0013663098216056824,0.0006335584330372512,0.09428248158656061,3.290174424648285,5.684085629880428,3.24424334987998,3.9767313227057457,6.195331552624703,5.383191279992461,0.007766515016555786,2.3860653042793274,2.3860653042793274,greedy,0.007766515016555786,0.0,hard_fault_cluster
22,N1853,observe,0.11562786251306534,6.859910717606544,4.820911979675293,1.4258063420653342,4.458941966444254,0.11562786251306534,-0.07843741774559021,7.0764843136072155,5.114612245559692,-0.0007843741774559021,0.17018195986747742,0.008965389803051949,-0.07843741774559021,7.739605343341827,0.03418182209134102,0.06315509974956512,0.013269543647766113,29913.732421875,12621.44140625,17292.291015625,29859.6484375,12612.671875,17246.9765625,0.0018079985165968537,0.0006948121590539813,0.0026205002795904875,0.18079985165968537,3.3487101811915636,7.741143918037415,3.4008142021484673,7.741143918037415,6.742774868011475,5.400847562104464,-0.07843741774559021,2.307627886533737,2.307627886533737,greedy,-0.07843741774559021,0.0,hard_fault_cluster
23,N3644,control0,0.059109028428792953,6.946342813968658,5.936973190307617,1.3460127580165862,4.515122829079628,0.059109028428792953,-0.08422943949699402,5.1626308014988895,4.26120970249176,-0.0008422943949699402,0.17914098501205444,0.011275144293904305,-0.08422943949699402,4.841071156859398,0.03142664581537247,0.06067011505365372,0.012160487473011017,29859.45703125,12612.4013671875,17247.0546875,29746.4609375,12535.1162109375,17211.345703125,0.0037842649035155773,0.00612771138548851,0.002070439513772726,0.37842649035155773,3.069710286334157,3.3619592651724814,3.1244260077364743,2.978901670873165,5.084944474697113,5.405213908553123,-0.08422943949699402,2.223398447036743,2.223398447036743,greedy,-0.08422943949699402,0.0,hard_fault_cluster
24,N5867,observe,-0.15090855956077576,0.12773734331130998,0.8642903208732604,-0.5777899503707884,0.0830292731523515,-0.15090855956077576,-0.08520286530256271,1.4349617332220082,2.5199176311492915,-0.0008520286530256272,0.14712843298912048,-0.0017763953655958176,-0.08520286530256271,3.008392051756382,0.03043964132666588,0.057420872151851654,0.0120324045419693,29746.94921875,12535.5478515625,17211.400390625,30018.50390625,12664.912109375,17353.591796875,-0.009128824807703495,-0.010319792665541172,-0.008261466398835182,-0.9128824807703495,2.9569848719984293,1.4785944163799285,3.022219317499548,1.3735161960124969,0.9606123536825177,0.9072776379249988,-0.08520286530256271,2.1381955817341805,2.1381955817341805,greedy,-0.08520286530256271,0.0,hard_fault_cluster
25,N1860,observe,0.076736219227314,6.70129913687706,5.0633843421936024,1.120909395813942,4.355844438970089,0.076736219227314,-0.06820857524871826,6.70129913687706,5.278374552726745,-0.0006820857524871826,0.14515188336372375,0.002278486266732216,-0.06820857524871826,7.8,0.03509388864040375,0.06306444853544235,0.013264909386634827,30017.912109375,12664.51953125,17353.392578125,29955.681640625,12663.380859375,17292.30078125,0.002073111245408654,8.991039067041129e-05,0.0035204526502639055,0.20731112454086542,3.4434587750583887,7.8,3.4929063417948782,7.8,6.9,5.583792597055435,-0.06820857524871826,2.069987006485462,2.069987006485462,greedy,-0.06820857524871826,0.0,hard_fault_cluster
26,N4614,observe,-0.24023081362247467,-0.7443752098083496,-0.6419952511787415,0.1727608633041382,-0.48384388637542725,-0.24023081362247467,-0.0770789384841919,2.3937972635030746,3.023267316818237,-0.000770789384841919,0.13711017370224,0.0012140367180109024,-0.0770789384841919,3.4264582356810567,0.03185984492301941,0.05738206207752228,0.013652153313159943,29956.0234375,12663.4677734375,17292.556640625,30167.28515625,12747.9228515625,17419.36328125,-0.0070523954927921295,-0.006669190246611834,-0.007333018817007542,-0.705239549279213,3.11011959053576,0.7339253401756286,3.1670182668603957,0.6427832341194153,0.18064095973968497,0.2635902082246365,-0.0770789384841919,1.9929080680012703,1.9929080680012703,greedy,-0.0770789384841919,0.0,hard_fault_cluster
27,N4621,observe,-0.35638436675071716,-1.191173278093338,-0.9462177107665751,0.16056553244590757,-0.7742626307606697,-0.35638436675071716,-0.07207119464874268,1.3133231848478317,1.9213526427745817,-0.0007207119464874268,0.12891215085983276,0.004912668839097023,-0.07207119464874268,1.7525441464781761,0.03203655034303665,0.05743413418531418,0.014096260070800781,30167.3125,12747.9423828125,17419.369140625,30249.669921875,12764.82421875,17484.845703125,-0.0027300219517201185,-0.0013242792338132858,-0.0037588365375995636,-0.27300219517201185,3.1364965084940195,-0.18688662528991704,3.1868654028512537,-0.18688662528991704,-0.6699773848056794,-0.29393159519988105,-0.07207119464874268,1.9208368733525276,1.9208368733525276,greedy,-0.07207119464874268,0.0,hard_fault_cluster
28,N583,control1,-0.022479522973299026,6.011507615447044,5.418797492980956,0.6380553308129311,3.907479950040579,-0.022479522973299026,-0.06580357998609543,3.7457666423916813,2.373343253135681,-0.0006580357998609543,0.1432676613330841,0.006112189963459969,-0.06580357998609543,3.93393052816391,0.03484942018985748,0.06170784682035446,0.014164410531520844,30241.25390625,12753.73046875,17487.5234375,29994.900390625,12637.466796875,17357.43359375,0.008146272972226143,0.009116051718592644,0.007439008913934231,0.8146272972226143,3.425250628963113,3.8907464158535,3.4700191714800894,4.191322149038315,5.063618993759156,4.247276969105005,-0.06580357998609543,1.8550332933664322,1.8550332933664322,greedy,-0.06580357998609543,0.0,hard_fault_cluster
29,N4628,observe,-0.30746278166770935,-0.676810704767704,-0.680835884809494,0.29581198781728746,-0.4399269580990076,-0.30746278166770935,-0.0692865327000618,2.4998598113656048,3.1847808241844175,-0.000692865327000618,0.13346260786056519,0.0042760539799928665,-0.0692865327000618,3.3138698939979077,0.032529886811971664,0.058585911989212036,0.013923980295658112,30002.98046875,12648.435546875,17354.544921875,30214.587890625,12743.859375,17470.728515625,-0.007052880246192217,-0.007544318679720163,-0.006694707088172436,-0.7052880246192217,3.1879782024770975,0.6268621516227721,3.236736061517149,0.39583423554897307,0.08751785159111017,0.2898123425990342,-0.0692865327000618,1.7857467606663704,1.7857467606663704,greedy,-0.0692865327000618,0.0,hard_fault_cluster
30,N2083,observe,-0.3841032087802887,-0.7747358737885952,-0.18967749476432802,-0.2861734881997108,-0.5035783179625869,-0.3841032087802887,-0.0717543363571167,0.05132302939891831,0.8322301685810088,-0.0007175433635711669,0.12971484661102295,0.004538411274552345,-0.0717543363571167,0.5176978944242,0.03152206167578697,0.05790865421295166,0.013616874814033508,30215.015625,12744.2548828125,17470.76171875,30242.400390625,12734.4375,17507.962890625,-0.0009063296602107584,0.0007703379378654063,-0.002129338914528489,-0.09063296602107584,3.084990242496133,-0.7489221768081188,3.135402186308056,-0.8875512556731701,-0.4702312752604485,-0.07071088805794723,-0.0717543363571167,1.7139924243092537,1.7139924243092537,greedy,-0.0717543363571167,0.0,hard_fault_cluster
31,N4670,control0,-0.04543900862336159,7.699876320362091,5.999999999999999,1.8199134242534636,5.004919608235359,-0.04543900862336159,-0.053833648562431335,7.609078788757324,5.999999999999999,-0.0005383364856243134,0.14417973160743713,0.013171659782528877,-0.053833648562431335,7.554846664667129,0.03539634495973587,0.06660057604312897,0.013250701129436493,30242.248046875,12734.162109375,17508.0859375,29986.4765625,12599.0146484375,17387.4609375,0.008457423187792301,0.01061298418790102,0.0068896738812327385,0.8457423187792301,3.4989725071936846,4.0554784595966336,3.5294689987786114,4.03818262219429,6.446012341976166,6.289908022284508,-0.053833648562431335,1.6601587757468224,1.6601587757468224,greedy,-0.053833648562431335,0.0,hard_fault_cluster
32,N3889,control0,-0.3095194697380066,0.5731297744810582,0.7027551889419555,0.2584003223478794,0.3725343534126878,-0.3095194697380066,-0.07516659796237946,0.8795608922839164,0.7173107802867889,-0.0007516659796237945,0.14126482605934143,0.011833468452095985,-0.07516659796237946,0.8199678868055345,0.032157547771930695,0.0634959414601326,0.012415308505296707,29986.25,12598.96875,17387.28125,30058.5625,12620.91796875,17437.64453125,-0.0024115219712257385,-0.0017421441152691841,-0.002896558726206422,-0.24115219712257385,3.152421647682786,0.8230080157518387,3.1999214948154986,0.8131828695535659,0.6297258347272873,0.7862289290875197,-0.07516659796237946,1.584992177784443,1.584992177784443,greedy,-0.07516659796237946,0.0,hard_fault_cluster
33,N1552,observe,-0.4931330382823944,-3.1555167728662488,0.0022347211837767667,-0.8389723718166351,-2.0510859023630617,-0.4931330382823944,-0.07869357615709305,-0.662188883125782,1.7066249966621398,-0.0007869357615709305,0.12013590335845947,0.0076977405697107315,-0.07869357615709305,0.4163460107147694,0.030187219381332397,0.05934418737888336,0.012088552117347717,30058.908203125,12620.009765625,17438.8984375,30263.8125,12696.046875,17567.765625,-0.006816757842898369,-0.006025122944265604,-0.007389640435576439,-0.6816757842898369,2.9477261025458574,-1.3267124956846237,3.000972979236394,-1.3918603485822678,-1.8316256746649744,-0.319272823110223,-0.07869357615709305,1.5062986016273499,1.5062986016273499,greedy,-0.07869357615709305,0.0,hard_fault_cluster
34,N4866,control1,-0.30894309282302856,3.775814186036587,3.40506831407547,-0.23731523901224136,2.4542792209237816,-0.30894309282302856,-0.07125228643417358,1.9669132880866529,1.7715754747390746,-0.0007125228643417358,0.13262909650802612,0.00610014982521534,-0.07125228643417358,2.9365570022165777,0.03075510263442993,0.05966807156801224,0.0118526890873909,30240.18359375,12666.87890625,17573.3046875,30015.1953125,12561.697265625,17453.498046875,0.007440043613314629,0.00830367486923933,0.00681753596290946,0.7440043613314629,3.010358126834035,0.6909465386718512,3.0592222292907536,0.6490464999526739,3.7112394094467165,2.7700475677847862,-0.07125228643417358,1.4350463151931763,1.4350463151931763,greedy,-0.07125228643417358,0.0,hard_fault_cluster
35,N3903,control0,-0.3633687496185303,0.9843025974929333,1.0440333008766174,0.31795104071497915,0.6397966883704066,-0.3633687496185303,-0.07511510699987411,1.3410959869623185,1.1718921422958375,-0.0007511510699987411,0.13363337516784668,0.011060738936066628,-0.07511510699987411,1.3856543897092342,0.0315847173333168,0.06200992316007614,0.012197442352771759,30037.80078125,12591.1484375,17446.65234375,30089.947265625,12608.474609375,17481.47265625,-0.0017360287019982934,-0.00137605972122401,-0.0019958163611590862,-0.17360287019982934,3.094417365267873,0.9952316690981389,3.1424581413157284,0.9953370501101018,0.964793485403061,1.2830328181385995,-0.07511510699987411,1.3599312081933022,1.3599312081933022,greedy,-0.07511510699987411,0.0,hard_fault_cluster
36,N4635,control0,-0.1077764630317688,7.184094870090485,5.999999999999999,1.458866409063339,4.669661665558816,-0.1077764630317688,-0.06355199962854385,4.791953797638416,3.8495030164718624,-0.0006355199962854386,0.14963650703430176,0.018633471801877022,-0.06355199962854385,4.203080343604087,0.033328816294670105,0.06702141463756561,0.011407770216464996,30090.15234375,12608.51953125,17481.6328125,29936.8359375,12539.4345703125,17397.40234375,0.005095235072076321,0.005479228682816029,0.0048182266764342785,0.5095235072076321,3.2879631016403437,2.9680848905444144,3.321651997510344,2.825558025538921,4.926055681705476,5.301936193108559,-0.06355199962854385,1.2963792085647583,1.2963792085647583,greedy,-0.06355199962854385,0.0,hard_fault_cluster
37,N3805,control0,-0.32574403285980225,0.9534448136389255,1.30361510515213,0.29958078756928447,0.6197391288653016,-0.32574403285980225,-0.07991759479045868,1.1424732699990272,1.1359867215156556,-0.0007991759479045868,0.14746007323265076,0.017329121008515358,-0.07991759479045868,1.101593326628208,0.030996069312095642,0.0639638751745224,0.011131703853607178,29936.6953125,12539.421875,17397.2734375,30039.134765625,12581.1328125,17458.001953125,-0.0034218691289424896,-0.003326384350657463,-0.003490691538900137,-0.34218691289424896,3.037018457427621,0.92286406904459,3.0839598127640784,0.9084572091698646,0.8233562380075454,1.2736472851037979,-0.07991759479045868,1.2164616137742996,1.2164616137742996,greedy,-0.07991759479045868,0.0,hard_fault_cluster
38,N5614,control1,-0.24931372702121735,5.293844504654407,4.433747041225433,0.31801266595721245,3.4409989280253646,-0.24931372702121735,-0.08085529506206512,2.2121618156135083,1.5037508130073545,-0.0008085529506206512,0.1592516303062439,0.018066534772515297,-0.08085529506206512,2.20508572101593,0.029534511268138885,0.061231136322021484,0.01110919564962387,30031.490234375,12571.103515625,17460.38671875,30006.48046875,12573.41015625,17433.0703125,0.0008327846881002188,-0.00018348751473240554,0.0015644788509234786,0.08327846881002188,2.8906623665243387,0.2749147254228591,2.937753936741501,0.1379375892877578,3.1837158739566798,2.523925683461129,-0.08085529506206512,1.1356063187122345,1.1356063187122345,greedy,-0.08085529506206512,0.0,hard_fault_cluster
39,N7872,control1,-0.022074934095144272,7.728358787298203,5.787861013412475,1.8398511511087416,5.023433211743832,-0.022074934095144272,-0.02702648937702179,7.542538180947303,5.999999999999999,-0.00027026489377021787,0.3254149556159973,0.06667054444551468,-0.02702648937702179,7.298284362852573,0.03127506002783775,0.08837476372718811,0.007364287972450256,30012.970703125,12582.18359375,17430.787109375,29995.9375,12585.0556640625,17410.880859375,0.0005675280699506402,-0.00022826484928373247,0.0011420167284086347,0.05675280699506402,3.167150057852268,4.305294521152973,3.1374170165508986,3.605993516743183,5.970896968245507,5.43550460703671,-0.02702648937702179,1.1085798293352127,1.1085798293352127,greedy,-0.02702648937702179,0.0,hard_fault_cluster
40,N4712,control0,0.16339914500713348,5.0860602460801605,5.813532114028931,0.14873987533152105,3.3059391599521044,0.16339914500713348,-0.022883042693138123,2.1366586634144187,2.7795285940170285,-0.00022883042693138121,0.32582053542137146,0.06314115971326828,-0.022883042693138123,2.4224463405460117,0.03134533017873764,0.09242169559001923,0.0071541666984558105,29997.265625,12586.30078125,17410.96484375,29862.92578125,12515.4873046875,17347.439453125,0.004478402901440859,0.005626234225928783,0.003648585407063365,0.4478402901440859,3.174791134893894,1.238432526178658,3.1445975471287966,1.195725977011025,4.001703092455863,4.176107010096311,-0.022883042693138123,1.0856967866420746,1.0856967866420746,greedy,-0.022883042693138123,0.0,hard_fault_cluster
41,N7411,control1,0.17265956103801727,4.72410659044981,5.196020650863647,0.4202570600807667,3.0706692837923764,0.17265956103801727,-0.013382814824581146,4.463830376416445,5.059352302551269,-0.00013382814824581147,0.32788628339767456,0.059271663427352905,-0.013382814824581146,5.736913254931569,0.03080945461988449,0.08778659999370575,0.006646592170000076,29861.923828125,12514.576171875,17347.34765625,29736.47265625,12446.37109375,17290.1015625,0.00420104106888175,0.005450050812214613,0.0032999911345541477,0.420104106888175,3.126834310591221,1.8451718059927225,3.092417674139142,1.7108879355341196,4.7903020195662975,4.929037010483444,-0.013382814824581146,1.0723139718174934,1.0723139718174934,greedy,-0.013382814824581146,0.0,hard_fault_cluster
42,N704,observe,0.27087172865867615,4.579013358056545,4.764671409130096,-0.5209866419434546,2.9763586827367545,0.27087172865867615,-0.022394485771656036,1.239328995347023,1.1589757740497588,-0.00022394485771656036,0.32868173718452454,0.05459900200366974,-0.022394485771656036,1.8887698504328725,0.03171209990978241,0.08885112404823303,0.007503684610128403,29736.80078125,12446.46484375,17290.3359375,29854.5078125,12541.23046875,17313.27734375,-0.003958295099437237,-0.007613858673721552,-0.0013268340844660997,-0.3958295099437237,3.2034145072102547,2.414043745100498,3.1792611200362444,2.7822191324830055,3.4794211179018024,3.0052571028470996,-0.022394485771656036,1.0499194860458374,1.0499194860458374,greedy,-0.022394485771656036,0.0,hard_fault_cluster
43,N7413,control1,0.23018890619277954,5.710606060922146,5.489920234680175,0.42742424264550216,3.711893939599395,0.23018890619277954,-0.017145179212093353,3.671929708868265,2.828916096687317,-0.00017145179212093353,0.32906225323677063,0.054571136832237244,-0.017145179212093353,4.191128125041723,0.030689649283885956,0.08576413989067078,0.006738577038049698,29854.35546875,12541.435546875,17312.919921875,29719.39453125,12448.310546875,17271.083984375,0.004520644899457693,0.007425385992974043,0.002416457748040557,0.4520644899457693,3.1063908860087395,1.8622494126111269,3.0783214177936316,1.7276365841180086,4.71393159031868,4.415568146407605,-0.017145179212093353,1.032774306833744,1.032774306833744,greedy,-0.017145179212093353,0.0,hard_fault_cluster
44,N724,observe,0.3029923439025879,4.863551580905914,4.7205434918403615,-0.23644841909408565,3.161308527588844,0.3029923439025879,-0.021068572998046875,1.5051460057497024,1.1464503407478333,-0.00021068572998046874,0.32997044920921326,0.050845399498939514,-0.021068572998046875,1.9317813527584076,0.03140696883201599,0.08738234639167786,0.007507186383008957,29719.287109375,12447.833984375,17271.453125,29831.283203125,12532.984375,17298.298828125,-0.0037684650160372257,-0.006840578746050596,-0.0015543395420536399,-0.3768465016037226,3.1704737097024918,2.549132024049759,3.1481410898268223,2.9711697447299956,3.4407834649086,2.9420712953805923,-0.021068572998046875,1.0117057338356972,1.0117057338356972,greedy,-0.021068572998046875,0.0,hard_fault_cluster
45,N864,observe,0.21810047328472137,5.837877511233091,4.542615437507629,0.516514257863164,3.794620382301509,0.21810047328472137,-0.0154341459274292,3.2548617691546675,2.1128392696380613,-0.000154341459274292,0.3380424380302429,0.05638187378644943,-0.0154341459274292,3.3209391403198243,0.03124362975358963,0.08938336372375488,0.00732136145234108,29830.9765625,12533.1142578125,17297.86328125,29898.525390625,12560.16796875,17338.357421875,-0.0022643853444606066,-0.002158578485250473,-0.0023409908171743155,-0.22643853444606066,3.1653107032179832,2.562392501831055,3.134599907323718,2.6800954627990725,3.918533229827881,3.1908418860286476,-0.0154341459274292,0.996271587908268,0.996271587908268,greedy,-0.0154341459274292,0.0,hard_fault_cluster
46,N7421,control1,0.19556309282779694,5.213716192543506,4.9679925441741934,0.07960133478045463,3.388915525153279,0.19556309282779694,-0.015238046646118164,2.187599581554532,1.5667914152145386,-0.00015238046646118164,0.33060145378112793,0.05351683497428894,-0.015238046646118164,2.5511154778301712,0.030330266803503036,0.08607789874076843,0.00659218430519104,29899.060546875,12560.666015625,17338.39453125,29723.57421875,12435.255859375,17288.318359375,0.005869292188435793,0.009984355419874191,0.0028881665784865618,0.5869292188435793,3.0713054686784744,1.1454373957961799,3.0425963774323463,0.8828766258805991,4.022246867418289,3.7042190966010096,-0.015238046646118164,0.9810335412621498,0.9810335412621498,greedy,-0.015238046646118164,0.0,hard_fault_cluster
47,N713,observe,0.324597030878067,4.793450725078583,3.47941837310791,0.8934879314899444,3.115742971301079,0.324597030878067,-0.019881844520568848,3.9346363306045533,2.4795451283454892,-0.00019881844520568847,0.3369750678539276,0.05183110386133194,-0.019881844520568848,3.856733543872833,0.031198829412460327,0.08981543779373169,0.0074548982083797455,29723.2578125,12434.65625,17288.6015625,29820.75,12515.98046875,17304.76953125,-0.0032799968030303717,-0.006540126167237759,-0.0009351808112114668,-0.32799968030303717,3.151832200586796,3.2304595321416856,3.1278702560812235,3.2930982917547227,3.5615165174007415,3.0430850020796063,-0.019881844520568848,0.961151696741581,0.961151696741581,greedy,-0.019881844520568848,0.0,hard_fault_cluster
48,N4656,control0,0.2268727570772171,2.966327523589134,3.264817905426025,0.8737305158376693,1.9281128903329372,0.2268727570772171,-0.026093263179063797,3.3844441264867786,3.7023940086364746,-0.000260932631790638,0.3275250792503357,0.04983099550008774,-0.026093263179063797,3.2606877717375755,0.02870740368962288,0.08712343871593475,0.0060203783214092255,29821.537109375,12516.9140625,17304.623046875,29760.21875,12468.306640625,17291.912109375,0.002056177007034421,0.003883338999003172,0.0007345399935729802,0.2056177007034421,2.894478101283312,1.318192171752453,2.876674802042544,1.2279158112406732,2.4595609575510022,3.393490644097328,-0.026093263179063797,0.9350584335625172,0.9350584335625172,greedy,-0.026093263179063797,0.0,hard_fault_cluster
49,N2101,observe,0.21028028428554535,4.837912257015705,4.0267926216125485,1.6567799404263495,3.1446429670602085,0.21028028428554535,-0.028996597975492477,6.496050764620303,4.371986448764801,-0.00028996597975492475,0.32876893877983093,0.05351906269788742,-0.028996597975492477,6.280317192226648,0.030323710292577744,0.08800002932548523,0.006678503006696701,29759.86328125,12467.8798828125,17291.984375,29913.087890625,12546.060546875,17367.02734375,-0.005148699972778559,-0.006270566023886204,-0.004339754581451416,-0.5148699972778559,3.0568934939801693,2.4516663701832293,3.038501645438373,2.339660778790712,3.83340452760458,3.776775528937579,-0.028996597975492477,0.9060618355870247,0.9060618355870247,greedy,-0.028996597975492477,0.0,hard_fault_cluster
50,N7526,control1,0.06884264945983887,2.5480846643447874,2.2977042019367215,0.019360898733139037,1.6562550318241118,0.06884264945983887,-0.03371977433562279,1.0076691523194314,1.4977783262729645,-0.0003371977433562279,0.30479365587234497,0.04823753237724304,-0.03371977433562279,1.126174456179142,0.028180573135614395,0.07797688245773315,0.005648571997880936,29911.107421875,12543.853515625,17367.25390625,29891.216796875,12536.048828125,17355.16796875,0.0006649912684224546,0.0006221921648830175,0.0006959037855267525,0.06649912684224546,2.8325750716030598,-1.1345076978206634,2.8216867530718446,-1.7536033809185028,1.5029708653688432,1.5346319288015366,-0.03371977433562279,0.8723420612514019,0.8723420612514019,greedy,-0.03371977433562279,0.0,hard_fault_cluster
51,N4649,control0,0.16939596831798553,3.240076943859458,3.6626760482788088,0.21115573171526195,2.1060500135086477,0.16939596831798553,-0.034593913704156876,1.5603585416451096,0.949179321527481,-0.00034593913704156876,0.3112228512763977,0.04788918048143387,-0.034593913704156876,1.610973286628723,0.028120119124650955,0.08297954499721527,0.005554124712944031,29893.642578125,12538.708984375,17354.93359375,29792.97265625,12479.5546875,17313.41796875,0.0033676030579954386,0.0047177341766655445,0.0023921511601656675,0.33676030579954386,2.8253071792423725,0.4083350768685341,2.8153357291594148,0.3866222819685936,2.1080830842256546,2.032850539982319,-0.034593913704156876,0.837748147547245,0.837748147547245,greedy,-0.034593913704156876,0.0,hard_fault_cluster
52,N867,observe,0.16440211236476898,2.515582778453827,2.735267400741577,1.179486491680145,1.6351288059949876,0.16440211236476898,-0.02750055491924286,4.347349315881729,2.8799257278442383,-0.0002750055491924286,0.33721116185188293,0.05937997251749039,-0.02750055491924286,4.299492546916008,0.02932014688849449,0.08981320261955261,0.005928926169872284,29791.689453125,12478.341796875,17313.34765625,29896.521484375,12541.736328125,17354.78515625,-0.003518834710121155,-0.005080365110188723,-0.0023933846969157457,-0.3518834710121155,2.9638941064476967,4.208720953464508,2.939984543249011,6.4421790194511415,3.0858664989471434,3.1205272607505323,-0.02750055491924286,0.8102475926280022,0.8102475926280022,greedy,-0.02750055491924286,0.0,hard_fault_cluster
53,N7613,observe,0.05241646245121956,5.532938033714891,4.7978160738945,0.3030566236004233,3.596409721914679,0.05241646245121956,-0.018034309148788452,3.2618156349286433,2.344338548183441,-0.00018034309148788453,0.3001895844936371,0.054238639771938324,-0.018034309148788452,3.775614998079836,0.02947312220931053,0.08169439435005188,0.0063983723521232605,29896.87109375,12542.154296875,17354.716796875,29931.9375,12540.3251953125,17391.61328125,-0.001172912190668285,0.00014583631127607077,-0.002126020612195134,-0.11729121906682849,2.983516551554203,1.3264626514725388,2.9563633035868406,1.133873144965619,3.896523217298091,3.2222684834990654,-0.018034309148788452,0.7922132834792137,0.7922132834792137,greedy,-0.018034309148788452,0.0,hard_fault_cluster
54,N578,observe,0.19808326661586761,6.066558358073234,3.648883771896362,1.457064187824726,3.943262932747602,0.19808326661586761,-0.0075890421867370605,5.548863752186298,3.2285011410713196,-7.58904218673706e-05,0.3299773633480072,0.057036951184272766,-0.0075890421867370605,5.057367767840624,0.029908396303653717,0.0895363837480545,0.006374578922986984,29932.10546875,12540.0673828125,17392.0390625,29898.373046875,12533.626953125,17364.74609375,0.0011269645765423775,0.0005135881365276873,0.001569279353134334,0.11269645765423775,3.0402875393629074,1.9730819000303745,3.0032016076147556,1.7475546731054783,4.194218282401562,3.1464626433700325,-0.0075890421867370605,0.7846242412924767,0.7846242412924767,greedy,-0.0075890421867370605,0.0,hard_fault_cluster
55,N4705,control0,0.18827293813228607,3.7545147702097896,4.671889495849609,0.18705426767468453,2.4404346006363635,0.18827293813228607,-0.018036074936389923,1.7666339986026287,2.668539488315582,-0.00018036074936389924,0.3241042196750641,0.052887924015522,-0.018036074936389923,1.8832201331853866,0.028742443770170212,0.08858092129230499,0.005660258233547211,29899.0703125,12534.6298828125,17364.44140625,29815.900390625,12479.71484375,17336.185546875,0.002781689167022705,0.004381065722554922,0.0016272253124043345,0.2781689167022705,2.9090962260961533,-0.1421707969903946,2.882957339286804,-0.19503797113895416,2.4875347495079043,3.191897587180138,-0.018036074936389923,0.7665881663560867,0.7665881663560867,greedy,-0.018036074936389923,0.0,hard_fault_cluster
56,N4564,control0,0.005165594629943371,1.3087109005451203,2.3500793874263763,0.5228832042217255,0.8506620853543282,0.005165594629943371,-0.026285022497177124,1.8731223240494728,2.904273271560669,-0.00026285022497177127,0.33842581510543823,0.06374555081129074,-0.026285022497177124,1.7203367276489736,0.029649894684553146,0.09145474433898926,0.00536607950925827,29816.0703125,12479.8466796875,17336.22265625,29963.638671875,12534.673828125,17428.96484375,-0.004949289374053478,-0.0043932548724114895,-0.005349618848413229,-0.4949289374053478,3.0024499967694283,0.9433600947260856,2.974354600533843,0.9447423264384269,0.9976828336715698,2.0518332666158674,-0.026285022497177124,0.7403031438589096,0.7403031438589096,greedy,-0.026285022497177124,0.0,hard_fault_cluster
57,N694,observe,0.2496025264263153,5.300397053360939,5.999999999999999,0.14027793735265734,3.4452580846846104,0.2496025264263153,-0.023761019110679626,2.1020164230465888,1.321267807483673,-0.00023761019110679626,0.3410589396953583,0.05936557799577713,-0.023761019110679626,2.283732964992523,0.031665995717048645,0.09316982328891754,0.006951034069061279,29963.0390625,12533.6923828125,17429.34765625,29977.6640625,12582.3251953125,17395.33984375,-0.00048810135922394693,-0.0038801664486527443,0.001951180980540812,-0.04881013592239469,3.202204130589962,2.0823165252804756,3.175500711426139,2.230716474354267,3.360804954171181,3.2825763905048375,-0.023761019110679626,0.71654212474823,0.71654212474823,greedy,-0.023761019110679626,0.0,hard_fault_cluster
58,N7679,observe,0.10724437236785889,4.755068548023701,3.235943210124969,0.8714098529517651,3.0907945562154056,0.10724437236785889,-0.012092754244804382,5.739172842353582,4.629537141323089,-0.00012092754244804383,0.327944278717041,0.05869073420763016,-0.012092754244804382,6.753776550516486,0.0309501513838768,0.08875764906406403,0.006672263145446777,29977.41796875,12582.6572265625,17394.76171875,30025.6875,12587.4580078125,17438.23046875,-0.001610196428373456,-0.0003815395466517657,-0.002498956397175789,-0.1610196428373456,3.141613118350506,1.7184054856747388,3.1066646333783865,1.5848914986103773,4.479373846203089,3.3451743986830116,-0.012092754244804382,0.7044493705034256,0.7044493705034256,greedy,-0.012092754244804382,0.0,hard_fault_cluster
59,N4698,control0,0.15681901574134827,4.7074821524322035,5.154627513885497,0.44380411989986895,3.0598633990809323,0.15681901574134827,-0.016590610146522522,2.892830478399992,3.3418947696685786,-0.00016590610146522523,0.3265474736690521,0.05698874592781067,-0.016590610146522522,3.0154418766498567,0.03013715147972107,0.09078070521354675,0.0061872899532318115,30026.3359375,12587.9453125,17438.390625,29910.41796875,12515.71484375,17394.703125,0.0038605432491749525,0.0057380665093660355,0.002505248412489891,0.38605432491749525,3.054113283753395,0.4103591817617417,3.023814681917429,0.17207706749439244,3.2356631934642794,3.7562805977463727,-0.016590610146522522,0.6878587603569031,0.6878587603569031,greedy,-0.016590610146522522,0.0,hard_fault_cluster
60,N3882,control0,-0.0882832482457161,0.11858169421800994,1.7999626619097397,0.11863503434695304,0.07707810124170647,-0.0882832482457161,-0.027599111199378967,0.6092970184355181,0.5174507543444633,-0.0002759911119937897,0.30317965149879456,0.05539125204086304,-0.027599111199378967,0.7211246277852388,0.030408784747123718,0.08479629456996918,0.0061296336352825165,29910.361328125,12515.728515625,17394.6328125,30006.806640625,12551.60546875,17455.201171875,-0.0032244783360511065,-0.0028665494173765182,-0.003482014173641801,-0.32244783360511065,3.068670615553856,0.49474735479394444,3.047826509922743,0.4974546961073066,0.3292349399896921,1.3252680654105644,-0.027599111199378967,0.6602596491575241,0.6602596491575241,greedy,-0.027599111199378967,0.0,hard_fault_cluster
61,N2102,observe,0.1893017590045929,5.764233204722404,5.999999999999999,0.46496324330568306,3.746751583069563,0.1893017590045929,-0.025337308645248413,3.36472639106214,2.3332445383071896,-0.00025337308645248416,0.3402778208255768,0.06188131868839264,-0.025337308645248413,3.5491448908299206,0.032485220581293106,0.09429951012134552,0.00725163146853447,30006.294921875,12550.876953125,17455.41796875,30044.015625,12610.8046875,17433.2109375,-0.001257093041203916,-0.004774784669280052,0.0012722142273560166,-0.1257093041203916,3.285066068172455,2.3118967670574784,3.2576580606400967,2.4994883197918534,3.8612175803631548,3.642377085369081,-0.025337308645248413,0.6349223405122757,0.6349223405122757,greedy,-0.025337308645248413,0.0,hard_fault_cluster
62,N5046,observe,0.07748894393444061,4.377655544131994,2.9418216586112975,0.9031306520849466,2.8454761036857965,0.07748894393444061,-0.012988850474357605,5.692263571545482,4.561212050914763,-0.00012988850474357605,0.3270607888698578,0.060715675354003906,-0.012988850474357605,6.661428048871457,0.03151412308216095,0.08977265655994415,0.006914772093296051,30043.771484375,12610.693359375,17433.078125,30071.462890625,12606.298828125,17465.1640625,-0.0009217020706273615,0.00034847657661885023,-0.00184052053373307,-0.09217020706273615,3.1991391330957413,1.5262643394991755,3.1633440144360065,1.3469901977106928,4.179881814494729,3.0910568119585515,-0.012988850474357605,0.6219334900379181,0.6219334900379181,greedy,-0.012988850474357605,0.0,hard_fault_cluster
63,N871,observe,0.09818384796380997,5.631495880708099,3.44365941286087,1.1869317719712855,3.660472322460264,0.09818384796380997,-0.0060392990708351135,6.2784851947799325,4.556370556354522,-6.039299070835114e-05,0.341885507106781,0.06498353183269501,-0.0060392990708351135,6.835154143217951,0.03240671381354332,0.09367883205413818,0.007220245897769928,30070.927734375,12605.814453125,17465.11328125,30090.390625,12617.4716796875,17472.91796875,-0.0006472328095696867,-0.0009247499983757734,-0.0004468729894142598,-0.06472328095696867,3.299615614116192,2.099889888036996,3.255407439544797,2.059974207151681,4.7594469523057334,3.3926051501091568,-0.0060392990708351135,0.615894190967083,0.615894190967083,greedy,-0.0060392990708351135,0.0,hard_fault_cluster
64,N6533,observe,0.25260668992996216,6.3264984779059885,5.154816913604735,0.8585489345341921,4.112224010638893,0.25260668992996216,0.007193148136138916,6.0778035629540685,4.715229964256286,7.193148136138916e-05,0.33673784136772156,0.059352338314056396,0.007193148136138916,7.128523729629814,0.03395901992917061,0.09381090104579926,0.008120063692331314,30090.265625,12617.2578125,17473.0078125,30086.548828125,12615.998046875,17470.55078125,0.00012352157500572503,9.984464122680947e-05,0.00014061867841519415,0.012352157500572503,3.462447479367256,3.332650443352759,3.4125383645296097,3.1812600100412967,5.656525425240398,4.422388982009143,0.007193148136138916,0.6230873391032219,0.6230873391032219,greedy,0.007193148136138916,0.0,hard_fault_cluster
65,N5740,observe,0.08546308428049088,5.524747351463883,4.640067863464355,0.9058530952129513,3.591085778451524,0.08546308428049088,0.004641339182853699,5.6598697430454195,4.08563465476036,4.641339182853699e-05,0.338630348443985,0.06452035158872604,0.004641339182853699,6.44842168956995,0.031896162778139114,0.09277786314487457,0.006770428270101547,30087.333984375,12616.927734375,17470.40625,30080.421875,12595.3134765625,17485.109375,0.00022973485465627164,0.0017131157219409943,-0.0008416017517447472,0.022973485465627164,3.258777968585491,1.5037681558728218,3.2069067005068064,1.1325290301442146,4.820782360434532,3.7859476492321122,0.004641339182853699,0.6277286782860756,0.6277286782860756,greedy,0.004641339182853699,0.0,hard_fault_cluster
66,N869,observe,0.10292045772075653,5.201562637463212,4.5333419084548945,0.5744951709732413,3.3810157143510877,0.10292045772075653,0.00963185727596283,3.973458563908935,3.1970306873321532,9.63185727596283e-05,0.34051498770713806,0.06467830389738083,0.00963185727596283,4.464214139953255,0.032781653106212616,0.09404832124710083,0.007162228226661682,30079.8359375,12594.6494140625,17485.185546875,30087.38671875,12603.5830078125,17483.802734375,-0.00025102467043325305,-0.0007093165768310428,7.908480620244518e-05,-0.025102467043325305,3.3524754717946053,1.8574092412739993,3.2967428509145975,1.8104138994961978,3.9554961405694486,3.362780788727105,0.00963185727596283,0.6373605355620384,0.6373605355620384,greedy,0.00963185727596283,0.0,hard_fault_cluster
67,N7626,observe,0.05006924271583557,4.500966332480311,4.643349123001098,0.7338296781852841,2.925628116112202,0.05006924271583557,0.014972373843193054,4.788738908991218,3.6523123919963836,0.00014972373843193056,0.341510534286499,0.06619974970817566,0.014972373843193054,5.519844032675027,0.03222522884607315,0.0935819149017334,0.0068594105541706085,30088.064453125,12604.416015625,17483.6484375,30069.0703125,12577.78515625,17491.28515625,0.0006312849000096321,0.0021128198131918907,-0.0004367920628283173,0.06312849000096321,3.3036950081586838,1.0637004263699055,3.2428159154951572,0.5910853631794453,3.916003356873989,3.5306349675543607,0.014972373843193054,0.6523329094052315,0.6523329094052315,greedy,0.014972373843193054,0.0,hard_fault_cluster
68,N5028,observe,0.02766091376543045,3.834426316618919,2.9242023825645442,0.4977923491597175,2.4923771058022974,0.02766091376543045,0.020955070853233337,3.349272979795933,3.318799138069153,0.00020955070853233336,0.34263283014297485,0.06668721139431,0.020955070853233337,3.7901298643648627,0.0320836678147316,0.09415321052074432,0.006833985447883606,30068.66796875,12577.2392578125,17491.427734375,30058.9375,12560.4921875,17498.4453125,0.000323608226608485,0.001331537845544517,-0.00040120098856277764,0.0323608226608485,3.296009063720703,0.6727739875018598,3.2302773520350456,0.16751732721924795,3.047671036422253,2.633994306251407,0.020955070853233337,0.6732879802584648,0.6732879802584648,greedy,0.020955070853233337,0.0,hard_fault_cluster
69,N4691,control0,0.11764924973249435,5.404069774597883,5.999999999999999,0.21284884221851827,3.512645353488624,0.11764924973249435,0.01320415735244751,1.808633394613862,2.4817492485046384,0.0001320415735244751,0.3408437669277191,0.06571348756551743,0.01320415735244751,1.809691519141197,0.032118190079927444,0.09695911407470703,0.006720602512359619,30059.75390625,12561.298828125,17498.455078125,29942.24609375,12493.6962890625,17448.55078125,0.0039091408252716064,0.005381811410188675,0.002851925790309906,0.39091408252716064,3.2907366529107094,0.7716029378771783,3.2315484192222357,0.48068615227937705,3.2008818864822395,3.8408325617015366,0.01320415735244751,0.6864921376109123,0.6864921376109123,greedy,0.01320415735244751,0.0,hard_fault_cluster
70,N4684,control0,0.1488257646560669,4.377877680957318,5.140604829788208,0.22500027135014533,2.8456204926222566,0.1488257646560669,0.0036969557404518127,1.7011927848309276,2.5140563964843747,3.696955740451813e-05,0.3406628668308258,0.06551649421453476,0.0036969557404518127,1.7109994988143442,0.03151720389723778,0.09667399525642395,0.006283599883317947,29942.28515625,12493.71484375,17448.5703125,29874.984375,12461.2548828125,17413.73046875,0.00224768347106874,0.0025981031358242035,0.0019967162515968084,0.224768347106874,3.2209338396787643,0.7765973822772502,3.1690237522125244,0.5005580184608697,2.6487344078719612,3.465954989902675,0.0036969557404518127,0.6901890933513641,0.6901890933513641,greedy,0.0036969557404518127,0.0,hard_fault_cluster
71,N4677,control0,0.16515161097049713,3.234106568992138,4.0931093931198115,0.3147316141426563,2.10216926984489,0.16515161097049713,-0.0033275485038757324,1.8183282109349963,2.6787083625793455,-3.327548503875732e-05,0.33930185437202454,0.0655938982963562,-0.0033275485038757324,1.84604962810874,0.030667610466480255,0.09579305350780487,0.0057107023894786835,29875.03125,12461.2763671875,17413.75390625,29823.24609375,12439.51171875,17383.734375,0.0017333925934508443,0.0017465825658291578,0.0017238977598026395,0.17333925934508443,3.129027396440506,0.5950622031837702,3.0823276340961456,0.32489226706326013,2.2607215344905853,3.1658921182155613,-0.0033275485038757324,0.6868615448474884,0.6868615448474884,greedy,-0.0033275485038757324,0.0,hard_fault_cluster
72,N5473,observe,0.04568038508296013,1.1925028927624226,0.8842551171779632,0.2559059765189886,0.7751268802955747,0.04568038508296013,-0.005692899227142334,1.7453034862875938,1.6477095007896423,-5.692899227142334e-05,0.31088411808013916,0.056621089577674866,-0.005692899227142334,2.112103744670749,0.029840823262929916,0.08635734021663666,0.005813200026750565,29822.4765625,12438.8154296875,17383.662109375,29919.953125,12495.107421875,17424.845703125,-0.0032685603946447372,-0.004525510594248772,-0.0023690976668149233,-0.3268560394644737,3.035010516643524,0.20085878320038314,2.9968143738806248,0.09883674629032607,1.2499446623027324,1.0580776118731592,-0.005692899227142334,0.6811686456203461,0.6811686456203461,greedy,-0.005692899227142334,0.0,hard_fault_cluster
73,N870,observe,0.09092947095632553,4.25586372166872,2.7281262874603267,0.8711089865863323,2.7663114190846683,0.09092947095632553,0.006473645567893982,3.8400449238717553,2.6079960584640505,6.473645567893982e-05,0.341463565826416,0.06563149392604828,0.006473645567893982,3.768058350905776,0.03141095116734505,0.09324696660041809,0.006219137459993362,29919.212890625,12494.244140625,17424.96875,29978.56640625,12541.31640625,17437.25,-0.0019837927538901567,-0.0037675159983336926,-0.0007048075785860419,-0.19837927538901567,3.213200256228447,1.4626117610186338,3.1591214016079903,1.4626118206232785,3.0956156529486183,2.3367540850862865,0.006473645567893982,0.68764229118824,0.68764229118824,greedy,0.006473645567893982,0.0,hard_fault_cluster
74,N5077,observe,0.05063721537590027,1.8440213364362716,1.0269042313098908,0.6660827559232712,1.1986138686835766,0.05063721537590027,0.013196691870689392,3.7379909314215185,3.206861913204193,0.00013196691870689392,0.33616992831230164,0.06439585983753204,0.013196691870689392,4.341788939759136,0.030948955565690994,0.09171582758426666,0.006173118948936462,29979.224609375,12542.08984375,17437.134765625,29985.15625,12531.6591796875,17453.49609375,-0.00019785837503150105,0.0008316527819260955,-0.0009383037104271352,-0.019785837503150105,3.172488108277321,0.41646231941878786,3.114293694496155,0.18981564275920382,2.0798276640474795,1.574385870732367,0.013196691870689392,0.7008389830589294,0.7008389830589294,greedy,0.013196691870689392,0.0,hard_fault_cluster
75,N6677,observe,0.08719151467084885,3.1051483802497386,2.3844830453395844,0.3763676715642214,2.01834644716233,0.08719151467084885,0.017285354435443878,2.183027869090438,1.6655437707901,0.00017285354435443877,0.3423234224319458,0.06625217199325562,0.017285354435443878,2.292166276648641,0.03193235769867897,0.0943869799375534,0.006590351462364197,29985.08984375,12531.6708984375,17453.41796875,30010.283203125,12554.568359375,17455.71484375,-0.0008401962113566697,-0.0018271674634888768,-0.00013160030357539654,-0.08401962113566697,3.2767732962965965,1.1788469168171285,3.214120151475072,1.0974198791012166,2.176933054998517,1.776801915410906,0.017285354435443878,0.7181243374943733,0.7181243374943733,greedy,0.017285354435443878,0.0,hard_fault_cluster
76,N5356,observe,0.03686941787600517,1.9480646099895238,1.1009698927402496,0.6761954274028539,1.2662419964931906,0.03686941787600517,0.021013036370277405,3.801247293502093,3.2952958464622495,0.00021013036370277406,0.33648115396499634,0.06495652347803116,0.021013036370277405,4.406455430686473,0.0313623882830143,0.09275554120540619,0.006456352770328522,30010.146484375,12554.3359375,17455.810546875,30003.08203125,12535.6953125,17467.38671875,0.00023540215624962002,0.0014847958227619529,-0.0006631701253354549,0.023540215624962002,3.2222083881497383,-0.08966885000467306,3.157731218263507,-0.14617196708917624,2.140186908841133,1.6637457859329878,0.021013036370277405,0.7391373738646507,0.7391373738646507,greedy,0.021013036370277405,0.0,hard_fault_cluster
77,N4663,control0,0.13045774400234222,4.729734361171722,4.837255430221557,0.7291469371318815,3.0743273347616196,0.13045774400234222,0.016265809535980225,2.407950087189674,2.71646089553833,0.00016265809535980224,0.3408069312572479,0.06615305691957474,0.016265809535980225,2.0160917866230013,0.03163106366991997,0.09683577716350555,0.006461746990680695,30003.984375,12536.5849609375,17467.400390625,29894.181640625,12471.841796875,17422.33984375,0.003659605048596859,0.0051643382757902145,0.002579693915322423,0.3659605048596859,3.2455252334475517,0.5274607867002487,3.1837110836058855,0.25909284055232995,2.70631303191185,3.459419151842594,0.016265809535980225,0.755403183400631,0.755403183400631,greedy,0.016265809535980225,0.0,hard_fault_cluster
78,N715,observe,0.2809639275074005,3.5348211489617825,2.7723456144332883,0.2898135981708765,2.297633746825159,0.2809639275074005,0.0033639073371887207,1.865299681648612,1.118035191297531,3.363907337188721e-05,0.34134945273399353,0.06058330088853836,0.0033639073371887207,1.8923192349076272,0.032759834080934525,0.09468056261539459,0.00734730064868927,29892.703125,12470.1865234375,17422.515625,29953.51953125,12547.396484375,17406.123046875,-0.0020344899967312813,-0.006191564258188009,0.0009408846963196993,-0.20344899967312813,3.3399306163191795,1.2947790126502514,3.2919702101498842,1.2921351294219494,2.2944220915436744,1.7049074797332286,0.0033639073371887207,0.7587670907378197,0.7587670907378197,greedy,0.0033639073371887207,0.0,hard_fault_cluster
79,N859,observe,0.16189734637737274,2.2313851562142375,1.1522674858570099,0.7077897039055825,1.4504003515392545,0.16189734637737274,0.0063193440437316895,3.860471388697624,3.084601193666458,6.31934404373169e-05,0.3402901589870453,0.06254705041646957,0.0063193440437316895,4.425522193312645,0.032472122460603714,0.092318594455719,0.006963253021240234,29953.908203125,12548.099609375,17405.80859375,30025.123046875,12584.802734375,17440.3203125,-0.0023774809669703245,-0.0029249947983771563,-0.001982770161703229,-0.23774809669703245,3.3160786405205727,1.1232550129294396,3.2644288446754217,1.1306807085871697,2.374978169798851,1.6897525986656545,0.0063193440437316895,0.7650864347815514,0.7650864347815514,greedy,0.0063193440437316895,0.0,hard_fault_cluster
80,N1598,observe,-0.5284616351127625,-4.0847402036190035,-3.3614450693130493,-0.3250504136085508,-2.655081132352352,-0.5284616351127625,0.017048068344593048,2.141209012269974,4.101258862018585,0.00017048068344593047,0.14209917187690735,-0.006946517154574394,-0.006946517154574394,-0.4720869694277644,0.024563759565353394,0.06531006097793579,0.002964794635772705,30026.0703125,12585.6083984375,17440.4609375,30306.0859375,12697.8017578125,17608.28515625,-0.009325750172138214,-0.008914416655898094,-0.009622693993151188,-0.9325750172138214,2.466477507725358,-6.840333421435207,2.458901344332844,-6.840333421435207,-1.4612722337245942,-1.4192917877435685,0.017048068344593048,0.7821345031261444,0.7821345031261444,greedy,0.017048068344593048,0.0,hard_fault_cluster
81,N7874,control1,-0.33368250727653503,-1.552909055352211,1.2642681956291197,-0.9023775786161421,-1.0093908859789371,-0.33368250727653503,0.016292862594127655,-0.04576937705278372,3.052118945121765,0.00016292862594127655,0.14538165926933289,-0.0009199511259794235,-0.0009199511259794235,0.6051868538558484,0.026687316596508026,0.06443250179290771,0.004609599709510803,30305.224609375,12696.8515625,17608.373046875,30178.890625,12649.7490234375,17529.140625,0.00416871951892972,0.0037097809836268425,0.00449970131739974,0.416871951892972,2.684104571118951,-6.185626948624849,2.6725748875178397,-6.185626948624849,-0.43198361545801167,1.5567943125836607,0.016292862594127655,0.7984273657202721,0.7984273657202721,greedy,0.016292862594127655,0.0,hard_fault_cluster
82,N7891,control1,-0.2727573812007904,-1.8228278094530104,-0.9769984940998255,-0.603220623731613,-1.1848380761444568,-0.2727573812007904,0.003369241952896118,0.7189188599586487,1.8367286840453743,3.369241952896118e-05,0.22830118238925934,0.03107478655874729,0.003369241952896118,2.2278975260257723,0.028205696493387222,0.07083813846111298,0.005578629672527313,30179.140625,12650.0185546875,17529.12109375,30140.84765625,12646.29296875,17494.5546875,0.0012688555289059877,0.00029451228328980505,0.0019719416741281748,0.12688555289059877,2.8550136778503656,-3.286700693666935,2.829180656466633,-3.4543914476037028,-0.2105730682611467,0.1278361823581507,0.003369241952896118,0.8017966076731682,0.8017966076731682,greedy,0.003369241952896118,0.0,hard_fault_cluster
83,N1372,observe,-0.36245349049568176,-3.269412610530853,-2.364952129125595,-0.25711004734039283,-2.1251181968450545,-0.36245349049568176,-0.011219821870326996,1.6297800064086918,2.9768241584300994,-0.00011219821870326996,0.14367938041687012,0.01388734020292759,-0.011219821870326996,3.372857329845429,0.024378452450037003,0.06251077353954315,0.003639262169599533,30142.1640625,12647.66796875,17494.49609375,30019.4140625,12565.6044921875,17453.80859375,0.004072368610650301,0.006488427519798279,0.002325731562450528,0.4072368610650301,2.440512763336301,-6.028713369369507,2.4385121245868504,-5.754210615158081,-0.24392752647399923,-0.35457219108939186,-0.011219821870326996,0.7905767858028412,0.7905767858028412,greedy,-0.011219821870326996,0.0,hard_fault_cluster
84,N1532,observe,-0.39197883009910583,-5.819234091043472,-4.023590540885925,-0.6012367606163023,-3.782502159178257,-0.39197883009910583,-0.006370082497596741,-0.046329617500305176,2.2169793248176575,-6.370082497596741e-05,0.12495282292366028,0.005775930359959602,-0.006370082497596741,1.5067095816135407,0.021064359694719315,0.060206204652786255,0.001851297914981842,30019.388671875,12565.625,17453.763671875,29918.71484375,12502.103515625,17416.611328125,0.0033536269329488277,0.005055178888142109,0.0021286150440573692,0.3353626932948828,2.1058418173342943,-6.469859186410904,2.106287431437522,-6.469859186410904,-1.7328446149826051,-1.274865056425333,-0.006370082497596741,0.7842067033052444,0.7842067033052444,greedy,-0.006370082497596741,0.0,hard_fault_cluster
85,N4716,control0,0.026870574802160263,3.0048343783617018,2.965206158161163,1.340254152417183,1.9531423459351063,0.026870574802160263,0.08258910477161407,6.048251953721047,5.248843789100646,0.0008258910477161408,0.10631540417671204,0.09298840910196304,0.08258910477161407,6.55638577312231,0.025585878640413284,0.051774606108665466,0.006872791796922684,29918.5859375,12501.7841796875,17416.80078125,29774.75390625,12431.763671875,17342.990234375,0.004807447548955679,0.005600841250270605,0.004237893503159285,0.4807447548955679,2.7341653779149055,-1.615864803195,2.6024822425097227,-1.3912349241971973,3.5042450904846185,3.6107713353633875,0.08258910477161407,0.8667958080768585,0.8667958080768585,greedy,0.08258910477161407,0.0,hard_fault_cluster
86,N496,control1,0.06897024810314178,5.674230566620826,4.056374275684357,1.0095726665854454,3.6882498683035374,0.06897024810314178,0.07650716602802277,4.003129301816225,2.2318062126636504,0.0007650716602802276,0.11304178833961487,0.08793587237596512,0.07650716602802277,3.67771519690752,0.027330070734024048,0.05166706442832947,0.007665399461984634,29770.90625,12424.984375,17345.921875,29829.7890625,12469.7939453125,17359.994140625,-0.0019778641872107983,-0.003606408601626754,-0.0008112723007798195,-0.19778641872107983,2.8974501118063927,0.22849131926894184,2.7741178330034018,0.2169036994874477,3.5548637583851814,2.9993031869083646,0.07650716602802277,0.9433029741048813,0.9433029741048813,greedy,0.07650716602802277,0.0,hard_fault_cluster
87,N5877,observe,-0.021597500890493393,0.38657831653952607,0.021802800893783558,0.218210602849722,0.251275905750692,-0.021597500890493393,0.0360989049077034,3.424952960014344,4.4761741161346436,0.000360989049077034,0.1604997217655182,0.051982223987579346,0.0360989049077034,4.95314661026001,0.031273264437913895,0.06076287478208542,0.008411351591348648,29833.830078125,12476.900390625,17356.9296875,30047.615234375,12572.423828125,17475.19140625,-0.007165863644331694,-0.007656022906303406,-0.006813515909016132,-0.7165863644331694,3.215407572686672,1.2622773598879575,3.14934672601521,0.9499969433993101,1.638352530449629,1.3944725168123842,0.0360989049077034,0.9794018790125847,0.9794018790125847,greedy,0.0360989049077034,0.0,hard_fault_cluster
88,N582,control1,-0.0984087809920311,0.21182360649108906,-0.7738933324813843,0.21182360649108906,0.1376853442192079,-0.0984087809920311,0.03574368357658386,4.05390772819519,5.419066429138183,0.00035743683576583863,0.10798925161361694,0.03525757044553757,0.03525757044553757,6.048516955375671,0.029243003576993942,0.050591178238391876,0.00881747156381607,30044.79296875,12569.0439453125,17475.75,30018.2265625,12572.48828125,17445.73828125,0.0008842266397550702,-0.00027403325657360256,0.0017173350788652897,0.08842266397550702,2.9953016117215157,-1.1234708738327028,2.9420506712049246,-1.15109929561615,2.1104206085205073,1.6871481934189791,0.03574368357658386,1.0151455625891685,1.0151455625891685,greedy,0.03574368357658386,0.0,hard_fault_cluster
89,N5603,observe,-0.19434909522533417,-1.9539234524965285,-1.566669875383377,-0.09845783114433265,-1.2700502441227437,-0.19434909522533417,-0.015351220965385437,1.818028908967972,2.760599422454834,-0.00015351220965385438,0.1923249363899231,0.05152660608291626,-0.015351220965385437,3.4190179401636125,0.03499393165111542,0.07276295125484467,0.009368281811475754,30020.23828125,12571.5,17448.73828125,30161.880859375,12640.169921875,17521.7109375,-0.004718236159533262,-0.00546234892681241,-0.004182116594165564,-0.4718236159533262,3.5355685502290726,5.756282669305801,3.5084370113909245,4.726294237375259,1.1520208597183226,0.6574725767970084,-0.015351220965385437,0.9997943416237831,0.9997943416237831,greedy,-0.015351220965385437,0.0,hard_fault_cluster
90,N6669,control1,-0.422417014837265,0.12064589522778979,-1.134415677189827,0.5976484861224889,0.07841983189806337,-0.422417014837265,0.08902816474437714,2.8820881962776186,3.218969321250915,0.0008902816474437714,0.03130441904067993,0.034286223351955414,0.034286223351955414,2.0507861395925286,0.03848724812269211,0.06828008592128754,0.0177924782037735,30162.603515625,12644.033203125,17518.5703125,30073.26171875,12613.8994140625,17459.36328125,0.0029620055574923754,0.002383241895586252,0.003379672532901168,0.29620055574923754,3.9720392003655434,1.4273113882541655,3.879553409293294,1.3409837400913238,1.5755650401115417,1.4338587155938147,0.08902816474437714,1.0888225063681602,1.0888225063681602,greedy,0.08902816474437714,0.0,hard_fault_cluster
91,N3813,control0,-0.566128134727478,-0.3173904028597462,-0.31189385056495667,0.4172397050198925,-0.20630376185883503,-0.566128134727478,0.07843847572803497,2.0799571120223845,2.033039891719818,0.0007843847572803497,0.03444722294807434,0.0378032848238945,0.0378032848238945,1.5872116251289845,0.03807864338159561,0.06929537653923035,0.017520230263471603,30073.9921875,12614.484375,17459.5078125,30125.66015625,12621.4912109375,17504.169921875,-0.0017180282156914473,-0.0005554595845751464,-0.002558039501309395,-0.17180282156914473,3.9241060987114906,1.2095066040754319,3.8369247782975435,1.0988939136266709,0.6800319671630859,0.6335602633067174,0.07843847572803497,1.1672609820961952,1.1672609820961952,greedy,0.07843847572803497,0.0,hard_fault_cluster
92,N3855,control0,-0.6243928670883179,-0.5345149396677152,-0.5208924541249871,0.2209849597196444,-0.34743471078401494,-0.6243928670883179,0.07785017788410187,0.9694878988579149,1.081484705209732,0.0007785017788410187,0.03781473636627197,0.04125737398862839,0.04125737398862839,0.7722894021868706,0.038506440818309784,0.07166808843612671,0.017313070595264435,30125.681640625,12621.498046875,17504.18359375,30139.6015625,12610.7255859375,17528.875,-0.00046206163824535906,0.0008535009692423046,-0.0014106002636253834,-0.046206163824535906,3.9697516337037086,1.2901593774557112,3.880420969799161,1.3347226709127424,0.2866931796073913,0.2782354506163392,0.07785017788410187,1.245111159980297,1.245111159980297,greedy,0.07785017788410187,0.0,hard_fault_cluster
93,N7890,control1,-0.5884184241294861,-0.05724049139767885,-1.8978588819503783,0.08255791138857603,-0.037206319408491256,-0.5884184241294861,0.07907158136367798,0.6412272116169333,1.1202050626277922,0.0007907158136367798,0.03621998429298401,0.03935263305902481,0.03935263305902481,-0.8816402336582542,0.03679806739091873,0.06695222854614258,0.017767343670129776,30138.82421875,12609.9375,17528.88671875,30081.53515625,12598.05859375,17483.4765625,0.0019008393865078688,0.0009420273709110916,0.0025905899237841368,0.19008393865078688,3.798230953514576,-0.21340346463024612,3.709412792697549,-0.23416841603815552,0.3568799957633018,-0.5992881654947997,0.07907158136367798,1.324182741343975,1.324182741343975,greedy,0.07907158136367798,0.0,hard_fault_cluster
94,N3862,control0,-0.6387184858322144,-0.5095702101013739,-0.3907041132450103,0.29282042491220633,-0.33122063656589307,-0.6387184858322144,0.07607923448085785,1.3800782493577572,1.4550521254539488,0.0007607923448085785,0.037110745906829834,0.04211859405040741,0.04211859405040741,1.1231879501044748,0.03811434656381607,0.07113540172576904,0.017363213002681732,30082.369140625,12598.876953125,17483.4921875,30102.52734375,12589.01953125,17513.5078125,-0.0006701002712361515,0.0007824047934263945,-0.001716798054985702,-0.06701002712361515,3.9296324849128723,1.138301924467087,3.8409841135144234,1.0324232256412507,0.39411497116088856,0.4580972253158688,0.07607923448085785,1.400261975824833,1.400261975824833,greedy,0.07607923448085785,0.0,hard_fault_cluster
95,N3840,control0,-0.6812692284584045,-0.6878873225051894,-0.688061636686325,0.1438815478485094,-0.4471267596283731,-0.6812692284584045,0.07568086683750153,0.548874968858172,1.18791663646698,0.0007568086683750153,0.039352744817733765,0.04403199255466461,0.04403199255466461,0.6764823997020721,0.03878026828169823,0.07340845465660095,0.017172113060951233,30102.55078125,12589.03125,17513.51953125,30118.451171875,12581.076171875,17537.375,-0.000528207398019731,0.0006319055100902915,-0.001362117356620729,-0.052820739801973104,3.997739687561989,1.127831267118454,3.9079550430178642,1.2162306535243987,0.0750921249389648,0.3032065257616341,0.07568086683750153,1.4759428426623344,1.4759428426623344,greedy,0.07568086683750153,0.0,hard_fault_cluster
96,N5373,observe,-0.6036953926086426,1.3298245966240212,0.20345715582370758,1.0391715168758675,0.8643859878056138,-0.6036953926086426,0.11096501350402832,5.302256283761017,4.910010910034179,0.0011096501350402832,0.03337934613227844,0.045306265354156494,0.045306265354156494,1.4234194559460591,0.03963692486286163,0.07329358160495758,0.018037106841802597,30117.72265625,12580.3486328125,17537.375,30105.541015625,12588.482421875,17517.05859375,0.00040446751518175006,-0.0006465471815317869,0.0011584633029997349,0.040446751518175006,4.119963765144348,0.7899784387157706,4.0027603060007095,0.7898257673786429,2.351151283187209,1.8491659619237903,0.11096501350402832,1.5869078561663628,1.5869078561663628,greedy,0.11096501350402832,0.0,hard_fault_cluster
97,N3742,control0,-0.6881037950515747,-0.54339918166399,-0.5966710269451141,0.3655321332812309,-0.35320946808159354,-0.6881037950515747,0.09335857629776001,1.7591161966323852,1.7844390988349914,0.0009335857629776001,0.03509137034416199,0.04664938896894455,0.04664938896894455,1.3152207028865814,0.039209041744470596,0.07405419647693634,0.01754504069685936,30106.171875,12589.1923828125,17516.98046875,30129.205078125,12579.365234375,17549.83984375,-0.0007650658371858299,0.0007806019857525826,-0.001875858404673636,-0.07650658371858299,4.060912139713764,1.286692813038826,3.9559061657637358,1.1425416737794876,0.5072453141212463,0.47029763408936553,0.09335857629776001,1.6802664324641228,1.6802664324641228,greedy,0.09335857629776001,0.0,hard_fault_cluster
98,N7880,control1,-0.6559184193611145,0.053778183644171806,1.8029151230584828,0.04961372213205323,0.03495581936871168,-0.6559184193611145,0.08562389016151428,0.5182310380274431,2.281092745065689,0.0008562389016151428,0.03421112895011902,0.043094053864479065,0.043094053864479065,0.10397407247684895,0.03721514716744423,0.06843331456184387,0.017943836748600006,30128.564453125,12578.634765625,17549.9296875,30092.65234375,12581.0263671875,17511.625,0.0011919621611014009,-0.0001901320501929149,0.0021826119627803564,0.11919621611014009,3.8502326607704163,0.028284775901702232,3.7536942027509212,0.0281756670383038,0.37883949754759666,2.0838813204734468,0.08562389016151428,1.765890322625637,1.765890322625637,greedy,0.08562389016151428,0.0,hard_fault_cluster
99,N7471,control0,-0.6576839089393616,-0.3536761303851381,1.3768773734569548,0.2507847646763548,-0.2298894847503398,-0.6576839089393616,0.07786032557487488,1.1249544283840807,1.150096195936203,0.0007786032557487488,0.034676969051361084,0.0438607856631279,0.0438607856631279,0.9642818928137421,0.03930702805519104,0.07384821772575378,0.01722937822341919,30089.322265625,12577.4453125,17511.876953125,30075.91015625,12543.8544921875,17532.0546875,0.00044574314961209893,0.0026707188226282597,-0.0011522313579916954,0.04457431496120989,4.052423916757107,0.9218626312911511,3.9611330833286047,0.983323412388563,0.4634624391794204,1.750181237459183,0.07786032557487488,1.843750648200512,1.843750648200512,greedy,0.07786032557487488,0.0,hard_fault_cluster
100,N7511,control1,-0.611699640750885,0.3654966358770616,1.5238291770219803,0.10247543498175218,0.23757281332009006,-0.611699640750885,0.07583834230899811,0.8905408041668125,2.570690619945526,0.0007583834230899811,0.02988782525062561,0.04114600270986557,0.04114600270986557,0.14654909305972977,0.03814207762479782,0.07229477167129517,0.016570087522268295,30079.345703125,12547.54296875,17531.802734375,30089.484375,12583.71484375,17505.76953125,-0.00033706423710100353,-0.0028827853966504335,0.0014849130529910326,-0.03370642371010035,3.931192107498646,0.3926710042124614,3.843453848734498,0.41582334963139145,0.5800169230322354,1.737211023622076,0.07583834230899811,1.91958899050951,1.91958899050951,greedy,0.07583834230899811,0.0,hard_fault_cluster
101,N8050,control0,-0.6839983463287354,-0.5662096896069124,1.2957384169101713,0.15416400052141396,-0.3680362982444931,-0.6839983463287354,0.06468631327152252,0.6354867313522845,2.386102157831192,0.0006468631327152252,0.03433546423912048,0.041522786021232605,0.041522786021232605,0.640387035831809,0.03888506069779396,0.07320323586463928,0.016864869743585587,30089.97265625,12584.0830078125,17505.890625,30149.421875,12596.1669921875,17553.25390625,-0.0019757153932005167,-0.0009602594072930515,-0.0027055623941123486,-0.19757153932005167,3.994715169072151,0.9324332788586616,3.915058344602585,0.9853229001164435,0.14900034368038179,2.196850223392248,0.06468631327152252,1.9842753037810326,1.9842753037810326,greedy,0.06468631327152252,0.0,hard_fault_cluster
102,N868,observe,-0.6173341870307922,0.4632257955148816,-1.7073167517781256,0.3308211551979184,0.30109676708467303,-0.6173341870307922,0.08886073529720306,1.7712520137429237,3.2032542467117304,0.0008886073529720306,0.0308702290058136,0.0420583114027977,0.0420583114027977,0.692081848308444,0.04012990742921829,0.0741683691740036,0.017609301954507828,30148.283203125,12594.986328125,17553.296875,30154.353515625,12616.078125,17538.275390625,-0.00020134853548370302,-0.001674618455581367,0.0008557642577216029,-0.0201348535483703,4.14390978962183,1.303458013832569,4.045720504596829,1.2036374595761299,0.9351807713508605,0.5028675013780591,0.08886073529720306,2.0731360390782356,2.0731360390782356,greedy,0.08886073529720306,0.0,hard_fault_cluster
103,N8042,control0,-0.706366240978241,-0.4986411202698946,1.3279075026512144,0.17577673308551311,-0.3241167281754315,-0.706366240978241,0.06972676515579224,0.7284231081604957,2.437909710407257,0.0006972676515579223,0.03367021679878235,0.04312215745449066,0.04312215745449066,0.6710110243409871,0.039506398141384125,0.07463309168815613,0.017026223242282867,30155.65234375,12617.287109375,17538.365234375,30156.462890625,12582.177734375,17574.28515625,-2.6878771677729674e-05,0.002782640513032675,-0.0020480770617723465,-0.0026878771677729674,4.063488736748695,1.2845799770951272,3.978852044790983,1.4069762554764749,0.25538269281387327,2.2659987503290173,0.06972676515579224,2.142862804234028,2.142862804234028,greedy,0.06972676515579224,0.0,hard_fault_cluster
104,N7881,control1,-0.6724619269371033,0.028908443953841942,-0.2293066281825304,0.06742187714204194,0.018790488569997262,-0.6724619269371033,0.06865344941616058,0.612459227629006,0.7974568784236907,0.0006865344941616059,0.03305765986442566,0.04150211811065674,0.04150211811065674,0.1240257530286908,0.0371587797999382,0.06841041147708893,0.017649780958890915,30155.9375,12581.8466796875,17574.091796875,30119.185546875,12583.8515625,17535.333984375,0.001218730234540999,-0.0001593472552485764,0.002205394906923175,0.1218730234540999,3.8260335475206375,0.00567356377840042,3.7434168718755245,0.005309843197464942,0.38219725415110584,0.17713932815939187,0.06865344941616058,2.2115162536501884,2.2115162536501884,greedy,0.06865344941616058,0.0,hard_fault_cluster
105,N7876,control1,-0.6709939241409302,-0.4325878584571183,-1.8259121239185334,0.12304300425574183,-0.2811821079971269,-0.6709939241409302,0.06041271984577179,0.5491740021854639,1.1734954953193664,0.0006041271984577179,0.03214171528816223,0.04009992629289627,0.04009992629289627,0.5920202690921723,0.035455211997032166,0.06450432538986206,0.017838429659605026,30118.78125,12583.34375,17535.4375,30109.22265625,12594.65625,17514.56640625,0.0003173632430844009,-0.0008990058558993042,0.0011902237311005592,0.03173632430844009,3.6460338458418846,0.48387357510626317,3.5706493612378836,0.48442771948873997,0.14953044205904006,-0.23520519211888313,0.06041271984577179,2.2719289734959602,2.2719289734959602,greedy,0.06041271984577179,0.0,hard_fault_cluster
106,N7923,control0,-0.6863170266151428,-0.7039864225685596,1.1826112866401672,0.1779974536597729,-0.4575911746695637,-0.6863170266151428,0.0570957213640213,1.8590065471827983,3.74551031589508,0.000570957213640213,0.03311419486999512,0.04211709648370743,0.04211709648370743,2.3554391299933193,0.03790924698114395,0.07083587348461151,0.01722859963774681,30110.0625,12595.4853515625,17514.578125,30121.939453125,12566.916015625,17555.0234375,-0.00039445128641091287,0.0022682202979922295,-0.002309237141162157,-0.03944512864109129,3.890137515962124,1.6226342454552651,3.8157279025763273,1.489906956255436,0.79603254199028,2.362544114179909,0.0570957213640213,2.3290246948599815,2.3290246948599815,greedy,0.0570957213640213,0.0,hard_fault_cluster
107,N7889,control1,-0.6745966672897339,-0.3653679542988539,-0.6004827708005904,0.04219182796776295,-0.23748917029425504,-0.6745966672897339,0.054354503750801086,0.4754948947578669,0.769417107105255,0.0005435450375080109,0.034791648387908936,0.04022825509309769,0.04022825509309769,0.09296279542148111,0.03570859506726265,0.06542745232582092,0.01768459379673004,30121.578125,12566.62109375,17554.95703125,30103.537109375,12575.447265625,17528.08984375,0.0005989398923702538,-0.0007023504585959017,0.0015304615953937173,0.05989398923702538,3.6654422655701637,-0.2230852047726512,3.5945051964372396,-0.22705545525997878,0.12374968230724329,-0.014064782336354303,0.054354503750801086,2.3833791986107826,2.3833791986107826,greedy,0.054354503750801086,0.0,hard_fault_cluster
108,N8048,control0,-0.6927992701530457,-0.7083533495664597,1.2139851272106168,0.1288107544183731,-0.46042967721819883,-0.6927992701530457,0.05241788923740387,1.5649615600705147,3.4504933834075926,0.0005241788923740387,0.03542771935462952,0.041623279452323914,0.041623279452323914,2.1173167844116687,0.03790050745010376,0.07130159437656403,0.01708110421895981,30104.08203125,12575.7958984375,17528.287109375,30120.921875,12553.8974609375,17567.0234375,-0.0005593873793259263,0.0017413162859156728,-0.0022099323105067015,-0.05593873793259263,3.8840919137001038,3.118865965604782,3.813561037182808,2.7574990260601044,0.9207419157028198,2.4412927953060715,0.05241788923740387,2.4357970878481865,2.4357970878481865,greedy,0.05241788923740387,0.0,hard_fault_cluster
109,N7882,control1,-0.669691801071167,-0.35532422237098216,-0.543924605846405,0.1352778536826372,-0.2309607445411384,-0.669691801071167,0.05227619409561157,0.5946812689304353,0.7391795873641968,0.0005227619409561157,0.035717010498046875,0.03978242725133896,0.03978242725133896,0.689050227329135,0.03581686317920685,0.0658676028251648,0.017597045749425888,30120.44140625,12553.57421875,17566.8671875,30099.2109375,12561.12890625,17538.08203125,0.0007048525149002671,-0.0006017957348376513,0.0016386050265282393,0.07048525149002671,3.6737449392676353,0.7053875318169593,3.6047009732574224,0.7060355535149574,0.2860026389360427,0.19101095326244827,0.05227619409561157,2.488073281943798,2.488073281943798,greedy,0.05227619409561157,0.0,hard_fault_cluster
110,N3701,control0,-0.6953992247581482,-0.2838363058865071,1.2102960824966429,0.5585978619754314,-0.18449359882622962,-0.6953992247581482,0.049565091729164124,3.9158642105758195,5.4120482921600335,0.0004956509172916412,0.0361047089099884,0.041480615735054016,0.041480615735054016,4.781560996696353,0.0377572625875473,0.0714116096496582,0.016958720982074738,30100.02734375,12562.0400390625,17537.98828125,30123.43359375,12545.2578125,17578.17578125,-0.0007776155835017562,0.0013359475415199995,-0.002291454467922449,-0.07776155835017562,3.8667719662189484,2.492316372692585,3.7984876856207848,2.4579375341534617,1.7910514891147613,3.004432971840724,0.049565091729164124,2.537638373672962,2.537638373672962,greedy,0.049565091729164124,0.0,hard_fault_cluster
111,N7883,control1,-0.6631019711494446,-0.3352746191807091,-0.5364075481891633,0.15571381418034433,-0.21792850246746093,-0.6631019711494446,0.05181390047073364,0.6737286465242505,0.8594199120998383,0.0005181390047073364,0.03560429811477661,0.03959513455629349,0.03959513455629349,0.7253222876787186,0.035870425403118134,0.06618647277355194,0.017502974718809128,30122.669921875,12544.376953125,17578.29296875,30094.94140625,12548.73828125,17546.203125,0.000920519873034209,-0.00034767197212204337,0.001825538114644587,0.0920519873034209,3.6784515753388405,0.7807045161724091,3.60989479906857,0.7878667116165161,0.3298880249261856,0.2660259092226624,0.05181390047073364,2.589452274143696,2.589452274143696,greedy,0.05181390047073364,0.0,hard_fault_cluster
112,N4606,control0,-0.6983515024185181,-0.12750548794865613,1.1856078505516052,0.7501975826919078,-0.08287856716662649,-0.6983515024185181,0.04822076857089996,4.276985890418291,5.520237350463867,0.00048220768570899963,0.03553280234336853,0.04143747687339783,0.04143747687339783,4.974243422523141,0.03759506717324257,0.07134135067462921,0.016863107681274414,30095.611328125,12549.458984375,17546.15234375,30122.40234375,12534.9765625,17587.42578125,-0.0008901967667043209,0.0011540275299921632,-0.002352278446778655,-0.08901967667043209,3.8491649627685547,2.2660176488757133,3.7819212786853313,2.334660098254681,1.8068982779979703,3.014167333249934,0.04822076857089996,2.637673042714596,2.637673042714596,greedy,0.04822076857089996,0.0,hard_fault_cluster
113,N7884,control1,-0.6670754551887512,-0.36095656409859656,-0.5921865999698639,0.1616141055524349,-0.23462176666408777,-0.6670754551887512,0.049250707030296326,0.6998539075255393,0.873222905397415,0.0004925070703029632,0.03596338629722595,0.03934469819068909,0.03934469819068909,0.7718258094787597,0.03577766567468643,0.06623078882694244,0.017423611134290695,30121.775390625,12534.28125,17587.494140625,30095.38671875,12539.0576171875,17556.328125,0.0008760662749409676,-0.0003810643102042377,0.0017720555188134313,0.08760662749409676,3.6663619726896286,0.7854276829957962,3.5999154187738895,0.7224315518140794,0.31757416129112237,0.22633148863911623,0.049250707030296326,2.686923749744892,2.686923749744892,greedy,0.049250707030296326,0.0,hard_fault_cluster
114,N4578,control0,-0.7009516954421997,-0.6356833741778973,1.1750322580337524,0.2571276857738849,-0.4131941932156333,-0.7009516954421997,0.04644843935966492,1.1141938906745055,2.781751275062561,0.0004644843935966492,0.035598039627075195,0.041294246912002563,0.041294246912002563,1.2758911284804344,0.03755713254213333,0.07135109603404999,0.016842737793922424,30096.115234375,12539.767578125,17556.34765625,30123.74609375,12527.4375,17596.30859375,-0.0009180872584693134,0.0009832780342549086,-0.002276153303682804,-0.09180872584693134,3.8434559404850006,1.3296771562099456,3.77764892578125,1.4500128543376922,0.34612659215927116,2.064343911022879,0.04644843935966492,2.733372189104557,2.733372189104557,greedy,0.04644843935966492,0.0,hard_fault_cluster
115,N7885,control1,-0.6709328293800354,-0.4494753606244921,-0.6483707189559936,0.1642259829118848,-0.29215898440591986,-0.6709328293800354,0.0473543256521225,0.701416052505374,0.878390371799469,0.000473543256521225,0.035714954137802124,0.03930950164794922,0.03930950164794922,0.7922040525078773,0.035759247839450836,0.06610921025276184,0.017452724277973175,30123.07421875,12526.755859375,17596.318359375,30106.8984375,12537.5048828125,17569.39453125,0.0005369897116906941,-0.0008580851717852056,0.001530083012767136,0.05369897116906941,3.6625886112451553,0.7732841813564301,3.5975907407701015,0.7842684710025788,0.2816137135028839,0.206136521846056,0.0473543256521225,2.7807265147566795,2.7807265147566795,greedy,0.0473543256521225,0.0,hard_fault_cluster
116,N3904,control0,-0.7169979810714722,-0.4366669184713192,-0.8436947405338288,0.47954379253103063,-0.2838334970063575,-0.7169979810714722,0.04290686547756195,2.328533368132139,2.6966951608657834,0.0004290686547756195,0.0357089638710022,0.04150573909282684,0.04150573909282684,2.748109347373247,0.03747020289301872,0.07112093269824982,0.01688065007328987,30107.509765625,12538.154296875,17569.35546875,30142.896484375,12530.162109375,17612.734375,-0.0011753452708944678,0.0006374293589033186,-0.0024690094869583845,-0.11753452708944678,3.831432893872261,1.5466072225570677,3.7681234404444695,1.5879705333709717,0.8056128740310669,0.49287925781797176,0.04290686547756195,2.8236333802342415,2.8236333802342415,greedy,0.04290686547756195,0.0,hard_fault_cluster
117,N7886,control1,-0.6772515773773193,0.2636893863417208,-0.6387838125228882,0.8704773063398897,0.1713981011221185,-0.6772515773773193,0.04525184631347656,4.514968309737742,5.552590894699096,0.0004525184631347656,0.0356408953666687,0.03944390267133713,0.03944390267133713,5.0732599256560205,0.03580014780163765,0.06615877151489258,0.01747675985097885,30142.34375,12529.5419921875,17612.802734375,30129.1015625,12542.814453125,17586.287109375,0.0004393217677716166,-0.0010592933977022767,0.0015054744435474277,0.04393217677716166,3.6647105291485786,1.32565394397825,3.6011887174099684,1.3475365972146391,1.8502970963716505,1.913515793904662,0.04525184631347656,2.868885226547718,2.868885226547718,greedy,0.04525184631347656,0.0,hard_fault_cluster
118,N4585,control0,-0.7091281414031982,-0.6366702832619194,1.182147616147995,0.24597597938380203,-0.4138356841202476,-0.7091281414031982,0.04271592199802399,1.0587728597805834,2.736595869064331,0.00042715921998023984,0.035430580377578735,0.041319459676742554,0.041319459676742554,1.259940779954195,0.03767545148730278,0.0713198184967041,0.0169496089220047,30129.830078125,12543.529296875,17586.30078125,30156.53515625,12533.833984375,17622.701171875,-0.0008863335242494941,0.0007729333592578769,-0.0020698150619864464,-0.08863335242494941,3.8515805304050446,1.242087160348892,3.7885539941489697,1.411079202890396,0.32000253200531,2.0468449703743676,0.04271592199802399,2.911601148545742,2.911601148545742,greedy,0.04271592199802399,0.0,hard_fault_cluster
119,N7887,control1,-0.6776431202888489,-0.5671317129023373,-0.8148263692855834,0.19529287530109288,-0.3686356133865193,-0.6776431202888489,0.04333777725696564,0.8747322967275978,1.1434953212738037,0.0004333777725696564,0.03541344404220581,0.039209045469760895,0.039209045469760895,1.0312744474038482,0.03583097457885742,0.06605185568332672,0.017529189586639404,30155.86328125,12533.1474609375,17622.71484375,30151.78515625,12550.4248046875,17601.359375,0.00013523489178624004,-0.0013785319169983268,0.0012118149315938354,0.013523489178624004,3.6656442806124687,0.723056875616312,3.603734163567424,0.6765189398825169,0.25290323197841635,0.17159978672862045,0.04333777725696564,2.9549389258027077,2.9549389258027077,greedy,0.04333777725696564,0.0,hard_fault_cluster
120,N4557,control0,-0.7093614935874939,-0.61385065477225,1.1992846488952635,0.24431413252023046,-0.3990029256019625,-0.7093614935874939,0.04094065725803375,1.053411124914419,0.9388247080147265,0.00040940657258033754,0.03526860475540161,0.041144758462905884,0.04094065725803375,1.2702249194681643,0.03771638125181198,0.07123450934886932,0.017002224922180176,30152.51171875,12551.138671875,17601.373046875,30175.01953125,12540.7109375,17634.30859375,-0.0007464655791409314,0.0008308197720907629,-0.0018711918964982033,-0.07464655791409314,3.8537235409021378,1.2203408759832381,3.792159479111433,1.4253409308195113,0.32552875280380245,1.3193416965450162,0.04094065725803375,2.9958795830607414,2.9958795830607414,greedy,0.04094065725803375,0.0,hard_fault_cluster
121,N7888,control1,-0.6782318949699402,-0.5661813823366538,-0.8081153333187103,0.1899049075460061,-0.368017898518825,-0.6782318949699402,0.04362770915031433,0.8604471395490692,1.131358551979065,0.00043627709150314333,0.03555193543434143,0.03908798098564148,0.03908798098564148,1.0126374358939938,0.035969533026218414,0.0660163015127182,0.0176609605550766,30174.345703125,12540.025390625,17634.3203125,30173.96484375,12559.4296875,17614.53515625,1.2621959285752382e-05,-0.0015473889652639627,0.0011219687294214964,0.0012621959285752382,3.6796689927577972,0.7156682806182653,3.6176322251558304,0.6697811560798436,0.22858935315161943,0.1598103089351207,0.04362770915031433,3.0395072922110558,3.0395072922110558,greedy,0.04362770915031433,0.0,hard_fault_cluster
122,N5723,control0,-0.7143090963363647,-0.6403057595407882,-2.42357702255249,0.2505185583913408,-0.41619874370151233,-0.7143090963363647,0.04059746861457825,1.0323246780157207,1.5705682158470153,0.00040597468614578247,0.035158753395080566,0.041106343269348145,0.04059746861457825,1.2373231600224972,0.03769005462527275,0.07132075726985931,0.01699155569076538,30174.7734375,12559.5615234375,17615.2109375,30195.380859375,12548.865234375,17646.515625,-0.0006829354097135365,0.0008516450761817396,-0.0017771394923329353,-0.06829354097135365,3.8507092744112015,2.0464264863729476,3.7894314154982567,2.032474493384361,0.37622122168540945,-0.579817386850191,0.04059746861457825,3.080104760825634,3.080104760825634,greedy,0.04059746861457825,0.0,hard_fault_cluster
123,N7454,observe,-0.7294184565544128,-0.8047355989180506,-2.4271097302436826,0.09113544428721068,-0.5230781392967329,-0.7294184565544128,0.039695680141448975,0.6887099226936698,2.674148428440094,0.00039695680141448974,0.03750377893447876,0.03813394904136658,0.03813394904136658,0.9210865432024002,0.03711742162704468,0.06695878505706787,0.017937596887350082,30194.71484375,12548.6123046875,17646.1015625,30292.46875,12609.0703125,17683.3984375,-0.003237450961023569,-0.004817903973162174,-0.0021136042196303606,-0.3237450961023569,3.7895717918872833,1.3958886694908141,3.7311995700001717,1.2030933094024658,-0.38163388371467594,-0.3530620244145396,0.039695680141448975,3.119800440967083,3.119800440967083,greedy,0.039695680141448975,0.0,hard_fault_cluster
124,N3897,control0,-0.7338746786117554,-0.933707909364548,-0.9626500248908996,0.2801664306928251,-0.6069101410869562,-0.7338746786117554,0.039020270109176636,1.1525703993169372,1.4539759159088135,0.0003902027010917664,0.03923618793487549,0.04008631408214569,0.039020270109176636,1.399122177809477,0.038456205278635025,0.07155029475688934,0.017402373254299164,30293.328125,12610.005859375,17683.322265625,30273.693359375,12583.43359375,17690.259765625,0.0006481547607108951,0.002107236534357071,-0.00039231881964951754,0.0648154760710895,3.924727112054825,1.688836445212364,3.865397173911333,1.6205397862195967,0.29482867121696466,0.24378835937133767,0.039020270109176636,3.1588207110762596,3.1588207110762596,greedy,0.039020270109176636,0.0,hard_fault_cluster
125,N3841,control0,-0.7484174370765686,-3.361946420222521,-2.8027493953704834,0.6419812874495984,-2.185265173144639,-0.7484174370765686,0.037201181054115295,4.032334714382887,4.421850568056106,0.00037201181054115297,0.040739357471466064,0.041345492005348206,0.037201181054115295,5.592327419444918,0.039014533162117004,0.07374688982963562,0.017079152166843414,30273.76953125,12583.48046875,17690.2890625,30268.685546875,12570.755859375,17697.9296875,0.00016793364193290472,0.0010112153831869364,-0.00043191068107262254,0.016793364193290472,3.979999989271164,3.3203272917866706,3.9210899844765663,3.1493495562672615,1.0256764233112332,0.7572797236591575,0.037201181054115295,3.196021892130375,3.196021892130375,greedy,0.037201181054115295,0.0,hard_fault_cluster
126,N2151,observe,-0.5859407782554626,-0.09534464631229639,-1.955350351333618,0.12658442702144385,-0.061974020102992654,-0.5859407782554626,0.07345286011695862,0.8127402354031802,2.568123388290405,0.0007345286011695861,0.034650713205337524,0.041377246379852295,0.041377246379852295,0.8848955209553241,0.04067601263523102,0.07560066878795624,0.01779632642865181,30268.5,12570.6064453125,17697.89453125,30289.84765625,12623.2275390625,17666.62109375,-0.0007052763248793781,-0.004186042584478855,0.0017670710803940892,-0.07052763248793781,4.182431370019913,0.40420966148376464,4.0963087901473045,0.36044730246067047,0.186593072116375,-0.5087145031243565,0.07345286011695862,3.2694747522473335,3.2694747522473335,greedy,0.07345286011695862,0.0,hard_fault_cluster
127,N3756,control0,-0.7070786356925964,-3.3391973185539245,-2.991541415452957,0.7829020810127258,-2.170478257060051,-0.7070786356925964,0.05195644497871399,4.251301229000092,4.55539047718048,0.0005195644497871399,0.034281015396118164,0.04309121519327164,0.04309121519327164,5.677209459543228,0.03943163901567459,0.07454249262809753,0.01722245290875435,30289.984375,12623.3857421875,17666.59765625,30279.67578125,12590.111328125,17689.564453125,0.0003403301234357059,0.002635934157297015,-0.0013000124599784613,0.03403301234357059,4.038211561739445,4.853854103088379,3.9669258166104555,4.310794324874879,1.28505687713623,0.9704118457157163,0.05195644497871399,3.3214311972260475,3.3214311972260475,greedy,0.05195644497871399,0.0,hard_fault_cluster
128,N1349,observe,-0.6918724179267883,-1.1673704254627226,-2.9939498901367188,0.5382722747325899,-0.7587907765507698,-0.6918724179267883,0.053399309515953064,4.253768396377564,5.999999999999999,0.0005339930951595306,0.03408461809158325,0.039952509105205536,0.039952509105205536,5.174717246294021,0.03791703283786774,0.06868691742420197,0.017975054681301117,30278.150390625,12588.0703125,17690.080078125,30314.38671875,12617.7431640625,17696.64453125,-0.0011967814061790705,-0.0023572200443595648,-0.00037108102696947753,-0.11967814061790705,3.8850551024079323,2.847173352241516,3.8150412384420633,3.061824746131897,1.6841067314147946,0.9896693754196164,0.053399309515953064,3.3748305067420006,3.3748305067420006,greedy,0.053399309515953064,0.0,hard_fault_cluster
129,N6661,observe,-0.63252192735672,-1.1008572807128076,-2.8425326228141783,0.38847503759316165,-0.715557232463325,-0.63252192735672,0.07332521677017212,1.5180758890346624,3.0926095247268677,0.0007332521677017212,0.031386107206344604,0.04161771386861801,0.04161771386861801,1.374914951324463,0.039636220782995224,0.07174161076545715,0.018298353999853134,30315.408203125,12619.162109375,17696.24609375,30316.2578125,12638.873046875,17677.384765625,-2.8025660867569968e-05,-0.0015619846526533365,0.0010658378014340997,-0.002802566086756997,4.0785650089383125,2.2674514400959014,3.99235781095922,3.310158048868179,0.6076043009757995,0.28994279563426945,0.07332521677017212,3.4481557235121727,3.4481557235121727,greedy,0.07332521677017212,0.0,hard_fault_cluster
130,N7541,control0,-0.6687391996383667,-3.1525742718577385,-2.690959787368774,0.6916539958119393,-2.04917327670753,-0.6687391996383667,0.0593591034412384,4.148022313416004,5.999999999999999,0.000593591034412384,0.033247292041778564,0.043143369257450104,0.043143369257450104,5.6627838809788225,0.03990180417895317,0.07476894557476044,0.01734338328242302,30316.341796875,12639.099609375,17677.2421875,30256.255859375,12580.08203125,17676.173828125,0.0019819652661681175,0.004669444635510445,6.0436992498580366e-05,0.19819652661681175,4.092682890594006,2.946909481883049,4.015806036069989,2.758356410861015,1.2237896800041193,1.6229085507988925,0.0593591034412384,3.507514826953411,3.507514826953411,greedy,0.0593591034412384,0.0,hard_fault_cluster
131,N3848,control0,-0.7187172174453735,-5.351780483041337,-4.4011615097522725,0.6482195169586624,-3.4786573139768695,-0.7187172174453735,0.052497729659080505,3.711144270398508,5.999999999999999,0.000524977296590805,0.03558465838432312,0.04354332387447357,0.04354332387447357,5.329814250378272,0.03989684581756592,0.07554607093334198,0.017068758606910706,30256.69921875,12580.423828125,17676.275390625,30251.47265625,12565.05859375,17686.4140625,0.0001727406634017825,0.0012213606387376785,-0.0005735751474276185,0.01727406634017825,4.085725635290146,3.1405428986405592,4.01369484513998,3.1162114004945023,0.3809311122319151,0.9312856436176777,0.052497729659080505,3.5600125566124916,3.5600125566124916,greedy,0.052497729659080505,0.0,hard_fault_cluster
132,N686,observe,-0.5656102299690247,-4.3224389129877085,-4.899554586410522,0.1054962104558946,-2.8095852934420105,-0.5656102299690247,0.09228342771530151,2.4518997937440874,5.231055498123169,0.0009228342771530151,0.028171539306640625,0.04325995594263077,0.04325995594263077,2.5194810739159585,0.041694216430187225,0.07761085033416748,0.017861925065517426,30251.1484375,12564.1630859375,17686.984375,30277.671875,12614.5283203125,17663.142578125,-0.0008767745457589626,-0.0040086423978209496,0.0013479853514581919,-0.08767745457589626,4.304965026676655,1.5120619571208953,4.203307488933206,1.287392727136612,0.04545097351074196,-0.07545686721801798,0.09228342771530151,3.652295984327793,3.652295984327793,greedy,0.09228342771530151,0.0,hard_fault_cluster
133,N3820,control0,-0.691584050655365,-2.0357894499402027,-3.698121047019958,0.6758120458025951,-1.3232631424611319,-0.691584050655365,0.06872040033340454,4.334281147952425,5.989411497116088,0.0006872040033340455,0.028251469135284424,0.0448005348443985,0.0448005348443985,5.8700099653919455,0.04009891301393509,0.07579690217971802,0.017261944711208344,30277.91015625,12615.3427734375,17662.568359375,30254.845703125,12571.998046875,17682.84765625,0.0007617584196850657,0.00343587389215827,-0.0011481511173769832,0.07617584196850657,4.123412236571312,4.496384351409506,4.03827153518796,4.085811965621542,1.7622844416182484,1.0643116652849125,0.06872040033340454,3.7210163846611977,3.7210163846611977,greedy,0.06872040033340454,0.0,hard_fault_cluster
134,N8019,control0,-0.7273721694946289,-2.516219894280657,-4.007093572616577,0.6367709237430246,-1.6355429312824272,-0.7273721694946289,0.06107287108898163,4.201801391178742,5.904578590393066,0.0006107287108898162,0.03180047869682312,0.045305036008358,0.045305036008358,5.801939443708397,0.040400490164756775,0.0767916589975357,0.017080754041671753,30254.822265625,12571.705078125,17683.1171875,30238.2734375,12549.2353515625,17689.037109375,0.0005469815223477781,0.001787325250916183,-0.000334778189426288,0.05469815223477781,4.146426923573017,4.146493389960378,4.066643493250012,3.9525119570456444,1.5900199618190523,0.8859267367981369,0.06107287108898163,3.7820892557501793,3.7820892557501793,greedy,0.06107287108898163,0.0,hard_fault_cluster
135,N861,observe,-0.6797998547554016,-2.2669359993934632,-3.7651285886764523,0.5403905558586121,-1.4735083996057512,-0.6797998547554016,0.08205057680606842,4.064184030890464,5.999999999999999,0.0008205057680606842,0.027818411588668823,0.04569753259420395,0.04569753259420395,4.996050938665867,0.040868937969207764,0.0762801319360733,0.017773061990737915,30237.328125,12548.56640625,17688.76171875,30272.91015625,12593.7978515625,17679.11328125,-0.001176758436486125,-0.0036045110318809748,0.0005454557831399143,-0.1176758436486125,4.214641906321049,2.9251482021808624,4.1188308242708445,3.3017224085330965,1.2449067354202266,0.7041893780231471,0.08205057680606842,3.8641398325562477,3.8641398325562477,greedy,0.08205057680606842,0.0,hard_fault_cluster
136,N3827,control0,-0.7345994114875793,-5.410876683738679,-5.999999999999999,0.5891233162613208,-3.5170698444301416,-0.7345994114875793,0.06868709623813629,3.6358604044853564,5.999999999999999,0.0006868709623813629,0.029710054397583008,0.04579150676727295,0.04579150676727295,5.3544903008167966,0.040554068982601166,0.07717101275920868,0.017148852348327637,30273.9140625,12594.7734375,17679.140625,30236.98828125,12550.3408203125,17686.646484375,0.0012197227915748954,0.0035278615541756153,-0.0004245601885486394,0.12197227915748954,4.169885501265526,3.9763727097470833,4.084026549011469,3.5738671212155895,0.4540453357534709,0.21602189058801674,0.06868709623813629,3.932826928794384,3.932826928794384,greedy,0.06868709623813629,0.0,hard_fault_cluster
137,N5439,observe,-0.6825021505355835,-5.549217886924744,-5.999999999999999,0.4507821130752564,-3.6069916265010837,-0.6825021505355835,0.09279252588748932,3.3899228215217594,5.999999999999999,0.0009279252588748932,0.02896904945373535,0.04620472341775894,0.04620472341775894,4.6005171096324915,0.04082503914833069,0.07545670866966248,0.018209442496299744,30236.30859375,12549.6416015625,17686.666015625,30263.0625,12580.6708984375,17682.392578125,-0.0008848271099850535,-0.002472524531185627,0.0002416191709926352,-0.08848271099850535,4.221501164138317,3.850721459388733,4.117253227159381,3.1364869642257687,0.06758699417114186,-0.20616702675819468,0.09279252588748932,4.025619454681873,4.025619454681873,greedy,0.09279252588748932,0.0,hard_fault_cluster
138,N3799,control0,-0.7327804565429688,-2.0261135420255596,-2.273627686500549,0.6089830079622335,-1.3169738023166138,-0.7327804565429688,0.0772322416305542,4.114950692429557,4.40609267950058,0.000772322416305542,0.028569906949996948,0.04727253317832947,0.04727253317832947,4.226308423079026,0.04045570269227028,0.07664784789085388,0.017445143312215805,30263.72265625,12581.349609375,17682.373046875,30234.109375,12543.9677734375,17690.140625,0.0009785075671970844,0.0029712102841585875,-0.00043928369996137917,0.09785075671970844,4.170075044035912,2.388762966642389,4.076696462929249,2.2434153475856875,1.4660485420608893,0.8703451390156988,0.0772322416305542,4.1028516963124275,4.1028516963124275,greedy,0.0772322416305542,0.0,hard_fault_cluster
139,N3792,control0,-0.7505683302879333,-1.5121028641960583,-1.9655481457710267,0.6932904501655138,-0.982866861727438,-0.7505683302879333,0.07103674113750458,3.0958741014532283,3.0440075278282164,0.0007103674113750457,0.03082561492919922,0.04715162515640259,0.04715162515640259,2.9586880851007296,0.04077795147895813,0.07790851593017578,0.017133690416812897,30234.12890625,12543.9775390625,17690.15234375,30216.59765625,12524.279296875,17692.318359375,0.0005798497004434466,0.0015703346580266953,-0.00012244188110344112,0.057984970044344664,4.19598351418972,2.0570168565097267,4.10734223946929,2.180176169711631,0.9409032552968709,0.5195542560215107,0.07103674113750458,4.173888437449932,4.173888437449932,greedy,0.07103674113750458,0.0,hard_fault_cluster
140,N8013,control0,-0.7605019211769104,-1.6776648818716422,-1.9218154072761535,0.4641135872140511,-1.0904821732165675,-0.7605019211769104,0.06634163856506348,1.8330017627686175,1.9782942175865172,0.0006634163856506348,0.03324434161186218,0.04666587710380554,0.04666587710380554,1.8281538508733504,0.0411418192088604,0.0787258893251419,0.01701590046286583,30216.57421875,12523.984375,17692.58984375,30208.052734375,12513.408203125,17694.64453125,0.00028201358509249985,0.0008444734266959131,-0.0001161326581495814,0.028201358509249985,4.227189436554909,2.127146504337434,4.142433799803257,2.2749360064812936,0.49339945004321634,0.2284355418966152,0.06634163856506348,4.240230076014996,4.240230076014996,greedy,0.06634163856506348,0.0,hard_fault_cluster
141,N5390,observe,-0.7072103023529053,-0.3016863448917866,-2.1395347028970715,0.18336323067545887,-0.1960961241796613,-0.7072103023529053,0.09338663518428802,0.6910146445035934,2.4037005662918087,0.0009338663518428802,0.030325502157211304,0.0466986745595932,0.0466986745595932,0.5861883425712586,0.04114708676934242,0.07635828852653503,0.01813766360282898,30207.39453125,12512.98046875,17694.4140625,30254.384765625,12562.728515625,17691.65625,-0.0015555871650576591,-0.003975715022534132,0.00015585780784022063,-0.15555871650576591,4.2547939866781235,0.5260407373309135,4.1497300043702126,0.39776983112096786,-0.09026455804705623,-0.6886719627305867,0.09338663518428802,4.333616711199284,4.333616711199284,greedy,0.09338663518428802,0.0,hard_fault_cluster
142,N3785,control0,-0.7487837076187134,-4.509530660591554,-5.999999999999999,1.490469339408446,-2.93119492938451,-0.7487837076187134,0.07881973683834076,4.979317146365065,5.999999999999999,0.0007881973683834076,0.029756754636764526,0.04764191806316376,0.04764191806316376,5.505203128895955,0.0408562570810318,0.07755635678768158,0.01742885261774063,30255.0703125,12563.4326171875,17691.63671875,30226.89453125,12529.7587890625,17697.13671875,0.0009312746697105467,0.002680304693058133,-0.000310881354380399,0.09312746697105467,4.2120873630046844,5.5188046978740015,4.117241121828556,5.128414540174417,0.900601863395422,0.5309261055244126,0.07881973683834076,4.412436448037624,4.412436448037624,greedy,0.07881973683834076,0.0,hard_fault_cluster
143,N8015,control0,-0.7621035575866699,-4.092528219523373,-5.687444114685058,1.4609633728838527,-2.660143342690193,-0.7621035575866699,0.07304494082927704,4.994520233140793,5.999999999999999,0.0007304494082927703,0.03248432278633118,0.04742393642663956,0.04742393642663956,5.519410042822128,0.041207365691661835,0.0787414014339447,0.01717275008559227,30226.876953125,12529.466796875,17697.41015625,30211.1484375,12512.7763671875,17698.37109375,0.000520348665304482,0.001332094194367528,-5.4298197937896475e-05,0.0520348665304482,4.2412054464221,5.6100228034565225,4.150853788480163,4.8778436862537635,0.9129291960038239,0.515336028435267,0.07304494082927704,4.485481388866901,4.485481388866901,greedy,0.07304494082927704,0.0,hard_fault_cluster
144,N2580,control1,-0.5720059275627136,-1.6522010830044744,-2.62632440328598,1.4442876312136652,-1.0739307039529085,-0.5720059275627136,0.08312539756298065,5.353226415812969,5.070092153549194,0.0008312539756298065,0.05769416689872742,0.050138913094997406,0.050138913094997406,5.778281547278166,0.040887847542762756,0.07915869355201721,0.01560584083199501,30200.9921875,12500.6728515625,17700.3203125,30227.4609375,12537.140625,17690.3203125,-0.0008764198864810169,-0.002917264821007848,0.0005649615195579827,-0.08764198864810169,4.222049064934254,5.418334894776344,4.12210083194077,4.475691633820534,1.516155683994293,1.1964519058167933,0.08312539756298065,4.568606786429882,4.568606786429882,greedy,0.08312539756298065,0.0,hard_fault_cluster
145,N3911,control0,-0.7133686542510986,-3.629401607078034,-3.834201955795288,0.2062085442128592,-2.359111044600722,-0.7133686542510986,0.07387763261795044,2.103794071159791,4.484945130348205,0.0007387763261795044,0.032860249280929565,0.044270262122154236,0.044270262122154236,2.526891738547711,0.040362559258937836,0.07647188007831573,0.017431020736694336,30237.626953125,12549.54296875,17688.083984375,30214.83984375,12523.9755859375,17690.865234375,0.0007536011398769915,0.0020373158622533083,-0.00015723862452432513,0.07536011398769915,4.154403820633888,3.0068275027023628,4.06579289957881,2.9441541485534977,0.47358670653775325,0.6069928166689349,0.07387763261795044,4.6424844190478325,4.6424844190478325,greedy,0.07387763261795044,0.0,hard_fault_cluster
146,N8046,control0,-0.737659215927124,-2.955400634385878,-3.8989787817001336,0.22518594207591386,-1.9210104123508207,-0.737659215927124,0.06950666010379791,2.0869157787354196,4.309622192382812,0.0006950666010379791,0.03458067774772644,0.044880785048007965,0.044880785048007965,2.5684830471448366,0.04080074653029442,0.07782311737537384,0.01716551184654236,30214.720703125,12523.64453125,17691.076171875,30200.732421875,12509.439453125,17691.29296875,0.0004629624600056559,0.001134260674007237,-1.2254589819349349e-05,0.04629624600056559,4.194462098181248,2.750764246529434,4.108671514317393,2.560887022560928,0.6312974760774519,0.41256476376438467,0.06950666010379791,4.71199107915163,4.71199107915163,greedy,0.06950666010379791,0.0,hard_fault_cluster
147,N3722,control0,-0.749076783657074,-2.869798580894712,-3.944032216072082,0.19310458492254842,-1.865369077581563,-0.749076783657074,0.06675122678279877,1.9317287558107639,4.159462547302246,0.0006675122678279876,0.03595694899559021,0.04506221413612366,0.04506221413612366,2.503956940214848,0.041115663945674896,0.07874453067779541,0.017008811235427856,30200.8046875,12509.7900390625,17691.015625,30194.349609375,12502.626953125,17691.72265625,0.0002137386181857437,0.0005725984228774905,-3.996555460616946e-05,0.02137386181857437,4.223379835486412,2.734170962558128,4.13951975479722,2.7269114029267802,0.6362510346807537,0.3452884268993508,0.06675122678279877,4.778742305934429,4.778742305934429,greedy,0.06675122678279877,0.0,hard_fault_cluster
148,N8017,control0,-0.7537297606468201,-2.9114169870538174,-3.9611122131347654,0.17588617456727662,-1.8924210415849814,-0.7537297606468201,0.06565698981285095,1.9114064287452495,4.169656872749329,0.0006565698981285096,0.03904533386230469,0.04485296458005905,0.04485296458005905,2.529872665820294,0.04120334982872009,0.07973666489124298,0.01676710695028305,30194.3984375,12502.3173828125,17692.08203125,30193.732421875,12499.30078125,17694.431640625,2.2057589376345277e-05,0.00024128340010065585,-0.00013280569692142308,0.0022057589376345277,4.230844937264919,2.53667666828027,4.147962471470237,2.96909489547601,0.6271347989793865,0.32835072036599705,0.06565698981285095,4.84439929574728,4.84439929574728,greedy,0.06565698981285095,0.0,hard_fault_cluster
149,N2159,observe,-0.6251918077468872,-0.47208325527608397,-2.1487048685550687,0.026066556945443155,-0.3068541159294546,-0.6251918077468872,0.09975457191467285,0.40410454645752913,2.336753398180008,0.0009975457191467286,0.034176528453826904,0.0441097691655159,0.0441097691655159,0.15120680421590804,0.04190710932016373,0.07998476922512054,0.01747027412056923,30193.58203125,12499.4501953125,17694.130859375,30264.87109375,12583.423828125,17681.447265625,-0.0023610666394233704,-0.006718186195939779,0.0007168248994275928,-0.23610666394233704,4.334575273096561,0.6115300539135933,4.22667701728642,0.5718068066239357,-0.13161209970712667,-0.7155478648096325,0.09975457191467285,4.944153867661953,4.944153867661953,greedy,0.09975457191467285,0.0,hard_fault_cluster
150,N8021,control0,-0.7236272096633911,-5.380799488142948,-5.999999999999999,0.6192005118570524,-3.497519667292916,-0.7236272096633911,0.08119989931583405,3.7345892541838115,5.999999999999999,0.0008119989931583405,0.03327307105064392,0.04510950297117233,0.04510950297117233,5.012635948052921,0.04091715067625046,0.07874205708503723,0.017079520970582962,30265.044921875,12583.28515625,17681.759765625,30237.736328125,12544.294921875,17693.44140625,0.0009023146703839302,0.003098573535680771,-0.0006606605020351708,0.09023146703839302,4.218024469912052,3.6502039618778506,4.123292418196797,4.785031146554974,0.9001367551041759,0.5399955001741175,0.08119989931583405,5.025353766977787,5.025353766977787,greedy,0.08119989931583405,0.0,hard_fault_cluster
151,N8023,control0,-0.7538881301879883,-5.424510605492251,-5.999999999999999,0.5754893945077493,-3.5259318935699633,-0.7538881301879883,0.0753277987241745,3.655933097945672,5.999999999999999,0.000753277987241745,0.03590834140777588,0.045768603682518005,0.045768603682518005,4.862219576788266,0.0411757230758667,0.07931715250015259,0.01702168956398964,30237.7578125,12544.302734375,17693.455078125,30221.0859375,12524.1865234375,17696.8984375,0.0005513594951480627,0.0016036133747547865,-0.0001946120464708656,0.05513594951480627,4.238668709993362,3.5099514764858757,4.147846408188343,3.7281165641857656,0.7704431320482392,0.41371160402049945,0.0753277987241745,5.1006815657019615,5.1006815657019615,greedy,0.0753277987241745,0.0,hard_fault_cluster
152,N8025,control0,-0.7655137777328491,-5.448928395249095,-5.999999999999999,0.551071604750905,-3.541803456911912,-0.7655137777328491,0.07333801686763763,3.5963918912886585,5.999999999999999,0.0007333801686763763,0.037178605794906616,0.0461636483669281,0.0461636483669281,4.652345743341357,0.041391484439373016,0.0799785703420639,0.016936931759119034,30221.109375,12524.193359375,17696.916015625,30212.1328125,12512.85546875,17699.27734375,0.0002970295608974993,0.0009052791283465922,-0.00013343161845114082,0.029702956089749932,4.258650109171867,3.395171654256119,4.169023860245943,3.190359890492691,0.5731739331560668,0.2774257551660405,0.07333801686763763,5.174019582569599,5.174019582569599,greedy,0.07333801686763763,0.0,hard_fault_cluster
153,N1533,control1,-0.5521629452705383,-0.23737386774271726,-0.4808760672807693,0.17753343869000673,-0.15429301403276624,-0.5521629452705383,0.09186102449893951,0.9013950292021037,2.5944500923156735,0.0009186102449893951,0.05725967884063721,0.04974281042814255,0.04974281042814255,0.7919565960019826,0.04175454005599022,0.08053378760814667,0.015742797404527664,30199.888671875,12489.275390625,17710.61328125,30229.8828125,12529.3427734375,17700.541015625,-0.0009931870736181736,-0.0032081431709229946,0.0005687135271728039,-0.09931870736181736,4.317057840526104,1.4958292984962465,4.210854964330792,1.2198077821731568,0.31969548463821407,0.9914461450278756,0.09186102449893951,5.265880607068539,5.265880607068539,greedy,0.09186102449893951,0.0,hard_fault_cluster
154,N8027,control0,-0.7181761860847473,-5.416922974458503,-5.999999999999999,0.5830770255414973,-3.520999933398027,-0.7181761860847473,0.07878057658672333,3.682970382760323,5.999999999999999,0.0007878057658672333,0.032921165227890015,0.04430661350488663,0.04430661350488663,4.349183225027045,0.040708933025598526,0.07719528675079346,0.017510421574115753,30242.3046875,12552.9609375,17689.34375,30221.220703125,12528.25390625,17692.966796875,0.0006971685797907412,0.0019682233687490225,-0.00020481522369664162,0.06971685797907412,4.1939804926514626,5.389635160492762,4.101665100082755,5.389635160492762,0.9000256273226106,0.6099672418583933,0.07878057658672333,5.344661183655262,5.344661183655262,greedy,0.07878057658672333,0.0,hard_fault_cluster
155,N8011,control0,-0.7445920705795288,-5.414919815047833,-5.999999999999999,0.5850801849521668,-3.5196978797810914,-0.7445920705795288,0.07428567111492157,3.68583422136253,5.999999999999999,0.0007428567111492157,0.03467041254043579,0.04559232294559479,0.04559232294559479,4.566805770682804,0.041045840829610825,0.07844442129135132,0.017243973910808563,30221.24609375,12528.2607421875,17692.986328125,30208.3125,12514.5078125,17693.8046875,0.0004279636195860803,0.0010977524798363447,-4.625332076102495e-05,0.04279636195860803,4.224462077021599,5.425482268015184,4.1345535814762115,5.425482268015184,0.9000430857326129,0.5500791073213614,0.07428567111492157,5.418946854770184,5.418946854770184,greedy,0.07428567111492157,0.0,hard_fault_cluster
156,N8036,control0,-0.7562851905822754,-5.412511841467858,-5.999999999999999,0.5874881585321419,-3.5181326969541082,-0.7562851905822754,0.07316021621227264,3.5119865391683565,5.8014383792877195,0.0007316021621227264,0.03527176380157471,0.04634308069944382,0.04634308069944382,3.7352026904253943,0.041306499391794205,0.07931405305862427,0.017098169773817062,30208.33203125,12514.5126953125,17693.8203125,30202.7890625,12507.2646484375,17695.5234375,0.0001834913855418563,0.0005791713483631611,-9.625536040402949e-05,0.01834913855418563,4.250153236091137,5.295870057611465,4.16052576340735,5.295870057611465,0.8007584105682323,0.46590766693043356,0.07316021621227264,5.492107070982456,5.492107070982456,greedy,0.07316021621227264,0.0,hard_fault_cluster
157,N7370,control1,-0.6725313663482666,-5.403902483433485,-4.866633582115172,0.596097516566515,-3.5125366142317653,-0.6725313663482666,0.07506521046161652,3.6495822615921503,4.984779715538025,0.0007506521046161652,0.03564697504043579,0.04466511309146881,0.04466511309146881,3.7484312427788975,0.04024490714073181,0.07812528312206268,0.016441449522972107,30202.396484375,12507.033203125,17695.36328125,30185.966796875,12538.095703125,17647.87109375,0.000543986214324832,-0.002483602613210678,0.0026838774792850018,0.054398621432483196,4.1442210376262665,5.3059302517771725,4.0544232949614525,5.3059302517771725,0.9318773686885828,0.7631728670001026,0.07506521046161652,5.567172281444073,5.567172281444073,greedy,0.07506521046161652,0.0,hard_fault_cluster
158,N7694,control0,-0.7297343015670776,-4.459826371924719,-5.999999999999999,1.5401736280752811,-2.8988871417510675,-0.7297343015670776,0.06902053952217102,5.041576533537591,5.999999999999999,0.0006902053952217102,0.03598302602767944,0.04501369595527649,0.04501369595527649,5.481586932261125,0.04064388573169708,0.0774860829114914,0.016993340104818344,30185.78515625,12537.98046875,17647.8046875,30234.767578125,12556.751953125,17678.015625,-0.0016226982697844505,-0.0014971697237342596,-0.0017118807882070541,-0.16226982697844505,4.178422808647156,5.562656986860093,4.09289713203907,5.562656986860093,0.8306279474403702,0.2496863656281486,0.06902053952217102,5.636192820966244,5.636192820966244,greedy,0.06902053952217102,0.0,hard_fault_cluster
159,N8044,control0,-0.7555791735649109,-2.5425325467746007,-3.7824739456176752,0.289573089822079,-1.6526461554034906,-0.7555791735649109,0.06771790981292725,0.624138935629162,2.495950758457184,0.0006771790981292725,0.03765818476676941,0.04575447738170624,0.04575447738170624,0.5667469426195021,0.04090983420610428,0.0781046450138092,0.017080381512641907,30235.294921875,12557.076171875,17678.21875,30242.0703125,12550.044921875,17692.025390625,-0.00022408878430724144,0.0005599432624876499,-0.0007809972739778459,-0.022408878430724144,4.204455807805061,2.0937773766194003,4.119351517409086,2.487610846963944,-0.2122497017000569,-0.4300821439553695,0.06771790981292725,5.703910730779171,5.703910730779171,greedy,0.06771790981292725,0.0,hard_fault_cluster
160,N725,observe,-0.5403639674186707,0.1292965616998845,-0.5362468191131483,0.12992322054604302,0.08404276510492492,-0.5403639674186707,0.09042887389659882,0.6246007546476903,1.280996435880661,0.0009042887389659882,0.02791351079940796,0.043919309973716736,0.043919309973716736,0.33055685150407954,0.04350404068827629,0.08251386880874634,0.017065823078155518,30241.62109375,12549.41015625,17692.2109375,30264.9765625,12613.171875,17651.8046875,-0.0007722955197095871,-0.005080854054540396,0.002283843932673335,-0.07722955197095871,4.484752252697945,1.363589662341401,4.383991114795208,1.292666262416169,0.36988353214692327,0.30405671062762846,0.09042887389659882,5.79433960467577,5.79433960467577,greedy,0.09042887389659882,0.0,hard_fault_cluster
161,N5875,observe,-0.5905718207359314,-5.646768000125885,-5.999999999999999,0.353231999874115,-3.670399200081825,-0.5905718207359314,0.0836784839630127,3.1715887844562536,5.816164684295654,0.000836784839630127,0.031219512224197388,0.03690505027770996,0.03690505027770996,3.077992152571678,0.04445981979370117,0.08357261121273041,0.016926340758800507,30265.64453125,12614.3037109375,17651.341796875,30307.96484375,12607.796875,17700.16796875,-0.00139829539693892,0.0005158299463801086,-0.002766145160421729,-0.139829539693892,4.56656551361084,5.157691237926484,4.476127862930298,5.157691237926484,0.6569648742675775,0.5551111260801547,0.0836784839630127,5.8780180886387825,5.8780180886387825,greedy,0.0836784839630127,0.0,hard_fault_cluster
162,N502,control1,-0.5928606390953064,-5.668241042494774,-4.853205156326293,0.3317589575052263,-3.684356677621603,-0.5928606390953064,0.07102017104625702,3.2609120517969137,5.244106793403625,0.0007102017104625702,0.03435811400413513,0.043570660054683685,0.043570660054683685,4.3232109585404395,0.04127352684736252,0.07869778573513031,0.01661861687898636,30302.4609375,12601.0927734375,17701.3671875,30308.91015625,12632.4189453125,17676.4921875,-0.0002128282212652266,-0.0024859884288161993,0.0014052586629986763,-0.02128282212652266,4.2419435158371925,3.1353927695751187,4.156000392511487,2.393473800420761,0.3957654714584343,0.5189596159756178,0.07102017104625702,5.9490382596850395,5.9490382596850395,greedy,0.07102017104625702,0.0,hard_fault_cluster
163,N8009,control0,-0.6925079226493835,-5.6418006796389815,-5.999999999999999,0.3581993203610183,-3.667170441765338,-0.6925079226493835,0.06458967924118042,3.3175699722021825,5.999999999999999,0.0006458967924118042,0.03574386239051819,0.04371029883623123,0.04371029883623123,5.102687836699188,0.04134908318519592,0.07740099728107452,0.01731133833527565,30314.453125,12638.7607421875,17675.69140625,30354.935546875,12647.18359375,17707.751953125,-0.0013354165712371469,-0.0006664301618002355,-0.0018138213781639934,-0.13354165712371469,4.243208296597004,4.600662318021059,4.161983313038945,4.066522064954042,0.5468532592058175,0.06620237275957996,0.06458967924118042,6.01362793892622,6.01362793892622,greedy,0.06458967924118042,0.0,hard_fault_cluster
164,N6581,observe,-0.7298939228057861,-5.770385866165161,-5.999999999999999,0.22961413383483903,-3.750750813007355,-0.7298939228057861,0.06415970623493195,3.042030286788941,5.999999999999999,0.0006415970623493194,0.03657454252243042,0.0413668230175972,0.0413668230175972,5.137827258110047,0.04000069200992584,0.07152129709720612,0.018489062786102295,30353.98828125,12646.58203125,17707.40625,30433.58984375,12698.1943359375,17735.396484375,-0.0026224416214972734,-0.004081126768141985,-0.0015807077288627625,-0.26224416214972734,4.105595730245113,2.538996438980102,4.0264508333057165,2.4707973051071166,-0.1879192352294929,-0.22714750289917063,0.06415970623493195,6.077787645161152,6.077787645161152,greedy,0.06415970623493195,0.0,hard_fault_cluster
165,N513,control1,-0.6595032215118408,-5.609194182455539,-5.287770652770996,0.3908058175444605,-3.6459762185961004,-0.6595032215118408,0.06402875483036041,3.3874410375952726,5.457665634155273,0.0006402875483036041,0.045105576515197754,0.03999782353639603,0.03999782353639603,5.448696933835745,0.04086651653051376,0.0745464563369751,0.017906852066516876,30437.03125,12695.5732421875,17741.458984375,30361.130859375,12671.609375,17689.521484375,0.0024936858098953962,0.0018875766545534134,0.00292746489867568,0.24936858098953962,4.190678231418133,4.620492311120033,4.1126582976430655,4.453131051659584,0.7331761002540581,0.5851060315174977,0.06402875483036041,6.141816399991512,6.141816399991512,greedy,0.06402875483036041,0.0,hard_fault_cluster
166,N696,observe,-0.6062321662902832,-0.5694094889191912,-2.917953073978424,1.027666331049986,-0.3701161677974743,-0.6062321662902832,0.0926322191953659,4.753538687480614,5.669333219528198,0.0009263221919536591,0.03642013669013977,0.0403088703751564,0.0403088703751564,3.8133203878998754,0.04210206866264343,0.07469084858894348,0.019038740545511246,30358.5859375,12674.4169921875,17684.16796875,30412.4140625,12723.5234375,17688.890625,-0.00177307752892375,-0.0038744539488106966,-0.00026705561322160065,-0.177307752892375,4.343147955834866,4.046892640590667,4.243442138656974,5.841928622722626,2.1771994352340696,1.3101796329021451,0.0926322191953659,6.234448619186878,6.234448619186878,greedy,0.0926322191953659,0.0,hard_fault_cluster
167,N8038,control0,-0.7244125008583069,-5.481179957697168,-5.999999999999999,0.5188200423028321,-3.562766972503159,-0.7244125008583069,0.07332460582256317,3.5613358763512233,5.999999999999999,0.0007332460582256317,0.037664711475372314,0.042175404727458954,0.042175404727458954,5.424443845837377,0.041272684931755066,0.0749591737985611,0.018421895802021027,30412.970703125,12724.23046875,17688.740234375,30375.958984375,12665.408203125,17710.55078125,0.0012169715482741594,0.004622854292392731,-0.0012330187018960714,0.12169715482741594,4.242768503725529,5.435200181249528,4.156143495813012,4.689601865056901,0.6613150987774126,0.20044120023026987,0.07332460582256317,6.307773225009441,6.307773225009441,greedy,0.07332460582256317,0.0,hard_fault_cluster
168,N5160,observe,-0.6808927059173584,-5.627245490550995,-5.999999999999999,0.37275450944900534,-3.657709568858147,-0.6808927059173584,0.10416680574417114,3.3487596631050116,5.999999999999999,0.0010416680574417115,0.032569676637649536,0.044988736510276794,0.044988736510276794,5.41388369679451,0.041840605437755585,0.07489132881164551,0.019209183752536774,30375.07421875,12664.76171875,17710.3125,30367.748046875,12665.044921875,17702.703125,0.00024119025329127908,-2.2361504306900315e-05,0.0004296578699722886,0.024119025329127908,4.333216086030006,4.066768317222595,4.2213494293391705,4.704339270591736,0.6300257682800285,0.14733561307191773,0.10416680574417114,6.4119400307536125,6.4119400307536125,greedy,0.10416680574417114,0.0,hard_fault_cluster
169,N8040,control0,-0.7609891295433044,-5.413894118140451,-5.999999999999999,0.5861058818595485,-3.519031176791293,-0.7609891295433044,0.08461074531078339,3.6869823028566318,5.999999999999999,0.0008461074531078338,0.03416401147842407,0.046801596879959106,0.046801596879959106,4.341610179834534,0.04137081652879715,0.07603152096271515,0.0185098834335804,30368.6171875,12665.6591796875,17702.95703125,30337.462890625,12621.361328125,17716.1015625,0.0010258714901283383,0.0034974769223481417,-0.0007425048388540745,0.10258714901283383,4.2684939950704575,5.387897890536115,4.169934738427401,5.387897890536115,0.8975054873153561,0.3586400743853294,0.08461074531078339,6.496550776064396,6.496550776064396,greedy,0.08461074531078339,0.0,hard_fault_cluster
170,N8005,control0,-0.7883943319320679,-5.580181833091192,-5.999999999999999,0.41981816690880824,-3.627118191509275,-0.7883943319320679,0.07842975854873657,3.449610357661732,5.999999999999999,0.0007842975854873657,0.0363425612449646,0.04769761115312576,0.04769761115312576,5.504649321895558,0.04166736453771591,0.07762414216995239,0.018174897879362106,30337.498046875,12621.376953125,17716.12109375,30313.05078125,12593.17578125,17719.875,0.0008058431558310986,0.002234397456049919,-0.000211892111110501,0.08058431558310986,4.2928638234734535,5.579740238441154,4.198268296197057,5.579740238441154,0.8989609537646167,0.47932461994700065,0.07842975854873657,6.5749805346131325,6.5749805346131325,greedy,0.07842975854873657,0.0,hard_fault_cluster
171,N8052,control0,-0.8003514409065247,-5.580084883664967,-5.999999999999999,0.41991511633503276,-3.627055174382229,-0.8003514409065247,0.07698886096477509,3.449818106432213,5.999999999999999,0.0007698886096477508,0.03835850954055786,0.04818563163280487,0.04818563163280487,4.842022560780752,0.04186774045228958,0.0784926563501358,0.017930805683135986,30312.828125,12593.1103515625,17719.71875,30296.0390625,12573.939453125,17722.099609375,0.0005538599798455834,0.0015223323134705424,-0.00013436214067041874,0.055385997984558344,4.311948537826538,5.470709416561294,4.218067668378353,5.470709416561294,0.8995149504858992,0.47968471781583427,0.07698886096477509,6.651969395577908,6.651969395577908,greedy,0.07698886096477509,0.0,hard_fault_cluster
172,N620,control1,-0.5582119822502136,0.23500539585947994,0.033817699452629316,0.18685329928994182,0.15275350730866197,-0.5582119822502136,0.12063618004322052,1.128049631230533,1.3044930458068846,0.0012063618004322053,0.03195193409919739,0.042729564011096954,0.042729564011096954,-0.1905017186328769,0.04498817026615143,0.08406461775302887,0.018263448029756546,30295.6640625,12572.853515625,17722.810546875,30222.33203125,12571.0732421875,17651.2578125,0.0024205453228205442,0.0001415966107742861,0.0040373243391513824,0.24205453228205442,4.66218277066946,0.7995784544944764,4.539658462628722,0.8091800653934479,0.9240620344877242,0.9526595570181962,0.12063618004322052,6.772605575621128,6.772605575621128,greedy,0.12063618004322052,0.0,hard_fault_cluster
173,N8003,control0,-0.6942757964134216,-5.577128387577831,-5.999999999999999,0.4228716124221684,-3.6251334519255902,-0.6942757964134216,0.09293967485427856,3.4561534551903614,5.999999999999999,0.0009293967485427857,0.03376540541648865,0.046426765620708466,0.046426765620708466,5.510538109671325,0.042732760310173035,0.08144836127758026,0.017580661922693253,30223.03125,12572.265625,17650.765625,30231.44140625,12550.5361328125,17680.90625,-0.00027826978475786746,0.001728367293253541,-0.001707610092125833,-0.027826978475786746,4.4126424714922905,5.584102303460241,4.30811764113605,5.584102303460241,0.9164092138409607,0.4906659889966242,0.09293967485427856,6.865545250475407,6.865545250475407,greedy,0.09293967485427856,0.0,hard_fault_cluster
174,N7696,control0,-0.7456459999084473,-5.577880646325648,-5.999999999999999,0.4221193536743523,-3.625622420111671,-0.7456459999084473,0.08242811262607574,3.4545414721593266,5.999999999999999,0.0008242811262607574,0.035009682178497314,0.048862144351005554,0.048862144351005554,5.509087324943394,0.042250119149684906,0.08053253591060638,0.01756850630044937,30230.734375,12550.046875,17680.6875,30233.345703125,12537.396484375,17695.94921875,-8.637990686111152e-05,0.0010079954518005252,-0.0008631857926957309,-0.008637990686111152,4.356302171945572,5.583027648106217,4.257834479212761,5.583027648106217,0.9121105924248688,0.48787188507616447,0.08242811262607574,6.947973363101482,6.947973363101482,greedy,0.08242811262607574,0.0,hard_fault_cluster
175,N7698,control0,-0.7677567601203918,-5.572724365144968,-5.999999999999999,0.42727563485503217,-3.622270837344229,-0.7677567601203918,0.07820050418376923,3.4655906461179264,5.999999999999999,0.0007820050418376923,0.036301761865615845,0.0498543307185173,0.0498543307185173,5.519031581506133,0.042245738208293915,0.08067984879016876,0.017536059021949768,30233.3515625,12537.375,17695.9765625,30233.45703125,12529.17578125,17704.28125,-3.4884901651821565e-06,0.000653982104267925,-0.00046929807285778224,-0.00034884901651821565,4.352628655731678,5.590393764078616,4.256587529554963,5.590393764078616,0.9415750563144676,0.5070237866044037,0.07820050418376923,7.026173867285252,7.026173867285252,greedy,0.07820050418376923,0.0,hard_fault_cluster
176,N1351,observe,-0.7737458944320679,-5.660130664110183,-5.999999999999999,0.33986933588981644,-3.6790849316716194,-0.7737458944320679,0.07925663888454437,3.278291434049607,5.999999999999999,0.0007925663888454438,0.034422099590301514,0.047159165143966675,0.047159165143966675,5.3504622906446455,0.040512241423130035,0.07450507581233978,0.01846501976251602,30232.83984375,12528.1796875,17704.66015625,30336.513671875,12604.138671875,17732.375,-0.00342917931266129,-0.006063050590455532,-0.001565398182719946,-0.342917931266129,4.177639946341515,5.465527622699738,4.082828093320131,5.465527622699738,0.4421104907989495,0.18237181901931693,0.07925663888454437,7.105430506169796,7.105430506169796,greedy,0.07925663888454437,0.0,hard_fault_cluster
177,N7700,control0,-0.7750939130783081,-5.577055447772145,-5.999999999999999,0.42294455222785493,-3.6250860410518944,-0.7750939130783081,0.07549138367176056,3.456309754773975,5.999999999999999,0.0007549138367176056,0.03550553321838379,0.04873528331518173,0.04873528331518173,5.510678779296577,0.04151194542646408,0.07755698263645172,0.018129408359527588,30337.26171875,12605.3359375,17731.92578125,30292.9921875,12567.349609375,17725.642578125,0.0014592461520805955,0.0030135116539895535,0.0003543440834619105,0.14592461520805955,4.27542120963335,5.584206503182649,4.182251209393144,5.584206503182649,0.9168260127305977,0.4909369082748883,0.07549138367176056,7.1809218898415565,7.1809218898415565,greedy,0.07549138367176056,0.0,hard_fault_cluster
178,N5735,observe,-0.7132636308670044,-5.611153182983398,-5.999999999999999,0.38884681701660173,-3.647249568939209,-0.7132636308670044,0.10468415915966034,3.383243179321289,5.999999999999999,0.0010468415915966035,0.03293716907501221,0.04952012002468109,0.04952012002468109,5.44491886138916,0.042061544954776764,0.07674644887447357,0.019189659506082535,30292.5859375,12566.8798828125,17725.70703125,30322.18359375,12603.4140625,17718.76953125,-0.0009770593605935574,-0.0029071797616779804,0.00039138071588240564,-0.09770593605935574,4.360358774662018,5.535495452880859,4.244705565273762,5.535495452880859,0.7219818115234368,0.3642881774902337,0.10468415915966034,7.285606049001217,7.285606049001217,greedy,0.10468415915966034,0.0,hard_fault_cluster
179,N6660,observe,-0.8462682366371155,-5.6603833985328675,-5.999999999999999,0.33961660146713274,-3.679249209046364,-0.8462682366371155,0.08149386942386627,3.277749860286713,5.999999999999999,0.0008149386942386627,0.030110567808151245,0.04463893175125122,0.04463893175125122,3.6168011343479156,0.04087904840707779,0.0748605877161026,0.0186319500207901,30322.609375,12603.927734375,17718.681640625,30406.3203125,12637.8828125,17768.4375,-0.002760677132755518,-0.002694007707759738,-0.0028081017080694437,-0.2760677132755518,4.214037641882896,5.179702663421631,4.119438041001558,5.179702663421631,0.44066629409789965,0.18143309116363454,0.08149386942386627,7.367099918425083,7.367099918425083,greedy,0.08149386942386627,0.0,hard_fault_cluster
180,N3124,control1,-0.6797298192977905,-1.7422602167725565,-2.668992900848388,1.5933580407500265,-1.1324691409021617,-0.6797298192977905,0.09387186169624329,5.496336583793163,5.999999999999999,0.0009387186169624328,0.031213074922561646,0.0468083992600441,0.0468083992600441,5.665018941611052,0.04038820043206215,0.07066066563129425,0.020106591284275055,30406.80859375,12637.6015625,17769.20703125,30365.109375,12629.8076171875,17735.30078125,0.0013713777298107743,0.0006167266401462257,0.0019081465434283018,0.13713777298107743,4.179500304162502,3.4552993303537365,4.073990108445287,2.8458473688364028,1.1965047478675837,1.3793617466837162,0.09387186169624329,7.4609717801213264,7.4609717801213264,greedy,0.09387186169624329,0.0,hard_fault_cluster
181,N632,control1,-0.7695128321647644,-2.2715628096461296,-3.503806018829345,0.1624457886815071,-1.4765158262699842,-0.7695128321647644,0.07067053020000458,2.207590653002262,4.467405676841736,0.0007067053020000458,0.031512707471847534,0.04172731935977936,0.04172731935977936,2.449750647693872,0.0377006009221077,0.06648576259613037,0.019545558840036392,30361.03125,12625.84375,17735.1875,30352.88671875,12629.4443359375,17723.44140625,0.00026825608802028,-0.00028517586179077625,0.0006623044610023499,0.026825608802028,3.8824579417705536,1.5528319901227952,3.7981595546007156,1.3411914294958114,0.5190156698226926,0.2876688507199283,0.07067053020000458,7.531642310321331,7.531642310321331,greedy,0.07067053020000458,0.0,hard_fault_cluster
182,N626,control1,-0.603593647480011,-5.574401612728834,-4.831860637664795,0.425598387271166,-3.623361048273742,-0.603593647480011,0.08827929198741913,3.461996544152499,4.805995273590087,0.0008827929198741913,0.029771775007247925,0.035807229578495026,0.035807229578495026,4.050766958668828,0.04092733561992645,0.07096043229103088,0.019688162952661514,30356.80078125,12633.1455078125,17723.654296875,30242.947265625,12595.923828125,17647.0234375,0.0037505109794437885,0.002946350956335664,0.004323648754507303,0.37505109794437885,4.216820083558559,5.346698648631572,4.123755192384124,5.346698648631572,0.9319907844066613,0.760510077811777,0.08827929198741913,7.61992160230875,7.61992160230875,greedy,0.08827929198741913,0.0,hard_fault_cluster
183,N640,control1,-0.733173668384552,-5.693555256724357,-4.992598700523375,0.3064447432756426,-3.7008109168708323,-0.733173668384552,0.06237007677555084,3.2066673070192344,5.179622411727904,0.0006237007677555084,0.03172945976257324,0.035733193159103394,0.035733193159103394,5.286000576317311,0.037145040929317474,0.06482304632663727,0.01930982992053032,30239.201171875,12592.388671875,17646.8125,30257.861328125,12602.310546875,17655.55078125,-0.000617084966506809,-0.000787926372140646,-0.0004951761802658439,-0.0617084966506809,3.8126073628664017,3.965336703062057,3.739029910415411,3.416149042844772,0.2511128187179558,0.3106043714284892,0.06237007677555084,7.682291679084301,7.682291679084301,greedy,0.06237007677555084,0.0,hard_fault_cluster
184,N7424,control1,0.11938901990652084,2.160440861284733,0.921792620420456,1.0900666108727455,1.4042865598350764,0.11938901990652084,-0.0040191709995269775,5.535639481246472,4.438427120447158,-4.019170999526977e-05,0.327394038438797,0.07369333505630493,-0.0040191709995269775,6.324516068547964,0.03494923189282417,0.09400232136249542,0.008513931185007095,30261.765625,12606.8427734375,17654.921875,30131.39453125,12547.5009765625,17583.89453125,0.004308112431317568,0.0047071101143956184,0.0040230900049209595,0.4308112431317568,3.5645973533391953,2.4350028286874292,3.512341730296612,2.0869277964532373,2.894135697185993,2.1235167593508955,-0.0040191709995269775,7.678272508084774,7.678272508084774,greedy,-0.0040191709995269775,0.0,hard_fault_cluster
185,N638,control1,0.2504296600818634,2.161191034466028,1.3781374573707579,0.7509497882425784,1.4047741724029181,0.2504296600818634,0.015428945422172546,3.6666667476296424,2.827376741170883,0.00015428945422172547,0.330643892288208,0.0742187425494194,0.015428945422172546,4.049497812092304,0.035013459622859955,0.09576433897018433,0.008800037205219269,30130.76953125,12546.0302734375,17584.73828125,30088.54296875,12524.4970703125,17564.044921875,0.0014014432672411203,0.001716336002573371,0.0011767795076593757,0.14014432672411203,3.5909936502575874,2.329997479319572,3.5237578842788935,1.8883430355787276,2.269060111045837,1.815845318585634,0.015428945422172546,7.693701453506947,7.693701453506947,greedy,0.015428945422172546,0.0,hard_fault_cluster
186,N634,control1,0.32677626609802246,1.7067388448119163,1.1424993395805358,0.5384633693099021,1.1093802491277456,0.32677626609802246,0.029704689979553223,2.4240395233035086,1.88757164478302,0.0002970468997955322,0.3339129388332367,0.07375553250312805,0.029704689979553223,2.570854837745428,0.03498179465532303,0.09680463373661041,0.008940745145082474,30088.685546875,12524.650390625,17564.03515625,30064.064453125,12507.333984375,17556.73046875,0.0008182841120287776,0.001382585964165628,0.0004158889059908688,0.08182841120287776,3.601639688014984,1.7934211112558842,3.524044521152973,1.4821925975382328,1.654202900826931,1.4264519594609737,0.029704689979553223,7.7234061434865,7.7234061434865,greedy,0.029704689979553223,0.0,hard_fault_cluster
187,N516,control1,0.2859872281551361,0.4303565543144941,1.055828332901001,0.4303565543144941,0.27973176030442115,0.2859872281551361,0.027112126350402832,1.2882696505635975,1.4698174715042114,0.0002711212635040283,0.33619362115859985,0.07246784120798111,0.027112126350402832,1.101996039710939,0.03397829085588455,0.09701356291770935,0.008263755589723587,30064.640625,12505.341796875,17559.298828125,30068.55859375,12487.5234375,17581.03515625,-0.0001303181634284556,0.0014248598599806428,-0.0012378813698887825,-0.013031816342845559,3.497409053146839,0.45446631383150815,3.422724077478051,0.36145940493792295,0.4889852911233902,1.1354720602184534,0.027112126350402832,7.750518269836903,7.750518269836903,greedy,0.027112126350402832,0.0,hard_fault_cluster
188,N519,control1,0.26619264483451843,0.49086392179131505,1.3094861850142478,0.3734835262596607,0.3190615491643548,0.26619264483451843,0.02963714301586151,1.270203210785985,1.4086987614631652,0.00029637143015861513,0.33856871724128723,0.07160859555006027,0.02963714301586151,1.1926101209595799,0.03360597416758537,0.09731641411781311,0.00800623744726181,30069.599609375,12488.197265625,17581.40234375,30067.46875,12477.3359375,17590.1328125,7.086424011504278e-05,0.000869727460667491,-0.0004965740954503417,0.007086424011504278,3.461843155324459,0.608747689947486,3.3859088514000177,0.5185106685012579,0.5830128729343415,1.2524865773692728,0.02963714301586151,7.780155412852764,7.780155412852764,greedy,0.02963714301586151,0.0,hard_fault_cluster
189,N7408,control0,0.2718425691127777,1.4971844226121902,2.668083119392395,0.31015844434499745,0.9731698746979237,0.2718425691127777,0.026343680918216705,1.4191851019859314,2.5766027212142943,0.00026343680918216705,0.34173426032066345,0.0689062550663948,0.026343680918216705,1.474369313120842,0.033107906579971313,0.0966709554195404,0.007560506463050842,30066.49609375,12479.765625,17586.73046875,29951.404296875,12403.427734375,17547.9765625,0.003827908542007208,0.006116933189332485,0.002203587908297777,0.3827908542007208,3.406040593981743,1.3622327664494516,3.3346031419932842,0.9344751456379891,1.398794385790825,2.6114491318166255,0.026343680918216705,7.806499093770981,7.806499093770981,greedy,0.026343680918216705,0.0,hard_fault_cluster
190,N7847,control0,0.24959999322891235,0.9414801176986657,0.7273425042629242,0.268493133445736,0.6119620765041327,0.24959999322891235,0.02224276214838028,0.9667305034550372,0.7477864503860473,0.0002224276214838028,0.3438055217266083,0.06672950088977814,0.02224276214838028,0.9320029523246922,0.032665401697158813,0.09576348960399628,0.007176924496889114,29951.333984375,12403.291015625,17548.04296875,29891.30859375,12364.296875,17527.01171875,0.0020040974486619234,0.0031438544392585754,0.0011984955053776503,0.20040974486619234,3.3555124327540398,0.250676703461213,3.288783235475421,0.2381335280917119,0.9136961012729443,0.8244840705912793,0.02224276214838028,7.828741855919361,7.828741855919361,greedy,0.02224276214838028,0.0,hard_fault_cluster
191,N679,observe,0.297040730714798,2.8128307491540907,1.7633915081620215,0.41748337239027017,1.828339986950159,0.297040730714798,0.010174393653869629,1.4467912769317626,1.2410597920417785,0.00010174393653869629,0.34285885095596313,0.06195922940969467,0.010174393653869629,1.206465852856636,0.033352430909872055,0.0950530469417572,0.00771661102771759,29891.669921875,12364.099609375,17527.5703125,30023.8359375,12471.609375,17552.2265625,-0.004421500023454428,-0.008695317432284355,-0.0014067123411223292,-0.44215000234544277,3.40737671405077,1.418158947825432,3.3532764967530966,1.078737913966179,1.472690784931183,1.2238907395525167,0.010174393653869629,7.838916249573231,7.838916249573231,greedy,0.010174393653869629,0.0,hard_fault_cluster
192,N7852,control0,0.2590336501598358,1.323437650501728,0.9326786994934081,0.27345530018210407,0.8602344728261232,0.2590336501598358,0.012126922607421875,1.1171094077825545,0.7556846141815184,0.00012126922607421875,0.34287893772125244,0.06282270699739456,0.012126922607421875,1.0999027994275092,0.032742276787757874,0.09447962045669556,0.007262412458658218,30023.361328125,12471.73046875,17551.630859375,29935.17578125,12401.4423828125,17533.734375,0.0029372309800237417,0.005635792389512062,0.0010196479270234704,0.29372309800237417,3.349177308380604,0.40765994489192964,3.2929650861769915,0.3073495075106621,1.1891078680753708,0.9618213289231062,0.012126922607421875,7.851043172180653,7.851043172180653,greedy,0.012126922607421875,0.0,hard_fault_cluster
193,N706,observe,0.2955739200115204,3.5253953382372853,1.8989756271243092,0.8079981358349324,2.2915069698542356,0.2955739200115204,0.004735082387924194,2.709298942312598,1.6264545202255247,4.735082387924194e-05,0.3419695198535919,0.059324219822883606,0.004735082387924194,2.323495939150453,0.03336196020245552,0.09404356777667999,0.007749851793050766,29935.244140625,12401.12109375,17534.123046875,30041.359375,12488.0859375,17553.2734375,-0.0035448260605335236,-0.0070126596838235855,-0.0010921783978119493,-0.35448260605335236,3.40025532245636,1.2183759511262178,3.352210845798254,1.2180989087373018,2.088448341935873,1.5040586157962206,0.004735082387924194,7.855778254568577,7.855778254568577,greedy,0.004735082387924194,0.0,hard_fault_cluster
194,N7473,control0,0.24385252594947815,1.499642664566636,0.9333308577537536,0.2564186361059546,0.9747677319683135,0.24385252594947815,0.008762046694755554,1.0357289376668632,0.6763335824012756,8.762046694755554e-05,0.3412584364414215,0.0614282563328743,0.008762046694755554,1.0052234291657804,0.03269919008016586,0.09357097744941711,0.007228359580039978,30040.962890625,12488.08984375,17552.873046875,29956.50390625,12417.0654296875,17539.439453125,0.0028114605229347944,0.005687372293323278,0.0007653216598555446,0.28114605229347944,3.340109311044216,0.3285995951481164,3.2874665837734938,0.3013975328393281,1.2903361156582833,0.8986566204018892,0.008762046694755554,7.864540301263332,7.864540301263332,greedy,0.008762046694755554,0.0,hard_fault_cluster
195,N719,observe,0.28975096344947815,2.9796137519180776,1.8005294978618622,0.7272746943682432,1.9367489387467505,0.28975096344947815,0.00370652973651886,1.9337692577019334,0.9984656631946563,3.7065297365188596e-05,0.3401689827442169,0.05844544619321823,0.00370652973651886,1.470526002421975,0.03342690318822861,0.09349782764911652,0.007765591144561768,29956.9921875,12417.1064453125,17539.884765625,30051.546875,12496.3115234375,17555.234375,-0.0031563478987663984,-0.00637870654463768,-0.0008751259883865714,-0.31563478987663984,3.404842294752598,1.2811125780269503,3.358228312805295,1.1064975525066256,1.5423873249441384,1.2294294492714106,0.00370652973651886,7.868246830999851,7.868246830999851,greedy,0.00370652973651886,0.0,hard_fault_cluster
196,N703,observe,0.3000412881374359,4.4133800684765445,3.0276896238327025,0.6634749274997738,2.868697044509754,0.3000412881374359,0.0017984956502914429,2.68368245773745,1.4856409907341002,1.798495650291443e-05,0.33799389004707336,0.05675487965345383,0.0017984956502914429,2.4375739287753824,0.033604566007852554,0.09299667179584503,0.007948219776153564,30051.662109375,12496.515625,17555.146484375,30097.79296875,12534.2392578125,17563.5546875,-0.0015350518515333533,-0.0030187321826815605,-0.0004789594386238605,-0.15350518515333533,3.4190099760890007,1.3800635700937711,3.3750949446111917,1.3773900633570157,2.6107799349614655,1.9326828071924687,0.0017984956502914429,7.870045326650143,7.870045326650143,greedy,0.0017984956502914429,0.0,hard_fault_cluster
197,N7472,control0,0.2437049299478531,2.5815978391096,3.6129795789718626,0.26608584525063633,1.67803859542124,0.2437049299478531,0.0068487077951431274,1.2831686242204159,0.7562832534313202,6.848707795143128e-05,0.3377184271812439,0.05996210128068924,0.0068487077951431274,1.2359708434157073,0.032981179654598236,0.09290435910224915,0.0074005648493766785,30096.66796875,12533.5390625,17563.12890625,29998.29296875,12448.33203125,17549.9609375,0.0032686342019587755,0.006798321846872568,0.0007497507031075656,0.32686342019587755,3.364928774535656,0.45692147818394,3.3148206677287817,0.45679546651430425,1.73031412884593,2.0732247561682016,0.0068487077951431274,7.876894034445286,7.876894034445286,greedy,0.0068487077951431274,0.0,hard_fault_cluster
198,N705,observe,0.2895221412181854,3.566622993745841,2.145983785390854,0.8427208131342195,2.3183049459347966,0.2895221412181854,0.0035740286111831665,3.0354481559677513,1.730768722295761,3.574028611183166e-05,0.33722352981567383,0.057334862649440765,0.0035740286111831665,2.6915004763880277,0.03372310474514961,0.09298212826251984,0.007915832102298737,29999.4296875,12449.0048828125,17550.423828125,30074.693359375,12513.349609375,17561.34375,-0.0025088367983698845,-0.0051686642691493034,-0.0006222027586773038,-0.25088367983698845,3.433219365775585,2.150801788120298,3.3875376973301172,1.6463681562233252,2.306440737342928,1.7352910361910474,0.0035740286111831665,7.880468063056469,7.880468063056469,greedy,0.0035740286111831665,0.0,hard_fault_cluster
199,N723,observe,0.3009425103664398,3.577883914858103,2.391656392812729,0.6408249833434819,2.325624544657767,0.3009425103664398,0.004676640033721924,2.635433709062636,1.528182142972946,4.676640033721924e-05,0.33555951714515686,0.055675677955150604,0.004676640033721924,2.4600989824160933,0.03393508493900299,0.09249350428581238,0.008086465299129486,30074.59765625,12513.25,17561.34765625,30111.1953125,12542.75390625,17568.44140625,-0.0012168959947302938,-0.002357813296839595,-0.00040394108509644866,-0.12168959947302938,3.4538608118891716,1.2927735961601137,3.408596573397517,1.2934867657348512,2.3082857612520455,1.7349307032860815,0.004676640033721924,7.885144703090191,7.885144703090191,greedy,0.004676640033721924,0.0,hard_fault_cluster
200,N7542,control0,0.24398785829544067,2.3278089597821237,2.559033417701721,0.23756026551127432,1.5130758238583804,0.24398785829544067,0.007252722978591919,1.1791239569336176,0.729520732164383,7.25272297859192e-05,0.3357323706150055,0.05920858681201935,0.007252722978591919,1.1400030113756656,0.03328748047351837,0.0926131010055542,0.007521465420722961,30110.89453125,12543.029296875,17567.865234375,30011.27734375,12456.2578125,17555.01953125,0.0033083437010645866,0.0069179050624370575,0.0007312045781873167,0.33083437010645866,3.3952093571424484,0.7171967937797308,3.34536337479949,0.6728769256919622,1.5164111375808718,1.526651795427315,0.007252722978591919,7.892397426068783,7.892397426068783,greedy,0.007252722978591919,0.0,hard_fault_cluster
201,N712,observe,0.29201915860176086,4.559344591200352,2.8249980747699737,0.9623659025132656,2.963573984280229,0.29201915860176086,0.0054598599672317505,3.3228374517709014,1.7673181235790252,5.459859967231751e-05,0.33548200130462646,0.05666813254356384,0.0054598599672317505,2.9100093336403368,0.034007634967565536,0.09276123344898224,0.008033819496631622,30011.46484375,12455.9619140625,17555.501953125,30082.3671875,12516.1640625,17566.203125,-0.0023625085595995188,-0.0048331995494663715,-0.0006095622666180134,-0.23625085595995188,3.4628914892673492,2.055103994235396,3.4162954948842525,1.6622958549112081,2.744794685393572,2.02530236389488,0.0054598599672317505,7.897857286036015,7.897857286036015,greedy,0.0054598599672317505,0.0,hard_fault_cluster
202,N722,observe,0.30696901679039,4.295150782167912,3.6978925228118893,0.7307398818433284,2.791848008409143,0.30696901679039,0.006962522864341736,2.8920257204025983,3.1928814291954035,6.962522864341736e-05,0.3341674506664276,0.05521407723426819,0.006962522864341736,2.642282385677099,0.03418540582060814,0.09249405562877655,0.008211497217416763,30082.478515625,12516.21484375,17566.263671875,30117.3828125,12543.74609375,17573.63671875,-0.0011602865997701883,-0.0021996465511620045,-0.0004197276721242815,-0.11602865997701883,3.480717182159424,1.5074714336544275,3.4340847320854664,1.4573004756122827,2.6412873797118666,3.20448091622442,0.006962522864341736,7.904819808900356,7.904819808900356,greedy,0.006962522864341736,0.0,hard_fault_cluster
203,N714,observe,0.3166782855987549,2.266651355428621,1.8380990624427795,0.2092175800027326,1.4733233810286037,0.3166782855987549,0.008543387055397034,1.431194958044216,0.9922492742538451,8.543387055397034e-05,0.3333193361759186,0.054255589842796326,0.008543387055397034,1.5294900639355182,0.03429790586233139,0.09211722016334534,0.008311338722705841,30117.26171875,12543.70703125,17573.5546875,30135.478515625,12557.681640625,17577.796875,-0.0006048623472452164,-0.0011140733258798718,-0.00024139609013218433,-0.06048623472452164,3.4925895631313324,1.2116929011791944,3.4454903304576874,1.1132479029148816,1.6064299263060093,1.317274453751743,0.008543387055397034,7.913363195955753,7.913363195955753,greedy,0.008543387055397034,0.0,hard_fault_cluster
204,N555,control1,0.23109255731105804,1.5777198776602743,2.8038388967514036,0.2511408521234989,1.0255179204791784,0.23109255731105804,0.012877807021141052,1.2551254585385323,1.797529101371765,0.00012877807021141052,0.3322826325893402,0.05822617560625076,0.012877807021141052,1.2871955373883248,0.0332491472363472,0.09169299900531769,0.007633563131093979,30136.515625,12556.68359375,17579.83203125,30114.806640625,12522.568359375,17592.23828125,0.0007203548448160291,0.002716898452490568,-0.0007057092734612525,0.07203548448160291,3.3960187062621117,0.6715522131323814,3.342690719291568,0.6031777879595757,1.1708412319421768,2.0938711021468044,0.012877807021141052,7.926241002976894,7.926241002976894,greedy,0.012877807021141052,0.0,hard_fault_cluster
205,N729,observe,0.3157094419002533,3.8243187136948107,3.585733652114868,0.6028417145460844,2.485807163901627,0.3157094419002533,0.013289541006088257,2.423425823934376,2.942689204216003,0.00013289541006088256,0.3335152268409729,0.05578260123729706,0.013289541006088257,2.216748020723462,0.03411275893449783,0.09237338602542877,0.008220229297876358,30113.94921875,12523.5478515625,17590.40234375,30124.859375,12542.6875,17582.171875,-0.00036229577381163836,-0.0015282927779480815,0.00046789541374891996,-0.036229577381163836,3.4803480356931686,1.6282308306917548,3.4285439290106297,1.5060520973429083,2.34089056737721,2.9288254491426056,0.013289541006088257,7.939530543982983,7.939530543982983,greedy,0.013289541006088257,0.0,hard_fault_cluster
206,N734,observe,0.3319403827190399,1.800035809725523,3.1200847864150996,0.13795299835503105,1.1700232763215899,0.3319403827190399,0.013532251119613647,1.2513256829231978,2.5826900601387024,0.00013532251119613648,0.33278119564056396,0.05480429530143738,0.013532251119613647,1.4792619387060404,0.03422835096716881,0.09204800426959991,0.00833183154463768,30124.798828125,12542.65234375,17582.146484375,30137.72265625,12553.7490234375,17583.974609375,-0.0004290096112526953,-0.0008847155841067433,-0.00010397621372248977,-0.04290096112526953,3.491171643137932,1.1757061443850398,3.4399192333221436,1.1699868999049068,1.4403903100639581,2.659463040176779,0.013532251119613647,7.953062795102596,7.953062795102596,greedy,0.013532251119613647,0.0,hard_fault_cluster
207,N630,control1,0.3121720552444458,1.2152060908824205,2.356436038017273,0.3204113883525133,0.7898839590735733,0.3121720552444458,0.028710223734378815,1.5630343221127987,1.4477093458175658,0.00028710223734378814,0.33257392048835754,0.058695897459983826,0.028710223734378815,1.711196431815624,0.03451143950223923,0.09225486218929291,0.008591864258050919,30137.650390625,12553.369140625,17584.28125,30096.46484375,12513.2587890625,17583.20703125,0.001366581185720861,0.0031951861456036568,6.108971865614876e-05,0.1366581185720861,3.5385500714182854,1.1392860248684884,3.4729954805225134,1.2076759174466134,1.1904812067747117,1.8352523272484542,0.028710223734378815,7.981773018836975,7.981773018836975,greedy,0.028710223734378815,0.0,hard_fault_cluster
208,N699,observe,0.3794073164463043,1.5132509596645831,2.656063735485077,0.3316214966028928,0.9836131237819791,0.3794073164463043,0.02215665578842163,1.0878945814445615,2.288098454475403,0.0002215665578842163,0.3341118097305298,0.05561158061027527,0.02215665578842163,0.9477664614468813,0.03481993451714516,0.09283824265003204,0.008847709745168686,30096.84765625,12513.927734375,17582.919921875,30103.841796875,12526.673828125,17577.16796875,-0.0002323878143215552,-0.0010185525752604008,0.0003271329915151,-0.02323878143215552,3.5597616881132126,0.9497531061992048,3.50143551081419,1.1395574636757373,0.97353943772614,2.33385299699381,0.02215665578842163,8.003929674625397,8.003929674625397,greedy,0.02215665578842163,0.0,hard_fault_cluster
209,N6682,observe,0.3617617189884186,2.049805329181254,3.308223438262939,0.15287380790337918,1.332373463967815,0.3617617189884186,0.018973790109157562,1.2575586027465762,2.5170893430709835,0.0001897379010915756,0.3330303132534027,0.053911708295345306,0.018973790109157562,1.3975461090542376,0.03460144251585007,0.09202022850513458,0.008643053472042084,30103.517578125,12526.779296875,17576.73828125,30137.92578125,12550.3359375,17587.58984375,-0.0011429961305111647,-0.0018805025611072779,-0.0006173820584081113,-0.11429961305111647,3.5330297499895096,1.2012756483536213,3.4783656261861324,1.209986271141097,1.4833148733712733,2.8836192908743397,0.018973790109157562,8.022903464734554,8.022903464734554,greedy,0.018973790109157562,0.0,hard_fault_cluster
210,N6658,observe,-0.3723169267177582,-1.9549177491664884,-1.5804403662681579,-0.5294606804847715,-1.2706965369582175,-0.3723169267177582,0.048625603318214417,1.1950754404067996,4.178658914566039,0.00048625603318214417,0.14234250783920288,-0.02106972597539425,-0.02106972597539425,-1.4595023036003112,0.027630507946014404,0.0639624372124672,0.0049689412117004395,30137.88671875,12550.33203125,17587.5546875,30356.2890625,12632.1142578125,17724.173828125,-0.007246770430356264,-0.006516339723020792,-0.007767944131046534,-0.7246770430356264,2.7906066719442606,-3.8527774637937546,2.7699397639371455,-3.606907350420952,-0.2921069860458375,-0.15146408498287223,0.048625603318214417,8.071529068052769,8.071529068052769,greedy,0.048625603318214417,0.0,hard_fault_cluster
211,N7442,control0,-0.22141703963279724,-0.04051314622163768,-0.38395031988620754,0.21617374986410146,-0.02633354504406449,-0.22141703963279724,0.1068238914012909,1.7103364281356335,2.8467558860778808,0.001068238914012909,0.1582479029893875,-0.04011041671037674,-0.04011041671037674,-1.172716958373785,0.020904798060655594,0.06825138628482819,0.005009062588214874,30356.5859375,12632.4794921875,17724.10546875,30211.66796875,12550.265625,17661.40234375,0.0047738561406731606,0.006508133839815855,0.0035377314779907465,0.47738561406731606,2.1571932807564735,-2.961772513091564,2.107158174738288,-3.468368839919567,0.38839713484048843,0.3699770525284112,0.1068238914012909,8.17835295945406,8.17835295945406,greedy,0.1068238914012909,0.0,hard_fault_cluster
212,N3681,control0,-0.20257264375686646,-0.12422346651554106,-1.9891864269971846,0.14604285776615145,-0.08074525323510169,-0.20257264375686646,0.10820131003856659,1.2417642243206501,3.058867931365967,0.0010820131003856659,0.15745198726654053,-0.03863491863012314,-0.03863491863012314,-1.83418249681592,0.020397033542394638,0.06959465146064758,0.002571217715740204,30204.96875,12538.4697265625,17666.5,30128.818359375,12492.908203125,17635.91015625,0.00252112140879035,0.0036337387282401323,0.0017315169097855687,0.252112140879035,2.1092697456479073,-2.846891881227493,2.0570949520915747,-3.0076615822315214,0.26298225075006487,0.06593846298754193,0.10820131003856659,8.286554269492626,8.286554269492626,greedy,0.10820131003856659,0.0,hard_fault_cluster
213,N7422,observe,-0.42386898398399353,-0.48523859485983845,-0.8709954142570495,0.38489486470818524,-0.315405086658895,-0.42386898398399353,0.08881621062755585,3.0552668392658235,4.702129936218261,0.0008881621062755585,0.15935488045215607,-0.036375634372234344,-0.036375634372234344,-0.9484326174855233,0.020777486264705658,0.06850077211856842,0.0023255646228790283,30135.76953125,12504.9501953125,17630.818359375,30295.515625,12580.94921875,17714.56640625,-0.005300879944115877,-0.006077514961361885,-0.004750093910843134,-0.5300879944115877,2.1301892027258873,-6.476015047430992,2.090858770534396,-6.476015047430992,0.2253373235464094,0.47488317243754835,0.08881621062755585,8.375370480120182,8.375370480120182,greedy,0.08881621062755585,0.0,hard_fault_cluster
214,N649,control1,-0.18328052759170532,0.49263095557689673,0.7391060233116149,0.027215699255466505,0.32021012112498287,-0.18328052759170532,0.11215279996395111,1.130529808998108,1.3081961274147031,0.0011215279996395111,0.1723940074443817,-0.030485158786177635,-0.030485158786177635,0.29599245204881297,0.021439190953969955,0.07006581127643585,0.004545167088508606,30295.0390625,12579.53125,17715.5078125,30153.119140625,12511.119140625,17642.0,0.004684592597186565,0.005438367370516062,0.004149348475039005,0.46845925971865654,2.225586736574769,-0.3806180943547952,2.164336005691439,-0.3807113756238687,1.1021900594234466,1.036702144294977,0.11215279996395111,8.487523280084133,8.487523280084133,greedy,0.11215279996395111,0.0,hard_fault_cluster
215,N642,control1,-0.09151535481214523,0.6655766309797764,1.228786039352417,0.6655766309797764,0.43262481013685467,-0.09151535481214523,0.12006919085979462,3.9665146097540855,4.779914426803589,0.0012006919085979463,0.17776699364185333,-0.027569888159632683,-0.027569888159632683,-0.39322365283966065,0.021577410399913788,0.07148073613643646,0.004794500768184662,30153.26171875,12511.2587890625,17642.00390625,30122.4375,12499.947265625,17622.490234375,0.0010222515556961298,0.0009041075245477259,0.0011060915421694517,0.10222515556961298,2.2502403426915407,-2.0391071981191633,2.1808658656664193,-2.618032688498497,1.5790114402770996,2.3655972577631474,0.12006919085979462,8.607592470943928,8.607592470943928,greedy,0.12006919085979462,0.0,hard_fault_cluster
216,N3352,control1,-0.326474130153656,-0.9631754279136656,-0.7931156516075134,-0.17009711265563943,-0.6260640281438826,-0.326474130153656,0.09288273751735687,2.886016322672367,4.215211522579192,0.0009288273751735688,0.16614770889282227,-0.0337405726313591,-0.0337405726313591,-2.1603719010949134,0.018509559333324432,0.06592492759227753,0.0014186687767505646,30122.83203125,12500.3818359375,17622.44921875,30192.294921875,12533.619140625,17658.67578125,-0.0023059879895299673,-0.002658903133124113,-0.0020557052921503782,-0.23059879895299673,1.910098098218441,-6.596897422671318,1.8657414745539427,-6.596897422671318,0.5894987672567367,0.4108302514255046,0.09288273751735687,8.700475208461285,8.700475208461285,greedy,0.09288273751735687,0.0,hard_fault_cluster
217,N636,control1,-0.07976899296045303,0.08574274629354481,2.0049805551767346,-0.16316221356391905,0.05573278509080413,-0.07976899296045303,0.1185796707868576,2.2289915539324285,4.4885286569595335,0.001185796707868576,0.17366492748260498,-0.02687687985599041,-0.02687687985599041,-1.3120710660517216,0.02144160121679306,0.07200051844120026,0.0034152865409851074,30191.99609375,12533.166015625,17658.830078125,30091.44140625,12485.9248046875,17605.517578125,0.0033305080141872168,0.0037692959886044264,0.003019027877599001,0.3330508014187217,2.2358629126101732,-6.226288307905197,2.167085819412023,-6.226288307905197,1.2075035467743875,2.363756735920906,0.1185796707868576,8.819054879248142,8.819054879248142,greedy,0.1185796707868576,0.0,hard_fault_cluster
218,N6656,observe,-0.3267831802368164,-4.248615481853485,-4.37989432811737,-0.804360222816467,-2.7616000632047655,-0.3267831802368164,0.05224321782588959,0.5548552572727206,4.369674968719482,0.0005224321782588959,0.13316133618354797,0.0017646122723817825,0.0017646122723817825,-1.5336630183458329,0.026697341352701187,0.0684124231338501,0.004615869373083115,30091.412109375,12486.541015625,17604.87109375,30302.84375,12576.6083984375,17726.234375,-0.0070263114757835865,-0.007213157135993242,-0.0068937330506742,-0.7026311475783587,2.72374196536839,-4.9268797570467,2.6832360927946866,-5.820474498867989,-2.1930402874946595,-2.055476186871529,0.05224321782588959,8.871298097074032,8.871298097074032,greedy,0.05224321782588959,0.0,hard_fault_cluster
219,N7441,control0,-0.1888098269701004,0.06841211199760455,-1.8716066747903821,0.17070736169815082,0.04446787279844296,-0.1888098269701004,0.10594885051250458,3.947899820655584,5.999999999999999,0.0010594885051250459,0.15882748365402222,-0.03484401851892471,-0.03484401851892471,-4.173139093965292,0.01958298683166504,0.07007621228694916,0.005053229629993439,30303.30859375,12577.1328125,17726.17578125,30202.392578125,12532.94921875,17669.443359375,0.00333019788376987,0.003513009985908866,0.0032004883978515863,0.333019788376987,2.0294035151600838,-6.552271978855133,1.9760748911648989,-6.552271978855133,1.9034067615866659,1.1322143950313326,0.10594885051250458,8.977246947586536,8.977246947586536,greedy,0.10594885051250458,0.0,hard_fault_cluster
220,N3410,control1,-0.31711962819099426,-0.7914723746478556,-0.7481862962245941,-0.016341038048267142,-0.5144570435211061,-0.31711962819099426,0.08841167390346527,3.438982554525137,4.402386438846587,0.0008841167390346527,0.1612781286239624,-0.03347358852624893,-0.03347358852624893,-2.746666486114264,0.01848743110895157,0.06694646179676056,0.0012506544589996338,30202.44140625,12532.28125,17670.16015625,30245.6171875,12557.576171875,17688.041015625,-0.0014295460423454642,-0.0020183813758194447,-0.001011924003250897,-0.14295460423454642,1.9036811962723732,-6.64691569827497,1.862477632239461,-6.64691569827497,0.8801288984715936,0.5014541321620343,0.08841167390346527,9.065658621490002,9.065658621490002,greedy,0.08841167390346527,0.0,hard_fault_cluster
221,N647,control1,-0.09362786263227463,-0.31735288649797433,-0.1584609194571385,-0.12486390471458425,-0.2062793762236833,-0.09362786263227463,0.11292009055614471,2.22001695111394,3.071985006332397,0.0011292009055614471,0.17072629928588867,-0.027469685301184654,-0.027469685301184654,-1.0421194119751453,0.021108116954565048,0.07190801203250885,0.0031277984380722046,30245.25,12557.1337890625,17688.1171875,30149.546875,12518.1044921875,17631.443359375,0.003164236433804035,0.0031081372871994972,0.0032040621154010296,0.3164236433804035,2.196262100711465,-6.225004886984825,2.132174296770245,-6.225004886984825,1.0475581958889961,0.6435046748298919,0.11292009055614471,9.178578712046146,9.178578712046146,greedy,0.11292009055614471,0.0,hard_fault_cluster
222,N504,control1,-0.18618927896022797,-1.6342553228139876,-1.8705089569091795,-0.6165485352277753,-1.062265959829092,-0.18618927896022797,0.041825950145721436,0.9747113570570949,2.6476053595542908,0.00041825950145721433,0.1376187801361084,-0.006026094779372215,-0.006026094779372215,-1.101543501317501,0.024569451808929443,0.06994594633579254,0.0033422186970710754,30150.51953125,12516.0791015625,17634.44140625,30165.07421875,12533.0390625,17632.03515625,-0.00048273420543409884,-0.0013550538569688797,0.00013645172293763608,-0.048273420543409884,2.4927450362592936,-6.4519494237005715,2.4658951447345316,-6.4519494237005715,-0.23169370144605647,-0.6004802342504264,0.041825950145721436,9.220404662191868,9.220404662191868,greedy,0.041825950145721436,0.0,hard_fault_cluster
223,N684,observe,0.22147421538829803,1.898531496152282,2.9940491914749146,0.31403023455291984,1.2340454724989833,0.22147421538829803,0.01449093222618103,1.9332758229225875,3.089179122447967,0.00014490932226181031,0.27829819917678833,0.04987438768148422,0.01449093222618103,2.218917676359415,0.03632962703704834,0.0859346091747284,0.010217159986495972,30165.3125,12535.896484375,17629.416015625,30218.837890625,12596.86328125,17621.974609375,-0.001774401986040175,-0.004863377660512924,0.00042210170067846775,-0.1774401986040175,3.6973280236124992,1.2453993616998196,3.6490540336817503,1.2416456399857998,1.7582516506314276,2.9860448559373616,0.01449093222618103,9.234895594418049,9.234895594418049,greedy,0.01449093222618103,0.0,hard_fault_cluster
224,N614,control1,0.3623168468475342,1.982087643444538,1.762526285648346,0.8064028337597846,1.2883569682389497,0.3623168468475342,0.022189296782016754,3.692664563655853,3.1082338929176325,0.00022189296782016755,0.3294011056423187,0.06340976059436798,0.022189296782016754,4.0038954868912695,0.03520933538675308,0.09513969719409943,0.009198952466249466,30217.822265625,12595.912109375,17621.91015625,30198.2265625,12575.15234375,17623.07421875,0.0006484816549345851,0.0016481351340189576,-6.605767703149468e-05,0.06484816549345851,3.606532596051693,1.806136410832405,3.5423333030194044,1.5711307340860365,2.177979350090027,2.1344690152257684,0.022189296782016754,9.257084891200066,9.257084891200066,greedy,0.022189296782016754,0.0,hard_fault_cluster
225,N1586,control1,0.2829173505306244,2.1294175951555374,2.1117838382720944,0.5895556776598097,1.3841214368510995,0.2829173505306244,0.04056018590927124,2.908233396336436,2.5384145736694332,0.0004056018590927124,0.28596675395965576,0.0579998716711998,0.04056018590927124,3.2539035952091213,0.036836788058280945,0.08815987408161163,0.010751381516456604,30199.08984375,12576.5458984375,17622.544921875,30180.12890625,12558.7431640625,17621.38671875,0.0006278645596466959,0.0014155503595247865,6.57228083582595e-05,0.06278645596466959,3.7822388634085655,3.3043848299980167,3.7083188202232122,3.005193855762482,2.410867786407471,2.401457813754678,0.04056018590927124,9.297645077109337,9.297645077109337,greedy,0.04056018590927124,0.0,hard_fault_cluster
226,N7853,control0,0.2420867532491684,2.4936524391174317,3.406379222869873,0.38013436794281,1.6208740854263306,0.2420867532491684,0.032533690333366394,2.3444056108593943,3.20986270904541,0.00032533690333366396,0.28703370690345764,0.054341867566108704,0.032533690333366394,2.720246166288853,0.03576093539595604,0.08810046315193176,0.009827706962823868,30179.791015625,12558.373046875,17621.41796875,30060.33203125,12464.3447265625,17595.98828125,0.00395824434235692,0.0074873012490570545,0.0014431123854592443,0.395824434235692,3.662969097495079,1.3727830283343792,3.5978124290704727,1.3727830283343792,2.6718650475144385,3.8367122808843845,0.032533690333366394,9.330178767442703,9.330178767442703,greedy,0.032533690333366394,0.0,hard_fault_cluster
227,N7855,control0,0.35411086678504944,1.8027239237329922,2.7613168954849243,0.4447873854509089,1.1717705504264448,0.35411086678504944,0.022844836115837097,1.8794273799809162,2.8378878235816956,0.00022844836115837097,0.33662644028663635,0.06082519143819809,0.022844836115837097,1.918018950475962,0.03392560034990311,0.09637455642223358,0.008002057671546936,30060.359375,12464.3662109375,17595.994140625,30011.341796875,12424.681640625,17586.66015625,0.0016306384932249784,0.0031838417053222656,0.0005304607329890132,0.16306384932249784,3.476230062544346,0.4332033264712663,3.4134775418788195,0.43339144781057254,1.6756826291733886,2.664193708962703,0.022844836115837097,9.35302360355854,9.35302360355854,greedy,0.022844836115837097,0.0,hard_fault_cluster
228,N7820,control0,0.34361517429351807,2.4010499977346624,3.3400128841400143,0.37172404689525135,1.5606824985275307,0.34361517429351807,0.019617386162281036,1.7547570731183075,2.6881077766418455,0.00019617386162281035,0.3385530710220337,0.05993197113275528,0.019617386162281036,1.7477053898521988,0.03371747210621834,0.0964374989271164,0.007747095078229904,30011.37109375,12424.697265625,17586.673828125,29984.2578125,12402.22265625,17582.03515625,0.0009034335962496698,0.0018088658107444644,0.00026376062305644155,0.09034335962496698,3.45129656791687,0.49252272329256813,3.391634549945593,0.4925448732866062,1.8341141197190156,2.76717417781736,0.019617386162281036,9.372640989720821,9.372640989720821,greedy,0.019617386162281036,0.0,hard_fault_cluster
229,N7720,control0,0.3324553072452545,2.867304442897439,3.24152865409851,0.8079777941852808,1.8637478878833353,0.3324553072452545,0.017989367246627808,1.9737140333279966,2.524393582344055,0.00017989367246627806,0.3395736813545227,0.05936525762081146,0.017989367246627808,1.4667316683381795,0.033492401242256165,0.09639693796634674,0.007501229643821716,29983.5390625,12401.390625,17582.1484375,29967.681640625,12387.8046875,17579.876953125,0.0005288709071464837,0.0010955173056572676,0.00012919264554511756,0.052887090714648366,3.4265947490930557,0.44494103360921144,3.3685787804424763,0.3739029364660382,1.6614623755216598,2.654950544089079,0.017989367246627808,9.39063035696745,9.39063035696745,greedy,0.017989367246627808,0.0,hard_fault_cluster
230,N732,observe,0.4053502678871155,3.5203022465109823,3.638659906387329,0.9013506521284579,2.2881964602321387,0.4053502678871155,0.013096287846565247,4.087307027727366,4.384572672843933,0.00013096287846565247,0.33857783675193787,0.05537063628435135,0.013096287846565247,4.220966048017145,0.03427555039525032,0.0958775132894516,0.008205443620681763,29968.361328125,12388.169921875,17580.19140625,30081.0390625,12484.2802734375,17596.7578125,-0.00375988963060081,-0.007758236490190029,-0.0009423336596228182,-0.375988963060081,3.4960219636559486,2.554671694114804,3.444671770557761,1.8345190776139497,2.898668142408132,3.984134292565286,0.013096287846565247,9.403726644814014,9.403726644814014,greedy,0.013096287846565247,0.0,hard_fault_cluster
231,N689,observe,0.4187433421611786,3.1767132544517516,3.2173505306243895,1.151926782131195,2.0648636153936386,0.4187433421611786,0.014234870672225952,3.1833050540089607,3.2360447168350217,0.00014234870672225953,0.33673200011253357,0.053067803382873535,0.014234870672225952,2.5977693036198617,0.03435175120830536,0.09483350813388824,0.008445490151643753,30081.64453125,12484.66796875,17596.9765625,30141.0234375,12532.66796875,17608.35546875,-0.0019739249255508184,-0.0038447158876806498,-0.0006466398481279612,-0.19739249255508184,3.5024777948856354,6.168202029466629,3.4520007893443108,4.03636106133461,2.2242230445146562,3.5457449789345263,0.014234870672225952,9.41796151548624,9.41796151548624,greedy,0.014234870672225952,0.0,hard_fault_cluster
232,N6673,observe,0.394094854593277,5.006028531491756,3.678629058599472,0.5493804134428502,3.2539185454696415,0.394094854593277,0.01297442615032196,3.8870639249682424,2.6636904418468474,0.0001297442615032196,0.334845632314682,0.05145728588104248,0.01297442615032196,4.420687909722328,0.0341283418238163,0.09367650747299194,0.00831514596939087,30140.37109375,12532.66015625,17607.7109375,30187.611328125,12565.677734375,17621.93359375,-0.001567340805195272,-0.0026345227379351854,-0.0008077515522018075,-0.1567340805195272,3.4772658944129944,1.6933155381679534,3.428942110389471,1.6930273497104644,3.9222312211990356,2.756016496403445,0.01297442615032196,9.430935941636562,9.430935941636562,greedy,0.01297442615032196,0.0,hard_fault_cluster
233,N2263,observe,0.3882138431072235,4.663317833095789,3.490664511919021,0.428582112416625,3.031156591512263,0.3882138431072235,0.01340579241514206,3.196758573502302,2.120513123273849,0.0001340579241514206,0.3334975242614746,0.05068465322256088,0.01340579241514206,3.596442860662937,0.034174852073192596,0.09317930042743683,0.008377451449632645,30188.26953125,12566.41015625,17621.859375,30212.72265625,12583.994140625,17628.728515625,-0.000810020777862519,-0.0013992845779284835,-0.00038980794488452375,-0.0810020777862519,3.4815756529569626,1.5908431647717953,3.4335078187286854,1.590837681144476,3.4655435994267467,2.426204045092818,0.01340579241514206,9.444341734051704,9.444341734051704,greedy,0.01340579241514206,0.0,hard_fault_cluster
234,N697,observe,0.4095698595046997,5.667662008106709,4.416312164068222,0.4050884823501111,3.683980305269361,0.4095698595046997,0.016214922070503235,3.2102680876851077,2.317781281471252,0.00016214922070503234,0.3329629600048065,0.05079289525747299,0.016214922070503235,3.430722506046295,0.03436852619051933,0.09319037199020386,0.008635547012090683,30212.341796875,12582.974609375,17629.3671875,30207.53515625,12580.8466796875,17626.6875,0.000159095274284482,0.00016911182319745421,0.00015200134657789022,0.0159095274284482,3.5038604363799095,1.8327156960964202,3.4536045733839273,1.847747629880905,3.90502153635025,3.033916245922446,0.016214922070503235,9.460556656122208,9.460556656122208,greedy,0.016214922070503235,0.0,hard_fault_cluster
235,N2247,observe,0.39157432317733765,3.4862310960888863,2.7738921284675597,0.2545487968623638,2.266050212457776,0.39157432317733765,0.01544439047574997,2.0519330888986587,1.3177298367023467,0.0001544439047574997,0.33202454447746277,0.050476059317588806,0.01544439047574997,2.23559405952692,0.03425927087664604,0.09276844561100006,0.008531671017408371,30207.88671875,12581.8916015625,17625.994140625,30223.087890625,12591.21484375,17631.873046875,-0.0005032186745665967,-0.0007410048274323344,-0.00033353615435771644,-0.050321867456659675,3.491847537457943,1.3921141202747822,3.442407200112939,1.3696696336567402,2.5138014361262324,1.939584069773555,0.01544439047574997,9.476001046597958,9.476001046597958,greedy,0.01544439047574997,0.0,hard_fault_cluster
236,N610,control1,0.31327274441719055,3.0016913117375226,2.1654987037181854,0.5038528079772369,1.9510993526293898,0.31327274441719055,0.026094309985637665,2.8843913556542247,2.4243663072586057,0.00026094309985637667,0.33084163069725037,0.05504932999610901,0.026094309985637665,3.225400585532188,0.03417489305138588,0.09212306141853333,0.008585955947637558,30221.841796875,12589.509765625,17632.33203125,30215.84375,12568.6455078125,17647.197265625,0.00019846728537231684,0.0016572732711210847,-0.0008430668385699391,0.019846728537231684,3.4986329451203346,2.323973512649536,3.4377752151340246,2.139059281349182,2.7020674467086794,2.1958876308798794,0.026094309985637665,9.502095356583595,9.502095356583595,greedy,0.026094309985637665,0.0,hard_fault_cluster
237,N695,observe,0.42122307419776917,4.925795575231314,3.7055309891700743,0.4807113335281611,3.2017671239003542,0.42122307419776917,0.026326902210712433,3.379052186757326,2.186837947368622,0.00026326902210712435,0.33330658078193665,0.05215798318386078,0.026326902210712433,3.7427013668417928,0.03505256772041321,0.09375014901161194,0.009195581078529358,30216.873046875,12569.51953125,17647.353515625,30200.0546875,12566.4990234375,17633.5546875,0.0005565883475355804,0.00024030415806919336,0.0007819205638952553,0.05565883475355804,3.583741657435894,1.9415092547237873,3.524877993389964,1.9640420158207417,3.7191893205046656,2.669098396152258,0.026326902210712433,9.528422258794308,9.528422258794308,greedy,0.026326902210712433,0.0,hard_fault_cluster
238,N2267,observe,0.41070234775543213,3.9538703747093678,3.0805072247982026,0.3212732624262571,2.5700157435610893,0.41070234775543213,0.023437082767486572,2.355740896612406,1.4574776589870453,0.00023437082767486573,0.33202171325683594,0.05065421760082245,0.023437082767486572,2.514893507361412,0.034861959517002106,0.09309819340705872,0.009033478796482086,30200.248046875,12567.31640625,17632.931640625,30219.8515625,12581.486328125,17638.365234375,-0.0006491176900453866,-0.0011275217402726412,-0.00030815033824183047,-0.06491176900453866,3.5602872520685196,1.7467847615480423,3.504718776792288,1.7352531105279922,2.8241204023361206,2.260742871761322,0.023437082767486572,9.551859341561794,9.551859341561794,greedy,0.023437082767486572,0.0,hard_fault_cluster
239,N2251,observe,0.404394268989563,3.37763385027647,2.6065037369728086,0.32081067517399786,2.1954620026797054,0.404394268989563,0.022354766726493835,2.1782082721590994,1.3828524827957152,0.00022354766726493836,0.3312407433986664,0.050093911588191986,0.022354766726493835,2.3408577919006346,0.03478026017546654,0.09264242649078369,0.008970793336629868,30219.87109375,12581.5146484375,17638.357421875,30226.0703125,12586.08984375,17639.98046875,-0.000205137170269154,-0.0003636442415881902,-9.201803186442703e-05,-0.0205137170269154,3.5504746958613396,2.011565575003624,3.496138187125325,1.9382791608572005,2.5412903487682343,1.9589596229046584,0.022354766726493835,9.574214108288288,9.574214108288288,greedy,0.022354766726493835,0.0,hard_fault_cluster
240,N616,control1,0.3011602759361267,2.849727948149666,1.6811469316482544,0.7915175752248614,1.852323166297283,0.3011602759361267,0.031339481472969055,4.3434862666763365,3.6946938276290893,0.00031339481472969055,0.329608291387558,0.05467499792575836,0.031339481472969055,4.995612590014935,0.034482959657907486,0.09173375368118286,0.008771996945142746,30224.78125,12584.3779296875,17640.40234375,30213.853515625,12558.947265625,17654.90625,0.0003615488240029663,0.002020812127739191,-0.0008221981697715819,0.03615488240029663,3.534310445189476,2.3430018350481987,3.4697995856404305,2.0049366876482964,3.0278338342905045,2.385760329067707,0.031339481472969055,9.605553589761257,9.605553589761257,greedy,0.031339481472969055,0.0,hard_fault_cluster
241,N2243,observe,0.4061504006385803,5.642824394255877,5.991810750961303,0.37997707597911357,3.6678358562663202,0.4061504006385803,0.029727444052696228,2.729661310687661,3.084040403366089,0.0002972744405269623,0.3313675820827484,0.0515049546957016,0.029727444052696228,2.8350206449627873,0.03524431586265564,0.09335169196128845,0.00927552580833435,30215.0546875,12560.55859375,17654.49609375,30212.58203125,12569.34765625,17643.234375,8.183524187188596e-05,-0.0006997350137680769,0.00063789525302127,0.008183524187188596,3.605663985013962,2.303106912225485,3.5447396859526634,2.067960508912802,3.8334475398063663,4.369301628768444,0.029727444052696228,9.635281033813953,9.635281033813953,greedy,0.029727444052696228,0.0,hard_fault_cluster
242,N7371,observe,0.29468730092048645,3.768664195388556,4.201468539237975,0.5451600006967783,2.4496317270025614,0.29468730092048645,0.0269797220826149,3.200859858840704,3.7618680000305176,0.000269797220826149,0.33041539788246155,0.05542098730802536,0.0269797220826149,3.5257384920120236,0.03474870324134827,0.09302511811256409,0.008683256804943085,30212.287109375,12569.041015625,17643.24609375,30234.26953125,12565.47265625,17668.796875,-0.0007275987300090492,0.00028390067745931447,-0.001448190538212657,-0.07275987300090492,3.557271033525467,1.652826744914055,3.4954705014824867,1.5756969636678697,3.082487827539444,3.7959818769991394,0.0269797220826149,9.662260755896568,9.662260755896568,greedy,0.0269797220826149,0.0,hard_fault_cluster
243,N680,observe,0.3974536955356598,5.684391365200281,4.693786525726318,0.40907395564019683,3.694854387380183,0.3974536955356598,0.029561176896095276,2.9132295378297566,1.6767249643802642,0.00029561176896095273,0.33124926686286926,0.053672321140766144,0.029561176896095276,3.0318206930160523,0.035370610654354095,0.09429425001144409,0.009233120828866959,30234.763671875,12565.287109375,17669.4765625,30198.822265625,12549.861328125,17648.9609375,0.0011887444416061044,0.0012276505585759878,0.001161077176220715,0.11887444416061044,3.620294563472271,2.4049690228700635,3.557869439944625,2.3248982888460157,3.8733349382877353,3.2477889172732834,0.029561176896095276,9.691821932792664,9.691821932792664,greedy,0.029561176896095276,0.0,hard_fault_cluster
244,N556,control1,0.20593704283237457,3.355411117523909,3.9912502527236935,0.4862250674515962,2.1810172263905407,0.20593704283237457,0.028322815895080566,3.3659143675118686,4.09874837398529,0.00028322815895080565,0.3290151059627533,0.05616012215614319,0.028322815895080566,3.993396783657372,0.03402892127633095,0.09173913300037384,0.00834176316857338,30197.716796875,12547.943359375,17649.7734375,30176.654296875,12515.970703125,17660.68359375,0.0006974865100346506,0.002548039657995105,-0.000618147081695497,0.06974865100346506,3.4873750656843185,1.0292930913344027,3.4240128621459007,0.9960299742594362,3.2262741129845383,4.036351979356259,0.028322815895080566,9.720144748687744,9.720144748687744,greedy,0.028322815895080566,0.0,hard_fault_cluster
245,N7854,control0,0.2664667069911957,5.804222303070128,5.999999999999999,0.49295561214908956,3.7727444969955837,0.2664667069911957,0.026471488177776337,2.5993034111522135,2.83501158952713,0.00026471488177776337,0.3318251669406891,0.057784199714660645,0.026471488177776337,2.586907379031181,0.03461494296789169,0.09398065507411957,0.008435022085905075,30177.03125,12517.7861328125,17659.244140625,30081.25,12446.720703125,17634.529296875,0.0031739785335958004,0.005677156616002321,0.0013995413901284337,0.31739785335958004,3.5457499846816063,2.342545072436333,3.4825582187622786,2.4503565233945848,4.353362041711808,4.6310229350626475,0.026471488177776337,9.74661623686552,9.74661623686552,greedy,0.026471488177776337,0.0,hard_fault_cluster
246,N2271,observe,0.3553532063961029,4.904889459908008,5.420626544952393,0.2834553663432598,3.1881781489402057,0.3553532063961029,0.02478943020105362,2.246448542922735,2.843476736545562,0.0002478943020105362,0.3324124813079834,0.05404888838529587,0.02478943020105362,2.3536921310424805,0.03524867445230484,0.09438753128051758,0.0089515820145607,30081.953125,12447.4052734375,17634.548828125,30152.42578125,12511.91796875,17640.5078125,-0.002342688851058483,-0.005182822700589895,-0.0003379153204150498,-0.2342688851058483,3.6037057638168335,2.4536470952630043,3.5445770248770714,2.3426978173851967,3.3087544977664947,3.8839156863093374,0.02478943020105362,9.771405667066574,9.771405667066574,greedy,0.02478943020105362,0.0,hard_fault_cluster
247,N7846,control0,0.28801390528678894,6.035466241650283,5.999999999999999,0.6548263691551983,3.9230530570726843,0.28801390528678894,0.020876705646514893,3.755313351023942,3.6715585231781,0.00020876705646514894,0.3316091001033783,0.05667360872030258,0.020876705646514893,3.8747869682312013,0.034508172422647476,0.09417545795440674,0.008288957178592682,30151.62890625,12511.1533203125,17640.4765625,30078.837890625,12446.568359375,17632.26953125,0.002414165297523141,0.005162190645933151,0.00046523864148184657,0.2414165297523141,3.528367556631565,2.6479754006862644,3.470204820856452,2.31064851641655,4.626437735557556,4.832128330245614,0.020876705646514893,9.792282372713089,9.792282372713089,greedy,0.020876705646514893,0.0,hard_fault_cluster
248,N4421,control0,-0.06207418814301491,0.3687893469072878,0.344400654733181,0.2607871461845934,0.23971307548973708,-0.06207418814301491,0.007358342409133911,0.864413431007415,1.2912154972553254,7.358342409133912e-05,0.3354145586490631,0.06325048953294754,0.007358342409133911,0.8353120233584196,0.03449438884854317,0.09386521577835083,0.007590010762214661,30079.41015625,12447.15625,17632.25390625,30216.8359375,12496.7626953125,17720.07421875,-0.004568765871226788,-0.003985363524407148,-0.00498066283762455,-0.45687658712267876,3.520047716796398,1.9789954897388815,3.467091092839837,2.185602509640157,0.6373214325867593,0.9532094789063558,0.007358342409133911,9.799640715122223,9.799640715122223,greedy,0.007358342409133911,0.0,hard_fault_cluster
249,N2721,control1,-0.1258315145969391,2.3993875429034235,1.0587495148181916,1.183761541545391,1.5596019028872252,-0.1258315145969391,-0.004172995686531067,3.6078052327036856,2.0939322471618653,-4.1729956865310666e-05,0.3270849287509918,0.06327114999294281,-0.004172995686531067,2.956627462357283,0.03225146234035492,0.08969056606292725,0.0067052170634269714,30216.27734375,12495.8349609375,17720.44140625,30247.4609375,12521.498046875,17725.962890625,-0.0010320130968466401,-0.002053731121122837,-0.00031158843194134533,-0.10320130968466401,3.2842443883419037,1.1291116099059582,3.239920772612095,1.1266695480048656,1.6976931229233743,1.2922889825329185,-0.004172995686531067,9.795467719435692,9.795467719435692,greedy,-0.004172995686531067,0.0,hard_fault_cluster
250,N5671,control0,-0.23243002593517303,-0.23351445067673912,0.2392166558653116,-0.27828412652015677,-0.15178439293988044,-0.23243002593517303,0.06951475143432617,1.5916686655022207,3.9960093736648554,0.0006951475143432617,0.1750313937664032,-0.03810134530067444,-0.03810134530067444,0.15495336275077531,0.02118730917572975,0.0722241997718811,0.0020890235900878906,30248.01953125,12522.3642578125,17725.65625,30230.7109375,12555.8603515625,17674.8515625,0.0005722224013879895,-0.0026749016251415014,0.002866166876628995,0.05722224013879895,2.150144323706627,-3.449319278695276,2.126584269106388,-5.018136894204309,0.6270375544205306,1.4170197866205125,0.06951475143432617,9.864982470870018,9.864982470870018,greedy,0.06951475143432617,0.0,hard_fault_cluster
251,N5665,control0,-0.20628641545772552,2.1950982928276064,3.296487522125244,0.26455441117286693,1.4268138903379441,-0.20628641545772552,0.06483758985996246,4.391915678977966,5.999999999999999,0.0006483758985996246,0.17113542556762695,-0.045105136930942535,-0.045105136930942535,0.7765458768606185,0.020251508802175522,0.07022379338741302,0.001577913761138916,30230.75,12555.8828125,17674.8671875,30205.30859375,12560.109375,17645.19921875,0.0008415737538598478,-0.0003366200835444033,0.0016785397892817855,0.08415737538598478,2.044883333146572,-5.800379243567586,2.030083993449807,-5.8960365922003986,2.725106251239776,3.346319063305854,0.06483758985996246,9.92982006072998,9.92982006072998,greedy,0.06483758985996246,0.0,hard_fault_cluster
252,N7414,control1,-0.22500622272491455,2.509738736599684,3.373455905914306,0.419379595592618,1.6313301787897947,-0.22500622272491455,0.07530023157596588,2.477917890995741,3.388310384750366,0.0007530023157596588,0.1854090839624405,-0.03549975901842117,-0.03549975901842117,0.5700006502121686,0.01951335370540619,0.07128503918647766,0.003831978887319565,30204.623046875,12559.283203125,17645.33984375,30103.94921875,12479.7919921875,17624.158203125,0.0033330603037029505,0.006329279392957687,0.0012004099553450942,0.33330603037029505,1.9911358430981636,-0.62941685651429,1.961285488680005,-0.7541872594226152,2.3669716477394105,3.395537501350045,0.07530023157596588,10.005120292305946,10.005120292305946,greedy,0.07530023157596588,0.0,hard_fault_cluster
253,N5111,observe,-0.267633855342865,3.294333467632532,2.112679278850555,0.8464894493669273,2.141316753961146,-0.267633855342865,0.08138354122638702,4.644019114971161,5.124018669128418,0.0008138354122638702,0.18420197069644928,-0.028038373216986656,-0.028038373216986656,1.1989413265883924,0.020451664924621582,0.07541300356388092,0.004761137068271637,30104.244140625,12480.021484375,17624.22265625,30148.291015625,12480.404296875,17667.88671875,-0.0014631450176239014,-3.067402576562017e-05,-0.002477502916008234,-0.14631450176239014,2.0985116604715586,0.9215311991423369,2.0585027844645083,0.814803777858615,3.1991527371108535,3.097514341659844,0.08138354122638702,10.086503833532333,10.086503833532333,greedy,0.08138354122638702,0.0,hard_fault_cluster
254,N2259,observe,-0.11254210025072098,4.2291233301162725,3.3626138925552365,0.9558788788318634,2.7489301645755773,-0.11254210025072098,0.08640168607234955,5.800918659567833,5.206568956375121,0.0008640168607234955,0.1848345547914505,-0.030432013794779778,-0.030432013794779778,0.1499688404798507,0.02243340015411377,0.07710292935371399,0.006753269582986832,30148.82421875,12481.16015625,17667.6640625,30160.93359375,12516.5947265625,17644.33984375,-0.0004016533202957362,-0.0028390446677803993,0.0013201643014326692,-0.04016533202957362,2.2993096876889467,3.035996371507645,2.2573324334807694,3.054510694742203,4.431987991929054,4.078282811790705,0.08640168607234955,10.172905519604683,10.172905519604683,greedy,0.08640168607234955,0.0,hard_fault_cluster
255,N5094,observe,-0.2370755672454834,3.572071686387062,2.7677032232284544,0.5279865607619285,2.3218465961515906,-0.2370755672454834,0.08670167624950409,3.4353956282138824,4.0902299880981445,0.0008670167624950409,0.18384197354316711,-0.025851352140307426,-0.025851352140307426,0.25457399666309344,0.02100003883242607,0.07783545553684235,0.006395556032657623,30160.35546875,12515.83984375,17644.515625,30210.1875,12512.4755859375,17697.7109375,-0.0016522362129762769,0.0002688000095076859,-0.0030148355290293694,-0.1652236212976277,2.160854207351804,0.6421078482270242,2.1152164642699063,0.5779857823252679,3.2426272779703136,3.3320057369768614,0.08670167624950409,10.259607195854187,10.259607195854187,greedy,0.08670167624950409,0.0,hard_fault_cluster
256,N2218,observe,-0.05870773270726204,4.639893258735537,3.689640855789184,1.0542788537219165,3.015930618178099,-0.05870773270726204,0.09762023389339447,5.99336347989738,5.999999999999999,0.0009762023389339447,0.21325798332691193,-0.01630491577088833,-0.01630491577088833,1.022773267030716,0.022932086139917374,0.08251716196537018,0.006904352456331253,30210.671875,12513.111328125,17697.560546875,30209.59765625,12541.453125,17668.14453125,3.555759394657798e-05,-0.002264968119561672,0.0016621508402749896,0.003555759394657798,2.3745239321142435,2.4204396197944877,2.313537443522364,2.5708414646983146,4.588043925166129,4.759706049412488,0.09762023389339447,10.357227429747581,10.357227429747581,greedy,0.09762023389339447,0.0,hard_fault_cluster
257,N4900,observe,-0.21354420483112335,6.4564743116498,4.600025272369384,1.1853755335509777,4.19670830257237,-0.21354420483112335,0.09684808552265167,6.5395219519734376,5.999999999999999,0.0009684808552265167,0.21830341219902039,-0.011402389034628868,-0.011402389034628868,2.0685868835449215,0.021606862545013428,0.0830642431974411,0.006357196718454361,30209.01953125,12540.8955078125,17668.125,30242.103515625,12528.287109375,17713.81640625,-0.0010951691074296832,0.0010053826263174415,-0.0025860925670713186,-0.10951691074296832,2.2461319509893656,1.8845288738608361,2.1820476786233485,1.6555014237761498,5.759463751316071,5.319812613129615,0.09684808552265167,10.454075515270233,10.454075515270233,greedy,0.09684808552265167,0.0,hard_fault_cluster
258,N2255,observe,-0.057853613048791885,6.2885196946561335,5.140032243728637,1.0638414899259807,4.087537801526487,-0.057853613048791885,0.0994294136762619,6.349415274709463,5.526014471054077,0.000994294136762619,0.2173900306224823,-0.015389202162623405,-0.015389202162623405,1.2471455526351927,0.022632591426372528,0.08346876502037048,0.00790291279554367,30242.7890625,12528.97265625,17713.81640625,30235.03515625,12553.34765625,17681.6875,0.00025638859369792044,-0.0019454907160252333,0.0018137766746804118,0.025638859369792044,2.3472993541508913,2.7946055813133714,2.2842691955156624,2.7629447861015795,5.674864476919174,5.110068983733654,0.0994294136762619,10.553504928946495,10.553504928946495,greedy,0.0994294136762619,0.0,hard_fault_cluster
259,N2185,observe,-0.013653789646923542,6.343604465620592,5.526967620849609,0.8705231259344145,4.123342902653385,-0.013653789646923542,0.09996414184570312,4.862132721440866,3.892292547225952,0.0009996414184570313,0.21751219034194946,-0.017738891765475273,-0.017738891765475273,1.3995751052349805,0.022738557308912277,0.08227190375328064,0.00846279039978981,30234.984375,12553.3125,17681.671875,30251.99609375,12577.2509765625,17674.74609375,-0.0005626501515507698,-0.001906945020891726,0.00039169267984107137,-0.05626501515507698,2.3560809809714556,3.069581194398925,2.2944120434112847,2.7204046683292837,5.265364861488343,4.836590478420258,0.09996414184570312,10.653469070792198,10.653469070792198,greedy,0.09996414184570312,0.0,hard_fault_cluster
260,N2205,observe,0.01528551708906889,6.070636353641748,5.482405900955199,0.6794454475492239,3.9459136298671367,0.01528551708906889,0.10063235461711884,4.165764708071947,3.854505133628845,0.0010063235461711883,0.21768072247505188,-0.019277794286608696,-0.019277794286608696,0.9576141029596328,0.0227799154818058,0.08127211034297943,0.008755743503570557,30251.92578125,12577.1865234375,17674.73828125,30264.76171875,12592.5361328125,17672.2265625,-0.00042430151370353997,-0.001220432692207396,0.00014210783410817385,-0.042430151370354,2.3593461085110903,3.0401740796864036,2.2983301882632077,2.911790800839663,4.749093452095986,4.64464203670621,0.10063235461711884,10.754101425409317,10.754101425409317,greedy,0.10063235461711884,0.0,hard_fault_cluster
261,N717,observe,0.05173204466700554,5.716381993889809,5.319599723815918,0.6701639804244042,3.715648296028376,0.05173204466700554,0.10300874710083008,4.203027862310409,3.8359519958496096,0.0010300874710083008,0.2185128927230835,-0.020275859162211418,-0.020275859162211418,0.9592032009363174,0.022782806307077408,0.08078610897064209,0.009055852890014648,30264.654296875,12591.935546875,17672.71875,30262.46875,12592.8681640625,17669.6015625,7.221449777716771e-05,-7.40646428312175e-05,0.00017638415738474578,0.007221449777716771,2.3610135186463594,2.8989176765084266,2.2989638526923954,2.538548709452152,4.496599939465523,4.448426439315082,0.10300874710083008,10.857110172510147,10.857110172510147,greedy,0.10300874710083008,0.0,hard_fault_cluster
262,N2201,observe,0.05216662958264351,4.000047155842185,3.98415412902832,0.6600276041403412,2.6000306512974203,0.05216662958264351,0.10296282172203064,3.8688983824104075,3.7043882369995114,0.0010296282172203063,0.21793077886104584,-0.021149588748812675,-0.021149588748812675,0.7500043529272078,0.02276488021016121,0.07999579608440399,0.009048879146575928,30262.6015625,12593.509765625,17669.091796875,30271.5703125,12601.41796875,17670.15234375,-0.00029636413091793656,-0.000627958623226732,-6.002271402394399e-05,-0.029636413091793656,2.358301253989339,2.3531075117737057,2.2969413292594254,2.31683021761477,3.6433432638645176,3.848427123725415,0.10296282172203064,10.960072994232178,10.960072994232178,greedy,0.10296282172203064,0.0,hard_fault_cluster
263,N733,observe,0.07022546976804733,4.281670826300979,4.211699080467224,0.7214361253753304,2.7830860370956363,0.07022546976804733,0.10520114004611969,4.253740733489394,4.160790395736694,0.0010520114004611968,0.2181299924850464,-0.02173054777085781,-0.02173054777085781,0.8350995403528212,0.0228792242705822,0.07962839305400848,0.009050384163856506,30271.13671875,12600.57421875,17670.5625,30266.18359375,12596.9912109375,17669.193359375,0.00016362534370273352,0.0002843527472577989,7.748143980279565e-05,0.01636253437027335,2.371393019333482,2.2144567970186473,2.3087900751270354,2.168579101935029,3.895912832021713,4.1178267583251,0.10520114004611969,11.065274134278297,11.065274134278297,greedy,0.10520114004611969,0.0,hard_fault_cluster
264,N2226,observe,0.06870796531438828,4.271889572404325,4.230574727058411,0.7014369272626936,2.776728222062811,0.06870796531438828,0.10535308718681335,4.195196222327649,4.037038326263428,0.0010535308718681335,0.21744388341903687,-0.022256268188357353,-0.022256268188357353,0.8230441763997076,0.022971607744693756,0.07902981340885162,0.00893368199467659,30266.66015625,12597.935546875,17668.724609375,30272.5390625,12602.859375,17669.6796875,-0.00019423702906351537,-0.00039084404124878347,-5.405472984421067e-05,-0.019423702906351537,2.3802575934678316,2.062067349590361,2.3179349792189896,1.9905156690254806,3.840384590625763,4.03751974761486,0.10535308718681335,11.17062722146511,11.17062722146511,greedy,0.10535308718681335,0.0,hard_fault_cluster
265,N735,observe,0.07700333744287491,4.4404233993962405,4.362574887275696,0.7444911511056125,2.8862752096075566,0.07700333744287491,0.10711126029491425,4.464138388819992,4.332964372634888,0.0010711126029491424,0.21721023321151733,-0.022627344354987144,-0.022627344354987144,0.866074489057064,0.023007497191429138,0.07873193919658661,0.008907228708267212,30272.21484375,12601.984375,17670.23046875,30267.0703125,12597.3466796875,17669.72265625,0.0001699423446552828,0.00036801310488954186,2.8738306355080567e-05,0.01699423446552828,2.385233635082841,1.894288873784244,2.3218706981278956,1.817967867963016,3.997057795524597,4.220844699442386,0.10711126029491425,11.277738481760025,11.277738481760025,greedy,0.10711126029491425,0.0,hard_fault_cluster
266,N2214,observe,0.07782802730798721,4.543554979749024,4.496280574798584,0.7314593024365602,2.9533107368368654,0.07782802730798721,0.10737670958042145,4.447771474905312,4.202010440826416,0.0010737670958042144,0.21647943556308746,-0.022985195741057396,-0.022985195741057396,0.8691134622693062,0.02314845845103264,0.07823392748832703,0.008797552436590195,30267.328125,12598.1396484375,17669.1875,30271.30859375,12601.77734375,17669.53125,-0.00013151041639503092,-0.0002887486189138144,-1.945477197295986e-05,-0.013151041639503092,2.399237358942628,1.7952392826601864,2.335943723563105,1.7250828276202084,4.033641055226326,4.1975258882343764,0.10737670958042145,11.385115191340446,11.385115191340446,greedy,0.10737670958042145,0.0,hard_fault_cluster
267,N5715,control0,-0.1727861613035202,1.4365629494190215,2.7706344485282894,0.18055478334426875,0.933765917122364,-0.1727861613035202,0.10360707342624664,2.670290341973305,4.233551859855652,0.0010360707342624664,0.1641983985900879,-0.05391593277454376,-0.05391593277454376,-2.4552242833375932,0.01895369589328766,0.06787355244159698,0.0035275444388389587,30271.23828125,12601.744140625,17669.494140625,30284.76953125,12608.63671875,17676.1328125,-0.0004470002022571862,-0.0005469542811624706,-0.00037571374559774995,-0.04470002022571862,1.9450607299804688,-1.5543017721176147,1.9077923744916916,-1.3957678413391112,1.9638281047344206,2.8514882680773734,0.10360707342624664,11.488722264766693,11.488722264766693,greedy,0.10360707342624664,0.0,hard_fault_cluster
268,N2222,observe,0.05374469235539436,5.446708359569312,4.804570817947388,1.0300609854608775,3.540360433720053,0.05374469235539436,0.10128973424434662,6.115764566510916,5.999999999999999,0.0010128973424434662,0.2079307734966278,-0.027618063613772392,-0.027618063613772392,1.085324327945709,0.02263491600751877,0.07562597095966339,0.008159637451171875,30284.89453125,12608.7275390625,17676.16796875,30257.73828125,12599.8544921875,17657.884765625,0.0008966929162852466,0.0007037226459942758,0.001034341985359788,0.08966929162852466,2.337163271382451,1.8538051410019398,2.2819095184095204,1.800530151873827,5.051317757368087,5.0196299847960475,0.10128973424434662,11.59001199901104,11.59001199901104,greedy,0.10128973424434662,0.0,hard_fault_cluster
269,N520,control1,-0.13651162385940552,3.5895599007606505,3.8921350002288815,0.7343771803379058,2.333213935494423,-0.13651162385940552,0.09741923213005066,4.103859931230545,4.5696361541748045,0.0009741923213005066,0.21169134974479675,-0.02239643596112728,-0.02239643596112728,1.0706794583797454,0.02093329280614853,0.07510977983474731,0.006379954516887665,30256.19921875,12596.8515625,17659.34765625,30221.9765625,12554.84765625,17667.12890625,0.001131095690652728,0.003334476612508297,-0.00044063065433874726,0.11310956906527281,2.1683520767837763,0.471621703505516,2.1120849796570837,0.471621703505516,3.3227709352970125,4.093847146928311,0.09741923213005066,11.68743123114109,11.68743123114109,greedy,0.09741923213005066,0.0,hard_fault_cluster
270,N4879,control0,-0.13696204125881195,6.2171132255345585,5.999999999999999,0.7819792578741909,4.041123596597463,-0.13696204125881195,0.09754966199398041,4.581852361932396,4.355418133735657,0.0009754966199398041,0.20473887026309967,-0.019749803468585014,-0.019749803468585014,1.4214767077565191,0.02019275352358818,0.07676582038402557,0.004655145108699799,30223.03515625,12557.3359375,17665.69921875,30150.05078125,12500.73828125,17649.3125,0.0024148591328412294,0.004507138859480619,0.0009276008931919932,0.24148591328412294,2.0970752108842134,0.3593691063672304,2.038725316990167,0.2892046047002077,4.8908776804804805,4.754070492312312,0.09754966199398041,11.78498089313507,11.78498089313507,greedy,0.09754966199398041,0.0,hard_fault_cluster
271,N8465,observe,-0.13640111684799194,6.5847657263278965,5.157339477539062,1.0393360084295273,4.280097722113132,-0.13640111684799194,0.09920783340930939,6.013524009287358,5.63876609802246,0.0009920783340930939,0.20928916335105896,-0.014724424108862877,-0.014724424108862877,2.1455601277947425,0.02238985151052475,0.07844646275043488,0.005060303956270218,30149.814453125,12500.458984375,17649.35546875,30212.73828125,12544.111328125,17668.626953125,-0.0020870387088507414,-0.0034920591861009598,-0.0010919086635112762,-0.20870387088507414,2.3234685603529215,1.9835624717175961,2.2601060033775866,1.9008023761212827,5.398418547213078,4.9341319210082295,0.09920783340930939,11.88418872654438,11.88418872654438,greedy,0.09920783340930939,0.0,hard_fault_cluster
272,N7452,observe,-0.1232689842581749,6.773596142232418,4.998594546318054,1.1715172995626926,4.402837492451072,-0.1232689842581749,0.10197560489177704,6.5973842844367026,5.999999999999999,0.0010197560489177704,0.21214500069618225,-0.013963764533400536,-0.013963764533400536,1.9172178435325622,0.02250354364514351,0.07949507236480713,0.004946041852235794,30213.099609375,12544.505859375,17668.59375,30232.228515625,12552.880859375,17679.34765625,-0.0006331328768283129,-0.0006676229531876743,-0.0006086452631279826,-0.06331328768283129,2.3383662048727274,1.5650736132264138,2.272357324603945,1.4532808700203896,6.018940711021424,5.216178125068546,0.10197560489177704,11.986164331436157,11.986164331436157,greedy,0.10197560489177704,0.0,hard_fault_cluster
273,N2209,observe,-0.0017772959545254707,6.29074610620737,5.43572072982788,0.8335222743451595,4.088984969034791,-0.0017772959545254707,0.10351116955280304,5.27879763096571,5.055798816680908,0.0010351116955280304,0.2113383710384369,-0.018089590594172478,-0.018089590594172478,0.6804016262292862,0.02379927784204483,0.07959169149398804,0.006148833781480789,30232.548828125,12553.251953125,17679.296875,30238.25,12573.7861328125,17664.462890625,-0.0001885772799141705,-0.0016357657732442021,0.0008390596485696733,-0.01885772799141705,2.4653493631631136,2.6358545595407485,2.4012831789441407,2.7013656669855117,5.381012061238289,5.0689567141234875,0.10351116955280304,12.08967550098896,12.08967550098896,greedy,0.10351116955280304,0.0,hard_fault_cluster
274,N624,control1,-0.12166116386651993,5.9016449301503595,5.999999999999999,0.5611514511052519,3.8360692045977336,-0.12166116386651993,0.09758934378623962,3.4849047191580755,3.531678485870361,0.0009758934378623962,0.20837610960006714,-0.020380517467856407,-0.020380517467856407,0.851787914028391,0.02173721045255661,0.0767369419336319,0.004349905997514725,30237.49609375,12572.6474609375,17664.84765625,30176.365234375,12523.908203125,17652.45703125,0.002021690597757697,0.0038766106590628624,0.0007014283328317106,0.2021690597757697,2.2509298715740442,0.9046961786272005,2.193023251835257,0.8907352751167492,4.4607480313628916,4.836197968330235,0.09758934378623962,12.1872648447752,12.1872648447752,greedy,0.09758934378623962,0.0,hard_fault_cluster
275,N8790,control1,-0.1715569943189621,5.7417113304138185,5.999999999999999,0.4491979312896729,3.732112364768982,-0.1715569943189621,0.10294631123542786,5.134353154897689,5.554756164550781,0.0010294631123542787,0.17438483238220215,-0.042393095791339874,-0.042393095791339874,-2.904669448137284,0.018667742609977722,0.0671466737985611,0.00650174543261528,30177.17578125,12525.0517578125,17652.123046875,29959.2109375,12396.3720703125,17562.83984375,0.007222837768495083,0.010273785330355167,0.005057930015027523,0.7222837768495083,1.9273274764418602,-2.076646472811699,1.8819125648587942,-2.0077551859617233,5.532873505353928,5.438844529855997,0.10294631123542786,12.290211156010628,12.290211156010628,greedy,0.10294631123542786,0.0,hard_fault_cluster
276,N2652,control1,-0.36783456802368164,-2.080981582403183,-0.8620244324207306,-0.7885302841663359,-1.352638028562069,-0.36783456802368164,0.07178692519664764,-0.6708132386207578,0.9323021411895751,0.0007178692519664764,0.17559805512428284,-0.03884360194206238,-0.03884360194206238,-4.197300990819931,0.016900762915611267,0.06387714296579361,0.004619784653186798,29958.443359375,12395.40234375,17563.041015625,30176.81640625,12531.0087890625,17645.80859375,-0.0072891986928880215,-0.010940060019493103,-0.004712599329650402,-0.7289198692888021,1.723019614815712,-6.7573299777507785,1.698312122374773,-6.812482870817185,-1.2873584389686585,-0.5945356395085333,0.07178692519664764,12.361998081207275,12.361998081207275,greedy,0.07178692519664764,0.0,hard_fault_cluster
277,N628,control1,-0.19737641513347626,4.618239194154739,5.186890935897827,0.35391014039516455,3.0018554762005807,-0.19737641513347626,0.08357994258403778,3.14462710916996,3.7787106752395627,0.0008357994258403779,0.1742357611656189,-0.03642871975898743,-0.03642871975898743,-0.1875365859270096,0.020561330020427704,0.06830272078514099,0.006024342030286789,30176.72265625,12530.8076171875,17645.9140625,30086.51171875,12484.4501953125,17602.0625,0.0029894213657826185,0.0036994758993387222,0.002485083183273673,0.29894213657826185,2.1032842248678207,-0.5929050567746162,2.067920807749033,-0.7180363062024117,3.4767935186624523,4.140331379473209,0.08357994258403778,12.445578023791313,12.445578023791313,greedy,0.08357994258403778,0.0,hard_fault_cluster
278,N645,control1,-0.26161131262779236,1.5249580800533296,2.499470907449722,0.5257139265537262,0.9912227520346643,-0.26161131262779236,0.07759477198123932,4.595257802307605,5.999999999999999,0.0007759477198123932,0.1783553957939148,-0.03186395764350891,-0.03186395764350891,-0.36036966830492034,0.019932154566049576,0.06843620538711548,0.005464218556880951,30086.212890625,12484.173828125,17602.0390625,30116.578125,12495.2890625,17621.2890625,-0.0010092740412801504,-0.000890346011146903,-0.0010936233447864652,-0.10092740412801504,2.038946270942688,-6.100801877081394,2.00464816018939,-6.100801877081394,2.2464351862668988,3.3228041616827246,0.07759477198123932,12.523172795772552,12.523172795772552,greedy,0.07759477198123932,0.0,hard_fault_cluster
