step,node,type,q_pred,q_pred_context,q_pred_type_context,q_pred_lcb_context,q_pred_context_lcb,q_typed_residual_context,q_typed_trust_context,q_typed_reliable_context,typed_residual_correction,typed_residual_effective_alpha,typed_trust_support_count,typed_trust_required_heads,typed_trust_eligible,typed_trust_correction,typed_reliable_correction,typed_reliable_support_count,typed_reliable_required_heads,typed_reliable_eligible,typed_reliable_applied_correction,score_pred,reward_pred,reward_pred_context,reward_pred_type_context,fc_pred,pattern_pred,return_pred,typed_marginal_pred,typed_return_pred,typed_sa_reduction_total_pred,typed_sa0_reduction_pred,typed_sa1_reduction_pred,guarded_reward,guarded_reward_context,hard_reduction_total_pred,hard_reduction_sa0_pred,hard_reduction_sa1_pred,derived_hard_count_pre_total_pred,derived_hard_count_pre_sa0_pred,derived_hard_count_pre_sa1_pred,derived_hard_count_post_total_pred,derived_hard_count_post_sa0_pred,derived_hard_count_post_sa1_pred,derived_hard_reduction_total_pred,derived_hard_reduction_sa0_pred,derived_hard_reduction_sa1_pred,derived_hard_reduction_hybrid_pred,hybrid_pred,hybrid_pred_context,bounded_residual_hybrid_pred,bounded_residual_hybrid_pred_context,consensus_pred_context,consensus_pred_type_context,step_value,sequence_score,lookahead_score,planner,score_adjusted,diversity_penalty,candidate_strategy,adaptive_confidence_gap,adaptive_expanded
1,N677,control1,1.1168162822723389,5.195585038363934,3.4872208595275875,0.6961511906981468,3.377130274936557,5.247430180199085,5.195585038363934,5.195585038363934,0.20738056734060453,0.25,3,2,1,0.0,0.6869212379261963,2,1,1,0.0,1.1168162822723389,0.34677982330322266,4.894380512833595,3.795846104621887,0.0034677982330322266,0.2820698022842407,0.03364104777574539,0.9979665875434875,2.1650869846343994,0.11997785419225693,0.036536410450935364,0.2034192979335785,0.03364104777574539,1.5340158987045287,0.06386370956897736,0.15087546408176422,0.038793694227933884,29566.794921875,11983.158203125,17583.63671875,30258.921875,12858.3427734375,17400.578125,-0.023408927023410797,-0.07303454726934433,0.010410735383629799,-2.3408927023410797,6.766791827976704,3.494267354011536,6.481476174667478,3.265230522155762,4.528486633300781,3.278238040097057,5.247430180199085,5.247430180199085,5.247430180199085,greedy,5.247430180199085,0.0,hard_fault_cluster,,False
2,N2155,observe,1.457592248916626,4.636674811020494,3.0069554209709164,0.8750467462092637,3.013838627163321,4.818675562753317,4.636674811020494,4.636674811020494,0.7749551669539005,0.23485326570336895,3,2,1,0.0,0.4377559858928749,2,1,1,0.0,1.457592248916626,0.4267202615737915,4.572461410611867,3.4263235688209535,0.004267202615737915,0.32851269841194153,0.025838786736130714,1.2091562747955322,1.9911565780639648,0.3207274377346039,0.2769215703010559,0.36453330516815186,0.025838786736130714,1.433363882899284,0.06906921416521072,0.15618106722831726,0.04652923345565796,30261.64453125,12861.6591796875,17399.984375,30654.4296875,13195.8447265625,17458.5859375,-0.012979636900126934,-0.025983082130551338,-0.0033679089974611998,-1.2979636900126934,7.359480464830995,4.625235252380371,7.020061178598553,4.483815031051636,4.0993773072958,3.2381428061425694,4.818675562753317,10.066105742952402,10.066105742952402,greedy,4.818675562753317,0.0,hard_fault_cluster,,False
3,N502,control1,1.1366417407989502,1.9932622301578524,1.980060064792633,0.009851351976394723,1.295620449602604,2.049670142858305,1.9932622301578524,1.9932622301578524,0.2556741560689853,0.22062422564614886,3,2,1,0.0,0.7347197337321921,2,1,1,0.0,1.1366417407989502,0.37319517135620117,1.6609304875135422,1.9155067682266234,0.003731951713562012,0.3409149944782257,0.01918899454176426,0.8199065327644348,2.190424680709839,-0.0061637163162231445,-0.27203816175460815,0.25971072912216187,0.01918899454176426,-2.9935006600618363,0.05883442610502243,0.14034509658813477,0.036193232983350754,30649.359375,13188.9736328125,17460.38671875,30661.03125,13167.8369140625,17493.1953125,-0.00038081954699009657,0.001602605334483087,-0.0018790301401168108,-0.03808195469900966,6.2758267764002085,2.647661045789719,5.981538651976734,2.682521609067917,2.443326911330223,2.140263416171074,2.049670142858305,12.115775885810708,12.115775885810708,greedy,2.049670142858305,0.0,hard_fault_cluster,,False
4,N762,control1,0.911552369594574,1.7198925173282624,1.5053794860839842,0.19486446499824525,1.1179301362633707,1.6449981392030966,1.7198925173282624,1.7198925173282624,-0.36135945762459176,0.2072572795451001,3,2,1,0.0,0.27425575425000076,2,1,1,0.0,0.911552369594574,0.3220241069793701,1.5913340598344803,1.9518027186393736,0.003220241069793701,0.3624856173992157,0.019666315987706184,0.7070522904396057,2.1094822883605957,0.007292561233043671,-0.2043314129114151,0.21891653537750244,0.019666315987706184,-0.7614174979925157,0.05198005586862564,0.13194745779037476,0.02993898093700409,30665.79296875,13173.8125,17491.98046875,30588.853515625,13107.171875,17481.681640625,0.0025089667178690434,0.005058567970991135,0.0005887742736376822,0.25089667178690434,5.53969600982964,1.547010235786438,5.283428192604333,1.3737156081199646,1.7604912638664245,1.864059275984764,1.6449981392030966,13.760774025013804,13.760774025013804,greedy,1.6449981392030966,0.0,hard_fault_cluster,,False
5,N3644,control0,0.8055379390716553,1.2149060480296612,2.8909715652465815,-0.17070152610540384,0.7896889312192797,1.2591403199817932,1.2149060480296612,1.2149060480296612,0.22719171790086087,0.19470019576785122,3,3,1,0.0,-0.6854980746912583,2,2,1,0.0,0.8055379390716553,0.30319952964782715,0.5936396986246109,2.2721435248851773,0.0030319952964782716,0.3802046775817871,0.018699781969189644,0.2868838906288147,2.2910189628601074,0.05937942489981651,-0.06630393117666245,0.18506278097629547,0.018699781969189644,-2.282573111951351,0.04789303243160248,0.12865088880062103,0.026215199381113052,30589.82421875,13108.3330078125,17481.4921875,30413.380859375,12975.103515625,17438.27734375,0.005768041126430035,0.010163725353777409,0.0024720339570194483,0.5768041126430035,5.111202554777265,0.2193464004993439,4.869778071064502,0.02334001354873183,1.4198170036077498,2.73353854984045,1.2591403199817932,15.019914344995597,15.019914344995597,greedy,1.2591403199817932,0.0,hard_fault_cluster,,False
6,N3756,control0,0.6937283277511597,1.0592403591424226,2.438646417856216,0.1515331593900919,0.6885062334425748,1.0587980283827259,1.0592403591424226,1.0592403591424226,-0.002418377859606722,0.18290390723666045,3,3,1,0.0,0.16133420209397786,2,2,1,0.0,0.6937283277511597,0.30780118703842163,0.9237510226666926,2.3657284438610073,0.0030780118703842164,0.3990587890148163,0.021759213879704475,0.5291271805763245,2.3589136600494385,0.03349767625331879,-0.08445009589195251,0.1514454483985901,0.021759213879704475,-0.030634123682975856,0.04705914482474327,0.13186287879943848,0.02587738260626793,30413.51953125,12975.2578125,17438.26171875,30344.974609375,12903.07421875,17441.900390625,0.0022537647746503353,0.005563172046095133,-0.00020866024715360254,0.22537647746503353,5.035474883392453,0.986806225180626,4.788304582703859,1.0146671348810197,0.9877953857183456,2.5220483896136283,1.0587980283827259,16.078712373378323,16.078712373378323,greedy,1.0587980283827259,0.0,hard_fault_cluster,,False
7,N557,control1,0.6533419489860535,0.9779344230145216,1.8701671600341796,0.04898275755345821,0.6356573749594391,0.9810312839669133,0.9779344230145216,0.9779344230145216,0.018023624391984894,0.17182231969774306,3,2,1,0.0,-0.27332184075416033,2,1,1,0.0,0.6533419489860535,0.24271710216999054,0.4113408158719539,1.1945370942354203,0.0024271710216999054,0.4031139314174652,0.02287116087973118,0.7537761330604553,1.9004263877868652,0.08196611702442169,-0.16650736331939697,0.33043959736824036,0.02287116087973118,-0.1128738309442997,0.044442228972911835,0.12833552062511444,0.023628119379281998,30349.2890625,12903.625,17445.6640625,30269.642578125,12834.72265625,17434.919921875,0.0026243277825415134,0.005339766386896372,0.0006158630712889135,0.26243277825415134,4.709811160340905,0.5699369513988495,4.510619963053614,0.6123836439847946,0.7513114228844643,1.6162546934187412,0.9810312839669133,17.059743657345237,17.059743657345237,greedy,0.9810312839669133,0.0,hard_fault_cluster,,False
8,N5143,observe,0.3673509657382965,1.0317113199830055,1.1631514608860016,0.35675682395696634,0.6706123579889536,1.1288820738336005,1.0317113199830055,1.0317113199830055,0.6020040308196833,0.161412131606973,3,2,1,0.0,0.5395898455937482,2,1,1,0.0,0.3673509657382965,0.23019050061702728,1.1185721050202846,1.8547722935676574,0.002301905006170273,0.4160756468772888,0.026419075205922127,0.9059064984321594,2.3038198947906494,0.3367035314440727,0.23507516086101532,0.4383319020271301,0.026419075205922127,1.6033428572118282,0.04233304411172867,0.1295374482870102,0.02186659350991249,30263.919921875,12833.169921875,17430.75,30312.212890625,12845.51953125,17466.693359375,-0.0015957275172695518,-0.0009623194928281009,-0.002062066225335002,-0.15957275172695518,4.489913986995816,0.9715089333057403,4.297456805128604,0.9877856504917144,0.7569547951221466,1.7141145047545432,1.1288820738336005,18.18862573117884,18.18862573117884,greedy,1.1288820738336005,0.0,hard_fault_cluster,,False
9,N507,control1,0.3706168830394745,0.9459783005714416,1.3103838205337524,0.015521082878112814,0.6148858953714371,0.959057891076737,0.9459783005714416,0.9459783005714416,0.08625839631251163,0.15163266492815836,3,2,1,0.0,0.059373500736444144,2,1,1,0.0,0.3706168830394745,0.22372789680957794,0.6817526251077652,1.088454008102417,0.0022372789680957794,0.41756293177604675,0.02476746402680874,0.7076055407524109,2.252800703048706,0.05342959612607956,-0.22826068103313446,0.3351198732852936,0.02476746402680874,-0.13560355126857762,0.04092741757631302,0.12624089419841766,0.020606331527233124,30316.21875,12842.6455078125,17473.57421875,30219.013671875,12792.69140625,17426.322265625,0.0032063720282167196,0.0038897048216313124,0.0027041949797421694,0.32063720282167196,4.341237118467689,0.6972719722986221,4.1548655978403986,0.6781613403558732,0.9408084839582442,1.2457464441657065,0.959057891076737,19.147683622255574,19.147683622255574,greedy,0.959057891076737,0.0,hard_fault_cluster,,False
10,N3742,control0,0.2566690146923065,1.1245535320043565,2.5004498600959777,0.14252963483333586,0.7309597958028318,1.1245149227199591,1.1245535320043565,1.1245535320043565,-0.00027104561753376634,0.14244570618273075,3,3,1,0.0,0.20689185493776355,2,2,1,0.0,0.2566690146923065,0.21992550790309906,1.0310439437627792,2.477508163452148,0.0021992550790309907,0.42308804392814636,0.02435927279293537,0.510195791721344,2.354691505432129,0.022991344332695007,-0.09227649867534637,0.1382591873407364,0.02435927279293537,-0.3305933314561844,0.0406983345746994,0.12909717857837677,0.020405083894729614,30215.302734375,12796.197265625,17419.10546875,30191.12109375,12765.6748046875,17425.447265625,0.0008003110415302217,0.0023852759040892124,-0.00036407134030014277,0.08003110415302217,4.314118238165975,1.0295841467380524,4.130904652643949,1.0433100295066833,1.1211900234222412,2.717414866685867,1.1245149227199591,20.272198544975534,20.272198544975534,greedy,1.1245149227199591,0.0,hard_fault_cluster,,False
11,N564,control1,0.3304971754550934,2.2903239580988886,2.4532663822174072,-0.2627604573965072,1.4887105727642775,2.2903239580988886,2.2903239580988886,2.2903239580988886,0.0,0.13381535712974757,3,2,1,0.0,0.17912501341184847,2,1,1,0.0,0.3304971754550934,0.20246170461177826,0.7869274333119392,1.2361399888992308,0.0020246170461177826,0.42512786388397217,0.02278749831020832,0.7196775078773499,2.313148260116577,0.05108192563056946,-0.08352288603782654,0.18568673729896545,0.02278749831020832,-2.017079295217991,0.03984888643026352,0.12770028412342072,0.02008957788348198,30187.341796875,12761.240234375,17426.1015625,30051.216796875,12697.994140625,17353.22265625,0.00450934050604701,0.004956108517944813,0.004182169213891029,0.45093405060470104,4.2101378459483385,0.8583157497644426,4.041200943756849,0.8556972163915635,1.829618215560913,1.7934560529887675,2.2903239580988886,22.562522503074423,22.562522503074423,greedy,2.2903239580988886,0.0,hard_fault_cluster,,False
12,N5203,control1,0.22298932075500488,1.6038087838888169,1.7121253371238707,-0.05180532336235046,1.042475709527731,1.5668361879881807,1.6038087838888169,1.6038087838888169,-0.2941151472612788,0.12570789449273523,3,2,1,0.0,-0.5228339184732852,2,1,1,0.0,0.22298932075500488,0.17534847557544708,0.7344184756278991,0.9713542461395264,0.0017534847557544708,0.434444397687912,0.021837489679455757,0.26146167516708374,2.2741804122924805,0.10875393450260162,-0.015919268131256104,0.23342713713645935,0.021837489679455757,-1.201598790884018,0.03575415909290314,0.10834561288356781,0.01726473867893219,30050.9375,12696.5234375,17354.4140625,29976.3671875,12642.9345703125,17333.43359375,0.0024814638309180737,0.004220751114189625,0.0012089413357898593,0.24814638309180737,3.7726018745452166,0.12376158744096757,3.6247124006040394,0.008717887699604049,1.2304083049297332,1.3277661620825527,1.5668361879881807,24.129358691062603,24.129358691062603,greedy,1.5668361879881807,0.0,hard_fault_cluster,,False
13,N5866,observe,0.38878342509269714,3.2650338229537015,2.733782505989075,0.4786161133646965,2.122271984919906,3.326757381325868,3.2650338229537015,3.2650338229537015,0.5226750963970802,0.11809163818525367,3,2,1,0.0,0.7830038041856976,2,1,1,0.0,0.38878342509269714,0.2335984855890274,3.4499135985970497,3.057014608383178,0.002335984855890274,0.2719200551509857,0.00454658642411232,0.7509766221046448,1.9773859977722168,0.20053602010011673,-0.12111864984035492,0.5221906900405884,0.00454658642411232,-0.4305463555455208,0.04289096221327782,0.14402100443840027,0.020261555910110474,29980.642578125,12648.955078125,17331.6875,30002.857421875,12617.734375,17385.123046875,-0.0007409729296341538,0.002468243706971407,-0.0030831126496195793,-0.07409729296341538,4.527241293340921,2.07064673602581,4.348632489331067,1.9433073610067366,3.067276118695736,2.6964468144625426,3.326757381325868,27.456116072388472,27.456116072388472,greedy,3.326757381325868,0.0,hard_fault_cluster,,False
14,N580,control1,0.11881152540445328,3.127520129419863,1.8691096544265746,0.7926795038208364,2.032888084122911,3.0740613629587408,3.127520129419863,3.127520129419863,-0.48188475960658034,0.11093682752026997,3,2,1,0.0,-0.05055774448095842,2,1,1,0.0,0.11881152540445328,0.2713472247123718,1.1957860949635504,0.39531757682561874,0.0027134722471237184,0.17423787713050842,0.009332379326224327,-0.2378225028514862,1.8898773193359375,-0.07018935680389404,-0.30752551555633545,0.16714680194854736,0.009332379326224327,5.5210945063456895,0.03605641424655914,0.10388141870498657,0.01511242613196373,29998.671875,12612.431640625,17386.240234375,30064.53125,12676.5419921875,17387.98828125,-0.002195409731939435,-0.005083107855170965,-0.00010054196900455281,-0.2195409731939435,3.8863210286945105,1.0173655024170873,3.6758113256655633,0.9817252254486083,1.0894115798175334,1.0483580528944731,3.0740613629587408,30.530177435347213,30.530177435347213,greedy,3.0740613629587408,0.0,hard_fault_cluster,,False
15,N737,control1,0.06511019915342331,2.794147592484951,1.6957468152046205,0.692952632009983,1.8161959351152182,2.689932087565324,2.794147592484951,2.794147592484951,-1.0,0.1042155049196271,3,2,1,0.0,-0.4290593068183578,2,1,1,0.0,0.06511019915342331,0.28672122955322266,1.9722058948874475,1.346955120563507,0.0028672122955322264,0.12273630499839783,0.0018057245761156082,-0.20094448328018188,1.7025412321090698,-0.1204741820693016,-0.48954492807388306,0.24859656393527985,0.0018057245761156082,3.3790409886837005,0.03657929599285126,0.11332079768180847,0.01319463923573494,30072.265625,12679.0166015625,17393.25,30006.1875,12652.02734375,17354.16015625,0.002197311259806156,0.002128655556589365,0.0022474145516753197,0.21973112598061562,3.946456553414464,1.2430627903342248,3.7300613378174603,1.2738570532202722,1.89736847281456,1.7007143619656564,2.689932087565324,33.22010952291254,33.22010952291254,greedy,2.689932087565324,0.0,hard_fault_cluster,,False
16,N1853,observe,0.10893332213163376,1.7997875105123966,1.4762687146663664,0.13121826066635547,1.1698618818330577,1.8976889171815963,1.7997875105123966,1.7997875105123966,1.0,0.09790140666919975,3,2,1,0.0,1.0,2,1,1,0.0,0.10893332213163376,0.28948020935058594,0.43193798802793015,0.2541644509881735,0.0028948020935058594,0.08259537816047668,-0.004952812567353249,0.8041762709617615,1.9640703201293945,0.08860562741756439,-0.2893065810203552,0.466517835855484,-0.004952812567353249,0.18227459872141477,0.03842117637395859,0.12843775749206543,0.013079307973384857,30002.1640625,12654.6630859375,17347.501953125,29941.43359375,12643.634765625,17297.798828125,0.0020242028404027224,0.0008714827126823366,0.0028651459142565727,0.20242028404027224,4.1266450341790915,2.3327251189947127,3.913249486591667,2.3690907233953475,1.5300228087231518,1.2867380229663103,1.8976889171815963,35.117798440094134,35.117798440094134,greedy,1.8976889171815963,0.0,hard_fault_cluster,,False
17,N2082,observe,0.26686617732048035,4.690240406990051,3.4735634326934814,0.40577046871185307,3.048656264543533,4.760926714294851,4.690240406990051,4.690240406990051,0.7685812186700428,0.09196986029286058,3,2,1,0.0,0.39214428744195606,2,1,1,0.0,0.26686617732048035,0.30537164211273193,5.1820276260375975,4.924505424499511,0.0030537164211273194,0.08007398247718811,-0.00988992489874363,0.6585947871208191,1.77903151512146,0.11001423746347427,-0.17234919965267181,0.39237767457962036,-0.00988992489874363,-3.9186665105819705,0.04192859306931496,0.1307220458984375,0.014608487486839294,29942.26171875,12643.2958984375,17298.966796875,30110.71484375,12683.7333984375,17426.98046875,-0.005625932011753321,-0.003198335412889719,-0.007400076370686293,-0.5625932011753321,4.488341024145484,5.5299399995803835,4.266729736234993,5.5299399995803835,4.89833835363388,3.7229713195562364,4.760926714294851,39.87872515438899,39.87872515438899,greedy,4.760926714294851,0.0,hard_fault_cluster,,False
18,N2153,observe,0.20864364504814148,4.581053555458785,2.569329935312271,1.010379760116339,2.97768481104821,4.646456147887617,4.581053555458785,4.581053555458785,0.7569947047615625,0.08639768814424363,3,2,1,0.0,0.4309328750187815,2,1,1,0.0,0.20864364504814148,0.2745056748390198,4.920888829231262,3.3767056226730348,0.002745056748390198,0.07293465733528137,-0.003983506932854652,0.5078668594360352,1.7235326766967773,0.19199081137776375,-0.014207504689693451,0.39818912744522095,-0.003983506932854652,1.7917664644122122,0.03933078050613403,0.12839028239250183,0.012511461973190308,30109.46484375,12683.7685546875,17425.6953125,30012.140625,12665.0390625,17347.1015625,0.0032323463819921017,0.001476650475524366,0.004510221537202597,0.32323463819921017,4.203600218519568,6.371694927811623,4.000708592589945,6.371694927811623,4.235669124126435,3.074245708324016,4.646456147887617,44.52518130227661,44.52518130227661,greedy,4.646456147887617,0.0,hard_fault_cluster,,False
19,N2101,observe,0.20537309348583221,5.2754253295063975,3.8936194360256193,0.37317563682794574,3.4290264641791586,5.333600559107647,5.2754253295063975,5.2754253295063975,0.7167692896297793,0.08116311683958743,3,2,1,0.0,0.3200992260481056,2,1,1,0.0,0.20537309348583221,0.27108603715896606,2.7469984243810175,1.547338706254959,0.002710860371589661,0.07954135537147522,-0.0020273905247449875,0.5106363892555237,1.7971961498260498,0.2180320993065834,0.03792367875576019,0.3981405198574066,-0.0020273905247449875,-0.281906583607197,0.03748677670955658,0.12790514528751373,0.0114278644323349,30011.806640625,12664.658203125,17347.1484375,29977.5625,12675.634765625,17301.927734375,0.001141022308729589,-0.0008667081710882485,0.002606809139251709,0.1141022308729589,4.017736317589879,6.380977547764778,3.8159423326142132,6.380977547764778,4.091396766901016,2.9317133032530545,5.333600559107647,49.85878186138425,49.85878186138425,greedy,5.333600559107647,0.0,hard_fault_cluster,,False
20,N1860,observe,0.15579535067081451,4.775943640954793,3.2456103682518003,0.7910756093636155,3.1043633666206154,4.852189333132558,4.775943640954793,4.775943640954793,1.0,0.07624569217776482,3,2,1,0.0,1.0,2,1,1,0.0,0.15579535067081451,0.2695353627204895,3.305100743807852,1.7382769286632536,0.002695353627204895,0.08292177319526672,0.00019100308418273926,0.7805381417274475,1.9439361095428467,0.09822816401720047,-0.23204375803470612,0.42850008606910706,0.00019100308418273926,1.4262880414724348,0.03620849549770355,0.12586800754070282,0.01040022075176239,29978.041015625,12676.267578125,17301.7734375,29802.712890625,12590.712890625,17212.0,0.005848551634699106,0.006749201565980911,0.005188683979213238,0.5848551634699106,3.8905759155750275,6.662624494731427,3.6882811412215233,6.662624494731427,4.416347849369049,3.3141270545870065,4.852189333132558,54.71097119451681,54.71097119451681,greedy,4.852189333132558,0.0,hard_fault_cluster,,False
21,N1372,observe,0.16908039152622223,4.157714525461198,3.53374570608139,0.18043589711189284,2.7025144415497784,4.229340724676245,4.157714525461198,4.157714525461198,1.0,0.07162619921504752,3,2,1,0.0,1.0,2,1,1,0.0,0.16908039152622223,0.2678373456001282,2.80287652015686,1.9286902129650114,0.002678373456001282,0.08827546238899231,-0.00258692167699337,0.8396269083023071,1.9565582275390625,0.10973646491765976,-0.23644374310970306,0.4559166729450226,-0.00258692167699337,-3.781861207485199,0.03369531407952309,0.1269068419933319,0.008227288722991943,29803.2109375,12591.138671875,17212.072265625,29663.25390625,12504.3251953125,17158.927734375,0.00469603855162859,0.006894807331264019,0.00308763119392097,0.46960385516285896,3.6347818318754435,5.985315914154053,3.4358440139330924,5.985315914154053,4.702957606315613,3.502591285631061,4.229340724676245,58.94031191919305,58.94031191919305,greedy,4.229340724676245,0.0,hard_fault_cluster,,False
22,N496,control1,-0.05195627734065056,6.767091999948025,4.272286736965179,1.0472842022776603,4.398609799966216,6.718165272338564,6.767091999948025,6.767091999948025,-0.7271393848064569,0.06728658718229596,3,2,1,0.0,-0.4477304877933084,2,1,1,0.0,-0.05195627734065056,0.26174384355545044,2.6716997426748277,1.0685876488685608,0.0026174384355545045,0.07812121510505676,-0.00022573210299015045,-0.32854345440864563,1.90244722366333,-0.12328706681728363,-0.4583848714828491,0.21181073784828186,-0.00022573210299015045,6.450823837816715,0.031312696635723114,0.11662879586219788,0.005930174142122269,29658.2890625,12496.8759765625,17161.4140625,29754.44921875,12556.7900390625,17197.658203125,-0.0032422691583633423,-0.004794323351234198,-0.002111955313012004,-0.32422691583633423,3.3927877750247717,7.3693896222114565,3.1966491914354265,7.3693896222114565,3.5052764117717743,2.6226169002114332,6.718165272338564,65.65847719153162,65.65847719153162,greedy,6.718165272338564,0.0,hard_fault_cluster,,False
23,N5723,control0,-0.09960988909006119,6.126656506061554,5.999999999999999,0.4624177765846253,3.98232672894001,6.104674676183,6.126656506061554,6.126656506061554,-0.3477592947194756,0.06320989895118662,3,3,1,0.0,-0.9738868467573182,2,2,1,0.0,-0.09960988909006119,0.26487505435943604,2.7951683175563806,2.999423313140869,0.0026487505435943606,0.07862502336502075,-0.001204138621687889,-0.48287561535835266,1.7783983945846558,-0.007757537066936493,-0.15769951045513153,0.14218443632125854,-0.001204138621687889,0.26125853300094604,0.02991218864917755,0.12092025578022003,0.004683941602706909,29759.98046875,12563.59765625,17196.3828125,29642.044921875,12465.462890625,17176.58203125,0.003962890710681677,0.00781104015186429,0.0011514503275975585,0.3962890710681677,3.2548897806555033,3.657060297727585,3.057136593852192,3.7676109397411346,4.76152777671814,5.130951181054115,6.104674676183,71.76315186771461,71.76315186771461,greedy,6.104674676183,0.0,hard_fault_cluster,,False
24,N7516,observe,-0.06065709516406059,5.928570240736008,4.739763522148132,0.3363628804683687,3.853570656478405,5.987950445509872,6.047330650283737,6.023257013490515,1.0,0.059380204773864534,3,2,1,2.0,1.0,2,1,1,1.5945848134929614,-0.06065709516406059,0.2735697627067566,4.655340844392777,3.649570274353027,0.002735697627067566,0.08665373921394348,-0.010795274749398232,0.1407254934310913,2.169940948486328,0.2519126459956169,0.19142849743366241,0.3123967945575714,-0.010795274749398232,-4.441425958871842,0.031241025775671005,0.12339276075363159,0.0053567104041576385,29640.6328125,12465.24609375,17175.38671875,29571.27734375,12431.6318359375,17139.646484375,0.0023398781195282936,0.0026966382283717394,0.002080898266285658,0.23398781195282936,3.386877065524459,6.014612586498261,3.18979619955644,6.014612586498261,5.989859390258789,4.476294958591461,5.987950445509872,77.75110231322448,77.75110231322448,greedy,5.987950445509872,0.0,hard_fault_cluster,,False
25,N582,control1,-0.1634862869977951,4.1799616637825965,2.3023650765419004,0.9976919582486151,2.716975081458688,4.124179123745489,4.1799616637825965,4.1799616637825965,-1.0,0.055782540037107455,3,2,1,0.0,-0.6044028252046647,2,1,1,0.0,-0.1634862869977951,0.2693648934364319,2.809468597173691,1.5270642638206482,0.002693648934364319,0.07778486609458923,-0.00705455057322979,-0.3960368037223816,1.8906347751617432,-0.11063296347856522,-0.3993801474571228,0.17811422049999237,-0.00705455057322979,5.810046507418155,0.030076641589403152,0.11855009198188782,0.0045136958360672,29569.375,12428.884765625,17140.490234375,29649.2578125,12488.3623046875,17160.89453125,-0.002701538847759366,-0.004785428289324045,-0.0011904150014743209,-0.2701538847759366,3.2699745018035173,3.251542533636093,3.0732417446561158,3.300086702108383,1.990726041793823,1.6248895087093114,4.124179123745489,81.87528143696997,81.87528143696997,greedy,4.124179123745489,0.0,hard_fault_cluster,,False
26,N766,control1,-0.19581671059131622,6.8784484195709235,4.495253473520278,0.9408308124542234,4.4709914727211,6.846143402498899,6.8784484195709235,6.8784484195709235,-0.6164744675581486,0.05240284678777445,3,2,1,0.0,-0.4702156442412256,2,1,1,0.0,-0.19581671059131622,0.27123957872390747,3.0235346192121506,1.4716437220573424,0.0027123957872390745,0.07131347060203552,-0.0027432721108198166,-0.4101729989051819,1.9834964275360107,-0.08127933740615845,-0.3566003441810608,0.1940416693687439,-0.0027432721108198166,6.2035956877470015,0.029435303062200546,0.1173718124628067,0.0051694102585315704,29650.060546875,12489.876953125,17160.18359375,29751.13671875,12546.677734375,17204.458984375,-0.0034089700784534216,-0.004547745455056429,-0.0025801232550293207,-0.34089700784534216,3.2120266128331423,5.016426602005959,3.0106543828733265,4.516754665970803,3.0332451999187473,2.3261418800055984,6.846143402498899,88.72142483946887,88.72142483946887,greedy,6.846143402498899,0.0,hard_fault_cluster,,False
27,N5234,observe,-0.2676179111003876,4.286184279918671,3.6444360971450807,0.06905526876449603,2.7860197819471364,4.33541219871972,4.286184279918671,4.286184279918671,1.0,0.049227918801048515,3,2,1,0.0,1.0,2,1,1,0.0,-0.2676179111003876,0.2723187804222107,4.560300076007843,4.714152359962463,0.002723187804222107,0.07034221291542053,-0.006411226466298103,0.2617541253566742,2.0044610500335693,0.20455419272184372,-0.021507546305656433,0.43061593174934387,-0.006411226466298103,-5.063819954395294,0.02612021565437317,0.11365599930286407,0.003266438841819763,29752.076171875,12547.560546875,17204.515625,29692.59765625,12477.859375,17214.73828125,0.0019991383887827396,0.005554957780987024,-0.0005941845010966063,0.19991383887827396,2.8779291193932295,-6.223989697694778,2.678498453926295,-6.223989697694778,4.149645817279815,3.2693995366990563,4.33541219871972,93.05683703818859,93.05683703818859,greedy,4.33541219871972,0.0,hard_fault_cluster,,False
28,N1437,control1,-0.20871280133724213,4.5109297903999686,4.546050810813903,-0.8082456450909373,2.9321043637599797,4.475897300778744,4.5109297903999686,4.5109297903999686,-0.7575353984515221,0.04624534997682607,3,2,1,0.0,-1.0,2,1,1,0.0,-0.20871280133724213,0.26826733350753784,0.1297829937934875,0.18240219205617902,0.0026826733350753785,0.07090145349502563,-0.005910230800509453,-0.5386569499969482,1.9282760620117188,-0.045672714710235596,-0.24442212283611298,0.15307669341564178,-0.005910230800509453,-5.136583751365542,0.02524157613515854,0.11296035349369049,0.002388734370470047,29692.5,12477.962890625,17214.537109375,29626.740234375,12460.263671875,17166.4765625,0.0022146927658468485,0.0014184381579980254,0.0027918582782149315,0.22146927658468485,2.7865147162228823,2.9644799780845643,2.589746889192611,3.397136600017548,3.456356199830771,2.6477940806373956,4.475897300778744,97.53273433896733,97.53273433896733,greedy,4.475897300778744,0.0,hard_fault_cluster,,False
29,N583,control1,-0.2750926613807678,4.869782042503357,4.556097042560577,-0.4820163249969482,3.165358327627182,4.826338556640746,4.869782042503357,4.869782042503357,-1.0,0.043443485862611285,3,2,1,0.0,-1.0,2,1,1,0.0,-0.2750926613807678,0.26573091745376587,0.4270755374431609,0.4246877074241638,0.0026573091745376587,0.059916675090789795,-0.004538595676422119,-0.6111380457878113,1.726011872291565,-0.07787204533815384,-0.3217887878417969,0.1660446971654892,-0.004538595676422119,-2.529975211620331,0.024794701486825943,0.10689492523670197,0.003226861357688904,29619.802734375,12449.408203125,17170.39453125,29655.05859375,12499.1064453125,17155.951171875,-0.0011902800761163235,-0.003992016427218914,0.000841178058180958,-0.11902800761163235,2.740662470459938,5.991236634254456,2.5447682291269302,5.991236634254456,2.7369938850402837,2.219445351585746,4.826338556640746,102.35907289560808,102.35907289560808,greedy,4.826338556640746,0.0,hard_fault_cluster,,False
30,N2040,observe,-0.3103531301021576,5.182133434563875,4.961643719673156,-0.19806051403284083,3.3683867324665187,5.2229448126773645,5.182133434563875,5.182133434563875,1.0,0.0408113781134896,3,2,1,0.0,1.0,2,1,1,0.0,-0.3103531301021576,0.2674325704574585,0.10257217168807975,0.5464586555957794,0.002674325704574585,0.07094120979309082,-0.0020029600709676743,0.24988210201263428,2.0997865200042725,0.23620032891631126,-0.020221807062625885,0.4926224648952484,-0.0020029600709676743,2.401667908579111,0.023010309785604477,0.11251376569271088,0.0007748492062091827,29662.3046875,12510.3056640625,17152.0,29747.55078125,12500.01953125,17247.53125,-0.002873886376619339,0.0008222127216868103,-0.0055696857161819935,-0.2873886376619339,2.5664605889469385,-5.443446378707885,2.3673883811570704,-5.443446378707885,0.7315813243389135,1.329379749745131,5.2229448126773645,107.58201770828545,107.58201770828545,greedy,5.2229448126773645,0.0,hard_fault_cluster,,False
31,N7411,control1,-0.3366430699825287,6.390000000000001,5.185420632362365,0.6300000000000002,4.1535,6.37326308909799,6.390000000000001,6.39396826222639,-0.4365534745003654,0.03833874171123212,1,2,0,0.0,-0.8964947191987053,1,1,1,0.10350528080129473,-0.3366430699825287,0.2648776173591614,6.0,5.293392419815063,0.0026487761735916136,0.0548253059387207,-0.014529535546898842,-0.5224833488464355,1.778806209564209,-0.031693316996097565,-0.10769318044185638,0.044306546449661255,-0.014529535546898842,-4.2,0.0261668860912323,0.09749451279640198,0.00324808806180954,29746.916015625,12499.40234375,17247.513671875,29457.61328125,12376.6142578125,17081.0,0.009725470095872879,0.009823516942560673,0.00965435802936554,0.9725470095872879,2.8670366909354925,6.12,2.6792756295762956,6.12,6.9,5.733652713000774,6.37326308909799,113.95528079738344,113.95528079738344,greedy,6.37326308909799,0.0,hard_fault_cluster,,False
32,N4635,control0,-0.05150118097662926,6.049748187884688,5.999999999999999,0.41347611956298364,3.932336322125048,6.0137322731093255,6.049748187884688,6.049748187884688,-1.0,0.03601591477536332,3,3,1,0.0,-1.0,2,2,1,0.0,-0.05150118097662926,0.2683955430984497,5.536020256206394,5.999999999999999,0.0026839554309844972,0.044966280460357666,-0.011298825964331627,-0.7339034676551819,1.7856521606445312,-0.0406552329659462,-0.18067355453968048,0.09936308860778809,-0.011298825964331627,-4.478387846276164,0.02471546083688736,0.09971471130847931,0.0026197582483291626,29458.5078125,12377.51171875,17080.99609375,29200.388671875,12273.169921875,16927.21875,0.008762125857174397,0.008429949171841145,0.00900283269584179,0.8762125857174397,2.728642800822854,0.30801012810319683,2.5358202629722655,0.30801012810319683,6.126700427010656,5.557355277556926,6.0137322731093255,119.96901307049276,119.96901307049276,greedy,6.0137322731093255,0.0,hard_fault_cluster,,False
33,N2044,observe,-0.2324025183916092,6.1878352415423885,5.623953437805175,0.501349699163338,4.022092907002553,6.221669062351542,6.1878352415423885,6.1878352415423885,1.0,0.033833820809153176,3,2,0,0.0,1.0,2,1,0,0.0,-0.2324025183916092,0.2667173743247986,1.119483732462249,1.3865622267188882,0.002667173743247986,0.06865277886390686,-0.00838799960911274,0.23039239645004272,2.101266860961914,0.2354406602680683,-0.025038205087184906,0.49591952562332153,-0.00838799960911274,5.594396521413227,0.02173512428998947,0.10662315785884857,-0.000257737934589386,29200.09375,12272.890625,16927.203125,29368.607421875,12314.169921875,17054.4375,-0.0057709976099431515,-0.0033634535502642393,-0.007516562007367611,-0.5770997609943151,2.431841803714633,0.9081107810139655,2.2380947726778686,0.5896372333168982,1.5655379799904043,2.530501999868557,6.221669062351542,126.1906821328443,126.1906821328443,greedy,6.221669062351542,0.0,hard_fault_cluster,,False
34,N1532,observe,-0.2791692316532135,4.5632822659611705,4.645576858520507,-0.7606524854898452,2.966133472874761,4.5950661991941795,4.5632822659611705,4.5632822659611705,1.0,0.0317839332330089,3,2,1,0.0,0.8041222148200191,2,1,1,0.0,-0.2791692316532135,0.2574719786643982,-1.3044411140680316,-1.0014010369777677,0.0025747197866439818,0.05737176537513733,-0.0066012050956487656,0.40248367190361023,1.8954083919525146,0.07357177883386612,-0.23948253691196442,0.38662609457969666,-0.0066012050956487656,-1.769213189482689,0.020817413926124573,0.09954740107059479,0.00012999027967453003,29368.947265625,12314.740234375,17054.20703125,29392.8671875,12330.318359375,17062.548828125,-0.0008144630119204521,-0.001264998223632574,-0.0004891342832706869,-0.08144630119204521,2.3326121661812067,3.9281871151924133,2.1444590860046446,4.104794270992279,1.9207401335239416,1.70300701469183,4.5950661991941795,130.78574833203848,130.78574833203848,greedy,4.5950661991941795,0.0,hard_fault_cluster,,False
35,N2042,observe,-0.3853752911090851,4.658206974416971,3.6140427827835078,0.397596845179796,3.0278345333710313,4.6880652164836505,4.658206974416971,4.658206974416971,1.0,0.029858242066679905,3,2,1,0.0,1.0,2,1,1,0.0,-0.3853752911090851,0.25419169664382935,0.3789301514625547,0.08116213679313661,0.0025419169664382935,0.05822053551673889,-0.0026149991899728775,0.2175542712211609,2.041335105895996,0.2471666820347309,-0.00556095689535141,0.49989432096481323,-0.0026149991899728775,5.231537081748248,0.019132200628519058,0.1017284095287323,-0.0018173158168792725,29392.48046875,12329.7353515625,17062.74609375,29467.48046875,12339.0087890625,17128.47265625,-0.0025516729801893234,-0.0007521197549067438,-0.0038520507514476776,-0.25516729801893234,2.1647967603057623,0.04351274609565725,1.97611423721537,-0.26392568707466135,0.6202641546726229,0.946165290772915,4.6880652164836505,135.47381354852212,135.47381354852212,greedy,4.6880652164836505,0.0,hard_fault_cluster,,False
36,N7413,control1,-0.39242133498191833,5.764278193116188,4.638184511661529,0.23181339561939257,3.7467808255255224,5.745588455279001,5.764278193116188,5.764278193116188,-0.666319280347549,0.028049222630085933,3,2,1,0.0,-0.9505117215542154,2,1,1,0.0,-0.39242133498191833,0.25406813621520996,3.85105642080307,2.7927362442016603,0.0025406813621520995,0.046376556158065796,-0.016264518722891808,-0.5360695719718933,1.7160366773605347,-0.03235633671283722,-0.08238348364830017,0.017670810222625732,-0.016264518722891808,-4.465457736253739,0.021868295967578888,0.08532820641994476,0.0009495168924331665,29467.056640625,12338.697265625,17128.359375,29222.84765625,12248.4013671875,16974.4453125,0.008287525735795498,0.007318106479942799,0.008985919877886772,0.8287525735795498,2.424633214250207,6.12,2.2462805011309683,6.12,6.015140879154206,4.535213971585035,5.745588455279001,141.21940200380112,141.21940200380112,greedy,5.745588455279001,0.0,hard_fault_cluster,,False
37,N4649,control0,-0.06938216835260391,8.37,5.999999999999999,1.89,5.4405,8.343650193859533,8.37,8.37,-1.0,0.026349806140466083,3,3,1,0.0,-1.0,2,2,1,0.0,-0.06938216835260391,0.2620401382446289,7.65,5.999999999999999,0.002620401382446289,0.03883564472198486,-0.012405721470713615,-0.7390360236167908,1.7667806148529053,-0.04021422564983368,-0.17655332386493683,0.09612487256526947,-0.012405721470713615,7.395,0.0210348442196846,0.08982673287391663,0.0005327984690666199,29223.376953125,12248.94140625,16974.435546875,28948.912109375,12138.298828125,16810.61328125,0.009391961619257927,0.00903282780200243,0.009651117026805878,0.9391961619257927,2.3531188387423754,1.575,2.165893026161939,1.575,6.15,5.572500000000001,8.343650193859533,149.56305219766065,149.56305219766065,greedy,8.343650193859533,0.0,hard_fault_cluster,,False
38,N7891,control1,-0.2352229803800583,6.0416004297882315,4.501055860519409,0.408291182592511,3.9270402793623505,6.024799460105788,6.0416004297882315,6.0416004297882315,-0.6787351313352699,0.024753352090956575,3,2,1,0.0,-1.0,2,1,1,0.0,-0.2352229803800583,0.25481975078582764,-0.019512628205121008,-0.7136784136295318,0.0025481975078582766,0.03779548406600952,-0.004493366926908493,-0.6270814538002014,1.7952587604522705,-0.04089248925447464,-0.2370578497648239,0.15527287125587463,-0.004493366926908493,5.606302637346089,0.01664956659078598,0.0788799375295639,0.000609077513217926,28948.16015625,12137.484375,16810.67578125,28991.943359375,12180.615234375,16811.328125,-0.001512469258159399,-0.0035535255447030067,-3.8805326767032966e-05,-0.1512469258159399,1.9152830429375172,1.112751934863627,1.7275382550433278,1.081724468804896,1.3149707984179262,1.1844265353493395,6.024799460105788,155.58785165776644,155.58785165776644,greedy,6.024799460105788,0.0,hard_fault_cluster,,False
39,N7511,control1,-0.07869691401720047,3.0900000000000003,5.440889596939086,-2.0999999999999996,2.0085,3.0667463776973345,3.0900000000000003,3.0900000000000003,-1.0,0.023253622302665873,3,2,1,0.0,-1.0,2,1,1,0.0,-0.07869691401720047,0.24821217358112335,-5.6850000000000005,-3.974189275503158,0.0024821217358112335,0.04725867509841919,-0.0038817860186100006,-0.7812730669975281,1.6759344339370728,-0.03614192456007004,-0.2759554386138916,0.20367158949375153,-0.0038817860186100006,-5.73,0.015600722283124924,0.08653630316257477,-0.00226457417011261,28991.767578125,12180.568359375,16811.19921875,28742.138671875,12033.86328125,16708.275390625,0.008610337972640991,0.012044189497828484,0.0061223371885716915,0.8610337972640991,1.8044026158750057,0.3150000000000002,1.6211548252031207,0.3150000000000002,1.5000000000000007,1.8904991902410988,3.0667463776973345,158.65459803546378,158.65459803546378,greedy,3.0667463776973345,0.0,hard_fault_cluster,,False
40,N7881,control1,-0.12411706894636154,4.57013420343399,5.102738714218139,-0.7544234514236451,2.9705872322320936,4.556978472959954,4.57013420343399,4.57013420343399,-0.6022374497337172,0.021844756548855097,3,2,1,0.0,-1.0,2,1,1,0.0,-0.12411706894636154,0.2504575848579407,-4.836861404180527,-3.7475792884826653,0.0025045758485794066,0.04766881465911865,0.0038945451378822327,-0.5841645002365112,1.8063437938690186,-0.03403373807668686,-0.2088402658700943,0.14077278971672058,0.0038945451378822327,2.600077403783798,0.014425642788410187,0.07929106056690216,-0.0016251131892204285,28742.474609375,12034.150390625,16708.32421875,28819.5625,12116.98046875,16702.58203125,-0.002682019956409931,-0.006882918532937765,0.0003436722618062049,-0.2682019956409931,1.6969164088368416,4.374261132478714,1.5061523113399744,4.793787603378296,0.4284001350402839,1.1144293045997624,4.556978472959954,163.21157650842372,163.21157650842372,greedy,4.556978472959954,0.0,hard_fault_cluster,,False
41,N7882,control1,-0.10119938105344772,3.572154428064823,5.710888195037841,-1.6616777926683426,2.321900378242135,3.5588705217893453,3.572154428064823,3.572154428064823,-0.647324431902228,0.0205212496559747,3,2,1,0.0,-1.0,2,1,1,0.0,-0.10119938105344772,0.25618284940719604,-2.9016917417943477,-1.6633721351623532,0.0025618284940719604,0.045918673276901245,0.007335280999541283,-0.601606547832489,1.7927114963531494,-0.027482323348522186,-0.20615534484386444,0.15119069814682007,0.007335280999541283,-3.9030203649401667,0.013886772096157074,0.07686933875083923,-0.001582510769367218,28819.5859375,12116.998046875,16702.587890625,28824.15625,12134.41796875,16689.73828125,-0.00015858355618547648,-0.0014376433100551367,0.0007693184888921678,-0.015858355618547648,1.6521953400224447,2.03455914080143,1.4545567422173917,2.129561482071877,1.5700065135955816,2.0517036689817907,3.5588705217893453,166.77044703021306,166.77044703021306,greedy,3.5588705217893453,0.0,hard_fault_cluster,,False
42,N7883,control1,-0.02642909809947014,5.088540544211865,5.999999999999999,-0.28314495980739585,3.307551353737712,5.076365326768246,5.088540544211865,5.088540544211865,-0.6315624887434291,0.01927792999207918,3,2,1,0.0,-1.0,2,1,1,0.0,-0.02642909809947014,0.2633897662162781,1.0958021080493925,0.7574277281761169,0.002633897662162781,0.04682019352912903,0.012312008067965508,-0.5658450722694397,1.8166072368621826,-0.024862855672836304,-0.2113380879163742,0.1616123765707016,0.012312008067965508,-3.0683803766965867,0.012108586728572845,0.07279391586780548,-0.0024123415350914,28824.18359375,12134.4384765625,16689.74609375,28806.376953125,12132.89453125,16673.482421875,0.0006177673931233585,0.00012723664985969663,0.0009744709241203964,0.06177673931233585,1.4865604471415281,6.09650526046753,1.2797841164283454,6.09650526046753,3.788606828451157,3.6163909740746023,5.076365326768246,171.8468123569813,171.8468123569813,greedy,5.076365326768246,0.0,hard_fault_cluster,,False
43,N3805,control0,-0.07310131937265396,0.7485572700202465,2.272143733501434,0.09005520805716515,0.48656222551316025,0.7485572700202465,0.7485572700202465,0.7485572700202465,0.0,0.018109939258562864,1,3,0,0.0,0.007386659291521504,1,2,0,0.0,-0.07310131937265396,0.2668226957321167,0.7018359988927841,2.2719954073429105,0.002668226957321167,0.046379804611206055,0.01968255825340748,-0.32559388875961304,2.0137293338775635,0.0023379847407341003,-0.15679456293582916,0.16147053241729736,0.01968255825340748,-0.3118096694350243,0.010221697390079498,0.07780084013938904,-0.004198528826236725,28806.9609375,12133.501953125,16673.458984375,28770.23828125,12071.435546875,16698.802734375,0.0012747840955853462,0.00511529203504324,-0.0015200055204331875,0.12747840955853462,1.308674992993474,0.7104019606113434,1.0937960525043309,0.7103996539115905,0.7755942672491074,2.4114691314101218,0.7485572700202465,172.59536962700156,172.59536962700156,greedy,0.7485572700202465,0.0,hard_fault_cluster,,False
44,N7884,control1,-0.03354902192950249,3.025536632239819,3.5029987812042234,-0.2206532090902328,1.9665988109558823,3.0174917807456265,3.025536632239819,3.025536632239819,-0.4728729189047774,0.01701271350625255,3,2,1,0.0,-1.0,2,1,1,0.0,-0.03354902192950249,0.26717233657836914,0.32007888376712795,0.41434879302978517,0.0026717233657836915,0.049287617206573486,0.016836965456604958,-0.5364229679107666,1.8653287887573242,-0.02354264259338379,-0.2158999890089035,0.16881470382213593,0.016836965456604958,-1.2879260987043382,0.010379374027252197,0.07404202222824097,-0.0037028416991233826,28769.6640625,12070.837890625,16698.826171875,28735.22265625,12075.1044921875,16660.1171875,0.0011971431085839868,-0.00035346357617527246,0.002318066079169512,0.11971431085839868,1.3219467047601938,1.4443436920642854,1.1089397282339633,1.5029423415660859,1.791875433921814,1.9841470731794835,3.0174917807456265,175.61286140774718,175.61286140774718,greedy,3.0174917807456265,0.0,hard_fault_cluster,,False
45,N4656,control0,0.23552124202251434,5.060065788123756,5.366041898727417,0.3023712207563221,3.2890427622804417,5.045495497761832,5.060065788123756,5.060065788123756,-0.9116707543092936,0.015981965301676893,3,3,1,0.0,-1.0,2,2,1,0.0,0.23552124202251434,0.27589941024780273,1.5514439151715487,1.965939253568649,0.0027589941024780272,0.03999793529510498,0.019499899819493294,-0.7344074845314026,1.8422060012817383,-0.0227121040225029,-0.18126998841762543,0.13584578037261963,0.019499899819493294,1.42616489155218,0.007754717022180557,0.07447785139083862,-0.005586870014667511,28735.888671875,12075.75390625,16660.134765625,28535.576171875,11985.7109375,16549.865234375,0.006970812566578388,0.007456508930772543,0.006618765648454428,0.6970812566578388,1.0708710122853518,0.9540284404251724,0.8493215297348797,0.8869185724947601,2.922460337728262,3.3937211709842083,5.045495497761832,180.658356905509,180.658356905509,greedy,5.045495497761832,0.0,hard_fault_cluster,,False
46,N7885,control1,0.12243571132421494,0.9923951388150453,1.3663718342781066,0.020326801910996443,0.6450568402297795,0.9862120928415897,0.9923951388150453,0.9923951388150453,-0.41182783554706115,0.015013666973826986,3,2,1,0.0,-0.8384209121747624,2,1,1,0.0,0.12243571132421494,0.2701418399810791,0.46643183708190916,0.4659217685461044,0.002701418399810791,0.04960441589355469,0.012178627774119377,-0.5352962017059326,1.856194019317627,-0.022773511707782745,-0.22450198233127594,0.17895495891571045,0.012178627774119377,-0.5023311747610569,0.007817380130290985,0.06847614049911499,-0.004991970956325531,28534.9453125,11985.080078125,16549.865234375,28592.296875,12022.828125,16569.46875,-0.002009871182963252,-0.00314958649687469,-0.0011845120461657643,-0.2009871182963252,1.064058480784297,1.0005768954753875,0.8523181299678981,1.028491073846817,0.8595058456063271,1.1742542006820442,0.9862120928415897,181.6445689983506,181.6445689983506,greedy,0.9862120928415897,0.0,hard_fault_cluster,,False
47,N3701,control0,0.0329783596098423,0.8884495082497597,-1.328814274072647,0.17986136585474014,0.5774921803623438,0.8913143430974443,0.8884495082497597,0.8936743833846009,0.20312165085261413,0.014104034875944338,2,3,0,0.0,0.3933446169964199,2,2,1,0.3704525109869592,0.0329783596098423,0.27190840244293213,0.8297736749053001,0.46488189529627555,0.0027190840244293215,0.0429462194442749,0.012328187003731728,-0.2791666090488434,2.0281083583831787,-0.014188326895236969,-0.19020111858844757,0.16182446479797363,0.012328187003731728,0.41519738703966136,0.006540857255458832,0.07021938264369965,-0.005983695387840271,28592.931640625,12023.583984375,16569.34765625,28592.3671875,11989.2392578125,16603.12890625,1.9741002688533626e-05,0.002856446662917733,-0.00203877966850996,0.0019741002688533626,0.938322314992547,0.8116788908839225,0.7251448729075491,0.8116174682974815,0.7766064941883087,-0.6011707136314363,0.8913143430974443,182.53588334144803,182.53588334144803,greedy,0.8913143430974443,0.0,hard_fault_cluster,,False
48,N7886,control1,0.11372289806604385,1.0515741769969464,1.469656193256378,0.036749707311391835,0.6835232150480152,1.0477409600440277,1.0515741769969464,1.0515741769969464,-0.2893099912261002,0.01324951460083895,3,2,1,0.0,-0.8603789921034901,2,1,1,0.0,0.11372289806604385,0.26868218183517456,0.48154141515493387,0.4604040205478668,0.0026868218183517456,0.04704359173774719,0.006819227710366249,-0.5367768406867981,1.8397347927093506,-0.011290527880191803,-0.21004001796245575,0.18745896220207214,0.006819227710366249,-0.4369562819600106,0.007584799081087112,0.0668850690126419,-0.004609584808349609,28591.734375,11988.494140625,16603.240234375,28556.166015625,11991.458984375,16564.70703125,0.001244008424691856,-0.00024730744189582765,0.0023208241909742355,0.12440084246918559,1.033981317654252,1.2525836682319642,0.8273552604950964,1.2904134368896485,0.9439287453889847,1.2205428732931614,1.0477409600440277,183.58362430149205,183.58362430149205,greedy,1.0477409600440277,0.0,hard_fault_cluster,,False
49,N7887,control1,0.1692381054162979,1.0089667933434248,1.509981632232666,0.03162963174283505,0.6558284156732261,1.0053658192652548,1.0089667933434248,1.0089667933434248,-0.2893099912261002,0.012446767091965986,3,2,1,0.0,-0.8603789921034901,2,1,1,0.0,0.1692381054162979,0.2663368582725525,0.4679970915615559,0.4600611120462418,0.002663368582725525,0.0460205078125,0.002137027680873871,-0.547696590423584,1.7917348146438599,-0.006112284958362579,-0.20250599086284637,0.19028142094612122,0.002137027680873871,-0.44742334201931955,0.007929306477308273,0.06323102116584778,-0.004160843789577484,28556.193359375,11991.478515625,16564.71484375,28552.90625,12010.314453125,16542.591796875,0.00011511021148180589,-0.0015707769198343158,0.0013355525443330407,0.011511021148180589,1.0614045336842537,1.098880774974823,0.8600491192191839,1.1251334857940676,0.9001457884907722,1.21717224560678,1.0053658192652548,184.5889901207573,184.5889901207573,greedy,1.0053658192652548,0.0,hard_fault_cluster,,False
50,N3903,control0,0.1377394199371338,0.9221232511190465,2.311999118328094,0.1678973357164068,0.5993801132273803,0.9220961178407396,0.9221232511190465,0.9221232511190465,-0.0023205402813855198,0.011692655595989745,2,3,0,0.0,-0.02221703872217454,1,2,0,0.0,0.1377394199371338,0.26930510997772217,0.8572490715247113,0.945270335674286,0.0026930510997772218,0.03473278880119324,0.002035345882177353,-0.3387463688850403,1.9700276851654053,0.003222033381462097,-0.17938725650310516,0.18583132326602936,0.002035345882177353,0.22557145031169057,0.007048729807138443,0.06637582182884216,-0.0048797354102134705,28553.37109375,12010.87109375,16542.5,28547.921875,11992.1630859375,16555.759765625,0.00019084327504970133,0.0015575896250084043,-0.0008015575585886836,0.019084327504970133,0.9762134365737438,0.8138432253804058,0.7727080946788192,0.813812648197636,0.8468937814235687,1.894799684137106,0.9220961178407396,185.51108623859804,185.51108623859804,greedy,0.9220961178407396,0.0,hard_fault_cluster,,False
51,N4663,control0,0.23912285268306732,1.2991973353549837,2.55907244682312,0.2057026660069823,0.8444782679807394,1.291079239956654,1.2991973353549837,1.2991973353549837,-0.7390679985009074,0.010984233405851855,3,3,1,0.0,-1.0,2,2,1,0.0,0.23912285268306732,0.27384334802627563,1.047833413258195,2.3867756128311157,0.0027384334802627564,0.02525418996810913,-0.0001350250095129013,-0.7568978667259216,1.8077353239059448,-0.021168261766433716,-0.17219315469264984,0.1298566311597824,-0.0001350250095129013,0.41532703578472135,0.004273757338523865,0.06502367556095123,-0.005687884986400604,28548.078125,11992.2333984375,16555.845703125,28371.0234375,11916.3515625,16454.671875,0.006201982498168945,0.006327581591904163,0.006111063528805971,0.6201982498168945,0.7010840568691492,0.5147002671658993,0.49580281460657716,0.49594104632735253,1.0543688863515854,2.317019498795271,1.291079239956654,186.80216547855468,186.80216547855468,greedy,1.291079239956654,0.0,hard_fault_cluster,,False
52,N704,observe,0.35128524899482727,1.6139419114589693,1.8446514725685117,0.3435187351703644,1.04906224244833,1.6206897736956232,1.6139419114589693,1.6139419114589693,0.6539429466814167,0.010318732346449387,3,2,1,0.0,0.21093688572031954,2,1,1,0.0,0.35128524899482727,0.2756996154785156,1.2496745051443576,1.5725017189979553,0.0027569961547851563,0.034652650356292725,0.00024744682013988495,0.5232048630714417,1.7757694721221924,0.16887452453374863,-0.10593535006046295,0.4436843991279602,0.00024744682013988495,1.4246633107960225,0.007472656667232513,0.06777726113796234,-0.0038824304938316345,28370.4375,11915.453125,16454.984375,28442.08203125,11959.78125,16482.30078125,-0.002525323536247015,-0.0037202215753495693,-0.0016600687522441149,-0.2525323536247015,1.0232127290219069,1.5524325913190842,0.8162524322979152,1.5648352330923079,1.1633140742778778,2.1041026189923286,1.6206897736956232,188.42285525225032,188.42285525225032,greedy,1.6206897736956232,0.0,hard_fault_cluster,,False
53,N724,observe,0.36155736446380615,1.8344794957339763,2.169315457344055,0.5290318544209003,1.1924116722270846,1.8413558603775049,1.8344794957339763,1.8344794957339763,0.709375126204685,0.009693551957930502,3,2,1,0.0,0.5682448358257376,2,1,1,0.0,0.36155736446380615,0.2706897258758545,1.4558369728922842,2.4282703459262844,0.0027068972587585447,0.035386085510253906,-0.002193281427025795,0.37204015254974365,1.7864810228347778,0.19781453907489777,-0.029069602489471436,0.42469868063926697,-0.002193281427025795,2.7201742188632485,0.0084800124168396,0.06668169796466827,-0.0031765997409820557,28442.236328125,11959.66015625,16482.576171875,28501.5390625,11997.9169921875,16503.623046875,-0.002085023559629917,-0.00319882296025753,-0.001276916591450572,-0.20850235596299171,1.1164976861327887,1.563914609849453,0.9151253527961671,1.5629368552565575,1.1193089455366134,2.6228281049430366,1.8413558603775049,190.26421111262783,190.26421111262783,greedy,1.8413558603775049,0.0,hard_fault_cluster,,False
54,N713,observe,0.35287338495254517,2.198015780299902,1.726044273376465,0.9136612059175967,1.4287102571949362,2.206675149414043,2.198015780299902,2.198015780299902,0.9509259845856997,0.009106249334341059,3,2,1,0.0,0.6363916142105295,2,1,1,0.0,0.35287338495254517,0.26483893394470215,1.7526391581445928,2.37218257188797,0.0026483893394470214,0.03606194257736206,-0.0033279750496149063,0.5140486359596252,1.7467339038848877,0.18421658128499985,-0.09923236072063446,0.46766552329063416,-0.0033279750496149063,5.4861867009848355,0.009141683578491211,0.06611855328083038,-0.0028512030839920044,28501.439453125,11998.138671875,16503.30078125,28549.01953125,12027.5703125,16521.44921875,-0.0016693921061232686,-0.002453017281368375,-0.0010996853234246373,-0.16693921061232686,1.1756793167442083,1.772847825810313,0.9795460975728929,1.7689982002228497,0.9963114120066165,2.2894500989094375,2.206675149414043,192.4708862620419,192.4708862620419,greedy,2.206675149414043,0.0,hard_fault_cluster,,False
55,N4677,control0,0.3358881175518036,1.4218265105783938,2.4629059433937073,0.3693029044568538,0.924187231875956,1.4152265978290972,1.4218265105783938,1.4218265105783938,-0.7715108924673421,0.008554529577916508,3,3,0,0.0,-1.0,2,2,0,0.0,0.3358881175518036,0.26219481229782104,1.2093833979219197,2.381881725788116,0.0026219481229782103,0.02782723307609558,-0.008132530376315117,-0.7382513284683228,1.734197735786438,-0.01902896538376808,-0.15219666063785553,0.11413872987031937,-0.008132530376315117,1.768815178349614,0.006405673921108246,0.061017878353595734,-0.00442911684513092,28549.21484375,12028.2451171875,16520.96875,28335.1484375,11929.4169921875,16405.732421875,0.007498153951019049,0.008216338232159615,0.0069751557894051075,0.7498153951019049,0.8946296740323305,0.7292988691478968,0.7040829625912011,0.7135126683861017,0.9639741532504558,2.311566764526069,1.4152265978290972,193.886112859871,193.886112859871,greedy,1.4152265978290972,0.0,hard_fault_cluster,,False
56,N4670,control0,0.37809059023857117,1.0655189861357213,2.3679577589035032,0.21336482480168342,0.6925873409882188,1.059149691091408,1.0655189861357213,1.0655189861357213,-0.7925718439722599,0.008036236831719017,3,3,1,0.0,-1.0,2,2,1,0.0,0.37809059023857117,0.2673966884613037,0.9736969776451587,2.3490390181541443,0.002673966884613037,0.03517568111419678,-0.00046700797975063324,-0.748278796672821,1.7645827531814575,-0.02732343226671219,-0.17483077943325043,0.12018391489982605,-0.00046700797975063324,1.2365017891675234,0.0031974539160728455,0.06077565997838974,-0.006765902042388916,28335.15625,11929.4228515625,16405.734375,28115.267578125,11815.521484375,16299.74609375,0.007760277483612299,0.009547935798764229,0.006460441276431084,0.7760277483612299,0.5866750720888376,0.5751211804896593,0.3864778117276728,0.5469262463599444,0.9001541994512081,2.217554440163076,1.059149691091408,194.9452625509624,194.9452625509624,greedy,1.059149691091408,0.0,hard_fault_cluster,,False
57,N3896,control0,0.356558233499527,0.9588749647140503,2.3311754584312436,0.17559505701065062,0.6232687270641327,0.9585283175174576,0.9588749647140503,0.9588749647140503,-0.045917514341519736,0.007549345855579625,3,3,1,0.0,-0.12376406526968027,2,2,1,0.0,0.356558233499527,0.2688799500465393,0.8569196864962577,0.8711766362190245,0.002688799500465393,0.037664324045181274,-0.001201629638671875,-0.39610105752944946,1.8499271869659424,0.0006401762366294861,-0.21434371173381805,0.21562406420707703,-0.001201629638671875,0.3438684985041618,0.002423033118247986,0.05922437459230423,-0.007144749164581299,28115.068359375,11815.42578125,16299.642578125,28066.4609375,11773.130859375,16293.330078125,0.0017288743983954191,0.0035796358715742826,0.00038727844366803765,0.1728874398395419,0.509981632232666,0.8109781271219254,0.30922289192676544,0.8099382883310319,0.8330926299095154,1.752392968982458,0.9585283175174576,195.90379086847986,195.90379086847986,greedy,0.9585283175174576,0.0,hard_fault_cluster,,False
58,N4691,control0,0.3589470684528351,1.0958940868079663,2.348190826177597,0.24886737927794458,0.7123311564251781,1.09036019695828,1.0958940868079663,1.0958940868079663,-0.7803053660469342,0.007091954112428275,2,3,0,0.0,-1.0,2,2,0,0.0,0.3589470684528351,0.2710796594619751,1.0523986145853996,2.39543097615242,0.002710796594619751,0.035555899143218994,0.0003552045673131943,-0.7884887456893921,1.7770376205444336,-0.03318776190280914,-0.18812213838100433,0.12174661457538605,0.0003552045673131943,0.8383455073833466,-0.0010593608021736145,0.05810955911874771,-0.008306354284286499,28066.67578125,11773.234375,16293.44140625,27864.474609375,11665.125,16199.349609375,0.007204315159469843,0.009182640351355076,0.005774826277047396,0.7204315159469843,0.16549878381192684,0.3861748054623604,-0.03807736421003938,0.35692597180604935,0.8693932533264161,2.2575383549928665,1.09036019695828,196.99415106543813,196.99415106543813,greedy,1.09036019695828,0.0,hard_fault_cluster,,False
59,N4684,control0,0.360498309135437,1.092957107797265,-1.2586694359779358,0.25261133439838884,0.7104221200682224,1.0863161787390576,1.092957107797265,1.092957107797265,-0.9967960977271285,0.006662274334088871,3,3,1,0.0,-1.0,2,2,1,0.0,0.360498309135437,0.27281975746154785,1.0809521842747924,-1.1770325541496276,0.0027281975746154784,0.034968942403793335,-0.0009642951190471649,-0.8270819783210754,1.7738012075424194,-0.035483039915561676,-0.19389019906520844,0.12292411923408508,-0.0009642951190471649,0.8178985910862684,-0.0037146061658859253,0.05641166865825653,-0.00964837521314621,27864.49609375,11665.1279296875,16199.3671875,27716.42578125,11578.79296875,16137.6318359375,0.005313941743224859,0.0074011157266795635,0.0038109731394797564,0.5313941743224859,-0.09960515424609184,0.39213158760219813,-0.30349675100296736,0.36476961348205805,0.8794412534683943,-0.9362090072222052,1.0863161787390576,198.08046724417719,198.08046724417719,greedy,1.0863161787390576,0.0,hard_fault_cluster,,False
60,N3889,control0,0.38108304142951965,1.0775170488655568,2.3677946627140045,0.22113339796662326,0.700386081762612,1.0773318363502729,1.0775170488655568,1.0775170488655568,-0.029593151881065444,0.006258627537490037,2,3,0,0.0,-0.15636210288687025,1,2,0,0.0,0.38108304142951965,0.274962842464447,1.0397661939263343,0.9665290057659148,0.0027496284246444702,0.03217300772666931,-0.00373760424554348,-0.43455854058265686,1.7950471639633179,-0.010149963200092316,-0.2490984946489334,0.22879856824874878,-0.00373760424554348,0.5478761446475983,-0.00319632887840271,0.05307929962873459,-0.00884421169757843,27716.240234375,11578.69921875,16137.541015625,27713.32421875,11569.6455078125,16143.6796875,0.00010520964133320376,0.0007819281308911741,-0.00038039698847569525,0.010520964133320376,-0.048407649621367455,0.849797447323799,-0.2518265782855451,0.8473413485288619,0.9215571343898773,1.2459288129210475,1.0773318363502729,199.15779908052747,199.15779908052747,greedy,1.0773318363502729,0.0,hard_fault_cluster,,False
61,N3882,control0,0.4003468453884125,1.099160819463432,2.4085230231285095,0.20158350255340338,0.7144545326512308,1.0989224230850947,1.099160819463432,1.099160819463432,-0.04054748780717625,0.005879436464002277,3,3,1,0.0,-0.16474997721696294,2,2,1,0.0,0.4003468453884125,0.27567172050476074,0.9864779356867075,0.5819607365876436,0.0027567172050476075,0.028840839862823486,-0.004546618089079857,-0.42267805337905884,1.77590012550354,-0.01198124885559082,-0.2595481276512146,0.23558562994003296,-0.004546618089079857,0.4729720067977905,-0.0034986361861228943,0.049691081047058105,-0.007932402193546295,27713.4140625,11569.69921875,16143.7158203125,27653.62109375,11532.953125,16120.6669921875,0.0021575461141765118,0.0031760630663484335,0.0014277275186032057,0.21575461141765118,-0.07873851619660854,0.8111936968564988,-0.2820823430083692,0.8086599749326706,0.92348992228508,1.6914441510196774,1.0989224230850947,200.25672150361257,200.25672150361257,greedy,1.0989224230850947,0.0,hard_fault_cluster,,False
62,N3722,control0,0.4139392375946045,1.0722542333230376,2.4007987558841704,0.1907809845730662,0.6969652516599745,1.0701600841488073,1.0722542333230376,1.0722542333230376,-0.3791537174972758,0.005523219416265611,3,3,1,0.0,-0.03528745668045445,2,2,1,0.0,0.4139392375946045,0.2762393355369568,0.9786725509911776,0.6806929111480712,0.0027623933553695677,0.024628251791000366,-0.005352826789021492,-0.36849281191825867,1.7643470764160156,-0.04593072086572647,-0.3109366297721863,0.21907518804073334,-0.005352826789021492,0.3587552687525749,-0.00389089435338974,0.04767239838838577,-0.007680945098400116,27653.83203125,11533.076171875,16120.7568359375,27575.857421875,11486.080078125,16089.77734375,0.002819667337462306,0.004074896685779095,0.0019217145163565874,0.2819667337462306,-0.1182029265910387,0.8394619058072567,-0.3213678081519902,0.8399249623715878,0.9308228343725203,1.225244842255488,1.0701600841488073,201.32688158776136,201.32688158776136,greedy,1.0701600841488073,0.0,hard_fault_cluster,,False
63,N4606,control0,0.4217691719532013,1.2430086245015264,2.3950628519058226,0.30560353916138405,0.8079556059259921,1.2426416886724645,1.2430086245015264,1.2430086245015264,-0.07071983337553261,0.0051885844684249356,3,3,1,0.0,-0.10836021420065249,2,2,1,0.0,0.4217691719532013,0.2765812277793884,1.5633734036237001,1.5588798522949219,0.002765812277793884,0.020096182823181152,-0.005535945296287537,-0.45464688539505005,1.7721962928771973,-0.017927445471286774,-0.25832128524780273,0.2224663943052292,-0.005535945296287537,0.9030578124523163,-0.004494473338127136,0.0458880215883255,-0.007711350917816162,27575.8359375,11486.0986328125,16089.7373046875,27492.69921875,11435.943359375,16056.755859375,0.0030148394871503115,0.0043666064739227295,0.0020498435478657484,0.30148394871503115,-0.17840205132961273,0.9631091821193695,-0.3816860131919384,0.9666350531578063,1.1722170591354368,1.568931175917387,1.2426416886724645,202.56952327643384,202.56952327643384,greedy,1.2426416886724645,0.0,hard_fault_cluster,,False
64,N4585,control0,0.422614187002182,1.104435093998909,2.324033188819885,0.2767459744215012,0.7178828110992909,1.103682221844006,1.104435093998909,1.104435093998909,-0.15445989981364402,0.004874224027149499,3,3,1,0.0,-0.1849362821056256,2,2,1,0.0,0.422614187002182,0.27529412508010864,1.142431366443634,1.1917770445346831,0.0027529412508010866,0.016922086477279663,-0.006338389590382576,-0.4646267890930176,1.7461167573928833,-0.012013129889965057,-0.2346511334180832,0.21062487363815308,-0.006338389590382576,0.9124732589721679,-0.0054785460233688354,0.04231860488653183,-0.007599472999572754,27492.78515625,11436.00390625,16056.78125,27405.533203125,11379.23828125,16026.294921875,0.003173630917444825,0.004963763989508152,0.0018986575305461884,0.3173630917444825,-0.2788988668471575,0.9105261571705341,-0.48061566846445203,0.9094600088894367,0.9082375004887581,1.3939883586764337,1.103682221844006,203.67320549827784,203.67320549827784,greedy,1.103682221844006,0.0,hard_fault_cluster,,False
65,N4578,control0,0.42190423607826233,1.2414284981787205,2.378636074066162,0.3226265273988247,0.8069285238161683,1.2406691438999908,1.2414284981787205,1.2414284981787205,-0.16583735535354335,0.004578909722183545,2,3,0,0.0,-0.23813545146755025,1,2,0,0.0,0.42190423607826233,0.27388399839401245,1.3635811954736707,1.5675978660583496,0.0027388399839401245,0.012523472309112549,-0.00792144425213337,-0.4755624532699585,1.7176480293273926,-0.014351263642311096,-0.24368877708911896,0.21498624980449677,-0.00792144425213337,0.9582628539204597,-0.0062975212931632996,0.03903605788946152,-0.007760465145111084,27405.689453125,11379.32421875,16026.365234375,27321.28125,11320.1865234375,16001.09375,0.0030799517408013344,0.0051969424821436405,0.0015768693992868066,0.30799517408013344,-0.3637895751744509,0.9982669542729855,-0.5632614907808602,0.9513165543973446,1.0725664854049684,2.1363026486337184,1.2406691438999908,204.91387464217783,204.91387464217783,greedy,1.2406691438999908,0.0,hard_fault_cluster,,False
66,N4564,control0,0.4001908004283905,1.31394338067621,2.396032166481018,0.3596979999914765,0.8540631974395365,1.3135160112102264,1.31394338067621,1.31394338067621,-0.09935387593387632,0.004301487606462846,2,3,0,0.0,-0.21770496880939932,1,2,0,0.0,0.4001908004283905,0.2706942558288574,1.797447172924876,1.7827377796173094,0.002706942558288574,0.007688701152801514,-0.009994426742196083,-0.4630125164985657,1.6855998039245605,-0.012442260980606079,-0.2381959706544876,0.21331144869327545,-0.009994426742196083,0.5829063114523887,-0.007239438593387604,0.03547424077987671,-0.008116580545902252,27321.46484375,11320.2880859375,16001.177734375,27251.19140625,11261.505859375,15989.685546875,0.00257209618575871,0.005192643962800503,0.0007182088447734714,0.257209618575871,-0.46324403025209904,0.8073601219058036,-0.658768902067095,0.7797696465998888,1.2766224458813669,2.232532274499536,1.3135160112102264,206.22739065338806,206.22739065338806,greedy,1.3135160112102264,0.0,hard_fault_cluster,,False
67,N7471,control0,0.37693363428115845,1.5334666366875171,2.5001455307006832,0.41475679442286484,0.9967533138468861,1.5350802900770109,1.5334666366875171,1.5334666366875171,0.39933280038963653,0.0040408736470414685,3,3,1,0.0,-0.030441511779809274,2,2,1,0.0,0.37693363428115845,0.2707977890968323,1.8586448460817337,2.0584314346313475,0.002707977890968323,0.019946157932281494,-0.011521732434630394,-0.7067184448242188,1.849349856376648,0.0304303839802742,-0.0767919272184372,0.1376526951789856,-0.011521732434630394,1.044097012579441,-0.004433780908584595,0.046794600784778595,-0.008551083505153656,27247.05078125,11257.029296875,15990.021484375,27214.515625,11193.333984375,16021.1806640625,0.0011940798722207546,0.005658270325511694,-0.0019486640812829137,0.11940798722207546,-0.1841020341962576,1.394036619067192,-0.378559076692909,1.3579692763090132,1.3822586312890053,2.01710998930037,1.5350802900770109,207.76247094346508,207.76247094346508,greedy,1.5350802900770109,0.0,hard_fault_cluster,,False
68,N4557,control0,0.3324165642261505,1.3715751930698754,2.4903676033020017,0.3079743565246463,0.891523875495419,1.3708305177871456,1.3715751930698754,1.3715751930698754,-0.19617112075238816,0.0037960494892094864,3,3,1,0.0,-0.24710490728908163,2,2,1,0.0,0.3324165642261505,0.2650047540664673,1.584125280752778,1.486405551433563,0.0026500475406646727,0.007485330104827881,-0.01057572104036808,-0.514374315738678,1.7038711309432983,-0.006258644163608551,-0.20907624065876007,0.19655895233154297,-0.01057572104036808,0.465863085091114,-0.006642147898674011,0.03818404674530029,-0.00814838707447052,27218.892578125,11197.93359375,16020.958984375,27220.400390625,11194.11328125,16026.287109375,-5.53958052478265e-05,0.0003411622892599553,-0.0003325721772853285,-0.00553958052478265,-0.4097857568413019,0.7438895925134421,-0.6006075316108763,0.7314463480561972,1.2680250123143197,2.161841378286481,1.3708305177871456,209.13330146125222,209.13330146125222,greedy,1.3708305177871456,0.0,hard_fault_cluster,,False
69,N4712,control0,0.34269991517066956,1.5854098346829413,2.6281345248222348,0.33133255630731584,1.0305163925439118,1.583799908030316,1.5854098346829413,1.5854098346829413,-0.4514582873208544,0.003566058477249814,3,3,1,0.0,-0.8500350960268812,2,2,1,0.0,0.34269991517066956,0.2630646824836731,1.6365821287035942,1.4284563422203063,0.002630646824836731,0.020946472883224487,-0.0103477593511343,-0.9216899871826172,1.6783723831176758,-0.045854389667510986,-0.2177954763174057,0.12608669698238373,-0.0103477593511343,0.6550494375824929,-0.00857977569103241,0.03771959990262985,-0.009560100734233856,27220.595703125,11194.2265625,16026.369140625,27060.98828125,11119.837890625,15941.1494140625,0.005863480269908905,0.006645271088927984,0.005317469127476215,0.5863480269908905,-0.6052606459707022,0.38068156510591505,-0.7947983383201063,0.36357915222644804,1.3969872400164605,2.183277778988704,1.583799908030316,210.71710136928255,210.71710136928255,greedy,1.583799908030316,0.0,hard_fault_cluster,,False
70,N4705,control0,0.33164429664611816,1.613187500895001,2.6786590456962585,0.3076710086362436,1.0485718755817506,1.611865175825563,1.6131883865419816,1.6131877457548345,-0.39472367553274584,0.003350001916285207,3,3,1,0.00026437208181023797,-0.6572821638743249,2,2,1,7.309244582776042e-05,0.33164429664611816,0.2610236406326294,1.5079694920452313,1.1495593965053559,0.002610236406326294,0.028781026601791382,-0.00728435255587101,-0.9457923173904419,1.6967134475708008,-0.041997358202934265,-0.20591728389263153,0.121922567486763,-0.00728435255587101,0.8841336811287328,-0.010989956557750702,0.03557185083627701,-0.010634034872055054,27061.01953125,11119.8232421875,15941.1953125,26989.10546875,11076.5703125,15912.5361328125,0.0026574779767543077,0.0038897136691957712,0.0017978062387555838,0.2657477976754308,-0.8452563676983118,0.30645876711467285,-1.0355608337558806,0.2857198543683626,1.3373529982520267,2.0706695378010043,1.611865175825563,212.3289665451081,212.3289665451081,greedy,1.611865175825563,0.0,hard_fault_cluster,,False
71,N4698,control0,0.32093408703804016,1.6547128716111184,2.5722287058830258,0.42896700471639637,1.075563366547227,1.6534819081936776,1.6547128716111184,1.6547128716111184,-0.391150145504768,0.0031470355606084996,3,3,1,0.0,-0.735100022976505,2,2,1,0.0,0.32093408703804016,0.2601657509803772,1.844961704313755,1.4241419434547424,0.002601657509803772,0.028677284717559814,-0.006119878962635994,-0.9644439816474915,1.6978431940078735,-0.04140567034482956,-0.2055772989988327,0.12276595830917358,-0.006119878962635994,1.906103521734476,-0.012531295418739319,0.036841265857219696,-0.012146525084972382,26989.134765625,11076.568359375,15912.56640625,26934.87890625,11046.384765625,15888.4931640625,0.0020102851558476686,0.0027249951381236315,0.001512844697572291,0.20102851558476686,-0.9990836698561907,1.1058244170248508,-1.1896180738694966,1.0947837294638156,1.4428886830806733,2.1756954399403186,1.6534819081936776,213.98244845330177,213.98244845330177,greedy,1.6534819081936776,0.0,hard_fault_cluster,,False
72,N722,observe,0.5396047234535217,3.2944946986809374,3.4730574846267697,0.7276314117386937,2.1414215541426094,3.2974510649957116,3.2944946986809374,3.2944946986809374,1.0,0.0029563663147741544,3,2,1,0.0,0.9992659005543176,2,1,1,0.0,0.5396047234535217,0.2741718888282776,3.9274007778614757,4.491024041175842,0.002741718888282776,0.03833398222923279,-0.00927462987601757,0.5250471830368042,1.741513967514038,0.16880813986063004,-0.10737766325473785,0.4449939429759979,-0.00927462987601757,1.0795811635255812,-0.004838719964027405,0.05084478110074997,-0.009691640734672546,26935.10546875,11045.5703125,15889.53515625,27174.0234375,11195.3203125,15978.7021484375,-0.008870133198797703,-0.013557471334934235,-0.005611680448055267,-0.8870133198797703,-0.21897473745048046,2.3513596749305727,-0.4176476816646755,2.347530338764191,2.994871810078621,3.9658854134380817,3.2974510649957116,217.27989951829747,217.27989951829747,greedy,3.2974510649957116,0.0,hard_fault_cluster,,False
73,N4716,control0,0.4056655466556549,4.67163913398981,4.821171951293945,0.5009933069348335,3.0365654370933766,4.669534965003465,4.67163913398981,4.67163913398981,-0.75764502368909,0.0027772491345605765,3,3,1,0.0,-0.713721309035373,2,2,1,0.0,0.4056655466556549,0.2603057622909546,2.5098571406304835,1.4366746544837952,0.0026030576229095458,0.023426055908203125,-0.0075366441160440445,-0.8459298610687256,1.638697862625122,-0.12063156813383102,-0.32098251581192017,0.07971937954425812,-0.0075366441160440445,1.5037720307707785,-0.009180925786495209,0.04321889579296112,-0.011778689920902252,27173.740234375,11196.146484375,15977.59375,27103.97265625,11155.0263671875,15948.947265625,0.0025674630887806416,0.0036727027036249638,0.0017929160967469215,0.25674630887806416,-0.6653234604746103,1.4608256165683269,-0.8549002991057932,1.4486918394267558,3.254988968372345,3.3311874720180645,4.669534965003465,221.94943448330093,221.94943448330093,greedy,4.669534965003465,0.0,hard_fault_cluster,,False
74,N1539,control0,0.3357219696044922,3.395944042503834,4.064826869964599,0.3080151334404945,2.207363627627492,3.3956138600119083,3.395944042503834,3.395944042503834,-0.12655596097331218,0.002608984115693626,3,3,1,0.0,-0.13364551387305373,2,2,1,0.0,0.3357219696044922,0.25810086727142334,2.127112653851509,1.5336503028869628,0.0025810086727142334,0.0325893759727478,-0.015120774507522583,-0.5732806921005249,1.841240406036377,-0.010700337588787079,-0.159664586186409,0.13826391100883484,-0.015120774507522583,0.5071885180473326,-0.006182864308357239,0.05032452195882797,-0.012081250548362732,27102.908203125,11152.984375,15949.923828125,27198.685546875,11170.0234375,16028.662109375,-0.0035338401794433594,-0.0015277580823749304,-0.004936593119055033,-0.35338401794433594,-0.3753063380718231,1.8026916413009166,-0.5575414076447487,1.8121932177245617,2.6576161324977874,2.5222694589197636,3.3956138600119083,225.34504834331284,225.34504834331284,greedy,3.3956138600119083,0.0,hard_fault_cluster,,False
75,N7724,control0,0.2591821253299713,2.38674004599452,3.2365005016326904,0.343515982478857,1.551381029896438,2.3863761191987605,2.38674004599452,2.38674004599452,-0.14848616946616336,0.002450913758955457,3,3,1,0.0,-0.1983668070767086,2,2,1,0.0,0.2591821253299713,0.25688350200653076,2.064480124413967,1.574038529396057,0.0025688350200653077,0.03233686089515686,-0.015015140175819397,-0.6326878666877747,1.8512011766433716,-0.015628941357135773,-0.1400814801454544,0.10882359743118286,-0.015015140175819397,0.6296805167198181,-0.004650890827178955,0.0572337880730629,-0.012299448251724243,27198.36328125,11170.7119140625,16027.65234375,27293.73046875,11204.1591796875,16089.572265625,-0.0035063575487583876,-0.0029941927641630173,-0.003863318357616663,-0.35063575487583876,-0.22322072088718414,1.7011659213900565,-0.40462199226021767,1.7139803358912469,2.1731759727001188,2.162715012729168,2.3863761191987605,227.7314244625116,227.7314244625116,greedy,2.3863761191987605,0.0,hard_fault_cluster,,False
76,N7854,control0,0.4261263310909271,3.4201512719877067,3.8361819505691526,0.5104928498901428,2.2230983267920092,3.4201512719877067,3.4201512719877067,3.4201512719877067,0.0,0.002302420400992035,3,3,1,0.0,-0.2594186871768476,2,2,1,0.0,0.4261263310909271,0.2551284432411194,2.86297835316509,1.9776626765727996,0.0025512844324111937,0.044641315937042236,-0.01223011128604412,-0.5986508727073669,1.7706406116485596,0.07269846647977829,-0.028519555926322937,0.17391648888587952,-0.01223011128604412,1.30004330933094,-0.0013551265001296997,0.0618814080953598,-0.01198502629995346,27294.4375,11204.8994140625,16089.5380859375,27104.8359375,11092.8818359375,16011.955078125,0.006946527399122715,0.00999719649553299,0.00482195382937789,0.6946527399122715,0.1073856819421053,2.198644741475582,-0.07478806702420115,2.2249202570319175,2.866989108920097,3.1292332066595554,3.4201512719877067,231.15157573449932,231.15157573449932,greedy,3.4201512719877067,0.0,hard_fault_cluster,,False
77,N519,control1,0.4124458134174347,3.255839271619916,2.112523066997528,0.5979452124983072,2.1162955265529453,3.2552341013489983,3.255839271619916,3.255839271619916,-0.2797926911245741,0.0021629238007801585,3,2,1,0.0,-0.23799990835856505,2,1,1,0.0,0.4124458134174347,0.2533188462257385,3.404828079789877,2.880961465835571,0.002533188462257385,0.020840376615524292,-0.010533105581998825,-0.42303770780563354,1.510028600692749,-0.030028827488422394,-0.3016993999481201,0.24164174497127533,-0.010533105581998825,1.0121522879600524,-0.003032587468624115,0.048719510436058044,-0.010007023811340332,27106.63671875,11092.08203125,16014.5546875,27528.94921875,11376.447265625,16152.501953125,-0.01557967159897089,-0.02563677728176117,-0.008613868616521358,-1.557967159897089,-0.0604730062186718,1.5596345646679401,-0.24256231170147657,1.5665199740231037,2.8077163338661193,2.259933741539717,3.2552341013489983,234.40680983584832,234.40680983584832,greedy,3.2552341013489983,0.0,hard_fault_cluster,,False
78,N7370,control1,0.2510865032672882,3.07010677203536,1.3838289558887482,1.075103343874216,1.9955694018229841,3.069610104801645,3.07010677203536,3.07010677203536,-0.24443742217122214,0.0020318788723230528,3,2,1,0.0,-0.18314231203438033,2,1,1,0.0,0.2510865032672882,0.25545334815979004,2.9043239609152076,1.758539891242981,0.0025545334815979003,0.021211713552474976,-0.010466393083333969,-0.5640798211097717,1.7791751623153687,-0.05766616761684418,-0.3091887831687927,0.19385644793510437,-0.010466393083333969,5.7436259859055285,-0.004578679800033569,0.048903025686740875,-0.009885706007480621,27527.45703125,11377.2197265625,16150.236328125,27773.65625,11500.185546875,16273.4697265625,-0.00894376914948225,-0.010808072984218597,-0.007630439475178719,-0.894376914948225,-0.21288102492690086,1.72301850579679,-0.3966212412342429,1.7069931413978336,1.738854444772005,1.4361535525694489,3.069610104801645,237.47641994064998,237.47641994064998,greedy,3.069610104801645,0.0,hard_fault_cluster,,False
79,N513,control1,0.2919299900531769,2.3998268303275108,1.2679270863533019,0.708806883394718,1.5598874397128821,2.3998268303275108,2.3998268303275108,2.3998268303275108,0.0,0.0019087735547149904,3,2,1,0.0,-0.2091079193603949,2,1,1,0.0,0.2919299900531769,0.2513028383255005,2.5079515144228934,1.6367922663688659,0.002513028383255005,0.0016279816627502441,-0.009342893958091736,-0.3051627278327942,1.3542981147766113,0.04496540129184723,-0.2698952555656433,0.35982605814933777,-0.009342893958091736,4.640143213123083,-0.006158098578453064,0.03637082874774933,-0.009585186839103699,27777.3046875,11499.6513671875,16277.654296875,27902.140625,11594.2841796875,16307.857421875,-0.004494170192629099,-0.008229189552366734,-0.0018554962007328868,-0.4494170192629099,-0.37384991347789764,1.5492271547019483,-0.5553198717534542,1.5180771116912366,1.6484577432274818,1.346298278272152,2.3998268303275108,239.87624677097747,239.87624677097747,greedy,2.3998268303275108,0.0,hard_fault_cluster,,False
80,N3911,control0,0.3349396884441376,2.0965807108581065,2.009522759914398,0.32860908254981036,1.3627774620577693,2.096103452207209,2.0965807108581065,2.0965807108581065,-0.26616001049265525,0.0017931268112521747,2,3,0,0.0,-0.1095193827663139,1,2,0,0.0,0.3349396884441376,0.24740515649318695,2.0447852477431296,1.3307920575141905,0.0024740515649318696,-0.005422025918960571,-0.0141287911683321,-0.39853084087371826,1.574944019317627,-0.006220072507858276,-0.26588112115859985,0.2534409761428833,-0.0141287911683321,-0.14690952241420752,-0.006144717335700989,0.030804842710494995,-0.009228482842445374,27897.9921875,11595.0009765625,16302.9921875,27707.732421875,11448.72265625,16259.009765625,0.006819837260991335,0.012615636922419071,0.002697812858968973,0.6819837260991335,-0.381195368245244,2.106608902215958,-0.5561526422388852,2.0536851632595066,2.030452588200569,1.5218460983491826,2.096103452207209,241.9723502231847,241.9723502231847,greedy,2.096103452207209,0.0,hard_fault_cluster,,False
81,N2083,observe,0.23135171830654144,1.964521754309535,2.7104139447212217,0.516390314772725,1.2769391403011978,1.9661503848071404,1.964521754309535,1.964521754309535,0.9668407886417133,0.0016844867497713668,3,2,1,0.0,1.0,2,1,1,0.0,0.23135171830654144,0.2528206706047058,2.8234415911138058,3.7837131261825556,0.002528206706047058,0.0042958855628967285,-0.014048056676983833,0.07981615513563156,1.8498917818069458,0.15005887299776077,-0.1608033925294876,0.46092113852500916,-0.014048056676983833,0.16945642173290243,-0.004965424537658691,0.03743906319141388,-0.009336523711681366,27708.177734375,11449.08984375,16259.087890625,27815.931640625,11509.767578125,16306.1640625,-0.00388888455927372,-0.005299786571413279,-0.00289537594653666,-0.388888455927372,-0.25776983983814716,3.0216389155387877,-0.43684930028393865,2.9348005747795103,2.207814872264862,3.53507966697216,1.9661503848071404,243.93850060799184,243.93850060799184,greedy,1.9661503848071404,0.0,hard_fault_cluster,,False
82,N504,control1,0.2882392108440399,3.8929314208030696,1.944551807641983,1.1105776047706601,2.5304054235219953,3.892478579013482,3.8929314208030696,3.8929314208030696,-0.28616881423841434,0.0015824288568714367,3,2,1,0.0,-0.41709624274820895,2,1,1,0.0,0.2882392108440399,0.2454763501882553,3.1051915517449378,1.6284450352191924,0.0024547635018825533,-0.014642149209976196,-0.005804501473903656,-0.5058392286300659,1.339702844619751,-0.022951118648052216,-0.278484582901001,0.23258234560489655,-0.005804501473903656,5.92440886169672,-0.00964173674583435,0.02264764904975891,-0.01213306188583374,27818.7265625,11508.3193359375,16310.40625,27933.13671875,11601.7880859375,16331.34765625,-0.004112702794373035,-0.008121841587126255,-0.001283929217606783,-0.41127027943730354,-0.7245018258690834,2.3082201907038686,-0.9042557124048471,2.311530036628246,2.2042199045419695,1.6706195134297015,3.892478579013482,247.8309791870053,247.8309791870053,greedy,3.892478579013482,0.0,hard_fault_cluster,,False
83,N3897,control0,0.27219656109809875,2.5928304620087146,1.7793199062347411,0.5073914267122746,1.6853398003056645,2.5923244593416834,2.5928304620087146,2.5928304620087146,-0.34038625680618234,0.0014865543391180235,1,3,0,0.0,-0.10338263873311503,1,2,0,0.0,0.27219656109809875,0.23795722424983978,2.805778397619724,1.78976723088208,0.002379572242498398,-0.02057585120201111,-0.01010197214782238,-0.4217660129070282,1.5393913984298706,-0.009422555565834045,-0.26598864793777466,0.24714353680610657,-0.01010197214782238,0.04423718631267537,-0.010221973061561584,0.01606181263923645,-0.012452736496925354,27930.11328125,11602.8076171875,16327.3046875,27758.8203125,11454.2109375,16304.6083984375,0.006132913287729025,0.012806958518922329,0.0013900818303227425,0.6132913287729025,-0.794342054054141,2.9157633209228515,-0.9652334931306541,3.131138482093811,2.745425337553024,2.1419959031561726,2.5923244593416834,250.423303646347,250.423303646347,greedy,2.5923244593416834,0.0,hard_fault_cluster,,False
84,N3862,control0,0.27067115902900696,2.3046535588800907,1.3626232162117957,0.39614186361432074,1.498024813272059,2.3043329261342165,2.3046535588800907,2.3046535588800907,-0.229599263443913,0.001396488564749525,0,3,0,0.0,-0.13885989073562577,0,2,0,0.0,0.27067115902900696,0.2042894810438156,0.11973611414432517,-0.5342905580997467,0.002042894810438156,-0.03614893555641174,0.013200635090470314,-0.4231773614883423,1.5021767616271973,0.02122700959444046,-0.21197126805782318,0.2544252872467041,0.013200635090470314,1.9189787420630453,-0.008699879050254822,0.0027192384004592896,-0.008680500090122223,27759.0078125,11454.3017578125,16304.70703125,27658.791015625,11373.763671875,16285.02734375,0.0036102442536503077,0.007031252142041922,0.0012069942895323038,0.36102442536503077,-0.6524977888911963,5.567456095218659,-0.8156153759919107,5.67838582277298,1.7443499356508254,1.174072501487614,2.3043329261342165,252.7276365724812,252.7276365724812,greedy,2.3043329261342165,0.0,hard_fault_cluster,,False
85,N7890,control1,0.2778671681880951,2.0164925595372916,1.4846761405467988,0.234044334217906,1.3107201636992396,2.015669505439578,2.0164925595372916,2.0164925595372916,-0.6273853925634948,0.0013118795997953462,3,2,1,0.0,-0.42773324922789285,2,1,1,0.0,0.2778671681880951,0.2027866691350937,0.6951303219795227,0.3271445780992508,0.0020278666913509367,-0.014940619468688965,0.0037495121359825134,-0.5874908566474915,1.443749189376831,0.04551765322685242,-0.06734924018383026,0.1583845466375351,0.0037495121359825134,0.48149159159511323,-0.003043733537197113,0.007535435259342194,-0.008390545845031738,27658.515625,11373.236328125,16285.279296875,27712.35546875,11422.236328125,16290.1201171875,-0.0019465918885543942,-0.0043083601631224155,-0.0002972513029817492,-0.19465918885543942,-0.0978371724486351,4.137568111959845,-0.25273930840194225,4.344570489469915,1.81012452095747,1.4188306227326395,2.015669505439578,254.74330607792078,254.74330607792078,greedy,2.015669505439578,0.0,hard_fault_cluster,,False
86,N7888,control1,0.2978150546550751,1.6943616112275048,1.3533261716365812,0.16912772295530884,1.1013350472978782,1.6938280490102637,1.6943616112275048,1.6943616112275048,-0.4329467611429942,0.001232396832886263,3,2,1,0.0,-0.4213059730377373,2,1,1,0.0,0.2978150546550751,0.20057977735996246,0.45577467208728195,0.2150312377139926,0.0020057977735996246,-0.010251343250274658,0.0073833223432302475,-0.6333395838737488,1.4158718585968018,0.04846382141113281,-0.06334559619426727,0.1602732390165329,0.0073833223432302475,1.0503056641388684,-0.0012228414416313171,0.013601712882518768,-0.008764825761318207,27712.4375,11422.341796875,16290.095703125,27751.17578125,11445.3740234375,16305.8017578125,-0.001397866290062666,-0.002016418846324086,-0.0009641475044190884,-0.1397866290062666,0.085678955540061,3.1536421632766727,-0.07029336923733354,3.1314680194854736,1.437087172921747,1.2362633157288656,1.6938280490102637,256.437134126931,256.437134126931,greedy,1.6938280490102637,0.0,hard_fault_cluster,,False
87,N7722,control0,0.2919389307498932,1.5161166425049306,-0.9217695355415343,0.24624930158257485,0.9854758176282049,1.515919532236887,1.5161166425049306,1.5161166425049306,-0.17025586444978508,0.0011577296833833114,3,3,1,0.0,-0.0966931452626434,2,2,1,0.0,0.2919389307498932,0.20518387854099274,0.6765628908574581,1.086819875240326,0.0020518387854099275,-0.01675313711166382,0.017326833680272102,-0.5605825185775757,1.6410343647003174,0.00036757439374923706,-0.09817053377628326,0.09890568256378174,0.017326833680272102,1.2660305553674698,-0.0006635263562202454,0.025020211935043335,-0.008927874267101288,27750.58203125,11444.7822265625,16305.7998046875,27768.013671875,11446.240234375,16321.7734375,-0.0006281540263444185,-0.00012739497469738126,-0.0009796288795769215,-0.06281540263444185,0.1561580765992403,2.814708714485169,-0.010724957566708326,2.854023675918579,1.320722410082817,0.15884009353816497,1.515919532236887,257.9530536591679,257.9530536591679,greedy,1.515919532236887,0.0,hard_fault_cluster,,False
88,N516,control1,0.3080846071243286,2.331663808375597,1.882233428955078,0.1978092576563358,1.5155814754441381,2.3313297301345934,2.331663808375597,2.331663808375597,-0.3071739815411234,0.0010875863877771923,3,2,1,0.0,-0.058548006662809245,2,1,1,0.0,0.3080846071243286,0.20311661064624786,-0.022050228714943,-0.25650150179862974,0.0020311661064624786,-0.03197014331817627,0.02233193628489971,-0.24341505765914917,1.3069729804992676,0.05375497788190842,-0.23330740630626678,0.3408173620700836,0.02233193628489971,1.6889930029213427,-0.0027428343892097473,0.01741296797990799,-0.008169300854206085,27772.28125,11447.0126953125,16325.267578125,27937.794921875,11581.365234375,16356.4296875,-0.005959671456366777,-0.011736907996237278,-0.0019088268745690584,-0.5959671456366777,-0.048834891989827156,2.9328791737556457,-0.21792130218818784,3.00999139547348,1.500274434685707,1.257066085729748,2.3313297301345934,260.2843833893025,260.2843833893025,greedy,2.3313297301345934,0.0,hard_fault_cluster,,False
89,N7889,control1,0.30766209959983826,1.536944304704666,1.407586693763733,0.19910151124000552,0.9990137980580329,1.5362056158009305,1.536944304704666,1.536944304704666,-0.7230048607887192,0.0010216928596160166,3,2,1,0.0,-0.5647049795929181,2,1,1,0.0,0.30766209959983826,0.19784466922283173,0.8964798668026923,0.9533158540725708,0.0019784466922283172,-0.016846418380737305,0.01765052042901516,-0.6545771360397339,1.4200645685195923,0.05163648724555969,-0.0633375495672226,0.16661052405834198,0.01765052042901516,0.5579225128889084,0.0003580451011657715,0.019853241741657257,-0.008883774280548096,27933.51171875,11580.9306640625,16352.5810546875,27881.10546875,11517.150390625,16363.9560546875,0.0018761067185550928,0.005507353227585554,-0.0006956088473089039,0.18761067185550928,0.25129969976842403,3.161234331727028,0.08967830752953887,2.8367771631479264,1.4606042265892027,1.5248428161442278,1.5362056158009305,261.82058900510344,261.82058900510344,greedy,1.5362056158009305,0.0,hard_fault_cluster,,False
90,N3904,control0,0.25538957118988037,1.3789118804081186,0.7838021977828703,0.23619534339694667,0.8962927222652771,1.378554930813068,1.3789118804081186,1.3789118804081186,-0.3719032216659022,0.0009597916185065409,2,3,0,0.0,-0.09448751647169853,1,2,0,0.0,0.25538957118988037,0.12354184687137604,0.4640259717212302,-2.1079301745885458e-06,0.0012354184687137604,-0.020927071571350098,0.05054667592048645,-0.47165054082870483,1.5145447254180908,0.05839654058218002,-0.1352430135011673,0.25203609466552734,0.05054667592048645,1.5804979998239725,-0.004645578563213348,0.005123049020767212,-0.009299136698246002,27881.67578125,11517.77734375,16363.8984375,27765.1796875,11440.6171875,16324.5615234375,0.004178231582045555,0.006699222605675459,0.0024038839619606733,0.4178231582045555,-0.29046933352947235,2.137375144958496,-0.4210357256233692,2.037781934738159,1.263467641752925,0.7718064768230269,1.378554930813068,263.19914393591654,263.19914393591654,greedy,1.378554930813068,0.0,hard_fault_cluster,,False
91,N1533,control1,0.2178620547056198,0.8720379589870572,1.0923925936222076,0.07674230817705394,0.5668246733415871,0.8715546159424459,0.8720379589870572,0.8720379589870572,-0.5360705207509917,0.0009016407840039326,3,2,1,0.0,-0.2570423326256636,2,1,1,0.0,0.2178620547056198,0.12909981608390808,0.40178391888737675,0.5630090728402137,0.0012909981608390808,-0.06649842858314514,0.06419780850410461,-0.5393968820571899,1.4364070892333984,0.044953010976314545,-0.22693489491939545,0.31684091687202454,0.06419780850410461,0.9637175976112485,-0.011379562318325043,-0.013102088123559952,-0.009776107966899872,27776.1015625,11427.7578125,16348.3427734375,28094.865234375,11653.767578125,16441.09765625,-0.011476184241473675,-0.019777262583374977,-0.005673656705766916,-1.1476184241473675,-0.9446586072444916,0.7015240168571472,-1.089631825685501,0.6713765239715576,0.6397166319191455,0.8044950974360108,0.8715546159424459,264.070698551859,264.070698551859,greedy,0.8715546159424459,0.0,hard_fault_cluster,,False
92,N3855,control0,0.3130718767642975,2.6516223437521367,1.8203882932662963,0.19798743335166252,1.723554523438889,2.651622494594838,2.6516223437521367,2.6516223437521367,0.00017808779593759944,0.0008470131304586779,2,3,0,0.0,-0.14182227608149184,1,2,0,0.0,0.3130718767642975,0.1555321216583252,0.5978821168041213,-2.806153179335524e-06,0.001555321216583252,-0.11302199959754944,0.08437629789113998,-0.301629900932312,1.3740214109420776,0.199816532433033,0.12351785600185394,0.27611520886421204,0.08437629789113998,2.1024987537936233,-0.008794501423835754,-0.019237104803323746,-0.007459282875061035,28085.609375,11666.9423828125,16418.66796875,27771.66015625,11456.36328125,16315.296875,0.011178295128047466,0.0180492103099823,0.006295948754996061,1.1178295128047466,-0.6395417228341103,2.9275066936016083,-0.8194730374962091,2.6046317997574806,1.969707444922983,1.2905958241109636,2.651622494594838,266.7223210464538,266.7223210464538,greedy,2.651622494594838,0.0,hard_fault_cluster,,False
93,N3848,control0,0.25513389706611633,4.088475061824653,2.790884518623352,0.367244068925591,2.6575087901860246,4.0882505919835115,4.0885259529752185,4.088478950564726,-0.28210531040919457,0.0007956951991274167,3,3,1,0.06395809679591141,-0.11320074041652442,2,2,1,0.0048872232448386455,0.25513389706611633,0.158531054854393,2.1932349594881253,1.0672367930412292,0.00158531054854393,-0.11766025424003601,0.08625800907611847,-0.3213904798030853,1.3659590482711792,0.19266783446073532,0.10576902329921722,0.2795666456222534,0.08625800907611847,1.8573976093530655,-0.009610012173652649,-0.018970753997564316,-0.008145898580551147,27771.859375,11456.4619140625,16315.3984375,27650.16015625,11370.70703125,16279.4521484375,0.00438210554420948,0.007485284935683012,0.0022032123524695635,0.43821055442094803,-0.7162121534347534,2.034730350971222,-0.899803951382637,1.8622613310813905,2.820604461431503,1.8712953694351018,4.0882505919835115,270.81057163843735,270.81057163843735,greedy,4.0882505919835115,0.0,hard_fault_cluster,,False
94,N3841,control0,0.2058803290128708,3.3274236516977544,2.0306458193808794,0.4535376488961629,2.1628253736035403,3.327048234034304,3.3274236516977544,3.3274236516977544,-0.5022400825860842,0.0007474864640782651,2,3,0,0.0,-0.1424408905980433,1,2,0,0.0,0.2058803290128708,0.16319458186626434,2.608915814515785,1.541729712486267,0.0016319458186626434,-0.1211957037448883,0.084937684237957,-0.3269432783126831,1.3571751117706299,0.1928168311715126,0.1048448234796524,0.2807888388633728,0.084937684237957,2.1418783518671987,-0.009903833270072937,-0.019243799149990082,-0.008393123745918274,27650.3359375,11370.79296875,16279.54296875,27583.201171875,11324.146484375,16259.0546875,0.0024279910139739513,0.00410230690613389,0.001258529257029295,0.24279910139739513,-0.7422510609030724,1.9494223405420779,-0.9283502604812384,1.880083422809839,2.643546043336391,1.7464013456783631,3.327048234034304,274.13761987247165,274.13761987247165,greedy,3.327048234034304,0.0,hard_fault_cluster,,False
95,N3827,control0,0.16672392189502716,4.163341604471206,2.7191406587611704,0.42466358304023744,2.7061720429062843,4.1629849856463625,4.163390319634651,4.163345025397763,-0.5078603844153167,0.0007021985486313782,3,3,1,0.06937519813961035,-0.14377069558867941,2,2,1,0.00487173686521411,0.16672392189502716,0.16741959750652313,2.6628072768449784,1.6679102599620819,0.0016741959750652313,-0.123960942029953,0.08263969421386719,-0.32505089044570923,1.3412156105041504,0.19634633511304855,0.10786320269107819,0.2848294675350189,0.08263969421386719,2.0866173154115675,-0.00943494588136673,-0.02075924724340439,-0.008128717541694641,27583.328125,11324.2021484375,16259.1259765625,27541.890625,11293.9775390625,16247.9140625,0.0015022661536931992,0.0026690277736634016,0.0006895766709931195,0.15022661536931992,-0.6934352964162827,1.7280638781189919,-0.8809797652065754,1.7094997730851174,2.939581510424614,1.9933480295963455,4.1629849856463625,278.300604858118,278.300604858118,greedy,4.1629849856463625,0.0,hard_fault_cluster,,False
96,N7723,control0,0.2556787431240082,6.443607751540839,5.205326485633849,0.664114023707807,4.188345038501546,6.44352744913525,6.443607751540839,6.443607751540839,-0.12173403940278758,0.0006596544892729804,3,3,1,0.0,-0.13289029304761843,2,2,1,0.0,0.2556787431240082,0.1862901896238327,3.9042913713678713,3.8053905248641966,0.001862901896238327,-0.13067224621772766,0.08990006148815155,-0.40243250131607056,1.4741315841674805,0.18118825554847717,0.23518337309360504,0.1271931380033493,0.08990006148815155,2.0762330055236813,-0.006666399538516998,-0.01586940884590149,-0.0074969083070755005,27541.15234375,11293.017578125,16248.1337890625,27476.720703125,11272.787109375,16203.93359375,0.0023394678719341755,0.0017914138734340668,0.002720324322581291,0.23394678719341755,-0.3904497027397156,2.78233671694994,-0.5975923910737038,3.5340197136998177,4.486326152086258,4.44276445955038,6.44352744913525,284.74413230725327,284.74413230725327,greedy,6.44352744913525,0.0,hard_fault_cluster,,False
97,N7872,control1,0.1352422535419464,3.105718391239643,1.6897587597370145,0.8508845302462577,2.018716954305768,3.105683378641101,3.105718391239643,3.105718391239643,-0.056500361547274454,0.0006196880441665896,3,2,1,0.0,-0.14993130225845466,2,1,1,0.0,0.1352422535419464,0.216096892952919,3.297560402750969,1.9674827396869659,0.0021609689295291903,-0.14205768704414368,0.09736441820859909,-0.3408668637275696,1.4041142463684082,0.30954939126968384,0.46263253688812256,0.15646624565124512,0.09736441820859909,3.8263646870851518,-0.0005036741495132446,-0.03555190563201904,-0.001857556402683258,27476.8671875,11272.828125,16204.0380859375,27709.9609375,11387.740234375,16322.2216796875,-0.008483272045850754,-0.010193725116550922,-0.007293465547263622,-0.8483272045850754,0.26309389621019363,4.604876697063446,0.02799791283905506,5.593259346485138,3.0074342906475064,2.2459750209003686,3.105683378641101,287.8498156858944,287.8498156858944,greedy,3.105683378641101,0.0,hard_fault_cluster,,False
98,N3820,control0,0.13906073570251465,6.6409409897029406,4.402287679910659,0.7896897207200527,4.316611643306912,6.640703406213852,6.6409409897029406,6.6409409897029406,-0.4081187462714043,0.0005821430435594284,2,3,0,0.0,-0.3497675451823782,1,2,0,0.0,0.13906073570251465,0.2556692957878113,4.509933499991893,2.6977543056011197,0.002556692957878113,-0.1590256690979004,0.1011890396475792,-0.29705220460891724,1.3170952796936035,0.24549201875925064,0.19292695820331573,0.29805707931518555,0.1011890396475792,1.989430790543556,0.00021839141845703125,-0.03717512637376785,-0.0021377652883529663,27710.814453125,11388.787109375,16322.02734375,27613.5703125,11302.8017578125,16310.767578125,0.0035092488396912813,0.007550000678747892,0.0006898509454913437,0.35092488396912813,0.3786974772810936,1.8741284814476966,0.11105372570455074,1.7522354331612586,4.701250085234642,3.2918245440721514,6.640703406213852,294.49051909210823,294.49051909210823,greedy,6.640703406213852,0.0,hard_fault_cluster,,False
99,N7846,control0,0.48540470004081726,5.759240768551827,5.960641622543335,0.2608100706338883,3.7435064995586873,5.759036640468254,5.759240768551827,5.759240768551827,-0.3732642969406748,0.0005468727795457213,3,3,1,0.0,-0.5160622012323137,2,2,1,0.0,0.48540470004081726,0.2806047201156616,2.407494985759258,1.1047797918319702,0.0028060472011566164,-0.1510871946811676,0.08835761994123459,-0.38481950759887695,1.2226476669311523,0.321434885263443,0.43866997957229614,0.20419979095458984,0.08835761994123459,-0.23637351572513565,0.00012730807065963745,-0.030246958136558533,-0.00234435498714447,27613.2890625,11302.45703125,16310.8310546875,27543.26953125,11244.712890625,16298.5576171875,0.0025357187259942293,0.005108990240842104,0.0007524716202169657,0.25357187259942293,0.38169314712285995,2.292997809946537,0.1049713920801878,1.878800245821476,3.945799267292023,3.7929812002182004,5.759036640468254,300.2495557325765,300.2495557325765,greedy,5.759036640468254,0.0,hard_fault_cluster,,False
100,N7408,control0,0.3811321556568146,5.547846222370863,4.600566101074218,1.2390753315389156,3.606100044541061,5.547559829907567,5.547846222370863,5.547846222370863,-0.557466382779155,0.0005137394328023647,3,3,1,0.0,-0.6983441646731483,2,2,1,0.0,0.3811321556568146,0.27331680059432983,6.36568164974451,4.199999999999999,0.002733168005943298,-0.16007095575332642,0.08234449476003647,-0.5511417984962463,1.4345675706863403,0.20257941633462906,0.2475643903017044,0.1575944423675537,0.08234449476003647,2.8120012354850767,-0.00046446919441223145,-0.027224324643611908,-0.003915570676326752,27543.7109375,11244.8408203125,16298.869140625,27684.498046875,11319.908203125,16364.58984375,-0.005111406557261944,-0.0066757178865373135,-0.004032224882394075,-0.5111406557261944,0.30921437591314316,3.3473543536663053,0.04246840439736843,4.445517954826355,5.027607333660125,4.109279017946683,5.547559829907567,305.79711556248407,305.79711556248407,greedy,5.547559829907567,0.0,hard_fault_cluster,,False
101,N7541,control0,0.343004047870636,5.9563015131652355,5.02206106185913,1.1541419123113155,3.871595983557403,5.9562626749653775,5.9563015131652355,5.9563015131652355,-0.08047474245362389,0.0004826135340569273,3,3,1,0.0,-0.7897271100910269,2,2,1,0.0,0.343004047870636,0.2721763253211975,6.292691449820995,4.197905659954994,0.002721763253211975,-0.16887237131595612,0.08967214077711105,-0.5263922810554504,1.4884134531021118,0.2550530806183815,0.35544198751449585,0.15466417372226715,0.08967214077711105,2.8720992785692214,-0.0004232749342918396,-0.025678519159555435,-0.004380621016025543,27684.16796875,11319.8408203125,16364.3271484375,27728.7421875,11334.650390625,16394.091796875,-0.0016100978245958686,-0.0013082843506708741,-0.0018188739195466042,-0.16100978245958686,0.3195209726691246,2.1356110313534735,0.04813462309539318,1.958975169956684,5.07362952530384,4.275818256740167,5.9562626749653775,311.75337823744945,311.75337823744945,greedy,5.9562626749653775,0.0,hard_fault_cluster,,False
102,N7725,control0,0.30487704277038574,6.838427803516388,5.50535397529602,1.083578188419342,4.444978072285652,6.838294265853129,6.838427803516388,6.838427803516388,-0.29454230469031406,0.0004533734581836538,3,3,1,0.0,-0.8861400641537158,2,2,1,0.0,0.30487704277038574,0.27483201026916504,5.267195227742196,2.937973117828369,0.0027483201026916506,-0.17687222361564636,0.09775548428297043,-0.48560211062431335,1.425010323524475,0.22537435591220856,0.3125816583633423,0.13816705346107483,0.09775548428297043,5.1806853204965595,-0.00037801265716552734,-0.024466462433338165,-0.00479155033826828,27728.42578125,11334.296875,16394.12890625,27752.51171875,11336.48828125,16416.0234375,-0.000868637056555599,-0.00019334293028805405,-0.0013355105184018612,-0.0868637056555599,0.33478622883558273,2.5923637482523914,0.05534560792148113,2.466996583640575,4.868244424462318,3.866962008653209,6.838294265853129,318.59167250330256,318.59167250330256,greedy,6.838294265853129,0.0,hard_fault_cluster,,False
103,N3813,control0,0.2300189733505249,7.447722266912461,3.7916078865528102,1.8140289270877838,4.8410194734931,7.447524230533976,7.447722266912461,7.447722266912461,-0.464977875866375,0.0004259049489506435,2,3,0,0.0,-1.0,1,2,0,0.0,0.2300189733505249,0.2926792502403259,6.996029329299927,3.942914479970932,0.0029267925024032593,-0.16828805208206177,0.10026697814464569,-0.32738766074180603,1.3578827381134033,0.24545054882764816,0.2035963386297226,0.28730475902557373,0.10026697814464569,7.205148385763168,-6.020069122314453e-05,-0.03095601126551628,-0.004129067063331604,27753.2578125,11337.2568359375,16416.001953125,27706.4296875,11314.2294921875,16392.201171875,0.0016873019048944116,0.002031121402978897,0.0014498524833470583,0.16873019048944116,0.38692615926265717,3.5403586196899415,0.09221648797392845,3.476447777748108,5.531615042686463,3.8402676372975115,7.447524230533976,326.03919673383655,326.03919673383655,greedy,7.447524230533976,0.0,hard_fault_cluster,,False
104,N7590,control1,0.12255614250898361,6.405455042719842,3.0933483004570004,1.930402939915657,4.163545777767897,6.405310925440042,6.405455042719842,6.405455042719842,-0.3602025432188042,0.0004001006725611411,3,2,1,0.0,-1.0,2,1,1,0.0,0.12255614250898361,0.27685612440109253,7.373191699385642,4.405865085124969,0.0027685612440109253,-0.1730242669582367,0.09399720281362534,-0.33671554923057556,1.4273426532745361,0.32920245826244354,0.483004629611969,0.1754002869129181,0.09399720281362534,7.145872529447078,0.0016028359532356262,-0.03937724977731705,-0.0016598403453826904,27705.908203125,11313.681640625,16392.2265625,27892.96875,11421.7890625,16471.1796875,-0.006751648150384426,-0.009555459022521973,-0.004816498141735792,-0.6751648150384426,0.5311369225382805,7.225479830503463,0.2529969271272421,7.225479830503463,5.152225837111473,3.6540039472281935,6.405310925440042,332.4445076592766,332.4445076592766,greedy,6.405310925440042,0.0,hard_fault_cluster,,False
105,N555,control1,0.1926979273557663,6.93384313762188,4.8721181631088255,1.139190930724144,4.5069980394542215,6.933859376220204,6.93384313762188,6.93384313762188,0.043203871231273436,0.0003758597982443931,3,2,1,0.0,-0.2526410179058434,2,1,1,0.0,0.1926979273557663,0.28916478157043457,4.357339201271534,3.1838171243667603,0.002891647815704346,-0.1578783392906189,0.1105407103896141,-0.05230609327554703,1.111769199371338,0.3367001488804817,0.1961294561624527,0.47727084159851074,0.1105407103896141,5.356609489619732,-0.0004356876015663147,-0.0361751914024353,-0.002525031566619873,27896.15234375,11422.37109375,16473.78125,27968.9296875,11508.3037109375,16460.625,-0.0026088666636496782,-0.007523185573518276,0.0007986174896359444,-0.2608866663649678,0.3561367318034172,2.1901100119948387,0.0563576128333807,2.6870901426672935,4.258634427189827,3.72761311583221,6.933859376220204,339.3783670354968,339.3783670354968,greedy,6.933859376220204,0.0,hard_fault_cluster,,False
106,N3799,control0,0.16454875469207764,5.662969909906387,2.619368267059326,1.7189657533168794,3.6809304414391515,5.6628948328467725,5.662969909906387,5.662969909906387,-0.21263011986132524,0.0003530876042572204,3,3,1,0.0,-0.31515220741992245,2,2,1,0.0,0.16454875469207764,0.2970832586288452,6.995540225505828,4.402349388599395,0.0029708325862884523,-0.16597303748130798,0.11041077971458435,-0.27795886993408203,1.281278133392334,0.2398800626397133,0.1858307272195816,0.29392939805984497,0.11041077971458435,7.09000774025917,-0.0003522709012031555,-0.03672127425670624,-0.0025554895401000977,27966.1953125,11508.18359375,16458.01171875,27794.8125,11368.62109375,16426.19140625,0.006128213368356228,0.012127239257097244,0.0019334238022565842,0.6128213368356228,0.372266948223114,3.4653057461977,0.06664641946554184,2.9645881062746042,4.9661278247833245,3.4659385542571544,5.6628948328467725,345.04126186834355,345.04126186834355,greedy,5.6628948328467725,0.0,hard_fault_cluster,,False
107,N7820,control0,0.15089958906173706,6.653414039611817,3.370909935235977,1.6868371391296386,4.324719125747681,6.653353408383985,6.653414039611817,6.653414039611817,-0.18279204731390292,0.0003316951077567479,3,3,1,0.0,-0.6627513304685879,2,2,1,0.0,0.15089958906173706,0.23777885735034943,7.1948726892471315,4.688614618778228,0.0023777885735034943,-0.17482581734657288,0.09023440629243851,-0.611474871635437,1.4548161029815674,0.29530732333660126,0.48902493715286255,0.10158970952033997,0.09023440629243851,7.427128057479858,-0.0002756267786026001,-0.03361651301383972,-0.0037267059087753296,27794.669921875,11368.337890625,16426.33203125,27746.26953125,11339.8798828125,16406.388671875,0.001741355168633163,0.002503268886357546,0.0012141091283410788,0.1741355168633163,0.3004505857825279,6.37374501824379,0.054440638050436974,7.116693902015687,5.89621934890747,4.339696432873606,6.653353408383985,351.6946152767275,351.6946152767275,greedy,6.653353408383985,0.0,hard_fault_cluster,,False
108,N3792,control0,0.07317543774843216,4.662073289752007,2.567412203550339,1.0317207473516465,3.0303476383388044,4.661989928502809,4.662073289752007,4.662073289752007,-0.26752757512583225,0.0003115987170980124,3,3,1,0.0,-0.4302295847537316,2,2,1,0.0,0.07317543774843216,0.26723402738571167,4.96573421061039,3.263699328899383,0.0026723402738571167,-0.17170995473861694,0.09499463438987732,-0.29565078020095825,1.306253433227539,0.24990422278642654,0.20633529126644135,0.29347315430641174,0.09499463438987732,2.0125336784124372,-0.0008106827735900879,-0.036853913217782974,-0.003880441188812256,27746.61328125,11340.26953125,16406.34375,27691.9296875,11307.0517578125,16384.87890625,0.0019708205945789814,0.0029291873797774315,0.0013083259109407663,0.19708205945789814,0.2811603844165802,2.2025530192255975,0.009488888084888458,2.019753441512585,4.219645145535469,2.978422670811415,4.661989928502809,356.3566052052303,356.3566052052303,greedy,4.661989928502809,0.0,hard_fault_cluster,,False
109,N3785,control0,0.04005107656121254,4.838638747036457,2.7256856203079223,1.026753329336643,3.1451151855736974,4.838539600827172,4.838638747036457,4.838638747036457,-0.33870675524600746,0.0002927199051977936,3,3,1,0.0,-0.4711047637151698,2,2,1,0.0,0.04005107656121254,0.287583589553833,4.83507914841175,4.605468797683716,0.00287583589553833,-0.17240650951862335,0.1010076031088829,-0.2953187823295593,1.2854435443878174,0.23980405181646347,0.18729813396930695,0.29230996966362,0.1010076031088829,1.914256988763809,-0.0010327920317649841,-0.036906562745571136,-0.003400154411792755,27692.05859375,11307.1123046875,16384.947265625,27630.5625,11267.60546875,16362.95703125,0.002220712136477232,0.003493980970233679,0.0013420997420325875,0.2220712136477232,0.2853119894862175,2.269265003502369,-0.006131405010819435,2.8986527398228645,4.529330390691757,3.838212245553732,4.838539600827172,361.1951448060575,361.1951448060575,greedy,4.838539600827172,0.0,hard_fault_cluster,,False
110,N7543,control0,0.11918174475431442,4.243393275886774,3.8410740375518797,0.5741230733692646,2.7582056293264032,4.243360107155235,4.243393275886774,4.243393275886774,-0.1206201911996466,0.00027498490268832956,3,3,1,0.0,-0.5715683235735275,2,2,1,0.0,0.11918174475431442,0.24142999947071075,2.764433538466692,3.1317160606384276,0.0024142999947071074,-0.17956949770450592,0.08455850183963776,-0.55660480260849,1.4446262121200562,0.334621898829937,0.5642318725585938,0.10501192510128021,0.08455850183963776,1.0064299893379212,-0.0008053705096244812,-0.03277035057544708,-0.004429534077644348,27629.904296875,11266.9580078125,16362.9462890625,27597.974609375,11254.9013671875,16343.0732421875,0.0011556206736713648,0.0010700883576646447,0.001214515184983611,0.11556206736713648,0.2454514503479004,3.285438988208771,0.0009600743651390076,3.2752553915977476,3.6557069420814514,3.761886673793197,4.243360107155235,365.43850491321274,365.43850491321274,greedy,4.243360107155235,0.0,hard_fault_cluster,,False
111,N4520,control0,-0.012722219340503216,2.667075837552548,2.750902771949768,1.0178336825966836,1.733599294409156,2.666991051240124,2.667075837552548,2.667075837552548,-0.3282164180097528,0.00025832440966190926,3,3,1,0.0,-0.22578062225116988,2,2,1,0.0,-0.012722219340503216,0.2643781900405884,4.409800443053245,4.599709606170654,0.002643781900405884,-0.17505620419979095,0.09189990907907486,-0.2996711730957031,1.2989256381988525,0.24160992354154587,0.21746791899204254,0.2657519280910492,0.09189990907907486,1.6821259808540343,-0.0015875324606895447,-0.03727887570858002,-0.0046080127358436584,27599.0546875,11255.7724609375,16343.283203125,27578.486328125,11242.791015625,16335.6953125,0.0007452559657394886,0.0011533144861459732,0.00046428191126324236,0.07452559657394886,0.19752485305070877,3.825977351665497,-0.06968372128903866,3.9052428507804873,3.634595149755478,4.101526712477207,2.666991051240124,368.10549596445287,368.10549596445287,greedy,2.666991051240124,0.0,hard_fault_cluster,,False
112,N1411,control0,0.07283405214548111,2.505736676156521,3.1538070201873776,0.48689941376447676,1.6287288395017387,2.505765128742155,2.505736676156521,2.505736676156521,0.11724644910196126,0.00024267332487997722,3,3,1,0.0,-0.33693942888260836,2,2,1,0.0,0.07283405214548111,0.2264638990163803,1.7239401334524154,2.5082973361015317,0.002264638990163803,-0.18370112776756287,0.08459880203008652,-0.4929966926574707,1.495916485786438,0.3055602088570595,0.4200740456581116,0.19104637205600739,0.08459880203008652,0.9797489792108536,-0.0014865100383758545,-0.03244640678167343,-0.005105979740619659,27580.53125,11240.20703125,16340.32421875,27538.34765625,11223.1396484375,16315.2080078125,0.0015294699696823955,0.0015184225048869848,0.0015370693290606141,0.15294699696823955,0.16241169720888138,3.8476026481389995,-0.07088532857596874,3.614216560721397,2.4724117159843444,3.707067615389824,2.505765128742155,370.611261093195,370.611261093195,greedy,2.505765128742155,0.0,hard_fault_cluster,,False
113,N3681,control0,-0.06873663514852524,2.52795191898942,2.705564951896667,0.9600015459954738,1.6431687473431231,2.527840794997821,2.52795191898942,2.52795191898942,-0.4874490155364787,0.00022797049138862906,3,3,1,0.0,-0.49048244639124305,2,2,1,0.0,-0.06873663514852524,0.24560578167438507,4.117745138704777,4.405523252487182,0.0024560578167438507,-0.17944014072418213,0.09321328997612,-0.49111759662628174,1.2400729656219482,0.24842754006385803,0.25091350078582764,0.24594157934188843,0.09321328997612,1.7785569357872006,-0.002320796251296997,-0.037163082510232925,-0.005288466811180115,27535.0,11216.7587890625,16318.240234375,27518.45703125,11205.76171875,16312.6962890625,0.0006007978226989508,0.000980414217337966,0.0003397391701582819,0.06007978226989508,0.10673944652080536,3.058588976860046,-0.14737485721707344,2.674209542274475,3.3463690936565396,4.27513991087675,2.527840794997821,373.13910188819284,373.13910188819284,greedy,2.527840794997821,0.0,hard_fault_cluster,,False
114,N634,control1,-0.03585129603743553,2.1552176232635976,1.540805721282959,0.3410401894152164,1.4008914551213385,2.155154513898159,2.1552273739038426,2.15522340808178,-0.29468537531135036,0.00021415845754648512,2,2,1,0.04553002648944188,-0.27137225556873,1,1,1,0.02701185957634239,-0.03585129603743553,0.18559442460536957,1.0706254743784667,0.3818058805391047,0.0018559442460536956,-0.18106961250305176,0.10348528623580933,-0.38655412197113037,1.364019751548767,0.2254699319601059,0.13955280184745789,0.3113870620727539,0.10348528623580933,2.846281624510884,-0.006026856601238251,-0.03140011802315712,-0.007211476564407349,27517.96484375,11213.8095703125,16304.154296875,27681.109375,11335.79296875,16345.3173828125,-0.005928655620664358,-0.010877962224185467,-0.002524699317291379,-0.5928655620664358,-0.3136059492826462,1.643620419278741,-0.5304157324135303,1.0141934929043055,1.478075420856476,1.1187126041530884,2.155154513898159,375.294256402091,375.294256402091,greedy,2.155154513898159,0.0,hard_fault_cluster,,False
115,N556,control1,0.028589937835931778,2.07383995115757,1.3902332961559294,0.36407605230808254,1.3479959682524205,2.07383995115757,2.07383995115757,2.07383995115757,0.0,0.0002011832525311533,3,2,1,0.0,-0.1256650279217497,2,1,1,0.0,0.028589937835931778,0.2228402942419052,1.382324862629175,0.8236541748046874,0.002228402942419052,-0.1481403410434723,0.1104084849357605,-0.16473489999771118,1.1283111572265625,0.28316494822502136,0.1296079158782959,0.4367219805717468,0.1104084849357605,1.153224847614765,-0.005425065755844116,-0.030916409566998482,-0.006001077592372894,27683.3203125,11335.90625,16347.4150390625,27778.453125,11430.2646484375,16348.189453125,-0.0034364669118076563,-0.0083238510414958,-4.737226481665857e-05,-0.34364669118076563,-0.2092577964067459,2.325955865383148,-0.4591943807899952,1.5595777404308317,1.7200794249773026,1.3712198194861411,2.07383995115757,377.3680963532486,377.3680963532486,greedy,2.07383995115757,0.0,hard_fault_cluster,,False
116,N7870,control1,0.017809364944696426,2.424362414628267,1.517985314130783,0.46634491816163065,1.5758355695083737,2.4243518820557197,2.424362414628267,2.424362414628267,-0.055729614537415116,0.00018899417544706768,3,2,1,0.0,-0.23654519118675835,2,1,1,0.0,0.017809364944696426,0.23410774767398834,1.6808054207265375,1.0023264408111572,0.0023410774767398832,-0.16502055525779724,0.10763641446828842,-0.32235753536224365,1.3734714984893799,0.3330090343952179,0.5106515288352966,0.15536653995513916,0.10763641446828842,1.2164168399572373,6.332248449325562e-05,-0.04092777520418167,-0.001576349139213562,27774.728515625,11429.314453125,16345.4140625,27883.611328125,11453.400390625,16430.2109375,-0.003920211456716061,-0.002107382519170642,-0.005187808535993099,-0.39202114567160606,0.3480764105916023,6.109658243656159,0.09176828898489475,3.977346708774567,2.2009052336215973,1.7826255286484955,2.4243518820557197,379.7924482353043,379.7924482353043,greedy,2.4243518820557197,0.0,hard_fault_cluster,,False
117,N3180,control1,0.12919621169567108,2.9880311152338983,1.9839722037315366,0.4649730858206749,1.942220224902034,2.9880328941073064,2.9880311152338983,2.9880311152338983,0.01001936108138729,0.00017754359721063726,3,2,1,0.0,0.13080937619844432,2,1,1,0.0,0.12919621169567108,0.229982390999794,2.4621780186891553,1.7571443438529966,0.00229982390999794,-0.16491104662418365,0.11263207346200943,-0.18419882655143738,1.3758978843688965,0.23588301986455917,0.0845647007226944,0.38720133900642395,0.11263207346200943,1.516375503540039,-0.00297759473323822,-0.0363767147064209,-0.003751322627067566,27884.8515625,11454.2587890625,16430.59375,28147.765625,11648.0888671875,16499.67578125,-0.009428562596440315,-0.01692209765315056,-0.004204475786536932,-0.9428562596440315,0.044854991137981415,1.4238559523224832,-0.21210585720837116,1.1548612633347513,2.236373043060303,1.693387188119814,2.9880328941073064,382.7804811294116,382.7804811294116,greedy,2.9880328941073064,0.0,hard_fault_cluster,,False
118,N520,control1,0.10574302822351456,4.571598356664181,3.0993624567985534,0.5340116569399834,2.9715389318317174,4.571583043864728,4.571598356664181,4.571598356664181,-0.09181063369216412,0.00016678677443856684,3,2,1,0.0,-0.1846172394759684,2,1,1,0.0,0.10574302822351456,0.2769508957862854,2.94547501206398,1.9362938046455382,0.002769508957862854,-0.14486083388328552,0.11290574818849564,-0.1558084487915039,1.1459543704986572,0.2855776622891426,0.13172708451747894,0.4394282400608063,0.11290574818849564,1.8779922395944595,-0.003181636333465576,-0.03671330213546753,-0.003756582736968994,28148.609375,11646.8505859375,16501.759765625,28158.46484375,11651.650390625,16506.814453125,-0.000350122747477144,-0.0004121118108741939,-0.00030631202389486134,-0.0350122747477144,0.07169301062822342,2.660382626950741,-0.22069947235286236,2.3743443474173547,3.1642314225435255,2.359633301422,4.571583043864728,387.35206417327635,387.35206417327635,greedy,4.571583043864728,0.0,hard_fault_cluster,,False
119,N3410,control1,0.19898025691509247,6.075248900353908,4.431516677141189,0.4297038456797599,3.9489117852300404,6.075248900353908,6.075248900353908,6.075248900353908,0.0,0.0001566816746121144,3,2,1,0.0,-0.2368451702876177,2,1,1,0.0,0.19898025691509247,0.27485114336013794,3.0034427274018523,2.206435441970825,0.0027485114336013796,-0.14576825499534607,0.10712167620658875,-0.1169404461979866,1.368462085723877,0.22927794605493546,0.08646754920482635,0.37208834290504456,0.10712167620658875,1.6578371350467205,-0.004073500633239746,-0.03453774377703667,-0.004162676632404327,28157.42578125,11652.7451171875,16504.6796875,28328.4296875,11752.076171875,16576.353515625,-0.006073137279599905,-0.008524262346327305,-0.004342636559158564,-0.6073137279599905,-0.025377243757247925,1.5076512850075963,-0.31185685843229294,1.2302946902066472,3.5501557342708114,2.714908027723432,6.075248900353908,393.4273130736303,393.4273130736303,greedy,6.075248900353908,0.0,hard_fault_cluster,,False
120,N638,control1,0.203390970826149,6.171188885569572,4.402361118793487,0.4907565635442733,4.011272775620222,6.171188885569572,6.17119337694302,6.171191042551841,0.0,0.0001471888118341108,2,2,1,0.030514367165898688,-0.28615539465573975,1,1,1,0.014654525991082135,0.203390970826149,0.21690554916858673,3.0202777959406375,1.6600614845752715,0.0021690554916858674,-0.16113275289535522,0.11526777595281601,-0.3969269096851349,1.307735562324524,0.254427045583725,0.1899598240852356,0.31889426708221436,0.11526777595281601,1.8633548364043233,-0.004294261336326599,-0.033751510083675385,-0.004473745822906494,28327.802734375,11751.533203125,16576.26953125,28279.201171875,11677.57421875,16601.626953125,0.001715684193186462,0.00629356037825346,-0.0015297423815354705,0.1715684193186462,-0.09725280851125717,1.5760883320868015,-0.3463828023523092,1.576049708276987,3.7274621292948726,2.6588807637989524,6.171188885569572,399.59850195919984,399.59850195919984,greedy,6.171188885569572,0.0,hard_fault_cluster,,False
121,N578,observe,-0.07418602705001831,6.033892204612494,5.999999999999999,0.40338594838976866,3.922029932998121,6.0339883032779245,6.033892204612494,6.033892204612494,0.6950018522843522,0.0001382710925369584,3,2,1,0.0,0.751838553966726,2,1,1,0.0,-0.07418602705001831,0.20419548451900482,3.2468704655766487,3.539351892471313,0.002041954845190048,-0.11817342042922974,0.10076579451560974,0.121377132833004,1.6483181715011597,0.5337763130664825,0.551257312297821,0.516295313835144,0.10076579451560974,2.117302680015564,-0.004055708646774292,-0.024405065923929214,-0.0049089714884757996,28278.595703125,11677.212890625,16601.3828125,28459.541015625,11699.923828125,16759.6171875,-0.006398666650056839,-0.001944893621839583,-0.009531397372484207,-0.6398666650056839,-0.10060958564281464,2.1740917932987216,-0.32933054491877556,2.2359331619739535,3.980454528331757,4.687295443415642,6.0339883032779245,405.63249026247775,405.63249026247775,greedy,6.0339883032779245,0.0,hard_fault_cluster,,False
122,N620,control1,0.05483320727944374,4.323026761263609,2.8235671639442446,0.6063900981843472,2.809967394821346,4.323017050042831,4.323026761263609,4.323026761263609,-0.07476284824059803,0.0001298936705387096,3,2,1,0.0,-0.1825148328074447,2,1,1,0.0,0.05483320727944374,0.19267486035823822,2.7056845402717586,1.4994718134403227,0.0019267486035823823,-0.12290823459625244,0.11008938401937485,-0.3263390362262726,1.3026148080825806,0.2537645027041435,0.2009895294904709,0.30653947591781616,0.11008938401937485,1.9082369849085807,-0.003415420651435852,-0.026366151869297028,-0.004431098699569702,28460.0,11700.1962890625,16759.802734375,28294.70703125,11628.6015625,16666.10546875,0.005807904526591301,0.006119104567915201,0.005590594839304686,0.5807904526591301,-0.03877782076597214,1.69984302893281,-0.26585100404918194,1.6522577799856664,3.498030078411102,2.5657374370098114,4.323017050042831,409.9555073125206,409.9555073125206,greedy,4.323017050042831,0.0,hard_fault_cluster,,False
123,N614,control1,0.0818881019949913,6.017615022063255,4.471972614526748,0.3930277413129807,3.9114497643411164,6.017576195534804,6.017615022063255,6.017615022063255,-0.31818813206120133,0.00012202381088085375,3,2,1,0.0,-0.09237647087711161,2,1,1,0.0,0.0818881019949913,0.08994357287883759,2.102249556779861,0.9216191947460174,0.0008994357287883759,0.00757184624671936,0.09709780663251877,-0.48358970880508423,1.5025265216827393,0.09963593631982803,-0.038241639733314514,0.23751351237297058,0.08994357287883759,2.08534846663475,0.0012082010507583618,0.008458398282527924,-0.0038907676935195923,28294.693359375,11628.681640625,16666.01171875,28342.77734375,11665.13671875,16677.640625,-0.0016993994358927011,-0.0031349279452115297,-0.0006977617740631104,-0.16993994358927011,0.30786148458719254,6.964134404659271,0.16758044995367527,6.964134404659271,4.632735431194305,3.3129084209352735,6.017576195534804,415.97308350805537,415.97308350805537,greedy,6.017576195534804,0.0,hard_fault_cluster,,False
124,N7424,control1,-0.01854735240340233,6.245376578923315,4.386558419466018,0.5379669138602913,4.059494776300155,6.245360712628928,6.245376578923315,6.245376578923315,-0.13841218641334704,0.00011463076191575516,3,2,1,0.0,-0.4928855075687876,2,1,1,0.0,-0.01854735240340233,0.07813161611557007,2.1921093053929503,0.7952746391296386,0.0007813161611557007,-0.014460504055023193,0.1097489669919014,-0.6576542258262634,1.3244805335998535,0.1863838955760002,-0.05012764036655426,0.4228954315185547,0.07813161611557007,2.047714489400387,0.0002679675817489624,0.0019861459732055664,-0.0035828277468681335,28342.71875,11665.6904296875,16677.02734375,28428.515625,11749.9443359375,16678.5703125,-0.0030271222349256277,-0.007222367916256189,-9.252061136066914e-05,-0.30271222349256277,0.2146773412823677,7.059221117496491,0.0737669039517641,7.059221117496491,5.045171096920968,3.501728773266078,6.245360712628928,422.2184442206843,422.2184442206843,greedy,6.245360712628928,0.0,hard_fault_cluster,,False
125,N610,control1,0.11926748603582382,2.885519935116172,1.7053630232810972,0.6485783087462187,1.875587957825512,2.8855013123150006,2.885519935116172,2.885519935116172,-0.17293672592790196,0.00010768563514392188,3,2,1,0.0,-0.12363210206986662,2,1,1,0.0,0.11926748603582382,0.08748559653759003,3.0590150423347953,2.071248197555542,0.0008748559653759002,0.01029348373413086,0.11550018936395645,-0.5114331841468811,1.5083013772964478,0.08654434233903885,-0.08249585330486298,0.2555845379829407,0.08748559653759003,4.098610336780548,0.005074482411146164,0.023423515260219574,-0.0020609870553016663,28428.640625,11749.466796875,16679.173828125,28399.974609375,11731.060546875,16668.9140625,0.0010083498200401664,0.001566560473293066,0.0006151243578642607,0.10083498200401664,0.7104340270161629,3.9788574314117433,0.558194687590003,3.1552678298950196,2.8426906585693357,2.1360381057113407,2.8855013123150006,425.1039455329993,425.1039455329993,greedy,2.8855013123150006,0.0,hard_fault_cluster,,False
126,N7877,control1,0.04369993135333061,3.9989378025382756,2.107100564241409,0.9944792256504297,2.5993095716498793,3.9988833787577716,3.9989378025382756,3.9989378025382756,-0.5379901664907144,0.00010116129233156613,3,2,1,0.0,-0.29900299969216054,2,1,1,0.0,0.04369993135333061,0.06917358934879303,5.12594889625907,3.6935461580753324,0.0006917358934879303,0.007927924394607544,0.11794325709342957,-0.7637899518013,1.3068956136703491,0.1048358604311943,-0.12593965232372284,0.33561137318611145,0.06917358934879303,5.756145455241203,0.0020291730761528015,0.014948278665542603,-0.0032410696148872375,28399.765625,11731.5322265625,16668.234375,28354.67578125,11735.2421875,16619.43359375,0.0015876836841925979,-0.0003162384091410786,0.0029277715366333723,0.1587683684192598,0.39003415405750275,2.55217749774456,0.2496965192258358,2.309649536013603,3.8032641470432282,2.708702365383506,3.9988833787577716,429.1028289117571,429.1028289117571,greedy,3.9988833787577716,0.0,hard_fault_cluster,,False
127,N5876,observe,-0.08504366129636765,1.3565265437960625,2.370996171236038,0.42063601046800614,0.8817422534674406,1.3566143019290478,1.3565265437960625,1.3565265437960625,0.9234564341235695,9.503223946736592e-05,3,2,1,0.0,0.6978995089269093,2,1,1,0.0,-0.08504366129636765,0.13328595459461212,2.724746771156788,3.999578714370727,0.0013328595459461213,-0.031522780656814575,0.07794638723134995,0.4926609992980957,1.4471042156219482,0.45055490732192993,0.2529228925704956,0.6481869220733643,0.07794638723134995,2.341964793652296,-0.003725305199623108,-0.01646602153778076,-0.004946030676364899,28354.935546875,11735.5078125,16619.427734375,28659.43359375,11776.70703125,16882.7265625,-0.010738802142441273,-0.0035106465220451355,-0.01584283448755741,-1.0738802142441273,-0.16129817813634872,1.0047111263871193,-0.3197224345058203,1.0004032602906228,1.6343270838260648,3.162312604486942,1.3566143019290478,430.45944321368614,430.45944321368614,greedy,1.3566143019290478,0.0,hard_fault_cluster,,False
128,N694,observe,0.18723519146442413,3.8038458876311783,3.3283125162124634,1.260421783477068,2.472499826960266,3.8038943347078513,3.8038458876311783,3.8038458876311783,0.5426752537687277,8.92745271440619e-05,3,2,1,0.0,0.5341591768926987,2,1,1,0.0,0.18723519146442413,0.2333405464887619,6.079428009688854,5.926253318786621,0.002333405464887619,-0.061645448207855225,0.07307426631450653,0.5416531562805176,1.4598631858825684,0.44684313237667084,0.39916467666625977,0.4945215880870819,0.07307426631450653,2.280109519958496,0.0005208253860473633,-0.012322120368480682,-0.0035633742809295654,28660.0078125,11776.0224609375,16883.986328125,28707.68359375,11847.759765625,16859.923828125,-0.0016634950879961252,-0.00609181122854352,0.0014251669635996222,-0.16634950879961252,0.35849735140800476,6.321409862041474,0.12868624180555344,6.321409862041474,4.6371887683868405,5.114172699451446,3.8038943347078513,434.263337548394,434.263337548394,greedy,3.8038943347078513,0.0,hard_fault_cluster,,False
129,N645,control1,0.04748067632317543,3.0147011978924274,1.9274568259716032,0.5292193879187107,1.959555778630078,3.0146834526581427,3.0147011978924274,3.0147011978924274,-0.21159119149259256,8.386565697562796e-05,3,2,1,0.0,0.04311060591893382,2,1,1,0.0,0.04748067632317543,0.18771381676197052,2.4724214151501656,1.5520594596862791,0.0018771381676197052,-0.06253013014793396,0.08973090350627899,-0.2186371386051178,1.2533581256866455,0.21408329159021378,0.1359909027814865,0.29217568039894104,0.08973090350627899,1.5126285523176193,-0.0020107924938201904,-0.01698346808552742,-0.0035193637013435364,28707.88671875,11848.2236328125,16859.662109375,28791.931640625,11907.794921875,16884.13671875,-0.0029275899287313223,-0.005027866922318935,-0.0014516666997224092,-0.29275899287313223,0.07636547088623047,2.4869181990623477,-0.13171806931495667,2.3593291640281677,2.368371558189392,1.7676136321574447,3.0146834526581427,437.27802100105214,437.27802100105214,greedy,3.0146834526581427,0.0,hard_fault_cluster,,False
130,N7401,observe,-0.002230132929980755,1.8811660678684712,2.7704451084136963,0.40310513630509376,1.2227579441145062,1.8812147849366712,1.8811660678684712,1.8811660678684712,0.6183585870987556,7.8784493684339e-05,3,2,1,0.0,0.5891841884136404,2,1,1,0.0,-0.002230132929980755,0.1970551759004593,1.6421299849450588,2.6468316316604614,0.0019705517590045928,-0.06484436988830566,0.09006088972091675,0.2256273627281189,1.5223290920257568,0.4834267199039459,0.3884887099266052,0.5783647298812866,0.09006088972091675,1.0755883699655533,-0.0007164850831031799,-0.014502689242362976,-0.0035805702209472656,28789.83984375,11906.74609375,16883.09375,28966.884765625,11955.01953125,17011.865234375,-0.006149562541395426,-0.0040542930364608765,-0.0076272445730865,-0.6149562541395426,0.21546755731105804,1.866389193534851,0.00013050809502601624,1.8836426639556885,1.5428698152303695,3.1028653798997397,1.8812147849366712,439.1592357859888,439.1592357859888,greedy,1.8812147849366712,0.0,hard_fault_cluster,,False
131,N7588,control1,-0.0606905035674572,7.143208687007427,4.400658255815506,1.1093146190047263,4.643085646554828,7.1432030773581765,7.143208687007427,7.143208687007427,-0.07579461725089587,7.401118251421385e-05,3,2,1,0.0,-0.1536804600560247,2,1,1,0.0,-0.0606905035674572,0.2053539901971817,3.6478971172869206,1.7009651184082029,0.002053539901971817,-0.11845682561397552,0.0842578336596489,-0.5274480581283569,1.28729248046875,0.3155638426542282,0.526456356048584,0.10467132925987244,0.0842578336596489,6.558249394744634,0.0017986446619033813,-0.02834959700703621,-0.0016578882932662964,28967.50390625,11955.4189453125,17012.0859375,28876.1171875,11919.4560546875,16956.66015625,0.0031548012048006058,0.003008082741871476,0.003258023876696825,0.3154801204800606,0.46947629004716873,2.127296333760023,0.2522674221545458,2.1272962741553783,3.7845881000161175,2.71289147682488,7.1432030773581765,446.302438863347,446.302438863347,greedy,7.1432030773581765,0.0,hard_fault_cluster,,False
132,N616,control1,0.023793313652276993,2.056752869337797,1.0963197529315947,0.6894308860599995,1.3368893650695683,2.05673954098593,2.056752869337797,2.056752869337797,-0.19170017593339325,6.952707164812478e-05,3,2,1,0.0,0.02618092902904049,2,1,1,0.0,0.023793313652276993,0.19000984728336334,3.0981784105300902,2.271249371767044,0.0019000984728336334,-0.12991225719451904,0.09042316675186157,-0.29882800579071045,1.2231147289276123,0.2365097478032112,0.16149933636188507,0.31152015924453735,0.09042316675186157,1.5326852884888646,2.594292163848877e-05,-0.025084350258111954,-0.003212936222553253,28877.45703125,11919.9697265625,16957.486328125,28742.083984375,11895.396484375,16846.6875,0.00468784524127841,0.0020615188404917717,0.006533917970955372,0.468784524127841,0.2830273061990738,1.3157671461999416,0.0727025456726551,1.2589143286645412,2.226316249370575,1.7245225971192124,2.05673954098593,448.3591784043329,448.3591784043329,greedy,2.05673954098593,0.0,hard_fault_cluster,,False
133,N636,control1,0.05662008002400398,6.590182473659516,4.464345359802246,0.7573888468742369,4.283618607878685,6.590171229527277,6.590182473659516,6.590182473659516,-0.17215332358764118,6.531463932541689e-05,3,2,1,0.0,0.0016833061334936318,2,1,1,0.0,0.05662008002400398,0.18390820920467377,4.16707199037075,2.3919558763504023,0.0018390820920467378,-0.1349513828754425,0.09712861478328705,-0.30165645480155945,1.2379734516143799,0.23545347154140472,0.14291530847549438,0.32799163460731506,0.09712861478328705,2.3246090877056123,-0.001216799020767212,-0.024515043944120407,-0.004209302365779877,28741.98828125,11895.4169921875,16846.5703125,28689.40625,11893.8828125,16795.5234375,0.0018294500187039375,0.00012897232954856008,0.0030301047954708338,0.18294500187039375,0.15935692191123962,4.452149829864502,-0.05142069607973099,3.4512446534633634,4.53546633720398,3.22000564981252,6.590171229527277,454.9493496338602,454.9493496338602,greedy,6.590171229527277,0.0,hard_fault_cluster,,False
134,N2102,observe,-0.04215778782963753,4.505146404206753,5.039406251907348,0.2164880511164665,2.9283451627343897,4.505181908132435,4.505146404206753,4.505146404206753,0.57864106039695,6.135742537524737e-05,3,2,1,0.0,0.45106927666212004,2,1,1,0.0,-0.04215778782963753,0.159171000123024,1.4584502997994422,2.334771543741226,0.00159171000123024,-0.14778169989585876,0.09215053170919418,0.1834486722946167,1.4008522033691406,0.5204288959503174,0.5307767391204834,0.5100810527801514,0.09215053170919418,1.575168575644493,-0.0017617791891098022,-0.022067222744226456,-0.005885712802410126,28688.1015625,11893.361328125,16794.740234375,28783.931640625,11985.201171875,16798.73046875,-0.0033404119312763214,-0.007721941918134689,-0.00023758833413012326,-0.33404119312763214,0.07514361292123795,1.9840697325766086,-0.11334753595292568,1.476655689626932,2.477679672837257,3.6533713211119174,4.505181908132435,459.45453154199265,459.45453154199265,greedy,4.505181908132435,0.0,hard_fault_cluster,,False
135,N7454,observe,-0.2506527006626129,6.619176738783717,5.889285850524902,0.8664240469783545,4.302464880209416,6.619230874544792,6.619176738783717,6.619176738783717,0.939205276966928,5.763996689811041e-05,3,2,1,0.0,0.7026900867347338,2,1,1,0.0,-0.2506527006626129,0.17612536251544952,5.423777683079243,5.30802321434021,0.0017612536251544952,-0.13714729249477386,0.09495683014392853,0.14793837070465088,1.629481554031372,0.5651372671127319,0.6248332858085632,0.5054412484169006,0.09495683014392853,2.8668010897934435,-0.0025672242045402527,-0.021326065063476562,-0.006805993616580963,28783.552734375,11985.07421875,16798.478515625,29074.185546875,12069.703125,17004.482421875,-0.010097183287143707,-0.007061191834509373,-0.01226324774324894,-1.0097183287143707,0.014359772205352783,3.4357416834682226,-0.18895187228918076,2.6871961560100317,5.000185627490282,5.072376340441406,6.619230874544792,466.0737624165374,466.0737624165374,greedy,6.619230874544792,0.0,hard_fault_cluster,,False
136,N7892,control1,-0.22241626679897308,3.3189764901995655,1.6916891634464264,0.926873381435871,2.1573347186297176,3.3189764901995655,3.3189764901995655,3.3189764901995655,0.0,5.4147737844221256e-05,3,2,1,0.0,-0.221798165328259,2,1,1,0.0,-0.22241626679897308,0.16145117580890656,1.41884385317564,0.42108476161956787,0.0016145117580890656,-0.1321169137954712,0.09290807694196701,-0.572535514831543,1.0750588178634644,0.22261599451303482,0.11968626081943512,0.3255457282066345,0.09290807694196701,5.779152810573578,-0.00275450199842453,-0.028027068823575974,-0.005896836519241333,29074.943359375,12070.529296875,17004.4140625,28768.748046875,11965.939453125,16802.80859375,0.010531243868172169,0.008664892986416817,0.01185606699436903,1.0531243868172169,-0.021090947091579437,1.6379142966866491,-0.2118603866547346,1.5917475190758703,1.8175829797983172,1.5128955353796483,3.3189764901995655,469.392738906737,469.392738906737,greedy,3.3189764901995655,0.0,hard_fault_cluster,,False
137,N3295,control1,-0.1572054773569107,2.4217012614011764,1.8233788728713989,0.24701994359493254,1.5741058199107647,2.4217005139575907,2.4217012614011764,2.4217012614011764,-0.014694049779292727,5.086709225266104e-05,3,2,1,0.0,0.2072290053784191,2,1,1,0.0,-0.1572054773569107,0.1356208473443985,1.1779801224917172,0.7331027388572692,0.001356208473443985,-0.12568187713623047,0.10771054774522781,-0.23442083597183228,1.3685375452041626,0.22497423738241196,0.10951827466487885,0.34043020009994507,0.10771054774522781,1.2604356868565083,-0.0050531551241874695,-0.02785693109035492,-0.006301157176494598,28769.61328125,11966.001953125,16803.611328125,28939.3828125,12092.984375,16846.3984375,-0.005901001393795013,-0.010611933656036854,-0.0025463043712079525,-0.5901001393795013,-0.26198411732912064,1.1002934000641107,-0.44448266364634037,1.0292681477218866,1.3927035920321942,1.1106366372853518,2.4217005139575907,471.8144394206946,471.8144394206946,greedy,2.4217005139575907,0.0,hard_fault_cluster,,False
138,N7879,control1,-0.20280899107456207,1.7886339042335748,1.6311251044273376,0.32333937175571914,1.1626120377518236,1.7886255618708744,1.7886339042335748,1.7886339042335748,-0.1745804305998674,4.778521092948794e-05,3,2,1,0.0,-0.3561413895677384,2,1,1,0.0,-0.20280899107456207,0.137033611536026,1.1359101477265356,0.7674904048442841,0.00137033611536026,-0.13064011931419373,0.1018138900399208,-0.6388490796089172,1.047300934791565,0.2367650792002678,0.11588110029697418,0.3576490581035614,0.1018138900399208,1.2510721875727175,-0.005201809108257294,-0.03142929822206497,-0.005910076200962067,28938.35546875,12092.875,16845.48046875,28685.23828125,11976.978515625,16708.259765625,0.008746772073209286,0.00958386529237032,0.008145846426486969,0.8746772073209286,-0.28133340924978256,0.8349367988854646,-0.46046903543174267,0.7306500685960053,1.5827802084386349,1.5684752751514317,1.7886255618708744,473.6030649825655,473.6030649825655,greedy,1.7886255618708744,0.0,hard_fault_cluster,,False
139,N7679,observe,-0.08389218896627426,1.6058808083832266,2.9333886742591853,0.0946061445772648,1.0438225254490974,1.6059044357821914,1.6058808083832266,1.6058808083832266,0.5263393168649703,4.489005135645824e-05,3,2,1,0.0,0.4293598162733402,2,1,1,0.0,-0.08389218896627426,0.14031554758548737,0.9211603417992592,2.3496653258800504,0.0014031554758548736,-0.07470625638961792,0.07332424074411392,0.24919551610946655,1.3864307403564453,0.4845117926597595,0.38919365406036377,0.5798299312591553,0.07332424074411392,0.9129583007097244,-0.0028583481907844543,-0.011017750948667526,-0.006488010287284851,28684.9375,11976.646484375,16708.291015625,28961.130859375,12020.943359375,16940.1875,-0.00962851569056511,-0.003698604181408882,-0.013879126869142056,-0.9628515690565109,-0.07219503074884415,1.1944132374227048,-0.2324248719960451,1.2166433733701707,1.0997133895754814,2.4454963072389364,1.6059044357821914,475.2089694183477,475.2089694183477,greedy,1.6059044357821914,0.0,hard_fault_cluster,,False
140,N5603,observe,0.10893785953521729,1.7962405537068844,3.185980153083801,0.009078408926725404,1.167556359909475,1.7962709468567564,1.7962405537068844,1.7962405537068844,0.720724050208749,4.217030063462466e-05,3,2,1,0.0,0.6477986608511089,2,1,1,0.0,0.10893785953521729,0.1874925047159195,0.9501359209418296,2.447332280874252,0.001874925047159195,0.01048898696899414,-0.03832915425300598,0.09297134727239609,1.6561107635498047,0.2251235768198967,-0.07587851583957672,0.5261256694793701,-0.03832915425300598,-0.2873580437898636,0.009239006787538528,0.0736241489648819,-0.009587667882442474,28961.60546875,12017.6611328125,16943.9453125,29341.9296875,12165.625,17176.3046875,-0.013132014311850071,-0.012312201783061028,-0.013713416643440723,-1.313201431185007,1.0730640292167664,1.3145775550603866,0.9611915163695812,1.3187674874067308,1.3178512409329415,2.552418676093221,1.7962709468567564,477.00524036520443,477.00524036520443,greedy,1.7962709468567564,0.0,hard_fault_cluster,,False
141,N2157,observe,0.19737468659877777,5.384960739836097,5.570669078826904,0.3417003154009581,3.500224480893463,5.384977644684798,5.384960739836097,5.384960739836097,0.4267249106839139,3.9615331278937814e-05,3,2,1,0.0,0.8265997106642277,2,1,1,0.0,0.19737468659877777,0.20320652425289154,2.4784535821527243,2.9774742126464844,0.0020320652425289154,-0.0019274652004241943,-0.02054671011865139,0.0994291678071022,1.766064167022705,0.2778385803103447,0.2330845147371292,0.3225926458835602,-0.02054671011865139,0.8957662707567214,0.012322399765253067,0.07589110732078552,-0.0062449052929878235,29341.63671875,12169.19140625,17172.4453125,29327.458984375,12238.69140625,17088.767578125,0.0004831950645893812,-0.005711143836379051,0.00487279100343585,0.04831950645893812,1.4148997906595469,2.1775920948386194,1.2779049300588667,2.1482999882102014,3.425826382637024,4.32564862549305,5.384977644684798,482.3902180098892,482.3902180098892,greedy,5.384977644684798,0.0,hard_fault_cluster,,False
142,N2106,observe,0.04542752727866173,1.798753540441394,3.0003033399581907,0.16259497486054897,1.169189801286906,1.7987650127578239,1.798753540441394,1.798753540441394,0.30826997721241994,3.721515969111746e-05,3,2,1,0.0,0.5183029964708633,2,1,1,0.0,0.04542752727866173,0.1913466900587082,1.1593229558318854,2.473970490694046,0.0019134669005870819,-0.0026772916316986084,-0.014586610719561577,-0.04150533676147461,1.6679147481918335,0.25721608474850655,0.12464163452386856,0.38979053497314453,-0.014586610719561577,0.820237067118287,0.007869414985179901,0.06932130455970764,-0.007753394544124603,29326.927734375,12237.841796875,17089.0859375,29504.115234375,12388.099609375,17116.015625,-0.00604180246591568,-0.012278130277991295,-0.001575841335579753,-0.604180246591568,0.9637015778571367,1.444459254294634,0.8311315183527768,1.411213917285204,1.2933412093669177,2.691670229267329,1.7987650127578239,484.18898302264705,484.18898302264705,greedy,1.7987650127578239,0.0,hard_fault_cluster,,False
143,N630,control1,0.021201398223638535,2.7766187712550163,2.8282314062118528,-0.17619238793849945,1.8048022013157607,2.7766218464095496,2.7766187712550163,2.7766187712550163,0.0879610617894002,3.496040714852526e-05,3,2,1,0.0,0.5856128561472496,2,1,1,0.0,0.021201398223638535,0.09206171333789825,-1.246558000445366,-1.9228267550468443,0.0009206171333789825,0.23111167550086975,0.010350124910473824,0.06113722175359726,1.477230191230774,-0.0019178465008735657,-0.21661101281642914,0.212775319814682,0.010350124910473824,1.5776562944054604,-0.0015855953097343445,-0.01018524169921875,0.008618399500846863,29506.423828125,12389.291015625,17117.1328125,29354.90625,12335.1708984375,17019.734375,0.005135070998221636,0.0043682982213795185,0.005690114106982946,0.5135070998221636,-0.05614769272506237,1.304305345416069,-0.13295657141134143,1.3043052858114241,1.127629190683365,0.8177059658616783,2.7766218464095496,486.9656048690566,486.9656048690566,greedy,2.7766218464095496,0.0,hard_fault_cluster,,False
144,N7421,control1,-0.23900316655635834,0.5784158179257065,0.41728617548942565,0.19596373244188725,0.37597028165170926,0.5784051849923372,0.5784158179257065,0.5784158179257065,-0.3237576326149671,3.2842263156602244e-05,3,2,1,0.0,-0.368620392454344,2,1,1,0.0,-0.23900316655635834,0.16528917849063873,0.6598987881373614,0.5378369450569153,0.0016528917849063874,-0.021328866481781006,-0.004395579919219017,-0.7861135005950928,1.5152990818023682,-0.00872841477394104,-0.020442649722099304,0.002985820174217224,-0.004395579919219017,0.5388350261002779,-0.011830031871795654,0.023135945200920105,-0.023912891745567322,29352.98046875,12334.6064453125,17018.375,29100.234375,12203.08203125,16897.15234375,0.008610576391220093,0.010663040913641453,0.007123045157641172,0.8610576391220093,-1.0221095886081457,0.37420416887849567,-1.1427797875367105,0.35532420393079517,0.7895893860608338,0.8233162718452512,0.5784051849923372,487.54401005404895,487.54401005404895,greedy,0.5784051849923372,0.0,hard_fault_cluster,,False
145,N6534,observe,-0.2345716655254364,1.078219905179576,2.4480885565280914,0.1558856661367463,0.7008429383667244,1.078237295534686,1.078219905179576,1.078219905179576,0.5636620279426338,3.085245102166989e-05,3,2,1,0.0,0.7927287843824218,2,1,1,0.0,-0.2345716655254364,0.18986548483371735,1.0067509252752644,2.4977953016757963,0.0018986548483371736,-0.038369059562683105,0.0016521681100130081,-0.08008512109518051,1.8201322555541992,0.2893814668059349,0.1944820135831833,0.3842809200286865,0.0016521681100130081,0.8753610822558403,-0.009224928915500641,0.030971191823482513,-0.02006871998310089,29099.087890625,12202.48046875,16896.607421875,29326.30859375,12293.7099609375,17032.599609375,-0.007808516267687082,-0.007476306986063719,-0.00804849062114954,-0.7808516267687082,-0.7309752386063337,0.8403209686279297,-0.8746134783141315,0.8397351205348969,0.8531273782253266,1.6045327958464621,1.078237295534686,488.62224734958363,488.62224734958363,greedy,1.078237295534686,0.0,hard_fault_cluster,,False
146,N7385,observe,-0.015527832321822643,1.922194358408451,2.4790280997753142,0.7405643901228904,1.2494263329654933,1.9222132792000814,1.922194358408451,1.922194358408451,0.6528193768067218,2.8983195509569658e-05,3,2,1,0.0,1.0,2,1,1,0.0,-0.015527832321822643,0.1486440896987915,3.602638329565525,3.8438900709152217,0.001486440896987915,0.07825925946235657,0.00798952765762806,-0.05120421200990677,1.7445170879364014,0.2166290506720543,0.09071631729602814,0.34254178404808044,0.00798952765762806,2.006030928194523,-0.006016455590724945,0.008721530437469482,-0.004690222442150116,29327.015625,12294.3154296875,17032.69921875,29053.482421875,12185.423828125,16868.05859375,0.009327004663646221,0.008857069537043571,0.009666149504482746,0.9327004663646221,-0.44501194171607494,1.1786770927906036,-0.5624871547333896,1.1717470395565033,2.0565906733274457,3.2051272921264173,1.9222132792000814,490.5444606287837,490.5444606287837,greedy,1.9222132792000814,0.0,hard_fault_cluster,,False
147,N2149,observe,0.027281586080789566,1.6970382314920425,3.2282746791839596,-0.12664993405342106,1.1030748504698276,1.697061692162381,1.6970382314920425,1.6970382314920425,0.8616632203118951,2.7227192463766613e-05,3,2,1,0.0,1.0,2,1,1,0.0,0.027281586080789566,0.034879907965660095,-1.6180930279195311,-3.3001141071319577,0.00034879907965660093,0.3738352656364441,0.02542552910745144,0.7420338988304138,1.822383999824524,0.3409728556871414,0.332727313041687,0.3492183983325958,0.02542552910745144,2.0223404754698278,-0.0012303069233894348,-0.03989900276064873,0.019149191677570343,29053.96484375,12185.7041015625,16868.26171875,28865.7578125,12141.8212890625,16723.935546875,0.006477843504399061,0.003601171774789691,0.008556078188121319,0.6477843504399061,-0.06272525526583195,1.7779625947773456,-0.1079543330706656,1.7151357229053974,0.3644808888435365,0.866912577748299,1.697061692162381,492.2415223209461,492.2415223209461,greedy,1.697061692162381,0.0,hard_fault_cluster,,False
148,N649,control1,-0.11374429613351822,1.0239129583537576,0.8148684620857238,0.15042723402380936,0.6655434229299425,1.0239100952056253,1.0239140564685116,1.0239136299711757,-0.1119397575087428,2.5577580264198977e-05,3,2,1,0.04293270679749284,0.24421235827734186,2,1,1,0.026258051436380464,-0.11374429613351822,0.005074486136436462,-0.9863631535321475,-0.9068942934274672,5.074486136436462e-05,0.35908782482147217,0.01827901042997837,0.328804075717926,1.563446044921875,0.04729568213224411,-0.1673208326101303,0.26191219687461853,0.005074486136436462,-0.8728446109592914,-0.010103195905685425,-0.06345883756875992,0.01867622509598732,28866.814453125,12141.744140625,16725.0703125,28796.6640625,12107.09765625,16689.56640625,0.0024301395751535892,0.0028535013552755117,0.0021227956749498844,0.24301395751535892,-0.9869660940021276,0.452293236553669,-1.0044812164269388,0.5073853269219398,0.1371344029903413,0.33539369441568856,1.0239100952056253,493.2654324161517,493.2654324161517,greedy,1.0239100952056253,0.0,hard_fault_cluster,,False
149,N3467,control1,-0.22045810520648956,6.51494997754693,4.36123679280281,0.7095136220753192,4.234717485405505,6.514935323852613,6.51494997754693,6.51494997754693,-0.6098613020763246,2.4027913015348674e-05,3,2,1,0.0,-0.7603676847612848,2,1,1,0.0,-0.22045810520648956,0.10493868589401245,3.960799620300531,2.6720305800437925,0.0010493868589401246,0.0820232629776001,0.019840801134705544,-0.9592278599739075,1.413602352142334,-0.01063026487827301,-0.22182823717594147,0.20056770741939545,0.019840801134705544,2.0048596738278865,-0.024293310940265656,-0.023620158433914185,-0.01971394568681717,28796.73828125,12107.41015625,16689.328125,28774.9453125,12104.81640625,16670.12890625,0.0007567860302515328,0.00021422830468509346,0.0011503889691084623,0.07567860302515328,-2.3045516069978476,-0.09391223244369029,-2.398136222269386,0.14833189196884633,3.902876963466406,2.842489338889718,6.514935323852613,499.78036774000435,499.78036774000435,greedy,6.514935323852613,0.0,hard_fault_cluster,,False
150,N2072,observe,-0.3753339350223541,0.629306582659483,1.0528108060359953,0.0059320209920406455,0.409049278728664,0.6293252950583126,0.629306582659483,0.629306582659483,0.8290043689784393,2.2572135358764477e-05,3,2,1,0.0,1.0,2,1,1,0.0,-0.3753339350223541,0.16013461351394653,0.5552037239074707,0.620019793510437,0.0016013461351394654,0.004572570323944092,0.0015391800552606583,0.2373429238796234,1.7428734302520752,0.18286783248186111,-0.09873868525028229,0.4644743502140045,0.0015391800552606583,0.1658152915537357,-0.011158719658851624,0.031148776412010193,-0.020445942878723145,28773.7890625,12104.0859375,16669.703125,28965.2890625,12111.5537109375,16853.734375,-0.00665536243468523,-0.0006169630214571953,-0.011039863340556622,-0.665536243468523,-0.9541981723159552,0.7277342856675386,-1.0754535174928606,0.7276650846749544,0.6288212612271309,0.7566647277772427,0.6293252950583126,500.4096930350627,500.4096930350627,greedy,0.6293252950583126,0.0,hard_fault_cluster,,False
151,N723,observe,0.035646382719278336,1.6973287896811962,2.9122608542442316,0.1700867126882076,1.1032637132927776,1.6973476365967093,1.6973287896811962,1.6973287896811962,0.8888143196305391,2.120455881161729e-05,3,2,1,0.0,1.0,2,1,1,0.0,0.035646382719278336,0.18351702392101288,1.2929451152682305,2.6105337381362914,0.0018351702392101288,1.633167266845703e-05,0.00023839809000492096,0.23159486055374146,1.6815296411514282,0.20151349902153015,0.018100261688232422,0.3849267363548279,0.00023839809000492096,0.5126858961582184,0.005618404597043991,0.05917292833328247,-0.006476022303104401,28965.00390625,12111.1884765625,16853.81640625,28858.08984375,12087.3251953125,16770.765625,0.0036911461502313614,0.001970350043848157,0.0049277134239673615,0.36911461502313614,0.7455958817154169,1.6401767268776895,0.6077793152071536,1.606275536119938,1.4555705308914184,3.0461208450794217,1.6973476365967093,502.1070406716594,502.1070406716594,greedy,1.6973476365967093,0.0,hard_fault_cluster,,False
152,N642,control1,-0.0007759882137179375,1.6467690305411817,1.1781362235546111,0.2664787720143795,1.0703998698517683,1.646761173262129,1.6467690305411817,1.6467690305411817,-0.3944448968767106,1.9919839538829874e-05,3,2,1,0.0,0.3167106163585154,2,1,1,0.0,-0.0007759882137179375,0.17891843616962433,1.6332942962646484,1.3459287106990812,0.0017891843616962434,-0.006707102060317993,0.007562646642327309,-0.4379962384700775,1.4244211912155151,-0.036789581179618835,-0.2785433530807495,0.20496419072151184,0.007562646642327309,0.7306022319197654,0.0028101950883865356,0.05146905034780502,-0.007899962365627289,28859.291015625,12088.130859375,16771.16015625,28743.841796875,12067.642578125,16676.19921875,0.00400041788816452,0.0016949089476838708,0.005662156734615564,0.400041788816452,0.4675005916506052,1.648151928782463,0.3276397795416415,1.644122285246849,1.5325389459729193,1.2902663750946521,1.646761173262129,503.7538018449215,503.7538018449215,greedy,1.646761173262129,0.0,hard_fault_cluster,,False
153,N5738,observe,-0.04682501032948494,1.9931430219858886,3.204120087623596,0.1195382150262594,1.2955429642908276,1.9931560097663579,1.9931430219858886,1.9931430219858886,0.6940527967692943,1.871295747192515e-05,3,2,1,0.0,0.9516857135253508,2,1,1,0.0,-0.04682501032948494,0.18231447041034698,1.0674549832940101,2.377246981859207,0.0018231447041034698,-0.002477407455444336,0.00815325416624546,0.07839854806661606,1.7252620458602905,0.21957706287503242,0.04324043542146683,0.395913690328598,0.00815325416624546,0.3516676457226276,-0.0028161555528640747,0.04307214915752411,-0.012607067823410034,28740.853515625,12066.341796875,16674.51171875,28591.361328125,11981.876953125,16609.484375,0.005201383028179407,0.007000037468969822,0.0038998050149530172,0.5201383028179407,-0.09114783070981503,0.9990999538451433,-0.23399862414225936,1.0042677361518144,1.3659585677087307,2.6895893389359116,1.9931560097663579,505.7469578546879,505.7469578546879,greedy,1.9931560097663579,0.0,hard_fault_cluster,,False
154,N1607,control1,-0.0412042997777462,1.3669202764332293,1.4022670924663543,-0.10411336570978165,0.888498179681599,1.3669294899360995,1.3669202764332293,1.3669202764332293,0.5241139871843946,1.757919669299952e-05,3,2,1,0.0,0.6392703751150627,2,1,1,0.0,-0.0412042997777462,0.1010558158159256,-0.600906452126801,-0.6164391756057739,0.001010558158159256,0.1748802363872528,0.020085295662283897,-0.14250993728637695,1.5606828927993774,0.03183325380086899,-0.20050464570522308,0.26417115330696106,0.020085295662283897,0.994995390586555,-0.007450677454471588,-0.0023721829056739807,0.0032844990491867065,28592.001953125,11982.455078125,16609.546875,28508.208984375,11964.240234375,16543.96875,0.0029306437354534864,0.001520126243121922,0.003948218654841185,0.29306437354534864,-0.6239266339689493,0.9570936017856002,-0.7147824675776064,0.9790330582484603,0.4903188139200211,0.46430000428110363,1.3669294899360995,507.113887344624,507.113887344624,greedy,1.3669294899360995,0.0,hard_fault_cluster,,False
155,N6533,observe,-0.13430605828762054,1.5785569826699792,2.722124660015106,0.2500706307776272,1.0260620387354866,1.5785678808948116,1.5785569826699792,1.5785569826699792,0.6599334513851535,1.6514127007171203e-05,3,2,1,0.0,1.0,2,1,1,0.0,-0.13430605828762054,0.1908607929944992,1.6271494938060642,2.962617230415344,0.001908607929944992,-0.012265890836715698,0.013930575922131538,-0.08104721456766129,1.8969221115112305,0.27627580612897873,0.18900392949581146,0.363547682762146,0.013930575922131538,0.9177954354882241,-0.007439114153385162,0.03422077000141144,-0.014080531895160675,28507.08203125,11963.36328125,16543.71875,28711.037109375,12065.669921875,16645.3671875,-0.007154540624469519,-0.008551661856472492,-0.006144231650978327,-0.7154540624469519,-0.5391200464218855,0.8978381706774234,-0.6927135731093585,0.8978382302820682,1.3124524936079978,2.364879952892661,1.5785678808948116,508.6924552255188,508.6924552255188,greedy,1.5785678808948116,0.0,hard_fault_cluster,,False
156,N5740,observe,-0.10210204869508743,0.9491826272383331,2.673002290725708,-0.15749899037182333,0.6169687077049165,0.9491981408249647,0.9491826272383331,0.9491826272383331,1.0,1.551358663149744e-05,3,2,1,0.0,1.0,2,1,1,0.0,-0.10210204869508743,0.10957537591457367,-0.6892711333557964,-2.411778062582016,0.0010957537591457366,0.17618662118911743,0.015696877613663673,0.07645689696073532,1.6559765338897705,0.23379682004451752,0.026751548051834106,0.4408420920372009,0.015696877613663673,0.7751085254549981,-0.005690738558769226,-0.0008864961564540863,0.0035950280725955963,28711.33203125,12066.1513671875,16645.181640625,28741.4453125,12041.6962890625,16699.748046875,-0.001048829173669219,0.002026750473305583,-0.0032782102935016155,-0.1048829173669219,-0.44380160234868526,0.9624796225130557,-0.5377557924948633,0.9756835414469242,0.2446420580148697,0.66785025164485,0.9491981408249647,509.6416533663438,509.6416533663438,greedy,0.9491981408249647,0.0,hard_fault_cluster,,False
157,N763,observe,-0.23985472321510315,0.35731652801856395,0.41219625174999236,-0.12661061119288206,0.23225574321206657,0.3573263375436052,0.35731652801856395,0.35731652801856395,0.673099348272559,1.4573665932717203e-05,3,2,1,0.0,0.7586729461825032,2,1,1,0.0,-0.23985472321510315,0.14579662680625916,0.016079672053456312,0.08378256633877754,0.0014579662680625916,0.07099470496177673,-0.0027918312698602676,0.19149109721183777,1.6997489929199219,0.2526899054646492,0.04602234065532684,0.45935747027397156,-0.0027918312698602676,-0.015591006986796857,-0.006644301116466522,0.025244615972042084,-0.009937010705471039,28742.513671875,12041.775390625,16700.73828125,28885.162109375,12070.083984375,16815.078125,-0.004962977021932602,-0.0023508653976023197,-0.006846394389867783,-0.4962977021932602,-0.5214253161102533,0.6942782378196716,-0.6286789127625525,0.6918194031715392,0.2301250137388706,0.25881154417991636,0.3573263375436052,509.9989797038874,509.9989797038874,greedy,0.3573263375436052,0.0,hard_fault_cluster,,False
158,N705,observe,-0.030471201986074448,1.6358000007458031,1.228871476650238,0.20072609195485713,1.0632700004847722,1.6358136914379533,1.6358000007458031,1.6358000007458031,1.0,1.3690692150274277e-05,3,2,1,0.0,1.0,2,1,1,0.0,-0.030471201986074448,0.1919802874326706,1.5013050601817668,1.2384600162506103,0.0019198028743267058,-0.021337538957595825,-0.0048272740095853806,0.14783787727355957,1.6966302394866943,0.19288919866085052,0.008277982473373413,0.37750041484832764,-0.0048272740095853806,0.3516227257065475,0.006797559559345245,0.07164132595062256,-0.007437549531459808,28884.42578125,12069.8115234375,16814.615234375,28737.109375,12038.6123046875,16698.49609375,0.005100201815366745,0.002584896981716156,0.006905845832079649,0.5100201815366745,0.8669089693576097,1.7580455762147902,0.7265442092902958,1.7140527349710464,1.5190967670641842,1.3034083538269625,1.6358136914379533,511.63479339532535,511.63479339532535,greedy,1.6358136914379533,0.0,hard_fault_cluster,,False
159,N647,control1,-0.03274780884385109,1.4435875636339186,1.261305248737335,0.07369405567646026,0.9383319163620472,1.443584646820585,1.4435875636339186,1.4435875636339186,-0.22679142859903742,1.286121504492557e-05,3,2,1,0.0,0.4620133521165744,2,1,1,0.0,-0.03274780884385109,0.14471042156219482,0.4607795405760407,0.6234107002615928,0.0014471042156219483,0.08974230289459229,0.006236391142010689,-0.29893139004707336,1.4579663276672363,-0.031065620481967926,-0.24792952835559845,0.1857982873916626,0.006236391142010689,0.8310972002893686,-0.0009493082761764526,0.02512691169977188,-0.0025540441274642944,28740.62890625,12040.2568359375,16700.373046875,28591.384765625,12011.912109375,16579.47265625,0.005192792974412441,0.0023541629780083895,0.007239382714033127,0.5192792974412441,0.05601598508656025,1.6548057997226715,-0.057194124441593885,1.6167111361026762,1.0005084924399852,1.0179898945614694,1.443584646820585,513.0783780421459,513.0783780421459,greedy,1.443584646820585,0.0,hard_fault_cluster,,False
160,N7614,observe,-0.043353576213121414,1.7268020185828208,3.242165350914001,-0.11582779586315153,1.1224213120788336,1.7268109086324097,1.7268020185828208,1.7268020185828208,0.7358098355209759,1.2081993416856284e-05,3,2,1,0.0,1.0,2,1,1,0.0,-0.043353576213121414,0.16265057027339935,0.989148685336113,-0.9788426041603087,0.0016265057027339935,0.1059049665927887,-0.03954397886991501,0.19569554924964905,1.6915911436080933,0.2673272378742695,0.05167204886674881,0.48298242688179016,-0.03954397886991501,-0.7324952185153961,0.00460338220000267,0.0674416571855545,-0.012056991457939148,28587.78125,12010.65625,16577.125,28932.8359375,12101.1533203125,16831.68359375,-0.012070005759596825,-0.007534731645137072,-0.015356015413999557,-1.2070005759596825,0.5834448114037514,1.28947469830513,0.4911148678511381,1.2706585729122162,1.4669299691915514,1.4056982836127285,1.7268109086324097,514.8051889507783,514.8051889507783,greedy,1.7268109086324097,0.0,hard_fault_cluster,,False
161,N5356,observe,-0.11118268221616745,2.0208467067540914,2.765804064273834,0.49865403383781093,1.3135503593901594,2.020853509466019,2.0208467067540914,2.0208467067540914,0.5993588063264289,1.1349982440621214e-05,3,2,1,0.0,0.8586107543532562,2,1,1,0.0,-0.11118268221616745,0.16236834228038788,2.5961401036780445,3.556641840934753,0.0016236834228038788,0.05913263559341431,-0.015723897144198418,0.09864086657762527,1.7067921161651611,0.23983151465654373,0.1050875335931778,0.37457549571990967,-0.015723897144198418,0.856414492726326,0.0003783106803894043,0.04828553646802902,-0.008654393255710602,28932.248046875,12100.7421875,16831.505859375,28694.771484375,12033.095703125,16661.67578125,0.008208023384213448,0.00559027586132288,0.010090011171996593,0.8208023384213448,0.1844755131751299,2.1951807641983034,0.0744921793229878,2.196488609313965,2.0213766932487487,3.4138948506116864,2.020853509466019,516.8260424602444,516.8260424602444,greedy,2.020853509466019,0.0,hard_fault_cluster,,False
162,N1586,control1,-0.05794817581772804,2.0553103253245353,2.030951726436615,0.036187671124935136,1.335951711460948,2.0553188566691,2.0553103253245353,2.0553103253245353,0.8001394771977485,1.0662321767423143e-05,3,2,1,0.0,0.6327143281618505,2,1,1,0.0,-0.05794817581772804,0.12084759771823883,-0.23016293063759802,-0.549780261516571,0.0012084759771823883,0.1630515456199646,0.005703175440430641,-0.03993780165910721,1.5170738697052002,0.09465295821428299,-0.05490516126155853,0.2442110776901245,0.005703175440430641,1.1934250162541866,-0.0037055686116218567,0.014988414943218231,0.000841282308101654,28696.0546875,12034.37109375,16661.68359375,28608.16796875,12035.892578125,16572.275390625,0.003062675939872861,-0.00012642824731301516,0.005366096738725901,0.3062675939872861,-0.2440060880035162,1.797131141424179,-0.3389191678725183,1.7981742227077484,0.9938104063272477,0.8960447362065316,2.0553188566691,518.8813613169135,518.8813613169135,greedy,2.0553188566691,0.0,hard_fault_cluster,,False
163,N7436,observe,-0.026675816625356674,2.8228249580413105,3.905097413063049,0.07399072624742985,1.834836222726852,2.8228313180741718,2.8228249580413105,2.8228249580413105,0.6349667443129186,1.0016324348237767e-05,3,2,1,0.0,0.7683602283380905,2,1,1,0.0,-0.026675816625356674,0.19749228656291962,1.3386021841317415,2.527612781524658,0.001974922865629196,0.039710164070129395,-0.050670236349105835,0.11147389560937881,1.6436275243759155,0.21453634649515152,-0.07486318051815033,0.5039358735084534,-0.050670236349105835,-0.15182058580219748,0.008020367473363876,0.0823461264371872,-0.012643560767173767,28607.67578125,12035.50390625,16572.171875,28815.5078125,12070.576171875,16744.931640625,-0.007264904677867889,-0.0029140671249479055,-0.010424690321087837,-0.7264904677867889,0.9488587975502014,2.761289236992597,0.8387422598898411,2.7699049215018747,2.0224993914365768,3.414624604433775,2.8228313180741718,521.7041926349876,521.7041926349876,greedy,2.8228313180741718,0.0,hard_fault_cluster,,False
164,N714,observe,0.004664157517254353,2.010657770931721,2.7445343017578123,0.5143623754382134,1.3069275511056186,2.0106652895821266,2.010657770931721,2.010657770931721,0.7990517696137296,9.409465934111232e-06,1,2,0,0.0,0.9331513541008852,0,1,0,0.0,0.004664157517254353,0.19873814284801483,3.084193055331707,4.083317947387695,0.0019873814284801484,0.006924688816070557,-0.04057908058166504,0.17936068773269653,1.7135391235351562,0.16233091801404953,-0.07270179688930511,0.3973636329174042,-0.04057908058166504,0.618341621743748,0.008122134953737259,0.08627292513847351,-0.012479662895202637,28815.552734375,12070.115234375,16745.4375,28613.1171875,12048.8349609375,16564.28125,0.007025218103080988,0.00176305475179106,0.010818244889378548,0.7025218103080988,0.9703725576400757,2.416642045776243,0.8517532609403133,2.355041789810057,2.278027641773224,3.5807179671525953,2.0106652895821266,523.7148579245697,523.7148579245697,greedy,2.0106652895821266,0.0,hard_fault_cluster,,False
165,N3525,control1,-0.2391543835401535,1.7106433467194437,2.6700424432754515,0.37673831250518564,1.1119181753676384,1.710642697039763,1.7106433467194437,1.7106433467194437,-0.07349837121643896,8.839375212602495e-06,3,2,1,0.0,0.3089154449453528,2,1,1,0.0,-0.2391543835401535,0.18759547173976898,2.1594188544899224,3.3312748670578003,0.0018759547173976899,-0.008725881576538086,-0.018956473097205162,-0.4572230577468872,1.6136729717254639,-0.0792841985821724,-0.3158227205276489,0.15725432336330414,-0.018956473097205162,0.8292333012819291,-0.0070766061544418335,0.052062585949897766,-0.01983831822872162,28617.35546875,12050.859375,16566.49609375,28714.48828125,12177.1455078125,16537.34375,-0.003394192550331354,-0.010479429736733437,0.001759716891683638,-0.3394192550331354,-0.5390216168016195,1.680009097456932,-0.6655008657835424,1.6520703500509262,1.631746968626976,2.6356355296075344,1.710642697039763,525.4255006216096,525.4255006216096,greedy,1.710642697039763,0.0,hard_fault_cluster,,False
166,N7627,observe,0.014596601016819477,2.091331629753113,3.375682425498962,0.041652688980102645,1.3593655593395235,2.091338465732784,2.091331629753113,2.091331629753113,0.8232326726425264,8.303824541828429e-06,3,2,1,0.0,1.0,2,1,1,0.0,0.014596601016819477,0.20764915645122528,3.117937797307968,4.6816253662109375,0.0020764915645122527,0.012279421091079712,-0.05566612631082535,0.1443605124950409,1.6350619792938232,0.25509532541036606,-0.005846157670021057,0.5160368084907532,-0.05566612631082535,-0.18678372263908394,0.008444130420684814,0.08829809725284576,-0.013242654502391815,28710.63671875,12175.91015625,16534.7265625,28777.521484375,12121.001953125,16656.51953125,-0.002329616341739893,0.004509577061980963,-0.007365889381617308,-0.2329616341739893,0.9963960722088814,3.746224162578583,0.8824087996035814,3.7636201119422914,3.137016665935516,4.139060832858085,2.091338465732784,527.5168390873423,527.5168390873423,greedy,2.091338465732784,0.0,hard_fault_cluster,,False
167,N5473,observe,-0.12064578384160995,1.2973587793111803,2.565368568897247,0.199381303191185,0.8432832065522672,1.2973626773348577,1.2973587793111803,1.2973587793111803,0.4997004193041226,7.800721245904751e-06,3,2,1,0.0,0.7542780883390636,2,1,1,0.0,-0.12064578384160995,0.20178769528865814,1.4879020661115645,2.8739576578140253,0.0020178769528865813,0.00016501545906066895,-0.0394391193985939,-0.09594239294528961,1.6700291633605957,0.22996456921100616,0.0377180278301239,0.4222111105918884,-0.0394391193985939,-0.24732094585895542,0.005734153091907501,0.08410432934761047,-0.013812139630317688,28776.751953125,12120.537109375,16656.21484375,28771.4296875,12138.84375,16632.5859375,0.0001849501859396696,-0.001510381931439042,0.0014186239568516612,0.01849501859396696,0.7357638850808144,1.6461536633968352,0.6140024531632662,1.640489910840988,1.40253347158432,3.0116467565298075,1.2973626773348577,528.8142017646771,528.8142017646771,greedy,1.2973626773348577,0.0,hard_fault_cluster,,False
168,N712,observe,0.03174308314919472,3.3649454617500303,3.7029112100601194,0.5844015765190124,2.18721455013752,3.364952789849468,3.3649454617500303,3.3649454617500303,1.0,7.328099437769536e-06,3,2,1,0.0,1.0,2,1,1,0.0,0.03174308314919472,0.20240511000156403,4.582388022542,5.308349323272704,0.00202405110001564,-0.0008029341697692871,-0.033248357474803925,0.2564725875854492,1.7131359577178955,0.14989574253559113,-0.09953421354293823,0.3993256986141205,-0.033248357474803925,0.06369802296161642,0.006437085568904877,0.08466868102550507,-0.011370375752449036,28771.9453125,12138.91796875,16633.02734375,28464.0859375,12021.1494140625,16442.935546875,0.0106999846175313,0.009701734408736229,0.011428575031459332,1.06999846175313,0.8128653094172478,4.302183276414871,0.6859977450221777,4.2892829239368435,3.9563210725784304,4.67160869717598,3.364952789849468,532.1791545545266,532.1791545545266,greedy,3.364952789849468,0.0,hard_fault_cluster,,False
169,N7439,observe,0.02389860525727272,3.4376158576458695,4.633879280090332,-0.18722110614180545,2.234450307469815,3.437620617094437,3.4376158576458695,3.4376158576458695,0.6913670686912912,6.8841123374367895e-06,3,2,1,0.0,0.8885327646744507,2,1,1,0.0,0.02389860525727272,0.20662997663021088,2.597149055823684,4.046161222457886,0.0020662997663021087,0.021647155284881592,-0.06073380261659622,0.05489204078912735,1.6568632125854492,0.21236973255872726,-0.07653321325778961,0.5012726783752441,-0.06073380261659622,-2.6399999441951514,0.009233754128217697,0.09290748834609985,-0.01322367787361145,28464.515625,12021.6884765625,16442.828125,28562.830078125,12010.650390625,16552.1796875,-0.0034539303742349148,0.0009181809728033841,-0.006650411058217287,-0.3453930374234915,1.0692715868353844,2.9509742535650734,0.9598494563251734,2.9638814724981786,3.5757567141205073,4.424241864178329,3.437620617094437,535.616775171621,535.616775171621,greedy,3.437620617094437,0.0,hard_fault_cluster,,False
170,N725,observe,0.04178057983517647,1.8198102861642838,2.952164053916931,0.21538141071796416,1.1828766860067845,1.8198144978761175,1.8198102861642838,1.8198102861642838,0.6512595509370582,6.46702505566353e-06,3,2,1,0.0,0.850391819239771,2,1,1,0.0,0.04178057983517647,0.20197130739688873,1.633780452609062,2.861389780044555,0.0020197130739688872,0.0052144527435302734,-0.04650368541479111,0.09904075413942337,1.672753095626831,0.18008065968751907,-0.009925946593284607,0.37008726596832275,-0.04650368541479111,-0.3450334924459458,0.007696829736232758,0.08786450326442719,-0.01229531317949295,28563.603515625,12010.443359375,16553.16015625,28308.708984375,11936.68359375,16372.025390625,0.00892375223338604,0.006141302641481161,0.010942609049379826,0.892375223338604,0.9251505956053734,1.7545499420166015,0.8085498791188002,1.7528067207336424,1.8878779619932173,3.327120675295591,1.8198144978761175,537.4365896694972,537.4365896694972,greedy,1.8198144978761175,0.0,hard_fault_cluster,,False
171,N715,observe,0.07450590282678604,4.0195917472243305,4.733704328536987,0.15761847943067556,2.6127346356958148,4.019596941625647,4.0195917472243305,4.0195917472243305,0.8550162355532048,6.075207814832365e-06,3,2,1,0.0,1.0,2,1,1,0.0,0.07450590282678604,0.19817017018795013,2.801230405271053,3.759938883781433,0.0019817017018795013,0.00293084979057312,-0.033760666847229004,0.20921188592910767,1.7162854671478271,0.1917700096964836,-0.030293092131614685,0.4138331115245819,-0.033760666847229004,0.1709005609154699,0.006393816322088242,0.08468759059906006,-0.011617302894592285,28307.392578125,11935.828125,16371.564453125,28105.8984375,11875.275390625,16230.6240234375,0.00711807468906045,0.005073190666735172,0.008608855307102203,0.711807468906045,0.8037911355495453,3.1490761429071426,0.6804840080440044,3.2200471788644793,3.539806993305683,4.400874545648694,4.019596941625647,541.4561866111228,541.4561866111228,greedy,4.019596941625647,0.0,hard_fault_cluster,,False
172,N5878,observe,0.05100778117775917,2.6235525647550824,4.007337403297424,-0.19495697095990155,1.7053091670908036,2.623557588871476,2.6235525647550824,2.6235525647550824,0.8803228177739816,5.707129580560036e-06,3,2,1,0.0,1.0,2,1,1,0.0,0.05100778117775917,0.20426805317401886,2.298310329392552,3.8677814722061155,0.0020426805317401886,0.02408692240715027,-0.05890258401632309,0.3182637691497803,1.720055341720581,0.2500065043568611,-0.06493566930294037,0.5649486780166626,-0.05890258401632309,-2.5732278037816285,0.009377025067806244,0.09425285458564758,-0.013159304857254028,28107.1484375,11877.0859375,16230.0625,28266.318359375,11901.7705078125,16364.5478515625,-0.005662969313561916,-0.0020783354993909597,-0.00828618835657835,-0.5662969313561916,1.0830679759383202,3.6436878065764904,0.9740438740700483,3.810629568547011,3.214319885894656,4.1893079258315264,2.623557588871476,544.0797441999943,544.0797441999943,greedy,2.623557588871476,0.0,hard_fault_cluster,,False
173,N5874,observe,0.06340047717094421,2.8510573655739426,2.791500520706177,0.5236623241379859,1.8531872876230628,2.851061682807174,2.8510573655739426,2.8510573655739426,0.8052508336443835,5.361352079147291e-06,3,2,1,0.0,1.0,2,1,1,0.0,0.06340047717094421,0.20966480672359467,4.548077805526554,5.494346237182617,0.002096648067235947,0.02502429485321045,-0.06433712691068649,0.2612088620662689,1.7364575862884521,0.24522709101438522,-0.044557347893714905,0.5350115299224854,-0.06433712691068649,-0.779543737359345,0.009263206273317337,0.09799261391162872,-0.013973340392112732,28266.53125,11901.919921875,16364.611328125,28323.271484375,11900.154296875,16423.1171875,-0.002007329137995839,0.00014834791363682598,-0.003575145034119487,-0.2007329137995839,1.0716483071446419,4.071433149501681,0.9626525472849607,4.216744075939059,3.622108939103782,3.9746245789807286,2.851061682807174,546.9308058828015,546.9308058828015,greedy,2.851061682807174,0.0,hard_fault_cluster,,False
174,N7442,control0,-0.15119695663452148,2.5797672519087795,2.6564757108688353,1.0548459616303443,1.6768487137407067,2.579766282622159,2.5797672519087795,2.5797672519087795,-0.1924514976179632,5.036524177493153e-06,3,3,1,0.0,-0.2681918868720267,2,2,1,0.0,-0.15119695663452148,0.19401340186595917,5.661672389507293,5.475523710250854,0.0019401340186595917,0.003754556179046631,-0.04936554282903671,-0.8321490287780762,1.4139811992645264,-0.03484693169593811,-0.13993285596370697,0.07023899257183075,-0.04936554282903671,0.5384511309862134,0.0007411837577819824,0.0577806755900383,-0.015876561403274536,28322.962890625,11899.93359375,16423.029296875,27750.75390625,11686.134765625,16064.619140625,0.020203005522489548,0.017966387793421745,0.02182363159954548,2.0203005522489548,0.2187662348151207,1.9386459410190582,0.11028034053742886,1.9551932394504545,4.11445996761322,4.483744337558746,2.579766282622159,549.5105721654236,549.5105721654236,greedy,2.579766282622159,0.0,hard_fault_cluster,,False
175,N5422,observe,-0.18122361600399017,6.43047899775207,5.999999999999999,0.6557593622058631,4.179811348538846,6.430482470062346,6.43047899775207,6.43047899775207,0.7338900634997495,4.731376603512965e-06,3,2,1,0.0,1.0,2,1,1,0.0,-0.18122361600399017,0.19548700749874115,5.883105033263565,5.999999999999999,0.0019548700749874113,0.007262170314788818,-0.04374171793460846,-0.012554891407489777,1.6474412679672241,0.21496115624904633,0.00015059113502502441,0.4297717213630676,-0.04374171793460846,-1.8303861775249244,0.0021354854106903076,0.06999635696411133,-0.014264091849327087,27750.2265625,11685.5732421875,16064.65234375,27696.873046875,11714.68359375,15982.189453125,0.0019226334989070892,-0.002491135848686099,0.005133188795298338,0.19226334989070892,0.36529383063316345,6.183088725954295,0.25148486346006393,6.183088725954295,6.131529721990228,5.8765299394167965,6.430482470062346,555.9410546354859,555.9410546354859,greedy,6.430482470062346,0.0,hard_fault_cluster,,False
176,N703,observe,0.04082450643181801,6.513585277497769,5.999999999999999,0.708645176589489,4.2338304303735494,6.513589722214755,6.513585277497769,6.513585277497769,1.0,4.444716986430135e-06,3,2,1,0.0,1.0,2,1,1,0.0,0.04082450643181801,0.2024892121553421,5.975285579264164,5.999999999999999,0.002024892121553421,0.00459665060043335,-0.039764195680618286,0.31428205966949463,1.6729671955108643,0.1441357061266899,-0.08872245252132416,0.376993864774704,-0.039764195680618286,-1.6063982084393504,0.005506683140993118,0.07741664350032806,-0.011133186519145966,27696.75390625,11714.505859375,15982.248046875,27446.09375,11632.5458984375,15813.548828125,0.009050163440406322,0.00699645048007369,0.010555412620306015,0.9050163440406322,0.7133933305740356,6.243515202403069,0.5913495682179928,6.243515202403069,6.2146766349673275,6.139539812728763,6.513589722214755,562.4546443577007,562.4546443577007,greedy,6.513589722214755,0.0,hard_fault_cluster,,False
177,N7405,observe,-0.2265150099992752,5.942108557224274,5.999999999999999,0.34497817277908344,3.8623705621957782,5.942112608371632,5.942108557224274,5.942108557224274,0.9702358841163996,4.175425197561415e-06,3,2,1,0.0,1.0,2,1,1,0.0,-0.2265150099992752,0.1927051991224289,5.389238941669464,5.999999999999999,0.001927051991224289,0.010487735271453857,-0.05981717258691788,0.22781482338905334,1.6653307676315308,0.2299104519188404,0.01926393061876297,0.44055697321891785,-0.05981717258691788,-4.566456634998322,0.004052545875310898,0.07857491075992584,-0.01552988588809967,27447.328125,11633.4833984375,15813.84375,28403.798828125,11969.669921875,16434.12890625,-0.03484749794006348,-0.02889818139374256,-0.039224185049533844,-3.4847497940063477,0.5381426140666008,5.712825961112976,0.43847659416496754,5.712825961112976,5.8820649027824405,5.632403666935861,5.942112608371632,568.3967569660723,568.3967569660723,greedy,5.942112608371632,0.0,hard_fault_cluster,,False
178,N2580,control1,-0.3510266840457916,2.2493990959227084,2.811874568462372,0.5743016634881497,1.4621094123497604,2.2493981011858706,2.2493990959227084,2.2493990959227084,-0.25360096321667563,3.922448973389731e-06,3,2,1,0.0,-0.43184713284610926,2,1,1,0.0,-0.3510266840457916,0.17371992766857147,3.215508742630482,3.693328714370727,0.0017371992766857147,-0.0007394850254058838,-0.03817225247621536,-0.9913825392723083,1.4532921314239502,-0.002761952579021454,-0.1521381437778473,0.14661423861980438,-0.03817225247621536,0.12182252168655383,-0.004687689244747162,0.05303721874952316,-0.018879637122154236,28402.3125,11959.76171875,16442.55078125,27990.095703125,11818.337890625,16171.7578125,0.014513494446873665,0.01182497013360262,0.016469037160277367,1.4513494446873665,-0.3332212492823601,3.019109672307968,-0.43488200567662716,2.9770605742931364,2.536782956123352,3.484484782814979,2.2493981011858706,570.6461550672582,570.6461550672582,greedy,2.2493981011858706,0.0,hard_fault_cluster,,False
179,N6678,observe,-0.4775647521018982,3.892976523637772,2.8935586810111995,0.2947920525074007,2.530434740364552,3.892980106095688,3.892976523637772,3.892976523637772,0.9722259299659191,3.6847998038216208e-06,1,2,0,0.0,1.0,1,1,0,0.0,-0.4775647521018982,0.17777957022190094,4.829739677906036,4.5232419013977045,0.0017777957022190095,0.011292606592178345,-0.05309092253446579,0.16686487197875977,1.6516883373260498,0.25421565771102905,0.11052647233009338,0.3979048430919647,-0.05309092253446579,-3.519624421596527,0.0009799301624298096,0.07210305333137512,-0.015865661203861237,27990.96875,11827.9169921875,16163.05078125,28961.15234375,12183.2255859375,16777.92578125,-0.034660592675209045,-0.030039828270673752,-0.038042012602090836,-3.4660592675209045,0.2226816639304161,5.507025692462921,0.12916517816483974,5.507025692462921,4.527323526144028,3.2168858402792835,3.892980106095688,574.5391351733539,574.5391351733539,greedy,3.892980106095688,0.0,hard_fault_cluster,,False
180,N679,observe,-0.10796158760786057,6.707799857258797,5.919098949432373,0.8605824428796769,4.360069907218218,6.7078033188078665,6.707799857258797,6.707799857258797,1.0,3.4615490695625635e-06,3,2,1,0.0,1.0,2,1,1,0.0,-0.10796158760786057,0.19102974236011505,6.194813504815102,4.858555841445922,0.0019102974236011505,0.005557507276535034,-0.04445932060480118,0.12192372232675552,1.6446888446807861,0.18827148526906967,0.0340811163187027,0.34246185421943665,-0.04445932060480118,-1.1104884773492816,0.005902748554944992,0.07807743549346924,-0.012294620275497437,28961.86328125,12183.275390625,16778.587890625,28621.64453125,12064.2978515625,16557.34765625,0.011747129261493683,0.009765644557774067,0.013185867108404636,1.1747129261493683,0.7368452772498131,6.325216945409775,0.6269174609333277,6.325216945409775,6.24313540160656,5.43737127520144,6.7078033188078665,581.2469384921618,581.2469384921618,greedy,6.7078033188078665,0.0,hard_fault_cluster,,False
181,N5456,observe,-0.23953381180763245,5.621356024444103,5.222444152832031,0.7770449814200402,3.653881415888667,5.621358704179758,5.621356024444103,5.621356024444103,0.824071448387055,3.251824413516905e-06,1,2,0,0.0,1.0,0,1,0,0.0,-0.23953381180763245,0.18878532946109772,5.858254010975361,5.999999999999999,0.0018878532946109772,0.007063746452331543,-0.0359591543674469,-0.04117841273546219,1.7098959684371948,0.21946120262145996,0.04121619462966919,0.39770621061325073,-0.0359591543674469,-1.6007877722382546,0.0034246444702148438,0.07617154717445374,-0.013104870915412903,28620.669921875,12064.015625,16556.654296875,28563.859375,12062.6318359375,16501.2265625,0.001984948292374611,0.00011470384924905375,0.003347761696204543,0.1984948292374611,0.4952906221151352,6.047318925261498,0.3806709907948971,6.047318925261498,5.501956830918788,5.676271940097212,5.621358704179758,586.8682971963416,586.8682971963416,greedy,5.621358704179758,0.0,hard_fault_cluster,,False
182,N706,observe,-0.06361611932516098,6.025072240233421,5.999999999999999,0.39777324378490453,3.916296956151724,6.025075295039754,6.025072240233421,6.025072240233421,1.0,3.0548063320335506e-06,3,2,1,0.0,1.0,2,1,1,0.0,-0.06361611932516098,0.1932748407125473,4.822944638133049,5.211056709289551,0.001932748407125473,0.006258517503738403,-0.034981049597263336,0.13825926184654236,1.678283929824829,0.17991402745246887,-0.019396841526031494,0.37922489643096924,-0.034981049597263336,-3.4091269606351853,0.005519956350326538,0.07767663896083832,-0.0119771808385849,28564.361328125,12062.671875,16501.689453125,28122.171875,11865.197265625,16256.9755859375,0.015480459667742252,0.01637071929872036,0.014829625375568867,1.5480459667742252,0.7102894261479378,6.001015712022781,0.5915690828114748,6.001015712022781,5.632023075222969,5.760814998894929,6.025075295039754,592.8933724913813,592.8933724913813,greedy,6.025075295039754,0.0,hard_fault_cluster,,False
183,N5439,observe,-0.219119131565094,6.346251202225686,5.999999999999999,0.6021598559617997,4.125063281446696,6.346253389923998,6.346251202225686,6.346251202225686,0.7623372738623414,2.8697249726776376e-06,3,2,1,0.0,1.0,2,1,1,0.0,-0.219119131565094,0.1889769583940506,5.314553979039192,5.463679647445678,0.0018897695839405059,0.005165785551071167,-0.02844366990029812,-0.05133861303329468,1.7174440622329712,0.21685290709137917,0.025800980627536774,0.40790483355522156,-0.02844366990029812,0.6813221496343611,0.002424590289592743,0.0739031434059143,-0.012851215898990631,28121.80859375,11865.2607421875,16256.546875,28086.525390625,11856.03125,16230.494140625,0.0012546562356874347,0.0007778583676554263,0.0016025995137169957,0.12546562356874347,0.40299231745302677,6.523051836490632,0.2825923510827124,6.523051836490632,5.6828293889760975,5.793839102834463,6.346253389923998,599.2396258813053,599.2396258813053,greedy,6.346253389923998,0.0,hard_fault_cluster,,False
184,N6677,observe,-0.4551979601383209,5.213679943084717,4.480049836635589,-0.10950794219970685,3.388891963005066,5.213682638941843,5.213679943084717,5.213679943084717,1.0,2.6958571260154173e-06,3,2,1,0.0,1.0,2,1,1,0.0,-0.4551979601383209,0.18325628340244293,3.3224680066108707,4.428634929656982,0.0018325628340244294,0.012360215187072754,-0.04611515253782272,0.22129812836647034,1.698690414428711,0.26303599774837494,0.09606468677520752,0.43000730872154236,-0.04611515253782272,-0.9196605849266053,0.0002102181315422058,0.0777202844619751,-0.01717384159564972,28087.103515625,11856.5068359375,16230.5966796875,29032.17578125,12145.0791015625,16887.09765625,-0.03364790603518486,-0.024338725954294205,-0.04044835641980171,-3.364790603518486,0.1581629440188408,6.160744643211365,0.05530709587037563,6.160744643211365,4.487258899211884,3.8101992476731543,5.213682638941843,604.4533085202471,604.4533085202471,greedy,5.213682638941843,0.0,hard_fault_cluster,,False
185,N7380,observe,-0.2689853012561798,5.746794850230217,5.999999999999999,0.22068763196468358,3.7354166526496413,5.746797382753617,5.746794850230217,5.746794850230217,1.0,2.5325233996576776e-06,3,2,1,0.0,1.0,2,1,1,0.0,-0.2689853012561798,0.1907116025686264,2.0149510471522807,2.6021296739578244,0.001907116025686264,0.0019457638263702393,-0.0354597344994545,-0.18568125367164612,1.799311876296997,0.19291825965046883,0.08969733864068985,0.2961391806602478,-0.0354597344994545,0.12213412314653371,0.003391958773136139,0.07089141011238098,-0.012729518115520477,29031.919921875,12145.29296875,16886.626953125,28462.654296875,12043.0,16419.654296875,0.0196082666516304,0.008422437123954296,0.027653399854898453,1.9608266651630402,0.4944477453827858,5.42712030351162,0.37800884433090687,5.2777281278371815,3.873556923866272,4.6178120005130765,5.746797382753617,610.2001059030007,610.2001059030007,greedy,5.746797382753617,0.0,hard_fault_cluster,,False
186,N771,observe,-0.41483208537101746,6.564163228254765,2.8653150558471676,0.7408311452530323,4.2667060983655976,6.564165607340328,6.564163228254765,6.564163228254765,1.0,2.379085563519215e-06,3,2,1,0.0,1.0,2,1,1,0.0,-0.41483208537101746,0.1465766727924347,1.588100620806217,-1.739490995556116,0.001465766727924347,0.0745207667350769,0.0015973541885614395,0.12449192255735397,1.8089274168014526,0.3235314413905144,0.1943531483411789,0.45270973443984985,0.0015973541885614395,6.2107501401565965,-0.0015009641647338867,0.056574203073978424,-0.0143049955368042,28464.00390625,12042.984375,16421.01953125,29161.537109375,12248.587890625,16912.94921875,-0.024505801498889923,-0.017072472721338272,-0.02995731681585312,-2.4505801498889923,-0.00192238949239254,6.4318075418472285,-0.11305290972813964,6.522415995597839,2.8810266923159364,0.4944509260170167,6.564165607340328,616.764271510341,616.764271510341,greedy,6.564165607340328,0.0,hard_fault_cluster,,False
187,N5390,observe,-0.2795574367046356,6.27442419886589,5.999999999999999,0.5564517629146576,4.078375729262828,6.274426433809945,6.27442419886589,6.27442419886589,1.0,2.23494405592091e-06,1,2,0,0.0,1.0,1,1,0,0.0,-0.2795574367046356,0.16362237930297852,3.9232502996921537,3.9989403486251827,0.001636223793029785,0.06016913056373596,0.00917305238544941,0.06989499181509018,1.8580098152160645,0.30775049328804016,0.2039566934108734,0.4115442931652069,0.00917305238544941,1.1667937589229038,0.0018651112914085388,0.06187087297439575,-0.013077296316623688,29159.970703125,12248.171875,16911.798828125,28836.611328125,12119.771484375,16716.83984375,0.011089152656495571,0.010483228601515293,0.011527986265718937,1.1089152656495571,0.3593065608292818,6.5899577421502,0.22970998706296086,6.5899577421502,4.545569741725922,5.054620332121849,6.274426433809945,623.038697944151,623.038697944151,greedy,6.274426433809945,0.0,hard_fault_cluster,,False
188,N5202,observe,-0.3701789081096649,2.663334255516529,3.583962559700012,0.23524334102869035,1.731167266085744,2.66333635505217,2.663334255516529,2.663334255516529,1.0,2.099535640789434e-06,3,2,1,0.0,1.0,2,1,1,0.0,-0.3701789081096649,0.19182653725147247,1.563847823292017,2.586486709117889,0.0019182653725147247,-0.00096932053565979,-0.03176821023225784,0.03488079458475113,1.7418620586395264,0.22884446755051613,0.06678632646799088,0.3909026086330414,-0.03176821023225784,-0.06957602828741083,-0.0019591301679611206,0.0613986998796463,-0.015523500740528107,28836.388671875,12119.828125,16716.560546875,28295.80859375,11882.9365234375,16412.87109375,0.018746456131339073,0.019545787945389748,0.018166981637477875,1.8746456131339073,-0.03585468977689743,3.55454832136631,-0.1558984350413084,3.506264911293983,2.210571700334549,3.5368716052174562,2.66333635505217,625.7020342992031,625.7020342992031,greedy,2.66333635505217,0.0,hard_fault_cluster,,False
189,N2151,observe,-0.6139184236526489,6.7246998348832125,2.3999999999999995,0.8429908040165902,4.371054892674088,6.724701354846214,6.7246998348832125,6.7246998348832125,0.7706428801551126,1.9723312068000557e-06,3,2,1,0.0,1.0,2,1,1,0.0,-0.6139184236526489,0.19912950694561005,5.439371246099472,5.2455902099609375,0.0019912950694561003,-0.016851842403411865,-0.012439755722880363,-0.18696290254592896,1.8075485229492188,0.24996396154165268,0.2099255472421646,0.29000237584114075,-0.012439755722880363,0.6533377045392987,-0.011762015521526337,0.037588149309158325,-0.020257100462913513,28296.0,11883.353515625,16412.646484375,28536.185546875,12081.138671875,16455.046875,-0.008488321676850319,-0.016643883660435677,-0.002583397552371025,-0.8488321676850319,-0.989511800929904,6.480880494117737,-1.1295291143469512,6.480880494117737,5.404530057311058,3.4079445372521877,6.724701354846214,632.4267356540493,632.4267356540493,greedy,6.724701354846214,0.0,hard_fault_cluster,,False
190,N719,observe,-0.13903892040252686,1.9222612404823305,3.759010457992553,-0.5422422647476194,1.2494698063135148,1.9222630933160303,1.9222612404823305,1.9222612404823305,1.0,1.8528336998626393e-06,3,2,1,0.0,1.0,2,1,1,0.0,-0.13903892040252686,0.20235653221607208,1.2002474412322046,3.1642941594123837,0.002023565322160721,-0.01207953691482544,-0.02301800064742565,0.0362359955906868,1.628082513809204,0.17556684464216232,-0.009756013751029968,0.3608897030353546,-0.02301800064742565,-5.439193156063557,0.0020819157361984253,0.06135627627372742,-0.009180717170238495,28536.244140625,12080.544921875,16455.69921875,28301.9453125,11930.8037109375,16371.1416015625,0.008210569620132446,0.012395236641168594,0.005138500593602657,0.8210569620132446,0.38753010518848896,1.6856173449754717,0.25302620651200414,1.7111775094270705,2.267016907036304,3.5735609895735974,1.9222630933160303,634.3489987473653,634.3489987473653,greedy,1.9222630933160303,0.0,hard_fault_cluster,,False
191,N1879,observe,-0.3257705271244049,5.758953375220299,4.347808241844176,0.22842487514019014,3.7433196938931945,5.75895511579648,5.758953375220299,5.758953375220299,1.0,1.7405761808719864e-06,3,2,1,0.0,1.0,2,1,1,0.0,-0.3257705271244049,0.16170905530452728,1.5524594363570212,0.49832615330815316,0.0016170905530452728,0.07359108328819275,0.00044704414904117584,0.17363658547401428,1.7640328407287598,0.3403030335903168,0.16305947303771973,0.5175465941429138,0.00044704414904117584,1.8892687994241713,0.00010629743337631226,0.058803968131542206,-0.014110617339611053,28302.796875,11931.587890625,16371.2080078125,29409.072265625,12267.515625,17141.556640625,-0.03908713907003403,-0.028154486790299416,-0.047055087983608246,-3.9087139070034027,0.17278584279119968,5.997761130332947,0.05116876820102334,6.122679114341736,2.8445490241050724,1.9095025470666591,5.75895511579648,640.1079538631617,640.1079538631617,greedy,5.75895511579648,0.0,hard_fault_cluster,,False
192,N6673,observe,-0.16384385526180267,6.221198944747448,5.999999999999999,0.5225811466574669,4.043779314085841,6.221200579867449,6.221198944747448,6.221198944747448,1.0,1.635120001133135e-06,3,2,1,0.0,1.0,2,1,1,0.0,-0.16384385526180267,0.16913916170597076,4.245760500431061,4.4084477186203,0.0016913916170597076,0.06452375650405884,0.009522141888737679,0.19705641269683838,1.8103491067886353,0.33933761715888977,0.2302519679069519,0.44842326641082764,0.009522141888737679,-0.20051229536533377,0.00405212864279747,0.05727686733007431,-0.01109333336353302,29408.38671875,12267.3916015625,17140.994140625,29172.3671875,12218.267578125,16954.099609375,0.008025585673749447,0.00400443933904171,0.010903365910053253,0.8025585673749447,0.5838741678744555,6.399138835668564,0.4498781901784241,6.399138835668564,4.864401081204415,5.261860702782869,6.221200579867449,646.3291544430291,646.3291544430291,greedy,6.221200579867449,0.0,hard_fault_cluster,,False
193,N5334,observe,-0.2912905514240265,2.8935414051264523,3.7816526651382443,0.2199923499673605,1.880801913332194,2.8935429411795406,2.8935414051264523,2.8935414051264523,1.0,1.5360530883320525e-06,3,2,1,0.0,1.0,2,1,1,0.0,-0.2912905514240265,0.19159694015979767,1.6881214078515767,2.714283525943756,0.0019159694015979767,-0.012931585311889648,-0.02614603005349636,-0.022291049361228943,1.7196800708770752,0.24095628410577774,0.10897307097911835,0.37293949723243713,-0.02614603005349636,-0.046580410227179514,-0.0012561678886413574,0.0555448979139328,-0.013911418616771698,29171.64453125,12217.611328125,16954.033203125,28720.455078125,12030.203125,16690.251953125,0.015466713346540928,0.015339185483753681,0.01555861346423626,1.5466713346540928,0.039834121242165565,2.558221389204264,-0.08425406133756042,2.542892457395792,2.095977008715272,3.4623850556649263,2.8935429411795406,649.2226973842087,649.2226973842087,greedy,2.8935429411795406,0.0,hard_fault_cluster,,False
194,N734,observe,-0.08794968575239182,5.956829263418912,5.999999999999999,0.3543458949029447,3.871939021222293,5.956830706407248,5.956829263418912,5.956829263418912,1.0,1.442988336354112e-06,3,2,1,0.0,1.0,2,1,1,0.0,-0.08794968575239182,0.19692908227443695,5.409312631934881,5.7750648021697994,0.0019692908227443694,-0.0081501305103302,-0.021623125299811363,0.13755810260772705,1.671670913696289,0.18516380339860916,-0.04817889630794525,0.4185065031051636,-0.021623125299811363,-4.554412420839071,0.0026557520031929016,0.06583574414253235,-0.010972313582897186,28721.78515625,12030.5390625,16691.24609375,28537.46875,11934.7041015625,16602.765625,0.006417303346097469,0.00796597357839346,0.005301010329276323,0.6417303346097469,0.44088115729391575,4.343285914957524,0.30940168956294656,4.419046088755131,5.915521053224802,5.647746941931546,5.956830706407248,655.1795280906159,655.1795280906159,greedy,5.956830706407248,0.0,hard_fault_cluster,,False
195,N1987,observe,-0.30248281359672546,5.955505312085152,4.431029891967773,0.35350338041782375,3.871078452855349,5.955506667647245,5.955505312085152,5.955505312085152,1.0,1.3555620926585382e-06,1,2,0,0.0,1.0,0,1,0,0.0,-0.30248281359672546,0.1580859273672104,1.7094084706902501,0.6971559286117553,0.0015808592736721039,0.0717315673828125,0.0023922789841890335,0.43800729513168335,1.7938638925552368,0.3607693165540695,0.2029331624507904,0.5186054706573486,0.0023922789841890335,2.271859034895897,-0.0005755871534347534,0.058750398457050323,-0.014889009296894073,28537.65234375,11935.767578125,16601.884765625,29831.015625,12394.4296875,17436.5859375,-0.04532129317522049,-0.038427531719207764,-0.05027749389410019,-4.532129317522049,0.10291949100792408,5.841768376827241,-0.017439163755625486,5.958400266170502,2.9907522737979892,2.115497054755688,5.955506667647245,661.1350347582631,661.1350347582631,greedy,5.955506667647245,0.0,hard_fault_cluster,,False
196,N7433,observe,-0.2012813538312912,6.853762326538563,5.999999999999999,0.92512148052454,4.454945512250066,6.853763261188966,6.853762326538563,6.853762326538563,0.7339613436138765,1.273432737298202e-06,3,2,1,0.0,1.0,2,1,1,0.0,-0.2012813538312912,0.16356390714645386,6.233165657520294,5.999999999999999,0.0016356390714645386,0.05497285723686218,0.01685897447168827,-0.07791563868522644,1.8919014930725098,0.30104436725378036,0.23241664469242096,0.36967208981513977,0.01685897447168827,0.5263161259889602,0.0024318546056747437,0.054920926690101624,-0.012263104319572449,29830.0859375,12394.0869140625,17436.0,29439.767578125,12369.2734375,17070.494140625,0.013084720820188522,0.0020020415540784597,0.020962713286280632,1.3084720820188522,0.4236083421856165,5.744363236427307,0.2882911809720099,5.635684847831726,5.957817712426186,5.972581513077021,6.853763261188966,667.9887980194521,667.9887980194521,greedy,6.853763261188966,0.0,hard_fault_cluster,,False
197,N5283,observe,-0.3161996901035309,1.5880138163268565,2.7592882275581356,0.22568206056952475,1.0322089806124568,1.5880150126062045,1.5880138163268565,1.5880138163268565,1.0,1.1962793480322522e-06,3,2,1,0.0,1.0,2,1,1,0.0,-0.3161996901035309,0.19105802476406097,1.5687160305678844,2.8677383899688715,0.0019105802476406097,-0.012724757194519043,-0.027013299986720085,-0.040769197046756744,1.7308461666107178,0.24498265236616135,0.11574046313762665,0.37422484159469604,-0.027013299986720085,-0.3267634598910809,-0.002386815845966339,0.05382736027240753,-0.015315793454647064,29438.861328125,12368.001953125,17070.859375,28970.939453125,12142.447265625,16828.4921875,0.015894699841737747,0.018236953765153885,0.014197714626789093,1.5894699841737747,-0.07463685981929302,2.3319181230664254,-0.1976704034022987,2.3264992025494577,1.5533615685999393,3.1096850195899606,1.5880150126062045,669.5768130320583,669.5768130320583,greedy,1.5880150126062045,0.0,hard_fault_cluster,,False
198,N1351,observe,-0.2133898288011551,5.434183397889138,5.266994142532349,0.36558928787708295,3.5322192086279394,5.434184521689584,5.434183397889138,5.434183397889138,1.0,1.123800446315486e-06,3,2,1,0.0,1.0,2,1,1,0.0,-0.2133898288011551,0.19497783482074738,5.328344550728798,5.999999999999999,0.0019497783482074738,-0.011768043041229248,-0.01772342436015606,0.008897356688976288,1.7241895198822021,0.22005800902843475,0.08281201124191284,0.35730400681495667,-0.01772342436015606,-4.602993269562721,-0.0014678165316581726,0.05202319473028183,-0.012821465730667114,28970.35546875,12141.98046875,16828.375,28687.91796875,12051.552734375,16636.365234375,0.00974918995052576,0.007447527721524239,0.01140988152474165,0.9749189950525761,0.030472757294774055,4.977954434156418,-0.10246805055066943,5.066274641752243,5.625484105944634,5.41191131785512,5.434184521689584,675.0109975537479,675.0109975537479,greedy,5.434184521689584,0.0,hard_fault_cluster,,False
199,N1688,observe,-0.30755648016929626,3.339416632354259,2.1771575450897216,0.6173415264487265,2.1706208110302687,3.3394176880670785,3.339416632354259,3.339416632354259,1.0,1.0557128192643818e-06,3,2,1,0.0,1.0,2,1,1,0.0,-0.30755648016929626,0.1582019329071045,1.52066153049469,0.7935547709465026,0.001582019329071045,0.0700899064540863,0.005479732528328896,0.30475518107414246,1.759350299835205,0.3313840553164482,0.1798778921365738,0.48289021849632263,0.005479732528328896,4.023656533658504,-0.00038482993841171265,0.05928579717874527,-0.015070751309394836,28689.951171875,12053.552734375,16636.3984375,29899.740234375,12453.625,17446.115234375,-0.04216769337654114,-0.03319123387336731,-0.04867139831185341,-4.216769337654114,0.12519867159426212,4.821234083175659,0.0024374225176870823,4.896585273742676,1.4237924695014954,1.2263739250600338,3.3394176880670785,678.350415241815,678.350415241815,greedy,3.3394176880670785,0.0,hard_fault_cluster,,False
200,N6668,observe,-0.5155662298202515,6.830345403552055,2.3999999999999995,0.9102198022603989,4.439724512308836,6.830346395302469,6.830345403552055,6.830345403552055,1.0,9.917504129966023e-07,3,2,1,0.0,1.0,2,1,1,0.0,-0.5155662298202515,0.1609930545091629,6.151566579937935,5.934895706176757,0.001609930545091629,0.03470155596733093,0.01661554165184498,-0.13927549123764038,1.918285846710205,0.3228897303342819,0.2808735966682434,0.36490586400032043,0.01661554165184498,0.1596569913625714,-0.00021132826805114746,0.05493192374706268,-0.013124130666255951,29898.43359375,12452.955078125,17445.478515625,29837.1015625,12586.1025390625,17250.998046875,0.002051346004009247,-0.010692037642002106,0.01114790141582489,0.20513460040092468,0.15647576935589314,6.398517874479294,0.023269322235137224,6.398517874479294,5.900403985381126,4.255262590497732,6.830346395302469,685.1807616371175,685.1807616371175,greedy,6.830346395302469,0.0,hard_fault_cluster,,False
201,N708,observe,-0.19687993824481964,2.257682089209556,3.602584481239319,-0.05447866320610045,1.4674933579862115,2.2576830208728493,2.257682089209556,2.257682089209556,1.0,9.316632930196677e-07,1,2,0,0.0,1.0,0,1,0,0.0,-0.19687993824481964,0.16771219670772552,1.3158479928970337,2.744131588935852,0.0016771219670772552,0.057428449392318726,0.01325015164911747,0.19771772623062134,1.7467525005340576,0.27257827669382095,0.135203018784523,0.4099535346031189,0.01325015164911747,-2.3719867455959323,0.0044426023960113525,0.05604041367769241,-0.010519176721572876,29836.578125,12585.5595703125,17251.01953125,29593.515625,12450.3544921875,17143.16015625,0.00814646016806364,0.010742873884737492,0.006252347957342863,0.8146460168063641,0.6252225879579782,5.337436454296112,0.489500826690346,5.015067975521088,2.1157612919807436,3.475244839787483,2.2576830208728493,687.4384446579903,687.4384446579903,greedy,2.2576830208728493,0.0,hard_fault_cluster,,False
202,N7381,observe,-0.13875705003738403,5.512469418048859,5.999999999999999,0.07157144784927381,3.583105121731758,5.512470293265527,5.512469418048859,5.512469418048859,1.0,8.752166676064949e-07,3,2,1,0.0,1.0,2,1,1,0.0,-0.13875705003738403,0.19670544564723969,3.849190878868103,4.696734523773193,0.001967054456472397,-0.012519419193267822,-0.019755864515900612,-0.11539281159639359,1.7380335330963135,0.2088325470685959,0.07919567823410034,0.33846941590309143,-0.019755864515900612,-4.736453304290771,0.007351256906986237,0.06509949266910553,-0.008385129272937775,29594.162109375,12450.51953125,17143.642578125,29194.90625,12265.44921875,16929.45703125,0.013491034507751465,0.014864465221762657,0.012493584305047989,1.3491034507751465,0.9120752718299627,5.741151685714722,0.7793630859814584,5.741151685714722,5.021975302696228,5.364283946752549,5.512470293265527,692.9509149512559,692.9509149512559,greedy,5.512470293265527,0.0,hard_fault_cluster,,False
203,N699,observe,-0.0688980296254158,3.524972803890705,4.454592633247375,0.07122508436441437,2.2912323225289586,3.5249736260806754,3.524972803890705,3.524972803890705,1.0,8.221899703416211e-07,3,2,1,0.0,1.0,2,1,1,0.0,-0.0688980296254158,0.19613970816135406,3.5348088815808305,4.796048545837402,0.0019613970816135407,-0.010184228420257568,-0.01809297315776348,0.19101482629776,1.6315391063690186,0.1745002567768097,-0.057976603507995605,0.406977117061615,-0.01809297315776348,-4.982542758286,0.006847906857728958,0.06715314090251923,-0.009284712374210358,29194.37890625,12265.4033203125,16928.9765625,28917.7890625,12129.7578125,16788.03125,0.009474079124629498,0.011059196665883064,0.008325683884322643,0.9474079124629498,0.8628374207764864,4.361548704504967,0.7293023695237935,4.182640642523766,4.055611918866634,4.736147747263312,3.5249736260806754,696.4758885773365,696.4758885773365,greedy,3.5249736260806754,0.0,hard_fault_cluster,,False
204,N729,observe,-0.05766521021723747,4.1178220149874685,5.037054061889648,-0.04009512364864323,2.6765843097418545,4.117822787363466,4.1178220149874685,4.1178220149874685,1.0,7.723759982531431e-07,3,2,1,0.0,1.0,2,1,1,0.0,-0.05766521021723747,0.19366984069347382,3.0775536164641384,4.263225269317626,0.0019366984069347382,-0.010981261730194092,-0.013972556218504906,0.10841893404722214,1.6508052349090576,0.1831679753959179,-0.03740543872117996,0.40374138951301575,-0.013972556218504906,-4.948619593083858,0.006280437111854553,0.06807094812393188,-0.010299377143383026,28918.154296875,12129.658203125,16788.49609375,28660.619140625,12010.0546875,16650.564453125,0.008905656635761261,0.009860419668257236,0.008215842768549919,0.8905656635761261,0.8077409956604242,4.4570095640420915,0.6729680323041975,4.5127261263132095,4.154576541483403,4.800474751964211,4.117822787363466,700.5937113647,700.5937113647,greedy,4.117822787363466,0.0,hard_fault_cluster,,False
205,N5373,observe,-0.2959398925304413,2.213286199569702,3.615272188186645,-0.10966835021972635,1.4386360297203065,2.2132869251498044,2.213286199569702,2.213286199569702,1.0,7.25580102162601e-07,3,2,1,0.0,1.0,2,1,1,0.0,-0.2959398925304413,0.1836516112089157,2.4521898150444033,4.03709659576416,0.001836516112089157,-0.010121524333953857,-0.005716709420084953,-0.0035601407289505005,1.7187021970748901,0.21812949143350124,0.02051861211657524,0.41574037075042725,-0.005716709420084953,-4.088032968044281,0.0025501027703285217,0.06649091839790344,-0.012297339737415314,28660.099609375,12010.234375,16649.865234375,28802.947265625,12058.63671875,16744.310546875,-0.004984199535101652,-0.004030091688036919,-0.005672437138855457,-0.4984199535101652,0.43294517882168293,4.955412607192994,0.29949400248005986,5.0166849899292,3.0979958057403563,4.113697273731232,2.2132869251498044,702.8069982898497,702.8069982898497,greedy,2.2132869251498044,0.0,hard_fault_cluster,,False
206,N6660,observe,-0.2780495584011078,4.605434116721153,4.6162820816040036,0.6265000075101853,2.99353217586875,4.605434798340579,4.605434116721153,4.605434116721153,1.0,6.816194260890836e-07,3,2,1,0.0,1.0,2,1,1,0.0,-0.2780495584011078,0.18448813259601593,5.462727126479148,5.999999999999999,0.0018448813259601593,-0.012331843376159668,-0.0021141599863767624,-8.302927017211914e-05,1.740317463874817,0.22195324301719666,0.041863203048706055,0.40204328298568726,-0.0021141599863767624,-1.8955083936452866,0.0006191208958625793,0.056811973452568054,-0.013050772249698639,28803.58984375,12059.302734375,16744.287109375,28406.58203125,11916.591796875,16489.990234375,0.01378327514976263,0.011834095232188702,0.015187082812190056,1.378327514976263,0.2442860621958971,5.469398208856583,0.10750558273866773,5.521330066919327,4.88107604086399,4.747699426561593,4.605434798340579,707.4124330881903,707.4124330881903,greedy,4.605434798340579,0.0,hard_fault_cluster,,False
207,N684,observe,-0.07448937743902206,4.546073375344276,5.082903575897216,0.20694376766681682,2.9549476939737795,4.546074015666469,4.546073375344276,4.546073375344276,1.0,6.403221927355097e-07,3,2,1,0.0,1.0,2,1,1,0.0,-0.07448937743902206,0.19135110080242157,4.440751519799233,5.421662998199462,0.0019135110080242157,-0.017077922821044922,-0.0032711680978536606,0.14215365052223206,1.6154558658599854,0.17815085500478745,-0.03452621400356293,0.3908279240131378,-0.0032711680978536606,-4.800939822793007,0.004934132099151611,0.0660572499036789,-0.010403230786323547,28406.515625,11915.9853515625,16490.529296875,28061.73046875,11743.115234375,16318.6142578125,0.012137537822127342,0.014507412910461426,0.010425076819956303,1.2137537822127342,0.681493142619729,4.75692489027977,0.5404331930913031,4.602295325994492,4.844075712561607,5.248649213165045,4.546074015666469,711.9585071038567,711.9585071038567,greedy,4.546074015666469,0.0,hard_fault_cluster,,False
208,N2159,observe,-0.3659230172634125,2.628029175400734,2.1812307119369505,0.4667411690950394,1.7082189640104772,2.6280297769277663,2.628029175400734,2.628029175400734,1.0,6.015270322651058e-07,3,2,1,0.0,1.0,2,1,1,0.0,-0.3659230172634125,0.1900433748960495,3.0684746921062467,4.042657971382141,0.001900433748960495,-0.02405908703804016,0.009318294003605843,-0.10111954063177109,1.7796462774276733,0.24202889204025269,0.18174198269844055,0.3023158013820648,0.009318294003605843,0.16706352949142456,-0.0054370686411857605,0.04271869361400604,-0.016073182225227356,28061.390625,11743.6650390625,16317.724609375,28239.916015625,11845.572265625,16394.34375,-0.006361958105117083,-0.008677634410560131,-0.004695455078035593,-0.6361958105117083,-0.3443451952189207,3.38364156961441,-0.4938664468936622,3.390244739055633,2.4338175654411316,2.647227160334587,2.6280297769277663,714.5865368807845,714.5865368807845,greedy,2.6280297769277663,0.0,hard_fault_cluster,,False
209,N2243,observe,-0.08460120111703873,1.8232290366291999,3.539977574348449,-0.3762590795755386,1.18509887380898,1.8232296017115517,1.8232290366291999,1.8232290366291999,1.0,5.650823517452636e-07,3,2,1,0.0,1.0,2,1,1,0.0,-0.08460120111703873,0.1918259710073471,0.9871670484542847,2.8345643162727354,0.001918259710073471,-0.023771613836288452,0.00353282131254673,0.14842873811721802,1.6090744733810425,0.2249247245490551,0.0622822567820549,0.3875671923160553,0.00353282131254673,-3.1771756953001025,0.004520811140537262,0.061978280544281006,-0.009159624576568604,28239.828125,11845.6005859375,16394.2265625,27945.9921875,11689.484375,16256.5078125,0.010405018925666809,0.013179256580770016,0.008400442078709602,1.040501892566681,0.64743990637362,2.621856355667114,0.5009208121336997,2.659451913833618,1.7568153858184816,3.2419300007820127,1.8232296017115517,716.409766482496,716.409766482496,greedy,1.8232296017115517,0.0,hard_fault_cluster,,False
210,N686,observe,-0.1746361255645752,4.163826937675476,4.592191910743713,0.36518739700317393,2.7064875094890595,4.163827468521219,4.163826937675476,4.163826937675476,1.0,5.308457427948599e-07,3,2,1,0.0,1.0,2,1,1,0.0,-0.1746361255645752,0.18853618204593658,4.192302957177162,4.4450719356536865,0.001885361820459366,-0.022258073091506958,0.006664486601948738,-0.16719555854797363,1.69086754322052,0.17174454778432846,0.019696637988090515,0.3237924575805664,0.006664486601948738,-2.3071036714315416,0.0009781569242477417,0.05102755129337311,-0.01106308400630951,27946.6171875,11689.123046875,16257.494140625,27764.71484375,11635.125,16129.58984375,0.00650892173871398,0.004619512241333723,0.007867405191063881,0.650892173871398,0.2930163610726595,5.0696288526058195,0.1466158595867455,5.142821830511093,4.2666776984930035,4.400645709112286,4.163827468521219,720.5735939510172,720.5735939510172,greedy,4.163827468521219,0.0,hard_fault_cluster,,False
211,N7444,observe,-0.1473541557788849,1.69390526175499,3.492385363578796,-0.43819888830184933,1.1010384201407435,1.6939057604384151,1.69390526175499,1.69390526175499,1.0,4.98683425120414e-07,3,2,1,0.0,1.0,2,1,1,0.0,-0.1473541557788849,0.18730656802654266,1.3560386121273043,3.381294536590576,0.0018730656802654266,0.005273193120956421,-0.014835139736533165,0.10305937379598618,1.7015974521636963,0.19758901745080948,-0.07013072073459625,0.4653087556362152,-0.014835139736533165,-4.525118366479874,0.004960887134075165,0.08041858673095703,-0.015193991363048553,27764.380859375,11635.64453125,16128.736328125,28321.2265625,11739.1845703125,16582.04296875,-0.020056117326021194,-0.008898521773517132,-0.02810552716255188,-2.0056117326021194,0.668560141697526,2.8227269315719603,0.5392065704800189,2.8548286819458006,1.8929286360740663,3.3304036134481425,1.6939057604384151,722.2674997114556,722.2674997114556,greedy,1.6939057604384151,0.0,hard_fault_cluster,,False
212,N6658,observe,-0.3795289695262909,3.662839254140854,0.041460371017456144,0.8242483127117157,2.380845515191555,3.662839722610578,3.662839254140854,3.662839254140854,1.0,4.684697237666827e-07,3,2,1,0.0,1.0,2,1,1,0.0,-0.3795289695262909,0.1910259872674942,5.341301971673965,5.999999999999999,0.001910259872674942,-0.01852622628211975,0.0031515005975961685,-0.17038387060165405,1.8904001712799072,0.25829707086086273,0.15809518098831177,0.3584989607334137,0.0031515005975961685,0.38768324017524713,-0.0022163838148117065,0.05659046024084091,-0.01458335667848587,28321.1875,11739.109375,16582.078125,28563.1953125,11922.4892578125,16640.705078125,-0.00854511559009552,-0.015621277503669262,-0.0035355612635612488,-0.854511559009552,-0.027460893616080284,2.744354532957077,-0.17309400951489806,2.7144418942928317,3.314058166742324,2.5741378083825106,3.662839722610578,725.9303394340661,725.9303394340661,greedy,3.662839722610578,0.0,hard_fault_cluster,,False
213,N2271,observe,-0.1170421913266182,5.219831802845001,5.5030253410339345,0.2919631409645082,3.392890671849251,5.219832242931579,5.219831802845001,5.219831802845001,1.0,4.4008657803904234e-07,3,2,1,0.0,1.0,2,1,1,0.0,-0.1170421913266182,0.19139815866947174,5.151391637325287,5.999999999999999,0.0019139815866947175,-0.016787201166152954,-0.0030268263071775436,0.10717309266328812,1.6117562055587769,0.2531035840511322,0.11591368913650513,0.3902934789657593,-0.0030268263071775436,-4.709165017604828,0.004725944250822067,0.06730321049690247,-0.010222338140010834,28562.759765625,11922.458984375,16640.30078125,28312.154296875,11824.107421875,16488.046875,0.008773853071033955,0.008249267935752869,0.009149708785116673,0.8773853071033955,0.6609657574445009,5.523495993614197,0.5196872581727803,5.523495993614197,5.302245414257049,5.546459519267081,5.219832242931579,731.1501716769977,731.1501716769977,greedy,5.219832242931579,0.0,hard_fault_cluster,,False
214,N689,observe,-0.08641114085912704,5.948396946191789,5.999999999999999,0.34897987484931964,3.8664580150246626,5.9483973596148685,5.948396946191789,5.948396946191789,1.0,4.134230801787585e-07,3,2,1,0.0,1.0,2,1,1,0.0,-0.08641114085912704,0.19159720838069916,5.397814017534255,5.999999999999999,0.0019159720838069917,-0.015797138214111328,-0.004758602008223534,0.12887239456176758,1.6410958766937256,0.1806420385837555,-0.03711375594139099,0.398397833108902,-0.004758602008223534,-4.5613115894794465,0.005508888512849808,0.06814660131931305,-0.009997226297855377,28312.150390625,11823.38671875,16488.763671875,28191.94921875,11786.484375,16405.46484375,0.004245568532496691,0.003121131332591176,0.005051854066550732,0.4245568532496691,0.7377274576574564,5.7185426783561715,0.5975985028780997,5.7185426783561715,5.896356695890427,5.932631852328777,5.9483973596148685,737.0985690366126,737.0985690366126,greedy,5.9483973596148685,0.0,hard_fault_cluster,,False
215,N2259,observe,-0.06348709017038345,5.815519089698792,5.999999999999999,0.2644212388992309,3.780087408304215,5.815519478073834,5.815519089698792,5.815519089698792,1.0,3.883750419885087e-07,3,2,1,0.0,1.0,2,1,1,0.0,-0.06348709017038345,0.18862910568714142,4.78331133723259,5.426881742477416,0.0018862910568714143,-0.016704916954040527,-0.0018657799810171127,0.22679340839385986,1.6176321506500244,0.23697234317660332,0.06852032989263535,0.4054243564605713,-0.0018657799810171127,-4.457974354028702,0.005839850753545761,0.06760379672050476,-0.010540217161178589,28191.955078125,11787.29296875,16404.662109375,28057.595703125,11743.634765625,16313.9609375,0.004765876568853855,0.003703836351633072,0.005528987385332584,0.4765876568853855,0.7707484010607004,5.776523535251618,0.6306759067811072,5.776523535251618,5.577027016878128,5.725067560970784,5.815519478073834,742.9140885146865,742.9140885146865,greedy,5.815519478073834,0.0,hard_fault_cluster,,False
216,N5735,observe,-0.20031313598155975,4.101707284748555,4.389882373809814,0.49118269354105,2.6661097350865606,4.101707649593142,4.101707284748555,4.101707284748555,1.0,3.648445877147372e-07,3,2,1,0.0,1.0,2,1,1,0.0,-0.20031313598155975,0.1824956089258194,3.7543141245841976,4.371390795707702,0.001824956089258194,-0.021922558546066284,0.005672262981534004,-0.045207343995571136,1.6916277408599854,0.24009408056735992,0.09485828876495361,0.38532987236976624,0.005672262981534004,-0.990493387579918,-0.0009189024567604065,0.05536763370037079,-0.013836018741130829,28056.865234375,11742.796875,16314.068359375,27862.15625,11620.3701171875,16241.78515625,0.006939798127859831,0.0104256896302104,0.004430728033185005,0.6939798127859831,0.09627762623131275,5.167992922067643,-0.0448482776992023,5.179774471521378,3.862987145781517,4.610941644757986,4.101707649593142,747.0157961642795,747.0157961642795,greedy,4.101707649593142,0.0,hard_fault_cluster,,False
217,N6656,observe,-0.21702392399311066,4.820559665560722,4.524263286590576,0.8386861890554428,3.13336378261447,4.820560008300494,4.820559665560722,4.820559665560722,1.0,3.427397715960211e-07,3,2,1,0.0,1.0,2,1,1,0.0,-0.21702392399311066,0.18277384340763092,5.7560468971729275,5.999999999999999,0.0018277384340763092,-0.02287551760673523,0.00935153104364872,0.011692672967910767,1.7389144897460938,0.22372393682599068,0.05383891612291336,0.393608957529068,0.00935153104364872,-1.0500387620925904,-0.0011263415217399597,0.05021888017654419,-0.013666890561580658,27862.8203125,11620.955078125,16241.865234375,27651.416015625,11558.18359375,16093.232421875,0.007587325759232044,0.005401576869189739,0.0091512156650424,0.7587325759232044,0.07949122227728367,5.952021489143372,-0.06460280856117606,5.952021489143372,4.87478232383728,5.20940363407135,4.820560008300494,751.83635617258,751.83635617258,greedy,4.820560008300494,0.0,hard_fault_cluster,,False
218,N4900,observe,-0.3154982626438141,2.1385188294947146,3.1477681636810297,0.25815621212124823,1.3900372391715645,2.138519151468933,2.1385188294947146,2.1385188294947146,1.0,3.219742185830093e-07,3,2,1,0.0,1.0,2,1,1,0.0,-0.3154982626438141,0.17966867983341217,2.0672808811068535,3.294594621658325,0.0017966867983341217,-0.022799372673034668,0.012199008837342262,-0.25664013624191284,1.6826977729797363,0.23232151940464973,0.04113725572824478,0.4235057830810547,0.012199008837342262,-0.47203196525573743,-0.001542888581752777,0.05519093573093414,-0.014561392366886139,27651.3828125,11558.16796875,16093.2158203125,27760.28515625,11564.490234375,16195.794921875,-0.003938404843211174,-0.0005469954921863973,-0.0063740587793290615,-0.3938404843211174,0.03757883049547672,3.0841294038295746,-0.1063219360075891,3.0887962329387664,1.9416818499565125,2.837093202471733,2.138519151468933,753.974875324049,753.974875324049,greedy,2.138519151468933,0.0,hard_fault_cluster,,False
219,N5094,observe,-0.29723769426345825,3.720852739214897,4.327375769615173,0.29996247708797474,2.4185542804896834,3.720853041681684,3.720852739214897,3.720852739214897,1.0,3.024667868260403e-07,3,2,1,0.0,1.0,2,1,1,0.0,-0.29723769426345825,0.18008454144001007,4.874620679020882,5.999999999999999,0.0018008454144001007,-0.028137385845184326,0.01759243942797184,-0.07513511925935745,1.6989555358886719,0.24638476222753525,0.10220123827457428,0.3905682861804962,0.01759243942797184,-4.875227592587471,-0.0071343183517456055,0.042930737137794495,-0.017483115196228027,27759.49609375,11563.9423828125,16195.5546875,27394.935546875,11356.806640625,16038.12890625,0.013132822699844837,0.017912207171320915,0.009720307774841785,1.3132822699844837,-0.5157548543065786,3.5248406660556793,-0.6640125899575651,3.547400404214859,4.40708980858326,4.439608375579119,3.720853041681684,757.6957283657307,757.6957283657307,greedy,3.720853041681684,0.0,hard_fault_cluster,,False
220,N2267,observe,-0.08417486399412155,5.879568045139313,5.999999999999999,0.30517966508865374,3.8217192293405535,5.879568329280564,5.879568045139313,5.879568045139313,1.0,2.841412506116012e-07,3,2,1,0.0,1.0,2,1,1,0.0,-0.08417486399412155,0.18827693164348602,5.3039564251899725,5.969495487213134,0.0018827693164348602,-0.025749117136001587,0.013463692739605904,0.2125491499900818,1.6077635288238525,0.2248958721756935,0.04598452150821686,0.40380722284317017,0.013463692739605904,-4.617626144886017,0.0024138838052749634,0.06092754006385803,-0.009855583310127258,27395.46875,11357.5146484375,16037.953125,27265.41015625,11317.796875,15947.61328125,0.004747448954731226,0.0034970480483025312,0.0056328787468373775,0.4747448954731226,0.44312900491058826,5.6559709501266475,0.2918235366232693,5.6559709501266475,5.73992737531662,5.65519206225872,5.879568329280564,763.5752966950113,763.5752966950113,greedy,5.879568329280564,0.0,hard_fault_cluster,,False
221,N6537,observe,-0.26849526166915894,6.789283368885517,4.490921759605407,0.8840894165635109,4.413034189775586,6.789283635811519,6.789283368885517,6.789283368885517,1.0,2.6692600250869567e-07,3,2,1,0.0,1.0,2,1,1,0.0,-0.26849526166915894,0.19311432540416718,6.143035587668419,5.999999999999999,0.0019311432540416718,-0.030177772045135498,0.020960936322808266,-0.0891725942492485,1.8274502754211426,0.267846941947937,0.1600654423236847,0.37562844157218933,0.020960936322808266,-0.005794730186462704,-0.006269112229347229,0.040450356900691986,-0.015208430588245392,27265.49609375,11317.6484375,15947.8486328125,27550.9921875,11468.390625,16082.6015625,-0.010470966808497906,-0.013319214805960655,-0.008449599146842957,-1.0470966808497906,-0.41283596120774746,6.322717373371125,-0.573392407502979,6.322717373371125,5.800253534317017,4.640928285121918,6.789283635811519,770.3645803308228,770.3645803308228,greedy,6.789283635811519,0.0,hard_fault_cluster,,False
222,N7855,control0,-0.2623119056224823,1.0741984397172928,3.2630443334579464,-0.7335077822208402,0.6982289858162404,1.0741984797716515,1.0741984397172928,1.0741984397172928,0.15973581650152932,2.507537735612513e-07,3,3,1,0.0,0.40899675333335594,2,2,1,0.0,-0.2623119056224823,0.17726977169513702,0.4782342135906221,2.739345097541809,0.0017726977169513702,-0.029558658599853516,0.01418943889439106,-0.9292500615119934,1.6873071193695068,0.014178235083818436,0.02768353372812271,0.0006729364395141602,0.01418943889439106,-5.626537706851959,-0.008266039192676544,0.03510454297065735,-0.01889592409133911,27550.765625,11468.3828125,16082.3828125,27249.83203125,11244.5634765625,16005.2685546875,0.010922876186668873,0.01951620727777481,0.00479495245963335,1.0922876186668873,-0.6351447086781263,1.599664378166199,-0.7787391166202724,1.6235257387161257,1.5433857798576356,2.516308819651604,1.0741984797716515,771.4387788105945,771.4387788105945,greedy,1.0741984797716515,0.0,hard_fault_cluster,,False
223,N5160,observe,-0.2810686528682709,6.90433859616518,5.3448997020721425,0.957306379377842,4.487820087507368,6.904338831726551,6.90433859616518,6.90433859616518,1.0,2.3556137043321187e-07,3,2,1,0.0,1.0,2,1,1,0.0,-0.2810686528682709,0.1745043247938156,6.265712341666221,5.999999999999999,0.001745043247938156,-0.03390377759933472,0.02249138243496418,-0.05509503185749054,1.7009003162384033,0.2440720573067665,0.10249419510364532,0.3856499195098877,0.02249138243496418,1.07113330245018,-0.013087958097457886,0.02673545479774475,-0.021254733204841614,27249.24609375,11243.9873046875,16005.259765625,26968.666015625,11101.447265625,15867.21875,0.01029680110514164,0.01267700083553791,0.008624727837741375,1.029680110514164,-1.1118001025170088,6.5050930482149125,-1.2595468829385936,6.5050930482149125,5.89065899848938,5.098214876651764,6.904338831726551,778.3431176423211,778.3431176423211,greedy,6.904338831726551,0.0,hard_fault_cluster,,False
224,N754,observe,-0.39782020449638367,5.041629559351131,4.814106035232544,0.7422229634877293,3.2770592135782355,5.04162978064056,5.041629559351131,5.041629559351131,1.0,2.212894284792033e-07,3,2,1,0.0,1.0,2,1,1,0.0,-0.39782020449638367,0.11292707920074463,1.3083286418020723,1.832102059945464,0.0011292707920074463,0.15601369738578796,0.05502283573150635,0.4419509768486023,1.7627253532409668,0.423799604177475,0.323729932308197,0.5238692760467529,0.05502283573150635,5.785396821415052,-0.0018346086144447327,0.04373129457235336,-0.010586172342300415,26969.419921875,11101.71875,15867.701171875,28437.072265625,11691.205078125,16745.8671875,-0.054419130086898804,-0.0530986562371254,-0.05534299090504646,-5.44191300868988,-0.01551094651222229,6.928938522338867,-0.14147338271141052,6.928938522338867,1.7452763486653566,2.934049091953784,5.04162978064056,783.3847474229616,783.3847474229616,greedy,5.04162978064056,0.0,hard_fault_cluster,,False
225,N2251,observe,-0.3081769049167633,5.759670028537512,5.05476541519165,1.0022546784579756,3.743785518549383,5.759670236419692,5.759670028537512,5.759670028537512,1.0,2.0788217977589197e-07,3,2,1,0.0,1.0,2,1,1,0.0,-0.3081769049167633,0.11465837061405182,6.095155312120914,2.3999999999999995,0.001146583706140518,0.17132028937339783,0.06332819908857346,0.3724686801433563,1.8347318172454834,0.39148545265197754,0.3784225583076477,0.4045483469963074,0.06332819908857346,4.795883165597916,0.0030058622360229492,0.04071294516324997,-0.007312580943107605,28436.4453125,11691.55078125,16744.89453125,28418.982421875,11820.689453125,16598.29296875,0.0006141024641692638,-0.011045469902455807,0.008755000308156013,0.061410246416926384,0.4785727933049202,6.833045837879181,0.34508286602795124,6.833045837879181,5.155673485994338,3.9811877658963204,5.759670236419692,789.1444176593812,789.1444176593812,greedy,5.759670236419692,0.0,hard_fault_cluster,,False
226,N5111,observe,-0.28789016604423523,1.2060084331035614,2.6822322249412536,0.04563354611396792,0.783905481517315,1.2060086283907967,1.2060084331035614,1.2060084331035614,1.0,1.9528723520761227e-07,3,2,1,0.0,1.0,2,1,1,0.0,-0.28789016604423523,0.17576055228710175,1.4664122432470323,3.0559541463851927,0.0017576055228710175,-0.018976718187332153,-0.0025372039526700974,-0.06234566122293472,1.6924962997436523,0.23819124326109886,0.10417958348989487,0.37220290303230286,-0.0025372039526700974,-2.1842947787046434,-0.0015469193458557129,0.053354308009147644,-0.013985708355903625,28418.33203125,11819.9072265625,16598.42578125,28176.72265625,11720.59765625,16456.125,0.008501884527504444,0.008401891216635704,0.00857314933091402,0.8501884527504444,0.01853141374886036,2.8452361845970158,-0.11138609750196338,3.207330539226532,1.6175384163856508,3.151399970650673,1.2060086283907967,790.350426287772,790.350426287772,greedy,1.2060086283907967,0.0,hard_fault_cluster,,False
227,N2263,observe,-0.10261524468660355,6.489027346968651,5.9664421558380125,0.720473820567131,4.217867775529624,6.489027530424031,6.489027346968651,6.489027346968651,1.0,1.8345537975475868e-07,3,2,1,0.0,1.0,2,1,1,0.0,-0.10261524468660355,0.18385817110538483,5.840072840452194,5.999999999999999,0.0018385817110538483,-0.016003906726837158,-0.0017755012959241867,0.21638578176498413,1.6067924499511719,0.22618434578180313,0.04853849112987518,0.4038302004337311,-0.0017755012959241867,-0.7629182314872742,0.00468260794878006,0.06516394019126892,-0.009616807103157043,28177.263671875,11721.333984375,16455.9296875,27981.076171875,11666.146484375,16314.9296875,0.006962617393583059,0.004708295222371817,0.008568339981138706,0.6962617393583059,0.6503434646874666,5.097864990234375,0.5137814623303711,5.091083507537842,5.4697030544281,5.655306985378265,6.489027530424031,796.839453818196,796.839453818196,greedy,6.489027530424031,0.0,hard_fault_cluster,,False
228,N7440,observe,-0.3093887269496918,6.384208994507789,5.999999999999999,0.6263148146867751,4.149735846430063,6.384209166848169,6.384208994507789,6.384208994507789,1.0,1.7234038018502717e-07,3,2,1,0.0,1.0,2,1,1,0.0,-0.3093887269496918,0.12088651955127716,0.7799353313446042,1.316954731941223,0.0012088651955127717,0.18618449568748474,0.055033907294273376,0.22141984105110168,1.8774060010910034,0.36008840054273605,0.21412883698940277,0.5060479640960693,0.055033907294273376,5.936314814686775,0.0016475692391395569,0.045740336179733276,-0.007032625377178192,27981.1796875,11666.1689453125,16315.01171875,28515.34375,11827.8984375,16687.4453125,-0.019090119749307632,-0.013863119296729565,-0.022827662527561188,-1.9090119749307632,0.3406773507595062,7.199999999999999,0.20873703062534332,7.199999999999999,2.158477365970612,3.5030102878808975,6.384209166848169,803.2236629850443,803.2236629850443,greedy,6.384209166848169,0.0,hard_fault_cluster,,False
229,N695,observe,-0.1457037478685379,6.690986321270466,5.999999999999999,0.8215367498993873,4.349141108825803,6.690986385946678,6.690986321270466,6.690986321270466,0.39948542274349697,1.6189880439605523e-07,3,2,1,0.0,1.0,2,1,1,0.0,-0.1457037478685379,0.1831594854593277,5.735741958022118,5.634159517288207,0.001831594854593277,-0.00020107626914978027,-0.013425802811980247,0.1777641475200653,1.669157862663269,0.17176426947116852,-0.04537656903266907,0.3889051079750061,-0.013425802811980247,-2.3571592283248903,0.004640679806470871,0.0767088383436203,-0.013674549758434296,28514.859375,11827.046875,16687.8125,28458.19921875,11856.275390625,16601.923828125,0.00198703957721591,-0.0024713282473385334,0.00514679029583931,0.198703957721591,0.6338016632944345,6.016435141563416,0.506501401308924,6.016435141563416,5.582491958141327,5.728619772791863,6.690986385946678,809.9146493709909,809.9146493709909,greedy,6.690986385946678,0.0,hard_fault_cluster,,False
230,N2247,observe,-0.10143279284238815,6.029857922792435,5.999999999999999,0.4008186781406404,3.919407649815083,6.029858074882287,6.029857922792435,6.029857922792435,1.0,1.5208985170353807e-07,3,2,1,0.0,1.0,2,1,1,0.0,-0.10143279284238815,0.1847562938928604,5.508897167444229,5.999999999999999,0.0018475629389286042,-0.002813398838043213,-0.012065207585692406,0.25233155488967896,1.6361567974090576,0.22891639173030853,0.05574512481689453,0.40208765864372253,-0.012065207585692406,-4.494661699533463,0.005550656467676163,0.074888214468956,-0.012788616120815277,28458.4140625,11857.138671875,16601.275390625,28291.09765625,11819.125,16471.97265625,0.0058793299831449986,0.003205973422154784,0.0077887228690087795,0.5879329983144999,0.7277567330747843,5.792598111629487,0.5982384183444083,5.792598111629487,6.081495279073716,6.052971931397915,6.029858074882287,815.9445074458732,815.9445074458732,greedy,6.029858074882287,0.0,hard_fault_cluster,,False
231,N7542,control0,-0.5483062267303467,4.134175333678723,4.7116173744201655,0.24860645145177843,2.68721396689117,4.134175334420001,4.134175333678723,4.134175333678723,0.0051882917959864576,1.4287519341166802e-07,3,3,1,0.0,0.03774758406540699,2,2,1,0.0,-0.5483062267303467,0.14100581407546997,1.840517468303442,2.6260936737060545,0.0014100581407546996,-0.010858207941055298,-0.001232178881764412,-0.9292331337928772,1.4344815015792847,-0.02899174392223358,0.000490143895149231,-0.058473631739616394,-0.001232178881764412,-0.13920131474733355,-0.014170974493026733,0.025154948234558105,-0.02678656578063965,28290.904296875,11819.009765625,16471.89453125,27800.8046875,11585.671875,16215.1328125,0.017323575913906097,0.01974259316921234,0.015587868168950081,1.7323575913906097,-1.2773238141089678,4.782047883868217,-1.382154040504247,4.8013919752836225,3.083859431743622,3.5173819583654407,4.134175334420001,820.0786827802932,820.0786827802932,greedy,4.134175334420001,0.0,hard_fault_cluster,,False
232,N6685,observe,-0.4118939936161041,5.1646307663846525,3.5837238907814024,0.7347724735474911,3.357009998150024,5.164630900603475,5.1646307663846525,5.1646307663846525,1.0,1.342188230429228e-07,1,2,0,0.0,1.0,0,1,0,0.0,-0.4118939936161041,0.10270582139492035,1.27935935174115,-0.5377249361248686,0.0010270582139492036,0.17588427662849426,0.049383051693439484,0.34487998485565186,1.7353475093841553,0.44302792847156525,0.39746999740600586,0.48858585953712463,0.049383051693439484,5.801520427439245,-0.0080656036734581,0.04186444729566574,-0.002337642014026642,27801.078125,11585.654296875,16215.4228515625,29224.9921875,12144.9677734375,17080.0234375,-0.0512179434299469,-0.0482763834297657,-0.053319644182920456,-5.12179434299469,-0.6544714942574501,6.952886810302735,-0.76853814907372,6.952886810302735,1.7817114114179275,1.2454218162217878,5.164630900603475,825.2433136808967,825.2433136808967,greedy,5.164630900603475,0.0,hard_fault_cluster,,False
233,N696,observe,-0.3498212397098541,7.214672233462333,5.999999999999999,1.1547914212942123,4.689536951750517,7.214672359549249,7.214672233462333,7.214672233462333,1.0,1.26086915641972e-07,3,2,1,0.0,1.0,2,1,1,0.0,-0.3498212397098541,0.10433623194694519,6.563556811213493,2.3999999999999995,0.001043362319469452,0.1651570200920105,0.06054060161113739,0.0182109996676445,1.8598990440368652,0.32165588438510895,0.27630615234375,0.3670056164264679,0.06054060161113739,3.8756620532274244,5.8963894844055176e-05,0.03869893401861191,-0.005885004997253418,29225.69921875,12144.81640625,17080.8828125,29000.291015625,12180.826171875,16819.46484375,0.0077126710675656796,-0.0029650316573679447,0.01530471071600914,0.771267106756568,0.1707732230424881,6.925210844278336,0.04711559787392616,6.925210844278336,5.96927390396595,4.510028037577868,7.214672359549249,832.4579860404459,832.4579860404459,greedy,7.214672359549249,0.0,hard_fault_cluster,,False
234,N1352,observe,-0.29875603318214417,7.212846696749329,5.999999999999999,1.1536297161132096,4.688350352887064,7.212846815197024,7.212846696749329,7.212846696749329,1.0,1.1844769560392929e-07,3,2,1,0.0,1.0,2,1,1,0.0,-0.29875603318214417,0.10681559145450592,6.5876669101417065,2.3999999999999995,0.0010681559145450591,0.1644412875175476,0.06435901671648026,0.1243312880396843,1.8539621829986572,0.3903288096189499,0.3513216972351074,0.42933592200279236,0.06435901671648026,7.366986038088799,0.0034614726901054382,0.03765527904033661,-0.005770109593868256,28998.345703125,12179.552734375,16818.79296875,28667.5234375,12078.3798828125,16589.14453125,0.011408315040171146,0.008306778967380524,0.013654275797307491,1.1408315040171146,0.51732187718153,7.479248917102814,0.38894092105329037,7.479248917102814,6.098122292757035,4.593779490292073,7.212846815197024,839.670832855643,839.670832855643,greedy,7.212846815197024,0.0,hard_fault_cluster,,False
235,N697,observe,-0.12561392784118652,3.5217372584342956,3.7890855789184568,0.6136718726158142,2.289129217982292,3.5217373291803464,3.5217372584342956,3.5217372584342956,0.6357977564432239,1.1127131251048547e-07,3,2,1,0.0,1.0,2,1,1,0.0,-0.12561392784118652,0.17971332371234894,3.91672246158123,4.497109961509704,0.0017971332371234895,-0.009284734725952148,-0.013464746996760368,0.03891027718782425,1.6139482259750366,0.1970372274518013,0.0055888742208480835,0.3884855806827545,-0.013464746996760368,-5.054713144898415,0.007998432964086533,0.07056963443756104,-0.009432315826416016,28668.4375,12079.181640625,16589.255859375,28433.640625,11961.3681640625,16472.271484375,0.008190082386136055,0.009753432124853134,0.007051815744489431,0.8190082386136055,0.9660918731242418,5.28393427014351,0.8414054405875504,5.28393427014351,3.5846232801675795,4.430005132108926,3.5217373291803464,843.1925701848234,843.1925701848234,greedy,3.5217373291803464,0.0,hard_fault_cluster,,False
236,N7452,observe,-0.19080989062786102,4.330785269737244,5.1504117965698235,0.0147082471847536,2.8150104253292088,4.330785374266968,4.330785269737244,4.330785269737244,1.0,1.0452972448875059e-07,3,2,1,0.0,1.0,2,1,1,0.0,-0.19080989062786102,0.17895682156085968,3.2709893107414247,4.363527965545654,0.0017895682156085968,-0.011453419923782349,-0.0035089831799268723,-0.032379813492298126,1.7547403573989868,0.24188856035470963,0.11999677121639252,0.36378034949302673,-0.0035089831799268723,-4.890590450763702,0.006582416594028473,0.06490474939346313,-0.008947513997554779,28433.41796875,11961.994140625,16471.423828125,28249.068359375,11907.85546875,16341.212890625,0.006483554374426603,0.0045258901081979275,0.007905263453722,0.6483554374426603,0.8336894977837801,5.572829060554504,0.7021036189980805,5.572829060554504,4.3631640553474424,4.936056635975838,4.330785374266968,847.5233555590903,847.5233555590903,greedy,4.330785374266968,0.0,hard_fault_cluster,,False
237,N6682,observe,-0.39091411232948303,2.418617153763771,1.3612853050231934,0.5935643571615218,1.572101149946451,2.4186172519603595,2.418617153763771,2.418617153763771,1.0,9.819658863702598e-08,1,2,0,0.0,1.0,0,1,0,0.0,-0.39091411232948303,0.11075365543365479,0.5313722383975982,0.02429425120353701,0.001107536554336548,0.18136784434318542,0.04693574458360672,0.40902847051620483,1.789154052734375,0.43556058406829834,0.3690972328186035,0.5020239353179932,0.04693574458360672,5.125167033076286,-0.005975402891635895,0.042430490255355835,-0.0014798566699028015,28249.37109375,11908.02734375,16341.3447265625,29366.609375,12285.7294921875,17080.87890625,-0.03954913839697838,-0.03171828016638756,-0.045255403965711594,-3.954913839697838,-0.439850889146328,3.5990897917747495,-0.5581179391592741,3.7127532267570493,0.17295548319816592,0.3488789308816195,2.4186172519603595,849.9419728110506,849.9419728110506,greedy,2.4186172519603595,0.0,hard_fault_cluster,,False
238,N2255,observe,-0.2762547433376312,6.106515553575009,5.178395080566406,1.1218230136297644,3.9692351098237557,6.106515645822167,6.106515553575009,6.106515553575009,1.0,9.224715808934352e-08,3,2,1,0.0,1.0,2,1,1,0.0,-0.2762547433376312,0.11950819194316864,6.318639048375189,2.3999999999999995,0.0011950819194316863,0.1799207627773285,0.05204514414072037,0.25205010175704956,1.7887824773788452,0.3891628235578537,0.3672140836715698,0.4111115634441376,0.05204514414072037,2.2603036922216413,-0.001285746693611145,0.040614694356918335,-0.0008081495761871338,29366.080078125,12285.7890625,17080.291015625,29094.8671875,12235.001953125,16859.865234375,0.009235583245754242,0.004133809357881546,0.012905270792543888,0.9235583245754242,0.042978666722774506,6.541770890951156,-0.08568633534014225,6.541770890951156,5.361633142828941,4.115061542838812,6.106515645822167,856.0484884568727,856.0484884568727,greedy,6.106515645822167,0.0,hard_fault_cluster,,False
239,N732,observe,-0.24764318764209747,6.981828930899501,5.999999999999999,1.0066184105724096,4.538188805084675,6.981829017557686,6.981828930899501,6.981828930899501,1.0,8.665818531654911e-08,3,2,0,0.0,1.0,2,1,0,0.0,-0.24764318764209747,0.11863730847835541,6.313883254677057,2.3999999999999995,0.001186373084783554,0.1788974106311798,0.054530031979084015,0.31670016050338745,1.813714861869812,0.34383732825517654,0.23850946128368378,0.4491651952266693,0.054530031979084015,2.7970591461658474,0.0003970041871070862,0.039761289954185486,-0.0008165240287780762,29095.16015625,12234.359375,16860.80078125,28845.08203125,12139.9931640625,16705.08984375,0.00859517976641655,0.007713212165981531,0.009235085919499397,0.859517976641655,0.21286775916814804,6.707786235809326,0.08299225382506847,6.707786235809326,5.7792847692966465,4.3865351000428205,6.981829017557686,863.0303174744304,863.0303174744304,greedy,6.981829017557686,0.0,hard_fault_cluster,,False
240,N2216,observe,-0.07872331887483597,2.8520550245046614,3.9034241437911983,0.09396071612834932,1.85383576592803,2.852055073100998,2.8520550245046614,2.8520550245046614,0.5969491641935873,8.140783128607716e-08,3,2,1,0.0,1.0,2,1,1,0.0,-0.07872331887483597,0.17977271974086761,1.6514330118894576,2.8612735390663144,0.001797727197408676,-0.0016595125198364258,-0.010534999892115593,0.1992088258266449,1.6468274593353271,0.22542379796504974,0.03435260057449341,0.4164949953556061,-0.010534999892115593,-1.8967863196134567,0.008946891874074936,0.07800374925136566,-0.010097019374370575,28844.6171875,12140.5126953125,16704.10546875,28608.314453125,12040.48828125,16567.826171875,0.008192264474928379,0.008238895796239376,0.008158431388437748,0.8192264474928379,1.0639269072562456,5.625304374694824,0.9369986173696816,5.625304374694824,2.1789177894592284,3.516296563148498,2.852055073100998,865.8823725475314,865.8823725475314,greedy,2.852055073100998,0.0,hard_fault_cluster,,False
241,N2218,observe,-0.05829732492566109,6.584008967876434,5.999999999999999,0.7534602522850036,4.279605829119682,6.5840090443520145,6.584008967876434,6.584008967876434,1.0,7.647558012545645e-08,3,2,1,0.0,1.0,2,1,1,0.0,-0.05829732492566109,0.18198837339878082,5.8962385058403015,5.999999999999999,0.0018198837339878083,-0.0035449564456939697,-0.006420714780688286,0.19601890444755554,1.6229302883148193,0.2190231904387474,0.037170782685279846,0.40087559819221497,-0.006420714780688286,-0.44619471311569225,0.008621841669082642,0.07716096937656403,-0.010280214250087738,28608.1875,12040.5458984375,16567.640625,28410.267578125,11951.953125,16458.314453125,0.006918296217918396,0.007357870228588581,0.006598777137696743,0.6918296217918396,1.0377518255263567,6.155859761238098,0.9060760815627873,6.155859761238098,5.499333584308625,5.674566829800606,6.5840090443520145,872.4663815918834,872.4663815918834,greedy,6.5840090443520145,0.0,hard_fault_cluster,,False
242,N680,observe,-0.05352367088198662,6.493435142636299,5.999999999999999,0.6958223634958268,4.220732842713595,6.493435214478458,6.493435142636299,6.493435142636299,1.0,7.184215895609242e-08,3,2,1,0.0,1.0,2,1,1,0.0,-0.05352367088198662,0.18454204499721527,5.794031947851181,5.999999999999999,0.0018454204499721528,-0.008264899253845215,-0.005505209788680077,0.1673317551612854,1.625170350074768,0.17332585155963898,-0.04226529598236084,0.3889169991016388,-0.005505209788680077,-0.7101853990554812,0.008266020566225052,0.07669934630393982,-0.009909987449645996,28410.263671875,11951.423828125,16458.83984375,28277.2890625,11885.45703125,16391.83203125,0.004680512938648462,0.005519576370716095,0.004071235656738281,0.46805129386484623,1.0056388918310404,6.084174044132233,0.871361265424639,6.084174044132233,5.4,5.609999999999999,6.493435214478458,878.9598168063619,878.9598168063619,greedy,6.493435214478458,0.0,hard_fault_cluster,,False
243,N1598,observe,-0.3091805875301361,3.5945558524131775,4.424006938934325,-1.6413128614425658,2.3364613040685653,3.59455591990264,3.5945558524131775,3.5945558524131775,1.0,6.748946258407535e-08,3,2,1,0.0,1.0,2,1,1,0.0,-0.3091805875301361,0.13273756206035614,-0.8869692921638488,0.7300279855728149,0.0013273756206035614,0.15245988965034485,-0.05301022529602051,0.4515605568885803,1.9775776863098145,0.3553142175078392,0.20041517913341522,0.5102132558822632,-0.05301022529602051,-5.902181575298309,-0.026030421257019043,0.0864383727312088,-0.0042893365025520325,28277.994140625,11886.4609375,16391.533203125,29420.87890625,12301.7734375,17119.10546875,-0.04041604697704315,-0.0349399633705616,-0.044387079775333405,-4.041604697704315,-2.5233147889375687,-6.353484646081924,-2.5831102915108204,-6.353484646081924,0.9217178463935856,0.9661534544639292,3.59455591990264,882.5543727262645,882.5543727262645,greedy,3.59455591990264,0.0,hard_fault_cluster,,False
244,N717,observe,-0.18252228200435638,5.0021292501688,5.686082601547241,0.003651030659675808,3.25138401260972,5.0021293135692835,5.0021292501688,5.0021292501688,1.0,6.34004827537417e-08,3,2,1,0.0,1.0,2,1,1,0.0,-0.18252228200435638,0.14167481660842896,4.4727720528841015,2.2544379234313965,0.0014167481660842896,0.15763995051383972,-0.04575827717781067,0.28411543369293213,1.8988499641418457,0.2235407903790474,0.08494646847248077,0.362135112285614,-0.04575827717781067,-5.032118709683418,-0.020535945892333984,0.08977256715297699,-0.0030912011861801147,29420.36328125,12300.9013671875,17119.4609375,29222.26171875,12285.43359375,16936.828125,0.0067334845662117004,0.0012574504362419248,0.010668140836060047,0.67334845662117,-1.9576780498027802,-1.8629410168528555,-2.029615454375744,-1.930974116027355,4.460578498244286,3.529376023858786,5.0021293135692835,887.5565020398338,887.5565020398338,greedy,5.0021293135692835,0.0,hard_fault_cluster,,False
245,N756,observe,-0.31771740317344666,0.4445132608711718,1.093915095925331,-0.7572123900055886,0.2889336195662617,0.4445133204304135,0.4445132608711718,0.4445132608711718,1.0,5.955924168754545e-08,3,2,0,0.0,1.0,2,1,0,0.0,-0.31771740317344666,0.1441686749458313,-0.2967484265565871,0.6974805563688278,0.001441686749458313,0.1516646444797516,-0.05589889734983444,0.32613635063171387,1.9008126258850098,0.30849020928144455,0.1603948026895523,0.4565856158733368,-0.05589889734983444,-0.9488089965283869,-0.028101816773414612,0.08509008586406708,-0.004814140498638153,29222.591796875,12285.744140625,16936.84765625,30213.150390625,12636.01171875,17577.138671875,-0.03389701247215271,-0.02851008251309395,-0.03780461475253105,-3.389701247215271,-2.7219118997454643,-6.34037662267685,-2.788114232942462,-6.34037662267685,-0.5225886166095733,-0.29427812315523627,0.4445133204304135,888.0010153602642,888.0010153602642,greedy,0.4445133204304135,0.0,hard_fault_cluster,,False
246,N2185,observe,-0.26327595114707947,4.558284411877394,3.905825567245483,1.205526134520769,2.962884867720306,4.558284467828123,4.558284411877394,4.558284411877394,1.0,5.5950729652545116e-08,3,2,1,0.0,1.0,2,1,1,0.0,-0.26327595114707947,0.12762340903282166,6.125708739459514,2.3999999999999995,0.0012762340903282165,0.17336693406105042,0.04471036046743393,0.24892732501029968,1.810328483581543,0.402500256896019,0.3929476737976074,0.41205283999443054,0.04471036046743393,1.8490944647789,-0.003574557602405548,0.042587198317050934,0.001763470470905304,30212.005859375,12636.326171875,17575.6796875,29872.19140625,12571.359375,17300.83203125,0.011247662827372551,0.005141272675246,0.015637952834367752,1.124766282737255,-0.18512199074029922,3.6653782308101657,-0.3143723178654909,3.3646015346050264,4.389938008785247,3.483459705710411,4.558284467828123,892.5592998280923,892.5592998280923,greedy,4.558284467828123,0.0,hard_fault_cluster,,False
247,N733,observe,-0.23536697030067444,7.090472825616598,5.999999999999999,1.0757554344832896,4.608807336650789,7.090472878177445,7.090472825616598,7.090472825616598,1.0,5.2560846309546166e-08,3,2,1,0.0,1.0,2,1,1,0.0,-0.23536697030067444,0.12616761028766632,6.41904484629631,2.3999999999999995,0.0012616761028766631,0.17329755425453186,0.049613580107688904,0.26710590720176697,1.8166186809539795,0.3486252799630165,0.23922748863697052,0.4580230712890625,0.049613580107688904,1.535508278906345,-0.002217404544353485,0.04174821078777313,0.0016024149954319,29872.625,12570.76953125,17301.85546875,29463.353515625,12405.248046875,17058.10546875,0.013700553216040134,0.013167171739041805,0.014088083989918232,1.3700553216040134,-0.045959264039993286,4.8063140174746515,-0.1777951568365097,4.661920191943645,5.811256842315197,4.407316947504879,7.090472878177445,899.6497727062698,899.6497727062698,greedy,7.090472878177445,0.0,hard_fault_cluster,,False
248,N735,observe,-0.0829615369439125,3.553551871776581,4.509703373908996,0.044321157932281516,2.3098087166547776,3.553551893770337,3.553551871776581,3.553551871776581,0.44543102311327665,4.937634561571914e-08,3,2,1,0.0,1.0,2,1,1,0.0,-0.0829615369439125,0.1838930994272232,1.5913132548332214,2.6640429735183715,0.0018389309942722322,0.003425091505050659,-0.026208361610770226,0.10118555277585983,1.6715928316116333,0.1979185864329338,-0.014842286705970764,0.4106794595718384,-0.026208361610770226,-1.450702428817749,0.008385039865970612,0.08414621651172638,-0.01158684492111206,29463.9296875,12405.4599609375,17058.46875,29115.30078125,12248.8515625,16866.44921875,0.011832396499812603,0.012624151073396206,0.011256551370024681,1.1832396499812603,0.9961887244135141,5.879488477706909,0.8779251710511744,5.1873605346679685,2.6132596611976626,3.7986187797784803,3.553551893770337,903.2033246000401,903.2033246000401,greedy,3.553551893770337,0.0,hard_fault_cluster,,False
249,N2203,observe,-0.043459903448820114,6.550410039126874,5.999999999999999,0.7320791158080101,4.257766525432468,6.550410085511658,6.550410039126874,6.550410039126874,1.0,4.638478406539946e-08,3,2,1,0.0,1.0,2,1,1,0.0,-0.043459903448820114,0.18578819930553436,5.867389932274818,5.999999999999999,0.0018578819930553437,0.003316909074783325,-0.017294181510806084,0.18933382630348206,1.6515474319458008,0.2204607129096985,0.036378949880599976,0.404542475938797,-0.017294181510806084,-0.6709125280380253,0.008322633802890778,0.08318807184696198,-0.011112481355667114,29114.0234375,12249.1123046875,16864.91015625,28789.7734375,12103.90625,16685.8671875,0.011137244291603565,0.011854414828121662,0.0106163015589118,1.1137244291603565,1.000757398083806,6.127363712787629,0.8743868847377598,6.127363712787629,5.507813119888306,5.680078527927399,6.550410085511658,909.7537346855518,909.7537346855518,greedy,6.550410085511658,0.0,hard_fault_cluster,,False
250,N6684,observe,-0.2843641936779022,3.808106063455343,4.423100781440734,-1.4471763059496876,2.475268941245973,3.8081061070298152,3.808106063455343,3.808106063455343,1.0,4.357447206681861e-08,3,2,1,0.0,1.0,2,1,1,0.0,-0.2843641936779022,0.1455550640821457,-0.24555080831050863,1.126178044080734,0.001455550640821457,0.14843177795410156,-0.05596143752336502,0.3335873484611511,1.9329144954681396,0.3231125846505165,0.1822710484266281,0.4639541208744049,-0.05596143752336502,-5.794084686934948,-0.026977241039276123,0.08583609759807587,-0.004305258393287659,28790.5234375,12104.15625,16686.3671875,29895.828125,12494.4677734375,17401.359375,-0.03839126601815224,-0.032246075570583344,-0.04284888133406639,-3.8391266018152237,-2.6081304773688316,-5.403575489521026,-2.675325697287917,-5.35746915102005,1.3643502533435825,1.0141749781370166,3.8081061070298152,913.5618407925816,913.5618407925816,greedy,3.8081061070298152,0.0,hard_fault_cluster,,False
251,N2205,observe,-0.23572595417499542,3.9430813647806646,3.5364282608032225,1.1374763272702695,2.563002887107432,3.943081405715093,3.9430813647806646,3.9430813647806646,1.0,4.0934428264770315e-08,3,2,1,0.0,1.0,2,1,1,0.0,-0.23572595417499542,0.1279786080121994,5.887538397312164,2.3999999999999995,0.001279786080121994,0.17345812916755676,0.04668688029050827,0.216088205575943,1.7888157367706299,0.3976980596780777,0.39948421716690063,0.39591190218925476,0.04668688029050827,1.7061923190951345,-0.002794221043586731,0.04204713553190231,0.0024837180972099304,29894.78125,12494.3505859375,17400.4296875,29552.7734375,12415.0859375,17137.6875,0.01144038513302803,0.0063440389931201935,0.015099752694368362,1.144038513302803,-0.10475661605596542,2.7247962993383408,-0.23575573228299618,2.6971283477544787,3.8566622421145436,3.1368304573744537,3.943081405715093,917.5049221982968,917.5049221982968,greedy,3.943081405715093,0.0,hard_fault_cluster,,False
252,N2201,observe,-0.06220763549208641,5.600802454054356,5.999999999999999,0.12778337985277177,3.6405215951353314,5.6008024791953765,5.60080245529535,5.600802454054356,0.6537889611534374,3.84543366307264e-08,2,2,1,0.032271896528735855,1.0,1,1,0,0.0,-0.06220763549208641,0.18702103197574615,1.927670412957668,2.653027617931366,0.0018702103197574616,0.005537897348403931,-0.02846008725464344,0.11473507434129715,1.6461002826690674,0.2344682514667511,0.09474870562553406,0.37418779730796814,-0.02846008725464344,0.7468985864520071,0.008620921522378922,0.08467625081539154,-0.012189961969852448,29552.7734375,12415.1181640625,17137.65625,29145.0859375,12246.2490234375,16898.8359375,0.013795236125588417,0.013601895421743393,0.013935412280261517,1.3795236125588417,1.0206530969589949,4.238945192247629,0.9017323884181678,4.208928483873605,3.282215186953545,4.2334398715198045,5.6008024791953765,923.1057246774922,923.1057246774922,greedy,5.6008024791953765,0.0,hard_fault_cluster,,False
253,N2226,observe,-0.0321541391313076,5.73,5.999999999999999,0.2100000000000002,3.7245000000000004,5.7300000361245065,5.73,5.73,1.0,3.612450615273112e-08,3,2,1,0.0,1.0,2,1,1,0.0,-0.0321541391313076,0.18761594593524933,5.1,5.999999999999999,0.0018761594593524932,0.0032594501972198486,-0.0218620877712965,0.1751619279384613,1.623106598854065,0.22917670011520386,0.07402193546295166,0.38433146476745605,-0.0218620877712965,-4.74,0.008506093174219131,0.082892045378685,-0.011300809681415558,29145.171875,12246.3974609375,16898.775390625,28822.658203125,12107.951171875,16714.70703125,0.011065767146646976,0.011305062100291252,0.010892407968640327,1.1065767146646976,1.016363175585866,5.52,0.8920477819629014,5.52,5.4,5.609999999999999,5.7300000361245065,928.8357247136166,928.8357247136166,greedy,5.7300000361245065,0.0,hard_fault_cluster,,False
254,N1348,observe,-0.03960413858294487,5.846041824817658,5.999999999999999,0.28384479761123665,3.799927186131478,5.846041858753491,5.846041824817658,5.846041824817658,1.0,3.3935832967561394e-08,3,2,1,0.0,1.0,2,1,1,0.0,-0.03960413858294487,0.1914830356836319,5.205492568016052,5.999999999999999,0.001914830356836319,-0.00600355863571167,-0.016082754358649254,0.10604343563318253,1.734468698501587,0.21783779561519623,0.07377037405967712,0.36190521717071533,-0.016082754358649254,-4.120520820617676,0.008567020297050476,0.07492254674434662,-0.008129239082336426,28822.078125,12106.5390625,16715.5390625,28556.046875,12043.8369140625,16512.208984375,0.009230120107531548,0.00517919659614563,0.012164135463535786,0.9230120107531548,1.0321023110300303,5.606727085113525,0.9005521000362933,5.606727085113525,5.4,5.609999999999999,5.846041858753491,934.6817665723701,934.6817665723701,greedy,5.846041858753491,0.0,hard_fault_cluster,,False
255,N6562,observe,-0.08202271908521652,5.677712323665618,5.999999999999999,0.17672602415084854,3.6905130103826522,5.677712355545383,5.677712323665618,5.677712323665618,1.0,3.187976478718337e-08,3,2,1,0.0,1.0,2,1,1,0.0,-0.08202271908521652,0.19066046178340912,5.028698623180389,5.999999999999999,0.0019066046178340913,0.01777985692024231,-0.035462550818920135,0.10973376780748367,1.6956257820129395,0.2193519026041031,0.03625556826591492,0.40244823694229126,-0.035462550818920135,-4.782780826091766,0.00850151851773262,0.08590680360794067,-0.013378269970417023,28556.888671875,12045.0234375,16511.865234375,28678.95703125,11996.4267578125,16682.529296875,-0.0042745680548250675,0.004034585785120726,-0.01033584401011467,-0.42745680548250675,1.005349762737751,4.906536812782288,0.8889513295143843,4.6862025690078735,5.281164371967316,5.532756841778755,5.677712355545383,940.3594789279155,940.3594789279155,greedy,5.677712355545383,0.0,hard_fault_cluster,,False
256,N2220,observe,-0.03299437090754509,6.458209953308106,5.999999999999999,0.6734063339233398,4.1978364696502695,6.458209983256374,6.458209953308106,6.458209953308106,1.0,2.9948267480501125e-08,3,2,0,0.0,1.0,2,1,0,0.0,-0.03299437090754509,0.19116683304309845,5.7872802734375,5.999999999999999,0.0019116683304309845,0.0016304254531860352,-0.01800375245511532,0.1695064902305603,1.6675945520401,0.21981046721339226,0.03513895720243454,0.40448197722435,-0.01800375245511532,-0.23862006664276159,0.007238868623971939,0.08295236527919769,-0.012053675949573517,28678.35546875,11996.3154296875,16682.041015625,28494.0390625,11929.6103515625,16564.4296875,0.006427021697163582,0.005560463760048151,0.007050176151096821,0.6427021697163582,0.897049942985177,6.194367291927338,0.7671776325441897,6.194367291927338,5.52635612487793,5.543113498985767,6.458209983256374,946.8176889111718,946.8176889111718,greedy,6.458209983256374,0.0,hard_fault_cluster,,False
257,N1347,observe,-0.045046623796224594,5.901827714443208,5.999999999999999,0.3193449091911318,3.836188014388085,5.901827742577002,5.901827714443208,5.901827714443208,1.0,2.813379367981478e-08,3,2,1,0.0,1.0,2,1,1,0.0,-0.045046623796224594,0.19429133832454681,5.334310519695282,5.999999999999999,0.0019429133832454682,-0.010763376951217651,-0.009958429262042046,0.06342297047376633,1.736215353012085,0.215595081448555,0.0788651704788208,0.3523249924182892,-0.009958429262042046,-4.599413688182831,0.006279297173023224,0.07330028712749481,-0.008824549615383148,28493.224609375,11928.330078125,16564.89453125,28276.26171875,11880.7841796875,16395.4765625,0.007614543195813894,0.003985964227467775,0.01022753119468689,0.7614543195813894,0.8122626263648272,5.676207013130188,0.6740129445679486,5.676207013130188,5.79051753282547,5.863836396336556,5.901827742577002,952.7195166537488,952.7195166537488,greedy,5.901827742577002,0.0,hard_fault_cluster,,False
258,N8470,observe,-0.09003836661577225,4.167684413194657,4.030718445777893,0.8270295345783234,2.708994868576527,4.16768443962391,4.167684413194657,4.167684413194657,1.0,2.6429253289317208e-08,3,2,1,0.0,1.0,2,1,1,0.0,-0.09003836661577225,0.1925089806318283,4.5275993049144745,4.923062801361084,0.001925089806318283,-0.023464679718017578,0.004213819280266762,-0.3417626917362213,1.7252942323684692,0.18286892026662827,0.0591893345117569,0.30654850602149963,0.004213819280266762,1.8180115020275114,0.003592178225517273,0.06825911998748779,-0.010212600231170654,28277.3828125,11882.662109375,16394.720703125,28087.232421875,11809.240234375,16277.9921875,0.006724469363689423,0.006178908050060272,0.0071198842488229275,0.6724469363689423,0.5559406224638224,6.051970705986022,0.40839852252975106,6.051970705986022,3.3142387509346007,4.25425518810749,4.16768443962391,956.8872010933727,956.8872010933727,greedy,4.16768443962391,0.0,hard_fault_cluster,,False
259,N4460,control0,-0.2639714181423187,1.3355618101358413,2.712243092060089,0.1035222584009171,0.8681151765882968,1.3355618349638272,1.3355618101358413,1.3355618101358413,1.0,2.482798578039061e-08,3,3,1,0.0,1.0,2,2,1,0.0,-0.2639714181423187,0.1729051023721695,2.8474442392587664,4.568073868751526,0.0017290510237216949,-0.018462061882019043,0.0006593707948923111,-0.5359241366386414,1.5804647207260132,0.03296642005443573,-0.08931636810302734,0.1552492082118988,0.0006593707948923111,-3.3990485137701034,-0.00737336277961731,0.041111432015895844,-0.02029982954263687,28087.25390625,11809.2763671875,16277.978515625,27868.9921875,11595.1689453125,16273.8232421875,0.007770845666527748,0.01813044399023056,0.00025526960962451994,0.7770845666527748,-0.5637718047946692,4.6478051090240475,-0.6939451596699655,5.055359258651733,2.100799363851547,2.8833028230071065,1.3355618349638272,958.2227629283366,958.2227629283366,greedy,1.3355618349638272,0.0,hard_fault_cluster,,False
260,N2214,observe,0.013964016921818256,6.273110916614533,5.999999999999999,0.5556160378456116,4.077522095799447,6.273110939938267,6.273110916614533,6.273110916614533,1.0,2.3323734165446167e-08,3,2,1,0.0,1.0,2,1,1,0.0,0.013964016921818256,0.19144441187381744,5.613542687892914,5.999999999999999,0.0019144441187381744,-0.017613232135772705,0.006493778899312019,0.15751433372497559,1.635963797569275,0.2213854268193245,0.06662668287754059,0.3761441707611084,0.006493778899312019,-1.9817885184288027,0.00353357195854187,0.06673423945903778,-0.010370887815952301,27868.548828125,11594.732421875,16273.81640625,27725.529296875,11566.728515625,16158.80078125,0.005131933372467756,0.0024152265395969152,0.00706752622500062,0.5131933372467756,0.5512953866273165,5.940769605636596,0.4028417435474694,5.940769605636596,5.499027454853058,5.674367845654487,6.273110939938267,964.4958738682749,964.4958738682749,greedy,6.273110939938267,0.0,hard_fault_cluster,,False
261,N2222,observe,0.051338013261556625,6.351197175085545,5.999999999999999,0.6053072932362557,4.1282781638056045,6.351197196996166,6.351197175085545,6.351197175085545,1.0,2.191062054860909e-08,3,2,1,0.0,1.0,2,1,1,0.0,0.051338013261556625,0.1927097886800766,4.987499710917473,5.2415080070495605,0.001927097886800766,-0.019543200731277466,0.01017218641936779,0.16633397340774536,1.6384378671646118,0.22086502611637115,0.061577826738357544,0.38015222549438477,0.01017218641936779,-0.14957245826721222,0.0047845132648944855,0.0693061351776123,-0.009798623621463776,27725.54296875,11566.75390625,16158.7890625,27641.3671875,11541.044921875,16100.322265625,0.0030360373202711344,0.002222662093117833,0.0036182659678161144,0.30360373202711344,0.6813333015888929,6.17858818769455,0.5291718202643096,6.17858818769455,4.858220005035401,5.25784300327301,6.351197196996166,970.847071065271,970.847071065271,greedy,6.351197196996166,0.0,hard_fault_cluster,,False
262,N4758,observe,-0.1626068502664566,3.8088043498992925,4.5247986793518065,0.1944038486480713,2.47572282743454,3.8088043704824157,3.8088043498992925,3.8088043498992925,1.0,2.0583123157712746e-08,3,2,1,0.0,1.0,2,1,1,0.0,-0.1626068502664566,0.1840193122625351,2.7481905400753024,3.8039836168289183,0.001840193122625351,-0.01922231912612915,0.012015486136078835,-0.257300466299057,1.6642462015151978,0.2101493403315544,0.0028607696294784546,0.41743791103363037,0.012015486136078835,-1.1892818033695223,0.00014500319957733154,0.0636526346206665,-0.013147518038749695,27641.46484375,11541.03125,16100.4326171875,27905.2265625,11644.3740234375,16260.8515625,-0.009542248211801052,-0.008954379707574844,-0.009963641874492168,-0.9542248211801052,0.21053511835634708,5.757007246017457,0.06350901955738664,5.757007246017457,2.988444685935974,3.517489045858383,3.8088043704824157,974.6558754357535,974.6558754357535,greedy,3.8088043704824157,0.0,hard_fault_cluster,,False
263,N6659,observe,-0.33705732226371765,1.9027304649353027,2.6352218151092526,-0.36986947059631325,1.2367748022079468,1.9027304842713575,1.9027304649353027,1.9027304649353027,1.0,1.933605476785391e-08,3,2,1,0.0,1.0,2,1,1,0.0,-0.33705732226371765,0.17822246253490448,1.9684683382511143,3.915961647033691,0.001782224625349045,0.0045643150806427,-0.019860906526446342,0.3470548093318939,1.6481258869171143,0.3124668300151825,0.14841333031654358,0.4765203297138214,-0.019860906526446342,-5.4131539499759675,0.0029070526361465454,0.08468152582645416,-0.0158391073346138,27905.4765625,11644.6943359375,16260.783203125,28994.962890625,12050.59765625,16944.365234375,-0.03904202580451965,-0.034857362508773804,-0.0420386902987957,-3.9042025804519653,0.4490668196231127,4.970593223571778,0.3302956526167691,4.970593223571778,2.46939502954483,2.8737823354452843,1.9027304842713575,976.5586059200249,976.5586059200249,greedy,1.9027304842713575,0.0,hard_fault_cluster,,False
264,N4766,observe,-0.3244015574455261,2.8817840170860296,3.465613222122192,0.4710881018638612,1.8731596111059192,2.881784035250572,2.8817840170860296,2.8817840170860296,1.0,1.8164542432198754e-08,3,2,1,0.0,1.0,2,1,1,0.0,-0.3244015574455261,0.18215183913707733,4.839386308193207,5.999999999999999,0.0018215183913707733,-0.0025545060634613037,-0.01665651611983776,-0.17557716369628906,1.6857385635375977,0.2039880845695734,0.03502349928021431,0.3729526698589325,-0.01665651611983776,-1.868152916431427,0.00476161390542984,0.08036516606807709,-0.012739360332489014,28994.6015625,12050.4619140625,16944.140625,28984.96875,12112.4697265625,16872.498046875,0.000332227791659534,-0.005145679228007793,0.004228162579238415,0.0332227791659534,0.6416567135602236,5.395992307662964,0.5175352212972939,5.395992307662964,3.408696103096008,4.198985713422298,2.881784035250572,979.4403899552755,979.4403899552755,greedy,2.881784035250572,0.0,hard_fault_cluster,,False
265,N730,observe,-0.1215839758515358,5.888196518421173,5.999999999999999,0.3106705117225648,3.827327736973763,5.888196535485182,5.888196518421173,5.888196518421173,1.0,1.7064008440837175e-08,3,2,1,0.0,1.0,2,1,1,0.0,-0.1215839758515358,0.18827547132968903,5.3157225251197815,5.999999999999999,0.0018827547132968902,-0.001990705728530884,-0.014444088563323021,0.08163303881883621,1.701678991317749,0.18879880383610725,-0.006115756928920746,0.38371336460113525,-0.014444088563323021,-4.610566484928132,0.006558381021022797,0.08304381370544434,-0.01032932847738266,28985.048828125,12111.77734375,16873.271484375,28736.640625,12019.2890625,16717.3515625,0.008570218458771706,0.0076362271793186665,0.009240645915269852,0.8570218458771706,0.8296694848686457,5.663815016746521,0.6992959477938712,5.663815016746521,5.759537541866303,5.843699402213097,5.888196535485182,985.3285864907607,985.3285864907607,greedy,5.888196535485182,0.0,hard_fault_cluster,,False
266,N2209,observe,-0.06724587827920914,5.913202474117279,5.999999999999999,0.32658339262008673,3.8435816081762315,5.913202490147431,5.913202474117279,5.913202474117279,1.0,1.6030152433281854e-08,3,2,1,0.0,1.0,2,1,1,0.0,-0.06724587827920914,0.18819715082645416,5.324404627084732,5.999999999999999,0.0018819715082645416,-0.0014895200729370117,-0.00813109241425991,0.22804921865463257,1.6544928550720215,0.21449699252843857,0.03285519778728485,0.3961387872695923,-0.00813109241425991,-4.344994500875473,0.006945516914129257,0.08122211694717407,-0.010163255035877228,28736.1328125,12019.91015625,16716.22265625,28515.92578125,11938.9921875,16576.93359375,0.007663071155548096,0.006731994450092316,0.008332568220794201,0.7663071155548096,0.87461774982512,5.676434671878815,0.7395682060159743,5.676434671878815,5.689284616708756,5.798035000860692,5.913202490147431,991.2417889809082,991.2417889809082,greedy,5.913202490147431,0.0,hard_fault_cluster,,False
267,N6679,observe,-0.31868791580200195,3.5955561910662803,4.3162199467420574,-1.6404034626670179,2.3371115241930824,3.595556206125215,3.5955561910662803,3.5955561910662803,1.0,1.5058934594716197e-08,3,2,0,0.0,1.0,2,1,0,0.0,-0.31868791580200195,0.14135488867759705,-0.8637464145198464,0.9779674280434847,0.0014135488867759705,0.15018388628959656,-0.051339976489543915,0.4172082543373108,1.9066085815429688,0.3322537764906883,0.22375251352787018,0.44075503945350647,-0.051339976489543915,-5.905521615911275,-0.028994619846343994,0.08790537714958191,-0.00357133150100708,28516.1953125,11939.0576171875,16577.138671875,29642.10546875,12356.4248046875,17285.6796875,-0.03948318213224411,-0.0349581353366375,-0.042742058634757996,-3.948318213224411,-2.8094470724463463,-6.359999999999999,-2.876958256587386,-6.359999999999999,0.9213256385177377,0.804011348281056,3.595556206125215,994.8373451870334,994.8373451870334,greedy,3.595556206125215,0.0,hard_fault_cluster,,False
268,N4774,observe,-0.3570407032966614,4.354273919463158,4.7689074039459225,0.34179552733898155,2.8302780476510527,4.354273931653493,4.354273919463158,4.354273919463158,0.8617172423473088,1.4146559870330151e-08,3,2,1,0.0,1.0,2,1,1,0.0,-0.3570407032966614,0.18266452848911285,4.075988870859146,4.9790977954864495,0.0018266452848911285,0.002651125192642212,-0.028119264170527458,-0.15538671612739563,1.6810994148254395,0.20482808724045753,0.03679949790239334,0.37285667657852173,-0.028119264170527458,-2.9521508979797364,0.005666408687829971,0.08428484201431274,-0.013980865478515625,29641.6640625,12356.3056640625,17285.359375,29572.220703125,12400.7265625,17171.494140625,0.002342761727049947,-0.0035949982702732086,0.006587380077689886,0.23427617270499468,0.7211861331015825,4.228786163330078,0.6052771848626435,3.9251566696166993,3.9572744607925414,4.672228399515152,4.354273931653493,999.1916191186868,999.1916191186868,greedy,4.354273931653493,0.0,hard_fault_cluster,,False
269,N685,observe,-0.15336811542510986,2.221295922100544,3.558172249794006,-0.035646596550941406,1.4438423493653536,2.221295927168592,2.221295922100544,2.221295922100544,0.38135837854971233,1.3289463136061054e-08,3,2,1,0.0,1.0,2,1,1,0.0,-0.15336811542510986,0.18922390043735504,1.350387015938759,2.7470080733299254,0.0018922390043735503,0.0011372566223144531,-0.02613343857228756,0.13611364364624023,1.6561203002929688,0.17603406310081482,-0.011682629585266113,0.36375075578689575,-0.02613343857228756,-2.509270819425583,0.006890609860420227,0.08576968312263489,-0.011783696711063385,29572.1953125,12400.2158203125,17171.98046875,29226.7578125,12254.2939453125,16972.462890625,0.01168115809559822,0.01176768820732832,0.011618786491453648,1.168115809559822,0.8521514479070902,5.356031073331833,0.7298336015082896,5.19937805056572,2.2857549130916595,3.585740693509578,2.221295927168592,1001.4129150458555,1001.4129150458555,greedy,2.221295927168592,0.0,hard_fault_cluster,,False
270,N4790,observe,-0.3268621265888214,5.057808473110199,5.387139511108398,0.28367306470870984,3.287575507521629,5.057808485594494,5.057808473110199,5.057808473110199,1.0,1.2484295267793894e-08,3,2,1,0.0,1.0,2,1,1,0.0,-0.3268621265888214,0.18727900087833405,5.1046557307243345,5.999999999999999,0.0018727900087833404,0.0003591477870941162,-0.01981266401708126,-0.1805591583251953,1.6827104091644287,0.20726808160543442,0.013934925198554993,0.40060123801231384,-0.01981266401708126,-4.737206561565399,0.004420150071382523,0.08125124871730804,-0.013103760778903961,29227.12109375,12254.97265625,16972.1484375,29216.396484375,12260.158203125,16956.23828125,0.00036694033769890666,-0.0004231381753925234,0.0009374273358844221,0.036694033769890666,0.609481343999505,5.485164837837219,0.48388159135356545,5.485164837837219,5.181584846973419,5.468030150532723,5.057808485594494,1006.47072353145,1006.47072353145,greedy,5.057808485594494,0.0,hard_fault_cluster,,False
271,N6561,observe,-0.22714531421661377,5.864673501253129,5.999999999999999,0.2957013189792635,3.8120377758145336,5.864673512981039,5.864673501253129,5.864673501253129,1.0,1.1727910054586044e-08,3,2,1,0.0,1.0,2,1,1,0.0,-0.22714531421661377,0.1953185647726059,5.283645683526993,5.999999999999999,0.001953185647726059,0.02454817295074463,-0.038877375423908234,0.11223549395799637,1.7676528692245483,0.20549755170941353,0.0200541689991951,0.39094093441963196,-0.038877375423908234,-4.629812589883805,0.005644951015710831,0.09016643464565277,-0.01577088236808777,29216.546875,12260.17578125,16956.37109375,29214.3515625,12186.11328125,17028.23828125,7.513935270253569e-05,0.006040900480002165,-0.004238359164446592,0.007513935270253569,0.7209362909197807,5.6424304556846625,0.6036053989082575,5.6424304556846625,5.706076139211655,5.808949490487576,5.864673512981039,1012.335397044431,1012.335397044431,greedy,5.864673512981039,0.0,hard_fault_cluster,,False
272,N765,observe,-0.3793230354785919,6.110978727936745,4.034507596492767,0.4524410086870192,3.9721361731588845,6.110978738954096,6.110978727936745,6.110978727936745,1.0,1.1017351904779633e-08,3,2,0,0.0,1.0,2,1,0,0.0,-0.3793230354785919,0.13705743849277496,0.42298340588808037,-0.6613923400640488,0.0013705743849277497,0.18629994988441467,0.03689304739236832,0.2572897672653198,1.8635327816009521,0.44139546155929565,0.3767094612121582,0.5060814619064331,0.03689304739236832,5.61939678043127,-0.012893155217170715,0.051736295223236084,0.0009626820683479309,29214.16015625,12185.6513671875,17028.509765625,30277.9296875,12586.197265625,17691.732421875,-0.0364128053188324,-0.03287028893828392,-0.038947779685258865,-3.6412805318832397,-1.1153650358319283,2.967858003079891,-1.2458279002457857,2.827666328847408,1.441857317090035,0.8061989119648938,6.110978738954096,1018.4463757833852,1018.4463757833852,greedy,6.110978738954096,0.0,hard_fault_cluster,,False
273,N690,observe,-0.2771243155002594,3.8976926429197194,3.2835376262664795,1.3831635819748045,2.5335002178978177,3.8976926532695635,3.8976926429197194,3.8976926429197194,1.0,1.0349844296962917e-08,3,2,1,0.0,1.0,2,1,1,0.0,-0.2771243155002594,0.1449986845254898,6.39683238081634,2.3999999999999995,0.001449986845254898,0.17896127700805664,0.04388084262609482,0.22217625379562378,1.8527274131774902,0.35423052310943604,0.3079490065574646,0.40051203966140747,0.04388084262609482,1.5408959180116653,-0.00685688853263855,0.04875291883945465,0.0014647655189037323,30276.91015625,12585.87890625,17691.03125,29964.361328125,12529.361328125,17435.0,0.010323009453713894,0.004490554798394442,0.014472375623881817,1.0323009453713894,-0.49680932611227036,6.3598654529452325,-0.6384689714759588,6.3598654529452325,5.347735786437989,4.106028261184693,3.8976926532695635,1022.3440684366548,1022.3440684366548,greedy,3.8976926532695635,0.0,hard_fault_cluster,,False
274,N728,observe,-0.1273631602525711,5.673394579291344,5.999999999999999,0.173978368639946,3.6877064765393737,5.673394585556377,5.673394579291344,5.673394579291344,0.6443665195204011,9.722778930652519e-09,3,2,1,0.0,1.0,2,1,1,0.0,-0.1273631602525711,0.19926173985004425,2.0347955691814423,2.608740139007568,0.0019926173985004426,0.008794665336608887,-0.03401118516921997,0.13713431358337402,1.7197003364562988,0.1848834902048111,-0.024971365928649902,0.3947383463382721,-0.03401118516921997,-1.4105400216579438,0.005966637283563614,0.08981035649776459,-0.01452866941690445,29965.095703125,12529.603515625,17435.4921875,29578.1328125,12372.921875,17205.2109375,0.012913787737488747,0.012504915706813335,0.013207614421844482,1.2913787737488747,0.7619142830371857,6.438006999492646,0.6379763670265675,6.438006999492646,4.546549224853516,5.055256996154785,5.673394585556377,1028.0174630222111,1028.0174630222111,greedy,5.673394585556377,0.0,hard_fault_cluster,,False
275,N4798,observe,-0.21470588445663452,6.103453794121743,5.999999999999999,0.4476524144411088,3.9672449661791327,6.103453803255448,6.103453794121743,6.103453794121743,1.0,9.133705534302614e-09,3,2,1,0.0,1.0,2,1,1,0.0,-0.21470588445663452,0.19837908446788788,5.574975058436394,5.999999999999999,0.001983790844678879,-0.0008351504802703857,-0.026285847648978233,-0.10480804741382599,1.7373101711273193,0.17299502529203892,0.007760334759950638,0.3382297158241272,-0.026285847648978233,-4.104447020888329,0.005129177123308182,0.08062389492988586,-0.01347699761390686,29577.779296875,12373.548828125,17204.23046875,29361.30859375,12356.5078125,17004.80078125,0.007318693678826094,0.001377213280647993,0.011591898277401924,0.7318693678826094,0.6850109491497278,5.845781790018082,0.5559410215355456,5.845781790018082,6.07735804617405,6.050282730013132,6.103453803255448,1034.1209168254666,1034.1209168254666,greedy,6.103453803255448,0.0,hard_fault_cluster,,False
276,N6680,observe,-0.3599091172218323,5.922595380842686,4.244591331481933,0.33256069689989076,3.849686997547746,5.922595389423008,5.922595380842686,5.922595380842686,1.0,8.580322290815612e-09,3,2,0,0.0,1.0,2,1,0,0.0,-0.3599091172218323,0.14163413643836975,-0.2722891563177112,-1.0266351699829102,0.0014163413643836975,0.17736458778381348,0.03509760648012161,0.42617082595825195,1.851118803024292,0.47179630398750305,0.42741554975509644,0.5161770582199097,0.03509760648012161,5.486902628839016,-0.01079503446817398,0.05184263736009598,0.001467045396566391,29361.642578125,12356.62109375,17005.021484375,30275.69140625,12635.666015625,17640.025390625,-0.03113071247935295,-0.02258262410759926,-0.037342142313718796,-3.113071247935295,-0.9027717038989067,2.4167661637067797,-1.0353205110877752,2.3900117844343187,1.055894368886948,0.6547595852240922,5.922595389423008,1040.0435122148895,1040.0435122148895,greedy,5.922595389423008,0.0,hard_fault_cluster,,False
277,N727,observe,-0.24532802402973175,6.219110029805452,4.954035806655884,1.3770407226122916,4.042421519373544,6.219110037865919,6.219110029805452,6.219110029805452,1.0,8.060466843141834e-09,3,2,1,0.0,1.0,2,1,1,0.0,-0.24532802402973175,0.14858999848365784,6.805709983967245,2.3999999999999995,0.0014858999848365783,0.17582088708877563,0.040171973407268524,0.23379695415496826,1.8463023900985718,0.36312007904052734,0.3114079236984253,0.4148322343826294,0.040171973407268524,1.741464195847511,-0.0059255436062812805,0.049596577882766724,0.00283002108335495,30275.671875,12635.03125,17640.640625,29907.841796875,12540.892578125,17366.94921875,0.012149360962212086,0.007450608536601067,0.01551482267677784,1.2149360962212086,-0.4037923887372017,6.734692705571652,-0.5453638676553965,6.734692705571652,6.302306175231934,4.7264990139007566,6.219110037865919,1046.2626222527554,1046.2626222527554,greedy,6.219110037865919,0.0,hard_fault_cluster,,False
278,N687,observe,-0.10425397008657455,5.362385565638542,5.885294103622436,0.06991382062435152,3.4855506176650524,5.362385571500854,5.362385565638542,5.362385565638542,0.7741982130855902,7.572107844822338e-09,3,2,1,0.0,1.0,2,1,1,0.0,-0.10425397008657455,0.2022889405488968,2.1368375779688358,2.8218590855598444,0.002022889405488968,0.001524507999420166,-0.03176586329936981,0.0001593083143234253,1.67958402633667,0.18748341500759125,0.016700565814971924,0.35826626420021057,-0.03176586329936981,-2.2194433835148812,0.007974263280630112,0.08962199091911316,-0.013363122940063477,29907.857421875,12541.048828125,17366.80859375,29498.076171875,12358.64453125,17139.431640625,0.013701457530260086,0.014544581063091755,0.013092615641653538,1.3701457530260086,0.9679494053125381,6.220752537846565,0.8400570973753929,6.220752537846565,4.241004914045334,4.856653194129467,5.362385571500854,1051.6250078242563,1051.6250078242563,greedy,5.362385571500854,0.0,hard_fault_cluster,,False
