step,node,type,q_pred,q_pred_context,q_pred_type_context,q_pred_lcb_context,q_pred_context_lcb,score_pred,reward_pred,reward_pred_context,reward_pred_type_context,fc_pred,pattern_pred,return_pred,guarded_reward,guarded_reward_context,hard_reduction_total_pred,hard_reduction_sa0_pred,hard_reduction_sa1_pred,derived_hard_count_pre_total_pred,derived_hard_count_pre_sa0_pred,derived_hard_count_pre_sa1_pred,derived_hard_count_post_total_pred,derived_hard_count_post_sa0_pred,derived_hard_count_post_sa1_pred,derived_hard_reduction_total_pred,derived_hard_reduction_sa0_pred,derived_hard_reduction_sa1_pred,derived_hard_reduction_hybrid_pred,hybrid_pred,hybrid_pred_context,bounded_residual_hybrid_pred,bounded_residual_hybrid_pred_context,consensus_pred_context,consensus_pred_type_context,step_value,sequence_score,lookahead_score,planner,score_adjusted,diversity_penalty,candidate_strategy,adaptive_confidence_gap,adaptive_expanded
1,N677,control1,1.1168162822723389,4.858064773529769,3.3065748214721675,0.639273903220892,3.1577421027943497,1.1168162822723389,0.34677982330322266,4.655100124329328,3.5404456019401547,0.0034677982330322266,0.2820698022842407,0.03364104777574539,0.03364104777574539,1.259550520926714,0.06386370956897736,0.15087546408176422,0.038793694227933884,29566.794921875,11983.158203125,17583.63671875,30258.921875,12858.3427734375,17400.578125,-0.023408927023410797,-0.07303454726934433,0.010410735383629799,-2.3408927023410797,6.766791827976704,3.7994945481419564,6.481476174667478,3.6933181241154673,4.387020833045244,3.1473844872787597,4.858064773529769,4.858064773529769,4.858064773529769,greedy,4.858064773529769,0.0,hard_fault_cluster,0.029465095194923116,False
2,N2155,observe,1.457592248916626,3.2530965894460677,2.0179089665412904,0.6932365149259567,2.114512783139944,1.457592248916626,0.4267202615737915,3.311336115002632,2.4864104151725765,0.004267202615737915,0.32851269841194153,0.025838786736130714,0.025838786736130714,1.6042756289243698,0.06906921416521072,0.15618106722831726,0.04652923345565796,30261.64453125,12861.6591796875,17399.984375,30654.4296875,13195.8447265625,17458.5859375,-0.012979636900126934,-0.025983082130551338,-0.0033679089974611998,-1.2979636900126934,7.359480464830995,3.146026192903519,7.020061178598553,3.2567780363559726,2.7994702607393265,2.269561876952648,3.2530965894460677,8.111161362975837,8.111161362975837,greedy,3.2530965894460677,0.0,hard_fault_cluster,0.4548417132216014,False
3,N502,control1,1.1366417407989502,2.1921067869663236,2.1148003101348873,0.1411621344089508,1.4248694115281104,1.1366417407989502,0.37319517135620117,1.754641768336296,2.0494791030883786,0.003731951713562012,0.3409149944782257,0.01918899454176426,0.01918899454176426,-1.7808255773782733,0.05883442610502243,0.14034509658813477,0.036193232983350754,30649.359375,13188.9736328125,17460.38671875,30661.03125,13167.8369140625,17493.1953125,-0.00038081954699009657,0.001602605334483087,-0.0018790301401168108,-0.03808195469900966,6.2758267764002085,2.8671430099010466,5.981538651976734,2.8663930642604827,2.405900165438652,2.300244202259928,2.1921067869663236,10.303268149942161,10.303268149942161,greedy,2.1921067869663236,0.0,hard_fault_cluster,0.09076923076923085,False
4,N762,control1,0.911552369594574,1.4460939180850982,1.5994494915008544,0.06185806632041933,0.9399610467553139,0.911552369594574,0.3220241069793701,0.8939645677804946,1.1617317676544188,0.003220241069793701,0.3624856173992157,0.019666315987706184,0.019666315987706184,-0.8204972726106643,0.05198005586862564,0.13194745779037476,0.02993898093700409,30665.79296875,13173.8125,17491.98046875,30588.853515625,13107.171875,17481.681640625,0.0025089667178690434,0.005058567970991135,0.0005887742736376822,0.25089667178690434,5.53969600982964,1.1226565885543822,5.283428192604333,1.0556051182746886,1.3425390362739564,1.5400503179430962,1.4460939180850982,11.74936206802726,11.74936206802726,greedy,1.4460939180850982,0.0,hard_fault_cluster,0.06645722571290477,False
5,N3742,control0,0.7222740650177002,0.865053427554667,2.2954659044742582,0.14510735023766758,0.5622847279105335,0.7222740650177002,0.30962061882019043,0.8075463380664587,0.7869540154933929,0.0030962061882019044,0.38254740834236145,0.02135230042040348,0.02135230042040348,-0.0045474436879158475,0.049445077776908875,0.13231901824474335,0.02771998941898346,30589.94921875,13108.4775390625,17481.470703125,30546.490234375,13047.29296875,17499.197265625,0.0014206948690116405,0.004667557310312986,-0.001014020061120391,0.14206948690116405,5.275480696931481,1.228048669397831,5.027251007501036,1.3559304943680763,0.8645815178751945,1.99535370670259,0.865053427554667,12.614415495581927,12.614415495581927,greedy,0.865053427554667,0.0,hard_fault_cluster,0.007327924627060986,False
6,N3644,control0,0.7473889589309692,1.48906403362751,2.8708456873893735,0.07143973171710971,0.9678916218578816,0.7473889589309692,0.3026055097579956,0.9449074640870094,2.385872972011566,0.003026055097579956,0.39635252952575684,0.020910421386361122,0.020910421386361122,-0.7454595252871514,0.04656650125980377,0.1306355595588684,0.025381986051797867,30546.37890625,13047.17578125,17499.203125,30307.24609375,12886.3076171875,17420.9375,0.007828515954315662,0.01232973113656044,0.004472524859011173,0.7828515954315662,4.980166057124734,0.7750341171026229,4.737529108766466,0.7508540028333663,1.3211556255817414,2.6820587423443794,1.48906403362751,14.103479529209437,14.103479529209437,greedy,1.48906403362751,0.0,hard_fault_cluster,0.2207563764291997,False
7,N557,control1,0.6856449842453003,0.9109400447458029,0.9344285786151885,0.022840426489710818,0.5921110290847719,0.6856449842453003,0.23966531455516815,0.38594000309705734,0.36097973287105556,0.0023966531455516817,0.4034660756587982,0.022502494975924492,0.022502494975924492,-0.3452448616921902,0.04434661194682121,0.12802369892597198,0.023537244647741318,30311.6484375,12886.974609375,17424.673828125,30250.43359375,12827.2578125,17423.17578125,0.0020195154938846827,0.004633888136595488,8.59727369970642e-05,0.20195154938846827,4.696829004213214,0.5468219625949859,4.500203147064894,0.6062342870235443,0.7504457041621209,0.7430304142832757,0.9109400447458029,15.01441957395524,15.01441957395524,greedy,0.9109400447458029,0.0,hard_fault_cluster,0.016344725111441322,False
8,N3756,control0,0.49988383054733276,1.0979412072431296,2.4125834882259367,0.1974851869698614,0.7136617847080343,0.49988383054733276,0.24372242391109467,1.0619511545635758,2.4570805430412292,0.0024372242391109467,0.4139433205127716,0.02365473099052906,0.02365473099052906,0.21570032984018322,0.04269922524690628,0.13014672696590424,0.02226416766643524,30245.603515625,12826.541015625,17419.0625,30221.669921875,12799.166015625,17422.50390625,0.0007913081790320575,0.0021342465188354254,-0.0001975655322894454,0.07913081790320575,4.537299679592252,0.9399933916330337,4.336766813416034,0.956314257979393,1.0098785221576692,2.555791640430689,1.0979412072431296,16.11236078119837,16.11236078119837,greedy,1.0979412072431296,0.0,hard_fault_cluster,0.05244399185336054,False
9,N508,control1,0.43548765778541565,1.3122977246716618,1.0069064617156982,0.16719920787960293,0.8529935210365802,0.43548765778541565,0.23146332800388336,1.0512432854622602,0.8461384952068328,0.0023146332800388337,0.4174090325832367,0.024310583248734474,0.024310583248734474,0.078968091905117,0.04077991843223572,0.12708526849746704,0.020798861980438232,30224.533203125,12795.224609375,17429.30859375,30171.015625,12771.52734375,17399.48828125,0.0017706668004393578,0.001852039829827845,0.0017109292093664408,0.17706668004393578,4.33376575447619,0.7572313451766968,4.141935321036726,0.7209732937812805,1.0937867149710654,0.9343232031166553,1.3122977246716618,17.42465850587003,17.42465850587003,greedy,1.3122977246716618,0.0,hard_fault_cluster,0.0026338893766461834,False
10,N564,control1,0.4190385043621063,1.268916402757168,1.2729401230812072,0.10143611878156661,0.8247956617921592,0.4190385043621063,0.20929060876369476,0.917901910841465,1.0830314755439758,0.0020929060876369475,0.42137908935546875,0.022586194798350334,0.022586194798350334,-0.43694213896989825,0.03964956849813461,0.1253066211938858,0.020015109330415726,30163.65625,12770.73828125,17392.91796875,30078.953125,12731.5244140625,17347.4296875,0.0028081187047064304,0.0030706028919667006,0.0026153335347771645,0.28081187047064304,4.196833653375506,0.7868491011857986,4.022926050703973,0.7778355914354325,1.1438299417495728,1.261335588246584,1.268916402757168,18.6935749086272,18.6935749086272,greedy,1.268916402757168,0.0,hard_fault_cluster,0.08266666666666668,False
11,N5143,observe,0.2626512050628662,1.2251065270602703,2.014958530664444,0.3093397934734821,0.7963192425891757,0.2626512050628662,0.20151685178279877,1.281190225481987,2.055466210842132,0.002015168517827988,0.42924612760543823,0.025153672322630882,0.025153672322630882,1.03230836302042,0.03946968913078308,0.127190500497818,0.01984790340065956,30081.86328125,12735.1455078125,17346.716796875,30117.234375,12738.435546875,17378.798828125,-0.0011758279288187623,-0.0002583432651590556,-0.0018494584364816546,-0.11758279288187623,4.173639437183738,1.1039327967166899,4.0036365441046655,1.1279012846946714,1.0299785792827607,2.1415817165374755,1.2251065270602703,19.918681435687468,19.918681435687468,greedy,1.2251065270602703,0.0,hard_fault_cluster,0.19307511737089203,False
12,N7511,control1,0.27103564143180847,1.542201268225908,1.2427384078502655,0.1687822414934635,1.0024308243468403,0.27103564143180847,0.18577755987644196,1.155826210975647,1.1601640284061432,0.0018577755987644197,0.42731204628944397,0.022802548483014107,0.022802548483014107,-0.11248909562826159,0.038271911442279816,0.12670829892158508,0.018705099821090698,30117.130859375,12738.33984375,17378.791015625,29983.71484375,12661.9482421875,17321.767578125,0.004429904744029045,0.00599698256701231,0.0032812084536999464,0.4429904744029045,4.035771252587438,0.7550068116188049,3.8793361713178456,0.7365107154846191,1.3070725560188294,1.2904404653608799,1.542201268225908,21.460882703913377,21.460882703913377,greedy,1.542201268225908,0.0,hard_fault_cluster,0.2586412395709178,False
13,N580,control1,0.24977530539035797,1.3984062792360783,0.9928752779960632,0.28956968143582346,0.9089640815034509,0.24977530539035797,0.18833519518375397,0.8788172042369842,0.6708864629268646,0.0018833519518375397,0.4354175925254822,0.02162943221628666,0.02162943221628666,1.4825652004778385,0.03667113184928894,0.11180408298969269,0.018529552966356277,29980.908203125,12657.78125,17323.126953125,30045.96484375,12708.7197265625,17337.24609375,-0.002169935731217265,-0.00402428163215518,-0.0008150457288138568,-0.2169935731217265,3.8770778123289347,0.847490448653698,3.719604341778904,0.8167700359225274,0.8333870321512222,0.9054375479370356,1.3984062792360783,22.859288983149455,22.859288983149455,greedy,1.3984062792360783,0.0,hard_fault_cluster,0.18938567793529631,False
14,N2082,observe,0.20502303540706635,1.0276457332633435,1.0508084893226624,0.1916762767545879,0.6679697266211733,0.20502303540706635,0.22885484993457794,0.4096828885376453,0.31422488018870354,0.0022885484993457796,0.4233670234680176,0.01069418154656887,0.01069418154656887,1.0292704719118773,0.041291892528533936,0.11257888376712799,0.021464943885803223,30050.466796875,12713.548828125,17336.91796875,30235.677734375,12765.728515625,17469.94921875,-0.006163329817354679,-0.00410425802692771,-0.007673292886465788,-0.6163329817354679,4.36873828433454,2.3631893801689148,4.18907651072368,2.3465504574775697,0.7166078802198171,1.0017071542702616,1.0276457332633435,23.8869347164128,23.8869347164128,greedy,1.0276457332633435,0.0,hard_fault_cluster,0.09173126614987079,False
15,N737,control1,0.23724915087223053,2.792261310592294,1.7256772637367248,0.641901727989316,1.814969851884991,0.23724915087223053,0.20412172377109528,2.117219950966537,1.4540244340896606,0.0020412172377109526,0.42563769221305847,0.016079077497124672,0.016079077497124672,3.1768714841082693,0.0357733890414238,0.10121893882751465,0.018075674772262573,30238.828125,12763.546875,17475.28125,30019.81640625,12666.1650390625,17353.65234375,0.007242731750011444,0.007629684638231993,0.0069600543938577175,0.7242731750011444,3.7975397054105997,0.8789070991054178,3.6323891044594347,0.8147355762496591,1.686521531268954,1.5217291582189498,2.792261310592294,26.679196027005094,26.679196027005094,greedy,2.792261310592294,0.0,hard_fault_cluster,0.3126535626535627,False
16,N496,control1,0.24756033718585968,2.388632883094251,1.794194060564041,0.2454297215864062,1.5526113740112633,0.24756033718585968,0.19947756826877594,-1.1888836987130345,-1.4134365558624267,0.0019947756826877595,0.29456356167793274,0.023203233256936073,0.023203233256936073,3.9999490527622408,0.028832845389842987,0.023915253579616547,0.03250277414917946,30010.765625,12661.31640625,17349.44921875,30025.30078125,12688.1259765625,17337.17578125,-0.00048433139454573393,-0.002117439405992627,0.0007074251770973206,-0.04843313945457339,3.1059653405100107,0.3513903366588056,2.9389547393657267,0.32715386619791387,0.11758394986391074,0.23376608606427912,2.388632883094251,29.067828910099344,29.067828910099344,greedy,2.388632883094251,0.0,hard_fault_cluster,0.16893039049236,False
17,N5723,control0,0.20441922545433044,1.0616516910493374,2.734668254852295,-0.12733148783445358,0.6900735991820693,0.20441922545433044,0.2313111573457718,-1.100763780027628,-2.7834945559501647,0.002313111573457718,0.26892971992492676,0.022132055833935738,0.022132055833935738,0.8207563787698746,0.02874273806810379,0.04932570457458496,0.02606506645679474,30031.251953125,12695.212890625,17336.0390625,29948.671875,12612.3134765625,17336.359375,0.002749804640188813,0.006529974285513163,-1.847668318077922e-05,0.2749804640188813,3.1277170199900866,-0.39734087824821474,2.937634610105306,-0.6723138535022736,0.13957474827766422,0.19572358638048198,1.0616516910493374,30.129480601148682,30.129480601148682,greedy,1.0616516910493374,0.0,hard_fault_cluster,0.03555469205362348,False
18,N5203,control1,0.21658849716186523,4.262533690556884,3.1346234917640685,0.4715654581040144,2.770646898861975,0.21658849716186523,0.2347501963376999,0.6458359603583812,0.05856918990612031,0.002347501963376999,0.26107361912727356,0.020919768139719963,0.020919768139719963,4.083194863572717,0.0275605246424675,0.05086376518011093,0.024509452283382416,29944.1875,12607.1357421875,17337.052734375,29849.630859375,12556.365234375,17293.265625,0.003157762810587883,0.004027124494314194,0.0025256373919546604,0.3157762810587883,3.0117224287241697,0.268878773599863,2.819969955366105,0.25945212021470065,1.6161520764231683,1.436083186417818,4.262533690556884,34.392014291705564,34.392014291705564,greedy,4.262533690556884,0.0,hard_fault_cluster,0.009120851279452644,False
19,N2153,observe,0.06557966023683548,1.4847387479990721,1.1823075354099273,0.16274217449128628,0.965080186199397,0.06557966023683548,0.27103477716445923,0.7543907896056772,0.5004423320293426,0.002710347771644592,0.059582293033599854,0.0023037139326334,0.0023037139326334,0.003641482964158005,0.035147931426763535,0.11558179557323456,0.010644093155860901,29852.353515625,12561.341796875,17291.01171875,29873.59375,12605.7998046875,17267.79296875,-0.0007115095504559577,-0.003539272118359804,0.0013428219826892018,-0.07115095504559577,3.788131633773446,3.9901894600689416,3.5831277654506266,3.8861268313229087,1.4030453462153674,1.1423343530483543,1.4847387479990721,35.87675303970464,35.87675303970464,greedy,1.4847387479990721,0.0,hard_fault_cluster,0.04763749031758327,False
20,N1853,observe,0.05062844231724739,3.571242531388998,2.3002738058567043,0.5719009451568127,2.321307645402849,0.05062844231724739,0.26932281255722046,3.0827539995312687,2.0830492675304413,0.0026932281255722047,0.05640757083892822,0.0041212160140275955,0.0041212160140275955,0.5746586680412291,0.03493879735469818,0.11393746733665466,0.01036614179611206,29874.119140625,12606.2265625,17267.892578125,29740.4609375,12552.2021484375,17188.259765625,0.004474046640098095,0.0042855339124798775,0.004611611366271973,0.4474046640098095,3.767323764041066,3.325169855356217,3.56224074261263,3.4783795654773715,3.229875111579895,2.4120406488329174,3.571242531388998,39.447995571093635,39.447995571093635,greedy,3.571242531388998,0.0,hard_fault_cluster,0.03632148377125194,False
21,N2101,observe,0.08539792150259018,2.9722490295767785,2.5911929726600644,0.07194503992795945,1.931961869224906,0.08539792150259018,0.2639327645301819,1.2168084819614886,0.7943561315536498,0.002639327645301819,0.06022372841835022,0.002544412389397621,0.002544412389397621,-0.6342462167143823,0.03367789834737778,0.11320705711841583,0.00900951772928238,29739.603515625,12551.396484375,17188.20703125,29756.412109375,12577.419921875,17178.9921875,-0.0005651922547258437,-0.0020733498968183994,0.0005361143266782165,-0.05651922547258437,3.634267011657357,2.3512953704595567,3.4344091289676726,2.2703439420461655,2.02692454457283,1.625438666790724,2.9722490295767785,42.420244600670415,42.420244600670415,greedy,2.9722490295767785,0.0,hard_fault_cluster,0.025564803804994013,False
22,N1860,observe,0.041757334023714066,2.0153853437304496,1.8573737382888793,0.12469685643911363,1.3100004734247923,0.041757334023714066,0.2627521753311157,1.1705276876688004,0.951690411567688,0.0026275217533111572,0.06215620040893555,0.0028158407658338547,0.0028158407658338547,-0.636261420249939,0.03305652737617493,0.11168496310710907,0.008671343326568604,29756.94921875,12578.08984375,17178.859375,29627.193359375,12511.974609375,17115.21875,0.004360523074865341,0.00525638135150075,0.003704589558765292,0.4360523074865341,3.5712207537144423,2.012422503232956,3.37204474164173,2.050356127023697,1.8007583796977997,1.6566819053888322,2.0153853437304496,44.435629944400866,44.435629944400866,greedy,2.0153853437304496,0.0,hard_fault_cluster,0.1643894107600342,False
23,N582,control1,-0.020837079733610153,2.089173060804605,1.3913513123989105,0.4027551408112049,1.3579624895229934,-0.020837079733610153,0.2613387703895569,1.2900380581617354,0.7520089507102966,0.002613387703895569,0.058109790086746216,0.005476424470543861,0.005476424470543861,1.899184943586588,0.0314268060028553,0.10648570954799652,0.008285421878099442,29625.390625,12508.8671875,17116.5234375,29636.931640625,12525.130859375,17111.80078125,-0.0003895650152117014,-0.0013001714833080769,0.0002759121125563979,-0.03895650152117014,3.409495795145631,2.452245361804962,3.2093843990005553,2.587731249332428,1.4096986919641497,1.1789478215761484,2.089173060804605,46.52480300520547,46.52480300520547,greedy,2.089173060804605,0.0,hard_fault_cluster,0.1564,False
24,N1372,observe,0.09412824362516403,1.5252400588616728,1.6642513990402221,-0.2152209650725126,0.9914060382600873,0.09412824362516403,0.26222705841064453,0.33925160132348536,0.3955187007784843,0.0026222705841064454,0.08068561553955078,0.002373041585087776,0.002373041585087776,-2.150884359255433,0.029934566468000412,0.11608472466468811,0.005913551896810532,29639.171875,12528.658203125,17110.513671875,29645.75,12515.7216796875,17130.02734375,-0.00022194023767951876,0.0010325545445084572,-0.001140449196100235,-0.022194023767951876,3.2580567467957735,2.4286825248599055,3.0596066717989743,2.9358384677767755,1.5789155535399915,1.3462131634727121,1.5252400588616728,48.05004306406714,48.05004306406714,greedy,1.5252400588616728,0.0,hard_fault_cluster,0.042980828695114416,False
25,N1532,observe,0.12259425967931747,1.7888805532455445,2.006962835788727,-0.047710037231445346,1.162772359609604,0.12259425967931747,0.2611376643180847,0.8320974944531917,0.7595283508300781,0.002611376643180847,0.08434689044952393,-0.0011730846017599106,-0.0011730846017599106,-2.196605139672756,0.02848530188202858,0.11649157106876373,0.0041542574763298035,29645.578125,12515.6484375,17129.9296875,29625.849609375,12510.185546875,17115.6640625,0.0006654792232438922,0.00043648481369018555,0.0008327894611284137,0.06654792232438922,3.1084947679191828,5.638979744315147,2.913521333131939,5.623221659064293,2.076182405650616,1.8716735646873714,1.7888805532455445,49.83892361731269,49.83892361731269,greedy,1.7888805532455445,0.0,hard_fault_cluster,0.12381646030589952,False
26,N766,control1,-0.06026385352015495,1.7526750177145005,0.7945834219455719,0.6855802565813064,1.1392387615144253,-0.06026385352015495,0.26099449396133423,1.426764705479145,0.7180586099624633,0.0026099449396133423,0.07235053181648254,0.0013985317200422287,0.0013985317200422287,4.045037580132485,0.025944434106349945,0.10504262149333954,0.004252202808856964,29624.1171875,12508.1689453125,17115.94921875,29725.3125,12576.2548828125,17149.05859375,-0.0034159773495048285,-0.00544331781566143,-0.0019344164757058024,-0.34159773495048285,2.856836436316371,1.7972395645081995,2.6600416670553386,2.066837810128927,0.8317595079541207,0.7390314891769959,1.7526750177145005,51.59159863502719,51.59159863502719,greedy,1.7526750177145005,0.0,hard_fault_cluster,0.0343763772587043,False
27,N7516,observe,-0.05477942153811455,0.8588766132295131,1.28428498506546,-0.2130893871188163,0.5582697985991836,-0.05477942153811455,0.2658357620239258,0.7654286630451679,1.0136021971702576,0.0026583576202392576,0.08712330460548401,-0.010014226660132408,-0.010014226660132408,-3.7591929019987584,0.026339836418628693,0.10715477168560028,0.0030475743114948273,29726.359375,12577.4462890625,17148.912109375,29663.740234375,12520.736328125,17143.00390625,0.0021065189503133297,0.004508861340582371,0.00034452349063940346,0.21065189503133297,2.8898051772266626,5.155040582120418,2.6979390257038176,5.3132638773322105,1.8014704070985317,1.6301692685112357,0.8588766132295131,52.4504752482567,52.4504752482567,greedy,0.8588766132295131,0.0,hard_fault_cluster,0.054235339210425434,False
28,N576,observe,-0.10493490844964981,1.689955893009901,1.5532304704189301,0.5745542998611927,1.0984713304564357,-0.10493490844964981,0.27297985553741455,2.0080126390606163,1.893226218223572,0.0027297985553741454,0.07724973559379578,-0.004447003826498985,-0.004447003826498985,1.7161823500692845,0.025210656225681305,0.10786370933055878,0.002806279808282852,29663.265625,12520.126953125,17143.138671875,29695.4296875,12549.74609375,17145.68359375,-0.0010843061609193683,-0.0023657220881432295,-0.00014845133409835398,-0.10843061609193683,2.789598474279046,5.948593171536922,2.5881988354958594,6.005531104505062,1.8132695041596891,2.123896417431533,1.689955893009901,54.1404311412666,54.1404311412666,greedy,1.689955893009901,0.0,hard_fault_cluster,0.29267505646982894,False
29,N583,control1,-0.1296648532152176,1.4299027611175552,0.9837925493717193,0.3725934782018885,0.9294367947264109,-0.1296648532152176,0.2695319652557373,1.131138224734459,0.7260856568813323,0.002695319652557373,0.07073375582695007,-0.0020840223878622055,-0.0020840223878622055,0.9413151705125347,0.02398204803466797,0.10384835302829742,0.0029057487845420837,29688.134765625,12538.9453125,17149.189453125,29609.185546875,12514.71484375,17094.470703125,0.002659285208210349,0.0019324168097227812,0.003190748393535614,0.2659285208210349,2.665652746334672,5.923414352918043,2.4650667891837656,5.923414352918043,1.4978001052746548,1.338778110096464,1.4299027611175552,55.57033390238416,55.57033390238416,greedy,1.4299027611175552,0.0,hard_fault_cluster,0.3017066820943014,False
30,N5234,observe,-0.18880024552345276,0.2518567937240005,0.9812490582466126,-0.03681507818400859,0.16370691592060033,-0.18880024552345276,0.2709934115409851,0.10221201386302711,0.9382898896932602,0.002709934115409851,0.07472485303878784,-0.000541122630238533,-0.000541122630238533,-0.2457813247665763,0.020234152674674988,0.1001235693693161,0.001306045800447464,29616.2890625,12525.51171875,17090.77734375,29560.021484375,12454.119140625,17105.90234375,0.0018998861778527498,0.005699773319065571,-0.0008849802543409169,0.18998861778527498,2.2938675563782454,-0.631608067099005,2.0910283396951854,-0.5088883023895323,0.1491625161841512,1.0092862483579663,0.2518567937240005,55.82219069610816,55.82219069610816,greedy,0.2518567937240005,0.0,hard_fault_cluster,0.04841802492809205,False
31,N4698,control0,0.1419101506471634,2.3432942286975593,3.3621028423309323,0.21310309271859293,1.5231412486534137,0.1419101506471634,0.2770768404006958,1.0668651235229845,2.272155290842056,0.002770768404006958,0.062437742948532104,0.005589181557297707,0.005589181557297707,1.0108004332548444,0.018895380198955536,0.09920437633991241,0.0010652504861354828,29560.728515625,12454.95703125,17105.771484375,29256.765625,12317.4990234375,16939.267578125,0.010282658971846104,0.011036409996449947,0.009733784943819046,1.0282658971846104,2.172204041853547,0.3646610940815663,1.960204525385052,0.36465367515138497,1.316465514005904,2.4307025841038374,2.3432942286975593,58.16548492480572,58.16548492480572,greedy,2.3432942286975593,0.0,hard_fault_cluster,0.0,True
32,N7411,control1,0.0008092569187283516,0.3015713121183218,0.8888465821743011,-0.2777003297582267,0.19602135287690917,0.0008092569187283516,0.2733643054962158,-0.024139212816953658,0.2968823708593845,0.002733643054962158,0.061842769384384155,-0.005802979692816734,-0.005802979692816734,-3.087660121060908,0.020923607051372528,0.08493654429912567,0.0029397010803222656,29255.8203125,12316.607421875,16939.212890625,29034.73828125,12201.51171875,16833.2265625,0.007556856144219637,0.009344756603240967,0.006256862543523312,0.7556856144219637,2.359922030940652,5.358677443265915,2.1592510365881026,5.358677443265915,1.1951986212283374,1.3253027373738588,0.3015713121183218,58.46705623692404,58.46705623692404,greedy,0.3015713121183218,0.0,hard_fault_cluster,0.027162680838500146,False
33,N7413,control1,0.02200709655880928,0.4497266447544098,0.8971297681331634,-0.21062805652618402,0.2923223190903664,0.02200709655880928,0.27257925271987915,-0.002615518867969485,0.29381207227706907,0.0027257925271987915,0.06428703665733337,-0.0028701145201921463,-0.0028701145201921463,-1.8511837562918663,0.02043384313583374,0.07932935655117035,0.0029051899909973145,29034.83203125,12201.8076171875,16833.025390625,28828.1953125,12118.5341796875,16709.66015625,0.007116856053471565,0.006824680604040623,0.007328761741518974,0.7116856053471565,2.313093451783061,2.123259402513504,2.1108115981332958,2.0790201199054716,0.7939952552318572,1.0497557964920996,0.4497266447544098,58.916782881678444,58.916782881678444,greedy,0.4497266447544098,0.0,hard_fault_cluster,0.11041480155177559,False
34,N4691,control0,0.2917507588863373,1.7650554027437488,2.9131378769874567,0.2124679023926478,1.1472860117834367,0.2917507588863373,0.2786864638328552,0.9873447549201579,2.272156375646591,0.0027868646383285524,0.05784928798675537,0.009205587208271027,0.009205587208271027,0.9426375176104079,0.01689695566892624,0.08364421129226685,0.000278472900390625,28829.02734375,12119.103515625,16709.923828125,28656.7890625,12060.6201171875,16596.16796875,0.005974474363029003,0.004825719632208347,0.006807682570070028,0.5974474363029003,1.9775876179337502,0.2869447641735644,1.7616685796529055,0.2869444708974481,1.0576462016591792,2.2624700310784664,1.7650554027437488,60.68183828442219,60.68183828442219,greedy,1.7650554027437488,0.0,hard_fault_cluster,0.00029850746268656744,True
35,N7891,control1,0.045620862394571304,0.254144624248147,0.797765889763832,-0.09602456167340279,0.16519400576129556,0.045620862394571304,0.2722620368003845,-0.4229085456207395,-0.1011332958936691,0.002722620368003845,0.0652930736541748,0.00940074771642685,0.00940074771642685,-0.036990093812346456,0.014013111591339111,0.08006556332111359,-0.0005149245262145996,28655.796875,12059.7705078125,16596.025390625,28743.04296875,12117.8349609375,16625.20703125,-0.003044622950255871,-0.004814723040908575,-0.0017583512235432863,-0.3044622950255871,1.6829739436507225,0.3978139688819647,1.471726855263114,0.42583819828927516,0.08259107023477558,0.5198102367669344,0.254144624248147,60.93598290867034,60.93598290867034,greedy,0.254144624248147,0.0,hard_fault_cluster,0.029971724787935906,False
36,N4684,control0,0.3606390655040741,2.4248717889748512,2.967464804649353,0.5888282751478254,1.5761666628336533,0.3606390655040741,0.2799585461616516,1.3817468397971244,2.2721491575241086,0.002799585461616516,0.059976816177368164,0.01778724230825901,0.01778724230825901,3.513631436461583,0.010645929723978043,0.07976026833057404,-0.0016978457570075989,28744.10546875,12118.7138671875,16625.390625,28541.162109375,12025.388671875,16515.7734375,0.0070603471249341965,0.007700915914028883,0.006593360099941492,0.7060347124934196,1.3623387608677149,0.6224973606670027,1.139029419515282,0.6223979273729491,1.1497077709995212,2.322310051149689,2.4248717889748512,63.360854697645195,63.360854697645195,greedy,2.4248717889748512,0.0,hard_fault_cluster,0.00037821482602118036,True
37,N4670,control0,0.423407644033432,2.826810487806797,3.5806545734405515,0.34198020488023756,1.837426817074418,0.423407644033432,0.2846614122390747,1.2489828914403915,1.2661474347114563,0.002846614122390747,0.05982828140258789,0.020002180710434914,0.020002180710434914,1.9134288975596427,0.007134728133678436,0.07472509145736694,-0.003061749041080475,28541.1953125,12025.3984375,16515.796875,28386.41796875,11950.0537109375,16436.365234375,0.005422945600003004,0.006265466101467609,0.004809434525668621,0.5422945600003004,1.0181364063173532,0.0661559945344925,0.789638711605221,-0.0897081845998764,1.5632124245166779,2.1802931013703346,2.826810487806797,66.18766518545199,66.18766518545199,greedy,2.826810487806797,0.0,hard_fault_cluster,0.0007228915662650608,True
38,N4656,control0,0.4465310573577881,2.5402878528833392,3.2448326349258423,0.43441102325916287,1.6511871043741706,0.4465310573577881,0.2889009714126587,1.5593939679861069,2.4956746339797973,0.002889009714126587,0.05750793218612671,0.023121336475014687,0.023121336475014687,2.038877841234207,0.003762274980545044,0.06773434579372406,-0.004199817776679993,28386.46875,11950.0634765625,16436.404296875,28249.115234375,11880.349609375,16368.765625,0.004838696680963039,0.005833765491843224,0.004115174524486065,0.48386966809630394,0.6882498059421778,-0.1822998201847077,0.45423307502642274,-0.26355054736137395,1.5716630578041075,2.59658098757267,2.5402878528833392,68.72795303833533,68.72795303833533,greedy,2.5402878528833392,0.0,hard_fault_cluster,0.0,True
39,N4649,control0,0.4612198770046234,2.73866322606802,3.638363170623779,0.23867036789655685,1.7801310969442132,0.4612198770046234,0.2910018563270569,1.1915038606524466,2.3057905733585358,0.002910018563270569,0.056780606508255005,0.021750042214989662,0.021750042214989662,1.0656739765405654,0.0017197728157043457,0.06477050483226776,-0.0052926987409591675,28249.123046875,11880.34765625,16368.775390625,28144.37109375,11821.29296875,16323.078125,0.003708148840814829,0.004970788024365902,0.0027917339466512203,0.3708148840814829,0.4847291801124811,-0.24169918075203894,0.2501652562059462,-0.24168773666024207,1.5715211853384972,2.6954787593334917,2.73866322606802,71.46661626440334,71.46661626440334,greedy,2.73866322606802,0.0,hard_fault_cluster,0.0,True
40,N713,observe,0.546453058719635,2.9442483659088614,3.134496188163757,0.25221631065011024,1.91376143784076,0.546453058719635,0.29981106519699097,1.817246550321579,2.756512379646301,0.0029981106519699095,0.06573337316513062,0.012012166902422905,0.012012166902422905,-0.024016245305538253,0.005525223910808563,0.07226403057575226,-0.005077973008155823,28143.5390625,11820.3515625,16323.1884765625,28287.78515625,11916.8857421875,16370.8994140625,-0.005125371739268303,-0.008166776970028877,-0.0029228932689875364,-0.5125371739268303,0.8643456231802702,3.6164622420072554,0.6304781991057098,3.8309278124570847,2.4705157995223996,3.385224936008453,2.9442483659088614,74.4108646303122,74.4108646303122,greedy,2.9442483659088614,0.0,hard_fault_cluster,0.0,True
41,N4663,control0,0.4894075095653534,3.0160732026398183,3.566052103042602,0.47436759009957313,1.960447581715882,0.4894075095653534,0.29511314630508423,2.271025741100311,2.991063559055328,0.002951131463050842,0.05413609743118286,0.018270080909132957,0.018270080909132957,1.2771693804860114,2.5331974029541016e-05,0.0565318837761879,-0.0062234848737716675,28288.48046875,11917.7919921875,16370.6875,28177.578125,11858.1181640625,16319.4609375,0.003920406568795443,0.005007121246308088,0.003129163756966591,0.39204065687954426,0.3159164246171713,-0.16832474097609518,0.0808790042065084,-0.16832474097609518,2.311865395307541,3.0777125069499016,3.0160732026398183,77.42693783295202,77.42693783295202,greedy,3.0160732026398183,0.0,hard_fault_cluster,0.0,True
42,N6537,observe,0.7497460842132568,6.519155775904656,5.90769681930542,0.78771082341671,4.237451254338026,0.7497460842132568,0.3274001479148865,5.343511851131916,5.220441436767578,0.0032740014791488646,0.056405216455459595,0.009099649265408516,0.009099649265408516,0.3355408075451849,0.00860702246427536,0.06741444766521454,-2.4877488613128662e-05,28176.8125,11857.4228515625,16319.390625,28507.431640625,12048.119140625,16459.3125,-0.011733731254935265,-0.016082439571619034,-0.008573964238166809,-1.1733731254935265,1.197202043607831,5.157064378857613,0.9448271957226098,6.467823875546456,5.477032287418842,5.485836379006505,6.519155775904656,83.94609360885667,83.94609360885667,greedy,6.519155775904656,0.0,hard_fault_cluster,0.0,True
43,N8470,observe,0.6238061189651489,4.237398514635861,3.200782823562622,0.6279426157847047,2.7543090345133097,0.6238061189651489,0.315000057220459,3.403448128327727,2.9160537242889406,0.0031500005722045897,0.057873934507369995,0.013058321550488472,0.013058321550488472,0.9884282419085502,0.006489299237728119,0.06790180504322052,-0.002749830484390259,28507.845703125,12048.728515625,16459.1171875,28363.9140625,11946.08984375,16417.82421875,0.005048843100667,0.008518630638718605,0.0025088205002248287,0.5048843100667,0.9769883025437593,4.430075450390578,0.7309445184655488,4.5457582668960095,3.4738554865121842,3.2939888791739946,4.237398514635861,88.18349212349253,88.18349212349253,greedy,4.237398514635861,0.0,hard_fault_cluster,0.0,True
44,N4635,control0,0.5187215209007263,6.217946366220713,5.999999999999999,0.5205113239586353,4.041665138043464,0.5187215209007263,0.30600506067276,3.531630639731884,3.706630754470825,0.0030600506067276,0.051419347524642944,0.018857935443520546,0.018857935443520546,1.3194111645221709,-0.0007877945899963379,0.05526789277791977,-0.005533136427402496,28364.314453125,11946.185546875,16418.12890625,28166.21875,11829.89453125,16336.32421875,0.006983976345509291,0.00973457284271717,0.00498258275911212,0.6983976345509291,0.24608353711664677,-1.6239838917553424,0.00243629002943635,-1.4547167141735553,3.9403498411178592,4.136227396726609,6.217946366220713,94.40143848971324,94.40143848971324,greedy,6.217946366220713,0.0,hard_fault_cluster,0.0,True
45,N724,observe,0.5720125436782837,3.354011734984815,2.6876844644546507,0.4175794894620777,2.1801076277401297,0.5720125436782837,0.30519551038742065,2.8830829916521905,2.7292000532150267,0.0030519551038742064,0.06270730495452881,0.005767928436398506,0.005767928436398506,-0.668448506705463,0.004047129303216934,0.06459100544452667,-0.0049216970801353455,28165.837890625,11828.9296875,16336.908203125,28229.236328125,11879.27734375,16349.958984375,-0.0022508983965963125,-0.004256315529346466,-0.0007988525903783739,-0.22508983965963125,0.7156763691455126,5.0428513342887165,0.4824537900276482,4.762168675139546,3.0885589377954603,2.9640078263450413,3.354011734984815,97.75545022469805,97.75545022469805,greedy,3.354011734984815,0.0,hard_fault_cluster,0.0,True
46,N4677,control0,0.5278461575508118,3.337458309531212,3.0485092163085934,1.2085684448480605,2.169347901195288,0.5278461575508118,0.3008897304534912,5.911644098162651,5.999999999999999,0.003008897304534912,0.051221609115600586,0.010496975854039192,0.010496975854039192,1.7846802145242688,-0.0010835826396942139,0.05462787300348282,-0.006135866045951843,28229.505859375,11880.234375,16349.271484375,28061.126953125,11790.119140625,16271.0078125,0.0059646423906087875,0.0075853075832128525,0.004786982201039791,0.5964642390608788,0.20302844233810902,-0.5637546578049659,-0.030511587392538786,-0.5938817062973976,3.797357392311096,4.081194992661476,3.337458309531212,101.09290853422927,101.09290853422927,greedy,3.337458309531212,0.0,hard_fault_cluster,0.0,True
47,N7889,control1,0.4240807294845581,0.5310983592910815,0.6744819343090057,-0.06903001443515676,0.345213933539203,0.4240807294845581,0.2939225435256958,0.05140814006183063,-4.2726957326522096e-05,0.002939225435256958,0.06246393918991089,0.003961237147450447,0.003961237147450447,0.11492910095049408,-0.0003899112343788147,0.04671144485473633,-0.005555532872676849,28060.328125,11789.4013671875,16270.92578125,28140.7109375,11825.869140625,16314.841796875,-0.002864642534404993,-0.003093267558142543,-0.0026990482583642006,-0.2864642534404993,0.2588926572352648,0.7639608295419066,0.03547982173040509,0.7639624388673155,0.46584876062297553,0.4562477871595365,0.5310983592910815,101.62400689352035,101.62400689352035,greedy,0.5310983592910815,0.0,hard_fault_cluster,0.0,True
48,N7887,control1,0.4120641350746155,0.5501546503603458,0.6839228630065918,-0.05171547681093215,0.3576005227342248,0.4120641350746155,0.2870267629623413,0.06963933065533637,0.18798168897628784,0.002870267629623413,0.06158927083015442,0.0017933566123247147,0.0017933566123247147,0.08053701922297477,0.001095801591873169,0.04533466696739197,-0.004701569676399231,28140.75,11825.8935546875,16314.857421875,28194.49609375,11863.32421875,16331.171875,-0.0019099026685580611,-0.003165144706144929,-0.0009999752510339022,-0.1909902668558061,0.3984002787619829,0.7742708934098482,0.1817851890809834,0.7742916537076234,0.535111129283905,0.5915291225165129,0.5501546503603458,102.17416154388069,102.17416154388069,greedy,0.5501546503603458,0.0,hard_fault_cluster,0.0,True
49,N7888,control1,0.4270935356616974,0.8096313564479352,0.9054152131080626,0.0404838715493679,0.5262603816911579,0.4270935356616974,0.2861906886100769,0.5014359980821609,0.5826163649559021,0.002861906886100769,0.059123337268829346,0.0012676473706960678,0.0012676473706960678,-0.41233924239873887,0.002510853111743927,0.0483347624540329,-0.004853114485740662,28194.53515625,11863.3525390625,16331.181640625,28217.15625,11879.7275390625,16337.427734375,-0.0008023219415917993,-0.0013803011970594525,-0.00038246429176069796,-0.08023219415917993,0.5385436471551657,0.708494709134102,0.32294989516958594,0.7235902887582779,0.7543368279933929,0.9074356842041015,0.8096313564479352,102.98379290032862,102.98379290032862,greedy,0.8096313564479352,0.0,hard_fault_cluster,0.04477611940298507,False
50,N4705,control0,0.49882057309150696,1.8920871248841287,2.9705675959587095,0.24631831914186475,1.2298566311746837,0.49882057309150696,0.29207026958465576,1.2359354317188262,2.448079127073288,0.0029207026958465577,0.04596447944641113,0.004696507006883621,0.004696507006883621,0.9702704137563705,-0.00046641379594802856,0.04996161907911301,-0.005858927965164185,28218.0234375,11880.47265625,16337.55078125,28061.287109375,11805.716796875,16255.5703125,0.005554475821554661,0.00629233056679368,0.005017916671931744,0.5554475821554661,0.2501253969967365,-0.5368777193129063,0.02755031455308199,-0.5182287372648716,1.195650140941143,2.352172591611743,1.8920871248841287,104.87588002521275,104.87588002521275,greedy,1.8920871248841287,0.0,hard_fault_cluster,0.0,True
51,N7885,control1,0.44009464979171753,0.5378193579160848,0.8068401396274567,-0.06295971237857428,0.34958258264545516,0.44009464979171753,0.2840319275856018,0.0578414294873437,0.20235355874929156,0.002840319275856018,0.05447399616241455,-0.0016749203205108643,-0.0016749203205108643,-0.5540976585730414,0.0009925737977027893,0.04677511751651764,-0.005724206566810608,28060.505859375,11805.00390625,16255.501953125,28131.974609375,11835.498046875,16296.4765625,-0.0025469516403973103,-0.0025831537786871195,-0.0025206608697772026,-0.254695164039731,0.3816143870353699,0.6756282380223274,0.16984663158655167,0.6756270578503609,0.4901108283849226,0.6622036141538206,0.5378193579160848,105.41369938312883,105.41369938312883,greedy,0.5378193579160848,0.0,hard_fault_cluster,0.0,True
52,N3701,control0,0.42378947138786316,0.8307789241895079,2.254298037290573,0.1423782495781779,0.5400063007231802,0.42378947138786316,0.2883908748626709,0.767689935490489,0.47204806208610534,0.002883908748626709,0.04361027479171753,-0.0023925863206386566,-0.0023925863206386566,0.19918806895613667,0.000541098415851593,0.04964388161897659,-0.00597759336233139,28132.583984375,11836.251953125,16296.33203125,28120.6171875,11811.080078125,16309.537109375,0.00042537139961495996,0.0021266762632876635,-0.0008103098371066153,0.042537139961495996,0.34010813012719154,0.5207002294063567,0.12560941372066736,0.46410558238625527,0.7308988414704799,1.5692563527449965,0.8307789241895079,106.24447830731833,106.24447830731833,greedy,0.8307789241895079,0.0,hard_fault_cluster,0.0003305785123966945,True
53,N4712,control0,0.43468689918518066,0.9560543745383621,2.3685235261917112,0.14324262600392101,0.6214353434499353,0.43468689918518066,0.29141944646835327,0.7876328561455012,1.9698291838169097,0.0029141944646835327,0.03787311911582947,-0.003272091969847679,-0.003272091969847679,0.35780678063631055,-0.0031321942806243896,0.04860560595989227,-0.007222428917884827,28120.830078125,11811.0625,16309.767578125,27951.330078125,11719.779296875,16231.55078125,0.006027560215443373,0.007728619035333395,0.004795702639967203,0.6027560215443373,-0.025072073563933372,-0.37082530818879605,-0.24118258943781257,-0.4745540197938681,0.7123049199581146,1.9531606462597848,0.9560543745383621,107.2005326818567,107.2005326818567,greedy,0.9560543745383621,0.0,hard_fault_cluster,0.0,True
54,N3911,control0,0.3988008201122284,0.8285013165068813,0.67451131939888,0.14091203322866933,0.5385258557294729,0.3988008201122284,0.29310131072998047,0.764455846673809,0.6745310544967651,0.0029310131072998046,0.03840440511703491,-0.007056683301925659,-0.007056683301925659,0.1983532608672976,-0.0030943527817726135,0.047385185956954956,-0.007628478109836578,27951.134765625,11719.6640625,16231.470703125,27934.2265625,11677.6611328125,16256.5654296875,0.0006049200892448425,0.0035839704796671867,-0.0015460537979379296,0.06049200892448425,-0.023390650749206543,0.45245202797930684,-0.23792412132024765,0.39587696808855977,0.7246740564703942,0.6695422031264753,0.8285013165068813,108.02903399836359,108.02903399836359,greedy,0.8285013165068813,0.0,hard_fault_cluster,0.0,True
55,N3904,control0,0.3774526119232178,0.8316315130051225,0.6740931808948516,0.14292015749029813,0.5405604834533296,0.3774526119232178,0.2941705584526062,0.7691840586252511,0.6428763747215271,0.002941705584526062,0.034526556730270386,-0.009380748495459557,-0.009380748495459557,0.1964000342041254,-0.0035687461495399475,0.04606606066226959,-0.0074736326932907104,27934.171875,11677.625,16256.546875,27893.576171875,11635.30859375,16258.267578125,0.0014532632194459438,0.003623716766014695,-0.00010584678238956258,0.14532632194459438,-0.0720848049968481,0.5426855619624257,-0.2856771624647081,0.48150439678691326,0.7341309048235417,0.6680231060867664,0.8316315130051225,108.86066551136871,108.86066551136871,greedy,0.8316315130051225,0.0,hard_fault_cluster,0.0,True
56,N3897,control0,0.37286853790283203,0.8439553169347347,0.6754860758781432,0.15027578162029384,0.5485709560075775,0.37286853790283203,0.29485130310058594,0.78497891779989,0.6772457301616668,0.002948513031005859,0.03151479363441467,-0.010124268010258675,-0.010124268010258675,0.21173971645534037,-0.004081279039382935,0.04492475837469101,-0.00748569518327713,27893.544921875,11635.294921875,16258.25,27850.69140625,11595.3984375,16255.2939453125,0.0015363238053396344,0.003428919008001685,0.00018181874474976212,0.15363238053396344,-0.1234008688479662,0.5825434900447726,-0.33694614516571164,0.5614890075847506,0.7576749287545681,0.6975254901405423,0.8439553169347347,109.70462082830345,109.70462082830345,greedy,0.8439553169347347,0.0,hard_fault_cluster,0.0,True
57,N3862,control0,0.37768930196762085,0.9065257451706565,0.6764605283737182,0.189254951227922,0.5892417343609267,0.37768930196762085,0.29590314626693726,0.9448365331394597,0.7816431999206542,0.0029590314626693724,0.029805988073349,-0.00953892432153225,-0.00953892432153225,0.24974984422326085,-0.004748448729515076,0.043950408697128296,-0.0076560527086257935,27850.669921875,11595.390625,16255.279296875,27808.375,11558.798828125,16249.576171875,0.0015186321688815951,0.003155719256028533,0.0003508475492708385,0.1518632168881595,-0.18848065100610256,0.800165144726634,-0.4032538174651563,0.8001635354012251,0.8882492423057555,0.7628828871293808,0.9065257451706565,110.6111465734741,110.6111465734741,greedy,0.9065257451706565,0.0,hard_fault_cluster,0.0,True
58,N3855,control0,0.3872339129447937,1.0190874160826207,0.7000982403755187,0.24146523430943484,0.6624068204537035,0.3872339129447937,0.2964826822280884,1.1148049995303153,0.8895308792591095,0.002964826822280884,0.028631240129470825,-0.008155539631843567,-0.008155539631843567,0.6682223892211914,-0.005736991763114929,0.041239574551582336,-0.007563173770904541,27808.361328125,11558.796875,16249.564453125,27766.30859375,11524.837890625,16241.4716796875,0.0015122334007173777,0.0029379341285675764,0.0004980301600880921,0.15122334007173777,-0.2853720337152481,0.7869773370027542,-0.5016173906624317,0.7207894784212112,0.925266271829605,0.8400238262116908,1.0190874160826207,111.63023398955673,111.63023398955673,greedy,1.0190874160826207,0.0,hard_fault_cluster,0.0,True
59,N3848,control0,0.39702126383781433,0.9953262398485094,0.744260686635971,0.19005165216512976,0.6469620559015311,0.39702126383781433,0.29690492153167725,0.9998915220610798,0.6303201675415039,0.0029690492153167723,0.025393903255462646,-0.008352302014827728,-0.008352302014827728,0.5861265540122986,-0.006470903754234314,0.03981022536754608,-0.00780128687620163,27766.30859375,11524.845703125,16241.4638671875,27726.83203125,11494.998046875,16231.8330078125,0.001421743305400014,0.0025898530147969723,0.0005929797771386802,0.1421743305400014,-0.3585377559065819,0.44236053854227064,-0.574952220544219,0.4103478822112083,0.8915999799966812,0.6951951735280455,0.9953262398485094,112.62556022940524,112.62556022940524,greedy,0.9953262398485094,0.0,hard_fault_cluster,0.0,True
60,N3827,control0,0.40331384539604187,1.0759383145626635,0.7809351563453675,0.21132838207297028,0.6993599044657314,0.40331384539604187,0.29629260301589966,1.0915345226414501,0.6757700979709624,0.0029629260301589967,0.021161377429962158,-0.009823324158787727,-0.009823324158787727,0.2983725444972515,-0.007152363657951355,0.037645429372787476,-0.007840543985366821,27726.849609375,11495.017578125,16231.83203125,27693.421875,11471.4013671875,16222.021484375,0.0012056088307872415,0.0020544736180454493,0.0006044016918167472,0.12056088307872415,-0.42876708693802357,0.8301882477849722,-0.6436190460808575,0.8302061112970114,1.0015494972467422,0.7742523886007258,1.0759383145626635,113.7014985439679,113.7014985439679,greedy,1.0759383145626635,0.0,hard_fault_cluster,0.0,True
61,N3820,control0,0.4069225788116455,1.0567011738498695,0.7790213644504547,0.20063697472447528,0.6868557630024152,0.4069225788116455,0.2950156331062317,1.0305215058615431,0.6244614303112029,0.002950156331062317,0.01633802056312561,-0.010859237983822823,-0.010859237983822823,0.3096545130014419,-0.007985047996044159,0.03537489473819733,-0.008000023663043976,27693.46484375,11471.4326171875,16222.03125,27654.0078125,11445.923828125,16208.0830078125,0.001424777670763433,0.0022236795630306005,0.0008598332642577589,0.1424777670763433,-0.514348404482007,0.8346942037343978,-0.7274657008238137,0.8346245735883713,0.9791760891675949,0.7900548531860113,1.0567011738498695,114.75819971781777,114.75819971781777,greedy,1.0567011738498695,0.0,hard_fault_cluster,0.0,True
62,N3813,control0,0.40811407566070557,1.114024681347655,0.826765638589859,0.19803700424381532,0.7241160428759759,0.40811407566070557,0.29333627223968506,1.0227046150132082,0.6044163311831652,0.002933362722396851,0.010976791381835938,-0.011668063700199127,-0.011668063700199127,0.4347058826684952,-0.008827023208141327,0.032998956739902496,-0.008080706000328064,27654.072265625,11445.96875,16208.103515625,27607.06640625,11418.025390625,16189.041015625,0.0016997806960716844,0.002441327553242445,0.0011761091882362962,0.16997806960716844,-0.6010341122746468,0.8618473935127259,-0.8122852686792612,0.8615864145755768,1.008709120750427,0.8091507883951998,1.114024681347655,115.87222439916543,115.87222439916543,greedy,1.114024681347655,0.0,hard_fault_cluster,0.0,True
63,N3799,control0,0.4148573875427246,1.1500421201693827,0.9004387497901916,0.23564107263227924,0.7475273781100987,0.4148573875427246,0.29152101278305054,1.2137373976642267,1.0586705386638642,0.0029152101278305054,0.008513063192367554,-0.012318994849920273,-0.012318994849920273,0.5042316046357154,-0.009509198367595673,0.0310942605137825,-0.007989399135112762,27607.150390625,11418.07421875,16189.076171875,27555.865234375,11389.80859375,16166.056640625,0.0018576765432953835,0.002475515939295292,0.0014219175791367888,0.18576765432953835,-0.671717818826437,0.867013900578022,-0.8811193322762847,0.866982572376728,1.085857880115509,1.0104278949927539,1.1500421201693827,117.02226651933482,117.02226651933482,greedy,1.1500421201693827,0.0,hard_fault_cluster,0.0,True
64,N3792,control0,0.4176276922225952,1.1110215410304956,0.8837838292121887,0.22572703698358965,0.7221640016698221,0.4176276922225952,0.2898938059806824,1.1553008151066022,1.0170912742614746,0.0028989380598068238,0.0022964179515838623,-0.01317862793803215,-0.01317862793803215,0.44842312723398203,-0.010077424347400665,0.028616666793823242,-0.0078021809458732605,27555.9921875,11389.884765625,16166.1083984375,27491.13671875,11355.634765625,16135.5009765625,0.0023535885848104954,0.0030070540960878134,0.001893308013677597,0.23535885848104954,-0.7310272566974163,0.857170769572258,-0.938563640229404,0.8571706086397171,1.0619198262691498,1.0418158333003522,1.1110215410304956,118.13328806036532,118.13328806036532,greedy,1.1110215410304956,0.0,hard_fault_cluster,0.0,True
65,N4606,control0,0.4263055622577667,1.1177862066472881,0.8484300076961517,0.218022730757948,0.7265610343207373,0.4263055622577667,0.28746992349624634,1.113556798384525,0.9307205259799958,0.002874699234962463,-0.0017604827880859375,-0.012449322268366814,-0.012449322268366814,0.7463206920027733,-0.01007494330406189,0.028305701911449432,-0.007677651941776276,27491.19140625,11355.724609375,16135.466796875,27411.87890625,11317.12109375,16094.7587890625,0.002885014982894063,0.0033994761761277914,0.0025228899903595448,0.2885014982894063,-0.7324737291783094,0.8955721125006676,-0.9387391800992191,0.8955108985304833,1.0504519522190094,0.8824818758480252,1.1177862066472881,119.2510742670126,119.2510742670126,greedy,1.1177862066472881,0.0,hard_fault_cluster,0.0005241090146751111,True
66,N4585,control0,0.427534282207489,1.1078671785679763,0.7958676099777221,0.21866645313944902,0.7201136660691847,0.427534282207489,0.28407275676727295,1.1020450693176824,0.6906635336577891,0.0028407275676727295,0.000700533390045166,-0.012556368485093117,-0.012556368485093117,0.5798994037508964,-0.010843291878700256,0.021704159677028656,-0.006737455725669861,27412.048828125,11317.208984375,16094.83984375,27321.150390625,11270.4296875,16050.720703125,0.003316003130748868,0.004133465699851513,0.0027411978226155043,0.3316003130748868,-0.8128127995878458,0.8378038392961025,-1.0164500907994807,0.8224590407311916,1.0611436501145364,0.8280119906365871,1.1078671785679763,120.35894144558057,120.35894144558057,greedy,1.1078671785679763,0.0,hard_fault_cluster,0.0,True
67,N4578,control0,0.3981879949569702,0.9855516559444368,0.7394277513027191,0.18773972867056726,0.6406085763638839,0.3981879949569702,0.27923065423965454,0.8858481498435139,0.5037399459630251,0.0027923065423965453,-0.004316359758377075,-0.014971872791647911,-0.014971872791647911,0.6898447582125664,-0.011284038424491882,0.018099524080753326,-0.006645895540714264,27321.3203125,11270.517578125,16050.802734375,27248.8046875,11228.5078125,16020.2978515625,0.002654177136719227,0.0037274034693837166,0.0019005206413567066,0.2654177136719227,-0.8641450610011816,0.7524773201346397,-1.0623391470871866,0.7530330738425255,0.8988689258694649,0.6856211387197254,0.9855516559444368,121.344493101525,121.344493101525,greedy,0.9855516559444368,0.0,hard_fault_cluster,0.0,True
68,N2083,observe,0.39256852865219116,1.178631352633238,0.8102964520454407,0.3077749378979206,0.7661103792116046,0.39256852865219116,0.2883691191673279,1.7776742771267893,1.8817912459373474,0.0028836911916732787,0.009978324174880981,-0.020628923550248146,-0.020628923550248146,0.2187890863418579,-0.007553502917289734,0.031202979385852814,-0.0067984312772750854,27249.17578125,11228.8896484375,16020.287109375,27408.796875,11288.3212890625,16120.4755859375,-0.005857831798493862,-0.005292744375765324,-0.006253850180655718,-0.5857831798493862,-0.48761009611189365,0.7807527074217796,-0.6884152428247035,0.7735443243384361,1.235203355550766,1.3220890839397907,1.178631352633238,122.52312445415824,122.52312445415824,greedy,1.178631352633238,0.0,hard_fault_cluster,0.05902129249159504,False
69,N7506,observe,0.5660353302955627,1.5542029848694803,1.5737769484519957,0.17470102578401567,1.0102319401651623,0.5660353302955627,0.28899168968200684,1.3825618356466294,1.3513497829437255,0.0028899168968200685,0.012172937393188477,-0.022822868078947067,-0.022822868078947067,-0.4183359754085541,-0.0015716031193733215,0.04042857885360718,-0.005579054355621338,27408.0078125,11287.466796875,16120.541015625,27544.05859375,11398.84765625,16145.2119140625,-0.004963906016200781,-0.009867657907307148,-0.0015304014086723328,-0.4963906016200781,0.10900850966572762,1.4854482316970825,-0.09061810653656721,1.5082360649108886,1.4721659570932388,1.571900277286768,1.5542029848694803,124.07732743902771,124.07732743902771,greedy,1.5542029848694803,0.0,hard_fault_cluster,0.0,True
70,N4564,control0,0.44892942905426025,1.137753640115261,0.8395692527294158,0.20266156643629074,0.7395398660749197,0.44892942905426025,0.27506589889526367,0.9834858488291502,0.7622279047966003,0.002750658988952637,-0.014005511999130249,-0.01765902154147625,-0.01765902154147625,0.9178646888583899,-0.005521431565284729,0.02617279440164566,-0.00538066029548645,27544.78125,11399.4912109375,16145.2890625,27494.375,11359.2373046875,16135.1376953125,0.0018299745861440897,0.0035312019754201174,0.000628751062322408,0.18299745861440897,-0.2947362791746855,0.4742251193895936,-0.48779143719002604,0.4483014798536897,0.9378934156149625,0.7875386953918495,1.137753640115261,125.21508107914298,125.21508107914298,greedy,1.137753640115261,0.0,hard_fault_cluster,0.0,True
71,N4716,control0,0.40758252143859863,1.0592421083152295,0.5603028543293476,0.2443750117719173,0.6885073704048992,0.40758252143859863,0.27404236793518066,1.0739635106176137,0.8335627317428589,0.0027404236793518067,-0.0061959922313690186,-0.01738438755273819,-0.01738438755273819,0.9035818090289831,-0.008472725749015808,0.028014227747917175,-0.007615633308887482,27494.6953125,11359.4228515625,16135.2724609375,27277.328125,11259.8203125,16017.5078125,0.00790578592568636,0.008768274448812008,0.007298584561794996,0.7905785925686359,-0.5906145945191383,0.05347667712718249,-0.7831080798059702,0.042769030518829826,0.8960140373557806,0.701362372022122,1.0592421083152295,126.27432318745821,126.27432318745821,greedy,1.0592421083152295,0.0,hard_fault_cluster,0.0016406890894175568,True
72,N2350,control0,0.3649683892726898,1.1353302592784167,0.9850834131240844,0.3189196913689375,0.7379646685309709,0.3649683892726898,0.27357345819473267,1.3194981794804335,2.591457784175873,0.0027357345819473268,-0.0031740665435791016,-0.015805257484316826,-0.015805257484316826,1.0421347654610873,-0.011518128216266632,0.02564280480146408,-0.008959122002124786,27279.421875,11256.8984375,16022.5234375,27172.751953125,11207.638671875,15965.11328125,0.003910270519554615,0.004375962540507317,0.0035830908454954624,0.3910270519554615,-0.8940446209162474,0.10644635256379845,-1.0873707714490592,0.10041784938424828,0.9462088514119387,1.5739708541519937,1.1353302592784167,127.40965344673663,127.40965344673663,greedy,1.1353302592784167,0.0,hard_fault_cluster,0.07636502481863305,False
73,N7724,control0,0.31889060139656067,1.0092842804268003,0.8443891048431396,0.251296286098659,0.6560347822774202,0.31889060139656067,0.2728155851364136,1.3003244537860155,2.681078743934631,0.0027281558513641358,0.007663547992706299,-0.02048601768910885,-0.02048601768910885,0.36028936058282846,-0.00856991857290268,0.033003874123096466,-0.008879676461219788,27169.18359375,11209.06640625,15960.1181640625,27277.505859375,11226.0859375,16051.419921875,-0.003986953292042017,-0.0015183718642219901,-0.005720619112253189,-0.3986953292042017,-0.6046622898429632,0.8059006230533122,-0.7939094654284418,0.822464175671339,0.9915687918663025,1.5494128721952438,1.0092842804268003,128.41893772716344,128.41893772716344,greedy,1.0092842804268003,0.0,hard_fault_cluster,0.000505305709954579,True
74,N519,control1,0.3233644664287567,1.12350117508322,0.8845825791358948,0.21903007645159958,0.730275763804093,0.3233644664287567,0.2685452103614807,0.8288207965157925,0.6561537742614746,0.0026854521036148073,-0.01113051176071167,-0.013730000704526901,-0.013730000704526901,1.154739139918238,-0.010637685656547546,0.021660983562469482,-0.007110968232154846,27279.38671875,11225.9580078125,16053.4296875,27495.1796875,11401.7109375,16093.4677734375,-0.007910476997494698,-0.015655940398573875,-0.00249405181966722,-0.7910476997494698,-0.8089533559978008,0.2933192846365273,-1.0000647632405162,0.29168062629178165,0.6742129107937216,0.6979112035129218,1.12350117508322,129.54243890224666,129.54243890224666,greedy,1.12350117508322,0.0,hard_fault_cluster,0.0,True
75,N504,control1,0.3168189227581024,1.0757722883112728,0.7134632110595703,0.2809793971292674,0.6992519874023273,0.3168189227581024,0.2603223919868469,0.6005760595668107,0.41451136469841,0.002603223919868469,-0.021804779767990112,-0.012574249878525734,-0.012574249878525734,1.592740129334852,-0.01167299598455429,0.012171119451522827,-0.00680011510848999,27496.611328125,11401.421875,16095.189453125,27549.0078125,11459.798828125,16089.208984375,-0.0019055615412071347,-0.005120146553963423,0.000371568719856441,-0.19055615412071347,-0.9195514563471079,0.24298876046203077,-1.1053625629283488,0.23772523074410856,0.45598693983629346,0.5227328083524481,1.0757722883112728,130.61821119055793,130.61821119055793,greedy,1.0757722883112728,0.0,hard_fault_cluster,0.0,True
76,N2044,observe,0.33990657329559326,1.0737287129461766,2.382412278652191,0.20676277115941047,0.6979236634150148,0.33990657329559326,0.270473837852478,1.308829352259636,2.7531072616577146,0.0027047383785247805,0.002193748950958252,-0.023809483274817467,-0.023809483274817467,0.08443057030439377,-0.006103441119194031,0.02991781383752823,-0.007892899215221405,27546.048828125,11460.73046875,16085.318359375,27657.34375,11479.2294921875,16178.11328125,-0.004040322732180357,-0.0016141225351020694,-0.005768920294940472,-0.4040322732180357,-0.3636797573417425,0.7492140966653824,-0.5486780232749879,0.7492140966653824,1.0184746220707892,2.6102797938138242,1.0737287129461766,131.6919399035041,131.6919399035041,greedy,1.0737287129461766,0.0,hard_fault_cluster,0.0,True
77,N520,control1,0.32789716124534607,1.2348968797177078,0.9779601514339447,0.23318638108670706,0.80268297181651,0.32789716124534607,0.2601645588874817,0.9430533533915877,0.6576573967933654,0.002601645588874817,-0.027495115995407104,-0.015391333028674126,-0.015391333028674126,1.2577951704338193,-0.007637195289134979,0.01723693311214447,-0.006106816232204437,27658.828125,11478.154296875,16180.6728515625,27723.69921875,11559.4130859375,16164.28515625,-0.0023454027250409126,-0.007079429924488068,0.001012794440612197,-0.23454027250409126,-0.5189463030546904,0.4509462260082364,-0.702526222448796,0.45170640874654056,0.7710211988538505,0.7367142035439611,1.2348968797177078,132.9268367832218,132.9268367832218,greedy,1.2348968797177078,0.0,hard_fault_cluster,0.000795228628230617,True
78,N7854,control0,0.32654258608818054,1.078401147723198,2.367334246635437,0.22207271039485932,0.7009607460200787,0.32654258608818054,0.258842408657074,1.0156042277812958,2.3638396739959715,0.00258842408657074,-0.0010815858840942383,-0.019770847633481026,-0.019770847633481026,0.5332950365543365,-0.005315817892551422,0.027758672833442688,-0.007676742970943451,27721.412109375,11560.0341796875,16161.3779296875,27555.65234375,11425.6494140625,16130.00390625,0.005979484878480434,0.01162494532763958,0.0019412962719798088,0.5979484878480434,-0.29251022823154926,1.24832681119442,-0.471813898999244,1.2706389278173447,0.993160742521286,2.745554482638836,1.078401147723198,134.005237930945,134.005237930945,greedy,1.078401147723198,0.0,hard_fault_cluster,0.06450177935943062,False
79,N2042,observe,0.239851713180542,0.8775644586235285,1.8483953416347503,0.18470611698925496,0.5704168981052935,0.239851713180542,0.25947898626327515,1.0966429609805344,2.5772219777107237,0.0025947898626327514,-0.0021890997886657715,-0.019328800961375237,-0.019328800961375237,0.11992521040141582,-0.005040325224399567,0.03616384416818619,-0.009581923484802246,27555.828125,11425.8564453125,16129.97265625,27658.431640625,11464.61328125,16193.818359375,-0.0037234779447317123,-0.0033920288551598787,-0.00395820289850235,-0.37234779447317123,-0.26388233713805676,0.8462149991095066,-0.4439949761144817,0.8633597327768803,0.8706705298274756,2.475347837414592,0.8775644586235285,134.88280238956852,134.88280238956852,greedy,0.8775644586235285,0.0,hard_fault_cluster,0.0077210460772104686,False
80,N516,control1,0.3640801012516022,2.461592125147581,2.1077568292617794,0.2916707120835781,1.6000348813459278,0.3640801012516022,0.2623010277748108,1.7602158352732657,1.4441299080848693,0.0026230102777481078,-0.028924793004989624,-0.013387216255068779,-0.013387216255068779,0.922716160416603,-0.0031964927911758423,0.029911048710346222,-0.005707830190658569,27661.966796875,11464.72265625,16197.244140625,27733.37890625,11563.1396484375,16170.240234375,-0.0025815991684794426,-0.008584332652390003,0.0016671913908794522,-0.25815991684794426,-0.07073546759784222,1.484815788269043,-0.2574208262376487,1.4514010787010192,1.7014450460672377,1.5211835161596534,2.461592125147581,137.3443945147161,137.3443945147161,greedy,2.461592125147581,0.0,hard_fault_cluster,0.000593824228028504,True
81,N899,observe,0.2868401110172272,0.9336924400180578,1.5350020468235015,0.1411810230463743,0.6069000860117376,0.2868401110172272,0.2539297938346863,0.8501312114298344,2.324614644050598,0.0025392979383468627,-0.017534345388412476,-0.0161272119730711,-0.0161272119730711,0.2366655886173248,-0.003053613007068634,0.033164478838443756,-0.006885640323162079,27728.076171875,11562.2568359375,16165.8193359375,27621.59375,11480.2421875,16141.3515625,0.003840238321572542,0.0070933080278337,0.0015135498251765966,0.3840238321572542,-0.06755871884524822,1.1172887593507768,-0.2459106552414596,1.1268628507852554,0.9054457530379295,2.3065037258714436,0.9336924400180578,138.27808695473416,138.27808695473416,greedy,0.9336924400180578,0.0,hard_fault_cluster,0.023961176827418884,False
82,N513,control1,0.35305023193359375,2.0858500837907195,1.6778977513313293,0.27236655514687297,1.3558025544639678,0.35305023193359375,0.2536476254463196,1.464280621521175,1.1369304299354552,0.002536476254463196,-0.036016374826431274,-0.01049734465777874,-0.01049734465777874,1.0832888986542821,-0.004168234765529633,0.02459453046321869,-0.006191737949848175,27626.224609375,11480.1650390625,16146.0595703125,27666.70703125,11545.8701171875,16120.837890625,-0.0014653620310127735,-0.005723356734961271,0.0015620950143784285,-0.14653620310127735,-0.17367319576442242,1.1528891286812724,-0.35603590635582805,1.14781057452783,1.4251610906794667,1.2660158127872272,2.0858500837907195,140.36393703852488,140.36393703852488,greedy,2.0858500837907195,0.0,hard_fault_cluster,0.0005133470225872694,True
83,N1539,control0,0.2931844890117645,0.8393633335828781,2.313054424524307,0.11436850130558013,0.5455861668288707,0.2931844890117645,0.2479032427072525,0.8188195586204529,2.332085859775543,0.002479032427072525,-0.019513458013534546,-0.01569364033639431,-0.01569364033639431,0.006368751525878846,-0.0002805441617965698,0.03933978080749512,-0.007183745503425598,27660.94140625,11544.5205078125,16116.4208984375,27541.240234375,11430.763671875,16110.4765625,0.004327443893998861,0.00985375139862299,0.0003688372380565852,0.43274438939988613,0.2041551861912012,1.413132679760456,0.029997984413057566,1.4333691957592964,0.9337138786911965,2.7069140211492773,0.8393633335828781,141.20330037210775,141.20330037210775,greedy,0.8393633335828781,0.0,hard_fault_cluster,0.006382361473745259,False
84,N7721,control0,0.24814294278621674,1.2532567815482618,2.4735681533813474,0.2464258264005184,0.8146169080063702,0.24814294278621674,0.24236421287059784,0.9886193403601646,2.292752766609192,0.0024236421287059783,-0.003172546625137329,-0.008876284584403038,-0.008876284584403038,0.851802046597004,-0.002453066408634186,0.042727500200271606,-0.008725911378860474,27540.67578125,11431.208984375,16109.466796875,27415.52734375,11345.197265625,16070.330078125,0.004544130992144346,0.007524288725107908,0.0024294236209243536,0.4544130992144346,-0.011818712577223778,0.9790836288034916,-0.18693465879186988,0.9883114410936833,0.9884831666946412,2.7425140583515164,1.2532567815482618,142.456557153656,142.456557153656,greedy,1.2532567815482618,0.0,hard_fault_cluster,0.1463909164639092,False
85,N7532,observe,0.1571904718875885,0.8828829945623875,2.1610554099082946,0.2855140958726406,0.5738739464655519,0.1571904718875885,0.24001766741275787,1.1373099893331526,2.480119329690933,0.002400176674127579,-0.01372528076171875,-0.003603113815188408,-0.003603113815188408,0.9847451363503933,-0.005423299968242645,0.03468859940767288,-0.010724581778049469,27416.41015625,11346.0380859375,16070.373046875,27440.515625,11397.8818359375,16042.634765625,-0.0008792350417934358,-0.004569326061755419,0.0017260508611798286,-0.08792350417934358,-0.30591544322669506,0.8630181932449341,-0.48322635842487216,0.8642323756217957,0.8017326861619949,2.595444437414408,0.8828829945623875,143.3394401482184,143.3394401482184,greedy,0.8828829945623875,0.0,hard_fault_cluster,0.005671902268760913,False
86,N556,control1,0.24995110929012299,1.6160876622796057,1.2098408997058867,0.27292974263429637,1.0504569804817436,0.24995110929012299,0.23851658403873444,1.1933811150491238,0.840890085697174,0.002385165840387344,-0.031501203775405884,0.0002652425318956375,0.0002652425318956375,1.3007466349750758,-0.005749471485614777,0.02694028615951538,-0.009929344058036804,27442.6875,11397.6015625,16045.0859375,27552.640625,11494.181640625,16058.458984375,-0.004006645642220974,-0.008473719470202923,-0.0008334668236784637,-0.4006645642220974,-0.3361653219908476,0.5974249865859746,-0.5152516919188201,0.5902252223342657,0.996294928342104,0.8810372184962034,1.6160876622796057,144.95552781049798,144.95552781049798,greedy,1.6160876622796057,0.0,hard_fault_cluster,0.0,True
87,N555,control1,0.2533893287181854,1.1107235718518496,0.9206171989440917,0.1427565399557352,0.7219703217037022,0.2533893287181854,0.22935543954372406,0.481296849027276,0.40338779985904694,0.0022935543954372404,-0.03905043005943298,0.00572584755718708,0.00572584755718708,0.9942520125210283,-0.009119153022766113,0.013620622456073761,-0.012994803488254547,27551.2890625,11494.0859375,16057.203125,27555.9765625,11510.9990234375,16044.9765625,-0.00017013722390402108,-0.0014714598655700684,0.0007614378700964153,-0.01701372239040211,-0.6768340151757002,0.43068847648799424,-0.8531449805013835,0.4224728255718947,0.572244680672884,0.6068568450585008,1.1107235718518496,146.06625138234983,146.06625138234983,greedy,1.1107235718518496,0.0,hard_fault_cluster,0.001628664495114008,True
88,N7471,control0,0.2681427299976349,0.9774806712567807,2.3705299556255337,0.15523591801524164,0.6353624363169075,0.2681427299976349,0.23162062466144562,0.9243987798690796,2.375038945674896,0.002316206246614456,-0.02336183190345764,-0.0008889343589544296,-0.0008889343589544296,0.23460600689053535,0.002777084708213806,0.04561467468738556,-0.006917886435985565,27550.44921875,11507.27734375,16043.1708984375,27433.103515625,11393.705078125,16039.3984375,0.004259302746504545,0.00986960344016552,0.00023514433996751904,0.4259302746504545,0.5084401611238718,1.2715129385143518,0.3353913933970034,1.2715076813846826,0.9696245402097702,2.7302559511363502,0.9774806712567807,147.04373205360662,147.04373205360662,greedy,0.9774806712567807,0.0,hard_fault_cluster,0.015481017323995549,False
89,N7722,control0,0.21661515533924103,1.48240020532161,2.686558425426483,0.21797960076481104,0.9635601334590466,0.21661515533924103,0.2279689460992813,1.1959115590900182,2.4679757356643677,0.002279689460992813,-0.019368886947631836,0.003450358286499977,0.003450358286499977,0.16766313970088959,0.00416405126452446,0.0573030561208725,-0.008274435997009277,27435.66796875,11396.470703125,16039.1962890625,27431.16796875,11376.796875,16054.37109375,0.00016402006440330297,0.0017263088375329971,-0.0009461075533181429,0.016402006440330297,0.6478244308382273,2.52186298251152,0.4742599525488913,2.2718289601802826,1.3628975689411162,2.4608834198117258,1.48240020532161,148.52613225892821,148.52613225892821,greedy,1.48240020532161,0.0,hard_fault_cluster,0.05902097902097898,False
90,N7723,control0,0.16294609010219574,1.431105644032359,2.5810161232948303,0.27169039987027643,0.9302186686210334,0.16294609010219574,0.22474031150341034,1.278671960532665,2.467191129922867,0.0022474031150341036,-0.01588958501815796,0.005735689774155617,0.005735689774155617,0.28935284480452533,0.005142465233802795,0.06503525376319885,-0.009381897747516632,27431.10546875,11376.7841796875,16054.3203125,27459.046875,11379.9013671875,16079.14453125,-0.0010186029830947518,-0.0002739954798016697,-0.001546264044009149,-0.10186029830947518,0.7447225246578455,3.776708226054907,0.571865523699671,3.6252531097829346,1.445163195580244,2.5143560771271587,1.431105644032359,149.95723790296057,149.95723790296057,greedy,1.431105644032359,0.0,hard_fault_cluster,0.0013774104683195606,True
91,N7890,control1,0.10005348920822144,0.9784981518494899,0.7744307696819305,0.15904352092882618,0.6360237987021684,0.10005348920822144,0.2120867520570755,0.5747952786996029,0.41931583881378176,0.002120867520570755,-0.012729793787002563,0.00817292369902134,0.00817292369902134,0.27991483576595777,0.00535743311047554,0.05853787809610367,-0.009801506996154785,27459.75,11380.544921875,16079.2041015625,27452.109375,11373.12109375,16078.9873046875,0.0002782481606118381,0.0006523262709379196,1.3483059774443973e-05,0.02782481606118381,0.7560029868036509,2.2775920979306106,0.5908082299865782,2.5302982441708446,0.9419272199273109,0.8828218925744296,0.9784981518494899,150.93573605481006,150.93573605481006,greedy,0.9784981518494899,0.0,hard_fault_cluster,0.005873140172278783,False
92,N7886,control1,0.149827241897583,1.130230207592249,0.7725095570087432,0.25274095132946967,0.7346496349349619,0.149827241897583,0.20752714574337006,0.6910769097506999,0.4377304553985596,0.0020752714574337004,-0.017466217279434204,0.014798196032643318,0.014798196032643318,1.0023868668079376,0.006969500333070755,0.058801718056201935,-0.00929560512304306,27452.193359375,11373.197265625,16078.99609375,27465.748046875,11381.451171875,16084.296875,-0.000493756087962538,-0.0007257331744767725,-0.0003296711656730622,-0.0493756087962538,0.9192753750830889,2.652980198264122,0.7525313687510788,2.6650670903921125,0.9545069739222526,0.8804304432868957,1.130230207592249,152.06596626240233,152.06596626240233,greedy,1.130230207592249,0.0,hard_fault_cluster,0.0026466696074106772,False
93,N507,control1,0.3128190338611603,1.9020411109179258,1.7452863931655882,0.26952819667756556,1.2363267220966518,0.3128190338611603,0.21534554660320282,1.4137009382247925,1.0697347819805145,0.0021534554660320284,-0.030127525329589844,0.014400476589798927,0.014400476589798927,0.6681152336299419,0.007803969085216522,0.05351417511701584,-0.0061567723751068115,27474.53125,11382.34765625,16092.18359375,27639.25,11533.892578125,16105.357421875,-0.005995325278490782,-0.01331403013318777,-0.0008186476188711822,-0.5995325278490782,1.010142931714654,1.7770475032925606,0.8378334143199027,1.662028479874134,1.4152519039809706,1.3815133439004423,1.9020411109179258,153.96800737332026,153.96800737332026,greedy,1.9020411109179258,0.0,hard_fault_cluster,0.0004516711833784507,True
94,N7725,control0,0.31855911016464233,2.0401606690883636,1.871396517753601,0.4983423388004302,1.3261044349074365,0.31855911016464233,0.21818755567073822,1.6846346116065978,2.5959800004959104,0.0021818755567073822,-0.030743494629859924,0.0205050241202116,0.0205050241202116,2.045370672941208,0.008936543017625809,0.06319370865821838,-0.0071218013763427734,27628.443359375,11532.00390625,16096.439453125,27555.353515625,11450.77734375,16104.576171875,0.002645456464961171,0.007043577264994383,-0.0005054980283603072,0.2645456464961171,1.1323468815535307,2.7510035276412963,0.9533274467103183,2.7975031614303587,1.573698592185974,2.4070647840201853,2.0401606690883636,156.0081680424086,156.0081680424086,greedy,2.0401606690883636,0.0,hard_fault_cluster,0.10239309533150251,False
95,N7884,control1,0.24683205783367157,3.35756252348423,1.9512130260467528,1.0040101331472395,2.1824156402647494,0.24683205783367157,0.2046145647764206,2.157080488950014,0.9130185484886169,0.002046145647764206,-0.02641640603542328,0.02661888860166073,0.02661888860166073,5.797744211107492,0.008726608008146286,0.05857419967651367,-0.008110880851745605,27555.9140625,11451.18359375,16104.7314453125,27564.96484375,11441.703125,16123.26171875,-0.00032845151145011187,0.0008279029279947281,-0.001150610507465899,-0.03284515114501119,1.10389425419271,3.154601096957922,0.9304691641591489,3.308527231067419,1.8126927435398101,1.739910883307457,3.35756252348423,159.36573056589285,159.36573056589285,greedy,3.35756252348423,0.0,hard_fault_cluster,0.0,True
96,N7882,control1,0.26741594076156616,2.0645777761936186,1.6610423207283018,0.343805056810379,1.341975554525852,0.26741594076156616,0.199527308344841,0.9285776729881763,0.4828361213207245,0.00199527308344841,-0.02921728789806366,0.03425488620996475,0.03425488620996475,1.8799033154547216,0.009246349334716797,0.05884207785129547,-0.008455559611320496,27565.0234375,11441.7451171875,16123.27734375,27578.5703125,11446.4873046875,16132.08203125,-0.0004914515884593129,-0.0004144636623095721,-0.0005460854736156762,-0.04914515884593129,1.1584171280264854,1.6798432542383672,0.9830804821103811,1.9185161067545415,1.2715259075164795,1.3620764039456845,2.0645777761936186,161.43030834208648,161.43030834208648,greedy,2.0645777761936186,0.0,hard_fault_cluster,0.03866068346565408,False
97,N7883,control1,0.309721440076828,2.1552352739870546,1.819682776927948,0.29685227468609804,1.4009029280915855,0.309721440076828,0.20175538957118988,1.0958842848241328,0.6401247024536132,0.002017553895711899,-0.031294286251068115,0.03605742007493973,0.03605742007493973,1.3004664450883865,0.009454235434532166,0.059324175119400024,-0.008425891399383545,27578.611328125,11446.5185546875,16132.0927734375,27577.42578125,11445.2509765625,16132.17578125,4.298791100154631e-05,0.00011073918722104281,-5.145508112036623e-06,0.004298791100154631,1.1832363530993462,1.4904050186276436,1.004876745864749,1.7093216732144356,1.4526171386241913,1.46342969417572,2.1552352739870546,163.58554361607352,163.58554361607352,greedy,2.1552352739870546,0.0,hard_fault_cluster,0.2636122177954848,False
98,N7846,control0,0.5322262644767761,3.809950623512268,4.1868929147720335,0.4716016483306884,2.4764679052829743,0.5322262644767761,0.21041010320186615,2.1502448299527166,1.7490847826004026,0.0021041010320186613,-0.032379597425460815,0.048453204333782196,0.048453204333782196,1.653026983141899,0.010292507708072662,0.06608085334300995,-0.008122451603412628,27577.40234375,11445.365234375,16132.0380859375,27368.36328125,11305.826171875,16062.5361328125,0.007580085191875696,0.012191752903163433,0.004308318253606558,0.7580085191875696,1.2881140783429146,1.9722796568274497,1.0939665976911783,1.9622369894385336,2.540615177154541,3.222034131884575,3.809950623512268,167.3954942395858,167.3954942395858,greedy,3.809950623512268,0.0,hard_fault_cluster,0.8799603174603174,False
99,N7408,control0,0.44034770131111145,1.8651423978805544,2.7999117374420166,0.3687991952896118,1.2123425586223604,0.44034770131111145,0.21554110944271088,1.5593457862734796,2.6130478143692013,0.002155411094427109,-0.03460696339607239,0.05494046211242676,0.05494046211242676,1.2536877664923667,0.007332216948270798,0.06722742319107056,-0.00932786613702774,27369.00390625,11306.1015625,16062.90234375,27499.5,11407.140625,16092.3603515625,-0.004768025130033493,-0.00893668457865715,-0.001833915594033897,-0.4768025130033493,1.0037032663822174,1.3655290476977826,0.8008420877158642,1.321032988280058,1.4350081250071527,2.5077552812546493,1.8651423978805544,169.26063663746635,169.26063663746635,greedy,1.8651423978805544,0.0,hard_fault_cluster,0.3637213651238897,False
100,N7541,control0,0.39873412251472473,2.0079781787097457,2.9958963632583613,0.2993436346948146,1.3051858161613348,0.39873412251472473,0.22012116014957428,1.2096853256225586,2.3419395148754116,0.0022012116014957428,-0.03063654899597168,0.05154230445623398,0.05154230445623398,1.0382127681374549,0.006457243114709854,0.06912896037101746,-0.009591594338417053,27499.09375,11407.0283203125,16092.06640625,27454.55078125,11390.7421875,16063.8076171875,0.0016197976656258106,0.0014277278678491712,0.0017560695996508002,0.16197976656258106,0.9173877760767937,1.6688733327388765,0.7136401776224375,1.8581863272190096,1.5120180934667589,2.7728960341215134,2.0079781787097457,171.2686148161761,171.2686148161761,greedy,2.0079781787097457,0.0,hard_fault_cluster,0.32678454485920094,False
101,N7847,control0,0.30550768971443176,2.9792776206135754,2.7856995463371277,1.2219942089915274,1.9365304533988241,0.30550768971443176,0.21207155287265778,5.640154579281807,5.777912139892578,0.0021207155287265777,-0.02378442883491516,0.05884198099374771,0.05884198099374771,2.4862101113796236,0.0027299299836158752,0.0678078830242157,-0.011616237461566925,27454.625,11390.7509765625,16063.873046875,27352.556640625,11305.900390625,16046.65625,0.0037177109625190496,0.007449077442288399,0.0010717712575569749,0.37177109625190496,0.543906532227993,2.5496347773075105,0.3407213818281889,2.833402405977249,3.3227442502975464,4.039952765405178,2.9792776206135754,174.24789243678967,174.24789243678967,greedy,2.9792776206135754,0.0,hard_fault_cluster,0.05815538391640169,False
102,N704,observe,0.4591386616230011,2.524120462760329,3.168189787864685,0.3094162111729384,1.640678300794214,0.4591386616230011,0.2217400223016739,1.7232288845628498,1.3163707017898558,0.0022174002230167388,-0.020068109035491943,0.04732460528612137,0.04732460528612137,-0.09524382531642916,0.0075141675770282745,0.07467973232269287,-0.008690737187862396,27352.373046875,11305.3447265625,16047.0283203125,27488.4453125,11430.7607421875,16057.685546875,-0.004974788520485163,-0.01109351497143507,-0.000664124614559114,-0.4974788520485163,1.0204813852906227,3.9760357248783116,0.8186829145997763,4.126483403444291,2.26699977517128,2.9170329689979555,2.524120462760329,176.77201289955,176.77201289955,greedy,2.524120462760329,0.0,hard_fault_cluster,0.0,True
103,N510,control1,0.32840487360954285,1.0282668682187794,1.1077217280864715,0.12319450907409189,0.6683734643422067,0.32840487360954285,0.13620930910110474,0.26423968303948636,0.2210981011390686,0.0013620930910110474,-0.05339309573173523,0.09284867346286774,0.09284867346286774,0.8626709447428584,-0.0025383830070495605,0.012546591460704803,-0.009145930409431458,27492.970703125,11431.484375,16061.486328125,27692.375,11566.423828125,16125.951171875,-0.007252919487655163,-0.011804193258285522,-0.004013628698885441,-0.7252919487655163,-0.02478031814098358,1.654752942472696,-0.19657380506396294,1.5753357376158237,0.6845276266336442,0.8394309782609344,1.0282668682187794,177.80027976776879,177.80027976776879,greedy,1.0282668682187794,0.0,hard_fault_cluster,0.0,True
104,N3722,control0,0.30447885394096375,1.1785688669979573,2.0506209075450896,0.3329587523639202,0.7660697635486723,0.30447885394096375,0.19198615849018097,1.4536394707858562,1.4491715669631957,0.0019198615849018096,-0.13176369667053223,0.10386794060468674,0.10386794060468674,1.0385360254347324,-0.0037713125348091125,-0.022458456456661224,-0.005268506705760956,27687.65234375,11566.462890625,16121.1904296875,27545.82421875,11451.666015625,16094.158203125,0.0051224324852228165,0.009924977086484432,0.001676813350059092,0.5122432485222816,-0.08127715438604355,0.7151400373131036,-0.30316772870719433,0.6278732047230005,1.1294183552265167,1.7867878484725952,1.1785688669979573,178.97884863476673,178.97884863476673,greedy,1.1785688669979573,0.0,hard_fault_cluster,0.0005882352941177128,True
105,N3785,control0,0.2449071854352951,1.2878370966017247,2.3869234800338743,0.3495138750970364,0.8370941127911211,0.2449071854352951,0.20817460119724274,1.5279445573687553,2.7193795204162594,0.002081746011972427,-0.1371237337589264,0.1004423201084137,0.1004423201084137,1.064601004719734,-0.003782123327255249,-0.024825971573591232,-0.005286842584609985,27545.89453125,11451.6640625,16094.23046875,27426.90625,11377.9150390625,16048.9921875,0.004319637548178434,0.006440026685595512,0.0028108383994549513,0.43196375481784344,-0.06959541141986847,1.2595507097244263,-0.3010581023991108,0.9512482637166977,1.2833432435989378,2.7314600397646425,1.2878370966017247,180.26668573136845,180.26668573136845,greedy,1.2878370966017247,0.0,hard_fault_cluster,0.06213151927437642,False
106,N620,control1,0.25544625520706177,1.7114705547317863,1.3278445363044737,0.30150729428976775,1.1124558605756611,0.25544625520706177,0.19748224318027496,1.5649987403303383,1.4533164978027342,0.0019748224318027496,-0.14641761779785156,0.09703125059604645,0.09703125059604645,1.0906333407759665,-0.004259832203388214,-0.023010745644569397,-0.006296373903751373,27427.1875,11377.244140625,16049.943359375,27499.708984375,11439.642578125,16060.06640625,-0.0026441458612680435,-0.005484494846314192,-0.0006307216826826334,-0.26441458612680435,-0.1314697265625,0.997627196162939,-0.35235484689474106,0.8687307213246822,1.4357805982232095,1.3724399368464946,1.7114705547317863,181.97815628610024,181.97815628610024,greedy,1.7114705547317863,0.0,hard_fault_cluster,0.0,True
107,N7852,control0,0.2150084525346756,1.8833695137500763,2.752994608879089,0.4187850105762482,1.2241901839375497,0.2150084525346756,0.15901319682598114,1.9175526320934295,2.935580396652221,0.0015901319682598114,-0.14796829223632812,0.10560930520296097,0.10560930520296097,1.3961932814121245,-0.002825319766998291,-0.02555222436785698,-0.004600889980792999,27499.078125,11439.900390625,16059.177734375,27493.3046875,11383.5966796875,16109.7080078125,0.00020995021623093635,0.0049216956831514835,-0.003146504517644644,0.020995021623093635,-0.017909474670886993,1.6077891576290129,-0.21637635119259357,1.3932290485501289,1.6522147297859193,2.682300150990486,1.8833695137500763,183.8615257998503,183.8615257998503,greedy,1.8833695137500763,0.0,hard_fault_cluster,0.026362823949955285,False
108,N3682,control0,0.22359558939933777,1.5405842557502911,1.3022257208824157,0.23482396697159857,1.0013797662376893,0.22359558939933777,0.15178093314170837,1.144538839063607,0.581084394454956,0.0015178093314170838,-0.13947585225105286,0.09770268946886063,0.09770268946886063,1.0215262642502783,-0.0047572702169418335,-0.02464905008673668,-0.0064218416810035706,27490.265625,11370.896484375,16119.3701171875,27371.625,11331.7607421875,16039.865234375,0.004315732046961784,0.0034417463466525078,0.00493225734680891,0.43157320469617844,-0.22624339908361435,1.1510337437689304,-0.4133561160415411,0.935220703035593,1.369889797270298,1.3353953114897013,1.5405842557502911,185.40211005560062,185.40211005560062,greedy,1.5405842557502911,0.0,hard_fault_cluster,0.0009324009324009333,True
109,N610,control1,0.22502078115940094,1.3370002916455268,1.164413058757782,0.19537869364023205,0.8690501895695925,0.22502078115940094,0.1492563784122467,0.7799533216655254,0.5726012587547302,0.001492563784122467,-0.14533379673957825,0.10006574541330338,0.10006574541330338,0.8043925872445106,-0.0053044334053993225,-0.02181999757885933,-0.006831243634223938,27374.470703125,11344.0859375,16030.384765625,27468.92578125,11429.08203125,16039.8447265625,-0.0034504805225878954,-0.007492546923458576,-0.0005901269032619894,-0.34504805225878954,-0.28112121671438217,1.1407626795768737,-0.46811280958354473,0.7612420773506164,0.8515926450490952,0.9121402398496865,1.3370002916455268,186.73911034724614,186.73911034724614,greedy,1.3370002916455268,0.0,hard_fault_cluster,0.0,True
110,N4520,control0,0.2523209750652313,1.6889485047385098,1.1816935420036314,0.27339559759944676,1.0978165280800314,0.2523209750652313,0.20854155719280243,1.4696238193660973,1.0576265633106232,0.0020854155719280242,-0.15170350670814514,0.09416893869638443,0.09416893869638443,0.6239958572387696,-0.003240741789340973,-0.027731511741876602,-0.005577892065048218,27468.83984375,11429.80078125,16039.0390625,27327.98828125,11349.900390625,15978.087890625,0.005127685144543648,0.006990532390773296,0.0038001760840415955,0.5127685144543648,-0.02136368304491043,2.2667651107907294,-0.24839655496180058,1.1547735758870838,1.5520340085029602,1.3339802788197994,1.6889485047385098,188.42805885198464,188.42805885198464,greedy,1.6889485047385098,0.0,hard_fault_cluster,0.0,True
111,N614,control1,0.25139039754867554,1.4965644049644469,1.210304546356201,0.24660364151000977,0.9727668632268905,0.25139039754867554,0.19781072437763214,1.0520712600648403,0.7339639365673065,0.0019781072437763214,-0.1590012013912201,0.09615267068147659,0.09615267068147659,1.0822023716568947,-0.003557562828063965,-0.025103460997343063,-0.005742490291595459,27328.005859375,11349.201171875,15978.8046875,27412.390625,11422.7392578125,15989.650390625,-0.0030878493562340736,-0.006479582749307156,-0.0006787555757910013,-0.30878493562340736,-0.06179288774728775,1.6772914284467697,-0.2822654340416193,1.438125395178795,1.0763595461845399,1.0350090357661248,1.4965644049644469,189.9246232569491,189.9246232569491,greedy,1.4965644049644469,0.0,hard_fault_cluster,0.007734806629834261,False
112,N634,control1,0.26264071464538574,1.6309382317960264,1.2116200923919678,0.2941704814136028,1.0601098506674171,0.26264071464538574,0.19257117807865143,1.326479333639145,0.9531246840953826,0.0019257117807865143,-0.15999959409236908,0.10165271908044815,0.10165271908044815,1.2287676867842674,-0.004080034792423248,-0.023715894669294357,-0.006149329245090485,27412.26953125,11422.7451171875,15989.525390625,27508.94140625,11477.2333984375,16031.70703125,-0.0035265914630144835,-0.0047701564617455006,-0.0026380796916782856,-0.35265914630144835,-0.11377958208322525,1.5716466051340103,-0.33444750495254993,0.8171197222173213,1.210551305115223,1.0973899962008,1.6309382317960264,191.55556148874513,191.55556148874513,greedy,1.6309382317960264,0.0,hard_fault_cluster,0.010346611484738758,False
113,N4557,control0,0.3048531711101532,2.293215452242032,1.5873670578002927,0.3260999724952512,1.4905900439573208,0.3048531711101532,0.23263169825077057,1.810774818160439,1.2481891989707945,0.0023263169825077055,-0.15349310636520386,0.09264816343784332,0.09264816343784332,1.1699490523338316,-0.0030668601393699646,-0.026981346309185028,-0.005435474216938019,27508.76171875,11477.8681640625,16030.8935546875,27338.376953125,11377.4609375,15960.916015625,0.006193836219608784,0.00874789897352457,0.004365167580544949,0.6193836219608784,0.01859384775161743,1.4993784779310226,-0.225366048514843,1.5384564751386642,1.8627113968133926,1.650155949369073,2.293215452242032,193.84877694098716,193.84877694098716,greedy,2.293215452242032,0.0,hard_fault_cluster,0.0,True
114,N3903,control0,0.24052992463111877,1.7189038273692132,1.1845057904720306,0.29026346296072003,1.1172874877899885,0.24052992463111877,0.25544142723083496,1.5502112999558448,1.1347859799861908,0.0025544142723083496,-0.15468040108680725,0.08874157071113586,0.08874157071113586,1.0989603623747826,-0.003437742590904236,-0.029588352888822556,-0.005570203065872192,27338.310546875,11377.443359375,15960.8671875,27197.9921875,11300.408203125,15897.583984375,0.005132663995027542,0.006770866923034191,0.003964897710829973,0.5132663995027542,0.0004087388515472412,1.1324926994740963,-0.2577285096049309,1.0034481070935726,1.514635320007801,1.2768399723436596,1.7189038273692132,195.56768076835638,195.56768076835638,greedy,1.7189038273692132,0.0,hard_fault_cluster,0.0,True
115,N638,control1,0.23220938444137573,3.2841971737053246,2.3803714275360104,0.4775244993995875,2.134728162908461,0.23220938444137573,0.23579974472522736,2.8768388939090075,2.213315987586975,0.0023579974472522735,-0.15827184915542603,0.08751023560762405,0.08751023560762405,1.5613265570998192,-0.0035985782742500305,-0.027485426515340805,-0.005529172718524933,27198.37109375,11299.818359375,15898.552734375,27279.22265625,11379.3173828125,15899.904296875,-0.0029726619832217693,-0.007035424932837486,-8.501167030772194e-05,-0.29726619832217693,-0.03654784709215164,1.0972077976167203,-0.2790303323417902,1.1327826510369778,2.6493852123618127,2.137811118885875,3.2841971737053246,198.85187794206172,198.85187794206172,greedy,3.2841971737053246,0.0,hard_fault_cluster,0.0,True
116,N3896,control0,0.2237381935119629,1.6606191281974316,2.6058218479156494,0.3974488423764705,1.0794024333283305,0.2237381935119629,0.25605660676956177,1.7533390223979948,2.8221936225891113,0.0025605660676956176,-0.15515150129795074,0.09661111980676651,0.09661111980676651,1.0773038467764855,-0.003323204815387726,-0.02944018691778183,-0.00483231246471405,27278.86328125,11379.923828125,15898.939453125,27143.3828125,11283.5380859375,15859.845703125,0.004966499749571085,0.008469805121421814,0.0024588904343545437,0.4966499749571085,0.020347245037555695,1.1481590814888478,-0.2441535498946905,1.042157167941332,1.5429794192314148,3.1029366225004194,1.6606191281974316,200.51249707025914,200.51249707025914,greedy,1.6606191281974316,0.0,hard_fault_cluster,0.0,True
117,N3889,control0,0.17014464735984802,2.1821915317326783,3.0903599739074705,0.33291826881468295,1.418424495626241,0.17014464735984802,0.27290499210357666,1.6531256325542927,2.6877231717109678,0.0027290499210357666,-0.15660223364830017,0.0930492952466011,0.0930492952466011,1.0063575765490531,-0.003397136926651001,-0.031422704458236694,-0.004759244620800018,27143.533203125,11283.611328125,15859.921875,27037.5859375,11220.82421875,15816.76171875,0.0039032232016324997,0.0055644516833126545,0.002721334807574749,0.39032232016324997,0.026240594685077667,1.107719473093748,-0.24822512082755566,1.0721504013240337,1.683077223598957,3.1940001953393216,2.1821915317326783,202.69468860199183,202.69468860199183,greedy,2.1821915317326783,0.0,hard_fault_cluster,0.0,True
118,N7726,control0,0.21143917739391327,2.002186549305916,3.063070297241211,0.24069756090641023,1.3014212570488455,0.21143917739391327,0.20701853930950165,1.4425057530403136,2.6153684616088864,0.0020701853930950166,-0.16226300597190857,0.0810033455491066,0.0810033455491066,0.8924352085590362,-0.0028363391757011414,-0.028308354318141937,-0.005573645234107971,27037.333984375,11220.271484375,15817.0625,26976.19140625,11184.236328125,15791.955078125,0.0022614130284637213,0.00321161188185215,0.0015873630763962865,0.22614130284637213,0.00438796728849411,1.0055987122654915,-0.21162844635546207,1.028658199608326,1.5785453259944917,2.6010544618964193,2.002186549305916,204.69687515129775,204.69687515129775,greedy,2.002186549305916,0.0,hard_fault_cluster,0.004895104895104976,False
119,N3882,control0,0.1062450185418129,1.5510721086710693,2.680930709838867,0.26628439746797083,1.008196870636195,0.1062450185418129,0.22969509661197662,1.333140117675066,2.5421815395355223,0.002296950966119766,-0.16030573844909668,0.09016860276460648,0.09016860276460648,0.9430312508344649,-0.003448471426963806,-0.031796298921108246,-0.0049474164843559265,26976.61328125,11184.876953125,15791.736328125,26929.912109375,11159.875,15770.037109375,0.0017311725532636046,0.0022353355307132006,0.0013740869471803308,0.17311725532636046,-0.024983443319797516,1.7904692351818086,-0.26488121785223484,1.3736206948757173,1.4124459594488146,3.018089873641729,1.5510721086710693,206.2479472599688,206.2479472599688,greedy,1.5510721086710693,0.0,hard_fault_cluster,0.0,True
120,N7820,control0,0.16673493385314941,1.6819930581003428,2.9814090490341183,0.10375181503593922,1.0932954877652228,0.16673493385314941,0.1872142106294632,0.6518106838315725,2.054742604494095,0.001872142106294632,-0.167905792593956,0.08303665369749069,0.08303665369749069,0.6055827310681343,-0.003330826759338379,-0.028729543089866638,-0.006103143095970154,26929.75,11159.5673828125,15770.18359375,26879.46484375,11131.1474609375,15748.318359375,0.0018672716105356812,0.002546686679124832,0.001386492047458887,0.18672716105356812,-0.062831811606884,1.1675491160154343,-0.2655199598520994,1.0770714110136033,1.1991634994745257,2.3544562746584417,1.6819930581003428,207.92994031806916,207.92994031806916,greedy,1.6819930581003428,0.0,hard_fault_cluster,0.017448200654307418,False
121,N7870,control1,0.09915820509195328,1.809207264482975,1.0558747529983519,0.5831319984793664,1.1759847219139339,0.09915820509195328,0.23857258260250092,2.8068250976502895,2.4503944158554076,0.0023857258260250092,-0.1770957112312317,0.08509227633476257,0.08509227633476257,1.0587700913846492,0.0007713958621025085,-0.039440736174583435,-0.0022637248039245605,26879.0625,11130.521484375,15748.5400390625,27023.7890625,11204.91796875,15818.87109375,-0.0053843604400753975,-0.0066840071231126785,-0.004465877544134855,-0.5384360440075397,0.40080444514751434,3.9961796328425407,0.15805580094456673,4.787081532180309,2.447590812295675,2.1581423637643455,1.809207264482975,209.73914758255214,209.73914758255214,greedy,1.809207264482975,0.0,hard_fault_cluster,0.1256102973812694,False
122,N3805,control0,0.03673994913697243,1.7968418499827385,2.513999569416046,0.6042108061909676,1.16794720248878,0.03673994913697243,0.2482653111219406,2.8007829606533052,3.6686792850494383,0.002482653111219406,-0.1812661588191986,0.09544812142848969,0.09544812142848969,1.7713913017511367,-0.0009724721312522888,-0.039552755653858185,-0.0038426071405410767,27024.513671875,11205.9111328125,15818.6025390625,26929.703125,11134.6572265625,15795.0458984375,0.0035083165857940912,0.006358599755913019,0.0014891732716932893,0.3508316585794091,0.24646621942520142,2.122293999195099,-0.011318854987621307,1.9887514257431032,2.0676284074783324,2.918958464860916,1.7968418499827385,211.53598943253488,211.53598943253488,greedy,1.7968418499827385,0.0,hard_fault_cluster,0.021105951878429643,False
123,N1411,control0,0.1501947045326233,1.5852074971795083,2.79393630027771,0.19554779797792435,1.0303848731666805,0.1501947045326233,0.21062250435352325,1.0402560521662234,2.3251677274703977,0.0021062250435352325,-0.19023823738098145,0.0911756083369255,0.0911756083369255,1.0018514302372932,-0.0013021454215049744,-0.0343344509601593,-0.0047258734703063965,26932.25,11132.125,15800.1259765625,26893.70703125,11108.142578125,15785.564453125,0.0014311083359643817,0.002154343528673053,0.0009216080652549863,0.14311083359643817,0.17158357053995132,1.367069868594408,-0.054765013977885246,1.4766158837080001,1.272747802734375,2.4022860717773438,1.5852074971795083,213.1211969297144,213.1211969297144,greedy,1.5852074971795083,0.0,hard_fault_cluster,0.20606478290833902,False
124,N7853,control0,0.09079474955797195,1.3831426372751594,2.6560761690139767,0.17975572180002927,0.8990427142288536,0.09079474955797195,0.19629128277301788,1.020983437076211,2.3607503592967984,0.001962912827730179,-0.19335712492465973,0.09225498884916306,0.09225498884916306,0.8988106873631476,-0.0011044144630432129,-0.037268511950969696,-0.004109092056751251,26890.271484375,11110.169921875,15780.1015625,26997.08984375,11141.49609375,15855.59375,-0.003972379490733147,-0.0028195942286401987,-0.004784011282026768,-0.39723794907331467,0.17810482531785965,1.5940932989120484,-0.038304878398776054,1.637142860889435,1.1655659049749374,2.332617838233709,1.3831426372751594,214.50433956698956,214.50433956698956,greedy,1.3831426372751594,0.0,hard_fault_cluster,0.010598834128245903,False
125,N7370,control1,0.10578987747430801,1.4677359901368618,1.1469562709331511,0.23569248244166371,0.9540283935889602,0.10578987747430801,0.1794891208410263,1.055048706382513,0.7982832968235015,0.001794891208410263,-0.19616751372814178,0.10116370022296906,0.10116370022296906,1.5750616320222617,-0.003157675266265869,-0.034749243408441544,-0.005306631326675415,26997.078125,11141.443359375,15855.6337890625,27227.828125,11285.779296875,15942.0498046875,-0.008547221310436726,-0.01295486930757761,-0.005450177472084761,-0.8547221310436726,-0.03511470556259155,0.7815141091495752,-0.24560432136058807,0.7155935177952051,0.946069448441267,0.8889581741020083,1.4677359901368618,215.97207555712643,215.97207555712643,greedy,1.4677359901368618,0.0,hard_fault_cluster,0.37370242214532856,False
126,N722,observe,0.4087620675563812,5.1596054886281495,5.536224031448364,0.22647473976016044,3.3537435676082974,0.4087620675563812,0.253980815410614,2.239393955171108,2.894934523105621,0.0025398081541061403,-0.16712090373039246,0.08418332785367966,0.08418332785367966,0.8240903581120073,0.0010149404406547546,-0.0222245454788208,-0.003909274935722351,27228.46484375,11285.59375,15942.87109375,27297.52734375,11350.552734375,15946.9755859375,-0.0025364081375300884,-0.005755920894443989,-0.0002574500103946775,-0.25364081375300884,0.43965818732976913,2.1422710019373334,0.18603507988154888,2.2134817439340986,3.211710546910763,3.873918510898948,5.1596054886281495,221.1316810457546,221.1316810457546,greedy,5.1596054886281495,0.0,hard_fault_cluster,0.001519756838905945,True
127,N645,control1,0.27472826838493347,2.0607646069396286,1.2849716365337371,0.4256120494846255,1.3394969945107587,0.27472826838493347,0.21696753799915314,2.1367568059824404,1.514820408821106,0.0021696753799915315,-0.1723804622888565,0.09639126807451248,0.09639126807451248,2.123823451399803,-0.00011529028415679932,-0.028717275708913803,-0.003879040479660034,27297.1171875,11350.626953125,15946.4892578125,27408.408203125,11424.099609375,15984.30859375,-0.004077024292200804,-0.006473004352301359,-0.0023716401774436235,-0.4077024292200804,0.3018297776579857,3.1066844296455383,0.06681067310273647,2.8651253294944765,2.004189556837082,1.5446231180429462,2.0607646069396286,223.19244565269423,223.19244565269423,greedy,2.0607646069396286,0.0,hard_fault_cluster,0.0,True
128,N636,control1,0.16766291856765747,2.3645045137405396,1.6141196489334106,0.4348309469223023,1.5369279339313509,0.16766291856765747,0.21290229260921478,2.1823287904262543,1.5417192459106444,0.002129022926092148,-0.16712163388729095,0.1026756763458252,0.1026756763458252,1.947348498106003,-0.0008880123496055603,-0.03210590034723282,-0.003927446901798248,27408.328125,11424.060546875,15984.267578125,27490.95703125,11466.609375,16024.3486328125,-0.0030147372744977474,-0.003724492620676756,-0.002507531549781561,-0.30147372744977474,0.22677673399448395,3.220592632293701,-0.009906742721796036,3.175788583755493,2.19739071726799,1.7570311193168162,2.3645045137405396,225.55695016643477,225.55695016643477,greedy,2.3645045137405396,0.0,hard_fault_cluster,0.0008169934640521976,True
129,N3295,control1,0.1608337014913559,2.587376991845813,2.0690829396247863,0.22338946873162055,1.6817950446997785,0.1608337014913559,0.1991049200296402,1.4818816111255728,0.9886351346969604,0.001991049200296402,-0.16176070272922516,0.1109357476234436,0.1109357476234436,1.9914795144776145,-0.0032653063535690308,-0.031031733378767967,-0.004519641399383545,27490.94140625,11466.837890625,16024.1025390625,27774.88671875,11639.12109375,16135.7666015625,-0.01032868679612875,-0.015024473890662193,-0.00696850661188364,-1.032868679612875,-0.016489967703819275,1.544335703385077,-0.24902046844363213,1.5512697501303774,1.6867915674454708,1.3241335531313598,2.587376991845813,228.1443271582806,228.1443271582806,greedy,2.587376991845813,0.0,hard_fault_cluster,0.001550387596899054,True
130,N3410,control1,0.11935172230005264,5.175616890490055,4.002199858427048,0.25985581189393997,3.3641509788185355,0.11935172230005264,0.14779597520828247,1.834088027998805,0.9828301727771758,0.0014779597520828247,-0.09554874897003174,0.11584595590829849,0.11584595590829849,1.7696462662518027,-0.006820082664489746,-0.02709398791193962,-0.005210131406784058,27774.84765625,11639.1611328125,16135.6875,27980.337890625,11743.275390625,16237.0625,-0.007398428861051798,-0.008945168927311897,-0.006282657850533724,-0.7398428861051798,-0.41836633533239365,1.463748656436801,-0.6160977836698294,1.3951891290396452,2.7124755896627906,1.97581071484834,5.175616890490055,233.31994404877065,233.31994404877065,greedy,5.175616890490055,0.0,hard_fault_cluster,0.00032938076416348287,True
131,N3180,control1,0.14691776037216187,4.015644291117788,3.117284619808197,0.23547172524034976,2.610168789226562,0.14691776037216187,0.16161924600601196,1.6517525393888355,1.0601568460464477,0.0016161924600601196,-0.09522125124931335,0.11583591997623444,0.11583591997623444,1.6364644556492567,-0.008057072758674622,-0.02736130729317665,-0.005761623382568359,27980.10546875,11743.1875,16236.9169921875,28160.140625,11825.599609375,16334.5419921875,-0.006434398703277111,-0.007017865311354399,-0.006012532860040665,-0.6434398703277111,-0.5282521098852158,1.3894827708974482,-0.7363434843719006,1.314356778599322,2.2155288767069576,1.6962577499262987,4.015644291117788,237.33558833988843,237.33558833988843,greedy,4.015644291117788,0.0,hard_fault_cluster,0.06696895709801176,False
132,N7518,observe,0.13740190863609314,3.9967882357537747,3.0426075756549835,0.1799122504889965,2.5979123532399537,0.13740190863609314,0.15850859880447388,1.4138005962967872,0.7021815747022628,0.0015850859880447389,-0.1300356686115265,0.09818723052740097,0.09818723052740097,1.40060246437788,-0.004518568515777588,-0.026887282729148865,-0.005023501813411713,28159.41796875,11825.23046875,16334.1865234375,27936.29296875,11642.11328125,16294.1796875,0.007923636585474014,0.015485295094549656,0.0024492701049894094,0.7923636585474014,-0.19516102224588394,2.190359920561314,-0.3876828942447901,2.3013826313614847,2.479502746462822,1.810625730678439,3.9967882357537747,241.3323765756422,241.3323765756422,greedy,3.9967882357537747,0.0,hard_fault_cluster,0.028499050031665564,False
133,N616,control1,0.031793851405382156,2.9496769127529117,2.201865297555923,0.2913869601394981,1.9172899932893925,0.031793851405382156,0.18055833876132965,1.827154027763754,1.2025729238986969,0.0018055833876132964,-0.12528768181800842,0.10070204734802246,0.10070204734802246,1.5802835747599602,-0.004692569375038147,-0.03139081597328186,-0.004632428288459778,27936.72265625,11642.07421875,16294.6484375,27930.3515625,11654.1171875,16276.234375,0.00022805444314144552,-0.0010344350012019277,0.0011300680926069617,0.022805444314144552,-0.18799655139446259,1.644160834401846,-0.39894184097647667,1.4847774182260036,2.0791033044457436,1.6737239145487548,2.9496769127529117,244.28205348839512,244.28205348839512,greedy,2.9496769127529117,0.0,hard_fault_cluster,0.12500000000000017,False
134,N3467,control1,0.04079677537083626,2.9223337843455375,2.3106944501399993,0.1816625783033669,1.8995169598245993,0.04079677537083626,0.19747449457645416,1.4230999434925615,1.163715088367462,0.001974744945764542,-0.1207754909992218,0.1018906906247139,0.1018906906247139,1.5081042222678662,-0.006812579929828644,-0.031287312507629395,-0.005604453384876251,27930.54296875,11654.5283203125,16276.015625,28178.77734375,11806.998046875,16371.779296875,-0.008887560106813908,-0.013082444667816162,-0.005883729550987482,-0.8887560106813908,-0.3818928077816963,0.8579408944398164,-0.6064166966825724,0.7182319582253693,1.702572264522314,1.4016636164858938,2.9223337843455375,247.20438727274066,247.20438727274066,greedy,2.9223337843455375,0.0,hard_fault_cluster,0.12013348164627374,False
135,N2040,observe,0.06731873750686646,2.2488338327407837,1.5797794878482816,0.3693380427360534,1.4617419912815095,0.06731873750686646,0.08702167868614197,2.0081064224243166,1.6928810000419616,0.0008702167868614197,0.20963162183761597,0.05561463534832001,0.05561463534832001,1.83837455868721,-0.0017687976360321045,-0.05153213441371918,0.011813074350357056,28177.66015625,11806.76171875,16370.8984375,28030.67578125,11647.2890625,16383.3876953125,0.0052163442596793175,0.013506892137229443,-0.0007628938765265048,0.5216344259679317,-0.034243449568748474,2.3468282330036163,-0.14122068509459496,2.2375811088085173,1.9517850548028945,1.6841460686922074,2.2488338327407837,249.45322110548145,249.45322110548145,greedy,2.2488338327407837,0.0,hard_fault_cluster,0.0,True
136,N7537,observe,-0.05988074466586113,1.1453055498749019,2.3739554345607754,0.2592309034615755,0.7444486074186862,-0.05988074466586113,0.030340462923049927,0.7839813414216041,2.1220647186040877,0.00030340462923049926,0.2870888411998749,0.046180568635463715,0.030340462923049927,1.3266940871626138,-0.004989653825759888,-0.06791778653860092,0.01746157929301262,28030.71484375,11647.12890625,16383.5859375,28047.775390625,11679.216796875,16368.55859375,-0.000608637579716742,-0.002755004446953535,0.0009172194404527545,-0.060863757971674204,-0.42244435101747513,0.7376560220122337,-0.47983512468636036,0.704684997498989,0.873999796807766,2.6680998679250476,1.1453055498749019,250.59852665535635,250.59852665535635,greedy,1.1453055498749019,0.0,hard_fault_cluster,0.0,True
137,N7535,observe,-0.10368519276380539,0.958529028147459,2.3267757833003997,0.1789746497571468,0.6230438682958483,-0.10368519276380539,0.03675564378499985,0.9011492993682623,2.311567491292953,0.00036755643784999845,0.33273401856422424,0.013448389247059822,0.013448389247059822,1.6244201198592783,-0.007394090294837952,-0.07471560686826706,0.02229858562350273,28047.951171875,11679.23828125,16368.712890625,27988.1640625,11664.0859375,16324.0791015625,0.0021316034253686666,0.0012973742559552193,0.0027267744299024343,0.21316034253686666,-0.6892049964517355,0.48622733641415833,-0.7268580212257802,0.46495777655392884,0.9547819729894399,2.6032554734311995,0.958529028147459,251.55705568350382,251.55705568350382,greedy,0.958529028147459,0.0,hard_fault_cluster,0.0,True
138,N7534,observe,0.00821388978511095,2.082837740816176,2.6693511724472043,0.6540391623601317,1.3538445315305145,0.00821388978511095,0.010266341269016266,1.0436328010261058,1.9509431347250936,0.00010266341269016266,0.0068762898445129395,0.11655102670192719,0.010266341269016266,0.9709854824095965,-0.0006681382656097412,0.015083864331245422,-0.005465976893901825,27988.26171875,11664.2109375,16324.0498046875,27908.029296875,11635.1953125,16272.833984375,0.0028666453436017036,0.0024875772651284933,0.0031374457757920027,0.28666453436017036,0.06000354140996933,1.3568280033767224,-0.03510948456823826,1.2978244118392468,1.1570070542395114,2.852054585255682,2.082837740816176,253.63989342432,253.63989342432,greedy,2.082837740816176,0.0,hard_fault_cluster,1.1101376720901128,False
139,N785,observe,0.031238842755556107,1.587554294988513,2.784305071830749,0.2049213107675314,1.0319102917425336,0.031238842755556107,0.020068369805812836,0.821771203354001,2.1084412217140196,0.00020068369805812837,0.006086558103561401,0.11318425089120865,0.020068369805812836,1.132203893959522,-0.0005729198455810547,0.019088134169578552,-0.005650676786899567,27908.041015625,11634.712890625,16273.328125,27717.857421875,11533.986328125,16183.87109375,0.006814652122557163,0.008657417260110378,0.0054971566423773766,0.6814652122557163,0.07596063613891602,1.4212148623168468,-0.023978829383850098,1.3118290738761424,1.4516421899199488,3.0435674234479664,1.587554294988513,255.22744771930851,255.22744771930851,greedy,1.587554294988513,0.0,hard_fault_cluster,0.38063562453806365,False
140,N630,control1,-0.057302650064229965,1.2175940050184726,1.0229767620563508,0.15409771397709843,0.7914361032620072,-0.057302650064229965,0.017140746116638184,0.6488666892051697,0.4635946750640869,0.00017140746116638182,0.0013040602207183838,0.11750776320695877,0.017140746116638184,0.8481211087107658,-0.003451131284236908,0.014438994228839874,-0.00822487473487854,27718.5078125,11534.5546875,16183.953125,27760.48828125,11570.9130859375,16189.57421875,-0.0015145284123718739,-0.003152128541842103,-0.0003473251417744905,-0.15145284123718739,-0.21046461910009384,1.1761694544553758,-0.31145100109279156,1.0511937731504442,1.0671686440706254,0.9970855193585157,1.2175940050184726,256.445041724327,256.445041724327,greedy,1.2175940050184726,0.0,hard_fault_cluster,0.44348975545274283,False
141,N7424,control1,-0.2283431589603424,1.0360367729514837,0.5000912249088287,0.5428330240398644,0.6734239024184644,-0.2283431589603424,0.011825598776340485,0.8913875530660151,0.42317495644092556,0.00011825598776340484,0.0005172491073608398,0.11977372318506241,0.011825598776340485,0.6832414694130421,-0.007711827754974365,-0.008318528532981873,-0.013692371547222137,27760.162109375,11571.306640625,16188.85546875,27820.85546875,11601.826171875,16219.029296875,-0.002186347497627139,-0.0026375181041657925,-0.0018638642504811287,-0.2186347497627139,-0.6395834535360336,1.2342355132102965,-0.7382829450070858,1.0832068681716918,0.5917614355683326,0.683513948097825,1.0360367729514837,257.4810784972785,257.4810784972785,greedy,1.0360367729514837,0.0,hard_fault_cluster,1.0070671378091873,False
142,N642,control1,-0.12458714097738266,1.7165061290562154,1.5942471504211424,0.16633112564682961,1.11572898388654,-0.12458714097738266,0.03731308877468109,0.8890810345113277,0.6770964324474334,0.0003731308877468109,-0.00041416287422180176,0.11617975682020187,0.03731308877468109,1.001745147705078,-0.005733288824558258,-0.0005768351256847382,-0.011453025043010712,27821.08984375,11601.5546875,16219.53515625,27845.892578125,11582.3466796875,16263.5458984375,-0.0008915083599276841,0.0016556408954784274,-0.002713440451771021,-0.0891508359927684,-0.41983603686094284,1.18788284227252,-0.5349556710571051,1.102226378172636,1.2792314857244491,1.2686213400959967,1.7165061290562154,259.1975846263347,259.1975846263347,greedy,1.7165061290562154,0.0,hard_fault_cluster,0.05807086614173222,False
143,N649,control1,-0.10302425175905228,1.8513968056067824,2.3091676950454714,0.19628763180226086,1.2034079236444086,-0.10302425175905228,0.05359788239002228,1.013728796504438,1.95544473528862,0.0005359788239002228,-0.0010045766830444336,0.11452751606702805,0.05359788239002228,1.027733810842037,-0.0056883469223976135,0.000659547746181488,-0.011427365243434906,27845.8125,11582.36328125,16263.4482421875,27909.5234375,11585.9150390625,16323.607421875,-0.0022879899479448795,-0.00030665224767290056,-0.003699042135849595,-0.22879899479448795,-0.40070929378271103,1.2455852955579758,-0.5268033426254988,1.1424863666296006,1.3694910138845444,2.263618142455816,1.8513968056067824,261.04898143194146,261.04898143194146,greedy,1.8513968056067824,0.0,hard_fault_cluster,0.10248447204968943,False
144,N1552,observe,0.0016378508880734444,1.3991060955822467,2.970433914661407,-0.0961250081658363,0.9094189621284604,0.0016378508880734444,0.0690513551235199,0.7750467300415038,2.435054713487625,0.000690513551235199,0.3144419491291046,-0.013796558603644371,-0.013796558603644371,0.3161532945930957,0.00010308623313903809,-0.05345648154616356,0.020359262824058533,27910.26171875,11585.8916015625,16324.37109375,28346.59765625,11607.5859375,16739.01171875,-0.015633530914783478,-0.0018724787514656782,-0.02540009841322899,-1.5633530914783478,0.06556341983377934,1.6129457572847605,0.02412232244387269,1.5894570092111826,1.1801805019378662,2.342117326259613,1.3991060955822467,262.4480875275237,262.4480875275237,greedy,1.3991060955822467,0.0,hard_fault_cluster,0.23258426966292142,False
145,N2580,control1,-0.09193433821201324,1.0307219657301903,0.7548353791236877,0.21688213557004932,0.6699692777246237,-0.09193433821201324,0.051697418093681335,1.137291532754898,0.9470566570758818,0.0005169741809368134,0.3298310935497284,-0.0069976430386304855,-0.0069976430386304855,1.1599376863241195,-0.0026399046182632446,-0.06456707417964935,0.01961074024438858,28337.46484375,11596.6650390625,16740.798828125,28421.087890625,11690.982421875,16730.10546875,-0.002950971247628331,-0.008133146911859512,0.0006387603934854269,-0.2950971247628331,-0.2192906867712736,1.2759418344497682,-0.25281551806256175,1.1904417794942856,1.12214093208313,1.0678621269762516,1.0307219657301903,263.4788094932539,263.4788094932539,greedy,1.0307219657301903,0.0,hard_fault_cluster,0.06031746031746019,False
146,N1607,control1,-0.07132852077484131,0.9844184771925211,1.2037099182605742,0.18074050970375538,0.6398720101751387,-0.07132852077484131,0.05306786298751831,1.1887984640896319,1.716797912120819,0.0005306786298751831,0.34979820251464844,-0.006515940651297569,-0.006515940651297569,0.9395906862616539,-0.005706973373889923,-0.06690578162670135,0.020337287336587906,28428.666015625,11701.86328125,16726.802734375,28613.880859375,11811.587890625,16802.29296875,-0.006515073124319315,-0.009376678615808487,-0.004513130057603121,-0.6515073124319315,-0.5241454150527716,0.4721238759160042,-0.5590593568049371,0.5007462349534035,1.008718240261078,1.385692879781127,0.9844184771925211,264.46322797044644,264.46322797044644,greedy,0.9844184771925211,0.0,hard_fault_cluster,0.23268206039076375,False
147,N647,control1,-0.0631820484995842,2.9502589636296035,2.0892010807991026,0.5872966637462378,1.9176683263592422,-0.0631820484995842,0.04723174870014191,3.503491550683975,3.179119300842285,0.00047231748700141905,0.3561336100101471,-0.0017819982022047043,-0.0017819982022047043,2.0184427277743815,-0.009339585900306702,-0.06980101764202118,0.020471207797527313,28614.84765625,11811.8134765625,16803.03515625,28674.453125,11871.5390625,16802.9140625,-0.002083025872707367,-0.005056428257375956,7.2066591201291885e-06,-0.2083025872707367,-0.888508839532733,0.9812274757772683,-0.9225961524061859,0.9136936847120523,2.7248636297881603,2.375130534209311,2.9502589636296035,267.41348693407605,267.41348693407605,greedy,2.9502589636296035,0.0,hard_fault_cluster,0.23427672955974846,False
148,N1586,control1,0.03205972537398338,2.41240460395813,1.7278833866119383,0.526859405040741,1.5680629925727847,0.03205972537398338,0.07913818955421448,3.2991462014615536,2.998180854320526,0.0007913818955421447,0.36485061049461365,-0.0045824479311704636,-0.0045824479311704636,1.3085908679664136,-0.009962357580661774,-0.07021292299032211,0.022220775485038757,28673.556640625,11871.72265625,16801.833984375,28710.611328125,11923.169921875,16787.44140625,-0.0012922948226332664,-0.004333597142249346,0.0008566075703129172,-0.12922948226332664,-0.9216800164431334,0.5178466863185167,-0.9775968226604164,0.4688242799788714,2.3974193237721924,2.3346803234145046,2.41240460395813,269.82589153803417,269.82589153803417,greedy,2.41240460395813,0.0,hard_fault_cluster,0.7917808219178079,False
149,N5867,observe,-0.009288112632930279,1.9005157513916495,2.819770586490631,0.37506136193871503,1.2353352384045722,-0.009288112632930279,0.08830781280994415,2.5812063135206698,3.757285952568054,0.0008830781280994416,0.31818950176239014,-0.016030406579375267,-0.016030406579375267,1.197113576978445,-0.000479087233543396,-0.05364570766687393,0.020491786301136017,28710.8203125,11923.37890625,16787.44140625,28904.08984375,11958.7490234375,16945.341796875,-0.006731592118740082,-0.002966450760141015,-0.009405864402651787,-0.6731592118740082,0.024368682876229286,2.913012962043285,-0.029839371796697378,2.446427683532238,1.9943161837756633,3.0302609057351946,1.9005157513916495,271.7264072894258,271.7264072894258,greedy,1.9005157513916495,0.0,hard_fault_cluster,0.03830911492734467,False
150,N694,observe,0.11551173776388168,2.7884969647228717,3.276323676109314,0.5665968789160252,1.8125230270698667,0.11551173776388168,0.11017407476902008,3.599203456938267,4.437053346633911,0.001101740747690201,0.33839496970176697,-0.01038183830678463,-0.01038183830678463,1.4106330186128617,0.0007262453436851501,-0.05004090443253517,0.022506490349769592,28904.673828125,11958.060546875,16946.61328125,29007.890625,12055.4765625,16952.4140625,-0.003570938017219305,-0.008146473206579685,-0.00034229736775159836,-0.3570938017219305,0.17241677083075047,1.6878530997037888,0.09757259348407388,1.6031411904096604,2.8094278186559674,3.9261280821263784,2.7884969647228717,274.5149042541487,274.5149042541487,greedy,2.7884969647228717,0.0,hard_fault_cluster,0.0012091898428051872,True
151,N3525,control1,-0.08626089990139008,2.0864065477252005,2.352599000930786,0.8188526180386542,1.3561642560213805,-0.08626089990139008,0.05815504491329193,1.4739660321921106,2.2459575951099393,0.0005815504491329193,0.34259140491485596,0.013634635135531425,0.013634635135531425,5.3313338562101125,-0.007723614573478699,-0.06562668830156326,0.021142631769180298,29008.505859375,12056.22265625,16952.283203125,29283.24609375,12224.7197265625,17058.52734375,-0.009471023455262184,-0.013975942507386208,-0.006267246790230274,-0.9471023455262184,-0.7005717772990465,1.0929219792038203,-0.754414037335664,1.0378254125267268,0.6730944089591504,1.9345975018665194,2.0864065477252005,276.60131080187386,276.60131080187386,greedy,2.0864065477252005,0.0,hard_fault_cluster,0.1549295774647886,False
152,N7624,observe,-0.034950610250234604,1.495622569769621,2.8975540757179257,0.053761027902364734,0.9721546703502537,-0.034950610250234604,0.0928880125284195,2.063789915293455,3.6881814002990723,0.0009288801252841949,0.3073916435241699,-0.006835324689745903,-0.006835324689745903,1.1704727645218371,0.002372950315475464,-0.04677730053663254,0.01968284696340561,29281.70703125,12223.9990234375,17057.708984375,29353.16015625,12203.1298828125,17150.03125,-0.002440196694806218,0.0017072269693017006,-0.005412348546087742,-0.24401966948062181,0.32334771938622,1.632818117439747,0.2588082035072148,1.5961406257748605,1.9400730051100257,2.836047453321517,1.495622569769621,278.0969333716435,278.0969333716435,greedy,1.495622569769621,0.0,hard_fault_cluster,0.0024999999999997247,False
153,N7402,observe,-0.05775810405611992,1.7773221090435982,2.953556191921234,0.18720445781946182,1.155259370878339,-0.05775810405611992,0.08137942850589752,1.1592719607055189,2.4573184490203857,0.0008137942850589752,0.3155395984649658,-0.001044129952788353,-0.001044129952788353,1.3008396522700787,0.0003473609685897827,-0.0532916821539402,0.02112428843975067,29352.810546875,12202.865234375,17149.9453125,29554.650390625,12300.427734375,17254.22265625,-0.006876337807625532,-0.00799504853785038,-0.006080330815166235,-0.6876337807625532,0.11507139541208744,1.2818215391784906,0.054819921497255564,1.2331061861664057,1.2114706479012967,2.362455921135843,1.7773221090435982,279.8742554806871,279.8742554806871,greedy,1.7773221090435982,0.0,hard_fault_cluster,0.0,True
154,N7679,observe,-0.08293929696083069,1.4826439433544873,2.711547482013702,0.19768911503255368,0.9637185631804168,-0.08293929696083069,0.09869210422039032,1.3431147210299967,2.700101292133331,0.0009869210422039031,0.30212387442588806,-0.009731544181704521,-0.009731544181704521,0.6327519932389258,0.005487445741891861,-0.04110646992921829,0.019360993057489395,29554.640625,12300.7568359375,17253.8828125,29685.349609375,12367.20703125,17318.142578125,-0.004422621335834265,-0.005402122624218464,-0.003724365495145321,-0.4422621335834265,0.6377051342278719,1.588960381746292,0.5709847141988575,1.598148020505905,1.309578575193882,2.4262260738760233,1.4826439433544873,281.3568994240416,281.3568994240416,greedy,1.4826439433544873,0.0,hard_fault_cluster,0.0,True
155,N7627,observe,-0.11802039295434952,1.5860851048078621,3.3897665262222287,-0.4162731171876658,1.0309553181251103,-0.11802039295434952,0.10738424956798553,-2.1744499920474483,-3.626689839363098,0.0010738424956798554,0.3005523085594177,-0.012034257873892784,-0.012034257873892784,0.6637298753325013,0.006411489099264145,-0.0373014360666275,0.018806815147399902,29686.05078125,12367.58203125,17318.46875,29834.58203125,12445.896484375,17388.685546875,-0.005003402009606361,-0.0063322363421320915,-0.004054446239024401,-0.5003402009606361,0.7364989016205072,2.7434452551871074,0.6649864078499377,2.548757006552769,0.4211930657504128,0.9037754927377686,1.5860851048078621,282.9429845288495,282.9429845288495,greedy,1.5860851048078621,0.0,hard_fault_cluster,0.0002564760194922062,True
156,N7465,observe,0.0400577150285244,3.1191785138100387,3.8383198499679563,0.31721554063260554,2.027466033976525,0.0400577150285244,0.18936051428318024,2.5146043267101046,3.53110671043396,0.0018936051428318024,0.15006300806999207,-0.06387092918157578,-0.06387092918157578,-0.09859410844743255,-0.006739065051078796,0.08470967411994934,-0.0022749975323677063,29834.73046875,12445.8046875,17388.92578125,29964.40234375,12512.9541015625,17451.447265625,-0.004346339963376522,-0.005395345389842987,-0.0035954772029072046,-0.4346339963376522,-0.5484169200062752,0.8365872163698077,-0.6425341088324785,0.701285060159862,2.4324005667120217,3.6810603683628136,3.1191785138100387,286.0621630426595,286.0621630426595,greedy,3.1191785138100387,0.0,hard_fault_cluster,0.0,True
157,N6948,observe,0.06805888563394547,2.144495565015823,2.848528254032135,0.5067922426201402,1.3939221172602851,0.06805888563394547,0.20369194447994232,3.2493697718717156,4.323368000984192,0.0020369194447994233,0.12714287638664246,-0.06318102031946182,-0.06318102031946182,-0.05994512910023331,-0.005150333046913147,0.0954187661409378,-0.0031986087560653687,29964.69140625,12513.0068359375,17451.685546875,30058.904296875,12556.146484375,17502.7578125,-0.0031441301107406616,-0.0034475845750421286,-0.0029264946933835745,-0.31441301107406616,-0.3745223805308342,0.8068697687610984,-0.4799055736511946,0.6453768607601524,2.1367358616553247,3.488878310075961,2.144495565015823,288.2066586076753,288.2066586076753,greedy,2.144495565015823,0.0,hard_fault_cluster,0.006777108433734863,False
158,N5627,observe,0.09992305934429169,2.4085251671820878,2.9920534849166867,0.5573813460022211,1.565541358668357,0.09992305934429169,0.21451260149478912,3.6740972083061934,4.681885385513305,0.0021451260149478913,0.10450133681297302,-0.06240259110927582,-0.06240259110927582,-0.11195777438581,-0.0037781447172164917,0.10644115507602692,-0.003629028797149658,30063.203125,12556.9677734375,17506.234375,30071.5703125,12553.1005859375,17518.46875,-0.00027831990155391395,0.0003079714369960129,-0.0006988581735640764,-0.027831990155391395,-0.22570446133613586,0.32200676869601014,-0.33978696912527084,0.30429927181452515,2.411120245233178,3.6672281594015654,2.4085251671820878,290.61518377485737,290.61518377485737,greedy,2.4085251671820878,0.0,hard_fault_cluster,1.7761194029850749,False
159,N578,observe,-0.5287795066833496,0.3512470363080502,-1.9561006814241408,0.4466373409330845,0.22831057360023263,-0.5287795066833496,0.2227625995874405,3.047666684538126,4.614799404144287,0.002227625995874405,-0.0264032781124115,-0.06211313605308533,-0.06211313605308533,-0.4985613600909711,0.009554557502269745,0.08568328619003296,-0.012170135974884033,30067.24609375,12552.5625,17514.68359375,30529.333984375,12790.220703125,17739.11328125,-0.015368480235338211,-0.018933042883872986,-0.012813801877200603,-1.536848023533821,1.1161052137613297,0.7653172528743744,0.9956181161105633,0.7791107809543609,0.9618729516863822,0.6077453940361736,0.3512470363080502,290.9664308111654,290.9664308111654,greedy,0.3512470363080502,0.0,hard_fault_cluster,0.05411764705882357,False
160,N2008,observe,-0.5687243938446045,0.468443640768528,0.3431746006011962,-0.1597946316003799,0.3044883664995432,-0.5687243938446045,0.2097216099500656,0.6325594499707223,0.75718635879457,0.0020972160995006562,-0.01381981372833252,-0.06496044993400574,-0.06496044993400574,-2.4525585398077965,0.007890790700912476,0.08642038702964783,-0.013129167258739471,30530.11328125,12788.59375,17741.51953125,30740.7265625,12874.98828125,17865.73828125,-0.006898542400449514,-0.00675559276714921,-0.007001584395766258,-0.6898542400449514,0.9338402301073074,0.7306795299053193,0.8252693600952625,0.7502237141132355,0.7941800534725189,0.5330319622438401,0.468443640768528,291.434874451934,291.434874451934,greedy,0.468443640768528,0.0,hard_fault_cluster,0.13616071428571427,False
161,N7453,observe,-0.8806721568107605,1.2364237011224033,-1.6433568850159643,0.7876149731129408,0.8036754057295622,-0.8806721568107605,0.21461190283298492,4.8363811139017345,5.999999999999999,0.002146119028329849,-0.034213095903396606,-0.04449469596147537,-0.04449469596147537,0.7368281815201042,0.00028251856565475464,0.0637410581111908,-0.01767231523990631,30739.748046875,12876.626953125,17863.12109375,31197.015625,13132.2568359375,18064.7578125,-0.014875450171530247,-0.01985223963856697,-0.011287877336144447,-1.4875450171530247,0.19836906343698502,0.9992727941274644,0.07078115828335285,1.005169684290886,1.8333571724593636,1.0866821620985863,1.2364237011224033,292.6712981530564,292.6712981530564,greedy,1.2364237011224033,0.0,hard_fault_cluster,0.048027444253859394,False
162,N2102,observe,-0.5206030607223511,1.094355557411909,2.6222969412803647,0.02361967548727991,0.7113311123177409,-0.5206030607223511,0.21741019189357758,0.7858407974243165,2.421550732851028,0.002174101918935776,-0.04164862632751465,-0.042225830256938934,-0.042225830256938934,-0.19782903701066973,0.011466596275568008,0.08344827592372894,-0.006399191915988922,31197.25,13132.5205078125,18064.73046875,31379.2578125,13307.86328125,18071.39453125,-0.005834097974002361,-0.013351798988878727,-0.00036889908369630575,-0.5834097974002361,1.3218439891934395,1.2905344462394714,1.1904557179659605,1.300558075904846,0.8716895610094071,2.3923736694082613,1.094355557411909,293.7656537104683,293.7656537104683,greedy,1.094355557411909,0.0,hard_fault_cluster,0.5934627170582227,False
163,N2157,observe,-0.23324190080165863,1.5697950626909734,2.907783949375152,0.09259180858731271,1.0203667907491327,-0.23324190080165863,0.22886238992214203,1.237043771892786,2.6824195623397826,0.0022886238992214205,-0.03575780987739563,-0.03933405876159668,-0.03933405876159668,-0.2207404698431492,0.016254093497991562,0.09142297506332397,-0.0039941295981407166,31379.35546875,13308.4228515625,18070.93359375,31062.5,13169.51953125,17892.98046875,0.01009757723659277,0.010437249206006527,0.00984747800976038,1.009757723659277,1.8149376809597015,1.4038027355074885,1.6727914325892925,1.4089404532313348,1.4630649022758007,3.05099218647927,1.5697950626909734,295.33544877315927,295.33544877315927,greedy,1.5697950626909734,0.0,hard_fault_cluster,0.0,True
164,N6534,observe,-0.7750028371810913,0.4200025200098753,-1.624154061079025,0.13128425009548664,0.27300163800641897,-0.7750028371810913,0.22431521117687225,0.9625613026320934,2.6274375796318052,0.0022431521117687227,-0.04610234498977661,-0.02168772555887699,-0.02168772555887699,0.41092670023441313,0.003014400601387024,0.06413082778453827,-0.01116083562374115,31061.330078125,13168.671875,17892.658203125,31202.02734375,13218.3662109375,17983.66015625,-0.004529660101979971,-0.003773678559809923,-0.0050859940238296986,-0.4529660101979971,0.5040675457566977,0.5432700246572494,0.3520969315432012,0.5387974947690963,0.5132201358675956,-0.29640691168606303,0.4200025200098753,295.75545129316913,295.75545129316913,greedy,0.4200025200098753,0.0,hard_fault_cluster,0.0658227848101265,False
165,N5617,observe,-0.32265833020210266,1.4241908583417535,3.086947345733642,-0.2095052082091569,0.9257240579221399,-0.32265833020210266,0.24027739465236664,1.1005462231114507,2.871802568435669,0.0024027739465236663,-0.02870592474937439,-0.045672833919525146,-0.045672833919525146,-1.5567501245811581,0.018355514854192734,0.09308215975761414,-0.0032637566328048706,31203.349609375,13218.763671875,17984.5859375,30960.396484375,13049.869140625,17910.52734375,0.00778612308204174,0.012776877731084824,0.00411789258942008,0.778612308204174,2.030156046152115,1.29249132566154,1.8842026256024837,1.2902339785546064,1.6577118260785937,3.1775126869510855,1.4241908583417535,297.1796421515109,297.1796421515109,greedy,1.4241908583417535,0.0,hard_fault_cluster,0.13543091655266756,False
166,N2106,observe,-0.3824526369571686,0.915529752522707,2.610028302669525,-0.11448655277490616,0.5950943391397595,-0.3824526369571686,0.22904373705387115,0.6725629806518555,2.4857816755771633,0.0022904373705387115,-0.0372583270072937,-0.03123297356069088,-0.03123297356069088,-0.47529731243848805,0.015218470245599747,0.08783233165740967,-0.003100879490375519,30959.759765625,13049.66796875,17910.091796875,31090.89453125,13163.1982421875,17927.6953125,-0.004235651809722185,-0.008699859492480755,-0.0009828824549913406,-0.4235651809722185,1.719657788053155,1.0442859268188478,1.5712997154332697,1.0514625525474548,0.813904321193695,2.1040378087759017,0.915529752522707,298.09517190403363,298.09517190403363,greedy,0.915529752522707,0.0,hard_fault_cluster,1.9115646258503405,False
167,N7401,observe,-0.855028510093689,0.4042463830858469,-1.6012452423572539,0.0946301693469286,0.2627601490058005,-0.855028510093689,0.22599749267101288,0.8246359966695308,2.5524371981620786,0.002259974926710129,-0.049029797315597534,-0.014170287176966667,-0.014170287176966667,0.4542278224229812,0.0027751773595809937,0.06226802617311478,-0.01020900160074234,31091.34765625,13163.2978515625,17928.048828125,31201.703125,13202.0625,17999.640625,-0.0035493948962539434,-0.002944903913885355,-0.003993284422904253,-0.35493948962539434,0.4893449414521456,0.5024536091089249,0.3304745373316109,0.4972995299100876,0.37209517210721965,-0.38813813813030745,0.4042463830858469,298.49941828711945,298.49941828711945,greedy,0.4042463830858469,0.0,hard_fault_cluster,0.07370517928286859,False
168,N2149,observe,-0.33207032084465027,1.576537908166647,2.91445699930191,0.09142294213175774,1.0247496403083207,-0.33207032084465027,0.23786036670207977,1.2346392787992952,2.6854545950889586,0.002378603667020798,-0.047785550355911255,-0.020245736464858055,-0.020245736464858055,0.34080145157873626,0.015203073620796204,0.08541414141654968,-0.001459069550037384,31201.65625,13202.734375,17998.921875,30885.095703125,13032.927734375,17852.16796875,0.010145632550120354,0.012861475348472595,0.008153483271598816,1.0145632550120354,1.737921992316842,1.3150107685104013,1.5747110196389258,1.3250146571174264,1.443481969088316,3.038263279907405,1.576537908166647,300.0759561952861,300.0759561952861,greedy,1.576537908166647,0.0,hard_fault_cluster,0.8344722854973424,False
169,N7614,observe,-0.3121460974216461,0.6691596290469171,2.621696376800537,-0.352097401022911,0.4349537588804961,-0.3121460974216461,0.2402523010969162,0.6441350251436234,2.656814086437225,0.002402523010969162,-0.022292017936706543,-0.03790425509214401,-0.03790425509214401,-2.6791115045547484,0.019098743796348572,0.09546840190887451,-0.0022286996245384216,30885.05078125,13032.5341796875,17852.515625,30734.654296875,12917.837890625,17816.81640625,0.004869556054472923,0.008800766430795193,0.001999674364924431,0.48695560544729233,2.1122224256396294,0.921538392305374,1.9604613911360502,0.9327374732494353,1.2030043989419936,2.8819528593122956,0.6691596290469171,300.745115824333,300.745115824333,greedy,0.6691596290469171,0.0,hard_fault_cluster,0.10965630114566295,False
170,N5740,observe,-0.41893327236175537,0.7033497530221939,2.5562387704849243,-0.24450657963752742,0.45717733946442607,-0.41893327236175537,0.23218221962451935,0.6132681235671044,2.536476385593414,0.0023218221962451936,-0.030210554599761963,-0.027027564123272896,-0.027027564123272896,-0.48763507276773455,0.015711694955825806,0.09255507588386536,-0.0030771568417549133,30734.03515625,12917.705078125,17816.330078125,30718.39453125,12876.4267578125,17841.96875,0.0005089024198241532,0.00319548393599689,-0.0014390546130016446,0.05089024198241532,1.776324151083827,1.1455747443437576,1.6224581594578922,1.1539821821451186,1.0139250472187995,2.759051280692219,0.7033497530221939,301.4484655773552,301.4484655773552,greedy,0.7033497530221939,0.0,hard_fault_cluster,3.0948275862068972,False
171,N5877,observe,-0.31578299403190613,0.6154845936968923,2.682988166809082,-0.47253264226019376,0.40006498590298006,-0.31578299403190613,0.2432112842798233,0.5760962510481478,2.6859206438064573,0.002432112842798233,-0.015670090913772583,-0.041442856192588806,-0.041442856192588806,-2.7723537657037376,0.018960990011692047,0.10313163697719574,-0.0040464624762535095,30720.0234375,12877.673828125,17842.349609375,30553.09765625,12771.5546875,17781.54296875,0.005433777812868357,0.008240551687777042,0.003407995216548443,0.5433777812868357,2.097867429256439,1.1675496848672626,1.9465411081910133,1.1811196240037678,1.321143122576177,2.9587430296745145,0.6154845936968923,302.0639501710521,302.0639501710521,greedy,0.6154845936968923,0.0,hard_fault_cluster,1.2727272727272725,False
172,N7500,observe,-0.8203648328781128,0.26064533784985544,-1.5989628970623015,0.0013803125917911509,0.16941946960240603,-0.8203648328781128,0.23675917088985443,0.6667664930224418,2.5423611998558044,0.0023675917088985445,-0.040065228939056396,-0.022958291694521904,-0.022958291694521904,0.05459286153316497,0.007886584848165512,0.07640118896961212,-0.007723085582256317,30551.365234375,12770.064453125,17781.30078125,30772.58203125,12879.8173828125,17892.765625,-0.007240815553814173,-0.008594547398388386,-0.00626865541562438,-0.7240815553814173,1.0024593640118837,0.7338084679841995,0.8421087046153843,0.7327908915281296,0.2877025350928306,-0.33480664081871536,0.26064533784985544,302.32459550890195,302.32459550890195,greedy,0.26064533784985544,0.0,hard_fault_cluster,0.19559228650137744,False
173,N712,observe,-0.3140251934528351,1.3445700177550315,2.849090766906738,-0.0038736075162887212,0.8739705115407705,-0.3140251934528351,0.2374383956193924,0.9898195683956146,2.5511698126792908,0.002374383956193924,-0.03607627749443054,-0.027740908786654472,-0.027740908786654472,-0.7987752050161362,0.017184395343065262,0.09116844832897186,-0.0017688050866127014,30773.49609375,12880.3662109375,17893.12890625,30522.49609375,12768.3876953125,17754.109375,0.00815636944025755,0.008693736977875233,0.007769436575472355,0.8156369440257549,1.928137021139264,1.7761539220809937,1.7708639060147107,1.7877894520759583,1.4609305560588837,3.049604861438274,1.3445700177550315,303.66916552665697,303.66916552665697,greedy,1.3445700177550315,0.0,hard_fault_cluster,0.0011547344110854514,True
174,N2952,control1,-0.6898781061172485,0.6917003145767375,0.6750464498996734,0.05355528210755439,0.4496052044748794,-0.6898781061172485,0.21682311594486237,0.6333108266582712,0.6748954832553863,0.0021682311594486236,-0.04654368758201599,-0.009194402024149895,-0.009194402024149895,0.17255176721606402,0.001793980598449707,0.05095474421977997,-0.01075659692287445,30526.171875,12770.0478515625,17756.125,30456.48828125,12705.63671875,17750.8515625,0.0022827491629868746,0.005043922457844019,0.00029699259903281927,0.22827491629868746,0.3870267737656832,0.7492476354818791,0.23130523832514882,0.7492462943773717,0.6917123068356887,0.6562183981566341,0.6917003145767375,304.3608658412337,304.3608658412337,greedy,0.6917003145767375,0.0,hard_fault_cluster,0.0,True
175,N5356,observe,-0.5435153245925903,0.9199004866182805,2.5454174280166626,-0.03499395400285717,0.5979353163018823,-0.5435153245925903,0.22166718542575836,0.8729307688772678,2.5542984724044797,0.0022166718542575834,-0.05204802751541138,-0.008000237867236137,-0.008000237867236137,0.21322924122214315,0.006368860602378845,0.05954219400882721,-0.005653113126754761,30451.83203125,12703.5234375,17748.30859375,30208.64453125,12539.6748046875,17668.96875,0.007985972799360752,0.012897889129817486,0.004470276180654764,0.7985972799360752,0.8505530077964067,1.5772264233231543,0.6903027971275151,1.5853037348389625,1.203282292932272,2.431791282258928,0.9199004866182805,305.280766327852,305.280766327852,greedy,0.9199004866182805,0.0,hard_fault_cluster,0.0,True
176,N2721,control1,-0.7097097635269165,0.7866646185703576,0.6747771441936492,0.11413823733106256,0.5113320020707325,-0.7097097635269165,0.21007771790027618,0.7180345520377159,0.6748450994491577,0.0021007771790027617,-0.05414333939552307,0.0050616804510355,0.0050616804510355,0.7483765052072704,-0.004872351884841919,0.03227536380290985,-0.013412028551101685,30212.109375,12541.5,17670.609375,30207.212890625,12515.689453125,17691.5234375,0.0001620702532818541,0.002058011246845126,-0.0011835506884381175,0.01620702532818541,-0.2720957901328802,0.8269481462985278,-0.433450338896364,0.8269445521384478,0.6827993409708142,0.6504226759012818,0.7866646185703576,306.06743094642235,306.06743094642235,greedy,0.7866646185703576,0.0,hard_fault_cluster,0.0,True
177,N7385,observe,-0.6219483017921448,0.7651103632897138,2.3776957154273983,0.01422828219830991,0.497321736138314,-0.6219483017921448,0.2139907330274582,0.8718961577862501,-0.9454003214836121,0.002139907330274582,-0.049838125705718994,0.0050035398453474045,0.0050035398453474045,0.2600862986594438,0.0013922229409217834,0.03802502900362015,-0.008749037981033325,30204.349609375,12514.67578125,17689.673828125,30091.681640625,12482.56640625,17609.115234375,0.0037301902193576097,0.0025657375808805227,0.004553989972919226,0.373019021935761,0.35821656696498394,1.285846987515688,0.19397086231037974,1.288975408822298,0.9985351283103228,0.794917168337852,0.7651103632897138,306.83254130971204,306.83254130971204,greedy,0.7651103632897138,0.0,hard_fault_cluster,0.0,True
178,N2894,control1,-0.664402186870575,0.8540733936426841,0.7146932899951934,0.12430903009379109,0.5551477058677446,-0.664402186870575,0.20172198116779327,0.74408846462793,0.6744907915592193,0.0020172198116779325,-0.056168705224990845,0.013121997937560081,0.013121997937560081,0.6637624148057512,-0.005752429366111755,0.022558391094207764,-0.013145804405212402,30093.671875,12483.3056640625,17610.3671875,30017.87109375,12431.779296875,17586.091796875,0.0025188280269503593,0.004127622116357088,0.0013784716138616204,0.25188280269503593,-0.3603989575058222,0.8258746502715804,-0.5215319418348372,0.8258745966274,0.7143189156846347,0.6708676445756555,0.8540733936426841,307.68661470335473,307.68661470335473,greedy,0.8540733936426841,0.0,hard_fault_cluster,0.0,True
179,N2779,control1,-0.6200072169303894,0.8677070231104154,0.7227353572845459,0.12641066236974438,0.56400956502177,-0.6200072169303894,0.1979362517595291,0.7490993595667532,0.6744950771331787,0.001979362517595291,-0.061336249113082886,0.01740521378815174,0.01740521378815174,0.8284613774051831,-0.008472569286823273,0.015655487775802612,-0.014469131827354431,30017.359375,12431.6083984375,17585.75,29910.4609375,12365.59375,17544.8671875,0.003561220597475767,0.0053102257661521435,0.0023247692734003067,0.3561220597475767,-0.6319154631346464,0.8518799061194294,-0.7934215622954071,0.8518799061194294,0.7189093814828085,0.6738598273197568,0.8677070231104154,308.55432172646516,308.55432172646516,greedy,0.8677070231104154,0.0,hard_fault_cluster,0.0,True
180,N2837,control1,-0.5608175992965698,0.9013159573706798,0.7188204169273376,0.15116170486202463,0.5858553722909419,-0.5608175992965698,0.19916345179080963,0.7834141858271323,0.6750332355499267,0.001991634517908096,-0.06703740358352661,0.020553620532155037,0.020553620532155037,0.843273905137321,-0.009862802922725677,0.011714063584804535,-0.015024416148662567,29909.99609375,12365.390625,17544.60546875,29808.056640625,12307.919921875,17500.13671875,0.003408206859603524,0.0046477061696350574,0.002534610917791724,0.3408206859603524,-0.7665632199496031,0.853507335060276,-0.9313510241918266,0.853507335060276,0.7164799538091757,0.6725909497780959,0.9013159573706798,309.45563768383585,309.45563768383585,greedy,0.9013159573706798,0.0,hard_fault_cluster,0.0,True
181,N7473,control0,-0.0842856839299202,2.229847004711628,2.730323028564453,0.7006331941485403,1.4494005530625582,-0.0842856839299202,0.1185465008020401,0.48854912016540764,-2.1278494805097576,0.001185465008020401,-0.10967126488685608,0.08239829540252686,0.08239829540252686,5.311540965177119,-0.0035757869482040405,-0.014621194452047348,-0.0055707842111587524,29806.326171875,12307.236328125,17499.08984375,29688.22265625,12128.556640625,17559.666015625,0.003962364047765732,0.014518262818455696,-0.0034616754855960608,0.3962364047765732,-0.1566338986158371,1.7541710625216362,-0.3073424957692623,1.7675660739466545,0.5928274318575859,0.4903378307074311,2.229847004711628,311.6854846885475,311.6854846885475,greedy,2.229847004711628,0.0,hard_fault_cluster,0.0,True
182,N2652,control1,-0.28831198811531067,0.8192059701681137,0.8814376175403594,-0.04900931715965275,0.5324838806092739,-0.28831198811531067,0.0320838987827301,-2.0289505511522297,-1.7658182859420775,0.000320838987827301,0.3097952902317047,0.024212481454014778,0.024212481454014778,1.6663105505704878,-0.010026149451732635,-0.0716811865568161,0.021231424063444138,29689.806640625,12129.2421875,17560.564453125,29655.09375,12183.94921875,17471.14453125,0.001169185503385961,-0.004510342143476009,0.00509208720177412,0.1169185503385961,-0.9463185649365187,1.0465842607617377,-0.9885408501140773,1.0465902212262153,-0.359959328174591,-0.11003558181689241,0.8192059701681137,312.5046906587156,312.5046906587156,greedy,0.8192059701681137,0.0,hard_fault_cluster,0.5479704797047971,False
183,N1688,observe,-0.4658906161785126,0.3266676305234433,0.7645366609096527,-0.28628040999174115,0.21233395984023815,-0.4658906161785126,0.21705375611782074,0.2979940071702004,0.6990539193153381,0.0021705375611782074,-0.04952812194824219,0.0025452394038438797,0.0025452394038438797,-1.6634946328401565,0.0028856173157691956,0.038383848965168,-0.007296934723854065,29653.896484375,12183.669921875,17470.2265625,29772.8984375,12231.69921875,17541.19921875,-0.004013029392808676,-0.003942104056477547,-0.004062491934746504,-0.4013029392808676,0.5081607270985842,1.4348797607421875,0.3434614804573357,1.2876951503753662,0.7657287120819092,0.7751631642878056,0.3266676305234433,312.83135828923906,312.83135828923906,greedy,0.3266676305234433,0.0,hard_fault_cluster,0.0038834951456310713,False
184,N3009,control1,-0.44550982117652893,1.1391774691641332,0.7922983288764953,0.2424616940319538,0.7404653549566866,-0.44550982117652893,0.21680568158626556,1.0321559503674507,0.7864256799221038,0.0021680568158626554,-0.06558278203010559,0.012324990704655647,0.012324990704655647,1.083148602247238,-0.004917331039905548,0.018793970346450806,-0.01115252822637558,29773.7421875,12231.880859375,17541.861328125,29844.015625,12287.5390625,17556.4765625,-0.0023602487053722143,-0.004550257232040167,-0.0008331632707268,-0.23602487053722143,-0.2626024316996336,0.8964259161055088,-0.4344504359178245,0.8964259161055088,0.8384730115532875,0.7517176991282031,1.1391774691641332,313.9705357584032,313.9705357584032,greedy,1.1391774691641332,0.0,hard_fault_cluster,0.0,True
185,N8790,control1,-0.030909601598978043,1.4646112158615143,1.3966338515281675,0.044319580206647516,0.9519972903099844,-0.030909601598978043,0.17345835268497467,0.20480076344683762,0.03645611517131328,0.0017345835268497466,0.10439139604568481,0.012076707556843758,0.012076707556843758,0.6923867409862577,-0.002788230776786804,-0.020520828664302826,0.009363457560539246,29842.9921875,12287.29296875,17555.69921875,29706.658203125,12204.552734375,17502.10546875,0.004568375181406736,0.006733804941177368,0.003052783664315939,0.45683751814067364,-0.09328801743686199,1.1599934097751974,-0.2324393126182258,1.183242618702352,0.8284380411729217,0.7836946150567383,1.4646112158615143,315.4351469742647,315.4351469742647,greedy,1.4646112158615143,0.0,hard_fault_cluster,0.0,True
186,N3067,control1,-0.2068934291601181,1.378334599584341,0.9700325191020965,0.24901586815714832,0.8959174897298217,-0.2068934291601181,0.22417370975017548,1.154747199267149,0.9570935428142546,0.0022417370975017547,-0.04885086417198181,0.017229760065674782,0.017229760065674782,1.4437185548990965,-0.004021808505058289,0.010674789547920227,-0.007182516157627106,29707.125,12204.5615234375,17502.5625,29856.099609375,12278.5546875,17577.544921875,-0.005014777183532715,-0.00606274651363492,-0.004284082446247339,-0.5014777183532715,-0.1607773806899786,1.0972677768021821,-0.3418299830518663,1.0593867004662751,0.9733887277543545,0.8783811869844794,1.378334599584341,316.813481573849,316.813481573849,greedy,1.378334599584341,0.0,hard_fault_cluster,0.0,True
187,N7681,observe,-0.44530194997787476,0.9217219133675099,0.48161774873733515,0.19249942317605018,0.5991192436888815,-0.44530194997787476,0.20937086641788483,0.7157349484413862,-1.4480383813381192,0.0020937086641788483,-0.06373634934425354,0.014421286061406136,0.014421286061406136,0.9197459427267313,-0.007751919329166412,0.0019649118185043335,-0.013831570744514465,29854.8359375,12278.267578125,17576.568359375,29788.0625,12223.5009765625,17564.560546875,0.002236603759229183,0.004460450261831284,0.0006831716164015234,0.22366037592291832,-0.5513997804373503,0.7842160817235708,-0.7192438947968185,1.0161215618252755,0.6361932344734669,-0.21329638551920638,0.9217219133675099,317.7352034872165,317.7352034872165,greedy,0.9217219133675099,0.0,hard_fault_cluster,0.0011904761904761917,True
188,N6677,observe,-0.47696301341056824,0.7728005361557007,0.5638346195220947,0.07404421806335448,0.5023203485012054,-0.47696301341056824,0.21413208544254303,0.7076148808002471,0.676497894525528,0.00214132085442543,-0.04354467988014221,0.0029682237654924393,0.0029682237654924393,0.17462239503860472,0.0011766329407691956,0.028673261404037476,-0.009146898984909058,29787.90625,12223.171875,17564.734375,29965.865234375,12263.3671875,17702.498046875,-0.005974202416837215,-0.0032884518150240183,-0.0078431973233819,-0.5974202416837215,0.334763603284955,1.1555402833223343,0.17193837137892842,1.8284363585710524,0.8317202135920524,0.6795820455765351,0.7728005361557007,318.5080040233722,318.5080040233722,greedy,0.7728005361557007,0.0,hard_fault_cluster,0.0020366598778004093,False
189,N1949,observe,-0.5172762870788574,0.5432198023796082,0.7289275348186492,-0.12127085924148556,0.35309287154674535,-0.5172762870788574,0.21307335793972015,0.44785795360803604,0.9782775402069092,0.0021307335793972013,-0.04096463322639465,0.0032020751386880875,0.0032020751386880875,0.07040026456117629,0.0042626336216926575,0.042273931205272675,-0.00755416601896286,29966.013671875,12263.693359375,17702.3203125,30223.189453125,12359.033203125,17864.15625,-0.008582248352468014,-0.00777415418997407,-0.00914207473397255,-0.8582248352468014,0.642538795247674,0.75429946154356,0.4803322204388678,0.7542798814177513,0.574499449133873,0.7175531050562858,0.5432198023796082,319.05122382575183,319.05122382575183,greedy,0.5432198023796082,0.0,hard_fault_cluster,0.007822685788787491,False
190,N714,observe,-0.20011423528194427,1.4574165247380735,2.893469703197479,0.03278984948992731,0.9473207410797478,-0.20011423528194427,0.22326494753360748,0.9737245686352252,2.5146286725997924,0.002232649475336075,-0.04473268985748291,0.0019214767962694168,0.0019214767962694168,-0.13895498886704444,0.013921547681093216,0.05727677047252655,-0.002055123448371887,30222.759765625,12358.306640625,17864.453125,30225.71484375,12367.921875,17857.79296875,-9.777658124221489e-05,-0.000778038171119988,0.0003728161391336471,-0.009777658124221489,1.6173411924391985,1.1327029952406882,1.4484513741917908,1.1329624184966087,1.2125548116862774,2.839434232823551,1.4574165247380735,320.5086403504899,320.5086403504899,greedy,1.4574165247380735,0.0,hard_fault_cluster,0.5299890948745911,False
191,N5873,observe,-0.36829203367233276,1.0569229222834111,2.4385605335235594,0.08442620113492011,0.6869998994842172,-0.36829203367233276,0.2141900211572647,0.7951655507087707,2.3361892163753506,0.002141900211572647,-0.050943613052368164,0.008148709312081337,0.008148709312081337,0.44174355715513225,0.011789370328187943,0.048943206667900085,-0.0016826465725898743,30226.603515625,12369.091796875,17857.51171875,30234.765625,12402.9775390625,17831.787109375,-0.00027003063587471843,-0.002739549847319722,0.001440548337996006,-0.027003063587471843,1.4012757632881403,0.9403193071484566,1.2345217154361308,0.9395832017064094,0.8742736101150512,2.4810518637299532,1.0569229222834111,321.5655632727733,321.5655632727733,greedy,1.0569229222834111,0.0,hard_fault_cluster,0.7986906710310964,False
192,N8789,control1,-0.32188138365745544,1.3185143862501718,1.0449218690395354,0.15302956971572712,0.8570343510626117,-0.32188138365745544,0.2129240185022354,0.9314132286934181,0.7473607897758483,0.0021292401850223543,-0.05661556124687195,0.012850025668740273,0.012850025668740273,0.7746393393725157,0.008252132683992386,0.039000943303108215,-0.002816237509250641,30234.80859375,12402.6923828125,17832.1171875,30046.0,12336.3173828125,17709.68359375,0.006244742311537266,0.005351660773158073,0.00686590326949954,0.6244742311537266,1.0509873125702143,0.9372969040647149,0.8816567794419825,0.9373231897130608,0.9737034570425749,0.8743649821542203,1.3185143862501718,322.8840776590235,322.8840776590235,greedy,1.3185143862501718,0.0,hard_fault_cluster,0.0012091898428053215,True
193,N8240,control1,-0.31602928042411804,1.184858471825719,1.0147286355495453,0.08933948375284673,0.7701580066867173,-0.31602928042411804,0.20787061750888824,0.7729568358510732,0.6745481789112091,0.0020787061750888822,-0.05804544687271118,0.013804955407977104,0.013804955407977104,0.5506489790230988,0.0034801512956619263,0.025135770440101624,-0.0061483606696128845,30045.7734375,12336.3173828125,17709.455078125,29930.236328125,12280.01953125,17650.216796875,0.00384536967612803,0.004563586320728064,0.0033450087066739798,0.384536967612803,0.569690702483058,0.8784381624683738,0.40343402279540896,0.878438102863729,0.9046910453587771,0.8618384878523648,1.184858471825719,324.0689361308492,324.0689361308492,greedy,1.184858471825719,0.0,hard_fault_cluster,0.0,True
194,N8239,control1,-0.23639672994613647,1.452747635394335,1.0635361850261686,0.2258905579149723,0.9442859630063177,-0.23639672994613647,0.20028133690357208,1.0464668229222296,0.7665595829486846,0.002002813369035721,-0.04578197002410889,0.01715485192835331,0.01715485192835331,1.0795255511999131,-0.004220403730869293,0.005263276398181915,-0.011946745216846466,29930.064453125,12279.919921875,17650.14453125,29859.703125,12238.953125,17620.75,0.002350857947021723,0.003336080117151141,0.001665398944169283,0.23508579470217228,-0.20460418425500393,1.0482900010049343,-0.367681325878948,1.0485911236703396,0.992312739789486,0.9034198377281428,1.452747635394335,325.52168376624354,325.52168376624354,greedy,1.452747635394335,0.0,hard_fault_cluster,0.0,True
195,N4551,observe,-0.03787359222769737,1.9185917104780672,3.2167064905166622,0.061798505336046215,1.2470846118107437,-0.03787359222769737,0.22261272370815277,0.8912964195013046,2.272144442796707,0.0022261272370815276,-0.0195905864238739,-0.021052030846476555,-0.021052030846476555,0.33243841267947566,0.016555316746234894,0.0733744204044342,-0.0059493184089660645,29859.521484375,12239.09765625,17620.423828125,30371.123046875,12331.380859375,18039.7421875,-0.017133615911006927,-0.00754003319889307,-0.02379729226231575,-1.7133615911006927,1.8570923674851656,2.2272915321690383,1.7059218478389084,2.4998346525532544,1.2831859946250916,2.4090708965063095,1.9185917104780672,327.4402754767216,327.4402754767216,greedy,1.9185917104780672,0.0,hard_fault_cluster,0.0,True
196,N723,observe,-0.027759384363889694,2.4394790221750737,3.4217198610305783,0.22553403690457344,1.585661364413798,-0.027759384363889694,0.22251223027706146,1.8783719062805175,3.037055683135986,0.0022251223027706145,-0.039163053035736084,-0.012877972796559334,-0.012877972796559334,-0.10203251451253903,0.01745709776878357,0.07094515860080719,-0.004174552857875824,30371.14453125,12330.638671875,18040.505859375,30594.138671875,12462.66015625,18131.478515625,-0.007342302706092596,-0.010706784203648567,-0.005042688921093941,-0.7342302706092596,1.955344034358859,2.313354490399361,1.7981183412484825,2.3090850573778154,2.0414905503392218,3.4269688577204938,2.4394790221750737,329.87975449889666,329.87975449889666,greedy,2.4394790221750737,0.0,hard_fault_cluster,0.004094165813715459,False
197,N715,observe,-0.053857024759054184,2.8707360333204273,3.042690241336822,0.8520277577638626,1.8659784216582778,-0.053857024759054184,0.22019489109516144,5.333196589350701,5.999999999999999,0.0022019489109516145,-0.03866240382194519,-0.010815346613526344,-0.010815346613526344,0.6175140947103499,0.01825540140271187,0.07375600934028625,-0.003799222409725189,30592.4765625,12461.6787109375,18130.796875,30742.37890625,12561.875,18180.50390625,-0.004899973981082439,-0.00804035272449255,-0.002741580130532384,-0.48999739810824394,2.034919684752822,2.912084985971451,1.8778850263915956,2.7475838196277618,3.353107064962387,4.279519592225551,2.8707360333204273,332.7504905322171,332.7504905322171,greedy,2.8707360333204273,0.0,hard_fault_cluster,0.6329113924050632,False
198,N725,observe,-0.08209193497896194,2.8869244785606862,3.125699067115783,0.7723867420852184,1.8765009110644462,-0.08209193497896194,0.21816925704479218,5.301623293012381,5.999999999999999,0.002181692570447922,-0.03812742233276367,-0.013206468895077705,-0.013206468895077705,-0.5375964914262297,0.018929198384284973,0.0762205421924591,-0.0036374181509017944,30744.00390625,12562.8720703125,18181.1328125,30848.189453125,12629.314453125,18218.875,-0.003388808574527502,-0.005288789048790932,-0.0020758984610438347,-0.3388808574527502,2.097882626578212,4.835639552175999,1.944160535465926,4.906346015036106,3.791853481531143,4.564704762995243,2.8869244785606862,335.6374150107778,335.6374150107778,greedy,2.8869244785606862,0.0,hard_fault_cluster,0.0006250000000000699,True
199,N706,observe,-0.10852379351854324,2.7416542428731923,3.213140153884887,0.5884834831953049,1.782075257867575,-0.10852379351854324,0.2167939990758896,4.241904279589653,5.118795919418335,0.0021679399907588957,-0.03706449270248413,-0.01489916630089283,-0.01489916630089283,-0.42523633182048803,0.019168395549058914,0.07778243720531464,-0.00366104394197464,30847.041015625,12628.93359375,18218.107421875,30908.2109375,12666.154296875,18242.056640625,-0.0019830078817903996,-0.00294725620187819,-0.001314583234488964,-0.19830078817903996,2.118734387680888,3.7803206455707548,1.9673132630996406,3.7613870394229885,3.1933119088411335,4.175652740746736,2.7416542428731923,338.379069253651,338.379069253651,greedy,2.7416542428731923,0.0,hard_fault_cluster,0.0,True
200,N6673,observe,-0.13102726638317108,2.4940265551209446,3.3281431198120117,0.3368088915944099,1.621117260828614,-0.13102726638317108,0.2130991369485855,2.8135619074106217,3.911160802841186,0.002130991369485855,-0.037441641092300415,-0.013986365869641304,-0.013986365869641304,-0.8311833059787751,0.01900450512766838,0.07794678211212158,-0.00434538722038269,30908.330078125,12666.62109375,18241.708984375,30922.28125,12682.5400390625,18239.7421875,-0.00045137255801819265,-0.0012567633530125022,0.0001078186760423705,-0.045137255801819265,2.0995632838457823,2.9668059277534486,1.9502287055365741,2.9590346026420593,2.583292108774185,3.77913987070322,2.4940265551209446,340.87309580877195,340.87309580877195,greedy,2.4940265551209446,0.0,hard_fault_cluster,0.0,True
201,N8607,control1,-0.31390175223350525,2.1834792949818076,1.450316309928894,0.4585663868300617,1.419261541738175,-0.31390175223350525,0.20497651398181915,2.4835491924546655,1.9023129999637605,0.0020497651398181916,-0.045046597719192505,-0.0023775119334459305,-0.0023775119334459305,0.6364153237082064,0.013297446072101593,0.06391893327236176,-0.005059875547885895,30923.265625,12683.107421875,18240.158203125,30749.59375,12619.40625,18130.1875,0.0056162201799452305,0.005022520665079355,0.006029043346643448,0.561622017994523,1.5323436092585325,2.0632121685519813,1.3803943577222526,2.0460968855395913,1.9698136911727486,1.5771691411221398,2.1834792949818076,343.05657510375374,343.05657510375374,greedy,2.1834792949818076,0.0,hard_fault_cluster,0.0006784260515603052,True
202,N652,control1,-0.30374154448509216,2.0454184573888776,1.4578303575515745,0.40862616240978233,1.3295219973027705,-0.30374154448509216,0.21607168018817902,2.461326362937689,1.9833764731884,0.00216071680188179,-0.044371068477630615,0.0018752571195363998,0.0018752571195363998,0.40125044330954546,0.013941265642642975,0.06696759164333344,-0.004266783595085144,30746.35546875,12614.375,18131.98046875,30696.11328125,12580.98828125,18115.125,0.0016340859001502395,0.0026467200368642807,0.000929598871152848,0.16340859001502395,1.612073501572013,2.0414589977264406,1.4486132985912263,2.0266632890701293,1.9359870366752148,1.3030309461429714,2.0454184573888776,345.10199356114265,345.10199356114265,greedy,2.0454184573888776,0.0,hard_fault_cluster,0.000808407437348514,True
203,N8238,control1,-0.23895026743412018,2.1374955161404796,1.6683222293853759,0.31896072199800984,1.3893720854913119,-0.23895026743412018,0.2171519249677658,1.9950103081413542,1.5485308051109312,0.002171519249677658,-0.05248391628265381,0.0062447283416986465,0.0062447283416986465,0.3602097806124948,0.01274247094988823,0.0615927055478096,-0.0033877044916152954,30699.48828125,12586.2109375,18113.27734375,30509.78515625,12506.3671875,18003.41796875,0.0061793578788638115,0.006343747954815626,0.006065129768103361,0.6179357878863811,1.4976437482982874,1.6978125510876998,1.330096258316189,1.6893895564740524,1.8489165692939424,1.5468405268708012,2.1374955161404796,347.2394890772831,347.2394890772831,greedy,2.1374955161404796,0.0,hard_fault_cluster,0.000780031201247964,True
204,N8606,control1,-0.1962212473154068,1.979416000396013,1.6083426356315613,0.2839812232553959,1.2866204002574084,-0.1962212473154068,0.21505026519298553,1.8293146558105946,1.4374669909477233,0.0021505026519298555,-0.05626681447029114,0.011555923148989677,0.011555923148989677,0.34233871921896936,0.010757938027381897,0.055750422179698944,-0.003260798752307892,30509.884765625,12506.419921875,18003.46484375,30277.8671875,12394.994140625,17882.873046875,0.007604669313877821,0.00890948623418808,0.006698254961520433,0.7604669313877821,1.302399991080165,1.6794641691446304,1.1324453498236835,1.6746660190820692,1.739745583385229,1.4901115969941021,1.979416000396013,349.2189050776791,349.2189050776791,greedy,1.979416000396013,0.0,hard_fault_cluster,0.0,True
205,N7436,observe,-0.08366281539201736,1.2707300740480425,3.1324405431747433,-0.40218887925147984,0.8259745481312276,-0.08366281539201736,0.22321699559688568,1.5729567915201192,3.6003726482391354,0.002232169955968857,-0.021239042282104492,-0.01929987035691738,-0.01929987035691738,-4.3687223035097125,0.0162266343832016,0.08978080749511719,-0.008130855858325958,30277.31640625,12394.91015625,17882.40625,30905.365234375,12524.908203125,18380.45703125,-0.02074321359395981,-0.01048801839351654,-0.027851440012454987,-2.074321359395981,1.8265805635601282,2.0300298511981962,1.673642719630152,2.0545046865940093,2.119903674721718,2.952937388569117,1.2707300740480425,350.48963515172716,350.48963515172716,greedy,1.2707300740480425,0.0,hard_fault_cluster,0.0,True
206,N5879,observe,-0.1364944726228714,1.0081250593066216,2.853556406497955,-0.31495223939418787,0.655281288549304,-0.1364944726228714,0.22207064926624298,0.6177108988165856,2.561895442008972,0.0022207064926624298,-0.011986762285232544,-0.03052636794745922,-0.03052636794745922,-1.2626381632685661,0.012511122971773148,0.09445643424987793,-0.012319669127464294,30905.890625,12525.4970703125,18380.39453125,31577.02734375,12798.31640625,18778.7109375,-0.021715495735406876,-0.02178111858665943,-0.021670721471309662,-2.1715495735406876,1.4426565784960985,0.8914817541837693,1.2989983675070107,0.8958771437406541,1.0912945076823235,2.2843414299935105,1.0081250593066216,351.4977602110338,351.4977602110338,greedy,1.0081250593066216,0.0,hard_fault_cluster,0.9528907922912204,False
207,N4521,observe,-0.13853731751441956,1.1554340422153473,2.7781921982765194,-0.0929469466209411,0.7510321274399757,-0.13853731751441956,0.2251916080713272,1.1032752141356468,2.8755929589271543,0.002251916080713272,-0.0006687045097351074,-0.03942454606294632,-0.03942454606294632,-2.046605190336704,0.00956832617521286,0.09708867967128754,-0.01529344916343689,31576.927734375,12798.109375,18778.818359375,31956.2109375,12954.8603515625,19001.3515625,-0.01201140321791172,-0.012247978709638119,-0.011850223876535892,-1.201140321791172,1.142599679529667,0.7599726182222366,1.0032743830233812,0.7611493569612503,1.262992338836193,2.8752845751494167,1.1554340422153473,352.6531942532491,352.6531942532491,greedy,1.1554340422153473,0.0,hard_fault_cluster,1.0610997963340123,False
208,N5473,observe,-0.31173160672187805,1.0573514786362648,2.5013123631477354,0.09905900746583939,0.6872784611135722,-0.31173160672187805,0.22719021141529083,0.9543191879987716,2.5172866106033323,0.002271902114152908,-0.013079345226287842,-0.029971731826663017,-0.029971731826663017,-0.26730664849281316,0.010050591081380844,0.09505046904087067,-0.013449348509311676,31954.97265625,12953.9326171875,19001.0390625,32105.19140625,13080.9970703125,19024.1953125,-0.004700950812548399,-0.009808948263525963,-0.0012186833191663027,-0.4700950812548399,1.2022775877267122,0.964605666399002,1.0543637280352414,0.9595329117774963,0.8948932260274887,2.681680596917867,1.0573514786362648,353.7105457318854,353.7105457318854,greedy,1.0573514786362648,0.0,hard_fault_cluster,1.4189189189189186,False
209,N703,observe,-0.22356313467025757,1.2617580665647983,2.7527382612228393,0.023423828631639484,0.8201427432671189,-0.22356313467025757,0.2297355979681015,0.8947020694613457,2.476271694898605,0.002297355979681015,-0.019012510776519775,-0.03343259543180466,-0.03343259543180466,-0.3606952512264252,0.013196062296628952,0.09315869212150574,-0.010276749730110168,32105.515625,13081.06640625,19024.44921875,32009.6875,13084.2705078125,18925.41796875,0.0029847868718206882,-0.0002449419116601348,0.005205472465604544,0.2984786871820688,1.515909232199192,1.1334007221460343,1.3686819802969694,1.131886346936226,1.1236774668097498,2.830390353426337,1.2617580665647983,354.97230379845024,354.97230379845024,greedy,1.2617580665647983,0.0,hard_fault_cluster,1.94,False
210,N6573,observe,-0.23132666945457458,1.0191800466179848,2.7721769571304318,-0.20978341400623318,0.6624670303016902,-0.23132666945457458,0.2314148098230362,0.7018924176692962,2.5491348862648007,0.002314148098230362,0.004012435674667358,-0.04400113224983215,-0.04400113224983215,-1.199268680214882,0.011025656014680862,0.09914083778858185,-0.013943277299404144,32009.400390625,13084.201171875,18925.19921875,32118.150390625,13069.74609375,19048.404296875,-0.0033974393736571074,0.0011047734878957272,-0.006510107312351465,-0.33974393736571074,1.2899792790412903,0.7461462581157684,1.1494190208613873,0.7466770672798156,1.0894318282604218,2.808130688369274,1.0191800466179848,355.9914838450682,355.9914838450682,greedy,1.0191800466179848,0.0,hard_fault_cluster,1.1363636363636367,False
211,N7550,observe,-0.34295907616615295,1.2057737068831922,2.5947459101676937,0.11706388697028158,0.7837529094740749,-0.34295907616615295,0.22941376268863678,1.014231302589178,2.4870175182819363,0.002294137626886368,-0.017943918704986572,-0.03069860301911831,-0.03069860301911831,-0.3914285312592984,0.012014288455247879,0.08890043199062347,-0.0101642906665802,32117.80078125,13069.291015625,19048.509765625,31986.373046875,13094.361328125,18892.01171875,0.004092052578926086,-0.0019182610558345914,0.008215763606131077,0.40920525789260864,1.4001440051943064,1.158336146771908,1.2511076354421675,1.154357143342495,1.1193783305585385,2.82759591486305,1.2057737068831922,357.1972575519514,357.1972575519514,greedy,1.2057737068831922,0.0,hard_fault_cluster,0.39999999999999963,False
212,N705,observe,-0.2172071635723114,1.4547113747894764,2.8779220342636105,0.04378921046853065,0.9455623936131597,-0.2172071635723114,0.2308139055967331,0.9727709285914896,2.4927077770233153,0.002308139055967331,-0.02125146985054016,-0.02950212173163891,-0.02950212173163891,-0.1706742380559445,0.013745661824941635,0.09064079821109772,-0.009354926645755768,31986.6953125,13094.5986328125,18892.09765625,31827.12890625,13041.7138671875,18785.416015625,0.004988524131476879,0.004038670100271702,0.005646892357617617,0.4988524131476879,1.5758779663592577,1.1211692628264427,1.424894128460437,1.1200648364424706,1.2219733096659184,2.894282651282847,1.4547113747894764,358.6519689267409,358.6519689267409,greedy,1.4547113747894764,0.0,hard_fault_cluster,0.0,True
213,N5725,observe,-0.25503385066986084,1.1206217631697655,2.8368154525756832,-0.193115159869194,0.7284041460603475,-0.25503385066986084,0.23020772635936737,0.7387739926576615,2.5441114068031307,0.002302077263593674,0.0035007596015930176,-0.042394980788230896,-0.042394980788230896,-1.6084346795082092,0.01194661483168602,0.09710681438446045,-0.013068132102489471,31828.0078125,13042.65234375,18785.35546875,31941.931640625,13017.294921875,18924.63671875,-0.00357935787178576,0.0019441921031102538,-0.007414352614432573,-0.357935787178576,1.3824742287397385,0.8314364159107208,1.241614669561386,0.8355944299697876,1.165474644303322,2.857558518797159,1.1206217631697655,359.77259068991066,359.77259068991066,greedy,1.1206217631697655,0.0,hard_fault_cluster,0.21857923497267737,False
214,N719,observe,-0.23788073658943176,1.4246191233024001,2.8547705531120298,0.04358171682804824,0.9260024301465601,-0.23788073658943176,0.22938193380832672,0.9931928245350717,2.5191402077674865,0.002293819338083267,-0.013716638088226318,-0.031090153381228447,-0.031090153381228447,-1.0727210653945805,0.012242205440998077,0.09497496485710144,-0.01151922345161438,31941.576171875,13016.544921875,18925.03125,31902.98828125,13049.3974609375,18853.58984375,0.001208077184855938,-0.002523906296119094,0.003774968907237053,0.1208077184855938,1.422512324526906,1.0530168349295854,1.2737934892065823,1.0493878061324358,1.242153205163777,2.9073995833564545,1.4246191233024001,361.1972098132131,361.1972098132131,greedy,1.4246191233024001,0.0,hard_fault_cluster,0.0,True
215,N1598,observe,-0.5259768962860107,0.5606631523370743,1.2004033625125885,-0.11397361159324643,0.36443104901909834,-0.5259768962860107,0.22021712362766266,0.453815533220768,0.7818442821502685,0.0022021712362766265,-0.008379042148590088,-0.030565170571208,-0.030565170571208,-0.3556870868802071,0.008425883948802948,0.0895565003156662,-0.013303801417350769,31902.94140625,13050.0283203125,18852.9140625,32254.8671875,13244.11328125,19010.75390625,-0.011031138710677624,-0.014872378669679165,-0.00837217178195715,-1.1031138710677624,1.0322403479367495,0.6482980954647064,0.8900013831444085,0.6477732944488526,0.5907870799303054,0.8812317636609077,0.5606631523370743,361.7578729655502,361.7578729655502,greedy,0.5606631523370743,0.0,hard_fault_cluster,0.010615711252653938,False
216,N7439,observe,-0.3719397783279419,1.0101270186901092,2.7226823329925534,-0.1601625800132751,0.656582562148571,-0.3719397783279419,0.23017363250255585,0.7573108240962029,2.561644351482391,0.0023017363250255585,0.006651967763900757,-0.04337116330862045,-0.04337116330862045,-1.2361438670754432,0.010324198752641678,0.09695498645305634,-0.014001607894897461,32254.4609375,13243.8740234375,19010.5859375,32170.7578125,13129.6171875,19041.140625,0.0025950868148356676,0.008627146482467651,-0.0016072459984570742,0.25950868148356676,1.2192223444581032,0.7992218738794328,1.0791204925626516,0.799559081196785,1.1050948336720468,2.81831164188683,1.0101270186901092,362.7679999842403,362.7679999842403,greedy,1.0101270186901092,0.0,hard_fault_cluster,1.218978102189781,False
217,N6667,observe,-0.3370637595653534,1.3644143204391002,2.718800151348114,0.116518080085516,0.8868693082854151,-0.3370637595653534,0.23755572736263275,1.172837269306183,2.642039632797241,0.0023755572736263277,-0.008029460906982422,-0.029772689566016197,-0.029772689566016197,-0.5538842359185219,0.011295236647129059,0.09583999216556549,-0.011897914111614227,32170.3203125,13129.2080078125,19041.111328125,32123.80078125,13173.671875,18950.12890625,0.0014460388338193297,-0.0033866374287754297,0.004778209608048201,0.14460388338193297,1.3373067025095224,1.1177435940504075,1.18146942416206,1.110455388426781,1.250794191658497,2.9130162245780227,1.3644143204391002,364.1324143046794,364.1324143046794,greedy,1.3644143204391002,0.0,hard_fault_cluster,2.931818181818182,False
218,N679,observe,-0.2872640788555145,1.7343388927727936,3.048103082180023,0.08249495543539526,1.127320280302316,-0.2872640788555145,0.23481778800487518,1.138735419884324,2.424661469459534,0.0023481778800487517,-0.013887614011764526,-0.026426544412970543,-0.026426544412970543,-0.7114046344906091,0.011765170842409134,0.09461572766304016,-0.011020936071872711,32124.18359375,13173.728515625,18950.455078125,31994.029296875,13130.529296875,18863.5,0.004051598720252514,0.0032791944686323404,0.004588548094034195,0.4051598720252514,1.384908327832818,1.168067335933447,1.2286148951388896,1.1625496028363707,1.4016428645700216,2.9551668161712588,1.7343388927727936,365.86675319745217,365.86675319745217,greedy,1.7343388927727936,0.0,hard_fault_cluster,1.0438756855575866,False
219,N734,observe,-0.27367329597473145,1.892142713032663,3.1637576818466187,0.08828907769173387,1.2298927634712309,-0.27367329597473145,0.2316504269838333,1.184422898851335,2.4918282270431518,0.002316504269838333,-0.01620665192604065,-0.022714762017130852,-0.022714762017130852,-0.04903273876756431,0.012120667845010757,0.09358111023902893,-0.010528132319450378,31993.41796875,13130.06640625,18863.3515625,31891.236328125,13084.427734375,18806.80859375,0.003193833166733384,0.0034758904948830605,0.002997503848746419,0.3193833166733384,1.4210024494677782,1.203563462868333,1.2643007007427514,1.198061125651002,1.4471632564440369,3.005315997088328,1.892142713032663,367.75889591048485,367.75889591048485,greedy,1.892142713032663,0.0,hard_fault_cluster,0.0,True
220,N4529,observe,-0.3173277676105499,1.622126053571701,3.128739273548126,-0.07841182947158812,1.0543819348216057,-0.3173277676105499,0.23340649902820587,1.092478561401367,2.7262433290481565,0.002334064990282059,0.004577934741973877,-0.03861477971076965,-0.03861477971076965,-1.2470917570590974,0.011424724012613297,0.09825266897678375,-0.013474829494953156,31891.9921875,13085.5498046875,18806.443359375,31930.51953125,13024.888671875,18905.630859375,-0.00120805692858994,0.004635734483599663,-0.0052741230465471745,-0.12080569285899401,1.3372641205787659,0.8993237185478211,1.1911703310906887,0.9004518556594849,1.4793949633836747,3.061606726199388,1.622126053571701,369.3810219640566,369.3810219640566,greedy,1.622126053571701,0.0,hard_fault_cluster,0.36444444444444457,False
221,N2151,observe,-0.33067697286605835,1.5463440568745137,2.832099890708923,0.13959176197648052,1.005123636968434,-0.33067697286605835,0.2398080974817276,1.288263511657715,2.703861892223358,0.002398080974817276,-0.012112200260162354,-0.024671046063303947,-0.024671046063303947,-0.4820713159441948,0.010892581194639206,0.09593544900417328,-0.012725695967674255,31930.26171875,13024.71484375,18905.546875,31938.7734375,13084.91015625,18853.86328125,-0.00026657216949388385,-0.0046216221526265144,0.0027337793726474047,-0.026657216949388385,1.3043951708823442,1.0937773722410202,1.1430423823185265,1.0793837803602218,1.3543979510664939,2.9803586681932206,1.5463440568745137,370.92736602093106,370.92736602093106,greedy,1.5463440568745137,0.0,hard_fault_cluster,0.0,True
222,N8237,control1,-0.3260768949985504,2.1293325072526934,1.613147974014282,0.2583548408746719,1.3840661297142507,-0.3260768949985504,0.2468210905790329,1.9117098607122895,1.5902802050113678,0.002468210905790329,-0.018689632415771484,-0.016948072239756584,-0.016948072239756584,0.42718209341168395,0.00978567823767662,0.09130685031414032,-0.012191817164421082,31939.51953125,13085.109375,18854.41015625,31936.751953125,13102.177734375,18834.57421875,8.665058703627437e-05,-0.0013044108636677265,0.0010520581854507327,0.008665058703627437,1.2084408421069384,1.153501937687397,1.0360360783524811,1.1325280824303625,1.7918183006346227,1.296936228312552,2.1293325072526934,373.05669852818374,373.05669852818374,greedy,2.1293325072526934,0.0,hard_fault_cluster,0.0012239902080782004,True
223,N902,control1,-0.25746476650238037,2.3950397667288783,1.8080344557762147,0.27699943274259564,1.556775848373771,-0.25746476650238037,0.25191354751586914,1.9788291744887827,1.5783625543117523,0.0025191354751586915,-0.023678213357925415,-0.009801296517252922,-0.009801296517252922,0.7944899933040142,0.008682087063789368,0.09206117689609528,-0.011919312179088593,31932.501953125,13092.599609375,18839.90234375,31925.638671875,13085.201171875,18840.4375,0.00021493090025614947,0.0005650854436680675,-2.8405467674019746e-05,0.021493090025614947,1.110320957377553,1.1593002483993768,0.9287367691285908,1.1430753276497125,1.8863702975213528,1.2360291274264457,2.3950397667288783,375.4517382949126,375.4517382949126,greedy,2.3950397667288783,0.0,hard_fault_cluster,0.0,True
224,N8605,control1,-0.2222488671541214,2.1863908898085356,1.6790345788002012,0.25849600993096833,1.421154078375548,-0.2222488671541214,0.25744426250457764,1.8816142093390227,1.5333773255348204,0.0025744426250457766,-0.027809113264083862,-0.008886685594916344,-0.008886685594916344,0.666595342233777,0.00880362093448639,0.08896225690841675,-0.011574432253837585,31929.41796875,13094.93359375,18834.484375,31898.90625,13083.7265625,18815.1796875,0.0009555989527143538,0.0008558295667171478,0.001024964964017272,0.09555989527143538,1.1289196703583002,1.1776625594124197,0.9425014876760542,1.1638399442657827,1.7907070595771075,1.1784999363310635,2.1863908898085356,377.63812918472115,377.63812918472115,greedy,2.1863908898085356,0.0,hard_fault_cluster,0.0,True
225,N8236,control1,-0.18455038964748383,2.0295509377121927,1.6207089781761168,0.21460551053285595,1.3192081095129253,-0.18455038964748383,0.26002955436706543,1.691704649478197,1.406386214494705,0.0026002955436706544,-0.02975180745124817,-0.007308406755328178,-0.007308406755328178,0.5068826611340045,0.008841745555400848,0.08769245445728302,-0.010960333049297333,31899.111328125,13083.865234375,18815.24609375,31856.43359375,13058.861328125,18797.572265625,0.001337897265329957,0.0019110488938167691,0.0009393354994244874,0.1337897265329957,1.136895703151822,1.1607551082968712,0.9473548424430192,1.151061873137951,1.6631327219307421,1.0994178241863846,2.0295509377121927,379.66768012243335,379.66768012243335,greedy,2.0295509377121927,0.0,hard_fault_cluster,0.0,True
226,N515,control1,-0.1117367222905159,2.046270862147212,1.6476446986198425,0.20946990869939325,1.3300760603956878,-0.1117367222905159,0.2619810104370117,1.6282568611204624,1.3365159153938293,0.0026198101043701173,-0.030979514122009277,-0.004895178601145744,-0.004895178601145744,0.5891766554117202,0.008967936038970947,0.08987684547901154,-0.01033993810415268,31854.201171875,13053.669921875,18800.53125,31828.349609375,13031.189453125,18797.16015625,0.0008115589735098183,0.0017221570014953613,0.00017930843750946224,0.08115589735098183,1.1538794357329607,1.2115177175402643,0.9610650618560612,1.2039218625426293,1.622030133008957,1.1517718570679427,2.046270862147212,381.71395098458055,381.71395098458055,greedy,2.046270862147212,0.0,hard_fault_cluster,0.0,True
227,N7442,control0,-0.27111852169036865,1.0717170824483038,2.648086082935333,-0.016981190815567954,0.6966161035913975,-0.27111852169036865,0.2449248880147934,0.7752363147214055,2.427113026380539,0.002449248880147934,-0.03405267000198364,-0.016853827983140945,-0.016853827983140945,-0.5483076252415777,0.005037829279899597,0.07148340344429016,-0.013730615377426147,31828.94921875,13036.12109375,18792.828125,31658.228515625,12871.505859375,18786.72265625,0.005363692529499531,0.012627623975276947,0.000324882916174829,0.5363692529499531,0.7318539880216122,0.7674137609452009,0.5608006929978728,0.7701639371365309,1.0339266939088703,2.1211631734203547,1.0717170824483038,382.78566806702884,382.78566806702884,greedy,1.0717170824483038,0.0,hard_fault_cluster,0.0,True
228,N7855,control0,-0.3715234696865082,2.9633345417678356,3.0307788372039792,0.9372837133705617,1.9261674521490932,-0.3715234696865082,0.23367629945278168,5.55326227620244,5.999999999999999,0.002336762994527817,-0.03467839956283569,-0.011311909183859825,-0.011311909183859825,1.0964803259074687,0.003853216767311096,0.07285642623901367,-0.013688519597053528,31658.10546875,12871.3583984375,18786.748046875,31452.912109375,12748.435546875,18704.4765625,0.006481542717665434,0.009550106711685658,0.004379229620099068,0.6481542717665434,0.6076860670000315,5.994502544105053,0.4409127742983401,5.994502544105053,4.056028860807419,4.109898902177811,2.9633345417678356,385.7490026087967,385.7490026087967,greedy,2.9633345417678356,0.0,hard_fault_cluster,0.0,True
229,N5456,observe,-0.4771464765071869,6.501712822914124,5.999999999999999,0.7010899782180786,4.226113334894181,-0.4771464765071869,0.23317967355251312,5.94182926416397,3.7768036723136893,0.0023317967355251314,-0.03238344192504883,-0.009050427004694939,-0.009050427004694939,1.5124814695796156,0.00429704412817955,0.07731461524963379,-0.013614177703857422,31452.205078125,12747.869140625,18704.3359375,31501.25390625,12783.4873046875,18717.767578125,-0.0015594718279317021,-0.0027940485160797834,-0.0007181030232459307,-0.1559471827931702,0.6538336593657732,6.640543128178051,0.48573672445490956,6.640543128178051,6.101360762119294,4.771310201883317,6.501712822914124,392.2507154317108,392.2507154317108,greedy,6.501712822914124,0.0,hard_fault_cluster,0.0,True
230,N5422,observe,-0.5151138305664062,6.625866369605064,5.999999999999999,0.7800967806577683,4.306813140243292,-0.5151138305664062,0.23393277823925018,6.047182121872901,4.4871547400951375,0.002339327782392502,-0.03011244535446167,-0.0095518808811903,-0.0095518808811903,0.6912395972013472,0.004883989691734314,0.08114215731620789,-0.013299919664859772,31501.3359375,12783.548828125,18717.787109375,31540.08984375,12796.0791015625,18744.01171875,-0.0012302305549383163,-0.000980187440291047,-0.0014010529266670346,-0.12302305549383163,0.7127798665314913,6.512434788942338,0.5444941935129464,6.512434788942338,6.063790747523308,5.108143352419138,6.625866369605064,398.87658180131587,398.87658180131587,greedy,6.625866369605064,0.0,hard_fault_cluster,0.10887233322045373,False
231,N7432,observe,-0.36592841148376465,6.024134967327118,5.999999999999999,0.39717679738998435,3.915687728762627,-0.36592841148376465,0.2433301955461502,5.501093137264252,5.999999999999999,0.002433301955461502,-0.00864294171333313,-0.02944999746978283,-0.02944999746978283,-1.5562086176872254,0.007949739694595337,0.09623074531555176,-0.016068406403064728,31540.66796875,12796.6220703125,18744.046875,31562.50390625,12761.330078125,18801.173828125,-0.0006923105684109032,0.002757914597168565,-0.0030477384570986032,-0.06923105684109032,1.008854167535901,6.199434394836426,0.8484440189786255,6.199434394836426,6.0684885621070865,6.044517565369606,6.024134967327118,404.900716768643,404.900716768643,greedy,6.024134967327118,0.0,hard_fault_cluster,0.36518144235186034,False
232,N5202,observe,-0.5242434740066528,2.127544714026153,3.0456036925315857,0.3347617968544364,1.3829040641169996,-0.5242434740066528,0.2399037629365921,2.8530166214331985,4.0588964939117425,0.002399037629365921,-0.028026282787322998,-0.01801162026822567,-0.01801162026822567,-0.7691873487457633,0.003711707890033722,0.08032822608947754,-0.014940023422241211,31562.001953125,12760.810546875,18801.19140625,31571.541015625,12793.98828125,18777.552734375,-0.00030223248177208006,-0.002599970670416951,0.0012572965351864696,-0.030223248177208006,0.5930629316717386,1.9387697807699442,0.4266438246704638,1.928788744583726,2.3407003143802285,3.0964552043471487,2.127544714026153,407.02826148266917,407.02826148266917,greedy,2.127544714026153,0.0,hard_fault_cluster,0.36776315789473696,False
233,N1874,observe,-0.5153799653053284,5.46318336546421,4.816767311096191,1.0083070689439773,3.5510691875517364,-0.5153799653053284,0.2358219474554062,6.089885614812374,2.3999999999999995,0.002358219474554062,-0.03144785761833191,-0.010683869943022728,-0.010683869943022728,0.875725105702877,0.004912931472063065,0.07587026059627533,-0.011557459831237793,31572.32421875,12794.7890625,18777.53515625,31474.064453125,12794.943359375,18679.12109375,0.0031122120562940836,-1.2059353139193263e-05,0.005241053178906441,0.31122120562940836,0.7164312247186899,6.3145021599531175,0.5475776665844023,6.3145021599531175,5.196592758595942,4.0077852930873625,5.46318336546421,412.49144484813337,412.49144484813337,greedy,5.46318336546421,0.0,hard_fault_cluster,0.17237640936686902,False
234,N6581,observe,-0.4313141107559204,6.13773471146822,5.999999999999999,0.4694675436615944,3.9895275624543434,-0.4313141107559204,0.23744644224643707,3.972643212974071,4.178776240348816,0.0023744644224643705,-0.040280550718307495,-0.003717774525284767,-0.003717774525284767,-0.2550048431754113,0.007209707051515579,0.07506948709487915,-0.008970528841018677,31473.134765625,12794.162109375,18678.97265625,31315.177734375,12744.533203125,18570.64453125,0.005018789321184158,0.0038790274411439896,0.005799469072371721,0.5018789321184158,0.9546993728727102,5.780140553116798,0.779402872081846,5.852853737473487,4.739465565979481,5.180652617886663,6.13773471146822,418.6291795596016,418.6291795596016,greedy,6.13773471146822,0.0,hard_fault_cluster,0.04231916480238617,False
235,N5334,observe,-0.49355295300483704,2.731644540131092,4.3623163223266594,-0.5116019636392594,1.77556895108521,-0.49355295300483704,0.23301972448825836,1.3748598918318748,3.1452048540115354,0.002330197244882584,-0.047845423221588135,-0.0013059284538030624,-0.0013059284538030624,0.6667807987332343,0.005009181797504425,0.0673607736825943,-0.009123079478740692,31314.84765625,12744.0830078125,18570.763671875,31147.62109375,12633.0751953125,18514.546875,0.005340168252587318,0.008710537105798721,0.0030271667055785656,0.5340168252587318,0.7326319757848978,2.562198267579079,0.5588466287590563,2.573553667664528,2.6490764275193213,3.2968996778875588,2.731644540131092,421.36082409973267,421.36082409973267,greedy,2.731644540131092,0.0,hard_fault_cluster,0.13955965909090917,False
236,N7380,observe,-0.4737452566623688,2.663753491044045,3.6806894063949582,0.15636997997760776,1.7314397691786292,-0.4737452566623688,0.23139838874340057,1.9226527318358424,1.5252657890319823,0.0023139838874340055,-0.04894092679023743,0.004450405016541481,0.004450405016541481,0.37416198223829267,0.00495649129152298,0.06402118504047394,-0.008283831179141998,31148.34375,12633.904296875,18514.439453125,30947.345703125,12556.8125,18390.533203125,0.006452928762882948,0.006101977080106735,0.006692411843687296,0.6452928762882948,0.73149792291224,2.6364859306812285,0.5546113275922835,2.6605715239048005,2.2343141987919806,2.3722186312824487,2.663753491044045,424.0245775907767,424.0245775907767,greedy,2.663753491044045,0.0,hard_fault_cluster,0.0,True
237,N1351,observe,-0.41940954327583313,2.322920221090317,3.7101830720901487,-0.12093585729598992,1.5098981437087062,-0.41940954327583313,0.23069171607494354,1.5192982196807863,2.1879748821258542,0.0023069171607494354,-0.04782441258430481,0.006379792466759682,0.006379792466759682,0.3760126540064811,0.007060203701257706,0.06400370597839355,-0.005907580256462097,30945.88671875,12555.1982421875,18390.6875,30777.556640625,12486.310546875,18291.24609375,0.005439497530460358,0.0054867868311703205,0.005407161079347134,0.5439497530460358,0.9430918786674738,2.3460570289194584,0.7652882472611964,2.355058736950159,1.975510686635971,3.0057411608099938,2.322920221090317,426.347497811867,426.347497811867,greedy,2.322920221090317,0.0,hard_fault_cluster,0.0,True
238,N4513,observe,-0.30988410115242004,1.2963558000326159,3.5170237779617306,-0.8284056365489958,0.8426312700212003,-0.30988410115242004,0.23533035814762115,0.6835726380348207,3.1275075197219846,0.0023533035814762115,-0.02496778964996338,-0.013079335913062096,-0.013079335913062096,-1.8729887068271638,0.01077260822057724,0.0900203138589859,-0.011822663247585297,30779.234375,12488.1865234375,18291.046875,31035.400390625,12495.1875,18540.212890625,-0.008322689682245255,-0.0005606079357676208,-0.013622294180095196,-0.8322689682245255,1.299511844292283,1.5741832256317139,1.1328235776163638,1.589858591556549,1.4166148960590363,3.020799682438373,1.2963558000326159,427.64385361189966,427.64385361189966,greedy,1.2963558000326159,0.0,hard_fault_cluster,0.0,True
239,N6660,observe,-0.44508984684944153,4.6099483618140225,4.333785128593444,0.8605065795779229,2.996466435179115,-0.44508984684944153,0.22628949582576752,5.624229058623314,5.304915118217467,0.002262894958257675,-0.04057812690734863,0.0022140536457300186,0.0022140536457300186,0.7647231781482695,0.008333861827850342,0.07478204369544983,-0.008808121085166931,31034.984375,12494.82421875,18540.16015625,31079.259765625,12590.197265625,18489.0625,-0.0014266284415498376,-0.00763300433754921,0.002756052650511265,-0.14266284415498376,1.0618897322565317,4.433355892896652,0.8905120701529086,4.378552569150925,4.148269486427306,4.512548839449882,4.6099483618140225,432.2538019737137,432.2538019737137,greedy,4.6099483618140225,0.0,hard_fault_cluster,0.0,True
240,N2159,observe,-0.33884504437446594,5.020731006860733,5.999999999999999,-0.3447899937629697,3.2634751544594764,-0.33884504437446594,0.2339569479227066,2.6488247334957125,3.9730864524841305,0.002339569479227066,-0.04530319571495056,0.003168867900967598,0.003168867900967598,0.7483522641658782,0.011110015213489532,0.07818016409873962,-0.007284529507160187,31079.421875,12590.3876953125,18489.03515625,31019.904296875,12607.146484375,18412.7578125,0.0019150156294927,-0.0013310781214386225,0.004125544801354408,0.19150156294927,1.3481273371726274,3.894689642190933,1.1702829753048718,3.9091488945484163,3.968999439477921,4.6798496356606485,5.020731006860733,437.2745329805744,437.2745329805744,greedy,5.020731006860733,0.0,hard_fault_cluster,0.00018218254691206669,True
241,N729,observe,-0.2333328276872635,4.0146995499730105,4.823774480819702,0.08081150203943253,2.6095547074824568,-0.2333328276872635,0.23031701147556305,2.3693593353033062,3.529221153259277,0.0023031701147556306,-0.04198300838470459,0.0007745791226625443,0.0007745791226625443,-0.3467598605155945,0.012588176876306534,0.0800323337316513,-0.0063453614711761475,31019.51171875,12606.28125,18413.23046875,30965.005859375,12581.5546875,18383.451171875,0.0017571476055309176,0.0019614477641880512,0.0016172771574929357,0.17571476055309176,1.489909278228879,2.222064329385758,1.3165905852802098,2.2199390542507174,2.733145368099213,3.876544489264488,4.0146995499730105,441.2892325305474,441.2892325305474,greedy,4.0146995499730105,0.0,hard_fault_cluster,0.7113071371291096,False
242,N699,observe,-0.19325412809848785,4.649718853235244,5.261038160324096,0.12715350270271306,3.0223172546029087,-0.19325412809848785,0.22635327279567719,2.6191220402717588,3.585265493392944,0.0022635327279567716,-0.04087415337562561,1.1119991540908813e-06,1.1119991540908813e-06,-0.061247365474701,0.013776741921901703,0.08070528507232666,-0.005729854106903076,30964.93359375,12581.7568359375,18383.177734375,30949.01171875,12583.376953125,18365.634765625,0.0005141905276104808,-0.00012876716209575534,0.0009542946936562657,0.05141905276104808,1.6040285769850016,2.429722315073013,1.434262788388878,2.4262931644916534,3.144063687324524,4.14364139676094,4.649718853235244,445.93895138378264,445.93895138378264,greedy,4.649718853235244,0.0,hard_fault_cluster,0.0,True
243,N7383,observe,-0.3747267425060272,2.997688588574529,3.804614639282226,0.267480760589242,1.9484975825734439,-0.3747267425060272,0.21806581318378448,2.164323105663061,0.7452699184417725,0.0021806581318378447,-0.0453454852104187,0.007962578907608986,0.007962578907608986,0.5152634632587433,0.010981783270835876,0.07160057127475739,-0.006444253027439117,30949.34765625,12584.0078125,18365.33984375,30824.0,12543.9873046875,18280.01171875,0.004050090443342924,0.0031802672892808914,0.004646149929612875,0.4050090443342924,1.3242067191749811,1.7721380376815794,1.154685425106436,1.7648100280761718,2.168675309419632,2.4929077950119973,2.997688588574529,448.93663997235717,448.93663997235717,greedy,2.997688588574529,0.0,hard_fault_cluster,0.0,True
244,N5439,observe,-0.4981423318386078,0.9411511627957224,2.5086089253425596,0.019143437407910822,0.6117482558172196,-0.4981423318386078,0.21543438732624054,0.9101039353758096,-0.8744178175926207,0.0021543438732624055,-0.04313540458679199,0.012544194236397743,0.012544194236397743,0.027706854783173186,0.008998915553092957,0.07548420131206512,-0.008089609444141388,30823.197265625,12543.310546875,18279.88671875,30962.08203125,12567.30078125,18394.78125,-0.004505852237343788,-0.0019125918624922633,-0.006285297684371471,-0.4505852237343788,1.127870136871934,0.9778041491647309,0.9568862006999552,0.9728934536119049,0.41551161408424375,0.9000825491547586,0.9411511627957224,449.8777911351529,449.8777911351529,greedy,0.9411511627957224,0.0,hard_fault_cluster,0.0,True
245,N5390,observe,-0.5380101203918457,1.1417720533907414,2.562450110912323,0.10275939777493476,0.7421518347039819,-0.5380101203918457,0.21815381944179535,1.2666416421532631,1.0591363281011579,0.0021815381944179533,-0.042099982500076294,0.012955257669091225,0.012955257669091225,0.16710776388645168,0.008669767528772354,0.07959321141242981,-0.008701153099536896,30961.974609375,12567.208984375,18394.765625,31065.77734375,12590.5947265625,18475.18359375,-0.003352587576955557,-0.0018608540995046496,-0.004371785558760166,-0.3352587576955557,1.098085829988122,1.0190805494785309,0.9247540221549571,1.010579663515091,0.5843456804752348,1.6326362762600182,1.1417720533907414,451.01956318854366,451.01956318854366,greedy,1.1417720533907414,0.0,hard_fault_cluster,0.25498575498575504,False
246,N708,observe,-0.28674963116645813,2.1313266667723654,3.412980008125305,0.03658787220716475,1.3853623334020375,-0.28674963116645813,0.22528709471225739,1.8017665803432465,3.4359027624130247,0.0022528709471225736,-0.04102841019630432,0.005658881738781929,0.005658881738781929,-0.16414179265499113,0.012337137013673782,0.08407855033874512,-0.0062575563788414,31065.900390625,12590.556640625,18475.34375,30978.607421875,12571.494140625,18407.11328125,0.0028099287301301956,0.0015140315517783165,0.003693055361509323,0.28099287301301956,1.4646596778184175,1.370169631242752,1.291450195480138,1.3626051580905914,1.513421431183815,3.083723930269479,2.1313266667723654,453.150889855316,453.150889855316,greedy,2.1313266667723654,0.0,hard_fault_cluster,1.1687141687141689,False
247,N4497,observe,-0.35584133863449097,0.8277090162038805,3.001359522342682,-0.6517237126827238,0.5380108605325223,-0.35584133863449097,0.2221960872411728,1.2802883803844456,3.7566318988800047,0.0022219608724117277,-0.013276278972625732,-0.01761793904006481,-0.01761793904006481,-2.6109513342380524,0.013206128031015396,0.09760749340057373,-0.011532969772815704,30979.46875,12572.609375,18406.859375,31319.587890625,12653.37890625,18666.208984375,-0.01097885612398386,-0.00642424589022994,-0.014089834876358509,-1.097885612398386,1.5251909513026476,0.8857404720783235,1.3717573401518166,0.8886516344547273,1.3456385165452955,2.974665035754442,0.8277090162038805,453.97859887151986,453.97859887151986,greedy,0.8277090162038805,0.0,hard_fault_cluster,0.12938816449348042,False
248,N6658,observe,-0.7000938057899475,0.7460408636927605,-1.3278564751148223,0.0884540292620659,0.48492656140029433,-0.7000938057899475,0.2241945117712021,1.4965272784233092,3.348181128501892,0.002241945117712021,-0.038013964891433716,-0.001786915585398674,-0.001786915585398674,0.06048786681145431,0.006969563663005829,0.07756905257701874,-0.009681925177574158,31319.0546875,12652.83984375,18666.21484375,31558.33203125,12803.7939453125,18754.5390625,-0.007639992516487837,-0.011930452659726143,-0.004731769207865,-0.7639992516487837,0.9193639624863863,0.5744312254525721,0.7525582653470337,0.5636724022962153,0.4941800728440284,0.21621704734861819,0.7460408636927605,454.72463973521263,454.72463973521263,greedy,0.7460408636927605,0.0,hard_fault_cluster,0.25490196078431376,False
249,N5373,observe,-0.5741716027259827,0.8475385692715645,2.5051020860671995,-0.05365568697452547,0.5509000700265169,-0.5741716027259827,0.22550950944423676,1.0816173344850541,3.0135119199752802,0.0022550950944423675,-0.034719318151474,-0.006970332935452461,-0.006970332935452461,-0.3653027415275574,0.009951766580343246,0.08320878446102142,-0.008683949708938599,31557.666015625,12803.193359375,18754.47265625,31604.802734375,12823.669921875,18781.1328125,-0.0014936693478375673,-0.0015993324341252446,-0.0014215358532965183,-0.14936693478375673,1.213715834543109,0.7760674947500229,1.0498114521615207,0.77173368871212,0.5382883131504057,2.4498874035477636,0.8475385692715645,455.5721783044842,455.5721783044842,greedy,0.8475385692715645,0.0,hard_fault_cluster,0.18989710009354535,False
250,N686,observe,-0.5217112302780151,1.2932062624394893,2.6963406085968016,0.0895798508822918,0.8405840705856681,-0.5217112302780151,0.22416795790195465,1.4434166595339777,0.0008695363998412198,0.0022416795790195466,-0.03695574402809143,-0.0022378508001565933,-0.0022378508001565933,0.2084491342306137,0.009778391569852829,0.07783471047878265,-0.005910351872444153,31605.283203125,12823.7421875,18781.541015625,31474.04296875,12804.541015625,18669.501953125,0.004152477718889713,0.0014973141951486468,0.005965381860733032,0.41524777188897133,1.199769264087081,1.0757098376750944,1.0333216837607324,1.0704191267490386,1.0179317384958266,1.4972520996630192,1.2932062624394893,456.8653845669237,456.8653845669237,greedy,1.2932062624394893,0.0,hard_fault_cluster,0.6998722860791826,False
251,N531,observe,-0.5729674696922302,1.0601797819137575,2.6250369071960447,-0.0005290508270263672,0.6891168582439424,-0.5729674696922302,0.22032026946544647,1.3133348554372788,0.8421017289161681,0.0022032026946544646,-0.04107347130775452,-0.0005318354815244675,-0.0005318354815244675,-0.2306060963869095,0.009779676795005798,0.08065755665302277,-0.006982631981372833,31478.98046875,12806.787109375,18672.193359375,31555.392578125,12810.5703125,18744.822265625,-0.0024274010211229324,-0.00029540612013079226,-0.0038896827027201653,-0.24274010211229324,1.1977561134845018,0.9785075795650482,1.0329147879965603,0.9727749478816985,0.7345877826213838,1.0998009666800501,1.0601797819137575,457.92556434883744,457.92556434883744,greedy,1.0601797819137575,0.0,hard_fault_cluster,0.2601476014760148,False
252,N533,observe,-0.5905589461326599,1.0441760995984077,2.6041550040245056,0.0065306964516639865,0.678714464738965,-0.5905589461326599,0.22061462700366974,1.2810338199138642,-0.4662556052207947,0.0022061462700366974,-0.04384109377861023,0.001988375559449196,0.001988375559449196,0.1043650370836258,0.009378422051668167,0.08175867795944214,-0.0073544904589653015,31554.193359375,12810.255859375,18743.9375,31644.5703125,12834.9052734375,18809.6640625,-0.0028641819953918457,-0.0019241936970502138,-0.0035065505653619766,-0.28641819953918457,1.1604452077299356,1.0243181622028352,0.9934929558075964,1.0188783204555512,0.697819736599922,0.5585828287899496,1.0441760995984077,458.96974044843586,458.96974044843586,greedy,1.0441760995984077,0.0,hard_fault_cluster,0.3842538190364278,False
253,N535,observe,-0.6000838875770569,1.0499207010865212,2.615676963329315,0.0007592943310737843,0.6824484557062388,-0.6000838875770569,0.22142325341701508,1.2348360836505892,-0.5136472940444945,0.002214232534170151,-0.04585811495780945,0.0033454466611146927,0.0033454466611146927,0.10164973318576812,0.009018685668706894,0.08252231776714325,-0.0075425878167152405,31643.369140625,12834.591796875,18808.77734375,31732.64453125,12866.84765625,18865.796875,-0.002821298548951745,-0.002513197250664234,-0.0030315383337438107,-0.2821298548951745,1.1266372669488192,1.0829334425926207,0.9580607418902218,1.0777075338363646,0.6905800700187683,0.5538770455121996,1.0499207010865212,460.0196611495224,460.0196611495224,greedy,1.0499207010865212,0.0,hard_fault_cluster,0.5132867132867133,False
254,N537,observe,-0.6058497428894043,1.1376710909605026,2.666945242881775,0.014653677344322196,0.7394862091243267,-0.6058497428894043,0.22198666632175446,1.365079140663147,-0.4497345328330993,0.0022198666632175447,-0.0461215078830719,0.002734461799263954,0.002734461799263954,0.19184831500053406,0.009100645780563354,0.08336523175239563,-0.00749969482421875,31731.451171875,12866.5390625,18864.912109375,31814.0703125,12899.54296875,18914.52734375,-0.002603698754683137,-0.0025650958996266127,-0.0026300272438675165,-0.2603698754683137,1.1347857061773539,1.316558097600937,0.96624486008659,1.3122831928730012,0.9653781861066817,0.7324958209693433,1.1376710909605026,461.1573322404829,461.1573322404829,greedy,1.1376710909605026,0.0,hard_fault_cluster,0.8096828046744576,False
255,N539,observe,-0.6098893284797668,3.9887528270483017,3.93707160949707,0.7897841185331345,2.592689337581396,-0.6098893284797668,0.2226708084344864,5.498181146383286,2.3999999999999995,0.002226708084344864,-0.046046048402786255,0.0012739244848489761,0.0012739244848489761,-0.24098546266555787,0.009356927126646042,0.08402495086193085,-0.007417559623718262,31812.88671875,12899.2412109375,18913.64453125,31875.560546875,12924.033203125,18951.52734375,-0.0019700767006725073,-0.0019219729583710432,-0.0020029356237500906,-0.19700767006725073,1.1596374455839396,5.87137362241745,0.991678895894438,5.87137362241745,4.207378780841827,2.985820796787739,3.9887528270483017,465.1460850675312,465.1460850675312,greedy,3.9887528270483017,0.0,hard_fault_cluster,0.1671677690920023,False
256,N541,observe,-0.6176083087921143,3.8648346358537675,3.86601824760437,0.7690616565942765,2.512142513304949,-0.6176083087921143,0.22355054318904877,5.471563223004341,2.3999999999999995,0.002235505431890488,-0.04568356275558472,-0.0011112969368696213,-0.0011112969368696213,-0.6769269686937334,0.009719058871269226,0.08430349826812744,-0.007453002035617828,31874.40234375,12923.74609375,18950.65625,31932.39453125,12947.26953125,18985.125,-0.0018193968571722507,-0.0018201717175543308,-0.0018188684480264783,-0.18193968571722507,1.1943451333791018,5.831862300634384,1.0275156986899674,5.831862300634384,4.255295810103416,3.341651961058378,3.8648346358537675,469.01091970338496,469.01091970338496,greedy,3.8648346358537675,0.0,hard_fault_cluster,0.11684460260972719,False
257,N543,observe,-0.6232462525367737,3.6542856943607336,3.7841528892517085,0.702056714296341,2.375285701334477,-0.6232462525367737,0.224381223320961,5.368144068121911,2.3999999999999995,0.00224381223320961,-0.04569542407989502,-0.0033362489193677902,-0.0033362489193677902,-1.2949577671289445,0.010110974311828613,0.08446621894836426,-0.007432699203491211,31931.24609375,12946.9921875,18984.25390625,31984.892578125,12968.404296875,19016.48828125,-0.00168006238527596,-0.0016538288909941912,-0.0016979532083496451,-0.168006238527596,1.2321424055844545,5.750664471387863,1.0663586747832596,5.750664471387863,4.254815682768822,3.3956301937997346,3.6542856943607336,472.6652053977457,472.6652053977457,greedy,3.6542856943607336,0.0,hard_fault_cluster,0.12282917587622348,False
258,N545,observe,-0.6262028217315674,3.5709683254361155,3.7433111667633057,0.6824525251984598,2.3211294115334753,-0.6262028217315674,0.22520975768566132,5.340484531223773,2.3999999999999995,0.002252097576856613,-0.0457918643951416,-0.00520477257668972,-0.00520477257668972,-1.5485461166501047,0.010468307882547379,0.08468164503574371,-0.007405959069728851,31983.744140625,12968.1328125,19015.611328125,32031.8828125,12987.3115234375,19044.5703125,-0.0015050980728119612,-0.0014789107954129577,-0.001522905775345862,-0.15050980728119612,1.2668357733637094,5.725137950778008,1.1018320345319808,5.725137950778008,4.275510148704052,3.4090815966576344,3.5709683254361155,476.2361737231818,476.2361737231818,greedy,3.5709683254361155,0.0,hard_fault_cluster,0.1198067632850241,False
259,N7381,observe,-0.42180952429771423,4.849786628708244,4.638869714736938,0.7635162698477508,3.1523613086603586,-0.42180952429771423,0.2402079552412033,5.69547278098762,5.999999999999999,0.002402079552412033,-0.04848983883857727,-0.00405721552670002,-0.00405721552670002,-1.000966114923358,0.013981565833091736,0.0875629186630249,-0.005128227174282074,32025.40234375,12984.52734375,19040.875,31952.52734375,13011.91015625,18940.6171875,0.0022755374666303396,-0.0021088800858706236,0.005265399347990751,0.22755374666303396,1.6343073230236769,6.01442414239049,1.4571942682377994,6.01442414239049,5.055629609897732,5.386159246433525,4.849786628708244,481.08596035189004,481.08596035189004,greedy,4.849786628708244,0.0,hard_fault_cluster,0.5780576731852836,False
260,N684,observe,-0.2729247510433197,5.563227912783622,5.999999999999999,0.10387230813503283,3.6160981433093546,-0.2729247510433197,0.2333693951368332,3.9778426796197897,4.777914953231811,0.0023336939513683317,-0.04673045873641968,-0.004825545474886894,-0.004825545474886894,-4.706230900883675,0.014835149049758911,0.08616933226585388,-0.00446087121963501,31952.982421875,13012.330078125,18940.65234375,31761.83984375,12925.9609375,18835.87890625,0.005981994792819023,0.0066374847665429115,0.005531670060008764,0.5981994792819023,1.7120587546378374,4.441120065450669,1.5406508673913777,4.465976632833481,5.130087265372277,5.43455672249198,5.563227912783622,486.6491882646737,486.6491882646737,greedy,5.563227912783622,0.0,hard_fault_cluster,0.04024943310657581,False
261,N8235,control1,-0.3306829631328583,5.93621086254716,5.999999999999999,0.34122509434819237,3.858537060655654,-0.3306829631328583,0.23570270836353302,5.381196630746126,5.765128898620604,0.0023570270836353303,-0.04447728395462036,-0.004564298316836357,-0.004564298316836357,-4.571282021552324,0.01499887928366661,0.08181653916835785,-0.004793025553226471,31762.4765625,12926.6630859375,18835.8125,31722.35546875,12915.5009765625,18806.853515625,0.0012631601421162486,0.0008634950499981642,0.001537442789413035,0.12631601421162486,1.7310263384133577,3.8421436187624933,1.5576725308783352,3.8424004670977596,5.868661051243544,5.472135010622442,5.93621086254716,492.58539912722085,492.58539912722085,greedy,5.93621086254716,0.0,hard_fault_cluster,0.001831501831501955,True
262,N6656,observe,-0.4425174295902252,4.252581551056355,4.935161209106445,0.14105636140331626,2.764178008186631,-0.4425174295902252,0.22479943931102753,3.1425241700373587,0.5467686653137207,0.0022479943931102754,-0.043646156787872314,0.0024443957954645157,0.0024443957954645157,-0.17833559444174185,0.011799037456512451,0.07357683777809143,-0.003745168447494507,31721.365234375,12915.037109375,18806.328125,31586.171875,12877.3701171875,18708.802734375,0.004261902067810297,0.002916522091254592,0.005185775458812714,0.4261902067810297,1.4071475807577372,2.875259167589247,1.2367147044278681,2.8806787318363787,3.7772620962001384,2.7617831732193014,4.252581551056355,496.83798067827723,496.83798067827723,greedy,4.252581551056355,0.0,hard_fault_cluster,0.24072691062982324,False
263,N4505,observe,-0.3483855426311493,3.150568912625313,4.592110133171081,-0.3993517935276029,2.0478697932064533,-0.3483855426311493,0.23117272555828094,1.9477629989385605,3.6080667495727536,0.0023117272555828097,-0.023768484592437744,-0.021742677316069603,-0.021742677316069603,-5.247437962889672,0.01550004631280899,0.09302808344364166,-0.009455688297748566,31586.66796875,12877.9033203125,18708.765625,31595.0859375,12781.4765625,18813.609375,-0.0002665038628038019,0.007487768307328224,-0.005603990983217955,-0.02665038628038019,1.7594346795231104,1.8194853723049165,1.6023621433414519,1.8418961942195895,3.060677489638328,4.089440368264913,3.150568912625313,499.98854959090255,499.98854959090255,greedy,3.150568912625313,0.0,hard_fault_cluster,0.04279475982532765,False
264,N898,observe,-0.41931042075157166,3.9046727988868954,3.996601843833923,0.6875720907002688,2.5380373192764822,-0.41931042075157166,0.2252446562051773,4.539226574078202,5.066304063796997,0.002252446562051773,-0.038644641637802124,-0.004893409088253975,-0.004893409088253975,0.3343765421956776,0.013082120567560196,0.08038321137428284,-0.0054437220096588135,31593.91796875,12780.3525390625,18813.56640625,31587.21875,12844.4140625,18742.8046875,0.0002120413992088288,-0.005012500565499067,0.0037612069863826036,0.02120413992088288,1.528563303872943,3.964684604257345,1.3632998685352504,3.9330669389665127,3.8164902564138172,4.5807186666689805,3.9046727988868954,503.89322238978946,503.89322238978946,greedy,3.9046727988868954,0.0,hard_fault_cluster,0.5084346802667713,False
265,N689,observe,-0.18872418999671936,5.401899611353874,5.999999999999999,0.0012088435888291532,3.5112347473800183,-0.18872418999671936,0.22929070889949799,3.6120176911354065,4.57872998714447,0.00229290708899498,-0.042199939489364624,-0.005290323868393898,-0.005290323868393898,-3.4217140138149267,0.016112621873617172,0.0852058082818985,-0.0033966898918151855,31587.82421875,12844.6015625,18743.22265625,31414.947265625,12773.154296875,18641.79296875,0.005472898483276367,0.005562435369938612,0.005411539226770401,0.5472898483276367,1.8352625723928213,3.5018435192108153,1.6672622836194932,3.5147123289108277,4.781216406822205,5.207790664434433,5.401899611353874,509.29512200114334,509.29512200114334,greedy,5.401899611353874,0.0,hard_fault_cluster,0.05284831846259434,False
266,N2243,observe,-0.12724772095680237,5.28470728442073,5.999999999999999,-0.10481155961751915,3.4350597348734744,-0.12724772095680237,0.2249884456396103,3.221026542037725,4.262967252731323,0.002249884456396103,-0.044264912605285645,-0.002363128587603569,-0.002363128587603569,-1.7759135685861112,0.017284438014030457,0.08462733030319214,-0.002997584640979767,31415.171875,12773.8779296875,18641.29296875,31302.24609375,12729.869140625,18572.376953125,0.0035946255084127188,0.0034452176187187433,0.003696954809129238,0.3594625508412719,1.9510691184550524,3.577210742533207,1.7841001306660473,3.5887775006890297,4.543063310533762,5.052991151846945,5.28470728442073,514.5798292855641,514.5798292855641,greedy,5.28470728442073,0.0,hard_fault_cluster,0.043493209558191526,False
267,N7422,observe,-0.2787794768810272,4.554406835436822,5.650407552719116,-0.3601065099239347,2.9603644430339346,-0.2787794768810272,0.22121666371822357,2.3761024177074432,3.7513408899307246,0.0022121666371822356,-0.019883573055267334,-0.02011699415743351,-0.02011699415743351,-4.775498054027557,0.015957683324813843,0.09527121484279633,-0.009511061012744904,31302.474609375,12730.138671875,18572.3359375,31511.71484375,12746.5029296875,18765.2109375,-0.006684463005512953,-0.0012854736996814609,-0.010385069064795971,-0.6684463005512953,1.7968680020421743,2.1486765170097355,1.6460432498715818,2.1750518584251406,3.750739747285843,4.537980835735798,4.554406835436822,519.1342361210009,519.1342361210009,greedy,4.554406835436822,0.0,hard_fault_cluster,0.6384024577572965,False
268,N695,observe,-0.18255142867565155,4.3638298933580515,4.580832171440124,0.5017563373222947,2.8364894306827337,-0.18255142867565155,0.2238481491804123,4.1856705496087665,4.804149532318115,0.002238481491804123,-0.03418916463851929,-0.009451707825064659,-0.009451707825064659,-0.3603949469700456,0.016111910343170166,0.09204985201358795,-0.006343178451061249,31511.091796875,12745.548828125,18765.54296875,31499.4140625,12785.3828125,18714.03125,0.00037059123860672116,-0.0031253250781446695,0.0027450162451714277,0.037059123860672116,1.8255874756723642,4.012375902161002,1.6647901446558535,4.002391003593803,4.143971184454858,4.7935812698956575,4.3638298933580515,523.4980660143589,523.4980660143589,greedy,4.3638298933580515,0.0,hard_fault_cluster,1.4364358683314413,False
269,N8234,control1,-0.263889878988266,6.7374259398132565,5.999999999999999,0.8510892344266177,4.379326860878617,-0.263889878988266,0.22892601788043976,6.1613853354007,5.999999999999999,0.0022892601788043975,-0.03647059202194214,-0.004952935501933098,-0.004952935501933098,0.022221616432070324,0.015926215797662735,0.08766050636768341,-0.005965664982795715,31500.2890625,12786.2080078125,18714.08203125,31523.53125,12815.060546875,18708.470703125,-0.0007378404261544347,-0.0022565359249711037,0.000299845210975036,-0.07378404261544347,1.8165946621447802,6.4411211900413035,1.6486148503609002,6.4411211900413035,6.12771785967052,5.61342769427225,6.7374259398132565,530.2354919541722,530.2354919541722,greedy,6.7374259398132565,0.0,hard_fault_cluster,0.00033377837116151197,True
270,N7463,observe,-0.2494586557149887,5.549221733510494,5.999999999999999,0.09495928496122379,3.6069941267818213,-0.2494586557149887,0.23080410063266754,4.121501742303371,5.000219106674194,0.0023080410063266756,-0.01161918044090271,-0.0216155257076025,-0.0216155257076025,-4.748654294908047,0.014465942978858948,0.0991363674402237,-0.011318936944007874,31522.373046875,12814.45703125,18707.916015625,31638.91015625,12802.1162109375,18836.79296875,-0.003696965053677559,0.0009630388813093305,-0.006888899486511946,-0.3696965053677559,1.6557828728109598,3.4115580898523334,1.498891441617161,3.46278077185154,5.078406454622746,5.400964195504784,5.549221733510494,535.7847136876827,535.7847136876827,greedy,5.549221733510494,0.0,hard_fault_cluster,0.4864928353300446,False
271,N2271,observe,-0.17172862589359283,3.892825895622373,4.3846005439758295,0.36257967032492155,2.5303368321545423,-0.17172862589359283,0.2306346446275711,3.2629149410873652,4.069246530532837,0.002306346446275711,-0.027016520500183105,-0.012188596650958061,-0.012188596650958061,-0.36616498149931453,0.01506900042295456,0.09625977277755737,-0.00877729058265686,31639.609375,12802.8076171875,18836.80078125,31575.703125,12814.703125,18761.0,0.002019817940890789,-0.000929132744204253,0.004024079535156488,0.2019817940890789,1.725346090272069,2.983740625232458,1.5615115542896092,2.9737394188344477,3.4612093444913623,4.349786073919385,3.892825895622373,539.6775395833051,539.6775395833051,greedy,3.892825895622373,0.0,hard_fault_cluster,1.5428571428571427,False
272,N7542,control0,-0.3367399573326111,6.4142215287871664,5.999999999999999,0.6454137001372874,4.1692439937116585,-0.3367399573326111,0.21983058750629425,5.873047516588121,5.999999999999999,0.0021983058750629425,-0.026939421892166138,-0.01168983243405819,-0.01168983243405819,-1.3151021374203267,0.011986050754785538,0.08741949498653412,-0.009244769811630249,31575.33203125,12814.4306640625,18760.90234375,31513.6171875,12778.525390625,18735.091796875,0.0019545271061360836,0.002801940543577075,0.0013757625129073858,0.19545271061360836,1.4067458305507898,6.2634825485572225,1.2506402642466128,6.2634825485572225,6.155139724817127,5.575840821131133,6.4142215287871664,546.0917611120923,546.0917611120923,greedy,6.4142215287871664,0.0,hard_fault_cluster,0.0002091612633341004,True
273,N6593,control1,-0.49986663460731506,7.209031652361155,5.5191255569458,1.1512019605934618,4.685870574034751,-0.49986663460731506,0.21818746626377106,6.499657840281725,5.055795335769653,0.0021818746626377106,-0.0390796959400177,0.002785930410027504,0.002785930410027504,2.506465405672788,0.002105303108692169,0.06265219300985336,-0.010921105742454529,31511.802734375,12776.392578125,18735.41015625,31443.1953125,12794.4921875,18648.703125,0.0021771977189928293,-0.0014166447799652815,0.0046279761008918285,0.21771977189928293,0.4315037075430155,3.400461836233735,0.26577366003766656,3.33267705000937,5.675418054312468,4.542487605921925,7.209031652361155,553.3007927644535,553.3007927644535,greedy,7.209031652361155,0.0,hard_fault_cluster,0.0005042864346949258,True
274,N8783,control1,-0.2533342242240906,3.5663670161366463,3.737279415130615,-0.40147637426853156,2.31813856048882,-0.2533342242240906,0.2354598194360733,1.926945649087429,2.038525927066803,0.002354598194360733,-0.04221838712692261,0.001956658437848091,0.001956658437848091,0.2388594010472297,0.011202726513147354,0.07756207883358002,-0.0055723413825035095,31445.484375,12796.826171875,18648.658203125,31257.3515625,12701.1220703125,18556.228515625,0.0059828246012330055,0.007478737272322178,0.004956372082233429,0.5982824601233006,1.3576891291886568,2.9606582564115524,1.1796267707832158,2.966672412753105,3.2532690659165384,2.45274854876101,3.5663670161366463,556.8671597805901,556.8671597805901,greedy,3.5663670161366463,0.0,hard_fault_cluster,0.0017865118356409128,True
275,N2181,observe,-0.43450644612312317,3.3392585766315466,4.075270962715148,-0.3657048821449277,2.1705180748105053,-0.43450644612312317,0.22903864085674286,2.012257006764412,3.4717625856399534,0.0022903864085674287,-0.03348374366760254,-0.006136534735560417,-0.006136534735560417,-1.6820791119337084,0.009310856461524963,0.07992388308048248,-0.00725148618221283,31256.1640625,12700.3447265625,18555.8203125,31510.65234375,12810.16015625,18700.4921875,-0.0081420186907053,-0.008646649308502674,-0.007796576712280512,-0.8142018690705299,1.1539877522736788,3.1315713107585905,0.986811172682792,3.1612049996852876,3.214093741774559,3.5414837071672083,3.3392585766315466,560.2064183572217,560.2064183572217,greedy,3.3392585766315466,0.0,hard_fault_cluster,0.005940594059405946,False
276,N6532,observe,-0.4055473804473877,5.569705706238747,5.999999999999999,0.10799454033374803,3.6203087090551858,-0.4055473804473877,0.2284323126077652,4.0657888621091836,4.885971498489379,0.002284323126077652,-0.03822621703147888,-0.005040502175688744,-0.005040502175688744,0.4121061378717421,0.011768799275159836,0.07811473309993744,-0.0056649670004844666,31510.71484375,12809.85546875,18700.859375,31458.05078125,12827.4462890625,18630.60546875,0.0016713065560907125,-0.0013732254737988114,0.003756720805540681,0.16713065560907125,1.40027173794806,6.120182529687882,1.2327278801240027,6.1803824579715725,5.135161617398262,5.437855051308871,5.569705706238747,565.7761240634604,565.7761240634604,greedy,5.569705706238747,0.0,hard_fault_cluster,0.29039046060322654,False
277,N4537,observe,-0.34707123041152954,4.983957923650742,5.999999999999999,-0.37822006940841657,3.2395726503729825,-0.34707123041152954,0.2317420095205307,2.5067051231861113,3.847462749481201,0.002317420095205307,-0.011745065450668335,-0.027009891346096992,-0.027009891346096992,-5.050580374002457,0.013008393347263336,0.09523455798625946,-0.01100689172744751,31459.05859375,12828.818359375,18630.240234375,31578.4765625,12799.40234375,18779.07421875,-0.0037959804758429527,0.0022929636761546135,-0.007988838478922844,-0.3795980475842953,1.5055714529007673,2.792027862071991,1.352022364269942,2.8289835524559024,3.896640652418137,4.632816424071789,4.983957923650742,570.7600819871112,570.7600819871112,greedy,4.983957923650742,0.0,hard_fault_cluster,0.025650354738948517,False
278,N5000,observe,-0.44929900765419006,3.2517392018437388,3.50745096206665,0.6722832503914834,2.11363048119843,-0.44929900765419006,0.22803615033626556,4.57131436765194,5.304089879989624,0.0022803615033626557,-0.030537933111190796,-0.009237488731741905,-0.009237488731741905,-0.1279319429397584,0.010301489382982254,0.08194003999233246,-0.008872710168361664,31577.951171875,12798.845703125,18779.10546875,31538.267578125,12841.837890625,18696.4296875,0.00125668675173074,-0.0033590674865990877,0.00440254108980298,0.125668675173074,1.248947599902749,3.249533977508545,1.0848486036993563,3.2273508214950564,3.3705900788307193,4.2908835512399675,3.2517392018437388,574.011821188955,574.011821188955,greedy,3.2517392018437388,0.0,hard_fault_cluster,0.08832807570977926,False
