[gmean] 2026-07-17T03:37:03 out_dir=autoresearch/improve-260716-1344/round4_b17/context_cluster_c48_noprior
[gmean] 2026-07-17T03:37:03 budgets=iscas99__b17:994
[gmean] 2026-07-17T03:37:03 variant_start id=greedy__cumulative__q_pred_context__bw1__d1__c48__g1p0__candhard_fault_cluster__div0p0__s0
[gmean] 2026-07-17T03:37:03 [1/1] plan_start benchmark=iscas99__b17 budget=994 planner=greedy score=q_pred_context
[plan iscas99__b17] [plan] candidate_allowlist=autoresearch/original-netlist-recovery-260712/exact_itc99/b17_C/exact_candidate_nodes.txt nodes=29334
[plan iscas99__b17] [plan] step=1 node=N7687 type=control1 q_pred_context=7.189512 sequence=7.189512
[plan iscas99__b17] [plan] step=2 node=N27366 type=control1 q_pred_context=5.642389 sequence=12.831901
[plan iscas99__b17] [plan] step=3 node=N29386 type=control1 q_pred_context=1.666498 sequence=14.498399
[plan iscas99__b17] [plan] step=4 node=N29526 type=control0 q_pred_context=1.266514 sequence=15.764913
[plan iscas99__b17] [plan] step=5 node=N28742 type=control0 q_pred_context=3.138376 sequence=18.903288
[plan iscas99__b17] [plan] step=6 node=N31045 type=control0 q_pred_context=2.888744 sequence=21.792032
[plan iscas99__b17] [plan] step=7 node=N29528 type=control0 q_pred_context=1.875022 sequence=23.667054
[plan iscas99__b17] [plan] step=8 node=N29527 type=control0 q_pred_context=1.712082 sequence=25.379136
[plan iscas99__b17] [plan] step=9 node=N29529 type=control0 q_pred_context=1.821305 sequence=27.200441
[plan iscas99__b17] [plan] step=10 node=N31018 type=control0 q_pred_context=1.779545 sequence=28.979985
[plan iscas99__b17] [plan] step=11 node=N31019 type=control0 q_pred_context=1.786061 sequence=30.766047
[plan iscas99__b17] [plan] step=12 node=N31053 type=control0 q_pred_context=1.808898 sequence=32.574945
[plan iscas99__b17] [plan] step=13 node=N26684 type=control0 q_pred_context=1.687049 sequence=34.261994
[plan iscas99__b17] [plan] step=14 node=N27261 type=control0 q_pred_context=1.642926 sequence=35.904920
[plan iscas99__b17] [plan] step=15 node=N29510 type=control0 q_pred_context=2.178649 sequence=38.083569
[plan iscas99__b17] [plan] step=16 node=N19856 type=control0 q_pred_context=3.238413 sequence=41.321982
[plan iscas99__b17] [plan] step=17 node=N25855 type=control0 q_pred_context=1.855935 sequence=43.177917
[plan iscas99__b17] [plan] step=18 node=N25734 type=control0 q_pred_context=2.052018 sequence=45.229936
[plan iscas99__b17] [plan] step=19 node=N29456 type=control0 q_pred_context=1.577598 sequence=46.807534
[plan iscas99__b17] [plan] step=20 node=N30919 type=control0 q_pred_context=1.823853 sequence=48.631387
[plan iscas99__b17] [plan] step=21 node=N27259 type=control0 q_pred_context=1.677511 sequence=50.308898
[plan iscas99__b17] [plan] step=22 node=N26476 type=control0 q_pred_context=1.720174 sequence=52.029072
[plan iscas99__b17] [plan] step=23 node=N24962 type=control0 q_pred_context=3.085640 sequence=55.114712
[plan iscas99__b17] [plan] step=24 node=N7948 type=control0 q_pred_context=1.796207 sequence=56.910919
[plan iscas99__b17] [plan] step=25 node=N29366 type=control0 q_pred_context=1.640528 sequence=58.551447
[plan iscas99__b17] [plan] step=26 node=N8610 type=control0 q_pred_context=1.433910 sequence=59.985357
[plan iscas99__b17] [plan] step=27 node=N29124 type=control0 q_pred_context=1.236286 sequence=61.221643
[plan iscas99__b17] [plan] step=28 node=N25241 type=control0 q_pred_context=1.197791 sequence=62.419434
[plan iscas99__b17] [plan] step=29 node=N14772 type=control0 q_pred_context=1.107756 sequence=63.527191
[plan iscas99__b17] [plan] step=30 node=N22058 type=control0 q_pred_context=1.093499 sequence=64.620689
[plan iscas99__b17] [plan] step=31 node=N28743 type=control0 q_pred_context=1.158057 sequence=65.778746
[plan iscas99__b17] [plan] step=32 node=N15603 type=control0 q_pred_context=1.306835 sequence=67.085581
[plan iscas99__b17] [plan] step=33 node=N30921 type=control0 q_pred_context=1.088165 sequence=68.173747
[plan iscas99__b17] [plan] step=34 node=N26666 type=control0 q_pred_context=1.316740 sequence=69.490487
[plan iscas99__b17] [plan] step=35 node=N7685 type=control1 q_pred_context=1.253111 sequence=70.743598
[plan iscas99__b17] [plan] step=36 node=N27653 type=control0 q_pred_context=1.080571 sequence=71.824169
[plan iscas99__b17] [plan] step=37 node=N31020 type=control0 q_pred_context=1.059616 sequence=72.883785
[plan iscas99__b17] [plan] step=38 node=N9778 type=control0 q_pred_context=1.006714 sequence=73.890499
[plan iscas99__b17] [plan] step=39 node=N26663 type=control0 q_pred_context=1.704675 sequence=75.595174
[plan iscas99__b17] [plan] step=40 node=N26659 type=control0 q_pred_context=1.670596 sequence=77.265770
[plan iscas99__b17] [plan] step=41 node=N27607 type=observe q_pred_context=1.257962 sequence=78.523732
[plan iscas99__b17] [plan] step=42 node=N26671 type=control0 q_pred_context=1.585748 sequence=80.109480
[plan iscas99__b17] [plan] step=43 node=N8902 type=control0 q_pred_context=3.030954 sequence=83.140434
[plan iscas99__b17] [plan] step=44 node=N29585 type=control0 q_pred_context=1.639546 sequence=84.779980
[plan iscas99__b17] [plan] step=45 node=N12763 type=control0 q_pred_context=1.064669 sequence=85.844649
[plan iscas99__b17] [plan] step=46 node=N29444 type=control0 q_pred_context=1.253196 sequence=87.097845
[plan iscas99__b17] [plan] step=47 node=N29458 type=control0 q_pred_context=1.137661 sequence=88.235506
[plan iscas99__b17] [plan] step=48 node=N26516 type=control1 q_pred_context=1.060656 sequence=89.296162
[plan iscas99__b17] [plan] step=49 node=N27273 type=observe q_pred_context=1.000338 sequence=90.296500
[plan iscas99__b17] [plan] step=50 node=N7686 type=control1 q_pred_context=0.973752 sequence=91.270251
[plan iscas99__b17] [plan] step=51 node=N27357 type=control1 q_pred_context=1.005005 sequence=92.275256
[plan iscas99__b17] [plan] step=52 node=N1985 type=control1 q_pred_context=1.712633 sequence=93.987889
[plan iscas99__b17] [plan] step=53 node=N26651 type=observe q_pred_context=0.871232 sequence=94.859121
[plan iscas99__b17] [plan] step=54 node=N1984 type=control1 q_pred_context=2.057955 sequence=96.917076
[plan iscas99__b17] [plan] step=55 node=N26056 type=observe q_pred_context=1.097019 sequence=98.014096
[plan iscas99__b17] [plan] step=56 node=N26106 type=observe q_pred_context=1.412758 sequence=99.426854
[plan iscas99__b17] [plan] step=57 node=N26102 type=observe q_pred_context=1.529227 sequence=100.956081
[plan iscas99__b17] [plan] step=58 node=N26100 type=observe q_pred_context=2.028235 sequence=102.984316
[plan iscas99__b17] [plan] step=59 node=N26104 type=observe q_pred_context=1.818785 sequence=104.803101
[plan iscas99__b17] [plan] step=60 node=N13794 type=control1 q_pred_context=1.590781 sequence=106.393882
[plan iscas99__b17] [plan] step=61 node=N26373 type=observe q_pred_context=1.232430 sequence=107.626312
[plan iscas99__b17] [plan] step=62 node=N26380 type=observe q_pred_context=1.632790 sequence=109.259102
[plan iscas99__b17] [plan] step=63 node=N27260 type=observe q_pred_context=2.697058 sequence=111.956160
[plan iscas99__b17] [plan] step=64 node=N26387 type=observe q_pred_context=1.776272 sequence=113.732432
[plan iscas99__b17] [plan] step=65 node=N26394 type=observe q_pred_context=2.223775 sequence=115.956207
[plan iscas99__b17] [plan] step=66 node=N26420 type=observe q_pred_context=2.022402 sequence=117.978609
[plan iscas99__b17] [plan] step=67 node=N26413 type=observe q_pred_context=1.266680 sequence=119.245290
[plan iscas99__b17] [plan] step=68 node=N13845 type=control1 q_pred_context=1.697527 sequence=120.942817
[plan iscas99__b17] [plan] step=69 node=N27634 type=control1 q_pred_context=0.843871 sequence=121.786688
[plan iscas99__b17] [plan] step=70 node=N26434 type=observe q_pred_context=1.154143 sequence=122.940832
[plan iscas99__b17] [plan] step=71 node=N26443 type=observe q_pred_context=1.021859 sequence=123.962690
[plan iscas99__b17] [plan] step=72 node=N2037 type=control1 q_pred_context=0.914461 sequence=124.877151
[plan iscas99__b17] [plan] step=73 node=N26364 type=observe q_pred_context=1.755218 sequence=126.632369
[plan iscas99__b17] [plan] step=74 node=N26343 type=observe q_pred_context=1.338464 sequence=127.970834
[plan iscas99__b17] [plan] step=75 node=N26350 type=observe q_pred_context=1.219421 sequence=129.190255
[plan iscas99__b17] [plan] step=76 node=N26336 type=observe q_pred_context=1.236619 sequence=130.426874
[plan iscas99__b17] [plan] step=77 node=N26357 type=observe q_pred_context=1.222703 sequence=131.649577
[plan iscas99__b17] [plan] step=78 node=N2036 type=control1 q_pred_context=0.824703 sequence=132.474280
[plan iscas99__b17] [plan] step=79 node=N1986 type=control1 q_pred_context=0.894386 sequence=133.368666
[plan iscas99__b17] [plan] step=80 node=N13785 type=control1 q_pred_context=0.838659 sequence=134.207325
[plan iscas99__b17] [plan] step=81 node=N29398 type=observe q_pred_context=1.031252 sequence=135.238577
[plan iscas99__b17] [plan] step=82 node=N7729 type=control1 q_pred_context=0.804171 sequence=136.042748
[plan iscas99__b17] [plan] step=83 node=N13797 type=control1 q_pred_context=0.721747 sequence=136.764495
[plan iscas99__b17] [plan] step=84 node=N2029 type=control1 q_pred_context=0.804403 sequence=137.568899
[plan iscas99__b17] [plan] step=85 node=N2030 type=control1 q_pred_context=0.709216 sequence=138.278115
[plan iscas99__b17] [plan] step=86 node=N13895 type=control1 q_pred_context=0.793292 sequence=139.071407
[plan iscas99__b17] [plan] step=87 node=N1987 type=control1 q_pred_context=0.977656 sequence=140.049063
[plan iscas99__b17] [plan] step=88 node=N7711 type=control1 q_pred_context=0.916716 sequence=140.965779
[plan iscas99__b17] [plan] step=89 node=N13915 type=control1 q_pred_context=1.102947 sequence=142.068726
[plan iscas99__b17] [plan] step=90 node=N29439 type=observe q_pred_context=1.979165 sequence=144.047891
[plan iscas99__b17] [plan] step=91 node=N7721 type=control1 q_pred_context=1.363768 sequence=145.411659
[plan iscas99__b17] [plan] step=92 node=N7690 type=control1 q_pred_context=1.083735 sequence=146.495394
[plan iscas99__b17] [plan] step=93 node=N28875 type=control0 q_pred_context=1.228840 sequence=147.724234
[plan iscas99__b17] [plan] step=94 node=N7727 type=control1 q_pred_context=1.046071 sequence=148.770306
[plan iscas99__b17] [plan] step=95 node=N7712 type=control1 q_pred_context=0.915532 sequence=149.685837
[plan iscas99__b17] [plan] step=96 node=N16473 type=control1 q_pred_context=1.755985 sequence=151.441822
[plan iscas99__b17] [plan] step=97 node=N16645 type=control1 q_pred_context=0.999494 sequence=152.441316
[plan iscas99__b17] [plan] step=98 node=N1988 type=control1 q_pred_context=0.936380 sequence=153.377696
[plan iscas99__b17] [plan] step=99 node=N16517 type=control0 q_pred_context=1.060014 sequence=154.437711
[plan iscas99__b17] [plan] step=100 node=N1992 type=control1 q_pred_context=0.856255 sequence=155.293966
[plan iscas99__b17] [plan] step=101 node=N16665 type=control0 q_pred_context=1.387908 sequence=156.681874
[plan iscas99__b17] [plan] step=102 node=N2025 type=control1 q_pred_context=0.732173 sequence=157.414048
[plan iscas99__b17] [plan] step=103 node=N7718 type=control1 q_pred_context=0.711080 sequence=158.125128
[plan iscas99__b17] [plan] step=104 node=N16700 type=control0 q_pred_context=1.070959 sequence=159.196087
[plan iscas99__b17] [plan] step=105 node=N16695 type=control0 q_pred_context=0.902618 sequence=160.098705
[plan iscas99__b17] [plan] step=106 node=N2041 type=control1 q_pred_context=0.981457 sequence=161.080162
[plan iscas99__b17] [plan] step=107 node=N16690 type=control0 q_pred_context=1.022386 sequence=162.102548
[plan iscas99__b17] [plan] step=108 node=N13800 type=control1 q_pred_context=0.904553 sequence=163.007100
[plan iscas99__b17] [plan] step=109 node=N7725 type=control1 q_pred_context=0.761714 sequence=163.768814
[plan iscas99__b17] [plan] step=110 node=N13919 type=control1 q_pred_context=0.938593 sequence=164.707407
[plan iscas99__b17] [plan] step=111 node=N16492 type=control0 q_pred_context=0.769627 sequence=165.477034
[plan iscas99__b17] [plan] step=112 node=N2038 type=control1 q_pred_context=0.684983 sequence=166.162017
[plan iscas99__b17] [plan] step=113 node=N13891 type=control1 q_pred_context=0.892884 sequence=167.054901
[plan iscas99__b17] [plan] step=114 node=N13901 type=control1 q_pred_context=1.098454 sequence=168.153355
[plan iscas99__b17] [plan] step=115 node=N13897 type=control1 q_pred_context=0.958287 sequence=169.111642
[plan iscas99__b17] [plan] step=116 node=N2076 type=control1 q_pred_context=0.762351 sequence=169.873993
[plan iscas99__b17] [plan] step=117 node=N13917 type=control1 q_pred_context=0.994807 sequence=170.868800
[plan iscas99__b17] [plan] step=118 node=N13905 type=control1 q_pred_context=1.001459 sequence=171.870259
[plan iscas99__b17] [plan] step=119 node=N16512 type=control0 q_pred_context=0.683512 sequence=172.553772
[plan iscas99__b17] [plan] step=120 node=N16527 type=control0 q_pred_context=0.642517 sequence=173.196289
[plan iscas99__b17] [plan] step=121 node=N13926 type=control1 q_pred_context=0.841567 sequence=174.037856
[plan iscas99__b17] [plan] step=122 node=N13911 type=control1 q_pred_context=0.913975 sequence=174.951831
[plan iscas99__b17] [plan] step=123 node=N7765 type=control1 q_pred_context=0.703073 sequence=175.654904
[plan iscas99__b17] [plan] step=124 node=N13923 type=control1 q_pred_context=1.000231 sequence=176.655135
[plan iscas99__b17] [plan] step=125 node=N2074 type=control1 q_pred_context=1.322238 sequence=177.977373
[plan iscas99__b17] [plan] step=126 node=N26769 type=observe q_pred_context=1.141582 sequence=179.118955
[plan iscas99__b17] [plan] step=127 node=N28825 type=observe q_pred_context=1.125356 sequence=180.244311
[plan iscas99__b17] [plan] step=128 node=N1990 type=control1 q_pred_context=1.074743 sequence=181.319054
[plan iscas99__b17] [plan] step=129 node=N13930 type=control1 q_pred_context=0.922294 sequence=182.241348
[plan iscas99__b17] [plan] step=130 node=N13788 type=control1 q_pred_context=0.818330 sequence=183.059679
[plan iscas99__b17] [plan] step=131 node=N13909 type=control1 q_pred_context=0.854166 sequence=183.913844
[plan iscas99__b17] [plan] step=132 node=N2023 type=control1 q_pred_context=0.460672 sequence=184.374516
[plan iscas99__b17] [plan] step=133 node=N10998 type=observe q_pred_context=0.558991 sequence=184.933508
[plan iscas99__b17] [plan] step=134 node=N26660 type=observe q_pred_context=0.674360 sequence=185.607867
[plan iscas99__b17] [plan] step=135 node=N13836 type=control1 q_pred_context=0.678402 sequence=186.286269
[plan iscas99__b17] [plan] step=136 node=N29408 type=observe q_pred_context=1.397931 sequence=187.684201
[plan iscas99__b17] [plan] step=137 node=N1989 type=control1 q_pred_context=0.766772 sequence=188.450973
[plan iscas99__b17] [plan] step=138 node=N13837 type=control1 q_pred_context=0.491322 sequence=188.942295
[plan iscas99__b17] [plan] step=139 node=N13928 type=control1 q_pred_context=0.701712 sequence=189.644007
[plan iscas99__b17] [plan] step=140 node=N26191 type=observe q_pred_context=0.177516 sequence=189.821522
[plan iscas99__b17] [plan] step=141 node=N2078 type=control1 q_pred_context=0.308944 sequence=190.130467
[plan iscas99__b17] [plan] step=142 node=N26213 type=observe q_pred_context=0.484390 sequence=190.614857
[plan iscas99__b17] [plan] step=143 node=N26201 type=observe q_pred_context=0.547520 sequence=191.162377
[plan iscas99__b17] [plan] step=144 node=N27506 type=observe q_pred_context=0.629558 sequence=191.791936
[plan iscas99__b17] [plan] step=145 node=N26771 type=observe q_pred_context=1.271872 sequence=193.063808
[plan iscas99__b17] [plan] step=146 node=N31077 type=observe q_pred_context=0.980022 sequence=194.043829
[plan iscas99__b17] [plan] step=147 node=N13801 type=control1 q_pred_context=0.316046 sequence=194.359875
[plan iscas99__b17] [plan] step=148 node=N26650 type=observe q_pred_context=0.530775 sequence=194.890649
[plan iscas99__b17] [plan] step=149 node=N27277 type=observe q_pred_context=0.646908 sequence=195.537557
[plan iscas99__b17] [plan] step=150 node=N28049 type=observe q_pred_context=0.561892 sequence=196.099449
[plan iscas99__b17] [plan] step=151 node=N28198 type=observe q_pred_context=0.403947 sequence=196.503396
[plan iscas99__b17] [plan] step=152 node=N26668 type=observe q_pred_context=0.179052 sequence=196.682448
[plan iscas99__b17] [plan] step=153 node=N26672 type=observe q_pred_context=0.527296 sequence=197.209744
[plan iscas99__b17] [plan] step=154 node=N26664 type=observe q_pred_context=0.390857 sequence=197.600600
[plan iscas99__b17] [plan] step=155 node=N27505 type=observe q_pred_context=0.349677 sequence=197.950278
[plan iscas99__b17] [plan] step=156 node=N28751 type=observe q_pred_context=0.225110 sequence=198.175388
[plan iscas99__b17] [plan] step=157 node=N29396 type=observe q_pred_context=0.213671 sequence=198.389059
[plan iscas99__b17] [plan] step=158 node=N25038 type=observe q_pred_context=0.644745 sequence=199.033804
[plan iscas99__b17] [plan] step=159 node=N19847 type=observe q_pred_context=0.725574 sequence=199.759378
[plan iscas99__b17] [plan] step=160 node=N14880 type=control1 q_pred_context=0.850847 sequence=200.610225
[plan iscas99__b17] [plan] step=161 node=N26315 type=observe q_pred_context=0.814483 sequence=201.424708
[plan iscas99__b17] [plan] step=162 node=N7716 type=control1 q_pred_context=1.197101 sequence=202.621809
[plan iscas99__b17] [plan] step=163 node=N13904 type=control1 q_pred_context=1.046139 sequence=203.667949
[plan iscas99__b17] [plan] step=164 node=N7766 type=control1 q_pred_context=0.977406 sequence=204.645355
[plan iscas99__b17] [plan] step=165 node=N14901 type=control1 q_pred_context=0.802036 sequence=205.447391
[plan iscas99__b17] [plan] step=166 node=N13791 type=control1 q_pred_context=1.174802 sequence=206.622193
[plan iscas99__b17] [plan] step=167 node=N24568 type=control0 q_pred_context=0.993974 sequence=207.616167
[plan iscas99__b17] [plan] step=168 node=N26645 type=observe q_pred_context=1.123590 sequence=208.739757
[plan iscas99__b17] [plan] step=169 node=N31078 type=observe q_pred_context=0.950018 sequence=209.689775
[plan iscas99__b17] [plan] step=170 node=N27324 type=observe q_pred_context=1.064989 sequence=210.754764
[plan iscas99__b17] [plan] step=171 node=N7684 type=control1 q_pred_context=1.230109 sequence=211.984873
[plan iscas99__b17] [plan] step=172 node=N28827 type=observe q_pred_context=2.027404 sequence=214.012278
[plan iscas99__b17] [plan] step=173 node=N13789 type=control1 q_pred_context=1.612353 sequence=215.624631
[plan iscas99__b17] [plan] step=174 node=N29679 type=observe q_pred_context=1.157373 sequence=216.782004
[plan iscas99__b17] [plan] step=175 node=N25743 type=observe q_pred_context=1.031525 sequence=217.813529
[plan iscas99__b17] [plan] step=176 node=N16818 type=control1 q_pred_context=0.896081 sequence=218.709610
[plan iscas99__b17] [plan] step=177 node=N7722 type=control1 q_pred_context=0.940583 sequence=219.650193
[plan iscas99__b17] [plan] step=178 node=N2148 type=control1 q_pred_context=1.098525 sequence=220.748717
[plan iscas99__b17] [plan] step=179 node=N7717 type=control1 q_pred_context=1.345553 sequence=222.094270
[plan iscas99__b17] [plan] step=180 node=N13462 type=observe q_pred_context=1.174855 sequence=223.269125
[plan iscas99__b17] [plan] step=181 node=N29355 type=control1 q_pred_context=1.001343 sequence=224.270468
[plan iscas99__b17] [plan] step=182 node=N27504 type=observe q_pred_context=0.984378 sequence=225.254846
[plan iscas99__b17] [plan] step=183 node=N8041 type=control1 q_pred_context=1.401814 sequence=226.656660
[plan iscas99__b17] [plan] step=184 node=N26644 type=observe q_pred_context=1.128339 sequence=227.784999
[plan iscas99__b17] [plan] step=185 node=N26674 type=observe q_pred_context=1.563487 sequence=229.348485
[plan iscas99__b17] [plan] step=186 node=N27676 type=observe q_pred_context=1.037381 sequence=230.385866
[plan iscas99__b17] [plan] step=187 node=N26652 type=observe q_pred_context=1.094780 sequence=231.480646
[plan iscas99__b17] [plan] step=188 node=N13889 type=control1 q_pred_context=1.302959 sequence=232.783605
[plan iscas99__b17] [plan] step=189 node=N29424 type=observe q_pred_context=2.018948 sequence=234.802553
[plan iscas99__b17] [plan] step=190 node=N26741 type=observe q_pred_context=2.482449 sequence=237.285002
[plan iscas99__b17] [plan] step=191 node=N16245 type=control1 q_pred_context=1.295576 sequence=238.580578
[plan iscas99__b17] [plan] step=192 node=N16588 type=control1 q_pred_context=0.957845 sequence=239.538423
[plan iscas99__b17] [plan] step=193 node=N26748 type=observe q_pred_context=1.169557 sequence=240.707981
[plan iscas99__b17] [plan] step=194 node=N16130 type=control1 q_pred_context=0.920491 sequence=241.628472
[plan iscas99__b17] [plan] step=195 node=N16014 type=control1 q_pred_context=1.124848 sequence=242.753320
[plan iscas99__b17] [plan] step=196 node=N26354 type=observe q_pred_context=1.267586 sequence=244.020906
[plan iscas99__b17] [plan] step=197 node=N31087 type=observe q_pred_context=0.880898 sequence=244.901804
[plan iscas99__b17] [plan] step=198 node=N27503 type=observe q_pred_context=1.452388 sequence=246.354193
[plan iscas99__b17] [plan] step=199 node=N27314 type=observe q_pred_context=2.035414 sequence=248.389607
[plan iscas99__b17] [plan] step=200 node=N26095 type=observe q_pred_context=2.170177 sequence=250.559784
[plan iscas99__b17] [plan] step=201 node=N9937 type=observe q_pred_context=3.099235 sequence=253.659019
[plan iscas99__b17] [plan] step=202 node=N7778 type=control1 q_pred_context=1.783249 sequence=255.442268
[plan iscas99__b17] [plan] step=203 node=N28818 type=observe q_pred_context=0.957414 sequence=256.399682
[plan iscas99__b17] [plan] step=204 node=N26649 type=observe q_pred_context=1.388458 sequence=257.788140
[plan iscas99__b17] [plan] step=205 node=N28191 type=observe q_pred_context=1.847997 sequence=259.636137
[plan iscas99__b17] [plan] step=206 node=N31079 type=observe q_pred_context=2.347685 sequence=261.983822
[plan iscas99__b17] [plan] step=207 node=N29425 type=observe q_pred_context=1.572728 sequence=263.556550
[plan iscas99__b17] [plan] step=208 node=N16360 type=control1 q_pred_context=2.719352 sequence=266.275902
[plan iscas99__b17] [plan] step=209 node=N27509 type=observe q_pred_context=3.361803 sequence=269.637705
[plan iscas99__b17] [plan] step=210 node=N28837 type=observe q_pred_context=4.130741 sequence=273.768446
[plan iscas99__b17] [plan] step=211 node=N26646 type=observe q_pred_context=1.372622 sequence=275.141068
[plan iscas99__b17] [plan] step=212 node=N29409 type=observe q_pred_context=1.356302 sequence=276.497369
[plan iscas99__b17] [plan] step=213 node=N27027 type=control1 q_pred_context=3.122383 sequence=279.619753
[plan iscas99__b17] [plan] step=214 node=N26648 type=observe q_pred_context=1.176629 sequence=280.796382
[plan iscas99__b17] [plan] step=215 node=N8947 type=control1 q_pred_context=2.218652 sequence=283.015034
[plan iscas99__b17] [plan] step=216 node=N31051 type=observe q_pred_context=1.651981 sequence=284.667015
[plan iscas99__b17] [plan] step=217 node=N26084 type=observe q_pred_context=2.376178 sequence=287.043193
[plan iscas99__b17] [plan] step=218 node=N28835 type=observe q_pred_context=3.304635 sequence=290.347828
[plan iscas99__b17] [plan] step=219 node=N26085 type=observe q_pred_context=2.310190 sequence=292.658019
[plan iscas99__b17] [plan] step=220 node=N26332 type=observe q_pred_context=3.892944 sequence=296.550962
[plan iscas99__b17] [plan] step=221 node=N26755 type=observe q_pred_context=5.593541 sequence=302.144504
[plan iscas99__b17] [plan] step=222 node=N26347 type=observe q_pred_context=4.387883 sequence=306.532387
[plan iscas99__b17] [plan] step=223 node=N26340 type=observe q_pred_context=4.185795 sequence=310.718182
[plan iscas99__b17] [plan] step=224 node=N22064 type=observe q_pred_context=4.399720 sequence=315.117902
[plan iscas99__b17] [plan] step=225 node=N29406 type=observe q_pred_context=1.137048 sequence=316.254950
[plan iscas99__b17] [plan] step=226 node=N27501 type=observe q_pred_context=0.352511 sequence=316.607461
[plan iscas99__b17] [plan] step=227 node=N26784 type=observe q_pred_context=1.596676 sequence=318.204137
[plan iscas99__b17] [plan] step=228 node=N28833 type=observe q_pred_context=3.567235 sequence=321.771371
[plan iscas99__b17] [plan] step=229 node=N9944 type=observe q_pred_context=1.961516 sequence=323.732888
[plan iscas99__b17] [plan] step=230 node=N26773 type=observe q_pred_context=5.042882 sequence=328.775769
[plan iscas99__b17] [plan] step=231 node=N31044 type=observe q_pred_context=2.211712 sequence=330.987481
[plan iscas99__b17] [plan] step=232 node=N29682 type=observe q_pred_context=4.686677 sequence=335.674157
[plan iscas99__b17] [plan] step=233 node=N27493 type=observe q_pred_context=5.449269 sequence=341.123426
[plan iscas99__b17] [plan] step=234 node=N26734 type=observe q_pred_context=1.785840 sequence=342.909266
[plan iscas99__b17] [plan] step=235 node=N26786 type=observe q_pred_context=4.136500 sequence=347.045765
[plan iscas99__b17] [plan] step=236 node=N28829 type=observe q_pred_context=4.404163 sequence=351.449928
[plan iscas99__b17] [plan] step=237 node=N26162 type=observe q_pred_context=4.156959 sequence=355.606887
[plan iscas99__b17] [plan] step=238 node=N26167 type=observe q_pred_context=3.658769 sequence=359.265656
[plan iscas99__b17] [plan] step=239 node=N25251 type=observe q_pred_context=1.313577 sequence=360.579233
[plan iscas99__b17] [plan] step=240 node=N27502 type=observe q_pred_context=4.466836 sequence=365.046069
[plan iscas99__b17] [plan] step=241 node=N26775 type=observe q_pred_context=2.361656 sequence=367.407725
[plan iscas99__b17] [plan] step=242 node=N29421 type=observe q_pred_context=5.435585 sequence=372.843310
[plan iscas99__b17] [plan] step=243 node=N26259 type=observe q_pred_context=4.192605 sequence=377.035915
[plan iscas99__b17] [plan] step=244 node=N30929 type=observe q_pred_context=6.046402 sequence=383.082317
[plan iscas99__b17] [plan] step=245 node=N26325 type=observe q_pred_context=2.924386 sequence=386.006703
[plan iscas99__b17] [plan] step=246 node=N26327 type=observe q_pred_context=2.778450 sequence=388.785153
[plan iscas99__b17] [plan] step=247 node=N26782 type=observe q_pred_context=3.140715 sequence=391.925868
[plan iscas99__b17] [plan] step=248 node=N13933 type=control1 q_pred_context=1.832450 sequence=393.758317
[plan iscas99__b17] [plan] step=249 node=N16445 type=control0 q_pred_context=0.023811 sequence=393.782128
[plan iscas99__b17] [plan] step=250 node=N22040 type=control1 q_pred_context=1.832256 sequence=395.614385
[plan iscas99__b17] [plan] step=251 node=N26048 type=observe q_pred_context=1.167623 sequence=396.782008
[plan iscas99__b17] [plan] step=252 node=N26046 type=observe q_pred_context=1.296683 sequence=398.078691
[plan iscas99__b17] [plan] step=253 node=N26050 type=observe q_pred_context=1.948509 sequence=400.027200
[plan iscas99__b17] [plan] step=254 node=N28079 type=observe q_pred_context=0.812389 sequence=400.839589
[plan iscas99__b17] [plan] step=255 node=N27359 type=observe q_pred_context=1.953740 sequence=402.793329
[plan iscas99__b17] [plan] step=256 node=N16760 type=control1 q_pred_context=5.055932 sequence=407.849260
[plan iscas99__b17] [plan] step=257 node=N16530 type=control1 q_pred_context=1.841383 sequence=409.690643
[plan iscas99__b17] [plan] step=258 node=N8925 type=control1 q_pred_context=3.773036 sequence=413.463680
[plan iscas99__b17] [plan] step=259 node=N14143 type=control1 q_pred_context=3.449449 sequence=416.913129
[plan iscas99__b17] [plan] step=260 node=N28750 type=observe q_pred_context=3.087506 sequence=420.000635
[plan iscas99__b17] [plan] step=261 node=N30025 type=observe q_pred_context=2.666285 sequence=422.666921
[plan iscas99__b17] [plan] step=262 node=N26790 type=observe q_pred_context=3.182465 sequence=425.849385
[plan iscas99__b17] [plan] step=263 node=N29407 type=observe q_pred_context=5.471831 sequence=431.321216
[plan iscas99__b17] [plan] step=264 node=N27349 type=observe q_pred_context=0.744765 sequence=432.065982
[plan iscas99__b17] [plan] step=265 node=N31081 type=observe q_pred_context=2.932929 sequence=434.998910
[plan iscas99__b17] [plan] step=266 node=N26788 type=observe q_pred_context=1.842420 sequence=436.841330
[plan iscas99__b17] [plan] step=267 node=N14048 type=observe q_pred_context=4.359234 sequence=441.200564
[plan iscas99__b17] [plan] step=268 node=N16703 type=control1 q_pred_context=1.211706 sequence=442.412269
[plan iscas99__b17] [plan] step=269 node=N12923 type=control1 q_pred_context=3.284034 sequence=445.696303
[plan iscas99__b17] [plan] step=270 node=N14137 type=control1 q_pred_context=6.405544 sequence=452.101847
[plan iscas99__b17] [plan] step=271 node=N14140 type=control1 q_pred_context=2.546807 sequence=454.648655
[plan iscas99__b17] [plan] step=272 node=N14141 type=control1 q_pred_context=3.856549 sequence=458.505203
[plan iscas99__b17] [plan] step=273 node=N14138 type=control1 q_pred_context=5.348194 sequence=463.853397
[plan iscas99__b17] [plan] step=274 node=N14142 type=control1 q_pred_context=5.346446 sequence=469.199844
[plan iscas99__b17] [plan] step=275 node=N14139 type=control1 q_pred_context=5.487835 sequence=474.687679
[plan iscas99__b17] [plan] step=276 node=N28749 type=observe q_pred_context=1.529958 sequence=476.217636
[plan iscas99__b17] [plan] step=277 node=N27500 type=observe q_pred_context=0.929800 sequence=477.147436
[plan iscas99__b17] [plan] step=278 node=N26643 type=observe q_pred_context=1.181748 sequence=478.329185
[plan iscas99__b17] [plan] step=279 node=N31086 type=observe q_pred_context=3.049815 sequence=481.379000
[plan iscas99__b17] [plan] step=280 node=N29380 type=observe q_pred_context=3.046342 sequence=484.425342
[plan iscas99__b17] [plan] step=281 node=N29539 type=control1 q_pred_context=5.947785 sequence=490.373127
[plan iscas99__b17] [plan] step=282 node=N26654 type=observe q_pred_context=5.554656 sequence=495.927782
[plan iscas99__b17] [plan] step=283 node=N28839 type=observe q_pred_context=4.536440 sequence=500.464222
[plan iscas99__b17] [plan] step=284 node=N27499 type=observe q_pred_context=2.645834 sequence=503.110056
[plan iscas99__b17] [plan] step=285 node=N28745 type=observe q_pred_context=1.329166 sequence=504.439222
[plan iscas99__b17] [plan] step=286 node=N26792 type=observe q_pred_context=4.304649 sequence=508.743871
[plan iscas99__b17] [plan] step=287 node=N26053 type=observe q_pred_context=3.374813 sequence=512.118685
[plan iscas99__b17] [plan] step=288 node=N26024 type=observe q_pred_context=6.033545 sequence=518.152230
[plan iscas99__b17] [plan] step=289 node=N31082 type=observe q_pred_context=5.175324 sequence=523.327553
[plan iscas99__b17] [plan] step=290 node=N29417 type=observe q_pred_context=2.365387 sequence=525.692941
[plan iscas99__b17] [plan] step=291 node=N26642 type=observe q_pred_context=5.408578 sequence=531.101519
[plan iscas99__b17] [plan] step=292 node=N27495 type=observe q_pred_context=3.011836 sequence=534.113354
[plan iscas99__b17] [plan] step=293 node=N29576 type=observe q_pred_context=1.294389 sequence=535.407744
[plan iscas99__b17] [plan] step=294 node=N30043 type=observe q_pred_context=4.701689 sequence=540.109433
[plan iscas99__b17] [plan] step=295 node=N26285 type=observe q_pred_context=6.537299 sequence=546.646731
[plan iscas99__b17] [plan] step=296 node=N28746 type=observe q_pred_context=1.868075 sequence=548.514806
[plan iscas99__b17] [plan] step=297 node=N26794 type=observe q_pred_context=3.850010 sequence=552.364816
[plan iscas99__b17] [plan] step=298 node=N31073 type=observe q_pred_context=3.136998 sequence=555.501815
[plan iscas99__b17] [plan] step=299 node=N27497 type=observe q_pred_context=3.407722 sequence=558.909536
[plan iscas99__b17] [plan] step=300 node=N29684 type=observe q_pred_context=4.998197 sequence=563.907733
[plan iscas99__b17] [plan] step=301 node=N26448 type=observe q_pred_context=3.795006 sequence=567.702739
[plan iscas99__b17] [plan] step=302 node=N29381 type=observe q_pred_context=5.400000 sequence=573.102739
[plan iscas99__b17] [plan] step=303 node=N26676 type=observe q_pred_context=3.203332 sequence=576.306070
[plan iscas99__b17] [plan] step=304 node=N28184 type=observe q_pred_context=5.973811 sequence=582.279881
[plan iscas99__b17] [plan] step=305 node=N26641 type=observe q_pred_context=6.523532 sequence=588.803413
[plan iscas99__b17] [plan] step=306 node=N29688 type=observe q_pred_context=3.107476 sequence=591.910890
[plan iscas99__b17] [plan] step=307 node=N28823 type=observe q_pred_context=5.368301 sequence=597.279191
[plan iscas99__b17] [plan] step=308 node=N28210 type=observe q_pred_context=4.355303 sequence=601.634494
[plan iscas99__b17] [plan] step=309 node=N14036 type=observe q_pred_context=0.887835 sequence=602.522330
[plan iscas99__b17] [plan] step=310 node=N3933 type=control1 q_pred_context=0.734787 sequence=603.257117
[plan iscas99__b17] [plan] step=311 node=N2082 type=control1 q_pred_context=5.025044 sequence=608.282161
[plan iscas99__b17] [plan] step=312 node=N14041 type=observe q_pred_context=3.475310 sequence=611.757470
[plan iscas99__b17] [plan] step=313 node=N29751 type=observe q_pred_context=0.991046 sequence=612.748516
[plan iscas99__b17] [plan] step=314 node=N26796 type=observe q_pred_context=5.181204 sequence=617.929720
[plan iscas99__b17] [plan] step=315 node=N16507 type=control0 q_pred_context=0.129971 sequence=618.059691
[plan iscas99__b17] [plan] step=316 node=N29690 type=observe q_pred_context=2.896653 sequence=620.956344
[plan iscas99__b17] [plan] step=317 node=N18197 type=observe q_pred_context=5.936669 sequence=626.893012
[plan iscas99__b17] [plan] step=318 node=N9754 type=control1 q_pred_context=0.573628 sequence=627.466640
[plan iscas99__b17] [plan] step=319 node=N14037 type=observe q_pred_context=1.709524 sequence=629.176164
[plan iscas99__b17] [plan] step=320 node=N27507 type=observe q_pred_context=3.340982 sequence=632.517146
[plan iscas99__b17] [plan] step=321 node=N31251 type=observe q_pred_context=5.646608 sequence=638.163754
[plan iscas99__b17] [plan] step=322 node=N26170 type=observe q_pred_context=3.508374 sequence=641.672129
[plan iscas99__b17] [plan] step=323 node=N26093 type=observe q_pred_context=4.145145 sequence=645.817274
[plan iscas99__b17] [plan] step=324 node=N16302 type=control1 q_pred_context=2.232005 sequence=648.049279
[plan iscas99__b17] [plan] step=325 node=N29540 type=control1 q_pred_context=5.480391 sequence=653.529670
[plan iscas99__b17] [plan] step=326 node=N14045 type=observe q_pred_context=0.929937 sequence=654.459607
[plan iscas99__b17] [plan] step=327 node=N3928 type=control1 q_pred_context=1.439937 sequence=655.899544
[plan iscas99__b17] [plan] step=328 node=N27362 type=observe q_pred_context=2.210529 sequence=658.110073
[plan iscas99__b17] [plan] step=329 node=N7934 type=control1 q_pred_context=1.670918 sequence=659.780991
[plan iscas99__b17] [plan] step=330 node=N7936 type=control1 q_pred_context=5.797298 sequence=665.578288
[plan iscas99__b17] [plan] step=331 node=N29641 type=observe q_pred_context=5.233148 sequence=670.811437
[plan iscas99__b17] [plan] step=332 node=N28046 type=observe q_pred_context=4.229168 sequence=675.040605
[plan iscas99__b17] [plan] step=333 node=N3929 type=control1 q_pred_context=2.507703 sequence=677.548307
[plan iscas99__b17] [plan] step=334 node=N7932 type=control1 q_pred_context=4.794224 sequence=682.342531
[plan iscas99__b17] [plan] step=335 node=N28083 type=observe q_pred_context=1.586572 sequence=683.929103
[plan iscas99__b17] [plan] step=336 node=N7933 type=control1 q_pred_context=2.880401 sequence=686.809505
[plan iscas99__b17] [plan] step=337 node=N7935 type=control1 q_pred_context=1.390423 sequence=688.199927
[plan iscas99__b17] [plan] step=338 node=N7922 type=control1 q_pred_context=1.564742 sequence=689.764669
[plan iscas99__b17] [plan] step=339 node=N8039 type=control1 q_pred_context=5.737350 sequence=695.502019
[plan iscas99__b17] [plan] step=340 node=N8040 type=control1 q_pred_context=5.740869 sequence=701.242887
[plan iscas99__b17] [plan] step=341 node=N25224 type=control1 q_pred_context=4.401623 sequence=705.644510
[plan iscas99__b17] [plan] step=342 node=N31122 type=observe q_pred_context=2.796264 sequence=708.440774
[plan iscas99__b17] [plan] step=343 node=N16502 type=control0 q_pred_context=0.573392 sequence=709.014166
[plan iscas99__b17] [plan] step=344 node=N29484 type=control1 q_pred_context=0.240907 sequence=709.255073
[plan iscas99__b17] [plan] step=345 node=N16497 type=control0 q_pred_context=0.000026 sequence=709.255099
[plan iscas99__b17] [plan] step=346 node=N7931 type=control1 q_pred_context=0.498019 sequence=709.753118
[plan iscas99__b17] [plan] step=347 node=N14042 type=observe q_pred_context=1.901583 sequence=711.654701
[plan iscas99__b17] [plan] step=348 node=N28052 type=observe q_pred_context=3.646647 sequence=715.301348
[plan iscas99__b17] [plan] step=349 node=N26678 type=observe q_pred_context=1.301382 sequence=716.602730
[plan iscas99__b17] [plan] step=350 node=N26365 type=observe q_pred_context=2.803713 sequence=719.406442
[plan iscas99__b17] [plan] step=351 node=N31130 type=observe q_pred_context=1.700743 sequence=721.107186
[plan iscas99__b17] [plan] step=352 node=N26798 type=observe q_pred_context=1.695205 sequence=722.802391
[plan iscas99__b17] [plan] step=353 node=N31239 type=observe q_pred_context=3.600870 sequence=726.403261
[plan iscas99__b17] [plan] step=354 node=N27281 type=observe q_pred_context=1.675554 sequence=728.078815
[plan iscas99__b17] [plan] step=355 node=N28203 type=observe q_pred_context=1.257246 sequence=729.336061
[plan iscas99__b17] [plan] step=356 node=N31126 type=observe q_pred_context=3.287938 sequence=732.623999
[plan iscas99__b17] [plan] step=357 node=N30276 type=observe q_pred_context=6.610003 sequence=739.234002
[plan iscas99__b17] [plan] step=358 node=N18201 type=observe q_pred_context=6.644469 sequence=745.878471
[plan iscas99__b17] [plan] step=359 node=N26727 type=observe q_pred_context=5.635445 sequence=751.513916
[plan iscas99__b17] [plan] step=360 node=N26640 type=observe q_pred_context=6.575865 sequence=758.089780
[plan iscas99__b17] [plan] step=361 node=N14035 type=observe q_pred_context=0.694755 sequence=758.784535
[plan iscas99__b17] [plan] step=362 node=N26374 type=observe q_pred_context=1.216055 sequence=760.000590
[plan iscas99__b17] [plan] step=363 node=N31237 type=observe q_pred_context=5.434976 sequence=765.435566
[plan iscas99__b17] [plan] step=364 node=N16522 type=control0 q_pred_context=0.131298 sequence=765.566864
[plan iscas99__b17] [plan] step=365 node=N14038 type=observe q_pred_context=0.880398 sequence=766.447262
[plan iscas99__b17] [plan] step=366 node=N3936 type=control1 q_pred_context=5.799731 sequence=772.246994
[plan iscas99__b17] [plan] step=367 node=N3934 type=control1 q_pred_context=5.918424 sequence=778.165418
[plan iscas99__b17] [plan] step=368 node=N28094 type=observe q_pred_context=3.636898 sequence=781.802316
[plan iscas99__b17] [plan] step=369 node=N26407 type=observe q_pred_context=4.722791 sequence=786.525107
[plan iscas99__b17] [plan] step=370 node=N3930 type=control1 q_pred_context=4.994076 sequence=791.519183
[plan iscas99__b17] [plan] step=371 node=N3931 type=control1 q_pred_context=2.349477 sequence=793.868660
[plan iscas99__b17] [plan] step=372 node=N2884 type=control1 q_pred_context=1.165025 sequence=795.033685
[plan iscas99__b17] [plan] step=373 node=N13796 type=control1 q_pred_context=1.688312 sequence=796.721997
[plan iscas99__b17] [plan] step=374 node=N15651 type=control1 q_pred_context=1.483581 sequence=798.205578
[plan iscas99__b17] [plan] step=375 node=N15607 type=control1 q_pred_context=0.553095 sequence=798.758674
[plan iscas99__b17] [plan] step=376 node=N17566 type=control1 q_pred_context=0.865895 sequence=799.624569
[plan iscas99__b17] [plan] step=377 node=N18916 type=control1 q_pred_context=0.844585 sequence=800.469154
[plan iscas99__b17] [plan] step=378 node=N28086 type=observe q_pred_context=1.712637 sequence=802.181791
[plan iscas99__b17] [plan] step=379 node=N25897 type=control1 q_pred_context=1.535882 sequence=803.717673
[plan iscas99__b17] [plan] step=380 node=N28106 type=observe q_pred_context=2.196608 sequence=805.914281
[plan iscas99__b17] [plan] step=381 node=N31826 type=control1 q_pred_context=2.044724 sequence=807.959004
[plan iscas99__b17] [plan] step=382 node=N6293 type=control1 q_pred_context=5.072048 sequence=813.031053
[plan iscas99__b17] [plan] step=383 node=N28102 type=observe q_pred_context=3.766435 sequence=816.797488
[plan iscas99__b17] [plan] step=384 node=N6483 type=control1 q_pred_context=2.168716 sequence=818.966204
[plan iscas99__b17] [plan] step=385 node=N26185 type=control1 q_pred_context=1.477586 sequence=820.443790
[plan iscas99__b17] [plan] step=386 node=N28098 type=observe q_pred_context=3.548947 sequence=823.992737
[plan iscas99__b17] [plan] step=387 node=N26199 type=control1 q_pred_context=5.669263 sequence=829.662000
[plan iscas99__b17] [plan] step=388 node=N7937 type=control1 q_pred_context=3.576108 sequence=833.238108
[plan iscas99__b17] [plan] step=389 node=N28090 type=observe q_pred_context=1.614874 sequence=834.852982
[plan iscas99__b17] [plan] step=390 node=N28163 type=observe q_pred_context=0.959474 sequence=835.812456
[plan iscas99__b17] [plan] step=391 node=N8125 type=observe q_pred_context=2.691745 sequence=838.504201
[plan iscas99__b17] [plan] step=392 node=N26400 type=observe q_pred_context=1.791920 sequence=840.296121
[plan iscas99__b17] [plan] step=393 node=N31235 type=observe q_pred_context=1.179291 sequence=841.475412
[plan iscas99__b17] [plan] step=394 node=N14046 type=observe q_pred_context=1.007070 sequence=842.482482
[plan iscas99__b17] [plan] step=395 node=N26193 type=observe q_pred_context=3.196792 sequence=845.679273
[plan iscas99__b17] [plan] step=396 node=N8123 type=observe q_pred_context=2.574730 sequence=848.254003
[plan iscas99__b17] [plan] step=397 node=N26376 type=observe q_pred_context=5.843922 sequence=854.097925
[plan iscas99__b17] [plan] step=398 node=N3932 type=control1 q_pred_context=1.549810 sequence=855.647735
[plan iscas99__b17] [plan] step=399 node=N28727 type=observe q_pred_context=1.526693 sequence=857.174428
[plan iscas99__b17] [plan] step=400 node=N16455 type=control0 q_pred_context=0.792542 sequence=857.966971
[plan iscas99__b17] [plan] step=401 node=N14043 type=observe q_pred_context=0.343403 sequence=858.310373
[plan iscas99__b17] [plan] step=402 node=N14069 type=observe q_pred_context=2.083271 sequence=860.393644
[plan iscas99__b17] [plan] step=403 node=N26383 type=observe q_pred_context=0.774049 sequence=861.167693
[plan iscas99__b17] [plan] step=404 node=N28723 type=observe q_pred_context=0.232687 sequence=861.400380
[plan iscas99__b17] [plan] step=405 node=N26016 type=observe q_pred_context=0.967673 sequence=862.368053
[plan iscas99__b17] [plan] step=406 node=N28048 type=observe q_pred_context=4.200000 sequence=866.568053
[plan iscas99__b17] [plan] step=407 node=N31201 type=observe q_pred_context=2.524758 sequence=869.092811
[plan iscas99__b17] [plan] step=408 node=N28177 type=observe q_pred_context=1.847703 sequence=870.940514
[plan iscas99__b17] [plan] step=409 node=N26390 type=observe q_pred_context=1.833680 sequence=872.774194
[plan iscas99__b17] [plan] step=410 node=N26018 type=observe q_pred_context=1.700257 sequence=874.474451
[plan iscas99__b17] [plan] step=411 node=N26077 type=observe q_pred_context=0.902432 sequence=875.376883
[plan iscas99__b17] [plan] step=412 node=N26080 type=observe q_pred_context=0.911980 sequence=876.288862
[plan iscas99__b17] [plan] step=413 node=N28960 type=observe q_pred_context=1.026672 sequence=877.315534
[plan iscas99__b17] [plan] step=414 node=N14144 type=control1 q_pred_context=1.891227 sequence=879.206761
[plan iscas99__b17] [plan] step=415 node=N14034 type=observe q_pred_context=0.103937 sequence=879.310698
[plan iscas99__b17] [plan] step=416 node=N16680 type=control0 q_pred_context=0.610300 sequence=879.920998
[plan iscas99__b17] [plan] step=417 node=N18906 type=control1 q_pred_context=4.466977 sequence=884.387975
[plan iscas99__b17] [plan] step=418 node=N16670 type=control0 q_pred_context=0.047357 sequence=884.435332
[plan iscas99__b17] [plan] step=419 node=N16675 type=control0 q_pred_context=0.674408 sequence=885.109740
[plan iscas99__b17] [plan] step=420 node=N16460 type=control0 q_pred_context=0.674484 sequence=885.784224
[plan iscas99__b17] [plan] step=421 node=N16470 type=control0 q_pred_context=0.758796 sequence=886.543020
[plan iscas99__b17] [plan] step=422 node=N16440 type=control0 q_pred_context=0.758801 sequence=887.301821
[plan iscas99__b17] [plan] step=423 node=N16632 type=control0 q_pred_context=0.758807 sequence=888.060627
[plan iscas99__b17] [plan] step=424 node=N16627 type=control0 q_pred_context=0.758809 sequence=888.819436
[plan iscas99__b17] [plan] step=425 node=N16575 type=control0 q_pred_context=0.758816 sequence=889.578252
[plan iscas99__b17] [plan] step=426 node=N16617 type=control0 q_pred_context=0.758841 sequence=890.337094
[plan iscas99__b17] [plan] step=427 node=N21100 type=control1 q_pred_context=1.453608 sequence=891.790702
[plan iscas99__b17] [plan] step=428 node=N16622 type=control0 q_pred_context=0.758843 sequence=892.549544
[plan iscas99__b17] [plan] step=429 node=N16612 type=control0 q_pred_context=0.758826 sequence=893.308370
[plan iscas99__b17] [plan] step=430 node=N16607 type=control0 q_pred_context=0.607114 sequence=893.915484
[plan iscas99__b17] [plan] step=431 node=N16642 type=control0 q_pred_context=0.607074 sequence=894.522559
[plan iscas99__b17] [plan] step=432 node=N16637 type=control0 q_pred_context=0.607070 sequence=895.129629
[plan iscas99__b17] [plan] step=433 node=N16450 type=control0 q_pred_context=0.607069 sequence=895.736698
[plan iscas99__b17] [plan] step=434 node=N16580 type=control0 q_pred_context=0.607061 sequence=896.343758
[plan iscas99__b17] [plan] step=435 node=N16810 type=control0 q_pred_context=0.607055 sequence=896.950813
[plan iscas99__b17] [plan] step=436 node=N16555 type=control0 q_pred_context=0.607065 sequence=897.557878
[plan iscas99__b17] [plan] step=437 node=N28170 type=observe q_pred_context=1.277515 sequence=898.835393
[plan iscas99__b17] [plan] step=438 node=N16550 type=control0 q_pred_context=0.607065 sequence=899.442458
[plan iscas99__b17] [plan] step=439 node=N16585 type=control0 q_pred_context=0.607159 sequence=900.049617
[plan iscas99__b17] [plan] step=440 node=N16435 type=control0 q_pred_context=0.607071 sequence=900.656688
[plan iscas99__b17] [plan] step=441 node=N16785 type=control0 q_pred_context=0.607057 sequence=901.263745
[plan iscas99__b17] [plan] step=442 node=N16685 type=control0 q_pred_context=0.609852 sequence=901.873597
[plan iscas99__b17] [plan] step=443 node=N16465 type=control0 q_pred_context=0.363358 sequence=902.236955
[plan iscas99__b17] [plan] step=444 node=N15624 type=control1 q_pred_context=1.979786 sequence=904.216742
[plan iscas99__b17] [plan] step=445 node=N11675 type=control0 q_pred_context=0.508690 sequence=904.725431
[plan iscas99__b17] [plan] step=446 node=N16565 type=control0 q_pred_context=0.607093 sequence=905.332524
[plan iscas99__b17] [plan] step=447 node=N16852 type=control0 q_pred_context=0.477237 sequence=905.809761
[plan iscas99__b17] [plan] step=448 node=N16856 type=control0 q_pred_context=0.453637 sequence=906.263398
[plan iscas99__b17] [plan] step=449 node=N28778 type=observe q_pred_context=0.269508 sequence=906.532906
[plan iscas99__b17] [plan] step=450 node=N26402 type=observe q_pred_context=1.475801 sequence=908.008706
[plan iscas99__b17] [plan] step=451 node=N16847 type=control0 q_pred_context=0.734387 sequence=908.743094
[plan iscas99__b17] [plan] step=452 node=N16570 type=control0 q_pred_context=0.607072 sequence=909.350166
[plan iscas99__b17] [plan] step=453 node=N16742 type=control0 q_pred_context=0.650602 sequence=910.000768
[plan iscas99__b17] [plan] step=454 node=N16800 type=control0 q_pred_context=0.607064 sequence=910.607831
[plan iscas99__b17] [plan] step=455 node=N16866 type=control0 q_pred_context=0.607038 sequence=911.214869
[plan iscas99__b17] [plan] step=456 node=N11683 type=control0 q_pred_context=0.607045 sequence=911.821914
[plan iscas99__b17] [plan] step=457 node=N16737 type=control0 q_pred_context=0.607130 sequence=912.429045
[plan iscas99__b17] [plan] step=458 node=N16560 type=control0 q_pred_context=0.607055 sequence=913.036099
[plan iscas99__b17] [plan] step=459 node=N16747 type=control0 q_pred_context=0.607054 sequence=913.643153
[plan iscas99__b17] [plan] step=460 node=N16805 type=control0 q_pred_context=0.607049 sequence=914.250202
[plan iscas99__b17] [plan] step=461 node=N11779 type=control0 q_pred_context=0.717656 sequence=914.967858
[plan iscas99__b17] [plan] step=462 node=N16732 type=control0 q_pred_context=0.658797 sequence=915.626655
[plan iscas99__b17] [plan] step=463 node=N28044 type=observe q_pred_context=0.985302 sequence=916.611956
[plan iscas99__b17] [plan] step=464 node=N16861 type=control0 q_pred_context=0.758797 sequence=917.370753
[plan iscas99__b17] [plan] step=465 node=N11759 type=control0 q_pred_context=0.693651 sequence=918.064404
[plan iscas99__b17] [plan] step=466 node=N11679 type=control0 q_pred_context=0.689544 sequence=918.753948
[plan iscas99__b17] [plan] step=467 node=N11774 type=control0 q_pred_context=0.664450 sequence=919.418398
[plan iscas99__b17] [plan] step=468 node=N16722 type=control0 q_pred_context=0.630270 sequence=920.048667
[plan iscas99__b17] [plan] step=469 node=N18184 type=observe q_pred_context=1.217098 sequence=921.265765
[plan iscas99__b17] [plan] step=470 node=N11764 type=control0 q_pred_context=0.637029 sequence=921.902794
[plan iscas99__b17] [plan] step=471 node=N11769 type=control0 q_pred_context=0.660082 sequence=922.562876
[plan iscas99__b17] [plan] step=472 node=N16727 type=control0 q_pred_context=0.695763 sequence=923.258639
[plan iscas99__b17] [plan] step=473 node=N16757 type=control0 q_pred_context=0.779357 sequence=924.037995
[plan iscas99__b17] [plan] step=474 node=N16790 type=control0 q_pred_context=0.780168 sequence=924.818164
[plan iscas99__b17] [plan] step=475 node=N16780 type=control0 q_pred_context=0.828302 sequence=925.646466
[plan iscas99__b17] [plan] step=476 node=N16837 type=control0 q_pred_context=0.848101 sequence=926.494567
[plan iscas99__b17] [plan] step=477 node=N16842 type=control0 q_pred_context=0.869665 sequence=927.364232
[plan iscas99__b17] [plan] step=478 node=N16871 type=control0 q_pred_context=0.867336 sequence=928.231568
[plan iscas99__b17] [plan] step=479 node=N11671 type=control0 q_pred_context=0.865483 sequence=929.097051
[plan iscas99__b17] [plan] step=480 node=N16815 type=control0 q_pred_context=0.861898 sequence=929.958949
[plan iscas99__b17] [plan] step=481 node=N11691 type=control0 q_pred_context=0.927432 sequence=930.886381
[plan iscas99__b17] [plan] step=482 node=N11729 type=control0 q_pred_context=0.911356 sequence=931.797737
[plan iscas99__b17] [plan] step=483 node=N11734 type=control0 q_pred_context=0.912902 sequence=932.710639
[plan iscas99__b17] [plan] step=484 node=N16795 type=control0 q_pred_context=0.934089 sequence=933.644728
[plan iscas99__b17] [plan] step=485 node=N11687 type=control0 q_pred_context=0.932041 sequence=934.576769
[plan iscas99__b17] [plan] step=486 node=N26030 type=observe q_pred_context=0.930998 sequence=935.507767
[plan iscas99__b17] [plan] step=487 node=N16752 type=control0 q_pred_context=0.873659 sequence=936.381426
[plan iscas99__b17] [plan] step=488 node=N11789 type=control0 q_pred_context=0.880368 sequence=937.261794
[plan iscas99__b17] [plan] step=489 node=N11707 type=control0 q_pred_context=0.877061 sequence=938.138855
[plan iscas99__b17] [plan] step=490 node=N26042 type=observe q_pred_context=0.887357 sequence=939.026212
[plan iscas99__b17] [plan] step=491 node=N11754 type=control0 q_pred_context=0.750725 sequence=939.776936
[plan iscas99__b17] [plan] step=492 node=N11715 type=control0 q_pred_context=0.759168 sequence=940.536105
[plan iscas99__b17] [plan] step=493 node=N28042 type=observe q_pred_context=0.822132 sequence=941.358237
[plan iscas99__b17] [plan] step=494 node=N3339 type=control0 q_pred_context=0.760389 sequence=942.118626
[plan iscas99__b17] [plan] step=495 node=N11744 type=control0 q_pred_context=0.601643 sequence=942.720269
[plan iscas99__b17] [plan] step=496 node=N11749 type=control0 q_pred_context=0.725461 sequence=943.445730
[plan iscas99__b17] [plan] step=497 node=N11699 type=control0 q_pred_context=0.989736 sequence=944.435467
[plan iscas99__b17] [plan] step=498 node=N11784 type=control0 q_pred_context=1.470190 sequence=945.905657
[plan iscas99__b17] [plan] step=499 node=N15975 type=control0 q_pred_context=1.461658 sequence=947.367315
[plan iscas99__b17] [plan] step=500 node=N16005 type=control0 q_pred_context=1.418835 sequence=948.786150
[plan iscas99__b17] [plan] step=501 node=N16000 type=control0 q_pred_context=1.359154 sequence=950.145304
[plan iscas99__b17] [plan] step=502 node=N15995 type=control0 q_pred_context=1.219156 sequence=951.364460
[plan iscas99__b17] [plan] step=503 node=N16010 type=control0 q_pred_context=1.115884 sequence=952.480344
[plan iscas99__b17] [plan] step=504 node=N11794 type=control0 q_pred_context=0.917391 sequence=953.397735
[plan iscas99__b17] [plan] step=505 node=N15980 type=control0 q_pred_context=1.440217 sequence=954.837952
[plan iscas99__b17] [plan] step=506 node=N15985 type=control0 q_pred_context=1.378893 sequence=956.216845
[plan iscas99__b17] [plan] step=507 node=N15990 type=control0 q_pred_context=1.349685 sequence=957.566530
[plan iscas99__b17] [plan] step=508 node=N28792 type=observe q_pred_context=1.255391 sequence=958.821921
[plan iscas99__b17] [plan] step=509 node=N13916 type=control0 q_pred_context=0.631713 sequence=959.453634
[plan iscas99__b17] [plan] step=510 node=N16043 type=control0 q_pred_context=0.743889 sequence=960.197523
[plan iscas99__b17] [plan] step=511 node=N3355 type=control0 q_pred_context=1.003526 sequence=961.201049
[plan iscas99__b17] [plan] step=512 node=N16058 type=control0 q_pred_context=1.218669 sequence=962.419719
[plan iscas99__b17] [plan] step=513 node=N16068 type=control0 q_pred_context=1.052083 sequence=963.471802
[plan iscas99__b17] [plan] step=514 node=N16038 type=control0 q_pred_context=1.048526 sequence=964.520328
[plan iscas99__b17] [plan] step=515 node=N16053 type=control0 q_pred_context=1.032789 sequence=965.553117
[plan iscas99__b17] [plan] step=516 node=N16033 type=control0 q_pred_context=1.013725 sequence=966.566843
[plan iscas99__b17] [plan] step=517 node=N16048 type=control0 q_pred_context=1.187333 sequence=967.754175
[plan iscas99__b17] [plan] step=518 node=N16063 type=control0 q_pred_context=1.189375 sequence=968.943550
[plan iscas99__b17] [plan] step=519 node=N11719 type=control0 q_pred_context=1.175348 sequence=970.118898
[plan iscas99__b17] [plan] step=520 node=N11703 type=control0 q_pred_context=1.150800 sequence=971.269698
[plan iscas99__b17] [plan] step=521 node=N28843 type=control0 q_pred_context=1.129716 sequence=972.399414
[plan iscas99__b17] [plan] step=522 node=N11711 type=control0 q_pred_context=1.184796 sequence=973.584209
[plan iscas99__b17] [plan] step=523 node=N29974 type=observe q_pred_context=1.297000 sequence=974.881209
[plan iscas99__b17] [plan] step=524 node=N16222 type=control0 q_pred_context=1.118137 sequence=975.999347
[plan iscas99__b17] [plan] step=525 node=N16212 type=control0 q_pred_context=1.222286 sequence=977.221633
[plan iscas99__b17] [plan] step=526 node=N16242 type=control0 q_pred_context=1.234010 sequence=978.455643
[plan iscas99__b17] [plan] step=527 node=N16232 type=control0 q_pred_context=1.370254 sequence=979.825896
[plan iscas99__b17] [plan] step=528 node=N16227 type=control0 q_pred_context=1.225104 sequence=981.051000
[plan iscas99__b17] [plan] step=529 node=N16217 type=control0 q_pred_context=1.229492 sequence=982.280492
[plan iscas99__b17] [plan] step=530 node=N16207 type=control0 q_pred_context=1.493870 sequence=983.774362
[plan iscas99__b17] [plan] step=531 node=N16237 type=control0 q_pred_context=1.822432 sequence=985.596794
[plan iscas99__b17] [plan] step=532 node=N28877 type=control0 q_pred_context=1.770363 sequence=987.367157
[plan iscas99__b17] [plan] step=533 node=N14049 type=observe q_pred_context=1.468471 sequence=988.835628
[plan iscas99__b17] [plan] step=534 node=N11695 type=control0 q_pred_context=0.628274 sequence=989.463902
[plan iscas99__b17] [plan] step=535 node=N11667 type=control0 q_pred_context=0.866236 sequence=990.330139
[plan iscas99__b17] [plan] step=536 node=N15626 type=control1 q_pred_context=0.780949 sequence=991.111088
[plan iscas99__b17] [plan] step=537 node=N9202 type=control1 q_pred_context=1.088902 sequence=992.199990
[plan iscas99__b17] [plan] step=538 node=N31216 type=observe q_pred_context=0.573671 sequence=992.773661
[plan iscas99__b17] [plan] step=539 node=N3344 type=control0 q_pred_context=0.647882 sequence=993.421543
[plan iscas99__b17] [plan] step=540 node=N3363 type=control0 q_pred_context=1.047266 sequence=994.468810
[plan iscas99__b17] [plan] step=541 node=N3379 type=control0 q_pred_context=0.522541 sequence=994.991351
[plan iscas99__b17] [plan] step=542 node=N14728 type=control0 q_pred_context=0.664517 sequence=995.655868
[plan iscas99__b17] [plan] step=543 node=N16264 type=control0 q_pred_context=1.071983 sequence=996.727852
[plan iscas99__b17] [plan] step=544 node=N16274 type=control0 q_pred_context=1.094018 sequence=997.821869
[plan iscas99__b17] [plan] step=545 node=N16269 type=control0 q_pred_context=1.032095 sequence=998.853965
[plan iscas99__b17] [plan] step=546 node=N16299 type=control0 q_pred_context=1.050553 sequence=999.904518
[plan iscas99__b17] [plan] step=547 node=N16279 type=control0 q_pred_context=1.128915 sequence=1001.033433
[plan iscas99__b17] [plan] step=548 node=N16284 type=control0 q_pred_context=1.206020 sequence=1002.239453
[plan iscas99__b17] [plan] step=549 node=N16289 type=control0 q_pred_context=1.349188 sequence=1003.588641
[plan iscas99__b17] [plan] step=550 node=N16294 type=control0 q_pred_context=1.547254 sequence=1005.135895
[plan iscas99__b17] [plan] step=551 node=N12472 type=control0 q_pred_context=1.377996 sequence=1006.513891
[plan iscas99__b17] [plan] step=552 node=N31212 type=observe q_pred_context=1.448698 sequence=1007.962589
[plan iscas99__b17] [plan] step=553 node=N13920 type=control0 q_pred_context=0.515499 sequence=1008.478087
[plan iscas99__b17] [plan] step=554 node=N26028 type=observe q_pred_context=0.624123 sequence=1009.102210
[plan iscas99__b17] [plan] step=555 node=N13903 type=control0 q_pred_context=0.575228 sequence=1009.677438
[plan iscas99__b17] [plan] step=556 node=N26409 type=observe q_pred_context=0.569443 sequence=1010.246880
[plan iscas99__b17] [plan] step=557 node=N18193 type=observe q_pred_context=0.739568 sequence=1010.986449
[plan iscas99__b17] [plan] step=558 node=N3332 type=control0 q_pred_context=0.636744 sequence=1011.623192
[plan iscas99__b17] [plan] step=559 node=N16097 type=control0 q_pred_context=1.023834 sequence=1012.647026
[plan iscas99__b17] [plan] step=560 node=N16102 type=control0 q_pred_context=1.172371 sequence=1013.819397
[plan iscas99__b17] [plan] step=561 node=N16107 type=control0 q_pred_context=1.475966 sequence=1015.295363
[plan iscas99__b17] [plan] step=562 node=N16112 type=control0 q_pred_context=1.412224 sequence=1016.707587
[plan iscas99__b17] [plan] step=563 node=N16127 type=control0 q_pred_context=1.249057 sequence=1017.956644
[plan iscas99__b17] [plan] step=564 node=N16092 type=control0 q_pred_context=1.430045 sequence=1019.386690
[plan iscas99__b17] [plan] step=565 node=N16122 type=control0 q_pred_context=1.696449 sequence=1021.083138
[plan iscas99__b17] [plan] step=566 node=N14033 type=observe q_pred_context=1.061956 sequence=1022.145094
[plan iscas99__b17] [plan] step=567 node=N13918 type=control0 q_pred_context=0.963432 sequence=1023.108526
[plan iscas99__b17] [plan] step=568 node=N16117 type=control0 q_pred_context=0.880661 sequence=1023.989187
[plan iscas99__b17] [plan] step=569 node=N13896 type=control0 q_pred_context=0.636838 sequence=1024.626025
[plan iscas99__b17] [plan] step=570 node=N29431 type=control0 q_pred_context=0.691398 sequence=1025.317423
[plan iscas99__b17] [plan] step=571 node=N3371 type=control0 q_pred_context=0.604466 sequence=1025.921889
[plan iscas99__b17] [plan] step=572 node=N3361 type=control0 q_pred_context=0.578395 sequence=1026.500283
[plan iscas99__b17] [plan] step=573 node=N3345 type=control0 q_pred_context=0.557568 sequence=1027.057851
[plan iscas99__b17] [plan] step=574 node=N26014 type=observe q_pred_context=0.554159 sequence=1027.612009
[plan iscas99__b17] [plan] step=575 node=N28859 type=observe q_pred_context=0.771180 sequence=1028.383190
[plan iscas99__b17] [plan] step=576 node=N13898 type=control0 q_pred_context=1.060915 sequence=1029.444105
[plan iscas99__b17] [plan] step=577 node=N3353 type=control0 q_pred_context=1.124273 sequence=1030.568378
[plan iscas99__b17] [plan] step=578 node=N3347 type=control0 q_pred_context=1.241931 sequence=1031.810309
[plan iscas99__b17] [plan] step=579 node=N13927 type=control0 q_pred_context=1.039169 sequence=1032.849478
[plan iscas99__b17] [plan] step=580 node=N3368 type=control0 q_pred_context=0.604706 sequence=1033.454183
[plan iscas99__b17] [plan] step=581 node=N3336 type=control0 q_pred_context=0.613660 sequence=1034.067844
[plan iscas99__b17] [plan] step=582 node=N3384 type=control0 q_pred_context=0.772137 sequence=1034.839981
[plan iscas99__b17] [plan] step=583 node=N3376 type=control0 q_pred_context=1.339580 sequence=1036.179560
[plan iscas99__b17] [plan] step=584 node=N3552 type=control0 q_pred_context=1.689865 sequence=1037.869425
[plan iscas99__b17] [plan] step=585 node=N3525 type=control0 q_pred_context=1.792303 sequence=1039.661729
[plan iscas99__b17] [plan] step=586 node=N3476 type=control0 q_pred_context=2.243909 sequence=1041.905638
[plan iscas99__b17] [plan] step=587 node=N3468 type=control0 q_pred_context=1.771041 sequence=1043.676679
[plan iscas99__b17] [plan] step=588 node=N3325 type=control0 q_pred_context=1.217526 sequence=1044.894205
[plan iscas99__b17] [plan] step=589 node=N3504 type=control0 q_pred_context=1.159672 sequence=1046.053877
[plan iscas99__b17] [plan] step=590 node=N3534 type=control0 q_pred_context=0.844322 sequence=1046.898199
[plan iscas99__b17] [plan] step=591 node=N3406 type=control0 q_pred_context=0.759712 sequence=1047.657911
[plan iscas99__b17] [plan] step=592 node=N3561 type=control0 q_pred_context=0.791171 sequence=1048.449083
[plan iscas99__b17] [plan] step=593 node=N3426 type=control0 q_pred_context=0.776272 sequence=1049.225354
[plan iscas99__b17] [plan] step=594 node=N3434 type=control0 q_pred_context=0.774509 sequence=1049.999863
[plan iscas99__b17] [plan] step=595 node=N3456 type=control0 q_pred_context=0.909823 sequence=1050.909686
[plan iscas99__b17] [plan] step=596 node=N3543 type=control0 q_pred_context=0.831447 sequence=1051.741133
[plan iscas99__b17] [plan] step=597 node=N3392 type=control0 q_pred_context=1.451628 sequence=1053.192761
[plan iscas99__b17] [plan] step=598 node=N3572 type=control0 q_pred_context=1.375954 sequence=1054.568715
[plan iscas99__b17] [plan] step=599 node=N3449 type=control0 q_pred_context=1.344667 sequence=1055.913383
[plan iscas99__b17] [plan] step=600 node=N3413 type=control0 q_pred_context=1.315197 sequence=1057.228580
[plan iscas99__b17] [plan] step=601 node=N3514 type=control0 q_pred_context=1.414268 sequence=1058.642848
[plan iscas99__b17] [plan] step=602 node=N3399 type=control0 q_pred_context=1.132358 sequence=1059.775206
[plan iscas99__b17] [plan] step=603 node=N3443 type=control0 q_pred_context=2.257153 sequence=1062.032358
[plan iscas99__b17] [plan] step=604 node=N3420 type=control0 q_pred_context=1.411368 sequence=1063.443727
[plan iscas99__b17] [plan] step=605 node=N3329 type=control0 q_pred_context=1.374617 sequence=1064.818343
[plan iscas99__b17] [plan] step=606 node=N14756 type=control0 q_pred_context=2.236696 sequence=1067.055039
[plan iscas99__b17] [plan] step=607 node=N13912 type=control0 q_pred_context=1.403717 sequence=1068.458756
[plan iscas99__b17] [plan] step=608 node=N13925 type=control0 q_pred_context=1.768942 sequence=1070.227697
[plan iscas99__b17] [plan] step=609 node=N3462 type=control0 q_pred_context=2.111680 sequence=1072.339377
[plan iscas99__b17] [plan] step=610 node=N3494 type=control0 q_pred_context=2.100249 sequence=1074.439626
[plan iscas99__b17] [plan] step=611 node=N3484 type=control0 q_pred_context=2.246838 sequence=1076.686463
[plan iscas99__b17] [plan] step=612 node=N16990 type=control0 q_pred_context=2.119676 sequence=1078.806140
[plan iscas99__b17] [plan] step=613 node=N13908 type=control0 q_pred_context=1.292198 sequence=1080.098338
[plan iscas99__b17] [plan] step=614 node=N16179 type=control0 q_pred_context=1.038618 sequence=1081.136956
[plan iscas99__b17] [plan] step=615 node=N16332 type=control0 q_pred_context=1.268482 sequence=1082.405438
[plan iscas99__b17] [plan] step=616 node=N16159 type=control0 q_pred_context=1.342125 sequence=1083.747563
[plan iscas99__b17] [plan] step=617 node=N16149 type=control0 q_pred_context=1.216456 sequence=1084.964019
[plan iscas99__b17] [plan] step=618 node=N16352 type=control0 q_pred_context=1.350894 sequence=1086.314913
[plan iscas99__b17] [plan] step=619 node=N16322 type=control0 q_pred_context=1.374717 sequence=1087.689630
[plan iscas99__b17] [plan] step=620 node=N16327 type=control0 q_pred_context=1.503688 sequence=1089.193318
[plan iscas99__b17] [plan] step=621 node=N16154 type=control0 q_pred_context=1.650917 sequence=1090.844235
[plan iscas99__b17] [plan] step=622 node=N16357 type=control0 q_pred_context=1.542690 sequence=1092.386925
[plan iscas99__b17] [plan] step=623 node=N13931 type=control0 q_pred_context=1.800977 sequence=1094.187902
[plan iscas99__b17] [plan] step=624 node=N13910 type=control0 q_pred_context=2.202368 sequence=1096.390270
[plan iscas99__b17] [plan] step=625 node=N16337 type=control0 q_pred_context=2.030406 sequence=1098.420675
[plan iscas99__b17] [plan] step=626 node=N3322 type=control0 q_pred_context=2.122978 sequence=1100.543654
[plan iscas99__b17] [plan] step=627 node=N16342 type=control0 q_pred_context=2.210373 sequence=1102.754027
[plan iscas99__b17] [plan] step=628 node=N13929 type=control0 q_pred_context=2.138862 sequence=1104.892889
[plan iscas99__b17] [plan] step=629 node=N16347 type=control0 q_pred_context=2.144019 sequence=1107.036908
[plan iscas99__b17] [plan] step=630 node=N16409 type=control0 q_pred_context=1.923612 sequence=1108.960519
[plan iscas99__b17] [plan] step=631 node=N16164 type=control0 q_pred_context=1.691252 sequence=1110.651772
[plan iscas99__b17] [plan] step=632 node=N17617 type=control0 q_pred_context=1.629347 sequence=1112.281119
[plan iscas99__b17] [plan] step=633 node=N16394 type=control0 q_pred_context=1.702464 sequence=1113.983583
[plan iscas99__b17] [plan] step=634 node=N16414 type=control0 q_pred_context=1.911386 sequence=1115.894969
[plan iscas99__b17] [plan] step=635 node=N16399 type=control0 q_pred_context=1.976444 sequence=1117.871413
[plan iscas99__b17] [plan] step=636 node=N16169 type=control0 q_pred_context=1.926432 sequence=1119.797845
[plan iscas99__b17] [plan] step=637 node=N16404 type=control0 q_pred_context=1.912046 sequence=1121.709891
[plan iscas99__b17] [plan] step=638 node=N16174 type=control0 q_pred_context=1.766273 sequence=1123.476164
[plan iscas99__b17] [plan] step=639 node=N16384 type=control0 q_pred_context=1.431998 sequence=1124.908162
[plan iscas99__b17] [plan] step=640 node=N17657 type=control0 q_pred_context=1.387894 sequence=1126.296056
[plan iscas99__b17] [plan] step=641 node=N17661 type=control0 q_pred_context=1.382162 sequence=1127.678218
[plan iscas99__b17] [plan] step=642 node=N17641 type=control0 q_pred_context=1.427232 sequence=1129.105450
[plan iscas99__b17] [plan] step=643 node=N17682 type=control0 q_pred_context=1.455635 sequence=1130.561085
[plan iscas99__b17] [plan] step=644 node=N9763 type=control1 q_pred_context=0.877710 sequence=1131.438795
[plan iscas99__b17] [plan] step=645 node=N6605 type=control0 q_pred_context=1.364440 sequence=1132.803234
[plan iscas99__b17] [plan] step=646 node=N16389 type=control0 q_pred_context=1.154633 sequence=1133.957868
[plan iscas99__b17] [plan] step=647 node=N16184 type=control0 q_pred_context=1.051009 sequence=1135.008877
[plan iscas99__b17] [plan] step=648 node=N16379 type=control0 q_pred_context=1.060786 sequence=1136.069662
[plan iscas99__b17] [plan] step=649 node=N6723 type=control1 q_pred_context=0.791081 sequence=1136.860743
[plan iscas99__b17] [plan] step=650 node=N6590 type=control0 q_pred_context=1.050058 sequence=1137.910802
[plan iscas99__b17] [plan] step=651 node=N17665 type=control0 q_pred_context=1.027309 sequence=1138.938110
[plan iscas99__b17] [plan] step=652 node=N17645 type=control0 q_pred_context=0.951709 sequence=1139.889819
[plan iscas99__b17] [plan] step=653 node=N15625 type=control1 q_pred_context=0.495165 sequence=1140.384984
[plan iscas99__b17] [plan] step=654 node=N2080 type=control1 q_pred_context=1.151395 sequence=1141.536379
[plan iscas99__b17] [plan] step=655 node=N17629 type=control0 q_pred_context=0.960620 sequence=1142.496999
[plan iscas99__b17] [plan] step=656 node=N6595 type=control0 q_pred_context=0.972090 sequence=1143.469088
[plan iscas99__b17] [plan] step=657 node=N6600 type=control0 q_pred_context=1.035086 sequence=1144.504174
[plan iscas99__b17] [plan] step=658 node=N29007 type=observe q_pred_context=0.898971 sequence=1145.403145
[plan iscas99__b17] [plan] step=659 node=N2146 type=control0 q_pred_context=2.393346 sequence=1147.796491
[plan iscas99__b17] [plan] step=660 node=N15151 type=control1 q_pred_context=1.891753 sequence=1149.688244
[plan iscas99__b17] [plan] step=661 node=N14056 type=control1 q_pred_context=1.764223 sequence=1151.452467
[plan iscas99__b17] [plan] step=662 node=N27641 type=control0 q_pred_context=1.489983 sequence=1152.942450
[plan iscas99__b17] [plan] step=663 node=N11663 type=control0 q_pred_context=1.341898 sequence=1154.284348
[plan iscas99__b17] [plan] step=664 node=N17625 type=control0 q_pred_context=1.428416 sequence=1155.712764
[plan iscas99__b17] [plan] step=665 node=N6615 type=control0 q_pred_context=1.233083 sequence=1156.945847
[plan iscas99__b17] [plan] step=666 node=N6610 type=control0 q_pred_context=1.002079 sequence=1157.947926
[plan iscas99__b17] [plan] step=667 node=N16983 type=control0 q_pred_context=0.775525 sequence=1158.723450
[plan iscas99__b17] [plan] step=668 node=N14050 type=observe q_pred_context=1.097031 sequence=1159.820481
[plan iscas99__b17] [plan] step=669 node=N14070 type=observe q_pred_context=1.795234 sequence=1161.615715
[plan iscas99__b17] [plan] step=670 node=N17637 type=control0 q_pred_context=1.583184 sequence=1163.198899
[plan iscas99__b17] [plan] step=671 node=N17653 type=control0 q_pred_context=1.901948 sequence=1165.100846
[plan iscas99__b17] [plan] step=672 node=N6585 type=control0 q_pred_context=2.177682 sequence=1167.278528
[plan iscas99__b17] [plan] step=673 node=N17067 type=control0 q_pred_context=2.048837 sequence=1169.327365
[plan iscas99__b17] [plan] step=674 node=N17011 type=control0 q_pred_context=1.907291 sequence=1171.234656
[plan iscas99__b17] [plan] step=675 node=N17053 type=control0 q_pred_context=1.580445 sequence=1172.815102
[plan iscas99__b17] [plan] step=676 node=N17025 type=control0 q_pred_context=1.365747 sequence=1174.180848
[plan iscas99__b17] [plan] step=677 node=N17081 type=control0 q_pred_context=1.312267 sequence=1175.493116
[plan iscas99__b17] [plan] step=678 node=N17095 type=control0 q_pred_context=1.307925 sequence=1176.801040
[plan iscas99__b17] [plan] step=679 node=N17109 type=control0 q_pred_context=1.302829 sequence=1178.103870
[plan iscas99__b17] [plan] step=680 node=N17200 type=control0 q_pred_context=1.297222 sequence=1179.401092
[plan iscas99__b17] [plan] step=681 node=N17039 type=control0 q_pred_context=1.305534 sequence=1180.706626
[plan iscas99__b17] [plan] step=682 node=N17032 type=control0 q_pred_context=0.969927 sequence=1181.676553
[plan iscas99__b17] [plan] step=683 node=N17018 type=control0 q_pred_context=0.777958 sequence=1182.454511
[plan iscas99__b17] [plan] step=684 node=N17046 type=control0 q_pred_context=0.771319 sequence=1183.225829
[plan iscas99__b17] [plan] step=685 node=N29550 type=control0 q_pred_context=0.978710 sequence=1184.204539
[plan iscas99__b17] [plan] step=686 node=N17004 type=control0 q_pred_context=1.433544 sequence=1185.638083
[plan iscas99__b17] [plan] step=687 node=N17151 type=control0 q_pred_context=1.292545 sequence=1186.930628
[plan iscas99__b17] [plan] step=688 node=N28790 type=observe q_pred_context=0.976873 sequence=1187.907501
[plan iscas99__b17] [plan] step=689 node=N17130 type=control0 q_pred_context=1.175043 sequence=1189.082544
[plan iscas99__b17] [plan] step=690 node=N17074 type=control0 q_pred_context=1.387404 sequence=1190.469948
[plan iscas99__b17] [plan] step=691 node=N17088 type=control0 q_pred_context=1.400479 sequence=1191.870427
[plan iscas99__b17] [plan] step=692 node=N17137 type=control0 q_pred_context=1.472712 sequence=1193.343140
[plan iscas99__b17] [plan] step=693 node=N17186 type=control0 q_pred_context=1.475562 sequence=1194.818702
[plan iscas99__b17] [plan] step=694 node=N17172 type=control0 q_pred_context=1.517202 sequence=1196.335904
[plan iscas99__b17] [plan] step=695 node=N17060 type=control0 q_pred_context=1.552326 sequence=1197.888230
[plan iscas99__b17] [plan] step=696 node=N17144 type=control0 q_pred_context=1.690952 sequence=1199.579182
[plan iscas99__b17] [plan] step=697 node=N17165 type=control0 q_pred_context=1.689566 sequence=1201.268748
[plan iscas99__b17] [plan] step=698 node=N17193 type=control0 q_pred_context=1.571525 sequence=1202.840273
[plan iscas99__b17] [plan] step=699 node=N17123 type=control0 q_pred_context=1.481553 sequence=1204.321827
[plan iscas99__b17] [plan] step=700 node=N17179 type=control0 q_pred_context=1.412051 sequence=1205.733878
[plan iscas99__b17] [plan] step=701 node=N17158 type=control0 q_pred_context=1.446701 sequence=1207.180579
[plan iscas99__b17] [plan] step=702 node=N17116 type=control0 q_pred_context=1.437195 sequence=1208.617774
[plan iscas99__b17] [plan] step=703 node=N17102 type=control0 q_pred_context=1.386877 sequence=1210.004650
[plan iscas99__b17] [plan] step=704 node=N16997 type=control0 q_pred_context=1.335831 sequence=1211.340481
[plan iscas99__b17] [plan] step=705 node=N31242 type=observe q_pred_context=0.759848 sequence=1212.100329
[plan iscas99__b17] [plan] step=706 node=N26200 type=observe q_pred_context=1.092063 sequence=1213.192392
[plan iscas99__b17] [plan] step=707 node=N3579 type=control0 q_pred_context=0.965000 sequence=1214.157392
[plan iscas99__b17] [plan] step=708 node=N27279 type=observe q_pred_context=0.991256 sequence=1215.148648
[plan iscas99__b17] [plan] step=709 node=N3555 type=control0 q_pred_context=0.945094 sequence=1216.093742
[plan iscas99__b17] [plan] step=710 node=N27318 type=observe q_pred_context=1.076104 sequence=1217.169846
[plan iscas99__b17] [plan] step=711 node=N3577 type=control0 q_pred_context=1.725162 sequence=1218.895008
[plan iscas99__b17] [plan] step=712 node=N3528 type=control0 q_pred_context=1.633062 sequence=1220.528070
[plan iscas99__b17] [plan] step=713 node=N3508 type=control0 q_pred_context=1.395854 sequence=1221.923924
[plan iscas99__b17] [plan] step=714 node=N14199 type=observe q_pred_context=2.458967 sequence=1224.382891
[plan iscas99__b17] [plan] step=715 node=N3564 type=control0 q_pred_context=3.780788 sequence=1228.163679
[plan iscas99__b17] [plan] step=716 node=N3537 type=control0 q_pred_context=2.836281 sequence=1230.999960
[plan iscas99__b17] [plan] step=717 node=N3498 type=control0 q_pred_context=2.977827 sequence=1233.977787
[plan iscas99__b17] [plan] step=718 node=N3546 type=control0 q_pred_context=2.670700 sequence=1236.648487
[plan iscas99__b17] [plan] step=719 node=N3518 type=control0 q_pred_context=2.441211 sequence=1239.089698
[plan iscas99__b17] [plan] step=720 node=N7845 type=control0 q_pred_context=4.621974 sequence=1243.711672
[plan iscas99__b17] [plan] step=721 node=N3488 type=control0 q_pred_context=4.187272 sequence=1247.898944
[plan iscas99__b17] [plan] step=722 node=N17673 type=control0 q_pred_context=3.288684 sequence=1251.187628
[plan iscas99__b17] [plan] step=723 node=N17633 type=control0 q_pred_context=4.388181 sequence=1255.575809
[plan iscas99__b17] [plan] step=724 node=N17649 type=control0 q_pred_context=4.324202 sequence=1259.900010
[plan iscas99__b17] [plan] step=725 node=N17669 type=control0 q_pred_context=4.070523 sequence=1263.970534
[plan iscas99__b17] [plan] step=726 node=N17621 type=control0 q_pred_context=3.241052 sequence=1267.211586
[plan iscas99__b17] [plan] step=727 node=N11688 type=control0 q_pred_context=3.161400 sequence=1270.372985
[plan iscas99__b17] [plan] step=728 node=N18910 type=control1 q_pred_context=1.413244 sequence=1271.786229
[plan iscas99__b17] [plan] step=729 node=N18913 type=control1 q_pred_context=1.114527 sequence=1272.900756
[plan iscas99__b17] [plan] step=730 node=N17677 type=control1 q_pred_context=0.979723 sequence=1273.880479
[plan iscas99__b17] [plan] step=731 node=N11560 type=control1 q_pred_context=0.888704 sequence=1274.769182
[plan iscas99__b17] [plan] step=732 node=N13861 type=control1 q_pred_context=1.837666 sequence=1276.606848
[plan iscas99__b17] [plan] step=733 node=N3935 type=control1 q_pred_context=1.113717 sequence=1277.720565
[plan iscas99__b17] [plan] step=734 node=N11680 type=control0 q_pred_context=0.874362 sequence=1278.594927
[plan iscas99__b17] [plan] step=735 node=N11684 type=control0 q_pred_context=0.812390 sequence=1279.407317
[plan iscas99__b17] [plan] step=736 node=N26381 type=observe q_pred_context=1.098957 sequence=1280.506274
[plan iscas99__b17] [plan] step=737 node=N26388 type=observe q_pred_context=1.034514 sequence=1281.540789
[plan iscas99__b17] [plan] step=738 node=N26133 type=observe q_pred_context=1.050122 sequence=1282.590911
[plan iscas99__b17] [plan] step=739 node=N12531 type=control1 q_pred_context=2.489704 sequence=1285.080614
[plan iscas99__b17] [plan] step=740 node=N15921 type=control1 q_pred_context=1.197784 sequence=1286.278398
[plan iscas99__b17] [plan] step=741 node=N10909 type=control1 q_pred_context=0.887237 sequence=1287.165636
[plan iscas99__b17] [plan] step=742 node=N7814 type=control1 q_pred_context=1.430237 sequence=1288.595873
[plan iscas99__b17] [plan] step=743 node=N14972 type=control1 q_pred_context=1.840597 sequence=1290.436470
[plan iscas99__b17] [plan] step=744 node=N26232 type=observe q_pred_context=0.995979 sequence=1291.432450
[plan iscas99__b17] [plan] step=745 node=N29039 type=observe q_pred_context=2.263956 sequence=1293.696406
[plan iscas99__b17] [plan] step=746 node=N15650 type=control1 q_pred_context=2.314713 sequence=1296.011119
[plan iscas99__b17] [plan] step=747 node=N7783 type=control1 q_pred_context=1.883000 sequence=1297.894119
[plan iscas99__b17] [plan] step=748 node=N7817 type=control1 q_pred_context=3.442765 sequence=1301.336883
[plan iscas99__b17] [plan] step=749 node=N27254 type=control1 q_pred_context=0.966373 sequence=1302.303256
[plan iscas99__b17] [plan] step=750 node=N11657 type=control1 q_pred_context=1.016711 sequence=1303.319968
[plan iscas99__b17] [plan] step=751 node=N10730 type=control1 q_pred_context=1.337293 sequence=1304.657260
[plan iscas99__b17] [plan] step=752 node=N9947 type=control1 q_pred_context=0.825609 sequence=1305.482869
[plan iscas99__b17] [plan] step=753 node=N3982 type=control1 q_pred_context=0.707783 sequence=1306.190652
[plan iscas99__b17] [plan] step=754 node=N8915 type=observe q_pred_context=0.755644 sequence=1306.946296
[plan iscas99__b17] [plan] step=755 node=N27857 type=control1 q_pred_context=0.985592 sequence=1307.931888
[plan iscas99__b17] [plan] step=756 node=N13803 type=control1 q_pred_context=1.409382 sequence=1309.341270
[plan iscas99__b17] [plan] step=757 node=N10672 type=control1 q_pred_context=0.944390 sequence=1310.285661
[plan iscas99__b17] [plan] step=758 node=N31224 type=observe q_pred_context=0.862585 sequence=1311.148246
[plan iscas99__b17] [plan] step=759 node=N28865 type=observe q_pred_context=1.809985 sequence=1312.958231
[plan iscas99__b17] [plan] step=760 node=N11899 type=control1 q_pred_context=1.827405 sequence=1314.785636
[plan iscas99__b17] [plan] step=761 node=N19022 type=control1 q_pred_context=1.220237 sequence=1316.005873
[plan iscas99__b17] [plan] step=762 node=N26228 type=observe q_pred_context=0.854436 sequence=1316.860308
[plan iscas99__b17] [plan] step=763 node=N13992 type=observe q_pred_context=2.119721 sequence=1318.980029
[plan iscas99__b17] [plan] step=764 node=N31241 type=observe q_pred_context=1.566336 sequence=1320.546366
[plan iscas99__b17] [plan] step=765 node=N28860 type=observe q_pred_context=1.850923 sequence=1322.397289
[plan iscas99__b17] [plan] step=766 node=N13983 type=observe q_pred_context=2.225402 sequence=1324.622690
[plan iscas99__b17] [plan] step=767 node=N26194 type=observe q_pred_context=2.796194 sequence=1327.418884
[plan iscas99__b17] [plan] step=768 node=N27491 type=observe q_pred_context=1.936945 sequence=1329.355829
[plan iscas99__b17] [plan] step=769 node=N26216 type=observe q_pred_context=2.742014 sequence=1332.097844
[plan iscas99__b17] [plan] step=770 node=N28862 type=observe q_pred_context=2.244891 sequence=1334.342735
[plan iscas99__b17] [plan] step=771 node=N31222 type=observe q_pred_context=1.536310 sequence=1335.879046
[plan iscas99__b17] [plan] step=772 node=N26212 type=observe q_pred_context=1.246079 sequence=1337.125125
[plan iscas99__b17] [plan] step=773 node=N31214 type=observe q_pred_context=1.973497 sequence=1339.098622
[plan iscas99__b17] [plan] step=774 node=N26224 type=observe q_pred_context=1.544807 sequence=1340.643429
[plan iscas99__b17] [plan] step=775 node=N27551 type=observe q_pred_context=2.802860 sequence=1343.446290
[plan iscas99__b17] [plan] step=776 node=N26220 type=observe q_pred_context=2.428411 sequence=1345.874701
[plan iscas99__b17] [plan] step=777 node=N14007 type=observe q_pred_context=1.904265 sequence=1347.778966
[plan iscas99__b17] [plan] step=778 node=N14012 type=observe q_pred_context=1.628383 sequence=1349.407349
[plan iscas99__b17] [plan] step=779 node=N19318 type=observe q_pred_context=1.087369 sequence=1350.494717
[plan iscas99__b17] [plan] step=780 node=N29535 type=control0 q_pred_context=0.525780 sequence=1351.020498
[plan iscas99__b17] [plan] step=781 node=N28802 type=control1 q_pred_context=0.414259 sequence=1351.434756
[plan iscas99__b17] [plan] step=782 node=N27858 type=control1 q_pred_context=0.345899 sequence=1351.780655
[plan iscas99__b17] [plan] step=783 node=N26088 type=observe q_pred_context=0.338899 sequence=1352.119555
[plan iscas99__b17] [plan] step=784 node=N15663 type=control1 q_pred_context=0.341391 sequence=1352.460945
[plan iscas99__b17] [plan] step=785 node=N29410 type=control1 q_pred_context=0.547680 sequence=1353.008625
[plan iscas99__b17] [plan] step=786 node=N7819 type=control1 q_pred_context=0.986021 sequence=1353.994646
[plan iscas99__b17] [plan] step=787 node=N19312 type=observe q_pred_context=0.503652 sequence=1354.498298
[plan iscas99__b17] [plan] step=788 node=N19313 type=observe q_pred_context=0.225142 sequence=1354.723440
[plan iscas99__b17] [plan] step=789 node=N19314 type=observe q_pred_context=1.106746 sequence=1355.830186
[plan iscas99__b17] [plan] step=790 node=N8133 type=observe q_pred_context=0.695758 sequence=1356.525944
[plan iscas99__b17] [plan] step=791 node=N19315 type=observe q_pred_context=0.620282 sequence=1357.146226
[plan iscas99__b17] [plan] step=792 node=N19316 type=observe q_pred_context=0.568408 sequence=1357.714634
[plan iscas99__b17] [plan] step=793 node=N27856 type=control1 q_pred_context=0.560688 sequence=1358.275322
[plan iscas99__b17] [plan] step=794 node=N19319 type=observe q_pred_context=0.610687 sequence=1358.886009
[plan iscas99__b17] [plan] step=795 node=N19317 type=observe q_pred_context=0.642254 sequence=1359.528264
[plan iscas99__b17] [plan] step=796 node=N19320 type=observe q_pred_context=0.559093 sequence=1360.087357
[plan iscas99__b17] [plan] step=797 node=N20345 type=control1 q_pred_context=0.562480 sequence=1360.649837
[plan iscas99__b17] [plan] step=798 node=N19321 type=observe q_pred_context=0.564989 sequence=1361.214826
[plan iscas99__b17] [plan] step=799 node=N2885 type=control1 q_pred_context=0.604677 sequence=1361.819504
[plan iscas99__b17] [plan] step=800 node=N19322 type=observe q_pred_context=0.525816 sequence=1362.345320
[plan iscas99__b17] [plan] step=801 node=N15167 type=observe q_pred_context=0.824104 sequence=1363.169424
[plan iscas99__b17] [plan] step=802 node=N6031 type=control1 q_pred_context=0.664243 sequence=1363.833667
[plan iscas99__b17] [plan] step=803 node=N8948 type=control1 q_pred_context=0.613930 sequence=1364.447596
[plan iscas99__b17] [plan] step=804 node=N19323 type=observe q_pred_context=0.527772 sequence=1364.975368
[plan iscas99__b17] [plan] step=805 node=N15919 type=control1 q_pred_context=0.658864 sequence=1365.634233
[plan iscas99__b17] [plan] step=806 node=N3471 type=control1 q_pred_context=1.118625 sequence=1366.752858
[plan iscas99__b17] [plan] step=807 node=N19324 type=observe q_pred_context=0.842478 sequence=1367.595336
[plan iscas99__b17] [plan] step=808 node=N31226 type=observe q_pred_context=1.612986 sequence=1369.208322
[plan iscas99__b17] [plan] step=809 node=N13864 type=control1 q_pred_context=1.459789 sequence=1370.668111
[plan iscas99__b17] [plan] step=810 node=N7834 type=control1 q_pred_context=0.942563 sequence=1371.610674
[plan iscas99__b17] [plan] step=811 node=N10500 type=control1 q_pred_context=0.972534 sequence=1372.583208
[plan iscas99__b17] [plan] step=812 node=N26208 type=observe q_pred_context=1.043919 sequence=1373.627127
[plan iscas99__b17] [plan] step=813 node=N14002 type=observe q_pred_context=1.228705 sequence=1374.855831
[plan iscas99__b17] [plan] step=814 node=N13997 type=observe q_pred_context=0.595760 sequence=1375.451592
[plan iscas99__b17] [plan] step=815 node=N26089 type=observe q_pred_context=0.434412 sequence=1375.886004
[plan iscas99__b17] [plan] step=816 node=N7909 type=observe q_pred_context=1.411969 sequence=1377.297972
[plan iscas99__b17] [plan] step=817 node=N7914 type=observe q_pred_context=0.763756 sequence=1378.061728
[plan iscas99__b17] [plan] step=818 node=N7896 type=observe q_pred_context=0.801859 sequence=1378.863587
[plan iscas99__b17] [plan] step=819 node=N7904 type=observe q_pred_context=0.753917 sequence=1379.617505
[plan iscas99__b17] [plan] step=820 node=N9245 type=control0 q_pred_context=1.010791 sequence=1380.628296
[plan iscas99__b17] [plan] step=821 node=N28034 type=observe q_pred_context=0.285280 sequence=1380.913576
[plan iscas99__b17] [plan] step=822 node=N9251 type=control0 q_pred_context=1.534347 sequence=1382.447923
[plan iscas99__b17] [plan] step=823 node=N26190 type=observe q_pred_context=0.493036 sequence=1382.940958
[plan iscas99__b17] [plan] step=824 node=N9248 type=control0 q_pred_context=1.151703 sequence=1384.092661
[plan iscas99__b17] [plan] step=825 node=N31210 type=observe q_pred_context=5.214397 sequence=1389.307058
[plan iscas99__b17] [plan] step=826 node=N9242 type=control0 q_pred_context=1.316414 sequence=1390.623473
[plan iscas99__b17] [plan] step=827 node=N19019 type=control1 q_pred_context=2.240944 sequence=1392.864416
[plan iscas99__b17] [plan] step=828 node=N15147 type=observe q_pred_context=0.802412 sequence=1393.666829
[plan iscas99__b17] [plan] step=829 node=N9254 type=control0 q_pred_context=0.944892 sequence=1394.611721
[plan iscas99__b17] [plan] step=830 node=N6627 type=control1 q_pred_context=1.400346 sequence=1396.012068
[plan iscas99__b17] [plan] step=831 node=N10845 type=control1 q_pred_context=1.956206 sequence=1397.968274
[plan iscas99__b17] [plan] step=832 node=N14902 type=control1 q_pred_context=0.806613 sequence=1398.774886
[plan iscas99__b17] [plan] step=833 node=N3479 type=control1 q_pred_context=1.571759 sequence=1400.346645
[plan iscas99__b17] [plan] step=834 node=N10444 type=control1 q_pred_context=2.487842 sequence=1402.834488
[plan iscas99__b17] [plan] step=835 node=N7821 type=control1 q_pred_context=3.211187 sequence=1406.045675
[plan iscas99__b17] [plan] step=836 node=N7795 type=control1 q_pred_context=3.398631 sequence=1409.444305
[plan iscas99__b17] [plan] step=837 node=N20344 type=control1 q_pred_context=0.994857 sequence=1410.439162
[plan iscas99__b17] [plan] step=838 node=N14052 type=observe q_pred_context=0.520556 sequence=1410.959718
[plan iscas99__b17] [plan] step=839 node=N9275 type=control0 q_pred_context=1.577034 sequence=1412.536752
[plan iscas99__b17] [plan] step=840 node=N28852 type=observe q_pred_context=2.148771 sequence=1414.685523
[plan iscas99__b17] [plan] step=841 node=N9272 type=control0 q_pred_context=2.576666 sequence=1417.262189
[plan iscas99__b17] [plan] step=842 node=N13907 type=control1 q_pred_context=1.191164 sequence=1418.453353
[plan iscas99__b17] [plan] step=843 node=N7838 type=control1 q_pred_context=1.981660 sequence=1420.435013
[plan iscas99__b17] [plan] step=844 node=N11801 type=control1 q_pred_context=1.191372 sequence=1421.626385
[plan iscas99__b17] [plan] step=845 node=N14173 type=control1 q_pred_context=0.515048 sequence=1422.141433
[plan iscas99__b17] [plan] step=846 node=N27655 type=control1 q_pred_context=1.357027 sequence=1423.498460
[plan iscas99__b17] [plan] step=847 node=N9266 type=control0 q_pred_context=2.008090 sequence=1425.506550
[plan iscas99__b17] [plan] step=848 node=N7708 type=control1 q_pred_context=3.154576 sequence=1428.661126
[plan iscas99__b17] [plan] step=849 node=N9263 type=control0 q_pred_context=3.355302 sequence=1432.016428
[plan iscas99__b17] [plan] step=850 node=N29815 type=control1 q_pred_context=4.382457 sequence=1436.398885
[plan iscas99__b17] [plan] step=851 node=N9269 type=control0 q_pred_context=3.903910 sequence=1440.302795
[plan iscas99__b17] [plan] step=852 node=N9257 type=control0 q_pred_context=5.106795 sequence=1445.409590
[plan iscas99__b17] [plan] step=853 node=N7801 type=control1 q_pred_context=5.389564 sequence=1450.799154
[plan iscas99__b17] [plan] step=854 node=N9260 type=control0 q_pred_context=5.311089 sequence=1456.110243
[plan iscas99__b17] [plan] step=855 node=N14053 type=observe q_pred_context=0.658144 sequence=1456.768387
[plan iscas99__b17] [plan] step=856 node=N7832 type=control1 q_pred_context=1.248002 sequence=1458.016389
[plan iscas99__b17] [plan] step=857 node=N13921 type=control1 q_pred_context=0.513149 sequence=1458.529539
[plan iscas99__b17] [plan] step=858 node=N15617 type=control1 q_pred_context=1.322393 sequence=1459.851932
[plan iscas99__b17] [plan] step=859 node=N14175 type=control1 q_pred_context=0.689533 sequence=1460.541465
[plan iscas99__b17] [plan] step=860 node=N13795 type=control1 q_pred_context=1.616031 sequence=1462.157496
[plan iscas99__b17] [plan] step=861 node=N27855 type=control1 q_pred_context=0.595811 sequence=1462.753307
[plan iscas99__b17] [plan] step=862 node=N13899 type=control1 q_pred_context=1.610157 sequence=1464.363464
[plan iscas99__b17] [plan] step=863 node=N15613 type=control1 q_pred_context=0.764778 sequence=1465.128242
[plan iscas99__b17] [plan] step=864 node=N3303 type=control1 q_pred_context=1.795348 sequence=1466.923590
[plan iscas99__b17] [plan] step=865 node=N7840 type=control1 q_pred_context=3.148437 sequence=1470.072027
[plan iscas99__b17] [plan] step=866 node=N14183 type=control1 q_pred_context=3.989183 sequence=1474.061210
[plan iscas99__b17] [plan] step=867 node=N14203 type=observe q_pred_context=0.612068 sequence=1474.673278
[plan iscas99__b17] [plan] step=868 node=N2226 type=observe q_pred_context=1.813379 sequence=1476.486657
[plan iscas99__b17] [plan] step=869 node=N2217 type=observe q_pred_context=3.177372 sequence=1479.664029
[plan iscas99__b17] [plan] step=870 node=N26204 type=observe q_pred_context=4.589110 sequence=1484.253139
[plan iscas99__b17] [plan] step=871 node=N27560 type=observe q_pred_context=4.292925 sequence=1488.546064
[plan iscas99__b17] [plan] step=872 node=N13668 type=observe q_pred_context=2.748741 sequence=1491.294805
[plan iscas99__b17] [plan] step=873 node=N19326 type=observe q_pred_context=3.348447 sequence=1494.643252
[plan iscas99__b17] [plan] step=874 node=N19325 type=observe q_pred_context=2.612560 sequence=1497.255812
[plan iscas99__b17] [plan] step=875 node=N19327 type=observe q_pred_context=1.430984 sequence=1498.686797
[plan iscas99__b17] [plan] step=876 node=N19330 type=observe q_pred_context=3.156276 sequence=1501.843072
[plan iscas99__b17] [plan] step=877 node=N20343 type=control1 q_pred_context=1.711391 sequence=1503.554463
[plan iscas99__b17] [plan] step=878 node=N7804 type=control1 q_pred_context=1.004207 sequence=1504.558670
[plan iscas99__b17] [plan] step=879 node=N10615 type=control1 q_pred_context=3.647245 sequence=1508.205915
[plan iscas99__b17] [plan] step=880 node=N10557 type=control1 q_pred_context=3.965536 sequence=1512.171451
[plan iscas99__b17] [plan] step=881 node=N9935 type=control1 q_pred_context=3.595350 sequence=1515.766802
[plan iscas99__b17] [plan] step=882 node=N3297 type=control1 q_pred_context=2.789523 sequence=1518.556324
[plan iscas99__b17] [plan] step=883 node=N29831 type=control1 q_pred_context=2.418947 sequence=1520.975271
[plan iscas99__b17] [plan] step=884 node=N14186 type=control1 q_pred_context=2.692477 sequence=1523.667749
[plan iscas99__b17] [plan] step=885 node=N14196 type=control1 q_pred_context=2.586157 sequence=1526.253906
[plan iscas99__b17] [plan] step=886 node=N14197 type=control1 q_pred_context=2.108080 sequence=1528.361986
[plan iscas99__b17] [plan] step=887 node=N14194 type=control1 q_pred_context=2.446074 sequence=1530.808059
[plan iscas99__b17] [plan] step=888 node=N14190 type=control1 q_pred_context=2.578489 sequence=1533.386548
[plan iscas99__b17] [plan] step=889 node=N14188 type=control1 q_pred_context=2.774558 sequence=1536.161106
[plan iscas99__b17] [plan] step=890 node=N29832 type=control1 q_pred_context=2.952481 sequence=1539.113588
[plan iscas99__b17] [plan] step=891 node=N14192 type=control1 q_pred_context=3.190545 sequence=1542.304133
[plan iscas99__b17] [plan] step=892 node=N14195 type=control1 q_pred_context=3.471820 sequence=1545.775953
[plan iscas99__b17] [plan] step=893 node=N14187 type=control1 q_pred_context=3.887154 sequence=1549.663108
[plan iscas99__b17] [plan] step=894 node=N14193 type=control1 q_pred_context=4.229530 sequence=1553.892637
[plan iscas99__b17] [plan] step=895 node=N14189 type=control1 q_pred_context=4.496589 sequence=1558.389226
[plan iscas99__b17] [plan] step=896 node=N7826 type=control1 q_pred_context=4.973964 sequence=1563.363190
[plan iscas99__b17] [plan] step=897 node=N14191 type=control1 q_pred_context=4.542960 sequence=1567.906150
[plan iscas99__b17] [plan] step=898 node=N14200 type=observe q_pred_context=0.669751 sequence=1568.575901
[plan iscas99__b17] [plan] step=899 node=N7813 type=control1 q_pred_context=5.461945 sequence=1574.037846
[plan iscas99__b17] [plan] step=900 node=N14185 type=control1 q_pred_context=5.491956 sequence=1579.529803
[plan iscas99__b17] [plan] step=901 node=N7842 type=control1 q_pred_context=1.586900 sequence=1581.116702
[plan iscas99__b17] [plan] step=902 node=N28805 type=control0 q_pred_context=2.000305 sequence=1583.117007
[plan iscas99__b17] [plan] step=903 node=N15158 type=control0 q_pred_context=1.734104 sequence=1584.851111
[plan iscas99__b17] [plan] step=904 node=N14992 type=control1 q_pred_context=5.588286 sequence=1590.439397
[plan iscas99__b17] [plan] step=905 node=N17580 type=control0 q_pred_context=0.754055 sequence=1591.193452
[plan iscas99__b17] [plan] step=906 node=N14184 type=control1 q_pred_context=2.232665 sequence=1593.426117
[plan iscas99__b17] [plan] step=907 node=N11692 type=control0 q_pred_context=3.158269 sequence=1596.584386
[plan iscas99__b17] [plan] step=908 node=N28847 type=control0 q_pred_context=3.222777 sequence=1599.807163
[plan iscas99__b17] [plan] step=909 node=N4247 type=control1 q_pred_context=1.050804 sequence=1600.857967
[plan iscas99__b17] [plan] step=910 node=N17583 type=control0 q_pred_context=0.819096 sequence=1601.677063
[plan iscas99__b17] [plan] step=911 node=N17679 type=control0 q_pred_context=2.410364 sequence=1604.087428
[plan iscas99__b17] [plan] step=912 node=N7809 type=control1 q_pred_context=2.671673 sequence=1606.759101
[plan iscas99__b17] [plan] step=913 node=N9311 type=control0 q_pred_context=5.019814 sequence=1611.778915
[plan iscas99__b17] [plan] step=914 node=N7828 type=control1 q_pred_context=5.396287 sequence=1617.175202
[plan iscas99__b17] [plan] step=915 node=N9281 type=control0 q_pred_context=5.455831 sequence=1622.631033
[plan iscas99__b17] [plan] step=916 node=N26656 type=observe q_pred_context=1.360549 sequence=1623.991582
[plan iscas99__b17] [plan] step=917 node=N9278 type=control0 q_pred_context=5.333032 sequence=1629.324614
[plan iscas99__b17] [plan] step=918 node=N17607 type=control0 q_pred_context=0.639275 sequence=1629.963888
[plan iscas99__b17] [plan] step=919 node=N9284 type=control0 q_pred_context=5.246329 sequence=1635.210217
[plan iscas99__b17] [plan] step=920 node=N9287 type=control0 q_pred_context=5.283725 sequence=1640.493942
[plan iscas99__b17] [plan] step=921 node=N9290 type=control0 q_pred_context=5.286380 sequence=1645.780323
[plan iscas99__b17] [plan] step=922 node=N9293 type=control0 q_pred_context=5.257852 sequence=1651.038175
[plan iscas99__b17] [plan] step=923 node=N9296 type=control0 q_pred_context=5.089975 sequence=1656.128150
[plan iscas99__b17] [plan] step=924 node=N9299 type=control0 q_pred_context=4.619042 sequence=1660.747192
[plan iscas99__b17] [plan] step=925 node=N9302 type=control0 q_pred_context=5.128355 sequence=1665.875547
[plan iscas99__b17] [plan] step=926 node=N9305 type=control0 q_pred_context=3.779341 sequence=1669.654888
[plan iscas99__b17] [plan] step=927 node=N9308 type=control0 q_pred_context=2.981566 sequence=1672.636454
[plan iscas99__b17] [plan] step=928 node=N14020 type=control0 q_pred_context=3.260003 sequence=1675.896457
[plan iscas99__b17] [plan] step=929 node=N27854 type=control1 q_pred_context=1.250878 sequence=1677.147335
[plan iscas99__b17] [plan] step=930 node=N18217 type=observe q_pred_context=5.165511 sequence=1682.312846
[plan iscas99__b17] [plan] step=931 node=N7830 type=control1 q_pred_context=6.439205 sequence=1688.752051
[plan iscas99__b17] [plan] step=932 node=N7846 type=control1 q_pred_context=4.789928 sequence=1693.541979
[plan iscas99__b17] [plan] step=933 node=N14058 type=control1 q_pred_context=5.154061 sequence=1698.696041
[plan iscas99__b17] [plan] step=934 node=N8131 type=observe q_pred_context=0.645061 sequence=1699.341102
[plan iscas99__b17] [plan] step=935 node=N27566 type=observe q_pred_context=4.007735 sequence=1703.348836
[plan iscas99__b17] [plan] step=936 node=N19335 type=observe q_pred_context=5.333790 sequence=1708.682626
[plan iscas99__b17] [plan] step=937 node=N19332 type=observe q_pred_context=5.336546 sequence=1714.019172
[plan iscas99__b17] [plan] step=938 node=N27333 type=control0 q_pred_context=1.039589 sequence=1715.058761
[plan iscas99__b17] [plan] step=939 node=N8141 type=control1 q_pred_context=5.341546 sequence=1720.400306
[plan iscas99__b17] [plan] step=940 node=N26639 type=observe q_pred_context=4.452769 sequence=1724.853075
[plan iscas99__b17] [plan] step=941 node=N19336 type=observe q_pred_context=5.275459 sequence=1730.128535
[plan iscas99__b17] [plan] step=942 node=N19338 type=observe q_pred_context=5.311963 sequence=1735.440497
[plan iscas99__b17] [plan] step=943 node=N19333 type=observe q_pred_context=5.317628 sequence=1740.758126
[plan iscas99__b17] [plan] step=944 node=N19334 type=observe q_pred_context=1.449561 sequence=1742.207687
[plan iscas99__b17] [plan] step=945 node=N19337 type=observe q_pred_context=1.468022 sequence=1743.675709
[plan iscas99__b17] [plan] step=946 node=N19331 type=observe q_pred_context=1.454534 sequence=1745.130243
[plan iscas99__b17] [plan] step=947 node=N17595 type=control0 q_pred_context=0.761953 sequence=1745.892195
[plan iscas99__b17] [plan] step=948 node=N29126 type=control0 q_pred_context=0.873328 sequence=1746.765523
[plan iscas99__b17] [plan] step=949 node=N19158 type=control0 q_pred_context=0.636826 sequence=1747.402349
[plan iscas99__b17] [plan] step=950 node=N17613 type=control0 q_pred_context=0.607177 sequence=1748.009525
[plan iscas99__b17] [plan] step=951 node=N6550 type=control0 q_pred_context=2.720352 sequence=1750.729878
[plan iscas99__b17] [plan] step=952 node=N6555 type=control0 q_pred_context=4.450938 sequence=1755.180815
[plan iscas99__b17] [plan] step=953 node=N6560 type=control0 q_pred_context=1.614881 sequence=1756.795696
[plan iscas99__b17] [plan] step=954 node=N6565 type=control0 q_pred_context=1.772781 sequence=1758.568478
[plan iscas99__b17] [plan] step=955 node=N6570 type=control0 q_pred_context=1.725368 sequence=1760.293845
[plan iscas99__b17] [plan] step=956 node=N6575 type=control0 q_pred_context=1.654740 sequence=1761.948585
[plan iscas99__b17] [plan] step=957 node=N6580 type=control0 q_pred_context=1.639153 sequence=1763.587738
[plan iscas99__b17] [plan] step=958 node=N11725 type=control0 q_pred_context=0.896331 sequence=1764.484070
[plan iscas99__b17] [plan] step=959 node=N8137 type=observe q_pred_context=0.623755 sequence=1765.107824
[plan iscas99__b17] [plan] step=960 node=N24690 type=observe q_pred_context=1.336266 sequence=1766.444090
[plan iscas99__b17] [plan] step=961 node=N19340 type=observe q_pred_context=1.672906 sequence=1768.116996
[plan iscas99__b17] [plan] step=962 node=N19339 type=observe q_pred_context=2.241728 sequence=1770.358724
[plan iscas99__b17] [plan] step=963 node=N31217 type=observe q_pred_context=2.192295 sequence=1772.551019
[plan iscas99__b17] [plan] step=964 node=N19329 type=observe q_pred_context=2.490001 sequence=1775.041020
[plan iscas99__b17] [plan] step=965 node=N13666 type=observe q_pred_context=1.647526 sequence=1776.688546
[plan iscas99__b17] [plan] step=966 node=N27564 type=observe q_pred_context=2.715705 sequence=1779.404251
[plan iscas99__b17] [plan] step=967 node=N26025 type=observe q_pred_context=3.252936 sequence=1782.657187
[plan iscas99__b17] [plan] step=968 node=N27562 type=observe q_pred_context=1.450763 sequence=1784.107950
[plan iscas99__b17] [plan] step=969 node=N26368 type=observe q_pred_context=1.893019 sequence=1786.000969
[plan iscas99__b17] [plan] step=970 node=N31204 type=observe q_pred_context=1.224264 sequence=1787.225234
[plan iscas99__b17] [plan] step=971 node=N26370 type=observe q_pred_context=1.140546 sequence=1788.365780
[plan iscas99__b17] [plan] step=972 node=N27568 type=observe q_pred_context=2.057517 sequence=1790.423296
[plan iscas99__b17] [plan] step=973 node=N14202 type=observe q_pred_context=0.539267 sequence=1790.962564
[plan iscas99__b17] [plan] step=974 node=N8135 type=observe q_pred_context=0.196492 sequence=1791.159056
[plan iscas99__b17] [plan] step=975 node=N2983 type=observe q_pred_context=1.340289 sequence=1792.499344
[plan iscas99__b17] [plan] step=976 node=N8127 type=observe q_pred_context=0.143758 sequence=1792.643102
[plan iscas99__b17] [plan] step=977 node=N26415 type=observe q_pred_context=1.504361 sequence=1794.147463
[plan iscas99__b17] [plan] step=978 node=N13812 type=observe q_pred_context=0.108048 sequence=1794.255512
[plan iscas99__b17] [plan] step=979 node=N17589 type=control0 q_pred_context=0.000053 sequence=1794.255565
[plan iscas99__b17] [plan] step=980 node=N9239 type=control0 q_pred_context=2.031076 sequence=1796.286641
[plan iscas99__b17] [plan] step=981 node=N6501 type=control0 q_pred_context=1.475963 sequence=1797.762604
[plan iscas99__b17] [plan] step=982 node=N6505 type=control0 q_pred_context=1.680908 sequence=1799.443512
[plan iscas99__b17] [plan] step=983 node=N6497 type=control0 q_pred_context=1.877174 sequence=1801.320686
[plan iscas99__b17] [plan] step=984 node=N6509 type=control0 q_pred_context=2.035666 sequence=1803.356353
[plan iscas99__b17] [plan] step=985 node=N6493 type=control0 q_pred_context=2.097554 sequence=1805.453907
[plan iscas99__b17] [plan] step=986 node=N6513 type=control0 q_pred_context=2.019629 sequence=1807.473535
[plan iscas99__b17] [plan] step=987 node=N6489 type=control0 q_pred_context=1.877670 sequence=1809.351206
[plan iscas99__b17] [plan] step=988 node=N20949 type=observe q_pred_context=0.543053 sequence=1809.894259
[plan iscas99__b17] [plan] step=989 node=N26091 type=observe q_pred_context=0.182775 sequence=1810.077033
[plan iscas99__b17] [plan] step=990 node=N13826 type=observe q_pred_context=0.069217 sequence=1810.146250
[plan iscas99__b17] [plan] step=991 node=N17592 type=control0 q_pred_context=0.000196 sequence=1810.146445
[plan iscas99__b17] [plan] step=992 node=N13824 type=observe q_pred_context=0.127013 sequence=1810.273458
[plan iscas99__b17] [plan] step=993 node=N17604 type=control0 q_pred_context=0.000217 sequence=1810.273675
[plan iscas99__b17] [plan] step=994 node=N11696 type=control0 q_pred_context=0.636628 sequence=1810.910303
[plan iscas99__b17] saved=autoresearch/improve-260716-1344/round4_b17/context_cluster_c48_noprior/plans/iscas99__b17__greedy__cumulative__q_pred_context__bw1__d1__c48__g1p0__candhard_fault_cluster__div0p0__s0.csv
[gmean] 2026-07-17T03:59:30 [1/1] plan_done benchmark=iscas99__b17 plan_sec=1347.249 plan_csv=autoresearch/improve-260716-1344/round4_b17/context_cluster_c48_noprior/plans/iscas99__b17__greedy__cumulative__q_pred_context__bw1__d1__c48__g1p0__candhard_fault_cluster__div0p0__s0.csv
[gmean] 2026-07-17T03:59:30 [1/1] eval_start benchmark=iscas99__b17 backend=atalanta-bist patterns=300000
[eval iscas99__b17] {
[eval iscas99__b17]   "records": 2,
[eval iscas99__b17]   "labels_csv": "autoresearch/improve-260716-1344/round4_b17/context_cluster_c48_noprior/evals/iscas99__b17__greedy__cumulative__q_pred_context__bw1__d1__c48__g1p0__candhard_fault_cluster__div0p0__s0/labels.csv",
[eval iscas99__b17]   "summary_json": "autoresearch/improve-260716-1344/round4_b17/context_cluster_c48_noprior/evals/iscas99__b17__greedy__cumulative__q_pred_context__bw1__d1__c48__g1p0__candhard_fault_cluster__div0p0__s0/summary.json"
[eval iscas99__b17] }
[gmean] 2026-07-17T04:00:38 [1/1] eval_done benchmark=iscas99__b17 delta_tc=0.03760999999999992 plan_sec=1347.249 eval_sec=67.631 total_sec=1414.922
[gmean] 2026-07-17T04:00:38 variant_done id=greedy__cumulative__q_pred_context__bw1__d1__c48__g1p0__candhard_fault_cluster__div0p0__s0 status=ok macro=0.03760999999999992 positives=1 negatives=0 elapsed=1414.922
