[gmean] 2026-07-17T02:08:30 out_dir=autoresearch/improve-260716-1344/round4_b17/context_cluster_c96_prior
[gmean] 2026-07-17T02:08:30 budgets=iscas99__b17:994
[gmean] 2026-07-17T02:08:30 variant_start id=greedy__cumulative__q_pred_context__bw1__d1__c96__g1p0__candhard_fault_cluster__div0p0__s0
[gmean] 2026-07-17T02:08:30 [1/1] plan_start benchmark=iscas99__b17 budget=994 planner=greedy score=q_pred_context
[plan iscas99__b17] [plan] candidate_allowlist=autoresearch/original-netlist-recovery-260712/exact_itc99/b17_C/exact_candidate_nodes.txt nodes=29334
[plan iscas99__b17] [plan] step=1 node=N2731 type=control0 q_pred_context=4.034140 sequence=4.034140
[plan iscas99__b17] [plan] step=2 node=N7781 type=observe q_pred_context=1.888802 sequence=5.922942
[plan iscas99__b17] [plan] step=3 node=N8089 type=observe q_pred_context=1.269947 sequence=7.192889
[plan iscas99__b17] [plan] step=4 node=N5319 type=control0 q_pred_context=1.028536 sequence=8.221425
[plan iscas99__b17] [plan] step=5 node=N6780 type=control0 q_pred_context=0.999676 sequence=9.221101
[plan iscas99__b17] [plan] step=6 node=N6992 type=control0 q_pred_context=1.158057 sequence=10.379158
[plan iscas99__b17] [plan] step=7 node=N11941 type=control0 q_pred_context=1.107384 sequence=11.486543
[plan iscas99__b17] [plan] step=8 node=N7680 type=control0 q_pred_context=1.198715 sequence=12.685258
[plan iscas99__b17] [plan] step=9 node=N12071 type=control0 q_pred_context=1.169452 sequence=13.854710
[plan iscas99__b17] [plan] step=10 node=N11983 type=control0 q_pred_context=1.296784 sequence=15.151494
[plan iscas99__b17] [plan] step=11 node=N11923 type=control0 q_pred_context=1.678699 sequence=16.830194
[plan iscas99__b17] [plan] step=12 node=N12015 type=control0 q_pred_context=1.442715 sequence=18.272909
[plan iscas99__b17] [plan] step=13 node=N12055 type=control0 q_pred_context=1.568572 sequence=19.841481
[plan iscas99__b17] [plan] step=14 node=N11975 type=control0 q_pred_context=1.558433 sequence=21.399914
[plan iscas99__b17] [plan] step=15 node=N11952 type=control0 q_pred_context=1.964497 sequence=23.364410
[plan iscas99__b17] [plan] step=16 node=N9505 type=observe q_pred_context=1.792191 sequence=25.156601
[plan iscas99__b17] [plan] step=17 node=N3771 type=observe q_pred_context=1.859562 sequence=27.016163
[plan iscas99__b17] [plan] step=18 node=N7682 type=control0 q_pred_context=1.378733 sequence=28.394896
[plan iscas99__b17] [plan] step=19 node=N9611 type=control0 q_pred_context=3.729902 sequence=32.124798
[plan iscas99__b17] [plan] step=20 node=N12797 type=control0 q_pred_context=2.179706 sequence=34.304504
[plan iscas99__b17] [plan] step=21 node=N12812 type=control0 q_pred_context=2.010442 sequence=36.314946
[plan iscas99__b17] [plan] step=22 node=N12809 type=control0 q_pred_context=1.906442 sequence=38.221388
[plan iscas99__b17] [plan] step=23 node=N6892 type=control0 q_pred_context=2.061935 sequence=40.283323
[plan iscas99__b17] [plan] step=24 node=N6796 type=control0 q_pred_context=1.749022 sequence=42.032345
[plan iscas99__b17] [plan] step=25 node=N6868 type=control0 q_pred_context=1.891446 sequence=43.923791
[plan iscas99__b17] [plan] step=26 node=N12794 type=control0 q_pred_context=1.722014 sequence=45.645805
[plan iscas99__b17] [plan] step=27 node=N7317 type=control0 q_pred_context=2.853418 sequence=48.499223
[plan iscas99__b17] [plan] step=28 node=N12806 type=control0 q_pred_context=1.576245 sequence=50.075467
[plan iscas99__b17] [plan] step=29 node=N12803 type=control0 q_pred_context=1.523103 sequence=51.598570
[plan iscas99__b17] [plan] step=30 node=N12863 type=control0 q_pred_context=1.377072 sequence=52.975642
[plan iscas99__b17] [plan] step=31 node=N12208 type=control0 q_pred_context=1.627735 sequence=54.603377
[plan iscas99__b17] [plan] step=32 node=N6988 type=control0 q_pred_context=1.859567 sequence=56.462943
[plan iscas99__b17] [plan] step=33 node=N7415 type=control0 q_pred_context=2.645831 sequence=59.108775
[plan iscas99__b17] [plan] step=34 node=N4557 type=control0 q_pred_context=1.456531 sequence=60.565306
[plan iscas99__b17] [plan] step=35 node=N4505 type=control0 q_pred_context=2.637747 sequence=63.203053
[plan iscas99__b17] [plan] step=36 node=N4609 type=control0 q_pred_context=2.966204 sequence=66.169257
[plan iscas99__b17] [plan] step=37 node=N4761 type=control0 q_pred_context=2.369267 sequence=68.538523
[plan iscas99__b17] [plan] step=38 node=N4660 type=control0 q_pred_context=1.705086 sequence=70.243609
[plan iscas99__b17] [plan] step=39 node=N4709 type=control0 q_pred_context=1.881581 sequence=72.125190
[plan iscas99__b17] [plan] step=40 node=N4813 type=control0 q_pred_context=1.496794 sequence=73.621984
[plan iscas99__b17] [plan] step=41 node=N8879 type=control0 q_pred_context=1.271247 sequence=74.893231
[plan iscas99__b17] [plan] step=42 node=N4298 type=control0 q_pred_context=1.229040 sequence=76.122271
[plan iscas99__b17] [plan] step=43 node=N4453 type=control0 q_pred_context=1.070284 sequence=77.192555
[plan iscas99__b17] [plan] step=44 node=N4402 type=control0 q_pred_context=1.087739 sequence=78.280293
[plan iscas99__b17] [plan] step=45 node=N4350 type=control0 q_pred_context=1.132203 sequence=79.412496
[plan iscas99__b17] [plan] step=46 node=N7112 type=control0 q_pred_context=1.139860 sequence=80.552356
[plan iscas99__b17] [plan] step=47 node=N7032 type=control0 q_pred_context=1.297017 sequence=81.849373
[plan iscas99__b17] [plan] step=48 node=N12330 type=control0 q_pred_context=1.372711 sequence=83.222084
[plan iscas99__b17] [plan] step=49 node=N7064 type=control0 q_pred_context=1.980962 sequence=85.203047
[plan iscas99__b17] [plan] step=50 node=N7123 type=control0 q_pred_context=2.049010 sequence=87.252057
[plan iscas99__b17] [plan] step=51 node=N7376 type=control0 q_pred_context=1.991442 sequence=89.243499
[plan iscas99__b17] [plan] step=52 node=N7280 type=control0 q_pred_context=1.971137 sequence=91.214635
[plan iscas99__b17] [plan] step=53 node=N7344 type=control0 q_pred_context=1.998680 sequence=93.213315
[plan iscas99__b17] [plan] step=54 node=N7021 type=control0 q_pred_context=1.271900 sequence=94.485215
[plan iscas99__b17] [plan] step=55 node=N12424 type=control0 q_pred_context=1.809590 sequence=96.294806
[plan iscas99__b17] [plan] step=56 node=N7277 type=control0 q_pred_context=1.507007 sequence=97.801813
[plan iscas99__b17] [plan] step=57 node=N7049 type=control0 q_pred_context=1.300243 sequence=99.102056
[plan iscas99__b17] [plan] step=58 node=N7324 type=control0 q_pred_context=1.085458 sequence=100.187513
[plan iscas99__b17] [plan] step=59 node=N7292 type=control0 q_pred_context=1.171597 sequence=101.359111
[plan iscas99__b17] [plan] step=60 node=N12392 type=control0 q_pred_context=1.216971 sequence=102.576081
[plan iscas99__b17] [plan] step=61 node=N12465 type=control0 q_pred_context=1.301196 sequence=103.877278
[plan iscas99__b17] [plan] step=62 node=N7916 type=observe q_pred_context=1.362416 sequence=105.239694
[plan iscas99__b17] [plan] step=63 node=N8821 type=observe q_pred_context=1.251899 sequence=106.491593
[plan iscas99__b17] [plan] step=64 node=N8825 type=observe q_pred_context=1.873241 sequence=108.364834
[plan iscas99__b17] [plan] step=65 node=N8778 type=observe q_pred_context=2.216556 sequence=110.581390
[plan iscas99__b17] [plan] step=66 node=N12836 type=control0 q_pred_context=2.640893 sequence=113.222283
[plan iscas99__b17] [plan] step=67 node=N12433 type=control0 q_pred_context=1.721750 sequence=114.944033
[plan iscas99__b17] [plan] step=68 node=N12417 type=control0 q_pred_context=1.786194 sequence=116.730227
[plan iscas99__b17] [plan] step=69 node=N12611 type=control0 q_pred_context=1.701186 sequence=118.431413
[plan iscas99__b17] [plan] step=70 node=N12401 type=control0 q_pred_context=1.792364 sequence=120.223778
[plan iscas99__b17] [plan] step=71 node=N12385 type=control0 q_pred_context=1.632812 sequence=121.856589
[plan iscas99__b17] [plan] step=72 node=N12369 type=control0 q_pred_context=1.389478 sequence=123.246067
[plan iscas99__b17] [plan] step=73 node=N12569 type=control0 q_pred_context=1.579620 sequence=124.825687
[plan iscas99__b17] [plan] step=74 node=N12607 type=control0 q_pred_context=1.521287 sequence=126.346974
[plan iscas99__b17] [plan] step=75 node=N12570 type=control0 q_pred_context=1.366777 sequence=127.713751
[plan iscas99__b17] [plan] step=76 node=N12447 type=control0 q_pred_context=1.423537 sequence=129.137288
[plan iscas99__b17] [plan] step=77 node=N12039 type=control0 q_pred_context=1.394148 sequence=130.531436
[plan iscas99__b17] [plan] step=78 node=N7067 type=control0 q_pred_context=1.321169 sequence=131.852605
[plan iscas99__b17] [plan] step=79 node=N7083 type=control0 q_pred_context=1.254516 sequence=133.107121
[plan iscas99__b17] [plan] step=80 node=N12706 type=control0 q_pred_context=1.562010 sequence=134.669131
[plan iscas99__b17] [plan] step=81 node=N7310 type=control0 q_pred_context=1.346309 sequence=136.015440
[plan iscas99__b17] [plan] step=82 node=N12740 type=control0 q_pred_context=1.604667 sequence=137.620108
[plan iscas99__b17] [plan] step=83 node=N7132 type=control0 q_pred_context=1.395983 sequence=139.016091
[plan iscas99__b17] [plan] step=84 node=N7177 type=control0 q_pred_context=1.604261 sequence=140.620352
[plan iscas99__b17] [plan] step=85 node=N12216 type=control0 q_pred_context=1.571344 sequence=142.191697
[plan iscas99__b17] [plan] step=86 node=N12312 type=control0 q_pred_context=1.891068 sequence=144.082765
[plan iscas99__b17] [plan] step=87 node=N12232 type=control0 q_pred_context=1.504383 sequence=145.587148
[plan iscas99__b17] [plan] step=88 node=N7268 type=control0 q_pred_context=2.059425 sequence=147.646572
[plan iscas99__b17] [plan] step=89 node=N12248 type=control0 q_pred_context=1.903174 sequence=149.549747
[plan iscas99__b17] [plan] step=90 node=N12328 type=control0 q_pred_context=2.113627 sequence=151.663373
[plan iscas99__b17] [plan] step=91 node=N12280 type=control0 q_pred_context=2.173359 sequence=153.836732
[plan iscas99__b17] [plan] step=92 node=N7151 type=control0 q_pred_context=1.631738 sequence=155.468470
[plan iscas99__b17] [plan] step=93 node=N7218 type=control0 q_pred_context=1.903131 sequence=157.371601
[plan iscas99__b17] [plan] step=94 node=N7222 type=control0 q_pred_context=1.768817 sequence=159.140418
[plan iscas99__b17] [plan] step=95 node=N7225 type=control0 q_pred_context=1.935409 sequence=161.075827
[plan iscas99__b17] [plan] step=96 node=N12262 type=control0 q_pred_context=1.820390 sequence=162.896218
[plan iscas99__b17] [plan] step=97 node=N12294 type=control0 q_pred_context=1.746514 sequence=164.642732
[plan iscas99__b17] [plan] step=98 node=N12308 type=control0 q_pred_context=1.774883 sequence=166.417615
[plan iscas99__b17] [plan] step=99 node=N7274 type=control0 q_pred_context=1.493212 sequence=167.910827
[plan iscas99__b17] [plan] step=100 node=N7162 type=control0 q_pred_context=1.510057 sequence=169.420883
[plan iscas99__b17] [plan] step=101 node=N7199 type=control0 q_pred_context=1.511394 sequence=170.932277
[plan iscas99__b17] [plan] step=102 node=N7210 type=control0 q_pred_context=1.513915 sequence=172.446192
[plan iscas99__b17] [plan] step=103 node=N7115 type=control0 q_pred_context=1.497380 sequence=173.943572
[plan iscas99__b17] [plan] step=104 node=N27225 type=control1 q_pred_context=0.956625 sequence=174.900197
[plan iscas99__b17] [plan] step=105 node=N26517 type=control1 q_pred_context=1.107552 sequence=176.007749
[plan iscas99__b17] [plan] step=106 node=N26502 type=control1 q_pred_context=0.990952 sequence=176.998702
[plan iscas99__b17] [plan] step=107 node=N7635 type=observe q_pred_context=3.528106 sequence=180.526807
[plan iscas99__b17] [plan] step=108 node=N26504 type=control1 q_pred_context=0.825874 sequence=181.352681
[plan iscas99__b17] [plan] step=109 node=N26513 type=control1 q_pred_context=0.890446 sequence=182.243127
[plan iscas99__b17] [plan] step=110 node=N12641 type=observe q_pred_context=0.941651 sequence=183.184779
[plan iscas99__b17] [plan] step=111 node=N26515 type=control1 q_pred_context=0.910176 sequence=184.094954
[plan iscas99__b17] [plan] step=112 node=N12674 type=observe q_pred_context=1.342036 sequence=185.436990
[plan iscas99__b17] [plan] step=113 node=N19835 type=observe q_pred_context=1.007681 sequence=186.444671
[plan iscas99__b17] [plan] step=114 node=N26510 type=control1 q_pred_context=0.777302 sequence=187.221974
[plan iscas99__b17] [plan] step=115 node=N26509 type=control1 q_pred_context=1.016819 sequence=188.238793
[plan iscas99__b17] [plan] step=116 node=N9041 type=observe q_pred_context=1.709823 sequence=189.948617
[plan iscas99__b17] [plan] step=117 node=N26505 type=control1 q_pred_context=0.984377 sequence=190.932994
[plan iscas99__b17] [plan] step=118 node=N13457 type=observe q_pred_context=1.389387 sequence=192.322381
[plan iscas99__b17] [plan] step=119 node=N9601 type=observe q_pred_context=1.685797 sequence=194.008178
[plan iscas99__b17] [plan] step=120 node=N27356 type=control1 q_pred_context=0.797655 sequence=194.805833
[plan iscas99__b17] [plan] step=121 node=N27355 type=control1 q_pred_context=0.879755 sequence=195.685589
[plan iscas99__b17] [plan] step=122 node=N7692 type=observe q_pred_context=1.797766 sequence=197.483354
[plan iscas99__b17] [plan] step=123 node=N27352 type=control1 q_pred_context=0.817858 sequence=198.301212
[plan iscas99__b17] [plan] step=124 node=N27349 type=control1 q_pred_context=1.594864 sequence=199.896076
[plan iscas99__b17] [plan] step=125 node=N27357 type=control1 q_pred_context=1.650132 sequence=201.546207
[plan iscas99__b17] [plan] step=126 node=N3957 type=observe q_pred_context=1.452665 sequence=202.998872
[plan iscas99__b17] [plan] step=127 node=N10791 type=control1 q_pred_context=1.023243 sequence=204.022115
[plan iscas99__b17] [plan] step=128 node=N29355 type=control1 q_pred_context=4.904061 sequence=208.926175
[plan iscas99__b17] [plan] step=129 node=N3903 type=observe q_pred_context=3.674230 sequence=212.600405
[plan iscas99__b17] [plan] step=130 node=N3879 type=observe q_pred_context=2.839212 sequence=215.439617
[plan iscas99__b17] [plan] step=131 node=N3890 type=observe q_pred_context=2.701468 sequence=218.141085
[plan iscas99__b17] [plan] step=132 node=N2041 type=control1 q_pred_context=3.908921 sequence=222.050006
[plan iscas99__b17] [plan] step=133 node=N31089 type=control1 q_pred_context=3.508526 sequence=225.558532
[plan iscas99__b17] [plan] step=134 node=N1982 type=observe q_pred_context=2.527731 sequence=228.086263
[plan iscas99__b17] [plan] step=135 node=N9595 type=observe q_pred_context=2.085740 sequence=230.172003
[plan iscas99__b17] [plan] step=136 node=N13515 type=observe q_pred_context=2.903709 sequence=233.075711
[plan iscas99__b17] [plan] step=137 node=N29496 type=control1 q_pred_context=3.424001 sequence=236.499712
[plan iscas99__b17] [plan] step=138 node=N9593 type=observe q_pred_context=3.011688 sequence=239.511400
[plan iscas99__b17] [plan] step=139 node=N4256 type=control0 q_pred_context=1.147761 sequence=240.659161
[plan iscas99__b17] [plan] step=140 node=N7729 type=control1 q_pred_context=1.801026 sequence=242.460187
[plan iscas99__b17] [plan] step=141 node=N2096 type=control1 q_pred_context=1.338302 sequence=243.798489
[plan iscas99__b17] [plan] step=142 node=N12830 type=control0 q_pred_context=2.176008 sequence=245.974497
[plan iscas99__b17] [plan] step=143 node=N13800 type=control1 q_pred_context=4.206829 sequence=250.181326
[plan iscas99__b17] [plan] step=144 node=N2030 type=control1 q_pred_context=4.408780 sequence=254.590107
[plan iscas99__b17] [plan] step=145 node=N12821 type=control0 q_pred_context=2.353207 sequence=256.943313
[plan iscas99__b17] [plan] step=146 node=N12637 type=control0 q_pred_context=1.578970 sequence=258.522283
[plan iscas99__b17] [plan] step=147 node=N13527 type=observe q_pred_context=1.694578 sequence=260.216861
[plan iscas99__b17] [plan] step=148 node=N27560 type=control0 q_pred_context=2.091645 sequence=262.308507
[plan iscas99__b17] [plan] step=149 node=N27568 type=control0 q_pred_context=1.872230 sequence=264.180737
[plan iscas99__b17] [plan] step=150 node=N13513 type=observe q_pred_context=4.466478 sequence=268.647215
[plan iscas99__b17] [plan] step=151 node=N2859 type=control0 q_pred_context=1.881356 sequence=270.528571
[plan iscas99__b17] [plan] step=152 node=N2037 type=control1 q_pred_context=1.964263 sequence=272.492834
[plan iscas99__b17] [plan] step=153 node=N27572 type=control0 q_pred_context=1.095774 sequence=273.588608
[plan iscas99__b17] [plan] step=154 node=N13561 type=observe q_pred_context=1.594714 sequence=275.183322
[plan iscas99__b17] [plan] step=155 node=N9599 type=observe q_pred_context=1.522304 sequence=276.705626
[plan iscas99__b17] [plan] step=156 node=N27570 type=control0 q_pred_context=1.113837 sequence=277.819463
[plan iscas99__b17] [plan] step=157 node=N13547 type=observe q_pred_context=1.668812 sequence=279.488274
[plan iscas99__b17] [plan] step=158 node=N27566 type=control0 q_pred_context=1.101769 sequence=280.590044
[plan iscas99__b17] [plan] step=159 node=N27562 type=control0 q_pred_context=1.130819 sequence=281.720862
[plan iscas99__b17] [plan] step=160 node=N9597 type=observe q_pred_context=1.238608 sequence=282.959471
[plan iscas99__b17] [plan] step=161 node=N13493 type=observe q_pred_context=1.753180 sequence=284.712651
[plan iscas99__b17] [plan] step=162 node=N12671 type=control0 q_pred_context=1.113645 sequence=285.826296
[plan iscas99__b17] [plan] step=163 node=N9561 type=observe q_pred_context=1.479851 sequence=287.306147
[plan iscas99__b17] [plan] step=164 node=N13605 type=observe q_pred_context=2.381583 sequence=289.687730
[plan iscas99__b17] [plan] step=165 node=N3893 type=observe q_pred_context=1.609445 sequence=291.297176
[plan iscas99__b17] [plan] step=166 node=N9603 type=observe q_pred_context=1.209674 sequence=292.506850
[plan iscas99__b17] [plan] step=167 node=N7712 type=control1 q_pred_context=2.293033 sequence=294.799883
[plan iscas99__b17] [plan] step=168 node=N8144 type=observe q_pred_context=1.790730 sequence=296.590612
[plan iscas99__b17] [plan] step=169 node=N3887 type=observe q_pred_context=1.828211 sequence=298.418824
[plan iscas99__b17] [plan] step=170 node=N13577 type=observe q_pred_context=2.833939 sequence=301.252763
[plan iscas99__b17] [plan] step=171 node=N12158 type=control0 q_pred_context=2.888223 sequence=304.140985
[plan iscas99__b17] [plan] step=172 node=N8611 type=control0 q_pred_context=2.703910 sequence=306.844896
[plan iscas99__b17] [plan] step=173 node=N7645 type=control0 q_pred_context=1.542377 sequence=308.387272
[plan iscas99__b17] [plan] step=174 node=N29387 type=control1 q_pred_context=1.409882 sequence=309.797154
[plan iscas99__b17] [plan] step=175 node=N12866 type=control0 q_pred_context=1.600075 sequence=311.397229
[plan iscas99__b17] [plan] step=176 node=N29386 type=control1 q_pred_context=2.025399 sequence=313.422628
[plan iscas99__b17] [plan] step=177 node=N29398 type=control1 q_pred_context=1.200940 sequence=314.623569
[plan iscas99__b17] [plan] step=178 node=N13517 type=observe q_pred_context=2.796998 sequence=317.420567
[plan iscas99__b17] [plan] step=179 node=N20280 type=control0 q_pred_context=0.926338 sequence=318.346905
[plan iscas99__b17] [plan] step=180 node=N12782 type=control0 q_pred_context=0.942727 sequence=319.289633
[plan iscas99__b17] [plan] step=181 node=N29372 type=control0 q_pred_context=2.291138 sequence=321.580770
[plan iscas99__b17] [plan] step=182 node=N30925 type=control0 q_pred_context=1.038732 sequence=322.619503
[plan iscas99__b17] [plan] step=183 node=N12824 type=control0 q_pred_context=1.477428 sequence=324.096930
[plan iscas99__b17] [plan] step=184 node=N30929 type=control0 q_pred_context=1.289119 sequence=325.386050
[plan iscas99__b17] [plan] step=185 node=N13575 type=observe q_pred_context=1.312030 sequence=326.698080
[plan iscas99__b17] [plan] step=186 node=N30930 type=control0 q_pred_context=2.161231 sequence=328.859311
[plan iscas99__b17] [plan] step=187 node=N30931 type=control0 q_pred_context=1.334221 sequence=330.193532
[plan iscas99__b17] [plan] step=188 node=N30926 type=control0 q_pred_context=1.135181 sequence=331.328713
[plan iscas99__b17] [plan] step=189 node=N30927 type=control0 q_pred_context=1.088892 sequence=332.417605
[plan iscas99__b17] [plan] step=190 node=N30933 type=control0 q_pred_context=1.230220 sequence=333.647825
[plan iscas99__b17] [plan] step=191 node=N25735 type=observe q_pred_context=0.946263 sequence=334.594089
[plan iscas99__b17] [plan] step=192 node=N25732 type=observe q_pred_context=0.740363 sequence=335.334452
[plan iscas99__b17] [plan] step=193 node=N12615 type=observe q_pred_context=0.835876 sequence=336.170328
[plan iscas99__b17] [plan] step=194 node=N30928 type=control0 q_pred_context=0.842728 sequence=337.013056
[plan iscas99__b17] [plan] step=195 node=N12323 type=observe q_pred_context=0.659604 sequence=337.672660
[plan iscas99__b17] [plan] step=196 node=N30924 type=control0 q_pred_context=1.233141 sequence=338.905801
[plan iscas99__b17] [plan] step=197 node=N30932 type=control0 q_pred_context=1.253355 sequence=340.159156
[plan iscas99__b17] [plan] step=198 node=N7639 type=observe q_pred_context=0.759907 sequence=340.919062
[plan iscas99__b17] [plan] step=199 node=N19854 type=observe q_pred_context=0.679617 sequence=341.598679
[plan iscas99__b17] [plan] step=200 node=N13066 type=observe q_pred_context=0.686926 sequence=342.285606
[plan iscas99__b17] [plan] step=201 node=N1986 type=control1 q_pred_context=0.728805 sequence=343.014411
[plan iscas99__b17] [plan] step=202 node=N5738 type=observe q_pred_context=0.758864 sequence=343.773275
[plan iscas99__b17] [plan] step=203 node=N13062 type=observe q_pred_context=0.737039 sequence=344.510314
[plan iscas99__b17] [plan] step=204 node=N7673 type=observe q_pred_context=0.790986 sequence=345.301300
[plan iscas99__b17] [plan] step=205 node=N5690 type=observe q_pred_context=0.680460 sequence=345.981760
[plan iscas99__b17] [plan] step=206 node=N12332 type=observe q_pred_context=0.721384 sequence=346.703144
[plan iscas99__b17] [plan] step=207 node=N19865 type=observe q_pred_context=0.733689 sequence=347.436834
[plan iscas99__b17] [plan] step=208 node=N2029 type=control1 q_pred_context=1.060821 sequence=348.497655
[plan iscas99__b17] [plan] step=209 node=N7333 type=observe q_pred_context=0.514217 sequence=349.011872
[plan iscas99__b17] [plan] step=210 node=N2262 type=observe q_pred_context=1.538434 sequence=350.550306
[plan iscas99__b17] [plan] step=211 node=N7711 type=control1 q_pred_context=0.888054 sequence=351.438360
[plan iscas99__b17] [plan] step=212 node=N7992 type=observe q_pred_context=0.935857 sequence=352.374217
[plan iscas99__b17] [plan] step=213 node=N7727 type=control1 q_pred_context=1.068237 sequence=353.442454
[plan iscas99__b17] [plan] step=214 node=N1987 type=control1 q_pred_context=1.383274 sequence=354.825729
[plan iscas99__b17] [plan] step=215 node=N13785 type=control1 q_pred_context=1.415850 sequence=356.241579
[plan iscas99__b17] [plan] step=216 node=N7726 type=control1 q_pred_context=1.214371 sequence=357.455949
[plan iscas99__b17] [plan] step=217 node=N2036 type=control1 q_pred_context=1.129853 sequence=358.585802
[plan iscas99__b17] [plan] step=218 node=N31050 type=control0 q_pred_context=1.235186 sequence=359.820989
[plan iscas99__b17] [plan] step=219 node=N31051 type=control0 q_pred_context=1.183483 sequence=361.004471
[plan iscas99__b17] [plan] step=220 node=N31045 type=control0 q_pred_context=0.985101 sequence=361.989572
[plan iscas99__b17] [plan] step=221 node=N8083 type=observe q_pred_context=0.845703 sequence=362.835275
[plan iscas99__b17] [plan] step=222 node=N13921 type=control1 q_pred_context=1.394083 sequence=364.229358
[plan iscas99__b17] [plan] step=223 node=N2074 type=control1 q_pred_context=1.091153 sequence=365.320511
[plan iscas99__b17] [plan] step=224 node=N27564 type=control0 q_pred_context=1.217927 sequence=366.538439
[plan iscas99__b17] [plan] step=225 node=N27576 type=control0 q_pred_context=1.264690 sequence=367.803129
[plan iscas99__b17] [plan] step=226 node=N27589 type=control0 q_pred_context=1.290582 sequence=369.093711
[plan iscas99__b17] [plan] step=227 node=N27585 type=control0 q_pred_context=1.530034 sequence=370.623745
[plan iscas99__b17] [plan] step=228 node=N3367 type=observe q_pred_context=1.876818 sequence=372.500563
[plan iscas99__b17] [plan] step=229 node=N13797 type=control1 q_pred_context=1.604367 sequence=374.104931
[plan iscas99__b17] [plan] step=230 node=N26792 type=control0 q_pred_context=1.390461 sequence=375.495392
[plan iscas99__b17] [plan] step=231 node=N3375 type=observe q_pred_context=1.771638 sequence=377.267030
[plan iscas99__b17] [plan] step=232 node=N7690 type=control1 q_pred_context=1.774653 sequence=379.041683
[plan iscas99__b17] [plan] step=233 node=N3383 type=observe q_pred_context=1.675205 sequence=380.716887
[plan iscas99__b17] [plan] step=234 node=N19840 type=observe q_pred_context=1.740306 sequence=382.457193
[plan iscas99__b17] [plan] step=235 node=N2076 type=control1 q_pred_context=2.250597 sequence=384.707790
[plan iscas99__b17] [plan] step=236 node=N2078 type=control1 q_pred_context=1.935433 sequence=386.643223
[plan iscas99__b17] [plan] step=237 node=N3343 type=observe q_pred_context=1.466690 sequence=388.109913
[plan iscas99__b17] [plan] step=238 node=N13913 type=control1 q_pred_context=2.255134 sequence=390.365047
[plan iscas99__b17] [plan] step=239 node=N3335 type=observe q_pred_context=1.783183 sequence=392.148230
[plan iscas99__b17] [plan] step=240 node=N3359 type=observe q_pred_context=2.030317 sequence=394.178546
[plan iscas99__b17] [plan] step=241 node=N13836 type=control1 q_pred_context=2.735293 sequence=396.913839
[plan iscas99__b17] [plan] step=242 node=N3351 type=observe q_pred_context=2.474925 sequence=399.388764
[plan iscas99__b17] [plan] step=243 node=N8937 type=observe q_pred_context=2.330706 sequence=401.719470
[plan iscas99__b17] [plan] step=244 node=N7765 type=control1 q_pred_context=2.750238 sequence=404.469708
[plan iscas99__b17] [plan] step=245 node=N3765 type=observe q_pred_context=2.034826 sequence=406.504534
[plan iscas99__b17] [plan] step=246 node=N3323 type=observe q_pred_context=2.237550 sequence=408.742083
[plan iscas99__b17] [plan] step=247 node=N7766 type=control1 q_pred_context=2.432878 sequence=411.174961
[plan iscas99__b17] [plan] step=248 node=N3429 type=observe q_pred_context=2.167835 sequence=413.342795
[plan iscas99__b17] [plan] step=249 node=N2025 type=control1 q_pred_context=2.596144 sequence=415.938940
[plan iscas99__b17] [plan] step=250 node=N13801 type=control1 q_pred_context=1.987117 sequence=417.926057
[plan iscas99__b17] [plan] step=251 node=N3437 type=observe q_pred_context=1.941509 sequence=419.867566
[plan iscas99__b17] [plan] step=252 node=N7759 type=control1 q_pred_context=2.133462 sequence=422.001028
[plan iscas99__b17] [plan] step=253 node=N26794 type=control0 q_pred_context=2.037582 sequence=424.038610
[plan iscas99__b17] [plan] step=254 node=N27551 type=control0 q_pred_context=1.843489 sequence=425.882100
[plan iscas99__b17] [plan] step=255 node=N26786 type=control0 q_pred_context=1.875669 sequence=427.757768
[plan iscas99__b17] [plan] step=256 node=N26790 type=control0 q_pred_context=1.902665 sequence=429.660434
[plan iscas99__b17] [plan] step=257 node=N27574 type=control0 q_pred_context=1.838214 sequence=431.498647
[plan iscas99__b17] [plan] step=258 node=N26788 type=control0 q_pred_context=2.003346 sequence=433.501993
[plan iscas99__b17] [plan] step=259 node=N26769 type=control0 q_pred_context=2.051767 sequence=435.553760
[plan iscas99__b17] [plan] step=260 node=N26784 type=control0 q_pred_context=2.128287 sequence=437.682047
[plan iscas99__b17] [plan] step=261 node=N26782 type=control0 q_pred_context=2.185598 sequence=439.867646
[plan iscas99__b17] [plan] step=262 node=N26771 type=control0 q_pred_context=2.127630 sequence=441.995276
[plan iscas99__b17] [plan] step=263 node=N26775 type=control0 q_pred_context=2.011674 sequence=444.006950
[plan iscas99__b17] [plan] step=264 node=N27509 type=control0 q_pred_context=1.921409 sequence=445.928358
[plan iscas99__b17] [plan] step=265 node=N27303 type=observe q_pred_context=1.844469 sequence=447.772827
[plan iscas99__b17] [plan] step=266 node=N26773 type=control0 q_pred_context=1.557940 sequence=449.330767
[plan iscas99__b17] [plan] step=267 node=N26654 type=control0 q_pred_context=1.548436 sequence=450.879203
[plan iscas99__b17] [plan] step=268 node=N26796 type=control0 q_pred_context=1.562573 sequence=452.441776
[plan iscas99__b17] [plan] step=269 node=N12399 type=observe q_pred_context=0.891383 sequence=453.333159
[plan iscas99__b17] [plan] step=270 node=N13837 type=control1 q_pred_context=1.868736 sequence=455.201896
[plan iscas99__b17] [plan] step=271 node=N7643 type=observe q_pred_context=0.965564 sequence=456.167460
[plan iscas99__b17] [plan] step=272 node=N6026 type=observe q_pred_context=1.445596 sequence=457.613056
[plan iscas99__b17] [plan] step=273 node=N27609 type=control1 q_pred_context=0.900136 sequence=458.513192
[plan iscas99__b17] [plan] step=274 node=N7725 type=control1 q_pred_context=1.518834 sequence=460.032026
[plan iscas99__b17] [plan] step=275 node=N7718 type=control1 q_pred_context=1.550789 sequence=461.582815
[plan iscas99__b17] [plan] step=276 node=N12463 type=observe q_pred_context=0.773280 sequence=462.356095
[plan iscas99__b17] [plan] step=277 node=N12448 type=observe q_pred_context=0.649431 sequence=463.005526
[plan iscas99__b17] [plan] step=278 node=N8811 type=observe q_pred_context=0.653000 sequence=463.658525
[plan iscas99__b17] [plan] step=279 node=N19841 type=observe q_pred_context=0.830426 sequence=464.488952
[plan iscas99__b17] [plan] step=280 node=N8813 type=observe q_pred_context=0.758120 sequence=465.247072
[plan iscas99__b17] [plan] step=281 node=N8812 type=observe q_pred_context=0.696390 sequence=465.943462
[plan iscas99__b17] [plan] step=282 node=N8810 type=observe q_pred_context=0.699393 sequence=466.642855
[plan iscas99__b17] [plan] step=283 node=N8814 type=observe q_pred_context=0.722905 sequence=467.365760
[plan iscas99__b17] [plan] step=284 node=N25718 type=observe q_pred_context=2.018950 sequence=469.384710
[plan iscas99__b17] [plan] step=285 node=N8809 type=observe q_pred_context=0.676520 sequence=470.061230
[plan iscas99__b17] [plan] step=286 node=N7671 type=observe q_pred_context=0.715962 sequence=470.777192
[plan iscas99__b17] [plan] step=287 node=N7669 type=observe q_pred_context=0.763061 sequence=471.540253
[plan iscas99__b17] [plan] step=288 node=N5930 type=observe q_pred_context=0.785482 sequence=472.325735
[plan iscas99__b17] [plan] step=289 node=N12791 type=control0 q_pred_context=0.791903 sequence=473.117637
[plan iscas99__b17] [plan] step=290 node=N25719 type=observe q_pred_context=1.046648 sequence=474.164285
[plan iscas99__b17] [plan] step=291 node=N22040 type=control1 q_pred_context=0.687991 sequence=474.852277
[plan iscas99__b17] [plan] step=292 node=N19869 type=observe q_pred_context=0.531609 sequence=475.383886
[plan iscas99__b17] [plan] step=293 node=N19856 type=observe q_pred_context=0.968534 sequence=476.352419
[plan iscas99__b17] [plan] step=294 node=N12604 type=observe q_pred_context=0.622386 sequence=476.974805
[plan iscas99__b17] [plan] step=295 node=N13794 type=control1 q_pred_context=0.745282 sequence=477.720087
[plan iscas99__b17] [plan] step=296 node=N5978 type=observe q_pred_context=0.598372 sequence=478.318459
[plan iscas99__b17] [plan] step=297 node=N25743 type=observe q_pred_context=0.906465 sequence=479.224924
[plan iscas99__b17] [plan] step=298 node=N6002 type=observe q_pred_context=0.767739 sequence=479.992663
[plan iscas99__b17] [plan] step=299 node=N12355 type=observe q_pred_context=0.802402 sequence=480.795065
[plan iscas99__b17] [plan] step=300 node=N25242 type=observe q_pred_context=0.843015 sequence=481.638080
[plan iscas99__b17] [plan] step=301 node=N12344 type=observe q_pred_context=0.798260 sequence=482.436340
[plan iscas99__b17] [plan] step=302 node=N26464 type=observe q_pred_context=0.861753 sequence=483.298094
[plan iscas99__b17] [plan] step=303 node=N12214 type=observe q_pred_context=0.900784 sequence=484.198878
[plan iscas99__b17] [plan] step=304 node=N19846 type=observe q_pred_context=1.113365 sequence=485.312242
[plan iscas99__b17] [plan] step=305 node=N29533 type=control1 q_pred_context=0.589213 sequence=485.901456
[plan iscas99__b17] [plan] step=306 node=N19839 type=observe q_pred_context=0.957401 sequence=486.858856
[plan iscas99__b17] [plan] step=307 node=N5858 type=observe q_pred_context=0.973177 sequence=487.832034
[plan iscas99__b17] [plan] step=308 node=N5882 type=observe q_pred_context=0.948740 sequence=488.780773
[plan iscas99__b17] [plan] step=309 node=N28117 type=observe q_pred_context=0.842559 sequence=489.623332
[plan iscas99__b17] [plan] step=310 node=N5954 type=observe q_pred_context=0.927929 sequence=490.551261
[plan iscas99__b17] [plan] step=311 node=N25750 type=observe q_pred_context=0.871723 sequence=491.422984
[plan iscas99__b17] [plan] step=312 node=N7270 type=observe q_pred_context=0.882899 sequence=492.305883
[plan iscas99__b17] [plan] step=313 node=N25734 type=observe q_pred_context=1.041912 sequence=493.347795
[plan iscas99__b17] [plan] step=314 node=N25747 type=observe q_pred_context=0.911899 sequence=494.259694
[plan iscas99__b17] [plan] step=315 node=N26475 type=observe q_pred_context=0.946231 sequence=495.205925
[plan iscas99__b17] [plan] step=316 node=N19877 type=observe q_pred_context=0.959061 sequence=496.164986
[plan iscas99__b17] [plan] step=317 node=N5906 type=observe q_pred_context=1.126734 sequence=497.291720
[plan iscas99__b17] [plan] step=318 node=N12277 type=observe q_pred_context=1.019276 sequence=498.310996
[plan iscas99__b17] [plan] step=319 node=N26462 type=observe q_pred_context=1.251668 sequence=499.562664
[plan iscas99__b17] [plan] step=320 node=N12325 type=observe q_pred_context=1.010672 sequence=500.573335
[plan iscas99__b17] [plan] step=321 node=N26466 type=observe q_pred_context=1.241039 sequence=501.814375
[plan iscas99__b17] [plan] step=322 node=N12309 type=observe q_pred_context=0.987199 sequence=502.801574
[plan iscas99__b17] [plan] step=323 node=N13992 type=observe q_pred_context=1.501666 sequence=504.303240
[plan iscas99__b17] [plan] step=324 node=N7632 type=observe q_pred_context=1.899906 sequence=506.203146
[plan iscas99__b17] [plan] step=325 node=N13983 type=observe q_pred_context=1.404921 sequence=507.608066
[plan iscas99__b17] [plan] step=326 node=N8915 type=observe q_pred_context=1.079549 sequence=508.687615
[plan iscas99__b17] [plan] step=327 node=N13907 type=control1 q_pred_context=1.797264 sequence=510.484879
[plan iscas99__b17] [plan] step=328 node=N19866 type=observe q_pred_context=1.279121 sequence=511.763999
[plan iscas99__b17] [plan] step=329 node=N27273 type=observe q_pred_context=1.142222 sequence=512.906221
[plan iscas99__b17] [plan] step=330 node=N19874 type=observe q_pred_context=1.081899 sequence=513.988120
[plan iscas99__b17] [plan] step=331 node=N19850 type=observe q_pred_context=1.009755 sequence=514.997876
[plan iscas99__b17] [plan] step=332 node=N26456 type=observe q_pred_context=1.070893 sequence=516.068769
[plan iscas99__b17] [plan] step=333 node=N12293 type=observe q_pred_context=1.011871 sequence=517.080640
[plan iscas99__b17] [plan] step=334 node=N26460 type=observe q_pred_context=1.012876 sequence=518.093516
[plan iscas99__b17] [plan] step=335 node=N9508 type=control1 q_pred_context=1.073148 sequence=519.166664
[plan iscas99__b17] [plan] step=336 node=N2038 type=control1 q_pred_context=1.849732 sequence=521.016395
[plan iscas99__b17] [plan] step=337 node=N14012 type=observe q_pred_context=1.345088 sequence=522.361484
[plan iscas99__b17] [plan] step=338 node=N7520 type=observe q_pred_context=1.245402 sequence=523.606886
[plan iscas99__b17] [plan] step=339 node=N12368 type=observe q_pred_context=1.178803 sequence=524.785688
[plan iscas99__b17] [plan] step=340 node=N19324 type=observe q_pred_context=1.587827 sequence=526.373515
[plan iscas99__b17] [plan] step=341 node=N12229 type=observe q_pred_context=1.227515 sequence=527.601030
[plan iscas99__b17] [plan] step=342 node=N26458 type=observe q_pred_context=1.255149 sequence=528.856179
[plan iscas99__b17] [plan] step=343 node=N25724 type=observe q_pred_context=1.722316 sequence=530.578495
[plan iscas99__b17] [plan] step=344 node=N26088 type=observe q_pred_context=0.951331 sequence=531.529827
[plan iscas99__b17] [plan] step=345 node=N14007 type=observe q_pred_context=1.000483 sequence=532.530310
[plan iscas99__b17] [plan] step=346 node=N19322 type=observe q_pred_context=1.236043 sequence=533.766352
[plan iscas99__b17] [plan] step=347 node=N19838 type=observe q_pred_context=1.025970 sequence=534.792323
[plan iscas99__b17] [plan] step=348 node=N15167 type=observe q_pred_context=0.879839 sequence=535.672162
[plan iscas99__b17] [plan] step=349 node=N19321 type=observe q_pred_context=1.120076 sequence=536.792238
[plan iscas99__b17] [plan] step=350 node=N19320 type=observe q_pred_context=3.248145 sequence=540.040383
[plan iscas99__b17] [plan] step=351 node=N19318 type=observe q_pred_context=4.409515 sequence=544.449899
[plan iscas99__b17] [plan] step=352 node=N19323 type=observe q_pred_context=3.988223 sequence=548.438121
[plan iscas99__b17] [plan] step=353 node=N31004 type=observe q_pred_context=4.145058 sequence=552.583179
[plan iscas99__b17] [plan] step=354 node=N31003 type=observe q_pred_context=4.142671 sequence=556.725850
[plan iscas99__b17] [plan] step=355 node=N31002 type=observe q_pred_context=3.269832 sequence=559.995682
[plan iscas99__b17] [plan] step=356 node=N12709 type=observe q_pred_context=2.816588 sequence=562.812270
[plan iscas99__b17] [plan] step=357 node=N31005 type=observe q_pred_context=1.329704 sequence=564.141974
[plan iscas99__b17] [plan] step=358 node=N31001 type=observe q_pred_context=1.796129 sequence=565.938103
[plan iscas99__b17] [plan] step=359 node=N31054 type=control1 q_pred_context=0.950205 sequence=566.888308
[plan iscas99__b17] [plan] step=360 node=N29409 type=control1 q_pred_context=0.806939 sequence=567.695247
[plan iscas99__b17] [plan] step=361 node=N29407 type=control1 q_pred_context=0.821858 sequence=568.517105
[plan iscas99__b17] [plan] step=362 node=N29408 type=control1 q_pred_context=0.846086 sequence=569.363191
[plan iscas99__b17] [plan] step=363 node=N31073 type=control1 q_pred_context=0.835322 sequence=570.198513
[plan iscas99__b17] [plan] step=364 node=N26519 type=control1 q_pred_context=1.219138 sequence=571.417652
[plan iscas99__b17] [plan] step=365 node=N24568 type=control0 q_pred_context=0.980889 sequence=572.398541
[plan iscas99__b17] [plan] step=366 node=N1990 type=control1 q_pred_context=1.480750 sequence=573.879291
[plan iscas99__b17] [plan] step=367 node=N27507 type=control0 q_pred_context=1.773705 sequence=575.652996
[plan iscas99__b17] [plan] step=368 node=N19316 type=observe q_pred_context=1.660387 sequence=577.313383
[plan iscas99__b17] [plan] step=369 node=N7721 type=control1 q_pred_context=1.101943 sequence=578.415326
[plan iscas99__b17] [plan] step=370 node=N19315 type=observe q_pred_context=1.676902 sequence=580.092228
[plan iscas99__b17] [plan] step=371 node=N13788 type=control1 q_pred_context=1.939898 sequence=582.032126
[plan iscas99__b17] [plan] step=372 node=N7990 type=observe q_pred_context=1.045058 sequence=583.077184
[plan iscas99__b17] [plan] step=373 node=N19314 type=observe q_pred_context=1.725290 sequence=584.802475
[plan iscas99__b17] [plan] step=374 node=N16588 type=control1 q_pred_context=1.123708 sequence=585.926183
[plan iscas99__b17] [plan] step=375 node=N27608 type=observe q_pred_context=0.620437 sequence=586.546620
[plan iscas99__b17] [plan] step=376 node=N3318 type=observe q_pred_context=0.710325 sequence=587.256945
[plan iscas99__b17] [plan] step=377 node=N29439 type=observe q_pred_context=0.741143 sequence=587.998088
[plan iscas99__b17] [plan] step=378 node=N19313 type=observe q_pred_context=0.927989 sequence=588.926076
[plan iscas99__b17] [plan] step=379 node=N26085 type=observe q_pred_context=0.681431 sequence=589.607507
[plan iscas99__b17] [plan] step=380 node=N26113 type=observe q_pred_context=0.785811 sequence=590.393318
[plan iscas99__b17] [plan] step=381 node=N29579 type=control1 q_pred_context=0.947726 sequence=591.341045
[plan iscas99__b17] [plan] step=382 node=N26099 type=observe q_pred_context=0.832074 sequence=592.173118
[plan iscas99__b17] [plan] step=383 node=N14002 type=observe q_pred_context=1.025113 sequence=593.198231
[plan iscas99__b17] [plan] step=384 node=N13997 type=observe q_pred_context=0.954086 sequence=594.152317
[plan iscas99__b17] [plan] step=385 node=N26089 type=observe q_pred_context=0.892746 sequence=595.045064
[plan iscas99__b17] [plan] step=386 node=N29422 type=control0 q_pred_context=0.772479 sequence=595.817543
[plan iscas99__b17] [plan] step=387 node=N28253 type=observe q_pred_context=1.067208 sequence=596.884751
[plan iscas99__b17] [plan] step=388 node=N29423 type=control0 q_pred_context=1.321691 sequence=598.206443
[plan iscas99__b17] [plan] step=389 node=N26798 type=control0 q_pred_context=1.486022 sequence=599.692465
[plan iscas99__b17] [plan] step=390 node=N7896 type=observe q_pred_context=1.478553 sequence=601.171018
[plan iscas99__b17] [plan] step=391 node=N7909 type=observe q_pred_context=1.174374 sequence=602.345393
[plan iscas99__b17] [plan] step=392 node=N7904 type=observe q_pred_context=0.952582 sequence=603.297974
[plan iscas99__b17] [plan] step=393 node=N16818 type=control1 q_pred_context=0.738694 sequence=604.036668
[plan iscas99__b17] [plan] step=394 node=N26129 type=observe q_pred_context=0.609070 sequence=604.645738
[plan iscas99__b17] [plan] step=395 node=N26123 type=observe q_pred_context=0.709837 sequence=605.355575
[plan iscas99__b17] [plan] step=396 node=N1989 type=control1 q_pred_context=0.991445 sequence=606.347020
[plan iscas99__b17] [plan] step=397 node=N28245 type=observe q_pred_context=0.747647 sequence=607.094667
[plan iscas99__b17] [plan] step=398 node=N28248 type=observe q_pred_context=1.024862 sequence=608.119529
[plan iscas99__b17] [plan] step=399 node=N28139 type=observe q_pred_context=0.958035 sequence=609.077564
[plan iscas99__b17] [plan] step=400 node=N26091 type=observe q_pred_context=1.173460 sequence=610.251024
[plan iscas99__b17] [plan] step=401 node=N2226 type=observe q_pred_context=1.076857 sequence=611.327881
[plan iscas99__b17] [plan] step=402 node=N26109 type=observe q_pred_context=0.896793 sequence=612.224674
[plan iscas99__b17] [plan] step=403 node=N15147 type=observe q_pred_context=0.988809 sequence=613.213483
[plan iscas99__b17] [plan] step=404 node=N19326 type=observe q_pred_context=1.451439 sequence=614.664922
[plan iscas99__b17] [plan] step=405 node=N19327 type=observe q_pred_context=1.080168 sequence=615.745089
[plan iscas99__b17] [plan] step=406 node=N13427 type=observe q_pred_context=1.121575 sequence=616.866664
[plan iscas99__b17] [plan] step=407 node=N19325 type=observe q_pred_context=1.232101 sequence=618.098765
[plan iscas99__b17] [plan] step=408 node=N19312 type=observe q_pred_context=1.157266 sequence=619.256031
[plan iscas99__b17] [plan] step=409 node=N26119 type=observe q_pred_context=0.977676 sequence=620.233707
[plan iscas99__b17] [plan] step=410 node=N15146 type=observe q_pred_context=0.954202 sequence=621.187909
[plan iscas99__b17] [plan] step=411 node=N26096 type=observe q_pred_context=0.878538 sequence=622.066448
[plan iscas99__b17] [plan] step=412 node=N26111 type=observe q_pred_context=1.047374 sequence=623.113822
[plan iscas99__b17] [plan] step=413 node=N19317 type=observe q_pred_context=1.008386 sequence=624.122208
[plan iscas99__b17] [plan] step=414 node=N19332 type=observe q_pred_context=0.928652 sequence=625.050860
[plan iscas99__b17] [plan] step=415 node=N19333 type=observe q_pred_context=0.902910 sequence=625.953771
[plan iscas99__b17] [plan] step=416 node=N19336 type=observe q_pred_context=0.872970 sequence=626.826741
[plan iscas99__b17] [plan] step=417 node=N19334 type=observe q_pred_context=0.872308 sequence=627.699049
[plan iscas99__b17] [plan] step=418 node=N19319 type=observe q_pred_context=1.351138 sequence=629.050187
[plan iscas99__b17] [plan] step=419 node=N13644 type=control0 q_pred_context=1.683033 sequence=630.733220
[plan iscas99__b17] [plan] step=420 node=N19338 type=observe q_pred_context=1.746466 sequence=632.479686
[plan iscas99__b17] [plan] step=421 node=N19331 type=observe q_pred_context=1.226077 sequence=633.705763
[plan iscas99__b17] [plan] step=422 node=N14880 type=control1 q_pred_context=1.487410 sequence=635.193172
[plan iscas99__b17] [plan] step=423 node=N19337 type=observe q_pred_context=0.912596 sequence=636.105768
[plan iscas99__b17] [plan] step=424 node=N19339 type=observe q_pred_context=1.709921 sequence=637.815690
[plan iscas99__b17] [plan] step=425 node=N19330 type=observe q_pred_context=1.934683 sequence=639.750373
[plan iscas99__b17] [plan] step=426 node=N19340 type=observe q_pred_context=1.520778 sequence=641.271151
[plan iscas99__b17] [plan] step=427 node=N19335 type=observe q_pred_context=1.625129 sequence=642.896279
[plan iscas99__b17] [plan] step=428 node=N24690 type=observe q_pred_context=2.006651 sequence=644.902931
[plan iscas99__b17] [plan] step=429 node=N19329 type=observe q_pred_context=1.386957 sequence=646.289888
[plan iscas99__b17] [plan] step=430 node=N29497 type=observe q_pred_context=1.532818 sequence=647.822706
[plan iscas99__b17] [plan] step=431 node=N27502 type=control0 q_pred_context=1.904791 sequence=649.727497
[plan iscas99__b17] [plan] step=432 node=N27504 type=control0 q_pred_context=1.718823 sequence=651.446320
[plan iscas99__b17] [plan] step=433 node=N26651 type=control0 q_pred_context=1.477267 sequence=652.923588
[plan iscas99__b17] [plan] step=434 node=N7994 type=observe q_pred_context=1.049074 sequence=653.972662
[plan iscas99__b17] [plan] step=435 node=N26649 type=control0 q_pred_context=1.598003 sequence=655.570665
[plan iscas99__b17] [plan] step=436 node=N27506 type=control0 q_pred_context=1.486641 sequence=657.057306
[plan iscas99__b17] [plan] step=437 node=N28132 type=observe q_pred_context=1.187582 sequence=658.244889
[plan iscas99__b17] [plan] step=438 node=N26647 type=control0 q_pred_context=1.671943 sequence=659.916832
[plan iscas99__b17] [plan] step=439 node=N31000 type=observe q_pred_context=1.111697 sequence=661.028530
[plan iscas99__b17] [plan] step=440 node=N26645 type=control0 q_pred_context=1.072346 sequence=662.100876
[plan iscas99__b17] [plan] step=441 node=N20546 type=control1 q_pred_context=0.928126 sequence=663.029002
[plan iscas99__b17] [plan] step=442 node=N26454 type=observe q_pred_context=1.376821 sequence=664.405823
[plan iscas99__b17] [plan] step=443 node=N26643 type=control0 q_pred_context=1.178620 sequence=665.584442
[plan iscas99__b17] [plan] step=444 node=N24871 type=observe q_pred_context=1.015891 sequence=666.600333
[plan iscas99__b17] [plan] step=445 node=N25716 type=observe q_pred_context=1.104507 sequence=667.704840
[plan iscas99__b17] [plan] step=446 node=N13889 type=control1 q_pred_context=0.805703 sequence=668.510543
[plan iscas99__b17] [plan] step=447 node=N26641 type=control0 q_pred_context=1.080409 sequence=669.590952
[plan iscas99__b17] [plan] step=448 node=N13905 type=control1 q_pred_context=0.599006 sequence=670.189958
[plan iscas99__b17] [plan] step=449 node=N7716 type=control1 q_pred_context=1.254265 sequence=671.444223
[plan iscas99__b17] [plan] step=450 node=N27493 type=control0 q_pred_context=1.303224 sequence=672.747447
[plan iscas99__b17] [plan] step=451 node=N27494 type=control0 q_pred_context=1.322106 sequence=674.069553
[plan iscas99__b17] [plan] step=452 node=N13904 type=control1 q_pred_context=0.853125 sequence=674.922678
[plan iscas99__b17] [plan] step=453 node=N13820 type=observe q_pred_context=0.891629 sequence=675.814306
[plan iscas99__b17] [plan] step=454 node=N13791 type=control1 q_pred_context=1.260959 sequence=677.075266
[plan iscas99__b17] [plan] step=455 node=N27495 type=control0 q_pred_context=1.376082 sequence=678.451348
[plan iscas99__b17] [plan] step=456 node=N27497 type=control0 q_pred_context=1.290765 sequence=679.742113
[plan iscas99__b17] [plan] step=457 node=N27499 type=control0 q_pred_context=1.272976 sequence=681.015089
[plan iscas99__b17] [plan] step=458 node=N27500 type=control0 q_pred_context=1.276854 sequence=682.291943
[plan iscas99__b17] [plan] step=459 node=N31250 type=control0 q_pred_context=1.229230 sequence=683.521173
[plan iscas99__b17] [plan] step=460 node=N13816 type=observe q_pred_context=0.834175 sequence=684.355348
[plan iscas99__b17] [plan] step=461 node=N2146 type=control0 q_pred_context=0.763609 sequence=685.118957
[plan iscas99__b17] [plan] step=462 node=N27593 type=control0 q_pred_context=1.215894 sequence=686.334851
[plan iscas99__b17] [plan] step=463 node=N13909 type=control1 q_pred_context=0.776253 sequence=687.111103
[plan iscas99__b17] [plan] step=464 node=N27492 type=control0 q_pred_context=1.275630 sequence=688.386734
[plan iscas99__b17] [plan] step=465 node=N13789 type=control1 q_pred_context=1.333751 sequence=689.720484
[plan iscas99__b17] [plan] step=466 node=N7991 type=observe q_pred_context=0.939636 sequence=690.660120
[plan iscas99__b17] [plan] step=467 node=N29124 type=control0 q_pred_context=0.719139 sequence=691.379259
[plan iscas99__b17] [plan] step=468 node=N29040 type=control0 q_pred_context=0.621803 sequence=692.001061
[plan iscas99__b17] [plan] step=469 node=N26107 type=observe q_pred_context=0.585489 sequence=692.586550
[plan iscas99__b17] [plan] step=470 node=N26121 type=observe q_pred_context=0.630836 sequence=693.217386
[plan iscas99__b17] [plan] step=471 node=N7996 type=observe q_pred_context=0.753954 sequence=693.971340
[plan iscas99__b17] [plan] step=472 node=N2023 type=control1 q_pred_context=0.753876 sequence=694.725216
[plan iscas99__b17] [plan] step=473 node=N26608 type=observe q_pred_context=0.616265 sequence=695.341481
[plan iscas99__b17] [plan] step=474 node=N7995 type=observe q_pred_context=0.658310 sequence=695.999791
[plan iscas99__b17] [plan] step=475 node=N3964 type=control0 q_pred_context=0.914501 sequence=696.914292
[plan iscas99__b17] [plan] step=476 node=N12167 type=control0 q_pred_context=0.713996 sequence=697.628288
[plan iscas99__b17] [plan] step=477 node=N26596 type=observe q_pred_context=0.586810 sequence=698.215098
[plan iscas99__b17] [plan] step=478 node=N26128 type=observe q_pred_context=0.772991 sequence=698.988088
[plan iscas99__b17] [plan] step=479 node=N26607 type=observe q_pred_context=0.606671 sequence=699.594759
[plan iscas99__b17] [plan] step=480 node=N26127 type=observe q_pred_context=0.638580 sequence=700.233340
[plan iscas99__b17] [plan] step=481 node=N22174 type=observe q_pred_context=0.898665 sequence=701.132004
[plan iscas99__b17] [plan] step=482 node=N26125 type=observe q_pred_context=0.612820 sequence=701.744824
[plan iscas99__b17] [plan] step=483 node=N21744 type=observe q_pred_context=0.669998 sequence=702.414822
[plan iscas99__b17] [plan] step=484 node=N23216 type=observe q_pred_context=0.804326 sequence=703.219149
[plan iscas99__b17] [plan] step=485 node=N27224 type=observe q_pred_context=0.792740 sequence=704.011889
[plan iscas99__b17] [plan] step=486 node=N7993 type=observe q_pred_context=0.420064 sequence=704.431953
[plan iscas99__b17] [plan] step=487 node=N20155 type=observe q_pred_context=0.689179 sequence=705.121132
[plan iscas99__b17] [plan] step=488 node=N26084 type=observe q_pred_context=0.690365 sequence=705.811497
[plan iscas99__b17] [plan] step=489 node=N2921 type=observe q_pred_context=0.731408 sequence=706.542905
[plan iscas99__b17] [plan] step=490 node=N15503 type=observe q_pred_context=1.082743 sequence=707.625648
[plan iscas99__b17] [plan] step=491 node=N13988 type=observe q_pred_context=0.908678 sequence=708.534326
[plan iscas99__b17] [plan] step=492 node=N13991 type=observe q_pred_context=1.055667 sequence=709.589993
[plan iscas99__b17] [plan] step=493 node=N13990 type=observe q_pred_context=1.165478 sequence=710.755471
[plan iscas99__b17] [plan] step=494 node=N13989 type=observe q_pred_context=1.341126 sequence=712.096597
[plan iscas99__b17] [plan] step=495 node=N13982 type=observe q_pred_context=1.258014 sequence=713.354611
[plan iscas99__b17] [plan] step=496 node=N13981 type=observe q_pred_context=1.338616 sequence=714.693227
[plan iscas99__b17] [plan] step=497 node=N13980 type=observe q_pred_context=1.361260 sequence=716.054487
[plan iscas99__b17] [plan] step=498 node=N13979 type=observe q_pred_context=1.327436 sequence=717.381923
[plan iscas99__b17] [plan] step=499 node=N15507 type=observe q_pred_context=1.247118 sequence=718.629041
[plan iscas99__b17] [plan] step=500 node=N15505 type=observe q_pred_context=1.233472 sequence=719.862513
[plan iscas99__b17] [plan] step=501 node=N25239 type=observe q_pred_context=1.078970 sequence=720.941484
[plan iscas99__b17] [plan] step=502 node=N15500 type=observe q_pred_context=1.227472 sequence=722.168956
[plan iscas99__b17] [plan] step=503 node=N15499 type=observe q_pred_context=1.391008 sequence=723.559964
[plan iscas99__b17] [plan] step=504 node=N15496 type=observe q_pred_context=2.230898 sequence=725.790863
[plan iscas99__b17] [plan] step=505 node=N13625 type=observe q_pred_context=4.322166 sequence=730.113029
[plan iscas99__b17] [plan] step=506 node=N15536 type=observe q_pred_context=2.133644 sequence=732.246673
[plan iscas99__b17] [plan] step=507 node=N25621 type=observe q_pred_context=4.497664 sequence=736.744337
[plan iscas99__b17] [plan] step=508 node=N15520 type=observe q_pred_context=4.541860 sequence=741.286198
[plan iscas99__b17] [plan] step=509 node=N7717 type=control1 q_pred_context=4.465872 sequence=745.752070
[plan iscas99__b17] [plan] step=510 node=N15534 type=observe q_pred_context=5.058040 sequence=750.810110
[plan iscas99__b17] [plan] step=511 node=N15517 type=observe q_pred_context=4.973813 sequence=755.783923
[plan iscas99__b17] [plan] step=512 node=N31053 type=control0 q_pred_context=3.416054 sequence=759.199977
[plan iscas99__b17] [plan] step=513 node=N29527 type=control0 q_pred_context=4.987822 sequence=764.187798
[plan iscas99__b17] [plan] step=514 node=N26800 type=control0 q_pred_context=5.244834 sequence=769.432633
[plan iscas99__b17] [plan] step=515 node=N27595 type=control0 q_pred_context=5.003635 sequence=774.436267
[plan iscas99__b17] [plan] step=516 node=N13627 type=observe q_pred_context=3.671144 sequence=778.107412
[plan iscas99__b17] [plan] step=517 node=N21848 type=observe q_pred_context=3.225499 sequence=781.332911
[plan iscas99__b17] [plan] step=518 node=N24105 type=observe q_pred_context=5.355229 sequence=786.688140
[plan iscas99__b17] [plan] step=519 node=N24475 type=observe q_pred_context=2.599490 sequence=789.287630
[plan iscas99__b17] [plan] step=520 node=N19720 type=observe q_pred_context=0.819658 sequence=790.107288
[plan iscas99__b17] [plan] step=521 node=N27792 type=control0 q_pred_context=0.518596 sequence=790.625884
[plan iscas99__b17] [plan] step=522 node=N27491 type=control0 q_pred_context=2.431206 sequence=793.057089
[plan iscas99__b17] [plan] step=523 node=N31121 type=control0 q_pred_context=5.202524 sequence=798.259613
[plan iscas99__b17] [plan] step=524 node=N26639 type=control0 q_pred_context=5.107585 sequence=803.367198
[plan iscas99__b17] [plan] step=525 node=N28915 type=control0 q_pred_context=0.820534 sequence=804.187732
[plan iscas99__b17] [plan] step=526 node=N27490 type=control0 q_pred_context=2.131177 sequence=806.318909
[plan iscas99__b17] [plan] step=527 node=N19969 type=observe q_pred_context=2.476108 sequence=808.795017
[plan iscas99__b17] [plan] step=528 node=N7902 type=observe q_pred_context=0.634783 sequence=809.429800
[plan iscas99__b17] [plan] step=529 node=N7997 type=observe q_pred_context=0.823156 sequence=810.252956
[plan iscas99__b17] [plan] step=530 node=N19719 type=observe q_pred_context=1.828701 sequence=812.081657
[plan iscas99__b17] [plan] step=531 node=N2193 type=observe q_pred_context=1.861604 sequence=813.943260
[plan iscas99__b17] [plan] step=532 node=N2208 type=observe q_pred_context=1.820220 sequence=815.763480
[plan iscas99__b17] [plan] step=533 node=N22487 type=observe q_pred_context=1.773395 sequence=817.536875
[plan iscas99__b17] [plan] step=534 node=N15511 type=observe q_pred_context=2.269060 sequence=819.805935
[plan iscas99__b17] [plan] step=535 node=N15509 type=observe q_pred_context=3.735448 sequence=823.541383
[plan iscas99__b17] [plan] step=536 node=N2203 type=observe q_pred_context=4.854620 sequence=828.396003
[plan iscas99__b17] [plan] step=537 node=N2178 type=observe q_pred_context=2.345370 sequence=830.741372
[plan iscas99__b17] [plan] step=538 node=N2183 type=observe q_pred_context=1.480592 sequence=832.221964
[plan iscas99__b17] [plan] step=539 node=N2173 type=observe q_pred_context=1.276864 sequence=833.498828
[plan iscas99__b17] [plan] step=540 node=N29457 type=control0 q_pred_context=0.739466 sequence=834.238294
[plan iscas99__b17] [plan] step=541 node=N28847 type=control0 q_pred_context=1.199976 sequence=835.438270
[plan iscas99__b17] [plan] step=542 node=N26691 type=control0 q_pred_context=1.970334 sequence=837.408605
[plan iscas99__b17] [plan] step=543 node=N19718 type=observe q_pred_context=3.111878 sequence=840.520483
[plan iscas99__b17] [plan] step=544 node=N22074 type=observe q_pred_context=1.037774 sequence=841.558257
[plan iscas99__b17] [plan] step=545 node=N29437 type=observe q_pred_context=1.907378 sequence=843.465635
[plan iscas99__b17] [plan] step=546 node=N15564 type=observe q_pred_context=3.600283 sequence=847.065918
[plan iscas99__b17] [plan] step=547 node=N15562 type=observe q_pred_context=1.882981 sequence=848.948899
[plan iscas99__b17] [plan] step=548 node=N28737 type=control0 q_pred_context=1.076666 sequence=850.025565
[plan iscas99__b17] [plan] step=549 node=N19717 type=observe q_pred_context=1.291983 sequence=851.317548
[plan iscas99__b17] [plan] step=550 node=N28062 type=observe q_pred_context=0.801784 sequence=852.119332
[plan iscas99__b17] [plan] step=551 node=N5124 type=control0 q_pred_context=1.990520 sequence=854.109852
[plan iscas99__b17] [plan] step=552 node=N15514 type=observe q_pred_context=2.381722 sequence=856.491574
[plan iscas99__b17] [plan] step=553 node=N15494 type=observe q_pred_context=2.442671 sequence=858.934245
[plan iscas99__b17] [plan] step=554 node=N28060 type=observe q_pred_context=0.870552 sequence=859.804797
[plan iscas99__b17] [plan] step=555 node=N15492 type=observe q_pred_context=2.026957 sequence=861.831755
[plan iscas99__b17] [plan] step=556 node=N19716 type=observe q_pred_context=0.965338 sequence=862.797093
[plan iscas99__b17] [plan] step=557 node=N28058 type=observe q_pred_context=0.856933 sequence=863.654026
[plan iscas99__b17] [plan] step=558 node=N25744 type=observe q_pred_context=0.888623 sequence=864.542650
[plan iscas99__b17] [plan] step=559 node=N26087 type=observe q_pred_context=0.932315 sequence=865.474965
[plan iscas99__b17] [plan] step=560 node=N30999 type=observe q_pred_context=0.957061 sequence=866.432026
[plan iscas99__b17] [plan] step=561 node=N26610 type=observe q_pred_context=1.285852 sequence=867.717878
[plan iscas99__b17] [plan] step=562 node=N15477 type=observe q_pred_context=1.647034 sequence=869.364912
[plan iscas99__b17] [plan] step=563 node=N28064 type=observe q_pred_context=0.964028 sequence=870.328940
[plan iscas99__b17] [plan] step=564 node=N24602 type=observe q_pred_context=1.709313 sequence=872.038253
[plan iscas99__b17] [plan] step=565 node=N24600 type=observe q_pred_context=1.707959 sequence=873.746211
[plan iscas99__b17] [plan] step=566 node=N24604 type=observe q_pred_context=2.384009 sequence=876.130220
[plan iscas99__b17] [plan] step=567 node=N24610 type=observe q_pred_context=1.038678 sequence=877.168899
[plan iscas99__b17] [plan] step=568 node=N19715 type=observe q_pred_context=2.669295 sequence=879.838194
[plan iscas99__b17] [plan] step=569 node=N24606 type=observe q_pred_context=1.231310 sequence=881.069504
[plan iscas99__b17] [plan] step=570 node=N26131 type=observe q_pred_context=0.754785 sequence=881.824289
[plan iscas99__b17] [plan] step=571 node=N24612 type=observe q_pred_context=1.225738 sequence=883.050027
[plan iscas99__b17] [plan] step=572 node=N15541 type=observe q_pred_context=2.701855 sequence=885.751882
[plan iscas99__b17] [plan] step=573 node=N15538 type=observe q_pred_context=0.808253 sequence=886.560135
[plan iscas99__b17] [plan] step=574 node=N23737 type=observe q_pred_context=1.585093 sequence=888.145228
[plan iscas99__b17] [plan] step=575 node=N7900 type=observe q_pred_context=1.343915 sequence=889.489143
[plan iscas99__b17] [plan] step=576 node=N26095 type=observe q_pred_context=0.618933 sequence=890.108075
[plan iscas99__b17] [plan] step=577 node=N7895 type=observe q_pred_context=1.243019 sequence=891.351094
[plan iscas99__b17] [plan] step=578 node=N13618 type=observe q_pred_context=1.153324 sequence=892.504418
[plan iscas99__b17] [plan] step=579 node=N25752 type=observe q_pred_context=1.289260 sequence=893.793678
[plan iscas99__b17] [plan] step=580 node=N24648 type=observe q_pred_context=0.743135 sequence=894.536813
[plan iscas99__b17] [plan] step=581 node=N24654 type=observe q_pred_context=1.853253 sequence=896.390066
[plan iscas99__b17] [plan] step=582 node=N24622 type=observe q_pred_context=1.487142 sequence=897.877208
[plan iscas99__b17] [plan] step=583 node=N24608 type=observe q_pred_context=2.395682 sequence=900.272890
[plan iscas99__b17] [plan] step=584 node=N24636 type=observe q_pred_context=3.103313 sequence=903.376203
[plan iscas99__b17] [plan] step=585 node=N24640 type=observe q_pred_context=2.809394 sequence=906.185597
[plan iscas99__b17] [plan] step=586 node=N24650 type=observe q_pred_context=4.575609 sequence=910.761206
[plan iscas99__b17] [plan] step=587 node=N24638 type=observe q_pred_context=2.357669 sequence=913.118875
[plan iscas99__b17] [plan] step=588 node=N24628 type=observe q_pred_context=3.770297 sequence=916.889172
[plan iscas99__b17] [plan] step=589 node=N24624 type=observe q_pred_context=2.838907 sequence=919.728079
[plan iscas99__b17] [plan] step=590 node=N15551 type=observe q_pred_context=4.022090 sequence=923.750169
[plan iscas99__b17] [plan] step=591 node=N25442 type=observe q_pred_context=5.836269 sequence=929.586438
[plan iscas99__b17] [plan] step=592 node=N24632 type=observe q_pred_context=2.050334 sequence=931.636772
[plan iscas99__b17] [plan] step=593 node=N24630 type=observe q_pred_context=2.629744 sequence=934.266516
[plan iscas99__b17] [plan] step=594 node=N24652 type=observe q_pred_context=3.378114 sequence=937.644630
[plan iscas99__b17] [plan] step=595 node=N24642 type=observe q_pred_context=1.781197 sequence=939.425828
[plan iscas99__b17] [plan] step=596 node=N24615 type=observe q_pred_context=2.175229 sequence=941.601057
[plan iscas99__b17] [plan] step=597 node=N24626 type=observe q_pred_context=2.444614 sequence=944.045671
[plan iscas99__b17] [plan] step=598 node=N24618 type=observe q_pred_context=2.824960 sequence=946.870631
[plan iscas99__b17] [plan] step=599 node=N24644 type=observe q_pred_context=4.123508 sequence=950.994140
[plan iscas99__b17] [plan] step=600 node=N19714 type=observe q_pred_context=5.053469 sequence=956.047608
[plan iscas99__b17] [plan] step=601 node=N9604 type=observe q_pred_context=1.820833 sequence=957.868441
[plan iscas99__b17] [plan] step=602 node=N23919 type=observe q_pred_context=1.379624 sequence=959.248065
[plan iscas99__b17] [plan] step=603 node=N24656 type=observe q_pred_context=1.619469 sequence=960.867534
[plan iscas99__b17] [plan] step=604 node=N24634 type=observe q_pred_context=0.955258 sequence=961.822792
[plan iscas99__b17] [plan] step=605 node=N24620 type=observe q_pred_context=1.859410 sequence=963.682202
[plan iscas99__b17] [plan] step=606 node=N24646 type=observe q_pred_context=2.477542 sequence=966.159744
[plan iscas99__b17] [plan] step=607 node=N24616 type=observe q_pred_context=2.349650 sequence=968.509394
[plan iscas99__b17] [plan] step=608 node=N23555 type=observe q_pred_context=2.398375 sequence=970.907769
[plan iscas99__b17] [plan] step=609 node=N14173 type=observe q_pred_context=0.656509 sequence=971.564278
[plan iscas99__b17] [plan] step=610 node=N23218 type=observe q_pred_context=1.396933 sequence=972.961211
[plan iscas99__b17] [plan] step=611 node=N22087 type=observe q_pred_context=2.119457 sequence=975.080667
[plan iscas99__b17] [plan] step=612 node=N9590 type=observe q_pred_context=1.353120 sequence=976.433787
[plan iscas99__b17] [plan] step=613 node=N21656 type=observe q_pred_context=1.414395 sequence=977.848182
[plan iscas99__b17] [plan] step=614 node=N19279 type=observe q_pred_context=1.093160 sequence=978.941341
[plan iscas99__b17] [plan] step=615 node=N22089 type=observe q_pred_context=2.357412 sequence=981.298754
[plan iscas99__b17] [plan] step=616 node=N15554 type=observe q_pred_context=1.217860 sequence=982.516614
[plan iscas99__b17] [plan] step=617 node=N15556 type=observe q_pred_context=1.258837 sequence=983.775451
[plan iscas99__b17] [plan] step=618 node=N20067 type=observe q_pred_context=1.677615 sequence=985.453066
[plan iscas99__b17] [plan] step=619 node=N19713 type=observe q_pred_context=1.788032 sequence=987.241097
[plan iscas99__b17] [plan] step=620 node=N15545 type=observe q_pred_context=1.329003 sequence=988.570100
[plan iscas99__b17] [plan] step=621 node=N26101 type=observe q_pred_context=0.782858 sequence=989.352958
[plan iscas99__b17] [plan] step=622 node=N19240 type=observe q_pred_context=1.194799 sequence=990.547757
[plan iscas99__b17] [plan] step=623 node=N21658 type=observe q_pred_context=2.344449 sequence=992.892206
[plan iscas99__b17] [plan] step=624 node=N15542 type=observe q_pred_context=1.298967 sequence=994.191173
[plan iscas99__b17] [plan] step=625 node=N22091 type=observe q_pred_context=1.164795 sequence=995.355968
[plan iscas99__b17] [plan] step=626 node=N21654 type=observe q_pred_context=1.860367 sequence=997.216335
[plan iscas99__b17] [plan] step=627 node=N15484 type=observe q_pred_context=2.017571 sequence=999.233906
[plan iscas99__b17] [plan] step=628 node=N15486 type=observe q_pred_context=1.365439 sequence=1000.599345
[plan iscas99__b17] [plan] step=629 node=N20069 type=observe q_pred_context=1.576005 sequence=1002.175350
[plan iscas99__b17] [plan] step=630 node=N20065 type=observe q_pred_context=2.362761 sequence=1004.538111
[plan iscas99__b17] [plan] step=631 node=N21660 type=observe q_pred_context=1.968439 sequence=1006.506550
[plan iscas99__b17] [plan] step=632 node=N22093 type=observe q_pred_context=2.985791 sequence=1009.492341
[plan iscas99__b17] [plan] step=633 node=N25728 type=observe q_pred_context=2.450620 sequence=1011.942961
[plan iscas99__b17] [plan] step=634 node=N19712 type=observe q_pred_context=1.155419 sequence=1013.098379
[plan iscas99__b17] [plan] step=635 node=N20071 type=observe q_pred_context=1.254165 sequence=1014.352544
[plan iscas99__b17] [plan] step=636 node=N28066 type=observe q_pred_context=0.656039 sequence=1015.008583
[plan iscas99__b17] [plan] step=637 node=N15482 type=observe q_pred_context=1.142196 sequence=1016.150779
[plan iscas99__b17] [plan] step=638 node=N28068 type=observe q_pred_context=0.632924 sequence=1016.783703
[plan iscas99__b17] [plan] step=639 node=N26103 type=observe q_pred_context=0.861539 sequence=1017.645242
[plan iscas99__b17] [plan] step=640 node=N24570 type=observe q_pred_context=0.549983 sequence=1018.195225
[plan iscas99__b17] [plan] step=641 node=N18906 type=control1 q_pred_context=0.269436 sequence=1018.464662
[plan iscas99__b17] [plan] step=642 node=N26118 type=observe q_pred_context=1.141818 sequence=1019.606479
[plan iscas99__b17] [plan] step=643 node=N26105 type=observe q_pred_context=1.149601 sequence=1020.756081
[plan iscas99__b17] [plan] step=644 node=N26614 type=observe q_pred_context=1.183567 sequence=1021.939648
[plan iscas99__b17] [plan] step=645 node=N26115 type=observe q_pred_context=1.263401 sequence=1023.203048
[plan iscas99__b17] [plan] step=646 node=N2223 type=observe q_pred_context=1.613911 sequence=1024.816959
[plan iscas99__b17] [plan] step=647 node=N2224 type=observe q_pred_context=1.968413 sequence=1026.785372
[plan iscas99__b17] [plan] step=648 node=N2214 type=observe q_pred_context=2.393282 sequence=1029.178655
[plan iscas99__b17] [plan] step=649 node=N2215 type=observe q_pred_context=2.835525 sequence=1032.014179
[plan iscas99__b17] [plan] step=650 node=N21662 type=observe q_pred_context=2.369404 sequence=1034.383583
[plan iscas99__b17] [plan] step=651 node=N7885 type=observe q_pred_context=2.975852 sequence=1037.359435
[plan iscas99__b17] [plan] step=652 node=N22095 type=observe q_pred_context=2.009996 sequence=1039.369432
[plan iscas99__b17] [plan] step=653 node=N2220 type=observe q_pred_context=2.683564 sequence=1042.052996
[plan iscas99__b17] [plan] step=654 node=N2222 type=observe q_pred_context=2.865721 sequence=1044.918717
[plan iscas99__b17] [plan] step=655 node=N2213 type=observe q_pred_context=2.530859 sequence=1047.449576
[plan iscas99__b17] [plan] step=656 node=N2221 type=observe q_pred_context=1.739790 sequence=1049.189367
[plan iscas99__b17] [plan] step=657 node=N2216 type=observe q_pred_context=1.243244 sequence=1050.432611
[plan iscas99__b17] [plan] step=658 node=N20073 type=observe q_pred_context=1.456864 sequence=1051.889475
[plan iscas99__b17] [plan] step=659 node=N2225 type=observe q_pred_context=1.186887 sequence=1053.076361
[plan iscas99__b17] [plan] step=660 node=N29490 type=observe q_pred_context=2.982154 sequence=1056.058515
[plan iscas99__b17] [plan] step=661 node=N21664 type=observe q_pred_context=1.734470 sequence=1057.792986
[plan iscas99__b17] [plan] step=662 node=N22097 type=observe q_pred_context=1.053541 sequence=1058.846527
[plan iscas99__b17] [plan] step=663 node=N19711 type=observe q_pred_context=2.142904 sequence=1060.989431
[plan iscas99__b17] [plan] step=664 node=N20075 type=observe q_pred_context=0.863464 sequence=1061.852895
[plan iscas99__b17] [plan] step=665 node=N22121 type=observe q_pred_context=1.818583 sequence=1063.671478
[plan iscas99__b17] [plan] step=666 node=N22133 type=observe q_pred_context=3.098702 sequence=1066.770180
[plan iscas99__b17] [plan] step=667 node=N22107 type=observe q_pred_context=3.310596 sequence=1070.080777
[plan iscas99__b17] [plan] step=668 node=N22139 type=observe q_pred_context=4.551027 sequence=1074.631803
[plan iscas99__b17] [plan] step=669 node=N15560 type=observe q_pred_context=5.367588 sequence=1079.999391
[plan iscas99__b17] [plan] step=670 node=N15558 type=observe q_pred_context=5.017461 sequence=1085.016852
[plan iscas99__b17] [plan] step=671 node=N22125 type=observe q_pred_context=1.854906 sequence=1086.871758
[plan iscas99__b17] [plan] step=672 node=N22113 type=observe q_pred_context=4.807919 sequence=1091.679676
[plan iscas99__b17] [plan] step=673 node=N22123 type=observe q_pred_context=4.513745 sequence=1096.193422
[plan iscas99__b17] [plan] step=674 node=N22109 type=observe q_pred_context=3.437307 sequence=1099.630729
[plan iscas99__b17] [plan] step=675 node=N22135 type=observe q_pred_context=4.383684 sequence=1104.014414
[plan iscas99__b17] [plan] step=676 node=N21666 type=observe q_pred_context=4.356203 sequence=1108.370617
[plan iscas99__b17] [plan] step=677 node=N22117 type=observe q_pred_context=3.133629 sequence=1111.504246
[plan iscas99__b17] [plan] step=678 node=N22111 type=observe q_pred_context=2.531947 sequence=1114.036193
[plan iscas99__b17] [plan] step=679 node=N22100 type=observe q_pred_context=2.482006 sequence=1116.518199
[plan iscas99__b17] [plan] step=680 node=N22137 type=observe q_pred_context=2.190926 sequence=1118.709125
[plan iscas99__b17] [plan] step=681 node=N22115 type=observe q_pred_context=2.173939 sequence=1120.883064
[plan iscas99__b17] [plan] step=682 node=N22129 type=observe q_pred_context=2.317674 sequence=1123.200738
[plan iscas99__b17] [plan] step=683 node=N22103 type=observe q_pred_context=2.302089 sequence=1125.502827
[plan iscas99__b17] [plan] step=684 node=N22127 type=observe q_pred_context=2.272867 sequence=1127.775694
[plan iscas99__b17] [plan] step=685 node=N25731 type=observe q_pred_context=2.455532 sequence=1130.231226
[plan iscas99__b17] [plan] step=686 node=N15547 type=observe q_pred_context=5.114000 sequence=1135.345227
[plan iscas99__b17] [plan] step=687 node=N20077 type=observe q_pred_context=3.140047 sequence=1138.485273
[plan iscas99__b17] [plan] step=688 node=N21676 type=observe q_pred_context=5.252736 sequence=1143.738010
[plan iscas99__b17] [plan] step=689 node=N21690 type=observe q_pred_context=5.239516 sequence=1148.977526
[plan iscas99__b17] [plan] step=690 node=N21702 type=observe q_pred_context=5.433100 sequence=1154.410625
[plan iscas99__b17] [plan] step=691 node=N8090 type=observe q_pred_context=3.973446 sequence=1158.384071
[plan iscas99__b17] [plan] step=692 node=N21708 type=observe q_pred_context=1.825151 sequence=1160.209222
[plan iscas99__b17] [plan] step=693 node=N22141 type=observe q_pred_context=1.749998 sequence=1161.959220
[plan iscas99__b17] [plan] step=694 node=N13826 type=observe q_pred_context=0.433421 sequence=1162.392641
[plan iscas99__b17] [plan] step=695 node=N7722 type=control1 q_pred_context=1.416019 sequence=1163.808660
[plan iscas99__b17] [plan] step=696 node=N16130 type=control1 q_pred_context=1.919320 sequence=1165.727980
[plan iscas99__b17] [plan] step=697 node=N21678 type=observe q_pred_context=1.014686 sequence=1166.742666
[plan iscas99__b17] [plan] step=698 node=N21694 type=observe q_pred_context=2.675119 sequence=1169.417784
[plan iscas99__b17] [plan] step=699 node=N21682 type=observe q_pred_context=1.651056 sequence=1171.068840
[plan iscas99__b17] [plan] step=700 node=N21704 type=observe q_pred_context=4.555603 sequence=1175.624443
[plan iscas99__b17] [plan] step=701 node=N21692 type=observe q_pred_context=2.225643 sequence=1177.850086
[plan iscas99__b17] [plan] step=702 node=N20113 type=observe q_pred_context=3.310307 sequence=1181.160393
[plan iscas99__b17] [plan] step=703 node=N15172 type=observe q_pred_context=0.366727 sequence=1181.527120
[plan iscas99__b17] [plan] step=704 node=N20101 type=observe q_pred_context=1.099753 sequence=1182.626873
[plan iscas99__b17] [plan] step=705 node=N20087 type=observe q_pred_context=2.052904 sequence=1184.679777
[plan iscas99__b17] [plan] step=706 node=N21686 type=observe q_pred_context=4.848246 sequence=1189.528023
[plan iscas99__b17] [plan] step=707 node=N9564 type=observe q_pred_context=4.502096 sequence=1194.030119
[plan iscas99__b17] [plan] step=708 node=N21698 type=observe q_pred_context=2.357992 sequence=1196.388111
[plan iscas99__b17] [plan] step=709 node=N9567 type=observe q_pred_context=2.310190 sequence=1198.698301
[plan iscas99__b17] [plan] step=710 node=N21684 type=observe q_pred_context=0.970542 sequence=1199.668844
[plan iscas99__b17] [plan] step=711 node=N20119 type=observe q_pred_context=2.790980 sequence=1202.459823
[plan iscas99__b17] [plan] step=712 node=N8014 type=observe q_pred_context=0.447494 sequence=1202.907317
[plan iscas99__b17] [plan] step=713 node=N21706 type=observe q_pred_context=2.192636 sequence=1205.099953
[plan iscas99__b17] [plan] step=714 node=N21696 type=observe q_pred_context=1.225419 sequence=1206.325372
[plan iscas99__b17] [plan] step=715 node=N13814 type=observe q_pred_context=0.424671 sequence=1206.750043
[plan iscas99__b17] [plan] step=716 node=N21680 type=observe q_pred_context=1.202514 sequence=1207.952557
[plan iscas99__b17] [plan] step=717 node=N22119 type=observe q_pred_context=2.124236 sequence=1210.076794
[plan iscas99__b17] [plan] step=718 node=N20105 type=observe q_pred_context=3.822623 sequence=1213.899416
[plan iscas99__b17] [plan] step=719 node=N20115 type=observe q_pred_context=5.652975 sequence=1219.552392
[plan iscas99__b17] [plan] step=720 node=N21669 type=observe q_pred_context=5.289706 sequence=1224.842098
[plan iscas99__b17] [plan] step=721 node=N22101 type=observe q_pred_context=5.216932 sequence=1230.059030
[plan iscas99__b17] [plan] step=722 node=N22105 type=observe q_pred_context=5.172039 sequence=1235.231069
[plan iscas99__b17] [plan] step=723 node=N20103 type=observe q_pred_context=5.104120 sequence=1240.335189
[plan iscas99__b17] [plan] step=724 node=N22131 type=observe q_pred_context=5.204450 sequence=1245.539639
[plan iscas99__b17] [plan] step=725 node=N20097 type=observe q_pred_context=5.255583 sequence=1250.795222
[plan iscas99__b17] [plan] step=726 node=N20091 type=observe q_pred_context=5.297403 sequence=1256.092625
[plan iscas99__b17] [plan] step=727 node=N21672 type=observe q_pred_context=5.293548 sequence=1261.386173
[plan iscas99__b17] [plan] step=728 node=N20083 type=observe q_pred_context=5.287950 sequence=1266.674123
[plan iscas99__b17] [plan] step=729 node=N20107 type=observe q_pred_context=5.285292 sequence=1271.959414
[plan iscas99__b17] [plan] step=730 node=N20109 type=observe q_pred_context=5.385887 sequence=1277.345301
[plan iscas99__b17] [plan] step=731 node=N20080 type=observe q_pred_context=5.256683 sequence=1282.601984
[plan iscas99__b17] [plan] step=732 node=N19710 type=observe q_pred_context=4.382481 sequence=1286.984465
[plan iscas99__b17] [plan] step=733 node=N20117 type=observe q_pred_context=2.900965 sequence=1289.885431
[plan iscas99__b17] [plan] step=734 node=N23037 type=observe q_pred_context=3.420940 sequence=1293.306371
[plan iscas99__b17] [plan] step=735 node=N21710 type=observe q_pred_context=1.660940 sequence=1294.967312
[plan iscas99__b17] [plan] step=736 node=N21555 type=observe q_pred_context=1.114939 sequence=1296.082251
[plan iscas99__b17] [plan] step=737 node=N20121 type=observe q_pred_context=2.157192 sequence=1298.239442
[plan iscas99__b17] [plan] step=738 node=N21700 type=observe q_pred_context=1.904948 sequence=1300.144391
[plan iscas99__b17] [plan] step=739 node=N21674 type=observe q_pred_context=1.368325 sequence=1301.512716
[plan iscas99__b17] [plan] step=740 node=N20093 type=observe q_pred_context=1.728415 sequence=1303.241131
[plan iscas99__b17] [plan] step=741 node=N9576 type=observe q_pred_context=0.713312 sequence=1303.954443
[plan iscas99__b17] [plan] step=742 node=N25534 type=observe q_pred_context=1.009533 sequence=1304.963976
[plan iscas99__b17] [plan] step=743 node=N20099 type=observe q_pred_context=0.727526 sequence=1305.691503
[plan iscas99__b17] [plan] step=744 node=N20111 type=observe q_pred_context=0.876006 sequence=1306.567508
[plan iscas99__b17] [plan] step=745 node=N20095 type=observe q_pred_context=0.583038 sequence=1307.150546
[plan iscas99__b17] [plan] step=746 node=N20081 type=observe q_pred_context=0.456039 sequence=1307.606585
[plan iscas99__b17] [plan] step=747 node=N24387 type=observe q_pred_context=0.514415 sequence=1308.121000
[plan iscas99__b17] [plan] step=748 node=N20085 type=observe q_pred_context=0.556375 sequence=1308.677375
[plan iscas99__b17] [plan] step=749 node=N9580 type=observe q_pred_context=0.979007 sequence=1309.656381
[plan iscas99__b17] [plan] step=750 node=N20089 type=observe q_pred_context=1.468798 sequence=1311.125179
[plan iscas99__b17] [plan] step=751 node=N19709 type=observe q_pred_context=2.575020 sequence=1313.700199
[plan iscas99__b17] [plan] step=752 node=N24017 type=observe q_pred_context=1.690854 sequence=1315.391053
[plan iscas99__b17] [plan] step=753 node=N25536 type=observe q_pred_context=1.743095 sequence=1317.134148
[plan iscas99__b17] [plan] step=754 node=N19882 type=observe q_pred_context=2.032363 sequence=1319.166512
[plan iscas99__b17] [plan] step=755 node=N21670 type=observe q_pred_context=0.982866 sequence=1320.149378
[plan iscas99__b17] [plan] step=756 node=N21688 type=observe q_pred_context=1.557115 sequence=1321.706492
[plan iscas99__b17] [plan] step=757 node=N8018 type=observe q_pred_context=0.542933 sequence=1322.249425
[plan iscas99__b17] [plan] step=758 node=N28075 type=observe q_pred_context=1.098744 sequence=1323.348169
[plan iscas99__b17] [plan] step=759 node=N26098 type=observe q_pred_context=0.888726 sequence=1324.236895
[plan iscas99__b17] [plan] step=760 node=N24389 type=observe q_pred_context=1.413253 sequence=1325.650148
[plan iscas99__b17] [plan] step=761 node=N3570 type=observe q_pred_context=1.087754 sequence=1326.737902
[plan iscas99__b17] [plan] step=762 node=N26616 type=observe q_pred_context=0.923076 sequence=1327.660978
[plan iscas99__b17] [plan] step=763 node=N3542 type=observe q_pred_context=0.901754 sequence=1328.562733
[plan iscas99__b17] [plan] step=764 node=N9584 type=observe q_pred_context=1.096161 sequence=1329.658894
[plan iscas99__b17] [plan] step=765 node=N13919 type=control1 q_pred_context=0.163023 sequence=1329.821917
[plan iscas99__b17] [plan] step=766 node=N24385 type=observe q_pred_context=1.390150 sequence=1331.212067
[plan iscas99__b17] [plan] step=767 node=N3930 type=control1 q_pred_context=0.856302 sequence=1332.068369
[plan iscas99__b17] [plan] step=768 node=N28024 type=observe q_pred_context=1.067302 sequence=1333.135672
[plan iscas99__b17] [plan] step=769 node=N24019 type=observe q_pred_context=1.849466 sequence=1334.985138
[plan iscas99__b17] [plan] step=770 node=N25538 type=observe q_pred_context=1.026198 sequence=1336.011336
[plan iscas99__b17] [plan] step=771 node=N19522 type=observe q_pred_context=1.179986 sequence=1337.191322
[plan iscas99__b17] [plan] step=772 node=N24015 type=observe q_pred_context=1.525435 sequence=1338.716757
[plan iscas99__b17] [plan] step=773 node=N19884 type=observe q_pred_context=0.603222 sequence=1339.319979
[plan iscas99__b17] [plan] step=774 node=N8017 type=observe q_pred_context=0.196051 sequence=1339.516030
[plan iscas99__b17] [plan] step=775 node=N3442 type=observe q_pred_context=1.038412 sequence=1340.554442
[plan iscas99__b17] [plan] step=776 node=N24391 type=observe q_pred_context=2.039324 sequence=1342.593766
[plan iscas99__b17] [plan] step=777 node=N3455 type=observe q_pred_context=0.790268 sequence=1343.384034
[plan iscas99__b17] [plan] step=778 node=N3560 type=observe q_pred_context=0.947446 sequence=1344.331479
[plan iscas99__b17] [plan] step=779 node=N9587 type=observe q_pred_context=1.031724 sequence=1345.363203
[plan iscas99__b17] [plan] step=780 node=N25540 type=observe q_pred_context=1.466602 sequence=1346.829805
[plan iscas99__b17] [plan] step=781 node=N24021 type=observe q_pred_context=2.145413 sequence=1348.975218
[plan iscas99__b17] [plan] step=782 node=N19708 type=observe q_pred_context=2.088877 sequence=1351.064095
[plan iscas99__b17] [plan] step=783 node=N19886 type=observe q_pred_context=1.647086 sequence=1352.711181
[plan iscas99__b17] [plan] step=784 node=N24393 type=observe q_pred_context=3.008397 sequence=1355.719578
[plan iscas99__b17] [plan] step=785 node=N7605 type=observe q_pred_context=2.334415 sequence=1358.053993
[plan iscas99__b17] [plan] step=786 node=N24023 type=observe q_pred_context=1.215625 sequence=1359.269618
[plan iscas99__b17] [plan] step=787 node=N25542 type=observe q_pred_context=3.331419 sequence=1362.601038
[plan iscas99__b17] [plan] step=788 node=N19521 type=observe q_pred_context=1.884430 sequence=1364.485468
[plan iscas99__b17] [plan] step=789 node=N19888 type=observe q_pred_context=2.142302 sequence=1366.627770
[plan iscas99__b17] [plan] step=790 node=N3405 type=observe q_pred_context=0.731805 sequence=1367.359575
[plan iscas99__b17] [plan] step=791 node=N26612 type=observe q_pred_context=0.847454 sequence=1368.207029
[plan iscas99__b17] [plan] step=792 node=N24395 type=observe q_pred_context=1.092263 sequence=1369.299293
[plan iscas99__b17] [plan] step=793 node=N7416 type=observe q_pred_context=1.866318 sequence=1371.165611
[plan iscas99__b17] [plan] step=794 node=N28357 type=observe q_pred_context=1.469280 sequence=1372.634890
[plan iscas99__b17] [plan] step=795 node=N12581 type=observe q_pred_context=1.611313 sequence=1374.246204
[plan iscas99__b17] [plan] step=796 node=N7285 type=observe q_pred_context=1.792703 sequence=1376.038907
[plan iscas99__b17] [plan] step=797 node=N9639 type=observe q_pred_context=1.855644 sequence=1377.894550
[plan iscas99__b17] [plan] step=798 node=N3882 type=observe q_pred_context=1.375633 sequence=1379.270183
[plan iscas99__b17] [plan] step=799 node=N12243 type=observe q_pred_context=1.271758 sequence=1380.541941
[plan iscas99__b17] [plan] step=800 node=N3885 type=observe q_pred_context=1.723341 sequence=1382.265282
[plan iscas99__b17] [plan] step=801 node=N12335 type=observe q_pred_context=1.562954 sequence=1383.828236
[plan iscas99__b17] [plan] step=802 node=N3533 type=observe q_pred_context=0.934268 sequence=1384.762504
[plan iscas99__b17] [plan] step=803 node=N2696 type=observe q_pred_context=1.227808 sequence=1385.990312
[plan iscas99__b17] [plan] step=804 node=N3894 type=observe q_pred_context=1.701289 sequence=1387.691601
[plan iscas99__b17] [plan] step=805 node=N15158 type=observe q_pred_context=0.765474 sequence=1388.457075
[plan iscas99__b17] [plan] step=806 node=N3901 type=observe q_pred_context=1.241368 sequence=1389.698443
[plan iscas99__b17] [plan] step=807 node=N3319 type=observe q_pred_context=0.802916 sequence=1390.501359
[plan iscas99__b17] [plan] step=808 node=N12339 type=observe q_pred_context=1.130943 sequence=1391.632303
[plan iscas99__b17] [plan] step=809 node=N3897 type=observe q_pred_context=1.314938 sequence=1392.947240
[plan iscas99__b17] [plan] step=810 node=N10955 type=observe q_pred_context=1.280198 sequence=1394.227439
[plan iscas99__b17] [plan] step=811 node=N3898 type=observe q_pred_context=1.173290 sequence=1395.400729
[plan iscas99__b17] [plan] step=812 node=N19834 type=observe q_pred_context=1.270032 sequence=1396.670760
[plan iscas99__b17] [plan] step=813 node=N25544 type=observe q_pred_context=1.025068 sequence=1397.695828
[plan iscas99__b17] [plan] step=814 node=N24025 type=observe q_pred_context=1.720916 sequence=1399.416745
[plan iscas99__b17] [plan] step=815 node=N2698 type=observe q_pred_context=2.090433 sequence=1401.507177
[plan iscas99__b17] [plan] step=816 node=N19890 type=observe q_pred_context=3.677362 sequence=1405.184539
[plan iscas99__b17] [plan] step=817 node=N2693 type=observe q_pred_context=2.666119 sequence=1407.850658
[plan iscas99__b17] [plan] step=818 node=N25580 type=observe q_pred_context=3.196780 sequence=1411.047437
[plan iscas99__b17] [plan] step=819 node=N25568 type=observe q_pred_context=3.146423 sequence=1414.193860
[plan iscas99__b17] [plan] step=820 node=N25554 type=observe q_pred_context=3.154169 sequence=1417.348029
[plan iscas99__b17] [plan] step=821 node=N24397 type=observe q_pred_context=3.255542 sequence=1420.603570
[plan iscas99__b17] [plan] step=822 node=N19842 type=observe q_pred_context=4.037485 sequence=1424.641055
[plan iscas99__b17] [plan] step=823 node=N25586 type=observe q_pred_context=3.325331 sequence=1427.966387
[plan iscas99__b17] [plan] step=824 node=N25556 type=observe q_pred_context=2.079805 sequence=1430.046192
[plan iscas99__b17] [plan] step=825 node=N25560 type=observe q_pred_context=2.224101 sequence=1432.270292
[plan iscas99__b17] [plan] step=826 node=N25570 type=observe q_pred_context=2.549328 sequence=1434.819621
[plan iscas99__b17] [plan] step=827 node=N25572 type=observe q_pred_context=2.793650 sequence=1437.613271
[plan iscas99__b17] [plan] step=828 node=N25582 type=observe q_pred_context=2.479143 sequence=1440.092413
[plan iscas99__b17] [plan] step=829 node=N24407 type=observe q_pred_context=2.180930 sequence=1442.273343
[plan iscas99__b17] [plan] step=830 node=N24433 type=observe q_pred_context=2.657084 sequence=1444.930427
[plan iscas99__b17] [plan] step=831 node=N25564 type=observe q_pred_context=2.242921 sequence=1447.173348
[plan iscas99__b17] [plan] step=832 node=N24421 type=observe q_pred_context=2.850923 sequence=1450.024271
[plan iscas99__b17] [plan] step=833 node=N2256 type=observe q_pred_context=2.332958 sequence=1452.357229
[plan iscas99__b17] [plan] step=834 node=N19520 type=observe q_pred_context=2.230487 sequence=1454.587716
[plan iscas99__b17] [plan] step=835 node=N24027 type=observe q_pred_context=1.544821 sequence=1456.132536
[plan iscas99__b17] [plan] step=836 node=N25547 type=observe q_pred_context=2.056467 sequence=1458.189003
[plan iscas99__b17] [plan] step=837 node=N25550 type=observe q_pred_context=2.290841 sequence=1460.479844
[plan iscas99__b17] [plan] step=838 node=N25558 type=observe q_pred_context=2.250640 sequence=1462.730485
[plan iscas99__b17] [plan] step=839 node=N25562 type=observe q_pred_context=2.109311 sequence=1464.839795
[plan iscas99__b17] [plan] step=840 node=N25574 type=observe q_pred_context=2.019780 sequence=1466.859575
[plan iscas99__b17] [plan] step=841 node=N25576 type=observe q_pred_context=1.773395 sequence=1468.632970
[plan iscas99__b17] [plan] step=842 node=N24439 type=observe q_pred_context=2.087290 sequence=1470.720260
[plan iscas99__b17] [plan] step=843 node=N25584 type=observe q_pred_context=1.919086 sequence=1472.639346
[plan iscas99__b17] [plan] step=844 node=N7640 type=observe q_pred_context=1.564584 sequence=1474.203929
[plan iscas99__b17] [plan] step=845 node=N15567 type=observe q_pred_context=1.253538 sequence=1475.457467
[plan iscas99__b17] [plan] step=846 node=N24423 type=observe q_pred_context=1.159079 sequence=1476.616546
[plan iscas99__b17] [plan] step=847 node=N24425 type=observe q_pred_context=1.308744 sequence=1477.925290
[plan iscas99__b17] [plan] step=848 node=N24435 type=observe q_pred_context=1.697344 sequence=1479.622634
[plan iscas99__b17] [plan] step=849 node=N24413 type=observe q_pred_context=1.301296 sequence=1480.923930
[plan iscas99__b17] [plan] step=850 node=N24409 type=observe q_pred_context=1.544611 sequence=1482.468541
[plan iscas99__b17] [plan] step=851 node=N24417 type=observe q_pred_context=1.625579 sequence=1484.094120
[plan iscas99__b17] [plan] step=852 node=N19892 type=observe q_pred_context=1.659080 sequence=1485.753200
[plan iscas99__b17] [plan] step=853 node=N22385 type=control0 q_pred_context=0.453585 sequence=1486.206785
[plan iscas99__b17] [plan] step=854 node=N13901 type=control1 q_pred_context=0.346084 sequence=1486.552869
[plan iscas99__b17] [plan] step=855 node=N16360 type=control1 q_pred_context=0.714666 sequence=1487.267535
[plan iscas99__b17] [plan] step=856 node=N22388 type=control0 q_pred_context=0.354683 sequence=1487.622219
[plan iscas99__b17] [plan] step=857 node=N27489 type=control0 q_pred_context=1.272114 sequence=1488.894333
[plan iscas99__b17] [plan] step=858 node=N27345 type=control1 q_pred_context=0.587252 sequence=1489.481585
[plan iscas99__b17] [plan] step=859 node=N22477 type=control0 q_pred_context=0.366086 sequence=1489.847671
[plan iscas99__b17] [plan] step=860 node=N27599 type=control0 q_pred_context=1.155295 sequence=1491.002967
[plan iscas99__b17] [plan] step=861 node=N26261 type=control0 q_pred_context=1.031998 sequence=1492.034965
[plan iscas99__b17] [plan] step=862 node=N29687 type=control0 q_pred_context=1.079675 sequence=1493.114640
[plan iscas99__b17] [plan] step=863 node=N31125 type=control0 q_pred_context=1.397079 sequence=1494.511719
[plan iscas99__b17] [plan] step=864 node=N13771 type=observe q_pred_context=0.834381 sequence=1495.346100
[plan iscas99__b17] [plan] step=865 node=N22392 type=control0 q_pred_context=0.894465 sequence=1496.240564
[plan iscas99__b17] [plan] step=866 node=N26266 type=control0 q_pred_context=1.305545 sequence=1497.546109
[plan iscas99__b17] [plan] step=867 node=N26275 type=control0 q_pred_context=1.251942 sequence=1498.798051
[plan iscas99__b17] [plan] step=868 node=N26678 type=control0 q_pred_context=1.013450 sequence=1499.811500
[plan iscas99__b17] [plan] step=869 node=N27488 type=control0 q_pred_context=0.885145 sequence=1500.696646
[plan iscas99__b17] [plan] step=870 node=N29427 type=control0 q_pred_context=0.567574 sequence=1501.264220
[plan iscas99__b17] [plan] step=871 node=N26175 type=control0 q_pred_context=0.892961 sequence=1502.157180
[plan iscas99__b17] [plan] step=872 node=N27601 type=control0 q_pred_context=0.894557 sequence=1503.051738
[plan iscas99__b17] [plan] step=873 node=N18172 type=control0 q_pred_context=0.912880 sequence=1503.964617
[plan iscas99__b17] [plan] step=874 node=N29528 type=control0 q_pred_context=0.403911 sequence=1504.368528
[plan iscas99__b17] [plan] step=875 node=N26060 type=control0 q_pred_context=0.383817 sequence=1504.752345
[plan iscas99__b17] [plan] step=876 node=N27894 type=control0 q_pred_context=0.771139 sequence=1505.523483
[plan iscas99__b17] [plan] step=877 node=N26057 type=control0 q_pred_context=0.268700 sequence=1505.792183
[plan iscas99__b17] [plan] step=878 node=N13824 type=observe q_pred_context=0.480034 sequence=1506.272217
[plan iscas99__b17] [plan] step=879 node=N13930 type=control1 q_pred_context=0.437566 sequence=1506.709783
[plan iscas99__b17] [plan] step=880 node=N3777 type=observe q_pred_context=0.373967 sequence=1507.083749
[plan iscas99__b17] [plan] step=881 node=N3832 type=observe q_pred_context=0.740801 sequence=1507.824550
[plan iscas99__b17] [plan] step=882 node=N24403 type=observe q_pred_context=0.742105 sequence=1508.566655
[plan iscas99__b17] [plan] step=883 node=N24400 type=observe q_pred_context=0.742562 sequence=1509.309217
[plan iscas99__b17] [plan] step=884 node=N3854 type=observe q_pred_context=0.758777 sequence=1510.067994
[plan iscas99__b17] [plan] step=885 node=N3821 type=observe q_pred_context=0.772383 sequence=1510.840377
[plan iscas99__b17] [plan] step=886 node=N24037 type=observe q_pred_context=0.753279 sequence=1511.593656
[plan iscas99__b17] [plan] step=887 node=N24051 type=observe q_pred_context=0.771982 sequence=1512.365637
[plan iscas99__b17] [plan] step=888 node=N24063 type=observe q_pred_context=1.031858 sequence=1513.397495
[plan iscas99__b17] [plan] step=889 node=N24427 type=observe q_pred_context=0.763087 sequence=1514.160582
[plan iscas99__b17] [plan] step=890 node=N24437 type=observe q_pred_context=0.974559 sequence=1515.135141
[plan iscas99__b17] [plan] step=891 node=N24429 type=observe q_pred_context=1.033898 sequence=1516.169038
[plan iscas99__b17] [plan] step=892 node=N3817 type=observe q_pred_context=0.761171 sequence=1516.930209
[plan iscas99__b17] [plan] step=893 node=N24069 type=observe q_pred_context=0.946068 sequence=1517.876277
[plan iscas99__b17] [plan] step=894 node=N24415 type=observe q_pred_context=0.698500 sequence=1518.574778
[plan iscas99__b17] [plan] step=895 node=N3907 type=observe q_pred_context=0.852487 sequence=1519.427265
[plan iscas99__b17] [plan] step=896 node=N25588 type=observe q_pred_context=0.744726 sequence=1520.171990
[plan iscas99__b17] [plan] step=897 node=N3829 type=observe q_pred_context=0.724088 sequence=1520.896078
[plan iscas99__b17] [plan] step=898 node=N24043 type=observe q_pred_context=0.693659 sequence=1521.589737
[plan iscas99__b17] [plan] step=899 node=N24411 type=observe q_pred_context=0.706448 sequence=1522.296185
[plan iscas99__b17] [plan] step=900 node=N24039 type=observe q_pred_context=0.692645 sequence=1522.988830
[plan iscas99__b17] [plan] step=901 node=N24065 type=observe q_pred_context=0.802933 sequence=1523.791763
[plan iscas99__b17] [plan] step=902 node=N24055 type=observe q_pred_context=0.597491 sequence=1524.389254
[plan iscas99__b17] [plan] step=903 node=N19916 type=observe q_pred_context=0.651260 sequence=1525.040515
[plan iscas99__b17] [plan] step=904 node=N19902 type=observe q_pred_context=0.654531 sequence=1525.695046
[plan iscas99__b17] [plan] step=905 node=N19934 type=observe q_pred_context=0.773913 sequence=1526.468959
[plan iscas99__b17] [plan] step=906 node=N25566 type=observe q_pred_context=0.573678 sequence=1527.042638
[plan iscas99__b17] [plan] step=907 node=N24047 type=observe q_pred_context=0.634530 sequence=1527.677167
[plan iscas99__b17] [plan] step=908 node=N3845 type=observe q_pred_context=0.703219 sequence=1528.380387
[plan iscas99__b17] [plan] step=909 node=N24041 type=observe q_pred_context=0.612738 sequence=1528.993124
[plan iscas99__b17] [plan] step=910 node=N24030 type=observe q_pred_context=0.663946 sequence=1529.657070
[plan iscas99__b17] [plan] step=911 node=N24441 type=observe q_pred_context=0.811894 sequence=1530.468964
[plan iscas99__b17] [plan] step=912 node=N19928 type=observe q_pred_context=0.600583 sequence=1531.069546
[plan iscas99__b17] [plan] step=913 node=N19908 type=observe q_pred_context=0.661738 sequence=1531.731284
[plan iscas99__b17] [plan] step=914 node=N25578 type=observe q_pred_context=0.675346 sequence=1532.406630
[plan iscas99__b17] [plan] step=915 node=N24053 type=observe q_pred_context=0.692209 sequence=1533.098839
[plan iscas99__b17] [plan] step=916 node=N25552 type=observe q_pred_context=0.705050 sequence=1533.803889
[plan iscas99__b17] [plan] step=917 node=N19904 type=observe q_pred_context=0.727082 sequence=1534.530971
[plan iscas99__b17] [plan] step=918 node=N24067 type=observe q_pred_context=0.872356 sequence=1535.403326
[plan iscas99__b17] [plan] step=919 node=N24059 type=observe q_pred_context=0.637846 sequence=1536.041173
[plan iscas99__b17] [plan] step=920 node=N24045 type=observe q_pred_context=0.694537 sequence=1536.735710
[plan iscas99__b17] [plan] step=921 node=N19930 type=observe q_pred_context=0.715793 sequence=1537.451503
[plan iscas99__b17] [plan] step=922 node=N19918 type=observe q_pred_context=0.733242 sequence=1538.184745
[plan iscas99__b17] [plan] step=923 node=N24033 type=observe q_pred_context=0.766654 sequence=1538.951400
[plan iscas99__b17] [plan] step=924 node=N25548 type=observe q_pred_context=0.788088 sequence=1539.739488
[plan iscas99__b17] [plan] step=925 node=N9712 type=observe q_pred_context=0.810884 sequence=1540.550372
[plan iscas99__b17] [plan] step=926 node=N19912 type=observe q_pred_context=0.697546 sequence=1541.247918
[plan iscas99__b17] [plan] step=927 node=N24057 type=observe q_pred_context=0.708007 sequence=1541.955925
[plan iscas99__b17] [plan] step=928 node=N19924 type=observe q_pred_context=0.727161 sequence=1542.683086
[plan iscas99__b17] [plan] step=929 node=N19895 type=observe q_pred_context=0.738009 sequence=1543.421096
[plan iscas99__b17] [plan] step=930 node=N19898 type=observe q_pred_context=0.750517 sequence=1544.171613
[plan iscas99__b17] [plan] step=931 node=N7876 type=observe q_pred_context=0.804818 sequence=1544.976431
[plan iscas99__b17] [plan] step=932 node=N24419 type=observe q_pred_context=0.713842 sequence=1545.690273
[plan iscas99__b17] [plan] step=933 node=N19920 type=observe q_pred_context=0.716375 sequence=1546.406648
[plan iscas99__b17] [plan] step=934 node=N19906 type=observe q_pred_context=0.720577 sequence=1547.127225
[plan iscas99__b17] [plan] step=935 node=N19932 type=observe q_pred_context=0.891167 sequence=1548.018392
[plan iscas99__b17] [plan] step=936 node=N7944 type=observe q_pred_context=0.663342 sequence=1548.681734
[plan iscas99__b17] [plan] step=937 node=N26140 type=observe q_pred_context=0.736487 sequence=1549.418221
[plan iscas99__b17] [plan] step=938 node=N19910 type=observe q_pred_context=0.600270 sequence=1550.018491
[plan iscas99__b17] [plan] step=939 node=N3793 type=observe q_pred_context=0.765081 sequence=1550.783572
[plan iscas99__b17] [plan] step=940 node=N19922 type=observe q_pred_context=0.665831 sequence=1551.449403
[plan iscas99__b17] [plan] step=941 node=N26169 type=observe q_pred_context=0.677015 sequence=1552.126417
[plan iscas99__b17] [plan] step=942 node=N26171 type=observe q_pred_context=0.643539 sequence=1552.769956
[plan iscas99__b17] [plan] step=943 node=N26144 type=observe q_pred_context=0.697392 sequence=1553.467348
[plan iscas99__b17] [plan] step=944 node=N26011 type=control0 q_pred_context=0.528701 sequence=1553.996049
[plan iscas99__b17] [plan] step=945 node=N28849 type=control0 q_pred_context=1.044054 sequence=1555.040103
[plan iscas99__b17] [plan] step=946 node=N28807 type=control0 q_pred_context=1.069778 sequence=1556.109881
[plan iscas99__b17] [plan] step=947 node=N26188 type=observe q_pred_context=0.581651 sequence=1556.691532
[plan iscas99__b17] [plan] step=948 node=N3794 type=observe q_pred_context=0.653839 sequence=1557.345371
[plan iscas99__b17] [plan] step=949 node=N26176 type=observe q_pred_context=0.598108 sequence=1557.943480
[plan iscas99__b17] [plan] step=950 node=N26178 type=observe q_pred_context=0.597859 sequence=1558.541339
[plan iscas99__b17] [plan] step=951 node=N26167 type=observe q_pred_context=0.610781 sequence=1559.152119
[plan iscas99__b17] [plan] step=952 node=N26142 type=observe q_pred_context=0.658497 sequence=1559.810616
[plan iscas99__b17] [plan] step=953 node=N13818 type=observe q_pred_context=0.530639 sequence=1560.341256
[plan iscas99__b17] [plan] step=954 node=N26184 type=observe q_pred_context=0.817346 sequence=1561.158602
[plan iscas99__b17] [plan] step=955 node=N8903 type=observe q_pred_context=0.899535 sequence=1562.058137
[plan iscas99__b17] [plan] step=956 node=N3805 type=observe q_pred_context=0.775323 sequence=1562.833460
[plan iscas99__b17] [plan] step=957 node=N22049 type=observe q_pred_context=0.806328 sequence=1563.639788
[plan iscas99__b17] [plan] step=958 node=N9624 type=observe q_pred_context=0.788982 sequence=1564.428770
[plan iscas99__b17] [plan] step=959 node=N10957 type=observe q_pred_context=0.708120 sequence=1565.136890
[plan iscas99__b17] [plan] step=960 node=N7432 type=observe q_pred_context=0.681772 sequence=1565.818662
[plan iscas99__b17] [plan] step=961 node=N12547 type=observe q_pred_context=0.675004 sequence=1566.493666
[plan iscas99__b17] [plan] step=962 node=N26158 type=observe q_pred_context=0.677731 sequence=1567.171397
[plan iscas99__b17] [plan] step=963 node=N12275 type=observe q_pred_context=0.667119 sequence=1567.838516
[plan iscas99__b17] [plan] step=964 node=N22042 type=observe q_pred_context=0.850928 sequence=1568.689444
[plan iscas99__b17] [plan] step=965 node=N9645 type=observe q_pred_context=0.769371 sequence=1569.458816
[plan iscas99__b17] [plan] step=966 node=N19378 type=observe q_pred_context=0.691172 sequence=1570.149988
[plan iscas99__b17] [plan] step=967 node=N26162 type=observe q_pred_context=0.649141 sequence=1570.799129
[plan iscas99__b17] [plan] step=968 node=N19380 type=observe q_pred_context=0.658620 sequence=1571.457749
[plan iscas99__b17] [plan] step=969 node=N19375 type=observe q_pred_context=0.585866 sequence=1572.043615
[plan iscas99__b17] [plan] step=970 node=N7381 type=observe q_pred_context=0.504157 sequence=1572.547771
[plan iscas99__b17] [plan] step=971 node=N19382 type=observe q_pred_context=0.548984 sequence=1573.096755
[plan iscas99__b17] [plan] step=972 node=N19374 type=observe q_pred_context=0.541966 sequence=1573.638721
[plan iscas99__b17] [plan] step=973 node=N19383 type=observe q_pred_context=0.568651 sequence=1574.207371
[plan iscas99__b17] [plan] step=974 node=N14772 type=control0 q_pred_context=0.475993 sequence=1574.683364
[plan iscas99__b17] [plan] step=975 node=N12255 type=observe q_pred_context=0.510357 sequence=1575.193721
[plan iscas99__b17] [plan] step=976 node=N12166 type=observe q_pred_context=0.641627 sequence=1575.835348
[plan iscas99__b17] [plan] step=977 node=N21846 type=observe q_pred_context=0.609204 sequence=1576.444552
[plan iscas99__b17] [plan] step=978 node=N5157 type=observe q_pred_context=0.602905 sequence=1577.047458
[plan iscas99__b17] [plan] step=979 node=N19372 type=observe q_pred_context=0.689225 sequence=1577.736683
[plan iscas99__b17] [plan] step=980 node=N26152 type=observe q_pred_context=0.768305 sequence=1578.504988
[plan iscas99__b17] [plan] step=981 node=N12404 type=observe q_pred_context=0.616567 sequence=1579.121554
[plan iscas99__b17] [plan] step=982 node=N3686 type=observe q_pred_context=0.735659 sequence=1579.857213
[plan iscas99__b17] [plan] step=983 node=N9634 type=observe q_pred_context=0.699447 sequence=1580.556660
[plan iscas99__b17] [plan] step=984 node=N26148 type=observe q_pred_context=0.674482 sequence=1581.231142
[plan iscas99__b17] [plan] step=985 node=N19390 type=observe q_pred_context=0.691234 sequence=1581.922376
[plan iscas99__b17] [plan] step=986 node=N26146 type=observe q_pred_context=0.616084 sequence=1582.538460
[plan iscas99__b17] [plan] step=987 node=N26150 type=observe q_pred_context=0.590577 sequence=1583.129037
[plan iscas99__b17] [plan] step=988 node=N26196 type=observe q_pred_context=0.568602 sequence=1583.697639
[plan iscas99__b17] [plan] step=989 node=N27219 type=observe q_pred_context=0.631247 sequence=1584.328886
[plan iscas99__b17] [plan] step=990 node=N7537 type=observe q_pred_context=0.654391 sequence=1584.983277
[plan iscas99__b17] [plan] step=991 node=N26302 type=observe q_pred_context=0.710361 sequence=1585.693638
[plan iscas99__b17] [plan] step=992 node=N26192 type=observe q_pred_context=0.631034 sequence=1586.324672
[plan iscas99__b17] [plan] step=993 node=N26271 type=observe q_pred_context=0.638050 sequence=1586.962723
[plan iscas99__b17] [plan] step=994 node=N9949 type=observe q_pred_context=0.845498 sequence=1587.808220
[plan iscas99__b17] saved=autoresearch/improve-260716-1344/round4_b17/context_cluster_c96_prior/plans/iscas99__b17__greedy__cumulative__q_pred_context__bw1__d1__c96__g1p0__candhard_fault_cluster__div0p0__s0.csv
[gmean] 2026-07-17T02:38:31 [1/1] plan_done benchmark=iscas99__b17 plan_sec=1800.26 plan_csv=autoresearch/improve-260716-1344/round4_b17/context_cluster_c96_prior/plans/iscas99__b17__greedy__cumulative__q_pred_context__bw1__d1__c96__g1p0__candhard_fault_cluster__div0p0__s0.csv
[gmean] 2026-07-17T02:38:31 [1/1] eval_start benchmark=iscas99__b17 backend=atalanta-bist patterns=300000
[eval iscas99__b17] {
[eval iscas99__b17]   "records": 2,
[eval iscas99__b17]   "labels_csv": "autoresearch/improve-260716-1344/round4_b17/context_cluster_c96_prior/evals/iscas99__b17__greedy__cumulative__q_pred_context__bw1__d1__c96__g1p0__candhard_fault_cluster__div0p0__s0/labels.csv",
[eval iscas99__b17]   "summary_json": "autoresearch/improve-260716-1344/round4_b17/context_cluster_c96_prior/evals/iscas99__b17__greedy__cumulative__q_pred_context__bw1__d1__c96__g1p0__candhard_fault_cluster__div0p0__s0/summary.json"
[eval iscas99__b17] }
[gmean] 2026-07-17T02:39:36 [1/1] eval_done benchmark=iscas99__b17 delta_tc=0.0505199999999999 plan_sec=1800.26 eval_sec=65.502 total_sec=1865.804
[gmean] 2026-07-17T02:39:36 variant_done id=greedy__cumulative__q_pred_context__bw1__d1__c96__g1p0__candhard_fault_cluster__div0p0__s0 status=ok macro=0.0505199999999999 positives=1 negatives=0 elapsed=1865.805
