[b15-select/frozen_long] [gmean] 2026-07-20T14:31:34 out_dir=autoresearch/loop-260720-0945/model_training_round1/b15_selection/frozen_long
[b15-select/frozen_long] [gmean] 2026-07-20T14:31:34 budgets=iscas99__b15_1:278
[b15-select/frozen_long] [gmean] 2026-07-20T14:31:34 variant_start id=greedy__cumulative__typed_marginal_pred__bw1__d1__c48__g1p0__candhard_fault_cluster__div0p0__s0
[b15-select/frozen_long] [gmean] 2026-07-20T14:31:34 [1/1] plan_start benchmark=iscas99__b15_1 budget=278 planner=greedy score=typed_marginal_pred
[b15-select/frozen_long] [plan iscas99__b15_1] [plan] torch_deterministic=true
[b15-select/frozen_long] [plan iscas99__b15_1] [plan] candidate_allowlist=autoresearch/original-netlist-recovery-260712/exact_itc99/b15_C/exact_candidate_nodes.txt nodes=7918
[b15-select/frozen_long] [plan iscas99__b15_1] [plan] latent_norm_clip_ratio=4 latent_norm_limit=30.875631
[b15-select/frozen_long] [plan iscas99__b15_1] [plan] step=1 node=N762 type=control1 typed_marginal_pred=0.730398 sequence=0.730398
[b15-select/frozen_long] [plan iscas99__b15_1] [plan] step=2 node=N502 type=control1 typed_marginal_pred=0.776258 sequence=1.506656
[b15-select/frozen_long] [plan iscas99__b15_1] [plan] step=3 node=N662 type=control1 typed_marginal_pred=0.853688 sequence=2.360344
[b15-select/frozen_long] [plan iscas99__b15_1] [plan] step=4 node=N587 type=control1 typed_marginal_pred=0.936403 sequence=3.296747
[b15-select/frozen_long] [plan iscas99__b15_1] [plan] step=5 node=N893 type=control1 typed_marginal_pred=0.949558 sequence=4.246305
[b15-select/frozen_long] [plan iscas99__b15_1] [plan] step=6 node=N5203 type=control1 typed_marginal_pred=0.884808 sequence=5.131114
[b15-select/frozen_long] [plan iscas99__b15_1] [plan] step=7 node=N5876 type=observe typed_marginal_pred=0.773673 sequence=5.904786
[b15-select/frozen_long] [plan iscas99__b15_1] [plan] step=8 node=N724 type=observe typed_marginal_pred=0.944066 sequence=6.848853
[b15-select/frozen_long] [plan iscas99__b15_1] [plan] step=9 node=N564 type=control1 typed_marginal_pred=0.832263 sequence=7.681115
[b15-select/frozen_long] [plan iscas99__b15_1] [plan] step=10 node=N5605 type=control1 typed_marginal_pred=0.781711 sequence=8.462826
[b15-select/frozen_long] [plan iscas99__b15_1] [plan] step=11 node=N1853 type=observe typed_marginal_pred=0.796018 sequence=9.258844
[b15-select/frozen_long] [plan iscas99__b15_1] [plan] step=12 node=N3644 type=control0 typed_marginal_pred=0.737579 sequence=9.996423
[b15-select/frozen_long] [plan iscas99__b15_1] [plan] step=13 node=N5723 type=control0 typed_marginal_pred=0.687620 sequence=10.684043
[b15-select/frozen_long] [plan iscas99__b15_1] [plan] step=14 node=N2153 type=observe typed_marginal_pred=0.697393 sequence=11.381436
[b15-select/frozen_long] [plan iscas99__b15_1] [plan] step=15 node=N3701 type=control0 typed_marginal_pred=0.702741 sequence=12.084176
[b15-select/frozen_long] [plan iscas99__b15_1] [plan] step=16 node=N3889 type=control0 typed_marginal_pred=0.674721 sequence=12.758897
[b15-select/frozen_long] [plan iscas99__b15_1] [plan] step=17 node=N7536 type=observe typed_marginal_pred=0.679224 sequence=13.438121
[b15-select/frozen_long] [plan iscas99__b15_1] [plan] step=18 node=N2314 type=control1 typed_marginal_pred=0.756678 sequence=14.194799
[b15-select/frozen_long] [plan iscas99__b15_1] [plan] step=19 node=N1860 type=observe typed_marginal_pred=0.753744 sequence=14.948543
[b15-select/frozen_long] [plan iscas99__b15_1] [plan] step=20 node=N3911 type=control0 typed_marginal_pred=0.746541 sequence=15.695085
[b15-select/frozen_long] [plan iscas99__b15_1] [plan] step=21 node=N3904 type=control0 typed_marginal_pred=0.741380 sequence=16.436465
[b15-select/frozen_long] [plan iscas99__b15_1] [plan] step=22 node=N3897 type=control0 typed_marginal_pred=0.758895 sequence=17.195360
[b15-select/frozen_long] [plan iscas99__b15_1] [plan] step=23 node=N1879 type=observe typed_marginal_pred=0.783681 sequence=17.979042
[b15-select/frozen_long] [plan iscas99__b15_1] [plan] step=24 node=N3882 type=control0 typed_marginal_pred=0.839844 sequence=18.818886
[b15-select/frozen_long] [plan iscas99__b15_1] [plan] step=25 node=N4520 type=control0 typed_marginal_pred=0.864799 sequence=19.683685
[b15-select/frozen_long] [plan iscas99__b15_1] [plan] step=26 node=N3862 type=control0 typed_marginal_pred=0.863220 sequence=20.546905
[b15-select/frozen_long] [plan iscas99__b15_1] [plan] step=27 node=N3855 type=control0 typed_marginal_pred=0.856677 sequence=21.403582
[b15-select/frozen_long] [plan iscas99__b15_1] [plan] step=28 node=N4564 type=control0 typed_marginal_pred=0.835175 sequence=22.238757
[b15-select/frozen_long] [plan iscas99__b15_1] [plan] step=29 node=N3848 type=control0 typed_marginal_pred=0.834590 sequence=23.073347
[b15-select/frozen_long] [plan iscas99__b15_1] [plan] step=30 node=N4578 type=control0 typed_marginal_pred=0.815258 sequence=23.888605
[b15-select/frozen_long] [plan iscas99__b15_1] [plan] step=31 node=N3841 type=control0 typed_marginal_pred=0.790537 sequence=24.679142
[b15-select/frozen_long] [plan iscas99__b15_1] [plan] step=32 node=N4606 type=control0 typed_marginal_pred=0.778751 sequence=25.457893
[b15-select/frozen_long] [plan iscas99__b15_1] [plan] step=33 node=N3756 type=control0 typed_marginal_pred=0.756514 sequence=26.214407
[b15-select/frozen_long] [plan iscas99__b15_1] [plan] step=34 node=N4585 type=control0 typed_marginal_pred=0.744941 sequence=26.959347
[b15-select/frozen_long] [plan iscas99__b15_1] [plan] step=35 node=N4557 type=control0 typed_marginal_pred=0.737248 sequence=27.696595
[b15-select/frozen_long] [plan iscas99__b15_1] [plan] step=36 node=N4635 type=control0 typed_marginal_pred=0.745802 sequence=28.442397
[b15-select/frozen_long] [plan iscas99__b15_1] [plan] step=37 node=N582 type=control1 typed_marginal_pred=0.769593 sequence=29.211990
[b15-select/frozen_long] [plan iscas99__b15_1] [plan] step=38 node=N4649 type=control0 typed_marginal_pred=0.789130 sequence=30.001121
[b15-select/frozen_long] [plan iscas99__b15_1] [plan] step=39 node=N7511 type=control1 typed_marginal_pred=0.738374 sequence=30.739495
[b15-select/frozen_long] [plan iscas99__b15_1] [plan] step=40 node=N1598 type=observe typed_marginal_pred=0.737173 sequence=31.476667
[b15-select/frozen_long] [plan iscas99__b15_1] [plan] step=41 node=N761 type=control1 typed_marginal_pred=0.742075 sequence=32.218742
[b15-select/frozen_long] [plan iscas99__b15_1] [plan] step=42 node=N496 type=control1 typed_marginal_pred=0.707741 sequence=32.926483
[b15-select/frozen_long] [plan iscas99__b15_1] [plan] step=43 node=N580 type=control1 typed_marginal_pred=0.695616 sequence=33.622098
[b15-select/frozen_long] [plan iscas99__b15_1] [plan] step=44 node=N3827 type=control0 typed_marginal_pred=0.681695 sequence=34.303793
[b15-select/frozen_long] [plan iscas99__b15_1] [plan] step=45 node=N3820 type=control0 typed_marginal_pred=0.652626 sequence=34.956419
[b15-select/frozen_long] [plan iscas99__b15_1] [plan] step=46 node=N3813 type=control0 typed_marginal_pred=0.617492 sequence=35.573911
[b15-select/frozen_long] [plan iscas99__b15_1] [plan] step=47 node=N3785 type=control0 typed_marginal_pred=0.589386 sequence=36.163297
[b15-select/frozen_long] [plan iscas99__b15_1] [plan] step=48 node=N3805 type=control0 typed_marginal_pred=0.564793 sequence=36.728090
[b15-select/frozen_long] [plan iscas99__b15_1] [plan] step=49 node=N4628 type=control0 typed_marginal_pred=0.546910 sequence=37.275001
[b15-select/frozen_long] [plan iscas99__b15_1] [plan] step=50 node=N3799 type=control0 typed_marginal_pred=0.523943 sequence=37.798944
[b15-select/frozen_long] [plan iscas99__b15_1] [plan] step=51 node=N4621 type=control0 typed_marginal_pred=0.510113 sequence=38.309057
[b15-select/frozen_long] [plan iscas99__b15_1] [plan] step=52 node=N3792 type=control0 typed_marginal_pred=0.497095 sequence=38.806152
[b15-select/frozen_long] [plan iscas99__b15_1] [plan] step=53 node=N3742 type=control0 typed_marginal_pred=0.485568 sequence=39.291720
[b15-select/frozen_long] [plan iscas99__b15_1] [plan] step=54 node=N3722 type=control0 typed_marginal_pred=0.498236 sequence=39.789956
[b15-select/frozen_long] [plan iscas99__b15_1] [plan] step=55 node=N7526 type=control1 typed_marginal_pred=0.482490 sequence=40.272446
[b15-select/frozen_long] [plan iscas99__b15_1] [plan] step=56 node=N2075 type=observe typed_marginal_pred=0.603610 sequence=40.876055
[b15-select/frozen_long] [plan iscas99__b15_1] [plan] step=57 node=N2157 type=observe typed_marginal_pred=0.678286 sequence=41.554342
[b15-select/frozen_long] [plan iscas99__b15_1] [plan] step=58 node=N7388 type=observe typed_marginal_pred=0.704768 sequence=42.259110
[b15-select/frozen_long] [plan iscas99__b15_1] [plan] step=59 node=N2101 type=observe typed_marginal_pred=0.730449 sequence=42.989559
[b15-select/frozen_long] [plan iscas99__b15_1] [plan] step=60 node=N4712 type=control0 typed_marginal_pred=0.686335 sequence=43.675894
[b15-select/frozen_long] [plan iscas99__b15_1] [plan] step=61 node=N2008 type=observe typed_marginal_pred=0.559150 sequence=44.235045
[b15-select/frozen_long] [plan iscas99__b15_1] [plan] step=62 node=N7471 type=control0 typed_marginal_pred=0.522314 sequence=44.757359
[b15-select/frozen_long] [plan iscas99__b15_1] [plan] step=63 node=N5867 type=observe typed_marginal_pred=0.449351 sequence=45.206710
[b15-select/frozen_long] [plan iscas99__b15_1] [plan] step=64 node=N7587 type=control1 typed_marginal_pred=0.435430 sequence=45.642139
[b15-select/frozen_long] [plan iscas99__b15_1] [plan] step=65 node=N7411 type=control1 typed_marginal_pred=0.422463 sequence=46.064603
[b15-select/frozen_long] [plan iscas99__b15_1] [plan] step=66 node=N7724 type=control0 typed_marginal_pred=0.434215 sequence=46.498818
[b15-select/frozen_long] [plan iscas99__b15_1] [plan] step=67 node=N7451 type=control0 typed_marginal_pred=0.442754 sequence=46.941572
[b15-select/frozen_long] [plan iscas99__b15_1] [plan] step=68 node=N1688 type=observe typed_marginal_pred=0.510154 sequence=47.451726
[b15-select/frozen_long] [plan iscas99__b15_1] [plan] step=69 node=N2149 type=observe typed_marginal_pred=0.586530 sequence=48.038256
[b15-select/frozen_long] [plan iscas99__b15_1] [plan] step=70 node=N2102 type=observe typed_marginal_pred=0.634678 sequence=48.672934
[b15-select/frozen_long] [plan iscas99__b15_1] [plan] step=71 node=N4705 type=control0 typed_marginal_pred=0.547209 sequence=49.220143
[b15-select/frozen_long] [plan iscas99__b15_1] [plan] step=72 node=N752 type=observe typed_marginal_pred=0.595662 sequence=49.815805
[b15-select/frozen_long] [plan iscas99__b15_1] [plan] step=73 node=N4698 type=control0 typed_marginal_pred=0.541416 sequence=50.357221
[b15-select/frozen_long] [plan iscas99__b15_1] [plan] step=74 node=N3840 type=control0 typed_marginal_pred=0.534492 sequence=50.891713
[b15-select/frozen_long] [plan iscas99__b15_1] [plan] step=75 node=N4691 type=control0 typed_marginal_pred=0.444553 sequence=51.336266
[b15-select/frozen_long] [plan iscas99__b15_1] [plan] step=76 node=N3896 type=control0 typed_marginal_pred=0.472529 sequence=51.808794
[b15-select/frozen_long] [plan iscas99__b15_1] [plan] step=77 node=N3903 type=control0 typed_marginal_pred=0.456083 sequence=52.264878
[b15-select/frozen_long] [plan iscas99__b15_1] [plan] step=78 node=N7413 type=control1 typed_marginal_pred=0.392119 sequence=52.656997
[b15-select/frozen_long] [plan iscas99__b15_1] [plan] step=79 node=N7590 type=control1 typed_marginal_pred=0.362321 sequence=53.019318
[b15-select/frozen_long] [plan iscas99__b15_1] [plan] step=80 node=N7613 type=observe typed_marginal_pred=0.375272 sequence=53.394590
[b15-select/frozen_long] [plan iscas99__b15_1] [plan] step=81 node=N4684 type=control0 typed_marginal_pred=0.367970 sequence=53.762560
[b15-select/frozen_long] [plan iscas99__b15_1] [plan] step=82 node=N3682 type=control0 typed_marginal_pred=0.435802 sequence=54.198361
[b15-select/frozen_long] [plan iscas99__b15_1] [plan] step=83 node=N7880 type=control1 typed_marginal_pred=0.326015 sequence=54.524377
[b15-select/frozen_long] [plan iscas99__b15_1] [plan] step=84 node=N7881 type=control1 typed_marginal_pred=0.309577 sequence=54.833953
[b15-select/frozen_long] [plan iscas99__b15_1] [plan] step=85 node=N7882 type=control1 typed_marginal_pred=0.296854 sequence=55.130807
[b15-select/frozen_long] [plan iscas99__b15_1] [plan] step=86 node=N7883 type=control1 typed_marginal_pred=0.289292 sequence=55.420099
[b15-select/frozen_long] [plan iscas99__b15_1] [plan] step=87 node=N7884 type=control1 typed_marginal_pred=0.281994 sequence=55.702092
[b15-select/frozen_long] [plan iscas99__b15_1] [plan] step=88 node=N7885 type=control1 typed_marginal_pred=0.275607 sequence=55.977699
[b15-select/frozen_long] [plan iscas99__b15_1] [plan] step=89 node=N7401 type=observe typed_marginal_pred=0.410349 sequence=56.388048
[b15-select/frozen_long] [plan iscas99__b15_1] [plan] step=90 node=N4716 type=control0 typed_marginal_pred=0.331006 sequence=56.719054
[b15-select/frozen_long] [plan iscas99__b15_1] [plan] step=91 node=N7736 type=control0 typed_marginal_pred=0.358789 sequence=57.077843
[b15-select/frozen_long] [plan iscas99__b15_1] [plan] step=92 node=N7731 type=control0 typed_marginal_pred=0.338627 sequence=57.416470
[b15-select/frozen_long] [plan iscas99__b15_1] [plan] step=93 node=N7732 type=control0 typed_marginal_pred=0.336990 sequence=57.753460
[b15-select/frozen_long] [plan iscas99__b15_1] [plan] step=94 node=N7733 type=control0 typed_marginal_pred=0.338331 sequence=58.091790
[b15-select/frozen_long] [plan iscas99__b15_1] [plan] step=95 node=N7734 type=control0 typed_marginal_pred=0.340426 sequence=58.432217
[b15-select/frozen_long] [plan iscas99__b15_1] [plan] step=96 node=N1411 type=control0 typed_marginal_pred=0.450655 sequence=58.882872
[b15-select/frozen_long] [plan iscas99__b15_1] [plan] step=97 node=N7735 type=control0 typed_marginal_pred=0.496578 sequence=59.379450
[b15-select/frozen_long] [plan iscas99__b15_1] [plan] step=98 node=N7875 type=control1 typed_marginal_pred=0.491684 sequence=59.871135
[b15-select/frozen_long] [plan iscas99__b15_1] [plan] step=99 node=N7408 type=control0 typed_marginal_pred=0.525148 sequence=60.396283
[b15-select/frozen_long] [plan iscas99__b15_1] [plan] step=100 node=N7541 type=control0 typed_marginal_pred=0.528465 sequence=60.924748
[b15-select/frozen_long] [plan iscas99__b15_1] [plan] step=101 node=N2580 type=control1 typed_marginal_pred=0.502997 sequence=61.427745
[b15-select/frozen_long] [plan iscas99__b15_1] [plan] step=102 node=N7874 type=control1 typed_marginal_pred=0.488966 sequence=61.916710
[b15-select/frozen_long] [plan iscas99__b15_1] [plan] step=103 node=N2155 type=observe typed_marginal_pred=0.611835 sequence=62.528545
[b15-select/frozen_long] [plan iscas99__b15_1] [plan] step=104 node=N2106 type=observe typed_marginal_pred=0.539843 sequence=63.068388
[b15-select/frozen_long] [plan iscas99__b15_1] [plan] step=105 node=N7820 type=control0 typed_marginal_pred=0.514576 sequence=63.582963
[b15-select/frozen_long] [plan iscas99__b15_1] [plan] step=106 node=N7588 type=control1 typed_marginal_pred=0.514816 sequence=64.097779
[b15-select/frozen_long] [plan iscas99__b15_1] [plan] step=107 node=N1987 type=observe typed_marginal_pred=0.549910 sequence=64.647689
[b15-select/frozen_long] [plan iscas99__b15_1] [plan] step=108 node=N8003 type=control0 typed_marginal_pred=0.511837 sequence=65.159526
[b15-select/frozen_long] [plan iscas99__b15_1] [plan] step=109 node=N8005 type=control0 typed_marginal_pred=0.489030 sequence=65.648556
[b15-select/frozen_long] [plan iscas99__b15_1] [plan] step=110 node=N6669 type=control1 typed_marginal_pred=0.474172 sequence=66.122728
[b15-select/frozen_long] [plan iscas99__b15_1] [plan] step=111 node=N712 type=observe typed_marginal_pred=0.676906 sequence=66.799634
[b15-select/frozen_long] [plan iscas99__b15_1] [plan] step=112 node=N763 type=observe typed_marginal_pred=0.708117 sequence=67.507751
[b15-select/frozen_long] [plan iscas99__b15_1] [plan] step=113 node=N8009 type=control0 typed_marginal_pred=0.624411 sequence=68.132162
[b15-select/frozen_long] [plan iscas99__b15_1] [plan] step=114 node=N8011 type=control0 typed_marginal_pred=0.691023 sequence=68.823186
[b15-select/frozen_long] [plan iscas99__b15_1] [plan] step=115 node=N8013 type=control0 typed_marginal_pred=0.783912 sequence=69.607097
[b15-select/frozen_long] [plan iscas99__b15_1] [plan] step=116 node=N8015 type=control0 typed_marginal_pred=0.843201 sequence=70.450299
[b15-select/frozen_long] [plan iscas99__b15_1] [plan] step=117 node=N8017 type=control0 typed_marginal_pred=0.853826 sequence=71.304125
[b15-select/frozen_long] [plan iscas99__b15_1] [plan] step=118 node=N8019 type=control0 typed_marginal_pred=0.851026 sequence=72.155151
[b15-select/frozen_long] [plan iscas99__b15_1] [plan] step=119 node=N5878 type=observe typed_marginal_pred=0.754279 sequence=72.909430
[b15-select/frozen_long] [plan iscas99__b15_1] [plan] step=120 node=N8021 type=control0 typed_marginal_pred=0.712085 sequence=73.621515
[b15-select/frozen_long] [plan iscas99__b15_1] [plan] step=121 node=N4614 type=observe typed_marginal_pred=0.724278 sequence=74.345793
[b15-select/frozen_long] [plan iscas99__b15_1] [plan] step=122 node=N723 type=observe typed_marginal_pred=0.833414 sequence=75.179207
[b15-select/frozen_long] [plan iscas99__b15_1] [plan] step=123 node=N7402 type=observe typed_marginal_pred=0.897303 sequence=76.076509
[b15-select/frozen_long] [plan iscas99__b15_1] [plan] step=124 node=N715 type=observe typed_marginal_pred=0.928124 sequence=77.004633
[b15-select/frozen_long] [plan iscas99__b15_1] [plan] step=125 node=N4677 type=control0 typed_marginal_pred=0.850457 sequence=77.855091
[b15-select/frozen_long] [plan iscas99__b15_1] [plan] step=126 node=N8023 type=control0 typed_marginal_pred=0.876366 sequence=78.731456
[b15-select/frozen_long] [plan iscas99__b15_1] [plan] step=127 node=N8027 type=control0 typed_marginal_pred=0.908618 sequence=79.640075
[b15-select/frozen_long] [plan iscas99__b15_1] [plan] step=128 node=N8036 type=control0 typed_marginal_pred=0.956316 sequence=80.596391
[b15-select/frozen_long] [plan iscas99__b15_1] [plan] step=129 node=N5874 type=observe typed_marginal_pred=1.047766 sequence=81.644156
[b15-select/frozen_long] [plan iscas99__b15_1] [plan] step=130 node=N7721 type=control0 typed_marginal_pred=0.918662 sequence=82.562818
[b15-select/frozen_long] [plan iscas99__b15_1] [plan] step=131 node=N8038 type=control0 typed_marginal_pred=0.825731 sequence=83.388549
[b15-select/frozen_long] [plan iscas99__b15_1] [plan] step=132 node=N8040 type=control0 typed_marginal_pred=0.954043 sequence=84.342593
[b15-select/frozen_long] [plan iscas99__b15_1] [plan] step=133 node=N8044 type=control0 typed_marginal_pred=0.949931 sequence=85.292524
[b15-select/frozen_long] [plan iscas99__b15_1] [plan] step=134 node=N1372 type=observe typed_marginal_pred=0.913967 sequence=86.206490
[b15-select/frozen_long] [plan iscas99__b15_1] [plan] step=135 node=N8046 type=control0 typed_marginal_pred=0.901972 sequence=87.108463
[b15-select/frozen_long] [plan iscas99__b15_1] [plan] step=136 node=N1532 type=observe typed_marginal_pred=0.993996 sequence=88.102459
[b15-select/frozen_long] [plan iscas99__b15_1] [plan] step=137 node=N7694 type=control0 typed_marginal_pred=0.917291 sequence=89.019750
[b15-select/frozen_long] [plan iscas99__b15_1] [plan] step=138 node=N7454 type=observe typed_marginal_pred=0.874700 sequence=89.894450
[b15-select/frozen_long] [plan iscas99__b15_1] [plan] step=139 node=N725 type=observe typed_marginal_pred=0.875272 sequence=90.769722
[b15-select/frozen_long] [plan iscas99__b15_1] [plan] step=140 node=N754 type=observe typed_marginal_pred=0.917346 sequence=91.687068
[b15-select/frozen_long] [plan iscas99__b15_1] [plan] step=141 node=N2151 type=observe typed_marginal_pred=0.941117 sequence=92.628185
[b15-select/frozen_long] [plan iscas99__b15_1] [plan] step=142 node=N7385 type=observe typed_marginal_pred=0.951714 sequence=93.579899
[b15-select/frozen_long] [plan iscas99__b15_1] [plan] step=143 node=N722 type=observe typed_marginal_pred=1.000331 sequence=94.580230
[b15-select/frozen_long] [plan iscas99__b15_1] [plan] step=144 node=N753 type=observe typed_marginal_pred=1.092007 sequence=95.672237
[b15-select/frozen_long] [plan iscas99__b15_1] [plan] step=145 node=N714 type=observe typed_marginal_pred=1.069884 sequence=96.742121
[b15-select/frozen_long] [plan iscas99__b15_1] [plan] step=146 node=N8025 type=control0 typed_marginal_pred=0.976879 sequence=97.719000
[b15-select/frozen_long] [plan iscas99__b15_1] [plan] step=147 node=N510 type=control1 typed_marginal_pred=0.932481 sequence=98.651480
[b15-select/frozen_long] [plan iscas99__b15_1] [plan] step=148 node=N3352 type=control1 typed_marginal_pred=0.823541 sequence=99.475022
[b15-select/frozen_long] [plan iscas99__b15_1] [plan] step=149 node=N1437 type=observe typed_marginal_pred=0.797171 sequence=100.272193
[b15-select/frozen_long] [plan iscas99__b15_1] [plan] step=150 node=N2360 type=observe typed_marginal_pred=0.719078 sequence=100.991270
[b15-select/frozen_long] [plan iscas99__b15_1] [plan] step=151 node=N5356 type=observe typed_marginal_pred=0.691839 sequence=101.683109
[b15-select/frozen_long] [plan iscas99__b15_1] [plan] step=152 node=N706 type=observe typed_marginal_pred=0.818515 sequence=102.501624
[b15-select/frozen_long] [plan iscas99__b15_1] [plan] step=153 node=N7696 type=control0 typed_marginal_pred=0.843119 sequence=103.344743
[b15-select/frozen_long] [plan iscas99__b15_1] [plan] step=154 node=N7436 type=observe typed_marginal_pred=0.895960 sequence=104.240703
[b15-select/frozen_long] [plan iscas99__b15_1] [plan] step=155 node=N8052 type=control0 typed_marginal_pred=0.941988 sequence=105.182691
[b15-select/frozen_long] [plan iscas99__b15_1] [plan] step=156 node=N620 type=control1 typed_marginal_pred=0.946321 sequence=106.129012
[b15-select/frozen_long] [plan iscas99__b15_1] [plan] step=157 node=N7698 type=control0 typed_marginal_pred=0.946386 sequence=107.075398
[b15-select/frozen_long] [plan iscas99__b15_1] [plan] step=158 node=N7442 type=control0 typed_marginal_pred=0.985512 sequence=108.060910
[b15-select/frozen_long] [plan iscas99__b15_1] [plan] step=159 node=N7445 type=control0 typed_marginal_pred=1.099175 sequence=109.160085
[b15-select/frozen_long] [plan iscas99__b15_1] [plan] step=160 node=N771 type=observe typed_marginal_pred=1.182805 sequence=110.342890
[b15-select/frozen_long] [plan iscas99__b15_1] [plan] step=161 node=N7441 type=control0 typed_marginal_pred=1.072365 sequence=111.415255
[b15-select/frozen_long] [plan iscas99__b15_1] [plan] step=162 node=N4670 type=control0 typed_marginal_pred=1.099338 sequence=112.514593
[b15-select/frozen_long] [plan iscas99__b15_1] [plan] step=163 node=N578 type=observe typed_marginal_pred=1.233176 sequence=113.747770
[b15-select/frozen_long] [plan iscas99__b15_1] [plan] step=164 node=N4460 type=control0 typed_marginal_pred=1.139725 sequence=114.887495
[b15-select/frozen_long] [plan iscas99__b15_1] [plan] step=165 node=N7700 type=control0 typed_marginal_pred=0.950211 sequence=115.837706
[b15-select/frozen_long] [plan iscas99__b15_1] [plan] step=166 node=N764 type=observe typed_marginal_pred=0.980739 sequence=116.818446
[b15-select/frozen_long] [plan iscas99__b15_1] [plan] step=167 node=N705 type=observe typed_marginal_pred=0.915111 sequence=117.733557
[b15-select/frozen_long] [plan iscas99__b15_1] [plan] step=168 node=N734 type=observe typed_marginal_pred=0.853638 sequence=118.587194
[b15-select/frozen_long] [plan iscas99__b15_1] [plan] step=169 node=N7405 type=observe typed_marginal_pred=1.200029 sequence=119.787223
[b15-select/frozen_long] [plan iscas99__b15_1] [plan] step=170 node=N719 type=observe typed_marginal_pred=0.945163 sequence=120.732386
[b15-select/frozen_long] [plan iscas99__b15_1] [plan] step=171 node=N703 type=observe typed_marginal_pred=0.866055 sequence=121.598440
[b15-select/frozen_long] [plan iscas99__b15_1] [plan] step=172 node=N4173 type=control0 typed_marginal_pred=0.738764 sequence=122.337205
[b15-select/frozen_long] [plan iscas99__b15_1] [plan] step=173 node=N4421 type=control0 typed_marginal_pred=0.643255 sequence=122.980459
[b15-select/frozen_long] [plan iscas99__b15_1] [plan] step=174 node=N8273 type=control0 typed_marginal_pred=0.581266 sequence=123.561725
[b15-select/frozen_long] [plan iscas99__b15_1] [plan] step=175 node=N4367 type=control0 typed_marginal_pred=0.534000 sequence=124.095726
[b15-select/frozen_long] [plan iscas99__b15_1] [plan] step=176 node=N4532 type=control0 typed_marginal_pred=0.486923 sequence=124.582649
[b15-select/frozen_long] [plan iscas99__b15_1] [plan] step=177 node=N4442 type=control0 typed_marginal_pred=0.426781 sequence=125.009430
[b15-select/frozen_long] [plan iscas99__b15_1] [plan] step=178 node=N638 type=control1 typed_marginal_pred=0.388328 sequence=125.397757
[b15-select/frozen_long] [plan iscas99__b15_1] [plan] step=179 node=N765 type=observe typed_marginal_pred=0.338017 sequence=125.735774
[b15-select/frozen_long] [plan iscas99__b15_1] [plan] step=180 node=N5202 type=observe typed_marginal_pred=0.582474 sequence=126.318248
[b15-select/frozen_long] [plan iscas99__b15_1] [plan] step=181 node=N1351 type=observe typed_marginal_pred=0.610322 sequence=126.928570
[b15-select/frozen_long] [plan iscas99__b15_1] [plan] step=182 node=N2079 type=observe typed_marginal_pred=0.539501 sequence=127.468071
[b15-select/frozen_long] [plan iscas99__b15_1] [plan] step=183 node=N2081 type=observe typed_marginal_pred=0.492980 sequence=127.961051
[b15-select/frozen_long] [plan iscas99__b15_1] [plan] step=184 node=N5740 type=observe typed_marginal_pred=0.487547 sequence=128.448599
[b15-select/frozen_long] [plan iscas99__b15_1] [plan] step=185 node=N5473 type=observe typed_marginal_pred=0.474728 sequence=128.923327
[b15-select/frozen_long] [plan iscas99__b15_1] [plan] step=186 node=N5735 type=observe typed_marginal_pred=0.595866 sequence=129.519193
[b15-select/frozen_long] [plan iscas99__b15_1] [plan] step=187 node=N3410 type=control1 typed_marginal_pred=0.487609 sequence=130.006801
[b15-select/frozen_long] [plan iscas99__b15_1] [plan] step=188 node=N3237 type=control1 typed_marginal_pred=0.460017 sequence=130.466818
[b15-select/frozen_long] [plan iscas99__b15_1] [plan] step=189 node=N3180 type=control1 typed_marginal_pred=0.512973 sequence=130.979790
[b15-select/frozen_long] [plan iscas99__b15_1] [plan] step=190 node=N3124 type=control1 typed_marginal_pred=0.683298 sequence=131.663088
[b15-select/frozen_long] [plan iscas99__b15_1] [plan] step=191 node=N7925 type=control0 typed_marginal_pred=0.765600 sequence=132.428688
[b15-select/frozen_long] [plan iscas99__b15_1] [plan] step=192 node=N4656 type=control0 typed_marginal_pred=0.740975 sequence=133.169663
[b15-select/frozen_long] [plan iscas99__b15_1] [plan] step=193 node=N5894 type=control0 typed_marginal_pred=0.751998 sequence=133.921661
[b15-select/frozen_long] [plan iscas99__b15_1] [plan] step=194 node=N7720 type=control0 typed_marginal_pred=0.757051 sequence=134.678712
[b15-select/frozen_long] [plan iscas99__b15_1] [plan] step=195 node=N4663 type=control0 typed_marginal_pred=0.671473 sequence=135.350186
[b15-select/frozen_long] [plan iscas99__b15_1] [plan] step=196 node=N7380 type=observe typed_marginal_pred=1.224863 sequence=136.575048
[b15-select/frozen_long] [plan iscas99__b15_1] [plan] step=197 node=N759 type=observe typed_marginal_pred=1.059658 sequence=137.634706
[b15-select/frozen_long] [plan iscas99__b15_1] [plan] step=198 node=N7421 type=control1 typed_marginal_pred=0.804404 sequence=138.439110
[b15-select/frozen_long] [plan iscas99__b15_1] [plan] step=199 node=N7876 type=control1 typed_marginal_pred=0.669091 sequence=139.108201
[b15-select/frozen_long] [plan iscas99__b15_1] [plan] step=200 node=N3295 type=control1 typed_marginal_pred=0.576687 sequence=139.684888
[b15-select/frozen_long] [plan iscas99__b15_1] [plan] step=201 node=N630 type=control1 typed_marginal_pred=0.597600 sequence=140.282488
[b15-select/frozen_long] [plan iscas99__b15_1] [plan] step=202 node=N5094 type=observe typed_marginal_pred=0.736430 sequence=141.018918
[b15-select/frozen_long] [plan iscas99__b15_1] [plan] step=203 node=N3467 type=control1 typed_marginal_pred=0.645108 sequence=141.664025
[b15-select/frozen_long] [plan iscas99__b15_1] [plan] step=204 node=N7680 type=observe typed_marginal_pred=0.531955 sequence=142.195980
[b15-select/frozen_long] [plan iscas99__b15_1] [plan] step=205 node=N649 type=control1 typed_marginal_pred=0.613151 sequence=142.809131
[b15-select/frozen_long] [plan iscas99__b15_1] [plan] step=206 node=N5160 type=observe typed_marginal_pred=0.691186 sequence=143.500317
[b15-select/frozen_long] [plan iscas99__b15_1] [plan] step=207 node=N5456 type=observe typed_marginal_pred=0.544650 sequence=144.044968
[b15-select/frozen_long] [plan iscas99__b15_1] [plan] step=208 node=N5111 type=observe typed_marginal_pred=0.664044 sequence=144.709011
[b15-select/frozen_long] [plan iscas99__b15_1] [plan] step=209 node=N7627 type=observe typed_marginal_pred=0.538090 sequence=145.247101
[b15-select/frozen_long] [plan iscas99__b15_1] [plan] step=210 node=N7439 type=observe typed_marginal_pred=0.501128 sequence=145.748229
[b15-select/frozen_long] [plan iscas99__b15_1] [plan] step=211 node=N5439 type=observe typed_marginal_pred=0.479773 sequence=146.228002
[b15-select/frozen_long] [plan iscas99__b15_1] [plan] step=212 node=N5422 type=observe typed_marginal_pred=0.467640 sequence=146.695643
[b15-select/frozen_long] [plan iscas99__b15_1] [plan] step=213 node=N5390 type=observe typed_marginal_pred=0.460564 sequence=147.156207
[b15-select/frozen_long] [plan iscas99__b15_1] [plan] step=214 node=N5334 type=observe typed_marginal_pred=0.456258 sequence=147.612465
[b15-select/frozen_long] [plan iscas99__b15_1] [plan] step=215 node=N5373 type=observe typed_marginal_pred=0.453079 sequence=148.065544
[b15-select/frozen_long] [plan iscas99__b15_1] [plan] step=216 node=N3525 type=control1 typed_marginal_pred=0.433714 sequence=148.499258
[b15-select/frozen_long] [plan iscas99__b15_1] [plan] step=217 node=N696 type=observe typed_marginal_pred=0.375846 sequence=148.875105
[b15-select/frozen_long] [plan iscas99__b15_1] [plan] step=218 node=N7381 type=observe typed_marginal_pred=0.469404 sequence=149.344509
[b15-select/frozen_long] [plan iscas99__b15_1] [plan] step=219 node=N708 type=observe typed_marginal_pred=0.400689 sequence=149.745198
[b15-select/frozen_long] [plan iscas99__b15_1] [plan] step=220 node=N6674 type=observe typed_marginal_pred=0.395148 sequence=150.140346
[b15-select/frozen_long] [plan iscas99__b15_1] [plan] step=221 node=N7433 type=observe typed_marginal_pred=0.743684 sequence=150.884030
[b15-select/frozen_long] [plan iscas99__b15_1] [plan] step=222 node=N729 type=observe typed_marginal_pred=0.546572 sequence=151.430602
[b15-select/frozen_long] [plan iscas99__b15_1] [plan] step=223 node=N697 type=observe typed_marginal_pred=0.486639 sequence=151.917242
[b15-select/frozen_long] [plan iscas99__b15_1] [plan] step=224 node=N556 type=control1 typed_marginal_pred=0.470071 sequence=152.387313
[b15-select/frozen_long] [plan iscas99__b15_1] [plan] step=225 node=N647 type=control1 typed_marginal_pred=0.502789 sequence=152.890102
[b15-select/frozen_long] [plan iscas99__b15_1] [plan] step=226 node=N555 type=control1 typed_marginal_pred=0.409487 sequence=153.299589
[b15-select/frozen_long] [plan iscas99__b15_1] [plan] step=227 node=N520 type=control1 typed_marginal_pred=0.363015 sequence=153.662604
[b15-select/frozen_long] [plan iscas99__b15_1] [plan] step=228 node=N695 type=observe typed_marginal_pred=0.331386 sequence=153.993991
[b15-select/frozen_long] [plan iscas99__b15_1] [plan] step=229 node=N1586 type=control1 typed_marginal_pred=0.354990 sequence=154.348981
[b15-select/frozen_long] [plan iscas99__b15_1] [plan] step=230 node=N645 type=control1 typed_marginal_pred=0.317274 sequence=154.666255
[b15-select/frozen_long] [plan iscas99__b15_1] [plan] step=231 node=N2652 type=control1 typed_marginal_pred=0.369301 sequence=155.035556
[b15-select/frozen_long] [plan iscas99__b15_1] [plan] step=232 node=N758 type=observe typed_marginal_pred=0.333503 sequence=155.369059
[b15-select/frozen_long] [plan iscas99__b15_1] [plan] step=233 node=N686 type=observe typed_marginal_pred=0.358686 sequence=155.727746
[b15-select/frozen_long] [plan iscas99__b15_1] [plan] step=234 node=N2159 type=observe typed_marginal_pred=0.386283 sequence=156.114029
[b15-select/frozen_long] [plan iscas99__b15_1] [plan] step=235 node=N7409 type=observe typed_marginal_pred=0.457601 sequence=156.571630
[b15-select/frozen_long] [plan iscas99__b15_1] [plan] step=236 node=N1352 type=observe typed_marginal_pred=0.623475 sequence=157.195105
[b15-select/frozen_long] [plan iscas99__b15_1] [plan] step=237 node=N6685 type=observe typed_marginal_pred=0.470523 sequence=157.665628
[b15-select/frozen_long] [plan iscas99__b15_1] [plan] step=238 node=N6956 type=control0 typed_marginal_pred=0.439915 sequence=158.105543
[b15-select/frozen_long] [plan iscas99__b15_1] [plan] step=239 node=N732 type=observe typed_marginal_pred=0.381265 sequence=158.486808
[b15-select/frozen_long] [plan iscas99__b15_1] [plan] step=240 node=N5715 type=control0 typed_marginal_pred=0.390812 sequence=158.877620
[b15-select/frozen_long] [plan iscas99__b15_1] [plan] step=241 node=N5671 type=control0 typed_marginal_pred=0.352212 sequence=159.229832
[b15-select/frozen_long] [plan iscas99__b15_1] [plan] step=242 node=N5665 type=control0 typed_marginal_pred=0.325854 sequence=159.555686
[b15-select/frozen_long] [plan iscas99__b15_1] [plan] step=243 node=N4469 type=control0 typed_marginal_pred=0.310181 sequence=159.865867
[b15-select/frozen_long] [plan iscas99__b15_1] [plan] step=244 node=N4436 type=control0 typed_marginal_pred=0.316521 sequence=160.182388
[b15-select/frozen_long] [plan iscas99__b15_1] [plan] step=245 node=N4391 type=control0 typed_marginal_pred=0.330205 sequence=160.512594
[b15-select/frozen_long] [plan iscas99__b15_1] [plan] step=246 node=N4385 type=control0 typed_marginal_pred=0.336900 sequence=160.849493
[b15-select/frozen_long] [plan iscas99__b15_1] [plan] step=247 node=N2721 type=control1 typed_marginal_pred=0.357214 sequence=161.206707
[b15-select/frozen_long] [plan iscas99__b15_1] [plan] step=248 node=N4359 type=control0 typed_marginal_pred=0.334945 sequence=161.541652
[b15-select/frozen_long] [plan iscas99__b15_1] [plan] step=249 node=N4338 type=control0 typed_marginal_pred=0.338785 sequence=161.880437
[b15-select/frozen_long] [plan iscas99__b15_1] [plan] step=250 node=N2894 type=control1 typed_marginal_pred=0.415122 sequence=162.295558
[b15-select/frozen_long] [plan iscas99__b15_1] [plan] step=251 node=N3162 type=control0 typed_marginal_pred=0.369610 sequence=162.665168
[b15-select/frozen_long] [plan iscas99__b15_1] [plan] step=252 node=N699 type=observe typed_marginal_pred=0.370325 sequence=163.035493
[b15-select/frozen_long] [plan iscas99__b15_1] [plan] step=253 node=N3167 type=control0 typed_marginal_pred=0.393941 sequence=163.429435
[b15-select/frozen_long] [plan iscas99__b15_1] [plan] step=254 node=N2952 type=control1 typed_marginal_pred=0.446446 sequence=163.875881
[b15-select/frozen_long] [plan iscas99__b15_1] [plan] step=255 node=N3172 type=control0 typed_marginal_pred=0.393838 sequence=164.269719
[b15-select/frozen_long] [plan iscas99__b15_1] [plan] step=256 node=N6661 type=observe typed_marginal_pred=0.377893 sequence=164.647612
[b15-select/frozen_long] [plan iscas99__b15_1] [plan] step=257 node=N3177 type=control0 typed_marginal_pred=0.401862 sequence=165.049474
[b15-select/frozen_long] [plan iscas99__b15_1] [plan] step=258 node=N735 type=observe typed_marginal_pred=0.388968 sequence=165.438442
[b15-select/frozen_long] [plan iscas99__b15_1] [plan] step=259 node=N2218 type=observe typed_marginal_pred=0.671184 sequence=166.109627
[b15-select/frozen_long] [plan iscas99__b15_1] [plan] step=260 node=N2779 type=control1 typed_marginal_pred=0.634202 sequence=166.743829
[b15-select/frozen_long] [plan iscas99__b15_1] [plan] step=261 node=N3199 type=control0 typed_marginal_pred=0.506542 sequence=167.250371
[b15-select/frozen_long] [plan iscas99__b15_1] [plan] step=262 node=N756 type=observe typed_marginal_pred=0.470358 sequence=167.720729
[b15-select/frozen_long] [plan iscas99__b15_1] [plan] step=263 node=N733 type=observe typed_marginal_pred=0.442940 sequence=168.163669
[b15-select/frozen_long] [plan iscas99__b15_1] [plan] step=264 node=N2205 type=observe typed_marginal_pred=0.723962 sequence=168.887632
[b15-select/frozen_long] [plan iscas99__b15_1] [plan] step=265 node=N4900 type=observe typed_marginal_pred=0.663621 sequence=169.551252
[b15-select/frozen_long] [plan iscas99__b15_1] [plan] step=266 node=N6537 type=observe typed_marginal_pred=0.550406 sequence=170.101658
[b15-select/frozen_long] [plan iscas99__b15_1] [plan] step=267 node=N2185 type=observe typed_marginal_pred=0.701065 sequence=170.802723
[b15-select/frozen_long] [plan iscas99__b15_1] [plan] step=268 node=N6678 type=observe typed_marginal_pred=0.582785 sequence=171.385508
[b15-select/frozen_long] [plan iscas99__b15_1] [plan] step=269 node=N2837 type=control1 typed_marginal_pred=0.534370 sequence=171.919878
[b15-select/frozen_long] [plan iscas99__b15_1] [plan] step=270 node=N717 type=observe typed_marginal_pred=0.450607 sequence=172.370485
[b15-select/frozen_long] [plan iscas99__b15_1] [plan] step=271 node=N2201 type=observe typed_marginal_pred=0.680623 sequence=173.051108
[b15-select/frozen_long] [plan iscas99__b15_1] [plan] step=272 node=N3009 type=control1 typed_marginal_pred=0.664479 sequence=173.715588
[b15-select/frozen_long] [plan iscas99__b15_1] [plan] step=273 node=N2226 type=observe typed_marginal_pred=0.835474 sequence=174.551061
[b15-select/frozen_long] [plan iscas99__b15_1] [plan] step=274 node=N1347 type=observe typed_marginal_pred=0.755214 sequence=175.306275
[b15-select/frozen_long] [plan iscas99__b15_1] [plan] step=275 node=N3067 type=control1 typed_marginal_pred=0.599365 sequence=175.905640
[b15-select/frozen_long] [plan iscas99__b15_1] [plan] step=276 node=N513 type=control1 typed_marginal_pred=0.489622 sequence=176.395262
[b15-select/frozen_long] [plan iscas99__b15_1] [plan] step=277 node=N680 type=observe typed_marginal_pred=0.434464 sequence=176.829726
[b15-select/frozen_long] [plan iscas99__b15_1] [plan] step=278 node=N1348 type=observe typed_marginal_pred=0.478053 sequence=177.307779
[b15-select/frozen_long] [plan iscas99__b15_1] saved=autoresearch/loop-260720-0945/model_training_round1/b15_selection/frozen_long/plans/iscas99__b15_1__greedy__cumulative__typed_marginal_pred__bw1__d1__c48__g1p0__candhard_fault_cluster__div0p0__s0.csv
[b15-select/frozen_long] [gmean] 2026-07-20T14:34:15 [1/1] plan_done benchmark=iscas99__b15_1 plan_sec=161.122 plan_csv=autoresearch/loop-260720-0945/model_training_round1/b15_selection/frozen_long/plans/iscas99__b15_1__greedy__cumulative__typed_marginal_pred__bw1__d1__c48__g1p0__candhard_fault_cluster__div0p0__s0.csv
[b15-select/frozen_long] [gmean] 2026-07-20T14:34:15 [1/1] eval_start benchmark=iscas99__b15_1 backend=atalanta-bist patterns=300000
[b15-select/frozen_long] [eval iscas99__b15_1] {
[b15-select/frozen_long] [eval iscas99__b15_1]   "records": 2,
[b15-select/frozen_long] [eval iscas99__b15_1]   "labels_csv": "autoresearch/loop-260720-0945/model_training_round1/b15_selection/frozen_long/evals/iscas99__b15_1__greedy__cumulative__typed_marginal_pred__bw1__d1__c48__g1p0__candhard_fault_cluster__div0p0__s0/labels.csv",
[b15-select/frozen_long] [eval iscas99__b15_1]   "summary_json": "autoresearch/loop-260720-0945/model_training_round1/b15_selection/frozen_long/evals/iscas99__b15_1__greedy__cumulative__typed_marginal_pred__bw1__d1__c48__g1p0__candhard_fault_cluster__div0p0__s0/summary.json"
[b15-select/frozen_long] [eval iscas99__b15_1] }
[b15-select/frozen_long] [gmean] 2026-07-20T14:34:22 [1/1] eval_done benchmark=iscas99__b15_1 delta_tc=0.10433999999999999 plan_sec=161.122 eval_sec=7.197 total_sec=168.33
[b15-select/frozen_long] [gmean] 2026-07-20T14:34:22 variant_done id=greedy__cumulative__typed_marginal_pred__bw1__d1__c48__g1p0__candhard_fault_cluster__div0p0__s0 status=ok macro=0.10433999999999999 positives=1 negatives=0 elapsed=168.331
[b15-select/frozen_long] [gmean] 2026-07-20T14:34:22 variant_start id=greedy__cumulative__typed_return_pred__bw1__d1__c48__g1p0__candhard_fault_cluster__div0p0__s0
[b15-select/frozen_long] [gmean] 2026-07-20T14:34:22 [1/1] plan_start benchmark=iscas99__b15_1 budget=278 planner=greedy score=typed_return_pred
[b15-select/frozen_long] [plan iscas99__b15_1] [plan] torch_deterministic=true
[b15-select/frozen_long] [plan iscas99__b15_1] [plan] candidate_allowlist=autoresearch/original-netlist-recovery-260712/exact_itc99/b15_C/exact_candidate_nodes.txt nodes=7918
[b15-select/frozen_long] [plan iscas99__b15_1] [plan] latent_norm_clip_ratio=4 latent_norm_limit=30.875631
[b15-select/frozen_long] [plan iscas99__b15_1] [plan] step=1 node=N704 type=observe typed_return_pred=1.749840 sequence=1.749840
[b15-select/frozen_long] [plan iscas99__b15_1] [plan] step=2 node=N766 type=control1 typed_return_pred=1.674008 sequence=3.423849
[b15-select/frozen_long] [plan iscas99__b15_1] [plan] step=3 node=N662 type=control1 typed_return_pred=1.937834 sequence=5.361682
[b15-select/frozen_long] [plan iscas99__b15_1] [plan] step=4 node=N507 type=control1 typed_return_pred=2.016220 sequence=7.377902
[b15-select/frozen_long] [plan iscas99__b15_1] [plan] step=5 node=N5143 type=observe typed_return_pred=2.245221 sequence=9.623123
[b15-select/frozen_long] [plan iscas99__b15_1] [plan] step=6 node=N5203 type=control1 typed_return_pred=2.445954 sequence=12.069078
[b15-select/frozen_long] [plan iscas99__b15_1] [plan] step=7 node=N3605 type=observe typed_return_pred=2.565361 sequence=14.634438
[b15-select/frozen_long] [plan iscas99__b15_1] [plan] step=8 node=N7510 type=control1 typed_return_pred=2.539592 sequence=17.174030
[b15-select/frozen_long] [plan iscas99__b15_1] [plan] step=9 node=N5234 type=observe typed_return_pred=2.538023 sequence=19.712053
[b15-select/frozen_long] [plan iscas99__b15_1] [plan] step=10 node=N2328 type=control1 typed_return_pred=2.554782 sequence=22.266835
[b15-select/frozen_long] [plan iscas99__b15_1] [plan] step=11 node=N564 type=control1 typed_return_pred=2.656938 sequence=24.923773
[b15-select/frozen_long] [plan iscas99__b15_1] [plan] step=12 node=N2077 type=control1 typed_return_pred=2.652336 sequence=27.576109
[b15-select/frozen_long] [plan iscas99__b15_1] [plan] step=13 node=N713 type=observe typed_return_pred=3.247310 sequence=30.823418
[b15-select/frozen_long] [plan iscas99__b15_1] [plan] step=14 node=N2083 type=observe typed_return_pred=2.797672 sequence=33.621091
[b15-select/frozen_long] [plan iscas99__b15_1] [plan] step=15 node=N1853 type=observe typed_return_pred=3.269798 sequence=36.890889
[b15-select/frozen_long] [plan iscas99__b15_1] [plan] step=16 node=N724 type=observe typed_return_pred=3.451136 sequence=40.342025
[b15-select/frozen_long] [plan iscas99__b15_1] [plan] step=17 node=N496 type=control1 typed_return_pred=3.040149 sequence=43.382174
[b15-select/frozen_long] [plan iscas99__b15_1] [plan] step=18 node=N7878 type=control1 typed_return_pred=2.767344 sequence=46.149518
[b15-select/frozen_long] [plan iscas99__b15_1] [plan] step=19 node=N5605 type=control1 typed_return_pred=2.705786 sequence=48.855304
[b15-select/frozen_long] [plan iscas99__b15_1] [plan] step=20 node=N1879 type=observe typed_return_pred=3.274551 sequence=52.129856
[b15-select/frozen_long] [plan iscas99__b15_1] [plan] step=21 node=N1437 type=control1 typed_return_pred=2.676234 sequence=54.806089
[b15-select/frozen_long] [plan iscas99__b15_1] [plan] step=22 node=N7874 type=control1 typed_return_pred=2.642781 sequence=57.448870
[b15-select/frozen_long] [plan iscas99__b15_1] [plan] step=23 node=N502 type=control1 typed_return_pred=2.605312 sequence=60.054182
[b15-select/frozen_long] [plan iscas99__b15_1] [plan] step=24 node=N7872 type=control1 typed_return_pred=2.674529 sequence=62.728711
[b15-select/frozen_long] [plan iscas99__b15_1] [plan] step=25 node=N762 type=control1 typed_return_pred=2.614028 sequence=65.342738
[b15-select/frozen_long] [plan iscas99__b15_1] [plan] step=26 node=N7411 type=control1 typed_return_pred=2.615098 sequence=67.957837
[b15-select/frozen_long] [plan iscas99__b15_1] [plan] step=27 node=N7876 type=control1 typed_return_pred=2.650163 sequence=70.608000
[b15-select/frozen_long] [plan iscas99__b15_1] [plan] step=28 node=N7891 type=control1 typed_return_pred=2.710982 sequence=73.318982
[b15-select/frozen_long] [plan iscas99__b15_1] [plan] step=29 node=N580 type=control1 typed_return_pred=2.656525 sequence=75.975507
[b15-select/frozen_long] [plan iscas99__b15_1] [plan] step=30 node=N7587 type=control1 typed_return_pred=2.623161 sequence=78.598668
[b15-select/frozen_long] [plan iscas99__b15_1] [plan] step=31 node=N7881 type=control1 typed_return_pred=2.694555 sequence=81.293223
[b15-select/frozen_long] [plan iscas99__b15_1] [plan] step=32 node=N7880 type=control1 typed_return_pred=2.762732 sequence=84.055955
[b15-select/frozen_long] [plan iscas99__b15_1] [plan] step=33 node=N7883 type=control1 typed_return_pred=2.788268 sequence=86.844223
[b15-select/frozen_long] [plan iscas99__b15_1] [plan] step=34 node=N7882 type=control1 typed_return_pred=2.827916 sequence=89.672139
[b15-select/frozen_long] [plan iscas99__b15_1] [plan] step=35 node=N7885 type=control1 typed_return_pred=2.841189 sequence=92.513329
[b15-select/frozen_long] [plan iscas99__b15_1] [plan] step=36 node=N7884 type=control1 typed_return_pred=2.871370 sequence=95.384699
[b15-select/frozen_long] [plan iscas99__b15_1] [plan] step=37 node=N7887 type=control1 typed_return_pred=2.865119 sequence=98.249817
[b15-select/frozen_long] [plan iscas99__b15_1] [plan] step=38 node=N7886 type=control1 typed_return_pred=2.894979 sequence=101.144796
[b15-select/frozen_long] [plan iscas99__b15_1] [plan] step=39 node=N7889 type=control1 typed_return_pred=2.895894 sequence=104.040689
[b15-select/frozen_long] [plan iscas99__b15_1] [plan] step=40 node=N7888 type=control1 typed_return_pred=2.917932 sequence=106.958621
[b15-select/frozen_long] [plan iscas99__b15_1] [plan] step=41 node=N7890 type=control1 typed_return_pred=2.914699 sequence=109.873320
[b15-select/frozen_long] [plan iscas99__b15_1] [plan] step=42 node=N7513 type=control1 typed_return_pred=2.861100 sequence=112.734420
[b15-select/frozen_long] [plan iscas99__b15_1] [plan] step=43 node=N6669 type=control1 typed_return_pred=2.947959 sequence=115.682379
[b15-select/frozen_long] [plan iscas99__b15_1] [plan] step=44 node=N4606 type=control0 typed_return_pred=2.673845 sequence=118.356224
[b15-select/frozen_long] [plan iscas99__b15_1] [plan] step=45 node=N3756 type=control0 typed_return_pred=2.602125 sequence=120.958349
[b15-select/frozen_long] [plan iscas99__b15_1] [plan] step=46 node=N4578 type=control0 typed_return_pred=2.544596 sequence=123.502945
[b15-select/frozen_long] [plan iscas99__b15_1] [plan] step=47 node=N7613 type=observe typed_return_pred=2.756001 sequence=126.258946
[b15-select/frozen_long] [plan iscas99__b15_1] [plan] step=48 node=N4520 type=control0 typed_return_pred=2.548610 sequence=128.807556
[b15-select/frozen_long] [plan iscas99__b15_1] [plan] step=49 node=N4585 type=control0 typed_return_pred=2.496891 sequence=131.304447
[b15-select/frozen_long] [plan iscas99__b15_1] [plan] step=50 node=N4564 type=control0 typed_return_pred=2.473552 sequence=133.777999
[b15-select/frozen_long] [plan iscas99__b15_1] [plan] step=51 node=N4628 type=observe typed_return_pred=2.451689 sequence=136.229688
[b15-select/frozen_long] [plan iscas99__b15_1] [plan] step=52 node=N5867 type=observe typed_return_pred=2.720021 sequence=138.949710
[b15-select/frozen_long] [plan iscas99__b15_1] [plan] step=53 node=N4621 type=observe typed_return_pred=2.681461 sequence=141.631171
[b15-select/frozen_long] [plan iscas99__b15_1] [plan] step=54 node=N2008 type=observe typed_return_pred=2.621377 sequence=144.252548
[b15-select/frozen_long] [plan iscas99__b15_1] [plan] step=55 node=N1552 type=observe typed_return_pred=2.541443 sequence=146.793990
[b15-select/frozen_long] [plan iscas99__b15_1] [plan] step=56 node=N2068 type=observe typed_return_pred=2.416021 sequence=149.210011
[b15-select/frozen_long] [plan iscas99__b15_1] [plan] step=57 node=N2314 type=control1 typed_return_pred=2.177940 sequence=151.387951
[b15-select/frozen_long] [plan iscas99__b15_1] [plan] step=58 node=N7370 type=control1 typed_return_pred=2.122243 sequence=153.510194
[b15-select/frozen_long] [plan iscas99__b15_1] [plan] step=59 node=N1532 type=observe typed_return_pred=2.111959 sequence=155.622153
[b15-select/frozen_long] [plan iscas99__b15_1] [plan] step=60 node=N2153 type=observe typed_return_pred=2.848986 sequence=158.471139
[b15-select/frozen_long] [plan iscas99__b15_1] [plan] step=61 node=N2101 type=observe typed_return_pred=3.042631 sequence=161.513769
[b15-select/frozen_long] [plan iscas99__b15_1] [plan] step=62 node=N4656 type=control0 typed_return_pred=2.445050 sequence=163.958819
[b15-select/frozen_long] [plan iscas99__b15_1] [plan] step=63 node=N3644 type=control0 typed_return_pred=2.366887 sequence=166.325706
[b15-select/frozen_long] [plan iscas99__b15_1] [plan] step=64 node=N4663 type=control0 typed_return_pred=2.327776 sequence=168.653482
[b15-select/frozen_long] [plan iscas99__b15_1] [plan] step=65 node=N4670 type=control0 typed_return_pred=2.296882 sequence=170.950364
[b15-select/frozen_long] [plan iscas99__b15_1] [plan] step=66 node=N694 type=observe typed_return_pred=2.918612 sequence=173.868976
[b15-select/frozen_long] [plan iscas99__b15_1] [plan] step=67 node=N2102 type=observe typed_return_pred=3.120596 sequence=176.989572
[b15-select/frozen_long] [plan iscas99__b15_1] [plan] step=68 node=N4677 type=control0 typed_return_pred=2.537056 sequence=179.526628
[b15-select/frozen_long] [plan iscas99__b15_1] [plan] step=69 node=N4649 type=control0 typed_return_pred=2.459284 sequence=181.985913
[b15-select/frozen_long] [plan iscas99__b15_1] [plan] step=70 node=N4684 type=control0 typed_return_pred=2.416908 sequence=184.402821
[b15-select/frozen_long] [plan iscas99__b15_1] [plan] step=71 node=N4635 type=control0 typed_return_pred=2.398367 sequence=186.801188
[b15-select/frozen_long] [plan iscas99__b15_1] [plan] step=72 node=N4691 type=control0 typed_return_pred=2.388348 sequence=189.189536
[b15-select/frozen_long] [plan iscas99__b15_1] [plan] step=73 node=N7875 type=control1 typed_return_pred=2.364748 sequence=191.554284
[b15-select/frozen_long] [plan iscas99__b15_1] [plan] step=74 node=N2580 type=control1 typed_return_pred=2.359901 sequence=193.914185
[b15-select/frozen_long] [plan iscas99__b15_1] [plan] step=75 node=N7626 type=observe typed_return_pred=2.291670 sequence=196.205855
[b15-select/frozen_long] [plan iscas99__b15_1] [plan] step=76 node=N4557 type=control0 typed_return_pred=2.226640 sequence=198.432495
[b15-select/frozen_long] [plan iscas99__b15_1] [plan] step=77 node=N4698 type=control0 typed_return_pred=2.290551 sequence=200.723046
[b15-select/frozen_long] [plan iscas99__b15_1] [plan] step=78 node=N3848 type=control0 typed_return_pred=2.255706 sequence=202.978752
[b15-select/frozen_long] [plan iscas99__b15_1] [plan] step=79 node=N4705 type=control0 typed_return_pred=2.302849 sequence=205.281601
[b15-select/frozen_long] [plan iscas99__b15_1] [plan] step=80 node=N3911 type=control0 typed_return_pred=2.256924 sequence=207.538525
[b15-select/frozen_long] [plan iscas99__b15_1] [plan] step=81 node=N3904 type=control0 typed_return_pred=2.237602 sequence=209.776127
[b15-select/frozen_long] [plan iscas99__b15_1] [plan] step=82 node=N2569 type=control1 typed_return_pred=2.325598 sequence=212.101725
[b15-select/frozen_long] [plan iscas99__b15_1] [plan] step=83 node=N7588 type=control1 typed_return_pred=2.385189 sequence=214.486914
[b15-select/frozen_long] [plan iscas99__b15_1] [plan] step=84 node=N3862 type=control0 typed_return_pred=2.319501 sequence=216.806415
[b15-select/frozen_long] [plan iscas99__b15_1] [plan] step=85 node=N3897 type=control0 typed_return_pred=2.321738 sequence=219.128153
[b15-select/frozen_long] [plan iscas99__b15_1] [plan] step=86 node=N3889 type=control0 typed_return_pred=2.304819 sequence=221.432973
[b15-select/frozen_long] [plan iscas99__b15_1] [plan] step=87 node=N3882 type=control0 typed_return_pred=2.297198 sequence=223.730170
[b15-select/frozen_long] [plan iscas99__b15_1] [plan] step=88 node=N3855 type=control0 typed_return_pred=2.285892 sequence=226.016063
[b15-select/frozen_long] [plan iscas99__b15_1] [plan] step=89 node=N3896 type=control0 typed_return_pred=2.283102 sequence=228.299164
[b15-select/frozen_long] [plan iscas99__b15_1] [plan] step=90 node=N3903 type=control0 typed_return_pred=2.266062 sequence=230.565227
[b15-select/frozen_long] [plan iscas99__b15_1] [plan] step=91 node=N2157 type=observe typed_return_pred=2.951583 sequence=233.516810
[b15-select/frozen_long] [plan iscas99__b15_1] [plan] step=92 node=N3681 type=control0 typed_return_pred=2.863458 sequence=236.380268
[b15-select/frozen_long] [plan iscas99__b15_1] [plan] step=93 node=N765 type=observe typed_return_pred=2.464664 sequence=238.844932
[b15-select/frozen_long] [plan iscas99__b15_1] [plan] step=94 node=N7402 type=observe typed_return_pred=3.158267 sequence=242.003199
[b15-select/frozen_long] [plan iscas99__b15_1] [plan] step=95 node=N725 type=observe typed_return_pred=3.890967 sequence=245.894166
[b15-select/frozen_long] [plan iscas99__b15_1] [plan] step=96 node=N715 type=observe typed_return_pred=4.214887 sequence=250.109053
[b15-select/frozen_long] [plan iscas99__b15_1] [plan] step=97 node=N2106 type=observe typed_return_pred=4.425579 sequence=254.534631
[b15-select/frozen_long] [plan iscas99__b15_1] [plan] step=98 node=N7679 type=observe typed_return_pred=3.663711 sequence=258.198342
[b15-select/frozen_long] [plan iscas99__b15_1] [plan] step=99 node=N893 type=observe typed_return_pred=2.933287 sequence=261.131629
[b15-select/frozen_long] [plan iscas99__b15_1] [plan] step=100 node=N5723 type=control0 typed_return_pred=2.414744 sequence=263.546373
[b15-select/frozen_long] [plan iscas99__b15_1] [plan] step=101 node=N632 type=control1 typed_return_pred=2.378959 sequence=265.925332
[b15-select/frozen_long] [plan iscas99__b15_1] [plan] step=102 node=N3841 type=control0 typed_return_pred=2.315574 sequence=268.240906
[b15-select/frozen_long] [plan iscas99__b15_1] [plan] step=103 node=N7401 type=observe typed_return_pred=2.959673 sequence=271.200579
[b15-select/frozen_long] [plan iscas99__b15_1] [plan] step=104 node=N640 type=control1 typed_return_pred=2.437098 sequence=273.637677
[b15-select/frozen_long] [plan iscas99__b15_1] [plan] step=105 node=N3827 type=control0 typed_return_pred=2.337077 sequence=275.974754
[b15-select/frozen_long] [plan iscas99__b15_1] [plan] step=106 node=N7870 type=control1 typed_return_pred=2.350227 sequence=278.324981
[b15-select/frozen_long] [plan iscas99__b15_1] [plan] step=107 node=N3820 type=control0 typed_return_pred=2.285582 sequence=280.610562
[b15-select/frozen_long] [plan iscas99__b15_1] [plan] step=108 node=N3813 type=control0 typed_return_pred=2.271126 sequence=282.881688
[b15-select/frozen_long] [plan iscas99__b15_1] [plan] step=109 node=N3805 type=control0 typed_return_pred=2.253076 sequence=285.134764
[b15-select/frozen_long] [plan iscas99__b15_1] [plan] step=110 node=N3799 type=control0 typed_return_pred=2.237062 sequence=287.371827
[b15-select/frozen_long] [plan iscas99__b15_1] [plan] step=111 node=N8003 type=control0 typed_return_pred=2.216259 sequence=289.588086
[b15-select/frozen_long] [plan iscas99__b15_1] [plan] step=112 node=N3792 type=control0 typed_return_pred=2.201392 sequence=291.789478
[b15-select/frozen_long] [plan iscas99__b15_1] [plan] step=113 node=N3785 type=control0 typed_return_pred=2.192782 sequence=293.982260
[b15-select/frozen_long] [plan iscas99__b15_1] [plan] step=114 node=N3742 type=control0 typed_return_pred=2.188358 sequence=296.170618
[b15-select/frozen_long] [plan iscas99__b15_1] [plan] step=115 node=N3722 type=control0 typed_return_pred=2.183714 sequence=298.354332
[b15-select/frozen_long] [plan iscas99__b15_1] [plan] step=116 node=N3701 type=control0 typed_return_pred=2.181196 sequence=300.535528
[b15-select/frozen_long] [plan iscas99__b15_1] [plan] step=117 node=N5028 type=observe typed_return_pred=2.122965 sequence=302.658493
[b15-select/frozen_long] [plan iscas99__b15_1] [plan] step=118 node=N5877 type=observe typed_return_pred=2.416947 sequence=305.075440
[b15-select/frozen_long] [plan iscas99__b15_1] [plan] step=119 node=N5740 type=observe typed_return_pred=2.298877 sequence=307.374317
[b15-select/frozen_long] [plan iscas99__b15_1] [plan] step=120 node=N6534 type=observe typed_return_pred=2.438798 sequence=309.813115
[b15-select/frozen_long] [plan iscas99__b15_1] [plan] step=121 node=N2155 type=observe typed_return_pred=2.972515 sequence=312.785630
[b15-select/frozen_long] [plan iscas99__b15_1] [plan] step=122 node=N8017 type=control0 typed_return_pred=2.337759 sequence=315.123389
[b15-select/frozen_long] [plan iscas99__b15_1] [plan] step=123 node=N754 type=observe typed_return_pred=2.283507 sequence=317.406896
[b15-select/frozen_long] [plan iscas99__b15_1] [plan] step=124 node=N723 type=observe typed_return_pred=3.026553 sequence=320.433449
[b15-select/frozen_long] [plan iscas99__b15_1] [plan] step=125 node=N714 type=observe typed_return_pred=3.263793 sequence=323.697242
[b15-select/frozen_long] [plan iscas99__b15_1] [plan] step=126 node=N7436 type=observe typed_return_pred=3.055306 sequence=326.752548
[b15-select/frozen_long] [plan iscas99__b15_1] [plan] step=127 node=N1533 type=control1 typed_return_pred=2.489727 sequence=329.242276
[b15-select/frozen_long] [plan iscas99__b15_1] [plan] step=128 node=N3124 type=control1 typed_return_pred=2.323709 sequence=331.565984
[b15-select/frozen_long] [plan iscas99__b15_1] [plan] step=129 node=N3180 type=control1 typed_return_pred=2.335217 sequence=333.901201
[b15-select/frozen_long] [plan iscas99__b15_1] [plan] step=130 node=N7871 type=control1 typed_return_pred=2.311893 sequence=336.213095
[b15-select/frozen_long] [plan iscas99__b15_1] [plan] step=131 node=N5356 type=observe typed_return_pred=2.227590 sequence=338.440685
[b15-select/frozen_long] [plan iscas99__b15_1] [plan] step=132 node=N8021 type=control0 typed_return_pred=2.180964 sequence=340.621648
[b15-select/frozen_long] [plan iscas99__b15_1] [plan] step=133 node=N753 type=observe typed_return_pred=2.184227 sequence=342.805875
[b15-select/frozen_long] [plan iscas99__b15_1] [plan] step=134 node=N712 type=observe typed_return_pred=2.990825 sequence=345.796700
[b15-select/frozen_long] [plan iscas99__b15_1] [plan] step=135 node=N722 type=observe typed_return_pred=3.236895 sequence=349.033594
[b15-select/frozen_long] [plan iscas99__b15_1] [plan] step=136 node=N7385 type=observe typed_return_pred=2.741401 sequence=351.774995
[b15-select/frozen_long] [plan iscas99__b15_1] [plan] step=137 node=N3352 type=control1 typed_return_pred=2.374753 sequence=354.149748
[b15-select/frozen_long] [plan iscas99__b15_1] [plan] step=138 node=N7413 type=control1 typed_return_pred=2.246624 sequence=356.396372
[b15-select/frozen_long] [plan iscas99__b15_1] [plan] step=139 node=N7421 type=control1 typed_return_pred=2.178511 sequence=358.574883
[b15-select/frozen_long] [plan iscas99__b15_1] [plan] step=140 node=N3410 type=control1 typed_return_pred=2.235008 sequence=360.809891
[b15-select/frozen_long] [plan iscas99__b15_1] [plan] step=141 node=N7590 type=control1 typed_return_pred=2.140462 sequence=362.950353
[b15-select/frozen_long] [plan iscas99__b15_1] [plan] step=142 node=N703 type=observe typed_return_pred=2.818531 sequence=365.768884
[b15-select/frozen_long] [plan iscas99__b15_1] [plan] step=143 node=N4716 type=control0 typed_return_pred=2.232194 sequence=368.001078
[b15-select/frozen_long] [plan iscas99__b15_1] [plan] step=144 node=N763 type=observe typed_return_pred=2.159518 sequence=370.160595
[b15-select/frozen_long] [plan iscas99__b15_1] [plan] step=145 node=N5473 type=observe typed_return_pred=2.338290 sequence=372.498885
[b15-select/frozen_long] [plan iscas99__b15_1] [plan] step=146 node=N706 type=observe typed_return_pred=2.950040 sequence=375.448925
[b15-select/frozen_long] [plan iscas99__b15_1] [plan] step=147 node=N8027 type=control0 typed_return_pred=2.315066 sequence=377.763991
[b15-select/frozen_long] [plan iscas99__b15_1] [plan] step=148 node=N513 type=control1 typed_return_pred=2.242704 sequence=380.006695
[b15-select/frozen_long] [plan iscas99__b15_1] [plan] step=149 node=N7424 type=control1 typed_return_pred=2.224629 sequence=382.231324
[b15-select/frozen_long] [plan iscas99__b15_1] [plan] step=150 node=N3237 type=control1 typed_return_pred=2.150868 sequence=384.382192
[b15-select/frozen_long] [plan iscas99__b15_1] [plan] step=151 node=N7877 type=control1 typed_return_pred=2.167575 sequence=386.549767
[b15-select/frozen_long] [plan iscas99__b15_1] [plan] step=152 node=N764 type=observe typed_return_pred=2.093587 sequence=388.643354
[b15-select/frozen_long] [plan iscas99__b15_1] [plan] step=153 node=N705 type=observe typed_return_pred=2.882094 sequence=391.525448
[b15-select/frozen_long] [plan iscas99__b15_1] [plan] step=154 node=N5373 type=observe typed_return_pred=2.389904 sequence=393.915352
[b15-select/frozen_long] [plan iscas99__b15_1] [plan] step=155 node=N7439 type=observe typed_return_pred=2.659209 sequence=396.574561
[b15-select/frozen_long] [plan iscas99__b15_1] [plan] step=156 node=N5422 type=observe typed_return_pred=2.324062 sequence=398.898624
[b15-select/frozen_long] [plan iscas99__b15_1] [plan] step=157 node=N7879 type=control1 typed_return_pred=2.280390 sequence=401.179013
[b15-select/frozen_long] [plan iscas99__b15_1] [plan] step=158 node=N679 type=observe typed_return_pred=2.944568 sequence=404.123581
[b15-select/frozen_long] [plan iscas99__b15_1] [plan] step=159 node=N8046 type=control0 typed_return_pred=2.288046 sequence=406.411627
[b15-select/frozen_long] [plan iscas99__b15_1] [plan] step=160 node=N7441 type=control0 typed_return_pred=2.446710 sequence=408.858337
[b15-select/frozen_long] [plan iscas99__b15_1] [plan] step=161 node=N7442 type=control0 typed_return_pred=2.369422 sequence=411.227759
[b15-select/frozen_long] [plan iscas99__b15_1] [plan] step=162 node=N5456 type=observe typed_return_pred=2.237230 sequence=413.464989
[b15-select/frozen_long] [plan iscas99__b15_1] [plan] step=163 node=N5875 type=observe typed_return_pred=2.478806 sequence=415.943794
[b15-select/frozen_long] [plan iscas99__b15_1] [plan] step=164 node=N759 type=observe typed_return_pred=2.221635 sequence=418.165429
[b15-select/frozen_long] [plan iscas99__b15_1] [plan] step=165 node=N2151 type=observe typed_return_pred=3.021950 sequence=421.187379
[b15-select/frozen_long] [plan iscas99__b15_1] [plan] step=166 node=N7432 type=observe typed_return_pred=2.880195 sequence=424.067575
[b15-select/frozen_long] [plan iscas99__b15_1] [plan] step=167 node=N5390 type=observe typed_return_pred=2.414055 sequence=426.481630
[b15-select/frozen_long] [plan iscas99__b15_1] [plan] step=168 node=N5202 type=observe typed_return_pred=2.294191 sequence=428.775821
[b15-select/frozen_long] [plan iscas99__b15_1] [plan] step=169 node=N5439 type=observe typed_return_pred=2.284673 sequence=431.060494
[b15-select/frozen_long] [plan iscas99__b15_1] [plan] step=170 node=N699 type=observe typed_return_pred=2.981584 sequence=434.042078
[b15-select/frozen_long] [plan iscas99__b15_1] [plan] step=171 node=N7380 type=observe typed_return_pred=2.465826 sequence=436.507904
[b15-select/frozen_long] [plan iscas99__b15_1] [plan] step=172 node=N519 type=control1 typed_return_pred=2.226941 sequence=438.734845
[b15-select/frozen_long] [plan iscas99__b15_1] [plan] step=173 node=N7594 type=control1 typed_return_pred=2.216117 sequence=440.950962
[b15-select/frozen_long] [plan iscas99__b15_1] [plan] step=174 node=N7892 type=control1 typed_return_pred=2.225718 sequence=443.176680
[b15-select/frozen_long] [plan iscas99__b15_1] [plan] step=175 node=N758 type=observe typed_return_pred=2.139108 sequence=445.315788
[b15-select/frozen_long] [plan iscas99__b15_1] [plan] step=176 node=N5334 type=observe typed_return_pred=2.239846 sequence=447.555634
[b15-select/frozen_long] [plan iscas99__b15_1] [plan] step=177 node=N719 type=observe typed_return_pred=2.975408 sequence=450.531042
[b15-select/frozen_long] [plan iscas99__b15_1] [plan] step=178 node=N734 type=observe typed_return_pred=3.166892 sequence=453.697934
[b15-select/frozen_long] [plan iscas99__b15_1] [plan] step=179 node=N708 type=observe typed_return_pred=3.270209 sequence=456.968143
[b15-select/frozen_long] [plan iscas99__b15_1] [plan] step=180 node=N516 type=control1 typed_return_pred=2.446837 sequence=459.414981
[b15-select/frozen_long] [plan iscas99__b15_1] [plan] step=181 node=N556 type=control1 typed_return_pred=2.238701 sequence=461.653681
[b15-select/frozen_long] [plan iscas99__b15_1] [plan] step=182 node=N555 type=control1 typed_return_pred=2.135085 sequence=463.788766
[b15-select/frozen_long] [plan iscas99__b15_1] [plan] step=183 node=N3295 type=control1 typed_return_pred=2.189726 sequence=465.978492
[b15-select/frozen_long] [plan iscas99__b15_1] [plan] step=184 node=N3467 type=control1 typed_return_pred=2.109865 sequence=468.088357
[b15-select/frozen_long] [plan iscas99__b15_1] [plan] step=185 node=N756 type=observe typed_return_pred=2.036205 sequence=470.124562
[b15-select/frozen_long] [plan iscas99__b15_1] [plan] step=186 node=N2159 type=observe typed_return_pred=2.852129 sequence=472.976690
[b15-select/frozen_long] [plan iscas99__b15_1] [plan] step=187 node=N1351 type=observe typed_return_pred=2.848369 sequence=475.825060
[b15-select/frozen_long] [plan iscas99__b15_1] [plan] step=188 node=N7422 type=observe typed_return_pred=2.381972 sequence=478.207032
[b15-select/frozen_long] [plan iscas99__b15_1] [plan] step=189 node=N686 type=observe typed_return_pred=2.610066 sequence=480.817098
[b15-select/frozen_long] [plan iscas99__b15_1] [plan] step=190 node=N557 type=control1 typed_return_pred=2.277101 sequence=483.094199
[b15-select/frozen_long] [plan iscas99__b15_1] [plan] step=191 node=N4460 type=control0 typed_return_pred=2.201515 sequence=485.295714
[b15-select/frozen_long] [plan iscas99__b15_1] [plan] step=192 node=N752 type=observe typed_return_pred=2.153879 sequence=487.449592
[b15-select/frozen_long] [plan iscas99__b15_1] [plan] step=193 node=N729 type=observe typed_return_pred=2.952331 sequence=490.401923
[b15-select/frozen_long] [plan iscas99__b15_1] [plan] step=194 node=N684 type=observe typed_return_pred=3.182289 sequence=493.584212
[b15-select/frozen_long] [plan iscas99__b15_1] [plan] step=195 node=N7381 type=observe typed_return_pred=2.456341 sequence=496.040552
[b15-select/frozen_long] [plan iscas99__b15_1] [plan] step=196 node=N520 type=control1 typed_return_pred=2.264845 sequence=498.305397
[b15-select/frozen_long] [plan iscas99__b15_1] [plan] step=197 node=N6674 type=observe typed_return_pred=2.130706 sequence=500.436104
[b15-select/frozen_long] [plan iscas99__b15_1] [plan] step=198 node=N689 type=observe typed_return_pred=2.966320 sequence=503.402423
[b15-select/frozen_long] [plan iscas99__b15_1] [plan] step=199 node=N2243 type=observe typed_return_pred=3.223368 sequence=506.625792
[b15-select/frozen_long] [plan iscas99__b15_1] [plan] step=200 node=N8052 type=control0 typed_return_pred=2.449316 sequence=509.075108
[b15-select/frozen_long] [plan iscas99__b15_1] [plan] step=201 node=N4421 type=control0 typed_return_pred=2.427773 sequence=511.502881
[b15-select/frozen_long] [plan iscas99__b15_1] [plan] step=202 node=N4359 type=control0 typed_return_pred=2.352912 sequence=513.855793
[b15-select/frozen_long] [plan iscas99__b15_1] [plan] step=203 node=N4367 type=control0 typed_return_pred=2.302215 sequence=516.158008
[b15-select/frozen_long] [plan iscas99__b15_1] [plan] step=204 node=N5735 type=observe typed_return_pred=2.207474 sequence=518.365482
[b15-select/frozen_long] [plan iscas99__b15_1] [plan] step=205 node=N2271 type=observe typed_return_pred=2.896665 sequence=521.262146
[b15-select/frozen_long] [plan iscas99__b15_1] [plan] step=206 node=N4532 type=control0 typed_return_pred=2.342467 sequence=523.604613
[b15-select/frozen_long] [plan iscas99__b15_1] [plan] step=207 node=N5160 type=observe typed_return_pred=2.228566 sequence=525.833179
[b15-select/frozen_long] [plan iscas99__b15_1] [plan] step=208 node=N2267 type=observe typed_return_pred=2.923015 sequence=528.756194
[b15-select/frozen_long] [plan iscas99__b15_1] [plan] step=209 node=N7444 type=observe typed_return_pred=2.750330 sequence=531.506524
[b15-select/frozen_long] [plan iscas99__b15_1] [plan] step=210 node=N3525 type=control1 typed_return_pred=2.381634 sequence=533.888157
[b15-select/frozen_long] [plan iscas99__b15_1] [plan] step=211 node=N4442 type=control0 typed_return_pred=2.295166 sequence=536.183324
[b15-select/frozen_long] [plan iscas99__b15_1] [plan] step=212 node=N5111 type=observe typed_return_pred=2.221548 sequence=538.404872
[b15-select/frozen_long] [plan iscas99__b15_1] [plan] step=213 node=N2259 type=observe typed_return_pred=2.945057 sequence=541.349929
[b15-select/frozen_long] [plan iscas99__b15_1] [plan] step=214 node=N5094 type=observe typed_return_pred=2.305869 sequence=543.655798
[b15-select/frozen_long] [plan iscas99__b15_1] [plan] step=215 node=N1372 type=observe typed_return_pred=2.206952 sequence=545.862750
[b15-select/frozen_long] [plan iscas99__b15_1] [plan] step=216 node=N2263 type=observe typed_return_pred=2.961724 sequence=548.824474
[b15-select/frozen_long] [plan iscas99__b15_1] [plan] step=217 node=N6682 type=observe typed_return_pred=3.166666 sequence=551.991140
[b15-select/frozen_long] [plan iscas99__b15_1] [plan] step=218 node=N695 type=observe typed_return_pred=3.233224 sequence=555.224364
[b15-select/frozen_long] [plan iscas99__b15_1] [plan] step=219 node=N4900 type=observe typed_return_pred=3.572744 sequence=558.797108
[b15-select/frozen_long] [plan iscas99__b15_1] [plan] step=220 node=N2251 type=observe typed_return_pred=3.394066 sequence=562.191174
[b15-select/frozen_long] [plan iscas99__b15_1] [plan] step=221 node=N697 type=observe typed_return_pred=3.300588 sequence=565.491763
[b15-select/frozen_long] [plan iscas99__b15_1] [plan] step=222 node=N6956 type=control0 typed_return_pred=2.490075 sequence=567.981838
[b15-select/frozen_long] [plan iscas99__b15_1] [plan] step=223 node=N4469 type=control0 typed_return_pred=2.400841 sequence=570.382679
[b15-select/frozen_long] [plan iscas99__b15_1] [plan] step=224 node=N696 type=observe typed_return_pred=2.543691 sequence=572.926370
[b15-select/frozen_long] [plan iscas99__b15_1] [plan] step=225 node=N5894 type=control0 typed_return_pred=2.343141 sequence=575.269511
[b15-select/frozen_long] [plan iscas99__b15_1] [plan] step=226 node=N8038 type=control0 typed_return_pred=2.218296 sequence=577.487807
[b15-select/frozen_long] [plan iscas99__b15_1] [plan] step=227 node=N4436 type=control0 typed_return_pred=2.258907 sequence=579.746714
[b15-select/frozen_long] [plan iscas99__b15_1] [plan] step=228 node=N8036 type=control0 typed_return_pred=2.150022 sequence=581.896736
[b15-select/frozen_long] [plan iscas99__b15_1] [plan] step=229 node=N4338 type=control0 typed_return_pred=2.183053 sequence=584.079789
[b15-select/frozen_long] [plan iscas99__b15_1] [plan] step=230 node=N8025 type=control0 typed_return_pred=2.108963 sequence=586.188752
[b15-select/frozen_long] [plan iscas99__b15_1] [plan] step=231 node=N8023 type=control0 typed_return_pred=2.089542 sequence=588.278294
[b15-select/frozen_long] [plan iscas99__b15_1] [plan] step=232 node=N8019 type=control0 typed_return_pred=2.075107 sequence=590.353401
[b15-select/frozen_long] [plan iscas99__b15_1] [plan] step=233 node=N8015 type=control0 typed_return_pred=2.058688 sequence=592.412089
[b15-select/frozen_long] [plan iscas99__b15_1] [plan] step=234 node=N8013 type=control0 typed_return_pred=2.050648 sequence=594.462737
[b15-select/frozen_long] [plan iscas99__b15_1] [plan] step=235 node=N8011 type=control0 typed_return_pred=2.051629 sequence=596.514366
[b15-select/frozen_long] [plan iscas99__b15_1] [plan] step=236 node=N4879 type=control0 typed_return_pred=2.159229 sequence=598.673596
[b15-select/frozen_long] [plan iscas99__b15_1] [plan] step=237 node=N8009 type=control0 typed_return_pred=2.137655 sequence=600.811251
[b15-select/frozen_long] [plan iscas99__b15_1] [plan] step=238 node=N7925 type=control0 typed_return_pred=2.128387 sequence=602.939638
[b15-select/frozen_long] [plan iscas99__b15_1] [plan] step=239 node=N7700 type=control0 typed_return_pred=2.124336 sequence=605.063974
[b15-select/frozen_long] [plan iscas99__b15_1] [plan] step=240 node=N7698 type=control0 typed_return_pred=2.122328 sequence=607.186302
[b15-select/frozen_long] [plan iscas99__b15_1] [plan] step=241 node=N7696 type=control0 typed_return_pred=2.122107 sequence=609.308409
[b15-select/frozen_long] [plan iscas99__b15_1] [plan] step=242 node=N2247 type=observe typed_return_pred=2.751965 sequence=612.060374
[b15-select/frozen_long] [plan iscas99__b15_1] [plan] step=243 node=N5727 type=control0 typed_return_pred=2.239254 sequence=614.299627
[b15-select/frozen_long] [plan iscas99__b15_1] [plan] step=244 node=N4391 type=control0 typed_return_pred=2.186062 sequence=616.485689
[b15-select/frozen_long] [plan iscas99__b15_1] [plan] step=245 node=N4385 type=control0 typed_return_pred=2.151711 sequence=618.637400
[b15-select/frozen_long] [plan iscas99__b15_1] [plan] step=246 node=N5725 type=control0 typed_return_pred=2.128005 sequence=620.765405
[b15-select/frozen_long] [plan iscas99__b15_1] [plan] step=247 node=N3167 type=control0 typed_return_pred=2.126040 sequence=622.891444
[b15-select/frozen_long] [plan iscas99__b15_1] [plan] step=248 node=N3172 type=control0 typed_return_pred=2.117559 sequence=625.009003
[b15-select/frozen_long] [plan iscas99__b15_1] [plan] step=249 node=N3177 type=control0 typed_return_pred=2.112129 sequence=627.121132
[b15-select/frozen_long] [plan iscas99__b15_1] [plan] step=250 node=N3162 type=control0 typed_return_pred=2.107260 sequence=629.228392
[b15-select/frozen_long] [plan iscas99__b15_1] [plan] step=251 node=N1586 type=control1 typed_return_pred=2.199584 sequence=631.427977
[b15-select/frozen_long] [plan iscas99__b15_1] [plan] step=252 node=N3209 type=control0 typed_return_pred=2.147306 sequence=633.575283
[b15-select/frozen_long] [plan iscas99__b15_1] [plan] step=253 node=N3157 type=control0 typed_return_pred=2.134244 sequence=635.709527
[b15-select/frozen_long] [plan iscas99__b15_1] [plan] step=254 node=N3152 type=control0 typed_return_pred=2.124450 sequence=637.833976
[b15-select/frozen_long] [plan iscas99__b15_1] [plan] step=255 node=N3147 type=control0 typed_return_pred=2.119093 sequence=639.953069
[b15-select/frozen_long] [plan iscas99__b15_1] [plan] step=256 node=N3142 type=control0 typed_return_pred=2.118034 sequence=642.071103
[b15-select/frozen_long] [plan iscas99__b15_1] [plan] step=257 node=N3229 type=control0 typed_return_pred=2.113338 sequence=644.184441
[b15-select/frozen_long] [plan iscas99__b15_1] [plan] step=258 node=N3234 type=control0 typed_return_pred=2.114366 sequence=646.298807
[b15-select/frozen_long] [plan iscas99__b15_1] [plan] step=259 node=N3372 type=control0 typed_return_pred=2.122686 sequence=648.421493
[b15-select/frozen_long] [plan iscas99__b15_1] [plan] step=260 node=N3377 type=control0 typed_return_pred=2.133006 sequence=650.554499
[b15-select/frozen_long] [plan iscas99__b15_1] [plan] step=261 node=N3382 type=control0 typed_return_pred=2.144603 sequence=652.699101
[b15-select/frozen_long] [plan iscas99__b15_1] [plan] step=262 node=N3387 type=control0 typed_return_pred=2.157084 sequence=654.856186
[b15-select/frozen_long] [plan iscas99__b15_1] [plan] step=263 node=N3392 type=control0 typed_return_pred=2.171074 sequence=657.027260
[b15-select/frozen_long] [plan iscas99__b15_1] [plan] step=264 node=N3397 type=control0 typed_return_pred=2.186879 sequence=659.214138
[b15-select/frozen_long] [plan iscas99__b15_1] [plan] step=265 node=N3402 type=control0 typed_return_pred=2.204587 sequence=661.418726
[b15-select/frozen_long] [plan iscas99__b15_1] [plan] step=266 node=N3407 type=control0 typed_return_pred=2.223109 sequence=663.641835
[b15-select/frozen_long] [plan iscas99__b15_1] [plan] step=267 node=N3224 type=control0 typed_return_pred=2.226564 sequence=665.868399
[b15-select/frozen_long] [plan iscas99__b15_1] [plan] step=268 node=N6581 type=observe typed_return_pred=2.259549 sequence=668.127947
[b15-select/frozen_long] [plan iscas99__b15_1] [plan] step=269 node=N1352 type=observe typed_return_pred=2.660244 sequence=670.788191
[b15-select/frozen_long] [plan iscas99__b15_1] [plan] step=270 node=N680 type=observe typed_return_pred=3.073974 sequence=673.862166
[b15-select/frozen_long] [plan iscas99__b15_1] [plan] step=271 node=N732 type=observe typed_return_pred=3.763468 sequence=677.625633
[b15-select/frozen_long] [plan iscas99__b15_1] [plan] step=272 node=N2216 type=observe typed_return_pred=3.925181 sequence=681.550814
[b15-select/frozen_long] [plan iscas99__b15_1] [plan] step=273 node=N3219 type=control0 typed_return_pred=2.596638 sequence=684.147452
[b15-select/frozen_long] [plan iscas99__b15_1] [plan] step=274 node=N3429 type=control0 typed_return_pred=2.556536 sequence=686.703988
[b15-select/frozen_long] [plan iscas99__b15_1] [plan] step=275 node=N3434 type=control0 typed_return_pred=2.529144 sequence=689.233132
[b15-select/frozen_long] [plan iscas99__b15_1] [plan] step=276 node=N3439 type=control0 typed_return_pred=2.516565 sequence=691.749697
[b15-select/frozen_long] [plan iscas99__b15_1] [plan] step=277 node=N3444 type=control0 typed_return_pred=2.515643 sequence=694.265340
[b15-select/frozen_long] [plan iscas99__b15_1] [plan] step=278 node=N3449 type=control0 typed_return_pred=2.503631 sequence=696.768971
[b15-select/frozen_long] [plan iscas99__b15_1] saved=autoresearch/loop-260720-0945/model_training_round1/b15_selection/frozen_long/plans/iscas99__b15_1__greedy__cumulative__typed_return_pred__bw1__d1__c48__g1p0__candhard_fault_cluster__div0p0__s0.csv
[b15-select/frozen_long] [gmean] 2026-07-20T14:37:16 [1/1] plan_done benchmark=iscas99__b15_1 plan_sec=173.211 plan_csv=autoresearch/loop-260720-0945/model_training_round1/b15_selection/frozen_long/plans/iscas99__b15_1__greedy__cumulative__typed_return_pred__bw1__d1__c48__g1p0__candhard_fault_cluster__div0p0__s0.csv
[b15-select/frozen_long] [gmean] 2026-07-20T14:37:16 [1/1] eval_start benchmark=iscas99__b15_1 backend=atalanta-bist patterns=300000
[b15-select/frozen_long] [eval iscas99__b15_1] {
[b15-select/frozen_long] [eval iscas99__b15_1]   "records": 2,
[b15-select/frozen_long] [eval iscas99__b15_1]   "labels_csv": "autoresearch/loop-260720-0945/model_training_round1/b15_selection/frozen_long/evals/iscas99__b15_1__greedy__cumulative__typed_return_pred__bw1__d1__c48__g1p0__candhard_fault_cluster__div0p0__s0/labels.csv",
[b15-select/frozen_long] [eval iscas99__b15_1]   "summary_json": "autoresearch/loop-260720-0945/model_training_round1/b15_selection/frozen_long/evals/iscas99__b15_1__greedy__cumulative__typed_return_pred__bw1__d1__c48__g1p0__candhard_fault_cluster__div0p0__s0/summary.json"
[b15-select/frozen_long] [eval iscas99__b15_1] }
[b15-select/frozen_long] [gmean] 2026-07-20T14:37:23 [1/1] eval_done benchmark=iscas99__b15_1 delta_tc=0.10596000000000005 plan_sec=173.211 eval_sec=7.667 total_sec=180.898
[b15-select/frozen_long] [gmean] 2026-07-20T14:37:23 variant_done id=greedy__cumulative__typed_return_pred__bw1__d1__c48__g1p0__candhard_fault_cluster__div0p0__s0 status=ok macro=0.10596000000000005 positives=1 negatives=0 elapsed=180.898
[b15-select/frozen_long] [gmean] 2026-07-20T14:37:23 variant_start id=greedy__cumulative__q_pred_context__bw1__d1__c48__g1p0__candhard_fault_cluster__div0p0__s0
[b15-select/frozen_long] [gmean] 2026-07-20T14:37:23 [1/1] plan_start benchmark=iscas99__b15_1 budget=278 planner=greedy score=q_pred_context
[b15-select/frozen_long] [plan iscas99__b15_1] [plan] torch_deterministic=true
[b15-select/frozen_long] [plan iscas99__b15_1] [plan] candidate_allowlist=autoresearch/original-netlist-recovery-260712/exact_itc99/b15_C/exact_candidate_nodes.txt nodes=7918
[b15-select/frozen_long] [plan iscas99__b15_1] [plan] latent_norm_clip_ratio=4 latent_norm_limit=30.875631
[b15-select/frozen_long] [plan iscas99__b15_1] [plan] step=1 node=N672 type=control1 q_pred_context=5.831974 sequence=5.831974
[b15-select/frozen_long] [plan iscas99__b15_1] [plan] step=2 node=N2155 type=observe q_pred_context=3.703273 sequence=9.535247
[b15-select/frozen_long] [plan iscas99__b15_1] [plan] step=3 node=N502 type=control1 q_pred_context=6.482823 sequence=16.018070
[b15-select/frozen_long] [plan iscas99__b15_1] [plan] step=4 node=N762 type=control1 q_pred_context=8.220071 sequence=24.238141
[b15-select/frozen_long] [plan iscas99__b15_1] [plan] step=5 node=N893 type=control1 q_pred_context=8.179277 sequence=32.417418
[b15-select/frozen_long] [plan iscas99__b15_1] [plan] step=6 node=N5203 type=control1 q_pred_context=4.403814 sequence=36.821232
[b15-select/frozen_long] [plan iscas99__b15_1] [plan] step=7 node=N3605 type=observe q_pred_context=5.177963 sequence=41.999195
[b15-select/frozen_long] [plan iscas99__b15_1] [plan] step=8 node=N2336 type=control1 q_pred_context=7.898495 sequence=49.897690
[b15-select/frozen_long] [plan iscas99__b15_1] [plan] step=9 node=N7510 type=control1 q_pred_context=5.825215 sequence=55.722905
[b15-select/frozen_long] [plan iscas99__b15_1] [plan] step=10 node=N564 type=control1 q_pred_context=8.700000 sequence=64.422905
[b15-select/frozen_long] [plan iscas99__b15_1] [plan] step=11 node=N5234 type=observe q_pred_context=6.175527 sequence=70.598432
[b15-select/frozen_long] [plan iscas99__b15_1] [plan] step=12 node=N5605 type=control1 q_pred_context=8.172630 sequence=78.771061
[b15-select/frozen_long] [plan iscas99__b15_1] [plan] step=13 node=N580 type=control1 q_pred_context=8.410241 sequence=87.181302
[b15-select/frozen_long] [plan iscas99__b15_1] [plan] step=14 node=N2328 type=control1 q_pred_context=8.040000 sequence=95.221302
[b15-select/frozen_long] [plan iscas99__b15_1] [plan] step=15 node=N5143 type=observe q_pred_context=8.078665 sequence=103.299967
[b15-select/frozen_long] [plan iscas99__b15_1] [plan] step=16 node=N1385 type=control1 q_pred_context=8.040000 sequence=111.339967
[b15-select/frozen_long] [plan iscas99__b15_1] [plan] step=17 node=N3644 type=control0 q_pred_context=8.040000 sequence=119.379967
[b15-select/frozen_long] [plan iscas99__b15_1] [plan] step=18 node=N5874 type=observe q_pred_context=8.700000 sequence=128.079967
[b15-select/frozen_long] [plan iscas99__b15_1] [plan] step=19 node=N704 type=observe q_pred_context=8.700000 sequence=136.779967
[b15-select/frozen_long] [plan iscas99__b15_1] [plan] step=20 node=N1853 type=observe q_pred_context=8.700000 sequence=145.479967
[b15-select/frozen_long] [plan iscas99__b15_1] [plan] step=21 node=N1879 type=observe q_pred_context=8.700000 sequence=154.179967
[b15-select/frozen_long] [plan iscas99__b15_1] [plan] step=22 node=N1598 type=observe q_pred_context=8.700000 sequence=162.879967
[b15-select/frozen_long] [plan iscas99__b15_1] [plan] step=23 node=N1437 type=control1 q_pred_context=8.700000 sequence=171.579967
[b15-select/frozen_long] [plan iscas99__b15_1] [plan] step=24 node=N7878 type=control1 q_pred_context=8.040000 sequence=179.619967
[b15-select/frozen_long] [plan iscas99__b15_1] [plan] step=25 node=N757 type=control1 q_pred_context=8.700000 sequence=188.319967
[b15-select/frozen_long] [plan iscas99__b15_1] [plan] step=26 node=N7587 type=control1 q_pred_context=8.700000 sequence=197.019967
[b15-select/frozen_long] [plan iscas99__b15_1] [plan] step=27 node=N7891 type=control1 q_pred_context=8.040000 sequence=205.059967
[b15-select/frozen_long] [plan iscas99__b15_1] [plan] step=28 node=N7876 type=control1 q_pred_context=8.040000 sequence=213.099967
[b15-select/frozen_long] [plan iscas99__b15_1] [plan] step=29 node=N7874 type=control1 q_pred_context=8.040000 sequence=221.139967
[b15-select/frozen_long] [plan iscas99__b15_1] [plan] step=30 node=N7872 type=control1 q_pred_context=8.040000 sequence=229.179967
[b15-select/frozen_long] [plan iscas99__b15_1] [plan] step=31 node=N7881 type=control1 q_pred_context=8.040000 sequence=237.219967
[b15-select/frozen_long] [plan iscas99__b15_1] [plan] step=32 node=N7882 type=control1 q_pred_context=8.040000 sequence=245.259967
[b15-select/frozen_long] [plan iscas99__b15_1] [plan] step=33 node=N7883 type=control1 q_pred_context=8.040000 sequence=253.299967
[b15-select/frozen_long] [plan iscas99__b15_1] [plan] step=34 node=N7884 type=control1 q_pred_context=8.040000 sequence=261.339967
[b15-select/frozen_long] [plan iscas99__b15_1] [plan] step=35 node=N7885 type=control1 q_pred_context=8.040000 sequence=269.379967
[b15-select/frozen_long] [plan iscas99__b15_1] [plan] step=36 node=N7886 type=control1 q_pred_context=8.040000 sequence=277.419967
[b15-select/frozen_long] [plan iscas99__b15_1] [plan] step=37 node=N7887 type=control1 q_pred_context=8.040000 sequence=285.459967
[b15-select/frozen_long] [plan iscas99__b15_1] [plan] step=38 node=N7888 type=control1 q_pred_context=8.040000 sequence=293.499967
[b15-select/frozen_long] [plan iscas99__b15_1] [plan] step=39 node=N7889 type=control1 q_pred_context=8.040000 sequence=301.539967
[b15-select/frozen_long] [plan iscas99__b15_1] [plan] step=40 node=N7890 type=control1 q_pred_context=8.040000 sequence=309.579967
[b15-select/frozen_long] [plan iscas99__b15_1] [plan] step=41 node=N7513 type=control1 q_pred_context=8.487565 sequence=318.067532
[b15-select/frozen_long] [plan iscas99__b15_1] [plan] step=42 node=N7880 type=control1 q_pred_context=8.040000 sequence=326.107532
[b15-select/frozen_long] [plan iscas99__b15_1] [plan] step=43 node=N1372 type=observe q_pred_context=7.380000 sequence=333.487532
[b15-select/frozen_long] [plan iscas99__b15_1] [plan] step=44 node=N2083 type=observe q_pred_context=5.730000 sequence=339.217532
[b15-select/frozen_long] [plan iscas99__b15_1] [plan] step=45 node=N1532 type=observe q_pred_context=8.040000 sequence=347.257532
[b15-select/frozen_long] [plan iscas99__b15_1] [plan] step=46 node=N7411 type=control1 q_pred_context=3.420000 sequence=350.677532
[b15-select/frozen_long] [plan iscas99__b15_1] [plan] step=47 node=N6538 type=observe q_pred_context=3.678299 sequence=354.355832
[b15-select/frozen_long] [plan iscas99__b15_1] [plan] step=48 node=N7370 type=control1 q_pred_context=8.237375 sequence=362.593207
[b15-select/frozen_long] [plan iscas99__b15_1] [plan] step=49 node=N7413 type=control1 q_pred_context=3.420000 sequence=366.013207
[b15-select/frozen_long] [plan iscas99__b15_1] [plan] step=50 node=N504 type=control1 q_pred_context=8.353375 sequence=374.366582
[b15-select/frozen_long] [plan iscas99__b15_1] [plan] step=51 node=N2008 type=observe q_pred_context=5.070000 sequence=379.436582
[b15-select/frozen_long] [plan iscas99__b15_1] [plan] step=52 node=N2082 type=observe q_pred_context=2.760000 sequence=382.196582
[b15-select/frozen_long] [plan iscas99__b15_1] [plan] step=53 node=N2056 type=observe q_pred_context=2.760000 sequence=384.956582
[b15-select/frozen_long] [plan iscas99__b15_1] [plan] step=54 node=N557 type=control1 q_pred_context=3.420000 sequence=388.376582
[b15-select/frozen_long] [plan iscas99__b15_1] [plan] step=55 node=N2580 type=control1 q_pred_context=8.040000 sequence=396.416582
[b15-select/frozen_long] [plan iscas99__b15_1] [plan] step=56 node=N2058 type=observe q_pred_context=2.760000 sequence=399.176582
[b15-select/frozen_long] [plan iscas99__b15_1] [plan] step=57 node=N2060 type=observe q_pred_context=2.760000 sequence=401.936582
[b15-select/frozen_long] [plan iscas99__b15_1] [plan] step=58 node=N2062 type=observe q_pred_context=2.536892 sequence=404.473475
[b15-select/frozen_long] [plan iscas99__b15_1] [plan] step=59 node=N2064 type=observe q_pred_context=2.535705 sequence=407.009179
[b15-select/frozen_long] [plan iscas99__b15_1] [plan] step=60 node=N2066 type=observe q_pred_context=2.573344 sequence=409.582524
[b15-select/frozen_long] [plan iscas99__b15_1] [plan] step=61 node=N4628 type=observe q_pred_context=5.423005 sequence=415.005529
[b15-select/frozen_long] [plan iscas99__b15_1] [plan] step=62 node=N713 type=observe q_pred_context=8.450300 sequence=423.455828
[b15-select/frozen_long] [plan iscas99__b15_1] [plan] step=63 node=N724 type=observe q_pred_context=8.700000 sequence=432.155828
[b15-select/frozen_long] [plan iscas99__b15_1] [plan] step=64 node=N5867 type=observe q_pred_context=5.485611 sequence=437.641440
[b15-select/frozen_long] [plan iscas99__b15_1] [plan] step=65 node=N5046 type=observe q_pred_context=8.040000 sequence=445.681440
[b15-select/frozen_long] [plan iscas99__b15_1] [plan] step=66 node=N2101 type=observe q_pred_context=8.507323 sequence=454.188762
[b15-select/frozen_long] [plan iscas99__b15_1] [plan] step=67 node=N7875 type=control1 q_pred_context=7.694496 sequence=461.883258
[b15-select/frozen_long] [plan iscas99__b15_1] [plan] step=68 node=N771 type=observe q_pred_context=2.760000 sequence=464.643258
[b15-select/frozen_long] [plan iscas99__b15_1] [plan] step=69 node=N752 type=observe q_pred_context=2.760000 sequence=467.403258
[b15-select/frozen_long] [plan iscas99__b15_1] [plan] step=70 node=N4621 type=observe q_pred_context=5.730000 sequence=473.133258
[b15-select/frozen_long] [plan iscas99__b15_1] [plan] step=71 node=N7613 type=observe q_pred_context=8.650893 sequence=481.784151
[b15-select/frozen_long] [plan iscas99__b15_1] [plan] step=72 node=N578 type=observe q_pred_context=8.700000 sequence=490.484151
[b15-select/frozen_long] [plan iscas99__b15_1] [plan] step=73 node=N694 type=observe q_pred_context=8.497702 sequence=498.981853
[b15-select/frozen_long] [plan iscas99__b15_1] [plan] step=74 node=N7401 type=observe q_pred_context=8.700000 sequence=507.681853
[b15-select/frozen_long] [plan iscas99__b15_1] [plan] step=75 node=N2102 type=observe q_pred_context=8.700000 sequence=516.381853
[b15-select/frozen_long] [plan iscas99__b15_1] [plan] step=76 node=N5876 type=observe q_pred_context=8.040000 sequence=524.421853
[b15-select/frozen_long] [plan iscas99__b15_1] [plan] step=77 node=N2157 type=observe q_pred_context=8.700000 sequence=533.121853
[b15-select/frozen_long] [plan iscas99__b15_1] [plan] step=78 node=N763 type=observe q_pred_context=8.176558 sequence=541.298411
[b15-select/frozen_long] [plan iscas99__b15_1] [plan] step=79 node=N2106 type=observe q_pred_context=7.815208 sequence=549.113619
[b15-select/frozen_long] [plan iscas99__b15_1] [plan] step=80 node=N7402 type=observe q_pred_context=7.809880 sequence=556.923500
[b15-select/frozen_long] [plan iscas99__b15_1] [plan] step=81 node=N5878 type=observe q_pred_context=7.730911 sequence=564.654411
[b15-select/frozen_long] [plan iscas99__b15_1] [plan] step=82 node=N2149 type=observe q_pred_context=7.806396 sequence=572.460807
[b15-select/frozen_long] [plan iscas99__b15_1] [plan] step=83 node=N7679 type=observe q_pred_context=5.730000 sequence=578.190807
[b15-select/frozen_long] [plan iscas99__b15_1] [plan] step=84 node=N7627 type=observe q_pred_context=5.478528 sequence=583.669335
[b15-select/frozen_long] [plan iscas99__b15_1] [plan] step=85 node=N5356 type=observe q_pred_context=8.477761 sequence=592.147096
[b15-select/frozen_long] [plan iscas99__b15_1] [plan] step=86 node=N4585 type=control0 q_pred_context=3.871508 sequence=596.018604
[b15-select/frozen_long] [plan iscas99__b15_1] [plan] step=87 node=N2072 type=observe q_pred_context=2.760000 sequence=598.778604
[b15-select/frozen_long] [plan iscas99__b15_1] [plan] step=88 node=N754 type=observe q_pred_context=2.760000 sequence=601.538604
[b15-select/frozen_long] [plan iscas99__b15_1] [plan] step=89 node=N715 type=observe q_pred_context=8.040000 sequence=609.578604
[b15-select/frozen_long] [plan iscas99__b15_1] [plan] step=90 node=N7385 type=observe q_pred_context=8.040000 sequence=617.618604
[b15-select/frozen_long] [plan iscas99__b15_1] [plan] step=91 node=N722 type=observe q_pred_context=8.700000 sequence=626.318604
[b15-select/frozen_long] [plan iscas99__b15_1] [plan] step=92 node=N714 type=observe q_pred_context=8.700000 sequence=635.018604
[b15-select/frozen_long] [plan iscas99__b15_1] [plan] step=93 node=N2068 type=observe q_pred_context=2.760000 sequence=637.778604
[b15-select/frozen_long] [plan iscas99__b15_1] [plan] step=94 node=N2054 type=observe q_pred_context=2.760000 sequence=640.538604
[b15-select/frozen_long] [plan iscas99__b15_1] [plan] step=95 node=N2052 type=observe q_pred_context=2.760000 sequence=643.298604
[b15-select/frozen_long] [plan iscas99__b15_1] [plan] step=96 node=N765 type=observe q_pred_context=5.730000 sequence=649.028604
[b15-select/frozen_long] [plan iscas99__b15_1] [plan] step=97 node=N725 type=observe q_pred_context=8.700000 sequence=657.728604
[b15-select/frozen_long] [plan iscas99__b15_1] [plan] step=98 node=N712 type=observe q_pred_context=8.700000 sequence=666.428604
[b15-select/frozen_long] [plan iscas99__b15_1] [plan] step=99 node=N7436 type=observe q_pred_context=8.700000 sequence=675.128604
[b15-select/frozen_long] [plan iscas99__b15_1] [plan] step=100 node=N723 type=observe q_pred_context=8.700000 sequence=683.828604
[b15-select/frozen_long] [plan iscas99__b15_1] [plan] step=101 node=N7454 type=observe q_pred_context=2.760000 sequence=686.588604
[b15-select/frozen_long] [plan iscas99__b15_1] [plan] step=102 node=N703 type=observe q_pred_context=8.700000 sequence=695.288604
[b15-select/frozen_long] [plan iscas99__b15_1] [plan] step=103 node=N5740 type=observe q_pred_context=5.730000 sequence=701.018604
[b15-select/frozen_long] [plan iscas99__b15_1] [plan] step=104 node=N764 type=observe q_pred_context=5.730000 sequence=706.748604
[b15-select/frozen_long] [plan iscas99__b15_1] [plan] step=105 node=N706 type=observe q_pred_context=8.700000 sequence=715.448604
[b15-select/frozen_long] [plan iscas99__b15_1] [plan] step=106 node=N5473 type=observe q_pred_context=5.730000 sequence=721.178604
[b15-select/frozen_long] [plan iscas99__b15_1] [plan] step=107 node=N705 type=observe q_pred_context=8.700000 sequence=729.878604
[b15-select/frozen_long] [plan iscas99__b15_1] [plan] step=108 node=N7439 type=observe q_pred_context=8.700000 sequence=738.578604
[b15-select/frozen_long] [plan iscas99__b15_1] [plan] step=109 node=N5422 type=observe q_pred_context=5.730000 sequence=744.308604
[b15-select/frozen_long] [plan iscas99__b15_1] [plan] step=110 node=N679 type=observe q_pred_context=8.700000 sequence=753.008604
[b15-select/frozen_long] [plan iscas99__b15_1] [plan] step=111 node=N5456 type=observe q_pred_context=5.730000 sequence=758.738604
[b15-select/frozen_long] [plan iscas99__b15_1] [plan] step=112 node=N2151 type=observe q_pred_context=8.700000 sequence=767.438604
[b15-select/frozen_long] [plan iscas99__b15_1] [plan] step=113 node=N759 type=observe q_pred_context=5.730000 sequence=773.168604
[b15-select/frozen_long] [plan iscas99__b15_1] [plan] step=114 node=N7432 type=observe q_pred_context=8.440511 sequence=781.609115
[b15-select/frozen_long] [plan iscas99__b15_1] [plan] step=115 node=N758 type=observe q_pred_context=5.730000 sequence=787.339115
[b15-select/frozen_long] [plan iscas99__b15_1] [plan] step=116 node=N5202 type=observe q_pred_context=8.700000 sequence=796.039115
[b15-select/frozen_long] [plan iscas99__b15_1] [plan] step=117 node=N719 type=observe q_pred_context=8.700000 sequence=804.739115
[b15-select/frozen_long] [plan iscas99__b15_1] [plan] step=118 node=N756 type=observe q_pred_context=5.450053 sequence=810.189168
[b15-select/frozen_long] [plan iscas99__b15_1] [plan] step=119 node=N734 type=observe q_pred_context=8.700000 sequence=818.889168
[b15-select/frozen_long] [plan iscas99__b15_1] [plan] step=120 node=N708 type=observe q_pred_context=8.700000 sequence=827.589168
[b15-select/frozen_long] [plan iscas99__b15_1] [plan] step=121 node=N7382 type=observe q_pred_context=6.708064 sequence=834.297232
[b15-select/frozen_long] [plan iscas99__b15_1] [plan] step=122 node=N699 type=observe q_pred_context=8.700000 sequence=842.997232
[b15-select/frozen_long] [plan iscas99__b15_1] [plan] step=123 node=N1351 type=observe q_pred_context=8.040000 sequence=851.037232
[b15-select/frozen_long] [plan iscas99__b15_1] [plan] step=124 node=N2159 type=observe q_pred_context=8.700000 sequence=859.737232
[b15-select/frozen_long] [plan iscas99__b15_1] [plan] step=125 node=N5390 type=observe q_pred_context=8.040000 sequence=867.777232
[b15-select/frozen_long] [plan iscas99__b15_1] [plan] step=126 node=N5373 type=observe q_pred_context=8.040000 sequence=875.817232
[b15-select/frozen_long] [plan iscas99__b15_1] [plan] step=127 node=N2314 type=control1 q_pred_context=8.365489 sequence=884.182721
[b15-select/frozen_long] [plan iscas99__b15_1] [plan] step=128 node=N7590 type=control1 q_pred_context=8.365302 sequence=892.548023
[b15-select/frozen_long] [plan iscas99__b15_1] [plan] step=129 node=N7380 type=observe q_pred_context=8.040000 sequence=900.588023
[b15-select/frozen_long] [plan iscas99__b15_1] [plan] step=130 node=N686 type=observe q_pred_context=8.700000 sequence=909.288023
[b15-select/frozen_long] [plan iscas99__b15_1] [plan] step=131 node=N6675 type=observe q_pred_context=8.700000 sequence=917.988023
[b15-select/frozen_long] [plan iscas99__b15_1] [plan] step=132 node=N684 type=observe q_pred_context=8.700000 sequence=926.688023
[b15-select/frozen_long] [plan iscas99__b15_1] [plan] step=133 node=N729 type=observe q_pred_context=8.040000 sequence=934.728023
[b15-select/frozen_long] [plan iscas99__b15_1] [plan] step=134 node=N7421 type=control1 q_pred_context=8.160698 sequence=942.888721
[b15-select/frozen_long] [plan iscas99__b15_1] [plan] step=135 node=N1533 type=control1 q_pred_context=8.040000 sequence=950.928721
[b15-select/frozen_long] [plan iscas99__b15_1] [plan] step=136 node=N7588 type=control1 q_pred_context=7.445639 sequence=958.374360
[b15-select/frozen_long] [plan iscas99__b15_1] [plan] step=137 node=N7383 type=observe q_pred_context=8.040000 sequence=966.414360
[b15-select/frozen_long] [plan iscas99__b15_1] [plan] step=138 node=N689 type=observe q_pred_context=8.700000 sequence=975.114360
[b15-select/frozen_long] [plan iscas99__b15_1] [plan] step=139 node=N6677 type=observe q_pred_context=8.310344 sequence=983.424704
[b15-select/frozen_long] [plan iscas99__b15_1] [plan] step=140 node=N5735 type=observe q_pred_context=8.040000 sequence=991.464704
[b15-select/frozen_long] [plan iscas99__b15_1] [plan] step=141 node=N2271 type=observe q_pred_context=8.510849 sequence=999.975552
[b15-select/frozen_long] [plan iscas99__b15_1] [plan] step=142 node=N5439 type=observe q_pred_context=8.040000 sequence=1008.015552
[b15-select/frozen_long] [plan iscas99__b15_1] [plan] step=143 node=N5334 type=observe q_pred_context=8.040000 sequence=1016.055552
[b15-select/frozen_long] [plan iscas99__b15_1] [plan] step=144 node=N7409 type=observe q_pred_context=8.040000 sequence=1024.095552
[b15-select/frozen_long] [plan iscas99__b15_1] [plan] step=145 node=N5111 type=observe q_pred_context=8.040000 sequence=1032.135552
[b15-select/frozen_long] [plan iscas99__b15_1] [plan] step=146 node=N2259 type=observe q_pred_context=8.700000 sequence=1040.835552
[b15-select/frozen_long] [plan iscas99__b15_1] [plan] step=147 node=N6678 type=observe q_pred_context=8.700000 sequence=1049.535552
[b15-select/frozen_long] [plan iscas99__b15_1] [plan] step=148 node=N632 type=control1 q_pred_context=8.040000 sequence=1057.575552
[b15-select/frozen_long] [plan iscas99__b15_1] [plan] step=149 node=N737 type=control1 q_pred_context=8.040000 sequence=1065.615552
[b15-select/frozen_long] [plan iscas99__b15_1] [plan] step=150 node=N7870 type=control1 q_pred_context=8.157097 sequence=1073.772650
[b15-select/frozen_long] [plan iscas99__b15_1] [plan] step=151 node=N7379 type=observe q_pred_context=8.040000 sequence=1081.812650
[b15-select/frozen_long] [plan iscas99__b15_1] [plan] step=152 node=N695 type=observe q_pred_context=8.700000 sequence=1090.512650
[b15-select/frozen_long] [plan iscas99__b15_1] [plan] step=153 node=N2267 type=observe q_pred_context=8.407457 sequence=1098.920106
[b15-select/frozen_long] [plan iscas99__b15_1] [plan] step=154 node=N640 type=control1 q_pred_context=6.813587 sequence=1105.733693
[b15-select/frozen_long] [plan iscas99__b15_1] [plan] step=155 node=N519 type=control1 q_pred_context=8.040000 sequence=1113.773693
[b15-select/frozen_long] [plan iscas99__b15_1] [plan] step=156 node=N516 type=control1 q_pred_context=8.040000 sequence=1121.813693
[b15-select/frozen_long] [plan iscas99__b15_1] [plan] step=157 node=N513 type=control1 q_pred_context=8.040000 sequence=1129.853693
[b15-select/frozen_long] [plan iscas99__b15_1] [plan] step=158 node=N507 type=control1 q_pred_context=8.040000 sequence=1137.893693
[b15-select/frozen_long] [plan iscas99__b15_1] [plan] step=159 node=N753 type=observe q_pred_context=5.730000 sequence=1143.623693
[b15-select/frozen_long] [plan iscas99__b15_1] [plan] step=160 node=N696 type=observe q_pred_context=8.639343 sequence=1152.263035
[b15-select/frozen_long] [plan iscas99__b15_1] [plan] step=161 node=N2243 type=observe q_pred_context=8.075070 sequence=1160.338106
[b15-select/frozen_long] [plan iscas99__b15_1] [plan] step=162 node=N7381 type=observe q_pred_context=5.730000 sequence=1166.068106
[b15-select/frozen_long] [plan iscas99__b15_1] [plan] step=163 node=N697 type=observe q_pred_context=8.700000 sequence=1174.768106
[b15-select/frozen_long] [plan iscas99__b15_1] [plan] step=164 node=N2263 type=observe q_pred_context=8.700000 sequence=1183.468106
[b15-select/frozen_long] [plan iscas99__b15_1] [plan] step=165 node=N5160 type=observe q_pred_context=5.730000 sequence=1189.198106
[b15-select/frozen_long] [plan iscas99__b15_1] [plan] step=166 node=N6685 type=observe q_pred_context=8.700000 sequence=1197.898106
[b15-select/frozen_long] [plan iscas99__b15_1] [plan] step=167 node=N2251 type=observe q_pred_context=8.700000 sequence=1206.598106
[b15-select/frozen_long] [plan iscas99__b15_1] [plan] step=168 node=N7443 type=observe q_pred_context=8.040000 sequence=1214.638106
[b15-select/frozen_long] [plan iscas99__b15_1] [plan] step=169 node=N2247 type=observe q_pred_context=8.537323 sequence=1223.175429
[b15-select/frozen_long] [plan iscas99__b15_1] [plan] step=170 node=N2216 type=observe q_pred_context=8.660121 sequence=1231.835550
[b15-select/frozen_long] [plan iscas99__b15_1] [plan] step=171 node=N5094 type=observe q_pred_context=5.730000 sequence=1237.565550
[b15-select/frozen_long] [plan iscas99__b15_1] [plan] step=172 node=N6682 type=observe q_pred_context=8.465746 sequence=1246.031295
[b15-select/frozen_long] [plan iscas99__b15_1] [plan] step=173 node=N1352 type=observe q_pred_context=8.040000 sequence=1254.071295
[b15-select/frozen_long] [plan iscas99__b15_1] [plan] step=174 node=N680 type=observe q_pred_context=8.700000 sequence=1262.771295
[b15-select/frozen_long] [plan iscas99__b15_1] [plan] step=175 node=N7408 type=observe q_pred_context=8.040000 sequence=1270.811295
[b15-select/frozen_long] [plan iscas99__b15_1] [plan] step=176 node=N732 type=observe q_pred_context=8.700000 sequence=1279.511295
[b15-select/frozen_long] [plan iscas99__b15_1] [plan] step=177 node=N2218 type=observe q_pred_context=8.700000 sequence=1288.211295
[b15-select/frozen_long] [plan iscas99__b15_1] [plan] step=178 node=N6668 type=observe q_pred_context=8.700000 sequence=1296.911295
[b15-select/frozen_long] [plan iscas99__b15_1] [plan] step=179 node=N2185 type=observe q_pred_context=8.040000 sequence=1304.951295
[b15-select/frozen_long] [plan iscas99__b15_1] [plan] step=180 node=N2255 type=observe q_pred_context=8.040000 sequence=1312.991295
[b15-select/frozen_long] [plan iscas99__b15_1] [plan] step=181 node=N2203 type=observe q_pred_context=8.040000 sequence=1321.031295
[b15-select/frozen_long] [plan iscas99__b15_1] [plan] step=182 node=N4900 type=observe q_pred_context=8.040000 sequence=1329.071295
[b15-select/frozen_long] [plan iscas99__b15_1] [plan] step=183 node=N717 type=observe q_pred_context=8.040000 sequence=1337.111295
[b15-select/frozen_long] [plan iscas99__b15_1] [plan] step=184 node=N2205 type=observe q_pred_context=8.040000 sequence=1345.151295
[b15-select/frozen_long] [plan iscas99__b15_1] [plan] step=185 node=N6660 type=observe q_pred_context=8.040000 sequence=1353.191295
[b15-select/frozen_long] [plan iscas99__b15_1] [plan] step=186 node=N733 type=observe q_pred_context=8.040000 sequence=1361.231295
[b15-select/frozen_long] [plan iscas99__b15_1] [plan] step=187 node=N2201 type=observe q_pred_context=8.040000 sequence=1369.271295
[b15-select/frozen_long] [plan iscas99__b15_1] [plan] step=188 node=N7452 type=observe q_pred_context=5.730000 sequence=1375.001295
[b15-select/frozen_long] [plan iscas99__b15_1] [plan] step=189 node=N735 type=observe q_pred_context=8.040000 sequence=1383.041295
[b15-select/frozen_long] [plan iscas99__b15_1] [plan] step=190 node=N2226 type=observe q_pred_context=8.040000 sequence=1391.081295
[b15-select/frozen_long] [plan iscas99__b15_1] [plan] step=191 node=N6658 type=observe q_pred_context=8.040000 sequence=1399.121295
[b15-select/frozen_long] [plan iscas99__b15_1] [plan] step=192 node=N2212 type=observe q_pred_context=8.040000 sequence=1407.161295
[b15-select/frozen_long] [plan iscas99__b15_1] [plan] step=193 node=N2214 type=observe q_pred_context=8.040000 sequence=1415.201295
[b15-select/frozen_long] [plan iscas99__b15_1] [plan] step=194 node=N6656 type=observe q_pred_context=8.040000 sequence=1423.241295
[b15-select/frozen_long] [plan iscas99__b15_1] [plan] step=195 node=N2220 type=observe q_pred_context=8.040000 sequence=1431.281295
[b15-select/frozen_long] [plan iscas99__b15_1] [plan] step=196 node=N1348 type=observe q_pred_context=8.040000 sequence=1439.321295
[b15-select/frozen_long] [plan iscas99__b15_1] [plan] step=197 node=N2222 type=observe q_pred_context=8.040000 sequence=1447.361295
[b15-select/frozen_long] [plan iscas99__b15_1] [plan] step=198 node=N1347 type=observe q_pred_context=8.040000 sequence=1455.401295
[b15-select/frozen_long] [plan iscas99__b15_1] [plan] step=199 node=N2207 type=observe q_pred_context=8.040000 sequence=1463.441295
[b15-select/frozen_long] [plan iscas99__b15_1] [plan] step=200 node=N6537 type=observe q_pred_context=5.730000 sequence=1469.171295
[b15-select/frozen_long] [plan iscas99__b15_1] [plan] step=201 node=N2050 type=observe q_pred_context=5.730000 sequence=1474.901295
[b15-select/frozen_long] [plan iscas99__b15_1] [plan] step=202 node=N4716 type=control0 q_pred_context=8.040000 sequence=1482.941295
[b15-select/frozen_long] [plan iscas99__b15_1] [plan] step=203 node=N6657 type=observe q_pred_context=5.730000 sequence=1488.671295
[b15-select/frozen_long] [plan iscas99__b15_1] [plan] step=204 node=N730 type=observe q_pred_context=8.040000 sequence=1496.711295
[b15-select/frozen_long] [plan iscas99__b15_1] [plan] step=205 node=N4774 type=observe q_pred_context=5.730000 sequence=1502.441295
[b15-select/frozen_long] [plan iscas99__b15_1] [plan] step=206 node=N2209 type=observe q_pred_context=8.040000 sequence=1510.481295
[b15-select/frozen_long] [plan iscas99__b15_1] [plan] step=207 node=N685 type=observe q_pred_context=8.040000 sequence=1518.521295
[b15-select/frozen_long] [plan iscas99__b15_1] [plan] step=208 node=N4790 type=observe q_pred_context=5.730000 sequence=1524.251295
[b15-select/frozen_long] [plan iscas99__b15_1] [plan] step=209 node=N4758 type=observe q_pred_context=8.040000 sequence=1532.291295
[b15-select/frozen_long] [plan iscas99__b15_1] [plan] step=210 node=N6684 type=observe q_pred_context=8.040000 sequence=1540.331295
[b15-select/frozen_long] [plan iscas99__b15_1] [plan] step=211 node=N4798 type=observe q_pred_context=8.040000 sequence=1548.371295
[b15-select/frozen_long] [plan iscas99__b15_1] [plan] step=212 node=N687 type=observe q_pred_context=8.040000 sequence=1556.411295
[b15-select/frozen_long] [plan iscas99__b15_1] [plan] step=213 node=N6680 type=observe q_pred_context=5.730000 sequence=1562.141295
[b15-select/frozen_long] [plan iscas99__b15_1] [plan] step=214 node=N3180 type=control1 q_pred_context=8.700000 sequence=1570.841295
[b15-select/frozen_long] [plan iscas99__b15_1] [plan] step=215 node=N690 type=observe q_pred_context=8.040000 sequence=1578.881295
[b15-select/frozen_long] [plan iscas99__b15_1] [plan] step=216 node=N4766 type=observe q_pred_context=8.040000 sequence=1586.921295
[b15-select/frozen_long] [plan iscas99__b15_1] [plan] step=217 node=N3124 type=control1 q_pred_context=8.700000 sequence=1595.621295
[b15-select/frozen_long] [plan iscas99__b15_1] [plan] step=218 node=N727 type=observe q_pred_context=8.040000 sequence=1603.661295
[b15-select/frozen_long] [plan iscas99__b15_1] [plan] step=219 node=N728 type=observe q_pred_context=8.040000 sequence=1611.701295
[b15-select/frozen_long] [plan iscas99__b15_1] [plan] step=220 node=N3352 type=control1 q_pred_context=8.040000 sequence=1619.741295
[b15-select/frozen_long] [plan iscas99__b15_1] [plan] step=221 node=N620 type=control1 q_pred_context=8.040000 sequence=1627.781295
[b15-select/frozen_long] [plan iscas99__b15_1] [plan] step=222 node=N3410 type=control1 q_pred_context=8.040000 sequence=1635.821295
[b15-select/frozen_long] [plan iscas99__b15_1] [plan] step=223 node=N638 type=control1 q_pred_context=8.040000 sequence=1643.861295
[b15-select/frozen_long] [plan iscas99__b15_1] [plan] step=224 node=N6659 type=observe q_pred_context=5.730000 sequence=1649.591295
[b15-select/frozen_long] [plan iscas99__b15_1] [plan] step=225 node=N7518 type=observe q_pred_context=8.040000 sequence=1657.631295
[b15-select/frozen_long] [plan iscas99__b15_1] [plan] step=226 node=N7397 type=observe q_pred_context=5.730000 sequence=1663.361295
[b15-select/frozen_long] [plan iscas99__b15_1] [plan] step=227 node=N4614 type=observe q_pred_context=8.040000 sequence=1671.401295
[b15-select/frozen_long] [plan iscas99__b15_1] [plan] step=228 node=N8470 type=observe q_pred_context=8.040000 sequence=1679.441295
[b15-select/frozen_long] [plan iscas99__b15_1] [plan] step=229 node=N4845 type=observe q_pred_context=8.040000 sequence=1687.481295
[b15-select/frozen_long] [plan iscas99__b15_1] [plan] step=230 node=N681 type=observe q_pred_context=8.040000 sequence=1695.521295
[b15-select/frozen_long] [plan iscas99__b15_1] [plan] step=231 node=N5034 type=observe q_pred_context=8.040000 sequence=1703.561295
[b15-select/frozen_long] [plan iscas99__b15_1] [plan] step=232 node=N4813 type=observe q_pred_context=8.040000 sequence=1711.601295
[b15-select/frozen_long] [plan iscas99__b15_1] [plan] step=233 node=N6586 type=observe q_pred_context=8.040000 sequence=1719.641295
[b15-select/frozen_long] [plan iscas99__b15_1] [plan] step=234 node=N1353 type=observe q_pred_context=8.040000 sequence=1727.681295
[b15-select/frozen_long] [plan iscas99__b15_1] [plan] step=235 node=N4821 type=observe q_pred_context=8.040000 sequence=1735.721295
[b15-select/frozen_long] [plan iscas99__b15_1] [plan] step=236 node=N2179 type=observe q_pred_context=8.040000 sequence=1743.761295
[b15-select/frozen_long] [plan iscas99__b15_1] [plan] step=237 node=N6679 type=observe q_pred_context=5.730000 sequence=1749.491295
[b15-select/frozen_long] [plan iscas99__b15_1] [plan] step=238 node=N2175 type=observe q_pred_context=8.040000 sequence=1757.531295
[b15-select/frozen_long] [plan iscas99__b15_1] [plan] step=239 node=N2171 type=observe q_pred_context=8.040000 sequence=1765.571295
[b15-select/frozen_long] [plan iscas99__b15_1] [plan] step=240 node=N4809 type=observe q_pred_context=8.040000 sequence=1773.611295
[b15-select/frozen_long] [plan iscas99__b15_1] [plan] step=241 node=N2163 type=observe q_pred_context=8.040000 sequence=1781.651295
[b15-select/frozen_long] [plan iscas99__b15_1] [plan] step=242 node=N6683 type=observe q_pred_context=5.730000 sequence=1787.381295
[b15-select/frozen_long] [plan iscas99__b15_1] [plan] step=243 node=N7422 type=observe q_pred_context=8.040000 sequence=1795.421295
[b15-select/frozen_long] [plan iscas99__b15_1] [plan] step=244 node=N1346 type=observe q_pred_context=8.040000 sequence=1803.461295
[b15-select/frozen_long] [plan iscas99__b15_1] [plan] step=245 node=N2167 type=observe q_pred_context=8.700000 sequence=1812.161295
[b15-select/frozen_long] [plan iscas99__b15_1] [plan] step=246 node=N8111 type=observe q_pred_context=8.040000 sequence=1820.201295
[b15-select/frozen_long] [plan iscas99__b15_1] [plan] step=247 node=N4837 type=observe q_pred_context=8.040000 sequence=1828.241295
[b15-select/frozen_long] [plan iscas99__b15_1] [plan] step=248 node=N707 type=observe q_pred_context=8.040000 sequence=1836.281295
[b15-select/frozen_long] [plan iscas99__b15_1] [plan] step=249 node=N701 type=observe q_pred_context=8.040000 sequence=1844.321295
[b15-select/frozen_long] [plan iscas99__b15_1] [plan] step=250 node=N8113 type=observe q_pred_context=8.040000 sequence=1852.361295
[b15-select/frozen_long] [plan iscas99__b15_1] [plan] step=251 node=N7871 type=control1 q_pred_context=8.253425 sequence=1860.614720
[b15-select/frozen_long] [plan iscas99__b15_1] [plan] step=252 node=N6670 type=observe q_pred_context=5.730000 sequence=1866.344720
[b15-select/frozen_long] [plan iscas99__b15_1] [plan] step=253 node=N4557 type=control0 q_pred_context=8.450327 sequence=1874.795048
[b15-select/frozen_long] [plan iscas99__b15_1] [plan] step=254 node=N2046 type=observe q_pred_context=8.040000 sequence=1882.835048
[b15-select/frozen_long] [plan iscas99__b15_1] [plan] step=255 node=N2014 type=observe q_pred_context=8.040000 sequence=1890.875048
[b15-select/frozen_long] [plan iscas99__b15_1] [plan] step=256 node=N2026 type=observe q_pred_context=8.040000 sequence=1898.915048
[b15-select/frozen_long] [plan iscas99__b15_1] [plan] step=257 node=N1701 type=observe q_pred_context=8.040000 sequence=1906.955048
[b15-select/frozen_long] [plan iscas99__b15_1] [plan] step=258 node=N3237 type=control1 q_pred_context=8.136994 sequence=1915.092042
[b15-select/frozen_long] [plan iscas99__b15_1] [plan] step=259 node=N4861 type=observe q_pred_context=8.220419 sequence=1923.312460
[b15-select/frozen_long] [plan iscas99__b15_1] [plan] step=260 node=N4853 type=observe q_pred_context=8.162661 sequence=1931.475121
[b15-select/frozen_long] [plan iscas99__b15_1] [plan] step=261 node=N8482 type=observe q_pred_context=8.314045 sequence=1939.789166
[b15-select/frozen_long] [plan iscas99__b15_1] [plan] step=262 node=N691 type=observe q_pred_context=8.274741 sequence=1948.063907
[b15-select/frozen_long] [plan iscas99__b15_1] [plan] step=263 node=N5617 type=observe q_pred_context=7.988506 sequence=1956.052413
[b15-select/frozen_long] [plan iscas99__b15_1] [plan] step=264 node=N656 type=observe q_pred_context=8.113150 sequence=1964.165562
[b15-select/frozen_long] [plan iscas99__b15_1] [plan] step=265 node=N666 type=observe q_pred_context=8.077941 sequence=1972.243503
[b15-select/frozen_long] [plan iscas99__b15_1] [plan] step=266 node=N670 type=observe q_pred_context=8.103108 sequence=1980.346611
[b15-select/frozen_long] [plan iscas99__b15_1] [plan] step=267 node=N675 type=observe q_pred_context=8.122238 sequence=1988.468850
[b15-select/frozen_long] [plan iscas99__b15_1] [plan] step=268 node=N718 type=observe q_pred_context=8.140105 sequence=1996.608955
[b15-select/frozen_long] [plan iscas99__b15_1] [plan] step=269 node=N682 type=observe q_pred_context=8.156761 sequence=2004.765715
[b15-select/frozen_long] [plan iscas99__b15_1] [plan] step=270 node=N8484 type=observe q_pred_context=8.212565 sequence=2012.978280
[b15-select/frozen_long] [plan iscas99__b15_1] [plan] step=271 node=N2113 type=observe q_pred_context=8.251655 sequence=2021.229935
[b15-select/frozen_long] [plan iscas99__b15_1] [plan] step=272 node=N8454 type=observe q_pred_context=8.040000 sequence=2029.269935
[b15-select/frozen_long] [plan iscas99__b15_1] [plan] step=273 node=N6570 type=observe q_pred_context=8.105085 sequence=2037.375021
[b15-select/frozen_long] [plan iscas99__b15_1] [plan] step=274 node=N710 type=observe q_pred_context=8.188208 sequence=2045.563228
[b15-select/frozen_long] [plan iscas99__b15_1] [plan] step=275 node=N4904 type=observe q_pred_context=7.255937 sequence=2052.819165
[b15-select/frozen_long] [plan iscas99__b15_1] [plan] step=276 node=N6569 type=observe q_pred_context=8.012470 sequence=2060.831635
[b15-select/frozen_long] [plan iscas99__b15_1] [plan] step=277 node=N4750 type=observe q_pred_context=7.616687 sequence=2068.448321
[b15-select/frozen_long] [plan iscas99__b15_1] [plan] step=278 node=N698 type=observe q_pred_context=8.057875 sequence=2076.506197
[b15-select/frozen_long] [plan iscas99__b15_1] saved=autoresearch/loop-260720-0945/model_training_round1/b15_selection/frozen_long/plans/iscas99__b15_1__greedy__cumulative__q_pred_context__bw1__d1__c48__g1p0__candhard_fault_cluster__div0p0__s0.csv
[b15-select/frozen_long] [gmean] 2026-07-20T14:40:20 [1/1] plan_done benchmark=iscas99__b15_1 plan_sec=176.568 plan_csv=autoresearch/loop-260720-0945/model_training_round1/b15_selection/frozen_long/plans/iscas99__b15_1__greedy__cumulative__q_pred_context__bw1__d1__c48__g1p0__candhard_fault_cluster__div0p0__s0.csv
[b15-select/frozen_long] [gmean] 2026-07-20T14:40:20 [1/1] eval_start benchmark=iscas99__b15_1 backend=atalanta-bist patterns=300000
[b15-select/frozen_long] [eval iscas99__b15_1] {
[b15-select/frozen_long] [eval iscas99__b15_1]   "records": 2,
[b15-select/frozen_long] [eval iscas99__b15_1]   "labels_csv": "autoresearch/loop-260720-0945/model_training_round1/b15_selection/frozen_long/evals/iscas99__b15_1__greedy__cumulative__q_pred_context__bw1__d1__c48__g1p0__candhard_fault_cluster__div0p0__s0/labels.csv",
[b15-select/frozen_long] [eval iscas99__b15_1]   "summary_json": "autoresearch/loop-260720-0945/model_training_round1/b15_selection/frozen_long/evals/iscas99__b15_1__greedy__cumulative__q_pred_context__bw1__d1__c48__g1p0__candhard_fault_cluster__div0p0__s0/summary.json"
[b15-select/frozen_long] [eval iscas99__b15_1] }
[b15-select/frozen_long] [gmean] 2026-07-20T14:40:27 [1/1] eval_done benchmark=iscas99__b15_1 delta_tc=0.13414000000000004 plan_sec=176.568 eval_sec=7.031 total_sec=183.616
[b15-select/frozen_long] [gmean] 2026-07-20T14:40:27 variant_done id=greedy__cumulative__q_pred_context__bw1__d1__c48__g1p0__candhard_fault_cluster__div0p0__s0 status=ok macro=0.13414000000000004 positives=1 negatives=0 elapsed=183.616
