[b15-select/joint_low_lr] [gmean] 2026-07-20T14:31:34 out_dir=autoresearch/loop-260720-0945/model_training_round1/b15_selection/joint_low_lr
[b15-select/joint_low_lr] [gmean] 2026-07-20T14:31:34 budgets=iscas99__b15_1:278
[b15-select/joint_low_lr] [gmean] 2026-07-20T14:31:34 variant_start id=greedy__cumulative__typed_marginal_pred__bw1__d1__c48__g1p0__candhard_fault_cluster__div0p0__s0
[b15-select/joint_low_lr] [gmean] 2026-07-20T14:31:34 [1/1] plan_start benchmark=iscas99__b15_1 budget=278 planner=greedy score=typed_marginal_pred
[b15-select/joint_low_lr] [plan iscas99__b15_1] [plan] torch_deterministic=true
[b15-select/joint_low_lr] [plan iscas99__b15_1] [plan] candidate_allowlist=autoresearch/original-netlist-recovery-260712/exact_itc99/b15_C/exact_candidate_nodes.txt nodes=7918
[b15-select/joint_low_lr] [plan iscas99__b15_1] [plan] latent_norm_clip_ratio=4 latent_norm_limit=30.811775
[b15-select/joint_low_lr] [plan iscas99__b15_1] [plan] step=1 node=N672 type=control1 typed_marginal_pred=0.956337 sequence=0.956337
[b15-select/joint_low_lr] [plan iscas99__b15_1] [plan] step=2 node=N502 type=control1 typed_marginal_pred=1.040522 sequence=1.996859
[b15-select/joint_low_lr] [plan iscas99__b15_1] [plan] step=3 node=N2155 type=observe typed_marginal_pred=1.033146 sequence=3.030005
[b15-select/joint_low_lr] [plan iscas99__b15_1] [plan] step=4 node=N762 type=control1 typed_marginal_pred=1.031195 sequence=4.061199
[b15-select/joint_low_lr] [plan iscas99__b15_1] [plan] step=5 node=N893 type=control1 typed_marginal_pred=1.129148 sequence=5.190347
[b15-select/joint_low_lr] [plan iscas99__b15_1] [plan] step=6 node=N3644 type=control0 typed_marginal_pred=1.122781 sequence=6.313128
[b15-select/joint_low_lr] [plan iscas99__b15_1] [plan] step=7 node=N507 type=control1 typed_marginal_pred=1.239775 sequence=7.552903
[b15-select/joint_low_lr] [plan iscas99__b15_1] [plan] step=8 node=N3756 type=control0 typed_marginal_pred=1.188491 sequence=8.741395
[b15-select/joint_low_lr] [plan iscas99__b15_1] [plan] step=9 node=N7510 type=control1 typed_marginal_pred=1.178773 sequence=9.920167
[b15-select/joint_low_lr] [plan iscas99__b15_1] [plan] step=10 node=N3742 type=control0 typed_marginal_pred=1.140587 sequence=11.060754
[b15-select/joint_low_lr] [plan iscas99__b15_1] [plan] step=11 node=N2328 type=control1 typed_marginal_pred=1.311203 sequence=12.371957
[b15-select/joint_low_lr] [plan iscas99__b15_1] [plan] step=12 node=N870 type=observe typed_marginal_pred=1.221902 sequence=13.593859
[b15-select/joint_low_lr] [plan iscas99__b15_1] [plan] step=13 node=N5874 type=observe typed_marginal_pred=1.618719 sequence=15.212577
[b15-select/joint_low_lr] [plan iscas99__b15_1] [plan] step=14 node=N704 type=observe typed_marginal_pred=1.967138 sequence=17.179715
[b15-select/joint_low_lr] [plan iscas99__b15_1] [plan] step=15 node=N724 type=observe typed_marginal_pred=2.728832 sequence=19.908547
[b15-select/joint_low_lr] [plan iscas99__b15_1] [plan] step=16 node=N7878 type=control1 typed_marginal_pred=2.972332 sequence=22.880878
[b15-select/joint_low_lr] [plan iscas99__b15_1] [plan] step=17 node=N866 type=observe typed_marginal_pred=3.299214 sequence=26.180093
[b15-select/joint_low_lr] [plan iscas99__b15_1] [plan] step=18 node=N5143 type=observe typed_marginal_pred=3.490137 sequence=29.670229
[b15-select/joint_low_lr] [plan iscas99__b15_1] [plan] step=19 node=N1853 type=observe typed_marginal_pred=3.646104 sequence=33.316333
[b15-select/joint_low_lr] [plan iscas99__b15_1] [plan] step=20 node=N1860 type=observe typed_marginal_pred=3.790545 sequence=37.106878
[b15-select/joint_low_lr] [plan iscas99__b15_1] [plan] step=21 node=N1437 type=control1 typed_marginal_pred=3.948750 sequence=41.055629
[b15-select/joint_low_lr] [plan iscas99__b15_1] [plan] step=22 node=N1598 type=observe typed_marginal_pred=4.068157 sequence=45.123786
[b15-select/joint_low_lr] [plan iscas99__b15_1] [plan] step=23 node=N865 type=observe typed_marginal_pred=4.281459 sequence=49.405245
[b15-select/joint_low_lr] [plan iscas99__b15_1] [plan] step=24 node=N1879 type=observe typed_marginal_pred=4.369199 sequence=53.774444
[b15-select/joint_low_lr] [plan iscas99__b15_1] [plan] step=25 node=N1599 type=observe typed_marginal_pred=4.428450 sequence=58.202894
[b15-select/joint_low_lr] [plan iscas99__b15_1] [plan] step=26 node=N7872 type=control1 typed_marginal_pred=4.666739 sequence=62.869633
[b15-select/joint_low_lr] [plan iscas99__b15_1] [plan] step=27 node=N2319 type=control1 typed_marginal_pred=4.844859 sequence=67.714492
[b15-select/joint_low_lr] [plan iscas99__b15_1] [plan] step=28 node=N5614 type=control1 typed_marginal_pred=5.090319 sequence=72.804811
[b15-select/joint_low_lr] [plan iscas99__b15_1] [plan] step=29 node=N2008 type=observe typed_marginal_pred=5.179337 sequence=77.984147
[b15-select/joint_low_lr] [plan iscas99__b15_1] [plan] step=30 node=N5605 type=control1 typed_marginal_pred=5.272606 sequence=83.256753
[b15-select/joint_low_lr] [plan iscas99__b15_1] [plan] step=31 node=N771 type=observe typed_marginal_pred=5.696776 sequence=88.953529
[b15-select/joint_low_lr] [plan iscas99__b15_1] [plan] step=32 node=N1532 type=observe typed_marginal_pred=5.692849 sequence=94.646378
[b15-select/joint_low_lr] [plan iscas99__b15_1] [plan] step=33 node=N4520 type=control0 typed_marginal_pred=5.784495 sequence=100.430873
[b15-select/joint_low_lr] [plan iscas99__b15_1] [plan] step=34 node=N4635 type=control0 typed_marginal_pred=5.914237 sequence=106.345111
[b15-select/joint_low_lr] [plan iscas99__b15_1] [plan] step=35 node=N4585 type=control0 typed_marginal_pred=5.972692 sequence=112.317802
[b15-select/joint_low_lr] [plan iscas99__b15_1] [plan] step=36 node=N4578 type=control0 typed_marginal_pred=6.003770 sequence=118.321572
[b15-select/joint_low_lr] [plan iscas99__b15_1] [plan] step=37 node=N4564 type=control0 typed_marginal_pred=6.021572 sequence=124.343145
[b15-select/joint_low_lr] [plan iscas99__b15_1] [plan] step=38 node=N4557 type=control0 typed_marginal_pred=6.012955 sequence=130.356099
[b15-select/joint_low_lr] [plan iscas99__b15_1] [plan] step=39 node=N4606 type=control0 typed_marginal_pred=5.983787 sequence=136.339886
[b15-select/joint_low_lr] [plan iscas99__b15_1] [plan] step=40 node=N3911 type=control0 typed_marginal_pred=5.944274 sequence=142.284161
[b15-select/joint_low_lr] [plan iscas99__b15_1] [plan] step=41 node=N3904 type=control0 typed_marginal_pred=5.904676 sequence=148.188837
[b15-select/joint_low_lr] [plan iscas99__b15_1] [plan] step=42 node=N4656 type=control0 typed_marginal_pred=5.905195 sequence=154.094032
[b15-select/joint_low_lr] [plan iscas99__b15_1] [plan] step=43 node=N4649 type=control0 typed_marginal_pred=5.906185 sequence=160.000217
[b15-select/joint_low_lr] [plan iscas99__b15_1] [plan] step=44 node=N3897 type=control0 typed_marginal_pred=5.836688 sequence=165.836905
[b15-select/joint_low_lr] [plan iscas99__b15_1] [plan] step=45 node=N4670 type=control0 typed_marginal_pred=5.844244 sequence=171.681149
[b15-select/joint_low_lr] [plan iscas99__b15_1] [plan] step=46 node=N4663 type=control0 typed_marginal_pred=5.831689 sequence=177.512839
[b15-select/joint_low_lr] [plan iscas99__b15_1] [plan] step=47 node=N4677 type=control0 typed_marginal_pred=5.813258 sequence=183.326096
[b15-select/joint_low_lr] [plan iscas99__b15_1] [plan] step=48 node=N2078 type=observe typed_marginal_pred=6.059944 sequence=189.386040
[b15-select/joint_low_lr] [plan iscas99__b15_1] [plan] step=49 node=N713 type=observe typed_marginal_pred=6.242920 sequence=195.628960
[b15-select/joint_low_lr] [plan iscas99__b15_1] [plan] step=50 node=N2101 type=observe typed_marginal_pred=6.268751 sequence=201.897711
[b15-select/joint_low_lr] [plan iscas99__b15_1] [plan] step=51 node=N4684 type=control0 typed_marginal_pred=5.944935 sequence=207.842646
[b15-select/joint_low_lr] [plan iscas99__b15_1] [plan] step=52 node=N7411 type=control1 typed_marginal_pred=6.049049 sequence=213.891695
[b15-select/joint_low_lr] [plan iscas99__b15_1] [plan] step=53 node=N4691 type=control0 typed_marginal_pred=5.918729 sequence=219.810424
[b15-select/joint_low_lr] [plan iscas99__b15_1] [plan] step=54 node=N4698 type=control0 typed_marginal_pred=5.901656 sequence=225.712080
[b15-select/joint_low_lr] [plan iscas99__b15_1] [plan] step=55 node=N7413 type=control1 typed_marginal_pred=6.037802 sequence=231.749882
[b15-select/joint_low_lr] [plan iscas99__b15_1] [plan] step=56 node=N2083 type=observe typed_marginal_pred=5.830000 sequence=237.579882
[b15-select/joint_low_lr] [plan iscas99__b15_1] [plan] step=57 node=N4705 type=control0 typed_marginal_pred=5.726843 sequence=243.306725
[b15-select/joint_low_lr] [plan iscas99__b15_1] [plan] step=58 node=N1372 type=observe typed_marginal_pred=5.764536 sequence=249.071261
[b15-select/joint_low_lr] [plan iscas99__b15_1] [plan] step=59 node=N4712 type=control0 typed_marginal_pred=5.678505 sequence=254.749767
[b15-select/joint_low_lr] [plan iscas99__b15_1] [plan] step=60 node=N3889 type=control0 typed_marginal_pred=5.608300 sequence=260.358066
[b15-select/joint_low_lr] [plan iscas99__b15_1] [plan] step=61 node=N3882 type=control0 typed_marginal_pred=5.510836 sequence=265.868902
[b15-select/joint_low_lr] [plan iscas99__b15_1] [plan] step=62 node=N1411 type=control0 typed_marginal_pred=5.424982 sequence=271.293884
[b15-select/joint_low_lr] [plan iscas99__b15_1] [plan] step=63 node=N2081 type=observe typed_marginal_pred=5.314731 sequence=276.608615
[b15-select/joint_low_lr] [plan iscas99__b15_1] [plan] step=64 node=N5046 type=observe typed_marginal_pred=5.578485 sequence=282.187100
[b15-select/joint_low_lr] [plan iscas99__b15_1] [plan] step=65 node=N6533 type=observe typed_marginal_pred=5.646523 sequence=287.833623
[b15-select/joint_low_lr] [plan iscas99__b15_1] [plan] step=66 node=N725 type=observe typed_marginal_pred=5.838535 sequence=293.672157
[b15-select/joint_low_lr] [plan iscas99__b15_1] [plan] step=67 node=N858 type=observe typed_marginal_pred=5.969912 sequence=299.642070
[b15-select/joint_low_lr] [plan iscas99__b15_1] [plan] step=68 node=N7626 type=observe typed_marginal_pred=5.817341 sequence=305.459410
[b15-select/joint_low_lr] [plan iscas99__b15_1] [plan] step=69 node=N7526 type=control0 typed_marginal_pred=5.606077 sequence=311.065487
[b15-select/joint_low_lr] [plan iscas99__b15_1] [plan] step=70 node=N578 type=observe typed_marginal_pred=5.478086 sequence=316.543573
[b15-select/joint_low_lr] [plan iscas99__b15_1] [plan] step=71 node=N5723 type=control0 typed_marginal_pred=5.340421 sequence=321.883994
[b15-select/joint_low_lr] [plan iscas99__b15_1] [plan] step=72 node=N3862 type=control0 typed_marginal_pred=5.248844 sequence=327.132838
[b15-select/joint_low_lr] [plan iscas99__b15_1] [plan] step=73 node=N3855 type=control0 typed_marginal_pred=5.158304 sequence=332.291142
[b15-select/joint_low_lr] [plan iscas99__b15_1] [plan] step=74 node=N7854 type=control0 typed_marginal_pred=5.138608 sequence=337.429750
[b15-select/joint_low_lr] [plan iscas99__b15_1] [plan] step=75 node=N7874 type=control1 typed_marginal_pred=5.046751 sequence=342.476502
[b15-select/joint_low_lr] [plan iscas99__b15_1] [plan] step=76 node=N3848 type=control0 typed_marginal_pred=4.931838 sequence=347.408339
[b15-select/joint_low_lr] [plan iscas99__b15_1] [plan] step=77 node=N3841 type=control0 typed_marginal_pred=4.851224 sequence=352.259564
[b15-select/joint_low_lr] [plan iscas99__b15_1] [plan] step=78 node=N3903 type=control0 typed_marginal_pred=4.772935 sequence=357.032499
[b15-select/joint_low_lr] [plan iscas99__b15_1] [plan] step=79 node=N3681 type=control0 typed_marginal_pred=4.873203 sequence=361.905702
[b15-select/joint_low_lr] [plan iscas99__b15_1] [plan] step=80 node=N3896 type=control0 typed_marginal_pred=4.727292 sequence=366.632993
[b15-select/joint_low_lr] [plan iscas99__b15_1] [plan] step=81 node=N7820 type=control0 typed_marginal_pred=5.003457 sequence=371.636450
[b15-select/joint_low_lr] [plan iscas99__b15_1] [plan] step=82 node=N7723 type=control0 typed_marginal_pred=4.776971 sequence=376.413421
[b15-select/joint_low_lr] [plan iscas99__b15_1] [plan] step=83 node=N7725 type=control0 typed_marginal_pred=4.696899 sequence=381.110320
[b15-select/joint_low_lr] [plan iscas99__b15_1] [plan] step=84 node=N7736 type=control0 typed_marginal_pred=4.634860 sequence=385.745179
[b15-select/joint_low_lr] [plan iscas99__b15_1] [plan] step=85 node=N519 type=control1 typed_marginal_pred=4.612420 sequence=390.357599
[b15-select/joint_low_lr] [plan iscas99__b15_1] [plan] step=86 node=N3827 type=control0 typed_marginal_pred=4.582730 sequence=394.940329
[b15-select/joint_low_lr] [plan iscas99__b15_1] [plan] step=87 node=N7727 type=control0 typed_marginal_pred=4.528738 sequence=399.469067
[b15-select/joint_low_lr] [plan iscas99__b15_1] [plan] step=88 node=N513 type=control1 typed_marginal_pred=4.513229 sequence=403.982296
[b15-select/joint_low_lr] [plan iscas99__b15_1] [plan] step=89 node=N3820 type=control0 typed_marginal_pred=4.486958 sequence=408.469254
[b15-select/joint_low_lr] [plan iscas99__b15_1] [plan] step=90 node=N504 type=control1 typed_marginal_pred=4.466234 sequence=412.935488
[b15-select/joint_low_lr] [plan iscas99__b15_1] [plan] step=91 node=N6669 type=control1 typed_marginal_pred=4.452545 sequence=417.388033
[b15-select/joint_low_lr] [plan iscas99__b15_1] [plan] step=92 node=N7728 type=control0 typed_marginal_pred=4.690373 sequence=422.078406
[b15-select/joint_low_lr] [plan iscas99__b15_1] [plan] step=93 node=N2580 type=control1 typed_marginal_pred=4.833017 sequence=426.911422
[b15-select/joint_low_lr] [plan iscas99__b15_1] [plan] step=94 node=N694 type=observe typed_marginal_pred=5.102395 sequence=432.013817
[b15-select/joint_low_lr] [plan iscas99__b15_1] [plan] step=95 node=N516 type=control1 typed_marginal_pred=4.955716 sequence=436.969533
[b15-select/joint_low_lr] [plan iscas99__b15_1] [plan] step=96 node=N2102 type=observe typed_marginal_pred=5.277471 sequence=442.247004
[b15-select/joint_low_lr] [plan iscas99__b15_1] [plan] step=97 node=N7730 type=control0 typed_marginal_pred=5.030412 sequence=447.277416
[b15-select/joint_low_lr] [plan iscas99__b15_1] [plan] step=98 node=N7729 type=control0 typed_marginal_pred=4.972131 sequence=452.249547
[b15-select/joint_low_lr] [plan iscas99__b15_1] [plan] step=99 node=N7732 type=control0 typed_marginal_pred=4.920075 sequence=457.169622
[b15-select/joint_low_lr] [plan iscas99__b15_1] [plan] step=100 node=N7733 type=control0 typed_marginal_pred=4.873773 sequence=462.043394
[b15-select/joint_low_lr] [plan iscas99__b15_1] [plan] step=101 node=N7734 type=control0 typed_marginal_pred=4.836451 sequence=466.879845
[b15-select/joint_low_lr] [plan iscas99__b15_1] [plan] step=102 node=N7735 type=control0 typed_marginal_pred=4.804642 sequence=471.684488
[b15-select/joint_low_lr] [plan iscas99__b15_1] [plan] step=103 node=N7870 type=control1 typed_marginal_pred=4.870556 sequence=476.555044
[b15-select/joint_low_lr] [plan iscas99__b15_1] [plan] step=104 node=N7679 type=observe typed_marginal_pred=4.802394 sequence=481.357438
[b15-select/joint_low_lr] [plan iscas99__b15_1] [plan] step=105 node=N7846 type=control0 typed_marginal_pred=4.691826 sequence=486.049265
[b15-select/joint_low_lr] [plan iscas99__b15_1] [plan] step=106 node=N7726 type=control0 typed_marginal_pred=4.656224 sequence=490.705488
[b15-select/joint_low_lr] [plan iscas99__b15_1] [plan] step=107 node=N7731 type=control0 typed_marginal_pred=4.618391 sequence=495.323879
[b15-select/joint_low_lr] [plan iscas99__b15_1] [plan] step=108 node=N7541 type=control0 typed_marginal_pred=4.593540 sequence=499.917419
[b15-select/joint_low_lr] [plan iscas99__b15_1] [plan] step=109 node=N7847 type=control0 typed_marginal_pred=4.568591 sequence=504.486010
[b15-select/joint_low_lr] [plan iscas99__b15_1] [plan] step=110 node=N7852 type=control0 typed_marginal_pred=4.541821 sequence=509.027832
[b15-select/joint_low_lr] [plan iscas99__b15_1] [plan] step=111 node=N7853 type=control0 typed_marginal_pred=4.513244 sequence=513.541076
[b15-select/joint_low_lr] [plan iscas99__b15_1] [plan] step=112 node=N8003 type=control0 typed_marginal_pred=4.477357 sequence=518.018433
[b15-select/joint_low_lr] [plan iscas99__b15_1] [plan] step=113 node=N8005 type=control0 typed_marginal_pred=4.447031 sequence=522.465464
[b15-select/joint_low_lr] [plan iscas99__b15_1] [plan] step=114 node=N8009 type=control0 typed_marginal_pred=4.418667 sequence=526.884131
[b15-select/joint_low_lr] [plan iscas99__b15_1] [plan] step=115 node=N8011 type=control0 typed_marginal_pred=4.393253 sequence=531.277384
[b15-select/joint_low_lr] [plan iscas99__b15_1] [plan] step=116 node=N8013 type=control0 typed_marginal_pred=4.371593 sequence=535.648977
[b15-select/joint_low_lr] [plan iscas99__b15_1] [plan] step=117 node=N3180 type=control1 typed_marginal_pred=4.553264 sequence=540.202241
[b15-select/joint_low_lr] [plan iscas99__b15_1] [plan] step=118 node=N8015 type=control0 typed_marginal_pred=4.408041 sequence=544.610283
[b15-select/joint_low_lr] [plan iscas99__b15_1] [plan] step=119 node=N8017 type=control0 typed_marginal_pred=4.380465 sequence=548.990748
[b15-select/joint_low_lr] [plan iscas99__b15_1] [plan] step=120 node=N3813 type=control0 typed_marginal_pred=4.354180 sequence=553.344928
[b15-select/joint_low_lr] [plan iscas99__b15_1] [plan] step=121 node=N8019 type=control0 typed_marginal_pred=4.335120 sequence=557.680048
[b15-select/joint_low_lr] [plan iscas99__b15_1] [plan] step=122 node=N8021 type=control0 typed_marginal_pred=4.315546 sequence=561.995593
[b15-select/joint_low_lr] [plan iscas99__b15_1] [plan] step=123 node=N8023 type=control0 typed_marginal_pred=4.299417 sequence=566.295011
[b15-select/joint_low_lr] [plan iscas99__b15_1] [plan] step=124 node=N8025 type=control0 typed_marginal_pred=4.282202 sequence=570.577213
[b15-select/joint_low_lr] [plan iscas99__b15_1] [plan] step=125 node=N8027 type=control0 typed_marginal_pred=4.266460 sequence=574.843673
[b15-select/joint_low_lr] [plan iscas99__b15_1] [plan] step=126 node=N8036 type=control0 typed_marginal_pred=4.252521 sequence=579.096194
[b15-select/joint_low_lr] [plan iscas99__b15_1] [plan] step=127 node=N8038 type=control0 typed_marginal_pred=4.233676 sequence=583.329870
[b15-select/joint_low_lr] [plan iscas99__b15_1] [plan] step=128 node=N8040 type=control0 typed_marginal_pred=4.219193 sequence=587.549063
[b15-select/joint_low_lr] [plan iscas99__b15_1] [plan] step=129 node=N510 type=control1 typed_marginal_pred=4.236252 sequence=591.785315
[b15-select/joint_low_lr] [plan iscas99__b15_1] [plan] step=130 node=N556 type=control1 typed_marginal_pred=4.230759 sequence=596.016074
[b15-select/joint_low_lr] [plan iscas99__b15_1] [plan] step=131 node=N8044 type=control0 typed_marginal_pred=4.208486 sequence=600.224560
[b15-select/joint_low_lr] [plan iscas99__b15_1] [plan] step=132 node=N8046 type=control0 typed_marginal_pred=4.190608 sequence=604.415168
[b15-select/joint_low_lr] [plan iscas99__b15_1] [plan] step=133 node=N7694 type=control0 typed_marginal_pred=4.173474 sequence=608.588643
[b15-select/joint_low_lr] [plan iscas99__b15_1] [plan] step=134 node=N7441 type=control0 typed_marginal_pred=4.170692 sequence=612.759335
[b15-select/joint_low_lr] [plan iscas99__b15_1] [plan] step=135 node=N7442 type=control0 typed_marginal_pred=4.105823 sequence=616.865158
[b15-select/joint_low_lr] [plan iscas99__b15_1] [plan] step=136 node=N869 type=observe typed_marginal_pred=4.060640 sequence=620.925798
[b15-select/joint_low_lr] [plan iscas99__b15_1] [plan] step=137 node=N2157 type=observe typed_marginal_pred=4.280823 sequence=625.206621
[b15-select/joint_low_lr] [plan iscas99__b15_1] [plan] step=138 node=N2106 type=observe typed_marginal_pred=4.382983 sequence=629.589604
[b15-select/joint_low_lr] [plan iscas99__b15_1] [plan] step=139 node=N620 type=control1 typed_marginal_pred=4.248099 sequence=633.837703
[b15-select/joint_low_lr] [plan iscas99__b15_1] [plan] step=140 node=N7445 type=control0 typed_marginal_pred=4.195792 sequence=638.033495
[b15-select/joint_low_lr] [plan iscas99__b15_1] [plan] step=141 node=N7696 type=control0 typed_marginal_pred=4.162696 sequence=642.196191
[b15-select/joint_low_lr] [plan iscas99__b15_1] [plan] step=142 node=N3805 type=control0 typed_marginal_pred=4.136653 sequence=646.332844
[b15-select/joint_low_lr] [plan iscas99__b15_1] [plan] step=143 node=N8052 type=control0 typed_marginal_pred=4.116045 sequence=650.448889
[b15-select/joint_low_lr] [plan iscas99__b15_1] [plan] step=144 node=N7698 type=control0 typed_marginal_pred=4.099242 sequence=654.548131
[b15-select/joint_low_lr] [plan iscas99__b15_1] [plan] step=145 node=N3799 type=control0 typed_marginal_pred=4.084970 sequence=658.633102
[b15-select/joint_low_lr] [plan iscas99__b15_1] [plan] step=146 node=N3792 type=control0 typed_marginal_pred=4.072475 sequence=662.705577
[b15-select/joint_low_lr] [plan iscas99__b15_1] [plan] step=147 node=N3785 type=control0 typed_marginal_pred=4.061528 sequence=666.767105
[b15-select/joint_low_lr] [plan iscas99__b15_1] [plan] step=148 node=N7700 type=control0 typed_marginal_pred=4.052007 sequence=670.819112
[b15-select/joint_low_lr] [plan iscas99__b15_1] [plan] step=149 node=N3410 type=control1 typed_marginal_pred=4.251725 sequence=675.070837
[b15-select/joint_low_lr] [plan iscas99__b15_1] [plan] step=150 node=N4460 type=control0 typed_marginal_pred=4.103836 sequence=679.174672
[b15-select/joint_low_lr] [plan iscas99__b15_1] [plan] step=151 node=N7925 type=control0 typed_marginal_pred=4.091621 sequence=683.266293
[b15-select/joint_low_lr] [plan iscas99__b15_1] [plan] step=152 node=N3722 type=control0 typed_marginal_pred=4.080759 sequence=687.347052
[b15-select/joint_low_lr] [plan iscas99__b15_1] [plan] step=153 node=N4421 type=control0 typed_marginal_pred=4.071630 sequence=691.418682
[b15-select/joint_low_lr] [plan iscas99__b15_1] [plan] step=154 node=N4359 type=control0 typed_marginal_pred=4.065417 sequence=695.484100
[b15-select/joint_low_lr] [plan iscas99__b15_1] [plan] step=155 node=N4367 type=control0 typed_marginal_pred=4.059047 sequence=699.543147
[b15-select/joint_low_lr] [plan iscas99__b15_1] [plan] step=156 node=N4532 type=control0 typed_marginal_pred=4.047130 sequence=703.590276
[b15-select/joint_low_lr] [plan iscas99__b15_1] [plan] step=157 node=N4442 type=control0 typed_marginal_pred=4.039723 sequence=707.630000
[b15-select/joint_low_lr] [plan iscas99__b15_1] [plan] step=158 node=N6956 type=control0 typed_marginal_pred=4.032944 sequence=711.662944
[b15-select/joint_low_lr] [plan iscas99__b15_1] [plan] step=159 node=N4469 type=control0 typed_marginal_pred=4.026356 sequence=715.689299
[b15-select/joint_low_lr] [plan iscas99__b15_1] [plan] step=160 node=N5894 type=control0 typed_marginal_pred=4.022191 sequence=719.711490
[b15-select/joint_low_lr] [plan iscas99__b15_1] [plan] step=161 node=N4436 type=control0 typed_marginal_pred=4.015012 sequence=723.726502
[b15-select/joint_low_lr] [plan iscas99__b15_1] [plan] step=162 node=N3701 type=control0 typed_marginal_pred=4.008444 sequence=727.734946
[b15-select/joint_low_lr] [plan iscas99__b15_1] [plan] step=163 node=N4628 type=control0 typed_marginal_pred=4.004575 sequence=731.739522
[b15-select/joint_low_lr] [plan iscas99__b15_1] [plan] step=164 node=N4338 type=control0 typed_marginal_pred=4.000103 sequence=735.739625
[b15-select/joint_low_lr] [plan iscas99__b15_1] [plan] step=165 node=N555 type=control1 typed_marginal_pred=3.978689 sequence=739.718314
[b15-select/joint_low_lr] [plan iscas99__b15_1] [plan] step=166 node=N520 type=control1 typed_marginal_pred=3.960533 sequence=743.678847
[b15-select/joint_low_lr] [plan iscas99__b15_1] [plan] step=167 node=N634 type=control1 typed_marginal_pred=3.941207 sequence=747.620054
[b15-select/joint_low_lr] [plan iscas99__b15_1] [plan] step=168 node=N3237 type=control1 typed_marginal_pred=4.113337 sequence=751.733391
[b15-select/joint_low_lr] [plan iscas99__b15_1] [plan] step=169 node=N7855 type=control0 typed_marginal_pred=3.960373 sequence=755.693764
[b15-select/joint_low_lr] [plan iscas99__b15_1] [plan] step=170 node=N614 type=control1 typed_marginal_pred=3.932133 sequence=759.625897
[b15-select/joint_low_lr] [plan iscas99__b15_1] [plan] step=171 node=N645 type=control1 typed_marginal_pred=3.881094 sequence=763.506990
[b15-select/joint_low_lr] [plan iscas99__b15_1] [plan] step=172 node=N6678 type=observe typed_marginal_pred=4.121119 sequence=767.628109
[b15-select/joint_low_lr] [plan iscas99__b15_1] [plan] step=173 node=N867 type=observe typed_marginal_pred=4.065400 sequence=771.693508
[b15-select/joint_low_lr] [plan iscas99__b15_1] [plan] step=174 node=N2149 type=observe typed_marginal_pred=4.258919 sequence=775.952427
[b15-select/joint_low_lr] [plan iscas99__b15_1] [plan] step=175 node=N5821 type=control0 typed_marginal_pred=4.190821 sequence=780.143248
[b15-select/joint_low_lr] [plan iscas99__b15_1] [plan] step=176 node=N5715 type=control0 typed_marginal_pred=4.387846 sequence=784.531095
[b15-select/joint_low_lr] [plan iscas99__b15_1] [plan] step=177 node=N5671 type=control0 typed_marginal_pred=4.602044 sequence=789.133138
[b15-select/joint_low_lr] [plan iscas99__b15_1] [plan] step=178 node=N5665 type=control0 typed_marginal_pred=4.689534 sequence=793.822672
[b15-select/joint_low_lr] [plan iscas99__b15_1] [plan] step=179 node=N6947 type=control0 typed_marginal_pred=4.741994 sequence=798.564666
[b15-select/joint_low_lr] [plan iscas99__b15_1] [plan] step=180 node=N4173 type=control0 typed_marginal_pred=4.742510 sequence=803.307176
[b15-select/joint_low_lr] [plan iscas99__b15_1] [plan] step=181 node=N4879 type=control0 typed_marginal_pred=4.992809 sequence=808.299985
[b15-select/joint_low_lr] [plan iscas99__b15_1] [plan] step=182 node=N2348 type=control0 typed_marginal_pred=4.930848 sequence=813.230833
[b15-select/joint_low_lr] [plan iscas99__b15_1] [plan] step=183 node=N5725 type=control0 typed_marginal_pred=4.881199 sequence=818.112032
[b15-select/joint_low_lr] [plan iscas99__b15_1] [plan] step=184 node=N1478 type=control0 typed_marginal_pred=5.064520 sequence=823.176552
[b15-select/joint_low_lr] [plan iscas99__b15_1] [plan] step=185 node=N3295 type=control1 typed_marginal_pred=5.274078 sequence=828.450630
[b15-select/joint_low_lr] [plan iscas99__b15_1] [plan] step=186 node=N5727 type=control0 typed_marginal_pred=5.108654 sequence=833.559283
[b15-select/joint_low_lr] [plan iscas99__b15_1] [plan] step=187 node=N4391 type=control0 typed_marginal_pred=5.064630 sequence=838.623913
[b15-select/joint_low_lr] [plan iscas99__b15_1] [plan] step=188 node=N4385 type=control0 typed_marginal_pred=5.005112 sequence=843.629025
[b15-select/joint_low_lr] [plan iscas99__b15_1] [plan] step=189 node=N7325 type=control0 typed_marginal_pred=4.928736 sequence=848.557761
[b15-select/joint_low_lr] [plan iscas99__b15_1] [plan] step=190 node=N3162 type=control0 typed_marginal_pred=4.863780 sequence=853.421541
[b15-select/joint_low_lr] [plan iscas99__b15_1] [plan] step=191 node=N3167 type=control0 typed_marginal_pred=4.774785 sequence=858.196326
[b15-select/joint_low_lr] [plan iscas99__b15_1] [plan] step=192 node=N3172 type=control0 typed_marginal_pred=4.688967 sequence=862.885293
[b15-select/joint_low_lr] [plan iscas99__b15_1] [plan] step=193 node=N3177 type=control0 typed_marginal_pred=4.611083 sequence=867.496375
[b15-select/joint_low_lr] [plan iscas99__b15_1] [plan] step=194 node=N3199 type=control0 typed_marginal_pred=4.542726 sequence=872.039101
[b15-select/joint_low_lr] [plan iscas99__b15_1] [plan] step=195 node=N3467 type=control1 typed_marginal_pred=4.743642 sequence=876.782744
[b15-select/joint_low_lr] [plan iscas99__b15_1] [plan] step=196 node=N3157 type=control0 typed_marginal_pred=4.521599 sequence=881.304343
[b15-select/joint_low_lr] [plan iscas99__b15_1] [plan] step=197 node=N3204 type=control0 typed_marginal_pred=4.462657 sequence=885.767000
[b15-select/joint_low_lr] [plan iscas99__b15_1] [plan] step=198 node=N3209 type=control0 typed_marginal_pred=4.413841 sequence=890.180841
[b15-select/joint_low_lr] [plan iscas99__b15_1] [plan] step=199 node=N3214 type=control0 typed_marginal_pred=4.372182 sequence=894.553024
[b15-select/joint_low_lr] [plan iscas99__b15_1] [plan] step=200 node=N3219 type=control0 typed_marginal_pred=4.334967 sequence=898.887990
[b15-select/joint_low_lr] [plan iscas99__b15_1] [plan] step=201 node=N3224 type=control0 typed_marginal_pred=4.301589 sequence=903.189579
[b15-select/joint_low_lr] [plan iscas99__b15_1] [plan] step=202 node=N3229 type=control0 typed_marginal_pred=4.271383 sequence=907.460962
[b15-select/joint_low_lr] [plan iscas99__b15_1] [plan] step=203 node=N3234 type=control0 typed_marginal_pred=4.244309 sequence=911.705271
[b15-select/joint_low_lr] [plan iscas99__b15_1] [plan] step=204 node=N3372 type=control0 typed_marginal_pred=4.219537 sequence=915.924808
[b15-select/joint_low_lr] [plan iscas99__b15_1] [plan] step=205 node=N3377 type=control0 typed_marginal_pred=4.196801 sequence=920.121608
[b15-select/joint_low_lr] [plan iscas99__b15_1] [plan] step=206 node=N3382 type=control0 typed_marginal_pred=4.176387 sequence=924.297995
[b15-select/joint_low_lr] [plan iscas99__b15_1] [plan] step=207 node=N3387 type=control0 typed_marginal_pred=4.157355 sequence=928.455350
[b15-select/joint_low_lr] [plan iscas99__b15_1] [plan] step=208 node=N3392 type=control0 typed_marginal_pred=4.140238 sequence=932.595588
[b15-select/joint_low_lr] [plan iscas99__b15_1] [plan] step=209 node=N3397 type=control0 typed_marginal_pred=4.127719 sequence=936.723308
[b15-select/joint_low_lr] [plan iscas99__b15_1] [plan] step=210 node=N3402 type=control0 typed_marginal_pred=4.115172 sequence=940.838480
[b15-select/joint_low_lr] [plan iscas99__b15_1] [plan] step=211 node=N3407 type=control0 typed_marginal_pred=4.103712 sequence=944.942192
[b15-select/joint_low_lr] [plan iscas99__b15_1] [plan] step=212 node=N1493 type=control0 typed_marginal_pred=4.144199 sequence=949.086391
[b15-select/joint_low_lr] [plan iscas99__b15_1] [plan] step=213 node=N6871 type=control0 typed_marginal_pred=4.143872 sequence=953.230263
[b15-select/joint_low_lr] [plan iscas99__b15_1] [plan] step=214 node=N3152 type=control0 typed_marginal_pred=4.143716 sequence=957.373979
[b15-select/joint_low_lr] [plan iscas99__b15_1] [plan] step=215 node=N3147 type=control0 typed_marginal_pred=4.140193 sequence=961.514172
[b15-select/joint_low_lr] [plan iscas99__b15_1] [plan] step=216 node=N3142 type=control0 typed_marginal_pred=4.135843 sequence=965.650015
[b15-select/joint_low_lr] [plan iscas99__b15_1] [plan] step=217 node=N3444 type=control0 typed_marginal_pred=4.128051 sequence=969.778066
[b15-select/joint_low_lr] [plan iscas99__b15_1] [plan] step=218 node=N3449 type=control0 typed_marginal_pred=4.120382 sequence=973.898448
[b15-select/joint_low_lr] [plan iscas99__b15_1] [plan] step=219 node=N3454 type=control0 typed_marginal_pred=4.112306 sequence=978.010753
[b15-select/joint_low_lr] [plan iscas99__b15_1] [plan] step=220 node=N3459 type=control0 typed_marginal_pred=4.107625 sequence=982.118379
[b15-select/joint_low_lr] [plan iscas99__b15_1] [plan] step=221 node=N3464 type=control0 typed_marginal_pred=4.100333 sequence=986.218712
[b15-select/joint_low_lr] [plan iscas99__b15_1] [plan] step=222 node=N3439 type=control0 typed_marginal_pred=4.092577 sequence=990.311288
[b15-select/joint_low_lr] [plan iscas99__b15_1] [plan] step=223 node=N3434 type=control0 typed_marginal_pred=4.084458 sequence=994.395746
[b15-select/joint_low_lr] [plan iscas99__b15_1] [plan] step=224 node=N3429 type=control0 typed_marginal_pred=4.077341 sequence=998.473087
[b15-select/joint_low_lr] [plan iscas99__b15_1] [plan] step=225 node=N3267 type=control0 typed_marginal_pred=4.068041 sequence=1002.541128
[b15-select/joint_low_lr] [plan iscas99__b15_1] [plan] step=226 node=N3272 type=control0 typed_marginal_pred=4.059538 sequence=1006.600666
[b15-select/joint_low_lr] [plan iscas99__b15_1] [plan] step=227 node=N3277 type=control0 typed_marginal_pred=4.051456 sequence=1010.652122
[b15-select/joint_low_lr] [plan iscas99__b15_1] [plan] step=228 node=N3282 type=control0 typed_marginal_pred=4.043755 sequence=1014.695877
[b15-select/joint_low_lr] [plan iscas99__b15_1] [plan] step=229 node=N3287 type=control0 typed_marginal_pred=4.036473 sequence=1018.732350
[b15-select/joint_low_lr] [plan iscas99__b15_1] [plan] step=230 node=N3292 type=control0 typed_marginal_pred=4.033087 sequence=1022.765437
[b15-select/joint_low_lr] [plan iscas99__b15_1] [plan] step=231 node=N3262 type=control0 typed_marginal_pred=4.027646 sequence=1026.793083
[b15-select/joint_low_lr] [plan iscas99__b15_1] [plan] step=232 node=N3257 type=control0 typed_marginal_pred=4.022503 sequence=1030.815586
[b15-select/joint_low_lr] [plan iscas99__b15_1] [plan] step=233 node=N3324 type=control0 typed_marginal_pred=4.011902 sequence=1034.827488
[b15-select/joint_low_lr] [plan iscas99__b15_1] [plan] step=234 node=N3329 type=control0 typed_marginal_pred=4.005689 sequence=1038.833177
[b15-select/joint_low_lr] [plan iscas99__b15_1] [plan] step=235 node=N3334 type=control0 typed_marginal_pred=3.999850 sequence=1042.833027
[b15-select/joint_low_lr] [plan iscas99__b15_1] [plan] step=236 node=N3339 type=control0 typed_marginal_pred=3.994240 sequence=1046.827267
[b15-select/joint_low_lr] [plan iscas99__b15_1] [plan] step=237 node=N3344 type=control0 typed_marginal_pred=3.988802 sequence=1050.816069
[b15-select/joint_low_lr] [plan iscas99__b15_1] [plan] step=238 node=N3349 type=control0 typed_marginal_pred=3.983503 sequence=1054.799572
[b15-select/joint_low_lr] [plan iscas99__b15_1] [plan] step=239 node=N3487 type=control0 typed_marginal_pred=3.980718 sequence=1058.780290
[b15-select/joint_low_lr] [plan iscas99__b15_1] [plan] step=240 node=N3492 type=control0 typed_marginal_pred=3.977302 sequence=1062.757592
[b15-select/joint_low_lr] [plan iscas99__b15_1] [plan] step=241 node=N3497 type=control0 typed_marginal_pred=3.973713 sequence=1066.731306
[b15-select/joint_low_lr] [plan iscas99__b15_1] [plan] step=242 node=N3502 type=control0 typed_marginal_pred=3.970091 sequence=1070.701397
[b15-select/joint_low_lr] [plan iscas99__b15_1] [plan] step=243 node=N3507 type=control0 typed_marginal_pred=3.966506 sequence=1074.667904
[b15-select/joint_low_lr] [plan iscas99__b15_1] [plan] step=244 node=N3512 type=control0 typed_marginal_pred=3.963084 sequence=1078.630987
[b15-select/joint_low_lr] [plan iscas99__b15_1] [plan] step=245 node=N3517 type=control0 typed_marginal_pred=3.959892 sequence=1082.590879
[b15-select/joint_low_lr] [plan iscas99__b15_1] [plan] step=246 node=N3522 type=control0 typed_marginal_pred=3.956784 sequence=1086.547663
[b15-select/joint_low_lr] [plan iscas99__b15_1] [plan] step=247 node=N3319 type=control0 typed_marginal_pred=3.951401 sequence=1090.499064
[b15-select/joint_low_lr] [plan iscas99__b15_1] [plan] step=248 node=N3544 type=control0 typed_marginal_pred=3.946609 sequence=1094.445673
[b15-select/joint_low_lr] [plan iscas99__b15_1] [plan] step=249 node=N3549 type=control0 typed_marginal_pred=3.942072 sequence=1098.387745
[b15-select/joint_low_lr] [plan iscas99__b15_1] [plan] step=250 node=N3554 type=control0 typed_marginal_pred=3.937711 sequence=1102.325456
[b15-select/joint_low_lr] [plan iscas99__b15_1] [plan] step=251 node=N3559 type=control0 typed_marginal_pred=3.933388 sequence=1106.258844
[b15-select/joint_low_lr] [plan iscas99__b15_1] [plan] step=252 node=N3563 type=control0 typed_marginal_pred=3.929071 sequence=1110.187915
[b15-select/joint_low_lr] [plan iscas99__b15_1] [plan] step=253 node=N3568 type=control0 typed_marginal_pred=3.924745 sequence=1114.112660
[b15-select/joint_low_lr] [plan iscas99__b15_1] [plan] step=254 node=N3573 type=control0 typed_marginal_pred=3.920390 sequence=1118.033050
[b15-select/joint_low_lr] [plan iscas99__b15_1] [plan] step=255 node=N3578 type=control0 typed_marginal_pred=3.916017 sequence=1121.949067
[b15-select/joint_low_lr] [plan iscas99__b15_1] [plan] step=256 node=N1504 type=control0 typed_marginal_pred=3.914362 sequence=1125.863429
[b15-select/joint_low_lr] [plan iscas99__b15_1] [plan] step=257 node=N3314 type=control0 typed_marginal_pred=3.899764 sequence=1129.763193
[b15-select/joint_low_lr] [plan iscas99__b15_1] [plan] step=258 node=N4904 type=control0 typed_marginal_pred=4.049655 sequence=1133.812849
[b15-select/joint_low_lr] [plan iscas99__b15_1] [plan] step=259 node=N7446 type=control0 typed_marginal_pred=3.953624 sequence=1137.766473
[b15-select/joint_low_lr] [plan iscas99__b15_1] [plan] step=260 node=N636 type=control1 typed_marginal_pred=3.859635 sequence=1141.626107
[b15-select/joint_low_lr] [plan iscas99__b15_1] [plan] step=261 node=N642 type=control1 typed_marginal_pred=3.796701 sequence=1145.422808
[b15-select/joint_low_lr] [plan iscas99__b15_1] [plan] step=262 node=N6652 type=control0 typed_marginal_pred=3.746769 sequence=1149.169578
[b15-select/joint_low_lr] [plan iscas99__b15_1] [plan] step=263 node=N624 type=control1 typed_marginal_pred=3.744610 sequence=1152.914188
[b15-select/joint_low_lr] [plan iscas99__b15_1] [plan] step=264 node=N628 type=control1 typed_marginal_pred=3.697434 sequence=1156.611623
[b15-select/joint_low_lr] [plan iscas99__b15_1] [plan] step=265 node=N647 type=control1 typed_marginal_pred=3.648238 sequence=1160.259861
[b15-select/joint_low_lr] [plan iscas99__b15_1] [plan] step=266 node=N5356 type=observe typed_marginal_pred=3.663053 sequence=1163.922914
[b15-select/joint_low_lr] [plan iscas99__b15_1] [plan] step=267 node=N630 type=control1 typed_marginal_pred=3.602130 sequence=1167.525044
[b15-select/joint_low_lr] [plan iscas99__b15_1] [plan] step=268 node=N616 type=control1 typed_marginal_pred=3.545511 sequence=1171.070554
[b15-select/joint_low_lr] [plan iscas99__b15_1] [plan] step=269 node=N610 type=control1 typed_marginal_pred=3.489283 sequence=1174.559838
[b15-select/joint_low_lr] [plan iscas99__b15_1] [plan] step=270 node=N2652 type=control1 typed_marginal_pred=3.565982 sequence=1178.125820
[b15-select/joint_low_lr] [plan iscas99__b15_1] [plan] step=271 node=N580 type=control1 typed_marginal_pred=3.443766 sequence=1181.569586
[b15-select/joint_low_lr] [plan iscas99__b15_1] [plan] step=272 node=N557 type=control1 typed_marginal_pred=3.392643 sequence=1184.962229
[b15-select/joint_low_lr] [plan iscas99__b15_1] [plan] step=273 node=N2721 type=control1 typed_marginal_pred=3.470410 sequence=1188.432638
[b15-select/joint_low_lr] [plan iscas99__b15_1] [plan] step=274 node=N649 type=control1 typed_marginal_pred=3.342691 sequence=1191.775330
[b15-select/joint_low_lr] [plan iscas99__b15_1] [plan] step=275 node=N2894 type=control1 typed_marginal_pred=3.434725 sequence=1195.210054
[b15-select/joint_low_lr] [plan iscas99__b15_1] [plan] step=276 node=N2952 type=control1 typed_marginal_pred=3.471600 sequence=1198.681654
[b15-select/joint_low_lr] [plan iscas99__b15_1] [plan] step=277 node=N2779 type=control1 typed_marginal_pred=3.503030 sequence=1202.184684
[b15-select/joint_low_lr] [plan iscas99__b15_1] [plan] step=278 node=N7414 type=control1 typed_marginal_pred=3.507177 sequence=1205.691861
[b15-select/joint_low_lr] [plan iscas99__b15_1] saved=autoresearch/loop-260720-0945/model_training_round1/b15_selection/joint_low_lr/plans/iscas99__b15_1__greedy__cumulative__typed_marginal_pred__bw1__d1__c48__g1p0__candhard_fault_cluster__div0p0__s0.csv
[b15-select/joint_low_lr] [gmean] 2026-07-20T14:34:18 [1/1] plan_done benchmark=iscas99__b15_1 plan_sec=164.409 plan_csv=autoresearch/loop-260720-0945/model_training_round1/b15_selection/joint_low_lr/plans/iscas99__b15_1__greedy__cumulative__typed_marginal_pred__bw1__d1__c48__g1p0__candhard_fault_cluster__div0p0__s0.csv
[b15-select/joint_low_lr] [gmean] 2026-07-20T14:34:18 [1/1] eval_start benchmark=iscas99__b15_1 backend=atalanta-bist patterns=300000
[b15-select/joint_low_lr] [eval iscas99__b15_1] {
[b15-select/joint_low_lr] [eval iscas99__b15_1]   "records": 2,
[b15-select/joint_low_lr] [eval iscas99__b15_1]   "labels_csv": "autoresearch/loop-260720-0945/model_training_round1/b15_selection/joint_low_lr/evals/iscas99__b15_1__greedy__cumulative__typed_marginal_pred__bw1__d1__c48__g1p0__candhard_fault_cluster__div0p0__s0/labels.csv",
[b15-select/joint_low_lr] [eval iscas99__b15_1]   "summary_json": "autoresearch/loop-260720-0945/model_training_round1/b15_selection/joint_low_lr/evals/iscas99__b15_1__greedy__cumulative__typed_marginal_pred__bw1__d1__c48__g1p0__candhard_fault_cluster__div0p0__s0/summary.json"
[b15-select/joint_low_lr] [eval iscas99__b15_1] }
[b15-select/joint_low_lr] [gmean] 2026-07-20T14:34:25 [1/1] eval_done benchmark=iscas99__b15_1 delta_tc=0.09817000000000009 plan_sec=164.409 eval_sec=6.855 total_sec=171.275
[b15-select/joint_low_lr] [gmean] 2026-07-20T14:34:25 variant_done id=greedy__cumulative__typed_marginal_pred__bw1__d1__c48__g1p0__candhard_fault_cluster__div0p0__s0 status=ok macro=0.09817000000000009 positives=1 negatives=0 elapsed=171.276
[b15-select/joint_low_lr] [gmean] 2026-07-20T14:34:25 variant_start id=greedy__cumulative__typed_return_pred__bw1__d1__c48__g1p0__candhard_fault_cluster__div0p0__s0
[b15-select/joint_low_lr] [gmean] 2026-07-20T14:34:25 [1/1] plan_start benchmark=iscas99__b15_1 budget=278 planner=greedy score=typed_return_pred
[b15-select/joint_low_lr] [plan iscas99__b15_1] [plan] torch_deterministic=true
[b15-select/joint_low_lr] [plan iscas99__b15_1] [plan] candidate_allowlist=autoresearch/original-netlist-recovery-260712/exact_itc99/b15_C/exact_candidate_nodes.txt nodes=7918
[b15-select/joint_low_lr] [plan iscas99__b15_1] [plan] latent_norm_clip_ratio=4 latent_norm_limit=30.811775
[b15-select/joint_low_lr] [plan iscas99__b15_1] [plan] step=1 node=N672 type=control1 typed_return_pred=1.658331 sequence=1.658331
[b15-select/joint_low_lr] [plan iscas99__b15_1] [plan] step=2 node=N502 type=control1 typed_return_pred=1.598581 sequence=3.256912
[b15-select/joint_low_lr] [plan iscas99__b15_1] [plan] step=3 node=N2155 type=observe typed_return_pred=1.632676 sequence=4.889589
[b15-select/joint_low_lr] [plan iscas99__b15_1] [plan] step=4 node=N762 type=control1 typed_return_pred=1.649913 sequence=6.539502
[b15-select/joint_low_lr] [plan iscas99__b15_1] [plan] step=5 node=N893 type=control1 typed_return_pred=1.887837 sequence=8.427338
[b15-select/joint_low_lr] [plan iscas99__b15_1] [plan] step=6 node=N870 type=observe typed_return_pred=2.017801 sequence=10.445139
[b15-select/joint_low_lr] [plan iscas99__b15_1] [plan] step=7 node=N507 type=control1 typed_return_pred=2.108279 sequence=12.553419
[b15-select/joint_low_lr] [plan iscas99__b15_1] [plan] step=8 node=N2328 type=control1 typed_return_pred=2.174751 sequence=14.728170
[b15-select/joint_low_lr] [plan iscas99__b15_1] [plan] step=9 node=N7510 type=control1 typed_return_pred=2.143092 sequence=16.871261
[b15-select/joint_low_lr] [plan iscas99__b15_1] [plan] step=10 node=N2078 type=observe typed_return_pred=2.165173 sequence=19.036434
[b15-select/joint_low_lr] [plan iscas99__b15_1] [plan] step=11 node=N737 type=control1 typed_return_pred=2.241247 sequence=21.277681
[b15-select/joint_low_lr] [plan iscas99__b15_1] [plan] step=12 node=N866 type=observe typed_return_pred=2.165004 sequence=23.442685
[b15-select/joint_low_lr] [plan iscas99__b15_1] [plan] step=13 node=N713 type=observe typed_return_pred=2.676171 sequence=26.118856
[b15-select/joint_low_lr] [plan iscas99__b15_1] [plan] step=14 node=N2314 type=control1 typed_return_pred=2.792062 sequence=28.910918
[b15-select/joint_low_lr] [plan iscas99__b15_1] [plan] step=15 node=N7878 type=control1 typed_return_pred=4.077618 sequence=32.988536
[b15-select/joint_low_lr] [plan iscas99__b15_1] [plan] step=16 node=N5143 type=observe typed_return_pred=4.386191 sequence=37.374728
[b15-select/joint_low_lr] [plan iscas99__b15_1] [plan] step=17 node=N1853 type=observe typed_return_pred=4.769135 sequence=42.143862
[b15-select/joint_low_lr] [plan iscas99__b15_1] [plan] step=18 node=N724 type=observe typed_return_pred=5.144190 sequence=47.288052
[b15-select/joint_low_lr] [plan iscas99__b15_1] [plan] step=19 node=N1598 type=observe typed_return_pred=5.214628 sequence=52.502680
[b15-select/joint_low_lr] [plan iscas99__b15_1] [plan] step=20 node=N2319 type=control1 typed_return_pred=5.398180 sequence=57.900861
[b15-select/joint_low_lr] [plan iscas99__b15_1] [plan] step=21 node=N5614 type=control1 typed_return_pred=5.781288 sequence=63.682149
[b15-select/joint_low_lr] [plan iscas99__b15_1] [plan] step=22 node=N1879 type=observe typed_return_pred=6.017754 sequence=69.699903
[b15-select/joint_low_lr] [plan iscas99__b15_1] [plan] step=23 node=N7874 type=control1 typed_return_pred=6.129435 sequence=75.829338
[b15-select/joint_low_lr] [plan iscas99__b15_1] [plan] step=24 node=N7872 type=control1 typed_return_pred=6.415235 sequence=82.244573
[b15-select/joint_low_lr] [plan iscas99__b15_1] [plan] step=25 node=N1437 type=control1 typed_return_pred=6.714913 sequence=88.959486
[b15-select/joint_low_lr] [plan iscas99__b15_1] [plan] step=26 node=N3605 type=observe typed_return_pred=6.936437 sequence=95.895923
[b15-select/joint_low_lr] [plan iscas99__b15_1] [plan] step=27 node=N4585 type=control0 typed_return_pred=7.042551 sequence=102.938474
[b15-select/joint_low_lr] [plan iscas99__b15_1] [plan] step=28 node=N4564 type=control0 typed_return_pred=7.190648 sequence=110.129122
[b15-select/joint_low_lr] [plan iscas99__b15_1] [plan] step=29 node=N865 type=observe typed_return_pred=7.615189 sequence=117.744310
[b15-select/joint_low_lr] [plan iscas99__b15_1] [plan] step=30 node=N4578 type=control0 typed_return_pred=7.665641 sequence=125.409952
[b15-select/joint_low_lr] [plan iscas99__b15_1] [plan] step=31 node=N4557 type=control0 typed_return_pred=7.818465 sequence=133.228416
[b15-select/joint_low_lr] [plan iscas99__b15_1] [plan] step=32 node=N2008 type=observe typed_return_pred=7.982166 sequence=141.210582
[b15-select/joint_low_lr] [plan iscas99__b15_1] [plan] step=33 node=N1599 type=observe typed_return_pred=8.026552 sequence=149.237134
[b15-select/joint_low_lr] [plan iscas99__b15_1] [plan] step=34 node=N3911 type=control0 typed_return_pred=8.119735 sequence=157.356869
[b15-select/joint_low_lr] [plan iscas99__b15_1] [plan] step=35 node=N4606 type=control0 typed_return_pred=8.214697 sequence=165.571566
[b15-select/joint_low_lr] [plan iscas99__b15_1] [plan] step=36 node=N3904 type=control0 typed_return_pred=8.298826 sequence=173.870392
[b15-select/joint_low_lr] [plan iscas99__b15_1] [plan] step=37 node=N3897 type=control0 typed_return_pred=8.367809 sequence=182.238201
[b15-select/joint_low_lr] [plan iscas99__b15_1] [plan] step=38 node=N3889 type=control0 typed_return_pred=8.417343 sequence=190.655545
[b15-select/joint_low_lr] [plan iscas99__b15_1] [plan] step=39 node=N3882 type=control0 typed_return_pred=8.447821 sequence=199.103365
[b15-select/joint_low_lr] [plan iscas99__b15_1] [plan] step=40 node=N3862 type=control0 typed_return_pred=8.457922 sequence=207.561287
[b15-select/joint_low_lr] [plan iscas99__b15_1] [plan] step=41 node=N3644 type=control0 typed_return_pred=8.449051 sequence=216.010338
[b15-select/joint_low_lr] [plan iscas99__b15_1] [plan] step=42 node=N3805 type=control0 typed_return_pred=8.466875 sequence=224.477213
[b15-select/joint_low_lr] [plan iscas99__b15_1] [plan] step=43 node=N3855 type=control0 typed_return_pred=8.406281 sequence=232.883494
[b15-select/joint_low_lr] [plan iscas99__b15_1] [plan] step=44 node=N3848 type=control0 typed_return_pred=8.327616 sequence=241.211110
[b15-select/joint_low_lr] [plan iscas99__b15_1] [plan] step=45 node=N3827 type=control0 typed_return_pred=8.240581 sequence=249.451690
[b15-select/joint_low_lr] [plan iscas99__b15_1] [plan] step=46 node=N3820 type=control0 typed_return_pred=8.149258 sequence=257.600948
[b15-select/joint_low_lr] [plan iscas99__b15_1] [plan] step=47 node=N3813 type=control0 typed_return_pred=8.058701 sequence=265.659648
[b15-select/joint_low_lr] [plan iscas99__b15_1] [plan] step=48 node=N3799 type=control0 typed_return_pred=7.971421 sequence=273.631070
[b15-select/joint_low_lr] [plan iscas99__b15_1] [plan] step=49 node=N3792 type=control0 typed_return_pred=7.889056 sequence=281.520125
[b15-select/joint_low_lr] [plan iscas99__b15_1] [plan] step=50 node=N3785 type=control0 typed_return_pred=7.812026 sequence=289.332151
[b15-select/joint_low_lr] [plan iscas99__b15_1] [plan] step=51 node=N3756 type=control0 typed_return_pred=7.742794 sequence=297.074945
[b15-select/joint_low_lr] [plan iscas99__b15_1] [plan] step=52 node=N3742 type=control0 typed_return_pred=7.682211 sequence=304.757156
[b15-select/joint_low_lr] [plan iscas99__b15_1] [plan] step=53 node=N3722 type=control0 typed_return_pred=7.628088 sequence=312.385244
[b15-select/joint_low_lr] [plan iscas99__b15_1] [plan] step=54 node=N4628 type=control0 typed_return_pred=7.578516 sequence=319.963760
[b15-select/joint_low_lr] [plan iscas99__b15_1] [plan] step=55 node=N3701 type=control0 typed_return_pred=7.533721 sequence=327.497481
[b15-select/joint_low_lr] [plan iscas99__b15_1] [plan] step=56 node=N4621 type=control0 typed_return_pred=7.491995 sequence=334.989476
[b15-select/joint_low_lr] [plan iscas99__b15_1] [plan] step=57 node=N7488 type=control1 typed_return_pred=7.438749 sequence=342.428225
[b15-select/joint_low_lr] [plan iscas99__b15_1] [plan] step=58 node=N2083 type=observe typed_return_pred=7.370242 sequence=349.798468
[b15-select/joint_low_lr] [plan iscas99__b15_1] [plan] step=59 node=N2081 type=observe typed_return_pred=7.255602 sequence=357.054069
[b15-select/joint_low_lr] [plan iscas99__b15_1] [plan] step=60 node=N704 type=observe typed_return_pred=7.620977 sequence=364.675046
[b15-select/joint_low_lr] [plan iscas99__b15_1] [plan] step=61 node=N2101 type=observe typed_return_pred=7.740712 sequence=372.415758
[b15-select/joint_low_lr] [plan iscas99__b15_1] [plan] step=62 node=N583 type=control1 typed_return_pred=7.448203 sequence=379.863961
[b15-select/joint_low_lr] [plan iscas99__b15_1] [plan] step=63 node=N1411 type=control0 typed_return_pred=7.201928 sequence=387.065888
[b15-select/joint_low_lr] [plan iscas99__b15_1] [plan] step=64 node=N580 type=control1 typed_return_pred=7.098382 sequence=394.164270
[b15-select/joint_low_lr] [plan iscas99__b15_1] [plan] step=65 node=N7526 type=control0 typed_return_pred=6.980966 sequence=401.145236
[b15-select/joint_low_lr] [plan iscas99__b15_1] [plan] step=66 node=N4712 type=control0 typed_return_pred=6.825340 sequence=407.970576
[b15-select/joint_low_lr] [plan iscas99__b15_1] [plan] step=67 node=N7411 type=control1 typed_return_pred=6.994256 sequence=414.964833
[b15-select/joint_low_lr] [plan iscas99__b15_1] [plan] step=68 node=N5723 type=control0 typed_return_pred=6.891512 sequence=421.856345
[b15-select/joint_low_lr] [plan iscas99__b15_1] [plan] step=69 node=N4705 type=control0 typed_return_pred=6.722106 sequence=428.578450
[b15-select/joint_low_lr] [plan iscas99__b15_1] [plan] step=70 node=N5046 type=observe typed_return_pred=6.890079 sequence=435.468529
[b15-select/joint_low_lr] [plan iscas99__b15_1] [plan] step=71 node=N7854 type=control0 typed_return_pred=6.822231 sequence=442.290759
[b15-select/joint_low_lr] [plan iscas99__b15_1] [plan] step=72 node=N3841 type=control0 typed_return_pred=6.822828 sequence=449.113588
[b15-select/joint_low_lr] [plan iscas99__b15_1] [plan] step=73 node=N3896 type=control0 typed_return_pred=6.821613 sequence=455.935201
[b15-select/joint_low_lr] [plan iscas99__b15_1] [plan] step=74 node=N3903 type=control0 typed_return_pred=6.819228 sequence=462.754429
[b15-select/joint_low_lr] [plan iscas99__b15_1] [plan] step=75 node=N3681 type=control0 typed_return_pred=6.829130 sequence=469.583558
[b15-select/joint_low_lr] [plan iscas99__b15_1] [plan] step=76 node=N4698 type=control0 typed_return_pred=6.545603 sequence=476.129162
[b15-select/joint_low_lr] [plan iscas99__b15_1] [plan] step=77 node=N7413 type=control1 typed_return_pred=6.634202 sequence=482.763363
[b15-select/joint_low_lr] [plan iscas99__b15_1] [plan] step=78 node=N7421 type=control1 typed_return_pred=6.563327 sequence=489.326691
[b15-select/joint_low_lr] [plan iscas99__b15_1] [plan] step=79 node=N7820 type=control0 typed_return_pred=6.405303 sequence=495.731994
[b15-select/joint_low_lr] [plan iscas99__b15_1] [plan] step=80 node=N7723 type=control0 typed_return_pred=6.385082 sequence=502.117076
[b15-select/joint_low_lr] [plan iscas99__b15_1] [plan] step=81 node=N6533 type=observe typed_return_pred=6.665429 sequence=508.782505
[b15-select/joint_low_lr] [plan iscas99__b15_1] [plan] step=82 node=N2102 type=observe typed_return_pred=6.834762 sequence=515.617267
[b15-select/joint_low_lr] [plan iscas99__b15_1] [plan] step=83 node=N7513 type=control1 typed_return_pred=6.867577 sequence=522.484843
[b15-select/joint_low_lr] [plan iscas99__b15_1] [plan] step=84 node=N864 type=observe typed_return_pred=6.843162 sequence=529.328005
[b15-select/joint_low_lr] [plan iscas99__b15_1] [plan] step=85 node=N6669 type=control1 typed_return_pred=6.925118 sequence=536.253123
[b15-select/joint_low_lr] [plan iscas99__b15_1] [plan] step=86 node=N7725 type=control0 typed_return_pred=6.788065 sequence=543.041189
[b15-select/joint_low_lr] [plan iscas99__b15_1] [plan] step=87 node=N7736 type=control0 typed_return_pred=6.760763 sequence=549.801951
[b15-select/joint_low_lr] [plan iscas99__b15_1] [plan] step=88 node=N7726 type=control0 typed_return_pred=6.737487 sequence=556.539439
[b15-select/joint_low_lr] [plan iscas99__b15_1] [plan] step=89 node=N519 type=control1 typed_return_pred=6.633569 sequence=563.173008
[b15-select/joint_low_lr] [plan iscas99__b15_1] [plan] step=90 node=N7727 type=control0 typed_return_pred=6.683884 sequence=569.856892
[b15-select/joint_low_lr] [plan iscas99__b15_1] [plan] step=91 node=N2580 type=control1 typed_return_pred=6.769367 sequence=576.626259
[b15-select/joint_low_lr] [plan iscas99__b15_1] [plan] step=92 node=N7728 type=control0 typed_return_pred=6.699296 sequence=583.325555
[b15-select/joint_low_lr] [plan iscas99__b15_1] [plan] step=93 node=N7729 type=control0 typed_return_pred=6.660998 sequence=589.986553
[b15-select/joint_low_lr] [plan iscas99__b15_1] [plan] step=94 node=N7613 type=observe typed_return_pred=6.677820 sequence=596.664373
[b15-select/joint_low_lr] [plan iscas99__b15_1] [plan] step=95 node=N7730 type=control0 typed_return_pred=6.599475 sequence=603.263848
[b15-select/joint_low_lr] [plan iscas99__b15_1] [plan] step=96 node=N513 type=control1 typed_return_pred=6.509993 sequence=609.773841
[b15-select/joint_low_lr] [plan iscas99__b15_1] [plan] step=97 node=N7731 type=control0 typed_return_pred=6.548560 sequence=616.322401
[b15-select/joint_low_lr] [plan iscas99__b15_1] [plan] step=98 node=N504 type=control1 typed_return_pred=6.469018 sequence=622.791419
[b15-select/joint_low_lr] [plan iscas99__b15_1] [plan] step=99 node=N516 type=control1 typed_return_pred=6.475256 sequence=629.266676
[b15-select/joint_low_lr] [plan iscas99__b15_1] [plan] step=100 node=N7732 type=control0 typed_return_pred=6.516313 sequence=635.782988
[b15-select/joint_low_lr] [plan iscas99__b15_1] [plan] step=101 node=N7870 type=control1 typed_return_pred=6.575083 sequence=642.358072
[b15-select/joint_low_lr] [plan iscas99__b15_1] [plan] step=102 node=N7733 type=control0 typed_return_pred=6.488355 sequence=648.846427
[b15-select/joint_low_lr] [plan iscas99__b15_1] [plan] step=103 node=N3124 type=control1 typed_return_pred=6.602583 sequence=655.449010
[b15-select/joint_low_lr] [plan iscas99__b15_1] [plan] step=104 node=N7734 type=control0 typed_return_pred=6.498831 sequence=661.947841
[b15-select/joint_low_lr] [plan iscas99__b15_1] [plan] step=105 node=N4691 type=control0 typed_return_pred=6.387152 sequence=668.334993
[b15-select/joint_low_lr] [plan iscas99__b15_1] [plan] step=106 node=N7735 type=control0 typed_return_pred=6.401327 sequence=674.736320
[b15-select/joint_low_lr] [plan iscas99__b15_1] [plan] step=107 node=N3180 type=control1 typed_return_pred=6.541485 sequence=681.277805
[b15-select/joint_low_lr] [plan iscas99__b15_1] [plan] step=108 node=N510 type=control1 typed_return_pred=6.527925 sequence=687.805729
[b15-select/joint_low_lr] [plan iscas99__b15_1] [plan] step=109 node=N3352 type=control1 typed_return_pred=6.734626 sequence=694.540356
[b15-select/joint_low_lr] [plan iscas99__b15_1] [plan] step=110 node=N7846 type=control0 typed_return_pred=6.621113 sequence=701.161469
[b15-select/joint_low_lr] [plan iscas99__b15_1] [plan] step=111 node=N7590 type=control1 typed_return_pred=6.500745 sequence=707.662214
[b15-select/joint_low_lr] [plan iscas99__b15_1] [plan] step=112 node=N3410 type=control1 typed_return_pred=6.609159 sequence=714.271373
[b15-select/joint_low_lr] [plan iscas99__b15_1] [plan] step=113 node=N7541 type=control0 typed_return_pred=6.519525 sequence=720.790898
[b15-select/joint_low_lr] [plan iscas99__b15_1] [plan] step=114 node=N4684 type=control0 typed_return_pred=6.396157 sequence=727.187055
[b15-select/joint_low_lr] [plan iscas99__b15_1] [plan] step=115 node=N7847 type=control0 typed_return_pred=6.429411 sequence=733.616465
[b15-select/joint_low_lr] [plan iscas99__b15_1] [plan] step=116 node=N7852 type=control0 typed_return_pred=6.399906 sequence=740.016371
[b15-select/joint_low_lr] [plan iscas99__b15_1] [plan] step=117 node=N7853 type=control0 typed_return_pred=6.367357 sequence=746.383728
[b15-select/joint_low_lr] [plan iscas99__b15_1] [plan] step=118 node=N8003 type=control0 typed_return_pred=6.377176 sequence=752.760904
[b15-select/joint_low_lr] [plan iscas99__b15_1] [plan] step=119 node=N8005 type=control0 typed_return_pred=6.383851 sequence=759.144754
[b15-select/joint_low_lr] [plan iscas99__b15_1] [plan] step=120 node=N8009 type=control0 typed_return_pred=6.391561 sequence=765.536315
[b15-select/joint_low_lr] [plan iscas99__b15_1] [plan] step=121 node=N8011 type=control0 typed_return_pred=6.401135 sequence=771.937451
[b15-select/joint_low_lr] [plan iscas99__b15_1] [plan] step=122 node=N4677 type=control0 typed_return_pred=6.270004 sequence=778.207455
[b15-select/joint_low_lr] [plan iscas99__b15_1] [plan] step=123 node=N8013 type=control0 typed_return_pred=6.357607 sequence=784.565062
[b15-select/joint_low_lr] [plan iscas99__b15_1] [plan] step=124 node=N8015 type=control0 typed_return_pred=6.381215 sequence=790.946277
[b15-select/joint_low_lr] [plan iscas99__b15_1] [plan] step=125 node=N8017 type=control0 typed_return_pred=6.397233 sequence=797.343509
[b15-select/joint_low_lr] [plan iscas99__b15_1] [plan] step=126 node=N8019 type=control0 typed_return_pred=6.409128 sequence=803.752637
[b15-select/joint_low_lr] [plan iscas99__b15_1] [plan] step=127 node=N8021 type=control0 typed_return_pred=6.421550 sequence=810.174187
[b15-select/joint_low_lr] [plan iscas99__b15_1] [plan] step=128 node=N8023 type=control0 typed_return_pred=6.431089 sequence=816.605276
[b15-select/joint_low_lr] [plan iscas99__b15_1] [plan] step=129 node=N8025 type=control0 typed_return_pred=6.442924 sequence=823.048199
[b15-select/joint_low_lr] [plan iscas99__b15_1] [plan] step=130 node=N8027 type=control0 typed_return_pred=6.453492 sequence=829.501691
[b15-select/joint_low_lr] [plan iscas99__b15_1] [plan] step=131 node=N8036 type=control0 typed_return_pred=6.463567 sequence=835.965258
[b15-select/joint_low_lr] [plan iscas99__b15_1] [plan] step=132 node=N8038 type=control0 typed_return_pred=6.473405 sequence=842.438662
[b15-select/joint_low_lr] [plan iscas99__b15_1] [plan] step=133 node=N8040 type=control0 typed_return_pred=6.484695 sequence=848.923358
[b15-select/joint_low_lr] [plan iscas99__b15_1] [plan] step=134 node=N8044 type=control0 typed_return_pred=6.494775 sequence=855.418133
[b15-select/joint_low_lr] [plan iscas99__b15_1] [plan] step=135 node=N8046 type=control0 typed_return_pred=6.506588 sequence=861.924720
[b15-select/joint_low_lr] [plan iscas99__b15_1] [plan] step=136 node=N7694 type=control0 typed_return_pred=6.515959 sequence=868.440679
[b15-select/joint_low_lr] [plan iscas99__b15_1] [plan] step=137 node=N634 type=control1 typed_return_pred=6.388468 sequence=874.829147
[b15-select/joint_low_lr] [plan iscas99__b15_1] [plan] step=138 node=N7370 type=control1 typed_return_pred=6.294178 sequence=881.123325
[b15-select/joint_low_lr] [plan iscas99__b15_1] [plan] step=139 node=N626 type=control1 typed_return_pred=6.104121 sequence=887.227446
[b15-select/joint_low_lr] [plan iscas99__b15_1] [plan] step=140 node=N7441 type=control0 typed_return_pred=6.207580 sequence=893.435026
[b15-select/joint_low_lr] [plan iscas99__b15_1] [plan] step=141 node=N7442 type=control0 typed_return_pred=6.191298 sequence=899.626324
[b15-select/joint_low_lr] [plan iscas99__b15_1] [plan] step=142 node=N7445 type=control0 typed_return_pred=6.156140 sequence=905.782464
[b15-select/joint_low_lr] [plan iscas99__b15_1] [plan] step=143 node=N3237 type=control1 typed_return_pred=6.138781 sequence=911.921245
[b15-select/joint_low_lr] [plan iscas99__b15_1] [plan] step=144 node=N7696 type=control0 typed_return_pred=6.110359 sequence=918.031603
[b15-select/joint_low_lr] [plan iscas99__b15_1] [plan] step=145 node=N8052 type=control0 typed_return_pred=6.137459 sequence=924.169062
[b15-select/joint_low_lr] [plan iscas99__b15_1] [plan] step=146 node=N7698 type=control0 typed_return_pred=6.161669 sequence=930.330731
[b15-select/joint_low_lr] [plan iscas99__b15_1] [plan] step=147 node=N7855 type=control0 typed_return_pred=6.140769 sequence=936.471500
[b15-select/joint_low_lr] [plan iscas99__b15_1] [plan] step=148 node=N645 type=control1 typed_return_pred=6.054924 sequence=942.526424
[b15-select/joint_low_lr] [plan iscas99__b15_1] [plan] step=149 node=N616 type=control1 typed_return_pred=5.974034 sequence=948.500458
[b15-select/joint_low_lr] [plan iscas99__b15_1] [plan] step=150 node=N636 type=control1 typed_return_pred=5.910569 sequence=954.411026
[b15-select/joint_low_lr] [plan iscas99__b15_1] [plan] step=151 node=N624 type=control1 typed_return_pred=5.858125 sequence=960.269152
[b15-select/joint_low_lr] [plan iscas99__b15_1] [plan] step=152 node=N3295 type=control1 typed_return_pred=5.984548 sequence=966.253700
[b15-select/joint_low_lr] [plan iscas99__b15_1] [plan] step=153 node=N614 type=control1 typed_return_pred=5.863740 sequence=972.117440
[b15-select/joint_low_lr] [plan iscas99__b15_1] [plan] step=154 node=N3467 type=control1 typed_return_pred=5.985901 sequence=978.103341
[b15-select/joint_low_lr] [plan iscas99__b15_1] [plan] step=155 node=N630 type=control1 typed_return_pred=5.852010 sequence=983.955351
[b15-select/joint_low_lr] [plan iscas99__b15_1] [plan] step=156 node=N642 type=control1 typed_return_pred=5.773627 sequence=989.728979
[b15-select/joint_low_lr] [plan iscas99__b15_1] [plan] step=157 node=N610 type=control1 typed_return_pred=5.708803 sequence=995.437781
[b15-select/joint_low_lr] [plan iscas99__b15_1] [plan] step=158 node=N3525 type=control1 typed_return_pred=5.816443 sequence=1001.254225
[b15-select/joint_low_lr] [plan iscas99__b15_1] [plan] step=159 node=N628 type=control1 typed_return_pred=5.687199 sequence=1006.941424
[b15-select/joint_low_lr] [plan iscas99__b15_1] [plan] step=160 node=N649 type=control1 typed_return_pred=5.606426 sequence=1012.547850
[b15-select/joint_low_lr] [plan iscas99__b15_1] [plan] step=161 node=N647 type=control1 typed_return_pred=5.538879 sequence=1018.086728
[b15-select/joint_low_lr] [plan iscas99__b15_1] [plan] step=162 node=N694 type=observe typed_return_pred=5.989738 sequence=1024.076466
[b15-select/joint_low_lr] [plan iscas99__b15_1] [plan] step=163 node=N7408 type=control0 typed_return_pred=5.692637 sequence=1029.769104
[b15-select/joint_low_lr] [plan iscas99__b15_1] [plan] step=164 node=N7700 type=control0 typed_return_pred=5.728023 sequence=1035.497126
[b15-select/joint_low_lr] [plan iscas99__b15_1] [plan] step=165 node=N4460 type=control0 typed_return_pred=5.772368 sequence=1041.269494
[b15-select/joint_low_lr] [plan iscas99__b15_1] [plan] step=166 node=N638 type=control1 typed_return_pred=5.667415 sequence=1046.936909
[b15-select/joint_low_lr] [plan iscas99__b15_1] [plan] step=167 node=N620 type=control1 typed_return_pred=5.579360 sequence=1052.516269
[b15-select/joint_low_lr] [plan iscas99__b15_1] [plan] step=168 node=N7679 type=observe typed_return_pred=5.636375 sequence=1058.152645
[b15-select/joint_low_lr] [plan iscas99__b15_1] [plan] step=169 node=N2330 type=control1 typed_return_pred=5.702314 sequence=1063.854958
[b15-select/joint_low_lr] [plan iscas99__b15_1] [plan] step=170 node=N2652 type=control1 typed_return_pred=5.754962 sequence=1069.609920
[b15-select/joint_low_lr] [plan iscas99__b15_1] [plan] step=171 node=N7542 type=control0 typed_return_pred=5.594872 sequence=1075.204792
[b15-select/joint_low_lr] [plan iscas99__b15_1] [plan] step=172 node=N4173 type=control0 typed_return_pred=5.501954 sequence=1080.706746
[b15-select/joint_low_lr] [plan iscas99__b15_1] [plan] step=173 node=N7500 type=control1 typed_return_pred=5.784587 sequence=1086.491334
[b15-select/joint_low_lr] [plan iscas99__b15_1] [plan] step=174 node=N7925 type=control0 typed_return_pred=5.759036 sequence=1092.250369
[b15-select/joint_low_lr] [plan iscas99__b15_1] [plan] step=175 node=N4421 type=control0 typed_return_pred=5.808865 sequence=1098.059234
[b15-select/joint_low_lr] [plan iscas99__b15_1] [plan] step=176 node=N8273 type=control0 typed_return_pred=5.677179 sequence=1103.736413
[b15-select/joint_low_lr] [plan iscas99__b15_1] [plan] step=177 node=N4367 type=control0 typed_return_pred=5.807013 sequence=1109.543426
[b15-select/joint_low_lr] [plan iscas99__b15_1] [plan] step=178 node=N4359 type=control0 typed_return_pred=5.859207 sequence=1115.402633
[b15-select/joint_low_lr] [plan iscas99__b15_1] [plan] step=179 node=N4442 type=control0 typed_return_pred=5.901327 sequence=1121.303960
[b15-select/joint_low_lr] [plan iscas99__b15_1] [plan] step=180 node=N6956 type=control0 typed_return_pred=5.934913 sequence=1127.238872
[b15-select/joint_low_lr] [plan iscas99__b15_1] [plan] step=181 node=N4469 type=control0 typed_return_pred=5.968507 sequence=1133.207379
[b15-select/joint_low_lr] [plan iscas99__b15_1] [plan] step=182 node=N5894 type=control0 typed_return_pred=5.999532 sequence=1139.206911
[b15-select/joint_low_lr] [plan iscas99__b15_1] [plan] step=183 node=N2721 type=control1 typed_return_pred=6.155484 sequence=1145.362395
[b15-select/joint_low_lr] [plan iscas99__b15_1] [plan] step=184 node=N2894 type=control1 typed_return_pred=6.269258 sequence=1151.631653
[b15-select/joint_low_lr] [plan iscas99__b15_1] [plan] step=185 node=N2952 type=control1 typed_return_pred=6.388232 sequence=1158.019885
[b15-select/joint_low_lr] [plan iscas99__b15_1] [plan] step=186 node=N2779 type=control1 typed_return_pred=6.511995 sequence=1164.531880
[b15-select/joint_low_lr] [plan iscas99__b15_1] [plan] step=187 node=N4532 type=control0 typed_return_pred=6.431820 sequence=1170.963701
[b15-select/joint_low_lr] [plan iscas99__b15_1] [plan] step=188 node=N7414 type=control1 typed_return_pred=6.390034 sequence=1177.353735
[b15-select/joint_low_lr] [plan iscas99__b15_1] [plan] step=189 node=N2837 type=control1 typed_return_pred=6.627663 sequence=1183.981398
[b15-select/joint_low_lr] [plan iscas99__b15_1] [plan] step=190 node=N3009 type=control1 typed_return_pred=6.762233 sequence=1190.743631
[b15-select/joint_low_lr] [plan iscas99__b15_1] [plan] step=191 node=N3067 type=control1 typed_return_pred=6.900702 sequence=1197.644333
[b15-select/joint_low_lr] [plan iscas99__b15_1] [plan] step=192 node=N8275 type=control0 typed_return_pred=6.671760 sequence=1204.316092
[b15-select/joint_low_lr] [plan iscas99__b15_1] [plan] step=193 node=N4436 type=control0 typed_return_pred=6.735206 sequence=1211.051298
[b15-select/joint_low_lr] [plan iscas99__b15_1] [plan] step=194 node=N4656 type=control0 typed_return_pred=6.613942 sequence=1217.665240
[b15-select/joint_low_lr] [plan iscas99__b15_1] [plan] step=195 node=N2106 type=observe typed_return_pred=7.033740 sequence=1224.698980
[b15-select/joint_low_lr] [plan iscas99__b15_1] [plan] step=196 node=N869 type=observe typed_return_pred=7.003620 sequence=1231.702600
[b15-select/joint_low_lr] [plan iscas99__b15_1] [plan] step=197 node=N5821 type=control0 typed_return_pred=6.757925 sequence=1238.460525
[b15-select/joint_low_lr] [plan iscas99__b15_1] [plan] step=198 node=N4338 type=control0 typed_return_pred=6.815441 sequence=1245.275966
[b15-select/joint_low_lr] [plan iscas99__b15_1] [plan] step=199 node=N8790 type=control1 typed_return_pred=6.702042 sequence=1251.978008
[b15-select/joint_low_lr] [plan iscas99__b15_1] [plan] step=200 node=N8789 type=control1 typed_return_pred=6.568424 sequence=1258.546431
[b15-select/joint_low_lr] [plan iscas99__b15_1] [plan] step=201 node=N8277 type=control0 typed_return_pred=6.415200 sequence=1264.961631
[b15-select/joint_low_lr] [plan iscas99__b15_1] [plan] step=202 node=N4649 type=control0 typed_return_pred=6.391562 sequence=1271.353193
[b15-select/joint_low_lr] [plan iscas99__b15_1] [plan] step=203 node=N2157 type=observe typed_return_pred=6.870430 sequence=1278.223623
[b15-select/joint_low_lr] [plan iscas99__b15_1] [plan] step=204 node=N8271 type=control0 typed_return_pred=6.539864 sequence=1284.763486
[b15-select/joint_low_lr] [plan iscas99__b15_1] [plan] step=205 node=N4391 type=control0 typed_return_pred=6.625125 sequence=1291.388612
[b15-select/joint_low_lr] [plan iscas99__b15_1] [plan] step=206 node=N6947 type=control0 typed_return_pred=6.648591 sequence=1298.037202
[b15-select/joint_low_lr] [plan iscas99__b15_1] [plan] step=207 node=N5725 type=control0 typed_return_pred=6.607310 sequence=1304.644513
[b15-select/joint_low_lr] [plan iscas99__b15_1] [plan] step=208 node=N8281 type=control0 typed_return_pred=6.593586 sequence=1311.238099
[b15-select/joint_low_lr] [plan iscas99__b15_1] [plan] step=209 node=N4879 type=control0 typed_return_pred=6.654557 sequence=1317.892656
[b15-select/joint_low_lr] [plan iscas99__b15_1] [plan] step=210 node=N2348 type=control0 typed_return_pred=6.534925 sequence=1324.427581
[b15-select/joint_low_lr] [plan iscas99__b15_1] [plan] step=211 node=N5727 type=control0 typed_return_pred=6.556437 sequence=1330.984019
[b15-select/joint_low_lr] [plan iscas99__b15_1] [plan] step=212 node=N4385 type=control0 typed_return_pred=6.575184 sequence=1337.559203
[b15-select/joint_low_lr] [plan iscas99__b15_1] [plan] step=213 node=N4635 type=control0 typed_return_pred=6.433117 sequence=1343.992320
[b15-select/joint_low_lr] [plan iscas99__b15_1] [plan] step=214 node=N3142 type=control0 typed_return_pred=6.527585 sequence=1350.519904
[b15-select/joint_low_lr] [plan iscas99__b15_1] [plan] step=215 node=N3147 type=control0 typed_return_pred=6.554200 sequence=1357.074105
[b15-select/joint_low_lr] [plan iscas99__b15_1] [plan] step=216 node=N3152 type=control0 typed_return_pred=6.572913 sequence=1363.647017
[b15-select/joint_low_lr] [plan iscas99__b15_1] [plan] step=217 node=N3157 type=control0 typed_return_pred=6.588916 sequence=1370.235934
[b15-select/joint_low_lr] [plan iscas99__b15_1] [plan] step=218 node=N3162 type=control0 typed_return_pred=6.603714 sequence=1376.839647
[b15-select/joint_low_lr] [plan iscas99__b15_1] [plan] step=219 node=N3167 type=control0 typed_return_pred=6.618086 sequence=1383.457734
[b15-select/joint_low_lr] [plan iscas99__b15_1] [plan] step=220 node=N3172 type=control0 typed_return_pred=6.631082 sequence=1390.088815
[b15-select/joint_low_lr] [plan iscas99__b15_1] [plan] step=221 node=N3177 type=control0 typed_return_pred=6.643350 sequence=1396.732165
[b15-select/joint_low_lr] [plan iscas99__b15_1] [plan] step=222 node=N3199 type=control0 typed_return_pred=6.655117 sequence=1403.387281
[b15-select/joint_low_lr] [plan iscas99__b15_1] [plan] step=223 node=N3204 type=control0 typed_return_pred=6.666556 sequence=1410.053837
[b15-select/joint_low_lr] [plan iscas99__b15_1] [plan] step=224 node=N3209 type=control0 typed_return_pred=6.677776 sequence=1416.731613
[b15-select/joint_low_lr] [plan iscas99__b15_1] [plan] step=225 node=N3214 type=control0 typed_return_pred=6.688536 sequence=1423.420149
[b15-select/joint_low_lr] [plan iscas99__b15_1] [plan] step=226 node=N3219 type=control0 typed_return_pred=6.698812 sequence=1430.118961
[b15-select/joint_low_lr] [plan iscas99__b15_1] [plan] step=227 node=N3224 type=control0 typed_return_pred=6.708735 sequence=1436.827695
[b15-select/joint_low_lr] [plan iscas99__b15_1] [plan] step=228 node=N3229 type=control0 typed_return_pred=6.718410 sequence=1443.546105
[b15-select/joint_low_lr] [plan iscas99__b15_1] [plan] step=229 node=N3234 type=control0 typed_return_pred=6.727823 sequence=1450.273928
[b15-select/joint_low_lr] [plan iscas99__b15_1] [plan] step=230 node=N3372 type=control0 typed_return_pred=6.737003 sequence=1457.010931
[b15-select/joint_low_lr] [plan iscas99__b15_1] [plan] step=231 node=N3377 type=control0 typed_return_pred=6.745868 sequence=1463.756799
[b15-select/joint_low_lr] [plan iscas99__b15_1] [plan] step=232 node=N3382 type=control0 typed_return_pred=6.754339 sequence=1470.511138
[b15-select/joint_low_lr] [plan iscas99__b15_1] [plan] step=233 node=N3387 type=control0 typed_return_pred=6.762293 sequence=1477.273431
[b15-select/joint_low_lr] [plan iscas99__b15_1] [plan] step=234 node=N3392 type=control0 typed_return_pred=6.769805 sequence=1484.043236
[b15-select/joint_low_lr] [plan iscas99__b15_1] [plan] step=235 node=N3397 type=control0 typed_return_pred=6.776912 sequence=1490.820148
[b15-select/joint_low_lr] [plan iscas99__b15_1] [plan] step=236 node=N3402 type=control0 typed_return_pred=6.783632 sequence=1497.603780
[b15-select/joint_low_lr] [plan iscas99__b15_1] [plan] step=237 node=N3407 type=control0 typed_return_pred=6.790016 sequence=1504.393796
[b15-select/joint_low_lr] [plan iscas99__b15_1] [plan] step=238 node=N6871 type=control0 typed_return_pred=6.793256 sequence=1511.187053
[b15-select/joint_low_lr] [plan iscas99__b15_1] [plan] step=239 node=N3429 type=control0 typed_return_pred=6.799611 sequence=1517.986663
[b15-select/joint_low_lr] [plan iscas99__b15_1] [plan] step=240 node=N3434 type=control0 typed_return_pred=6.805390 sequence=1524.792053
[b15-select/joint_low_lr] [plan iscas99__b15_1] [plan] step=241 node=N3439 type=control0 typed_return_pred=6.810675 sequence=1531.602728
[b15-select/joint_low_lr] [plan iscas99__b15_1] [plan] step=242 node=N3444 type=control0 typed_return_pred=6.815457 sequence=1538.418186
[b15-select/joint_low_lr] [plan iscas99__b15_1] [plan] step=243 node=N3449 type=control0 typed_return_pred=6.819753 sequence=1545.237938
[b15-select/joint_low_lr] [plan iscas99__b15_1] [plan] step=244 node=N3454 type=control0 typed_return_pred=6.823644 sequence=1552.061582
[b15-select/joint_low_lr] [plan iscas99__b15_1] [plan] step=245 node=N3459 type=control0 typed_return_pred=6.827116 sequence=1558.888698
[b15-select/joint_low_lr] [plan iscas99__b15_1] [plan] step=246 node=N3464 type=control0 typed_return_pred=6.830180 sequence=1565.718878
[b15-select/joint_low_lr] [plan iscas99__b15_1] [plan] step=247 node=N7704 type=control0 typed_return_pred=6.861848 sequence=1572.580726
[b15-select/joint_low_lr] [plan iscas99__b15_1] [plan] step=248 node=N3257 type=control0 typed_return_pred=6.770767 sequence=1579.351493
[b15-select/joint_low_lr] [plan iscas99__b15_1] [plan] step=249 node=N3262 type=control0 typed_return_pred=6.776048 sequence=1586.127541
[b15-select/joint_low_lr] [plan iscas99__b15_1] [plan] step=250 node=N3267 type=control0 typed_return_pred=6.778253 sequence=1592.905794
[b15-select/joint_low_lr] [plan iscas99__b15_1] [plan] step=251 node=N3272 type=control0 typed_return_pred=6.778515 sequence=1599.684308
[b15-select/joint_low_lr] [plan iscas99__b15_1] [plan] step=252 node=N3277 type=control0 typed_return_pred=6.777402 sequence=1606.461711
[b15-select/joint_low_lr] [plan iscas99__b15_1] [plan] step=253 node=N3282 type=control0 typed_return_pred=6.775384 sequence=1613.237095
[b15-select/joint_low_lr] [plan iscas99__b15_1] [plan] step=254 node=N3287 type=control0 typed_return_pred=6.771565 sequence=1620.008660
[b15-select/joint_low_lr] [plan iscas99__b15_1] [plan] step=255 node=N3292 type=control0 typed_return_pred=6.771052 sequence=1626.779713
[b15-select/joint_low_lr] [plan iscas99__b15_1] [plan] step=256 node=N3314 type=control0 typed_return_pred=6.767090 sequence=1633.546803
[b15-select/joint_low_lr] [plan iscas99__b15_1] [plan] step=257 node=N3319 type=control0 typed_return_pred=6.763048 sequence=1640.309851
[b15-select/joint_low_lr] [plan iscas99__b15_1] [plan] step=258 node=N3324 type=control0 typed_return_pred=6.758733 sequence=1647.068584
[b15-select/joint_low_lr] [plan iscas99__b15_1] [plan] step=259 node=N3329 type=control0 typed_return_pred=6.754050 sequence=1653.822634
[b15-select/joint_low_lr] [plan iscas99__b15_1] [plan] step=260 node=N3334 type=control0 typed_return_pred=6.748969 sequence=1660.571603
[b15-select/joint_low_lr] [plan iscas99__b15_1] [plan] step=261 node=N3339 type=control0 typed_return_pred=6.744246 sequence=1667.315850
[b15-select/joint_low_lr] [plan iscas99__b15_1] [plan] step=262 node=N3344 type=control0 typed_return_pred=6.739788 sequence=1674.055637
[b15-select/joint_low_lr] [plan iscas99__b15_1] [plan] step=263 node=N3349 type=control0 typed_return_pred=6.735565 sequence=1680.791202
[b15-select/joint_low_lr] [plan iscas99__b15_1] [plan] step=264 node=N3487 type=control0 typed_return_pred=6.734550 sequence=1687.525752
[b15-select/joint_low_lr] [plan iscas99__b15_1] [plan] step=265 node=N3492 type=control0 typed_return_pred=6.733349 sequence=1694.259101
[b15-select/joint_low_lr] [plan iscas99__b15_1] [plan] step=266 node=N3497 type=control0 typed_return_pred=6.732159 sequence=1700.991260
[b15-select/joint_low_lr] [plan iscas99__b15_1] [plan] step=267 node=N3502 type=control0 typed_return_pred=6.731073 sequence=1707.722333
[b15-select/joint_low_lr] [plan iscas99__b15_1] [plan] step=268 node=N3507 type=control0 typed_return_pred=6.730147 sequence=1714.452480
[b15-select/joint_low_lr] [plan iscas99__b15_1] [plan] step=269 node=N3512 type=control0 typed_return_pred=6.729414 sequence=1721.181894
[b15-select/joint_low_lr] [plan iscas99__b15_1] [plan] step=270 node=N3517 type=control0 typed_return_pred=6.728850 sequence=1727.910744
[b15-select/joint_low_lr] [plan iscas99__b15_1] [plan] step=271 node=N3522 type=control0 typed_return_pred=6.728452 sequence=1734.639196
[b15-select/joint_low_lr] [plan iscas99__b15_1] [plan] step=272 node=N3544 type=control0 typed_return_pred=6.725397 sequence=1741.364592
[b15-select/joint_low_lr] [plan iscas99__b15_1] [plan] step=273 node=N3549 type=control0 typed_return_pred=6.722933 sequence=1748.087525
[b15-select/joint_low_lr] [plan iscas99__b15_1] [plan] step=274 node=N3554 type=control0 typed_return_pred=6.720857 sequence=1754.808382
[b15-select/joint_low_lr] [plan iscas99__b15_1] [plan] step=275 node=N3559 type=control0 typed_return_pred=6.719052 sequence=1761.527435
[b15-select/joint_low_lr] [plan iscas99__b15_1] [plan] step=276 node=N3563 type=control0 typed_return_pred=6.717511 sequence=1768.244945
[b15-select/joint_low_lr] [plan iscas99__b15_1] [plan] step=277 node=N3568 type=control0 typed_return_pred=6.716345 sequence=1774.961291
[b15-select/joint_low_lr] [plan iscas99__b15_1] [plan] step=278 node=N3573 type=control0 typed_return_pred=6.715419 sequence=1781.676710
[b15-select/joint_low_lr] [plan iscas99__b15_1] saved=autoresearch/loop-260720-0945/model_training_round1/b15_selection/joint_low_lr/plans/iscas99__b15_1__greedy__cumulative__typed_return_pred__bw1__d1__c48__g1p0__candhard_fault_cluster__div0p0__s0.csv
[b15-select/joint_low_lr] [gmean] 2026-07-20T14:37:10 [1/1] plan_done benchmark=iscas99__b15_1 plan_sec=164.409 plan_csv=autoresearch/loop-260720-0945/model_training_round1/b15_selection/joint_low_lr/plans/iscas99__b15_1__greedy__cumulative__typed_return_pred__bw1__d1__c48__g1p0__candhard_fault_cluster__div0p0__s0.csv
[b15-select/joint_low_lr] [gmean] 2026-07-20T14:37:10 [1/1] eval_start benchmark=iscas99__b15_1 backend=atalanta-bist patterns=300000
[b15-select/joint_low_lr] [eval iscas99__b15_1] {
[b15-select/joint_low_lr] [eval iscas99__b15_1]   "records": 2,
[b15-select/joint_low_lr] [eval iscas99__b15_1]   "labels_csv": "autoresearch/loop-260720-0945/model_training_round1/b15_selection/joint_low_lr/evals/iscas99__b15_1__greedy__cumulative__typed_return_pred__bw1__d1__c48__g1p0__candhard_fault_cluster__div0p0__s0/labels.csv",
[b15-select/joint_low_lr] [eval iscas99__b15_1]   "summary_json": "autoresearch/loop-260720-0945/model_training_round1/b15_selection/joint_low_lr/evals/iscas99__b15_1__greedy__cumulative__typed_return_pred__bw1__d1__c48__g1p0__candhard_fault_cluster__div0p0__s0/summary.json"
[b15-select/joint_low_lr] [eval iscas99__b15_1] }
[b15-select/joint_low_lr] [gmean] 2026-07-20T14:37:17 [1/1] eval_done benchmark=iscas99__b15_1 delta_tc=0.0950200000000001 plan_sec=164.409 eval_sec=7.559 total_sec=171.984
[b15-select/joint_low_lr] [gmean] 2026-07-20T14:37:17 variant_done id=greedy__cumulative__typed_return_pred__bw1__d1__c48__g1p0__candhard_fault_cluster__div0p0__s0 status=ok macro=0.0950200000000001 positives=1 negatives=0 elapsed=171.984
[b15-select/joint_low_lr] [gmean] 2026-07-20T14:37:17 variant_start id=greedy__cumulative__q_pred_context__bw1__d1__c48__g1p0__candhard_fault_cluster__div0p0__s0
[b15-select/joint_low_lr] [gmean] 2026-07-20T14:37:17 [1/1] plan_start benchmark=iscas99__b15_1 budget=278 planner=greedy score=q_pred_context
[b15-select/joint_low_lr] [plan iscas99__b15_1] [plan] torch_deterministic=true
[b15-select/joint_low_lr] [plan iscas99__b15_1] [plan] candidate_allowlist=autoresearch/original-netlist-recovery-260712/exact_itc99/b15_C/exact_candidate_nodes.txt nodes=7918
[b15-select/joint_low_lr] [plan iscas99__b15_1] [plan] latent_norm_clip_ratio=4 latent_norm_limit=30.811775
[b15-select/joint_low_lr] [plan iscas99__b15_1] [plan] step=1 node=N672 type=control1 q_pred_context=4.531176 sequence=4.531176
[b15-select/joint_low_lr] [plan iscas99__b15_1] [plan] step=2 node=N502 type=control1 q_pred_context=5.134358 sequence=9.665534
[b15-select/joint_low_lr] [plan iscas99__b15_1] [plan] step=3 node=N2155 type=observe q_pred_context=6.168132 sequence=15.833667
[b15-select/joint_low_lr] [plan iscas99__b15_1] [plan] step=4 node=N762 type=control1 q_pred_context=3.423874 sequence=19.257541
[b15-select/joint_low_lr] [plan iscas99__b15_1] [plan] step=5 node=N507 type=control1 q_pred_context=3.480787 sequence=22.738328
[b15-select/joint_low_lr] [plan iscas99__b15_1] [plan] step=6 node=N4520 type=control0 q_pred_context=1.647935 sequence=24.386263
[b15-select/joint_low_lr] [plan iscas99__b15_1] [plan] step=7 node=N3644 type=control0 q_pred_context=2.011467 sequence=26.397729
[b15-select/joint_low_lr] [plan iscas99__b15_1] [plan] step=8 node=N557 type=control1 q_pred_context=2.186915 sequence=28.584645
[b15-select/joint_low_lr] [plan iscas99__b15_1] [plan] step=9 node=N7510 type=control1 q_pred_context=2.819424 sequence=31.404069
[b15-select/joint_low_lr] [plan iscas99__b15_1] [plan] step=10 node=N870 type=observe q_pred_context=3.798433 sequence=35.202502
[b15-select/joint_low_lr] [plan iscas99__b15_1] [plan] step=11 node=N5876 type=observe q_pred_context=7.109496 sequence=42.311998
[b15-select/joint_low_lr] [plan iscas99__b15_1] [plan] step=12 node=N704 type=observe q_pred_context=5.848896 sequence=48.160894
[b15-select/joint_low_lr] [plan iscas99__b15_1] [plan] step=13 node=N866 type=observe q_pred_context=5.425888 sequence=53.586781
[b15-select/joint_low_lr] [plan iscas99__b15_1] [plan] step=14 node=N724 type=observe q_pred_context=7.829288 sequence=61.416069
[b15-select/joint_low_lr] [plan iscas99__b15_1] [plan] step=15 node=N7878 type=control1 q_pred_context=8.040000 sequence=69.456069
[b15-select/joint_low_lr] [plan iscas99__b15_1] [plan] step=16 node=N5143 type=observe q_pred_context=5.775012 sequence=75.231081
[b15-select/joint_low_lr] [plan iscas99__b15_1] [plan] step=17 node=N1853 type=observe q_pred_context=6.035768 sequence=81.266848
[b15-select/joint_low_lr] [plan iscas99__b15_1] [plan] step=18 node=N1437 type=control1 q_pred_context=5.863076 sequence=87.129925
[b15-select/joint_low_lr] [plan iscas99__b15_1] [plan] step=19 node=N3605 type=observe q_pred_context=5.901904 sequence=93.031828
[b15-select/joint_low_lr] [plan iscas99__b15_1] [plan] step=20 node=N893 type=control1 q_pred_context=3.543776 sequence=96.575604
[b15-select/joint_low_lr] [plan iscas99__b15_1] [plan] step=21 node=N7874 type=control1 q_pred_context=8.040000 sequence=104.615604
[b15-select/joint_low_lr] [plan iscas99__b15_1] [plan] step=22 node=N2319 type=control1 q_pred_context=8.040000 sequence=112.655604
[b15-select/joint_low_lr] [plan iscas99__b15_1] [plan] step=23 node=N2328 type=control1 q_pred_context=8.040000 sequence=120.695604
[b15-select/joint_low_lr] [plan iscas99__b15_1] [plan] step=24 node=N5614 type=control1 q_pred_context=8.040000 sequence=128.735604
[b15-select/joint_low_lr] [plan iscas99__b15_1] [plan] step=25 node=N7872 type=control1 q_pred_context=8.040000 sequence=136.775604
[b15-select/joint_low_lr] [plan iscas99__b15_1] [plan] step=26 node=N1599 type=observe q_pred_context=8.040000 sequence=144.815604
[b15-select/joint_low_lr] [plan iscas99__b15_1] [plan] step=27 node=N865 type=observe q_pred_context=8.700000 sequence=153.515604
[b15-select/joint_low_lr] [plan iscas99__b15_1] [plan] step=28 node=N5605 type=control1 q_pred_context=8.040000 sequence=161.555604
[b15-select/joint_low_lr] [plan iscas99__b15_1] [plan] step=29 node=N2008 type=observe q_pred_context=4.622828 sequence=166.178432
[b15-select/joint_low_lr] [plan iscas99__b15_1] [plan] step=30 node=N1879 type=observe q_pred_context=4.092193 sequence=170.270625
[b15-select/joint_low_lr] [plan iscas99__b15_1] [plan] step=31 node=N4635 type=control0 q_pred_context=8.040000 sequence=178.310625
[b15-select/joint_low_lr] [plan iscas99__b15_1] [plan] step=32 node=N4585 type=control0 q_pred_context=1.254466 sequence=179.565091
[b15-select/joint_low_lr] [plan iscas99__b15_1] [plan] step=33 node=N580 type=control1 q_pred_context=3.407784 sequence=182.972875
[b15-select/joint_low_lr] [plan iscas99__b15_1] [plan] step=34 node=N4557 type=control0 q_pred_context=1.018803 sequence=183.991677
[b15-select/joint_low_lr] [plan iscas99__b15_1] [plan] step=35 node=N4578 type=control0 q_pred_context=1.037103 sequence=185.028780
[b15-select/joint_low_lr] [plan iscas99__b15_1] [plan] step=36 node=N4564 type=control0 q_pred_context=0.662991 sequence=185.691771
[b15-select/joint_low_lr] [plan iscas99__b15_1] [plan] step=37 node=N3701 type=control0 q_pred_context=0.910296 sequence=186.602068
[b15-select/joint_low_lr] [plan iscas99__b15_1] [plan] step=38 node=N4606 type=control0 q_pred_context=0.904560 sequence=187.506628
[b15-select/joint_low_lr] [plan iscas99__b15_1] [plan] step=39 node=N3756 type=control0 q_pred_context=0.904701 sequence=188.411329
[b15-select/joint_low_lr] [plan iscas99__b15_1] [plan] step=40 node=N3742 type=control0 q_pred_context=0.983673 sequence=189.395001
[b15-select/joint_low_lr] [plan iscas99__b15_1] [plan] step=41 node=N2314 type=control1 q_pred_context=2.054796 sequence=191.449797
[b15-select/joint_low_lr] [plan iscas99__b15_1] [plan] step=42 node=N7488 type=control1 q_pred_context=2.681217 sequence=194.131015
[b15-select/joint_low_lr] [plan iscas99__b15_1] [plan] step=43 node=N3911 type=control0 q_pred_context=1.501045 sequence=195.632060
[b15-select/joint_low_lr] [plan iscas99__b15_1] [plan] step=44 node=N4649 type=control0 q_pred_context=1.949553 sequence=197.581613
[b15-select/joint_low_lr] [plan iscas99__b15_1] [plan] step=45 node=N3904 type=control0 q_pred_context=1.450580 sequence=199.032192
[b15-select/joint_low_lr] [plan iscas99__b15_1] [plan] step=46 node=N4663 type=control0 q_pred_context=1.626689 sequence=200.658882
[b15-select/joint_low_lr] [plan iscas99__b15_1] [plan] step=47 node=N4656 type=control0 q_pred_context=1.751336 sequence=202.410217
[b15-select/joint_low_lr] [plan iscas99__b15_1] [plan] step=48 node=N4670 type=control0 q_pred_context=1.568459 sequence=203.978676
[b15-select/joint_low_lr] [plan iscas99__b15_1] [plan] step=49 node=N2078 type=observe q_pred_context=6.735909 sequence=210.714584
[b15-select/joint_low_lr] [plan iscas99__b15_1] [plan] step=50 node=N713 type=observe q_pred_context=6.704355 sequence=217.418939
[b15-select/joint_low_lr] [plan iscas99__b15_1] [plan] step=51 node=N2101 type=observe q_pred_context=6.787112 sequence=224.206051
[b15-select/joint_low_lr] [plan iscas99__b15_1] [plan] step=52 node=N4677 type=control0 q_pred_context=1.881095 sequence=226.087146
[b15-select/joint_low_lr] [plan iscas99__b15_1] [plan] step=53 node=N3897 type=control0 q_pred_context=1.942738 sequence=228.029883
[b15-select/joint_low_lr] [plan iscas99__b15_1] [plan] step=54 node=N2083 type=observe q_pred_context=2.724636 sequence=230.754520
[b15-select/joint_low_lr] [plan iscas99__b15_1] [plan] step=55 node=N7411 type=control1 q_pred_context=6.381557 sequence=237.136077
[b15-select/joint_low_lr] [plan iscas99__b15_1] [plan] step=56 node=N3862 type=control0 q_pred_context=2.634893 sequence=239.770970
[b15-select/joint_low_lr] [plan iscas99__b15_1] [plan] step=57 node=N3855 type=control0 q_pred_context=1.594914 sequence=241.365884
[b15-select/joint_low_lr] [plan iscas99__b15_1] [plan] step=58 node=N3848 type=control0 q_pred_context=1.281165 sequence=242.647049
[b15-select/joint_low_lr] [plan iscas99__b15_1] [plan] step=59 node=N4705 type=control0 q_pred_context=1.335162 sequence=243.982211
[b15-select/joint_low_lr] [plan iscas99__b15_1] [plan] step=60 node=N2080 type=observe q_pred_context=1.283277 sequence=245.265488
[b15-select/joint_low_lr] [plan iscas99__b15_1] [plan] step=61 node=N5046 type=observe q_pred_context=5.387447 sequence=250.652935
[b15-select/joint_low_lr] [plan iscas99__b15_1] [plan] step=62 node=N4712 type=control0 q_pred_context=1.737021 sequence=252.389956
[b15-select/joint_low_lr] [plan iscas99__b15_1] [plan] step=63 node=N1411 type=control0 q_pred_context=7.282153 sequence=259.672109
[b15-select/joint_low_lr] [plan iscas99__b15_1] [plan] step=64 node=N6533 type=observe q_pred_context=4.026372 sequence=263.698481
[b15-select/joint_low_lr] [plan iscas99__b15_1] [plan] step=65 node=N722 type=observe q_pred_context=5.065520 sequence=268.764001
[b15-select/joint_low_lr] [plan iscas99__b15_1] [plan] step=66 node=N869 type=observe q_pred_context=5.476203 sequence=274.240204
[b15-select/joint_low_lr] [plan iscas99__b15_1] [plan] step=67 node=N7413 type=control1 q_pred_context=1.125614 sequence=275.365818
[b15-select/joint_low_lr] [plan iscas99__b15_1] [plan] step=68 node=N3889 type=control0 q_pred_context=0.942322 sequence=276.308141
[b15-select/joint_low_lr] [plan iscas99__b15_1] [plan] step=69 node=N5723 type=control0 q_pred_context=0.953317 sequence=277.261457
[b15-select/joint_low_lr] [plan iscas99__b15_1] [plan] step=70 node=N3882 type=control0 q_pred_context=0.943974 sequence=278.205431
[b15-select/joint_low_lr] [plan iscas99__b15_1] [plan] step=71 node=N4698 type=control0 q_pred_context=0.997802 sequence=279.203233
[b15-select/joint_low_lr] [plan iscas99__b15_1] [plan] step=72 node=N7613 type=observe q_pred_context=1.534298 sequence=280.737531
[b15-select/joint_low_lr] [plan iscas99__b15_1] [plan] step=73 node=N3805 type=control0 q_pred_context=0.951872 sequence=281.689403
[b15-select/joint_low_lr] [plan iscas99__b15_1] [plan] step=74 node=N4691 type=control0 q_pred_context=1.036403 sequence=282.725806
[b15-select/joint_low_lr] [plan iscas99__b15_1] [plan] step=75 node=N3840 type=control0 q_pred_context=0.946516 sequence=283.672322
[b15-select/joint_low_lr] [plan iscas99__b15_1] [plan] step=76 node=N4684 type=control0 q_pred_context=1.025184 sequence=284.697507
[b15-select/joint_low_lr] [plan iscas99__b15_1] [plan] step=77 node=N3681 type=control0 q_pred_context=1.637217 sequence=286.334723
[b15-select/joint_low_lr] [plan iscas99__b15_1] [plan] step=78 node=N3903 type=control0 q_pred_context=0.949782 sequence=287.284506
[b15-select/joint_low_lr] [plan iscas99__b15_1] [plan] step=79 node=N3896 type=control0 q_pred_context=0.952979 sequence=288.237485
[b15-select/joint_low_lr] [plan iscas99__b15_1] [plan] step=80 node=N3827 type=control0 q_pred_context=0.983559 sequence=289.221044
[b15-select/joint_low_lr] [plan iscas99__b15_1] [plan] step=81 node=N3820 type=control0 q_pred_context=1.073249 sequence=290.294293
[b15-select/joint_low_lr] [plan iscas99__b15_1] [plan] step=82 node=N3813 type=control0 q_pred_context=1.116379 sequence=291.410672
[b15-select/joint_low_lr] [plan iscas99__b15_1] [plan] step=83 node=N3799 type=control0 q_pred_context=1.192841 sequence=292.603513
[b15-select/joint_low_lr] [plan iscas99__b15_1] [plan] step=84 node=N3792 type=control0 q_pred_context=1.442171 sequence=294.045684
[b15-select/joint_low_lr] [plan iscas99__b15_1] [plan] step=85 node=N3785 type=control0 q_pred_context=1.531993 sequence=295.577677
[b15-select/joint_low_lr] [plan iscas99__b15_1] [plan] step=86 node=N3722 type=control0 q_pred_context=1.602618 sequence=297.180295
[b15-select/joint_low_lr] [plan iscas99__b15_1] [plan] step=87 node=N7590 type=control1 q_pred_context=1.728720 sequence=298.909015
[b15-select/joint_low_lr] [plan iscas99__b15_1] [plan] step=88 node=N4628 type=control0 q_pred_context=1.545520 sequence=300.454535
[b15-select/joint_low_lr] [plan iscas99__b15_1] [plan] step=89 node=N7728 type=control0 q_pred_context=0.971386 sequence=301.425921
[b15-select/joint_low_lr] [plan iscas99__b15_1] [plan] step=90 node=N519 type=control1 q_pred_context=5.370786 sequence=306.796707
[b15-select/joint_low_lr] [plan iscas99__b15_1] [plan] step=91 node=N694 type=observe q_pred_context=6.507374 sequence=313.304081
[b15-select/joint_low_lr] [plan iscas99__b15_1] [plan] step=92 node=N7729 type=control0 q_pred_context=0.964484 sequence=314.268565
[b15-select/joint_low_lr] [plan iscas99__b15_1] [plan] step=93 node=N513 type=control1 q_pred_context=4.620386 sequence=318.888951
[b15-select/joint_low_lr] [plan iscas99__b15_1] [plan] step=94 node=N2102 type=observe q_pred_context=6.387037 sequence=325.275988
[b15-select/joint_low_lr] [plan iscas99__b15_1] [plan] step=95 node=N7727 type=control0 q_pred_context=0.957657 sequence=326.233645
[b15-select/joint_low_lr] [plan iscas99__b15_1] [plan] step=96 node=N504 type=control1 q_pred_context=3.628008 sequence=329.861653
[b15-select/joint_low_lr] [plan iscas99__b15_1] [plan] step=97 node=N7736 type=control0 q_pred_context=0.990196 sequence=330.851849
[b15-select/joint_low_lr] [plan iscas99__b15_1] [plan] step=98 node=N2580 type=control1 q_pred_context=2.206067 sequence=333.057916
[b15-select/joint_low_lr] [plan iscas99__b15_1] [plan] step=99 node=N520 type=control1 q_pred_context=1.410026 sequence=334.467942
[b15-select/joint_low_lr] [plan iscas99__b15_1] [plan] step=100 node=N7679 type=observe q_pred_context=1.196347 sequence=335.664289
[b15-select/joint_low_lr] [plan iscas99__b15_1] [plan] step=101 node=N516 type=control1 q_pred_context=4.382609 sequence=340.046898
[b15-select/joint_low_lr] [plan iscas99__b15_1] [plan] step=102 node=N864 type=observe q_pred_context=1.994736 sequence=342.041634
[b15-select/joint_low_lr] [plan iscas99__b15_1] [plan] step=103 node=N7854 type=control0 q_pred_context=1.009147 sequence=343.050780
[b15-select/joint_low_lr] [plan iscas99__b15_1] [plan] step=104 node=N1533 type=control1 q_pred_context=2.250632 sequence=345.301412
[b15-select/joint_low_lr] [plan iscas99__b15_1] [plan] step=105 node=N7735 type=control0 q_pred_context=1.020302 sequence=346.321714
[b15-select/joint_low_lr] [plan iscas99__b15_1] [plan] step=106 node=N7734 type=control0 q_pred_context=1.028423 sequence=347.350137
[b15-select/joint_low_lr] [plan iscas99__b15_1] [plan] step=107 node=N555 type=control1 q_pred_context=1.857333 sequence=349.207469
[b15-select/joint_low_lr] [plan iscas99__b15_1] [plan] step=108 node=N556 type=control1 q_pred_context=1.538459 sequence=350.745928
[b15-select/joint_low_lr] [plan iscas99__b15_1] [plan] step=109 node=N7846 type=control0 q_pred_context=1.253830 sequence=351.999758
[b15-select/joint_low_lr] [plan iscas99__b15_1] [plan] step=110 node=N7730 type=control0 q_pred_context=1.206968 sequence=353.206726
[b15-select/joint_low_lr] [plan iscas99__b15_1] [plan] step=111 node=N7847 type=control0 q_pred_context=1.279980 sequence=354.486706
[b15-select/joint_low_lr] [plan iscas99__b15_1] [plan] step=112 node=N7541 type=control0 q_pred_context=1.230407 sequence=355.717114
[b15-select/joint_low_lr] [plan iscas99__b15_1] [plan] step=113 node=N7733 type=control0 q_pred_context=1.321381 sequence=357.038495
[b15-select/joint_low_lr] [plan iscas99__b15_1] [plan] step=114 node=N2157 type=observe q_pred_context=4.932643 sequence=361.971138
[b15-select/joint_low_lr] [plan iscas99__b15_1] [plan] step=115 node=N3124 type=control1 q_pred_context=2.418343 sequence=364.389481
[b15-select/joint_low_lr] [plan iscas99__b15_1] [plan] step=116 node=N8003 type=control0 q_pred_context=1.501657 sequence=365.891138
[b15-select/joint_low_lr] [plan iscas99__b15_1] [plan] step=117 node=N8005 type=control0 q_pred_context=1.481043 sequence=367.372181
[b15-select/joint_low_lr] [plan iscas99__b15_1] [plan] step=118 node=N2106 type=observe q_pred_context=4.822646 sequence=372.194827
[b15-select/joint_low_lr] [plan iscas99__b15_1] [plan] step=119 node=N7853 type=control0 q_pred_context=1.488849 sequence=373.683676
[b15-select/joint_low_lr] [plan iscas99__b15_1] [plan] step=120 node=N8009 type=control0 q_pred_context=1.722075 sequence=375.405751
[b15-select/joint_low_lr] [plan iscas99__b15_1] [plan] step=121 node=N8011 type=control0 q_pred_context=1.615567 sequence=377.021318
[b15-select/joint_low_lr] [plan iscas99__b15_1] [plan] step=122 node=N8013 type=control0 q_pred_context=1.559538 sequence=378.580855
[b15-select/joint_low_lr] [plan iscas99__b15_1] [plan] step=123 node=N8015 type=control0 q_pred_context=1.552088 sequence=380.132944
[b15-select/joint_low_lr] [plan iscas99__b15_1] [plan] step=124 node=N8017 type=control0 q_pred_context=1.543597 sequence=381.676541
[b15-select/joint_low_lr] [plan iscas99__b15_1] [plan] step=125 node=N8019 type=control0 q_pred_context=1.590795 sequence=383.267336
[b15-select/joint_low_lr] [plan iscas99__b15_1] [plan] step=126 node=N8021 type=control0 q_pred_context=1.621084 sequence=384.888420
[b15-select/joint_low_lr] [plan iscas99__b15_1] [plan] step=127 node=N7870 type=control1 q_pred_context=1.700959 sequence=386.589379
[b15-select/joint_low_lr] [plan iscas99__b15_1] [plan] step=128 node=N8023 type=control0 q_pred_context=1.625599 sequence=388.214978
[b15-select/joint_low_lr] [plan iscas99__b15_1] [plan] step=129 node=N8025 type=control0 q_pred_context=1.596514 sequence=389.811492
[b15-select/joint_low_lr] [plan iscas99__b15_1] [plan] step=130 node=N3180 type=control1 q_pred_context=2.986068 sequence=392.797560
[b15-select/joint_low_lr] [plan iscas99__b15_1] [plan] step=131 node=N8027 type=control0 q_pred_context=1.572951 sequence=394.370511
[b15-select/joint_low_lr] [plan iscas99__b15_1] [plan] step=132 node=N8036 type=control0 q_pred_context=1.590157 sequence=395.960669
[b15-select/joint_low_lr] [plan iscas99__b15_1] [plan] step=133 node=N7588 type=control1 q_pred_context=1.558794 sequence=397.519463
[b15-select/joint_low_lr] [plan iscas99__b15_1] [plan] step=134 node=N8038 type=control0 q_pred_context=1.605340 sequence=399.124803
[b15-select/joint_low_lr] [plan iscas99__b15_1] [plan] step=135 node=N8040 type=control0 q_pred_context=1.609885 sequence=400.734688
[b15-select/joint_low_lr] [plan iscas99__b15_1] [plan] step=136 node=N8044 type=control0 q_pred_context=2.107249 sequence=402.841937
[b15-select/joint_low_lr] [plan iscas99__b15_1] [plan] step=137 node=N3352 type=control1 q_pred_context=3.208953 sequence=406.050890
[b15-select/joint_low_lr] [plan iscas99__b15_1] [plan] step=138 node=N6677 type=observe q_pred_context=6.426149 sequence=412.477039
[b15-select/joint_low_lr] [plan iscas99__b15_1] [plan] step=139 node=N8046 type=control0 q_pred_context=1.725715 sequence=414.202754
[b15-select/joint_low_lr] [plan iscas99__b15_1] [plan] step=140 node=N614 type=control1 q_pred_context=1.613657 sequence=415.816411
[b15-select/joint_low_lr] [plan iscas99__b15_1] [plan] step=141 node=N610 type=control1 q_pred_context=1.694031 sequence=417.510441
[b15-select/joint_low_lr] [plan iscas99__b15_1] [plan] step=142 node=N7694 type=control0 q_pred_context=1.600083 sequence=419.110525
[b15-select/joint_low_lr] [plan iscas99__b15_1] [plan] step=143 node=N634 type=control1 q_pred_context=1.923015 sequence=421.033540
[b15-select/joint_low_lr] [plan iscas99__b15_1] [plan] step=144 node=N3410 type=control1 q_pred_context=2.716032 sequence=423.749572
[b15-select/joint_low_lr] [plan iscas99__b15_1] [plan] step=145 node=N7441 type=control0 q_pred_context=1.942362 sequence=425.691934
[b15-select/joint_low_lr] [plan iscas99__b15_1] [plan] step=146 node=N7513 type=control1 q_pred_context=3.064825 sequence=428.756759
[b15-select/joint_low_lr] [plan iscas99__b15_1] [plan] step=147 node=N7442 type=control0 q_pred_context=4.434640 sequence=433.191399
[b15-select/joint_low_lr] [plan iscas99__b15_1] [plan] step=148 node=N7725 type=control0 q_pred_context=1.868307 sequence=435.059707
[b15-select/joint_low_lr] [plan iscas99__b15_1] [plan] step=149 node=N7696 type=control0 q_pred_context=1.977344 sequence=437.037051
[b15-select/joint_low_lr] [plan iscas99__b15_1] [plan] step=150 node=N7445 type=control0 q_pred_context=1.886431 sequence=438.923482
[b15-select/joint_low_lr] [plan iscas99__b15_1] [plan] step=151 node=N3237 type=control1 q_pred_context=3.210112 sequence=442.133594
[b15-select/joint_low_lr] [plan iscas99__b15_1] [plan] step=152 node=N7698 type=control0 q_pred_context=1.958560 sequence=444.092154
[b15-select/joint_low_lr] [plan iscas99__b15_1] [plan] step=153 node=N867 type=observe q_pred_context=3.734178 sequence=447.826333
[b15-select/joint_low_lr] [plan iscas99__b15_1] [plan] step=154 node=N8052 type=control0 q_pred_context=1.692986 sequence=449.519318
[b15-select/joint_low_lr] [plan iscas99__b15_1] [plan] step=155 node=N7726 type=control0 q_pred_context=1.829770 sequence=451.349088
[b15-select/joint_low_lr] [plan iscas99__b15_1] [plan] step=156 node=N7852 type=control0 q_pred_context=2.068685 sequence=453.417773
[b15-select/joint_low_lr] [plan iscas99__b15_1] [plan] step=157 node=N6955 type=control0 q_pred_context=2.743750 sequence=456.161523
[b15-select/joint_low_lr] [plan iscas99__b15_1] [plan] step=158 node=N7731 type=control0 q_pred_context=1.905593 sequence=458.067116
[b15-select/joint_low_lr] [plan iscas99__b15_1] [plan] step=159 node=N4460 type=control0 q_pred_context=2.008527 sequence=460.075643
[b15-select/joint_low_lr] [plan iscas99__b15_1] [plan] step=160 node=N7925 type=control0 q_pred_context=2.030949 sequence=462.106592
[b15-select/joint_low_lr] [plan iscas99__b15_1] [plan] step=161 node=N7700 type=control0 q_pred_context=1.953594 sequence=464.060186
[b15-select/joint_low_lr] [plan iscas99__b15_1] [plan] step=162 node=N4421 type=control0 q_pred_context=2.119579 sequence=466.179765
[b15-select/joint_low_lr] [plan iscas99__b15_1] [plan] step=163 node=N4359 type=control0 q_pred_context=2.310796 sequence=468.490561
[b15-select/joint_low_lr] [plan iscas99__b15_1] [plan] step=164 node=N4367 type=control0 q_pred_context=2.466941 sequence=470.957502
[b15-select/joint_low_lr] [plan iscas99__b15_1] [plan] step=165 node=N4532 type=control0 q_pred_context=2.541816 sequence=473.499318
[b15-select/joint_low_lr] [plan iscas99__b15_1] [plan] step=166 node=N4442 type=control0 q_pred_context=2.510873 sequence=476.010191
[b15-select/joint_low_lr] [plan iscas99__b15_1] [plan] step=167 node=N4469 type=control0 q_pred_context=2.426117 sequence=478.436308
[b15-select/joint_low_lr] [plan iscas99__b15_1] [plan] step=168 node=N5894 type=control0 q_pred_context=2.310773 sequence=480.747081
[b15-select/joint_low_lr] [plan iscas99__b15_1] [plan] step=169 node=N4436 type=control0 q_pred_context=2.242395 sequence=482.989477
[b15-select/joint_low_lr] [plan iscas99__b15_1] [plan] step=170 node=N2149 type=observe q_pred_context=6.687340 sequence=489.676816
[b15-select/joint_low_lr] [plan iscas99__b15_1] [plan] step=171 node=N5821 type=control0 q_pred_context=3.106949 sequence=492.783766
[b15-select/joint_low_lr] [plan iscas99__b15_1] [plan] step=172 node=N4338 type=control0 q_pred_context=2.485260 sequence=495.269025
[b15-select/joint_low_lr] [plan iscas99__b15_1] [plan] step=173 node=N5665 type=control0 q_pred_context=2.604125 sequence=497.873150
[b15-select/joint_low_lr] [plan iscas99__b15_1] [plan] step=174 node=N5671 type=control0 q_pred_context=2.551452 sequence=500.424602
[b15-select/joint_low_lr] [plan iscas99__b15_1] [plan] step=175 node=N5715 type=control0 q_pred_context=2.309030 sequence=502.733632
[b15-select/joint_low_lr] [plan iscas99__b15_1] [plan] step=176 node=N4391 type=control0 q_pred_context=2.542633 sequence=505.276265
[b15-select/joint_low_lr] [plan iscas99__b15_1] [plan] step=177 node=N6947 type=control0 q_pred_context=2.882501 sequence=508.158765
[b15-select/joint_low_lr] [plan iscas99__b15_1] [plan] step=178 node=N5725 type=control0 q_pred_context=2.644196 sequence=510.802961
[b15-select/joint_low_lr] [plan iscas99__b15_1] [plan] step=179 node=N4879 type=control0 q_pred_context=2.889003 sequence=513.691964
[b15-select/joint_low_lr] [plan iscas99__b15_1] [plan] step=180 node=N7723 type=control0 q_pred_context=1.921548 sequence=515.613513
[b15-select/joint_low_lr] [plan iscas99__b15_1] [plan] step=181 node=N3295 type=control1 q_pred_context=3.486244 sequence=519.099756
[b15-select/joint_low_lr] [plan iscas99__b15_1] [plan] step=182 node=N3467 type=control1 q_pred_context=3.410039 sequence=522.509796
[b15-select/joint_low_lr] [plan iscas99__b15_1] [plan] step=183 node=N7626 type=observe q_pred_context=1.945247 sequence=524.455043
[b15-select/joint_low_lr] [plan iscas99__b15_1] [plan] step=184 node=N5727 type=control0 q_pred_context=2.006712 sequence=526.461755
[b15-select/joint_low_lr] [plan iscas99__b15_1] [plan] step=185 node=N4385 type=control0 q_pred_context=1.921030 sequence=528.382785
[b15-select/joint_low_lr] [plan iscas99__b15_1] [plan] step=186 node=N7325 type=control0 q_pred_context=1.950573 sequence=530.333358
[b15-select/joint_low_lr] [plan iscas99__b15_1] [plan] step=187 node=N3142 type=control0 q_pred_context=2.282850 sequence=532.616208
[b15-select/joint_low_lr] [plan iscas99__b15_1] [plan] step=188 node=N3147 type=control0 q_pred_context=2.043515 sequence=534.659723
[b15-select/joint_low_lr] [plan iscas99__b15_1] [plan] step=189 node=N3152 type=control0 q_pred_context=2.068578 sequence=536.728302
[b15-select/joint_low_lr] [plan iscas99__b15_1] [plan] step=190 node=N3157 type=control0 q_pred_context=2.078070 sequence=538.806372
[b15-select/joint_low_lr] [plan iscas99__b15_1] [plan] step=191 node=N3162 type=control0 q_pred_context=2.154729 sequence=540.961100
[b15-select/joint_low_lr] [plan iscas99__b15_1] [plan] step=192 node=N3167 type=control0 q_pred_context=2.340368 sequence=543.301468
[b15-select/joint_low_lr] [plan iscas99__b15_1] [plan] step=193 node=N3172 type=control0 q_pred_context=2.404737 sequence=545.706205
[b15-select/joint_low_lr] [plan iscas99__b15_1] [plan] step=194 node=N3177 type=control0 q_pred_context=2.325341 sequence=548.031546
[b15-select/joint_low_lr] [plan iscas99__b15_1] [plan] step=195 node=N3199 type=control0 q_pred_context=2.276250 sequence=550.307796
[b15-select/joint_low_lr] [plan iscas99__b15_1] [plan] step=196 node=N3204 type=control0 q_pred_context=2.277336 sequence=552.585132
[b15-select/joint_low_lr] [plan iscas99__b15_1] [plan] step=197 node=N3209 type=control0 q_pred_context=2.300282 sequence=554.885414
[b15-select/joint_low_lr] [plan iscas99__b15_1] [plan] step=198 node=N3214 type=control0 q_pred_context=2.324773 sequence=557.210187
[b15-select/joint_low_lr] [plan iscas99__b15_1] [plan] step=199 node=N3219 type=control0 q_pred_context=2.350947 sequence=559.561133
[b15-select/joint_low_lr] [plan iscas99__b15_1] [plan] step=200 node=N3224 type=control0 q_pred_context=2.381549 sequence=561.942683
[b15-select/joint_low_lr] [plan iscas99__b15_1] [plan] step=201 node=N3229 type=control0 q_pred_context=2.403148 sequence=564.345830
[b15-select/joint_low_lr] [plan iscas99__b15_1] [plan] step=202 node=N3234 type=control0 q_pred_context=2.471983 sequence=566.817814
[b15-select/joint_low_lr] [plan iscas99__b15_1] [plan] step=203 node=N3372 type=control0 q_pred_context=2.593113 sequence=569.410926
[b15-select/joint_low_lr] [plan iscas99__b15_1] [plan] step=204 node=N3377 type=control0 q_pred_context=2.649914 sequence=572.060840
[b15-select/joint_low_lr] [plan iscas99__b15_1] [plan] step=205 node=N3382 type=control0 q_pred_context=2.707264 sequence=574.768104
[b15-select/joint_low_lr] [plan iscas99__b15_1] [plan] step=206 node=N3387 type=control0 q_pred_context=2.792705 sequence=577.560809
[b15-select/joint_low_lr] [plan iscas99__b15_1] [plan] step=207 node=N3392 type=control0 q_pred_context=2.813465 sequence=580.374275
[b15-select/joint_low_lr] [plan iscas99__b15_1] [plan] step=208 node=N3397 type=control0 q_pred_context=2.783258 sequence=583.157532
[b15-select/joint_low_lr] [plan iscas99__b15_1] [plan] step=209 node=N3402 type=control0 q_pred_context=2.730929 sequence=585.888461
[b15-select/joint_low_lr] [plan iscas99__b15_1] [plan] step=210 node=N3407 type=control0 q_pred_context=2.669952 sequence=588.558413
[b15-select/joint_low_lr] [plan iscas99__b15_1] [plan] step=211 node=N6871 type=control0 q_pred_context=2.562011 sequence=591.120424
[b15-select/joint_low_lr] [plan iscas99__b15_1] [plan] step=212 node=N3429 type=control0 q_pred_context=2.589790 sequence=593.710214
[b15-select/joint_low_lr] [plan iscas99__b15_1] [plan] step=213 node=N3434 type=control0 q_pred_context=2.575709 sequence=596.285923
[b15-select/joint_low_lr] [plan iscas99__b15_1] [plan] step=214 node=N3439 type=control0 q_pred_context=2.607620 sequence=598.893543
[b15-select/joint_low_lr] [plan iscas99__b15_1] [plan] step=215 node=N3444 type=control0 q_pred_context=2.628818 sequence=601.522361
[b15-select/joint_low_lr] [plan iscas99__b15_1] [plan] step=216 node=N3449 type=control0 q_pred_context=2.646968 sequence=604.169329
[b15-select/joint_low_lr] [plan iscas99__b15_1] [plan] step=217 node=N3454 type=control0 q_pred_context=2.635205 sequence=606.804534
[b15-select/joint_low_lr] [plan iscas99__b15_1] [plan] step=218 node=N3459 type=control0 q_pred_context=2.626662 sequence=609.431196
[b15-select/joint_low_lr] [plan iscas99__b15_1] [plan] step=219 node=N3464 type=control0 q_pred_context=2.639278 sequence=612.070474
[b15-select/joint_low_lr] [plan iscas99__b15_1] [plan] step=220 node=N7704 type=control0 q_pred_context=2.866234 sequence=614.936709
[b15-select/joint_low_lr] [plan iscas99__b15_1] [plan] step=221 node=N7871 type=control1 q_pred_context=2.937404 sequence=617.874113
[b15-select/joint_low_lr] [plan iscas99__b15_1] [plan] step=222 node=N624 type=control1 q_pred_context=2.877041 sequence=620.751153
[b15-select/joint_low_lr] [plan iscas99__b15_1] [plan] step=223 node=N636 type=control1 q_pred_context=2.835043 sequence=623.586196
[b15-select/joint_low_lr] [plan iscas99__b15_1] [plan] step=224 node=N3525 type=control1 q_pred_context=4.939209 sequence=628.525405
[b15-select/joint_low_lr] [plan iscas99__b15_1] [plan] step=225 node=N628 type=control1 q_pred_context=2.192441 sequence=630.717846
[b15-select/joint_low_lr] [plan iscas99__b15_1] [plan] step=226 node=N645 type=control1 q_pred_context=1.768405 sequence=632.486251
[b15-select/joint_low_lr] [plan iscas99__b15_1] [plan] step=227 node=N630 type=control1 q_pred_context=1.900331 sequence=634.386582
[b15-select/joint_low_lr] [plan iscas99__b15_1] [plan] step=228 node=N647 type=control1 q_pred_context=1.231960 sequence=635.618541
[b15-select/joint_low_lr] [plan iscas99__b15_1] [plan] step=229 node=N616 type=control1 q_pred_context=1.265881 sequence=636.884423
[b15-select/joint_low_lr] [plan iscas99__b15_1] [plan] step=230 node=N2652 type=control1 q_pred_context=7.961878 sequence=644.846301
[b15-select/joint_low_lr] [plan iscas99__b15_1] [plan] step=231 node=N642 type=control1 q_pred_context=2.486699 sequence=647.333001
[b15-select/joint_low_lr] [plan iscas99__b15_1] [plan] step=232 node=N2721 type=control1 q_pred_context=4.038161 sequence=651.371162
[b15-select/joint_low_lr] [plan iscas99__b15_1] [plan] step=233 node=N2894 type=control1 q_pred_context=4.959957 sequence=656.331119
[b15-select/joint_low_lr] [plan iscas99__b15_1] [plan] step=234 node=N5740 type=observe q_pred_context=2.552625 sequence=658.883744
[b15-select/joint_low_lr] [plan iscas99__b15_1] [plan] step=235 node=N871 type=observe q_pred_context=7.414559 sequence=666.298303
[b15-select/joint_low_lr] [plan iscas99__b15_1] [plan] step=236 node=N712 type=observe q_pred_context=8.108544 sequence=674.406847
[b15-select/joint_low_lr] [plan iscas99__b15_1] [plan] step=237 node=N2952 type=control1 q_pred_context=2.996969 sequence=677.403815
[b15-select/joint_low_lr] [plan iscas99__b15_1] [plan] step=238 node=N5356 type=observe q_pred_context=3.000744 sequence=680.404559
[b15-select/joint_low_lr] [plan iscas99__b15_1] [plan] step=239 node=N2779 type=control1 q_pred_context=3.164885 sequence=683.569444
[b15-select/joint_low_lr] [plan iscas99__b15_1] [plan] step=240 node=N7414 type=control1 q_pred_context=4.814162 sequence=688.383606
[b15-select/joint_low_lr] [plan iscas99__b15_1] [plan] step=241 node=N2837 type=control1 q_pred_context=3.931347 sequence=692.314953
[b15-select/joint_low_lr] [plan iscas99__b15_1] [plan] step=242 node=N3009 type=control1 q_pred_context=3.699578 sequence=696.014531
[b15-select/joint_low_lr] [plan iscas99__b15_1] [plan] step=243 node=N3067 type=control1 q_pred_context=4.543502 sequence=700.558033
[b15-select/joint_low_lr] [plan iscas99__b15_1] [plan] step=244 node=N3267 type=control0 q_pred_context=2.748740 sequence=703.306774
[b15-select/joint_low_lr] [plan iscas99__b15_1] [plan] step=245 node=N3272 type=control0 q_pred_context=3.199655 sequence=706.506429
[b15-select/joint_low_lr] [plan iscas99__b15_1] [plan] step=246 node=N3277 type=control0 q_pred_context=3.239336 sequence=709.745765
[b15-select/joint_low_lr] [plan iscas99__b15_1] [plan] step=247 node=N7421 type=control1 q_pred_context=3.294922 sequence=713.040687
[b15-select/joint_low_lr] [plan iscas99__b15_1] [plan] step=248 node=N8790 type=control1 q_pred_context=4.531963 sequence=717.572650
[b15-select/joint_low_lr] [plan iscas99__b15_1] [plan] step=249 node=N3262 type=control0 q_pred_context=3.301174 sequence=720.873824
[b15-select/joint_low_lr] [plan iscas99__b15_1] [plan] step=250 node=N620 type=control1 q_pred_context=4.787183 sequence=725.661006
[b15-select/joint_low_lr] [plan iscas99__b15_1] [plan] step=251 node=N8789 type=control1 q_pred_context=7.065481 sequence=732.726487
[b15-select/joint_low_lr] [plan iscas99__b15_1] [plan] step=252 node=N3282 type=control0 q_pred_context=3.619857 sequence=736.346344
[b15-select/joint_low_lr] [plan iscas99__b15_1] [plan] step=253 node=N649 type=control1 q_pred_context=4.881014 sequence=741.227359
[b15-select/joint_low_lr] [plan iscas99__b15_1] [plan] step=254 node=N8607 type=control1 q_pred_context=4.796166 sequence=746.023524
[b15-select/joint_low_lr] [plan iscas99__b15_1] [plan] step=255 node=N638 type=control1 q_pred_context=2.950588 sequence=748.974112
[b15-select/joint_low_lr] [plan iscas99__b15_1] [plan] step=256 node=N3287 type=control0 q_pred_context=2.766372 sequence=751.740485
[b15-select/joint_low_lr] [plan iscas99__b15_1] [plan] step=257 node=N3292 type=control0 q_pred_context=4.277862 sequence=756.018347
[b15-select/joint_low_lr] [plan iscas99__b15_1] [plan] step=258 node=N3257 type=control0 q_pred_context=4.048279 sequence=760.066626
[b15-select/joint_low_lr] [plan iscas99__b15_1] [plan] step=259 node=N3319 type=control0 q_pred_context=3.435189 sequence=763.501815
[b15-select/joint_low_lr] [plan iscas99__b15_1] [plan] step=260 node=N3324 type=control0 q_pred_context=3.263998 sequence=766.765812
[b15-select/joint_low_lr] [plan iscas99__b15_1] [plan] step=261 node=N3329 type=control0 q_pred_context=3.271235 sequence=770.037047
[b15-select/joint_low_lr] [plan iscas99__b15_1] [plan] step=262 node=N3334 type=control0 q_pred_context=3.091662 sequence=773.128709
[b15-select/joint_low_lr] [plan iscas99__b15_1] [plan] step=263 node=N3339 type=control0 q_pred_context=3.078698 sequence=776.207408
[b15-select/joint_low_lr] [plan iscas99__b15_1] [plan] step=264 node=N3344 type=control0 q_pred_context=3.009121 sequence=779.216529
[b15-select/joint_low_lr] [plan iscas99__b15_1] [plan] step=265 node=N3349 type=control0 q_pred_context=2.942976 sequence=782.159504
[b15-select/joint_low_lr] [plan iscas99__b15_1] [plan] step=266 node=N3487 type=control0 q_pred_context=3.050493 sequence=785.209998
[b15-select/joint_low_lr] [plan iscas99__b15_1] [plan] step=267 node=N3492 type=control0 q_pred_context=3.126436 sequence=788.336434
[b15-select/joint_low_lr] [plan iscas99__b15_1] [plan] step=268 node=N3497 type=control0 q_pred_context=3.117710 sequence=791.454144
[b15-select/joint_low_lr] [plan iscas99__b15_1] [plan] step=269 node=N3502 type=control0 q_pred_context=3.167946 sequence=794.622091
[b15-select/joint_low_lr] [plan iscas99__b15_1] [plan] step=270 node=N3507 type=control0 q_pred_context=3.220981 sequence=797.843072
[b15-select/joint_low_lr] [plan iscas99__b15_1] [plan] step=271 node=N3512 type=control0 q_pred_context=3.223364 sequence=801.066436
[b15-select/joint_low_lr] [plan iscas99__b15_1] [plan] step=272 node=N3517 type=control0 q_pred_context=3.255941 sequence=804.322377
[b15-select/joint_low_lr] [plan iscas99__b15_1] [plan] step=273 node=N3522 type=control0 q_pred_context=3.283636 sequence=807.606013
[b15-select/joint_low_lr] [plan iscas99__b15_1] [plan] step=274 node=N3314 type=control0 q_pred_context=3.277814 sequence=810.883827
[b15-select/joint_low_lr] [plan iscas99__b15_1] [plan] step=275 node=N8285 type=control0 q_pred_context=3.415340 sequence=814.299166
[b15-select/joint_low_lr] [plan iscas99__b15_1] [plan] step=276 node=N3549 type=control0 q_pred_context=4.439154 sequence=818.738320
[b15-select/joint_low_lr] [plan iscas99__b15_1] [plan] step=277 node=N7408 type=control0 q_pred_context=4.446727 sequence=823.185047
[b15-select/joint_low_lr] [plan iscas99__b15_1] [plan] step=278 node=N3559 type=control0 q_pred_context=3.517668 sequence=826.702715
[b15-select/joint_low_lr] [plan iscas99__b15_1] saved=autoresearch/loop-260720-0945/model_training_round1/b15_selection/joint_low_lr/plans/iscas99__b15_1__greedy__cumulative__q_pred_context__bw1__d1__c48__g1p0__candhard_fault_cluster__div0p0__s0.csv
[b15-select/joint_low_lr] [gmean] 2026-07-20T14:40:04 [1/1] plan_done benchmark=iscas99__b15_1 plan_sec=167.18 plan_csv=autoresearch/loop-260720-0945/model_training_round1/b15_selection/joint_low_lr/plans/iscas99__b15_1__greedy__cumulative__q_pred_context__bw1__d1__c48__g1p0__candhard_fault_cluster__div0p0__s0.csv
[b15-select/joint_low_lr] [gmean] 2026-07-20T14:40:04 [1/1] eval_start benchmark=iscas99__b15_1 backend=atalanta-bist patterns=300000
[b15-select/joint_low_lr] [eval iscas99__b15_1] {
[b15-select/joint_low_lr] [eval iscas99__b15_1]   "records": 2,
[b15-select/joint_low_lr] [eval iscas99__b15_1]   "labels_csv": "autoresearch/loop-260720-0945/model_training_round1/b15_selection/joint_low_lr/evals/iscas99__b15_1__greedy__cumulative__q_pred_context__bw1__d1__c48__g1p0__candhard_fault_cluster__div0p0__s0/labels.csv",
[b15-select/joint_low_lr] [eval iscas99__b15_1]   "summary_json": "autoresearch/loop-260720-0945/model_training_round1/b15_selection/joint_low_lr/evals/iscas99__b15_1__greedy__cumulative__q_pred_context__bw1__d1__c48__g1p0__candhard_fault_cluster__div0p0__s0/summary.json"
[b15-select/joint_low_lr] [eval iscas99__b15_1] }
[b15-select/joint_low_lr] [gmean] 2026-07-20T14:40:12 [1/1] eval_done benchmark=iscas99__b15_1 delta_tc=0.09493000000000018 plan_sec=167.18 eval_sec=7.757 total_sec=174.951
[b15-select/joint_low_lr] [gmean] 2026-07-20T14:40:12 variant_done id=greedy__cumulative__q_pred_context__bw1__d1__c48__g1p0__candhard_fault_cluster__div0p0__s0 status=ok macro=0.09493000000000018 positives=1 negatives=0 elapsed=174.952
