step,node,type,q_pred,q_pred_context,q_pred_type_context,score_pred,reward_pred,reward_pred_context,reward_pred_type_context,fc_pred,pattern_pred,return_pred,guarded_reward,guarded_reward_context,hard_reduction_total_pred,hard_reduction_sa0_pred,hard_reduction_sa1_pred,derived_hard_count_pre_total_pred,derived_hard_count_pre_sa0_pred,derived_hard_count_pre_sa1_pred,derived_hard_count_post_total_pred,derived_hard_count_post_sa0_pred,derived_hard_count_post_sa1_pred,derived_hard_reduction_total_pred,derived_hard_reduction_sa0_pred,derived_hard_reduction_sa1_pred,derived_hard_reduction_hybrid_pred,hybrid_pred,hybrid_pred_context,bounded_residual_hybrid_pred,bounded_residual_hybrid_pred_context,consensus_pred_context,consensus_pred_type_context,step_value,sequence_score,lookahead_score,planner,score_adjusted,diversity_penalty,candidate_strategy
1,N1762,control0,2.1264634132385254,6.313196936249733,5.980921840667724,2.1264634132385254,0.7614135146141052,6.085518491268158,5.999999999999999,0.0076141351461410526,0.3882475197315216,0.056486569344997406,0.056486569344997406,3.577662824988365,0.08845238387584686,0.21118532121181488,0.07659325748682022,66282.9140625,26567.220703125,39715.6953125,69084.1328125,29101.765625,39982.3671875,-0.042261552065610886,-0.09540120512247086,-0.00671452097594738,-4.226155206561089,9.663138471543789,3.1549649062752723,9.049713408574462,3.048447472155094,5.761607775092125,5.3893344991467895,6.313196936249733,6.313196936249733,6.313196936249733,greedy,6.313196936249733,0.0,hard_fault_cluster
2,N4805,control1,1.5044975280761719,1.4920090470463037,2.1783985853195187,1.5044975280761719,0.697379469871521,1.697911647334695,1.9340168595314025,0.00697379469871521,0.3885369598865509,0.03842610865831375,0.03842610865831375,0.23271104991436004,0.07244905084371567,0.17896655201911926,0.062210045754909515,69092.03125,29113.69140625,39978.34375,69181.5234375,29139.17578125,40042.34765625,-0.0012952606193721294,-0.0008753399015404284,-0.0016009644605219364,-0.12952606193721294,7.9807106629014015,1.1952294972538948,7.4288564790040255,1.1392956760525705,1.6232003986835482,2.2008572363853456,1.4920090470463037,7.805205983296037,7.805205983296037,greedy,1.4920090470463037,0.0,hard_fault_cluster
3,N1911,control0,1.2718427181243896,1.9872988089919088,1.899186885356903,1.2718427181243896,0.6668685078620911,1.8320451632142067,1.9723986148834225,0.006668685078620911,0.36335381865501404,0.033848024904727936,0.033848024904727936,0.0823253947496414,0.0734441727399826,0.15799251198768616,0.04545659199357033,69181.859375,29137.46875,40044.390625,68914.046875,28784.6484375,40129.40234375,0.0038711377419531345,0.012108818627893925,-0.0021229370031505823,0.38711377419531345,8.04513380676508,2.6096828591823575,7.519596407189965,2.59974881529808,2.180195873975754,2.356486464366317,1.9872988089919088,9.792504792287946,9.792504792287946,greedy,1.9872988089919088,0.0,hard_fault_cluster
4,N3980,control0,1.0820029973983765,1.337717104703188,1.0975216031074524,1.0820029973983765,0.6649236679077148,1.5627816289663314,1.1599171578884124,0.006649236679077148,0.37948229908943176,0.03613951802253723,0.03613951802253723,0.9106807169318198,0.06880750507116318,0.15860168635845184,0.04599400609731674,68914.140625,28786.740234375,40127.3984375,69133.140625,28833.640625,40299.5,-0.0031778672710061073,-0.0016292359214276075,-0.004288879223167896,-0.31778672710061073,7.58181369304657,1.2674454385042189,7.056016303598881,1.193851375132799,1.3828175708651542,1.25892143368721,1.337717104703188,11.130221896991134,11.130221896991134,greedy,1.337717104703188,0.0,hard_fault_cluster
5,N4577,observe,1.0371637344360352,1.4950235329568387,1.625701558589935,1.0371637344360352,0.6408736109733582,1.3944899763911962,1.566235637664795,0.0064087361097335815,0.39174747467041016,0.031053239479660988,0.031053239479660988,-0.5006413429230452,0.06805142015218735,0.16092641651630402,0.04720333218574524,69132.734375,28833.384765625,40299.34765625,69703.4296875,29220.2578125,40483.171875,-0.008255066350102425,-0.01341753825545311,-0.004561468958854675,-0.8255066350102425,7.477068865671754,1.5351245506107807,6.9731237278319895,1.6526289089024067,1.4997433710843324,1.6234790749289094,1.4950235329568387,12.625245429947974,12.625245429947974,greedy,1.4950235329568387,0.0,hard_fault_cluster
6,N3410,control0,0.9916038513183594,1.4595157132297754,1.2374085664749144,0.9916038513183594,0.6677096486091614,1.9446592293679714,2.012183153629303,0.0066770964860916136,0.38403481245040894,0.029855763539671898,0.029855763539671898,0.22201100111007688,0.060883454978466034,0.15204843878746033,0.04232722520828247,69703.84375,29220.625,40483.21484375,68992.421875,28693.390625,40299.03125,0.010206351056694984,0.01804322749376297,0.004549628589302301,1.0206351056694984,6.785910909995437,0.8713902531564235,6.262736850883812,0.7645353971421718,1.9547556877136232,2.0822319557517766,1.4595157132297754,14.084761143177749,14.084761143177749,greedy,1.4595157132297754,0.0,hard_fault_cluster
7,N5778,control0,0.956567645072937,1.593073882162571,2.5681575179100036,0.956567645072937,0.6788690090179443,2.0186324447393416,2.9930670261383057,0.006788690090179444,0.39509472250938416,0.03136824071407318,0.03136824071407318,0.8594702816009521,0.06134884059429169,0.15567396581172943,0.04221208766102791,68992.7890625,28693.490234375,40299.296875,69174.75,28768.4453125,40406.30859375,-0.002637390745803714,-0.0026122676208615303,-0.0026554239448159933,-0.2637390745803714,6.845121309161186,1.4003924272954464,6.312443371862173,1.3511264465749264,1.8451864510774612,3.021105104773305,1.593073882162571,15.67783502534032,15.67783502534032,greedy,1.593073882162571,0.0,hard_fault_cluster
8,N2900,control0,0.6167141199111938,1.2545368371903896,2.3299824655055996,0.6167141199111938,0.6058352589607239,1.3983002873510122,2.415857052803039,0.006058352589607238,0.42498674988746643,0.037990547716617584,0.037990547716617584,2.0505690250545743,0.05599212646484375,0.13220366835594177,0.0417313314974308,69174.7109375,28768.322265625,40406.390625,69047.4375,28579.69140625,40467.7421875,0.0018398838583379984,0.00655689463019371,-0.0015183629002422094,0.18398838583379984,6.2430384531617165,0.8391937222331762,5.76016909815371,0.7894208338111639,1.2206476874649526,2.4756413638219237,1.2545368371903896,16.932371862530708,16.932371862530708,greedy,1.2545368371903896,0.0,hard_fault_cluster
9,N4144,control0,0.39992010593414307,1.9253774830698964,0.579684641957283,0.39992010593414307,0.7714240550994873,4.586467027664185,3.7344321012496944,0.007714240550994873,-0.05335262417793274,0.08735178411006927,0.08735178411006927,5.008623039722442,0.038386937230825424,0.021791711449623108,0.017914175987243652,69046.953125,28579.4296875,40467.5234375,68993.796875,28498.984375,40494.8125,0.0007698565605096519,0.0028147976845502853,-0.0006743447738699615,0.07698565605096519,4.697469562292099,0.5770318202674388,4.053387682884932,0.4058396957814693,2.3100467324256897,2.006061074137688,1.9253774830698964,18.857749345600606,18.857749345600606,greedy,1.9253774830698964,0.0,hard_fault_cluster
10,N4134,control0,0.6255727410316467,1.8322578558325766,2.343844485282898,0.6255727410316467,0.7566325068473816,2.0348343908786775,2.7831775069236757,0.007566325068473816,-0.036605119705200195,0.10795223712921143,0.10795223712921143,1.366594448685646,0.03985984995961189,0.034237056970596313,0.015457063913345337,68993.6484375,28498.947265625,40494.703125,69091.90625,28648.875,40443.03515625,-0.001424157409928739,-0.005260816775262356,0.0012759191449731588,-0.1424157409928739,4.850569739937782,1.4831105837225915,4.2021311819553375,1.283346630036831,1.802534419298172,2.739334174245596,1.8322578558325766,20.690007201433183,20.690007201433183,greedy,1.8322578558325766,0.0,hard_fault_cluster
11,N4175,observe,0.6864463090896606,1.136275728791952,1.1671995699405668,0.6864463090896606,0.6979067325592041,1.1350206725299359,1.273985606431961,0.006979067325592041,-0.037286847829818726,0.10617953538894653,0.10617953538894653,0.6719356125593186,0.04159647971391678,0.03662984073162079,0.01586451753973961,69092.03125,28648.806640625,40443.2265625,69207.921875,28737.6484375,40470.2734375,-0.0016773371025919914,-0.0031010645907372236,-0.0006687615532428026,-0.16773371025919914,4.9637342393398285,1.2346458971500396,4.3606695383787155,1.2874975383281708,1.0802454978227616,1.5744821007549763,1.136275728791952,21.826282930225133,21.826282930225133,greedy,1.136275728791952,0.0,hard_fault_cluster
12,N2682,control0,0.3286341726779938,1.4443358297646045,1.6915658116340637,0.3286341726779938,0.5840441584587097,2.4420052051544188,3.541696071624756,0.0058404415845870975,-0.11631214618682861,0.10951491445302963,0.10951491445302963,1.1108011344075204,0.03519916906952858,0.028686560690402985,0.013278469443321228,69208.109375,28738.125,40469.98828125,69160.6875,28635.1953125,40525.4921875,0.0006852069054730237,0.0035816424060612917,-0.0013714830856770277,0.06852069054730237,4.213475979864597,-0.08907360807061196,3.693306675180793,-0.4270340599119663,1.4377137884497642,2.1362317571789027,1.4443358297646045,23.270618759989738,23.270618759989738,greedy,1.4443358297646045,0.0,hard_fault_cluster
13,N4587,observe,0.0991210862994194,1.6700252190232279,2.7147854804992675,0.0991210862994194,0.41533684730529785,1.6614666923880577,2.9338541388511654,0.004153368473052979,0.08695873618125916,-0.0004846286028623581,-0.0004846286028623581,-0.28519630014896397,0.05671181157231331,0.15818269550800323,0.026143278926610947,69160.578125,28635.109375,40525.46875,69432.5625,28861.3203125,40571.23828125,-0.003932650201022625,-0.007899775169789791,-0.0011294016148895025,-0.3932650201022625,6.086033375933766,1.6494670510292053,5.77489421190694,1.6541569471359254,1.6791416645050048,2.914560709297657,1.6700252190232279,24.940643979012965,24.940643979012965,greedy,1.6700252190232279,0.0,hard_fault_cluster
14,N4561,observe,-0.1657208949327469,0.9029072496574373,0.8495778322219849,-0.1657208949327469,0.3905274271965027,0.9553922404767945,1.3147547483444213,0.0039052742719650267,0.07632777094841003,0.0005624387413263321,0.0005624387413263321,0.10309899985324592,0.05287349969148636,0.15146805346012115,0.021891020238399506,69432.65625,28861.30859375,40571.34765625,69631.8515625,29014.1640625,40617.6875,-0.0028688996098935604,-0.005296207033097744,-0.0011421815725043416,-0.28688996098935604,5.678439835086465,1.0863433119934052,5.385122435633093,1.0936225053947417,0.8899777271552012,1.1066335810802412,0.9029072496574373,25.843551228670403,25.843551228670403,greedy,0.9029072496574373,0.0,hard_fault_cluster
15,N826,observe,-0.1819511502981186,0.9531545989215374,1.531632226705551,-0.1819511502981186,0.38947784900665283,1.0367488969117404,1.8508345842361449,0.0038947784900665284,0.07342469692230225,-0.004506280645728111,-0.004506280645728111,-0.7793735630065203,0.053694337606430054,0.15117667615413666,0.0211307592689991,69627.0625,28999.181640625,40627.87890625,69717.3515625,28941.05078125,40776.30078125,-0.0012967524817213416,0.0020045689307153225,-0.003653202671557665,-0.12967524817213416,5.75440532900393,1.2797809992730618,5.4656766527332366,1.2822169815003872,1.0874914344400166,1.7692572106979787,0.9531545989215374,26.79670582759194,26.79670582759194,greedy,0.9531545989215374,0.0,hard_fault_cluster
16,N4181,observe,-0.3034062683582306,0.8573812708258629,1.0157738864421844,-0.3034062683582306,0.36211925745010376,0.7994520612061023,0.767337667942047,0.0036211925745010375,0.07333675026893616,-0.0039944518357515335,-0.0039944518357515335,-0.6045719750225544,0.049821533262729645,0.14552049338817596,0.017411865293979645,69721.6015625,28955.474609375,40766.12890625,69618.1875,28911.71484375,40706.46875,0.0014832428423687816,0.0015112777473405004,0.0014634736580774188,0.14832428423687816,5.340278131887317,0.840996491611004,5.0716845276765525,0.847301023900509,0.9192048840224744,1.0053592823073267,0.8573812708258629,27.6540870984178,27.6540870984178,greedy,0.8573812708258629,0.0,hard_fault_cluster
17,N4169,observe,-0.3725210726261139,0.8243378683924675,1.333989030122757,-0.3725210726261139,0.3465067744255066,0.8200044207274915,0.8841234803199768,0.003465067744255066,0.06912913918495178,-0.0031204093247652054,-0.0031204093247652054,-0.6138169907033444,0.047761306166648865,0.14238928258419037,0.015409722924232483,69618.0234375,28911.3515625,40706.671875,69533.109375,28876.3359375,40656.7734375,0.0012197138275951147,0.0012111376272514462,0.0012258049100637436,0.12197138275951147,5.119516981765628,0.9251198032498359,4.861977207940072,0.921054164469242,0.9292275913059711,1.290983325727284,0.8243378683924675,28.47842496681027,28.47842496681027,greedy,0.8243378683924675,0.0,hard_fault_cluster
18,N4613,control1,-0.5397075414657593,0.8178081877529622,0.807375156879425,-0.5397075414657593,0.2974242568016052,0.5802352167665958,0.5213169187307358,0.0029742425680160524,0.06935098767280579,0.0007598903030157089,0.0007598903030157089,0.7098959873616695,0.04425119608640671,0.13052229583263397,0.01110999658703804,69531.421875,28874.302734375,40657.1171875,69121.5,28619.20703125,40502.29296875,0.005895491223782301,0.008834696374833584,0.003808047156780958,0.5895491223782301,4.723303755745292,0.8191841033101082,4.499665645416826,0.8329213646054268,0.7265421882271766,0.8594171070307492,0.8178081877529622,29.296233154563232,29.296233154563232,greedy,0.8178081877529622,0.0,hard_fault_cluster
19,N4130,control0,-0.4278217852115631,1.0594420932233335,2.4156996309757233,-0.4278217852115631,0.3037990927696228,1.008008749037981,2.3557067692279814,0.003037990927696228,0.06527170538902283,0.0009697340428829193,0.0009697340428829193,1.1485386551916599,0.04362853989005089,0.1298975795507431,0.011510070413351059,69123.421875,28621.509765625,40501.9140625,68951.0,28589.80078125,40361.203125,0.0024944059550762177,0.001107872580178082,0.0034741798881441355,0.24944059550762177,4.6676228158175945,1.1210615433752538,4.439046195708215,1.1074488557875157,0.9921686604619027,2.6089926332980395,1.0594420932233335,30.355675247786564,30.355675247786564,greedy,1.0594420932233335,0.0,hard_fault_cluster
20,N4801,control1,-0.4248049557209015,1.0367008052766324,1.089560967683792,-0.4248049557209015,0.2988317012786865,1.0125778973847628,1.1741000175476073,0.002988317012786865,0.07403457164764404,-0.0014535095542669296,-0.0014535095542669296,0.6131282657384872,0.04157964512705803,0.13716618716716766,0.010485582053661346,68950.6875,28589.515625,40361.171875,68613.8046875,28356.00390625,40257.80078125,0.00488585140556097,0.00816773995757103,0.0025611519813537598,0.48858514055609703,4.4553427044302225,1.0238366216421129,4.232309060636908,1.0322182565927507,1.0146463826298713,1.4293148181587458,1.0367008052766324,31.392376053063195,31.392376053063195,greedy,1.0367008052766324,0.0,hard_fault_cluster
21,N4178,observe,-0.38603800535202026,1.31326634734869,1.5874800264835356,-0.38603800535202026,0.3075024485588074,1.3638224989175796,2.073304069042206,0.0030750244855880736,0.07794356346130371,-0.0009567644447088242,-0.0009567644447088242,0.9861966833472251,0.043396588414907455,0.14679209887981415,0.012687698006629944,68614.1875,28356.4375,40257.74609375,68765.359375,28494.171875,40271.1875,-0.002203216077759862,-0.004857252351939678,-0.00033388371230103076,-0.2203216077759862,4.646204525604844,1.6697138905525208,4.41629526251927,1.6818567872047425,1.1932551562786102,2.008035011291504,1.31326634734869,32.70564240041188,32.70564240041188,greedy,1.31326634734869,0.0,hard_fault_cluster
22,N4179,observe,-0.46620604395866394,1.2304505564272403,1.7206705570220946,-0.46620604395866394,0.29821568727493286,1.43820626065135,2.044081723690033,0.0029821568727493287,0.07528072595596313,-0.0008021946996450424,-0.0008021946996450424,1.341487950310111,0.04286152869462967,0.1489049345254898,0.012262344360351562,68765.3203125,28494.138671875,40271.1796875,68807.0859375,28554.3046875,40252.78125,-0.0006073646363802254,-0.0021115224808454514,0.0004568636359181255,-0.06073646363802254,4.583566362038255,1.5046039775013924,4.360506242606789,1.4760521844029426,1.0841320581734182,2.171914733834565,1.2304505564272403,33.936092956839126,33.936092956839126,greedy,1.2304505564272403,0.0,hard_fault_cluster
23,N3995,control0,-0.6321182250976562,0.982077559158206,1.4729852139949797,-0.6321182250976562,0.3029329776763916,1.4806848756968973,2.7954513549804685,0.003029329776763916,0.07389596104621887,-0.0017619896680116653,-0.0017619896680116653,0.5710310474038124,0.041475750505924225,0.1501465141773224,0.010882075875997543,68806.671875,28553.77734375,40252.8984375,68844.4609375,28537.982421875,40306.48046875,-0.0005492063937708735,0.0005531639908440411,-0.0013311346992850304,-0.054920639377087355,4.448746038600802,1.2291437464952468,4.2228677975945175,1.2331837970018387,1.0430692911148072,1.9765663096308708,0.982077559158206,34.91817051599733,34.91817051599733,greedy,0.982077559158206,0.0,hard_fault_cluster
24,N4163,observe,-0.6255596280097961,0.9438812714070082,1.5027967154979704,-0.6255596280097961,0.28999823331832886,1.0167182967066763,1.2582547128200532,0.0028999823331832884,0.07425680756568909,-0.004800518974661827,-0.004800518974661827,0.1533269406110048,0.04037168622016907,0.14838938415050507,0.009756326675415039,68844.71875,28538.27734375,40306.4453125,68854.0703125,28556.318359375,40297.75,-0.0001358355802949518,-0.0006321690743789077,0.00021573007688857615,-0.01358355802949518,4.322366336360574,1.1070301221311094,4.1084680506028235,1.095345668643713,0.9239939529448749,1.3890703970380127,0.9438812714070082,35.86205178740434,35.86205178740434,greedy,0.9438812714070082,0.0,hard_fault_cluster
25,N4180,observe,-0.6822981834411621,0.9240413657389581,0.7978524804115295,-0.6822981834411621,0.2850106954574585,1.0412746540736406,1.0204532980918883,0.002850106954574585,0.06886586546897888,-0.004296803846955299,-0.004296803846955299,0.30144831814803175,0.03962014615535736,0.1458882987499237,0.008963346481323242,68854.28125,28556.58984375,40297.6875,68935.8828125,28650.58203125,40285.30078125,-0.0011851341696456075,-0.00329143600538373,0.0003073803964070976,-0.11851341696456075,4.242728507146239,1.3180321460403501,4.032193088438362,1.27845250422135,0.8992662640754133,0.8994732186221518,0.9240413657389581,36.7860931531433,36.7860931531433,greedy,0.9240413657389581,0.0,hard_fault_cluster
26,N3408,control0,0.29476264119148254,3.913659052550792,4.404271554946899,0.29476264119148254,0.3823170065879822,3.464726863056421,3.981659078598022,0.003823170065879822,0.0772455632686615,-0.011230191215872765,-0.011230191215872765,-0.09762797847390181,0.05129587650299072,0.16537082195281982,0.02268935739994049,68935.984375,28650.80859375,40285.1796875,68808.0078125,28697.3671875,40110.640625,0.0018564551137387753,-0.0016250358894467354,0.004332587588578463,0.18564551137387753,5.500674465671182,4.24589621156454,5.2223593541421,4.354234281480312,3.618581964820623,4.176231198087335,3.913659052550792,40.69975220569409,40.69975220569409,greedy,3.913659052550792,0.0,hard_fault_cluster
27,N4146,observe,-0.3149104416370392,0.9586825666949154,0.7234118461608886,-0.3149104416370392,0.32166939973831177,1.178501975722611,1.0616292655467987,0.0032166939973831176,0.06341889500617981,-0.002375533804297447,-0.002375533804297447,0.31909634210169313,0.04269479587674141,0.15070168673992157,0.013040538877248764,68807.9453125,28697.173828125,40110.76953125,68816.15625,28669.33203125,40146.8203125,-0.00011933124187635258,0.000970193010289222,-0.000898780592251569,-0.011933124187635258,4.588773453608155,1.3053474479913711,4.3493030541576445,1.2319048100709915,0.9614446464926004,0.9144492627121508,0.9586825666949154,41.65843477238901,41.65843477238901,greedy,0.9586825666949154,0.0,hard_fault_cluster
28,N4167,observe,-0.4785770773887634,0.8324752870947122,1.0541870057582854,-0.4785770773887634,0.2979215383529663,0.8447213139384985,2.346214956045151,0.0029792153835296632,0.06655359268188477,-0.004797579720616341,-0.004797579720616341,-0.010022373348474528,0.04019196331501007,0.14740099012851715,0.01027536392211914,68816.1484375,28669.3046875,40146.84375,68755.046875,28604.533203125,40150.515625,0.0008878957014530897,0.0022592623718082905,-9.14611155167222e-05,0.08878957014530897,4.312320290133357,1.0969074869155884,4.092477321159095,1.0350104713439943,0.8264243178069591,1.624770012833178,0.8324752870947122,42.49091005948372,42.49091005948372,greedy,0.8324752870947122,0.0,hard_fault_cluster
29,N3333,control0,0.04644064977765083,2.471257176995277,3.3949505567550657,0.04644064977765083,0.3677785396575928,2.422843585163355,3.3915594577789303,0.0036777853965759277,0.06813031435012817,-0.010025860741734505,-0.010025860741734505,-0.05076497778296474,0.0466044545173645,0.1588551551103592,0.017763886600732803,68755.21875,28604.74609375,40150.46875,68632.734375,28600.15234375,40032.5859375,0.0017814557068049908,0.0001605939760338515,0.0029360258486121893,0.17814557068049908,5.0181981306523085,2.6627574995160104,4.749883621465415,2.5046103790402414,2.3909245766699314,3.355417572520673,2.471257176995277,44.962167236479,44.962167236479,greedy,2.471257176995277,0.0,hard_fault_cluster
30,N4147,observe,-0.36083468794822693,0.9827213098295031,0.9240778744220733,-0.36083468794822693,0.3169642686843872,0.9912191537208854,1.188947033882141,0.003169642686843872,0.06280416250228882,-0.007049383595585823,-0.007049383595585823,0.28458549261093136,0.04087187349796295,0.149128720164299,0.011353768408298492,68632.4921875,28599.931640625,40032.5625,68608.84375,28575.89453125,40032.953125,0.00034456621506251395,0.000840460357721895,-9.757681254995987e-06,0.034456621506251395,4.3971022348850965,1.3194149411469698,4.1646660710684955,1.3440916932374238,0.9379176907241344,1.1391069273278118,0.9827213098295031,45.9448885463085,45.9448885463085,greedy,0.9827213098295031,0.0,hard_fault_cluster
31,N4139,observe,-0.5140857696533203,0.8465891642961652,0.8757051110267637,-0.5140857696533203,0.2968834638595581,0.8027854359243065,0.8149268686771393,0.002968834638595581,0.06122204661369324,-0.006313277408480644,-0.006313277408480644,0.21450957305729387,0.038577571511268616,0.14474013447761536,0.00874127447605133,68609.0703125,28576.001953125,40033.0703125,68540.6953125,28551.279296875,39989.41796875,0.0009965883800759912,0.0008651544922031462,0.0010904071386903524,0.09965883800759912,4.148327337577939,0.9562762596085668,3.930399697739631,0.9368550815060734,0.7696179069578648,0.8899847512319684,0.8465891642961652,46.79147771060466,46.79147771060466,greedy,0.8465891642961652,0.0,hard_fault_cluster
32,N4138,observe,-0.57669997215271,0.9059404469793663,0.8288453400135041,-0.57669997215271,0.2920764088630676,0.8063476275419816,0.755742609500885,0.0029207640886306763,0.060403794050216675,-0.006203724071383476,-0.006203724071383476,0.21106587659567594,0.03745132312178612,0.14225390553474426,0.007486775517463684,68540.59375,28551.15625,39989.43359375,68471.859375,28537.6015625,39934.2578125,0.0010028271935880184,0.00047475090832449496,0.0013797590509057045,0.10028271935880184,4.031004996970296,0.9215335435979067,3.816600483376533,0.9257425196282565,0.7934731233865022,0.8282416989840568,0.9059404469793663,47.697418157584025,47.697418157584025,greedy,0.9059404469793663,0.0,hard_fault_cluster
33,N4136,observe,-0.624343752861023,0.8956524589797482,0.8300864458084105,-0.624343752861023,0.2862894535064697,0.8099853973602875,0.7536669850349426,0.0028628945350646974,0.0578424334526062,-0.007300449535250664,-0.007300449535250664,0.21002931781113143,0.036618806421756744,0.13944028317928314,0.00638720765709877,68471.953125,28537.6953125,39934.2578125,68417.515625,28532.83984375,39884.6796875,0.0007950335275381804,0.00017014228797052056,0.0012414936209097505,0.07950335275381804,3.9408696461468935,0.8392494132183492,3.731627893168479,0.8402971377037465,0.782945659197867,0.8218995966855436,0.8956524589797482,48.59307061656377,48.59307061656377,greedy,0.8956524589797482,0.0,hard_fault_cluster
34,N4141,observe,-0.6444905996322632,0.9073250423185527,0.9310053825378417,-0.6444905996322632,0.2830772399902344,0.8211971337907016,0.8836597144603728,0.002830772399902344,0.05707213282585144,-0.008481403812766075,-0.008481403812766075,0.2417507319152355,0.036180682480335236,0.13824525475502014,0.005862444639205933,68417.46875,28532.78515625,39884.6875,68349.3671875,28520.837890625,39828.53125,0.0009953826665878296,0.0004187206213828176,0.0014079652028158307,0.09953826665878296,3.892664084210992,0.8607673104852438,3.6867172070778906,0.8644481595605612,0.7898313522338867,0.9615532325208187,0.9073250423185527,49.500395658882326,49.500395658882326,greedy,0.9073250423185527,0.0,hard_fault_cluster
35,N4582,observe,-0.6584498882293701,0.8406647388823331,0.7907935798168182,-0.6584498882293701,0.2826036810874939,0.8019911055918784,0.7732219457626341,0.002826036810874939,0.0618802011013031,-0.009920751675963402,-0.009920751675963402,0.20755680629052217,0.03548368811607361,0.13909076154232025,0.00547708198428154,68349.3828125,28521.044921875,39828.3359375,68304.046875,28516.794921875,39787.25,0.0006632969598285854,0.00014901277609169483,0.0010315754916518927,0.06632969598285854,3.8210517410188913,0.8059837273694576,3.6165395439602435,0.8103395275212825,0.7536131712142379,0.808088761868421,0.8406647388823331,50.34106039776466,50.34106039776466,greedy,0.8406647388823331,0.0,hard_fault_cluster
36,N4584,observe,-0.6657150387763977,0.8971285478211939,0.8302552223205566,-0.6657150387763977,0.28080081939697266,0.8100743383169173,0.740406996011734,0.0028080081939697264,0.05750322341918945,-0.008715232834219933,-0.008715232834219933,0.23768761990591883,0.034345630556344986,0.13221444189548492,0.004071902483701706,68303.96875,28516.71484375,39787.25,68261.078125,28510.765625,39750.3125,0.0006279375520534813,0.0002086221647914499,0.000928375287912786,0.06279375520534813,3.7066486421972513,0.805525800473988,3.5025844522751868,0.8059952406957746,0.7740985940210521,0.8078042528731748,0.8971285478211939,51.238188945585854,51.238188945585854,greedy,0.8971285478211939,0.0,hard_fault_cluster
37,N4585,observe,-0.6217495203018188,0.901185754686594,0.766824609041214,-0.6217495203018188,0.28634488582611084,0.921814973000437,0.811722356081009,0.0028634488582611082,0.05819141864776611,-0.001957448199391365,-0.001957448199391365,0.2813117812760174,0.03203361853957176,0.12146587669849396,0.002965584397315979,68261.140625,28510.87109375,39750.26953125,68218.6875,28502.7421875,39715.94140625,0.0006219223141670227,0.0002851160243153572,0.000863594759721309,0.06219223141670227,3.4877492915838957,0.724310907162726,3.274458713363856,0.7029723787680269,0.8015176822431385,0.778127788011916,0.901185754686594,52.13937470027245,52.13937470027245,greedy,0.901185754686594,0.0,hard_fault_cluster
38,N1662,control1,-0.4395897388458252,1.2220448106527326,1.4161929965019224,-0.4395897388458252,0.10927753150463104,-2.685541161745787,-3.8080233335494995,0.0010927753150463105,-0.08031943440437317,0.14695589244365692,0.10927753150463104,4.7749109874665745,0.022646989673376083,0.025324314832687378,0.005602952092885971,68219.0,28502.8515625,39716.14453125,67460.640625,28129.26953125,39331.37109375,0.011116541922092438,0.013106830418109894,0.009688086807727814,1.1116541922092438,2.5209323912858963,0.11606678619980804,2.3287573233246803,0.18282488241791717,-0.6151548624038695,-0.4277392288669943,1.2220448106527326,53.36141951092518,53.36141951092518,greedy,1.2220448106527326,0.0,hard_fault_cluster
39,N1781,control1,-0.3353429436683655,1.8767540663480757,1.5154474020004272,-0.3353429436683655,0.14101533591747284,-1.0123670503497126,-1.3593758225440977,0.0014101533591747283,-0.2141255885362625,0.19009926915168762,0.14101533591747284,5.044338396191597,0.017842307686805725,-0.005254019051790237,0.006894025951623917,67405.140625,28049.98046875,39355.15625,67243.1953125,28029.439453125,39213.75390625,0.0024025661405175924,0.0007323005120269954,0.003592981491237879,0.24025661405175924,2.115345373749733,0.17391249835491163,1.8670094199478626,0.10397908389568311,-0.03639376759529103,0.2965808532945812,1.8767540663480757,55.23817357727326,55.23817357727326,greedy,1.8767540663480757,0.0,hard_fault_cluster
40,N4176,control0,-0.25036898255348206,0.7703619349747897,2.2810181617736816,-0.25036898255348206,0.17155759036540985,0.516702469624579,2.0444550693035124,0.0017155759036540986,-0.2457091212272644,0.18527080118656158,0.17155759036540985,1.1578900279849766,0.01766161248087883,-0.007186010479927063,0.006613150238990784,67297.734375,28108.2421875,39189.4921875,66985.90625,27887.765625,39098.140625,0.004633560311049223,0.007843839935958385,0.0023310219403356314,0.4633560311049223,2.1229896396398544,0.4314515102654696,1.8553683459758759,0.4173820722848177,0.6497988730669022,2.5132326765358446,0.7703619349747897,56.008535512248045,56.008535512248045,greedy,0.7703619349747897,0.0,hard_fault_cluster
41,N4143,control0,-0.1406448930501938,0.9022606291808187,1.216850608587265,-0.1406448930501938,0.1457463949918747,0.3542102082679048,0.5669735014438628,0.001457463949918747,-0.2266712188720703,0.17833273112773895,0.1457463949918747,0.8719315137108787,0.017838120460510254,-0.003615882247686386,0.005770139396190643,66985.8125,27887.5546875,39098.2578125,66824.6640625,27822.75,39001.9140625,0.0024057100526988506,0.0023237853311002254,0.0024641442578285933,0.24057100526988506,2.107891172170639,0.24047745739575477,1.8648318275809288,0.23970050712581725,0.6787153843790293,1.0366960273124277,0.9022606291808187,56.91079614142886,56.91079614142886,greedy,0.9022606291808187,0.0,hard_fault_cluster
42,N4177,control0,-0.4040771424770355,1.676324237883091,2.7594947576522824,-0.4040771424770355,0.07356159389019012,-1.6668303038924934,-3.6367509841918944,0.0007356159389019012,-0.10756465792655945,0.15283134579658508,0.07356159389019012,3.633305264934898,0.020207516849040985,0.016414359211921692,0.004613269120454788,66824.515625,27822.87890625,39001.6328125,66666.359375,27726.27734375,38940.0859375,0.002366740023717284,0.003472018986940384,0.0015780589310452342,0.23667400237172842,2.2471446245908737,0.23673889987170693,2.0773499198257923,0.21839253060519692,-0.1636619508266448,-0.001380268037318888,1.676324237883091,58.587120379311955,58.587120379311955,greedy,1.676324237883091,0.0,hard_fault_cluster
43,N4145,control0,-0.6143497824668884,1.4048004810512065,2.319118148088455,-0.6143497824668884,0.20515216886997223,0.0795526010543105,-2.385294187068939,0.0020515216886997224,0.027790844440460205,0.03618161380290985,0.03618161380290985,5.200620863065123,0.025535348802804947,0.07239693403244019,0.002807214856147766,66666.5234375,27726.359375,38940.1640625,66572.296875,27685.37890625,38886.921875,0.001413401449099183,0.001478032791055739,0.001367282005958259,0.1413401449099183,2.7948686629533768,0.8773845220357178,2.613868325948715,0.8585227812081574,0.3291397325694561,-0.20605917382985323,1.4048004810512065,59.99192086036316,59.99192086036316,greedy,1.4048004810512065,0.0,hard_fault_cluster
44,N4558,observe,-0.6072267889976501,0.9549197189509867,2.3831014215946196,-0.6072267889976501,0.26678282022476196,0.9504674939438702,2.4062949180603024,0.00266782820224762,0.04684823751449585,-0.016662895679473877,-0.016662895679473877,0.31671144228428594,0.029221519827842712,0.10174363851547241,0.0030894726514816284,66572.265625,27685.5078125,38886.75390625,66941.0625,27960.71484375,38980.3515625,-0.0055397977121174335,-0.009940472431480885,-0.0024069289211183786,-0.5539797712117434,3.1722719073295593,0.8850209214538336,2.9846819639205933,0.8528294780105352,0.843745563738048,2.1234346164297313,0.9549197189509867,60.94684057931415,60.94684057931415,greedy,0.9549197189509867,0.0,hard_fault_cluster
45,N4166,observe,-0.6151970624923706,0.9972933262586593,2.3413846373558043,-0.6151970624923706,0.2805158495903015,1.1758552853018045,2.5590442419052124,0.002805158495903015,0.03540197014808655,-0.0090657789260149,-0.0090657789260149,0.5227436531335116,0.028795380145311356,0.10035037994384766,0.0033707916736602783,66941.2421875,27960.59765625,38980.64453125,67050.265625,27943.720703125,39106.546875,-0.0016286438331007957,0.0006035977276042104,-0.00322986813262105,-0.16286438331007957,3.150988085195422,1.004026149660349,2.947400532197207,0.9966037799417974,0.9193625528365373,2.2654156691022216,0.9972933262586593,61.944133905572805,61.944133905572805,greedy,0.9972933262586593,0.0,hard_fault_cluster
46,N4583,observe,-0.6396036148071289,0.760456519946456,0.7975345790386199,-0.6396036148071289,0.28140902519226074,0.7467347867786884,1.1133689820766448,0.0028140902519226073,0.03120759129524231,-0.006576580926775932,-0.006576580926775932,0.11322835586965083,0.025782160460948944,0.09462738037109375,0.0020763128995895386,67050.140625,27943.669921875,39106.46875,67093.5234375,27967.296875,39126.2265625,-0.0006470204680226743,-0.0008455207571387291,-0.0005052313208580017,-0.06470204680226743,2.853048490360379,0.8181019867956638,2.6469241571612656,0.7955380107462406,0.7153834756463766,0.9495126354508101,0.760456519946456,62.704590425519264,62.704590425519264,greedy,0.760456519946456,0.0,hard_fault_cluster
47,N4581,observe,-0.6537370681762695,0.760857746284455,0.8296457588672638,-0.6537370681762695,0.2795027494430542,0.7463201736100018,0.758806836605072,0.002795027494430542,0.023114174604415894,-0.007425222545862198,-0.007425222545862198,0.1456313281133771,0.02437863126397133,0.09029379487037659,0.0010693147778511047,67093.640625,27967.54296875,39126.1015625,67110.75,27976.572265625,39134.1796875,-0.00025500741321593523,-0.00032284914050251245,-0.00020646383927669376,-0.025500741321593523,2.709940653294325,0.7788198241591453,2.505882508121431,0.7519792804121971,0.7065220886841416,0.8308644911739975,0.760857746284455,63.46544817180372,63.46544817180372,greedy,0.760857746284455,0.0,hard_fault_cluster
48,N4131,observe,-0.6630380749702454,0.7697538665030152,1.023054575920105,-0.6630380749702454,0.2777482867240906,0.7571446294430643,0.9627785086631775,0.0027774828672409058,0.02037864923477173,-0.009390698745846748,-0.009390698745846748,0.172447769343853,0.02393335849046707,0.08948124945163727,0.00037833303213119507,67110.59375,27976.13671875,39134.4609375,67110.4921875,27974.775390625,39135.71875,1.513360189164814e-06,4.866033123107627e-05,-3.2140789699042216e-05,0.0001513360189164814,2.661693437024951,0.8535383505001664,2.460425246041268,0.8296000105515122,0.7149394322186708,1.0461647372134029,0.7697538665030152,64.23520203830674,64.23520203830674,greedy,0.7697538665030152,0.0,hard_fault_cluster
49,N4165,observe,-0.6446325778961182,1.1612449961528182,2.3670583724975582,-0.6446325778961182,0.28583675622940063,1.3175597211346028,2.528186559677124,0.002858367562294006,0.013039976358413696,-0.002392766997218132,-0.002392766997218132,1.4230727321468295,0.02437683567404747,0.09173420071601868,0.0004160739481449127,67110.6171875,27975.017578125,39135.6015625,67093.484375,27897.2890625,39196.19921875,0.00025529213598929346,0.002778497524559498,-0.0015484023606404662,0.025529213598929346,2.7211275566369295,1.245887273326516,2.5085445647127926,1.194533377662301,0.9294847363606095,2.5536308213416485,1.1612449961528182,65.39644703445956,65.39644703445956,greedy,1.1612449961528182,0.0,hard_fault_cluster
50,N4164,observe,-0.6700685024261475,1.0401408193819224,2.3310070633888245,-0.6700685024261475,0.2895686626434326,1.1866095657460392,2.504807436466217,0.002895686626434326,0.01325005292892456,-0.0013123657554388046,-0.0013123657554388046,0.9741893547959626,0.02527346834540367,0.0977659523487091,0.0001273415982723236,67093.515625,27897.20703125,39196.3046875,67096.65625,27843.119140625,39253.53515625,-4.6809665946057066e-05,0.001938828150741756,-0.0014600985450670123,-0.004680966594605707,2.815603131428361,1.0727244161441922,2.5994109087623656,1.0601754330471158,0.8813129243440926,2.204148372528143,1.0401408193819224,66.43658785384147,66.43658785384147,greedy,1.0401408193819224,0.0,hard_fault_cluster
51,N3997,control0,-0.1623331755399704,2.6816007643938065,3.8409395694732664,-0.1623331755399704,0.31261909008026123,1.685137292742729,2.8280067563056943,0.0031261909008026122,0.02000012993812561,-0.008718175813555717,-0.008718175813555717,-0.7832905566692353,0.030315734446048737,0.10575279593467712,0.0035444162786006927,67096.484375,27843.103515625,39253.3828125,66922.0,27863.02734375,39058.96875,0.002600499428808689,-0.000715574948117137,0.004952797666192055,0.2600499428808689,3.335474358871579,1.8833709704875945,3.10754867317155,1.88390687584877,2.1691528409719467,2.9849493466317654,2.6816007643938065,69.11818861823528,69.11818861823528,greedy,2.6816007643938065,0.0,hard_fault_cluster
52,N4162,observe,-0.3871437907218933,1.0877979421056807,2.372421312332153,-0.3871437907218933,0.3075190782546997,1.1869667274411768,2.493206912279129,0.003075190782546997,0.016708821058273315,-0.003934910520911217,-0.003934910520911217,0.8505393014941365,0.027431737631559372,0.1025104820728302,0.001355282962322235,66922.1875,27863.12109375,39059.0625,67049.0703125,27852.1171875,39196.953125,-0.0018959753215312958,0.00039492727955803275,-0.0035303106997162104,-0.18959753215312958,3.0467579308897257,1.4670540448464453,2.8190698050893843,1.4659201141633091,0.9574217400047929,2.197324131003115,1.0877979421056807,70.20598656034096,70.20598656034096,greedy,1.0877979421056807,0.0,hard_fault_cluster
53,N5784,control0,-0.4670082926750183,0.9632738737389444,2.372408044338226,-0.4670082926750183,0.29287588596343994,0.826081370729953,2.211445540189743,0.0029287588596343993,0.03004378080368042,-0.0011627208441495895,-0.0011627208441495895,0.3335401201248169,0.025464314967393875,0.10239937901496887,-0.0010126233100891113,67045.546875,27846.2578125,39199.2890625,66421.140625,27449.74609375,38971.390625,0.009313165210187435,0.014239317737519741,0.005813841242343187,0.9313165210187435,2.838144661858678,1.0085245464742185,2.61935978801921,1.044415721744299,0.962336179614067,2.725518516749143,0.9632738737389444,71.1692604340799,71.1692604340799,greedy,0.9632738737389444,0.0,hard_fault_cluster
54,N1909,control0,-0.4107872545719147,1.060031136870384,2.63727867603302,-0.4107872545719147,0.2842716574668884,0.6273641020059585,2.1727608680725097,0.0028427165746688844,0.010133415460586548,-0.010331157594919205,-0.010331157594919205,-0.6588332641124726,0.02574019879102707,0.0950421541929245,0.0010253861546516418,66425.234375,27456.35546875,38968.875,66365.0625,27532.10546875,38832.953125,0.0009058587020263076,-0.002758924150839448,0.0034879599697887897,0.09058587020263076,2.847960378974676,0.9123519611358644,2.642505004070699,0.9231896948814393,0.9999184131622314,2.74994696855545,1.060031136870384,72.22929157095028,72.22929157095028,greedy,1.060031136870384,0.0,hard_fault_cluster
55,N3486,control0,-0.1819280982017517,1.7655520927160977,2.955222117900848,-0.1819280982017517,0.29066550731658936,1.202897841669619,2.379365772008896,0.0029066550731658937,0.02005380392074585,-0.007078556343913078,-0.007078556343913078,0.5885112139582633,0.02434135600924492,0.09527064859867096,-0.00011785328388214111,66358.46875,27521.3984375,38837.0703125,65798.0625,27295.736328125,38502.328125,0.008445135317742825,0.00819951482117176,0.008619140833616257,0.8445135317742825,2.717722551897168,0.9597698617726564,2.505032338667661,0.9474932719022036,1.5152751415967942,2.9630667926371097,1.7655520927160977,73.99484366366637,73.99484366366637,greedy,1.7655520927160977,0.0,hard_fault_cluster
56,N3484,control0,-0.008766810409724712,2.553957937657833,2.918921303749084,-0.008766810409724712,0.2948969602584839,1.9322682112455367,2.404639422893524,0.002948969602584839,0.028237879276275635,0.003997458145022392,0.003997458145022392,5.540416359007358,0.02204141393303871,0.09593333303928375,-0.0022550150752067566,65801.6328125,27302.4609375,38499.171875,65496.5859375,27187.220703125,38309.3671875,0.004635855555534363,0.004220873583108187,0.004930098075419664,0.4635855555534363,2.5030358117073774,1.5896256196498868,2.2788649979047477,1.5637141096591947,1.5500612199306487,2.945662506520748,2.553957937657833,76.5488016013242,76.5488016013242,greedy,2.553957937657833,0.0,hard_fault_cluster
57,N962,observe,-0.1673492044210434,1.1868898894637823,2.5392130136489865,-0.1673492044210434,0.2960384488105774,1.0352632600814105,2.392900878190994,0.002960384488105774,0.03583994507789612,0.005069056525826454,0.005069056525826454,0.4575240938365459,0.02103925496339798,0.09439735114574432,-0.0030526071786880493,65498.55078125,27190.51171875,38308.0390625,65836.53125,27349.330078125,38487.19921875,-0.005160121247172356,-0.005840947851538658,-0.004676829092204571,-0.5160121247172356,2.405033001676202,1.1228667294979096,2.179202372673899,1.1334755635261535,1.0049587406218052,2.2282231814041733,1.1868898894637823,77.73569149078799,77.73569149078799,greedy,1.1868898894637823,0.0,hard_fault_cluster
58,N4559,observe,-0.20005543529987335,1.3943253040313721,2.689675903320312,-0.20005543529987335,0.30093663930892944,1.1431515980511904,2.432293093204498,0.0030093663930892945,0.036557555198669434,0.006900731474161148,0.006900731474161148,0.4551130513101816,0.020883962512016296,0.09480811655521393,-0.0033421888947486877,65836.4375,27349.23828125,38487.1953125,66023.34375,27457.572265625,38565.7734375,-0.0028389485087245703,-0.0039611333049833775,-0.0020416693296283484,-0.283894850872457,2.3962336219847202,1.6431257970631121,2.1653555938974023,1.6894562371075152,1.1709274206310512,2.336102823410183,1.3943253040313721,79.13001679481935,79.13001679481935,greedy,1.3943253040313721,0.0,hard_fault_cluster
59,N4576,observe,-0.276629775762558,1.3589353486895563,1.2228265523910522,-0.276629775762558,0.2975260615348816,1.101560340076685,0.8174118697643279,0.0029752606153488157,0.03665071725845337,0.005648883059620857,0.005648883059620857,0.3050773738324642,0.01982950046658516,0.09365193545818329,-0.004362836480140686,66023.265625,27457.515625,38565.75,66072.28125,27453.9375,38618.34765625,-0.0007423993083648384,0.00013031496200710535,-0.0013638436794281006,-0.07423993083648384,2.2861249912530184,1.583287065923214,2.0587437828071415,1.5565295633673668,1.1693184912204742,1.1065151450037956,1.3589353486895563,80.48895214350891,80.48895214350891,greedy,1.3589353486895563,0.0,hard_fault_cluster
60,N4170,observe,-0.31083422899246216,1.279787104204297,1.0894608914852142,-0.31083422899246216,0.29556429386138916,1.0508143987506628,0.8796010792255402,0.0029556429386138915,0.03488937020301819,0.00438421405851841,0.00438421405851841,0.19963810577988628,0.019486896693706512,0.09300026297569275,-0.004821904003620148,66072.1171875,27453.66015625,38618.45703125,66135.1328125,27474.751953125,38660.3828125,-0.0009537400328554213,-0.000768269004765898,-0.001085640978999436,-0.09537400328554213,2.248638177290559,1.426951407790184,2.023676796350628,1.398859023451805,1.115049336105585,1.0274564458057285,1.279787104204297,81.76873924771321,81.76873924771321,greedy,1.279787104204297,0.0,hard_fault_cluster
61,N4586,observe,-0.30384373664855957,1.3802190110087393,0.9950221598148346,-0.30384373664855957,0.2968165874481201,1.2470638349652288,0.8493335127830505,0.002968165874481201,0.04240304231643677,0.011156992986798286,0.011156992986798286,0.9720382791757582,0.018310997635126114,0.09305652976036072,-0.005822442471981049,66135.140625,27474.83984375,38660.3046875,66206.984375,27505.044921875,38701.94140625,-0.0010863173520192504,-0.0010993722826242447,-0.0010769888758659363,-0.10863173520192504,2.13907334394753,1.5569674515724183,1.908093158621341,1.5788286352157594,1.1430803507566452,0.9900831735879183,1.3802190110087393,83.14895825872195,83.14895825872195,greedy,1.3802190110087393,0.0,hard_fault_cluster
62,N4171,observe,-0.3041750490665436,1.463895183801651,1.055170577764511,-0.3041750490665436,0.29749536514282227,1.2440104110538959,0.8313581585884093,0.002974953651428223,0.04467165470123291,0.015237169340252876,0.015237169340252876,0.9983958092331886,0.017162077128887177,0.09051363170146942,-0.006381146609783173,66207.109375,27505.08984375,38702.0234375,66280.28125,27538.19140625,38742.0859375,-0.001105196657590568,-0.0012034703977406025,-0.0010351525852456689,-0.1105196657590568,2.028940247371793,1.5870152676105498,1.7943908465094864,1.5791397655010222,1.2322086185216903,1.037348977252841,1.463895183801651,84.6128534425236,84.6128534425236,greedy,1.463895183801651,0.0,hard_fault_cluster
63,N829,control0,-0.15878386795520782,1.290337075293064,2.827678143978119,-0.15878386795520782,0.29523706436157227,0.9104916632175445,2.3936189353466033,0.0029523706436157225,0.05360695719718933,0.009699413552880287,0.009699413552880287,-1.385601799786091,0.016986802220344543,0.09026490151882172,-0.007450975477695465,66245.90625,27485.880859375,38760.0234375,65951.9375,27298.6171875,38653.32421875,0.004437538329511881,0.006813086103647947,0.0027528160717338324,0.4437538329511881,2.003616699948907,1.191016206741333,1.7749143415130675,1.2376952266693115,1.5098360389471053,2.9634272740781302,1.290337075293064,85.90319051781667,85.90319051781667,greedy,1.290337075293064,0.0,hard_fault_cluster
64,N4172,observe,-0.27622726559638977,1.3608150981366633,1.0500453650951385,-0.27622726559638977,0.2969720959663391,1.307244860380888,0.995275604724884,0.002969720959663391,0.04487168788909912,0.01151316799223423,0.01151316799223423,0.1622475844621658,0.016518238931894302,0.09010158479213715,-0.007471740245819092,65984.484375,27349.98828125,38634.4921875,66280.640625,27534.91796875,38745.7265625,-0.0044882711954414845,-0.006761600263416767,-0.002879146719351411,-0.44882711954414845,1.9603091571480036,1.6430507677793502,1.7289452091790736,1.6502493876218796,1.3246431887149812,1.0977093633264305,1.3608150981366633,87.26400561595334,87.26400561595334,greedy,1.3608150981366633,0.0,hard_fault_cluster
65,N4160,observe,-0.3762530982494354,1.2132478266954423,0.6226160513237118,-0.3762530982494354,0.2993953227996826,1.2464263081550597,2.4637250542640685,0.002993953227996826,0.041259586811065674,0.014293709769845009,0.014293709769845009,1.109076229929924,0.014770295470952988,0.08993230760097504,-0.008680380880832672,66280.6953125,27534.9140625,38745.78125,66330.828125,27494.0078125,38836.8203125,-0.0007563712424598634,0.0014856138732284307,-0.002349650952965021,-0.07563712424598634,1.7907185796648264,1.1492234247922897,1.5554518052376807,1.1625952023267745,1.0580410659313202,1.5861507528554646,1.2132478266954423,88.47725344264877,88.47725344264877,greedy,1.2132478266954423,0.0,hard_fault_cluster
66,N8477,control1,-0.16205443441867828,1.6829913821071387,2.5707020998001098,-0.16205443441867828,0.3037639856338501,1.2053444232419133,1.3884011566638945,0.003037639856338501,0.04270067811012268,0.01322709210216999,0.01322709210216999,0.5729982671141625,0.016972243785858154,0.0888480395078659,-0.006565429270267487,66332.0,27494.73046875,38837.265625,66015.84375,27401.75390625,38614.0859375,0.0047662705183029175,0.003381613874807954,0.005746534559875727,0.47662705183029175,2.0142154563218355,1.9889933726191522,1.7764721480198205,2.0178856989741325,1.5820536851882934,2.52608535528183,1.6829913821071387,90.1602448247559,90.1602448247559,greedy,1.6829913821071387,0.0,hard_fault_cluster
67,N4173,observe,-0.23677708208560944,1.1512016710825264,0.9565840184688568,-0.23677708208560944,0.30471092462539673,0.897817821521312,0.6798454284667969,0.0030471092462539674,0.03954821825027466,0.013381009921431541,0.013381009921431541,0.2156143660843372,0.016200415790081024,0.08818505704402924,-0.0070963054895401,66014.7109375,27401.125,38613.5859375,66215.84375,27502.33203125,38713.5078125,-0.0030467878095805645,-0.003693535691127181,-0.002587738912552595,-0.30467878095805645,1.9381335135549307,1.3507496771961451,1.6995645626448095,1.3256635127216578,1.0394459515810013,0.9125389086455107,1.1512016710825264,91.31144649583844,91.31144649583844,greedy,1.1512016710825264,0.0,hard_fault_cluster
68,N4135,observe,-0.24705450236797333,1.1999766445253046,1.0056026995182037,-0.24705450236797333,0.3043479919433594,0.8882834082935005,0.6825758397579192,0.003043479919433594,0.04301974177360535,0.013653630390763283,0.013653630390763283,0.28098657809197897,0.015882842242717743,0.08945874869823456,-0.007566347718238831,66215.84375,27502.37890625,38713.4609375,66312.078125,27553.177734375,38758.8984375,-0.0014533436624333262,-0.001847070292569697,-0.0011736874002963305,-0.14533436624333262,1.906285846605897,1.3672578578069805,1.667784629855305,1.3379830484464763,0.9673378348350525,0.8622548467665911,1.1999766445253046,92.51142314036375,92.51142314036375,greedy,1.1999766445253046,0.0,hard_fault_cluster
69,N4133,observe,-0.2724544107913971,1.0952804663771532,0.923159521818161,-0.2724544107913971,0.3034135699272156,0.8660199092322727,0.6812051057815551,0.0030341356992721557,0.04126504063606262,0.013370180502533913,0.013370180502533913,0.2437684137234464,0.015674974769353867,0.0887024849653244,-0.007796391844749451,66312.0390625,27553.10546875,38758.93359375,66392.859375,27596.90625,38795.94921875,-0.001218787976540625,-0.0015896857948973775,-0.0009550217655487359,-0.12187879765406251,1.8842812273651361,1.253502084433567,1.646693414542824,1.3146818773145788,0.9292713016271591,0.8422833872586489,1.0952804663771532,93.6067036067409,93.6067036067409,greedy,1.0952804663771532,0.0,hard_fault_cluster
70,N4579,observe,-0.2871035635471344,1.0800159324891865,0.904883599281311,-0.2871035635471344,0.302517831325531,0.8702959326095879,0.693348753452301,0.00302517831325531,0.039828717708587646,0.013623306527733803,0.013623306527733803,0.27026802301406855,0.015286803245544434,0.08708560466766357,-0.007932022213935852,66392.9453125,27597.1328125,38795.8125,66459.1484375,27633.068359375,38826.078125,-0.0009971410036087036,-0.0013021478662267327,-0.000780126079916954,-0.09971410036087036,1.8448214624077082,1.0646017933636904,1.6077156090177596,1.1042034292966127,0.9110315077006818,0.8298086652532219,1.0800159324891865,94.68671953923008,94.68671953923008,greedy,1.0800159324891865,0.0,hard_fault_cluster
71,N4580,observe,-0.30068692564964294,0.9597879618406296,0.7894673705101013,-0.30068692564964294,0.30111461877822876,0.8507571514695883,0.680483466386795,0.0030111461877822877,0.037497252225875854,0.01338682509958744,0.01338682509958744,0.39475003235042094,0.015224914997816086,0.08623065054416656,-0.008043080568313599,66459.28125,27633.140625,38826.140625,66510.7265625,27661.04296875,38849.68359375,-0.0007740877335891128,-0.0010097420308738947,-0.0006063689943403006,-0.07740877335891128,1.8369929436594248,1.1618876676261425,1.6011168607510626,1.177330539673567,0.8318564292043448,0.7768426868878304,0.9597879618406296,95.64650750107072,95.64650750107072,greedy,0.9597879618406296,0.0,hard_fault_cluster
72,N4574,observe,-0.3125479519367218,1.0741075683385133,0.8623120129108428,-0.3125479519367218,0.29968470335006714,0.9365606572479009,0.7226100087165832,0.0029968470335006714,0.03501331806182861,0.01320652849972248,0.01320652849972248,0.44969209566712376,0.015180215239524841,0.08525243401527405,-0.0081290602684021,66510.53125,27660.86328125,38849.671875,66549.1875,27681.97265625,38867.2109375,-0.0005812049494124949,-0.0007631495245732367,-0.00045145972399041057,-0.05812049494124949,1.8309127558022738,1.341545075774193,1.5962443319149315,1.3086298650503159,0.9202563472092151,0.8814800891652703,1.0741075683385133,96.72061506940923,96.72061506940923,greedy,1.0741075683385133,0.0,hard_fault_cluster
73,N4174,observe,-0.2985759377479553,1.081393136456609,0.8679062902927398,-0.2985759377479553,0.298175573348999,0.9383809827268123,0.7229583621025084,0.00298175573348999,0.03632625937461853,0.015197182074189186,0.015197182074189186,0.45484935648739333,0.014871902763843536,0.08314535021781921,-0.00800248235464096,66549.3984375,27681.9609375,38867.4375,66577.3125,27697.130859375,38880.18359375,-0.00041944877011701465,-0.0005480074905790389,-0.00032793759601190686,-0.041944877011701465,1.8005630318075418,1.2649964986741544,1.5655334652401507,1.2888042150437833,0.9229684237390756,0.9323745050467551,1.081393136456609,97.80200820586585,97.80200820586585,greedy,1.081393136456609,0.0,hard_fault_cluster
74,N6008,control1,-0.30105653405189514,1.1481362789869307,2.426133322715759,-0.30105653405189514,0.30273765325546265,1.2396303236484527,1.913165271282196,0.0030273765325546263,0.033377498388290405,0.016236307099461555,0.016236307099461555,0.6089801687002182,0.015276815742254257,0.0831177830696106,-0.0072821155190467834,66576.7734375,27696.9609375,38879.8125,66522.0859375,27660.1328125,38861.953125,0.0008214201079681516,0.0013296811375766993,0.0004593482881318778,0.08214201079681516,1.84665553458035,1.5764370512962342,1.6074250643141568,1.5988419723510743,1.1198051154613495,2.300440586209297,1.1481362789869307,98.95014448485277,98.95014448485277,greedy,1.1481362789869307,0.0,hard_fault_cluster
75,N4578,observe,-0.2921021580696106,0.9761349726106346,0.8145461082458496,-0.2921021580696106,0.30156195163726807,0.8672985303785026,0.7009377002716064,0.0030156195163726805,0.02973109483718872,0.01666148193180561,0.01666148193180561,0.23197898273559986,0.015199925750494003,0.08235017955303192,-0.0073699951171875,66522.609375,27660.443359375,38862.1640625,66539.2421875,27664.150390625,38875.09375,-0.0002500324626453221,-0.00013401922478806227,-0.0003327063168399036,-0.02500324626453221,1.838216008618474,0.91658398714746,1.5995484334416687,0.9126495620318748,0.8892721563577652,0.8661953238397837,0.9761349726106346,99.92627945746341,99.92627945746341,greedy,0.9761349726106346,0.0,hard_fault_cluster
76,N4575,observe,-0.2889377176761627,1.0519551822450013,2.4456683576107023,-0.2889377176761627,0.299776554107666,0.9837669068481774,2.0564935147762298,0.0029977655410766604,0.02735799551010132,0.016992012038826942,0.016992012038826942,0.27132505603134627,0.015269149094820023,0.08144629001617432,-0.007420182228088379,66539.078125,27664.080078125,38875.0,66549.828125,27672.61328125,38877.21484375,-0.00016155919001903385,-0.0003084578784182668,-5.6973472965182737e-05,-0.016155919001903385,1.8436834756284952,1.2274821997806429,1.6061070510186255,1.201573026292026,0.9802689924836159,2.606624018326402,1.0519551822450013,100.9782346397084,100.9782346397084,greedy,1.0519551822450013,0.0,hard_fault_cluster
77,N4557,observe,-0.29088518023490906,1.1070334835909308,2.484848117828369,-0.29088518023490906,0.2976885437965393,1.0004901780746875,2.2872780025005337,0.002976885437965393,0.025550812482833862,0.017457643523812294,0.017457643523812294,0.2842181594669818,0.015388458967208862,0.08092765510082245,-0.007455304265022278,66549.75,27672.611328125,38877.13671875,66562.8984375,27682.25,38880.6484375,-0.00019757305562961847,-0.00034831088851206005,-9.03286345419474e-05,-0.019757305562961847,1.8539920840412378,1.3647667246311903,1.6176324435509741,1.381882651373744,1.0342180460691452,2.7383736650645734,1.1070334835909308,102.08526812329933,102.08526812329933,greedy,1.1070334835909308,0.0,hard_fault_cluster
78,N4132,observe,-0.29543277621269226,1.1362539032008498,2.497759336233139,-0.29543277621269226,0.2954303026199341,1.0298105636145918,2.3793099045753476,0.002954303026199341,0.023939430713653564,0.017928732559084892,0.017928732559084892,0.3055130813270807,0.015569586306810379,0.0806790441274643,-0.007469877600669861,66563.015625,27682.03125,38880.98046875,66575.6484375,27691.494140625,38884.15625,-0.00018978725711349398,-0.0003418423584662378,-8.167955820681527e-05,-0.018978725711349398,1.8703176658600569,1.5440582669898868,1.6352983894757926,1.5659035719558596,1.0816148459911346,2.803049649894237,1.1362539032008498,103.22152202650018,103.22152202650018,greedy,1.1362539032008498,0.0,hard_fault_cluster
79,N4560,observe,-0.29894956946372986,1.1465623965486884,2.5116530537605284,-0.29894956946372986,0.2938106656074524,1.01278953012079,2.368774366378784,0.002938106656074524,0.02303895354270935,0.01872490532696247,0.01872490532696247,0.3314400964975357,0.015439007431268692,0.0800628513097763,-0.007636845111846924,66575.671875,27691.73046875,38883.9375,66587.453125,27700.6953125,38886.7578125,-0.00017696028226055205,-0.00032373721478506923,-7.253155490616336e-05,-0.017696028226055205,1.856436314061284,1.3795096884667872,1.622034635860473,1.4058372865617275,1.0480840802192688,2.7812546521425245,1.1465623965486884,104.36808442304887,104.36808442304887,greedy,1.1465623965486884,0.0,hard_fault_cluster
80,N4168,observe,-0.3016957640647888,1.161577582731843,2.5134799480438232,-0.3016957640647888,0.2923145294189453,1.0270871680229903,2.3648802101612088,0.002923145294189453,0.02223566174507141,0.01961938478052616,0.01961938478052616,0.3678761817514896,0.01535874605178833,0.07957789301872253,-0.007762029767036438,66587.5,27700.58984375,38886.90625,66598.484375,27709.5625,38888.921875,-0.0001649615151109174,-0.0003239157085772604,-5.1832997996825725e-05,-0.01649615151109174,1.8478085193783045,1.5564709985256195,1.6138580837287009,1.6100709760189056,1.0833491414785386,2.8041769419610496,1.161577582731843,105.52966200578071,105.52966200578071,greedy,1.161577582731843,0.0,hard_fault_cluster
81,N4148,observe,-0.3021937310695648,1.174003453180194,2.519940459728241,-0.3021937310695648,0.29101771116256714,1.0296826440840958,2.364643096923828,0.0029101771116256713,0.021439850330352783,0.02058093436062336,0.02058093436062336,0.42805247262120244,0.015339754521846771,0.07920882105827332,-0.00784381479024887,66598.5703125,27709.65234375,38888.91796875,66608.8515625,27718.751953125,38890.1015625,-0.0001543764374218881,-0.00032839132472872734,-3.0435245207627304e-05,-0.015437643742188811,1.8455740977078676,1.47151668548584,1.6118751135654747,1.5015165495872498,1.0598110496997835,2.788877182304859,1.174003453180194,106.7036654589609,106.7036654589609,greedy,1.174003453180194,0.0,hard_fault_cluster
82,N4565,observe,-0.3025544583797455,1.193956069275737,2.5318761467933655,-0.3025544583797455,0.28980982303619385,1.0347605641931297,2.3633631110191344,0.0028980982303619383,0.02080059051513672,0.021469352766871452,0.021469352766871452,0.4845966300368309,0.015333529561758041,0.07890351116657257,-0.007916808128356934,66608.765625,27718.78515625,38889.9765625,66618.9296875,27727.609375,38891.3203125,-0.00015259346400853246,-0.0003183479711879045,-3.45526059390977e-05,-0.015259346400853246,1.8446321319788694,1.4289285245537757,1.6111727501265705,1.4524367991089822,1.0482119381427764,2.7813377597928044,1.193956069275737,107.89762152823664,107.89762152823664,greedy,1.193956069275737,0.0,hard_fault_cluster
83,N1708,observe,-0.10883001238107681,1.8149615094065668,3.0513341307640074,-0.10883001238107681,0.2885281443595886,1.165710534453392,2.362994360923767,0.002885281443595886,0.02477562427520752,0.02029462344944477,0.02029462344944477,0.06983600407838819,0.01774090901017189,0.08423224091529846,-0.006474629044532776,66618.78125,27727.515625,38891.265625,66483.75,27674.484375,38809.26171875,0.002026924630627036,0.0019125856924802065,0.002108542947098613,0.2026924630627036,2.0829136688262224,2.7223158460855488,1.8512965929694474,2.7999990564584736,1.70836341381073,3.210436218976974,1.8149615094065668,109.71258303764321,109.71258303764321,greedy,1.8149615094065668,0.0,hard_fault_cluster
84,N1705,observe,-0.0439949594438076,1.8814564146334307,3.068130993843078,-0.0439949594438076,0.28398728370666504,1.2345188344432971,2.39913917183876,0.0028398728370666506,0.02442428469657898,0.020733432844281197,0.020733432844281197,0.41102837886661286,0.018942028284072876,0.08551633358001709,-0.005647815763950348,66483.609375,27674.314453125,38809.296875,66463.34375,27685.341796875,38778.0,0.00030482138390652835,-0.00039846854633651674,0.0008064272697083652,0.030482138390652835,2.198923544958234,2.6402680128999054,1.9703830075450242,2.4509134978242217,1.6228555947542191,3.154856136590242,1.8814564146334307,111.59403945227665,111.59403945227665,greedy,1.8814564146334307,0.0,hard_fault_cluster
85,N1706,observe,-0.01126230787485838,1.7732320139184594,2.9723619461059565,-0.01126230787485838,0.27991461753845215,1.2428636682592331,2.408516973257065,0.0027991461753845213,0.025970250368118286,0.02075785957276821,0.02075785957276821,0.3145476391911506,0.019912175834178925,0.08615337312221527,-0.004900187253952026,66463.5078125,27685.5,38778.0078125,66481.65625,27711.37890625,38770.2734375,-0.00027305868570692837,-0.0009347458253614604,0.00019945261010434479,-0.027305868570692837,2.291890060529113,2.7735385800898076,2.0663857026956975,2.7610989238321784,1.6579137966036797,3.1776439677923918,1.7732320139184594,113.3672714661951,113.3672714661951,greedy,1.7732320139184594,0.0,hard_fault_cluster
86,N1707,observe,0.006790627725422382,1.7418359151110054,1.762209391593933,0.006790627725422382,0.2768714427947998,1.258735455814749,1.5250838220119474,0.002768714427947998,0.027315378189086914,0.020954320207238197,0.020954320207238197,0.329509240090847,0.020623791962862015,0.08663071691989899,-0.004351265728473663,66481.6484375,27711.416015625,38770.234375,66513.03125,27735.60546875,38777.421875,-0.0004720522556453943,-0.0008729057153686881,-0.00018538706353865564,-0.04720522556453943,2.3602049592882395,2.3279727517068385,2.136835637036711,2.4174048958718775,1.6151071995496749,2.2278123997151846,1.7418359151110054,115.10910738130612,115.10910738130612,greedy,1.7418359151110054,0.0,hard_fault_cluster
87,N1670,observe,-0.1805199533700943,1.5892961819469928,1.0035414516925811,-0.1805199533700943,0.27449238300323486,1.5823672775924207,1.3636582672595976,0.0027449238300323487,0.03207486867904663,0.031278789043426514,0.031278789043426514,3.612498323619366,0.019432667642831802,0.08234451711177826,-0.004229210317134857,66511.9296875,27734.265625,38777.6640625,66702.625,27709.46484375,38993.15625,-0.002867084462195635,0.0008942288695834577,-0.005557121243327856,-0.2867084462195635,2.2490379363298416,1.7447735062241554,2.0197095572948456,1.7272033682465553,1.0227724462747574,1.4706563402712347,1.5892961819469928,116.69840356325311,116.69840356325311,greedy,1.5892961819469928,0.0,hard_fault_cluster
88,N4069,control1,-0.14307363331317902,1.7080134883522988,2.789074957370758,-0.14307363331317902,0.27230364084243774,1.1016296237707137,1.986455935239792,0.0027230364084243775,0.034570932388305664,0.033369265496730804,0.033369265496730804,1.6855370847880842,0.01931701973080635,0.07426337897777557,-0.0029046013951301575,66710.75,27712.0,38998.74609375,66617.609375,27713.24609375,38904.3671875,0.0013961861841380596,-4.496585461311042e-05,0.002420049859210849,0.13961861841380596,2.2373748794198036,1.5263373407721519,2.008120199665427,1.5365429672598838,1.2517685741186142,2.6004101149737835,1.7080134883522988,118.4064170516054,118.4064170516054,greedy,1.7080134883522988,0.0,hard_fault_cluster
89,N4621,observe,-0.10867027193307877,2.3314150162041187,1.602383017539978,-0.10867027193307877,0.2809528112411499,2.053955618813634,2.538229429721832,0.002809528112411499,0.020139962434768677,0.048202551901340485,0.048202551901340485,5.605970097407698,0.02207692712545395,0.07523071765899658,-0.0015079975128173828,66606.578125,27706.765625,38899.8125,67001.5,27696.318359375,39305.1796875,-0.005929172039031982,0.0003770655021071434,-0.010420800186693668,-0.5929172039031982,2.5368480756878853,3.197776662930846,2.2899815533310175,3.108872043713927,1.3046338982880115,1.8846914686635134,2.3314150162041187,120.73783206780952,120.73783206780952,greedy,2.3314150162041187,0.0,hard_fault_cluster
90,N4807,control1,-0.12713497877120972,2.133564023822546,1.8298208117485046,-0.12713497877120972,0.20201019942760468,0.027537986934184966,-0.9397057175636292,0.0020201019942760468,-0.007048457860946655,0.07291204482316971,0.07291204482316971,5.298290145546198,0.013577703386545181,0.037722282111644745,-0.0052764564752578735,67005.0546875,27701.220703125,39303.8359375,66208.3125,27332.58984375,38875.7265625,0.011890777386724949,0.013307387009263039,0.01089230552315712,1.1890777386724949,1.6326925829052925,0.2478162395954131,1.4265008997172117,0.2999325144290923,0.602619668841362,0.9176805305480957,2.133564023822546,122.87139609163206,122.87139609163206,greedy,2.133564023822546,0.0,hard_fault_cluster
91,N4809,control1,-0.09217105060815811,1.1498502821661531,1.9934491753578185,-0.09217105060815811,0.19333983957767487,-0.07991338977124546,-0.16141310632228847,0.0019333983957767486,-0.0071602463722229,0.07089488953351974,0.07089488953351974,0.9105963040981442,0.012466803193092346,0.0354166179895401,-0.0056552886962890625,66208.0625,27332.3671875,38875.6953125,65687.5859375,27113.755859375,38573.828125,0.007861225865781307,0.007998257875442505,0.007764933630824089,0.7861225865781307,1.5109150484204292,0.30376241381745783,1.3127390015870333,0.3103502246318385,0.8849101318512111,1.5320541246072388,1.1498502821661531,124.02124637379822,124.02124637379822,greedy,1.1498502821661531,0.0,hard_fault_cluster
92,N4182,observe,-0.12555302679538727,0.8959509050473571,1.2948345363140106,-0.12555302679538727,0.2044534534215927,0.26434658117592336,-1.763194569200277,0.0020445345342159273,-0.0013411939144134521,0.07030729204416275,0.07030729204416275,0.6216249893791974,0.012361682951450348,0.03531093895435333,-0.0050706565380096436,65688.1640625,27114.3984375,38573.765625,66090.09375,27379.74609375,38710.34375,-0.006118753459304571,-0.009786226786673069,-0.0035406998358666897,-0.6118753459304571,1.5109290406107903,0.42755734063684936,1.3048584815114737,0.3932224873453378,0.5358642000705004,-0.14335486767813543,0.8959509050473571,124.91719727884558,124.91719727884558,greedy,0.8959509050473571,0.0,hard_fault_cluster
93,N4183,observe,-0.19506706297397614,0.7559022918343545,0.7657317042350769,-0.19506706297397614,0.22619299590587616,0.6418464049696921,-1.399102848768234,0.0022619299590587614,0.0028435587882995605,0.0629851371049881,0.0629851371049881,0.1531602054834366,0.012097243219614029,0.04212874174118042,-0.005905434489250183,66090.0078125,27379.677734375,38710.328125,66382.625,27510.17578125,38872.4453125,-0.0044275554828345776,-0.004766237456351519,-0.004187956918030977,-0.44275554828345776,1.4989024549722672,0.5183265197277069,1.282018855214119,0.5020574736595155,0.622121562063694,-0.23428372517228113,0.7559022918343545,125.67309957067994,125.67309957067994,greedy,0.7559022918343545,0.0,hard_fault_cluster
94,N4140,observe,-0.18432675302028656,1.231063041947782,1.1671670377254486,-0.18432675302028656,0.227976456284523,0.48627427494153375,-1.819473722577095,0.00227976456284523,0.0022680461406707764,0.06356082856655121,0.06356082856655121,2.906794460285455,0.011857621371746063,0.04186103492975235,-0.006154246628284454,66382.390625,27509.75,38872.640625,66451.75,27555.078125,38896.671875,-0.0010448460234329104,-0.0016477112658321857,-0.0006182047072798014,-0.10448460234329104,1.4772994220256805,0.4088285640068352,1.2586464583873749,0.40799940751865504,0.37716220319271093,-0.4064926800131796,1.231063041947782,126.90416261262772,126.90416261262772,greedy,1.231063041947782,0.0,hard_fault_cluster
95,N4562,observe,-0.11916067451238632,1.64960570551455,1.5200997233390807,-0.11916067451238632,0.23571635782718658,0.750833684168756,-1.7999999999999998,0.002357163578271866,-0.001729130744934082,0.06580721586942673,0.06580721586942673,4.390220618881285,0.013108089566230774,0.044110119342803955,-0.005353264510631561,66451.796875,27555.40234375,38896.3984375,66537.1015625,27631.1640625,38905.9375,-0.001283707795664668,-0.0027494325768202543,-0.00024524281616322696,-0.1283707795664668,1.6123325303196907,0.7892917372658848,1.3861898500472307,0.7515361808612941,0.48359335362911227,-0.22885519877076133,1.64960570551455,128.55376831814226,128.55376831814226,greedy,1.64960570551455,0.0,hard_fault_cluster
96,N4137,control0,-0.26970210671424866,1.6676303303241728,2.5429871320724486,-0.26970210671424866,0.20225434005260468,-0.03356517210602794,-2.4465370774269104,0.0020225434005260467,0.0008323192596435547,0.07400374859571457,0.07400374859571457,5.15389101728797,0.009340852499008179,0.03189265727996826,-0.007441408932209015,66537.03125,27630.80859375,38906.22265625,66234.046875,27392.140625,38841.90625,0.004553620237857103,0.008637748658657074,0.0016531136352568865,0.45536202378571033,1.2103433385491371,0.0370261849462985,1.0031497720628977,-0.007412892431020834,0.19667258858680728,0.232837182581425,1.6676303303241728,130.22139864846645,130.22139864846645,greedy,1.6676303303241728,0.0,hard_fault_cluster
97,N828,control0,-0.2083861380815506,1.8902871450781822,2.730342388153076,-0.2083861380815506,0.19709567725658417,0.37930153638124453,-2.1058101534843443,0.001970956772565842,-0.007990777492523193,0.06936205178499222,0.06936205178499222,4.278413354158402,0.009188365191221237,0.03209715336561203,-0.007540225982666016,66165.8984375,27296.806640625,38869.09375,65864.6875,27239.6484375,38625.03515625,0.004552359227091074,0.002093951916322112,0.006278988439589739,0.4552359227091074,1.1852942481637,0.40511065214872355,0.9854509513825178,0.3563907095789909,0.6453407585620881,0.5244714930653575,1.8902871450781822,132.11168579354464,132.11168579354464,greedy,1.8902871450781822,0.0,hard_fault_cluster
98,N1715,observe,0.03988218680024147,2.2164966478943824,2.5214256286621093,0.03988218680024147,0.21759481728076935,0.8539772713929414,-1.557587784528732,0.0021759481728076935,-0.010320335626602173,0.0752398893237114,0.0752398893237114,1.2563929153978823,0.013583008199930191,0.039357855916023254,-0.004056952893733978,65929.1015625,27333.162109375,38595.94140625,65788.2421875,27306.451171875,38481.79296875,0.0021365280263125896,0.0009772354969754815,0.0029575242660939693,0.21365280263125896,1.6511355265974998,0.8981854797154665,1.4315094966441393,0.8742115677148103,1.5001421302556992,0.8608577691018584,2.2164966478943824,134.32818244143903,134.32818244143903,greedy,2.2164966478943824,0.0,hard_fault_cluster
99,N8710,control1,-0.06060680374503136,1.417897842079401,2.6814711928367614,-0.06060680374503136,0.22682105004787445,0.9014351334795355,1.0366337478160856,0.0022682105004787445,-0.004928678274154663,0.07795300334692001,0.07795300334692001,1.1607785322144626,0.011629797518253326,0.03714606910943985,-0.004248037934303284,65787.9765625,27306.1875,38481.7890625,66015.59375,27431.73828125,38583.859375,-0.003459859872236848,-0.004597887396812439,-0.0026524316053837538,-0.3459859872236848,1.467753805220127,0.5596375237777829,1.2391732651740313,0.4031380559876561,0.9248875554651022,1.8637607370875775,1.417897842079401,135.74608028351844,135.74608028351844,greedy,1.417897842079401,0.0,hard_fault_cluster
100,N4066,control1,0.26257672905921936,2.270026935636997,3.5180179595947263,0.26257672905921936,0.2482103854417801,0.7537677961587905,0.679443433880806,0.002482103854417801,-0.006178051233291626,0.0673157349228859,0.0673157349228859,0.6555388784408569,0.013394743204116821,0.03604926913976669,-0.0022832155227661133,66015.625,27427.51171875,38588.11328125,66227.015625,27699.37890625,38527.63671875,-0.0032021300867199898,-0.00991220772266388,0.0015672330046072602,-0.320213008671999,1.6550004407763481,0.9005544940382242,1.4183558505028486,0.8611612776666879,1.293154050409794,1.9781790096312761,2.270026935636997,138.01610721915543,138.01610721915543,greedy,2.270026935636997,0.0,hard_fault_cluster
101,N4070,control1,0.419340044260025,2.0563092947006227,3.2890819787979124,0.419340044260025,0.2925572991371155,1.602130487561226,2.009586989879608,0.002925572991371155,0.06786248087882996,0.03672799468040466,0.03672799468040466,-0.7108066385984421,0.015606679022312164,0.04630346596240997,0.0019868575036525726,66226.546875,27699.30859375,38527.23828125,66304.1875,27808.38671875,38495.8046875,-0.0011723489733412862,-0.00393793685361743,0.000815879728179425,-0.11723489733412862,1.8899531960487366,2.0647962856292725,1.6429892256855965,2.0265631127357486,1.906256914138794,2.804464709162712,2.0563092947006227,140.07241651385604,140.07241651385604,greedy,2.0563092947006227,0.0,hard_fault_cluster
102,N4142,control0,0.1392102986574173,1.6073653865233064,1.4563045442104339,0.1392102986574173,0.2346893697977066,0.5941627365909514,-2.126186621189117,0.002346893697977066,0.003352820873260498,0.06092134863138199,0.06092134863138199,4.959473643843085,0.008779916912317276,0.0265035480260849,-0.005422942340373993,66304.34375,27812.69921875,38491.6484375,65881.3125,27379.537109375,38501.7734375,0.006380144041031599,0.015574255958199501,-0.00026304408675059676,0.6380144041031599,1.1736024096608162,0.8072245598025619,0.9518943708389997,0.7872748404927551,1.0285232653841376,0.3436565852072092,1.6073653865233064,141.67978190037934,141.67978190037934,greedy,1.6073653865233064,0.0,hard_fault_cluster
103,N4149,observe,0.16369624435901642,1.590079239010811,1.4506269097328186,0.16369624435901642,0.23978681862354279,1.0298340559005736,1.0804309844970703,0.0023978681862354277,0.0020196139812469482,0.057795532047748566,0.057795532047748566,1.4821232584118844,0.008393101394176483,0.028420336544513702,-0.005804955959320068,65881.3515625,27379.8671875,38501.484375,66024.59375,27487.5859375,38537.00390625,-0.0021742447279393673,-0.003934232052415609,-0.0009225496323779225,-0.21742447279393673,1.1368924900889397,1.5237647861242294,0.9137057270854712,1.3594436019659042,1.2472411155700684,1.6536987245082857,1.590079239010811,143.26986113939014,143.26986113939014,greedy,1.590079239010811,0.0,hard_fault_cluster
104,N4161,control0,0.1102733239531517,1.3116387899965047,1.6682958841323852,0.1102733239531517,0.21657739579677582,0.23391881775110956,-1.8782677501440046,0.0021657739579677582,0.027452528476715088,0.05140276253223419,0.05140276253223419,0.46198797121644014,0.007200535386800766,0.028722688555717468,-0.006227575242519379,66024.484375,27487.259765625,38537.2265625,65881.703125,27544.7734375,38336.92578125,0.0021625501103699207,-0.0020923756528645754,0.005197592079639435,0.21625501103699207,0.9880336970090866,0.5607704541832208,0.7870485782623291,0.6673820040374994,1.0770768463611602,0.2898394410312177,1.3116387899965047,144.58149992938664,144.58149992938664,greedy,1.3116387899965047,0.0,hard_fault_cluster
105,N1433,observe,0.17645321786403656,1.1533586353063583,1.1671923279762266,0.17645321786403656,0.23082460463047028,1.1177406124770641,2.405954748392105,0.0023082460463047026,0.015538424253463745,0.04807525873184204,0.04807525873184204,0.9134339968860149,0.006245899945497513,0.02376742660999298,-0.0066064149141311646,65881.3125,27544.29296875,38337.015625,65857.34375,27391.921875,38465.41796875,0.0003638171183411032,0.005531857255846262,-0.0033493046648800373,0.03638171183411032,0.9034898579120636,0.7862391959875822,0.6943149603903294,0.754428793117404,0.9742973007261754,1.7626611428335308,1.1533586353063583,145.73485856469298,145.73485856469298,greedy,1.1533586353063583,0.0,hard_fault_cluster
106,N8650,control0,-0.003832402639091015,1.2028501719236373,0.8856444895267487,-0.003832402639091015,0.22090043127536774,0.8919480764865875,0.3908954916638322,0.002209004312753677,0.01790669560432434,0.04713448882102966,0.04713448882102966,1.041169643998146,0.006121985614299774,0.027375586330890656,-0.008157037198543549,65857.015625,27391.82421875,38465.1953125,65895.140625,27322.65625,38572.484375,-0.000578905688598752,0.002525131916627288,-0.0027892503421753645,-0.0578905688598752,0.8802334815263748,1.0836162400245666,0.6792072914540768,1.123290581703186,1.0154987692832946,0.7858318676959607,1.2028501719236373,146.93770873661663,146.93770873661663,greedy,1.2028501719236373,0.0,hard_fault_cluster
107,N1614,control1,0.14721880853176117,2.015479861199856,3.2797207832336426,0.14721880853176117,0.225137397646904,0.4823655238002538,0.2873263299465179,0.00225137397646904,0.02472260594367981,0.03473129868507385,0.03473129868507385,0.5039858721196651,0.0098390132188797,0.030949659645557404,-0.0057851821184158325,65894.5625,27321.94140625,38572.6171875,65461.515625,27178.41796875,38283.09765625,0.006571814883500338,0.005253046751022339,0.007505830843001604,0.6571814883500338,1.2437700182199478,0.783200083449483,1.0488684959709644,0.860792605355382,1.6494535863399504,2.2377585409581657,2.015479861199856,148.95318859781648,148.95318859781648,greedy,2.015479861199856,0.0,hard_fault_cluster
108,N4802,observe,0.2630554437637329,2.3400514677166937,2.011959993839264,0.2630554437637329,0.28301936388015747,1.4848802030086516,0.8320336461067199,0.0028301936388015745,0.028112471103668213,0.011493602767586708,0.011493602767586708,1.6219728222489356,0.018621888011693954,0.0765857845544815,-0.003915995359420776,65463.125,27180.19921875,38282.92578125,65709.7578125,27366.125,38343.6328125,-0.0037675073835998774,-0.006840486545115709,-0.0015857468824833632,-0.37675073835998774,2.1567017678171396,3.159939333200455,1.9358170428313315,3.2629237139225005,1.9895769000053405,1.977868714183569,2.3400514677166937,151.29324006553318,151.29324006553318,greedy,2.3400514677166937,0.0,hard_fault_cluster
109,N12538,observe,0.3716534376144409,2.7621212780475615,2.037150657176971,0.3716534376144409,0.24537529051303864,0.28830679692327954,-0.8606619894504547,0.0024537529051303865,0.031435877084732056,0.031951405107975006,0.031951405107975006,5.423662149086595,0.014097224920988083,0.04400164633989334,-0.002715684473514557,65709.5703125,27366.03125,38343.5390625,65859.9140625,27456.74609375,38403.16796875,-0.0022880039177834988,-0.0033148701768368483,-0.0015551226679235697,-0.22880039177834988,1.687049187719822,1.4552979057282207,1.4790541660040617,1.3389198368042705,0.9101670235395432,1.0376241306960583,2.7621212780475615,154.05536134358076,154.05536134358076,greedy,2.7621212780475615,0.0,hard_fault_cluster
110,N2690,control0,0.19005732238292694,1.7703606605529785,2.788885533809662,0.19005732238292694,0.21242310106754303,-1.4993132224678996,-3.5440818071365356,0.0021242310106754305,0.017543435096740723,0.04519171267747879,0.04519171267747879,5.038308728635311,0.010072622448205948,0.029440775513648987,-0.005411520600318909,65856.0,27450.29296875,38405.703125,65666.6171875,27283.2421875,38383.375,0.0028757108375430107,0.006085573695600033,0.0005813752650283277,0.28757108375430107,1.2648770585656166,-0.05211484134197253,1.0716659482568502,-0.18249243199825305,0.013711774349212683,0.1139126533269885,1.7703606605529785,155.82572200413372,155.82572200413372,greedy,1.7703606605529785,0.0,hard_fault_cluster
111,N10721,control1,0.06279556453227997,1.9900895405001937,2.6490676641464233,0.06279556453227997,0.26216453313827515,1.0128645175043491,0.2629038795828819,0.0026216453313827517,0.041159749031066895,0.017062069848179817,0.017062069848179817,5.359649515924976,0.012156419456005096,0.05058107525110245,-0.004557095468044281,65670.078125,27289.33984375,38380.734375,65959.5625,27464.064453125,38495.5,-0.0044081625528633595,-0.006402669008821249,-0.0029901883099228144,-0.44081625528633595,1.4948685485869646,0.8646256112586707,1.2854485963471234,0.8497210786771029,0.6783751636743546,1.422541944012046,1.9900895405001937,157.81581154463393,157.81581154463393,greedy,1.9900895405001937,0.0,hard_fault_cluster
112,N1672,observe,0.3091357350349426,3.2440385863184926,4.049697852134704,0.3091357350349426,0.28957462310791016,1.6865573446452617,1.807614755630493,0.0028957462310791014,0.04767662286758423,0.009882928803563118,0.009882928803563118,1.3017052155733109,0.01695769652724266,0.07198567688465118,-0.0026171505451202393,65959.4375,27463.8984375,38495.53515625,65943.7890625,27461.69140625,38482.09765625,0.00023724333732388914,8.036117651499808e-05,0.0003490664530545473,0.023724333732388914,1.9952272046357393,2.209070655107498,1.7706340407021344,2.2295095646381378,2.256372511386872,3.0725526487827306,3.2440385863184926,161.0598501309524,161.0598501309524,greedy,3.2440385863184926,0.0,hard_fault_cluster
113,N1711,observe,0.36633411049842834,2.3618360314518214,3.302464628219604,0.36633411049842834,0.2690514326095581,0.7617939364910126,-0.13676727563142776,0.002690514326095581,0.04374173283576965,0.02162712998688221,0.02162712998688221,2.4224104147776964,0.015206649899482727,0.05787878483533859,-0.0022608041763305664,65944.015625,27461.96484375,38482.046875,65966.53125,27466.48828125,38500.0390625,-0.0003414354578126222,-0.0001647164608584717,-0.0004675475647673011,-0.03414354578126222,1.811343552544713,1.6037865263223647,1.5933346305973828,1.5947838407754897,1.3912518791854382,1.9717799339815976,2.3618360314518214,163.42168616240423,163.42168616240423,greedy,2.3618360314518214,0.0,hard_fault_cluster
114,N8709,control1,0.2232341319322586,1.8865515142679214,2.9002557516098024,0.2232341319322586,0.293933629989624,1.676583282649517,2.2535887241363524,0.00293933629989624,0.048478931188583374,0.008994227275252342,0.008994227275252342,0.8399332359433174,0.01578553020954132,0.06746692955493927,-0.002132132649421692,65966.296875,27466.26171875,38500.0390625,66099.1796875,27538.9296875,38560.25,-0.0020144046284258366,-0.002645717468112707,-0.001563918893225491,-0.20144046284258366,1.8814808782190084,1.3699854390323163,1.6542849852703512,1.3638603465259076,1.589378060400486,2.6961707628518345,1.8865515142679214,165.30823767667215,165.30823767667215,greedy,1.8865515142679214,0.0,hard_fault_cluster
115,N4615,observe,0.14514179527759552,1.3930947735905646,1.289600133895874,0.14514179527759552,0.28894078731536865,1.03689427934587,0.9226192891597746,0.0028894078731536866,0.08461952209472656,0.008506983518600464,0.008506983518600464,0.775425596088171,0.014067381620407104,0.06494373083114624,-0.0022781044244766235,66098.7265625,27538.26953125,38560.45703125,66279.21875,27493.77734375,38785.4453125,-0.0027306454721838236,0.0016156493220478296,-0.005834689363837242,-0.27306454721838236,1.7041859328746796,0.9181457041949034,1.4811001047492027,0.9179973482340574,1.0225063748657703,1.0883056938275695,1.3930947735905646,166.70133245026273,166.70133245026273,greedy,1.3930947735905646,0.0,hard_fault_cluster
116,N1667,observe,0.05177657678723335,1.5601503670215606,1.2217033326625824,0.05177657678723335,0.27790606021881104,0.9414097724854946,0.5790710508823395,0.0027790606021881104,0.09585809707641602,0.0065637435764074326,0.0065637435764074326,1.363647436350584,0.014388114213943481,0.06115574389696121,-0.0016348734498023987,66279.1953125,27494.013671875,38785.1796875,66360.5234375,27436.5546875,38923.96875,-0.0012270535808056593,0.0020898724906146526,-0.0035784044302999973,-0.12270535808056593,1.7232812251895666,1.2277703769505024,1.5099288723431528,1.2488986738026142,1.1219466388225556,1.0698341017961503,1.5601503670215606,168.26148281728427,168.26148281728427,greedy,1.5601503670215606,0.0,hard_fault_cluster
117,N1438,observe,0.02265993133187294,1.1843052133917809,0.9431658506393432,0.02265993133187294,0.27352064847946167,0.9580437622964382,0.6434396266937256,0.002735206484794617,0.12163153290748596,0.005140209570527077,0.005140209570527077,1.3264195203781128,0.014164552092552185,0.05929951369762421,-0.0010403022170066833,66360.84375,27436.59765625,38924.2421875,66495.6875,27452.29296875,39043.390625,-0.0020319775212556124,-0.0005720575572922826,-0.0030610342510044575,-0.20319775212556124,1.6951160673052073,1.028950919061899,1.4861204237677157,1.0324188365042208,0.8666859120130539,0.8500855289399625,1.1843052133917809,169.44578803067606,169.44578803067606,greedy,1.1843052133917809,0.0,hard_fault_cluster
118,N4810,control1,0.052630532532930374,1.477152945846319,1.6777155756950377,0.052630532532930374,0.2701454758644104,0.899166866466403,0.7658181965351105,0.002701454758644104,0.13052085041999817,0.0011500120162963867,0.0011500120162963867,0.04746706157922742,0.014504268765449524,0.04917871952056885,0.0019339323043823242,66495.6015625,27452.57421875,39043.02734375,66452.453125,27500.25390625,38952.203125,0.0006488916114903986,-0.0017368020489811897,0.002326259622350335,0.06488916114903986,1.7217223644256592,1.1306497877836226,1.518250748515129,1.1904809123277664,1.390761548280716,1.6505675634741783,1.477152945846319,170.92294097652237,170.92294097652237,greedy,1.477152945846319,0.0,hard_fault_cluster
119,N10719,control1,0.04839996621012688,1.298252984881401,1.5311736583709714,0.04839996621012688,0.27765655517578125,0.9653496637940406,0.9927242815494537,0.0027765655517578126,0.1237206757068634,-0.0025092270225286484,-0.0025092270225286484,-0.6038848188519479,0.014353234320878983,0.046549275517463684,0.0029595158994197845,66452.875,27500.62890625,38952.25,66570.34375,27589.951171875,38980.390625,-0.0017677000723779202,-0.0032480082008987665,-0.0007224390283226967,-0.17677000723779202,1.7104707602411509,1.2712887346744537,1.5041102641262114,1.2879866659641266,1.2602621942758558,1.3638028463721275,1.298252984881401,172.22119396140377,172.22119396140377,greedy,1.298252984881401,0.0,hard_fault_cluster
120,N10718,control1,0.03609205409884453,1.1173183783888818,1.2991561770439146,0.03609205409884453,0.2844069004058838,1.2009126760065554,1.3171573758125303,0.0028440690040588378,0.1158582866191864,-0.0058923400938510895,-0.0058923400938510895,-1.0472952117025853,0.014320097863674164,0.04416445642709732,0.00396212562918663,66570.3046875,27589.9296875,38980.375,66705.65625,27662.83203125,39042.828125,-0.002033212222158909,-0.0026423532981425524,-0.0016021684277802706,-0.20332122221589088,1.710524346679449,0.8446483823657036,1.5016384264454246,0.8526563319563866,1.2725121282041072,1.3088298035040498,1.1173183783888818,173.33851233979266,173.33851233979266,greedy,1.1173183783888818,0.0,hard_fault_cluster
121,N8752,control0,-0.14343930780887604,0.8911781392991542,0.6843745410442352,-0.14343930780887604,0.28319549560546875,0.8839031644165515,0.6746609628200531,0.0028319549560546875,0.09509047865867615,-0.003930471837520599,-0.003930471837520599,0.6786316177248954,0.013683170080184937,0.05296029895544052,0.0006860643625259399,66705.703125,27662.98828125,39042.7109375,66701.4609375,27498.96484375,39202.49609375,6.359557301038876e-05,0.0059293461963534355,-0.0040925731882452965,0.006359557301038876,1.6475820317864418,0.8608193081617355,1.4381332639604807,0.8608625453710556,0.7940662562847137,0.7551027309894561,0.8911781392991542,174.2296904790918,174.2296904790918,greedy,0.8911781392991542,0.0,hard_fault_cluster
122,N10720,control1,-0.07258720695972443,1.079999463260174,1.3938635230064391,-0.07258720695972443,0.2829747200012207,0.5621753320097923,1.0185247004032134,0.002829747200012207,0.1077796220779419,-0.008646707981824875,-0.008646707981824875,-1.7430070400238038,0.013814937323331833,0.04514168202877045,0.003671053797006607,66701.4921875,27498.837890625,39202.65234375,66790.765625,27592.20703125,39198.5546875,-0.001338402391411364,-0.0033953848760575056,0.0001045249737217091,-0.1338402391411364,1.6558217443525791,0.7591989928483962,1.4500757353380322,0.766347455382347,1.087985798716545,1.2425879123806953,1.079999463260174,175.30968994235198,175.30968994235198,greedy,1.079999463260174,0.0,hard_fault_cluster
123,N8754,control0,-0.27050405740737915,1.2165805086493493,0.8982267796993255,-0.27050405740737915,0.288856565952301,1.0069418093562126,0.6938901722431183,0.00288856565952301,0.06696480512619019,-0.006703024730086327,-0.006703024730086327,0.9387136051058769,0.013235524296760559,0.05882463604211807,-0.001162514090538025,66790.6796875,27592.298828125,39198.3828125,66847.421875,27473.4765625,39373.9453125,-0.0008495524525642395,0.004306355956941843,-0.004478820133954287,-0.08495524525642395,1.6057059708982706,1.2049014985561373,1.3940908149816096,1.21696714758873,1.026152628660202,0.9035143854469062,1.2165805086493493,176.52627045100132,176.52627045100132,greedy,1.2165805086493493,0.0,hard_fault_cluster
124,N10722,control1,-0.22791291773319244,1.4682914167642593,1.5477604866027832,-0.22791291773319244,0.2935490012168884,0.7782586991786956,0.7013455331325531,0.002935490012168884,0.057506263256073,-0.012235244736075401,-0.012235244736075401,-0.8559916180372238,0.013929087668657303,0.056192293763160706,0.00024210289120674133,66847.484375,27473.375,39374.109375,67028.5390625,27597.103515625,39431.4375,-0.002708474174141884,-0.004503578878939152,-0.001455985358916223,-0.2708474174141884,1.6742225233465433,1.446661616563797,1.4632372059859335,1.4389764440059662,1.3585267961025238,1.4516163568198681,1.4682914167642593,177.99456186776558,177.99456186776558,greedy,1.4682914167642593,0.0,hard_fault_cluster
125,N10723,control1,-0.20732222497463226,1.4718717604875566,1.616490912437439,-0.20732222497463226,0.29904526472091675,0.8048964753746987,0.8472480654716491,0.0029904526472091675,0.05121159553527832,-0.015185598284006119,-0.015185598284006119,-1.456436302959919,0.01403045654296875,0.054427601397037506,0.000978756695985794,67028.5546875,27597.109375,39431.4453125,67276.28125,27714.4453125,39561.8359375,-0.003695836290717125,-0.004251747392117977,-0.0033067676704376936,-0.3695836290717125,1.6869053207337856,1.2060020488500596,1.4740105709061027,1.2279914420843125,1.3543472290039062,1.3169397389888764,1.4718717604875566,179.46643362825313,179.46643362825313,greedy,1.4718717604875566,0.0,hard_fault_cluster
126,N8750,control0,-0.3972614109516144,1.1149529542773962,0.8913557112216949,-0.3972614109516144,0.3044171929359436,1.017884961888194,0.7942539811134337,0.0030441719293594362,0.01146233081817627,-0.013004664331674576,-0.013004664331674576,0.328355778157711,0.013949468731880188,0.0688176304101944,-0.003873012959957123,67276.296875,27714.54296875,39561.75,67301.109375,27558.26953125,39742.8359375,-0.0003688148863147944,0.005638679955154657,-0.004577298648655415,-0.03688148863147944,1.6863594017922878,0.9344939413666724,1.467800005339086,0.9289393547177314,1.0092453971505164,0.8929372011870145,1.1149529542773962,180.5813865825305,180.5813865825305,greedy,1.1149529542773962,0.0,hard_fault_cluster
127,N8758,control0,-0.49164292216300964,1.1824353536218406,0.8011363208293915,-0.49164292216300964,0.29975008964538574,1.5090060271322727,1.139396756887436,0.0029975008964538575,0.01074954867362976,-0.013518992811441422,-0.013518992811441422,0.6643775498867035,0.013838477432727814,0.071795254945755,-0.005025781691074371,67301.2109375,27558.357421875,39742.8515625,67364.359375,27509.28515625,39855.0703125,-0.0009382957359775901,0.0017806673422455788,-0.0028236210346221924,-0.09382957359775901,1.6700788401067257,1.5499592274427414,1.4554055174812675,1.5567824453115464,1.2465242981910705,1.0473689655214546,1.1824353536218406,181.76382193615234,181.76382193615234,greedy,1.1824353536218406,0.0,hard_fault_cluster
128,N1247,control1,-0.4856707453727722,1.2557037144899368,1.0692807734012604,-0.4856707453727722,0.291572630405426,1.1741788879036903,0.9915397703647613,0.00291572630405426,-0.0030367374420166016,-0.01400282047688961,-0.01400282047688961,0.5708454355597495,0.010923899710178375,0.0617109090089798,-0.005496270954608917,67360.203125,27502.1640625,39858.0390625,67404.84375,27625.349609375,39779.4921875,-0.0006627151160500944,-0.004479121882468462,0.0019706657622009516,-0.06627151160500944,1.369959780946374,0.94911196321249,1.1617824234999716,0.9346601018309593,1.1518643483519555,1.0602055587619543,1.2557037144899368,183.01952565064227,183.01952565064227,greedy,1.2557037144899368,0.0,hard_fault_cluster
129,N8762,control0,-0.5519195795059204,0.9052143349763355,0.6888141334056854,-0.5519195795059204,0.2925078868865967,1.2062563225146734,1.0239791989326477,0.002925078868865967,0.0015580356121063232,-0.0164454635232687,-0.0164454635232687,0.4594958287477493,0.012584086507558823,0.06826069951057434,-0.006208695471286774,67408.0859375,27632.0234375,39776.0625,67464.140625,27598.6640625,39865.47265625,-0.0008315721643157303,0.0012072722893208265,-0.0022478383034467697,-0.08315721643157303,1.5344710741192102,0.8181792277097701,1.3274242565967143,0.8174462872743606,0.9546645760536193,0.8689085542410611,0.9052143349763355,183.9247399856186,183.9247399856186,greedy,0.9052143349763355,0.0,hard_fault_cluster
130,N6010,control0,-0.5757502317428589,0.985480247437954,2.383393108844757,-0.5757502317428589,0.2900928258895874,1.1787438884377481,0.6886542618274688,0.002900928258895874,-0.0009175240993499756,-0.017313890159130096,-0.017313890159130096,-0.07449033915996556,0.01438119262456894,0.07379116117954254,-0.006572715938091278,67464.4296875,27598.78125,39865.6484375,67429.265625,27547.7734375,39881.4921875,0.000521223759278655,0.0018481907900422812,-0.0003974286373704672,0.052122375927865505,1.7108981981873512,0.9671327865123749,1.5063139963895082,1.0029749846458436,1.1193723618984222,2.05042802259326,0.985480247437954,184.91022023305655,184.91022023305655,greedy,0.985480247437954,0.0,hard_fault_cluster
131,N8748,control0,-0.6545462012290955,0.9380928866416071,0.6827909231185912,-0.6545462012290955,0.28953665494918823,1.3003400974826944,1.0608880341053009,0.0028953665494918825,0.0031815171241760254,-0.015165826305747032,-0.015165826305747032,0.37096953511238095,0.014366626739501953,0.07604458928108215,-0.006681077182292938,67428.953125,27547.60546875,39881.34375,67555.109375,27566.17578125,39988.9375,-0.0018709508003666997,-0.0006741171237081289,-0.002697846619412303,-0.18709508003666997,1.7110335025936365,1.2644549825787545,1.5052553811110556,1.2952607968449594,1.086831521987915,0.9488282476365566,0.9380928866416071,185.84831311969816,185.84831311969816,greedy,0.9380928866416071,0.0,hard_fault_cluster
132,N8733,control0,-0.720504641532898,0.8099995955824852,0.6808821976184845,-0.720504641532898,0.28793710470199585,0.9173336237668992,0.7888299822807311,0.0028793710470199586,0.003407806158065796,-0.01339796744287014,-0.01339796744287014,0.249032946228981,0.014419667422771454,0.07754802703857422,-0.00693444162607193,67554.90625,27566.15234375,39988.7578125,67650.3828125,27583.1484375,40067.234375,-0.0014133179793134332,-0.0006165566155686975,-0.001962465699762106,-0.14133179793134332,1.716505879536271,1.1122582800686358,1.5106015265919268,1.150620950013399,0.9155718624591828,0.8321634687483311,0.8099995955824852,186.65831271528066,186.65831271528066,greedy,0.8099995955824852,0.0,hard_fault_cluster
133,N8764,control0,-0.798539400100708,0.8404827781458152,0.7040497124195099,-0.798539400100708,0.2863708734512329,0.9222598858614219,0.770070844888687,0.002863708734512329,-7.191300392150879e-05,-0.010280916467308998,-0.010280916467308998,0.2798620706796646,0.014857526868581772,0.08080071210861206,-0.007478833198547363,67650.53125,27583.19140625,40067.33984375,67741.171875,27606.96484375,40134.2109375,-0.0013398361625149846,-0.0008618813008069992,-0.0016689676558598876,-0.13398361625149846,1.761842643842101,1.148962415754795,1.5547751761041582,1.1815133824944497,0.8890835672616959,0.8422987650334837,0.8404827781458152,187.49879549342648,187.49879549342648,greedy,0.8404827781458152,0.0,hard_fault_cluster
134,N8766,control0,-0.8511174321174622,0.8462836088612675,0.7657296001911162,-0.8511174321174622,0.28475987911224365,0.8168018402531743,0.7496566355228425,0.0028475987911224365,0.0006258785724639893,-0.008415082469582558,-0.008415082469582558,0.28927382528781886,0.015151351690292358,0.08214125037193298,-0.007521860301494598,67741.1328125,27606.931640625,40134.19921875,67828.6328125,27635.326171875,40193.3046875,-0.0012916820123791695,-0.0010285290190950036,-0.001472695847041905,-0.12916820123791695,1.791479965671897,0.9812203875184058,1.5842213681899011,1.0065262249112128,0.8403367459774017,0.8436106641590595,0.8462836088612675,188.34507910228774,188.34507910228774,greedy,0.8462836088612675,0.0,hard_fault_cluster
135,N10806,control1,-0.8432413339614868,0.872386147081852,0.8788222193717956,-0.8432413339614868,0.28162217140197754,0.6805574439465999,0.7141805171966552,0.0028162217140197754,-0.010508716106414795,-0.008330872282385826,-0.008330872282385826,-0.043707067817449596,0.01355147734284401,0.07147222757339478,-0.007739938795566559,67828.8828125,27635.619140625,40193.265625,67771.0234375,27701.494140625,40069.53125,0.000853019708301872,-0.0023836991749703884,0.0030784851405769587,0.0853019708301872,1.6284390334039927,0.5177363391965628,1.4234705590642989,0.5309658285230399,0.8814566403627396,0.853124983906746,0.872386147081852,189.21746524936958,189.21746524936958,greedy,0.872386147081852,0.0,hard_fault_cluster
136,N8737,control0,-0.8810792565345764,1.0009107254445553,0.8691567957401275,-0.8810792565345764,0.28365999460220337,0.8844676099717617,0.7555793941020965,0.0028365999460220337,-0.006046891212463379,-0.0056883227080106735,-0.0056883227080106735,0.2391326177492738,0.015525393187999725,0.0795324444770813,-0.007447324693202972,67770.53125,27701.13671875,40069.3984375,67782.71875,27665.677734375,40117.0390625,-0.0001798347948351875,0.001280055264942348,-0.0011889528250321746,-0.01798347948351875,1.8305109906941652,1.102521557789296,1.6220322367735207,1.0901070606522263,0.9834537059068681,0.8989995324611664,1.0009107254445553,190.21837597481414,190.21837597481414,greedy,1.0009107254445553,0.0,hard_fault_cluster
137,N10801,control1,-0.8913407325744629,1.0920242667198181,1.0077089309692382,-0.8913407325744629,0.27960336208343506,0.9494538053870201,1.092033392190933,0.002796033620834351,-0.01572534441947937,-0.0057928357273340225,-0.0057928357273340225,-0.06385761648416521,0.013676255941390991,0.06988577544689178,-0.007878124713897705,67782.84375,27665.736328125,40117.109375,67773.296875,27726.548828125,40046.74609375,0.00014084500435274094,-0.0021981161553412676,0.001753946882672608,0.014084500435274094,1.6414361204952002,0.8170617985725402,1.4360782257281244,0.8138331162929534,1.0821741938591003,1.0681748017668724,1.0920242667198181,191.31040024153396,191.31040024153396,greedy,1.0920242667198181,0.0,hard_fault_cluster
138,N1712,observe,-0.5260145664215088,1.6648983657360077,1.8424204230308532,-0.5260145664215088,0.28494375944137573,1.235055886209011,1.1131955564022062,0.002849437594413757,-0.016109555959701538,-0.00714186392724514,-0.00714186392724514,-0.2816430643200875,0.020451415330171585,0.07951237261295319,-0.003328755497932434,67772.9921875,27726.259765625,40046.734375,67454.46875,27665.390625,39789.078125,0.004699857905507088,0.002195360604673624,0.006433889269828796,0.46998579055070877,2.322943428531289,1.8530302953720095,2.114592006895691,1.8757021498680115,1.684077537059784,1.7087948594987394,1.6648983657360077,192.97529860726996,192.97529860726996,greedy,1.6648983657360077,0.0,hard_fault_cluster
139,N8756,control0,-0.7703546285629272,1.0599520834162832,0.9981946766376495,-0.7703546285629272,0.27590280771255493,1.0259958701208234,0.8254912853240965,0.002759028077125549,-0.00930437445640564,-0.002801811322569847,-0.002801811322569847,0.292818121984601,0.01847032830119133,0.0809078961610794,-0.00521329790353775,67454.8203125,27665.71875,39789.1015625,67667.0625,27703.3515625,39963.70703125,-0.0031464346684515476,-0.001360268797725439,-0.004388273693621159,-0.31464346684515476,2.120133826509118,1.153282949142158,1.9153080792166293,1.1466438381001354,1.0356619328260421,1.1114675485342742,1.0599520834162832,194.03525069068624,194.03525069068624,greedy,1.0599520834162832,0.0,hard_fault_cluster
140,N6906,observe,-0.8382301926612854,1.0612975403666496,0.921862107515335,-0.8382301926612854,0.27195608615875244,0.9955908700823783,0.8515408277511596,0.0027195608615875246,-0.012782305479049683,-0.0032969247549772263,-0.0032969247549772263,-0.10317110300064092,0.01925894245505333,0.08449533581733704,-0.005532369017601013,67666.8125,27703.31640625,39963.5,67749.4921875,27723.095703125,40026.3984375,-0.0012218647170811892,-0.0007139685330912471,-0.0015738970832899213,-0.12218647170811892,2.194553406909108,1.2413860404491426,1.9930590358562768,1.2464609944820404,1.1236280858516692,0.9664353702962398,1.0612975403666496,195.09654823105288,195.09654823105288,greedy,1.0612975403666496,0.0,hard_fault_cluster
141,N8652,control0,-0.9203769564628601,1.0196622371673585,0.8905291974544525,-0.9203769564628601,0.2702093720436096,0.9549036338925362,0.8132640421390533,0.0027020937204360962,-0.004197418689727783,-0.0019412394613027573,-0.0019412394613027573,0.29171573855914174,0.01939500868320465,0.08754099905490875,-0.0057421475648880005,67748.671875,27722.03515625,40026.63671875,67878.25,27732.80859375,40145.4375,-0.001912629697471857,-0.0003886236227117479,-0.002968043088912964,-0.1912629697471857,2.207769000902772,1.5743803147552535,2.006567901466042,1.576542175221257,1.1099588051438332,1.0388293551653625,1.0196622371673585,196.11621046822023,196.11621046822023,greedy,1.0196622371673585,0.0,hard_fault_cluster
142,N16601,control1,-0.8248125314712524,1.132753063738346,1.0866071820259093,-0.8248125314712524,0.27455568313598633,1.017546632885933,1.2636450111865996,0.0027455568313598635,-0.017746329307556152,-0.005019882693886757,-0.005019882693886757,-0.18325199455022817,0.02144768461585045,0.08738100528717041,-0.004759997129440308,67878.3671875,27733.197265625,40145.171875,67787.15625,27765.56640625,40021.5859375,0.0013437408488243818,-0.001167162205092609,0.0030784758273512125,0.13437408488243818,2.4143042620271444,1.448960062265396,2.2121524116955698,1.437737807035446,1.2871136754751205,1.2901218029856683,1.132753063738346,197.24896353195857,197.24896353195857,greedy,1.132753063738346,0.0,hard_fault_cluster
143,N16600,control1,-0.7716442346572876,1.1922299474477767,1.1071799635887145,-0.7716442346572876,0.27984923124313354,1.0789754673838614,1.2513812124729156,0.0027984923124313357,-0.024586379528045654,-0.002434520050883293,-0.002434520050883293,-0.0940202662348748,0.022192079573869705,0.08749422430992126,-0.004126876592636108,67787.140625,27765.5625,40021.58203125,67832.984375,27830.638671875,40002.34765625,-0.000676289782859385,-0.0023437729105353355,0.00048060007975436747,-0.0676289782859385,2.4966226685792208,1.5731136679649353,2.288561635185033,1.486947810649872,1.245422139763832,1.256210162565112,1.1922299474477767,198.44119347940634,198.44119347940634,greedy,1.1922299474477767,0.0,hard_fault_cluster
144,N8707,control1,-0.6378358602523804,1.6509130313992502,1.297531497478485,-0.6378358602523804,0.2906482219696045,1.573500297963619,1.4344722747802734,0.002906482219696045,-0.028759866952896118,0.003761773928999901,0.003761773928999901,1.9394756361842156,0.024429187178611755,0.0898975282907486,-0.0021323636174201965,67832.8671875,27830.439453125,40002.4296875,67811.578125,27844.390625,39967.19140625,0.0003138458414468914,-0.0005012918263673782,0.0008809035061858594,0.03138458414468914,2.73732871375978,2.160852855443954,2.5165212168358266,2.138788253068924,1.4807449758052824,1.471434932425618,1.6509130313992502,200.0921065108056,200.0921065108056,greedy,1.6509130313992502,0.0,hard_fault_cluster
145,N14444,control0,-0.3716261386871338,2.0561273962259294,2.310372233390808,-0.3716261386871338,0.2900785207748413,1.3412504211068152,1.091078197956085,0.002900785207748413,-0.0345093309879303,0.0011952761560678482,0.0011952761560678482,-0.6757696115970613,0.026232361793518066,0.09151256084442139,-0.0009509846568107605,67811.9375,27844.8984375,39967.0390625,67295.734375,27664.830078125,39630.90625,0.007612274959683418,0.006466834805905819,0.008410250768065453,0.7612274959683418,2.914509976282716,2.8151138710975645,2.696054628584534,2.797432963848114,2.142536497116089,2.29418178409338,2.0561273962259294,202.1482339070315,202.1482339070315,greedy,2.0561273962259294,0.0,hard_fault_cluster
146,N14445,control0,-0.31984850764274597,1.6763394817709922,3.056856870651245,-0.31984850764274597,0.2792280316352844,0.9811722615361214,1.345865947008133,0.0027922803163528444,-0.04266718029975891,0.0017148423939943314,0.0017148423939943314,-0.5531769058108329,0.024600189179182053,0.07654674351215363,0.003065355122089386,67295.78125,27664.80078125,39630.9765625,67169.8984375,27644.521484375,39525.375,0.0018705899128690362,0.0007330360822379589,0.0026646216865628958,0.18705899128690362,2.740961791947484,1.5515432810783387,2.530254636425525,1.5776804423332216,1.5708803445100785,2.641338040083647,1.6763394817709922,203.8245733888025,203.8245733888025,greedy,1.6763394817709922,0.0,hard_fault_cluster
147,N8561,control1,-0.3688701093196869,1.6233950302004814,1.490347647666931,-0.3688701093196869,0.28698283433914185,1.3642913341522216,1.3035941004753113,0.0028698283433914186,-0.02776491641998291,0.0016451794654130936,0.0016451794654130936,0.19280103653669356,0.023882213979959488,0.07827632129192352,0.002626132220029831,67171.1875,27644.94140625,39526.25,67354.3828125,27763.03515625,39591.34765625,-0.0027272901497781277,-0.0042718034237623215,-0.0016469474649056792,-0.27272901497781277,2.6768494118005037,1.254685927927494,2.4603784014470875,1.2714444771409035,1.4081702157855034,1.3527380871772765,1.6233950302004814,205.44796841900296,205.44796841900296,greedy,1.6233950302004814,0.0,hard_fault_cluster
148,N8556,control0,-0.6002599596977234,1.2891232892870903,0.8867887452244758,-0.6002599596977234,0.27578026056289673,1.0263499453663825,0.7520913004875183,0.0027578026056289673,-0.019015997648239136,0.0036311056464910507,0.0036311056464910507,0.9493870776891709,0.02239546924829483,0.08459275960922241,-0.00101403146982193,67354.734375,27763.08203125,39591.65625,67400.5078125,27610.263671875,39790.24609375,-0.0006795875378884375,0.005504372995346785,-0.005015952046960592,-0.06795875378884375,2.518958291038871,1.180083242058754,2.30939976638183,1.1747221499681473,1.053586432337761,0.8312992503494026,1.2891232892870903,206.73709170829005,206.73709170829005,greedy,1.2891232892870903,0.0,hard_fault_cluster
149,N3153,control0,-0.2831997275352478,1.875663410127163,3.1673269391059873,-0.2831997275352478,0.2792350649833679,1.2830876320600508,2.4961377203464505,0.0027923506498336794,-0.030654817819595337,0.00011364929378032684,0.00011364929378032684,-0.42046390682458884,0.02407878264784813,0.08593650162220001,0.00021610036492347717,67399.375,27610.3125,39789.0625,66944.7109375,27507.01171875,39437.69921875,0.0067458199337124825,0.003741384018212557,0.00883064977824688,0.6745819933712482,2.687226979061961,1.6371965992450712,2.4777154433541,1.6454313027858734,1.9442297697067261,3.224354856908321,1.875663410127163,208.61275511841723,208.61275511841723,greedy,1.875663410127163,0.0,hard_fault_cluster
150,N14468,control0,-0.30535873770713806,1.8898658934980632,3.059284675121307,-0.30535873770713806,0.2699260115623474,1.1065778025612234,0.5150740385055542,0.002699260115623474,-0.046058475971221924,0.002534443512558937,0.002534443512558937,0.438628976792097,0.022515982389450073,0.07547783851623535,0.0022363290190696716,66944.2890625,27506.505859375,39437.78125,66838.6015625,27487.740234375,39350.859375,0.0015787380980327725,0.0006822249852120876,0.002204025397077203,0.15787380980327725,2.5240586940199137,1.5457786832004785,2.319713352713734,1.5594184670597315,1.5876501202583313,2.1418163418769836,1.8898658934980632,210.5026210119153,210.5026210119153,greedy,1.8898658934980632,0.0,hard_fault_cluster
151,N8637,control0,-0.35363632440567017,1.391603773832321,2.0670589804649353,-0.35363632440567017,0.2618548274040222,0.9322832450270653,0.4887810051441192,0.002618548274040222,-0.02979642152786255,-0.0008276607841253281,-0.0008276607841253281,-0.36892384797334676,0.022888198494911194,0.07768574357032776,0.0015115030109882355,66837.859375,27486.8671875,39350.9921875,66402.2421875,27221.810546875,39180.4296875,0.006517521571367979,0.009643028490245342,0.004334388766437769,0.6517521571367979,2.5498470161110163,1.3471643733978271,2.3540766411460936,1.3139404940605164,1.440416920185089,1.736802309602499,1.391603773832321,211.8942247857476,211.8942247857476,greedy,1.391603773832321,0.0,hard_fault_cluster
152,N1021,observe,-0.5262758731842041,1.0828766115009785,1.1997113108634947,-0.5262758731842041,0.255954384803772,0.9115007422864436,0.5201732337474823,0.0025595438480377195,-0.03506973385810852,0.005671361461281776,0.005671361461281776,1.2582599133253098,0.0222165584564209,0.07474696636199951,0.0025782324373722076,66397.71875,27209.58984375,39188.1328125,66751.015625,27428.3984375,39322.6171875,-0.005320918746292591,-0.008041598834097385,-0.0034317628014832735,-0.5320918746292591,2.4832815919071436,1.304721845984459,2.2870622822083533,1.404962219595909,0.8648397281765938,1.2298814218491316,1.0828766115009785,212.9771013972486,212.9771013972486,greedy,1.0828766115009785,0.0,hard_fault_cluster
153,N12506,observe,-0.5538813471794128,1.065684349089861,1.1965194821357725,-0.5538813471794128,0.2512906789779663,0.9139319320768118,0.621019721031189,0.002512906789779663,-0.04822498559951782,0.01307017169892788,0.01307017169892788,1.213273458480835,0.025031678378582,0.08015550673007965,0.002413574606180191,66755.96875,27441.3359375,39314.6328125,66865.8203125,27552.255859375,39313.5625,-0.0016455691074952483,-0.004042074549943209,2.7224277800996788e-05,-0.16455691074952483,2.7675286885350943,1.6701959687471388,2.5692580505274236,1.6329998451471328,0.9836424365639687,1.2431260765343906,1.065684349089861,214.04278574633844,214.04278574633844,greedy,1.065684349089861,0.0,hard_fault_cluster
154,N1713,observe,-0.3232354521751404,1.859479210153222,1.9656978487968444,-0.3232354521751404,0.25146710872650146,1.3662508919462562,1.2580638885498048,0.0025146710872650147,-0.050133079290390015,0.02161415107548237,0.02161415107548237,0.5412691888213157,0.03220757469534874,0.10262845456600189,0.0023788176476955414,66865.4765625,27552.029296875,39313.4453125,66697.8515625,27487.5390625,39210.3125,0.0025068989489227533,0.002340670907869935,0.0026233470998704433,0.25068989489227533,3.493838729336858,1.8690228186547755,3.28902778448537,1.8440118633210658,1.662206518650055,1.8085048494488,1.859479210153222,215.90226495649165,215.90226495649165,greedy,1.859479210153222,0.0,hard_fault_cluster
155,N8674,control0,-0.637030303478241,1.1849571567028763,0.9452100217342376,-0.637030303478241,0.23547802865505219,1.0726710822433234,0.8205407619476317,0.002354780286550522,-0.04052543640136719,0.024236740544438362,0.024236740544438362,0.4450663235783577,0.028746284544467926,0.10375380516052246,-0.0009660795331001282,66698.1328125,27487.45703125,39210.67578125,66955.0390625,27503.501953125,39451.5390625,-0.0038517757784575224,-0.000583717948757112,-0.006142798345535994,-0.38517757784575224,3.134343223646283,1.2727307090163231,2.9395571467466652,1.2618071445822716,1.110745906829834,1.186032706424594,1.1849571567028763,217.0872221131945,217.0872221131945,greedy,1.1849571567028763,0.0,hard_fault_cluster
156,N3117,control0,-0.38244107365608215,2.481613674014807,2.516936707496643,-0.38244107365608215,0.24629245698451996,2.1471336893737316,1.6847509026527403,0.0024629245698451997,-0.054734379053115845,0.02275734581053257,0.02275734581053257,0.62487682483159,0.02992824837565422,0.10483258962631226,-0.0004773363471031189,66955.25,27504.044921875,39451.203125,66535.3828125,27408.138671875,39127.2421875,0.006270862650126219,0.003486987203359604,0.008211687207221985,0.6270862650126219,3.2618746403604746,1.987494456213899,3.060087288264185,1.9578601235570385,2.427596634626388,2.6331991103291505,2.481613674014807,219.5688357872093,219.5688357872093,greedy,2.481613674014807,0.0,hard_fault_cluster
157,N4944,control1,-0.3987806737422943,2.849580603092909,1.9702781796455384,-0.3987806737422943,0.2026638239622116,0.6117222256958483,-0.10347262918949127,0.0020266382396221163,-0.06790930032730103,0.05089167505502701,0.05089167505502701,4.866106687411666,0.025776345282793045,0.07328717410564423,-0.0012223497033119202,66540.4609375,27408.75,39131.7109375,66493.640625,27359.916015625,39133.72265625,0.0007036367314867675,0.0017816931940615177,-5.140891516930424e-05,0.07036367314867675,2.831190027296543,1.879332722276449,2.641023403033614,1.863508463948965,1.2949121788144111,1.1992474767565726,2.849580603092909,222.4184163903022,222.4184163903022,greedy,2.849580603092909,0.0,hard_fault_cluster
158,N10826,control1,-0.5193927884101868,1.4031612830905942,1.2579724192619324,-0.5193927884101868,0.22882391512393951,0.7880438689565926,0.656606501340866,0.002288239151239395,-0.033980876207351685,0.03553242236375809,0.03553242236375809,1.445871073349408,0.023641780018806458,0.08821725845336914,-0.002489037811756134,66487.0703125,27358.529296875,39128.54296875,66448.1953125,27311.927734375,39136.265625,0.0005847001448273659,0.0017033650074154139,-0.00019736631656996906,0.05847001448273659,2.6285343393683434,0.41152201835429875,2.43026708625257,0.36236734558260647,0.9856679539079778,1.0107295288023306,1.4031612830905942,223.8215776733928,223.8215776733928,greedy,1.4031612830905942,0.0,hard_fault_cluster
159,N8706,control1,-0.3020506203174591,2.6151815205812454,2.1930110454559326,-0.3020506203174591,0.2508421540260315,1.708088899552822,1.3339830875396728,0.002508421540260315,-0.025350093841552734,0.048882462084293365,0.048882462084293365,2.1103879129886627,0.026182856410741806,0.08893537521362305,0.0016382187604904175,66447.703125,27311.5,39136.20703125,66633.875,27445.296875,39188.58203125,-0.002801780356094241,-0.004898920655250549,-0.0013382748002186418,-0.2801780356094241,2.9180102571845055,2.0738122886419297,2.693216795101762,2.0479331439733506,1.861247408390045,1.7786930406093595,2.6151815205812454,226.43675919397404,226.43675919397404,greedy,2.6151815205812454,0.0,hard_fault_cluster
160,N3072,control0,0.15320105850696564,4.210216008126736,3.3495214104652407,0.15320105850696564,0.25949031114578247,2.3121297856420275,1.339544916152954,0.0025949031114578247,0.05204591155052185,0.0823870450258255,0.0823870450258255,3.713898997679353,0.018068935722112656,0.03540949523448944,0.009509660303592682,66634.546875,27446.0234375,39188.5234375,66288.9921875,27342.671875,38946.3203125,0.005185818765312433,0.0037656298372894526,0.006180460564792156,0.5185818765312433,2.1487709283828735,0.8136997757107018,1.8923629112541676,0.7469711167365312,2.632573004812002,2.30586117785424,4.210216008126736,230.64697520210078,230.64697520210078,greedy,4.210216008126736,0.0,hard_fault_cluster
161,N2965,control0,0.22037678956985474,2.1161452278494837,1.8902675271034237,0.22037678956985474,0.2679537534713745,2.125265885144472,2.1628918290138244,0.002679537534713745,0.045895546674728394,0.08052806556224823,0.08052806556224823,0.3320583228766918,0.015756163746118546,0.03537076711654663,0.00804901123046875,66288.96875,27342.66015625,38946.30859375,66022.953125,27250.869140625,38772.0859375,0.0040129697881639,0.0033570623490959406,0.004473406355828047,0.40129697881639004,1.9240981936454773,0.611634084507823,1.6627368293702602,0.5805991082638502,2.062039726227522,2.163283735513687,2.1161452278494837,232.76312042995025,232.76312042995025,greedy,2.1161452278494837,0.0,hard_fault_cluster
162,N3054,control0,0.26623544096946716,2.804243339598179,3.5779413938522335,0.26623544096946716,0.2751513123512268,3.0142570808529854,3.881652784347534,0.0027515131235122683,0.04171472787857056,0.07945596426725388,0.07945596426725388,-0.1877250039577485,0.013175100088119507,0.034578509628772736,0.007057201117277145,66022.9140625,27250.845703125,38772.0703125,65829.609375,27187.21875,38642.390625,0.002927842317149043,0.0023348615504801273,0.003344667609781027,0.2927842317149043,1.6721172854304314,0.963307048380375,1.4061618279665709,0.9291164532303811,2.7669736981391906,3.6609070232510565,2.804243339598179,235.56736376954842,235.56736376954842,greedy,2.804243339598179,0.0,hard_fault_cluster
163,N2938,control0,0.3085693418979645,4.381336711347103,4.869077920913696,0.3085693418979645,0.28215187788009644,3.328022886812687,3.8639083862304684,0.0028215187788009645,0.038919657468795776,0.07663283497095108,0.07663283497095108,0.2590868145227432,0.010978877544403076,0.03427211940288544,0.006111901253461838,65829.5703125,27187.193359375,38642.375,65688.3203125,27138.578125,38549.7421875,0.002145692240446806,0.001788166700862348,0.0023971821647137403,0.2145692240446806,1.4566724672913551,1.0987272903323175,1.1875839326530695,1.05732489079237,3.5448732167482375,4.162619144506753,4.381336711347103,239.94870048089552,239.94870048089552,greedy,4.381336711347103,0.0,hard_fault_cluster
164,N2947,control0,0.3470350205898285,5.682605336606503,5.999999999999999,0.3470350205898285,0.2882358431816101,3.422404606640339,3.7307074069976807,0.002882358431816101,0.03835493326187134,0.07091129571199417,0.07091129571199417,0.31187417924404137,0.009278260171413422,0.03392675518989563,0.005215510725975037,65688.2890625,27138.552734375,38549.734375,65590.609375,27104.818359375,38485.79296875,0.0014870183076709509,0.0012430425267666578,0.0016586730489507318,0.1487018307670951,1.2869731560349464,1.4788956087827683,1.0176128018647432,1.404265586733818,4.10884357392788,4.534527517333627,5.682605336606503,245.63130581750204,245.63130581750204,greedy,5.682605336606503,0.0,hard_fault_cluster
165,N3099,control0,0.37898415327072144,5.778151518106461,5.999999999999999,0.37898415327072144,0.2936456799507141,3.8555953383445734,3.9989312171936033,0.002936456799507141,0.039006590843200684,0.06470710039138794,0.06470710039138794,0.5637598264217376,0.007642712444067001,0.0335361510515213,0.0043315403163433075,65590.5703125,27104.787109375,38485.78125,65536.734375,27084.328125,38452.41015625,0.0008207877399399877,0.0007548107532784343,0.0008671018877066672,0.08207877399399877,1.1226240247488022,1.7936155954003334,0.8538594394922256,1.6985262194275856,4.397714787721634,4.683510437831283,5.778151518106461,251.4094573356085,251.4094573356085,greedy,5.778151518106461,0.0,hard_fault_cluster
166,N3135,control0,0.4072889983654022,5.80487897247076,5.999999999999999,0.4072889983654022,0.2998548150062561,3.6324450999498366,3.824868607521057,0.002998548150062561,0.037536174058914185,0.06264880299568176,0.06264880299568176,0.9910212820768356,0.005807396024465561,0.03322051465511322,0.003268267959356308,65536.71875,27084.328125,38452.39453125,65512.953125,27071.962890625,38440.9921875,0.000362630671588704,0.0004565457347780466,0.0002965314488392323,0.0362630671588704,0.943243220448494,1.8419645239040254,0.6713655069470406,1.7875746895000337,4.194573359191418,4.5933487052470445,5.80487897247076,257.2143363080793,257.2143363080793,greedy,5.80487897247076,0.0,hard_fault_cluster
167,N2916,control0,0.4325152635574341,5.756977616110817,5.999999999999999,0.4325152635574341,0.3057156205177307,3.227790851346217,3.3807581186294557,0.003057156205177307,0.03733602166175842,0.060548871755599976,0.060548871755599976,1.365337670445442,0.004156582057476044,0.03277631849050522,0.002368733286857605,65512.921875,27071.94921875,38440.97265625,65524.67578125,27065.88671875,38458.7890625,-0.00017941356054507196,0.00022394028201233596,-0.00046347439638338983,-0.017941356054507196,0.7819226980209351,1.8780439171195031,0.507224328815937,1.8188144239783288,3.9080143064260486,4.381929247230292,5.756977616110817,262.9713139241901,262.9713139241901,greedy,5.756977616110817,0.0,hard_fault_cluster
168,N3009,control0,0.4560537040233612,5.691440785769373,5.999999999999999,0.4560537040233612,0.3113359212875366,2.899500950714573,2.945008945465088,0.003113359212875366,0.03716501593589783,0.058089472353458405,0.058089472353458405,1.4498953351378439,0.0025933384895324707,0.03209695965051651,0.0015859156847000122,65524.63671875,27065.86328125,38458.7734375,65570.265625,27064.16796875,38506.09375,-0.0006963625783100724,6.26365581410937e-05,-0.0012304165866225958,-0.06963625783100724,0.6287592425942421,1.9482472385466099,0.3516901973634958,1.8584848488867283,3.7339367732405666,4.194296311587095,5.691440785769373,268.6627547099595,268.6627547099595,greedy,5.691440785769373,0.0,hard_fault_cluster
169,N3045,control0,0.47752052545547485,5.696613699570298,5.999999999999999,0.47752052545547485,0.3166661262512207,2.7814726474508644,2.8289307355880737,0.003166661262512207,0.03907853364944458,0.0554160475730896,0.0554160475730896,1.4127567028999328,0.0011066049337387085,0.03127030283212662,0.0008605122566223145,65570.203125,27064.1328125,38506.07421875,65640.96875,27064.0546875,38576.9140625,-0.0010792345274239779,2.8866618322354043e-06,-0.0018397057428956032,-0.10792345274239779,0.48274266719818115,2.163114042431116,0.20368103682994843,2.1196014596521855,3.7073565363883976,4.091397502422334,5.696613699570298,274.3593684095298,274.3593684095298,greedy,5.696613699570298,0.0,hard_fault_cluster
170,N8651,control0,0.4795152246952057,5.641001762449741,5.999999999999999,0.4795152246952057,0.3198279142379761,2.6097546310722826,2.764187920093536,0.003198279142379761,0.05076026916503906,0.046089693903923035,0.046089693903923035,0.921244260072708,0.0051765963435173035,0.04268632084131241,0.000481434166431427,65639.7734375,27062.8359375,38576.9375,65712.953125,26944.78515625,38768.171875,-0.0011148680932819843,0.004362099338322878,-0.004957220051437616,-0.11148680932819843,0.8835772424936295,4.397424311935902,0.6091390363872051,4.464796681702137,4.11201577782631,4.4868063339591036,5.641001762449741,280.0003701719795,280.0003701719795,greedy,5.641001762449741,0.0,hard_fault_cluster
171,N3018,control0,0.4599061906337738,5.839920537173748,5.604893589019775,0.4599061906337738,0.3242952227592468,2.8216613321006294,1.9178202271461484,0.003242952227592468,0.046721965074539185,0.04866516590118408,0.04866516590118408,2.1767696303129194,0.0008861571550369263,0.036830656230449677,0.00026939064264297485,65714.0703125,26945.951171875,38768.1171875,65836.8125,27058.08203125,38778.73046875,-0.001867822022177279,-0.004161324817687273,-0.0002737631439231336,-0.1867822022177279,0.46157610416412354,2.5972005778551104,0.18185581266880035,2.3921369963884356,3.8075066030025484,3.7577742105722427,5.839920537173748,285.84029070915324,285.84029070915324,greedy,5.839920537173748,0.0,hard_fault_cluster
172,N2992,control0,0.48249152302742004,5.814162060618401,5.999999999999999,0.48249152302742004,0.3303316831588745,2.7991028934717175,2.226239264011383,0.003303316831588745,0.04741796851158142,0.04676566272974014,0.04676566272974014,2.3418644815683365,-0.0008482187986373901,0.033905334770679474,-0.00019827485084533691,65836.8125,27058.115234375,38778.6953125,65834.890625,27079.48828125,38755.40234375,2.9191494832048193e-05,-0.0007898941403254867,0.0006006640614941716,0.0029191494832048193,0.29227546602487564,2.9712257009744647,0.00945245660841465,2.6849039417505267,3.7227399885654453,3.9136195513606076,5.814162060618401,291.65445276977164,291.65445276977164,greedy,5.814162060618401,0.0,hard_fault_cluster
173,N8649,control0,0.4985443651676178,5.660907369852066,5.999999999999999,0.4985443651676178,0.3312714099884033,2.4313228076696394,1.927407097816467,0.0033127140998840334,0.05148729681968689,0.037416428327560425,0.037416428327560425,1.0263406994938848,0.0034714415669441223,0.04380813241004944,-0.0005749836564064026,65833.8046875,27078.279296875,38755.5234375,65765.0390625,26935.38671875,38829.65234375,0.0010445336811244488,0.005277018528431654,-0.0019127314444631338,0.10445336811244488,0.715831995010376,5.102599975913763,0.43931611627340317,4.859817144721746,4.036820697784424,4.223876147270203,5.660907369852066,297.3153601396237,297.3153601396237,greedy,5.660907369852066,0.0,hard_fault_cluster
174,N3027,control0,0.45559221506118774,4.951785057783127,4.312622046470642,0.45559221506118774,0.3358902335166931,2.619539461433887,1.6077044010162354,0.003358902335166931,0.04838079214096069,0.03930431604385376,0.03930431604385376,2.683520285487175,-0.0004259571433067322,0.03717084974050522,-0.0005688667297363281,65766.015625,26936.54296875,38829.4765625,65876.953125,27061.677734375,38815.2734375,-0.0016868514940142632,-0.004645538982003927,0.0003657820343505591,-0.16868514940142632,0.33259883522987366,2.062785752415657,0.0512029230594635,1.9348526078462602,3.135902166366577,2.911132792532444,4.951785057783127,302.2671451974068,302.2671451974068,greedy,4.951785057783127,0.0,hard_fault_cluster
175,N3063,control0,0.46590280532836914,5.981132051348686,5.999999999999999,0.46590280532836914,0.3400754928588867,2.9843806475400925,2.079351580142975,0.003400754928588867,0.045484691858291626,0.03829728811979294,0.03829728811979294,2.5857793956995008,-0.00199030339717865,0.03413748741149902,-0.0008493512868881226,65876.8984375,27061.6484375,38815.25,65845.0546875,27074.630859375,38770.421875,0.0004833826678805053,-0.0004797350848093629,0.0011549100745469332,0.04833826678805053,0.17934244126081467,2.5445128577947616,-0.10443714447319508,2.349871148467064,3.7179190158843998,3.8147153797745705,5.981132051348686,308.2482772487555,308.2482772487555,greedy,5.981132051348686,0.0,hard_fault_cluster
176,N8636,control0,0.46238207817077637,5.823261372745037,5.999999999999999,0.46238207817077637,0.33810895681381226,2.617205037027597,1.9198473453521727,0.0033810895681381224,0.04663938283920288,0.032599709928035736,0.032599709928035736,1.7227639305591582,0.0022616535425186157,0.04208512604236603,-0.0014448538422584534,65843.890625,27073.34765625,38770.5390625,65725.34375,26900.240234375,38825.10546875,0.0018004232551902533,0.006394016090780497,-0.0014074193313717842,0.18004232551902533,0.5968740209937096,5.01343736410141,0.31884252093732357,4.523188993930816,3.98260247707367,4.207163656055927,5.823261372745037,314.07153862150057,314.07153862150057,greedy,5.823261372745037,0.0,hard_fault_cluster
177,N3162,control0,0.42436614632606506,4.522924280166626,3.5628041267395014,0.42436614632606506,0.34171247482299805,2.935456462353468,1.7783095598220824,0.0034171247482299803,0.03979030251502991,0.03583919256925583,0.03583919256925583,3.6435893838107587,-0.0014840364456176758,0.03591529279947281,-0.0015264153480529785,65726.4609375,26901.46875,38824.9921875,65839.1328125,27025.345703125,38813.7890625,-0.0017142543802037835,-0.0046048397198319435,0.00028855446726083755,-0.17142543802037835,0.2291480228304863,2.0132442058622835,-0.05401572771370411,1.8819079340994356,2.943828956782818,2.8062746428698304,4.522924280166626,318.5944629016672,318.5944629016672,greedy,4.522924280166626,0.0,hard_fault_cluster
178,N8648,control0,0.42381787300109863,5.6958593100309365,5.315474653244018,0.42381787300109863,0.33833444118499756,2.814823738336563,1.691103458404541,0.0033833444118499755,0.04362154006958008,0.028466159477829933,0.028466159477829933,2.3353357714414598,0.002835281193256378,0.043459683656692505,-0.001511402428150177,65838.3046875,27024.205078125,38814.1015625,65697.578125,26842.44921875,38855.12890625,0.0021374572534114122,0.006725668907165527,-0.001057021552696824,0.21374572534114122,0.6503287199884653,5.610147831439972,0.3752282694913447,5.710490772724152,4.184457057714463,3.997973865568638,5.6958593100309365,324.29032221169814,324.29032221169814,greedy,5.6958593100309365,0.0,hard_fault_cluster
179,N2956,control0,0.3905632793903351,3.9445885479450222,2.835484385490417,0.3905632793903351,0.34201186895370483,2.8732910162210463,1.7003633618354796,0.0034201186895370483,0.036786556243896484,0.031023303046822548,0.031023303046822548,3.9752885830402374,-0.0008634254336357117,0.03786763548851013,-0.001652047038078308,65698.40625,26843.56640625,38854.84375,65821.8984375,26984.958984375,38836.94140625,-0.001879683113656938,-0.0052672796882689,0.00046074934653006494,-0.1879683113656938,0.2866926286369562,2.07706882417202,0.0069162496365606785,1.896621841788292,2.6411449849605564,2.3836343879997735,3.9445885479450222,328.2349107596432,328.2349107596432,greedy,3.9445885479450222,0.0,hard_fault_cluster
180,N3144,control0,0.3970443904399872,5.487051433324814,4.7978143930435175,0.3970443904399872,0.34454041719436646,3.1986571407318114,2.101908564567566,0.0034454041719436646,0.033267587423324585,0.03085126169025898,0.03085126169025898,3.3753791320323945,-0.002460852265357971,0.03616216033697128,-0.001711338758468628,65821.7578125,26984.9140625,38836.84375,65785.3046875,26998.552734375,38786.75,0.0005538157420232892,-0.0005054184002801776,0.001289851265028119,0.05538157420232892,0.12930645234882832,2.3463003134727476,-0.15223730681464076,2.1594802832603452,3.5094116568565368,3.43403201520443,5.487051433324814,333.721962192968,333.721962192968,greedy,5.487051433324814,0.0,hard_fault_cluster
181,N8022,control0,0.3984597623348236,5.238762682676315,4.765218067169189,0.3984597623348236,0.3458787202835083,3.2052028331160543,2.223149991035461,0.003458787202835083,0.03180098533630371,0.028861189261078835,0.028861189261078835,3.3095013159513473,-0.003400832414627075,0.03396134078502655,-0.0020360127091407776,65784.53125,26997.080078125,38787.453125,65749.09375,26995.87109375,38753.22265625,0.0005386904813349247,4.478204209590331e-05,0.0008825139375403523,0.05386904813349247,0.034656668081879616,2.472230742871761,-0.24639826407656074,2.269295047223568,3.4147419005632402,3.4909502463042736,5.238762682676315,338.96072487564436,338.96072487564436,greedy,5.238762682676315,0.0,hard_fault_cluster
182,N8653,control0,0.3890993595123291,4.802827900648118,4.420218276977539,0.3890993595123291,0.3401219844818115,2.7362384551763537,1.8118667364120482,0.0034012198448181152,0.03701663017272949,0.02336154319345951,0.02336154319345951,2.905682909488678,0.0013140290975570679,0.039791420102119446,-0.0015762746334075928,65748.46875,26995.939453125,38752.53125,65567.3515625,26783.515625,38783.8359375,0.0027546982746571302,0.007868732325732708,-0.0008078101091086864,0.275469827465713,0.4948864374309778,6.117419531345367,0.22227379167452455,5.786000635623932,3.748240566253662,3.81357561469078,4.802827900648118,343.7635527762925,343.7635527762925,greedy,4.802827900648118,0.0,hard_fault_cluster
183,N840,control1,0.5044829249382019,5.314703416824341,4.914530849456787,0.5044829249382019,0.35095471143722534,3.754472705721855,3.692080855369568,0.0035095471143722534,0.026521384716033936,0.02198929525911808,0.02198929525911808,3.0369461286067962,0.0010713785886764526,0.03871928155422211,-0.00017181038856506348,65571.90625,26782.546875,38789.359375,66083.8046875,27219.3984375,38864.40625,-0.007806673180311918,-0.016311053186655045,-0.0019347283523529768,-0.7806673180311918,0.4800818655639887,3.8569820606708527,0.20037386054173112,3.7607248508930207,3.781717395782471,4.340768917798996,5.314703416824341,349.07825619311683,349.07825619311683,greedy,5.314703416824341,0.0,hard_fault_cluster
184,N839,control1,0.6083598732948303,6.519011715054512,5.999999999999999,0.6083598732948303,0.3566245436668396,4.9866053894162174,4.451563191413879,0.003566245436668396,0.021676689386367798,0.01719907857477665,0.01719907857477665,2.750639141499996,0.0020065084099769592,0.03606773167848587,0.0005331560969352722,66085.875,27220.79296875,38865.0859375,66363.9609375,27445.978515625,38917.984375,-0.004207948222756386,-0.008272556588053703,-0.0013610785827040672,-0.4207948222756386,0.5744744632393122,6.278953055739402,0.2941067465581,6.330354480147362,5.0446064040064815,5.378994162604213,6.519011715054512,355.5972679081713,355.5972679081713,greedy,6.519011715054512,0.0,hard_fault_cluster
185,N16602,control1,0.3524155914783478,4.642057763040066,4.913902711868285,0.3524155914783478,0.34263938665390015,3.1402281768620015,3.431178021430969,0.0034263938665390014,0.025708824396133423,0.012271003797650337,0.012271003797650337,2.5453184477984907,-0.00026669353246688843,0.029651910066604614,0.00023593753576278687,66355.625,27445.38671875,38910.234375,66549.375,27432.2734375,39117.1015625,-0.0029198729898780584,0.00047779546002857387,-0.005316523835062981,-0.29198729898780584,0.32824103720486164,2.291243139877915,0.06205824436619878,2.199297134056687,3.166766970604658,4.10709616344422,4.642057763040066,360.23932567121136,360.23932567121136,greedy,4.642057763040066,0.0,hard_fault_cluster
186,N16603,control1,0.2797415256500244,6.413466402888298,5.999999999999999,0.2797415256500244,0.33910852670669556,4.8053682580590245,4.448758053779602,0.0033910852670669556,0.0258331298828125,0.012365901842713356,0.012365901842713356,2.7447694095969197,0.0003026425838470459,0.030665919184684753,0.0013758838176727295,66549.5,27432.36328125,39117.1328125,66766.9609375,27507.013671875,39259.94921875,-0.0032676570117473602,-0.002721252618357539,-0.0036509938072413206,-0.326765701174736,0.3817386869341135,3.370679936558008,0.11813286552205682,3.348925433307886,4.6766665741801265,5.139833273217082,6.413466402888298,366.65279207409964,366.65279207409964,greedy,6.413466402888298,0.0,hard_fault_cluster
187,N18423,control1,0.2311670333147049,6.275110226869583,5.999999999999999,0.2311670333147049,0.3372342586517334,4.062175834476948,3.83561851978302,0.003372342586517334,0.02664130926132202,0.012380825355648994,0.012380825355648994,3.199845648407936,0.001069381833076477,0.031741589307785034,0.0025998614728450775,66766.796875,27506.8125,39259.984375,66993.5625,27597.53125,39396.03515625,-0.0033963832538574934,-0.0032980465330183506,-0.0034653805196285248,-0.33963832538574934,0.4565532673150301,4.180944081842899,0.1943419543094933,3.5937744346261025,4.243915984034539,4.7673197223246095,6.275110226869583,372.9279023009692,372.9279023009692,greedy,6.275110226869583,0.0,hard_fault_cluster
188,N4068,control1,0.5103278160095215,6.812656915187835,5.999999999999999,0.5103278160095215,0.3500967025756836,5.943726056814194,5.225628805160522,0.003500967025756836,0.016420304775238037,0.011354362592101097,0.011354362592101097,3.4490707886219023,0.0051537975668907166,0.034776732325553894,0.004562508314847946,66996.390625,27594.982421875,39401.41015625,67112.03125,27794.26953125,39317.7578125,-0.0017260725144296885,-0.007221860345453024,0.002123079961165786,-0.17260725144296885,0.8768308218568563,5.748047091960907,0.6057425229810178,5.104030253887176,5.459237688779831,5.616821237504482,6.812656915187835,379.74055921615707,379.74055921615707,greedy,6.812656915187835,0.0,hard_fault_cluster
189,N16775,control0,0.3741791546344757,6.105484533309936,5.840728664398193,0.3741791546344757,0.33220016956329346,3.2123866537213326,3.135698127746582,0.0033220016956329347,0.008688777685165405,0.01101996935904026,0.01101996935904026,5.697876998484134,0.002036072313785553,0.023836873471736908,0.004009507596492767,67108.828125,27796.6953125,39312.1328125,66815.6953125,27532.5859375,39283.109375,0.004368021618574858,0.009501466527581215,0.0007382819312624633,0.43680216185748577,0.546827370300889,3.0251889613270757,0.2894122661091387,2.8594615843892095,3.6804237931966783,4.154624632671475,6.105484533309936,385.846043749467,385.846043749467,greedy,6.105484533309936,0.0,hard_fault_cluster
190,N12543,control1,0.28602203726768494,3.858797998994123,3.503541564941406,0.28602203726768494,0.3397858738899231,3.360122459290433,3.490041518211364,0.003397858738899231,0.026102662086486816,0.0033684950321912766,0.0033684950321912766,3.8471148827561406,0.0033705830574035645,0.02624264359474182,0.004854928702116013,66815.6796875,27532.478515625,39283.19921875,67256.6015625,27747.90625,39508.6953125,-0.006599077954888344,-0.007824494503438473,-0.0057402681559324265,-0.6599077954888344,0.6802126746624708,3.108674356765696,0.42284689797088504,2.8552656863402808,2.6531160666781943,3.3828893844640695,3.858797998994123,389.70484174846115,389.70484174846115,greedy,3.858797998994123,0.0,hard_fault_cluster
191,N8744,control0,0.15117588639259338,2.0438910804688932,2.0597978711128233,0.15117588639259338,0.3237941265106201,1.431527832970023,2.4707305133342743,0.003237941265106201,0.03239297866821289,-0.004192927852272987,-0.004192927852272987,0.7625174930691718,0.004178356379270554,0.027166225016117096,0.003376830369234085,67257.078125,27748.52734375,39508.546875,67102.53125,27573.556640625,39528.9765625,0.002297852886840701,0.006305585149675608,-0.0005170953809283674,0.2297852886840701,0.7374368365854025,3.057854736149311,0.49773593759164214,3.0551293972134594,1.9737388819456103,2.6562632451951504,2.0438910804688932,391.74873282893003,391.74873282893003,greedy,2.0438910804688932,0.0,hard_fault_cluster
192,N8741,control0,0.04744446650147438,1.4431719914078713,1.5275292515754697,0.04744446650147438,0.3130977153778076,1.2809273765981197,2.4565478205680846,0.0031309771537780763,0.031941235065460205,-0.010962409898638725,-0.010962409898638725,0.22547410786151884,0.004283618181943893,0.030044041574001312,0.002386152744293213,67102.46875,27573.5546875,39528.91015625,67061.4375,27548.5703125,39512.86328125,0.000611471536103636,0.0009060991578735411,0.0004059528873767704,0.0611471536103636,0.7304971236735582,3.182668364346027,0.5038956445641816,2.7046218994259834,1.6731659352779389,2.36338383346796,1.4431719914078713,393.1919048203379,393.1919048203379,greedy,1.4431719914078713,0.0,hard_fault_cluster
193,N6039,control0,0.12082425504922867,2.408389097824693,2.0447010040283202,0.12082425504922867,0.30833685398101807,1.7035536393150688,1.7683305025100706,0.0030833685398101805,-0.00038686394691467285,-0.010821640491485596,-0.010821640491485596,1.1126737546920773,0.00430714339017868,0.028857365250587463,0.003089655190706253,67061.359375,27548.36328125,39512.9921875,66918.828125,27528.8125,39390.01171875,0.00212538568302989,0.0007096893968991935,0.0031124057713896036,0.212538568302989,0.7282295525074005,3.4159864854812625,0.5050931423902512,3.17627875328064,2.4708723783493043,2.64624239474535,2.408389097824693,395.6002939181626,395.6002939181626,greedy,2.408389097824693,0.0,hard_fault_cluster
194,N8024,control0,0.19116128981113434,2.802006756141782,2.5299085855484007,0.19116128981113434,0.31599241495132446,2.282340295985341,3.064174711704254,0.003159924149513245,-0.0014841258525848389,-0.016639946028590202,-0.016639946028590202,0.6091151270270346,0.004191439598798752,0.03700340539216995,0.001713477075099945,66918.7890625,27528.0234375,39390.765625,66629.375,27436.8984375,39192.48046875,0.00432485481724143,0.003310263156890869,0.005033798050135374,0.43248548172414303,0.7184964288026094,2.8811664859950543,0.49398207711055875,2.4812227289378646,2.503456288576126,3.0244569125771523,2.802006756141782,398.4023006743044,398.4023006743044,greedy,2.802006756141782,0.0,hard_fault_cluster
195,N10823,control1,-0.01706017181277275,1.1607222720980643,1.312490952014923,-0.01706017181277275,0.29877203702926636,0.5451521250605583,0.53550685942173,0.0029877203702926634,0.008614569902420044,-0.020031103864312172,-0.020031103864312172,-0.0033541101217270386,0.0009137541055679321,0.03801748901605606,-0.0017463266849517822,66629.8046875,27437.888671875,39191.9140625,66795.75,27454.96484375,39340.78125,-0.002490556798875332,-0.00062235735822469,-0.003798415884375572,-0.2490556798875332,0.3701163437217474,0.5503899284452201,0.16106064384803176,0.5423675008863211,0.9841259226202964,1.4882154572755097,1.1607222720980643,399.56302294640244,399.56302294640244,greedy,1.1607222720980643,0.0,hard_fault_cluster
196,N4063,control1,0.2049560695886612,2.7477537870407107,2.7553947448730467,0.2049560695886612,0.31385695934295654,2.192324963212013,2.325176739692688,0.0031385695934295654,-0.010233551263809204,-0.020738717168569565,-0.020738717168569565,0.31535483658313745,0.005556914955377579,0.038818635046482086,0.001639578491449356,66799.078125,27452.625,39346.453125,67020.0,27675.5546875,39344.4453125,-0.0033072594087570906,-0.008120523765683174,5.102905925014056e-05,-0.33072594087570906,0.8488097377121449,4.30332527756691,0.6289710560813546,4.350637298822403,2.695067808032036,3.18730154260993,2.7477537870407107,402.31077673344316,402.31077673344316,greedy,2.7477537870407107,0.0,hard_fault_cluster
197,N16703,control0,-0.012308876030147076,1.6068137004971503,1.41041499376297,-0.012308876030147076,0.305095374584198,1.4200047653913497,1.3222600400447844,0.00305095374584198,-0.006823837757110596,-0.02383917011320591,-0.02383917011320591,0.21084447532892225,0.006312474608421326,0.0462949201464653,0.00041098520159721375,67015.5859375,27677.15625,39338.4296875,67162.6171875,27526.453125,39636.1640625,-0.0021939859725534916,0.005445036571472883,-0.0075685372576117516,-0.21939859725534916,0.9125036653131247,5.6653803384304044,0.7015615119598806,5.919359782934189,1.9779192179441452,2.1876057355105876,1.6068137004971503,403.9175904339403,403.9175904339403,greedy,1.6068137004971503,0.0,hard_fault_cluster
198,N10146,control1,-0.10684520751237869,2.945543946325779,3.5644064426422117,-0.10684520751237869,0.3081124424934387,1.9005565583705903,2.8445940017700195,0.0030811244249343873,-0.01553434133529663,-0.02337397262454033,-0.02337397262454033,0.2873422572016715,0.006647627800703049,0.04786694049835205,0.0008362755179405212,67162.59375,27526.267578125,39636.32421875,67552.078125,27692.95703125,39859.125,-0.005799126345664263,-0.0060556503012776375,-0.005621126387268305,-0.5799126345664263,0.9495012499392033,3.679423314332962,0.7359473975375295,3.2401815474033357,2.413683354854584,3.4907403451204297,2.945543946325779,406.86313438026605,406.86313438026605,greedy,2.945543946325779,0.0,hard_fault_cluster
199,N8026,control0,0.06618393212556839,5.701380406320095,5.999999999999999,0.06618393212556839,0.31214332580566406,3.1361437116563318,3.373974776268005,0.0031214332580566406,-0.02427777647972107,-0.02198123000562191,-0.02198123000562191,0.9290346312522886,0.007350098341703415,0.05111192166805267,3.524869680404663e-05,67552.0625,27692.48828125,39859.578125,67289.984375,27558.953125,39731.03125,0.003879646537825465,0.0048220716416835785,0.003224993357434869,0.3879646537825465,1.0251719299703836,3.7987888845056297,0.807550358120352,3.9833506467938427,4.16740289926529,4.695463881790639,5.701380406320095,412.56451478658613,412.56451478658613,greedy,5.701380406320095,0.0,hard_fault_cluster
200,N6942,observe,-0.16999363899230957,2.544864015839994,3.296419072151184,-0.16999363899230957,0.30382275581359863,1.5476754695829003,0.7947301387786865,0.0030382275581359863,-0.015590876340866089,-0.022222140803933144,-0.022222140803933144,0.2527418011985718,0.007322132587432861,0.059916332364082336,-0.0024104043841362,67290.84375,27560.3359375,39730.51171875,67999.578125,27730.91796875,40268.65625,-0.01053240429610014,-0.006189403124153614,-0.013544867746531963,-1.053240429610014,1.0138138737529516,5.230765083692968,0.8026134124957025,4.441213730238378,2.2834842048585413,2.198161344192922,2.544864015839994,415.10937880242614,415.10937880242614,greedy,2.544864015839994,0.0,hard_fault_cluster
201,N1719,observe,-0.2081848680973053,2.1952048052102326,3.211993098258972,-0.2081848680973053,0.3012394905090332,1.5787903539463877,0.7668831229209899,0.003012394905090332,-0.025910019874572754,-0.012865463271737099,-0.012865463271737099,1.3162295520305634,0.009289462119340897,0.05532178282737732,0.0010650008916854858,67999.1015625,27730.44921875,40268.65234375,68109.9375,27804.72265625,40305.2109375,-0.0016299617709591985,-0.0026784073561429977,-0.0009078673319891095,-0.16299617709591985,1.2173202391713858,3.351977387666702,1.0010397187434137,3.476557842493057,2.0088912516832353,2.408279313594103,2.1952048052102326,417.30458360763635,417.30458360763635,greedy,2.1952048052102326,0.0,hard_fault_cluster
202,N2534,observe,-0.04937705025076866,3.662324367463589,4.175075054168701,-0.04937705025076866,0.3099367022514343,3.0261277869343757,3.442169094085693,0.0030993670225143433,-0.026580363512039185,-0.01961073838174343,-0.01961073838174343,0.5531058102846145,0.016628850251436234,0.06546810269355774,0.0023225098848342896,68104.6015625,27792.873046875,40311.7265625,67940.578125,27778.8984375,40161.6796875,0.002408404601737857,0.0005028126761317253,0.003722164547070861,0.2408404601737857,1.9532109890133142,6.2642772489786145,1.735466516111046,6.2642772489786145,3.6263747423887254,4.457143582552671,3.662324367463589,420.96690797509996,420.96690797509996,greedy,3.662324367463589,0.0,hard_fault_cluster
203,N3884,observe,-0.07889988273382187,4.017295181751251,4.478688144683837,-0.07889988273382187,0.3101716637611389,3.4528480887413027,3.8486303329467773,0.003101716637611389,-0.027229994535446167,-0.018945833668112755,-0.018945833668112755,0.3755979275703427,0.01760951057076454,0.06858548521995544,0.0016883090138435364,67944.828125,27790.52734375,40154.296875,67983.15625,27817.1171875,40166.0390625,-0.0005641065654344857,-0.0009567952365614474,-0.00029242667369544506,-0.05641065654344857,2.0521768871694803,6.296721655130386,1.8337575145997107,6.296721655130386,4.070509243011474,4.745831007957458,4.017295181751251,424.9842031568512,424.9842031568512,greedy,4.017295181751251,0.0,hard_fault_cluster
204,N1701,observe,-0.0560578815639019,3.987198853492737,4.613406181335449,-0.0560578815639019,0.2995678782463074,2.9046076476573943,1.6715789794921874,0.002995678782463074,-0.025295406579971313,-0.017097456380724907,-0.017097456380724907,0.13456147074699387,0.01831033080816269,0.0707133412361145,0.0013336613774299622,67983.4140625,27817.146484375,40166.265625,68020.828125,27880.546875,40140.28125,-0.0005503410357050598,-0.002279183827340603,0.0006469203508459032,-0.05503410357050598,2.1135035026818514,4.438085224628448,1.9016506862826645,4.43122906923294,3.5462897777557374,3.670088355541229,3.987198853492737,428.9714020103439,428.9714020103439,greedy,3.987198853492737,0.0,hard_fault_cluster
205,N1704,observe,-0.04280037805438042,3.6956053689122204,4.178738522529602,-0.04280037805438042,0.29096269607543945,3.1973343059420585,2.1482364773750304,0.0029096269607543947,-0.026390403509140015,-0.015799982473254204,-0.015799982473254204,0.684899725317955,0.01974715292453766,0.07345247268676758,0.0013277120888233185,68020.7265625,27880.595703125,40140.1328125,68026.171875,27975.71875,40050.453125,-8.005372365005314e-05,-0.003411801066249609,0.0022341650910675526,-0.008005372365005314,2.249878006055951,6.279507745504379,2.043505970854312,6.0402971875667575,3.706830641627312,3.9162217397987846,3.6956053689122204,432.6670073792561,432.6670073792561,greedy,3.6956053689122204,0.0,hard_fault_cluster
206,N10836,control1,-0.18772247433662415,3.222090651607141,2.981134557723999,-0.18772247433662415,0.2935717701911926,4.224788535153493,4.078623056411743,0.002935717701911926,-0.03538781404495239,-0.009280191734433174,-0.009280191734433174,1.5146451684832574,0.018270324915647507,0.07112856209278107,0.0018089190125465393,68026.390625,27975.890625,40050.5,68338.2265625,28159.974609375,40178.25,-0.004584043752402067,-0.006580093875527382,-0.0031897230073809624,-0.4584043752402067,2.11132407002151,4.542830393910408,1.8981053861789405,4.06721272289753,3.298401467502117,3.747914245054126,3.222090651607141,435.88909803086324,435.88909803086324,greedy,3.222090651607141,0.0,hard_fault_cluster
207,N3922,observe,-0.2322840690612793,2.4509853157401085,3.0336410522460935,-0.2322840690612793,0.2960287928581238,3.908590012788772,4.625189495086669,0.0029602879285812378,-0.037979960441589355,-0.013197941705584526,-0.013197941705584526,0.14170443356037132,0.02056065946817398,0.07361777126789093,0.0008792653679847717,68338.1328125,28159.955078125,40178.1796875,68243.09375,28075.998046875,40167.09375,0.0013907179236412048,0.0029814334120601416,0.00027591935941018164,0.13907179236412048,2.3388967979699373,2.9404943263530727,2.126773659605533,2.8349416768550872,2.8688631772994997,3.937413017749787,2.4509853157401085,438.34008334660336,438.34008334660336,greedy,2.4509853157401085,0.0,hard_fault_cluster
208,N3528,observe,-0.4654947817325592,1.7769561367016284,1.0750975072383882,-0.4654947817325592,0.28944528102874756,3.138069940311834,2.6613989472389217,0.0028944528102874756,-0.03953799605369568,-0.009195735678076744,-0.009195735678076744,0.3186045308131724,0.019231244921684265,0.0772143006324768,-0.0009954571723937988,68242.109375,28073.52734375,40168.5859375,68588.6015625,28175.552734375,40413.046875,-0.005077395588159561,-0.003634220687672496,-0.006085873581469059,-0.5077395588159561,2.2033740375190973,3.4652597134001555,1.9931868785060942,3.151711625326425,2.2828497190028427,1.7711717720516025,1.7769561367016284,440.117039483305,440.117039483305,greedy,1.7769561367016284,0.0,hard_fault_cluster
209,N5777,control0,-0.5599900484085083,1.9625264763832093,1.4918853998184203,-0.5599900484085083,0.2860828638076782,2.43388689160347,2.1679606080055236,0.002860828638076782,-0.04043278098106384,-0.005001159384846687,-0.005001159384846687,0.4510797387361526,0.018651261925697327,0.08044397830963135,-0.0022098273038864136,68589.171875,28178.041015625,40411.12890625,68457.28125,28048.751953125,40408.53125,0.001922907424159348,0.004588291514664888,6.428071355912834e-05,0.1922907424159348,2.146207896992564,2.8924856117367748,1.9353966186754405,2.8182929208874703,2.3257031440734863,2.372064253985882,1.9625264763832093,442.07956595968824,442.07956595968824,greedy,1.9625264763832093,0.0,hard_fault_cluster
210,N6867,control0,-0.6476081609725952,1.539822469651699,1.1885697364807128,-0.6476081609725952,0.2827379107475281,1.789961875975132,1.4408592224121093,0.002827379107475281,-0.041019588708877563,0.0010239873081445694,0.0010239873081445694,0.584186252951622,0.017738759517669678,0.08658237755298615,-0.0032711848616600037,68456.9921875,28048.53125,40408.4609375,68535.34375,28038.80078125,40496.5390625,-0.001144537003710866,0.00034691544715315104,-0.0021796950604766607,-0.1144537003710866,2.0576378498226404,1.7537804633378982,1.844816426280886,1.7226739197969436,1.7106776893138884,1.5234932315349579,1.539822469651699,443.61938842933995,443.61938842933995,greedy,1.539822469651699,0.0,hard_fault_cluster
211,N8028,control0,-0.4089851677417755,2.2257848352193834,2.340118885040283,-0.4089851677417755,0.28594303131103516,1.8591993600130081,1.4164069890975952,0.0028594303131103515,-0.05657052993774414,-0.004541365429759026,-0.004541365429759026,-0.07888330101966867,0.019519224762916565,0.0861201286315918,-0.0016036033630371094,68534.71875,28037.544921875,40497.17578125,68114.8359375,27950.302734375,40164.53125,0.0061265709809958935,0.003111619967967272,0.008214018307626247,0.6126570980995893,2.2333241421729326,1.7512946057319643,2.0222728927619755,1.720753145813942,2.470792606472969,2.3663318721950053,2.2257848352193834,445.8451732645593,445.8451732645593,greedy,2.2257848352193834,0.0,hard_fault_cluster
212,N11065,control0,-0.512891948223114,1.4659099921584129,1.1039909422397614,-0.512891948223114,0.28080087900161743,1.5765632316470146,1.289452278614044,0.0028080087900161743,-0.004104256629943848,-0.002109607681632042,-0.002109607681632042,0.368538783788681,0.013683672994375229,0.07333141565322876,0.0007063373923301697,68115.2265625,27951.326171875,40163.8984375,68409.3046875,27992.908203125,40416.3984375,-0.004317362327128649,-0.001487658591940999,-0.006286740303039551,-0.4317362327128649,1.6470585707575083,1.2496495318412781,1.4380401172675192,1.2149127793312073,1.4440186083316804,1.3597666852176191,1.4659099921584129,447.3110832567177,447.3110832567177,greedy,1.4659099921584129,0.0,hard_fault_cluster
213,N3090,control0,-0.26531338691711426,2.5236189484596254,2.049894428253174,-0.26531338691711426,0.28864794969558716,2.1348722249269483,1.5236732244491575,0.0028864794969558714,-0.02036386728286743,-0.006178027018904686,-0.006178027018904686,0.43929488003253925,0.014296628534793854,0.07206611335277557,0.001061365008354187,68409.671875,27993.16015625,40416.51171875,67960.875,27867.61328125,40093.26171875,0.006560430396348238,0.004484912380576134,0.007997969165444374,0.6560430396348238,1.7121327761560678,1.8174075338244438,1.500280334148556,1.801190182864666,2.5813122212886808,2.3114784210920334,2.5236189484596254,449.83470220517734,449.83470220517734,greedy,2.5236189484596254,0.0,hard_fault_cluster
214,N3881,control0,-0.5516723990440369,1.333104119077325,0.929517239332199,-0.5516723990440369,0.28773361444473267,1.722402200475335,1.4512799739837647,0.002877336144447327,-0.015388786792755127,-0.0029940176755189896,-0.0029940176755189896,0.8947475218772887,0.011912975460290909,0.0752091258764267,-0.0014644637703895569,67960.5625,27867.4296875,40093.1328125,68247.5390625,27901.8359375,40345.703125,-0.004222692456096411,-0.0012346402509137988,-0.006299590226262808,-0.4222692456096411,1.4760371427983046,1.7818864405155181,1.2624824452213943,1.7398707091808319,1.4208786249160767,1.3691363019496203,1.333104119077325,451.1678063242547,451.1678063242547,greedy,1.333104119077325,0.0,hard_fault_cluster
215,N6271,control0,-0.3073602616786957,2.822337108850479,2.3442360162734985,-0.3073602616786957,0.2929575443267822,2.1874031245708467,1.6006762504577634,0.0029295754432678224,-0.030209124088287354,-0.008937571197748184,-0.008937571197748184,0.3211247086524963,0.013442989438772202,0.07416906952857971,-0.000573478639125824,68247.4453125,27901.90234375,40345.54296875,67809.0234375,27779.125,40029.8984375,0.006424004212021828,0.004400321748107672,0.007823528721928596,0.6424004212021828,1.6283189170062542,1.8908722233772277,1.4153039371594787,1.8805974555015563,2.6899511575698853,2.3023731404542924,2.822337108850479,453.9901434331052,453.9901434331052,greedy,2.822337108850479,0.0,hard_fault_cluster
216,N1927,observe,-0.5741804838180542,1.3812994673848153,1.0255378782749176,-0.5741804838180542,0.29251933097839355,1.7425219640135765,1.5323732256889342,0.0029251933097839355,-0.02477768063545227,-0.009172758087515831,-0.009172758087515831,0.3147316738963126,0.01327957957983017,0.07627864181995392,-0.002660199999809265,67809.0390625,27779.111328125,40029.9296875,68182.0546875,27900.623046875,40281.4296875,-0.005500971805304289,-0.0043742116540670395,-0.006282798945903778,-0.5500971805304289,1.6113045308738947,2.307266036719084,1.3987946012057364,2.2039623658359053,1.582687109708786,1.3105249951034785,1.3812994673848153,455.37144290048997,455.37144290048997,greedy,1.3812994673848153,0.0,hard_fault_cluster
217,N1703,observe,-0.37717995047569275,2.8378455191850662,2.2721227705478664,-0.37717995047569275,0.29044109582901,1.9975100606679914,1.5282827734947202,0.0029044109582901,-0.027951449155807495,-0.008914312347769737,-0.008914312347769737,0.2547493314743041,0.018141508102416992,0.08262686431407928,-0.0004958286881446838,68181.859375,27900.322265625,40281.5390625,68137.84375,27957.93359375,40179.9140625,0.0006455621332861483,-0.0020648983772844076,0.0025228678714483976,0.06455621332861483,2.0956775937229395,3.105183692574501,1.8845325061120093,3.113774271607399,2.5197694659233094,1.9708035442978145,2.8378455191850662,458.20928841967503,458.20928841967503,greedy,2.8378455191850662,0.0,hard_fault_cluster
218,N3925,observe,-0.4881336987018585,1.8563835918903353,1.3181936264038085,-0.4881336987018585,0.28935694694519043,2.1799150437116626,1.6731350600719452,0.0028935694694519043,-0.033493220806121826,-0.011568287387490273,-0.011568287387490273,-0.12839682042598732,0.0189165361225605,0.07997393608093262,-0.001033693552017212,68137.9296875,27958.15625,40179.7734375,68128.75,27947.50390625,40181.2421875,0.0001347221405012533,0.0003810102352872491,-3.655446198536083e-05,0.01347221405012533,2.1694422718137503,2.199986788034439,1.9611007771454751,2.215192123651504,2.0616900086402894,1.576277989149094,1.8563835918903353,460.06567201156537,460.06567201156537,greedy,1.8563835918903353,0.0,hard_fault_cluster
219,N1697,observe,-0.3862984776496887,2.0660055458545687,1.733632570505142,-0.3862984776496887,0.2843562364578247,1.8078400164842607,1.721269154548645,0.002843562364578247,-0.03129979968070984,-0.011252248659729958,-0.011252248659729958,-0.14701770126819613,0.022044502198696136,0.0853700041770935,0.0003987550735473633,68128.671875,27947.3046875,40181.36328125,68201.6328125,28035.4296875,40166.203125,-0.0010709285270422697,-0.0031532556749880314,0.00037729323958046734,-0.10709285270422697,2.4775542076677084,3.023100459575653,2.2727262168191373,3.0276527047157287,2.2865961700677873,1.8937113460153343,2.0660055458545687,462.13167755741995,462.13167755741995,greedy,2.0660055458545687,0.0,hard_fault_cluster
220,N1916,observe,-0.6329541206359863,1.4164768148213622,0.9524112522602082,-0.6329541206359863,0.27742505073547363,1.9478488896042108,1.6560909152030943,0.002774250507354736,-0.03235712647438049,-0.0049997251480817795,-0.0049997251480817795,0.3431182697415351,0.019907977432012558,0.08699522912502289,-0.0015641376376152039,68201.28125,28034.890625,40166.390625,68536.1796875,28158.6015625,40377.578125,-0.004910442046821117,-0.004412748850882053,-0.005257816053926945,-0.49104420468211174,2.2632230687886477,1.5170330592989922,2.0589040745981038,1.5212043234705925,1.4858709976077078,1.2416888666898012,1.4164768148213622,463.5481543722413,463.5481543722413,greedy,1.4164768148213622,0.0,hard_fault_cluster
221,N3919,observe,-0.6444717049598694,1.6622548192739486,1.337991613149643,-0.6444717049598694,0.28043150901794434,1.8362244099378584,2.3088159680366513,0.0028043150901794433,-0.039741069078445435,-0.010293295606970787,-0.010293295606970787,-0.38028441429138193,0.02194613590836525,0.08681346476078033,-0.0014554336667060852,68536.546875,28159.359375,40377.1875,68449.1796875,28106.34375,40342.8359375,0.001274753245525062,0.001882700016722083,0.0008507666061632335,0.1274753245525062,2.4647518042474985,1.9933788275718691,2.2621481441892684,1.9864470338821414,2.012328451871872,1.8878943538665771,1.6622548192739486,465.2104091915152,465.2104091915152,greedy,1.6622548192739486,0.0,hard_fault_cluster
222,N1700,observe,-0.49753496050834656,1.8384282439947128,1.7364495754241942,-0.49753496050834656,0.2763369679450989,1.6215048730373383,1.612172269821167,0.002763369679450989,-0.03520199656486511,-0.011393582448363304,-0.011393582448363304,-0.544125424027443,0.02527553215622902,0.09279040992259979,0.000300038605928421,68449.0234375,28106.0625,40342.9609375,68466.25,28167.4453125,40298.8046875,-0.00025166996056213975,-0.0021839705295860767,0.0010945218382403255,-0.025166996056213975,2.7924966011196375,2.7594673788547515,2.593789061997086,2.7922244465351103,2.110895559191704,1.8340712644904853,1.8384282439947128,467.04883743550994,467.04883743550994,greedy,1.8384282439947128,0.0,hard_fault_cluster
223,N3524,observe,-0.7535735964775085,1.069428688287735,0.7152427434921265,-0.7535735964775085,0.26747947931289673,1.3513948798179625,1.1688884556293486,0.0026747947931289673,-0.030924856662750244,-0.003785422071814537,-0.003785422071814537,0.3135354888439178,0.022174272686243057,0.09381134808063507,-0.0017286762595176697,68464.875,28165.68359375,40299.1875,68777.5,28289.0546875,40488.4453125,-0.004566209856420755,-0.0043801916763186455,-0.004696318414062262,-0.45662098564207554,2.481121325865388,1.1593788015842437,2.2833507829345763,1.1540565478801728,1.1891407459974288,0.938869016058743,1.069428688287735,468.1182661237977,468.1182661237977,greedy,1.069428688287735,0.0,hard_fault_cluster
224,N3916,observe,-0.7349433898925781,1.552454125881195,1.3222280621528624,-0.7349433898925781,0.27187496423721313,1.6976797223091127,1.7103309035301208,0.0027187496423721315,-0.03524577617645264,-0.01071610115468502,-0.01071610115468502,-0.4464462161064148,0.024844646453857422,0.09272445738315582,-0.001222178339958191,68778.796875,28290.98046875,40487.8203125,68696.9609375,28239.8203125,40457.140625,0.001189842470921576,0.0018083556788042188,0.0007577510550618172,0.1189842470921576,2.7456235084682703,1.7351638543605803,2.549754361156374,1.7823809254169463,1.9194322258234024,1.8983962548524143,1.552454125881195,469.6707202496789,469.6707202496789,greedy,1.552454125881195,0.0,hard_fault_cluster
225,N1714,observe,-0.5693347454071045,1.9024769634008405,1.849885320663452,-0.5693347454071045,0.26951515674591064,1.5185934364795686,1.2651808381080627,0.0026951515674591064,-0.032803475856781006,-0.009939877316355705,-0.009939877316355705,-0.28918021023273466,0.02781398966908455,0.09943954646587372,0.00037921592593193054,68696.8203125,28239.505859375,40457.31640625,68669.375,28280.71875,40388.65625,0.0003995135775767267,-0.0014594055246561766,0.001697101048193872,0.03995135775767267,3.04097424633801,2.6235805809497834,2.8462927867658436,2.7147370636463166,2.0937184661626818,2.06000007301569,1.9024769634008405,471.5731972130797,471.5731972130797,greedy,1.9024769634008405,0.0,hard_fault_cluster
226,N1931,observe,-0.7979454398155212,1.183681955188513,0.8926794826984406,-0.7979454398155212,0.26080262660980225,1.3265981458127498,1.05481840968132,0.0026080262660980224,-0.025718271732330322,-0.0031601469963788986,-0.0031601469963788986,0.24486366808414456,0.025236554443836212,0.1008998304605484,-0.0012824982404708862,68669.265625,28280.375,40388.89453125,68930.390625,28375.380859375,40555.0078125,-0.0038026473484933376,-0.003359427209943533,-0.004112845286726952,-0.38026473484933376,2.7812979239970446,1.396585456430912,2.588066064286977,1.4440254727005957,1.204920446872711,1.144258092790842,1.183681955188513,472.7568791682682,472.7568791682682,greedy,1.183681955188513,0.0,hard_fault_cluster
227,N1698,observe,-0.6060811281204224,2.1242134630680085,2.0356705307960508,-0.6060811281204224,0.26139670610427856,1.5368650794029235,1.3037205696105956,0.0026139670610427854,-0.02998068928718567,-0.004060758277773857,-0.004060758277773857,-0.1608138096332551,0.028511401265859604,0.10525116324424744,0.0002788342535495758,68930.6640625,28375.90625,40554.7578125,68865.703125,28401.94921875,40463.75,0.000942409853450954,-0.0009177845786325634,0.002244072500616312,0.0942409853450954,3.108476074412465,2.279390276670456,2.9154741135425866,2.399978746175766,2.0860658466815947,1.8207678760588166,2.1242134630680085,474.88109263133623,474.88109263133623,greedy,2.1242134630680085,0.0,hard_fault_cluster
228,N3928,observe,-0.7261058688163757,1.45343736410141,1.241509997844696,-0.7261058688163757,0.26177966594696045,1.5036324977874755,1.357343578338623,0.0026177966594696043,-0.029952198266983032,-0.007872572168707848,-0.007872572168707848,-1.1176355767250061,0.028863288462162018,0.10207715630531311,-0.00041043758392333984,68865.6796875,28402.162109375,40463.51953125,68912.1328125,28403.0,40509.1328125,-0.0006745468126609921,-2.950094494735822e-05,-0.0011272692354395986,-0.06745468126609921,3.1402359399944544,1.7150838100910186,2.949805619660765,1.9129545533657075,1.7747405022382734,1.4403359531611204,1.45343736410141,476.33452999543766,476.33452999543766,greedy,1.45343736410141,0.0,hard_fault_cluster
229,N10206,control0,-0.9210550785064697,0.9454145222902298,2.4910203635692594,-0.9210550785064697,0.25097256898880005,0.8884555660188197,1.9028031766414641,0.0025097256898880004,-0.046170443296432495,-0.0005326811224222183,-0.0005326811224222183,-0.026859831959009206,0.021499838680028915,0.08541657030582428,-0.002219565212726593,68911.3515625,28402.333984375,40509.015625,68865.34375,28405.96484375,40459.3828125,0.0006676376215182245,-0.00012783665442839265,0.001225228770636022,0.06676376215182245,2.4004237558692694,0.286897037550807,2.212593839969486,0.28915538303554056,1.066465287655592,2.4466728101298214,0.9454145222902298,477.27994451772787,477.27994451772787,greedy,0.9454145222902298,0.0,hard_fault_cluster
230,N16754,control0,-0.9789953231811523,1.0265305563807487,2.4970509588718413,-0.9789953231811523,0.24397499859333038,0.9298284590244292,2.3828772842884063,0.002439749985933304,-0.05491781234741211,0.002992326393723488,0.002992326393723488,0.2957120584696531,0.018637869507074356,0.07705879211425781,-0.0023193880915641785,68865.15625,28405.81640625,40459.34375,68685.1484375,28336.615234375,40348.53515625,0.002613917225971818,0.0024361619725823402,0.0027387640438973904,0.2613917225971818,2.1107542756944895,0.6403987984266132,1.925528781954199,0.6072467844095081,1.1142617270350457,2.8242701225727793,1.0265305563807487,478.3064750741086,478.3064750741086,greedy,1.0265305563807487,0.0,hard_fault_cluster
231,N841,control1,-0.5655988454818726,2.2302720934152607,3.411519694328308,-0.5655988454818726,0.2630656957626343,1.7177396222949028,2.6717699527740475,0.0026306569576263427,-0.04694420099258423,-0.005601195618510246,-0.005601195618510246,-0.1465434619784356,0.028089813888072968,0.09116272628307343,0.0012684576213359833,68692.59375,28337.525390625,40355.0703125,68751.375,28456.2890625,40295.08203125,-0.0008557145483791828,-0.004191039130091667,0.00148651166819036,-0.08557145483791828,3.066445888951421,2.7289970308542255,2.8733475138433278,2.8085112243890764,2.1416491866111755,3.2289183431863786,2.2302720934152607,480.53674716752386,480.53674716752386,greedy,2.2302720934152607,0.0,hard_fault_cluster
232,N8030,control0,-0.40819379687309265,2.3976261883974077,3.6568343877792353,-0.40819379687309265,0.25992757081985474,1.6129296571016312,2.7987305521965027,0.0025992757081985474,-0.047603070735931396,-0.0116970743983984,-0.0116970743983984,-0.8990135264396669,0.028325185179710388,0.0916338562965393,0.0005789212882518768,68742.609375,28454.25390625,40288.359375,68186.546875,28165.078125,40021.46484375,0.008089051581919193,0.010162831284105778,0.006624606437981129,0.8089051581919193,3.080749014392495,2.1639990031719205,2.894576142076403,2.1634677112102505,2.4732025802135467,3.707581677138805,2.3976261883974077,482.93437335592125,482.93437335592125,greedy,2.3976261883974077,0.0,hard_fault_cluster
233,N1724,observe,-0.4923684298992157,1.470083535462618,2.6010517597198484,-0.4923684298992157,0.24126340448856354,0.3877645101398229,0.1552155613899231,0.0024126340448856354,-0.005206465721130371,-0.03090582601726055,-0.03090582601726055,-5.581518788561225,0.02648758515715599,0.10283608734607697,-0.004362717270851135,68193.703125,28165.205078125,40028.49609375,68708.5625,28265.14453125,40443.41796875,-0.007549954578280449,-0.003548330394551158,-0.010365662164986134,-0.7549954578280449,2.859116094186902,0.9377486063539984,2.701347910333425,0.9796016885340215,1.6274051312357187,1.2742254610545936,1.470083535462618,484.40445689138386,484.40445689138386,greedy,1.470083535462618,0.0,hard_fault_cluster
234,N1696,observe,-0.3814266622066498,3.7166516825556752,3.2045567274093627,-0.3814266622066498,0.24589069187641144,2.721034590899944,2.2847893714904783,0.0024589069187641146,-0.022822856903076172,-0.02032286487519741,-0.02032286487519741,0.001112520694732666,0.028571609407663345,0.10485903918743134,-0.0024549514055252075,68696.2265625,28263.9453125,40432.28125,68806.546875,28422.9375,40383.61328125,-0.0016059151384979486,-0.005625265184789896,0.0012036908883601427,-0.16059151384979486,3.0827287677675486,3.5225940775871276,2.913552897516638,3.808114368915558,3.2561973929405212,2.8193505036830904,3.7166516825556752,488.1211085739395,488.1211085739395,greedy,3.7166516825556752,0.0,hard_fault_cluster
235,N3934,observe,-0.5619451403617859,2.8043613225221637,2.3797854304313657,-0.5619451403617859,0.2471965104341507,2.1407698333263396,1.6817170619964599,0.002471965104341507,-0.0257512629032135,-0.01569761149585247,-0.01569761149585247,-0.17002618014812476,0.028281833976507187,0.10295645892620087,-0.002688087522983551,68806.6015625,28423.126953125,40383.4765625,68815.296875,28401.42578125,40413.875,-0.0001263732265215367,0.0007635040092281997,-0.0007527444395236671,-0.01263732265215367,3.059682296589017,3.748641847372055,2.8860581223852932,4.266775320768357,3.0048248946666716,2.3556612676382063,2.8043613225221637,490.92546989646166,490.92546989646166,greedy,2.8043613225221637,0.0,hard_fault_cluster
236,N1716,observe,-0.6663621664047241,3.097484403848648,2.4872962474822997,-0.6663621664047241,0.24396367371082306,2.0050625830888746,1.3352401196956634,0.0024396367371082306,-0.030181437730789185,-0.007124343886971474,-0.007124343886971474,0.5656431642174721,0.02913644164800644,0.10394002497196198,-0.001108124852180481,68814.921875,28400.99609375,40413.921875,68783.4765625,28395.55859375,40387.91796875,0.0004569548473227769,0.00019145455735269934,0.0006434392998926342,0.04569548473227769,3.1504834946244955,3.1958663584291935,2.972853997256607,3.1550879837572574,2.6558297872543335,2.3417351223528384,3.097484403848648,494.0229543003103,494.0229543003103,greedy,3.097484403848648,0.0,hard_fault_cluster
237,N830,control1,-0.833357572555542,0.9730291873216628,1.6945971012115477,-0.833357572555542,0.22920875251293182,0.8984379291534423,2.4443133950233458,0.0022920875251293184,-0.03623858094215393,-0.004279008135199547,-0.004279008135199547,-0.3916064935922623,0.02691611647605896,0.09622092545032501,-0.0016500651836395264,68754.6015625,28349.248046875,40405.3515625,68617.890625,28284.578125,40333.3125,0.001988389529287815,0.00228118640370667,0.0017829089192673564,0.1988389529287815,2.9165413919836283,1.1796871387958527,2.747844083700329,1.1714875185489655,1.2352812349796296,2.5073133340477938,0.9730291873216628,494.995983487632,494.995983487632,greedy,0.9730291873216628,0.0,hard_fault_cluster
238,N6262,control0,-0.48443135619163513,2.176676571369171,3.8114539146423336,-0.48443135619163513,0.2434433549642563,1.360583335161209,2.9027021408081053,0.002434433549642563,-0.04270446300506592,-0.010222738608717918,-0.010222738608717918,-2.6037267458438875,0.03005775436758995,0.10046921670436859,-0.0008082389831542969,68645.0625,28330.37109375,40314.6875,68070.109375,28144.09375,39926.01953125,0.008375738747417927,0.00657518208026886,0.00964085292071104,0.8375738747417927,3.2389960531145334,2.627944600582123,3.0640805908478796,2.6292556643486025,2.8124937534332277,3.9281209397315977,2.176676571369171,497.17266005900115,497.17266005900115,greedy,2.176676571369171,0.0,hard_fault_cluster
239,N6075,control0,-0.33833298087120056,2.719912680983543,3.897899317741394,-0.33833298087120056,0.24919886887073517,1.8451589673757554,2.9677469372749323,0.0024919886887073517,-0.042799413204193115,-0.008309496566653252,-0.008309496566653252,-0.4516062712669373,0.029723521322011948,0.10024403035640717,-0.0009458661079406738,68070.1328125,28144.138671875,39925.9921875,67696.0390625,27999.673828125,39696.36328125,0.005495710764080286,0.005133034661412239,0.005751363933086395,0.5495710764080286,3.2132415045052767,2.2931481468677517,3.0325744752772152,2.2593801009654997,2.6273885548114775,3.80780256062746,2.719912680983543,499.8925727399847,499.8925727399847,greedy,2.719912680983543,0.0,hard_fault_cluster
240,N4064,control1,-0.21792177855968475,3.8041001558303833,4.954775810241699,-0.21792177855968475,0.2592175006866455,2.0705833941698075,3.1732068300247187,0.0025921750068664553,-0.03847634792327881,-0.0078242477029562,-0.0078242477029562,-1.8324937289953231,0.03123234584927559,0.10445299744606018,-0.00032529979944229126,67700.703125,27998.33984375,39702.36328125,67874.109375,28162.71484375,39711.3984375,-0.0025613654870539904,-0.005870883818715811,-0.00022757225087843835,-0.25613654870539904,3.374627837911248,2.681427096128464,3.1860828981734812,2.7998650777339935,3.196145841479302,4.177494796961546,3.8041001558303833,503.6966728958151,503.6966728958151,greedy,3.8041001558303833,0.0,hard_fault_cluster
241,N6048,control0,-0.16050218045711517,2.963395434617996,4.286295557022094,-0.16050218045711517,0.2578686475753784,1.721117556095123,2.9667071104049683,0.002578686475753784,-0.04512190818786621,-0.001121198758482933,-0.001121198758482933,-1.350074404478073,0.02888394147157669,0.10150003433227539,-0.0018971413373947144,67868.6171875,28163.73046875,39704.88671875,67488.453125,27944.12109375,39544.33203125,0.005601470358669758,0.007797595579177141,0.004043701104819775,0.5601470358669758,3.1451415959745646,2.7459394264221193,2.952581009361893,2.893694167137146,2.912242925167084,3.9929579013586043,2.963395434617996,506.6600683304331,506.6600683304331,greedy,2.963395434617996,0.0,hard_fault_cluster
242,N6163,control0,-0.09287124127149582,5.124714884161949,5.6110475063323975,-0.09287124127149582,0.2586205005645752,2.6472572541236876,3.0585288882255552,0.002586205005645752,-0.050287097692489624,0.008155765011906624,0.008155765011906624,-0.26505876362323777,0.027039863169193268,0.09990687668323517,-0.0029403045773506165,67488.359375,27944.078125,39544.28125,67221.421875,27811.71875,39409.70703125,0.003955311607569456,0.004736580420285463,0.0034031271934509277,0.3955311607569456,2.9707625824958086,4.7923027133941645,2.7706803833134472,5.136839113235474,4.151971477270126,4.798781460225582,5.124714884161949,511.78478321459505,511.78478321459505,greedy,5.124714884161949,0.0,hard_fault_cluster
243,N10832,control1,-0.41355517506599426,3.4853690259158614,3.8393671274185177,-0.41355517506599426,0.2349182516336441,1.386605588570237,0.926731503009796,0.002349182516336441,-0.05361124873161316,0.020217398181557655,0.020217398181557655,0.43765611290931694,0.021530181169509888,0.09378603100776672,-0.006813116371631622,67220.96875,27811.33984375,39409.62890625,67275.2890625,27779.515625,39495.7734375,-0.0008080858387984335,0.0011442892719060183,-0.002185875317081809,-0.08080858387984335,2.4081537667661905,2.8233931359648703,2.216802029404789,2.602703982293606,2.442817008495331,2.8353808268904688,3.4853690259158614,515.2701522405109,515.2701522405109,greedy,3.4853690259158614,0.0,hard_fault_cluster
244,N6181,control0,-0.16221070289611816,5.0341075621545315,5.316962003707886,-0.16221070289611816,0.2471930831670761,2.8164071220904585,3.0647820353507993,0.002471930831670761,-0.05529269576072693,0.02653750590980053,0.02653750590980053,0.882087310552597,0.02415214478969574,0.09679566323757172,-0.004837781190872192,67275.6875,27779.87109375,39495.8203125,67031.6171875,27712.3515625,39319.265625,0.0036279126070439816,0.0024305200204253197,0.004470211919397116,0.36279126070439816,2.6889450680464506,6.587104704678058,2.483647126238793,6.587104704678058,4.290376847982406,4.8887449511885634,5.0341075621545315,520.3042598026655,520.3042598026655,greedy,5.0341075621545315,0.0,hard_fault_cluster
245,N6226,control0,-0.06438013911247253,6.00655642747879,5.999999999999999,-0.06438013911247253,0.25032365322113037,3.413860415816307,3.382825946807861,0.0025032365322113035,-0.06110483407974243,0.038002848625183105,0.038002848625183105,1.3122413092851637,0.023992888629436493,0.09754560887813568,-0.004662662744522095,67031.5546875,27712.326171875,39319.23046875,66858.8828125,27651.4609375,39207.421875,0.002575978869572282,0.0021963235922157764,0.002843610942363739,0.2575978869572282,2.6876153647899628,6.637656746208668,2.4713704884052277,6.627807674705982,4.782576751708985,5.20867488861084,6.00655642747879,526.3108162301443,526.3108162301443,greedy,6.00655642747879,0.0,hard_fault_cluster
246,N6093,control0,-0.3055831491947174,4.876184418424964,5.527478170394897,-0.3055831491947174,0.22813837230205536,1.4525309539213775,2.186666476726532,0.0022813837230205537,-0.0712365210056305,0.044495709240436554,0.044495709240436554,0.7415133208036423,0.02156493067741394,0.08336962759494781,-0.003532305359840393,66858.671875,27651.138671875,39207.53125,66882.96875,27604.115234375,39278.8515625,-0.00036340649239718914,0.0017005967674776912,-0.001819046214222908,-0.036340649239718914,2.429127149283886,4.145259722769261,2.224651588127017,4.222011670172215,3.350393933057785,4.27775605648756,4.876184418424964,531.1870006485692,531.1870006485692,greedy,4.876184418424964,0.0,hard_fault_cluster
247,N854,observe,-0.4792521893978119,5.136499133706093,5.220618891716003,-0.4792521893978119,0.23532851040363312,1.8715137664973733,1.3313397765159607,0.0023532851040363313,-0.0519946813583374,0.02724071405827999,0.02724071405827999,-0.11813027888536476,0.024511709809303284,0.09598802030086517,-0.005266837775707245,66885.359375,27604.70703125,39280.65234375,67449.96875,27778.525390625,39671.4453125,-0.008441449142992496,-0.006296692881733179,-0.009948738850653172,-0.8441449142992496,2.7137402053922415,4.764425795674325,2.5168132870458066,4.757415145039559,3.47131125330925,3.4405858400464058,5.136499133706093,536.3234997822753,536.3234997822753,greedy,5.136499133706093,0.0,hard_fault_cluster
248,N1723,observe,-0.4054081439971924,2.0336321949958807,4.164418601989746,-0.4054081439971924,0.2280525416135788,0.2003773644566537,0.42776738703250883,0.002280525416135788,-0.018898844718933105,-0.011815963312983513,-0.011815963312983513,-4.558984735906124,0.025826409459114075,0.107718825340271,-0.00672546774148941,67452.8046875,27776.720703125,39676.0859375,68196.40625,28061.0546875,40135.3515625,-0.01102402713149786,-0.010236413218080997,-0.011575376614928246,-1.102402713149786,2.7988775242120028,1.6928068560361864,2.6367000904865563,1.8328450959920881,1.8409599408507349,2.2339004993438722,2.0336321949958807,538.3571319772713,538.3571319772713,greedy,2.0336321949958807,0.0,hard_fault_cluster
249,N3970,observe,-0.37513160705566406,2.5712132275104524,2.3321100831031796,-0.37513160705566406,0.24187572300434113,2.008342644572258,1.5079285979270933,0.002418757230043411,-0.035426706075668335,-0.002557171508669853,-0.002557171508669853,0.16232647597789762,0.02839597687125206,0.10730618238449097,-0.004092574119567871,68184.8046875,28060.072265625,40124.734375,68269.7109375,28178.462890625,40091.25,-0.0012452370719984174,-0.0042191846296191216,0.0008345071109943092,-0.12452370719984174,3.0789162386208773,3.396054670214653,2.899427324999124,3.2078618735075,2.50221443772316,2.2702455082535744,2.5712132275104524,540.9283452047817,540.9283452047817,greedy,2.5712132275104524,0.0,hard_fault_cluster
250,N1702,observe,-0.30493220686912537,1.8849688440561296,2.7369017601013184,-0.30493220686912537,0.24199970066547394,1.2772086635231972,1.1785801708698274,0.0024199970066547394,-0.0336950421333313,-0.006348190829157829,-0.006348190829157829,-1.499188204109669,0.02948455885052681,0.11185722053050995,-0.0029812902212142944,68269.703125,28178.318359375,40091.38671875,68375.59375,28307.11328125,40068.48046875,-0.0015510632656514645,-0.004570710007101297,0.0005713509162887931,-0.15510632656514645,3.184107394888997,3.566379718184471,3.00736876251176,3.7254937213659285,2.289440153539181,2.310413204804063,1.8849688440561296,542.8133140488379,542.8133140488379,greedy,1.8849688440561296,0.0,hard_fault_cluster
251,N10141,control1,-0.6383554339408875,1.8900675378739833,2.5050347447395325,-0.6383554339408875,0.20519421994686127,0.1351668716967105,-0.3465074092149734,0.002051942199468613,-0.047287046909332275,0.0062662046402692795,0.0062662046402692795,1.0607520700991153,0.026021264493465424,0.08906209468841553,-0.0032914206385612488,68375.03125,28306.58203125,40068.44921875,68129.0859375,28170.265625,39958.8203125,0.0035970048047602177,0.004815713968127966,0.002736040623858571,0.35970048047602177,2.813586873933673,3.084558378458023,2.654991555493325,3.591755949258804,1.6290900692343713,2.0882262333482506,1.8900675378739833,544.7033815867119,544.7033815867119,greedy,1.8900675378739833,0.0,hard_fault_cluster
252,N6145,control0,-0.6355797648429871,2.5302214294672014,3.7290643453598022,-0.6355797648429871,0.1997816115617752,0.9827235512435436,2.190630227327347,0.0019978161156177523,-0.061453044414520264,0.011102007701992989,0.011102007701992989,0.5791439008712769,0.02436947450041771,0.07422995567321777,-0.0007124990224838257,68129.84375,28170.91015625,39958.93359375,67910.9609375,28004.96875,39905.9921875,0.003212730400264263,0.005890523549169302,0.0013248954201117158,0.3212730400264263,2.647831069305539,1.3194053050503136,2.489668354857713,1.3527740713581444,1.795187345147133,3.266871774345636,2.5302214294672014,547.2336030161791,547.2336030161791,greedy,2.5302214294672014,0.0,hard_fault_cluster
253,N6280,control0,-0.6168054938316345,1.9473195418715474,3.3037703990936276,-0.6168054938316345,0.196843221783638,0.934408778399229,2.251490598917007,0.00196843221783638,-0.06557908654212952,0.015440145507454872,0.015440145507454872,0.2508419001102447,0.024988368153572083,0.06302888691425323,0.002157151699066162,67911.0234375,28005.001953125,39906.0234375,67833.2734375,27909.015625,39924.2578125,0.0011448804289102554,0.003427470801398158,-0.00045693290303461254,0.11448804289102554,2.711120182648301,1.9092142987251284,2.5519076571799815,1.8770627665519715,1.5756590515375137,3.124178383499384,1.9473195418715474,549.1809225580507,549.1809225580507,greedy,1.9473195418715474,0.0,hard_fault_cluster
254,N11265,control0,-0.727113664150238,1.594700631685555,3.0352170228958126,-0.727113664150238,0.1694110780954361,0.19567515209317204,1.1922242276370525,0.001694110780954361,-0.07000410556793213,0.030897313728928566,0.030897313728928566,0.8347396197728811,0.020454388111829758,0.05001416802406311,-0.00037642568349838257,67833.5546875,27909.416015625,39924.140625,67922.78125,27999.7109375,39923.0703125,-0.001315374975092709,-0.003235285170376301,2.680865509319119e-05,-0.1315374975092709,2.2457472030073404,-0.3919401802122593,2.095515909139067,-0.3919401802122593,0.6698289807885887,1.7916791588626801,1.594700631685555,550.7756231897363,550.7756231897363,greedy,1.594700631685555,0.0,hard_fault_cluster
255,N14456,control0,-0.717947781085968,1.3354157328605651,2.7743908762931824,-0.717947781085968,0.09605725109577179,-0.40350561290979386,-2.3449707508087156,0.0009605725109577179,-0.16017574071884155,0.09113319218158722,0.09113319218158722,1.9481403598189355,0.006386220455169678,-0.016827110201120377,-0.0008626952767372131,67921.8125,27998.875,39922.94140625,67927.7421875,28068.1484375,39859.59375,-8.730166882742196e-05,-0.0024741508532315493,0.0015867481706663966,-0.008730166882742196,0.8258124887943268,-1.9106509530544282,0.6854196563363075,-2.1126797044277192,0.0023487329483032476,0.10652667641639736,1.3354157328605651,552.1110389225969,552.1110389225969,greedy,1.3354157328605651,0.0,hard_fault_cluster
256,N14250,control1,-0.5478911995887756,1.8009642547369002,2.3915291905403135,-0.5478911995887756,-0.05398811772465706,0.3767065925896166,-1.0637863516807555,-0.0005398811772465706,-0.0948847085237503,0.14217528700828552,-0.05398811772465706,-0.35724092513322836,0.01405366137623787,0.004419378936290741,0.0016093999147415161,67929.59375,28069.107421875,39860.484375,67983.609375,28172.892578125,39810.71875,-0.0007951707229949534,-0.0036974868271499872,0.0012484951876103878,-0.07951707229949534,1.4935533069074154,0.8655677634477615,1.427412929944694,1.0148002940416336,0.7244449555873872,1.4190611478686335,1.8009642547369002,553.9120031773338,553.9120031773338,greedy,1.8009642547369002,0.0,hard_fault_cluster
257,N6235,control0,-0.33595672249794006,1.669095401465893,2.9844399929046626,-0.33595672249794006,-0.037385426461696625,1.1474720561504363,2.3921139776706695,-0.00037385426461696627,0.0032863616943359375,0.07514814287424088,-0.037385426461696625,1.2819479891657828,0.020617928355932236,0.02938176691532135,0.004795722663402557,67982.046875,28172.2421875,39809.80078125,67708.015625,27991.74609375,39716.2734375,0.00403093546628952,0.006406877189874649,0.0023493547923862934,0.403093546628952,2.099555552005768,1.7175183072686195,2.0712335146963596,2.419907420873642,1.6977655857801437,3.203547630757093,1.669095401465893,555.5810985787997,555.5810985787997,greedy,1.669095401465893,0.0,hard_fault_cluster
258,N19045,control1,-0.3006882667541504,1.870776318013668,3.1131794214248654,-0.3006882667541504,0.15360082685947418,1.7175872310996056,3.0680212616920466,0.0015360082685947419,-0.16716063022613525,0.09419625252485275,0.09419625252485275,1.7453710854053497,0.009093262255191803,-0.013515468686819077,0.001079469919204712,67707.828125,27991.4140625,39716.4140625,67914.15625,28160.921875,39753.23828125,-0.0030473305378109217,-0.006055707577615976,-0.0009271788294427097,-0.30473305378109217,1.1571233049035072,-0.408567313849926,0.971275495365262,-0.8687284037470817,1.560763856768608,2.8295815063267944,1.870776318013668,557.4518748968134,557.4518748968134,greedy,1.870776318013668,0.0,hard_fault_cluster
259,N6102,control0,-0.1868954449892044,2.245733767747879,3.5966717958450314,-0.1868954449892044,0.07289136946201324,1.702719448506832,3.0930041432380673,0.0007289136946201324,0.012307047843933105,0.026237787678837776,0.026237787678837776,1.8941140446066855,0.019030850380659103,0.02186010777950287,0.004826214164495468,67914.484375,28161.58203125,39752.90625,67872.609375,28011.84375,39860.76953125,0.0006165842059999704,0.00531711196526885,-0.0027133433613926172,0.061658420599997044,2.0022141952067614,1.0056257937848567,1.927867327351123,0.8488143776357174,2.1253571942448617,3.1378964533656837,2.245733767747879,559.6976086645612,559.6976086645612,greedy,2.245733767747879,0.0,hard_fault_cluster
260,N6217,control0,-0.15812279284000397,2.0842232383787636,3.5436677455902097,-0.15812279284000397,0.0764797031879425,0.7137806303799152,2.129115030169487,0.0007647970318794251,0.006060779094696045,0.023739127442240715,0.023739127442240715,0.05015146240592,0.017441600561141968,0.019197292625904083,0.004323132336139679,67872.625,28011.765625,39860.85546875,67807.5859375,27909.146484375,39898.4375,0.0009582517668604851,0.0036634299904108047,-0.0009428305202163756,0.09582517668604851,1.84437888674438,1.0992735107243061,1.7692147637717426,1.0617739041149616,1.5687864527106283,2.594711194261908,2.0842232383787636,561.78183190294,561.78183190294,greedy,2.0842232383787636,0.0,hard_fault_cluster
261,N8020,control0,0.1689775139093399,3.0605013012886046,4.242057228088378,0.1689775139093399,0.10209733247756958,1.1318164601922034,2.2778483867645263,0.0010209733247756958,0.009065896272659302,0.024647587910294533,0.024647587910294533,-0.061222084164619495,0.022092439234256744,0.027630724012851715,0.004800029098987579,67807.4296875,27908.021484375,39899.41015625,67383.453125,27788.328125,39595.12890625,0.006252656225115061,0.004288851283490658,0.007626209408044815,0.6252656225115061,2.3359888438135386,1.696706812977791,2.2409301535226405,1.7901729756593705,2.351294183731079,3.6283412194252014,3.0605013012886046,564.8423332042286,564.8423332042286,greedy,3.0605013012886046,0.0,hard_fault_cluster
262,N8032,control0,0.23545275628566742,2.4173684045672417,3.940057492256164,0.23545275628566742,0.10330207645893097,0.7125508067011833,2.1334331572055816,0.0010330207645893098,0.0064806342124938965,0.025450050830841064,0.025450050830841064,-0.5115881225466729,0.02112257108092308,0.030935555696487427,0.0027146190404891968,67382.9375,27787.982421875,39594.953125,67187.4296875,27699.810546875,39487.6171875,0.0029014439787715673,0.0031730218324810266,0.0027108490467071533,0.29014439787715673,2.24100923538208,1.322802012860775,2.144445139914751,1.678381150662899,2.1167049676179888,3.4758582289516924,2.4173684045672417,567.2597016087958,567.2597016087958,greedy,2.4173684045672417,0.0,hard_fault_cluster
263,N15737,control1,-0.028233449906110764,1.8145390346646306,2.58349769115448,-0.028233449906110764,0.125967338681221,0.9233969484269618,1.2680856883525848,0.00125967338681221,-0.06629675626754761,0.06326869130134583,0.06326869130134583,0.7652105838060379,0.007939565926790237,-0.001391880214214325,0.0014589577913284302,67187.53125,27700.640625,39486.890625,67645.75,27849.94921875,39795.8046875,-0.0068199969828128815,-0.005390077363699675,-0.007823205552995205,-0.6819996982812881,0.9831926226615906,0.6759338305890561,0.8412656001746655,0.6553824768960477,1.2051329210400583,2.088938143327832,1.8145390346646306,569.0742406434605,569.0742406434605,greedy,1.8145390346646306,0.0,hard_fault_cluster
264,N1920,observe,-0.10655447095632553,1.9728914760053158,1.6257425606250764,-0.10655447095632553,0.1359250694513321,1.6009413566440345,1.2952566742897034,0.001359250694513321,-0.058188945055007935,0.05739971250295639,0.05739971250295639,0.4040252824034542,0.012184135615825653,0.006519809365272522,0.001511935144662857,67646.0234375,27850.4609375,39795.5625,68050.34375,27923.74609375,40126.6015625,-0.005977000575512648,-0.002631380455568433,-0.008318492211401463,-0.5977000575512648,1.4117383435368538,1.0009702251607087,1.2667447570711374,0.998319606607547,1.6429748851805925,1.3489683807082473,1.9728914760053158,571.0471321194658,571.0471321194658,greedy,1.9728914760053158,0.0,hard_fault_cluster
265,N1699,observe,0.16820119321346283,3.362056776881218,2.7196374118328093,0.16820119321346283,0.144060418009758,2.2671320378780364,1.5962926864624023,0.00144060418009758,-0.04976743459701538,0.054412126541137695,0.054412126541137695,0.29257978737354273,0.016506284475326538,0.010368041694164276,0.003063090145587921,68050.1875,27923.37890625,40126.80859375,68013.1875,28004.43359375,40008.7578125,0.0005437163636088371,-0.0029027536511421204,0.0029419430065900087,0.05437163636088371,1.8491009920835495,1.4613326694071294,1.7002465836703777,1.4661692287027837,2.632127293944359,1.9819467242062094,3.362056776881218,574.409188896347,574.409188896347,greedy,3.362056776881218,0.0,hard_fault_cluster
266,N3967,observe,0.11704806983470917,2.383042991161346,1.5723594188690184,0.11704806983470917,0.14517515897750854,3.1257083609700205,2.3960105061531065,0.0014517515897750854,-0.05687716603279114,0.058569006621837616,0.058569006621837616,0.39254442006349566,0.015751373022794724,0.011393934488296509,0.002421043813228607,68013.4609375,28004.859375,40008.6015625,68054.359375,28007.5703125,40046.7890625,-0.0006013285601511598,-9.680239600129426e-05,-0.0009544822387397289,-0.060132856015115976,1.7788814678788185,3.379098848104477,1.626073343679309,3.423248652219772,2.7209746956825254,2.0048146206885575,2.383042991161346,576.7922318875084,576.7922318875084,greedy,2.383042991161346,0.0,hard_fault_cluster
267,N1718,observe,0.16880686581134796,3.3578257679939267,2.671157020330429,0.16880686581134796,0.14372389018535614,2.5161284476518633,1.7701102614402768,0.0014372389018535614,-0.049692898988723755,0.058987006545066833,0.058987006545066833,0.030025711655616738,0.016902785748243332,0.01305263489484787,0.002654779702425003,68054.015625,28007.22265625,40046.7890625,68053.40625,28097.234375,39956.171875,8.954284567153081e-06,-0.0032138752285391092,0.002262782771140337,0.0008954284567153081,1.8929894715547562,3.1517514514923097,1.740956299006939,3.075432734489441,2.95981585085392,2.1947878938913346,3.3578257679939267,580.1500576555023,580.1500576555023,greedy,3.3578257679939267,0.0,hard_fault_cluster
268,N3964,observe,0.08732938766479492,2.8048321336507795,1.8812641799449918,0.08732938766479492,0.1470337063074112,3.338010448217392,2.6127923011779783,0.0014703370630741119,-0.05513489246368408,0.05965723097324371,0.05965723097324371,0.2452278035879134,0.016016628593206406,0.013201437890529633,0.002072729170322418,68053.703125,28097.58203125,39956.125,68081.828125,28103.1796875,39978.64453125,-0.0004132765461690724,-0.00019922199135180563,-0.0005636065034195781,-0.04132765461690724,1.8083537966012955,2.676921949386597,1.6533355936408043,2.60858570098877,2.89538708627224,2.166228886470199,2.8048321336507795,582.9548897891531,582.9548897891531,greedy,2.8048321336507795,0.0,hard_fault_cluster
269,N14706,control1,-0.04504985734820366,2.5419225975871083,3.6085983037948606,-0.04504985734820366,0.147288516163826,1.288907560110092,2.3839642167091366,0.0014728851616382598,-0.06302675604820251,0.06717788428068161,0.06717788428068161,0.8322180619835853,0.012879721820354462,0.013878971338272095,0.00024369359016418457,68081.5,28102.61328125,39978.8828125,68261.6484375,28190.7421875,40070.90625,-0.0026460704393684864,-0.003135968465358019,-0.0023018012288957834,-0.26460704393684864,1.5024385824799538,1.4255763867497444,1.341588782146573,1.429236469566822,1.6471945449709893,3.1706764542311427,2.5419225975871083,585.4968123867402,585.4968123867402,greedy,2.5419225975871083,0.0,hard_fault_cluster
270,N1942,observe,-0.1731252521276474,3.5060693114995956,2.974106138944626,-0.1731252521276474,0.15339258313179016,1.2788740414381028,0.7651591479778289,0.0015339258313179017,-0.06465059518814087,0.0629146471619606,0.0629146471619606,0.5010668686032295,0.013390514999628067,0.016180962324142456,-0.00020151585340499878,68262.078125,28191.41796875,40070.65625,68515.75,28246.07421875,40269.67578125,-0.0037161463405936956,-0.0019387549255043268,-0.004966714885085821,-0.37161463405936956,1.5553587302565575,1.465767167545855,1.3931283075362444,1.4570934996381402,2.1157157376408575,1.6112873888015746,3.5060693114995956,589.0028816982398,589.0028816982398,greedy,3.5060693114995956,0.0,hard_fault_cluster
271,N3973,observe,-0.10110079497098923,2.7888291709125044,2.577953970432281,-0.10110079497098923,0.16069915890693665,0.6694424526393412,-1.666827496886253,0.0016069915890693665,-0.07315334677696228,0.06492622941732407,0.06492622941732407,1.0699195249378681,0.014726277440786362,0.01838090270757675,0.00022785738110542297,68515.640625,28245.94140625,40269.703125,68333.28125,28160.7109375,40172.56640625,0.002661573002114892,0.0030174411367625,0.002412153873592615,0.2661573002114892,1.6982531324028969,1.1060583399236203,1.5290340911597013,1.1126972840726377,1.6839452102780343,0.5430461557209495,2.7888291709125044,591.7917108691523,591.7917108691523,greedy,2.7888291709125044,0.0,hard_fault_cluster
272,N1717,observe,-0.19468316435813904,2.076252534799278,1.9361815571784973,-0.19468316435813904,0.15164771676063538,0.5120877459272741,-1.722060940414667,0.0015164771676063537,-0.0790095329284668,0.07279025763273239,0.07279025763273239,1.030724934078753,0.013944022357463837,0.01780291646718979,0.0002729147672653198,68332.953125,28160.33984375,40172.61328125,68260.171875,28141.06640625,40119.1015625,0.0010650973999872804,0.0006844177842140198,0.0013320447178557515,0.10650973999872804,1.6188402101397514,0.9072067478299142,1.4505117293447256,0.9165834227204324,1.3200740706175567,0.49290784297511003,2.076252534799278,593.8679634039516,593.8679634039516,greedy,2.076252534799278,0.0,hard_fault_cluster
273,N1934,observe,-0.31931573152542114,1.5453116308897732,1.449343132972717,-0.31931573152542114,0.18178297579288483,0.24659389123320574,-1.872176395356655,0.0018178297579288483,-0.07121410965919495,0.0577220544219017,0.0577220544219017,1.105228620506823,0.01637566089630127,0.03405427932739258,-0.0004573613405227661,68259.9296875,28140.669921875,40119.2578125,68441.59375,28201.5078125,40240.08984375,-0.0026613574009388685,-0.0021619205363094807,-0.0030118213035166264,-0.26613574009388685,1.8770711198449135,1.1913423478603362,1.6974423471838236,1.1996753752231597,0.872613698989153,-0.017167570926248765,1.5453116308897732,595.4132750348414,595.4132750348414,greedy,1.5453116308897732,0.0,hard_fault_cluster
274,N3961,observe,-0.24160762131214142,3.9691248297691346,3.375429832935333,-0.24160762131214142,0.16029894351959229,-1.1427221944928172,-3.4052919149398804,0.001602989435195923,-0.08773598074913025,0.07075437158346176,0.07075437158346176,4.898100300729275,0.015416208654642105,0.02212408185005188,-5.0067901611328125e-06,68441.9140625,28202.15234375,40239.76171875,68300.328125,28138.677734375,40161.65234375,0.002068702131509781,0.002250700956210494,0.0019410992972552776,0.2068702131509781,1.7726741805672646,1.6614225354790686,1.599384194239974,1.7012106624245642,1.3953899264335634,0.34313358619809187,3.9691248297691346,599.3823998646105,599.3823998646105,greedy,3.9691248297691346,0.0,hard_fault_cluster
275,N12532,observe,-0.23139923810958862,2.379936295747757,2.725905919075012,-0.23139923810958862,0.15290866792201996,-0.33890822082757965,-2.473205494880676,0.0015290866792201996,-0.08868345618247986,0.07827332615852356,0.07827332615852356,1.9034136644005775,0.01599252223968506,0.023413047194480896,0.00031607598066329956,68300.015625,28138.5390625,40161.4765625,68179.84375,28090.1015625,40089.7421875,0.0017594706732779741,0.0017213935498148203,0.0017861488740891218,0.1759470673277974,1.8304342180490494,1.2007262727618218,1.6570477224886417,1.237312795817852,1.2275742173194886,0.4759311044216158,2.379936295747757,601.7623361603582,601.7623361603582,greedy,2.379936295747757,0.0,hard_fault_cluster
276,N3931,observe,-0.2468862384557724,3.0984960883855823,3.7800482273101803,-0.2468862384557724,0.15865060687065125,-0.36113157585263256,-1.5717537283897398,0.0015865060687065124,-0.09512344002723694,0.07435259968042374,0.07435259968042374,2.12817714586854,0.016949735581874847,0.02455923706293106,0.0007376633584499359,68180.5703125,28090.431640625,40090.140625,68130.6484375,28073.14453125,40057.50390625,0.0007322009187191725,0.0006154091679491103,0.0008140834397636354,0.07322009187191725,1.9279767647385597,1.369387523382902,1.7532243598252535,1.3822170059382914,1.5072298586368562,1.3527464246749878,3.0984960883855823,604.8608322487438,604.8608322487438,greedy,3.0984960883855823,0.0,hard_fault_cluster
277,N16750,control0,-0.3750142753124237,1.7586774162948131,3.1259123563766478,-0.3750142753124237,0.1298217624425888,0.11594405293464655,-2.011582008004188,0.0012982176244258881,-0.10299798846244812,0.08618149161338806,0.08618149161338806,0.9497518371045589,0.011124838143587112,0.018392957746982574,-0.0018596798181533813,68130.0078125,28072.78125,40057.2265625,68069.9921875,27929.287109375,40140.703125,0.0008808985585346818,0.0051115043461322784,-0.0020839327480643988,0.08808985585346818,1.328487068414688,0.5579730673134327,1.1664846278727055,0.5449715657532215,1.0463276192545892,0.7851129525154832,1.7586774162948131,606.6195096650387,606.6195096650387,greedy,1.7586774162948131,0.0,hard_fault_cluster
278,N1937,observe,-0.3252619802951813,2.2885631754994393,1.7133097648620605,-0.3252619802951813,0.15300321578979492,3.164276773482561,2.94000723361969,0.0015300321578979492,-0.09725755453109741,0.07810818403959274,0.07810818403959274,0.14467043980956062,0.015096742659807205,0.025219865143299103,-0.0006075352430343628,68070.671875,27929.7421875,40140.92578125,68217.3671875,28033.75,40183.6171875,-0.002155044348910451,-0.003723908681422472,-0.0010635381331667304,-0.2155044348910451,1.7407856658101082,3.0382787391543387,1.5674521159380674,2.9724770709872246,2.6027504317462444,2.2811537194624543,2.2885631754994393,608.9080728405381,608.9080728405381,greedy,2.2885631754994393,0.0,hard_fault_cluster
279,N3958,observe,-0.278555303812027,3.753663682937622,3.204733920097351,-0.278555303812027,0.1583881825208664,1.7634390145540237,2.6507452726364136,0.0015838818252086639,-0.10168218612670898,0.07405723631381989,0.07405723631381989,0.3754370701313018,0.017100542783737183,0.026310928165912628,0.00044896453619003296,68217.46875,28033.712890625,40183.7578125,68109.28125,27990.7890625,40118.49609375,0.0015859208069741726,0.0015311503084376454,0.0016240819822996855,0.15859208069741726,1.9424996972084045,2.1337128651142123,1.7681656330823898,2.119840480089188,2.7088044524192814,2.7654382461309437,3.753663682937622,612.6617365234757,612.6617365234757,greedy,3.753663682937622,0.0,hard_fault_cluster
280,N3952,observe,-0.27161744236946106,3.9808713108301164,3.4314677238464357,-0.27161744236946106,0.15724419057369232,1.6437977743148804,0.9426225125789641,0.0015724419057369231,-0.10211652517318726,0.07508660852909088,0.07508660852909088,0.7240369702424868,0.017748963087797165,0.028344400227069855,0.0005121603608131409,68109.25,27990.76953125,40118.4765625,68078.15625,27983.45703125,40094.703125,0.0004565275739878416,0.0002612468379084021,0.0005925807636231184,0.04565275739878416,2.0072271078824997,2.2131775513907135,1.8329790085554123,2.2110845938940704,2.7994636774063113,2.2075946465134626,3.9808713108301164,616.6426078343059,616.6426078343059,greedy,3.9808713108301164,0.0,hard_fault_cluster
281,N4338,observe,-0.3967767059803009,2.346094457805157,2.922001802921295,-0.3967767059803009,0.14266787469387054,3.500779712945223,3.1282211422920225,0.0014266787469387053,-0.09648224711418152,0.07327922433614731,0.07327922433614731,0.48455036565661425,0.01395513117313385,0.025059126317501068,-0.0016023963689804077,68070.8046875,27971.57421875,40099.23046875,68362.9375,28102.0625,40260.87890625,-0.004291601944714785,-0.004665031563490629,-0.004031210672110319,-0.42916019447147846,1.6114602163434029,1.0474872186034918,1.4494998920708895,1.0395182564109564,2.5231664501130577,2.6521925739571452,2.346094457805157,618.988702292111,618.988702292111,greedy,2.346094457805157,0.0,hard_fault_cluster
282,N6084,control0,-0.41878852248191833,2.8163560781627894,3.978047180175781,-0.41878852248191833,0.11745364964008331,-0.3379118143580855,-2.5393505334854125,0.001174536496400833,-0.1002512276172638,0.08594675362110138,0.08594675362110138,1.7891126935742794,0.011087395250797272,0.020118877291679382,-0.0025948286056518555,68369.234375,28113.2578125,40255.9765625,68294.140625,27976.728515625,40317.4140625,0.0010983558604493737,0.004856402520090342,-0.001526170875877142,0.10983558604493737,1.3121399283409119,0.5581914275698363,1.1595896258950233,0.5814864612929522,1.4541454687714577,1.0501945547014477,2.8163560781627894,621.8050583702739,621.8050583702739,greedy,2.8163560781627894,0.0,hard_fault_cluster
283,N12509,observe,-0.4051683843135834,2.5218059837818148,2.3903682708740233,-0.4051683843135834,0.12422499060630798,2.131835068762302,1.0072029411792753,0.0012422499060630798,-0.0983763337135315,0.09039976447820663,0.09039976447820663,2.2681331251561643,0.013231679797172546,0.021068714559078217,-0.001040138304233551,68294.0,27976.51171875,40317.4921875,68398.578125,28138.625,40259.953125,-0.0015312930336222053,-0.00579462107270956,0.001427148818038404,-0.15312930336222053,1.5377927348017693,1.4445558275282382,1.3768241684883833,1.420186408907175,1.9868405506014823,1.7163343968987466,2.5218059837818148,624.3268643540557,624.3268643540557,greedy,2.5218059837818148,0.0,hard_fault_cluster
284,N11064,control0,-0.09713634848594666,3.6307444930076596,3.989013886451721,-0.09713634848594666,0.13479816913604736,3.1148859232664106,3.4678579330444332,0.0013479816913604737,-0.10301300883293152,0.08874347805976868,0.08874347805976868,1.6231544989347455,0.015373066067695618,0.026437990367412567,-0.0011978596448898315,68398.6640625,28138.84375,40259.8203125,67931.953125,27987.98046875,39943.96875,0.0068233925849199295,0.005361388903111219,0.00784533005207777,0.682339258491993,1.7608482539653778,1.7556002828478814,1.5931920185685158,1.6738858911395074,2.971279075741768,4.031331399232149,3.6307444930076596,627.9576088470634,627.9576088470634,greedy,3.6307444930076596,0.0,hard_fault_cluster
285,N5052,observe,-0.4144476354122162,2.362121333926916,1.7340774953365325,-0.4144476354122162,0.12529882788658142,2.117018253728747,1.3397234734147787,0.0012529882788658141,-0.08699500560760498,0.09030622988939285,0.09030622988939285,1.8017831579595804,0.01358133926987648,0.026830270886421204,-0.0026217997074127197,67930.0625,27985.525390625,39944.5390625,68373.3203125,28113.279296875,40260.0390625,-0.006525208242237568,-0.004564999602735043,-0.007898451760411263,-0.6525208242237568,1.5737389847636223,0.9993164355680346,1.4120351914316416,0.8919756228849292,1.8284162823110819,1.3412460200395437,2.362121333926916,630.3197301809903,630.3197301809903,greedy,2.362121333926916,0.0,hard_fault_cluster
286,N6066,control0,-0.13224373757839203,5.172413607919589,5.722580099105834,-0.13224373757839203,0.13300585746765137,1.4428788434108717,-1.5019092947244643,0.0013300585746765137,-0.09441432356834412,0.08737337589263916,0.08737337589263916,1.7723561142385005,0.014813624322414398,0.02845574915409088,-0.0023834630846977234,68375.0859375,28115.640625,40259.4453125,67891.015625,27929.5078125,39961.5078125,0.00707963015884161,0.006620258558541536,0.007400437258183956,0.707963015884161,1.7017416656017303,1.8733372156322003,1.5364572405815125,1.8532401983439923,3.6608903095126157,3.0095787011832007,5.172413607919589,635.4921437889099,635.4921437889099,greedy,5.172413607919589,0.0,hard_fault_cluster
287,N3067,observe,-0.48972851037979126,1.8809006087481979,1.4031192541122435,-0.48972851037979126,0.15045127272605896,2.180817537382245,1.6767827957868575,0.0015045127272605896,-0.06953045725822449,0.0748187005519867,0.0748187005519867,0.3567107781022787,0.014709211885929108,0.04023095220327377,-0.002819962799549103,67891.046875,27929.4609375,39961.5859375,68313.6796875,28071.4609375,40242.21875,-0.006225162651389837,-0.0050842370837926865,-0.007022564299404621,-0.6225162651389837,1.6961911618709564,1.0875959315896035,1.5272386819124222,1.025940207540989,1.8377679359167816,1.3740608458034695,1.8809006087481979,637.3730443976581,637.3730443976581,greedy,1.8809006087481979,0.0,hard_fault_cluster
288,N12537,observe,-0.25889459252357483,5.277015016973018,5.230915164947509,-0.25889459252357483,0.19638793170452118,2.142167203873396,-0.9225215554237365,0.0019638793170452117,-0.055597931146621704,0.05278031527996063,0.05278031527996063,0.28963240206241603,0.023967601358890533,0.07145041227340698,0.0014233887195587158,68313.3671875,28071.2109375,40242.15625,68258.703125,28148.21875,40110.484375,0.0008001956739462912,-0.002743302145972848,0.003271988593041897,0.08001956739462912,2.645928382873535,4.032163407802582,2.459052197635174,4.173847558498382,3.75801813006401,2.4398477279394863,5.277015016973018,642.6500594146311,642.6500594146311,greedy,5.277015016973018,0.0,hard_fault_cluster
289,N3946,observe,-0.39923766255378723,3.1144215166568756,2.7066274285316463,-0.39923766255378723,0.21057860553264618,4.182804742455483,3.1664752423763276,0.002105786055326462,-0.057079583406448364,0.03685382753610611,0.03685382753610611,-3.0537918597459797,0.026107627898454666,0.07553119957447052,0.0008643418550491333,68259.046875,28148.546875,40110.5,68297.2890625,28164.337890625,40132.94921875,-0.0005602508317679167,-0.0005609886720776558,-0.0005596843548119068,-0.05602508317679167,2.858195222914219,3.728906341791153,2.6726208981126547,3.6334345066547398,4.03807307779789,2.90781770080328,3.1144215166568756,645.764480931288,645.764480931288,greedy,3.1144215166568756,0.0,hard_fault_cluster
290,N6172,control0,-0.4947699010372162,2.367401507496834,4.032962155342101,-0.4947699010372162,0.09597273170948029,-2.215717435181141,-3.3286226272583006,0.0009597273170948028,-0.08501538634300232,0.08730991929769516,0.08730991929769516,1.5749258422851564,0.012897729873657227,0.024571508169174194,-0.002280794084072113,68297.1875,28164.34375,40132.84375,68304.7734375,28005.623046875,40299.1484375,-0.0001110724697355181,0.0056355195119977,-0.004143855068832636,-0.01110724697355181,1.473055638372898,-1.865609671473503,1.3355936501175165,-1.729867245554924,0.2337244033813478,0.4334897398948672,2.367401507496834,648.1318824387848,648.1318824387848,greedy,2.367401507496834,0.0,hard_fault_cluster
291,N4866,control0,-0.13933579623699188,5.26989363823086,5.999999999999999,-0.13933579623699188,0.13370154798030853,1.1640032145194708,-0.40531056225299833,0.0013370154798030853,-0.09040823578834534,0.07219359278678894,0.07219359278678894,1.8162624000012872,0.016076605767011642,0.02685447782278061,-0.000242576003074646,68313.0390625,28006.087890625,40306.953125,68360.3828125,28058.783203125,40301.59765625,-0.0006930411909706891,-0.0018815663643181324,0.00013286712055560201,-0.0693041190970689,1.8135557174682617,1.7094708089530468,1.6591343618929386,1.7046520714461804,2.822837601602078,2.938200748190284,5.26989363823086,653.4017760770157,653.4017760770157,greedy,5.26989363823086,0.0,hard_fault_cluster
292,N16221,control1,-0.4972429573535919,1.7208180248737337,2.952113234996795,-0.4972429573535919,0.2610921859741211,1.5513375766575337,1.9800596833229063,0.002610921859741211,-0.05300140380859375,0.006721796467900276,0.006721796467900276,0.021452745348215063,0.024820849299430847,0.09162399172782898,0.0008702166378498077,68348.8671875,28056.822265625,40292.046875,68645.859375,28271.77734375,40374.0859375,-0.004345239140093327,-0.007661419454962015,-0.002036110498011112,-0.43452391400933266,2.749898912385106,1.6448069176077844,2.54903842555359,1.6194000682234764,1.604360208660364,2.8067817011848093,1.7208180248737337,655.1225941018895,655.1225941018895,greedy,1.7208180248737337,0.0,hard_fault_cluster
293,N11213,control0,-0.5948821306228638,1.6231660813093185,2.842960619926452,-0.5948821306228638,0.1369047909975052,-2.2909643737971783,-4.07914478778839,0.0013690479099750519,-0.09095785021781921,0.06220970302820206,0.06220970302820206,4.898736572116614,0.012918353080749512,0.03080298751592636,-0.002728670835494995,68646.7890625,28272.779296875,40374.0078125,68395.046875,28104.1171875,40290.93359375,0.0036672099959105253,0.005965529941022396,0.002057616366073489,0.36672099959105253,1.4909498021006584,0.34508472844958293,1.341613931581378,0.38851192757487285,-0.31580820083618155,-0.10027533054351777,1.6231660813093185,656.7457601831989,656.7457601831989,greedy,1.6231660813093185,0.0,hard_fault_cluster
294,N6136,control0,-0.4061964750289917,2.3867459207773205,3.895063805580139,-0.4061964750289917,0.08109734952449799,-1.997123910933733,-3.6855169534683228,0.0008109734952449799,-0.12117177248001099,0.0898590013384819,0.08109734952449799,3.0405278135836125,0.00992952287197113,0.012841708958148956,-0.0016182437539100647,68394.6171875,28103.8515625,40290.765625,68229.375,28012.70703125,40216.66796875,0.002416011644527316,0.003243133192881942,0.001839072909206152,0.2416011644527316,1.163908638060093,-0.0794691364467145,1.035691374912858,-0.09544634029269228,0.43357908725738525,0.41865077495574976,2.3867459207773205,659.1325061039762,659.1325061039762,greedy,2.3867459207773205,0.0,hard_fault_cluster
295,N6208,control0,0.23229163885116577,5.165002808272838,4.441112852096557,0.23229163885116577,0.2587593197822571,6.480214722454548,5.999999999999999,0.002587593197822571,-0.1776406466960907,0.11846498399972916,0.11846498399972916,6.02841133132577,0.009205639362335205,-0.0036006756126880646,-0.001417785882949829,68229.484375,28012.73828125,40216.75,67740.7890625,27892.4375,39848.3515625,0.0071625239215791225,0.0042945025488734245,0.009160323068499565,0.7162523921579123,1.2977882400155067,1.5748845203220845,1.014870012179017,1.457941280156374,4.582096587121486,4.553362781628966,5.165002808272838,664.297508912249,664.297508912249,greedy,5.165002808272838,0.0,hard_fault_cluster
296,N6190,control0,-0.08033176511526108,3.944507724493742,3.8362226724624633,-0.08033176511526108,0.2535896897315979,5.769680629670621,5.999999999999999,0.002535896897315979,-0.1770283281803131,0.12198220193386078,0.12198220193386078,2.4742414242029187,0.007876172661781311,-0.015215162187814713,-0.0012376531958580017,67740.46875,27892.14453125,39848.3203125,67944.609375,27887.65625,40056.94921875,-0.0030135696288198233,0.00016091560246422887,-0.005235576070845127,-0.3013569628819823,1.1631891578435898,0.8595668068528175,0.8815102390944958,0.7897813162207603,3.855741247534752,4.081231810897589,3.944507724493742,668.2420166367427,668.2420166367427,greedy,3.944507724493742,0.0,hard_fault_cluster
297,N11012,control0,-0.3641667664051056,1.2378993958234785,2.5886857748031615,-0.3641667664051056,0.1646321564912796,0.6272359516471624,2.01651713848114,0.001646321564912796,-0.17408975958824158,0.11874531954526901,0.11874531954526901,0.907189662605524,0.007657606154680252,-0.015166006982326508,-0.0008895620703697205,67944.6171875,27887.5703125,40057.046875,67874.40625,27828.8984375,40045.5078125,0.0010333553655073047,0.002103871898725629,0.0002880657266359776,0.10333553655073047,1.0491380915045738,0.7010877164453269,0.8366049844771624,0.7520304354280234,0.9300839364528656,2.1795545586943628,1.2378993958234785,669.4799160325662,669.4799160325662,greedy,1.2378993958234785,0.0,hard_fault_cluster
298,N3000,control0,0.11649598926305771,6.089229299128055,5.999999999999999,0.11649598926305771,0.23379181325435638,3.087033921256661,3.0948255300521845,0.002337918132543564,-0.1833881139755249,0.12427736073732376,0.12427736073732376,2.3132275010645387,0.007795345038175583,-0.0058927349746227264,-0.002229750156402588,67874.7421875,27829.3671875,40045.375,67453.6484375,27753.416015625,39700.234375,0.006203982979059219,0.002729173516854644,0.008618738502264023,0.6203982979059219,1.1376036778092384,1.006836463585496,0.8690517973154783,0.8775712185353042,4.203508752584457,4.307280689179898,6.089229299128055,675.5691453316942,675.5691453316942,greedy,6.089229299128055,0.0,hard_fault_cluster
299,N10202,control0,-0.17067863047122955,2.5628006763756273,3.432734966278076,-0.17067863047122955,0.24327512085437775,2.109383630380034,3.025318598747253,0.0024327512085437777,-0.18305513262748718,0.12102262675762177,0.12102262675762177,1.5653241363912822,0.006659064441919327,-0.017180804163217545,-0.0018613338470458984,67453.1328125,27752.92578125,39700.20703125,67689.2890625,27771.009765625,39918.28125,-0.0035010420251637697,-0.0006516064167954028,-0.005493024829775095,-0.35010420251637697,1.0302041918039322,0.3465300531312823,0.7569808810949326,0.3364539773389697,1.9430764500051736,2.837999692503363,2.5628006763756273,678.1319460080699,678.1319460080699,greedy,2.5628006763756273,0.0,hard_fault_cluster
300,N6127,control0,0.24415601789951324,2.995979701727629,3.972911381721496,0.24415601789951324,0.3286009430885315,1.6730050168186426,2.6235514760017393,0.0032860094308853147,-0.19136974215507507,0.11537927389144897,0.11537927389144897,1.0891120439767836,0.007537875324487686,-0.008126616477966309,-0.0023209378123283386,67689.4453125,27771.21875,39918.2265625,67232.453125,27626.43359375,39606.0234375,0.006751306354999542,0.005213496740907431,0.007821067236363888,0.6751306354999542,1.197767749428749,1.2848310667276381,0.8647825866937637,1.1098404723405837,2.2400837481021885,3.0310544362664222,2.995979701727629,681.1279257097975,681.1279257097975,greedy,2.995979701727629,0.0,hard_fault_cluster
301,N6057,control0,0.31421148777008057,3.8382838040590292,4.515527772903442,0.31421148777008057,0.3407438397407532,1.7756578849256037,2.5290539026260372,0.003407438397407532,-0.197912335395813,0.11704719811677933,0.11704719811677933,1.1197847017645834,0.006499789655208588,-0.0058562979102134705,-0.003333672881126404,67232.40625,27626.439453125,39605.96875,67049.875,27538.30078125,39511.57421875,0.002714929636567831,0.0031903740018606186,0.0023833410814404488,0.2714929636567831,1.1077700033783913,1.2417591562867165,0.7644267249852419,1.0911090722680092,2.423365926742554,3.1501878523826603,3.8382838040590292,684.9662095138566,684.9662095138566,greedy,3.8382838040590292,0.0,hard_fault_cluster
302,N6026,control0,0.3423232138156891,3.231987436115742,4.112258529663086,0.3423232138156891,0.3529536724090576,1.5448235830664634,2.4739350259304045,0.0035295367240905763,-0.2062772810459137,0.11863001435995102,0.11863001435995102,1.2178046068549155,0.005448445677757263,-0.004968903958797455,-0.004217848181724548,67049.7734375,27538.265625,39511.5078125,66955.515625,27447.23046875,39508.28125,0.0014057887019589543,0.0033057695254683495,8.166133920894936e-05,0.14057887019589543,1.016428254544735,1.0474352604150772,0.6627404894679785,0.8915219670534135,2.0318009167909623,2.8956705959141256,3.231987436115742,688.1981969499724,688.1981969499724,greedy,3.231987436115742,0.0,hard_fault_cluster
303,N11285,control0,0.035338182002305984,1.9237739719450475,3.1632220387458796,0.035338182002305984,0.31157684326171875,0.9830946983397006,2.248747211694717,0.0031157684326171874,-0.2155553251504898,0.11681042611598969,0.11681042611598969,0.8848060090839862,0.005159221589565277,-0.007296763360500336,-0.0038334503769874573,66955.546875,27447.1640625,39508.3828125,67377.953125,27460.88671875,39917.0625,-0.006308756768703461,-0.0004999662633053958,-0.010344126261770725,-0.6308756768703461,0.9443094283342361,0.7644295225292445,0.6230189763009548,0.7198300192505122,1.2175782553851606,1.8414258660003542,1.9237739719450475,690.1219709219174,690.1219709219174,greedy,1.9237739719450475,0.0,hard_fault_cluster
304,N6244,control0,0.22112658619880676,3.094615522027016,4.022373795509338,0.22112658619880676,0.3363801836967468,1.387604409456253,2.372081559896469,0.0033638018369674685,-0.2164744734764099,0.1231146901845932,0.1231146901845932,1.0526070892810822,0.0048416852951049805,-0.004828367382287979,-0.0046912506222724915,67377.8125,27460.9140625,39916.8984375,67140.203125,27375.234375,39764.96875,0.003526522545143962,0.0031200596131384373,0.003806149587035179,0.3526522545143962,0.9436634033918381,1.1836624892055987,0.599042247980833,1.183662429600954,1.9323667854070665,2.8310384105145934,3.094615522027016,693.2165864439444,693.2165864439444,greedy,3.094615522027016,0.0,hard_fault_cluster
305,N6118,control0,0.26450327038764954,3.3489683479070664,4.282820677757263,0.26450327038764954,0.35054945945739746,1.3139418909698724,2.3158218443393705,0.0035054945945739747,-0.2224191129207611,0.12385531514883041,0.12385531514883041,1.0979554073512552,0.003967538475990295,-0.0044235289096832275,-0.005385532975196838,67140.1015625,27375.19140625,39764.91015625,67093.703125,27322.5,39771.203125,0.000691068940795958,0.0019247867166996002,-0.00015825431910343468,0.0691068940795958,0.8711586222052574,1.214507531747222,0.5153550412505865,1.0061552044004203,1.9639100678265096,2.8515415440872314,3.3489683479070664,696.5655547918515,696.5655547918515,greedy,3.3489683479070664,0.0,hard_fault_cluster
306,N7954,control0,0.5873467922210693,4.847859252616764,5.5453267097473145,0.5873467922210693,0.42723244428634644,1.6976496492698787,2.4600097656249997,0.004272324442863465,-0.23069427907466888,0.112423375248909,0.112423375248909,0.9822243797779082,0.007643695920705795,-0.00021106749773025513,-0.003289245069026947,67093.5234375,27321.890625,39771.6328125,67128.6953125,27159.66796875,39969.02734375,-0.0005242216284386814,0.00593746080994606,-0.004963199142366648,-0.052422162843868136,1.304025411605835,1.7505633740872146,0.8992835469543934,1.7726018338650467,2.9030464887619014,3.4619802176952357,4.847859252616764,701.4134140444683,701.4134140444683,greedy,4.847859252616764,0.0,hard_fault_cluster
307,N8034,control0,0.3840087950229645,2.9699795439839365,3.601010179519653,0.3840087950229645,0.40724557638168335,1.536492428779602,2.324499529600143,0.0040724557638168336,-0.2324477583169937,0.11829494684934616,0.11829494684934616,1.0659685137867927,0.004576921463012695,-0.003511514514684677,-0.004941515624523163,67128.09375,27158.87109375,39969.2265625,67407.375,27357.5078125,40049.8671875,-0.004160422831773758,-0.007313879672437906,-0.002017567865550518,-0.4160422831773758,0.983232669532299,1.6297362652420997,0.5890772771090269,1.64759822756052,1.7704381078481675,3.2507847701013084,2.9699795439839365,704.3833935884522,704.3833935884522,greedy,2.9699795439839365,0.0,hard_fault_cluster
308,N6154,control0,0.3735544979572296,3.284944179654121,4.150374221801758,0.3735544979572296,0.42138469219207764,1.3837530156970024,2.3227174878120422,0.004213846921920776,-0.239131361246109,0.12105616927146912,0.12105616927146912,1.3467731511592866,0.0034264549612998962,-0.0031536780297756195,-0.0057870373129844666,67407.84375,27358.814453125,40049.03125,67501.6015625,27435.25,40066.3515625,-0.0013909036060795188,-0.002793818013742566,-0.0004324776818975806,-0.13909036060795188,0.8850863575935364,1.6092350751161575,0.4782557114958763,1.6086961299180984,2.0806223690509795,3.4524045398831364,3.284944179654121,707.6683377681063,707.6683377681063,greedy,3.284944179654121,0.0,hard_fault_cluster
309,N3049,observe,0.26597753167152405,3.1147036076088397,2.5392571449279786,0.26597753167152405,0.4346439838409424,1.240342841332133,0.6977362334728241,0.004346439838409424,-0.23354968428611755,0.10901112109422684,0.10901112109422684,0.6137362778186798,0.005205664783716202,-0.0020947419106960297,-0.004279613494873047,67501.5,27435.14453125,40066.3515625,68108.765625,27686.416015625,40422.3515625,-0.0089963274076581,-0.009158744476735592,-0.008885261602699757,-0.89963274076581,1.0642215833067894,1.8352783607318996,0.6564802546054125,2.3015148900449276,2.0542529106140135,1.5713386353105305,3.1147036076088397,710.7830413757151,710.7830413757151,greedy,3.1147036076088397,0.0,hard_fault_cluster
310,N3949,observe,0.23749993741512299,3.4498331919312477,2.6590386033058167,0.23749993741512299,0.25634580850601196,3.313011236488819,2.6146407842636106,0.0025634580850601198,-0.16517403721809387,0.09146380424499512,0.09146380424499512,0.535337679386139,0.0076906718313694,0.007089503109455109,-0.004440054297447205,68108.828125,27686.42578125,40422.40625,68367.734375,27803.96875,40563.765625,-0.0038013611920177937,-0.004245508927851915,-0.003497055033221841,-0.38013611920177937,1.116876795887947,2.069961745142937,0.8560195863246918,1.977202372699976,3.2261885583400725,2.492594296559691,3.4498331919312477,714.2328745676464,714.2328745676464,greedy,3.4498331919312477,0.0,hard_fault_cluster
311,N12533,observe,0.26491034030914307,2.790866419672966,2.4403769612312316,0.26491034030914307,0.2017296701669693,2.187717519700527,1.6017695665359495,0.002017296701669693,-0.12359753251075745,0.0636281669139862,0.0636281669139862,-1.0125034281611445,0.013110455125570297,0.02893032133579254,-0.003982514142990112,68367.640625,27803.892578125,40563.75,68802.2265625,27993.05078125,40809.17578125,-0.006356603000313044,-0.0068032993003726006,-0.006050372030586004,-0.6356603000313044,1.5764033496379852,2.3932525235414506,1.3773849718272686,3.3812002259492875,2.8077566623687744,2.1834783298522233,2.790866419672966,717.0237409873193,717.0237409873193,greedy,2.790866419672966,0.0,hard_fault_cluster
312,N11116,control0,-0.04932170733809471,2.732021238058805,2.912544155120849,-0.04932170733809471,0.40252065658569336,5.728760991990566,5.999999999999999,0.004025206565856933,-0.20694825053215027,0.08638691157102585,0.08638691157102585,1.8402988702058791,0.00782909244298935,-0.008093088865280151,-0.0013751834630966187,68802.4609375,27993.373046875,40809.08984375,68796.921875,27854.12109375,40942.796875,8.050674659898505e-05,0.004974461160600185,-0.003276403062045574,0.008050674659898505,1.2718168124556541,2.2695390236377713,0.9051361363381147,1.978013159036636,3.3153205662965775,4.094941855221987,2.732021238058805,719.7557622253781,719.7557622253781,greedy,2.732021238058805,0.0,hard_fault_cluster
313,N2978,observe,0.10521968454122543,2.1053447767626494,1.6962574183940888,0.10521968454122543,0.4109858274459839,1.1206554919155316,0.7105793356895447,0.004109858274459839,-0.20724940299987793,0.09660361707210541,0.09660361707210541,0.9994285610318183,0.008378397673368454,-0.002672199159860611,-0.0017902031540870667,68796.796875,27853.875,40942.921875,69080.8359375,27981.833984375,41099.0,-0.004128667060285807,-0.004593938123434782,-0.0038120904937386513,-0.41286670602858067,1.3454292118549347,1.9193628579378128,0.9647371284663677,2.0283665448427204,1.6061779022216798,1.2800874061882497,2.1053447767626494,721.8611070021408,721.8611070021408,greedy,2.1053447767626494,0.0,hard_fault_cluster
314,N3955,observe,0.24249647557735443,4.3039821803569795,2.7721353232860566,0.24249647557735443,0.4585941433906555,4.94980721026659,3.8587731242179872,0.004585941433906555,-0.20276618003845215,0.0918303057551384,0.0918303057551384,1.0322865182906389,0.01120927557349205,-0.0011043250560760498,-0.0003947615623474121,69080.828125,27981.84375,41098.984375,69369.75,28097.69140625,41272.0546875,-0.004182374104857445,-0.004140100907534361,-0.004211060702800751,-0.4182374104857445,1.671352006494999,2.272770506152883,1.2585336696356535,1.9560162842366844,4.025262428820133,2.997605306059122,4.3039821803569795,726.1650891824978,726.1650891824978,greedy,4.3039821803569795,0.0,hard_fault_cluster
315,N12534,observe,0.1195092424750328,3.5366130262613296,2.764679503440857,0.1195092424750328,0.2326541692018509,3.1976213842630385,2.392092102766037,0.002326541692018509,-0.13389664888381958,0.07843835651874542,0.07843835651874542,0.6434097063541412,0.012711726129055023,0.01735760271549225,-0.0024788305163383484,69369.5546875,28097.57421875,41271.98046875,69695.1640625,28200.220703125,41494.9453125,-0.004693836905062199,-0.003653215244412422,-0.005402329843491316,-0.46938369050621986,1.5822651386260986,1.5487448789179326,1.3489457443356514,1.5463616468012333,3.1769215762615204,2.4187283697724347,3.5366130262613296,729.7017022087591,729.7017022087591,greedy,3.5366130262613296,0.0,hard_fault_cluster
316,N14393,control1,-0.03073127195239067,5.410501856356859,5.999999999999999,-0.03073127195239067,0.2047349363565445,1.6541246080398557,2.232162970304489,0.002047349363565445,-0.133255273103714,0.0921289399266243,0.0921289399266243,1.2096940831840037,0.00940142571926117,0.016536571085453033,-0.004097871482372284,69694.390625,28199.53125,41494.86328125,69886.859375,28325.56640625,41561.29296875,-0.0027616103179752827,-0.004469405859708786,-0.0016009134706109762,-0.27616103179752827,1.2370064482092857,1.169602885618806,1.0143585409969091,1.0595711914449932,2.95314913764596,3.540202601514757,5.410501856356859,735.112204065116,735.112204065116,greedy,5.410501856356859,0.0,hard_fault_cluster
317,N6253,control0,-0.12876303493976593,2.848019115254283,3.3299767732620236,-0.12876303493976593,0.39611995220184326,2.345530444961041,2.944201838970184,0.003961199522018432,-0.19301065802574158,0.11929523944854736,0.11929523944854736,1.2251557497307657,0.004928324371576309,-0.011838924139738083,-0.003436170518398285,69887.78125,28326.50390625,41561.28125,70148.3359375,28207.341796875,41940.99609375,-0.0037281864788383245,0.0042067356407642365,-0.009136264212429523,-0.37281864788383245,1.0082476288080215,0.34233119824901226,0.6216862350702286,0.2875881355442107,1.745293357782066,2.1844406825583427,2.848019115254283,737.9602231803702,737.9602231803702,greedy,2.848019115254283,0.0,hard_fault_cluster
318,N3943,observe,0.28013625741004944,4.046007620543242,3.3370354056358336,0.28013625741004944,0.5144162774085999,1.7341291559487582,0.9743885934352874,0.005144162774085998,-0.19405785202980042,0.09753226488828659,0.09753226488828659,0.5988542625308036,0.01079382374882698,-0.0012593045830726624,-0.000629328191280365,70148.5390625,28207.375,41941.1640625,70198.890625,28373.052734375,41825.8359375,-0.0007177849183790386,-0.005873560905456543,0.002749759703874588,-0.07177849183790386,1.6913309171795845,3.735052378922701,1.2323695104569197,2.7199637253582476,2.6578436613082888,2.0335184506326915,4.046007620543242,742.0062308009135,742.0062308009135,greedy,4.046007620543242,0.0,hard_fault_cluster
319,N8036,control0,0.2831014096736908,3.753657296299934,4.459844756126404,0.2831014096736908,0.4977230429649353,1.6628286579251288,2.46388543844223,0.0049772304296493534,-0.2029731273651123,0.11215774714946747,0.11215774714946747,1.459801857471466,0.007411658763885498,-0.00026629120111465454,-0.0034326761960983276,70197.71875,28372.154296875,41825.5625,69967.140625,28337.142578125,41629.99609375,0.0032846953254193068,0.0012340169632807374,0.004675762727856636,0.3284695325419307,1.3510466665029526,1.6128819146752358,0.8936360739171505,1.1171876350045205,2.220045283436775,3.5430294342339037,3.753657296299934,745.7598880972134,745.7598880972134,greedy,3.753657296299934,0.0,hard_fault_cluster
320,N3409,observe,0.20300725102424622,2.7843659296631813,2.2385673582553864,0.20300725102424622,0.4605042338371277,1.3435476624965668,0.7534366786479949,0.0046050423383712765,-0.20959079265594482,0.11568591743707657,0.11568591743707657,0.9048234382271766,0.007101967930793762,-0.000495225191116333,-0.0035625770688056946,69967.90625,28337.7265625,41630.1796875,70156.1875,28455.8203125,41700.37109375,-0.002690966008231044,-0.00416736863553524,-0.0016860702307894826,-0.2690966008231044,1.2863869443535805,2.9357721507549286,0.8542443308979273,2.266639858484268,1.9992391794919968,1.5254283621907236,2.7843659296631813,748.5442540268766,748.5442540268766,greedy,2.7843659296631813,0.0,hard_fault_cluster
321,N12626,observe,0.20093612372875214,4.323270823061466,3.7753276586532594,0.20093612372875214,0.4606434106826782,3.0204203948378563,2.0355924010276794,0.004606434106826782,-0.21228694915771484,0.11494134366512299,0.11494134366512299,1.0834697550535202,0.007722247391939163,0.0003131851553916931,-0.0034410953521728516,70156.1953125,28455.951171875,41700.2421875,70272.0078125,28506.369140625,41765.640625,-0.0016507807886227965,-0.001771789975464344,-0.0015682987868785858,-0.16507807886227965,1.3478094935417175,2.507692911326885,0.9161209277808666,2.6962816497683524,3.1936469823122025,2.7346951207518577,4.323270823061466,752.867524849938,752.867524849938,greedy,4.323270823061466,0.0,hard_fault_cluster
322,N5081,observe,0.10048936307430267,4.0288803949952126,3.754042887687683,0.10048936307430267,0.41106337308883667,3.008160372078419,3.220064091682434,0.004110633730888367,-0.21290847659111023,0.1223158910870552,0.1223158910870552,1.2664996778964994,0.006233550608158112,0.000499427318572998,-0.004575580358505249,70272.0546875,28506.25390625,41765.80078125,70347.4921875,28564.3359375,41783.15625,-0.0010735064279288054,-0.0020375188905745745,-0.0004155425704084337,-0.10735064279288054,1.156734324991703,1.1474907130002974,0.7566998768597841,1.0912332266569136,2.962820518016815,3.0950644623488186,4.0288803949952126,756.8964052449332,756.8964052449332,greedy,4.0288803949952126,0.0,hard_fault_cluster
323,N19060,control1,0.0028238045051693916,3.780619877949357,3.0223774433135984,0.0028238045051693916,0.3683934807777405,3.887750465236604,4.1227639436721795,0.0036839348077774047,-0.21313238143920898,0.13621237874031067,0.13621237874031067,1.535281708575785,0.002815455198287964,-0.0005611777305603027,-0.006590485572814941,70347.140625,28564.07421875,41783.0625,70458.984375,28626.080078125,41832.90625,-0.0015898833516985178,-0.002170763909816742,-0.0011929175816476345,-0.15898833516985178,0.7861513793468475,0.4949888583831489,0.4076969847083092,0.4775801204703748,3.1624937782064078,3.1038915176782753,3.780619877949357,760.6770251228826,760.6770251228826,greedy,3.780619877949357,0.0,hard_fault_cluster
324,N15752,control1,0.03927333280444145,4.6517448261845855,4.008450746536255,0.03927333280444145,0.34153592586517334,3.5466203079326077,3.5429934501647944,0.0034153592586517335,-0.1799945831298828,0.141152486205101,0.141152486205101,1.5642945272149515,0.002472609281539917,-0.0018609166145324707,-0.006319545209407806,70459.0078125,28626.125,41832.8828125,70620.71875,28714.828125,41905.890625,-0.0022951066493988037,-0.0030986773781478405,-0.0017452255124226213,-0.22951066493988037,0.729949340224266,0.646486713362392,0.3679330311715603,0.6316621492593549,3.3921667249174785,3.2617468971025665,4.6517448261845855,765.3287699490671,765.3287699490671,greedy,4.6517448261845855,0.0,hard_fault_cluster
325,N14721,control1,0.08470215648412704,3.354478055238724,4.05352554321289,0.08470215648412704,0.3571036458015442,2.432886606454849,3.188385248184204,0.003571036458015442,-0.17977121472358704,0.14412744343280792,0.14412744343280792,1.9019570064544677,0.0017839446663856506,-0.0020350925624370575,-0.006741158664226532,70620.7109375,28714.8125,41905.8984375,70847.484375,28795.265625,42052.21484375,-0.003211146453395486,-0.00280179874971509,-0.0034915467258542776,-0.3211146453395486,0.6796255558729172,0.5223415521532297,0.3037022389471531,0.4675275841355324,2.3385393977165223,3.1994043586403134,3.354478055238724,768.6832480043058,768.6832480043058,greedy,3.354478055238724,0.0,hard_fault_cluster
326,N16771,control0,-0.1317436397075653,3.1528899443149565,3.3757311582565306,-0.1317436397075653,0.35372912883758545,3.7891298174858092,4.135568475723266,0.0035372912883758546,-0.20700347423553467,0.13256420195102692,0.13256420195102692,2.7861186945438385,0.0022294819355010986,-0.00012282654643058777,-0.007181741297245026,70847.28125,28795.267578125,42052.015625,70645.40625,28560.16796875,42085.2421875,0.002849438926205039,0.008164522238075733,-0.0007901300559751689,0.2849438926205039,0.7092415243387222,0.2871549880504608,0.34452152624726295,0.2298974698781967,2.5134457886219024,3.2087397626042367,3.1528899443149565,771.8361379486208,771.8361379486208,greedy,3.1528899443149565,0.0,hard_fault_cluster
327,N10048,control1,-0.07921814173460007,3.256761261820793,3.951010918617248,-0.07921814173460007,0.3375753164291382,2.4030605174601076,1.880503737926483,0.0033757531642913817,-0.20648902654647827,0.14271213114261627,0.14271213114261627,2.467272491082549,0.0009993091225624084,-9.25697386264801e-05,-0.008070200681686401,70644.890625,28559.55078125,42085.3359375,70717.4609375,28665.30078125,42052.16015625,-0.0010272549698129296,-0.0037027893122285604,0.0007882979116402566,-0.10272549698129296,0.5802183598279953,0.5479863481968641,0.22000277414917946,0.5346187958866357,2.285818613320589,2.654961177147925,3.256761261820793,775.0928992104416,775.0928992104416,greedy,3.256761261820793,0.0,hard_fault_cluster
328,N16236,control1,-0.027366992086172104,3.0514620584249497,3.2748488187789917,-0.027366992086172104,0.306943416595459,2.99834785759449,3.4204436302185055,0.0030694341659545897,-0.17509663105010986,0.14609086513519287,0.14609086513519287,3.9711489036679266,0.0009830966591835022,-0.001423809677362442,-0.007554054260253906,70718.015625,28665.76171875,42052.25,70933.1015625,28759.154296875,42173.9453125,-0.0030414587818086147,-0.0032579833641648293,-0.0028939072508364916,-0.3041458781808615,0.5513439476490021,-2.7616325905919075,0.21156823635101318,-3.416129975616932,1.557082441449165,2.3853101979196065,3.0514620584249497,778.1443612688665,778.1443612688665,greedy,3.0514620584249497,0.0,hard_fault_cluster
329,N11246,control0,-0.011071923188865185,2.511173044145107,3.316891694068908,-0.011071923188865185,0.15040457248687744,0.45777787625789623,-2.0960074841976164,0.0015040457248687745,-0.07481333613395691,0.09325449913740158,0.09325449913740158,3.270106629878282,0.026509016752243042,0.05964921414852142,0.004625946283340454,70933.953125,28760.07421875,42173.875,70727.421875,28558.751953125,42168.66796875,0.002911599352955818,0.007000060752034187,0.0001234657975146547,0.2911599352955818,2.894560746848583,3.4555332183837892,2.711816443130374,3.9075154781341555,1.6161596566438676,1.6805037768185143,2.511173044145107,780.6555343130117,780.6555343130117,greedy,2.511173044145107,0.0,hard_fault_cluster
330,N10831,observe,-0.07613210380077362,1.5516589289414697,1.6250691056251525,-0.07613210380077362,0.11433036625385284,1.2159094920114148,-0.033380436897277765,0.0011433036625385284,-0.07183927297592163,0.1180979534983635,0.11433036625385284,1.9843303422629834,0.02574160322546959,0.05781461298465729,0.004814084619283676,70726.96875,28558.3671875,42168.60546875,70716.2109375,28707.703125,42008.5078125,0.00015210339915938675,-0.005229148082435131,0.0037966077215969563,0.015210339915938675,2.8065886422991753,3.3774421399831773,2.632267402485013,2.509874982237816,1.4866125747561456,1.100054247826338,1.5516589289414697,782.2071932419532,782.2071932419532,greedy,1.5516589289414697,0.0,hard_fault_cluster
331,N5075,observe,-0.12207455188035965,1.911429265420884,1.822407066822052,-0.12207455188035965,0.08601655066013336,1.126614259527996,-0.7190055191516875,0.0008601655066013337,-0.07192271947860718,0.1259162724018097,0.08601655066013336,1.847133175432682,0.024980124086141586,0.05569567531347275,0.004697792232036591,70716.25,28707.58203125,42008.6640625,70566.921875,28738.92578125,41828.0,0.0021116521675139666,-0.0010918283369392157,0.004300638101994991,0.21116521675139666,2.7099452316761017,2.8925582885742185,2.5509956143796444,2.689923405647278,1.7302681297063827,0.9653233975917102,1.911429265420884,784.1186225073741,784.1186225073741,greedy,1.911429265420884,0.0,hard_fault_cluster
332,N3394,observe,-0.1537402719259262,2.330492650717497,2.257978928089142,-0.1537402719259262,0.07053731381893158,1.0891375613957643,-0.6546297907829284,0.0007053731381893158,-0.07172974944114685,0.1291847676038742,0.07053731381893158,1.4685116410255432,0.024517863988876343,0.05409381538629532,0.004679977893829346,70566.640625,28738.73828125,41827.8984375,70434.8828125,28741.4609375,41693.421875,0.0018671401776373386,-9.47381995501928e-05,0.00321499677374959,0.18671401776373386,2.65150848031044,2.262036038637161,2.5017169192433357,2.1514774212241172,1.7623927175998688,1.0093183162063362,2.330492650717497,786.4491151580916,786.4491151580916,greedy,2.330492650717497,0.0,hard_fault_cluster
333,N3094,observe,-0.16797088086605072,2.4661883577704433,2.267410314083099,-0.16797088086605072,0.06622932851314545,1.4768870666623115,-0.23157945871353158,0.0006622932851314545,-0.07168939709663391,0.13000111281871796,0.06622932851314545,1.5962365955114364,0.02424192801117897,0.05332891643047333,0.0046006254851818085,70435.3515625,28741.8515625,41693.5,70320.1484375,28731.080078125,41589.0703125,0.0016355867264792323,0.0003747665323317051,0.0025046993978321552,0.16355867264792323,2.6204232424497604,2.0002572959661484,2.473250411450863,1.9050552076101304,1.8965104043483736,1.1243789522349836,2.4661883577704433,788.915303515862,788.915303515862,greedy,2.4661883577704433,0.0,hard_fault_cluster
334,N1421,observe,-0.02656449005007744,2.8140508502721784,2.700768756866455,-0.02656449005007744,0.1003120094537735,1.9142939299345016,0.33928110599517813,0.001003120094537735,-0.07122594118118286,0.12130434811115265,0.1003120094537735,2.2390391039848327,0.02711639180779457,0.0580478236079216,0.005495242774486542,70319.765625,28730.4765625,41589.28515625,70163.4609375,28710.421875,41453.0390625,0.002222770359367132,0.000698028365150094,0.003275990253314376,0.22227703593671322,2.9332555383443832,2.590407984852791,2.7670432701706886,2.4862300330400466,2.3601571977138516,1.9086642393469808,2.8140508502721784,791.7293543661342,791.7293543661342,greedy,2.8140508502721784,0.0,hard_fault_cluster
335,N3937,observe,-0.07520004361867905,2.3342602878808973,2.3665478229522705,-0.07520004361867905,0.09142039716243744,1.6101502195000648,0.029820919036865234,0.0009142039716243744,-0.07321915030479431,0.12098749727010727,0.09142039716243744,1.9000624844431875,0.02556440234184265,0.05637754499912262,0.004713431000709534,70163.6484375,28710.9140625,41452.734375,70167.453125,28719.171875,41448.28515625,-5.4225907661020756e-05,-0.00028761927387677133,0.00010733233648352325,-0.005422590766102076,2.76884812861681,2.0089416517317296,2.6095422077924013,2.060167313963175,1.9961164757609366,1.5957328527420758,2.3342602878808973,794.063614654015,794.063614654015,greedy,2.3342602878808973,0.0,hard_fault_cluster
336,N3130,observe,-0.13791689276695251,2.144888053834438,2.1563380718231198,-0.13791689276695251,0.0748768001794815,1.6130603864789008,-0.1372162699699403,0.0007487680017948151,-0.07367169857025146,0.12724845111370087,0.0748768001794815,1.8510068482160569,0.024301089346408844,0.05424422025680542,0.004244346171617508,70167.6328125,28719.28125,41448.3515625,70152.0078125,28723.029296875,41428.9765625,0.000222681017476134,-0.00013050629058852792,0.0004674492229241878,0.0222681017476134,2.6322341859340668,1.8166793066263198,2.48064024746418,1.8231970745325088,1.8479588389396668,1.4167036685347558,2.144888053834438,796.2085027078494,796.2085027078494,greedy,2.144888053834438,0.0,hard_fault_cluster
337,N961,observe,-0.1111576184630394,2.2392386436462406,2.2163203954696655,-0.1111576184630394,0.08246441185474396,2.0015594586730003,0.2989377737045288,0.0008246441185474396,-0.0739910900592804,0.12826482951641083,0.08246441185474396,2.370882453471422,0.02470632642507553,0.0547388419508934,0.004425577819347382,70151.8125,28722.91796875,41428.89453125,70078.265625,28682.9375,41395.328125,0.001048395992256701,0.0013919362099841237,0.0008102172869257629,0.1048395992256701,2.681361883878708,2.057406974583864,2.523314952850342,2.0519662626087665,2.091572569310665,1.6464965327829124,2.2392386436462406,798.4477413514957,798.4477413514957,greedy,2.2392386436462406,0.0,hard_fault_cluster
338,N3899,observe,-0.10755849629640579,2.0729468047618864,2.145368456840515,-0.10755849629640579,0.08448712527751923,1.851947459578514,0.2319081425666807,0.0008448712527751922,-0.0749792754650116,0.12586109340190887,0.08448712527751923,2.2801436230540277,0.02432664856314659,0.05523672699928284,0.00402490422129631,70078.3046875,28682.970703125,41395.3359375,70063.890625,28689.21484375,41374.67578125,0.0002056850935332477,-0.00021769505110569298,0.0004990937886759639,0.02056850935332477,2.643013074994087,2.1808375835418703,2.485251910984516,2.205684852600098,2.023890382051468,1.6344375619292262,2.0729468047618864,800.5206881562575,800.5206881562575,greedy,2.0729468047618864,0.0,hard_fault_cluster
339,N3112,observe,-0.14930939674377441,2.043098384141922,2.2635200977325436,-0.14930939674377441,0.07239547371864319,1.8896798864006996,0.12272822856903076,0.0007239547371864319,-0.07480654120445251,0.12912392616271973,0.07239547371864319,2.2803550980985166,0.023771684616804123,0.05369582027196884,0.003957722336053848,70064.0,28689.25,41374.75,70053.15625,28694.99609375,41358.15625,0.00015476920816581696,-0.0002002873516175896,0.0004010598349850625,0.015476920816581696,2.578687861561775,1.9555618499219416,2.427548311650753,1.95539245352149,1.9828302457928657,1.62062754817307,2.043098384141922,802.5637865403994,802.5637865403994,greedy,2.043098384141922,0.0,hard_fault_cluster
340,N3902,observe,-0.12830287218093872,2.049081599712372,2.2992727041244505,-0.12830287218093872,0.07882075011730194,2.0610466420650484,0.3841240644454955,0.0007882075011730194,-0.07414776086807251,0.12388565391302109,0.07882075011730194,2.5681000393629074,0.023948926478624344,0.0542588010430336,0.0039029568433761597,70053.0390625,28694.953125,41358.0859375,70049.84375,28703.47265625,41346.37109375,4.561276000458747e-05,-0.00029689999064430594,0.0002832540194503963,0.004561276000458747,2.5975990518927574,2.1074510663747787,2.445569248870015,2.138555869460106,2.1270908772945405,1.7479577964544297,2.049081599712372,804.6128681401118,804.6128681401118,greedy,2.049081599712372,0.0,hard_fault_cluster
341,N12520,observe,0.0648091733455658,2.8927526116371154,3.2295394420623778,0.0648091733455658,0.14274923503398895,2.974738377332687,1.4989367008209227,0.0014274923503398895,-0.07220304012298584,0.11184277385473251,0.11184277385473251,3.2452891409397124,0.028678812086582184,0.05983523279428482,0.005839146673679352,70049.1796875,28702.95703125,41346.22265625,69716.828125,28545.63671875,41171.1953125,0.0047445460222661495,0.005480979103595018,0.00423321221023798,0.47445460222661495,3.12247321754694,3.2712004613876338,2.9315292108803988,3.3150520038604734,3.0734598517417906,2.7410804215073585,2.8927526116371154,807.5056207517489,807.5056207517489,greedy,2.8927526116371154,0.0,hard_fault_cluster
342,N3004,observe,-0.10800012201070786,1.6584892675280571,2.01545273065567,-0.10800012201070786,0.08861729502677917,1.4708526939153672,-0.868197464942932,0.0008861729502677917,-0.07874986529350281,0.12814193964004517,0.08861729502677917,2.1019081212580204,0.024599362164735794,0.053890660405159,0.004411462694406509,69717.6875,28546.251953125,41171.43359375,69925.09375,28652.443359375,41272.65234375,-0.0029749444220215082,-0.0037199771031737328,-0.002458470407873392,-0.2974944422021508,2.6766954511404037,3.2302434211969375,2.5141260251402855,2.9012009626626964,1.7117899417877196,1.1759429332613947,1.6584892675280571,809.1641100192769,809.1641100192769,greedy,1.6584892675280571,0.0,hard_fault_cluster
343,N3896,observe,-0.10192686319351196,1.9839715361595156,2.2267061352729796,-0.10192686319351196,0.08756382763385773,1.8432256951928139,-0.4511758208274841,0.0008756382763385772,-0.07796454429626465,0.12583577632904053,0.08756382763385773,2.292792323082685,0.024344734847545624,0.054806359112262726,0.004059594124555588,69924.96875,28652.3671875,41272.59765625,69941.640625,28666.37890625,41275.265625,-0.0002384252002229914,-0.0004890247946605086,-6.464261969085783e-05,-0.02384252002229914,2.6478730887174606,2.433069263100624,2.487823385745287,2.485434458851814,2.0210148647427557,1.4021425951272248,1.9839715361595156,811.1480815554364,811.1480815554364,greedy,1.9839715361595156,0.0,hard_fault_cluster
344,N1396,observe,-0.0977904424071312,2.2820608139038083,2.5219348192214968,-0.0977904424071312,0.08928686380386353,2.0170459792017934,-0.4877328157424927,0.0008928686380386353,-0.07788899540901184,0.12814517319202423,0.08928686380386353,2.403268158584833,0.024525463581085205,0.05442121624946594,0.0043043941259384155,69941.0,28665.65234375,41275.3515625,69902.0390625,28639.28515625,41262.75390625,0.0005570543580688536,0.0009198181796818972,0.0003052101528737694,0.05570543580688536,2.6699783951044083,2.3187372221052645,2.5069043673574924,2.355490638166666,2.153787152469158,1.4996537505835297,2.2820608139038083,813.4301423693403,813.4301423693403,greedy,2.2820608139038083,0.0,hard_fault_cluster
345,N3905,observe,-0.10207430273294449,2.1832782119512557,2.3902909517288204,-0.10207430273294449,0.08838342130184174,2.0266261041164397,0.346897828578949,0.0008838342130184174,-0.07734933495521545,0.12658490240573883,0.08838342130184174,2.489996123611927,0.024015765637159348,0.05466578155755997,0.003895767033100128,69902.625,28639.9609375,41262.6640625,69921.59375,28659.796875,41261.80078125,-0.0002713596331886947,-0.0006925965426489711,2.0921606846968643e-05,-0.02713596331886947,2.6165448874235153,2.4222431820631027,2.45531864464283,2.4695362186431886,2.177256596088409,1.8011578595638273,2.1832782119512557,815.6134205812915,815.6134205812915,greedy,2.1832782119512557,0.0,hard_fault_cluster
346,N1401,observe,-0.10046601295471191,2.327090638875961,2.5867385149002073,-0.10046601295471191,0.08920912444591522,1.94109757989645,-0.5698641180992128,0.0008920912444591523,-0.07750844955444336,0.12959857285022736,0.08920912444591522,2.304791305959225,0.024183660745620728,0.05438986420631409,0.0041084736585617065,69921.1171875,28659.208984375,41261.90625,69879.140625,28629.9921875,41249.14453125,0.0006003417074680328,0.001019455841742456,0.00030928573687560856,0.060034170746803284,2.6371737718582153,2.330045469254255,2.4730679988861084,2.367939599007368,2.139461858570576,1.4863740778714418,2.327090638875961,817.9405112201674,817.9405112201674,greedy,2.327090638875961,0.0,hard_fault_cluster
347,N3148,observe,-0.1583600789308548,2.0714679256081583,2.232603406906128,-0.1583600789308548,0.07115809619426727,1.8242406010627747,0.008764696121215776,0.0007115809619426727,-0.07799369096755981,0.13518790900707245,0.07115809619426727,2.165594443976879,0.022989418357610703,0.05297435075044632,0.0036199167370796204,69879.7890625,28630.650390625,41249.13671875,69877.15625,28639.49609375,41237.6640625,3.767630914808251e-05,-0.00030895922100171447,0.00027813081396743655,0.003767630914808251,2.50528784096241,2.199013046771288,2.350528337061405,2.249463762640953,1.9595252498984337,1.5756943901628258,2.0714679256081583,820.0119791457756,820.0119791457756,greedy,2.0714679256081583,0.0,hard_fault_cluster
348,N3908,observe,-0.13044865429401398,2.192305025458336,2.4493880987167356,-0.13044865429401398,0.07883691787719727,1.8931774839758873,0.19502873420715328,0.0007883691787719726,-0.07559257745742798,0.13074493408203125,0.07883691787719727,2.3478779225051403,0.02319863811135292,0.05449891835451126,0.003454141318798065,69877.03125,28639.42578125,41237.6015625,69873.890625,28646.828125,41227.0625,4.494502718443982e-05,-0.0002584668982308358,0.000255569233559072,0.004494502718443982,2.5294456630945206,2.2029935674369336,2.372259274125099,2.2369516448676587,2.1131794944405558,1.7326602498441936,2.192305025458336,822.204284171234,822.204284171234,greedy,2.192305025458336,0.0,hard_fault_cluster
349,N924,observe,-0.08667125552892685,2.455212911963463,2.8116885185241696,-0.08667125552892685,0.09182929992675781,1.8934450775384901,-0.5361446976661683,0.0009182929992675781,-0.07467350363731384,0.12952688336372375,0.09182929992675781,2.301479572057724,0.024300001561641693,0.05667935311794281,0.003746315836906433,69873.5859375,28646.498046875,41227.0859375,69754.46875,28580.177734375,41174.29296875,0.0017047527944669127,0.0023151279892772436,0.0012805408332496881,0.17047527944669127,2.651356339454651,2.4401090213656427,2.4853392019867897,2.4467821189761163,2.236112603545189,1.6026276366412642,2.455212911963463,824.6594970831975,824.6594970831975,greedy,2.455212911963463,0.0,hard_fault_cluster
350,N3166,observe,-0.16673116385936737,2.0959961220622065,2.3268253564834596,-0.16673116385936737,0.06812971830368042,1.7269551455974579,-0.11767790317535409,0.0006812971830368042,-0.07567211985588074,0.13786853849887848,0.06812971830368042,2.047777304947376,0.02268175780773163,0.05421470105648041,0.003226812928915024,69754.984375,28580.634765625,41174.34765625,69800.0,28609.48828125,41190.5078125,-0.0006453391979448497,-0.0010095477337017655,-0.0003924811608158052,-0.06453391979448497,2.4741740375757217,2.2126522713899615,2.3196753449738026,2.2653596097230912,1.9331420674920083,1.5417912311106923,2.0959961220622065,826.7554932052597,826.7554932052597,greedy,2.0959961220622065,0.0,hard_fault_cluster
351,N3911,observe,-0.13848945498466492,2.247956523299217,2.5103992223739624,-0.13848945498466492,0.07521982491016388,1.8211867585778234,0.09198896884918195,0.0007521982491016388,-0.07333794236183167,0.13333989679813385,0.07521982491016388,2.2495642670989033,0.02294856682419777,0.05563361942768097,0.0031354092061519623,69799.71875,28609.26953125,41190.453125,69804.4375,28620.556640625,41183.8828125,-6.760413816664368e-05,-0.00039452631608583033,0.00015951057139318436,-0.006760413816664368,2.5034164041280746,2.2126426650583744,2.3469966128468513,2.248315448909998,2.1001363202929495,1.6981299590319394,2.247956523299217,829.0034497285588,829.0034497285588,greedy,2.247956523299217,0.0,hard_fault_cluster
352,N926,observe,-0.12661996483802795,2.360626941919327,2.6953448057174683,-0.12661996483802795,0.07924601435661316,1.7506955325603486,-0.7309435725212097,0.0007924601435661316,-0.07338288426399231,0.13537932932376862,0.07924601435661316,2.0587671422958373,0.023233871906995773,0.055721841752529144,0.0033142492175102234,69804.25,28620.296875,41183.94921875,69744.578125,28579.41796875,41165.1640625,0.0008548458572477102,0.0014283187920227647,0.0004561280948109925,0.08548458572477102,2.538012534379959,2.3444765189290044,2.3770435266196728,2.233865557014942,2.0562565475702286,1.432914190143347,2.360626941919327,831.3640766704782,831.3640766704782,greedy,2.360626941919327,0.0,hard_fault_cluster
353,N3040,observe,-0.18001990020275116,2.042603652179241,2.2984362125396727,-0.18001990020275116,0.06201577186584473,1.6253492519259451,-0.26087044477462773,0.0006201577186584473,-0.07379689812660217,0.14038312435150146,0.06201577186584473,1.9102155327796935,0.022117681801319122,0.05423973500728607,0.002898622304201126,69745.15625,28579.935546875,41165.21875,69749.78125,28588.6953125,41161.0859375,-6.63128521409817e-05,-0.0003065005294047296,0.00010039573680842295,-0.00663128521409817,2.4141670763492584,2.0553705623745917,2.262367904186249,2.0960967472195624,1.8416604667901995,1.4585782061517243,2.042603652179241,833.4066803226574,833.4066803226574,greedy,2.042603652179241,0.0,hard_fault_cluster
354,N3890,observe,-0.14802059531211853,2.2423018097877505,2.618794083595276,-0.14802059531211853,0.07217799127101898,1.7620399728417395,-0.04450776576995863,0.0007217799127101898,-0.07059153914451599,0.13467411696910858,0.07217799127101898,2.167034402191639,0.022506162524223328,0.05560615658760071,0.0028656572103500366,69749.4609375,28588.4765625,41160.984375,69752.3203125,28597.46484375,41154.85546875,-4.09949388995301e-05,-0.00031440224847756326,0.0001489008718635887,-0.00409949388995301,2.4574683606624603,2.2276016603410245,2.3023292794823647,2.156055344194174,2.0595116809010507,1.6826717177778485,2.2423018097877505,835.6489821324451,835.6489821324451,greedy,2.2423018097877505,0.0,hard_fault_cluster
355,N923,observe,-0.13100941479206085,2.292943152785301,2.7396608114242555,-0.13100941479206085,0.07796357572078705,1.7715934813022611,-0.020696234703064142,0.0007796357572078705,-0.07044732570648193,0.1359955221414566,0.07796357572078705,2.099655947089195,0.022871486842632294,0.055856853723526,0.00305977463722229,69752.046875,28597.171875,41154.875,69691.421875,28555.00390625,41136.421875,0.0008691500988788903,0.001474550343118608,0.00044838248868472874,0.08691500988788903,2.501107782125473,2.4122089159488675,2.3406384587287903,2.305393064916134,2.0492149144411087,1.7528841428458692,2.292943152785301,837.9419252852304,837.9419252852304,greedy,2.292943152785301,0.0,hard_fault_cluster
356,N928,observe,-0.19453507661819458,2.0202780477702618,2.260907447338104,-0.19453507661819458,0.06970171630382538,1.791750433295965,-0.0984757900238038,0.0006970171630382538,-0.03053310513496399,0.14234086871147156,0.06970171630382538,2.0758092340826986,0.01886996626853943,0.055088624358177185,-0.0009162351489067078,69691.7578125,28555.3828125,41136.375,69704.0546875,28566.6015625,41137.453125,-0.00017644661420490593,-0.0003928768855985254,-2.6208555937046185e-05,-0.017644661420490593,2.09903921186924,1.9210604131221771,1.940007273107767,1.8455481231212616,1.8475170254707336,1.3833125153183938,2.0202780477702618,839.9622033330006,839.9622033330006,greedy,2.0202780477702618,0.0,hard_fault_cluster
357,N3031,observe,-0.2105558067560196,1.9398747146129607,2.219000780582428,-0.2105558067560196,0.06309561431407928,1.647146461904049,-0.24559870958328234,0.0006309561431407928,-0.029456734657287598,0.14334866404533386,0.06309561431407928,1.8883502539992332,0.018285147845745087,0.054385341703891754,-0.0012900680303573608,69704.2109375,28566.6328125,41137.578125,69696.84375,28565.39453125,41131.44921875,0.00010569214646238834,4.334712139097974e-05,0.00014898559311404824,0.010569214646238834,2.034959062933922,1.9349770177900791,1.880125854164362,1.8640042175352574,1.7421274408698082,1.3036566039174797,1.9398747146129607,841.9020780476136,841.9020780476136,greedy,1.9398747146129607,0.0,hard_fault_cluster
358,N3977,observe,-0.17189732193946838,2.184077616035938,2.513881230354309,-0.17189732193946838,0.07675527036190033,1.8481527179479598,0.01023247241973868,0.0007675527036190032,-0.029650568962097168,0.13983868062496185,0.07675527036190033,2.14957057505846,0.019023749977350235,0.05566750466823578,-0.0008913353085517883,69696.703125,28565.29296875,41131.41015625,69706.640625,28577.11328125,41129.52734375,-0.0001425820664735511,-0.000413799803936854,4.577554136631079e-05,-0.01425820664735511,2.1189689487218857,2.3099460655450823,1.956523485481739,2.2296259681880475,1.9818501129746438,1.6312706328183415,2.184077616035938,844.0861556636495,844.0861556636495,greedy,2.184077616035938,0.0,hard_fault_cluster
359,N925,observe,-0.1503872275352478,2.1218069031834603,2.586660051345825,-0.1503872275352478,0.08434784412384033,1.8183135420084,0.02584177255630493,0.0008434784412384033,-0.030047059059143066,0.14102458953857422,0.08434784412384033,2.085531567633152,0.01911771669983864,0.055629879236221313,-0.0009396523237228394,69706.4140625,28576.8125,41129.6015625,69653.5390625,28537.640625,41115.8984375,0.0007585385465063155,0.0013707573525607586,0.00033316941699013114,0.07585385465063155,2.1371441036462784,2.2640822380781174,1.9681147783994675,2.260437545180321,1.937742654979229,1.6484804775565862,2.1218069031834603,846.207962566833,846.207962566833,greedy,2.1218069031834603,0.0,hard_fault_cluster
360,N3887,observe,-0.14509724080562592,2.152294817566872,2.4819311857223507,-0.14509724080562592,0.08831188082695007,1.8952070280909539,0.12617928981781001,0.0008831188082695007,-0.031959742307662964,0.13986198604106903,0.08831188082695007,2.237900379151106,0.019113551825284958,0.05583316087722778,-0.0008150041103363037,69653.78125,28537.92578125,41115.859375,69686.3828125,28563.720703125,41122.6640625,-0.0004680515849031508,-0.000903882144484669,-0.0001655003143241629,-0.04680515849031508,2.139529049396515,2.2237202958762645,1.9683986492455006,2.138220293968916,2.000334919989109,1.6417785967141392,2.152294817566872,848.3602573843998,848.3602573843998,greedy,2.152294817566872,0.0,hard_fault_cluster
361,N2960,observe,-0.19516822695732117,1.8085920147597792,2.2230586647987365,-0.19516822695732117,0.07165326178073883,1.5481426440179347,-0.2548651933670044,0.0007165326178073883,-0.0319671630859375,0.1432131677865982,0.07165326178073883,1.7887749987840653,0.01792822778224945,0.054056935012340546,-0.0014208704233169556,69686.578125,28563.88671875,41122.6953125,69701.7421875,28568.7421875,41133.0,-0.00021760378149338067,-0.00016998627688735723,-0.00025058395112864673,-0.021760378149338067,2.007689207792282,1.9603773403167724,1.8465393856167793,1.889745191335678,1.6593900442123413,1.246603302806616,1.8085920147597792,850.1688493991596,850.1688493991596,greedy,1.8085920147597792,0.0,hard_fault_cluster
362,N1426,observe,-0.15057067573070526,2.23934179097414,2.6330196857452393,-0.15057067573070526,0.08507673442363739,1.8889413058757782,-0.07302123308181785,0.0008507673442363739,-0.03139704465866089,0.1422528177499771,0.08507673442363739,2.182413270175457,0.018614385277032852,0.0549340546131134,-0.0012310519814491272,69701.046875,28567.98828125,41133.0625,69629.3671875,28523.310546875,41106.0546875,0.0010283875744789839,0.0015639089979231358,0.0006565962103195488,0.10283875744789839,2.0887680798768997,2.2632725147902963,1.9182709157466888,2.1718985943496225,2.013707037270069,1.6284856197983024,2.23934179097414,852.4081911901337,852.4081911901337,greedy,2.23934179097414,0.0,hard_fault_cluster
363,N2942,observe,-0.19559919834136963,1.9517341926693919,2.2439451694488524,-0.19559919834136963,0.07094614207744598,1.6587735101580618,-0.29301456212997423,0.0007094614207744599,-0.03205624222755432,0.145243838429451,0.07094614207744598,1.9177879804372788,0.017475135624408722,0.05339384824037552,-0.0017696097493171692,69630.0546875,28524.0234375,41106.03125,69654.828125,28541.09375,41113.734375,-0.0003557865566108376,-0.0005984538584016263,-0.00018739646475296468,-0.03557865566108376,1.9637035429477692,1.868683678507805,1.8015610575675964,1.7999542778730393,1.7543194174766543,1.2195725603401664,1.9517341926693919,854.3599253828031,854.3599253828031,greedy,1.9517341926693919,0.0,hard_fault_cluster
364,N1402,observe,-0.14751985669136047,2.312149810791016,2.6135889053344723,-0.14751985669136047,0.08634941279888153,1.9476795107126235,0.03574967384338379,0.0008634941279888153,-0.031934916973114014,0.14394904673099518,0.08634941279888153,2.254168341755867,0.018241293728351593,0.054554976522922516,-0.00152578204870224,69654.3671875,28540.515625,41113.8515625,69583.40625,28495.74609375,41087.65625,0.0010187579318881035,0.0015686308033764362,0.0006371408235281706,0.10187579318881035,2.054427832365036,2.2718045416474344,1.8817039877176285,2.1818164291977884,2.07199065387249,1.6404400171339513,2.312149810791016,856.6720751935941,856.6720751935941,greedy,2.312149810791016,0.0,hard_fault_cluster
365,N4337,observe,-0.27620384097099304,1.5714965850114821,1.8136708259582517,-0.27620384097099304,0.070972740650177,1.5313782528042792,-0.7722256422042846,0.00070972740650177,-0.032906800508499146,0.14160913228988647,0.070972740650177,2.3551380087435247,0.017583467066287994,0.05568140745162964,-0.001666046679019928,69581.796875,28492.7578125,41089.0390625,69859.328125,28562.01953125,41297.3125,-0.003988561220467091,-0.002430853433907032,-0.005068832077085972,-0.39885612204670906,1.970928579568863,1.955951343923807,1.8114921748638153,1.9007502903044222,1.5880222365260124,0.8456643301993609,1.5714965850114821,858.2435717786055,858.2435717786055,greedy,1.5714965850114821,0.0,hard_fault_cluster
366,N2933,observe,-0.24414823949337006,2.1022114232182503,2.7089641094207764,-0.24414823949337006,0.06558109819889069,1.4495575174689292,-0.9875777840614317,0.0006558109819889069,-0.03236207365989685,0.1417931616306305,0.06558109819889069,2.3397877559065816,0.01805713400244713,0.05504292994737625,-0.001417800784111023,69861.4765625,28565.6328125,41295.84375,69854.25,28596.8359375,41257.4140625,0.00010344130714656785,-0.0010923309018835425,0.0009305945714004338,0.010344130714656785,2.013087660074234,1.8522400790452958,1.8575569652020931,1.8610011273622513,1.7068757891654969,1.1822874286770824,2.1022114232182503,860.3457832018238,860.3457832018238,greedy,2.1022114232182503,0.0,hard_fault_cluster
367,N1400,observe,-0.1843133270740509,2.4176227316260337,3.1206411361694335,-0.1843133270740509,0.08051271736621857,1.7568972378969192,-0.7799495339393614,0.0008051271736621856,-0.031283020973205566,0.1395506113767624,0.08051271736621857,2.503049677759409,0.019041497260332108,0.05593109875917435,-0.0010859519243240356,69853.5390625,28596.09765625,41257.44140625,69785.546875,28569.64453125,41215.8984375,0.0009733535116538405,0.0009250606526620686,0.001006920589134097,0.09733535116538405,2.1242130547761917,2.1406129263341427,1.959165558218956,2.097054447978735,2.0047287061810493,1.4850979874283077,2.4176227316260337,862.7634059334498,862.7634059334498,greedy,2.4176227316260337,0.0,hard_fault_cluster
368,N3914,observe,-0.16196390986442566,2.3052627950906754,2.9290679931640624,-0.16196390986442566,0.08796143531799316,1.8387730091810224,-0.6723252415657042,0.0008796143531799316,-0.03225898742675781,0.13809238374233246,0.08796143531799316,3.0000855451822277,0.01938542351126671,0.05639223754405975,-0.0007961243391036987,69785.984375,28570.15625,41215.82421875,69803.046875,28596.34765625,41206.6953125,-0.0002444975252728909,-0.0009167400421574712,0.0002214903215644881,-0.024449752527289093,2.1645961701869965,2.3989305850863456,1.9950558058917522,2.3185377475619315,2.0296771794557573,1.5365433304011824,2.3052627950906754,865.0686687285405,865.0686687285405,greedy,2.3052627950906754,0.0,hard_fault_cluster
369,N1405,observe,-0.1578587144613266,2.265719451010227,3.111557340621948,-0.1578587144613266,0.08919748663902283,1.7629771500825882,-0.7403887987136839,0.0008919748663902282,-0.032892972230911255,0.13998158276081085,0.08919748663902283,3.0652872686088086,0.01908927410840988,0.05552542209625244,-0.0009610503911972046,69803.0,28596.03125,41206.96875,69772.734375,28570.82421875,41201.90625,0.0004335863050073385,0.000881487037986517,0.00012285543198231608,0.04335863050073385,2.138106480240822,2.233863059729338,1.9662221781909466,2.2375449578464033,1.9673091784119605,1.5556403160840273,2.265719451010227,867.3343881795507,867.3343881795507,greedy,2.265719451010227,0.0,hard_fault_cluster
370,N2904,observe,-0.207111194729805,1.8730614110827448,2.748563754558563,-0.207111194729805,0.07192610204219818,1.5649031847715378,-0.8259992361068724,0.0007192610204219818,-0.0331568717956543,0.14312736690044403,0.07192610204219818,2.5535103441774845,0.017827477306127548,0.05365721136331558,-0.0015536397695541382,69773.0234375,28571.30078125,41201.72265625,69780.0859375,28582.392578125,41197.6953125,-0.00010122107050847262,-0.0003882146265823394,9.774697537068278e-05,-0.010122107050847262,1.997801199555397,1.82191626355052,1.8365110978484154,1.7606034688651562,1.6813508406281472,1.2463274843245746,1.8730614110827448,869.2074495906335,869.2074495906335,greedy,1.8730614110827448,0.0,hard_fault_cluster
371,N10777,observe,-0.16564297676086426,2.223861001431942,3.2743969440460203,-0.16564297676086426,0.0841878354549408,1.832504078745842,-0.6684592485427856,0.000841878354549408,-0.03287973999977112,0.1423112154006958,0.0841878354549408,2.6212798865139484,0.018391471356153488,0.05428089201450348,-0.0013777688145637512,69779.265625,28581.224609375,41198.0390625,69720.3125,28543.98828125,41176.3203125,0.0008448516018688679,0.0013028248213231564,0.0005271792178973556,0.08448516018688679,2.0656461864709854,2.199713223725557,1.895771898329258,2.1160304482281207,1.9782180055975913,1.6029028385132553,2.223861001431942,871.4313105920654,871.4313105920654,greedy,2.223861001431942,0.0,hard_fault_cluster
372,N11293,control0,-0.3066493272781372,1.3766558900475503,2.7588406205177307,-0.3066493272781372,0.03221181035041809,1.018838408589363,2.3928435921669005,0.0003221181035041809,-0.04348286986351013,0.14809396862983704,0.03221181035041809,1.5646042530238629,0.013854622840881348,0.04713766276836395,-0.0027515217661857605,69721.34375,28545.396484375,41175.9453125,69790.96875,28496.91015625,41294.0625,-0.0009986181976273656,0.0016985690454021096,-0.0028685969300568104,-0.09986181976273656,1.56576806306839,0.9826006983220577,1.4305387288331985,0.9478105996549129,1.1586396113038062,2.8531157473474735,1.3766558900475503,872.807966482113,872.807966482113,greedy,1.3766558900475503,0.0,hard_fault_cluster
373,N11272,control0,-0.31954532861709595,1.8860434740781784,3.1563284397125244,-0.31954532861709595,0.02143172174692154,1.170473089814186,2.4071066856384276,0.00021431721746921538,-0.04578861594200134,0.1456850916147232,0.02143172174692154,1.340112715959549,0.013188835233449936,0.04614032804965973,-0.0028842687606811523,69790.921875,28496.89453125,41294.03125,69749.3046875,28441.14453125,41308.16015625,0.000596312340348959,0.0019563534297049046,-0.0003421537112444639,0.0596312340348959,1.4860003367066383,1.2460195246338843,1.3606627266854048,1.2493268075585364,1.4806638717651366,3.0624315166473384,1.8860434740781784,874.6940099561912,874.6940099561912,greedy,1.8860434740781784,0.0,hard_fault_cluster
374,N11137,control0,-0.31524646282196045,1.6841779202222824,2.9941956400871277,-0.31524646282196045,0.017776086926460266,1.1310527369379997,2.4068487524986266,0.00017776086926460266,-0.04663372039794922,0.14272849261760712,0.017776086926460266,1.2955861535668372,0.012989629060029984,0.045974038541316986,-0.0028876066207885742,69749.1796875,28441.03125,41308.1484375,69707.65625,28400.93359375,41306.72265625,0.0005953250802122056,0.0014098524115979671,3.4515738661866635e-05,0.059532508021220565,1.4594674855470657,1.2079170231521128,1.3390890508890152,1.2120653276145457,1.438552838563919,3.0350593450665473,1.6841779202222824,876.3781878764134,876.3781878764134,greedy,1.6841779202222824,0.0,hard_fault_cluster
375,N11305,control0,-0.31499138474464417,1.6614570423960684,3.010201179981231,-0.31499138474464417,0.014676682651042938,1.0763199642300605,2.3830261528491974,0.00014676682651042938,-0.048075854778289795,0.14108620584011078,0.014676682651042938,1.216456953883171,0.012795455753803253,0.04561585187911987,-0.002837352454662323,69707.703125,28401.013671875,41306.6875,69681.921875,28372.328125,41309.59375,0.0003698479267768562,0.0010100184008479118,-7.035785529296845e-05,0.03698479267768562,1.435308463871479,1.1798786981403828,1.3184862975031137,1.184115038663149,1.4733251363039017,3.0576613385975357,1.6614570423960684,878.0396449188095,878.0396449188095,greedy,1.6614570423960684,0.0,hard_fault_cluster
376,N11109,control0,-0.3147392272949219,1.6235110774636268,2.9762852668762205,-0.3147392272949219,0.01227220892906189,1.060999318957329,2.367051029205322,0.0001227220892906189,-0.049826592206954956,0.14005927741527557,0.01227220892906189,1.2618805494904517,0.012623295187950134,0.045173630118370056,-0.0027546435594558716,69681.890625,28372.33203125,41309.5625,69654.203125,28343.515625,41310.6875,0.00039734141319058836,0.0010156516218557954,-2.7233403670834377e-05,0.039734141319058836,1.414661005139351,1.1733659060299397,1.3004123903810978,1.1782981903851033,1.4794305920600892,3.0616298848390575,1.6235110774636268,879.6631559962731,879.6631559962731,greedy,1.6235110774636268,0.0,hard_fault_cluster
377,N11123,control0,-0.31171900033950806,1.5737378209829331,2.9275449991226195,-0.31171900033950806,0.01100408285856247,1.0491715684533118,2.359084266424179,0.0001100408285856247,-0.05181208252906799,0.13943488895893097,0.01100408285856247,1.2609417268633842,0.012552272528409958,0.04476150870323181,-0.002606034278869629,69654.2109375,28343.5546875,41310.65625,69625.03125,28319.064453125,41305.96875,0.00041892207809723914,0.000864049477968365,0.00011346951214363798,0.041892207809723914,1.4056662246584892,1.1570616444945334,1.2928369957953691,1.1617974719405173,1.4320687741041183,3.0308447031676766,1.5737378209829331,881.236893817256,881.236893817256,greedy,1.5737378209829331,0.0,hard_fault_cluster
378,N11130,control0,-0.30887165665626526,1.5079876571893691,2.8667571425437925,-0.30887165665626526,0.009624317288398743,1.0341444268822668,2.349356949329376,9.624317288398743e-05,-0.054036468267440796,0.13914604485034943,0.009624317288398743,1.1897325441241264,0.012471526861190796,0.04432301968336105,-0.002454422414302826,69624.96875,28319.03515625,41305.9375,69591.0546875,28295.400390625,41295.65625,0.00048709625843912363,0.0008345893584191799,0.00024890489294193685,0.04870962584391236,1.3959230482578278,1.130478305965662,1.2843452766537666,1.1347897483408451,1.39879931807518,3.009219556748867,1.5079876571893691,882.7448814744454,882.7448814744454,greedy,1.5079876571893691,0.0,hard_fault_cluster
379,N11258,control0,-0.30625495314598083,1.439542005956173,2.8130745887756348,-0.30625495314598083,0.008466541767120361,1.0098198890686034,2.3404040575027465,8.466541767120362e-05,-0.05645120143890381,0.13909763097763062,0.008466541767120361,1.1214350202679633,0.012398529797792435,0.0439143031835556,-0.0023018717765808105,69591.03125,28295.40234375,41295.625,69555.1875,28274.03125,41281.15625,0.0005150627694092691,0.0007552850292995572,0.00035037004272453487,0.05150627694092691,1.3874171525239944,1.1048814730346204,1.2767440229654312,1.1088126973807813,1.3664427042007445,2.9881877577304836,1.439542005956173,884.1844234804015,884.1844234804015,greedy,1.439542005956173,0.0,hard_fault_cluster
380,N8038,control0,-0.14051277935504913,2.042682607471943,3.2485805511474606,-0.14051277935504913,0.05343116819858551,1.490279622375965,2.6444493174552917,0.0005343116819858551,-0.045296162366867065,0.1345423460006714,0.05343116819858551,1.713171443939209,0.013736214488744736,0.05246107280254364,-0.0037883520126342773,69554.0625,28272.591796875,41281.46875,69162.71875,28138.61328125,41024.1015625,0.005626468453556299,0.004738812800496817,0.006234448403120041,0.5626468453556299,1.5615949630737305,1.612604334652424,1.4206148274242878,1.6066166904568673,1.9737445056438447,3.382933928668499,2.042682607471943,886.2271060878735,886.2271060878735,greedy,2.042682607471943,0.0,hard_fault_cluster
381,N11220,control0,-0.2859918177127838,1.2410073541104794,2.6520871758460998,-0.2859918177127838,0.0158749520778656,0.9431012891232967,2.3382134616374968,0.000158749520778656,-0.05041813850402832,0.1419762521982193,0.0158749520778656,1.297497767806053,0.011402606964111328,0.04567539691925049,-0.003667779266834259,69163.6015625,28140.083984375,41023.515625,69367.71875,28170.3984375,41197.3203125,-0.0029512227047234774,-0.0010772694367915392,-0.004236708860844374,-0.29512227047234774,1.2981119006872177,1.0555361597239972,1.179723497480154,1.05839610978961,1.1016272276639938,2.816057697981596,1.2410073541104794,887.468113441984,887.468113441984,greedy,1.2410073541104794,0.0,hard_fault_cluster
382,N11298,control0,-0.31335359811782837,1.3810062028467656,2.7685180783271788,-0.31335359811782837,0.006359681487083435,0.9663688696920871,2.315705144405365,6.359681487083435e-05,-0.05257695913314819,0.14132508635520935,0.006359681487083435,1.0717603719234465,0.01125747337937355,0.043801918625831604,-0.003304526209831238,69367.59375,28170.32421875,41197.26953125,69398.09375,28167.71875,41230.375,-0.00043968658428639174,9.248984133591875e-05,-0.000803584058303386,-0.043968658428639174,1.2734321057796478,1.0781724312901497,1.1626685298979282,1.0844278195500374,1.2820098102092743,2.933306376636028,1.3810062028467656,888.8491196448307,888.8491196448307,greedy,1.3810062028467656,0.0,hard_fault_cluster
383,N8004,control1,-0.3321789801120758,1.2996083869598807,2.573743426799774,-0.3321789801120758,0.026956409215927124,1.1959306507371366,1.3384015917778016,0.00026956409215927123,-0.1495574712753296,0.14654621481895447,0.026956409215927124,1.2542038443684578,0.010277967900037766,0.029045403003692627,-0.004982501268386841,69397.359375,28166.8671875,41230.49609375,69200.2890625,28070.515625,41129.7734375,0.002839737804606557,0.0034207410644739866,0.002442916389554739,0.2839737804606557,1.2012994140386581,1.0116609002649783,1.071172446012497,1.0116609598696231,1.2897020176053047,2.4015270949155094,1.2996083869598807,890.1487280317906,890.1487280317906,greedy,1.2996083869598807,0.0,hard_fault_cluster
384,N8003,control1,-0.3362172544002533,1.313758185505867,2.1809738516807555,-0.3362172544002533,0.030690215528011322,1.2967015713453292,1.9642997860908507,0.0003069021552801132,-0.1469419002532959,0.1506471186876297,0.030690215528011322,1.4598515331745148,0.010932642966508865,0.029751643538475037,-0.004614666104316711,69200.421875,28070.6171875,41129.80859375,69089.53125,28001.5,41088.03125,0.0016024558572098613,0.0024622611235827208,0.0010157437063753605,0.16024558572098613,1.2746016308665276,1.254903878569603,1.1385986302047968,1.233136321902275,1.3243928968906402,2.432828930616379,1.313758185505867,891.4624862172965,891.4624862172965,greedy,1.313758185505867,0.0,hard_fault_cluster
385,N11232,control0,-0.28999632596969604,1.2296939779073002,2.5808636665344236,-0.28999632596969604,0.030133306980133057,1.0757264275103806,2.3987468481063843,0.00030133306980133055,-0.144507497549057,0.14533153176307678,0.030133306980133057,1.3768854612112045,0.011709004640579224,0.028719231486320496,-0.003960862755775452,69090.03125,28002.25,41087.78125,69335.515625,28117.80078125,41217.7109375,-0.0035531085450202227,-0.004126482177525759,-0.0031622464302927256,-0.35531085450202227,1.3463653028011322,1.2908809795975684,1.2147666737437248,1.2656533733010291,1.2349728018045425,2.9027323211729525,1.2296939779073002,892.6921801952038,892.6921801952038,greedy,1.2296939779073002,0.0,hard_fault_cluster
386,N6199,control0,-0.26118937134742737,1.4465749867260456,2.730625855922699,-0.26118937134742737,0.07532812654972076,1.4706109680235384,2.7842333078384396,0.0007532812654972076,-0.1311301589012146,0.14080943167209625,0.07532812654972076,1.8439858660101889,0.01029566302895546,0.027383826673030853,-0.004851602017879486,69335.5,28117.6796875,41217.82421875,69945.875,28246.771484375,41699.1015625,-0.008803210221230984,-0.004591125529259443,-0.011676437221467495,-0.8803210221230984,1.245703861117363,1.153360361456871,1.0836006924510002,1.0583359545469284,1.4365499854087829,2.508757490515709,1.4465749867260456,894.1387551819299,894.1387551819299,greedy,1.4465749867260456,0.0,hard_fault_cluster
387,N11225,control0,-0.2596598267555237,1.5201973489713054,2.7555442333221434,-0.2596598267555237,0.06191419064998627,1.3828258357238155,2.6250974893569943,0.0006191419064998627,-0.14086461067199707,0.14569376409053802,0.06191419064998627,1.7417166647315026,0.011861078441143036,0.0271027609705925,-0.00377819687128067,69945.8515625,28246.974609375,41698.875,70006.125,28236.033203125,41770.09375,-0.0008617157000117004,0.0003873478854075074,-0.0017079297685995698,-0.08617157000117004,1.3937157988548279,1.5431497099995612,1.2380098327994347,1.3892067673802375,1.3721403926610947,2.991891255229711,1.5201973489713054,895.6589525309013,895.6589525309013,greedy,1.5201973489713054,0.0,hard_fault_cluster
388,N11279,control0,-0.27119800448417664,2.2846872180700304,3.4032598257064817,-0.27119800448417664,0.04961572587490082,1.4895249006152151,2.568314981460571,0.0004961572587490082,-0.13931185007095337,0.1422092467546463,0.04961572587490082,1.94148824095726,0.012014854699373245,0.027373425662517548,-0.0036175474524497986,70006.0859375,28236.044921875,41770.0390625,70087.21875,28258.662109375,41828.5546875,-0.001158939441666007,-0.0008010041201487184,-0.0014008994912728667,-0.1158939441666007,1.3933104425668716,1.701064844727516,1.2494417130947113,1.889689226746559,1.8457033395767213,3.2997071707248686,2.2846872180700304,897.9436397489713,897.9436397489713,greedy,2.2846872180700304,0.0,hard_fault_cluster
389,N8599,control0,-0.2432747632265091,2.9237254947423934,3.9507081031799314,-0.2432747632265091,0.059271663427352905,1.741617538332939,2.7003209233283996,0.0005927166342735291,-0.03432783484458923,0.13142164051532745,0.059271663427352905,1.991548691391945,0.01326773315668106,0.04807274788618088,-0.002968110144138336,70087.640625,28258.625,41829.015625,70582.984375,28358.37109375,42224.609375,-0.0070674908347427845,-0.0035297574941068888,-0.009457400068640709,-0.7067490834742785,1.5174666196107864,2.6067676156759263,1.3744466416537762,3.1520373463630675,2.4007036268711093,3.135457357466221,2.9237254947423934,900.8673652437137,900.8673652437137,greedy,2.9237254947423934,0.0,hard_fault_cluster
390,N14478,control0,-0.2548048198223114,1.770222511794418,2.8883234739303587,-0.2548048198223114,0.07133737206459045,1.8026484488509595,2.9656715393066406,0.0007133737206459045,-0.13532176613807678,0.1428125649690628,0.07133737206459045,2.1577468207478523,0.01250683143734932,0.02638624608516693,-0.003005102276802063,70581.578125,28357.41015625,42224.16796875,70552.84375,28303.87109375,42248.9765625,0.0004071087168995291,0.0018880096031352878,-0.0005875448696315289,0.04071087168995291,1.4648330807685852,1.4846991130709648,1.3042206279933453,1.3409370014071464,1.6434598475694657,3.1682489009201524,1.770222511794418,902.6375877555081,902.6375877555081,greedy,1.770222511794418,0.0,hard_fault_cluster
391,N10971,control0,-0.26257598400115967,2.459974504634738,3.546797657012939,-0.26257598400115967,0.061844661831855774,1.5801134895533322,2.6419014453887937,0.0006184466183185577,-0.13497722148895264,0.14105454087257385,0.061844661831855774,1.9696367132663726,0.01244661957025528,0.02701938897371292,-0.0031887590885162354,70553.2578125,28304.478515625,42248.78125,70614.3984375,28317.482421875,42296.9140625,-0.0008665882633067667,-0.00045942928409203887,-0.0011392710730433464,-0.08665882633067667,1.4475611597299576,1.5982999420166015,1.2953867577016354,1.4910992002487182,1.8637947261333465,3.311466571986675,2.459974504634738,905.0975622601428,905.0975622601428,greedy,2.459974504634738,0.0,hard_fault_cluster
392,N10992,control0,-0.26983150839805603,2.397017253190279,3.5345991134643553,-0.26983150839805603,0.05246265232563019,1.4646507702767848,2.5688284277915954,0.0005246265232563018,-0.13378185033798218,0.13847218453884125,0.05246265232563019,1.674214498102665,0.012476000934839249,0.027368173003196716,-0.003160148859024048,70614.6875,28317.70703125,42296.984375,70665.28125,28327.91015625,42337.3671875,-0.000716476293746382,-0.00036030900082550943,-0.0009547444642521441,-0.0716476293746382,1.4385349303483963,1.5050829429924488,1.2953338027000427,1.3946550269424915,1.8095062002539635,3.2761790301650757,2.397017253190279,907.4945795133331,907.4945795133331,greedy,2.397017253190279,0.0,hard_fault_cluster
393,N10962,control0,-0.2705639898777008,2.704300856590271,3.7500751733779905,-0.2705639898777008,0.046026185154914856,1.5270940828323363,2.5396694660186765,0.0004602618515491486,-0.1332913339138031,0.13637565076351166,0.046026185154914856,1.6179964303970338,0.012436781078577042,0.027668066322803497,-0.0031670555472373962,70665.28125,28327.923828125,42337.35546875,70712.625,28337.94140625,42374.6875,-0.0006699718651361763,-0.0003536290896590799,-0.0008817752241156995,-0.06699718651361763,1.4260799437761307,2.336481499671936,1.2892785668373108,2.8384692907333373,2.171468424797058,3.5114544761180873,2.704300856590271,910.1988803699234,910.1988803699234,greedy,2.704300856590271,0.0,hard_fault_cluster
394,N14447,control0,-0.23881204426288605,1.8751909881830215,3.31563332080841,-0.23881204426288605,0.07863441109657288,1.2075270026922225,2.646397292613983,0.0007863441109657288,-0.12550875544548035,0.14034117758274078,0.07863441109657288,2.002351697087288,0.010527662932872772,0.023225978016853333,-0.0043209269642829895,70712.75,28337.84765625,42374.90234375,71054.7421875,28487.357421875,42567.3828125,-0.00483635812997818,-0.00527597451582551,-0.004542322363704443,-0.483635812997818,1.2717418819665909,1.5136241790652274,1.1075101904571056,1.17995624512434,1.6612842053174972,3.1798347334563726,1.8751909881830215,912.0740713581064,912.0740713581064,greedy,1.8751909881830215,0.0,hard_fault_cluster
395,N14440,control0,-0.22140224277973175,1.7882425732910634,3.012359774112701,-0.22140224277973175,0.09898675978183746,1.439362622052431,2.6714479327201843,0.0009898675978183746,-0.13456135988235474,0.1389833241701126,0.09898675978183746,1.6568890941143035,0.013447113335132599,0.026611775159835815,-0.0023874491453170776,71054.6953125,28487.330078125,42567.3671875,71036.0,28454.287109375,42581.7109375,0.00026311157853342593,0.0011599180288612843,-0.00033696586615405977,0.026311157853342593,1.58268141746521,1.115243178009987,1.4042038545012474,1.0786739403009415,1.525753563642502,3.091739816367626,1.7882425732910634,913.8623139313975,913.8623139313975,greedy,1.7882425732910634,0.0,hard_fault_cluster
396,N6110,control0,-0.20219969749450684,2.0674616426229475,3.5600856781005854,-0.20219969749450684,0.09073612093925476,0.8901212587952614,2.3500616550445557,0.0009073612093925477,-0.06569600105285645,0.11047560721635818,0.09073612093925476,1.3682844147086144,0.007386539131402969,0.02167321741580963,-0.0054950714111328125,71036.4609375,28454.6015625,42581.859375,71066.578125,28489.66015625,42576.921875,-0.00042396801291033626,-0.0012320887763053179,0.00011595313117140904,-0.042396801291033626,0.9398656412959099,0.08336712136864655,0.7889568451792002,-0.059453177303075866,1.5424574956297872,2.577597372159362,2.0674616426229475,915.9297755740204,915.9297755740204,greedy,2.0674616426229475,0.0,hard_fault_cluster
397,N10984,control0,-0.22327622771263123,1.9354554928839207,3.04873719215393,-0.22327622771263123,0.09653796255588531,1.5046674557030202,2.6029016375541687,0.0009653796255588531,-0.12426310777664185,0.13865011930465698,0.09653796255588531,1.556403048634529,0.01278703659772873,0.02394735813140869,-0.002451367676258087,71066.34375,28489.39453125,42576.953125,71085.8515625,28479.03125,42606.8203125,-0.0002745014207903296,0.0003637592599261552,-0.0007014871807768941,-0.027450142079032958,1.5138917416334152,1.739592086672783,1.3375006802380085,1.6781000012159348,1.569439959526062,3.12013597369194,1.9354554928839207,917.8652310669042,917.8652310669042,greedy,1.9354554928839207,0.0,hard_fault_cluster
398,N18891,control0,-0.008438951335847378,4.456594070792198,5.40769305229187,-0.008438951335847378,0.10080933570861816,2.0067006719112395,2.8226172804832457,0.0010080933570861816,-0.021524250507354736,0.09504172205924988,0.09504172205924988,2.3325990623235704,0.016103997826576233,0.05390355736017227,-0.0031692013144493103,71085.953125,28479.275390625,42606.67578125,70776.90625,28379.796875,42397.109375,0.004347509704530239,0.003493014257401228,0.0049186283722519875,0.4347509704530239,1.8062508404254913,2.743744934797287,1.6593625470995903,2.5926704061031343,3.6183868587017063,4.451951458156109,4.456594070792198,922.3218251376965,922.3218251376965,greedy,4.456594070792198,0.0,hard_fault_cluster
399,N1420,observe,-0.03448339179158211,4.361240079998971,5.140950298309326,-0.03448339179158211,0.10126912593841553,2.4961966589093207,1.619284063577652,0.0010126912593841552,-0.017777562141418457,0.10070130974054337,0.10070130974054337,3.4914785847067833,0.017340082675218582,0.052758924663066864,-0.0019380152225494385,70776.71875,28379.14453125,42397.5703125,71149.125,28598.8203125,42550.30078125,-0.005261705722659826,-0.007740747183561325,-0.003602340118959546,-0.5261705722659826,1.935978703200817,2.9738164938986302,1.784500876441598,2.9164707459509374,3.290844886004925,3.577125549092889,4.361240079998971,926.6830652176955,926.6830652176955,greedy,4.361240079998971,0.0,hard_fault_cluster
400,N1782,observe,-0.20977570116519928,1.6442569620907308,1.3773040056228636,-0.20977570116519928,0.10775919258594513,1.9247177093289793,1.5951109111309052,0.0010775919258594513,-0.09508851170539856,0.12889930605888367,0.10775919258594513,3.4825018982309848,0.01027732715010643,0.02119538187980652,-0.0049218833446502686,71145.3046875,28589.60546875,42555.69921875,71623.46875,28767.9453125,42855.5234375,-0.006720950361341238,-0.006237925961613655,-0.007045453879982233,-0.6720950361341238,1.2643912136554718,0.4937252002302557,1.0868973396718502,0.4876152957323938,1.445963906031102,1.2056813197908924,1.6442569620907308,928.3273221797862,928.3273221797862,greedy,1.6442569620907308,0.0,hard_fault_cluster
401,N10857,control1,-0.2604649066925049,2.4133838325738908,1.6267802000045775,-0.2604649066925049,0.12067639827728271,2.467929798364639,1.876813471317291,0.0012067639827728271,-0.11653313040733337,0.13926094770431519,0.12067639827728271,6.078232373893261,0.013014871627092361,0.01966472715139389,-0.0010885000228881836,71626.65625,28777.03515625,42849.6171875,71065.484375,28452.970703125,42612.515625,0.007834679447114468,0.011261217296123505,0.005533341318368912,0.7834679447114468,1.561424508690834,2.5541145348548886,1.3664714992046356,2.572946979999542,2.407098960876465,2.0255152533948424,2.4133838325738908,930.7407060123601,930.7407060123601,greedy,2.4133838325738908,0.0,hard_fault_cluster
402,N8407,control1,-0.008586267940700054,4.109506449103356,4.34408860206604,-0.008586267940700054,0.13292454183101654,1.8307749450206756,1.2563129425048827,0.0013292454183101653,-0.01943272352218628,0.09384313970804214,0.09384313970804214,1.9459103626012801,0.02112680673599243,0.05025763064622879,0.0011667683720588684,71066.0625,28453.13671875,42612.921875,70956.515625,28455.08203125,42501.4375,0.0015414794906973839,-6.836900138296187e-05,0.0026162106078118086,0.1541479490697384,2.339448355138302,2.3504303961992266,2.169372593984008,2.7019026547670366,3.302317613363266,2.8887946255505086,4.109506449103356,934.8502124614635,934.8502124614635,greedy,4.109506449103356,0.0,hard_fault_cluster
403,N2393,observe,-0.10027969628572464,2.625563058257103,3.74788236618042,-0.10027969628572464,0.09610429406166077,1.709491991996765,-0.17752082347869869,0.0009610429406166077,-0.020402133464813232,0.10309278964996338,0.09610429406166077,2.3593406468629836,0.01999543234705925,0.05134798586368561,0.000278327614068985,70956.015625,28455.33203125,42500.6875,71348.3125,28667.26171875,42681.0546875,-0.005528733134269714,-0.00744780246168375,-0.004243865143507719,-0.5528733134269714,2.198740318417549,3.043544775247574,2.049342505633831,2.4605344757437706,2.134525099396706,1.8874301264435058,2.625563058257103,937.4757755197205,937.4757755197205,greedy,2.625563058257103,0.0,hard_fault_cluster
404,N1399,observe,-0.09876611828804016,2.480075220763683,3.3809994697570795,-0.09876611828804016,0.0991881936788559,2.621725110709667,1.571591907739639,0.000991881936788559,-0.020009487867355347,0.10772503912448883,0.0991881936788559,6.07710052728653,0.020166125148534775,0.053352467715740204,-5.955249071121216e-05,71347.7578125,28666.533203125,42681.2265625,71438.078125,28704.650390625,42733.42578125,-0.0012659166241064668,-0.0013296755496412516,-0.0012230018619447947,-0.12659166241064668,2.223525747656822,2.417947902679443,2.0683408230543137,2.9345523262023923,2.5407377719879154,2.786038489192724,2.480075220763683,939.9558507404842,939.9558507404842,greedy,2.480075220763683,0.0,hard_fault_cluster
405,N8417,control1,0.03384687751531601,3.609307646751404,3.490942192077637,0.03384687751531601,0.12248633801937103,4.177254194021225,4.11204571723938,0.0012248633801937104,-0.017956823110580444,0.09595121443271637,0.09595121443271637,6.624903293251991,0.020070094615221024,0.05154668539762497,-0.0002039298415184021,71439.015625,28705.296875,42733.71875,71136.3515625,28544.974609375,42591.375,0.004236677195876837,0.005585110746324062,0.0033309468999505043,0.4236677195876837,2.2254470139741898,2.473922715783119,2.061618849635124,2.8730184894800184,3.9873993575572966,3.6818543855845927,3.609307646751404,943.5651583872356,943.5651583872356,greedy,3.609307646751404,0.0,hard_fault_cluster
406,N10785,observe,-0.057772960513830185,2.749982750415802,2.8951896905899046,-0.057772960513830185,0.10486339032649994,3.7882032349705694,1.0000617504119873,0.0010486339032649995,-0.01688411831855774,0.09652207046747208,0.09652207046747208,4.2289929305016996,0.018076837062835693,0.04910978674888611,-0.0014294162392616272,71135.90625,28544.552734375,42591.35546875,71383.28125,28660.9453125,42722.33984375,-0.003477498423308134,-0.004077575635164976,-0.0030753747560083866,-0.3477498423308134,2.0090691670775414,2.5829637633264064,1.8580300714820623,3.4419145089387895,3.0562544777989387,1.9806367853283884,2.749982750415802,946.3151411376514,946.3151411376514,greedy,2.749982750415802,0.0,hard_fault_cluster
407,N12536,observe,-0.24991892278194427,1.7794392079702812,2.3899028956890103,-0.24991892278194427,0.10834181308746338,5.229830407147529,3.7976745843887323,0.0010834181308746339,-0.09739291667938232,0.12798650562763214,0.10834181308746338,6.162019909088267,0.012100975960493088,0.022738270461559296,-0.003809824585914612,71383.0,28661.2265625,42721.7734375,71921.5234375,28874.978515625,43046.546875,-0.007544141262769699,-0.007457878906279802,-0.007602058816701174,-0.7544141262769699,1.4464259147644043,0.8097463431151117,1.2691796757280827,0.725147728746524,2.534405794471968,2.323080888365512,1.7794392079702812,948.0945803456217,948.0945803456217,greedy,1.7794392079702812,0.0,hard_fault_cluster
408,N3013,observe,-0.18789638578891754,3.217263527214527,4.190998482704162,-0.18789638578891754,0.09463290870189667,1.8056138382852076,0.9344500422477722,0.0009463290870189667,-0.0209200382232666,0.10639861226081848,0.09463290870189667,3.381098573207855,0.019259706139564514,0.05477679520845413,-0.0011154264211654663,71922.171875,28875.37890625,43046.796875,71826.0,28826.359375,42999.64453125,0.0013371659442782402,0.0016976238694041967,0.0010953739983960986,0.13371659442782402,2.1270021349191666,2.119737600982189,1.9762284941971302,2.030921673476696,2.339291825890541,2.652548657134175,3.217263527214527,951.3118438728362,951.3118438728362,greedy,3.217263527214527,0.0,hard_fault_cluster
409,N18680,control1,-0.27949097752571106,2.3056607365608217,1.8633674144744872,-0.27949097752571106,0.07798175513744354,1.79620001912117,1.2620439529418945,0.0007798175513744354,-0.03061842918395996,0.09660028666257858,0.07798175513744354,2.8300965625047683,0.017557106912136078,0.04300177842378616,-0.00023026764392852783,71825.546875,28826.0546875,42999.49609375,71302.046875,28517.82421875,42784.21875,0.00728849321603775,0.010692773386836052,0.005006508436053991,0.728849321603775,1.93029273301363,1.71121595621109,1.7993562016636133,1.6316486430168151,2.3467226743698117,1.9887830317020414,2.3056607365608217,953.6175046093971,953.6175046093971,greedy,2.3056607365608217,0.0,hard_fault_cluster
410,N10791,observe,-0.19573266804218292,2.0187038749456407,3.1931417822837824,-0.19573266804218292,0.08269964158535004,2.0338262230157853,1.2666256487369536,0.0008269964158535004,-0.0239885151386261,0.09583853930234909,0.08269964158535004,4.457615911364555,0.01984526216983795,0.049343399703502655,-1.4938414096832275e-05,71302.0625,28517.470703125,42784.59375,71562.234375,28709.91015625,42852.32421875,-0.0036488687619566917,-0.006748124957084656,-0.0015830574557185173,-0.3648868761956692,2.1630643978714943,1.5780519291758537,2.02916076220572,1.5557116910815239,2.063728556036949,2.252529602572322,2.0187038749456407,955.6362084843428,955.6362084843428,greedy,2.0187038749456407,0.0,hard_fault_cluster
411,N2241,observe,-0.2129303514957428,1.909967552125454,2.918297374248504,-0.2129303514957428,0.0712771862745285,2.6140658482909203,0.8189620256423951,0.000712771862745285,-0.022834748029708862,0.1002933606505394,0.0712771862745285,3.1754708290100098,0.01938425377011299,0.051146000623703,-0.0007266178727149963,71562.4453125,28710.423828125,42852.0234375,71679.734375,28782.11328125,42897.625,-0.0016389749944210052,-0.002496983390301466,-0.0010641636326909065,-0.16389749944210052,2.109995923936367,1.3404651615023613,1.981318013742566,1.3849570485949516,2.076104626059532,1.856273158863187,1.909967552125454,957.5461760364682,957.5461760364682,greedy,1.909967552125454,0.0,hard_fault_cluster
412,N1417,observe,-0.18862751126289368,2.3933296293020248,3.0874549508094784,-0.18862751126289368,0.07841847836971283,3.797998920083046,2.6938151895999907,0.0007841847836971283,-0.02199205756187439,0.10160468518733978,0.07841847836971283,4.6208504575490945,0.019963763654232025,0.05325529724359512,-0.0008170381188392639,71679.296875,28781.4140625,42897.8828125,71675.5078125,28779.080078125,42896.42578125,5.28613236383535e-05,8.109345799311996e-05,3.396510874154046e-05,0.00528613236383535,2.176399528980255,1.7596704879403113,2.0413821563124657,1.785045258104801,2.7610749989748,2.6826009257882832,2.3933296293020248,959.9395056657702,959.9395056657702,greedy,2.3933296293020248,0.0,hard_fault_cluster
413,N12447,observe,-0.37488511204719543,1.340107372613129,2.272264564037323,-0.37488511204719543,0.0920594185590744,3.7297421223116545,4.785378408432006,0.000920594185590744,-0.10930058360099792,0.13196387887001038,0.0920594185590744,4.390991342237576,0.013928145170211792,0.02376289665699005,-0.002951517701148987,71675.078125,28779.03515625,42896.0390625,72148.953125,28976.8984375,43172.05078125,-0.00661143334582448,-0.006875257473438978,-0.006434433627873659,-0.661143334582448,1.616837814450264,0.5222134699547677,1.4488203413784504,0.5221577576053459,1.8413825898092908,2.771898683376039,1.340107372613129,961.2796130383833,961.2796130383833,greedy,1.340107372613129,0.0,hard_fault_cluster
414,N3121,observe,-0.268417090177536,3.281339521706104,4.205387663841247,-0.268417090177536,0.07162317633628845,1.641397924274206,-1.0602319002151488,0.0007162317633628845,-0.021591216325759888,0.10275108367204666,0.07162317633628845,3.4180742305517193,0.021334219723939896,0.05689869821071625,-0.0002462714910507202,72150.1875,28977.94140625,43172.2421875,72031.09375,28920.38671875,43110.7109375,0.0016506367828696966,0.001986155053600669,0.0014252503169700503,0.16506367828696966,2.3077962324023247,2.9641210824251174,2.1770155373960733,3.9889177203178408,2.632770526409149,2.341300842165947,3.281339521706104,964.5609525600894,964.5609525600894,greedy,3.281339521706104,0.0,hard_fault_cluster
415,N1422,observe,-0.16743017733097076,2.762705814838409,3.8127757072448727,-0.16743017733097076,0.09695921838283539,1.8880304247140884,-0.6978632092475889,0.0009695921838283539,-0.021549969911575317,0.09835316985845566,0.09695921838283539,3.4323455306887625,0.024038992822170258,0.060443438589572906,0.0008001364767551422,72030.4296875,28919.5625,43110.8671875,72085.984375,28964.958984375,43121.0234375,-0.0007712669321335852,-0.0015697500202804804,-0.00023558444809168577,-0.07712669321335852,2.599211670458317,2.470735033750534,2.4527273792773485,2.39646156668663,2.358544057607651,2.1630536374449734,2.762705814838409,967.3236583749278,967.3236583749278,greedy,2.762705814838409,0.0,hard_fault_cluster
416,N3085,observe,-0.2529960870742798,1.7420462593436241,3.061162292957306,-0.2529960870742798,0.06549449265003204,1.3532326191663744,-0.9307627320289611,0.0006549449265003204,-0.02354365587234497,0.10521615296602249,0.06549449265003204,3.7869052214920513,0.021375611424446106,0.05797994136810303,-0.0005685240030288696,72086.625,28965.80078125,43120.8203125,72136.1171875,28983.72265625,43152.39453125,-0.000686565472278744,-0.0006187253165990114,-0.0007322267629206181,-0.0686565472278744,2.308271788060665,1.3677696932852268,2.1802388038486242,1.3589977373182773,1.5975601240992547,1.6684140806645158,1.7420462593436241,969.0657046342715,969.0657046342715,greedy,1.7420462593436241,0.0,hard_fault_cluster
417,N10783,observe,-0.23338495194911957,2.106401044130325,3.0871241688728333,-0.23338495194911957,0.07076184451580048,2.7882963776588436,0.25968716144561776,0.0007076184451580048,-0.023929625749588013,0.10527779906988144,0.07076184451580048,3.481001092791557,0.02140042558312416,0.05839104950428009,-0.0007496625185012817,72135.40625,28982.75,43152.66015625,72046.046875,28935.28125,43110.765625,0.0012387727620080113,0.0016378277214244008,0.0009708447032608092,0.12387727620080113,2.316082201898098,1.8600783976912498,2.1840524692088366,2.2891402873396873,2.461377367377281,2.229895288795233,2.106401044130325,971.1721056784017,971.1721056784017,greedy,2.106401044130325,0.0,hard_fault_cluster
418,N1413,observe,-0.22760312259197235,2.265139836072922,3.061541891098022,-0.22760312259197235,0.072606161236763,3.6091462075710297,0.9858459711074827,0.00072606161236763,-0.025429636240005493,0.10741953551769257,0.072606161236763,4.490928180217742,0.020995356142520905,0.058188892900943756,-0.0009426474571228027,72045.9609375,28935.1640625,43110.796875,71992.3203125,28910.734375,43081.5859375,0.0007445334340445697,0.0008442905964329839,0.0006775782094337046,0.07445334340445697,2.279561311006546,1.9651998919248581,2.1445420384407043,2.241268579363823,2.749788075685501,2.417362249195576,2.265139836072922,973.4372455144746,973.4372455144746,greedy,2.265139836072922,0.0,hard_fault_cluster
419,N2951,observe,-0.25845804810523987,2.076267908513546,3.003085446357727,-0.25845804810523987,0.057914599776268005,2.7023160070180894,0.1492343664169311,0.0005791459977626801,-0.026551753282546997,0.11052132397890091,0.057914599776268005,3.1998010297119617,0.019638650119304657,0.05668266862630844,-0.001633383333683014,71993.0859375,28911.78125,43081.3046875,72017.359375,28929.392578125,43087.96484375,-0.00033716345205903053,-0.0006091402028687298,-0.00015459505084436387,-0.03371634520590305,2.1323009356856346,1.3273369432985782,2.005973992869258,1.3088944317400455,2.1487905070185658,2.026713829562068,2.076267908513546,975.5135134229881,975.5135134229881,greedy,2.076267908513546,0.0,hard_fault_cluster
420,N10774,observe,-0.22685860097408295,2.413588857650757,3.1192272067070004,-0.22685860097408295,0.06925733387470245,3.407312634587288,0.6658711910247801,0.0006925733387470245,-0.02668747305870056,0.10914245247840881,0.06925733387470245,4.019164853990079,0.019985344260931015,0.05713168531656265,-0.0014639049768447876,72016.9765625,28928.595703125,43088.3828125,71939.921875,28887.728515625,43052.1953125,0.00106995168607682,0.0014126916648820043,0.000839843531139195,0.10699516860768199,2.1769342124462128,1.7654202771186829,2.0431343726813793,1.736399610042572,2.590296357870102,2.3136926326155667,2.413588857650757,977.9271022806389,977.9271022806389,greedy,2.413588857650757,0.0,hard_fault_cluster
421,N1398,observe,-0.21902449429035187,2.2891185879707336,3.2052356004714966,-0.21902449429035187,0.07316288352012634,2.7600670978426933,0.18382043838500972,0.0007316288352012634,-0.028259098529815674,0.11079093813896179,0.07316288352012634,3.3209037210047243,0.01972965896129608,0.056901171803474426,-0.0015615522861480713,71939.1875,28887.26171875,43051.921875,71906.2578125,28873.564453125,43032.6953125,0.00045774338650517166,0.0004741628363262862,0.00044659010018222034,0.045774338650517166,2.1569197177886963,1.399602217823267,2.01895435154438,1.3752211762964726,2.369668285548687,2.1702843856066467,2.2891185879707336,980.2162208686096,980.2162208686096,greedy,2.2891185879707336,0.0,hard_fault_cluster
422,N1419,observe,-0.2138325423002243,2.6781243205070497,2.873727488517761,-0.2138325423002243,0.07596303522586823,2.6627865210175514,1.6759615212678909,0.0007596303522586823,-0.029789835214614868,0.11176786571741104,0.07596303522586823,3.1688268844783307,0.019461065530776978,0.05631229281425476,-0.001713097095489502,71906.8984375,28873.986328125,43032.9140625,71878.046875,28863.0234375,43015.02734375,0.0004012349818367511,0.00037968053948134184,0.0004156520590186119,0.04012349818367511,2.133837454020977,1.4946016179025172,1.9930392783135176,1.4828997956216334,2.5643077567219734,2.4784725895524025,2.6781243205070497,982.8943451891167,982.8943451891167,greedy,2.6781243205070497,0.0,hard_fault_cluster
423,N3139,observe,-0.24809114634990692,2.371516737341881,3.541627478599548,-0.24809114634990692,0.0623498409986496,2.3164542064070703,-0.0300467729568481,0.0006234984099864959,-0.030671030282974243,0.11278481036424637,0.0623498409986496,3.0598999731242653,0.01825348660349846,0.054419517517089844,-0.002402178943157196,71878.46875,28863.671875,43014.796875,71921.875,28890.90625,43030.96875,-0.000603883876465261,-0.000943552004173398,-0.00037596074980683625,-0.0603883876465261,2.000483311712742,1.3307836411893368,1.8691323231905699,1.3149622438848019,2.473641128838062,2.237866733744741,2.371516737341881,985.2658619264586,985.2658619264586,greedy,2.371516737341881,0.0,hard_fault_cluster
424,N10787,observe,-0.21494652330875397,2.4598691761493683,3.3963235855102534,-0.21494652330875397,0.07329817116260529,3.069771704077721,4.131957244873046,0.0007329817116260529,-0.030762910842895508,0.11171681433916092,0.07329817116260529,3.896722215116024,0.018743455410003662,0.055093586444854736,-0.0022056177258491516,71921.515625,28890.23046875,43031.28125,71861.640625,28859.11328125,43002.53125,0.000832504709251225,0.0010770834051072598,0.0006681185914203525,0.0832504709251225,2.0593605265021324,1.9766343113780023,1.9205992873758078,1.9406540867686273,2.755782237648964,3.891258454471826,2.4598691761493683,987.7257311026079,987.7257311026079,greedy,2.4598691761493683,0.0,hard_fault_cluster
425,N10765,observe,-0.20727947354316711,2.933254218101501,3.7994321107864377,-0.20727947354316711,0.07736119627952576,3.14639293551445,0.5301215887069701,0.0007736119627952576,-0.0320492684841156,0.11245805770158768,0.07736119627952576,3.9697866255044936,0.018642298877239227,0.05478654056787491,-0.002265326678752899,71861.703125,28859.16796875,43002.53125,71841.296875,28852.69140625,42988.609375,0.000283965579001233,0.00022441957844421268,0.00032374548027291894,0.028396557900123298,2.054049141705036,1.8680893570184707,1.911684701219201,1.845850983262062,3.0395273387432096,2.6056927701830865,2.933254218101501,990.6589853207095,990.6589853207095,greedy,2.933254218101501,0.0,hard_fault_cluster
426,N1424,observe,-0.20386794209480286,3.2743428230285647,3.9778383970260616,-0.20386794209480286,0.08495062589645386,3.4263932526111605,4.251633214950561,0.0008495062589645386,-0.03713902831077576,0.12191059440374374,0.08495062589645386,4.189142960906028,0.01925484836101532,0.05598197132349014,-0.001629173755645752,71840.78125,28852.48828125,42988.2890625,71818.609375,28845.19140625,42973.4140625,0.00030862519633956254,0.000252902798820287,0.0003460244624875486,0.030862519633956254,2.1323460564017296,2.058533130884171,1.9772001411765814,2.0341716396808627,3.252728629112244,4.214273608922959,3.2743428230285647,993.933328143738,993.933328143738,greedy,3.2743428230285647,0.0,hard_fault_cluster
427,N3058,observe,-0.23726029694080353,1.8955418169498444,3.075228703022003,-0.23726029694080353,0.06594549119472504,2.8603540509939194,0.6053209066390992,0.0006594549119472503,-0.03368586301803589,0.11382568627595901,0.06594549119472504,3.8784395560622213,0.017336811870336533,0.0529155507683754,-0.002847902476787567,71819.421875,28845.990234375,42973.4296875,71868.8125,28876.15625,42992.65625,-0.0006877057021483779,-0.001045761164277792,-0.00044740582234226167,-0.06877057021483779,1.9134523645043373,1.4175618982315064,1.7786239814013243,1.4209734296798706,2.439071375131607,2.2153963938355448,1.8955418169498444,995.8288699606878,995.8288699606878,greedy,1.8955418169498444,0.0,hard_fault_cluster
428,N12514,observe,-0.34108221530914307,1.52085354141891,2.6608305335044857,-0.34108221530914307,0.07345443964004517,3.6712252052500847,1.4940336704254151,0.0007345443964004517,-0.023647606372833252,0.1153612956404686,0.07345443964004517,5.041005721557886,0.018343202769756317,0.05695126950740814,-0.0023237615823745728,71868.40625,28875.98046875,42992.4296875,72250.046875,29046.35546875,43203.69140625,-0.00531026953831315,-0.005900232587009668,-0.0049139284528791904,-0.531026953831315,2.0231360122561455,2.0706090981699523,1.8815242107957602,2.1928435618616637,2.5201674742624163,2.0588058159779763,1.52085354141891,997.3497235021067,997.3497235021067,greedy,1.52085354141891,0.0,hard_fault_cluster
429,N14247,control1,-0.4006654918193817,1.636445553600788,1.3348748445510863,-0.4006654918193817,0.03720337152481079,1.198455327451229,0.7680949866771697,0.0003720337152481079,-0.0333942174911499,0.11187613755464554,0.03720337152481079,2.073537303507328,0.01671147719025612,0.05464467406272888,-0.002887234091758728,72251.140625,29045.919921875,43205.21875,71806.53125,28800.48828125,43006.046875,0.006153665948659182,0.008449779823422432,0.004609903320670128,0.6153665948659182,1.8202272281050682,1.090031400769949,1.708417596295476,1.220609739869833,1.7739514485001564,1.4300976281613114,1.636445553600788,998.9861690557075,998.9861690557075,greedy,1.636445553600788,0.0,hard_fault_cluster
430,N10137,control1,-0.5171130895614624,1.7648710876703262,1.2977942943572998,-0.5171130895614624,0.014727883040904999,1.521051670461893,0.9682766377925872,0.00014727883040905,-0.05941346287727356,0.14879292249679565,0.014727883040904999,2.1186057613790035,0.01669824868440628,0.04981116205453873,-4.951655864715576e-05,71805.0625,28800.5625,43004.5,71545.6796875,28693.091796875,42852.5859375,0.003612319240346551,0.00373154878616333,0.0035325156059116125,0.3612319240346551,1.8333456739783287,1.0796362225711347,1.7107050698250532,1.201308912485838,1.7910906985402106,1.424983970373869,1.7648710876703262,1000.7510401433778,1000.7510401433778,greedy,1.7648710876703262,0.0,hard_fault_cluster
431,N19047,control1,-0.2246057242155075,2.7554484397172927,2.4391246318817137,-0.2246057242155075,0.08864329755306244,1.758657348155975,1.3537345886230467,0.0008864329755306244,-0.0560394823551178,0.1345934271812439,0.08864329755306244,3.1657622519135473,0.02366652712225914,0.060582056641578674,0.0025388188660144806,71545.4296875,28692.736328125,42852.6953125,71637.6328125,28760.705078125,42876.9296875,-0.001288735307753086,-0.0023688487708568573,-0.0005655274144373834,-0.1288735307753086,2.5898894369602203,3.0596754604578016,2.4224618934094906,2.9157023483514783,2.659878224134445,2.120304747745395,2.7554484397172927,1003.5064885830951,1003.5064885830951,greedy,2.7554484397172927,0.0,hard_fault_cluster
432,N15739,control1,-0.10845326632261276,2.3510623991489408,2.2161176204681396,-0.10845326632261276,0.10379375517368317,1.9571440517902374,1.9777875185012816,0.0010379375517368316,-0.044076353311538696,0.11338698863983154,0.10379375517368317,5.998909413814545,0.023249387741088867,0.06015758216381073,0.0012460500001907349,71637.65625,28760.73828125,42876.91796875,71810.34375,28843.6640625,42966.67578125,-0.0024105687625706196,-0.0028832980897277594,-0.0020933831110596657,-0.24105687625706196,2.5421195179224014,2.24678260743618,2.3792339600622654,2.2064456409215927,2.3908494770526887,2.018115789592266,2.3510623991489408,1005.8575509822441,1005.8575509822441,greedy,2.3510623991489408,0.0,hard_fault_cluster
433,N16739,observe,-0.3877749741077423,1.5884036248922349,2.501567792892456,-0.3877749741077423,0.25437819957733154,4.787249132990837,2.3999999999999995,0.0025437819957733155,-0.02713078260421753,-0.00813060812652111,-0.00813060812652111,0.42517803132534027,0.02577996253967285,0.12407219409942627,-0.006675630807876587,71811.0625,28844.521484375,42966.5390625,72468.8828125,28989.033203125,43479.8515625,-0.00916043110191822,-0.00501002324745059,-0.01194679643958807,-0.916043110191822,2.8242438454180956,1.328347516655922,2.6395581518299878,1.4732910877466203,2.7736326128244393,2.432861198335886,1.5884036248922349,1007.4459546071363,1007.4459546071363,greedy,1.5884036248922349,0.0,hard_fault_cluster
434,N8666,control1,-0.6119563579559326,2.789651174843311,2.1273742616176605,-0.6119563579559326,0.23241807520389557,2.1566267505288126,1.4603320419788361,0.0023241807520389558,-0.05094790458679199,0.0023228097707033157,0.0023228097707033157,0.6575434291362762,0.019588612020015717,0.10976146161556244,-0.008009731769561768,72468.4765625,28988.388671875,43480.0859375,72322.5,28981.5625,43340.9375,0.002014345722272992,0.00023547951423097402,0.0032002797815948725,0.2014345722272992,2.1936020869761705,2.68477912068367,2.0175464232452214,2.56359455704689,2.5294151961803433,1.8801916425675151,2.789651174843311,1010.2356057819796,1010.2356057819796,greedy,2.789651174843311,0.0,hard_fault_cluster
435,N14708,control1,-0.4958634078502655,4.821830944716931,2.9290197789669037,-0.4958634078502655,0.2518158555030823,6.105813412368298,4.402347224950789,0.002518158555030823,-0.05256447196006775,0.006378015503287315,0.006378015503287315,1.081528316736221,0.022332821041345596,0.1101008802652359,-0.004774495959281921,72322.296875,28981.375,43340.921875,72306.046875,29006.166015625,43299.8828125,0.0002246886579087004,-0.0008554119849577546,0.0009468894568271935,0.02246886579087004,2.4914759751409292,4.127562667727471,2.297830571886152,3.9982274073362354,5.058754873275756,3.5242624300718304,4.821830944716931,1015.0574367266966,1015.0574367266966,greedy,4.821830944716931,0.0,hard_fault_cluster
436,N14296,observe,-0.6145029067993164,3.875203549861908,4.906892871856689,-0.6145029067993164,0.24666200578212738,4.1209846377372745,1.840600347518921,0.002466620057821274,-0.033702343702316284,-0.042152419686317444,-0.042152419686317444,-5.003756561279297,0.026556745171546936,0.1325598508119583,-0.008856937289237976,72306.6640625,29006.8359375,43299.828125,73336.296875,29198.3203125,44137.97265625,-0.014239804819226265,-0.006601353175938129,-0.01935676299035549,-1.4239804819226265,2.8601841032505035,1.6589258909225464,2.706801913678646,1.7023180246353151,4.21731766462326,3.3712564820051196,3.875203549861908,1018.9326402765585,1018.9326402765585,greedy,3.875203549861908,0.0,hard_fault_cluster
437,N1397,observe,-0.7081127762794495,1.8466452449560165,3.040039980411529,-0.7081127762794495,0.23899860680103302,1.6938958644866944,-0.7426122307777403,0.00238998606801033,-0.05051574110984802,-0.023562507703900337,-0.023562507703900337,0.22962526857852927,0.026552420109510422,0.11899708211421967,-0.004946961998939514,73335.4609375,29197.6875,44137.7734375,73299.9921875,29410.7265625,43889.265625,0.0004836507432628423,-0.007296436000615358,0.00563027523458004,0.04836507432628423,2.870678110048175,2.5827373325824734,2.7091010357253253,2.568049985170364,1.9975471884012224,1.9284056724607948,1.8466452449560165,1020.7792855215145,1020.7792855215145,greedy,1.8466452449560165,0.0,hard_fault_cluster
438,N1415,observe,-0.7107319831848145,3.804285037517548,3.960013890266418,-0.7107319831848145,0.24122925102710724,5.011863178014755,2.0432616710662836,0.0024122925102710723,-0.05784037709236145,-0.01249130629003048,-0.01249130629003048,0.8750480562448502,0.026240985840559006,0.11371389031410217,-0.002633608877658844,73300.390625,29410.81640625,43889.5703125,73126.59375,29414.640625,43711.953125,0.00237102247774601,-0.00013002763444092125,0.004046910908073187,0.23710224777460098,2.8528365287929773,3.830334177315235,2.6812830702401698,3.793611302673817,4.089033448696137,3.408943905234337,3.804285037517548,1024.583570559032,1024.583570559032,greedy,3.804285037517548,0.0,hard_fault_cluster
439,N10786,observe,-0.7094584703445435,4.29209335744381,4.749000740051269,-0.7094584703445435,0.24424104392528534,3.603073632717132,3.8527688741683956,0.0024424104392528536,-0.06423559784889221,-0.0017701592296361923,-0.0017701592296361923,0.8813199377059935,0.025654174387454987,0.11072804033756256,-0.00116758793592453,73126.890625,29414.74609375,43712.1484375,72946.40625,29363.375,43583.03515625,0.0024680986534804106,0.0017464401898905635,0.0029537163209170103,0.24680986534804106,2.807888323441148,2.8572073951363564,2.626035159919411,2.8343708530068397,3.8359654873609546,4.49269973680377,4.29209335744381,1028.8756639164758,1028.8756639164758,greedy,4.29209335744381,0.0,hard_fault_cluster
440,N10781,observe,-0.7073787450790405,3.0617102921009063,3.87527847290039,-0.7073787450790405,0.2466791421175003,2.7785851091146467,3.6384778261184687,0.002466791421175003,-0.0688086748123169,0.006612064316868782,0.006612064316868782,0.19567249596118919,0.025540050119161606,0.10849951207637787,-0.0002313479781150818,72946.3828125,29363.376953125,43583.00390625,72774.0625,29297.71484375,43476.3515625,0.0023622873704880476,0.0022361907176673412,0.002447108505293727,0.23622873704880476,2.8072962183505297,1.936968228816986,2.617327813524753,1.99843297958374,2.8817625731229786,3.9731456725299354,3.0617102921009063,1031.9373742085768,1031.9373742085768,greedy,3.0617102921009063,0.0,hard_fault_cluster
441,N10773,observe,-0.7059788703918457,2.221403029561043,3.281781244277954,-0.7059788703918457,0.24585549533367157,2.154708042740822,1.1173973321914672,0.0024585549533367155,-0.07098165154457092,0.012715237215161324,0.012715237215161324,0.19295688748359663,0.026147212833166122,0.10701565444469452,0.0006081350147724152,72773.984375,29297.669921875,43476.3125,72618.21875,29232.169921875,43386.046875,0.0021404025610536337,0.0022356726694852114,0.002076202305033803,0.21404025610536337,2.873292015865445,2.6072489005327224,2.6793639664538205,2.548846052289009,2.316383481025696,2.7453251034021378,2.221403029561043,1034.1587772381379,1034.1587772381379,greedy,2.221403029561043,0.0,hard_fault_cluster
442,N10768,observe,-0.7008147239685059,2.3685234427452087,3.3404599905014036,-0.7008147239685059,0.24616454541683197,2.1258185744285583,1.0227783381938933,0.00246164545416832,-0.0731256902217865,0.018761591985821724,0.018761591985821724,0.7174758052825927,0.02627509832382202,0.10548686981201172,0.0011748969554901123,72618.21875,29232.21484375,43386.00390625,72484.375,29174.40625,43309.97265625,0.0018431153148412704,0.0019775645341724157,0.0017524372087791562,0.18431153148412704,2.892435969784856,2.667406446933746,2.6937413667328656,2.596680028438568,2.2453819811344147,2.714176903218031,2.3685234427452087,1036.5273006808832,1036.5273006808832,greedy,2.3685234427452087,0.0,hard_fault_cluster
443,N16672,observe,-0.5607920289039612,2.428904712200165,3.5561361551284785,-0.5607920289039612,0.25420165061950684,2.169921252131462,3.2320317745208738,0.0025420165061950683,-0.0640457272529602,0.013324161991477013,0.013324161991477013,-1.211716359257698,0.028374478220939636,0.1046982854604721,0.00018942728638648987,72484.0234375,29174.642578125,43309.3828125,72290.4140625,29078.673828125,43211.7421875,0.0026710627134889364,0.003289457643404603,0.0022544912062585354,0.26710627134889364,3.1049736347049475,3.7293083393573765,2.9043292752467096,4.373371311426163,2.875005891919136,3.9687538297474383,2.428904712200165,1038.9562053930833,1038.9562053930833,greedy,2.428904712200165,0.0,hard_fault_cluster
444,N2969,observe,-0.6999452114105225,3.31668366342783,3.7331185102462765,-0.6999452114105225,0.2477082759141922,3.4996333554387093,2.0042570233345027,0.002477082759141922,-0.06660553812980652,0.023269301280379295,0.023269301280379295,1.6464669001102448,0.024542301893234253,0.09857375919818878,-0.00108366459608078,72291.09375,29079.08203125,43212.015625,72347.8828125,29114.572265625,43233.3125,-0.0007855609874241054,-0.0012204729719087481,-0.0004928461275994778,-0.07855609874241054,2.725207766517997,1.1669311481714248,2.521974583622068,1.1669312077760696,2.8480953872203827,3.117329962253571,3.31668366342783,1042.272889056511,1042.272889056511,greedy,3.31668366342783,0.0,hard_fault_cluster
445,N1425,observe,-0.6588544845581055,2.3788325726985935,3.1650712132453913,-0.6588544845581055,0.25161218643188477,2.7992666274309155,2.5144249200820923,0.0025161218643188475,-0.06683066487312317,0.025585653260350227,0.025585653260350227,1.1430929177999496,0.02422628179192543,0.09853272140026093,-0.00017389655113220215,72347.125,29113.921875,43233.20703125,72241.34375,29063.09375,43178.25,0.0014621347654610872,0.001745835761539638,0.0012711763847619295,0.14621347654610872,2.699826018884778,1.4328229436278344,2.491927639115602,1.4063473948836327,2.3050808489322665,3.1225260958075527,2.3788325726985935,1044.6517216292098,1044.6517216292098,greedy,2.3788325726985935,0.0,hard_fault_cluster
446,N16687,observe,-0.2990109920501709,3.1803183138370517,4.32798376083374,-0.2990109920501709,0.15796270966529846,-0.8020681565999985,-2.9543130517005918,0.0015796270966529846,-0.04050511121749878,0.058920688927173615,0.058920688927173615,2.70255564391613,0.027028918266296387,0.08036506175994873,0.00252644345164299,72241.5078125,29063.447265625,43178.0625,72096.828125,28986.90234375,43109.9296875,0.0020027223508805037,0.002633717842400074,0.0015779497334733605,0.20027223508805037,2.9197752252221107,3.2289257606863977,2.7571126762777567,3.2724643310904504,1.6376487195491793,1.6944716677069667,3.1803183138370517,1047.8320399430468,1047.8320399430468,greedy,3.1803183138370517,0.0,hard_fault_cluster
447,N3076,observe,-0.2521776854991913,1.4812219817191363,2.791541969776153,-0.2521776854991913,0.061431124806404114,0.9716323400661349,-1.3278564751148223,0.0006143112480640412,-0.05335220694541931,0.0861905962228775,0.061431124806404114,1.6962384089827538,0.02534346655011177,0.05789823830127716,0.0024748072028160095,72097.4765625,28987.21875,43110.2578125,72171.125,29027.328125,43143.796875,-0.0010215119691565633,-0.0013836916768923402,-0.0007779833395034075,-0.10215119691565633,2.6819683760404587,1.2504265023767949,2.5712520852684975,1.4324496103823185,1.211916610598564,1.4177457968890668,1.4812219817191363,1049.3132619247658,1049.3132619247658,greedy,1.4812219817191363,0.0,hard_fault_cluster
448,N1418,observe,-0.24239416420459747,1.9049641340970995,3.048720335960388,-0.24239416420459747,0.06906655430793762,1.1162918715178964,-1.3278564751148223,0.0006906655430793762,-0.06685557961463928,0.10741665959358215,0.06906655430793762,1.6452579060196877,0.02625526860356331,0.05647038668394089,0.003996841609477997,72170.4609375,29026.4765625,43143.984375,72092.140625,28988.681640625,43103.45703125,0.0010852129198610783,0.001302084419876337,0.0009393509826622903,0.10852129198610783,2.8020100742578506,2.279766297340393,2.669647663831711,2.7322678327560426,1.606137642264366,1.6739894674718383,1.9049641340970995,1051.218226058863,1051.218226058863,greedy,1.9049641340970995,0.0,hard_fault_cluster
449,N8002,control1,-0.46186694502830505,1.1058069914579391,0.9337971270084381,-0.46186694502830505,0.016179583966732025,0.4388409784436226,0.13896550834178922,0.00016179583966732024,-0.05861693620681763,0.10539034754037857,0.016179583966732025,0.8119367110729218,0.020435921847820282,0.05049606412649155,0.00077018141746521,72092.234375,28988.94921875,43103.28125,71873.0,28871.763671875,43001.234375,0.003041026182472706,0.004042421467602253,0.0023674967233091593,0.3041026182472706,2.165162116289139,0.9515988254547119,2.073984667658806,0.9515988850593566,0.9261360108852387,0.7682102162390947,1.1058069914579391,1052.3240330503208,1052.3240330503208,greedy,1.1058069914579391,0.0,hard_fault_cluster
450,N19716,control1,-0.16950571537017822,2.8722829535603522,2.2449550569057464,-0.16950571537017822,0.07351553440093994,1.284174073934555,0.5799742370843888,0.0007351553440093994,-0.050048232078552246,0.08748870342969894,0.07351553440093994,1.7135545733571051,0.023786932229995728,0.06399746239185333,0.0021651610732078552,71872.828125,28871.71875,43001.11328125,71842.734375,28865.12890625,42977.6015625,0.00041870831046253443,0.00022824564075563103,0.0005467699957080185,0.04187083104625344,2.5396974608302116,2.130945773124695,2.4189442824572325,3.004126319885254,2.3641259759664535,1.731751465573907,2.8722829535603522,1055.1963160038813,1055.1963160038813,greedy,2.8722829535603522,0.0,hard_fault_cluster
451,N19717,control1,-0.4586246609687805,1.0642436027526856,0.9283774435520171,-0.4586246609687805,0.26992714405059814,0.929062819480896,0.7779696285724639,0.0026992714405059816,-0.062427014112472534,0.03979456424713135,0.03979456424713135,1.124095206260681,0.020371999591588974,0.10081279277801514,-0.0013529062271118164,71842.7421875,28865.140625,42977.6015625,71962.90625,28931.00390625,43031.90625,-0.0016725985333323479,-0.0022817584685981274,-0.0012635579332709312,-0.1672598533332348,2.346921667456627,1.791596237421036,2.1146303862333298,1.5057671701908113,1.1104552924633027,0.9506253362447024,1.0642436027526856,1056.260559606634,1056.260559606634,greedy,1.0642436027526856,0.0,hard_fault_cluster
452,N19710,control1,-0.3595568537712097,1.2419266313314439,1.1643465459346771,-0.3595568537712097,0.28133338689804077,0.928702925145626,0.8365870416164397,0.002813333868980408,-0.059057265520095825,0.04172678291797638,0.04172678291797638,0.58643979460001,0.01884797215461731,0.09695158898830414,-0.0010880529880523682,71962.890625,28931.0,43031.88671875,72065.3515625,28976.8046875,43088.546875,-0.0014238024596124887,-0.0015832389472052455,-0.0013167016441002488,-0.14238024596124887,2.207857385277748,1.238739821910858,1.9655622579157352,1.2729542410373689,1.2518973708152772,1.0427475576847791,1.2419266313314439,1057.5024862379653,1057.5024862379653,greedy,1.2419266313314439,0.0,hard_fault_cluster
453,N19711,control1,-0.2728017270565033,3.1590466067194938,2.3039472401142116,-0.2728017270565033,0.29024821519851685,2.1858173282444477,1.3205115139484405,0.0029024821519851684,-0.05479234457015991,0.04200059175491333,0.04200059175491333,1.9946797072887419,0.01769980788230896,0.0930371880531311,-0.00045146793127059937,72065.375,28976.82421875,43088.5546875,72143.296875,29004.67578125,43138.6171875,-0.0010812664404511452,-0.0009611668647266924,-0.001161851454526186,-0.10812664404511452,2.102229595184326,2.2001611998677255,1.8530429899692535,2.338856082260609,2.335061338543892,1.7489219228923323,3.1590466067194938,1060.6615328446849,1060.6615328446849,greedy,3.1590466067194938,0.0,hard_fault_cluster
454,N17311,control1,-0.22031119465827942,2.5794980660080906,1.755432391166687,-0.22031119465827942,0.29743677377700806,2.1216040250658987,1.2482501804828643,0.0029743677377700806,-0.05449220538139343,0.04015974700450897,0.04015974700450897,1.456162991821766,0.017501141875982285,0.0922662764787674,-0.0006605088710784912,72143.3203125,29004.69921875,43138.62109375,72203.9296875,29023.107421875,43180.8203125,-0.0008401245577260852,-0.0006346628069877625,-0.0009782236302271485,-0.08401245577260852,2.0877107083797455,3.7264603585004807,1.8345133177936077,5.180001780390739,2.4946249917149546,1.8546402614563706,2.5794980660080906,1063.2410309106929,1063.2410309106929,greedy,2.5794980660080906,0.0,hard_fault_cluster
455,N16808,control1,-0.1727176308631897,2.259631274268031,1.5289957642555234,-0.1727176308631897,0.30364900827407837,2.03754867259413,1.2258536159992217,0.0030364900827407836,-0.05438646674156189,0.03828903287649155,0.03828903287649155,0.7518094518780708,0.017336737364530563,0.09160962700843811,-0.0008172094821929932,72203.84375,29023.05078125,43180.79296875,72258.640625,29038.95703125,43219.6875,-0.0007589191081933677,-0.0005480557447299361,-0.0009007368353195488,-0.07589191081933677,2.0756117776036263,6.056799020469189,1.8191582467406988,6.056799020469189,2.405734832584858,1.7975232432782653,2.259631274268031,1065.500662184961,1065.500662184961,greedy,2.259631274268031,0.0,hard_fault_cluster
456,N16800,control1,0.036813002079725266,2.678536623716354,1.97629257440567,0.036813002079725266,0.3082137107849121,1.8865943416953086,1.1853916466236114,0.003082137107849121,-0.012964636087417603,0.04244037717580795,0.04244037717580795,1.3372803696990014,0.013302914798259735,0.06727884709835052,0.004371192306280136,72258.625,29038.9765625,43219.65234375,72313.5390625,29057.166015625,43256.375,-0.0007599655073136091,-0.0006263806717470288,-0.0008496749796904624,-0.07599655073136091,1.6809455677866936,1.3289634208381176,1.4179550018161535,1.30302413508296,1.920058612525463,1.4821595306694508,2.678536623716354,1068.1791988086773,1068.1791988086773,greedy,2.678536623716354,0.0,hard_fault_cluster
457,N19709,control1,0.09945856779813766,3.0405576854944227,2.1773688971996306,0.09945856779813766,0.3131840229034424,2.000018671452999,1.1781269252300262,0.0031318402290344237,0.005391210317611694,0.045383259654045105,0.045383259654045105,1.6790072333812713,0.011755362153053284,0.05682741850614548,0.006267819553613663,72313.578125,29057.1796875,43256.3984375,72363.734375,29072.541015625,43291.1953125,-0.0006935938145034015,-0.0005286586238071322,-0.0008044330170378089,-0.06935938145034015,1.5341034978628159,1.9429626682400705,1.2651780359447002,1.5598747947812082,2.0423330157995223,1.5619176664948464,3.0405576854944227,1071.2197564941716,1071.2197564941716,greedy,3.0405576854944227,0.0,hard_fault_cluster
458,N17303,control1,0.11624928563833237,3.4292630016803742,4.0647766351699826,0.11624928563833237,0.3176916241645813,2.3144216068089007,1.9798007011413572,0.003176916241645813,0.004323869943618774,0.04480692744255066,0.04480692744255066,2.600097583085298,0.011618699878454208,0.05684000998735428,0.006152115762233734,72363.7734375,29072.58203125,43291.19140625,72413.6640625,29088.384765625,43325.27734375,-0.0006894419784657657,-0.0005435614148154855,-0.0007873642607592046,-0.06894419784657657,1.5243685394525528,1.6636314614117147,1.2524946257472038,1.4800546987354757,2.3316404804587365,2.8675902851670982,3.4292630016803742,1074.649019495852,1074.649019495852,greedy,3.4292630016803742,0.0,hard_fault_cluster
459,N16807,control1,0.12921595573425293,3.716750535368919,4.192835474014282,0.12921595573425293,0.3213658332824707,2.4774084724485874,2.0347176790237427,0.003213658332824707,0.0030800998210906982,0.04460050165653229,0.04460050165653229,3.085867405384779,0.011499166488647461,0.05687202513217926,0.006010487675666809,72413.53125,29088.3046875,43325.2265625,72467.46875,29109.03125,43358.44140625,-0.0007448538672178984,-0.0007125393603928387,-0.000766639830544591,-0.07448538672178984,1.515882983803749,2.3167317543923858,1.2414082325994968,1.9114702378213406,2.4588536813855173,2.9575904212147,3.716750535368919,1078.3657700312208,1078.3657700312208,greedy,3.716750535368919,0.0,hard_fault_cluster
460,N17310,control1,0.13971374928951263,1.8723439529538155,2.845859467983246,0.13971374928951263,0.32464200258255005,1.988325397670269,2.0539817333221433,0.0032464200258255005,0.0019795596599578857,0.04439477622509003,0.04439477622509003,1.2778377836942671,0.011386945843696594,0.05702367424964905,0.005857326090335846,72467.5546875,29109.095703125,43358.4609375,72521.46875,29131.76171875,43389.7109375,-0.0007439751643687487,-0.0007786575006321073,-0.0007207359303720295,-0.07439751643687487,1.5077313631772995,1.9478211450576781,1.2309537790715694,1.6384712505340575,1.6665665864944457,2.4570770755410196,1.8723439529538155,1080.2381139841746,1080.2381139841746,greedy,1.8723439529538155,0.0,hard_fault_cluster
461,N16801,control1,0.14885173738002777,1.6352444171905518,2.6990064740180966,0.14885173738002777,0.32753854990005493,1.8664489194750786,2.0574071288108824,0.0032753854990005492,0.0011557042598724365,0.044306255877017975,0.044306255877017975,1.2386720332503318,0.01128484308719635,0.0573849231004715,0.00567302480340004,72521.3671875,29131.6953125,43389.671875,72572.7890625,29154.421875,43418.3671875,-0.0007090582512319088,-0.0007801318424753845,-0.00066133972723037,-0.07090582512319088,1.500329114496708,1.7909927850961684,1.2214455101639032,1.5296757823228835,1.52708527892828,2.384742804542184,1.6352444171905518,1081.873358401365,1081.873358401365,greedy,1.6352444171905518,0.0,hard_fault_cluster
462,N17305,control1,0.15758471190929413,1.5393112007528544,2.664660561084747,0.15758471190929413,0.330106258392334,1.774398346617818,2.052527570724487,0.00330106258392334,0.0003058910369873047,0.04413703829050064,0.04413703829050064,1.0984890320897103,0.01118488609790802,0.057622529566287994,0.005534417927265167,72572.875,29154.490234375,43418.38671875,72621.7109375,29176.734375,43444.9765625,-0.0006729227607138455,-0.0007629747851751745,-0.0006124097853899002,-0.06729227607138455,1.4927319064736366,1.4364516657590867,1.2120494339615107,1.483445469737053,1.4908818885684014,2.380514051839709,1.5393112007528544,1083.4126696021178,1083.4126696021178,greedy,1.5393112007528544,0.0,hard_fault_cluster
463,N8040,control0,0.1765761524438858,1.8596056282520292,2.7775882124900817,0.1765761524438858,0.32160115242004395,1.6194949723780154,2.5711182832717894,0.0032160115242004395,-0.02239835262298584,0.049394868314266205,0.049394868314266205,1.5887131509184838,0.006619840860366821,0.055340737104415894,0.002209339290857315,72621.40625,29176.06640625,43445.34375,71937.6796875,28799.921875,43137.7578125,0.009414944797754288,0.012892229482531548,0.007079836446791887,0.9414944797754288,1.0329801067709923,0.7672623024880887,0.7547330912202597,0.7143647597730161,1.5075723245739938,3.0799220109730956,1.8596056282520292,1085.2722752303698,1085.2722752303698,greedy,1.8596056282520292,0.0,hard_fault_cluster
464,N16802,control1,0.15506820380687714,2.2899525299668313,3.186641466617584,0.15506820380687714,0.3260875940322876,1.9568056643009186,1.864270770549774,0.003260875940322876,-0.008692502975463867,0.046536900103092194,0.046536900103092194,1.3742208418250084,0.006951365619897842,0.0553036704659462,0.0031058527529239655,71937.78125,28800.48046875,43137.3046875,72256.484375,28978.94921875,43277.53125,-0.004430260509252548,-0.006196728441864252,-0.0032507029827684164,-0.4430260509252548,1.067761056125164,1.8450439232587814,0.7882926855236292,1.915577544569969,1.816122095286846,2.625314632728696,2.2899525299668313,1087.5622277603366,1087.5622277603366,greedy,2.2899525299668313,0.0,hard_fault_cluster
465,N17304,control1,0.16715608537197113,2.438852614164352,3.3010103225708005,0.16715608537197113,0.33014482259750366,2.036004431545734,1.8082337141036986,0.0033014482259750367,-0.0062704384326934814,0.04603546857833862,0.04603546857833862,1.2508707430958748,0.007715344429016113,0.056797295808792114,0.0036901645362377167,72256.484375,28978.9765625,43277.51171875,72327.328125,29005.1796875,43322.14453125,-0.0009804483270272613,-0.0009042115416377783,-0.0010313164675608277,-0.09804483270272613,1.1477147340774536,2.0182116132974626,0.8655795156955719,2.1095993024110795,1.9561574414372445,2.646981296315789,2.438852614164352,1090.0010803745008,1090.0010803745008,greedy,2.438852614164352,0.0,hard_fault_cluster
466,N14298,observe,-0.08630343526601791,2.2504011034965514,1.01579949259758,-0.08630343526601791,0.31961512565612793,2.298769015073776,1.06490181684494,0.003196151256561279,-0.014415085315704346,0.04597478359937668,0.04597478359937668,2.6405103224515916,0.004713140428066254,0.04969901591539383,0.0021996088325977325,72327.359375,29005.10546875,43322.25,73068.53125,29259.794921875,43808.73828125,-0.010247462429106236,-0.008780849166214466,-0.01122952438890934,-1.0247462429106236,0.83690395206213,1.1371529784798622,0.5627115201205015,1.1370045629143715,1.6830225855112075,0.8132598006725311,2.2504011034965514,1092.2514814779975,1092.2514814779975,greedy,2.2504011034965514,0.0,hard_fault_cluster
467,N3103,observe,-0.1300252228975296,1.718216250836849,2.751455438137054,-0.1300252228975296,0.301672101020813,1.8671858087182045,-0.6471872329711914,0.00301672101020813,-0.013595730066299438,0.043014682829380035,0.043014682829380035,1.098356197476387,0.005605936050415039,0.04708400368690491,0.003462415188550949,73069.09375,29260.41796875,43808.671875,73110.171875,29351.876953125,43758.296875,-0.0005621819291263819,-0.0031256896909326315,0.0011498865205794573,-0.05621819291263819,0.9052803888916969,1.1523455294966698,0.6467653010040522,1.1991073402762413,1.5097151696681976,1.6113148602843288,1.718216250836849,1093.9696977288343,1093.9696977288343,greedy,1.718216250836849,0.0,hard_fault_cluster
468,N16695,observe,0.08376768976449966,5.608870059251785,5.999999999999999,0.08376768976449966,0.302450954914093,2.8781819680333136,3.2350395202636717,0.00302450954914093,-0.014209240674972534,0.0331224724650383,0.0331224724650383,0.9693572475761174,0.013426627963781357,0.06268047541379929,0.0037949085235595703,73109.640625,29351.46484375,43758.17578125,72618.5078125,29116.939453125,43501.5703125,0.006717757321894169,0.007990244776010513,0.005864171776920557,0.6717757321894169,1.678236223757267,2.4516698221769184,1.4265561532229185,2.3382015328016132,3.8521736651659015,4.603912882357836,5.608870059251785,1099.578567788086,1099.578567788086,greedy,5.608870059251785,0.0,hard_fault_cluster
469,N16594,observe,-0.2579590082168579,1.6815184876322746,0.9738240480422973,-0.2579590082168579,0.2930549383163452,1.917021717876196,1.4048377543687818,0.002930549383163452,-0.01480528712272644,0.03911080211400986,0.03911080211400986,1.3417292149364948,0.008498582988977432,0.053176335990428925,0.00287821888923645,72618.5,29116.89453125,43501.60546875,73431.0390625,29467.87890625,43963.16015625,-0.011189146898686886,-0.01205432042479515,-0.010610060766339302,-1.1189146898686886,1.1820240393280983,0.8068260579556227,0.932899734005332,0.6661049156636,1.3624247170984742,0.8963323229097294,1.6815184876322746,1101.2600862757183,1101.2600862757183,greedy,1.6815184876322746,0.0,hard_fault_cluster
470,N16223,control1,0.03229209780693054,5.13230433166027,5.424996852874756,0.03229209780693054,0.2973513603210449,2.797321876883507,2.30946831703186,0.002973513603210449,-0.008329182863235474,0.04002852737903595,0.04002852737903595,2.4341601008176803,0.011781912297010422,0.05876654386520386,0.005164302885532379,73430.4921875,29467.328125,43963.1640625,72978.4453125,29274.451171875,43703.9921875,0.006156119517982006,0.006545451004058123,0.005895205307751894,0.6156119517982006,1.515571117401123,2.208779302537441,1.2625362016260624,1.9791195067763327,3.392953225970268,3.880495694130659,5.13230433166027,1106.3923906073785,1106.3923906073785,greedy,5.13230433166027,0.0,hard_fault_cluster
471,N16678,observe,0.057728204876184464,3.391120932996273,4.13917953968048,0.057728204876184464,0.294236958026886,2.5377727821469307,2.0916725397109985,0.0029423695802688597,-0.010558545589447021,0.03155497461557388,0.03155497461557388,0.8891422230005265,0.015880022197961807,0.06575962901115417,0.004661813378334045,72978.796875,29274.91796875,43703.8828125,72730.921875,29160.1171875,43570.80078125,0.0033965345937758684,0.00392147246748209,0.00304508488625288,0.33965345937758684,1.9137941524386406,2.329410979896784,1.6694502029567957,2.213734696060419,2.802504423260689,3.436871540695429,3.391120932996273,1109.7835115403748,1109.7835115403748,greedy,3.391120932996273,0.0,hard_fault_cluster
472,N1423,observe,-0.0030249236151576042,3.596136070042849,4.210229897499084,-0.0030249236151576042,0.30222517251968384,2.83558798097074,3.5161205530166626,0.0030222517251968384,-0.010414987802505493,0.038805678486824036,0.038805678486824036,1.6648155937343834,0.015721596777439117,0.06516429781913757,0.005794629454612732,72731.0,29159.865234375,43571.13671875,73084.921875,29321.45703125,43763.46875,-0.004866176284849644,-0.005541582591831684,-0.004414207302033901,-0.48661762848496437,1.9131905287504196,1.791371012441814,1.6574173904955387,1.6851850993558766,2.759832999482751,3.8832030374743045,3.596136070042849,1113.3796476104176,1113.3796476104176,greedy,3.596136070042849,0.0,hard_fault_cluster
473,N1427,observe,-0.14746113121509552,5.573501200973987,5.999999999999999,-0.14746113121509552,0.28471696376800537,2.560341153293848,1.2200525403022766,0.002847169637680054,-0.010520488023757935,0.03907530754804611,0.03907530754804611,1.60049270093441,0.012549061328172684,0.056786246597766876,0.005810253322124481,73084.8515625,29321.662109375,43763.1875,73076.0078125,29359.4765625,43716.53125,0.00012100661115255207,-0.001289642183110118,0.0010661071864888072,0.012100661115255207,1.5786984041333199,1.5248782032728196,1.3358542006462812,1.4453780645132066,3.453394198417664,3.3900786194950348,5.573501200973987,1118.9531488113917,1118.9531488113917,greedy,5.573501200973987,0.0,hard_fault_cluster
474,N17806,control1,0.02919570729136467,5.793163734674454,5.999999999999999,0.02919570729136467,0.29333025217056274,3.206918379962444,2.772680902481079,0.0029333025217056275,-0.0041616857051849365,0.04345741868019104,0.04345741868019104,2.088424155116081,0.013230197131633759,0.06159538775682449,0.006369944661855698,73076.125,29359.548828125,43716.578125,72812.265625,29247.724609375,43564.54296875,0.0036107467021793127,0.003808785229921341,0.003477745922282338,0.36107467021793127,1.6598073840141296,1.5815859803557397,1.4072166308760643,1.5136613020300866,3.7872738629579548,4.144634335786105,5.793163734674454,1124.746312546066,1124.746312546066,greedy,5.793163734674454,0.0,hard_fault_cluster
475,N2920,observe,-0.1672108918428421,1.6451284864917397,2.8498910188674924,-0.1672108918428421,0.2814830541610718,1.526215018518269,0.9785074591636657,0.0028148305416107176,-0.010642468929290771,0.045148372650146484,0.045148372650146484,1.1062788815796376,0.011307686567306519,0.05881302058696747,0.005478173494338989,72812.84375,29248.234375,43564.61328125,72878.203125,29310.8671875,43567.33203125,-0.0008976352401077747,-0.0021414218936115503,-6.24072999926284e-05,-0.08976352401077747,1.4574000835418701,0.7317177369445562,1.2124265134334564,0.5966133489459753,1.3979419685900212,2.0927440815046428,1.6451284864917397,1126.3914410325579,1126.3914410325579,greedy,1.6451284864917397,0.0,hard_fault_cluster
476,N3364,observe,-0.09888476878404617,1.7939119264483454,3.3125007390975947,-0.09888476878404617,0.26948797702789307,0.8317294798791408,0.5227815240621566,0.0026948797702789308,0.0069300830364227295,0.011942116543650627,0.011942116543650627,0.32794657349586487,0.01925201714038849,0.08389200270175934,-0.0007245838642120361,72878.0703125,29310.830078125,43567.23828125,73150.2265625,29297.314453125,43852.9140625,-0.0037344053853303194,0.0004611136973835528,-0.006557123735547066,-0.37344053853303194,2.2066318076103926,1.587820845320821,1.9955592374317348,1.327135663703084,1.3203779019415378,2.21617008369416,1.7939119264483454,1128.1853529590062,1128.1853529590062,greedy,1.7939119264483454,0.0,hard_fault_cluster
477,N2987,observe,-0.4880206286907196,6.214307814836502,5.740444660186768,-0.4880206286907196,0.2598001956939697,5.724149739742279,3.6328094482421873,0.002598001956939697,-0.05317017436027527,0.011397385969758034,0.011397385969758034,2.0749010574817657,0.020276516675949097,0.09287144243717194,-0.0014735162258148193,73150.71875,29297.52734375,43853.1875,73166.390625,29410.044921875,43756.34375,-0.000214240892091766,-0.0038405144587159157,0.0022083627991378307,-0.0214240892091766,2.2988492492586374,2.9877922457456587,2.0954510630108416,2.864959232211113,5.176429325342178,4.699238027632236,6.214307814836502,1134.3996607738427,1134.3996607738427,greedy,6.214307814836502,0.0,hard_fault_cluster
478,N17812,control1,-0.20806613564491272,6.914463137090206,5.999999999999999,-0.20806613564491272,0.2712644934654236,6.65419582799077,5.173847937583923,0.0027126449346542357,-0.020365655422210693,0.022716904059052467,0.022716904059052467,3.354633763283491,0.01780051365494728,0.07961086928844452,0.002482779324054718,73165.671875,29409.46875,43756.19921875,73033.015625,29387.8671875,43645.14453125,0.0018130941316485405,0.000734510482288897,0.0025380332954227924,0.18130941316485405,2.074032763019204,1.5154566887766123,1.853546714875847,1.4207040790468455,5.598663454502821,5.216593664102257,6.914463137090206,1141.314123910933,1141.314123910933,greedy,6.914463137090206,0.0,hard_fault_cluster
479,N3456,observe,-0.36900752782821655,4.06915247887373,4.666322612762451,-0.36900752782821655,0.2655014395713806,2.002903817370534,-0.8582004308700563,0.002655014395713806,-0.03296476602554321,0.024255389347672462,0.024255389347672462,1.8855517245829105,0.016921672970056534,0.0786433219909668,0.0024735629558563232,73033.390625,29388.37109375,43645.015625,73046.953125,29430.990234375,43615.9609375,-0.00018570272368378937,-0.0014502042904496193,0.0006657046033069491,-0.018570272368378937,1.9819241259247065,0.9969132392853498,1.7646065042354167,0.9546829610317945,2.3814713515341284,1.6730029821768406,4.06915247887373,1145.3832763898067,1145.3832763898067,greedy,4.06915247887373,0.0,hard_fault_cluster
480,N3022,observe,-0.330756276845932,3.6007093057036403,4.149774575233459,-0.330756276845932,0.26313453912734985,2.573759203404188,1.3708775043487549,0.0026313453912734986,-0.02434694766998291,0.02854732982814312,0.02854732982814312,2.107520885616541,0.015634778887033463,0.07214473187923431,0.0038103312253952026,73047.1875,29431.03515625,43616.15625,72916.1640625,29389.640625,43526.5234375,0.0017936821095645428,0.00140649254899472,0.002055036835372448,0.17936821095645428,1.8551597576588392,0.534645174369216,1.6363983559422195,0.4475513368099928,2.396457449346781,2.397697342075408,3.6007093057036403,1148.9839856955105,1148.9839856955105,greedy,3.6007093057036403,0.0,hard_fault_cluster
481,N919,observe,-0.31690582633018494,3.3360372044146063,3.9562002182006832,-0.31690582633018494,0.2624410390853882,2.5224191095679998,0.7161039233207701,0.002624410390853882,-0.02528640627861023,0.02924187295138836,0.02924187295138836,1.8483592788130045,0.01558421179652214,0.07110193371772766,0.004364572465419769,72915.3828125,29389.0,43526.3828125,72740.953125,29310.46484375,43430.484375,0.00239222077652812,0.002672263653948903,0.0022032256238162518,0.239222077652812,1.8501040916889906,0.5263419050723314,1.6313419076614082,0.39652568679302924,2.331436798349023,2.311502781081945,3.3360372044146063,1152.320022899925,1152.320022899925,greedy,3.3360372044146063,0.0,hard_fault_cluster
482,N17805,control1,-0.08508919924497604,4.55748423486948,5.393811416625977,-0.08508919924497604,0.27620434761047363,1.4674105973541736,1.425261455774307,0.0027620434761047364,-0.004072427749633789,0.03256291151046753,0.03256291151046753,1.4693472731113433,0.014868509024381638,0.0664290189743042,0.005771167576313019,72741.0234375,29310.515625,43430.5078125,72587.78125,29233.37109375,43354.4140625,0.0021066816989332438,0.0026319746393710375,0.0017520806286484003,0.21066816989332438,1.795618161559105,0.5279733200371266,1.564042717218399,0.5703292299807072,2.618217433989048,3.1454442722350358,4.55748423486948,1156.8775071347945,1156.8775071347945,greedy,4.55748423486948,0.0,hard_fault_cluster
483,N3157,observe,-0.2171257883310318,2.3830584570765496,3.488141107559204,-0.2171257883310318,0.26865077018737793,1.669985293596983,0.27834329605102526,0.0026865077018737795,-0.007325857877731323,0.035000886768102646,0.035000886768102646,0.4083519656211137,0.01287851482629776,0.062377698719501495,0.005423951894044876,72588.40625,29233.91796875,43354.48828125,72599.1875,29253.05078125,43346.13671875,-0.0001485257816966623,-0.0006544730858877301,0.00019263432477600873,-0.01485257816966623,1.5915031395852566,0.46056287351064384,1.3637643968686461,0.46441898110322655,1.7768414355814455,2.0233612287417055,2.3830584570765496,1159.260565591871,1159.260565591871,greedy,2.3830584570765496,0.0,hard_fault_cluster
484,N918,observe,-0.12304983288049698,3.6317113202065228,4.637560272216796,-0.12304983288049698,0.18703897297382355,1.2148117877170441,-1.3278564751148223,0.0018703897297382354,0.004125744104385376,0.06832955777645111,0.06832955777645111,1.7197738148272037,0.014194998890161514,0.05040741711854935,0.002955809235572815,72598.734375,29252.671875,43346.06640625,72476.09375,29198.34765625,43277.7421875,0.0016892942367121577,0.0018570686224848032,0.0015762496041134,0.16892942367121577,1.674868419766426,0.85960762090981,1.48334202170372,0.8593864131718874,2.099484034627676,1.9946646225079898,3.6317113202065228,1162.8922769120775,1162.8922769120775,greedy,3.6317113202065228,0.0,hard_fault_cluster
485,N917,observe,-0.15740564465522766,4.221926955878734,4.857567977905273,-0.15740564465522766,0.10431376099586487,2.53149604126811,-0.42956351041793805,0.0010431376099586487,-0.015162616968154907,0.09174809604883194,0.09174809604883194,2.477823506742716,0.017253387719392776,0.047707922756671906,0.00012970343232154846,72476.125,29198.26953125,43277.8515625,72377.3125,29158.0,43219.3125,0.001363379997201264,0.0013791752280667424,0.0013526332331821322,0.1363379997201264,1.9214006289839745,1.1455665024369956,1.7743542362004519,1.1546689065545799,2.8977359004318712,2.5135283352807165,4.221926955878734,1167.1142038679561,1167.1142038679561,greedy,4.221926955878734,0.0,hard_fault_cluster
486,N17811,control1,-0.02791709080338478,4.44475247040391,4.029081654548644,-0.02791709080338478,0.18766190111637115,4.284734361991286,3.541349959373474,0.0018766190111637116,0.013949871063232422,0.07390868663787842,0.07390868663787842,2.786290935054421,0.014509767293930054,0.04769151657819748,0.0031455866992473602,72377.109375,29157.89453125,43219.2109375,72283.9453125,29107.0703125,43176.875,0.0012872033985331655,0.0017430689185857773,0.0009795629885047674,0.12872033985331655,1.712547317147255,0.9916405449435114,1.5163693763315678,0.9151828060671686,4.095050046220422,3.5207888426817955,4.44475247040391,1171.55895633836,1171.55895633836,greedy,4.44475247040391,0.0,hard_fault_cluster
487,N916,observe,-0.10496090352535248,4.276416226476431,5.0713499069213865,-0.10496090352535248,0.14538927376270294,1.7656049111112952,-0.9990874767303466,0.0014538927376270294,-0.002925664186477661,0.09059537947177887,0.09059537947177887,2.9247992554679514,0.013872891664505005,0.04423436522483826,0.0004719868302345276,72283.921875,29107.013671875,43176.91015625,72291.484375,29113.8984375,43177.5859375,-0.00010462215868756175,-0.00023653286916669458,-1.5651450667064637e-05,-0.010462215868756175,1.6232738196849823,0.9864586796239018,1.446285329759121,1.0122352894023061,2.557989677414298,2.292693290319294,4.276416226476431,1175.8353725648365,1175.8353725648365,greedy,4.276416226476431,0.0,hard_fault_cluster
488,N915,observe,-0.13437187671661377,4.884626710694283,5.213623523712158,-0.13437187671661377,0.10875344276428223,3.524005706142634,0.32870392799377424,0.0010875344276428222,-0.019932687282562256,0.09582893550395966,0.09582893550395966,3.5709564258158206,0.015960954129695892,0.04606018215417862,-0.0004226118326187134,72291.5625,29114.083984375,43177.4765625,72229.296875,29089.9296875,43139.37109375,0.0008613124955445528,0.0008296430460177362,0.0008825311670079827,0.08613124955445528,1.8006777912378311,1.2386126261204482,1.6472410075366497,1.2578937154263259,3.6234392501413826,2.985235512591899,4.884626710694283,1180.7199992755307,1180.7199992755307,greedy,4.884626710694283,0.0,hard_fault_cluster
489,N2911,observe,-0.1587081104516983,5.555250832438468,5.999999999999999,-0.1587081104516983,0.10603035986423492,3.1349097847938534,-0.006220459938049316,0.0010603035986423493,-0.020719259977340698,0.09640340507030487,0.09640340507030487,3.275132659077644,0.015238873660564423,0.04588663578033447,-0.0008134692907333374,72229.15625,29089.66015625,43139.49609375,72229.09375,29098.509765625,43130.5859375,8.653015584059176e-07,-0.0003042183816432953,0.00020654288528021425,8.653015584059176e-05,1.726321130990982,1.3103506591916085,1.5744958072900772,1.3329264548420907,3.8216214865446094,3.1140539662539966,5.555250832438468,1186.2752501079692,1186.2752501079692,greedy,5.555250832438468,0.0,hard_fault_cluster
490,N17804,control1,-0.03127294406294823,5.638818543404341,5.871852636337279,-0.03127294406294823,0.16033430397510529,4.03604918308556,3.367914819717407,0.0016033430397510528,-0.0015268027782440186,0.08802761882543564,0.08802761882543564,3.265116755887866,0.014320790767669678,0.04714994877576828,1.7240643501281738e-05,72229.203125,29098.6484375,43130.5546875,72149.671875,29050.27734375,43099.39453125,0.001101095462217927,0.001662314054556191,0.0007224612636491656,0.1101095462217927,1.6804409995675087,1.3095643917098643,1.494169557467103,1.271937201358378,4.499126709625125,4.184459976833313,5.638818543404341,1191.9140686513736,1191.9140686513736,greedy,5.638818543404341,0.0,hard_fault_cluster
491,N920,observe,-0.10302868485450745,2.7978852584958074,3.93233368396759,-0.10302868485450745,0.1318473368883133,1.4486615571379662,-1.0493197679519652,0.001318473368883133,-0.012748777866363525,0.0953395888209343,0.0953395888209343,5.848847489207984,0.013665646314620972,0.04456651210784912,-0.0012000501155853271,72149.6875,29050.3125,43099.37890625,72186.5,29066.72265625,43119.78125,-0.0005102239665575325,-0.0005648874212056398,-0.00047337907017208636,-0.051022396655753255,1.5937515571713448,1.6646446375548838,1.423361362889409,1.7256833700835703,1.9401753678917886,1.8911139891296629,2.7978852584958074,1194.7119539098694,1194.7119539098694,greedy,2.7978852584958074,0.0,hard_fault_cluster
492,N921,observe,-0.12150416523218155,5.451866241544485,5.999999999999999,-0.12150416523218155,0.12864194810390472,2.6639526326209304,-0.41816872358322144,0.0012864194810390472,-0.014733374118804932,0.0952334851026535,0.0952334851026535,2.803218209072947,0.013290729373693466,0.04410780221223831,-0.0015179440379142761,72186.5703125,29066.853515625,43119.71875,72148.875,29052.6640625,43096.20703125,0.0005221928586252034,0.00048816611524671316,0.0005452660261653364,0.05221928586252034,1.5529483705759048,1.1476447251811623,1.3850417956709862,1.1788180736079812,3.5285646688193086,2.923567034732551,5.451866241544485,1200.1638201514138,1200.1638201514138,greedy,5.451866241544485,0.0,hard_fault_cluster
493,N922,observe,-0.12818606197834015,5.712898512929678,5.9774120330810545,-0.12818606197834015,0.12732239067554474,3.7235181752592323,0.448966693878174,0.0012732239067554474,-0.015547364950180054,0.09508055448532104,0.09508055448532104,3.417548886761069,0.013175871223211288,0.04418130964040756,-0.0016833692789077759,72148.890625,29052.640625,43096.24609375,72113.671875,29037.55859375,43076.1171875,0.0004881398635916412,0.0005191277014091611,0.00046706866123713553,0.04881398635916412,1.5399900674819946,1.2131489505246282,1.3731878586113453,1.2414979328587652,4.147659530863166,3.325978695061058,5.712898512929678,1205.8767186643436,1205.8767186643436,greedy,5.712898512929678,0.0,hard_fault_cluster
494,N14302,observe,-0.3506017029285431,1.4728122538886965,0.6912596166133881,-0.3506017029285431,0.19277243316173553,4.94995915433392,4.199000137299299,0.0019277243316173553,-0.012143880128860474,0.07565304636955261,0.07565304636955261,3.281693590348586,0.010519448667764664,0.05050566792488098,-0.0006659626960754395,72113.71875,29037.541015625,43076.17578125,72754.5,29266.83203125,43487.6640625,-0.008885704912245274,-0.00789636466652155,-0.009552571922540665,-0.8885704912245274,1.3203703463077545,0.3337482994701713,1.1190512366592884,0.3327359774429351,2.3416151606477795,1.6168614142993465,1.4728122538886965,1207.3495309182322,1207.3495309182322,greedy,1.4728122538886965,0.0,hard_fault_cluster
495,N1414,observe,-0.16388340294361115,5.547414598055184,5.999999999999999,-0.16388340294361115,0.12921835482120514,2.372083802949637,-0.7268600344657896,0.0012921835482120514,-0.01180940866470337,0.09251566976308823,0.09251566976308823,2.4372418004274365,0.01402122899889946,0.046758443117141724,-0.0019815191626548767,72754.4921875,29266.4921875,43488.0,72483.25,29157.0625,43326.19140625,0.003728184849023819,0.0037390775978565216,0.0037207643035799265,0.3728184849023819,1.6238569244742393,1.3111902922391891,1.4575564060360193,1.3142848461866379,3.3971927106380466,2.3848517866432672,5.547414598055184,1212.8969455162874,1212.8969455162874,greedy,5.547414598055184,0.0,hard_fault_cluster
496,N948,observe,-0.15536321699619293,5.767036947607994,5.999999999999999,-0.15536321699619293,0.12655335664749146,3.678320094943046,0.3426471710205079,0.0012655335664749146,-0.011958390474319458,0.09290364384651184,0.09290364384651184,3.28914892911911,0.014145374298095703,0.04729514569044113,-0.001883774995803833,72483.375,29157.31640625,43326.0625,72352.5,29108.65234375,43243.8515625,0.0018055865075439215,0.0016690172487869859,0.0018974938429892063,0.18055865075439215,1.6339944303035736,1.3320282816886904,1.4694016799330711,1.3486637294292452,4.1714888453483585,2.8648476391658195,5.767036947607994,1218.6639824638953,1218.6639824638953,greedy,5.767036947607994,0.0,hard_fault_cluster
497,N956,observe,-0.15563581883907318,4.130735328048468,4.863815784454346,-0.15563581883907318,0.12416283786296844,4.088053903356195,1.419815683364868,0.0012416283786296845,-0.012417852878570557,0.09362641721963882,0.09362641721963882,4.449109911955893,0.014146339148283005,0.04753556847572327,-0.0018395110964775085,72352.53125,29108.78515625,43243.75,72251.609375,29069.255859375,43182.3515625,0.0013948631240054965,0.00135798507835716,0.0014198222197592258,0.13948631240054965,1.6324231699109077,1.206594923622906,1.4690812285989523,1.138862574584782,4.201576351746917,2.8676162058002235,4.130735328048468,1222.7947177919439,1222.7947177919439,greedy,4.130735328048468,0.0,hard_fault_cluster
498,N952,observe,-0.16255499422550201,1.4552917674183847,1.1312476515769958,-0.16255499422550201,0.1051916629076004,3.4200115256011485,2.9581376612186427,0.001051916629076004,-0.01875406503677368,0.09511328488588333,0.09511328488588333,4.485332250520586,0.015381604433059692,0.04841918498277664,-0.0014736875891685486,72251.578125,29069.216796875,43182.359375,72167.90625,29035.52734375,43132.3828125,0.001158062950707972,0.0011589390924200416,0.0011573374504223466,0.1158062950707972,1.738465391099453,1.0702285590022802,1.5882366802543402,1.0211934568732977,2.502861405164003,1.699259104095399,1.4552917674183847,1224.2500095593623,1224.2500095593623,greedy,1.4552917674183847,0.0,hard_fault_cluster
499,N2995,observe,-0.188177689909935,1.1118488192558291,1.1706342995166779,-0.188177689909935,0.10105301439762115,2.812362915277481,2.706699329614639,0.0010105301439762115,-0.019128024578094482,0.09548439085483551,0.09548439085483551,4.2829238396883005,0.014619022607803345,0.04763562232255936,-0.0019093602895736694,72168.265625,29035.931640625,43132.3359375,72156.75,29039.45703125,43117.296875,0.00015956631978042424,-0.00012141475599491969,0.0003486725618131459,0.015956631978042424,1.6584396660327911,0.9727495646476745,1.5110366120934486,0.9235273337364196,2.359118127822876,1.578208613791503,1.1118488192558291,1225.361858378618,1225.361858378618,greedy,1.1118488192558291,0.0,hard_fault_cluster
500,N950,observe,-0.18326561152935028,1.8550314903259277,1.1087047398090362,-0.18326561152935028,0.10262958705425262,3.8164370179176332,2.8408979952335356,0.0010262958705425263,-0.08420869708061218,0.13602183759212494,0.10262958705425262,4.77900767147541,0.024583585560321808,0.05939503759145737,0.003909789025783539,72156.5625,29039.169921875,43117.390625,72069.703125,28996.970703125,43072.734375,0.001203762600198388,0.0014531826600432396,0.001035689958371222,0.12037626001983881,2.6970099806785583,2.7207353511452674,2.518021412193775,2.4881799617409706,2.6172591924667357,1.8669203567504882,1.8550314903259277,1227.216889868944,1227.216889868944,greedy,1.8550314903259277,0.0,hard_fault_cluster
501,N951,observe,-0.17635083198547363,1.9494710198044778,1.2126645863056182,-0.17635083198547363,0.10528187453746796,3.9795373588800436,2.966070085763931,0.0010528187453746796,-0.08321842551231384,0.13650433719158173,0.10528187453746796,4.963381459712982,0.024386409670114517,0.05949120223522186,0.0036939941346645355,72069.5,28996.77734375,43072.71875,72019.5546875,28975.10546875,43044.44921875,0.0006930159288458526,0.0007473891018889844,0.00065632100449875,0.06930159288458526,2.6804271787405014,2.5791193905472753,2.499087519943714,2.4386197987198828,2.6880089759826657,1.9042460337281226,1.9494710198044778,1229.1663608887484,1229.1663608887484,greedy,1.9494710198044778,0.0,hard_fault_cluster
502,N3472,observe,-0.21501290798187256,1.845107275247574,1.1725028812885283,-0.21501290798187256,0.0938541442155838,3.316871178150177,2.4156234085559842,0.000938541442155838,-0.08349296450614929,0.13877364993095398,0.0938541442155838,4.152726864218712,0.02357422560453415,0.058703020215034485,0.0033254623413085938,72020.03125,28975.65625,43044.375,72033.9453125,28986.232421875,43047.71484375,-0.0001931971200974658,-0.00036500199348665774,-7.759071013424546e-05,-0.01931971200974658,2.5900503545999527,2.3229137995839118,2.4155795089900494,2.2389278748631476,2.3765889674425122,1.656265113800764,1.845107275247574,1231.011468163996,1231.011468163996,greedy,1.845107275247574,0.0,hard_fault_cluster
503,N957,observe,-0.18400953710079193,1.9392930784821512,1.1925026893615722,-0.18400953710079193,0.10257795453071594,3.82445410490036,2.8426019728183745,0.0010257795453071593,-0.08045905828475952,0.13682030141353607,0.10257795453071594,4.796399976313115,0.02382347732782364,0.05958282947540283,0.0031802505254745483,72033.6640625,28985.798828125,43047.86328125,71965.890625,28949.80078125,43016.0859375,0.0009408578625880182,0.0012419201666489244,0.0007381862960755825,0.09408578625880182,2.621745988726616,2.6985300821065903,2.442197296768427,2.4778263610601425,2.656309151649475,1.8722781416773795,1.9392930784821512,1232.9507612424782,1232.9507612424782,greedy,1.9392930784821512,0.0,hard_fault_cluster
504,N955,observe,-0.1730216145515442,1.7485181093215942,1.2170513689517974,-0.1730216145515442,0.10090570151805878,3.586967360973358,2.7954687178134914,0.0010090570151805877,-0.0714510977268219,0.1287531703710556,0.10090570151805878,4.709976125955581,0.022732485085725784,0.05806577950716019,0.00208263099193573,71965.828125,28949.78125,43016.04296875,71928.875,28931.4296875,42997.44140625,0.0005134815583005548,0.0006339102401398122,0.0004324331530369818,0.051348155830055475,2.502907380461693,2.4616257992386816,2.330663226544857,2.2876539078354834,2.5805500507354737,1.8312361957132817,1.7485181093215942,1234.6992793517998,1234.6992793517998,greedy,1.7485181093215942,0.0,hard_fault_cluster
505,N954,observe,-0.16789616644382477,1.6528139531612396,1.1981354355812073,-0.16789616644382477,0.10313861072063446,3.363010469079018,2.6288801252841947,0.0010313861072063445,-0.0689687728881836,0.12899282574653625,0.10313861072063446,4.461949626505375,0.02244831994175911,0.05798821896314621,0.0017796307802200317,71928.9765625,28931.55078125,42997.42578125,71893.1875,28913.4140625,42979.77734375,0.0004975611227564514,0.0006268837605603039,0.0004104533581994474,0.04975611227564514,2.4769634306430817,2.3888728308677676,2.3028648532927036,2.2273082423210147,2.47492835521698,1.758119426816702,1.6528139531612396,1236.352093304961,1236.352093304961,greedy,1.6528139531612396,0.0,hard_fault_cluster
506,N953,observe,-0.16667838394641876,1.8151452624797821,1.1890743494033813,-0.16667838394641876,0.11046682298183441,3.6050692081451414,2.681758838891983,0.001104668229818344,-0.07216936349868774,0.13817812502384186,0.11046682298183441,4.543371981978416,0.022946730256080627,0.059444040060043335,0.002214588224887848,71893.1953125,28913.38671875,42979.80859375,71857.78125,28894.94140625,42962.84375,0.0004925926914438605,0.0006379506085067987,0.00039471659692935646,0.04925926914438605,2.543317973613739,2.5308261892199515,2.356834262609482,2.3483364364504813,2.51766574382782,1.785446337759495,1.8151452624797821,1238.1672385674408,1238.1672385674408,greedy,1.8151452624797821,0.0,hard_fault_cluster
507,N947,observe,-0.16236291825771332,1.8330995762348175,1.2193700194358825,-0.16236291825771332,0.11236459016799927,3.557465177774429,2.686581182479858,0.0011236459016799928,-0.06825557351112366,0.13850940763950348,0.11236459016799927,4.485892916917801,0.022530388087034225,0.05927041172981262,0.0017909370362758636,71857.8046875,28894.8984375,42962.90625,71823.3125,28876.3984375,42946.91015625,0.00048000612878240645,0.0006402514409273863,0.00037232335307635367,0.048000612878240645,2.5039128065109253,2.5364329078793526,2.3157573081552982,2.354013369381428,2.511114716529846,1.810103514418006,1.8330995762348175,1240.0003381436757,1240.0003381436757,greedy,1.8330995762348175,0.0,hard_fault_cluster
508,N949,observe,-0.15736041963100433,1.8379431399703026,1.2314074993133544,-0.15736041963100433,0.11394210159778595,3.5912400424480437,2.843229022622108,0.0011394210159778595,-0.06401920318603516,0.13859300315380096,0.11394210159778595,4.526315049827098,0.022064317017793655,0.05907595157623291,0.0013223960995674133,71823.46875,28876.37109375,42947.09375,71790.484375,28858.16015625,42932.328125,0.00045924229198135436,0.0006306518916971982,0.0003438096318859607,0.045924229198135436,2.4589668065309525,2.5750171986222266,2.2695654779672623,2.3872938004136084,2.5321850061416624,1.876463069692254,1.8379431399703026,1241.838281283646,1241.838281283646,greedy,1.8379431399703026,0.0,hard_fault_cluster
509,N958,observe,-0.15302707254886627,1.8510219979286195,1.283413803577423,-0.15302707254886627,0.11426754295825958,3.5994679540395738,2.897968928515911,0.0011426754295825957,-0.061022430658340454,0.1386398822069168,0.11426754295825958,4.5131021925807,0.021559271961450577,0.058807358145713806,0.0008869059383869171,71790.421875,28858.185546875,42932.234375,71758.21875,28839.67578125,42918.546875,0.0004485713434405625,0.0006414043600670993,0.0003188163973391056,0.04485713434405625,2.408834621310234,2.6075841289758683,2.2191540524363518,2.416466127038002,2.5365294456481933,1.9300611562654375,1.8510219979286195,1243.6893032815747,1243.6893032815747,greedy,1.8510219979286195,0.0,hard_fault_cluster
510,N4021,observe,-0.1975812166929245,1.5271188724040985,2.5475527405738827,-0.1975812166929245,0.10029113292694092,3.1264335542917254,2.2812064468860624,0.0010029113292694093,-0.058624476194381714,0.14025132358074188,0.10029113292694092,3.9212293794751165,0.02045680582523346,0.05780000239610672,0.0002937614917755127,71758.3203125,28839.6484375,42918.671875,71794.15625,28855.87890625,42938.28125,-0.0004993976908735931,-0.0005627831560559571,-0.0004568961157929152,-0.04993976908735931,2.2862230390310287,2.42629290163517,2.1058161966502666,2.253583078980446,2.197799289226532,2.287821437343955,1.5271188724040985,1245.2164221539788,1245.2164221539788,greedy,1.5271188724040985,0.0,hard_fault_cluster
511,N3463,observe,-0.20929066836833954,1.4610908669233322,0.9442665100097656,-0.20929066836833954,0.08941064774990082,3.10997565984726,0.7572295904159545,0.0008941064774990082,-0.04985395073890686,0.12977711856365204,0.08941064774990082,4.03139509677887,0.019177190959453583,0.056165777146816254,-0.0008747130632400513,71793.0078125,28854.09375,42938.9140625,71806.6953125,28856.96875,42949.7265625,-0.0001906522666104138,-9.963924094336107e-05,-0.0002518112014513463,-0.01906522666104138,2.136906862258911,2.4070435425639154,1.9725160375237465,2.234341230094433,2.2473960518836975,0.9900987891852858,1.4610908669233322,1246.677513020902,1246.677513020902,greedy,1.4610908669233322,0.0,hard_fault_cluster
512,N3336,observe,-0.2297518104314804,1.1824388071894645,2.5594342708587643,-0.2297518104314804,0.11045877635478973,3.7056690581142906,3.800109386444092,0.0011045877635478974,0.0031943321228027344,0.0822797641158104,0.0822797641158104,4.37141620464623,0.010397743433713913,0.0509791299700737,-0.005228154361248016,71808.1875,28859.1875,42948.99609375,71945.8125,28838.359375,43107.453125,-0.001916564186103642,0.0007217155653052032,-0.0036894234362989664,-0.1916564186103642,1.2325128838419914,0.873060064688325,1.0879589784890413,0.8585388831049204,2.540416007488966,3.0108102540299297,1.1824388071894645,1247.8599518280917,1247.8599518280917,greedy,1.1824388071894645,0.0,hard_fault_cluster
513,N14567,control1,-0.32946541905403137,2.2087262138724326,2.64738974571228,-0.32946541905403137,0.06858600676059723,2.6905871368944645,2.8261351108551023,0.0006858600676059723,-0.0017528533935546875,0.07898863404989243,0.06858600676059723,3.2905416468530895,0.009593844413757324,0.047903403639793396,-0.006359569728374481,71945.4453125,28837.763671875,43107.6796875,71730.140625,28745.6640625,42984.4765625,0.0029926104471087456,0.0031937153544276953,0.0028580320067703724,0.29926104471087456,1.106959082186222,0.09907031305134295,0.9962781015783548,0.43362555153667925,2.372198780626059,2.802303398214281,2.2087262138724326,1250.0686780419642,1250.0686780419642,greedy,2.2087262138724326,0.0,hard_fault_cluster
514,N16675,observe,-0.573296844959259,1.146627098321915,2.4911951839923856,-0.573296844959259,0.24498380720615387,4.233776786923409,2.3999999999999995,0.0024498380720615388,-0.017889857292175293,0.021165283396840096,0.021165283396840096,3.0884861820936202,0.013447970151901245,0.08524447679519653,-0.0021773651242256165,71729.828125,28745.796875,42984.03125,72160.875,28992.0,43168.87890625,-0.00600931141525507,-0.008564839139580727,-0.0043003796599805355,-0.600931141525507,1.6109461057931185,1.6952302879095078,1.411334287840873,1.1502066899836063,2.6613785818219178,2.3598960781842466,1.146627098321915,1251.215305140286,1251.215305140286,greedy,1.146627098321915,0.0,hard_fault_cluster
515,N12523,observe,-0.8961560726165771,0.9204797288030386,0.6494445502758026,-0.8961560726165771,0.2525683045387268,1.340810563415289,1.2375041782855987,0.002525683045387268,-0.07754629850387573,0.02629927732050419,0.02629927732050419,1.1209013037383557,0.018986497074365616,0.09699676930904388,-0.001512780785560608,72160.9453125,28992.126953125,43168.8203125,72932.4921875,29307.2890625,43625.203125,-0.01069202832877636,-0.010870610363781452,-0.010572046972811222,-1.069202832877636,2.1775172892957926,0.7967627775669098,1.9683666029013693,0.7832868766784667,0.7209542363882065,0.5846688621491194,0.9204797288030386,1252.135784869089,1252.135784869089,greedy,0.9204797288030386,0.0,hard_fault_cluster
516,N12549,observe,-0.7881662845611572,1.5090259712934493,2.5195862293243407,-0.7881662845611572,0.2467738538980484,1.9713832885026932,-0.509615671634674,0.002467738538980484,-0.08293405175209045,0.02411736734211445,0.02411736734211445,1.2163554757833481,0.02329806238412857,0.09868425130844116,-0.00027104467153549194,72932.8125,29307.53515625,43625.28125,72727.109375,29257.91796875,43469.19140625,0.002820446854457259,0.0016929840203374624,0.0035779676400125027,0.2820446854457259,2.60069745965302,1.4694517478346825,2.3975290437228978,1.5117743834853172,1.7341600477695465,1.8011369958519936,1.5090259712934493,1253.6448108403824,1253.6448108403824,greedy,1.5090259712934493,0.0,hard_fault_cluster
517,N12546,observe,-0.7715195417404175,1.7868815046548843,2.6092208743095395,-0.7715195417404175,0.24493490159511566,2.610344806313515,-0.22883186340332018,0.0024493490159511566,-0.08066549897193909,0.024012478068470955,0.024012478068470955,2.235347798466682,0.0236646868288517,0.09718278050422668,-0.0001409277319908142,72727.21875,29257.931640625,43469.2890625,72618.1640625,29218.818359375,43399.34375,0.0014995030360296369,0.0013368437066674232,0.0016090741846710443,0.14995030360296369,2.6354160625487566,1.6662609446048737,2.4337055278010666,1.6539838182926179,2.0799496173858643,1.9819672513008122,1.7868815046548843,1255.4316923450374,1255.4316923450374,greedy,1.7868815046548843,0.0,hard_fault_cluster
518,N12553,observe,-0.6353743076324463,0.8878424480557442,2.599656069278717,-0.6353743076324463,0.24765019118785858,0.6197708338499069,-1.2258239924907683,0.002476501911878586,-0.03663352131843567,-0.023783667013049126,-0.023783667013049126,0.36944991260766985,0.030361391603946686,0.12988941371440887,-0.004490219056606293,72618.2421875,29218.892578125,43399.34765625,72951.4453125,29217.296875,43734.1484375,-0.0045884218998253345,5.461203181766905e-05,-0.00771441962569952,-0.45884218998253345,3.260005684569478,2.8061281168460845,3.092105791438371,2.2023525679111478,0.9247721254825592,1.2426287809014323,0.8878424480557442,1256.3195347930932,1256.3195347930932,greedy,0.8878424480557442,0.0,hard_fault_cluster
519,N12612,observe,-0.7717891335487366,1.4421080306172371,2.7713790416717528,-0.7717891335487366,0.24187587201595306,1.271633304655552,-1.0133965492248533,0.0024187587201595306,-0.06129169464111328,-0.0005283486098051071,-0.0005283486098051071,0.5823320245742798,0.02460181713104248,0.11094430088996887,-0.002826675772666931,72951.53125,29217.345703125,43734.1875,72996.7890625,29331.779296875,43665.01171875,-0.0006203819648362696,-0.003916631918400526,0.0015817324165254831,-0.06203819648362696,2.701529236510396,1.2348280841112138,2.520518593955785,1.2267602260410786,1.4594770431518556,1.4401591506600382,1.4421080306172371,1257.7616428237104,1257.7616428237104,greedy,1.4421080306172371,0.0,hard_fault_cluster
520,N12597,observe,-0.7846949696540833,1.9755245327949527,3.118685972690582,-0.7846949696540833,0.2419530600309372,2.060346861183643,-0.357740020751953,0.002419530600309372,-0.06562492251396179,0.006096476688981056,0.006096476688981056,0.16933092862367627,0.02380525693297386,0.10712550580501556,-0.002004198729991913,72996.7109375,29331.802734375,43664.90625,72928.421875,29352.12890625,43576.296875,0.0009355087531730533,-0.0006929738447070122,0.0020293041598051786,0.09355087531730533,2.6285752300173044,2.0356852531433107,2.4425380774773657,1.9853172302246096,2.1006416425108907,1.9954170676320793,1.9755245327949527,1259.7371673565053,1259.7371673565053,greedy,1.9755245327949527,0.0,hard_fault_cluster
521,N12550,observe,-0.8418177366256714,1.8416694685816763,2.8382017493247984,-0.8418177366256714,0.24142064154148102,2.502127672731876,-0.009992909431457475,0.00241420641541481,-0.061193227767944336,0.008552232757210732,0.008552232757210732,0.48327887058258046,0.02315569669008255,0.1110381931066513,-0.0028814971446990967,72928.4140625,29352.126953125,43576.28515625,72915.578125,29288.11328125,43627.4609375,0.00017600736464373767,0.002180886920541525,-0.0011743952054530382,0.017600736464373767,2.5655425433069468,1.5929946538805964,2.378062887582928,1.680429732501507,2.027537006139755,1.9478990539908412,1.8416694685816763,1261.578836825087,1261.578836825087,greedy,1.8416694685816763,0.0,hard_fault_cluster
522,N12609,observe,-0.832223117351532,2.1521065108478066,2.9638664245605466,-0.832223117351532,0.24362348020076752,2.965697696059942,0.30286622047424316,0.0024362348020076753,-0.06574270129203796,0.010834211483597755,0.010834211483597755,0.9549571007490157,0.023349791765213013,0.1074407696723938,-0.0019555464386940002,72915.5859375,29288.1015625,43627.484375,72821.7265625,29279.55078125,43542.17578125,0.001287233317270875,0.0002919540856964886,0.00195538648404181,0.1287233317270875,2.5894368682056665,1.6052786511182786,2.3985935994423926,1.5683059018850327,2.2575587183237076,2.0974131669104104,2.1521065108478066,1263.7309433359346,1263.7309433359346,greedy,2.1521065108478066,0.0,hard_fault_cluster
523,N12551,observe,-0.8303799033164978,2.2827130280435086,3.1109172701835632,-0.8303799033164978,0.24289153516292572,2.640615799278021,-0.08738436698913565,0.002428915351629257,-0.06712988018989563,0.012829156592488289,0.012829156592488289,0.9655475831031798,0.02317751944065094,0.10428914427757263,-0.0016937851905822754,72821.796875,29279.48828125,43542.30859375,72739.703125,29263.85546875,43475.8515625,0.0011273238342255354,0.0005339168710634112,0.0015262634260579944,0.11273238342255354,2.573472635820508,1.876992982029915,2.3816821170039475,1.994894307255745,2.3507165759801865,2.1579657743871214,2.2827130280435086,1266.013656363978,1266.013656363978,greedy,2.2827130280435086,0.0,hard_fault_cluster
524,N12530,observe,-0.7012640833854675,2.710078948736191,3.6566094160079956,-0.7012640833854675,0.2494775801897049,2.602491474151611,3.51408896446228,0.002494775801897049,-0.06548038125038147,0.006813520565629005,0.006813520565629005,-0.9276323974132538,0.028371304273605347,0.111268550157547,-0.0010777115821838379,72739.375,29263.7109375,43475.6640625,72513.078125,29137.521484375,43375.5546875,0.0031110644340515137,0.004312147852033377,0.002302653156220913,0.31110644340515137,3.0934215281158686,2.8952206850051883,2.901203202549368,3.1795653104782104,3.0771984577178952,4.100178997516632,2.710078948736191,1268.7237353127143,1268.7237353127143,greedy,2.710078948736191,0.0,hard_fault_cluster
525,N10767,observe,-0.7600308060646057,2.6210531823337075,3.4589014530181883,-0.7600308060646057,0.2437068074941635,2.457272883504629,0.29889774322509766,0.002437068074941635,-0.06938779354095459,0.01454300619661808,0.01454300619661808,0.7588806182146072,0.027055639773607254,0.10679779946804047,-0.0004208013415336609,72513.2421875,29137.2109375,43376.03125,72514.0546875,29157.794921875,43356.2578125,-1.1204850125068333e-05,-0.0007064500823616982,0.00045586092164739966,-0.0011204850125068333,2.963813791051507,2.521662021279335,2.770126430783421,2.7300898319482805,2.5286629647016525,2.5210496155917648,2.6210531823337075,1271.344788495048,1271.344788495048,greedy,2.6210531823337075,0.0,hard_fault_cluster
526,N10780,observe,-0.7493011951446533,2.4860182419419288,3.392258405685425,-0.7493011951446533,0.24290548264980316,2.097449593245983,-0.6328259229660034,0.0024290548264980314,-0.07229295372962952,0.02062995173037052,0.02062995173037052,1.0307879024744033,0.026687536388635635,0.10568565130233765,0.00014978647232055664,72514.0,29157.763671875,43356.234375,72424.890625,29129.1875,43295.70703125,0.0012288575526326895,0.000980053679086268,0.0013960470678284764,0.12288575526326895,2.932289073243737,2.874633302688599,2.734637497458607,3.191182246208191,2.331078374385834,2.1452009433507926,2.4860182419419288,1273.83080673699,1273.83080673699,greedy,2.4860182419419288,0.0,hard_fault_cluster
527,N10784,observe,-0.7268603444099426,2.2329019635915754,3.168501782417297,-0.7268603444099426,0.24447093904018402,2.0447548061609266,0.11714113950729366,0.0024447093904018404,-0.07337746024131775,0.02516053058207035,0.02516053058207035,1.3076942026615144,0.02635771408677101,0.10543398559093475,0.0006304904818534851,72424.5,29128.7890625,43295.7109375,72330.109375,29093.625,43236.48046875,0.0013032968854531646,0.0012071927776560187,0.0013680447591468692,0.13032968854531646,2.9054028782993555,2.77097510099411,2.7031792760826647,2.747873342037201,2.079923063516617,2.2881531152129178,2.2329019635915754,1276.0637087005816,1276.0637087005816,greedy,2.2329019635915754,0.0,hard_fault_cluster
528,N10788,observe,-0.334261029958725,1.4022435881197453,2.7342828154563903,-0.334261029958725,0.06038883328437805,0.639719597697258,-1.6008836060762404,0.0006038883328437805,-0.059678494930267334,0.0880119577050209,0.06038883328437805,1.3262703450769187,0.02826514095067978,0.07561692595481873,0.0044122859835624695,72330.421875,29093.890625,43236.53125,72241.546875,29058.373046875,43183.171875,0.001228736131452024,0.0012207916006445885,0.0012341270921751857,0.1228736131452024,2.974914886057377,1.7279210877418518,2.8636142928153276,1.870506353378296,1.184631721675396,1.4000106190890076,1.4022435881197453,1277.4659522887014,1277.4659522887014,greedy,1.4022435881197453,0.0,hard_fault_cluster
529,N10782,observe,-0.26589861512184143,1.7934108018875121,2.941670489311218,-0.26589861512184143,0.06691549718379974,1.1010735554993152,-1.3278564751148223,0.0006691549718379975,-0.07645443081855774,0.1284804493188858,0.06691549718379974,1.7921616975963115,0.028754886239767075,0.06408419460058212,0.005724802613258362,72241.5234375,29058.3515625,43183.171875,72163.40625,29026.05859375,43137.34375,0.0010813336120918393,0.0011113145155832171,0.0010612496407702565,0.10813336120918393,3.070884570479393,2.1575789761543276,2.924337610602379,1.9801429104804993,1.437656244635582,1.5644765590131287,1.7934108018875121,1279.259363090589,1279.259363090589,greedy,1.7934108018875121,0.0,hard_fault_cluster
530,N10779,observe,-0.25911152362823486,2.318389065861702,2.9099334478378296,-0.25911152362823486,0.06947745382785797,3.6906246095895767,0.7525637626647947,0.0006947745382785797,-0.08034121990203857,0.1307145655155182,0.06947745382785797,4.15918501406908,0.028162699192762375,0.06309966742992401,0.005567602813243866,72162.9921875,29025.7109375,43137.28125,72097.1875,28997.30859375,43099.875,0.0009118896559812129,0.0009785236325114965,0.000867144379299134,0.09118896559812129,3.0164619386196136,3.1414047825336455,2.8663179241120815,2.8409724375605583,2.6085486173629757,2.287801210284233,2.318389065861702,1281.5777521564507,1281.5777521564507,greedy,2.318389065861702,0.0,hard_fault_cluster
531,N10766,observe,-0.2518059313297272,2.1316883596777916,2.898550510406494,-0.2518059313297272,0.07203976809978485,3.4519946813583373,0.7670709371566771,0.0007203976809978485,-0.08358541131019592,0.1323154866695404,0.07203976809978485,4.163322832882404,0.027634449303150177,0.06228311359882355,0.005424998700618744,72097.15625,28997.2890625,43099.86328125,72040.4609375,28971.6484375,43068.8125,0.0007863737409934402,0.0008842421229928732,0.0007204380235634744,0.07863737409934402,2.967800185084343,4.721209822893143,2.814533744007349,3.159157167673111,2.5672799229621885,2.298731949925423,2.1316883596777916,1283.7094405161286,1283.7094405161286,greedy,2.1316883596777916,0.0,hard_fault_cluster
532,N12539,observe,-0.19000419974327087,1.9360147923231128,3.017680740356445,-0.19000419974327087,0.1669357866048813,4.590523882210255,2.3999999999999995,0.001669357866048813,-0.041796743869781494,0.06843951344490051,0.06843951344490051,4.37166455104947,0.026947222650051117,0.08734427392482758,0.0030063390731811523,72041.1875,28972.609375,43068.58203125,72043.6328125,29021.640625,43021.9921875,-3.394325540284626e-05,-0.001692331163212657,0.0010817594593390822,-0.003394325540284626,2.9300975650548935,5.215862881541252,2.753566090017557,3.2300083273649216,3.450255315005779,2.872665954753757,1.9360147923231128,1285.6454553084516,1285.6454553084516,greedy,1.9360147923231128,0.0,hard_fault_cluster
533,N6970,control0,-0.48687079548835754,0.8209628122447611,1.0772410511970518,-0.48687079548835754,-0.008667796850204468,0.2795254297548672,0.3674753706451156,-8.667796850204467e-05,-0.07637077569961548,0.1473909318447113,-0.008667796850204468,0.13193338023520482,0.02280370518565178,0.05128144472837448,0.004919469356536865,72043.453125,29021.5859375,43021.8671875,72203.4765625,29093.044921875,43110.43359375,-0.00222120713442564,-0.0024622702039778233,-0.002058636862784624,-0.222120713442564,2.4190936535596848,0.7825728723744396,2.3150513023138046,0.7826018938759808,0.5396727343795646,0.8316025937004088,0.8209628122447611,1286.4664181206963,1286.4664181206963,greedy,0.8209628122447611,0.0,hard_fault_cluster
534,N18726,control0,-0.7046849727630615,0.6072986695149666,0.7015362918376922,-0.7046849727630615,-0.07021000981330872,0.11813185404505928,0.24581670782426954,-0.0007021000981330871,-0.07354298233985901,0.14780305325984955,-0.07021000981330872,0.10128746045313163,0.017329920083284378,0.04216030240058899,0.0027047432959079742,72203.8125,29093.3671875,43110.4453125,72264.46875,29140.72265625,43123.75,-0.0008400699007324874,-0.001627706689760089,-0.00030861864797770977,-0.08400699007324874,1.8105850517749786,0.10652154777933902,1.752390269190073,0.10661620583421609,0.40473450140743805,0.5085169814108121,0.6072986695149666,1287.0737167902112,1287.0737167902112,greedy,0.6072986695149666,0.0,hard_fault_cluster
535,N13649,control1,-0.2617855668067932,2.146472007036209,3.2607982873916623,-0.2617855668067932,0.032481059432029724,2.4791557669639586,3.5938628673553463,0.0003248105943202972,-0.06290072202682495,0.13079455494880676,0.032481059432029724,3.2453387469053268,0.024646978825330734,0.05638521909713745,0.004310194402933121,72263.9453125,29140.0234375,43123.921875,72017.5546875,28999.375,43018.1796875,0.003409592667594552,0.004826641175895929,0.0024520540609955788,0.3409592667594552,2.62797349691391,2.1772362327575685,2.5055167861282825,2.6300196981430055,2.570439398288727,3.7530176788568497,2.146472007036209,1289.2201887972474,1289.2201887972474,greedy,2.146472007036209,0.0,hard_fault_cluster
536,N13650,control1,-0.5384278297424316,0.7423530548810959,1.4514124572277067,-0.5384278297424316,0.2542179226875305,0.898347733914852,1.4349774479866029,0.0025421792268753053,-0.07350778579711914,0.03315005451440811,0.03315005451440811,1.170829203426838,0.025046370923519135,0.10352928936481476,-0.002390339970588684,72017.5625,28999.3828125,43018.1796875,72066.8671875,29011.658203125,43055.2109375,-0.0006846203468739986,-0.0004232983337715268,-0.0008608279167674482,-0.06846203468739986,2.792005069553852,1.9132243025302889,2.576479086652398,2.3316742289066315,1.1795212477445602,1.8313018833100796,0.7423530548810959,1289.9625418521284,1289.9625418521284,greedy,0.7423530548810959,0.0,hard_fault_cluster
537,N13651,control1,-0.36145296692848206,0.9371623381972313,2.0822682797908785,-0.36145296692848206,0.2715006470680237,0.9460774824023247,1.400425624847412,0.002715006470680237,-0.05996301770210266,0.034267522394657135,0.034267522394657135,0.9924170410633086,0.02100396901369095,0.09508225321769714,-0.002285577356815338,72066.84375,29011.66015625,43055.1796875,72099.515625,29014.236328125,43085.27734375,-0.0004533551400527358,-8.879780943971127e-05,-0.0006990484544076025,-0.04533551400527358,2.4061650708317757,1.3070086032152175,2.176838943734765,1.3393763214349748,1.045684139430523,1.9413907992094754,0.9371623381972313,1290.8997041903256,1290.8997041903256,greedy,0.9371623381972313,0.0,hard_fault_cluster
538,N13657,control1,-0.14403332769870758,6.311775855720043,5.721214771270751,-0.14403332769870758,0.28318727016448975,6.03132279291749,4.9546195507049555,0.0028318727016448976,-0.0358242392539978,0.029343390837311745,0.029343390837311745,0.08211004123091681,0.016120746731758118,0.08221514523029327,0.0007521696388721466,72099.4609375,29014.1875,43085.2734375,72108.0546875,28996.88671875,43111.16796875,-0.00011919298412976786,0.0005962869618088007,-0.0006010065553709865,-0.011919298412976786,1.9246053341776133,0.4885209823399782,1.6902073384262621,0.4901514822989702,5.4977346859872345,4.8197434916719795,6.311775855720043,1297.2114800460456,1297.2114800460456,greedy,6.311775855720043,0.0,hard_fault_cluster
539,N12525,observe,0.08847206085920334,6.170412673056125,5.999999999999999,0.08847206085920334,0.27777183055877686,3.043541154935956,-0.4728780269622803,0.0027777183055877684,0.035703688859939575,0.04053393751382828,0.04053393751382828,3.7992975597828624,0.01284162700176239,0.05593933165073395,0.006552025675773621,72108.1875,28997.263671875,43110.921875,71930.5625,28853.6640625,43076.8984375,0.0024633125867694616,0.004952177871018648,0.0007892068824730814,0.24633125867694616,1.6024684682488441,0.7841280444711447,1.3637391421943903,0.6753027781099081,3.431215984374285,2.353676908798516,6.170412673056125,1303.3818927191016,1303.3818927191016,greedy,6.170412673056125,0.0,hard_fault_cluster
540,N12519,observe,0.07537968456745148,6.208759298920631,5.771164798736572,0.07537968456745148,0.2742220163345337,3.134338389784097,1.2998187609016894,0.002742220163345337,0.034768491983413696,0.04020813852548599,0.04020813852548599,6.449697810262442,0.013658009469509125,0.05893002450466156,0.005815494805574417,71930.6484375,28853.724609375,43076.92578125,71883.5546875,28811.912109375,43071.640625,0.0006547105149365962,0.0014491196488961577,0.0001226911263074726,0.06547105149365962,1.6802311018109322,1.7484774164855479,1.4444084856659174,1.7236645095050334,3.544005157053471,3.328099562134594,6.208759298920631,1309.5906520180222,1309.5906520180222,greedy,6.208759298920631,0.0,hard_fault_cluster
541,N10775,observe,-0.002256537787616253,5.730394156649709,3.960928976535797,-0.002256537787616253,0.2667389512062073,3.2471088829822836,-0.09056140184402461,0.002667389512062073,0.03288421034812927,0.0448245033621788,0.0448245033621788,6.23640279321,0.010015696287155151,0.05087149888277054,0.005905400961637497,71883.234375,28811.115234375,43072.1171875,72032.484375,28922.8125,43109.671875,-0.002076283795759082,-0.0038768809754401445,-0.0008719025063328445,-0.20762837957590818,1.3131330832839012,1.2230708715878424,1.0794604923576117,1.2258128528855738,3.0283936144784094,1.8715306840185078,5.730394156649709,1315.321046174672,1315.321046174672,greedy,5.730394156649709,0.0,hard_fault_cluster
542,N10789,observe,-0.018709387630224228,2.5117016943171624,3.6587363004684446,-0.018709387630224228,0.2650085687637329,1.3153634329140185,-1.1422084927558898,0.002650085687637329,0.03206467628479004,0.04893777519464493,0.04893777519464493,1.0148010146245359,0.008691642433404922,0.04947202652692795,0.005814444273710251,72032.6640625,28923.037109375,43109.625,72009.1640625,28927.12109375,43082.04296875,0.00032624087180010974,-0.00014120178821031004,0.0006398114492185414,0.032624087180010974,1.18311058729887,0.5368197135813535,0.9476508293300867,0.5301280714757741,1.6757017171010373,1.7192061161156746,2.5117016943171624,1317.8327478689891,1317.8327478689891,greedy,2.5117016943171624,0.0,hard_fault_cluster
543,N8776,control1,0.06179879233241081,1.4428640244528652,2.8238520383834835,0.06179879233241081,0.2819192409515381,1.0297969193197787,1.7172682344913481,0.0028191924095153807,0.03782549500465393,0.050348348915576935,0.050348348915576935,1.5524865119252353,0.00974595919251442,0.05194505304098129,0.006450686603784561,72008.9921875,28927.259765625,43081.734375,71917.4609375,28874.8046875,43042.65625,0.0012711086310446262,0.0018133441917598248,0.0009070694213733077,0.12711086310446262,1.306863509118557,0.6454573934990913,1.0576628167182207,0.46976584103889757,1.1790179311297835,2.457950878678821,1.4428640244528652,1319.275611893442,1319.275611893442,greedy,1.4428640244528652,0.0,hard_fault_cluster
544,N12498,observe,0.006681081838905811,2.325250530056655,3.395752143859863,0.006681081838905811,0.27550673484802246,1.7336200578138232,-0.7829582810401916,0.0027550673484802246,0.03258165717124939,0.04931054264307022,0.04931054264307022,0.947122149169445,0.0074865855276584625,0.04821506142616272,0.005791913717985153,71917.828125,28875.09375,43042.73828125,71987.3828125,28914.654296875,43072.73046875,-0.000967141124419868,-0.0013700578128919005,-0.0006968001835048199,-0.0967141124419868,1.073475830256939,1.1322508896887302,0.8298628721386194,1.138245149999857,1.8336045399308205,1.8218429509550336,2.325250530056655,1321.6008624234985,1321.6008624234985,greedy,2.325250530056655,0.0,hard_fault_cluster
545,N12583,observe,-0.011027160100638866,1.6187266755849123,3.0486548304557797,-0.011027160100638866,0.27378910779953003,0.9386585360392927,-1.2386660158634184,0.0027378910779953004,0.03213217854499817,0.04853978753089905,0.04853978753089905,0.9732033998146653,0.006702616810798645,0.04794442653656006,0.0051892660558223724,71987.2578125,28914.7890625,43072.46875,71998.4453125,28934.669921875,43063.7734375,-0.00015540944878011942,-0.0006875671679154038,0.0002018763480009511,-0.015540944878011942,0.9925905764102936,0.37414549453184015,0.7508439049124718,0.3679936954192818,1.2284739831462503,1.428508089045063,1.6187266755849123,1323.2195890990834,1323.2195890990834,greedy,1.6187266755849123,0.0,hard_fault_cluster
546,N12566,observe,-0.022672977298498154,3.0928429652005436,4.216896438598632,-0.022672977298498154,0.27343928813934326,1.2249270909465848,-1.2416829407215118,0.0027343928813934326,0.031362056732177734,0.048725709319114685,0.048725709319114685,1.1720523676648735,0.0064088813960552216,0.048115551471710205,0.004861205816268921,71998.703125,28934.87890625,43063.82421875,71987.9375,28933.3203125,43054.6171875,0.00014952526544220746,5.386556949815713e-05,0.0002137996634701267,0.014952526544220746,0.9630531370639801,0.6107749084942043,0.7214293889701366,0.5976275394670666,1.9182219410315158,1.8768442616704855,3.0928429652005436,1326.312432064284,1326.312432064284,greedy,3.0928429652005436,0.0,hard_fault_cluster
547,N16693,observe,-0.2087346315383911,3.2563365302979945,4.512699937820434,-0.2087346315383911,0.2651260495185852,1.098800061829388,-1.2610178291797638,0.002651260495185852,0.045320749282836914,0.033409252762794495,0.033409252762794495,1.02113834656775,0.008516926318407059,0.059924326837062836,0.0015407130122184753,71987.484375,28932.94140625,43054.5390625,72344.3671875,29100.513671875,43243.8515625,-0.004957567434757948,-0.00579174654558301,-0.0043970393016934395,-0.4957567434757948,1.1502279341220856,0.8233109634742141,0.9263264574110508,0.7826070111617446,1.9474829960614444,1.8958639474399392,3.2563365302979945,1329.568768594582,1329.568768594582,greedy,3.2563365302979945,0.0,hard_fault_cluster
548,N8775,control1,-3.5169534385204315e-05,2.1875103391706943,3.091843736171722,-3.5169534385204315e-05,0.27655237913131714,2.2528582356870177,2.5248976945877075,0.0027655237913131714,0.039320290088653564,0.03798086196184158,0.03798086196184158,1.5544442412257196,0.010758154094219208,0.05903361737728119,0.004440903663635254,72344.359375,29100.2578125,43244.09765625,72080.0546875,28954.86328125,43125.19140625,0.0036534250248223543,0.004996331408619881,0.0027496526017785072,0.36534250248223543,1.3903486505150795,1.4494924746453761,1.1544487196952105,1.3429627619683742,2.0108506634831427,2.9595678395777942,2.1875103391706943,1331.7562789337528,1331.7562789337528,greedy,2.1875103391706943,0.0,hard_fault_cluster
549,N14301,observe,-0.25781920552253723,1.553382618278265,0.9990608751773834,-0.25781920552253723,0.27650684118270874,2.2748455137014387,1.699002356082201,0.0027650684118270875,0.0278034508228302,0.04633338749408722,0.04633338749408722,1.2676317337155343,0.008524149656295776,0.0544283390045166,0.0041679516434669495,72079.9296875,28954.853515625,43125.078125,72868.625,29264.16796875,43604.453125,-0.010941954329609871,-0.010682646185159683,-0.011115921661257744,-1.094195432960987,1.1752551943063736,0.8608731752634049,0.9331250227987766,0.8608288651704789,1.315818254649639,0.9572284464607947,1.553382618278265,1333.309661552031,1333.309661552031,greedy,1.553382618278265,0.0,hard_fault_cluster
550,N8774,control1,0.022663135081529617,3.4587971344590187,3.700977921485901,0.022663135081529617,0.28609365224838257,4.332371342182159,4.370529127120971,0.002860936522483826,0.03073519468307495,0.043514564633369446,0.043514564633369446,1.8518068358302116,0.011290565133094788,0.056900836527347565,0.006098411977291107,72868.7578125,29264.1953125,43604.5625,72460.5625,29082.7734375,43377.78515625,0.005601787939667702,0.006199448835104704,0.005200771149247885,0.5601787939667702,1.4586647301912308,1.0114801149070263,1.2114585675299168,0.9560513119399547,3.335586665570736,4.032057934626938,3.4587971344590187,1336.76845868649,1336.76845868649,greedy,3.4587971344590187,0.0,hard_fault_cluster
551,N12649,control1,0.07658451795578003,3.358892299234867,3.9835319519042964,0.07658451795578003,0.297029972076416,2.6473125398159025,2.4065688133239744,0.00297029972076416,0.03409695625305176,0.04370643198490143,0.04370643198490143,1.3233759769797324,0.010446641594171524,0.05592712014913559,0.0061776302754879,72460.5703125,29082.78125,43377.7890625,72418.671875,29083.015625,43335.65625,0.0005782239604741335,-8.058892490225844e-06,0.0009712991886772215,0.05782239604741335,1.3854005634784698,1.4679007421433927,1.1298482604324818,1.4838221560418607,2.587238775193691,3.12857466571033,3.358892299234867,1340.127350985725,1340.127350985725,greedy,3.358892299234867,0.0,hard_fault_cluster
552,N12650,control1,0.1173207238316536,2.9483505047857763,3.828081130981445,0.1173207238316536,0.30686408281326294,2.236396712809801,2.207637333869934,0.0030686408281326294,0.0350479781627655,0.043397046625614166,0.043397046625614166,1.0365301901102066,0.010006409138441086,0.05526965856552124,0.006246253848075867,72418.6640625,29083.01171875,43335.65234375,72410.3203125,29085.146484375,43325.171875,0.00011521546548465267,-7.340249430853873e-05,0.00024184402718674392,0.011521546548465267,1.3509020432829857,1.493666825890541,1.0882061962038279,1.5172894579172134,2.353358069062233,2.9243453010916713,2.9483505047857763,1343.0757014905107,1343.0757014905107,greedy,2.9483505047857763,0.0,hard_fault_cluster
553,N12651,control1,0.1474401354789734,3.3208072535693645,4.136153268814087,0.1474401354789734,0.3146477937698364,2.3806706897914407,2.2743223905563354,0.0031464779376983642,0.03521043062210083,0.04307061433792114,0.04307061433792114,0.9520196080207824,0.009708330035209656,0.0544494166970253,0.006269574165344238,72410.3125,29085.15234375,43325.1640625,72415.71875,29089.38671875,43326.328125,-7.466132956324145e-05,-0.00014558545080944896,-2.6868045097216964e-05,-0.007466132956324145,1.3285514116287231,1.5601790404319762,1.060262605547905,1.5831352925300597,2.579843908548355,3.055556802302599,3.3208072535693645,1346.3965087440802,1346.3965087440802,greedy,3.3208072535693645,0.0,hard_fault_cluster
554,N8782,control1,0.17168541252613068,3.518495655804873,4.29172842502594,0.17168541252613068,0.32100141048431396,2.463202791661024,2.3255871772766112,0.0032100141048431396,0.034810036420822144,0.04259655624628067,0.04259655624628067,0.9573680099844932,0.009430885314941406,0.053655967116355896,0.00619594007730484,72415.6875,29089.37890625,43326.3125,72428.25,29094.88671875,43333.3671875,-0.00017347760149277747,-0.00018934100808110088,-0.0001628268655622378,-0.017347760149277747,1.3066864982247353,1.5932423765957355,1.0339880231767893,1.613434284478426,2.6951088532805443,3.1285925976186992,3.518495655804873,1349.915004399885,1349.915004399885,greedy,3.518495655804873,0.0,hard_fault_cluster
555,N12657,control1,0.19117029011249542,3.5112794414162636,4.241054534912109,0.19117029011249542,0.32635927200317383,2.554261644184589,2.3957296133041384,0.0032635927200317383,0.03451120853424072,0.04211004823446274,0.04211004823446274,1.1441526043415067,0.009300094097852707,0.05312935262918472,0.006077449768781662,72428.2578125,29094.892578125,43333.36328125,72437.78125,29094.29296875,43343.48828125,-0.00013148787547834218,2.0608749764505774e-05,-0.00023365368542727083,-0.013148787547834218,1.2984787300229073,1.6255512100458145,1.0221267398446798,1.6445007187128067,2.7079249858856205,3.1429783949255947,3.5112794414162636,1353.4262838413013,1353.4262838413013,greedy,3.5112794414162636,0.0,hard_fault_cluster
556,N13151,control1,0.20667001605033875,3.9401442170143124,4.322345614433289,0.20667001605033875,0.3308730125427246,2.9446978464722635,2.4394325971603394,0.003308730125427246,0.03413623571395874,0.04165688157081604,0.04165688157081604,2.9762209489941593,0.00924498587846756,0.05282197147607803,0.005949784070253372,72437.796875,29094.30078125,43343.4921875,72450.0546875,29094.12890625,43355.92578125,-0.00016921845963224769,5.9075141507491935e-06,-0.00028686184668913484,-0.01692184596322477,1.2970284819602966,1.845474095791578,1.0176310613751411,1.8644672350585458,2.787287594377995,3.1916999206691985,3.9401442170143124,1357.3664280583155,1357.3664280583155,greedy,3.9401442170143124,0.0,hard_fault_cluster
557,N13150,control1,0.2199854850769043,3.786054463684559,4.3750342369079585,0.2199854850769043,0.3348231911659241,2.7571252077817916,2.4685816049575804,0.003348231911659241,0.03337612748146057,0.04126407206058502,0.04126407206058502,1.7353809145092964,0.009155750274658203,0.05253954231739044,0.005818873643875122,72450.0625,29094.142578125,43355.921875,72470.65625,29099.33203125,43371.3203125,-0.00028424750780686736,-0.00017836762708611786,-0.00035516341449692845,-0.028424750780686736,1.2916622906923294,1.7152961085736753,1.0095968432724476,1.733228881210089,2.828664441406727,3.2213921304792166,3.786054463684559,1361.1524825220001,1361.1524825220001,greedy,3.786054463684559,0.0,hard_fault_cluster
558,N13149,control1,0.23070020973682404,3.870676410198212,4.3877726793289185,0.23070020973682404,0.3384746313095093,2.8553102940320967,1.8323645949363707,0.003384746313095093,0.03215095400810242,0.04138992726802826,0.04138992726802826,2.089797675013542,0.008966270834207535,0.05234025418758392,0.005632221698760986,72470.640625,29099.31640625,43371.3203125,72497.984375,29109.1328125,43388.8515625,-0.00037730796611867845,-0.0003373414801899344,-0.00040421297308057547,-0.037730796611867845,1.276491641998291,1.7567924425005912,0.9915932230651379,1.7754482194781303,2.8545648545026783,2.9779686719179157,3.870676410198212,1365.0231589321984,1365.0231589321984,greedy,3.870676410198212,0.0,hard_fault_cluster
559,N13157,control1,0.2393006533384323,4.138345980644226,4.514764070510864,0.2393006533384323,0.3415951728820801,3.0349015802145,1.8775317907333373,0.003415951728820801,0.031052112579345703,0.04154928773641586,0.04154928773641586,2.70341905772686,0.008788492530584335,0.052181512117385864,0.005473054945468903,72497.90625,29109.1015625,43388.8046875,72529.625,29121.89453125,43407.734375,-0.00043751264456659555,-0.0004394834686536342,-0.00043628044659271836,-0.043751264456659555,1.2619937136769295,1.8384091249108314,0.9746353682130575,1.8574904790520668,2.953121998906136,3.0749276822805407,4.138345980644226,1369.1615049128427,1369.1615049128427,greedy,4.138345980644226,0.0,hard_fault_cluster
560,N10900,control1,0.17694061994552612,2.0537160545587545,4.041645598411559,0.17694061994552612,0.316714346408844,0.6735437244176867,1.2009455442428587,0.00316714346408844,0.027574270963668823,0.03225456178188324,0.03225456178188324,-5.432556713819504,0.008755546063184738,0.04656393826007843,0.002703838050365448,72529.9609375,29122.044921875,43407.9140625,72294.5703125,28991.71875,43302.8515625,0.003245426109060645,0.004475172609090805,0.0024203534703701735,0.3245426109060645,1.224523514509201,0.750113927125931,0.9627968333661556,0.8079290497303011,2.1740446865558622,2.650793030411005,2.0537160545587545,1371.2152209674014,1371.2152209674014,greedy,2.0537160545587545,0.0,hard_fault_cluster
561,N8042,control0,0.21520254015922546,4.607437808811665,4.500719857215881,0.21520254015922546,0.31514686346054077,3.3141239035874603,3.3470354080200195,0.003151468634605408,0.01252204179763794,0.04082386940717697,0.04082386940717697,5.062528382465243,0.00539015606045723,0.04428297281265259,0.0014897063374519348,72294.03125,28990.939453125,43303.08984375,71659.625,28668.5234375,42991.1015625,0.008775361813604832,0.011121268384158611,0.007204758003354073,0.8775361813604832,0.8949863389134407,1.4919426473230124,0.6280082892626524,1.4608333142846823,3.0049775309860705,4.053235395140946,4.607437808811665,1375.822658776213,1375.822658776213,greedy,4.607437808811665,0.0,hard_fault_cluster
562,N10855,control1,0.1578577607870102,3.3383206143975257,4.137713551521301,0.1578577607870102,0.30193305015563965,1.7479870425164699,1.4900457978248596,0.0030193305015563964,0.019304245710372925,0.03548465669155121,0.03548465669155121,1.4991871631145477,0.00618492066860199,0.0445924773812294,0.0011745058000087738,71660.078125,28669.30859375,42990.765625,71665.046875,28678.09765625,42986.953125,-6.933777331141755e-05,-0.00030656694434583187,8.86818379512988e-05,-0.006933777331141755,0.9559097737073898,1.7261523893475532,0.7028464935719967,1.7717683008313179,2.246260088682175,2.9633791407942773,3.3383206143975257,1379.1609793906107,1379.1609793906107,greedy,3.3383206143975257,0.0,hard_fault_cluster
563,N18823,control0,0.19485922157764435,5.954942427575588,5.895601081848144,0.19485922157764435,0.3037757873535156,2.950612668171525,3.0418546080589293,0.0030377578735351564,0.009974628686904907,0.04039020836353302,0.04039020836353302,4.082014613077044,0.0034833401441574097,0.04325540363788605,0.000573381781578064,71665.0859375,28678.3515625,42986.734375,71241.0546875,28478.80859375,42762.24609375,0.005916845519095659,0.006957964971661568,0.005222268868237734,0.5916845519095659,0.6925000101327896,1.6313309364765882,0.43437551334500313,1.5935839705914259,3.5989751555025578,4.439333851076663,5.954942427575588,1385.1159218181863,1385.1159218181863,greedy,5.954942427575588,0.0,hard_fault_cluster
564,N10792,observe,0.06790609657764435,5.375475647579879,5.999999999999999,0.06790609657764435,0.29153329133987427,1.7582810312975194,-1.1245255947113035,0.0029153329133987426,0.020698189735412598,0.03381086140871048,0.03381086140871048,1.4989606450498103,0.002014949917793274,0.03823001682758331,0.001661498099565506,71240.828125,28478.15625,42762.671875,71773.90625,28810.734375,42963.171875,-0.007482761517167091,-0.011678358539938927,-0.00468866853043437,-0.7482761517167091,0.5268391445279121,1.5211126861721278,0.2828310299664736,1.5291999635845424,3.007241597026587,2.400915265791119,5.375475647579879,1390.491397465766,1390.491397465766,greedy,5.375475647579879,0.0,hard_fault_cluster
565,N6107,control0,0.13722972571849823,5.519950631260873,5.999999999999999,0.13722972571849823,0.28648823499679565,2.394708699285984,2.8914739966392515,0.0028648823499679565,0.009240001440048218,0.029173718765378,0.029173718765378,1.1325069189071653,0.0017170682549476624,0.028628602623939514,0.0037238560616970062,71774.359375,28811.48046875,42962.8828125,71304.5,28558.041015625,42746.4609375,0.00654634041711688,0.008796474896371365,0.005037415307015181,0.654634041711688,0.4873687792569399,1.5795593276619913,0.25062231393530965,1.5902685537934305,3.551598140597344,4.408538791388273,5.519950631260873,1396.011348097027,1396.011348097027,greedy,5.519950631260873,0.0,hard_fault_cluster
566,N13656,control1,0.16465605795383453,5.796283273398876,5.999999999999999,0.16465605795383453,0.30522817373275757,3.170362673252821,2.3075625896453857,0.0030522817373275757,0.02203136682510376,0.028688965365290642,0.028688965365290642,2.094081237912178,0.002994731068611145,0.03718922287225723,0.0040282756090164185,71303.96875,28557.4609375,42746.50390625,71556.046875,28695.47265625,42860.578125,-0.0035352606792002916,-0.00483277253806591,-0.0026686210185289383,-0.35352606792002916,0.6333902459591627,1.7994593986868859,0.38295239163562655,1.7677546152472496,3.7027725070714954,4.060774602144957,5.796283273398876,1401.8076313704257,1401.8076313704257,greedy,5.796283273398876,0.0,hard_fault_cluster
567,N14280,control0,0.18633200228214264,5.387805138528347,5.999999999999999,0.18633200228214264,0.2955136299133301,1.9898540529608726,2.6352762937545773,0.0029551362991333007,0.006359517574310303,0.02401011995971203,0.02401011995971203,1.1412280198931692,0.0024031177163124084,0.02738606184720993,0.005324341356754303,71556.9765625,28696.4765625,42860.5,71194.8125,28478.56640625,42716.24609375,0.005061198491603136,0.00759362056851387,0.003365660784766078,0.5061198491603136,0.559835521504283,1.6491999658942222,0.32019270909950137,1.6557391318678856,3.3670755624771123,4.288599115610123,5.387805138528347,1407.1954365089541,1407.1954365089541,greedy,5.387805138528347,0.0,hard_fault_cluster
568,N16230,control1,0.1871987134218216,5.8113246887922285,5.999999999999999,0.1871987134218216,0.3093382716178894,3.231148772314191,2.470176291465759,0.003093382716178894,0.019386231899261475,0.022881412878632545,0.022881412878632545,1.8797867350280284,0.0038870126008987427,0.03532811254262924,0.005780745297670364,71194.03125,28477.787109375,42716.24609375,71544.046875,28681.435546875,42862.61328125,-0.004916361998766661,-0.007151132915169001,-0.0034264991991221905,-0.49163619987666607,0.7209209445863962,1.8926844061166048,0.47175618121400476,1.8629848421365023,3.7366941623389724,4.1323857937380675,5.8113246887922285,1413.0067611977463,1413.0067611977463,greedy,5.8113246887922285,0.0,hard_fault_cluster
569,N1486,control0,0.0638684555888176,5.391144344210624,5.999999999999999,0.0638684555888176,0.2984364628791809,2.181017117872834,2.8130821824073786,0.002984364628791809,0.02257862687110901,0.020126158371567726,0.020126158371567726,1.2124436400830745,0.00391591340303421,0.046451158821582794,0.0028244443237781525,71544.234375,28681.57421875,42862.6640625,71879.3671875,28730.416015625,43148.953125,-0.004684274084866047,-0.001702898065559566,-0.006679217796772718,-0.4684274084866047,0.7101539615541697,1.7578979357331992,0.4712319956161082,1.7658248170465232,3.2871966116130356,3.7116777975484734,5.391144344210624,1418.397905541957,1418.397905541957,greedy,5.391144344210624,0.0,hard_fault_cluster
570,N10790,observe,-0.014048050157725811,3.930124041438103,4.7507971763610835,-0.014048050157725811,0.28811919689178467,2.116906552016735,-0.6866561770439148,0.0028811919689178465,0.018013864755630493,0.017315031960606575,0.017315031960606575,1.0834818020462988,0.00401705875992775,0.0403575524687767,0.004097305238246918,71879.0,28729.734375,43149.265625,72100.53125,28908.8359375,43191.6953125,-0.003082002280279994,-0.006234013941138983,-0.000983323552645743,-0.3082002280279994,0.7071401048451662,1.4281239347159862,0.4780644332058728,1.437450452297926,2.6721008464694025,2.366865550205112,3.930124041438103,1422.3280295833952,1422.3280295833952,greedy,3.930124041438103,0.0,hard_fault_cluster
571,N10770,observe,-0.03871116414666176,2.3851896326988937,3.330126309394836,-0.03871116414666176,0.28153812885284424,2.267063355073333,-0.3306352615356445,0.0028153812885284425,0.0171833336353302,0.014041593298316002,0.014041593298316002,1.0005792239308358,0.005565233528614044,0.039507053792476654,0.005257885903120041,72100.859375,28909.23046875,43191.625,72129.2890625,28961.408203125,43167.8828125,-0.0003943044284824282,-0.0018048814963549376,0.0005496942321769893,-0.03943044284824282,0.8521030750125647,1.3571116396784784,0.6304182833991945,1.379284746348858,2.1510034397244455,2.02815223582089,2.3851896326988937,1424.713219216094,1424.713219216094,greedy,2.3851896326988937,0.0,hard_fault_cluster
572,N1506,control0,-0.14302630722522736,1.7025437608361245,2.9570115447044367,-0.14302630722522736,0.27370840311050415,1.8612817250192164,3.1813623905181885,0.0027370840311050416,0.026108890771865845,0.007005142048001289,0.007005142048001289,-0.17633425936102876,0.00710778683423996,0.05307789891958237,0.0027618147432804108,72129.203125,28961.62109375,43167.58203125,72248.1796875,28925.791015625,43322.390625,-0.001649492303840816,0.0012371571501716971,-0.0035862233489751816,-0.1649492303840816,0.9914922285825014,1.2395870891213419,0.7809570697136223,1.2771562543511392,1.8051036484539509,2.748317371495068,1.7025437608361245,1426.4157629769302,1426.4157629769302,greedy,1.7025437608361245,0.0,hard_fault_cluster
573,N8781,control1,0.003227335400879383,4.321908192038536,3.8941083431243895,0.003227335400879383,0.28457415103912354,4.2994357961416245,3.9125835657119747,0.0028457415103912355,0.023188889026641846,0.01009233109652996,0.01009233109652996,6.277921797037124,0.00806741788983345,0.0524010956287384,0.0048590004444122314,72247.96875,28925.58203125,43322.3828125,72087.96875,28863.8046875,43224.1640625,0.0022145952098071575,0.0021357338409870863,0.0022671595215797424,0.22145952098071575,1.1014082711189985,2.2458533900976176,0.8804084095172584,2.2583601135015483,3.1302109897136687,4.0046104690432545,4.321908192038536,1430.7376711689687,1430.7376711689687,greedy,4.321908192038536,0.0,hard_fault_cluster
574,N12332,observe,-0.3375369608402252,0.8451442949473857,0.26629413962364196,-0.3375369608402252,0.28107118606567383,1.4362801246345043,1.382509022951126,0.002810711860656738,0.01557159423828125,0.006913544610142708,0.006913544610142708,0.2193165539484471,0.0059403181076049805,0.046335846185684204,0.004556290805339813,72087.53125,28863.5078125,43224.01953125,72985.7109375,29242.328125,43743.3828125,-0.012459570541977882,-0.013124541379511356,-0.012015617452561855,-1.2459570541977882,0.8820165414363146,0.6789336698362604,0.6660279934294522,0.6789353328058496,0.8761102303862572,0.49150884963572034,0.8451442949473857,1431.5828154639162,1431.5828154639162,greedy,0.8451442949473857,0.0,hard_fault_cluster
575,N12251,observe,-0.47515562176704407,1.026953487470746,0.8179968297481537,-0.47515562176704407,0.27719616889953613,1.7989917926490309,1.7718461275100708,0.0027719616889953615,0.011539071798324585,0.0025659631937742233,0.0025659631937742233,1.1249027189612388,0.006432618945837021,0.04268743097782135,0.005814202129840851,72986.078125,29242.4765625,43743.6015625,73623.109375,29544.10546875,44079.0078125,-0.008728120476007462,-0.010314752347767353,-0.0076675498858094215,-0.8728120476007462,0.9230240266770124,0.8214337152242661,0.7132024276070297,0.8226450008153916,0.9879832580685616,1.0348284620046615,1.026953487470746,1432.609768951387,1432.609768951387,greedy,1.026953487470746,0.0,hard_fault_cluster
576,N12339,observe,-0.07852751016616821,2.639407554268837,3.5846499919891355,-0.07852751016616821,0.27762430906295776,2.0213957339525224,2.9198459744453427,0.0027762430906295775,0.004077404737472534,-0.002364885061979294,-0.002364885061979294,0.7528852355480193,0.01390005648136139,0.053667761385440826,0.007344856858253479,73623.3203125,29544.564453125,44078.7578125,72990.5,29244.83984375,43745.65625,0.008595379069447517,0.01014483068138361,0.007556963246315718,0.8595379069447517,1.6652650721371174,2.234467934966087,1.4588205041363835,2.3117991322278977,2.4040285408496858,3.6626185515522955,2.639407554268837,1435.249176505656,1435.249176505656,greedy,2.639407554268837,0.0,hard_fault_cluster
577,N12322,observe,-0.03383513167500496,5.393410961329937,5.506960010528564,-0.03383513167500496,0.2758312225341797,4.12600578814745,4.240320205688477,0.002758312225341797,0.006497740745544434,-0.0024046460166573524,-0.0024046460166573524,0.9777872043848037,0.015840373933315277,0.05812859535217285,0.007443148642778397,72990.5,29244.734375,43745.765625,72754.4609375,29134.611328125,43619.8515625,0.0032338325399905443,0.003765568369999528,0.0028783143498003483,0.32338325399905443,1.85746396984905,2.765392210185528,1.6523940374609083,2.7359813711047174,4.502879133820534,5.026871436983347,5.393410961329937,1440.6425874669858,1440.6425874669858,greedy,5.393410961329937,0.0,hard_fault_cluster
578,N12421,observe,-0.16375122964382172,5.641028472781181,4.735542440414428,-0.16375122964382172,0.2674979567527771,3.402044503390789,2.126399654150009,0.002674979567527771,0.005549222230911255,-0.0026525985449552536,-0.0026525985449552536,0.7064766409993171,0.013886522501707077,0.0520789697766304,0.007833503186702728,72754.234375,29134.5,43619.73828125,72759.3828125,29189.453125,43569.9296875,-7.07647850504145e-05,-0.0018861873541027308,0.001141882035881281,-0.00707647850504145,1.6534976083785295,1.7143941470980644,1.4548635897226632,1.7269958207011222,4.134298653900624,3.092053695693613,5.641028472781181,1446.283615939767,1446.283615939767,greedy,5.641028472781181,0.0,hard_fault_cluster
579,N10776,observe,-0.26079341769218445,3.24198092892766,4.206580781936645,-0.26079341769218445,0.26027464866638184,1.944701923802495,0.34893575906753527,0.002602746486663818,-0.002224534749984741,0.0007160473614931107,0.0007160473614931107,0.6286995952576399,0.013387873768806458,0.05058260262012482,0.008281048387289047,72759.328125,29188.9453125,43570.38671875,72652.3359375,29168.177734375,43484.15625,0.0014704944333061576,0.000711487780790776,0.0019791072700172663,0.14704944333061576,1.5997780729085207,0.6653586550056935,1.4040350508876145,0.6673154754936695,2.356891217455268,2.5891992913745345,3.24198092892766,1449.5255968686947,1449.5255968686947,greedy,3.24198092892766,0.0,hard_fault_cluster
580,N12574,observe,-0.3976497948169708,5.017271348834038,5.633584403991699,-0.3976497948169708,0.2563670873641968,2.6347407922148705,1.4631065845489502,0.002563670873641968,-0.027381092309951782,0.008063768967986107,0.008063768967986107,0.2621622112393379,0.015798740088939667,0.06245295703411102,0.006425265222787857,72652.6875,29169.07421875,43483.61328125,72544.0390625,29141.03125,43403.0078125,0.0014954496873542666,0.000961393874604255,0.0018536975840106606,0.14954496873542666,1.8443048652261496,-0.07734146937727926,1.6459817229770124,-0.2076136194169521,3.2746705606579782,2.968535864427686,5.017271348834038,1454.5428682175288,1454.5428682175288,greedy,5.017271348834038,0.0,hard_fault_cluster
581,N12571,observe,-0.2048872858285904,1.5290943428874018,2.742600345611572,-0.2048872858285904,0.09280787408351898,1.0528953301906585,-1.3278564751148223,0.0009280787408351898,-0.04216128587722778,0.11436901241540909,0.09280787408351898,2.290562613159418,0.026761382818222046,0.06386168301105499,0.0035830065608024597,72544.046875,29141.044921875,43403.0,72427.890625,29098.0859375,43329.80078125,0.0016011823900043964,0.0014741744380444288,0.0016865013167262077,0.16011823900043964,2.8833151683211327,1.744120074212551,2.7279325034469366,2.0584715136885645,1.3375867962837218,1.4994314175844194,1.5290943428874018,1456.0719625604163,1456.0719625604163,greedy,1.5290943428874018,0.0,hard_fault_cluster
582,N12640,observe,-0.44504040479660034,1.0724760472774508,2.438674998283386,-0.44504040479660034,0.24968917667865753,4.2050819307565686,3.422963118553161,0.0024968917667865754,-0.019221097230911255,0.0017052087932825089,0.0017052087932825089,1.4644895738363264,0.014360867440700531,0.06759874522686005,0.004423394799232483,72427.890625,29098.01953125,43329.8671875,72435.671875,29025.31640625,43410.359375,-0.00010743443999672309,0.0024985591880977154,-0.0018576605943962932,-0.010743443999672309,1.6874811295419931,-0.25881579250097275,1.498935340438038,-0.5769401463866234,2.5941713720560067,2.2089213319122787,1.0724760472774508,1457.1444386076937,1457.1444386076937,greedy,1.0724760472774508,0.0,hard_fault_cluster
583,N12480,observe,-0.2641896903514862,1.329045580327511,2.667534875869751,-0.2641896903514862,0.08065184950828552,0.6518244872987271,-1.590746212005615,0.0008065184950828552,-0.04252263903617859,0.08286982029676437,0.08065184950828552,1.8066437289118766,0.02649156004190445,0.07504786550998688,0.0028066784143447876,72435.84375,29025.47265625,43410.3671875,72392.8515625,29046.525390625,43346.32421875,0.0005935208755545318,-0.0007253192598000169,0.0014752920251339674,0.05935208755545318,2.812677673995495,1.6362952783703804,2.6900364216417074,1.9493872702121735,1.180738165974617,1.3974798078835013,1.329045580327511,1458.4734841880213,1458.4734841880213,greedy,1.329045580327511,0.0,hard_fault_cluster
584,N12577,observe,-0.21925432980060577,1.7945558231323957,3.020072484016418,-0.21925432980060577,0.09325490891933441,1.0951248217001557,-1.3017484843730924,0.0009325490891933441,-0.039720505475997925,0.11504486948251724,0.09325490891933441,2.0497380875051023,0.027835804969072342,0.06911975145339966,0.003445461392402649,72392.6953125,29046.427734375,43346.265625,72276.2890625,29002.1015625,43274.1875,0.001607983373105526,0.0015260454965755343,0.0016628451412543654,0.1607983373105526,2.991880275309086,1.9538780716061592,2.835655441507697,2.3304361855983733,1.6563497364521027,1.706627328693867,1.7945558231323957,1460.2680400111537,1460.2680400111537,greedy,1.7945558231323957,0.0,hard_fault_cluster
585,N10778,observe,-0.2311600148677826,2.844461409300566,3.1255185723304746,-0.2311600148677826,0.0899394154548645,5.516391058266163,2.3999999999999995,0.000899394154548645,-0.03935354948043823,0.12385443598031998,0.0899394154548645,6.550156340003014,0.026645023375749588,0.0654822438955307,0.003118656575679779,72276.15625,29001.3125,43274.83984375,72234.7890625,29000.248046875,43234.54296875,0.0005723490030504763,3.670361911645159e-05,0.0009311848552897573,0.05723490030504763,2.8782961890101433,2.2371018376946448,2.717950800433755,2.552263185083866,3.5246541768312447,2.9210252149403093,2.844461409300566,1463.1125014204542,1463.1125014204542,greedy,2.844461409300566,0.0,hard_fault_cluster
586,N12327,observe,-0.08181872218847275,3.0858577966690066,3.455993008613586,-0.08181872218847275,0.14257358014583588,5.35116523206234,2.3999999999999995,0.0014257358014583587,-0.03781035542488098,0.11275752633810043,0.11275752633810043,6.72042458564043,0.031212307512760162,0.07053261995315552,0.005217142403125763,72234.9609375,29000.9140625,43234.046875,71980.3125,28846.953125,43133.359375,0.0035252796951681376,0.0053088306449353695,0.0023288936354219913,0.35252796951681376,3.3765618577599525,3.0386609014868737,3.1850635278970003,3.4719022688269616,3.9619265466928475,3.2052522553503513,3.0858577966690066,1466.1983592171232,1466.1983592171232,greedy,3.0858577966690066,0.0,hard_fault_cluster
587,N10769,observe,-0.1852070391178131,2.8843196487426757,3.178103804588318,-0.1852070391178131,0.10856415331363678,5.472832730412483,2.3999999999999995,0.0010856415331363678,-0.04222464561462402,0.12333992123603821,0.10856415331363678,6.544901938140392,0.027451645582914352,0.0652196854352951,0.003689490258693695,71979.625,28845.982421875,43133.64453125,72093.59375,28932.84765625,43160.74609375,-0.0015833473298698664,-0.003011346096172929,-0.0006283160764724016,-0.15833473298698664,2.9770686328411102,2.246236504614353,2.803140576928854,2.540214718878269,3.534330257773399,2.9273146675527095,2.8843196487426757,1469.0826788658658,1469.0826788658658,greedy,2.8843196487426757,0.0,hard_fault_cluster
588,N12372,observe,-0.20629574358463287,2.1929643630981444,3.030257713794708,-0.20629574358463287,0.1000596433877945,3.711653158068657,1.1516236305236816,0.001000596433877945,-0.042945295572280884,0.12596261501312256,0.1000596433877945,4.713040038645267,0.02604559063911438,0.0634174644947052,0.0029212385416030884,72094.046875,28933.54296875,43160.5078125,72035.625,28919.359375,43116.26171875,0.000810356461443007,0.0004902128130197525,0.0010251522762700915,0.0810356461443007,2.830581322312355,1.9457322251796723,2.6610646285116673,2.1911605489254,2.790595334768295,2.443886967599392,2.1929643630981444,1471.2756432289639,1471.2756432289639,greedy,2.1929643630981444,0.0,hard_fault_cluster
589,N12409,observe,-0.24695365130901337,1.9432060241699218,2.947613382339477,-0.24695365130901337,0.08520954847335815,3.1193766057491303,0.6922172546386718,0.0008520954847335816,-0.04286357760429382,0.12942905724048615,0.08520954847335815,4.000791006684303,0.02462037280201912,0.062281712889671326,0.0021248795092105865,72035.1796875,28919.1484375,43116.03125,72011.65625,28916.95703125,43094.6953125,0.000326554843923077,7.577699579996988e-05,0.0004948492860421538,0.0326554843923077,2.6766758859157562,1.6074554830789567,2.515696931630373,1.7604131609201432,2.435823827981949,2.213285488188267,1.9432060241699218,1473.2188492531338,1473.2188492531338,greedy,1.9432060241699218,0.0,hard_fault_cluster
590,N12387,observe,-0.26640766859054565,2.1184998154640198,2.968117272853851,-0.26640766859054565,0.0767328143119812,3.533381617069244,0.9798436641693113,0.000767328143119812,-0.04177084565162659,0.13115738332271576,0.0767328143119812,4.424995064735412,0.02369631826877594,0.06165996938943863,0.0015730857849121094,72012.34375,28917.56640625,43094.78125,71993.9609375,28914.98046875,43078.98046875,0.0002552730729803443,8.942445128923282e-05,0.0003666518605314195,0.02552730729803443,2.577522024512291,1.696727032959461,2.4216043762862682,1.7739278629422186,2.604114904999733,2.3226746882498266,2.1184998154640198,1475.3373490685979,1475.3373490685979,greedy,2.1184998154640198,0.0,hard_fault_cluster
591,N12369,observe,-0.2286807894706726,2.535155769586563,3.1116126298904416,-0.2286807894706726,0.0869005024433136,4.414223927259446,1.640989637374878,0.000869005024433136,-0.04105275869369507,0.1292353868484497,0.0869005024433136,5.434298570752143,0.02371947094798088,0.06162853538990021,0.0014866814017295837,71993.7734375,28914.609375,43079.1640625,71912.234375,28878.015625,43034.22265625,0.0011325848754495382,0.0012655799509957433,0.0010432283161208034,0.11325848754495382,2.5880829840898514,1.9971344411373138,2.425981067121029,2.002611035108566,3.096637415885925,2.6428143203258516,2.535155769586563,1477.8725048381843,1477.8725048381843,greedy,2.535155769586563,0.0,hard_fault_cluster
592,N12656,control1,-0.0889199897646904,4.136812520027161,3.822884654998779,-0.0889199897646904,0.1187962144613266,5.589552512764931,5.1111531972885125,0.001187962144613266,-0.04582807421684265,0.12653708457946777,0.1187962144613266,6.784280895888805,0.02512843906879425,0.0640430822968483,0.0020333081483840942,71912.109375,28877.875,43034.23828125,71854.328125,28851.599609375,43002.7265625,0.0008034982020035386,0.000909879629034549,0.0007322476012632251,0.08034982020035386,2.7581772059202194,2.5359163364768027,2.5741772316396236,2.4873974403738974,4.3747557431459425,4.164881871491671,4.136812520027161,1482.0093173582115,1482.0093173582115,greedy,4.136812520027161,0.0,hard_fault_cluster
593,N12417,observe,-0.2237982302904129,2.1645616939663888,2.9100541949272154,-0.2237982302904129,0.0886307805776596,3.8885259941220287,1.2667601108551025,0.0008863078057765961,-0.04538041353225708,0.13295578956604004,0.0886307805776596,5.556057570129632,0.022398844361305237,0.0600171834230423,0.0009703114628791809,71854.6875,28851.984375,43002.70703125,71935.109375,28894.009765625,43041.1015625,-0.0011192293604835868,-0.0014565858291462064,-0.0008928398601710796,-0.11192293604835868,2.4614710062742233,1.644314744323492,2.2952810786664486,1.7495609305799007,2.6356630340218543,2.3431809721142054,2.1645616939663888,1484.1738790521779,1484.1738790521779,greedy,2.1645616939663888,0.0,hard_fault_cluster
594,N12340,observe,-0.06575377285480499,4.335198253393173,2.9258631169795986,-0.06575377285480499,0.14690200984477997,5.649300748109818,2.3999999999999995,0.0014690200984477997,-0.04080188274383545,0.1182178407907486,0.1182178407907486,6.1771494829654685,0.027893606573343277,0.06690989434719086,0.0033831410109996796,71934.984375,28894.00390625,43040.9765625,71668.0390625,28724.03125,42944.0078125,0.0037109246477484703,0.005882627330720425,0.002252940321341157,0.37109246477484703,3.0544805079698563,2.8412063908576966,2.85564061999321,3.001237232685089,4.681580901145935,2.6102908758819106,4.335198253393173,1488.509077305571,1488.509077305571,greedy,4.335198253393173,0.0,hard_fault_cluster
595,N12393,observe,-0.16161341965198517,3.4496567815542223,2.086792695522308,-0.16161341965198517,0.11304248869419098,5.453740675747395,2.3999999999999995,0.0011304248869419098,-0.04394236207008362,0.1271754503250122,0.11304248869419098,6.595071218758822,0.025061137974262238,0.06431147456169128,0.0021299980580806732,71667.953125,28723.98046875,42943.96875,71803.078125,28806.09765625,42996.984375,-0.0018854312365874648,-0.002858837367966771,-0.0012345301220193505,-0.18854312365874648,2.746331736445427,2.2252547146379946,2.5661682821810246,2.167535483986139,3.8054575845599174,1.8899951729923492,3.4496567815542223,1491.9587340871253,1491.9587340871253,greedy,3.4496567815542223,0.0,hard_fault_cluster
596,N12286,observe,-0.10671956837177277,3.8121718391776085,2.530650335550308,-0.10671956837177277,0.12767736613750458,5.43293303027749,2.3999999999999995,0.0012767736613750458,-0.04489758610725403,0.12377575784921646,0.12377575784921646,6.6987189761549235,0.026647206395864487,0.0664074569940567,0.0028039440512657166,71803.296875,28806.208984375,42997.0859375,71919.484375,28881.24609375,43038.2421875,-0.001618135953322053,-0.0026048936415463686,-0.000957186974119395,-0.1618135953322053,2.9161737635731697,2.562625594809651,2.727583920583129,2.7742077786475416,4.14595507606864,2.1399029557779436,3.8121718391776085,1495.770905926303,1495.770905926303,greedy,3.8121718391776085,0.0,hard_fault_cluster
597,N13156,control1,-0.05482980236411095,3.793342542648315,3.807471442222595,-0.05482980236411095,0.1342822015285492,5.456783708930016,5.202923369407653,0.0013428220152854919,-0.05288878083229065,0.12559543550014496,0.12559543550014496,6.722706845104694,0.02613610401749611,0.06649985909461975,0.002586252987384796,71919.109375,28880.80859375,43038.296875,71921.796875,28877.73828125,43044.0546875,-3.736837243195623e-05,0.00010630978067638353,-0.0001337834692094475,-0.003736837243195623,2.873488038778305,2.587357762753963,2.6785798110067844,2.8610401186347003,4.178471794724464,4.19290809288621,3.793342542648315,1499.5642484689513,1499.5642484689513,greedy,3.793342542648315,0.0,hard_fault_cluster
598,N12356,observe,-0.15531966090202332,2.6669312235713005,1.578603821992874,-0.15531966090202332,0.11131776869297028,4.670223447680473,1.857854080200195,0.0011131776869297027,-0.05172145366668701,0.1301504373550415,0.11131776869297028,5.727438948750495,0.02351801097393036,0.06179899722337723,0.0016208812594413757,71922.046875,28877.978515625,43044.0703125,71940.734375,28888.09375,43052.63671875,-0.000259829917922616,-0.00035027501871809363,-0.0001990147866308689,-0.0259829917922616,2.5932693034410477,2.0179760867357253,2.412168148905039,2.0654766970872878,3.193277710676193,1.4782810928672556,2.6669312235713005,1502.2311796925226,1502.2311796925226,greedy,2.6669312235713005,0.0,hard_fault_cluster
599,N12396,observe,-0.19155435264110565,2.789478027820587,2.0444434583187103,-0.19155435264110565,0.10010111331939697,3.245439925789833,0.6066630601882936,0.0010010111331939697,-0.047683268785476685,0.13059571385383606,0.10010111331939697,4.0551553663611415,0.0227401964366436,0.06148481369018555,0.0009923465549945831,71940.84375,28888.328125,43052.51171875,71918.671875,28882.8515625,43035.82421875,0.0003081959148403257,0.0001895769964903593,0.00038760804454796016,0.03081959148403257,2.504716470837593,1.743847427666187,2.3316938504576683,1.8962565639615057,2.971533474326134,1.3421246958151465,2.789478027820587,1505.0206577203433,1505.0206577203433,greedy,2.789478027820587,0.0,hard_fault_cluster
600,N12391,observe,-0.22581838071346283,2.4852967351675033,3.111407661437988,-0.22581838071346283,0.08887837827205658,3.8844939649105075,1.1832959175109865,0.0008887837827205657,-0.04537200927734375,0.13249735534191132,0.08887837827205658,4.7617408016324045,0.02199491858482361,0.06083544343709946,0.0005344972014427185,71918.8203125,28882.978515625,43035.83984375,71938.34375,28897.017578125,43041.328125,-0.0002714649308472872,-0.00048606700147502124,-0.00012752815382555127,-0.027146493084728718,2.4208675920963287,1.7288448026776315,2.254835791885853,1.8035566022992136,2.864334663748741,2.0240555716399102,2.4852967351675033,1507.5059544555108,1507.5059544555108,greedy,2.4852967351675033,0.0,hard_fault_cluster
601,N12621,observe,-0.11431366950273514,3.65369291305542,3.85117712020874,-0.11431366950273514,0.11878883838653564,5.49530146420002,2.3999999999999995,0.0011878883838653564,-0.04420053958892822,0.1256226897239685,0.11878883838653564,6.694244085252285,0.02470887079834938,0.06427150964736938,0.0017316825687885284,71938.1328125,28896.712890625,43041.41796875,71979.2578125,28924.6171875,43054.640625,-0.0005716717569157481,-0.0009656564216129482,-0.0003072077233809978,-0.05716717569157481,2.715298607945442,2.5468774983286857,2.531989961862564,2.5531982132792472,4.059285894036293,3.268535831123591,3.65369291305542,1511.1596473685663,1511.1596473685663,greedy,3.65369291305542,0.0,hard_fault_cluster
602,N12412,observe,-0.21610510349273682,2.827570953965187,3.2940996170043944,-0.21610510349273682,0.09109751880168915,4.606371828913689,1.7381403923034666,0.0009109751880168915,-0.04520496726036072,0.1334870308637619,0.09109751880168915,5.593704301714896,0.022190161049365997,0.06132666766643524,0.0005857869982719421,71979.25,28924.69921875,43054.546875,72020.421875,28938.134765625,43082.2890625,-0.0005719964392483234,-0.0004645008302759379,-0.0006443497841246426,-0.057199643924832344,2.443600654602051,1.8971028512716295,2.2751622423529625,2.0004306024312974,3.245434957742691,2.7395327225327493,2.827570953965187,1513.9872183225316,1513.9872183225316,greedy,2.827570953965187,0.0,hard_fault_cluster
603,N10150,observe,-0.11611128598451614,3.6588990718126295,3.9360365390777585,-0.11611128598451614,0.11815625429153442,5.108316293358802,2.051343822479248,0.0011815625429153443,-0.044914186000823975,0.12725000083446503,0.11815625429153442,6.215629657506943,0.024659428745508194,0.06429141014814377,0.0017117895185947418,72020.453125,28938.15625,43082.296875,72054.8984375,28964.26953125,43090.62890625,-0.00047827124944888055,-0.0009023823658935726,-0.00019339802383910865,-0.047827124944888055,2.711349129676819,2.4686318349838254,2.5272944383323193,2.640349597930908,3.956320834159851,3.2016085422039033,3.6588990718126295,1517.6461173943442,1517.6461173943442,greedy,3.6588990718126295,0.0,hard_fault_cluster
604,N12622,observe,-0.08870862424373627,3.632796972990036,3.8498438119888303,-0.08870862424373627,0.12814055383205414,5.481712865829468,2.3999999999999995,0.0012814055383205414,-0.046949148178100586,0.1265835165977478,0.1265835165977478,6.708206796050072,0.025380045175552368,0.06520916521549225,0.0020888149738311768,72054.890625,28964.205078125,43090.6875,72128.53125,29004.3671875,43124.1640625,-0.0010220073163509369,-0.001386611838825047,-0.0007768862415105104,-0.10220073163509369,2.7927285879850388,2.6033045566082,2.6016855351626873,2.883231929540634,4.088346552848815,3.28742525935173,3.632796972990036,1521.2789143673342,1521.2789143673342,greedy,3.632796972990036,0.0,hard_fault_cluster
605,N12385,observe,-0.2082047015428543,2.431439530849457,3.2189934253692627,-0.2082047015428543,0.0934126079082489,3.4919711142778396,0.8481507301330566,0.000934126079082489,-0.04806199669837952,0.1355072259902954,0.0934126079082489,4.306806854903698,0.022332772612571716,0.06180116534233093,0.0006630644202232361,72128.703125,29004.52734375,43124.1796875,72138.015625,28997.24609375,43140.765625,-0.00012910949590150267,0.00025103840744122863,-0.0003846087784040719,-0.012910949590150267,2.462197095155716,1.8247253403067587,2.2905072197318077,2.043550084531307,2.761130657792091,2.4247349275648595,2.431439530849457,1523.7103538981837,1523.7103538981837,greedy,2.431439530849457,0.0,hard_fault_cluster
606,N12404,observe,-0.23646923899650574,2.421501377224922,3.2784954547882075,-0.23646923899650574,0.08359603583812714,3.1298028886318208,0.5197498559951783,0.0008359603583812713,-0.046728044748306274,0.135961651802063,0.08359603583812714,3.841712689101696,0.02158263698220253,0.0608133003115654,0.00023212656378746033,72138.09375,28997.375,43140.71875,72098.546875,28978.7109375,43119.8359375,0.0005482106935232878,0.0006436466355808079,0.0004840626788791269,0.05482106935232878,2.377821385860443,1.6950106778740883,2.2131531201303005,1.8691855230927468,2.6354915708303452,2.3430695210397245,2.421501377224922,1526.1318552754087,1526.1318552754087,greedy,2.421501377224922,0.0,hard_fault_cluster
607,N14373,observe,-0.06575893610715866,3.9527211010456083,4.089423727989196,-0.06575893610715866,0.14437901973724365,5.606701898574829,2.3999999999999995,0.0014437901973724365,-0.043676912784576416,0.12137231975793839,0.12137231975793839,6.256009164452553,0.02711792290210724,0.0667433887720108,0.002877097576856613,72098.2578125,28978.4140625,43119.84375,71822.7109375,28805.560546875,43017.15234375,0.003821824211627245,0.005964905954897404,0.002381534781306982,0.3821824211627245,2.977543629705906,2.899985636472702,2.7782301250845194,3.1229220283031465,4.457029891014098,3.527069429159164,3.9527211010456083,1530.0845763764544,1530.0845763764544,greedy,3.9527211010456083,0.0,hard_fault_cluster
608,N14386,observe,-0.04351029917597771,3.5180163443088532,3.769836807250976,-0.04351029917597771,0.16063466668128967,5.469403657317162,2.3999999999999995,0.0016063466668128968,-0.04707708954811096,0.11980947107076645,0.11980947107076645,6.760569857060909,0.028700359165668488,0.06906318664550781,0.0038174614310264587,71822.75,28805.5859375,43017.1640625,71761.25,28750.330078125,43010.921875,0.0008562746224924922,0.0019182341638952494,0.00014510922483168542,0.08562746224924922,3.150480054318905,3.0576628157496453,2.940146951004863,3.2304588267207146,4.152092948555946,3.3288604165613656,3.5180163443088532,1533.6025927207631,1533.6025927207631,greedy,3.5180163443088532,0.0,hard_fault_cluster
609,N12371,observe,-0.19505150616168976,2.544919089078903,2.986798274517059,-0.19505150616168976,0.10316696763038635,5.318703097105026,2.3999999999999995,0.0010316696763038634,-0.050395071506500244,0.13086318969726562,0.10316696763038635,6.469823348522186,0.02443142980337143,0.06362062692642212,0.0020388588309288025,71761.421875,28750.466796875,43010.953125,71948.6953125,28872.6796875,43076.015625,-0.002609667368233204,-0.004250814206898212,-0.001512696035206318,-0.2609667368233204,2.677173137664795,2.0191465559601784,2.501650519669056,2.2140705528855325,3.3246949821710583,2.791051738411188,2.544919089078903,1536.147511809842,1536.147511809842,greedy,2.544919089078903,0.0,hard_fault_cluster
610,N16591,observe,-0.08507974445819855,2.9002146780490876,3.3696988105773924,-0.08507974445819855,0.1440194696187973,5.249851566553116,2.3999999999999995,0.001440194696187973,-0.04791778326034546,0.11901142448186874,0.11901142448186874,5.975178923606872,0.028231795877218246,0.06798730790615082,0.003713451325893402,71948.453125,28872.33203125,43076.1171875,71769.1015625,28759.693359375,43009.40625,0.002492778468877077,0.00390126695856452,0.0015486757038161159,0.2492778468877077,3.0862104818224907,2.9542366766929624,2.888937311246991,3.386513760089874,3.9031709671020502,3.167061128616333,2.9002146780490876,1539.047726487891,1539.047726487891,greedy,2.9002146780490876,0.0,hard_fault_cluster
611,N16653,observe,-0.17100216448307037,2.8551560243964196,3.1283690214157103,-0.17100216448307037,0.11143632233142853,5.51786590218544,2.3999999999999995,0.0011143632233142852,-0.049693286418914795,0.1266292780637741,0.11143632233142853,6.527311614453793,0.025053538382053375,0.06361852586269379,0.002303134649991989,71769.390625,28759.9140625,43009.4765625,71864.40625,28833.9609375,43030.44140625,-0.001323901815339923,-0.002574655693024397,-0.0004874470760114491,-0.1323901815339923,2.74341943860054,2.1294825556874275,2.564870238304138,2.3277520421147346,3.4834010809659954,2.8942107026278974,2.8551560243964196,1541.9028825122873,1541.9028825122873,greedy,2.8551560243964196,0.0,hard_fault_cluster
612,N14378,observe,-0.0706452876329422,2.8336428821086885,3.3856190681457514,-0.0706452876329422,0.15070019662380219,5.158683079481126,2.3999999999999995,0.0015070019662380219,-0.048616498708724976,0.11754313856363297,0.11754313856363297,5.70211513519287,0.028639577329158783,0.06809109449386597,0.0038977116346359253,71864.203125,28833.96484375,43030.234375,71686.5078125,28721.326171875,42965.1796875,0.0024726539850234985,0.0039064581505954266,0.0015118366573005915,0.24726539850234985,3.1322010681033134,2.7998154163360596,2.931018566712737,3.151041030883789,3.865993618965149,3.142895852327347,2.8336428821086885,1544.736525394396,1544.736525394396,greedy,2.8336428821086885,0.0,hard_fault_cluster
613,N16633,observe,-0.2102188915014267,2.6217496205866335,2.9773057341575617,-0.2102188915014267,0.09607550501823425,5.442382130026817,2.3999999999999995,0.0009607550501823425,-0.05269765853881836,0.1293272078037262,0.09607550501823425,6.4593762101233,0.02467016875743866,0.06335155665874481,0.0022627487778663635,71687.0234375,28721.666015625,42965.359375,71858.765625,28834.990234375,43023.7734375,-0.002395722083747387,-0.003945600241422653,-0.001359561807475984,-0.2395722083747387,2.6924195885658264,1.927666269391775,2.523367553949356,2.0621395932137965,3.3018452301621437,2.7688040576130155,2.6217496205866335,1547.3582750149826,1547.3582750149826,greedy,2.6217496205866335,0.0,hard_fault_cluster
614,N16646,observe,-0.2572522461414337,2.1742842316627504,2.964679026603698,-0.2572522461414337,0.07648007571697235,3.8055558085441588,1.2147973060607908,0.0007648007571697236,-0.05185297131538391,0.1339731216430664,0.07648007571697235,4.770320255756378,0.0234229639172554,0.06281749904155731,0.0014739744365215302,71858.671875,28834.8984375,43023.76953125,71891.1015625,28866.716796875,43024.3828125,-0.00045129816862754524,-0.0011034670751541853,-1.4254474990593735e-05,-0.045129816862754524,2.552749589085579,1.788213239312172,2.39490969106555,1.9954022032022476,2.7353616774082186,2.4079850903153424,2.1742842316627504,1549.5325592466454,1549.5325592466454,greedy,2.1742842316627504,0.0,hard_fault_cluster
615,N16634,observe,-0.27801692485809326,2.470755514204502,3.0487543821334837,-0.27801692485809326,0.06792198121547699,4.534565165638924,1.7595914840698241,0.0006792198121547699,-0.048864394426345825,0.13492760062217712,0.06792198121547699,5.57433211505413,0.02266458049416542,0.06228890269994736,0.00090799480676651,71891.1171875,28866.830078125,43024.2890625,71903.03125,28882.22265625,43020.8125,-0.00016572370077483356,-0.0005332271684892476,8.080464613158256e-05,-0.016572370077483356,2.469307631254196,1.969907169342041,2.3171704448759556,1.9929807233810424,3.075947320461273,2.581938354372978,2.470755514204502,1552.00331476085,1552.00331476085,greedy,2.470755514204502,0.0,hard_fault_cluster
616,N1710,observe,-0.42792364954948425,1.5164610147476199,2.6385151028633116,-0.42792364954948425,0.24982620775699615,4.5570249319076535,4.627544724941253,0.0024982620775699615,-0.07741948962211609,0.042590491473674774,0.042590491473674774,5.377900054454804,0.029697179794311523,0.11751958727836609,-0.0012373849749565125,71902.8046875,28881.853515625,43020.94921875,71858.7734375,28896.49609375,42962.27734375,0.0006123717757873237,-0.0005069819162599742,0.0013637978117913008,0.06123717757873237,3.2621346786618233,3.3193843516707418,3.04282215423882,3.194196716248989,3.372207903861999,3.731515900194645,1.5164610147476199,1553.5197757755975,1553.5197757755975,greedy,1.5164610147476199,0.0,hard_fault_cluster
