step,node,type,q_pred,q_pred_context,q_pred_type_context,q_pred_lcb_context,q_pred_context_lcb,q_typed_residual_context,q_typed_trust_context,q_typed_reliable_context,typed_residual_correction,typed_residual_effective_alpha,typed_trust_support_count,typed_trust_required_heads,typed_trust_eligible,typed_trust_correction,typed_reliable_correction,typed_reliable_support_count,typed_reliable_required_heads,typed_reliable_eligible,typed_reliable_applied_correction,score_pred,reward_pred,reward_pred_context,reward_pred_type_context,fc_pred,pattern_pred,return_pred,typed_marginal_pred,typed_return_pred,typed_sa_reduction_total_pred,typed_sa0_reduction_pred,typed_sa1_reduction_pred,guarded_reward,guarded_reward_context,hard_reduction_total_pred,hard_reduction_sa0_pred,hard_reduction_sa1_pred,derived_hard_count_pre_total_pred,derived_hard_count_pre_sa0_pred,derived_hard_count_pre_sa1_pred,derived_hard_count_post_total_pred,derived_hard_count_post_sa0_pred,derived_hard_count_post_sa1_pred,derived_hard_reduction_total_pred,derived_hard_reduction_sa0_pred,derived_hard_reduction_sa1_pred,derived_hard_reduction_hybrid_pred,hybrid_pred,hybrid_pred_context,bounded_residual_hybrid_pred,bounded_residual_hybrid_pred_context,consensus_pred_context,consensus_pred_type_context,step_value,sequence_score,lookahead_score,planner,score_adjusted,diversity_penalty,candidate_strategy,adaptive_confidence_gap,adaptive_expanded
1,N677,control1,1.1168162822723389,5.195585038363934,3.4872208595275875,0.6961511906981468,3.377130274936557,5.257931104478749,5.195585038363934,5.195585038363934,0.6234606611481597,0.1,3,2,1,0.0,1.0,2,1,1,0.0,1.1168162822723389,0.34677982330322266,4.894380512833595,3.795846104621887,0.0034677982330322266,0.2820698022842407,0.03364104777574539,1.0257086753845215,1.851759672164917,-0.1008756197988987,-0.15991702675819397,-0.041834212839603424,0.03364104777574539,1.5340158987045287,0.06386370956897736,0.15087546408176422,0.038793694227933884,29566.794921875,11983.158203125,17583.63671875,30258.921875,12858.3427734375,17400.578125,-0.023408927023410797,-0.07303454726934433,0.010410735383629799,-2.3408927023410797,6.766791827976704,3.494267354011536,6.481476174667478,3.265230522155762,4.528486633300781,3.278238040097057,5.257931104478749,5.257931104478749,5.257931104478749,greedy,5.257931104478749,0.0,hard_fault_cluster,,False
2,N2155,observe,1.457592248916626,4.636674811020494,3.0069554209709164,0.8750467462092637,3.013838627163321,4.7306161173018415,4.636674811020494,4.636674811020494,1.0,0.09394130628134759,3,2,1,0.0,1.0,2,1,1,0.0,1.457592248916626,0.4267202615737915,4.572461410611867,3.4263235688209535,0.004267202615737915,0.32851269841194153,0.025838786736130714,1.2733923196792603,1.905699610710144,-0.06192350387573242,-0.026886969804763794,-0.09696003794670105,0.025838786736130714,1.433363882899284,0.06906921416521072,0.15618106722831726,0.04652923345565796,30261.64453125,12861.6591796875,17399.984375,30654.4296875,13195.8447265625,17458.5859375,-0.012979636900126934,-0.025983082130551338,-0.0033679089974611998,-1.2979636900126934,7.359480464830995,4.625235252380371,7.020061178598553,4.483815031051636,4.0993773072958,3.2381428061425694,4.7306161173018415,9.98854722178059,9.98854722178059,greedy,4.7306161173018415,0.0,hard_fault_cluster,,False
3,N502,control1,1.1366417407989502,1.9932622301578524,1.980060064792633,0.009851351976394723,1.295620449602604,2.034965950135471,1.9932622301578524,1.9932622301578524,0.472565057797706,0.08824969025845955,3,2,1,0.0,0.9878652466880775,2,1,1,0.0,1.1366417407989502,0.37319517135620117,1.6609304875135422,1.9155067682266234,0.003731951713562012,0.3409149944782257,0.01918899454176426,1.0175657272338867,1.7645727396011353,-0.08280201628804207,-0.09693706035614014,-0.068666972219944,0.01918899454176426,-2.9935006600618363,0.05883442610502243,0.14034509658813477,0.036193232983350754,30649.359375,13188.9736328125,17460.38671875,30661.03125,13167.8369140625,17493.1953125,-0.00038081954699009657,0.001602605334483087,-0.0018790301401168108,-0.03808195469900966,6.2758267764002085,2.647661045789719,5.981538651976734,2.682521609067917,2.443326911330223,2.140263416171074,2.034965950135471,12.023513171916061,12.023513171916061,greedy,2.034965950135471,0.0,hard_fault_cluster,,False
4,N762,control1,0.911552369594574,1.7198925173282624,1.5053794860839842,0.19486446499824525,1.1179301362633707,1.7481184018712492,1.7198925173282624,1.7198925173282624,0.34046915752414647,0.08290291181804005,3,2,1,0.0,0.9900496806964973,2,1,1,0.0,0.911552369594574,0.3220241069793701,1.5913340598344803,1.9518027186393736,0.003220241069793701,0.3624856173992157,0.019666315987706184,0.9305769205093384,1.7965916395187378,-0.07608204707503319,-0.09826426208019257,-0.05389983206987381,0.019666315987706184,-0.7614174979925157,0.05198005586862564,0.13194745779037476,0.02993898093700409,30665.79296875,13173.8125,17491.98046875,30588.853515625,13107.171875,17481.681640625,0.0025089667178690434,0.005058567970991135,0.0005887742736376822,0.25089667178690434,5.53969600982964,1.547010235786438,5.283428192604333,1.3737156081199646,1.7604912638664245,1.864059275984764,1.7481184018712492,13.77163157378731,13.77163157378731,greedy,1.7481184018712492,0.0,hard_fault_cluster,,False
5,N3756,control0,0.7222639322280884,1.1350157222524286,2.46194372177124,0.18069241452962165,0.7377602194640787,1.1747387712912614,1.1350157222524286,1.2381286409317733,0.5100540459419473,0.0778800783071405,2,3,0,0.0,0.32399608373134664,2,2,1,1.3239960837313467,0.7222639322280884,0.3096170425415039,1.0247292395681142,2.416571521759033,0.0030961704254150392,0.3825477063655853,0.021352248266339302,0.7904489040374756,1.8838186264038086,-0.043541766703128815,0.03879934549331665,-0.12588287889957428,0.021352248266339302,0.047123746573924985,0.049444861710071564,0.13231855630874634,0.027719702571630478,30589.94140625,13108.470703125,17481.470703125,30546.474609375,13047.279296875,17499.1953125,0.0014209506334736943,0.004668081179261208,-0.0010139084188267589,0.14209506334736943,5.275455461815,1.521742779314518,5.027228493709117,1.5250232282280922,1.0813894048333168,2.598281169310212,1.1747387712912614,14.946370345078572,14.946370345078572,greedy,1.1747387712912614,0.0,hard_fault_cluster,,False
6,N3644,control0,0.7473798990249634,1.3282984177768231,2.7423802137374875,0.07424245461821556,0.863393971554935,1.3153789089408654,1.3282984177768231,1.3282984177768231,-0.17658874858317045,0.07316156289466418,3,3,1,0.0,-0.30212705092673353,2,2,1,0.0,0.7473798990249634,0.30260205268859863,0.9084998458623885,2.3785500824451447,0.003026020526885986,0.3963528275489807,0.020910533145070076,0.6887046694755554,1.8056323528289795,-0.02183522656559944,0.04525628685951233,-0.08892673999071121,0.020910533145070076,-0.7125822922587395,0.046566374599933624,0.1306353211402893,0.02538181096315384,30546.369140625,13047.166015625,17499.203125,30307.25,12886.3046875,17420.9453125,0.007828070782124996,0.012329216115176678,0.0044720787554979324,0.7828070782124996,4.980150045827031,0.7510712909698487,4.73751560645178,0.7258688259124756,1.2300305753946303,2.6229314653575417,1.3153789089408654,16.26174925401944,16.26174925401944,greedy,1.3153789089408654,0.0,hard_fault_cluster,,False
7,N557,control1,0.68563312292099,0.905235101543367,1.8884652554988859,0.022650321535766137,0.5884028160031886,0.906659437529322,0.905235101543367,0.905235101543367,0.020723966310964074,0.06872892787909722,3,2,1,0.0,-0.21227278673117134,2,1,1,0.0,0.68563312292099,0.23965980112552643,0.3736007225513458,1.3321642026305198,0.0023965980112552643,0.40346747636795044,0.02250211499631405,0.7828856706619263,1.7088403701782227,0.009326793253421783,-0.005261443555355072,0.02391503006219864,0.02250211499631405,-0.34488282971084117,0.0443466380238533,0.12802337110042572,0.023537203669548035,30311.650390625,12886.970703125,17424.6796875,30250.439453125,12827.25390625,17423.185546875,0.0020193865057080984,0.0046338895335793495,8.574852836318314e-05,0.20193865057080984,4.696825718507171,0.5527827197313309,4.50020428141579,0.607443859577179,0.7552924446761609,1.7150032163783906,0.906659437529322,17.16840869154876,17.16840869154876,greedy,0.906659437529322,0.0,hard_fault_cluster,,False
8,N5143,observe,0.38603755831718445,1.0331731647253037,1.1689569830894468,0.3577811151742935,0.6715625570714474,1.0470980108371946,1.0331731647253037,1.0331731647253037,0.21567223561914045,0.0645648526427892,3,2,1,0.0,0.845042899189982,2,1,1,0.0,0.38603755831718445,0.2283715158700943,1.119180934727192,1.7790655851364134,0.002283715158700943,0.4162377417087555,0.026413993909955025,1.0532671213150024,1.9898278713226318,-0.04200204089283943,-0.01940077543258667,-0.0646033063530922,0.026413993909955025,1.603841781914234,0.04229021817445755,0.12924142181873322,0.021821647882461548,30244.71484375,12825.67578125,17419.0390625,30301.10546875,12842.3359375,17458.76953125,-0.0018644786905497313,-0.0012989690294489264,-0.00228086463175714,-0.18644786905497313,4.483807327225804,0.9720365107059479,4.292718194890767,0.9867275655269623,0.7656235575675965,1.6772898434102534,1.0470980108371946,18.215506702385955,18.215506702385955,greedy,1.0470980108371946,0.0,hard_fault_cluster,,False
9,N507,control1,0.3719978630542755,1.0697660818696022,1.5579685866832733,0.12374013811349868,0.6953479532152415,1.0784113819044405,1.0697660818696022,1.0697660818696022,0.142536900590226,0.06065306597126335,3,2,1,0.0,0.3539473278123893,2,1,1,0.0,0.3719978630542755,0.2226191908121109,0.8636301517486572,1.0604464650154113,0.002226191908121109,0.4176916480064392,0.02488635666668415,0.7622314095497131,2.1305952072143555,-0.03167136386036873,-0.05874618887901306,-0.004596538841724396,0.02488635666668415,-0.12726819038391118,0.04077808931469917,0.12578241527080536,0.02044009044766426,30305.1640625,12839.4873046875,17465.67578125,30211.44140625,12790.1455078125,17421.296875,0.003092629835009575,0.0038429724518209696,0.002540921326726675,0.3092629835009575,4.325314478948712,0.67086729824543,4.139685318339616,0.654753605723381,0.9453559771180152,1.3529238589853048,1.0784113819044405,19.293918084290397,19.293918084290397,greedy,1.0784113819044405,0.0,hard_fault_cluster,,False
10,N3742,control0,0.2627548575401306,1.1557924635708332,2.5186593055725095,0.14751031771302225,0.7512651013210416,1.181895393223703,1.1557924635708332,1.1557924635708332,0.4581206824757621,0.05697828247309231,3,3,1,0.0,0.20600702555584968,2,2,1,0.0,0.2627548575401306,0.21972011029720306,1.0311062172055243,2.4647654235363006,0.002197201102972031,0.4235575497150421,0.02454344369471073,0.710861325263977,2.138226270675659,-0.01837759092450142,0.03424140810966492,-0.07099658995866776,0.02454344369471073,-0.26351527869701385,0.040670283138751984,0.12884944677352905,0.020379342138767242,30207.65625,12793.62109375,17414.03515625,30180.51953125,12760.9091796875,17419.609375,0.0008983390871435404,0.002556892577558756,-0.00032009920687414706,0.08983390871435404,4.311291867867112,1.054209162592888,4.128094202373177,1.0517866986989977,1.1213539496064187,2.713669955804944,1.181895393223703,20.475813477514098,20.475813477514098,greedy,1.181895393223703,0.0,hard_fault_cluster,,False
11,N564,control1,0.3416796326637268,2.535032744705677,2.6647593975067134,-0.24310959875583635,1.64777128405869,2.5137722773319333,2.535032744705677,2.535032744705677,-0.39719782224115935,0.05352614285189903,3,2,1,0.0,-0.019751317436241214,2,1,1,0.0,0.3416796326637268,0.20371176302433014,0.8507941767573357,1.439263606071472,0.0020371176302433013,0.42564210295677185,0.023041879758238792,0.752233624458313,2.0097150802612305,-0.03545822575688362,-0.05129343271255493,-0.01962301880121231,0.023041879758238792,-2.4766012105345725,0.039950236678123474,0.1276533156633377,0.02019365504384041,30176.73828125,12756.47265625,17420.265625,30043.607421875,12695.015625,17348.591796875,0.004411704838275909,0.004817713517695665,0.00411439361050725,0.44117048382759094,4.221777310594916,0.8295238584280015,4.05171207850799,0.8263408273458481,1.9254931926727297,1.9528033278137447,2.5137722773319333,22.989585754846033,22.989585754846033,greedy,2.5137722773319333,0.0,hard_fault_cluster,,False
12,N5723,control0,0.14028754830360413,1.1458223395049574,2.3805303096771238,0.25418032631278037,0.7447845206782223,1.1808722572514254,1.1458223395049574,1.1458223395049574,0.6970508472817817,0.050283157797094094,3,3,1,0.0,0.08175543897539357,2,2,1,0.0,0.14028754830360413,0.18336309492588043,1.0346289992332458,2.3515893936157224,0.0018336309492588043,0.437290757894516,0.02467113919556141,0.630457878112793,2.2364416122436523,0.004433121532201767,0.05947083234786987,-0.05060458928346634,0.02467113919556141,0.9053127571940421,0.03741122782230377,0.11393724381923676,0.018622197210788727,30048.71484375,12699.359375,17349.35546875,30033.642578125,12668.427734375,17365.21484375,0.0005015943315811455,0.002435685135424137,-0.0009141189511865377,0.05015943315811455,3.949157016351819,0.628661148995161,3.7931313407607377,0.5702232651412487,0.8951797291636467,2.242177041694522,1.1808722572514254,24.17045801209746,24.17045801209746,greedy,1.1808722572514254,0.0,hard_fault_cluster,,False
13,N2081,observe,0.12687309086322784,1.2394951832294463,1.3576853692531585,0.22660945892333983,0.8056718690991401,1.2344651097382646,1.2394951832294463,1.2394951832294463,-0.10648665664394362,0.04723665527410147,3,2,1,0.0,0.33926181914819337,2,1,1,0.0,0.12687309086322784,0.20201654732227325,1.0136122070252893,1.4453156769275664,0.0020201654732227327,0.28417840600013733,0.024503720924258232,0.6782690286636353,1.4449424743652344,-0.04189500957727432,-0.0014582276344299316,-0.08233179152011871,0.024503720924258232,1.129444157257676,0.03146246820688248,0.06315557658672333,0.023094501346349716,30032.515625,12668.720703125,17363.794921875,30143.859375,12711.4052734375,17432.453125,-0.0037074401043355465,-0.0033692880533635616,-0.003954101353883743,-0.37074401043355465,3.372767088934779,-0.5986637043207884,3.2028768877498806,-1.1038777398318051,0.6717326365411281,1.304594212435186,1.2344651097382646,25.404923121835722,25.404923121835722,greedy,1.2344651097382646,0.0,hard_fault_cluster,,False
14,N737,control1,0.13157902657985687,1.5158862321823836,1.3670409202575684,0.14016420863568782,0.9853260509185494,1.5398081683044713,1.5158862321823836,1.5158862321823836,0.5390891522861707,0.04437473100810799,3,2,1,0.0,0.6993110221385228,2,1,1,0.0,0.13157902657985687,0.23131315410137177,0.6359595251083374,0.5230344086885452,0.0023131315410137177,0.25075870752334595,0.012341650202870369,0.34286245703697205,1.4408646821975708,-0.11853030696511269,-0.16501471400260925,-0.07204589992761612,0.012341650202870369,0.27337069049477575,0.03452962636947632,0.08649758994579315,0.0184326171875,30147.689453125,12708.728515625,17438.9609375,29987.55859375,12647.349609375,17340.208984375,0.0053115468472242355,0.004829665180295706,0.005662720184773207,0.5311546847224236,3.696617441251874,1.4090674924850464,3.5138763380236924,1.468793957233429,1.2205228254199028,1.2028110006451607,1.5398081683044713,26.944731290140194,26.944731290140194,greedy,1.5398081683044713,0.0,hard_fault_cluster,,False
15,N580,control1,0.045620013028383255,2.865582310408354,1.975536811351776,0.52640847787261,1.86262850176543,2.8907606135884496,2.865582310408354,2.865582310408354,0.6039960944274497,0.04168620196785084,3,2,1,0.0,0.9241095905093101,2,1,1,0.0,0.045620013028383255,0.258910596370697,1.5754275095462797,1.0217016994953154,0.00258910596370697,0.1873486340045929,0.012035612016916275,0.3164255917072296,1.153352975845337,-0.1340947300195694,-0.1805032193660736,-0.08768624067306519,0.012035612016916275,2.972759511321783,0.0349334254860878,0.09040772914886475,0.017472349107265472,29979.802734375,12644.849609375,17334.953125,30035.6015625,12681.626953125,17353.974609375,-0.0018612139392644167,-0.0029084840789437294,-0.001097290776669979,-0.18612139392644167,3.764288756996393,1.5246600222587585,3.5610791007056832,1.5447715830802917,1.4961360275745392,1.3463390957564116,2.8907606135884496,29.835491903728645,29.835491903728645,greedy,2.8907606135884496,0.0,hard_fault_cluster,,False
16,N5203,control1,0.055366236716508865,3.0891990452446048,2.1968419075012204,0.47744036557152864,2.0079793794089933,3.1283596079122846,3.0891990452446048,3.0891990452446048,1.0,0.0391605626676799,3,2,1,0.0,-0.7028877671853319,2,1,1,0.0,0.055366236716508865,0.2475404590368271,0.9154750677943229,0.33528785184025767,0.002475404590368271,0.18442854285240173,0.011684222146868706,-0.031321074813604355,1.2150975465774536,-0.1016165055334568,-0.1277589350938797,-0.0754740759730339,0.011684222146868706,3.265308989305049,0.0323018878698349,0.0822102278470993,0.017421845346689224,30035.30078125,12680.9130859375,17354.38671875,29963.87109375,12625.7578125,17338.11328125,0.002378191100433469,0.004349471535533667,0.0009377131937071681,0.23781911004334688,3.489413468167186,0.7233253848552703,3.294994957279414,0.7233253848552703,1.4896974537521601,1.3159692106582224,3.1283596079122846,32.96385151164093,32.96385151164093,greedy,3.1283596079122846,0.0,hard_fault_cluster,,False
17,N2153,observe,0.003249634988605976,1.9560318756103519,1.2926598727703094,0.37043391227722167,1.2714207191467288,1.992819819727496,1.9560318756103519,1.9560318756103519,1.0,0.036787944117144235,3,2,1,0.0,1.0,2,1,1,0.0,0.003249634988605976,0.26524513959884644,2.2511164881289005,1.8108220040798186,0.0026524513959884644,0.07556745409965515,-0.0028910543769598007,0.5893625020980835,0.8706532716751099,-0.18100644648075104,-0.17871442437171936,-0.18329846858978271,-0.0028910543769598007,-0.12416659995913515,0.037454381585121155,0.12317734956741333,0.01174481213092804,29967.08984375,12630.9833984375,17336.10546875,30022.64453125,12688.4619140625,17334.18359375,-0.0018538566073402762,-0.0045505971647799015,0.00011085967707913369,-0.18538566073402762,4.007792243734002,3.3375763383507726,3.811026679817587,3.2653478828072546,1.9756318636238575,1.5486428609862923,1.992819819727496,34.956671331368426,34.956671331368426,greedy,1.992819819727496,0.0,hard_fault_cluster,,False
18,N1853,observe,0.013036181218922138,4.843980964291841,3.231379014253616,0.6105883672274649,3.148587626789697,4.875362442993574,4.843980964291841,4.843980964291841,0.9080531949344718,0.034559075257697455,3,2,1,0.0,1.0,2,1,1,0.0,0.013036181218922138,0.2652215361595154,2.840581892672926,1.507149487733841,0.002652215361595154,0.07183590531349182,0.00053352490067482,0.8245214819908142,1.2554383277893066,-0.271982342004776,-0.28165608644485474,-0.26230859756469727,0.00053352490067482,1.1418683776259422,0.03694714605808258,0.11905026435852051,0.010952115058898926,30023.13671875,12688.8798828125,17334.255859375,29893.326171875,12634.330078125,17258.99609375,0.004323683679103851,0.00429902458563447,0.004341678693890572,0.43236836791038513,3.9604696668684483,6.546389168947935,3.7611533710733056,6.546389168947935,4.121547454595566,2.960425205305219,4.875362442993574,39.832033774362,39.832033774362,greedy,4.875362442993574,0.0,hard_fault_cluster,,False
19,N1860,observe,-0.03498881682753563,6.337275653481484,4.384929639101028,0.5964481431245804,4.119229174762965,6.369740900217319,6.337275653481484,6.337275653481484,1.0,0.03246524673583497,3,2,1,0.0,1.0,2,1,1,0.0,-0.03498881682753563,0.2622111439704895,2.704646160304546,1.2357563316822053,0.002622111439704895,0.07475775480270386,0.0022729989141225815,0.8480943441390991,1.2288975715637207,-0.2787356972694397,-0.28520667552948,-0.2722647190093994,0.0022729989141225815,1.953887954354286,0.035393789410591125,0.11631517112255096,0.009932812303304672,29892.908203125,12634.126953125,17258.78125,29791.9921875,12581.4580078125,17210.53515625,0.003375918371602893,0.004168783780187368,0.002795452019199729,0.3375918371602893,3.8038630839437246,5.214806673526764,3.6054999767802656,5.37373850107193,4.415231484174729,3.1173493379354484,6.369740900217319,46.20177467457932,46.20177467457932,greedy,6.369740900217319,0.0,hard_fault_cluster,,False
20,N2101,observe,0.019996661692857742,5.877503858804703,4.466779911518096,0.30386609196662906,3.820377508223057,5.908002135675809,5.877503858804703,5.877503858804703,1.0,0.030498276871105928,3,2,1,0.0,1.0,2,1,1,0.0,0.019996661692857742,0.26014530658721924,2.400102067887783,1.3108934819698335,0.0026014530658721923,0.07510176301002502,0.003869062289595604,0.620559811592102,1.008194088935852,-0.20375125110149384,-0.20512765645980835,-0.20237484574317932,0.003869062289595604,0.25446050226688377,0.035003963857889175,0.11950789391994476,0.009229607880115509,29791.509765625,12580.833984375,17210.67578125,29821.34375,12612.029296875,17209.314453125,-0.0010014257859438658,-0.002479590242728591,7.909788837423548e-05,-0.10014257859438658,3.7644107546657324,5.180446621179581,3.5663999780081213,5.258383890390396,3.8109740734100344,2.791515015661717,5.908002135675809,52.10977681025513,52.10977681025513,greedy,5.908002135675809,0.0,hard_fault_cluster,,False
21,N1372,observe,0.06058158352971077,2.8427670630812645,2.9656673669815063,-0.1045125693082809,1.847798591002822,2.8714175427672837,2.8427670630812645,2.8427670630812645,1.0,0.028650479686019012,3,2,1,0.0,1.0,2,1,1,0.0,0.06058158352971077,0.2601046562194824,1.8573949277400972,1.7794049620628356,0.002601046562194824,0.08232709765434265,0.0011044889688491821,0.8401001691818237,1.1131616830825806,-0.25214651226997375,-0.20366722345352173,-0.3006258010864258,0.0011044889688491821,-4.061516191363335,0.032566189765930176,0.12040457129478455,0.0074183158576488495,29822.40234375,12613.1376953125,17209.265625,29718.45703125,12549.7734375,17168.68359375,0.003485477529466152,0.005023671314120293,0.002358150202780962,0.3485477529466152,3.517828121781349,2.8724294686317444,3.3219212628901005,2.5552239203453064,3.234649962186813,2.71161877810955,2.8714175427672837,54.98119435302241,54.98119435302241,greedy,2.8714175427672837,0.0,hard_fault_cluster,,False
22,N582,control1,-0.05216846987605095,7.188538934886455,4.763351154327392,1.1381611403822898,4.672550307676196,7.175348457486029,7.188538934886455,7.188538934886455,-0.49008568991205803,0.026914634872918387,3,2,1,0.0,0.3868810641769409,2,1,1,0.0,-0.05216846987605095,0.25723719596862793,3.284700609594583,1.4381499767303467,0.002572371959686279,0.07428833842277527,0.005371725186705589,0.3394710421562195,0.7349822521209717,-0.20395757257938385,-0.25527405738830566,-0.15264108777046204,0.005371725186705589,6.59083079919219,0.03078942373394966,0.11226736009120941,0.007044132798910141,29715.716796875,12546.083984375,17169.6328125,29760.7578125,12583.703125,17177.0546875,-0.001515730400569737,-0.002998476615175605,-0.000432267552241683,-0.1515730400569737,3.3415512945502996,5.714217149466276,3.1445946036837995,5.722945176810026,3.832449114322663,2.9589817527681594,7.175348457486029,62.15654281050844,62.15654281050844,greedy,7.175348457486029,0.0,hard_fault_cluster,,False
23,N1532,observe,0.057825956493616104,5.318660670667886,4.616205227375031,0.014189505130052581,3.4571294359341262,5.343944630248361,5.318660670667886,5.318660670667886,1.0,0.02528395958047465,3,2,1,0.0,1.0,2,1,1,0.0,0.057825956493616104,0.2611440420150757,1.6717041653394697,0.9869733154773712,0.0026114404201507567,0.08593693375587463,0.0009395349770784378,0.8068410158157349,1.0897624492645264,-0.2513952776789665,-0.19876505434513092,-0.3040255010128021,0.0009395349770784378,-1.9285548487305642,0.029800955206155777,0.1172294020652771,0.005501389503479004,29763.294921875,12587.318359375,17175.9765625,29745.73046875,12566.4609375,17179.26953125,0.0005901380791328847,0.0016570186708122492,-0.0001917194458656013,0.059013807913288474,3.242179097607732,6.2434556603431695,3.0456164148636162,5.435351574420928,3.946261039376259,3.0333341449499134,5.343944630248361,67.5004874407568,67.5004874407568,greedy,5.343944630248361,0.0,hard_fault_cluster,,False
24,N7516,observe,-0.011880422942340374,6.390000000000001,4.795515489578246,0.6300000000000002,4.1535,6.4025128971116,6.390000000000001,6.390000000000001,0.526812645697812,0.023752081909545815,3,2,1,0.0,1.0,2,1,1,0.0,-0.011880422942340374,0.266772985458374,6.0,4.709494185447692,0.0026677298545837403,0.08277881145477295,-0.0053469520062208176,0.57584547996521,0.8550121784210205,-0.21174001693725586,-0.19682425260543823,-0.2266557812690735,-0.0053469520062208176,-4.2,0.029671333730220795,0.11393830180168152,0.0047990307211875916,29745.044921875,12565.615234375,17179.4296875,29668.224609375,12517.1953125,17151.029296875,0.002582625485956669,0.0038533664774149656,0.0016531626461073756,0.2582625485956669,3.2285594064742327,6.12,3.0324898813851178,6.12,6.9,5.128764692544937,6.4025128971116,73.9030003378684,73.9030003378684,greedy,6.4025128971116,0.0,hard_fault_cluster,,False
25,N496,control1,-0.1371021717786789,3.4678851690888406,1.8398039102554322,1.4803436717391012,2.2541253599077464,3.4584435543743473,3.4678851690888406,3.4678851690888406,-0.4231438147228783,0.022313016014842982,3,2,1,0.0,0.8655045279159658,2,1,1,0.0,-0.1371021717786789,0.26639246940612793,5.995967589318752,5.292709064483642,0.002663924694061279,0.06987461447715759,0.0033217910677194595,0.3248926103115082,0.6970067024230957,-0.20906664431095123,-0.26573023200035095,-0.1524030566215515,0.0033217910677194595,5.9063708303868765,0.025961462408304214,0.1021367609500885,0.005150418728590012,29664.21484375,12510.609375,17153.60546875,29764.6796875,12573.9951171875,17190.68359375,-0.0033867352176457644,-0.005066559184342623,-0.002161535434424877,-0.33867352176457644,2.865860501304269,1.0758536498248574,2.6635748059488833,0.939233634918928,2.247464074194431,2.372673422545194,3.4584435543743473,77.36144389224275,77.36144389224275,greedy,3.4584435543743473,0.0,hard_fault_cluster,,False
26,N766,control1,-0.12020239979028702,1.6049840831756594,1.352280616760254,0.2658743429183961,1.0432396540641786,1.5944177971580298,1.6049840831756594,1.6049840831756594,-0.5040893131446573,0.02096113871510978,3,2,1,0.0,1.0,2,1,1,0.0,-0.12020239979028702,0.27299731969833374,3.5685219615697865,4.496904826164245,0.0027299731969833373,0.06154868006706238,0.003580605611205101,0.27513763308525085,0.6392759084701538,-0.2098838910460472,-0.2653256952762604,-0.15444208681583405,0.003580605611205101,-2.896941800713539,0.023894932121038437,0.09467367827892303,0.005736365914344788,29767.564453125,12579.416015625,17188.1484375,29843.78515625,12620.8583984375,17222.92578125,-0.0025605286937206984,-0.0032944600097835064,-0.002023332752287388,-0.25605286937206984,2.6660711374133825,1.3603473937511446,2.4586376934312284,1.256807795763016,2.162769797444344,2.2043886663392187,1.5944177971580298,78.95586168940078,78.95586168940078,greedy,1.5944177971580298,0.0,hard_fault_cluster,,False
27,N1437,control1,-0.07110878080129623,4.448346788436174,4.73748618364334,-0.8651392832398412,2.891425412483513,4.468037955956594,4.448346788436174,4.448346788436174,1.0,0.019691167520419408,3,2,1,0.0,1.0,2,1,1,0.0,-0.07110878080129623,0.2701331377029419,0.28987668760120866,1.5046580672264098,0.002701331377029419,0.07184329628944397,0.004195684567093849,0.16651847958564758,0.7503294944763184,-0.18611154705286026,-0.23525817692279816,-0.13696491718292236,0.004195684567093849,-5.215851687043905,0.022116854786872864,0.09247912466526031,0.004488516598939896,29844.62109375,12621.8466796875,17222.7734375,29804.794921875,12603.365234375,17201.4296875,0.001334450556896627,0.0014642425812780857,0.001239274861291051,0.1334450556896627,2.486014300957322,3.2659326460957527,2.2802676842547953,3.363174953758717,3.0704738140106205,3.00971815109253,4.468037955956594,83.42389964535737,83.42389964535737,greedy,4.468037955956594,0.0,hard_fault_cluster,,False
28,N5234,observe,-0.12829409539699554,6.087182330489159,5.999999999999999,0.43729784667491933,3.9566685148179537,6.087182330489159,6.087182330489159,6.087182330489159,0.0,0.01849813999073043,3,2,1,0.0,1.0,2,1,1,0.0,-0.12829409539699554,0.27089250087738037,5.587066814303398,5.945896625518798,0.0027089250087738038,0.08108612895011902,0.003952326253056526,0.4201294183731079,0.6708393096923828,-0.17108189314603806,-0.15717484056949615,-0.18498894572257996,0.003952326253056526,-4.447759911417961,0.020862024277448654,0.09866470098495483,0.0025936849415302277,29804.73828125,12603.12890625,17201.609375,29750.3046875,12547.3349609375,17202.970703125,0.0018263402162119746,0.004426991567015648,-7.913957961136475e-05,0.18263402162119746,2.3610472548753023,4.584634734392166,2.1549136345274746,5.021787167787552,6.211778023838997,6.06388527289033,6.087182330489159,89.51108197584652,89.51108197584652,greedy,6.087182330489159,0.0,hard_fault_cluster,,False
29,N7511,control1,-0.002515341155230999,4.058763749599457,5.486311340332031,-1.2193056821823118,2.6381964372396474,4.047191453147661,4.058763749599457,4.058763749599457,-0.6659396812903335,0.017377394345044515,3,2,1,0.0,-1.0,2,1,1,0.0,-0.002515341155230999,0.2627490162849426,-1.7708030319213868,-0.24977359771728502,0.0026274901628494263,0.08601969480514526,-0.0014793742448091507,0.16629423201084137,0.608853816986084,-0.21475937962532043,-0.23886263370513916,-0.1906561255455017,-0.0014793742448091507,-5.319009318351746,0.02033737301826477,0.1019853800535202,0.001041453331708908,29750.015625,12547.3115234375,17202.703125,29515.66796875,12422.1806640625,17093.48828125,0.00787722785025835,0.009972723200917244,0.0063487025909125805,0.787722785025835,2.2950069438666105,0.3011595239490273,2.0990547123365104,0.3150000000000002,2.8699689388275154,3.193920816779137,4.047191453147661,93.55827342899418,93.55827342899418,greedy,4.047191453147661,0.0,hard_fault_cluster,,False
30,N7411,control1,-0.15532131493091583,0.9197262740135194,3.04405882358551,-1.2476239442825316,0.5978220781087876,0.9034017227681235,0.9197262740135194,0.9197262740135194,-1.0,0.016324551245395842,3,2,1,0.0,-1.0,2,1,1,0.0,-0.15532131493091583,0.26326704025268555,-3.338013313412666,-1.9569767236709594,0.0026326704025268553,0.0767691433429718,-0.009695000946521759,0.18760249018669128,0.6074212193489075,-0.24847598373889923,-0.29591089487075806,-0.2010410726070404,-0.009695000946521759,-5.5648113691806795,0.02240782231092453,0.08908390998840332,0.0030167140066623688,29515.7890625,12422.2353515625,17093.5546875,29362.70703125,12366.4619140625,16996.244140625,0.0051864455454051495,0.004489806946367025,0.005692820996046066,0.518644554540515,2.494354270398617,5.567486686706544,2.304175240918994,5.567486686706544,1.6599871277809144,2.2529105657339095,0.9034017227681235,94.46167515176231,94.46167515176231,greedy,0.9034017227681235,0.0,hard_fault_cluster,,False
31,N4635,control0,0.15287497639656067,8.357846316173672,5.999999999999999,1.8822658375650643,5.432600105512887,8.34251081948918,8.357846316173672,8.357846316173672,-1.0,0.015335496684492848,3,3,1,0.0,-1.0,2,2,1,0.0,0.15287497639656067,0.271118700504303,7.633426794782281,5.999999999999999,0.0027111870050430297,0.06883391737937927,-0.004085339605808258,0.04658455774188042,0.3391563296318054,-0.1408303901553154,-0.13613714277744293,-0.14552363753318787,-0.004085339605808258,7.380084115304053,0.02035829797387123,0.09353522956371307,0.0018375776708126068,29363.794921875,12367.380859375,16996.4140625,29148.990234375,12286.689453125,16862.30078125,0.007315290626138449,0.006524534896016121,0.007890680804848671,0.7315290626138449,2.302863158285618,1.425036852248013,2.102588137611747,1.3659624503925443,6.122377991303802,5.593857779856771,8.34251081948918,102.80418597125148,102.80418597125148,greedy,8.34251081948918,0.0,hard_fault_cluster,,False
32,N2042,observe,-0.0688578262925148,0.41992564263061466,2.468548595905304,-0.3996698525627834,0.27295166770989954,0.41992563898131147,0.41992564263061466,0.41992564263061466,-2.533118476404841e-07,0.014406365910145328,3,2,1,0.0,1.0,2,1,1,0.0,-0.0688578262925148,0.2717248797416687,-0.019006895583925126,2.0730820059776307,0.002717248797416687,0.08681842684745789,-0.003998257219791412,0.5831788778305054,0.47704774141311646,-0.20182765275239944,-0.1480628103017807,-0.2555924952030182,-0.003998257219791412,-2.2612868383896694,0.01802971214056015,0.10009758174419403,-0.0008895322680473328,29148.58984375,12286.3603515625,16862.23046875,29336.439453125,12337.189453125,16999.25,-0.006444552447646856,-0.004137034993618727,-0.008125824853777885,-0.6444552447646856,2.0706978365778923,-0.2573435786194932,1.8699028696864843,-0.2573426397088224,0.3761318422654312,2.2316388806943475,0.41992563898131147,103.2241116102328,103.2241116102328,greedy,0.41992563898131147,0.0,hard_fault_cluster,,False
33,N583,control1,-0.12546558678150177,6.1084893715381625,5.999999999999999,0.45085687279701236,3.9705180914998057,6.105904514053732,6.1084893715381625,6.1084893715381625,-0.19099656960196318,0.013533528323661271,3,2,1,0.0,1.0,2,1,1,0.0,-0.12546558678150177,0.2691420316696167,4.133925777673721,3.731262135505676,0.002691420316696167,0.07126462459564209,-0.0015889722853899002,0.16096648573875427,0.46673208475112915,-0.22128722071647644,-0.2823818325996399,-0.160192608833313,-0.0015889722853899002,-1.2295084440708164,0.017402280122041702,0.0921267420053482,0.00044897571206092834,29329.982421875,12326.302734375,17003.6796875,29344.103515625,12361.9296875,16982.173828125,-0.00048145593609660864,-0.002890319563448429,0.0012647768016904593,-0.048145593609660864,2.007781071588397,6.255329911708833,1.807116277050227,6.255329911708833,4.856975311040879,4.719521073997021,6.105904514053732,109.33001612428653,109.33001612428653,greedy,6.105904514053732,0.0,hard_fault_cluster,,False
34,N2044,observe,-0.16629523038864136,3.604126821309328,4.973625707626343,-0.432953716814518,2.3426824338510635,3.6001979035281892,3.604126821309328,3.604126821309328,-0.30903332135891237,0.01271357329320356,3,2,0,0.0,1.0,2,1,0,0.0,-0.16629523038864136,0.2711130976676941,0.14731689706444745,1.7999999999999998,0.002711130976676941,0.07873275876045227,0.001330200582742691,0.5240408778190613,0.42768123745918274,-0.19208630919456482,-0.13882353901863098,-0.24534907937049866,0.001330200582742691,-0.5563669037818908,0.015835948288440704,0.09708468616008759,-0.0014996528625488281,29350.810546875,12372.94140625,16977.869140625,29448.01953125,12372.8818359375,17075.13671875,-0.0033119693398475647,4.814563453692244e-06,-0.005729080643504858,-0.33119693398475647,1.8560381270945072,0.2389969915151596,1.6517056534066796,0.2389969915151596,1.0635004043579102,2.680063657462597,3.6001979035281892,112.93021402781471,112.93021402781471,greedy,3.6001979035281892,0.0,hard_fault_cluster,,False
35,N2040,observe,-0.2912489175796509,1.247519594952464,3.237367177009582,-0.5459308348596096,0.8108877367191016,1.244764712029258,1.247519594952464,1.247519594952464,-0.23066352307796478,0.011943296826671963,3,2,1,0.0,1.0,2,1,1,0.0,-0.2912489175796509,0.2657511234283447,-1.5686437994986773,0.45061355829238914,0.0026575112342834472,0.0738881528377533,0.0018481742590665817,0.506491482257843,0.3974211812019348,-0.19118952751159668,-0.1376798450946808,-0.24469920992851257,0.0018481742590665817,0.04378294616937642,0.014428429305553436,0.09645001590251923,-0.00304991751909256,29447.9921875,12372.8857421875,17075.10546875,29494.6953125,12364.470703125,17130.224609375,-0.001585952821187675,0.0006801193812862039,-0.003228041110560298,-0.1585952821187675,1.710442228242755,0.09816923886537551,1.5097427549771965,0.09816923886537551,-0.6015589714050291,1.4247163417935371,1.244764712029258,114.17497873984397,114.17497873984397,greedy,1.244764712029258,0.0,hard_fault_cluster,,False
36,N3903,control0,-0.39208337664604187,0.7891031242907047,2.2721435248851773,0.11585728600621223,0.5129170307889581,0.7965259988572044,0.7891031242907047,0.7891031242907047,0.6615936085281962,0.011219689052034375,2,3,0,0.0,0.6699929569132994,1,2,0,0.0,-0.39208337664604187,0.2623814344406128,0.7393950819969177,0.7798899590969085,0.002623814344406128,0.06739288568496704,0.0006262548267841339,0.10133934020996094,0.4800315499305725,-0.1451229527592659,-0.12269990146160126,-0.16754600405693054,0.0006262548267841339,-0.1099176934361458,0.014831196516752243,0.09748475253582001,-0.0031396150588989258,29494.86328125,12364.73046875,17130.1328125,29458.544921875,12327.404296875,17131.140625,0.0012313452316448092,0.003018761519342661,-5.883273115614429e-05,0.12313452316448092,1.7461273409426212,0.7588224393129349,1.5488715739920735,0.7598869007825851,0.7785020425915719,1.7791491267830133,0.7965259988572044,114.97150473870117,114.97150473870117,greedy,0.7965259988572044,0.0,hard_fault_cluster,,False
37,N4649,control0,-0.09392740577459335,2.315898075699806,3.6800013065338133,-0.09204223752021784,1.5053337492048742,2.312638008833124,2.315898075699806,2.315898075699806,-0.30930653239942674,0.010539922456186434,3,3,1,0.0,-0.8786242079151586,2,2,1,0.0,-0.09392740577459335,0.2701847553253174,1.430747453868389,2.791432988643646,0.002701847553253174,0.05588650703430176,-0.002182731404900551,-0.014552440494298935,0.33937615156173706,-0.10393369942903519,-0.10164321213960648,-0.1062241867184639,-0.002182731404900551,-3.5396220687031748,0.01541687548160553,0.09727931022644043,-0.0026178285479545593,29458.603515625,12327.435546875,17131.16796875,29159.63671875,12213.94921875,16945.6875,0.010148708708584309,0.009205996058881283,0.010827076621353626,1.0148708708584309,1.8096895720809698,0.8079453033208847,1.6086880541406572,0.8018614095449448,2.81076707392931,3.926998598054051,2.312638008833124,117.28414274753429,117.28414274753429,greedy,2.312638008833124,0.0,hard_fault_cluster,,False
38,N3896,control0,-0.2855699360370636,0.9370618649479001,2.3334787905216214,0.15982944908551872,0.6090902122161351,0.9374046893447816,0.9370618649479001,0.9370618649479001,0.034624037546688455,0.009901340836382631,1,3,0,0.0,0.11383511641289946,0,2,0,0.0,-0.2855699360370636,0.26764965057373047,0.8189682235009967,0.529806950688362,0.002676496505737305,0.0636214017868042,-0.00173884816467762,0.13639749586582184,0.5542289018630981,-0.15352998673915863,-0.1396673321723938,-0.16739264130592346,-0.00173884816467762,0.2503567394614219,0.013913322240114212,0.09838928282260895,-0.003397218883037567,29159.564453125,12213.916015625,16945.6484375,29169.42578125,12188.150390625,16981.275390625,-0.00033818502561189234,0.002109530149027705,-0.00210242485627532,-0.033818502561189234,1.657243026420474,0.8720992195606232,1.4578099246136844,0.8543545293807984,0.8209998160600662,1.3968497579544783,0.9374046893447816,118.22154743687908,118.22154743687908,greedy,0.9374046893447816,0.0,hard_fault_cluster,,False
39,N4656,control0,-0.024409394711256027,3.068477613031864,4.015554881095886,0.13994085103273393,1.9945104484707117,3.0645679664273056,3.068477613031864,3.068477613031864,-0.42032662198507764,0.00930144892106635,3,3,1,0.0,-0.6632541862316239,2,2,1,0.0,-0.024409394711256027,0.2743881344795227,1.5291800616681575,2.5906574487686154,0.002743881344795227,0.05491352081298828,-0.003585292026400566,-0.02100967988371849,0.34313639998435974,-0.10691782832145691,-0.1068517342209816,-0.10698392242193222,-0.003585292026400566,-0.5453628912568094,0.0134713314473629,0.09490519762039185,-0.003007553517818451,29169.494140625,12188.177734375,16981.31640625,28890.72265625,12076.28515625,16814.4375,0.009556952863931656,0.009180419147014618,0.0098272068426013,0.9556952863931656,1.6179359871894121,0.9345930399000645,1.4148338553495705,0.9259597243368626,2.2316959857940675,3.025602390766144,3.0645679664273056,121.28611540330638,121.28611540330638,greedy,3.0645679664273056,0.0,hard_fault_cluster,,False
40,N3889,control0,-0.24842260777950287,0.8762145495880396,2.27887761592865,0.16578211852349342,0.5695394572322258,0.8762428737695964,0.8762145495880396,0.8762145538046443,0.00324153092453576,0.00873790261954204,3,3,0,0.0,0.14383077972370473,2,2,1,4.825648627915236e-07,-0.24842260777950287,0.27080196142196655,0.8329167141579091,0.6175087064504623,0.0027080196142196655,0.06127685308456421,-0.0038042832165956497,0.12622195482254028,0.5486302971839905,-0.1573050171136856,-0.14717727899551392,-0.1674327552318573,-0.0038042832165956497,0.22628448747098445,0.012461889535188675,0.09606236219406128,-0.0034490004181861877,28890.634765625,12076.251953125,16814.3828125,28935.501953125,12065.3203125,16870.181640625,-0.0015530011150985956,0.000905218010302633,-0.0033185177017003298,-0.15530011150985956,1.5131866317242384,0.9609527667239308,1.3129383730702102,0.9614884575083851,0.8169822260737418,1.6966341093927624,0.8762428737695964,122.16235827707598,122.16235827707598,greedy,0.8762428737695964,0.0,hard_fault_cluster,,False
41,N3882,control0,-0.3458315134048462,1.0047563209338113,2.312791359424591,0.2198338192468509,0.6530916086069773,1.0048064916981418,1.0047563209338113,1.0047563209338113,0.0061120503345962005,0.008208499862389881,3,3,1,0.0,0.15405499478125745,2,2,1,0.0,-0.3458315134048462,0.26980847120285034,1.1492208382580429,0.8925822645425796,0.0026980847120285033,0.0593608021736145,-0.002352071925997734,0.1095188707113266,0.5470689535140991,-0.1558428257703781,-0.14672282338142395,-0.16496282815933228,-0.002352071925997734,0.2514108618348837,0.012312915176153183,0.09796483814716339,-0.003544166684150696,28935.494140625,12065.322265625,16870.171875,28947.3359375,12047.138671875,16900.197265625,-0.0004092481394764036,0.0015070955269038677,-0.0017797916661947966,-0.04092481394764036,1.498747916892171,0.897685202844441,1.2981556174345315,0.8921407549455762,0.9624162256717681,1.80644171833992,1.0048064916981418,123.16716476877413,123.16716476877413,greedy,1.0048064916981418,0.0,hard_fault_cluster,,False
42,N3805,control0,-0.4188886284828186,0.9900721797766164,2.282971292734146,0.2348876021662727,0.6435469168548007,0.9901113664316631,0.9900721797766164,0.9900721797766164,0.00508180274837656,0.007711171996831672,3,3,1,0.0,0.15480572031667938,2,2,1,0.0,-0.4188886284828186,0.2692955732345581,1.2274532405193894,2.622139227390289,0.0026929557323455812,0.0560297966003418,-0.0006225202232599258,0.10512013733386993,0.5445988774299622,-0.15373540669679642,-0.14647693932056427,-0.16099387407302856,-0.0006225202232599258,0.24593657948076725,0.012416619807481766,0.10053026676177979,-0.003808826208114624,28947.32421875,12047.1357421875,16900.1875,28953.638671875,12030.728515625,16922.91015625,-0.00021813598868902773,0.0013619193341583014,-0.0013445209478959441,-0.021813598868902773,1.5103350337594748,0.8534940857812763,1.3088302440010011,0.8444269318506121,0.9838837563991546,2.509685170724988,0.9901113664316631,124.15727613520579,124.15727613520579,greedy,0.9901113664316631,0.0,hard_fault_cluster,,False
43,N4663,control0,-0.16957637667655945,1.7063952949643135,3.030049431324005,0.07948383480310442,1.109156941726804,1.7033022405900888,1.7063952949643135,1.7063952949643135,-0.4269829857052512,0.007243975703425146,3,3,1,0.0,-0.6279983365804808,2,2,1,0.0,-0.16957637667655945,0.2742503881454468,1.540858978033066,2.981944358348846,0.002742503881454468,0.042659491300582886,-0.0041661616414785385,-0.05044233426451683,0.30536144971847534,-0.1061927005648613,-0.11083482205867767,-0.10155057907104492,-0.0041661616414785385,-1.7973252099752428,0.012735266238451004,0.09553666412830353,-0.003245308995246887,28953.689453125,12030.748046875,16922.94140625,28702.4296875,11938.8125,16763.6171875,0.008677988313138485,0.007641714997589588,0.009414688684046268,0.8677988313138485,1.5436108503490686,0.8807894241809845,1.3410476804710925,0.858536262512207,1.86958546936512,3.315230555087328,1.7033022405900888,125.86057837579588,125.86057837579588,greedy,1.7033022405900888,0.0,hard_fault_cluster,,False
44,N3701,control0,-0.362281858921051,1.1437186637520789,-1.2761749684810637,0.30753114789724345,0.7434171314388512,1.1475915042537779,1.1437186637520789,1.1437186637520789,0.5691097572817523,0.00680508540250102,3,3,1,0.0,0.15574787984184227,2,2,1,0.0,-0.362281858921051,0.27029579877853394,1.6287233799695966,1.036718687415123,0.0027029579877853394,0.04772201180458069,-0.003069283440709114,0.10034573078155518,0.5104159712791443,-0.15599056333303452,-0.15435682237148285,-0.15762430429458618,-0.003069283440709114,0.33348628923296925,0.01127958670258522,0.09605325758457184,-0.003957763314247131,28702.390625,11938.9384765625,16763.453125,28796.994140625,11957.345703125,16839.6484375,-0.0032960150856524706,-0.0015417808899655938,-0.004545323085039854,-0.32960150856524706,1.3951851855963469,0.9232976336032153,1.1947652990929782,0.8892416257411242,1.1621189072728155,-0.4083864580839873,1.1475915042537779,127.00816988004966,127.00816988004966,greedy,1.1475915042537779,0.0,hard_fault_cluster,,False
45,N4670,control0,-0.13995034992694855,2.1338549008965493,3.2707541227340693,0.15456338196992878,1.387005685582757,2.131609686841263,2.1338549008965493,2.1338549008965493,-0.3512105696804639,0.006392786120670757,3,3,1,0.0,-0.6504478072882479,2,2,1,0.0,-0.13995034992694855,0.2748314142227173,1.857941859960556,2.576451504230499,0.0027483141422271727,0.038291484117507935,-0.003126068040728569,-0.05498647317290306,0.2874099314212799,-0.10885236412286758,-0.1144934892654419,-0.10321123898029327,-0.003126068040728569,-1.4033353620767595,0.011062633246183395,0.09225131571292877,-0.004209309816360474,28796.94921875,11957.1875,16839.76171875,28573.73828125,11874.8779296875,16698.861328125,0.0077512008138000965,0.006883689668029547,0.008367124944925308,0.7751200813800097,1.3779686708003283,0.8185818326473238,1.1741896611638367,0.8123263847827913,2.120634359121323,2.939074408262968,2.131609686841263,129.13977956689092,129.13977956689092,greedy,2.131609686841263,0.0,hard_fault_cluster,,False
46,N7883,control1,-0.19208617508411407,1.9960845071077347,1.6346043586730956,0.49452682673931114,1.2974549296200275,1.993195791172241,1.9960845071077347,1.9960845162945229,-0.4810143885117237,0.006005466789530795,2,2,0,0.0,-0.010869353894390654,2,1,1,1.529737559272451e-06,-0.19208617508411407,0.264792263507843,1.370349694788456,2.3602102518081662,0.00264792263507843,0.0451585054397583,0.0012868847697973251,0.19177047908306122,0.32400238513946533,-0.22951699793338776,-0.2790338397026062,-0.1800001561641693,0.0012868847697973251,2.546985447108746,0.01085498183965683,0.08252520859241486,-0.0034387409687042236,28573.099609375,11874.271484375,16698.828125,28626.734375,11934.81640625,16691.91796875,-0.0018771069590002298,-0.00509883277118206,0.00041381086339242756,-0.18771069590002298,1.3515773322433233,1.5449047508835791,1.152017971035093,1.5567974272370337,1.223495852947235,2.0456879056245088,1.993195791172241,131.13297535806316,131.13297535806316,greedy,1.993195791172241,0.0,hard_fault_cluster,,False
47,N7884,control1,-0.14541256427764893,1.8160418036580086,1.6257799744606016,0.24880461603403092,1.1804271723777056,1.813805274373506,1.8160418036580086,1.8160418036580086,-0.39643430127877133,0.005641613950377735,3,2,1,0.0,0.0213344342462861,2,1,1,0.0,-0.14541256427764893,0.2644217610359192,1.0516323412954807,1.693471163511276,0.002644217610359192,0.0440327525138855,0.005398223176598549,0.19561688601970673,0.35642439126968384,-0.22782254219055176,-0.2866767644882202,-0.1689683198928833,0.005398223176598549,0.8424475345015525,0.012137431651353836,0.08075568079948425,-0.003135956823825836,28626.767578125,11934.841796875,16691.92578125,28631.3203125,11961.5654296875,16669.755859375,-0.0001590376632520929,-0.002239127643406391,0.0013281824067234993,-0.01590376632520929,1.4835631493479013,1.449900116920471,1.281198161188513,1.4624501729011534,1.333459934592247,1.7979959557950496,1.813805274373506,132.94678063243666,132.94678063243666,greedy,1.813805274373506,0.0,hard_fault_cluster,,False
48,N7882,control1,-0.06468113511800766,2.005467222258449,3.054533052444458,0.24977028034627435,1.3035536944679917,2.003764469055783,2.005467222258449,2.005467222258449,-0.3212859591395952,0.00529980584033558,3,2,1,0.0,0.19010590271203665,2,1,1,0.0,-0.06468113511800766,0.2606237530708313,0.7942758587002754,2.036101511120796,0.002606237530708313,0.049743860960006714,0.01528177224099636,0.2725645899772644,0.4150870144367218,-0.2335783988237381,-0.2903924584388733,-0.1767643392086029,0.01528177224099636,1.25724662438035,0.011768292635679245,0.07635961472988129,-0.00338657945394516,28631.357421875,11961.591796875,16669.765625,28673.66015625,12012.14453125,16661.515625,-0.001477496582083404,-0.004226254764944315,0.0004949079593643546,-0.1477496582083404,1.4527347888797522,1.3519610567390918,1.2458056448958814,1.3721663756668567,1.301181198656559,2.945767779126763,2.003764469055783,134.95054510149245,134.95054510149245,greedy,2.003764469055783,0.0,hard_fault_cluster,,False
49,N4677,control0,0.21322821080684662,3.006467720866203,3.7293355464935303,0.33465946614742276,1.954204018563032,3.00462984396806,3.006467720866203,3.006467720866203,-0.3691474429792541,0.004978706836786395,3,3,1,0.0,-0.5876605641596852,2,2,1,0.0,0.21322821080684662,0.2711120843887329,1.4823666214942932,1.7167906522750855,0.002711120843887329,0.042455583810806274,0.026229964569211006,0.10203415155410767,0.42180585861206055,-0.13179301097989082,-0.1492781937122345,-0.11430782824754715,0.026229964569211006,1.2848864209651947,0.009486295282840729,0.07922063767910004,-0.00488763302564621,28674.306640625,12012.759765625,16661.546875,28546.6015625,11967.5078125,16579.09375,0.00445364136248827,0.0037669904995709658,0.004948707763105631,0.445364136248827,1.2459715772420168,1.078136983215809,1.0229650405235589,1.059134366810322,1.9748516201972963,2.646365450024605,3.00462984396806,137.9551749454605,137.9551749454605,greedy,3.00462984396806,0.0,hard_fault_cluster,,False
50,N7885,control1,0.16059082746505737,1.5386696801334618,2.9131574034690857,0.06838828451931477,1.0001352920867503,1.536896307873125,1.5386696801334618,1.5386696801334618,-0.3791637078887695,0.004677062238395899,3,2,1,0.0,0.23684908626911985,2,1,1,0.0,0.16059082746505737,0.264518141746521,0.7065554295480251,2.1347903937101362,0.00264518141746521,0.05564442276954651,0.02464703656733036,0.351738303899765,0.5053815841674805,-0.23286128044128418,-0.2926498055458069,-0.17307275533676147,0.02464703656733036,0.29112873584032056,0.00974053144454956,0.07391004264354706,-0.00468551367521286,28546.013671875,11966.9140625,16579.099609375,28598.828125,12004.109375,16594.71875,-0.0018501515733078122,-0.003108179196715355,-0.0009420982678420842,-0.18501515733078122,1.2632183227688074,1.3668489813059568,1.046344439033419,1.4040666698664426,1.265433107316494,2.922531519755721,1.536896307873125,139.49207125333362,139.49207125333362,greedy,1.536896307873125,0.0,hard_fault_cluster,,False
51,N7886,control1,0.20268674194812775,1.3917706105113028,3.0203903317451477,-0.1611842483282089,0.9046508968323469,1.390140243466448,1.3917706105113028,1.3917706105113028,-0.37106982904835195,0.004393693362340742,3,2,1,0.0,-0.11612742556250578,2,1,1,0.0,0.20268674194812775,0.2610238194465637,0.5437182724475861,2.1731130957603453,0.002610238194465637,0.0551203191280365,0.022348998114466667,0.33993491530418396,0.4910525381565094,-0.23305176198482513,-0.29847458004951477,-0.1676289439201355,0.022348998114466667,-0.4954551297426224,0.011029224842786789,0.07280950248241425,-0.0038489773869514465,28598.85546875,12004.130859375,16594.724609375,28622.861328125,12031.923828125,16590.9375,-0.0008393992902711034,-0.002315283752977848,0.00022821164748165756,-0.08393992902711034,1.3862953018397093,1.4281372368335725,1.1737656886689365,1.4746868669986726,1.4172684133052824,3.021224468648433,1.390140243466448,140.88221149680007,140.88221149680007,greedy,1.390140243466448,0.0,hard_fault_cluster,,False
52,N4684,control0,0.3474067747592926,2.08306497707963,3.1150603055953976,0.24962837174534797,1.3539922351017595,2.081181769453379,2.08306497707963,2.08306497707963,-0.4562594422992589,0.004127492938579755,3,3,1,0.0,-0.799117724113486,2,2,1,0.0,0.3474067747592926,0.2681346535682678,1.3449274323880673,1.9696070313453673,0.002681346535682678,0.04572653770446777,0.03063264675438404,0.14414700865745544,0.46706900000572205,-0.13969946652650833,-0.15812236070632935,-0.12127657234668732,0.03063264675438404,0.4646602249145508,0.008840441703796387,0.07800479233264923,-0.005467236042022705,28623.484375,12032.5390625,16590.9453125,28504.298828125,11987.048828125,16517.25,0.004163907840847969,0.0037806013133376837,0.004441899713128805,0.4163907840847969,1.1828114707022905,0.998920769020915,0.9587359954603016,1.0008803909271955,1.630397468805313,2.591748078763485,2.081181769453379,142.96339326625343,142.96339326625343,greedy,2.081181769453379,0.0,hard_fault_cluster,,False
53,N704,observe,0.46169641613960266,1.9983145344257356,3.061037290096283,0.23989692091941836,1.2989044473767282,2.002191955208908,1.9983145344257356,1.9983145344257356,1.0,0.003877420783172201,3,2,1,0.0,1.0,2,1,1,0.0,0.46169641613960266,0.2783122658729553,1.9928091660141944,3.2320145845413206,0.0027831226587295534,0.06613272428512573,0.025851847603917122,0.722079873085022,1.2113754749298096,-0.2480900138616562,-0.25886160135269165,-0.23731842637062073,0.025851847603917122,0.08724742203950875,0.010419078171253204,0.08412301540374756,-0.004832103848457336,28503.759765625,11986.17578125,16517.583984375,28586.72265625,12037.17578125,16549.546875,-0.0029105946887284517,-0.0042549017816782,-0.001935082720592618,-0.2910594688728452,1.3460719306021929,1.6329374253749847,1.1179488454945385,1.6822279512882232,1.9880998358130455,3.25963714979589,2.002191955208908,144.96558522146233,144.96558522146233,greedy,2.002191955208908,0.0,hard_fault_cluster,,False
54,N3911,control0,0.12885665893554688,0.953273360952735,0.9844575345516204,0.22032925479114054,0.6196276846192778,0.9553472699468544,0.953273360952735,0.953273360952735,0.5693642129637345,0.0036424997337364236,3,3,1,0.0,0.12668602284926256,2,2,1,0.0,0.12885665893554688,0.26714247465133667,0.965336250513792,0.5577462062705307,0.0026714247465133667,0.05963048338890076,0.028206681832671165,0.2995983958244324,0.8036617040634155,-0.1709422543644905,-0.17147250473499298,-0.17041200399398804,0.028206681832671165,0.8031533029675484,0.0075056105852127075,0.08314244449138641,-0.007185101509094238,28587.060546875,12037.966796875,16549.09375,28670.08984375,12034.5556640625,16635.53515625,-0.002904436318203807,0.0002833645266946405,-0.00522333150729537,-0.2904436318203807,1.0459102150052786,0.8715266835689545,0.8243983476422727,0.8720648419857026,0.8301164627075195,0.8184361569897738,0.9553472699468544,145.9209324914092,145.9209324914092,greedy,0.9553472699468544,0.0,hard_fault_cluster,,False
55,N4691,control0,0.30728814005851746,2.0611174264550205,3.0429940700531004,0.2946250322461128,1.3397263271957633,2.0596699865059462,2.0611174264550205,2.0611174264550205,-0.4230039582804531,0.0034218118311666033,3,3,1,0.0,-0.758308322351752,2,2,1,0.0,0.30728814005851746,0.274990975856781,1.6710144132375717,2.2224801421165465,0.00274990975856781,0.053434133529663086,0.026455989107489586,0.14499911665916443,0.5802431106567383,-0.1281634345650673,-0.14619112014770508,-0.1101357489824295,0.026455989107489586,0.6598056250810622,0.0059288255870342255,0.0841381847858429,-0.008447825908660889,28670.11328125,12034.5625,16635.55078125,28447.84765625,11937.6171875,16510.23046875,0.007752520032227039,0.008055574260652065,0.007533282972872257,0.7752520032227039,0.8943295236676931,0.843119056597352,0.6682442999444902,0.830119104757905,1.6736211031675339,2.5075480179488663,2.0596699865059462,147.98060247791514,147.98060247791514,greedy,2.0596699865059462,0.0,hard_fault_cluster,,False
56,N4698,control0,0.3537130653858185,1.8140942550078036,2.8584441184997553,0.2884238835051656,1.1791612657550723,1.8128695046957175,1.8140942550078036,1.8140942550078036,-0.3810086542161028,0.003214494732687607,3,3,1,0.0,-0.6393095120390223,2,2,1,0.0,0.3537130653858185,0.2779276371002197,1.643601782247424,2.2670349001884462,0.002779276371002197,0.05725768208503723,0.021921826526522636,0.13463568687438965,0.5502675771713257,-0.13075372949242592,-0.147599458694458,-0.11390800029039383,0.021921826526522636,0.40596783757209776,0.00485268235206604,0.08604459464550018,-0.009603708982467651,28447.857421875,11937.619140625,16510.23828125,28276.95703125,11854.8564453125,16422.1015625,0.006007495801895857,0.006932931486517191,0.005338307004421949,0.6007495801895857,0.7851176988333464,0.9084821662306786,0.5602306011132896,0.8005678972601891,1.596503582596779,2.479058635979891,1.8128695046957175,149.79347198261087,149.79347198261087,greedy,1.8128695046957175,0.0,hard_fault_cluster,,False
57,N724,observe,0.42475631833076477,1.5734770035743715,2.814927768707275,0.170908100605011,1.0227600523233416,1.5764967419166034,1.5734770035743715,1.5734770035743715,1.0,0.00301973834223185,3,2,1,0.0,1.0,2,1,1,0.0,0.42475631833076477,0.28060245513916016,1.4345590963959693,2.7928671836853027,0.0028060245513916015,0.07764413952827454,0.011902334168553352,0.6666162014007568,1.1480317115783691,-0.2507002055644989,-0.2534865140914917,-0.2479138970375061,0.011902334168553352,-0.33021190375089654,0.008107729256153107,0.09017637372016907,-0.0074836984276771545,28276.51953125,11853.7861328125,16422.734375,28400.38671875,11927.6767578125,16472.7109375,-0.0043805669993162155,-0.006233504042029381,-0.003043132834136486,-0.43805669993162155,1.1032777149230242,1.5085224813222886,0.883899122942239,1.609735102057457,1.5400704100728033,3.0011149079352615,1.5764967419166034,151.36996872452747,151.36996872452747,greedy,1.5764967419166034,0.0,hard_fault_cluster,,False
58,N4705,control0,0.3958871364593506,1.812834851741791,2.8387957215309143,0.3036984062194824,1.1783426536321642,1.8121877585498072,1.812834851741791,1.812834851741791,-0.22810821309804605,0.0028367816449713103,3,3,1,0.0,-0.5008954807162789,2,2,1,0.0,0.3958871364593506,0.2752038836479187,1.6163884863257407,2.179655301570892,0.002752038836479187,0.06580504775047302,0.011286938562989235,0.12500040233135223,0.5686602592468262,-0.13487910851836205,-0.145480215549469,-0.1242780014872551,0.011286938562989235,0.6952915164828299,0.0058072954416275024,0.08731825649738312,-0.00940394401550293,28400.705078125,11928.703125,16472.001953125,28260.48828125,11862.6015625,16397.88671875,0.004937088582664728,0.005541387014091015,0.004499467089772224,0.4937088582664728,0.8672203663736582,1.177529757320881,0.6523522497154772,0.9962308457493783,1.592148469388485,2.450348569378257,1.8121877585498072,153.18215648307728,153.18215648307728,greedy,1.8121877585498072,0.0,hard_fault_cluster,,False
59,N7888,control1,0.3546440303325653,1.096649223268032,2.4525744915008545,0.03818830937147141,0.7128219951242208,1.0955514577363403,1.096649223268032,1.096649223268032,-0.411933476708866,0.0026649097336355486,3,2,1,0.0,0.20113251493420647,2,1,1,0.0,0.3546440303325653,0.2582550048828125,0.36213745832443234,0.3925023257732391,0.002582550048828125,0.08137187361717224,0.0032049883157014847,0.377648264169693,0.5222358703613281,-0.24734172224998474,-0.2942501902580261,-0.20043325424194336,0.0032049883157014847,-0.07410160243511202,0.007723215967416763,0.08376146852970123,-0.008757852017879486,28259.927734375,11861.990234375,16397.9375,28319.046875,11892.1357421875,16426.912109375,-0.002091977745294571,-0.002541353227570653,-0.0017669666558504105,-0.2091977745294571,1.0337815899401903,1.3989836108684541,0.8376865950413048,1.3714463365077973,0.9214967072010041,1.8201944781839847,1.0955514577363403,154.27770794081363,154.27770794081363,greedy,1.0955514577363403,0.0,hard_fault_cluster,,False
60,N3862,control0,0.19607718288898468,1.1480358137190343,0.5502430245280265,0.36285718783736226,0.7462232789173723,1.1496530960499918,1.1480358137190343,1.1480358137190343,0.6460211608974294,0.002503451014996015,1,3,0,0.0,0.15022473878785564,0,2,0,0.0,0.19607718288898468,0.2629629969596863,1.5610432833433152,0.9905572675983421,0.002629629969596863,0.08161398768424988,0.008218282833695412,0.23005712032318115,0.7463927268981934,-0.17899318784475327,-0.1749231368303299,-0.18306323885917664,0.008218282833695412,1.1394985553622246,0.007134053856134415,0.09008386731147766,-0.008860401809215546,28319.55078125,11892.72265625,16426.828125,28422.1171875,11923.0986328125,16499.01953125,-0.003621752606704831,-0.002554164966568351,-0.004394725896418095,-0.3621752606704831,0.9845866654068232,1.135853714942932,0.7812007055617869,1.1174210381507872,1.0801381528377534,0.7365853917834466,1.1496530960499918,155.42736103686363,155.42736103686363,greedy,1.1496530960499918,0.0,hard_fault_cluster,,False
61,N4712,control0,0.33956006169319153,1.815926522165537,2.740545058250427,0.3860527391731739,1.1803522394075991,1.815215138345066,1.815926522165537,1.815926522165537,-0.30248809763756984,0.0023517745856009107,3,3,1,0.0,-0.49563917231393856,2,2,1,0.0,0.33956006169319153,0.26589900255203247,1.7355284318327902,2.006336307525635,0.0026589900255203245,0.07307314872741699,0.007021719589829445,0.0759325921535492,0.48777613043785095,-0.1413334310054779,-0.15313735604286194,-0.12952950596809387,0.007021719589829445,1.2886330139636992,0.006750714033842087,0.09293152391910553,-0.009456746280193329,28422.20703125,11923.1572265625,16499.05078125,28244.671875,11845.1083984375,16399.5625,0.0062463534995913506,0.0065459865145385265,0.006029939744621515,0.6246353499591351,0.9479921255260706,1.213397211432457,0.7433015839196742,1.1191834872961044,1.5190936207771302,2.3217236858606336,1.815215138345066,157.24257617520868,157.24257617520868,greedy,1.815215138345066,0.0,hard_fault_cluster,,False
62,N4716,control0,0.36898019909858704,1.7318234184384345,2.695068883895874,0.36974036127328874,1.1256852219849824,1.7312361282944668,1.7318234184384345,1.7318234184384345,-0.26582781694223195,0.002209287766506244,3,3,1,0.0,-0.4825178468435282,2,2,1,0.0,0.36898019909858704,0.2667466402053833,1.7125172957777974,1.6775438666343687,0.002667466402053833,0.07287555932998657,0.003543386235833168,0.06209724768996239,0.45365530252456665,-0.1429089456796646,-0.15327897667884827,-0.13253891468048096,0.003543386235833168,0.9390893605351447,0.006207577884197235,0.09582988917827606,-0.010399594902992249,28244.81640625,11845.203125,16399.61328125,28122.181640625,11779.099609375,16343.08203125,0.004341850522905588,0.005580614786595106,0.0034471086692065,0.4341850522905588,0.89104781486094,1.1053801055252552,0.6883302950300276,1.0222403283417225,1.473949281871319,2.174500782415271,1.7312361282944668,158.97381230350314,158.97381230350314,greedy,1.7312361282944668,0.0,hard_fault_cluster,,False
63,N3855,control0,0.16337166726589203,1.0950799115002154,0.4855154514312744,0.31226720735430713,0.7118019424751401,1.0962948779356108,1.0950799115002154,1.0950799115002154,0.5854036119046763,0.002075433787369974,0,3,0,0.0,0.15476050165921423,0,2,0,0.0,0.16337166726589203,0.2662089467048645,1.3616326734423636,0.8500173687934875,0.002662089467048645,0.08040967583656311,0.0003722459077835083,0.18544763326644897,0.6878992319107056,-0.1793370470404625,-0.1790381222963333,-0.17963597178459167,0.0003722459077835083,0.9382333248853683,0.006558500230312347,0.09888763725757599,-0.010606162250041962,28121.880859375,11778.9052734375,16342.9755859375,28190.763671875,11767.81640625,16422.947265625,-0.0024494382087141275,0.0009414174710400403,-0.004893336445093155,-0.24494382087141275,0.9224312156438828,0.9959537994861603,0.7224953211843967,0.9341856372356414,0.9841558516025543,0.6398916840075981,1.0962948779356108,160.07010718143874,160.07010718143874,greedy,1.0962948779356108,0.0,hard_fault_cluster,,False
64,N7471,control0,0.1353851705789566,1.36722437530756,2.4338572978973385,0.3591108497977256,0.888695843949914,1.3687398956715007,1.36722437530756,1.36722437530756,0.7773136582865352,0.0019496896108597995,3,3,1,0.0,0.2278304430093147,2,2,1,0.0,0.1353851705789566,0.26509928703308105,1.4452363088726998,0.6127922773361206,0.0026509928703308105,0.08691838383674622,0.0013162139803171158,0.18866418302059174,0.7302322387695312,-0.17147576808929443,-0.16324079036712646,-0.1797107458114624,0.0013162139803171158,1.2437510833144187,0.007874265313148499,0.10452817380428314,-0.00974225252866745,28186.36328125,11763.1640625,16423.19921875,28193.2421875,11731.224609375,16462.017578125,-0.00024405086878687143,0.0027152092661708593,-0.002363629639148712,-0.024405086878687143,1.053842032328248,1.1740763300657273,0.8540304065681994,1.176608925461769,1.111031286418438,1.8183202628046276,1.3687398956715007,161.43884707711024,161.43884707711024,greedy,1.3687398956715007,0.0,hard_fault_cluster,,False
65,N7889,control1,0.22416400909423828,1.6987739998474718,2.945169067382812,0.14408149022608996,1.1042030999008567,1.6981100804587221,1.6987739998474718,1.6987739998474718,-0.36248770396865315,0.001831563888873418,3,2,1,0.0,0.12989853621982533,2,1,1,0.0,0.22416400909423828,0.25020819902420044,0.5787502666190265,0.8742716431617736,0.0025020819902420045,0.09300634264945984,-0.005620904266834259,0.3178198039531708,0.4655323922634125,-0.2518925964832306,-0.3066907823085785,-0.1970944106578827,-0.005620904266834259,0.5626808047294616,0.010211221873760223,0.09954455494880676,-0.008591145277023315,28197.171875,11735.3212890625,16461.8515625,28212.720703125,11770.296875,16442.423828125,-0.0005514321965165436,-0.002980368910357356,0.0011801670771092176,-0.05514321965165436,1.2657094821333885,1.8732458770275118,1.0822690110653639,1.8233665525913239,1.2092219650745393,2.3245561039447784,1.6981100804587221,163.13695715756896,163.13695715756896,greedy,1.6981100804587221,0.0,hard_fault_cluster,,False
66,N713,observe,0.4272502064704895,2.670787335112691,3.014499258995056,0.7278354173153639,1.7360117678232494,2.6717481895159514,2.670787335112691,2.670787335112691,0.558443084792595,0.0017205950425851384,3,2,1,0.0,1.0,2,1,1,0.0,0.4272502064704895,0.2638363838195801,4.073874510079622,4.787756633758544,0.002638363838195801,0.09922853112220764,-0.013365069404244423,0.6092300415039062,1.1085269451141357,-0.26323582231998444,-0.260221391916275,-0.26625025272369385,-0.013365069404244423,0.620242730975151,0.013950742781162262,0.10580304265022278,-0.006511099636554718,28212.80078125,11770.109375,16442.69140625,28350.890625,11872.7001953125,16478.189453125,-0.0048945811577141285,-0.008716216310858727,-0.0021588951349258423,-0.48945811577141285,1.6455455925315619,2.375558528006077,1.45769210672006,2.2218915548920632,2.76235254406929,3.8955291536450383,2.6717481895159514,165.8087053470849,165.8087053470849,greedy,2.6717481895159514,0.0,hard_fault_cluster,,False
67,N3848,control0,0.15225230157375336,1.597897090315819,0.8682516753673554,0.5028595024347305,1.0386331087052822,1.598955609516556,1.597897090315819,1.597897090315819,0.6548826399905855,0.0016163494588165876,0,3,0,0.0,0.16683427115857574,0,2,0,0.0,0.15225230157375336,0.25605231523513794,2.4014773979783057,1.8554852068424224,0.0025605231523513792,0.08659803867340088,-0.009888006374239922,0.2366877943277359,0.7169123888015747,-0.17923372983932495,-0.1556796133518219,-0.202787846326828,-0.009888006374239922,1.042571294605732,0.011171523481607437,0.10142260789871216,-0.008207537233829498,28351.171875,11873.431640625,16477.740234375,28415.060546875,11879.17578125,16535.884765625,-0.002253475598990917,-0.00048378101200796664,-0.0035286713391542435,-0.22534755989909172,1.3633166570216417,1.2846325105428698,1.1786934253759682,1.195300734639168,1.5517737731337546,1.244549392312765,1.598955609516556,167.40766095660146,167.40766095660146,greedy,1.598955609516556,0.0,hard_fault_cluster,,False
68,N3827,control0,0.10100211948156357,1.873798266351223,1.0611964225769042,0.5031217852234839,1.217968873128295,1.8748186864820335,1.873798266351223,1.873798266351223,0.6720276788482342,0.0015184197956837947,0,3,0,0.0,0.17061927847487815,0,2,0,0.0,0.10100211948156357,0.25822001695632935,2.412385939061642,1.8080277740955353,0.0025822001695632933,0.08229833841323853,-0.007983125746250153,0.22899995744228363,0.718147873878479,-0.1752491071820259,-0.15180958807468414,-0.19868862628936768,-0.007983125746250153,1.1257531633973121,0.010747134685516357,0.10381971299648285,-0.008631698787212372,28415.001953125,11879.134765625,16535.8671875,28406.8984375,11855.3603515625,16551.5390625,0.00028518441831693053,0.0020013591274619102,-0.0009477504063397646,0.028518441831693053,1.324950359761715,1.4176929038763046,1.1372726913541555,1.4084421795606612,1.7041526243090628,1.3491842122375963,1.8748186864820335,169.2824796430835,169.2824796430835,greedy,1.8748186864820335,0.0,hard_fault_cluster,,False
69,N3820,control0,0.0807749554514885,2.098286397755146,1.1417220294475554,0.5882507488131523,1.363886158540845,2.099283579791513,2.098286397755146,2.098286397755146,0.6990785784421025,0.0014264233908999257,0,3,0,0.0,0.17667246844541148,0,2,0,0.0,0.0807749554514885,0.260866641998291,2.6362748622894285,1.886641526222229,0.0026086664199829104,0.07886701822280884,-0.00578358955681324,0.23368872702121735,0.7322487831115723,-0.17310301214456558,-0.14883242547512054,-0.19737359881401062,-0.00578358955681324,1.4708083337545395,0.010420005768537521,0.10559633374214172,-0.008964337408542633,28406.845703125,11855.330078125,16551.515625,28383.388671875,11830.19140625,16553.197265625,0.0008257527370005846,0.002120453165844083,-0.00010160040255868807,0.08257527370005846,1.29708362929523,1.9605043077468873,1.1057713399641216,1.9297481679916382,1.8664902240037917,1.4856763558834791,2.099283579791513,171.381763222875,171.381763222875,greedy,2.099283579791513,0.0,hard_fault_cluster,,False
70,N3813,control0,0.0713479220867157,2.196461206674576,1.1855357348918913,0.6159290254116058,1.4276997843384744,2.197348173080135,2.196461206674576,2.196461206674576,0.6619148493969964,0.001340000766514083,0,3,0,0.0,0.17828166266219764,0,2,0,0.0,0.0713479220867157,0.26280003786087036,2.8109275802969935,2.024531072378158,0.0026280003786087035,0.07609966397285461,-0.004219168797135353,0.23798462748527527,0.7437082529067993,-0.1710786074399948,-0.14593693614006042,-0.1962202787399292,-0.004219168797135353,1.5174049350619314,0.010172437876462936,0.10657069087028503,-0.009182155132293701,28383.333984375,11830.162109375,16553.171875,28354.625,11806.076171875,16548.548828125,0.001011473243124783,0.002035976853221655,0.0002792846644297242,0.1011473243124783,1.2758246567100286,1.9534251171350479,1.0818890049122274,1.967264886498451,1.975106309354305,1.5538892097771166,2.197348173080135,173.57911139595515,173.57911139595515,greedy,2.197348173080135,0.0,hard_fault_cluster,,False
71,N3799,control0,0.07192519307136536,2.334764557480812,1.204247212409973,0.7027116817235947,1.5175969623625278,2.3356652764913686,2.334764557480812,2.334764557480812,0.7155297368030039,0.0012588142242434,3,3,1,0.0,0.18469923165804636,2,2,1,0.0,0.07192519307136536,0.2642943263053894,3.1320800110697746,2.2421127915382386,0.0026429432630538942,0.07403513789176941,-0.002691973000764847,0.24365726113319397,0.7555642127990723,-0.1693587750196457,-0.14355456829071045,-0.19516298174858093,-0.002691973000764847,1.867027505338192,0.009864337742328644,0.10703115165233612,-0.009453728795051575,28354.5625,11806.0439453125,16548.51953125,28326.1796875,11785.1923828125,16540.986328125,0.0010009963298216462,0.0017661768943071365,0.00045521915308199823,0.10009963298216462,1.248036127537489,1.9293182069063186,1.0518343625590205,1.942202895283699,2.0900969758629797,1.649917299002409,2.3356652764913686,175.91477667244652,175.91477667244652,greedy,2.3356652764913686,0.0,hard_fault_cluster,,False
72,N3792,control0,0.07526423037052155,2.3884982371330263,1.2581699073314667,0.6845879149436951,1.5525238541364672,2.3893433244608038,2.3884982371330263,2.3884982371330263,0.714633470448413,0.0011825465259096618,3,3,1,0.0,0.18503636838286389,2,2,1,0.0,0.07526423037052155,0.2650512456893921,3.0525041624903677,2.159808909893036,0.002650512456893921,0.0722317099571228,-0.0011652018874883652,0.24775280058383942,0.7605409622192383,-0.168155699968338,-0.14136773347854614,-0.19494366645812988,-0.0011652018874883652,1.8404722711443902,0.009488191455602646,0.1069863885641098,-0.009727895259857178,28326.123046875,11785.162109375,16540.9609375,28302.984375,11769.05078125,16533.93359375,0.0008168668719008565,0.0013670858461409807,0.0004248449404258281,0.08168668719008565,1.2127051893621683,2.148925572037697,1.0147906565107405,2.17186586201191,2.1224108412861824,1.684865753054619,2.3893433244608038,178.30411999690733,178.30411999690733,greedy,2.3893433244608038,0.0,hard_fault_cluster,,False
73,N3785,control0,0.07751266658306122,2.5303502289950845,1.348810714483261,0.6942018564045429,1.644727648846805,2.5311468995066955,2.5303502289950845,2.5303502289950845,0.7171399404694132,0.0011108996538242307,3,3,1,0.0,0.1876072306093084,2,2,1,0.0,0.07751266658306122,0.2651582360267639,3.299430598318577,2.3780591428279876,0.002651582360267639,0.06957277655601501,-0.00042611733078956604,0.2470666617155075,0.7533299922943115,-0.16720764338970184,-0.13918760418891907,-0.19522768259048462,-0.00042611733078956604,1.539093763232231,0.009035296738147736,0.10596595704555511,-0.009889140725135803,28302.931640625,11769.021484375,16533.91015625,28282.880859375,11756.244140625,16526.63671875,0.0007084347889758646,0.0010856760200113058,0.00043991030543111265,0.07084347889758646,1.168261792510748,2.160007926225662,0.9697127034887671,2.131497653722763,2.3090272635221485,1.787389251664281,2.5311468995066955,180.83526689641403,180.83526689641403,greedy,2.5311468995066955,0.0,hard_fault_cluster,,False
74,N3722,control0,0.07340847700834274,2.782015570700169,1.7490870594978332,0.777735968530178,1.8083101209551098,2.782741200880504,2.782015570700169,2.782015570700169,0.6953187027568226,0.0010435936462774504,3,3,1,0.0,0.18915059084084235,2,2,1,0.0,0.07340847700834274,0.2650594711303711,3.9250649213790894,3.100182318687439,0.002650594711303711,0.06706681847572327,-0.00014768913388252258,0.24235346913337708,0.7420603036880493,-0.1683606281876564,-0.14115335047245026,-0.19556790590286255,-0.00014768913388252258,1.8308736902475355,0.00856102630496025,0.1046164333820343,-0.010049648582935333,28282.90625,11756.263671875,16526.642578125,28265.07421875,11744.716796875,16520.357421875,0.0006304879207164049,0.0009821892017498612,0.00038030449650250375,0.06304879207164049,1.1210144124925137,2.0456172013282776,0.9223305759951472,2.025126626491547,2.6425503611564634,2.248209890052676,2.782741200880504,183.61800809729453,183.61800809729453,greedy,2.782741200880504,0.0,hard_fault_cluster,,False
75,N7881,control1,0.0902935191988945,2.332959924340248,3.2539296388626093,0.29503206551074984,1.5164239508211614,2.3325255994555305,2.332959924340248,2.332959924340248,-0.4430234266002613,0.0009803655035821829,3,2,1,0.0,0.08791747285469165,2,1,1,0.0,0.0902935191988945,0.24778039753437042,1.1715389761328696,0.6699126243591308,0.002477803975343704,0.07595193386077881,-0.0020005200058221817,0.3024708330631256,0.4228467345237732,-0.2620904743671417,-0.3191474378108978,-0.20503351092338562,-0.0020005200058221817,1.0349398636817932,0.009154677391052246,0.09782283008098602,-0.009171128273010254,28264.47265625,11744.1064453125,16520.3671875,28261.6875,11761.32421875,16500.36328125,9.853911615209654e-05,-0.0014660777524113655,0.001210863352753222,0.009853911615209654,1.1612476166337729,2.975197634100914,0.9769127084873617,2.9884867995977404,1.7425524145364761,2.5079481890797615,2.3325255994555305,185.95053369675006,185.95053369675006,greedy,2.3325255994555305,0.0,hard_fault_cluster,,False
76,N7887,control1,0.1655300259590149,3.4306680945307018,4.069472670555115,0.32631114788353444,2.2299342614449564,3.4302582559545263,3.4306680945307018,3.4306680945307018,-0.4450084094100895,0.0009209681603968141,3,2,1,0.0,0.04176693314220133,2,1,1,0.0,0.1655300259590149,0.23732303082942963,1.3739568243175744,0.6871241867542267,0.0023732303082942964,0.07763868570327759,-0.001704242080450058,0.28502410650253296,0.34832167625427246,-0.2657729685306549,-0.32468903064727783,-0.20685690641403198,-0.001704242080450058,1.09027998149395,0.010944433510303497,0.09312652051448822,-0.008255518972873688,28261.7265625,11761.345703125,16500.380859375,28298.3515625,11809.21484375,16489.13671875,-0.001295922207646072,-0.004070039372891188,0.0006814473308622837,-0.1295922207646072,1.3300621397793293,4.51548646569252,1.1533480482175946,4.422948538064957,2.4711376905441282,3.058975787013769,3.4302582559545263,189.38079195270458,189.38079195270458,greedy,3.4302582559545263,0.0,hard_fault_cluster,,False
77,N4585,control0,0.08635541051626205,3.5837315769493583,2.309169054031372,0.8465114380419255,2.3294255250170828,3.5838764873972426,3.5837315769493583,3.5837315769493583,0.1674937043920534,0.0008651695203120635,3,3,1,0.0,0.05206957383899227,2,2,1,0.0,0.08635541051626205,0.24529169499874115,4.326750136911868,3.38806676864624,0.0024529169499874115,0.06473511457443237,0.005372518673539162,0.18394073843955994,0.5697238445281982,-0.19811590015888214,-0.18684083223342896,-0.20939096808433533,0.005372518673539162,1.513627591729164,0.010026320815086365,0.09558556973934174,-0.008609332144260406,28298.875,11809.826171875,16489.048828125,28396.33984375,11855.3291015625,16541.01171875,-0.0034441242460161448,-0.003852972062304616,-0.003151357639580965,-0.3444124246016145,1.2532962951809168,2.857980489730835,1.0652981349267066,2.839345359802246,3.2206261545419688,2.5976139581575985,3.5838764873972426,192.96466844010183,192.96466844010183,greedy,3.5838764873972426,0.0,hard_fault_cluster,,False
78,N7890,control1,0.17972320318222046,2.5592748664319513,3.3973908662796015,0.321673297137022,1.6635286631807684,2.5589921176647894,2.5592748664319513,2.5592748664319513,-0.34789077613507424,0.0008127515489292211,3,2,1,0.0,0.04294581961045468,2,1,1,0.0,0.17972320318222046,0.23374681174755096,1.2493271385133267,0.6744907677173614,0.0023374681174755095,0.06988325715065002,0.005914328619837761,0.2760160267353058,0.312860369682312,-0.2680100053548813,-0.33378759026527405,-0.20223242044448853,0.005914328619837761,0.9789734584093094,0.011427920311689377,0.09076415002346039,-0.0075729042291641235,28395.75,11854.6328125,16541.1171875,28348.3046875,11844.6708984375,16503.6328125,0.001670859637670219,0.0008403393439948559,0.002266133204102516,0.1670859637670219,1.3824531715363264,3.587148967385292,1.2027073162607849,3.881967297196388,2.0614606350660325,2.7875745369493963,2.5589921176647894,195.52366055776662,195.52366055776662,greedy,2.5589921176647894,0.0,hard_fault_cluster,,False
79,N4578,control0,0.15490950644016266,3.5935105557739737,2.176921033859253,0.803068204075098,2.335781861253083,3.5936273616948187,3.5935105557739737,3.5935105557739737,0.15298556572662708,0.0007635094218859962,3,3,1,0.0,0.04714414240165742,2,2,1,0.0,0.15490950644016266,0.24146370589733124,4.061989618837833,2.8940908968448635,0.002414637058973312,0.057589203119277954,0.015603544190526009,0.199345201253891,0.5546698570251465,-0.19746828824281693,-0.18507926166057587,-0.20985731482505798,0.015603544190526009,2.040547013878822,0.010462898761034012,0.09248863160610199,-0.007893502712249756,28348.8671875,11845.3544921875,16503.51171875,28399.22265625,11869.75,16529.47265625,-0.001776278018951416,-0.002059499965980649,-0.0015730554005131125,-0.1776278018951416,1.3033571261912584,3.4562294590473175,1.1105566886253655,3.2742780554294586,3.190638849139213,2.414652682319283,3.5936273616948187,199.11728791946143,199.11728791946143,greedy,3.5936273616948187,0.0,hard_fault_cluster,,False
80,N4564,control0,0.13425666093826294,2.9888437896966935,1.7835598826408385,0.7725379794836044,1.942748463302851,2.989003026185092,2.9888437896966935,2.9888437896966935,0.22200951906969915,0.0007172507245008699,1,3,0,0.0,0.07170198206805739,0,2,0,0.0,0.13425666093826294,0.24511127173900604,3.76454630792141,2.7465442240238187,0.0024511127173900606,0.051509469747543335,0.019503863528370857,0.19778190553188324,0.5851011276245117,-0.19096967577934265,-0.18126648664474487,-0.20067286491394043,0.019503863528370857,1.941388140320778,0.00976560264825821,0.09368899464607239,-0.008404232561588287,28399.185546875,11869.732421875,16529.453125,28360.16796875,11833.7578125,16526.41015625,0.001373897772282362,0.0030307851266115904,0.00018409373296890408,0.1373897772282362,1.2411754000931978,2.7630173909664153,1.0427140486426651,2.80246817946434,2.82257761657238,2.21890461422503,2.989003026185092,202.10629094564652,202.10629094564652,greedy,2.989003026185092,0.0,hard_fault_cluster,,False
81,N3897,control0,0.2596805989742279,2.938080562800169,1.8780654191970825,0.7118196327984333,1.9097523658201099,2.938225501519644,2.938080562800169,2.938080562800169,0.2151081323357727,0.0006737946999085467,1,3,0,0.0,0.07283164878680873,0,2,0,0.0,0.2596805989742279,0.24647708237171173,3.5076639756560324,2.499985533952713,0.0024647708237171173,0.046903908252716064,0.02251572720706463,0.19148588180541992,0.6225612163543701,-0.16652287542819977,-0.1443500816822052,-0.18869566917419434,0.02251572720706463,1.7430234777927396,0.009629953652620316,0.0911853164434433,-0.00739818811416626,28360.09765625,11833.71875,16526.37890625,28284.025390625,11814.04296875,16469.982421875,0.0026823696680366993,0.001662687980569899,0.0034125130623579025,0.26823696680366993,1.231988174840808,3.1908831572532654,1.0302435676567256,3.049708626270294,2.7823286652565002,2.1983178900927305,2.938225501519644,205.04451644716616,205.04451644716616,greedy,2.938225501519644,0.0,hard_fault_cluster,,False
82,N3904,control0,0.30601903796195984,3.0408219826966523,2.1399962306022644,0.645212107077241,1.976534288752824,3.0409350894503904,3.0408219826966523,3.0408219826966523,0.17869168848702974,0.0006329715427485748,1,3,0,0.0,0.06141075377583916,0,2,0,0.0,0.30601903796195984,0.24646766483783722,3.266004317253828,2.338630920648575,0.002464676648378372,0.04176211357116699,0.023713110014796257,0.18940113484859467,0.5988786220550537,-0.1700766161084175,-0.15123452246189117,-0.18891870975494385,0.023713110014796257,1.7084136110544206,0.008926458656787872,0.08691029250621796,-0.007132075726985931,28284.04296875,11814.0625,16469.98046875,28210.73046875,11786.59765625,16424.1328125,0.0025920092593878508,0.0023247585631906986,0.0027837103698402643,0.2592009259387851,1.1628266405314207,2.556351885795593,0.9601910593919456,2.487193486690521,2.771387389302254,2.2471216674149037,3.0409350894503904,208.08545153661655,208.08545153661655,greedy,3.0409350894503904,0.0,hard_fault_cluster,,False
83,N3841,control0,0.3268984854221344,2.654652590230107,2.073934864997864,0.48258371450006954,1.7255241836495696,2.654728796346039,2.654652590230107,2.654652590230107,0.12815898135455586,0.0005946217356472094,3,3,1,0.0,0.026075541269389244,2,2,1,0.0,0.3268984854221344,0.24521063268184662,2.493695589154959,1.828523528575897,0.0024521063268184663,0.036784857511520386,0.025210337713360786,0.17639651894569397,0.5680495500564575,-0.17363684624433517,-0.15974485874176025,-0.1875288337469101,0.025210337713360786,1.4166966009140014,0.008007049560546875,0.08281637728214264,-0.007037043571472168,28210.767578125,11786.626953125,16424.140625,28123.78515625,11743.48828125,16380.296875,0.0030833056662231684,0.003659967565909028,0.0026694699190557003,0.30833056662231684,1.071125926449895,2.1587985146045683,0.8683101986534894,2.0713401544094086,2.3311848521232603,2.054282050952315,2.654728796346039,210.74018033296258,210.74018033296258,greedy,2.654728796346039,0.0,hard_fault_cluster,,False
84,N4557,control0,0.26440897583961487,2.4758796946331856,1.6853654623031615,0.5881715145334602,1.6093218015115707,2.4759749722078856,2.4758796946331856,2.4758796946331856,0.17056633528038465,0.0005585954258998099,3,3,1,0.0,0.04904032732648354,2,2,1,0.0,0.26440897583961487,0.24458397924900055,2.952199665084481,2.2698829293251035,0.0024458397924900055,0.034829914569854736,0.02463141269981861,0.1735796481370926,0.5476594567298889,-0.1910642758011818,-0.18553782999515533,-0.19659072160720825,0.02463141269981861,1.3921592682600021,0.007205050438642502,0.08287325501441956,-0.00834779441356659,28123.857421875,11743.533203125,16380.32421875,28040.62890625,11672.775390625,16367.8525390625,0.0029593564104288816,0.006025257520377636,0.0007613817579112947,0.29593564104288816,0.9897204358130693,2.35407990694046,0.787808891851455,2.2900828289985657,2.438866376876831,2.0461426796764135,2.4759749722078856,213.21615530517047,213.21615530517047,greedy,2.4759749722078856,0.0,hard_fault_cluster,,False
85,N4606,control0,0.23200656473636627,2.710710619017482,1.7654128193855283,0.7369171578437089,1.7619619023613633,2.7108344415689376,2.710710619017482,2.710710619017482,0.23596401581924764,0.0005247518399181385,3,3,1,0.0,0.07535833157924926,2,2,1,0.0,0.23200656473636627,0.24437923729419708,3.8207849852740763,3.0160313248634334,0.002443792372941971,0.03270074725151062,0.026500286534428596,0.16748341917991638,0.5567271709442139,-0.18883853405714035,-0.18599487841129303,-0.19168218970298767,0.026500286534428596,1.4725788819789885,0.006843980401754379,0.08408674597740173,-0.008857935667037964,28040.650390625,11672.7978515625,16367.8525390625,27975.380859375,11622.6796875,16352.701171875,0.0023276754654943943,0.004293586127460003,0.0009256783523596823,0.23276754654943943,0.9552775640040636,1.9977826845645907,0.7521179211325943,1.9017228019237518,2.751518666744232,2.2808331410586833,2.7108344415689376,215.92698974673942,215.92698974673942,greedy,2.7108344415689376,0.0,hard_fault_cluster,,False
86,N1539,control0,0.16978204250335693,2.6776942521333695,1.6822959899902343,0.7248320311307906,1.7405012638866904,2.6778909731526674,2.6776942521333695,2.6776942521333695,0.3990618404084817,0.0004929587331545053,3,3,1,0.0,0.11828510052652844,2,2,1,0.0,0.16978204250335693,0.2446301430463791,3.714462387561798,3.129074501991272,0.002446301430463791,0.03533172607421875,0.03266380727291107,0.160206601023674,0.6331249475479126,-0.1897432804107666,-0.20070995390415192,-0.1787766069173813,0.03266380727291107,1.5673614132404328,0.006775818765163422,0.09301172196865082,-0.009800389409065247,27974.681640625,11620.7783203125,16353.9033203125,27953.48828125,11568.2060546875,16385.283203125,0.0007575907511636615,0.004523988347500563,-0.001918800757266581,0.07575907511636615,0.9548758268356323,1.8870199048519136,0.7469053640961647,1.8688123190402985,2.6646996319293974,2.2534984163194896,2.6778909731526674,218.6048807198921,218.6048807198921,greedy,2.6778909731526674,0.0,hard_fault_cluster,,False
87,N519,control1,0.25721779465675354,3.3078823607880623,3.707558178901672,0.544286628672853,2.1501235345122405,3.3078823607880623,3.3078823607880623,3.3078823607880623,0.0,0.0004630918733533246,3,2,1,0.0,0.20914733974028746,2,1,1,0.0,0.25721779465675354,0.24177055060863495,3.0105259559117257,2.829568076133728,0.0024177055060863495,0.027728289365768433,0.030869031324982643,0.2772442400455475,0.5420123338699341,-0.21965406835079193,-0.2853599786758423,-0.15394815802574158,0.030869031324982643,1.421410630941391,0.006911583244800568,0.08405973017215729,-0.007747121155261993,27955.71875,11568.98046875,16386.73828125,28119.921875,11718.236328125,16401.685546875,-0.005873686168342829,-0.012901384383440018,-0.0009121562470681965,-0.5873686168342829,0.9637979064136744,2.9252459049224853,0.7593182199634612,2.776087617874145,2.84336296916008,3.202074989527464,3.3078823607880623,221.91276308068015,221.91276308068015,greedy,3.3078823607880623,0.0,hard_fault_cluster,,False
88,N7722,control0,0.15430742502212524,2.095545543581247,1.3814077854156492,0.5953998933732509,1.3621046033278106,2.095733386201138,2.095545543581247,2.095545543581247,0.43178781474641953,0.0004350345551108769,3,3,1,0.0,0.13442032427348474,2,2,1,0.0,0.15430742502212524,0.24001558125019073,2.876517526805401,2.409821617603302,0.0024001558125019075,0.03129678964614868,0.032755717635154724,0.13198713958263397,0.6350690126419067,-0.18667340278625488,-0.1983891725540161,-0.17495763301849365,0.032755717635154724,1.4860409146547315,0.006769288331270218,0.09193159639835358,-0.00991426408290863,28116.55078125,11717.78125,16398.76953125,28057.9609375,11624.701171875,16433.259765625,0.0020838205236941576,0.007943489588797092,-0.0021032209042459726,0.20838205236941576,0.9497001320123672,2.3519162333011625,0.7451216578483582,2.357567111253738,2.2260030031204225,1.9221148550696672,2.095733386201138,224.0084964668813,224.0084964668813,greedy,2.095733386201138,0.0,hard_fault_cluster,,False
89,N7724,control0,0.029957342892885208,2.003516777828336,1.240822970867157,0.5157085537165405,1.3022859055884184,2.003712803137119,2.003516777828336,2.003516777828336,0.47965811578891865,0.00040867714384640666,3,3,1,0.0,0.14429181400340485,2,2,1,0.0,0.029957342892885208,0.23761902749538422,2.5632060088217257,2.068976235389709,0.002376190274953842,0.03478062152862549,0.032834142446517944,0.13832078874111176,0.6610970497131348,-0.18049923330545425,-0.19358210265636444,-0.16741636395454407,0.032834142446517944,1.3421079534292222,0.0069158077239990234,0.09717094898223877,-0.010755330324172974,28057.96484375,11624.70703125,16433.2578125,28088.296875,11614.2001953125,16474.095703125,-0.0010810488602146506,0.0009038366260938346,-0.002485075732693076,-0.10810488602146506,0.9620339423418045,1.8334308457374573,0.7591940648853779,1.8372969818115235,1.9480125069618224,1.6223323038220405,2.003712803137119,226.01220927001842,226.01220927001842,greedy,2.003712803137119,0.0,hard_fault_cluster,,False
90,N504,control1,0.1501382738351822,2.5582896425016224,1.8213874459266661,0.4836345415748656,1.6628882676260546,2.5582896425016224,2.5582896425016224,2.5582896425016224,0.0,0.00038391664740261637,3,2,1,0.0,0.12390923904512884,2,1,1,0.0,0.1501382738351822,0.23572219908237457,2.6809819808229802,2.248432672023773,0.0023572219908237456,0.025160104036331177,0.031490765511989594,0.26190444827079773,0.5613619089126587,-0.21443495154380798,-0.2839372158050537,-0.14493268728256226,0.031490765511989594,1.2642290127277374,0.0072617195546627045,0.08660906553268433,-0.008001871407032013,28092.20703125,11614.0859375,16478.12109375,28217.21875,11755.0546875,16462.1640625,-0.004450049716979265,-0.012137739919126034,0.0009683768730610609,-0.4450049716979265,0.9933849200606346,1.8836698269844054,0.7929751966148615,1.8993052816390992,2.2724887281656265,1.9086816459707916,2.5582896425016224,228.57049891252004,228.57049891252004,greedy,2.5582896425016224,0.0,hard_fault_cluster,,False
91,N7891,control1,0.16717644035816193,1.973707143543288,1.5724073052406309,0.23226169063709676,1.2829096433031373,1.9734227480931852,1.973707143543288,1.973707143543288,-0.7885497615802544,0.0003606563136015731,3,2,1,0.0,-0.07237978413559991,2,1,1,0.0,0.16717644035816193,0.22154931724071503,1.1524086429085583,0.7349193811416626,0.0022154931724071504,0.03585293889045715,0.027010420337319374,0.2447456270456314,0.32039692997932434,-0.2710988521575928,-0.35806214809417725,-0.1841355562210083,0.027010420337319374,1.038440557718277,0.009262323379516602,0.08196863532066345,-0.008679762482643127,28213.35546875,11755.3603515625,16457.99609375,28106.240234375,11682.85546875,16423.384765625,0.003796614473685622,0.00616781460121274,0.0021030099596828222,0.3796614473685622,1.1747920755296946,1.9846111178398134,0.9883722723461688,2.0397812604904177,1.6590984404087068,1.5107792308926582,1.9734227480931852,230.54392166061322,230.54392166061322,greedy,1.9734227480931852,0.0,hard_fault_cluster,,False
92,N2079,observe,0.06829531490802765,2.340729421526194,2.564484202861786,0.9711404357850552,1.5214741239920262,2.3408042741221773,2.340729421526194,2.340729421526194,0.22093103781867426,0.0003388052521834712,3,2,1,0.0,0.5824171549552264,2,1,1,0.0,0.06829531490802765,0.23270286619663239,5.406154210865498,5.999999999999999,0.002327028661966324,0.037829190492630005,0.02094915695488453,0.5317589044570923,0.4756721556186676,-0.21653389930725098,-0.1975339949131012,-0.23553380370140076,0.02094915695488453,1.144904485940933,0.008232615888118744,0.09269465506076813,-0.010772906243801117,28107.244140625,11683.548828125,16423.6953125,28245.61328125,11727.16796875,16518.4453125,-0.004922899417579174,-0.003733381163328886,-0.005769103765487671,-0.4922899417579174,1.0769136119633913,1.9981526428461072,0.8866745945997536,1.9693951779603955,3.1583655595779416,4.104958544969559,2.3408042741221773,232.8847259347354,232.8847259347354,greedy,2.3408042741221773,0.0,hard_fault_cluster,,False
93,N722,observe,0.27887067198753357,3.6280518531799313,3.79706072807312,0.67480149269104,2.3582337045669552,3.6281988848778055,3.6280518531799313,3.6280518531799313,0.46195986238065284,0.0003182780796509667,3,2,1,0.0,1.0,2,1,1,0.0,0.27887067198753357,0.23845137655735016,4.2325708955526355,4.831316041946411,0.0023845137655735017,0.036397308111190796,0.01354982890188694,0.5026617050170898,0.9946002960205078,-0.25215350091457367,-0.2734498381614685,-0.23085716366767883,0.01354982890188694,0.48707978785038,0.011279348284006119,0.09805560111999512,-0.008959919214248657,28245.58203125,11726.38671875,16519.1953125,28286.806640625,11783.66015625,16503.146484375,-0.0014595064567402005,-0.004884150344878435,0.0009715260239318013,-0.14595064567402005,1.379936033859849,2.397493435740471,1.1909351297654212,2.291934241652489,3.398634168505669,4.222005534619093,3.6281988848778055,236.5129248196132,236.5129248196132,greedy,3.6281988848778055,0.0,hard_fault_cluster,,False
94,N3681,control0,0.1408120095729828,4.409314242601395,2.820602262020111,0.8190680038928986,2.866054257690907,4.409425277930294,4.409314242601395,4.409314242601395,0.3713623397701781,0.00029899458563130605,3,3,1,0.0,0.1873604680331363,2,2,1,0.0,0.1408120095729828,0.22615934908390045,4.37812506556511,2.991103619337082,0.0022615934908390045,0.021351128816604614,0.013203104957938194,0.15016689896583557,0.6197072267532349,-0.1655225083231926,-0.1576930582523346,-0.1733519583940506,0.013203104957938194,1.5698962342739105,0.009073253720998764,0.08382204174995422,-0.008206196129322052,28281.58984375,11773.5009765625,16508.08984375,28275.35546875,11762.0302734375,16513.32421875,0.00022043933859094977,0.0009742813999764621,-0.00031707939342595637,0.022043933859094977,1.146687826141715,4.6477203464508055,0.9671659856103361,4.638076410293579,3.9974043726921082,3.082588913887739,4.409425277930294,240.9223500975435,240.9223500975435,greedy,4.409425277930294,0.0,hard_fault_cluster,,False
95,N7846,control0,0.4868071377277374,5.422988797649742,3.3795920848846435,1.2198841082304717,3.5249427184723325,5.423023752799889,5.422988797649742,5.422988797649742,0.12444895469709748,0.0002808794194525513,3,3,1,0.0,-0.09766444513595013,2,2,1,0.0,0.4868071377277374,0.233446404337883,6.36014698818326,4.496700990200042,0.00233446404337883,0.04081648588180542,0.015370244160294533,0.23390893638134003,0.3970424234867096,-0.1910574957728386,-0.19144673645496368,-0.1906682550907135,0.015370244160294533,2.0924990260601044,0.012426521629095078,0.08836689591407776,-0.007498443126678467,28279.66796875,11772.6962890625,16506.97265625,27912.4375,11565.9638671875,16346.474609375,0.012985670939087868,0.017560329288244247,0.009723045863211155,1.2985670939087868,1.4914688114076853,4.165139507055283,1.3048563250340521,3.928897403478622,5.1712113380432125,3.9604077014327044,5.423023752799889,246.34537385034338,246.34537385034338,greedy,5.423023752799889,0.0,hard_fault_cluster,,False
96,N4520,control0,0.3065963089466095,4.63743761882186,2.4363113701343537,1.1528422059118748,3.014334452234209,4.637503326523801,4.63743761882186,4.63743761882186,0.24902317428767215,0.00026386179570919217,3,3,1,0.0,0.061422578383757816,2,2,1,0.0,0.3065963089466095,0.2334798127412796,6.058565361797809,4.4088155865669245,0.002334798127412796,0.02849733829498291,0.032132863998413086,0.192011296749115,0.593488335609436,-0.20102207362651825,-0.21906644105911255,-0.18297770619392395,0.032132863998413086,2.151306404471397,0.00997866690158844,0.08833536505699158,-0.008188724517822266,27913.244140625,11566.59765625,16346.646484375,28057.529296875,11654.96484375,16402.564453125,-0.005169057287275791,-0.0076398602686822414,-0.003420760855078697,-0.5169057287275791,1.2634793668985367,3.2149002361297607,1.0642698593437672,3.304732780456543,4.382795748114585,3.0993442851305004,4.637503326523801,250.9828771768672,250.9828771768672,greedy,4.637503326523801,0.0,hard_fault_cluster,,False
97,N7408,control0,0.21348920464515686,3.9389214048534633,3.5218843698501585,1.1504006817191839,2.5602989131547513,3.939036656386913,3.9389214048534633,3.9389214048534633,0.46495787087750384,0.00024787521766663585,3,3,1,0.0,0.14895695037938034,2,2,1,0.0,0.21348920464515686,0.23384909331798553,5.941377020627261,5.999999999999999,0.0023384909331798554,0.029936164617538452,0.03631751239299774,0.17606963217258453,0.6149368286132812,-0.1937893107533455,-0.21028900146484375,-0.17728962004184723,0.03631751239299774,2.0244207352399823,0.009968310594558716,0.09284740686416626,-0.00853506475687027,28057.1953125,11654.595703125,16402.599609375,28024.810546875,11615.291015625,16409.51953125,0.0011542410356923938,0.0033724624663591385,-0.00042187958024442196,0.11542410356923938,1.2669976651668549,3.6903652036190033,1.0643727108836174,3.554910858869553,4.040291061997413,4.636664496511221,3.939036656386913,254.9219138332541,254.9219138332541,greedy,3.939036656386913,0.0,hard_fault_cluster,,False
98,N7541,control0,0.10446849465370178,3.218213006928563,3.197601163387298,0.950164379402995,2.091838454503566,3.2183730651360665,3.218213006928563,3.218213006928563,0.68736631517932,0.0002328572174237714,3,3,1,0.0,0.21578235876280463,2,2,1,0.0,0.10446849465370178,0.23296578228473663,4.471193993836641,4.684903144836426,0.0023296578228473664,0.029419898986816406,0.04040811210870743,0.1680431067943573,0.6243330240249634,-0.18885202705860138,-0.20914161205291748,-0.16856244206428528,0.04040811210870743,1.8763862454891203,0.009631715714931488,0.09608902037143707,-0.009049758315086365,28024.501953125,11615.189453125,16409.3125,28020.27734375,11595.9765625,16424.30078125,0.00015074698603712022,0.0016541177174076438,-0.0009134009014815092,0.015074698603712022,1.2365454658865929,6.22190282702446,1.0315150450915098,6.22190282702446,3.7499579191207886,4.537472647428512,3.2183730651360665,258.1402868983902,258.1402868983902,greedy,3.2183730651360665,0.0,hard_fault_cluster,,False
99,N7723,control0,-0.015040184371173382,3.27682319611311,3.055325126647949,1.1538345673680306,2.1299350774735215,3.2769478483408627,3.27682319611311,3.27682319611311,0.5698410691434339,0.00021874911181828853,3,3,1,0.0,0.1956342204787981,2,2,1,0.0,-0.015040184371173382,0.23208500444889069,5.486228397488594,5.51476526260376,0.0023208500444889067,0.028244704008102417,0.04258134961128235,0.16097857058048248,0.6328468322753906,-0.18665727972984314,-0.21058398485183716,-0.16273057460784912,0.04258134961128235,1.944511262178421,0.009159635752439499,0.09889352321624756,-0.009689122438430786,28019.548828125,11595.16796875,16424.380859375,28044.6015625,11592.73046875,16451.87109375,-0.0008941162377595901,0.00021021688007749617,-0.0016737455734983087,-0.08941162377595901,1.190629929304123,6.217164332866669,0.9846301637589931,6.217164332866669,4.233169841766357,4.851560397148132,3.2769478483408627,261.417234746731,261.417234746731,greedy,3.2769478483408627,0.0,hard_fault_cluster,,False
100,N516,control1,0.26124972105026245,5.027270044116303,3.055451393127441,1.2205231980700046,3.267725528675597,5.027393902375286,5.027270044116303,5.027270044116303,0.6027289861061467,0.0002054957731209459,3,2,1,0.0,0.40009755455115503,2,1,1,0.0,0.26124972105026245,0.23893116414546967,6.2979431430809205,4.6434879183769215,0.0023893116414546965,0.022065013647079468,0.03796527534723282,0.3087766468524933,0.6073192358016968,-0.21009431034326553,-0.28724586963653564,-0.13294275104999542,0.03796527534723282,1.9906696438789364,0.01139909029006958,0.09394414722919464,-0.007458403706550598,28051.46875,11594.59765625,16456.87109375,28100.3984375,11704.236328125,16396.162109375,-0.001744282548315823,-0.009456013329327106,0.003688975004479289,-0.1744282548315823,1.4168054684996605,6.441118613481521,1.2091331388801336,6.441118613481521,5.076682662963867,3.869597843214869,5.027393902375286,266.44462864910633,266.44462864910633,greedy,5.027393902375286,0.0,hard_fault_cluster,,False
101,N520,control1,0.18242128193378448,3.846763241589069,2.7662650704383847,0.5635049095749854,2.500396107032895,3.8468052968750146,3.846763241589069,3.846763241589069,0.2178517746505779,0.00019304541362277094,3,2,1,0.0,0.12615554900721565,2,1,1,0.0,0.18242128193378448,0.22676019370555878,2.795307017713785,1.639762783050537,0.002267601937055588,0.01321709156036377,0.037811681628227234,0.2436041235923767,0.4488070607185364,-0.22136174142360687,-0.3008962869644165,-0.14182719588279724,0.037811681628227234,1.4885086610913276,0.008948400616645813,0.0798003077507019,-0.006874293088912964,28094.5859375,11701.6845703125,16392.90234375,28203.2421875,11775.1787109375,16428.0625,-0.0038675155956298113,-0.006280646193772554,-0.0021448403131216764,-0.38675155956298113,1.1594119369983673,6.361952227950097,0.9609830304980278,6.361952227950097,3.3917509749531747,2.5537849833257495,3.8468052968750146,270.29143394598134,270.29143394598134,greedy,3.8468052968750146,0.0,hard_fault_cluster,,False
102,N7725,control0,0.06122935935854912,3.537664596252143,3.3996909856796265,0.9740824796631932,2.299481987563893,3.537844699244039,3.537664596252143,3.537664596252143,0.993127126460772,0.00018134938327346153,3,3,1,0.0,0.20306115035542113,2,2,1,0.0,0.06122935935854912,0.22593660652637482,4.74739479534328,4.900405740737915,0.002259366065263748,0.018498271703720093,0.03934787958860397,0.09108039736747742,0.5568670034408569,-0.18432305753231049,-0.20677807927131653,-0.16186803579330444,0.03934787958860397,1.7945007848739623,0.008470602333545685,0.08852286636829376,-0.0092836394906044,28200.94140625,11775.5341796875,16425.408203125,28105.4140625,11657.646484375,16447.767578125,0.003387381322681904,0.010011239908635616,-0.0013612675247713923,0.3387381322681904,1.1123447194695473,6.24628223657608,0.9133813548833132,6.24628223657608,3.965961909294128,4.677875241041183,3.537844699244039,273.8292786452254,273.8292786452254,greedy,3.537844699244039,0.0,hard_fault_cluster,,False
103,N7875,control1,-0.06778551638126373,4.5624938277155165,2.6017990350723266,0.9497843629866839,2.9656209880150857,4.5624938277155165,4.5624938277155165,4.5624938277155165,0.0,0.0001703619795802574,3,2,1,0.0,0.0,2,1,1,0.0,-0.06778551638126373,0.22592441737651825,5.221573402732611,3.83125547170639,0.0022592441737651825,0.009555399417877197,0.04191283881664276,0.14562290906906128,0.4595327079296112,-0.24882806092500687,-0.36267226934432983,-0.1349838525056839,0.04191283881664276,1.8114763981103896,0.00710020586848259,0.0857926458120346,-0.009292319416999817,28106.25390625,11658.4169921875,16447.837890625,28202.232421875,11719.427734375,16482.8046875,-0.003414845559746027,-0.005233192816376686,-0.002125920495018363,-0.3414845559746027,0.97785784304142,3.33521298289299,0.7769799008965492,3.0273548257350917,4.139077243208885,2.9477666911110285,4.5624938277155165,278.3917724729409,278.3917724729409,greedy,4.5624938277155165,0.0,hard_fault_cluster,,False
104,N7587,control1,-0.04637211188673973,3.9292436744098085,2.442464113235473,0.6710174002184067,2.5540083883663756,3.92921633422361,3.9292436744098085,3.9292436744098085,-0.17083316821000719,0.00016004026902445643,3,2,1,0.0,0.006383992613090425,2,1,1,0.0,-0.04637211188673973,0.22264660894870758,3.3651327995932663,2.194892930984497,0.0022264660894870756,0.010520875453948975,0.039220891892910004,0.032115388661623,0.48278430104255676,-0.2306118607521057,-0.334983766078949,-0.12623995542526245,0.039220891892910004,1.5914352595806123,0.007313728332519531,0.08540469408035278,-0.010046027600765228,28201.98828125,11719.2509765625,16482.73828125,28162.927734375,11712.28515625,16450.642578125,0.0013850281247869134,0.0005943912547081709,0.0019472312415018678,0.13850281247869134,0.9932403340935707,5.265103009939194,0.7968397084623575,5.330094007253647,3.586448556184769,2.654266517385841,3.92921633422361,282.3209888071645,282.3209888071645,greedy,3.92921633422361,0.0,hard_fault_cluster,,False
105,N555,control1,0.13680146634578705,6.50104120016098,4.554964506626129,0.7006625819206237,4.225676780104637,6.501064053727109,6.50104120016098,6.50104120016098,0.15200858296208009,0.00015034391929775724,3,2,1,0.0,-0.044200497307514734,2,1,1,0.0,0.13680146634578705,0.22215335071086884,4.356780877709388,2.870504283905029,0.0022215335071086883,-0.0008316934108734131,0.03507609665393829,0.18379734456539154,0.30512094497680664,-0.21771767735481262,-0.3060552477836609,-0.12938010692596436,0.03507609665393829,1.7150790768861768,0.00809028372168541,0.07847905158996582,-0.007825784385204315,28165.48046875,11712.466796875,16453.013671875,28276.7421875,11814.9990234375,16461.744140625,-0.003950286656618118,-0.008754109963774681,-0.000530630350112915,-0.39502866566181183,1.066257819533348,3.941327373087406,0.8733357340097427,3.8724084296822547,4.682200381159783,3.4467796452716,6.501064053727109,288.82205286089163,288.82205286089163,greedy,6.501064053727109,0.0,hard_fault_cluster,,False
106,N2340,observe,-0.042896296828985214,3.757237975895405,3.572756195068359,0.9525670978426933,2.442204684332013,3.7572598606494276,3.757237975895405,3.757237975895405,0.1549527210724362,0.00014123504170288816,3,2,1,0.0,-0.04462309387498545,2,1,1,0.0,-0.042896296828985214,0.22251857817173004,5.463058528304099,5.719198846817016,0.0022251857817173004,0.012673735618591309,0.007303575053811073,0.2070625126361847,0.4403858780860901,-0.1664009839296341,-0.153121218085289,-0.1796807497739792,0.007303575053811073,0.6869152128696441,0.009629461914300919,0.08938470482826233,-0.011923998594284058,28274.34765625,11814.625,16459.72265625,28358.357421875,11792.759765625,16565.59765625,-0.002971236128360033,0.0018506922060623765,-0.006432368420064449,-0.2971236128360033,1.192768344655633,5.200397706031799,1.0204017297364771,5.376629137992859,4.250800204277039,4.8630201327800755,3.7572598606494276,292.57931272154104,292.57931272154104,greedy,3.7572598606494276,0.0,hard_fault_cluster,,False
107,N556,control1,0.14061444997787476,6.765359263718128,4.555869770050048,0.8688649860024452,4.397483521416784,6.765390090870431,6.765359263718128,6.765359263718128,0.2323455455198502,0.00013267804310269915,3,2,1,0.0,0.4099585834996921,2,1,1,0.0,0.14061444997787476,0.21469156444072723,5.267164100706577,3.419356769323349,0.0021469156444072724,0.07289385795593262,0.012121172621846199,0.22500713169574738,0.6773000955581665,-0.17768464982509613,-0.24231094121932983,-0.11305835843086243,0.012121172621846199,1.8691847500205039,0.007458843290805817,0.06073719263076782,-0.004537984728813171,28360.18359375,11792.623046875,16567.560546875,28507.931640625,11929.650390625,16578.28125,-0.005209699738770723,-0.01161975134164095,-0.0006470900261774659,-0.5209699738770723,0.9726970661431551,3.844784700423479,0.802587513346225,4.143535422682762,5.215856240689755,3.6891908629983665,6.765390090870431,299.34470281241147,299.34470281241147,greedy,6.765390090870431,0.0,hard_fault_cluster,,False
108,N7370,control1,0.05159192904829979,3.4490766095370056,2.284712815284729,0.4934227236360311,2.241899796199054,3.4490766095370056,3.4490766095370056,3.4490766095370056,0.0,0.00012463948683920495,3,2,1,0.0,0.14429181400340485,2,1,1,0.0,0.05159192904829979,0.20616276562213898,2.6112198479473587,1.9263898491859435,0.0020616276562213896,0.09689560532569885,0.015145139768719673,0.10612635314464569,0.7294780015945435,-0.1837473064661026,-0.26981300115585327,-0.09768161177635193,0.015145139768719673,1.4785784870386123,0.004346832633018494,0.05102335661649704,-0.002885684370994568,28505.25390625,11929.4794921875,16575.7734375,28618.75,11962.666015625,16656.083984375,-0.003981585148721933,-0.0027818919625133276,-0.004845055751502514,-0.39815851487219334,0.655991168692708,3.182282681465149,0.49001023964956403,3.035533018112183,2.6738354176282884,2.059553722925484,3.4490766095370056,302.7937794219485,302.7937794219485,greedy,3.4490766095370056,0.0,hard_fault_cluster,,False
109,N513,control1,0.08114335685968399,4.406840532869101,2.6485085844993588,0.8437415127456188,2.8644463463649155,4.406900108396689,4.406840532869101,4.406840532869101,0.508810013691597,0.00011708796207911745,3,2,1,0.0,0.13310619495822254,2,1,1,0.0,0.08114335685968399,0.18129639327526093,4.090195591747761,2.6054375231266023,0.0018129639327526092,0.10587814450263977,0.022177329286932945,0.06126134470105171,0.7550047636032104,-0.13486012816429138,-0.20250117778778076,-0.067219078540802,0.022177329286932945,2.0343058800697325,0.0021506771445274353,0.030283264815807343,0.00022351369261741638,28623.765625,11962.6640625,16661.1015625,28539.98828125,11936.7900390625,16603.19921875,0.002926845569163561,0.0021628981921821833,0.003475300967693329,0.2926845569163561,0.4185414370149374,2.584079864025116,0.265936145093292,2.6104224944114685,3.759873181581497,2.7205524428188803,4.406900108396689,307.2006795303452,307.2006795303452,greedy,4.406900108396689,0.0,hard_fault_cluster,,False
110,N3124,control1,0.07306987792253494,3.4778418624401093,2.2551230669021605,0.5570784795284272,2.260597210586071,3.477895750901941,3.4778418624401093,3.4778418624401093,0.48992200394077473,0.00010999396107533183,3,2,1,0.0,-0.27990638915760385,2,1,1,0.0,0.07306987792253494,0.17174027860164642,2.163493669629097,1.165309017896652,0.0017174027860164642,0.10566392540931702,0.025483379140496254,-0.2329908311367035,0.8520456552505493,-0.13057918474078178,-0.19894984364509583,-0.06220852583646774,0.025483379140496254,2.6707422482967376,0.0008532032370567322,0.026366740465164185,0.0007932335138320923,28535.76171875,11937.2705078125,16598.4921875,28419.337890625,11846.765625,16572.572265625,0.00407992722466588,0.007581706624478102,0.0015615829033777118,0.407992722466588,0.2825439814478159,2.670676574707031,0.1346262381412089,2.6102546310424803,2.703281891345978,2.0383824840188027,3.477895750901941,310.67857528124716,310.67857528124716,greedy,3.477895750901941,0.0,hard_fault_cluster,,False
111,N614,control1,0.045720357447862625,4.058357965424657,2.7865027844905854,0.48753104068338865,2.637932677526027,4.058414586804179,4.058357965424657,4.058357965424657,0.5479677626794175,0.0001033297638647637,3,2,1,0.0,0.1739547862238606,2,1,1,0.0,0.045720357447862625,0.16365452110767365,2.275190631225705,1.3462996482849119,0.0016365452110767365,0.17734873294830322,0.020860182121396065,0.06096712127327919,1.0393306016921997,-0.13171098567545414,-0.2080242931842804,-0.055397678166627884,0.020860182121396065,1.4850775223970412,-0.00032968074083328247,0.013874746859073639,0.005871601402759552,28418.6328125,11846.1142578125,16572.51953125,28443.759765625,11861.482421875,16582.27734375,-0.0008841717499308288,-0.0012973168632015586,-0.0005887947627343237,-0.08841717499308288,0.15154662914574146,3.666623650789261,0.01316060172393918,4.2768047440052035,3.18793094754219,2.359951861388981,4.058414586804179,314.73698986805135,314.73698986805135,greedy,4.058414586804179,0.0,hard_fault_cluster,,False
112,N1533,control1,0.05056273564696312,4.771678867042065,2.619840377569198,1.0761744913458824,3.1015912635773426,4.771735902037469,4.771678867042065,4.771678867042065,0.5875696827396052,9.706932995199089e-05,3,2,1,0.0,0.1745878668733688,2,1,1,0.0,0.05056273564696312,0.16044019162654877,5.301392820477486,3.802254545688629,0.0016044019162654876,0.19427648186683655,0.02668275497853756,0.04984788969159126,1.0979783535003662,-0.041435375809669495,-0.05004262924194336,-0.03282812237739563,0.02668275497853756,2.64990106344223,-0.0039677694439888,-0.001635141670703888,0.007791642099618912,28442.69921875,11843.98046875,16598.71875,28651.38671875,12004.052734375,16647.333984375,-0.007337119895964861,-0.01351507380604744,-0.00292885466478765,-0.7337119895964861,-0.20965399779379368,1.5368319618701936,-0.3499962077476084,1.3939258325099946,3.802800405025482,2.685546436198056,4.771735902037469,319.5087257700888,319.5087257700888,greedy,4.771735902037469,0.0,hard_fault_cluster,,False
113,N634,control1,0.02436770126223564,3.8635109294205905,2.583394283056259,0.5365269426256418,2.5112821041233837,3.863562342558366,3.8635109294205905,3.8635109294205905,0.5638135166350189,9.118819655545162e-05,3,2,1,0.0,0.17419572062344427,2,1,1,0.0,0.02436770126223564,0.12176187336444855,1.2716705521941183,0.37449726760387414,0.0012176187336444854,0.26227661967277527,0.025321343913674355,0.08914008736610413,1.489689826965332,-0.06254688277840614,-0.10961340367794037,-0.015480361878871918,0.025321343913674355,3.8057511509209876,-0.004534296691417694,-0.023330852389335632,0.01317908987402916,28652.3125,12021.5595703125,16630.751953125,28593.056640625,11952.248046875,16640.80859375,0.0020681004971265793,0.005765601526945829,-0.0006047015194781125,0.20681004971265793,-0.3063464518636465,5.178195940256119,-0.4166588648222387,4.306515990495682,2.3552608326077467,1.7715735482424502,3.863562342558366,323.37228811264714,323.37228811264714,greedy,3.863562342558366,0.0,hard_fault_cluster,,False
114,N7872,control1,-0.02534528449177742,3.134643876105547,1.5905275285243987,0.8956337885558604,2.0375185194686054,3.1345925728999626,3.134643876105547,3.134643876105547,-0.5988930599771665,8.566338301859405e-05,3,2,1,0.0,-1.0,2,1,1,0.0,-0.02534528449177742,0.13204891979694366,4.346514354646206,3.1695253074169156,0.0013204891979694366,0.1949862539768219,0.023367563262581825,-0.16074156761169434,0.9540941715240479,-0.08658556267619133,-0.15643826127052307,-0.01673286408185959,0.023367563262581825,1.655493887066841,-0.0035649314522743225,-0.001120392233133316,0.006426852196455002,28591.583984375,11951.615234375,16639.96875,28527.748046875,11899.3984375,16628.349609375,0.002232682891190052,0.00436901580542326,0.0006982669583521783,0.2232682891190052,-0.20107666216790676,2.5304969835281375,-0.3176390244625509,2.561567478179932,3.0300547629594803,2.2183010526001454,3.1345925728999626,326.5068806855471,326.5068806855471,greedy,3.1345925728999626,0.0,hard_fault_cluster,,False
115,N7588,control1,-0.004989120177924633,5.2106172542274,3.6922094106674193,0.5414994357526303,3.38690121524781,5.210591572117555,5.2106172542274,5.2106172542274,-0.31913826725275646,8.047330101246134e-05,3,2,1,0.0,-0.6342491653703617,2,1,1,0.0,-0.004989120177924633,0.10416436195373535,1.8408133682608605,0.68528813123703,0.0010416436195373536,0.13095682859420776,0.030918987467885017,0.003998924046754837,0.7902934551239014,-0.1652783267199993,-0.24517889320850372,-0.0853777602314949,0.030918987467885017,1.9452200707793235,0.0007935762405395508,0.009355835616588593,0.00020928308367729187,28527.904296875,11899.4453125,16628.458984375,28341.57421875,11821.037109375,16520.537109375,0.006531502585858107,0.006589231546968222,0.006490190979093313,0.6531502585858107,0.21444097347557545,6.609304871559143,0.11312846140936017,6.596524682044983,4.008963850140572,2.9486414290964604,5.210591572117555,331.71747225766467,331.71747225766467,greedy,5.210591572117555,0.0,hard_fault_cluster,,False
116,N5603,observe,-0.0240902341902256,1.6616419754177332,2.73442450761795,0.29287938721477985,1.0800672840215266,1.6616768170129192,1.6616419754177332,1.6616419754177332,0.4608818645296218,7.559767017882708e-05,3,2,1,0.0,0.49574724853150587,2,1,1,0.0,-0.0240902341902256,0.11815828084945679,1.2475375557690858,2.38069828748703,0.0011815828084945678,0.20049741864204407,0.011872561648488045,0.4546886384487152,1.0957300662994385,-0.08244854584336281,-0.05884310603141785,-0.10605398565530777,0.011872561648488045,0.9576379203796386,0.0016980990767478943,0.01606752723455429,0.0033254101872444153,28342.220703125,11818.328125,16523.892578125,28489.009765625,11838.03125,16650.978515625,-0.005179165862500668,-0.0016671668272465467,-0.007691041100770235,-0.5179165862500668,0.29984075017273426,5.946126013994217,0.20231761829927564,5.1647371590137485,1.6832684874534607,3.194124516844749,1.6616768170129192,333.37914907467757,333.37914907467757,greedy,1.6616768170129192,0.0,hard_fault_cluster,,False
117,N694,observe,0.09039530158042908,4.073102543503047,4.440369677543639,0.43167188242077825,2.6475166532769805,4.0731313344793225,4.073102543503047,4.073102543503047,0.4054071327883112,7.101743888425491e-05,3,2,1,0.0,0.7466614795676214,2,1,1,0.0,0.09039530158042908,0.14216750860214233,2.049249180406332,2.6889721155166626,0.0014216750860214233,0.17326325178146362,0.015053289011120796,0.400772362947464,1.4023356437683105,-0.11780498549342155,-0.11890089511871338,-0.11670907586812973,0.015053289011120796,1.4639263981580735,0.005662053823471069,0.02675384283065796,0.0038650110363960266,28490.62109375,11841.1357421875,16649.486328125,28503.0390625,11886.287109375,16616.751953125,-0.00043586164247244596,-0.003813094226643443,0.001966089243069291,-0.043586164247244596,0.7234261799603701,3.6082320380210877,0.6055105817504227,4.3192811417579655,2.9312249064445495,4.005296189188957,4.0731313344793225,337.4522804091569,337.4522804091569,greedy,4.0731313344793225,0.0,hard_fault_cluster,,False
118,N7421,control1,-0.05916115269064903,5.61386077657342,4.454135906696319,0.13609322145581243,3.6490095047727227,5.613806292427636,5.61386077657342,5.61386077657342,-0.8166736536354645,6.671470977542673e-05,3,2,1,0.0,-0.7830919616431612,2,1,1,0.0,-0.05916115269064903,0.1270824521780014,1.3794629277288912,0.67012180685997,0.001270824521780014,0.1280387043952942,0.013124985620379448,-0.13486669957637787,0.7167587280273438,-0.15013008192181587,-0.23821261525154114,-0.06204754859209061,0.013124985620379448,1.1317970943450928,0.002269551157951355,0.025606736540794373,-0.0001295730471611023,28502.404296875,11886.646484375,16615.7578125,28583.12890625,11934.921875,16648.20703125,-0.0028322034049779177,-0.004061312880367041,-0.0019529183628037572,-0.28322034049779177,0.36716255359351635,2.3425120162963866,0.2620069752447307,2.3317509937286376,3.1165046155452734,2.336780269667506,5.613806292427636,343.06608670158454,343.06608670158454,greedy,5.613806292427636,0.0,hard_fault_cluster,,False
119,N7401,observe,0.0009745331481099129,2.9739411571621894,3.929260182380676,0.15038604170083997,1.9330617521554232,2.9739612706614906,2.9739411571621894,2.9739411571621894,0.3209293516768435,6.267266984484575e-05,3,2,1,0.0,0.4665630668051815,2,1,1,0.0,0.0009745331481099129,0.100340336561203,0.3389718300104141,-1.995087158679962,0.00100340336561203,0.2346581518650055,0.020894667133688927,0.20827823877334595,1.1255741119384766,-0.02916814014315605,-0.02902798354625702,-0.029308296740055084,0.020894667133688927,1.1821017295122147,0.004622824490070343,0.005538664758205414,0.009427901357412338,28582.37890625,11934.1708984375,16648.20703125,28521.1953125,11877.1630859375,16644.033203125,0.002140605356544256,0.004776855930685997,0.0002507073513697833,0.21406053565442562,0.5835174527019262,2.1705765599012374,0.4925911999307573,2.134028303027153,1.6993660867214204,1.7345879563689235,2.9739612706614906,346.04004797224604,346.04004797224604,greedy,2.9739612706614906,0.0,hard_fault_cluster,,False
120,N2102,observe,-0.059758517891168594,6.986517910659313,5.999999999999999,1.0096023067831992,4.5412366419285535,6.986529191457277,6.986517910659313,6.986517910659313,0.19160420250635068,5.887552473364432e-05,3,2,1,0.0,0.1490013222595554,2,1,1,0.0,-0.059758517891168594,0.11528687179088593,2.4999724246561525,2.36647891998291,0.0011528687179088593,0.19120708107948303,0.024487236514687538,0.22893710434436798,0.9988154172897339,-0.04217095300555229,-0.014997363090515137,-0.06934454292058945,0.024487236514687538,6.456236531585455,0.0038062259554862976,0.01611543446779251,0.006436459720134735,28521.705078125,11877.4140625,16644.291015625,28660.6796875,11992.5576171875,16668.123046875,-0.004872591234743595,-0.009694328531622887,-0.0014318441972136497,-0.4872591234743595,0.5203967038542032,4.194183795899153,0.4155661226250231,4.627815931290388,3.524065458774567,4.390642548203468,6.986529191457277,353.02657716370334,353.02657716370334,greedy,6.986529191457277,0.0,hard_fault_cluster,,False
121,N7454,observe,-0.17010270059108734,1.8904891366325318,2.403432995080948,0.7998993339575826,1.2288179388111458,1.8904894484987722,1.8904891366325318,1.8904891366325318,0.005638673900995132,5.530843701478336e-05,3,2,1,0.0,-0.015712558487568928,2,1,1,0.0,-0.17010270059108734,0.11414246261119843,1.1763026700820771,2.018457645177841,0.0011414246261119843,0.18535280227661133,0.025039153173565865,0.1179485023021698,0.8951311111450195,-0.06992257758975029,-0.08733989298343658,-0.052505262196063995,0.025039153173565865,5.3152933813724665,0.0008747279644012451,0.007707856595516205,0.007371746003627777,28660.552734375,11992.595703125,16667.95703125,28909.0546875,12065.9345703125,16843.12109375,-0.008670521900057793,-0.006115345750004053,-0.01050902996212244,-0.8670521900057793,0.2266544122248888,1.2228012893814593,0.12226820038631558,1.1448656533379107,0.5570970430038868,2.462113077952526,1.8904894484987722,354.9170666122021,354.9170666122021,greedy,1.8904894484987722,0.0,hard_fault_cluster,,False
122,N7871,control1,-0.1583791822195053,1.284272970855236,1.544926083087921,-0.3767893403768539,0.8347774310559035,1.284304258749072,1.284272970855236,1.284272970855236,0.6021828027938367,5.1957468215483844e-05,3,2,1,0.0,0.17757100318434652,2,1,1,0.0,-0.1583791822195053,0.006696291267871857,-0.8518385614454747,-0.7078401863574981,6.696291267871857e-05,0.35578808188438416,0.01288759894669056,0.04868078604340553,2.0232033729553223,0.02448314055800438,-0.006870746612548828,0.05583702772855759,0.006696291267871857,-2.1470802703499796,-0.0006781518459320068,-0.04907478392124176,0.023210179060697556,28909.3203125,12066.5224609375,16842.796875,28607.84375,11934.51171875,16673.33203125,0.01042835135012865,0.0109402472153306,0.010061562061309814,1.042835135012865,-0.04823129437863827,0.27993102297186856,-0.06291921203956008,0.6146424561738968,1.1048618376255037,0.9255294162034989,1.284304258749072,356.20137087095117,356.20137087095117,greedy,1.284304258749072,0.0,hard_fault_cluster,,False
123,N1411,control0,-0.13766998052597046,3.047504201829433,3.1332579851150513,0.8888832846283912,1.9808777311891317,3.047473200030048,3.047504201829433,3.047504201829433,-0.6351588096068231,4.88095243523415e-05,3,3,1,0.0,-0.9414217221376234,2,2,1,0.0,-0.13766998052597046,0.09505164623260498,3.3305047848820686,-0.10431966781616198,0.0009505164623260498,0.1928008496761322,0.02504756860435009,-0.3549027442932129,0.6266740560531616,-0.03141571953892708,-0.040262311697006226,-0.02256912738084793,0.02504756860435009,2.003321671485901,-0.0009636729955673218,0.0065092891454696655,0.0058105140924453735,28608.166015625,11931.166015625,16677.0,28460.7265625,11842.7236328125,16618.00390625,0.005153754260390997,0.007412719074636698,0.0035375722218304873,0.5153754260390997,0.023731915280222893,1.7920878171920775,-0.06634249584749341,2.7683971166610717,3.1689830362796783,2.1648389735817912,3.047473200030048,359.2488440709812,359.2488440709812,greedy,3.047473200030048,0.0,hard_fault_cluster,,False
124,N3352,control1,-0.083110511302948,1.4963707381486895,1.2251517951488493,0.14715389788150787,0.9726409797966482,1.4963874082303683,1.4963707381486895,1.4963707381486895,0.3635603872874888,4.585230476630207e-05,3,2,1,0.0,-0.3260908420317294,2,1,1,0.0,-0.083110511302948,0.02617678791284561,-0.5543546116352082,-0.7332809329032898,0.0002617678791284561,0.29877495765686035,0.02564963884651661,-0.33818021416664124,1.622232437133789,0.015474941581487656,-0.020096823573112488,0.0510467067360878,0.02564963884651661,1.2075962734222412,-0.0026796162128448486,-0.02858467400074005,0.015329182147979736,28461.796875,11846.5,16615.296875,28268.841796875,11765.083984375,16503.7578125,0.0067794411443173885,0.006872579921036959,0.006713034585118294,0.6779441144317389,-0.21613519452512264,0.7615406307578088,-0.2550050145946443,0.8096518608927727,1.1538697093725205,1.0155858711898327,1.4963874082303683,360.74523147921155,360.74523147921155,greedy,1.4963874082303683,0.0,hard_fault_cluster,,False
125,N578,observe,-0.1478188931941986,1.0229431795328856,2.2721435248851773,0.27101855643093586,0.6649130666963756,1.02294569234421,1.0229431795328856,1.0229431795328856,0.05833673453713477,4.307425405756875e-05,3,2,1,0.0,0.053197389386259696,2,1,1,0.0,-0.1478188931941986,0.11146344244480133,0.9302650617435574,2.2710153281688688,0.0011146344244480134,0.18080928921699524,0.027088413015007973,0.03814277425408363,0.7883553504943848,-0.07622304558753967,-0.10873866826295853,-0.04370742291212082,0.027088413015007973,1.852325387559831,-0.0019394531846046448,0.004391662776470184,0.006940081715583801,28266.5859375,11763.7578125,16502.828125,28524.60546875,11869.52734375,16655.078125,-0.00912807509303093,-0.008991134352982044,-0.009225691668689251,-0.912807509303093,-0.055393463000655174,0.7875768498703837,-0.15930735459551215,0.7038380758091807,0.6756700847297907,2.442295779082924,1.02294569234421,361.76817717155575,361.76817717155575,greedy,1.02294569234421,0.0,hard_fault_cluster,,False
126,N6533,observe,-0.19968833029270172,1.8413519597798584,2.381795608997345,0.7857230698317287,1.196878773856908,1.8413569832905476,1.8413519597798584,1.8413519597798584,0.12414606845533925,4.0464516932626456e-05,3,2,1,0.0,0.19512194932747906,2,1,1,0.0,-0.19968833029270172,0.11619126796722412,1.0277813223749397,1.9052932769060134,0.0011619126796722412,0.19506224989891052,0.032185375690460205,0.07689589262008667,0.8729990720748901,-0.07647285982966423,-0.10618427395820618,-0.046761445701122284,0.032185375690460205,5.306728301346302,-0.0016079992055892944,-0.005273174494504929,0.008899737149477005,28523.8359375,11869.0244140625,16654.8125,28671.49609375,11930.8828125,16740.61328125,-0.005176728591322899,-0.005211750976741314,-0.005151710938662291,-0.5176728591322899,-0.012423276901245117,1.3593752761930227,-0.12370575964450836,1.2972775479406118,0.539570315182209,1.9257207048684357,1.8413569832905476,363.6095341548463,363.6095341548463,greedy,1.8413569832905476,0.0,hard_fault_cluster,,False
127,N706,observe,-0.01426957082003355,1.2879029124532826,1.1980953216552734,0.2197136231162585,0.8371368930946337,1.2879082318822879,1.2879029142964935,1.2879029138558857,0.13993748424370248,3.801289578694637e-05,3,2,1,4.8489095903353485e-05,0.444135844138466,2,1,1,3.68980856707557e-05,-0.01426957082003355,0.16036294400691986,1.1734598984592592,0.9256593108177185,0.0016036294400691986,0.11622530221939087,0.0259727630764246,0.32936719059944153,1.0411107540130615,-0.16024242341518402,-0.16831502318382263,-0.1521698236465454,0.0259727630764246,0.9537907629250548,0.008100330829620361,0.032959550619125366,0.0033503584563732147,28672.62109375,11931.390625,16741.23046875,28505.923828125,11875.658203125,16630.265625,0.005813813302665949,0.004671074915677309,0.006628237199038267,0.5813813302665949,0.9963687900453806,1.828718716329895,0.8566170097328722,1.5240512077277526,1.0901790212257765,1.0621106877713464,1.2879082318822879,364.8974423867286,364.8974423867286,greedy,1.2879082318822879,0.0,hard_fault_cluster,,False
128,N2106,observe,-0.14562645554542542,1.4856985855102538,1.903311061859131,0.3743598365783691,0.965704080581665,1.4857023145622208,1.4856985855102538,1.4856985855102538,0.10442653929989901,3.570981085762476e-05,3,2,1,0.0,0.19641467108077676,2,1,1,0.0,-0.14562645554542542,0.14711856842041016,1.1758587828278542,1.0609115958213806,0.0014711856842041016,0.11603882908821106,0.03019375540316105,0.17191444337368011,0.6814621686935425,-0.08621961623430252,-0.07480055093765259,-0.09763868153095245,0.03019375540316105,2.113832838833332,0.006511561572551727,0.03177669644355774,0.002335544675588608,28505.978515625,11875.798828125,16630.1796875,28640.35546875,11977.796875,16662.55859375,-0.0047139921225607395,-0.008588731288909912,-0.0019469967810437083,-0.47139921225607395,0.8284684810787439,1.3600625053048134,0.6954842382110655,1.1328137770295144,0.9569147676229477,1.9180347575247287,1.4857023145622208,366.3831447012908,366.3831447012908,greedy,1.4857023145622208,0.0,hard_fault_cluster,,False
129,N2580,control1,-0.12639494240283966,1.7400634018424896,0.6971068799495697,0.8036496958788482,1.1310412111976182,1.7400662628476011,1.7400634018424896,1.7400634018424896,0.08528536037828185,3.354626279025119e-05,3,2,1,0.0,0.04308676435218695,2,1,1,0.0,-0.12639494240283966,0.14338774979114532,1.3704123497242104,0.6109867095947266,0.0014338774979114532,0.1353003978729248,0.037027761340141296,-0.008875224739313126,0.7662601470947266,-0.08942605555057526,-0.11604571342468262,-0.0628063976764679,0.037027761340141296,5.258340300670825,-0.0007749274373054504,0.012051984667778015,0.0033513233065605164,28632.99609375,11967.2099609375,16665.787109375,28767.4375,12078.02734375,16689.41015625,-0.004695331212133169,-0.0092600854113698,-0.0014174575917422771,-0.4695331212133169,0.10292276740074158,0.015367072666995107,-0.03238886594772339,0.015367132271639883,0.49141161986626686,0.45382604737067594,1.7400662628476011,368.1232109641384,368.1232109641384,greedy,1.7400662628476011,0.0,hard_fault_cluster,,False
130,N7402,observe,-0.10379529744386673,1.5806022964790463,3.1324689984321594,-0.1205201182514429,1.02739149271138,1.58061979770972,1.5806022964790463,1.5806022964790463,0.5553513723081561,3.15137974737356e-05,3,2,1,0.0,0.47395988442591636,2,1,1,0.0,-0.10379529744386673,0.10267974436283112,-0.5530961525812745,-2.3951494693756104,0.0010267974436283113,0.23397228121757507,0.033756762742996216,0.19776566326618195,1.0201032161712646,-0.04595136269927025,-0.04635375738143921,-0.04554896801710129,0.033756762742996216,0.9385854014009237,0.0002209693193435669,-0.0015415586531162262,0.009275674819946289,28774.607421875,12088.802734375,16685.8046875,28730.30859375,11994.1162109375,16736.19140625,0.001539511140435934,0.007832581177353859,-0.0030197356827557087,0.1539511140435934,0.15853343904018402,0.8161333491653204,0.05620605871081352,0.7346782972663641,0.6283018648624421,1.0383962121605876,1.58061979770972,369.70383076184817,369.70383076184817,greedy,1.58061979770972,0.0,hard_fault_cluster,,False
131,N771,observe,-0.36417946219444275,0.09502292208373547,0.22665296941995622,0.046900334432721145,0.06176489935442806,0.09502329293321875,0.09502292208373547,0.09502292208373547,0.012526805770285011,2.960447300568554e-05,3,2,1,0.0,0.4333012969079039,2,1,1,0.0,-0.36417946219444275,0.13040465116500854,0.5172287911176682,0.9201433539390563,0.0013040465116500855,0.12588366866111755,0.024490730836987495,0.3246920704841614,0.7373975515365601,-0.13241926208138466,-0.1422477662563324,-0.12259075790643692,0.024490730836987495,0.1130579212680459,0.001043654978275299,0.0286240354180336,-0.0003164932131767273,28730.72265625,11994.23828125,16736.484375,28954.32421875,12086.05078125,16868.2734375,-0.0077826641499996185,-0.007654717192053795,-0.007874357514083385,-0.7782664149999619,0.25926087982952595,0.6627855394594372,0.14308934332802892,0.6507696185819805,0.35705718696117394,0.5639389371871948,0.09502329293321875,369.7988540547814,369.7988540547814,greedy,0.09502329293321875,0.0,hard_fault_cluster,,False
132,N638,control1,-0.09792718291282654,1.2939318305253984,1.1390941083431243,0.09593181431293488,0.841055689841509,1.2939448360991408,1.2939318305253984,1.2939318305627725,0.46764423677049716,2.7810828659249915e-05,2,2,0,0.0,0.1762742771088647,2,1,1,1.3438701174373069e-06,-0.09792718291282654,0.11212243139743805,0.5752876557409763,0.7321176052093505,0.0011212243139743804,0.22319939732551575,0.026767628267407417,-0.011434759944677353,1.0026990175247192,-0.08955307677388191,-0.16457560658454895,-0.014530546963214874,0.026767628267407417,0.631026619374752,0.0025807246565818787,0.008504718542098999,0.008785802870988846,28956.5859375,12087.015625,16869.5703125,28805.099609375,12032.619140625,16772.48046875,0.005231498274952173,0.004500406328588724,0.00575532391667366,0.5231498274952173,0.39696252532303333,0.7928217421472072,0.29279498057439923,0.7941095601022243,0.8576575696468354,0.9605123738944531,1.2939448360991408,371.0927988908805,371.0927988908805,greedy,1.2939448360991408,0.0,hard_fault_cluster,,False
133,N620,control1,-0.07188763469457626,2.407978960787732,2.2613543987274167,-0.1241468110631104,1.5651863245120259,2.4079964256884536,2.407978960787732,2.4079789609312465,0.6684910497149128,2.6125855730166755e-05,2,2,0,0.0,0.5918230863108559,2,1,1,5.493191510330675e-06,-0.07188763469457626,0.06589893996715546,-0.834367525468042,-0.9185888673509908,0.0006589893996715545,0.28682297468185425,0.03218725323677063,0.02947286143898964,1.4627931118011475,-0.03162713348865509,-0.08987895399332047,0.026624687016010284,0.03218725323677063,0.9129596216894424,-0.000403575599193573,-0.016085181385278702,0.01576342061161995,28804.623046875,12032.388671875,16772.234375,28800.72265625,12047.8046875,16752.91796875,0.00013540849613491446,-0.0012812098721042275,0.001151689444668591,0.013540849613491446,0.05772863328456879,0.44230350083082154,-0.015836011618375778,0.44229667374886045,0.8064124906260987,0.6893786905827347,2.4079964256884536,373.50079531656894,373.50079531656894,greedy,2.4079964256884536,0.0,hard_fault_cluster,,False
134,N7847,control0,-0.14085587859153748,5.716583706736565,5.999999999999999,0.2014623588323593,3.7157794093787677,5.716583706736565,5.716583706736565,5.716583706736565,0.0,2.454297015009895e-05,3,3,1,0.0,-8.18386754400415e-05,2,2,1,0.0,-0.14085587859153748,0.14509646594524384,1.5819161328673361,2.299254751205444,0.0014509646594524383,0.11701816320419312,0.03083997406065464,-0.29706621170043945,0.4587070047855377,-0.07172675058245659,-0.09514574706554413,-0.04830775409936905,0.03083997406065464,1.2316877073049546,0.003204427659511566,0.039406128227710724,-0.0003509521484375,28798.67578125,12047.4765625,16751.19921875,28523.33984375,11889.92578125,16633.4140625,0.009560715407133102,0.013077491894364357,0.007031446322798729,0.9560715407133102,0.4963792059570551,1.9040130198001863,0.36442687595263124,1.9402662336826326,3.1589418888092045,3.472823198735714,5.716583706736565,379.2173790233055,379.2173790233055,greedy,5.716583706736565,0.0,hard_fault_cluster,,False
135,N3410,control1,-0.11700334399938583,2.635078588922015,1.1372329413890838,1.0107436620079078,1.7128010827993099,2.635083442293767,2.635078588922015,2.635078588922015,0.2105037534154164,2.3055986759244165e-05,3,2,1,0.0,0.37373060630691823,2,1,1,0.0,-0.11700334399938583,0.15388351678848267,2.6066614280466136,1.388743233680725,0.0015388351678848266,0.10174649953842163,0.03733830899000168,-0.06568314135074615,0.5641909837722778,-0.09446544200181961,-0.1378653198480606,-0.05106556415557861,0.03733830899000168,5.594268966017949,-0.0011909380555152893,0.02937893569469452,-0.00020366162061691284,28525.345703125,11890.638671875,16634.70703125,28680.013671875,12038.505859375,16641.5078125,-0.005422124173492193,-0.01243559643626213,-0.00040883084875531495,-0.5422124173492193,0.07212802022695541,0.7997203021090308,-0.07128834910690784,0.7997179346852271,1.3591964402662142,1.0605325250092323,2.635083442293767,381.8524624655993,381.8524624655993,greedy,2.635083442293767,0.0,hard_fault_cluster,,False
136,N610,control1,-0.04577482119202614,2.152114411741495,0.9351000607013702,0.8596969471871853,1.398874367631972,2.1521150425105247,2.152114411741495,2.152114411741495,0.029122593788786216,2.1659095137688503e-05,3,2,1,0.0,0.2603062536544435,2,1,1,0.0,-0.04577482119202614,0.1678532212972641,4.44833962470293,3.6092365741729737,0.001678532212972641,0.10587111115455627,0.03574811667203903,-0.016514163464307785,0.5774976015090942,-0.16384027525782585,-0.2706148326396942,-0.05706571787595749,0.03574811667203903,1.846948516368866,0.0013402923941612244,0.035924725234508514,0.0005210079252719879,28679.15625,12037.8310546875,16641.32421875,28634.6640625,11985.2265625,16649.4375,0.0015513771213591099,0.004369931295514107,-0.00048753820010460913,0.155137712135911,0.33763057738542557,1.4048344910144808,0.18492957390844822,1.3021830007433892,2.445173016190529,1.8251787921786309,2.1521150425105247,384.0045775081098,384.0045775081098,greedy,2.1521150425105247,0.0,hard_fault_cluster,,False
137,N3180,control1,-0.04568706825375557,2.7298474664147943,1.0864908874034882,1.1311318353656679,1.7744008531696163,2.7298615616738684,2.7298474664147943,2.7298474664147943,0.692749400945765,2.0346836901064418e-05,3,2,1,0.0,0.43984205055247066,2,1,1,0.0,-0.04568706825375557,0.15362940728664398,5.595476179430261,4.401089215278625,0.0015362940728664398,0.1411319375038147,0.0426773726940155,-0.04937199875712395,0.7420333623886108,-0.06387864053249359,-0.09535743296146393,-0.032399848103523254,0.0426773726940155,3.051014095013961,-0.0038945525884628296,0.015082314610481262,0.0037035420536994934,28634.9375,11985.693359375,16649.244140625,28790.962890625,12099.68359375,16691.279296875,-0.005448777228593826,-0.009510524570941925,-0.0025247486773878336,-0.5448777228593826,-0.19314847886562347,0.40153921023476863,-0.3403785638511181,0.38925407175440335,2.8333188777323812,2.0046885399497114,2.7298615616738684,386.73443906978366,386.73443906978366,greedy,2.7298615616738684,0.0,hard_fault_cluster,,False
138,N2157,observe,0.07407284528017044,2.2283299811184407,2.6902710437774657,0.7439554922282695,1.4484144877269864,2.2283392376949207,2.2283299811184407,2.2283299811184407,0.48428040285879487,1.9114084371795175e-05,3,2,1,0.0,0.42262768179066407,2,1,1,0.0,0.07407284528017044,0.17289771139621735,3.5835567340254784,4.2837909936904905,0.0017289771139621735,0.11721184849739075,0.040681883692741394,0.15108776092529297,0.6727913618087769,-0.09325059875845909,-0.09642571210861206,-0.09007548540830612,0.040681883692741394,2.1152280074357988,0.0031881332397460938,0.03617386519908905,0.002796519547700882,28789.34375,12099.1640625,16690.1796875,28500.15234375,11943.427734375,16556.724609375,0.010045085102319717,0.01287166029214859,0.007996023632586002,1.0045085102319717,0.5323929190635681,2.1971308028697965,0.37220822274684906,1.7630983826518059,2.3948208689689636,3.656633564829826,2.2283392376949207,388.9627783074786,388.9627783074786,greedy,2.2283392376949207,0.0,hard_fault_cluster,,False
139,N645,control1,-0.005668210797011852,2.087230299115181,0.8243550300598144,0.9479187792539596,1.3566996944248677,2.0872325166525187,2.087230299115181,2.087230299115181,0.12349826246383136,1.79560205425833e-05,3,2,1,0.0,0.37626418059512146,2,1,1,0.0,-0.005668210797011852,0.16487620770931244,2.0755187521874907,1.1330494642257691,0.0016487620770931244,0.12138572335243225,0.043576017022132874,0.031928662210702896,0.7361278533935547,-0.1516539789736271,-0.2617197632789612,-0.041588194668293,0.043576017022132874,4.7382022909820085,0.00048344582319259644,0.03329873085021973,0.0018302984535694122,28501.185546875,11943.431640625,16557.75390625,28590.39453125,11969.6181640625,16620.77734375,-0.0031300096306949854,-0.0021925459150224924,-0.003806279506534338,-0.31300096306949854,0.25679680705070496,1.5978635860979558,0.10045763850212097,1.3295637084543706,1.0627015218138693,0.9621124032884836,2.0872325166525187,391.0500108241311,391.0500108241311,greedy,2.0872325166525187,0.0,hard_fault_cluster,,False
140,N616,control1,-0.007112654857337475,2.044032796025276,0.8494641244411468,0.8919517272710797,1.3286213174164294,2.0440359622883357,2.044032796025276,2.044032796025276,0.18770692953336243,1.6868120253849865e-05,3,2,1,0.0,0.37936048357312113,2,1,1,0.0,-0.007112654857337475,0.17006422579288483,2.150343701094389,1.2271242141723633,0.0017006422579288482,0.12279379367828369,0.0441519096493721,0.027544621378183365,0.7560371160507202,-0.15318704582750797,-0.2632296085357666,-0.043144483119249344,0.0441519096493721,3.8576306404173377,-0.0003550201654434204,0.03382667899131775,0.0015863925218582153,28589.939453125,11969.376953125,16620.5625,28646.904296875,11993.771484375,16653.1328125,-0.001992478733882308,-0.0020380786154419184,-0.0019596396014094353,-0.1992478733882308,0.1787141188979149,2.187322363257408,0.01805201731622219,1.8369444459676743,1.2063200116157533,1.0671809508278967,2.0440359622883357,393.0940467864194,393.0940467864194,greedy,2.0440359622883357,0.0,hard_fault_cluster,,False
141,N7424,control1,-0.02336950972676277,1.382061642855406,0.7777831256389617,0.4355636103451252,0.898340067856014,1.3820652635544532,1.382061642855406,1.382061642855406,0.22849102420348794,1.5846132511575125e-05,3,2,1,0.0,0.19516086746284125,2,1,1,0.0,-0.02336950972676277,0.14798375964164734,0.9531359185278415,0.5819753527641296,0.0014798375964164734,0.10911825299263,0.03939972072839737,-0.1251344531774521,0.5260939598083496,-0.11481565237045288,-0.1781521439552307,-0.05147916078567505,0.03939972072839737,2.2861591324210164,-0.0037026554346084595,0.021197855472564697,0.000738535076379776,28646.052734375,11994.123046875,16651.9296875,28524.5859375,11970.8916015625,16553.693359375,0.004240262787789106,0.0019369024084880948,0.005899396259337664,0.42402627877891064,-0.18288206309080124,1.2852607195079326,-0.32341967336833477,1.2421575610339641,0.9081927999854089,0.8457474645599724,1.3820652635544532,394.4761120499739,394.4761120499739,greedy,1.3820652635544532,0.0,hard_fault_cluster,,False
142,N636,control1,-0.00014721136540174484,1.2118013604357838,0.781745833158493,0.29873593788594005,0.7876708842832595,1.211805858625309,1.2118013604357838,1.2118013604357838,0.30217454140857647,1.4886063876446985e-05,3,2,1,0.0,0.38756533014787903,2,1,1,0.0,-0.00014721136540174484,0.15999598801136017,1.493458478525281,1.1930432975292204,0.0015999598801136018,0.11669903993606567,0.03949955105781555,-0.019785527139902115,0.6837203502655029,-0.15521444007754326,-0.26619887351989746,-0.044230006635189056,0.03949955105781555,1.1698554539680481,-0.0023895129561424255,0.025320321321487427,0.001288004219532013,28525.228515625,11970.525390625,16554.703125,28593.93359375,11989.31640625,16604.6171875,-0.0024085724726319313,-0.0015697736525908113,-0.0030150986276566982,-0.24085724726319313,-0.039455756545066833,1.125854640007019,-0.18907741084694862,0.9011017447710037,1.137055480480194,0.951922341659665,1.211805858625309,395.6879179085992,395.6879179085992,greedy,1.211805858625309,0.0,hard_fault_cluster,,False
143,N7877,control1,-0.017843950539827347,2.7997341241774847,2.55483815073967,-0.20445187829318484,1.8198271807153652,2.7997430502914717,2.7997341241774847,2.7997341241774847,0.6383016328456931,1.3984162859410104e-05,3,2,1,0.0,0.45508003072166686,2,1,1,0.0,-0.017843950539827347,-0.007855117321014404,-4.75298856019479,-4.199908227240666,-7.855117321014404e-05,-0.013335049152374268,0.10852107405662537,0.023101728409528732,0.6819379329681396,-0.12121322005987167,-0.24090304970741272,-0.0015233904123306274,-0.007855117321014404,-4.7666421229456315,-0.007238045334815979,-0.019161276519298553,-0.006380394101142883,28592.869140625,11989.396484375,16603.47265625,28447.44140625,11912.7373046875,16534.703125,0.005086153745651245,0.0063939145766198635,0.004141876474022865,0.5086153745651245,-0.6231385767459869,-0.005008042094996145,-0.6986380442976952,-0.005470540424575975,-0.3735269841505211,-0.08466235365718583,2.7997430502914717,398.4876609588907,398.4876609588907,greedy,2.7997430502914717,0.0,hard_fault_cluster,,False
144,N7879,control1,0.09237443655729294,4.215965574383736,3.3018103718757628,0.14696280539035797,2.7403776233494286,4.215965574383736,4.215965574383736,4.215965574383736,0.0,1.3136905262640898e-05,3,2,1,0.0,0.27482133706854134,2,1,1,0.0,0.09237443655729294,0.031139440834522247,1.0679338669031857,0.4954334765672683,0.0003113944083452225,-0.10070571303367615,0.11215068399906158,0.024410802870988846,0.4073827862739563,-0.15237985737621784,-0.2856575846672058,-0.019102130085229874,0.031139440834522247,1.3446573577821255,-0.007058322429656982,-0.018899325281381607,-0.00810638815164566,28447.447265625,11912.755859375,16534.69140625,28395.58984375,11892.6123046875,16502.9765625,0.001822920050472021,0.0016909231198951602,0.001918078982271254,0.1822920050472021,-0.5625421181321144,-0.6763182903826237,-0.6700097117573023,-0.05752164378762248,2.212690918147564,1.6921161445975306,4.215965574383736,402.7036265332744,402.7036265332744,greedy,4.215965574383736,0.0,hard_fault_cluster,,False
145,N3295,control1,0.09883927553892136,5.323653012998402,4.402347224950789,-0.06940635181963443,3.4603744584489613,5.323653032312751,5.323653012998402,5.323653012998402,0.0015650579337640165,1.2340980408667957e-05,3,2,1,0.0,-0.46128674594102553,2,1,1,0.0,0.09883927553892136,-0.05039609223604202,0.8016224154829977,0.30258419662714003,-0.0005039609223604203,-0.0030366480350494385,0.08823886513710022,-0.29692795872688293,-0.04879628121852875,-0.07822534814476967,-0.14504730701446533,-0.011403389275074005,-0.05039609223604202,0.7809431441873311,-0.02192065119743347,-0.02245517075061798,-0.015535756945610046,28396.80078125,11892.88671875,16503.9140625,28647.982421875,12062.986328125,16584.99609375,-0.008845420554280281,-0.014302634634077549,-0.004912897013127804,-0.8845420554280281,-2.154222346842289,-0.3760064266622065,-2.1826044265180826,-0.28799122795462595,2.4327728837728504,1.7583655580451345,5.323653032312751,408.02727956558715,408.02727956558715,greedy,5.323653032312751,0.0,hard_fault_cluster,,False
146,N3467,control1,0.14920227229595184,1.8251497001945973,1.5434352457523346,0.06420506492257118,1.1863473051264883,1.8251515633521609,1.8251497001945973,1.8251497001945973,0.16071015728142046,1.1593278203827863e-05,3,2,1,0.0,0.10192027718426536,2,1,1,0.0,0.14920227229595184,-0.08802574127912521,0.6237711727246642,0.44161213338375094,-0.0008802574127912521,0.01637396216392517,0.09160391241312027,-0.3346613347530365,-0.060512691736221313,-0.07911306247115135,-0.13585197925567627,-0.022374145686626434,-0.08802574127912521,0.6296736688166856,-0.023173421621322632,-0.025738801807165146,-0.015126720070838928,28647.833984375,12062.927734375,16584.90625,28780.767578125,12132.892578125,16647.875,-0.004640266764909029,-0.005799988750368357,-0.003796750446781516,-0.4640266764909029,-2.313763990998268,0.03913386348634956,-2.3164476193487644,0.06748128119856117,0.9716812904924155,0.8200403308682145,1.8251515633521609,409.8524311289393,409.8524311289393,greedy,1.8251515633521609,0.0,hard_fault_cluster,,False
147,N642,control1,0.07586950808763504,1.7960361920017949,1.4898811519145965,0.08948936223561703,1.1674235248011666,1.796039897320584,1.7960361920017949,1.7960361920017949,0.3402222607139492,1.0890876985506646e-05,0,2,0,0.0,0.47677753490136204,0,1,0,0.0,0.07586950808763504,-0.07648476213216782,0.7199052763315552,0.5326176673173904,-0.0007648476213216782,-0.012520670890808105,0.09898795932531357,-0.32413363456726074,-0.13209311664104462,-0.17667657881975174,-0.30473145842552185,-0.04862169921398163,-0.07648476213216782,0.7340050300210714,-0.02259417623281479,-0.024998143315315247,-0.015007607638835907,28780.16796875,12132.3623046875,16647.806640625,28741.736328125,12065.931640625,16675.8046875,0.0013353514950722456,0.005475493147969246,-0.0016817859141156077,0.13353514950722456,-2.236914426088333,0.4639541522786021,-2.2537918239831924,0.23370417740195987,1.0258525926619768,0.9028693835623562,1.796039897320584,411.6484710262599,411.6484710262599,greedy,1.796039897320584,0.0,hard_fault_cluster,,False
148,N7614,observe,0.010416646488010883,1.9592821604537314,1.9931427121162413,0.3118978797097225,1.2735334042949253,1.9592902841464062,1.9592821604537314,1.9592821604537314,0.794024746566826,1.0231032105679591e-05,3,2,1,0.0,1.0,2,1,1,0.0,0.010416646488010883,0.18740402162075043,1.8847864239767658,2.37867157459259,0.0018740402162075044,0.05476441979408264,0.0023051220923662186,0.3908384144306183,0.6496084928512573,-0.1488170176744461,-0.15643846988677979,-0.14119556546211243,0.0023051220923662186,1.456844536027638,0.0033603981137275696,0.0716332346200943,-0.010526299476623535,28740.4921875,12065.4921875,16675.0,28993.46484375,12088.0419921875,16905.423828125,-0.008801959455013275,-0.0018689502030611038,-0.013818520121276379,-0.8801959455013275,0.5257489550858736,6.079828527725768,0.3834670973010361,6.079828527725768,2.210022227856098,2.8707551600338777,1.9592902841464062,413.6077613104063,413.6077613104063,greedy,1.9592902841464062,0.0,hard_fault_cluster,,False
149,N649,control1,-0.016351189464330673,2.6100274998694655,1.7377108752727508,0.40471920706331727,1.6965178749151526,2.6100303855520828,2.610027499871942,2.610027499898014,0.30024274427458714,9.61116520613947e-06,2,2,1,2.5769309375256455e-07,0.47178034111704087,2,1,1,2.970356056009038e-06,-0.016351189464330673,0.18404321372509003,2.395855735987425,1.7505004823207855,0.0018404321372509002,0.03375118970870972,0.007685186341404915,0.005593787878751755,0.43677809834480286,-0.17374422401189804,-0.27060508728027344,-0.07688336074352264,0.007685186341404915,1.094291062951088,0.003934748470783234,0.06236295402050018,-0.008887581527233124,28995.30078125,12088.75,16906.55078125,29006.4453125,12155.3359375,16851.109375,-0.0003843564772978425,-0.005508091300725937,0.003279285505414009,-0.03843564772978425,0.5852032471448183,1.4241341444849969,0.4414069470949471,1.4081311318278313,2.2382575184106828,1.6909191498905423,2.6100303855520828,416.2177916959584,416.2177916959584,greedy,2.6100303855520828,0.0,hard_fault_cluster,,False
150,N5740,observe,-0.05742109939455986,2.9945967745780946,3.063546276092529,0.9251905179023743,1.9464879034757616,2.9946014972148594,2.9945967745780946,2.9945967745780946,0.5230604780944712,9.02885414350579e-06,3,2,1,0.0,0.562132166265782,2,1,1,0.0,-0.05742109939455986,0.18181978166103363,5.437951640784741,5.999999999999999,0.0018181978166103363,0.0415099561214447,0.0063404906541109085,0.17412911355495453,0.37613072991371155,-0.13733628764748573,-0.15289095044136047,-0.12178162485361099,0.0063404906541109085,0.753246876299381,0.004853364080190659,0.0683758556842804,-0.009268112480640411,29004.0234375,12154.5126953125,16849.509765625,29126.083984375,12179.267578125,16946.81640625,-0.004208400379866362,-0.0020366825629025698,-0.005775042809545994,-0.42084003798663616,0.6734966803342104,1.5300416281819345,0.532376476097852,1.510933785736561,3.3446080192923544,4.27399521254003,2.9946014972148594,419.2123931931733,419.2123931931733,greedy,2.9946014972148594,0.0,hard_fault_cluster,,False
151,N3525,control1,-0.0351736880838871,5.969379587471485,4.397055208683013,0.3623324647545814,3.880096731856465,5.9693856713590945,5.969379587471485,5.969379587471485,0.7172853327855033,8.481823524646916e-06,3,2,1,0.0,0.4361498431078131,2,1,1,0.0,-0.0351736880838871,0.1777804046869278,2.428117741048336,1.2882537543773651,0.001777804046869278,0.05505606532096863,0.017841527238488197,-0.033484216779470444,0.5066876411437988,-0.10783306509256363,-0.14371784031391144,-0.07194828987121582,0.017841527238488197,2.1028451573848725,-0.000413745641708374,0.04708300530910492,-0.006704933941364288,29129.259765625,12180.796875,16948.462890625,29254.5234375,12305.0576171875,16949.46484375,-0.004300269763916731,-0.010201363824307919,-5.911763946642168e-05,-0.4300269763916731,0.1542473677545786,1.6093249136209489,0.007530918810516596,1.5939048939943314,3.345784687995911,2.372413633838296,5.9693856713590945,425.18177886453236,425.18177886453236,greedy,5.9693856713590945,0.0,hard_fault_cluster,,False
152,N630,control1,0.011726831085979939,3.1449075590074065,2.1287564694881436,0.4251517920196056,2.0441899133548143,3.1449101596067464,3.1449075590074065,3.1449075590074065,0.32638306834990377,7.96793581553195e-06,3,2,1,0.0,0.45669861874226825,2,1,1,0.0,0.011726831085979939,0.18434979021549225,2.2715630516409875,1.4652996957302094,0.0018434979021549225,0.05638682842254639,0.016896435990929604,-0.023903023451566696,0.45882466435432434,-0.17444759607315063,-0.2716197371482849,-0.07727545499801636,0.016896435990929604,1.820422652363777,0.0013840943574905396,0.04887179285287857,-0.006006933748722076,29253.591796875,12304.423828125,16949.16796875,29156.482421875,12241.646484375,16914.8359375,0.00331957102753222,0.005102014169096947,0.0020255879499018192,0.331957102753222,0.3396556619554758,1.6633372017741204,0.18872099230065942,1.6499874302744866,2.277738705277443,1.7166019234806298,3.1449101596067464,428.3266890241391,428.3266890241391,greedy,3.1449101596067464,0.0,hard_fault_cluster,,False
153,N6534,observe,-0.19562913477420807,3.7185693913698197,3.3231825590133663,1.1997955721616744,2.417070104390383,3.7185723134666286,3.7185693913698197,3.7185693913698197,0.3903841513668861,7.48518298877006e-06,3,2,1,0.0,0.4019345367715222,2,1,1,0.0,-0.19562913477420807,0.19438816606998444,3.718148502707481,3.6508395910263056,0.0019438816606998444,0.027101606130599976,0.020748773589730263,-0.002900596708059311,0.2880570888519287,-0.1389707773923874,-0.1772157996892929,-0.10072575509548187,0.020748773589730263,5.952414264678954,-0.0007981956005096436,0.04970736801624298,-0.00808291882276535,29153.64453125,12240.431640625,16913.212890625,29408.271484375,12313.146484375,17095.125,-0.008733966387808323,-0.005940545815974474,-0.010755620896816254,-0.8733966387808323,0.13531737960875034,2.0993019378185274,-0.02603532513603568,2.074595574140549,2.2949084639549255,3.5916905015707012,3.7185723134666286,432.0452613376057,432.0452613376057,greedy,3.7185723134666286,0.0,hard_fault_cluster,,False
154,N1607,control1,-0.02868073806166649,5.979582217149437,4.4023472428321835,0.3688250472769141,3.886728441147134,5.979585176552251,5.979582217149437,5.979582217149437,0.42086718546863505,7.031678677199808e-06,3,2,1,0.0,0.5760759408745383,2,1,1,0.0,-0.02868073806166649,0.18936683237552643,2.4607012465223668,1.2889638185501098,0.0018936683237552642,0.05759403109550476,0.01765584386885166,-0.04337035492062569,0.4343268871307373,-0.17892272770404816,-0.2842899262905121,-0.07355552911758423,0.01765584386885166,1.8438342392444609,0.0021970048546791077,0.04811369627714157,-0.0043571144342422485,29409.41015625,12313.9287109375,17095.482421875,29185.33203125,12193.1171875,16992.21484375,0.007619266398251057,0.009810964576900005,0.006040635518729687,0.7619266398251057,0.42672316171228886,2.3154594013094902,0.2714561545290053,2.307718069255352,3.526551374793053,2.560375759229064,5.979585176552251,438.02484651415796,438.02484651415796,greedy,5.979585176552251,0.0,hard_fault_cluster,,False
155,N647,control1,-0.007899495773017406,6.065680916756391,4.402347224950789,0.4236151288449763,3.9426925958916543,6.065684151772056,6.065680916756391,6.065680916756391,0.4897345866446884,6.605650802868482e-06,3,2,1,0.0,0.6126682796496896,2,1,1,0.0,-0.007899495773017406,0.1754184514284134,2.003302569389343,0.8680733680725097,0.001754184514284134,0.09987837076187134,0.022874442860484123,0.005779784172773361,0.6528513431549072,-0.15376194939017296,-0.24723386764526367,-0.060290031135082245,0.022874442860484123,3.484629271328449,0.0007692500948905945,0.03554593026638031,-0.0010096952319145203,29186.7578125,12193.4580078125,16993.30078125,29138.9296875,12171.46875,16967.4609375,0.001638692687265575,0.0018033651867881417,0.0015205900417640805,0.1638692687265575,0.27521790377795696,2.249017521440983,0.12649823306128383,2.2482048717141154,3.229302790760994,2.3391397851705555,6.065684151772056,444.09053066593003,444.09053066593003,greedy,6.065684151772056,0.0,hard_fault_cluster,,False
156,N7679,observe,-0.04302890971302986,4.5739337463508125,5.664867162704468,-0.35925561556941804,2.973056935128028,4.573938703288634,4.5739337463508125,4.5739337463508125,0.7988059013103143,6.205434652598977e-06,3,2,1,0.0,0.9526850466471701,2,1,1,0.0,-0.04302890971302986,0.18258003890514374,2.330327043388388,3.6821377038955685,0.0018258003890514374,0.07805773615837097,-0.003689190372824669,0.4174060523509979,0.7909713983535767,-0.1407717540860176,-0.1312396079301834,-0.1503039002418518,-0.003689190372824669,-5.060754874077975,0.004728484898805618,0.06612221896648407,-0.008820571005344391,29137.01953125,12170.94140625,16966.078125,29493.1796875,12280.3525390625,17212.828125,-0.012223630212247372,-0.008989537134766579,-0.014543726108968258,-1.2223630212247372,0.6517393384128809,1.6540579413401428,0.5175712020136416,1.668720934294397,3.7673084733454743,4.5487505076745585,4.573938703288634,448.6644693692187,448.6644693692187,greedy,4.573938703288634,0.0,hard_fault_cluster,,False
157,N1586,control1,0.02413215860724449,1.8849132519960405,1.3277004182338714,0.2787467294931412,1.2251936137974264,1.8849157611172376,1.8849132519960405,1.8849132519960405,0.4304203912385047,5.829466373086882e-06,3,2,1,0.0,0.6168713312772262,2,1,1,0.0,0.02413215860724449,0.18760539591312408,1.7599625289440155,1.3300083816051482,0.001876053959131241,0.08596238493919373,0.003751201555132866,0.16385143995285034,0.7411414384841919,-0.1159992478787899,-0.16234540939331055,-0.06965308636426926,0.003751201555132866,0.3537737163901328,0.00528181716799736,0.051532186567783356,-0.005335725843906403,29494.166015625,12281.181640625,17212.984375,29389.29296875,12296.8828125,17092.41015625,0.0035557218361645937,-0.0012784739956259727,0.007004841230809689,0.35557218361645937,0.719538314267993,2.1429124124348164,0.5760208661668003,2.056063664704561,1.8159081518650055,1.4164120611548423,1.8849157611172376,450.5493851303359,450.5493851303359,greedy,1.8849157611172376,0.0,hard_fault_cluster,,False
158,N2149,observe,0.04501299187541008,4.173862328901887,3.7435578346252436,1.0868286617845297,2.7130105137862266,4.173866039790632,4.173862328901887,4.173862328901887,0.6776298643685265,5.476276860109711e-06,3,2,1,0.0,0.6840499390340491,2,1,1,0.0,0.04501299187541008,0.18257634341716766,5.897941897064448,5.999999999999999,0.0018257634341716767,0.08976110816001892,0.007288539782166481,0.20436817407608032,0.6235216856002808,-0.12090426683425903,-0.09106224775314331,-0.15074628591537476,0.007288539782166481,1.6940401673316954,0.0066194236278533936,0.05536939203739166,-0.004481226205825806,29388.927734375,12296.599609375,17092.328125,29243.31640625,12231.369140625,17011.947265625,0.004954632371664047,0.005304756574332714,0.004702745005488396,0.4954632371664047,0.8518072459846735,2.897475370168686,0.7094085835851729,2.8186574780941007,4.174281477928162,4.813282960653305,4.173866039790632,454.72325117012656,454.72325117012656,greedy,4.173866039790632,0.0,hard_fault_cluster,,False
159,N7385,observe,-0.08988571912050247,2.2570382232964037,2.4339286029338836,1.0511090593039987,1.4670748451426625,2.2570407012216367,2.2570382232964037,2.2570382232964037,0.4816662392456833,5.144486017970228e-06,3,2,1,0.0,0.6993558534726809,2,1,1,0.0,-0.08988571912050247,0.17398281395435333,2.0101607979834077,2.432460612058639,0.0017398281395435333,0.06477740406990051,0.01174657978117466,0.17631304264068604,0.6262227296829224,-0.1647035926580429,-0.18243804574012756,-0.14696913957595825,0.01174657978117466,5.720133743584157,0.005152687430381775,0.05419181287288666,-0.004457950592041016,29242.99609375,12231.2314453125,17011.765625,29181.861328125,12222.681640625,16959.1796875,0.002090577967464924,0.0006990142283029854,0.003091151127591729,0.20905779674649239,0.7009981367737055,2.494658183455467,0.5617010914720595,2.4154490941762923,1.4350507140159607,3.0327829641103743,2.2570407012216367,456.9802918713482,456.9802918713482,greedy,2.2570407012216367,0.0,hard_fault_cluster,,False
160,N5356,observe,-0.06781180202960968,2.9831303246319294,3.5785525560379026,0.4431762970983982,1.9390347110107542,2.983133663699134,2.9831303246319294,2.9831303246319294,0.6909181062925759,4.832797366742514e-06,3,2,1,0.0,0.8086406824811418,2,1,1,0.0,-0.06781180202960968,0.17349447309970856,2.1567911380529403,2.895315873622894,0.0017349447309970855,0.060155898332595825,0.012859651818871498,0.16947311162948608,0.5338238477706909,-0.15358269214630127,-0.15889707207679749,-0.14826831221580505,0.012859651818871498,1.6171990731358528,0.0030368492007255554,0.05087520182132721,-0.004942536354064941,29180.990234375,12221.728515625,16959.26171875,28878.47265625,12023.9453125,16854.52734375,0.010366939939558506,0.016182916238904,0.00617564469575882,1.0366939939558506,0.4900390449911356,1.4806949885189533,0.35027345130220056,1.4603049547970295,2.5248565733432766,3.741156772673129,2.983133663699134,459.9634255350473,459.9634255350473,greedy,2.983133663699134,0.0,hard_fault_cluster,,False
161,N712,observe,0.10812041908502579,4.3547039349377155,4.013361406326293,0.9602431716024876,2.8305575577095152,4.354707470712756,4.3547039349377155,4.3547039349377155,0.7788062798610398,4.539992976248485e-06,3,2,1,0.0,1.0,2,1,1,0.0,0.10812041908502579,0.19162128865718842,5.764385668933391,5.999999999999999,0.001916212886571884,0.037178248167037964,0.007865427061915398,0.3006516993045807,0.8480355739593506,-0.21398025751113892,-0.23291653394699097,-0.19504398107528687,0.007865427061915398,0.9012664425373076,0.0095662921667099,0.06815153360366821,-0.004968196153640747,28879.240234375,12024.37890625,16854.861328125,28687.73046875,11951.703125,16736.02734375,0.006631399039179087,0.006044036243110895,0.007050428073853254,0.6631399039179087,1.1561159323900938,1.9438514122366906,1.006500895600766,1.922665179669857,4.285416465997695,4.885520702898502,4.354707470712756,464.31813300576005,464.31813300576005,greedy,4.354707470712756,0.0,hard_fault_cluster,,False
162,N5878,observe,-0.10692071914672852,2.830798191130161,4.030907869338989,-0.034101751446723894,1.8400188242346047,2.8308024560588683,2.830798191130161,2.830798191130161,1.0,4.2649287069692574e-06,3,2,1,0.0,1.0,2,1,1,0.0,-0.10692071914672852,0.17105679214000702,1.9725348934531213,3.409521985054016,0.0017105679214000703,0.06438446044921875,-0.019956087693572044,0.4313448667526245,0.7182554006576538,-0.15497945249080658,-0.140928715467453,-0.16903018951416016,-0.019956087693572044,-2.006996166408062,0.008940491825342178,0.07630430161952972,-0.009466469287872314,28688.15625,11952.595703125,16735.560546875,29139.79296875,12114.25,17025.54296875,-0.015742966905236244,-0.013524618931114674,-0.01732731983065605,-1.5742966905236244,1.0451498869806528,1.157420728802681,0.9318243586458266,1.158994434475899,2.4836454406380657,3.189369536414743,2.8308024560588683,467.1489354618189,467.1489354618189,greedy,2.8308024560588683,0.0,hard_fault_cluster,,False
163,N5876,observe,-0.2564190924167633,1.6915542776556682,2.272143566608429,0.7910493641672653,1.0995102804761845,1.6915582841854075,1.6915542776556682,1.6915542776556682,1.0,4.006529739295107e-06,0,2,0,0.0,1.0,0,1,0,0.0,-0.2564190924167633,0.11959044635295868,0.9204502175003288,1.8171859024092554,0.0011959044635295867,0.20300325751304626,0.047434546053409576,0.6049600839614868,0.8365573883056641,-0.08343710750341415,-0.033693403005599976,-0.13318081200122833,0.047434546053409576,5.3107368787704035,0.004158884286880493,0.05166046321392059,-0.003064081072807312,29139.927734375,12114.31640625,17025.611328125,29514.576171875,12287.40234375,17227.173828125,-0.01285687554627657,-0.014287717640399933,-0.011838781647384167,-1.285687554627657,0.5829134210944176,2.740274622440338,0.4576446767896414,2.7605291152000424,0.5659290968440474,2.4678539129486303,1.6915582841854075,468.8404937460043,468.8404937460043,greedy,1.6915582841854075,0.0,hard_fault_cluster,,False
164,N725,observe,-0.11874426156282425,1.975157948434353,3.680142831802368,-0.4019714087247846,1.2838526664823295,1.9751597350432393,1.975157948434353,1.975157948434353,0.4746839243206101,3.763786373644493e-06,3,2,1,0.0,0.8736104579850532,2,1,1,0.0,-0.11874426156282425,0.18825553357601166,1.109688797593117,2.780150520801544,0.0018825553357601165,0.015479177236557007,-0.03492840379476547,0.30513036251068115,0.8019224405288696,-0.21156081557273865,-0.20607814192771912,-0.21704348921775818,-0.03492840379476547,-5.271273808479309,0.011488854885101318,0.08575284481048584,-0.010520599782466888,29514.9609375,12286.5546875,17228.40625,29363.017578125,12264.13671875,17098.880859375,0.005148011725395918,0.0018245935207232833,0.007518129423260689,0.5148011725395918,1.302212618291378,5.322727142572403,1.1872172709554434,5.322727142572403,2.799780866503715,3.9198575632274144,1.9751597350432393,470.81565348104755,470.81565348104755,greedy,1.9751597350432393,0.0,hard_fault_cluster,,False
165,N714,observe,-0.05269260331988335,3.0411309060454372,2.9254457354545593,1.114828776419163,1.9767350889295343,3.041132711071443,3.0411309060454372,3.0411309060454372,0.5105072367520955,3.5357500850409983e-06,3,2,1,0.0,1.0,2,1,1,0.0,-0.05269260331988335,0.1901610642671585,5.8042981863021845,5.999999999999999,0.001901610642671585,0.016018390655517578,-0.02950451336801052,0.33736178278923035,0.8137528896331787,-0.22377385199069977,-0.2202058732509613,-0.22734183073043823,-0.02950451336801052,0.4489096969366073,0.012492917478084564,0.08535270392894745,-0.009692944586277008,29362.08203125,12263.908203125,17098.173828125,29130.2890625,12185.392578125,16944.896484375,0.007894296199083328,0.006402169819921255,0.008964545093476772,0.7894296199083328,1.4099482987076044,5.923464463949204,1.2894558855332434,5.923464463949204,4.1857055664062495,4.820708618164062,3.041132711071443,473.856786192119,473.856786192119,greedy,3.041132711071443,0.0,hard_fault_cluster,,False
166,N5874,observe,-0.09729278832674026,2.834831969213264,4.456208992004394,-0.5275398887722986,1.8426407799886217,2.834834950560388,2.834831969213264,2.834831969213264,0.8975825262272029,3.3215298167313715e-06,3,2,1,0.0,0.9773166428780949,2,1,1,0.0,-0.09729278832674026,0.1451529860496521,-0.5008602004156273,-2.2720173120498655,0.001451529860496521,0.17943885922431946,-0.042191676795482635,0.35546955466270447,0.565801203250885,-0.13438235595822334,-0.11198364943265915,-0.15678106248378754,-0.042191676795482635,-0.7393560010966029,-0.012897923588752747,0.09456145763397217,-0.005916625261306763,29131.091796875,12186.623046875,16944.46875,29293.5390625,12212.0859375,17081.453125,-0.005576421972364187,-0.0020894131157547235,-0.008084312081336975,-0.5576421972364187,-1.1868310496211052,-1.3567953982598557,-1.2640520315617323,-1.3341749587304368,0.9784477632420021,0.7409910461073016,2.834834950560388,476.69162114267937,476.69162114267937,greedy,2.834834950560388,0.0,hard_fault_cluster,,False
167,N7436,observe,-0.08745593577623367,1.2701825811333767,3.0326466202735896,-0.2860443525361916,0.8256186777366948,1.2701844112608718,1.2701825811333767,1.2701825811333767,0.5865250908941588,3.1202884983619008e-06,3,2,1,0.0,0.7877530117863323,2,1,1,0.0,-0.08745593577623367,0.15272574126720428,0.39994972156764563,2.336493670940399,0.0015272574126720428,0.18136045336723328,-0.04351155459880829,0.334421843290329,0.5370563268661499,-0.13687237724661827,-0.12160324305295944,-0.1521415114402771,-0.04351155459880829,-1.3804750406308086,-0.013903826475143433,0.09365338087081909,-0.00946403294801712,29293.248046875,12211.744140625,17081.50390625,29409.095703125,12252.189453125,17156.90625,-0.003954756073653698,-0.0033120012376457453,-0.0044142683036625385,-0.3954756073653698,-1.2811684608459473,-5.466971498492948,-1.3630791008472443,-4.41567764854788,0.5816803264498959,1.9530922121924323,1.2701844112608718,477.9618055539402,477.9618055539402,greedy,1.2701844112608718,0.0,hard_fault_cluster,,False
168,N7627,observe,-0.05890097841620445,3.8584895521402354,5.688436794281005,-1.0372083485126495,2.508018208891153,3.8584899020724497,3.8584895521402354,3.8584895521402354,0.11938027632616285,2.9312397751078145e-06,3,2,1,0.0,1.0,2,1,1,0.0,-0.05890097841620445,0.1601210981607437,0.43882406055927287,2.4795495986938474,0.001601210981607437,0.1836836189031601,-0.04460195451974869,0.3216420114040375,0.5266314744949341,-0.14023791253566742,-0.128403902053833,-0.15207192301750183,-0.04460195451974869,-5.499873545765877,-0.014706790447235107,0.09393388032913208,-0.009900331497192383,29409.4375,12252.3720703125,17157.06640625,29425.95703125,12255.33984375,17170.6171875,-0.0005617085262201726,-0.00024222031061071903,-0.0007898075855337083,-0.056170852622017264,-1.3551599010825157,-3.8730515751242636,-1.441799258813262,-3.330079487264156,2.1932689398527145,3.0006248109042644,3.8584899020724497,481.8202954560127,481.8202954560127,greedy,3.8584899020724497,0.0,hard_fault_cluster,,False
169,N723,observe,-0.02523059770464897,4.996027870178223,5.999999999999999,-0.3672473907470701,3.2474181156158446,4.996029635666265,4.996027870178223,4.996027870178223,0.6411458569633915,2.753644934974716e-06,3,2,1,0.0,1.0,2,1,1,0.0,-0.02523059770464897,0.19174598157405853,1.7395957291126252,2.777222967147827,0.0019174598157405854,0.04295358061790466,-0.053770482540130615,0.39347630739212036,0.9535770416259766,-0.21317456662654877,-0.1900268793106079,-0.23632225394248962,-0.053770482540130615,-4.891635850667954,0.009336188435554504,0.08919541537761688,-0.013805083930492401,29427.158203125,12255.185546875,17171.97265625,29101.892578125,12152.162109375,16949.73046875,0.011053246445953846,0.008406518027186394,0.012942146509885788,1.1053246445953846,1.0715943425893784,3.510024507045746,0.9681127183139324,3.1804769349098208,4.363192391395569,4.9360750544071195,4.996029635666265,486.81632509167895,486.81632509167895,greedy,4.996029635666265,0.0,hard_fault_cluster,,False
170,N715,observe,0.03194822743535042,6.843935464024544,5.999999999999999,0.9188680225610734,4.4485580516159535,6.843938050834566,6.843935464024544,6.843935464024544,1.0,2.5868100222654124e-06,3,2,1,0.0,1.0,2,1,1,0.0,0.03194822743535042,0.1926940530538559,6.2256312519311905,5.999999999999999,0.0019269405305385589,0.03746598958969116,-0.04665205627679825,0.3891046643257141,0.9086693525314331,-0.22325071692466736,-0.20395532250404358,-0.24254611134529114,-0.04665205627679825,1.4633327668905256,0.010719697922468185,0.087837815284729,-0.011972770094871521,29099.87890625,12150.9921875,16948.88671875,28741.828125,12010.201171875,16731.626953125,0.01230420172214508,0.011586791835725307,0.012818527407944202,1.230420172214508,1.2180117890238762,3.9771719014644624,1.108480291441083,3.904687241315842,5.964813241362572,5.977128606885671,6.843938050834566,493.6602631425135,493.6602631425135,greedy,6.843938050834566,0.0,hard_fault_cluster,,False
171,N1987,observe,-0.395035058259964,5.425536505281925,3.809454631805419,0.016250503361225164,3.5265987284332514,5.425537945190105,5.425536505281925,5.425536505281925,0.5925345370081218,2.430083125932946e-06,2,2,0,0.0,1.0,1,1,0,0.0,-0.395035058259964,0.16981752216815948,3.0496549084782596,1.7796635270118715,0.0016981752216815949,0.04154694080352783,-0.04327143728733063,0.33470988273620605,0.5134972333908081,-0.18561425805091858,-0.16695109009742737,-0.2042774260044098,-0.04327143728733063,1.1359863818660958,0.003818131983280182,0.07727380096912384,-0.01579313725233078,28743.962890625,12012.302734375,16731.66015625,29183.001953125,12231.689453125,16951.3125,-0.015274131670594215,-0.018263502046465874,-0.013127947226166725,-1.5274131670594215,0.508359283208847,5.999196165998438,0.4134497195482254,5.846857422788599,4.428960280120373,2.4497170622739946,5.425537945190105,499.0858010877036,499.0858010877036,greedy,5.425537945190105,0.0,hard_fault_cluster,,False
172,N2072,observe,-0.3689887821674347,6.0961285716295235,5.999999999999999,0.44299090921878803,3.9624835715591904,6.096130762332703,6.0961285716295235,6.0961285716295235,0.9596344139652067,2.2828518322240148e-06,3,2,1,0.0,1.0,2,1,1,0.0,-0.3689887821674347,0.10853211581707001,-1.1184313514828683,-3.7709229469299315,0.0010853211581707,0.1496901512145996,0.03277047723531723,0.4416847229003906,0.6407887935638428,-0.1164187639951706,-0.08909609913825989,-0.1437414288520813,0.03277047723531723,5.893621726334095,-0.0012203752994537354,0.04997744411230087,-0.009809084236621857,29183.4921875,12231.189453125,16952.302734375,29533.4765625,12383.55859375,17149.91796875,-0.011992545798420906,-0.012457426637411118,-0.01165713183581829,-1.1992545798420906,0.019265063107013702,7.416355103254318,-0.08671188168227673,7.416355103254318,2.2799589395523077,1.0619733107090004,6.096130762332703,505.1819318500363,505.1819318500363,greedy,6.096130762332703,0.0,hard_fault_cluster,,False
173,N6673,observe,-0.12089867144823074,1.4219528794288636,3.1672108650207518,-0.3053542375564573,0.9242693716287613,1.4219542489342825,1.4219528794288636,1.4219528794288636,0.638600766457757,2.1445408316589166e-06,3,2,1,0.0,1.0,2,1,1,0.0,-0.12089867144823074,0.18653027713298798,1.246510908007622,2.944229626655578,0.0018653027713298798,0.03299194574356079,-0.04150213301181793,0.3094734847545624,0.8532212972640991,-0.2099647969007492,-0.1903863251209259,-0.2295432686805725,-0.04150213301181793,-1.3383489137887956,0.00827895849943161,0.08152742683887482,-0.012540921568870544,29531.48046875,12383.2802734375,17148.19921875,29051.52734375,12172.9150390625,16878.61328125,0.01625225320458412,0.016987843438982964,0.015720946714282036,1.6252253204584122,0.972923994064331,5.801769844293594,0.8641528859734535,5.801769844293594,2.5884960919618605,3.782522459775209,1.4219542489342825,506.6038860989706,506.6038860989706,greedy,1.4219542489342825,0.0,hard_fault_cluster,,False
174,N5473,observe,-0.28770363330841064,6.956446134820581,5.999999999999999,0.9904657221585512,4.521689987633378,6.9564480229356835,6.956446134847093,6.956446134820581,0.9372113764671017,2.0146096709972613e-06,2,2,1,1.3159797377038096e-05,1.0,2,1,0,0.0,-0.28770363330841064,0.18314220011234283,6.36258587129414,5.999999999999999,0.0018314220011234283,0.03612637519836426,-0.032257407903671265,0.18209949135780334,0.45433735847473145,-0.14236943423748016,-0.1458115577697754,-0.13892731070518494,-0.032257407903671265,0.20958322457969158,0.007284104824066162,0.08185289800167084,-0.012963414192199707,29050.890625,12172.37890625,16878.51171875,29106.494140625,12190.470703125,16916.0234375,-0.0019140038639307022,-0.001486299210228026,-0.0022224541753530502,-0.19140038639307022,0.8792952746152878,6.471007351130247,0.7661316804587841,6.471007351130247,6.138174198195339,6.089813228826969,6.9564480229356835,513.5603341219063,513.5603341219063,greedy,6.9564480229356835,0.0,hard_fault_cluster,,False
175,N2151,observe,-0.6057021617889404,7.668678770065307,2.3999999999999995,1.4437046718597413,4.98464120054245,7.6686791199370905,7.668678770065307,7.668678770065307,0.18486785784889617,1.8925506414051861e-06,3,2,1,0.0,1.0,2,1,1,0.0,-0.6057021617889404,0.1866624802350998,5.227063247561454,4.269138288497924,0.001866624802350998,0.015623092651367188,-0.019068961963057518,0.002280924469232559,0.16662301123142242,-0.1564868986606598,-0.1675705909729004,-0.1454032063484192,-0.019068961963057518,6.648889605402946,0.0002261921763420105,0.06498530507087708,-0.01498478651046753,29107.33203125,12191.32421875,16916.0078125,29537.96875,12421.369140625,17116.599609375,-0.014794784598052502,-0.018869560211896896,-0.011858104728162289,-1.4794784598052502,0.19021273590624332,7.378097274303437,0.06451759720221162,7.378097274303437,4.710629338026047,2.4319090697169305,7.6686791199370905,521.2290132418434,521.2290132418434,greedy,7.6686791199370905,0.0,hard_fault_cluster,,False
176,N5456,observe,-0.4285413920879364,1.4327628749608994,2.8410220742225647,0.06001285970211029,0.9312958687245846,1.4327635797078502,1.4327628749608994,1.4327628749608994,0.3963958520439976,1.777886794572054e-06,3,2,1,0.0,1.0,2,1,1,0.0,-0.4285413920879364,0.1909053772687912,1.0811384290456771,2.587351882457733,0.0019090537726879119,0.018478333950042725,-0.021044844761490822,0.07146474719047546,0.2882143259048462,-0.13182539492845535,-0.13986966013908386,-0.12378112971782684,-0.021044844761490822,-0.5473635941743851,0.005621578544378281,0.07524122297763824,-0.011712275445461273,29537.400390625,12420.669921875,17116.73046875,29543.11328125,12403.775390625,17139.337890625,-0.00019341209554113448,0.001360194873996079,-0.001320779207162559,-0.019341209554113448,0.7320183869451284,1.612819526195526,0.6046229875646532,1.6217617964744566,1.318051466345787,2.956733453124761,1.4327635797078502,522.6617768215513,522.6617768215513,greedy,1.4327635797078502,0.0,hard_fault_cluster,,False
177,N5866,observe,-0.23436422646045685,6.800869280174375,5.999999999999999,0.8914622692018747,4.420565032113344,6.8008709503444535,6.800869280174375,6.800869280174375,1.0,1.670170079024566e-06,3,2,1,0.0,1.0,2,1,1,0.0,-0.23436422646045685,0.14014817774295807,1.5638830384612081,-1.9290569633245467,0.0014014817774295808,0.23529522120952606,0.04234136641025543,0.5687296390533447,0.9630728960037231,-0.06036890298128128,-0.013529956340789795,-0.10720784962177277,0.04234136641025543,6.373712349012494,-0.0017388015985488892,0.055366016924381256,-0.0004084259271621704,29544.150390625,12404.912109375,17139.23828125,29610.662109375,12294.111328125,17316.55078125,-0.002251265337690711,0.008932008408010006,-0.010345413349568844,-0.2251265337690711,0.008609384298324585,7.465000122785568,-0.12825777381658554,7.465000122785568,3.39547200948,2.312056806162001,6.8008709503444535,529.4626477718957,529.4626477718957,greedy,6.8008709503444535,0.0,hard_fault_cluster,,False
178,N705,observe,-0.08762944489717484,2.6212892815470696,3.6179476499557492,0.18068146556615836,1.7038380330055953,2.621290850526659,2.6212892815470696,2.6212892815470696,1.0,1.5689795893558926e-06,2,2,0,0.0,1.0,1,1,0,0.0,-0.08762944489717484,0.1994364708662033,2.1956358149647714,3.3730755567550657,0.001994364708662033,0.02872660756111145,-0.03213372826576233,0.3178413212299347,0.8776148557662964,-0.2205941528081894,-0.2087470293045044,-0.2324412763118744,-0.03213372826576233,-1.6616450920701027,0.007254321128129959,0.08571167290210724,-0.012904651463031769,29609.501953125,12292.716796875,17316.78515625,29388.625,12227.53515625,17161.08984375,0.0074596647173166275,0.005302459932863712,0.008991005830466747,0.7459664717316628,0.8927348554134369,2.2002873891592025,0.7672577984631062,2.2931240075826644,2.554956506192684,3.7607217290252444,2.621290850526659,532.0839386224224,532.0839386224224,greedy,2.621290850526659,0.0,hard_fault_cluster,,False
179,N7442,control0,-0.19369949400424957,6.370433115959168,5.999999999999999,0.6175483465194702,4.140781525373459,6.370434589879089,6.370433115959168,6.370433115959168,1.0,1.4739199215286484e-06,3,3,1,0.0,1.0,2,2,1,0.0,-0.19369949400424957,0.19078050553798676,5.8543662309646605,5.999999999999999,0.0019078050553798676,0.01039886474609375,-0.02725154720246792,-0.09838244318962097,0.33866769075393677,-0.14858707413077354,-0.10775046795606613,-0.18942368030548096,-0.02725154720246792,-2.281720986366272,0.0029725655913352966,0.06348978728055954,-0.013657502830028534,29389.177734375,12228.517578125,17160.66015625,29085.38671875,12122.337890625,16963.048828125,0.010336833074688911,0.008682956919074059,0.011515368707478046,1.0336833074688911,0.4607855174690485,6.165084791183471,0.3381387987174094,6.165084791183471,6.260771536827088,6.098067245483399,6.370434589879089,538.4543732123014,538.4543732123014,greedy,6.370434589879089,0.0,hard_fault_cluster,,False
180,N7405,observe,-0.2814379036426544,4.651213549375535,5.305507135391235,0.09172096610069289,3.0232888070940978,4.651214689093126,4.651213549375535,4.651213549375535,0.8231268493338426,1.3846196278250255e-06,3,2,1,0.0,1.0,2,1,1,0.0,-0.2814379036426544,0.19448156654834747,3.6568215072154997,4.6121558189392085,0.0019448156654834747,0.026509255170822144,-0.023597368970513344,0.2914223372936249,0.41910025477409363,-0.2044636681675911,-0.20171301066875458,-0.2072143256664276,-0.023597368970513344,-4.802940105199814,0.0027702823281288147,0.07176771759986877,-0.013860836625099182,29085.17578125,12122.1435546875,16963.033203125,29350.6171875,12226.49609375,17124.12109375,-0.009126346558332443,-0.008608423173427582,-0.009496408514678478,-0.9126346558332443,0.4479124303907156,5.638381497859955,0.31974928220734,5.638381497859955,4.704636472463608,5.158013707101345,4.651214689093126,543.1055879013945,543.1055879013945,greedy,4.651214689093126,0.0,hard_fault_cluster,,False
181,N1598,observe,-0.45231249928474426,5.2375661855936055,3.997652775049209,-0.14766710400581345,3.404418020635844,5.237567186922909,5.2375661855936055,5.2375661855936055,0.7698211649578691,1.3007297654067621e-06,3,2,1,0.0,1.0,2,1,1,0.0,-0.45231249928474426,0.18570946156978607,2.5715039104223254,0.8651066064834594,0.0018570946156978606,0.03166341781616211,-0.026704592630267143,0.2608484625816345,0.40363889932632446,-0.19269637018442154,-0.18582157790660858,-0.1995711624622345,-0.026704592630267143,-3.19167082965374,0.0008719563484191895,0.07117700576782227,-0.015098467469215393,29350.80859375,12226.677734375,17124.130859375,29730.94921875,12389.298828125,17341.650390625,-0.012951623648405075,-0.013300513848662376,-0.012702515348792076,-1.2951623648405075,0.24620050378143787,6.016157842874527,0.12694685207679868,6.016157842874527,4.302578592300415,2.2923634258657697,5.237567186922909,548.3431550883174,548.3431550883174,greedy,5.237567186922909,0.0,hard_fault_cluster,,False
182,N5422,observe,-0.34237757325172424,6.045100737474859,5.999999999999999,0.4105186511203647,3.9293154793586584,6.045101756317725,6.045100737474859,6.045100737474859,0.8338031574010453,1.2219225328134202e-06,3,2,1,0.0,1.0,2,1,1,0.0,-0.34237757325172424,0.19439996778964996,3.748735570721328,3.999924516677856,0.0019439996778964996,0.028155922889709473,-0.02318905107676983,0.11682751774787903,0.36584267020225525,-0.14219334721565247,-0.1506032943725586,-0.13378340005874634,-0.02318905107676983,-0.1367853177711369,0.0038579031825065613,0.07597136497497559,-0.013460688292980194,29730.03515625,12388.41796875,17341.6171875,29664.32421875,12351.19921875,17313.125,0.0022102543152868748,0.0030043183360248804,0.0016429948154836893,0.22102543152868748,0.5570012349635363,6.465264080241322,0.42859304742887616,6.465264080241322,4.711684836633504,5.162595143811777,6.045101756317725,554.3882568446352,554.3882568446352,greedy,6.045101756317725,0.0,hard_fault_cluster,,False
183,N703,observe,-0.10434407740831375,6.289314980953932,5.999999999999999,0.5659277151525021,4.088054737620056,6.289316128843922,6.289314980953932,6.289314980953932,1.0,1.1478899890710551e-06,3,2,1,0.0,1.0,2,1,1,0.0,-0.10434407740831375,0.2009303718805313,4.978698425740004,5.114613246917724,0.002009303718805313,0.02447730302810669,-0.027492469176650047,0.2922409474849701,0.757656455039978,-0.22891835868358612,-0.2273954153060913,-0.23044130206108093,-0.027492469176650047,-1.064458361119032,0.008101902902126312,0.07998016476631165,-0.011384211480617523,29664.85546875,12351.4892578125,17313.365234375,29405.396484375,12256.078125,17149.318359375,0.008746342733502388,0.007724666502326727,0.009475158527493477,0.8746342733502388,0.9836281929165125,6.334167201817035,0.8535497658886015,6.334167201817035,5.571351630240679,5.721378559656442,6.289316128843922,560.6775729734791,560.6775729734791,greedy,6.289316128843922,0.0,hard_fault_cluster,,False
184,N6682,observe,-0.43835824728012085,5.055710546076298,3.6971203148365017,0.033650934994220824,3.286211854949594,5.055711624419149,5.055710546076298,5.055710546076298,1.0,1.078342850406167e-06,3,2,1,0.0,1.0,2,1,1,0.0,-0.43835824728012085,0.1874719113111496,3.0776450321078297,2.1397942580282687,0.001874719113111496,0.029387205839157104,-0.024128397926688194,0.2922689914703369,0.4453076720237732,-0.1951615884900093,-0.19015677273273468,-0.20016640424728394,-0.024128397926688194,-1.3074887546896936,0.002588614821434021,0.07431840896606445,-0.014331623911857605,29404.923828125,12256.056640625,17148.8671875,29889.62890625,12466.6806640625,17422.94921875,-0.01648380607366562,-0.017185300588607788,-0.01598251610994339,-1.648380607366562,0.4222049955278635,6.202017496228218,0.29969736048951745,6.202017496228218,4.4041683152318,2.645714784618467,5.055711624419149,565.7332845978982,565.7332845978982,greedy,5.055711624419149,0.0,hard_fault_cluster,,False
185,N5439,observe,-0.3608960509300232,5.975343734025955,5.999999999999999,0.36612783074378974,3.883973427116871,5.97534459141322,5.975343734056411,5.975343734025955,0.8463764492940808,1.0130093598630711e-06,3,2,1,3.006426887763869e-05,1.0,2,1,0,0.0,-0.3608960509300232,0.19418416917324066,3.518093705177307,3.828931951522827,0.0019418416917324065,0.028146713972091675,-0.02102491445839405,0.11512613296508789,0.3829273283481598,-0.14199858903884888,-0.15508058667182922,-0.12891659140586853,-0.02102491445839405,-0.17609191656112677,0.005002480000257492,0.07809433341026306,-0.013062313199043274,29889.44921875,12466.357421875,17423.091796875,29824.53125,12425.84765625,17398.68359375,0.0021719359792768955,0.0032495269551873207,0.0014009111328050494,0.21719359792768955,0.6734072547405958,6.437910778522491,0.5435378137044609,6.437910778522491,4.516774916648865,5.035903695821762,5.97534459141322,571.7086291893114,571.7086291893114,greedy,5.97534459141322,0.0,hard_fault_cluster,,False
186,N5202,observe,-0.3754352033138275,6.603241207599639,5.999999999999999,0.7656989502906798,4.292106784939766,6.6032420868984,6.603241207599639,6.603241207599639,0.9239881644593653,9.516342254076861e-07,3,2,1,0.0,1.0,2,1,1,0.0,-0.3754352033138275,0.1952262669801712,5.006102079153061,4.831178188323975,0.001952262669801712,0.01619085669517517,-0.015157384797930717,0.1415693461894989,0.4031562805175781,-0.17365293949842453,-0.16731075942516327,-0.1799951195716858,-0.015157384797930717,0.5942127001285551,0.0018083825707435608,0.06909731030464172,-0.012703031301498413,29824.5390625,12426.01953125,17398.51953125,29589.671875,12319.4638671875,17270.20703125,0.007874964736402035,0.008575204759836197,0.007374909240752459,0.7874964736402035,0.36090713925659657,6.563738704919816,0.2258554776199162,6.563738704919816,5.344313973188401,5.5418483069539075,6.6032420868984,578.3118712762098,578.3118712762098,greedy,6.6032420868984,0.0,hard_fault_cluster,,False
187,N2652,control1,-0.5612252950668335,6.394136935472488,5.999999999999999,0.6326325953006745,4.156189008057118,6.394137306559159,6.394136935472488,6.394136935472488,0.4150961511799034,8.939776223683641e-07,3,2,1,0.0,1.0,2,1,1,0.0,-0.5612252950668335,0.18575115501880646,3.7333815574645994,3.6783670902252195,0.0018575115501880647,0.003648132085800171,-0.00512036494910717,-0.15392658114433289,0.16189956665039062,-0.1801585555076599,-0.2265264391899109,-0.13379067182540894,-0.00512036494910717,1.5987257039546965,-0.01001264899969101,0.03663603961467743,-0.020059578120708466,29593.19140625,12321.0751953125,17272.115234375,29515.59765625,12366.96875,17148.62890625,0.0026220136787742376,-0.0037248011212795973,0.007149461656808853,0.26220136787742376,-0.8206341098994017,6.718375889658928,-0.9561072024516761,6.718375889658928,4.539183545112611,4.81421652816236,6.394137306559159,584.706008582769,584.706008582769,greedy,6.394137306559159,0.0,hard_fault_cluster,,False
188,N679,observe,-0.02382476255297661,2.4574082095175984,4.0753875255584715,-0.4255363978445527,1.597315336186439,2.4574090493318548,2.4574082095175984,2.4574082095175984,1.0,8.398142563157736e-07,3,2,1,0.0,1.0,2,1,1,0.0,-0.02382476255297661,0.2076190859079361,1.4291388634592295,3.1297904491424555,0.002076190859079361,0.01021072268486023,-0.016046622768044472,0.2409728467464447,0.5491964221000671,-0.23891916871070862,-0.25068399310112,-0.22715434432029724,-0.016046622768044472,-5.281895441785455,0.007245942950248718,0.0678943544626236,-0.008480757474899292,29512.97265625,12365.3994140625,17147.57421875,29306.548828125,12249.412109375,17057.13671875,0.006994341965764761,0.00937998853623867,0.005274069495499134,0.6994341965764761,0.9161667581647635,3.2111894546449182,0.7724874108098447,3.279722255319357,2.7532404989004133,3.8896063242852685,2.4574090493318548,587.1634176321008,587.1634176321008,greedy,2.4574090493318548,0.0,hard_fault_cluster,,False
189,N7439,observe,-0.030872847884893417,3.3681727987527847,4.673704290390014,-0.2968998730182646,2.1893123191893102,3.3681735876852676,3.3681727987527847,3.3681727987527847,1.0,7.889324827200223e-07,3,2,1,0.0,1.0,2,1,1,0.0,-0.030872847884893417,0.19932572543621063,1.8926650285720825,3.295048069953918,0.0019932572543621065,0.03671407699584961,-0.03823458403348923,0.37367767095565796,0.7449865341186523,-0.15356962382793427,-0.12172967195510864,-0.1854095757007599,-0.03823458403348923,-5.099393080472947,0.00634288415312767,0.08273056149482727,-0.014637596905231476,29306.11328125,12249.86328125,17056.25,29644.12109375,12267.431640625,17376.689453125,-0.011533696204423904,-0.0014341678470373154,-0.018787216395139694,-1.1533696204423904,0.7953795567154884,5.307732858657838,0.6745612006634474,5.489395656585694,3.4798366189002996,4.361893802285195,3.3681735876852676,590.5315912197862,590.5315912197862,greedy,3.3681735876852676,0.0,hard_fault_cluster,,False
190,N5390,observe,-0.23095588386058807,2.92624817609787,3.6413767576217646,0.35557694673538204,1.9020613144636154,2.9262489172313497,2.92624817609787,2.92624817609787,1.0,7.411334799450558e-07,3,2,1,0.0,1.0,2,1,1,0.0,-0.23095588386058807,0.19714011251926422,2.755573776364326,3.749009227752685,0.001971401125192642,0.021636158227920532,-0.020720643922686577,0.17014054954051971,0.40927189588546753,-0.1543082743883133,-0.16973081231117249,-0.1388857364654541,-0.020720643922686577,0.3620606952905654,0.004854440689086914,0.08032457530498505,-0.015012681484222412,29643.294921875,12266.677734375,17376.6171875,29785.70703125,12378.2490234375,17407.458984375,-0.004804193042218685,-0.009095476940274239,-0.0017749022226780653,-0.4804193042218685,0.661863537505269,2.376352083683014,0.5295489360578358,2.3638841032981874,2.6566791862249373,3.826841471046209,2.9262489172313497,593.4578401370175,593.4578401370175,greedy,2.9262489172313497,0.0,hard_fault_cluster,,False
191,N2721,control1,-0.44796517491340637,7.040052685979754,5.999999999999999,1.043669891078025,4.576034245886841,7.040053303580284,7.040052685979754,7.040052685979754,0.8870633429206508,6.962304723487946e-07,3,2,1,0.0,1.0,2,1,1,0.0,-0.44796517491340637,0.18892733752727509,6.3648946298286315,5.999999999999999,0.001889273375272751,0.006742715835571289,-0.007731853052973747,-0.1059035062789917,0.2710390090942383,-0.17756010591983795,-0.2241874635219574,-0.1309327483177185,-0.007731853052973747,1.872730594873428,-0.005118481814861298,0.05385036766529083,-0.01809997856616974,29789.6171875,12380.1416015625,17409.4765625,29770.87109375,12463.349609375,17307.521484375,0.0006292827893048525,-0.006721086800098419,0.0058562979102134705,0.06292827893048525,-0.3306526970118284,3.9495432716608048,-0.4665493103675544,3.864941034913063,5.769688212871552,5.57318895239383,7.040053303580284,600.4978934405977,600.4978934405977,greedy,7.040053303580284,0.0,hard_fault_cluster,,False
192,N2894,control1,-0.5098878741264343,1.9282525378093123,3.04307359457016,0.21000958304852252,1.253364149576053,1.9282528744555536,1.9282525378093123,1.9282525378093123,0.5147118272573779,6.540480004532541e-07,3,2,1,0.0,1.0,2,1,1,0.0,-0.5098878741264343,0.18469883501529694,1.5685738092288375,2.825391709804535,0.0018469883501529693,-0.0074235498905181885,0.003521488979458809,-0.19616831839084625,0.04071687161922455,-0.18839464336633682,-0.24525457620620728,-0.13153471052646637,0.003521488979458809,0.4322573013976216,-0.012145213782787323,0.03323634713888168,-0.022198498249053955,29770.1796875,12463.203125,17306.9765625,29605.33203125,12426.32421875,17179.0078125,0.0055373418144881725,0.002959023229777813,0.007394055835902691,0.5537341814488173,-1.0263010542839766,1.8246583166718482,-1.1674662972800434,1.8317893448472022,1.6540674591436981,2.9715760060492897,1.9282528744555536,602.4261463150533,602.4261463150533,greedy,1.9282528744555536,0.0,hard_fault_cluster,,False
193,N6668,observe,-0.6720086932182312,0.9579479707404972,-1.3573928654193876,0.25328493881970643,0.6226661809813232,0.9579481518434807,0.9579479707404972,0.9579479707404972,0.2947537829946653,6.14421235332821e-07,3,2,1,0.0,1.0,2,1,1,0.0,-0.6720086932182312,0.1957937330007553,1.405941493436694,0.01660013198852539,0.0019579373300075533,-0.007848948240280151,0.012068921700119972,-0.20969821512699127,-0.2035491168498993,-0.1820116490125656,-0.2242867648601532,-0.13973653316497803,0.012068921700119972,0.21921707600355145,-0.011780738830566406,0.029927991330623627,-0.020949602127075195,29602.21875,12424.9755859375,17177.244140625,29871.298828125,12539.1796875,17332.119140625,-0.009089861996471882,-0.00919149536639452,-0.009016289375722408,-0.9089861996471882,-0.9702112283557653,1.3924026699364185,-1.1261082193814218,1.389153334647417,0.9573747768998145,-0.6288790067285299,0.9579481518434807,603.3840944668967,603.3840944668967,greedy,0.9579481518434807,0.0,hard_fault_cluster,,False
194,N5334,observe,-0.3544081151485443,0.9395853947103023,2.463529747724533,0.05503000304102899,0.6107305065616966,0.9395857176700283,0.9395853947103023,0.9395853947103023,0.5595328074369884,5.771953345416448e-07,3,2,1,0.0,1.0,2,1,1,0.0,-0.3544081151485443,0.20008589327335358,0.7178998336195945,2.301321345567703,0.0020008589327335357,-0.01859220862388611,0.004128890112042427,0.0036083944141864777,0.06496965885162354,-0.1897575557231903,-0.20016396045684814,-0.17935115098953247,0.004128890112042427,-0.5451591312885284,-0.0025636032223701477,0.045176684856414795,-0.01272641122341156,29870.65625,12538.5791015625,17332.078125,29636.51171875,12392.73046875,17243.78125,0.007838613353669643,0.011631990782916546,0.0050944192335009575,0.7838613353669643,-0.05214553885161877,1.0137292289733886,-0.20530662639066577,1.0217947387695312,0.8662203431129456,2.1380432230234145,0.9395857176700283,604.3236801845668,604.3236801845668,greedy,0.9395857176700283,0.0,hard_fault_cluster,,False
195,N719,observe,-0.018530230969190598,3.080221492648125,4.461867499351501,-0.31107234358787517,2.0021439702212813,3.080222034872962,3.080221492648125,3.080221492648125,1.0,5.422248370634153e-07,3,2,1,0.0,1.0,2,1,1,0.0,-0.018530230969190598,0.20737047493457794,1.921667701005936,3.4360322713851925,0.0020737047493457794,-0.004056334495544434,-0.0014869403094053268,0.2139580249786377,0.4746060073375702,-0.24483470618724823,-0.2607078552246094,-0.22896155714988708,-0.0014869403094053268,-5.163560907840729,0.007739577442407608,0.06352494657039642,-0.007322534918785095,29637.6875,12393.0390625,17244.6484375,29499.19921875,12349.7099609375,17149.490234375,0.004672708921134472,0.003496245015412569,0.00551812956109643,0.4672708921134472,0.9798412788659334,3.7315812683105465,0.825428627897054,3.7946848487854004,3.2223119735717773,4.194502782821655,3.080222034872962,607.4039022194397,607.4039022194397,greedy,3.080222034872962,0.0,hard_fault_cluster,,False
196,N7473,control0,-0.22097158432006836,2.102592324912548,3.610644912719726,-0.20489064157009107,1.3666850111931563,2.1025926216364783,2.102592324912548,2.102592324912548,0.5825276860599916,5.093730949192808e-07,3,3,1,0.0,1.0,2,2,1,0.0,-0.22097158432006836,0.19839276373386383,1.9510039076209071,3.5492196083068848,0.0019839276373386384,0.010087072849273682,0.002496877685189247,-0.12410953640937805,0.07429799437522888,-0.16889972239732742,-0.2045285850763321,-0.13327085971832275,0.002496877685189247,-5.211446143090725,0.005893722176551819,0.06724074482917786,-0.010230764746665955,29498.3671875,12349.7724609375,17148.59375,29564.94140625,12351.732421875,17213.208984375,-0.002256878186017275,-0.0001587042206665501,-0.0037679611705243587,-0.22568781860172749,0.790261859074235,5.0620312839746475,0.6395946280099452,5.211688247323036,3.0044098749756816,3.4612393305450677,2.1025926216364783,609.5064948410762,609.5064948410762,greedy,2.1025926216364783,0.0,hard_fault_cluster,,False
197,N2952,control1,-0.38199862837791443,4.90491352468729,4.250792741775513,1.1161145451664922,3.1881937910467384,4.904913808497569,4.90491352468729,4.90491352468729,0.5931103796910367,4.785117392129009e-07,3,2,1,0.0,1.0,2,1,1,0.0,-0.38199862837791443,0.1878635734319687,3.7687899540364738,3.5801615715026855,0.001878635734319687,-0.007697403430938721,0.016155296936631203,-0.137993723154068,0.02713833749294281,-0.18969687819480896,-0.25379249453544617,-0.12560126185417175,0.016155296936631203,4.059662560373544,-0.0055145323276519775,0.04264764487743378,-0.016880415380001068,29567.6484375,12353.068359375,17214.580078125,29499.8671875,12375.337890625,17124.529296875,0.002292412566021085,-0.0018027529586106539,0.005231076385825872,0.22924125660210848,-0.34743436239659786,5.385816454291343,-0.5004485151730478,5.48757088124752,3.2522474989295005,3.8962824480980633,4.904913808497569,614.4114086495738,614.4114086495738,greedy,4.904913808497569,0.0,hard_fault_cluster,,False
198,N7380,observe,-0.2935341000556946,1.4369827650487423,2.7399361491203305,0.14540491029620173,0.9340387972816826,1.4369831123856396,1.4369827650487423,1.4369827650487423,0.7726836607773035,4.495201785261944e-07,3,2,1,0.0,1.0,2,1,1,0.0,-0.2935341000556946,0.18544818460941315,1.3486445538699625,-0.8480122566223144,0.0018544818460941314,-0.006991207599639893,0.017380082979798317,0.0074589066207408905,0.05082925409078598,-0.21616588532924652,-0.2552603781223297,-0.17707139253616333,0.017380082979798317,-0.8164393536746501,-0.0010039210319519043,0.04648800939321518,-0.013481192290782928,29497.103515625,12374.326171875,17122.77734375,29202.8125,12244.82421875,16957.98828125,0.00997694581747055,0.01046537421643734,0.009623968042433262,0.997694581747055,0.10243616439402103,1.9702490845322609,-0.049685036297887564,1.9864655056595804,1.494265929609537,1.0762728542461995,1.4369831123856396,615.8483917619594,615.8483917619594,greedy,1.4369831123856396,0.0,hard_fault_cluster,,False
199,N2779,control1,-0.3519552946090698,1.66456129103899,2.6483945846557617,0.3651252523064613,1.0819648391753436,1.6645615050046325,1.66456129103899,1.66456129103899,0.5066852432009791,4.2228512770575273e-07,3,2,1,0.0,1.0,2,1,1,0.0,-0.3519552946090698,0.182963564991951,1.6861330561339856,2.8351533651351923,0.00182963564991951,-0.014984548091888428,0.027131879702210426,-0.1767588108778,-0.13172321021556854,-0.19543562456965446,-0.268435001373291,-0.12243624776601791,0.027131879702210426,1.0904809598624705,-0.008533895015716553,0.0319514274597168,-0.018451087176799774,29204.7890625,12245.525390625,16959.263671875,29149.84765625,12255.4638671875,16894.3828125,0.001881246455013752,-0.0008116006501950324,0.0038256885018199682,0.1881246455013752,-0.6432940568774939,1.4849729153513909,-0.8008656403981149,1.4743359181284905,1.3250865809619425,2.602673601321876,1.6645615050046325,617.512953266964,617.512953266964,greedy,1.6645615050046325,0.0,hard_fault_cluster,,False
200,N5373,observe,-0.2939176857471466,0.7796873430907727,2.369232904911041,0.03042865976691251,0.5067967730090023,0.7796875811885611,0.7796873430907727,0.7796873430907727,0.6001958386611508,3.9670016519864094e-07,3,2,1,0.0,1.0,2,1,1,0.0,-0.2939176857471466,0.18720556795597076,0.9186325825750827,-1.0177101492881775,0.0018720556795597076,-0.005287855863571167,0.01912199892103672,-0.0029985271394252777,-0.1267535388469696,-0.1712215542793274,-0.21734103560447693,-0.12510207295417786,0.01912199892103672,-1.2893394942581655,0.0011745169758796692,0.05705149471759796,-0.01241379976272583,29147.125,12253.96875,16893.15625,29204.78515625,12203.8701171875,17000.9140625,-0.001978245098143816,0.004088359884917736,-0.006378785241395235,-0.1978245098143816,0.3237792644649744,1.5449248787760737,0.1690335893072188,1.5591373679041864,1.0103081576526165,1.286700302474201,0.7796875811885611,618.2926408481526,618.2926408481526,greedy,0.7796875811885611,0.0,hard_fault_cluster,,False
201,N6660,observe,-0.28704774379730225,2.1568553452566266,3.1943853020668027,0.23168360892683268,1.4019559744168073,2.156855717921944,2.1568553452566266,2.1568553452566266,1.0,3.726653172078671e-07,3,2,1,0.0,1.0,2,1,1,0.0,-0.28704774379730225,0.17871887981891632,1.780894292332232,-0.6635975718498228,0.0017871887981891633,-0.003909498453140259,0.025172853842377663,0.04940802976489067,0.2251749485731125,-0.21782094985246658,-0.23710764944553375,-0.19853425025939941,0.025172853842377663,-0.510961520113051,0.0006641894578933716,0.0504504069685936,-0.012442119419574738,29205.4375,12204.556640625,17000.880859375,29000.87890625,12140.82421875,16860.0546875,0.0070041269063949585,0.00522201880812645,0.008283463306725025,0.7004126906394958,0.27031067945063114,3.419526590332389,0.11739187920466065,3.470320762619376,2.05840367525816,1.442962388917804,2.156855717921944,620.4494965660746,620.4494965660746,greedy,2.156855717921944,0.0,hard_fault_cluster,,False
202,N708,observe,0.0015520500019192696,2.509077652320266,3.69894700050354,0.04300186924636369,1.6309004740081727,2.509078002406933,2.509077652320266,2.509077652320266,1.0,3.50086667042598e-07,3,2,1,0.0,1.0,2,1,1,0.0,0.0015520500019192696,0.1963554173707962,1.9841023366898298,3.330280518531799,0.0019635541737079622,-0.0034936368465423584,0.017117196694016457,0.2387455254793167,0.3691728711128235,-0.2496843934059143,-0.2870594561100006,-0.212309330701828,0.017117196694016457,-2.7286296378821135,0.008613642305135727,0.06718400120735168,-0.008244633674621582,29000.828125,12140.416015625,16860.412109375,28878.5546875,12096.9755859375,16781.578125,0.004216204863041639,0.003578166477382183,0.004675685428082943,0.42162048630416393,1.0748368445783854,3.1311715407669545,0.9147323840297759,3.1617246909439567,2.586232351139188,3.781051028240472,2.509078002406933,622.9585745684815,622.9585745684815,greedy,2.509078002406933,0.0,hard_fault_cluster,,False
203,N734,observe,0.04432843253016472,2.460311032421887,3.5147296667098997,0.1626918387785554,1.5992021710742266,2.460311361297875,2.460311032421887,2.460311032421887,1.0,3.2887598813664846e-07,3,2,1,0.0,1.0,2,1,1,0.0,0.04432843253016472,0.19446443021297455,2.116033295728266,3.3270404577255244,0.0019446443021297454,-0.002110898494720459,0.0171674732118845,0.26641201972961426,0.43158844113349915,-0.24888311326503754,-0.28306707739830017,-0.2146991491317749,0.0171674732118845,-1.8517992675676944,0.00995749980211258,0.06963430345058441,-0.00844147801399231,28879.28125,12096.921875,16782.359375,28861.974609375,12093.375,16768.599609375,0.0005992753431200981,0.00029320476460270584,0.0008198946015909314,0.05992753431200981,1.207381883636117,3.52418677829206,1.0486579560674727,3.5596794845908883,2.5281136399134994,3.7432738659437743,2.460311361297875,625.4188859297793,625.4188859297793,greedy,2.460311361297875,0.0,hard_fault_cluster,,False
204,N7873,control1,-0.2651210129261017,1.2954093220829963,2.478631895780563,0.2691071084141731,0.8420160593539476,1.2954094445482816,1.2954093220829963,1.2954093220829963,0.3963914129554656,3.0895039930125726e-07,3,2,1,0.0,1.0,2,1,1,0.0,-0.2651210129261017,0.16001616418361664,1.1509604662656785,2.43911697268486,0.0016001616418361664,-0.017715096473693848,0.03151765465736389,-0.1962466835975647,-0.05866783857345581,-0.2053193673491478,-0.2933339774608612,-0.11730475723743439,0.03151765465736389,0.9680702191591263,-0.0063583701848983765,0.03143692761659622,-0.018602050840854645,28861.28125,12093.9970703125,16767.28515625,28638.05078125,12032.0576171875,16605.994140625,0.007734599988907576,0.005121503956615925,0.009619387798011303,0.7734599988907576,-0.4443031996488571,0.7909489396214485,-0.5879535637795925,0.7699754956364632,0.9754198372364045,2.7340228942036626,1.2954094445482816,626.7142953743275,626.7142953743275,greedy,1.2954094445482816,0.0,hard_fault_cluster,,False
205,N699,observe,0.13001425564289093,2.2057391278841534,3.280557918548584,0.192286602568347,1.4337304331246998,2.2057394181161945,2.2057391278841534,2.2057391278841534,1.0,2.902320408650404e-07,3,2,1,0.0,1.0,2,1,1,0.0,0.13001425564289093,0.19187293946743011,1.7978712848504075,3.0356577873229975,0.0019187293946743011,-0.007359594106674194,0.018986744806170464,0.266907274723053,0.36271899938583374,-0.25189217925071716,-0.2908859848976135,-0.2128983736038208,0.018986744806170464,-0.7212103735399433,0.008819043636322021,0.06410006433725357,-0.00840400904417038,28638.021484375,12031.548828125,16606.47265625,28597.08203125,12012.2236328125,16584.859375,0.00142954895272851,0.001606210134923458,0.0013014974538236856,0.142954895272851,1.0927640479058027,2.062266895617358,0.9346192847006023,2.063505968893878,1.9774996872874906,3.3853747967368686,2.2057394181161945,628.9200347924437,628.9200347924437,greedy,2.2057394181161945,0.0,hard_fault_cluster,,False
206,N2837,control1,-0.1604182869195938,1.469470186494291,2.489111316204071,0.3772420159354806,0.9551556212212892,1.4694703228331447,1.469470186494291,1.469470186494291,0.5000549008740113,2.7264777043563345e-07,3,2,1,0.0,1.0,2,1,1,0.0,-0.1604182869195938,0.17868079245090485,1.7871229792013765,2.9872316956520075,0.0017868079245090484,-0.016044944524765015,0.03342130035161972,-0.08861707150936127,-0.018271535634994507,-0.1959325335919857,-0.2690642476081848,-0.12280081957578659,0.03342130035161972,1.0272568586096167,-0.004812315106391907,0.03792089223861694,-0.016860678791999817,28598.87890625,12013.328125,16585.55078125,28715.375,12095.6220703125,16619.75390625,-0.0040734498761594296,-0.006850220263004303,-0.002062224317342043,-0.40734498761594296,-0.2691294178366661,0.9904613717645406,-0.42820598743855953,0.961088876351714,1.2145588776096703,2.456636086842045,1.4694703228331447,630.3895051152768,630.3895051152768,greedy,1.4694703228331447,0.0,hard_fault_cluster,,False
207,N7383,observe,-0.12450698763132095,1.397590996734798,2.5942070126533507,0.23957035120576617,0.9084341478776187,1.397591189790112,1.397590996734798,1.397590996734798,0.7537428675123137,2.561288770942039e-07,3,2,1,0.0,1.0,2,1,1,0.0,-0.12450698763132095,0.17451907694339752,1.2402700897306203,-1.0573927164077759,0.0017451907694339753,-0.017908424139022827,0.033254243433475494,0.03966674581170082,0.018531158566474915,-0.22087208926677704,-0.26948240399360657,-0.1722617745399475,0.033254243433475494,0.4714376674592495,-0.0007907003164291382,0.0437902957201004,-0.014016084372997284,28713.23046875,12094.912109375,16618.318359375,28533.390625,11997.07421875,16536.31640625,0.0062633091583848,0.008089177310466766,0.00493443151935935,0.62633091583848,0.1287032887339592,1.4021252006292344,-0.027126701548695564,1.3987788766622544,1.1664301536977293,0.9099293556436899,1.397591189790112,631.7870963050669,631.7870963050669,greedy,1.397591189790112,0.0,hard_fault_cluster,,False
208,N3009,control1,-0.18910448253154755,1.3059603983163834,2.4368591606616974,0.30999912202358243,0.8488742589056493,1.3059605042493545,1.3059603983163834,1.3059603983163834,0.4402668761793823,2.4061081290604236e-07,3,2,1,0.0,1.0,2,1,1,0.0,-0.18910448253154755,0.17823819816112518,1.5026105523109434,2.7926192641258236,0.001782381981611252,-0.020567893981933594,0.03903671354055405,-0.14516842365264893,-0.1542658805847168,-0.1942783035337925,-0.27181923389434814,-0.11673737317323685,0.03903671354055405,0.8162539619207382,-0.008978717029094696,0.029826954007148743,-0.019520871341228485,28534.826171875,11997.462890625,16537.36328125,28606.45703125,12059.107421875,16547.349609375,-0.0025102959480136633,-0.005138130392879248,-0.0006038646097294986,-0.25102959480136633,-0.6805967912077904,0.9473449224233628,-0.8435529749840498,0.9241945618391036,1.0680623397231102,2.2692405208200217,1.3059605042493545,633.0930568093163,633.0930568093163,greedy,1.3059605042493545,0.0,hard_fault_cluster,,False
209,N2159,observe,-0.22251002490520477,0.9545737546309829,2.2923097074031826,0.20465717416256668,0.6204729405101389,0.9545738651448065,0.9545737546309829,0.9545737546309829,0.4889279553219761,2.2603294069810543e-07,3,2,1,0.0,1.0,2,1,1,0.0,-0.22251002490520477,0.19309590756893158,1.256296533718705,2.7378465652465818,0.0019309590756893158,-0.020876020193099976,0.03333744406700134,-0.13907645642757416,-0.20995986461639404,-0.19199679791927338,-0.2533465027809143,-0.13064709305763245,0.03333744406700134,0.16618130788207053,-0.007222674787044525,0.03364628553390503,-0.016924113035202026,28604.875,12058.603515625,16546.271484375,28902.375,12128.7998046875,16773.57421875,-0.010400325059890747,-0.0058212620206177235,-0.013737399131059647,-1.0400325059890747,-0.4958341270685196,1.0055105846375227,-0.6656591407954693,0.9934403222054243,0.8731816053390503,1.6175680434703825,0.9545738651448065,634.0476306744611,634.0476306744611,greedy,0.9545738651448065,0.0,hard_fault_cluster,,False
210,N7589,control1,-0.2165205031633377,0.948466763831675,2.3518165349960327,0.15208350289613007,0.6165033964905888,0.9484669465562309,0.948466763831675,0.948466763831675,0.8605350908645871,2.12338297117944e-07,3,2,1,0.0,1.0,2,1,1,0.0,-0.2165205031633377,0.1664884239435196,0.7673302169889212,2.2335579872131346,0.001664884239435196,-0.024684548377990723,0.03181644529104233,-0.2669260799884796,0.027975372970104218,-0.2698935270309448,-0.39040470123291016,-0.1493823528289795,0.03181644529104233,0.358335693180561,-0.009464725852012634,0.022286318242549896,-0.018915824592113495,28902.32421875,12128.8486328125,16773.4765625,28635.994140625,11999.791015625,16636.203125,0.009214832447469234,0.010640549473464489,0.008183958940207958,0.9214832447469234,-0.7481677159667015,0.8063603705167771,-0.896896367892623,0.8063603168725968,0.7500509634613991,2.587533126249909,0.9484669465562309,634.9960976210173,634.9960976210173,greedy,0.9484669465562309,0.0,hard_fault_cluster,,False
211,N6658,observe,-0.2338852733373642,1.0786985096242279,2.3160758972167965,0.2655700661335141,0.7011540312557482,1.078698609624383,1.0786985096242279,1.0786985096242279,0.5013208275071105,1.994733700481656e-07,3,2,1,0.0,1.0,2,1,1,0.0,-0.2338852733373642,0.1864376813173294,1.546689886506647,2.954262232780456,0.0018643768131732942,-0.022200077772140503,0.03105769492685795,-0.1353866457939148,-0.18139123916625977,-0.19638271629810333,-0.2556348443031311,-0.13713058829307556,0.03105769492685795,0.229631558060646,-0.006262339651584625,0.02871774137020111,-0.015343353152275085,28635.859375,11999.5205078125,16636.337890625,28910.91796875,12109.7900390625,16801.12890625,-0.009605390019714832,-0.009189494885504246,-0.00990548636764288,-0.9605390019714832,-0.40873858891427517,1.3747741103172302,-0.5718601210974157,1.3622936844825744,1.0210884422063828,1.7137074874341487,1.078698609624383,636.0747962306417,636.0747962306417,greedy,1.078698609624383,0.0,hard_fault_cluster,,False
212,N1351,observe,-0.03515131399035454,1.5970825214125215,2.7020683765411375,0.27826929645612836,1.038103638918139,1.5970827029814112,1.5970825214125215,1.5970825214125215,0.9689467669526786,1.873878895066731e-07,3,2,1,0.0,1.0,2,1,1,0.0,-0.03515131399035454,0.1879681497812271,1.4619346937164663,2.6844727635383605,0.001879681497812271,-0.02080833911895752,0.029368454590439796,0.07615847885608673,0.20178928971290588,-0.2223818600177765,-0.24289754033088684,-0.20186617970466614,0.029368454590439796,0.44148043289780614,0.004890080541372299,0.05042598396539688,-0.00632738322019577,28910.21875,12108.462890625,16801.755859375,28648.2421875,11983.8359375,16664.40625,0.009061728604137897,0.01029254961758852,0.008174717426300049,0.9061728604137897,0.7063446585088968,1.8225611390173435,0.5433422052301466,1.8252510727941988,1.3931449465453625,3.0055442152544853,1.5970827029814112,637.6718789336231,637.6718789336231,greedy,1.5970827029814112,0.0,hard_fault_cluster,,False
213,N1879,observe,-0.2384287565946579,0.8570313662290574,0.22069553732872,0.04222415983676914,0.5570703880488873,0.8570314994844275,0.8570313662290574,0.8570313662290574,0.7569838343792755,1.7603463121561693e-07,3,2,1,0.0,1.0,2,1,1,0.0,-0.2384287565946579,0.1797357052564621,1.3231232210993766,0.9012521743774413,0.001797357052564621,0.0009877383708953857,0.02323366142809391,0.22923125326633453,0.07539917528629303,-0.21859825402498245,-0.2541344165802002,-0.1830620914697647,0.02323366142809391,-1.8088970968127251,0.003071404993534088,0.05402331054210663,-0.009622834622859955,28649.02734375,11985.0927734375,16663.93359375,28979.802734375,12108.658203125,16871.14453125,-0.011545781046152115,-0.01030992716550827,-0.012434694916009903,-1.1545781046152115,0.5101098660379648,2.0210084450244903,0.3578828410245478,2.036031605005264,1.2092465460300446,0.5325859820842744,0.8570314994844275,638.5289104331075,638.5289104331075,greedy,0.8570314994844275,0.0,hard_fault_cluster,,False
214,N686,observe,-0.13129420578479767,2.22596233189106,3.2044073104858395,0.2674609571695328,1.446875515729189,2.225962497260292,2.22596233189106,2.22596233189106,1.0,1.653692320715034e-07,3,2,1,0.0,1.0,2,1,1,0.0,-0.13129420578479767,0.18005026876926422,2.0026788607239725,-0.4788639545440674,0.0018005026876926422,-0.00022405385971069336,0.02634436823427677,0.09072704613208771,0.32309600710868835,-0.20557773113250732,-0.22275733947753906,-0.18839812278747559,0.02634436823427677,-0.6745878300070763,0.005913864821195602,0.05587836354970932,-0.0063731372356414795,28979.51953125,12107.9638671875,16871.556640625,28766.388671875,12042.326171875,16724.0625,0.007354533765465021,0.00542103499174118,0.008742176927626133,0.7354533765465021,0.7977811191231012,3.9324473053216935,0.6429851413704455,3.9933832317590716,2.1957080498337747,2.0572102323919537,2.225962497260292,640.7548729303678,640.7548729303678,greedy,2.225962497260292,0.0,hard_fault_cluster,,False
215,N729,observe,0.06247181072831154,2.422976640164852,3.506519865989685,0.1456506988406182,1.574934816107154,2.422976795514869,2.422976640164852,2.422976640164852,1.0,1.5535001679540349e-07,3,2,1,0.0,1.0,2,1,1,0.0,0.06247181072831154,0.19062061607837677,2.135359783470631,3.3896129846572873,0.0019062061607837677,-0.00035566091537475586,0.022502878680825233,0.25975629687309265,0.4073783755302429,-0.2422139197587967,-0.27806007862091064,-0.20636776089668274,0.022502878680825233,-2.0196267285943033,0.009866952896118164,0.0654810220003128,-0.0064220130443573,28767.208984375,12042.712890625,16724.49609375,28707.486328125,12038.505859375,16668.98046875,0.00207606703042984,0.00034934247378259897,0.0033194199204444885,0.207606703042984,1.1998187843710184,3.4382596868276596,1.039976163301617,3.477115668654442,2.5173924669623373,3.736305103525519,2.422976795514869,643.1778497258827,643.1778497258827,greedy,2.422976795514869,0.0,hard_fault_cluster,,False
216,N7381,observe,-0.010904761962592602,2.81563263528049,3.3351669788360594,0.5357205124944449,1.8301612129323186,2.815632781218325,2.81563263528049,2.81563263528049,1.0,1.459378350858949e-07,3,2,1,0.0,1.0,2,1,1,0.0,-0.010904761962592602,0.1893988400697708,2.6910049829632046,3.4458692789077756,0.0018939884006977082,-0.007342666387557983,0.03208664804697037,0.1359027624130249,0.20936043560504913,-0.19477495551109314,-0.22702428698539734,-0.16252562403678894,0.03208664804697037,1.1305231123417616,0.008884407579898834,0.06701400876045227,-0.007760487496852875,28706.328125,12038.0830078125,16668.244140625,28740.3125,12079.373046875,16660.939453125,-0.0011838634964078665,-0.0034299513790756464,0.0004382397746667266,-0.11838634964078665,1.1099262461066246,3.388021192997694,0.9438121300190687,3.3909115414321422,2.3909976582974197,3.6541484778933224,2.815632781218325,645.993482507101,645.993482507101,greedy,2.815632781218325,0.0,hard_fault_cluster,,False
217,N684,observe,0.08060700446367264,2.6365791934728624,3.555556535720825,0.24145868480205537,1.7137764757573606,2.6365793305687713,2.6365791934728624,2.6365791934728624,1.0,1.3709590863840845e-07,3,2,1,0.0,1.0,2,1,1,0.0,0.08060700446367264,0.19325263798236847,1.9448749244213102,3.0402256488800043,0.0019325263798236846,-0.001948028802871704,0.023039469495415688,0.2893734872341156,0.45030727982521057,-0.24267978966236115,-0.28223085403442383,-0.20312872529029846,0.023039469495415688,-0.3745678663253784,0.010305527597665787,0.07101847231388092,-0.007669895887374878,28741.365234375,12079.833984375,16661.53125,28724.28515625,12068.486328125,16655.798828125,0.0005942681455053389,0.0009393884101882577,0.0003440513100940734,0.05942681455053389,1.2468448672443628,2.3166270196437835,1.0846257866360247,2.313926786184311,2.157553040981293,3.5024094766378404,2.6365793305687713,648.6300618376698,648.6300618376698,greedy,2.6365793305687713,0.0,hard_fault_cluster,,False
218,N6656,observe,-0.049567025154829025,2.0744967999053188,2.9781170845031735,0.35622034898260607,1.3484229199384572,2.074496928695006,2.0744967999053188,2.0744967999053188,1.0,1.2878968743320373e-07,3,2,1,0.0,1.0,2,1,1,0.0,-0.049567025154829025,0.1774211972951889,1.8961750423186459,0.25446302890777583,0.0017742119729518891,-0.003046691417694092,0.0295784343034029,0.1946626454591751,0.42295750975608826,-0.21703676879405975,-0.23871120810508728,-0.19536232948303223,0.0295784343034029,0.5856245889677665,0.009586159139871597,0.0680369883775711,-0.007532671093940735,28723.404296875,12068.65234375,16654.751953125,28705.716796875,12075.326171875,16630.390625,0.0006157870520837605,-0.0005529886693693697,0.0014627253403887153,0.06157870520837605,1.1656155455857515,2.3664151175832377,1.0103658218868077,2.3759180768346417,1.7832893331884405,2.1539722637360685,2.074496928695006,650.7045587663648,650.7045587663648,greedy,2.074496928695006,0.0,hard_fault_cluster,,False
219,N689,observe,0.08423273265361786,3.020461910367012,3.8446449279785155,0.24922082006931304,1.9633002417385579,3.020462031353727,3.020461910367012,3.020461910367012,1.0,1.2098671473041614e-07,3,2,1,0.0,1.0,2,1,1,0.0,0.08423273265361786,0.18913741409778595,2.1912686824798584,3.2329420089721674,0.0018913741409778595,0.000605165958404541,0.02030889131128788,0.29633116722106934,0.4442390203475952,-0.24435344338417053,-0.28393638134002686,-0.2047705054283142,0.02030889131128788,-0.5059090888500213,0.011401161551475525,0.07305842638015747,-0.007536955177783966,28706.580078125,12075.169921875,16631.41015625,28683.982421875,12062.7265625,16621.255859375,0.0007871942943893373,0.0010304914321750402,0.000610549352131784,0.07871942943893373,1.3495624605566263,2.032995719909668,1.192477731499821,2.0154384088516237,2.4152245342731478,3.6698959472775456,3.020462031353727,653.7250207977186,653.7250207977186,greedy,3.020462031353727,0.0,hard_fault_cluster,,False
220,N8790,control1,-0.06978144496679306,2.2715304245986045,2.9938684463500973,0.46871790500357746,1.476494775989093,2.2715305036544704,2.2715304245986045,2.2715304245986045,0.6955683615905311,1.1365650024464048e-07,3,2,1,0.0,1.0,2,1,1,0.0,-0.06978144496679306,0.182566836476326,2.4008336921222506,3.355362033843994,0.0018256683647632599,-0.0034216344356536865,0.030898863449692726,0.02050694450736046,0.08654695749282837,-0.25087468698620796,-0.39841702580451965,-0.10333234816789627,0.030898863449692726,0.9577090346626936,0.008488323539495468,0.06870760023593903,-0.008639924228191376,28683.359375,12063.162109375,16620.197265625,28697.44921875,12067.05859375,16630.390625,-0.000491220154799521,-0.00032300688326358795,-0.0006133115966804326,-0.0491220154799521,1.0622980538755655,2.035378772132099,0.9021987789310515,2.0009457529708743,1.9359878691844643,3.21841116997879,2.2715305036544704,655.9965513013731,655.9965513013731,greedy,2.2715305036544704,0.0,hard_fault_cluster,,False
221,N3067,control1,-0.1533789485692978,1.9285605037957432,2.848913609981537,0.36906373061239717,1.253564327467233,1.9285605495361988,1.9285605037957432,1.9285605037957432,0.4284001486769287,1.0677040100347827e-07,3,2,1,0.0,1.0,2,1,1,0.0,-0.1533789485692978,0.18384863436222076,1.8946008328348398,3.0300052046775816,0.0018384863436222076,-0.013226926326751709,0.041506990790367126,-0.06451323628425598,0.009347900748252869,-0.17954758182168007,-0.2511010766029358,-0.10799408704042435,0.041506990790367126,1.0287838461250067,-0.0015940070152282715,0.050611019134521484,-0.013555638492107391,28699.3203125,12067.7958984375,16631.525390625,28859.560546875,12179.6875,16679.873046875,-0.005583415739238262,-0.009271916933357716,-0.0029069886077195406,-0.5583415739238262,0.06595492362976074,0.813630328066647,-0.10306179523468018,0.7750914548709988,1.4737469937652348,2.5329355459474026,1.9285605495361988,657.9251118509093,657.9251118509093,greedy,1.9285605495361988,0.0,hard_fault_cluster,,False
222,N8240,control1,-0.03880063816905022,2.007402952257544,3.015296173095703,0.2831050098128617,1.3048119189674035,2.0074030054032983,2.007402952257544,2.007402952257544,0.5298599683368758,1.0030150942450053e-07,3,2,1,0.0,1.0,2,1,1,0.0,-0.03880063816905022,0.1950526088476181,1.588912138156593,2.7381441354751583,0.001950526088476181,-0.013427704572677612,0.03984803706407547,-0.04757865145802498,-0.02220878005027771,-0.24819952994585037,-0.400591105222702,-0.09580795466899872,0.03984803706407547,0.49670400083065025,0.00460999459028244,0.06373187899589539,-0.009397752583026886,28857.78515625,12179.0546875,16678.73046875,28761.970703125,12090.931640625,16671.0390625,0.0033202290069311857,0.007235622964799404,0.00046115057193674147,0.33202290069311857,0.6959001049399376,1.805723101645708,0.5197246205061674,1.803735477477312,1.5796762809157372,3.077623028382659,2.0074030054032983,659.9325148563125,659.9325148563125,greedy,2.0074030054032983,0.0,hard_fault_cluster,,False
223,N8789,control1,-0.036799971014261246,1.949198695831001,2.9462123155593867,0.30258909370750187,1.2669791522901508,1.9491987380185611,1.949198695831001,1.949198695831001,0.4477342794730105,9.422454817328476e-08,3,2,1,0.0,1.0,2,1,1,0.0,-0.036799971014261246,0.20002605020999908,1.7839842054992914,2.93427220582962,0.0020002605020999907,-0.013000726699829102,0.04215601086616516,-0.022822123020887375,-0.0016627013683319092,-0.25030916556715965,-0.40121588110923767,-0.09940245002508163,0.04215601086616516,0.2895740628242492,0.0046285949647426605,0.06585098803043365,-0.009929515421390533,28761.642578125,12090.685546875,16670.95703125,28804.81640625,12094.5498046875,16710.265625,-0.001501090475358069,-0.00031960618798621,-0.002357908757403493,-0.1501090475358069,0.7050415575504303,2.225499756038189,0.5234050117433071,2.2313128539919855,1.7272626578807833,3.1448138210177423,1.9491987380185611,661.8817135943311,661.8817135943311,greedy,1.9491987380185611,0.0,hard_fault_cluster,,False
224,N8239,control1,-0.03568841889500618,2.1162765817344185,3.006613481044769,0.35949224933981894,1.375579778127372,2.1162766159763304,2.1162765817344185,2.1162765817344185,0.38684532280032286,8.851577139168134e-08,3,2,1,0.0,1.0,2,1,1,0.0,-0.03568841889500618,0.20432843267917633,2.1085291549563405,3.1774237155914307,0.002043284326791763,-0.012586265802383423,0.042611561715602875,-0.01603827252984047,-0.00833943486213684,-0.25157296285033226,-0.4025500416755676,-0.1005958840250969,0.042611561715602875,0.2514452141523361,0.004643790423870087,0.06720712780952454,-0.01035105437040329,28804.9609375,12094.640625,16710.3203125,28864.28125,12114.5908203125,16749.69140625,-0.0020593784283846617,-0.001649507088586688,-0.002356094541028142,-0.20593784283846617,0.7113190367817879,2.6473641645908357,0.5261140409857035,2.6513398420810703,1.954129433631897,3.360475006103516,2.1162766159763304,663.9979902103074,663.9979902103074,greedy,2.1162766159763304,0.0,hard_fault_cluster,,False
225,N4460,control0,-0.23938578367233276,1.222848090128973,2.4676432013511658,0.23192252897657456,0.7948512585838325,1.2228481297486518,1.222848090128973,1.222848090128973,0.47646795319800234,8.31528719103568e-08,3,3,1,0.0,1.0,2,2,1,0.0,-0.23938578367233276,0.1795855611562729,1.2572550333105028,2.6178249597549437,0.001795855611562729,-0.01654091477394104,0.04281603544950485,-0.17474934458732605,-0.09602870047092438,-0.1469738930463791,-0.1669076681137085,-0.12704011797904968,0.04281603544950485,0.33639326259493824,-0.003056861460208893,0.05334567278623581,-0.015997685492038727,28864.572265625,12115.021484375,16749.55078125,29004.076171875,12092.138671875,16911.9375,-0.0048330496065318584,0.0018887966871261597,-0.009694989770650864,-0.48330496065318584,-0.08328454941511154,1.4578635312616826,-0.25008574686944485,1.4511049009859562,1.0776166684925557,2.2134963958337903,1.2228481297486518,665.220838340056,665.220838340056,greedy,1.2228481297486518,0.0,hard_fault_cluster,,False
226,N8607,control1,-0.070658840239048,4.133814615868032,3.94319908618927,0.8770827759429812,2.686979500314221,4.133814649327359,4.133814615868032,4.133814615868032,0.4283347962174727,7.811489408304492e-08,3,2,1,0.0,1.0,2,1,1,0.0,-0.070658840239048,0.20109404623508453,4.686010459065438,4.919938230514526,0.0020109404623508452,-0.012375235557556152,0.04114093631505966,-0.019039373844861984,-0.08833566308021545,-0.2589072100818157,-0.4060690402984619,-0.11174537986516953,0.04114093631505966,1.1445216634124518,0.003049395978450775,0.0640425905585289,-0.011658594012260437,29003.8671875,12091.7275390625,16912.140625,29042.326171875,12158.525390625,16883.80078125,-0.001325995079241693,-0.0055242604576051235,0.0016757100820541382,-0.1325995079241693,0.5471745803952217,4.724256778508424,0.36549834348261356,4.656232095509767,3.8017920490354298,4.571164831873029,4.133814649327359,669.3546529893835,669.3546529893835,greedy,4.133814649327359,0.0,hard_fault_cluster,,False
227,N2243,observe,-0.21182264387607574,3.180018812865019,3.3264585018157957,0.7772829635441303,2.0670122283622625,3.1800188362993125,3.180018812865019,3.180018812865019,0.31934595638762314,7.338215190190348e-08,3,2,1,0.0,1.0,2,1,1,0.0,-0.21182264387607574,0.212468221783638,4.492056530714035,5.081153869628906,0.00212468221783638,-0.018693089485168457,0.034259721636772156,-0.0450807623565197,-0.14845436811447144,-0.19157790392637253,-0.25171351432800293,-0.13144229352474213,0.034259721636772156,0.361532463133335,-0.00038398802280426025,0.05513693392276764,-0.012252412736415863,29042.17578125,12158.5966796875,16883.580078125,29432.373046875,12317.9453125,17114.427734375,-0.013435537926852703,-0.013105840422213078,-0.013672908768057823,-1.3435537926852703,0.20832914113998413,3.777085827589035,0.023283183574676514,3.7074741351604463,3.192117197811603,3.124876178577542,3.1800188362993125,672.5346718256827,672.5346718256827,greedy,3.1800188362993125,0.0,hard_fault_cluster,,False
228,N5735,observe,-0.11703027039766312,1.621591755747795,2.784638524055481,0.22630868852138517,1.0540346412360668,1.6215917959129607,1.621591755747795,1.621591755747795,0.582642989563687,6.893615207401087e-08,3,2,1,0.0,1.0,2,1,1,0.0,-0.11703027039766312,0.2019958645105362,1.4826520144939423,-0.053035604953765914,0.002019958645105362,-0.01957908272743225,0.0274460781365633,0.09708271920681,0.08648024499416351,-0.2001638561487198,-0.22229206562042236,-0.1780356466770172,0.0274460781365633,-0.014936579465866129,0.001962810754776001,0.057577893137931824,-0.010777682065963745,29431.658203125,12317.1328125,17114.525390625,29291.6796875,12225.232421875,17066.447265625,0.004756052512675524,0.007461183704435825,0.002809199970215559,0.4756052512675524,0.4257230181246996,1.5749327152967452,0.25364156113937497,1.5722619861364364,1.447826573252678,1.3586333571374418,1.6215917959129607,674.1562636215957,674.1562636215957,greedy,1.6215917959129607,0.0,hard_fault_cluster,,False
229,N7433,observe,-0.19638623297214508,2.480555216893554,3.1909215211868283,0.44050843887031077,1.6123608909808103,2.480555248574885,2.480555216893554,2.480555216893554,0.4892150257511043,6.475952175842209e-08,3,2,1,0.0,1.0,2,1,1,0.0,-0.19638623297214508,0.18652774393558502,2.256598184257746,-0.43815916776657104,0.0018652774393558501,-0.018609970808029175,0.030474985018372536,0.03334667906165123,0.03501620888710022,-0.22630783915519714,-0.2711980938911438,-0.1814175844192505,0.030474985018372536,0.8948192399740219,-0.001451238989830017,0.04447261989116669,-0.013121195137500763,29292.595703125,12226.1875,17066.408203125,29202.271484375,12230.154296875,16972.1171875,0.003083517076447606,-0.00032445084070786834,0.00552494777366519,0.3083517076447606,0.07187882997095585,2.7848135006427763,-0.09087321674451232,2.7869631302356717,2.085759347677231,1.4607435759902003,2.480555248574885,676.6368188701706,676.6368188701706,greedy,2.480555248574885,0.0,hard_fault_cluster,,False
230,N2271,observe,0.12965679168701172,2.4760015450418,3.4064109325408936,0.2613011293113232,1.60940100427717,2.476001596672853,2.4760015450418,2.4760015450418,0.8486932645598401,6.083594068141523e-08,3,2,1,0.0,1.0,2,1,1,0.0,0.12965679168701172,0.2033107727766037,2.079622817784548,3.1951042771339413,0.002033107727766037,-0.010700732469558716,0.026537539437413216,0.28207576274871826,0.40030214190483093,-0.2551553249359131,-0.30109167098999023,-0.20921897888183594,0.026537539437413216,-0.5481092025339603,0.008074447512626648,0.06661082804203033,-0.008198916912078857,29202.140625,12230.099609375,16972.041015625,29107.21484375,12207.66796875,16899.546875,0.0032506445422768593,0.0018341338727623224,0.004271386191248894,0.32506445422768593,1.0372930634766817,2.7322839018702507,0.864906829316169,2.743956875503063,2.2099718503654002,3.53648170273751,2.476001596672853,679.1128204668435,679.1128204668435,greedy,2.476001596672853,0.0,hard_fault_cluster,,False
231,N5094,observe,-0.03340187296271324,2.456080937087536,3.324557256698608,0.3155955681204796,1.5964526091068985,2.4560809748108348,2.456080937087536,2.456080937087536,0.6600743223339988,5.715007736466721e-08,3,2,1,0.0,1.0,2,1,1,0.0,-0.03340187296271324,0.1895207017660141,2.1474808894097803,0.2566673874855041,0.001895207017660141,-0.015065878629684448,0.02921612747013569,0.1313457041978836,0.1882917732000351,-0.20291009545326233,-0.22735953330993652,-0.17846065759658813,0.02921612747013569,-0.29319206014275556,0.004120789468288422,0.05964502692222595,-0.009582847356796265,29106.462890625,12206.853515625,16899.609375,29056.16796875,12150.6162109375,16905.55078125,0.0017279640305787325,0.004607026930898428,-0.00035157063393853605,0.17279640305787325,0.630815776064992,3.1391019913554192,0.4667631541378796,3.160043177306652,2.2574538581073282,1.8468895215913654,2.4560809748108348,681.5689014416542,681.5689014416542,greedy,2.4560809748108348,0.0,hard_fault_cluster,,False
232,N1688,observe,-0.2089579850435257,1.1860826203227044,-0.72810617685318,0.08093237012624745,0.7709537032097579,1.186082646956027,1.1860826203227044,1.1860826203227044,0.49608024411538393,5.368752921716912e-08,3,2,1,0.0,1.0,2,1,1,0.0,-0.2089579850435257,0.18808002769947052,1.697729976475239,1.001575493812561,0.0018808002769947051,0.0007428526878356934,0.022233130410313606,0.26774781942367554,0.125521719455719,-0.21633268892765045,-0.25158533453941345,-0.18108004331588745,0.022233130410313606,-2.2212843134999276,0.0034397542476654053,0.06437090039253235,-0.011466048657894135,29057.185546875,12151.552734375,16905.6328125,29325.423828125,12261.73046875,17063.693359375,-0.009231392294168472,-0.00906696729362011,-0.009349578991532326,-0.9231392294168472,0.5542885828763247,2.546724255681038,0.39655371429398656,2.5686932641267775,1.650559701025486,0.11610031411051769,1.186082646956027,682.7549840886103,682.7549840886103,greedy,1.186082646956027,0.0,hard_fault_cluster,,False
233,N6659,observe,-0.3285920321941376,1.8677198830246926,1.4732465982437133,0.29699676543474196,1.2140179239660502,1.8677199130729005,1.8677198830246926,1.8677198830246926,0.5957836253423328,5.0434766256788804e-08,3,2,1,0.0,1.0,2,1,1,0.0,-0.3285920321941376,0.18761469423770905,2.432520839571953,1.6723462164402005,0.0018761469423770904,0.005652099847793579,0.01827392168343067,0.25603628158569336,0.15100908279418945,-0.2058033123612404,-0.23523825407028198,-0.1763683706521988,0.01827392168343067,-1.170989191532135,0.0030442550778388977,0.0665842592716217,-0.012210659682750702,29324.55078125,12261.185546875,17063.365234375,29563.455078125,12385.611328125,17177.84375,-0.008146903477609158,-0.01014794036746025,-0.006709023378789425,-0.8146903477609158,0.5103141237050295,3.917197251319885,0.3558976617641747,3.9535486936569213,2.1034577786922455,1.497685367166996,1.8677199130729005,684.6227040016831,684.6227040016831,greedy,1.8677199130729005,0.0,hard_fault_cluster,,False
234,N2259,observe,-0.034523334354162216,5.7259297971427445,5.527100658416748,0.5943275140225888,3.7218543681427843,5.725929844521823,5.7259297971427445,5.7259297971427445,1.0,4.7379078241571714e-08,3,2,1,0.0,1.0,2,1,1,0.0,-0.034523334354162216,0.19459958374500275,4.029897658526897,4.190920877456665,0.0019459958374500276,0.005133718252182007,0.018198581412434578,0.29851865768432617,0.5473819971084595,-0.22722898423671722,-0.25756362080574036,-0.1968943476676941,0.018198581412434578,0.2770317393541335,0.008936185389757156,0.07406115531921387,-0.009102202951908112,29563.880859375,12385.982421875,17177.8984375,29463.2109375,12385.125,17078.0859375,0.0034051660913974047,6.922517786733806e-05,0.005810518749058247,0.34051660913974047,1.106416704133153,6.3620677566528325,0.946818080265075,6.3620677566528325,4.4092344552278515,4.966002395898103,5.725929844521823,690.348633846205,690.348633846205,greedy,5.725929844521823,0.0,hard_fault_cluster,,False
235,N5160,observe,-0.15850506722927094,4.055918314214796,4.137748432159423,0.6683356645517051,2.6363469042396175,4.0559183587233205,4.055918314214796,4.055918314214796,1.0,4.450852500419419e-08,3,2,1,0.0,1.0,2,1,1,0.0,-0.15850506722927094,0.18512926995754242,3.776229454111308,0.5391027688980103,0.001851292699575424,0.00028902292251586914,0.02205396629869938,0.14660361409187317,0.3026714324951172,-0.18613804131746292,-0.1980835348367691,-0.17419254779815674,0.02205396629869938,0.4308250302262604,0.005886577069759369,0.06607449054718018,-0.008808284997940063,29462.408203125,12384.287109375,17078.12109375,29364.416015625,12322.751953125,17041.6640625,0.0033260073978453875,0.004968808963894844,0.0021347214933484793,0.33260073978453875,0.7958409432321787,6.1560964106395835,0.6404535160399973,6.1560964106395835,3.7490662035532294,3.0668930323095993,4.0559183587233205,694.4045522049283,694.4045522049283,greedy,4.0559183587233205,0.0,hard_fault_cluster,,False
236,N5111,observe,-0.17308436334133148,2.8564397765696046,3.448222470283508,0.46918874576687813,1.856685854770243,2.8564398124035124,2.8564397765696046,2.8564397765696046,0.8570267415574815,4.1811889795500235e-08,3,2,1,0.0,1.0,2,1,1,0.0,-0.17308436334133148,0.1820637434720993,2.6841079749166967,-0.0910661935806274,0.001820637434720993,-0.0005311965942382812,0.02219841070473194,0.1290401667356491,0.29286956787109375,-0.18829822540283203,-0.19950047135353088,-0.17709597945213318,0.02219841070473194,0.4636080764234066,0.005039747804403305,0.0640532448887825,-0.008396528661251068,29364.3125,12322.6591796875,17041.65234375,29258.09765625,12252.9912109375,17005.10546875,0.0036171404644846916,0.005653647240251303,0.0021445616148412228,0.36171404644846916,0.7082369346171618,3.4228079417347907,0.5550403189845383,3.42919610530138,2.529243668168783,2.274008384309709,2.8564398124035124,697.2609920173319,697.2609920173319,greedy,2.8564398124035124,0.0,hard_fault_cluster,,False
237,N6537,observe,-0.3147050142288208,2.4445391680300235,2.9348239541053767,0.6403927372395991,1.5889504592195154,2.4445391850584888,2.4445391680300235,2.4445391680300235,0.4335299665129805,3.9278635454810394e-08,3,2,1,0.0,1.0,2,1,1,0.0,-0.3147050142288208,0.19397051632404327,3.333821241557598,4.190456914901733,0.0019397051632404328,-0.005550593137741089,0.026855165138840675,-0.030069585889577866,0.05863077938556671,-0.1752379834651947,-0.22150081396102905,-0.12897515296936035,0.026855165138840675,1.3568662327527998,0.0020538344979286194,0.05717568099498749,-0.009190447628498077,29258.64453125,12253.5,17005.14453125,29596.08203125,12408.29296875,17187.7890625,-0.011532916687428951,-0.012632551603019238,-0.010740545578300953,-1.1532916687428951,0.4262091312557459,3.167692687511444,0.2605898701585829,3.1396857047080995,2.0915356218814853,2.409498154222965,2.4445391850584888,699.7055312023904,699.7055312023904,greedy,2.4445391850584888,0.0,hard_fault_cluster,,False
238,N2267,observe,0.0014589475467801094,2.0501345571875573,3.2964740037918085,0.08024326056241993,1.3325874621719123,2.0501345940314075,2.0501345571875573,2.0501345571875573,0.9985090883635956,3.689886323573741e-08,3,2,1,0.0,1.0,2,1,1,0.0,0.0014589475467801094,0.195780947804451,1.6750749558210374,3.1581867933273315,0.00195780947804451,0.00015485286712646484,0.020588496699929237,0.27029934525489807,0.5297544002532959,-0.2320847362279892,-0.26156744360923767,-0.20260202884674072,0.020588496699929237,-1.157523010969162,0.010162580758333206,0.07202643156051636,-0.006095066666603088,29596.34765625,12408.69921875,17187.6484375,29462.19921875,12372.0224609375,17090.17578125,0.004532601218670607,0.0029557293746620417,0.005671087186783552,0.45326012186706066,1.2326275203377008,2.2280904960632326,1.0703504369594157,2.236845226287842,1.693543654680252,3.200803375542163,2.0501345940314075,701.7556657964218,701.7556657964218,greedy,2.0501345940314075,0.0,hard_fault_cluster,,False
239,N6685,observe,-0.2892512083053589,2.1587492936849593,1.3825944643467665,0.24718059480190277,1.4031870408952236,2.1587493283482333,2.1587492936849593,2.1587492936849593,1.0,3.4663274126619645e-08,1,2,0,0.0,1.0,1,1,0,0.0,-0.2892512083053589,0.18562345206737518,2.7855015844106674,2.042796128988266,0.0018562345206737517,0.00847277045249939,0.01917448826134205,0.2886485457420349,0.2733733654022217,-0.20205683261156082,-0.22790159285068512,-0.17621207237243652,0.01917448826134205,-2.0538006907701494,0.006007373332977295,0.07005691528320312,-0.009638398885726929,29461.61328125,12371.4775390625,17090.134765625,29765.9609375,12504.6796875,17261.28125,-0.010330311954021454,-0.010766874998807907,-0.01001434400677681,-1.0330311954021454,0.8055352736264467,4.268568558692932,0.6519368183799088,4.307303519248962,2.4427277863025663,1.5607932527177033,2.1587493283482333,703.91441512477,703.91441512477,greedy,2.1587493283482333,0.0,hard_fault_cluster,,False
240,N2263,observe,-0.041456084698438644,5.141769073009491,5.697225379943847,0.08339591741561897,3.3421498974561694,5.141769105572624,5.141769073009491,5.141769073009491,1.0,3.256313251443087e-08,3,2,1,0.0,1.0,2,1,1,0.0,-0.041456084698438644,0.18958266079425812,3.1968483418226237,4.02654845714569,0.0018958266079425812,0.009531617164611816,0.017643818631768227,0.30560600757598877,0.6058608293533325,-0.22400669008493423,-0.2496529370546341,-0.19836044311523438,0.017643818631768227,-3.6010504871606828,0.010709423571825027,0.07663257420063019,-0.007620111107826233,29766.53125,12505.228515625,17261.302734375,29640.67578125,12482.7138671875,17157.9609375,0.004228086676448584,0.0018004188314080238,0.005986906122416258,0.42280866764485836,1.278168836608529,5.859793959856034,1.1227489770390093,5.859793959856034,4.394454076886177,4.956395149976014,5.141769105572624,709.0561842303426,709.0561842303426,greedy,5.141769105572624,0.0,hard_fault_cluster,,False
241,N695,observe,-0.012371192686259747,4.5338850855827335,5.178144073486328,0.12126353979110721,2.947025305628777,4.533885116172965,4.5338850855827335,4.5338850855827335,1.0,3.059023205018258e-08,3,2,1,0.0,1.0,2,1,1,0.0,-0.012371192686259747,0.18844549357891083,3.1567076206207276,4.052381658554077,0.0018844549357891083,0.011721879243850708,0.01739525981247425,0.3088606297969818,0.5716173648834229,-0.22041405737400055,-0.24373674392700195,-0.19709137082099915,0.01739525981247425,-3.5332517099380496,0.011437047272920609,0.07955725491046906,-0.007368452847003937,29640.953125,12482.2314453125,17158.72265625,29641.5859375,12494.802734375,17146.783203125,-2.1349262169678695e-05,-0.0010071347933262587,0.0006958240992389619,-0.0021349262169678695,1.349545480683446,5.7827902841568,1.1951649156399071,5.7827902841568,4.178626692295074,4.816107349991798,4.533885116172965,713.5900693465156,713.5900693465156,greedy,4.533885116172965,0.0,hard_fault_cluster,,False
242,N4900,observe,-0.24547235667705536,2.254104310870171,3.0955092072486874,0.3744679373502732,1.4651678020656111,2.2541043337286517,2.254104310870171,2.254104310870171,0.7954410482885215,2.8736863582436968e-08,3,2,1,0.0,1.0,2,1,1,0.0,-0.24547235667705536,0.1815062314271927,2.455662155151367,3.469862151145935,0.001815062314271927,0.013113707304000854,0.018887663260102272,0.15432408452033997,0.2686414420604706,-0.1603388786315918,-0.19293394684791565,-0.12774381041526794,0.018887663260102272,-0.584757924079895,0.009193290024995804,0.07823988795280457,-0.009465895593166351,29640.939453125,12494.880859375,17146.05859375,29804.361328125,12549.310546875,17255.05078125,-0.005513384006917477,-0.004356158897280693,-0.0063566905446350574,-0.5513384006917477,1.1197228971868753,4.968671246767044,0.9694274761714041,5.071679230928421,2.422280514240265,3.674482334256172,2.2541043337286517,715.8441736802442,715.8441736802442,greedy,2.2541043337286517,0.0,hard_fault_cluster,,False
243,N2251,observe,-0.0298842154443264,4.3322697651386255,4.746193265914917,0.34637717843055726,2.815975347340107,4.332269792134411,4.3322697651386255,4.3322697651386255,1.0,2.6995785033630143e-08,3,2,1,0.0,1.0,2,1,1,0.0,-0.0298842154443264,0.18683697283267975,3.085181668400764,3.725547409057617,0.0018683697283267975,0.013365060091018677,0.017868729308247566,0.3272176682949066,0.6510807275772095,-0.2251906841993332,-0.2504485845565796,-0.1999327838420868,0.017868729308247566,-1.273823239207268,0.011702198535203934,0.08422611653804779,-0.008241772651672363,29804.6328125,12549.7373046875,17254.896484375,29687.388671875,12514.349609375,17173.0390625,0.0039337556809186935,0.0028197956271469593,0.004744010977447033,0.39337556809186935,1.3749255556613207,5.819512640237808,1.2213962790556252,5.92977803826332,3.731780281662941,4.525657183080911,4.332269792134411,720.1764434723787,720.1764434723787,greedy,4.332269792134411,0.0,hard_fault_cluster,,False
244,N696,observe,-0.15899726748466492,4.0317091882228855,4.231119394302368,0.5765354335308075,2.620610972344876,4.0317092135830785,4.0317091882228855,4.0317091882228855,1.0,2.5360193101496685e-08,3,2,1,0.0,1.0,2,1,1,0.0,-0.15899726748466492,0.180581197142601,3.54771955832839,4.013266944885253,0.0018058119714260102,0.01111575961112976,0.020749608054757118,0.21159446239471436,0.5851330757141113,-0.1961708962917328,-0.19644790887832642,-0.19589388370513916,0.020749608054757118,-0.011721415072679653,0.01042306050658226,0.0779796689748764,-0.006810992956161499,29687.369140625,12513.712890625,17173.65625,29651.111328125,12528.107421875,17123.00390625,0.0012213211739435792,-0.0011503006098791957,0.0029494210612028837,0.12213211739435792,1.2436368558555841,6.1015572556853295,1.0926387519575655,6.1015572556853295,3.671048348397017,4.48618142645806,4.0317092135830785,724.2081526859617,724.2081526859617,greedy,4.0317092135830785,0.0,hard_fault_cluster,,False
245,N6657,observe,-0.37889564037323,0.8571507689356804,0.901600021123886,0.10619120091199875,0.5571479998081923,0.8571507883783508,0.8571507689356804,0.8571507689356804,0.8161063595652568,2.3823696675018182e-08,3,2,1,0.0,1.0,2,1,1,0.0,-0.37889564037323,0.1769213229417801,1.4046297445893288,0.6037290215492248,0.001769213229417801,0.013354659080505371,0.018620872870087624,0.29090067744255066,0.3202506899833679,-0.1991397738456726,-0.22892746329307556,-0.16935208439826965,0.018620872870087624,-0.9889512321352959,0.007486231625080109,0.07830442488193512,-0.00980241596698761,29650.65234375,12528.3701171875,17122.283203125,29927.7109375,12625.1806640625,17302.53125,-0.009344098158180714,-0.007727305870503187,-0.010527103208005428,-0.9344098158180714,0.9441653583198786,1.727146544456482,0.7975087114609778,1.7291150712966918,0.9468126147985458,0.6384875172376634,0.8571507883783508,725.0653034743401,725.0653034743401,greedy,0.8571507883783508,0.0,hard_fault_cluster,,False
246,N7444,observe,-0.1310260146856308,2.6601971072703603,5.098218679428101,-1.4366997875273224,1.7291281197257342,2.660197129650652,2.6601971072703603,2.6601971072703603,1.0,2.2380291861018046e-08,3,2,1,0.0,1.0,2,1,1,0.0,-0.1310260146856308,0.13623732328414917,-0.5963091924786565,-1.5142827838659285,0.0013623732328414918,0.20538115501403809,-0.041130952537059784,0.33791837096214294,0.753554105758667,-0.09688917174935341,-0.07257772237062454,-0.12120062112808228,-0.041130952537059784,-5.8930933333933355,-0.021570906043052673,0.09740987420082092,-0.005493521690368652,29928.26171875,12625.55859375,17302.703125,30134.72265625,12646.552734375,17488.169921875,-0.0068985274992883205,-0.001662828610278666,-0.010718949139118195,-0.689852749928832,-2.061984233558178,-3.9634669637680053,-2.133314011618495,-3.9862480974197387,0.8924364537000656,0.6850836949050428,2.660197129650652,727.7255006039908,727.7255006039908,greedy,2.660197129650652,0.0,hard_fault_cluster,,False
247,N697,observe,-0.11237160861492157,2.8830907437950373,4.317282581329345,-0.32128675654530503,1.8740089834667744,2.8830907498759273,2.8830907437950373,2.8830907437950373,0.2892309853471862,2.1024338523818468e-08,3,2,1,0.0,1.0,2,1,1,0.0,-0.11237160861492157,0.18544457852840424,1.6653036031872035,3.156173980236053,0.0018544457852840424,0.027304619550704956,0.004341969266533852,0.33726105093955994,0.6775064468383789,-0.20374877750873566,-0.21477171778678894,-0.19272583723068237,0.004341969266533852,-0.4131443939357998,0.009400144219398499,0.08933427929878235,-0.011529222130775452,30134.234375,12645.513671875,17488.720703125,30136.96484375,12704.1708984375,17432.79296875,-9.061019227374345e-05,-0.0046385801397264,0.003197931684553623,-0.009061019227374345,1.129800969734788,6.092103428691626,0.9874610588885844,6.092103428691626,3.2877348929643633,4.237027680426836,2.8830907498759273,730.6085913538667,730.6085913538667,greedy,2.8830907498759273,0.0,hard_fault_cluster,,False
248,N2247,observe,-0.03383564576506615,7.170161316283047,5.999999999999999,1.126466292180121,4.660604855583981,7.170161336033585,7.170161316283047,7.170161316283047,1.0,1.9750538246287658e-08,3,2,1,0.0,1.0,2,1,1,0.0,-0.03383564576506615,0.18813441693782806,6.560868445597589,5.999999999999999,0.0018813441693782806,0.02630937099456787,0.0054183099418878555,0.3651200234889984,0.7103409767150879,-0.21610581129789352,-0.22819413244724274,-0.2040174901485443,0.0054183099418878555,1.281383131034672,0.01095321774482727,0.09048229455947876,-0.010371528565883636,30137.359375,12705.2421875,17432.1171875,30051.498046875,12693.767578125,17357.73046875,0.002848999807611108,0.0009031397639773786,0.004267222248017788,0.2848999807611108,1.288874501362443,6.6280444259196525,1.143709956202656,6.6280444259196525,6.158154426701367,6.102800377355888,7.170161336033585,737.7787526899003,737.7787526899003,greedy,7.170161336033585,0.0,hard_fault_cluster,,False
249,N7452,observe,-0.1519739180803299,6.937762802606448,5.999999999999999,0.9785763289313762,4.509545821694191,6.937762821160362,6.937762802606448,6.937762802606448,1.0,1.8553913626159786e-08,3,2,1,0.0,1.0,2,1,1,0.0,-0.1519739180803299,0.1841612607240677,5.6140134076122195,5.177371025085449,0.0018416126072406769,0.02140781283378601,0.009228559210896492,0.25698965787887573,0.6535403728485107,-0.1894748955965042,-0.18061837553977966,-0.19833141565322876,0.009228559210896492,1.472211611298844,0.010753709822893143,0.08528408408164978,-0.008730567991733551,30051.107421875,12693.384765625,17357.72265625,30004.755859375,12716.6171875,17288.138671875,0.0015424244338646531,-0.0018302779644727707,0.004008819814771414,0.1542424433864653,1.2687608022242785,6.670124173592777,1.1237184372730553,6.670124173592777,5.565094773052261,5.717311602483969,6.937762821160362,744.7165155110607,744.7165155110607,greedy,6.937762821160362,0.0,hard_fault_cluster,,False
250,N1352,observe,-0.14261609315872192,2.7413982651010156,3.476492309570312,0.3728506426885724,1.7819088723156602,2.7413982825308043,2.7413982651010156,2.7413982651010156,1.0,1.7429788826727446e-08,3,2,1,0.0,1.0,2,1,1,0.0,-0.14261609315872192,0.18463145196437836,2.35408940333873,3.292693710327148,0.0018463145196437837,0.012693732976913452,0.009163307026028633,0.2267640233039856,0.5167616605758667,-0.19877465069293976,-0.2014956772327423,-0.1960536241531372,0.009163307026028633,0.10764981877058732,0.012440621852874756,0.08273352682590485,-0.007134795188903809,30003.6171875,12715.0703125,17288.546875,29804.921875,12631.3125,17173.609375,0.0066223787143826485,0.006587286479771137,0.006648187525570393,0.6622378714382648,1.4378569442778826,2.9296816658228635,1.2925108750350773,2.928213317319751,2.372006945125759,3.641804514331743,2.7413982825308043,747.4579137935915,747.4579137935915,greedy,2.7413982825308043,0.0,hard_fault_cluster,,False
251,N680,observe,-0.0017621172592043877,2.822000312954187,3.6214121818542475,0.30557205036282536,1.8343002034202216,2.8220003293279583,2.822000312954187,2.822000312954187,1.0,1.6373771305908127e-08,3,2,1,0.0,1.0,2,1,1,0.0,-0.0017621172592043877,0.192763552069664,2.1815702959895136,3.2018009424209595,0.00192763552069664,0.009318798780441284,0.011953266337513924,0.31860223412513733,0.5537036657333374,-0.22500751912593842,-0.24825561046600342,-0.2017594277858734,0.011953266337513924,0.03657975435256955,0.013279251754283905,0.08680948615074158,-0.007412761449813843,29806.5,12632.6142578125,17173.88671875,29695.244140625,12560.802734375,17134.44140625,0.0037326039746403694,0.005684612784534693,0.002296819118782878,0.37326039746403694,1.5326419938355684,2.0970500218868255,1.379104380030185,2.0848289120197294,2.232482177019119,3.551113415062427,2.8220003293279583,750.2799141229194,750.2799141229194,greedy,2.8220003293279583,0.0,hard_fault_cluster,,False
252,N6680,observe,-0.32442227005958557,0.9342257162928581,1.2127047777175903,0.14335474342107773,0.6072467155903578,0.9342257316745928,0.9342257162928581,0.9342257162928581,1.0,1.538173465229056e-08,3,2,1,0.0,1.0,2,1,1,0.0,-0.32442227005958557,0.1790398508310318,1.4172598630189897,1.505143129825592,0.001790398508310318,0.01708272099494934,0.012405285611748695,0.3188760578632355,0.35792142152786255,-0.19487790763378143,-0.21853530406951904,-0.17122051119804382,0.012405285611748695,-0.807595705986023,0.00815531238913536,0.08210015296936035,-0.010229036211967468,29694.7421875,12561.1279296875,17133.61328125,30007.76953125,12682.0625,17325.70703125,-0.010541507042944431,-0.009627684019505978,-0.011211514472961426,-1.0541507042944431,1.0069763753563166,1.544576234817505,0.8633925230242312,1.5412705731391907,1.0525341928005219,1.3294783401489259,0.9342257316745928,751.214139854594,751.214139854594,greedy,0.9342257316745928,0.0,hard_fault_cluster,,False
253,N732,observe,-0.07880668342113495,5.202735599204899,5.29175214767456,0.45394362412393097,3.3817781394831843,5.202735613654701,5.202735599204899,5.202735599204899,1.0,1.4449802461092448e-08,3,2,1,0.0,1.0,2,1,1,0.0,-0.07880668342113495,0.1878955215215683,3.2421482659876344,3.6606013298034665,0.001878955215215683,0.015368372201919556,0.01165621168911457,0.30939337611198425,0.6118506193161011,-0.21085944771766663,-0.2300472855567932,-0.19167160987854004,0.01165621168911457,0.5186793243885041,0.011610686779022217,0.08602328598499298,-0.00879274308681488,30008.11328125,12681.55078125,17326.5625,29891.4609375,12640.3251953125,17251.13671875,0.003887360217049718,0.0032508315052837133,0.00435318797826767,0.3887360217049718,1.3606204111129045,4.231999623179436,1.2109566112048924,4.218248259425164,3.6216286420822144,4.454058617353439,5.202735613654701,756.4168754682487,756.4168754682487,greedy,5.202735613654701,0.0,hard_fault_cluster,,False
254,N2216,observe,-0.0073135895654559135,6.159326256215572,5.726182985305785,0.7072397205233575,4.003562066540122,6.159326269789905,6.159326256215572,6.159326256215572,1.0,1.3574333187024559e-08,3,2,1,0.0,1.0,2,1,1,0.0,-0.0073135895654559135,0.18778856098651886,4.2768312528729435,4.199143362045287,0.0018778856098651887,0.01490163803100586,0.012940535321831703,0.3363494277000427,0.6449031829833984,-0.21991120278835297,-0.23971045017242432,-0.20011195540428162,0.012940535321831703,0.9412342306971548,0.01284477487206459,0.08780138194561005,-0.008419007062911987,29891.25,12640.9462890625,17250.3046875,29838.6953125,12625.94921875,17212.74609375,0.0017581963911652565,0.001186388311907649,0.002177271293476224,0.17581963911652565,1.4852065835148096,6.546057323217392,1.3346597612835467,6.543062690496444,4.671460770070553,5.13644950054586,6.159326269789905,762.5762017380385,762.5762017380385,greedy,6.159326269789905,0.0,hard_fault_cluster,,False
255,N7440,observe,-0.052931156009435654,1.9562073681503533,4.372285842895508,-1.228197533637285,1.2715347892977298,1.9562073809022593,1.9562073681503533,1.9562073681503533,1.0,1.2751905914873348e-08,3,2,1,0.0,1.0,2,1,1,0.0,-0.052931156009435654,0.1406821310520172,-0.47803137153387054,-1.532028433680534,0.001406821310520172,0.2014230638742447,-0.042196519672870636,0.3494546413421631,0.7302838563919067,-0.10246073827147484,-0.08414283394813538,-0.1207786425948143,-0.042196519672870636,-5.811859514862299,-0.017915762960910797,0.09966999292373657,-0.004471130669116974,29838.63671875,12626.041015625,17212.595703125,30070.861328125,12643.48046875,17427.380859375,-0.007782681845128536,-0.0013812289107590914,-0.012478371150791645,-0.7782681845128536,-1.6930906847119331,-4.723927893340587,-1.766954893246293,-4.692164339721202,1.0004577577114107,0.7552975425124172,1.9562073809022593,764.5324091189408,764.5324091189408,greedy,1.9562073809022593,0.0,hard_fault_cluster,,False
256,N2218,observe,-0.013604785315692425,4.829651350080967,4.445041680335998,0.909289484322071,3.1392733775526285,4.829651362060274,4.829651350080967,4.829651350080967,1.0,1.197930699220045e-08,3,2,1,0.0,1.0,2,1,1,0.0,-0.013604785315692425,0.18632172048091888,5.77899298518896,5.999999999999999,0.0018632172048091888,0.031562358140945435,0.0001379121094942093,0.3773993253707886,0.7313083410263062,-0.21402607858181,-0.22408172488212585,-0.20397043228149414,0.0001379121094942093,0.07338482409715641,0.011380929499864578,0.0937129557132721,-0.011170834302902222,30071.14453125,12643.609375,17427.53515625,30054.220703125,12686.814453125,17367.40625,0.0005627929349429905,-0.003417147556319833,0.003450224408879876,0.056279293494299054,1.324552582576871,2.7543665105104447,1.184707858134061,2.7443771058321,4.521984972059727,5.039290231838822,4.829651362060274,769.3620604810011,769.3620604810011,greedy,4.829651362060274,0.0,hard_fault_cluster,,False
257,N4421,control0,-0.21949853003025055,6.932861488498747,5.999999999999999,0.9754573108628392,4.506359967524186,6.932861499752264,6.932861488498747,6.932861488498747,1.0,1.1253517471925913e-08,3,3,1,0.0,1.0,2,2,1,0.0,-0.21949853003025055,0.1734074503183365,6.3454668374732135,5.999999999999999,0.001734074503183365,0.025821149349212646,-0.002294132485985756,-0.07426351308822632,0.3247944116592407,-0.13075339794158936,-0.13090632855892181,-0.1306004673242569,-0.002294132485985756,0.04561636339873054,0.007714070379734039,0.07997985184192657,-0.013280659914016724,30054.642578125,12687.259765625,17367.3828125,30051.63671875,12663.4267578125,17388.2109375,0.00010001314512919635,0.00187849928624928,-0.0011992667568847537,0.010001314512919635,0.9425203558057547,6.455606066510081,0.8141853674314916,6.455606066510081,6.159781966917217,5.521716679437087,6.932861499752264,776.2949219807533,776.2949219807533,greedy,6.932861499752264,0.0,hard_fault_cluster,,False
258,N4359,control0,-0.2918854057788849,6.929249128401279,5.999999999999999,0.9731585362553598,4.5040119334608315,6.929249138972981,6.929249128401279,6.929249128401279,1.0,1.0571701315726883e-08,3,3,1,0.0,1.0,2,2,1,0.0,-0.2918854057788849,0.16824375092983246,6.340731160342693,5.999999999999999,0.0016824375092983246,0.02330377697944641,-0.00010214559733867645,-0.12040893733501434,0.19949017465114594,-0.13726666569709778,-0.13854125142097473,-0.13599207997322083,-0.00010214559733867645,0.04079707294702506,0.004690207540988922,0.07186344265937805,-0.013949140906333923,30051.6953125,12663.50390625,17388.19140625,29996.3828125,12602.7783203125,17393.603515625,0.0018405783921480179,0.00479532266035676,-0.0003112519916612655,0.1840578392148018,0.637162359431386,6.452393770813941,0.5110561554320157,6.452393770813941,6.1525233998894695,5.517187429443002,6.929249138972981,783.2241711197263,783.2241711197263,greedy,6.929249138972981,0.0,hard_fault_cluster,,False
259,N4367,control0,-0.3807869255542755,7.019060624018312,5.999999999999999,1.030311306193471,4.562389405611903,7.019060633949507,7.019060624018312,7.019060624018312,1.0,9.931194312156245e-09,3,3,1,0.0,1.0,2,2,1,0.0,-0.3807869255542755,0.16301079094409943,6.423495678976178,5.999999999999999,0.0016301079094409943,0.021089136600494385,0.00171615369617939,-0.16164594888687134,0.09836976230144501,-0.14428842067718506,-0.1450243592262268,-0.1435524821281433,0.00171615369617939,0.49662118248641485,0.0005571320652961731,0.061339572072029114,-0.01643509417772293,29996.373046875,12602.7890625,17393.583984375,29939.708984375,12538.451171875,17401.2578125,0.0018890304490923882,0.005105051677674055,-0.00044118729420006275,0.18890304490923882,0.22044015116989613,6.518162893503905,0.09689494268968701,6.518162893503905,6.158111922070384,5.520806325357408,7.019060633949507,790.2432317536758,790.2432317536758,greedy,7.019060633949507,0.0,hard_fault_cluster,,False
260,N6684,observe,-0.4166397154331207,4.824307144582272,2.3754752039909364,0.7807719442248345,3.1357996439784768,4.824307153911765,4.824307144582272,4.824307144582272,1.0,9.329493666178468e-09,3,2,1,0.0,1.0,2,1,1,0.0,-0.4166397154331207,0.18099276721477509,5.690962816774845,3.7082259178161614,0.0018099276721477509,0.026099950075149536,-0.0022192131727933884,0.28038865327835083,0.19927045702934265,-0.20982731878757477,-0.22068414092063904,-0.1989704966545105,-0.0022192131727933884,-1.5047376349568367,0.0033133625984191895,0.07333242893218994,-0.014303848147392273,29939.1875,12537.75,17401.4375,30262.03515625,12713.341796875,17548.693359375,-0.01078344788402319,-0.01400504820048809,-0.008462280966341496,-1.078344788402319,0.5101098138839006,5.902308210730553,0.37602964835241437,5.902308210730553,4.928817807137966,2.997365044504404,4.824307153911765,795.0675389075875,795.0675389075875,greedy,4.824307153911765,0.0,hard_fault_cluster,,False
261,N2255,observe,-0.04258851334452629,6.736036724150182,5.999999999999999,0.8502051880955698,4.378423870697619,6.73603673291443,6.736036724150182,6.736036724150182,1.0,8.764248219443636e-09,3,2,1,0.0,1.0,2,1,1,0.0,-0.04258851334452629,0.19552822411060333,6.174512322247028,5.999999999999999,0.001955282241106033,0.023530691862106323,-0.005493124946951866,0.3285770118236542,0.5619583129882812,-0.22977571189403534,-0.24213221669197083,-0.21741920709609985,-0.005493124946951866,-0.9639686587452891,0.009721159934997559,0.08195266127586365,-0.01127440482378006,30261.9375,12713.6279296875,17548.30859375,30063.408203125,12671.26953125,17392.138671875,0.006560362875461578,0.0033317317720502615,0.008899428881704807,0.6560362875461578,1.1621510926634073,6.328208114504815,1.0196247682906687,6.328208114504815,6.199667410552502,6.129783816859126,6.73603673291443,801.8035756405019,801.8035756405019,greedy,6.73603673291443,0.0,hard_fault_cluster,,False
262,N2185,observe,0.0416482575237751,6.858729983419179,5.999999999999999,0.9282827167212963,4.458174489222467,6.858729991652429,6.858729983419179,6.858729983419179,1.0,8.233249263085098e-09,3,2,1,0.0,1.0,2,1,1,0.0,0.0416482575237751,0.19638313353061676,6.282554382830858,5.999999999999999,0.0019638313353061675,0.02119004726409912,-0.00404190830886364,0.356096476316452,0.6117720603942871,-0.23123186081647873,-0.2449958175420761,-0.21746790409088135,-0.00404190830886364,-0.38262106791138684,0.011791951954364777,0.08528417348861694,-0.010111600160598755,30063.4609375,12671.3154296875,17392.14453125,29980.88671875,12658.962890625,17321.923828125,0.0027466637548059225,0.0009748426964506507,0.004037495236843824,0.27466637548059225,1.3715364206582308,6.403483556210995,1.227280501741916,6.403483556210995,6.182181080430746,6.118417702279985,6.858729991652429,808.6623056321544,808.6623056321544,greedy,6.858729991652429,0.0,hard_fault_cluster,,False
263,N717,observe,0.060926783829927444,6.490832361876964,5.999999999999999,0.6941660484671592,4.219041035220027,6.490832369611386,6.490832361876964,6.490832361876964,1.0,7.734421907141565e-09,3,2,1,0.0,1.0,2,1,1,0.0,0.060926783829927444,0.19758938252925873,4.74296972900629,4.653395080566406,0.001975893825292587,0.018100470304489136,-0.004125973209738731,0.34655025601387024,0.5911118984222412,-0.22747322171926498,-0.24050398170948029,-0.21444246172904968,-0.004125973209738731,0.021502585113048145,0.012436605989933014,0.08695162832736969,-0.009476080536842346,29980.765625,12658.1845703125,17322.58203125,29939.064453125,12649.947265625,17289.1171875,0.0013909308472648263,0.000650749308988452,0.0019318623235449195,0.13909308472648263,1.4371240083128214,6.483433896899224,1.2920264513231814,6.483433896899224,5.206288175284863,5.484087313935161,6.490832369611386,815.1531380017658,815.1531380017658,greedy,6.490832369611386,0.0,hard_fault_cluster,,False
264,N2203,observe,0.08123242855072021,4.923002780079841,5.032777261734008,0.48782037317752835,3.199951807051897,4.923002787345658,4.923002780079841,4.923002780079841,1.0,7.265816972879502e-09,3,2,1,0.0,1.0,2,1,1,0.0,0.08123242855072021,0.19549639523029327,3.465789459645748,3.883753633499145,0.001954963952302933,0.016087859869003296,-0.00024613551795482635,0.35932761430740356,0.6412558555603027,-0.2306700274348259,-0.24721015989780426,-0.21412989497184753,-0.00024613551795482635,-0.012469166815281096,0.013026665896177292,0.08845643699169159,-0.00939997285604477,29938.71484375,12650.4150390625,17288.30078125,29884.0625,12635.1318359375,17248.9296875,0.0018254739698022604,0.0012081187451258302,0.002277325838804245,0.18254739698022604,1.4979168493300676,4.238407884240151,1.3514791545458138,4.237510095238686,3.8367696508765223,4.593900273069739,4.923002787345658,820.0761407891115,820.0761407891115,greedy,4.923002787345658,0.0,hard_fault_cluster,,False
265,N733,observe,0.08040913194417953,4.017042415067554,4.446255826950073,0.3911813148111105,2.61107756979391,4.017042421893157,4.017042415067554,4.017042415067554,1.0,6.82560337633487e-09,3,2,1,0.0,1.0,2,1,1,0.0,0.08040913194417953,0.19464345276355743,3.07176219932735,3.7821456670761107,0.0019464345276355743,0.01625242829322815,0.0016845036298036575,0.3573702275753021,0.617617130279541,-0.22741901874542236,-0.24349847435951233,-0.2113395631313324,0.0016845036298036575,-0.5386547755450011,0.013276591897010803,0.08934973180294037,-0.009176090359687805,29884.36328125,12634.67578125,17249.6875,29859.35546875,12627.251953125,17232.103515625,0.0008368192939087749,0.0005875756614841521,0.001019379822537303,0.08368192939087749,1.5239871460944414,3.389558102637529,1.3767411787994206,3.3880951185524464,3.3359388995915653,4.268360284734517,4.017042421893157,824.0931832110047,824.0931832110047,greedy,4.017042421893157,0.0,hard_fault_cluster,,False
266,N2205,observe,0.09547310322523117,3.9912415938079353,4.376058626174927,0.43219668373465536,2.594307035975158,3.9912416002199964,3.9912415938079353,3.9912415938079353,1.0,6.412060973312742e-09,3,2,1,0.0,1.0,2,1,1,0.0,0.09547310322523117,0.19355274736881256,3.13846103027463,3.8112985372543333,0.0019355274736881257,0.017193704843521118,0.003988737240433693,0.36931151151657104,0.6564979553222656,-0.22915613651275635,-0.24732360243797302,-0.21098867058753967,0.003988737240433693,-0.25994727268815043,0.01354413852095604,0.08976048231124878,-0.009075500071048737,29859.173828125,12627.923828125,17231.25,29819.63671875,12616.171875,17203.46484375,0.0013241192791610956,0.0009306322317570448,0.0016124864341691136,0.13241192791610956,1.5519553367048502,3.3573254117369653,1.4037992232479155,3.351577115952969,3.314776685088873,4.254604845307767,3.9912416002199964,828.0844248112246,828.0844248112246,greedy,3.9912416002199964,0.0,hard_fault_cluster,,False
267,N6562,observe,0.017302799969911575,2.608158088773489,3.9683929204940793,-0.16343242377042766,1.695302757702768,2.6081580947970626,2.608158088773489,2.608158088773489,1.0,6.023573837886479e-09,3,2,1,0.0,1.0,2,1,1,0.0,0.017302799969911575,0.18929122388362885,2.236970814317465,3.8248492479324336,0.0018929122388362885,0.04644733667373657,-0.015362998470664024,0.44035667181015015,0.7552475929260254,-0.15022388845682144,-0.1319931000471115,-0.16845467686653137,-0.015362998470664024,-4.509081717580557,0.011591915041208267,0.09786537289619446,-0.013226211071014404,29819.23046875,12615.6689453125,17203.5625,30065.06640625,12642.9794921875,17422.0859375,-0.008244208060204983,-0.0021648115944117308,-0.012702220119535923,-0.8244208060204983,1.3331197295337915,2.0975541463494305,1.202673560474068,2.108980356752873,2.937422028928995,4.009324318803847,2.6081580947970626,830.6925829060217,830.6925829060217,greedy,2.6081580947970626,0.0,hard_fault_cluster,,False
268,N735,observe,0.033064503222703934,4.502220405638218,4.830135107040405,0.38584789782762535,2.9264432636648414,4.502220411296841,4.502220405638218,4.502220405638218,1.0,5.65862394813206e-09,3,2,1,0.0,1.0,2,1,1,0.0,0.033064503222703934,0.19043700397014618,3.841778264939785,4.561931204795837,0.0019043700397014618,0.0329078733921051,-0.004945224151015282,0.3826024830341339,0.7162231206893921,-0.2162078246474266,-0.2240372747182846,-0.2083783745765686,-0.004945224151015282,-1.699215588271618,0.011149771511554718,0.09614498913288116,-0.012029021978378296,30065.3046875,12642.564453125,17422.740234375,30069.357421875,12691.111328125,17378.24609375,-0.00013479770859703422,-0.0038399547338485718,0.002553796861320734,-0.013479770859703422,1.3004689309746027,2.562779589295387,1.1613500961102545,2.5488218027353287,4.039429785311222,4.725629360452294,4.502220411296841,835.1948033173186,835.1948033173186,greedy,4.502220411296841,0.0,hard_fault_cluster,,False
269,N2201,observe,0.0732966735959053,6.990741767436266,5.999999999999999,1.01229021564126,4.543982148833574,6.9907417727520516,6.990741767436266,6.990741767436266,1.0,5.315785254424422e-09,3,2,1,0.0,1.0,2,1,1,0.0,0.0732966735959053,0.19263769686222076,6.405479932576418,5.999999999999999,0.0019263769686222077,0.02984321117401123,-0.005066072568297386,0.3876056373119354,0.7108863592147827,-0.22201333940029144,-0.23030108213424683,-0.21372559666633606,-0.005066072568297386,0.27510922119021375,0.011865027248859406,0.09494788944721222,-0.011051848530769348,30069.552734375,12692.1171875,17377.435546875,30004.302734375,12684.408203125,17319.89453125,0.0021699690259993076,0.0006073836702853441,0.0033112489618360996,0.21699690259993076,1.374074349179864,6.500660931766033,1.2333956309594214,6.500660931766033,6.1967552654445175,6.127890922538936,6.9907417727520516,842.1855450900706,842.1855450900706,greedy,6.9907417727520516,0.0,hard_fault_cluster,,False
270,N2226,observe,0.09312037378549576,6.987585423737764,5.999999999999999,1.0102816332876683,4.541930525429547,6.9875854287314825,6.987585423737764,6.987585423737764,1.0,4.993718107117558e-09,3,2,1,0.0,1.0,2,1,1,0.0,0.09312037378549576,0.1935107558965683,6.40155107602477,5.999999999999999,0.001935107558965683,0.026031136512756348,-0.003384580835700035,0.38624927401542664,0.698137640953064,-0.22412048280239105,-0.23399147391319275,-0.21424949169158936,-0.003384580835700035,0.26891233995556796,0.012253955006599426,0.09406206011772156,-0.010617241263389587,30004.419921875,12684.552734375,17319.8671875,29935.259765625,12663.572265625,17271.6875,0.0023049989249557257,0.0016540172509849072,0.002781758550554514,0.23049989249557257,1.415521675720811,6.497941444218159,1.2729270444251597,6.497941444218159,6.191457999497652,6.124447699673474,6.9875854287314825,849.173130518802,849.173130518802,greedy,6.9875854287314825,0.0,hard_fault_cluster,,False
271,N652,control1,-0.09084197133779526,4.929997017877177,4.518684887886047,0.9128922849241644,3.2044980616201655,4.929997020914309,4.929997017877177,4.929997017877177,0.6474153325428956,4.691164021834418e-09,3,2,1,0.0,1.0,2,1,1,0.0,-0.09084197133779526,0.19593171775341034,4.967928360309451,4.988173770904541,0.0019593171775341032,0.019764870405197144,0.0032304171472787857,0.0996522456407547,0.29875344038009644,-0.22577185183763504,-0.3365107476711273,-0.11503295600414276,0.0032304171472787857,1.158110194504261,0.01021953672170639,0.08787904679775238,-0.010948993265628815,29930.5390625,12657.876953125,17272.662109375,29900.6171875,12660.0595703125,17240.556640625,0.0009997105225920677,-0.00017243153706658632,0.0018587446538731456,0.09997105225920677,1.2211158070713282,5.707258705794811,1.0717442058958113,5.687458853423595,4.4179043337702755,4.971637816950679,4.929997020914309,854.1031275397164,854.1031275397164,greedy,4.929997020914309,0.0,hard_fault_cluster,,False
272,N4532,control0,-0.2562985420227051,1.029457965195179,2.526938450336456,0.06034179121255875,0.6691476773768663,1.02945796685221,1.029457965195179,1.029457965195179,0.3760048417600825,4.406940761911854e-09,3,3,1,0.0,1.0,2,2,1,0.0,-0.2562985420227051,0.17770250141620636,0.9757969021797182,2.5590958952903744,0.0017770250141620637,0.017436206340789795,0.002009628340601921,-0.11969955265522003,0.1908055543899536,-0.13824037462472916,-0.14149293303489685,-0.13498781621456146,0.002009628340601921,-0.9684885317087174,0.006102021783590317,0.07501675188541412,-0.01304442435503006,29905.40625,12665.9306640625,17239.4765625,29918.34375,12603.3115234375,17315.033203125,-0.00043261409155093133,0.004943903535604477,-0.0043827686458826065,-0.04326140915509313,0.78991430811584,1.130653396844864,0.6551302107982337,1.1341948783397675,1.1011915653944016,2.1802021123468878,1.02945796685221,855.1325855065686,855.1325855065686,greedy,1.02945796685221,0.0,hard_fault_cluster,,False
273,N2212,observe,0.10198937356472015,7.091470792964101,5.999999999999999,1.0763905046135187,4.609456015426666,7.091470797104038,7.091470792964101,7.091470792964101,1.0,4.139937718785167e-09,3,2,1,0.0,1.0,2,1,1,0.0,0.10198937356472015,0.19862566888332367,6.493199464306235,5.999999999999999,0.0019862566888332366,0.016528934240341187,0.002038547769188881,0.35770896077156067,0.549605131149292,-0.23840053379535675,-0.25805142521858215,-0.21874964237213135,0.002038547769188881,0.8353854996711012,0.011474285274744034,0.08648476004600525,-0.01056913286447525,29917.703125,12602.7041015625,17315.0,29780.65234375,12571.0478515625,17209.60546875,0.0045809256844222546,0.0025118617340922356,0.006086891982704401,0.45809256844222546,1.348092744126916,6.57236577346921,1.1975945816375315,6.57236577346921,6.1774937171489,6.115370916146785,7.091470797104038,862.2240563036727,862.2240563036727,greedy,7.091470797104038,0.0,hard_fault_cluster,,False
274,N8238,control1,-0.08790846914052963,5.532094010189176,4.77096586227417,1.0896332100778818,3.5958611066229644,5.532094013614656,5.532094010189176,5.532094010189176,0.8807873981498788,3.889111572261008e-09,3,2,1,0.0,1.0,2,1,1,0.0,-0.08790846914052963,0.1989356130361557,5.812290013954043,5.593569469451904,0.001989356130361557,0.011812716722488403,0.011179225519299507,0.06551791727542877,0.19391977787017822,-0.23698849976062775,-0.35422283411026,-0.11975416541099548,0.011179225519299507,1.7304602877050639,0.009108658879995346,0.08026900887489319,-0.01067410409450531,29781.015625,12571.42578125,17209.58984375,29725.265625,12556.1826171875,17169.083984375,0.001871997956186533,0.0012125247158110142,0.002353679621592164,0.1871997956186533,1.1209807265549898,5.445602417737246,0.9633945976383984,5.34710440710187,4.860185450688005,5.259120542947203,5.532094013614656,867.7561503172874,867.7561503172874,greedy,5.532094013614656,0.0,hard_fault_cluster,,False
275,N6679,observe,-0.29330748319625854,1.3314640770852566,1.2850618600845336,0.24181264922022816,0.8654516501054168,1.3314640799421575,1.3314640770852566,1.3314640770852566,0.7819665813645209,3.6534822137210457e-09,3,2,1,0.0,1.0,2,1,1,0.0,-0.29330748319625854,0.19226981699466705,1.8321492582559584,1.1605644941329953,0.0019226981699466705,0.02054658532142639,0.006687263026833534,0.31062737107276917,0.2743319869041443,-0.20332635939121246,-0.22278018295764923,-0.1838725358247757,0.006687263026833534,-0.5631929513812066,0.005972661077976227,0.08080142736434937,-0.012679696083068848,29724.8359375,12555.904296875,17168.931640625,30035.17578125,12679.447265625,17355.728515625,-0.010440422222018242,-0.009839432314038277,-0.010879935696721077,-1.0440422222018242,0.7962231878191233,1.586333321928978,0.6470053778029978,1.573962544798851,1.4189182624220846,1.591409402117133,1.3314640799421575,869.0876143972296,869.0876143972296,greedy,1.3314640799421575,0.0,hard_fault_cluster,,False
276,N6956,control0,-0.005764509551227093,6.329731063246727,5.999999999999999,0.5916470402479171,4.114325191110373,6.329731065868282,6.329731063246727,6.329731063246727,0.7638277205100333,3.4321289163262448e-09,3,3,1,0.0,1.0,2,2,1,0.0,-0.005764509551227093,0.20429246127605438,4.053877574205398,4.0935317993164055,0.002042924612760544,0.016057461500167847,0.004473196342587471,0.028303053230047226,0.2016749531030655,-0.14405450969934464,-0.10943059623241425,-0.17867842316627502,0.004473196342587471,0.5237075686454773,0.007790368050336838,0.07326965034008026,-0.011416211724281311,30035.30078125,12679.5703125,17355.73046875,29802.896484375,12565.1640625,17237.732421875,0.007737705018371344,0.009022880345582962,0.0067987944930791855,0.7737705018371344,0.9878024626523256,4.789267464876175,0.8312282194383442,4.779602071046829,4.592593336105347,4.472420402467251,6.329731065868282,875.4173454630978,875.4173454630978,greedy,6.329731065868282,0.0,hard_fault_cluster,,False
277,N1348,observe,-0.06740780919790268,7.211090112812817,5.999999999999999,1.1525118899717928,4.6872085733283315,7.2110901160370044,7.211090112812817,7.211090112812817,1.0,3.224186737256734e-09,3,2,1,0.0,1.0,2,1,1,0.0,-0.06740780919790268,0.20040275156497955,6.608023316040635,5.999999999999999,0.0020040275156497957,0.008178651332855225,0.013358229771256447,0.21195262670516968,0.38941311836242676,-0.2219499796628952,-0.22928985953330994,-0.21461009979248047,0.013358229771256447,1.4267373587191103,0.007023107260465622,0.07015269994735718,-0.008870460093021393,29801.501953125,12563.365234375,17238.13671875,29581.28515625,12481.671875,17099.61328125,0.007389452774077654,0.006502506323158741,0.008035870268940926,0.7389452774077654,0.9160717073827982,6.6657811528444295,0.7557509713806212,6.6657811528444295,6.207888794690371,6.135127716548741,7.2110901160370044,882.6284355791348,882.6284355791348,greedy,7.2110901160370044,0.0,hard_fault_cluster,,False
278,N8606,control1,-0.0759183019399643,2.6544745898246767,3.24382677078247,0.5078982901573181,1.72540848338604,2.6544745911417293,2.6544745898246767,2.6544745898246767,0.43483682211163166,3.0288431379289354e-09,3,2,1,0.0,1.0,2,1,1,0.0,-0.0759183019399643,0.20256932079792023,2.4572355091571807,3.280178570747375,0.0020256932079792023,0.004472672939300537,0.019711347296833992,0.020709697157144547,0.08577141165733337,-0.24761056527495384,-0.37652167677879333,-0.11869945377111435,0.019711347296833992,1.3930325925350189,0.00695456936955452,0.07129816710948944,-0.00955459475517273,29582.990234375,12483.58984375,17099.400390625,29430.126953125,12398.537109375,17031.58984375,0.005167269613593817,0.006813162937760353,0.00396566791459918,0.5167269613593817,0.9177376050502062,2.1998682940006256,0.7510271039791405,2.1819174492359164,2.120133709907532,3.4780869114398953,2.6544745911417293,885.2829101702765,885.2829101702765,greedy,2.6544745911417293,0.0,hard_fault_cluster,,False
