[onpolicy-r21/subckt_0289] [plan] torch_deterministic=true
[onpolicy-r21/subckt_0289] [plan] latent_norm_clip_ratio=4 latent_norm_limit=30.811445
[onpolicy-r21/subckt_0289] [plan] step=1 node=__aig_and_57312 type=observe q_typed_reliable_context=4.512110 sequence=4.512110
[onpolicy-r21/subckt_0289] [plan] step=2 node=__buf_split_33198 type=observe q_typed_reliable_context=2.574575 sequence=7.086685
[onpolicy-r21/subckt_0289] [plan] step=3 node=__aig_not_55363 type=control0 q_typed_reliable_context=2.985053 sequence=10.071738
[onpolicy-r21/subckt_0289] [plan] step=4 node=__aig_and_57291 type=observe q_typed_reliable_context=2.767544 sequence=12.839282
[onpolicy-r21/subckt_0289] [plan] step=5 node=__buf_split_32439 type=control0 q_typed_reliable_context=2.878035 sequence=15.717317
[onpolicy-r21/subckt_0289] [plan] step=6 node=__aig_not_56060 type=control0 q_typed_reliable_context=3.089808 sequence=18.807125
[onpolicy-r21/subckt_0289] [plan] step=7 node=__buf_split_32136 type=control0 q_typed_reliable_context=2.697504 sequence=21.504628
[onpolicy-r21/subckt_0289] [plan] step=8 node=__aig_and_56050 type=observe q_typed_reliable_context=2.561479 sequence=24.066108
[onpolicy-r21/subckt_0289] [plan] step=9 node=__aig_and_56057 type=observe q_typed_reliable_context=3.277834 sequence=27.343942
[onpolicy-r21/subckt_0289] [plan] step=10 node=__aig_and_57232 type=observe q_typed_reliable_context=2.781472 sequence=30.125413
[onpolicy-r21/subckt_0289] [plan] step=11 node=new_n24637 type=observe q_typed_reliable_context=2.241586 sequence=32.366999
[onpolicy-r21/subckt_0289] [plan] step=12 node=__aig_and_4581 type=control1 q_typed_reliable_context=2.420564 sequence=34.787564
[onpolicy-r21/subckt_0289] [plan] step=13 node=__aig_not_5121 type=control0 q_typed_reliable_context=3.591086 sequence=38.378650
[onpolicy-r21/subckt_0289] [plan] step=14 node=new_n24624 type=observe q_typed_reliable_context=3.177743 sequence=41.556392
[onpolicy-r21/subckt_0289] [plan] step=15 node=__aig_and_57204 type=observe q_typed_reliable_context=3.288604 sequence=44.844997
[onpolicy-r21/subckt_0289] [plan] step=16 node=__buf_split_32520 type=observe q_typed_reliable_context=3.200917 sequence=48.045914
[onpolicy-r21/subckt_0289] [plan] step=17 node=__aig_and_57219 type=observe q_typed_reliable_context=2.722844 sequence=50.768758
[onpolicy-r21/subckt_0289] [plan] step=18 node=__aig_and_57212 type=observe q_typed_reliable_context=2.765359 sequence=53.534116
[onpolicy-r21/subckt_0289] [plan] step=19 node=__aig_and_55349 type=observe q_typed_reliable_context=2.540751 sequence=56.074867
[onpolicy-r21/subckt_0289] [plan] step=20 node=__aig_and_55336 type=observe q_typed_reliable_context=2.688546 sequence=58.763413
[onpolicy-r21/subckt_0289] [plan] step=21 node=__aig_and_55343 type=observe q_typed_reliable_context=3.630563 sequence=62.393976
[onpolicy-r21/subckt_0289] [plan] step=22 node=__aig_and_55339 type=observe q_typed_reliable_context=1.972427 sequence=64.366403
[onpolicy-r21/subckt_0289] [plan] step=23 node=__aig_not_55380 type=control0 q_typed_reliable_context=2.606156 sequence=66.972559
[onpolicy-r21/subckt_0289] [plan] step=24 node=__aig_not_55354 type=control0 q_typed_reliable_context=2.399746 sequence=69.372305
[onpolicy-r21/subckt_0289] [plan] step=25 node=__aig_and_4570 type=control1 q_typed_reliable_context=1.940751 sequence=71.313057
[onpolicy-r21/subckt_0289] [plan] step=26 node=__aig_and_57238 type=observe q_typed_reliable_context=2.151784 sequence=73.464841
[onpolicy-r21/subckt_0289] [plan] step=27 node=new_n24630 type=observe q_typed_reliable_context=1.967564 sequence=75.432404
[onpolicy-r21/subckt_0289] [plan] step=28 node=__aig_not_5109 type=control0 q_typed_reliable_context=1.553948 sequence=76.986353
[onpolicy-r21/subckt_0289] [plan] step=29 node=__buf_split_32438 type=control0 q_typed_reliable_context=1.173717 sequence=78.160070
[onpolicy-r21/subckt_0289] [plan] step=30 node=new_n23822 type=control1 q_typed_reliable_context=2.893755 sequence=81.053825
[onpolicy-r21/subckt_0289] [plan] step=31 node=__aig_not_5675 type=control0 q_typed_reliable_context=1.185009 sequence=82.238835
[onpolicy-r21/subckt_0289] [plan] step=32 node=__aig_and_55353 type=observe q_typed_reliable_context=1.374311 sequence=83.613146
[onpolicy-r21/subckt_0289] [plan] step=33 node=__aig_not_57233 type=observe q_typed_reliable_context=1.897681 sequence=85.510827
[onpolicy-r21/subckt_0289] [plan] step=34 node=__buf_split_3034 type=observe q_typed_reliable_context=1.210919 sequence=86.721746
[onpolicy-r21/subckt_0289] [plan] step=35 node=__aig_not_5104 type=control0 q_typed_reliable_context=1.703126 sequence=88.424871
[onpolicy-r21/subckt_0289] [plan] step=36 node=__aig_and_57332 type=observe q_typed_reliable_context=1.150373 sequence=89.575245
[onpolicy-r21/subckt_0289] [plan] step=37 node=__buf_split_32517 type=observe q_typed_reliable_context=0.952258 sequence=90.527502
[onpolicy-r21/subckt_0289] [plan] step=38 node=__buf_split_32119 type=observe q_typed_reliable_context=2.229694 sequence=92.757197
[onpolicy-r21/subckt_0289] [plan] step=39 node=__buf_split_33166 type=observe q_typed_reliable_context=1.255104 sequence=94.012301
[onpolicy-r21/subckt_0289] [plan] step=40 node=__buf_split_33150 type=observe q_typed_reliable_context=0.968216 sequence=94.980517
[onpolicy-r21/subckt_0289] [plan] step=41 node=__aig_and_5107 type=control1 q_typed_reliable_context=1.482426 sequence=96.462944
[onpolicy-r21/subckt_0289] [plan] step=42 node=new_n24121 type=observe q_typed_reliable_context=1.256936 sequence=97.719880
[onpolicy-r21/subckt_0289] [plan] step=43 node=__aig_not_57323 type=observe q_typed_reliable_context=1.558475 sequence=99.278355
[onpolicy-r21/subckt_0289] [plan] step=44 node=__aig_and_4529 type=control1 q_typed_reliable_context=1.816345 sequence=101.094700
[onpolicy-r21/subckt_0289] [plan] step=45 node=__aig_and_56035 type=observe q_typed_reliable_context=2.015028 sequence=103.109729
[onpolicy-r21/subckt_0289] [plan] step=46 node=__buf_split_33164 type=observe q_typed_reliable_context=3.823247 sequence=106.932975
[onpolicy-r21/subckt_0289] [plan] step=47 node=__aig_not_5095 type=control0 q_typed_reliable_context=3.068672 sequence=110.001647
[onpolicy-r21/subckt_0289] [plan] step=48 node=__buf_split_33163 type=observe q_typed_reliable_context=2.862128 sequence=112.863776
[onpolicy-r21/subckt_0289] [plan] step=49 node=new_n2113 type=observe q_typed_reliable_context=3.580226 sequence=116.444002
[onpolicy-r21/subckt_0289] [plan] step=50 node=__aig_and_4573 type=observe q_typed_reliable_context=5.398110 sequence=121.842112
[onpolicy-r21/subckt_0289] [plan] step=51 node=__aig_and_5103 type=observe q_typed_reliable_context=5.290203 sequence=127.132314
[onpolicy-r21/subckt_0289] [plan] step=52 node=__buf_split_3036 type=observe q_typed_reliable_context=3.493936 sequence=130.626250
[onpolicy-r21/subckt_0289] [plan] step=53 node=__buf_split_2727 type=observe q_typed_reliable_context=2.655993 sequence=133.282244
[onpolicy-r21/subckt_0289] [plan] step=54 node=__aig_not_4525 type=control0 q_typed_reliable_context=3.139083 sequence=136.421327
[onpolicy-r21/subckt_0289] [plan] step=55 node=__aig_not_5083 type=control0 q_typed_reliable_context=4.103465 sequence=140.524792
[onpolicy-r21/subckt_0289] [plan] step=56 node=__buf_split_32125 type=observe q_typed_reliable_context=2.345387 sequence=142.870179
[onpolicy-r21/subckt_0289] [plan] step=57 node=new_n2344 type=observe q_typed_reliable_context=2.858063 sequence=145.728242
[onpolicy-r21/subckt_0289] [plan] step=58 node=__buf_split_2734 type=observe q_typed_reliable_context=2.741383 sequence=148.469625
[onpolicy-r21/subckt_0289] [plan] step=59 node=__buf_split_2726 type=observe q_typed_reliable_context=2.638802 sequence=151.108427
[onpolicy-r21/subckt_0289] [plan] step=60 node=__buf_split_3037 type=observe q_typed_reliable_context=3.257653 sequence=154.366081
[onpolicy-r21/subckt_0289] [plan] step=61 node=__aig_and_55389 type=control1 q_typed_reliable_context=5.823040 sequence=160.189121
[onpolicy-r21/subckt_0289] [plan] step=62 node=__aig_not_7 type=control0 q_typed_reliable_context=3.852406 sequence=164.041527
[onpolicy-r21/subckt_0289] [plan] step=63 node=__aig_not_4578 type=control0 q_typed_reliable_context=3.176578 sequence=167.218105
[onpolicy-r21/subckt_0289] [plan] step=64 node=__aig_not_4567 type=control0 q_typed_reliable_context=2.563652 sequence=169.781758
[onpolicy-r21/subckt_0289] [plan] step=65 node=__aig_and_4534 type=control1 q_typed_reliable_context=4.806334 sequence=174.588091
[onpolicy-r21/subckt_0289] [plan] step=66 node=__buf_split_32135 type=observe q_typed_reliable_context=2.135802 sequence=176.723894
[onpolicy-r21/subckt_0289] [plan] step=67 node=__buf_split_33159 type=observe q_typed_reliable_context=2.886156 sequence=179.610050
[onpolicy-r21/subckt_0289] [plan] step=68 node=__aig_not_4542 type=control0 q_typed_reliable_context=3.675141 sequence=183.285192
[onpolicy-r21/subckt_0289] [plan] step=69 node=__aig_not_4048 type=observe q_typed_reliable_context=2.699845 sequence=185.985037
[onpolicy-r21/subckt_0289] [plan] step=70 node=new_n23830 type=observe q_typed_reliable_context=2.724633 sequence=188.709670
[onpolicy-r21/subckt_0289] [plan] step=71 node=__aig_not_4056 type=control0 q_typed_reliable_context=3.023545 sequence=191.733216
[onpolicy-r21/subckt_0289] [plan] step=72 node=__aig_and_4521 type=control1 q_typed_reliable_context=5.970836 sequence=197.704051
[onpolicy-r21/subckt_0289] [plan] step=73 node=__buf_split_32134 type=observe q_typed_reliable_context=3.937670 sequence=201.641722
[onpolicy-r21/subckt_0289] [plan] step=74 node=__aig_not_4565 type=control0 q_typed_reliable_context=4.693571 sequence=206.335293
[onpolicy-r21/subckt_0289] [plan] step=75 node=__aig_and_4503 type=control1 q_typed_reliable_context=3.586793 sequence=209.922086
[onpolicy-r21/subckt_0289] [plan] step=76 node=__aig_not_4559 type=control0 q_typed_reliable_context=4.065867 sequence=213.987953
[onpolicy-r21/subckt_0289] [plan] step=77 node=__aig_and_4531 type=observe q_typed_reliable_context=3.214169 sequence=217.202122
[onpolicy-r21/subckt_0289] [plan] step=78 node=__buf_split_2741 type=observe q_typed_reliable_context=4.549880 sequence=221.752002
[onpolicy-r21/subckt_0289] [plan] step=79 node=__buf_split_3058 type=observe q_typed_reliable_context=2.970006 sequence=224.722008
[onpolicy-r21/subckt_0289] [plan] step=80 node=__aig_not_4540 type=control0 q_typed_reliable_context=3.370841 sequence=228.092848
[onpolicy-r21/subckt_0289] [plan] step=81 node=__buf_split_2723 type=observe q_typed_reliable_context=2.751943 sequence=230.844792
[onpolicy-r21/subckt_0289] [plan] step=82 node=__buf_split_2740 type=observe q_typed_reliable_context=2.606059 sequence=233.450851
[onpolicy-r21/subckt_0289] [plan] step=83 node=__aig_and_53585 type=control1 q_typed_reliable_context=4.090774 sequence=237.541625
[onpolicy-r21/subckt_0289] [plan] step=84 node=__aig_not_5667 type=control0 q_typed_reliable_context=1.844494 sequence=239.386119
[onpolicy-r21/subckt_0289] [plan] step=85 node=__aig_and_4508 type=control1 q_typed_reliable_context=2.238540 sequence=241.624659
[onpolicy-r21/subckt_0289] [plan] step=86 node=__aig_and_5094 type=control1 q_typed_reliable_context=2.215269 sequence=243.839929
[onpolicy-r21/subckt_0289] [plan] step=87 node=__aig_not_57241 type=control0 q_typed_reliable_context=1.825630 sequence=245.665558
[onpolicy-r21/subckt_0289] [plan] step=88 node=__aig_and_55895 type=control1 q_typed_reliable_context=2.774700 sequence=248.440258
[onpolicy-r21/subckt_0289] [plan] step=89 node=__aig_and_4059 type=control1 q_typed_reliable_context=3.202992 sequence=251.643250
[onpolicy-r21/subckt_0289] [plan] step=90 node=asqrt[46] type=control0 q_typed_reliable_context=2.789155 sequence=254.432405
[onpolicy-r21/subckt_0289] [plan] step=91 node=__aig_not_55326 type=control0 q_typed_reliable_context=2.950651 sequence=257.383056
[onpolicy-r21/subckt_0289] [plan] step=92 node=__aig_not_4545 type=control0 q_typed_reliable_context=2.636708 sequence=260.019764
[onpolicy-r21/subckt_0289] [plan] step=93 node=__aig_and_5638 type=control1 q_typed_reliable_context=2.423428 sequence=262.443192
[onpolicy-r21/subckt_0289] [plan] step=94 node=__buf_split_2417 type=observe q_typed_reliable_context=2.010749 sequence=264.453941
[onpolicy-r21/subckt_0289] [plan] step=95 node=__aig_and_5029 type=control1 q_typed_reliable_context=2.729903 sequence=267.183845
[onpolicy-r21/subckt_0289] [plan] step=96 node=__aig_not_5053 type=control0 q_typed_reliable_context=2.381392 sequence=269.565237
[onpolicy-r21/subckt_0289] [plan] step=97 node=__aig_and_4067 type=control1 q_typed_reliable_context=2.139989 sequence=271.705226
[onpolicy-r21/subckt_0289] [plan] step=98 node=__aig_and_57373 type=control1 q_typed_reliable_context=2.769270 sequence=274.474496
[onpolicy-r21/subckt_0289] [plan] step=99 node=__buf_split_2418 type=observe q_typed_reliable_context=2.241604 sequence=276.716101
[onpolicy-r21/subckt_0289] [plan] step=100 node=__aig_not_5085 type=control0 q_typed_reliable_context=2.185203 sequence=278.901304
[onpolicy-r21/subckt_0289] [plan] step=101 node=__aig_and_57355 type=control1 q_typed_reliable_context=2.941023 sequence=281.842327
[onpolicy-r21/subckt_0289] [plan] step=102 node=__aig_and_57368 type=control1 q_typed_reliable_context=1.748771 sequence=283.591099
[onpolicy-r21/subckt_0289] [plan] step=103 node=__buf_split_3383 type=observe q_typed_reliable_context=2.113880 sequence=285.704978
[onpolicy-r21/subckt_0289] [plan] step=104 node=__aig_not_57365 type=control0 q_typed_reliable_context=1.607921 sequence=287.312899
[onpolicy-r21/subckt_0289] [plan] step=105 node=__aig_and_6259 type=control1 q_typed_reliable_context=1.964658 sequence=289.277557
[onpolicy-r21/subckt_0289] [plan] step=106 node=new_n1902 type=observe q_typed_reliable_context=2.242493 sequence=291.520051
[onpolicy-r21/subckt_0289] [plan] step=107 node=__aig_and_57327 type=observe q_typed_reliable_context=1.461605 sequence=292.981656
[onpolicy-r21/subckt_0289] [plan] step=108 node=__aig_and_57361 type=control0 q_typed_reliable_context=1.932077 sequence=294.913733
[onpolicy-r21/subckt_0289] [plan] step=109 node=new_n2094 type=observe q_typed_reliable_context=1.944220 sequence=296.857953
[onpolicy-r21/subckt_0289] [plan] step=110 node=__aig_and_4518 type=control0 q_typed_reliable_context=2.632942 sequence=299.490894
[onpolicy-r21/subckt_0289] [plan] step=111 node=__aig_not_57370 type=control0 q_typed_reliable_context=2.356170 sequence=301.847065
[onpolicy-r21/subckt_0289] [plan] step=112 node=__aig_not_4532 type=control0 q_typed_reliable_context=2.169331 sequence=304.016396
[onpolicy-r21/subckt_0289] [plan] step=113 node=__buf_split_2459 type=observe q_typed_reliable_context=2.474482 sequence=306.490878
[onpolicy-r21/subckt_0289] [plan] step=114 node=__aig_and_28 type=control0 q_typed_reliable_context=2.345305 sequence=308.836184
[onpolicy-r21/subckt_0289] [plan] step=115 node=__aig_not_1 type=control0 q_typed_reliable_context=3.429902 sequence=312.266085
[onpolicy-r21/subckt_0289] [plan] step=116 node=new_n2108 type=observe q_typed_reliable_context=2.133976 sequence=314.400062
[onpolicy-r21/subckt_0289] [plan] step=117 node=__buf_split_3380 type=observe q_typed_reliable_context=2.254597 sequence=316.654659
[onpolicy-r21/subckt_0289] [plan] step=118 node=__buf_split_32425 type=observe q_typed_reliable_context=2.612004 sequence=319.266663
[onpolicy-r21/subckt_0289] [plan] step=119 node=__buf_split_2693 type=observe q_typed_reliable_context=1.658927 sequence=320.925590
[onpolicy-r21/subckt_0289] [plan] step=120 node=__aig_and_54165 type=control1 q_typed_reliable_context=1.636440 sequence=322.562030
[onpolicy-r21/subckt_0289] [plan] step=121 node=__aig_and_54164 type=control1 q_typed_reliable_context=1.928727 sequence=324.490757
[onpolicy-r21/subckt_0289] [plan] step=122 node=__aig_and_55887 type=control1 q_typed_reliable_context=1.963793 sequence=326.454551
[onpolicy-r21/subckt_0289] [plan] step=123 node=__aig_not_4093 type=control0 q_typed_reliable_context=1.776001 sequence=328.230552
[onpolicy-r21/subckt_0289] [plan] step=124 node=__aig_not_4060 type=control0 q_typed_reliable_context=1.843436 sequence=330.073988
[onpolicy-r21/subckt_0289] [plan] step=125 node=__aig_and_23 type=control1 q_typed_reliable_context=1.880414 sequence=331.954402
[onpolicy-r21/subckt_0289] [plan] step=126 node=__aig_and_55878 type=observe q_typed_reliable_context=1.346831 sequence=333.301233
[onpolicy-r21/subckt_0289] [plan] step=127 node=__buf_split_32436 type=observe q_typed_reliable_context=1.924816 sequence=335.226049
[onpolicy-r21/subckt_0289] [plan] step=128 node=__aig_and_4515 type=control1 q_typed_reliable_context=1.850509 sequence=337.076558
[onpolicy-r21/subckt_0289] [plan] step=129 node=__buf_split_33181 type=observe q_typed_reliable_context=1.552328 sequence=338.628885
[onpolicy-r21/subckt_0289] [plan] step=130 node=__aig_and_53590 type=control1 q_typed_reliable_context=1.823211 sequence=340.452097
[onpolicy-r21/subckt_0289] [plan] step=131 node=__aig_not_53599 type=control0 q_typed_reliable_context=1.834992 sequence=342.287089
[onpolicy-r21/subckt_0289] [plan] step=132 node=__aig_not_4500 type=control0 q_typed_reliable_context=1.782909 sequence=344.069998
[onpolicy-r21/subckt_0289] [plan] step=133 node=__aig_not_55881 type=observe q_typed_reliable_context=1.346487 sequence=345.416485
[onpolicy-r21/subckt_0289] [plan] step=134 node=__aig_and_55911 type=control0 q_typed_reliable_context=1.629109 sequence=347.045594
[onpolicy-r21/subckt_0289] [plan] step=135 node=__aig_not_5050 type=control0 q_typed_reliable_context=2.802559 sequence=349.848154
[onpolicy-r21/subckt_0289] [plan] step=136 node=__buf_split_32427 type=control0 q_typed_reliable_context=2.203058 sequence=352.051212
[onpolicy-r21/subckt_0289] [plan] step=137 node=__aig_and_55369 type=control0 q_typed_reliable_context=1.800861 sequence=353.852073
[onpolicy-r21/subckt_0289] [plan] step=138 node=__aig_not_5111 type=control0 q_typed_reliable_context=1.832943 sequence=355.685016
[onpolicy-r21/subckt_0289] [plan] step=139 node=__aig_and_56042 type=control0 q_typed_reliable_context=1.009788 sequence=356.694804
[onpolicy-r21/subckt_0289] [plan] step=140 node=__buf_split_2707 type=observe q_typed_reliable_context=1.513215 sequence=358.208019
[onpolicy-r21/subckt_0289] [plan] step=141 node=__buf_split_2692 type=observe q_typed_reliable_context=1.403698 sequence=359.611717
[onpolicy-r21/subckt_0289] [plan] step=142 node=__aig_and_57363 type=control1 q_typed_reliable_context=1.338155 sequence=360.949873
[onpolicy-r21/subckt_0289] [plan] step=143 node=__buf_split_33215 type=observe q_typed_reliable_context=1.548230 sequence=362.498102
[onpolicy-r21/subckt_0289] [plan] step=144 node=__aig_and_55856 type=control0 q_typed_reliable_context=1.551556 sequence=364.049658
[onpolicy-r21/subckt_0289] [plan] step=145 node=__aig_not_57269 type=control0 q_typed_reliable_context=1.715042 sequence=365.764701
[onpolicy-r21/subckt_0289] [plan] step=146 node=new_n23804 type=observe q_typed_reliable_context=1.661841 sequence=367.426542
[onpolicy-r21/subckt_0289] [plan] step=147 node=__aig_not_56045 type=control0 q_typed_reliable_context=1.701975 sequence=369.128518
[onpolicy-r21/subckt_0289] [plan] step=148 node=__aig_not_53604 type=control0 q_typed_reliable_context=1.622894 sequence=370.751411
[onpolicy-r21/subckt_0289] [plan] step=149 node=__aig_not_4064 type=observe q_typed_reliable_context=1.345037 sequence=372.096448
[onpolicy-r21/subckt_0289] [plan] step=150 node=__aig_not_5069 type=control0 q_typed_reliable_context=1.837295 sequence=373.933743
[onpolicy-r21/subckt_0289] [plan] step=151 node=__aig_not_53571 type=control0 q_typed_reliable_context=1.800631 sequence=375.734374
[onpolicy-r21/subckt_0289] [plan] step=152 node=__buf_split_2694 type=observe q_typed_reliable_context=1.549851 sequence=377.284226
[onpolicy-r21/subckt_0289] [plan] step=153 node=__buf_split_31436 type=observe q_typed_reliable_context=1.760539 sequence=379.044765
[onpolicy-r21/subckt_0289] [plan] step=154 node=__buf_split_31437 type=observe q_typed_reliable_context=1.630001 sequence=380.674766
[onpolicy-r21/subckt_0289] [plan] step=155 node=__buf_split_15 type=observe q_typed_reliable_context=1.749660 sequence=382.424426
[onpolicy-r21/subckt_0289] [plan] step=156 node=__aig_not_57275 type=control0 q_typed_reliable_context=1.987370 sequence=384.411796
[onpolicy-r21/subckt_0289] [plan] step=157 node=new_n24686 type=control1 q_typed_reliable_context=1.533659 sequence=385.945455
[onpolicy-r21/subckt_0289] [plan] step=158 node=__buf_split_17 type=observe q_typed_reliable_context=1.279866 sequence=387.225321
[onpolicy-r21/subckt_0289] [plan] step=159 node=new_n24051 type=observe q_typed_reliable_context=2.203279 sequence=389.428600
[onpolicy-r21/subckt_0289] [plan] step=160 node=__aig_not_57267 type=control0 q_typed_reliable_context=2.208627 sequence=391.637226
[onpolicy-r21/subckt_0289] [plan] step=161 node=new_n24647 type=control0 q_typed_reliable_context=1.242523 sequence=392.879749
[onpolicy-r21/subckt_0289] [plan] step=162 node=__aig_and_4080 type=control1 q_typed_reliable_context=1.500640 sequence=394.380389
[onpolicy-r21/subckt_0289] [plan] step=163 node=__aig_and_53603 type=control1 q_typed_reliable_context=1.569533 sequence=395.949922
[onpolicy-r21/subckt_0289] [plan] step=164 node=__aig_and_55331 type=control1 q_typed_reliable_context=1.685969 sequence=397.635891
[onpolicy-r21/subckt_0289] [plan] step=165 node=__aig_and_5088 type=control1 q_typed_reliable_context=1.748871 sequence=399.384762
[onpolicy-r21/subckt_0289] [plan] step=166 node=__buf_split_6 type=observe q_typed_reliable_context=1.407941 sequence=400.792703
[onpolicy-r21/subckt_0289] [plan] step=167 node=__buf_split_3 type=observe q_typed_reliable_context=1.273207 sequence=402.065910
[onpolicy-r21/subckt_0289] [plan] step=168 node=new_n1879 type=observe q_typed_reliable_context=1.305425 sequence=403.371334
[onpolicy-r21/subckt_0289] [plan] step=169 node=__buf_split_2427 type=observe q_typed_reliable_context=0.888126 sequence=404.259460
[onpolicy-r21/subckt_0289] [plan] step=170 node=new_n23068 type=observe q_typed_reliable_context=0.996851 sequence=405.256311
[onpolicy-r21/subckt_0289] [plan] step=171 node=__buf_split_31114 type=observe q_typed_reliable_context=1.044326 sequence=406.300637
[onpolicy-r21/subckt_0289] [plan] step=172 node=__buf_split_3018 type=observe q_typed_reliable_context=0.917926 sequence=407.218563
[onpolicy-r21/subckt_0289] [plan] step=173 node=__aig_and_55384 type=control0 q_typed_reliable_context=1.777131 sequence=408.995694
[onpolicy-r21/subckt_0289] [plan] step=174 node=__aig_and_56038 type=control0 q_typed_reliable_context=1.193185 sequence=410.188878
[onpolicy-r21/subckt_0289] [plan] step=175 node=__aig_not_55888 type=control0 q_typed_reliable_context=1.531186 sequence=411.720064
[onpolicy-r21/subckt_0289] [plan] step=176 node=__aig_not_56033 type=control0 q_typed_reliable_context=1.685183 sequence=413.405247
[onpolicy-r21/subckt_0289] [plan] step=177 node=__buf_split_2416 type=observe q_typed_reliable_context=1.196024 sequence=414.601272
[onpolicy-r21/subckt_0289] [plan] step=178 node=__aig_not_56039 type=control1 q_typed_reliable_context=0.818050 sequence=415.419322
[onpolicy-r21/subckt_0289] [plan] step=179 node=__aig_and_4558 type=control1 q_typed_reliable_context=1.145811 sequence=416.565133
[onpolicy-r21/subckt_0289] [plan] step=180 node=__aig_not_55386 type=control0 q_typed_reliable_context=1.043787 sequence=417.608920
[onpolicy-r21/subckt_0289] [plan] step=181 node=__aig_not_4588 type=control0 q_typed_reliable_context=0.982596 sequence=418.591517
[onpolicy-r21/subckt_0289] [plan] step=182 node=__aig_and_4584 type=control0 q_typed_reliable_context=0.742298 sequence=419.333815
[onpolicy-r21/subckt_0289] [plan] step=183 node=__aig_not_55366 type=control0 q_typed_reliable_context=0.729487 sequence=420.063302
[onpolicy-r21/subckt_0289] [plan] step=184 node=new_n1896 type=observe q_typed_reliable_context=0.863590 sequence=420.926892
[onpolicy-r21/subckt_0289] [plan] step=185 node=__buf_split_2426 type=observe q_typed_reliable_context=0.828403 sequence=421.755295
[onpolicy-r21/subckt_0289] [plan] step=186 node=__buf_split_33222 type=observe q_typed_reliable_context=1.043822 sequence=422.799117
[onpolicy-r21/subckt_0289] [plan] step=187 node=__buf_split_32111 type=observe q_typed_reliable_context=0.781963 sequence=423.581081
[onpolicy-r21/subckt_0289] [plan] step=188 node=new_n24632 type=control0 q_typed_reliable_context=0.740745 sequence=424.321826
[onpolicy-r21/subckt_0289] [plan] step=189 node=__aig_not_57261 type=control0 q_typed_reliable_context=1.098551 sequence=425.420376
[onpolicy-r21/subckt_0289] [plan] step=190 node=__buf_split_3029 type=observe q_typed_reliable_context=1.279225 sequence=426.699602
[onpolicy-r21/subckt_0289] [plan] step=191 node=__aig_not_57278 type=control0 q_typed_reliable_context=1.134287 sequence=427.833889
[onpolicy-r21/subckt_0289] [plan] step=192 node=__aig_not_5119 type=control1 q_typed_reliable_context=1.206624 sequence=429.040513
[onpolicy-r21/subckt_0289] [plan] step=193 node=__aig_and_4562 type=control1 q_typed_reliable_context=1.488710 sequence=430.529223
[onpolicy-r21/subckt_0289] [plan] step=194 node=__aig_and_57250 type=control0 q_typed_reliable_context=1.182826 sequence=431.712049
[onpolicy-r21/subckt_0289] [plan] step=195 node=__aig_not_57263 type=control0 q_typed_reliable_context=1.135820 sequence=432.847869
[onpolicy-r21/subckt_0289] [plan] step=196 node=__aig_and_57260 type=control1 q_typed_reliable_context=1.167839 sequence=434.015708
[onpolicy-r21/subckt_0289] [plan] step=197 node=__aig_and_4551 type=control0 q_typed_reliable_context=1.101776 sequence=435.117484
[onpolicy-r21/subckt_0289] [plan] step=198 node=__aig_not_55340 type=control0 q_typed_reliable_context=0.947481 sequence=436.064965
[onpolicy-r21/subckt_0289] [plan] step=199 node=__aig_not_6250 type=observe q_typed_reliable_context=1.026889 sequence=437.091854
[onpolicy-r21/subckt_0289] [plan] step=200 node=new_n23808 type=observe q_typed_reliable_context=1.216592 sequence=438.308446
[onpolicy-r21/subckt_0289] [plan] step=201 node=__buf_split_33204 type=observe q_typed_reliable_context=1.058517 sequence=439.366962
[onpolicy-r21/subckt_0289] [plan] step=202 node=__aig_not_57255 type=control0 q_typed_reliable_context=1.033018 sequence=440.399980
[onpolicy-r21/subckt_0289] [plan] step=203 node=__buf_split_2735 type=observe q_typed_reliable_context=1.002131 sequence=441.402111
[onpolicy-r21/subckt_0289] [plan] step=204 node=__buf_split_2737 type=observe q_typed_reliable_context=1.045512 sequence=442.447623
[onpolicy-r21/subckt_0289] [plan] step=205 node=__aig_not_4580 type=control0 q_typed_reliable_context=1.056125 sequence=443.503748
[onpolicy-r21/subckt_0289] [plan] step=206 node=__buf_split_2721 type=control1 q_typed_reliable_context=1.114618 sequence=444.618366
[onpolicy-r21/subckt_0289] [plan] step=207 node=__aig_not_5106 type=control0 q_typed_reliable_context=1.919286 sequence=446.537653
[onpolicy-r21/subckt_0289] [plan] step=208 node=__aig_not_4016 type=observe q_typed_reliable_context=1.392501 sequence=447.930153
[onpolicy-r21/subckt_0289] [plan] step=209 node=__aig_and_4553 type=control1 q_typed_reliable_context=1.428247 sequence=449.358401
[onpolicy-r21/subckt_0289] [plan] step=210 node=__aig_not_53584 type=observe q_typed_reliable_context=1.327450 sequence=450.685851
[onpolicy-r21/subckt_0289] [plan] step=211 node=__buf_split_2443 type=observe q_typed_reliable_context=1.577561 sequence=452.263412
[onpolicy-r21/subckt_0289] [plan] step=212 node=new_n2576 type=observe q_typed_reliable_context=1.103252 sequence=453.366664
[onpolicy-r21/subckt_0289] [plan] step=213 node=__aig_and_55356 type=control1 q_typed_reliable_context=1.509426 sequence=454.876090
[onpolicy-r21/subckt_0289] [plan] step=214 node=__buf_split_2708 type=observe q_typed_reliable_context=1.351977 sequence=456.228067
[onpolicy-r21/subckt_0289] [plan] step=215 node=__buf_split_32120 type=observe q_typed_reliable_context=1.573626 sequence=457.801693
[onpolicy-r21/subckt_0289] [plan] step=216 node=new_n24680 type=observe q_typed_reliable_context=1.136748 sequence=458.938441
[onpolicy-r21/subckt_0289] [plan] step=217 node=__aig_not_4528 type=control0 q_typed_reliable_context=1.316899 sequence=460.255341
[onpolicy-r21/subckt_0289] [plan] step=218 node=__aig_not_57258 type=control0 q_typed_reliable_context=0.894542 sequence=461.149883
[onpolicy-r21/subckt_0289] [plan] step=219 node=__buf_split_2715 type=control0 q_typed_reliable_context=1.700063 sequence=462.849945
[onpolicy-r21/subckt_0289] [plan] step=220 node=new_n2098 type=observe q_typed_reliable_context=1.884505 sequence=464.734451
[onpolicy-r21/subckt_0289] [plan] step=221 node=__buf_split_2704 type=observe q_typed_reliable_context=0.992865 sequence=465.727315
[onpolicy-r21/subckt_0289] [plan] step=222 node=__aig_not_5028 type=observe q_typed_reliable_context=0.881266 sequence=466.608581
[onpolicy-r21/subckt_0289] [plan] step=223 node=__buf_split_3017 type=observe q_typed_reliable_context=1.069236 sequence=467.677818
[onpolicy-r21/subckt_0289] [plan] step=224 node=new_n23065 type=observe q_typed_reliable_context=1.061232 sequence=468.739049
[onpolicy-r21/subckt_0289] [plan] step=225 node=__aig_not_55370 type=control0 q_typed_reliable_context=1.182330 sequence=469.921380
[onpolicy-r21/subckt_0289] [plan] step=226 node=__aig_not_4058 type=control0 q_typed_reliable_context=1.011205 sequence=470.932584
[onpolicy-r21/subckt_0289] [plan] step=227 node=__aig_not_55894 type=observe q_typed_reliable_context=1.067557 sequence=472.000141
[onpolicy-r21/subckt_0289] [plan] step=228 node=__aig_not_6257 type=observe q_typed_reliable_context=1.029571 sequence=473.029712
[onpolicy-r21/subckt_0289] [plan] step=229 node=__aig_not_55886 type=observe q_typed_reliable_context=0.987769 sequence=474.017481
[onpolicy-r21/subckt_0289] [plan] step=230 node=__aig_not_26 type=observe q_typed_reliable_context=1.031770 sequence=475.049251
[onpolicy-r21/subckt_0289] [plan] step=231 node=__aig_not_55375 type=control0 q_typed_reliable_context=1.190023 sequence=476.239274
[onpolicy-r21/subckt_0289] [plan] step=232 node=__aig_not_4026 type=control0 q_typed_reliable_context=0.983308 sequence=477.222583
[onpolicy-r21/subckt_0289] [plan] step=233 node=new_n24684 type=observe q_typed_reliable_context=1.519873 sequence=478.742455
[onpolicy-r21/subckt_0289] [plan] step=234 node=__aig_not_4576 type=control0 q_typed_reliable_context=1.642437 sequence=480.384892
[onpolicy-r21/subckt_0289] [plan] step=235 node=asqrt[43] type=control0 q_typed_reliable_context=1.816067 sequence=482.200959
[onpolicy-r21/subckt_0289] [plan] step=236 node=__aig_not_55372 type=control0 q_typed_reliable_context=1.944787 sequence=484.145746
[onpolicy-r21/subckt_0289] [plan] step=237 node=__buf_split_31117 type=observe q_typed_reliable_context=1.430908 sequence=485.576654
[onpolicy-r21/subckt_0289] [plan] step=238 node=__aig_not_57372 type=control0 q_typed_reliable_context=1.321218 sequence=486.897872
[onpolicy-r21/subckt_0289] [plan] step=239 node=__aig_not_57357 type=control0 q_typed_reliable_context=1.172898 sequence=488.070770
[onpolicy-r21/subckt_0289] [plan] step=240 node=__buf_split_3030 type=observe q_typed_reliable_context=1.609479 sequence=489.680249
[onpolicy-r21/subckt_0289] [plan] step=241 node=__aig_not_53602 type=observe q_typed_reliable_context=1.346154 sequence=491.026402
[onpolicy-r21/subckt_0289] [plan] step=242 node=new_n23054 type=observe q_typed_reliable_context=1.164208 sequence=492.190611
[onpolicy-r21/subckt_0289] [plan] step=243 node=__aig_not_57234 type=control0 q_typed_reliable_context=2.483500 sequence=494.674111
[onpolicy-r21/subckt_0289] [plan] step=244 node=__buf_split_32430 type=observe q_typed_reliable_context=1.488037 sequence=496.162148
[onpolicy-r21/subckt_0289] [plan] step=245 node=__aig_not_57228 type=observe q_typed_reliable_context=1.387193 sequence=497.549341
[onpolicy-r21/subckt_0289] [plan] step=246 node=new_n24116 type=observe q_typed_reliable_context=1.310219 sequence=498.859560
[onpolicy-r21/subckt_0289] [plan] step=247 node=__aig_not_54168 type=observe q_typed_reliable_context=1.584528 sequence=500.444088
[onpolicy-r21/subckt_0289] [plan] step=248 node=__aig_not_54167 type=control0 q_typed_reliable_context=2.358523 sequence=502.802611
[onpolicy-r21/subckt_0289] [plan] step=249 node=__buf_split_32440 type=observe q_typed_reliable_context=1.104191 sequence=503.906802
[onpolicy-r21/subckt_0289] [plan] step=250 node=__aig_not_56052 type=observe q_typed_reliable_context=1.501218 sequence=505.408020
[onpolicy-r21/subckt_0289] [plan] step=251 node=new_n2589 type=observe q_typed_reliable_context=1.575161 sequence=506.983181
[onpolicy-r21/subckt_0289] [plan] step=252 node=new_n24120 type=observe q_typed_reliable_context=1.089146 sequence=508.072326
[onpolicy-r21/subckt_0289] [plan] step=253 node=__aig_not_4023 type=observe q_typed_reliable_context=1.315989 sequence=509.388316
[onpolicy-r21/subckt_0289] [plan] step=254 node=__aig_not_4087 type=observe q_typed_reliable_context=1.309767 sequence=510.698083
[onpolicy-r21/subckt_0289] [plan] step=255 node=__aig_and_56049 type=observe q_typed_reliable_context=1.492989 sequence=512.191072
[onpolicy-r21/subckt_0289] [plan] step=256 node=__aig_and_56055 type=observe q_typed_reliable_context=1.890034 sequence=514.081106
[onpolicy-r21/subckt_0289] [plan] step=257 node=new_n194 type=control0 q_typed_reliable_context=1.858620 sequence=515.939725
[onpolicy-r21/subckt_0289] [plan] step=258 node=__aig_and_57256 type=observe q_typed_reliable_context=1.534924 sequence=517.474650
[onpolicy-r21/subckt_0289] [plan] step=259 node=new_n24124 type=observe q_typed_reliable_context=1.490204 sequence=518.964853
[onpolicy-r21/subckt_0289] [plan] step=260 node=__aig_not_4554 type=control0 q_typed_reliable_context=1.094345 sequence=520.059199
[onpolicy-r21/subckt_0289] [plan] step=261 node=__aig_not_57226 type=observe q_typed_reliable_context=0.874511 sequence=520.933710
[onpolicy-r21/subckt_0289] [plan] step=262 node=new_n23057 type=observe q_typed_reliable_context=1.080587 sequence=522.014297
[onpolicy-r21/subckt_0289] [plan] step=263 node=__aig_not_4068 type=observe q_typed_reliable_context=1.026030 sequence=523.040327
[onpolicy-r21/subckt_0289] [plan] step=264 node=__aig_and_57230 type=observe q_typed_reliable_context=1.049368 sequence=524.089695
[onpolicy-r21/subckt_0289] [plan] step=265 node=new_n24122 type=observe q_typed_reliable_context=0.943456 sequence=525.033151
[onpolicy-r21/subckt_0289] [plan] step=266 node=new_n24615 type=observe q_typed_reliable_context=0.878371 sequence=525.911522
[onpolicy-r21/subckt_0289] [plan] step=267 node=new_n24618 type=observe q_typed_reliable_context=0.871348 sequence=526.782870
[onpolicy-r21/subckt_0289] [plan] step=268 node=__buf_split_32521 type=observe q_typed_reliable_context=0.912960 sequence=527.695830
[onpolicy-r21/subckt_0289] [plan] step=269 node=__aig_and_55345 type=observe q_typed_reliable_context=1.475380 sequence=529.171210
[onpolicy-r21/subckt_0289] [plan] step=270 node=__aig_not_4042 type=observe q_typed_reliable_context=1.001308 sequence=530.172517
[onpolicy-r21/subckt_0289] [plan] step=271 node=__aig_and_6253 type=observe q_typed_reliable_context=0.783932 sequence=530.956449
[onpolicy-r21/subckt_0289] [plan] step=272 node=__aig_and_55373 type=control1 q_typed_reliable_context=1.832921 sequence=532.789370
[onpolicy-r21/subckt_0289] [plan] step=273 node=new_n24123 type=observe q_typed_reliable_context=1.142590 sequence=533.931960
[onpolicy-r21/subckt_0289] [plan] step=274 node=__aig_not_55362 type=control0 q_typed_reliable_context=1.492595 sequence=535.424555
[onpolicy-r21/subckt_0289] [plan] step=275 node=__aig_not_56056 type=observe q_typed_reliable_context=0.862576 sequence=536.287131
[onpolicy-r21/subckt_0289] [plan] step=276 node=__aig_and_55313 type=observe q_typed_reliable_context=0.793452 sequence=537.080583
[onpolicy-r21/subckt_0289] [plan] step=277 node=__aig_and_57227 type=observe q_typed_reliable_context=1.030735 sequence=538.111318
[onpolicy-r21/subckt_0289] [plan] step=278 node=__aig_and_57240 type=observe q_typed_reliable_context=1.100426 sequence=539.211745
[onpolicy-r21/subckt_0289] [plan] step=279 node=__buf_split_32516 type=observe q_typed_reliable_context=0.954715 sequence=540.166460
[onpolicy-r21/subckt_0289] [plan] step=280 node=__aig_not_56047 type=observe q_typed_reliable_context=0.992544 sequence=541.159004
[onpolicy-r21/subckt_0289] [plan] step=281 node=new_n24626 type=observe q_typed_reliable_context=1.003424 sequence=542.162428
[onpolicy-r21/subckt_0289] [plan] step=282 node=__buf_split_32522 type=observe q_typed_reliable_context=0.948244 sequence=543.110673
[onpolicy-r21/subckt_0289] [plan] step=283 node=__aig_not_56054 type=observe q_typed_reliable_context=0.908522 sequence=544.019194
[onpolicy-r21/subckt_0289] [plan] step=284 node=new_n24114 type=observe q_typed_reliable_context=0.946728 sequence=544.965922
[onpolicy-r21/subckt_0289] [plan] step=285 node=__aig_not_57218 type=observe q_typed_reliable_context=0.957938 sequence=545.923860
[onpolicy-r21/subckt_0289] [plan] step=286 node=__aig_not_56048 type=observe q_typed_reliable_context=0.945491 sequence=546.869352
[onpolicy-r21/subckt_0289] [plan] step=287 node=__buf_split_33149 type=observe q_typed_reliable_context=0.917939 sequence=547.787291
[onpolicy-r21/subckt_0289] [plan] step=288 node=new_n24623 type=observe q_typed_reliable_context=0.943063 sequence=548.730354
[onpolicy-r21/subckt_0289] [plan] step=289 node=new_n24636 type=observe q_typed_reliable_context=0.950780 sequence=549.681134
[onpolicy-r21/subckt_0289] [plan] step=290 node=__buf_split_33151 type=observe q_typed_reliable_context=0.934294 sequence=550.615428
[onpolicy-r21/subckt_0289] [plan] step=291 node=__aig_not_57247 type=observe q_typed_reliable_context=1.187984 sequence=551.803412
[onpolicy-r21/subckt_0289] [plan] step=292 node=new_n24119 type=observe q_typed_reliable_context=1.037230 sequence=552.840642
[onpolicy-r21/subckt_0289] [plan] step=293 node=__aig_not_57254 type=observe q_typed_reliable_context=1.307698 sequence=554.148340
[onpolicy-r21/subckt_0289] [plan] step=294 node=__aig_not_57231 type=observe q_typed_reliable_context=0.852526 sequence=555.000866
[onpolicy-r21/subckt_0289] [plan] step=295 node=__aig_not_57229 type=observe q_typed_reliable_context=0.912213 sequence=555.913079
[onpolicy-r21/subckt_0289] [plan] step=296 node=new_n24621 type=observe q_typed_reliable_context=0.920076 sequence=556.833155
[onpolicy-r21/subckt_0289] [plan] step=297 node=__buf_split_33160 type=observe q_typed_reliable_context=1.023191 sequence=557.856346
[onpolicy-r21/subckt_0289] [plan] step=298 node=__aig_not_57217 type=observe q_typed_reliable_context=1.015682 sequence=558.872028
[onpolicy-r21/subckt_0289] [plan] step=299 node=new_n24629 type=observe q_typed_reliable_context=0.974369 sequence=559.846397
[onpolicy-r21/subckt_0289] [plan] step=300 node=new_n197 type=control0 q_typed_reliable_context=0.809018 sequence=560.655415
[onpolicy-r21/subckt_0289] [plan] step=301 node=__aig_and_55350 type=observe q_typed_reliable_context=1.026848 sequence=561.682264
[onpolicy-r21/subckt_0289] [plan] step=302 node=__aig_not_57225 type=observe q_typed_reliable_context=1.075228 sequence=562.757492
[onpolicy-r21/subckt_0289] [plan] step=303 node=__aig_not_57236 type=observe q_typed_reliable_context=1.034514 sequence=563.792006
[onpolicy-r21/subckt_0289] [plan] step=304 node=__buf_split_33153 type=observe q_typed_reliable_context=1.001844 sequence=564.793850
[onpolicy-r21/subckt_0289] [plan] step=305 node=__aig_not_57237 type=observe q_typed_reliable_context=0.991588 sequence=565.785439
[onpolicy-r21/subckt_0289] [plan] step=306 node=__aig_not_57316 type=observe q_typed_reliable_context=0.969156 sequence=566.754594
[onpolicy-r21/subckt_0289] [plan] step=307 node=__aig_not_55347 type=observe q_typed_reliable_context=1.038497 sequence=567.793091
[onpolicy-r21/subckt_0289] [plan] step=308 node=__aig_not_57239 type=observe q_typed_reliable_context=0.816004 sequence=568.609095
[onpolicy-r21/subckt_0289] [plan] step=309 node=__aig_not_5075 type=control0 q_typed_reliable_context=0.865287 sequence=569.474382
[onpolicy-r21/subckt_0289] [plan] step=310 node=__buf_split_33155 type=observe q_typed_reliable_context=0.935882 sequence=570.410264
[onpolicy-r21/subckt_0289] [plan] step=311 node=__aig_and_55359 type=observe q_typed_reliable_context=0.820254 sequence=571.230518
[onpolicy-r21/subckt_0289] [plan] step=312 node=__buf_split_33154 type=observe q_typed_reliable_context=0.729772 sequence=571.960291
[onpolicy-r21/subckt_0289] [plan] step=313 node=new_n23831 type=control1 q_typed_reliable_context=0.882728 sequence=572.843019
[onpolicy-r21/subckt_0289] [plan] step=314 node=__aig_not_57246 type=control1 q_typed_reliable_context=1.007824 sequence=573.850843
[onpolicy-r21/subckt_0289] [plan] step=315 node=__aig_not_55342 type=observe q_typed_reliable_context=0.628810 sequence=574.479653
[onpolicy-r21/subckt_0289] [plan] step=316 node=__aig_and_55346 type=observe q_typed_reliable_context=0.793608 sequence=575.273261
[onpolicy-r21/subckt_0289] [plan] step=317 node=__buf_split_32117 type=observe q_typed_reliable_context=0.914015 sequence=576.187276
[onpolicy-r21/subckt_0289] [plan] step=318 node=new_n23815 type=observe q_typed_reliable_context=1.003211 sequence=577.190487
[onpolicy-r21/subckt_0289] [plan] step=319 node=__buf_split_32519 type=observe q_typed_reliable_context=0.826532 sequence=578.017019
[onpolicy-r21/subckt_0289] [plan] step=320 node=__buf_split_32118 type=observe q_typed_reliable_context=0.847883 sequence=578.864903
[onpolicy-r21/subckt_0289] [plan] step=321 node=new_n23818 type=observe q_typed_reliable_context=0.811723 sequence=579.676626
[onpolicy-r21/subckt_0289] [plan] step=322 node=__aig_not_55348 type=observe q_typed_reliable_context=0.839604 sequence=580.516229
[onpolicy-r21/subckt_0289] [plan] step=323 node=__buf_split_32126 type=observe q_typed_reliable_context=0.851996 sequence=581.368225
[onpolicy-r21/subckt_0289] [plan] step=324 node=__buf_split_33152 type=observe q_typed_reliable_context=0.908097 sequence=582.276322
[onpolicy-r21/subckt_0289] [plan] step=325 node=new_n24627 type=observe q_typed_reliable_context=0.880431 sequence=583.156752
[onpolicy-r21/subckt_0289] [plan] step=326 node=__buf_split_32127 type=observe q_typed_reliable_context=0.887683 sequence=584.044435
[onpolicy-r21/subckt_0289] [plan] step=327 node=__aig_and_4548 type=observe q_typed_reliable_context=0.810156 sequence=584.854591
[onpolicy-r21/subckt_0289] [plan] step=328 node=__aig_not_55334 type=observe q_typed_reliable_context=0.906041 sequence=585.760632
[onpolicy-r21/subckt_0289] [plan] step=329 node=__aig_not_55335 type=observe q_typed_reliable_context=0.897617 sequence=586.658249
[onpolicy-r21/subckt_0289] [plan] step=330 node=__aig_not_56051 type=observe q_typed_reliable_context=0.784143 sequence=587.442393
[onpolicy-r21/subckt_0289] [plan] step=331 node=__buf_split_33156 type=observe q_typed_reliable_context=0.775230 sequence=588.217623
[onpolicy-r21/subckt_0289] [plan] step=332 node=__buf_split_2724 type=observe q_typed_reliable_context=0.769422 sequence=588.987045
[onpolicy-r21/subckt_0289] [plan] step=333 node=new_n23816 type=observe q_typed_reliable_context=0.795714 sequence=589.782758
[onpolicy-r21/subckt_0289] [plan] step=334 node=__buf_split_2725 type=observe q_typed_reliable_context=0.862683 sequence=590.645442
[onpolicy-r21/subckt_0289] [plan] step=335 node=__aig_not_55344 type=observe q_typed_reliable_context=0.875560 sequence=591.521002
[onpolicy-r21/subckt_0289] [plan] step=336 node=new_n23819 type=observe q_typed_reliable_context=0.849515 sequence=592.370517
[onpolicy-r21/subckt_0289] [plan] step=337 node=__buf_split_32123 type=observe q_typed_reliable_context=0.865850 sequence=593.236367
[onpolicy-r21/subckt_0289] [plan] step=338 node=__aig_not_55358 type=observe q_typed_reliable_context=0.850370 sequence=594.086737
[onpolicy-r21/subckt_0289] [plan] step=339 node=new_n24667 type=observe q_typed_reliable_context=0.857739 sequence=594.944476
[onpolicy-r21/subckt_0289] [plan] step=340 node=__buf_split_32115 type=observe q_typed_reliable_context=0.881502 sequence=595.825977
[onpolicy-r21/subckt_0289] [plan] step=341 node=__aig_not_57331 type=observe q_typed_reliable_context=0.880196 sequence=596.706173
[onpolicy-r21/subckt_0289] [plan] step=342 node=__aig_not_55357 type=observe q_typed_reliable_context=1.086563 sequence=597.792736
[onpolicy-r21/subckt_0289] [plan] step=343 node=__buf_split_32124 type=observe q_typed_reliable_context=0.821658 sequence=598.614394
[onpolicy-r21/subckt_0289] [plan] step=344 node=__buf_split_33157 type=observe q_typed_reliable_context=0.824100 sequence=599.438494
[onpolicy-r21/subckt_0289] [plan] step=345 node=new_n23820 type=observe q_typed_reliable_context=0.921648 sequence=600.360142
[onpolicy-r21/subckt_0289] [plan] step=346 node=__buf_split_32114 type=observe q_typed_reliable_context=0.809319 sequence=601.169460
[onpolicy-r21/subckt_0289] [plan] step=347 node=__aig_not_55360 type=observe q_typed_reliable_context=0.834370 sequence=602.003830
[onpolicy-r21/subckt_0289] [plan] step=348 node=new_n24665 type=observe q_typed_reliable_context=0.871972 sequence=602.875803
[onpolicy-r21/subckt_0289] [plan] step=349 node=__aig_not_55337 type=observe q_typed_reliable_context=0.952396 sequence=603.828199
[onpolicy-r21/subckt_0289] [plan] step=350 node=__aig_not_4549 type=observe q_typed_reliable_context=0.777591 sequence=604.605789
[onpolicy-r21/subckt_0289] [plan] step=351 node=__aig_not_55351 type=observe q_typed_reliable_context=0.859378 sequence=605.465168
[onpolicy-r21/subckt_0289] [plan] step=352 node=__aig_not_4550 type=observe q_typed_reliable_context=0.787630 sequence=606.252797
[onpolicy-r21/subckt_0289] [plan] step=353 node=__aig_not_55355 type=observe q_typed_reliable_context=0.679326 sequence=606.932124
[onpolicy-r21/subckt_0289] [plan] step=354 node=__buf_split_2733 type=observe q_typed_reliable_context=0.668428 sequence=607.600552
[onpolicy-r21/subckt_0289] [plan] step=355 node=__aig_not_57251 type=control0 q_typed_reliable_context=0.867445 sequence=608.467997
[onpolicy-r21/subckt_0289] [plan] step=356 node=__aig_not_55352 type=observe q_typed_reliable_context=0.827608 sequence=609.295604
[onpolicy-r21/subckt_0289] [plan] step=357 node=__aig_not_4563 type=observe q_typed_reliable_context=0.944408 sequence=610.240013
[onpolicy-r21/subckt_0289] [plan] step=358 node=__aig_not_55338 type=observe q_typed_reliable_context=1.085094 sequence=611.325106
[onpolicy-r21/subckt_0289] [plan] step=359 node=__aig_and_57235 type=observe q_typed_reliable_context=0.829893 sequence=612.154999
[onpolicy-r21/subckt_0289] [plan] step=360 node=__aig_not_5078 type=observe q_typed_reliable_context=0.872057 sequence=613.027056
[onpolicy-r21/subckt_0289] [plan] step=361 node=__aig_and_5081 type=control1 q_typed_reliable_context=1.114940 sequence=614.141996
[onpolicy-r21/subckt_0289] [plan] step=362 node=__aig_not_5091 type=observe q_typed_reliable_context=1.311902 sequence=615.453898
[onpolicy-r21/subckt_0289] [plan] step=363 node=__aig_not_4474 type=observe q_typed_reliable_context=1.141786 sequence=616.595684
[onpolicy-r21/subckt_0289] [plan] step=364 node=__aig_not_57259 type=control0 q_typed_reliable_context=1.139820 sequence=617.735505
[onpolicy-r21/subckt_0289] [plan] step=365 node=__aig_and_5669 type=control1 q_typed_reliable_context=0.722745 sequence=618.458250
[onpolicy-r21/subckt_0289] [plan] step=366 node=__aig_and_4526 type=control1 q_typed_reliable_context=0.692437 sequence=619.150687
[onpolicy-r21/subckt_0289] [plan] step=367 node=__aig_not_56059 type=control1 q_typed_reliable_context=0.889750 sequence=620.040437
[onpolicy-r21/subckt_0289] [plan] step=368 node=new_n23802 type=observe q_typed_reliable_context=0.707258 sequence=620.747695
[onpolicy-r21/subckt_0289] [plan] step=369 node=__buf_split_32133 type=observe q_typed_reliable_context=1.071891 sequence=621.819586
[onpolicy-r21/subckt_0289] [plan] step=370 node=__buf_split_32137 type=observe q_typed_reliable_context=0.943492 sequence=622.763078
[onpolicy-r21/subckt_0289] [plan] step=371 node=__aig_not_4049 type=observe q_typed_reliable_context=0.975410 sequence=623.738489
[onpolicy-r21/subckt_0289] [plan] step=372 node=__aig_not_5080 type=observe q_typed_reliable_context=0.744396 sequence=624.482885
[onpolicy-r21/subckt_0289] [plan] step=373 node=__buf_split_32138 type=observe q_typed_reliable_context=0.892114 sequence=625.374999
[onpolicy-r21/subckt_0289] [plan] step=374 node=__aig_not_5120 type=control0 q_typed_reliable_context=0.432943 sequence=625.807942
[onpolicy-r21/subckt_0289] [plan] step=375 node=__aig_and_55377 type=observe q_typed_reliable_context=0.665109 sequence=626.473051
[onpolicy-r21/subckt_0289] [plan] step=376 node=new_n2124 type=observe q_typed_reliable_context=0.995969 sequence=627.469020
[onpolicy-r21/subckt_0289] [plan] step=377 node=new_n2341 type=control1 q_typed_reliable_context=1.232439 sequence=628.701459
[onpolicy-r21/subckt_0289] [plan] step=378 node=__aig_not_55376 type=observe q_typed_reliable_context=0.584756 sequence=629.286215
[onpolicy-r21/subckt_0289] [plan] step=379 node=__aig_not_57326 type=observe q_typed_reliable_context=1.218353 sequence=630.504568
[onpolicy-r21/subckt_0289] [plan] step=380 node=__buf_split_2738 type=observe q_typed_reliable_context=1.037308 sequence=631.541876
[onpolicy-r21/subckt_0289] [plan] step=381 node=__buf_split_2739 type=observe q_typed_reliable_context=1.007725 sequence=632.549601
[onpolicy-r21/subckt_0289] [plan] step=382 node=__aig_and_2 type=control1 q_typed_reliable_context=1.437957 sequence=633.987558
[onpolicy-r21/subckt_0289] [plan] step=383 node=new_n24625 type=observe q_typed_reliable_context=0.568861 sequence=634.556419
[onpolicy-r21/subckt_0289] [plan] step=384 node=__aig_not_4571 type=observe q_typed_reliable_context=0.987400 sequence=635.543819
[onpolicy-r21/subckt_0289] [plan] step=385 node=__aig_not_4572 type=observe q_typed_reliable_context=0.768483 sequence=636.312301
[onpolicy-r21/subckt_0289] [plan] step=386 node=new_n2120 type=observe q_typed_reliable_context=1.105272 sequence=637.417573
[onpolicy-r21/subckt_0289] [plan] step=387 node=__aig_and_4577 type=control1 q_typed_reliable_context=0.979845 sequence=638.397418
[onpolicy-r21/subckt_0289] [plan] step=388 node=new_n1901 type=observe q_typed_reliable_context=1.652525 sequence=640.049943
[onpolicy-r21/subckt_0289] [plan] step=389 node=__aig_not_55896 type=control0 q_typed_reliable_context=1.457121 sequence=641.507063
[onpolicy-r21/subckt_0289] [plan] step=390 node=__aig_and_5676 type=control0 q_typed_reliable_context=1.612917 sequence=643.119980
[onpolicy-r21/subckt_0289] [plan] step=391 node=__aig_and_4538 type=control1 q_typed_reliable_context=1.079308 sequence=644.199288
[onpolicy-r21/subckt_0289] [plan] step=392 node=__aig_and_4057 type=control1 q_typed_reliable_context=1.618109 sequence=645.817397
[onpolicy-r21/subckt_0289] [plan] step=393 node=new_n2112 type=control1 q_typed_reliable_context=1.166788 sequence=646.984185
[onpolicy-r21/subckt_0289] [plan] step=394 node=__aig_and_4002 type=control1 q_typed_reliable_context=1.577264 sequence=648.561449
[onpolicy-r21/subckt_0289] [plan] step=395 node=new_n23070 type=control1 q_typed_reliable_context=1.129934 sequence=649.691383
[onpolicy-r21/subckt_0289] [plan] step=396 node=__aig_and_5055 type=control1 q_typed_reliable_context=1.576727 sequence=651.268110
[onpolicy-r21/subckt_0289] [plan] step=397 node=__aig_and_4507 type=observe q_typed_reliable_context=0.686991 sequence=651.955102
[onpolicy-r21/subckt_0289] [plan] step=398 node=__aig_and_4050 type=observe q_typed_reliable_context=0.999001 sequence=652.954103
[onpolicy-r21/subckt_0289] [plan] step=399 node=__aig_and_5664 type=observe q_typed_reliable_context=1.192760 sequence=654.146863
[onpolicy-r21/subckt_0289] [plan] step=400 node=__aig_and_4537 type=observe q_typed_reliable_context=0.770134 sequence=654.916997
[onpolicy-r21/subckt_0289] [plan] step=401 node=__aig_not_4574 type=observe q_typed_reliable_context=1.196204 sequence=656.113200
[onpolicy-r21/subckt_0289] [plan] step=402 node=__aig_not_4546 type=observe q_typed_reliable_context=1.010041 sequence=657.123242
[onpolicy-r21/subckt_0289] [plan] step=403 node=new_n2349 type=observe q_typed_reliable_context=1.511424 sequence=658.634666
[onpolicy-r21/subckt_0289] [plan] step=404 node=__aig_not_5102 type=observe q_typed_reliable_context=1.051599 sequence=659.686266
[onpolicy-r21/subckt_0289] [plan] step=405 node=__aig_and_5070 type=control1 q_typed_reliable_context=2.980781 sequence=662.667047
[onpolicy-r21/subckt_0289] [plan] step=406 node=__aig_and_55371 type=observe q_typed_reliable_context=1.353195 sequence=664.020242
[onpolicy-r21/subckt_0289] [plan] step=407 node=__buf_split_3386 type=observe q_typed_reliable_context=1.105109 sequence=665.125351
[onpolicy-r21/subckt_0289] [plan] step=408 node=__aig_and_4033 type=observe q_typed_reliable_context=0.606229 sequence=665.731580
[onpolicy-r21/subckt_0289] [plan] step=409 node=__buf_split_2742 type=observe q_typed_reliable_context=1.176877 sequence=666.908457
[onpolicy-r21/subckt_0289] [plan] step=410 node=__aig_and_55318 type=control1 q_typed_reliable_context=1.667717 sequence=668.576174
[onpolicy-r21/subckt_0289] [plan] step=411 node=new_n2125 type=observe q_typed_reliable_context=1.472691 sequence=670.048864
[onpolicy-r21/subckt_0289] [plan] step=412 node=__aig_not_4027 type=observe q_typed_reliable_context=1.053952 sequence=671.102816
[onpolicy-r21/subckt_0289] [plan] step=413 node=__aig_not_4530 type=observe q_typed_reliable_context=1.048069 sequence=672.150885
[onpolicy-r21/subckt_0289] [plan] step=414 node=new_n2350 type=observe q_typed_reliable_context=1.310584 sequence=673.461469
[onpolicy-r21/subckt_0289] [plan] step=415 node=__aig_and_4052 type=observe q_typed_reliable_context=0.835112 sequence=674.296581
[onpolicy-r21/subckt_0289] [plan] step=416 node=__buf_split_2434 type=observe q_typed_reliable_context=1.286025 sequence=675.582605
[onpolicy-r21/subckt_0289] [plan] step=417 node=__aig_and_5666 type=observe q_typed_reliable_context=0.837993 sequence=676.420599
[onpolicy-r21/subckt_0289] [plan] step=418 node=__aig_not_5670 type=observe q_typed_reliable_context=1.381984 sequence=677.802583
[onpolicy-r21/subckt_0289] [plan] step=419 node=new_n1917 type=observe q_typed_reliable_context=0.868074 sequence=678.670657
[onpolicy-r21/subckt_0289] [plan] step=420 node=__buf_split_2722 type=observe q_typed_reliable_context=1.172285 sequence=679.842941
[onpolicy-r21/subckt_0289] [plan] step=421 node=__aig_and_4498 type=observe q_typed_reliable_context=0.875153 sequence=680.718095
[onpolicy-r21/subckt_0289] [plan] step=422 node=new_n23310 type=observe q_typed_reliable_context=0.901679 sequence=681.619774
[onpolicy-r21/subckt_0289] [plan] step=423 node=new_n1891 type=observe q_typed_reliable_context=0.814121 sequence=682.433895
[onpolicy-r21/subckt_0289] [plan] step=424 node=__aig_not_4051 type=observe q_typed_reliable_context=0.758342 sequence=683.192237
[onpolicy-r21/subckt_0289] [plan] step=425 node=__buf_split_2456 type=observe q_typed_reliable_context=1.065849 sequence=684.258085
[onpolicy-r21/subckt_0289] [plan] step=426 node=__aig_and_54162 type=control1 q_typed_reliable_context=1.114072 sequence=685.372158
[onpolicy-r21/subckt_0289] [plan] step=427 node=__aig_not_4506 type=observe q_typed_reliable_context=0.403700 sequence=685.775858
[onpolicy-r21/subckt_0289] [plan] step=428 node=__aig_not_4089 type=observe q_typed_reliable_context=0.552516 sequence=686.328374
[onpolicy-r21/subckt_0289] [plan] step=429 node=__aig_and_57353 type=observe q_typed_reliable_context=0.998665 sequence=687.327039
[onpolicy-r21/subckt_0289] [plan] step=430 node=__buf_split_2713 type=observe q_typed_reliable_context=1.014678 sequence=688.341717
[onpolicy-r21/subckt_0289] [plan] step=431 node=new_n1890 type=control1 q_typed_reliable_context=0.949543 sequence=689.291260
[onpolicy-r21/subckt_0289] [plan] step=432 node=__aig_and_5 type=control1 q_typed_reliable_context=0.781837 sequence=690.073097
[onpolicy-r21/subckt_0289] [plan] step=433 node=__aig_and_22 type=control1 q_typed_reliable_context=0.722403 sequence=690.795500
[onpolicy-r21/subckt_0289] [plan] step=434 node=__aig_and_53597 type=control1 q_typed_reliable_context=1.152923 sequence=691.948423
[onpolicy-r21/subckt_0289] [plan] step=435 node=__aig_and_53572 type=control1 q_typed_reliable_context=1.377118 sequence=693.325540
[onpolicy-r21/subckt_0289] [plan] step=436 node=__aig_and_57335 type=observe q_typed_reliable_context=1.056818 sequence=694.382359
[onpolicy-r21/subckt_0289] [plan] step=437 node=new_n2590 type=observe q_typed_reliable_context=0.845979 sequence=695.228338
[onpolicy-r21/subckt_0289] [plan] step=438 node=__buf_split_2435 type=observe q_typed_reliable_context=1.160446 sequence=696.388783
[onpolicy-r21/subckt_0289] [plan] step=439 node=new_n2105 type=observe q_typed_reliable_context=1.125176 sequence=697.513959
[onpolicy-r21/subckt_0289] [plan] step=440 node=new_n23809 type=control1 q_typed_reliable_context=1.042035 sequence=698.555994
[onpolicy-r21/subckt_0289] [plan] step=441 node=__aig_and_55325 type=control1 q_typed_reliable_context=1.562777 sequence=700.118771
[onpolicy-r21/subckt_0289] [plan] step=442 node=__aig_not_4053 type=observe q_typed_reliable_context=2.487841 sequence=702.606612
[onpolicy-r21/subckt_0289] [plan] step=443 node=new_n2095 type=observe q_typed_reliable_context=2.254076 sequence=704.860688
[onpolicy-r21/subckt_0289] [plan] step=444 node=__aig_and_4 type=control1 q_typed_reliable_context=1.740741 sequence=706.601429
[onpolicy-r21/subckt_0289] [plan] step=445 node=__buf_split_2714 type=observe q_typed_reliable_context=1.253176 sequence=707.854605
[onpolicy-r21/subckt_0289] [plan] step=446 node=__aig_not_5665 type=observe q_typed_reliable_context=0.994508 sequence=708.849113
[onpolicy-r21/subckt_0289] [plan] step=447 node=new_n1897 type=observe q_typed_reliable_context=1.210597 sequence=710.059711
[onpolicy-r21/subckt_0289] [plan] step=448 node=__aig_and_54159 type=observe q_typed_reliable_context=1.172897 sequence=711.232607
[onpolicy-r21/subckt_0289] [plan] step=449 node=__aig_not_4038 type=observe q_typed_reliable_context=1.583016 sequence=712.815624
[onpolicy-r21/subckt_0289] [plan] step=450 node=__aig_not_4039 type=observe q_typed_reliable_context=1.773201 sequence=714.588825
[onpolicy-r21/subckt_0289] [plan] step=451 node=__aig_not_4024 type=observe q_typed_reliable_context=1.953532 sequence=716.542356
[onpolicy-r21/subckt_0289] [plan] step=452 node=__aig_not_55879 type=observe q_typed_reliable_context=2.003875 sequence=718.546231
[onpolicy-r21/subckt_0289] [plan] step=453 node=__aig_and_4533 type=observe q_typed_reliable_context=1.672036 sequence=720.218267
[onpolicy-r21/subckt_0289] [plan] step=454 node=__buf_split_2415 type=observe q_typed_reliable_context=1.053410 sequence=721.271677
[onpolicy-r21/subckt_0289] [plan] step=455 node=new_n24044 type=observe q_typed_reliable_context=1.006076 sequence=722.277753
[onpolicy-r21/subckt_0289] [plan] step=456 node=new_n24666 type=observe q_typed_reliable_context=1.108668 sequence=723.386421
[onpolicy-r21/subckt_0289] [plan] step=457 node=new_n24669 type=observe q_typed_reliable_context=1.220542 sequence=724.606964
[onpolicy-r21/subckt_0289] [plan] step=458 node=new_n2091 type=observe q_typed_reliable_context=1.055781 sequence=725.662745
[onpolicy-r21/subckt_0289] [plan] step=459 node=new_n1894 type=observe q_typed_reliable_context=1.017462 sequence=726.680207
[onpolicy-r21/subckt_0289] [plan] step=460 node=new_n24668 type=observe q_typed_reliable_context=1.456477 sequence=728.136684
[onpolicy-r21/subckt_0289] [plan] step=461 node=new_n2354 type=control1 q_typed_reliable_context=0.951541 sequence=729.088225
[onpolicy-r21/subckt_0289] [plan] step=462 node=__aig_not_4497 type=observe q_typed_reliable_context=1.065538 sequence=730.153763
[onpolicy-r21/subckt_0289] [plan] step=463 node=__buf_split_2455 type=observe q_typed_reliable_context=1.121982 sequence=731.275745
[onpolicy-r21/subckt_0289] [plan] step=464 node=__aig_not_4496 type=observe q_typed_reliable_context=0.956087 sequence=732.231832
[onpolicy-r21/subckt_0289] [plan] step=465 node=__buf_split_2706 type=observe q_typed_reliable_context=1.450656 sequence=733.682488
[onpolicy-r21/subckt_0289] [plan] step=466 node=__aig_and_4065 type=observe q_typed_reliable_context=1.309033 sequence=734.991521
[onpolicy-r21/subckt_0289] [plan] step=467 node=__aig_not_4520 type=observe q_typed_reliable_context=0.942483 sequence=735.934004
[onpolicy-r21/subckt_0289] [plan] step=468 node=new_n23812 type=observe q_typed_reliable_context=0.872617 sequence=736.806621
[onpolicy-r21/subckt_0289] [plan] step=469 node=__aig_and_4512 type=observe q_typed_reliable_context=1.371080 sequence=738.177701
[onpolicy-r21/subckt_0289] [plan] step=470 node=__buf_split_32426 type=observe q_typed_reliable_context=1.653008 sequence=739.830709
[onpolicy-r21/subckt_0289] [plan] step=471 node=__aig_and_55893 type=observe q_typed_reliable_context=1.308259 sequence=741.138968
[onpolicy-r21/subckt_0289] [plan] step=472 node=new_n2106 type=observe q_typed_reliable_context=1.153931 sequence=742.292899
[onpolicy-r21/subckt_0289] [plan] step=473 node=__aig_not_4041 type=observe q_typed_reliable_context=1.071433 sequence=743.364332
[onpolicy-r21/subckt_0289] [plan] step=474 node=__aig_not_4522 type=observe q_typed_reliable_context=1.107650 sequence=744.471981
[onpolicy-r21/subckt_0289] [plan] step=475 node=new_n24677 type=observe q_typed_reliable_context=1.153180 sequence=745.625162
[onpolicy-r21/subckt_0289] [plan] step=476 node=__buf_split_2428 type=observe q_typed_reliable_context=1.177143 sequence=746.802305
[onpolicy-r21/subckt_0289] [plan] step=477 node=__buf_split_2437 type=observe q_typed_reliable_context=1.840273 sequence=748.642578
[onpolicy-r21/subckt_0289] [plan] step=478 node=__aig_not_57354 type=observe q_typed_reliable_context=1.107952 sequence=749.750530
[onpolicy-r21/subckt_0289] [plan] step=479 node=__aig_and_20 type=control1 q_typed_reliable_context=1.202918 sequence=750.953448
[onpolicy-r21/subckt_0289] [plan] step=480 node=__buf_split_3382 type=observe q_typed_reliable_context=1.778678 sequence=752.732126
[onpolicy-r21/subckt_0289] [plan] step=481 node=__aig_not_4499 type=observe q_typed_reliable_context=1.146421 sequence=753.878547
[onpolicy-r21/subckt_0289] [plan] step=482 node=__buf_split_2439 type=observe q_typed_reliable_context=1.126767 sequence=755.005314
[onpolicy-r21/subckt_0289] [plan] step=483 node=new_n24054 type=control1 q_typed_reliable_context=0.970647 sequence=755.975961
[onpolicy-r21/subckt_0289] [plan] step=484 node=__aig_and_4564 type=observe q_typed_reliable_context=1.194843 sequence=757.170805
[onpolicy-r21/subckt_0289] [plan] step=485 node=__buf_split_33220 type=observe q_typed_reliable_context=1.076551 sequence=758.247356
[onpolicy-r21/subckt_0289] [plan] step=486 node=__buf_split_31439 type=observe q_typed_reliable_context=1.274644 sequence=759.522000
[onpolicy-r21/subckt_0289] [plan] step=487 node=__buf_split_31440 type=observe q_typed_reliable_context=1.608585 sequence=761.130585
[onpolicy-r21/subckt_0289] [plan] step=488 node=__aig_and_4475 type=control1 q_typed_reliable_context=2.314811 sequence=763.445396
[onpolicy-r21/subckt_0289] [plan] step=489 node=__buf_split_31441 type=observe q_typed_reliable_context=1.574005 sequence=765.019400
[onpolicy-r21/subckt_0289] [plan] step=490 node=__aig_and_5052 type=control1 q_typed_reliable_context=1.494507 sequence=766.513907
[onpolicy-r21/subckt_0289] [plan] step=491 node=__buf_split_2695 type=observe q_typed_reliable_context=2.416442 sequence=768.930349
[onpolicy-r21/subckt_0289] [plan] step=492 node=__aig_and_53589 type=observe q_typed_reliable_context=2.162534 sequence=771.092883
[onpolicy-r21/subckt_0289] [plan] step=493 node=__buf_split_2442 type=observe q_typed_reliable_context=1.460951 sequence=772.553835
[onpolicy-r21/subckt_0289] [plan] step=494 node=__aig_and_4501 type=observe q_typed_reliable_context=1.375653 sequence=773.929487
[onpolicy-r21/subckt_0289] [plan] step=495 node=__buf_split_31438 type=observe q_typed_reliable_context=2.032863 sequence=775.962351
[onpolicy-r21/subckt_0289] [plan] step=496 node=new_n23823 type=control1 q_typed_reliable_context=1.747102 sequence=777.709453
[onpolicy-r21/subckt_0289] [plan] step=497 node=__aig_not_57360 type=observe q_typed_reliable_context=1.528319 sequence=779.237771
[onpolicy-r21/subckt_0289] [plan] step=498 node=__aig_not_54163 type=observe q_typed_reliable_context=1.484181 sequence=780.721952
[onpolicy-r21/subckt_0289] [plan] step=499 node=__buf_split_19 type=observe q_typed_reliable_context=1.432124 sequence=782.154077
[onpolicy-r21/subckt_0289] [plan] step=500 node=__aig_and_57371 type=observe q_typed_reliable_context=1.254694 sequence=783.408770
[onpolicy-r21/subckt_0289] [plan] step=501 node=__aig_not_54160 type=observe q_typed_reliable_context=1.238390 sequence=784.647161
[onpolicy-r21/subckt_0289] [plan] step=502 node=__aig_not_54161 type=observe q_typed_reliable_context=1.527283 sequence=786.174443
[onpolicy-r21/subckt_0289] [plan] step=503 node=__buf_split_14 type=observe q_typed_reliable_context=1.336135 sequence=787.510578
[onpolicy-r21/subckt_0289] [plan] step=504 node=__aig_not_57359 type=observe q_typed_reliable_context=1.051767 sequence=788.562345
[onpolicy-r21/subckt_0289] [plan] step=505 node=__aig_and_4028 type=observe q_typed_reliable_context=1.163146 sequence=789.725491
[onpolicy-r21/subckt_0289] [plan] step=506 node=__buf_split_18 type=observe q_typed_reliable_context=1.426294 sequence=791.151786
[onpolicy-r21/subckt_0289] [plan] step=507 node=__aig_and_4575 type=observe q_typed_reliable_context=1.350894 sequence=792.502680
[onpolicy-r21/subckt_0289] [plan] step=508 node=__aig_and_53557 type=control1 q_typed_reliable_context=1.471601 sequence=793.974281
[onpolicy-r21/subckt_0289] [plan] step=509 node=__buf_split_3045 type=observe q_typed_reliable_context=1.052625 sequence=795.026906
[onpolicy-r21/subckt_0289] [plan] step=510 node=__aig_and_55885 type=control1 q_typed_reliable_context=1.474652 sequence=796.501558
[onpolicy-r21/subckt_0289] [plan] step=511 node=__aig_and_55361 type=control1 q_typed_reliable_context=1.276210 sequence=797.777767
[onpolicy-r21/subckt_0289] [plan] step=512 node=__aig_not_19 type=observe q_typed_reliable_context=1.022079 sequence=798.799846
[onpolicy-r21/subckt_0289] [plan] step=513 node=__aig_not_4066 type=observe q_typed_reliable_context=1.239451 sequence=800.039298
[onpolicy-r21/subckt_0289] [plan] step=514 node=__buf_split_16 type=observe q_typed_reliable_context=1.293836 sequence=801.333134
[onpolicy-r21/subckt_0289] [plan] step=515 node=new_n1908 type=observe q_typed_reliable_context=1.193112 sequence=802.526246
[onpolicy-r21/subckt_0289] [plan] step=516 node=__aig_and_4017 type=control1 q_typed_reliable_context=1.653467 sequence=804.179713
[onpolicy-r21/subckt_0289] [plan] step=517 node=__aig_not_21 type=observe q_typed_reliable_context=1.170191 sequence=805.349904
[onpolicy-r21/subckt_0289] [plan] step=518 node=__aig_and_4025 type=observe q_typed_reliable_context=1.082620 sequence=806.432524
[onpolicy-r21/subckt_0289] [plan] step=519 node=__aig_not_5637 type=observe q_typed_reliable_context=1.304960 sequence=807.737485
[onpolicy-r21/subckt_0289] [plan] step=520 node=__buf_split_4 type=observe q_typed_reliable_context=1.154226 sequence=808.891711
[onpolicy-r21/subckt_0289] [plan] step=521 node=new_n24679 type=observe q_typed_reliable_context=1.191921 sequence=810.083632
[onpolicy-r21/subckt_0289] [plan] step=522 node=__buf_split_2 type=observe q_typed_reliable_context=1.191437 sequence=811.275069
[onpolicy-r21/subckt_0289] [plan] step=523 node=__aig_not_5093 type=observe q_typed_reliable_context=1.280327 sequence=812.555396
[onpolicy-r21/subckt_0289] [plan] step=524 node=__aig_and_6254 type=observe q_typed_reliable_context=1.247491 sequence=813.802888
[onpolicy-r21/subckt_0289] [plan] step=525 node=__aig_not_4001 type=observe q_typed_reliable_context=1.122040 sequence=814.924928
[onpolicy-r21/subckt_0289] [plan] step=526 node=__buf_split_5 type=observe q_typed_reliable_context=1.106050 sequence=816.030978
[onpolicy-r21/subckt_0289] [plan] step=527 node=__aig_not_4514 type=observe q_typed_reliable_context=1.171046 sequence=817.202024
[onpolicy-r21/subckt_0289] [plan] step=528 node=__buf_split_1 type=observe q_typed_reliable_context=1.168589 sequence=818.370612
[onpolicy-r21/subckt_0289] [plan] step=529 node=__aig_not_4015 type=observe q_typed_reliable_context=1.314631 sequence=819.685244
[onpolicy-r21/subckt_0289] [plan] step=530 node=__aig_and_56053 type=observe q_typed_reliable_context=1.189045 sequence=820.874289
[onpolicy-r21/subckt_0289] [plan] step=531 node=__aig_not_3 type=observe q_typed_reliable_context=1.226402 sequence=822.100692
[onpolicy-r21/subckt_0289] [plan] step=532 node=__buf_split_31110 type=observe q_typed_reliable_context=1.073064 sequence=823.173756
[onpolicy-r21/subckt_0289] [plan] step=533 node=__aig_not_57334 type=observe q_typed_reliable_context=1.320201 sequence=824.493957
[onpolicy-r21/subckt_0289] [plan] step=534 node=__aig_not_5051 type=observe q_typed_reliable_context=1.371634 sequence=825.865591
[onpolicy-r21/subckt_0289] [plan] step=535 node=__buf_split_33227 type=observe q_typed_reliable_context=1.450972 sequence=827.316563
[onpolicy-r21/subckt_0289] [plan] step=536 node=__aig_not_6249 type=observe q_typed_reliable_context=1.113623 sequence=828.430186
[onpolicy-r21/subckt_0289] [plan] step=537 node=__aig_not_4513 type=observe q_typed_reliable_context=1.261262 sequence=829.691448
[onpolicy-r21/subckt_0289] [plan] step=538 node=__aig_not_53596 type=observe q_typed_reliable_context=3.040129 sequence=832.731577
[onpolicy-r21/subckt_0289] [plan] step=539 node=__aig_not_25 type=observe q_typed_reliable_context=3.146264 sequence=835.877841
[onpolicy-r21/subckt_0289] [plan] step=540 node=__aig_not_55323 type=observe q_typed_reliable_context=2.796075 sequence=838.673916
[onpolicy-r21/subckt_0289] [plan] step=541 node=__aig_not_55324 type=observe q_typed_reliable_context=1.933550 sequence=840.607466
[onpolicy-r21/subckt_0289] [plan] step=542 node=__aig_not_6256 type=observe q_typed_reliable_context=1.793812 sequence=842.401278
[onpolicy-r21/subckt_0289] [plan] step=543 node=__aig_not_53595 type=observe q_typed_reliable_context=1.710697 sequence=844.111975
[onpolicy-r21/subckt_0289] [plan] step=544 node=__buf_split_32429 type=observe q_typed_reliable_context=2.001695 sequence=846.113670
[onpolicy-r21/subckt_0289] [plan] step=545 node=__aig_not_6255 type=observe q_typed_reliable_context=1.312723 sequence=847.426393
[onpolicy-r21/subckt_0289] [plan] step=546 node=__aig_not_53601 type=observe q_typed_reliable_context=1.499167 sequence=848.925560
[onpolicy-r21/subckt_0289] [plan] step=547 node=__aig_and_4043 type=observe q_typed_reliable_context=1.529228 sequence=850.454788
[onpolicy-r21/subckt_0289] [plan] step=548 node=__aig_not_57351 type=observe q_typed_reliable_context=2.133784 sequence=852.588572
[onpolicy-r21/subckt_0289] [plan] step=549 node=__aig_not_5068 type=observe q_typed_reliable_context=1.573994 sequence=854.162567
[onpolicy-r21/subckt_0289] [plan] step=550 node=new_n1887 type=observe q_typed_reliable_context=2.611521 sequence=856.774088
[onpolicy-r21/subckt_0289] [plan] step=551 node=__buf_split_2680 type=observe q_typed_reliable_context=1.335157 sequence=858.109245
[onpolicy-r21/subckt_0289] [plan] step=552 node=__buf_split_3061 type=observe q_typed_reliable_context=1.267545 sequence=859.376789
[onpolicy-r21/subckt_0289] [plan] step=553 node=__buf_split_3057 type=observe q_typed_reliable_context=1.215119 sequence=860.591909
[onpolicy-r21/subckt_0289] [plan] step=554 node=__aig_and_55880 type=observe q_typed_reliable_context=0.938865 sequence=861.530774
[onpolicy-r21/subckt_0289] [plan] step=555 node=__aig_not_53570 type=observe q_typed_reliable_context=1.127344 sequence=862.658118
[onpolicy-r21/subckt_0289] [plan] step=556 node=__buf_split_32523 type=observe q_typed_reliable_context=1.264148 sequence=863.922266
[onpolicy-r21/subckt_0289] [plan] step=557 node=__aig_not_5116 type=observe q_typed_reliable_context=1.315991 sequence=865.238257
[onpolicy-r21/subckt_0289] [plan] step=558 node=__buf_split_32518 type=observe q_typed_reliable_context=1.146838 sequence=866.385095
[onpolicy-r21/subckt_0289] [plan] step=559 node=__aig_and_57289 type=observe q_typed_reliable_context=1.191772 sequence=867.576867
[onpolicy-r21/subckt_0289] [plan] step=560 node=__buf_split_33148 type=observe q_typed_reliable_context=1.429019 sequence=869.005885
[onpolicy-r21/subckt_0289] [plan] step=561 node=__buf_split_32116 type=control0 q_typed_reliable_context=1.009959 sequence=870.015844
[onpolicy-r21/subckt_0289] [plan] step=562 node=__buf_split_2719 type=observe q_typed_reliable_context=0.746032 sequence=870.761877
[onpolicy-r21/subckt_0289] [plan] step=563 node=new_n24651 type=observe q_typed_reliable_context=1.839889 sequence=872.601766
[onpolicy-r21/subckt_0289] [plan] step=564 node=__buf_split_33165 type=observe q_typed_reliable_context=1.412775 sequence=874.014541
[onpolicy-r21/subckt_0289] [plan] step=565 node=__aig_not_57293 type=observe q_typed_reliable_context=1.784026 sequence=875.798567
[onpolicy-r21/subckt_0289] [plan] step=566 node=__aig_and_57224 type=observe q_typed_reliable_context=1.195093 sequence=876.993661
[onpolicy-r21/subckt_0289] [plan] step=567 node=new_n24663 type=observe q_typed_reliable_context=1.519740 sequence=878.513401
[onpolicy-r21/subckt_0289] [plan] step=568 node=new_n24652 type=observe q_typed_reliable_context=1.434126 sequence=879.947527
[onpolicy-r21/subckt_0289] [plan] step=569 node=__buf_split_33193 type=observe q_typed_reliable_context=1.668241 sequence=881.615768
[onpolicy-r21/subckt_0289] [plan] step=570 node=__aig_not_55388 type=control0 q_typed_reliable_context=1.182033 sequence=882.797801
[onpolicy-r21/subckt_0289] [plan] step=571 node=__aig_not_57310 type=observe q_typed_reliable_context=1.247240 sequence=884.045041
[onpolicy-r21/subckt_0289] [plan] step=572 node=__aig_not_57319 type=observe q_typed_reliable_context=1.204072 sequence=885.249112
[onpolicy-r21/subckt_0289] [plan] step=573 node=new_n24650 type=observe q_typed_reliable_context=1.071073 sequence=886.320186
[onpolicy-r21/subckt_0289] [plan] step=574 node=__aig_not_4561 type=control0 q_typed_reliable_context=1.317278 sequence=887.637464
[onpolicy-r21/subckt_0289] [plan] step=575 node=new_n24113 type=observe q_typed_reliable_context=1.315248 sequence=888.952711
[onpolicy-r21/subckt_0289] [plan] step=576 node=__aig_not_57287 type=observe q_typed_reliable_context=1.324369 sequence=890.277081
[onpolicy-r21/subckt_0289] [plan] step=577 node=__aig_and_6251 type=observe q_typed_reliable_context=1.001628 sequence=891.278709
[onpolicy-r21/subckt_0289] [plan] step=578 node=new_n24117 type=observe q_typed_reliable_context=1.354914 sequence=892.633623
[onpolicy-r21/subckt_0289] [plan] step=579 node=new_n24112 type=observe q_typed_reliable_context=1.141328 sequence=893.774951
[onpolicy-r21/subckt_0289] [plan] step=580 node=__aig_and_57257 type=observe q_typed_reliable_context=0.824099 sequence=894.599050
[onpolicy-r21/subckt_0289] [plan] step=581 node=new_n2130 type=control1 q_typed_reliable_context=1.152370 sequence=895.751420
[onpolicy-r21/subckt_0289] [plan] step=582 node=__aig_and_4560 type=control1 q_typed_reliable_context=0.971624 sequence=896.723044
[onpolicy-r21/subckt_0289] [plan] step=583 node=__aig_not_55379 type=control0 q_typed_reliable_context=0.878560 sequence=897.601604
[onpolicy-r21/subckt_0289] [plan] step=584 node=new_n2336 type=control0 q_typed_reliable_context=2.008661 sequence=899.610265
[onpolicy-r21/subckt_0289] [plan] step=585 node=new_n24645 type=control1 q_typed_reliable_context=2.485361 sequence=902.095626
[onpolicy-r21/subckt_0289] [plan] step=586 node=__aig_not_5076 type=observe q_typed_reliable_context=2.390079 sequence=904.485706
[onpolicy-r21/subckt_0289] [plan] step=587 node=new_n24660 type=observe q_typed_reliable_context=1.238361 sequence=905.724066
[onpolicy-r21/subckt_0289] [plan] step=588 node=__buf_split_3033 type=observe q_typed_reliable_context=1.423823 sequence=907.147889
[onpolicy-r21/subckt_0289] [plan] step=589 node=__aig_and_57294 type=observe q_typed_reliable_context=1.387144 sequence=908.535033
[onpolicy-r21/subckt_0289] [plan] step=590 node=__aig_and_57358 type=observe q_typed_reliable_context=1.178291 sequence=909.713324
[onpolicy-r21/subckt_0289] [plan] step=591 node=__aig_and_4040 type=observe q_typed_reliable_context=1.322193 sequence=911.035516
[onpolicy-r21/subckt_0289] [plan] step=592 node=__aig_and_5074 type=observe q_typed_reliable_context=1.418998 sequence=912.454514
[onpolicy-r21/subckt_0289] [plan] step=593 node=new_n2337 type=observe q_typed_reliable_context=1.398530 sequence=913.853045
[onpolicy-r21/subckt_0289] [plan] step=594 node=__aig_not_57321 type=observe q_typed_reliable_context=1.230512 sequence=915.083557
[onpolicy-r21/subckt_0289] [plan] step=595 node=__aig_not_5674 type=control0 q_typed_reliable_context=1.482802 sequence=916.566359
[onpolicy-r21/subckt_0289] [plan] step=596 node=new_n2338 type=observe q_typed_reliable_context=1.635244 sequence=918.201603
[onpolicy-r21/subckt_0289] [plan] step=597 node=__buf_split_33217 type=observe q_typed_reliable_context=1.549432 sequence=919.751035
[onpolicy-r21/subckt_0289] [plan] step=598 node=__buf_split_33219 type=observe q_typed_reliable_context=1.316309 sequence=921.067345
[onpolicy-r21/subckt_0289] [plan] step=599 node=asqrt[3] type=control0 q_typed_reliable_context=1.155474 sequence=922.222819
[onpolicy-r21/subckt_0289] [plan] step=600 node=__aig_not_5673 type=control0 q_typed_reliable_context=1.940696 sequence=924.163514
[onpolicy-r21/subckt_0289] [plan] step=601 node=new_n2104 type=control0 q_typed_reliable_context=1.482768 sequence=925.646283
[onpolicy-r21/subckt_0289] [plan] step=602 node=__aig_not_4569 type=control0 q_typed_reliable_context=2.493625 sequence=928.139907
[onpolicy-r21/subckt_0289] [plan] step=603 node=new_n24661 type=observe q_typed_reliable_context=1.745238 sequence=929.885145
[onpolicy-r21/subckt_0289] [plan] step=604 node=new_n23810 type=observe q_typed_reliable_context=3.036518 sequence=932.921662
[onpolicy-r21/subckt_0289] [plan] step=605 node=__aig_not_55332 type=observe q_typed_reliable_context=3.892518 sequence=936.814181
[onpolicy-r21/subckt_0289] [plan] step=606 node=__aig_and_57317 type=observe q_typed_reliable_context=3.018354 sequence=939.832535
[onpolicy-r21/subckt_0289] [plan] step=607 node=__buf_split_33201 type=observe q_typed_reliable_context=2.746130 sequence=942.578665
[onpolicy-r21/subckt_0289] [plan] step=608 node=new_n2339 type=observe q_typed_reliable_context=2.398048 sequence=944.976713
[onpolicy-r21/subckt_0289] [plan] step=609 node=new_n24662 type=observe q_typed_reliable_context=2.021341 sequence=946.998054
[onpolicy-r21/subckt_0289] [plan] step=610 node=__aig_and_57325 type=observe q_typed_reliable_context=2.320999 sequence=949.319052
[onpolicy-r21/subckt_0289] [plan] step=611 node=__aig_not_57329 type=observe q_typed_reliable_context=2.045166 sequence=951.364219
[onpolicy-r21/subckt_0289] [plan] step=612 node=__aig_and_57330 type=observe q_typed_reliable_context=1.885061 sequence=953.249280
[onpolicy-r21/subckt_0289] [plan] step=613 node=__aig_not_57324 type=observe q_typed_reliable_context=2.417139 sequence=955.666419
[onpolicy-r21/subckt_0289] [plan] step=614 node=__buf_split_33205 type=observe q_typed_reliable_context=2.139322 sequence=957.805741
[onpolicy-r21/subckt_0289] [plan] step=615 node=__buf_split_33200 type=observe q_typed_reliable_context=2.078875 sequence=959.884616
[onpolicy-r21/subckt_0289] [plan] step=616 node=new_n24664 type=observe q_typed_reliable_context=1.677407 sequence=961.562023
[onpolicy-r21/subckt_0289] [plan] step=617 node=__aig_and_57273 type=control1 q_typed_reliable_context=1.525085 sequence=963.087108
[onpolicy-r21/subckt_0289] [plan] step=618 node=new_n2340 type=observe q_typed_reliable_context=1.807008 sequence=964.894116
[onpolicy-r21/subckt_0289] [plan] step=619 node=__aig_and_57322 type=observe q_typed_reliable_context=0.942293 sequence=965.836409
[onpolicy-r21/subckt_0289] [plan] step=620 node=__aig_and_56034 type=observe q_typed_reliable_context=0.835345 sequence=966.671754
[onpolicy-r21/subckt_0289] [plan] step=621 node=__aig_and_56058 type=observe q_typed_reliable_context=0.963334 sequence=967.635089
[onpolicy-r21/subckt_0289] [plan] step=622 node=__aig_not_56032 type=control1 q_typed_reliable_context=1.108045 sequence=968.743134
[onpolicy-r21/subckt_0289] [plan] step=623 node=__aig_and_4597 type=control1 q_typed_reliable_context=2.261096 sequence=971.004230
[onpolicy-r21/subckt_0289] [plan] step=624 node=asqrt[2] type=control0 q_typed_reliable_context=1.085162 sequence=972.089392
[onpolicy-r21/subckt_0289] [plan] step=625 node=__aig_and_57281 type=control1 q_typed_reliable_context=1.967016 sequence=974.056408
[onpolicy-r21/subckt_0289] [plan] step=626 node=__aig_not_55368 type=control1 q_typed_reliable_context=2.911164 sequence=976.967572
[onpolicy-r21/subckt_0289] [plan] step=627 node=__aig_and_55910 type=control1 q_typed_reliable_context=2.279294 sequence=979.246866
[onpolicy-r21/subckt_0289] [plan] step=628 node=__aig_not_56044 type=observe q_typed_reliable_context=2.293423 sequence=981.540289
[onpolicy-r21/subckt_0289] [plan] step=629 node=__aig_not_56037 type=observe q_typed_reliable_context=1.011400 sequence=982.551689
[onpolicy-r21/subckt_0289] [plan] step=630 node=__aig_not_56036 type=control1 q_typed_reliable_context=2.081219 sequence=984.632908
[onpolicy-r21/subckt_0289] [plan] step=631 node=__aig_not_55382 type=control1 q_typed_reliable_context=2.491762 sequence=987.124670
[onpolicy-r21/subckt_0289] [plan] step=632 node=__aig_not_57252 type=control1 q_typed_reliable_context=2.077542 sequence=989.202212
[onpolicy-r21/subckt_0289] [plan] step=633 node=__aig_not_57277 type=control1 q_typed_reliable_context=2.231015 sequence=991.433227
[onpolicy-r21/subckt_0289] [plan] step=634 node=__aig_not_57244 type=control1 q_typed_reliable_context=1.386208 sequence=992.819436
[onpolicy-r21/subckt_0289] [plan] step=635 node=__aig_not_57242 type=control0 q_typed_reliable_context=1.449965 sequence=994.269401
[onpolicy-r21/subckt_0289] [plan] step=636 node=__aig_and_4579 type=control1 q_typed_reliable_context=3.825094 sequence=998.094495
[onpolicy-r21/subckt_0289] [plan] step=637 node=__aig_and_57314 type=observe q_typed_reliable_context=1.848710 sequence=999.943205
[onpolicy-r21/subckt_0289] [plan] step=638 node=__aig_and_5092 type=control1 q_typed_reliable_context=5.816026 sequence=1005.759231
[onpolicy-r21/subckt_0289] [plan] step=639 node=__aig_and_54170 type=control1 q_typed_reliable_context=3.219566 sequence=1008.978797
[onpolicy-r21/subckt_0289] [plan] step=640 node=new_n1889 type=control0 q_typed_reliable_context=2.197964 sequence=1011.176761
[onpolicy-r21/subckt_0289] [plan] step=641 node=new_n24118 type=control1 q_typed_reliable_context=1.659722 sequence=1012.836484
[onpolicy-r21/subckt_0289] [plan] step=642 node=__aig_and_5077 type=observe q_typed_reliable_context=0.843585 sequence=1013.680069
[onpolicy-r21/subckt_0289] [plan] step=643 node=new_n2326 type=control0 q_typed_reliable_context=2.602673 sequence=1016.282742
[onpolicy-r21/subckt_0289] [plan] step=644 node=__aig_not_5087 type=control0 q_typed_reliable_context=1.513529 sequence=1017.796270
[onpolicy-r21/subckt_0289] [plan] step=645 node=new_n1875 type=control0 q_typed_reliable_context=2.250996 sequence=1020.047266
[onpolicy-r21/subckt_0289] [plan] step=646 node=new_n2127 type=control1 q_typed_reliable_context=3.549248 sequence=1023.596514
[onpolicy-r21/subckt_0289] [plan] step=647 node=__aig_and_57320 type=observe q_typed_reliable_context=1.356040 sequence=1024.952555
[onpolicy-r21/subckt_0289] [plan] step=648 node=__buf_split_3056 type=control1 q_typed_reliable_context=2.618834 sequence=1027.571389
[onpolicy-r21/subckt_0289] [plan] step=649 node=new_n2122 type=control1 q_typed_reliable_context=2.013243 sequence=1029.584632
[onpolicy-r21/subckt_0289] [plan] step=650 node=__aig_not_4552 type=control0 q_typed_reliable_context=0.979781 sequence=1030.564413
[onpolicy-r21/subckt_0289] [plan] step=651 node=__aig_and_5105 type=control1 q_typed_reliable_context=3.197942 sequence=1033.762354
[onpolicy-r21/subckt_0289] [plan] step=652 node=new_n2103 type=control0 q_typed_reliable_context=2.399619 sequence=1036.161974
[onpolicy-r21/subckt_0289] [plan] step=653 node=__aig_and_5079 type=observe q_typed_reliable_context=1.156330 sequence=1037.318304
[onpolicy-r21/subckt_0289] [plan] step=654 node=__aig_and_4568 type=control1 q_typed_reliable_context=2.342600 sequence=1039.660904
[onpolicy-r21/subckt_0289] [plan] step=655 node=__aig_and_56046 type=observe q_typed_reliable_context=2.910818 sequence=1042.571722
[onpolicy-r21/subckt_0289] [plan] step=656 node=new_n23814 type=control1 q_typed_reliable_context=1.625454 sequence=1044.197177
[onpolicy-r21/subckt_0289] [plan] step=657 node=__aig_not_8 type=control0 q_typed_reliable_context=2.919177 sequence=1047.116353
[onpolicy-r21/subckt_0289] [plan] step=658 node=__aig_and_5096 type=control1 q_typed_reliable_context=3.987526 sequence=1051.103879
[onpolicy-r21/subckt_0289] [plan] step=659 node=new_n2351 type=control1 q_typed_reliable_context=5.902219 sequence=1057.006098
[onpolicy-r21/subckt_0289] [plan] step=660 node=__aig_and_4523 type=control1 q_typed_reliable_context=5.398416 sequence=1062.404513
[onpolicy-r21/subckt_0289] [plan] step=661 node=__aig_and_4566 type=control1 q_typed_reliable_context=1.596533 sequence=1064.001047
[onpolicy-r21/subckt_0289] [plan] step=662 node=__aig_and_4095 type=control0 q_typed_reliable_context=0.776656 sequence=1064.777703
[onpolicy-r21/subckt_0289] [plan] step=663 node=__aig_and_4544 type=control0 q_typed_reliable_context=6.353266 sequence=1071.130969
[onpolicy-r21/subckt_0289] [plan] step=664 node=__aig_and_5084 type=control1 q_typed_reliable_context=3.855465 sequence=1074.986434
[onpolicy-r21/subckt_0289] [plan] step=665 node=__aig_and_55378 type=control0 q_typed_reliable_context=1.028427 sequence=1076.014861
[onpolicy-r21/subckt_0289] [plan] step=666 node=new_n2111 type=control0 q_typed_reliable_context=3.197510 sequence=1079.212372
[onpolicy-r21/subckt_0289] [plan] step=667 node=new_n2093 type=control0 q_typed_reliable_context=4.855027 sequence=1084.067399
[onpolicy-r21/subckt_0289] [plan] step=668 node=__aig_not_4094 type=control0 q_typed_reliable_context=3.040911 sequence=1087.108310
[onpolicy-r21/subckt_0289] [plan] step=669 node=asqrt[47] type=control0 q_typed_reliable_context=1.149488 sequence=1088.257798
[onpolicy-r21/subckt_0289] [plan] step=670 node=__aig_and_4061 type=control1 q_typed_reliable_context=3.508694 sequence=1091.766492
[onpolicy-r21/subckt_0289] [plan] step=671 node=__aig_and_57248 type=control0 q_typed_reliable_context=1.802380 sequence=1093.568872
[onpolicy-r21/subckt_0289] [plan] step=672 node=__aig_and_4091 type=control1 q_typed_reliable_context=1.996002 sequence=1095.564874
[onpolicy-r21/subckt_0289] [plan] step=673 node=__aig_and_5115 type=control0 q_typed_reliable_context=0.576311 sequence=1096.141185
[onpolicy-r21/subckt_0289] [plan] step=674 node=__aig_and_54169 type=control0 q_typed_reliable_context=1.568970 sequence=1097.710156
[onpolicy-r21/subckt_0289] [plan] step=675 node=__aig_and_57243 type=control0 q_typed_reliable_context=1.301062 sequence=1099.011218
[onpolicy-r21/subckt_0289] [plan] step=676 node=__aig_not_4516 type=control0 q_typed_reliable_context=5.599036 sequence=1104.610254
[onpolicy-r21/subckt_0289] [plan] step=677 node=__aig_and_56061 type=control0 q_typed_reliable_context=0.610781 sequence=1105.221035
[onpolicy-r21/subckt_0289] [plan] step=678 node=__aig_and_4096 type=control0 q_typed_reliable_context=5.156508 sequence=1110.377543
[onpolicy-r21/subckt_0289] [plan] step=679 node=__aig_not_4524 type=control0 q_typed_reliable_context=2.623810 sequence=1113.001353
[onpolicy-r21/subckt_0289] [plan] step=680 node=asqrt[62] type=control0 q_typed_reliable_context=1.786608 sequence=1114.787961
[onpolicy-r21/subckt_0289] [plan] step=681 node=__aig_and_4088 type=control1 q_typed_reliable_context=0.597172 sequence=1115.385133
[onpolicy-r21/subckt_0289] [plan] step=682 node=__buf_split_32435 type=control0 q_typed_reliable_context=1.447448 sequence=1116.832581
[onpolicy-r21/subckt_0289] [plan] step=683 node=__buf_split_3046 type=control0 q_typed_reliable_context=0.780123 sequence=1117.612704
[onpolicy-r21/subckt_0289] [plan] step=684 node=__aig_not_5668 type=control0 q_typed_reliable_context=1.753320 sequence=1119.366023
[onpolicy-r21/subckt_0289] [plan] step=685 node=__aig_not_4527 type=control0 q_typed_reliable_context=2.066049 sequence=1121.432072
[onpolicy-r21/subckt_0289] [plan] step=686 node=__aig_and_53600 type=control0 q_typed_reliable_context=1.591637 sequence=1123.023709
[onpolicy-r21/subckt_0289] [plan] step=687 node=__aig_and_4090 type=control1 q_typed_reliable_context=2.983953 sequence=1126.007662
[onpolicy-r21/subckt_0289] [plan] step=688 node=__aig_and_4054 type=control1 q_typed_reliable_context=1.550556 sequence=1127.558219
[onpolicy-r21/subckt_0289] [plan] step=689 node=__buf_split_32104 type=control0 q_typed_reliable_context=0.643946 sequence=1128.202165
[onpolicy-r21/subckt_0289] [plan] step=690 node=__aig_not_54166 type=control0 q_typed_reliable_context=3.623490 sequence=1131.825654
[onpolicy-r21/subckt_0289] [plan] step=691 node=__aig_not_4092 type=control0 q_typed_reliable_context=2.301605 sequence=1134.127260
[onpolicy-r21/subckt_0289] [plan] step=692 node=__aig_and_5086 type=control1 q_typed_reliable_context=1.451821 sequence=1135.579081
[onpolicy-r21/subckt_0289] [plan] step=693 node=__aig_and_4547 type=control1 q_typed_reliable_context=1.912383 sequence=1137.491464
[onpolicy-r21/subckt_0289] [plan] step=694 node=new_n2317 type=control1 q_typed_reliable_context=4.670296 sequence=1142.161760
[onpolicy-r21/subckt_0289] [plan] step=695 node=__aig_and_5118 type=control1 q_typed_reliable_context=0.864309 sequence=1143.026068
[onpolicy-r21/subckt_0289] [plan] step=696 node=__buf_split_2700 type=control0 q_typed_reliable_context=0.737551 sequence=1143.763619
[onpolicy-r21/subckt_0289] [plan] step=697 node=__buf_split_2718 type=control0 q_typed_reliable_context=7.273865 sequence=1151.037484
[onpolicy-r21/subckt_0289] [plan] step=698 node=new_n2102 type=control1 q_typed_reliable_context=2.233491 sequence=1153.270975
[onpolicy-r21/subckt_0289] [plan] step=699 node=__aig_not_4086 type=control0 q_typed_reliable_context=0.662889 sequence=1153.933864
[onpolicy-r21/subckt_0289] [plan] step=700 node=__buf_split_2696 type=control0 q_typed_reliable_context=6.179610 sequence=1160.113475
[onpolicy-r21/subckt_0289] [plan] step=701 node=__buf_split_2403 type=control0 q_typed_reliable_context=2.826190 sequence=1162.939665
[onpolicy-r21/subckt_0289] [plan] step=702 node=__buf_split_3005 type=control0 q_typed_reliable_context=1.742676 sequence=1164.682341
[onpolicy-r21/subckt_0289] [plan] step=703 node=__aig_and_5117 type=control1 q_typed_reliable_context=0.769193 sequence=1165.451534
[onpolicy-r21/subckt_0289] [plan] step=704 node=__aig_and_56043 type=control1 q_typed_reliable_context=0.361639 sequence=1165.813173
[onpolicy-r21/subckt_0289] [plan] step=705 node=__buf_split_2705 type=control0 q_typed_reliable_context=0.155714 sequence=1165.968887
[onpolicy-r21/subckt_0289] [plan] step=706 node=__aig_and_57366 type=control0 q_typed_reliable_context=4.915407 sequence=1170.884294
[onpolicy-r21/subckt_0289] [plan] step=707 node=__aig_and_27 type=control0 q_typed_reliable_context=2.740593 sequence=1173.624886
[onpolicy-r21/subckt_0289] [plan] step=708 node=__aig_not_4502 type=control0 q_typed_reliable_context=5.304256 sequence=1178.929142
[onpolicy-r21/subckt_0289] [plan] step=709 node=new_n1904 type=control1 q_typed_reliable_context=0.884687 sequence=1179.813829
[onpolicy-r21/subckt_0289] [plan] step=710 node=__buf_split_2444 type=control0 q_typed_reliable_context=2.640341 sequence=1182.454170
[onpolicy-r21/subckt_0289] [plan] step=711 node=__aig_not_57375 type=control0 q_typed_reliable_context=4.356157 sequence=1186.810327
[onpolicy-r21/subckt_0289] [plan] step=712 node=__buf_split_2710 type=control0 q_typed_reliable_context=1.223869 sequence=1188.034195
[onpolicy-r21/subckt_0289] [plan] step=713 node=__buf_split_3038 type=control0 q_typed_reliable_context=4.922772 sequence=1192.956967
[onpolicy-r21/subckt_0289] [plan] step=714 node=__buf_split_2436 type=control0 q_typed_reliable_context=5.759162 sequence=1198.716130
[onpolicy-r21/subckt_0289] [plan] step=715 node=__aig_not_4543 type=control0 q_typed_reliable_context=5.761774 sequence=1204.477903
[onpolicy-r21/subckt_0289] [plan] step=716 node=__buf_split_3363 type=control0 q_typed_reliable_context=3.306417 sequence=1207.784320
[onpolicy-r21/subckt_0289] [plan] step=717 node=__aig_not_4519 type=control0 q_typed_reliable_context=6.145350 sequence=1213.929671
[onpolicy-r21/subckt_0289] [plan] step=718 node=__aig_not_57362 type=control0 q_typed_reliable_context=4.034226 sequence=1217.963896
[onpolicy-r21/subckt_0289] [plan] step=719 node=__aig_and_4541 type=control0 q_typed_reliable_context=3.506912 sequence=1221.470809
[onpolicy-r21/subckt_0289] [plan] step=720 node=new_n24682 type=control0 q_typed_reliable_context=3.505510 sequence=1224.976318
[onpolicy-r21/subckt_0289] [plan] step=721 node=__aig_not_57367 type=control0 q_typed_reliable_context=5.631516 sequence=1230.607834
[onpolicy-r21/subckt_0289] [plan] step=722 node=new_n2328 type=control0 q_typed_reliable_context=4.459247 sequence=1235.067081
[onpolicy-r21/subckt_0289] [plan] step=723 node=__aig_not_24 type=control0 q_typed_reliable_context=7.370205 sequence=1242.437286
[onpolicy-r21/subckt_0289] [plan] step=724 node=__aig_and_57265 type=control1 q_typed_reliable_context=2.648718 sequence=1245.086004
[onpolicy-r21/subckt_0289] [plan] step=725 node=__aig_and_4069 type=control1 q_typed_reliable_context=5.152279 sequence=1250.238283
[onpolicy-r21/subckt_0289] [plan] step=726 node=__aig_and_5672 type=control1 q_typed_reliable_context=1.882158 sequence=1252.120441
[onpolicy-r21/subckt_0289] [plan] step=727 node=__buf_split_2720 type=control1 q_typed_reliable_context=0.877596 sequence=1252.998037
[onpolicy-r21/subckt_0289] [plan] step=728 node=new_n2107 type=control1 q_typed_reliable_context=1.078400 sequence=1254.076438
[onpolicy-r21/subckt_0289] [plan] step=729 node=__buf_split_3052 type=control1 q_typed_reliable_context=0.740315 sequence=1254.816752
[onpolicy-r21/subckt_0289] [plan] step=730 node=new_n1880 type=control1 q_typed_reliable_context=4.619888 sequence=1259.436640
[onpolicy-r21/subckt_0289] [plan] step=731 node=new_n1905 type=control1 q_typed_reliable_context=3.992705 sequence=1263.429345
[onpolicy-r21/subckt_0289] [plan] step=732 node=new_n23063 type=control1 q_typed_reliable_context=1.958463 sequence=1265.387808
[onpolicy-r21/subckt_0289] [plan] step=733 node=new_n24681 type=control1 q_typed_reliable_context=2.589627 sequence=1267.977434
[onpolicy-r21/subckt_0289] [plan] step=734 node=new_n24683 type=control1 q_typed_reliable_context=4.217954 sequence=1272.195388
[onpolicy-r21/subckt_0289] [plan] step=735 node=__aig_and_55328 type=control0 q_typed_reliable_context=5.508972 sequence=1277.704360
[onpolicy-r21/subckt_0289] [plan] step=736 node=new_n2100 type=control0 q_typed_reliable_context=6.700387 sequence=1284.404747
[onpolicy-r21/subckt_0289] [plan] step=737 node=new_n2115 type=control0 q_typed_reliable_context=0.708860 sequence=1285.113607
[onpolicy-r21/subckt_0289] [plan] step=738 node=__aig_not_5054 type=control0 q_typed_reliable_context=6.176920 sequence=1291.290528
[onpolicy-r21/subckt_0289] [plan] step=739 node=__aig_not_4517 type=control0 q_typed_reliable_context=5.113067 sequence=1296.403595
[onpolicy-r21/subckt_0289] [plan] step=740 node=__aig_not_57364 type=control0 q_typed_reliable_context=3.248441 sequence=1299.652035
[onpolicy-r21/subckt_0289] [plan] step=741 node=__aig_not_53598 type=control0 q_typed_reliable_context=2.990693 sequence=1302.642728
[onpolicy-r21/subckt_0289] [plan] step=742 node=__aig_and_5671 type=control1 q_typed_reliable_context=1.052980 sequence=1303.695709
[onpolicy-r21/subckt_0289] [plan] step=743 node=new_n2110 type=control0 q_typed_reliable_context=0.811810 sequence=1304.507519
[onpolicy-r21/subckt_0289] [plan] step=744 node=__aig_and_6258 type=control0 q_typed_reliable_context=2.670797 sequence=1307.178316
[onpolicy-r21/subckt_0289] [plan] step=745 node=__aig_not_4539 type=control0 q_typed_reliable_context=4.890835 sequence=1312.069151
[onpolicy-r21/subckt_0289] [plan] step=746 node=__buf_split_2711 type=control0 q_typed_reliable_context=0.715152 sequence=1312.784304
[onpolicy-r21/subckt_0289] [plan] step=747 node=__buf_split_3041 type=control1 q_typed_reliable_context=1.734357 sequence=1314.518660
[onpolicy-r21/subckt_0289] [plan] step=748 node=__buf_split_2731 type=control0 q_typed_reliable_context=0.284199 sequence=1314.802859
[onpolicy-r21/subckt_0289] [plan] step=749 node=__buf_split_32140 type=control0 q_typed_reliable_context=0.652039 sequence=1315.454898
[onpolicy-r21/subckt_0289] [plan] step=750 node=__aig_not_55327 type=control0 q_typed_reliable_context=5.236684 sequence=1320.691583
[onpolicy-r21/subckt_0289] [plan] step=751 node=new_n23303 type=control0 q_typed_reliable_context=2.715657 sequence=1323.407240
[onpolicy-r21/subckt_0289] [plan] step=752 node=new_n2324 type=control0 q_typed_reliable_context=1.435703 sequence=1324.842943
[onpolicy-r21/subckt_0289] [plan] step=753 node=new_n24047 type=control0 q_typed_reliable_context=1.988308 sequence=1326.831251
[onpolicy-r21/subckt_0289] [plan] step=754 node=__aig_and_5112 type=control0 q_typed_reliable_context=3.568958 sequence=1330.400209
[onpolicy-r21/subckt_0289] [plan] step=755 node=__aig_and_55900 type=control0 q_typed_reliable_context=2.297410 sequence=1332.697619
[onpolicy-r21/subckt_0289] [plan] step=756 node=__buf_split_32442 type=control0 q_typed_reliable_context=0.830795 sequence=1333.528415
[onpolicy-r21/subckt_0289] [plan] step=757 node=__buf_split_32441 type=control0 q_typed_reliable_context=0.798407 sequence=1334.326822
[onpolicy-r21/subckt_0289] [plan] step=758 node=__aig_not_5114 type=control0 q_typed_reliable_context=0.737032 sequence=1335.063853
[onpolicy-r21/subckt_0289] [plan] step=759 node=new_n1898 type=control1 q_typed_reliable_context=1.019979 sequence=1336.083833
[onpolicy-r21/subckt_0289] [plan] step=760 node=__buf_split_32141 type=control0 q_typed_reliable_context=1.029636 sequence=1337.113469
[onpolicy-r21/subckt_0289] [plan] step=761 node=__aig_and_5110 type=control0 q_typed_reliable_context=5.796262 sequence=1342.909730
[onpolicy-r21/subckt_0289] [plan] step=762 node=__aig_not_55899 type=control0 q_typed_reliable_context=3.293932 sequence=1346.203663
[onpolicy-r21/subckt_0289] [plan] step=763 node=__aig_not_55884 type=control0 q_typed_reliable_context=2.658762 sequence=1348.862425
[onpolicy-r21/subckt_0289] [plan] step=764 node=__aig_not_55898 type=control0 q_typed_reliable_context=1.840641 sequence=1350.703066
[onpolicy-r21/subckt_0289] [plan] step=765 node=__aig_not_5108 type=control0 q_typed_reliable_context=2.680911 sequence=1353.383977
[onpolicy-r21/subckt_0289] [plan] step=766 node=__aig_not_55883 type=control0 q_typed_reliable_context=2.960399 sequence=1356.344376
[onpolicy-r21/subckt_0289] [plan] step=767 node=__aig_not_6 type=control0 q_typed_reliable_context=2.706175 sequence=1359.050551
[onpolicy-r21/subckt_0289] [plan] step=768 node=__aig_and_10 type=control0 q_typed_reliable_context=2.448223 sequence=1361.498774
[onpolicy-r21/subckt_0289] saved=autoresearch/loop-260720-0945/model_training_round21/ultralong_onpolicy_plans/subckt_0289.csv
