[onpolicy-r21/subckt_0292] [plan] torch_deterministic=true
[onpolicy-r21/subckt_0292] [plan] latent_norm_clip_ratio=4 latent_norm_limit=30.702318
[onpolicy-r21/subckt_0292] [plan] step=1 node=asqrt[26] type=control0 q_typed_reliable_context=2.731353 sequence=2.731353
[onpolicy-r21/subckt_0292] [plan] step=2 node=__aig_and_21521 type=observe q_typed_reliable_context=4.317569 sequence=7.048922
[onpolicy-r21/subckt_0292] [plan] step=3 node=__aig_and_21520 type=observe q_typed_reliable_context=5.850249 sequence=12.899171
[onpolicy-r21/subckt_0292] [plan] step=4 node=__aig_and_21482 type=observe q_typed_reliable_context=2.947787 sequence=15.846958
[onpolicy-r21/subckt_0292] [plan] step=5 node=new_n8862 type=control1 q_typed_reliable_context=6.105370 sequence=21.952327
[onpolicy-r21/subckt_0292] [plan] step=6 node=__aig_and_2 type=control0 q_typed_reliable_context=5.844009 sequence=27.796336
[onpolicy-r21/subckt_0292] [plan] step=7 node=__aig_and_20376 type=observe q_typed_reliable_context=2.878465 sequence=30.674801
[onpolicy-r21/subckt_0292] [plan] step=8 node=__aig_and_21452 type=control1 q_typed_reliable_context=3.207386 sequence=33.882187
[onpolicy-r21/subckt_0292] [plan] step=9 node=new_n9349 type=control0 q_typed_reliable_context=4.072842 sequence=37.955029
[onpolicy-r21/subckt_0292] [plan] step=10 node=__aig_not_8 type=control0 q_typed_reliable_context=3.929885 sequence=41.884914
[onpolicy-r21/subckt_0292] [plan] step=11 node=__aig_and_20354 type=observe q_typed_reliable_context=2.532676 sequence=44.417590
[onpolicy-r21/subckt_0292] [plan] step=12 node=__aig_and_20316 type=observe q_typed_reliable_context=3.300335 sequence=47.717925
[onpolicy-r21/subckt_0292] [plan] step=13 node=__aig_and_20336 type=observe q_typed_reliable_context=3.614434 sequence=51.332359
[onpolicy-r21/subckt_0292] [plan] step=14 node=__aig_and_20350 type=observe q_typed_reliable_context=2.729170 sequence=54.061529
[onpolicy-r21/subckt_0292] [plan] step=15 node=__aig_and_20413 type=control1 q_typed_reliable_context=2.835758 sequence=56.897287
[onpolicy-r21/subckt_0292] [plan] step=16 node=__aig_and_31495 type=observe q_typed_reliable_context=1.898506 sequence=58.795793
[onpolicy-r21/subckt_0292] [plan] step=17 node=__aig_and_20424 type=control1 q_typed_reliable_context=2.259579 sequence=61.055372
[onpolicy-r21/subckt_0292] [plan] step=18 node=__aig_and_20380 type=observe q_typed_reliable_context=1.961102 sequence=63.016474
[onpolicy-r21/subckt_0292] [plan] step=19 node=__aig_and_21447 type=control1 q_typed_reliable_context=2.233157 sequence=65.249630
[onpolicy-r21/subckt_0292] [plan] step=20 node=__aig_and_21434 type=observe q_typed_reliable_context=1.979135 sequence=67.228765
[onpolicy-r21/subckt_0292] [plan] step=21 node=new_n8875 type=control0 q_typed_reliable_context=3.516518 sequence=70.745283
[onpolicy-r21/subckt_0292] [plan] step=22 node=__aig_not_21431 type=control0 q_typed_reliable_context=1.640721 sequence=72.386004
[onpolicy-r21/subckt_0292] [plan] step=23 node=__aig_and_20341 type=observe q_typed_reliable_context=2.302600 sequence=74.688604
[onpolicy-r21/subckt_0292] [plan] step=24 node=__aig_and_28 type=control0 q_typed_reliable_context=1.870233 sequence=76.558837
[onpolicy-r21/subckt_0292] [plan] step=25 node=__buf_split_11932 type=observe q_typed_reliable_context=2.592137 sequence=79.150974
[onpolicy-r21/subckt_0292] [plan] step=26 node=__aig_not_21417 type=control0 q_typed_reliable_context=2.498365 sequence=81.649339
[onpolicy-r21/subckt_0292] [plan] step=27 node=__aig_and_21440 type=observe q_typed_reliable_context=2.025150 sequence=83.674489
[onpolicy-r21/subckt_0292] [plan] step=28 node=new_n8874 type=observe q_typed_reliable_context=1.919796 sequence=85.594285
[onpolicy-r21/subckt_0292] [plan] step=29 node=__aig_not_21454 type=control0 q_typed_reliable_context=1.424455 sequence=87.018740
[onpolicy-r21/subckt_0292] [plan] step=30 node=__aig_not_21468 type=control0 q_typed_reliable_context=1.689558 sequence=88.708298
[onpolicy-r21/subckt_0292] [plan] step=31 node=__aig_and_21466 type=observe q_typed_reliable_context=2.394808 sequence=91.103106
[onpolicy-r21/subckt_0292] [plan] step=32 node=__buf_split_12541 type=observe q_typed_reliable_context=3.271200 sequence=94.374305
[onpolicy-r21/subckt_0292] [plan] step=33 node=__aig_not_20368 type=control0 q_typed_reliable_context=1.930120 sequence=96.304425
[onpolicy-r21/subckt_0292] [plan] step=34 node=__aig_and_30092 type=control1 q_typed_reliable_context=2.015090 sequence=98.319515
[onpolicy-r21/subckt_0292] [plan] step=35 node=new_n8402 type=control1 q_typed_reliable_context=6.823252 sequence=105.142767
[onpolicy-r21/subckt_0292] [plan] step=36 node=__aig_and_34306 type=control1 q_typed_reliable_context=3.103463 sequence=108.246229
[onpolicy-r21/subckt_0292] [plan] step=37 node=__aig_and_21424 type=control1 q_typed_reliable_context=2.924841 sequence=111.171070
[onpolicy-r21/subckt_0292] [plan] step=38 node=__aig_not_21443 type=control0 q_typed_reliable_context=4.026492 sequence=115.197563
[onpolicy-r21/subckt_0292] [plan] step=39 node=__aig_and_20322 type=observe q_typed_reliable_context=2.969292 sequence=118.166855
[onpolicy-r21/subckt_0292] [plan] step=40 node=__aig_and_20344 type=observe q_typed_reliable_context=1.435837 sequence=119.602691
[onpolicy-r21/subckt_0292] [plan] step=41 node=__aig_and_32903 type=control1 q_typed_reliable_context=3.932762 sequence=123.535453
[onpolicy-r21/subckt_0292] [plan] step=42 node=new_n13635 type=control1 q_typed_reliable_context=5.601484 sequence=129.136937
[onpolicy-r21/subckt_0292] [plan] step=43 node=__aig_not_21505 type=control0 q_typed_reliable_context=2.022916 sequence=131.159853
[onpolicy-r21/subckt_0292] [plan] step=44 node=__buf_split_11900 type=observe q_typed_reliable_context=1.640497 sequence=132.800350
[onpolicy-r21/subckt_0292] [plan] step=45 node=__aig_and_32885 type=control1 q_typed_reliable_context=1.481841 sequence=134.282191
[onpolicy-r21/subckt_0292] [plan] step=46 node=__aig_and_31491 type=observe q_typed_reliable_context=1.389031 sequence=135.671222
[onpolicy-r21/subckt_0292] [plan] step=47 node=__buf_split_11939 type=observe q_typed_reliable_context=1.457465 sequence=137.128686
[onpolicy-r21/subckt_0292] [plan] step=48 node=__aig_and_20327 type=observe q_typed_reliable_context=2.238811 sequence=139.367497
[onpolicy-r21/subckt_0292] [plan] step=49 node=__aig_and_34317 type=control0 q_typed_reliable_context=2.270465 sequence=141.637962
[onpolicy-r21/subckt_0292] [plan] step=50 node=__aig_not_20410 type=control0 q_typed_reliable_context=3.137291 sequence=144.775252
[onpolicy-r21/subckt_0292] [plan] step=51 node=__aig_and_34289 type=control0 q_typed_reliable_context=2.937851 sequence=147.713103
[onpolicy-r21/subckt_0292] [plan] step=52 node=__aig_not_20421 type=control0 q_typed_reliable_context=2.439887 sequence=150.152990
[onpolicy-r21/subckt_0292] [plan] step=53 node=__aig_not_21426 type=control0 q_typed_reliable_context=1.227790 sequence=151.380779
[onpolicy-r21/subckt_0292] [plan] step=54 node=__aig_and_35736 type=control1 q_typed_reliable_context=1.480064 sequence=152.860843
[onpolicy-r21/subckt_0292] [plan] step=55 node=__aig_and_30168 type=observe q_typed_reliable_context=1.630224 sequence=154.491068
[onpolicy-r21/subckt_0292] [plan] step=56 node=__aig_and_34297 type=control1 q_typed_reliable_context=1.770445 sequence=156.261512
[onpolicy-r21/subckt_0292] [plan] step=57 node=__aig_not_20356 type=observe q_typed_reliable_context=1.803561 sequence=158.065073
[onpolicy-r21/subckt_0292] [plan] step=58 node=__aig_and_31506 type=observe q_typed_reliable_context=2.751650 sequence=160.816723
[onpolicy-r21/subckt_0292] [plan] step=59 node=__aig_not_20359 type=control0 q_typed_reliable_context=1.617634 sequence=162.434357
[onpolicy-r21/subckt_0292] [plan] step=60 node=__aig_and_31481 type=observe q_typed_reliable_context=2.217613 sequence=164.651970
[onpolicy-r21/subckt_0292] [plan] step=61 node=__aig_and_31532 type=observe q_typed_reliable_context=2.415416 sequence=167.067386
[onpolicy-r21/subckt_0292] [plan] step=62 node=__aig_and_34314 type=control1 q_typed_reliable_context=2.057741 sequence=169.125127
[onpolicy-r21/subckt_0292] [plan] step=63 node=__aig_and_31562 type=control1 q_typed_reliable_context=1.458382 sequence=170.583509
[onpolicy-r21/subckt_0292] [plan] step=64 node=__aig_and_34286 type=control1 q_typed_reliable_context=1.682159 sequence=172.265669
[onpolicy-r21/subckt_0292] [plan] step=65 node=__aig_and_31484 type=observe q_typed_reliable_context=1.660568 sequence=173.926237
[onpolicy-r21/subckt_0292] [plan] step=66 node=__aig_not_20383 type=control0 q_typed_reliable_context=1.524484 sequence=175.450720
[onpolicy-r21/subckt_0292] [plan] step=67 node=__aig_and_31540 type=control1 q_typed_reliable_context=1.493062 sequence=176.943782
[onpolicy-r21/subckt_0292] [plan] step=68 node=new_n9308 type=observe q_typed_reliable_context=1.623159 sequence=178.566942
[onpolicy-r21/subckt_0292] [plan] step=69 node=__aig_and_21404 type=control1 q_typed_reliable_context=1.897234 sequence=180.464176
[onpolicy-r21/subckt_0292] [plan] step=70 node=__aig_and_31516 type=observe q_typed_reliable_context=2.090466 sequence=182.554642
[onpolicy-r21/subckt_0292] [plan] step=71 node=__buf_split_12562 type=observe q_typed_reliable_context=1.004706 sequence=183.559348
[onpolicy-r21/subckt_0292] [plan] step=72 node=__aig_and_31522 type=control0 q_typed_reliable_context=3.322875 sequence=186.882223
[onpolicy-r21/subckt_0292] [plan] step=73 node=__aig_not_32921 type=control0 q_typed_reliable_context=1.372002 sequence=188.254226
[onpolicy-r21/subckt_0292] [plan] step=74 node=__aig_and_31550 type=control0 q_typed_reliable_context=3.963082 sequence=192.217308
[onpolicy-r21/subckt_0292] [plan] step=75 node=__aig_and_32916 type=control0 q_typed_reliable_context=2.314992 sequence=194.532300
[onpolicy-r21/subckt_0292] [plan] step=76 node=__aig_not_20408 type=control0 q_typed_reliable_context=2.368822 sequence=196.901122
[onpolicy-r21/subckt_0292] [plan] step=77 node=__aig_and_31519 type=control1 q_typed_reliable_context=2.154132 sequence=199.055253
[onpolicy-r21/subckt_0292] [plan] step=78 node=__aig_not_21449 type=control0 q_typed_reliable_context=2.112921 sequence=201.168175
[onpolicy-r21/subckt_0292] [plan] step=79 node=__aig_and_32882 type=observe q_typed_reliable_context=1.302178 sequence=202.470353
[onpolicy-r21/subckt_0292] [plan] step=80 node=__aig_not_20406 type=observe q_typed_reliable_context=1.917621 sequence=204.387974
[onpolicy-r21/subckt_0292] [plan] step=81 node=__aig_and_32857 type=control1 q_typed_reliable_context=4.121845 sequence=208.509819
[onpolicy-r21/subckt_0292] [plan] step=82 node=__aig_and_32888 type=observe q_typed_reliable_context=1.859383 sequence=210.369202
[onpolicy-r21/subckt_0292] [plan] step=83 node=__aig_and_32875 type=control1 q_typed_reliable_context=3.598082 sequence=213.967284
[onpolicy-r21/subckt_0292] [plan] step=84 node=__aig_and_19347 type=control1 q_typed_reliable_context=2.609699 sequence=216.576983
[onpolicy-r21/subckt_0292] [plan] step=85 node=__buf_split_12587 type=observe q_typed_reliable_context=1.724282 sequence=218.301265
[onpolicy-r21/subckt_0292] [plan] step=86 node=__aig_and_22 type=control1 q_typed_reliable_context=2.880035 sequence=221.181300
[onpolicy-r21/subckt_0292] [plan] step=87 node=__aig_and_31547 type=control1 q_typed_reliable_context=2.953953 sequence=224.135253
[onpolicy-r21/subckt_0292] [plan] step=88 node=__aig_and_34279 type=control1 q_typed_reliable_context=2.354092 sequence=226.489345
[onpolicy-r21/subckt_0292] [plan] step=89 node=__aig_not_20332 type=observe q_typed_reliable_context=1.730387 sequence=228.219732
[onpolicy-r21/subckt_0292] [plan] step=90 node=__buf_split_12544 type=observe q_typed_reliable_context=2.258505 sequence=230.478237
[onpolicy-r21/subckt_0292] [plan] step=91 node=__aig_and_19343 type=control1 q_typed_reliable_context=3.761478 sequence=234.239715
[onpolicy-r21/subckt_0292] [plan] step=92 node=__buf_split_19174 type=observe q_typed_reliable_context=2.178075 sequence=236.417790
[onpolicy-r21/subckt_0292] [plan] step=93 node=__aig_and_32920 type=control1 q_typed_reliable_context=3.921688 sequence=240.339478
[onpolicy-r21/subckt_0292] [plan] step=94 node=__aig_and_32906 type=control1 q_typed_reliable_context=2.368021 sequence=242.707499
[onpolicy-r21/subckt_0292] [plan] step=95 node=__aig_and_30194 type=observe q_typed_reliable_context=2.342741 sequence=245.050240
[onpolicy-r21/subckt_0292] [plan] step=96 node=__aig_not_31513 type=control0 q_typed_reliable_context=2.640840 sequence=247.691080
[onpolicy-r21/subckt_0292] [plan] step=97 node=__aig_and_30171 type=observe q_typed_reliable_context=2.702800 sequence=250.393879
[onpolicy-r21/subckt_0292] [plan] step=98 node=__aig_and_30204 type=control1 q_typed_reliable_context=1.825557 sequence=252.219436
[onpolicy-r21/subckt_0292] [plan] step=99 node=__buf_split_19157 type=observe q_typed_reliable_context=1.860256 sequence=254.079692
[onpolicy-r21/subckt_0292] [plan] step=100 node=__aig_and_34332 type=control1 q_typed_reliable_context=2.234169 sequence=256.313861
[onpolicy-r21/subckt_0292] [plan] step=101 node=new_n13041 type=observe q_typed_reliable_context=1.459324 sequence=257.773185
[onpolicy-r21/subckt_0292] [plan] step=102 node=__buf_split_11359 type=observe q_typed_reliable_context=1.975868 sequence=259.749053
[onpolicy-r21/subckt_0292] [plan] step=103 node=__aig_not_19379 type=control0 q_typed_reliable_context=1.616258 sequence=261.365311
[onpolicy-r21/subckt_0292] [plan] step=104 node=__aig_and_31578 type=control0 q_typed_reliable_context=1.846376 sequence=263.211687
[onpolicy-r21/subckt_0292] [plan] step=105 node=__buf_split_19993 type=observe q_typed_reliable_context=1.710189 sequence=264.921876
[onpolicy-r21/subckt_0292] [plan] step=106 node=__aig_not_20389 type=observe q_typed_reliable_context=1.479783 sequence=266.401659
[onpolicy-r21/subckt_0292] [plan] step=107 node=__aig_not_31507 type=observe q_typed_reliable_context=2.187804 sequence=268.589464
[onpolicy-r21/subckt_0292] [plan] step=108 node=__buf_split_19189 type=observe q_typed_reliable_context=1.310265 sequence=269.899728
[onpolicy-r21/subckt_0292] [plan] step=109 node=new_n13620 type=observe q_typed_reliable_context=1.237181 sequence=271.136909
[onpolicy-r21/subckt_0292] [plan] step=110 node=__buf_split_18 type=observe q_typed_reliable_context=1.559849 sequence=272.696758
[onpolicy-r21/subckt_0292] [plan] step=111 node=__aig_and_21513 type=control0 q_typed_reliable_context=1.136498 sequence=273.833256
[onpolicy-r21/subckt_0292] [plan] step=112 node=__aig_not_19372 type=control0 q_typed_reliable_context=1.884239 sequence=275.717495
[onpolicy-r21/subckt_0292] [plan] step=113 node=__aig_and_31537 type=control0 q_typed_reliable_context=2.335437 sequence=278.052932
[onpolicy-r21/subckt_0292] [plan] step=114 node=__aig_and_30176 type=control1 q_typed_reliable_context=1.221004 sequence=279.273936
[onpolicy-r21/subckt_0292] [plan] step=115 node=__aig_and_35728 type=control1 q_typed_reliable_context=1.994362 sequence=281.268298
[onpolicy-r21/subckt_0292] [plan] step=116 node=__aig_and_32928 type=control1 q_typed_reliable_context=2.346255 sequence=283.614552
[onpolicy-r21/subckt_0292] [plan] step=117 node=__aig_and_30224 type=control1 q_typed_reliable_context=2.103884 sequence=285.718436
[onpolicy-r21/subckt_0292] [plan] step=118 node=new_n8886 type=observe q_typed_reliable_context=2.230548 sequence=287.948984
[onpolicy-r21/subckt_0292] [plan] step=119 node=__aig_not_21514 type=control1 q_typed_reliable_context=2.747709 sequence=290.696693
[onpolicy-r21/subckt_0292] [plan] step=120 node=__aig_and_12 type=control1 q_typed_reliable_context=1.369993 sequence=292.066686
[onpolicy-r21/subckt_0292] [plan] step=121 node=new_n8880 type=control1 q_typed_reliable_context=1.899054 sequence=293.965740
[onpolicy-r21/subckt_0292] [plan] step=122 node=__aig_and_34310 type=control1 q_typed_reliable_context=2.140952 sequence=296.106692
[onpolicy-r21/subckt_0292] [plan] step=123 node=__aig_not_31545 type=control0 q_typed_reliable_context=1.664163 sequence=297.770854
[onpolicy-r21/subckt_0292] [plan] step=124 node=__aig_and_31544 type=observe q_typed_reliable_context=1.292828 sequence=299.063682
[onpolicy-r21/subckt_0292] [plan] step=125 node=__buf_split_12589 type=observe q_typed_reliable_context=1.117445 sequence=300.181127
[onpolicy-r21/subckt_0292] [plan] step=126 node=__aig_not_31511 type=observe q_typed_reliable_context=2.138475 sequence=302.319602
[onpolicy-r21/subckt_0292] [plan] step=127 node=__aig_and_30202 type=control0 q_typed_reliable_context=2.977745 sequence=305.297347
[onpolicy-r21/subckt_0292] [plan] step=128 node=__aig_not_32866 type=control0 q_typed_reliable_context=1.857224 sequence=307.154571
[onpolicy-r21/subckt_0292] [plan] step=129 node=__aig_not_32894 type=control0 q_typed_reliable_context=2.017668 sequence=309.172239
[onpolicy-r21/subckt_0292] [plan] step=130 node=__aig_not_21421 type=observe q_typed_reliable_context=1.867625 sequence=311.039864
[onpolicy-r21/subckt_0292] [plan] step=131 node=__aig_and_18 type=control0 q_typed_reliable_context=1.895445 sequence=312.935309
[onpolicy-r21/subckt_0292] [plan] step=132 node=__aig_not_19 type=observe q_typed_reliable_context=1.465178 sequence=314.400487
[onpolicy-r21/subckt_0292] [plan] step=133 node=__aig_and_31557 type=control0 q_typed_reliable_context=2.381381 sequence=316.781868
[onpolicy-r21/subckt_0292] [plan] step=134 node=__aig_not_30198 type=control0 q_typed_reliable_context=2.554375 sequence=319.336243
[onpolicy-r21/subckt_0292] [plan] step=135 node=__aig_and_30227 type=control1 q_typed_reliable_context=1.965750 sequence=321.301993
[onpolicy-r21/subckt_0292] [plan] step=136 node=__aig_not_32891 type=observe q_typed_reliable_context=1.329791 sequence=322.631784
[onpolicy-r21/subckt_0292] [plan] step=137 node=__aig_and_31574 type=control1 q_typed_reliable_context=3.303433 sequence=325.935218
[onpolicy-r21/subckt_0292] [plan] step=138 node=__aig_and_31526 type=observe q_typed_reliable_context=1.478977 sequence=327.414195
[onpolicy-r21/subckt_0292] [plan] step=139 node=__aig_and_19314 type=control0 q_typed_reliable_context=2.577294 sequence=329.991489
[onpolicy-r21/subckt_0292] [plan] step=140 node=__buf_split_4 type=control0 q_typed_reliable_context=5.850739 sequence=335.842227
[onpolicy-r21/subckt_0292] [plan] step=141 node=__aig_and_15 type=control1 q_typed_reliable_context=2.650356 sequence=338.492583
[onpolicy-r21/subckt_0292] [plan] step=142 node=__aig_and_19300 type=control1 q_typed_reliable_context=2.617623 sequence=341.110207
[onpolicy-r21/subckt_0292] [plan] step=143 node=__aig_and_21416 type=control1 q_typed_reliable_context=2.680700 sequence=343.790907
[onpolicy-r21/subckt_0292] [plan] step=144 node=__aig_and_19293 type=control1 q_typed_reliable_context=2.908352 sequence=346.699259
[onpolicy-r21/subckt_0292] [plan] step=145 node=__aig_and_32880 type=control1 q_typed_reliable_context=2.817375 sequence=349.516634
[onpolicy-r21/subckt_0292] [plan] step=146 node=__aig_not_21486 type=control0 q_typed_reliable_context=5.082800 sequence=354.599434
[onpolicy-r21/subckt_0292] [plan] step=147 node=__aig_not_32877 type=control0 q_typed_reliable_context=0.991458 sequence=355.590892
[onpolicy-r21/subckt_0292] [plan] step=148 node=__aig_not_21479 type=control0 q_typed_reliable_context=2.039581 sequence=357.630473
[onpolicy-r21/subckt_0292] [plan] step=149 node=__aig_not_31559 type=control0 q_typed_reliable_context=1.133144 sequence=358.763618
[onpolicy-r21/subckt_0292] [plan] step=150 node=__aig_and_31554 type=control1 q_typed_reliable_context=1.634604 sequence=360.398222
[onpolicy-r21/subckt_0292] [plan] step=151 node=__aig_not_32925 type=control0 q_typed_reliable_context=2.111537 sequence=362.509758
[onpolicy-r21/subckt_0292] [plan] step=152 node=__aig_and_21376 type=control1 q_typed_reliable_context=1.634568 sequence=364.144327
[onpolicy-r21/subckt_0292] [plan] step=153 node=new_n8854 type=control0 q_typed_reliable_context=0.825592 sequence=364.969919
[onpolicy-r21/subckt_0292] [plan] step=154 node=__aig_not_70 type=control0 q_typed_reliable_context=1.617920 sequence=366.587838
[onpolicy-r21/subckt_0292] [plan] step=155 node=__aig_and_19275 type=control1 q_typed_reliable_context=1.518151 sequence=368.105989
[onpolicy-r21/subckt_0292] [plan] step=156 node=__aig_not_21400 type=observe q_typed_reliable_context=1.464259 sequence=369.570248
[onpolicy-r21/subckt_0292] [plan] step=157 node=__aig_and_19329 type=control1 q_typed_reliable_context=1.738003 sequence=371.308251
[onpolicy-r21/subckt_0292] [plan] step=158 node=__aig_not_21471 type=control0 q_typed_reliable_context=2.571873 sequence=373.880125
[onpolicy-r21/subckt_0292] [plan] step=159 node=__aig_not_21517 type=control0 q_typed_reliable_context=2.149789 sequence=376.029913
[onpolicy-r21/subckt_0292] [plan] step=160 node=new_n9329 type=control0 q_typed_reliable_context=1.518085 sequence=377.547998
[onpolicy-r21/subckt_0292] [plan] step=161 node=__aig_not_21490 type=control0 q_typed_reliable_context=1.396965 sequence=378.944962
[onpolicy-r21/subckt_0292] [plan] step=162 node=__aig_and_31572 type=control1 q_typed_reliable_context=1.513811 sequence=380.458774
[onpolicy-r21/subckt_0292] [plan] step=163 node=__aig_not_32929 type=control0 q_typed_reliable_context=1.218321 sequence=381.677095
[onpolicy-r21/subckt_0292] [plan] step=164 node=__aig_and_30250 type=control1 q_typed_reliable_context=1.390870 sequence=383.067965
[onpolicy-r21/subckt_0292] [plan] step=165 node=__aig_not_34340 type=control0 q_typed_reliable_context=1.844343 sequence=384.912307
[onpolicy-r21/subckt_0292] [plan] step=166 node=__aig_and_30230 type=control1 q_typed_reliable_context=1.221843 sequence=386.134151
[onpolicy-r21/subckt_0292] [plan] step=167 node=new_n8872 type=control0 q_typed_reliable_context=1.534998 sequence=387.669149
[onpolicy-r21/subckt_0292] [plan] step=168 node=new_n208 type=control0 q_typed_reliable_context=1.203110 sequence=388.872259
[onpolicy-r21/subckt_0292] [plan] step=169 node=__aig_not_67 type=observe q_typed_reliable_context=1.148872 sequence=390.021132
[onpolicy-r21/subckt_0292] [plan] step=170 node=new_n9353 type=control1 q_typed_reliable_context=0.887551 sequence=390.908683
[onpolicy-r21/subckt_0292] [plan] step=171 node=new_n8891 type=control0 q_typed_reliable_context=0.691802 sequence=391.600485
[onpolicy-r21/subckt_0292] [plan] step=172 node=__aig_and_21499 type=control1 q_typed_reliable_context=1.188868 sequence=392.789353
[onpolicy-r21/subckt_0292] [plan] step=173 node=__aig_and_20401 type=control1 q_typed_reliable_context=1.511562 sequence=394.300915
[onpolicy-r21/subckt_0292] [plan] step=174 node=__aig_not_21494 type=control0 q_typed_reliable_context=2.185122 sequence=396.486037
[onpolicy-r21/subckt_0292] [plan] step=175 node=new_n9337 type=control0 q_typed_reliable_context=0.953819 sequence=397.439856
[onpolicy-r21/subckt_0292] [plan] step=176 node=__buf_split_12586 type=control0 q_typed_reliable_context=3.549010 sequence=400.988866
[onpolicy-r21/subckt_0292] [plan] step=177 node=__aig_and_19311 type=observe q_typed_reliable_context=1.346808 sequence=402.335674
[onpolicy-r21/subckt_0292] [plan] step=178 node=__aig_and_21399 type=observe q_typed_reliable_context=0.894189 sequence=403.229863
[onpolicy-r21/subckt_0292] [plan] step=179 node=__aig_and_31466 type=observe q_typed_reliable_context=1.376501 sequence=404.606364
[onpolicy-r21/subckt_0292] [plan] step=180 node=__aig_and_31460 type=observe q_typed_reliable_context=1.456326 sequence=406.062690
[onpolicy-r21/subckt_0292] [plan] step=181 node=__aig_not_21445 type=control0 q_typed_reliable_context=1.683020 sequence=407.745709
[onpolicy-r21/subckt_0292] [plan] step=182 node=__aig_not_20365 type=control0 q_typed_reliable_context=1.397784 sequence=409.143494
[onpolicy-r21/subckt_0292] [plan] step=183 node=__aig_and_30138 type=observe q_typed_reliable_context=1.122524 sequence=410.266018
[onpolicy-r21/subckt_0292] [plan] step=184 node=__aig_and_31463 type=observe q_typed_reliable_context=1.250233 sequence=411.516251
[onpolicy-r21/subckt_0292] [plan] step=185 node=__aig_and_30118 type=observe q_typed_reliable_context=1.193082 sequence=412.709332
[onpolicy-r21/subckt_0292] [plan] step=186 node=__aig_and_31470 type=observe q_typed_reliable_context=0.956001 sequence=413.665333
[onpolicy-r21/subckt_0292] [plan] step=187 node=__aig_not_20423 type=control0 q_typed_reliable_context=0.763494 sequence=414.428827
[onpolicy-r21/subckt_0292] [plan] step=188 node=__aig_and_31488 type=observe q_typed_reliable_context=1.031059 sequence=415.459886
[onpolicy-r21/subckt_0292] [plan] step=189 node=__buf_split_18369 type=observe q_typed_reliable_context=0.730204 sequence=416.190090
[onpolicy-r21/subckt_0292] [plan] step=190 node=__aig_and_30143 type=observe q_typed_reliable_context=0.930881 sequence=417.120972
[onpolicy-r21/subckt_0292] [plan] step=191 node=__buf_split_18372 type=observe q_typed_reliable_context=0.728826 sequence=417.849798
[onpolicy-r21/subckt_0292] [plan] step=192 node=__aig_not_19344 type=control0 q_typed_reliable_context=0.901201 sequence=418.750999
[onpolicy-r21/subckt_0292] [plan] step=193 node=__buf_split_11946 type=observe q_typed_reliable_context=0.928430 sequence=419.679429
[onpolicy-r21/subckt_0292] [plan] step=194 node=__buf_split_12588 type=observe q_typed_reliable_context=0.937874 sequence=420.617303
[onpolicy-r21/subckt_0292] [plan] step=195 node=new_n14807 type=observe q_typed_reliable_context=1.072185 sequence=421.689488
[onpolicy-r21/subckt_0292] [plan] step=196 node=__aig_not_19287 type=observe q_typed_reliable_context=1.071109 sequence=422.760597
[onpolicy-r21/subckt_0292] [plan] step=197 node=__aig_and_20364 type=observe q_typed_reliable_context=0.916749 sequence=423.677346
[onpolicy-r21/subckt_0292] [plan] step=198 node=__buf_split_11955 type=observe q_typed_reliable_context=0.819306 sequence=424.496652
[onpolicy-r21/subckt_0292] [plan] step=199 node=__aig_not_72 type=observe q_typed_reliable_context=0.648820 sequence=425.145472
[onpolicy-r21/subckt_0292] [plan] step=200 node=__buf_split_12543 type=observe q_typed_reliable_context=1.107341 sequence=426.252813
[onpolicy-r21/subckt_0292] [plan] step=201 node=__buf_split_19995 type=observe q_typed_reliable_context=0.894296 sequence=427.147109
[onpolicy-r21/subckt_0292] [plan] step=202 node=__buf_split_12554 type=observe q_typed_reliable_context=0.970769 sequence=428.117878
[onpolicy-r21/subckt_0292] [plan] step=203 node=__aig_not_20425 type=control0 q_typed_reliable_context=0.785889 sequence=428.903767
[onpolicy-r21/subckt_0292] [plan] step=204 node=__aig_not_20331 type=control0 q_typed_reliable_context=0.941766 sequence=429.845533
[onpolicy-r21/subckt_0292] [plan] step=205 node=new_n9324 type=observe q_typed_reliable_context=0.984503 sequence=430.830036
[onpolicy-r21/subckt_0292] [plan] step=206 node=__aig_not_34321 type=control0 q_typed_reliable_context=1.265381 sequence=432.095417
[onpolicy-r21/subckt_0292] [plan] step=207 node=__buf_split_19190 type=observe q_typed_reliable_context=1.085221 sequence=433.180638
[onpolicy-r21/subckt_0292] [plan] step=208 node=__aig_not_34299 type=control0 q_typed_reliable_context=1.121434 sequence=434.302072
[onpolicy-r21/subckt_0292] [plan] step=209 node=__buf_split_19188 type=control1 q_typed_reliable_context=0.952165 sequence=435.254237
[onpolicy-r21/subckt_0292] [plan] step=210 node=__aig_and_19340 type=observe q_typed_reliable_context=0.769874 sequence=436.024111
[onpolicy-r21/subckt_0292] [plan] step=211 node=__aig_not_32911 type=control0 q_typed_reliable_context=1.371788 sequence=437.395899
[onpolicy-r21/subckt_0292] [plan] step=212 node=__aig_not_31527 type=control0 q_typed_reliable_context=1.477543 sequence=438.873442
[onpolicy-r21/subckt_0292] [plan] step=213 node=__aig_not_31533 type=control0 q_typed_reliable_context=0.926140 sequence=439.799582
[onpolicy-r21/subckt_0292] [plan] step=214 node=__aig_not_32914 type=observe q_typed_reliable_context=1.055277 sequence=440.854859
[onpolicy-r21/subckt_0292] [plan] step=215 node=__aig_not_30172 type=observe q_typed_reliable_context=0.931570 sequence=441.786430
[onpolicy-r21/subckt_0292] [plan] step=216 node=__aig_and_30174 type=control0 q_typed_reliable_context=1.718186 sequence=443.504616
[onpolicy-r21/subckt_0292] [plan] step=217 node=__buf_split_9 type=observe q_typed_reliable_context=1.442501 sequence=444.947117
[onpolicy-r21/subckt_0292] [plan] step=218 node=__aig_not_31541 type=control0 q_typed_reliable_context=1.607041 sequence=446.554158
[onpolicy-r21/subckt_0292] [plan] step=219 node=__aig_not_32919 type=observe q_typed_reliable_context=1.119172 sequence=447.673330
[onpolicy-r21/subckt_0292] [plan] step=220 node=__buf_split_18404 type=observe q_typed_reliable_context=0.960807 sequence=448.634137
[onpolicy-r21/subckt_0292] [plan] step=221 node=__aig_and_20372 type=control1 q_typed_reliable_context=0.898328 sequence=449.532465
[onpolicy-r21/subckt_0292] [plan] step=222 node=new_n13630 type=observe q_typed_reliable_context=1.075736 sequence=450.608201
[onpolicy-r21/subckt_0292] [plan] step=223 node=new_n13646 type=observe q_typed_reliable_context=1.317175 sequence=451.925376
[onpolicy-r21/subckt_0292] [plan] step=224 node=__buf_split_44 type=observe q_typed_reliable_context=1.168619 sequence=453.093995
[onpolicy-r21/subckt_0292] [plan] step=225 node=new_n8404 type=observe q_typed_reliable_context=1.404490 sequence=454.498486
[onpolicy-r21/subckt_0292] [plan] step=226 node=__buf_split_6 type=observe q_typed_reliable_context=1.479056 sequence=455.977542
[onpolicy-r21/subckt_0292] [plan] step=227 node=__buf_split_17624 type=observe q_typed_reliable_context=1.221918 sequence=457.199460
[onpolicy-r21/subckt_0292] [plan] step=228 node=new_n9311 type=observe q_typed_reliable_context=1.223870 sequence=458.423329
[onpolicy-r21/subckt_0292] [plan] step=229 node=new_n13074 type=observe q_typed_reliable_context=1.160689 sequence=459.584018
[onpolicy-r21/subckt_0292] [plan] step=230 node=__buf_split_12537 type=observe q_typed_reliable_context=1.072692 sequence=460.656711
[onpolicy-r21/subckt_0292] [plan] step=231 node=__buf_split_12545 type=control1 q_typed_reliable_context=1.020372 sequence=461.677083
[onpolicy-r21/subckt_0292] [plan] step=232 node=__buf_split_18403 type=observe q_typed_reliable_context=0.941822 sequence=462.618905
[onpolicy-r21/subckt_0292] [plan] step=233 node=__buf_split_12 type=observe q_typed_reliable_context=1.056697 sequence=463.675602
[onpolicy-r21/subckt_0292] [plan] step=234 node=__buf_split_11 type=observe q_typed_reliable_context=1.064555 sequence=464.740157
[onpolicy-r21/subckt_0292] [plan] step=235 node=__buf_split_12542 type=observe q_typed_reliable_context=1.107956 sequence=465.848113
[onpolicy-r21/subckt_0292] [plan] step=236 node=__aig_and_20361 type=control1 q_typed_reliable_context=0.915700 sequence=466.763812
[onpolicy-r21/subckt_0292] [plan] step=237 node=__aig_and_21430 type=control1 q_typed_reliable_context=1.202282 sequence=467.966095
[onpolicy-r21/subckt_0292] [plan] step=238 node=new_n14200 type=observe q_typed_reliable_context=1.129551 sequence=469.095646
[onpolicy-r21/subckt_0292] [plan] step=239 node=__buf_split_12513 type=observe q_typed_reliable_context=0.891257 sequence=469.986903
[onpolicy-r21/subckt_0292] [plan] step=240 node=__aig_not_19328 type=observe q_typed_reliable_context=1.029509 sequence=471.016412
[onpolicy-r21/subckt_0292] [plan] step=241 node=__aig_not_20347 type=observe q_typed_reliable_context=1.113510 sequence=472.129922
[onpolicy-r21/subckt_0292] [plan] step=242 node=__aig_not_21488 type=control0 q_typed_reliable_context=0.898804 sequence=473.028726
[onpolicy-r21/subckt_0292] [plan] step=243 node=__aig_and_21409 type=control1 q_typed_reliable_context=2.397571 sequence=475.426296
[onpolicy-r21/subckt_0292] [plan] step=244 node=__aig_not_21451 type=control0 q_typed_reliable_context=1.008237 sequence=476.434533
[onpolicy-r21/subckt_0292] [plan] step=245 node=__aig_not_20397 type=control0 q_typed_reliable_context=0.836231 sequence=477.270764
[onpolicy-r21/subckt_0292] [plan] step=246 node=__aig_and_4 type=control1 q_typed_reliable_context=1.069298 sequence=478.340062
[onpolicy-r21/subckt_0292] [plan] step=247 node=__aig_not_19299 type=observe q_typed_reliable_context=0.998976 sequence=479.339038
[onpolicy-r21/subckt_0292] [plan] step=248 node=__aig_and_20432 type=control1 q_typed_reliable_context=0.900659 sequence=480.239697
[onpolicy-r21/subckt_0292] [plan] step=249 node=__aig_not_21435 type=observe q_typed_reliable_context=1.076212 sequence=481.315909
[onpolicy-r21/subckt_0292] [plan] step=250 node=new_n14204 type=observe q_typed_reliable_context=0.929914 sequence=482.245823
[onpolicy-r21/subckt_0292] [plan] step=251 node=__aig_and_21518 type=observe q_typed_reliable_context=0.888707 sequence=483.134530
[onpolicy-r21/subckt_0292] [plan] step=252 node=new_n9345 type=observe q_typed_reliable_context=1.005934 sequence=484.140464
[onpolicy-r21/subckt_0292] [plan] step=253 node=__aig_not_21461 type=control0 q_typed_reliable_context=1.002154 sequence=485.142618
[onpolicy-r21/subckt_0292] [plan] step=254 node=__aig_not_32909 type=control0 q_typed_reliable_context=1.004131 sequence=486.146749
[onpolicy-r21/subckt_0292] [plan] step=255 node=__aig_not_32901 type=control0 q_typed_reliable_context=0.909139 sequence=487.055887
[onpolicy-r21/subckt_0292] [plan] step=256 node=__aig_and_5 type=control1 q_typed_reliable_context=0.928678 sequence=487.984566
[onpolicy-r21/subckt_0292] [plan] step=257 node=__aig_not_34312 type=control0 q_typed_reliable_context=0.971144 sequence=488.955710
[onpolicy-r21/subckt_0292] [plan] step=258 node=new_n9321 type=observe q_typed_reliable_context=0.839196 sequence=489.794906
[onpolicy-r21/subckt_0292] [plan] step=259 node=__buf_split_11961 type=observe q_typed_reliable_context=0.834344 sequence=490.629250
[onpolicy-r21/subckt_0292] [plan] step=260 node=__aig_and_20391 type=observe q_typed_reliable_context=1.579708 sequence=492.208958
[onpolicy-r21/subckt_0292] [plan] step=261 node=__aig_not_31543 type=control0 q_typed_reliable_context=1.122151 sequence=493.331109
[onpolicy-r21/subckt_0292] [plan] step=262 node=__aig_and_20338 type=observe q_typed_reliable_context=0.974771 sequence=494.305880
[onpolicy-r21/subckt_0292] [plan] step=263 node=__aig_and_20318 type=observe q_typed_reliable_context=1.032254 sequence=495.338134
[onpolicy-r21/subckt_0292] [plan] step=264 node=__aig_and_20374 type=observe q_typed_reliable_context=1.002161 sequence=496.340295
[onpolicy-r21/subckt_0292] [plan] step=265 node=__aig_and_20394 type=observe q_typed_reliable_context=1.248531 sequence=497.588825
[onpolicy-r21/subckt_0292] [plan] step=266 node=__aig_and_20348 type=observe q_typed_reliable_context=1.155186 sequence=498.744011
[onpolicy-r21/subckt_0292] [plan] step=267 node=__aig_and_20381 type=observe q_typed_reliable_context=1.657424 sequence=500.401435
[onpolicy-r21/subckt_0292] [plan] step=268 node=__aig_and_21502 type=observe q_typed_reliable_context=0.988750 sequence=501.390185
[onpolicy-r21/subckt_0292] [plan] step=269 node=__buf_split_11944 type=observe q_typed_reliable_context=1.022761 sequence=502.412946
[onpolicy-r21/subckt_0292] [plan] step=270 node=__buf_split_11945 type=observe q_typed_reliable_context=0.997649 sequence=503.410595
[onpolicy-r21/subckt_0292] [plan] step=271 node=__aig_and_21436 type=observe q_typed_reliable_context=1.131818 sequence=504.542413
[onpolicy-r21/subckt_0292] [plan] step=272 node=__buf_split_11908 type=observe q_typed_reliable_context=1.066165 sequence=505.608578
[onpolicy-r21/subckt_0292] [plan] step=273 node=__aig_not_20363 type=observe q_typed_reliable_context=1.091500 sequence=506.700079
[onpolicy-r21/subckt_0292] [plan] step=274 node=__buf_split_11926 type=observe q_typed_reliable_context=0.959600 sequence=507.659679
[onpolicy-r21/subckt_0292] [plan] step=275 node=new_n8850 type=observe q_typed_reliable_context=1.371304 sequence=509.030983
[onpolicy-r21/subckt_0292] [plan] step=276 node=__buf_split_11927 type=observe q_typed_reliable_context=1.133306 sequence=510.164289
[onpolicy-r21/subckt_0292] [plan] step=277 node=__aig_and_20355 type=observe q_typed_reliable_context=1.495244 sequence=511.659533
[onpolicy-r21/subckt_0292] [plan] step=278 node=__aig_not_20317 type=observe q_typed_reliable_context=1.126072 sequence=512.785605
[onpolicy-r21/subckt_0292] [plan] step=279 node=new_n8841 type=observe q_typed_reliable_context=1.100485 sequence=513.886090
[onpolicy-r21/subckt_0292] [plan] step=280 node=__aig_not_20315 type=observe q_typed_reliable_context=1.078948 sequence=514.965038
[onpolicy-r21/subckt_0292] [plan] step=281 node=__aig_not_20314 type=observe q_typed_reliable_context=0.913132 sequence=515.878171
[onpolicy-r21/subckt_0292] [plan] step=282 node=__buf_split_11913 type=observe q_typed_reliable_context=0.956566 sequence=516.834736
[onpolicy-r21/subckt_0292] [plan] step=283 node=__aig_not_20337 type=observe q_typed_reliable_context=0.912322 sequence=517.747058
[onpolicy-r21/subckt_0292] [plan] step=284 node=__buf_split_11911 type=observe q_typed_reliable_context=0.978796 sequence=518.725854
[onpolicy-r21/subckt_0292] [plan] step=285 node=__buf_split_11934 type=observe q_typed_reliable_context=0.972190 sequence=519.698044
[onpolicy-r21/subckt_0292] [plan] step=286 node=__buf_split_45 type=observe q_typed_reliable_context=0.878254 sequence=520.576298
[onpolicy-r21/subckt_0292] [plan] step=287 node=new_n8869 type=observe q_typed_reliable_context=0.902484 sequence=521.478782
[onpolicy-r21/subckt_0292] [plan] step=288 node=__aig_not_20340 type=observe q_typed_reliable_context=0.991089 sequence=522.469871
[onpolicy-r21/subckt_0292] [plan] step=289 node=__buf_split_11933 type=observe q_typed_reliable_context=0.922001 sequence=523.391872
[onpolicy-r21/subckt_0292] [plan] step=290 node=__aig_and_20351 type=observe q_typed_reliable_context=0.916502 sequence=524.308375
[onpolicy-r21/subckt_0292] [plan] step=291 node=new_n8866 type=observe q_typed_reliable_context=0.971544 sequence=525.279919
[onpolicy-r21/subckt_0292] [plan] step=292 node=__aig_not_20373 type=observe q_typed_reliable_context=0.922794 sequence=526.202712
[onpolicy-r21/subckt_0292] [plan] step=293 node=__aig_not_19375 type=observe q_typed_reliable_context=0.913605 sequence=527.116318
[onpolicy-r21/subckt_0292] [plan] step=294 node=__aig_not_20375 type=observe q_typed_reliable_context=0.807215 sequence=527.923533
[onpolicy-r21/subckt_0292] [plan] step=295 node=__buf_split_11937 type=observe q_typed_reliable_context=0.905025 sequence=528.828558
[onpolicy-r21/subckt_0292] [plan] step=296 node=__aig_and_21408 type=observe q_typed_reliable_context=1.115124 sequence=529.943682
[onpolicy-r21/subckt_0292] [plan] step=297 node=__buf_split_11936 type=observe q_typed_reliable_context=0.986949 sequence=530.930631
[onpolicy-r21/subckt_0292] [plan] step=298 node=__aig_not_20379 type=observe q_typed_reliable_context=0.920319 sequence=531.850950
[onpolicy-r21/subckt_0292] [plan] step=299 node=__aig_not_20392 type=observe q_typed_reliable_context=0.873843 sequence=532.724793
[onpolicy-r21/subckt_0292] [plan] step=300 node=new_n13616 type=observe q_typed_reliable_context=0.873093 sequence=533.597885
[onpolicy-r21/subckt_0292] [plan] step=301 node=__aig_not_20378 type=observe q_typed_reliable_context=0.951098 sequence=534.548984
[onpolicy-r21/subckt_0292] [plan] step=302 node=__aig_not_20393 type=observe q_typed_reliable_context=0.870353 sequence=535.419337
[onpolicy-r21/subckt_0292] [plan] step=303 node=new_n8867 type=observe q_typed_reliable_context=0.924743 sequence=536.344080
[onpolicy-r21/subckt_0292] [plan] step=304 node=__aig_and_32913 type=control1 q_typed_reliable_context=0.901674 sequence=537.245754
[onpolicy-r21/subckt_0292] [plan] step=305 node=__aig_and_21427 type=control1 q_typed_reliable_context=1.004609 sequence=538.250363
[onpolicy-r21/subckt_0292] [plan] step=306 node=__buf_split_12546 type=observe q_typed_reliable_context=0.858405 sequence=539.108769
[onpolicy-r21/subckt_0292] [plan] step=307 node=__buf_split_12566 type=observe q_typed_reliable_context=0.866585 sequence=539.975354
[onpolicy-r21/subckt_0292] [plan] step=308 node=__buf_split_11925 type=observe q_typed_reliable_context=0.895584 sequence=540.870938
[onpolicy-r21/subckt_0292] [plan] step=309 node=__aig_not_20362 type=observe q_typed_reliable_context=1.027942 sequence=541.898880
[onpolicy-r21/subckt_0292] [plan] step=310 node=__aig_not_21433 type=observe q_typed_reliable_context=0.937440 sequence=542.836321
[onpolicy-r21/subckt_0292] [plan] step=311 node=new_n8852 type=observe q_typed_reliable_context=0.774226 sequence=543.610546
[onpolicy-r21/subckt_0292] [plan] step=312 node=__aig_not_20339 type=observe q_typed_reliable_context=0.881145 sequence=544.491691
[onpolicy-r21/subckt_0292] [plan] step=313 node=new_n8858 type=observe q_typed_reliable_context=1.030122 sequence=545.521814
[onpolicy-r21/subckt_0292] [plan] step=314 node=new_n9319 type=observe q_typed_reliable_context=1.013072 sequence=546.534885
[onpolicy-r21/subckt_0292] [plan] step=315 node=__buf_split_11912 type=observe q_typed_reliable_context=0.980880 sequence=547.515766
[onpolicy-r21/subckt_0292] [plan] step=316 node=__buf_split_12547 type=observe q_typed_reliable_context=0.948100 sequence=548.463866
[onpolicy-r21/subckt_0292] [plan] step=317 node=__aig_and_20323 type=control1 q_typed_reliable_context=0.875869 sequence=549.339735
[onpolicy-r21/subckt_0292] [plan] step=318 node=new_n9322 type=observe q_typed_reliable_context=0.994151 sequence=550.333886
[onpolicy-r21/subckt_0292] [plan] step=319 node=__aig_not_21439 type=observe q_typed_reliable_context=1.003011 sequence=551.336897
[onpolicy-r21/subckt_0292] [plan] step=320 node=__buf_split_12551 type=observe q_typed_reliable_context=1.094929 sequence=552.431826
[onpolicy-r21/subckt_0292] [plan] step=321 node=__aig_and_23 type=control1 q_typed_reliable_context=1.367877 sequence=553.799702
[onpolicy-r21/subckt_0292] [plan] step=322 node=__buf_split_12565 type=observe q_typed_reliable_context=1.225909 sequence=555.025611
[onpolicy-r21/subckt_0292] [plan] step=323 node=__buf_split_11914 type=observe q_typed_reliable_context=1.050225 sequence=556.075837
[onpolicy-r21/subckt_0292] [plan] step=324 node=__aig_not_20342 type=observe q_typed_reliable_context=1.079810 sequence=557.155647
[onpolicy-r21/subckt_0292] [plan] step=325 node=__aig_not_21464 type=observe q_typed_reliable_context=1.162503 sequence=558.318150
[onpolicy-r21/subckt_0292] [plan] step=326 node=__buf_split_12548 type=observe q_typed_reliable_context=0.980837 sequence=559.298987
[onpolicy-r21/subckt_0292] [plan] step=327 node=__aig_not_21500 type=observe q_typed_reliable_context=0.888686 sequence=560.187674
[onpolicy-r21/subckt_0292] [plan] step=328 node=__buf_split_11915 type=observe q_typed_reliable_context=1.022082 sequence=561.209756
[onpolicy-r21/subckt_0292] [plan] step=329 node=__aig_not_21438 type=observe q_typed_reliable_context=0.966598 sequence=562.176353
[onpolicy-r21/subckt_0292] [plan] step=330 node=__buf_split_12550 type=observe q_typed_reliable_context=1.008792 sequence=563.185146
[onpolicy-r21/subckt_0292] [plan] step=331 node=__aig_not_20343 type=observe q_typed_reliable_context=1.049371 sequence=564.234517
[onpolicy-r21/subckt_0292] [plan] step=332 node=__buf_split_11918 type=observe q_typed_reliable_context=0.946673 sequence=565.181190
[onpolicy-r21/subckt_0292] [plan] step=333 node=new_n8855 type=observe q_typed_reliable_context=1.236001 sequence=566.417192
[onpolicy-r21/subckt_0292] [plan] step=334 node=__buf_split_11919 type=observe q_typed_reliable_context=1.181112 sequence=567.598304
[onpolicy-r21/subckt_0292] [plan] step=335 node=__aig_not_20349 type=observe q_typed_reliable_context=1.470412 sequence=569.068716
[onpolicy-r21/subckt_0292] [plan] step=336 node=__aig_and_20390 type=control1 q_typed_reliable_context=1.805018 sequence=570.873735
[onpolicy-r21/subckt_0292] [plan] step=337 node=new_n8856 type=observe q_typed_reliable_context=1.723178 sequence=572.596913
[onpolicy-r21/subckt_0292] [plan] step=338 node=new_n8853 type=observe q_typed_reliable_context=1.281719 sequence=573.878632
[onpolicy-r21/subckt_0292] [plan] step=339 node=__aig_and_31509 type=control1 q_typed_reliable_context=1.255284 sequence=575.133916
[onpolicy-r21/subckt_0292] [plan] step=340 node=new_n9320 type=observe q_typed_reliable_context=1.354641 sequence=576.488558
[onpolicy-r21/subckt_0292] [plan] step=341 node=__aig_not_21503 type=observe q_typed_reliable_context=1.342107 sequence=577.830664
[onpolicy-r21/subckt_0292] [plan] step=342 node=new_n8870 type=observe q_typed_reliable_context=1.345776 sequence=579.176440
[onpolicy-r21/subckt_0292] [plan] step=343 node=__buf_split_11938 type=observe q_typed_reliable_context=1.511137 sequence=580.687578
[onpolicy-r21/subckt_0292] [plan] step=344 node=new_n8859 type=observe q_typed_reliable_context=1.437461 sequence=582.125039
[onpolicy-r21/subckt_0292] [plan] step=345 node=__aig_not_20357 type=observe q_typed_reliable_context=1.950367 sequence=584.075406
[onpolicy-r21/subckt_0292] [plan] step=346 node=__aig_and_20330 type=observe q_typed_reliable_context=1.836036 sequence=585.911442
[onpolicy-r21/subckt_0292] [plan] step=347 node=__buf_split_11923 type=observe q_typed_reliable_context=1.179126 sequence=587.090568
[onpolicy-r21/subckt_0292] [plan] step=348 node=new_n8843 type=observe q_typed_reliable_context=1.230290 sequence=588.320859
[onpolicy-r21/subckt_0292] [plan] step=349 node=__aig_not_20321 type=observe q_typed_reliable_context=1.119326 sequence=589.440184
[onpolicy-r21/subckt_0292] [plan] step=350 node=new_n8857 type=observe q_typed_reliable_context=1.310404 sequence=590.750588
[onpolicy-r21/subckt_0292] [plan] step=351 node=new_n8844 type=observe q_typed_reliable_context=1.984415 sequence=592.735003
[onpolicy-r21/subckt_0292] [plan] step=352 node=new_n8860 type=observe q_typed_reliable_context=1.818662 sequence=594.553666
[onpolicy-r21/subckt_0292] [plan] step=353 node=__buf_split_11920 type=observe q_typed_reliable_context=1.712638 sequence=596.266304
[onpolicy-r21/subckt_0292] [plan] step=354 node=__aig_not_20360 type=observe q_typed_reliable_context=1.882638 sequence=598.148941
[onpolicy-r21/subckt_0292] [plan] step=355 node=__buf_split_11924 type=observe q_typed_reliable_context=1.110479 sequence=599.259421
[onpolicy-r21/subckt_0292] [plan] step=356 node=__aig_and_31523 type=control1 q_typed_reliable_context=2.390134 sequence=601.649555
[onpolicy-r21/subckt_0292] [plan] step=357 node=__aig_not_31525 type=control0 q_typed_reliable_context=1.725586 sequence=603.375141
[onpolicy-r21/subckt_0292] [plan] step=358 node=__aig_not_21403 type=control0 q_typed_reliable_context=1.509198 sequence=604.884339
[onpolicy-r21/subckt_0292] [plan] step=359 node=__aig_and_20358 type=observe q_typed_reliable_context=1.956570 sequence=606.840908
[onpolicy-r21/subckt_0292] [plan] step=360 node=__aig_and_19303 type=control0 q_typed_reliable_context=2.675687 sequence=609.516595
[onpolicy-r21/subckt_0292] [plan] step=361 node=__aig_not_20382 type=observe q_typed_reliable_context=1.839782 sequence=611.356377
[onpolicy-r21/subckt_0292] [plan] step=362 node=new_n14822 type=control0 q_typed_reliable_context=1.471147 sequence=612.827524
[onpolicy-r21/subckt_0292] [plan] step=363 node=__aig_not_30223 type=control0 q_typed_reliable_context=1.219528 sequence=614.047052
[onpolicy-r21/subckt_0292] [plan] step=364 node=__aig_not_32918 type=control0 q_typed_reliable_context=1.619691 sequence=615.666743
[onpolicy-r21/subckt_0292] [plan] step=365 node=__aig_not_32904 type=control0 q_typed_reliable_context=1.324533 sequence=616.991276
[onpolicy-r21/subckt_0292] [plan] step=366 node=__aig_not_19346 type=control0 q_typed_reliable_context=1.771949 sequence=618.763224
[onpolicy-r21/subckt_0292] [plan] step=367 node=__aig_and_31486 type=observe q_typed_reliable_context=1.967890 sequence=620.731114
[onpolicy-r21/subckt_0292] [plan] step=368 node=new_n13050 type=observe q_typed_reliable_context=1.315886 sequence=622.047000
[onpolicy-r21/subckt_0292] [plan] step=369 node=__buf_split_17604 type=observe q_typed_reliable_context=1.406204 sequence=623.453204
[onpolicy-r21/subckt_0292] [plan] step=370 node=__aig_not_30167 type=observe q_typed_reliable_context=1.602116 sequence=625.055320
[onpolicy-r21/subckt_0292] [plan] step=371 node=__aig_not_21501 type=observe q_typed_reliable_context=1.347036 sequence=626.402356
[onpolicy-r21/subckt_0292] [plan] step=372 node=new_n13619 type=observe q_typed_reliable_context=1.255885 sequence=627.658241
[onpolicy-r21/subckt_0292] [plan] step=373 node=__aig_not_21425 type=observe q_typed_reliable_context=1.579409 sequence=629.237650
[onpolicy-r21/subckt_0292] [plan] step=374 node=__buf_split_11953 type=observe q_typed_reliable_context=1.646458 sequence=630.884108
[onpolicy-r21/subckt_0292] [plan] step=375 node=__buf_split_11904 type=observe q_typed_reliable_context=1.368394 sequence=632.252503
[onpolicy-r21/subckt_0292] [plan] step=376 node=__buf_split_17592 type=observe q_typed_reliable_context=1.851410 sequence=634.103913
[onpolicy-r21/subckt_0292] [plan] step=377 node=__aig_not_30145 type=observe q_typed_reliable_context=1.984095 sequence=636.088008
[onpolicy-r21/subckt_0292] [plan] step=378 node=__aig_not_30147 type=observe q_typed_reliable_context=1.806712 sequence=637.894721
[onpolicy-r21/subckt_0292] [plan] step=379 node=__aig_and_30148 type=control1 q_typed_reliable_context=2.879196 sequence=640.773917
[onpolicy-r21/subckt_0292] [plan] step=380 node=__aig_and_20407 type=observe q_typed_reliable_context=1.237691 sequence=642.011608
[onpolicy-r21/subckt_0292] [plan] step=381 node=__aig_and_32889 type=control1 q_typed_reliable_context=2.797152 sequence=644.808760
[onpolicy-r21/subckt_0292] [plan] step=382 node=__aig_and_32864 type=control1 q_typed_reliable_context=3.540514 sequence=648.349274
[onpolicy-r21/subckt_0292] [plan] step=383 node=__aig_and_20333 type=observe q_typed_reliable_context=3.209205 sequence=651.558479
[onpolicy-r21/subckt_0292] [plan] step=384 node=__aig_and_32854 type=control1 q_typed_reliable_context=1.853766 sequence=653.412245
[onpolicy-r21/subckt_0292] [plan] step=385 node=__aig_and_34276 type=control1 q_typed_reliable_context=3.258191 sequence=656.670436
[onpolicy-r21/subckt_0292] [plan] step=386 node=__aig_not_20329 type=observe q_typed_reliable_context=1.988645 sequence=658.659081
[onpolicy-r21/subckt_0292] [plan] step=387 node=new_n8847 type=observe q_typed_reliable_context=1.440808 sequence=660.099889
[onpolicy-r21/subckt_0292] [plan] step=388 node=__aig_and_31498 type=observe q_typed_reliable_context=1.353013 sequence=661.452901
[onpolicy-r21/subckt_0292] [plan] step=389 node=__buf_split_11954 type=observe q_typed_reliable_context=1.232081 sequence=662.684982
[onpolicy-r21/subckt_0292] [plan] step=390 node=__aig_not_20328 type=observe q_typed_reliable_context=1.195003 sequence=663.879986
[onpolicy-r21/subckt_0292] [plan] step=391 node=__buf_split_19172 type=observe q_typed_reliable_context=1.176553 sequence=665.056539
[onpolicy-r21/subckt_0292] [plan] step=392 node=new_n8845 type=observe q_typed_reliable_context=1.009498 sequence=666.066037
[onpolicy-r21/subckt_0292] [plan] step=393 node=__aig_and_19374 type=control1 q_typed_reliable_context=2.511034 sequence=668.577071
[onpolicy-r21/subckt_0292] [plan] step=394 node=new_n8848 type=observe q_typed_reliable_context=1.672332 sequence=670.249404
[onpolicy-r21/subckt_0292] [plan] step=395 node=__buf_split_18362 type=observe q_typed_reliable_context=1.206404 sequence=671.455808
[onpolicy-r21/subckt_0292] [plan] step=396 node=__aig_not_31479 type=observe q_typed_reliable_context=1.508215 sequence=672.964023
[onpolicy-r21/subckt_0292] [plan] step=397 node=__aig_not_32881 type=observe q_typed_reliable_context=1.582200 sequence=674.546223
[onpolicy-r21/subckt_0292] [plan] step=398 node=__aig_and_32884 type=observe q_typed_reliable_context=1.218217 sequence=675.764440
[onpolicy-r21/subckt_0292] [plan] step=399 node=__aig_not_32883 type=observe q_typed_reliable_context=1.200546 sequence=676.964987
[onpolicy-r21/subckt_0292] [plan] step=400 node=new_n13612 type=observe q_typed_reliable_context=1.160760 sequence=678.125747
[onpolicy-r21/subckt_0292] [plan] step=401 node=__aig_and_20418 type=observe q_typed_reliable_context=1.597405 sequence=679.723152
[onpolicy-r21/subckt_0292] [plan] step=402 node=__buf_split_19173 type=observe q_typed_reliable_context=1.251608 sequence=680.974760
[onpolicy-r21/subckt_0292] [plan] step=403 node=__buf_split_18365 type=observe q_typed_reliable_context=1.342317 sequence=682.317077
[onpolicy-r21/subckt_0292] [plan] step=404 node=__buf_split_18377 type=observe q_typed_reliable_context=1.334806 sequence=683.651883
[onpolicy-r21/subckt_0292] [plan] step=405 node=new_n13613 type=observe q_typed_reliable_context=1.328100 sequence=684.979983
[onpolicy-r21/subckt_0292] [plan] step=406 node=__buf_split_12555 type=observe q_typed_reliable_context=1.198066 sequence=686.178049
[onpolicy-r21/subckt_0292] [plan] step=407 node=__aig_not_31483 type=observe q_typed_reliable_context=1.579940 sequence=687.757989
[onpolicy-r21/subckt_0292] [plan] step=408 node=__aig_not_31485 type=observe q_typed_reliable_context=1.783956 sequence=689.541945
[onpolicy-r21/subckt_0292] [plan] step=409 node=__buf_split_18379 type=observe q_typed_reliable_context=1.304550 sequence=690.846495
[onpolicy-r21/subckt_0292] [plan] step=410 node=new_n9316 type=observe q_typed_reliable_context=1.313597 sequence=692.160092
[onpolicy-r21/subckt_0292] [plan] step=411 node=__buf_split_12556 type=observe q_typed_reliable_context=1.311379 sequence=693.471471
[onpolicy-r21/subckt_0292] [plan] step=412 node=new_n13634 type=observe q_typed_reliable_context=1.573468 sequence=695.044939
[onpolicy-r21/subckt_0292] [plan] step=413 node=__aig_not_31505 type=observe q_typed_reliable_context=1.187211 sequence=696.232150
[onpolicy-r21/subckt_0292] [plan] step=414 node=new_n8881 type=observe q_typed_reliable_context=1.198059 sequence=697.430208
[onpolicy-r21/subckt_0292] [plan] step=415 node=__aig_not_31508 type=observe q_typed_reliable_context=1.312395 sequence=698.742604
[onpolicy-r21/subckt_0292] [plan] step=416 node=__buf_split_19163 type=observe q_typed_reliable_context=1.249736 sequence=699.992340
[onpolicy-r21/subckt_0292] [plan] step=417 node=new_n14211 type=observe q_typed_reliable_context=1.370258 sequence=701.362597
[onpolicy-r21/subckt_0292] [plan] step=418 node=__aig_and_31518 type=observe q_typed_reliable_context=1.223707 sequence=702.586305
[onpolicy-r21/subckt_0292] [plan] step=419 node=new_n214 type=observe q_typed_reliable_context=1.227342 sequence=703.813647
[onpolicy-r21/subckt_0292] [plan] step=420 node=new_n13051 type=observe q_typed_reliable_context=1.250698 sequence=705.064345
[onpolicy-r21/subckt_0292] [plan] step=421 node=new_n8849 type=observe q_typed_reliable_context=1.350608 sequence=706.414953
[onpolicy-r21/subckt_0292] [plan] step=422 node=new_n13623 type=observe q_typed_reliable_context=1.187110 sequence=707.602064
[onpolicy-r21/subckt_0292] [plan] step=423 node=__buf_split_19177 type=observe q_typed_reliable_context=1.534754 sequence=709.136818
[onpolicy-r21/subckt_0292] [plan] step=424 node=__buf_split_18392 type=observe q_typed_reliable_context=1.289847 sequence=710.426665
[onpolicy-r21/subckt_0292] [plan] step=425 node=__aig_not_31531 type=observe q_typed_reliable_context=1.876773 sequence=712.303438
[onpolicy-r21/subckt_0292] [plan] step=426 node=new_n13624 type=observe q_typed_reliable_context=1.316627 sequence=713.620065
[onpolicy-r21/subckt_0292] [plan] step=427 node=__aig_not_32887 type=observe q_typed_reliable_context=1.682288 sequence=715.302353
[onpolicy-r21/subckt_0292] [plan] step=428 node=new_n14214 type=observe q_typed_reliable_context=1.640490 sequence=716.942843
[onpolicy-r21/subckt_0292] [plan] step=429 node=__aig_not_32886 type=observe q_typed_reliable_context=1.278595 sequence=718.221439
[onpolicy-r21/subckt_0292] [plan] step=430 node=__aig_not_21448 type=observe q_typed_reliable_context=1.607790 sequence=719.829228
[onpolicy-r21/subckt_0292] [plan] step=431 node=__buf_split_19176 type=observe q_typed_reliable_context=1.481461 sequence=721.310690
[onpolicy-r21/subckt_0292] [plan] step=432 node=__buf_split_18378 type=observe q_typed_reliable_context=1.349047 sequence=722.659737
[onpolicy-r21/subckt_0292] [plan] step=433 node=__buf_split_11943 type=observe q_typed_reliable_context=1.301718 sequence=723.961455
[onpolicy-r21/subckt_0292] [plan] step=434 node=__aig_not_34303 type=observe q_typed_reliable_context=1.500165 sequence=725.461620
[onpolicy-r21/subckt_0292] [plan] step=435 node=__aig_and_32856 type=observe q_typed_reliable_context=1.351144 sequence=726.812764
[onpolicy-r21/subckt_0292] [plan] step=436 node=__buf_split_18380 type=observe q_typed_reliable_context=1.768773 sequence=728.581537
[onpolicy-r21/subckt_0292] [plan] step=437 node=__aig_not_34305 type=observe q_typed_reliable_context=1.078474 sequence=729.660011
[onpolicy-r21/subckt_0292] [plan] step=438 node=new_n13627 type=observe q_typed_reliable_context=1.458615 sequence=731.118626
[onpolicy-r21/subckt_0292] [plan] step=439 node=__aig_not_31510 type=observe q_typed_reliable_context=1.652911 sequence=732.771537
[onpolicy-r21/subckt_0292] [plan] step=440 node=__aig_and_32917 type=observe q_typed_reliable_context=1.306409 sequence=734.077946
[onpolicy-r21/subckt_0292] [plan] step=441 node=__buf_split_18387 type=observe q_typed_reliable_context=1.374965 sequence=735.452911
[onpolicy-r21/subckt_0292] [plan] step=442 node=__aig_not_21469 type=control0 q_typed_reliable_context=2.061378 sequence=737.514290
[onpolicy-r21/subckt_0292] [plan] step=443 node=__buf_split_12553 type=observe q_typed_reliable_context=1.006041 sequence=738.520330
[onpolicy-r21/subckt_0292] [plan] step=444 node=__aig_and_31501 type=observe q_typed_reliable_context=1.273892 sequence=739.794223
[onpolicy-r21/subckt_0292] [plan] step=445 node=__aig_not_31520 type=observe q_typed_reliable_context=1.656517 sequence=741.450740
[onpolicy-r21/subckt_0292] [plan] step=446 node=__aig_not_31497 type=observe q_typed_reliable_context=1.492733 sequence=742.943473
[onpolicy-r21/subckt_0292] [plan] step=447 node=__buf_split_18383 type=observe q_typed_reliable_context=1.511262 sequence=744.454735
[onpolicy-r21/subckt_0292] [plan] step=448 node=new_n8411 type=control0 q_typed_reliable_context=1.038127 sequence=745.492863
[onpolicy-r21/subckt_0292] [plan] step=449 node=__aig_and_73 type=control1 q_typed_reliable_context=1.310628 sequence=746.803491
[onpolicy-r21/subckt_0292] [plan] step=450 node=__aig_and_30196 type=control1 q_typed_reliable_context=1.627448 sequence=748.430938
[onpolicy-r21/subckt_0292] [plan] step=451 node=new_n13642 type=control1 q_typed_reliable_context=2.121775 sequence=750.552713
[onpolicy-r21/subckt_0292] [plan] step=452 node=new_n13052 type=observe q_typed_reliable_context=1.007181 sequence=751.559894
[onpolicy-r21/subckt_0292] [plan] step=453 node=__aig_not_20417 type=observe q_typed_reliable_context=1.090919 sequence=752.650813
[onpolicy-r21/subckt_0292] [plan] step=454 node=new_n14212 type=observe q_typed_reliable_context=1.138467 sequence=753.789280
[onpolicy-r21/subckt_0292] [plan] step=455 node=__buf_split_11942 type=observe q_typed_reliable_context=1.626550 sequence=755.415830
[onpolicy-r21/subckt_0292] [plan] step=456 node=__aig_not_21442 type=observe q_typed_reliable_context=1.718579 sequence=757.134409
[onpolicy-r21/subckt_0292] [plan] step=457 node=__buf_split_18388 type=observe q_typed_reliable_context=1.191776 sequence=758.326185
[onpolicy-r21/subckt_0292] [plan] step=458 node=new_n8873 type=observe q_typed_reliable_context=1.037080 sequence=759.363265
[onpolicy-r21/subckt_0292] [plan] step=459 node=__aig_not_31515 type=observe q_typed_reliable_context=1.065235 sequence=760.428500
[onpolicy-r21/subckt_0292] [plan] step=460 node=__aig_not_20388 type=observe q_typed_reliable_context=1.154010 sequence=761.582510
[onpolicy-r21/subckt_0292] [plan] step=461 node=__buf_split_18385 type=observe q_typed_reliable_context=1.518644 sequence=763.101154
[onpolicy-r21/subckt_0292] [plan] step=462 node=__aig_not_31521 type=observe q_typed_reliable_context=1.305115 sequence=764.406269
[onpolicy-r21/subckt_0292] [plan] step=463 node=new_n13617 type=observe q_typed_reliable_context=1.172614 sequence=765.578883
[onpolicy-r21/subckt_0292] [plan] step=464 node=new_n8885 type=observe q_typed_reliable_context=1.322724 sequence=766.901607
[onpolicy-r21/subckt_0292] [plan] step=465 node=new_n14223 type=observe q_typed_reliable_context=1.544454 sequence=768.446061
[onpolicy-r21/subckt_0292] [plan] step=466 node=new_n13621 type=observe q_typed_reliable_context=1.601831 sequence=770.047892
[onpolicy-r21/subckt_0292] [plan] step=467 node=__buf_split_18393 type=observe q_typed_reliable_context=1.922325 sequence=771.970217
[onpolicy-r21/subckt_0292] [plan] step=468 node=__buf_split_19192 type=observe q_typed_reliable_context=1.477794 sequence=773.448012
[onpolicy-r21/subckt_0292] [plan] step=469 node=__aig_not_31500 type=observe q_typed_reliable_context=1.179914 sequence=774.627925
[onpolicy-r21/subckt_0292] [plan] step=470 node=__aig_and_31514 type=observe q_typed_reliable_context=1.227952 sequence=775.855877
[onpolicy-r21/subckt_0292] [plan] step=471 node=__aig_not_31517 type=observe q_typed_reliable_context=1.319412 sequence=777.175289
[onpolicy-r21/subckt_0292] [plan] step=472 node=__buf_split_16 type=observe q_typed_reliable_context=1.499218 sequence=778.674507
[onpolicy-r21/subckt_0292] [plan] step=473 node=__buf_split_19193 type=observe q_typed_reliable_context=1.521696 sequence=780.196203
[onpolicy-r21/subckt_0292] [plan] step=474 node=__aig_not_21 type=observe q_typed_reliable_context=1.207471 sequence=781.403674
[onpolicy-r21/subckt_0292] [plan] step=475 node=__buf_split_17606 type=observe q_typed_reliable_context=1.316642 sequence=782.720316
[onpolicy-r21/subckt_0292] [plan] step=476 node=__aig_not_32915 type=observe q_typed_reliable_context=1.203924 sequence=783.924240
[onpolicy-r21/subckt_0292] [plan] step=477 node=new_n13654 type=control1 q_typed_reliable_context=2.124177 sequence=786.048417
[onpolicy-r21/subckt_0292] [plan] step=478 node=__aig_and_30199 type=control1 q_typed_reliable_context=1.260188 sequence=787.308605
[onpolicy-r21/subckt_0292] [plan] step=479 node=new_n14215 type=observe q_typed_reliable_context=1.280744 sequence=788.589350
[onpolicy-r21/subckt_0292] [plan] step=480 node=__buf_split_15 type=observe q_typed_reliable_context=1.018822 sequence=789.608171
[onpolicy-r21/subckt_0292] [plan] step=481 node=__aig_not_21398 type=observe q_typed_reliable_context=1.978304 sequence=791.586475
[onpolicy-r21/subckt_0292] [plan] step=482 node=new_n13062 type=observe q_typed_reliable_context=1.365117 sequence=792.951592
[onpolicy-r21/subckt_0292] [plan] step=483 node=new_n14199 type=observe q_typed_reliable_context=1.428405 sequence=794.379997
[onpolicy-r21/subckt_0292] [plan] step=484 node=__aig_not_21397 type=observe q_typed_reliable_context=1.669219 sequence=796.049216
[onpolicy-r21/subckt_0292] [plan] step=485 node=new_n9304 type=observe q_typed_reliable_context=1.261050 sequence=797.310266
[onpolicy-r21/subckt_0292] [plan] step=486 node=__buf_split_17619 type=observe q_typed_reliable_context=1.387437 sequence=798.697703
[onpolicy-r21/subckt_0292] [plan] step=487 node=__buf_split_17620 type=observe q_typed_reliable_context=1.404405 sequence=800.102108
[onpolicy-r21/subckt_0292] [plan] step=488 node=__buf_split_18381 type=observe q_typed_reliable_context=1.396728 sequence=801.498836
[onpolicy-r21/subckt_0292] [plan] step=489 node=__aig_not_20419 type=observe q_typed_reliable_context=1.468591 sequence=802.967427
[onpolicy-r21/subckt_0292] [plan] step=490 node=__buf_split_12539 type=observe q_typed_reliable_context=1.556940 sequence=804.524367
[onpolicy-r21/subckt_0292] [plan] step=491 node=__buf_split_12540 type=observe q_typed_reliable_context=1.114223 sequence=805.638590
[onpolicy-r21/subckt_0292] [plan] step=492 node=__aig_not_30193 type=observe q_typed_reliable_context=1.079331 sequence=806.717922
[onpolicy-r21/subckt_0292] [plan] step=493 node=__aig_not_30195 type=observe q_typed_reliable_context=1.048501 sequence=807.766422
[onpolicy-r21/subckt_0292] [plan] step=494 node=new_n13628 type=observe q_typed_reliable_context=1.056334 sequence=808.822756
[onpolicy-r21/subckt_0292] [plan] step=495 node=new_n14226 type=observe q_typed_reliable_context=1.074810 sequence=809.897567
[onpolicy-r21/subckt_0292] [plan] step=496 node=__buf_split_19 type=observe q_typed_reliable_context=1.473254 sequence=811.370820
[onpolicy-r21/subckt_0292] [plan] step=497 node=__aig_not_21423 type=observe q_typed_reliable_context=1.294063 sequence=812.664884
[onpolicy-r21/subckt_0292] [plan] step=498 node=__buf_split_19184 type=observe q_typed_reliable_context=1.346250 sequence=814.011134
[onpolicy-r21/subckt_0292] [plan] step=499 node=__aig_and_32900 type=control1 q_typed_reliable_context=1.844438 sequence=815.855572
[onpolicy-r21/subckt_0292] [plan] step=500 node=__aig_and_31560 type=observe q_typed_reliable_context=1.334198 sequence=817.189770
[onpolicy-r21/subckt_0292] [plan] step=501 node=__aig_not_30170 type=observe q_typed_reliable_context=1.183853 sequence=818.373623
[onpolicy-r21/subckt_0292] [plan] step=502 node=new_n13063 type=observe q_typed_reliable_context=1.036563 sequence=819.410186
[onpolicy-r21/subckt_0292] [plan] step=503 node=__buf_split_14 type=observe q_typed_reliable_context=1.227804 sequence=820.637989
[onpolicy-r21/subckt_0292] [plan] step=504 node=__aig_not_32902 type=observe q_typed_reliable_context=0.889396 sequence=821.527385
[onpolicy-r21/subckt_0292] [plan] step=505 node=__buf_split_11956 type=observe q_typed_reliable_context=1.317604 sequence=822.844989
[onpolicy-r21/subckt_0292] [plan] step=506 node=__buf_split_17607 type=observe q_typed_reliable_context=1.149883 sequence=823.994873
[onpolicy-r21/subckt_0292] [plan] step=507 node=__buf_split_17608 type=observe q_typed_reliable_context=1.101567 sequence=825.096440
[onpolicy-r21/subckt_0292] [plan] step=508 node=__aig_not_30173 type=observe q_typed_reliable_context=1.342518 sequence=826.438957
[onpolicy-r21/subckt_0292] [plan] step=509 node=__aig_and_21402 type=observe q_typed_reliable_context=1.067599 sequence=827.506556
[onpolicy-r21/subckt_0292] [plan] step=510 node=__buf_split_19179 type=observe q_typed_reliable_context=1.182562 sequence=828.689118
[onpolicy-r21/subckt_0292] [plan] step=511 node=__buf_split_17 type=observe q_typed_reliable_context=1.573061 sequence=830.262179
[onpolicy-r21/subckt_0292] [plan] step=512 node=__aig_and_20346 type=control0 q_typed_reliable_context=0.981884 sequence=831.244063
[onpolicy-r21/subckt_0292] [plan] step=513 node=new_n8861 type=control0 q_typed_reliable_context=1.101427 sequence=832.345490
[onpolicy-r21/subckt_0292] [plan] step=514 node=__aig_not_21524 type=control0 q_typed_reliable_context=1.749454 sequence=834.094944
[onpolicy-r21/subckt_0292] [plan] step=515 node=new_n13631 type=observe q_typed_reliable_context=1.595443 sequence=835.690387
[onpolicy-r21/subckt_0292] [plan] step=516 node=__aig_not_32862 type=observe q_typed_reliable_context=1.407851 sequence=837.098238
[onpolicy-r21/subckt_0292] [plan] step=517 node=__aig_not_32890 type=observe q_typed_reliable_context=1.383847 sequence=838.482085
[onpolicy-r21/subckt_0292] [plan] step=518 node=new_n13632 type=observe q_typed_reliable_context=1.597018 sequence=840.079103
[onpolicy-r21/subckt_0292] [plan] step=519 node=new_n13633 type=observe q_typed_reliable_context=1.253394 sequence=841.332498
[onpolicy-r21/subckt_0292] [plan] step=520 node=__buf_split_18410 type=control1 q_typed_reliable_context=2.103886 sequence=843.436383
[onpolicy-r21/subckt_0292] [plan] step=521 node=__aig_and_32910 type=observe q_typed_reliable_context=1.211790 sequence=844.648173
[onpolicy-r21/subckt_0292] [plan] step=522 node=new_n13609 type=observe q_typed_reliable_context=1.031575 sequence=845.679748
[onpolicy-r21/subckt_0292] [plan] step=523 node=new_n14227 type=observe q_typed_reliable_context=1.112838 sequence=846.792586
[onpolicy-r21/subckt_0292] [plan] step=524 node=__buf_split_11355 type=observe q_typed_reliable_context=1.016325 sequence=847.808911
[onpolicy-r21/subckt_0292] [plan] step=525 node=__aig_not_31528 type=observe q_typed_reliable_context=1.318359 sequence=849.127270
[onpolicy-r21/subckt_0292] [plan] step=526 node=__buf_split_12527 type=observe q_typed_reliable_context=1.803920 sequence=850.931190
[onpolicy-r21/subckt_0292] [plan] step=527 node=__buf_split_12528 type=observe q_typed_reliable_context=1.896435 sequence=852.827625
[onpolicy-r21/subckt_0292] [plan] step=528 node=__aig_and_20420 type=observe q_typed_reliable_context=1.072466 sequence=853.900091
[onpolicy-r21/subckt_0292] [plan] step=529 node=__aig_not_31499 type=observe q_typed_reliable_context=1.286471 sequence=855.186561
[onpolicy-r21/subckt_0292] [plan] step=530 node=__aig_not_19373 type=observe q_typed_reliable_context=1.390524 sequence=856.577086
[onpolicy-r21/subckt_0292] [plan] step=531 node=__aig_not_21401 type=observe q_typed_reliable_context=1.285807 sequence=857.862892
[onpolicy-r21/subckt_0292] [plan] step=532 node=__buf_split_18408 type=observe q_typed_reliable_context=1.631066 sequence=859.493958
[onpolicy-r21/subckt_0292] [plan] step=533 node=new_n13064 type=observe q_typed_reliable_context=1.300054 sequence=860.794012
[onpolicy-r21/subckt_0292] [plan] step=534 node=new_n13053 type=observe q_typed_reliable_context=1.452394 sequence=862.246406
[onpolicy-r21/subckt_0292] [plan] step=535 node=new_n8851 type=observe q_typed_reliable_context=1.157465 sequence=863.403871
[onpolicy-r21/subckt_0292] [plan] step=536 node=__buf_split_11935 type=observe q_typed_reliable_context=1.248358 sequence=864.652230
[onpolicy-r21/subckt_0292] [plan] step=537 node=__buf_split_18399 type=observe q_typed_reliable_context=0.819889 sequence=865.472119
[onpolicy-r21/subckt_0292] [plan] step=538 node=__aig_not_31549 type=observe q_typed_reliable_context=0.690925 sequence=866.163043
[onpolicy-r21/subckt_0292] [plan] step=539 node=__aig_and_20405 type=control0 q_typed_reliable_context=2.881231 sequence=869.044274
[onpolicy-r21/subckt_0292] [plan] step=540 node=__aig_and_30222 type=observe q_typed_reliable_context=1.401144 sequence=870.445418
[onpolicy-r21/subckt_0292] [plan] step=541 node=new_n8425 type=observe q_typed_reliable_context=1.694539 sequence=872.139957
[onpolicy-r21/subckt_0292] [plan] step=542 node=__aig_not_30175 type=observe q_typed_reliable_context=1.486925 sequence=873.626882
[onpolicy-r21/subckt_0292] [plan] step=543 node=__buf_split_17622 type=observe q_typed_reliable_context=1.471508 sequence=875.098390
[onpolicy-r21/subckt_0292] [plan] step=544 node=new_n13639 type=observe q_typed_reliable_context=1.695925 sequence=876.794315
[onpolicy-r21/subckt_0292] [plan] step=545 node=new_n13042 type=observe q_typed_reliable_context=1.264627 sequence=878.058941
[onpolicy-r21/subckt_0292] [plan] step=546 node=__aig_and_19292 type=observe q_typed_reliable_context=1.246877 sequence=879.305818
[onpolicy-r21/subckt_0292] [plan] step=547 node=__aig_not_19342 type=observe q_typed_reliable_context=1.351779 sequence=880.657597
[onpolicy-r21/subckt_0292] [plan] step=548 node=__buf_split_46 type=observe q_typed_reliable_context=1.613753 sequence=882.271350
[onpolicy-r21/subckt_0292] [plan] step=549 node=__buf_split_18394 type=observe q_typed_reliable_context=0.942733 sequence=883.214083
[onpolicy-r21/subckt_0292] [plan] step=550 node=__aig_not_64 type=observe q_typed_reliable_context=1.327426 sequence=884.541509
[onpolicy-r21/subckt_0292] [plan] step=551 node=__aig_not_65 type=observe q_typed_reliable_context=1.332160 sequence=885.873669
[onpolicy-r21/subckt_0292] [plan] step=552 node=__aig_not_31535 type=observe q_typed_reliable_context=1.322641 sequence=887.196310
[onpolicy-r21/subckt_0292] [plan] step=553 node=__buf_split_11339 type=observe q_typed_reliable_context=1.709917 sequence=888.906227
[onpolicy-r21/subckt_0292] [plan] step=554 node=__aig_and_19308 type=control1 q_typed_reliable_context=3.323064 sequence=892.229291
[onpolicy-r21/subckt_0292] [plan] step=555 node=__aig_and_68 type=observe q_typed_reliable_context=1.597597 sequence=893.826888
[onpolicy-r21/subckt_0292] [plan] step=556 node=__aig_and_69 type=observe q_typed_reliable_context=1.736271 sequence=895.563159
[onpolicy-r21/subckt_0292] [plan] step=557 node=__buf_split_3 type=observe q_typed_reliable_context=1.957404 sequence=897.520563
[onpolicy-r21/subckt_0292] [plan] step=558 node=__buf_split_11338 type=observe q_typed_reliable_context=1.431620 sequence=898.952183
[onpolicy-r21/subckt_0292] [plan] step=559 node=__buf_split_1 type=observe q_typed_reliable_context=1.528683 sequence=900.480866
[onpolicy-r21/subckt_0292] [plan] step=560 node=__buf_split_19185 type=observe q_typed_reliable_context=1.551440 sequence=902.032305
[onpolicy-r21/subckt_0292] [plan] step=561 node=new_n14219 type=observe q_typed_reliable_context=1.403650 sequence=903.435955
[onpolicy-r21/subckt_0292] [plan] step=562 node=__aig_not_19309 type=observe q_typed_reliable_context=1.532227 sequence=904.968182
[onpolicy-r21/subckt_0292] [plan] step=563 node=__aig_not_19310 type=observe q_typed_reliable_context=1.265568 sequence=906.233749
[onpolicy-r21/subckt_0292] [plan] step=564 node=__aig_not_71 type=observe q_typed_reliable_context=1.461886 sequence=907.695635
[onpolicy-r21/subckt_0292] [plan] step=565 node=new_n8407 type=observe q_typed_reliable_context=1.595663 sequence=909.291298
[onpolicy-r21/subckt_0292] [plan] step=566 node=__buf_split_11311 type=observe q_typed_reliable_context=1.686366 sequence=910.977664
[onpolicy-r21/subckt_0292] [plan] step=567 node=__buf_split_17636 type=observe q_typed_reliable_context=1.749074 sequence=912.726737
[onpolicy-r21/subckt_0292] [plan] step=568 node=__buf_split_19195 type=observe q_typed_reliable_context=1.629830 sequence=914.356568
[onpolicy-r21/subckt_0292] [plan] step=569 node=__aig_not_19298 type=observe q_typed_reliable_context=1.827133 sequence=916.183701
[onpolicy-r21/subckt_0292] [plan] step=570 node=__aig_not_21414 type=observe q_typed_reliable_context=1.734133 sequence=917.917834
[onpolicy-r21/subckt_0292] [plan] step=571 node=__aig_and_31529 type=observe q_typed_reliable_context=1.754001 sequence=919.671835
[onpolicy-r21/subckt_0292] [plan] step=572 node=__aig_not_21415 type=observe q_typed_reliable_context=1.096890 sequence=920.768725
[onpolicy-r21/subckt_0292] [plan] step=573 node=__aig_not_31492 type=observe q_typed_reliable_context=1.066451 sequence=921.835177
[onpolicy-r21/subckt_0292] [plan] step=574 node=__buf_split_19997 type=observe q_typed_reliable_context=1.221399 sequence=923.056576
[onpolicy-r21/subckt_0292] [plan] step=575 node=__buf_split_11318 type=observe q_typed_reliable_context=1.819672 sequence=924.876247
[onpolicy-r21/subckt_0292] [plan] step=576 node=__buf_split_47 type=observe q_typed_reliable_context=1.505350 sequence=926.381597
[onpolicy-r21/subckt_0292] [plan] step=577 node=__aig_not_21509 type=control0 q_typed_reliable_context=1.651515 sequence=928.033111
[onpolicy-r21/subckt_0292] [plan] step=578 node=__aig_and_32892 type=observe q_typed_reliable_context=1.129959 sequence=929.163071
[onpolicy-r21/subckt_0292] [plan] step=579 node=__buf_split_7 type=observe q_typed_reliable_context=1.645802 sequence=930.808873
[onpolicy-r21/subckt_0292] [plan] step=580 node=__buf_split_8 type=observe q_typed_reliable_context=1.497677 sequence=932.306550
[onpolicy-r21/subckt_0292] [plan] step=581 node=__aig_not_19273 type=observe q_typed_reliable_context=2.000655 sequence=934.307205
[onpolicy-r21/subckt_0292] [plan] step=582 node=__aig_not_19274 type=observe q_typed_reliable_context=1.466953 sequence=935.774158
[onpolicy-r21/subckt_0292] [plan] step=583 node=__aig_not_19327 type=observe q_typed_reliable_context=1.464773 sequence=937.238931
[onpolicy-r21/subckt_0292] [plan] step=584 node=__aig_not_14 type=observe q_typed_reliable_context=1.240452 sequence=938.479382
[onpolicy-r21/subckt_0292] [plan] step=585 node=__aig_not_21375 type=observe q_typed_reliable_context=0.842333 sequence=939.321716
[onpolicy-r21/subckt_0292] [plan] step=586 node=new_n13614 type=observe q_typed_reliable_context=0.911569 sequence=940.233284
[onpolicy-r21/subckt_0292] [plan] step=587 node=new_n8842 type=observe q_typed_reliable_context=0.881088 sequence=941.114372
[onpolicy-r21/subckt_0292] [plan] step=588 node=__aig_not_21465 type=observe q_typed_reliable_context=1.288966 sequence=942.403339
[onpolicy-r21/subckt_0292] [plan] step=589 node=new_n9340 type=observe q_typed_reliable_context=1.342381 sequence=943.745719
[onpolicy-r21/subckt_0292] [plan] step=590 node=__aig_not_13 type=observe q_typed_reliable_context=1.115344 sequence=944.861063
[onpolicy-r21/subckt_0292] [plan] step=591 node=new_n9339 type=observe q_typed_reliable_context=1.049368 sequence=945.910431
[onpolicy-r21/subckt_0292] [plan] step=592 node=__buf_split_12601 type=observe q_typed_reliable_context=1.198332 sequence=947.108763
[onpolicy-r21/subckt_0292] [plan] step=593 node=__buf_split_12598 type=observe q_typed_reliable_context=1.175159 sequence=948.283922
[onpolicy-r21/subckt_0292] [plan] step=594 node=new_n9341 type=observe q_typed_reliable_context=1.369026 sequence=949.652948
[onpolicy-r21/subckt_0292] [plan] step=595 node=new_n8412 type=observe q_typed_reliable_context=1.118188 sequence=950.771136
[onpolicy-r21/subckt_0292] [plan] step=596 node=__buf_split_17587 type=observe q_typed_reliable_context=1.264709 sequence=952.035845
[onpolicy-r21/subckt_0292] [plan] step=597 node=__aig_not_7 type=control0 q_typed_reliable_context=1.049348 sequence=953.085194
[onpolicy-r21/subckt_0292] [plan] step=598 node=__buf_split_17575 type=observe q_typed_reliable_context=1.528871 sequence=954.614065
[onpolicy-r21/subckt_0292] [plan] step=599 node=__buf_split_18355 type=observe q_typed_reliable_context=1.013533 sequence=955.627597
[onpolicy-r21/subckt_0292] [plan] step=600 node=__aig_not_30137 type=observe q_typed_reliable_context=0.891202 sequence=956.518800
[onpolicy-r21/subckt_0292] [plan] step=601 node=__buf_split_18351 type=observe q_typed_reliable_context=0.996885 sequence=957.515685
[onpolicy-r21/subckt_0292] [plan] step=602 node=__aig_not_30116 type=observe q_typed_reliable_context=0.926396 sequence=958.442081
[onpolicy-r21/subckt_0292] [plan] step=603 node=__aig_not_31464 type=observe q_typed_reliable_context=1.181170 sequence=959.623251
[onpolicy-r21/subckt_0292] [plan] step=604 node=__aig_not_31459 type=observe q_typed_reliable_context=1.101673 sequence=960.724924
[onpolicy-r21/subckt_0292] [plan] step=605 node=__buf_split_11307 type=observe q_typed_reliable_context=0.806672 sequence=961.531596
[onpolicy-r21/subckt_0292] [plan] step=606 node=__buf_split_12596 type=observe q_typed_reliable_context=1.140422 sequence=962.672019
[onpolicy-r21/subckt_0292] [plan] step=607 node=__aig_not_21516 type=observe q_typed_reliable_context=1.416498 sequence=964.088516
[onpolicy-r21/subckt_0292] [plan] step=608 node=__aig_and_21495 type=observe q_typed_reliable_context=1.645539 sequence=965.734056
[onpolicy-r21/subckt_0292] [plan] step=609 node=__aig_not_21523 type=observe q_typed_reliable_context=1.212754 sequence=966.946810
[onpolicy-r21/subckt_0292] [plan] step=610 node=new_n13029 type=observe q_typed_reliable_context=1.070478 sequence=968.017288
[onpolicy-r21/subckt_0292] [plan] step=611 node=__buf_split_49 type=observe q_typed_reliable_context=1.268470 sequence=969.285757
[onpolicy-r21/subckt_0292] [plan] step=612 node=new_n13606 type=observe q_typed_reliable_context=1.138690 sequence=970.424447
[onpolicy-r21/subckt_0292] [plan] step=613 node=__buf_split_48 type=observe q_typed_reliable_context=1.296791 sequence=971.721238
[onpolicy-r21/subckt_0292] [plan] step=614 node=new_n13603 type=observe q_typed_reliable_context=2.136430 sequence=973.857668
[onpolicy-r21/subckt_0292] [plan] step=615 node=__buf_split_5 type=observe q_typed_reliable_context=2.440979 sequence=976.298647
[onpolicy-r21/subckt_0292] [plan] step=616 node=__buf_split_12567 type=observe q_typed_reliable_context=1.354277 sequence=977.652924
[onpolicy-r21/subckt_0292] [plan] step=617 node=__aig_not_30119 type=observe q_typed_reliable_context=1.711297 sequence=979.364222
[onpolicy-r21/subckt_0292] [plan] step=618 node=__buf_split_12549 type=observe q_typed_reliable_context=1.497168 sequence=980.861390
[onpolicy-r21/subckt_0292] [plan] step=619 node=__buf_split_12552 type=observe q_typed_reliable_context=1.618353 sequence=982.479743
[onpolicy-r21/subckt_0292] [plan] step=620 node=__aig_and_31462 type=observe q_typed_reliable_context=1.674077 sequence=984.153820
[onpolicy-r21/subckt_0292] [plan] step=621 node=new_n13038 type=observe q_typed_reliable_context=1.411673 sequence=985.565493
[onpolicy-r21/subckt_0292] [plan] step=622 node=__aig_and_66 type=observe q_typed_reliable_context=1.404219 sequence=986.969713
[onpolicy-r21/subckt_0292] [plan] step=623 node=__aig_and_31467 type=observe q_typed_reliable_context=1.652315 sequence=988.622028
[onpolicy-r21/subckt_0292] [plan] step=624 node=__aig_and_31494 type=observe q_typed_reliable_context=1.689627 sequence=990.311655
[onpolicy-r21/subckt_0292] [plan] step=625 node=new_n13604 type=observe q_typed_reliable_context=1.836409 sequence=992.148064
[onpolicy-r21/subckt_0292] [plan] step=626 node=__aig_and_21480 type=observe q_typed_reliable_context=1.686563 sequence=993.834627
[onpolicy-r21/subckt_0292] [plan] step=627 node=new_n13607 type=observe q_typed_reliable_context=1.518855 sequence=995.353483
[onpolicy-r21/subckt_0292] [plan] step=628 node=__aig_and_30140 type=observe q_typed_reliable_context=1.579309 sequence=996.932792
[onpolicy-r21/subckt_0292] [plan] step=629 node=__buf_split_18367 type=observe q_typed_reliable_context=1.892568 sequence=998.825359
[onpolicy-r21/subckt_0292] [plan] step=630 node=__aig_not_31469 type=observe q_typed_reliable_context=1.509202 sequence=1000.334561
[onpolicy-r21/subckt_0292] [plan] step=631 node=__aig_and_30120 type=observe q_typed_reliable_context=1.484761 sequence=1001.819323
[onpolicy-r21/subckt_0292] [plan] step=632 node=__buf_split_18371 type=observe q_typed_reliable_context=1.825904 sequence=1003.645227
[onpolicy-r21/subckt_0292] [plan] step=633 node=__aig_and_21441 type=observe q_typed_reliable_context=1.525084 sequence=1005.170311
[onpolicy-r21/subckt_0292] [plan] step=634 node=__aig_not_31487 type=observe q_typed_reliable_context=1.626008 sequence=1006.796318
[onpolicy-r21/subckt_0292] [plan] step=635 node=__aig_not_21522 type=observe q_typed_reliable_context=1.513814 sequence=1008.310132
[onpolicy-r21/subckt_0292] [plan] step=636 node=__buf_split_17603 type=observe q_typed_reliable_context=1.367389 sequence=1009.677521
[onpolicy-r21/subckt_0292] [plan] step=637 node=__buf_split_17591 type=observe q_typed_reliable_context=1.600334 sequence=1011.277855
[onpolicy-r21/subckt_0292] [plan] step=638 node=__aig_and_21437 type=observe q_typed_reliable_context=1.645011 sequence=1012.922866
[onpolicy-r21/subckt_0292] [plan] step=639 node=new_n9323 type=observe q_typed_reliable_context=1.673176 sequence=1014.596042
[onpolicy-r21/subckt_0292] [plan] step=640 node=new_n13618 type=observe q_typed_reliable_context=1.551740 sequence=1016.147782
[onpolicy-r21/subckt_0292] [plan] step=641 node=__aig_and_31473 type=observe q_typed_reliable_context=1.652435 sequence=1017.800217
[onpolicy-r21/subckt_0292] [plan] step=642 node=__aig_not_31493 type=observe q_typed_reliable_context=1.781611 sequence=1019.581828
[onpolicy-r21/subckt_0292] [plan] step=643 node=__buf_split_12533 type=observe q_typed_reliable_context=2.199948 sequence=1021.781776
[onpolicy-r21/subckt_0292] [plan] step=644 node=__aig_and_30166 type=observe q_typed_reliable_context=1.610656 sequence=1023.392432
[onpolicy-r21/subckt_0292] [plan] step=645 node=__aig_not_30165 type=observe q_typed_reliable_context=1.661075 sequence=1025.053507
[onpolicy-r21/subckt_0292] [plan] step=646 node=__aig_not_30144 type=observe q_typed_reliable_context=1.683184 sequence=1026.736691
[onpolicy-r21/subckt_0292] [plan] step=647 node=__aig_and_31490 type=observe q_typed_reliable_context=1.764026 sequence=1028.500717
[onpolicy-r21/subckt_0292] [plan] step=648 node=__aig_not_31489 type=observe q_typed_reliable_context=1.775877 sequence=1030.276594
[onpolicy-r21/subckt_0292] [plan] step=649 node=new_n13605 type=observe q_typed_reliable_context=1.398334 sequence=1031.674928
[onpolicy-r21/subckt_0292] [plan] step=650 node=new_n13608 type=observe q_typed_reliable_context=1.432303 sequence=1033.107231
[onpolicy-r21/subckt_0292] [plan] step=651 node=new_n13615 type=observe q_typed_reliable_context=1.567062 sequence=1034.674293
[onpolicy-r21/subckt_0292] [plan] step=652 node=__buf_split_17590 type=observe q_typed_reliable_context=1.522953 sequence=1036.197246
[onpolicy-r21/subckt_0292] [plan] step=653 node=new_n13040 type=observe q_typed_reliable_context=1.344929 sequence=1037.542175
[onpolicy-r21/subckt_0292] [plan] step=654 node=__aig_and_21444 type=observe q_typed_reliable_context=1.705433 sequence=1039.247608
[onpolicy-r21/subckt_0292] [plan] step=655 node=__aig_not_30142 type=observe q_typed_reliable_context=1.691805 sequence=1040.939413
[onpolicy-r21/subckt_0292] [plan] step=656 node=__aig_not_31472 type=observe q_typed_reliable_context=1.556255 sequence=1042.495669
[onpolicy-r21/subckt_0292] [plan] step=657 node=__aig_not_31471 type=observe q_typed_reliable_context=1.444191 sequence=1043.939860
[onpolicy-r21/subckt_0292] [plan] step=658 node=__aig_and_31512 type=observe q_typed_reliable_context=1.136267 sequence=1045.076126
[onpolicy-r21/subckt_0292] [plan] step=659 node=new_n13039 type=observe q_typed_reliable_context=1.201549 sequence=1046.277675
[onpolicy-r21/subckt_0292] [plan] step=660 node=new_n13030 type=observe q_typed_reliable_context=1.152922 sequence=1047.430597
[onpolicy-r21/subckt_0292] [plan] step=661 node=new_n9327 type=control1 q_typed_reliable_context=1.185844 sequence=1048.616440
[onpolicy-r21/subckt_0292] [plan] step=662 node=__aig_and_21526 type=observe q_typed_reliable_context=2.119969 sequence=1050.736409
[onpolicy-r21/subckt_0292] [plan] step=663 node=new_n8409 type=control1 q_typed_reliable_context=0.796129 sequence=1051.532538
[onpolicy-r21/subckt_0292] [plan] step=664 node=new_n8871 type=control1 q_typed_reliable_context=0.726371 sequence=1052.258909
[onpolicy-r21/subckt_0292] [plan] step=665 node=new_n9336 type=control1 q_typed_reliable_context=1.735375 sequence=1053.994284
[onpolicy-r21/subckt_0292] [plan] step=666 node=__aig_and_21487 type=control1 q_typed_reliable_context=1.626547 sequence=1055.620831
[onpolicy-r21/subckt_0292] [plan] step=667 node=asqrt[62] type=control0 q_typed_reliable_context=1.246976 sequence=1056.867807
[onpolicy-r21/subckt_0292] [plan] step=668 node=__aig_and_21458 type=control1 q_typed_reliable_context=1.248208 sequence=1058.116015
[onpolicy-r21/subckt_0292] [plan] step=669 node=__aig_and_21463 type=control1 q_typed_reliable_context=0.668534 sequence=1058.784549
[onpolicy-r21/subckt_0292] [plan] step=670 node=__aig_and_30146 type=observe q_typed_reliable_context=1.144139 sequence=1059.928688
[onpolicy-r21/subckt_0292] [plan] step=671 node=__aig_not_19313 type=control1 q_typed_reliable_context=1.148226 sequence=1061.076914
[onpolicy-r21/subckt_0292] [plan] step=672 node=__aig_not_20345 type=control1 q_typed_reliable_context=0.872016 sequence=1061.948931
[onpolicy-r21/subckt_0292] [plan] step=673 node=new_n9325 type=control0 q_typed_reliable_context=0.787454 sequence=1062.736385
[onpolicy-r21/subckt_0292] [plan] step=674 node=__aig_not_20402 type=control1 q_typed_reliable_context=0.831536 sequence=1063.567921
[onpolicy-r21/subckt_0292] [plan] step=675 node=new_n9335 type=control1 q_typed_reliable_context=0.784320 sequence=1064.352241
[onpolicy-r21/subckt_0292] [plan] step=676 node=__aig_and_21525 type=observe q_typed_reliable_context=0.857377 sequence=1065.209617
[onpolicy-r21/subckt_0292] [plan] step=677 node=new_n8399 type=control1 q_typed_reliable_context=0.931584 sequence=1066.141201
[onpolicy-r21/subckt_0292] [plan] step=678 node=__aig_not_32927 type=control0 q_typed_reliable_context=0.747052 sequence=1066.888253
[onpolicy-r21/subckt_0292] [plan] step=679 node=__aig_not_32899 type=control0 q_typed_reliable_context=0.717262 sequence=1067.605515
[onpolicy-r21/subckt_0292] [plan] step=680 node=__aig_not_30221 type=control0 q_typed_reliable_context=0.712596 sequence=1068.318111
[onpolicy-r21/subckt_0292] [plan] step=681 node=asqrt[27] type=control0 q_typed_reliable_context=0.903545 sequence=1069.221656
[onpolicy-r21/subckt_0292] [plan] step=682 node=__aig_not_20412 type=control0 q_typed_reliable_context=1.026786 sequence=1070.248442
[onpolicy-r21/subckt_0292] [plan] step=683 node=__aig_not_35738 type=control0 q_typed_reliable_context=0.316630 sequence=1070.565073
[onpolicy-r21/subckt_0292] [plan] step=684 node=__aig_not_31571 type=control0 q_typed_reliable_context=0.705941 sequence=1071.271014
[onpolicy-r21/subckt_0292] [plan] step=685 node=__aig_and_27 type=control0 q_typed_reliable_context=1.167826 sequence=1072.438840
[onpolicy-r21/subckt_0292] [plan] step=686 node=new_n8883 type=control0 q_typed_reliable_context=1.280713 sequence=1073.719554
[onpolicy-r21/subckt_0292] [plan] step=687 node=__aig_not_21429 type=control0 q_typed_reliable_context=1.190651 sequence=1074.910204
[onpolicy-r21/subckt_0292] [plan] step=688 node=__aig_not_30249 type=control0 q_typed_reliable_context=0.913356 sequence=1075.823560
[onpolicy-r21/subckt_0292] [plan] step=689 node=__aig_and_21484 type=observe q_typed_reliable_context=0.403269 sequence=1076.226829
[onpolicy-r21/subckt_0292] [plan] step=690 node=new_n8385 type=control0 q_typed_reliable_context=0.699141 sequence=1076.925970
[onpolicy-r21/subckt_0292] [plan] step=691 node=__aig_not_21428 type=control0 q_typed_reliable_context=1.507619 sequence=1078.433589
[onpolicy-r21/subckt_0292] [plan] step=692 node=__aig_and_20411 type=control0 q_typed_reliable_context=0.425828 sequence=1078.859417
[onpolicy-r21/subckt_0292] [plan] step=693 node=__aig_not_24 type=control0 q_typed_reliable_context=1.425854 sequence=1080.285271
[onpolicy-r21/subckt_0292] [plan] step=694 node=__aig_and_19381 type=control0 q_typed_reliable_context=0.583782 sequence=1080.869053
[onpolicy-r21/subckt_0292] [plan] step=695 node=new_n14825 type=control0 q_typed_reliable_context=0.821428 sequence=1081.690481
[onpolicy-r21/subckt_0292] [plan] step=696 node=__aig_not_34315 type=control0 q_typed_reliable_context=0.924455 sequence=1082.614937
[onpolicy-r21/subckt_0292] [plan] step=697 node=new_n14813 type=control0 q_typed_reliable_context=1.054911 sequence=1083.669848
[onpolicy-r21/subckt_0292] [plan] step=698 node=__aig_not_21446 type=control0 q_typed_reliable_context=0.926962 sequence=1084.596810
[onpolicy-r21/subckt_0292] [plan] step=699 node=new_n8432 type=control0 q_typed_reliable_context=0.735608 sequence=1085.332418
[onpolicy-r21/subckt_0292] [plan] step=700 node=new_n14217 type=control0 q_typed_reliable_context=0.772546 sequence=1086.104965
[onpolicy-r21/subckt_0292] [plan] step=701 node=new_n14229 type=control0 q_typed_reliable_context=0.824761 sequence=1086.929726
[onpolicy-r21/subckt_0292] [plan] step=702 node=__aig_not_6 type=control1 q_typed_reliable_context=0.818452 sequence=1087.748178
[onpolicy-r21/subckt_0292] [plan] step=703 node=__aig_not_30228 type=control0 q_typed_reliable_context=0.523883 sequence=1088.272061
[onpolicy-r21/subckt_0292] [plan] step=704 node=__aig_not_31553 type=control0 q_typed_reliable_context=0.358931 sequence=1088.630992
[onpolicy-r21/subckt_0292] [plan] step=705 node=__aig_not_19380 type=control0 q_typed_reliable_context=0.862755 sequence=1089.493746
[onpolicy-r21/subckt_0292] [plan] step=706 node=__aig_and_21477 type=control1 q_typed_reliable_context=0.362177 sequence=1089.855923
[onpolicy-r21/subckt_0292] [plan] step=707 node=asqrt[28] type=control0 q_typed_reliable_context=1.075255 sequence=1090.931178
[onpolicy-r21/subckt_0292] [plan] step=708 node=__aig_and_20422 type=control1 q_typed_reliable_context=3.207916 sequence=1094.139094
[onpolicy-r21/subckt_0292] [plan] step=709 node=__aig_and_34307 type=control1 q_typed_reliable_context=2.295505 sequence=1096.434599
[onpolicy-r21/subckt_0292] [plan] step=710 node=new_n8888 type=control1 q_typed_reliable_context=1.192001 sequence=1097.626600
[onpolicy-r21/subckt_0292] [plan] step=711 node=__aig_not_31573 type=control0 q_typed_reliable_context=1.071051 sequence=1098.697651
[onpolicy-r21/subckt_0292] [plan] step=712 node=__aig_not_32893 type=control0 q_typed_reliable_context=1.840518 sequence=1100.538169
[onpolicy-r21/subckt_0292] [plan] step=713 node=__aig_not_32905 type=control0 q_typed_reliable_context=0.916801 sequence=1101.454970
[onpolicy-r21/subckt_0292] [plan] step=714 node=__buf_split_11957 type=control0 q_typed_reliable_context=2.792776 sequence=1104.247746
[onpolicy-r21/subckt_0292] [plan] step=715 node=__aig_and_19288 type=control1 q_typed_reliable_context=1.462814 sequence=1105.710559
[onpolicy-r21/subckt_0292] [plan] step=716 node=__aig_and_32923 type=control0 q_typed_reliable_context=1.625870 sequence=1107.336430
[onpolicy-r21/subckt_0292] [plan] step=717 node=__aig_and_21504 type=control0 q_typed_reliable_context=0.850660 sequence=1108.187090
[onpolicy-r21/subckt_0292] [plan] step=718 node=__aig_not_30226 type=control0 q_typed_reliable_context=1.029193 sequence=1109.216283
[onpolicy-r21/subckt_0292] [plan] step=719 node=__aig_not_19312 type=control0 q_typed_reliable_context=1.154041 sequence=1110.370324
[onpolicy-r21/subckt_0292] [plan] step=720 node=new_n14205 type=control0 q_typed_reliable_context=0.804577 sequence=1111.174901
[onpolicy-r21/subckt_0292] [plan] step=721 node=__aig_not_34316 type=control0 q_typed_reliable_context=1.459117 sequence=1112.634019
[onpolicy-r21/subckt_0292] [plan] step=722 node=__aig_not_26 type=control0 q_typed_reliable_context=1.703436 sequence=1114.337455
[onpolicy-r21/subckt_0292] [plan] step=723 node=asqrt[61] type=control0 q_typed_reliable_context=0.896776 sequence=1115.234231
[onpolicy-r21/subckt_0292] [plan] step=724 node=__aig_not_25 type=control0 q_typed_reliable_context=1.798495 sequence=1117.032726
[onpolicy-r21/subckt_0292] [plan] step=725 node=__aig_not_31536 type=control0 q_typed_reliable_context=1.478550 sequence=1118.511276
[onpolicy-r21/subckt_0292] [plan] step=726 node=__aig_and_32867 type=control0 q_typed_reliable_context=0.839321 sequence=1119.350598
[onpolicy-r21/subckt_0292] [plan] step=727 node=__buf_split_20815 type=control0 q_typed_reliable_context=0.867096 sequence=1120.217693
[onpolicy-r21/subckt_0292] [plan] step=728 node=__buf_split_20004 type=control0 q_typed_reliable_context=0.922883 sequence=1121.140576
[onpolicy-r21/subckt_0292] [plan] step=729 node=__buf_split_20831 type=control0 q_typed_reliable_context=1.756716 sequence=1122.897292
[onpolicy-r21/subckt_0292] [plan] step=730 node=__buf_split_20837 type=control0 q_typed_reliable_context=1.690974 sequence=1124.588266
[onpolicy-r21/subckt_0292] [plan] step=731 node=__aig_not_34288 type=control0 q_typed_reliable_context=1.065774 sequence=1125.654040
[onpolicy-r21/subckt_0292] [plan] step=732 node=__aig_and_34304 type=control1 q_typed_reliable_context=1.305302 sequence=1126.959342
[onpolicy-r21/subckt_0292] [plan] step=733 node=__buf_split_20821 type=control0 q_typed_reliable_context=1.103898 sequence=1128.063240
[onpolicy-r21/subckt_0292] [plan] step=734 node=__aig_and_21422 type=control1 q_typed_reliable_context=2.773060 sequence=1130.836300
[onpolicy-r21/subckt_0292] [plan] step=735 node=__buf_split_19988 type=control0 q_typed_reliable_context=1.018587 sequence=1131.854887
[onpolicy-r21/subckt_0292] [plan] step=736 node=__aig_and_19382 type=control0 q_typed_reliable_context=3.476320 sequence=1135.331206
[onpolicy-r21/subckt_0292] [plan] step=737 node=__aig_and_32895 type=control0 q_typed_reliable_context=1.088455 sequence=1136.419661
[onpolicy-r21/subckt_0292] [plan] step=738 node=__aig_not_31561 type=control0 q_typed_reliable_context=2.736008 sequence=1139.155669
[onpolicy-r21/subckt_0292] [plan] step=739 node=new_n197 type=control0 q_typed_reliable_context=1.294581 sequence=1140.450250
[onpolicy-r21/subckt_0292] [plan] step=740 node=__aig_not_32865 type=control0 q_typed_reliable_context=1.505450 sequence=1141.955701
[onpolicy-r21/subckt_0292] [plan] step=741 node=__aig_not_31539 type=control0 q_typed_reliable_context=2.393331 sequence=1144.349031
[onpolicy-r21/subckt_0292] [plan] step=742 node=__aig_and_20384 type=control0 q_typed_reliable_context=0.803482 sequence=1145.152513
[onpolicy-r21/subckt_0292] [plan] step=743 node=__aig_not_34287 type=control0 q_typed_reliable_context=2.757803 sequence=1147.910316
[onpolicy-r21/subckt_0292] [plan] step=744 node=new_n9306 type=control0 q_typed_reliable_context=1.872156 sequence=1149.782472
[onpolicy-r21/subckt_0292] [plan] step=745 node=__aig_not_31555 type=control0 q_typed_reliable_context=0.904355 sequence=1150.686827
[onpolicy-r21/subckt_0292] [plan] step=746 node=__aig_and_21467 type=control1 q_typed_reliable_context=0.739272 sequence=1151.426099
[onpolicy-r21/subckt_0292] [plan] step=747 node=__aig_and_20366 type=control1 q_typed_reliable_context=0.806509 sequence=1152.232608
[onpolicy-r21/subckt_0292] [plan] step=748 node=__aig_and_20377 type=control1 q_typed_reliable_context=0.740968 sequence=1152.973576
[onpolicy-r21/subckt_0292] [plan] step=749 node=new_n9333 type=control0 q_typed_reliable_context=0.659685 sequence=1153.633261
[onpolicy-r21/subckt_0292] [plan] step=750 node=new_n8868 type=control1 q_typed_reliable_context=0.858660 sequence=1154.491920
[onpolicy-r21/subckt_0292] [plan] step=751 node=new_n8863 type=control1 q_typed_reliable_context=1.022262 sequence=1155.514183
[onpolicy-r21/subckt_0292] [plan] step=752 node=__aig_and_19376 type=control1 q_typed_reliable_context=2.610050 sequence=1158.124233
[onpolicy-r21/subckt_0292] [plan] step=753 node=__aig_not_20371 type=control0 q_typed_reliable_context=0.555784 sequence=1158.680016
[onpolicy-r21/subckt_0292] [plan] step=754 node=__buf_split_11931 type=control0 q_typed_reliable_context=0.643055 sequence=1159.323071
[onpolicy-r21/subckt_0292] [plan] step=755 node=__aig_and_19377 type=control1 q_typed_reliable_context=3.220310 sequence=1162.543381
[onpolicy-r21/subckt_0292] [plan] step=756 node=__aig_not_20367 type=control0 q_typed_reliable_context=0.632405 sequence=1163.175786
[onpolicy-r21/subckt_0292] [plan] step=757 node=__buf_split_19199 type=control0 q_typed_reliable_context=1.734224 sequence=1164.910011
[onpolicy-r21/subckt_0292] [plan] step=758 node=__buf_split_20016 type=control0 q_typed_reliable_context=4.432379 sequence=1169.342389
[onpolicy-r21/subckt_0292] [plan] step=759 node=__buf_split_11928 type=control0 q_typed_reliable_context=0.203501 sequence=1169.545890
[onpolicy-r21/subckt_0292] [plan] step=760 node=__aig_not_31548 type=control0 q_typed_reliable_context=3.729936 sequence=1173.275826
[onpolicy-r21/subckt_0292] [plan] step=761 node=new_n14816 type=control1 q_typed_reliable_context=7.411936 sequence=1180.687762
[onpolicy-r21/subckt_0292] [plan] step=762 node=__aig_and_31534 type=control1 q_typed_reliable_context=3.262568 sequence=1183.950331
[onpolicy-r21/subckt_0292] [plan] step=763 node=__buf_split_19978 type=control0 q_typed_reliable_context=0.613455 sequence=1184.563785
[onpolicy-r21/subckt_0292] [plan] step=764 node=__aig_not_32922 type=control0 q_typed_reliable_context=5.531956 sequence=1190.095741
[onpolicy-r21/subckt_0292] [plan] step=765 node=__aig_not_30200 type=control0 q_typed_reliable_context=2.015032 sequence=1192.110773
[onpolicy-r21/subckt_0292] [plan] step=766 node=__aig_not_31576 type=control0 q_typed_reliable_context=2.205573 sequence=1194.316346
[onpolicy-r21/subckt_0292] [plan] step=767 node=new_n13636 type=control0 q_typed_reliable_context=2.437546 sequence=1196.753892
[onpolicy-r21/subckt_0292] [plan] step=768 node=__aig_and_20 type=control1 q_typed_reliable_context=0.562573 sequence=1197.316465
[onpolicy-r21/subckt_0292] saved=autoresearch/loop-260720-0945/model_training_round21/ultralong_onpolicy_plans/subckt_0292.csv
