[onpolicy-r21/subckt_0197] [plan] torch_deterministic=true
[onpolicy-r21/subckt_0197] [plan] latent_norm_clip_ratio=4 latent_norm_limit=30.752331
[onpolicy-r21/subckt_0197] [plan] step=1 node=__aig_and_35145 type=control1 q_typed_reliable_context=6.316887 sequence=6.316887
[onpolicy-r21/subckt_0197] [plan] step=2 node=__aig_and_35143 type=control1 q_typed_reliable_context=2.218364 sequence=8.535251
[onpolicy-r21/subckt_0197] [plan] step=3 node=new_n14942 type=control1 q_typed_reliable_context=7.595085 sequence=16.130336
[onpolicy-r21/subckt_0197] [plan] step=4 node=new_n14929 type=observe q_typed_reliable_context=3.195407 sequence=19.325743
[onpolicy-r21/subckt_0197] [plan] step=5 node=new_n14935 type=control0 q_typed_reliable_context=2.300456 sequence=21.626199
[onpolicy-r21/subckt_0197] [plan] step=6 node=__buf_split_22260 type=control0 q_typed_reliable_context=3.912649 sequence=25.538848
[onpolicy-r21/subckt_0197] [plan] step=7 node=__aig_not_35101 type=control0 q_typed_reliable_context=2.271196 sequence=27.810044
[onpolicy-r21/subckt_0197] [plan] step=8 node=__aig_and_36114 type=observe q_typed_reliable_context=1.548416 sequence=29.358460
[onpolicy-r21/subckt_0197] [plan] step=9 node=__aig_and_36083 type=observe q_typed_reliable_context=1.709987 sequence=31.068448
[onpolicy-r21/subckt_0197] [plan] step=10 node=__aig_not_35128 type=control0 q_typed_reliable_context=2.071670 sequence=33.140118
[onpolicy-r21/subckt_0197] [plan] step=11 node=__aig_not_34638 type=control0 q_typed_reliable_context=2.818714 sequence=35.958832
[onpolicy-r21/subckt_0197] [plan] step=12 node=__aig_not_35138 type=control0 q_typed_reliable_context=1.708126 sequence=37.666958
[onpolicy-r21/subckt_0197] [plan] step=13 node=__aig_and_34487 type=observe q_typed_reliable_context=1.635428 sequence=39.302386
[onpolicy-r21/subckt_0197] [plan] step=14 node=__aig_and_34490 type=observe q_typed_reliable_context=1.204158 sequence=40.506544
[onpolicy-r21/subckt_0197] [plan] step=15 node=__buf_split_78 type=control0 q_typed_reliable_context=2.400957 sequence=42.907500
[onpolicy-r21/subckt_0197] [plan] step=16 node=__aig_not_34650 type=control0 q_typed_reliable_context=2.772033 sequence=45.679533
[onpolicy-r21/subckt_0197] [plan] step=17 node=__aig_and_36240 type=control0 q_typed_reliable_context=1.797643 sequence=47.477176
[onpolicy-r21/subckt_0197] [plan] step=18 node=new_n14952 type=control1 q_typed_reliable_context=1.292276 sequence=48.769453
[onpolicy-r21/subckt_0197] [plan] step=19 node=__buf_split_22264 type=observe q_typed_reliable_context=1.332169 sequence=50.101622
[onpolicy-r21/subckt_0197] [plan] step=20 node=__aig_and_35137 type=control1 q_typed_reliable_context=1.442869 sequence=51.544491
[onpolicy-r21/subckt_0197] [plan] step=21 node=__aig_and_37597 type=observe q_typed_reliable_context=1.475539 sequence=53.020030
[onpolicy-r21/subckt_0197] [plan] step=22 node=__aig_and_65 type=control1 q_typed_reliable_context=1.618469 sequence=54.638499
[onpolicy-r21/subckt_0197] [plan] step=23 node=__aig_and_35136 type=control1 q_typed_reliable_context=1.601971 sequence=56.240469
[onpolicy-r21/subckt_0197] [plan] step=24 node=__aig_and_35100 type=control1 q_typed_reliable_context=1.615028 sequence=57.855498
[onpolicy-r21/subckt_0197] [plan] step=25 node=__buf_split_22256 type=observe q_typed_reliable_context=1.478982 sequence=59.334479
[onpolicy-r21/subckt_0197] [plan] step=26 node=__aig_and_34498 type=observe q_typed_reliable_context=1.923904 sequence=61.258383
[onpolicy-r21/subckt_0197] [plan] step=27 node=__aig_and_36124 type=control0 q_typed_reliable_context=1.430339 sequence=62.688722
[onpolicy-r21/subckt_0197] [plan] step=28 node=__aig_not_34482 type=control0 q_typed_reliable_context=1.314549 sequence=64.003271
[onpolicy-r21/subckt_0197] [plan] step=29 node=__buf_split_22153 type=observe q_typed_reliable_context=1.369649 sequence=65.372920
[onpolicy-r21/subckt_0197] [plan] step=30 node=__aig_and_34637 type=observe q_typed_reliable_context=1.913145 sequence=67.286065
[onpolicy-r21/subckt_0197] [plan] step=31 node=__aig_and_34649 type=control1 q_typed_reliable_context=1.348258 sequence=68.634323
[onpolicy-r21/subckt_0197] [plan] step=32 node=__aig_and_34625 type=observe q_typed_reliable_context=1.317703 sequence=69.952026
[onpolicy-r21/subckt_0197] [plan] step=33 node=__aig_and_36127 type=control1 q_typed_reliable_context=1.317523 sequence=71.269550
[onpolicy-r21/subckt_0197] [plan] step=34 node=__buf_split_22154 type=observe q_typed_reliable_context=1.374497 sequence=72.644047
[onpolicy-r21/subckt_0197] [plan] step=35 node=new_n14959 type=control1 q_typed_reliable_context=2.763847 sequence=75.407894
[onpolicy-r21/subckt_0197] [plan] step=36 node=new_n15548 type=observe q_typed_reliable_context=1.611293 sequence=77.019187
[onpolicy-r21/subckt_0197] [plan] step=37 node=__aig_not_36226 type=control0 q_typed_reliable_context=1.541637 sequence=78.560824
[onpolicy-r21/subckt_0197] [plan] step=38 node=__aig_and_34518 type=observe q_typed_reliable_context=1.346696 sequence=79.907520
[onpolicy-r21/subckt_0197] [plan] step=39 node=__aig_not_36231 type=control0 q_typed_reliable_context=1.371577 sequence=81.279097
[onpolicy-r21/subckt_0197] [plan] step=40 node=__aig_not_35152 type=control0 q_typed_reliable_context=1.442290 sequence=82.721387
[onpolicy-r21/subckt_0197] [plan] step=41 node=__aig_and_34526 type=observe q_typed_reliable_context=1.484034 sequence=84.205421
[onpolicy-r21/subckt_0197] [plan] step=42 node=__aig_and_33632 type=control1 q_typed_reliable_context=1.500457 sequence=85.705878
[onpolicy-r21/subckt_0197] [plan] step=43 node=__aig_and_34462 type=observe q_typed_reliable_context=1.801781 sequence=87.507659
[onpolicy-r21/subckt_0197] [plan] step=44 node=__aig_not_36118 type=control0 q_typed_reliable_context=1.478310 sequence=88.985969
[onpolicy-r21/subckt_0197] [plan] step=45 node=__aig_and_34470 type=observe q_typed_reliable_context=2.317289 sequence=91.303258
[onpolicy-r21/subckt_0197] [plan] step=46 node=__aig_not_36241 type=control0 q_typed_reliable_context=1.595669 sequence=92.898927
[onpolicy-r21/subckt_0197] [plan] step=47 node=__aig_not_36071 type=observe q_typed_reliable_context=1.282945 sequence=94.181872
[onpolicy-r21/subckt_0197] [plan] step=48 node=__aig_not_36048 type=observe q_typed_reliable_context=1.267157 sequence=95.449029
[onpolicy-r21/subckt_0197] [plan] step=49 node=__buf_split_21282 type=control0 q_typed_reliable_context=1.346985 sequence=96.796014
[onpolicy-r21/subckt_0197] [plan] step=50 node=__aig_and_35121 type=control1 q_typed_reliable_context=1.688187 sequence=98.484201
[onpolicy-r21/subckt_0197] [plan] step=51 node=__aig_and_39503 type=control0 q_typed_reliable_context=2.745909 sequence=101.230111
[onpolicy-r21/subckt_0197] [plan] step=52 node=__aig_not_34478 type=control0 q_typed_reliable_context=1.591624 sequence=102.821735
[onpolicy-r21/subckt_0197] [plan] step=53 node=__aig_and_40888 type=control0 q_typed_reliable_context=2.489674 sequence=105.311409
[onpolicy-r21/subckt_0197] [plan] step=54 node=__aig_not_39494 type=control0 q_typed_reliable_context=1.318981 sequence=106.630390
[onpolicy-r21/subckt_0197] [plan] step=55 node=__aig_and_36230 type=control1 q_typed_reliable_context=1.593839 sequence=108.224229
[onpolicy-r21/subckt_0197] [plan] step=56 node=__buf_split_22265 type=observe q_typed_reliable_context=1.306591 sequence=109.530820
[onpolicy-r21/subckt_0197] [plan] step=57 node=__aig_and_34495 type=observe q_typed_reliable_context=1.285879 sequence=110.816699
[onpolicy-r21/subckt_0197] [plan] step=58 node=__aig_and_40885 type=control1 q_typed_reliable_context=1.762032 sequence=112.578731
[onpolicy-r21/subckt_0197] [plan] step=59 node=__aig_not_36244 type=control0 q_typed_reliable_context=1.446442 sequence=114.025173
[onpolicy-r21/subckt_0197] [plan] step=60 node=__aig_and_39211 type=control1 q_typed_reliable_context=1.236342 sequence=115.261515
[onpolicy-r21/subckt_0197] [plan] step=61 node=__buf_split_21199 type=observe q_typed_reliable_context=1.243617 sequence=116.505132
[onpolicy-r21/subckt_0197] [plan] step=62 node=__aig_and_40895 type=control1 q_typed_reliable_context=1.376308 sequence=117.881441
[onpolicy-r21/subckt_0197] [plan] step=63 node=__aig_not_36057 type=control0 q_typed_reliable_context=1.719569 sequence=119.601009
[onpolicy-r21/subckt_0197] [plan] step=64 node=__aig_and_33601 type=control1 q_typed_reliable_context=1.173605 sequence=120.774615
[onpolicy-r21/subckt_0197] [plan] step=65 node=__aig_not_35131 type=control0 q_typed_reliable_context=1.495202 sequence=122.269817
[onpolicy-r21/subckt_0197] [plan] step=66 node=__aig_and_37849 type=observe q_typed_reliable_context=1.627416 sequence=123.897234
[onpolicy-r21/subckt_0197] [plan] step=67 node=__aig_not_40897 type=control0 q_typed_reliable_context=1.342472 sequence=125.239705
[onpolicy-r21/subckt_0197] [plan] step=68 node=__aig_not_41206 type=control0 q_typed_reliable_context=1.308281 sequence=126.547986
[onpolicy-r21/subckt_0197] [plan] step=69 node=__aig_and_39183 type=control1 q_typed_reliable_context=1.289845 sequence=127.837831
[onpolicy-r21/subckt_0197] [plan] step=70 node=__aig_and_39222 type=control1 q_typed_reliable_context=1.274893 sequence=129.112724
[onpolicy-r21/subckt_0197] [plan] step=71 node=__aig_not_40856 type=control0 q_typed_reliable_context=1.795704 sequence=130.908428
[onpolicy-r21/subckt_0197] [plan] step=72 node=__aig_and_39203 type=control1 q_typed_reliable_context=1.521556 sequence=132.429984
[onpolicy-r21/subckt_0197] [plan] step=73 node=__aig_not_39506 type=control0 q_typed_reliable_context=1.520166 sequence=133.950150
[onpolicy-r21/subckt_0197] [plan] step=74 node=__aig_not_39194 type=control0 q_typed_reliable_context=1.388691 sequence=135.338841
[onpolicy-r21/subckt_0197] [plan] step=75 node=__aig_and_36221 type=control1 q_typed_reliable_context=1.603979 sequence=136.942820
[onpolicy-r21/subckt_0197] [plan] step=76 node=__aig_not_35133 type=control0 q_typed_reliable_context=1.477745 sequence=138.420565
[onpolicy-r21/subckt_0197] [plan] step=77 node=__aig_and_33603 type=control1 q_typed_reliable_context=1.736553 sequence=140.157118
[onpolicy-r21/subckt_0197] [plan] step=78 node=__aig_and_39209 type=control0 q_typed_reliable_context=2.257951 sequence=142.415069
[onpolicy-r21/subckt_0197] [plan] step=79 node=__buf_split_25054 type=control0 q_typed_reliable_context=3.537400 sequence=145.952470
[onpolicy-r21/subckt_0197] [plan] step=80 node=__aig_not_40858 type=control0 q_typed_reliable_context=2.089147 sequence=148.041617
[onpolicy-r21/subckt_0197] [plan] step=81 node=__aig_not_37870 type=control0 q_typed_reliable_context=2.145193 sequence=150.186810
[onpolicy-r21/subckt_0197] [plan] step=82 node=new_n14951 type=control0 q_typed_reliable_context=1.631929 sequence=151.818739
[onpolicy-r21/subckt_0197] [plan] step=83 node=__aig_and_39180 type=control1 q_typed_reliable_context=2.622278 sequence=154.441017
[onpolicy-r21/subckt_0197] [plan] step=84 node=new_n16192 type=control0 q_typed_reliable_context=2.274783 sequence=156.715800
[onpolicy-r21/subckt_0197] [plan] step=85 node=__aig_and_39500 type=control1 q_typed_reliable_context=2.448844 sequence=159.164644
[onpolicy-r21/subckt_0197] [plan] step=86 node=__aig_and_37856 type=control1 q_typed_reliable_context=2.735050 sequence=161.899694
[onpolicy-r21/subckt_0197] [plan] step=87 node=__aig_and_37600 type=observe q_typed_reliable_context=2.397991 sequence=164.297685
[onpolicy-r21/subckt_0197] [plan] step=88 node=__aig_not_39217 type=control0 q_typed_reliable_context=2.159474 sequence=166.457159
[onpolicy-r21/subckt_0197] [plan] step=89 node=__aig_and_37868 type=control1 q_typed_reliable_context=1.850104 sequence=168.307263
[onpolicy-r21/subckt_0197] [plan] step=90 node=__aig_not_39156 type=control0 q_typed_reliable_context=2.575034 sequence=170.882297
[onpolicy-r21/subckt_0197] [plan] step=91 node=__aig_not_40891 type=control0 q_typed_reliable_context=2.470438 sequence=173.352735
[onpolicy-r21/subckt_0197] [plan] step=92 node=__aig_not_35096 type=control0 q_typed_reliable_context=1.432061 sequence=174.784797
[onpolicy-r21/subckt_0197] [plan] step=93 node=__buf_split_22138 type=observe q_typed_reliable_context=1.561194 sequence=176.345991
[onpolicy-r21/subckt_0197] [plan] step=94 node=__aig_and_35124 type=control1 q_typed_reliable_context=1.355256 sequence=177.701247
[onpolicy-r21/subckt_0197] [plan] step=95 node=__aig_not_33607 type=control0 q_typed_reliable_context=1.340404 sequence=179.041651
[onpolicy-r21/subckt_0197] [plan] step=96 node=__aig_not_34522 type=control0 q_typed_reliable_context=1.547388 sequence=180.589038
[onpolicy-r21/subckt_0197] [plan] step=97 node=__aig_and_34475 type=observe q_typed_reliable_context=1.475067 sequence=182.064106
[onpolicy-r21/subckt_0197] [plan] step=98 node=__aig_and_36218 type=control1 q_typed_reliable_context=1.337051 sequence=183.401156
[onpolicy-r21/subckt_0197] [plan] step=99 node=new_n16183 type=control0 q_typed_reliable_context=2.502539 sequence=185.903695
[onpolicy-r21/subckt_0197] [plan] step=100 node=new_n15018 type=control0 q_typed_reliable_context=3.557988 sequence=189.461683
[onpolicy-r21/subckt_0197] [plan] step=101 node=__aig_and_33595 type=control1 q_typed_reliable_context=1.657230 sequence=191.118913
[onpolicy-r21/subckt_0197] [plan] step=102 node=__aig_and_40882 type=control1 q_typed_reliable_context=1.366185 sequence=192.485098
[onpolicy-r21/subckt_0197] [plan] step=103 node=__buf_split_21197 type=observe q_typed_reliable_context=1.244036 sequence=193.729133
[onpolicy-r21/subckt_0197] [plan] step=104 node=__aig_and_39214 type=observe q_typed_reliable_context=2.232732 sequence=195.961865
[onpolicy-r21/subckt_0197] [plan] step=105 node=__aig_and_94 type=control1 q_typed_reliable_context=1.671501 sequence=197.633367
[onpolicy-r21/subckt_0197] [plan] step=106 node=new_n15001 type=control1 q_typed_reliable_context=1.392197 sequence=199.025564
[onpolicy-r21/subckt_0197] [plan] step=107 node=__aig_and_36150 type=control1 q_typed_reliable_context=1.328786 sequence=200.354349
[onpolicy-r21/subckt_0197] [plan] step=108 node=new_n15662 type=control0 q_typed_reliable_context=1.003538 sequence=201.357888
[onpolicy-r21/subckt_0197] [plan] step=109 node=__aig_and_39493 type=observe q_typed_reliable_context=0.993788 sequence=202.351675
[onpolicy-r21/subckt_0197] [plan] step=110 node=__buf_split_22140 type=observe q_typed_reliable_context=0.895887 sequence=203.247563
[onpolicy-r21/subckt_0197] [plan] step=111 node=__aig_and_41209 type=control1 q_typed_reliable_context=1.098976 sequence=204.346539
[onpolicy-r21/subckt_0197] [plan] step=112 node=__aig_and_37880 type=control1 q_typed_reliable_context=1.461861 sequence=205.808400
[onpolicy-r21/subckt_0197] [plan] step=113 node=__aig_and_37603 type=observe q_typed_reliable_context=1.714966 sequence=207.523366
[onpolicy-r21/subckt_0197] [plan] step=114 node=__aig_and_32968 type=control1 q_typed_reliable_context=1.780688 sequence=209.304054
[onpolicy-r21/subckt_0197] [plan] step=115 node=__aig_and_39160 type=control1 q_typed_reliable_context=1.739827 sequence=211.043881
[onpolicy-r21/subckt_0197] [plan] step=116 node=__aig_and_33629 type=control1 q_typed_reliable_context=1.483749 sequence=212.527630
[onpolicy-r21/subckt_0197] [plan] step=117 node=__buf_split_24044 type=observe q_typed_reliable_context=1.842313 sequence=214.369943
[onpolicy-r21/subckt_0197] [plan] step=118 node=__aig_and_35091 type=control1 q_typed_reliable_context=1.340844 sequence=215.710787
[onpolicy-r21/subckt_0197] [plan] step=119 node=__aig_not_36248 type=observe q_typed_reliable_context=1.046404 sequence=216.757191
[onpolicy-r21/subckt_0197] [plan] step=120 node=__aig_and_32991 type=control1 q_typed_reliable_context=1.676596 sequence=218.433787
[onpolicy-r21/subckt_0197] [plan] step=121 node=__aig_and_276 type=control1 q_typed_reliable_context=1.565348 sequence=219.999135
[onpolicy-r21/subckt_0197] [plan] step=122 node=__aig_and_307 type=control1 q_typed_reliable_context=1.316718 sequence=221.315853
[onpolicy-r21/subckt_0197] [plan] step=123 node=__aig_and_270 type=control1 q_typed_reliable_context=1.227671 sequence=222.543524
[onpolicy-r21/subckt_0197] [plan] step=124 node=__aig_and_647 type=control1 q_typed_reliable_context=0.824000 sequence=223.367524
[onpolicy-r21/subckt_0197] [plan] step=125 node=__buf_split_22249 type=observe q_typed_reliable_context=0.841285 sequence=224.208808
[onpolicy-r21/subckt_0197] [plan] step=126 node=__aig_and_45 type=control1 q_typed_reliable_context=1.987855 sequence=226.196663
[onpolicy-r21/subckt_0197] [plan] step=127 node=__aig_and_34521 type=observe q_typed_reliable_context=1.979751 sequence=228.176414
[onpolicy-r21/subckt_0197] [plan] step=128 node=__aig_not_89 type=observe q_typed_reliable_context=0.956998 sequence=229.133412
[onpolicy-r21/subckt_0197] [plan] step=129 node=__aig_and_40862 type=control1 q_typed_reliable_context=1.486838 sequence=230.620250
[onpolicy-r21/subckt_0197] [plan] step=130 node=__aig_and_83 type=control1 q_typed_reliable_context=1.408920 sequence=232.029170
[onpolicy-r21/subckt_0197] [plan] step=131 node=__aig_and_39512 type=control1 q_typed_reliable_context=1.363597 sequence=233.392767
[onpolicy-r21/subckt_0197] [plan] step=132 node=__aig_not_33596 type=control0 q_typed_reliable_context=1.304212 sequence=234.696980
[onpolicy-r21/subckt_0197] [plan] step=133 node=new_n14559 type=observe q_typed_reliable_context=2.378166 sequence=237.075145
[onpolicy-r21/subckt_0197] [plan] step=134 node=__aig_not_35125 type=control0 q_typed_reliable_context=2.354130 sequence=239.429275
[onpolicy-r21/subckt_0197] [plan] step=135 node=__buf_split_72 type=observe q_typed_reliable_context=2.092957 sequence=241.522231
[onpolicy-r21/subckt_0197] [plan] step=136 node=__aig_and_34472 type=control1 q_typed_reliable_context=1.961391 sequence=243.483622
[onpolicy-r21/subckt_0197] [plan] step=137 node=__aig_and_48 type=control1 q_typed_reliable_context=1.502176 sequence=244.985799
[onpolicy-r21/subckt_0197] [plan] step=138 node=__aig_and_36042 type=control1 q_typed_reliable_context=1.261602 sequence=246.247401
[onpolicy-r21/subckt_0197] [plan] step=139 node=__aig_and_63 type=control1 q_typed_reliable_context=0.653229 sequence=246.900630
[onpolicy-r21/subckt_0197] [plan] step=140 node=__aig_and_34552 type=control1 q_typed_reliable_context=0.972316 sequence=247.872946
[onpolicy-r21/subckt_0197] [plan] step=141 node=__aig_and_56 type=control1 q_typed_reliable_context=1.014658 sequence=248.887603
[onpolicy-r21/subckt_0197] [plan] step=142 node=__aig_and_33565 type=control1 q_typed_reliable_context=1.091063 sequence=249.978666
[onpolicy-r21/subckt_0197] [plan] step=143 node=__aig_and_36147 type=control1 q_typed_reliable_context=1.399988 sequence=251.378655
[onpolicy-r21/subckt_0197] [plan] step=144 node=__aig_and_36209 type=control1 q_typed_reliable_context=1.297873 sequence=252.676528
[onpolicy-r21/subckt_0197] [plan] step=145 node=__aig_not_33598 type=control0 q_typed_reliable_context=0.925082 sequence=253.601610
[onpolicy-r21/subckt_0197] [plan] step=146 node=__aig_and_36068 type=observe q_typed_reliable_context=0.950658 sequence=254.552268
[onpolicy-r21/subckt_0197] [plan] step=147 node=__aig_and_36037 type=control0 q_typed_reliable_context=0.829485 sequence=255.381753
[onpolicy-r21/subckt_0197] [plan] step=148 node=__buf_split_21180 type=observe q_typed_reliable_context=0.879963 sequence=256.261716
[onpolicy-r21/subckt_0197] [plan] step=149 node=__buf_split_26048 type=control1 q_typed_reliable_context=1.290715 sequence=257.552431
[onpolicy-r21/subckt_0197] [plan] step=150 node=__buf_split_25046 type=control1 q_typed_reliable_context=1.290207 sequence=258.842638
[onpolicy-r21/subckt_0197] [plan] step=151 node=__aig_not_34504 type=observe q_typed_reliable_context=0.844793 sequence=259.687431
[onpolicy-r21/subckt_0197] [plan] step=152 node=__aig_not_36051 type=observe q_typed_reliable_context=0.896031 sequence=260.583462
[onpolicy-r21/subckt_0197] [plan] step=153 node=__aig_not_36215 type=observe q_typed_reliable_context=1.035728 sequence=261.619190
[onpolicy-r21/subckt_0197] [plan] step=154 node=__buf_split_22258 type=control1 q_typed_reliable_context=1.012619 sequence=262.631809
[onpolicy-r21/subckt_0197] [plan] step=155 node=__aig_and_36065 type=control1 q_typed_reliable_context=0.958296 sequence=263.590105
[onpolicy-r21/subckt_0197] [plan] step=156 node=new_n15551 type=observe q_typed_reliable_context=0.827615 sequence=264.417721
[onpolicy-r21/subckt_0197] [plan] step=157 node=__buf_split_22169 type=observe q_typed_reliable_context=1.133048 sequence=265.550769
[onpolicy-r21/subckt_0197] [plan] step=158 node=__aig_and_34644 type=control1 q_typed_reliable_context=0.930276 sequence=266.481044
[onpolicy-r21/subckt_0197] [plan] step=159 node=__aig_and_34635 type=control1 q_typed_reliable_context=0.907728 sequence=267.388772
[onpolicy-r21/subckt_0197] [plan] step=160 node=__buf_split_22148 type=observe q_typed_reliable_context=0.805040 sequence=268.193813
[onpolicy-r21/subckt_0197] [plan] step=161 node=__aig_not_34640 type=control0 q_typed_reliable_context=0.762625 sequence=268.956438
[onpolicy-r21/subckt_0197] [plan] step=162 node=__aig_and_34647 type=control1 q_typed_reliable_context=0.786434 sequence=269.742871
[onpolicy-r21/subckt_0197] [plan] step=163 node=__buf_split_55 type=control0 q_typed_reliable_context=2.156892 sequence=271.899763
[onpolicy-r21/subckt_0197] [plan] step=164 node=__aig_and_35132 type=control1 q_typed_reliable_context=2.286193 sequence=274.185956
[onpolicy-r21/subckt_0197] [plan] step=165 node=__aig_not_36077 type=control0 q_typed_reliable_context=2.406192 sequence=276.592148
[onpolicy-r21/subckt_0197] [plan] step=166 node=__aig_and_36098 type=observe q_typed_reliable_context=2.057992 sequence=278.650140
[onpolicy-r21/subckt_0197] [plan] step=167 node=__aig_not_36074 type=control0 q_typed_reliable_context=1.366650 sequence=280.016790
[onpolicy-r21/subckt_0197] [plan] step=168 node=new_n302 type=control1 q_typed_reliable_context=1.776229 sequence=281.793019
[onpolicy-r21/subckt_0197] [plan] step=169 node=__aig_and_34483 type=control1 q_typed_reliable_context=1.942062 sequence=283.735081
[onpolicy-r21/subckt_0197] [plan] step=170 node=__aig_and_35119 type=observe q_typed_reliable_context=1.110419 sequence=284.845500
[onpolicy-r21/subckt_0197] [plan] step=171 node=__aig_not_36054 type=observe q_typed_reliable_context=1.790206 sequence=286.635706
[onpolicy-r21/subckt_0197] [plan] step=172 node=__buf_split_21609 type=control1 q_typed_reliable_context=1.403956 sequence=288.039662
[onpolicy-r21/subckt_0197] [plan] step=173 node=__aig_and_36242 type=control1 q_typed_reliable_context=1.674305 sequence=289.713966
[onpolicy-r21/subckt_0197] [plan] step=174 node=__aig_and_39178 type=observe q_typed_reliable_context=1.253622 sequence=290.967588
[onpolicy-r21/subckt_0197] [plan] step=175 node=__buf_split_21605 type=observe q_typed_reliable_context=1.011188 sequence=291.978776
[onpolicy-r21/subckt_0197] [plan] step=176 node=__aig_and_34632 type=control1 q_typed_reliable_context=0.931832 sequence=292.910608
[onpolicy-r21/subckt_0197] [plan] step=177 node=__aig_not_36102 type=observe q_typed_reliable_context=0.978302 sequence=293.888910
[onpolicy-r21/subckt_0197] [plan] step=178 node=__aig_not_34629 type=observe q_typed_reliable_context=0.935453 sequence=294.824363
[onpolicy-r21/subckt_0197] [plan] step=179 node=__buf_split_21275 type=observe q_typed_reliable_context=1.170266 sequence=295.994630
[onpolicy-r21/subckt_0197] [plan] step=180 node=__buf_split_22240 type=observe q_typed_reliable_context=1.046836 sequence=297.041466
[onpolicy-r21/subckt_0197] [plan] step=181 node=__aig_and_34639 type=control1 q_typed_reliable_context=1.460194 sequence=298.501659
[onpolicy-r21/subckt_0197] [plan] step=182 node=__aig_and_36233 type=control1 q_typed_reliable_context=1.556630 sequence=300.058290
[onpolicy-r21/subckt_0197] [plan] step=183 node=new_n15002 type=observe q_typed_reliable_context=1.065486 sequence=301.123775
[onpolicy-r21/subckt_0197] [plan] step=184 node=__aig_not_34648 type=control0 q_typed_reliable_context=1.187775 sequence=302.311550
[onpolicy-r21/subckt_0197] [plan] step=185 node=new_n14958 type=observe q_typed_reliable_context=2.446494 sequence=304.758044
[onpolicy-r21/subckt_0197] [plan] step=186 node=__aig_and_39206 type=observe q_typed_reliable_context=1.598502 sequence=306.356546
[onpolicy-r21/subckt_0197] [plan] step=187 node=__aig_and_37859 type=observe q_typed_reliable_context=2.523366 sequence=308.879912
[onpolicy-r21/subckt_0197] [plan] step=188 node=__aig_and_34480 type=control1 q_typed_reliable_context=1.763249 sequence=310.643161
[onpolicy-r21/subckt_0197] [plan] step=189 node=__aig_and_34503 type=control1 q_typed_reliable_context=1.497091 sequence=312.140252
[onpolicy-r21/subckt_0197] [plan] step=190 node=__buf_split_21593 type=observe q_typed_reliable_context=4.703774 sequence=316.844026
[onpolicy-r21/subckt_0197] [plan] step=191 node=__aig_not_35135 type=control0 q_typed_reliable_context=2.645167 sequence=319.489193
[onpolicy-r21/subckt_0197] [plan] step=192 node=__buf_split_21613 type=observe q_typed_reliable_context=2.663016 sequence=322.152209
[onpolicy-r21/subckt_0197] [plan] step=193 node=new_n14319 type=control1 q_typed_reliable_context=2.389863 sequence=324.542072
[onpolicy-r21/subckt_0197] [plan] step=194 node=new_n13959 type=observe q_typed_reliable_context=2.097087 sequence=326.639159
[onpolicy-r21/subckt_0197] [plan] step=195 node=__aig_and_34477 type=control1 q_typed_reliable_context=2.834387 sequence=329.473546
[onpolicy-r21/subckt_0197] [plan] step=196 node=__aig_and_39188 type=control1 q_typed_reliable_context=2.318797 sequence=331.792342
[onpolicy-r21/subckt_0197] [plan] step=197 node=__buf_split_20694 type=observe q_typed_reliable_context=1.165309 sequence=332.957651
[onpolicy-r21/subckt_0197] [plan] step=198 node=__buf_split_22235 type=observe q_typed_reliable_context=1.727214 sequence=334.684865
[onpolicy-r21/subckt_0197] [plan] step=199 node=new_n14313 type=control0 q_typed_reliable_context=1.224448 sequence=335.909313
[onpolicy-r21/subckt_0197] [plan] step=200 node=__aig_not_34524 type=control0 q_typed_reliable_context=1.397215 sequence=337.306528
[onpolicy-r21/subckt_0197] [plan] step=201 node=__buf_split_537 type=observe q_typed_reliable_context=3.577729 sequence=340.884257
[onpolicy-r21/subckt_0197] [plan] step=202 node=__buf_split_20706 type=observe q_typed_reliable_context=3.289582 sequence=344.173839
[onpolicy-r21/subckt_0197] [plan] step=203 node=__buf_split_41 type=observe q_typed_reliable_context=2.845665 sequence=347.019503
[onpolicy-r21/subckt_0197] [plan] step=204 node=__buf_split_541 type=observe q_typed_reliable_context=4.129648 sequence=351.149151
[onpolicy-r21/subckt_0197] [plan] step=205 node=__buf_split_77 type=observe q_typed_reliable_context=2.014174 sequence=353.163325
[onpolicy-r21/subckt_0197] [plan] step=206 node=__aig_not_36229 type=control0 q_typed_reliable_context=1.972277 sequence=355.135602
[onpolicy-r21/subckt_0197] [plan] step=207 node=__aig_not_33602 type=control0 q_typed_reliable_context=3.267677 sequence=358.403279
[onpolicy-r21/subckt_0197] [plan] step=208 node=__buf_split_53 type=observe q_typed_reliable_context=4.364353 sequence=362.767632
[onpolicy-r21/subckt_0197] [plan] step=209 node=__aig_and_36060 type=control1 q_typed_reliable_context=1.970648 sequence=364.738280
[onpolicy-r21/subckt_0197] [plan] step=210 node=__aig_not_36148 type=observe q_typed_reliable_context=1.246077 sequence=365.984357
[onpolicy-r21/subckt_0197] [plan] step=211 node=__buf_split_20686 type=observe q_typed_reliable_context=0.954764 sequence=366.939122
[onpolicy-r21/subckt_0197] [plan] step=212 node=__aig_and_39495 type=control1 q_typed_reliable_context=1.585562 sequence=368.524684
[onpolicy-r21/subckt_0197] [plan] step=213 node=__aig_not_39207 type=observe q_typed_reliable_context=1.708710 sequence=370.233394
[onpolicy-r21/subckt_0197] [plan] step=214 node=__aig_and_40859 type=control1 q_typed_reliable_context=2.653185 sequence=372.886579
[onpolicy-r21/subckt_0197] [plan] step=215 node=__aig_and_34523 type=control1 q_typed_reliable_context=2.835892 sequence=375.722471
[onpolicy-r21/subckt_0197] [plan] step=216 node=__aig_not_44 type=observe q_typed_reliable_context=1.209892 sequence=376.932364
[onpolicy-r21/subckt_0197] [plan] step=217 node=__aig_not_82 type=observe q_typed_reliable_context=1.916191 sequence=378.848555
[onpolicy-r21/subckt_0197] [plan] step=218 node=__buf_split_24020 type=observe q_typed_reliable_context=2.009591 sequence=380.858145
[onpolicy-r21/subckt_0197] [plan] step=219 node=__aig_and_34529 type=control1 q_typed_reliable_context=1.181251 sequence=382.039396
[onpolicy-r21/subckt_0197] [plan] step=220 node=__aig_and_39219 type=control1 q_typed_reliable_context=1.399277 sequence=383.438674
[onpolicy-r21/subckt_0197] [plan] step=221 node=__aig_and_39165 type=control1 q_typed_reliable_context=1.607994 sequence=385.046668
[onpolicy-r21/subckt_0197] [plan] step=222 node=__aig_and_34500 type=control1 q_typed_reliable_context=1.278775 sequence=386.325443
[onpolicy-r21/subckt_0197] [plan] step=223 node=__aig_not_36222 type=control0 q_typed_reliable_context=1.060311 sequence=387.385754
[onpolicy-r21/subckt_0197] [plan] step=224 node=__aig_and_37871 type=control1 q_typed_reliable_context=1.125391 sequence=388.511145
[onpolicy-r21/subckt_0197] [plan] step=225 node=__aig_and_39507 type=control1 q_typed_reliable_context=1.392346 sequence=389.903492
[onpolicy-r21/subckt_0197] [plan] step=226 node=__aig_not_39218 type=observe q_typed_reliable_context=0.896272 sequence=390.799764
[onpolicy-r21/subckt_0197] [plan] step=227 node=__buf_split_24032 type=observe q_typed_reliable_context=1.443872 sequence=392.243637
[onpolicy-r21/subckt_0197] [plan] step=228 node=__aig_and_86 type=control1 q_typed_reliable_context=2.181214 sequence=394.424850
[onpolicy-r21/subckt_0197] [plan] step=229 node=new_n16181 type=control1 q_typed_reliable_context=2.123204 sequence=396.548054
[onpolicy-r21/subckt_0197] [plan] step=230 node=__aig_not_39179 type=control0 q_typed_reliable_context=1.835133 sequence=398.383187
[onpolicy-r21/subckt_0197] [plan] step=231 node=__aig_not_32967 type=observe q_typed_reliable_context=1.944327 sequence=400.327514
[onpolicy-r21/subckt_0197] [plan] step=232 node=__aig_not_36220 type=control0 q_typed_reliable_context=1.433835 sequence=401.761349
[onpolicy-r21/subckt_0197] [plan] step=233 node=__aig_not_33628 type=observe q_typed_reliable_context=1.989673 sequence=403.751022
[onpolicy-r21/subckt_0197] [plan] step=234 node=__aig_and_36254 type=control1 q_typed_reliable_context=2.601279 sequence=406.352301
[onpolicy-r21/subckt_0197] [plan] step=235 node=__aig_and_34493 type=observe q_typed_reliable_context=3.737222 sequence=410.089524
[onpolicy-r21/subckt_0197] [plan] step=236 node=__aig_and_36058 type=control1 q_typed_reliable_context=1.855437 sequence=411.944961
[onpolicy-r21/subckt_0197] [plan] step=237 node=__aig_and_95 type=control1 q_typed_reliable_context=2.354810 sequence=414.299771
[onpolicy-r21/subckt_0197] [plan] step=238 node=__buf_split_21588 type=observe q_typed_reliable_context=2.436672 sequence=416.736444
[onpolicy-r21/subckt_0197] [plan] step=239 node=new_n402 type=observe q_typed_reliable_context=3.452523 sequence=420.188966
[onpolicy-r21/subckt_0197] [plan] step=240 node=__aig_not_32990 type=observe q_typed_reliable_context=2.347079 sequence=422.536045
[onpolicy-r21/subckt_0197] [plan] step=241 node=__aig_not_36120 type=control0 q_typed_reliable_context=0.774325 sequence=423.310370
[onpolicy-r21/subckt_0197] [plan] step=242 node=__aig_and_36101 type=observe q_typed_reliable_context=1.666891 sequence=424.977261
[onpolicy-r21/subckt_0197] [plan] step=243 node=new_n398 type=observe q_typed_reliable_context=1.696224 sequence=426.673485
[onpolicy-r21/subckt_0197] [plan] step=244 node=__aig_not_36094 type=observe q_typed_reliable_context=2.044353 sequence=428.717838
[onpolicy-r21/subckt_0197] [plan] step=245 node=__buf_split_22150 type=observe q_typed_reliable_context=1.732964 sequence=430.450803
[onpolicy-r21/subckt_0197] [plan] step=246 node=new_n288 type=control1 q_typed_reliable_context=2.357454 sequence=432.808257
[onpolicy-r21/subckt_0197] [plan] step=247 node=__buf_split_22248 type=observe q_typed_reliable_context=1.941095 sequence=434.749352
[onpolicy-r21/subckt_0197] [plan] step=248 node=__buf_split_22252 type=observe q_typed_reliable_context=2.213626 sequence=436.962978
[onpolicy-r21/subckt_0197] [plan] step=249 node=__buf_split_21587 type=observe q_typed_reliable_context=2.445571 sequence=439.408549
[onpolicy-r21/subckt_0197] [plan] step=250 node=__buf_split_22170 type=observe q_typed_reliable_context=1.710217 sequence=441.118766
[onpolicy-r21/subckt_0197] [plan] step=251 node=__aig_not_35099 type=control0 q_typed_reliable_context=1.873276 sequence=442.992042
[onpolicy-r21/subckt_0197] [plan] step=252 node=__aig_not_36122 type=observe q_typed_reliable_context=1.926792 sequence=444.918834
[onpolicy-r21/subckt_0197] [plan] step=253 node=__aig_not_39158 type=control0 q_typed_reliable_context=2.308882 sequence=447.227716
[onpolicy-r21/subckt_0197] [plan] step=254 node=__aig_not_36059 type=observe q_typed_reliable_context=2.705438 sequence=449.933154
[onpolicy-r21/subckt_0197] [plan] step=255 node=__aig_not_37853 type=observe q_typed_reliable_context=2.335697 sequence=452.268852
[onpolicy-r21/subckt_0197] [plan] step=256 node=__aig_and_34485 type=observe q_typed_reliable_context=2.639784 sequence=454.908636
[onpolicy-r21/subckt_0197] [plan] step=257 node=__buf_split_22152 type=observe q_typed_reliable_context=1.525215 sequence=456.433851
[onpolicy-r21/subckt_0197] [plan] step=258 node=__aig_not_36113 type=observe q_typed_reliable_context=1.371321 sequence=457.805172
[onpolicy-r21/subckt_0197] [plan] step=259 node=__aig_not_36112 type=observe q_typed_reliable_context=1.488267 sequence=459.293440
[onpolicy-r21/subckt_0197] [plan] step=260 node=__buf_split_22139 type=observe q_typed_reliable_context=2.209779 sequence=461.503219
[onpolicy-r21/subckt_0197] [plan] step=261 node=new_n14956 type=observe q_typed_reliable_context=1.760714 sequence=463.263933
[onpolicy-r21/subckt_0197] [plan] step=262 node=new_n15660 type=control0 q_typed_reliable_context=1.033000 sequence=464.296934
[onpolicy-r21/subckt_0197] [plan] step=263 node=__buf_split_22155 type=observe q_typed_reliable_context=1.835535 sequence=466.132469
[onpolicy-r21/subckt_0197] [plan] step=264 node=__aig_and_34620 type=observe q_typed_reliable_context=2.165108 sequence=468.297577
[onpolicy-r21/subckt_0197] [plan] step=265 node=__aig_not_36149 type=control0 q_typed_reliable_context=1.639617 sequence=469.937193
[onpolicy-r21/subckt_0197] [plan] step=266 node=__aig_not_32966 type=control0 q_typed_reliable_context=1.555925 sequence=471.493119
[onpolicy-r21/subckt_0197] [plan] step=267 node=__aig_not_36263 type=observe q_typed_reliable_context=1.241946 sequence=472.735065
[onpolicy-r21/subckt_0197] [plan] step=268 node=__aig_not_36115 type=observe q_typed_reliable_context=1.301420 sequence=474.036485
[onpolicy-r21/subckt_0197] [plan] step=269 node=new_n15553 type=observe q_typed_reliable_context=1.449319 sequence=475.485804
[onpolicy-r21/subckt_0197] [plan] step=270 node=__aig_not_36217 type=control0 q_typed_reliable_context=1.307834 sequence=476.793637
[onpolicy-r21/subckt_0197] [plan] step=271 node=__aig_not_34622 type=observe q_typed_reliable_context=1.730126 sequence=478.523764
[onpolicy-r21/subckt_0197] [plan] step=272 node=__buf_split_22151 type=observe q_typed_reliable_context=1.233082 sequence=479.756845
[onpolicy-r21/subckt_0197] [plan] step=273 node=__aig_not_36082 type=observe q_typed_reliable_context=1.244557 sequence=481.001402
[onpolicy-r21/subckt_0197] [plan] step=274 node=__aig_and_34627 type=observe q_typed_reliable_context=1.558181 sequence=482.559583
[onpolicy-r21/subckt_0197] [plan] step=275 node=__aig_and_39216 type=control1 q_typed_reliable_context=1.143855 sequence=483.703437
[onpolicy-r21/subckt_0197] [plan] step=276 node=__buf_split_21286 type=observe q_typed_reliable_context=1.271415 sequence=484.974852
[onpolicy-r21/subckt_0197] [plan] step=277 node=__buf_split_21193 type=observe q_typed_reliable_context=1.165783 sequence=486.140635
[onpolicy-r21/subckt_0197] [plan] step=278 node=__aig_not_34489 type=observe q_typed_reliable_context=1.329920 sequence=487.470555
[onpolicy-r21/subckt_0197] [plan] step=279 node=__aig_not_35089 type=control0 q_typed_reliable_context=1.226567 sequence=488.697122
[onpolicy-r21/subckt_0197] [plan] step=280 node=__aig_and_39157 type=observe q_typed_reliable_context=1.829282 sequence=490.526404
[onpolicy-r21/subckt_0197] [plan] step=281 node=new_n14308 type=observe q_typed_reliable_context=1.330252 sequence=491.856656
[onpolicy-r21/subckt_0197] [plan] step=282 node=__aig_not_33631 type=control0 q_typed_reliable_context=1.758892 sequence=493.615548
[onpolicy-r21/subckt_0197] [plan] step=283 node=__aig_not_32989 type=control0 q_typed_reliable_context=1.636153 sequence=495.251701
[onpolicy-r21/subckt_0197] [plan] step=284 node=__aig_not_34492 type=observe q_typed_reliable_context=1.628696 sequence=496.880397
[onpolicy-r21/subckt_0197] [plan] step=285 node=__aig_and_40857 type=observe q_typed_reliable_context=2.838109 sequence=499.718506
[onpolicy-r21/subckt_0197] [plan] step=286 node=__aig_and_34464 type=observe q_typed_reliable_context=1.190102 sequence=500.908607
[onpolicy-r21/subckt_0197] [plan] step=287 node=new_n14309 type=observe q_typed_reliable_context=1.589049 sequence=502.497656
[onpolicy-r21/subckt_0197] [plan] step=288 node=__aig_not_33627 type=control0 q_typed_reliable_context=1.849457 sequence=504.347113
[onpolicy-r21/subckt_0197] [plan] step=289 node=__aig_and_34467 type=observe q_typed_reliable_context=3.076140 sequence=507.423254
[onpolicy-r21/subckt_0197] [plan] step=290 node=__aig_not_36080 type=control0 q_typed_reliable_context=1.897341 sequence=509.320594
[onpolicy-r21/subckt_0197] [plan] step=291 node=__aig_not_36044 type=control0 q_typed_reliable_context=2.374368 sequence=511.694962
[onpolicy-r21/subckt_0197] [plan] step=292 node=__aig_not_35102 type=control0 q_typed_reliable_context=3.183740 sequence=514.878702
[onpolicy-r21/subckt_0197] [plan] step=293 node=__aig_not_34494 type=observe q_typed_reliable_context=1.740410 sequence=516.619113
[onpolicy-r21/subckt_0197] [plan] step=294 node=__buf_split_22144 type=observe q_typed_reliable_context=3.191121 sequence=519.810234
[onpolicy-r21/subckt_0197] [plan] step=295 node=__aig_and_34630 type=observe q_typed_reliable_context=2.051439 sequence=521.861672
[onpolicy-r21/subckt_0197] [plan] step=296 node=__aig_not_34491 type=observe q_typed_reliable_context=2.205742 sequence=524.067414
[onpolicy-r21/subckt_0197] [plan] step=297 node=new_n14307 type=observe q_typed_reliable_context=1.998075 sequence=526.065489
[onpolicy-r21/subckt_0197] [plan] step=298 node=new_n14306 type=observe q_typed_reliable_context=2.596071 sequence=528.661560
[onpolicy-r21/subckt_0197] [plan] step=299 node=__aig_not_34486 type=observe q_typed_reliable_context=3.222450 sequence=531.884010
[onpolicy-r21/subckt_0197] [plan] step=300 node=__buf_split_21191 type=observe q_typed_reliable_context=2.548953 sequence=534.432963
[onpolicy-r21/subckt_0197] [plan] step=301 node=__aig_not_34488 type=observe q_typed_reliable_context=1.922712 sequence=536.355675
[onpolicy-r21/subckt_0197] [plan] step=302 node=__buf_split_21192 type=observe q_typed_reliable_context=2.511967 sequence=538.867642
[onpolicy-r21/subckt_0197] [plan] step=303 node=__buf_split_22136 type=observe q_typed_reliable_context=2.474808 sequence=541.342451
[onpolicy-r21/subckt_0197] [plan] step=304 node=__buf_split_22131 type=observe q_typed_reliable_context=5.081722 sequence=546.424173
[onpolicy-r21/subckt_0197] [plan] step=305 node=new_n14361 type=observe q_typed_reliable_context=5.223299 sequence=551.647472
[onpolicy-r21/subckt_0197] [plan] step=306 node=__aig_not_36084 type=observe q_typed_reliable_context=2.693914 sequence=554.341386
[onpolicy-r21/subckt_0197] [plan] step=307 node=__aig_not_36056 type=observe q_typed_reliable_context=2.042354 sequence=556.383740
[onpolicy-r21/subckt_0197] [plan] step=308 node=__aig_not_36087 type=observe q_typed_reliable_context=2.712718 sequence=559.096458
[onpolicy-r21/subckt_0197] [plan] step=309 node=new_n14363 type=observe q_typed_reliable_context=1.768153 sequence=560.864611
[onpolicy-r21/subckt_0197] [plan] step=310 node=__buf_split_21273 type=observe q_typed_reliable_context=1.717093 sequence=562.581705
[onpolicy-r21/subckt_0197] [plan] step=311 node=__aig_not_35144 type=control0 q_typed_reliable_context=2.831393 sequence=565.413097
[onpolicy-r21/subckt_0197] [plan] step=312 node=new_n14312 type=observe q_typed_reliable_context=2.323212 sequence=567.736309
[onpolicy-r21/subckt_0197] [plan] step=313 node=new_n14368 type=observe q_typed_reliable_context=2.906275 sequence=570.642584
[onpolicy-r21/subckt_0197] [plan] step=314 node=__aig_not_34619 type=observe q_typed_reliable_context=3.103115 sequence=573.745699
[onpolicy-r21/subckt_0197] [plan] step=315 node=__aig_not_34499 type=observe q_typed_reliable_context=2.830662 sequence=576.576361
[onpolicy-r21/subckt_0197] [plan] step=316 node=__buf_split_21285 type=observe q_typed_reliable_context=4.770114 sequence=581.346475
[onpolicy-r21/subckt_0197] [plan] step=317 node=new_n14311 type=observe q_typed_reliable_context=3.865040 sequence=585.211515
[onpolicy-r21/subckt_0197] [plan] step=318 node=__aig_not_34497 type=observe q_typed_reliable_context=5.249185 sequence=590.460701
[onpolicy-r21/subckt_0197] [plan] step=319 node=__aig_not_34496 type=observe q_typed_reliable_context=4.222051 sequence=594.682752
[onpolicy-r21/subckt_0197] [plan] step=320 node=new_n14297 type=observe q_typed_reliable_context=4.725655 sequence=599.408407
[onpolicy-r21/subckt_0197] [plan] step=321 node=new_n14573 type=control1 q_typed_reliable_context=2.466168 sequence=601.874575
[onpolicy-r21/subckt_0197] [plan] step=322 node=__buf_split_21195 type=observe q_typed_reliable_context=3.011191 sequence=604.885766
[onpolicy-r21/subckt_0197] [plan] step=323 node=__buf_split_21196 type=observe q_typed_reliable_context=2.604873 sequence=607.490639
[onpolicy-r21/subckt_0197] [plan] step=324 node=__aig_not_35142 type=control0 q_typed_reliable_context=2.632826 sequence=610.123464
[onpolicy-r21/subckt_0197] [plan] step=325 node=new_n14576 type=control1 q_typed_reliable_context=2.881424 sequence=613.004889
[onpolicy-r21/subckt_0197] [plan] step=326 node=__aig_not_36067 type=control0 q_typed_reliable_context=4.357714 sequence=617.362603
[onpolicy-r21/subckt_0197] [plan] step=327 node=__aig_and_34651 type=control1 q_typed_reliable_context=8.063543 sequence=625.426146
[onpolicy-r21/subckt_0197] [plan] step=328 node=__aig_and_35155 type=control1 q_typed_reliable_context=7.412531 sequence=632.838677
[onpolicy-r21/subckt_0197] [plan] step=329 node=new_n15011 type=control1 q_typed_reliable_context=3.168127 sequence=636.006804
[onpolicy-r21/subckt_0197] [plan] step=330 node=__buf_split_22162 type=observe q_typed_reliable_context=2.480500 sequence=638.487304
[onpolicy-r21/subckt_0197] [plan] step=331 node=__aig_not_36079 type=observe q_typed_reliable_context=4.064557 sequence=642.551861
[onpolicy-r21/subckt_0197] [plan] step=332 node=__buf_split_22149 type=observe q_typed_reliable_context=5.666956 sequence=648.218817
[onpolicy-r21/subckt_0197] [plan] step=333 node=__buf_split_21211 type=observe q_typed_reliable_context=5.876210 sequence=654.095027
[onpolicy-r21/subckt_0197] [plan] step=334 node=__buf_split_22157 type=observe q_typed_reliable_context=5.599033 sequence=659.694060
[onpolicy-r21/subckt_0197] [plan] step=335 node=__aig_not_34517 type=observe q_typed_reliable_context=4.715074 sequence=664.409134
[onpolicy-r21/subckt_0197] [plan] step=336 node=__aig_and_34623 type=observe q_typed_reliable_context=4.867266 sequence=669.276400
[onpolicy-r21/subckt_0197] [plan] step=337 node=__buf_split_21279 type=observe q_typed_reliable_context=3.545541 sequence=672.821941
[onpolicy-r21/subckt_0197] [plan] step=338 node=new_n14318 type=observe q_typed_reliable_context=4.242751 sequence=677.064692
[onpolicy-r21/subckt_0197] [plan] step=339 node=__buf_split_21207 type=observe q_typed_reliable_context=4.170603 sequence=681.235295
[onpolicy-r21/subckt_0197] [plan] step=340 node=__buf_split_21274 type=observe q_typed_reliable_context=3.225787 sequence=684.461082
[onpolicy-r21/subckt_0197] [plan] step=341 node=__aig_not_34621 type=observe q_typed_reliable_context=3.367133 sequence=687.828215
[onpolicy-r21/subckt_0197] [plan] step=342 node=__buf_split_21276 type=observe q_typed_reliable_context=3.721073 sequence=691.549288
[onpolicy-r21/subckt_0197] [plan] step=343 node=new_n14364 type=observe q_typed_reliable_context=3.846388 sequence=695.395675
[onpolicy-r21/subckt_0197] [plan] step=344 node=__buf_split_21212 type=observe q_typed_reliable_context=2.961256 sequence=698.356931
[onpolicy-r21/subckt_0197] [plan] step=345 node=__aig_not_34525 type=observe q_typed_reliable_context=3.962518 sequence=702.319449
[onpolicy-r21/subckt_0197] [plan] step=346 node=new_n14322 type=observe q_typed_reliable_context=3.133118 sequence=705.452567
[onpolicy-r21/subckt_0197] [plan] step=347 node=new_n14362 type=observe q_typed_reliable_context=4.354202 sequence=709.806769
[onpolicy-r21/subckt_0197] [plan] step=348 node=__buf_split_21200 type=observe q_typed_reliable_context=2.873741 sequence=712.680510
[onpolicy-r21/subckt_0197] [plan] step=349 node=__aig_not_34466 type=observe q_typed_reliable_context=3.210543 sequence=715.891053
[onpolicy-r21/subckt_0197] [plan] step=350 node=new_n14299 type=observe q_typed_reliable_context=3.774688 sequence=719.665741
[onpolicy-r21/subckt_0197] [plan] step=351 node=__aig_not_34469 type=observe q_typed_reliable_context=4.741815 sequence=724.407556
[onpolicy-r21/subckt_0197] [plan] step=352 node=__buf_split_21280 type=observe q_typed_reliable_context=5.771078 sequence=730.178634
[onpolicy-r21/subckt_0197] [plan] step=353 node=__aig_not_34628 type=observe q_typed_reliable_context=5.839250 sequence=736.017883
[onpolicy-r21/subckt_0197] [plan] step=354 node=__aig_not_34465 type=observe q_typed_reliable_context=5.758628 sequence=741.776511
[onpolicy-r21/subckt_0197] [plan] step=355 node=__buf_split_21179 type=observe q_typed_reliable_context=5.748138 sequence=747.524649
[onpolicy-r21/subckt_0197] [plan] step=356 node=__aig_not_34527 type=observe q_typed_reliable_context=5.809618 sequence=753.334267
[onpolicy-r21/subckt_0197] [plan] step=357 node=__aig_and_39201 type=observe q_typed_reliable_context=5.857267 sequence=759.191535
[onpolicy-r21/subckt_0197] [plan] step=358 node=__buf_split_21213 type=observe q_typed_reliable_context=3.671819 sequence=762.863354
[onpolicy-r21/subckt_0197] [plan] step=359 node=__buf_split_21214 type=observe q_typed_reliable_context=3.472383 sequence=766.335737
[onpolicy-r21/subckt_0197] [plan] step=360 node=__aig_and_36119 type=observe q_typed_reliable_context=4.665246 sequence=771.000984
[onpolicy-r21/subckt_0197] [plan] step=361 node=new_n14332 type=control0 q_typed_reliable_context=1.280918 sequence=772.281902
[onpolicy-r21/subckt_0197] [plan] step=362 node=__aig_and_37851 type=observe q_typed_reliable_context=2.767175 sequence=775.049077
[onpolicy-r21/subckt_0197] [plan] step=363 node=__buf_split_21194 type=observe q_typed_reliable_context=1.471828 sequence=776.520906
[onpolicy-r21/subckt_0197] [plan] step=364 node=__buf_split_21198 type=observe q_typed_reliable_context=2.539544 sequence=779.060449
[onpolicy-r21/subckt_0197] [plan] step=365 node=__aig_not_36117 type=observe q_typed_reliable_context=2.568172 sequence=781.628621
[onpolicy-r21/subckt_0197] [plan] step=366 node=__buf_split_21294 type=observe q_typed_reliable_context=4.562036 sequence=786.190657
[onpolicy-r21/subckt_0197] [plan] step=367 node=new_n15016 type=control1 q_typed_reliable_context=2.136943 sequence=788.327600
[onpolicy-r21/subckt_0197] [plan] step=368 node=__aig_not_34501 type=observe q_typed_reliable_context=6.012306 sequence=794.339906
[onpolicy-r21/subckt_0197] [plan] step=369 node=__aig_and_35103 type=control1 q_typed_reliable_context=6.097097 sequence=800.437003
[onpolicy-r21/subckt_0197] [plan] step=370 node=__aig_and_34506 type=control1 q_typed_reliable_context=2.674804 sequence=803.111807
[onpolicy-r21/subckt_0197] [plan] step=371 node=__buf_split_21617 type=control1 q_typed_reliable_context=1.983917 sequence=805.095724
[onpolicy-r21/subckt_0197] [plan] step=372 node=__aig_not_34502 type=observe q_typed_reliable_context=2.091372 sequence=807.187096
[onpolicy-r21/subckt_0197] [plan] step=373 node=__buf_split_21596 type=control1 q_typed_reliable_context=2.052519 sequence=809.239614
[onpolicy-r21/subckt_0197] [plan] step=374 node=__aig_not_36125 type=observe q_typed_reliable_context=1.987251 sequence=811.226865
[onpolicy-r21/subckt_0197] [plan] step=375 node=__buf_split_22175 type=observe q_typed_reliable_context=2.682368 sequence=813.909233
[onpolicy-r21/subckt_0197] [plan] step=376 node=__aig_not_35117 type=observe q_typed_reliable_context=3.039295 sequence=816.948528
[onpolicy-r21/subckt_0197] [plan] step=377 node=__aig_not_35118 type=observe q_typed_reliable_context=2.280185 sequence=819.228713
[onpolicy-r21/subckt_0197] [plan] step=378 node=__aig_not_34463 type=observe q_typed_reliable_context=3.538500 sequence=822.767213
[onpolicy-r21/subckt_0197] [plan] step=379 node=new_n14298 type=observe q_typed_reliable_context=5.912332 sequence=828.679545
[onpolicy-r21/subckt_0197] [plan] step=380 node=new_n14300 type=observe q_typed_reliable_context=6.893620 sequence=835.573165
[onpolicy-r21/subckt_0197] [plan] step=381 node=__aig_and_37854 type=observe q_typed_reliable_context=6.094176 sequence=841.667341
[onpolicy-r21/subckt_0197] [plan] step=382 node=__buf_split_21178 type=observe q_typed_reliable_context=4.843009 sequence=846.510350
[onpolicy-r21/subckt_0197] [plan] step=383 node=__aig_not_34471 type=observe q_typed_reliable_context=5.436225 sequence=851.946575
[onpolicy-r21/subckt_0197] [plan] step=384 node=__aig_not_34468 type=observe q_typed_reliable_context=4.822354 sequence=856.768929
[onpolicy-r21/subckt_0197] [plan] step=385 node=__aig_not_37848 type=observe q_typed_reliable_context=2.713740 sequence=859.482669
[onpolicy-r21/subckt_0197] [plan] step=386 node=__buf_split_23228 type=observe q_typed_reliable_context=4.514122 sequence=863.996791
[onpolicy-r21/subckt_0197] [plan] step=387 node=new_n16198 type=observe q_typed_reliable_context=4.527857 sequence=868.524648
[onpolicy-r21/subckt_0197] [plan] step=388 node=new_n15658 type=observe q_typed_reliable_context=5.901154 sequence=874.425802
[onpolicy-r21/subckt_0197] [plan] step=389 node=__aig_not_35120 type=observe q_typed_reliable_context=5.884291 sequence=880.310093
[onpolicy-r21/subckt_0197] [plan] step=390 node=new_n15659 type=observe q_typed_reliable_context=5.903972 sequence=886.214065
[onpolicy-r21/subckt_0197] [plan] step=391 node=new_n15554 type=observe q_typed_reliable_context=5.040674 sequence=891.254739
[onpolicy-r21/subckt_0197] [plan] step=392 node=new_n14568 type=observe q_typed_reliable_context=4.954862 sequence=896.209600
[onpolicy-r21/subckt_0197] [plan] step=393 node=new_n14302 type=observe q_typed_reliable_context=5.370955 sequence=901.580556
[onpolicy-r21/subckt_0197] [plan] step=394 node=__aig_not_34474 type=observe q_typed_reliable_context=3.018030 sequence=904.598586
[onpolicy-r21/subckt_0197] [plan] step=395 node=__buf_split_24047 type=observe q_typed_reliable_context=3.731617 sequence=908.330204
[onpolicy-r21/subckt_0197] [plan] step=396 node=__aig_and_36223 type=observe q_typed_reliable_context=4.063858 sequence=912.394062
[onpolicy-r21/subckt_0197] [plan] step=397 node=__aig_not_35127 type=control0 q_typed_reliable_context=1.972338 sequence=914.366400
[onpolicy-r21/subckt_0197] [plan] step=398 node=__buf_split_21183 type=observe q_typed_reliable_context=2.193427 sequence=916.559827
[onpolicy-r21/subckt_0197] [plan] step=399 node=__aig_not_34473 type=observe q_typed_reliable_context=2.052056 sequence=918.611882
[onpolicy-r21/subckt_0197] [plan] step=400 node=__buf_split_21182 type=observe q_typed_reliable_context=2.971237 sequence=921.583119
[onpolicy-r21/subckt_0197] [plan] step=401 node=__buf_split_23231 type=observe q_typed_reliable_context=2.890115 sequence=924.473235
[onpolicy-r21/subckt_0197] [plan] step=402 node=__aig_not_39208 type=observe q_typed_reliable_context=3.266990 sequence=927.740225
[onpolicy-r21/subckt_0197] [plan] step=403 node=new_n16199 type=observe q_typed_reliable_context=2.209293 sequence=929.949518
[onpolicy-r21/subckt_0197] [plan] step=404 node=new_n15555 type=observe q_typed_reliable_context=1.945785 sequence=931.895304
[onpolicy-r21/subckt_0197] [plan] step=405 node=__aig_not_37852 type=observe q_typed_reliable_context=3.048169 sequence=934.943473
[onpolicy-r21/subckt_0197] [plan] step=406 node=new_n14371 type=control0 q_typed_reliable_context=1.944270 sequence=936.887742
[onpolicy-r21/subckt_0197] [plan] step=407 node=new_n14372 type=control0 q_typed_reliable_context=3.207941 sequence=940.095684
[onpolicy-r21/subckt_0197] [plan] step=408 node=__buf_split_21610 type=observe q_typed_reliable_context=3.171781 sequence=943.267465
[onpolicy-r21/subckt_0197] [plan] step=409 node=__buf_split_23070 type=observe q_typed_reliable_context=3.404333 sequence=946.671798
[onpolicy-r21/subckt_0197] [plan] step=410 node=__buf_split_21187 type=observe q_typed_reliable_context=3.638289 sequence=950.310087
[onpolicy-r21/subckt_0197] [plan] step=411 node=__aig_not_34481 type=observe q_typed_reliable_context=2.747179 sequence=953.057266
[onpolicy-r21/subckt_0197] [plan] step=412 node=__buf_split_20691 type=observe q_typed_reliable_context=2.005959 sequence=955.063226
[onpolicy-r21/subckt_0197] [plan] step=413 node=__buf_split_20693 type=observe q_typed_reliable_context=2.174619 sequence=957.237845
[onpolicy-r21/subckt_0197] [plan] step=414 node=__aig_not_35123 type=observe q_typed_reliable_context=2.333133 sequence=959.570978
[onpolicy-r21/subckt_0197] [plan] step=415 node=__buf_split_21606 type=observe q_typed_reliable_context=3.579066 sequence=963.150044
[onpolicy-r21/subckt_0197] [plan] step=416 node=__buf_split_23233 type=observe q_typed_reliable_context=3.635705 sequence=966.785749
[onpolicy-r21/subckt_0197] [plan] step=417 node=__buf_split_21607 type=observe q_typed_reliable_context=4.175822 sequence=970.961572
[onpolicy-r21/subckt_0197] [plan] step=418 node=__buf_split_24049 type=observe q_typed_reliable_context=4.878832 sequence=975.840404
[onpolicy-r21/subckt_0197] [plan] step=419 node=__buf_split_24223 type=observe q_typed_reliable_context=5.959316 sequence=981.799720
[onpolicy-r21/subckt_0197] [plan] step=420 node=__buf_split_21184 type=observe q_typed_reliable_context=5.815976 sequence=987.615697
[onpolicy-r21/subckt_0197] [plan] step=421 node=new_n16203 type=observe q_typed_reliable_context=4.388155 sequence=992.003852
[onpolicy-r21/subckt_0197] [plan] step=422 node=new_n15661 type=observe q_typed_reliable_context=6.093222 sequence=998.097074
[onpolicy-r21/subckt_0197] [plan] step=423 node=new_n14570 type=observe q_typed_reliable_context=5.147725 sequence=1003.244799
[onpolicy-r21/subckt_0197] [plan] step=424 node=__aig_not_39212 type=observe q_typed_reliable_context=2.955554 sequence=1006.200353
[onpolicy-r21/subckt_0197] [plan] step=425 node=__aig_not_35122 type=observe q_typed_reliable_context=4.919610 sequence=1011.119963
[onpolicy-r21/subckt_0197] [plan] step=426 node=__aig_not_34636 type=observe q_typed_reliable_context=5.288584 sequence=1016.408547
[onpolicy-r21/subckt_0197] [plan] step=427 node=__aig_not_34476 type=observe q_typed_reliable_context=3.774424 sequence=1020.182971
[onpolicy-r21/subckt_0197] [plan] step=428 node=new_n16204 type=observe q_typed_reliable_context=3.759182 sequence=1023.942153
[onpolicy-r21/subckt_0197] [plan] step=429 node=new_n16316 type=observe q_typed_reliable_context=5.349953 sequence=1029.292106
[onpolicy-r21/subckt_0197] [plan] step=430 node=__aig_not_37879 type=control0 q_typed_reliable_context=2.517054 sequence=1031.809160
[onpolicy-r21/subckt_0197] [plan] step=431 node=__buf_split_20692 type=observe q_typed_reliable_context=2.459913 sequence=1034.269073
[onpolicy-r21/subckt_0197] [plan] step=432 node=__buf_split_20689 type=observe q_typed_reliable_context=2.284337 sequence=1036.553410
[onpolicy-r21/subckt_0197] [plan] step=433 node=__buf_split_23235 type=observe q_typed_reliable_context=5.022187 sequence=1041.575597
[onpolicy-r21/subckt_0197] [plan] step=434 node=__aig_and_36070 type=observe q_typed_reliable_context=1.812634 sequence=1043.388230
[onpolicy-r21/subckt_0197] [plan] step=435 node=__aig_not_33600 type=observe q_typed_reliable_context=1.681705 sequence=1045.069935
[onpolicy-r21/subckt_0197] [plan] step=436 node=__buf_split_24033 type=observe q_typed_reliable_context=1.629208 sequence=1046.699143
[onpolicy-r21/subckt_0197] [plan] step=437 node=__aig_not_39181 type=observe q_typed_reliable_context=1.807917 sequence=1048.507060
[onpolicy-r21/subckt_0197] [plan] step=438 node=__aig_not_39496 type=control0 q_typed_reliable_context=1.991174 sequence=1050.498234
[onpolicy-r21/subckt_0197] [plan] step=439 node=new_n16189 type=observe q_typed_reliable_context=5.861044 sequence=1056.359278
[onpolicy-r21/subckt_0197] [plan] step=440 node=__aig_not_37857 type=observe q_typed_reliable_context=3.379503 sequence=1059.738781
[onpolicy-r21/subckt_0197] [plan] step=441 node=__buf_split_24030 type=observe q_typed_reliable_context=2.599646 sequence=1062.338427
[onpolicy-r21/subckt_0197] [plan] step=442 node=__aig_not_37599 type=observe q_typed_reliable_context=5.141435 sequence=1067.479861
[onpolicy-r21/subckt_0197] [plan] step=443 node=__buf_split_22241 type=observe q_typed_reliable_context=5.679470 sequence=1073.159331
[onpolicy-r21/subckt_0197] [plan] step=444 node=__buf_split_23072 type=observe q_typed_reliable_context=1.483522 sequence=1074.642854
[onpolicy-r21/subckt_0197] [plan] step=445 node=__aig_not_34633 type=control0 q_typed_reliable_context=2.178042 sequence=1076.820896
[onpolicy-r21/subckt_0197] [plan] step=446 node=new_n14305 type=control1 q_typed_reliable_context=2.613155 sequence=1079.434050
[onpolicy-r21/subckt_0197] [plan] step=447 node=__aig_not_37602 type=observe q_typed_reliable_context=1.650397 sequence=1081.084447
[onpolicy-r21/subckt_0197] [plan] step=448 node=__aig_and_36104 type=control1 q_typed_reliable_context=4.337866 sequence=1085.422313
[onpolicy-r21/subckt_0197] [plan] step=449 node=__buf_split_23234 type=observe q_typed_reliable_context=3.648757 sequence=1089.071070
[onpolicy-r21/subckt_0197] [plan] step=450 node=__aig_not_36251 type=observe q_typed_reliable_context=5.588206 sequence=1094.659277
[onpolicy-r21/subckt_0197] [plan] step=451 node=__buf_split_22263 type=observe q_typed_reliable_context=2.131498 sequence=1096.790774
[onpolicy-r21/subckt_0197] [plan] step=452 node=__aig_not_43 type=observe q_typed_reliable_context=3.068505 sequence=1099.859279
[onpolicy-r21/subckt_0197] [plan] step=453 node=__aig_not_81 type=observe q_typed_reliable_context=1.667562 sequence=1101.526841
[onpolicy-r21/subckt_0197] [plan] step=454 node=__aig_and_33593 type=observe q_typed_reliable_context=4.086029 sequence=1105.612870
[onpolicy-r21/subckt_0197] [plan] step=455 node=__buf_split_20690 type=observe q_typed_reliable_context=1.996069 sequence=1107.608938
[onpolicy-r21/subckt_0197] [plan] step=456 node=new_n14320 type=observe q_typed_reliable_context=2.572475 sequence=1110.181413
[onpolicy-r21/subckt_0197] [plan] step=457 node=__buf_split_536 type=observe q_typed_reliable_context=3.942496 sequence=1114.123909
[onpolicy-r21/subckt_0197] [plan] step=458 node=__buf_split_540 type=observe q_typed_reliable_context=5.202173 sequence=1119.326083
[onpolicy-r21/subckt_0197] [plan] step=459 node=new_n14939 type=control0 q_typed_reliable_context=1.716146 sequence=1121.042229
[onpolicy-r21/subckt_0197] [plan] step=460 node=__buf_split_79 type=control0 q_typed_reliable_context=5.388160 sequence=1126.430390
[onpolicy-r21/subckt_0197] [plan] step=461 node=__aig_not_88 type=observe q_typed_reliable_context=0.692317 sequence=1127.122707
[onpolicy-r21/subckt_0197] [plan] step=462 node=__buf_split_54 type=control0 q_typed_reliable_context=4.547889 sequence=1131.670596
[onpolicy-r21/subckt_0197] [plan] step=463 node=__aig_not_35097 type=observe q_typed_reliable_context=1.958872 sequence=1133.629467
[onpolicy-r21/subckt_0197] [plan] step=464 node=new_n14366 type=control0 q_typed_reliable_context=1.531912 sequence=1135.161380
[onpolicy-r21/subckt_0197] [plan] step=465 node=__buf_split_52 type=observe q_typed_reliable_context=3.053753 sequence=1138.215133
[onpolicy-r21/subckt_0197] [plan] step=466 node=__buf_split_21611 type=control0 q_typed_reliable_context=1.982121 sequence=1140.197254
[onpolicy-r21/subckt_0197] [plan] step=467 node=__aig_not_33594 type=observe q_typed_reliable_context=1.206063 sequence=1141.403318
[onpolicy-r21/subckt_0197] [plan] step=468 node=__buf_split_20685 type=observe q_typed_reliable_context=1.935036 sequence=1143.338354
[onpolicy-r21/subckt_0197] [plan] step=469 node=__aig_not_34631 type=observe q_typed_reliable_context=2.990254 sequence=1146.328608
[onpolicy-r21/subckt_0197] [plan] step=470 node=new_n14575 type=control1 q_typed_reliable_context=3.378671 sequence=1149.707279
[onpolicy-r21/subckt_0197] [plan] step=471 node=__buf_split_21281 type=observe q_typed_reliable_context=1.554727 sequence=1151.262006
[onpolicy-r21/subckt_0197] [plan] step=472 node=new_n15009 type=control0 q_typed_reliable_context=2.374465 sequence=1153.636471
[onpolicy-r21/subckt_0197] [plan] step=473 node=new_n15008 type=control0 q_typed_reliable_context=2.434898 sequence=1156.071368
[onpolicy-r21/subckt_0197] [plan] step=474 node=__buf_split_22188 type=observe q_typed_reliable_context=3.105973 sequence=1159.177342
[onpolicy-r21/subckt_0197] [plan] step=475 node=__buf_split_20687 type=observe q_typed_reliable_context=1.788506 sequence=1160.965847
[onpolicy-r21/subckt_0197] [plan] step=476 node=__buf_split_20281 type=observe q_typed_reliable_context=1.595351 sequence=1162.561198
[onpolicy-r21/subckt_0197] [plan] step=477 node=__buf_split_20268 type=observe q_typed_reliable_context=2.150400 sequence=1164.711598
[onpolicy-r21/subckt_0197] [plan] step=478 node=__aig_and_37585 type=observe q_typed_reliable_context=4.343606 sequence=1169.055204
[onpolicy-r21/subckt_0197] [plan] step=479 node=__aig_not_35090 type=observe q_typed_reliable_context=3.470073 sequence=1172.525277
[onpolicy-r21/subckt_0197] [plan] step=480 node=__buf_split_240 type=observe q_typed_reliable_context=2.297125 sequence=1174.822403
[onpolicy-r21/subckt_0197] [plan] step=481 node=__buf_split_20267 type=observe q_typed_reliable_context=3.062734 sequence=1177.885137
[onpolicy-r21/subckt_0197] [plan] step=482 node=__aig_not_275 type=observe q_typed_reliable_context=4.494471 sequence=1182.379608
[onpolicy-r21/subckt_0197] [plan] step=483 node=new_n416 type=observe q_typed_reliable_context=2.692244 sequence=1185.071852
[onpolicy-r21/subckt_0197] [plan] step=484 node=__buf_split_271 type=observe q_typed_reliable_context=3.332602 sequence=1188.404454
[onpolicy-r21/subckt_0197] [plan] step=485 node=__buf_split_534 type=observe q_typed_reliable_context=4.282323 sequence=1192.686777
[onpolicy-r21/subckt_0197] [plan] step=486 node=__buf_split_535 type=observe q_typed_reliable_context=4.227458 sequence=1196.914235
[onpolicy-r21/subckt_0197] [plan] step=487 node=__aig_not_36214 type=observe q_typed_reliable_context=4.371326 sequence=1201.285560
[onpolicy-r21/subckt_0197] [plan] step=488 node=__aig_and_37587 type=observe q_typed_reliable_context=3.640131 sequence=1204.925691
[onpolicy-r21/subckt_0197] [plan] step=489 node=__aig_not_37584 type=observe q_typed_reliable_context=4.070649 sequence=1208.996340
[onpolicy-r21/subckt_0197] [plan] step=490 node=__buf_split_20705 type=observe q_typed_reliable_context=3.960785 sequence=1212.957125
[onpolicy-r21/subckt_0197] [plan] step=491 node=new_n15549 type=observe q_typed_reliable_context=4.709618 sequence=1217.666743
[onpolicy-r21/subckt_0197] [plan] step=492 node=__aig_not_34626 type=observe q_typed_reliable_context=1.585955 sequence=1219.252698
[onpolicy-r21/subckt_0197] [plan] step=493 node=__buf_split_23062 type=observe q_typed_reliable_context=1.946307 sequence=1221.199005
[onpolicy-r21/subckt_0197] [plan] step=494 node=__buf_split_23063 type=observe q_typed_reliable_context=2.270082 sequence=1223.469086
[onpolicy-r21/subckt_0197] [plan] step=495 node=__buf_split_20704 type=observe q_typed_reliable_context=3.221328 sequence=1226.690414
[onpolicy-r21/subckt_0197] [plan] step=496 node=__aig_not_33630 type=observe q_typed_reliable_context=3.543737 sequence=1230.234151
[onpolicy-r21/subckt_0197] [plan] step=497 node=__aig_not_39177 type=observe q_typed_reliable_context=3.774504 sequence=1234.008655
[onpolicy-r21/subckt_0197] [plan] step=498 node=__aig_not_37591 type=observe q_typed_reliable_context=4.398247 sequence=1238.406902
[onpolicy-r21/subckt_0197] [plan] step=499 node=__aig_not_36260 type=observe q_typed_reliable_context=4.382829 sequence=1242.789732
[onpolicy-r21/subckt_0197] [plan] step=500 node=__buf_split_22134 type=observe q_typed_reliable_context=1.719119 sequence=1244.508850
[onpolicy-r21/subckt_0197] [plan] step=501 node=__buf_split_24053 type=observe q_typed_reliable_context=1.493615 sequence=1246.002465
[onpolicy-r21/subckt_0197] [plan] step=502 node=__aig_not_36053 type=observe q_typed_reliable_context=1.895792 sequence=1247.898257
[onpolicy-r21/subckt_0197] [plan] step=503 node=__aig_and_36047 type=observe q_typed_reliable_context=2.589954 sequence=1250.488211
[onpolicy-r21/subckt_0197] [plan] step=504 node=__buf_split_20280 type=observe q_typed_reliable_context=2.534578 sequence=1253.022789
[onpolicy-r21/subckt_0197] [plan] step=505 node=__aig_and_36045 type=observe q_typed_reliable_context=1.988006 sequence=1255.010794
[onpolicy-r21/subckt_0197] [plan] step=506 node=__buf_split_22257 type=observe q_typed_reliable_context=1.946863 sequence=1256.957657
[onpolicy-r21/subckt_0197] [plan] step=507 node=__aig_not_37594 type=observe q_typed_reliable_context=3.101443 sequence=1260.059100
[onpolicy-r21/subckt_0197] [plan] step=508 node=__aig_not_36046 type=observe q_typed_reliable_context=2.668465 sequence=1262.727566
[onpolicy-r21/subckt_0197] [plan] step=509 node=__aig_and_37595 type=observe q_typed_reliable_context=2.516347 sequence=1265.243913
[onpolicy-r21/subckt_0197] [plan] step=510 node=__buf_split_22143 type=observe q_typed_reliable_context=2.128309 sequence=1267.372222
[onpolicy-r21/subckt_0197] [plan] step=511 node=new_n14930 type=observe q_typed_reliable_context=1.774884 sequence=1269.147106
[onpolicy-r21/subckt_0197] [plan] step=512 node=__aig_and_35154 type=observe q_typed_reliable_context=1.514594 sequence=1270.661700
[onpolicy-r21/subckt_0197] [plan] step=513 node=__aig_not_34528 type=observe q_typed_reliable_context=1.567397 sequence=1272.229097
[onpolicy-r21/subckt_0197] [plan] step=514 node=new_n16200 type=observe q_typed_reliable_context=2.271276 sequence=1274.500373
[onpolicy-r21/subckt_0197] [plan] step=515 node=__buf_split_22147 type=observe q_typed_reliable_context=2.069466 sequence=1276.569839
[onpolicy-r21/subckt_0197] [plan] step=516 node=new_n15552 type=observe q_typed_reliable_context=1.883617 sequence=1278.453456
[onpolicy-r21/subckt_0197] [plan] step=517 node=__aig_not_39492 type=observe q_typed_reliable_context=1.630458 sequence=1280.083914
[onpolicy-r21/subckt_0197] [plan] step=518 node=__aig_and_36093 type=observe q_typed_reliable_context=1.186342 sequence=1281.270256
[onpolicy-r21/subckt_0197] [plan] step=519 node=__aig_not_36103 type=control0 q_typed_reliable_context=1.358804 sequence=1282.629060
[onpolicy-r21/subckt_0197] [plan] step=520 node=__aig_not_39205 type=observe q_typed_reliable_context=1.554164 sequence=1284.183224
[onpolicy-r21/subckt_0197] [plan] step=521 node=__aig_not_37586 type=observe q_typed_reliable_context=1.622611 sequence=1285.805835
[onpolicy-r21/subckt_0197] [plan] step=522 node=new_n14323 type=control1 q_typed_reliable_context=1.934525 sequence=1287.740360
[onpolicy-r21/subckt_0197] [plan] step=523 node=new_n14948 type=observe q_typed_reliable_context=1.709815 sequence=1289.450175
[onpolicy-r21/subckt_0197] [plan] step=524 node=__buf_split_22160 type=observe q_typed_reliable_context=1.424297 sequence=1290.874473
[onpolicy-r21/subckt_0197] [plan] step=525 node=__aig_and_36085 type=control1 q_typed_reliable_context=1.359375 sequence=1292.233848
[onpolicy-r21/subckt_0197] [plan] step=526 node=new_n14944 type=observe q_typed_reliable_context=2.450010 sequence=1294.683857
[onpolicy-r21/subckt_0197] [plan] step=527 node=__aig_and_36052 type=observe q_typed_reliable_context=2.091417 sequence=1296.775275
[onpolicy-r21/subckt_0197] [plan] step=528 node=__aig_and_36075 type=observe q_typed_reliable_context=2.225999 sequence=1299.001273
[onpolicy-r21/subckt_0197] [plan] step=529 node=new_n15017 type=observe q_typed_reliable_context=2.210095 sequence=1301.211369
[onpolicy-r21/subckt_0197] [plan] step=530 node=__buf_split_22176 type=control0 q_typed_reliable_context=2.569228 sequence=1303.780597
[onpolicy-r21/subckt_0197] [plan] step=531 node=__aig_not_36099 type=observe q_typed_reliable_context=1.281818 sequence=1305.062415
[onpolicy-r21/subckt_0197] [plan] step=532 node=__aig_not_36043 type=observe q_typed_reliable_context=2.103642 sequence=1307.166057
[onpolicy-r21/subckt_0197] [plan] step=533 node=new_n15012 type=observe q_typed_reliable_context=1.353194 sequence=1308.519252
[onpolicy-r21/subckt_0197] [plan] step=534 node=__aig_and_36050 type=observe q_typed_reliable_context=2.419977 sequence=1310.939229
[onpolicy-r21/subckt_0197] [plan] step=535 node=__aig_and_36073 type=observe q_typed_reliable_context=2.666393 sequence=1313.605622
[onpolicy-r21/subckt_0197] [plan] step=536 node=new_n14932 type=observe q_typed_reliable_context=1.412842 sequence=1315.018464
[onpolicy-r21/subckt_0197] [plan] step=537 node=new_n14941 type=observe q_typed_reliable_context=1.395489 sequence=1316.413953
[onpolicy-r21/subckt_0197] [plan] step=538 node=__aig_not_35140 type=control0 q_typed_reliable_context=1.077633 sequence=1317.491586
[onpolicy-r21/subckt_0197] [plan] step=539 node=__aig_not_36236 type=observe q_typed_reliable_context=1.441982 sequence=1318.933568
[onpolicy-r21/subckt_0197] [plan] step=540 node=__buf_split_22156 type=observe q_typed_reliable_context=2.295717 sequence=1321.229285
[onpolicy-r21/subckt_0197] [plan] step=541 node=new_n14938 type=observe q_typed_reliable_context=2.222821 sequence=1323.452106
[onpolicy-r21/subckt_0197] [plan] step=542 node=__buf_split_22137 type=observe q_typed_reliable_context=1.522720 sequence=1324.974826
[onpolicy-r21/subckt_0197] [plan] step=543 node=__aig_and_36096 type=observe q_typed_reliable_context=2.711777 sequence=1327.686602
[onpolicy-r21/subckt_0197] [plan] step=544 node=new_n15007 type=observe q_typed_reliable_context=1.698220 sequence=1329.384823
[onpolicy-r21/subckt_0197] [plan] step=545 node=__buf_split_22255 type=observe q_typed_reliable_context=2.587567 sequence=1331.972389
[onpolicy-r21/subckt_0197] [plan] step=546 node=new_n14933 type=observe q_typed_reliable_context=1.484221 sequence=1333.456611
[onpolicy-r21/subckt_0197] [plan] step=547 node=new_n14960 type=control0 q_typed_reliable_context=3.617271 sequence=1337.073882
[onpolicy-r21/subckt_0197] [plan] step=548 node=__buf_split_22135 type=observe q_typed_reliable_context=2.046620 sequence=1339.120502
[onpolicy-r21/subckt_0197] [plan] step=549 node=__aig_not_36076 type=observe q_typed_reliable_context=1.340175 sequence=1340.460677
[onpolicy-r21/subckt_0197] [plan] step=550 node=__buf_split_22130 type=observe q_typed_reliable_context=1.988028 sequence=1342.448706
[onpolicy-r21/subckt_0197] [plan] step=551 node=__aig_and_36228 type=control0 q_typed_reliable_context=1.173772 sequence=1343.622478
[onpolicy-r21/subckt_0197] [plan] step=552 node=__aig_not_36243 type=control0 q_typed_reliable_context=0.583985 sequence=1344.206462
[onpolicy-r21/subckt_0197] [plan] step=553 node=__aig_not_34652 type=control0 q_typed_reliable_context=0.578355 sequence=1344.784818
[onpolicy-r21/subckt_0197] [plan] step=554 node=new_n15005 type=control0 q_typed_reliable_context=2.621538 sequence=1347.406355
[onpolicy-r21/subckt_0197] [plan] step=555 node=new_n14957 type=observe q_typed_reliable_context=0.348147 sequence=1347.754502
[onpolicy-r21/subckt_0197] [plan] step=556 node=__aig_not_36258 type=observe q_typed_reliable_context=2.796839 sequence=1350.551342
[onpolicy-r21/subckt_0197] [plan] step=557 node=new_n14931 type=observe q_typed_reliable_context=2.760297 sequence=1353.311639
[onpolicy-r21/subckt_0197] [plan] step=558 node=new_n14940 type=observe q_typed_reliable_context=1.992595 sequence=1355.304234
[onpolicy-r21/subckt_0197] [plan] step=559 node=__buf_split_21608 type=control1 q_typed_reliable_context=0.657661 sequence=1355.961895
[onpolicy-r21/subckt_0197] [plan] step=560 node=__aig_not_36246 type=observe q_typed_reliable_context=0.403793 sequence=1356.365688
[onpolicy-r21/subckt_0197] [plan] step=561 node=__aig_not_36224 type=observe q_typed_reliable_context=1.284509 sequence=1357.650197
[onpolicy-r21/subckt_0197] [plan] step=562 node=__buf_split_22173 type=observe q_typed_reliable_context=3.353304 sequence=1361.003501
[onpolicy-r21/subckt_0197] [plan] step=563 node=new_n14950 type=observe q_typed_reliable_context=3.202619 sequence=1364.206120
[onpolicy-r21/subckt_0197] [plan] step=564 node=new_n14949 type=observe q_typed_reliable_context=2.847332 sequence=1367.053452
[onpolicy-r21/subckt_0197] [plan] step=565 node=__buf_split_22247 type=observe q_typed_reliable_context=2.914697 sequence=1369.968149
[onpolicy-r21/subckt_0197] [plan] step=566 node=__buf_split_21595 type=control1 q_typed_reliable_context=1.244093 sequence=1371.212242
[onpolicy-r21/subckt_0197] [plan] step=567 node=__aig_not_36232 type=control0 q_typed_reliable_context=2.776946 sequence=1373.989187
[onpolicy-r21/subckt_0197] [plan] step=568 node=__buf_split_22253 type=control1 q_typed_reliable_context=0.417312 sequence=1374.406499
[onpolicy-r21/subckt_0197] [plan] step=569 node=__aig_not_36238 type=control0 q_typed_reliable_context=0.801943 sequence=1375.208442
[onpolicy-r21/subckt_0197] [plan] step=570 node=new_n14365 type=control0 q_typed_reliable_context=1.040536 sequence=1376.248977
[onpolicy-r21/subckt_0197] [plan] step=571 node=__buf_split_22244 type=control0 q_typed_reliable_context=4.339436 sequence=1380.588413
[onpolicy-r21/subckt_0197] [plan] step=572 node=__aig_not_34479 type=control0 q_typed_reliable_context=1.458684 sequence=1382.047097
[onpolicy-r21/subckt_0197] [plan] step=573 node=new_n15003 type=control0 q_typed_reliable_context=1.528095 sequence=1383.575193
[onpolicy-r21/subckt_0197] [plan] step=574 node=quotient[20] type=control0 q_typed_reliable_context=1.252682 sequence=1384.827874
[onpolicy-r21/subckt_0197] [plan] step=575 node=__aig_not_33605 type=control0 q_typed_reliable_context=1.991770 sequence=1386.819645
[onpolicy-r21/subckt_0197] [plan] step=576 node=__aig_and_90 type=observe q_typed_reliable_context=2.428883 sequence=1389.248528
[onpolicy-r21/subckt_0197] [plan] step=577 node=__buf_split_22163 type=observe q_typed_reliable_context=1.101519 sequence=1390.350047
[onpolicy-r21/subckt_0197] [plan] step=578 node=__aig_not_36239 type=observe q_typed_reliable_context=1.187814 sequence=1391.537861
[onpolicy-r21/subckt_0197] [plan] step=579 node=__buf_split_22161 type=observe q_typed_reliable_context=2.418010 sequence=1393.955871
[onpolicy-r21/subckt_0197] [plan] step=580 node=__aig_not_36234 type=observe q_typed_reliable_context=1.721546 sequence=1395.677417
[onpolicy-r21/subckt_0197] [plan] step=581 node=__aig_not_36100 type=observe q_typed_reliable_context=1.280590 sequence=1396.958006
[onpolicy-r21/subckt_0197] [plan] step=582 node=new_n15006 type=observe q_typed_reliable_context=2.379785 sequence=1399.337791
[onpolicy-r21/subckt_0197] [plan] step=583 node=__aig_not_36123 type=control0 q_typed_reliable_context=1.761400 sequence=1401.099191
[onpolicy-r21/subckt_0197] [plan] step=584 node=new_n14304 type=control0 q_typed_reliable_context=2.534062 sequence=1403.633254
[onpolicy-r21/subckt_0197] [plan] step=585 node=new_n14360 type=control0 q_typed_reliable_context=1.240970 sequence=1404.874224
[onpolicy-r21/subckt_0197] [plan] step=586 node=__aig_and_36121 type=control1 q_typed_reliable_context=3.053825 sequence=1407.928049
[onpolicy-r21/subckt_0197] [plan] step=587 node=__aig_and_36078 type=observe q_typed_reliable_context=1.741403 sequence=1409.669452
[onpolicy-r21/subckt_0197] [plan] step=588 node=new_n13972 type=control1 q_typed_reliable_context=0.820130 sequence=1410.489582
[onpolicy-r21/subckt_0197] [plan] step=589 node=new_n14373 type=control1 q_typed_reliable_context=0.993952 sequence=1411.483534
[onpolicy-r21/subckt_0197] [plan] step=590 node=new_n16320 type=control0 q_typed_reliable_context=1.688098 sequence=1413.171632
[onpolicy-r21/subckt_0197] [plan] step=591 node=__aig_and_36249 type=observe q_typed_reliable_context=1.590287 sequence=1414.761919
[onpolicy-r21/subckt_0197] [plan] step=592 node=new_n14571 type=control1 q_typed_reliable_context=0.728339 sequence=1415.490257
[onpolicy-r21/subckt_0197] [plan] step=593 node=new_n16318 type=control0 q_typed_reliable_context=1.443088 sequence=1416.933345
[onpolicy-r21/subckt_0197] [plan] step=594 node=__aig_not_40887 type=control0 q_typed_reliable_context=1.325185 sequence=1418.258531
[onpolicy-r21/subckt_0197] [plan] step=595 node=__aig_and_36055 type=observe q_typed_reliable_context=2.860553 sequence=1421.119084
[onpolicy-r21/subckt_0197] [plan] step=596 node=__aig_not_36072 type=observe q_typed_reliable_context=2.106849 sequence=1423.225934
[onpolicy-r21/subckt_0197] [plan] step=597 node=__buf_split_21615 type=control1 q_typed_reliable_context=1.593734 sequence=1424.819667
[onpolicy-r21/subckt_0197] [plan] step=598 node=__buf_split_21616 type=control1 q_typed_reliable_context=2.071522 sequence=1426.891189
[onpolicy-r21/subckt_0197] [plan] step=599 node=__aig_and_36116 type=observe q_typed_reliable_context=3.626898 sequence=1430.518087
[onpolicy-r21/subckt_0197] [plan] step=600 node=__aig_not_36095 type=observe q_typed_reliable_context=2.580742 sequence=1433.098830
[onpolicy-r21/subckt_0197] [plan] step=601 node=__aig_not_33606 type=control0 q_typed_reliable_context=3.419665 sequence=1436.518494
[onpolicy-r21/subckt_0197] [plan] step=602 node=__aig_not_36126 type=control1 q_typed_reliable_context=2.868662 sequence=1439.387156
[onpolicy-r21/subckt_0197] [plan] step=603 node=__aig_and_36261 type=observe q_typed_reliable_context=1.107337 sequence=1440.494493
[onpolicy-r21/subckt_0197] [plan] step=604 node=__aig_not_36049 type=observe q_typed_reliable_context=2.297126 sequence=1442.791620
[onpolicy-r21/subckt_0197] [plan] step=605 node=__aig_not_39501 type=control0 q_typed_reliable_context=1.279851 sequence=1444.071471
[onpolicy-r21/subckt_0197] [plan] step=606 node=__aig_and_37593 type=observe q_typed_reliable_context=2.025149 sequence=1446.096619
[onpolicy-r21/subckt_0197] [plan] step=607 node=new_n14961 type=control1 q_typed_reliable_context=1.171657 sequence=1447.268277
[onpolicy-r21/subckt_0197] [plan] step=608 node=__aig_not_36227 type=control0 q_typed_reliable_context=1.263745 sequence=1448.532022
[onpolicy-r21/subckt_0197] [plan] step=609 node=__aig_not_40886 type=control0 q_typed_reliable_context=1.832115 sequence=1450.364137
[onpolicy-r21/subckt_0197] [plan] step=610 node=__aig_and_35095 type=observe q_typed_reliable_context=2.748784 sequence=1453.112921
[onpolicy-r21/subckt_0197] [plan] step=611 node=__buf_split_20688 type=observe q_typed_reliable_context=2.027508 sequence=1455.140429
[onpolicy-r21/subckt_0197] [plan] step=612 node=new_n13355 type=control1 q_typed_reliable_context=0.851363 sequence=1455.991791
[onpolicy-r21/subckt_0197] [plan] step=613 node=__aig_and_36237 type=observe q_typed_reliable_context=1.412269 sequence=1457.404060
[onpolicy-r21/subckt_0197] [plan] step=614 node=__buf_split_22239 type=control1 q_typed_reliable_context=1.236495 sequence=1458.640554
[onpolicy-r21/subckt_0197] [plan] step=615 node=__aig_and_36247 type=observe q_typed_reliable_context=1.342704 sequence=1459.983259
[onpolicy-r21/subckt_0197] [plan] step=616 node=__aig_and_40893 type=control1 q_typed_reliable_context=2.074877 sequence=1462.058136
[onpolicy-r21/subckt_0197] [plan] step=617 node=__aig_and_36259 type=observe q_typed_reliable_context=1.885928 sequence=1463.944064
[onpolicy-r21/subckt_0197] [plan] step=618 node=new_n15004 type=control1 q_typed_reliable_context=2.960332 sequence=1466.904396
[onpolicy-r21/subckt_0197] [plan] step=619 node=__aig_and_36235 type=observe q_typed_reliable_context=1.065590 sequence=1467.969986
[onpolicy-r21/subckt_0197] [plan] step=620 node=__buf_split_21614 type=control1 q_typed_reliable_context=3.709631 sequence=1471.679617
[onpolicy-r21/subckt_0197] [plan] step=621 node=new_n14569 type=control1 q_typed_reliable_context=3.714160 sequence=1475.393777
[onpolicy-r21/subckt_0197] [plan] step=622 node=__aig_and_36225 type=observe q_typed_reliable_context=2.133915 sequence=1477.527692
[onpolicy-r21/subckt_0197] [plan] step=623 node=__aig_and_40880 type=control1 q_typed_reliable_context=4.665026 sequence=1482.192719
[onpolicy-r21/subckt_0197] [plan] step=624 node=new_n14301 type=control1 q_typed_reliable_context=2.668190 sequence=1484.860908
[onpolicy-r21/subckt_0197] [plan] step=625 node=new_n14310 type=control1 q_typed_reliable_context=1.787019 sequence=1486.647927
[onpolicy-r21/subckt_0197] [plan] step=626 node=__buf_split_21612 type=control1 q_typed_reliable_context=1.911358 sequence=1488.559285
[onpolicy-r21/subckt_0197] [plan] step=627 node=__buf_split_22242 type=control1 q_typed_reliable_context=0.938040 sequence=1489.497326
[onpolicy-r21/subckt_0197] [plan] step=628 node=__buf_split_22245 type=control1 q_typed_reliable_context=1.276646 sequence=1490.773971
[onpolicy-r21/subckt_0197] [plan] step=629 node=__buf_split_22174 type=control1 q_typed_reliable_context=1.327580 sequence=1492.101552
[onpolicy-r21/subckt_0197] [plan] step=630 node=new_n14303 type=control1 q_typed_reliable_context=1.435618 sequence=1493.537170
[onpolicy-r21/subckt_0197] [plan] step=631 node=new_n16202 type=control1 q_typed_reliable_context=1.371173 sequence=1494.908343
[onpolicy-r21/subckt_0197] [plan] step=632 node=new_n16206 type=control1 q_typed_reliable_context=1.391297 sequence=1496.299640
[onpolicy-r21/subckt_0197] [plan] step=633 node=new_n16874 type=control1 q_typed_reliable_context=1.323660 sequence=1497.623299
[onpolicy-r21/subckt_0197] [plan] step=634 node=new_n16193 type=control1 q_typed_reliable_context=1.964431 sequence=1499.587730
[onpolicy-r21/subckt_0197] [plan] step=635 node=__aig_and_33597 type=control1 q_typed_reliable_context=5.526597 sequence=1505.114327
[onpolicy-r21/subckt_0197] [plan] step=636 node=__buf_split_22250 type=control1 q_typed_reliable_context=0.920895 sequence=1506.035222
[onpolicy-r21/subckt_0197] [plan] step=637 node=__aig_and_648 type=control1 q_typed_reliable_context=6.067291 sequence=1512.102513
[onpolicy-r21/subckt_0197] [plan] step=638 node=__aig_not_39221 type=control0 q_typed_reliable_context=0.594805 sequence=1512.697318
[onpolicy-r21/subckt_0197] [plan] step=639 node=__aig_and_650 type=control1 q_typed_reliable_context=4.224221 sequence=1516.921539
[onpolicy-r21/subckt_0197] [plan] step=640 node=__buf_split_21188 type=control0 q_typed_reliable_context=0.693919 sequence=1517.615458
[onpolicy-r21/subckt_0197] [plan] step=641 node=new_n16319 type=control1 q_typed_reliable_context=2.302117 sequence=1519.917575
[onpolicy-r21/subckt_0197] [plan] step=642 node=__aig_not_39185 type=control0 q_typed_reliable_context=3.159071 sequence=1523.076646
[onpolicy-r21/subckt_0197] [plan] step=643 node=__buf_split_25057 type=control0 q_typed_reliable_context=4.226633 sequence=1527.303279
[onpolicy-r21/subckt_0197] [plan] step=644 node=__buf_split_24228 type=control0 q_typed_reliable_context=0.740119 sequence=1528.043398
[onpolicy-r21/subckt_0197] [plan] step=645 node=new_n16205 type=control0 q_typed_reliable_context=4.578914 sequence=1532.622312
[onpolicy-r21/subckt_0197] [plan] step=646 node=__aig_not_39502 type=control0 q_typed_reliable_context=2.698567 sequence=1535.320879
[onpolicy-r21/subckt_0197] [plan] step=647 node=__aig_not_40860 type=control1 q_typed_reliable_context=5.366873 sequence=1540.687752
[onpolicy-r21/subckt_0197] [plan] step=648 node=__aig_not_39511 type=control1 q_typed_reliable_context=1.301329 sequence=1541.989081
[onpolicy-r21/subckt_0197] [plan] step=649 node=__aig_not_39497 type=control0 q_typed_reliable_context=1.473566 sequence=1543.462647
[onpolicy-r21/subckt_0197] [plan] step=650 node=__aig_not_39184 type=control0 q_typed_reliable_context=1.612483 sequence=1545.075130
[onpolicy-r21/subckt_0197] [plan] step=651 node=__buf_split_25059 type=control0 q_typed_reliable_context=3.957742 sequence=1549.032872
[onpolicy-r21/subckt_0197] [plan] step=652 node=__buf_split_25043 type=control0 q_typed_reliable_context=2.465513 sequence=1551.498386
[onpolicy-r21/subckt_0197] [plan] step=653 node=__buf_split_24235 type=control0 q_typed_reliable_context=2.125578 sequence=1553.623964
[onpolicy-r21/subckt_0197] [plan] step=654 node=new_n287 type=control1 q_typed_reliable_context=0.546258 sequence=1554.170222
[onpolicy-r21/subckt_0197] [plan] step=655 node=__buf_split_24055 type=control0 q_typed_reliable_context=0.885726 sequence=1555.055948
[onpolicy-r21/subckt_0197] [plan] step=656 node=new_n16201 type=control0 q_typed_reliable_context=0.997997 sequence=1556.053944
[onpolicy-r21/subckt_0197] [plan] step=657 node=__aig_not_40884 type=control0 q_typed_reliable_context=6.321056 sequence=1562.375000
[onpolicy-r21/subckt_0197] [plan] step=658 node=__aig_not_39187 type=control0 q_typed_reliable_context=6.162221 sequence=1568.537222
[onpolicy-r21/subckt_0197] [plan] step=659 node=new_n15000 type=control0 q_typed_reliable_context=4.576090 sequence=1573.113311
[onpolicy-r21/subckt_0197] [plan] step=660 node=__buf_split_22243 type=control0 q_typed_reliable_context=0.838917 sequence=1573.952228
[onpolicy-r21/subckt_0197] [plan] step=661 node=__aig_not_35130 type=control0 q_typed_reliable_context=0.670302 sequence=1574.622530
[onpolicy-r21/subckt_0197] [plan] step=662 node=__aig_not_40863 type=control0 q_typed_reliable_context=0.996198 sequence=1575.618729
[onpolicy-r21/subckt_0197] [plan] step=663 node=__aig_not_36219 type=control0 q_typed_reliable_context=4.049021 sequence=1579.667750
[onpolicy-r21/subckt_0197] [plan] step=664 node=__aig_not_39164 type=control0 q_typed_reliable_context=3.643348 sequence=1583.311098
[onpolicy-r21/subckt_0197] [plan] step=665 node=__aig_not_39161 type=control0 q_typed_reliable_context=1.194997 sequence=1584.506095
[onpolicy-r21/subckt_0197] [plan] step=666 node=__aig_not_39162 type=control0 q_typed_reliable_context=1.019503 sequence=1585.525598
[onpolicy-r21/subckt_0197] [plan] step=667 node=__aig_not_39509 type=control0 q_typed_reliable_context=2.139908 sequence=1587.665506
[onpolicy-r21/subckt_0197] [plan] step=668 node=new_n15666 type=control1 q_typed_reliable_context=5.174788 sequence=1592.840294
[onpolicy-r21/subckt_0197] [plan] step=669 node=__aig_and_35134 type=control1 q_typed_reliable_context=5.989153 sequence=1598.829447
[onpolicy-r21/subckt_0197] [plan] step=670 node=__buf_split_24225 type=control1 q_typed_reliable_context=0.513108 sequence=1599.342555
[onpolicy-r21/subckt_0197] [plan] step=671 node=__buf_split_22246 type=control0 q_typed_reliable_context=0.635191 sequence=1599.977746
[onpolicy-r21/subckt_0197] [plan] step=672 node=__buf_split_22251 type=control0 q_typed_reliable_context=0.665235 sequence=1600.642981
[onpolicy-r21/subckt_0197] [plan] step=673 node=__aig_and_36264 type=control0 q_typed_reliable_context=5.173480 sequence=1605.816461
[onpolicy-r21/subckt_0197] [plan] step=674 node=__buf_split_22254 type=control0 q_typed_reliable_context=1.403526 sequence=1607.219987
[onpolicy-r21/subckt_0197] [plan] step=675 node=__aig_and_36252 type=control0 q_typed_reliable_context=4.026104 sequence=1611.246092
[onpolicy-r21/subckt_0197] [plan] step=676 node=__aig_not_36262 type=control0 q_typed_reliable_context=4.450019 sequence=1615.696111
[onpolicy-r21/subckt_0197] [plan] step=677 node=new_n15014 type=control0 q_typed_reliable_context=6.011446 sequence=1621.707557
[onpolicy-r21/subckt_0197] [plan] step=678 node=__aig_not_36250 type=control0 q_typed_reliable_context=2.056489 sequence=1623.764046
[onpolicy-r21/subckt_0197] [plan] step=679 node=new_n14580 type=control0 q_typed_reliable_context=2.740327 sequence=1626.504374
[onpolicy-r21/subckt_0197] [plan] step=680 node=__aig_and_36245 type=control0 q_typed_reliable_context=4.394955 sequence=1630.899329
[onpolicy-r21/subckt_0197] [plan] step=681 node=__aig_not_36253 type=control0 q_typed_reliable_context=5.888806 sequence=1636.788135
[onpolicy-r21/subckt_0197] [plan] step=682 node=new_n14579 type=control0 q_typed_reliable_context=5.204069 sequence=1641.992204
[onpolicy-r21/subckt_0197] [plan] step=683 node=new_n15010 type=control0 q_typed_reliable_context=3.746994 sequence=1645.739199
[onpolicy-r21/subckt_0197] [plan] step=684 node=__aig_not_35153 type=control0 q_typed_reliable_context=5.794689 sequence=1651.533888
[onpolicy-r21/subckt_0197] [plan] step=685 node=quotient[19] type=control0 q_typed_reliable_context=2.343051 sequence=1653.876938
[onpolicy-r21/subckt_0197] [plan] step=686 node=__aig_not_35151 type=control0 q_typed_reliable_context=3.598628 sequence=1657.475566
[onpolicy-r21/subckt_0197] [plan] step=687 node=new_n14578 type=control0 q_typed_reliable_context=3.679457 sequence=1661.155023
[onpolicy-r21/subckt_0197] [plan] step=688 node=__buf_split_22259 type=control0 q_typed_reliable_context=3.261811 sequence=1664.416834
[onpolicy-r21/subckt_0197] [plan] step=689 node=__buf_split_23064 type=control0 q_typed_reliable_context=1.470889 sequence=1665.887723
[onpolicy-r21/subckt_0197] [plan] step=690 node=__aig_not_35148 type=control0 q_typed_reliable_context=0.717519 sequence=1666.605242
[onpolicy-r21/subckt_0197] [plan] step=691 node=__aig_not_35146 type=control0 q_typed_reliable_context=0.960530 sequence=1667.565772
[onpolicy-r21/subckt_0197] [plan] step=692 node=new_n14572 type=control0 q_typed_reliable_context=6.736621 sequence=1674.302393
[onpolicy-r21/subckt_0197] [plan] step=693 node=new_n14375 type=control0 q_typed_reliable_context=2.448924 sequence=1676.751317
[onpolicy-r21/subckt_0197] [plan] step=694 node=new_n301 type=control1 q_typed_reliable_context=0.450081 sequence=1677.201398
[onpolicy-r21/subckt_0197] [plan] step=695 node=new_n16869 type=control1 q_typed_reliable_context=0.620191 sequence=1677.821589
[onpolicy-r21/subckt_0197] [plan] step=696 node=new_n16868 type=control1 q_typed_reliable_context=0.676479 sequence=1678.498068
[onpolicy-r21/subckt_0197] [plan] step=697 node=__buf_split_24226 type=control1 q_typed_reliable_context=0.975936 sequence=1679.474004
[onpolicy-r21/subckt_0197] [plan] step=698 node=__buf_split_24052 type=control1 q_typed_reliable_context=0.929457 sequence=1680.403461
[onpolicy-r21/subckt_0197] [plan] step=699 node=__aig_and_49 type=control1 q_typed_reliable_context=3.520516 sequence=1683.923977
[onpolicy-r21/subckt_0197] [plan] step=700 node=new_n280 type=control1 q_typed_reliable_context=1.120973 sequence=1685.044950
[onpolicy-r21/subckt_0197] [plan] step=701 node=__aig_and_87 type=control1 q_typed_reliable_context=3.838394 sequence=1688.883344
[onpolicy-r21/subckt_0197] [plan] step=702 node=new_n298 type=control1 q_typed_reliable_context=1.045150 sequence=1689.928494
[onpolicy-r21/subckt_0197] [plan] step=703 node=__aig_and_64 type=control1 q_typed_reliable_context=3.134472 sequence=1693.062965
[onpolicy-r21/subckt_0197] [plan] step=704 node=__buf_split_25063 type=control1 q_typed_reliable_context=0.660330 sequence=1693.723295
[onpolicy-r21/subckt_0197] [plan] step=705 node=new_n16870 type=control1 q_typed_reliable_context=0.684811 sequence=1694.408106
[onpolicy-r21/subckt_0197] [plan] step=706 node=__buf_split_24039 type=control1 q_typed_reliable_context=0.909398 sequence=1695.317505
[onpolicy-r21/subckt_0197] [plan] step=707 node=__aig_and_35098 type=control1 q_typed_reliable_context=2.700211 sequence=1698.017716
[onpolicy-r21/subckt_0197] [plan] step=708 node=new_n595 type=control1 q_typed_reliable_context=2.316476 sequence=1700.334191
[onpolicy-r21/subckt_0197] [plan] step=709 node=__buf_split_24233 type=control1 q_typed_reliable_context=0.722616 sequence=1701.056807
[onpolicy-r21/subckt_0197] [plan] step=710 node=__buf_split_21594 type=control1 q_typed_reliable_context=1.441610 sequence=1702.498417
[onpolicy-r21/subckt_0197] [plan] step=711 node=new_n16873 type=control1 q_typed_reliable_context=0.773285 sequence=1703.271703
[onpolicy-r21/subckt_0197] [plan] step=712 node=__buf_split_24229 type=control1 q_typed_reliable_context=0.568106 sequence=1703.839809
[onpolicy-r21/subckt_0197] [plan] step=713 node=__buf_split_25040 type=control1 q_typed_reliable_context=0.691601 sequence=1704.531410
[onpolicy-r21/subckt_0197] [plan] step=714 node=new_n14574 type=control1 q_typed_reliable_context=1.348116 sequence=1705.879527
[onpolicy-r21/subckt_0197] [plan] step=715 node=__buf_split_22238 type=control1 q_typed_reliable_context=1.639246 sequence=1707.518772
[onpolicy-r21/subckt_0197] [plan] step=716 node=__buf_split_22237 type=control1 q_typed_reliable_context=1.561679 sequence=1709.080452
[onpolicy-r21/subckt_0197] [plan] step=717 node=__aig_and_33599 type=control1 q_typed_reliable_context=1.854898 sequence=1710.935350
[onpolicy-r21/subckt_0197] [plan] step=718 node=new_n597 type=control1 q_typed_reliable_context=1.301205 sequence=1712.236555
[onpolicy-r21/subckt_0197] [plan] step=719 node=__aig_and_41207 type=control1 q_typed_reliable_context=1.806468 sequence=1714.043022
[onpolicy-r21/subckt_0197] [plan] step=720 node=__buf_split_25254 type=control1 q_typed_reliable_context=0.829706 sequence=1714.872729
[onpolicy-r21/subckt_0197] [plan] step=721 node=__aig_and_40898 type=control1 q_typed_reliable_context=3.397000 sequence=1718.269728
[onpolicy-r21/subckt_0197] [plan] step=722 node=__aig_and_39196 type=control1 q_typed_reliable_context=2.209325 sequence=1720.479053
[onpolicy-r21/subckt_0197] [plan] step=723 node=__buf_split_21210 type=control1 q_typed_reliable_context=1.076580 sequence=1721.555633
[onpolicy-r21/subckt_0197] [plan] step=724 node=new_n14321 type=control1 q_typed_reliable_context=0.771302 sequence=1722.326934
[onpolicy-r21/subckt_0197] [plan] step=725 node=__buf_split_23243 type=control1 q_typed_reliable_context=0.577294 sequence=1722.904228
[onpolicy-r21/subckt_0197] [plan] step=726 node=new_n14999 type=control1 q_typed_reliable_context=0.677472 sequence=1723.581700
[onpolicy-r21/subckt_0197] [plan] step=727 node=new_n16859 type=control1 q_typed_reliable_context=1.370185 sequence=1724.951885
[onpolicy-r21/subckt_0197] [plan] step=728 node=new_n14970 type=control1 q_typed_reliable_context=0.737724 sequence=1725.689609
[onpolicy-r21/subckt_0197] [plan] step=729 node=__buf_split_24230 type=control1 q_typed_reliable_context=1.850998 sequence=1727.540607
[onpolicy-r21/subckt_0197] [plan] step=730 node=__buf_split_25042 type=control1 q_typed_reliable_context=2.152222 sequence=1729.692828
[onpolicy-r21/subckt_0197] [plan] step=731 node=new_n16317 type=control1 q_typed_reliable_context=2.266401 sequence=1731.959229
[onpolicy-r21/subckt_0197] [plan] step=732 node=__buf_split_21592 type=control1 q_typed_reliable_context=2.058898 sequence=1734.018127
[onpolicy-r21/subckt_0197] [plan] step=733 node=new_n16860 type=control1 q_typed_reliable_context=1.133102 sequence=1735.151229
[onpolicy-r21/subckt_0197] [plan] step=734 node=__aig_and_36216 type=control1 q_typed_reliable_context=3.399140 sequence=1738.550370
[onpolicy-r21/subckt_0197] [plan] step=735 node=__buf_split_23251 type=control1 q_typed_reliable_context=3.531134 sequence=1742.081503
[onpolicy-r21/subckt_0197] [plan] step=736 node=__buf_split_24006 type=control1 q_typed_reliable_context=2.140432 sequence=1744.221935
[onpolicy-r21/subckt_0197] [plan] step=737 node=__buf_split_24042 type=control1 q_typed_reliable_context=1.627959 sequence=1745.849894
[onpolicy-r21/subckt_0197] [plan] step=738 node=__buf_split_25065 type=control1 q_typed_reliable_context=1.107918 sequence=1746.957812
[onpolicy-r21/subckt_0197] [plan] step=739 node=new_n13697 type=control1 q_typed_reliable_context=0.857020 sequence=1747.814832
[onpolicy-r21/subckt_0197] [plan] step=740 node=new_n13706 type=control1 q_typed_reliable_context=0.789406 sequence=1748.604238
[onpolicy-r21/subckt_0197] [plan] step=741 node=__buf_split_22189 type=control0 q_typed_reliable_context=0.764144 sequence=1749.368382
[onpolicy-r21/subckt_0197] [plan] step=742 node=new_n14370 type=control0 q_typed_reliable_context=1.035217 sequence=1750.403599
[onpolicy-r21/subckt_0197] [plan] step=743 node=__aig_and_35129 type=control0 q_typed_reliable_context=1.011666 sequence=1751.415266
[onpolicy-r21/subckt_0197] [plan] step=744 node=new_n16322 type=control1 q_typed_reliable_context=0.951965 sequence=1752.367231
[onpolicy-r21/subckt_0197] [plan] step=745 node=new_n14557 type=control1 q_typed_reliable_context=0.837112 sequence=1753.204343
[onpolicy-r21/subckt_0197] [plan] step=746 node=__buf_split_22236 type=control1 q_typed_reliable_context=1.906743 sequence=1755.111086
[onpolicy-r21/subckt_0197] [plan] step=747 node=new_n278 type=control1 q_typed_reliable_context=2.412349 sequence=1757.523435
[onpolicy-r21/subckt_0197] [plan] step=748 node=new_n296 type=control1 q_typed_reliable_context=2.388280 sequence=1759.911715
[onpolicy-r21/subckt_0197] [plan] step=749 node=new_n299 type=control1 q_typed_reliable_context=2.680779 sequence=1762.592494
[onpolicy-r21/subckt_0197] [plan] step=750 node=new_n400 type=control1 q_typed_reliable_context=1.483406 sequence=1764.075900
[onpolicy-r21/subckt_0197] [plan] step=751 node=new_n403 type=control1 q_typed_reliable_context=1.520906 sequence=1765.596806
[onpolicy-r21/subckt_0197] [plan] step=752 node=new_n418 type=control1 q_typed_reliable_context=1.026258 sequence=1766.623064
[onpolicy-r21/subckt_0197] [plan] step=753 node=new_n594 type=control1 q_typed_reliable_context=0.920617 sequence=1767.543681
[onpolicy-r21/subckt_0197] [plan] step=754 node=new_n14998 type=control1 q_typed_reliable_context=0.869592 sequence=1768.413273
[onpolicy-r21/subckt_0197] [plan] step=755 node=__aig_and_93 type=control1 q_typed_reliable_context=3.674477 sequence=1772.087750
[onpolicy-r21/subckt_0197] [plan] step=756 node=new_n279 type=control1 q_typed_reliable_context=1.458738 sequence=1773.546488
[onpolicy-r21/subckt_0197] [plan] step=757 node=new_n283 type=control1 q_typed_reliable_context=1.197607 sequence=1774.744095
[onpolicy-r21/subckt_0197] [plan] step=758 node=new_n16191 type=control1 q_typed_reliable_context=1.035585 sequence=1775.779680
[onpolicy-r21/subckt_0197] [plan] step=759 node=__buf_split_24019 type=control1 q_typed_reliable_context=0.977713 sequence=1776.757394
[onpolicy-r21/subckt_0197] [plan] step=760 node=new_n16190 type=control1 q_typed_reliable_context=0.997817 sequence=1777.755211
[onpolicy-r21/subckt_0197] [plan] step=761 node=new_n300 type=control1 q_typed_reliable_context=0.955268 sequence=1778.710479
[onpolicy-r21/subckt_0197] [plan] step=762 node=new_n286 type=control1 q_typed_reliable_context=0.971768 sequence=1779.682247
[onpolicy-r21/subckt_0197] [plan] step=763 node=new_n14969 type=control1 q_typed_reliable_context=1.046713 sequence=1780.728960
[onpolicy-r21/subckt_0197] [plan] step=764 node=new_n14995 type=control1 q_typed_reliable_context=1.117316 sequence=1781.846276
[onpolicy-r21/subckt_0197] [plan] step=765 node=new_n297 type=control1 q_typed_reliable_context=1.111623 sequence=1782.957899
[onpolicy-r21/subckt_0197] [plan] step=766 node=__aig_and_36081 type=control1 q_typed_reliable_context=3.357567 sequence=1786.315466
[onpolicy-r21/subckt_0197] [plan] step=767 node=new_n17000 type=control1 q_typed_reliable_context=0.982573 sequence=1787.298039
[onpolicy-r21/subckt_0197] [plan] step=768 node=new_n15013 type=control0 q_typed_reliable_context=0.146049 sequence=1787.444089
[onpolicy-r21/subckt_0197] saved=autoresearch/loop-260720-0945/model_training_round21/ultralong_onpolicy_plans/subckt_0197.csv
