[onpolicy-r21/subckt_0020] [plan] torch_deterministic=true
[onpolicy-r21/subckt_0020] [plan] latent_norm_clip_ratio=4 latent_norm_limit=30.728224
[onpolicy-r21/subckt_0020] [plan] step=1 node=asqrt[35] type=control0 q_typed_reliable_context=3.848774 sequence=3.848774
[onpolicy-r21/subckt_0020] [plan] step=2 node=__aig_and_12752 type=observe q_typed_reliable_context=4.275779 sequence=8.124553
[onpolicy-r21/subckt_0020] [plan] step=3 node=__aig_and_12751 type=observe q_typed_reliable_context=5.974103 sequence=14.098656
[onpolicy-r21/subckt_0020] [plan] step=4 node=new_n5205 type=observe q_typed_reliable_context=4.225065 sequence=18.323720
[onpolicy-r21/subckt_0020] [plan] step=5 node=__aig_and_12668 type=control1 q_typed_reliable_context=4.075002 sequence=22.398722
[onpolicy-r21/subckt_0020] [plan] step=6 node=__aig_and_12701 type=control1 q_typed_reliable_context=2.801442 sequence=25.200165
[onpolicy-r21/subckt_0020] [plan] step=7 node=__aig_and_11859 type=observe q_typed_reliable_context=3.003194 sequence=28.203359
[onpolicy-r21/subckt_0020] [plan] step=8 node=__aig_and_11896 type=control1 q_typed_reliable_context=3.229222 sequence=31.432581
[onpolicy-r21/subckt_0020] [plan] step=9 node=__aig_and_22962 type=observe q_typed_reliable_context=3.112413 sequence=34.544994
[onpolicy-r21/subckt_0020] [plan] step=10 node=__aig_not_11851 type=control0 q_typed_reliable_context=2.308038 sequence=36.853031
[onpolicy-r21/subckt_0020] [plan] step=11 node=__aig_and_12683 type=control0 q_typed_reliable_context=2.457275 sequence=39.310307
[onpolicy-r21/subckt_0020] [plan] step=12 node=__buf_split_12751 type=observe q_typed_reliable_context=2.331195 sequence=41.641502
[onpolicy-r21/subckt_0020] [plan] step=13 node=__aig_and_11907 type=control1 q_typed_reliable_context=3.077161 sequence=44.718662
[onpolicy-r21/subckt_0020] [plan] step=14 node=new_n5604 type=control0 q_typed_reliable_context=3.118764 sequence=47.837427
[onpolicy-r21/subckt_0020] [plan] step=15 node=__aig_and_11831 type=observe q_typed_reliable_context=2.090205 sequence=49.927632
[onpolicy-r21/subckt_0020] [plan] step=16 node=__aig_not_8 type=control0 q_typed_reliable_context=3.321243 sequence=53.248875
[onpolicy-r21/subckt_0020] [plan] step=17 node=__aig_and_11824 type=observe q_typed_reliable_context=3.521614 sequence=56.770489
[onpolicy-r21/subckt_0020] [plan] step=18 node=__aig_and_11838 type=observe q_typed_reliable_context=2.794043 sequence=59.564532
[onpolicy-r21/subckt_0020] [plan] step=19 node=new_n5238 type=control0 q_typed_reliable_context=2.299755 sequence=61.864287
[onpolicy-r21/subckt_0020] [plan] step=20 node=__aig_and_21813 type=observe q_typed_reliable_context=2.536506 sequence=64.400793
[onpolicy-r21/subckt_0020] [plan] step=21 node=__aig_and_11863 type=observe q_typed_reliable_context=2.745024 sequence=67.145817
[onpolicy-r21/subckt_0020] [plan] step=22 node=__aig_and_2 type=control0 q_typed_reliable_context=3.565058 sequence=70.710876
[onpolicy-r21/subckt_0020] [plan] step=23 node=__aig_and_11874 type=observe q_typed_reliable_context=3.168749 sequence=73.879625
[onpolicy-r21/subckt_0020] [plan] step=24 node=__aig_and_22968 type=observe q_typed_reliable_context=2.195462 sequence=76.075087
[onpolicy-r21/subckt_0020] [plan] step=25 node=__aig_and_24132 type=observe q_typed_reliable_context=2.439812 sequence=78.514899
[onpolicy-r21/subckt_0020] [plan] step=26 node=__aig_not_12648 type=control0 q_typed_reliable_context=2.219423 sequence=80.734322
[onpolicy-r21/subckt_0020] [plan] step=27 node=__buf_split_6991 type=observe q_typed_reliable_context=2.120543 sequence=82.854865
[onpolicy-r21/subckt_0020] [plan] step=28 node=__aig_and_12655 type=control1 q_typed_reliable_context=2.758606 sequence=85.613471
[onpolicy-r21/subckt_0020] [plan] step=29 node=__aig_not_12671 type=observe q_typed_reliable_context=2.019565 sequence=87.633035
[onpolicy-r21/subckt_0020] [plan] step=30 node=__aig_not_12662 type=control0 q_typed_reliable_context=1.807458 sequence=89.440494
[onpolicy-r21/subckt_0020] [plan] step=31 node=__aig_not_12675 type=observe q_typed_reliable_context=2.218216 sequence=91.658709
[onpolicy-r21/subckt_0020] [plan] step=32 node=__aig_not_12745 type=control0 q_typed_reliable_context=2.280435 sequence=93.939144
[onpolicy-r21/subckt_0020] [plan] step=33 node=__aig_not_12692 type=control0 q_typed_reliable_context=2.639191 sequence=96.578335
[onpolicy-r21/subckt_0020] [plan] step=34 node=__aig_not_12684 type=control0 q_typed_reliable_context=2.059814 sequence=98.638149
[onpolicy-r21/subckt_0020] [plan] step=35 node=__buf_split_7456 type=observe q_typed_reliable_context=2.104884 sequence=100.743032
[onpolicy-r21/subckt_0020] [plan] step=36 node=__aig_not_12696 type=control0 q_typed_reliable_context=1.559777 sequence=102.302810
[onpolicy-r21/subckt_0020] [plan] step=37 node=__aig_not_12679 type=control0 q_typed_reliable_context=1.294115 sequence=103.596925
[onpolicy-r21/subckt_0020] [plan] step=38 node=new_n5216 type=observe q_typed_reliable_context=1.542535 sequence=105.139461
[onpolicy-r21/subckt_0020] [plan] step=39 node=__aig_not_11893 type=control0 q_typed_reliable_context=1.795223 sequence=106.934683
[onpolicy-r21/subckt_0020] [plan] step=40 node=__aig_and_23008 type=control1 q_typed_reliable_context=2.660032 sequence=109.594716
[onpolicy-r21/subckt_0020] [plan] step=41 node=__aig_not_12657 type=control0 q_typed_reliable_context=1.434628 sequence=111.029343
[onpolicy-r21/subckt_0020] [plan] step=42 node=__aig_and_22955 type=observe q_typed_reliable_context=3.073620 sequence=114.102963
[onpolicy-r21/subckt_0020] [plan] step=43 node=__aig_and_22986 type=control1 q_typed_reliable_context=3.734753 sequence=117.837716
[onpolicy-r21/subckt_0020] [plan] step=44 node=__aig_and_25386 type=control1 q_typed_reliable_context=2.488333 sequence=120.326050
[onpolicy-r21/subckt_0020] [plan] step=45 node=__aig_and_24153 type=control1 q_typed_reliable_context=2.760085 sequence=123.086134
[onpolicy-r21/subckt_0020] [plan] step=46 node=new_n9494 type=control1 q_typed_reliable_context=2.734121 sequence=125.820255
[onpolicy-r21/subckt_0020] [plan] step=47 node=__aig_and_25368 type=control1 q_typed_reliable_context=2.581860 sequence=128.402115
[onpolicy-r21/subckt_0020] [plan] step=48 node=new_n5563 type=observe q_typed_reliable_context=2.659919 sequence=131.062034
[onpolicy-r21/subckt_0020] [plan] step=49 node=__aig_and_26622 type=control1 q_typed_reliable_context=2.737164 sequence=133.799197
[onpolicy-r21/subckt_0020] [plan] step=50 node=__aig_and_25379 type=control1 q_typed_reliable_context=2.532816 sequence=136.332013
[onpolicy-r21/subckt_0020] [plan] step=51 node=__aig_not_11904 type=control0 q_typed_reliable_context=1.909065 sequence=138.241078
[onpolicy-r21/subckt_0020] [plan] step=52 node=__buf_split_7504 type=observe q_typed_reliable_context=2.354932 sequence=140.596010
[onpolicy-r21/subckt_0020] [plan] step=53 node=__buf_split_6998 type=observe q_typed_reliable_context=2.059665 sequence=142.655675
[onpolicy-r21/subckt_0020] [plan] step=54 node=__aig_and_24135 type=control1 q_typed_reliable_context=4.496442 sequence=147.152118
[onpolicy-r21/subckt_0020] [plan] step=55 node=__aig_not_24171 type=control0 q_typed_reliable_context=2.524426 sequence=149.676544
[onpolicy-r21/subckt_0020] [plan] step=56 node=__aig_and_25361 type=control1 q_typed_reliable_context=2.991936 sequence=152.668480
[onpolicy-r21/subckt_0020] [plan] step=57 node=__aig_and_12635 type=control1 q_typed_reliable_context=2.957334 sequence=155.625814
[onpolicy-r21/subckt_0020] [plan] step=58 node=__aig_and_22993 type=control1 q_typed_reliable_context=2.560279 sequence=158.186093
[onpolicy-r21/subckt_0020] [plan] step=59 node=__aig_and_11078 type=control1 q_typed_reliable_context=2.346343 sequence=160.532436
[onpolicy-r21/subckt_0020] [plan] step=60 node=__buf_split_7465 type=observe q_typed_reliable_context=2.187394 sequence=162.719830
[onpolicy-r21/subckt_0020] [plan] step=61 node=__buf_split_7005 type=observe q_typed_reliable_context=2.217213 sequence=164.937043
[onpolicy-r21/subckt_0020] [plan] step=62 node=__buf_split_7502 type=observe q_typed_reliable_context=1.983800 sequence=166.920844
[onpolicy-r21/subckt_0020] [plan] step=63 node=__buf_split_7477 type=observe q_typed_reliable_context=1.722828 sequence=168.643672
[onpolicy-r21/subckt_0020] [plan] step=64 node=__aig_not_24 type=control0 q_typed_reliable_context=1.656443 sequence=170.300115
[onpolicy-r21/subckt_0020] [plan] step=65 node=__aig_not_24177 type=control0 q_typed_reliable_context=3.083679 sequence=173.383794
[onpolicy-r21/subckt_0020] [plan] step=66 node=__aig_not_24155 type=control0 q_typed_reliable_context=3.003544 sequence=176.387339
[onpolicy-r21/subckt_0020] [plan] step=67 node=__aig_not_11845 type=observe q_typed_reliable_context=2.856231 sequence=179.243570
[onpolicy-r21/subckt_0020] [plan] step=68 node=__aig_and_22980 type=observe q_typed_reliable_context=6.068934 sequence=185.312504
[onpolicy-r21/subckt_0020] [plan] step=69 node=__aig_not_11839 type=observe q_typed_reliable_context=2.491138 sequence=187.803641
[onpolicy-r21/subckt_0020] [plan] step=70 node=__aig_not_11889 type=observe q_typed_reliable_context=2.167183 sequence=189.970824
[onpolicy-r21/subckt_0020] [plan] step=71 node=__aig_not_12665 type=observe q_typed_reliable_context=1.955472 sequence=191.926296
[onpolicy-r21/subckt_0020] [plan] step=72 node=__aig_and_21836 type=observe q_typed_reliable_context=1.861077 sequence=193.787373
[onpolicy-r21/subckt_0020] [plan] step=73 node=__aig_and_22996 type=control0 q_typed_reliable_context=2.234547 sequence=196.021920
[onpolicy-r21/subckt_0020] [plan] step=74 node=__buf_split_7480 type=observe q_typed_reliable_context=2.282770 sequence=198.304690
[onpolicy-r21/subckt_0020] [plan] step=75 node=__aig_and_11901 type=observe q_typed_reliable_context=3.906824 sequence=202.211514
[onpolicy-r21/subckt_0020] [plan] step=76 node=__aig_and_23024 type=control0 q_typed_reliable_context=2.397366 sequence=204.608880
[onpolicy-r21/subckt_0020] [plan] step=77 node=__buf_split_14131 type=observe q_typed_reliable_context=2.126986 sequence=206.735866
[onpolicy-r21/subckt_0020] [plan] step=78 node=__buf_split_12772 type=observe q_typed_reliable_context=2.552302 sequence=209.288168
[onpolicy-r21/subckt_0020] [plan] step=79 node=__buf_split_7459 type=observe q_typed_reliable_context=2.268126 sequence=211.556294
[onpolicy-r21/subckt_0020] [plan] step=80 node=__buf_split_18 type=observe q_typed_reliable_context=2.040075 sequence=213.596369
[onpolicy-r21/subckt_0020] [plan] step=81 node=new_n11001 type=control0 q_typed_reliable_context=2.134192 sequence=215.730561
[onpolicy-r21/subckt_0020] [plan] step=82 node=__aig_not_11872 type=observe q_typed_reliable_context=2.053419 sequence=217.783980
[onpolicy-r21/subckt_0020] [plan] step=83 node=__aig_not_22973 type=control0 q_typed_reliable_context=2.059558 sequence=219.843538
[onpolicy-r21/subckt_0020] [plan] step=84 node=__aig_and_24170 type=control0 q_typed_reliable_context=3.130850 sequence=222.974388
[onpolicy-r21/subckt_0020] [plan] step=85 node=__buf_split_14130 type=observe q_typed_reliable_context=2.314440 sequence=225.288828
[onpolicy-r21/subckt_0020] [plan] step=86 node=__aig_not_22999 type=control0 q_typed_reliable_context=1.982831 sequence=227.271659
[onpolicy-r21/subckt_0020] [plan] step=87 node=__aig_and_25358 type=control1 q_typed_reliable_context=2.539072 sequence=229.810731
[onpolicy-r21/subckt_0020] [plan] step=88 node=__buf_split_7014 type=observe q_typed_reliable_context=1.868247 sequence=231.678979
[onpolicy-r21/subckt_0020] [plan] step=89 node=__aig_and_11810 type=observe q_typed_reliable_context=4.926856 sequence=236.605835
[onpolicy-r21/subckt_0020] [plan] step=90 node=__aig_and_21866 type=control1 q_typed_reliable_context=2.720718 sequence=239.326553
[onpolicy-r21/subckt_0020] [plan] step=91 node=__aig_not_12717 type=control0 q_typed_reliable_context=1.827330 sequence=241.153883
[onpolicy-r21/subckt_0020] [plan] step=92 node=__aig_not_21863 type=control0 q_typed_reliable_context=1.603128 sequence=242.757011
[onpolicy-r21/subckt_0020] [plan] step=93 node=__aig_and_12749 type=observe q_typed_reliable_context=1.944787 sequence=244.701798
[onpolicy-r21/subckt_0020] [plan] step=94 node=__aig_not_21840 type=control0 q_typed_reliable_context=1.300792 sequence=246.002590
[onpolicy-r21/subckt_0020] [plan] step=95 node=__aig_and_21844 type=control0 q_typed_reliable_context=1.507723 sequence=247.510312
[onpolicy-r21/subckt_0020] [plan] step=96 node=__aig_not_23017 type=control0 q_typed_reliable_context=1.151635 sequence=248.661948
[onpolicy-r21/subckt_0020] [plan] step=97 node=__aig_and_11849 type=control1 q_typed_reliable_context=1.107198 sequence=249.769145
[onpolicy-r21/subckt_0020] [plan] step=98 node=__aig_and_21818 type=control1 q_typed_reliable_context=0.902319 sequence=250.671465
[onpolicy-r21/subckt_0020] [plan] step=99 node=__buf_split_7454 type=observe q_typed_reliable_context=1.206758 sequence=251.878223
[onpolicy-r21/subckt_0020] [plan] step=100 node=__aig_and_11806 type=control1 q_typed_reliable_context=1.188747 sequence=253.066970
[onpolicy-r21/subckt_0020] [plan] step=101 node=new_n5220 type=observe q_typed_reliable_context=1.286725 sequence=254.353696
[onpolicy-r21/subckt_0020] [plan] step=102 node=__aig_and_11117 type=control1 q_typed_reliable_context=1.535816 sequence=255.889512
[onpolicy-r21/subckt_0020] [plan] step=103 node=new_n9969 type=observe q_typed_reliable_context=1.130564 sequence=257.020076
[onpolicy-r21/subckt_0020] [plan] step=104 node=__aig_not_3 type=control0 q_typed_reliable_context=1.412981 sequence=258.433057
[onpolicy-r21/subckt_0020] [plan] step=105 node=__aig_not_22989 type=control0 q_typed_reliable_context=0.942737 sequence=259.375794
[onpolicy-r21/subckt_0020] [plan] step=106 node=__buf_split_9 type=observe q_typed_reliable_context=0.981849 sequence=260.357643
[onpolicy-r21/subckt_0020] [plan] step=107 node=__aig_and_18 type=control1 q_typed_reliable_context=1.700168 sequence=262.057811
[onpolicy-r21/subckt_0020] [plan] step=108 node=__aig_not_22981 type=control0 q_typed_reliable_context=1.579957 sequence=263.637767
[onpolicy-r21/subckt_0020] [plan] step=109 node=__aig_and_24167 type=observe q_typed_reliable_context=1.282441 sequence=264.920208
[onpolicy-r21/subckt_0020] [plan] step=110 node=__aig_and_11080 type=control1 q_typed_reliable_context=1.948008 sequence=266.868216
[onpolicy-r21/subckt_0020] [plan] step=111 node=new_n9976 type=observe q_typed_reliable_context=1.709861 sequence=268.578077
[onpolicy-r21/subckt_0020] [plan] step=112 node=__aig_and_11818 type=control1 q_typed_reliable_context=1.686717 sequence=270.264794
[onpolicy-r21/subckt_0020] [plan] step=113 node=__buf_split_13463 type=control0 q_typed_reliable_context=5.306852 sequence=275.571646
[onpolicy-r21/subckt_0020] [plan] step=114 node=__aig_and_21782 type=control1 q_typed_reliable_context=2.438931 sequence=278.010576
[onpolicy-r21/subckt_0020] [plan] step=115 node=__aig_not_70 type=control0 q_typed_reliable_context=3.582996 sequence=281.593572
[onpolicy-r21/subckt_0020] [plan] step=116 node=__buf_split_47 type=observe q_typed_reliable_context=2.136003 sequence=283.729575
[onpolicy-r21/subckt_0020] [plan] step=117 node=__buf_split_45 type=observe q_typed_reliable_context=2.361601 sequence=286.091176
[onpolicy-r21/subckt_0020] [plan] step=118 node=__aig_and_24158 type=control1 q_typed_reliable_context=2.937455 sequence=289.028631
[onpolicy-r21/subckt_0020] [plan] step=119 node=__aig_not_23005 type=control0 q_typed_reliable_context=2.662659 sequence=291.691290
[onpolicy-r21/subckt_0020] [plan] step=120 node=__aig_not_12632 type=observe q_typed_reliable_context=2.868005 sequence=294.559295
[onpolicy-r21/subckt_0020] [plan] step=121 node=__aig_not_11037 type=control0 q_typed_reliable_context=2.251662 sequence=296.810957
[onpolicy-r21/subckt_0020] [plan] step=122 node=__aig_and_15 type=control1 q_typed_reliable_context=2.606862 sequence=299.417819
[onpolicy-r21/subckt_0020] [plan] step=123 node=__aig_not_11108 type=observe q_typed_reliable_context=2.690523 sequence=302.108343
[onpolicy-r21/subckt_0020] [plan] step=124 node=new_n4875 type=observe q_typed_reliable_context=2.437104 sequence=304.545447
[onpolicy-r21/subckt_0020] [plan] step=125 node=__aig_not_11819 type=control0 q_typed_reliable_context=2.308337 sequence=306.853783
[onpolicy-r21/subckt_0020] [plan] step=126 node=__aig_not_11081 type=control0 q_typed_reliable_context=3.482997 sequence=310.336781
[onpolicy-r21/subckt_0020] [plan] step=127 node=new_n5608 type=control0 q_typed_reliable_context=3.289474 sequence=313.626254
[onpolicy-r21/subckt_0020] [plan] step=128 node=__aig_and_11888 type=control1 q_typed_reliable_context=3.624489 sequence=317.250743
[onpolicy-r21/subckt_0020] [plan] step=129 node=__aig_not_11047 type=control0 q_typed_reliable_context=3.902047 sequence=321.152790
[onpolicy-r21/subckt_0020] [plan] step=130 node=__aig_and_25392 type=control1 q_typed_reliable_context=2.582860 sequence=323.735649
[onpolicy-r21/subckt_0020] [plan] step=131 node=__aig_and_11010 type=control1 q_typed_reliable_context=2.577977 sequence=326.313626
[onpolicy-r21/subckt_0020] [plan] step=132 node=new_n5592 type=control0 q_typed_reliable_context=2.744034 sequence=329.057660
[onpolicy-r21/subckt_0020] [plan] step=133 node=new_n5584 type=control0 q_typed_reliable_context=6.043122 sequence=335.100782
[onpolicy-r21/subckt_0020] [plan] step=134 node=__aig_not_12710 type=control0 q_typed_reliable_context=1.312474 sequence=336.413256
[onpolicy-r21/subckt_0020] [plan] step=135 node=__aig_not_11034 type=observe q_typed_reliable_context=2.019332 sequence=338.432588
[onpolicy-r21/subckt_0020] [plan] step=136 node=__aig_and_11043 type=control1 q_typed_reliable_context=1.639885 sequence=340.072474
[onpolicy-r21/subckt_0020] [plan] step=137 node=__aig_not_12729 type=control0 q_typed_reliable_context=3.620885 sequence=343.693359
[onpolicy-r21/subckt_0020] [plan] step=138 node=__aig_and_12722 type=control1 q_typed_reliable_context=1.434221 sequence=345.127580
[onpolicy-r21/subckt_0020] [plan] step=139 node=__aig_not_11802 type=observe q_typed_reliable_context=1.859285 sequence=346.986865
[onpolicy-r21/subckt_0020] [plan] step=140 node=__aig_not_11883 type=control0 q_typed_reliable_context=2.396661 sequence=349.383526
[onpolicy-r21/subckt_0020] [plan] step=141 node=__aig_and_24181 type=control1 q_typed_reliable_context=1.539720 sequence=350.923245
[onpolicy-r21/subckt_0020] [plan] step=142 node=__aig_and_24188 type=control1 q_typed_reliable_context=1.501787 sequence=352.425032
[onpolicy-r21/subckt_0020] [plan] step=143 node=__aig_not_12646 type=observe q_typed_reliable_context=1.503065 sequence=353.928096
[onpolicy-r21/subckt_0020] [plan] step=144 node=new_n5600 type=observe q_typed_reliable_context=2.353810 sequence=356.281907
[onpolicy-r21/subckt_0020] [plan] step=145 node=__aig_and_26614 type=control1 q_typed_reliable_context=1.671334 sequence=357.953240
[onpolicy-r21/subckt_0020] [plan] step=146 node=__aig_and_21869 type=control1 q_typed_reliable_context=1.575463 sequence=359.528703
[onpolicy-r21/subckt_0020] [plan] step=147 node=__aig_and_22940 type=observe q_typed_reliable_context=1.453038 sequence=360.981741
[onpolicy-r21/subckt_0020] [plan] step=148 node=__aig_not_12736 type=control0 q_typed_reliable_context=1.474767 sequence=362.456508
[onpolicy-r21/subckt_0020] [plan] step=149 node=__aig_and_21785 type=observe q_typed_reliable_context=1.300848 sequence=363.757356
[onpolicy-r21/subckt_0020] [plan] step=150 node=__aig_not_24144 type=control0 q_typed_reliable_context=1.593360 sequence=365.350716
[onpolicy-r21/subckt_0020] [plan] step=151 node=__aig_and_21810 type=observe q_typed_reliable_context=2.006334 sequence=367.357050
[onpolicy-r21/subckt_0020] [plan] step=152 node=__aig_and_22936 type=observe q_typed_reliable_context=1.674057 sequence=369.031107
[onpolicy-r21/subckt_0020] [plan] step=153 node=__aig_not_24140 type=observe q_typed_reliable_context=1.131702 sequence=370.162809
[onpolicy-r21/subckt_0020] [plan] step=154 node=__aig_and_22944 type=observe q_typed_reliable_context=1.355846 sequence=371.518654
[onpolicy-r21/subckt_0020] [plan] step=155 node=__aig_not_22945 type=observe q_typed_reliable_context=1.308442 sequence=372.827096
[onpolicy-r21/subckt_0020] [plan] step=156 node=new_n9469 type=observe q_typed_reliable_context=1.256498 sequence=374.083594
[onpolicy-r21/subckt_0020] [plan] step=157 node=__buf_split_13454 type=observe q_typed_reliable_context=1.246906 sequence=375.330500
[onpolicy-r21/subckt_0020] [plan] step=158 node=__aig_and_12728 type=control1 q_typed_reliable_context=1.442483 sequence=376.772983
[onpolicy-r21/subckt_0020] [plan] step=159 node=__buf_split_7020 type=observe q_typed_reliable_context=1.489313 sequence=378.262297
[onpolicy-r21/subckt_0020] [plan] step=160 node=__buf_split_6978 type=observe q_typed_reliable_context=1.269817 sequence=379.532114
[onpolicy-r21/subckt_0020] [plan] step=161 node=__buf_split_6521 type=observe q_typed_reliable_context=1.373789 sequence=380.905904
[onpolicy-r21/subckt_0020] [plan] step=162 node=__aig_not_24196 type=control1 q_typed_reliable_context=1.306386 sequence=382.212290
[onpolicy-r21/subckt_0020] [plan] step=163 node=__aig_and_12739 type=control1 q_typed_reliable_context=1.051902 sequence=383.264192
[onpolicy-r21/subckt_0020] [plan] step=164 node=new_n9982 type=control1 q_typed_reliable_context=1.040725 sequence=384.304918
[onpolicy-r21/subckt_0020] [plan] step=165 node=__aig_not_12702 type=control0 q_typed_reliable_context=1.433596 sequence=385.738513
[onpolicy-r21/subckt_0020] [plan] step=166 node=__aig_not_24193 type=control0 q_typed_reliable_context=1.201473 sequence=386.939987
[onpolicy-r21/subckt_0020] [plan] step=167 node=__aig_not_11885 type=control0 q_typed_reliable_context=1.277349 sequence=388.217335
[onpolicy-r21/subckt_0020] [plan] step=168 node=__aig_and_21841 type=observe q_typed_reliable_context=1.337593 sequence=389.554928
[onpolicy-r21/subckt_0020] [plan] step=169 node=__aig_and_11855 type=control0 q_typed_reliable_context=1.301399 sequence=390.856327
[onpolicy-r21/subckt_0020] [plan] step=170 node=__buf_split_13452 type=observe q_typed_reliable_context=1.550453 sequence=392.406780
[onpolicy-r21/subckt_0020] [plan] step=171 node=__buf_split_7503 type=observe q_typed_reliable_context=1.203281 sequence=393.610062
[onpolicy-r21/subckt_0020] [plan] step=172 node=__aig_not_24189 type=control0 q_typed_reliable_context=1.158928 sequence=394.768990
[onpolicy-r21/subckt_0020] [plan] step=173 node=__aig_not_23010 type=control0 q_typed_reliable_context=1.059509 sequence=395.828499
[onpolicy-r21/subckt_0020] [plan] step=174 node=__aig_and_11870 type=control0 q_typed_reliable_context=0.861875 sequence=396.690374
[onpolicy-r21/subckt_0020] [plan] step=175 node=__aig_not_12700 type=control0 q_typed_reliable_context=1.846550 sequence=398.536924
[onpolicy-r21/subckt_0020] [plan] step=176 node=new_n5587 type=control1 q_typed_reliable_context=1.279163 sequence=399.816087
[onpolicy-r21/subckt_0020] [plan] step=177 node=__aig_not_72 type=observe q_typed_reliable_context=1.264234 sequence=401.080321
[onpolicy-r21/subckt_0020] [plan] step=178 node=__buf_split_14838 type=observe q_typed_reliable_context=1.523405 sequence=402.603726
[onpolicy-r21/subckt_0020] [plan] step=179 node=__aig_not_11895 type=control0 q_typed_reliable_context=1.661625 sequence=404.265351
[onpolicy-r21/subckt_0020] [plan] step=180 node=new_n4896 type=observe q_typed_reliable_context=1.115741 sequence=405.381092
[onpolicy-r21/subckt_0020] [plan] step=181 node=new_n9990 type=observe q_typed_reliable_context=1.313091 sequence=406.694183
[onpolicy-r21/subckt_0020] [plan] step=182 node=__buf_split_4 type=observe q_typed_reliable_context=1.297886 sequence=407.992069
[onpolicy-r21/subckt_0020] [plan] step=183 node=__buf_split_7481 type=observe q_typed_reliable_context=1.328957 sequence=409.321025
[onpolicy-r21/subckt_0020] [plan] step=184 node=new_n5581 type=observe q_typed_reliable_context=1.007250 sequence=410.328276
[onpolicy-r21/subckt_0020] [plan] step=185 node=__aig_and_22965 type=observe q_typed_reliable_context=1.228864 sequence=411.557140
[onpolicy-r21/subckt_0020] [plan] step=186 node=__buf_split_7457 type=observe q_typed_reliable_context=1.292801 sequence=412.849941
[onpolicy-r21/subckt_0020] [plan] step=187 node=__aig_and_11867 type=control0 q_typed_reliable_context=1.021607 sequence=413.871548
[onpolicy-r21/subckt_0020] [plan] step=188 node=new_n9502 type=observe q_typed_reliable_context=1.229775 sequence=415.101323
[onpolicy-r21/subckt_0020] [plan] step=189 node=new_n9988 type=observe q_typed_reliable_context=1.073523 sequence=416.174846
[onpolicy-r21/subckt_0020] [plan] step=190 node=__aig_and_11829 type=control1 q_typed_reliable_context=1.079801 sequence=417.254647
[onpolicy-r21/subckt_0020] [plan] step=191 node=__aig_not_11906 type=control0 q_typed_reliable_context=1.036949 sequence=418.291596
[onpolicy-r21/subckt_0020] [plan] step=192 node=__aig_not_11828 type=control0 q_typed_reliable_context=0.983819 sequence=419.275415
[onpolicy-r21/subckt_0020] [plan] step=193 node=new_n5212 type=observe q_typed_reliable_context=0.765193 sequence=420.040607
[onpolicy-r21/subckt_0020] [plan] step=194 node=__buf_split_14 type=observe q_typed_reliable_context=0.874421 sequence=420.915028
[onpolicy-r21/subckt_0020] [plan] step=195 node=__aig_not_12690 type=control0 q_typed_reliable_context=1.138406 sequence=422.053435
[onpolicy-r21/subckt_0020] [plan] step=196 node=__buf_split_6970 type=observe q_typed_reliable_context=0.863573 sequence=422.917008
[onpolicy-r21/subckt_0020] [plan] step=197 node=__buf_split_7479 type=observe q_typed_reliable_context=1.172917 sequence=424.089924
[onpolicy-r21/subckt_0020] [plan] step=198 node=new_n5234 type=control1 q_typed_reliable_context=0.845229 sequence=424.935153
[onpolicy-r21/subckt_0020] [plan] step=199 node=__aig_not_14 type=observe q_typed_reliable_context=0.780983 sequence=425.716136
[onpolicy-r21/subckt_0020] [plan] step=200 node=__aig_not_11079 type=observe q_typed_reliable_context=0.865551 sequence=426.581687
[onpolicy-r21/subckt_0020] [plan] step=201 node=new_n5254 type=control0 q_typed_reliable_context=0.707050 sequence=427.288737
[onpolicy-r21/subckt_0020] [plan] step=202 node=__aig_not_23007 type=control0 q_typed_reliable_context=1.107699 sequence=428.396436
[onpolicy-r21/subckt_0020] [plan] step=203 node=__aig_not_22985 type=control0 q_typed_reliable_context=0.897635 sequence=429.294071
[onpolicy-r21/subckt_0020] [plan] step=204 node=__aig_not_12667 type=control0 q_typed_reliable_context=0.779260 sequence=430.073331
[onpolicy-r21/subckt_0020] [plan] step=205 node=__aig_not_21 type=observe q_typed_reliable_context=0.900539 sequence=430.973870
[onpolicy-r21/subckt_0020] [plan] step=206 node=__aig_not_11843 type=observe q_typed_reliable_context=0.868216 sequence=431.842086
[onpolicy-r21/subckt_0020] [plan] step=207 node=__aig_not_22979 type=control0 q_typed_reliable_context=0.840313 sequence=432.682399
[onpolicy-r21/subckt_0020] [plan] step=208 node=__aig_not_22971 type=control0 q_typed_reliable_context=0.891097 sequence=433.573496
[onpolicy-r21/subckt_0020] [plan] step=209 node=__aig_not_22957 type=control0 q_typed_reliable_context=0.944364 sequence=434.517860
[onpolicy-r21/subckt_0020] [plan] step=210 node=__aig_not_22991 type=control0 q_typed_reliable_context=1.050797 sequence=435.568657
[onpolicy-r21/subckt_0020] [plan] step=211 node=__aig_not_16 type=control0 q_typed_reliable_context=1.080072 sequence=436.648729
[onpolicy-r21/subckt_0020] [plan] step=212 node=__aig_not_24164 type=observe q_typed_reliable_context=0.932857 sequence=437.581586
[onpolicy-r21/subckt_0020] [plan] step=213 node=__aig_not_21837 type=observe q_typed_reliable_context=0.855152 sequence=438.436738
[onpolicy-r21/subckt_0020] [plan] step=214 node=__aig_and_11801 type=observe q_typed_reliable_context=1.481314 sequence=439.918052
[onpolicy-r21/subckt_0020] [plan] step=215 node=__aig_and_12733 type=observe q_typed_reliable_context=1.114214 sequence=441.032267
[onpolicy-r21/subckt_0020] [plan] step=216 node=__aig_and_12661 type=control1 q_typed_reliable_context=1.041898 sequence=442.074165
[onpolicy-r21/subckt_0020] [plan] step=217 node=__aig_and_12676 type=observe q_typed_reliable_context=1.291135 sequence=443.365300
[onpolicy-r21/subckt_0020] [plan] step=218 node=new_n5594 type=observe q_typed_reliable_context=0.874766 sequence=444.240066
[onpolicy-r21/subckt_0020] [plan] step=219 node=new_n5582 type=control1 q_typed_reliable_context=1.181732 sequence=445.421799
[onpolicy-r21/subckt_0020] [plan] step=220 node=__aig_and_12640 type=control1 q_typed_reliable_context=1.540692 sequence=446.962491
[onpolicy-r21/subckt_0020] [plan] step=221 node=__aig_and_11827 type=observe q_typed_reliable_context=1.489503 sequence=448.451994
[onpolicy-r21/subckt_0020] [plan] step=222 node=__buf_split_6539 type=control0 q_typed_reliable_context=0.914986 sequence=449.366980
[onpolicy-r21/subckt_0020] [plan] step=223 node=__aig_and_4 type=control1 q_typed_reliable_context=1.008021 sequence=450.375001
[onpolicy-r21/subckt_0020] [plan] step=224 node=__aig_and_12670 type=observe q_typed_reliable_context=1.311486 sequence=451.686487
[onpolicy-r21/subckt_0020] [plan] step=225 node=new_n5578 type=observe q_typed_reliable_context=0.994685 sequence=452.681172
[onpolicy-r21/subckt_0020] [plan] step=226 node=__aig_and_12697 type=control1 q_typed_reliable_context=1.722428 sequence=454.403600
[onpolicy-r21/subckt_0020] [plan] step=227 node=__aig_not_21865 type=control0 q_typed_reliable_context=1.089610 sequence=455.493210
[onpolicy-r21/subckt_0020] [plan] step=228 node=__aig_not_11805 type=observe q_typed_reliable_context=0.933817 sequence=456.427027
[onpolicy-r21/subckt_0020] [plan] step=229 node=__aig_not_25385 type=control0 q_typed_reliable_context=1.474363 sequence=457.901390
[onpolicy-r21/subckt_0020] [plan] step=230 node=__aig_not_12634 type=control0 q_typed_reliable_context=1.174292 sequence=459.075682
[onpolicy-r21/subckt_0020] [plan] step=231 node=__aig_and_11847 type=observe q_typed_reliable_context=0.896874 sequence=459.972556
[onpolicy-r21/subckt_0020] [plan] step=232 node=__buf_split_7003 type=observe q_typed_reliable_context=0.867931 sequence=460.840487
[onpolicy-r21/subckt_0020] [plan] step=233 node=__aig_not_11115 type=observe q_typed_reliable_context=0.899638 sequence=461.740125
[onpolicy-r21/subckt_0020] [plan] step=234 node=__aig_not_21815 type=observe q_typed_reliable_context=0.938776 sequence=462.678901
[onpolicy-r21/subckt_0020] [plan] step=235 node=__aig_and_12680 type=control1 q_typed_reliable_context=1.549269 sequence=464.228171
[onpolicy-r21/subckt_0020] [plan] step=236 node=__aig_and_27 type=control1 q_typed_reliable_context=0.961531 sequence=465.189701
[onpolicy-r21/subckt_0020] [plan] step=237 node=__aig_and_11877 type=observe q_typed_reliable_context=0.950005 sequence=466.139707
[onpolicy-r21/subckt_0020] [plan] step=238 node=__aig_not_23019 type=control0 q_typed_reliable_context=0.954792 sequence=467.094498
[onpolicy-r21/subckt_0020] [plan] step=239 node=__aig_and_24163 type=control1 q_typed_reliable_context=1.292699 sequence=468.387197
[onpolicy-r21/subckt_0020] [plan] step=240 node=__aig_and_11864 type=observe q_typed_reliable_context=1.245031 sequence=469.632228
[onpolicy-r21/subckt_0020] [plan] step=241 node=__aig_not_21891 type=control0 q_typed_reliable_context=1.049404 sequence=470.681632
[onpolicy-r21/subckt_0020] [plan] step=242 node=__aig_and_11857 type=observe q_typed_reliable_context=1.172075 sequence=471.853707
[onpolicy-r21/subckt_0020] [plan] step=243 node=__aig_not_21870 type=control0 q_typed_reliable_context=0.983709 sequence=472.837416
[onpolicy-r21/subckt_0020] [plan] step=244 node=__buf_split_7461 type=observe q_typed_reliable_context=1.026432 sequence=473.863848
[onpolicy-r21/subckt_0020] [plan] step=245 node=__aig_not_11113 type=control0 q_typed_reliable_context=0.829751 sequence=474.693599
[onpolicy-r21/subckt_0020] [plan] step=246 node=new_n4882 type=control0 q_typed_reliable_context=0.785231 sequence=475.478830
[onpolicy-r21/subckt_0020] [plan] step=247 node=__buf_split_7004 type=observe q_typed_reliable_context=0.926951 sequence=476.405781
[onpolicy-r21/subckt_0020] [plan] step=248 node=__aig_not_22963 type=observe q_typed_reliable_context=0.876130 sequence=477.281910
[onpolicy-r21/subckt_0020] [plan] step=249 node=__buf_split_6985 type=observe q_typed_reliable_context=0.860798 sequence=478.142709
[onpolicy-r21/subckt_0020] [plan] step=250 node=__aig_and_11833 type=observe q_typed_reliable_context=1.148520 sequence=479.291229
[onpolicy-r21/subckt_0020] [plan] step=251 node=__aig_not_11846 type=observe q_typed_reliable_context=1.197653 sequence=480.488882
[onpolicy-r21/subckt_0020] [plan] step=252 node=__buf_split_6959 type=observe q_typed_reliable_context=1.005819 sequence=481.494701
[onpolicy-r21/subckt_0020] [plan] step=253 node=__aig_not_12731 type=observe q_typed_reliable_context=0.930592 sequence=482.425292
[onpolicy-r21/subckt_0020] [plan] step=254 node=new_n5579 type=observe q_typed_reliable_context=0.964486 sequence=483.389779
[onpolicy-r21/subckt_0020] [plan] step=255 node=__aig_not_11800 type=observe q_typed_reliable_context=0.908575 sequence=484.298354
[onpolicy-r21/subckt_0020] [plan] step=256 node=__buf_split_7464 type=observe q_typed_reliable_context=0.986813 sequence=485.285167
[onpolicy-r21/subckt_0020] [plan] step=257 node=__buf_split_6994 type=observe q_typed_reliable_context=0.868693 sequence=486.153860
[onpolicy-r21/subckt_0020] [plan] step=258 node=__buf_split_2 type=control1 q_typed_reliable_context=0.828132 sequence=486.981992
[onpolicy-r21/subckt_0020] [plan] step=259 node=__aig_not_12669 type=observe q_typed_reliable_context=0.781755 sequence=487.763747
[onpolicy-r21/subckt_0020] [plan] step=260 node=__buf_split_7468 type=observe q_typed_reliable_context=0.839183 sequence=488.602930
[onpolicy-r21/subckt_0020] [plan] step=261 node=__buf_split_7466 type=observe q_typed_reliable_context=0.795949 sequence=489.398879
[onpolicy-r21/subckt_0020] [plan] step=262 node=__aig_not_12732 type=observe q_typed_reliable_context=0.724477 sequence=490.123356
[onpolicy-r21/subckt_0020] [plan] step=263 node=__aig_not_11875 type=observe q_typed_reliable_context=0.717908 sequence=490.841264
[onpolicy-r21/subckt_0020] [plan] step=264 node=__buf_split_7469 type=observe q_typed_reliable_context=0.727495 sequence=491.568759
[onpolicy-r21/subckt_0020] [plan] step=265 node=__aig_not_12734 type=observe q_typed_reliable_context=0.737279 sequence=492.306037
[onpolicy-r21/subckt_0020] [plan] step=266 node=__buf_split_6993 type=observe q_typed_reliable_context=0.733042 sequence=493.039080
[onpolicy-r21/subckt_0020] [plan] step=267 node=new_n5576 type=observe q_typed_reliable_context=0.769114 sequence=493.808193
[onpolicy-r21/subckt_0020] [plan] step=268 node=__buf_split_6986 type=observe q_typed_reliable_context=0.737789 sequence=494.545983
[onpolicy-r21/subckt_0020] [plan] step=269 node=__aig_not_11848 type=observe q_typed_reliable_context=0.819439 sequence=495.365422
[onpolicy-r21/subckt_0020] [plan] step=270 node=__aig_not_11823 type=observe q_typed_reliable_context=0.762036 sequence=496.127458
[onpolicy-r21/subckt_0020] [plan] step=271 node=__aig_not_11822 type=observe q_typed_reliable_context=0.780293 sequence=496.907751
[onpolicy-r21/subckt_0020] [plan] step=272 node=__aig_not_11858 type=observe q_typed_reliable_context=0.799681 sequence=497.707432
[onpolicy-r21/subckt_0020] [plan] step=273 node=__buf_split_7476 type=observe q_typed_reliable_context=0.889938 sequence=498.597370
[onpolicy-r21/subckt_0020] [plan] step=274 node=new_n5232 type=observe q_typed_reliable_context=0.780663 sequence=499.378033
[onpolicy-r21/subckt_0020] [plan] step=275 node=__buf_split_6992 type=observe q_typed_reliable_context=0.754987 sequence=500.133020
[onpolicy-r21/subckt_0020] [plan] step=276 node=new_n5229 type=observe q_typed_reliable_context=0.824851 sequence=500.957871
[onpolicy-r21/subckt_0020] [plan] step=277 node=__aig_not_11856 type=observe q_typed_reliable_context=0.778767 sequence=501.736637
[onpolicy-r21/subckt_0020] [plan] step=278 node=__buf_split_6974 type=observe q_typed_reliable_context=0.798658 sequence=502.535296
[onpolicy-r21/subckt_0020] [plan] step=279 node=new_n5237 type=observe q_typed_reliable_context=0.754781 sequence=503.290077
[onpolicy-r21/subckt_0020] [plan] step=280 node=__aig_not_11876 type=observe q_typed_reliable_context=0.862267 sequence=504.152343
[onpolicy-r21/subckt_0020] [plan] step=281 node=new_n5225 type=observe q_typed_reliable_context=0.766285 sequence=504.918628
[onpolicy-r21/subckt_0020] [plan] step=282 node=__buf_split_6973 type=observe q_typed_reliable_context=0.768115 sequence=505.686744
[onpolicy-r21/subckt_0020] [plan] step=283 node=__buf_split_6997 type=observe q_typed_reliable_context=0.777715 sequence=506.464459
[onpolicy-r21/subckt_0020] [plan] step=284 node=__aig_and_11841 type=observe q_typed_reliable_context=0.902600 sequence=507.367060
[onpolicy-r21/subckt_0020] [plan] step=285 node=__aig_not_12674 type=observe q_typed_reliable_context=0.719824 sequence=508.086883
[onpolicy-r21/subckt_0020] [plan] step=286 node=__aig_not_11825 type=observe q_typed_reliable_context=0.757522 sequence=508.844406
[onpolicy-r21/subckt_0020] [plan] step=287 node=__aig_not_11826 type=observe q_typed_reliable_context=0.728787 sequence=509.573192
[onpolicy-r21/subckt_0020] [plan] step=288 node=__buf_split_6995 type=observe q_typed_reliable_context=0.762378 sequence=510.335570
[onpolicy-r21/subckt_0020] [plan] step=289 node=__buf_split_6996 type=observe q_typed_reliable_context=0.747736 sequence=511.083306
[onpolicy-r21/subckt_0020] [plan] step=290 node=__buf_split_6984 type=observe q_typed_reliable_context=0.753088 sequence=511.836394
[onpolicy-r21/subckt_0020] [plan] step=291 node=__aig_not_11861 type=observe q_typed_reliable_context=0.814747 sequence=512.651141
[onpolicy-r21/subckt_0020] [plan] step=292 node=__aig_not_11862 type=observe q_typed_reliable_context=0.833477 sequence=513.484618
[onpolicy-r21/subckt_0020] [plan] step=293 node=__buf_split_7478 type=observe q_typed_reliable_context=0.839388 sequence=514.324006
[onpolicy-r21/subckt_0020] [plan] step=294 node=__aig_not_12695 type=observe q_typed_reliable_context=0.827953 sequence=515.151959
[onpolicy-r21/subckt_0020] [plan] step=295 node=new_n5577 type=observe q_typed_reliable_context=0.794594 sequence=515.946553
[onpolicy-r21/subckt_0020] [plan] step=296 node=new_n5585 type=observe q_typed_reliable_context=0.834955 sequence=516.781508
[onpolicy-r21/subckt_0020] [plan] step=297 node=new_n5588 type=observe q_typed_reliable_context=0.910795 sequence=517.692303
[onpolicy-r21/subckt_0020] [plan] step=298 node=new_n5221 type=observe q_typed_reliable_context=0.844344 sequence=518.536647
[onpolicy-r21/subckt_0020] [plan] step=299 node=__aig_not_22953 type=observe q_typed_reliable_context=0.839656 sequence=519.376302
[onpolicy-r21/subckt_0020] [plan] step=300 node=new_n5218 type=observe q_typed_reliable_context=0.840810 sequence=520.217113
[onpolicy-r21/subckt_0020] [plan] step=301 node=new_n5233 type=observe q_typed_reliable_context=0.887642 sequence=521.104755
[onpolicy-r21/subckt_0020] [plan] step=302 node=__aig_not_11866 type=observe q_typed_reliable_context=0.955848 sequence=522.060603
[onpolicy-r21/subckt_0020] [plan] step=303 node=__aig_not_11832 type=observe q_typed_reliable_context=0.871983 sequence=522.932586
[onpolicy-r21/subckt_0020] [plan] step=304 node=new_n5219 type=observe q_typed_reliable_context=1.031474 sequence=523.964060
[onpolicy-r21/subckt_0020] [plan] step=305 node=__buf_split_6979 type=observe q_typed_reliable_context=0.894561 sequence=524.858621
[onpolicy-r21/subckt_0020] [plan] step=306 node=__aig_and_12658 type=observe q_typed_reliable_context=0.964816 sequence=525.823437
[onpolicy-r21/subckt_0020] [plan] step=307 node=__aig_not_11865 type=observe q_typed_reliable_context=0.931092 sequence=526.754528
[onpolicy-r21/subckt_0020] [plan] step=308 node=__buf_split_6982 type=observe q_typed_reliable_context=0.926326 sequence=527.680854
[onpolicy-r21/subckt_0020] [plan] step=309 node=new_n5222 type=observe q_typed_reliable_context=1.004302 sequence=528.685156
[onpolicy-r21/subckt_0020] [plan] step=310 node=__buf_split_13440 type=observe q_typed_reliable_context=0.916834 sequence=529.601990
[onpolicy-r21/subckt_0020] [plan] step=311 node=new_n9971 type=observe q_typed_reliable_context=0.903268 sequence=530.505258
[onpolicy-r21/subckt_0020] [plan] step=312 node=__buf_split_13438 type=observe q_typed_reliable_context=0.900938 sequence=531.406196
[onpolicy-r21/subckt_0020] [plan] step=313 node=__buf_split_6983 type=observe q_typed_reliable_context=0.889902 sequence=532.296098
[onpolicy-r21/subckt_0020] [plan] step=314 node=__aig_and_22997 type=control1 q_typed_reliable_context=0.893289 sequence=533.189387
[onpolicy-r21/subckt_0020] [plan] step=315 node=__aig_and_22983 type=control1 q_typed_reliable_context=0.958194 sequence=534.147582
[onpolicy-r21/subckt_0020] [plan] step=316 node=new_n10995 type=observe q_typed_reliable_context=0.902687 sequence=535.050269
[onpolicy-r21/subckt_0020] [plan] step=317 node=__aig_and_24160 type=control1 q_typed_reliable_context=1.141810 sequence=536.192080
[onpolicy-r21/subckt_0020] [plan] step=318 node=__aig_not_11840 type=observe q_typed_reliable_context=1.048171 sequence=537.240251
[onpolicy-r21/subckt_0020] [plan] step=319 node=__aig_and_21838 type=control1 q_typed_reliable_context=1.253567 sequence=538.493818
[onpolicy-r21/subckt_0020] [plan] step=320 node=new_n5223 type=observe q_typed_reliable_context=1.144861 sequence=539.638679
[onpolicy-r21/subckt_0020] [plan] step=321 node=__aig_and_11873 type=control1 q_typed_reliable_context=1.619225 sequence=541.257904
[onpolicy-r21/subckt_0020] [plan] step=322 node=__aig_not_11842 type=observe q_typed_reliable_context=1.010710 sequence=542.268614
[onpolicy-r21/subckt_0020] [plan] step=323 node=__buf_split_7030 type=control1 q_typed_reliable_context=0.726400 sequence=542.995014
[onpolicy-r21/subckt_0020] [plan] step=324 node=__aig_and_22969 type=control1 q_typed_reliable_context=1.072403 sequence=544.067417
[onpolicy-r21/subckt_0020] [plan] step=325 node=new_n9470 type=observe q_typed_reliable_context=1.012831 sequence=545.080247
[onpolicy-r21/subckt_0020] [plan] step=326 node=new_n9974 type=observe q_typed_reliable_context=0.928688 sequence=546.008936
[onpolicy-r21/subckt_0020] [plan] step=327 node=__aig_not_12656 type=observe q_typed_reliable_context=0.821989 sequence=546.830925
[onpolicy-r21/subckt_0020] [plan] step=328 node=__aig_and_11049 type=control1 q_typed_reliable_context=1.626512 sequence=548.457437
[onpolicy-r21/subckt_0020] [plan] step=329 node=__aig_and_11038 type=control1 q_typed_reliable_context=1.862538 sequence=550.319975
[onpolicy-r21/subckt_0020] [plan] step=330 node=__aig_not_12755 type=control0 q_typed_reliable_context=1.353879 sequence=551.673853
[onpolicy-r21/subckt_0020] [plan] step=331 node=__aig_and_11834 type=observe q_typed_reliable_context=1.133305 sequence=552.807158
[onpolicy-r21/subckt_0020] [plan] step=332 node=__buf_split_12784 type=observe q_typed_reliable_context=0.756543 sequence=553.563701
[onpolicy-r21/subckt_0020] [plan] step=333 node=__aig_and_24166 type=control1 q_typed_reliable_context=1.094782 sequence=554.658482
[onpolicy-r21/subckt_0020] [plan] step=334 node=new_n10488 type=control1 q_typed_reliable_context=1.135172 sequence=555.793654
[onpolicy-r21/subckt_0020] [plan] step=335 node=__aig_and_12630 type=observe q_typed_reliable_context=1.142528 sequence=556.936182
[onpolicy-r21/subckt_0020] [plan] step=336 node=__aig_and_11890 type=observe q_typed_reliable_context=0.985923 sequence=557.922105
[onpolicy-r21/subckt_0020] [plan] step=337 node=__aig_not_7 type=control0 q_typed_reliable_context=0.868850 sequence=558.790955
[onpolicy-r21/subckt_0020] [plan] step=338 node=__aig_and_12691 type=observe q_typed_reliable_context=0.988748 sequence=559.779703
[onpolicy-r21/subckt_0020] [plan] step=339 node=__buf_split_7483 type=observe q_typed_reliable_context=0.826266 sequence=560.605969
[onpolicy-r21/subckt_0020] [plan] step=340 node=__aig_and_22958 type=observe q_typed_reliable_context=1.163504 sequence=561.769473
[onpolicy-r21/subckt_0020] [plan] step=341 node=__buf_split_7471 type=observe q_typed_reliable_context=1.019732 sequence=562.789205
[onpolicy-r21/subckt_0020] [plan] step=342 node=new_n5244 type=observe q_typed_reliable_context=1.128640 sequence=563.917845
[onpolicy-r21/subckt_0020] [plan] step=343 node=__buf_split_7012 type=observe q_typed_reliable_context=1.058880 sequence=564.976725
[onpolicy-r21/subckt_0020] [plan] step=344 node=__aig_not_12678 type=observe q_typed_reliable_context=1.097117 sequence=566.073842
[onpolicy-r21/subckt_0020] [plan] step=345 node=__buf_split_7013 type=observe q_typed_reliable_context=1.111451 sequence=567.185293
[onpolicy-r21/subckt_0020] [plan] step=346 node=__aig_not_11891 type=observe q_typed_reliable_context=1.061458 sequence=568.246750
[onpolicy-r21/subckt_0020] [plan] step=347 node=__aig_not_24159 type=observe q_typed_reliable_context=1.076478 sequence=569.323228
[onpolicy-r21/subckt_0020] [plan] step=348 node=__aig_not_24161 type=observe q_typed_reliable_context=0.997642 sequence=570.320870
[onpolicy-r21/subckt_0020] [plan] step=349 node=new_n5571 type=observe q_typed_reliable_context=0.986650 sequence=571.307520
[onpolicy-r21/subckt_0020] [plan] step=350 node=__buf_split_7463 type=observe q_typed_reliable_context=1.195680 sequence=572.503200
[onpolicy-r21/subckt_0020] [plan] step=351 node=__aig_and_12672 type=observe q_typed_reliable_context=0.916734 sequence=573.419934
[onpolicy-r21/subckt_0020] [plan] step=352 node=__buf_split_14129 type=observe q_typed_reliable_context=1.064989 sequence=574.484923
[onpolicy-r21/subckt_0020] [plan] step=353 node=new_n10471 type=observe q_typed_reliable_context=0.940257 sequence=575.425179
[onpolicy-r21/subckt_0020] [plan] step=354 node=__buf_split_7462 type=observe q_typed_reliable_context=0.940198 sequence=576.365377
[onpolicy-r21/subckt_0020] [plan] step=355 node=__buf_split_7458 type=observe q_typed_reliable_context=0.938552 sequence=577.303929
[onpolicy-r21/subckt_0020] [plan] step=356 node=__aig_and_22972 type=observe q_typed_reliable_context=0.994904 sequence=578.298833
[onpolicy-r21/subckt_0020] [plan] step=357 node=__buf_split_7002 type=observe q_typed_reliable_context=1.043740 sequence=579.342572
[onpolicy-r21/subckt_0020] [plan] step=358 node=new_n9968 type=observe q_typed_reliable_context=0.989539 sequence=580.332112
[onpolicy-r21/subckt_0020] [plan] step=359 node=new_n5568 type=control1 q_typed_reliable_context=1.226004 sequence=581.558115
[onpolicy-r21/subckt_0020] [plan] step=360 node=__aig_and_22960 type=observe q_typed_reliable_context=1.144667 sequence=582.702782
[onpolicy-r21/subckt_0020] [plan] step=361 node=__aig_not_22966 type=observe q_typed_reliable_context=1.058940 sequence=583.761721
[onpolicy-r21/subckt_0020] [plan] step=362 node=__buf_split_15 type=observe q_typed_reliable_context=1.016616 sequence=584.778337
[onpolicy-r21/subckt_0020] [plan] step=363 node=__buf_split_7001 type=observe q_typed_reliable_context=1.183861 sequence=585.962198
[onpolicy-r21/subckt_0020] [plan] step=364 node=__buf_split_16 type=observe q_typed_reliable_context=0.873606 sequence=586.835804
[onpolicy-r21/subckt_0020] [plan] step=365 node=__buf_split_14133 type=observe q_typed_reliable_context=1.007148 sequence=587.842952
[onpolicy-r21/subckt_0020] [plan] step=366 node=__buf_split_14134 type=observe q_typed_reliable_context=1.135188 sequence=588.978141
[onpolicy-r21/subckt_0020] [plan] step=367 node=new_n10483 type=observe q_typed_reliable_context=0.693009 sequence=589.671149
[onpolicy-r21/subckt_0020] [plan] step=368 node=__aig_and_22990 type=observe q_typed_reliable_context=1.183934 sequence=590.855084
[onpolicy-r21/subckt_0020] [plan] step=369 node=__aig_and_23018 type=control1 q_typed_reliable_context=1.732083 sequence=592.587167
[onpolicy-r21/subckt_0020] [plan] step=370 node=__aig_and_11903 type=observe q_typed_reliable_context=1.112456 sequence=593.699623
[onpolicy-r21/subckt_0020] [plan] step=371 node=__aig_not_24165 type=observe q_typed_reliable_context=1.219079 sequence=594.918702
[onpolicy-r21/subckt_0020] [plan] step=372 node=new_n5236 type=observe q_typed_reliable_context=1.142570 sequence=596.061272
[onpolicy-r21/subckt_0020] [plan] step=373 node=__buf_split_13446 type=observe q_typed_reliable_context=1.149987 sequence=597.211259
[onpolicy-r21/subckt_0020] [plan] step=374 node=__aig_and_24178 type=control1 q_typed_reliable_context=2.126262 sequence=599.337521
[onpolicy-r21/subckt_0020] [plan] step=375 node=new_n9490 type=observe q_typed_reliable_context=1.193303 sequence=600.530824
[onpolicy-r21/subckt_0020] [plan] step=376 node=__buf_split_19 type=observe q_typed_reliable_context=0.896868 sequence=601.427692
[onpolicy-r21/subckt_0020] [plan] step=377 node=__buf_split_12785 type=observe q_typed_reliable_context=0.911465 sequence=602.339157
[onpolicy-r21/subckt_0020] [plan] step=378 node=__aig_not_21835 type=observe q_typed_reliable_context=1.043339 sequence=603.382496
[onpolicy-r21/subckt_0020] [plan] step=379 node=__buf_split_13434 type=observe q_typed_reliable_context=1.100382 sequence=604.482878
[onpolicy-r21/subckt_0020] [plan] step=380 node=new_n9972 type=observe q_typed_reliable_context=1.206252 sequence=605.689130
[onpolicy-r21/subckt_0020] [plan] step=381 node=__aig_not_19 type=observe q_typed_reliable_context=1.054337 sequence=606.743468
[onpolicy-r21/subckt_0020] [plan] step=382 node=__aig_and_22964 type=observe q_typed_reliable_context=0.838821 sequence=607.582289
[onpolicy-r21/subckt_0020] [plan] step=383 node=new_n9979 type=observe q_typed_reliable_context=0.928063 sequence=608.510351
[onpolicy-r21/subckt_0020] [plan] step=384 node=__buf_split_7455 type=observe q_typed_reliable_context=1.543685 sequence=610.054036
[onpolicy-r21/subckt_0020] [plan] step=385 node=__buf_split_13448 type=observe q_typed_reliable_context=1.711483 sequence=611.765519
[onpolicy-r21/subckt_0020] [plan] step=386 node=new_n5249 type=observe q_typed_reliable_context=1.251592 sequence=613.017111
[onpolicy-r21/subckt_0020] [plan] step=387 node=new_n5243 type=control0 q_typed_reliable_context=1.145297 sequence=614.162408
[onpolicy-r21/subckt_0020] [plan] step=388 node=new_n9975 type=observe q_typed_reliable_context=1.046710 sequence=615.209118
[onpolicy-r21/subckt_0020] [plan] step=389 node=new_n9970 type=observe q_typed_reliable_context=0.776380 sequence=615.985498
[onpolicy-r21/subckt_0020] [plan] step=390 node=__buf_split_7015 type=observe q_typed_reliable_context=1.050056 sequence=617.035554
[onpolicy-r21/subckt_0020] [plan] step=391 node=new_n10472 type=observe q_typed_reliable_context=1.116250 sequence=618.151804
[onpolicy-r21/subckt_0020] [plan] step=392 node=__aig_not_12654 type=observe q_typed_reliable_context=0.908823 sequence=619.060627
[onpolicy-r21/subckt_0020] [plan] step=393 node=__buf_split_12773 type=observe q_typed_reliable_context=1.161736 sequence=620.222363
[onpolicy-r21/subckt_0020] [plan] step=394 node=__aig_not_23009 type=control1 q_typed_reliable_context=1.100326 sequence=621.322689
[onpolicy-r21/subckt_0020] [plan] step=395 node=__buf_split_17 type=observe q_typed_reliable_context=1.181926 sequence=622.504616
[onpolicy-r21/subckt_0020] [plan] step=396 node=__aig_and_12647 type=control1 q_typed_reliable_context=0.938075 sequence=623.442691
[onpolicy-r21/subckt_0020] [plan] step=397 node=__aig_and_11023 type=control1 q_typed_reliable_context=1.681478 sequence=625.124169
[onpolicy-r21/subckt_0020] [plan] step=398 node=__aig_and_12607 type=control1 q_typed_reliable_context=1.878213 sequence=627.002382
[onpolicy-r21/subckt_0020] [plan] step=399 node=__aig_not_12652 type=observe q_typed_reliable_context=1.173105 sequence=628.175488
[onpolicy-r21/subckt_0020] [plan] step=400 node=__aig_and_12694 type=control1 q_typed_reliable_context=1.649306 sequence=629.824794
[onpolicy-r21/subckt_0020] [plan] step=401 node=__aig_not_22982 type=observe q_typed_reliable_context=1.072123 sequence=630.896917
[onpolicy-r21/subckt_0020] [plan] step=402 node=__aig_not_21814 type=observe q_typed_reliable_context=1.329672 sequence=632.226589
[onpolicy-r21/subckt_0020] [plan] step=403 node=__buf_split_13456 type=observe q_typed_reliable_context=1.103254 sequence=633.329844
[onpolicy-r21/subckt_0020] [plan] step=404 node=__aig_not_22994 type=observe q_typed_reliable_context=0.945619 sequence=634.275462
[onpolicy-r21/subckt_0020] [plan] step=405 node=__aig_not_11902 type=observe q_typed_reliable_context=0.953478 sequence=635.228941
[onpolicy-r21/subckt_0020] [plan] step=406 node=__aig_not_22959 type=observe q_typed_reliable_context=0.858762 sequence=636.087703
[onpolicy-r21/subckt_0020] [plan] step=407 node=new_n9983 type=observe q_typed_reliable_context=1.181316 sequence=637.269019
[onpolicy-r21/subckt_0020] [plan] step=408 node=new_n9491 type=observe q_typed_reliable_context=1.132779 sequence=638.401798
[onpolicy-r21/subckt_0020] [plan] step=409 node=__buf_split_13457 type=observe q_typed_reliable_context=1.618571 sequence=640.020369
[onpolicy-r21/subckt_0020] [plan] step=410 node=new_n5559 type=observe q_typed_reliable_context=1.110831 sequence=641.131201
[onpolicy-r21/subckt_0020] [plan] step=411 node=__aig_not_24169 type=observe q_typed_reliable_context=1.148294 sequence=642.279494
[onpolicy-r21/subckt_0020] [plan] step=412 node=__aig_and_12633 type=observe q_typed_reliable_context=1.291664 sequence=643.571158
[onpolicy-r21/subckt_0020] [plan] step=413 node=new_n9977 type=observe q_typed_reliable_context=1.155660 sequence=644.726818
[onpolicy-r21/subckt_0020] [plan] step=414 node=__aig_not_22995 type=observe q_typed_reliable_context=1.280544 sequence=646.007362
[onpolicy-r21/subckt_0020] [plan] step=415 node=new_n5215 type=observe q_typed_reliable_context=1.126347 sequence=647.133709
[onpolicy-r21/subckt_0020] [plan] step=416 node=new_n10486 type=observe q_typed_reliable_context=1.410265 sequence=648.543974
[onpolicy-r21/subckt_0020] [plan] step=417 node=__buf_split_13461 type=observe q_typed_reliable_context=1.094630 sequence=649.638603
[onpolicy-r21/subckt_0020] [plan] step=418 node=new_n5209 type=observe q_typed_reliable_context=1.211281 sequence=650.849885
[onpolicy-r21/subckt_0020] [plan] step=419 node=__aig_not_22974 type=observe q_typed_reliable_context=1.116561 sequence=651.966446
[onpolicy-r21/subckt_0020] [plan] step=420 node=new_n9480 type=observe q_typed_reliable_context=0.955735 sequence=652.922181
[onpolicy-r21/subckt_0020] [plan] step=421 node=__aig_not_11871 type=observe q_typed_reliable_context=1.500387 sequence=654.422567
[onpolicy-r21/subckt_0020] [plan] step=422 node=__buf_split_7442 type=observe q_typed_reliable_context=1.062319 sequence=655.484887
[onpolicy-r21/subckt_0020] [plan] step=423 node=__buf_split_7443 type=observe q_typed_reliable_context=0.981513 sequence=656.466399
[onpolicy-r21/subckt_0020] [plan] step=424 node=__buf_split_13449 type=observe q_typed_reliable_context=0.902657 sequence=657.369057
[onpolicy-r21/subckt_0020] [plan] step=425 node=__aig_not_11077 type=observe q_typed_reliable_context=0.813842 sequence=658.182898
[onpolicy-r21/subckt_0020] [plan] step=426 node=__buf_split_13447 type=observe q_typed_reliable_context=0.961510 sequence=659.144408
[onpolicy-r21/subckt_0020] [plan] step=427 node=__aig_not_12748 type=control0 q_typed_reliable_context=0.967478 sequence=660.111886
[onpolicy-r21/subckt_0020] [plan] step=428 node=__aig_and_69 type=observe q_typed_reliable_context=0.712562 sequence=660.824448
[onpolicy-r21/subckt_0020] [plan] step=429 node=__buf_split_7021 type=observe q_typed_reliable_context=0.945007 sequence=661.769456
[onpolicy-r21/subckt_0020] [plan] step=430 node=new_n10476 type=observe q_typed_reliable_context=0.886606 sequence=662.656062
[onpolicy-r21/subckt_0020] [plan] step=431 node=__aig_not_12631 type=observe q_typed_reliable_context=1.588861 sequence=664.244923
[onpolicy-r21/subckt_0020] [plan] step=432 node=__aig_not_22984 type=observe q_typed_reliable_context=1.360889 sequence=665.605812
[onpolicy-r21/subckt_0020] [plan] step=433 node=new_n9492 type=observe q_typed_reliable_context=0.719085 sequence=666.324897
[onpolicy-r21/subckt_0020] [plan] step=434 node=__buf_split_48 type=observe q_typed_reliable_context=1.241934 sequence=667.566831
[onpolicy-r21/subckt_0020] [plan] step=435 node=__aig_and_21864 type=observe q_typed_reliable_context=1.036127 sequence=668.602958
[onpolicy-r21/subckt_0020] [plan] step=436 node=__buf_split_49 type=observe q_typed_reliable_context=1.083867 sequence=669.686825
[onpolicy-r21/subckt_0020] [plan] step=437 node=__aig_not_67 type=observe q_typed_reliable_context=0.947843 sequence=670.634668
[onpolicy-r21/subckt_0020] [plan] step=438 node=__buf_split_44 type=observe q_typed_reliable_context=1.262454 sequence=671.897122
[onpolicy-r21/subckt_0020] [plan] step=439 node=__buf_split_5 type=observe q_typed_reliable_context=1.339429 sequence=673.236551
[onpolicy-r21/subckt_0020] [plan] step=440 node=__buf_split_6 type=observe q_typed_reliable_context=1.334830 sequence=674.571381
[onpolicy-r21/subckt_0020] [plan] step=441 node=__buf_split_1 type=observe q_typed_reliable_context=1.490471 sequence=676.061852
[onpolicy-r21/subckt_0020] [plan] step=442 node=__buf_split_3 type=observe q_typed_reliable_context=1.519340 sequence=677.581193
[onpolicy-r21/subckt_0020] [plan] step=443 node=__aig_not_64 type=observe q_typed_reliable_context=1.242577 sequence=678.823770
[onpolicy-r21/subckt_0020] [plan] step=444 node=__aig_not_65 type=observe q_typed_reliable_context=1.343378 sequence=680.167147
[onpolicy-r21/subckt_0020] [plan] step=445 node=__aig_and_11046 type=observe q_typed_reliable_context=1.192089 sequence=681.359237
[onpolicy-r21/subckt_0020] [plan] step=446 node=__aig_and_11109 type=observe q_typed_reliable_context=0.714728 sequence=682.073965
[onpolicy-r21/subckt_0020] [plan] step=447 node=__aig_and_68 type=observe q_typed_reliable_context=0.793984 sequence=682.867949
[onpolicy-r21/subckt_0020] [plan] step=448 node=__aig_and_66 type=observe q_typed_reliable_context=0.703508 sequence=683.571457
[onpolicy-r21/subckt_0020] [plan] step=449 node=__aig_not_11816 type=observe q_typed_reliable_context=0.824000 sequence=684.395457
[onpolicy-r21/subckt_0020] [plan] step=450 node=__aig_not_11817 type=observe q_typed_reliable_context=0.842366 sequence=685.237823
[onpolicy-r21/subckt_0020] [plan] step=451 node=__aig_not_11107 type=observe q_typed_reliable_context=1.134064 sequence=686.371887
[onpolicy-r21/subckt_0020] [plan] step=452 node=__buf_split_12801 type=observe q_typed_reliable_context=1.555578 sequence=687.927464
[onpolicy-r21/subckt_0020] [plan] step=453 node=__buf_split_14136 type=observe q_typed_reliable_context=1.152313 sequence=689.079778
[onpolicy-r21/subckt_0020] [plan] step=454 node=__buf_split_12789 type=observe q_typed_reliable_context=1.117720 sequence=690.197498
[onpolicy-r21/subckt_0020] [plan] step=455 node=__aig_not_71 type=observe q_typed_reliable_context=1.072192 sequence=691.269689
[onpolicy-r21/subckt_0020] [plan] step=456 node=__buf_split_6510 type=observe q_typed_reliable_context=1.486188 sequence=692.755877
[onpolicy-r21/subckt_0020] [plan] step=457 node=__aig_not_11033 type=observe q_typed_reliable_context=1.158649 sequence=693.914526
[onpolicy-r21/subckt_0020] [plan] step=458 node=__aig_and_11028 type=observe q_typed_reliable_context=0.879499 sequence=694.794025
[onpolicy-r21/subckt_0020] [plan] step=459 node=__aig_not_12645 type=observe q_typed_reliable_context=1.072943 sequence=695.866968
[onpolicy-r21/subckt_0020] [plan] step=460 node=new_n4883 type=observe q_typed_reliable_context=1.417518 sequence=697.284486
[onpolicy-r21/subckt_0020] [plan] step=461 node=__buf_split_6542 type=observe q_typed_reliable_context=2.052058 sequence=699.336544
[onpolicy-r21/subckt_0020] [plan] step=462 node=__aig_and_11035 type=observe q_typed_reliable_context=0.940482 sequence=700.277026
[onpolicy-r21/subckt_0020] [plan] step=463 node=__buf_split_6541 type=observe q_typed_reliable_context=1.523674 sequence=701.800700
[onpolicy-r21/subckt_0020] [plan] step=464 node=__aig_not_11114 type=observe q_typed_reliable_context=1.187929 sequence=702.988628
[onpolicy-r21/subckt_0020] [plan] step=465 node=__aig_and_23000 type=observe q_typed_reliable_context=0.745916 sequence=703.734545
[onpolicy-r21/subckt_0020] [plan] step=466 node=__aig_not_11803 type=observe q_typed_reliable_context=1.201002 sequence=704.935546
[onpolicy-r21/subckt_0020] [plan] step=467 node=__buf_split_6962 type=observe q_typed_reliable_context=1.665817 sequence=706.601363
[onpolicy-r21/subckt_0020] [plan] step=468 node=new_n4876 type=observe q_typed_reliable_context=1.120062 sequence=707.721426
[onpolicy-r21/subckt_0020] [plan] step=469 node=new_n4879 type=observe q_typed_reliable_context=1.247373 sequence=708.968798
[onpolicy-r21/subckt_0020] [plan] step=470 node=__aig_not_12721 type=control0 q_typed_reliable_context=1.561059 sequence=710.529857
[onpolicy-r21/subckt_0020] [plan] step=471 node=__buf_split_7460 type=control0 q_typed_reliable_context=1.444923 sequence=711.974780
[onpolicy-r21/subckt_0020] [plan] step=472 node=__aig_not_12664 type=observe q_typed_reliable_context=1.257334 sequence=713.232114
[onpolicy-r21/subckt_0020] [plan] step=473 node=__buf_split_6520 type=observe q_typed_reliable_context=1.287566 sequence=714.519680
[onpolicy-r21/subckt_0020] [plan] step=474 node=new_n5567 type=observe q_typed_reliable_context=1.302764 sequence=715.822444
[onpolicy-r21/subckt_0020] [plan] step=475 node=__buf_split_8 type=observe q_typed_reliable_context=1.538308 sequence=717.360752
[onpolicy-r21/subckt_0020] [plan] step=476 node=__buf_split_7 type=observe q_typed_reliable_context=1.327561 sequence=718.688313
[onpolicy-r21/subckt_0020] [plan] step=477 node=new_n9973 type=observe q_typed_reliable_context=1.124329 sequence=719.812642
[onpolicy-r21/subckt_0020] [plan] step=478 node=__aig_not_12754 type=observe q_typed_reliable_context=2.197399 sequence=722.010041
[onpolicy-r21/subckt_0020] [plan] step=479 node=__aig_and_12711 type=observe q_typed_reliable_context=0.763375 sequence=722.773416
[onpolicy-r21/subckt_0020] [plan] step=480 node=new_n10487 type=observe q_typed_reliable_context=1.133516 sequence=723.906932
[onpolicy-r21/subckt_0020] [plan] step=481 node=__aig_not_13 type=observe q_typed_reliable_context=1.296105 sequence=725.203037
[onpolicy-r21/subckt_0020] [plan] step=482 node=__buf_split_7516 type=observe q_typed_reliable_context=1.439129 sequence=726.642166
[onpolicy-r21/subckt_0020] [plan] step=483 node=__buf_split_7513 type=observe q_typed_reliable_context=1.506304 sequence=728.148470
[onpolicy-r21/subckt_0020] [plan] step=484 node=__aig_not_12750 type=observe q_typed_reliable_context=1.746211 sequence=729.894681
[onpolicy-r21/subckt_0020] [plan] step=485 node=__aig_and_22975 type=observe q_typed_reliable_context=0.902956 sequence=730.797637
[onpolicy-r21/subckt_0020] [plan] step=486 node=new_n9481 type=observe q_typed_reliable_context=2.419257 sequence=733.216894
[onpolicy-r21/subckt_0020] [plan] step=487 node=new_n5217 type=control0 q_typed_reliable_context=0.686282 sequence=733.903175
[onpolicy-r21/subckt_0020] [plan] step=488 node=__aig_not_21778 type=observe q_typed_reliable_context=2.609526 sequence=736.512701
[onpolicy-r21/subckt_0020] [plan] step=489 node=__buf_split_7512 type=observe q_typed_reliable_context=1.528743 sequence=738.041444
[onpolicy-r21/subckt_0020] [plan] step=490 node=__buf_split_7515 type=observe q_typed_reliable_context=1.163124 sequence=739.204568
[onpolicy-r21/subckt_0020] [plan] step=491 node=__buf_split_7514 type=observe q_typed_reliable_context=1.895529 sequence=741.100098
[onpolicy-r21/subckt_0020] [plan] step=492 node=__aig_not_12747 type=observe q_typed_reliable_context=1.695443 sequence=742.795541
[onpolicy-r21/subckt_0020] [plan] step=493 node=__aig_not_12753 type=observe q_typed_reliable_context=1.115263 sequence=743.910804
[onpolicy-r21/subckt_0020] [plan] step=494 node=__buf_split_7511 type=observe q_typed_reliable_context=1.652262 sequence=745.563065
[onpolicy-r21/subckt_0020] [plan] step=495 node=__buf_split_13425 type=observe q_typed_reliable_context=1.437780 sequence=747.000845
[onpolicy-r21/subckt_0020] [plan] step=496 node=__buf_split_12755 type=observe q_typed_reliable_context=1.339537 sequence=748.340382
[onpolicy-r21/subckt_0020] [plan] step=497 node=__buf_split_13422 type=observe q_typed_reliable_context=1.553949 sequence=749.894331
[onpolicy-r21/subckt_0020] [plan] step=498 node=__aig_not_22939 type=observe q_typed_reliable_context=1.777717 sequence=751.672048
[onpolicy-r21/subckt_0020] [plan] step=499 node=__aig_not_21784 type=observe q_typed_reliable_context=2.542031 sequence=754.214079
[onpolicy-r21/subckt_0020] [plan] step=500 node=__aig_not_22935 type=observe q_typed_reliable_context=1.692254 sequence=755.906333
[onpolicy-r21/subckt_0020] [plan] step=501 node=__aig_and_12726 type=observe q_typed_reliable_context=1.768889 sequence=757.675222
[onpolicy-r21/subckt_0020] [plan] step=502 node=new_n9468 type=observe q_typed_reliable_context=1.263820 sequence=758.939042
[onpolicy-r21/subckt_0020] [plan] step=503 node=new_n9962 type=observe q_typed_reliable_context=1.574292 sequence=760.513334
[onpolicy-r21/subckt_0020] [plan] step=504 node=new_n9960 type=observe q_typed_reliable_context=1.589707 sequence=762.103041
[onpolicy-r21/subckt_0020] [plan] step=505 node=__aig_and_22941 type=observe q_typed_reliable_context=1.240763 sequence=763.343804
[onpolicy-r21/subckt_0020] [plan] step=506 node=__aig_and_22937 type=observe q_typed_reliable_context=1.367454 sequence=764.711258
[onpolicy-r21/subckt_0020] [plan] step=507 node=__buf_split_12769 type=observe q_typed_reliable_context=1.725373 sequence=766.436631
[onpolicy-r21/subckt_0020] [plan] step=508 node=__buf_split_12757 type=observe q_typed_reliable_context=1.028887 sequence=767.465518
[onpolicy-r21/subckt_0020] [plan] step=509 node=__buf_split_7467 type=observe q_typed_reliable_context=2.185356 sequence=769.650873
[onpolicy-r21/subckt_0020] [plan] step=510 node=__buf_split_7470 type=observe q_typed_reliable_context=1.317704 sequence=770.968577
[onpolicy-r21/subckt_0020] [plan] step=511 node=__buf_split_7482 type=observe q_typed_reliable_context=1.238951 sequence=772.207528
[onpolicy-r21/subckt_0020] [plan] step=512 node=new_n9963 type=observe q_typed_reliable_context=1.013040 sequence=773.220568
[onpolicy-r21/subckt_0020] [plan] step=513 node=new_n5590 type=control1 q_typed_reliable_context=1.564282 sequence=774.784850
[onpolicy-r21/subckt_0020] [plan] step=514 node=__buf_split_14845 type=control0 q_typed_reliable_context=1.577160 sequence=776.362010
[onpolicy-r21/subckt_0020] [plan] step=515 node=new_n5226 type=control1 q_typed_reliable_context=2.086744 sequence=778.448754
[onpolicy-r21/subckt_0020] [plan] step=516 node=new_n5575 type=control1 q_typed_reliable_context=1.898458 sequence=780.347211
[onpolicy-r21/subckt_0020] [plan] step=517 node=__aig_not_21809 type=observe q_typed_reliable_context=1.115518 sequence=781.462729
[onpolicy-r21/subckt_0020] [plan] step=518 node=new_n9961 type=observe q_typed_reliable_context=1.074568 sequence=782.537297
[onpolicy-r21/subckt_0020] [plan] step=519 node=__aig_not_21787 type=observe q_typed_reliable_context=1.040651 sequence=783.577948
[onpolicy-r21/subckt_0020] [plan] step=520 node=__aig_and_21788 type=observe q_typed_reliable_context=0.678362 sequence=784.256310
[onpolicy-r21/subckt_0020] [plan] step=521 node=__aig_and_22947 type=observe q_typed_reliable_context=0.912914 sequence=785.169225
[onpolicy-r21/subckt_0020] [plan] step=522 node=new_n5203 type=control0 q_typed_reliable_context=0.455088 sequence=785.624313
[onpolicy-r21/subckt_0020] [plan] step=523 node=asqrt[62] type=control0 q_typed_reliable_context=0.758007 sequence=786.382320
[onpolicy-r21/subckt_0020] [plan] step=524 node=__aig_not_22943 type=observe q_typed_reliable_context=0.991357 sequence=787.373676
[onpolicy-r21/subckt_0020] [plan] step=525 node=__aig_and_12698 type=observe q_typed_reliable_context=1.276025 sequence=788.649701
[onpolicy-r21/subckt_0020] [plan] step=526 node=__aig_not_12681 type=control0 q_typed_reliable_context=1.519455 sequence=790.169157
[onpolicy-r21/subckt_0020] [plan] step=527 node=__buf_split_7448 type=control0 q_typed_reliable_context=1.497838 sequence=791.666995
[onpolicy-r21/subckt_0020] [plan] step=528 node=new_n9479 type=observe q_typed_reliable_context=1.089491 sequence=792.756486
[onpolicy-r21/subckt_0020] [plan] step=529 node=new_n5580 type=observe q_typed_reliable_context=1.578309 sequence=794.334796
[onpolicy-r21/subckt_0020] [plan] step=530 node=new_n9965 type=observe q_typed_reliable_context=1.123212 sequence=795.458008
[onpolicy-r21/subckt_0020] [plan] step=531 node=__buf_split_13441 type=observe q_typed_reliable_context=1.588064 sequence=797.046071
[onpolicy-r21/subckt_0020] [plan] step=532 node=__buf_split_13436 type=observe q_typed_reliable_context=1.495317 sequence=798.541388
[onpolicy-r21/subckt_0020] [plan] step=533 node=new_n9964 type=observe q_typed_reliable_context=1.385232 sequence=799.926620
[onpolicy-r21/subckt_0020] [plan] step=534 node=__aig_not_12725 type=observe q_typed_reliable_context=0.880229 sequence=800.806849
[onpolicy-r21/subckt_0020] [plan] step=535 node=__aig_not_21789 type=observe q_typed_reliable_context=3.478125 sequence=804.284974
[onpolicy-r21/subckt_0020] [plan] step=536 node=__buf_split_12771 type=observe q_typed_reliable_context=2.358252 sequence=806.643226
[onpolicy-r21/subckt_0020] [plan] step=537 node=__aig_and_21790 type=observe q_typed_reliable_context=1.308307 sequence=807.951534
[onpolicy-r21/subckt_0020] [plan] step=538 node=__aig_not_22967 type=observe q_typed_reliable_context=2.154296 sequence=810.105829
[onpolicy-r21/subckt_0020] [plan] step=539 node=__aig_not_22961 type=observe q_typed_reliable_context=1.771980 sequence=811.877809
[onpolicy-r21/subckt_0020] [plan] step=540 node=__buf_split_13431 type=observe q_typed_reliable_context=1.519523 sequence=813.397332
[onpolicy-r21/subckt_0020] [plan] step=541 node=__aig_not_22946 type=observe q_typed_reliable_context=1.438601 sequence=814.835933
[onpolicy-r21/subckt_0020] [plan] step=542 node=__buf_split_14114 type=observe q_typed_reliable_context=1.094875 sequence=815.930808
[onpolicy-r21/subckt_0020] [plan] step=543 node=__aig_not_21812 type=observe q_typed_reliable_context=1.139814 sequence=817.070621
[onpolicy-r21/subckt_0020] [plan] step=544 node=__buf_split_14120 type=observe q_typed_reliable_context=1.026736 sequence=818.097357
[onpolicy-r21/subckt_0020] [plan] step=545 node=new_n5224 type=control0 q_typed_reliable_context=1.066288 sequence=819.163645
[onpolicy-r21/subckt_0020] [plan] step=546 node=__aig_and_5 type=control0 q_typed_reliable_context=1.270105 sequence=820.433750
[onpolicy-r21/subckt_0020] [plan] step=547 node=asqrt[36] type=control0 q_typed_reliable_context=0.910007 sequence=821.343758
[onpolicy-r21/subckt_0020] [plan] step=548 node=__aig_not_25391 type=control0 q_typed_reliable_context=0.726380 sequence=822.070138
[onpolicy-r21/subckt_0020] [plan] step=549 node=new_n5246 type=control0 q_typed_reliable_context=0.923610 sequence=822.993748
[onpolicy-r21/subckt_0020] [plan] step=550 node=__aig_and_21780 type=observe q_typed_reliable_context=0.980608 sequence=823.974356
[onpolicy-r21/subckt_0020] [plan] step=551 node=__aig_not_24180 type=control0 q_typed_reliable_context=1.005171 sequence=824.979527
[onpolicy-r21/subckt_0020] [plan] step=552 node=__aig_not_21868 type=control0 q_typed_reliable_context=0.668149 sequence=825.647675
[onpolicy-r21/subckt_0020] [plan] step=553 node=__aig_not_1 type=control0 q_typed_reliable_context=0.637235 sequence=826.284911
[onpolicy-r21/subckt_0020] [plan] step=554 node=new_n5210 type=control1 q_typed_reliable_context=1.533673 sequence=827.818584
[onpolicy-r21/subckt_0020] [plan] step=555 node=__aig_and_12715 type=control1 q_typed_reliable_context=0.968888 sequence=828.787472
[onpolicy-r21/subckt_0020] [plan] step=556 node=__aig_and_23006 type=observe q_typed_reliable_context=1.168277 sequence=829.955749
[onpolicy-r21/subckt_0020] [plan] step=557 node=__aig_and_28 type=control0 q_typed_reliable_context=0.591163 sequence=830.546912
[onpolicy-r21/subckt_0020] [plan] step=558 node=new_n5231 type=control1 q_typed_reliable_context=0.591580 sequence=831.138492
[onpolicy-r21/subckt_0020] [plan] step=559 node=new_n194 type=control1 q_typed_reliable_context=0.444367 sequence=831.582858
[onpolicy-r21/subckt_0020] [plan] step=560 node=new_n5610 type=control1 q_typed_reliable_context=0.453326 sequence=832.036184
[onpolicy-r21/subckt_0020] [plan] step=561 node=new_n5597 type=control1 q_typed_reliable_context=0.441294 sequence=832.477478
[onpolicy-r21/subckt_0020] [plan] step=562 node=new_n4891 type=control0 q_typed_reliable_context=0.327492 sequence=832.804970
[onpolicy-r21/subckt_0020] [plan] step=563 node=__aig_and_12689 type=control1 q_typed_reliable_context=1.201903 sequence=834.006873
[onpolicy-r21/subckt_0020] [plan] step=564 node=__aig_not_12682 type=control0 q_typed_reliable_context=1.464076 sequence=835.470949
[onpolicy-r21/subckt_0020] [plan] step=565 node=asqrt[34] type=control1 q_typed_reliable_context=1.629896 sequence=837.100845
[onpolicy-r21/subckt_0020] [plan] step=566 node=__aig_and_12724 type=control1 q_typed_reliable_context=1.295700 sequence=838.396544
[onpolicy-r21/subckt_0020] [plan] step=567 node=new_n5549 type=control0 q_typed_reliable_context=0.591081 sequence=838.987625
[onpolicy-r21/subckt_0020] [plan] step=568 node=__aig_and_11894 type=control0 q_typed_reliable_context=0.430511 sequence=839.418136
[onpolicy-r21/subckt_0020] [plan] step=569 node=__aig_and_12735 type=control0 q_typed_reliable_context=0.261791 sequence=839.679927
[onpolicy-r21/subckt_0020] [plan] step=570 node=__aig_and_11804 type=observe q_typed_reliable_context=0.420044 sequence=840.099971
[onpolicy-r21/subckt_0020] [plan] step=571 node=new_n10489 type=control0 q_typed_reliable_context=0.635403 sequence=840.735375
[onpolicy-r21/subckt_0020] [plan] step=572 node=__aig_and_24173 type=control0 q_typed_reliable_context=1.970374 sequence=842.705749
[onpolicy-r21/subckt_0020] [plan] step=573 node=__aig_and_25371 type=control0 q_typed_reliable_context=0.286464 sequence=842.992212
[onpolicy-r21/subckt_0020] [plan] step=574 node=new_n10477 type=control0 q_typed_reliable_context=0.924536 sequence=843.916748
[onpolicy-r21/subckt_0020] [plan] step=575 node=__aig_and_24145 type=control0 q_typed_reliable_context=0.202785 sequence=844.119534
[onpolicy-r21/subckt_0020] [plan] step=576 node=__aig_not_26 type=control0 q_typed_reliable_context=1.023087 sequence=845.142621
[onpolicy-r21/subckt_0020] [plan] step=577 node=__aig_not_25370 type=control0 q_typed_reliable_context=0.948915 sequence=846.091535
[onpolicy-r21/subckt_0020] [plan] step=578 node=__aig_not_25 type=control0 q_typed_reliable_context=1.288008 sequence=847.379543
[onpolicy-r21/subckt_0020] [plan] step=579 node=__buf_split_15548 type=control0 q_typed_reliable_context=1.467255 sequence=848.846798
[onpolicy-r21/subckt_0020] [plan] step=580 node=__aig_and_21816 type=control0 q_typed_reliable_context=1.269420 sequence=850.116218
[onpolicy-r21/subckt_0020] [plan] step=581 node=__aig_not_21817 type=observe q_typed_reliable_context=0.945099 sequence=851.061316
[onpolicy-r21/subckt_0020] [plan] step=582 node=asqrt[61] type=control0 q_typed_reliable_context=0.630805 sequence=851.692121
[onpolicy-r21/subckt_0020] [plan] step=583 node=__buf_split_14839 type=control0 q_typed_reliable_context=0.825131 sequence=852.517252
[onpolicy-r21/subckt_0020] [plan] step=584 node=__buf_split_15554 type=control0 q_typed_reliable_context=1.344896 sequence=853.862148
[onpolicy-r21/subckt_0020] [plan] step=585 node=__buf_split_14833 type=control0 q_typed_reliable_context=1.321529 sequence=855.183677
[onpolicy-r21/subckt_0020] [plan] step=586 node=__aig_not_24143 type=control0 q_typed_reliable_context=1.047693 sequence=856.231370
[onpolicy-r21/subckt_0020] [plan] step=587 node=__aig_not_23001 type=control0 q_typed_reliable_context=1.529347 sequence=857.760717
[onpolicy-r21/subckt_0020] [plan] step=588 node=__aig_not_25369 type=control0 q_typed_reliable_context=0.700856 sequence=858.461573
[onpolicy-r21/subckt_0020] [plan] step=589 node=__aig_not_22987 type=control0 q_typed_reliable_context=0.672114 sequence=859.133688
[onpolicy-r21/subckt_0020] [plan] step=590 node=__aig_not_24172 type=control0 q_typed_reliable_context=1.503508 sequence=860.637195
[onpolicy-r21/subckt_0020] [plan] step=591 node=__aig_not_23022 type=control0 q_typed_reliable_context=0.506316 sequence=861.143511
[onpolicy-r21/subckt_0020] [plan] step=592 node=new_n5561 type=control0 q_typed_reliable_context=2.839186 sequence=863.982698
[onpolicy-r21/subckt_0020] [plan] step=593 node=__aig_not_11919 type=control1 q_typed_reliable_context=0.763142 sequence=864.745839
[onpolicy-r21/subckt_0020] [plan] step=594 node=new_n197 type=control0 q_typed_reliable_context=1.021006 sequence=865.766846
[onpolicy-r21/subckt_0020] [plan] step=595 node=__buf_split_14140 type=control0 q_typed_reliable_context=1.207203 sequence=866.974049
[onpolicy-r21/subckt_0020] [plan] step=596 node=__buf_split_7444 type=control0 q_typed_reliable_context=1.401006 sequence=868.375055
[onpolicy-r21/subckt_0020] [plan] step=597 node=__aig_and_11881 type=control1 q_typed_reliable_context=0.692159 sequence=869.067214
[onpolicy-r21/subckt_0020] [plan] step=598 node=__aig_and_11912 type=control1 q_typed_reliable_context=0.471825 sequence=869.539038
[onpolicy-r21/subckt_0020] [plan] step=599 node=__buf_split_7028 type=observe q_typed_reliable_context=1.299207 sequence=870.838245
[onpolicy-r21/subckt_0020] [plan] step=600 node=__aig_and_12693 type=control1 q_typed_reliable_context=1.105848 sequence=871.944093
[onpolicy-r21/subckt_0020] [plan] step=601 node=new_n5564 type=control1 q_typed_reliable_context=0.454069 sequence=872.398162
[onpolicy-r21/subckt_0020] [plan] step=602 node=new_n5574 type=control1 q_typed_reliable_context=1.063860 sequence=873.462022
[onpolicy-r21/subckt_0020] [plan] step=603 node=__aig_and_12756 type=observe q_typed_reliable_context=0.660887 sequence=874.122909
[onpolicy-r21/subckt_0020] [plan] step=604 node=__aig_and_12757 type=observe q_typed_reliable_context=0.529905 sequence=874.652814
[onpolicy-r21/subckt_0020] [plan] step=605 node=__aig_and_11892 type=control1 q_typed_reliable_context=1.471642 sequence=876.124455
[onpolicy-r21/subckt_0020] [plan] step=606 node=__aig_and_24162 type=control1 q_typed_reliable_context=0.903774 sequence=877.028230
[onpolicy-r21/subckt_0020] [plan] step=607 node=__aig_and_12653 type=control1 q_typed_reliable_context=1.401030 sequence=878.429260
[onpolicy-r21/subckt_0020] [plan] step=608 node=new_n9991 type=control1 q_typed_reliable_context=1.321964 sequence=879.751223
[onpolicy-r21/subckt_0020] [plan] step=609 node=__aig_not_12659 type=control0 q_typed_reliable_context=0.427162 sequence=880.178385
[onpolicy-r21/subckt_0020] [plan] step=610 node=__aig_not_11908 type=control0 q_typed_reliable_context=0.624669 sequence=880.803054
[onpolicy-r21/subckt_0020] [plan] step=611 node=__aig_not_21842 type=control0 q_typed_reliable_context=0.777044 sequence=881.580098
[onpolicy-r21/subckt_0020] [plan] step=612 node=__aig_not_11913 type=control0 q_typed_reliable_context=0.314508 sequence=881.894606
[onpolicy-r21/subckt_0020] [plan] step=613 node=__aig_not_23023 type=control0 q_typed_reliable_context=0.849621 sequence=882.744227
[onpolicy-r21/subckt_0020] [plan] step=614 node=new_n9989 type=control0 q_typed_reliable_context=0.666232 sequence=883.410459
[onpolicy-r21/subckt_0020] [plan] step=615 node=__aig_and_11821 type=control0 q_typed_reliable_context=1.176153 sequence=884.586612
[onpolicy-r21/subckt_0020] [plan] step=616 node=__buf_split_6966 type=control0 q_typed_reliable_context=1.690393 sequence=886.277005
[onpolicy-r21/subckt_0020] [plan] step=617 node=new_n5214 type=control0 q_typed_reliable_context=0.805180 sequence=887.082184
[onpolicy-r21/subckt_0020] [plan] step=618 node=__aig_and_23003 type=control0 q_typed_reliable_context=1.529725 sequence=888.611909
[onpolicy-r21/subckt_0020] [plan] step=619 node=__aig_not_21845 type=control0 q_typed_reliable_context=1.783905 sequence=890.395814
[onpolicy-r21/subckt_0020] [plan] step=620 node=__aig_and_12650 type=control0 q_typed_reliable_context=2.353159 sequence=892.748973
[onpolicy-r21/subckt_0020] [plan] step=621 node=__aig_and_24142 type=observe q_typed_reliable_context=0.766173 sequence=893.515146
[onpolicy-r21/subckt_0020] [plan] step=622 node=__aig_and_23 type=control1 q_typed_reliable_context=2.256829 sequence=895.771975
[onpolicy-r21/subckt_0020] [plan] step=623 node=__aig_not_24168 type=control0 q_typed_reliable_context=1.944768 sequence=897.716743
[onpolicy-r21/subckt_0020] [plan] step=624 node=__aig_not_21843 type=control0 q_typed_reliable_context=1.540564 sequence=899.257307
[onpolicy-r21/subckt_0020] [plan] step=625 node=new_n4880 type=control0 q_typed_reliable_context=1.381613 sequence=900.638920
[onpolicy-r21/subckt_0020] [plan] step=626 node=__buf_split_14146 type=control0 q_typed_reliable_context=0.989002 sequence=901.627922
[onpolicy-r21/subckt_0020] [plan] step=627 node=__buf_split_14152 type=control0 q_typed_reliable_context=2.115900 sequence=903.743821
[onpolicy-r21/subckt_0020] [plan] step=628 node=__aig_not_11820 type=control0 q_typed_reliable_context=1.979111 sequence=905.722932
[onpolicy-r21/subckt_0020] [plan] step=629 node=__aig_and_11112 type=observe q_typed_reliable_context=1.005473 sequence=906.728405
[onpolicy-r21/subckt_0020] [plan] step=630 node=new_n5591 type=control1 q_typed_reliable_context=0.695629 sequence=907.424034
[onpolicy-r21/subckt_0020] [plan] step=631 node=__aig_not_24157 type=control0 q_typed_reliable_context=1.159298 sequence=908.583333
[onpolicy-r21/subckt_0020] [plan] step=632 node=__aig_and_24134 type=observe q_typed_reliable_context=0.798062 sequence=909.381395
[onpolicy-r21/subckt_0020] [plan] step=633 node=__aig_and_12673 type=observe q_typed_reliable_context=1.034771 sequence=910.416166
[onpolicy-r21/subckt_0020] [plan] step=634 node=new_n9493 type=control0 q_typed_reliable_context=0.792270 sequence=911.208437
[onpolicy-r21/subckt_0020] [plan] step=635 node=new_n10485 type=control1 q_typed_reliable_context=0.846005 sequence=912.054441
[onpolicy-r21/subckt_0020] [plan] step=636 node=__aig_not_23002 type=control0 q_typed_reliable_context=1.444539 sequence=913.498980
[onpolicy-r21/subckt_0020] [plan] step=637 node=new_n5569 type=control1 q_typed_reliable_context=0.964907 sequence=914.463887
[onpolicy-r21/subckt_0020] [plan] step=638 node=__aig_and_12677 type=observe q_typed_reliable_context=1.074062 sequence=915.537949
[onpolicy-r21/subckt_0020] [plan] step=639 node=__buf_split_7473 type=control0 q_typed_reliable_context=0.269193 sequence=915.807141
[onpolicy-r21/subckt_0020] [plan] step=640 node=__aig_not_17 type=control0 q_typed_reliable_context=2.311627 sequence=918.118768
[onpolicy-r21/subckt_0020] [plan] step=641 node=__aig_and_21846 type=control1 q_typed_reliable_context=2.452533 sequence=920.571301
[onpolicy-r21/subckt_0020] [plan] step=642 node=__aig_not_11036 type=control0 q_typed_reliable_context=3.779865 sequence=924.351166
[onpolicy-r21/subckt_0020] [plan] step=643 node=__aig_and_11111 type=observe q_typed_reliable_context=1.253629 sequence=925.604795
[onpolicy-r21/subckt_0020] [plan] step=644 node=__aig_and_25360 type=control1 q_typed_reliable_context=1.694054 sequence=927.298850
[onpolicy-r21/subckt_0020] [plan] step=645 node=__aig_not_12649 type=control0 q_typed_reliable_context=2.500276 sequence=929.799125
[onpolicy-r21/subckt_0020] [plan] step=646 node=__aig_not_11920 type=control0 q_typed_reliable_context=0.830717 sequence=930.629842
[onpolicy-r21/subckt_0020] [plan] step=647 node=__aig_and_73 type=control1 q_typed_reliable_context=0.215026 sequence=930.844868
[onpolicy-r21/subckt_0020] [plan] step=648 node=__aig_not_11048 type=control0 q_typed_reliable_context=1.822750 sequence=932.667619
[onpolicy-r21/subckt_0020] [plan] step=649 node=__aig_and_11116 type=control0 q_typed_reliable_context=0.701715 sequence=933.369334
[onpolicy-r21/subckt_0020] [plan] step=650 node=new_n4873 type=control0 q_typed_reliable_context=0.959369 sequence=934.328703
[onpolicy-r21/subckt_0020] [plan] step=651 node=__aig_and_12744 type=control0 q_typed_reliable_context=0.432806 sequence=934.761509
[onpolicy-r21/subckt_0020] [plan] step=652 node=__aig_and_22992 type=control1 q_typed_reliable_context=2.556081 sequence=937.317590
[onpolicy-r21/subckt_0020] [plan] step=653 node=__buf_split_7453 type=control0 q_typed_reliable_context=0.683797 sequence=938.001387
[onpolicy-r21/subckt_0020] [plan] step=654 node=new_n11536 type=control1 q_typed_reliable_context=2.564405 sequence=940.565792
[onpolicy-r21/subckt_0020] [plan] step=655 node=new_n5609 type=control0 q_typed_reliable_context=0.592960 sequence=941.158752
[onpolicy-r21/subckt_0020] [plan] step=656 node=new_n11004 type=control1 q_typed_reliable_context=2.045367 sequence=943.204118
[onpolicy-r21/subckt_0020] [plan] step=657 node=new_n10480 type=control1 q_typed_reliable_context=1.282206 sequence=944.486324
[onpolicy-r21/subckt_0020] [plan] step=658 node=__aig_not_12742 type=control0 q_typed_reliable_context=0.610016 sequence=945.096341
[onpolicy-r21/subckt_0020] [plan] step=659 node=__buf_split_14124 type=control0 q_typed_reliable_context=0.648166 sequence=945.744506
[onpolicy-r21/subckt_0020] [plan] step=660 node=new_n11000 type=control1 q_typed_reliable_context=0.879739 sequence=946.624245
[onpolicy-r21/subckt_0020] [plan] step=661 node=__aig_not_25377 type=control1 q_typed_reliable_context=0.802409 sequence=947.426655
[onpolicy-r21/subckt_0020] [plan] step=662 node=__buf_split_14127 type=control1 q_typed_reliable_context=0.818768 sequence=948.245423
[onpolicy-r21/subckt_0020] [plan] step=663 node=__buf_split_14829 type=control0 q_typed_reliable_context=0.812194 sequence=949.057617
[onpolicy-r21/subckt_0020] [plan] step=664 node=__buf_split_14823 type=control0 q_typed_reliable_context=0.713258 sequence=949.770875
[onpolicy-r21/subckt_0020] [plan] step=665 node=__buf_split_14139 type=control1 q_typed_reliable_context=0.887356 sequence=950.658232
[onpolicy-r21/subckt_0020] [plan] step=666 node=__aig_not_26620 type=control1 q_typed_reliable_context=0.766873 sequence=951.425105
[onpolicy-r21/subckt_0020] [plan] step=667 node=new_n5570 type=control1 q_typed_reliable_context=0.754312 sequence=952.179417
[onpolicy-r21/subckt_0020] [plan] step=668 node=new_n4897 type=control1 q_typed_reliable_context=0.941251 sequence=953.120668
[onpolicy-r21/subckt_0020] [plan] step=669 node=__aig_and_74 type=control1 q_typed_reliable_context=1.706925 sequence=954.827593
[onpolicy-r21/subckt_0020] [plan] step=670 node=__aig_and_11082 type=control1 q_typed_reliable_context=1.640140 sequence=956.467733
[onpolicy-r21/subckt_0020] [plan] step=671 node=new_n9981 type=control1 q_typed_reliable_context=1.498625 sequence=957.966358
[onpolicy-r21/subckt_0020] [plan] step=672 node=__buf_split_14150 type=control1 q_typed_reliable_context=1.063901 sequence=959.030259
[onpolicy-r21/subckt_0020] [plan] step=673 node=new_n5572 type=control0 q_typed_reliable_context=0.740934 sequence=959.771194
[onpolicy-r21/subckt_0020] [plan] step=674 node=new_n5599 type=control0 q_typed_reliable_context=2.707764 sequence=962.478958
[onpolicy-r21/subckt_0020] [plan] step=675 node=__aig_not_12660 type=control0 q_typed_reliable_context=0.867324 sequence=963.346282
[onpolicy-r21/subckt_0020] [plan] step=676 node=__aig_not_12685 type=control0 q_typed_reliable_context=0.847570 sequence=964.193852
[onpolicy-r21/subckt_0020] [plan] step=677 node=__aig_not_11921 type=control0 q_typed_reliable_context=2.311546 sequence=966.505398
[onpolicy-r21/subckt_0020] [plan] step=678 node=__aig_and_11923 type=control0 q_typed_reliable_context=2.629808 sequence=969.135205
[onpolicy-r21/subckt_0020] [plan] step=679 node=__aig_not_12719 type=control0 q_typed_reliable_context=0.940768 sequence=970.075973
[onpolicy-r21/subckt_0020] [plan] step=680 node=asqrt[63] type=control0 q_typed_reliable_context=2.100106 sequence=972.176079
[onpolicy-r21/subckt_0020] [plan] step=681 node=__aig_and_11922 type=control0 q_typed_reliable_context=2.307832 sequence=974.483911
[onpolicy-r21/subckt_0020] [plan] step=682 node=new_n9980 type=control1 q_typed_reliable_context=0.929757 sequence=975.413668
[onpolicy-r21/subckt_0020] [plan] step=683 node=__aig_and_22988 type=control1 q_typed_reliable_context=3.855852 sequence=979.269520
[onpolicy-r21/subckt_0020] [plan] step=684 node=__aig_and_11811 type=control1 q_typed_reliable_context=3.241879 sequence=982.511399
[onpolicy-r21/subckt_0020] [plan] step=685 node=new_n4899 type=control1 q_typed_reliable_context=1.898717 sequence=984.410115
[onpolicy-r21/subckt_0020] [plan] step=686 node=__aig_and_12 type=control1 q_typed_reliable_context=2.519906 sequence=986.930021
[onpolicy-r21/subckt_0020] [plan] step=687 node=__buf_split_10 type=control0 q_typed_reliable_context=0.721280 sequence=987.651301
[onpolicy-r21/subckt_0020] [plan] step=688 node=__buf_split_7498 type=control0 q_typed_reliable_context=0.745294 sequence=988.396595
[onpolicy-r21/subckt_0020] [plan] step=689 node=__buf_split_7488 type=control0 q_typed_reliable_context=0.824732 sequence=989.221327
[onpolicy-r21/subckt_0020] [plan] step=690 node=new_n5598 type=control0 q_typed_reliable_context=0.801917 sequence=990.023244
[onpolicy-r21/subckt_0020] [plan] step=691 node=new_n5235 type=control0 q_typed_reliable_context=2.031882 sequence=992.055126
[onpolicy-r21/subckt_0020] [plan] step=692 node=__buf_split_7016 type=control0 q_typed_reliable_context=0.740982 sequence=992.796109
[onpolicy-r21/subckt_0020] [plan] step=693 node=__buf_split_7510 type=control0 q_typed_reliable_context=0.867988 sequence=993.664096
[onpolicy-r21/subckt_0020] [plan] step=694 node=__aig_not_11878 type=control0 q_typed_reliable_context=0.930820 sequence=994.594916
[onpolicy-r21/subckt_0020] [plan] step=695 node=new_n9503 type=control1 q_typed_reliable_context=1.111670 sequence=995.706586
[onpolicy-r21/subckt_0020] [plan] step=696 node=new_n10997 type=control1 q_typed_reliable_context=1.138309 sequence=996.844895
[onpolicy-r21/subckt_0020] [plan] step=697 node=new_n5242 type=control0 q_typed_reliable_context=1.052529 sequence=997.897424
[onpolicy-r21/subckt_0020] [plan] step=698 node=new_n5583 type=control0 q_typed_reliable_context=2.292519 sequence=1000.189943
[onpolicy-r21/subckt_0020] [plan] step=699 node=__buf_split_7505 type=control0 q_typed_reliable_context=0.850142 sequence=1001.040085
[onpolicy-r21/subckt_0020] [plan] step=700 node=__aig_and_26612 type=control1 q_typed_reliable_context=2.095292 sequence=1003.135377
[onpolicy-r21/subckt_0020] [plan] step=701 node=__aig_and_12720 type=control0 q_typed_reliable_context=1.165153 sequence=1004.300531
[onpolicy-r21/subckt_0020] [plan] step=702 node=__buf_split_7490 type=control0 q_typed_reliable_context=0.841975 sequence=1005.142505
[onpolicy-r21/subckt_0020] [plan] step=703 node=__aig_not_12716 type=control0 q_typed_reliable_context=2.049925 sequence=1007.192430
[onpolicy-r21/subckt_0020] [plan] step=704 node=__aig_and_11915 type=control0 q_typed_reliable_context=1.818861 sequence=1009.011291
[onpolicy-r21/subckt_0020] [plan] step=705 node=__aig_not_12709 type=control0 q_typed_reliable_context=0.947210 sequence=1009.958501
[onpolicy-r21/subckt_0020] [plan] step=706 node=__aig_not_11911 type=control0 q_typed_reliable_context=0.941936 sequence=1010.900437
[onpolicy-r21/subckt_0020] [plan] step=707 node=__buf_split_7025 type=control0 q_typed_reliable_context=1.071988 sequence=1011.972425
[onpolicy-r21/subckt_0020] [plan] step=708 node=__aig_not_11887 type=control0 q_typed_reliable_context=1.089801 sequence=1013.062225
[onpolicy-r21/subckt_0020] [plan] step=709 node=__buf_split_7031 type=control0 q_typed_reliable_context=1.078500 sequence=1014.140725
[onpolicy-r21/subckt_0020] [plan] step=710 node=__aig_and_10 type=control0 q_typed_reliable_context=2.173934 sequence=1016.314659
[onpolicy-r21/subckt_0020] [plan] step=711 node=__aig_not_11914 type=control0 q_typed_reliable_context=0.939032 sequence=1017.253692
[onpolicy-r21/subckt_0020] [plan] step=712 node=new_n5228 type=control0 q_typed_reliable_context=1.792351 sequence=1019.046042
[onpolicy-r21/subckt_0020] [plan] step=713 node=__aig_and_12686 type=control0 q_typed_reliable_context=1.473514 sequence=1020.519556
[onpolicy-r21/subckt_0020] [plan] step=714 node=__buf_split_7011 type=control0 q_typed_reliable_context=0.901797 sequence=1021.421353
[onpolicy-r21/subckt_0020] [plan] step=715 node=__aig_not_12688 type=control0 q_typed_reliable_context=2.386281 sequence=1023.807634
[onpolicy-r21/subckt_0020] [plan] step=716 node=__buf_split_7496 type=control0 q_typed_reliable_context=0.859195 sequence=1024.666829
[onpolicy-r21/subckt_0020] [plan] step=717 node=new_n5602 type=control0 q_typed_reliable_context=1.113589 sequence=1025.780418
[onpolicy-r21/subckt_0020] [plan] step=718 node=__aig_not_12687 type=control0 q_typed_reliable_context=1.936168 sequence=1027.716586
[onpolicy-r21/subckt_0020] [plan] step=719 node=new_n5227 type=control0 q_typed_reliable_context=2.472343 sequence=1030.188929
[onpolicy-r21/subckt_0020] [plan] step=720 node=__buf_split_7492 type=control0 q_typed_reliable_context=0.767148 sequence=1030.956076
[onpolicy-r21/subckt_0020] [plan] step=721 node=__aig_not_11850 type=control0 q_typed_reliable_context=0.917003 sequence=1031.873080
[onpolicy-r21/subckt_0020] [plan] step=722 node=new_n9984 type=control1 q_typed_reliable_context=1.313047 sequence=1033.186127
[onpolicy-r21/subckt_0020] [plan] step=723 node=__aig_not_12714 type=control0 q_typed_reliable_context=1.025037 sequence=1034.211164
[onpolicy-r21/subckt_0020] [plan] step=724 node=new_n5596 type=control0 q_typed_reliable_context=1.218453 sequence=1035.429617
[onpolicy-r21/subckt_0020] [plan] step=725 node=new_n9482 type=control1 q_typed_reliable_context=1.311870 sequence=1036.741487
[onpolicy-r21/subckt_0020] [plan] step=726 node=__aig_not_12651 type=control1 q_typed_reliable_context=2.506419 sequence=1039.247906
[onpolicy-r21/subckt_0020] [plan] step=727 node=__aig_not_11868 type=control0 q_typed_reliable_context=3.266724 sequence=1042.514630
[onpolicy-r21/subckt_0020] [plan] step=728 node=__buf_split_7491 type=control0 q_typed_reliable_context=0.889686 sequence=1043.404316
[onpolicy-r21/subckt_0020] [plan] step=729 node=new_n9986 type=control0 q_typed_reliable_context=1.076482 sequence=1044.480798
[onpolicy-r21/subckt_0020] [plan] step=730 node=__aig_not_12723 type=control0 q_typed_reliable_context=0.962247 sequence=1045.443045
[onpolicy-r21/subckt_0020] [plan] step=731 node=__aig_not_12703 type=control0 q_typed_reliable_context=2.737576 sequence=1048.180622
[onpolicy-r21/subckt_0020] [plan] step=732 node=__buf_split_7010 type=control0 q_typed_reliable_context=1.082781 sequence=1049.263402
[onpolicy-r21/subckt_0020] [plan] step=733 node=__aig_not_12712 type=control0 q_typed_reliable_context=1.113099 sequence=1050.376501
[onpolicy-r21/subckt_0020] [plan] step=734 node=__aig_not_12738 type=control0 q_typed_reliable_context=2.935348 sequence=1053.311849
[onpolicy-r21/subckt_0020] [plan] step=735 node=__aig_and_9 type=control0 q_typed_reliable_context=1.823170 sequence=1055.135020
[onpolicy-r21/subckt_0020] [plan] step=736 node=new_n5573 type=control0 q_typed_reliable_context=2.153382 sequence=1057.288402
[onpolicy-r21/subckt_0020] [plan] step=737 node=new_n5595 type=control0 q_typed_reliable_context=1.063958 sequence=1058.352360
[onpolicy-r21/subckt_0020] [plan] step=738 node=__aig_and_12707 type=control0 q_typed_reliable_context=1.943997 sequence=1060.296357
[onpolicy-r21/subckt_0020] [plan] step=739 node=__aig_not_12727 type=control0 q_typed_reliable_context=2.275489 sequence=1062.571846
[onpolicy-r21/subckt_0020] [plan] step=740 node=__aig_not_11882 type=control0 q_typed_reliable_context=3.080042 sequence=1065.651888
[onpolicy-r21/subckt_0020] [plan] step=741 node=__aig_and_11910 type=control0 q_typed_reliable_context=2.109005 sequence=1067.760893
[onpolicy-r21/subckt_0020] [plan] step=742 node=__aig_not_6 type=control0 q_typed_reliable_context=4.255651 sequence=1072.016544
[onpolicy-r21/subckt_0020] [plan] step=743 node=__aig_and_11844 type=control0 q_typed_reliable_context=0.779628 sequence=1072.796171
[onpolicy-r21/subckt_0020] [plan] step=744 node=__aig_and_12666 type=control1 q_typed_reliable_context=0.729717 sequence=1073.525888
[onpolicy-r21/subckt_0020] [plan] step=745 node=__aig_not_11076 type=control1 q_typed_reliable_context=5.011636 sequence=1078.537524
[onpolicy-r21/subckt_0020] [plan] step=746 node=new_n10996 type=control1 q_typed_reliable_context=0.686877 sequence=1079.224401
[onpolicy-r21/subckt_0020] [plan] step=747 node=__aig_not_12740 type=control0 q_typed_reliable_context=0.898040 sequence=1080.122441
[onpolicy-r21/subckt_0020] [plan] step=748 node=new_n10473 type=control1 q_typed_reliable_context=0.915856 sequence=1081.038297
[onpolicy-r21/subckt_0020] [plan] step=749 node=__buf_split_13464 type=control1 q_typed_reliable_context=0.974318 sequence=1082.012615
[onpolicy-r21/subckt_0020] [plan] step=750 node=__buf_split_14147 type=control1 q_typed_reliable_context=0.969059 sequence=1082.981674
[onpolicy-r21/subckt_0020] [plan] step=751 node=__buf_split_13473 type=control1 q_typed_reliable_context=1.115860 sequence=1084.097534
[onpolicy-r21/subckt_0020] [plan] step=752 node=new_n9985 type=control1 q_typed_reliable_context=0.755092 sequence=1084.852626
[onpolicy-r21/subckt_0020] [plan] step=753 node=new_n5207 type=control1 q_typed_reliable_context=0.970075 sequence=1085.822701
[onpolicy-r21/subckt_0020] [plan] step=754 node=new_n11531 type=control1 q_typed_reliable_context=0.679506 sequence=1086.502207
[onpolicy-r21/subckt_0020] [plan] step=755 node=new_n195 type=control1 q_typed_reliable_context=1.006520 sequence=1087.508727
[onpolicy-r21/subckt_0020] [plan] step=756 node=__buf_split_12800 type=control1 q_typed_reliable_context=0.546738 sequence=1088.055465
[onpolicy-r21/subckt_0020] [plan] step=757 node=__aig_and_12663 type=control0 q_typed_reliable_context=1.399511 sequence=1089.454976
[onpolicy-r21/subckt_0020] [plan] step=758 node=__aig_and_11905 type=control1 q_typed_reliable_context=0.389454 sequence=1089.844430
[onpolicy-r21/subckt_0020] [plan] step=759 node=__buf_split_13468 type=control1 q_typed_reliable_context=0.677961 sequence=1090.522391
[onpolicy-r21/subckt_0020] [plan] step=760 node=__aig_and_24156 type=control1 q_typed_reliable_context=1.319145 sequence=1091.841536
[onpolicy-r21/subckt_0020] [plan] step=761 node=new_n4884 type=control1 q_typed_reliable_context=0.383240 sequence=1092.224776
[onpolicy-r21/subckt_0020] [plan] step=762 node=new_n5253 type=control0 q_typed_reliable_context=0.172543 sequence=1092.397319
[onpolicy-r21/subckt_0020] [plan] step=763 node=__buf_split_7474 type=control0 q_typed_reliable_context=0.348619 sequence=1092.745938
[onpolicy-r21/subckt_0020] [plan] step=764 node=__buf_split_7008 type=control0 q_typed_reliable_context=0.972075 sequence=1093.718014
[onpolicy-r21/subckt_0020] [plan] step=765 node=new_n9987 type=control1 q_typed_reliable_context=0.951781 sequence=1094.669795
[onpolicy-r21/subckt_0020] [plan] step=766 node=__buf_split_7027 type=control0 q_typed_reliable_context=0.909080 sequence=1095.578874
[onpolicy-r21/subckt_0020] [plan] step=767 node=__aig_not_11916 type=control0 q_typed_reliable_context=0.884861 sequence=1096.463735
[onpolicy-r21/subckt_0020] [plan] step=768 node=__buf_split_7475 type=control0 q_typed_reliable_context=2.117841 sequence=1098.581576
[onpolicy-r21/subckt_0020] saved=autoresearch/loop-260720-0945/model_training_round21/ultralong_onpolicy_plans/subckt_0020.csv
