[onpolicy-r21/subckt_0298] [plan] torch_deterministic=true
[onpolicy-r21/subckt_0298] [plan] latent_norm_clip_ratio=4 latent_norm_limit=30.714333
[onpolicy-r21/subckt_0298] [plan] step=1 node=__aig_and_32525 type=control1 q_typed_reliable_context=4.575011 sequence=4.575011
[onpolicy-r21/subckt_0298] [plan] step=2 node=__aig_and_33921 type=observe q_typed_reliable_context=4.707553 sequence=9.282564
[onpolicy-r21/subckt_0298] [plan] step=3 node=__buf_split_18945 type=control0 q_typed_reliable_context=6.326009 sequence=15.608573
[onpolicy-r21/subckt_0298] [plan] step=4 node=__aig_not_8 type=control0 q_typed_reliable_context=3.374305 sequence=18.982878
[onpolicy-r21/subckt_0298] [plan] step=5 node=__aig_and_28 type=control0 q_typed_reliable_context=2.127684 sequence=21.110562
[onpolicy-r21/subckt_0298] [plan] step=6 node=__aig_and_32481 type=control0 q_typed_reliable_context=2.000705 sequence=23.111267
[onpolicy-r21/subckt_0298] [plan] step=7 node=__aig_and_2 type=control0 q_typed_reliable_context=4.010390 sequence=27.121657
[onpolicy-r21/subckt_0298] [plan] step=8 node=__aig_and_32504 type=control0 q_typed_reliable_context=2.663322 sequence=29.784979
[onpolicy-r21/subckt_0298] [plan] step=9 node=__buf_split_19764 type=observe q_typed_reliable_context=2.086475 sequence=31.871454
[onpolicy-r21/subckt_0298] [plan] step=10 node=__aig_and_33855 type=control0 q_typed_reliable_context=4.521427 sequence=36.392881
[onpolicy-r21/subckt_0298] [plan] step=11 node=__buf_split_18963 type=observe q_typed_reliable_context=1.958385 sequence=38.351266
[onpolicy-r21/subckt_0298] [plan] step=12 node=__aig_not_33888 type=control0 q_typed_reliable_context=2.219101 sequence=40.570367
[onpolicy-r21/subckt_0298] [plan] step=13 node=__buf_split_19743 type=observe q_typed_reliable_context=1.849530 sequence=42.419897
[onpolicy-r21/subckt_0298] [plan] step=14 node=__aig_not_33894 type=observe q_typed_reliable_context=1.880391 sequence=44.300288
[onpolicy-r21/subckt_0298] [plan] step=15 node=__aig_and_32486 type=control1 q_typed_reliable_context=1.967948 sequence=46.268236
[onpolicy-r21/subckt_0298] [plan] step=16 node=__aig_and_33904 type=observe q_typed_reliable_context=2.381041 sequence=48.649277
[onpolicy-r21/subckt_0298] [plan] step=17 node=new_n14647 type=control0 q_typed_reliable_context=2.315644 sequence=50.964921
[onpolicy-r21/subckt_0298] [plan] step=18 node=__aig_not_31167 type=control0 q_typed_reliable_context=1.778487 sequence=52.743408
[onpolicy-r21/subckt_0298] [plan] step=19 node=__aig_and_31176 type=observe q_typed_reliable_context=2.344913 sequence=55.088321
[onpolicy-r21/subckt_0298] [plan] step=20 node=__aig_not_33949 type=observe q_typed_reliable_context=1.631406 sequence=56.719727
[onpolicy-r21/subckt_0298] [plan] step=21 node=__aig_and_33953 type=control1 q_typed_reliable_context=1.576805 sequence=58.296532
[onpolicy-r21/subckt_0298] [plan] step=22 node=__aig_and_31126 type=observe q_typed_reliable_context=1.889862 sequence=60.186395
[onpolicy-r21/subckt_0298] [plan] step=23 node=__aig_and_33832 type=control1 q_typed_reliable_context=1.582101 sequence=61.768496
[onpolicy-r21/subckt_0298] [plan] step=24 node=__aig_not_33955 type=control0 q_typed_reliable_context=1.652262 sequence=63.420758
[onpolicy-r21/subckt_0298] [plan] step=25 node=__aig_not_31181 type=control0 q_typed_reliable_context=1.959908 sequence=65.380666
[onpolicy-r21/subckt_0298] [plan] step=26 node=__aig_and_31148 type=observe q_typed_reliable_context=3.384131 sequence=68.764796
[onpolicy-r21/subckt_0298] [plan] step=27 node=__aig_not_32539 type=control0 q_typed_reliable_context=1.383371 sequence=70.148167
[onpolicy-r21/subckt_0298] [plan] step=28 node=__aig_and_32536 type=observe q_typed_reliable_context=1.361199 sequence=71.509366
[onpolicy-r21/subckt_0298] [plan] step=29 node=__aig_and_31195 type=control1 q_typed_reliable_context=1.966580 sequence=73.475946
[onpolicy-r21/subckt_0298] [plan] step=30 node=__aig_and_32468 type=observe q_typed_reliable_context=2.030435 sequence=75.506381
[onpolicy-r21/subckt_0298] [plan] step=31 node=__aig_not_32520 type=control0 q_typed_reliable_context=1.639901 sequence=77.146282
[onpolicy-r21/subckt_0298] [plan] step=32 node=__aig_and_31159 type=observe q_typed_reliable_context=3.457799 sequence=80.604081
[onpolicy-r21/subckt_0298] [plan] step=33 node=__aig_and_32474 type=observe q_typed_reliable_context=2.211908 sequence=82.815989
[onpolicy-r21/subckt_0298] [plan] step=34 node=__aig_and_34014 type=observe q_typed_reliable_context=1.930724 sequence=84.746713
[onpolicy-r21/subckt_0298] [plan] step=35 node=__aig_not_32477 type=control0 q_typed_reliable_context=1.591885 sequence=86.338598
[onpolicy-r21/subckt_0298] [plan] step=36 node=__aig_and_38432 type=control1 q_typed_reliable_context=2.397092 sequence=88.735690
[onpolicy-r21/subckt_0298] [plan] step=37 node=__aig_and_31166 type=observe q_typed_reliable_context=1.880627 sequence=90.616317
[onpolicy-r21/subckt_0298] [plan] step=38 node=__aig_and_34017 type=observe q_typed_reliable_context=1.466713 sequence=92.083030
[onpolicy-r21/subckt_0298] [plan] step=39 node=__aig_not_32498 type=control0 q_typed_reliable_context=1.542418 sequence=93.625448
[onpolicy-r21/subckt_0298] [plan] step=40 node=__aig_and_36945 type=control1 q_typed_reliable_context=1.685159 sequence=95.310607
[onpolicy-r21/subckt_0298] [plan] step=41 node=__buf_split_18929 type=observe q_typed_reliable_context=2.544627 sequence=97.855234
[onpolicy-r21/subckt_0298] [plan] step=42 node=__aig_and_33997 type=observe q_typed_reliable_context=2.332631 sequence=100.187865
[onpolicy-r21/subckt_0298] [plan] step=43 node=__buf_split_20642 type=observe q_typed_reliable_context=1.526897 sequence=101.714762
[onpolicy-r21/subckt_0298] [plan] step=44 node=__aig_and_31180 type=control1 q_typed_reliable_context=1.119002 sequence=102.833764
[onpolicy-r21/subckt_0298] [plan] step=45 node=__aig_and_32514 type=observe q_typed_reliable_context=1.788637 sequence=104.622401
[onpolicy-r21/subckt_0298] [plan] step=46 node=__aig_and_32438 type=control0 q_typed_reliable_context=3.144697 sequence=107.767099
[onpolicy-r21/subckt_0298] [plan] step=47 node=__aig_not_31153 type=control0 q_typed_reliable_context=1.588746 sequence=109.355845
[onpolicy-r21/subckt_0298] [plan] step=48 node=__aig_and_35480 type=control0 q_typed_reliable_context=1.984780 sequence=111.340625
[onpolicy-r21/subckt_0298] [plan] step=49 node=__aig_not_32495 type=control0 q_typed_reliable_context=1.793339 sequence=113.133964
[onpolicy-r21/subckt_0298] [plan] step=50 node=__aig_not_36935 type=control0 q_typed_reliable_context=1.293993 sequence=114.427957
[onpolicy-r21/subckt_0298] [plan] step=51 node=__aig_and_35508 type=control0 q_typed_reliable_context=1.998425 sequence=116.426381
[onpolicy-r21/subckt_0298] [plan] step=52 node=__aig_not_35494 type=control0 q_typed_reliable_context=1.505459 sequence=117.931840
[onpolicy-r21/subckt_0298] [plan] step=53 node=__aig_not_38414 type=control0 q_typed_reliable_context=1.333327 sequence=119.265167
[onpolicy-r21/subckt_0298] [plan] step=54 node=__aig_not_36951 type=control0 q_typed_reliable_context=1.834901 sequence=121.100068
[onpolicy-r21/subckt_0298] [plan] step=55 node=__aig_not_32463 type=control0 q_typed_reliable_context=1.230699 sequence=122.330767
[onpolicy-r21/subckt_0298] [plan] step=56 node=__aig_and_35446 type=observe q_typed_reliable_context=1.618415 sequence=123.949182
[onpolicy-r21/subckt_0298] [plan] step=57 node=__aig_and_36926 type=control1 q_typed_reliable_context=1.287784 sequence=125.236967
[onpolicy-r21/subckt_0298] [plan] step=58 node=__aig_not_38438 type=control0 q_typed_reliable_context=1.269707 sequence=126.506673
[onpolicy-r21/subckt_0298] [plan] step=59 node=__aig_not_35471 type=control0 q_typed_reliable_context=1.698852 sequence=128.205525
[onpolicy-r21/subckt_0298] [plan] step=60 node=__aig_and_35492 type=control1 q_typed_reliable_context=1.850539 sequence=130.056064
[onpolicy-r21/subckt_0298] [plan] step=61 node=__aig_and_35452 type=observe q_typed_reliable_context=1.672520 sequence=131.728584
[onpolicy-r21/subckt_0298] [plan] step=62 node=__aig_and_35464 type=observe q_typed_reliable_context=1.695785 sequence=133.424369
[onpolicy-r21/subckt_0298] [plan] step=63 node=__buf_split_18206 type=observe q_typed_reliable_context=1.522621 sequence=134.946990
[onpolicy-r21/subckt_0298] [plan] step=64 node=__aig_not_36957 type=control0 q_typed_reliable_context=1.698761 sequence=136.645752
[onpolicy-r21/subckt_0298] [plan] step=65 node=__aig_not_35457 type=control0 q_typed_reliable_context=1.352586 sequence=137.998337
[onpolicy-r21/subckt_0298] [plan] step=66 node=__aig_and_36917 type=control1 q_typed_reliable_context=1.779003 sequence=139.777341
[onpolicy-r21/subckt_0298] [plan] step=67 node=__aig_not_36941 type=control0 q_typed_reliable_context=1.611282 sequence=141.388623
[onpolicy-r21/subckt_0298] [plan] step=68 node=__aig_and_36898 type=control1 q_typed_reliable_context=2.321252 sequence=143.709874
[onpolicy-r21/subckt_0298] [plan] step=69 node=__aig_and_31128 type=control1 q_typed_reliable_context=2.314294 sequence=146.024169
[onpolicy-r21/subckt_0298] [plan] step=70 node=__aig_not_31149 type=control0 q_typed_reliable_context=1.438641 sequence=147.462809
[onpolicy-r21/subckt_0298] [plan] step=71 node=__aig_and_35421 type=observe q_typed_reliable_context=1.948833 sequence=149.411642
[onpolicy-r21/subckt_0298] [plan] step=72 node=__aig_and_35476 type=control1 q_typed_reliable_context=2.078988 sequence=151.490630
[onpolicy-r21/subckt_0298] [plan] step=73 node=__buf_split_19794 type=observe q_typed_reliable_context=1.650610 sequence=153.141240
[onpolicy-r21/subckt_0298] [plan] step=74 node=__aig_not_32460 type=control0 q_typed_reliable_context=2.676388 sequence=155.817627
[onpolicy-r21/subckt_0298] [plan] step=75 node=__aig_and_35504 type=control1 q_typed_reliable_context=1.847070 sequence=157.664697
[onpolicy-r21/subckt_0298] [plan] step=76 node=__aig_and_34070 type=control1 q_typed_reliable_context=2.288894 sequence=159.953591
[onpolicy-r21/subckt_0298] [plan] step=77 node=__aig_and_34042 type=observe q_typed_reliable_context=2.151251 sequence=162.104842
[onpolicy-r21/subckt_0298] [plan] step=78 node=__aig_and_36906 type=control1 q_typed_reliable_context=1.554605 sequence=163.659447
[onpolicy-r21/subckt_0298] [plan] step=79 node=__aig_and_23 type=control1 q_typed_reliable_context=1.601268 sequence=165.260715
[onpolicy-r21/subckt_0298] [plan] step=80 node=__aig_not_32487 type=control1 q_typed_reliable_context=1.972584 sequence=167.233299
[onpolicy-r21/subckt_0298] [plan] step=81 node=__aig_and_36954 type=control1 q_typed_reliable_context=1.428852 sequence=168.662151
[onpolicy-r21/subckt_0298] [plan] step=82 node=__aig_and_38404 type=control1 q_typed_reliable_context=1.990369 sequence=170.652520
[onpolicy-r21/subckt_0298] [plan] step=83 node=new_n15304 type=control1 q_typed_reliable_context=1.673914 sequence=172.326434
[onpolicy-r21/subckt_0298] [plan] step=84 node=__aig_and_34078 type=control1 q_typed_reliable_context=1.875391 sequence=174.201825
[onpolicy-r21/subckt_0298] [plan] step=85 node=__aig_not_35455 type=control0 q_typed_reliable_context=2.075552 sequence=176.277377
[onpolicy-r21/subckt_0298] [plan] step=86 node=__aig_and_35425 type=observe q_typed_reliable_context=2.429237 sequence=178.706614
[onpolicy-r21/subckt_0298] [plan] step=87 node=__aig_not_36923 type=observe q_typed_reliable_context=1.288850 sequence=179.995464
[onpolicy-r21/subckt_0298] [plan] step=88 node=__aig_and_34076 type=control0 q_typed_reliable_context=2.706638 sequence=182.702102
[onpolicy-r21/subckt_0298] [plan] step=89 node=__aig_not_34044 type=control0 q_typed_reliable_context=2.648283 sequence=185.350385
[onpolicy-r21/subckt_0298] [plan] step=90 node=__buf_split_18922 type=observe q_typed_reliable_context=1.270197 sequence=186.620582
[onpolicy-r21/subckt_0298] [plan] step=91 node=__aig_and_34020 type=observe q_typed_reliable_context=1.055686 sequence=187.676268
[onpolicy-r21/subckt_0298] [plan] step=92 node=__aig_and_34098 type=control1 q_typed_reliable_context=1.771417 sequence=189.447685
[onpolicy-r21/subckt_0298] [plan] step=93 node=__aig_not_35473 type=control0 q_typed_reliable_context=2.309919 sequence=191.757605
[onpolicy-r21/subckt_0298] [plan] step=94 node=__aig_and_36931 type=observe q_typed_reliable_context=1.998941 sequence=193.756546
[onpolicy-r21/subckt_0298] [plan] step=95 node=__buf_split_20649 type=observe q_typed_reliable_context=1.045688 sequence=194.802234
[onpolicy-r21/subckt_0298] [plan] step=96 node=__buf_split_16 type=observe q_typed_reliable_context=2.107148 sequence=196.909382
[onpolicy-r21/subckt_0298] [plan] step=97 node=__aig_not_34046 type=control0 q_typed_reliable_context=1.668132 sequence=198.577514
[onpolicy-r21/subckt_0298] [plan] step=98 node=__aig_not_34067 type=control0 q_typed_reliable_context=1.783657 sequence=200.361171
[onpolicy-r21/subckt_0298] [plan] step=99 node=__aig_not_36907 type=control0 q_typed_reliable_context=1.709283 sequence=202.070454
[onpolicy-r21/subckt_0298] [plan] step=100 node=__aig_not_35483 type=control0 q_typed_reliable_context=1.339942 sequence=203.410396
[onpolicy-r21/subckt_0298] [plan] step=101 node=__aig_and_36962 type=control1 q_typed_reliable_context=1.224706 sequence=204.635102
[onpolicy-r21/subckt_0298] [plan] step=102 node=__buf_split_18943 type=observe q_typed_reliable_context=1.287577 sequence=205.922679
[onpolicy-r21/subckt_0298] [plan] step=103 node=__aig_and_39936 type=control1 q_typed_reliable_context=2.019350 sequence=207.942029
[onpolicy-r21/subckt_0298] [plan] step=104 node=new_n15305 type=observe q_typed_reliable_context=1.288168 sequence=209.230197
[onpolicy-r21/subckt_0298] [plan] step=105 node=__aig_and_33930 type=control1 q_typed_reliable_context=2.226521 sequence=211.456718
[onpolicy-r21/subckt_0298] [plan] step=106 node=__aig_and_33870 type=control1 q_typed_reliable_context=1.602633 sequence=213.059351
[onpolicy-r21/subckt_0298] [plan] step=107 node=__aig_not_33943 type=control0 q_typed_reliable_context=1.101424 sequence=214.160775
[onpolicy-r21/subckt_0298] [plan] step=108 node=__aig_and_39946 type=control1 q_typed_reliable_context=1.723238 sequence=215.884013
[onpolicy-r21/subckt_0298] [plan] step=109 node=new_n13465 type=observe q_typed_reliable_context=1.296326 sequence=217.180339
[onpolicy-r21/subckt_0298] [plan] step=110 node=__aig_not_31190 type=observe q_typed_reliable_context=1.924598 sequence=219.104937
[onpolicy-r21/subckt_0298] [plan] step=111 node=__aig_and_38423 type=control1 q_typed_reliable_context=1.996764 sequence=221.101701
[onpolicy-r21/subckt_0298] [plan] step=112 node=__buf_split_19789 type=observe q_typed_reliable_context=1.506632 sequence=222.608334
[onpolicy-r21/subckt_0298] [plan] step=113 node=__aig_not_34072 type=control0 q_typed_reliable_context=1.299907 sequence=223.908241
[onpolicy-r21/subckt_0298] [plan] step=114 node=__buf_split_4 type=control0 q_typed_reliable_context=2.874075 sequence=226.782316
[onpolicy-r21/subckt_0298] [plan] step=115 node=new_n13468 type=observe q_typed_reliable_context=1.706810 sequence=228.489126
[onpolicy-r21/subckt_0298] [plan] step=116 node=__buf_split_19776 type=control0 q_typed_reliable_context=3.626889 sequence=232.116015
[onpolicy-r21/subckt_0298] [plan] step=117 node=__aig_not_36932 type=control0 q_typed_reliable_context=2.018355 sequence=234.134370
[onpolicy-r21/subckt_0298] [plan] step=118 node=__aig_not_35489 type=observe q_typed_reliable_context=1.894333 sequence=236.028703
[onpolicy-r21/subckt_0298] [plan] step=119 node=__aig_and_33863 type=control0 q_typed_reliable_context=1.779283 sequence=237.807986
[onpolicy-r21/subckt_0298] [plan] step=120 node=__aig_not_35465 type=control0 q_typed_reliable_context=1.626962 sequence=239.434948
[onpolicy-r21/subckt_0298] [plan] step=121 node=__buf_split_14 type=observe q_typed_reliable_context=1.144394 sequence=240.579343
[onpolicy-r21/subckt_0298] [plan] step=122 node=__aig_not_31192 type=observe q_typed_reliable_context=1.622082 sequence=242.201425
[onpolicy-r21/subckt_0298] [plan] step=123 node=__aig_and_36920 type=control1 q_typed_reliable_context=2.351410 sequence=244.552835
[onpolicy-r21/subckt_0298] [plan] step=124 node=__aig_not_33886 type=control0 q_typed_reliable_context=2.880923 sequence=247.433758
[onpolicy-r21/subckt_0298] [plan] step=125 node=__aig_and_74 type=control1 q_typed_reliable_context=2.473915 sequence=249.907673
[onpolicy-r21/subckt_0298] [plan] step=126 node=__aig_and_31115 type=control1 q_typed_reliable_context=2.087252 sequence=251.994925
[onpolicy-r21/subckt_0298] [plan] step=127 node=__aig_not_32435 type=observe q_typed_reliable_context=2.354212 sequence=254.349137
[onpolicy-r21/subckt_0298] [plan] step=128 node=new_n14637 type=control0 q_typed_reliable_context=1.512255 sequence=255.861392
[onpolicy-r21/subckt_0298] [plan] step=129 node=__buf_split_19847 type=observe q_typed_reliable_context=1.467506 sequence=257.328899
[onpolicy-r21/subckt_0298] [plan] step=130 node=__aig_and_32458 type=control1 q_typed_reliable_context=2.277165 sequence=259.606063
[onpolicy-r21/subckt_0298] [plan] step=131 node=__buf_split_19786 type=observe q_typed_reliable_context=2.263805 sequence=261.869868
[onpolicy-r21/subckt_0298] [plan] step=132 node=__aig_and_35487 type=control0 q_typed_reliable_context=2.096441 sequence=263.966309
[onpolicy-r21/subckt_0298] [plan] step=133 node=new_n13496 type=observe q_typed_reliable_context=1.657837 sequence=265.624147
[onpolicy-r21/subckt_0298] [plan] step=134 node=__aig_not_33909 type=control0 q_typed_reliable_context=2.827460 sequence=268.451607
[onpolicy-r21/subckt_0298] [plan] step=135 node=__aig_not_33878 type=control0 q_typed_reliable_context=2.624432 sequence=271.076038
[onpolicy-r21/subckt_0298] [plan] step=136 node=__aig_not_32563 type=control0 q_typed_reliable_context=1.631894 sequence=272.707933
[onpolicy-r21/subckt_0298] [plan] step=137 node=__aig_and_38436 type=control1 q_typed_reliable_context=1.856222 sequence=274.564155
[onpolicy-r21/subckt_0298] [plan] step=138 node=__aig_and_33852 type=control1 q_typed_reliable_context=2.110460 sequence=276.674614
[onpolicy-r21/subckt_0298] [plan] step=139 node=__aig_and_33847 type=control1 q_typed_reliable_context=2.212548 sequence=278.887163
[onpolicy-r21/subckt_0298] [plan] step=140 node=__aig_and_33882 type=control1 q_typed_reliable_context=1.935615 sequence=280.822778
[onpolicy-r21/subckt_0298] [plan] step=141 node=__aig_not_17 type=control0 q_typed_reliable_context=1.887461 sequence=282.710240
[onpolicy-r21/subckt_0298] [plan] step=142 node=__aig_not_33916 type=observe q_typed_reliable_context=1.552257 sequence=284.262497
[onpolicy-r21/subckt_0298] [plan] step=143 node=__aig_and_34050 type=control1 q_typed_reliable_context=1.268184 sequence=285.530681
[onpolicy-r21/subckt_0298] [plan] step=144 node=__aig_not_35468 type=observe q_typed_reliable_context=1.341306 sequence=286.871987
[onpolicy-r21/subckt_0298] [plan] step=145 node=__aig_and_32492 type=control1 q_typed_reliable_context=2.335219 sequence=289.207206
[onpolicy-r21/subckt_0298] [plan] step=146 node=__aig_and_34022 type=control1 q_typed_reliable_context=1.447318 sequence=290.654524
[onpolicy-r21/subckt_0298] [plan] step=147 node=__aig_and_32507 type=control1 q_typed_reliable_context=2.076394 sequence=292.730918
[onpolicy-r21/subckt_0298] [plan] step=148 node=__aig_and_33942 type=observe q_typed_reliable_context=1.092311 sequence=293.823230
[onpolicy-r21/subckt_0298] [plan] step=149 node=__aig_and_32466 type=control1 q_typed_reliable_context=1.850153 sequence=295.673383
[onpolicy-r21/subckt_0298] [plan] step=150 node=__aig_not_32532 type=control0 q_typed_reliable_context=3.399927 sequence=299.073310
[onpolicy-r21/subckt_0298] [plan] step=151 node=__aig_not_33905 type=control0 q_typed_reliable_context=2.126183 sequence=301.199493
[onpolicy-r21/subckt_0298] [plan] step=152 node=__aig_and_31187 type=control1 q_typed_reliable_context=2.038690 sequence=303.238183
[onpolicy-r21/subckt_0298] [plan] step=153 node=__aig_and_33920 type=observe q_typed_reliable_context=1.220279 sequence=304.458463
[onpolicy-r21/subckt_0298] [plan] step=154 node=__buf_split_19790 type=observe q_typed_reliable_context=2.578472 sequence=307.036935
[onpolicy-r21/subckt_0298] [plan] step=155 node=new_n14049 type=observe q_typed_reliable_context=1.256707 sequence=308.293642
[onpolicy-r21/subckt_0298] [plan] step=156 node=__aig_and_35456 type=observe q_typed_reliable_context=1.906589 sequence=310.200231
[onpolicy-r21/subckt_0298] [plan] step=157 node=__aig_and_33891 type=control1 q_typed_reliable_context=1.927246 sequence=312.127477
[onpolicy-r21/subckt_0298] [plan] step=158 node=__buf_split_18930 type=observe q_typed_reliable_context=1.536492 sequence=313.663969
[onpolicy-r21/subckt_0298] [plan] step=159 node=__buf_split_18944 type=observe q_typed_reliable_context=1.218268 sequence=314.882237
[onpolicy-r21/subckt_0298] [plan] step=160 node=__buf_split_19785 type=observe q_typed_reliable_context=1.167324 sequence=316.049561
[onpolicy-r21/subckt_0298] [plan] step=161 node=__buf_split_18923 type=observe q_typed_reliable_context=1.052558 sequence=317.102119
[onpolicy-r21/subckt_0298] [plan] step=162 node=new_n195 type=observe q_typed_reliable_context=0.963855 sequence=318.065973
[onpolicy-r21/subckt_0298] [plan] step=163 node=new_n15300 type=observe q_typed_reliable_context=0.948921 sequence=319.014895
[onpolicy-r21/subckt_0298] [plan] step=164 node=__buf_split_3 type=observe q_typed_reliable_context=0.971206 sequence=319.986101
[onpolicy-r21/subckt_0298] [plan] step=165 node=__aig_not_33960 type=observe q_typed_reliable_context=0.844789 sequence=320.830890
[onpolicy-r21/subckt_0298] [plan] step=166 node=__buf_split_20674 type=observe q_typed_reliable_context=0.907376 sequence=321.738266
[onpolicy-r21/subckt_0298] [plan] step=167 node=__buf_split_22378 type=observe q_typed_reliable_context=0.868314 sequence=322.606579
[onpolicy-r21/subckt_0298] [plan] step=168 node=new_n15319 type=observe q_typed_reliable_context=1.520398 sequence=324.126978
[onpolicy-r21/subckt_0298] [plan] step=169 node=new_n14617 type=observe q_typed_reliable_context=1.653311 sequence=325.780289
[onpolicy-r21/subckt_0298] [plan] step=170 node=new_n14629 type=control1 q_typed_reliable_context=0.954169 sequence=326.734458
[onpolicy-r21/subckt_0298] [plan] step=171 node=__aig_not_33896 type=observe q_typed_reliable_context=0.850378 sequence=327.584836
[onpolicy-r21/subckt_0298] [plan] step=172 node=__aig_and_32531 type=control1 q_typed_reliable_context=0.759679 sequence=328.344515
[onpolicy-r21/subckt_0298] [plan] step=173 node=__aig_and_31214 type=control1 q_typed_reliable_context=2.291051 sequence=330.635566
[onpolicy-r21/subckt_0298] [plan] step=174 node=__aig_not_31220 type=control0 q_typed_reliable_context=1.347752 sequence=331.983318
[onpolicy-r21/subckt_0298] [plan] step=175 node=__aig_not_32541 type=control0 q_typed_reliable_context=1.832025 sequence=333.815343
[onpolicy-r21/subckt_0298] [plan] step=176 node=__aig_and_33873 type=control1 q_typed_reliable_context=1.853932 sequence=335.669275
[onpolicy-r21/subckt_0298] [plan] step=177 node=__aig_not_31184 type=control0 q_typed_reliable_context=1.179453 sequence=336.848728
[onpolicy-r21/subckt_0298] [plan] step=178 node=__aig_and_32497 type=control1 q_typed_reliable_context=1.654524 sequence=338.503253
[onpolicy-r21/subckt_0298] [plan] step=179 node=new_n15938 type=control1 q_typed_reliable_context=1.471269 sequence=339.974522
[onpolicy-r21/subckt_0298] [plan] step=180 node=__aig_and_33899 type=control1 q_typed_reliable_context=2.626313 sequence=342.600834
[onpolicy-r21/subckt_0298] [plan] step=181 node=new_n14069 type=control1 q_typed_reliable_context=1.420356 sequence=344.021191
[onpolicy-r21/subckt_0298] [plan] step=182 node=__aig_not_33907 type=observe q_typed_reliable_context=1.431300 sequence=345.452491
[onpolicy-r21/subckt_0298] [plan] step=183 node=__aig_not_35513 type=control0 q_typed_reliable_context=0.884062 sequence=346.336553
[onpolicy-r21/subckt_0298] [plan] step=184 node=__aig_and_32527 type=control1 q_typed_reliable_context=0.935254 sequence=347.271807
[onpolicy-r21/subckt_0298] [plan] step=185 node=__aig_not_32476 type=observe q_typed_reliable_context=1.421001 sequence=348.692808
[onpolicy-r21/subckt_0298] [plan] step=186 node=__aig_not_33875 type=observe q_typed_reliable_context=0.935934 sequence=349.628742
[onpolicy-r21/subckt_0298] [plan] step=187 node=__buf_split_18185 type=observe q_typed_reliable_context=1.030205 sequence=350.658947
[onpolicy-r21/subckt_0298] [plan] step=188 node=__buf_split_6 type=observe q_typed_reliable_context=1.264633 sequence=351.923581
[onpolicy-r21/subckt_0298] [plan] step=189 node=__buf_split_19773 type=control0 q_typed_reliable_context=0.931952 sequence=352.855533
[onpolicy-r21/subckt_0298] [plan] step=190 node=__aig_and_34068 type=observe q_typed_reliable_context=0.787371 sequence=353.642904
[onpolicy-r21/subckt_0298] [plan] step=191 node=new_n15331 type=observe q_typed_reliable_context=1.192221 sequence=354.835125
[onpolicy-r21/subckt_0298] [plan] step=192 node=new_n15324 type=observe q_typed_reliable_context=1.150206 sequence=355.985332
[onpolicy-r21/subckt_0298] [plan] step=193 node=new_n13456 type=observe q_typed_reliable_context=1.068982 sequence=357.054313
[onpolicy-r21/subckt_0298] [plan] step=194 node=new_n13453 type=observe q_typed_reliable_context=0.950969 sequence=358.005283
[onpolicy-r21/subckt_0298] [plan] step=195 node=__buf_split_20665 type=observe q_typed_reliable_context=0.825066 sequence=358.830348
[onpolicy-r21/subckt_0298] [plan] step=196 node=__buf_split_19728 type=observe q_typed_reliable_context=0.822077 sequence=359.652425
[onpolicy-r21/subckt_0298] [plan] step=197 node=__buf_split_19727 type=observe q_typed_reliable_context=0.840470 sequence=360.492895
[onpolicy-r21/subckt_0298] [plan] step=198 node=__aig_and_33995 type=observe q_typed_reliable_context=1.143080 sequence=361.635975
[onpolicy-r21/subckt_0298] [plan] step=199 node=__aig_not_33892 type=observe q_typed_reliable_context=1.192697 sequence=362.828672
[onpolicy-r21/subckt_0298] [plan] step=200 node=__buf_split_13 type=observe q_typed_reliable_context=1.070045 sequence=363.898717
[onpolicy-r21/subckt_0298] [plan] step=201 node=__buf_split_21527 type=control1 q_typed_reliable_context=1.031849 sequence=364.930566
[onpolicy-r21/subckt_0298] [plan] step=202 node=__aig_and_34073 type=observe q_typed_reliable_context=0.992222 sequence=365.922787
[onpolicy-r21/subckt_0298] [plan] step=203 node=__aig_not_36943 type=control0 q_typed_reliable_context=1.371994 sequence=367.294781
[onpolicy-r21/subckt_0298] [plan] step=204 node=__aig_and_4 type=control1 q_typed_reliable_context=0.689321 sequence=367.984102
[onpolicy-r21/subckt_0298] [plan] step=205 node=__aig_and_32538 type=control1 q_typed_reliable_context=1.227942 sequence=369.212044
[onpolicy-r21/subckt_0298] [plan] step=206 node=__aig_and_20 type=control1 q_typed_reliable_context=1.870687 sequence=371.082730
[onpolicy-r21/subckt_0298] [plan] step=207 node=__aig_and_32475 type=control1 q_typed_reliable_context=2.298691 sequence=373.381421
[onpolicy-r21/subckt_0298] [plan] step=208 node=__aig_and_32510 type=control1 q_typed_reliable_context=0.673194 sequence=374.054615
[onpolicy-r21/subckt_0298] [plan] step=209 node=__buf_split_18205 type=control0 q_typed_reliable_context=3.950805 sequence=378.005420
[onpolicy-r21/subckt_0298] [plan] step=210 node=__aig_not_32526 type=control0 q_typed_reliable_context=0.693613 sequence=378.699033
[onpolicy-r21/subckt_0298] [plan] step=211 node=__aig_and_22 type=control1 q_typed_reliable_context=1.730460 sequence=380.429493
[onpolicy-r21/subckt_0298] [plan] step=212 node=__aig_and_38402 type=observe q_typed_reliable_context=1.370550 sequence=381.800043
[onpolicy-r21/subckt_0298] [plan] step=213 node=__aig_not_35491 type=control0 q_typed_reliable_context=0.942293 sequence=382.742336
[onpolicy-r21/subckt_0298] [plan] step=214 node=__aig_not_35463 type=control0 q_typed_reliable_context=1.729575 sequence=384.471912
[onpolicy-r21/subckt_0298] [plan] step=215 node=__aig_not_35441 type=control0 q_typed_reliable_context=1.668187 sequence=386.140099
[onpolicy-r21/subckt_0298] [plan] step=216 node=__aig_not_35475 type=control0 q_typed_reliable_context=1.310052 sequence=387.450151
[onpolicy-r21/subckt_0298] [plan] step=217 node=__aig_not_35503 type=control0 q_typed_reliable_context=1.498938 sequence=388.949089
[onpolicy-r21/subckt_0298] [plan] step=218 node=__aig_not_70 type=observe q_typed_reliable_context=1.628295 sequence=390.577383
[onpolicy-r21/subckt_0298] [plan] step=219 node=new_n14022 type=control1 q_typed_reliable_context=1.662797 sequence=392.240180
[onpolicy-r21/subckt_0298] [plan] step=220 node=__aig_and_31163 type=observe q_typed_reliable_context=0.838466 sequence=393.078646
[onpolicy-r21/subckt_0298] [plan] step=221 node=__aig_not_31177 type=observe q_typed_reliable_context=1.372050 sequence=394.450696
[onpolicy-r21/subckt_0298] [plan] step=222 node=new_n14057 type=observe q_typed_reliable_context=1.370751 sequence=395.821447
[onpolicy-r21/subckt_0298] [plan] step=223 node=__aig_not_34011 type=observe q_typed_reliable_context=1.318191 sequence=397.139638
[onpolicy-r21/subckt_0298] [plan] step=224 node=__aig_not_35447 type=observe q_typed_reliable_context=1.563599 sequence=398.703237
[onpolicy-r21/subckt_0298] [plan] step=225 node=__aig_and_38440 type=control1 q_typed_reliable_context=2.817110 sequence=401.520347
[onpolicy-r21/subckt_0298] [plan] step=226 node=__aig_and_33893 type=observe q_typed_reliable_context=2.349941 sequence=403.870287
[onpolicy-r21/subckt_0298] [plan] step=227 node=__buf_split_19753 type=observe q_typed_reliable_context=2.094843 sequence=405.965130
[onpolicy-r21/subckt_0298] [plan] step=228 node=__aig_not_33831 type=control0 q_typed_reliable_context=1.807535 sequence=407.772665
[onpolicy-r21/subckt_0298] [plan] step=229 node=__aig_not_34069 type=control0 q_typed_reliable_context=1.603575 sequence=409.376240
[onpolicy-r21/subckt_0298] [plan] step=230 node=__aig_not_36928 type=observe q_typed_reliable_context=1.464827 sequence=410.841067
[onpolicy-r21/subckt_0298] [plan] step=231 node=__buf_split_19826 type=observe q_typed_reliable_context=1.619331 sequence=412.460398
[onpolicy-r21/subckt_0298] [plan] step=232 node=__aig_not_34039 type=observe q_typed_reliable_context=1.668109 sequence=414.128508
[onpolicy-r21/subckt_0298] [plan] step=233 node=__buf_split_19744 type=observe q_typed_reliable_context=1.614514 sequence=415.743021
[onpolicy-r21/subckt_0298] [plan] step=234 node=__aig_and_38412 type=control1 q_typed_reliable_context=2.602869 sequence=418.345890
[onpolicy-r21/subckt_0298] [plan] step=235 node=new_n14650 type=observe q_typed_reliable_context=2.019261 sequence=420.365151
[onpolicy-r21/subckt_0298] [plan] step=236 node=new_n14649 type=observe q_typed_reliable_context=1.387265 sequence=421.752416
[onpolicy-r21/subckt_0298] [plan] step=237 node=__aig_not_33903 type=observe q_typed_reliable_context=1.748070 sequence=423.500486
[onpolicy-r21/subckt_0298] [plan] step=238 node=new_n14645 type=observe q_typed_reliable_context=1.929733 sequence=425.430219
[onpolicy-r21/subckt_0298] [plan] step=239 node=__aig_not_35419 type=observe q_typed_reliable_context=1.639068 sequence=427.069287
[onpolicy-r21/subckt_0298] [plan] step=240 node=__buf_split_19787 type=observe q_typed_reliable_context=1.591790 sequence=428.661077
[onpolicy-r21/subckt_0298] [plan] step=241 node=__buf_split_19814 type=observe q_typed_reliable_context=1.569929 sequence=430.231006
[onpolicy-r21/subckt_0298] [plan] step=242 node=__aig_and_34012 type=observe q_typed_reliable_context=2.078100 sequence=432.309106
[onpolicy-r21/subckt_0298] [plan] step=243 node=__buf_split_19772 type=observe q_typed_reliable_context=1.855590 sequence=434.164696
[onpolicy-r21/subckt_0298] [plan] step=244 node=new_n14673 type=observe q_typed_reliable_context=1.301903 sequence=435.466599
[onpolicy-r21/subckt_0298] [plan] step=245 node=__buf_split_20640 type=observe q_typed_reliable_context=1.329143 sequence=436.795742
[onpolicy-r21/subckt_0298] [plan] step=246 node=new_n13483 type=observe q_typed_reliable_context=1.328481 sequence=438.124223
[onpolicy-r21/subckt_0298] [plan] step=247 node=__aig_not_31175 type=observe q_typed_reliable_context=1.014745 sequence=439.138968
[onpolicy-r21/subckt_0298] [plan] step=248 node=new_n13482 type=observe q_typed_reliable_context=1.428397 sequence=440.567366
[onpolicy-r21/subckt_0298] [plan] step=249 node=__aig_not_31174 type=observe q_typed_reliable_context=1.236666 sequence=441.804031
[onpolicy-r21/subckt_0298] [plan] step=250 node=__buf_split_18183 type=observe q_typed_reliable_context=1.323644 sequence=443.127676
[onpolicy-r21/subckt_0298] [plan] step=251 node=__buf_split_18968 type=observe q_typed_reliable_context=1.245884 sequence=444.373560
[onpolicy-r21/subckt_0298] [plan] step=252 node=__buf_split_18969 type=observe q_typed_reliable_context=1.315799 sequence=445.689359
[onpolicy-r21/subckt_0298] [plan] step=253 node=__buf_split_18151 type=observe q_typed_reliable_context=1.322517 sequence=447.011876
[onpolicy-r21/subckt_0298] [plan] step=254 node=__aig_not_31124 type=observe q_typed_reliable_context=1.675350 sequence=448.687226
[onpolicy-r21/subckt_0298] [plan] step=255 node=__buf_split_18152 type=observe q_typed_reliable_context=1.522585 sequence=450.209811
[onpolicy-r21/subckt_0298] [plan] step=256 node=__aig_not_31125 type=observe q_typed_reliable_context=1.699173 sequence=451.908984
[onpolicy-r21/subckt_0298] [plan] step=257 node=__aig_not_32534 type=observe q_typed_reliable_context=1.687392 sequence=453.596376
[onpolicy-r21/subckt_0298] [plan] step=258 node=__aig_not_32535 type=observe q_typed_reliable_context=1.697975 sequence=455.294351
[onpolicy-r21/subckt_0298] [plan] step=259 node=__buf_split_18927 type=observe q_typed_reliable_context=1.711700 sequence=457.006052
[onpolicy-r21/subckt_0298] [plan] step=260 node=new_n15932 type=observe q_typed_reliable_context=2.136174 sequence=459.142226
[onpolicy-r21/subckt_0298] [plan] step=261 node=__aig_not_32467 type=observe q_typed_reliable_context=1.496224 sequence=460.638450
[onpolicy-r21/subckt_0298] [plan] step=262 node=new_n13471 type=observe q_typed_reliable_context=1.104639 sequence=461.743088
[onpolicy-r21/subckt_0298] [plan] step=263 node=__buf_split_18970 type=observe q_typed_reliable_context=1.542845 sequence=463.285933
[onpolicy-r21/subckt_0298] [plan] step=264 node=__aig_and_35424 type=observe q_typed_reliable_context=1.829674 sequence=465.115607
[onpolicy-r21/subckt_0298] [plan] step=265 node=new_n13470 type=observe q_typed_reliable_context=1.351335 sequence=466.466942
[onpolicy-r21/subckt_0298] [plan] step=266 node=__aig_and_35470 type=control1 q_typed_reliable_context=2.394451 sequence=468.861394
[onpolicy-r21/subckt_0298] [plan] step=267 node=__aig_not_34097 type=control0 q_typed_reliable_context=2.014579 sequence=470.875973
[onpolicy-r21/subckt_0298] [plan] step=268 node=__buf_split_19775 type=observe q_typed_reliable_context=1.639808 sequence=472.515781
[onpolicy-r21/subckt_0298] [plan] step=269 node=new_n13499 type=observe q_typed_reliable_context=0.745164 sequence=473.260945
[onpolicy-r21/subckt_0298] [plan] step=270 node=__aig_and_35495 type=control1 q_typed_reliable_context=1.391259 sequence=474.652204
[onpolicy-r21/subckt_0298] [plan] step=271 node=__aig_not_32473 type=observe q_typed_reliable_context=1.240066 sequence=475.892270
[onpolicy-r21/subckt_0298] [plan] step=272 node=__aig_not_31127 type=control0 q_typed_reliable_context=1.167214 sequence=477.059484
[onpolicy-r21/subckt_0298] [plan] step=273 node=new_n13461 type=observe q_typed_reliable_context=1.350527 sequence=478.410011
[onpolicy-r21/subckt_0298] [plan] step=274 node=__buf_split_19774 type=observe q_typed_reliable_context=1.562908 sequence=479.972919
[onpolicy-r21/subckt_0298] [plan] step=275 node=__aig_not_32469 type=observe q_typed_reliable_context=1.596495 sequence=481.569414
[onpolicy-r21/subckt_0298] [plan] step=276 node=__aig_not_32472 type=observe q_typed_reliable_context=1.422827 sequence=482.992241
[onpolicy-r21/subckt_0298] [plan] step=277 node=__buf_split_18928 type=observe q_typed_reliable_context=1.363689 sequence=484.355931
[onpolicy-r21/subckt_0298] [plan] step=278 node=__aig_and_35420 type=observe q_typed_reliable_context=1.585897 sequence=485.941827
[onpolicy-r21/subckt_0298] [plan] step=279 node=__aig_not_32485 type=control0 q_typed_reliable_context=1.319684 sequence=487.261512
[onpolicy-r21/subckt_0298] [plan] step=280 node=__buf_split_18184 type=observe q_typed_reliable_context=2.329350 sequence=489.590862
[onpolicy-r21/subckt_0298] [plan] step=281 node=__buf_split_18942 type=observe q_typed_reliable_context=1.602896 sequence=491.193758
[onpolicy-r21/subckt_0298] [plan] step=282 node=__aig_not_31147 type=observe q_typed_reliable_context=1.452751 sequence=492.646509
[onpolicy-r21/subckt_0298] [plan] step=283 node=__buf_split_18947 type=observe q_typed_reliable_context=1.591385 sequence=494.237894
[onpolicy-r21/subckt_0298] [plan] step=284 node=new_n14035 type=observe q_typed_reliable_context=1.569644 sequence=495.807538
[onpolicy-r21/subckt_0298] [plan] step=285 node=new_n14038 type=observe q_typed_reliable_context=1.823446 sequence=497.630984
[onpolicy-r21/subckt_0298] [plan] step=286 node=__aig_not_32499 type=observe q_typed_reliable_context=1.720520 sequence=499.351504
[onpolicy-r21/subckt_0298] [plan] step=287 node=__aig_and_34040 type=observe q_typed_reliable_context=1.774480 sequence=501.125983
[onpolicy-r21/subckt_0298] [plan] step=288 node=__buf_split_2 type=control1 q_typed_reliable_context=1.276633 sequence=502.402617
[onpolicy-r21/subckt_0298] [plan] step=289 node=__aig_and_35449 type=control1 q_typed_reliable_context=2.446737 sequence=504.849354
[onpolicy-r21/subckt_0298] [plan] step=290 node=new_n15309 type=observe q_typed_reliable_context=1.344467 sequence=506.193821
[onpolicy-r21/subckt_0298] [plan] step=291 node=__aig_not_32493 type=observe q_typed_reliable_context=0.960770 sequence=507.154592
[onpolicy-r21/subckt_0298] [plan] step=292 node=__buf_split_18209 type=observe q_typed_reliable_context=1.513732 sequence=508.668324
[onpolicy-r21/subckt_0298] [plan] step=293 node=new_n13484 type=observe q_typed_reliable_context=1.316301 sequence=509.984625
[onpolicy-r21/subckt_0298] [plan] step=294 node=__aig_and_33915 type=control1 q_typed_reliable_context=1.442284 sequence=511.426909
[onpolicy-r21/subckt_0298] [plan] step=295 node=__aig_and_35428 type=observe q_typed_reliable_context=2.094901 sequence=513.521810
[onpolicy-r21/subckt_0298] [plan] step=296 node=new_n15927 type=observe q_typed_reliable_context=1.133684 sequence=514.655494
[onpolicy-r21/subckt_0298] [plan] step=297 node=new_n13475 type=observe q_typed_reliable_context=1.605897 sequence=516.261391
[onpolicy-r21/subckt_0298] [plan] step=298 node=__buf_split_18172 type=observe q_typed_reliable_context=1.938269 sequence=518.199659
[onpolicy-r21/subckt_0298] [plan] step=299 node=new_n14694 type=observe q_typed_reliable_context=1.437580 sequence=519.637239
[onpolicy-r21/subckt_0298] [plan] step=300 node=__aig_and_35439 type=observe q_typed_reliable_context=1.111083 sequence=520.748322
[onpolicy-r21/subckt_0298] [plan] step=301 node=new_n14687 type=observe q_typed_reliable_context=1.016171 sequence=521.764494
[onpolicy-r21/subckt_0298] [plan] step=302 node=__aig_and_35448 type=observe q_typed_reliable_context=1.157941 sequence=522.922435
[onpolicy-r21/subckt_0298] [plan] step=303 node=new_n14695 type=observe q_typed_reliable_context=1.224867 sequence=524.147302
[onpolicy-r21/subckt_0298] [plan] step=304 node=__aig_and_33876 type=control1 q_typed_reliable_context=1.470028 sequence=525.617331
[onpolicy-r21/subckt_0298] [plan] step=305 node=__aig_not_32451 type=observe q_typed_reliable_context=1.417011 sequence=527.034342
[onpolicy-r21/subckt_0298] [plan] step=306 node=new_n13478 type=observe q_typed_reliable_context=1.671766 sequence=528.706108
[onpolicy-r21/subckt_0298] [plan] step=307 node=__buf_split_18166 type=observe q_typed_reliable_context=1.458084 sequence=530.164192
[onpolicy-r21/subckt_0298] [plan] step=308 node=__buf_split_18946 type=observe q_typed_reliable_context=1.365204 sequence=531.529396
[onpolicy-r21/subckt_0298] [plan] step=309 node=__aig_and_36930 type=observe q_typed_reliable_context=0.845879 sequence=532.375275
[onpolicy-r21/subckt_0298] [plan] step=310 node=__aig_not_31165 type=observe q_typed_reliable_context=1.663204 sequence=534.038479
[onpolicy-r21/subckt_0298] [plan] step=311 node=__aig_not_31150 type=observe q_typed_reliable_context=1.046879 sequence=535.085358
[onpolicy-r21/subckt_0298] [plan] step=312 node=__aig_not_31215 type=observe q_typed_reliable_context=1.229037 sequence=536.314395
[onpolicy-r21/subckt_0298] [plan] step=313 node=__aig_and_35481 type=control1 q_typed_reliable_context=1.657784 sequence=537.972179
[onpolicy-r21/subckt_0298] [plan] step=314 node=new_n14029 type=control0 q_typed_reliable_context=3.229075 sequence=541.201254
[onpolicy-r21/subckt_0298] [plan] step=315 node=__aig_and_35509 type=control1 q_typed_reliable_context=2.387999 sequence=543.589254
[onpolicy-r21/subckt_0298] [plan] step=316 node=__aig_and_33956 type=control1 q_typed_reliable_context=2.452261 sequence=546.041515
[onpolicy-r21/subckt_0298] [plan] step=317 node=__aig_not_33928 type=control0 q_typed_reliable_context=2.597513 sequence=548.639027
[onpolicy-r21/subckt_0298] [plan] step=318 node=__aig_not_31114 type=control0 q_typed_reliable_context=1.740464 sequence=550.379491
[onpolicy-r21/subckt_0298] [plan] step=319 node=new_n14036 type=observe q_typed_reliable_context=2.270788 sequence=552.650279
[onpolicy-r21/subckt_0298] [plan] step=320 node=__buf_split_21509 type=observe q_typed_reliable_context=2.882977 sequence=555.533256
[onpolicy-r21/subckt_0298] [plan] step=321 node=__aig_not_36925 type=observe q_typed_reliable_context=2.769730 sequence=558.302986
[onpolicy-r21/subckt_0298] [plan] step=322 node=__buf_split_21507 type=observe q_typed_reliable_context=2.350409 sequence=560.653395
[onpolicy-r21/subckt_0298] [plan] step=323 node=new_n15298 type=observe q_typed_reliable_context=2.246117 sequence=562.899512
[onpolicy-r21/subckt_0298] [plan] step=324 node=__buf_split_18176 type=observe q_typed_reliable_context=2.023640 sequence=564.923152
[onpolicy-r21/subckt_0298] [plan] step=325 node=__aig_not_31164 type=observe q_typed_reliable_context=1.893738 sequence=566.816890
[onpolicy-r21/subckt_0298] [plan] step=326 node=__aig_not_33993 type=observe q_typed_reliable_context=2.169357 sequence=568.986248
[onpolicy-r21/subckt_0298] [plan] step=327 node=__aig_not_32459 type=observe q_typed_reliable_context=1.683774 sequence=570.670021
[onpolicy-r21/subckt_0298] [plan] step=328 node=new_n14686 type=observe q_typed_reliable_context=2.199893 sequence=572.869914
[onpolicy-r21/subckt_0298] [plan] step=329 node=__aig_and_35442 type=observe q_typed_reliable_context=1.910007 sequence=574.779922
[onpolicy-r21/subckt_0298] [plan] step=330 node=__aig_and_35467 type=control1 q_typed_reliable_context=1.599780 sequence=576.379702
[onpolicy-r21/subckt_0298] [plan] step=331 node=__aig_not_33996 type=observe q_typed_reliable_context=2.029794 sequence=578.409496
[onpolicy-r21/subckt_0298] [plan] step=332 node=__buf_split_21508 type=observe q_typed_reliable_context=1.691287 sequence=580.100783
[onpolicy-r21/subckt_0298] [plan] step=333 node=new_n15307 type=observe q_typed_reliable_context=1.696668 sequence=581.797451
[onpolicy-r21/subckt_0298] [plan] step=334 node=__aig_and_36937 type=control1 q_typed_reliable_context=1.447275 sequence=583.244726
[onpolicy-r21/subckt_0298] [plan] step=335 node=new_n14696 type=observe q_typed_reliable_context=1.256207 sequence=584.500933
[onpolicy-r21/subckt_0298] [plan] step=336 node=__aig_not_35422 type=observe q_typed_reliable_context=1.516118 sequence=586.017051
[onpolicy-r21/subckt_0298] [plan] step=337 node=__buf_split_20658 type=observe q_typed_reliable_context=1.441555 sequence=587.458605
[onpolicy-r21/subckt_0298] [plan] step=338 node=__buf_split_20659 type=observe q_typed_reliable_context=1.362858 sequence=588.821463
[onpolicy-r21/subckt_0298] [plan] step=339 node=__aig_and_35431 type=observe q_typed_reliable_context=1.872195 sequence=590.693658
[onpolicy-r21/subckt_0298] [plan] step=340 node=__buf_split_19829 type=observe q_typed_reliable_context=1.572496 sequence=592.266154
[onpolicy-r21/subckt_0298] [plan] step=341 node=__buf_split_20654 type=observe q_typed_reliable_context=1.829330 sequence=594.095484
[onpolicy-r21/subckt_0298] [plan] step=342 node=__buf_split_20656 type=observe q_typed_reliable_context=1.788795 sequence=595.884279
[onpolicy-r21/subckt_0298] [plan] step=343 node=__aig_not_35450 type=observe q_typed_reliable_context=2.301193 sequence=598.185472
[onpolicy-r21/subckt_0298] [plan] step=344 node=__aig_not_35451 type=observe q_typed_reliable_context=2.079633 sequence=600.265105
[onpolicy-r21/subckt_0298] [plan] step=345 node=__aig_not_34016 type=observe q_typed_reliable_context=2.619780 sequence=602.884885
[onpolicy-r21/subckt_0298] [plan] step=346 node=__aig_not_35445 type=observe q_typed_reliable_context=2.650812 sequence=605.535697
[onpolicy-r21/subckt_0298] [plan] step=347 node=__aig_and_32500 type=observe q_typed_reliable_context=2.112441 sequence=607.648138
[onpolicy-r21/subckt_0298] [plan] step=348 node=new_n13476 type=observe q_typed_reliable_context=1.400067 sequence=609.048205
[onpolicy-r21/subckt_0298] [plan] step=349 node=new_n15315 type=observe q_typed_reliable_context=1.356967 sequence=610.405172
[onpolicy-r21/subckt_0298] [plan] step=350 node=new_n15296 type=observe q_typed_reliable_context=1.528009 sequence=611.933180
[onpolicy-r21/subckt_0298] [plan] step=351 node=__aig_and_32470 type=observe q_typed_reliable_context=2.773476 sequence=614.706656
[onpolicy-r21/subckt_0298] [plan] step=352 node=new_n15310 type=observe q_typed_reliable_context=1.818401 sequence=616.525056
[onpolicy-r21/subckt_0298] [plan] step=353 node=__aig_and_31140 type=observe q_typed_reliable_context=1.444629 sequence=617.969685
[onpolicy-r21/subckt_0298] [plan] step=354 node=new_n14698 type=observe q_typed_reliable_context=1.666597 sequence=619.636282
[onpolicy-r21/subckt_0298] [plan] step=355 node=__buf_split_18948 type=observe q_typed_reliable_context=2.038474 sequence=621.674756
[onpolicy-r21/subckt_0298] [plan] step=356 node=new_n15299 type=observe q_typed_reliable_context=1.429060 sequence=623.103817
[onpolicy-r21/subckt_0298] [plan] step=357 node=__buf_split_21511 type=observe q_typed_reliable_context=2.022540 sequence=625.126356
[onpolicy-r21/subckt_0298] [plan] step=358 node=__buf_split_21512 type=observe q_typed_reliable_context=1.805605 sequence=626.931961
[onpolicy-r21/subckt_0298] [plan] step=359 node=new_n14706 type=observe q_typed_reliable_context=1.934329 sequence=628.866290
[onpolicy-r21/subckt_0298] [plan] step=360 node=new_n15939 type=observe q_typed_reliable_context=3.097535 sequence=631.963825
[onpolicy-r21/subckt_0298] [plan] step=361 node=__aig_not_35427 type=observe q_typed_reliable_context=3.378612 sequence=635.342437
[onpolicy-r21/subckt_0298] [plan] step=362 node=__buf_split_19842 type=observe q_typed_reliable_context=2.889518 sequence=638.231955
[onpolicy-r21/subckt_0298] [plan] step=363 node=__buf_split_19843 type=observe q_typed_reliable_context=2.863837 sequence=641.095791
[onpolicy-r21/subckt_0298] [plan] step=364 node=__aig_not_36929 type=observe q_typed_reliable_context=3.472867 sequence=644.568659
[onpolicy-r21/subckt_0298] [plan] step=365 node=__aig_and_35444 type=observe q_typed_reliable_context=3.006999 sequence=647.575658
[onpolicy-r21/subckt_0298] [plan] step=366 node=__buf_split_19830 type=observe q_typed_reliable_context=2.081327 sequence=649.656984
[onpolicy-r21/subckt_0298] [plan] step=367 node=__buf_split_19831 type=observe q_typed_reliable_context=1.860928 sequence=651.517912
[onpolicy-r21/subckt_0298] [plan] step=368 node=__aig_not_34041 type=observe q_typed_reliable_context=2.123437 sequence=653.641349
[onpolicy-r21/subckt_0298] [plan] step=369 node=__aig_not_33874 type=observe q_typed_reliable_context=2.068024 sequence=655.709373
[onpolicy-r21/subckt_0298] [plan] step=370 node=__aig_and_31133 type=observe q_typed_reliable_context=1.664495 sequence=657.373868
[onpolicy-r21/subckt_0298] [plan] step=371 node=__aig_and_35474 type=observe q_typed_reliable_context=2.765517 sequence=660.139385
[onpolicy-r21/subckt_0298] [plan] step=372 node=__aig_not_34018 type=observe q_typed_reliable_context=1.975286 sequence=662.114671
[onpolicy-r21/subckt_0298] [plan] step=373 node=__aig_not_34019 type=observe q_typed_reliable_context=2.309754 sequence=664.424425
[onpolicy-r21/subckt_0298] [plan] step=374 node=new_n15308 type=observe q_typed_reliable_context=1.695387 sequence=666.119812
[onpolicy-r21/subckt_0298] [plan] step=375 node=new_n15942 type=observe q_typed_reliable_context=1.911030 sequence=668.030842
[onpolicy-r21/subckt_0298] [plan] step=376 node=new_n15297 type=observe q_typed_reliable_context=1.826503 sequence=669.857345
[onpolicy-r21/subckt_0298] [plan] step=377 node=__aig_not_35437 type=observe q_typed_reliable_context=2.173302 sequence=672.030647
[onpolicy-r21/subckt_0298] [plan] step=378 node=__aig_and_35459 type=observe q_typed_reliable_context=1.808640 sequence=673.839287
[onpolicy-r21/subckt_0298] [plan] step=379 node=new_n15306 type=observe q_typed_reliable_context=1.241339 sequence=675.080626
[onpolicy-r21/subckt_0298] [plan] step=380 node=__aig_not_35430 type=observe q_typed_reliable_context=1.205221 sequence=676.285847
[onpolicy-r21/subckt_0298] [plan] step=381 node=new_n15311 type=observe q_typed_reliable_context=1.374364 sequence=677.660210
[onpolicy-r21/subckt_0298] [plan] step=382 node=__buf_split_20664 type=observe q_typed_reliable_context=1.431516 sequence=679.091726
[onpolicy-r21/subckt_0298] [plan] step=383 node=__aig_not_32480 type=control1 q_typed_reliable_context=1.115038 sequence=680.206764
[onpolicy-r21/subckt_0298] [plan] step=384 node=new_n13464 type=observe q_typed_reliable_context=1.111995 sequence=681.318759
[onpolicy-r21/subckt_0298] [plan] step=385 node=__buf_split_18157 type=observe q_typed_reliable_context=1.491275 sequence=682.810034
[onpolicy-r21/subckt_0298] [plan] step=386 node=__aig_not_31138 type=observe q_typed_reliable_context=1.143966 sequence=683.954000
[onpolicy-r21/subckt_0298] [plan] step=387 node=__aig_not_31139 type=observe q_typed_reliable_context=1.175509 sequence=685.129509
[onpolicy-r21/subckt_0298] [plan] step=388 node=__aig_and_32494 type=observe q_typed_reliable_context=0.995713 sequence=686.125222
[onpolicy-r21/subckt_0298] [plan] step=389 node=new_n14065 type=observe q_typed_reliable_context=1.380263 sequence=687.505485
[onpolicy-r21/subckt_0298] [plan] step=390 node=__buf_split_21492 type=observe q_typed_reliable_context=1.557494 sequence=689.062979
[onpolicy-r21/subckt_0298] [plan] step=391 node=__aig_and_32453 type=control1 q_typed_reliable_context=2.627503 sequence=691.690483
[onpolicy-r21/subckt_0298] [plan] step=392 node=__aig_and_31211 type=observe q_typed_reliable_context=1.347617 sequence=693.038100
[onpolicy-r21/subckt_0298] [plan] step=393 node=__aig_not_35429 type=observe q_typed_reliable_context=1.323073 sequence=694.361173
[onpolicy-r21/subckt_0298] [plan] step=394 node=__aig_and_31191 type=observe q_typed_reliable_context=0.963415 sequence=695.324588
[onpolicy-r21/subckt_0298] [plan] step=395 node=__buf_split_20652 type=observe q_typed_reliable_context=1.567745 sequence=696.892333
[onpolicy-r21/subckt_0298] [plan] step=396 node=__buf_split_18 type=observe q_typed_reliable_context=1.288721 sequence=698.181054
[onpolicy-r21/subckt_0298] [plan] step=397 node=new_n15312 type=observe q_typed_reliable_context=1.284446 sequence=699.465500
[onpolicy-r21/subckt_0298] [plan] step=398 node=new_n15943 type=observe q_typed_reliable_context=1.376818 sequence=700.842319
[onpolicy-r21/subckt_0298] [plan] step=399 node=__buf_split_19845 type=observe q_typed_reliable_context=1.322365 sequence=702.164683
[onpolicy-r21/subckt_0298] [plan] step=400 node=__buf_split_20666 type=observe q_typed_reliable_context=1.809792 sequence=703.974475
[onpolicy-r21/subckt_0298] [plan] step=401 node=new_n14708 type=observe q_typed_reliable_context=0.871460 sequence=704.845936
[onpolicy-r21/subckt_0298] [plan] step=402 node=new_n14697 type=observe q_typed_reliable_context=1.368240 sequence=706.214175
[onpolicy-r21/subckt_0298] [plan] step=403 node=__aig_and_36942 type=control1 q_typed_reliable_context=1.840179 sequence=708.054354
[onpolicy-r21/subckt_0298] [plan] step=404 node=__aig_and_36958 type=control1 q_typed_reliable_context=1.806960 sequence=709.861314
[onpolicy-r21/subckt_0298] [plan] step=405 node=__aig_and_32436 type=control1 q_typed_reliable_context=1.528106 sequence=711.389420
[onpolicy-r21/subckt_0298] [plan] step=406 node=__aig_and_31120 type=control1 q_typed_reliable_context=1.730180 sequence=713.119600
[onpolicy-r21/subckt_0298] [plan] step=407 node=__aig_and_31206 type=control1 q_typed_reliable_context=1.918347 sequence=715.037947
[onpolicy-r21/subckt_0298] [plan] step=408 node=__buf_split_19 type=observe q_typed_reliable_context=2.024515 sequence=717.062462
[onpolicy-r21/subckt_0298] [plan] step=409 node=__buf_split_15 type=observe q_typed_reliable_context=1.805062 sequence=718.867524
[onpolicy-r21/subckt_0298] [plan] step=410 node=__aig_not_35458 type=observe q_typed_reliable_context=1.371656 sequence=720.239180
[onpolicy-r21/subckt_0298] [plan] step=411 node=__aig_not_31152 type=control0 q_typed_reliable_context=1.109399 sequence=721.348579
[onpolicy-r21/subckt_0298] [plan] step=412 node=__aig_not_7 type=control0 q_typed_reliable_context=2.124549 sequence=723.473127
[onpolicy-r21/subckt_0298] [plan] step=413 node=__aig_not_36933 type=observe q_typed_reliable_context=1.517892 sequence=724.991020
[onpolicy-r21/subckt_0298] [plan] step=414 node=__aig_not_35466 type=observe q_typed_reliable_context=1.265051 sequence=726.256071
[onpolicy-r21/subckt_0298] [plan] step=415 node=__aig_not_21 type=observe q_typed_reliable_context=1.154883 sequence=727.410954
[onpolicy-r21/subckt_0298] [plan] step=416 node=new_n15313 type=observe q_typed_reliable_context=0.606052 sequence=728.017007
[onpolicy-r21/subckt_0298] [plan] step=417 node=__aig_not_35443 type=observe q_typed_reliable_context=0.664742 sequence=728.681748
[onpolicy-r21/subckt_0298] [plan] step=418 node=new_n14707 type=observe q_typed_reliable_context=0.734232 sequence=729.415980
[onpolicy-r21/subckt_0298] [plan] step=419 node=__buf_split_20672 type=observe q_typed_reliable_context=1.450037 sequence=730.866017
[onpolicy-r21/subckt_0298] [plan] step=420 node=__buf_split_19755 type=observe q_typed_reliable_context=0.911628 sequence=731.777645
[onpolicy-r21/subckt_0298] [plan] step=421 node=__buf_split_20675 type=observe q_typed_reliable_context=1.528211 sequence=733.305856
[onpolicy-r21/subckt_0298] [plan] step=422 node=__buf_split_21519 type=observe q_typed_reliable_context=2.248563 sequence=735.554419
[onpolicy-r21/subckt_0298] [plan] step=423 node=__aig_not_38431 type=observe q_typed_reliable_context=1.540261 sequence=737.094679
[onpolicy-r21/subckt_0298] [plan] step=424 node=__aig_not_19 type=observe q_typed_reliable_context=1.298037 sequence=738.392716
[onpolicy-r21/subckt_0298] [plan] step=425 node=__buf_split_17 type=observe q_typed_reliable_context=1.487808 sequence=739.880524
[onpolicy-r21/subckt_0298] [plan] step=426 node=new_n13489 type=observe q_typed_reliable_context=1.868058 sequence=741.748583
[onpolicy-r21/subckt_0298] [plan] step=427 node=__buf_split_20670 type=observe q_typed_reliable_context=1.899348 sequence=743.647931
[onpolicy-r21/subckt_0298] [plan] step=428 node=__aig_not_35479 type=observe q_typed_reliable_context=2.651213 sequence=746.299144
[onpolicy-r21/subckt_0298] [plan] step=429 node=__aig_and_32461 type=control1 q_typed_reliable_context=1.262652 sequence=747.561796
[onpolicy-r21/subckt_0298] [plan] step=430 node=__aig_and_31143 type=control1 q_typed_reliable_context=0.794000 sequence=748.355796
[onpolicy-r21/subckt_0298] [plan] step=431 node=__aig_not_36944 type=observe q_typed_reliable_context=0.888662 sequence=749.244458
[onpolicy-r21/subckt_0298] [plan] step=432 node=__aig_and_32518 type=control1 q_typed_reliable_context=1.649612 sequence=750.894070
[onpolicy-r21/subckt_0298] [plan] step=433 node=__aig_not_31141 type=observe q_typed_reliable_context=0.923075 sequence=751.817145
[onpolicy-r21/subckt_0298] [plan] step=434 node=__aig_not_31142 type=observe q_typed_reliable_context=0.772045 sequence=752.589190
[onpolicy-r21/subckt_0298] [plan] step=435 node=__buf_split_18192 type=observe q_typed_reliable_context=0.951631 sequence=753.540821
[onpolicy-r21/subckt_0298] [plan] step=436 node=__buf_split_20679 type=observe q_typed_reliable_context=1.071109 sequence=754.611930
[onpolicy-r21/subckt_0298] [plan] step=437 node=new_n14041 type=control0 q_typed_reliable_context=1.411487 sequence=756.023417
[onpolicy-r21/subckt_0298] [plan] step=438 node=__aig_and_31178 type=observe q_typed_reliable_context=0.569772 sequence=756.593190
[onpolicy-r21/subckt_0298] [plan] step=439 node=new_n15301 type=observe q_typed_reliable_context=1.093474 sequence=757.686663
[onpolicy-r21/subckt_0298] [plan] step=440 node=new_n15928 type=observe q_typed_reliable_context=1.431551 sequence=759.118214
[onpolicy-r21/subckt_0298] [plan] step=441 node=__buf_split_21498 type=observe q_typed_reliable_context=1.894619 sequence=761.012834
[onpolicy-r21/subckt_0298] [plan] step=442 node=__buf_split_19859 type=observe q_typed_reliable_context=2.017471 sequence=763.030305
[onpolicy-r21/subckt_0298] [plan] step=443 node=new_n15326 type=observe q_typed_reliable_context=1.454903 sequence=764.485208
[onpolicy-r21/subckt_0298] [plan] step=444 node=__buf_split_18934 type=observe q_typed_reliable_context=2.958984 sequence=767.444192
[onpolicy-r21/subckt_0298] [plan] step=445 node=__aig_not_32503 type=control0 q_typed_reliable_context=3.365575 sequence=770.809767
[onpolicy-r21/subckt_0298] [plan] step=446 node=new_n14058 type=control1 q_typed_reliable_context=2.994727 sequence=773.804494
[onpolicy-r21/subckt_0298] [plan] step=447 node=__aig_not_34047 type=observe q_typed_reliable_context=1.218219 sequence=775.022713
[onpolicy-r21/subckt_0298] [plan] step=448 node=new_n14718 type=observe q_typed_reliable_context=1.224345 sequence=776.247058
[onpolicy-r21/subckt_0298] [plan] step=449 node=__aig_and_35502 type=observe q_typed_reliable_context=0.794202 sequence=777.041260
[onpolicy-r21/subckt_0298] [plan] step=450 node=__buf_split_20667 type=observe q_typed_reliable_context=1.508294 sequence=778.549554
[onpolicy-r21/subckt_0298] [plan] step=451 node=__buf_split_18193 type=observe q_typed_reliable_context=1.320482 sequence=779.870036
[onpolicy-r21/subckt_0298] [plan] step=452 node=__aig_and_32464 type=control1 q_typed_reliable_context=1.336232 sequence=781.206268
[onpolicy-r21/subckt_0298] [plan] step=453 node=__buf_split_19846 type=observe q_typed_reliable_context=1.486925 sequence=782.693194
[onpolicy-r21/subckt_0298] [plan] step=454 node=new_n16571 type=observe q_typed_reliable_context=2.201149 sequence=784.894343
[onpolicy-r21/subckt_0298] [plan] step=455 node=new_n13490 type=observe q_typed_reliable_context=3.631487 sequence=788.525829
[onpolicy-r21/subckt_0298] [plan] step=456 node=__buf_split_5 type=observe q_typed_reliable_context=2.075976 sequence=790.601805
[onpolicy-r21/subckt_0298] [plan] step=457 node=__buf_split_1 type=observe q_typed_reliable_context=2.342095 sequence=792.943900
[onpolicy-r21/subckt_0298] [plan] step=458 node=new_n14665 type=observe q_typed_reliable_context=2.770533 sequence=795.714433
[onpolicy-r21/subckt_0298] [plan] step=459 node=__aig_not_3 type=observe q_typed_reliable_context=3.035357 sequence=798.749790
[onpolicy-r21/subckt_0298] [plan] step=460 node=__buf_split_19793 type=observe q_typed_reliable_context=2.162678 sequence=800.912468
[onpolicy-r21/subckt_0298] [plan] step=461 node=__aig_not_32434 type=observe q_typed_reliable_context=1.228063 sequence=802.140531
[onpolicy-r21/subckt_0298] [plan] step=462 node=__aig_not_35486 type=observe q_typed_reliable_context=1.100097 sequence=803.240628
[onpolicy-r21/subckt_0298] [plan] step=463 node=__aig_and_34048 type=observe q_typed_reliable_context=1.169210 sequence=804.409838
[onpolicy-r21/subckt_0298] [plan] step=464 node=__aig_and_36924 type=observe q_typed_reliable_context=0.720830 sequence=805.130668
[onpolicy-r21/subckt_0298] [plan] step=465 node=__aig_not_34021 type=observe q_typed_reliable_context=2.261568 sequence=807.392236
[onpolicy-r21/subckt_0298] [plan] step=466 node=__buf_split_21514 type=observe q_typed_reliable_context=1.137730 sequence=808.529966
[onpolicy-r21/subckt_0298] [plan] step=467 node=__buf_split_19858 type=observe q_typed_reliable_context=1.125038 sequence=809.655003
[onpolicy-r21/subckt_0298] [plan] step=468 node=__aig_not_36904 type=observe q_typed_reliable_context=1.475343 sequence=811.130346
[onpolicy-r21/subckt_0298] [plan] step=469 node=__aig_not_35478 type=observe q_typed_reliable_context=1.724036 sequence=812.854382
[onpolicy-r21/subckt_0298] [plan] step=470 node=__aig_not_31194 type=observe q_typed_reliable_context=1.662512 sequence=814.516893
[onpolicy-r21/subckt_0298] [plan] step=471 node=__aig_not_16 type=observe q_typed_reliable_context=2.104665 sequence=816.621559
[onpolicy-r21/subckt_0298] [plan] step=472 node=__buf_split_7 type=observe q_typed_reliable_context=1.854597 sequence=818.476156
[onpolicy-r21/subckt_0298] [plan] step=473 node=__buf_split_8 type=observe q_typed_reliable_context=1.686388 sequence=820.162544
[onpolicy-r21/subckt_0298] [plan] step=474 node=__buf_split_18986 type=observe q_typed_reliable_context=1.753235 sequence=821.915780
[onpolicy-r21/subckt_0298] [plan] step=475 node=__buf_split_18985 type=observe q_typed_reliable_context=1.831479 sequence=823.747258
[onpolicy-r21/subckt_0298] [plan] step=476 node=__aig_not_32562 type=observe q_typed_reliable_context=1.918967 sequence=825.666225
[onpolicy-r21/subckt_0298] [plan] step=477 node=new_n14030 type=observe q_typed_reliable_context=1.098819 sequence=826.765044
[onpolicy-r21/subckt_0298] [plan] step=478 node=__aig_not_35511 type=control0 q_typed_reliable_context=1.293746 sequence=828.058790
[onpolicy-r21/subckt_0298] [plan] step=479 node=__aig_and_33889 type=control1 q_typed_reliable_context=1.272713 sequence=829.331503
[onpolicy-r21/subckt_0298] [plan] step=480 node=__aig_not_31113 type=observe q_typed_reliable_context=1.240981 sequence=830.572484
[onpolicy-r21/subckt_0298] [plan] step=481 node=__aig_not_32457 type=observe q_typed_reliable_context=1.123594 sequence=831.696078
[onpolicy-r21/subckt_0298] [plan] step=482 node=__aig_not_31205 type=observe q_typed_reliable_context=1.127548 sequence=832.823626
[onpolicy-r21/subckt_0298] [plan] step=483 node=new_n14626 type=observe q_typed_reliable_context=1.449948 sequence=834.273574
[onpolicy-r21/subckt_0298] [plan] step=484 node=__aig_not_33931 type=control1 q_typed_reliable_context=1.200628 sequence=835.474202
[onpolicy-r21/subckt_0298] [plan] step=485 node=__aig_and_33887 type=control1 q_typed_reliable_context=1.944675 sequence=837.418877
[onpolicy-r21/subckt_0298] [plan] step=486 node=__aig_and_32496 type=control1 q_typed_reliable_context=1.194790 sequence=838.613667
[onpolicy-r21/subckt_0298] [plan] step=487 node=__aig_and_35484 type=observe q_typed_reliable_context=1.249059 sequence=839.862726
[onpolicy-r21/subckt_0298] [plan] step=488 node=__aig_and_33925 type=observe q_typed_reliable_context=2.346005 sequence=842.208731
[onpolicy-r21/subckt_0298] [plan] step=489 node=new_n14655 type=control0 q_typed_reliable_context=0.973129 sequence=843.181860
[onpolicy-r21/subckt_0298] [plan] step=490 node=__aig_not_33851 type=observe q_typed_reliable_context=1.186132 sequence=844.367992
[onpolicy-r21/subckt_0298] [plan] step=491 node=__aig_not_33846 type=observe q_typed_reliable_context=1.178172 sequence=845.546164
[onpolicy-r21/subckt_0298] [plan] step=492 node=__aig_not_33845 type=observe q_typed_reliable_context=1.151852 sequence=846.698015
[onpolicy-r21/subckt_0298] [plan] step=493 node=new_n14055 type=observe q_typed_reliable_context=1.235286 sequence=847.933301
[onpolicy-r21/subckt_0298] [plan] step=494 node=__aig_not_33923 type=observe q_typed_reliable_context=1.091553 sequence=849.024854
[onpolicy-r21/subckt_0298] [plan] step=495 node=__aig_not_32452 type=observe q_typed_reliable_context=1.990369 sequence=851.015223
[onpolicy-r21/subckt_0298] [plan] step=496 node=new_n14664 type=observe q_typed_reliable_context=2.189025 sequence=853.204248
[onpolicy-r21/subckt_0298] [plan] step=497 node=new_n14056 type=observe q_typed_reliable_context=2.402135 sequence=855.606383
[onpolicy-r21/subckt_0298] [plan] step=498 node=new_n13479 type=control0 q_typed_reliable_context=1.207902 sequence=856.814285
[onpolicy-r21/subckt_0298] [plan] step=499 node=__aig_not_32537 type=observe q_typed_reliable_context=2.009443 sequence=858.823728
[onpolicy-r21/subckt_0298] [plan] step=500 node=__aig_not_33924 type=observe q_typed_reliable_context=0.866509 sequence=859.690237
[onpolicy-r21/subckt_0298] [plan] step=501 node=__aig_not_33945 type=observe q_typed_reliable_context=1.203040 sequence=860.893277
[onpolicy-r21/subckt_0298] [plan] step=502 node=__aig_not_33912 type=observe q_typed_reliable_context=1.834993 sequence=862.728269
[onpolicy-r21/subckt_0298] [plan] step=503 node=__aig_not_33957 type=observe q_typed_reliable_context=2.181768 sequence=864.910038
[onpolicy-r21/subckt_0298] [plan] step=504 node=__aig_and_33913 type=observe q_typed_reliable_context=1.886805 sequence=866.796842
[onpolicy-r21/subckt_0298] [plan] step=505 node=__aig_not_33947 type=observe q_typed_reliable_context=2.310213 sequence=869.107056
[onpolicy-r21/subckt_0298] [plan] step=506 node=__buf_split_19762 type=observe q_typed_reliable_context=2.257169 sequence=871.364225
[onpolicy-r21/subckt_0298] [plan] step=507 node=new_n14663 type=observe q_typed_reliable_context=2.631491 sequence=873.995716
[onpolicy-r21/subckt_0298] [plan] step=508 node=__aig_not_33919 type=observe q_typed_reliable_context=2.337815 sequence=876.333531
[onpolicy-r21/subckt_0298] [plan] step=509 node=__buf_split_19771 type=observe q_typed_reliable_context=2.788725 sequence=879.122256
[onpolicy-r21/subckt_0298] [plan] step=510 node=__buf_split_19768 type=observe q_typed_reliable_context=4.051250 sequence=883.173506
[onpolicy-r21/subckt_0298] [plan] step=511 node=__buf_split_19788 type=observe q_typed_reliable_context=2.410054 sequence=885.583561
[onpolicy-r21/subckt_0298] [plan] step=512 node=__aig_and_32516 type=observe q_typed_reliable_context=1.173156 sequence=886.756717
[onpolicy-r21/subckt_0298] [plan] step=513 node=__aig_not_31168 type=control1 q_typed_reliable_context=0.625103 sequence=887.381820
[onpolicy-r21/subckt_0298] [plan] step=514 node=__aig_and_33927 type=control1 q_typed_reliable_context=1.397874 sequence=888.779693
[onpolicy-r21/subckt_0298] [plan] step=515 node=new_n14052 type=control0 q_typed_reliable_context=0.399321 sequence=889.179014
[onpolicy-r21/subckt_0298] [plan] step=516 node=__aig_not_32524 type=control0 q_typed_reliable_context=2.616460 sequence=891.795474
[onpolicy-r21/subckt_0298] [plan] step=517 node=__aig_not_32491 type=control0 q_typed_reliable_context=3.060645 sequence=894.856119
[onpolicy-r21/subckt_0298] [plan] step=518 node=__aig_not_33898 type=control0 q_typed_reliable_context=0.991857 sequence=895.847976
[onpolicy-r21/subckt_0298] [plan] step=519 node=new_n14053 type=control0 q_typed_reliable_context=1.010225 sequence=896.858201
[onpolicy-r21/subckt_0298] [plan] step=520 node=new_n14618 type=control1 q_typed_reliable_context=2.086344 sequence=898.944545
[onpolicy-r21/subckt_0298] [plan] step=521 node=__aig_and_27 type=control0 q_typed_reliable_context=1.077496 sequence=900.022041
[onpolicy-r21/subckt_0298] [plan] step=522 node=__aig_not_38435 type=control0 q_typed_reliable_context=0.821131 sequence=900.843173
[onpolicy-r21/subckt_0298] [plan] step=523 node=__aig_not_31186 type=control0 q_typed_reliable_context=1.769234 sequence=902.612407
[onpolicy-r21/subckt_0298] [plan] step=524 node=__aig_and_33858 type=control0 q_typed_reliable_context=2.368297 sequence=904.980704
[onpolicy-r21/subckt_0298] [plan] step=525 node=__aig_and_35490 type=observe q_typed_reliable_context=0.779932 sequence=905.760636
[onpolicy-r21/subckt_0298] [plan] step=526 node=__buf_split_19770 type=observe q_typed_reliable_context=4.325244 sequence=910.085879
[onpolicy-r21/subckt_0298] [plan] step=527 node=__buf_split_19769 type=observe q_typed_reliable_context=3.005082 sequence=913.090961
[onpolicy-r21/subckt_0298] [plan] step=528 node=new_n14654 type=observe q_typed_reliable_context=1.874552 sequence=914.965513
[onpolicy-r21/subckt_0298] [plan] step=529 node=__aig_not_33872 type=control0 q_typed_reliable_context=2.062184 sequence=917.027697
[onpolicy-r21/subckt_0298] [plan] step=530 node=__aig_and_32560 type=control0 q_typed_reliable_context=3.878941 sequence=920.906638
[onpolicy-r21/subckt_0298] [plan] step=531 node=__aig_not_24 type=control0 q_typed_reliable_context=2.878245 sequence=923.784883
[onpolicy-r21/subckt_0298] [plan] step=532 node=__aig_and_31217 type=control1 q_typed_reliable_context=2.419207 sequence=926.204090
[onpolicy-r21/subckt_0298] [plan] step=533 node=__aig_and_33880 type=observe q_typed_reliable_context=0.913150 sequence=927.117241
[onpolicy-r21/subckt_0298] [plan] step=534 node=__buf_split_19766 type=observe q_typed_reliable_context=3.559037 sequence=930.676278
[onpolicy-r21/subckt_0298] [plan] step=535 node=new_n14628 type=control0 q_typed_reliable_context=3.063086 sequence=933.739364
[onpolicy-r21/subckt_0298] [plan] step=536 node=__aig_not_31182 type=control0 q_typed_reliable_context=1.011841 sequence=934.751205
[onpolicy-r21/subckt_0298] [plan] step=537 node=__aig_and_33940 type=control0 q_typed_reliable_context=1.199133 sequence=935.950337
[onpolicy-r21/subckt_0298] [plan] step=538 node=__buf_split_18153 type=control0 q_typed_reliable_context=0.509371 sequence=936.459709
[onpolicy-r21/subckt_0298] [plan] step=539 node=__buf_split_19715 type=control0 q_typed_reliable_context=0.905290 sequence=937.364999
[onpolicy-r21/subckt_0298] [plan] step=540 node=__aig_not_26 type=control0 q_typed_reliable_context=1.388416 sequence=938.753415
[onpolicy-r21/subckt_0298] [plan] step=541 node=__aig_and_5 type=control0 q_typed_reliable_context=0.955751 sequence=939.709166
[onpolicy-r21/subckt_0298] [plan] step=542 node=__aig_not_25 type=control0 q_typed_reliable_context=1.507147 sequence=941.216313
[onpolicy-r21/subckt_0298] [plan] step=543 node=__aig_not_32502 type=control0 q_typed_reliable_context=1.445816 sequence=942.662129
[onpolicy-r21/subckt_0298] [plan] step=544 node=__aig_not_32479 type=control0 q_typed_reliable_context=1.551599 sequence=944.213729
[onpolicy-r21/subckt_0298] [plan] step=545 node=__aig_and_33918 type=observe q_typed_reliable_context=1.416124 sequence=945.629852
[onpolicy-r21/subckt_0298] [plan] step=546 node=new_n14666 type=observe q_typed_reliable_context=0.620267 sequence=946.250120
[onpolicy-r21/subckt_0298] [plan] step=547 node=__buf_split_19796 type=observe q_typed_reliable_context=1.050325 sequence=947.300444
[onpolicy-r21/subckt_0298] [plan] step=548 node=__buf_split_19791 type=observe q_typed_reliable_context=1.286231 sequence=948.586675
[onpolicy-r21/subckt_0298] [plan] step=549 node=new_n14667 type=observe q_typed_reliable_context=0.586282 sequence=949.172957
[onpolicy-r21/subckt_0298] [plan] step=550 node=__buf_split_19767 type=observe q_typed_reliable_context=1.565510 sequence=950.738467
[onpolicy-r21/subckt_0298] [plan] step=551 node=__aig_not_33922 type=observe q_typed_reliable_context=2.026763 sequence=952.765229
[onpolicy-r21/subckt_0298] [plan] step=552 node=__aig_and_31216 type=control1 q_typed_reliable_context=2.597482 sequence=955.362711
[onpolicy-r21/subckt_0298] [plan] step=553 node=__aig_and_31151 type=control1 q_typed_reliable_context=2.737241 sequence=958.099952
[onpolicy-r21/subckt_0298] [plan] step=554 node=__aig_not_1 type=control0 q_typed_reliable_context=2.494840 sequence=960.594792
[onpolicy-r21/subckt_0298] [plan] step=555 node=__aig_and_31154 type=control1 q_typed_reliable_context=2.002682 sequence=962.597474
[onpolicy-r21/subckt_0298] [plan] step=556 node=new_n16577 type=control0 q_typed_reliable_context=0.890920 sequence=963.488394
[onpolicy-r21/subckt_0298] [plan] step=557 node=new_n13469 type=control0 q_typed_reliable_context=0.983289 sequence=964.471683
[onpolicy-r21/subckt_0298] [plan] step=558 node=__aig_and_38415 type=control0 q_typed_reliable_context=0.918331 sequence=965.390014
[onpolicy-r21/subckt_0298] [plan] step=559 node=__aig_not_32462 type=control0 q_typed_reliable_context=1.025750 sequence=966.415765
[onpolicy-r21/subckt_0298] [plan] step=560 node=new_n14669 type=control1 q_typed_reliable_context=0.893349 sequence=967.309113
[onpolicy-r21/subckt_0298] [plan] step=561 node=__aig_and_36896 type=observe q_typed_reliable_context=1.039599 sequence=968.348713
[onpolicy-r21/subckt_0298] [plan] step=562 node=new_n15945 type=control0 q_typed_reliable_context=0.826966 sequence=969.175678
[onpolicy-r21/subckt_0298] [plan] step=563 node=__aig_and_33906 type=observe q_typed_reliable_context=1.033161 sequence=970.208840
[onpolicy-r21/subckt_0298] [plan] step=564 node=new_n14652 type=observe q_typed_reliable_context=1.830949 sequence=972.039789
[onpolicy-r21/subckt_0298] [plan] step=565 node=__aig_not_33951 type=observe q_typed_reliable_context=1.492008 sequence=973.531797
[onpolicy-r21/subckt_0298] [plan] step=566 node=__aig_not_33917 type=observe q_typed_reliable_context=1.570013 sequence=975.101810
[onpolicy-r21/subckt_0298] [plan] step=567 node=new_n12913 type=control0 q_typed_reliable_context=0.962105 sequence=976.063915
[onpolicy-r21/subckt_0298] [plan] step=568 node=__buf_split_18186 type=control0 q_typed_reliable_context=1.320243 sequence=977.384158
[onpolicy-r21/subckt_0298] [plan] step=569 node=new_n15933 type=control0 q_typed_reliable_context=1.101198 sequence=978.485357
[onpolicy-r21/subckt_0298] [plan] step=570 node=__aig_not_36919 type=control0 q_typed_reliable_context=0.740373 sequence=979.225729
[onpolicy-r21/subckt_0298] [plan] step=571 node=__buf_split_19756 type=control0 q_typed_reliable_context=5.902075 sequence=985.127804
[onpolicy-r21/subckt_0298] [plan] step=572 node=__buf_split_19777 type=control0 q_typed_reliable_context=2.776880 sequence=987.904684
[onpolicy-r21/subckt_0298] [plan] step=573 node=new_n14034 type=control0 q_typed_reliable_context=0.907547 sequence=988.812231
[onpolicy-r21/subckt_0298] [plan] step=574 node=__aig_and_36909 type=control0 q_typed_reliable_context=1.215365 sequence=990.027596
[onpolicy-r21/subckt_0298] [plan] step=575 node=__aig_not_33854 type=control0 q_typed_reliable_context=1.055578 sequence=991.083174
[onpolicy-r21/subckt_0298] [plan] step=576 node=__aig_not_32482 type=control0 q_typed_reliable_context=1.403241 sequence=992.486415
[onpolicy-r21/subckt_0298] [plan] step=577 node=__aig_not_33853 type=control0 q_typed_reliable_context=1.283526 sequence=993.769941
[onpolicy-r21/subckt_0298] [plan] step=578 node=new_n13492 type=control1 q_typed_reliable_context=1.152592 sequence=994.922534
[onpolicy-r21/subckt_0298] [plan] step=579 node=__aig_and_33946 type=observe q_typed_reliable_context=4.237545 sequence=999.160078
[onpolicy-r21/subckt_0298] [plan] step=580 node=new_n14651 type=observe q_typed_reliable_context=3.592087 sequence=1002.752166
[onpolicy-r21/subckt_0298] [plan] step=581 node=__aig_and_33952 type=observe q_typed_reliable_context=1.986543 sequence=1004.738709
[onpolicy-r21/subckt_0298] [plan] step=582 node=__buf_split_19792 type=observe q_typed_reliable_context=3.435685 sequence=1008.174394
[onpolicy-r21/subckt_0298] [plan] step=583 node=new_n14672 type=observe q_typed_reliable_context=1.129377 sequence=1009.303771
[onpolicy-r21/subckt_0298] [plan] step=584 node=__aig_and_36927 type=control1 q_typed_reliable_context=2.567586 sequence=1011.871358
[onpolicy-r21/subckt_0298] [plan] step=585 node=__aig_not_34095 type=control0 q_typed_reliable_context=1.738076 sequence=1013.609434
[onpolicy-r21/subckt_0298] [plan] step=586 node=__aig_not_35501 type=control0 q_typed_reliable_context=2.157879 sequence=1015.767312
[onpolicy-r21/subckt_0298] [plan] step=587 node=new_n15948 type=control1 q_typed_reliable_context=2.722675 sequence=1018.489987
[onpolicy-r21/subckt_0298] [plan] step=588 node=new_n13481 type=control0 q_typed_reliable_context=1.671549 sequence=1020.161536
[onpolicy-r21/subckt_0298] [plan] step=589 node=new_n12909 type=control0 q_typed_reliable_context=0.641741 sequence=1020.803277
[onpolicy-r21/subckt_0298] [plan] step=590 node=__aig_and_33963 type=observe q_typed_reliable_context=0.802225 sequence=1021.605502
[onpolicy-r21/subckt_0298] [plan] step=591 node=new_n14668 type=observe q_typed_reliable_context=2.607583 sequence=1024.213084
[onpolicy-r21/subckt_0298] [plan] step=592 node=__aig_not_33962 type=observe q_typed_reliable_context=4.701317 sequence=1028.914402
[onpolicy-r21/subckt_0298] [plan] step=593 node=new_n14671 type=observe q_typed_reliable_context=1.346746 sequence=1030.261148
[onpolicy-r21/subckt_0298] [plan] step=594 node=__aig_not_33954 type=observe q_typed_reliable_context=1.406260 sequence=1031.667407
[onpolicy-r21/subckt_0298] [plan] step=595 node=__aig_and_38430 type=control1 q_typed_reliable_context=1.719581 sequence=1033.386988
[onpolicy-r21/subckt_0298] [plan] step=596 node=__buf_split_23252 type=control0 q_typed_reliable_context=1.047402 sequence=1034.434390
[onpolicy-r21/subckt_0298] [plan] step=597 node=__buf_split_23246 type=control0 q_typed_reliable_context=1.355026 sequence=1035.789416
[onpolicy-r21/subckt_0298] [plan] step=598 node=__aig_and_33830 type=observe q_typed_reliable_context=1.080420 sequence=1036.869836
[onpolicy-r21/subckt_0298] [plan] step=599 node=new_n15936 type=control1 q_typed_reliable_context=1.958561 sequence=1038.828397
[onpolicy-r21/subckt_0298] [plan] step=600 node=__aig_not_38413 type=control0 q_typed_reliable_context=1.972007 sequence=1040.800404
[onpolicy-r21/subckt_0298] [plan] step=601 node=__buf_split_22371 type=control0 q_typed_reliable_context=1.224045 sequence=1042.024449
[onpolicy-r21/subckt_0298] [plan] step=602 node=__aig_not_35485 type=control0 q_typed_reliable_context=1.056613 sequence=1043.081062
[onpolicy-r21/subckt_0298] [plan] step=603 node=__buf_split_21518 type=control0 q_typed_reliable_context=0.993454 sequence=1044.074515
[onpolicy-r21/subckt_0298] [plan] step=604 node=__buf_split_22383 type=control0 q_typed_reliable_context=1.023251 sequence=1045.097766
[onpolicy-r21/subckt_0298] [plan] step=605 node=new_n15322 type=control0 q_typed_reliable_context=1.314169 sequence=1046.411935
[onpolicy-r21/subckt_0298] [plan] step=606 node=__aig_not_35469 type=control0 q_typed_reliable_context=2.157068 sequence=1048.569003
[onpolicy-r21/subckt_0298] [plan] step=607 node=__aig_not_38442 type=control0 q_typed_reliable_context=1.232197 sequence=1049.801200
[onpolicy-r21/subckt_0298] [plan] step=608 node=__aig_and_73 type=observe q_typed_reliable_context=1.967099 sequence=1051.768299
[onpolicy-r21/subckt_0298] [plan] step=609 node=__aig_and_36899 type=control1 q_typed_reliable_context=2.224464 sequence=1053.992764
[onpolicy-r21/subckt_0298] [plan] step=610 node=new_n15334 type=control0 q_typed_reliable_context=1.347322 sequence=1055.340085
[onpolicy-r21/subckt_0298] [plan] step=611 node=__aig_not_36936 type=control0 q_typed_reliable_context=2.812172 sequence=1058.152257
[onpolicy-r21/subckt_0298] [plan] step=612 node=__aig_and_36934 type=control0 q_typed_reliable_context=0.716279 sequence=1058.868537
[onpolicy-r21/subckt_0298] [plan] step=613 node=__aig_not_35506 type=control0 q_typed_reliable_context=0.968737 sequence=1059.837274
[onpolicy-r21/subckt_0298] [plan] step=614 node=__aig_and_33961 type=observe q_typed_reliable_context=2.575938 sequence=1062.413212
[onpolicy-r21/subckt_0298] [plan] step=615 node=__aig_and_35477 type=control1 q_typed_reliable_context=1.687227 sequence=1064.100440
[onpolicy-r21/subckt_0298] [plan] step=616 node=__aig_and_38405 type=control1 q_typed_reliable_context=2.004222 sequence=1066.104661
[onpolicy-r21/subckt_0298] [plan] step=617 node=new_n16584 type=control1 q_typed_reliable_context=1.601086 sequence=1067.705747
[onpolicy-r21/subckt_0298] [plan] step=618 node=new_n16583 type=control1 q_typed_reliable_context=1.042763 sequence=1068.748510
[onpolicy-r21/subckt_0298] [plan] step=619 node=__aig_not_34074 type=control0 q_typed_reliable_context=1.266981 sequence=1070.015491
[onpolicy-r21/subckt_0298] [plan] step=620 node=__aig_and_33926 type=observe q_typed_reliable_context=1.285545 sequence=1071.301036
[onpolicy-r21/subckt_0298] [plan] step=621 node=__aig_and_36952 type=control1 q_typed_reliable_context=4.163669 sequence=1075.464705
[onpolicy-r21/subckt_0298] [plan] step=622 node=__aig_and_35505 type=control1 q_typed_reliable_context=2.992684 sequence=1078.457390
[onpolicy-r21/subckt_0298] [plan] step=623 node=__aig_and_33950 type=observe q_typed_reliable_context=0.771314 sequence=1079.228704
[onpolicy-r21/subckt_0298] [plan] step=624 node=__buf_split_18910 type=control0 q_typed_reliable_context=0.923897 sequence=1080.152601
[onpolicy-r21/subckt_0298] [plan] step=625 node=new_n13485 type=control1 q_typed_reliable_context=0.867089 sequence=1081.019690
[onpolicy-r21/subckt_0298] [plan] step=626 node=__buf_split_21521 type=control1 q_typed_reliable_context=1.918995 sequence=1082.938685
[onpolicy-r21/subckt_0298] [plan] step=627 node=__buf_split_21533 type=control1 q_typed_reliable_context=1.497502 sequence=1084.436187
[onpolicy-r21/subckt_0298] [plan] step=628 node=new_n15941 type=control1 q_typed_reliable_context=1.271178 sequence=1085.707365
[onpolicy-r21/subckt_0298] [plan] step=629 node=__aig_and_35453 type=observe q_typed_reliable_context=1.390760 sequence=1087.098125
[onpolicy-r21/subckt_0298] [plan] step=630 node=new_n16588 type=control1 q_typed_reliable_context=1.350737 sequence=1088.448862
[onpolicy-r21/subckt_0298] [plan] step=631 node=__buf_split_22377 type=control0 q_typed_reliable_context=0.373715 sequence=1088.822577
[onpolicy-r21/subckt_0298] [plan] step=632 node=__aig_and_33958 type=observe q_typed_reliable_context=1.341665 sequence=1090.164242
[onpolicy-r21/subckt_0298] [plan] step=633 node=asqrt[16] type=control1 q_typed_reliable_context=1.299214 sequence=1091.463456
[onpolicy-r21/subckt_0298] [plan] step=634 node=__aig_not_36908 type=control0 q_typed_reliable_context=2.045116 sequence=1093.508572
[onpolicy-r21/subckt_0298] [plan] step=635 node=new_n14646 type=observe q_typed_reliable_context=2.683180 sequence=1096.191752
[onpolicy-r21/subckt_0298] [plan] step=636 node=new_n17232 type=control1 q_typed_reliable_context=1.867105 sequence=1098.058856
[onpolicy-r21/subckt_0298] [plan] step=637 node=new_n16580 type=control1 q_typed_reliable_context=1.379560 sequence=1099.438416
[onpolicy-r21/subckt_0298] [plan] step=638 node=new_n16576 type=control1 q_typed_reliable_context=0.786048 sequence=1100.224465
[onpolicy-r21/subckt_0298] [plan] step=639 node=__aig_and_32478 type=control0 q_typed_reliable_context=0.841365 sequence=1101.065830
[onpolicy-r21/subckt_0298] [plan] step=640 node=__aig_not_32437 type=control0 q_typed_reliable_context=3.166758 sequence=1104.232588
[onpolicy-r21/subckt_0298] [plan] step=641 node=__aig_and_33908 type=observe q_typed_reliable_context=2.785293 sequence=1107.017881
[onpolicy-r21/subckt_0298] [plan] step=642 node=new_n14039 type=control1 q_typed_reliable_context=1.105630 sequence=1108.123511
[onpolicy-r21/subckt_0298] [plan] step=643 node=__buf_split_18194 type=control0 q_typed_reliable_context=1.420149 sequence=1109.543660
[onpolicy-r21/subckt_0298] [plan] step=644 node=__aig_not_35507 type=control0 q_typed_reliable_context=5.777760 sequence=1115.321420
[onpolicy-r21/subckt_0298] [plan] step=645 node=__aig_and_31193 type=control1 q_typed_reliable_context=5.105935 sequence=1120.427355
[onpolicy-r21/subckt_0298] [plan] step=646 node=new_n15940 type=control1 q_typed_reliable_context=3.328599 sequence=1123.755954
[onpolicy-r21/subckt_0298] [plan] step=647 node=new_n15951 type=control1 q_typed_reliable_context=4.540976 sequence=1128.296930
[onpolicy-r21/subckt_0298] [plan] step=648 node=__buf_split_19863 type=control1 q_typed_reliable_context=1.391506 sequence=1129.688436
[onpolicy-r21/subckt_0298] [plan] step=649 node=__aig_and_33944 type=observe q_typed_reliable_context=2.592653 sequence=1132.281089
[onpolicy-r21/subckt_0298] [plan] step=650 node=new_n14658 type=control0 q_typed_reliable_context=1.594143 sequence=1133.875231
[onpolicy-r21/subckt_0298] [plan] step=651 node=__aig_not_33911 type=control0 q_typed_reliable_context=0.927919 sequence=1134.803151
[onpolicy-r21/subckt_0298] [plan] step=652 node=__aig_and_34045 type=observe q_typed_reliable_context=5.730000 sequence=1140.533151
[onpolicy-r21/subckt_0298] [plan] step=653 node=new_n15325 type=control0 q_typed_reliable_context=0.926246 sequence=1141.459397
[onpolicy-r21/subckt_0298] [plan] step=654 node=new_n15944 type=control0 q_typed_reliable_context=1.072377 sequence=1142.531774
[onpolicy-r21/subckt_0298] [plan] step=655 node=__aig_and_33948 type=observe q_typed_reliable_context=1.798382 sequence=1144.330156
[onpolicy-r21/subckt_0298] [plan] step=656 node=new_n14721 type=control0 q_typed_reliable_context=1.241453 sequence=1145.571609
[onpolicy-r21/subckt_0298] [plan] step=657 node=new_n15321 type=control1 q_typed_reliable_context=0.908836 sequence=1146.480445
[onpolicy-r21/subckt_0298] [plan] step=658 node=__aig_not_34049 type=control0 q_typed_reliable_context=4.702012 sequence=1151.182456
[onpolicy-r21/subckt_0298] [plan] step=659 node=__aig_and_35472 type=control1 q_typed_reliable_context=4.144081 sequence=1155.326537
[onpolicy-r21/subckt_0298] [plan] step=660 node=__aig_not_34077 type=control0 q_typed_reliable_context=8.338958 sequence=1163.665495
[onpolicy-r21/subckt_0298] [plan] step=661 node=new_n14709 type=control0 q_typed_reliable_context=4.118891 sequence=1167.784385
[onpolicy-r21/subckt_0298] [plan] step=662 node=new_n14632 type=control0 q_typed_reliable_context=5.695751 sequence=1173.480137
[onpolicy-r21/subckt_0298] [plan] step=663 node=new_n14635 type=control0 q_typed_reliable_context=1.985105 sequence=1175.465242
[onpolicy-r21/subckt_0298] [plan] step=664 node=new_n14670 type=control0 q_typed_reliable_context=1.241578 sequence=1176.706820
[onpolicy-r21/subckt_0298] [plan] step=665 node=__aig_not_38410 type=control1 q_typed_reliable_context=1.097170 sequence=1177.803990
[onpolicy-r21/subckt_0298] [plan] step=666 node=__buf_split_19750 type=control0 q_typed_reliable_context=1.244037 sequence=1179.048027
[onpolicy-r21/subckt_0298] [plan] step=667 node=__aig_not_34075 type=control0 q_typed_reliable_context=5.047295 sequence=1184.095322
[onpolicy-r21/subckt_0298] [plan] step=668 node=__buf_split_21524 type=control0 q_typed_reliable_context=6.860582 sequence=1190.955904
[onpolicy-r21/subckt_0298] [plan] step=669 node=__aig_not_35493 type=control0 q_typed_reliable_context=3.397247 sequence=1194.353151
[onpolicy-r21/subckt_0298] [plan] step=670 node=__aig_not_36960 type=control0 q_typed_reliable_context=2.182606 sequence=1196.535757
[onpolicy-r21/subckt_0298] [plan] step=671 node=asqrt[61] type=control0 q_typed_reliable_context=5.586424 sequence=1202.122181
[onpolicy-r21/subckt_0298] [plan] step=672 node=__buf_split_21530 type=control0 q_typed_reliable_context=4.532165 sequence=1206.654346
[onpolicy-r21/subckt_0298] [plan] step=673 node=new_n14031 type=control0 q_typed_reliable_context=5.195090 sequence=1211.849436
[onpolicy-r21/subckt_0298] [plan] step=674 node=__aig_not_36921 type=control0 q_typed_reliable_context=3.039615 sequence=1214.889051
[onpolicy-r21/subckt_0298] [plan] step=675 node=__aig_not_33929 type=control0 q_typed_reliable_context=5.566482 sequence=1220.455533
[onpolicy-r21/subckt_0298] [plan] step=676 node=__buf_split_20681 type=control0 q_typed_reliable_context=1.801203 sequence=1222.256737
[onpolicy-r21/subckt_0298] [plan] step=677 node=new_n14032 type=control0 q_typed_reliable_context=5.275431 sequence=1227.532168
[onpolicy-r21/subckt_0298] [plan] step=678 node=__aig_not_32483 type=control0 q_typed_reliable_context=3.759827 sequence=1231.291995
[onpolicy-r21/subckt_0298] [plan] step=679 node=__aig_not_36915 type=control1 q_typed_reliable_context=5.216529 sequence=1236.508524
[onpolicy-r21/subckt_0298] [plan] step=680 node=__buf_split_21505 type=control1 q_typed_reliable_context=2.737394 sequence=1239.245918
[onpolicy-r21/subckt_0298] [plan] step=681 node=new_n15929 type=control1 q_typed_reliable_context=2.045007 sequence=1241.290926
[onpolicy-r21/subckt_0298] [plan] step=682 node=__buf_split_21517 type=control1 q_typed_reliable_context=1.064622 sequence=1242.355548
[onpolicy-r21/subckt_0298] [plan] step=683 node=new_n16573 type=control1 q_typed_reliable_context=0.781928 sequence=1243.137476
[onpolicy-r21/subckt_0298] [plan] step=684 node=new_n16572 type=control1 q_typed_reliable_context=1.098958 sequence=1244.236434
[onpolicy-r21/subckt_0298] [plan] step=685 node=__buf_split_21502 type=control0 q_typed_reliable_context=0.648033 sequence=1244.884467
[onpolicy-r21/subckt_0298] [plan] step=686 node=__buf_split_19862 type=control1 q_typed_reliable_context=1.256807 sequence=1246.141275
[onpolicy-r21/subckt_0298] [plan] step=687 node=__buf_split_22361 type=control0 q_typed_reliable_context=0.941588 sequence=1247.082863
[onpolicy-r21/subckt_0298] [plan] step=688 node=new_n14060 type=control0 q_typed_reliable_context=2.995385 sequence=1250.078248
[onpolicy-r21/subckt_0298] [plan] step=689 node=__aig_and_39938 type=control1 q_typed_reliable_context=6.257135 sequence=1256.335383
[onpolicy-r21/subckt_0298] [plan] step=690 node=__aig_not_32488 type=control0 q_typed_reliable_context=0.698158 sequence=1257.033541
[onpolicy-r21/subckt_0298] [plan] step=691 node=__buf_split_22367 type=control0 q_typed_reliable_context=1.086954 sequence=1258.120495
[onpolicy-r21/subckt_0298] [plan] step=692 node=new_n15317 type=control1 q_typed_reliable_context=0.648975 sequence=1258.769470
[onpolicy-r21/subckt_0298] [plan] step=693 node=__buf_split_18937 type=control0 q_typed_reliable_context=0.829357 sequence=1259.598828
[onpolicy-r21/subckt_0298] [plan] step=694 node=new_n15328 type=control1 q_typed_reliable_context=5.595885 sequence=1265.194713
[onpolicy-r21/subckt_0298] [plan] step=695 node=__buf_split_20682 type=control1 q_typed_reliable_context=0.876879 sequence=1266.071592
[onpolicy-r21/subckt_0298] [plan] step=696 node=new_n15332 type=control1 q_typed_reliable_context=0.691567 sequence=1266.763158
[onpolicy-r21/subckt_0298] [plan] step=697 node=new_n15333 type=control1 q_typed_reliable_context=0.934662 sequence=1267.697820
[onpolicy-r21/subckt_0298] [plan] step=698 node=__buf_split_20686 type=control1 q_typed_reliable_context=0.692846 sequence=1268.390666
[onpolicy-r21/subckt_0298] [plan] step=699 node=__aig_not_39944 type=control1 q_typed_reliable_context=0.655774 sequence=1269.046439
[onpolicy-r21/subckt_0298] [plan] step=700 node=__aig_not_38421 type=control1 q_typed_reliable_context=0.658883 sequence=1269.705322
[onpolicy-r21/subckt_0298] [plan] step=701 node=new_n15320 type=control1 q_typed_reliable_context=0.649927 sequence=1270.355250
[onpolicy-r21/subckt_0298] [plan] step=702 node=new_n17227 type=control1 q_typed_reliable_context=0.682716 sequence=1271.037965
[onpolicy-r21/subckt_0298] [plan] step=703 node=__buf_split_21528 type=control1 q_typed_reliable_context=0.680617 sequence=1271.718582
[onpolicy-r21/subckt_0298] [plan] step=704 node=__buf_split_20683 type=control1 q_typed_reliable_context=3.111631 sequence=1274.830213
[onpolicy-r21/subckt_0298] [plan] step=705 node=__buf_split_20695 type=control1 q_typed_reliable_context=1.355330 sequence=1276.185543
[onpolicy-r21/subckt_0298] [plan] step=706 node=__buf_split_21525 type=control1 q_typed_reliable_context=1.070854 sequence=1277.256397
[onpolicy-r21/subckt_0298] [plan] step=707 node=__buf_split_19874 type=control1 q_typed_reliable_context=0.697508 sequence=1277.953905
[onpolicy-r21/subckt_0298] [plan] step=708 node=new_n14731 type=control1 q_typed_reliable_context=1.011579 sequence=1278.965484
[onpolicy-r21/subckt_0298] [plan] step=709 node=new_n14064 type=control0 q_typed_reliable_context=1.215759 sequence=1280.181244
[onpolicy-r21/subckt_0298] [plan] step=710 node=new_n15956 type=control1 q_typed_reliable_context=1.332306 sequence=1281.513549
[onpolicy-r21/subckt_0298] [plan] step=711 node=asqrt[63] type=control0 q_typed_reliable_context=1.110188 sequence=1282.623737
[onpolicy-r21/subckt_0298] [plan] step=712 node=__buf_split_19875 type=control1 q_typed_reliable_context=0.939082 sequence=1283.562819
[onpolicy-r21/subckt_0298] [plan] step=713 node=__buf_split_18936 type=control0 q_typed_reliable_context=0.869192 sequence=1284.432011
[onpolicy-r21/subckt_0298] [plan] step=714 node=__aig_not_32543 type=control0 q_typed_reliable_context=0.883924 sequence=1285.315936
[onpolicy-r21/subckt_0298] [plan] step=715 node=__aig_and_34096 type=control1 q_typed_reliable_context=2.943013 sequence=1288.258949
[onpolicy-r21/subckt_0298] [plan] step=716 node=new_n14045 type=control0 q_typed_reliable_context=1.658685 sequence=1289.917634
[onpolicy-r21/subckt_0298] [plan] step=717 node=new_n14061 type=control0 q_typed_reliable_context=0.914622 sequence=1290.832256
[onpolicy-r21/subckt_0298] [plan] step=718 node=new_n14021 type=control1 q_typed_reliable_context=1.196179 sequence=1292.028435
[onpolicy-r21/subckt_0298] [plan] step=719 node=__buf_split_18964 type=control0 q_typed_reliable_context=0.912867 sequence=1292.941301
[onpolicy-r21/subckt_0298] [plan] step=720 node=__aig_not_32517 type=control0 q_typed_reliable_context=0.964497 sequence=1293.905798
[onpolicy-r21/subckt_0298] [plan] step=721 node=__aig_not_31179 type=control0 q_typed_reliable_context=0.938326 sequence=1294.844124
[onpolicy-r21/subckt_0298] [plan] step=722 node=new_n14044 type=control0 q_typed_reliable_context=4.203195 sequence=1299.047319
[onpolicy-r21/subckt_0298] [plan] step=723 node=new_n14037 type=control1 q_typed_reliable_context=0.949672 sequence=1299.996991
[onpolicy-r21/subckt_0298] [plan] step=724 node=__buf_split_18958 type=control0 q_typed_reliable_context=1.015117 sequence=1301.012108
[onpolicy-r21/subckt_0298] [plan] step=725 node=asqrt[17] type=control0 q_typed_reliable_context=2.856075 sequence=1303.868183
[onpolicy-r21/subckt_0298] [plan] step=726 node=new_n14050 type=control1 q_typed_reliable_context=1.048052 sequence=1304.916235
[onpolicy-r21/subckt_0298] [plan] step=727 node=__buf_split_19784 type=control0 q_typed_reliable_context=0.925235 sequence=1305.841469
[onpolicy-r21/subckt_0298] [plan] step=728 node=__buf_split_18933 type=control0 q_typed_reliable_context=0.941624 sequence=1306.783094
[onpolicy-r21/subckt_0298] [plan] step=729 node=__aig_and_18 type=control1 q_typed_reliable_context=6.597819 sequence=1313.380913
[onpolicy-r21/subckt_0298] [plan] step=730 node=__buf_split_18954 type=control0 q_typed_reliable_context=1.051968 sequence=1314.432881
[onpolicy-r21/subckt_0298] [plan] step=731 node=__buf_split_18962 type=control0 q_typed_reliable_context=1.179630 sequence=1315.612511
[onpolicy-r21/subckt_0298] [plan] step=732 node=__aig_not_32505 type=control0 q_typed_reliable_context=5.741526 sequence=1321.354036
[onpolicy-r21/subckt_0298] [plan] step=733 node=new_n13488 type=control0 q_typed_reliable_context=1.689206 sequence=1323.043242
[onpolicy-r21/subckt_0298] [plan] step=734 node=__aig_and_32489 type=control0 q_typed_reliable_context=1.194515 sequence=1324.237757
[onpolicy-r21/subckt_0298] [plan] step=735 node=__buf_split_21523 type=control1 q_typed_reliable_context=1.123154 sequence=1325.360911
[onpolicy-r21/subckt_0298] [plan] step=736 node=__buf_split_18961 type=control0 q_typed_reliable_context=1.102740 sequence=1326.463650
[onpolicy-r21/subckt_0298] [plan] step=737 node=asqrt[15] type=control0 q_typed_reliable_context=3.127957 sequence=1329.591607
[onpolicy-r21/subckt_0298] [plan] step=738 node=__buf_split_18956 type=control0 q_typed_reliable_context=0.895243 sequence=1330.486850
[onpolicy-r21/subckt_0298] [plan] step=739 node=__aig_not_32506 type=control0 q_typed_reliable_context=6.607776 sequence=1337.094625
[onpolicy-r21/subckt_0298] [plan] step=740 node=__aig_not_32512 type=control0 q_typed_reliable_context=1.004259 sequence=1338.098885
[onpolicy-r21/subckt_0298] [plan] step=741 node=__aig_and_10 type=control0 q_typed_reliable_context=3.804760 sequence=1341.903644
[onpolicy-r21/subckt_0298] [plan] step=742 node=new_n14059 type=control0 q_typed_reliable_context=1.223264 sequence=1343.126908
[onpolicy-r21/subckt_0298] [plan] step=743 node=__buf_split_18957 type=control0 q_typed_reliable_context=0.951496 sequence=1344.078404
[onpolicy-r21/subckt_0298] [plan] step=744 node=new_n15316 type=control1 q_typed_reliable_context=1.214924 sequence=1345.293328
[onpolicy-r21/subckt_0298] [plan] step=745 node=new_n15327 type=control1 q_typed_reliable_context=1.456691 sequence=1346.750020
[onpolicy-r21/subckt_0298] [plan] step=746 node=new_n14719 type=control1 q_typed_reliable_context=0.396149 sequence=1347.146169
[onpolicy-r21/subckt_0298] [plan] step=747 node=__aig_not_32515 type=control0 q_typed_reliable_context=0.256564 sequence=1347.402733
[onpolicy-r21/subckt_0298] [plan] step=748 node=__aig_not_32490 type=control0 q_typed_reliable_context=4.920628 sequence=1352.323362
[onpolicy-r21/subckt_0298] [plan] step=749 node=asqrt[62] type=control0 q_typed_reliable_context=1.978061 sequence=1354.301423
[onpolicy-r21/subckt_0298] [plan] step=750 node=__aig_and_31222 type=control0 q_typed_reliable_context=1.729476 sequence=1356.030899
[onpolicy-r21/subckt_0298] [plan] step=751 node=new_n13473 type=control0 q_typed_reliable_context=3.237892 sequence=1359.268790
[onpolicy-r21/subckt_0298] [plan] step=752 node=__buf_split_18935 type=control0 q_typed_reliable_context=0.542460 sequence=1359.811250
[onpolicy-r21/subckt_0298] [plan] step=753 node=__aig_not_32465 type=control0 q_typed_reliable_context=4.957160 sequence=1364.768410
[onpolicy-r21/subckt_0298] [plan] step=754 node=__buf_split_18926 type=control0 q_typed_reliable_context=0.878251 sequence=1365.646662
[onpolicy-r21/subckt_0298] [plan] step=755 node=__aig_not_32513 type=control0 q_typed_reliable_context=0.763569 sequence=1366.410231
[onpolicy-r21/subckt_0298] [plan] step=756 node=__aig_and_32564 type=control1 q_typed_reliable_context=6.170505 sequence=1372.580736
[onpolicy-r21/subckt_0298] [plan] step=757 node=__buf_split_18960 type=control0 q_typed_reliable_context=0.927572 sequence=1373.508308
[onpolicy-r21/subckt_0298] [plan] step=758 node=__aig_not_32519 type=control0 q_typed_reliable_context=5.119103 sequence=1378.627411
[onpolicy-r21/subckt_0298] [plan] step=759 node=__aig_not_32522 type=control0 q_typed_reliable_context=0.999015 sequence=1379.626427
[onpolicy-r21/subckt_0298] [plan] step=760 node=__aig_and_31221 type=control0 q_typed_reliable_context=2.238739 sequence=1381.865166
[onpolicy-r21/subckt_0298] [plan] step=761 node=__aig_not_32530 type=control0 q_typed_reliable_context=5.622555 sequence=1387.487721
[onpolicy-r21/subckt_0298] [plan] step=762 node=__aig_and_32529 type=control0 q_typed_reliable_context=2.213413 sequence=1389.701134
[onpolicy-r21/subckt_0298] [plan] step=763 node=__aig_not_32508 type=control0 q_typed_reliable_context=0.771673 sequence=1390.472806
[onpolicy-r21/subckt_0298] [plan] step=764 node=__aig_and_9 type=control0 q_typed_reliable_context=2.402861 sequence=1392.875668
[onpolicy-r21/subckt_0298] [plan] step=765 node=new_n14063 type=control0 q_typed_reliable_context=1.377150 sequence=1394.252818
[onpolicy-r21/subckt_0298] [plan] step=766 node=__aig_not_33941 type=control0 q_typed_reliable_context=0.897470 sequence=1395.150288
[onpolicy-r21/subckt_0298] [plan] step=767 node=__aig_and_36922 type=control1 q_typed_reliable_context=6.628419 sequence=1401.778707
[onpolicy-r21/subckt_0298] [plan] step=768 node=__buf_split_18952 type=control0 q_typed_reliable_context=0.919338 sequence=1402.698045
[onpolicy-r21/subckt_0298] saved=autoresearch/loop-260720-0945/model_training_round21/ultralong_onpolicy_plans/subckt_0298.csv
