[gmean] 2026-07-17T05:01:14 out_dir=autoresearch/improve-260716-1344/round14_b17/context_cluster_c48_seed1024_depth2
[gmean] 2026-07-17T05:01:14 budgets=iscas99__b17:994
[gmean] 2026-07-17T05:01:14 variant_start id=greedy__cumulative__q_pred_context__bw1__d1__c48__g1p0__candhard_fault_cluster__div0p0__s0
[gmean] 2026-07-17T05:01:14 [1/1] plan_start benchmark=iscas99__b17 budget=994 planner=greedy score=q_pred_context
[plan iscas99__b17] [plan] candidate_allowlist=autoresearch/original-netlist-recovery-260712/exact_itc99/b17_C/exact_candidate_nodes.txt nodes=29334
[plan iscas99__b17] [plan] step=1 node=N2219 type=control1 q_pred_context=2.591565 sequence=2.591565
[plan iscas99__b17] [plan] step=2 node=N14033 type=control1 q_pred_context=2.101926 sequence=4.693490
[plan iscas99__b17] [plan] step=3 node=N14034 type=control1 q_pred_context=1.117337 sequence=5.810827
[plan iscas99__b17] [plan] step=4 node=N5319 type=control0 q_pred_context=1.060274 sequence=6.871101
[plan iscas99__b17] [plan] step=5 node=N6992 type=control0 q_pred_context=1.421905 sequence=8.293006
[plan iscas99__b17] [plan] step=6 node=N2849 type=control0 q_pred_context=1.428113 sequence=9.721120
[plan iscas99__b17] [plan] step=7 node=N2859 type=control0 q_pred_context=1.592869 sequence=11.313989
[plan iscas99__b17] [plan] step=8 node=N6780 type=control0 q_pred_context=1.337725 sequence=12.651714
[plan iscas99__b17] [plan] step=9 node=N13662 type=control0 q_pred_context=1.570116 sequence=14.221830
[plan iscas99__b17] [plan] step=10 node=N13629 type=control0 q_pred_context=1.478294 sequence=15.700124
[plan iscas99__b17] [plan] step=11 node=N11983 type=control0 q_pred_context=1.363695 sequence=17.063819
[plan iscas99__b17] [plan] step=12 node=N11975 type=control0 q_pred_context=1.531819 sequence=18.595639
[plan iscas99__b17] [plan] step=13 node=N7781 type=observe q_pred_context=1.996423 sequence=20.592062
[plan iscas99__b17] [plan] step=14 node=N13644 type=control0 q_pred_context=1.222803 sequence=21.814865
[plan iscas99__b17] [plan] step=15 node=N16937 type=control0 q_pred_context=1.058767 sequence=22.873631
[plan iscas99__b17] [plan] step=16 node=N12015 type=control0 q_pred_context=1.658709 sequence=24.532340
[plan iscas99__b17] [plan] step=17 node=N12039 type=control0 q_pred_context=1.923131 sequence=26.455472
[plan iscas99__b17] [plan] step=18 node=N8089 type=observe q_pred_context=1.368672 sequence=27.824144
[plan iscas99__b17] [plan] step=19 node=N18172 type=control0 q_pred_context=1.258128 sequence=29.082271
[plan iscas99__b17] [plan] step=20 node=N19193 type=control0 q_pred_context=1.618731 sequence=30.701002
[plan iscas99__b17] [plan] step=21 node=N19195 type=control0 q_pred_context=2.218701 sequence=32.919703
[plan iscas99__b17] [plan] step=22 node=N12529 type=control0 q_pred_context=2.683648 sequence=35.603351
[plan iscas99__b17] [plan] step=23 node=N12665 type=control0 q_pred_context=2.841789 sequence=38.445140
[plan iscas99__b17] [plan] step=24 node=N12563 type=control0 q_pred_context=2.411821 sequence=40.856961
[plan iscas99__b17] [plan] step=25 node=N12560 type=control0 q_pred_context=2.860951 sequence=43.717912
[plan iscas99__b17] [plan] step=26 node=N12597 type=control0 q_pred_context=2.212330 sequence=45.930242
[plan iscas99__b17] [plan] step=27 node=N12733 type=control0 q_pred_context=1.914331 sequence=47.844574
[plan iscas99__b17] [plan] step=28 node=N12526 type=control0 q_pred_context=1.874046 sequence=49.718620
[plan iscas99__b17] [plan] step=29 node=N4256 type=control0 q_pred_context=1.942125 sequence=51.660744
[plan iscas99__b17] [plan] step=30 node=N13624 type=control0 q_pred_context=1.854526 sequence=53.515270
[plan iscas99__b17] [plan] step=31 node=N13626 type=control0 q_pred_context=2.992370 sequence=56.507640
[plan iscas99__b17] [plan] step=32 node=N12628 type=control0 q_pred_context=2.222184 sequence=58.729825
[plan iscas99__b17] [plan] step=33 node=N12556 type=control0 q_pred_context=2.050902 sequence=60.780727
[plan iscas99__b17] [plan] step=34 node=N12522 type=control0 q_pred_context=1.837372 sequence=62.618099
[plan iscas99__b17] [plan] step=35 node=N3880 type=observe q_pred_context=1.694923 sequence=64.313022
[plan iscas99__b17] [plan] step=36 node=N12726 type=control0 q_pred_context=1.510135 sequence=65.823157
[plan iscas99__b17] [plan] step=37 node=N7639 type=observe q_pred_context=1.508964 sequence=67.332121
[plan iscas99__b17] [plan] step=38 node=N12624 type=control0 q_pred_context=1.712542 sequence=69.044664
[plan iscas99__b17] [plan] step=39 node=N13509 type=observe q_pred_context=1.139265 sequence=70.183928
[plan iscas99__b17] [plan] step=40 node=N12730 type=control0 q_pred_context=0.936208 sequence=71.120136
[plan iscas99__b17] [plan] step=41 node=N13589 type=observe q_pred_context=1.676587 sequence=72.796723
[plan iscas99__b17] [plan] step=42 node=N2192 type=control1 q_pred_context=1.154447 sequence=73.951170
[plan iscas99__b17] [plan] step=43 node=N13573 type=observe q_pred_context=1.049621 sequence=75.000791
[plan iscas99__b17] [plan] step=44 node=N12590 type=control0 q_pred_context=1.337346 sequence=76.338137
[plan iscas99__b17] [plan] step=45 node=N13557 type=observe q_pred_context=1.100905 sequence=77.439042
[plan iscas99__b17] [plan] step=46 node=N12594 type=control0 q_pred_context=1.551895 sequence=78.990938
[plan iscas99__b17] [plan] step=47 node=N12692 type=control0 q_pred_context=0.904425 sequence=79.895363
[plan iscas99__b17] [plan] step=48 node=N3774 type=observe q_pred_context=0.880749 sequence=80.776112
[plan iscas99__b17] [plan] step=49 node=N12695 type=control0 q_pred_context=0.988878 sequence=81.764990
[plan iscas99__b17] [plan] step=50 node=N12699 type=control0 q_pred_context=0.954717 sequence=82.719707
[plan iscas99__b17] [plan] step=51 node=N12662 type=control0 q_pred_context=0.744444 sequence=83.464150
[plan iscas99__b17] [plan] step=52 node=N12119 type=control0 q_pred_context=0.731516 sequence=84.195666
[plan iscas99__b17] [plan] step=53 node=N12654 type=control0 q_pred_context=0.948080 sequence=85.143747
[plan iscas99__b17] [plan] step=54 node=N12620 type=control0 q_pred_context=0.972218 sequence=86.115965
[plan iscas99__b17] [plan] step=55 node=N17825 type=control0 q_pred_context=0.868413 sequence=86.984378
[plan iscas99__b17] [plan] step=56 node=N12135 type=control0 q_pred_context=0.881913 sequence=87.866291
[plan iscas99__b17] [plan] step=57 node=N12518 type=control0 q_pred_context=0.827144 sequence=88.693435
[plan iscas99__b17] [plan] step=58 node=N12722 type=control0 q_pred_context=0.629126 sequence=89.322561
[plan iscas99__b17] [plan] step=59 node=N12552 type=control0 q_pred_context=0.712839 sequence=90.035400
[plan iscas99__b17] [plan] step=60 node=N12143 type=control0 q_pred_context=0.725074 sequence=90.760474
[plan iscas99__b17] [plan] step=61 node=N12511 type=control0 q_pred_context=1.114354 sequence=91.874828
[plan iscas99__b17] [plan] step=62 node=N12630 type=control0 q_pred_context=0.680391 sequence=92.555219
[plan iscas99__b17] [plan] step=63 node=N12697 type=control0 q_pred_context=0.721920 sequence=93.277138
[plan iscas99__b17] [plan] step=64 node=N12111 type=control0 q_pred_context=0.616150 sequence=93.893289
[plan iscas99__b17] [plan] step=65 node=N13493 type=observe q_pred_context=1.571335 sequence=95.464624
[plan iscas99__b17] [plan] step=66 node=N18496 type=control1 q_pred_context=2.403435 sequence=97.868058
[plan iscas99__b17] [plan] step=67 node=N12731 type=control0 q_pred_context=2.350559 sequence=100.218617
[plan iscas99__b17] [plan] step=68 node=N13605 type=observe q_pred_context=3.174846 sequence=103.393463
[plan iscas99__b17] [plan] step=69 node=N12561 type=control0 q_pred_context=1.972395 sequence=105.365858
[plan iscas99__b17] [plan] step=70 node=N12103 type=control0 q_pred_context=1.790941 sequence=107.156798
[plan iscas99__b17] [plan] step=71 node=N13525 type=observe q_pred_context=2.070617 sequence=109.227416
[plan iscas99__b17] [plan] step=72 node=N12527 type=control0 q_pred_context=1.112140 sequence=110.339556
[plan iscas99__b17] [plan] step=73 node=N12595 type=control0 q_pred_context=1.762575 sequence=112.102131
[plan iscas99__b17] [plan] step=74 node=N12095 type=control0 q_pred_context=3.238242 sequence=115.340373
[plan iscas99__b17] [plan] step=75 node=N12055 type=control0 q_pred_context=2.252422 sequence=117.592795
[plan iscas99__b17] [plan] step=76 node=N13541 type=observe q_pred_context=1.725099 sequence=119.317894
[plan iscas99__b17] [plan] step=77 node=N14046 type=control1 q_pred_context=0.843214 sequence=120.161108
[plan iscas99__b17] [plan] step=78 node=N12503 type=control0 q_pred_context=2.589002 sequence=122.750111
[plan iscas99__b17] [plan] step=79 node=N19358 type=control1 q_pred_context=3.191439 sequence=125.941550
[plan iscas99__b17] [plan] step=80 node=N14037 type=control1 q_pred_context=0.901977 sequence=126.843527
[plan iscas99__b17] [plan] step=81 node=N12625 type=control0 q_pred_context=1.480733 sequence=128.324260
[plan iscas99__b17] [plan] step=82 node=N12723 type=control0 q_pred_context=1.383998 sequence=129.708258
[plan iscas99__b17] [plan] step=83 node=N12158 type=control0 q_pred_context=1.463859 sequence=131.172117
[plan iscas99__b17] [plan] step=84 node=N11941 type=control0 q_pred_context=1.373532 sequence=132.545649
[plan iscas99__b17] [plan] step=85 node=N12071 type=control0 q_pred_context=1.286668 sequence=133.832317
[plan iscas99__b17] [plan] step=86 node=N12519 type=control0 q_pred_context=1.047787 sequence=134.880104
[plan iscas99__b17] [plan] step=87 node=N12686 type=control0 q_pred_context=1.867566 sequence=136.747670
[plan iscas99__b17] [plan] step=88 node=N9505 type=observe q_pred_context=1.390465 sequence=138.138135
[plan iscas99__b17] [plan] step=89 node=N19353 type=control1 q_pred_context=1.675415 sequence=139.813550
[plan iscas99__b17] [plan] step=90 node=N12553 type=control0 q_pred_context=1.698552 sequence=141.512102
[plan iscas99__b17] [plan] step=91 node=N12499 type=control0 q_pred_context=2.361876 sequence=143.873978
[plan iscas99__b17] [plan] step=92 node=N18004 type=control0 q_pred_context=6.290899 sequence=150.164877
[plan iscas99__b17] [plan] step=93 node=N12656 type=control0 q_pred_context=0.497822 sequence=150.662699
[plan iscas99__b17] [plan] step=94 node=N7512 type=observe q_pred_context=0.644970 sequence=151.307669
[plan iscas99__b17] [plan] step=95 node=N14047 type=control1 q_pred_context=0.853429 sequence=152.161098
[plan iscas99__b17] [plan] step=96 node=N7680 type=control0 q_pred_context=0.758389 sequence=152.919486
[plan iscas99__b17] [plan] step=97 node=N11923 type=control0 q_pred_context=1.895622 sequence=154.815108
[plan iscas99__b17] [plan] step=98 node=N11952 type=control0 q_pred_context=1.187045 sequence=156.002153
[plan iscas99__b17] [plan] step=99 node=N14039 type=control1 q_pred_context=0.956046 sequence=156.958199
[plan iscas99__b17] [plan] step=100 node=N14043 type=control1 q_pred_context=0.770105 sequence=157.728304
[plan iscas99__b17] [plan] step=101 node=N7682 type=control0 q_pred_context=0.627903 sequence=158.356206
[plan iscas99__b17] [plan] step=102 node=N14035 type=control1 q_pred_context=0.796923 sequence=159.153130
[plan iscas99__b17] [plan] step=103 node=N14040 type=control1 q_pred_context=0.757334 sequence=159.910463
[plan iscas99__b17] [plan] step=104 node=N14042 type=control1 q_pred_context=0.530668 sequence=160.441132
[plan iscas99__b17] [plan] step=105 node=N19352 type=control1 q_pred_context=0.851485 sequence=161.292617
[plan iscas99__b17] [plan] step=106 node=N19346 type=control1 q_pred_context=1.863481 sequence=163.156098
[plan iscas99__b17] [plan] step=107 node=N18340 type=control0 q_pred_context=0.890188 sequence=164.046285
[plan iscas99__b17] [plan] step=108 node=N18771 type=control0 q_pred_context=0.812345 sequence=164.858631
[plan iscas99__b17] [plan] step=109 node=N12584 type=control0 q_pred_context=0.713414 sequence=165.572045
[plan iscas99__b17] [plan] step=110 node=N12866 type=control0 q_pred_context=0.677629 sequence=166.249674
[plan iscas99__b17] [plan] step=111 node=N12782 type=control0 q_pred_context=0.855179 sequence=167.104853
[plan iscas99__b17] [plan] step=112 node=N14038 type=control1 q_pred_context=0.703979 sequence=167.808832
[plan iscas99__b17] [plan] step=113 node=N12791 type=control0 q_pred_context=1.269715 sequence=169.078547
[plan iscas99__b17] [plan] step=114 node=N14036 type=control1 q_pred_context=0.727070 sequence=169.805617
[plan iscas99__b17] [plan] step=115 node=N12863 type=control0 q_pred_context=1.631205 sequence=171.436822
[plan iscas99__b17] [plan] step=116 node=N12794 type=control0 q_pred_context=0.975690 sequence=172.412511
[plan iscas99__b17] [plan] step=117 node=N12797 type=control0 q_pred_context=0.957359 sequence=173.369871
[plan iscas99__b17] [plan] step=118 node=N12812 type=control0 q_pred_context=0.978421 sequence=174.348291
[plan iscas99__b17] [plan] step=119 node=N12836 type=control0 q_pred_context=0.759915 sequence=175.108206
[plan iscas99__b17] [plan] step=120 node=N12803 type=control0 q_pred_context=0.935041 sequence=176.043248
[plan iscas99__b17] [plan] step=121 node=N14044 type=control1 q_pred_context=0.714347 sequence=176.757595
[plan iscas99__b17] [plan] step=122 node=N12830 type=control0 q_pred_context=0.571976 sequence=177.329571
[plan iscas99__b17] [plan] step=123 node=N19345 type=control1 q_pred_context=1.730885 sequence=179.060456
[plan iscas99__b17] [plan] step=124 node=N14045 type=control1 q_pred_context=1.131639 sequence=180.192095
[plan iscas99__b17] [plan] step=125 node=N12824 type=control0 q_pred_context=1.020689 sequence=181.212784
[plan iscas99__b17] [plan] step=126 node=N12719 type=control0 q_pred_context=1.028161 sequence=182.240945
[plan iscas99__b17] [plan] step=127 node=N12821 type=control0 q_pred_context=1.053421 sequence=183.294366
[plan iscas99__b17] [plan] step=128 node=N12847 type=control0 q_pred_context=0.960069 sequence=184.254435
[plan iscas99__b17] [plan] step=129 node=N14041 type=control1 q_pred_context=1.033528 sequence=185.287963
[plan iscas99__b17] [plan] step=130 node=N9508 type=control1 q_pred_context=1.309237 sequence=186.597201
[plan iscas99__b17] [plan] step=131 node=N12769 type=control0 q_pred_context=0.913074 sequence=187.510275
[plan iscas99__b17] [plan] step=132 node=N12765 type=control0 q_pred_context=1.090561 sequence=188.600836
[plan iscas99__b17] [plan] step=133 node=N6892 type=control0 q_pred_context=0.944324 sequence=189.545160
[plan iscas99__b17] [plan] step=134 node=N12809 type=control0 q_pred_context=1.209820 sequence=190.754980
[plan iscas99__b17] [plan] step=135 node=N12806 type=control0 q_pred_context=1.195108 sequence=191.950088
[plan iscas99__b17] [plan] step=136 node=N16901 type=control0 q_pred_context=1.243043 sequence=193.193131
[plan iscas99__b17] [plan] step=137 node=N6796 type=control0 q_pred_context=0.982867 sequence=194.175998
[plan iscas99__b17] [plan] step=138 node=N6868 type=control0 q_pred_context=0.955360 sequence=195.131359
[plan iscas99__b17] [plan] step=139 node=N13455 type=control0 q_pred_context=0.980520 sequence=196.111879
[plan iscas99__b17] [plan] step=140 node=N12587 type=control0 q_pred_context=0.759892 sequence=196.871770
[plan iscas99__b17] [plan] step=141 node=N8879 type=control0 q_pred_context=2.101523 sequence=198.973294
[plan iscas99__b17] [plan] step=142 node=N12659 type=control0 q_pred_context=0.965045 sequence=199.938338
[plan iscas99__b17] [plan] step=143 node=N12663 type=control0 q_pred_context=0.993586 sequence=200.931925
[plan iscas99__b17] [plan] step=144 node=N7317 type=control0 q_pred_context=1.262792 sequence=202.194716
[plan iscas99__b17] [plan] step=145 node=N7604 type=control0 q_pred_context=1.708610 sequence=203.903326
[plan iscas99__b17] [plan] step=146 node=N12689 type=control0 q_pred_context=0.727299 sequence=204.630625
[plan iscas99__b17] [plan] step=147 node=N7432 type=observe q_pred_context=0.661325 sequence=205.291950
[plan iscas99__b17] [plan] step=148 node=N18879 type=control0 q_pred_context=0.775726 sequence=206.067676
[plan iscas99__b17] [plan] step=149 node=N13210 type=observe q_pred_context=0.728438 sequence=206.796114
[plan iscas99__b17] [plan] step=150 node=N19314 type=observe q_pred_context=1.346060 sequence=208.142173
[plan iscas99__b17] [plan] step=151 node=N19315 type=observe q_pred_context=1.600730 sequence=209.742903
[plan iscas99__b17] [plan] step=152 node=N19320 type=observe q_pred_context=1.435986 sequence=211.178889
[plan iscas99__b17] [plan] step=153 node=N19344 type=control1 q_pred_context=1.151147 sequence=212.330036
[plan iscas99__b17] [plan] step=154 node=N19318 type=observe q_pred_context=1.145199 sequence=213.475234
[plan iscas99__b17] [plan] step=155 node=N19206 type=control0 q_pred_context=0.999682 sequence=214.474916
[plan iscas99__b17] [plan] step=156 node=N19222 type=control0 q_pred_context=1.493160 sequence=215.968076
[plan iscas99__b17] [plan] step=157 node=N19232 type=control0 q_pred_context=1.304190 sequence=217.272266
[plan iscas99__b17] [plan] step=158 node=N19386 type=control0 q_pred_context=1.082326 sequence=218.354591
[plan iscas99__b17] [plan] step=159 node=N18176 type=control0 q_pred_context=0.641178 sequence=218.995770
[plan iscas99__b17] [plan] step=160 node=N19329 type=control0 q_pred_context=0.962530 sequence=219.958300
[plan iscas99__b17] [plan] step=161 node=N19388 type=control0 q_pred_context=1.129054 sequence=221.087353
[plan iscas99__b17] [plan] step=162 node=N19477 type=control0 q_pred_context=1.079995 sequence=222.167348
[plan iscas99__b17] [plan] step=163 node=N19391 type=control0 q_pred_context=1.171532 sequence=223.338880
[plan iscas99__b17] [plan] step=164 node=N19394 type=control0 q_pred_context=1.133903 sequence=224.472783
[plan iscas99__b17] [plan] step=165 node=N19476 type=control0 q_pred_context=1.102478 sequence=225.575261
[plan iscas99__b17] [plan] step=166 node=N19331 type=control0 q_pred_context=1.304606 sequence=226.879867
[plan iscas99__b17] [plan] step=167 node=N19395 type=control0 q_pred_context=1.323887 sequence=228.203755
[plan iscas99__b17] [plan] step=168 node=N19398 type=control0 q_pred_context=1.304601 sequence=229.508356
[plan iscas99__b17] [plan] step=169 node=N19474 type=control0 q_pred_context=1.272049 sequence=230.780405
[plan iscas99__b17] [plan] step=170 node=N19399 type=control0 q_pred_context=1.199335 sequence=231.979740
[plan iscas99__b17] [plan] step=171 node=N19332 type=control0 q_pred_context=1.197537 sequence=233.177277
[plan iscas99__b17] [plan] step=172 node=N18272 type=control0 q_pred_context=0.758332 sequence=233.935609
[plan iscas99__b17] [plan] step=173 node=N19402 type=control0 q_pred_context=1.177221 sequence=235.112831
[plan iscas99__b17] [plan] step=174 node=N19471 type=control0 q_pred_context=1.208018 sequence=236.320849
[plan iscas99__b17] [plan] step=175 node=N12208 type=control0 q_pred_context=0.677313 sequence=236.998162
[plan iscas99__b17] [plan] step=176 node=N7528 type=observe q_pred_context=0.640783 sequence=237.638945
[plan iscas99__b17] [plan] step=177 node=N19317 type=observe q_pred_context=1.033245 sequence=238.672190
[plan iscas99__b17] [plan] step=178 node=N19316 type=observe q_pred_context=1.024628 sequence=239.696818
[plan iscas99__b17] [plan] step=179 node=N13187 type=observe q_pred_context=0.686011 sequence=240.382829
[plan iscas99__b17] [plan] step=180 node=N13208 type=observe q_pred_context=0.769071 sequence=241.151900
[plan iscas99__b17] [plan] step=181 node=N12341 type=observe q_pred_context=0.640774 sequence=241.792674
[plan iscas99__b17] [plan] step=182 node=N19160 type=control0 q_pred_context=0.880533 sequence=242.673207
[plan iscas99__b17] [plan] step=183 node=N19333 type=control0 q_pred_context=0.984320 sequence=243.657527
[plan iscas99__b17] [plan] step=184 node=N6988 type=control0 q_pred_context=1.626702 sequence=245.284229
[plan iscas99__b17] [plan] step=185 node=N19406 type=control0 q_pred_context=1.725365 sequence=247.009595
[plan iscas99__b17] [plan] step=186 node=N19468 type=control0 q_pred_context=0.946776 sequence=247.956371
[plan iscas99__b17] [plan] step=187 node=N19170 type=control0 q_pred_context=0.878904 sequence=248.835276
[plan iscas99__b17] [plan] step=188 node=N19334 type=control0 q_pred_context=0.923337 sequence=249.758613
[plan iscas99__b17] [plan] step=189 node=N7643 type=control0 q_pred_context=0.838019 sequence=250.596632
[plan iscas99__b17] [plan] step=190 node=N19464 type=control0 q_pred_context=0.925040 sequence=251.521672
[plan iscas99__b17] [plan] step=191 node=N13076 type=control0 q_pred_context=1.405145 sequence=252.926817
[plan iscas99__b17] [plan] step=192 node=N12167 type=control0 q_pred_context=1.381788 sequence=254.308604
[plan iscas99__b17] [plan] step=193 node=N19335 type=control0 q_pred_context=1.694523 sequence=256.003127
[plan iscas99__b17] [plan] step=194 node=N13459 type=control0 q_pred_context=0.770609 sequence=256.773736
[plan iscas99__b17] [plan] step=195 node=N19462 type=control0 q_pred_context=0.849973 sequence=257.623709
[plan iscas99__b17] [plan] step=196 node=N18233 type=control0 q_pred_context=1.693655 sequence=259.317364
[plan iscas99__b17] [plan] step=197 node=N4557 type=control0 q_pred_context=1.754813 sequence=261.072178
[plan iscas99__b17] [plan] step=198 node=N7496 type=observe q_pred_context=0.620950 sequence=261.693128
[plan iscas99__b17] [plan] step=199 node=N19326 type=observe q_pred_context=1.234042 sequence=262.927170
[plan iscas99__b17] [plan] step=200 node=N2201 type=control1 q_pred_context=0.626927 sequence=263.554097
[plan iscas99__b17] [plan] step=201 node=N7448 type=observe q_pred_context=0.646152 sequence=264.200249
[plan iscas99__b17] [plan] step=202 node=N12389 type=observe q_pred_context=0.866769 sequence=265.067018
[plan iscas99__b17] [plan] step=203 node=N7916 type=control1 q_pred_context=0.932304 sequence=265.999322
[plan iscas99__b17] [plan] step=204 node=N15365 type=control1 q_pred_context=1.260664 sequence=267.259986
[plan iscas99__b17] [plan] step=205 node=N19172 type=control0 q_pred_context=1.669407 sequence=268.929393
[plan iscas99__b17] [plan] step=206 node=N19336 type=control0 q_pred_context=0.837068 sequence=269.766461
[plan iscas99__b17] [plan] step=207 node=N4505 type=control0 q_pred_context=1.022318 sequence=270.788779
[plan iscas99__b17] [plan] step=208 node=N4609 type=control0 q_pred_context=1.079478 sequence=271.868257
[plan iscas99__b17] [plan] step=209 node=N4761 type=control0 q_pred_context=1.018690 sequence=272.886948
[plan iscas99__b17] [plan] step=210 node=N4660 type=control0 q_pred_context=1.005765 sequence=273.892712
[plan iscas99__b17] [plan] step=211 node=N7285 type=observe q_pred_context=0.666784 sequence=274.559496
[plan iscas99__b17] [plan] step=212 node=N12437 type=observe q_pred_context=0.695813 sequence=275.255309
[plan iscas99__b17] [plan] step=213 node=N12421 type=observe q_pred_context=0.793574 sequence=276.048883
[plan iscas99__b17] [plan] step=214 node=N7645 type=control0 q_pred_context=0.987008 sequence=277.035891
[plan iscas99__b17] [plan] step=215 node=N4709 type=control0 q_pred_context=1.336415 sequence=278.372306
[plan iscas99__b17] [plan] step=216 node=N18188 type=control0 q_pred_context=1.302461 sequence=279.674767
[plan iscas99__b17] [plan] step=217 node=N4813 type=control0 q_pred_context=1.231830 sequence=280.906597
[plan iscas99__b17] [plan] step=218 node=N19459 type=control0 q_pred_context=1.096274 sequence=282.002871
[plan iscas99__b17] [plan] step=219 node=N4350 type=control0 q_pred_context=1.193766 sequence=283.196637
[plan iscas99__b17] [plan] step=220 node=N4298 type=control0 q_pred_context=1.296887 sequence=284.493524
[plan iscas99__b17] [plan] step=221 node=N12453 type=observe q_pred_context=0.728947 sequence=285.222471
[plan iscas99__b17] [plan] step=222 node=N12405 type=observe q_pred_context=1.043803 sequence=286.266274
[plan iscas99__b17] [plan] step=223 node=N7381 type=observe q_pred_context=0.742897 sequence=287.009171
[plan iscas99__b17] [plan] step=224 node=N7464 type=observe q_pred_context=0.768254 sequence=287.777425
[plan iscas99__b17] [plan] step=225 node=N7548 type=observe q_pred_context=0.748569 sequence=288.525994
[plan iscas99__b17] [plan] step=226 node=N7211 type=observe q_pred_context=0.761774 sequence=289.287768
[plan iscas99__b17] [plan] step=227 node=N7227 type=observe q_pred_context=0.756646 sequence=290.044414
[plan iscas99__b17] [plan] step=228 node=N7333 type=observe q_pred_context=0.741301 sequence=290.785715
[plan iscas99__b17] [plan] step=229 node=N7480 type=observe q_pred_context=0.725601 sequence=291.511315
[plan iscas99__b17] [plan] step=230 node=N7243 type=observe q_pred_context=0.725134 sequence=292.236450
[plan iscas99__b17] [plan] step=231 node=N7365 type=observe q_pred_context=0.739568 sequence=292.976018
[plan iscas99__b17] [plan] step=232 node=N7195 type=observe q_pred_context=0.760937 sequence=293.736955
[plan iscas99__b17] [plan] step=233 node=N7179 type=observe q_pred_context=0.772085 sequence=294.509040
[plan iscas99__b17] [plan] step=234 node=N7259 type=observe q_pred_context=1.160592 sequence=295.669631
[plan iscas99__b17] [plan] step=235 node=N7163 type=observe q_pred_context=1.160486 sequence=296.830117
[plan iscas99__b17] [plan] step=236 node=N7147 type=observe q_pred_context=1.151911 sequence=297.982028
[plan iscas99__b17] [plan] step=237 node=N7301 type=observe q_pred_context=1.132200 sequence=299.114228
[plan iscas99__b17] [plan] step=238 node=N7349 type=observe q_pred_context=1.115835 sequence=300.230063
[plan iscas99__b17] [plan] step=239 node=N7397 type=observe q_pred_context=1.111844 sequence=301.341907
[plan iscas99__b17] [plan] step=240 node=N12323 type=observe q_pred_context=1.100638 sequence=302.442545
[plan iscas99__b17] [plan] step=241 node=N12373 type=observe q_pred_context=1.086625 sequence=303.529170
[plan iscas99__b17] [plan] step=242 node=N12335 type=observe q_pred_context=1.070619 sequence=304.599790
[plan iscas99__b17] [plan] step=243 node=N19246 type=observe q_pred_context=1.366637 sequence=305.966427
[plan iscas99__b17] [plan] step=244 node=N12307 type=observe q_pred_context=1.022978 sequence=306.989405
[plan iscas99__b17] [plan] step=245 node=N12259 type=observe q_pred_context=1.042896 sequence=308.032302
[plan iscas99__b17] [plan] step=246 node=N12319 type=observe q_pred_context=1.028724 sequence=309.061026
[plan iscas99__b17] [plan] step=247 node=N12243 type=observe q_pred_context=1.010079 sequence=310.071105
[plan iscas99__b17] [plan] step=248 node=N12239 type=observe q_pred_context=0.991197 sequence=311.062302
[plan iscas99__b17] [plan] step=249 node=N12236 type=observe q_pred_context=0.976416 sequence=312.038718
[plan iscas99__b17] [plan] step=250 node=N12357 type=observe q_pred_context=0.967132 sequence=313.005850
[plan iscas99__b17] [plan] step=251 node=N12227 type=observe q_pred_context=0.925523 sequence=313.931373
[plan iscas99__b17] [plan] step=252 node=N12223 type=observe q_pred_context=0.917406 sequence=314.848780
[plan iscas99__b17] [plan] step=253 node=N18788 type=control0 q_pred_context=0.927711 sequence=315.776490
[plan iscas99__b17] [plan] step=254 node=N4402 type=control0 q_pred_context=1.099976 sequence=316.876466
[plan iscas99__b17] [plan] step=255 node=N4453 type=control0 q_pred_context=1.529107 sequence=318.405573
[plan iscas99__b17] [plan] step=256 node=N12220 type=observe q_pred_context=1.093792 sequence=319.499366
[plan iscas99__b17] [plan] step=257 node=N12211 type=observe q_pred_context=1.067663 sequence=320.567028
[plan iscas99__b17] [plan] step=258 node=N12316 type=observe q_pred_context=1.037959 sequence=321.604987
[plan iscas99__b17] [plan] step=259 node=N12303 type=observe q_pred_context=1.035877 sequence=322.640864
[plan iscas99__b17] [plan] step=260 node=N12268 type=observe q_pred_context=1.044437 sequence=323.685301
[plan iscas99__b17] [plan] step=261 node=N12271 type=observe q_pred_context=1.043074 sequence=324.728375
[plan iscas99__b17] [plan] step=262 node=N12275 type=observe q_pred_context=1.035507 sequence=325.763882
[plan iscas99__b17] [plan] step=263 node=N12255 type=observe q_pred_context=1.024797 sequence=326.788679
[plan iscas99__b17] [plan] step=264 node=N12284 type=observe q_pred_context=1.007679 sequence=327.796358
[plan iscas99__b17] [plan] step=265 node=N12163 type=control0 q_pred_context=1.347187 sequence=329.143544
[plan iscas99__b17] [plan] step=266 node=N5157 type=observe q_pred_context=0.879742 sequence=330.023286
[plan iscas99__b17] [plan] step=267 node=N12287 type=observe q_pred_context=0.913357 sequence=330.936643
[plan iscas99__b17] [plan] step=268 node=N12291 type=observe q_pred_context=0.923622 sequence=331.860265
[plan iscas99__b17] [plan] step=269 node=N12252 type=observe q_pred_context=0.929196 sequence=332.789461
[plan iscas99__b17] [plan] step=270 node=N12300 type=observe q_pred_context=0.931082 sequence=333.720543
[plan iscas99__b17] [plan] step=271 node=N13988 type=observe q_pred_context=1.120403 sequence=334.840946
[plan iscas99__b17] [plan] step=272 node=N13984 type=observe q_pred_context=1.150203 sequence=335.991149
[plan iscas99__b17] [plan] step=273 node=N19371 type=observe q_pred_context=1.004512 sequence=336.995661
[plan iscas99__b17] [plan] step=274 node=N19374 type=observe q_pred_context=1.000929 sequence=337.996590
[plan iscas99__b17] [plan] step=275 node=N19378 type=observe q_pred_context=1.250038 sequence=339.246628
[plan iscas99__b17] [plan] step=276 node=N19375 type=observe q_pred_context=0.911375 sequence=340.158003
[plan iscas99__b17] [plan] step=277 node=N19425 type=observe q_pred_context=0.983500 sequence=341.141504
[plan iscas99__b17] [plan] step=278 node=N19429 type=observe q_pred_context=0.758950 sequence=341.900454
[plan iscas99__b17] [plan] step=279 node=N7875 type=control1 q_pred_context=0.816625 sequence=342.717079
[plan iscas99__b17] [plan] step=280 node=N15375 type=control1 q_pred_context=1.607298 sequence=344.324377
[plan iscas99__b17] [plan] step=281 node=N19428 type=observe q_pred_context=0.982781 sequence=345.307158
[plan iscas99__b17] [plan] step=282 node=N19432 type=observe q_pred_context=1.085395 sequence=346.392553
[plan iscas99__b17] [plan] step=283 node=N19512 type=observe q_pred_context=1.483512 sequence=347.876064
[plan iscas99__b17] [plan] step=284 node=N14004 type=observe q_pred_context=1.343075 sequence=349.219140
[plan iscas99__b17] [plan] step=285 node=N14009 type=observe q_pred_context=1.489512 sequence=350.708651
[plan iscas99__b17] [plan] step=286 node=N19511 type=observe q_pred_context=1.434573 sequence=352.143225
[plan iscas99__b17] [plan] step=287 node=N12547 type=observe q_pred_context=0.607921 sequence=352.751146
[plan iscas99__b17] [plan] step=288 node=N7849 type=control1 q_pred_context=0.711524 sequence=353.462670
[plan iscas99__b17] [plan] step=289 node=N19269 type=observe q_pred_context=0.757101 sequence=354.219771
[plan iscas99__b17] [plan] step=290 node=N19265 type=observe q_pred_context=0.756176 sequence=354.975947
[plan iscas99__b17] [plan] step=291 node=N18711 type=control0 q_pred_context=1.303880 sequence=356.279827
[plan iscas99__b17] [plan] step=292 node=N7064 type=control0 q_pred_context=1.220822 sequence=357.500649
[plan iscas99__b17] [plan] step=293 node=N18695 type=control0 q_pred_context=1.858511 sequence=359.359160
[plan iscas99__b17] [plan] step=294 node=N7021 type=control0 q_pred_context=1.986741 sequence=361.345901
[plan iscas99__b17] [plan] step=295 node=N7112 type=control0 q_pred_context=1.824588 sequence=363.170489
[plan iscas99__b17] [plan] step=296 node=N18645 type=control0 q_pred_context=1.496717 sequence=364.667206
[plan iscas99__b17] [plan] step=297 node=N7032 type=control0 q_pred_context=1.461746 sequence=366.128952
[plan iscas99__b17] [plan] step=298 node=N12330 type=control0 q_pred_context=1.407796 sequence=367.536747
[plan iscas99__b17] [plan] step=299 node=N18658 type=control0 q_pred_context=1.382797 sequence=368.919544
[plan iscas99__b17] [plan] step=300 node=N18641 type=control0 q_pred_context=1.112417 sequence=370.031961
[plan iscas99__b17] [plan] step=301 node=N7280 type=control0 q_pred_context=1.054441 sequence=371.086402
[plan iscas99__b17] [plan] step=302 node=N7344 type=control0 q_pred_context=1.118668 sequence=372.205070
[plan iscas99__b17] [plan] step=303 node=N7376 type=control0 q_pred_context=1.026016 sequence=373.231086
[plan iscas99__b17] [plan] step=304 node=N7123 type=control0 q_pred_context=0.990571 sequence=374.221657
[plan iscas99__b17] [plan] step=305 node=N18675 type=control0 q_pred_context=0.973621 sequence=375.195278
[plan iscas99__b17] [plan] step=306 node=N19221 type=control1 q_pred_context=1.097032 sequence=376.292310
[plan iscas99__b17] [plan] step=307 node=N19455 type=control0 q_pred_context=1.252654 sequence=377.544963
[plan iscas99__b17] [plan] step=308 node=N18741 type=control0 q_pred_context=0.995311 sequence=378.540275
[plan iscas99__b17] [plan] step=309 node=N18724 type=control0 q_pred_context=1.149074 sequence=379.689349
[plan iscas99__b17] [plan] step=310 node=N12392 type=control0 q_pred_context=1.015170 sequence=380.704518
[plan iscas99__b17] [plan] step=311 node=N12424 type=control0 q_pred_context=0.995786 sequence=381.700304
[plan iscas99__b17] [plan] step=312 node=N12344 type=control0 q_pred_context=0.997875 sequence=382.698179
[plan iscas99__b17] [plan] step=313 node=N7277 type=control0 q_pred_context=1.006754 sequence=383.704933
[plan iscas99__b17] [plan] step=314 node=N18009 type=control0 q_pred_context=0.987696 sequence=384.692628
[plan iscas99__b17] [plan] step=315 node=N7049 type=control0 q_pred_context=0.981613 sequence=385.674241
[plan iscas99__b17] [plan] step=316 node=N18114 type=control0 q_pred_context=0.980839 sequence=386.655080
[plan iscas99__b17] [plan] step=317 node=N7292 type=control0 q_pred_context=0.985098 sequence=387.640178
[plan iscas99__b17] [plan] step=318 node=N7324 type=control0 q_pred_context=0.996155 sequence=388.636332
[plan iscas99__b17] [plan] step=319 node=N19453 type=control0 q_pred_context=0.859786 sequence=389.496119
[plan iscas99__b17] [plan] step=320 node=N18750 type=control0 q_pred_context=0.776031 sequence=390.272149
[plan iscas99__b17] [plan] step=321 node=N18699 type=control0 q_pred_context=0.712400 sequence=390.984549
[plan iscas99__b17] [plan] step=322 node=N7633 type=observe q_pred_context=0.491788 sequence=391.476338
[plan iscas99__b17] [plan] step=323 node=N12683 type=control0 q_pred_context=1.810058 sequence=393.286396
[plan iscas99__b17] [plan] step=324 node=N19260 type=observe q_pred_context=0.792626 sequence=394.079021
[plan iscas99__b17] [plan] step=325 node=N18063 type=control0 q_pred_context=1.159503 sequence=395.238524
[plan iscas99__b17] [plan] step=326 node=N12417 type=control0 q_pred_context=1.235907 sequence=396.474430
[plan iscas99__b17] [plan] step=327 node=N12433 type=control0 q_pred_context=1.039703 sequence=397.514133
[plan iscas99__b17] [plan] step=328 node=N12401 type=control0 q_pred_context=1.066774 sequence=398.580907
[plan iscas99__b17] [plan] step=329 node=N19340 type=observe q_pred_context=0.421076 sequence=399.001983
[plan iscas99__b17] [plan] step=330 node=N12717 type=control0 q_pred_context=0.520088 sequence=399.522071
[plan iscas99__b17] [plan] step=331 node=N12465 type=control0 q_pred_context=1.021237 sequence=400.543308
[plan iscas99__b17] [plan] step=332 node=N12385 type=control0 q_pred_context=1.156884 sequence=401.700192
[plan iscas99__b17] [plan] step=333 node=N12369 type=control0 q_pred_context=1.420111 sequence=403.120303
[plan iscas99__b17] [plan] step=334 node=N12404 type=control0 q_pred_context=1.387784 sequence=404.508087
[plan iscas99__b17] [plan] step=335 node=N12448 type=control0 q_pred_context=1.278410 sequence=405.786497
[plan iscas99__b17] [plan] step=336 node=N12452 type=control0 q_pred_context=1.187330 sequence=406.973827
[plan iscas99__b17] [plan] step=337 node=N19338 type=observe q_pred_context=0.670532 sequence=407.644359
[plan iscas99__b17] [plan] step=338 node=N19256 type=observe q_pred_context=0.771358 sequence=408.415717
[plan iscas99__b17] [plan] step=339 node=N19337 type=observe q_pred_context=0.366269 sequence=408.781986
[plan iscas99__b17] [plan] step=340 node=N19339 type=observe q_pred_context=0.716612 sequence=409.498598
[plan iscas99__b17] [plan] step=341 node=N19253 type=observe q_pred_context=0.762039 sequence=410.260637
[plan iscas99__b17] [plan] step=342 node=N18563 type=observe q_pred_context=0.760105 sequence=411.020742
[plan iscas99__b17] [plan] step=343 node=N7636 type=observe q_pred_context=0.666162 sequence=411.686904
[plan iscas99__b17] [plan] step=344 node=N19231 type=control1 q_pred_context=0.339737 sequence=412.026641
[plan iscas99__b17] [plan] step=345 node=N19263 type=observe q_pred_context=0.721060 sequence=412.747701
[plan iscas99__b17] [plan] step=346 node=N12339 type=control0 q_pred_context=0.989249 sequence=413.736950
[plan iscas99__b17] [plan] step=347 node=N12371 type=control0 q_pred_context=1.106439 sequence=414.843389
[plan iscas99__b17] [plan] step=348 node=N12387 type=control0 q_pred_context=1.093634 sequence=415.937023
[plan iscas99__b17] [plan] step=349 node=N12355 type=control0 q_pred_context=1.076390 sequence=417.013413
[plan iscas99__b17] [plan] step=350 node=N28821 type=control1 q_pred_context=0.732564 sequence=417.745977
[plan iscas99__b17] [plan] step=351 node=N28818 type=control1 q_pred_context=0.714653 sequence=418.460631
[plan iscas99__b17] [plan] step=352 node=N19259 type=observe q_pred_context=0.727565 sequence=419.188196
[plan iscas99__b17] [plan] step=353 node=N7398 type=control0 q_pred_context=0.991077 sequence=420.179273
[plan iscas99__b17] [plan] step=354 node=N18541 type=observe q_pred_context=0.678751 sequence=420.858024
[plan iscas99__b17] [plan] step=355 node=N18537 type=observe q_pred_context=0.633921 sequence=421.491945
[plan iscas99__b17] [plan] step=356 node=N18532 type=observe q_pred_context=0.647912 sequence=422.139857
[plan iscas99__b17] [plan] step=357 node=N19258 type=observe q_pred_context=0.675930 sequence=422.815787
[plan iscas99__b17] [plan] step=358 node=N18557 type=observe q_pred_context=0.622128 sequence=423.437915
[plan iscas99__b17] [plan] step=359 node=N18624 type=observe q_pred_context=0.693509 sequence=424.131424
[plan iscas99__b17] [plan] step=360 node=N18590 type=observe q_pred_context=0.694130 sequence=424.825554
[plan iscas99__b17] [plan] step=361 node=N18620 type=observe q_pred_context=0.702022 sequence=425.527576
[plan iscas99__b17] [plan] step=362 node=N18614 type=observe q_pred_context=0.741246 sequence=426.268822
[plan iscas99__b17] [plan] step=363 node=N19262 type=observe q_pred_context=0.703372 sequence=426.972194
[plan iscas99__b17] [plan] step=364 node=N13583 type=observe q_pred_context=0.713238 sequence=427.685432
[plan iscas99__b17] [plan] step=365 node=N13595 type=observe q_pred_context=0.705086 sequence=428.390518
[plan iscas99__b17] [plan] step=366 node=N18548 type=observe q_pred_context=0.705301 sequence=429.095820
[plan iscas99__b17] [plan] step=367 node=N13581 type=observe q_pred_context=0.782724 sequence=429.878544
[plan iscas99__b17] [plan] step=368 node=N13563 type=observe q_pred_context=0.727997 sequence=430.606540
[plan iscas99__b17] [plan] step=369 node=N8938 type=observe q_pred_context=0.656673 sequence=431.263213
[plan iscas99__b17] [plan] step=370 node=N13506 type=observe q_pred_context=0.740651 sequence=432.003864
[plan iscas99__b17] [plan] step=371 node=N3765 type=observe q_pred_context=0.666146 sequence=432.670010
[plan iscas99__b17] [plan] step=372 node=N12581 type=observe q_pred_context=0.734151 sequence=433.404162
[plan iscas99__b17] [plan] step=373 node=N13591 type=observe q_pred_context=0.758438 sequence=434.162599
[plan iscas99__b17] [plan] step=374 node=N13500 type=observe q_pred_context=0.767950 sequence=434.930549
[plan iscas99__b17] [plan] step=375 node=N28814 type=control1 q_pred_context=0.691117 sequence=435.621666
[plan iscas99__b17] [plan] step=376 node=N18577 type=observe q_pred_context=0.758624 sequence=436.380290
[plan iscas99__b17] [plan] step=377 node=N13534 type=observe q_pred_context=0.756846 sequence=437.137136
[plan iscas99__b17] [plan] step=378 node=N12615 type=observe q_pred_context=0.832868 sequence=437.970005
[plan iscas99__b17] [plan] step=379 node=N13532 type=observe q_pred_context=0.766115 sequence=438.736119
[plan iscas99__b17] [plan] step=380 node=N13528 type=observe q_pred_context=0.758474 sequence=439.494593
[plan iscas99__b17] [plan] step=381 node=N28816 type=control1 q_pred_context=0.695560 sequence=440.190154
[plan iscas99__b17] [plan] step=382 node=N13548 type=observe q_pred_context=0.762477 sequence=440.952630
[plan iscas99__b17] [plan] step=383 node=N13516 type=observe q_pred_context=0.617811 sequence=441.570442
[plan iscas99__b17] [plan] step=384 node=N12649 type=observe q_pred_context=0.754251 sequence=442.324693
[plan iscas99__b17] [plan] step=385 node=N13559 type=observe q_pred_context=0.758655 sequence=443.083348
[plan iscas99__b17] [plan] step=386 node=N13607 type=observe q_pred_context=0.658510 sequence=443.741858
[plan iscas99__b17] [plan] step=387 node=N28820 type=control1 q_pred_context=0.657333 sequence=444.399191
[plan iscas99__b17] [plan] step=388 node=N28819 type=control1 q_pred_context=0.717186 sequence=445.116377
[plan iscas99__b17] [plan] step=389 node=N28815 type=control1 q_pred_context=0.644120 sequence=445.760497
[plan iscas99__b17] [plan] step=390 node=N12751 type=control0 q_pred_context=0.734423 sequence=446.494920
[plan iscas99__b17] [plan] step=391 node=N12399 type=control0 q_pred_context=0.933393 sequence=447.428313
[plan iscas99__b17] [plan] step=392 node=N18760 type=control0 q_pred_context=0.557977 sequence=447.986291
[plan iscas99__b17] [plan] step=393 node=N7350 type=control0 q_pred_context=0.965168 sequence=448.951458
[plan iscas99__b17] [plan] step=394 node=N7334 type=control0 q_pred_context=0.940061 sequence=449.891519
[plan iscas99__b17] [plan] step=395 node=N18660 type=control0 q_pred_context=0.657771 sequence=450.549290
[plan iscas99__b17] [plan] step=396 node=N18743 type=control0 q_pred_context=0.701650 sequence=451.250941
[plan iscas99__b17] [plan] step=397 node=N7286 type=control0 q_pred_context=0.979690 sequence=452.230631
[plan iscas99__b17] [plan] step=398 node=N18691 type=control0 q_pred_context=0.710573 sequence=452.941204
[plan iscas99__b17] [plan] step=399 node=N19325 type=observe q_pred_context=0.732126 sequence=453.673330
[plan iscas99__b17] [plan] step=400 node=N18524 type=observe q_pred_context=0.579172 sequence=454.252502
[plan iscas99__b17] [plan] step=401 node=N19242 type=observe q_pred_context=0.851338 sequence=455.103840
[plan iscas99__b17] [plan] step=402 node=N13552 type=observe q_pred_context=0.755796 sequence=455.859637
[plan iscas99__b17] [plan] step=403 node=N18586 type=observe q_pred_context=0.842903 sequence=456.702539
[plan iscas99__b17] [plan] step=404 node=N13511 type=observe q_pred_context=0.931231 sequence=457.633771
[plan iscas99__b17] [plan] step=405 node=N28817 type=control1 q_pred_context=0.681407 sequence=458.315177
[plan iscas99__b17] [plan] step=406 node=N18709 type=control0 q_pred_context=0.751139 sequence=459.066316
[plan iscas99__b17] [plan] step=407 node=N18511 type=observe q_pred_context=0.605057 sequence=459.671373
[plan iscas99__b17] [plan] step=408 node=N18726 type=control0 q_pred_context=0.614276 sequence=460.285649
[plan iscas99__b17] [plan] step=409 node=N7366 type=control0 q_pred_context=0.923554 sequence=461.209203
[plan iscas99__b17] [plan] step=410 node=N12463 type=control0 q_pred_context=0.896959 sequence=462.106162
[plan iscas99__b17] [plan] step=411 node=N18487 type=observe q_pred_context=0.720578 sequence=462.826741
[plan iscas99__b17] [plan] step=412 node=N13497 type=observe q_pred_context=0.735458 sequence=463.562199
[plan iscas99__b17] [plan] step=413 node=N13611 type=observe q_pred_context=0.548174 sequence=464.110373
[plan iscas99__b17] [plan] step=414 node=N13499 type=observe q_pred_context=0.554652 sequence=464.665025
[plan iscas99__b17] [plan] step=415 node=N3768 type=observe q_pred_context=0.600536 sequence=465.265560
[plan iscas99__b17] [plan] step=416 node=N28813 type=control1 q_pred_context=0.699589 sequence=465.965149
[plan iscas99__b17] [plan] step=417 node=N7892 type=control1 q_pred_context=0.782228 sequence=466.747377
[plan iscas99__b17] [plan] step=418 node=N18514 type=observe q_pred_context=1.286933 sequence=468.034310
[plan iscas99__b17] [plan] step=419 node=N12569 type=control0 q_pred_context=0.634442 sequence=468.668752
[plan iscas99__b17] [plan] step=420 node=N8776 type=observe q_pred_context=0.502933 sequence=469.171685
[plan iscas99__b17] [plan] step=421 node=N8774 type=observe q_pred_context=0.402440 sequence=469.574125
[plan iscas99__b17] [plan] step=422 node=N28804 type=control1 q_pred_context=0.418420 sequence=469.992545
[plan iscas99__b17] [plan] step=423 node=N8820 type=observe q_pred_context=0.381630 sequence=470.374175
[plan iscas99__b17] [plan] step=424 node=N27225 type=control0 q_pred_context=0.338693 sequence=470.712869
[plan iscas99__b17] [plan] step=425 node=N28721 type=control1 q_pred_context=1.103653 sequence=471.816522
[plan iscas99__b17] [plan] step=426 node=N28719 type=control1 q_pred_context=0.579105 sequence=472.395627
[plan iscas99__b17] [plan] step=427 node=N28717 type=control1 q_pred_context=0.730331 sequence=473.125958
[plan iscas99__b17] [plan] step=428 node=N18673 type=control0 q_pred_context=0.641890 sequence=473.767847
[plan iscas99__b17] [plan] step=429 node=N18656 type=control0 q_pred_context=0.607233 sequence=474.375080
[plan iscas99__b17] [plan] step=430 node=N28731 type=control1 q_pred_context=1.946029 sequence=476.321109
[plan iscas99__b17] [plan] step=431 node=N3954 type=control1 q_pred_context=0.759688 sequence=477.080797
[plan iscas99__b17] [plan] step=432 node=N18705 type=control0 q_pred_context=0.563234 sequence=477.644031
[plan iscas99__b17] [plan] step=433 node=N28720 type=control1 q_pred_context=0.717572 sequence=478.361604
[plan iscas99__b17] [plan] step=434 node=N18722 type=control0 q_pred_context=0.759248 sequence=479.120852
[plan iscas99__b17] [plan] step=435 node=N18739 type=control0 q_pred_context=0.758856 sequence=479.879707
[plan iscas99__b17] [plan] step=436 node=N19450 type=control0 q_pred_context=0.823980 sequence=480.703687
[plan iscas99__b17] [plan] step=437 node=N28725 type=control1 q_pred_context=0.484869 sequence=481.188556
[plan iscas99__b17] [plan] step=438 node=N28723 type=control1 q_pred_context=0.357429 sequence=481.545985
[plan iscas99__b17] [plan] step=439 node=N28722 type=control1 q_pred_context=1.518210 sequence=483.064195
[plan iscas99__b17] [plan] step=440 node=N28726 type=control1 q_pred_context=1.463692 sequence=484.527887
[plan iscas99__b17] [plan] step=441 node=N18677 type=control0 q_pred_context=0.993834 sequence=485.521721
[plan iscas99__b17] [plan] step=442 node=N12706 type=control0 q_pred_context=1.424201 sequence=486.945922
[plan iscas99__b17] [plan] step=443 node=N7067 type=control0 q_pred_context=1.116893 sequence=488.062815
[plan iscas99__b17] [plan] step=444 node=N12607 type=control0 q_pred_context=0.836719 sequence=488.899533
[plan iscas99__b17] [plan] step=445 node=N28718 type=control1 q_pred_context=0.771521 sequence=489.671055
[plan iscas99__b17] [plan] step=446 node=N12604 type=control0 q_pred_context=1.028987 sequence=490.700042
[plan iscas99__b17] [plan] step=447 node=N28724 type=control1 q_pred_context=1.423691 sequence=492.123732
[plan iscas99__b17] [plan] step=448 node=N28727 type=control1 q_pred_context=1.030487 sequence=493.154219
[plan iscas99__b17] [plan] step=449 node=N28774 type=control1 q_pred_context=1.172140 sequence=494.326360
[plan iscas99__b17] [plan] step=450 node=N18764 type=control0 q_pred_context=0.876865 sequence=495.203225
[plan iscas99__b17] [plan] step=451 node=N12570 type=control0 q_pred_context=0.650747 sequence=495.853972
[plan iscas99__b17] [plan] step=452 node=N27363 type=control1 q_pred_context=1.116998 sequence=496.970969
[plan iscas99__b17] [plan] step=453 node=N12351 type=control0 q_pred_context=0.674561 sequence=497.645530
[plan iscas99__b17] [plan] step=454 node=N26514 type=control1 q_pred_context=0.893921 sequence=498.539451
[plan iscas99__b17] [plan] step=455 node=N26504 type=control1 q_pred_context=1.032204 sequence=499.571656
[plan iscas99__b17] [plan] step=456 node=N7115 type=control0 q_pred_context=1.077393 sequence=500.649049
[plan iscas99__b17] [plan] step=457 node=N12740 type=control0 q_pred_context=1.077540 sequence=501.726589
[plan iscas99__b17] [plan] step=458 node=N26510 type=control1 q_pred_context=1.094876 sequence=502.821464
[plan iscas99__b17] [plan] step=459 node=N26509 type=control1 q_pred_context=0.938175 sequence=503.759639
[plan iscas99__b17] [plan] step=460 node=N12611 type=control0 q_pred_context=0.773885 sequence=504.533525
[plan iscas99__b17] [plan] step=461 node=N27366 type=control1 q_pred_context=0.912681 sequence=505.446205
[plan iscas99__b17] [plan] step=462 node=N7083 type=control0 q_pred_context=1.510108 sequence=506.956313
[plan iscas99__b17] [plan] step=463 node=N27357 type=control1 q_pred_context=1.143563 sequence=508.099876
[plan iscas99__b17] [plan] step=464 node=N27356 type=control1 q_pred_context=1.028879 sequence=509.128755
[plan iscas99__b17] [plan] step=465 node=N13613 type=control0 q_pred_context=0.758822 sequence=509.887577
[plan iscas99__b17] [plan] step=466 node=N27352 type=control1 q_pred_context=0.926125 sequence=510.813702
[plan iscas99__b17] [plan] step=467 node=N7310 type=control0 q_pred_context=0.944699 sequence=511.758401
[plan iscas99__b17] [plan] step=468 node=N7131 type=control0 q_pred_context=0.774700 sequence=512.533102
[plan iscas99__b17] [plan] step=469 node=N13615 type=control0 q_pred_context=0.677564 sequence=513.210666
[plan iscas99__b17] [plan] step=470 node=N7261 type=control0 q_pred_context=1.206596 sequence=514.417263
[plan iscas99__b17] [plan] step=471 node=N7213 type=control0 q_pred_context=1.072205 sequence=515.489468
[plan iscas99__b17] [plan] step=472 node=N12674 type=control0 q_pred_context=0.640785 sequence=516.130253
[plan iscas99__b17] [plan] step=473 node=N12709 type=control0 q_pred_context=0.640798 sequence=516.771050
[plan iscas99__b17] [plan] step=474 node=N7196 type=control0 q_pred_context=1.970045 sequence=518.741095
[plan iscas99__b17] [plan] step=475 node=N18085 type=control0 q_pred_context=0.640814 sequence=519.381910
[plan iscas99__b17] [plan] step=476 node=N12739 type=control0 q_pred_context=0.762641 sequence=520.144551
[plan iscas99__b17] [plan] step=477 node=N12328 type=control0 q_pred_context=3.075376 sequence=523.219927
[plan iscas99__b17] [plan] step=478 node=N18366 type=control0 q_pred_context=2.257468 sequence=525.477396
[plan iscas99__b17] [plan] step=479 node=N18449 type=control0 q_pred_context=3.096603 sequence=528.573998
[plan iscas99__b17] [plan] step=480 node=N12312 type=control0 q_pred_context=5.301489 sequence=533.875488
[plan iscas99__b17] [plan] step=481 node=N18492 type=observe q_pred_context=0.607861 sequence=534.483349
[plan iscas99__b17] [plan] step=482 node=N13488 type=observe q_pred_context=0.607111 sequence=535.090460
[plan iscas99__b17] [plan] step=483 node=N27350 type=control1 q_pred_context=2.475368 sequence=537.565828
[plan iscas99__b17] [plan] step=484 node=N12671 type=control0 q_pred_context=0.678521 sequence=538.244349
[plan iscas99__b17] [plan] step=485 node=N7177 type=control0 q_pred_context=1.567165 sequence=539.811514
[plan iscas99__b17] [plan] step=486 node=N12280 type=control0 q_pred_context=1.364235 sequence=541.175749
[plan iscas99__b17] [plan] step=487 node=N7225 type=control0 q_pred_context=1.408236 sequence=542.583985
[plan iscas99__b17] [plan] step=488 node=N12248 type=control0 q_pred_context=1.561082 sequence=544.145067
[plan iscas99__b17] [plan] step=489 node=N7268 type=control0 q_pred_context=1.877299 sequence=546.022366
[plan iscas99__b17] [plan] step=490 node=N12232 type=control0 q_pred_context=2.193895 sequence=548.216261
[plan iscas99__b17] [plan] step=491 node=N12216 type=control0 q_pred_context=2.420774 sequence=550.637035
[plan iscas99__b17] [plan] step=492 node=N26505 type=control1 q_pred_context=1.860721 sequence=552.497756
[plan iscas99__b17] [plan] step=493 node=N18432 type=control0 q_pred_context=1.550736 sequence=554.048492
[plan iscas99__b17] [plan] step=494 node=N7151 type=control0 q_pred_context=1.505091 sequence=555.553583
[plan iscas99__b17] [plan] step=495 node=N7222 type=control0 q_pred_context=1.748008 sequence=557.301591
[plan iscas99__b17] [plan] step=496 node=N7218 type=control0 q_pred_context=2.304260 sequence=559.605851
[plan iscas99__b17] [plan] step=497 node=N7199 type=control0 q_pred_context=2.994840 sequence=562.600691
[plan iscas99__b17] [plan] step=498 node=N12262 type=control0 q_pred_context=5.289764 sequence=567.890455
[plan iscas99__b17] [plan] step=499 node=N12294 type=control0 q_pred_context=5.290516 sequence=573.180972
[plan iscas99__b17] [plan] step=500 node=N18389 type=control0 q_pred_context=2.918051 sequence=576.099022
[plan iscas99__b17] [plan] step=501 node=N18718 type=observe q_pred_context=0.326363 sequence=576.425385
[plan iscas99__b17] [plan] step=502 node=N27359 type=control1 q_pred_context=0.805446 sequence=577.230832
[plan iscas99__b17] [plan] step=503 node=N12368 type=observe q_pred_context=0.530336 sequence=577.761168
[plan iscas99__b17] [plan] step=504 node=N18368 type=control0 q_pred_context=0.137252 sequence=577.898420
[plan iscas99__b17] [plan] step=505 node=N12309 type=control0 q_pred_context=1.217613 sequence=579.116033
[plan iscas99__b17] [plan] step=506 node=N12282 type=control0 q_pred_context=1.590877 sequence=580.706910
[plan iscas99__b17] [plan] step=507 node=N12403 type=observe q_pred_context=1.238950 sequence=581.945860
[plan iscas99__b17] [plan] step=508 node=N8821 type=observe q_pred_context=0.354590 sequence=582.300450
[plan iscas99__b17] [plan] step=509 node=N26502 type=control1 q_pred_context=0.529311 sequence=582.829762
[plan iscas99__b17] [plan] step=510 node=N8833 type=observe q_pred_context=0.732937 sequence=583.562699
[plan iscas99__b17] [plan] step=511 node=N12447 type=observe q_pred_context=0.405576 sequence=583.968275
[plan iscas99__b17] [plan] step=512 node=N12464 type=observe q_pred_context=0.748113 sequence=584.716388
[plan iscas99__b17] [plan] step=513 node=N29495 type=control1 q_pred_context=1.450706 sequence=586.167094
[plan iscas99__b17] [plan] step=514 node=N8825 type=observe q_pred_context=0.669840 sequence=586.836934
[plan iscas99__b17] [plan] step=515 node=N18414 type=control0 q_pred_context=0.758806 sequence=587.595740
[plan iscas99__b17] [plan] step=516 node=N12277 type=control0 q_pred_context=0.554552 sequence=588.150291
[plan iscas99__b17] [plan] step=517 node=N7446 type=observe q_pred_context=1.038978 sequence=589.189270
[plan iscas99__b17] [plan] step=518 node=N8778 type=observe q_pred_context=0.360557 sequence=589.549827
[plan iscas99__b17] [plan] step=519 node=N8823 type=observe q_pred_context=0.389792 sequence=589.939619
[plan iscas99__b17] [plan] step=520 node=N8824 type=observe q_pred_context=0.531209 sequence=590.470827
[plan iscas99__b17] [plan] step=521 node=N7469 type=observe q_pred_context=0.388155 sequence=590.858982
[plan iscas99__b17] [plan] step=522 node=N13495 type=observe q_pred_context=0.753840 sequence=591.612822
[plan iscas99__b17] [plan] step=523 node=N12451 type=observe q_pred_context=0.514710 sequence=592.127532
[plan iscas99__b17] [plan] step=524 node=N19478 type=observe q_pred_context=0.714177 sequence=592.841709
[plan iscas99__b17] [plan] step=525 node=N7411 type=observe q_pred_context=0.731717 sequence=593.573426
[plan iscas99__b17] [plan] step=526 node=N19473 type=observe q_pred_context=0.716447 sequence=594.289872
[plan iscas99__b17] [plan] step=527 node=N12637 type=control0 q_pred_context=0.782793 sequence=595.072665
[plan iscas99__b17] [plan] step=528 node=N19472 type=observe q_pred_context=0.225164 sequence=595.297830
[plan iscas99__b17] [plan] step=529 node=N13543 type=observe q_pred_context=0.495700 sequence=595.793530
[plan iscas99__b17] [plan] step=530 node=N19469 type=observe q_pred_context=0.610059 sequence=596.403589
[plan iscas99__b17] [plan] step=531 node=N13596 type=observe q_pred_context=1.126581 sequence=597.530170
[plan iscas99__b17] [plan] step=532 node=N12641 type=control0 q_pred_context=0.813221 sequence=598.343391
[plan iscas99__b17] [plan] step=533 node=N13976 type=observe q_pred_context=1.234989 sequence=599.578380
[plan iscas99__b17] [plan] step=534 node=N27362 type=control1 q_pred_context=0.773864 sequence=600.352244
[plan iscas99__b17] [plan] step=535 node=N13961 type=observe q_pred_context=0.755350 sequence=601.107594
[plan iscas99__b17] [plan] step=536 node=N12229 type=control0 q_pred_context=0.838136 sequence=601.945731
[plan iscas99__b17] [plan] step=537 node=N18385 type=control0 q_pred_context=0.499804 sequence=602.445535
[plan iscas99__b17] [plan] step=538 node=N12660 type=observe q_pred_context=0.408047 sequence=602.853582
[plan iscas99__b17] [plan] step=539 node=N18419 type=control0 q_pred_context=0.756615 sequence=603.610197
[plan iscas99__b17] [plan] step=540 node=N12325 type=control0 q_pred_context=0.893548 sequence=604.503745
[plan iscas99__b17] [plan] step=541 node=N7445 type=observe q_pred_context=0.640796 sequence=605.144540
[plan iscas99__b17] [plan] step=542 node=N19441 type=observe q_pred_context=1.053318 sequence=606.197858
[plan iscas99__b17] [plan] step=543 node=N7507 type=observe q_pred_context=0.640401 sequence=606.838259
[plan iscas99__b17] [plan] step=544 node=N7455 type=observe q_pred_context=0.643276 sequence=607.481535
[plan iscas99__b17] [plan] step=545 node=N7520 type=observe q_pred_context=0.633052 sequence=608.114587
[plan iscas99__b17] [plan] step=546 node=N19463 type=observe q_pred_context=0.742565 sequence=608.857152
[plan iscas99__b17] [plan] step=547 node=N19470 type=observe q_pred_context=0.754486 sequence=609.611638
[plan iscas99__b17] [plan] step=548 node=N19466 type=observe q_pred_context=0.590911 sequence=610.202549
[plan iscas99__b17] [plan] step=549 node=N19460 type=observe q_pred_context=0.612567 sequence=610.815115
[plan iscas99__b17] [plan] step=550 node=N12528 type=observe q_pred_context=0.607047 sequence=611.422162
[plan iscas99__b17] [plan] step=551 node=N12622 type=observe q_pred_context=0.628155 sequence=612.050316
[plan iscas99__b17] [plan] step=552 node=N18329 type=observe q_pred_context=0.631918 sequence=612.682234
[plan iscas99__b17] [plan] step=553 node=N12652 type=observe q_pred_context=0.635405 sequence=613.317639
[plan iscas99__b17] [plan] step=554 node=N12618 type=observe q_pred_context=0.967519 sequence=614.285158
[plan iscas99__b17] [plan] step=555 node=N12562 type=observe q_pred_context=0.950962 sequence=615.236121
[plan iscas99__b17] [plan] step=556 node=N12554 type=observe q_pred_context=0.938754 sequence=616.174874
[plan iscas99__b17] [plan] step=557 node=N12520 type=observe q_pred_context=0.865156 sequence=617.040030
[plan iscas99__b17] [plan] step=558 node=N19457 type=observe q_pred_context=0.773384 sequence=617.813414
[plan iscas99__b17] [plan] step=559 node=N19475 type=observe q_pred_context=0.758791 sequence=618.572205
[plan iscas99__b17] [plan] step=560 node=N12588 type=observe q_pred_context=0.727959 sequence=619.300164
[plan iscas99__b17] [plan] step=561 node=N12550 type=observe q_pred_context=0.828509 sequence=620.128673
[plan iscas99__b17] [plan] step=562 node=N12586 type=observe q_pred_context=0.847144 sequence=620.975817
[plan iscas99__b17] [plan] step=563 node=N13531 type=observe q_pred_context=0.715466 sequence=621.691283
[plan iscas99__b17] [plan] step=564 node=N13545 type=observe q_pred_context=0.658007 sequence=622.349290
[plan iscas99__b17] [plan] step=565 node=N13609 type=observe q_pred_context=0.640870 sequence=622.990160
[plan iscas99__b17] [plan] step=566 node=N8836 type=observe q_pred_context=0.660192 sequence=623.650353
[plan iscas99__b17] [plan] step=567 node=N8764 type=observe q_pred_context=0.615947 sequence=624.266299
[plan iscas99__b17] [plan] step=568 node=N19451 type=observe q_pred_context=0.598971 sequence=624.865270
[plan iscas99__b17] [plan] step=569 node=N19465 type=observe q_pred_context=0.585114 sequence=625.450384
[plan iscas99__b17] [plan] step=570 node=N12524 type=observe q_pred_context=0.587972 sequence=626.038356
[plan iscas99__b17] [plan] step=571 node=N19458 type=observe q_pred_context=0.736196 sequence=626.774552
[plan iscas99__b17] [plan] step=572 node=N19467 type=observe q_pred_context=0.701481 sequence=627.476032
[plan iscas99__b17] [plan] step=573 node=N19446 type=observe q_pred_context=0.690934 sequence=628.166967
[plan iscas99__b17] [plan] step=574 node=N12516 type=observe q_pred_context=0.744223 sequence=628.911190
[plan iscas99__b17] [plan] step=575 node=N19442 type=observe q_pred_context=0.757028 sequence=629.668218
[plan iscas99__b17] [plan] step=576 node=N19448 type=observe q_pred_context=0.740433 sequence=630.408651
[plan iscas99__b17] [plan] step=577 node=N7270 type=observe q_pred_context=0.703485 sequence=631.112136
[plan iscas99__b17] [plan] step=578 node=N7210 type=observe q_pred_context=0.633692 sequence=631.745828
[plan iscas99__b17] [plan] step=579 node=N19452 type=observe q_pred_context=0.750739 sequence=632.496566
[plan iscas99__b17] [plan] step=580 node=N12214 type=observe q_pred_context=0.676568 sequence=633.173134
[plan iscas99__b17] [plan] step=581 node=N19449 type=observe q_pred_context=0.766665 sequence=633.939799
[plan iscas99__b17] [plan] step=582 node=N7162 type=observe q_pred_context=0.666142 sequence=634.605941
[plan iscas99__b17] [plan] step=583 node=N19454 type=observe q_pred_context=0.764765 sequence=635.370707
[plan iscas99__b17] [plan] step=584 node=N7274 type=observe q_pred_context=0.669906 sequence=636.040612
[plan iscas99__b17] [plan] step=585 node=N19440 type=observe q_pred_context=0.766053 sequence=636.806665
[plan iscas99__b17] [plan] step=586 node=N12257 type=observe q_pred_context=0.671732 sequence=637.478397
[plan iscas99__b17] [plan] step=587 node=N19461 type=observe q_pred_context=0.764107 sequence=638.242504
[plan iscas99__b17] [plan] step=588 node=N18405 type=observe q_pred_context=0.673367 sequence=638.915871
[plan iscas99__b17] [plan] step=589 node=N18802 type=observe q_pred_context=0.763186 sequence=639.679057
[plan iscas99__b17] [plan] step=590 node=N18364 type=observe q_pred_context=0.694093 sequence=640.373150
[plan iscas99__b17] [plan] step=591 node=N19447 type=observe q_pred_context=0.686215 sequence=641.059365
[plan iscas99__b17] [plan] step=592 node=N19439 type=observe q_pred_context=0.767266 sequence=641.826630
[plan iscas99__b17] [plan] step=593 node=N19456 type=observe q_pred_context=0.770471 sequence=642.597102
[plan iscas99__b17] [plan] step=594 node=N18447 type=observe q_pred_context=0.587391 sequence=643.184493
[plan iscas99__b17] [plan] step=595 node=N19443 type=observe q_pred_context=0.702377 sequence=643.886870
[plan iscas99__b17] [plan] step=596 node=N19436 type=observe q_pred_context=0.844522 sequence=644.731392
[plan iscas99__b17] [plan] step=597 node=N18799 type=observe q_pred_context=0.630996 sequence=645.362388
[plan iscas99__b17] [plan] step=598 node=N18417 type=observe q_pred_context=0.498085 sequence=645.860473
[plan iscas99__b17] [plan] step=599 node=N18796 type=observe q_pred_context=0.770304 sequence=646.630777
[plan iscas99__b17] [plan] step=600 node=N13066 type=observe q_pred_context=0.865044 sequence=647.495821
[plan iscas99__b17] [plan] step=601 node=N15368 type=observe q_pred_context=0.759215 sequence=648.255036
[plan iscas99__b17] [plan] step=602 node=N12293 type=observe q_pred_context=0.572287 sequence=648.827323
[plan iscas99__b17] [plan] step=603 node=N13062 type=observe q_pred_context=0.776931 sequence=649.604254
[plan iscas99__b17] [plan] step=604 node=N12209 type=observe q_pred_context=0.574463 sequence=650.178717
[plan iscas99__b17] [plan] step=605 node=N8903 type=observe q_pred_context=0.800635 sequence=650.979353
[plan iscas99__b17] [plan] step=606 node=N18420 type=observe q_pred_context=0.556622 sequence=651.535974
[plan iscas99__b17] [plan] step=607 node=N18437 type=observe q_pred_context=0.555565 sequence=652.091539
[plan iscas99__b17] [plan] step=608 node=N14731 type=observe q_pred_context=0.609383 sequence=652.700922
[plan iscas99__b17] [plan] step=609 node=N18354 type=observe q_pred_context=0.599269 sequence=653.300191
[plan iscas99__b17] [plan] step=610 node=N18097 type=observe q_pred_context=0.708016 sequence=654.008206
[plan iscas99__b17] [plan] step=611 node=N18371 type=observe q_pred_context=0.698414 sequence=654.706620
[plan iscas99__b17] [plan] step=612 node=N18314 type=observe q_pred_context=0.659732 sequence=655.366352
[plan iscas99__b17] [plan] step=613 node=N18305 type=observe q_pred_context=0.640771 sequence=656.007122
[plan iscas99__b17] [plan] step=614 node=N12273 type=observe q_pred_context=0.640767 sequence=656.647889
[plan iscas99__b17] [plan] step=615 node=N18388 type=observe q_pred_context=0.640769 sequence=657.288658
[plan iscas99__b17] [plan] step=616 node=N12289 type=observe q_pred_context=0.658413 sequence=657.947071
[plan iscas99__b17] [plan] step=617 node=N18034 type=observe q_pred_context=0.623701 sequence=658.570772
[plan iscas99__b17] [plan] step=618 node=N19227 type=observe q_pred_context=0.658377 sequence=659.229150
[plan iscas99__b17] [plan] step=619 node=N18128 type=observe q_pred_context=0.802223 sequence=660.031373
[plan iscas99__b17] [plan] step=620 node=N18874 type=control0 q_pred_context=0.816543 sequence=660.847916
[plan iscas99__b17] [plan] step=621 node=N19166 type=observe q_pred_context=0.768367 sequence=661.616282
[plan iscas99__b17] [plan] step=622 node=N19163 type=observe q_pred_context=0.698001 sequence=662.314283
[plan iscas99__b17] [plan] step=623 node=N13701 type=observe q_pred_context=0.591325 sequence=662.905608
[plan iscas99__b17] [plan] step=624 node=N13703 type=observe q_pred_context=0.826432 sequence=663.732040
[plan iscas99__b17] [plan] step=625 node=N13617 type=observe q_pred_context=0.640769 sequence=664.372809
[plan iscas99__b17] [plan] step=626 node=N18037 type=observe q_pred_context=0.840190 sequence=665.213000
[plan iscas99__b17] [plan] step=627 node=N13735 type=observe q_pred_context=0.911867 sequence=666.124867
[plan iscas99__b17] [plan] step=628 node=N13737 type=observe q_pred_context=0.954392 sequence=667.079258
[plan iscas99__b17] [plan] step=629 node=N13741 type=observe q_pred_context=0.922564 sequence=668.001822
[plan iscas99__b17] [plan] step=630 node=N13749 type=observe q_pred_context=0.779437 sequence=668.781259
[plan iscas99__b17] [plan] step=631 node=N13731 type=observe q_pred_context=0.849860 sequence=669.631119
[plan iscas99__b17] [plan] step=632 node=N13699 type=observe q_pred_context=0.891070 sequence=670.522189
[plan iscas99__b17] [plan] step=633 node=N13695 type=observe q_pred_context=0.938480 sequence=671.460669
[plan iscas99__b17] [plan] step=634 node=N13743 type=observe q_pred_context=0.970793 sequence=672.431462
[plan iscas99__b17] [plan] step=635 node=N13747 type=observe q_pred_context=0.988193 sequence=673.419654
[plan iscas99__b17] [plan] step=636 node=N13745 type=observe q_pred_context=0.994818 sequence=674.414472
[plan iscas99__b17] [plan] step=637 node=N13739 type=observe q_pred_context=1.004177 sequence=675.418649
[plan iscas99__b17] [plan] step=638 node=N13693 type=observe q_pred_context=0.996781 sequence=676.415430
[plan iscas99__b17] [plan] step=639 node=N13733 type=observe q_pred_context=1.000020 sequence=677.415451
[plan iscas99__b17] [plan] step=640 node=N13697 type=observe q_pred_context=0.986133 sequence=678.401584
[plan iscas99__b17] [plan] step=641 node=N19217 type=observe q_pred_context=0.792046 sequence=679.193629
[plan iscas99__b17] [plan] step=642 node=N13729 type=observe q_pred_context=1.115030 sequence=680.308659
[plan iscas99__b17] [plan] step=643 node=N7880 type=control1 q_pred_context=0.773177 sequence=681.081837
[plan iscas99__b17] [plan] step=644 node=N9042 type=observe q_pred_context=3.139504 sequence=684.221341
[plan iscas99__b17] [plan] step=645 node=N13711 type=observe q_pred_context=1.617655 sequence=685.838996
[plan iscas99__b17] [plan] step=646 node=N9513 type=observe q_pred_context=2.112517 sequence=687.951513
[plan iscas99__b17] [plan] step=647 node=N3779 type=observe q_pred_context=1.203001 sequence=689.154514
[plan iscas99__b17] [plan] step=648 node=N15376 type=observe q_pred_context=4.401298 sequence=693.555812
[plan iscas99__b17] [plan] step=649 node=N13757 type=observe q_pred_context=4.610817 sequence=698.166629
[plan iscas99__b17] [plan] step=650 node=N13713 type=observe q_pred_context=4.543997 sequence=702.710626
[plan iscas99__b17] [plan] step=651 node=N4135 type=control1 q_pred_context=4.958157 sequence=707.668783
[plan iscas99__b17] [plan] step=652 node=N18792 type=observe q_pred_context=6.105916 sequence=713.774699
[plan iscas99__b17] [plan] step=653 node=N13725 type=observe q_pred_context=6.166219 sequence=719.940918
[plan iscas99__b17] [plan] step=654 node=N13715 type=observe q_pred_context=3.548273 sequence=723.489191
[plan iscas99__b17] [plan] step=655 node=N13719 type=observe q_pred_context=3.323113 sequence=726.812304
[plan iscas99__b17] [plan] step=656 node=N13723 type=observe q_pred_context=2.768755 sequence=729.581059
[plan iscas99__b17] [plan] step=657 node=N13727 type=observe q_pred_context=2.770825 sequence=732.351884
[plan iscas99__b17] [plan] step=658 node=N13709 type=observe q_pred_context=2.754692 sequence=735.106576
[plan iscas99__b17] [plan] step=659 node=N13721 type=observe q_pred_context=2.734899 sequence=737.841475
[plan iscas99__b17] [plan] step=660 node=N13707 type=observe q_pred_context=2.690682 sequence=740.532157
[plan iscas99__b17] [plan] step=661 node=N7669 type=control0 q_pred_context=2.908098 sequence=743.440255
[plan iscas99__b17] [plan] step=662 node=N13705 type=observe q_pred_context=2.439639 sequence=745.879894
[plan iscas99__b17] [plan] step=663 node=N28737 type=control0 q_pred_context=2.335355 sequence=748.215249
[plan iscas99__b17] [plan] step=664 node=N9041 type=observe q_pred_context=3.584403 sequence=751.799653
[plan iscas99__b17] [plan] step=665 node=N13064 type=observe q_pred_context=2.738138 sequence=754.537790
[plan iscas99__b17] [plan] step=666 node=N13717 type=observe q_pred_context=2.930052 sequence=757.467843
[plan iscas99__b17] [plan] step=667 node=N2731 type=control0 q_pred_context=2.797470 sequence=760.265313
[plan iscas99__b17] [plan] step=668 node=N15369 type=observe q_pred_context=4.135421 sequence=764.400733
[plan iscas99__b17] [plan] step=669 node=N1982 type=observe q_pred_context=3.599395 sequence=768.000129
[plan iscas99__b17] [plan] step=670 node=N18877 type=observe q_pred_context=4.190535 sequence=772.190664
[plan iscas99__b17] [plan] step=671 node=N13979 type=observe q_pred_context=2.338091 sequence=774.528754
[plan iscas99__b17] [plan] step=672 node=N7673 type=observe q_pred_context=4.030885 sequence=778.559639
[plan iscas99__b17] [plan] step=673 node=N13060 type=observe q_pred_context=3.893158 sequence=782.452797
[plan iscas99__b17] [plan] step=674 node=N5882 type=observe q_pred_context=3.713464 sequence=786.166261
[plan iscas99__b17] [plan] step=675 node=N20280 type=control0 q_pred_context=1.433203 sequence=787.599464
[plan iscas99__b17] [plan] step=676 node=N5858 type=observe q_pred_context=1.998762 sequence=789.598225
[plan iscas99__b17] [plan] step=677 node=N3964 type=control0 q_pred_context=1.350076 sequence=790.948302
[plan iscas99__b17] [plan] step=678 node=N7671 type=observe q_pred_context=1.290652 sequence=792.238954
[plan iscas99__b17] [plan] step=679 node=N8611 type=control0 q_pred_context=1.308103 sequence=793.547056
[plan iscas99__b17] [plan] step=680 node=N24568 type=control0 q_pred_context=1.900839 sequence=795.447895
[plan iscas99__b17] [plan] step=681 node=N6002 type=observe q_pred_context=2.191194 sequence=797.639089
[plan iscas99__b17] [plan] step=682 node=N3777 type=observe q_pred_context=0.894493 sequence=798.533582
[plan iscas99__b17] [plan] step=683 node=N19324 type=observe q_pred_context=1.176903 sequence=799.710485
[plan iscas99__b17] [plan] step=684 node=N19323 type=observe q_pred_context=1.093297 sequence=800.803782
[plan iscas99__b17] [plan] step=685 node=N19322 type=observe q_pred_context=0.993952 sequence=801.797734
[plan iscas99__b17] [plan] step=686 node=N19321 type=observe q_pred_context=1.053445 sequence=802.851179
[plan iscas99__b17] [plan] step=687 node=N19319 type=observe q_pred_context=1.164284 sequence=804.015462
[plan iscas99__b17] [plan] step=688 node=N9610 type=observe q_pred_context=1.190612 sequence=805.206074
[plan iscas99__b17] [plan] step=689 node=N30921 type=control0 q_pred_context=0.923201 sequence=806.129275
[plan iscas99__b17] [plan] step=690 node=N12332 type=observe q_pred_context=0.847506 sequence=806.976782
[plan iscas99__b17] [plan] step=691 node=N30922 type=control0 q_pred_context=0.742990 sequence=807.719771
[plan iscas99__b17] [plan] step=692 node=N8144 type=observe q_pred_context=0.757480 sequence=808.477251
[plan iscas99__b17] [plan] step=693 node=N29371 type=control0 q_pred_context=0.716554 sequence=809.193805
[plan iscas99__b17] [plan] step=694 node=N30923 type=control0 q_pred_context=0.736170 sequence=809.929975
[plan iscas99__b17] [plan] step=695 node=N18422 type=control0 q_pred_context=1.173571 sequence=811.103546
[plan iscas99__b17] [plan] step=696 node=N30934 type=control0 q_pred_context=1.682692 sequence=812.786238
[plan iscas99__b17] [plan] step=697 node=N29372 type=control0 q_pred_context=1.489281 sequence=814.275519
[plan iscas99__b17] [plan] step=698 node=N30925 type=control0 q_pred_context=1.300849 sequence=815.576368
[plan iscas99__b17] [plan] step=699 node=N18434 type=control0 q_pred_context=0.962949 sequence=816.539317
[plan iscas99__b17] [plan] step=700 node=N5930 type=observe q_pred_context=1.011775 sequence=817.551092
[plan iscas99__b17] [plan] step=701 node=N30928 type=control0 q_pred_context=1.243169 sequence=818.794261
[plan iscas99__b17] [plan] step=702 node=N30924 type=control0 q_pred_context=1.228681 sequence=820.022942
[plan iscas99__b17] [plan] step=703 node=N2041 type=control1 q_pred_context=1.246377 sequence=821.269319
[plan iscas99__b17] [plan] step=704 node=N7729 type=control1 q_pred_context=1.200014 sequence=822.469332
[plan iscas99__b17] [plan] step=705 node=N30931 type=control0 q_pred_context=1.244335 sequence=823.713667
[plan iscas99__b17] [plan] step=706 node=N30930 type=control0 q_pred_context=1.201105 sequence=824.914772
[plan iscas99__b17] [plan] step=707 node=N31044 type=control0 q_pred_context=0.566224 sequence=825.480996
[plan iscas99__b17] [plan] step=708 node=N13800 type=control1 q_pred_context=0.594631 sequence=826.075627
[plan iscas99__b17] [plan] step=709 node=N30926 type=control0 q_pred_context=0.408632 sequence=826.484259
[plan iscas99__b17] [plan] step=710 node=N30929 type=control0 q_pred_context=0.508851 sequence=826.993109
[plan iscas99__b17] [plan] step=711 node=N5978 type=observe q_pred_context=0.601667 sequence=827.594776
[plan iscas99__b17] [plan] step=712 node=N18319 type=control0 q_pred_context=0.544386 sequence=828.139162
[plan iscas99__b17] [plan] step=713 node=N7712 type=control1 q_pred_context=0.623457 sequence=828.762619
[plan iscas99__b17] [plan] step=714 node=N2030 type=control1 q_pred_context=0.471476 sequence=829.234095
[plan iscas99__b17] [plan] step=715 node=N30927 type=control0 q_pred_context=1.375402 sequence=830.609498
[plan iscas99__b17] [plan] step=716 node=N13785 type=control1 q_pred_context=0.582756 sequence=831.192254
[plan iscas99__b17] [plan] step=717 node=N7727 type=control1 q_pred_context=0.490350 sequence=831.682604
[plan iscas99__b17] [plan] step=718 node=N13801 type=control1 q_pred_context=0.592699 sequence=832.275302
[plan iscas99__b17] [plan] step=719 node=N2078 type=control1 q_pred_context=0.665946 sequence=832.941249
[plan iscas99__b17] [plan] step=720 node=N2036 type=control1 q_pred_context=0.822356 sequence=833.763605
[plan iscas99__b17] [plan] step=721 node=N30932 type=control0 q_pred_context=0.449207 sequence=834.212812
[plan iscas99__b17] [plan] step=722 node=N7726 type=control1 q_pred_context=0.654815 sequence=834.867627
[plan iscas99__b17] [plan] step=723 node=N5954 type=observe q_pred_context=0.585454 sequence=835.453081
[plan iscas99__b17] [plan] step=724 node=N5906 type=observe q_pred_context=1.046922 sequence=836.500003
[plan iscas99__b17] [plan] step=725 node=N12658 type=observe q_pred_context=0.919799 sequence=837.419802
[plan iscas99__b17] [plan] step=726 node=N7318 type=observe q_pred_context=0.893011 sequence=838.312813
[plan iscas99__b17] [plan] step=727 node=N12631 type=observe q_pred_context=1.194104 sequence=839.506917
[plan iscas99__b17] [plan] step=728 node=N12505 type=observe q_pred_context=1.114079 sequence=840.620996
[plan iscas99__b17] [plan] step=729 node=N12500 type=observe q_pred_context=1.067341 sequence=841.688336
[plan iscas99__b17] [plan] step=730 node=N13913 type=control1 q_pred_context=1.062193 sequence=842.750529
[plan iscas99__b17] [plan] step=731 node=N13921 type=control1 q_pred_context=1.352165 sequence=844.102694
[plan iscas99__b17] [plan] step=732 node=N7766 type=control1 q_pred_context=1.447200 sequence=845.549894
[plan iscas99__b17] [plan] step=733 node=N20546 type=control1 q_pred_context=0.970146 sequence=846.520040
[plan iscas99__b17] [plan] step=734 node=N2076 type=control1 q_pred_context=1.125559 sequence=847.645599
[plan iscas99__b17] [plan] step=735 node=N30933 type=control0 q_pred_context=0.773286 sequence=848.418885
[plan iscas99__b17] [plan] step=736 node=N13836 type=control1 q_pred_context=1.002624 sequence=849.421509
[plan iscas99__b17] [plan] step=737 node=N2029 type=control1 q_pred_context=1.052352 sequence=850.473861
[plan iscas99__b17] [plan] step=738 node=N9510 type=observe q_pred_context=0.705368 sequence=851.179229
[plan iscas99__b17] [plan] step=739 node=N2074 type=control1 q_pred_context=1.005655 sequence=852.184884
[plan iscas99__b17] [plan] step=740 node=N15374 type=observe q_pred_context=0.686264 sequence=852.871148
[plan iscas99__b17] [plan] step=741 node=N2250 type=observe q_pred_context=1.066456 sequence=853.937604
[plan iscas99__b17] [plan] step=742 node=N14826 type=observe q_pred_context=0.775743 sequence=854.713347
[plan iscas99__b17] [plan] step=743 node=N2870 type=observe q_pred_context=0.788675 sequence=855.502022
[plan iscas99__b17] [plan] step=744 node=N1986 type=control1 q_pred_context=1.025989 sequence=856.528010
[plan iscas99__b17] [plan] step=745 node=N31045 type=control0 q_pred_context=0.792992 sequence=857.321002
[plan iscas99__b17] [plan] step=746 node=N31050 type=control0 q_pred_context=0.547418 sequence=857.868420
[plan iscas99__b17] [plan] step=747 node=N27574 type=control0 q_pred_context=0.500436 sequence=858.368856
[plan iscas99__b17] [plan] step=748 node=N31051 type=control0 q_pred_context=0.610999 sequence=858.979856
[plan iscas99__b17] [plan] step=749 node=N27564 type=control0 q_pred_context=0.500287 sequence=859.480142
[plan iscas99__b17] [plan] step=750 node=N29390 type=control0 q_pred_context=0.574653 sequence=860.054795
[plan iscas99__b17] [plan] step=751 node=N8083 type=observe q_pred_context=0.534267 sequence=860.589062
[plan iscas99__b17] [plan] step=752 node=N26792 type=control0 q_pred_context=0.589378 sequence=861.178440
[plan iscas99__b17] [plan] step=753 node=N29526 type=control0 q_pred_context=0.700486 sequence=861.878926
[plan iscas99__b17] [plan] step=754 node=N26786 type=control0 q_pred_context=1.105036 sequence=862.983961
[plan iscas99__b17] [plan] step=755 node=N27585 type=control0 q_pred_context=0.550107 sequence=863.534069
[plan iscas99__b17] [plan] step=756 node=N1992 type=observe q_pred_context=0.584432 sequence=864.118501
[plan iscas99__b17] [plan] step=757 node=N19835 type=observe q_pred_context=1.099514 sequence=865.218015
[plan iscas99__b17] [plan] step=758 node=N27576 type=control0 q_pred_context=0.787978 sequence=866.005993
[plan iscas99__b17] [plan] step=759 node=N26771 type=control0 q_pred_context=1.137642 sequence=867.143634
[plan iscas99__b17] [plan] step=760 node=N3379 type=observe q_pred_context=0.721270 sequence=867.864905
[plan iscas99__b17] [plan] step=761 node=N13837 type=control1 q_pred_context=0.867466 sequence=868.732371
[plan iscas99__b17] [plan] step=762 node=N7537 type=observe q_pred_context=1.207875 sequence=869.940246
[plan iscas99__b17] [plan] step=763 node=N27250 type=observe q_pred_context=0.892662 sequence=870.832908
[plan iscas99__b17] [plan] step=764 node=N27551 type=control0 q_pred_context=0.927257 sequence=871.760166
[plan iscas99__b17] [plan] step=765 node=N26784 type=control0 q_pred_context=1.121799 sequence=872.881964
[plan iscas99__b17] [plan] step=766 node=N26782 type=control0 q_pred_context=1.018647 sequence=873.900611
[plan iscas99__b17] [plan] step=767 node=N26775 type=control0 q_pred_context=0.972374 sequence=874.872985
[plan iscas99__b17] [plan] step=768 node=N13426 type=observe q_pred_context=0.654067 sequence=875.527052
[plan iscas99__b17] [plan] step=769 node=N19878 type=observe q_pred_context=0.674600 sequence=876.201652
[plan iscas99__b17] [plan] step=770 node=N7711 type=control1 q_pred_context=1.041436 sequence=877.243088
[plan iscas99__b17] [plan] step=771 node=N26769 type=control0 q_pred_context=0.697260 sequence=877.940348
[plan iscas99__b17] [plan] step=772 node=N26773 type=control0 q_pred_context=0.919006 sequence=878.859354
[plan iscas99__b17] [plan] step=773 node=N2696 type=observe q_pred_context=0.608995 sequence=879.468349
[plan iscas99__b17] [plan] step=774 node=N26796 type=control0 q_pred_context=0.740749 sequence=880.209098
[plan iscas99__b17] [plan] step=775 node=N2248 type=observe q_pred_context=0.596193 sequence=880.805290
[plan iscas99__b17] [plan] step=776 node=N26788 type=control0 q_pred_context=0.748178 sequence=881.553469
[plan iscas99__b17] [plan] step=777 node=N29498 type=control1 q_pred_context=0.970395 sequence=882.523863
[plan iscas99__b17] [plan] step=778 node=N26654 type=control0 q_pred_context=0.910980 sequence=883.434843
[plan iscas99__b17] [plan] step=779 node=N7925 type=observe q_pred_context=0.626956 sequence=884.061799
[plan iscas99__b17] [plan] step=780 node=N26794 type=control0 q_pred_context=0.617914 sequence=884.679714
[plan iscas99__b17] [plan] step=781 node=N27509 type=control0 q_pred_context=0.592792 sequence=885.272505
[plan iscas99__b17] [plan] step=782 node=N18451 type=control0 q_pred_context=0.505164 sequence=885.777670
[plan iscas99__b17] [plan] step=783 node=N7765 type=control1 q_pred_context=0.836450 sequence=886.614120
[plan iscas99__b17] [plan] step=784 node=N1984 type=observe q_pred_context=0.470286 sequence=887.084406
[plan iscas99__b17] [plan] step=785 node=N7928 type=observe q_pred_context=0.972434 sequence=888.056840
[plan iscas99__b17] [plan] step=786 node=N2148 type=observe q_pred_context=0.786693 sequence=888.843533
[plan iscas99__b17] [plan] step=787 node=N8124 type=observe q_pred_context=0.771037 sequence=889.614570
[plan iscas99__b17] [plan] step=788 node=N8132 type=observe q_pred_context=0.777781 sequence=890.392351
[plan iscas99__b17] [plan] step=789 node=N8130 type=observe q_pred_context=0.948430 sequence=891.340781
[plan iscas99__b17] [plan] step=790 node=N8128 type=observe q_pred_context=0.966884 sequence=892.307665
[plan iscas99__b17] [plan] step=791 node=N8142 type=observe q_pred_context=0.934646 sequence=893.242311
[plan iscas99__b17] [plan] step=792 node=N13797 type=control1 q_pred_context=0.910975 sequence=894.153286
[plan iscas99__b17] [plan] step=793 node=N8140 type=observe q_pred_context=0.878175 sequence=895.031461
[plan iscas99__b17] [plan] step=794 node=N8138 type=observe q_pred_context=1.000205 sequence=896.031666
[plan iscas99__b17] [plan] step=795 node=N27589 type=control0 q_pred_context=0.816385 sequence=896.848051
[plan iscas99__b17] [plan] step=796 node=N8136 type=observe q_pred_context=1.037539 sequence=897.885590
[plan iscas99__b17] [plan] step=797 node=N1987 type=control1 q_pred_context=1.126733 sequence=899.012323
[plan iscas99__b17] [plan] step=798 node=N8126 type=observe q_pred_context=0.913154 sequence=899.925477
[plan iscas99__b17] [plan] step=799 node=N8134 type=observe q_pred_context=0.979284 sequence=900.904761
[plan iscas99__b17] [plan] step=800 node=N2247 type=observe q_pred_context=0.767153 sequence=901.671914
[plan iscas99__b17] [plan] step=801 node=N2244 type=observe q_pred_context=0.706675 sequence=902.378588
[plan iscas99__b17] [plan] step=802 node=N18402 type=control0 q_pred_context=0.673776 sequence=903.052364
[plan iscas99__b17] [plan] step=803 node=N2698 type=observe q_pred_context=0.768661 sequence=903.821024
[plan iscas99__b17] [plan] step=804 node=N2246 type=observe q_pred_context=0.953496 sequence=904.774521
[plan iscas99__b17] [plan] step=805 node=N7929 type=observe q_pred_context=0.752114 sequence=905.526634
[plan iscas99__b17] [plan] step=806 node=N2695 type=observe q_pred_context=0.699820 sequence=906.226454
[plan iscas99__b17] [plan] step=807 node=N2856 type=observe q_pred_context=0.893691 sequence=907.120145
[plan iscas99__b17] [plan] step=808 node=N18356 type=control0 q_pred_context=0.651747 sequence=907.771892
[plan iscas99__b17] [plan] step=809 node=N18307 type=control0 q_pred_context=0.712550 sequence=908.484442
[plan iscas99__b17] [plan] step=810 node=N26790 type=control0 q_pred_context=0.719692 sequence=909.204134
[plan iscas99__b17] [plan] step=811 node=N18439 type=control0 q_pred_context=0.702022 sequence=909.906156
[plan iscas99__b17] [plan] step=812 node=N2693 type=observe q_pred_context=0.691703 sequence=910.597859
[plan iscas99__b17] [plan] step=813 node=N18373 type=control0 q_pred_context=0.703943 sequence=911.301803
[plan iscas99__b17] [plan] step=814 node=N18407 type=control0 q_pred_context=0.700267 sequence=912.002069
[plan iscas99__b17] [plan] step=815 node=N27607 type=control1 q_pred_context=0.598256 sequence=912.600326
[plan iscas99__b17] [plan] step=816 node=N7759 type=control1 q_pred_context=0.883875 sequence=913.484201
[plan iscas99__b17] [plan] step=817 node=N12513 type=observe q_pred_context=0.702026 sequence=914.186226
[plan iscas99__b17] [plan] step=818 node=N13794 type=control1 q_pred_context=0.515454 sequence=914.701680
[plan iscas99__b17] [plan] step=819 node=N2256 type=observe q_pred_context=0.560480 sequence=915.262160
[plan iscas99__b17] [plan] step=820 node=N9218 type=observe q_pred_context=0.444010 sequence=915.706170
[plan iscas99__b17] [plan] step=821 node=N7936 type=observe q_pred_context=0.891640 sequence=916.597810
[plan iscas99__b17] [plan] step=822 node=N7690 type=control1 q_pred_context=1.128275 sequence=917.726085
[plan iscas99__b17] [plan] step=823 node=N7937 type=observe q_pred_context=0.958269 sequence=918.684354
[plan iscas99__b17] [plan] step=824 node=N7935 type=observe q_pred_context=0.918717 sequence=919.603071
[plan iscas99__b17] [plan] step=825 node=N7940 type=observe q_pred_context=0.660477 sequence=920.263549
[plan iscas99__b17] [plan] step=826 node=N31240 type=control0 q_pred_context=0.746147 sequence=921.009696
[plan iscas99__b17] [plan] step=827 node=N3323 type=observe q_pred_context=0.847961 sequence=921.857657
[plan iscas99__b17] [plan] step=828 node=N29386 type=observe q_pred_context=0.834981 sequence=922.692639
[plan iscas99__b17] [plan] step=829 node=N3437 type=observe q_pred_context=0.870698 sequence=923.563336
[plan iscas99__b17] [plan] step=830 node=N3429 type=observe q_pred_context=0.897612 sequence=924.460949
[plan iscas99__b17] [plan] step=831 node=N7927 type=observe q_pred_context=1.111530 sequence=925.572478
[plan iscas99__b17] [plan] step=832 node=N7926 type=observe q_pred_context=0.917834 sequence=926.490312
[plan iscas99__b17] [plan] step=833 node=N31246 type=control0 q_pred_context=0.749340 sequence=927.239652
[plan iscas99__b17] [plan] step=834 node=N3854 type=observe q_pred_context=0.979535 sequence=928.219188
[plan iscas99__b17] [plan] step=835 node=N9591 type=observe q_pred_context=0.961859 sequence=929.181047
[plan iscas99__b17] [plan] step=836 node=N25244 type=observe q_pred_context=0.936780 sequence=930.117827
[plan iscas99__b17] [plan] step=837 node=N31213 type=control0 q_pred_context=0.707140 sequence=930.824967
[plan iscas99__b17] [plan] step=838 node=N9605 type=observe q_pred_context=1.011591 sequence=931.836558
[plan iscas99__b17] [plan] step=839 node=N9712 type=observe q_pred_context=0.971116 sequence=932.807674
[plan iscas99__b17] [plan] step=840 node=N3832 type=observe q_pred_context=0.945030 sequence=933.752704
[plan iscas99__b17] [plan] step=841 node=N31244 type=control0 q_pred_context=0.703770 sequence=934.456474
[plan iscas99__b17] [plan] step=842 node=N15565 type=observe q_pred_context=1.013959 sequence=935.470433
[plan iscas99__b17] [plan] step=843 node=N2692 type=observe q_pred_context=0.996117 sequence=936.466550
[plan iscas99__b17] [plan] step=844 node=N19300 type=observe q_pred_context=0.710402 sequence=937.176952
[plan iscas99__b17] [plan] step=845 node=N31207 type=control0 q_pred_context=0.956168 sequence=938.133120
[plan iscas99__b17] [plan] step=846 node=N28049 type=observe q_pred_context=0.865456 sequence=938.998576
[plan iscas99__b17] [plan] step=847 node=N31209 type=control0 q_pred_context=0.959770 sequence=939.958346
[plan iscas99__b17] [plan] step=848 node=N3821 type=observe q_pred_context=1.723773 sequence=941.682119
[plan iscas99__b17] [plan] step=849 node=N19299 type=observe q_pred_context=1.072358 sequence=942.754477
[plan iscas99__b17] [plan] step=850 node=N19297 type=observe q_pred_context=0.863024 sequence=943.617501
[plan iscas99__b17] [plan] step=851 node=N7924 type=observe q_pred_context=0.759295 sequence=944.376796
[plan iscas99__b17] [plan] step=852 node=N5447 type=observe q_pred_context=0.702566 sequence=945.079362
[plan iscas99__b17] [plan] step=853 node=N3793 type=observe q_pred_context=1.137432 sequence=946.216795
[plan iscas99__b17] [plan] step=854 node=N7944 type=observe q_pred_context=0.704245 sequence=946.921040
[plan iscas99__b17] [plan] step=855 node=N7945 type=observe q_pred_context=0.745087 sequence=947.666126
[plan iscas99__b17] [plan] step=856 node=N22040 type=observe q_pred_context=0.732782 sequence=948.398908
[plan iscas99__b17] [plan] step=857 node=N31242 type=control0 q_pred_context=0.671719 sequence=949.070627
[plan iscas99__b17] [plan] step=858 node=N27507 type=control0 q_pred_context=0.981253 sequence=950.051880
[plan iscas99__b17] [plan] step=859 node=N19305 type=observe q_pred_context=1.062558 sequence=951.114438
[plan iscas99__b17] [plan] step=860 node=N19304 type=observe q_pred_context=0.937337 sequence=952.051774
[plan iscas99__b17] [plan] step=861 node=N7933 type=observe q_pred_context=0.929964 sequence=952.981738
[plan iscas99__b17] [plan] step=862 node=N15547 type=observe q_pred_context=0.833572 sequence=953.815310
[plan iscas99__b17] [plan] step=863 node=N5140 type=observe q_pred_context=0.852026 sequence=954.667335
[plan iscas99__b17] [plan] step=864 node=N3798 type=observe q_pred_context=0.730586 sequence=955.397921
[plan iscas99__b17] [plan] step=865 node=N7640 type=observe q_pred_context=0.744302 sequence=956.142223
[plan iscas99__b17] [plan] step=866 node=N31223 type=control0 q_pred_context=0.755914 sequence=956.898137
[plan iscas99__b17] [plan] step=867 node=N7932 type=observe q_pred_context=1.080988 sequence=957.979125
[plan iscas99__b17] [plan] step=868 node=N2694 type=observe q_pred_context=1.047039 sequence=959.026164
[plan iscas99__b17] [plan] step=869 node=N29679 type=control0 q_pred_context=0.968002 sequence=959.994166
[plan iscas99__b17] [plan] step=870 node=N3805 type=observe q_pred_context=1.208028 sequence=961.202194
[plan iscas99__b17] [plan] step=871 node=N29422 type=control0 q_pred_context=0.745805 sequence=961.947999
[plan iscas99__b17] [plan] step=872 node=N29418 type=control0 q_pred_context=1.170877 sequence=963.118876
[plan iscas99__b17] [plan] step=873 node=N31225 type=control0 q_pred_context=0.796874 sequence=963.915750
[plan iscas99__b17] [plan] step=874 node=N19306 type=observe q_pred_context=0.872402 sequence=964.788152
[plan iscas99__b17] [plan] step=875 node=N2146 type=control0 q_pred_context=0.891477 sequence=965.679629
[plan iscas99__b17] [plan] step=876 node=N1988 type=observe q_pred_context=1.445472 sequence=967.125101
[plan iscas99__b17] [plan] step=877 node=N25713 type=observe q_pred_context=1.206884 sequence=968.331985
[plan iscas99__b17] [plan] step=878 node=N19307 type=observe q_pred_context=0.829397 sequence=969.161382
[plan iscas99__b17] [plan] step=879 node=N19303 type=observe q_pred_context=0.832523 sequence=969.993905
[plan iscas99__b17] [plan] step=880 node=N19302 type=observe q_pred_context=0.813547 sequence=970.807452
[plan iscas99__b17] [plan] step=881 node=N29423 type=control0 q_pred_context=0.790875 sequence=971.598328
[plan iscas99__b17] [plan] step=882 node=N29501 type=observe q_pred_context=1.214632 sequence=972.812960
[plan iscas99__b17] [plan] step=883 node=N26798 type=control0 q_pred_context=1.095601 sequence=973.908561
[plan iscas99__b17] [plan] step=884 node=N31052 type=control0 q_pred_context=1.194500 sequence=975.103061
[plan iscas99__b17] [plan] step=885 node=N3332 type=observe q_pred_context=0.887529 sequence=975.990590
[plan iscas99__b17] [plan] step=886 node=N19834 type=observe q_pred_context=0.870257 sequence=976.860848
[plan iscas99__b17] [plan] step=887 node=N3350 type=observe q_pred_context=0.747631 sequence=977.608479
[plan iscas99__b17] [plan] step=888 node=N10956 type=observe q_pred_context=0.826972 sequence=978.435451
[plan iscas99__b17] [plan] step=889 node=N28047 type=observe q_pred_context=0.746632 sequence=979.182083
[plan iscas99__b17] [plan] step=890 node=N3319 type=observe q_pred_context=0.795190 sequence=979.977273
[plan iscas99__b17] [plan] step=891 node=N29458 type=control0 q_pred_context=0.783915 sequence=980.761188
[plan iscas99__b17] [plan] step=892 node=N3794 type=observe q_pred_context=0.822882 sequence=981.584069
[plan iscas99__b17] [plan] step=893 node=N7939 type=observe q_pred_context=0.790631 sequence=982.374701
[plan iscas99__b17] [plan] step=894 node=N5423 type=observe q_pred_context=0.633540 sequence=983.008240
[plan iscas99__b17] [plan] step=895 node=N28048 type=observe q_pred_context=0.696339 sequence=983.704579
[plan iscas99__b17] [plan] step=896 node=N3810 type=observe q_pred_context=0.719764 sequence=984.424343
[plan iscas99__b17] [plan] step=897 node=N25224 type=observe q_pred_context=0.662093 sequence=985.086436
[plan iscas99__b17] [plan] step=898 node=N29681 type=control0 q_pred_context=0.693246 sequence=985.779683
[plan iscas99__b17] [plan] step=899 node=N31248 type=control0 q_pred_context=0.656735 sequence=986.436418
[plan iscas99__b17] [plan] step=900 node=N26649 type=control0 q_pred_context=1.161766 sequence=987.598184
[plan iscas99__b17] [plan] step=901 node=N31234 type=control0 q_pred_context=0.775520 sequence=988.373704
[plan iscas99__b17] [plan] step=902 node=N25756 type=observe q_pred_context=0.919236 sequence=989.292939
[plan iscas99__b17] [plan] step=903 node=N31215 type=control0 q_pred_context=1.006317 sequence=990.299257
[plan iscas99__b17] [plan] step=904 node=N26644 type=control0 q_pred_context=1.023841 sequence=991.323097
[plan iscas99__b17] [plan] step=905 node=N3371 type=observe q_pred_context=1.509951 sequence=992.833048
[plan iscas99__b17] [plan] step=906 node=N26647 type=control0 q_pred_context=0.769193 sequence=993.602242
[plan iscas99__b17] [plan] step=907 node=N26651 type=control0 q_pred_context=0.731722 sequence=994.333963
[plan iscas99__b17] [plan] step=908 node=N27502 type=control0 q_pred_context=0.675800 sequence=995.009764
[plan iscas99__b17] [plan] step=909 node=N9220 type=observe q_pred_context=1.760448 sequence=996.770212
[plan iscas99__b17] [plan] step=910 node=N26646 type=control0 q_pred_context=1.297096 sequence=998.067308
[plan iscas99__b17] [plan] step=911 node=N3579 type=observe q_pred_context=0.729627 sequence=998.796935
[plan iscas99__b17] [plan] step=912 node=N3363 type=observe q_pred_context=0.670714 sequence=999.467649
[plan iscas99__b17] [plan] step=913 node=N5375 type=observe q_pred_context=0.827516 sequence=1000.295165
[plan iscas99__b17] [plan] step=914 node=N3355 type=observe q_pred_context=0.913706 sequence=1001.208870
[plan iscas99__b17] [plan] step=915 node=N3473 type=observe q_pred_context=0.883682 sequence=1002.092552
[plan iscas99__b17] [plan] step=916 node=N3347 type=observe q_pred_context=0.918132 sequence=1003.010685
[plan iscas99__b17] [plan] step=917 node=N5327 type=observe q_pred_context=0.924366 sequence=1003.935051
[plan iscas99__b17] [plan] step=918 node=N25712 type=observe q_pred_context=0.942585 sequence=1004.877635
[plan iscas99__b17] [plan] step=919 node=N3447 type=observe q_pred_context=0.923659 sequence=1005.801294
[plan iscas99__b17] [plan] step=920 node=N5471 type=observe q_pred_context=0.877694 sequence=1006.678988
[plan iscas99__b17] [plan] step=921 node=N3325 type=observe q_pred_context=0.861835 sequence=1007.540822
[plan iscas99__b17] [plan] step=922 node=N3481 type=observe q_pred_context=0.862692 sequence=1008.403514
[plan iscas99__b17] [plan] step=923 node=N28045 type=observe q_pred_context=0.849437 sequence=1009.252951
[plan iscas99__b17] [plan] step=924 node=N28041 type=observe q_pred_context=0.889725 sequence=1010.142675
[plan iscas99__b17] [plan] step=925 node=N12667 type=observe q_pred_context=0.875920 sequence=1011.018595
[plan iscas99__b17] [plan] step=926 node=N3386 type=observe q_pred_context=0.870490 sequence=1011.889085
[plan iscas99__b17] [plan] step=927 node=N3334 type=observe q_pred_context=0.853556 sequence=1012.742640
[plan iscas99__b17] [plan] step=928 node=N3366 type=observe q_pred_context=0.819746 sequence=1013.562386
[plan iscas99__b17] [plan] step=929 node=N5975 type=observe q_pred_context=0.813784 sequence=1014.376171
[plan iscas99__b17] [plan] step=930 node=N3478 type=observe q_pred_context=0.973383 sequence=1015.349554
[plan iscas99__b17] [plan] step=931 node=N3408 type=observe q_pred_context=0.891875 sequence=1016.241429
[plan iscas99__b17] [plan] step=932 node=N5711 type=observe q_pred_context=0.854056 sequence=1017.095485
[plan iscas99__b17] [plan] step=933 node=N3394 type=observe q_pred_context=0.843136 sequence=1017.938621
[plan iscas99__b17] [plan] step=934 node=N3453 type=observe q_pred_context=0.819724 sequence=1018.758345
[plan iscas99__b17] [plan] step=935 node=N31219 type=control0 q_pred_context=0.871585 sequence=1019.629930
[plan iscas99__b17] [plan] step=936 node=N26643 type=control0 q_pred_context=1.195087 sequence=1020.825017
[plan iscas99__b17] [plan] step=937 node=N22049 type=observe q_pred_context=1.075845 sequence=1021.900862
[plan iscas99__b17] [plan] step=938 node=N7938 type=observe q_pred_context=0.904029 sequence=1022.804891
[plan iscas99__b17] [plan] step=939 node=N27495 type=control0 q_pred_context=0.860888 sequence=1023.665779
[plan iscas99__b17] [plan] step=940 node=N26641 type=control0 q_pred_context=1.414335 sequence=1025.080114
[plan iscas99__b17] [plan] step=941 node=N27498 type=control0 q_pred_context=1.187557 sequence=1026.267670
[plan iscas99__b17] [plan] step=942 node=N24576 type=observe q_pred_context=1.651131 sequence=1027.918801
[plan iscas99__b17] [plan] step=943 node=N31250 type=control0 q_pred_context=1.201386 sequence=1029.120187
[plan iscas99__b17] [plan] step=944 node=N3496 type=observe q_pred_context=1.431154 sequence=1030.551340
[plan iscas99__b17] [plan] step=945 node=N27593 type=control0 q_pred_context=0.728271 sequence=1031.279611
[plan iscas99__b17] [plan] step=946 node=N31221 type=control0 q_pred_context=1.198921 sequence=1032.478532
[plan iscas99__b17] [plan] step=947 node=N2249 type=observe q_pred_context=1.920885 sequence=1034.399417
[plan iscas99__b17] [plan] step=948 node=N31211 type=control0 q_pred_context=1.394944 sequence=1035.794360
[plan iscas99__b17] [plan] step=949 node=N19865 type=observe q_pred_context=1.067145 sequence=1036.861505
[plan iscas99__b17] [plan] step=950 node=N31238 type=control0 q_pred_context=1.321063 sequence=1038.182568
[plan iscas99__b17] [plan] step=951 node=N27792 type=control0 q_pred_context=1.741038 sequence=1039.923605
[plan iscas99__b17] [plan] step=952 node=N5591 type=observe q_pred_context=1.254749 sequence=1041.178355
[plan iscas99__b17] [plan] step=953 node=N29124 type=control0 q_pred_context=0.644035 sequence=1041.822390
[plan iscas99__b17] [plan] step=954 node=N29040 type=control0 q_pred_context=0.802277 sequence=1042.624667
[plan iscas99__b17] [plan] step=955 node=N28052 type=observe q_pred_context=0.696118 sequence=1043.320785
[plan iscas99__b17] [plan] step=956 node=N29408 type=control1 q_pred_context=0.683972 sequence=1044.004758
[plan iscas99__b17] [plan] step=957 node=N3403 type=observe q_pred_context=0.636332 sequence=1044.641090
[plan iscas99__b17] [plan] step=958 node=N3401 type=observe q_pred_context=0.945123 sequence=1045.586213
[plan iscas99__b17] [plan] step=959 node=N5495 type=observe q_pred_context=0.703175 sequence=1046.289388
[plan iscas99__b17] [plan] step=960 node=N2245 type=observe q_pred_context=0.642045 sequence=1046.931432
[plan iscas99__b17] [plan] step=961 node=N30920 type=control0 q_pred_context=0.506474 sequence=1047.437906
[plan iscas99__b17] [plan] step=962 node=N26800 type=control0 q_pred_context=0.910397 sequence=1048.348304
[plan iscas99__b17] [plan] step=963 node=N27595 type=control0 q_pred_context=1.172465 sequence=1049.520769
[plan iscas99__b17] [plan] step=964 node=N29409 type=control1 q_pred_context=0.727037 sequence=1050.247806
[plan iscas99__b17] [plan] step=965 node=N31053 type=control0 q_pred_context=0.492846 sequence=1050.740652
[plan iscas99__b17] [plan] step=966 node=N3470 type=observe q_pred_context=0.344053 sequence=1051.084705
[plan iscas99__b17] [plan] step=967 node=N6026 type=observe q_pred_context=0.637064 sequence=1051.721769
[plan iscas99__b17] [plan] step=968 node=N7721 type=control1 q_pred_context=0.501804 sequence=1052.223573
[plan iscas99__b17] [plan] step=969 node=N2025 type=control1 q_pred_context=0.909451 sequence=1053.133025
[plan iscas99__b17] [plan] step=970 node=N28915 type=control0 q_pred_context=0.975051 sequence=1054.108075
[plan iscas99__b17] [plan] step=971 node=N30668 type=control0 q_pred_context=0.937683 sequence=1055.045758
[plan iscas99__b17] [plan] step=972 node=N26684 type=control0 q_pred_context=1.116538 sequence=1056.162296
[plan iscas99__b17] [plan] step=973 node=N29527 type=control0 q_pred_context=1.319507 sequence=1057.481802
[plan iscas99__b17] [plan] step=974 node=N26639 type=control0 q_pred_context=1.355256 sequence=1058.837058
[plan iscas99__b17] [plan] step=975 node=N3558 type=observe q_pred_context=0.804383 sequence=1059.641441
[plan iscas99__b17] [plan] step=976 node=N3486 type=observe q_pred_context=0.850909 sequence=1060.492350
[plan iscas99__b17] [plan] step=977 node=N3500 type=observe q_pred_context=0.876323 sequence=1061.368673
[plan iscas99__b17] [plan] step=978 node=N5903 type=observe q_pred_context=1.008326 sequence=1062.376999
[plan iscas99__b17] [plan] step=979 node=N3445 type=observe q_pred_context=0.965778 sequence=1063.342777
[plan iscas99__b17] [plan] step=980 node=N3458 type=observe q_pred_context=0.907842 sequence=1064.250619
[plan iscas99__b17] [plan] step=981 node=N3490 type=observe q_pred_context=0.904044 sequence=1065.154663
[plan iscas99__b17] [plan] step=982 node=N5951 type=observe q_pred_context=0.873098 sequence=1066.027762
[plan iscas99__b17] [plan] step=983 node=N25232 type=observe q_pred_context=0.951289 sequence=1066.979051
[plan iscas99__b17] [plan] step=984 node=N3422 type=observe q_pred_context=0.936961 sequence=1067.916012
[plan iscas99__b17] [plan] step=985 node=N3540 type=observe q_pred_context=0.882550 sequence=1068.798561
[plan iscas99__b17] [plan] step=986 node=N31217 type=control0 q_pred_context=0.826954 sequence=1069.625516
[plan iscas99__b17] [plan] step=987 node=N3415 type=observe q_pred_context=0.987377 sequence=1070.612892
[plan iscas99__b17] [plan] step=988 node=N3410 type=observe q_pred_context=0.964698 sequence=1071.577590
[plan iscas99__b17] [plan] step=989 node=N29457 type=control0 q_pred_context=0.950547 sequence=1072.528137
[plan iscas99__b17] [plan] step=990 node=N7725 type=control1 q_pred_context=0.760513 sequence=1073.288650
[plan iscas99__b17] [plan] step=991 node=N7718 type=control1 q_pred_context=0.489861 sequence=1073.778511
[plan iscas99__b17] [plan] step=992 node=N31121 type=control0 q_pred_context=0.927686 sequence=1074.706197
[plan iscas99__b17] [plan] step=993 node=N29683 type=control0 q_pred_context=1.037642 sequence=1075.743839
[plan iscas99__b17] [plan] step=994 node=N27504 type=control0 q_pred_context=1.548520 sequence=1077.292359
[plan iscas99__b17] saved=autoresearch/improve-260716-1344/round14_b17/context_cluster_c48_seed1024_depth2/plans/iscas99__b17__greedy__cumulative__q_pred_context__bw1__d1__c48__g1p0__candhard_fault_cluster__div0p0__s0.csv
[gmean] 2026-07-17T05:39:03 [1/1] plan_done benchmark=iscas99__b17 plan_sec=2269.917 plan_csv=autoresearch/improve-260716-1344/round14_b17/context_cluster_c48_seed1024_depth2/plans/iscas99__b17__greedy__cumulative__q_pred_context__bw1__d1__c48__g1p0__candhard_fault_cluster__div0p0__s0.csv
[gmean] 2026-07-17T05:39:03 [1/1] eval_start benchmark=iscas99__b17 backend=atalanta-bist patterns=300000
[eval iscas99__b17] {
[eval iscas99__b17]   "records": 2,
[eval iscas99__b17]   "labels_csv": "autoresearch/improve-260716-1344/round14_b17/context_cluster_c48_seed1024_depth2/evals/iscas99__b17__greedy__cumulative__q_pred_context__bw1__d1__c48__g1p0__candhard_fault_cluster__div0p0__s0/labels.csv",
[eval iscas99__b17]   "summary_json": "autoresearch/improve-260716-1344/round14_b17/context_cluster_c48_seed1024_depth2/evals/iscas99__b17__greedy__cumulative__q_pred_context__bw1__d1__c48__g1p0__candhard_fault_cluster__div0p0__s0/summary.json"
[eval iscas99__b17] }
[gmean] 2026-07-17T05:40:20 [1/1] eval_done benchmark=iscas99__b17 delta_tc=0.041569999999999996 plan_sec=2269.917 eval_sec=76.056 total_sec=2346.016
[gmean] 2026-07-17T05:40:20 variant_done id=greedy__cumulative__q_pred_context__bw1__d1__c48__g1p0__candhard_fault_cluster__div0p0__s0 status=ok macro=0.041569999999999996 positives=1 negatives=0 elapsed=2346.017
