[typed-five-r3/b22_C] [gmean] 2026-07-21T15:00:52 out_dir=autoresearch/loop-260720-0945/typed_winner_round7_five/b22_C
[typed-five-r3/b22_C] [gmean] 2026-07-21T15:00:52 budgets=iscas99__b22:915
[typed-five-r3/b22_C] [gmean] 2026-07-21T15:00:52 variant_start id=greedy__cumulative__q_typed_reliable_context__bw1__d1__c64__g1p0__candhard_fault_cluster__div0p0__s0
[typed-five-r3/b22_C] [gmean] 2026-07-21T15:00:52 [1/1] plan_start benchmark=iscas99__b22 budget=915 planner=greedy score=q_typed_reliable_context
[typed-five-r3/b22_C] [plan iscas99__b22] [plan] torch_deterministic=true
[typed-five-r3/b22_C] [plan iscas99__b22] [plan] candidate_allowlist=autoresearch/original-netlist-recovery-260712/exact_itc99/b22_C/exact_candidate_nodes.txt nodes=28412
[typed-five-r3/b22_C] [plan iscas99__b22] [plan] latent_norm_clip_ratio=4 latent_norm_limit=30.953114
[typed-five-r3/b22_C] [plan iscas99__b22] [plan] step=1 node=N1180 type=control1 q_typed_reliable_context=2.740055 sequence=2.740055
[typed-five-r3/b22_C] [plan iscas99__b22] [plan] step=2 node=N2076 type=observe q_typed_reliable_context=2.018432 sequence=4.758487
[typed-five-r3/b22_C] [plan iscas99__b22] [plan] step=3 node=N2080 type=observe q_typed_reliable_context=2.392686 sequence=7.151173
[typed-five-r3/b22_C] [plan iscas99__b22] [plan] step=4 node=N2075 type=observe q_typed_reliable_context=1.969061 sequence=9.120234
[typed-five-r3/b22_C] [plan iscas99__b22] [plan] step=5 node=N2078 type=observe q_typed_reliable_context=1.645571 sequence=10.765805
[typed-five-r3/b22_C] [plan iscas99__b22] [plan] step=6 node=N2079 type=observe q_typed_reliable_context=1.472112 sequence=12.237917
[typed-five-r3/b22_C] [plan iscas99__b22] [plan] step=7 node=N2081 type=observe q_typed_reliable_context=1.562866 sequence=13.800783
[typed-five-r3/b22_C] [plan iscas99__b22] [plan] step=8 node=N2077 type=observe q_typed_reliable_context=1.228048 sequence=15.028831
[typed-five-r3/b22_C] [plan iscas99__b22] [plan] step=9 node=N3861 type=control0 q_typed_reliable_context=0.772744 sequence=15.801574
[typed-five-r3/b22_C] [plan iscas99__b22] [plan] step=10 node=N5343 type=control0 q_typed_reliable_context=0.966382 sequence=16.767956
[typed-five-r3/b22_C] [plan iscas99__b22] [plan] step=11 node=N6272 type=control0 q_typed_reliable_context=1.251042 sequence=18.018998
[typed-five-r3/b22_C] [plan iscas99__b22] [plan] step=12 node=N4430 type=control0 q_typed_reliable_context=1.368254 sequence=19.387252
[typed-five-r3/b22_C] [plan iscas99__b22] [plan] step=13 node=N3865 type=control0 q_typed_reliable_context=1.112093 sequence=20.499344
[typed-five-r3/b22_C] [plan iscas99__b22] [plan] step=14 node=N3076 type=control0 q_typed_reliable_context=1.242885 sequence=21.742230
[typed-five-r3/b22_C] [plan iscas99__b22] [plan] step=15 node=N6279 type=control0 q_typed_reliable_context=1.135406 sequence=22.877636
[typed-five-r3/b22_C] [plan iscas99__b22] [plan] step=16 node=N5215 type=control1 q_typed_reliable_context=1.010549 sequence=23.888185
[typed-five-r3/b22_C] [plan iscas99__b22] [plan] step=17 node=N3819 type=control0 q_typed_reliable_context=1.565999 sequence=25.454183
[typed-five-r3/b22_C] [plan iscas99__b22] [plan] step=18 node=N1253 type=observe q_typed_reliable_context=1.788553 sequence=27.242736
[typed-five-r3/b22_C] [plan iscas99__b22] [plan] step=19 node=N3715 type=control0 q_typed_reliable_context=1.323270 sequence=28.566007
[typed-five-r3/b22_C] [plan iscas99__b22] [plan] step=20 node=N1169 type=observe q_typed_reliable_context=1.291092 sequence=29.857099
[typed-five-r3/b22_C] [plan iscas99__b22] [plan] step=21 node=N1252 type=observe q_typed_reliable_context=2.260167 sequence=32.117265
[typed-five-r3/b22_C] [plan iscas99__b22] [plan] step=22 node=N2092 type=observe q_typed_reliable_context=1.642672 sequence=33.759937
[typed-five-r3/b22_C] [plan iscas99__b22] [plan] step=23 node=N2099 type=observe q_typed_reliable_context=2.252791 sequence=36.012728
[typed-five-r3/b22_C] [plan iscas99__b22] [plan] step=24 node=N3736 type=control0 q_typed_reliable_context=1.166691 sequence=37.179419
[typed-five-r3/b22_C] [plan iscas99__b22] [plan] step=25 node=N3739 type=control0 q_typed_reliable_context=0.970250 sequence=38.149669
[typed-five-r3/b22_C] [plan iscas99__b22] [plan] step=26 node=N1257 type=observe q_typed_reliable_context=0.902383 sequence=39.052052
[typed-five-r3/b22_C] [plan iscas99__b22] [plan] step=27 node=N7064 type=control0 q_typed_reliable_context=1.154196 sequence=40.206248
[typed-five-r3/b22_C] [plan iscas99__b22] [plan] step=28 node=N1256 type=observe q_typed_reliable_context=0.829881 sequence=41.036130
[typed-five-r3/b22_C] [plan iscas99__b22] [plan] step=29 node=N2102 type=observe q_typed_reliable_context=1.146940 sequence=42.183070
[typed-five-r3/b22_C] [plan iscas99__b22] [plan] step=30 node=N6887 type=control0 q_typed_reliable_context=1.055278 sequence=43.238348
[typed-five-r3/b22_C] [plan iscas99__b22] [plan] step=31 node=N1254 type=observe q_typed_reliable_context=0.957316 sequence=44.195664
[typed-five-r3/b22_C] [plan iscas99__b22] [plan] step=32 node=N2100 type=observe q_typed_reliable_context=1.021855 sequence=45.217519
[typed-five-r3/b22_C] [plan iscas99__b22] [plan] step=33 node=N2101 type=observe q_typed_reliable_context=1.108585 sequence=46.326104
[typed-five-r3/b22_C] [plan iscas99__b22] [plan] step=34 node=N1255 type=observe q_typed_reliable_context=0.932178 sequence=47.258281
[typed-five-r3/b22_C] [plan iscas99__b22] [plan] step=35 node=N2104 type=observe q_typed_reliable_context=1.078009 sequence=48.336291
[typed-five-r3/b22_C] [plan iscas99__b22] [plan] step=36 node=N3289 type=control0 q_typed_reliable_context=0.925265 sequence=49.261555
[typed-five-r3/b22_C] [plan iscas99__b22] [plan] step=37 node=N7010 type=control0 q_typed_reliable_context=1.358462 sequence=50.620017
[typed-five-r3/b22_C] [plan iscas99__b22] [plan] step=38 node=N3068 type=control0 q_typed_reliable_context=1.863403 sequence=52.483420
[typed-five-r3/b22_C] [plan iscas99__b22] [plan] step=39 node=N7028 type=control0 q_typed_reliable_context=4.075347 sequence=56.558767
[typed-five-r3/b22_C] [plan iscas99__b22] [plan] step=40 node=N7025 type=control0 q_typed_reliable_context=1.414723 sequence=57.973490
[typed-five-r3/b22_C] [plan iscas99__b22] [plan] step=41 node=N7031 type=control0 q_typed_reliable_context=1.629778 sequence=59.603268
[typed-five-r3/b22_C] [plan iscas99__b22] [plan] step=42 node=N7034 type=control0 q_typed_reliable_context=1.733145 sequence=61.336413
[typed-five-r3/b22_C] [plan iscas99__b22] [plan] step=43 node=N7043 type=control0 q_typed_reliable_context=1.820148 sequence=63.156561
[typed-five-r3/b22_C] [plan iscas99__b22] [plan] step=44 node=N7046 type=control0 q_typed_reliable_context=1.961341 sequence=65.117902
[typed-five-r3/b22_C] [plan iscas99__b22] [plan] step=45 node=N6907 type=control0 q_typed_reliable_context=1.912121 sequence=67.030023
[typed-five-r3/b22_C] [plan iscas99__b22] [plan] step=46 node=N7022 type=control0 q_typed_reliable_context=2.100599 sequence=69.130622
[typed-five-r3/b22_C] [plan iscas99__b22] [plan] step=47 node=N7055 type=control0 q_typed_reliable_context=2.080208 sequence=71.210830
[typed-five-r3/b22_C] [plan iscas99__b22] [plan] step=48 node=N7037 type=control0 q_typed_reliable_context=1.865270 sequence=73.076100
[typed-five-r3/b22_C] [plan iscas99__b22] [plan] step=49 node=N4392 type=control1 q_typed_reliable_context=0.942282 sequence=74.018382
[typed-five-r3/b22_C] [plan iscas99__b22] [plan] step=50 node=N7040 type=control0 q_typed_reliable_context=0.951387 sequence=74.969769
[typed-five-r3/b22_C] [plan iscas99__b22] [plan] step=51 node=N19316 type=control1 q_typed_reliable_context=1.198022 sequence=76.167791
[typed-five-r3/b22_C] [plan iscas99__b22] [plan] step=52 node=N6964 type=control0 q_typed_reliable_context=0.928844 sequence=77.096635
[typed-five-r3/b22_C] [plan iscas99__b22] [plan] step=53 node=N6967 type=control0 q_typed_reliable_context=0.983843 sequence=78.080478
[typed-five-r3/b22_C] [plan iscas99__b22] [plan] step=54 node=N4542 type=control0 q_typed_reliable_context=1.026243 sequence=79.106721
[typed-five-r3/b22_C] [plan iscas99__b22] [plan] step=55 node=N7049 type=control0 q_typed_reliable_context=0.975437 sequence=80.082159
[typed-five-r3/b22_C] [plan iscas99__b22] [plan] step=56 node=N4544 type=control0 q_typed_reliable_context=1.190005 sequence=81.272163
[typed-five-r3/b22_C] [plan iscas99__b22] [plan] step=57 node=N4543 type=control0 q_typed_reliable_context=1.126951 sequence=82.399114
[typed-five-r3/b22_C] [plan iscas99__b22] [plan] step=58 node=N6970 type=control0 q_typed_reliable_context=1.928356 sequence=84.327470
[typed-five-r3/b22_C] [plan iscas99__b22] [plan] step=59 node=N4541 type=control0 q_typed_reliable_context=1.010795 sequence=85.338265
[typed-five-r3/b22_C] [plan iscas99__b22] [plan] step=60 node=N4539 type=control0 q_typed_reliable_context=1.397948 sequence=86.736213
[typed-five-r3/b22_C] [plan iscas99__b22] [plan] step=61 node=N4540 type=control0 q_typed_reliable_context=1.249618 sequence=87.985830
[typed-five-r3/b22_C] [plan iscas99__b22] [plan] step=62 node=N4525 type=control0 q_typed_reliable_context=1.175752 sequence=89.161582
[typed-five-r3/b22_C] [plan iscas99__b22] [plan] step=63 node=N2295 type=control0 q_typed_reliable_context=1.074487 sequence=90.236069
[typed-five-r3/b22_C] [plan iscas99__b22] [plan] step=64 node=N3857 type=control0 q_typed_reliable_context=1.017284 sequence=91.253354
[typed-five-r3/b22_C] [plan iscas99__b22] [plan] step=65 node=N3853 type=control0 q_typed_reliable_context=1.018638 sequence=92.271991
[typed-five-r3/b22_C] [plan iscas99__b22] [plan] step=66 node=N3849 type=control0 q_typed_reliable_context=0.956860 sequence=93.228852
[typed-five-r3/b22_C] [plan iscas99__b22] [plan] step=67 node=N3718 type=control0 q_typed_reliable_context=0.855023 sequence=94.083874
[typed-five-r3/b22_C] [plan iscas99__b22] [plan] step=68 node=N5250 type=observe q_typed_reliable_context=0.872632 sequence=94.956506
[typed-five-r3/b22_C] [plan iscas99__b22] [plan] step=69 node=N3844 type=observe q_typed_reliable_context=1.219408 sequence=96.175914
[typed-five-r3/b22_C] [plan iscas99__b22] [plan] step=70 node=N3822 type=control0 q_typed_reliable_context=1.117824 sequence=97.293739
[typed-five-r3/b22_C] [plan iscas99__b22] [plan] step=71 node=N7119 type=control0 q_typed_reliable_context=1.123284 sequence=98.417022
[typed-five-r3/b22_C] [plan iscas99__b22] [plan] step=72 node=N7008 type=observe q_typed_reliable_context=1.211755 sequence=99.628778
[typed-five-r3/b22_C] [plan iscas99__b22] [plan] step=73 node=N3848 type=observe q_typed_reliable_context=1.154336 sequence=100.783114
[typed-five-r3/b22_C] [plan iscas99__b22] [plan] step=74 node=N5523 type=control0 q_typed_reliable_context=1.055340 sequence=101.838454
[typed-five-r3/b22_C] [plan iscas99__b22] [plan] step=75 node=N6999 type=observe q_typed_reliable_context=1.306848 sequence=103.145302
[typed-five-r3/b22_C] [plan iscas99__b22] [plan] step=76 node=N3976 type=control0 q_typed_reliable_context=1.762733 sequence=104.908035
[typed-five-r3/b22_C] [plan iscas99__b22] [plan] step=77 node=N7123 type=control0 q_typed_reliable_context=1.741943 sequence=106.649977
[typed-five-r3/b22_C] [plan iscas99__b22] [plan] step=78 node=N3980 type=control0 q_typed_reliable_context=1.206475 sequence=107.856453
[typed-five-r3/b22_C] [plan iscas99__b22] [plan] step=79 node=N1181 type=control1 q_typed_reliable_context=1.516916 sequence=109.373369
[typed-five-r3/b22_C] [plan iscas99__b22] [plan] step=80 node=N1520 type=control0 q_typed_reliable_context=1.019028 sequence=110.392397
[typed-five-r3/b22_C] [plan iscas99__b22] [plan] step=81 node=N1270 type=control1 q_typed_reliable_context=1.026774 sequence=111.419172
[typed-five-r3/b22_C] [plan iscas99__b22] [plan] step=82 node=N3938 type=control0 q_typed_reliable_context=1.255567 sequence=112.674739
[typed-five-r3/b22_C] [plan iscas99__b22] [plan] step=83 node=N12943 type=control0 q_typed_reliable_context=1.636126 sequence=114.310865
[typed-five-r3/b22_C] [plan iscas99__b22] [plan] step=84 node=N12944 type=control0 q_typed_reliable_context=1.364370 sequence=115.675235
[typed-five-r3/b22_C] [plan iscas99__b22] [plan] step=85 node=N12848 type=control0 q_typed_reliable_context=1.165955 sequence=116.841190
[typed-five-r3/b22_C] [plan iscas99__b22] [plan] step=86 node=N12847 type=control0 q_typed_reliable_context=1.082385 sequence=117.923575
[typed-five-r3/b22_C] [plan iscas99__b22] [plan] step=87 node=N19254 type=control0 q_typed_reliable_context=1.410446 sequence=119.334020
[typed-five-r3/b22_C] [plan iscas99__b22] [plan] step=88 node=N19255 type=control0 q_typed_reliable_context=1.439409 sequence=120.773430
[typed-five-r3/b22_C] [plan iscas99__b22] [plan] step=89 node=N12965 type=control0 q_typed_reliable_context=1.816923 sequence=122.590353
[typed-five-r3/b22_C] [plan iscas99__b22] [plan] step=90 node=N19276 type=control0 q_typed_reliable_context=2.167812 sequence=124.758165
[typed-five-r3/b22_C] [plan iscas99__b22] [plan] step=91 node=N12942 type=control0 q_typed_reliable_context=2.632687 sequence=127.390852
[typed-five-r3/b22_C] [plan iscas99__b22] [plan] step=92 node=N8431 type=control0 q_typed_reliable_context=2.220043 sequence=129.610894
[typed-five-r3/b22_C] [plan iscas99__b22] [plan] step=93 node=N19251 type=control0 q_typed_reliable_context=1.344105 sequence=130.954999
[typed-five-r3/b22_C] [plan iscas99__b22] [plan] step=94 node=N5000 type=control1 q_typed_reliable_context=1.857557 sequence=132.812556
[typed-five-r3/b22_C] [plan iscas99__b22] [plan] step=95 node=N1592 type=control0 q_typed_reliable_context=1.521481 sequence=134.334037
[typed-five-r3/b22_C] [plan iscas99__b22] [plan] step=96 node=N18387 type=control1 q_typed_reliable_context=1.288071 sequence=135.622108
[typed-five-r3/b22_C] [plan iscas99__b22] [plan] step=97 node=N19253 type=control0 q_typed_reliable_context=1.585922 sequence=137.208030
[typed-five-r3/b22_C] [plan iscas99__b22] [plan] step=98 node=N19314 type=control1 q_typed_reliable_context=1.183344 sequence=138.391374
[typed-five-r3/b22_C] [plan iscas99__b22] [plan] step=99 node=N19310 type=control1 q_typed_reliable_context=1.141730 sequence=139.533103
[typed-five-r3/b22_C] [plan iscas99__b22] [plan] step=100 node=N19301 type=control1 q_typed_reliable_context=0.999927 sequence=140.533030
[typed-five-r3/b22_C] [plan iscas99__b22] [plan] step=101 node=N6885 type=observe q_typed_reliable_context=2.063859 sequence=142.596889
[typed-five-r3/b22_C] [plan iscas99__b22] [plan] step=102 node=N2297 type=control1 q_typed_reliable_context=2.767240 sequence=145.364129
[typed-five-r3/b22_C] [plan iscas99__b22] [plan] step=103 node=N3893 type=control0 q_typed_reliable_context=1.159141 sequence=146.523270
[typed-five-r3/b22_C] [plan iscas99__b22] [plan] step=104 node=N3889 type=control0 q_typed_reliable_context=1.096303 sequence=147.619573
[typed-five-r3/b22_C] [plan iscas99__b22] [plan] step=105 node=N8331 type=control1 q_typed_reliable_context=0.933143 sequence=148.552716
[typed-five-r3/b22_C] [plan iscas99__b22] [plan] step=106 node=N13004 type=control1 q_typed_reliable_context=1.676427 sequence=150.229144
[typed-five-r3/b22_C] [plan iscas99__b22] [plan] step=107 node=N8328 type=control1 q_typed_reliable_context=1.972440 sequence=152.201583
[typed-five-r3/b22_C] [plan iscas99__b22] [plan] step=108 node=N13003 type=control1 q_typed_reliable_context=2.432465 sequence=154.634048
[typed-five-r3/b22_C] [plan iscas99__b22] [plan] step=109 node=N26410 type=control1 q_typed_reliable_context=2.097632 sequence=156.731680
[typed-five-r3/b22_C] [plan iscas99__b22] [plan] step=110 node=N5868 type=observe q_typed_reliable_context=2.770701 sequence=159.502381
[typed-five-r3/b22_C] [plan iscas99__b22] [plan] step=111 node=N5887 type=observe q_typed_reliable_context=3.574787 sequence=163.077168
[typed-five-r3/b22_C] [plan iscas99__b22] [plan] step=112 node=N3885 type=control0 q_typed_reliable_context=2.388442 sequence=165.465610
[typed-five-r3/b22_C] [plan iscas99__b22] [plan] step=113 node=N1173 type=control1 q_typed_reliable_context=2.236767 sequence=167.702377
[typed-five-r3/b22_C] [plan iscas99__b22] [plan] step=114 node=N1172 type=control1 q_typed_reliable_context=2.335621 sequence=170.037998
[typed-five-r3/b22_C] [plan iscas99__b22] [plan] step=115 node=N18514 type=control0 q_typed_reliable_context=3.046207 sequence=173.084205
[typed-five-r3/b22_C] [plan iscas99__b22] [plan] step=116 node=N1171 type=control1 q_typed_reliable_context=4.854168 sequence=177.938373
[typed-five-r3/b22_C] [plan iscas99__b22] [plan] step=117 node=N26401 type=control1 q_typed_reliable_context=3.005211 sequence=180.943585
[typed-five-r3/b22_C] [plan iscas99__b22] [plan] step=118 node=N3881 type=control0 q_typed_reliable_context=8.220576 sequence=189.164160
[typed-five-r3/b22_C] [plan iscas99__b22] [plan] step=119 node=N3877 type=control0 q_typed_reliable_context=5.324113 sequence=194.488273
[typed-five-r3/b22_C] [plan iscas99__b22] [plan] step=120 node=N13002 type=control1 q_typed_reliable_context=4.437787 sequence=198.926061
[typed-five-r3/b22_C] [plan iscas99__b22] [plan] step=121 node=N8333 type=control1 q_typed_reliable_context=5.048432 sequence=203.974493
[typed-five-r3/b22_C] [plan iscas99__b22] [plan] step=122 node=N12999 type=control1 q_typed_reliable_context=8.032077 sequence=212.006570
[typed-five-r3/b22_C] [plan iscas99__b22] [plan] step=123 node=N8325 type=control1 q_typed_reliable_context=4.741425 sequence=216.747994
[typed-five-r3/b22_C] [plan iscas99__b22] [plan] step=124 node=N7598 type=control1 q_typed_reliable_context=7.272157 sequence=224.020151
[typed-five-r3/b22_C] [plan iscas99__b22] [plan] step=125 node=N12990 type=control1 q_typed_reliable_context=5.489419 sequence=229.509570
[typed-five-r3/b22_C] [plan iscas99__b22] [plan] step=126 node=N4453 type=control1 q_typed_reliable_context=4.551562 sequence=234.061132
[typed-five-r3/b22_C] [plan iscas99__b22] [plan] step=127 node=N5220 type=control1 q_typed_reliable_context=2.967577 sequence=237.028709
[typed-five-r3/b22_C] [plan iscas99__b22] [plan] step=128 node=N5213 type=control1 q_typed_reliable_context=2.850964 sequence=239.879673
[typed-five-r3/b22_C] [plan iscas99__b22] [plan] step=129 node=N21464 type=control1 q_typed_reliable_context=1.941511 sequence=241.821184
[typed-five-r3/b22_C] [plan iscas99__b22] [plan] step=130 node=N5716 type=observe q_typed_reliable_context=0.727507 sequence=242.548692
[typed-five-r3/b22_C] [plan iscas99__b22] [plan] step=131 node=N18522 type=control1 q_typed_reliable_context=1.680920 sequence=244.229611
[typed-five-r3/b22_C] [plan iscas99__b22] [plan] step=132 node=N7014 type=observe q_typed_reliable_context=0.689918 sequence=244.919529
[typed-five-r3/b22_C] [plan iscas99__b22] [plan] step=133 node=N7005 type=observe q_typed_reliable_context=0.539343 sequence=245.458872
[typed-five-r3/b22_C] [plan iscas99__b22] [plan] step=134 node=N1572 type=control0 q_typed_reliable_context=1.584801 sequence=247.043673
[typed-five-r3/b22_C] [plan iscas99__b22] [plan] step=135 node=N5499 type=control0 q_typed_reliable_context=0.856640 sequence=247.900313
[typed-five-r3/b22_C] [plan iscas99__b22] [plan] step=136 node=N6115 type=observe q_typed_reliable_context=0.642535 sequence=248.542848
[typed-five-r3/b22_C] [plan iscas99__b22] [plan] step=137 node=N7116 type=observe q_typed_reliable_context=3.155874 sequence=251.698723
[typed-five-r3/b22_C] [plan iscas99__b22] [plan] step=138 node=N7138 type=observe q_typed_reliable_context=2.820448 sequence=254.519170
[typed-five-r3/b22_C] [plan iscas99__b22] [plan] step=139 node=N7131 type=observe q_typed_reliable_context=1.905001 sequence=256.424171
[typed-five-r3/b22_C] [plan iscas99__b22] [plan] step=140 node=N7159 type=observe q_typed_reliable_context=1.844637 sequence=258.268808
[typed-five-r3/b22_C] [plan iscas99__b22] [plan] step=141 node=N7152 type=observe q_typed_reliable_context=1.751136 sequence=260.019944
[typed-five-r3/b22_C] [plan iscas99__b22] [plan] step=142 node=N7145 type=observe q_typed_reliable_context=1.537317 sequence=261.557260
[typed-five-r3/b22_C] [plan iscas99__b22] [plan] step=143 node=N7002 type=observe q_typed_reliable_context=1.637662 sequence=263.194922
[typed-five-r3/b22_C] [plan iscas99__b22] [plan] step=144 node=N7201 type=observe q_typed_reliable_context=0.758219 sequence=263.953141
[typed-five-r3/b22_C] [plan iscas99__b22] [plan] step=145 node=N7229 type=observe q_typed_reliable_context=1.387305 sequence=265.340446
[typed-five-r3/b22_C] [plan iscas99__b22] [plan] step=146 node=N7208 type=observe q_typed_reliable_context=0.917663 sequence=266.258109
[typed-five-r3/b22_C] [plan iscas99__b22] [plan] step=147 node=N4527 type=control1 q_typed_reliable_context=0.773227 sequence=267.031336
[typed-five-r3/b22_C] [plan iscas99__b22] [plan] step=148 node=N19313 type=control1 q_typed_reliable_context=1.211834 sequence=268.243171
[typed-five-r3/b22_C] [plan iscas99__b22] [plan] step=149 node=N7166 type=observe q_typed_reliable_context=1.426521 sequence=269.669692
[typed-five-r3/b22_C] [plan iscas99__b22] [plan] step=150 node=N7173 type=observe q_typed_reliable_context=0.860259 sequence=270.529951
[typed-five-r3/b22_C] [plan iscas99__b22] [plan] step=151 node=N7180 type=observe q_typed_reliable_context=0.766386 sequence=271.296336
[typed-five-r3/b22_C] [plan iscas99__b22] [plan] step=152 node=N2032 type=control1 q_typed_reliable_context=0.625506 sequence=271.921842
[typed-five-r3/b22_C] [plan iscas99__b22] [plan] step=153 node=N7187 type=observe q_typed_reliable_context=3.224798 sequence=275.146640
[typed-five-r3/b22_C] [plan iscas99__b22] [plan] step=154 node=N5245 type=observe q_typed_reliable_context=1.138612 sequence=276.285252
[typed-five-r3/b22_C] [plan iscas99__b22] [plan] step=155 node=N14498 type=observe q_typed_reliable_context=1.769962 sequence=278.055214
[typed-five-r3/b22_C] [plan iscas99__b22] [plan] step=156 node=N6996 type=observe q_typed_reliable_context=1.328977 sequence=279.384191
[typed-five-r3/b22_C] [plan iscas99__b22] [plan] step=157 node=N3832 type=observe q_typed_reliable_context=0.839225 sequence=280.223416
[typed-five-r3/b22_C] [plan iscas99__b22] [plan] step=158 node=N13005 type=control1 q_typed_reliable_context=0.725019 sequence=280.948435
[typed-five-r3/b22_C] [plan iscas99__b22] [plan] step=159 node=N4526 type=control1 q_typed_reliable_context=0.566460 sequence=281.514895
[typed-five-r3/b22_C] [plan iscas99__b22] [plan] step=160 node=N4530 type=control1 q_typed_reliable_context=0.272537 sequence=281.787432
[typed-five-r3/b22_C] [plan iscas99__b22] [plan] step=161 node=N5963 type=observe q_typed_reliable_context=0.474058 sequence=282.261490
[typed-five-r3/b22_C] [plan iscas99__b22] [plan] step=162 node=N2144 type=observe q_typed_reliable_context=0.442920 sequence=282.704410
[typed-five-r3/b22_C] [plan iscas99__b22] [plan] step=163 node=N6993 type=observe q_typed_reliable_context=0.811816 sequence=283.516226
[typed-five-r3/b22_C] [plan iscas99__b22] [plan] step=164 node=N6095 type=observe q_typed_reliable_context=0.838012 sequence=284.354238
[typed-five-r3/b22_C] [plan iscas99__b22] [plan] step=165 node=N5944 type=observe q_typed_reliable_context=0.952397 sequence=285.306636
[typed-five-r3/b22_C] [plan iscas99__b22] [plan] step=166 node=N6058 type=observe q_typed_reliable_context=1.324418 sequence=286.631053
[typed-five-r3/b22_C] [plan iscas99__b22] [plan] step=167 node=N6039 type=observe q_typed_reliable_context=1.728891 sequence=288.359945
[typed-five-r3/b22_C] [plan iscas99__b22] [plan] step=168 node=N5925 type=observe q_typed_reliable_context=1.521568 sequence=289.881513
[typed-five-r3/b22_C] [plan iscas99__b22] [plan] step=169 node=N3840 type=observe q_typed_reliable_context=1.658689 sequence=291.540202
[typed-five-r3/b22_C] [plan iscas99__b22] [plan] step=170 node=N3836 type=observe q_typed_reliable_context=1.820903 sequence=293.361105
[typed-five-r3/b22_C] [plan iscas99__b22] [plan] step=171 node=N6990 type=observe q_typed_reliable_context=1.983376 sequence=295.344481
[typed-five-r3/b22_C] [plan iscas99__b22] [plan] step=172 node=N4534 type=control1 q_typed_reliable_context=0.733728 sequence=296.078209
[typed-five-r3/b22_C] [plan iscas99__b22] [plan] step=173 node=N5247 type=observe q_typed_reliable_context=0.711311 sequence=296.789521
[typed-five-r3/b22_C] [plan iscas99__b22] [plan] step=174 node=N6973 type=observe q_typed_reliable_context=0.696984 sequence=297.486505
[typed-five-r3/b22_C] [plan iscas99__b22] [plan] step=175 node=N2035 type=observe q_typed_reliable_context=1.294026 sequence=298.780531
[typed-five-r3/b22_C] [plan iscas99__b22] [plan] step=176 node=N14429 type=observe q_typed_reliable_context=0.762790 sequence=299.543322
[typed-five-r3/b22_C] [plan iscas99__b22] [plan] step=177 node=N15002 type=control1 q_typed_reliable_context=1.287475 sequence=300.830797
[typed-five-r3/b22_C] [plan iscas99__b22] [plan] step=178 node=N15003 type=control1 q_typed_reliable_context=1.563566 sequence=302.394363
[typed-five-r3/b22_C] [plan iscas99__b22] [plan] step=179 node=N15007 type=control1 q_typed_reliable_context=1.719932 sequence=304.114295
[typed-five-r3/b22_C] [plan iscas99__b22] [plan] step=180 node=N6976 type=observe q_typed_reliable_context=1.261398 sequence=305.375692
[typed-five-r3/b22_C] [plan iscas99__b22] [plan] step=181 node=N7595 type=control1 q_typed_reliable_context=1.434417 sequence=306.810109
[typed-five-r3/b22_C] [plan iscas99__b22] [plan] step=182 node=N7599 type=control1 q_typed_reliable_context=1.392150 sequence=308.202259
[typed-five-r3/b22_C] [plan iscas99__b22] [plan] step=183 node=N7051 type=observe q_typed_reliable_context=0.809573 sequence=309.011832
[typed-five-r3/b22_C] [plan iscas99__b22] [plan] step=184 node=N15004 type=control1 q_typed_reliable_context=1.320092 sequence=310.331924
[typed-five-r3/b22_C] [plan iscas99__b22] [plan] step=185 node=N15006 type=control1 q_typed_reliable_context=1.408765 sequence=311.740689
[typed-five-r3/b22_C] [plan iscas99__b22] [plan] step=186 node=N8334 type=control1 q_typed_reliable_context=1.581911 sequence=313.322600
[typed-five-r3/b22_C] [plan iscas99__b22] [plan] step=187 node=N7017 type=observe q_typed_reliable_context=1.133685 sequence=314.456285
[typed-five-r3/b22_C] [plan iscas99__b22] [plan] step=188 node=N15005 type=control1 q_typed_reliable_context=1.527687 sequence=315.983972
[typed-five-r3/b22_C] [plan iscas99__b22] [plan] step=189 node=N6979 type=observe q_typed_reliable_context=1.027119 sequence=317.011091
[typed-five-r3/b22_C] [plan iscas99__b22] [plan] step=190 node=N21458 type=control1 q_typed_reliable_context=1.409134 sequence=318.420224
[typed-five-r3/b22_C] [plan iscas99__b22] [plan] step=191 node=N3860 type=observe q_typed_reliable_context=1.018822 sequence=319.439046
[typed-five-r3/b22_C] [plan iscas99__b22] [plan] step=192 node=N3856 type=observe q_typed_reliable_context=0.731645 sequence=320.170691
[typed-five-r3/b22_C] [plan iscas99__b22] [plan] step=193 node=N6985 type=observe q_typed_reliable_context=0.708043 sequence=320.878734
[typed-five-r3/b22_C] [plan iscas99__b22] [plan] step=194 node=N7019 type=observe q_typed_reliable_context=0.634572 sequence=321.513307
[typed-five-r3/b22_C] [plan iscas99__b22] [plan] step=195 node=N6971 type=observe q_typed_reliable_context=0.704783 sequence=322.218090
[typed-five-r3/b22_C] [plan iscas99__b22] [plan] step=196 node=N3868 type=observe q_typed_reliable_context=0.686095 sequence=322.904184
[typed-five-r3/b22_C] [plan iscas99__b22] [plan] step=197 node=N7048 type=observe q_typed_reliable_context=0.704640 sequence=323.608825
[typed-five-r3/b22_C] [plan iscas99__b22] [plan] step=198 node=N3916 type=observe q_typed_reliable_context=1.282706 sequence=324.891531
[typed-five-r3/b22_C] [plan iscas99__b22] [plan] step=199 node=N14449 type=observe q_typed_reliable_context=0.566468 sequence=325.457999
[typed-five-r3/b22_C] [plan iscas99__b22] [plan] step=200 node=N14443 type=observe q_typed_reliable_context=0.619043 sequence=326.077042
[typed-five-r3/b22_C] [plan iscas99__b22] [plan] step=201 node=N14436 type=observe q_typed_reliable_context=0.679780 sequence=326.756822
[typed-five-r3/b22_C] [plan iscas99__b22] [plan] step=202 node=N1364 type=observe q_typed_reliable_context=0.789116 sequence=327.545939
[typed-five-r3/b22_C] [plan iscas99__b22] [plan] step=203 node=N14365 type=observe q_typed_reliable_context=0.925233 sequence=328.471172
[typed-five-r3/b22_C] [plan iscas99__b22] [plan] step=204 node=N14352 type=observe q_typed_reliable_context=0.921575 sequence=329.392747
[typed-five-r3/b22_C] [plan iscas99__b22] [plan] step=205 node=N4461 type=control1 q_typed_reliable_context=1.417146 sequence=330.809893
[typed-five-r3/b22_C] [plan iscas99__b22] [plan] step=206 node=N7042 type=observe q_typed_reliable_context=0.922913 sequence=331.732806
[typed-five-r3/b22_C] [plan iscas99__b22] [plan] step=207 node=N14348 type=observe q_typed_reliable_context=0.652654 sequence=332.385460
[typed-five-r3/b22_C] [plan iscas99__b22] [plan] step=208 node=N7039 type=observe q_typed_reliable_context=0.439269 sequence=332.824729
[typed-five-r3/b22_C] [plan iscas99__b22] [plan] step=209 node=N14357 type=observe q_typed_reliable_context=0.799697 sequence=333.624426
[typed-five-r3/b22_C] [plan iscas99__b22] [plan] step=210 node=N7030 type=observe q_typed_reliable_context=0.432802 sequence=334.057228
[typed-five-r3/b22_C] [plan iscas99__b22] [plan] step=211 node=N14356 type=observe q_typed_reliable_context=0.672661 sequence=334.729889
[typed-five-r3/b22_C] [plan iscas99__b22] [plan] step=212 node=N7036 type=observe q_typed_reliable_context=0.491507 sequence=335.221395
[typed-five-r3/b22_C] [plan iscas99__b22] [plan] step=213 node=N14492 type=observe q_typed_reliable_context=0.993086 sequence=336.214481
[typed-five-r3/b22_C] [plan iscas99__b22] [plan] step=214 node=N2033 type=observe q_typed_reliable_context=1.231728 sequence=337.446209
[typed-five-r3/b22_C] [plan iscas99__b22] [plan] step=215 node=N14333 type=control1 q_typed_reliable_context=1.679967 sequence=339.126176
[typed-five-r3/b22_C] [plan iscas99__b22] [plan] step=216 node=N4463 type=control1 q_typed_reliable_context=2.773575 sequence=341.899751
[typed-five-r3/b22_C] [plan iscas99__b22] [plan] step=217 node=N26415 type=control1 q_typed_reliable_context=2.745679 sequence=344.645430
[typed-five-r3/b22_C] [plan iscas99__b22] [plan] step=218 node=N6966 type=observe q_typed_reliable_context=2.660041 sequence=347.305471
[typed-five-r3/b22_C] [plan iscas99__b22] [plan] step=219 node=N3852 type=observe q_typed_reliable_context=1.188197 sequence=348.493668
[typed-five-r3/b22_C] [plan iscas99__b22] [plan] step=220 node=N7027 type=observe q_typed_reliable_context=1.453552 sequence=349.947220
[typed-five-r3/b22_C] [plan iscas99__b22] [plan] step=221 node=N6963 type=observe q_typed_reliable_context=1.332752 sequence=351.279972
[typed-five-r3/b22_C] [plan iscas99__b22] [plan] step=222 node=N5249 type=observe q_typed_reliable_context=1.329205 sequence=352.609178
[typed-five-r3/b22_C] [plan iscas99__b22] [plan] step=223 node=N5365 type=observe q_typed_reliable_context=1.760503 sequence=354.369681
[typed-five-r3/b22_C] [plan iscas99__b22] [plan] step=224 node=N1985 type=observe q_typed_reliable_context=1.813503 sequence=356.183184
[typed-five-r3/b22_C] [plan iscas99__b22] [plan] step=225 node=N2920 type=observe q_typed_reliable_context=2.086739 sequence=358.269923
[typed-five-r3/b22_C] [plan iscas99__b22] [plan] step=226 node=N5849 type=observe q_typed_reliable_context=3.436102 sequence=361.706025
[typed-five-r3/b22_C] [plan iscas99__b22] [plan] step=227 node=N3864 type=observe q_typed_reliable_context=2.909076 sequence=364.615101
[typed-five-r3/b22_C] [plan iscas99__b22] [plan] step=228 node=N26403 type=control1 q_typed_reliable_context=1.738788 sequence=366.353889
[typed-five-r3/b22_C] [plan iscas99__b22] [plan] step=229 node=N14364 type=observe q_typed_reliable_context=2.370997 sequence=368.724886
[typed-five-r3/b22_C] [plan iscas99__b22] [plan] step=230 node=N2037 type=observe q_typed_reliable_context=2.116751 sequence=370.841637
[typed-five-r3/b22_C] [plan iscas99__b22] [plan] step=231 node=N14361 type=observe q_typed_reliable_context=2.406903 sequence=373.248540
[typed-five-r3/b22_C] [plan iscas99__b22] [plan] step=232 node=N14360 type=observe q_typed_reliable_context=1.628476 sequence=374.877016
[typed-five-r3/b22_C] [plan iscas99__b22] [plan] step=233 node=N4999 type=observe q_typed_reliable_context=1.050233 sequence=375.927249
[typed-five-r3/b22_C] [plan iscas99__b22] [plan] step=234 node=N14344 type=observe q_typed_reliable_context=1.082307 sequence=377.009556
[typed-five-r3/b22_C] [plan iscas99__b22] [plan] step=235 node=N15099 type=control1 q_typed_reliable_context=0.806940 sequence=377.816496
[typed-five-r3/b22_C] [plan iscas99__b22] [plan] step=236 node=N14345 type=observe q_typed_reliable_context=1.091901 sequence=378.908396
[typed-five-r3/b22_C] [plan iscas99__b22] [plan] step=237 node=N14349 type=observe q_typed_reliable_context=1.279738 sequence=380.188134
[typed-five-r3/b22_C] [plan iscas99__b22] [plan] step=238 node=N4523 type=observe q_typed_reliable_context=1.353857 sequence=381.541991
[typed-five-r3/b22_C] [plan iscas99__b22] [plan] step=239 node=N24133 type=control1 q_typed_reliable_context=0.910609 sequence=382.452600
[typed-five-r3/b22_C] [plan iscas99__b22] [plan] step=240 node=N14353 type=observe q_typed_reliable_context=1.301417 sequence=383.754017
[typed-five-r3/b22_C] [plan iscas99__b22] [plan] step=241 node=N15115 type=observe q_typed_reliable_context=1.473076 sequence=385.227093
[typed-five-r3/b22_C] [plan iscas99__b22] [plan] step=242 node=N5242 type=observe q_typed_reliable_context=1.511311 sequence=386.738404
[typed-five-r3/b22_C] [plan iscas99__b22] [plan] step=243 node=N1272 type=observe q_typed_reliable_context=1.580378 sequence=388.318782
[typed-five-r3/b22_C] [plan iscas99__b22] [plan] step=244 node=N18557 type=observe q_typed_reliable_context=1.213361 sequence=389.532143
[typed-five-r3/b22_C] [plan iscas99__b22] [plan] step=245 node=N15101 type=control1 q_typed_reliable_context=2.248741 sequence=391.780885
[typed-five-r3/b22_C] [plan iscas99__b22] [plan] step=246 node=N15100 type=control1 q_typed_reliable_context=1.788802 sequence=393.569687
[typed-five-r3/b22_C] [plan iscas99__b22] [plan] step=247 node=N15087 type=control1 q_typed_reliable_context=0.805656 sequence=394.375343
[typed-five-r3/b22_C] [plan iscas99__b22] [plan] step=248 node=N26417 type=control1 q_typed_reliable_context=1.316176 sequence=395.691518
[typed-five-r3/b22_C] [plan iscas99__b22] [plan] step=249 node=N15097 type=control1 q_typed_reliable_context=1.033877 sequence=396.725396
[typed-five-r3/b22_C] [plan iscas99__b22] [plan] step=250 node=N15095 type=control1 q_typed_reliable_context=1.032878 sequence=397.758274
[typed-five-r3/b22_C] [plan iscas99__b22] [plan] step=251 node=N26404 type=control1 q_typed_reliable_context=0.781540 sequence=398.539814
[typed-five-r3/b22_C] [plan iscas99__b22] [plan] step=252 node=N14467 type=observe q_typed_reliable_context=1.133594 sequence=399.673408
[typed-five-r3/b22_C] [plan iscas99__b22] [plan] step=253 node=N15109 type=control1 q_typed_reliable_context=1.145459 sequence=400.818867
[typed-five-r3/b22_C] [plan iscas99__b22] [plan] step=254 node=N1994 type=observe q_typed_reliable_context=1.478678 sequence=402.297545
[typed-five-r3/b22_C] [plan iscas99__b22] [plan] step=255 node=N2047 type=observe q_typed_reliable_context=2.750675 sequence=405.048220
[typed-five-r3/b22_C] [plan iscas99__b22] [plan] step=256 node=N6020 type=observe q_typed_reliable_context=1.864729 sequence=406.912949
[typed-five-r3/b22_C] [plan iscas99__b22] [plan] step=257 node=N4994 type=observe q_typed_reliable_context=1.007439 sequence=407.920388
[typed-five-r3/b22_C] [plan iscas99__b22] [plan] step=258 node=N19312 type=control1 q_typed_reliable_context=0.951936 sequence=408.872324
[typed-five-r3/b22_C] [plan iscas99__b22] [plan] step=259 node=N15098 type=control1 q_typed_reliable_context=0.721786 sequence=409.594109
[typed-five-r3/b22_C] [plan iscas99__b22] [plan] step=260 node=N15096 type=control1 q_typed_reliable_context=0.688707 sequence=410.282817
[typed-five-r3/b22_C] [plan iscas99__b22] [plan] step=261 node=N15093 type=control1 q_typed_reliable_context=0.688627 sequence=410.971444
[typed-five-r3/b22_C] [plan iscas99__b22] [plan] step=262 node=N15082 type=control1 q_typed_reliable_context=0.769506 sequence=411.740950
[typed-five-r3/b22_C] [plan iscas99__b22] [plan] step=263 node=N24119 type=control1 q_typed_reliable_context=1.197352 sequence=412.938302
[typed-five-r3/b22_C] [plan iscas99__b22] [plan] step=264 node=N5792 type=observe q_typed_reliable_context=0.759173 sequence=413.697474
[typed-five-r3/b22_C] [plan iscas99__b22] [plan] step=265 node=N14380 type=observe q_typed_reliable_context=1.146003 sequence=414.843477
[typed-five-r3/b22_C] [plan iscas99__b22] [plan] step=266 node=N5246 type=observe q_typed_reliable_context=1.284934 sequence=416.128411
[typed-five-r3/b22_C] [plan iscas99__b22] [plan] step=267 node=N2059 type=observe q_typed_reliable_context=1.397380 sequence=417.525791
[typed-five-r3/b22_C] [plan iscas99__b22] [plan] step=268 node=N15089 type=control1 q_typed_reliable_context=0.700273 sequence=418.226064
[typed-five-r3/b22_C] [plan iscas99__b22] [plan] step=269 node=N15090 type=control1 q_typed_reliable_context=0.720677 sequence=418.946741
[typed-five-r3/b22_C] [plan iscas99__b22] [plan] step=270 node=N15088 type=control1 q_typed_reliable_context=0.753697 sequence=419.700437
[typed-five-r3/b22_C] [plan iscas99__b22] [plan] step=271 node=N1273 type=observe q_typed_reliable_context=0.817317 sequence=420.517754
[typed-five-r3/b22_C] [plan iscas99__b22] [plan] step=272 node=N19311 type=control1 q_typed_reliable_context=0.730146 sequence=421.247900
[typed-five-r3/b22_C] [plan iscas99__b22] [plan] step=273 node=N15092 type=control1 q_typed_reliable_context=0.761521 sequence=422.009421
[typed-five-r3/b22_C] [plan iscas99__b22] [plan] step=274 node=N7057 type=observe q_typed_reliable_context=1.766333 sequence=423.775754
[typed-five-r3/b22_C] [plan iscas99__b22] [plan] step=275 node=N19308 type=control1 q_typed_reliable_context=1.838095 sequence=425.613849
[typed-five-r3/b22_C] [plan iscas99__b22] [plan] step=276 node=N2109 type=observe q_typed_reliable_context=2.663365 sequence=428.277213
[typed-five-r3/b22_C] [plan iscas99__b22] [plan] step=277 node=N26397 type=control1 q_typed_reliable_context=1.094522 sequence=429.371736
[typed-five-r3/b22_C] [plan iscas99__b22] [plan] step=278 node=N18410 type=observe q_typed_reliable_context=1.533718 sequence=430.905454
[typed-five-r3/b22_C] [plan iscas99__b22] [plan] step=279 node=N8477 type=control1 q_typed_reliable_context=1.560214 sequence=432.465668
[typed-five-r3/b22_C] [plan iscas99__b22] [plan] step=280 node=N18400 type=observe q_typed_reliable_context=1.738525 sequence=434.204193
[typed-five-r3/b22_C] [plan iscas99__b22] [plan] step=281 node=N18401 type=observe q_typed_reliable_context=1.702748 sequence=435.906941
[typed-five-r3/b22_C] [plan iscas99__b22] [plan] step=282 node=N18402 type=observe q_typed_reliable_context=1.835947 sequence=437.742888
[typed-five-r3/b22_C] [plan iscas99__b22] [plan] step=283 node=N18404 type=observe q_typed_reliable_context=2.617828 sequence=440.360715
[typed-five-r3/b22_C] [plan iscas99__b22] [plan] step=284 node=N2168 type=observe q_typed_reliable_context=0.995165 sequence=441.355880
[typed-five-r3/b22_C] [plan iscas99__b22] [plan] step=285 node=N18415 type=observe q_typed_reliable_context=2.732777 sequence=444.088657
[typed-five-r3/b22_C] [plan iscas99__b22] [plan] step=286 node=N18405 type=observe q_typed_reliable_context=3.024015 sequence=447.112672
[typed-five-r3/b22_C] [plan iscas99__b22] [plan] step=287 node=N18411 type=observe q_typed_reliable_context=3.597722 sequence=450.710394
[typed-five-r3/b22_C] [plan iscas99__b22] [plan] step=288 node=N18406 type=observe q_typed_reliable_context=3.385966 sequence=454.096360
[typed-five-r3/b22_C] [plan iscas99__b22] [plan] step=289 node=N8476 type=control1 q_typed_reliable_context=2.744256 sequence=456.840617
[typed-five-r3/b22_C] [plan iscas99__b22] [plan] step=290 node=N6001 type=observe q_typed_reliable_context=6.143612 sequence=462.984229
[typed-five-r3/b22_C] [plan iscas99__b22] [plan] step=291 node=N15102 type=control1 q_typed_reliable_context=4.164392 sequence=467.148621
[typed-five-r3/b22_C] [plan iscas99__b22] [plan] step=292 node=N15091 type=control1 q_typed_reliable_context=5.973456 sequence=473.122077
[typed-five-r3/b22_C] [plan iscas99__b22] [plan] step=293 node=N21350 type=control1 q_typed_reliable_context=5.913260 sequence=479.035337
[typed-five-r3/b22_C] [plan iscas99__b22] [plan] step=294 node=N5391 type=control1 q_typed_reliable_context=6.720326 sequence=485.755664
[typed-five-r3/b22_C] [plan iscas99__b22] [plan] step=295 node=N15086 type=control1 q_typed_reliable_context=6.215964 sequence=491.971627
[typed-five-r3/b22_C] [plan iscas99__b22] [plan] step=296 node=N21468 type=control1 q_typed_reliable_context=6.420308 sequence=498.391935
[typed-five-r3/b22_C] [plan iscas99__b22] [plan] step=297 node=N5390 type=control1 q_typed_reliable_context=6.501115 sequence=504.893050
[typed-five-r3/b22_C] [plan iscas99__b22] [plan] step=298 node=N4456 type=control1 q_typed_reliable_context=6.806678 sequence=511.699728
[typed-five-r3/b22_C] [plan iscas99__b22] [plan] step=299 node=N18549 type=observe q_typed_reliable_context=4.796751 sequence=516.496479
[typed-five-r3/b22_C] [plan iscas99__b22] [plan] step=300 node=N15085 type=control1 q_typed_reliable_context=0.385200 sequence=516.881680
[typed-five-r3/b22_C] [plan iscas99__b22] [plan] step=301 node=N15084 type=control1 q_typed_reliable_context=1.044292 sequence=517.925972
[typed-five-r3/b22_C] [plan iscas99__b22] [plan] step=302 node=N15083 type=control1 q_typed_reliable_context=1.867646 sequence=519.793618
[typed-five-r3/b22_C] [plan iscas99__b22] [plan] step=303 node=N18545 type=observe q_typed_reliable_context=3.963834 sequence=523.757452
[typed-five-r3/b22_C] [plan iscas99__b22] [plan] step=304 node=N21472 type=control1 q_typed_reliable_context=1.385348 sequence=525.142800
[typed-five-r3/b22_C] [plan iscas99__b22] [plan] step=305 node=N1183 type=control1 q_typed_reliable_context=3.032935 sequence=528.175735
[typed-five-r3/b22_C] [plan iscas99__b22] [plan] step=306 node=N4457 type=control1 q_typed_reliable_context=5.912747 sequence=534.088482
[typed-five-r3/b22_C] [plan iscas99__b22] [plan] step=307 node=N14461 type=observe q_typed_reliable_context=3.577850 sequence=537.666332
[typed-five-r3/b22_C] [plan iscas99__b22] [plan] step=308 node=N18554 type=observe q_typed_reliable_context=1.223759 sequence=538.890091
[typed-five-r3/b22_C] [plan iscas99__b22] [plan] step=309 node=N7516 type=observe q_typed_reliable_context=1.642749 sequence=540.532840
[typed-five-r3/b22_C] [plan iscas99__b22] [plan] step=310 node=N14454 type=observe q_typed_reliable_context=1.903584 sequence=542.436424
[typed-five-r3/b22_C] [plan iscas99__b22] [plan] step=311 node=N15081 type=control1 q_typed_reliable_context=1.540306 sequence=543.976730
[typed-five-r3/b22_C] [plan iscas99__b22] [plan] step=312 node=N18527 type=observe q_typed_reliable_context=2.382582 sequence=546.359312
[typed-five-r3/b22_C] [plan iscas99__b22] [plan] step=313 node=N13000 type=control1 q_typed_reliable_context=1.442459 sequence=547.801771
[typed-five-r3/b22_C] [plan iscas99__b22] [plan] step=314 node=N12997 type=control1 q_typed_reliable_context=2.082271 sequence=549.884043
[typed-five-r3/b22_C] [plan iscas99__b22] [plan] step=315 node=N19309 type=control1 q_typed_reliable_context=2.906592 sequence=552.790635
[typed-five-r3/b22_C] [plan iscas99__b22] [plan] step=316 node=N5773 type=observe q_typed_reliable_context=4.140819 sequence=556.931454
[typed-five-r3/b22_C] [plan iscas99__b22] [plan] step=317 node=N18378 type=observe q_typed_reliable_context=4.503520 sequence=561.434974
[typed-five-r3/b22_C] [plan iscas99__b22] [plan] step=318 node=N2039 type=observe q_typed_reliable_context=5.829128 sequence=567.264102
[typed-five-r3/b22_C] [plan iscas99__b22] [plan] step=319 node=N14384 type=observe q_typed_reliable_context=5.584833 sequence=572.848935
[typed-five-r3/b22_C] [plan iscas99__b22] [plan] step=320 node=N7543 type=observe q_typed_reliable_context=4.207186 sequence=577.056121
[typed-five-r3/b22_C] [plan iscas99__b22] [plan] step=321 node=N14385 type=observe q_typed_reliable_context=3.403611 sequence=580.459732
[typed-five-r3/b22_C] [plan iscas99__b22] [plan] step=322 node=N7549 type=observe q_typed_reliable_context=3.985043 sequence=584.444775
[typed-five-r3/b22_C] [plan iscas99__b22] [plan] step=323 node=N14388 type=observe q_typed_reliable_context=5.497810 sequence=589.942585
[typed-five-r3/b22_C] [plan iscas99__b22] [plan] step=324 node=N12998 type=control1 q_typed_reliable_context=5.377695 sequence=595.320281
[typed-five-r3/b22_C] [plan iscas99__b22] [plan] step=325 node=N7534 type=observe q_typed_reliable_context=1.934635 sequence=597.254915
[typed-five-r3/b22_C] [plan iscas99__b22] [plan] step=326 node=N7561 type=observe q_typed_reliable_context=3.144154 sequence=600.399070
[typed-five-r3/b22_C] [plan iscas99__b22] [plan] step=327 node=N21470 type=control1 q_typed_reliable_context=3.409875 sequence=603.808944
[typed-five-r3/b22_C] [plan iscas99__b22] [plan] step=328 node=N19300 type=control1 q_typed_reliable_context=6.067984 sequence=609.876928
[typed-five-r3/b22_C] [plan iscas99__b22] [plan] step=329 node=N13001 type=control1 q_typed_reliable_context=6.111607 sequence=615.988536
[typed-five-r3/b22_C] [plan iscas99__b22] [plan] step=330 node=N15282 type=control1 q_typed_reliable_context=5.705287 sequence=621.693822
[typed-five-r3/b22_C] [plan iscas99__b22] [plan] step=331 node=N18528 type=observe q_typed_reliable_context=5.003355 sequence=626.697177
[typed-five-r3/b22_C] [plan iscas99__b22] [plan] step=332 node=N7567 type=observe q_typed_reliable_context=3.570101 sequence=630.267278
[typed-five-r3/b22_C] [plan iscas99__b22] [plan] step=333 node=N3873 type=control0 q_typed_reliable_context=7.032433 sequence=637.299711
[typed-five-r3/b22_C] [plan iscas99__b22] [plan] step=334 node=N24130 type=control1 q_typed_reliable_context=6.243010 sequence=643.542721
[typed-five-r3/b22_C] [plan iscas99__b22] [plan] step=335 node=N18526 type=observe q_typed_reliable_context=6.192802 sequence=649.735523
[typed-five-r3/b22_C] [plan iscas99__b22] [plan] step=336 node=N7591 type=control1 q_typed_reliable_context=5.677977 sequence=655.413499
[typed-five-r3/b22_C] [plan iscas99__b22] [plan] step=337 node=N5280 type=observe q_typed_reliable_context=6.233617 sequence=661.647116
[typed-five-r3/b22_C] [plan iscas99__b22] [plan] step=338 node=N15072 type=observe q_typed_reliable_context=7.511834 sequence=669.158950
[typed-five-r3/b22_C] [plan iscas99__b22] [plan] step=339 node=N14381 type=observe q_typed_reliable_context=7.196024 sequence=676.354973
[typed-five-r3/b22_C] [plan iscas99__b22] [plan] step=340 node=N18531 type=observe q_typed_reliable_context=5.562945 sequence=681.917918
[typed-five-r3/b22_C] [plan iscas99__b22] [plan] step=341 node=N18523 type=control0 q_typed_reliable_context=6.048952 sequence=687.966870
[typed-five-r3/b22_C] [plan iscas99__b22] [plan] step=342 node=N7611 type=control1 q_typed_reliable_context=6.591563 sequence=694.558434
[typed-five-r3/b22_C] [plan iscas99__b22] [plan] step=343 node=N1184 type=control1 q_typed_reliable_context=6.914451 sequence=701.472885
[typed-five-r3/b22_C] [plan iscas99__b22] [plan] step=344 node=N2073 type=observe q_typed_reliable_context=6.651708 sequence=708.124593
[typed-five-r3/b22_C] [plan iscas99__b22] [plan] step=345 node=N5982 type=observe q_typed_reliable_context=6.032869 sequence=714.157462
[typed-five-r3/b22_C] [plan iscas99__b22] [plan] step=346 node=N15296 type=control1 q_typed_reliable_context=6.868356 sequence=721.025817
[typed-five-r3/b22_C] [plan iscas99__b22] [plan] step=347 node=N7610 type=control1 q_typed_reliable_context=6.827753 sequence=727.853571
[typed-five-r3/b22_C] [plan iscas99__b22] [plan] step=348 node=N7597 type=control1 q_typed_reliable_context=6.314350 sequence=734.167921
[typed-five-r3/b22_C] [plan iscas99__b22] [plan] step=349 node=N5508 type=observe q_typed_reliable_context=5.995889 sequence=740.163809
[typed-five-r3/b22_C] [plan iscas99__b22] [plan] step=350 node=N5830 type=observe q_typed_reliable_context=2.614177 sequence=742.777986
[typed-five-r3/b22_C] [plan iscas99__b22] [plan] step=351 node=N18386 type=observe q_typed_reliable_context=4.185425 sequence=746.963411
[typed-five-r3/b22_C] [plan iscas99__b22] [plan] step=352 node=N5248 type=observe q_typed_reliable_context=6.398561 sequence=753.361972
[typed-five-r3/b22_C] [plan iscas99__b22] [plan] step=353 node=N4348 type=observe q_typed_reliable_context=5.702638 sequence=759.064610
[typed-five-r3/b22_C] [plan iscas99__b22] [plan] step=354 node=N2071 type=observe q_typed_reliable_context=6.632880 sequence=765.697490
[typed-five-r3/b22_C] [plan iscas99__b22] [plan] step=355 node=N19360 type=control0 q_typed_reliable_context=0.061229 sequence=765.758719
[typed-five-r3/b22_C] [plan iscas99__b22] [plan] step=356 node=N4991 type=observe q_typed_reliable_context=1.290731 sequence=767.049451
[typed-five-r3/b22_C] [plan iscas99__b22] [plan] step=357 node=N18529 type=observe q_typed_reliable_context=6.298273 sequence=773.347724
[typed-five-r3/b22_C] [plan iscas99__b22] [plan] step=358 node=N18546 type=observe q_typed_reliable_context=1.880868 sequence=775.228592
[typed-five-r3/b22_C] [plan iscas99__b22] [plan] step=359 node=N18593 type=observe q_typed_reliable_context=2.686450 sequence=777.915042
[typed-five-r3/b22_C] [plan iscas99__b22] [plan] step=360 node=N18548 type=observe q_typed_reliable_context=1.582385 sequence=779.497427
[typed-five-r3/b22_C] [plan iscas99__b22] [plan] step=361 node=N18550 type=observe q_typed_reliable_context=3.370142 sequence=782.867569
[typed-five-r3/b22_C] [plan iscas99__b22] [plan] step=362 node=N1991 type=observe q_typed_reliable_context=5.921260 sequence=788.788829
[typed-five-r3/b22_C] [plan iscas99__b22] [plan] step=363 node=N18547 type=observe q_typed_reliable_context=6.294579 sequence=795.083408
[typed-five-r3/b22_C] [plan iscas99__b22] [plan] step=364 node=N18551 type=observe q_typed_reliable_context=6.234191 sequence=801.317599
[typed-five-r3/b22_C] [plan iscas99__b22] [plan] step=365 node=N14334 type=observe q_typed_reliable_context=6.893226 sequence=808.210824
[typed-five-r3/b22_C] [plan iscas99__b22] [plan] step=366 node=N18552 type=observe q_typed_reliable_context=6.396831 sequence=814.607656
[typed-five-r3/b22_C] [plan iscas99__b22] [plan] step=367 node=N18530 type=observe q_typed_reliable_context=5.005096 sequence=819.612751
[typed-five-r3/b22_C] [plan iscas99__b22] [plan] step=368 node=N2108 type=observe q_typed_reliable_context=4.535416 sequence=824.148167
[typed-five-r3/b22_C] [plan iscas99__b22] [plan] step=369 node=N1990 type=observe q_typed_reliable_context=3.104618 sequence=827.252785
[typed-five-r3/b22_C] [plan iscas99__b22] [plan] step=370 node=N14502 type=observe q_typed_reliable_context=5.757960 sequence=833.010745
[typed-five-r3/b22_C] [plan iscas99__b22] [plan] step=371 node=N5266 type=observe q_typed_reliable_context=1.628354 sequence=834.639099
[typed-five-r3/b22_C] [plan iscas99__b22] [plan] step=372 node=N2041 type=observe q_typed_reliable_context=5.081508 sequence=839.720607
[typed-five-r3/b22_C] [plan iscas99__b22] [plan] step=373 node=N5906 type=observe q_typed_reliable_context=4.637613 sequence=844.358220
[typed-five-r3/b22_C] [plan iscas99__b22] [plan] step=374 node=N7504 type=observe q_typed_reliable_context=6.778596 sequence=851.136815
[typed-five-r3/b22_C] [plan iscas99__b22] [plan] step=375 node=N15074 type=observe q_typed_reliable_context=6.962789 sequence=858.099604
[typed-five-r3/b22_C] [plan iscas99__b22] [plan] step=376 node=N2043 type=observe q_typed_reliable_context=6.990991 sequence=865.090594
[typed-five-r3/b22_C] [plan iscas99__b22] [plan] step=377 node=N24045 type=control1 q_typed_reliable_context=5.272071 sequence=870.362665
[typed-five-r3/b22_C] [plan iscas99__b22] [plan] step=378 node=N7592 type=control1 q_typed_reliable_context=6.778187 sequence=877.140852
[typed-five-r3/b22_C] [plan iscas99__b22] [plan] step=379 node=N28154 type=control1 q_typed_reliable_context=6.956054 sequence=884.096906
[typed-five-r3/b22_C] [plan iscas99__b22] [plan] step=380 node=N21483 type=control1 q_typed_reliable_context=6.849054 sequence=890.945960
[typed-five-r3/b22_C] [plan iscas99__b22] [plan] step=381 node=N15252 type=control1 q_typed_reliable_context=6.746646 sequence=897.692606
[typed-five-r3/b22_C] [plan iscas99__b22] [plan] step=382 node=N21485 type=control1 q_typed_reliable_context=6.544993 sequence=904.237599
[typed-five-r3/b22_C] [plan iscas99__b22] [plan] step=383 node=N23994 type=control1 q_typed_reliable_context=5.876830 sequence=910.114429
[typed-five-r3/b22_C] [plan iscas99__b22] [plan] step=384 node=N21461 type=control1 q_typed_reliable_context=5.837474 sequence=915.951902
[typed-five-r3/b22_C] [plan iscas99__b22] [plan] step=385 node=N28772 type=control1 q_typed_reliable_context=5.814380 sequence=921.766282
[typed-five-r3/b22_C] [plan iscas99__b22] [plan] step=386 node=N25481 type=control1 q_typed_reliable_context=5.840281 sequence=927.606563
[typed-five-r3/b22_C] [plan iscas99__b22] [plan] step=387 node=N24454 type=control1 q_typed_reliable_context=5.881476 sequence=933.488039
[typed-five-r3/b22_C] [plan iscas99__b22] [plan] step=388 node=N15268 type=control1 q_typed_reliable_context=5.402902 sequence=938.890941
[typed-five-r3/b22_C] [plan iscas99__b22] [plan] step=389 node=N15216 type=control1 q_typed_reliable_context=6.634910 sequence=945.525851
[typed-five-r3/b22_C] [plan iscas99__b22] [plan] step=390 node=N19299 type=control1 q_typed_reliable_context=6.360601 sequence=951.886452
[typed-five-r3/b22_C] [plan iscas99__b22] [plan] step=391 node=N4459 type=control1 q_typed_reliable_context=6.197841 sequence=958.084292
[typed-five-r3/b22_C] [plan iscas99__b22] [plan] step=392 node=N25961 type=control1 q_typed_reliable_context=5.870343 sequence=963.954635
[typed-five-r3/b22_C] [plan iscas99__b22] [plan] step=393 node=N1185 type=control1 q_typed_reliable_context=6.351391 sequence=970.306026
[typed-five-r3/b22_C] [plan iscas99__b22] [plan] step=394 node=N18326 type=control1 q_typed_reliable_context=6.815462 sequence=977.121488
[typed-five-r3/b22_C] [plan iscas99__b22] [plan] step=395 node=N4462 type=control1 q_typed_reliable_context=6.952710 sequence=984.074198
[typed-five-r3/b22_C] [plan iscas99__b22] [plan] step=396 node=N12852 type=control1 q_typed_reliable_context=7.012187 sequence=991.086386
[typed-five-r3/b22_C] [plan iscas99__b22] [plan] step=397 node=N21463 type=control1 q_typed_reliable_context=6.928926 sequence=998.015312
[typed-five-r3/b22_C] [plan iscas99__b22] [plan] step=398 node=N15200 type=control1 q_typed_reliable_context=6.536921 sequence=1004.552232
[typed-five-r3/b22_C] [plan iscas99__b22] [plan] step=399 node=N18518 type=control0 q_typed_reliable_context=7.858207 sequence=1012.410440
[typed-five-r3/b22_C] [plan iscas99__b22] [plan] step=400 node=N12989 type=control1 q_typed_reliable_context=2.073370 sequence=1014.483810
[typed-five-r3/b22_C] [plan iscas99__b22] [plan] step=401 node=N19364 type=control0 q_typed_reliable_context=1.130552 sequence=1015.614362
[typed-five-r3/b22_C] [plan iscas99__b22] [plan] step=402 node=N18489 type=observe q_typed_reliable_context=0.235945 sequence=1015.850307
[typed-five-r3/b22_C] [plan iscas99__b22] [plan] step=403 node=N18485 type=observe q_typed_reliable_context=3.093470 sequence=1018.943777
[typed-five-r3/b22_C] [plan iscas99__b22] [plan] step=404 node=N5252 type=observe q_typed_reliable_context=6.475887 sequence=1025.419664
[typed-five-r3/b22_C] [plan iscas99__b22] [plan] step=405 node=N3347 type=observe q_typed_reliable_context=5.576753 sequence=1030.996417
[typed-five-r3/b22_C] [plan iscas99__b22] [plan] step=406 node=N5510 type=observe q_typed_reliable_context=5.730000 sequence=1036.726417
[typed-five-r3/b22_C] [plan iscas99__b22] [plan] step=407 node=N7558 type=observe q_typed_reliable_context=4.514834 sequence=1041.241251
[typed-five-r3/b22_C] [plan iscas99__b22] [plan] step=408 node=N7480 type=observe q_typed_reliable_context=6.135958 sequence=1047.377209
[typed-five-r3/b22_C] [plan iscas99__b22] [plan] step=409 node=N26396 type=control1 q_typed_reliable_context=1.604146 sequence=1048.981354
[typed-five-r3/b22_C] [plan iscas99__b22] [plan] step=410 node=N7593 type=control1 q_typed_reliable_context=6.009762 sequence=1054.991117
[typed-five-r3/b22_C] [plan iscas99__b22] [plan] step=411 node=N26408 type=control1 q_typed_reliable_context=0.965687 sequence=1055.956803
[typed-five-r3/b22_C] [plan iscas99__b22] [plan] step=412 node=N1189 type=control1 q_typed_reliable_context=5.991466 sequence=1061.948270
[typed-five-r3/b22_C] [plan iscas99__b22] [plan] step=413 node=N15001 type=control1 q_typed_reliable_context=5.532216 sequence=1067.480486
[typed-five-r3/b22_C] [plan iscas99__b22] [plan] step=414 node=N18471 type=observe q_typed_reliable_context=3.676985 sequence=1071.157470
[typed-five-r3/b22_C] [plan iscas99__b22] [plan] step=415 node=N5255 type=observe q_typed_reliable_context=1.471990 sequence=1072.629461
[typed-five-r3/b22_C] [plan iscas99__b22] [plan] step=416 node=N15073 type=observe q_typed_reliable_context=5.293578 sequence=1077.923039
[typed-five-r3/b22_C] [plan iscas99__b22] [plan] step=417 node=N18466 type=observe q_typed_reliable_context=2.485481 sequence=1080.408520
[typed-five-r3/b22_C] [plan iscas99__b22] [plan] step=418 node=N4345 type=observe q_typed_reliable_context=5.753861 sequence=1086.162381
[typed-five-r3/b22_C] [plan iscas99__b22] [plan] step=419 node=N3329 type=observe q_typed_reliable_context=5.649397 sequence=1091.811778
[typed-five-r3/b22_C] [plan iscas99__b22] [plan] step=420 node=N2030 type=observe q_typed_reliable_context=4.866192 sequence=1096.677970
[typed-five-r3/b22_C] [plan iscas99__b22] [plan] step=421 node=N5514 type=observe q_typed_reliable_context=4.508445 sequence=1101.186415
[typed-five-r3/b22_C] [plan iscas99__b22] [plan] step=422 node=N6077 type=observe q_typed_reliable_context=2.649469 sequence=1103.835884
[typed-five-r3/b22_C] [plan iscas99__b22] [plan] step=423 node=N19358 type=control0 q_typed_reliable_context=1.043346 sequence=1104.879230
[typed-five-r3/b22_C] [plan iscas99__b22] [plan] step=424 node=N18520 type=control0 q_typed_reliable_context=5.188399 sequence=1110.067628
[typed-five-r3/b22_C] [plan iscas99__b22] [plan] step=425 node=N5269 type=observe q_typed_reliable_context=0.781932 sequence=1110.849560
[typed-five-r3/b22_C] [plan iscas99__b22] [plan] step=426 node=N2062 type=observe q_typed_reliable_context=2.440987 sequence=1113.290547
[typed-five-r3/b22_C] [plan iscas99__b22] [plan] step=427 node=N4363 type=observe q_typed_reliable_context=2.505337 sequence=1115.795884
[typed-five-r3/b22_C] [plan iscas99__b22] [plan] step=428 node=N3365 type=observe q_typed_reliable_context=5.568550 sequence=1121.364433
[typed-five-r3/b22_C] [plan iscas99__b22] [plan] step=429 node=N5271 type=observe q_typed_reliable_context=3.242633 sequence=1124.607066
[typed-five-r3/b22_C] [plan iscas99__b22] [plan] step=430 node=N5524 type=observe q_typed_reliable_context=6.198270 sequence=1130.805336
[typed-five-r3/b22_C] [plan iscas99__b22] [plan] step=431 node=N2063 type=observe q_typed_reliable_context=4.549101 sequence=1135.354437
[typed-five-r3/b22_C] [plan iscas99__b22] [plan] step=432 node=N15070 type=observe q_typed_reliable_context=5.910695 sequence=1141.265132
[typed-five-r3/b22_C] [plan iscas99__b22] [plan] step=433 node=N4366 type=observe q_typed_reliable_context=5.534149 sequence=1146.799282
[typed-five-r3/b22_C] [plan iscas99__b22] [plan] step=434 node=N19356 type=control0 q_typed_reliable_context=0.395421 sequence=1147.194703
[typed-five-r3/b22_C] [plan iscas99__b22] [plan] step=435 node=N5278 type=observe q_typed_reliable_context=3.336172 sequence=1150.530875
[typed-five-r3/b22_C] [plan iscas99__b22] [plan] step=436 node=N2064 type=observe q_typed_reliable_context=6.903839 sequence=1157.434714
[typed-five-r3/b22_C] [plan iscas99__b22] [plan] step=437 node=N3418 type=observe q_typed_reliable_context=5.956585 sequence=1163.391298
[typed-five-r3/b22_C] [plan iscas99__b22] [plan] step=438 node=N5528 type=observe q_typed_reliable_context=3.516742 sequence=1166.908040
[typed-five-r3/b22_C] [plan iscas99__b22] [plan] step=439 node=N19354 type=control0 q_typed_reliable_context=5.942811 sequence=1172.850851
[typed-five-r3/b22_C] [plan iscas99__b22] [plan] step=440 node=N2065 type=observe q_typed_reliable_context=5.347452 sequence=1178.198303
[typed-five-r3/b22_C] [plan iscas99__b22] [plan] step=441 node=N5270 type=observe q_typed_reliable_context=4.490708 sequence=1182.689011
[typed-five-r3/b22_C] [plan iscas99__b22] [plan] step=442 node=N4375 type=observe q_typed_reliable_context=7.089396 sequence=1189.778407
[typed-five-r3/b22_C] [plan iscas99__b22] [plan] step=443 node=N15060 type=observe q_typed_reliable_context=5.730000 sequence=1195.508407
[typed-five-r3/b22_C] [plan iscas99__b22] [plan] step=444 node=N3427 type=observe q_typed_reliable_context=5.348605 sequence=1200.857012
[typed-five-r3/b22_C] [plan iscas99__b22] [plan] step=445 node=N2066 type=observe q_typed_reliable_context=4.001440 sequence=1204.858452
[typed-five-r3/b22_C] [plan iscas99__b22] [plan] step=446 node=N5520 type=observe q_typed_reliable_context=4.519809 sequence=1209.378261
[typed-five-r3/b22_C] [plan iscas99__b22] [plan] step=447 node=N19368 type=control0 q_typed_reliable_context=0.811131 sequence=1210.189391
[typed-five-r3/b22_C] [plan iscas99__b22] [plan] step=448 node=N5274 type=observe q_typed_reliable_context=2.656739 sequence=1212.846130
[typed-five-r3/b22_C] [plan iscas99__b22] [plan] step=449 node=N4378 type=observe q_typed_reliable_context=6.932670 sequence=1219.778800
[typed-five-r3/b22_C] [plan iscas99__b22] [plan] step=450 node=N2061 type=observe q_typed_reliable_context=2.888221 sequence=1222.667021
[typed-five-r3/b22_C] [plan iscas99__b22] [plan] step=451 node=N3391 type=observe q_typed_reliable_context=1.363794 sequence=1224.030815
[typed-five-r3/b22_C] [plan iscas99__b22] [plan] step=452 node=N18509 type=observe q_typed_reliable_context=4.231638 sequence=1228.262454
[typed-five-r3/b22_C] [plan iscas99__b22] [plan] step=453 node=N2152 type=control0 q_typed_reliable_context=6.305004 sequence=1234.567458
[typed-five-r3/b22_C] [plan iscas99__b22] [plan] step=454 node=N1515 type=control0 q_typed_reliable_context=3.644321 sequence=1238.211779
[typed-five-r3/b22_C] [plan iscas99__b22] [plan] step=455 node=N24115 type=control1 q_typed_reliable_context=1.064064 sequence=1239.275843
[typed-five-r3/b22_C] [plan iscas99__b22] [plan] step=456 node=N18390 type=control0 q_typed_reliable_context=5.469787 sequence=1244.745630
[typed-five-r3/b22_C] [plan iscas99__b22] [plan] step=457 node=N21478 type=control1 q_typed_reliable_context=6.546696 sequence=1251.292327
[typed-five-r3/b22_C] [plan iscas99__b22] [plan] step=458 node=N21481 type=control1 q_typed_reliable_context=6.832159 sequence=1258.124486
[typed-five-r3/b22_C] [plan iscas99__b22] [plan] step=459 node=N5276 type=observe q_typed_reliable_context=5.075268 sequence=1263.199754
[typed-five-r3/b22_C] [plan iscas99__b22] [plan] step=460 node=N4384 type=observe q_typed_reliable_context=6.878210 sequence=1270.077964
[typed-five-r3/b22_C] [plan iscas99__b22] [plan] step=461 node=N2067 type=observe q_typed_reliable_context=6.544389 sequence=1276.622353
[typed-five-r3/b22_C] [plan iscas99__b22] [plan] step=462 node=N12295 type=control1 q_typed_reliable_context=4.353805 sequence=1280.976158
[typed-five-r3/b22_C] [plan iscas99__b22] [plan] step=463 node=N15067 type=observe q_typed_reliable_context=2.829682 sequence=1283.805840
[typed-five-r3/b22_C] [plan iscas99__b22] [plan] step=464 node=N15094 type=control1 q_typed_reliable_context=5.721973 sequence=1289.527813
[typed-five-r3/b22_C] [plan iscas99__b22] [plan] step=465 node=N5277 type=observe q_typed_reliable_context=4.722142 sequence=1294.249956
[typed-five-r3/b22_C] [plan iscas99__b22] [plan] step=466 node=N3481 type=observe q_typed_reliable_context=2.966793 sequence=1297.216749
[typed-five-r3/b22_C] [plan iscas99__b22] [plan] step=467 node=N18323 type=control1 q_typed_reliable_context=2.921980 sequence=1300.138728
[typed-five-r3/b22_C] [plan iscas99__b22] [plan] step=468 node=N2068 type=observe q_typed_reliable_context=3.161141 sequence=1303.299869
[typed-five-r3/b22_C] [plan iscas99__b22] [plan] step=469 node=N12294 type=control1 q_typed_reliable_context=0.943792 sequence=1304.243661
[typed-five-r3/b22_C] [plan iscas99__b22] [plan] step=470 node=N4381 type=observe q_typed_reliable_context=1.815736 sequence=1306.059397
[typed-five-r3/b22_C] [plan iscas99__b22] [plan] step=471 node=N18570 type=control0 q_typed_reliable_context=0.657611 sequence=1306.717007
[typed-five-r3/b22_C] [plan iscas99__b22] [plan] step=472 node=N2056 type=observe q_typed_reliable_context=3.441625 sequence=1310.158633
[typed-five-r3/b22_C] [plan iscas99__b22] [plan] step=473 node=N21403 type=control1 q_typed_reliable_context=5.435444 sequence=1315.594077
[typed-five-r3/b22_C] [plan iscas99__b22] [plan] step=474 node=N3294 type=observe q_typed_reliable_context=2.132359 sequence=1317.726436
[typed-five-r3/b22_C] [plan iscas99__b22] [plan] step=475 node=N1278 type=observe q_typed_reliable_context=2.107470 sequence=1319.833906
[typed-five-r3/b22_C] [plan iscas99__b22] [plan] step=476 node=N1517 type=control0 q_typed_reliable_context=3.583291 sequence=1323.417197
[typed-five-r3/b22_C] [plan iscas99__b22] [plan] step=477 node=N23991 type=control1 q_typed_reliable_context=2.162114 sequence=1325.579311
[typed-five-r3/b22_C] [plan iscas99__b22] [plan] step=478 node=N15051 type=observe q_typed_reliable_context=1.971622 sequence=1327.550933
[typed-five-r3/b22_C] [plan iscas99__b22] [plan] step=479 node=N19366 type=control0 q_typed_reliable_context=0.644106 sequence=1328.195039
[typed-five-r3/b22_C] [plan iscas99__b22] [plan] step=480 node=N18480 type=observe q_typed_reliable_context=0.853776 sequence=1329.048815
[typed-five-r3/b22_C] [plan iscas99__b22] [plan] step=481 node=N18464 type=observe q_typed_reliable_context=4.378270 sequence=1333.427085
[typed-five-r3/b22_C] [plan iscas99__b22] [plan] step=482 node=N4354 type=observe q_typed_reliable_context=7.232986 sequence=1340.660071
[typed-five-r3/b22_C] [plan iscas99__b22] [plan] step=483 node=N2069 type=observe q_typed_reliable_context=6.903893 sequence=1347.563964
[typed-five-r3/b22_C] [plan iscas99__b22] [plan] step=484 node=N2070 type=observe q_typed_reliable_context=6.638143 sequence=1354.202108
[typed-five-r3/b22_C] [plan iscas99__b22] [plan] step=485 node=N3436 type=observe q_typed_reliable_context=5.748758 sequence=1359.950865
[typed-five-r3/b22_C] [plan iscas99__b22] [plan] step=486 node=N4369 type=observe q_typed_reliable_context=3.927091 sequence=1363.877956
[typed-five-r3/b22_C] [plan iscas99__b22] [plan] step=487 node=N4547 type=observe q_typed_reliable_context=2.345379 sequence=1366.223335
[typed-five-r3/b22_C] [plan iscas99__b22] [plan] step=488 node=N2057 type=observe q_typed_reliable_context=3.522105 sequence=1369.745439
[typed-five-r3/b22_C] [plan iscas99__b22] [plan] step=489 node=N6911 type=observe q_typed_reliable_context=7.109205 sequence=1376.854644
[typed-five-r3/b22_C] [plan iscas99__b22] [plan] step=490 node=N15058 type=observe q_typed_reliable_context=7.577807 sequence=1384.432451
[typed-five-r3/b22_C] [plan iscas99__b22] [plan] step=491 node=N4475 type=observe q_typed_reliable_context=3.214198 sequence=1387.646649
[typed-five-r3/b22_C] [plan iscas99__b22] [plan] step=492 node=N26405 type=control1 q_typed_reliable_context=1.328871 sequence=1388.975521
[typed-five-r3/b22_C] [plan iscas99__b22] [plan] step=493 node=N5268 type=observe q_typed_reliable_context=5.303275 sequence=1394.278795
[typed-five-r3/b22_C] [plan iscas99__b22] [plan] step=494 node=N4351 type=observe q_typed_reliable_context=4.196850 sequence=1398.475646
[typed-five-r3/b22_C] [plan iscas99__b22] [plan] step=495 node=N3320 type=observe q_typed_reliable_context=6.954302 sequence=1405.429947
[typed-five-r3/b22_C] [plan iscas99__b22] [plan] step=496 node=N5275 type=observe q_typed_reliable_context=3.356787 sequence=1408.786734
[typed-five-r3/b22_C] [plan iscas99__b22] [plan] step=497 node=N4393 type=observe q_typed_reliable_context=4.055480 sequence=1412.842214
[typed-five-r3/b22_C] [plan iscas99__b22] [plan] step=498 node=N3454 type=observe q_typed_reliable_context=6.322976 sequence=1419.165190
[typed-five-r3/b22_C] [plan iscas99__b22] [plan] step=499 node=N15053 type=observe q_typed_reliable_context=6.058914 sequence=1425.224104
[typed-five-r3/b22_C] [plan iscas99__b22] [plan] step=500 node=N18572 type=control0 q_typed_reliable_context=0.184594 sequence=1425.408698
[typed-five-r3/b22_C] [plan iscas99__b22] [plan] step=501 node=N4396 type=observe q_typed_reliable_context=0.586283 sequence=1425.994981
[typed-five-r3/b22_C] [plan iscas99__b22] [plan] step=502 node=N14517 type=observe q_typed_reliable_context=0.717829 sequence=1426.712810
[typed-five-r3/b22_C] [plan iscas99__b22] [plan] step=503 node=N5273 type=observe q_typed_reliable_context=3.228056 sequence=1429.940866
[typed-five-r3/b22_C] [plan iscas99__b22] [plan] step=504 node=N4831 type=observe q_typed_reliable_context=3.098726 sequence=1433.039592
[typed-five-r3/b22_C] [plan iscas99__b22] [plan] step=505 node=N3499 type=observe q_typed_reliable_context=6.129173 sequence=1439.168765
[typed-five-r3/b22_C] [plan iscas99__b22] [plan] step=506 node=N5272 type=observe q_typed_reliable_context=4.746229 sequence=1443.914994
[typed-five-r3/b22_C] [plan iscas99__b22] [plan] step=507 node=N14412 type=observe q_typed_reliable_context=6.773216 sequence=1450.688210
[typed-five-r3/b22_C] [plan iscas99__b22] [plan] step=508 node=N4402 type=observe q_typed_reliable_context=6.235664 sequence=1456.923874
[typed-five-r3/b22_C] [plan iscas99__b22] [plan] step=509 node=N18398 type=observe q_typed_reliable_context=3.604577 sequence=1460.528451
[typed-five-r3/b22_C] [plan iscas99__b22] [plan] step=510 node=N15071 type=observe q_typed_reliable_context=1.522193 sequence=1462.050645
[typed-five-r3/b22_C] [plan iscas99__b22] [plan] step=511 node=N1757 type=observe q_typed_reliable_context=2.988849 sequence=1465.039494
[typed-five-r3/b22_C] [plan iscas99__b22] [plan] step=512 node=N14410 type=observe q_typed_reliable_context=1.828756 sequence=1466.868250
[typed-five-r3/b22_C] [plan iscas99__b22] [plan] step=513 node=N4408 type=observe q_typed_reliable_context=3.508218 sequence=1470.376468
[typed-five-r3/b22_C] [plan iscas99__b22] [plan] step=514 node=N6920 type=observe q_typed_reliable_context=1.170000 sequence=1471.546468
[typed-five-r3/b22_C] [plan iscas99__b22] [plan] step=515 node=N15111 type=observe q_typed_reliable_context=4.296405 sequence=1475.842873
[typed-five-r3/b22_C] [plan iscas99__b22] [plan] step=516 node=N15114 type=observe q_typed_reliable_context=0.240509 sequence=1476.083382
[typed-five-r3/b22_C] [plan iscas99__b22] [plan] step=517 node=N3553 type=observe q_typed_reliable_context=4.543198 sequence=1480.626580
[typed-five-r3/b22_C] [plan iscas99__b22] [plan] step=518 node=N4399 type=observe q_typed_reliable_context=6.325471 sequence=1486.952051
[typed-five-r3/b22_C] [plan iscas99__b22] [plan] step=519 node=N15069 type=observe q_typed_reliable_context=5.730000 sequence=1492.682051
[typed-five-r3/b22_C] [plan iscas99__b22] [plan] step=520 node=N3235 type=observe q_typed_reliable_context=0.763556 sequence=1493.445607
[typed-five-r3/b22_C] [plan iscas99__b22] [plan] step=521 node=N15112 type=observe q_typed_reliable_context=3.864521 sequence=1497.310128
[typed-five-r3/b22_C] [plan iscas99__b22] [plan] step=522 node=N3255 type=observe q_typed_reliable_context=4.872225 sequence=1502.182353
[typed-five-r3/b22_C] [plan iscas99__b22] [plan] step=523 node=N19343 type=control0 q_typed_reliable_context=5.869041 sequence=1508.051395
[typed-five-r3/b22_C] [plan iscas99__b22] [plan] step=524 node=N9543 type=control0 q_typed_reliable_context=5.713451 sequence=1513.764846
[typed-five-r3/b22_C] [plan iscas99__b22] [plan] step=525 node=N6914 type=observe q_typed_reliable_context=4.001538 sequence=1517.766383
[typed-five-r3/b22_C] [plan iscas99__b22] [plan] step=526 node=N3517 type=observe q_typed_reliable_context=6.587282 sequence=1524.353665
[typed-five-r3/b22_C] [plan iscas99__b22] [plan] step=527 node=N14413 type=observe q_typed_reliable_context=4.719018 sequence=1529.072683
[typed-five-r3/b22_C] [plan iscas99__b22] [plan] step=528 node=N4405 type=observe q_typed_reliable_context=3.399174 sequence=1532.471856
[typed-five-r3/b22_C] [plan iscas99__b22] [plan] step=529 node=N18496 type=observe q_typed_reliable_context=5.078503 sequence=1537.550359
[typed-five-r3/b22_C] [plan iscas99__b22] [plan] step=530 node=N6122 type=observe q_typed_reliable_context=3.997573 sequence=1541.547932
[typed-five-r3/b22_C] [plan iscas99__b22] [plan] step=531 node=N6917 type=observe q_typed_reliable_context=5.523069 sequence=1547.071001
[typed-five-r3/b22_C] [plan iscas99__b22] [plan] step=532 node=N15075 type=observe q_typed_reliable_context=6.201831 sequence=1553.272832
[typed-five-r3/b22_C] [plan iscas99__b22] [plan] step=533 node=N1576 type=control0 q_typed_reliable_context=3.353104 sequence=1556.625936
[typed-five-r3/b22_C] [plan iscas99__b22] [plan] step=534 node=N3535 type=observe q_typed_reliable_context=6.258235 sequence=1562.884171
[typed-five-r3/b22_C] [plan iscas99__b22] [plan] step=535 node=N18488 type=observe q_typed_reliable_context=4.704653 sequence=1567.588824
[typed-five-r3/b22_C] [plan iscas99__b22] [plan] step=536 node=N4416 type=observe q_typed_reliable_context=3.650120 sequence=1571.238944
[typed-five-r3/b22_C] [plan iscas99__b22] [plan] step=537 node=N18487 type=observe q_typed_reliable_context=5.857717 sequence=1577.096661
[typed-five-r3/b22_C] [plan iscas99__b22] [plan] step=538 node=N6919 type=observe q_typed_reliable_context=3.960312 sequence=1581.056973
[typed-five-r3/b22_C] [plan iscas99__b22] [plan] step=539 node=N3400 type=observe q_typed_reliable_context=7.407201 sequence=1588.464174
[typed-five-r3/b22_C] [plan iscas99__b22] [plan] step=540 node=N4362 type=observe q_typed_reliable_context=5.816527 sequence=1594.280701
[typed-five-r3/b22_C] [plan iscas99__b22] [plan] step=541 node=N14423 type=observe q_typed_reliable_context=6.095161 sequence=1600.375861
[typed-five-r3/b22_C] [plan iscas99__b22] [plan] step=542 node=N5256 type=observe q_typed_reliable_context=5.607685 sequence=1605.983546
[typed-five-r3/b22_C] [plan iscas99__b22] [plan] step=543 node=N18467 type=observe q_typed_reliable_context=2.395818 sequence=1608.379364
[typed-five-r3/b22_C] [plan iscas99__b22] [plan] step=544 node=N18476 type=observe q_typed_reliable_context=2.695219 sequence=1611.074583
[typed-five-r3/b22_C] [plan iscas99__b22] [plan] step=545 node=N18478 type=observe q_typed_reliable_context=4.833430 sequence=1615.908013
[typed-five-r3/b22_C] [plan iscas99__b22] [plan] step=546 node=N24042 type=observe q_typed_reliable_context=6.151485 sequence=1622.059498
[typed-five-r3/b22_C] [plan iscas99__b22] [plan] step=547 node=N6916 type=observe q_typed_reliable_context=2.689823 sequence=1624.749320
[typed-five-r3/b22_C] [plan iscas99__b22] [plan] step=548 node=N15066 type=observe q_typed_reliable_context=6.562858 sequence=1631.312178
[typed-five-r3/b22_C] [plan iscas99__b22] [plan] step=549 node=N14471 type=observe q_typed_reliable_context=6.463938 sequence=1637.776116
[typed-five-r3/b22_C] [plan iscas99__b22] [plan] step=550 node=N3508 type=observe q_typed_reliable_context=2.701327 sequence=1640.477443
[typed-five-r3/b22_C] [plan iscas99__b22] [plan] step=551 node=N4334 type=observe q_typed_reliable_context=5.892704 sequence=1646.370148
[typed-five-r3/b22_C] [plan iscas99__b22] [plan] step=552 node=N18495 type=observe q_typed_reliable_context=3.558116 sequence=1649.928264
[typed-five-r3/b22_C] [plan iscas99__b22] [plan] step=553 node=N15052 type=observe q_typed_reliable_context=1.133000 sequence=1651.061264
[typed-five-r3/b22_C] [plan iscas99__b22] [plan] step=554 node=N4337 type=observe q_typed_reliable_context=6.291287 sequence=1657.352551
[typed-five-r3/b22_C] [plan iscas99__b22] [plan] step=555 node=N3338 type=observe q_typed_reliable_context=6.016566 sequence=1663.369117
[typed-five-r3/b22_C] [plan iscas99__b22] [plan] step=556 node=N3744 type=observe q_typed_reliable_context=5.614559 sequence=1668.983676
[typed-five-r3/b22_C] [plan iscas99__b22] [plan] step=557 node=N7486 type=observe q_typed_reliable_context=6.518491 sequence=1675.502167
[typed-five-r3/b22_C] [plan iscas99__b22] [plan] step=558 node=N4340 type=observe q_typed_reliable_context=6.639079 sequence=1682.141246
[typed-five-r3/b22_C] [plan iscas99__b22] [plan] step=559 node=N7495 type=observe q_typed_reliable_context=5.998788 sequence=1688.140034
[typed-five-r3/b22_C] [plan iscas99__b22] [plan] step=560 node=N3472 type=observe q_typed_reliable_context=6.103109 sequence=1694.243143
[typed-five-r3/b22_C] [plan iscas99__b22] [plan] step=561 node=N7507 type=observe q_typed_reliable_context=6.519997 sequence=1700.763140
[typed-five-r3/b22_C] [plan iscas99__b22] [plan] step=562 node=N15063 type=observe q_typed_reliable_context=6.684994 sequence=1707.448134
[typed-five-r3/b22_C] [plan iscas99__b22] [plan] step=563 node=N6922 type=observe q_typed_reliable_context=6.495401 sequence=1713.943536
[typed-five-r3/b22_C] [plan iscas99__b22] [plan] step=564 node=N3742 type=observe q_typed_reliable_context=6.640933 sequence=1720.584469
[typed-five-r3/b22_C] [plan iscas99__b22] [plan] step=565 node=N4418 type=observe q_typed_reliable_context=6.586060 sequence=1727.170529
[typed-five-r3/b22_C] [plan iscas99__b22] [plan] step=566 node=N3356 type=observe q_typed_reliable_context=4.605608 sequence=1731.776137
[typed-five-r3/b22_C] [plan iscas99__b22] [plan] step=567 node=N3751 type=observe q_typed_reliable_context=6.673406 sequence=1738.449543
[typed-five-r3/b22_C] [plan iscas99__b22] [plan] step=568 node=N4421 type=observe q_typed_reliable_context=6.916954 sequence=1745.366497
[typed-five-r3/b22_C] [plan iscas99__b22] [plan] step=569 node=N3374 type=observe q_typed_reliable_context=5.883862 sequence=1751.250359
[typed-five-r3/b22_C] [plan iscas99__b22] [plan] step=570 node=N15061 type=observe q_typed_reliable_context=2.825587 sequence=1754.075946
[typed-five-r3/b22_C] [plan iscas99__b22] [plan] step=571 node=N4412 type=observe q_typed_reliable_context=2.764778 sequence=1756.840723
[typed-five-r3/b22_C] [plan iscas99__b22] [plan] step=572 node=N3080 type=observe q_typed_reliable_context=2.803791 sequence=1759.644514
[typed-five-r3/b22_C] [plan iscas99__b22] [plan] step=573 node=N3095 type=observe q_typed_reliable_context=2.829324 sequence=1762.473838
[typed-five-r3/b22_C] [plan iscas99__b22] [plan] step=574 node=N3309 type=observe q_typed_reliable_context=2.840889 sequence=1765.314727
[typed-five-r3/b22_C] [plan iscas99__b22] [plan] step=575 node=N3105 type=observe q_typed_reliable_context=2.434871 sequence=1767.749599
[typed-five-r3/b22_C] [plan iscas99__b22] [plan] step=576 node=N3125 type=observe q_typed_reliable_context=1.702205 sequence=1769.451804
[typed-five-r3/b22_C] [plan iscas99__b22] [plan] step=577 node=N3135 type=observe q_typed_reliable_context=0.572643 sequence=1770.024447
[typed-five-r3/b22_C] [plan iscas99__b22] [plan] step=578 node=N3145 type=observe q_typed_reliable_context=2.396004 sequence=1772.420450
[typed-five-r3/b22_C] [plan iscas99__b22] [plan] step=579 node=N3155 type=observe q_typed_reliable_context=1.274661 sequence=1773.695111
[typed-five-r3/b22_C] [plan iscas99__b22] [plan] step=580 node=N3165 type=observe q_typed_reliable_context=1.283937 sequence=1774.979049
[typed-five-r3/b22_C] [plan iscas99__b22] [plan] step=581 node=N3175 type=observe q_typed_reliable_context=1.293691 sequence=1776.272739
[typed-five-r3/b22_C] [plan iscas99__b22] [plan] step=582 node=N3185 type=observe q_typed_reliable_context=1.299568 sequence=1777.572308
[typed-five-r3/b22_C] [plan iscas99__b22] [plan] step=583 node=N3195 type=observe q_typed_reliable_context=1.310575 sequence=1778.882883
[typed-five-r3/b22_C] [plan iscas99__b22] [plan] step=584 node=N3205 type=observe q_typed_reliable_context=1.323872 sequence=1780.206755
[typed-five-r3/b22_C] [plan iscas99__b22] [plan] step=585 node=N3215 type=observe q_typed_reliable_context=1.337049 sequence=1781.543803
[typed-five-r3/b22_C] [plan iscas99__b22] [plan] step=586 node=N3225 type=observe q_typed_reliable_context=1.352234 sequence=1782.896037
[typed-five-r3/b22_C] [plan iscas99__b22] [plan] step=587 node=N15077 type=observe q_typed_reliable_context=5.770065 sequence=1788.666102
[typed-five-r3/b22_C] [plan iscas99__b22] [plan] step=588 node=N14351 type=observe q_typed_reliable_context=5.373688 sequence=1794.039791
[typed-five-r3/b22_C] [plan iscas99__b22] [plan] step=589 node=N2570 type=observe q_typed_reliable_context=3.548958 sequence=1797.588749
[typed-five-r3/b22_C] [plan iscas99__b22] [plan] step=590 node=N3445 type=observe q_typed_reliable_context=2.929360 sequence=1800.518109
[typed-five-r3/b22_C] [plan iscas99__b22] [plan] step=591 node=N3115 type=observe q_typed_reliable_context=2.325198 sequence=1802.843307
[typed-five-r3/b22_C] [plan iscas99__b22] [plan] step=592 node=N15104 type=observe q_typed_reliable_context=1.007845 sequence=1803.851152
[typed-five-r3/b22_C] [plan iscas99__b22] [plan] step=593 node=N24123 type=control1 q_typed_reliable_context=0.897085 sequence=1804.748237
[typed-five-r3/b22_C] [plan iscas99__b22] [plan] step=594 node=N24126 type=control1 q_typed_reliable_context=4.502551 sequence=1809.250787
[typed-five-r3/b22_C] [plan iscas99__b22] [plan] step=595 node=N20852 type=control1 q_typed_reliable_context=6.067044 sequence=1815.317831
[typed-five-r3/b22_C] [plan iscas99__b22] [plan] step=596 node=N20351 type=control1 q_typed_reliable_context=6.748437 sequence=1822.066268
[typed-five-r3/b22_C] [plan iscas99__b22] [plan] step=597 node=N21973 type=control1 q_typed_reliable_context=5.171863 sequence=1827.238131
[typed-five-r3/b22_C] [plan iscas99__b22] [plan] step=598 node=N19851 type=control1 q_typed_reliable_context=7.153798 sequence=1834.391929
[typed-five-r3/b22_C] [plan iscas99__b22] [plan] step=599 node=N7475 type=control0 q_typed_reliable_context=0.803839 sequence=1835.195768
[typed-five-r3/b22_C] [plan iscas99__b22] [plan] step=600 node=N15119 type=observe q_typed_reliable_context=2.373320 sequence=1837.569088
[typed-five-r3/b22_C] [plan iscas99__b22] [plan] step=601 node=N13032 type=control0 q_typed_reliable_context=1.941638 sequence=1839.510726
[typed-five-r3/b22_C] [plan iscas99__b22] [plan] step=602 node=N24125 type=control1 q_typed_reliable_context=0.758948 sequence=1840.269673
[typed-five-r3/b22_C] [plan iscas99__b22] [plan] step=603 node=N20850 type=control1 q_typed_reliable_context=6.702253 sequence=1846.971926
[typed-five-r3/b22_C] [plan iscas99__b22] [plan] step=604 node=N20851 type=control1 q_typed_reliable_context=7.002175 sequence=1853.974101
[typed-five-r3/b22_C] [plan iscas99__b22] [plan] step=605 node=N20858 type=control1 q_typed_reliable_context=7.314290 sequence=1861.288390
[typed-five-r3/b22_C] [plan iscas99__b22] [plan] step=606 node=N12698 type=control1 q_typed_reliable_context=7.427783 sequence=1868.716173
[typed-five-r3/b22_C] [plan iscas99__b22] [plan] step=607 node=N18225 type=control1 q_typed_reliable_context=7.182657 sequence=1875.898830
[typed-five-r3/b22_C] [plan iscas99__b22] [plan] step=608 node=N18235 type=control1 q_typed_reliable_context=6.949939 sequence=1882.848768
[typed-five-r3/b22_C] [plan iscas99__b22] [plan] step=609 node=N20349 type=control1 q_typed_reliable_context=6.698170 sequence=1889.546938
[typed-five-r3/b22_C] [plan iscas99__b22] [plan] step=610 node=N20350 type=control1 q_typed_reliable_context=7.490609 sequence=1897.037547
[typed-five-r3/b22_C] [plan iscas99__b22] [plan] step=611 node=N20357 type=control1 q_typed_reliable_context=7.876765 sequence=1904.914312
[typed-five-r3/b22_C] [plan iscas99__b22] [plan] step=612 node=N24127 type=control1 q_typed_reliable_context=0.707768 sequence=1905.622081
[typed-five-r3/b22_C] [plan iscas99__b22] [plan] step=613 node=N20857 type=control1 q_typed_reliable_context=8.370000 sequence=1913.992081
[typed-five-r3/b22_C] [plan iscas99__b22] [plan] step=614 node=N21971 type=control1 q_typed_reliable_context=7.890614 sequence=1921.882695
[typed-five-r3/b22_C] [plan iscas99__b22] [plan] step=615 node=N21972 type=control1 q_typed_reliable_context=7.710000 sequence=1929.592695
[typed-five-r3/b22_C] [plan iscas99__b22] [plan] step=616 node=N21979 type=control1 q_typed_reliable_context=7.710000 sequence=1937.302695
[typed-five-r3/b22_C] [plan iscas99__b22] [plan] step=617 node=N21978 type=control1 q_typed_reliable_context=7.710000 sequence=1945.012695
[typed-five-r3/b22_C] [plan iscas99__b22] [plan] step=618 node=N10497 type=control0 q_typed_reliable_context=0.681697 sequence=1945.694392
[typed-five-r3/b22_C] [plan iscas99__b22] [plan] step=619 node=N20356 type=control1 q_typed_reliable_context=3.972391 sequence=1949.666784
[typed-five-r3/b22_C] [plan iscas99__b22] [plan] step=620 node=N19849 type=control1 q_typed_reliable_context=8.008612 sequence=1957.675396
[typed-five-r3/b22_C] [plan iscas99__b22] [plan] step=621 node=N19850 type=control1 q_typed_reliable_context=7.984214 sequence=1965.659610
[typed-five-r3/b22_C] [plan iscas99__b22] [plan] step=622 node=N19857 type=control1 q_typed_reliable_context=7.842869 sequence=1973.502479
[typed-five-r3/b22_C] [plan iscas99__b22] [plan] step=623 node=N19856 type=control1 q_typed_reliable_context=7.678587 sequence=1981.181066
[typed-five-r3/b22_C] [plan iscas99__b22] [plan] step=624 node=N14523 type=control0 q_typed_reliable_context=2.100284 sequence=1983.281350
[typed-five-r3/b22_C] [plan iscas99__b22] [plan] step=625 node=N6838 type=control0 q_typed_reliable_context=6.920065 sequence=1990.201415
[typed-five-r3/b22_C] [plan iscas99__b22] [plan] step=626 node=N6847 type=control0 q_typed_reliable_context=5.889700 sequence=1996.091116
[typed-five-r3/b22_C] [plan iscas99__b22] [plan] step=627 node=N6659 type=control0 q_typed_reliable_context=4.583995 sequence=2000.675111
[typed-five-r3/b22_C] [plan iscas99__b22] [plan] step=628 node=N6793 type=control0 q_typed_reliable_context=7.558640 sequence=2008.233751
[typed-five-r3/b22_C] [plan iscas99__b22] [plan] step=629 node=N12988 type=control1 q_typed_reliable_context=1.878464 sequence=2010.112216
[typed-five-r3/b22_C] [plan iscas99__b22] [plan] step=630 node=N18461 type=observe q_typed_reliable_context=0.321464 sequence=2010.433680
[typed-five-r3/b22_C] [plan iscas99__b22] [plan] step=631 node=N15291 type=observe q_typed_reliable_context=2.119212 sequence=2012.552892
[typed-five-r3/b22_C] [plan iscas99__b22] [plan] step=632 node=N9311 type=control0 q_typed_reliable_context=3.022987 sequence=2015.575879
[typed-five-r3/b22_C] [plan iscas99__b22] [plan] step=633 node=N15173 type=observe q_typed_reliable_context=0.513842 sequence=2016.089721
[typed-five-r3/b22_C] [plan iscas99__b22] [plan] step=634 node=N18458 type=observe q_typed_reliable_context=0.221851 sequence=2016.311573
[typed-five-r3/b22_C] [plan iscas99__b22] [plan] step=635 node=N14411 type=observe q_typed_reliable_context=1.591212 sequence=2017.902784
[typed-five-r3/b22_C] [plan iscas99__b22] [plan] step=636 node=N18382 type=observe q_typed_reliable_context=0.896430 sequence=2018.799214
[typed-five-r3/b22_C] [plan iscas99__b22] [plan] step=637 node=N15176 type=observe q_typed_reliable_context=1.394703 sequence=2020.193917
[typed-five-r3/b22_C] [plan iscas99__b22] [plan] step=638 node=N15171 type=observe q_typed_reliable_context=0.949979 sequence=2021.143896
[typed-five-r3/b22_C] [plan iscas99__b22] [plan] step=639 node=N2437 type=observe q_typed_reliable_context=2.790745 sequence=2023.934641
[typed-five-r3/b22_C] [plan iscas99__b22] [plan] step=640 node=N3409 type=observe q_typed_reliable_context=2.969313 sequence=2026.903954
[typed-five-r3/b22_C] [plan iscas99__b22] [plan] step=641 node=N15169 type=observe q_typed_reliable_context=0.288066 sequence=2027.192020
[typed-five-r3/b22_C] [plan iscas99__b22] [plan] step=642 node=N15138 type=observe q_typed_reliable_context=1.653973 sequence=2028.845993
[typed-five-r3/b22_C] [plan iscas99__b22] [plan] step=643 node=N15068 type=observe q_typed_reliable_context=2.870054 sequence=2031.716047
[typed-five-r3/b22_C] [plan iscas99__b22] [plan] step=644 node=N14347 type=observe q_typed_reliable_context=1.110485 sequence=2032.826532
[typed-five-r3/b22_C] [plan iscas99__b22] [plan] step=645 node=N2627 type=observe q_typed_reliable_context=0.788020 sequence=2033.614552
[typed-five-r3/b22_C] [plan iscas99__b22] [plan] step=646 node=N3463 type=observe q_typed_reliable_context=2.724965 sequence=2036.339517
[typed-five-r3/b22_C] [plan iscas99__b22] [plan] step=647 node=N3245 type=observe q_typed_reliable_context=4.796897 sequence=2041.136413
[typed-five-r3/b22_C] [plan iscas99__b22] [plan] step=648 node=N14342 type=observe q_typed_reliable_context=6.543388 sequence=2047.679802
[typed-five-r3/b22_C] [plan iscas99__b22] [plan] step=649 node=N2760 type=observe q_typed_reliable_context=6.494366 sequence=2054.174168
[typed-five-r3/b22_C] [plan iscas99__b22] [plan] step=650 node=N15159 type=observe q_typed_reliable_context=0.305923 sequence=2054.480091
[typed-five-r3/b22_C] [plan iscas99__b22] [plan] step=651 node=N1752 type=observe q_typed_reliable_context=0.280871 sequence=2054.760962
[typed-five-r3/b22_C] [plan iscas99__b22] [plan] step=652 node=N15059 type=observe q_typed_reliable_context=5.632479 sequence=2060.393440
[typed-five-r3/b22_C] [plan iscas99__b22] [plan] step=653 node=N14346 type=observe q_typed_reliable_context=1.122602 sequence=2061.516042
[typed-five-r3/b22_C] [plan iscas99__b22] [plan] step=654 node=N2798 type=observe q_typed_reliable_context=1.816421 sequence=2063.332462
[typed-five-r3/b22_C] [plan iscas99__b22] [plan] step=655 node=N18597 type=observe q_typed_reliable_context=2.052227 sequence=2065.384689
[typed-five-r3/b22_C] [plan iscas99__b22] [plan] step=656 node=N3265 type=observe q_typed_reliable_context=2.151280 sequence=2067.535969
[typed-five-r3/b22_C] [plan iscas99__b22] [plan] step=657 node=N3490 type=observe q_typed_reliable_context=3.135357 sequence=2070.671327
[typed-five-r3/b22_C] [plan iscas99__b22] [plan] step=658 node=N15076 type=observe q_typed_reliable_context=6.032014 sequence=2076.703341
[typed-five-r3/b22_C] [plan iscas99__b22] [plan] step=659 node=N14358 type=observe q_typed_reliable_context=0.788921 sequence=2077.492262
[typed-five-r3/b22_C] [plan iscas99__b22] [plan] step=660 node=N2817 type=observe q_typed_reliable_context=4.482151 sequence=2081.974413
[typed-five-r3/b22_C] [plan iscas99__b22] [plan] step=661 node=N14421 type=observe q_typed_reliable_context=0.760885 sequence=2082.735297
[typed-five-r3/b22_C] [plan iscas99__b22] [plan] step=662 node=N3544 type=observe q_typed_reliable_context=1.502977 sequence=2084.238275
[typed-five-r3/b22_C] [plan iscas99__b22] [plan] step=663 node=N18427 type=observe q_typed_reliable_context=0.790455 sequence=2085.028729
[typed-five-r3/b22_C] [plan iscas99__b22] [plan] step=664 node=N24207 type=control0 q_typed_reliable_context=0.219867 sequence=2085.248597
[typed-five-r3/b22_C] [plan iscas99__b22] [plan] step=665 node=N24184 type=control0 q_typed_reliable_context=0.200280 sequence=2085.448877
[typed-five-r3/b22_C] [plan iscas99__b22] [plan] step=666 node=N15348 type=control0 q_typed_reliable_context=0.209390 sequence=2085.658267
[typed-five-r3/b22_C] [plan iscas99__b22] [plan] step=667 node=N9572 type=control0 q_typed_reliable_context=1.899559 sequence=2087.557826
[typed-five-r3/b22_C] [plan iscas99__b22] [plan] step=668 node=N9310 type=control0 q_typed_reliable_context=0.197432 sequence=2087.755258
[typed-five-r3/b22_C] [plan iscas99__b22] [plan] step=669 node=N6784 type=control0 q_typed_reliable_context=0.060946 sequence=2087.816204
[typed-five-r3/b22_C] [plan iscas99__b22] [plan] step=670 node=N6614 type=control0 q_typed_reliable_context=2.243956 sequence=2090.060160
[typed-five-r3/b22_C] [plan iscas99__b22] [plan] step=671 node=N6632 type=control0 q_typed_reliable_context=1.474176 sequence=2091.534337
[typed-five-r3/b22_C] [plan iscas99__b22] [plan] step=672 node=N6757 type=control0 q_typed_reliable_context=0.708954 sequence=2092.243290
[typed-five-r3/b22_C] [plan iscas99__b22] [plan] step=673 node=N6650 type=control0 q_typed_reliable_context=0.773894 sequence=2093.017185
[typed-five-r3/b22_C] [plan iscas99__b22] [plan] step=674 node=N6739 type=control0 q_typed_reliable_context=0.737748 sequence=2093.754933
[typed-five-r3/b22_C] [plan iscas99__b22] [plan] step=675 node=N6802 type=control0 q_typed_reliable_context=0.751337 sequence=2094.506270
[typed-five-r3/b22_C] [plan iscas99__b22] [plan] step=676 node=N15136 type=observe q_typed_reliable_context=0.659524 sequence=2095.165793
[typed-five-r3/b22_C] [plan iscas99__b22] [plan] step=677 node=N2836 type=observe q_typed_reliable_context=0.852146 sequence=2096.017939
[typed-five-r3/b22_C] [plan iscas99__b22] [plan] step=678 node=N3275 type=observe q_typed_reliable_context=0.733639 sequence=2096.751578
[typed-five-r3/b22_C] [plan iscas99__b22] [plan] step=679 node=N14433 type=observe q_typed_reliable_context=5.592639 sequence=2102.344217
[typed-five-r3/b22_C] [plan iscas99__b22] [plan] step=680 node=N15078 type=observe q_typed_reliable_context=5.566658 sequence=2107.910876
[typed-five-r3/b22_C] [plan iscas99__b22] [plan] step=681 node=N3526 type=observe q_typed_reliable_context=1.883105 sequence=2109.793981
[typed-five-r3/b22_C] [plan iscas99__b22] [plan] step=682 node=N6623 type=control0 q_typed_reliable_context=0.167254 sequence=2109.961235
[typed-five-r3/b22_C] [plan iscas99__b22] [plan] step=683 node=N6703 type=control0 q_typed_reliable_context=0.060666 sequence=2110.021901
[typed-five-r3/b22_C] [plan iscas99__b22] [plan] step=684 node=N6694 type=control0 q_typed_reliable_context=0.407347 sequence=2110.429248
[typed-five-r3/b22_C] [plan iscas99__b22] [plan] step=685 node=N6601 type=control0 q_typed_reliable_context=0.590818 sequence=2111.020066
[typed-five-r3/b22_C] [plan iscas99__b22] [plan] step=686 node=N6820 type=control0 q_typed_reliable_context=0.712520 sequence=2111.732586
[typed-five-r3/b22_C] [plan iscas99__b22] [plan] step=687 node=N18459 type=observe q_typed_reliable_context=0.531260 sequence=2112.263846
[typed-five-r3/b22_C] [plan iscas99__b22] [plan] step=688 node=N2892 type=observe q_typed_reliable_context=0.786127 sequence=2113.049973
[typed-five-r3/b22_C] [plan iscas99__b22] [plan] step=689 node=N15062 type=observe q_typed_reliable_context=0.800892 sequence=2113.850865
[typed-five-r3/b22_C] [plan iscas99__b22] [plan] step=690 node=N2305 type=observe q_typed_reliable_context=4.788191 sequence=2118.639056
[typed-five-r3/b22_C] [plan iscas99__b22] [plan] step=691 node=N15276 type=observe q_typed_reliable_context=1.660922 sequence=2120.299978
[typed-five-r3/b22_C] [plan iscas99__b22] [plan] step=692 node=N4358 type=observe q_typed_reliable_context=0.389667 sequence=2120.689646
[typed-five-r3/b22_C] [plan iscas99__b22] [plan] step=693 node=N6730 type=control0 q_typed_reliable_context=0.169552 sequence=2120.859198
[typed-five-r3/b22_C] [plan iscas99__b22] [plan] step=694 node=N15013 type=observe q_typed_reliable_context=0.747972 sequence=2121.607170
[typed-five-r3/b22_C] [plan iscas99__b22] [plan] step=695 node=N6748 type=control0 q_typed_reliable_context=1.427965 sequence=2123.035135
[typed-five-r3/b22_C] [plan iscas99__b22] [plan] step=696 node=N6677 type=control0 q_typed_reliable_context=0.798792 sequence=2123.833926
[typed-five-r3/b22_C] [plan iscas99__b22] [plan] step=697 node=N6712 type=control0 q_typed_reliable_context=0.667996 sequence=2124.501923
[typed-five-r3/b22_C] [plan iscas99__b22] [plan] step=698 node=N6829 type=control0 q_typed_reliable_context=0.607205 sequence=2125.109128
[typed-five-r3/b22_C] [plan iscas99__b22] [plan] step=699 node=N3936 type=control0 q_typed_reliable_context=0.699193 sequence=2125.808321
[typed-five-r3/b22_C] [plan iscas99__b22] [plan] step=700 node=N9804 type=control0 q_typed_reliable_context=1.038401 sequence=2126.846721
[typed-five-r3/b22_C] [plan iscas99__b22] [plan] step=701 node=N6856 type=control0 q_typed_reliable_context=1.479925 sequence=2128.326647
[typed-five-r3/b22_C] [plan iscas99__b22] [plan] step=702 node=N15103 type=observe q_typed_reliable_context=0.814389 sequence=2129.141036
[typed-five-r3/b22_C] [plan iscas99__b22] [plan] step=703 node=N18512 type=observe q_typed_reliable_context=1.230760 sequence=2130.371796
[typed-five-r3/b22_C] [plan iscas99__b22] [plan] step=704 node=N2320 type=observe q_typed_reliable_context=6.067872 sequence=2136.439668
[typed-five-r3/b22_C] [plan iscas99__b22] [plan] step=705 node=N15064 type=observe q_typed_reliable_context=1.358853 sequence=2137.798521
[typed-five-r3/b22_C] [plan iscas99__b22] [plan] step=706 node=N19352 type=control0 q_typed_reliable_context=0.197261 sequence=2137.995781
[typed-five-r3/b22_C] [plan iscas99__b22] [plan] step=707 node=N14487 type=observe q_typed_reliable_context=0.344913 sequence=2138.340695
[typed-five-r3/b22_C] [plan iscas99__b22] [plan] step=708 node=N18537 type=observe q_typed_reliable_context=0.221236 sequence=2138.561931
[typed-five-r3/b22_C] [plan iscas99__b22] [plan] step=709 node=N6668 type=control0 q_typed_reliable_context=0.287717 sequence=2138.849648
[typed-five-r3/b22_C] [plan iscas99__b22] [plan] step=710 node=N18484 type=observe q_typed_reliable_context=0.223232 sequence=2139.072880
[typed-five-r3/b22_C] [plan iscas99__b22] [plan] step=711 node=N6721 type=control0 q_typed_reliable_context=1.361871 sequence=2140.434752
[typed-five-r3/b22_C] [plan iscas99__b22] [plan] step=712 node=N9795 type=control0 q_typed_reliable_context=1.904530 sequence=2142.339281
[typed-five-r3/b22_C] [plan iscas99__b22] [plan] step=713 node=N2302 type=observe q_typed_reliable_context=2.004710 sequence=2144.343992
[typed-five-r3/b22_C] [plan iscas99__b22] [plan] step=714 node=N14363 type=observe q_typed_reliable_context=2.256625 sequence=2146.600616
[typed-five-r3/b22_C] [plan iscas99__b22] [plan] step=715 node=N15164 type=observe q_typed_reliable_context=0.470076 sequence=2147.070692
[typed-five-r3/b22_C] [plan iscas99__b22] [plan] step=716 node=N2310 type=observe q_typed_reliable_context=1.905532 sequence=2148.976224
[typed-five-r3/b22_C] [plan iscas99__b22] [plan] step=717 node=N15055 type=observe q_typed_reliable_context=1.651850 sequence=2150.628074
[typed-five-r3/b22_C] [plan iscas99__b22] [plan] step=718 node=N24046 type=observe q_typed_reliable_context=5.643689 sequence=2156.271763
[typed-five-r3/b22_C] [plan iscas99__b22] [plan] step=719 node=N14359 type=observe q_typed_reliable_context=4.674148 sequence=2160.945911
[typed-five-r3/b22_C] [plan iscas99__b22] [plan] step=720 node=N2307 type=observe q_typed_reliable_context=2.333180 sequence=2163.279091
[typed-five-r3/b22_C] [plan iscas99__b22] [plan] step=721 node=N26330 type=observe q_typed_reliable_context=3.810136 sequence=2167.089228
[typed-five-r3/b22_C] [plan iscas99__b22] [plan] step=722 node=N15436 type=observe q_typed_reliable_context=3.787800 sequence=2170.877028
[typed-five-r3/b22_C] [plan iscas99__b22] [plan] step=723 node=N2317 type=observe q_typed_reliable_context=3.761622 sequence=2174.638650
[typed-five-r3/b22_C] [plan iscas99__b22] [plan] step=724 node=N18426 type=observe q_typed_reliable_context=1.700923 sequence=2176.339573
[typed-five-r3/b22_C] [plan iscas99__b22] [plan] step=725 node=N15110 type=observe q_typed_reliable_context=0.529798 sequence=2176.869371
[typed-five-r3/b22_C] [plan iscas99__b22] [plan] step=726 node=N2322 type=observe q_typed_reliable_context=1.688052 sequence=2178.557423
[typed-five-r3/b22_C] [plan iscas99__b22] [plan] step=727 node=N1240 type=observe q_typed_reliable_context=1.051634 sequence=2179.609057
[typed-five-r3/b22_C] [plan iscas99__b22] [plan] step=728 node=N18451 type=observe q_typed_reliable_context=0.872552 sequence=2180.481609
[typed-five-r3/b22_C] [plan iscas99__b22] [plan] step=729 node=N15369 type=observe q_typed_reliable_context=2.064867 sequence=2182.546475
[typed-five-r3/b22_C] [plan iscas99__b22] [plan] step=730 node=N18507 type=observe q_typed_reliable_context=0.450538 sequence=2182.997014
[typed-five-r3/b22_C] [plan iscas99__b22] [plan] step=731 node=N2327 type=observe q_typed_reliable_context=2.101914 sequence=2185.098928
[typed-five-r3/b22_C] [plan iscas99__b22] [plan] step=732 node=N15315 type=observe q_typed_reliable_context=0.707172 sequence=2185.806100
[typed-five-r3/b22_C] [plan iscas99__b22] [plan] step=733 node=N15057 type=observe q_typed_reliable_context=1.193165 sequence=2186.999265
[typed-five-r3/b22_C] [plan iscas99__b22] [plan] step=734 node=N15186 type=observe q_typed_reliable_context=1.210949 sequence=2188.210214
[typed-five-r3/b22_C] [plan iscas99__b22] [plan] step=735 node=N18436 type=observe q_typed_reliable_context=3.277072 sequence=2191.487286
[typed-five-r3/b22_C] [plan iscas99__b22] [plan] step=736 node=N18559 type=observe q_typed_reliable_context=1.824187 sequence=2193.311472
[typed-five-r3/b22_C] [plan iscas99__b22] [plan] step=737 node=N15134 type=observe q_typed_reliable_context=0.517373 sequence=2193.828845
[typed-five-r3/b22_C] [plan iscas99__b22] [plan] step=738 node=N3920 type=observe q_typed_reliable_context=1.457290 sequence=2195.286135
[typed-five-r3/b22_C] [plan iscas99__b22] [plan] step=739 node=N3299 type=observe q_typed_reliable_context=0.719297 sequence=2196.005432
[typed-five-r3/b22_C] [plan iscas99__b22] [plan] step=740 node=N15167 type=observe q_typed_reliable_context=1.324956 sequence=2197.330388
[typed-five-r3/b22_C] [plan iscas99__b22] [plan] step=741 node=N18437 type=observe q_typed_reliable_context=0.799588 sequence=2198.129976
[typed-five-r3/b22_C] [plan iscas99__b22] [plan] step=742 node=N14383 type=observe q_typed_reliable_context=1.466791 sequence=2199.596767
[typed-five-r3/b22_C] [plan iscas99__b22] [plan] step=743 node=N3382 type=observe q_typed_reliable_context=1.325806 sequence=2200.922573
[typed-five-r3/b22_C] [plan iscas99__b22] [plan] step=744 node=N14382 type=observe q_typed_reliable_context=1.078976 sequence=2202.001548
[typed-five-r3/b22_C] [plan iscas99__b22] [plan] step=745 node=N15437 type=observe q_typed_reliable_context=1.526960 sequence=2203.528508
[typed-five-r3/b22_C] [plan iscas99__b22] [plan] step=746 node=N15480 type=observe q_typed_reliable_context=1.162573 sequence=2204.691081
[typed-five-r3/b22_C] [plan iscas99__b22] [plan] step=747 node=N18441 type=observe q_typed_reliable_context=1.060672 sequence=2205.751753
[typed-five-r3/b22_C] [plan iscas99__b22] [plan] step=748 node=N15122 type=observe q_typed_reliable_context=1.351037 sequence=2207.102791
[typed-five-r3/b22_C] [plan iscas99__b22] [plan] step=749 node=N3283 type=observe q_typed_reliable_context=1.294047 sequence=2208.396838
[typed-five-r3/b22_C] [plan iscas99__b22] [plan] step=750 node=N18481 type=observe q_typed_reliable_context=0.597929 sequence=2208.994767
[typed-five-r3/b22_C] [plan iscas99__b22] [plan] step=751 node=N15370 type=observe q_typed_reliable_context=1.684072 sequence=2210.678839
[typed-five-r3/b22_C] [plan iscas99__b22] [plan] step=752 node=N18393 type=observe q_typed_reliable_context=0.998432 sequence=2211.677271
[typed-five-r3/b22_C] [plan iscas99__b22] [plan] step=753 node=N14392 type=observe q_typed_reliable_context=1.058344 sequence=2212.735615
[typed-five-r3/b22_C] [plan iscas99__b22] [plan] step=754 node=N18435 type=observe q_typed_reliable_context=1.024372 sequence=2213.759986
[typed-five-r3/b22_C] [plan iscas99__b22] [plan] step=755 node=N18419 type=observe q_typed_reliable_context=1.367844 sequence=2215.127830
[typed-five-r3/b22_C] [plan iscas99__b22] [plan] step=756 node=N14379 type=observe q_typed_reliable_context=1.154268 sequence=2216.282098
[typed-five-r3/b22_C] [plan iscas99__b22] [plan] step=757 node=N4554 type=observe q_typed_reliable_context=2.209898 sequence=2218.491996
[typed-five-r3/b22_C] [plan iscas99__b22] [plan] step=758 node=N18590 type=observe q_typed_reliable_context=1.306829 sequence=2219.798825
[typed-five-r3/b22_C] [plan iscas99__b22] [plan] step=759 node=N14386 type=observe q_typed_reliable_context=1.071155 sequence=2220.869980
[typed-five-r3/b22_C] [plan iscas99__b22] [plan] step=760 node=N26331 type=observe q_typed_reliable_context=1.629292 sequence=2222.499273
[typed-five-r3/b22_C] [plan iscas99__b22] [plan] step=761 node=N2049 type=observe q_typed_reliable_context=0.731920 sequence=2223.231192
[typed-five-r3/b22_C] [plan iscas99__b22] [plan] step=762 node=N14424 type=observe q_typed_reliable_context=0.577547 sequence=2223.808739
[typed-five-r3/b22_C] [plan iscas99__b22] [plan] step=763 node=N26328 type=observe q_typed_reliable_context=1.421076 sequence=2225.229816
[typed-five-r3/b22_C] [plan iscas99__b22] [plan] step=764 node=N28667 type=observe q_typed_reliable_context=0.924633 sequence=2226.154449
[typed-five-r3/b22_C] [plan iscas99__b22] [plan] step=765 node=N25376 type=observe q_typed_reliable_context=1.424370 sequence=2227.578819
[typed-five-r3/b22_C] [plan iscas99__b22] [plan] step=766 node=N24349 type=observe q_typed_reliable_context=1.643329 sequence=2229.222148
[typed-five-r3/b22_C] [plan iscas99__b22] [plan] step=767 node=N7528 type=observe q_typed_reliable_context=0.991124 sequence=2230.213272
[typed-five-r3/b22_C] [plan iscas99__b22] [plan] step=768 node=N18465 type=observe q_typed_reliable_context=0.532904 sequence=2230.746176
[typed-five-r3/b22_C] [plan iscas99__b22] [plan] step=769 node=N7054 type=observe q_typed_reliable_context=1.516369 sequence=2232.262545
[typed-five-r3/b22_C] [plan iscas99__b22] [plan] step=770 node=N4466 type=observe q_typed_reliable_context=0.658406 sequence=2232.920951
[typed-five-r3/b22_C] [plan iscas99__b22] [plan] step=771 node=N3866 type=observe q_typed_reliable_context=0.928387 sequence=2233.849338
[typed-five-r3/b22_C] [plan iscas99__b22] [plan] step=772 node=N7024 type=observe q_typed_reliable_context=0.858375 sequence=2234.707713
[typed-five-r3/b22_C] [plan iscas99__b22] [plan] step=773 node=N3862 type=observe q_typed_reliable_context=0.912201 sequence=2235.619915
[typed-five-r3/b22_C] [plan iscas99__b22] [plan] step=774 node=N7023 type=observe q_typed_reliable_context=0.919686 sequence=2236.539601
[typed-five-r3/b22_C] [plan iscas99__b22] [plan] step=775 node=N7047 type=observe q_typed_reliable_context=0.961141 sequence=2237.500742
[typed-five-r3/b22_C] [plan iscas99__b22] [plan] step=776 node=N7035 type=observe q_typed_reliable_context=0.989345 sequence=2238.490087
[typed-five-r3/b22_C] [plan iscas99__b22] [plan] step=777 node=N15031 type=observe q_typed_reliable_context=1.740861 sequence=2240.230948
[typed-five-r3/b22_C] [plan iscas99__b22] [plan] step=778 node=N15010 type=observe q_typed_reliable_context=2.820429 sequence=2243.051377
[typed-five-r3/b22_C] [plan iscas99__b22] [plan] step=779 node=N15106 type=observe q_typed_reliable_context=1.075983 sequence=2244.127361
[typed-five-r3/b22_C] [plan iscas99__b22] [plan] step=780 node=N15514 type=observe q_typed_reliable_context=1.645199 sequence=2245.772560
[typed-five-r3/b22_C] [plan iscas99__b22] [plan] step=781 node=N15488 type=observe q_typed_reliable_context=1.198672 sequence=2246.971233
[typed-five-r3/b22_C] [plan iscas99__b22] [plan] step=782 node=N15561 type=observe q_typed_reliable_context=1.148816 sequence=2248.120049
[typed-five-r3/b22_C] [plan iscas99__b22] [plan] step=783 node=N15540 type=observe q_typed_reliable_context=1.217733 sequence=2249.337782
[typed-five-r3/b22_C] [plan iscas99__b22] [plan] step=784 node=N15391 type=observe q_typed_reliable_context=1.385020 sequence=2250.722802
[typed-five-r3/b22_C] [plan iscas99__b22] [plan] step=785 node=N4439 type=observe q_typed_reliable_context=1.518455 sequence=2252.241258
[typed-five-r3/b22_C] [plan iscas99__b22] [plan] step=786 node=N15412 type=observe q_typed_reliable_context=1.668027 sequence=2253.909285
[typed-five-r3/b22_C] [plan iscas99__b22] [plan] step=787 node=N15331 type=observe q_typed_reliable_context=0.693733 sequence=2254.603018
[typed-five-r3/b22_C] [plan iscas99__b22] [plan] step=788 node=N15306 type=observe q_typed_reliable_context=0.811341 sequence=2255.414359
[typed-five-r3/b22_C] [plan iscas99__b22] [plan] step=789 node=N15181 type=observe q_typed_reliable_context=1.593576 sequence=2257.007935
[typed-five-r3/b22_C] [plan iscas99__b22] [plan] step=790 node=N15232 type=observe q_typed_reliable_context=0.969824 sequence=2257.977759
[typed-five-r3/b22_C] [plan iscas99__b22] [plan] step=791 node=N14504 type=observe q_typed_reliable_context=1.138537 sequence=2259.116296
[typed-five-r3/b22_C] [plan iscas99__b22] [plan] step=792 node=N15271 type=observe q_typed_reliable_context=1.524766 sequence=2260.641063
[typed-five-r3/b22_C] [plan iscas99__b22] [plan] step=793 node=N15207 type=observe q_typed_reliable_context=1.548226 sequence=2262.189289
[typed-five-r3/b22_C] [plan iscas99__b22] [plan] step=794 node=N15259 type=observe q_typed_reliable_context=1.293787 sequence=2263.483076
[typed-five-r3/b22_C] [plan iscas99__b22] [plan] step=795 node=N15357 type=observe q_typed_reliable_context=1.390915 sequence=2264.873991
[typed-five-r3/b22_C] [plan iscas99__b22] [plan] step=796 node=N15241 type=observe q_typed_reliable_context=1.187339 sequence=2266.061330
[typed-five-r3/b22_C] [plan iscas99__b22] [plan] step=797 node=N24043 type=observe q_typed_reliable_context=2.467829 sequence=2268.529159
[typed-five-r3/b22_C] [plan iscas99__b22] [plan] step=798 node=N15299 type=observe q_typed_reliable_context=1.997357 sequence=2270.526515
[typed-five-r3/b22_C] [plan iscas99__b22] [plan] step=799 node=N15124 type=observe q_typed_reliable_context=0.659021 sequence=2271.185536
[typed-five-r3/b22_C] [plan iscas99__b22] [plan] step=800 node=N15219 type=observe q_typed_reliable_context=1.502961 sequence=2272.688497
[typed-five-r3/b22_C] [plan iscas99__b22] [plan] step=801 node=N15182 type=observe q_typed_reliable_context=0.986896 sequence=2273.675393
[typed-five-r3/b22_C] [plan iscas99__b22] [plan] step=802 node=N15345 type=observe q_typed_reliable_context=1.167292 sequence=2274.842684
[typed-five-r3/b22_C] [plan iscas99__b22] [plan] step=803 node=N15255 type=observe q_typed_reliable_context=0.938967 sequence=2275.781651
[typed-five-r3/b22_C] [plan iscas99__b22] [plan] step=804 node=N15554 type=observe q_typed_reliable_context=1.152762 sequence=2276.934413
[typed-five-r3/b22_C] [plan iscas99__b22] [plan] step=805 node=N4468 type=observe q_typed_reliable_context=0.988917 sequence=2277.923330
[typed-five-r3/b22_C] [plan iscas99__b22] [plan] step=806 node=N15036 type=observe q_typed_reliable_context=2.307966 sequence=2280.231296
[typed-five-r3/b22_C] [plan iscas99__b22] [plan] step=807 node=N15042 type=observe q_typed_reliable_context=0.693148 sequence=2280.924444
[typed-five-r3/b22_C] [plan iscas99__b22] [plan] step=808 node=N15573 type=observe q_typed_reliable_context=1.056842 sequence=2281.981286
[typed-five-r3/b22_C] [plan iscas99__b22] [plan] step=809 node=N15492 type=observe q_typed_reliable_context=0.957967 sequence=2282.939254
[typed-five-r3/b22_C] [plan iscas99__b22] [plan] step=810 node=N15568 type=observe q_typed_reliable_context=0.723217 sequence=2283.662470
[typed-five-r3/b22_C] [plan iscas99__b22] [plan] step=811 node=N15545 type=observe q_typed_reliable_context=1.539164 sequence=2285.201634
[typed-five-r3/b22_C] [plan iscas99__b22] [plan] step=812 node=N15547 type=observe q_typed_reliable_context=1.251646 sequence=2286.453280
[typed-five-r3/b22_C] [plan iscas99__b22] [plan] step=813 node=N15566 type=observe q_typed_reliable_context=1.189166 sequence=2287.642446
[typed-five-r3/b22_C] [plan iscas99__b22] [plan] step=814 node=N15533 type=observe q_typed_reliable_context=1.314897 sequence=2288.957343
[typed-five-r3/b22_C] [plan iscas99__b22] [plan] step=815 node=N15396 type=observe q_typed_reliable_context=1.036085 sequence=2289.993427
[typed-five-r3/b22_C] [plan iscas99__b22] [plan] step=816 node=N15507 type=observe q_typed_reliable_context=1.337583 sequence=2291.331010
[typed-five-r3/b22_C] [plan iscas99__b22] [plan] step=817 node=N15285 type=observe q_typed_reliable_context=1.173927 sequence=2292.504937
[typed-five-r3/b22_C] [plan iscas99__b22] [plan] step=818 node=N15521 type=observe q_typed_reliable_context=1.350019 sequence=2293.854956
[typed-five-r3/b22_C] [plan iscas99__b22] [plan] step=819 node=N15519 type=observe q_typed_reliable_context=1.173413 sequence=2295.028369
[typed-five-r3/b22_C] [plan iscas99__b22] [plan] step=820 node=N15398 type=observe q_typed_reliable_context=1.310502 sequence=2296.338871
[typed-five-r3/b22_C] [plan iscas99__b22] [plan] step=821 node=N15289 type=observe q_typed_reliable_context=1.195687 sequence=2297.534558
[typed-five-r3/b22_C] [plan iscas99__b22] [plan] step=822 node=N15360 type=observe q_typed_reliable_context=1.301240 sequence=2298.835798
[typed-five-r3/b22_C] [plan iscas99__b22] [plan] step=823 node=N15192 type=observe q_typed_reliable_context=1.166315 sequence=2300.002112
[typed-five-r3/b22_C] [plan iscas99__b22] [plan] step=824 node=N15495 type=observe q_typed_reliable_context=1.325092 sequence=2301.327205
[typed-five-r3/b22_C] [plan iscas99__b22] [plan] step=825 node=N4580 type=observe q_typed_reliable_context=0.586865 sequence=2301.914070
[typed-five-r3/b22_C] [plan iscas99__b22] [plan] step=826 node=N15185 type=observe q_typed_reliable_context=1.980591 sequence=2303.894661
[typed-five-r3/b22_C] [plan iscas99__b22] [plan] step=827 node=N21613 type=observe q_typed_reliable_context=1.171026 sequence=2305.065687
[typed-five-r3/b22_C] [plan iscas99__b22] [plan] step=828 node=N24210 type=control0 q_typed_reliable_context=0.200040 sequence=2305.265727
[typed-five-r3/b22_C] [plan iscas99__b22] [plan] step=829 node=N1346 type=observe q_typed_reliable_context=2.179104 sequence=2307.444831
[typed-five-r3/b22_C] [plan iscas99__b22] [plan] step=830 node=N19350 type=control0 q_typed_reliable_context=0.197278 sequence=2307.642109
[typed-five-r3/b22_C] [plan iscas99__b22] [plan] step=831 node=N1349 type=observe q_typed_reliable_context=2.510286 sequence=2310.152395
[typed-five-r3/b22_C] [plan iscas99__b22] [plan] step=832 node=N4599 type=observe q_typed_reliable_context=0.229580 sequence=2310.381975
[typed-five-r3/b22_C] [plan iscas99__b22] [plan] step=833 node=N9608 type=control0 q_typed_reliable_context=2.378531 sequence=2312.760505
[typed-five-r3/b22_C] [plan iscas99__b22] [plan] step=834 node=N9714 type=control0 q_typed_reliable_context=2.254910 sequence=2315.015415
[typed-five-r3/b22_C] [plan iscas99__b22] [plan] step=835 node=N19346 type=control0 q_typed_reliable_context=0.197285 sequence=2315.212700
[typed-five-r3/b22_C] [plan iscas99__b22] [plan] step=836 node=N9759 type=control0 q_typed_reliable_context=2.206868 sequence=2317.419568
[typed-five-r3/b22_C] [plan iscas99__b22] [plan] step=837 node=N9581 type=control0 q_typed_reliable_context=1.786155 sequence=2319.205724
[typed-five-r3/b22_C] [plan iscas99__b22] [plan] step=838 node=N25856 type=observe q_typed_reliable_context=0.635933 sequence=2319.841656
[typed-five-r3/b22_C] [plan iscas99__b22] [plan] step=839 node=N9696 type=control0 q_typed_reliable_context=2.150980 sequence=2321.992636
[typed-five-r3/b22_C] [plan iscas99__b22] [plan] step=840 node=N9626 type=control0 q_typed_reliable_context=2.030350 sequence=2324.022986
[typed-five-r3/b22_C] [plan iscas99__b22] [plan] step=841 node=N9678 type=control0 q_typed_reliable_context=2.221852 sequence=2326.244838
[typed-five-r3/b22_C] [plan iscas99__b22] [plan] step=842 node=N9813 type=control0 q_typed_reliable_context=2.338546 sequence=2328.583384
[typed-five-r3/b22_C] [plan iscas99__b22] [plan] step=843 node=N15419 type=observe q_typed_reliable_context=0.985602 sequence=2329.568985
[typed-five-r3/b22_C] [plan iscas99__b22] [plan] step=844 node=N16066 type=observe q_typed_reliable_context=0.577445 sequence=2330.146430
[typed-five-r3/b22_C] [plan iscas99__b22] [plan] step=845 node=N6811 type=control0 q_typed_reliable_context=1.289730 sequence=2331.436160
[typed-five-r3/b22_C] [plan iscas99__b22] [plan] step=846 node=N6641 type=control0 q_typed_reliable_context=2.063427 sequence=2333.499587
[typed-five-r3/b22_C] [plan iscas99__b22] [plan] step=847 node=N6766 type=control0 q_typed_reliable_context=1.585892 sequence=2335.085479
[typed-five-r3/b22_C] [plan iscas99__b22] [plan] step=848 node=N21581 type=observe q_typed_reliable_context=1.304570 sequence=2336.390049
[typed-five-r3/b22_C] [plan iscas99__b22] [plan] step=849 node=N1356 type=observe q_typed_reliable_context=1.521563 sequence=2337.911612
[typed-five-r3/b22_C] [plan iscas99__b22] [plan] step=850 node=N15295 type=control0 q_typed_reliable_context=1.018366 sequence=2338.929978
[typed-five-r3/b22_C] [plan iscas99__b22] [plan] step=851 node=N15417 type=observe q_typed_reliable_context=1.164037 sequence=2340.094015
[typed-five-r3/b22_C] [plan iscas99__b22] [plan] step=852 node=N4464 type=observe q_typed_reliable_context=1.039673 sequence=2341.133688
[typed-five-r3/b22_C] [plan iscas99__b22] [plan] step=853 node=N1350 type=observe q_typed_reliable_context=1.223454 sequence=2342.357141
[typed-five-r3/b22_C] [plan iscas99__b22] [plan] step=854 node=N18416 type=observe q_typed_reliable_context=1.942829 sequence=2344.299970
[typed-five-r3/b22_C] [plan iscas99__b22] [plan] step=855 node=N12321 type=control0 q_typed_reliable_context=1.905461 sequence=2346.205431
[typed-five-r3/b22_C] [plan iscas99__b22] [plan] step=856 node=N9768 type=control0 q_typed_reliable_context=1.289300 sequence=2347.494731
[typed-five-r3/b22_C] [plan iscas99__b22] [plan] step=857 node=N9750 type=control0 q_typed_reliable_context=1.164135 sequence=2348.658866
[typed-five-r3/b22_C] [plan iscas99__b22] [plan] step=858 node=N9617 type=control0 q_typed_reliable_context=1.132680 sequence=2349.791546
[typed-five-r3/b22_C] [plan iscas99__b22] [plan] step=859 node=N7537 type=observe q_typed_reliable_context=0.932721 sequence=2350.724267
[typed-five-r3/b22_C] [plan iscas99__b22] [plan] step=860 node=N15500 type=observe q_typed_reliable_context=1.628760 sequence=2352.353027
[typed-five-r3/b22_C] [plan iscas99__b22] [plan] step=861 node=N7489 type=observe q_typed_reliable_context=1.059784 sequence=2353.412812
[typed-five-r3/b22_C] [plan iscas99__b22] [plan] step=862 node=N3876 type=observe q_typed_reliable_context=1.304704 sequence=2354.717515
[typed-five-r3/b22_C] [plan iscas99__b22] [plan] step=863 node=N1345 type=observe q_typed_reliable_context=1.833880 sequence=2356.551396
[typed-five-r3/b22_C] [plan iscas99__b22] [plan] step=864 node=N9635 type=control0 q_typed_reliable_context=1.534603 sequence=2358.085998
[typed-five-r3/b22_C] [plan iscas99__b22] [plan] step=865 node=N15580 type=observe q_typed_reliable_context=1.540698 sequence=2359.626697
[typed-five-r3/b22_C] [plan iscas99__b22] [plan] step=866 node=N26494 type=control0 q_typed_reliable_context=1.450512 sequence=2361.077208
[typed-five-r3/b22_C] [plan iscas99__b22] [plan] step=867 node=N4604 type=observe q_typed_reliable_context=0.574579 sequence=2361.651787
[typed-five-r3/b22_C] [plan iscas99__b22] [plan] step=868 node=N18376 type=observe q_typed_reliable_context=2.455777 sequence=2364.107564
[typed-five-r3/b22_C] [plan iscas99__b22] [plan] step=869 node=N24040 type=observe q_typed_reliable_context=1.500678 sequence=2365.608242
[typed-five-r3/b22_C] [plan iscas99__b22] [plan] step=870 node=N1355 type=observe q_typed_reliable_context=1.638605 sequence=2367.246847
[typed-five-r3/b22_C] [plan iscas99__b22] [plan] step=871 node=N24044 type=observe q_typed_reliable_context=2.883976 sequence=2370.130824
[typed-five-r3/b22_C] [plan iscas99__b22] [plan] step=872 node=N9599 type=control0 q_typed_reliable_context=0.401041 sequence=2370.531864
[typed-five-r3/b22_C] [plan iscas99__b22] [plan] step=873 node=N9741 type=control0 q_typed_reliable_context=3.849191 sequence=2374.381055
[typed-five-r3/b22_C] [plan iscas99__b22] [plan] step=874 node=N21714 type=control0 q_typed_reliable_context=0.873375 sequence=2375.254430
[typed-five-r3/b22_C] [plan iscas99__b22] [plan] step=875 node=N9705 type=control0 q_typed_reliable_context=1.124093 sequence=2376.378523
[typed-five-r3/b22_C] [plan iscas99__b22] [plan] step=876 node=N9669 type=control0 q_typed_reliable_context=1.042256 sequence=2377.420779
[typed-five-r3/b22_C] [plan iscas99__b22] [plan] step=877 node=N15405 type=observe q_typed_reliable_context=1.391408 sequence=2378.812187
[typed-five-r3/b22_C] [plan iscas99__b22] [plan] step=878 node=N18479 type=observe q_typed_reliable_context=0.584331 sequence=2379.396518
[typed-five-r3/b22_C] [plan iscas99__b22] [plan] step=879 node=N4594 type=observe q_typed_reliable_context=2.106543 sequence=2381.503061
[typed-five-r3/b22_C] [plan iscas99__b22] [plan] step=880 node=N1348 type=observe q_typed_reliable_context=1.425310 sequence=2382.928371
[typed-five-r3/b22_C] [plan iscas99__b22] [plan] step=881 node=N3796 type=observe q_typed_reliable_context=0.930573 sequence=2383.858944
[typed-five-r3/b22_C] [plan iscas99__b22] [plan] step=882 node=N19339 type=control0 q_typed_reliable_context=0.166637 sequence=2384.025581
[typed-five-r3/b22_C] [plan iscas99__b22] [plan] step=883 node=N1337 type=observe q_typed_reliable_context=0.621633 sequence=2384.647214
[typed-five-r3/b22_C] [plan iscas99__b22] [plan] step=884 node=N15162 type=observe q_typed_reliable_context=0.513811 sequence=2385.161025
[typed-five-r3/b22_C] [plan iscas99__b22] [plan] step=885 node=N9660 type=control0 q_typed_reliable_context=1.121085 sequence=2386.282109
[typed-five-r3/b22_C] [plan iscas99__b22] [plan] step=886 node=N9590 type=control0 q_typed_reliable_context=1.358841 sequence=2387.640951
[typed-five-r3/b22_C] [plan iscas99__b22] [plan] step=887 node=N18588 type=observe q_typed_reliable_context=1.020747 sequence=2388.661698
[typed-five-r3/b22_C] [plan iscas99__b22] [plan] step=888 node=N9723 type=control0 q_typed_reliable_context=1.020210 sequence=2389.681907
[typed-five-r3/b22_C] [plan iscas99__b22] [plan] step=889 node=N12323 type=control0 q_typed_reliable_context=0.919015 sequence=2390.600922
[typed-five-r3/b22_C] [plan iscas99__b22] [plan] step=890 node=N3879 type=observe q_typed_reliable_context=0.780061 sequence=2391.380983
[typed-five-r3/b22_C] [plan iscas99__b22] [plan] step=891 node=N2054 type=observe q_typed_reliable_context=0.613417 sequence=2391.994400
[typed-five-r3/b22_C] [plan iscas99__b22] [plan] step=892 node=N3818 type=observe q_typed_reliable_context=1.042984 sequence=2393.037385
[typed-five-r3/b22_C] [plan iscas99__b22] [plan] step=893 node=N3883 type=observe q_typed_reliable_context=0.823189 sequence=2393.860574
[typed-five-r3/b22_C] [plan iscas99__b22] [plan] step=894 node=N3810 type=observe q_typed_reliable_context=1.296877 sequence=2395.157450
[typed-five-r3/b22_C] [plan iscas99__b22] [plan] step=895 node=N3887 type=observe q_typed_reliable_context=1.073048 sequence=2396.230498
[typed-five-r3/b22_C] [plan iscas99__b22] [plan] step=896 node=N5257 type=observe q_typed_reliable_context=0.476384 sequence=2396.706882
[typed-five-r3/b22_C] [plan iscas99__b22] [plan] step=897 node=N5243 type=observe q_typed_reliable_context=1.724615 sequence=2398.431496
[typed-five-r3/b22_C] [plan iscas99__b22] [plan] step=898 node=N9651 type=control0 q_typed_reliable_context=1.617439 sequence=2400.048935
[typed-five-r3/b22_C] [plan iscas99__b22] [plan] step=899 node=N9559 type=control0 q_typed_reliable_context=1.817163 sequence=2401.866098
[typed-five-r3/b22_C] [plan iscas99__b22] [plan] step=900 node=N6775 type=control0 q_typed_reliable_context=3.363007 sequence=2405.229105
[typed-five-r3/b22_C] [plan iscas99__b22] [plan] step=901 node=N15236 type=observe q_typed_reliable_context=1.143726 sequence=2406.372832
[typed-five-r3/b22_C] [plan iscas99__b22] [plan] step=902 node=N15202 type=observe q_typed_reliable_context=0.742535 sequence=2407.115366
[typed-five-r3/b22_C] [plan iscas99__b22] [plan] step=903 node=N9777 type=control0 q_typed_reliable_context=0.864924 sequence=2407.980291
[typed-five-r3/b22_C] [plan iscas99__b22] [plan] step=904 node=N3387 type=control0 q_typed_reliable_context=1.015287 sequence=2408.995577
[typed-five-r3/b22_C] [plan iscas99__b22] [plan] step=905 node=N26329 type=observe q_typed_reliable_context=1.034931 sequence=2410.030509
[typed-five-r3/b22_C] [plan iscas99__b22] [plan] step=906 node=N9687 type=control0 q_typed_reliable_context=2.078024 sequence=2412.108533
[typed-five-r3/b22_C] [plan iscas99__b22] [plan] step=907 node=N3891 type=observe q_typed_reliable_context=1.062999 sequence=2413.171532
[typed-five-r3/b22_C] [plan iscas99__b22] [plan] step=908 node=N14511 type=control0 q_typed_reliable_context=1.058420 sequence=2414.229952
[typed-five-r3/b22_C] [plan iscas99__b22] [plan] step=909 node=N12325 type=control0 q_typed_reliable_context=0.894971 sequence=2415.124922
[typed-five-r3/b22_C] [plan iscas99__b22] [plan] step=910 node=N9786 type=control0 q_typed_reliable_context=0.861512 sequence=2415.986434
[typed-five-r3/b22_C] [plan iscas99__b22] [plan] step=911 node=N8326 type=observe q_typed_reliable_context=0.616788 sequence=2416.603223
[typed-five-r3/b22_C] [plan iscas99__b22] [plan] step=912 node=N12892 type=control0 q_typed_reliable_context=2.160753 sequence=2418.763976
[typed-five-r3/b22_C] [plan iscas99__b22] [plan] step=913 node=N3895 type=observe q_typed_reliable_context=1.761067 sequence=2420.525043
[typed-five-r3/b22_C] [plan iscas99__b22] [plan] step=914 node=N5261 type=observe q_typed_reliable_context=0.638684 sequence=2421.163727
[typed-five-r3/b22_C] [plan iscas99__b22] [plan] step=915 node=N8332 type=observe q_typed_reliable_context=0.202675 sequence=2421.366403
[typed-five-r3/b22_C] [plan iscas99__b22] saved=autoresearch/loop-260720-0945/typed_winner_round7_five/b22_C/plans/iscas99__b22__greedy__cumulative__q_typed_reliable_context__bw1__d1__c64__g1p0__candhard_fault_cluster__div0p0__s0.csv
[typed-five-r3/b22_C] [gmean] 2026-07-21T15:22:11 [1/1] plan_done benchmark=iscas99__b22 plan_sec=1279.685 plan_csv=autoresearch/loop-260720-0945/typed_winner_round7_five/b22_C/plans/iscas99__b22__greedy__cumulative__q_typed_reliable_context__bw1__d1__c64__g1p0__candhard_fault_cluster__div0p0__s0.csv
[typed-five-r3/b22_C] [gmean] 2026-07-21T15:22:11 [1/1] eval_start benchmark=iscas99__b22 backend=atalanta-bist patterns=300000
[typed-five-r3/b22_C] [eval iscas99__b22] {
[typed-five-r3/b22_C] [eval iscas99__b22]   "records": 2,
[typed-five-r3/b22_C] [eval iscas99__b22]   "labels_csv": "autoresearch/loop-260720-0945/typed_winner_round7_five/b22_C/evals/iscas99__b22__greedy__cumulative__q_typed_reliable_context__bw1__d1__c64__g1p0__candhard_fault_cluster__div0p0__s0/labels.csv",
[typed-five-r3/b22_C] [eval iscas99__b22]   "summary_json": "autoresearch/loop-260720-0945/typed_winner_round7_five/b22_C/evals/iscas99__b22__greedy__cumulative__q_typed_reliable_context__bw1__d1__c64__g1p0__candhard_fault_cluster__div0p0__s0/summary.json"
[typed-five-r3/b22_C] [eval iscas99__b22] }
[typed-five-r3/b22_C] [gmean] 2026-07-21T15:22:30 [1/1] eval_done benchmark=iscas99__b22 delta_tc=0.03193999999999997 plan_sec=1279.685 eval_sec=18.873 total_sec=1298.609
[typed-five-r3/b22_C] [gmean] 2026-07-21T15:22:30 variant_done id=greedy__cumulative__q_typed_reliable_context__bw1__d1__c64__g1p0__candhard_fault_cluster__div0p0__s0 status=ok macro=0.03193999999999997 positives=1 negatives=0 elapsed=1298.61
