step,node,type,q_pred,q_pred_context,q_pred_type_context,q_pred_lcb_context,q_pred_context_lcb,score_pred,reward_pred,reward_pred_context,reward_pred_type_context,fc_pred,pattern_pred,return_pred,typed_marginal_pred,typed_return_pred,typed_sa_reduction_total_pred,typed_sa0_reduction_pred,typed_sa1_reduction_pred,guarded_reward,guarded_reward_context,hard_reduction_total_pred,hard_reduction_sa0_pred,hard_reduction_sa1_pred,derived_hard_count_pre_total_pred,derived_hard_count_pre_sa0_pred,derived_hard_count_pre_sa1_pred,derived_hard_count_post_total_pred,derived_hard_count_post_sa0_pred,derived_hard_count_post_sa1_pred,derived_hard_reduction_total_pred,derived_hard_reduction_sa0_pred,derived_hard_reduction_sa1_pred,derived_hard_reduction_hybrid_pred,hybrid_pred,hybrid_pred_context,bounded_residual_hybrid_pred,bounded_residual_hybrid_pred_context,consensus_pred_context,consensus_pred_type_context,step_value,sequence_score,lookahead_score,planner,score_adjusted,diversity_penalty,candidate_strategy,adaptive_confidence_gap,adaptive_expanded
1,N762,control1,0.8255851864814758,6.3080683892965315,3.6656368255615233,1.3108006161451338,4.1002444530427455,0.8255851864814758,0.5122654438018799,6.527071270346641,4.471413612365722,0.005122654438018799,0.320986807346344,0.9232733845710754,0.8185923099517822,1.174975037574768,0.054458245635032654,0.0910368263721466,0.0178796648979187,0.5122654438018799,7.105806086957455,0.12183272838592529,0.12274330854415894,0.10972531139850616,29569.044921875,11985.609375,17583.435546875,30878.19921875,12962.5234375,17915.67578125,-0.04427448660135269,-0.08150725066661835,-0.018895069137215614,-4.427448660135269,13.618811666965485,7.324430090188979,12.542157545685768,7.324430090188979,5.5191150337457655,3.99176079057157,0.8185923099517822,0.8185923099517822,0.8185923099517822,greedy,0.8185923099517822,0.0,hard_fault_cluster,,False
2,N502,control1,1.107713222503662,3.82858224272728,1.6847788691520689,1.4415917980670931,2.488578457772732,1.107713222503662,0.5947773456573486,6.195818537473679,4.845045852661133,0.005947773456573486,0.3682110607624054,1.1077708005905151,0.9362271428108215,1.3715147972106934,0.016199849545955658,0.0651874989271164,-0.03278779983520508,0.5947773456573486,6.5942383229732515,0.11806713789701462,0.10661646723747253,0.10782486945390701,30873.1953125,12956.4931640625,17916.701171875,31276.85546875,13238.9833984375,18037.87109375,-0.013074777089059353,-0.021802986040711403,-0.006762959528714418,-1.3074777089059353,13.509261935949326,3.102535034120083,12.232350826263428,3.1758778342604637,4.092169857025147,3.2434314842522145,0.9362271428108215,1.7548194527626038,1.7548194527626038,greedy,0.9362271428108215,0.0,hard_fault_cluster,,False
3,N2155,observe,1.2586469650268555,4.5454780167341235,2.5630820870399473,1.1451961833238602,2.9545607108771805,1.2586469650268555,0.6123257875442505,4.88492112159729,4.060927152633667,0.006123257875442505,0.4104081690311432,1.2198827266693115,1.0284771919250488,1.5811909437179565,0.012291118502616882,0.06493529677391052,-0.04035305976867676,0.6123257875442505,5.014982785582542,0.1265326291322708,0.1035492867231369,0.11801871657371521,31282.927734375,13246.205078125,18036.72265625,31667.830078125,13553.115234375,18114.71484375,-0.012303910218179226,-0.023169666528701782,-0.004324077628552914,-1.2303910218179226,14.485471427440643,4.821271517276764,13.111315041780472,5.13415248632431,3.863900750875473,3.4169943012297153,1.0284771919250488,2.7832966446876526,2.7832966446876526,greedy,1.0284771919250488,0.0,hard_fault_cluster,,False
4,N507,control1,1.171837568283081,6.718470377922058,3.635604655742645,1.5947003507614137,4.367005745649338,1.171837568283081,0.6507985591888428,6.41864892244339,5.274853229522705,0.006507985591888428,0.392252653837204,1.3269016742706299,1.0717356204986572,1.6549291610717773,-0.032863788306713104,-0.015016630291938782,-0.05071094632148743,0.6507985591888428,6.329413875341415,0.11182968318462372,0.0954921543598175,0.10749027132987976,31670.62109375,13549.0498046875,18121.5703125,31796.69921875,13591.5224609375,18205.17578125,-0.003980917390435934,-0.003134733298793435,-0.004613588564097881,-0.3980917390435934,13.160668551921844,6.041487249135971,11.67739337682724,6.290998358726501,5.406031668186188,4.476797729395329,1.0717356204986572,3.85503226518631,3.85503226518631,greedy,1.0717356204986572,0.0,hard_fault_cluster,,False
5,N893,control1,0.9938571453094482,4.345370862483978,2.045355224609375,1.5417370724678041,2.824491060614586,0.9938571453094482,0.6075125932693481,6.603602069616318,4.927993941307067,0.006075125932693481,0.4064196050167084,1.3323538303375244,1.0902425050735474,1.6168524026870728,-0.04551757127046585,-0.00407274067401886,-0.08696240186691284,0.6075125932693481,7.058637143969536,0.10251167416572571,0.08647285401821136,0.10016268491744995,31793.900390625,13595.080078125,18198.8203125,31818.6953125,13601.2548828125,18217.44140625,-0.0007798640872351825,-0.00045419405796565115,-0.0010232033673673868,-0.07798640872351825,12.191033840179443,7.0932449531555175,10.736134022474289,7.0932449531555175,4.945826816558838,3.96480653911829,1.0902425050735474,4.945274770259857,4.945274770259857,greedy,1.0902425050735474,0.0,hard_fault_cluster,,False
6,N722,observe,0.8956912755966187,6.533132528066635,4.403871881961821,0.7210843360424043,4.246536143243313,0.8956912755966187,0.6021430492401123,6.042116343975067,4.55345424413681,0.006021430492401123,0.36542484164237976,1.5194774866104126,1.0476256608963013,1.9041038751602173,-0.025051139295101166,0.00629819929599762,-0.05640047788619995,0.6021430492401123,7.5623888325691215,0.09330679476261139,0.08096976578235626,0.09092436730861664,31818.48046875,13600.720703125,18217.759765625,31934.408203125,13683.31640625,18251.091796875,-0.0036434088833630085,-0.006072891876101494,-0.0018296448979526758,-0.36434088833630085,11.452300012111664,7.6239917278289795,9.86108461022377,7.4692038059234624,6.459979319572449,4.555849403068423,1.0476256608963013,5.9929004311561584,5.9929004311561584,greedy,1.0476256608963013,0.0,hard_fault_cluster,,False
7,N5203,control1,0.4660106599330902,5.2035690986388365,3.3633141994476317,1.673070239832159,3.382319914115244,0.4660106599330902,0.5209226608276367,6.47872762469342,4.926583671569824,0.005209226608276368,0.20133253931999207,1.9355210065841675,0.9106205701828003,1.608840823173523,-0.06008916348218918,-0.057073816657066345,-0.06310451030731201,0.5209226608276367,6.32862063456676,0.07434872537851334,0.06917679309844971,0.06848176568746567,31930.30859375,13677.8369140625,18252.470703125,31903.4921875,13630.109375,18273.3828125,0.0008398417267017066,0.0034894070122390985,-0.0011457138461992145,0.08398417267017066,9.891316205263138,2.15877058758284,8.048983454704285,1.3848440612747799,4.151272527838592,4.075104386113235,0.9106205701828003,6.903521001338959,6.903521001338959,greedy,0.9106205701828003,0.0,hard_fault_cluster,,False
8,N3644,control0,0.3427334725856781,3.0690474779903885,3.6313987255096434,0.45461307421326635,1.9948808606937525,0.3427334725856781,0.4799445569515228,0.9386345881223678,0.44403708577156065,0.004799445569515229,0.19811370968818665,1.920766830444336,0.8730618357658386,1.5744248628616333,-0.030178554356098175,-0.008971795439720154,-0.051385313272476196,0.4799445569515228,0.5322350570559501,0.06931424885988235,0.06367535889148712,0.0645274743437767,31908.505859375,13636.84765625,18271.658203125,31934.21484375,13644.72265625,18289.4921875,-0.0008057094528339803,-0.0005774794844910502,-0.0009760463144630194,-0.08057094528339803,9.332136273384094,-1.5419013741612435,7.5316027328372,-0.920326376259327,1.4907557874917983,1.9464194656908513,0.8730618357658386,7.776582837104797,7.776582837104797,greedy,0.8730618357658386,0.0,hard_fault_cluster,,False
9,N5866,observe,0.40350541472435,7.868590263128279,4.6230228424072255,1.5709210765361785,5.114583671033381,0.40350541472435,0.5879977941513062,6.966259449720383,5.06586091518402,0.005879977941513062,0.15101581811904907,2.104426145553589,0.9012979865074158,1.7770029306411743,0.002196967601776123,0.014686301350593567,-0.01029236614704132,0.5879977941513062,6.779633504748344,0.06195935234427452,0.06877514719963074,0.05289371311664581,31934.60546875,13645.12109375,18289.484375,32002.291015625,13626.947265625,18375.34375,-0.002119504613801837,0.0013318919809535146,-0.004694466479122639,-0.2119504613801837,8.888359174132347,-2.026453271508217,6.869041219353676,-4.766870275139809,5.010432416200638,3.9334221726655962,0.9012979865074158,8.677880823612213,8.677880823612213,greedy,0.9012979865074158,0.0,hard_fault_cluster,,False
10,N704,observe,0.6456565856933594,8.040000000000001,5.999999999999999,1.68,5.226000000000001,0.6456565856933594,0.6906414031982422,7.199999999999999,5.57997179031372,0.0069064140319824215,0.0606081485748291,2.2954957485198975,1.0257254838943481,2.212033987045288,-0.006653308868408203,0.009589403867721558,-0.022896021604537964,0.6906414031982422,6.989999999999999,0.041157640516757965,0.06860986351966858,0.027458809316158295,32001.12890625,13625.640625,18375.48828125,32012.96875,13649.3349609375,18363.6328125,-0.00036998206633143127,-0.0017389521235600114,0.0006451784283854067,-0.03699820663314313,7.101901203393936,-4.65,4.862298339605331,-4.65,5.4,4.977549628391862,1.0257254838943481,9.703606307506561,9.703606307506561,greedy,1.0257254838943481,0.0,hard_fault_cluster,,False
11,N1853,observe,0.6388677954673767,4.515236780941486,2.387176465988159,1.2346219179034232,2.9349039076119663,0.6388677954673767,0.6801786422729492,4.081395333260297,2.215128481388092,0.006801786422729492,0.05007988214492798,2.3189308643341064,1.063878059387207,2.2854528427124023,-0.016313783824443817,0.012335017323493958,-0.04496258497238159,0.6801786422729492,3.6775055409967896,0.03395656496286392,0.06053897738456726,0.019665122032165527,32013.791015625,13650.494140625,18363.296875,32044.58984375,13667.6494140625,18376.94140625,-0.0009620487689971924,-0.0012567511294037104,-0.0007430327823385596,-0.09620487689971924,6.394766002893448,0.27804990008473396,4.145433872938156,0.08480651572346687,3.240793453156948,2.465134999006987,1.063878059387207,10.767484366893768,10.767484366893768,greedy,1.063878059387207,0.0,hard_fault_cluster,,False
12,N7526,control1,0.5714794397354126,3.1090200304985043,1.2345943361520766,1.1350732922554014,2.020863019824028,0.5714794397354126,0.6525657176971436,3.708993792533874,2.0665459632873535,0.006525657176971436,0.019019335508346558,2.3016207218170166,1.000067114830017,2.108785629272461,0.0022656694054603577,0.04026295244693756,-0.035731613636016846,0.6525657176971436,3.109004979133606,0.01848490536212921,0.04547377675771713,0.005009915679693222,32042.154296875,13664.619140625,18377.53515625,32122.892578125,13709.86328125,18413.029296875,-0.002519751898944378,-0.003311042906716466,-0.0019313874654471874,-0.2519751898944378,4.802676975727081,-5.561596527099609,2.587037146091461,-5.561596527099609,1.7087909221649171,1.1191045174747707,1.000067114830017,11.767551481723785,11.767551481723785,greedy,1.000067114830017,0.0,hard_fault_cluster,,False
13,N2314,control1,0.5748393535614014,3.5675382232666015,1.4153187215328216,1.4418942499160765,2.318899845123291,0.5748393535614014,0.676950216293335,5.070885679125786,3.2157199323177337,0.006769502162933349,0.041201770305633545,2.3376872539520264,0.9796110987663269,2.100949287414551,-0.007185317575931549,0.018986031413078308,-0.033356666564941406,0.676950216293335,4.662715513408184,0.022719666361808777,0.049058787524700165,0.012012258172035217,32123.7109375,13709.9853515625,18413.7265625,32072.654296875,13666.892578125,18405.76171875,0.0015893755480647087,0.0031431668903678656,0.00043254924821667373,0.15893755480647087,5.286604106426239,-2.805408807992935,3.025626003742218,-5.311404558420181,2.5523692667484283,1.9005617319419978,0.9796110987663269,12.747162580490112,12.747162580490112,greedy,0.9796110987663269,0.0,hard_fault_cluster,,False
14,N724,observe,0.7078413963317871,4.939915647506714,2.812445735931396,1.7812531185150147,3.210945170879364,0.7078413963317871,0.7387353181838989,6.830674254894257,4.728410339355468,0.007387353181838989,0.0004214048385620117,2.448754072189331,1.0732033252716064,2.3845419883728027,0.009383440017700195,0.03239399194717407,-0.013627111911773682,0.7387353181838989,6.6576068294048305,0.016501568257808685,0.04241746664047241,0.0006863102316856384,32073.111328125,13668.3359375,18404.775390625,32091.595703125,13672.412109375,18419.18359375,-0.000576319987885654,-0.000298220053082332,-0.0007828513626009226,-0.0576319987885654,4.8376462161540985,-1.919823660850525,2.447029173374176,-2.003878130912781,3.9189714670181273,3.286069076657295,1.0732033252716064,13.820365905761719,13.820365905761719,greedy,1.0732033252716064,0.0,hard_fault_cluster,,False
15,N5605,control1,0.572234570980072,5.502465378865599,2.532351341843605,1.5042618338018654,3.5766024962626397,0.572234570980072,0.6725374460220337,6.6696969483047726,4.402347224950789,0.006725374460220337,0.05666768550872803,2.33227801322937,0.995216429233551,2.045628070831299,-0.025624439120292664,-0.005910888314247131,-0.045337989926338196,0.6725374460220337,7.001978421248495,0.025448352098464966,0.048183850944042206,0.012663021683692932,32091.9765625,13668.1708984375,18423.8046875,32084.337890625,13651.62890625,18432.708984375,0.00023802435316611081,0.0012102564796805382,-0.0004833039129152894,0.02380243531661108,5.5496506690979,1.324055893458426,3.2960390746593475,1.1659755577519535,4.794022661074996,3.337300909664482,0.995216429233551,14.81558233499527,14.81558233499527,greedy,0.995216429233551,0.0,hard_fault_cluster,,False
16,N4520,control0,0.5096008777618408,5.882727270126343,4.423371291160583,1.6605975532531736,3.8237727255821228,0.5096008777618408,0.6340694427490234,6.896706765890121,5.999999999999999,0.006340694427490234,0.08303627371788025,2.306248188018799,0.9719401001930237,1.9669826030731201,-0.006462521851062775,0.044560328125953674,-0.057485371828079224,0.6340694427490234,6.95542919576168,0.03664940595626831,0.053735390305519104,0.026399552822113037,32085.17578125,13657.169921875,18428.005859375,32106.103515625,13659.267578125,18446.8359375,-0.0006522555486299098,-0.00015359377721324563,-0.0010218184906989336,-0.06522555486299098,6.605258226394653,1.2460219577327367,4.400020003318787,0.42449532508850063,4.754128921031951,4.6651837986707685,0.9719401001930237,15.787522435188293,15.787522435188293,greedy,0.9719401001930237,0.0,hard_fault_cluster,,False
17,N1879,observe,0.6160407066345215,8.040000000000001,4.927989220619201,1.68,5.226000000000001,0.6160407066345215,0.666195273399353,7.199999999999999,4.896813011169433,0.0066619527339935305,0.07667601108551025,2.368116617202759,1.0482407808303833,2.2240638732910156,-0.026744097471237183,-0.01389726996421814,-0.039590924978256226,0.666195273399353,6.989999999999999,0.038552604615688324,0.056317269802093506,0.027460690587759018,32105.849609375,13658.865234375,18446.984375,32089.95703125,13640.4423828125,18449.515625,0.0004950056900270283,0.0013487834949046373,-0.00013721754658035934,0.04950056900270283,6.889572352170944,-2.0134016513824466,4.61383843421936,-4.65,5.4,4.233551119491458,1.0482407808303833,16.835763216018677,16.835763216018677,greedy,1.0482407808303833,0.0,hard_fault_cluster,,False
18,N5143,observe,0.5723587274551392,6.67677600800991,3.744887852668762,1.5119741791486738,4.3399044052064415,0.5723587274551392,0.6679818630218506,6.626214560866355,4.907798767089843,0.0066798186302185055,0.056961625814437866,2.3968284130096436,0.9551264643669128,2.1340301036834717,-0.014526821672916412,0.004476174712181091,-0.033529818058013916,0.6679818630218506,6.47359310477972,0.026569783687591553,0.049272678792476654,0.01809615269303322,32089.5,13640.0625,18449.4375,32199.78125,13686.626953125,18513.154296875,-0.0034366771578788757,-0.0034138006158173084,-0.0034535902086645365,-0.3436677157878876,5.721788644790649,-4.9765854540467265,3.423180937767029,-4.9765854540467265,4.128184583783149,3.1978464671212707,0.9551264643669128,17.79088968038559,17.79088968038559,greedy,0.9551264643669128,0.0,hard_fault_cluster,,False
19,N1987,observe,0.5951758027076721,8.040000000000001,4.636924052238464,1.68,5.226000000000001,0.5951758027076721,0.7486255168914795,7.199999999999999,5.999999999999999,0.007486255168914795,-0.021646767854690552,2.668151617050171,1.142659306526184,2.570444107055664,-0.007423318922519684,0.013597175478935242,-0.02844381332397461,0.7486255168914795,6.989999999999999,0.006321098655462265,0.03257880359888077,-0.011092953383922577,32200.53515625,13687.3974609375,18513.13671875,32189.357421875,13622.013671875,18567.34375,0.0003471288364380598,0.004776933696120977,-0.002928030677139759,0.03471288364380598,4.048886999487877,-4.65,1.486304149031639,-4.65,5.4,4.394400727301836,1.142659306526184,18.933548986911774,18.933548986911774,greedy,1.142659306526184,0.0,hard_fault_cluster,,False
20,N1860,observe,0.6648093461990356,7.59115442276001,4.686334323883056,1.68,4.934250374794006,0.6648093461990356,0.7557053565979004,7.112724471092224,5.265152835845947,0.007557053565979004,-0.030945301055908203,2.678266763687134,1.1628409624099731,2.563805103302002,0.0071429237723350525,0.0383293479681015,-0.024043500423431396,0.7557053565979004,6.911452023983002,0.0089869424700737,0.032438866794109344,-0.011227361857891083,32189.21875,13622.0625,18567.15625,32112.6015625,13580.67578125,18531.92578125,0.0023802127689123154,0.003038212424144149,0.001897461712360382,0.23802127689123154,4.332666367292404,-4.7098460769653325,1.7571872770786285,-4.7098460769653325,5.1257054805755615,4.2019348398596055,1.1628409624099731,20.096389949321747,20.096389949321747,greedy,1.1628409624099731,0.0,hard_fault_cluster,,False
21,N580,control1,0.565392255783081,4.681041812896728,2.4955150008201596,1.339152145385742,3.042677178382873,0.565392255783081,0.6770420074462891,6.103439515829086,4.526275062561035,0.006770420074462891,0.07048150897026062,2.354473352432251,0.9782410264015198,1.987410545349121,-0.020577050745487213,-0.032169535756111145,-0.008984565734863281,0.6770420074462891,6.301814008355141,0.03629438206553459,0.04945483058691025,0.025536656379699707,32109.53515625,13575.6337890625,18533.90234375,32171.201171875,13621.19140625,18550.009765625,-0.001920489245094359,-0.003355837194249034,-0.0008690787944942713,-0.1920489245094359,6.660953566431999,-5.131149120926857,4.387317046523094,-5.131149120926857,3.340060812234878,2.4859993302403014,0.9782410264015198,21.074630975723267,21.074630975723267,greedy,0.9782410264015198,0.0,hard_fault_cluster,,False
22,N7878,control1,0.49506595730781555,8.040000000000001,4.3250755012035365,1.68,5.226000000000001,0.49506595730781555,0.6504312753677368,7.199999999999999,4.468403130769729,0.006504312753677368,0.09183377027511597,2.332404613494873,0.9394218325614929,1.983236312866211,-0.028810836374759674,-0.03158034384250641,-0.02604132890701294,0.6504312753677368,6.989999999999999,0.04032180458307266,0.04896532744169235,0.030813615769147873,32173.33984375,13625.009765625,18548.330078125,32197.94921875,13635.7109375,18562.23828125,-0.000764899596106261,-0.000785406562499702,-0.000749835860915482,-0.0764899596106261,7.015016347169876,-4.65,4.777889430522919,-4.65,5.4,3.67407275505364,0.9394218325614929,22.01405280828476,22.01405280828476,greedy,0.9394218325614929,0.0,hard_fault_cluster,,False
23,N564,control1,0.5022395849227905,7.829930071830749,4.4937598407268515,1.5463191366195677,5.089454546689987,0.5022395849227905,0.6243510246276855,7.009027338027954,4.485761529207229,0.0062435102462768555,0.09885957837104797,2.2100980281829834,0.9211218953132629,1.8259408473968506,-0.041233815252780914,-0.055043742060661316,-0.027423888444900513,0.6243510246276855,6.989999999999999,0.04614588990807533,0.04711884260177612,0.037944767624139786,32196.201171875,13632.205078125,18563.99609375,32208.052734375,13639.646484375,18568.40625,-0.0003681043745018542,-0.0005458695814013481,-0.00023756502196192741,-0.03681043745018542,7.449038043618202,-4.65,5.3232012540102005,-4.65,5.4,3.7648319016397003,0.9211218953132629,22.935174703598022,22.935174703598022,greedy,0.9211218953132629,0.0,hard_fault_cluster,,False
24,N766,control1,0.4261733591556549,8.040000000000001,4.983342576026915,1.68,5.226000000000001,0.4261733591556549,0.5770477056503296,7.199999999999999,5.026300907135009,0.0057704770565032955,0.12694939970970154,2.13435959815979,0.8857575058937073,1.718335509300232,-0.05850265175104141,-0.09015534818172455,-0.026849955320358276,0.5770477056503296,6.989999999999999,0.061689138412475586,0.05206013470888138,0.05472777783870697,32209.98046875,13642.8623046875,18567.1171875,32250.220703125,13672.375,18577.845703125,-0.0012493095127865672,-0.002163233468309045,-0.0005778234335593879,-0.12493095127865672,8.880321145057678,-3.0062698364257816,6.8467656672000885,-4.65,5.4,4.207954627647996,0.8857575058937073,23.82093220949173,23.82093220949173,greedy,0.8857575058937073,0.0,hard_fault_cluster,,False
25,N7511,control1,0.3545970320701599,3.42,4.5567422032356255,-1.7999999999999998,2.223,0.3545970320701599,0.464764803647995,-5.37,-4.520682406425475,0.00464764803647995,0.12543341517448425,1.9130371809005737,0.8747517466545105,1.6997644901275635,-0.07026161998510361,-0.10512711107730865,-0.03539612889289856,0.464764803647995,-5.46,0.06937934458255768,0.05265373736619949,0.06447367370128632,32250.76953125,13673.3095703125,18577.458984375,32209.251953125,13699.748046875,18509.50390625,0.0012873359955847263,-0.0019335828255861998,0.0036579316947609186,0.12873359955847263,9.315736442804337,-3.1210431671142578,7.53238495439291,4.206430335044861,2.7000000000000006,1.9262216205894953,0.8747517466545105,24.69568395614624,24.69568395614624,greedy,0.8747517466545105,0.0,hard_fault_cluster,,False
26,N7874,control1,0.29044216871261597,8.040000000000001,4.402347224950789,1.68,5.226000000000001,0.29044216871261597,0.4640143811702728,7.199999999999999,4.813954210281372,0.004640143811702729,0.1353623867034912,1.984380841255188,0.7848098874092102,1.6294578313827515,-0.06796953827142715,-0.09020264446735382,-0.04573643207550049,0.4640143811702728,6.989999999999999,0.06681426614522934,0.048431143164634705,0.06191512569785118,32208.953125,13699.1630859375,18509.7890625,32300.056640625,13754.150390625,18545.90625,-0.0028285153675824404,-0.004013916943222284,-0.0019512479193508625,-0.28285153675824404,9.129821836948395,7.199999999999999,7.293525420129299,-0.07916941642761244,5.4,3.8956007900461556,0.7848098874092102,25.48049384355545,25.48049384355545,greedy,0.7848098874092102,0.0,hard_fault_cluster,,False
27,N7876,control1,0.31910327076911926,7.091318144500255,3.7776401758193967,1.885340595543384,4.609356793925166,0.31910327076911926,0.49214836955070496,7.312473823130131,4.441808986663818,0.0049214836955070495,0.14050239324569702,2.055098056793213,0.8368727564811707,1.6824511289596558,-0.06663336604833603,-0.0884765237569809,-0.04479020833969116,0.49214836955070496,7.046596608310938,0.06721320003271103,0.048380449414253235,0.061900973320007324,32300.080078125,13754.150390625,18545.9296875,32273.779296875,13725.607421875,18548.171875,0.0008142636506818235,0.0020752258133143187,-0.00012089916708646342,0.08142636506818235,9.26856642961502,7.295756563544273,7.358131609857082,2.6251251704990866,5.439487729966641,3.9842805460095407,0.8368727564811707,26.31736660003662,26.31736660003662,greedy,0.8368727564811707,0.0,hard_fault_cluster,,False
28,N7891,control1,0.2927982211112976,6.453437757492066,2.6274064302444455,2.0999999999999996,4.194734542369843,0.2927982211112976,0.50150465965271,7.706851607561111,4.561079442501067,0.0050150465965271,0.14395996928215027,2.0977420806884766,0.8421410918235779,1.7186073064804077,-0.06236635893583298,-0.08349691331386566,-0.04123580455780029,0.50150465965271,7.446166446805,0.06409246474504471,0.04635057598352432,0.05889697000384331,32273.69140625,13725.7978515625,18547.89453125,32271.85546875,13712.1875,18559.66796875,5.68865034438204e-05,0.000991589156910777,-0.0006347587332129478,0.00568865034438204,9.008493214845657,7.44055004119873,7.0590581595897675,7.44055004119873,6.0013751029968265,4.078275559789036,0.8421410918235779,27.1595076918602,27.1595076918602,greedy,0.8421410918235779,0.0,hard_fault_cluster,,False
29,N7411,control1,0.3569043278694153,8.7,4.463947659730911,2.0999999999999996,5.654999999999999,0.3569043278694153,0.535527229309082,8.1,4.4383673787117,0.00535527229309082,0.1332438886165619,2.077699899673462,0.8424844145774841,1.6389057636260986,-0.0695948675274849,-0.08083249628543854,-0.05835723876953125,0.535527229309082,7.8,0.061548274010419846,0.0498654842376709,0.05579255521297455,32272.15234375,13712.1806640625,18559.970703125,32193.525390625,13656.197265625,18537.328125,0.0024363715201616287,0.004082749597728252,0.0012199684279039502,0.24363715201616287,8.768054530024529,7.8,6.8081341832876205,7.8,6.9,4.854713765829802,0.8424844145774841,28.001992106437683,28.001992106437683,greedy,0.8424844145774841,0.0,hard_fault_cluster,,False
30,N7872,control1,0.34704074263572693,8.040000000000001,4.325448819994926,1.68,5.226000000000001,0.34704074263572693,0.5507453680038452,7.199999999999999,4.478445231914519,0.0055074536800384525,0.13654965162277222,2.1227219104766846,0.8639095425605774,1.7849117517471313,-0.05657901614904404,-0.0731322318315506,-0.040025800466537476,0.5507453680038452,6.989999999999999,0.05970175936818123,0.047997087240219116,0.05405006185173988,32193.384765625,13656.025390625,18537.359375,32212.701171875,13668.330078125,18544.37109375,-0.0006000116700306535,-0.0009010445792227983,-0.0003782479907386005,-0.06000116700306535,8.643643215298653,-4.65,6.638542756438255,-4.65,5.4,3.6988115829601886,0.8639095425605774,28.86590164899826,28.86590164899826,greedy,0.8639095425605774,0.0,hard_fault_cluster,,False
31,N7413,control1,0.37288787961006165,8.7,4.422229778766631,2.0999999999999996,5.654999999999999,0.37288787961006165,0.5463669300079346,8.1,4.4061539411544794,0.005463669300079346,0.1344389021396637,2.117525100708008,0.8545748591423035,1.675787329673767,-0.06666801869869232,-0.08059264719486237,-0.05274339020252228,0.5463669300079346,7.8,0.06015298515558243,0.04835811257362366,0.05463237315416336,32213.259765625,13668.908203125,18544.3515625,32135.9140625,13615.3583984375,18520.556640625,0.0024010518100112677,0.0039176358841359615,0.0012831358471885324,0.24010518100112677,8.679190546274185,7.8,6.681271523237228,7.8,6.9,4.778940739110112,0.8545748591423035,29.720476508140564,29.720476508140564,greedy,0.8545748591423035,0.0,hard_fault_cluster,,False
32,N2083,observe,0.4713585674762726,7.715278719067573,4.4023472428321835,1.473359184861183,5.0149311673939225,0.4713585674762726,0.605150580406189,6.757198253273963,4.281454789638518,0.0060515058040618895,0.1122245192527771,2.106337070465088,0.888515055179596,1.8718570470809937,-0.05459628254175186,-0.03355248272418976,-0.07564008235931396,0.605150580406189,6.5914784279465675,0.06126495823264122,0.05430848151445389,0.05388942360877991,32136.416015625,13616.224609375,18520.19140625,32300.96875,13735.76953125,18565.19921875,-0.0051204445771873,-0.008779593743383884,-0.002430202439427376,-0.51204445771873,8.837983474135399,5.169561523199081,6.804367735981941,1.128599126636982,4.66199708878994,3.275569516420365,0.888515055179596,30.60899156332016,30.60899156332016,greedy,0.888515055179596,0.0,hard_fault_cluster,,False
33,N583,control1,0.531233012676239,8.7,4.402347224950789,2.0999999999999996,5.654999999999999,0.531233012676239,0.6641039848327637,8.1,4.479075461626052,0.006641039848327637,0.07522526383399963,2.0813348293304443,0.9176917672157288,1.9489731788635254,-0.023464299738407135,-0.036298736929893494,-0.010629862546920776,0.6641039848327637,7.8,0.050449617207050323,0.06055046617984772,0.041416820138692856,32292.513671875,13723.494140625,18569.01953125,32280.7890625,13703.875,18576.9140625,0.0003630751452874392,0.0014296023873612285,-0.0004251452919561416,0.03630751452874392,7.79040053486824,7.8,5.731321424245834,7.8,6.9,4.717357252724469,0.9176917672157288,31.52668333053589,31.52668333053589,greedy,0.9176917672157288,0.0,hard_fault_cluster,,False
34,N2008,observe,0.5098950862884521,8.040000000000001,4.488118028640747,1.68,5.226000000000001,0.5098950862884521,0.6606205701828003,7.199999999999999,4.337031018733978,0.006606205701828003,0.08186644315719604,2.079127788543701,0.9231516718864441,2.121809482574463,-0.057886235415935516,-0.005417391657829285,-0.11035507917404175,0.6606205701828003,6.989999999999999,0.046198442578315735,0.06083610653877258,0.04094167798757553,32286.58203125,13712.171875,18574.41015625,32434.79296875,13818.033203125,18616.759765625,-0.004590481054037809,-0.00772024504840374,-0.002279997570440173,-0.45904810540378094,7.359592616558075,7.199999999999999,5.304781347513199,7.199999999999999,5.4,3.8194251696765424,0.9231516718864441,32.44983500242233,32.44983500242233,greedy,0.9231516718864441,0.0,hard_fault_cluster,,False
35,N7421,control1,0.5779820680618286,8.7,4.402347224950789,2.0999999999999996,5.654999999999999,0.5779820680618286,0.695915937423706,8.1,4.300301948189735,0.006959159374237061,0.07722875475883484,2.1289494037628174,0.9294857382774353,2.0118672847747803,-0.039303235709667206,-0.021465733647346497,-0.057140737771987915,0.695915937423706,7.8,0.04216485843062401,0.061072900891304016,0.03600482642650604,32437.58203125,13821.5146484375,18616.068359375,32348.767578125,13768.794921875,18579.97265625,0.00273801083676517,0.003814323339611292,0.0019389541121199727,0.273801083676517,7.041351184248924,7.8,4.922702178359032,7.8,6.9,4.6994408658891915,0.9294857382774353,33.37932074069977,33.37932074069977,greedy,0.9294857382774353,0.0,hard_fault_cluster,,False
36,N1598,observe,0.5989837646484375,7.38,4.447099131345748,1.2599999999999998,4.797,0.5989837646484375,0.7349417209625244,6.3,4.369031596183776,0.007349417209625244,0.05581280589103699,2.199045419692993,0.9650675654411316,2.2860732078552246,-0.018292434513568878,-0.0058580487966537476,-0.03072682023048401,0.7349417209625244,6.18,0.027611449360847473,0.06104660779237747,0.027472306042909622,32348.630859375,13768.943359375,18579.6875,32532.6953125,13844.8671875,18687.828125,-0.005690022837370634,-0.005514136049896479,-0.00582036841660738,-0.5690022837370634,5.695132076740265,-5.1,3.4946417212486267,-5.1,3.9,2.6898251927644017,0.9650675654411316,34.3443883061409,34.3443883061409,greedy,0.9650675654411316,0.0,hard_fault_cluster,,False
37,N1437,control1,0.6175950169563293,5.7299999999999995,4.446121680736541,0.20999999999999985,3.7245,0.6175950169563293,0.7082518339157104,-3.9000000000000004,-4.199999999999999,0.007082518339157105,0.0668659508228302,2.162388324737549,0.9763248562812805,2.1440534591674805,-0.03152060508728027,-0.01725269854068756,-0.045788511633872986,0.7082518339157104,-5.46,0.03735458478331566,0.062183573842048645,0.03269794210791588,32532.3515625,13844.3603515625,18687.9921875,32435.5703125,13813.876953125,18621.693359375,0.0029749232344329357,0.002201864030212164,0.003547669854015112,0.29749232344329357,6.606098636984825,6.12,4.453118517994881,6.12,2.7000000000000006,1.940435567721725,0.9763248562812805,35.32071316242218,35.32071316242218,greedy,0.9763248562812805,0.0,hard_fault_cluster,,False
38,N7880,control1,0.6051255464553833,8.040000000000001,4.625926029682159,1.68,5.226000000000001,0.6051255464553833,0.7374472618103027,7.199999999999999,4.402347224950789,0.007374472618103027,0.0634998083114624,2.2064645290374756,0.9810493588447571,2.245051860809326,-0.016614191234111786,0.005562201142311096,-0.03879058361053467,0.7374472618103027,6.989999999999999,0.03263547271490097,0.0597042441368103,0.028774335980415344,32435.58984375,13813.828125,18621.76171875,32455.13671875,13827.0927734375,18628.04296875,-0.0006026366609148681,-0.0009602442150935531,-0.0003373069630470127,-0.06026366609148681,6.207459062337875,-4.65,3.9995252192020416,-4.65,5.4,3.690335633531213,0.9810493588447571,36.30176252126694,36.30176252126694,greedy,0.9810493588447571,0.0,hard_fault_cluster,,False
39,N7587,control1,0.614675760269165,5.7299999999999995,4.510096263885497,0.20999999999999985,3.7245,0.614675760269165,0.6884781122207642,-3.9000000000000004,-4.50196759700775,0.006884781122207642,0.0661347508430481,2.1123743057250977,0.9358423948287964,2.066865921020508,-0.028189189732074738,-0.016678258776664734,-0.03970012068748474,0.6884781122207642,-5.46,0.041008491069078445,0.059987641870975494,0.033887192606925964,32455.53515625,13827.57421875,18627.9609375,32383.92578125,13794.58984375,18589.3359375,0.0022063839714974165,0.0023854058235883713,0.0020734958816319704,0.22063839714974165,6.901701524853706,6.12,4.80106221139431,6.12,2.7000000000000006,2.060956498831511,0.9358423948287964,37.237604916095734,37.237604916095734,greedy,0.9358423948287964,0.0,hard_fault_cluster,,False
40,N3722,control0,0.5448742508888245,0.18029869546648117,0.630242396891117,0.10526991459075362,0.11719415205321276,0.5448742508888245,0.6902240514755249,0.14154471747577185,0.6144930208101869,0.006902240514755249,0.06598120927810669,2.082305908203125,0.9295536279678345,2.0479938983917236,-0.00834491103887558,0.06959737837314606,-0.08628720045089722,0.6902240514755249,0.0556832095887512,0.03961822763085365,0.06373770534992218,0.037047065794467926,32384.2421875,13794.94140625,18589.30078125,32463.28125,13843.2041015625,18620.078125,-0.002440664218738675,-0.003498579142615199,-0.0016556482296437025,-0.2440664218738675,6.734352722764015,0.36936534110456704,4.654955253005028,0.16893300775438547,0.09415326053276658,0.9469997434550895,0.9295536279678345,38.16715854406357,38.16715854406357,greedy,0.9295536279678345,0.0,hard_fault_cluster,,False
41,N1532,observe,0.4741482138633728,4.684842876195908,4.076010036468506,1.1190736186504364,3.04514786952734,0.4741482138633728,0.6811205148696899,3.823292818069458,3.6663407802581784,0.006811205148696899,0.05433860421180725,2.020016670227051,0.8016564249992371,1.8258434534072876,-0.00017299503087997437,0.054666176438331604,-0.05501216650009155,0.6811205148696899,3.428351467847824,0.035655319690704346,0.05264783650636673,0.030183441936969757,32463.44140625,13843.46484375,18619.9765625,32465.234375,13809.6826171875,18655.55078125,-5.523039726540446e-05,0.0024403014685958624,-0.001910540508106351,-0.005523039726540446,6.266669154167175,-2.270906939506531,4.24081626534462,-1.8488166475296022,3.0596991777420044,4.001778107881546,0.8016564249992371,38.968814969062805,38.968814969062805,greedy,0.8016564249992371,0.0,hard_fault_cluster,,False
42,N7881,control1,0.43275806307792664,5.564464989043772,3.5031081944704052,0.7255918227508664,3.616902242878452,0.43275806307792664,0.6229146718978882,2.6691778132133184,1.0381058793514968,0.006229146718978882,0.06316691637039185,1.8733046054840088,0.7358971238136292,1.723288655281067,-0.030463404953479767,-0.010177448391914368,-0.050749361515045166,0.6229146718978882,2.4095152054354547,0.03421590477228165,0.043949589133262634,0.022966232150793076,32464.431640625,13808.634765625,18655.796875,32442.61328125,13785.5625,18657.05078125,0.0006720696692354977,0.0016708578914403915,-6.7212684371043e-05,0.06720696692354977,5.917809754610062,2.054134191218764,4.045645296573639,3.530384005252272,3.6950827464461327,2.449988224068657,0.7358971238136292,39.704712092876434,39.704712092876434,greedy,0.7358971238136292,0.0,hard_fault_cluster,,False
43,N1372,observe,0.40297433733940125,7.708474437594414,5.999999999999999,1.4690291875600816,5.01050838443637,0.40297433733940125,0.6274371147155762,5.070799775123596,4.007405829429626,0.0062743711471557615,0.05415603518486023,1.9103654623031616,0.7047792673110962,1.6164302825927734,-0.004304476082324982,0.045138970017433167,-0.05374792218208313,0.6274371147155762,4.654547773599624,0.031554169952869415,0.04176928848028183,0.020064614713191986,32443.41796875,13786.578125,18656.83984375,32440.890625,13754.509765625,18686.380859375,7.790004747221246e-05,0.002326056594029069,-0.001583387958817184,0.007790004747221246,5.693219572305679,7.401481165885925,3.789867639541626,7.401481165885925,5.903702914714813,5.937406894564628,0.7047792673110962,40.40949136018753,40.40949136018753,greedy,0.7047792673110962,0.0,hard_fault_cluster,,False
44,N7882,control1,0.3126121163368225,4.944652302861213,3.0598199278116223,0.7330634361505507,3.2140239968597886,0.3126121163368225,0.5468864440917969,3.7995701074600223,2.2998606059700246,0.005468864440917969,0.0765870213508606,1.6421678066253662,0.6062799096107483,1.411441683769226,-0.05008140951395035,-0.035831645131111145,-0.06433117389678955,0.5468864440917969,3.8860447472333903,0.022350382059812546,0.027169741690158844,0.011312533169984818,32440.0703125,13753.47265625,18686.59765625,32407.23046875,13726.2275390625,18681.00390625,0.0010123234242200851,0.001980962697416544,0.0002993455564137548,0.10123234242200851,4.424092456698418,-4.470689278841019,2.7823017686605453,-3.630455952882767,3.1985424280166628,2.196389615247026,0.6062799096107483,41.01577126979828,41.01577126979828,greedy,0.6062799096107483,0.0,hard_fault_cluster,,False
45,N7883,control1,0.3137328326702118,6.137550007998944,5.999999999999999,0.4693500050902366,3.9894075051993134,0.3137328326702118,0.5366185903549194,3.097950000464916,3.3922317028045654,0.0053661859035491945,0.0794854462146759,1.598815679550171,0.5907531380653381,1.3404536247253418,-0.05239758640527725,-0.039171770215034485,-0.06562340259552002,0.5366185903549194,3.084913957118988,0.020489417016506195,0.023512206971645355,0.009669888764619827,32407.2421875,13726.2265625,18681.015625,32365.55078125,13693.9599609375,18671.591796875,0.0012864841846749187,0.0023507263977080584,0.0005044601857662201,0.12864841846749187,4.18437597155571,0.23556268215179454,2.582800269126892,-2.154482126235962,3.3747041463851932,4.1173806352913385,0.5907531380653381,41.60652440786362,41.60652440786362,greedy,0.5907531380653381,0.0,hard_fault_cluster,,False
46,N7884,control1,0.3216572105884552,7.282267028689384,5.999999999999999,1.1978062909841534,4.7334735686481,0.3216572105884552,0.549849271774292,4.8642889970541,4.2747046709060665,0.00549849271774292,0.07707688212394714,1.622791051864624,0.608243465423584,1.3539589643478394,-0.05242312699556351,-0.03861595690250397,-0.06623029708862305,0.549849271774292,4.325517007112503,0.02069668471813202,0.02264278382062912,0.009909369051456451,32365.56640625,13693.95703125,18671.609375,32326.625,13662.7509765625,18663.875,0.0012031738879159093,0.0022788194473832846,0.00041423182119615376,0.12031738879159093,4.242308795452118,-3.1520128375291825,2.612828552722931,-2.3362171775102616,3.8319238364696506,4.433144155740738,0.608243465423584,42.2147678732872,42.2147678732872,greedy,0.608243465423584,0.0,hard_fault_cluster,,False
47,N7590,control1,0.4175989627838135,8.597712450027466,5.999999999999999,2.034907922744751,5.588513092517853,0.4175989627838135,0.5955383777618408,7.9605169773101805,5.999999999999999,0.005955383777618408,0.06226417422294617,1.7259905338287354,0.6870508790016174,1.3990795612335205,-0.054197318851947784,-0.029280588030815125,-0.07911404967308044,0.5955383777618408,7.674465279579162,0.026412799954414368,0.030314818024635315,0.015215713530778885,32326.841796875,13662.916015625,18663.92578125,32228.35546875,13605.515625,18622.83984375,0.0030465805903077126,0.004201181698590517,0.002201355528086424,0.30465805903077126,4.962808907032013,7.707011318206788,3.221662223339081,7.707011318206788,6.667528295516968,6.433893392086029,0.6870508790016174,42.90181875228882,42.90181875228882,greedy,0.6870508790016174,0.0,hard_fault_cluster,,False
48,N7885,control1,0.44716891646385193,5.417006126642227,4.529857039451599,1.2136663210391996,3.5210539823174476,0.44716891646385193,0.6431145668029785,5.7195397377014165,5.475285673141479,0.006431145668029785,0.05678275227546692,1.826554775238037,0.7232545614242554,1.6095092296600342,-0.04124825447797775,-0.024736925959587097,-0.05775958299636841,0.6431145668029785,5.829742584228515,0.02912738546729088,0.034822359681129456,0.018046118319034576,32228.1484375,13605.3310546875,18622.818359375,32240.62890625,13617.2841796875,18623.345703125,-0.00038725367630831897,-0.0008785618701949716,-2.831707570294384e-05,-0.0387253676308319,5.3824078887701035,-5.1109377819299695,3.5301558822393417,-5.1109377819299695,3.5485100924968718,4.350618714988231,0.7232545614242554,43.625073313713074,43.625073313713074,greedy,0.7232545614242554,0.0,hard_fault_cluster,,False
49,N519,control1,0.5299292802810669,4.484835288524627,2.353919267654419,1.8438564705848688,2.9151429375410074,0.5299292802810669,0.7136344909667969,6.347536683082581,5.284889841079711,0.007136344909667969,0.044018179178237915,1.9953057765960693,0.8515763282775879,1.7769898176193237,-0.052551545202732086,-0.062217071652412415,-0.04288601875305176,0.7136344909667969,5.975048424005507,0.036825936287641525,0.045331425964832306,0.02482059970498085,32242.53125,13615.9775390625,18626.5546875,32241.958984375,13603.220703125,18638.73828125,1.774878182914108e-05,0.0009369019535370171,-0.0006540981121361256,0.001774878182914108,6.391533896327019,6.8991815066337585,4.359828695654869,6.8991815066337585,4.443860030174255,4.28899157339707,0.8515763282775879,44.47664964199066,44.47664964199066,greedy,0.8515763282775879,0.0,hard_fault_cluster,,False
50,N7370,control1,0.42636728286743164,-3.4642356935143472,-3.0652435243129728,0.486590348780155,-2.251753200784326,0.42636728286743164,0.6700942516326904,-1.0380052208900452,-0.8504594683647155,0.0067009425163269045,0.07393676042556763,2.352895736694336,1.0399357080459595,2.2092180252075195,-0.07256188243627548,-0.08957783877849579,-0.055545926094055176,0.6700942516326904,-1.8682058307528495,0.03338133916258812,0.04377700388431549,0.026681512594223022,32240.46484375,13604.76171875,18635.703125,32114.2109375,13494.33203125,18619.87890625,0.003916007466614246,0.00811698753386736,0.0008491345215588808,0.39160074666142464,6.361123904585838,-2.2652547430992125,4.0938814133405685,-6.61835114300251,-2.2434117913246157,-1.2942757459264251,1.0399357080459595,45.51658535003662,45.51658535003662,greedy,1.0399357080459595,0.0,hard_fault_cluster,,False
51,N513,control1,0.5266535878181458,3.878759772777557,1.8805442690849303,1.3249019360542298,2.5211938523054123,0.5266535878181458,0.7349177598953247,5.9273946404457085,4.408108341693877,0.007349177598953247,0.057400524616241455,2.3676984310150146,1.012522578239441,2.1282248497009277,-0.05067484825849533,-0.07821209728717804,-0.023137599229812622,0.7349177598953247,6.128405445814133,0.03801969438791275,0.05312749743461609,0.029336847364902496,32114.7578125,13491.1748046875,18623.583984375,32173.021484375,13538.974609375,18634.046875,-0.0018142336048185825,-0.0035430423449724913,-0.0005618086433969438,-0.18142336048185825,6.904585629701614,-4.22766065120697,4.57762348651886,-4.948562140464783,2.8164107561111447,2.249887107238173,1.012522578239441,46.52910792827606,46.52910792827606,greedy,1.012522578239441,0.0,hard_fault_cluster,,False
52,N504,control1,0.5301112532615662,3.9571220192313197,2.449207806587219,1.0635382333397865,2.572129312500358,0.5301112532615662,0.7276198863983154,5.670529708266258,4.566453802585601,0.007276198863983154,0.060658663511276245,2.3548154830932617,1.0078120231628418,2.0892457962036133,-0.051969535648822784,-0.07987411320209503,-0.024064958095550537,0.7276198863983154,6.312450860738754,0.04087969288229942,0.052981264889240265,0.032009515911340714,32170.84375,13537.7392578125,18633.103515625,32196.30859375,13551.751953125,18644.556640625,-0.0007915503811091185,-0.001035083900205791,-0.0006146654486656189,-0.07915503811091185,7.1704046577215195,-3.8560352367162705,4.858578130602837,-5.137250427603722,3.2642892658710476,2.689670274890959,1.0078120231628418,47.536919951438904,47.536919951438904,greedy,1.0078120231628418,0.0,hard_fault_cluster,,False
53,N7886,control1,0.5195813179016113,-1.0222711300849916,-0.9037657856941224,0.5512389016151428,-0.6644762345552445,0.5195813179016113,0.7280056476593018,2.172451543807983,2.1764039635658263,0.007280056476593018,0.06841415166854858,2.398346185684204,1.0048907995224,2.1468586921691895,-0.02631426602602005,-0.02722276747226715,-0.02540576457977295,0.7280056476593018,2.3807804977893827,0.04122769832611084,0.051829323172569275,0.03231731057167053,32198.64453125,13556.0751953125,18642.568359375,32233.7578125,13582.4921875,18651.265625,-0.0010905205272138119,-0.0019487198442220688,-0.00046652721357531846,-0.10905205272138119,7.24912166595459,-1.281324890255928,4.9043577909469604,-2.759055879712105,-0.20856082439422619,0.1338887664116918,1.0048907995224,48.541810750961304,48.541810750961304,greedy,1.0048907995224,0.0,hard_fault_cluster,,False
54,N2580,control1,0.5272440910339355,0.7131896340847017,0.12224370241165161,1.012283707857132,0.4635732621550561,0.5272440910339355,0.7416563034057617,3.5612285435199738,2.646224248409271,0.007416563034057617,0.07223400473594666,2.4549953937530518,1.0280083417892456,2.1891512870788574,-0.024870194494724274,-0.027744188904762268,-0.02199620008468628,0.7416563034057617,3.6034674382209775,0.0414404533803463,0.05176088958978653,0.032323651015758514,32226.013671875,13571.185546875,18654.828125,32220.76171875,13563.4609375,18657.30078125,0.00016297247202601284,0.0005691919359378517,-0.00013254779332783073,0.016297247202601284,7.340697035193443,-0.4493347671627999,4.943208262324333,-1.4797402289509773,1.8315305709838865,1.7135188125818965,1.0280083417892456,49.56981909275055,49.56981909275055,greedy,1.0280083417892456,0.0,hard_fault_cluster,,False
55,N7887,control1,0.525506854057312,0.0525537747144702,-0.5854503393173217,0.904382627606392,0.03415995356440563,0.525506854057312,0.7426590919494629,2.36685451567173,2.0686688661575316,0.007426590919494629,0.07265305519104004,2.4772112369537354,1.0274924039840698,2.1972150802612305,-0.012897752225399017,-0.01379387080669403,-0.012001633644104004,0.7426590919494629,1.921114934384823,0.04060490056872368,0.051454730331897736,0.03134103864431381,32228.61328125,13574.693359375,18653.919921875,32230.708984375,13573.826171875,18656.8828125,-6.502616452053189e-05,6.38826604699716e-05,-0.00015883475134614855,-0.006502616452053189,7.280360385775566,-3.878053261041641,4.865457639098167,-3.992228580713272,0.6090732216835022,0.8379762515425682,1.0274924039840698,50.59731149673462,50.59731149673462,greedy,1.0274924039840698,0.0,hard_fault_cluster,,False
56,N516,control1,0.5711349248886108,3.4538406246900557,2.2960421204566956,1.1360944730043412,2.244996406048536,0.5711349248886108,0.7695608139038086,5.7217929571866994,4.468095695972442,0.007695608139038086,0.05258330702781677,2.452406167984009,1.0571919679641724,2.1827340126037598,-0.0370294526219368,-0.06242351233959198,-0.011635392904281616,0.7695608139038086,6.358920767605304,0.0383424237370491,0.05227784812450409,0.028123613446950912,32228.306640625,13569.833984375,18658.47265625,32212.30078125,13553.70703125,18658.59375,0.000496639811899513,0.0011884414125233889,-6.490014129667543e-06,0.0496639811899513,7.056209355592728,-1.4737370920181276,4.639734119176865,-3.9036017370224,3.196231251955032,2.6362875439226623,1.0571919679641724,51.65450346469879,51.65450346469879,greedy,1.0571919679641724,0.0,hard_fault_cluster,,False
57,N7888,control1,0.5398732423782349,-4.22939460515976,-3.3397197365760802,0.8971447157859801,-2.749106493353844,0.5398732423782349,0.756240963935852,1.1329891592264174,1.3115162968635559,0.00756240963935852,0.06866809725761414,2.4805402755737305,1.0383756160736084,2.2083029747009277,-0.014721252024173737,-0.017140552401542664,-0.01230195164680481,0.756240963935852,0.5463425156474113,0.04133724793791771,0.05244332551956177,0.031625207513570786,32215.02734375,13557.78515625,18657.2421875,32223.9921875,13567.2431640625,18656.748046875,-0.00027828142629005015,-0.0006976071745157242,2.6485191483516246e-05,-0.027828142629005015,7.3705060333013535,-1.1955091071128847,4.942920103669167,-2.112398345172405,-1.0735441476106646,-0.23862487293779877,1.0383756160736084,52.6928790807724,52.6928790807724,greedy,1.0383756160736084,0.0,hard_fault_cluster,,False
58,N7889,control1,0.5387393832206726,-1.4325563496351243,-1.6907019138336181,0.7643471878767012,-0.9311616272628308,0.5387393832206726,0.7564524412155151,-0.27640273407101656,-0.49380397200584414,0.007564524412155152,0.07066589593887329,2.5101659297943115,1.0478756427764893,2.2317328453063965,-0.010676272213459015,-0.014413729310035706,-0.006938815116882324,0.7564524412155151,-1.1134109815955162,0.04086705297231674,0.05197196453809738,0.031023036688566208,32223.99609375,13567.23828125,18656.7578125,32212.66015625,13562.86328125,18649.796875,0.0003517855948302895,0.00032246799673885107,0.000373105431208387,0.03517855948302895,7.353323668241501,-0.7258930569887161,4.903359889984131,-0.8418845421075821,-0.7991476371884345,-0.4257531264424324,1.0478756427764893,53.74075472354889,53.74075472354889,greedy,1.0478756427764893,0.0,hard_fault_cluster,,False
59,N7890,control1,0.5822125673294067,-3.609652327001095,-2.957733160257339,0.7454689249396322,-2.3462740125507118,0.5822125673294067,0.813621997833252,-0.958393486738205,-0.6446156263351439,0.00813621997833252,0.06297585368156433,2.5198800563812256,1.0717484951019287,2.3089280128479004,-0.002165086567401886,-0.0014766603708267212,-0.0028535127639770508,0.813621997833252,-1.8245243948698042,0.040495049208402634,0.0595318004488945,0.030009418725967407,32212.58984375,13562.7626953125,18649.826171875,32197.888671875,13554.248046875,18643.640625,0.00045637969742529094,0.0006277959910221398,0.00033166780485771596,0.045637969742529094,7.383006975054741,2.7422386145591733,4.882880434393883,0.6438876008987426,-1.6957885742187502,-0.7919597788341345,1.0717484951019287,54.81250321865082,54.81250321865082,greedy,1.0717484951019287,0.0,hard_fault_cluster,,False
60,N555,control1,0.6220021843910217,-0.8999110539257527,-0.2945742666721344,-0.051676507294178,-0.5849421850517392,0.6220021843910217,0.832533597946167,-2.1543097066879273,-1.3940400362014769,0.00832533597946167,0.042458027601242065,2.418914794921875,1.0774286985397339,2.2667951583862305,-0.022413842380046844,-0.04021747410297394,-0.004610210657119751,0.832533597946167,-2.527123530209064,0.038665689527988434,0.06285591423511505,0.027328811585903168,32198.466796875,13553.220703125,18645.24609375,32216.5546875,13570.2939453125,18646.26171875,-0.0005617624847218394,-0.001259718439541757,-5.447099101729691e-05,-0.05617624847218394,7.118017345666885,4.8097702455520635,4.679431051015854,5.363427968025208,-0.21944040954113,0.1968877352029085,1.0774286985397339,55.88993191719055,55.88993191719055,greedy,1.0774286985397339,0.0,hard_fault_cluster,,False
61,N6669,control1,0.6708036661148071,-1.1752947518229484,0.5718932792544364,-1.1764439582824706,-0.7639415886849165,0.6708036661148071,0.8429759740829468,-3.0073107115551827,-1.9393582090735435,0.008429759740829467,0.05376812815666199,2.19473934173584,1.126211166381836,2.3916144371032715,-0.008398957550525665,-0.01659773290157318,-0.00020018219947814941,0.8429759740829468,-2.647281193062663,0.03664616495370865,0.07722467184066772,0.04389067739248276,32216.578125,13571.794921875,18644.783203125,32142.205078125,13588.126953125,18554.078125,0.0023085332941263914,-0.0012033802922815084,0.004864904098212719,0.23085332941263914,6.7023318111896515,0.7416323411464691,4.4240453243255615,5.534590666294099,0.356275599449873,0.5557078597694636,1.126211166381836,57.01614308357239,57.01614308357239,greedy,1.126211166381836,0.0,hard_fault_cluster,,False
62,N520,control1,0.6722510457038879,1.386905986070633,2.6367628097534177,0.19795241951942444,0.9014888909459114,0.6722510457038879,0.8612563610076904,0.9994327394664286,1.2581883847713469,0.008612563610076904,0.04923662543296814,2.183971405029297,1.0430808067321777,2.263720750808716,-0.020186878740787506,-0.02619592845439911,-0.014177829027175903,0.8612563610076904,1.0880707916617394,0.03406762331724167,0.07784651219844818,0.04035380482673645,32142.0390625,13585.9814453125,18556.056640625,32227.96875,13656.3251953125,18571.642578125,-0.002673436189070344,-0.005177671555429697,-0.0008399380021728575,-0.2673436189070344,6.451990097761154,1.0855338448286056,4.168069273233414,1.286688613295555,1.4818012773990632,2.181561267524958,1.0430808067321777,58.059223890304565,58.059223890304565,greedy,1.0430808067321777,0.0,hard_fault_cluster,,False
63,N556,control1,0.6682238578796387,2.8235749267041683,1.4885255217552185,0.8713370896875858,1.8353237023577094,0.6682238578796387,0.8631881475448608,3.281333434432745,2.5051225900650023,0.008631881475448609,0.04737392067909241,2.1942670345306396,1.047351360321045,2.2742979526519775,-0.019662193953990936,-0.0246572345495224,-0.014667153358459473,0.8631881475448608,3.328165552020073,0.034096889197826385,0.07821092009544373,0.03967003896832466,32228.15234375,13656.5390625,18571.61328125,32265.0703125,13679.9111328125,18585.16015625,-0.0011455191997811198,-0.0017114196671172976,-0.0007294398383237422,-0.11455191997811198,6.467144101858139,2.93610448718071,4.174052715301514,6.598151841163635,3.3502708673477173,2.7811591773480178,1.047351360321045,59.10657525062561,59.10657525062561,greedy,1.047351360321045,0.0,hard_fault_cluster,,False
64,N7870,control1,0.6733622550964355,8.272376568317414,4.564634299278259,1.8278759980201718,5.37704476940632,0.6733622550964355,0.8861455917358398,7.516877138614655,5.922474288940429,0.008861455917358398,0.0477277934551239,2.2748706340789795,1.043161153793335,2.362731695175171,0.0023717954754829407,0.02266661822795868,-0.017923027276992798,0.8861455917358398,7.275189424753188,0.030489984899759293,0.07807031273841858,0.03987209126353264,32264.953125,13681.10546875,18583.84765625,32279.77734375,13678.578125,18601.19921875,-0.0004594526544678956,0.0001847324165282771,-0.0009336905204690993,-0.04594526544678956,6.210014715790749,2.598978978395462,3.839252546429634,0.49349961876869197,5.928128564357758,4.746253762841225,1.043161153793335,60.149736404418945,60.149736404418945,greedy,1.043161153793335,0.0,hard_fault_cluster,,False
65,N3124,control1,0.6631829738616943,4.36560861594975,4.382738423347472,-0.049177715927362475,2.8376456003673374,0.6631829738616943,0.8658305406570435,-1.1905429888889194,-0.6702106475830076,0.008658305406570435,0.049253225326538086,2.257394313812256,1.044791340827942,2.2084672451019287,0.0034894123673439026,0.030307665467262268,-0.023328840732574463,0.8658305406570435,-1.657789027914405,0.03127634897828102,0.07826808094978333,0.040696773678064346,32280.669921875,13679.029296875,18601.640625,32229.7578125,13647.4658203125,18582.291015625,0.0015771702164784074,0.0023074354976415634,0.0010402097832411528,0.15771702164784074,6.250859752297401,1.2560489801689982,3.908441111445427,0.7670223591849208,2.3872734338045123,2.5411582462536173,1.044791340827942,61.19452774524689,61.19452774524689,greedy,1.044791340827942,0.0,hard_fault_cluster,,False
66,N7588,control1,0.6513652205467224,0.6869925221800803,1.247384911775589,0.1297527131438255,0.4465451394170522,0.6513652205467224,0.8508543968200684,-1.021509269028902,0.7530958771705627,0.008508543968200683,0.05066096782684326,2.23941969871521,1.0328153371810913,2.2378621101379395,-0.008305966854095459,0.013115420937538147,-0.029727354645729065,0.8508543968200684,-1.5398446628451348,0.029956061393022537,0.07627470791339874,0.03770257160067558,32229.078125,13647.205078125,18581.873046875,32149.626953125,13597.736328125,18551.890625,0.0024652015417814255,0.0036248264368623495,0.0016135306796059012,0.24652015417814255,6.085880234837532,-5.9604457169771194,3.7681746631860733,-6.0872629433870316,-0.29087647795677185,1.123765680640936,1.0328153371810913,62.22734308242798,62.22734308242798,greedy,1.0328153371810913,0.0,hard_fault_cluster,,False
67,N7875,control1,0.6684157848358154,2.6525880967825652,2.6199604749679564,0.5869512244313955,1.7241822629086674,0.6684157848358154,0.8569619655609131,0.6921553808450698,0.8101475566625596,0.00856961965560913,0.05853480100631714,2.2094264030456543,1.025009036064148,2.244196653366089,0.009217239916324615,0.028584256768226624,-0.010149776935577393,0.8569619655609131,0.25438213959336275,0.03366740420460701,0.08062879741191864,0.0416407585144043,32150.25,13598.533203125,18551.716796875,32113.046875,13585.88671875,18527.16015625,0.0011571644572541118,0.0009299888624809682,0.0013236856320872903,0.11571644572541118,6.433128789067268,4.154595238566399,4.133337512612343,4.755768401026726,2.196259693801403,2.7344280526041986,1.025009036064148,63.25235211849213,63.25235211849213,greedy,1.025009036064148,0.0,hard_fault_cluster,,False
68,N3180,control1,0.6261582970619202,-1.5432560235261918,-0.7761632800102234,0.206818464398384,-1.0031164152920247,0.6261582970619202,0.828632116317749,-1.6922533398866655,-0.8705787062644958,0.00828632116317749,0.06085336208343506,2.2083585262298584,1.021633505821228,2.1839241981506348,-0.011219404637813568,0.010610327124595642,-0.03304913640022278,0.828632116317749,-2.2895484924316407,0.03268575295805931,0.07532599568367004,0.037844832986593246,32113.115234375,13585.318359375,18527.796875,32071.546875,13556.35546875,18515.19140625,0.001294435583986342,0.0021319258958101273,0.0006803544238209724,0.1294435583986342,6.3055659383535385,-0.7045454078912735,4.027822956442833,-1.4980487781763077,-1.1551956593990327,-0.05553383193910144,1.021633505821228,64.27398562431335,64.27398562431335,greedy,1.021633505821228,0.0,hard_fault_cluster,,False
69,N510,control1,0.6667325496673584,2.809459158778191,2.105058455467224,1.042258647084236,1.826148453205824,0.6667325496673584,0.8880614042282104,3.809985107183456,3.4141342401504513,0.008880614042282105,0.05746617913246155,2.2005884647369385,1.06109619140625,2.290590286254883,-0.021857552230358124,-0.028742268681526184,-0.014972835779190063,0.8880614042282104,3.752929124832153,0.03308689221739769,0.08209317922592163,0.037758663296699524,32070.919921875,13554.13671875,18516.783203125,32122.888671875,13576.505859375,18546.3828125,-0.0016204321291297674,-0.001650355290621519,-0.0015985287027433515,-0.16204321291297674,6.397339090704918,2.660310235619545,4.080851688981056,2.400223341584206,2.989689213037491,3.193359164223075,1.06109619140625,65.3350818157196,65.3350818157196,greedy,1.06109619140625,0.0,hard_fault_cluster,,False
70,N610,control1,0.6628800630569458,1.1890671312808991,1.2777299106121063,0.40022607445716857,0.7728936353325845,0.6628800630569458,0.8823747634887695,1.2856805621087553,2.077718222141266,0.008823747634887696,0.0620000958442688,2.191286087036133,1.1408390998840332,2.2970352172851562,0.02867693454027176,0.04020746052265167,0.017146408557891846,0.8823747634887695,1.2195764979720116,0.0318286195397377,0.08209604024887085,0.043265022337436676,32123.548828125,13578.24609375,18545.302734375,32188.013671875,13641.224609375,18546.7890625,-0.0020067784935235977,-0.004638192243874073,-8.014580089366063e-05,-0.20067784935235977,6.2565228044986725,-0.3400516295433045,3.9512771666049957,-1.1122393989562989,1.2441976845264435,1.898335847556591,1.1408390998840332,66.47592091560364,66.47592091560364,greedy,1.1408390998840332,0.0,hard_fault_cluster,,False
71,N7871,control1,0.6708639860153198,4.703417395986617,4.12295184135437,0.5853315176442266,3.057221307391301,0.6708639860153198,0.8603575229644775,1.2511890846490858,1.278401370346546,0.008603575229644776,0.06554266810417175,2.2027013301849365,1.0268558263778687,2.2525060176849365,0.005685873329639435,0.022487178444862366,-0.011115431785583496,0.8603575229644775,0.9038628517836331,0.03352387249469757,0.08257646858692169,0.04476288706064224,32188.2265625,13642.2958984375,18545.931640625,32119.248046875,13595.623046875,18523.625,0.0021429734770208597,0.003421187400817871,0.0012027780758216977,0.21429734770208597,6.415446102619171,6.662815503180027,4.118151962757111,6.662815503180027,3.787640545517206,3.910222392715514,1.0268558263778687,67.5027767419815,67.5027767419815,greedy,1.0268558263778687,0.0,hard_fault_cluster,,False
72,N620,control1,0.6570342183113098,1.957338672876358,1.5555963873863219,0.831378048658371,1.2722701373696328,0.6570342183113098,0.8547637462615967,2.4592301827669143,2.1440788984298704,0.008547637462615967,0.06229746341705322,2.203091859817505,1.1362820863723755,2.3039169311523438,0.03353195637464523,0.04358731210231781,0.023476600646972656,0.8547637462615967,1.9987028443813326,0.03090687468647957,0.07975710928440094,0.04364684224128723,32118.98828125,13594.453125,18524.53515625,32183.189453125,13649.216796875,18533.97265625,-0.0019988541025668383,-0.004028383642435074,-0.0005094594671390951,-0.19988541025668383,6.148543074727058,0.5369761833548545,3.8551513701677322,-0.6547562828660012,1.2265140026807786,1.7626321090757848,1.1362820863723755,68.63905882835388,68.63905882835388,greedy,1.1362820863723755,0.0,hard_fault_cluster,,False
73,N3410,control1,0.6474554538726807,2.624515519142151,1.137779575586319,1.6292277264595034,1.7059350874423984,0.6474554538726807,0.8487385511398315,6.388601525127887,5.3768247127532955,0.008487385511398316,0.06241598725318909,2.197627544403076,1.0277968645095825,2.2165420055389404,-0.01198267936706543,0.011933282017707825,-0.035898640751838684,0.8487385511398315,6.718174870759248,0.030989348888397217,0.07913538813591003,0.039161305874586105,32183.548828125,13649.84375,18533.705078125,32102.517578125,13584.365234375,18518.15234375,0.0025177847128361464,0.004797015804797411,0.0008391594747081399,0.25177847128361464,6.145300984382629,4.3841081827878945,3.8605264127254486,4.383571264147758,4.059272599220275,3.7394616580009457,1.0277968645095825,69.66685569286346,69.66685569286346,greedy,1.0277968645095825,0.0,hard_fault_cluster,,False
74,N638,control1,0.6408559083938599,0.5778565156459812,-0.8611732006072997,1.980576297044754,0.3756067351698878,0.6408559083938599,0.880189061164856,6.449587288498878,5.153247213363647,0.00880189061164856,0.06207200884819031,2.232407808303833,1.104860544204712,2.282749652862549,-0.005802653729915619,0.03414584696292877,-0.04575115442276001,0.880189061164856,6.31462855964899,0.03149118646979332,0.07848840951919556,0.0341075137257576,32102.3203125,13583.8388671875,18518.48046875,32074.9765625,13559.0625,18515.9140625,0.0008517686510458589,0.0018239591736346483,0.00013858622696716338,0.08517686510458589,6.261715516448021,4.44966255903244,3.927267864346504,3.7408388304710387,3.0301393508911127,2.8430649100244043,1.104860544204712,70.77171623706818,70.77171623706818,greedy,1.104860544204712,0.0,hard_fault_cluster,,False
75,N3352,control1,0.6251184940338135,-2.3979453006386757,-1.886243915557861,0.5011606755852698,-1.5586644454151393,0.6251184940338135,0.8657873868942261,-1.1223752290010454,-0.5180809617042542,0.00865787386894226,0.0623607337474823,2.2425084114074707,1.035143494606018,2.22035551071167,-0.006081029772758484,0.021626248955726624,-0.03378830850124359,0.8657873868942261,-1.974990750849247,0.029586870223283768,0.07795920968055725,0.03641381859779358,32075.20703125,13559.607421875,18515.599609375,32033.09375,13524.9384765625,18508.15625,0.0013129543513059616,0.002556780818849802,0.0004020047781523317,0.13129543513059616,6.0669828206300735,-5.087922864556313,3.735760971903801,-6.520968251824379,-1.959264957904816,-0.8010120546817783,1.035143494606018,71.8068597316742,71.8068597316742,greedy,1.035143494606018,0.0,hard_fault_cluster,,False
76,N7424,control1,0.6399354934692383,-0.21064799785614013,0.04503020048141476,0.2576922130584717,-0.1369211986064911,0.6399354934692383,0.846656322479248,-3.2481481793522837,-2.599259102344513,0.00846656322479248,0.06409427523612976,2.2247586250305176,1.0358682870864868,2.26237154006958,-0.0026768818497657776,0.013683721423149109,-0.019037485122680664,0.846656322479248,-4.303424809575081,0.03309652581810951,0.0797567367553711,0.03927145153284073,32033.2421875,13525.734375,18507.5078125,32013.4921875,13519.14453125,18494.34765625,0.0006165470113046467,0.00048720784252509475,0.0007110712467692792,0.06165470113046467,6.381067529320717,4.965936441421508,4.077506318688393,5.306848640441895,-0.3141733825206756,0.4035312616825104,1.0358682870864868,72.84272801876068,72.84272801876068,greedy,1.0358682870864868,0.0,hard_fault_cluster,,False
77,N3237,control1,0.6195291876792908,-4.798211794495582,-3.89017070531845,0.9347241598367689,-3.1188376664221287,0.6195291876792908,0.8436458110809326,1.0343317925930025,1.3576658725738524,0.008436458110809326,0.06995642185211182,2.198376417160034,1.0266547203063965,2.201632261276245,-0.010181061923503876,0.01696135103702545,-0.0373234748840332,0.8436458110809326,0.3450205755233767,0.030553940683603287,0.07964590191841125,0.03918353468179703,32013.3359375,13518.3466796875,18494.98828125,31994.28125,13503.4521484375,18490.828125,0.0005952109349891543,0.0011018012883141637,0.00022493425058200955,0.059521093498915434,6.0974162966012955,-1.312321573495865,3.8158996254205704,-6.068144705891609,-1.4818766653537754,-0.39406979829072974,1.0266547203063965,73.86938273906708,73.86938273906708,greedy,1.0266547203063965,0.0,hard_fault_cluster,,False
78,N7877,control1,0.6337728500366211,6.86064728140831,4.282571864128113,1.208964728116989,4.459420732915402,0.6337728500366211,0.8431472778320312,3.247950222492218,1.4550726056098937,0.008431472778320313,0.07049211859703064,2.2043850421905518,1.0295261144638062,2.2559967041015625,0.003465794026851654,0.023511424660682678,-0.01657983660697937,0.8431472778320312,2.632004506587982,0.03302941843867302,0.08099491894245148,0.041140515357255936,31994.216796875,13503.994140625,18490.22265625,31975.478515625,13495.373046875,18480.10546875,0.0005856771604157984,0.0006384106818586588,0.0005471641779877245,0.05856771604157984,6.350474163889885,7.073650712966919,4.064824923872948,7.073650712966919,5.010934376716613,3.9612082126736636,1.0295261144638062,74.89890885353088,74.89890885353088,greedy,1.0295261144638062,0.0,hard_fault_cluster,,False
79,N7879,control1,0.6253851056098938,3.9248740705847744,2.0102611899375917,1.2454577842354775,2.5511681458801037,0.6253851056098938,0.8311982154846191,2.72811653971672,1.255724012851715,0.008311982154846192,0.07082691788673401,2.1938648223876953,1.0283188819885254,2.245955467224121,0.003831513226032257,0.024640217423439026,-0.01697719097137451,0.8311982154846191,2.0798367184400557,0.032895706593990326,0.08024528622627258,0.041617728769779205,31975.4140625,13495.337890625,18480.076171875,31964.71875,13489.5927734375,18475.126953125,0.00033448549220338464,0.00042571124504320323,0.00026781376800499856,0.033448549220338464,6.314633697271347,6.535952970981597,4.045836418867111,6.535952970981597,3.1884181082248686,2.7501037684082985,1.0283188819885254,75.92722773551941,75.92722773551941,greedy,1.0283188819885254,0.0,hard_fault_cluster,,False
80,N8241,control1,0.614328920841217,1.0883374425768853,1.8850048780441284,0.119225569665432,0.7074193376749754,0.614328920841217,0.8027502298355103,-2.2184615549445152,-0.48995637893676736,0.008027502298355103,0.07131466269493103,2.1633033752441406,1.0222816467285156,2.2203469276428223,-0.005181573331356049,0.01375831663608551,-0.024121463298797607,0.8027502298355103,-2.8572053372859956,0.03319007530808449,0.0793205201625824,0.04259176924824715,31964.78515625,13489.87890625,18474.90625,31971.974609375,13498.158203125,18473.81640625,-0.00022491792333312333,-0.0006137414020486176,5.8990488469135016e-05,-0.022491792333312333,6.2850611358881,5.7164418983459475,4.0605209320783615,5.7164418983459475,0.941268575191498,2.3953591197729107,1.0222816467285156,76.94950938224792,76.94950938224792,greedy,1.0222816467285156,0.0,hard_fault_cluster,,False
81,N7594,control1,0.606702446937561,5.169546233415604,3.6411814689636226,1.3014560306072236,3.3602050517201425,0.606702446937561,0.7991797924041748,3.7538100141286845,3.3072340965270994,0.007991797924041748,0.07095980644226074,2.1658852100372314,1.0164271593093872,2.2198662757873535,0.0030142292380332947,0.024723365902900696,-0.018694907426834106,0.7991797924041748,3.286382471323013,0.03253317251801491,0.07840192317962646,0.04186301678419113,31971.712890625,13497.826171875,18473.88671875,31958.25,13490.70703125,18467.54296875,0.0004210875486023724,0.0005274286959320307,0.0003433901001699269,0.04210875486023724,6.218382254242897,6.860846118927002,3.9945835024118423,6.860846118927002,4.176552140712738,4.531870006918907,1.0164271593093872,77.96593654155731,77.96593654155731,greedy,1.0164271593093872,0.0,hard_fault_cluster,,False
82,N7423,control1,0.6007289290428162,7.420676882266998,5.490740919113159,1.2858852887153625,4.823439973473549,0.6007289290428162,0.792637825012207,3.2907510054111477,2.680600595474243,0.00792637825012207,0.07076004147529602,2.1657419204711914,1.01908278465271,2.2180275917053223,0.0011149272322654724,0.022201433777809143,-0.019971579313278198,0.792637825012207,2.5600909399986262,0.03232455998659134,0.0777459591627121,0.041260965168476105,31958.53515625,13490.9375,18467.59765625,31944.724609375,13481.0390625,18463.685546875,0.0004321395535953343,0.0007337101269513369,0.00021183639182709157,0.04321395535953343,6.190835744142532,7.13612011909485,3.9720509350299835,7.13612011909485,5.240300297737122,5.268540955781936,1.01908278465271,78.98501932621002,78.98501932621002,greedy,1.01908278465271,0.0,hard_fault_cluster,,False
83,N7856,control1,0.5947665572166443,2.2505464358627796,1.6829223692417146,1.2301090340316294,1.4628551833108068,0.5947665572166443,0.7886084318161011,1.9238325212895866,2.1338179290294645,0.007886084318161011,0.07013300061225891,2.1671628952026367,1.0153216123580933,2.218644857406616,0.004557348787784576,0.026923909783363342,-0.01780921220779419,0.7886084318161011,1.1371981012821197,0.031753119081258774,0.07702845335006714,0.04075336456298828,31944.580078125,13480.755859375,18463.82421875,31938.400390625,13475.095703125,18463.3046875,0.00019345026521477848,0.0004198693495709449,2.8137792469351552e-05,0.01934502652147785,6.131083235144615,6.173800014257431,3.914254739880562,6.173800014257431,2.0348466873168944,3.1494814109802243,1.0153216123580933,80.00034093856812,80.00034093856812,greedy,1.0153216123580933,0.0,hard_fault_cluster,,False
84,N7892,control1,0.5956169366836548,2.9552925750613213,2.518794059753418,1.037863738834858,1.9209401737898588,0.5956169366836548,0.7917033433914185,2.4742750710248944,2.6540012717247006,0.007917033433914185,0.07349094748497009,2.1601903438568115,1.0169007778167725,2.2214205265045166,0.005010820925235748,0.027031823992729187,-0.01701018214225769,0.7917033433914185,2.0582961231470107,0.032103437930345535,0.07869653403759003,0.0418410487473011,31938.443359375,13475.15625,18463.287109375,31931.85546875,13468.8349609375,18463.01953125,0.0002062683633994311,0.0004691069188993424,1.4492442460323218e-05,0.02062683633994311,6.1622374802827835,6.4301436686515805,3.948317214846611,6.4301436686515805,2.818493622541428,3.737965278327465,1.0169007778167725,81.01724171638489,81.01724171638489,greedy,1.0169007778167725,0.0,hard_fault_cluster,,False
85,N616,control1,0.5850571393966675,0.5492323324084281,0.5553245365619659,1.0368713095784186,0.35700101606547824,0.5850571393966675,0.7936197519302368,2.0498014824092383,2.6780550599098203,0.007936197519302367,0.06936174631118774,2.1794259548187256,1.1206732988357544,2.300231456756592,0.031095050275325775,0.039096131920814514,0.023093968629837036,0.7936197519302368,1.341476961225271,0.02765156328678131,0.07588596642017365,0.04213836044073105,31931.693359375,13467.775390625,18463.91796875,32026.287109375,13536.224609375,18490.0625,-0.0029623780865222216,-0.005082444287836552,-0.0014159795828163624,-0.29623780865222216,5.7382020354270935,0.8727875745296478,3.5084177553653717,-1.2911671805381775,0.6861588776111602,1.8657266628742217,1.1206732988357544,82.13791501522064,82.13791501522064,greedy,1.1206732988357544,0.0,hard_fault_cluster,,False
86,N636,control1,0.5975531935691833,2.324581205844879,1.9047491014003755,1.0626544952392578,1.5109777837991716,0.5975531935691833,0.8073376417160034,3.3759102627635005,3.6025312423706053,0.008073376417160034,0.06906276941299438,2.199201822280884,1.1207281351089478,2.331772804260254,0.02973630279302597,0.03608618676662445,0.02338641881942749,0.8073376417160034,2.963249154537916,0.02664363384246826,0.07718667387962341,0.04292314872145653,32026.38671875,13536.29296875,18490.09375,32077.931640625,13568.455078125,18509.4765625,-0.001609451719559729,-0.0023759908508509398,-0.001048280973918736,-0.1609451719559729,5.670902848243713,5.796110694408417,3.415998250246048,1.1809553748369217,1.9303906202316283,2.8092440587282175,1.1207281351089478,83.25864315032959,83.25864315032959,greedy,1.1207281351089478,0.0,hard_fault_cluster,,False
87,N1599,observe,0.5575178861618042,-5.502378167808056,-5.67635440826416,0.027432989776134484,-3.5765458090752364,0.5575178861618042,0.7828890085220337,-1.135720421373844,1.5694795787334441,0.007828890085220338,0.05746772885322571,2.133768081665039,0.9799728989601135,2.240584373474121,-0.009396396577358246,0.06000141799449921,-0.0787942111492157,0.7828890085220337,-1.2039644910395144,0.029047388583421707,0.07768471539020538,0.04399985447525978,32078.294921875,13569.88671875,18508.408203125,32390.677734375,13712.146484375,18678.53125,-0.00973813608288765,-0.010483489371836185,-0.00919166300445795,-0.973813608288765,5.8213959485292435,3.0411917722225192,3.633903130888939,4.467872051000596,-2.37971710562706,-2.176816118657589,0.9799728989601135,84.2386160492897,84.2386160492897,greedy,0.9799728989601135,0.0,hard_fault_cluster,,False
88,N645,control1,0.534142792224884,-4.449489850997925,-1.6774980843067169,-1.8483047008514404,-2.8921684031486516,0.534142792224884,0.6910336017608643,-5.65737868130207,-3.352631027216557,0.006910336017608642,0.0677480697631836,2.0261971950531006,0.9649044871330261,2.140800714492798,0.02158655971288681,0.0447818785905838,-0.0016087591648101807,0.6910336017608643,-5.573674575090408,0.027949582785367966,0.0736561119556427,0.046302273869514465,32390.16015625,13710.7890625,18679.37109375,32440.783203125,13771.259765625,18669.5234375,-0.0015629143454134464,-0.004410446621477604,0.0005271942354738712,-0.15629143454134464,5.512189075350761,-1.6788174092769623,3.474265977740288,1.7373467206954956,-3.152786338329315,-1.8989410400806812,0.9649044871330261,85.20352053642273,85.20352053642273,greedy,0.9649044871330261,0.0,hard_fault_cluster,,False
89,N3295,control1,0.5944005250930786,5.90576531112194,3.5857159376144407,1.4385259276628493,3.8387474522292613,0.5944005250930786,0.752320408821106,5.482337924838066,4.714967918395995,0.0075232040882110595,0.0669640600681305,2.129544496536255,0.9766184687614441,2.2901182174682617,-0.010804347693920135,0.01137368381023407,-0.03298237919807434,0.752320408821106,5.144316197335721,0.026303421705961227,0.0745902806520462,0.04315061867237091,32441.0703125,13771.5771484375,18669.4921875,32426.693359375,13762.892578125,18663.80078125,0.0004431713605299592,0.0006306155119091272,0.00030485063325613737,0.04431713605299592,5.512207075953484,6.673169289827347,3.350808396935463,4.772174249887467,4.2624633580446245,3.961696401908994,0.9766184687614441,86.18013900518417,86.18013900518417,greedy,0.9766184687614441,0.0,hard_fault_cluster,,False
90,N3467,control1,0.5836442708969116,2.2622251568734644,1.0669403493404388,0.8982000793516635,1.470446351967752,0.5836442708969116,0.7360352277755737,2.017388781607151,2.447792989015579,0.007360352277755737,0.07082101702690125,2.1599576473236084,0.9919516444206238,2.2035908699035645,-0.015539512038230896,0.008427038788795471,-0.03950606286525726,0.7360352277755737,1.6630948486924169,0.026484370231628418,0.07514435052871704,0.0419127456843853,32426.83203125,13762.986328125,18663.845703125,32326.62890625,13693.6357421875,18632.994140625,0.0030901299323886633,0.005038919858634472,0.0016530121210962534,0.30901299323886633,5.544429898262024,5.0558280336856845,3.3724352419376373,6.268660722970963,2.389160987734795,2.589811316132545,0.9919516444206238,87.1720906496048,87.1720906496048,greedy,0.9919516444206238,0.0,hard_fault_cluster,,False
91,N624,control1,0.5716040134429932,-1.9003486087918282,-0.6990896165370941,-0.6424442321062087,-1.2352265957146884,0.5716040134429932,0.6624871492385864,-2.5421951588988305,-1.5473151683807373,0.006624871492385864,0.0740807056427002,2.0555779933929443,0.9697206616401672,2.1092982292175293,0.021754033863544464,0.06435121595859528,-0.020843148231506348,0.6624871492385864,-2.564324698448181,0.027060847729444504,0.07186025381088257,0.04468756169080734,32326.349609375,13693.259765625,18633.08984375,32350.0703125,13737.56640625,18612.50390625,-0.0007337884744629264,-0.0032356532756239176,0.0011048053856939077,-0.07337884744629264,5.424149915575981,0.9137414932250976,3.385601058602333,5.09517627954483,-0.9603816211223603,-0.28757631376385695,0.9697206616401672,88.14181131124496,88.14181131124496,greedy,0.9697206616401672,0.0,hard_fault_cluster,,False
92,N642,control1,0.5769121646881104,3.185001936554909,1.6141170978546142,1.093039473891258,2.070251258760691,0.5769121646881104,0.6955121755599976,3.1418634557724,3.212551856040954,0.006955121755599976,0.07196345925331116,2.1571857929229736,1.0775091648101807,2.322653293609619,0.023192711174488068,0.02527184784412384,0.021113574504852295,0.6955121755599976,2.7527849209308624,0.024011380970478058,0.07133542001247406,0.04215400293469429,32350.0625,13737.427734375,18612.634765625,32366.263671875,13759.955078125,18606.30859375,-0.0005008080624975264,-0.001639851718209684,0.0003398858825676143,-0.05008080624975264,5.253836065530777,3.082447829246521,3.1143125891685486,4.594582643508911,2.6544597029685977,2.7243525759130716,1.0775091648101807,89.21932047605515,89.21932047605515,greedy,1.0775091648101807,0.0,hard_fault_cluster,,False
93,N649,control1,0.5906096696853638,4.320165348052979,1.9740340471267699,1.6778074264526366,2.8081074762344365,0.5906096696853638,0.7550599575042725,4.949377816915512,4.123588562011719,0.007550599575042724,0.07290077209472656,2.2643492221832275,1.0790101289749146,2.3323733806610107,0.0058932825922966,0.04667283594608307,-0.03488627076148987,0.7550599575042725,4.435063874721527,0.025713305920362473,0.07409371435642242,0.039580799639225006,32366.3984375,13759.9521484375,18606.4453125,32293.25390625,13691.91015625,18601.34375,0.002259891014546156,0.004944929387420416,0.00027418253012001514,0.2259891014546156,5.590739771723747,5.134630012512207,3.3261828869581223,6.8107952117919925,4.024899864196778,3.7726183661818506,1.0790101289749146,90.29833060503006,90.29833060503006,greedy,1.0790101289749146,0.0,hard_fault_cluster,,False
94,N3525,control1,0.6166155338287354,4.958811291456223,2.8706621170043944,1.3516666424274442,3.2232273394465447,0.6166155338287354,0.7914930582046509,3.786722629964351,3.3875732183456417,0.007914930582046509,0.06543001532554626,2.3048057556152344,1.0341039896011353,2.4160139560699463,0.007658250629901886,0.03299154341220856,-0.017675042152404785,0.7914930582046509,3.1778927713632585,0.025232061743736267,0.07493439316749573,0.03639417514204979,32293.421875,13692.33984375,18601.08203125,32292.669921875,13676.455078125,18616.21484375,2.3285025235963985e-05,0.0011601205915212631,-0.0008135447278618813,0.0023285025235963985,5.619504988193512,3.0839015409350394,3.297280877828598,2.684934513270855,3.4919637948274613,3.4279240603744983,1.0341039896011353,91.3324345946312,91.3324345946312,greedy,1.0341039896011353,0.0,hard_fault_cluster,,False
95,N628,control1,0.5953717827796936,-0.7028973242267968,0.26759878303855655,-0.6249037981033326,-0.456883260747418,0.5953717827796936,0.6993573904037476,-2.1366238969704137,-1.2467013478279112,0.006993573904037475,0.0696043074131012,2.1799731254577637,1.012367844581604,2.2021961212158203,0.031970418989658356,0.07675112783908844,-0.012810289859771729,0.6993573904037476,-2.006607458433136,0.026745300740003586,0.07194176316261292,0.04145824909210205,32292.53125,13676.177734375,18616.353515625,32295.73046875,13699.4296875,18596.30078125,-9.906992636388168e-05,-0.001700179185718298,0.0010771569795906544,-0.009906992636388168,5.55386058986187,2.304012092649937,3.3943627029657364,4.226620587408543,0.46585943838581445,0.7723741479357704,1.012367844581604,92.3448024392128,92.3448024392128,greedy,1.012367844581604,0.0,hard_fault_cluster,,False
96,N1607,control1,0.6332544088363647,7.459058151841164,4.869486951828002,1.6640083247423172,4.8483877986967565,0.6332544088363647,0.7469303607940674,5.256146688461303,4.062259221076965,0.0074693036079406736,0.06806161999702454,2.265408515930176,1.1036828756332397,2.4341917037963867,0.010101817548274994,0.008250996470451355,0.011952638626098633,0.7469303607940674,4.676293028593063,0.02873154729604721,0.07428579032421112,0.039479129016399384,32295.47265625,13699.84765625,18595.625,32281.90625,13704.3505859375,18577.5546875,0.00042007144656963646,-0.00032868466223590076,0.0009717507637105882,0.042007144656963646,5.885493606328964,7.313640809059144,3.626239448785782,7.313640809059144,5.5914666771888735,5.1623002144694325,1.1036828756332397,93.44848531484604,93.44848531484604,greedy,1.1036828756332397,0.0,hard_fault_cluster,,False
97,N647,control1,0.6084597706794739,3.2627346578240397,1.5923702836036682,1.3074603924155235,2.1207775275856258,0.6084597706794739,0.7481667995452881,3.2966460281610486,3.1832233309745783,0.007481667995452881,0.06747350096702576,2.319875478744507,1.1411248445510864,2.4458892345428467,0.030720971524715424,0.032802894711494446,0.0286390483379364,0.7481667995452881,2.685470570921898,0.02488613873720169,0.07224372029304504,0.03793894499540329,32282.10546875,13703.7861328125,18578.3203125,32298.560546875,13711.01171875,18587.548828125,-0.0005097275134176016,-0.0005272693233564496,-0.0004967357381246984,-0.05097275134176016,5.556656152009964,5.146608252525329,3.255624443292618,3.4727139186859133,2.5536849796772003,2.7503636446595188,1.1411248445510864,94.58961015939713,94.58961015939713,greedy,1.1411248445510864,0.0,hard_fault_cluster,,False
98,N1586,control1,0.6134229898452759,3.6453598994016647,1.9443345189094543,1.3298377925157545,2.369483934611082,0.6134229898452759,0.7630006074905396,3.5743946740031243,3.367295050621032,0.007630006074905395,0.0669141411781311,2.377434015274048,1.1529074907302856,2.491870880126953,0.03176582604646683,0.032205238938331604,0.03132641315460205,0.7630006074905396,2.988717253804207,0.02421598508954048,0.07211175560951233,0.0375378355383873,32298.8203125,13712.0556640625,18586.765625,32275.8359375,13694.6103515625,18581.2265625,0.0007116165361367166,0.0012722609099000692,0.00029801108757965267,0.07116165361367166,5.562033131718636,3.0247447544336317,3.206707164645195,2.206309443116188,2.7587110102176666,2.9626535002887247,1.1529074907302856,95.74251765012741,95.74251765012741,greedy,1.1529074907302856,0.0,hard_fault_cluster,,False
99,N630,control1,0.5866498947143555,-2.4307057458162307,-0.6061854779720306,-1.2151407182216645,-1.57995873478055,0.5866498947143555,0.6819795370101929,-3.4832427966594697,-1.514178419113159,0.006819795370101928,0.06655704975128174,2.266644239425659,1.0027767419815063,2.2664263248443604,0.03669469803571701,0.07038621604442596,0.0030031800270080566,0.6819795370101929,-3.573412536382675,0.02118515968322754,0.06493861973285675,0.03787538409233093,32275.873046875,13693.693359375,18582.1796875,32329.38671875,13731.73046875,18597.65625,-0.0016580085502937436,-0.0027777100913226604,-0.0008328711846843362,-0.16580085502937436,5.067139744758606,-4.315772947669029,2.855671912431717,-3.546390947699547,-2.938518923521042,-1.5719465418532494,1.0027767419815063,96.74529439210892,96.74529439210892,greedy,1.0027767419815063,0.0,hard_fault_cluster,,False
100,N2330,control1,0.5940358638763428,4.198615047931671,2.234844708442688,1.3940609622001647,2.7290997811555866,0.5940358638763428,0.7262241840362549,5.027930855751038,4.729159832000732,0.007262241840362549,0.06422409415245056,2.3797061443328857,1.0220996141433716,2.477133274078369,0.007253222167491913,0.03229494392871857,-0.01778849959373474,0.7262241840362549,4.5948824262619015,0.017433349043130875,0.06377242505550385,0.034504134207963943,32327.91015625,13728.7041015625,18599.205078125,32336.869140625,13723.833984375,18613.03515625,-0.00027712847804650664,0.0003547397500369698,-0.0007435843581333756,-0.027712847804650664,4.849265232682228,-1.475300602912903,2.5198174864053726,-4.709795527458191,2.78801794052124,2.866663638651371,1.0220996141433716,97.76739400625229,97.76739400625229,greedy,1.0220996141433716,0.0,hard_fault_cluster,,False
101,N2652,control1,0.5839920043945312,0.23730233728885652,1.404732149839401,0.6237549847364425,0.15424651923775676,0.5839920043945312,0.6986095905303955,0.28861595883965474,1.4045376777648924,0.006986095905303955,0.07001420855522156,2.3568804264068604,1.0393215417861938,2.3832459449768066,-0.013678498566150665,0.006961449980735779,-0.03431844711303711,0.6986095905303955,-0.14355570048093802,0.021967068314552307,0.0663008987903595,0.03344201669096947,32338.705078125,13727.263671875,18611.44140625,32266.95703125,13674.51953125,18592.4375,0.0022186432033777237,0.0038422909565269947,0.0010210872860625386,0.22186432033777237,5.252196848392487,5.830560598373413,2.9605793356895447,5.830560598373413,0.9917012423276901,2.744605807512998,1.0393215417861938,98.80671554803848,98.80671554803848,greedy,1.0393215417861938,0.0,hard_fault_cluster,,False
102,N634,control1,0.5485325455665588,-7.60655671775341,-2.0456918239593507,-2.3474569499492643,-4.944261866539716,0.5485325455665588,0.6017211675643921,-7.4963675135374075,-4.444946658611297,0.006017211675643921,0.07068002223968506,2.214498519897461,0.9893619418144226,2.278940200805664,0.032263197004795074,0.05583976209163666,0.008686631917953491,0.6017211675643921,-7.528672120571136,0.018643900752067566,0.05999056249856949,0.03878040239214897,32266.64453125,13674.056640625,18592.587890625,32384.83984375,13770.4638671875,18614.375,-0.0036630802787840366,-0.007050374988466501,-0.001171816955320537,-0.36630802787840366,4.68060976266861,-3.9917867279052732,2.56844499707222,-3.3859538173675534,-6.0155548572540285,-2.7083939024806023,0.9893619418144226,99.7960774898529,99.7960774898529,greedy,0.9893619418144226,0.0,hard_fault_cluster,,False
103,N2721,control1,0.5418726801872253,-0.5300881472229955,0.6577397942543028,0.8568872252106667,-0.3445572956949471,0.5418726801872253,0.6006202697753906,-0.09616117388010026,0.9997542977333067,0.006006202697753906,0.07653757929801941,2.2499070167541504,0.9809789061546326,2.301433801651001,-0.023286469280719757,-0.0021726638078689575,-0.04440027475357056,0.6006202697753906,-0.8945840322971345,0.01946534588932991,0.05993259698152542,0.0354430228471756,32385.265625,13770.939453125,18614.326171875,32345.43359375,13755.9140625,18589.51953125,0.0012299430090934038,0.0010910941055044532,0.001332663930952549,0.12299430090934038,4.797061875462532,2.9366176390647887,2.6591664105653763,4.8251994156837466,0.2756758093833924,2.2791892760992045,0.9809789061546326,100.77705639600754,100.77705639600754,greedy,0.9809789061546326,0.0,hard_fault_cluster,,False
104,N2894,control1,0.5302187204360962,-5.322524192333222,-2.3999999999999995,0.526925628185272,-3.459640725016594,0.5302187204360962,0.5982160568237305,-2.722119170427322,-0.4088449478149414,0.005982160568237305,0.07710990309715271,2.2671971321105957,0.9839223027229309,2.3156840801239014,-0.025335542857646942,-0.00457976758480072,-0.046091318130493164,0.5982160568237305,-3.7453564286231993,0.018101800233125687,0.058355897665023804,0.03247854858636856,32345.443359375,13755.919921875,18589.5234375,32314.640625,13738.326171875,18576.314453125,0.0009523052140139043,0.0012789948377758265,0.0007105606491677463,0.09523052140139043,4.675593212246895,0.3164317417144774,2.52653332054615,-0.0650811624526979,-2.9459044575691227,0.18516210258006982,0.9839223027229309,101.76097869873047,101.76097869873047,greedy,0.9839223027229309,0.0,hard_fault_cluster,,False
105,N2952,control1,0.5247149467468262,-5.716772120296955,-2.3999999999999995,0.22028835088014587,-3.715901878193021,0.5247149467468262,0.5991172790527344,-4.142337520867586,-1.2889545440673826,0.005991172790527344,0.0761106014251709,2.2826831340789795,0.9879752993583679,2.3294882774353027,-0.026707768440246582,-0.005809411406517029,-0.047606125473976135,0.5991172790527344,-5.274317086040973,0.01720992848277092,0.057328857481479645,0.03037840873003006,32314.740234375,13738.3203125,18576.419921875,32285.55859375,13720.625,18564.93359375,0.0009030442452058196,0.0012880258727818727,0.0006183283985592425,0.09030442452058196,4.602793261408806,-0.6692184287309648,2.4414429515600204,-0.713173343539238,-3.9624563768506054,-0.4755966449528941,0.9879752993583679,102.74895399808884,102.74895399808884,greedy,0.9879752993583679,0.0,hard_fault_cluster,,False
106,N2779,control1,0.5228087902069092,-5.951642834544182,-2.503203105926513,0.03761112868785846,-3.8685678424537184,0.5228087902069092,0.6014602184295654,-5.141094472706318,-1.9532017230987546,0.006014602184295654,0.07473605871200562,2.2954225540161133,0.9924250245094299,2.3416786193847656,-0.02863883227109909,-0.0075021833181381226,-0.04977548122406006,0.6014602184295654,-6.365592198967933,0.016605954617261887,0.05656253546476364,0.028508957475423813,32285.54296875,13720.6328125,18564.91015625,32255.25390625,13702.2685546875,18552.984375,0.0009381618001498282,0.0013384410412982106,0.0006423829472623765,0.09381618001498282,4.557478234171867,-2.107565567493439,2.3848161548376083,-2.72711191534996,-4.5555672436952594,-0.9092801578342922,0.9924250245094299,103.74137902259827,103.74137902259827,greedy,0.9924250245094299,0.0,hard_fault_cluster,,False
107,N7414,control1,0.5206176042556763,-6.2700000000000005,-2.5641128540039055,-0.30000000000000027,-4.075500000000001,0.5206176042556763,0.6026657819747925,-6.0,-2.3999999999999995,0.006026657819747924,0.07291918992996216,2.3057491779327393,0.9948714375495911,2.354968309402466,-0.031101517379283905,-0.009915277361869812,-0.052287757396698,0.6026657819747925,-7.26,0.015864871442317963,0.05553453415632248,0.026569053530693054,32254.69140625,13702.01171875,18552.6796875,32226.517578125,13684.6953125,18541.822265625,0.0008734799921512604,0.0012637856416404247,0.0005852212198078632,0.08734799921512604,4.494902104139328,-4.99399938583374,2.313590884208679,-7.35,-5.4,-1.4865859985351566,0.9948714375495911,104.73625046014786,104.73625046014786,greedy,0.9948714375495911,0.0,hard_fault_cluster,,False
108,N7873,control1,0.562641441822052,8.7,5.999999999999999,2.0999999999999996,5.654999999999999,0.562641441822052,0.6493397951126099,8.1,5.999999999999999,0.006493397951126099,0.06925877928733826,2.359877586364746,1.0308339595794678,2.3803281784057617,-0.0031548961997032166,0.024878039956092834,-0.031187832355499268,0.6493397951126099,7.8,0.02150736376643181,0.05949046462774277,0.029340114444494247,32227.015625,13685.4462890625,18541.5703125,32153.14453125,13644.07421875,18509.0703125,0.0022922102361917496,0.003023070516064763,0.001752818119712174,0.22922102361917496,5.159953758120537,7.8,2.90304072201252,7.8,6.9,6.585,1.0308339595794678,105.76708441972733,105.76708441972733,greedy,1.0308339595794678,0.0,hard_fault_cluster,,False
109,N2837,control1,0.5725290775299072,8.040000000000001,5.999999999999999,1.68,5.226000000000001,0.5725290775299072,0.6845402717590332,7.199999999999999,5.999999999999999,0.006845402717590332,0.057662755250930786,2.4030110836029053,1.0471097230911255,2.4675724506378174,0.0012706592679023743,0.03371988236904144,-0.031178563833236694,0.6845402717590332,6.989999999999999,0.017631348222494125,0.058075085282325745,0.024814728647470474,32153.25,13643.47265625,18509.77734375,32214.97265625,13669.54296875,18545.4296875,-0.0019196397624909878,-0.0019108267733827233,-0.0019261357374489307,-0.19196397624909878,4.850686177611351,7.199999999999999,2.535022661089897,2.2707689762115475,5.4,5.609999999999999,1.0471097230911255,106.81419414281845,106.81419414281845,greedy,1.0471097230911255,0.0,hard_fault_cluster,,False
110,N3009,control1,0.5594543218612671,-0.3839840114116666,0.008145737648010298,1.6922949492931365,-0.2495896074175833,0.5594543218612671,0.6712902784347534,4.401723462343216,4.18797755241394,0.006712902784347535,0.05725947022438049,2.4192254543304443,1.054661750793457,2.431483268737793,-0.017575278878211975,0.005445942282676697,-0.04059650003910065,0.6712902784347534,3.843814768195152,0.01810329779982567,0.057233527302742004,0.023353975266218185,32215.0546875,13669.63671875,18545.41796875,32148.9921875,13616.7294921875,18532.26171875,0.0020506717264652252,0.0038704194594174623,0.0007094070315361023,0.20506717264652252,4.900845512747765,6.06802882194519,2.5829587131738663,6.06802882194519,2.181781530380249,3.5181579947471615,1.054661750793457,107.86885589361191,107.86885589361191,greedy,1.054661750793457,0.0,hard_fault_cluster,,False
111,N7589,control1,0.5846272110939026,8.7,5.999999999999999,2.0999999999999996,5.654999999999999,0.5846272110939026,0.6952054500579834,8.1,5.999999999999999,0.006952054500579834,0.05856078863143921,2.432666540145874,1.066037654876709,2.4268548488616943,0.004446633160114288,0.032867804169654846,-0.02397453784942627,0.6952054500579834,7.8,0.022614479064941406,0.06016232818365097,0.027043480426073074,32148.82421875,13617.19140625,18531.6328125,32087.3046875,13583.736328125,18503.568359375,0.0019135857000946999,0.002456826623529196,0.0015144080389291048,0.19135857000946999,5.389319896697998,7.8,3.043415904045105,7.8,6.9,6.585,1.066037654876709,108.93489354848862,108.93489354848862,greedy,1.066037654876709,0.0,hard_fault_cluster,,False
112,N3067,control1,0.5764942169189453,8.040000000000001,5.999999999999999,1.68,5.226000000000001,0.5764942169189453,0.714718222618103,7.199999999999999,5.999999999999999,0.007147182226181031,0.04887467622756958,2.4637601375579834,1.0677862167358398,2.502199649810791,0.006401143968105316,0.03865189850330353,-0.025849610567092896,0.714718222618103,6.989999999999999,0.017695579677820206,0.057427406311035156,0.0223158597946167,32087.412109375,13583.16796875,18504.244140625,32165.49609375,13622.35546875,18543.140625,-0.0024334772024303675,-0.0028850045055150986,-0.0021020304411649704,-0.24334772024303675,4.948036327958107,7.199999999999999,2.564177557826042,-4.65,5.4,5.609999999999999,1.0677862167358398,110.00267976522446,110.00267976522446,greedy,1.0677862167358398,0.0,hard_fault_cluster,,False
113,N614,control1,0.5492923259735107,-8.16,-2.3999999999999995,-2.4,-5.304,0.5492923259735107,0.6204210519790649,-7.47,-4.402347224950789,0.00620421051979065,0.055015891790390015,2.2880592346191406,1.0172327756881714,2.3098647594451904,0.031395964324474335,0.05938611924648285,0.0034058094024658203,0.6204210519790649,-7.26,0.017780490219593048,0.055537149310112,0.030130360275506973,32165.30078125,13621.9580078125,18543.341796875,32271.65234375,13691.72265625,18579.9296875,-0.0033064065501093864,-0.005121484398841858,-0.001973101170733571,-0.33064065501093864,4.68652930855751,-7.35,2.505169093608856,-7.35,-5.4,-2.340399383157492,1.0172327756881714,111.01991254091263,111.01991254091263,greedy,1.0172327756881714,0.0,hard_fault_cluster,,False
114,N8240,control1,0.5710303783416748,3.42,5.999999999999999,-1.7999999999999998,2.223,0.5710303783416748,0.5850644111633301,-5.37,-2.3999999999999995,0.005850644111633301,0.0634775161743164,2.2202308177948,1.0952004194259644,2.4815521240234375,-0.00931473821401596,0.002919599413871765,-0.021549075841903687,0.5850644111633301,-5.46,0.020738348364830017,0.054853491485118866,0.03645503520965576,32271.8984375,13692.7333984375,18579.1640625,32146.353515625,13670.662109375,18475.69140625,0.003890224266797304,0.0016118979547172785,0.0055692847818136215,0.3890224266797304,4.879130065441132,6.12,2.775158643722534,6.12,2.7000000000000006,3.8550000000000004,1.0952004194259644,112.11511296033859,112.11511296033859,greedy,1.0952004194259644,0.0,hard_fault_cluster,,False
115,N8790,control1,0.3881194293498993,-8.16,-5.999999999999999,-2.4,-5.304,0.3881194293498993,0.4885258376598358,-7.47,-4.602778530120849,0.004885258376598358,0.08327609300613403,2.142163038253784,0.9413816332817078,2.361581802368164,-0.0655045136809349,-0.009697362780570984,-0.12131166458129883,0.4885258376598358,-7.26,-0.0046625807881355286,0.017078876495361328,0.012668360024690628,32146.35546875,13670.73828125,18475.6171875,32136.767578125,13637.818359375,18498.94921875,0.0002982574806082994,0.002408057451248169,-0.0012628553668037057,0.029825748060829937,2.164430797100067,-7.35,0.19141414016485214,-7.35,-5.4,-4.514467899799348,0.9413816332817078,113.0564945936203,113.0564945936203,greedy,0.9413816332817078,0.0,hard_fault_cluster,,False
116,N8239,control1,0.5331647396087646,3.42,5.999999999999999,-1.7999999999999998,2.223,0.5331647396087646,0.5319845676422119,-5.37,-2.3999999999999995,0.005319845676422119,0.07838687300682068,2.1600451469421387,1.047778844833374,2.431213855743408,-0.041810087859630585,-0.02340938150882721,-0.06021079421043396,0.5319845676422119,-5.46,0.01133805513381958,0.042451560497283936,0.02928905189037323,32136.73828125,13637.67578125,18499.0625,32096.400390625,13648.658203125,18447.7421875,0.0012551955878734589,-0.0008053001365624368,0.0027742115780711174,0.1255195587873459,3.8258352279663086,6.12,1.8068129420280457,6.12,2.7000000000000006,3.8550000000000004,1.047778844833374,114.10427343845367,114.10427343845367,greedy,1.047778844833374,0.0,hard_fault_cluster,,False
117,N7500,control1,0.5163175463676453,2.76,5.999999999999999,-2.4,1.7939999999999998,0.5163175463676453,0.4949612319469452,-6.0,-2.3999999999999995,0.004949612319469452,0.07227584719657898,2.1079888343811035,0.9378558993339539,2.1845970153808594,0.0006113126873970032,0.026537522673606873,-0.025314897298812866,0.4949612319469452,-6.0,0.010235905647277832,0.04253143072128296,0.029200173914432526,32096.41796875,13647.98046875,18448.4375,32286.5,13732.875,18553.625,-0.005922219250351191,-0.0062202997505664825,-0.005701702553778887,-0.5922219250351191,3.626540631055832,5.52,1.6743280813097954,5.52,0.3000000000000007,2.2928309959173205,0.9378558993339539,115.04212933778763,115.04212933778763,greedy,0.9378558993339539,0.0,hard_fault_cluster,,False
118,N8789,control1,0.3949417471885681,-6.2700000000000005,-5.999999999999999,-0.30000000000000027,-4.075500000000001,0.3949417471885681,0.4637852609157562,-6.0,-3.6507251858711234,0.0046378526091575625,0.08289480209350586,2.128523588180542,0.9403467774391174,2.347079277038574,-0.07028333097696304,-0.013330712914466858,-0.12723594903945923,0.4637852609157562,-7.26,-0.007688641548156738,0.01311761885881424,0.007861562073230743,32286.69140625,13733.7587890625,18552.93359375,32261.80078125,13710.7470703125,18551.052734375,0.0007709252531640232,0.0016755586257204413,0.00010137800563825294,0.07709252531640232,1.8234446942806244,-7.35,-0.12078694254159927,-7.35,-5.4,-4.12571278423071,0.9403467774391174,115.98247611522675,115.98247611522675,greedy,0.9403467774391174,0.0,hard_fault_cluster,,False
119,N8238,control1,0.5161454081535339,3.42,5.999999999999999,-1.7999999999999998,2.223,0.5161454081535339,0.49061116576194763,-5.37,-2.3999999999999995,0.0049061116576194766,0.07530707120895386,2.143519639968872,1.027703881263733,2.4083268642425537,-0.052251480519771576,-0.032712385058403015,-0.07179057598114014,0.49061116576194763,-5.46,0.006543535739183426,0.03509392589330673,0.021976735442876816,32261.849609375,13710.701171875,18551.1484375,32219.349609375,13713.595703125,18505.75390625,0.0013173454208299518,-0.00021111474779900163,0.0024469930212944746,0.13173454208299518,3.2884843796491623,6.12,1.3128862753510475,6.12,2.7000000000000006,3.8550000000000004,1.027703881263733,117.01017999649048,117.01017999649048,greedy,1.027703881263733,0.0,hard_fault_cluster,,False
120,N652,control1,0.49854645133018494,2.76,5.999999999999999,-2.4,1.7939999999999998,0.49854645133018494,0.4616306722164154,-6.0,-2.3999999999999995,0.004616306722164154,0.0670928955078125,2.109968900680542,0.9301339983940125,2.183011293411255,-0.010708324611186981,0.013229742646217346,-0.03464639186859131,0.4616306722164154,-6.0,0.0059069134294986725,0.035974808037281036,0.021926309913396835,32215.32421875,13708.0634765625,18507.259765625,32378.13671875,13767.7431640625,18610.392578125,-0.005053883418440819,-0.004353619180619717,-0.005572559777647257,-0.5053883418440819,3.1622909158468246,5.52,1.2335912361741066,5.52,0.3000000000000007,2.2813141477108005,0.9301339983940125,117.94031399488449,117.94031399488449,greedy,0.9301339983940125,0.0,hard_fault_cluster,,False
121,N8607,control1,0.38343527913093567,-6.2700000000000005,-5.999999999999999,-0.30000000000000027,-4.075500000000001,0.38343527913093567,0.43761029839515686,-6.0,-3.373836779594421,0.004376102983951568,0.07597684860229492,2.137059211730957,0.9408578872680664,2.340998649597168,-0.07561143487691879,-0.01916353404521942,-0.13205933570861816,0.43761029839515686,-7.26,-0.009996697306632996,0.009876832365989685,0.003220256417989731,32382.51171875,13773.509765625,18609.001953125,32336.494140625,13744.201171875,18592.29296875,0.0014210626250132918,0.0021278958301991224,0.0008978979312814772,0.14210626250132918,1.5749997794628143,-7.35,-0.3560023531317711,-7.35,-5.4,-4.012650018334389,0.9408578872680664,118.88117188215256,118.88117188215256,greedy,0.9408578872680664,0.0,hard_fault_cluster,,False
122,N8237,control1,0.5009146928787231,3.5997556245326994,5.999999999999999,-1.636585795879364,2.339841155946255,0.5009146928787231,0.45969483256340027,-5.255610057115555,-2.3999999999999995,0.004596948325634002,0.06743830442428589,2.1456778049468994,1.0171449184417725,2.394090175628662,-0.05658765882253647,-0.03781919181346893,-0.075356125831604,0.45969483256340027,-5.46,0.0039990805089473724,0.030420586466789246,0.017244312912225723,32336.55078125,13744.1650390625,18592.38671875,32289.8359375,13749.9189453125,18539.91796875,0.0014446452260017395,-0.0004186435544397682,0.0028220557142049074,0.14446452260017395,3.005280688405037,6.12,1.0512512102723122,6.12,2.7000000000000006,3.8550000000000004,1.0171449184417725,119.89831680059433,119.89831680059433,greedy,1.0171449184417725,0.0,hard_fault_cluster,,False
123,N582,control1,0.48274746537208557,2.76,5.999999999999999,-2.4,1.7939999999999998,0.48274746537208557,0.4341202676296234,-6.0,-2.3999999999999995,0.004341202676296234,0.05819547176361084,2.1226463317871094,0.9221391081809998,2.180164337158203,-0.015151016414165497,0.005760654807090759,-0.03606268763542175,0.4341202676296234,-6.0,0.002981390804052353,0.030806943774223328,0.017007064074277878,32289.8359375,13747.6904296875,18542.14453125,32434.666015625,13796.701171875,18637.96484375,-0.004485314711928368,-0.003565016435459256,-0.005167704075574875,-0.44853147119283676,2.854905679821968,5.52,0.9373307302594185,5.52,0.3000000000000007,2.252244661450386,0.9221391081809998,120.82045590877533,120.82045590877533,greedy,0.9221391081809998,0.0,hard_fault_cluster,,False
124,N8606,control1,0.3723394572734833,-6.2700000000000005,-5.999999999999999,-0.30000000000000027,-4.075500000000001,0.3723394572734833,0.4143691658973694,-6.0,-2.3999999999999995,0.004143691658973694,0.06602072715759277,2.1647446155548096,0.94121253490448,2.3435497283935547,-0.07245337218046188,-0.01865430176258087,-0.1262524425983429,0.4143691658973694,-7.26,-0.011364288628101349,0.007483094930648804,0.0016488619148731232,32434.91796875,13799.1015625,18635.81640625,32378.39453125,13771.6689453125,18606.7265625,0.0017426724079996347,0.001988000236451626,0.0015609642723575234,0.17426724079996347,1.442684918642044,-7.35,-0.49165041744709015,-7.35,-5.4,-3.6150000000000007,0.94121253490448,121.76166844367981,121.76166844367981,greedy,0.94121253490448,0.0,hard_fault_cluster,,False
125,N8605,control1,0.25340041518211365,-6.2700000000000005,-5.999999999999999,-0.30000000000000027,-4.075500000000001,0.25340041518211365,0.3939094543457031,-6.0,-4.562190306186675,0.003939094543457031,0.06368866562843323,2.1961185932159424,0.9198839664459229,2.3695132732391357,-0.08497925847768784,-0.031791433691978455,-0.13816708326339722,0.3939094543457031,-7.26,-0.018020860850811005,-0.011202152818441391,-0.006950534880161285,32378.42578125,13771.6982421875,18606.728515625,32342.763671875,13762.802734375,18579.9609375,0.0011014158371835947,0.0006459266878664494,0.0014385967515408993,0.11014158371835947,0.787941962480545,-7.35,-1.154579073190689,-7.35,-5.4,-4.497894375026227,0.9198839664459229,122.68155241012573,122.68155241012573,greedy,0.9198839664459229,0.0,hard_fault_cluster,,False
126,N557,control1,0.4146136939525604,3.048384871333837,3.5155859947204586,0.5362200133502482,1.9814501663669941,0.4146136939525604,0.44388547539711,1.252199879288673,2.2721435248851773,0.0044388547539711,0.048641979694366455,2.250094175338745,0.9110478758811951,2.2141788005828857,-0.009691275656223297,0.020657941699028015,-0.04004049301147461,0.44388547539711,0.47731831118464463,-0.010992802679538727,0.015644438564777374,0.0032744072377681732,32344.515625,13762.171875,18582.34375,32490.29296875,13831.3955078125,18658.8984375,-0.004507018718868494,-0.0050299931317567825,-0.0041197543032467365,-0.4507018718868494,1.5946993827819824,-1.6320848634839058,-0.4257853552699089,-3.730016725361347,0.2282506585121155,2.2483629280328747,0.9110478758811951,123.59260028600693,123.59260028600693,greedy,0.9110478758811951,0.0,hard_fault_cluster,,False
127,N1876,control1,0.44904443621635437,-0.7251055383682252,3.289362359046936,-2.4,-0.4713185999393464,0.44904443621635437,0.41035887598991394,-6.474361587166786,-2.3999999999999995,0.004103588759899139,0.05101454257965088,2.1647157669067383,0.9106799960136414,2.118656635284424,-0.008790843188762665,0.04069526493549347,-0.0582769513130188,0.41035887598991394,-6.40659564614296,-0.003084518015384674,0.023392319679260254,0.011599835008382797,32476.203125,13811.900390625,18664.302734375,32528.0390625,13854.9345703125,18673.10546875,-0.0015961206518113613,-0.003115731989964843,-0.00047163479030132294,-0.15961206518113613,2.266622841358185,4.900425682067872,0.33531685918569565,4.900425682067872,-1.248935794830322,1.265633640289307,0.9106799960136414,124.50328028202057,124.50328028202057,greedy,0.9106799960136414,0.0,hard_fault_cluster,,False
128,N7796,control1,0.3857822120189667,-7.861232293099166,-3.9978324830532066,-2.0680358812212947,-5.109800990514458,0.3857822120189667,0.3555818200111389,-7.447625116854906,-4.199198745097965,0.0035558182001113894,0.044300585985183716,2.165520191192627,0.8637194633483887,2.2205052375793457,-0.03476531058549881,-0.020652994513511658,-0.04887762665748596,0.3555818200111389,-7.8,-0.008391976356506348,0.01986835151910782,0.009168479591608047,32541.57421875,13875.3828125,18666.19140625,32680.51171875,13940.80078125,18739.7109375,-0.004269538447260857,-0.004714678507298231,-0.003938646521419287,-0.42695384472608566,1.681904375553131,-7.8,-0.2089221328496933,-7.8,-6.9,-4.331013678808231,0.8637194633483887,125.36699974536896,125.36699974536896,greedy,0.8637194633483887,0.0,hard_fault_cluster,,False
129,N7794,control1,0.36547768115997314,-7.919526998698712,-3.9992758691310875,-2.1328077763319016,-5.147692549154162,0.36547768115997314,0.3250197768211365,-7.492965443432331,-4.19752125525847,0.0032501977682113646,0.04132351279258728,2.162053108215332,0.8459622263908386,2.1999917030334473,-0.028933562338352203,-0.014466419816017151,-0.043400704860687256,0.3250197768211365,-7.8,-0.008660510182380676,0.020601287484169006,0.011354483664035797,32680.48046875,13940.7998046875,18739.6796875,32757.515625,13982.611328125,18774.904296875,-0.0023572223726660013,-0.002999219810590148,-0.001879680436104536,-0.23572223726660013,1.6210218667984009,-7.8,-0.2442827969789505,-7.8,-6.9,-4.275233246877324,0.8459622263908386,126.2129619717598,126.2129619717598,greedy,0.8459622263908386,0.0,hard_fault_cluster,,False
130,N8236,control1,0.4563838243484497,3.42,5.999999999999999,-1.7999999999999998,2.223,0.4563838243484497,0.32189658284187317,-5.37,-2.3999999999999995,0.003218965828418732,0.04769498109817505,2.1010053157806396,0.962441623210907,2.296116828918457,-0.02685358375310898,-0.014261290431022644,-0.03944587707519531,0.32189658284187317,-5.46,0.0011376440525054932,0.02612164616584778,0.020561061799526215,32757.306640625,13982.580078125,18774.7265625,32554.822265625,13915.595703125,18639.2265625,0.006181349977850914,0.004790558945387602,0.0072171492502093315,0.6181349977850914,2.536666303873062,6.12,0.7194898799061775,6.12,2.7000000000000006,3.8550000000000004,0.962441623210907,127.1754035949707,127.1754035949707,greedy,0.962441623210907,0.0,hard_fault_cluster,,False
131,N7793,control1,0.36011776328086853,-7.866602892279626,-3.9277380824089043,-2.074003213644028,-5.113291879981757,0.36011776328086853,0.2573852241039276,-7.451802249550819,-4.199999999999999,0.002573852241039276,0.04313656687736511,2.074084997177124,0.8070873618125916,2.1178693771362305,-0.02240344136953354,-0.010029777884483337,-0.03477710485458374,0.2573852241039276,-7.8,-0.004873409867286682,0.023158706724643707,0.01919187605381012,32555.2421875,13915.80078125,18639.44140625,32733.61328125,14009.080078125,18724.533203125,-0.005479028448462486,-0.006703121121972799,-0.004565147217363119,-0.5479028448462486,1.8441292345523834,-7.8,0.0955265685915947,-7.8,-6.9,-4.2432493692636495,0.8070873618125916,127.9824909567833,127.9824909567833,greedy,0.8070873618125916,0.0,hard_fault_cluster,,False
132,N6736,control1,0.40719929337501526,-4.827655212585815,-2.3999999999999995,0.9118237235443664,-3.1379758881807795,0.40719929337501526,0.31351912021636963,0.10215598248643798,1.650532606244087,0.0031351912021636962,0.04881146550178528,2.083631753921509,0.8157150149345398,2.0647027492523193,-0.01168464869260788,0.016846254467964172,-0.04021555185317993,0.31351912021636963,-0.7542509308154692,0.0017380937933921814,0.030359894037246704,0.025661274790763855,32733.08203125,14008.4521484375,18724.62890625,32664.94921875,14001.7587890625,18663.19140625,0.0020814663730561733,0.00047780864406377077,0.003281106473878026,0.20814663730561733,2.5709602534770966,4.710754931448028,0.7730970978736877,4.710754931448028,-1.7551413986133415,0.9591580909013275,0.8157150149345398,128.79820597171783,128.79820597171783,greedy,0.8157150149345398,0.0,hard_fault_cluster,,False
133,N5726,control1,0.3963107466697693,-2.465367740392685,-0.07590107917785649,0.16682628989219653,-1.6024890312552453,0.3963107466697693,0.30842897295951843,-3.969469610452652,-1.429785203933716,0.0030842897295951842,0.04164046049118042,2.1420159339904785,0.8564307689666748,2.103423595428467,-0.0067158713936805725,0.018770918250083923,-0.03220266103744507,0.30842897295951843,-5.1760101413726805,0.0011631771922111511,0.02728218585252762,0.020990945398807526,32664.751953125,14000.142578125,18664.609375,32510.66796875,13914.6484375,18596.01953125,0.00471713300794363,0.006106662098318338,0.003674861043691635,0.471713300794363,2.566762626171112,-1.580928634405136,0.7289289459586143,-2.044557421207428,-2.52264358997345,0.4602816665172571,0.8564307689666748,129.6546367406845,129.6546367406845,greedy,0.8564307689666748,0.0,hard_fault_cluster,,False
134,N6730,control1,0.36974480748176575,-5.735772551000118,-2.3999999999999995,0.20551023811101907,-3.728252158150077,0.36974480748176575,0.311475545167923,-2.244090142101049,0.46948523521423335,0.00311475545167923,0.041143447160720825,2.1354830265045166,0.8416804075241089,2.0759708881378174,-0.0016178712248802185,0.03105597198009491,-0.03429171442985535,0.311475545167923,-3.2967383576929565,0.00043239444494247437,0.02656080573797226,0.021152883768081665,32510.80859375,13916.453125,18594.35546875,32503.99609375,13919.5947265625,18584.40234375,0.0002095457020914182,-0.00022574729518964887,0.0005352766602300107,0.02095457020914182,2.490198016166687,-6.297743736058473,0.6549790874123573,-7.16221469476819,-4.359323942661286,-0.7335605627298363,0.8416804075241089,130.49631714820862,130.49631714820862,greedy,0.8416804075241089,0.0,hard_fault_cluster,,False
135,N8235,control1,0.4109787046909332,-0.16749955564737345,2.730029547214508,-1.2393198460340502,-0.10887471117079275,0.4109787046909332,0.26974496245384216,-5.642965132296085,-5.424963426589965,0.0026974496245384216,0.046803802251815796,2.030186653137207,0.9432251453399658,2.227423906326294,-0.014281071722507477,0.0015930086374282837,-0.030155152082443237,0.26974496245384216,-6.1901434814929965,0.003516416996717453,0.025007233023643494,0.02404269576072693,32504.15234375,13919.8681640625,18584.28515625,32334.298828125,13842.666015625,18491.6328125,0.005225594155490398,0.005546183791011572,0.0049855210818350315,0.5225594155490398,2.6515733152627945,-0.1967903396487234,0.9266246035695076,0.14743005573749562,-0.5349511474370952,0.5170883549749854,0.9432251453399658,131.43954229354858,131.43954229354858,greedy,0.9432251453399658,0.0,hard_fault_cluster,,False
136,N2070,control1,0.37817689776420593,0.8766781014204026,1.755554676800966,0.7312444379925728,0.5698407659232617,0.37817689776420593,0.26889821887016296,0.9102490497939287,1.8472071051597594,0.0026889821887016298,0.04303324222564697,2.0796492099761963,0.835257351398468,2.052436351776123,-0.007663153111934662,0.01741178333759308,-0.0327380895614624,0.26889821887016296,0.4020497841760516,0.002039194107055664,0.024831511080265045,0.02004828304052353,32335.326171875,13842.626953125,18492.69921875,32294.5078125,13824.18359375,18470.32421875,0.0012623457005247474,0.0013323597377166152,0.0012099369196221232,0.12623457005247474,2.5524668395519257,1.9161262023448944,0.7910562679171562,1.3760666358470917,0.9366464644670486,2.708820201903581,0.835257351398468,132.27479964494705,132.27479964494705,greedy,0.835257351398468,0.0,hard_fault_cluster,,False
137,N6734,control1,0.34415966272354126,-5.759606223106385,-2.3999999999999995,0.18697293758392314,-3.74374404501915,0.34415966272354126,0.2539560794830322,-5.404540593624115,-2.3999999999999995,0.0025395607948303224,0.04172196984291077,2.0861117839813232,0.8359493017196655,2.0157206058502197,-0.02419646829366684,0.0023148804903030396,-0.05070781707763672,0.2539560794830322,-6.749606223106384,0.0005514323711395264,0.023993201553821564,0.015260506421327591,32292.666015625,13822.677734375,18469.98828125,32286.77734375,13817.7197265625,18469.056640625,0.0001823532220441848,0.000358686491381377,5.04407798871398e-05,0.01823532220441848,2.395211100578308,4.167104196548461,0.6401602029800415,4.167104196548461,-3.982239508628845,-0.4884556806087499,0.8359493017196655,133.11074894666672,133.11074894666672,greedy,0.8359493017196655,0.0,hard_fault_cluster,,False
138,N8234,control1,0.36321115493774414,2.76,5.999999999999999,-2.4,1.7939999999999998,0.36321115493774414,0.2341165542602539,-6.0,-2.3999999999999995,0.002341165542602539,0.044805705547332764,2.012603998184204,0.85381019115448,2.0246429443359375,0.006560318171977997,0.029155686497688293,-0.0160350501537323,0.2341165542602539,-6.0,0.002431131899356842,0.023660019040107727,0.016454383730888367,32287.521484375,13819.201171875,18468.3203125,32399.98828125,13884.3125,18515.67578125,-0.0034832898527383804,-0.004711656365543604,-0.002564145950600505,-0.34832898527383804,2.489833742380142,5.52,0.8047933280467987,5.52,0.3000000000000007,2.2688448411226276,0.85381019115448,133.9645591378212,133.9645591378212,greedy,0.85381019115448,0.0,hard_fault_cluster,,False
139,N6593,control1,0.35743480920791626,-6.051986280083656,-2.3999999999999995,-0.05776253342628501,-3.9337910820543764,0.35743480920791626,0.2739054560661316,-3.7960811764001847,-0.6131605386734007,0.002739054560661316,0.0373212993144989,2.113908052444458,0.8463579416275024,2.138704776763916,-0.006888620555400848,0.023227766156196594,-0.03700500726699829,0.2739054560661316,-4.866567604541778,-0.00043273717164993286,0.024334602057933807,0.015056263655424118,32398.7421875,13882.2578125,18516.484375,32431.890625,13920.9619140625,18510.927734375,-0.0010231396881863475,-0.002788026351481676,0.0003000915457960218,-0.10231396881863475,2.3445397913455963,-7.331051922440529,0.5536796599626541,-7.331051922440529,-4.953945571184159,-1.645064621269703,0.8463579416275024,134.8109170794487,134.8109170794487,greedy,0.8463579416275024,0.0,hard_fault_cluster,,False
140,N8783,control1,0.19653008878231049,-6.527318998575211,-5.999999999999999,-0.5859099984169007,-4.242757349073887,0.19653008878231049,0.1905873715877533,-6.20013699889183,-5.999999999999999,0.001905873715877533,0.057864993810653687,2.1135380268096924,0.8609302043914795,2.2375082969665527,-0.05841059237718582,-0.011255010962486267,-0.10556617379188538,0.1905873715877533,-7.26,-0.015101052820682526,0.0017393603920936584,0.0022552497684955597,32433.37109375,13923.2255859375,18510.14453125,32332.349609375,13835.044921875,18497.3046875,0.003114738967269659,0.006333350203931332,0.0006936652353033423,0.3114738967269659,0.7940201163291931,-7.35,-0.9340739324688911,-7.35,-5.4,-5.085,0.8609302043914795,135.67184728384018,135.67184728384018,greedy,0.8609302043914795,0.0,hard_fault_cluster,,False
141,N8233,control1,0.3246147036552429,0.8201726499199866,0.6853161096572875,1.8764497169852254,0.5331122224479913,0.3246147036552429,0.2759699523448944,6.292292706668377,5.999999999999999,0.002759699523448944,0.044694870710372925,2.1689491271972656,0.9593642354011536,2.1614108085632324,0.0037736520171165466,0.026661351323127747,-0.019114047288894653,0.2759699523448944,6.173063436001539,-0.004244066774845123,0.018384218215942383,0.0128939189016819,32332.177734375,13834.822265625,18497.35546875,32366.560546875,13881.048828125,18485.51171875,-0.0010634239297360182,-0.003341319505125284,0.0006402942235581577,-0.10634239297360182,2.0205124020576477,6.265857563614846,0.18682309240102768,3.2540398222208022,2.585607588291168,3.780644932389259,0.9593642354011536,136.63121151924133,136.63121151924133,greedy,0.9593642354011536,0.0,hard_fault_cluster,,False
142,N6743,control1,0.33364036679267883,-0.5326867136359217,0.434897243976593,1.102468951642513,-0.3462463638633491,0.33364036679267883,0.28313180804252625,2.054521071612835,2.7231390357017515,0.0028313180804252626,0.03867211937904358,2.168144464492798,0.8502536416053772,2.0692381858825684,-0.009778045117855072,0.023635968565940857,-0.043192058801651,0.28313180804252625,1.3296264243125915,-0.002238951623439789,0.021271303296089172,0.015827108174562454,32366.3671875,13880.20703125,18486.16015625,32389.46484375,13889.5146484375,18499.94921875,-0.0007136313943192363,-0.0006705676205456257,-0.0007459127227775753,-0.07136313943192363,2.227381110191345,4.727350280284882,0.38892390578985214,4.5951311087608335,0.4499072670936583,2.3924397236108774,0.8502536416053772,137.4814651608467,137.4814651608467,greedy,0.8502536416053772,0.0,hard_fault_cluster,,False
143,N8608,control1,0.16968964040279388,-6.2700000000000005,-5.999999999999999,-0.30000000000000027,-4.075500000000001,0.16968964040279388,0.21019384264945984,-6.0,-5.999999999999999,0.0021019384264945986,0.05915829539299011,2.158365249633789,0.8741428852081299,2.2665891647338867,-0.06756564229726791,-0.019832685589790344,-0.11529859900474548,0.21019384264945984,-7.26,-0.016381271183490753,-0.003035813570022583,-0.0016585513949394226,32390.0,13890.67578125,18499.32421875,32297.513671875,13817.607421875,18479.90625,0.002855397528037429,0.005260244943201542,0.0010496582835912704,0.2855397528037429,0.7304319739341736,-7.35,-1.045987345278263,-7.35,-5.4,-5.085,0.8741428852081299,138.35560804605484,138.35560804605484,greedy,0.8741428852081299,0.0,hard_fault_cluster,,False
144,N6741,control1,0.3061501681804657,0.8913678869605064,1.0267475724220274,1.5524554982781409,0.5793891265243292,0.3061501681804657,0.28310731053352356,4.694819538295269,4.649774837493896,0.0028310731053352357,0.04475197196006775,2.1794683933258057,0.8508569002151489,2.08656644821167,-0.024193517863750458,0.007586583495140076,-0.05597361922264099,0.28310731053352356,4.267581010311842,-0.0022391527891159058,0.018193744122982025,0.01133909821510315,32297.484375,13817.107421875,18480.376953125,32378.17578125,13884.9814453125,18493.1953125,-0.002498380606994033,-0.004912317730486393,-0.0006936200079508126,-0.24983806069940329,2.2386604249477386,6.045006069540977,0.39172864705324173,6.045006069540977,1.9902069449424744,3.393634514212608,0.8508569002151489,139.20646494627,139.20646494627,greedy,0.8508569002151489,0.0,hard_fault_cluster,,False
145,N2358,control1,0.32317641377449036,-1.8775988864898683,-0.6483192205429078,1.2599999999999998,-1.2204392762184144,0.32317641377449036,0.30776143074035645,4.637920194864273,5.999999999999999,0.0030776143074035646,0.03682875633239746,2.2460782527923584,0.899346113204956,2.2166287899017334,-0.017311297357082367,0.01752282679080963,-0.052145421504974365,0.30776143074035645,4.684128175377845,-0.004904918372631073,0.018658950924873352,0.007903873920440674,32378.8046875,13884.76953125,18494.03515625,32375.375,13871.46875,18503.90625,0.0001059238420566544,0.000957940355874598,-0.0005337447510100901,0.01059238420566544,2.0633478462696075,-6.2397118663787845,0.1479680836200714,-6.2397118663787845,-1.323679387569428,1.2396083980798713,0.899346113204956,140.10581105947495,140.10581105947495,greedy,0.899346113204956,0.0,hard_fault_cluster,,False
146,N6594,control1,0.3013240694999695,-6.2700000000000005,-2.3999999999999995,-0.30000000000000027,-4.075500000000001,0.3013240694999695,0.28144678473472595,-6.0,-2.3999999999999995,0.0028144678473472594,0.03734186291694641,2.2274394035339355,0.8809817433357239,2.116124391555786,-0.027862966060638428,0.0009479373693466187,-0.056673869490623474,0.28144678473472595,-7.26,-0.004501670598983765,0.019196227192878723,0.006799064576625824,32374.810546875,13871.783203125,18503.02734375,32316.091796875,13832.685546875,18483.40625,0.0018137171864509583,0.0028185024857521057,0.0010604261187836528,0.18137171864509583,2.058719128370285,-7.35,0.1770544871687889,-7.35,-5.4,-1.4100000000000006,0.8809817433357239,140.98679280281067,140.98679280281067,greedy,0.8809817433357239,0.0,hard_fault_cluster,,False
147,N7790,control1,0.27888739109039307,-6.8100000000000005,-4.199999999999999,-0.9000000000000004,-4.426500000000001,0.27888739109039307,0.2424769103527069,-6.63,-4.230461680144071,0.002424769103527069,0.030876725912094116,2.1695663928985596,0.8404123187065125,2.1431479454040527,-0.013354413211345673,-2.3290514945983887e-05,-0.02668553590774536,0.2424769103527069,-7.8,-0.006807252764701843,0.019543230533599854,0.010653875768184662,32316.6484375,13833.162109375,18483.486328125,32472.130859375,13883.966796875,18588.1640625,-0.004811217542737722,-0.0036726733669638634,-0.0056633111089468,-0.48112175427377224,1.7313180267810822,-7.8,-0.0777144506573677,-7.8,-6.9,-4.450214946729248,0.8404123187065125,141.82720512151718,141.82720512151718,greedy,0.8404123187065125,0.0,hard_fault_cluster,,False
148,N7747,control1,0.35401323437690735,-8.268413010835648,-4.199999999999999,-2.5204589009284977,-5.3744684570431716,0.35401323437690735,0.27344462275505066,-7.764321230649948,-3.9976527571678155,0.0027344462275505064,0.0518094003200531,2.0037105083465576,0.7989804744720459,2.0838587284088135,-0.019074566662311554,-0.0056357234716415405,-0.03251340985298157,0.27344462275505066,-7.8,-0.0022841915488243103,0.03154002130031586,0.02331715077161789,32472.005859375,13883.85546875,18588.150390625,32580.705078125,13936.220703125,18644.484375,-0.003347474616020918,-0.0037716636434197426,-0.0030306396074593067,-0.3347474616020918,2.0487359762191772,-7.8,0.34086962789297104,-7.8,-6.9,-4.436933389604092,0.7989804744720459,142.62618559598923,142.62618559598923,greedy,0.7989804744720459,0.0,hard_fault_cluster,,False
149,N2082,observe,0.49035418033599854,2.803531115055084,4.509711527824401,-2.3604262590408327,1.8222952247858046,0.49035418033599854,0.3144162595272064,-5.8241167068481445,-4.013965037465096,0.003144162595272064,0.05916491150856018,1.8601531982421875,0.7775161862373352,1.9218958616256714,0.03345333784818649,0.08693380653858185,-0.020027130842208862,0.3144162595272064,-5.8056489610672,0.015491139143705368,0.051040276885032654,0.04367637261748314,32581.234375,13936.1201171875,18645.11328125,32703.974609375,14063.724609375,18640.25,-0.003767206333577633,-0.009156385436654091,0.0002608340873848647,-0.3767206333577633,3.7236833721399307,5.54462366104126,2.0927562788128853,5.54462366104126,0.36155915260314986,0.4396055841073397,0.7775161862373352,143.40370178222656,143.40370178222656,greedy,0.7775161862373352,0.0,hard_fault_cluster,,False
150,N2060,observe,0.534146785736084,2.76,4.370538157224654,-2.4,1.7939999999999998,0.534146785736084,0.31901732087135315,-6.0,-4.024122440814971,0.0031901732087135314,0.06887006759643555,1.7132829427719116,0.7534368634223938,1.8321868181228638,0.03015764057636261,0.08872754871845245,-0.028412267565727234,0.31901732087135315,-6.0,0.02384604513645172,0.0638037770986557,0.054903268814086914,32703.546875,14064.0966796875,18639.44921875,32818.0,14167.416015625,18650.58203125,-0.003499716054648161,-0.007346318569034338,-0.000597271544393152,-0.3499716054648161,4.416904777288437,5.52,2.8926795795559883,5.52,0.3000000000000007,0.39733877137303397,0.7534368634223938,144.15713864564896,144.15713864564896,greedy,0.7534368634223938,0.0,hard_fault_cluster,,False
151,N5234,observe,0.4940239191055298,7.38,5.999999999999999,1.2599999999999998,4.797,0.4940239191055298,0.33097895979881287,6.3,5.999999999999999,0.0033097895979881287,0.06028467416763306,1.8066043853759766,0.7160087823867798,1.9277528524398804,-0.013003416359424591,0.046377286314964294,-0.07238411903381348,0.33097895979881287,6.18,0.019625365734100342,0.055577151477336884,0.04945771396160126,32817.1015625,14166.3125,18650.791015625,32865.91796875,14170.66015625,18695.2578125,-0.001487529487349093,-0.0003069010563194752,-0.002384177641943097,-0.1487529487349093,4.100119918584824,6.6000000000000005,2.4969324097037315,-5.1,3.9,4.635,0.7160087823867798,144.87314742803574,144.87314742803574,greedy,0.7160087823867798,0.0,hard_fault_cluster,,False
152,N3701,control0,0.503601610660553,8.040000000000001,5.999999999999999,1.68,5.226000000000001,0.503601610660553,0.3643072843551636,7.199999999999999,5.999999999999999,0.003643072843551636,0.07880178093910217,1.7039649486541748,0.7136619091033936,1.8309895992279053,0.005230061709880829,0.08678071200847626,-0.0763205885887146,0.3643072843551636,6.989999999999999,0.021468430757522583,0.06841625273227692,0.06107950955629349,32867.46875,14172.216796875,18695.25390625,32824.46875,14175.19140625,18649.27734375,0.001308284467086196,-0.00020989020413253456,0.0024592638947069645,0.1308284467086196,4.215115308761597,7.199999999999999,2.663911134004593,7.199999999999999,5.4,5.085,0.7136619091033936,145.58680933713913,145.58680933713913,greedy,0.7136619091033936,0.0,hard_fault_cluster,,False
153,N4677,control0,0.48071175813674927,0.5550016251951456,2.097033354640007,0.11015556223690509,0.3607510563768447,0.48071175813674927,0.33216026425361633,0.3898892311006784,1.6162650614976881,0.0033216026425361635,0.0771062970161438,1.6044257879257202,0.6482023596763611,1.6749837398529053,0.008307240903377533,0.08773471415042877,-0.0711202323436737,0.33216026425361633,0.36217086374759677,0.020856689661741257,0.06261858344078064,0.06150157004594803,32823.97265625,14174.8349609375,18649.13671875,32741.58203125,14144.7001953125,18596.8828125,0.002510074758902192,0.0021259342320263386,0.0028019477613270283,0.2510074758902192,4.022255018353462,0.42346767023205756,2.56981547921896,0.44150695636868476,0.4289295345544815,2.027868364751339,0.6482023596763611,146.2350116968155,146.2350116968155,greedy,0.6482023596763611,0.0,hard_fault_cluster,,False
154,N713,observe,0.537197470664978,8.7,5.999999999999999,2.0999999999999996,5.654999999999999,0.537197470664978,0.3850022256374359,8.1,5.999999999999999,0.003850022256374359,0.06546300649642944,1.8984264135360718,0.9031479358673096,2.1149425506591797,0.01108628511428833,0.03973245620727539,-0.01755988597869873,0.3850022256374359,7.8,0.020454104989767075,0.062016405165195465,0.05463029071688652,32740.84375,14143.5546875,18597.2890625,32623.857421875,14038.001953125,18585.85546875,0.003573100548237562,0.007462956476956606,0.0006147989188320935,0.3573100548237562,4.328839138150215,7.8,2.6162676587700844,7.8,6.9,6.585,0.9031479358673096,147.1381596326828,147.1381596326828,greedy,0.9031479358673096,0.0,hard_fault_cluster,,False
155,N2101,observe,0.42595174908638,-6.2700000000000005,-2.3999999999999995,-0.30000000000000027,-4.075500000000001,0.42595174908638,0.2800021171569824,-6.0,-2.3999999999999995,0.002800021171569824,0.018519461154937744,2.2901411056518555,0.9753714203834534,2.331535816192627,0.022877231240272522,0.05236506462097168,-0.006610602140426636,0.2800021171569824,-7.26,0.00469786673784256,0.020783178508281708,0.016981415450572968,32623.6875,14038.3173828125,18585.37109375,32526.1875,13973.7861328125,18552.40234375,0.002988626016303897,0.004596793558448553,0.0017739086179062724,0.2988626016303897,3.039929896593094,-7.35,1.1123224794864655,-7.35,-5.4,-1.9350000000000003,0.9753714203834534,148.11353105306625,148.11353105306625,greedy,0.9753714203834534,0.0,hard_fault_cluster,,False
156,N626,control1,0.36462071537971497,-8.7,-3.853810572624206,-2.9999999999999996,-5.654999999999999,0.36462071537971497,0.24635407328605652,-8.1,-2.3999999999999995,0.0024635407328605654,0.036291539669036865,1.9681899547576904,0.7915648818016052,1.9601927995681763,-0.000462852418422699,0.011015728116035461,-0.01194143295288086,0.24635407328605652,-7.8,0.005979511886835098,0.03280579298734665,0.034211087971925735,32526.921875,13973.6015625,18553.3203125,32629.27734375,14008.0869140625,18621.189453125,-0.0031467922963202,-0.0024678928311914206,-0.0036580590531229973,-0.31467922963202,2.8124952167272568,-7.8,1.1515871956944466,-7.8,-6.9,-3.5884449312835938,0.7915648818016052,148.90509593486786,148.90509593486786,greedy,0.7915648818016052,0.0,hard_fault_cluster,,False
157,N4628,observe,0.31797611713409424,5.069999999999999,5.999999999999999,-0.30000000000000027,3.2954999999999997,0.31797611713409424,0.14994943141937256,-4.53,-5.999999999999999,0.0014994943141937256,0.08268851041793823,1.1763720512390137,0.2563723027706146,0.9522916078567505,-0.02701004594564438,0.023026004433631897,-0.07704609632492065,0.14994943141937256,-6.0,0.01240294799208641,0.004638485610485077,0.012717396020889282,32629.46875,14009.0869140625,18620.3828125,32800.3828125,14083.115234375,18717.267578125,-0.005238027777522802,-0.005284307524561882,-0.005203156266361475,-0.5238027777522802,2.5666162818670273,5.52,1.5718751698732376,5.52,0.3000000000000007,0.3000000000000007,0.2563723027706146,149.16146823763847,149.16146823763847,greedy,0.2563723027706146,0.0,hard_fault_cluster,,False
158,N2153,observe,0.432047963142395,8.7,5.999999999999999,2.0999999999999996,5.654999999999999,0.432047963142395,0.30190855264663696,8.1,5.999999999999999,0.0030190855264663695,0.0073341429233551025,2.2679286003112793,0.9645573496818542,2.3125505447387695,0.017868489027023315,0.040266215801239014,-0.004529237747192383,0.30190855264663696,7.8,0.005246192216873169,0.01937025785446167,0.015109896659851074,32800.171875,14082.84765625,18717.32421875,32674.111328125,14026.44921875,18647.662109375,0.003843289101496339,0.0040047611109912395,0.003721798537299037,0.3843289101496339,3.094456374645233,7.8,1.167078509926796,7.8,6.9,6.0600000000000005,0.9645573496818542,150.12602558732033,150.12602558732033,greedy,0.9645573496818542,0.0,hard_fault_cluster,,False
159,N1688,observe,0.4321000277996063,8.040000000000001,5.999999999999999,1.68,5.226000000000001,0.4321000277996063,0.297742635011673,7.199999999999999,5.999999999999999,0.00297742635011673,0.004900485277175903,2.3519554138183594,0.9975482821464539,2.3603434562683105,0.018465004861354828,0.044150903820991516,-0.00722089409828186,0.297742635011673,6.989999999999999,0.006010375916957855,0.016268163919448853,0.009604845196008682,32673.92578125,14026.474609375,18647.451171875,32573.203125,13978.5068359375,18594.6953125,0.0030826616566628218,0.003419802524149418,0.002829119097441435,0.3082661656662822,3.250735640525818,7.199999999999999,1.2634621039032936,-4.65,5.4,5.085,0.9975482821464539,151.12357386946678,151.12357386946678,greedy,0.9975482821464539,0.0,hard_fault_cluster,,False
160,N2102,observe,0.4350477159023285,8.7,5.999999999999999,2.0999999999999996,5.654999999999999,0.4350477159023285,0.29795944690704346,8.1,5.999999999999999,0.0029795944690704347,0.000991225242614746,2.3845436573028564,1.0116546154022217,2.3749947547912598,0.01759754866361618,0.04436935484409332,-0.009174257516860962,0.29795944690704346,7.8,0.006459422409534454,0.014973007142543793,0.005856495350599289,32572.3203125,13977.6083984375,18594.712890625,32484.275390625,13929.162109375,18555.11328125,0.0027030594646930695,0.003465992631390691,0.002129616681486368,0.27030594646930695,3.3284453451633453,7.8,1.3165680170059204,7.8,6.9,6.0600000000000005,1.0116546154022217,152.135228484869,152.135228484869,greedy,1.0116546154022217,0.0,hard_fault_cluster,,False
161,N640,control1,0.32558104395866394,-8.16,-4.198899425938725,-2.4,-5.304,0.32558104395866394,0.2303803265094757,-7.47,-3.1255235910415644,0.002303803265094757,-0.002454608678817749,2.2360727787017822,0.8790640234947205,2.1266632080078125,0.005426786839962006,0.013908252120018005,-0.003054678440093994,0.2303803265094757,-7.26,0.001992836594581604,0.013521403074264526,0.00924576073884964,32481.908203125,13925.416015625,18556.4921875,32602.53515625,13979.7294921875,18622.8046875,-0.0037136657629162073,-0.0039003125857561827,-0.0035735471174120903,-0.37136657629162073,2.6657367646694183,-7.35,0.8158969357609749,3.6000000000000005,-5.4,-3.190285466627684,0.8790640234947205,153.01429250836372,153.01429250836372,greedy,0.8790640234947205,0.0,hard_fault_cluster,,False
162,N2332,control1,0.2958471179008484,-3.3,-2.3999999999999995,2.0999999999999996,-2.145,0.2958471179008484,0.1712336242198944,6.0,5.488227653503417,0.0017123362421989441,0.04677474498748779,1.7043533325195312,0.5720033645629883,1.4201327562332153,-0.013500280678272247,0.003957882523536682,-0.030958443880081177,0.1712336242198944,5.91,0.01594194397330284,0.008352525532245636,0.01842690259218216,32605.962890625,13984.275390625,18621.6875,32496.2421875,13934.4580078125,18561.78515625,0.0033650503028184175,0.003562385682016611,0.003216805402189493,0.33650503028184175,3.4697813540697098,5.879999999999999,2.0630911365151405,5.879999999999999,2.099999999999999,3.025681243836879,0.5720033645629883,153.5862958729267,153.5862958729267,greedy,0.5720033645629883,0.0,hard_fault_cluster,,False
163,N4621,observe,0.3301328122615814,8.040000000000001,5.999999999999999,1.68,5.226000000000001,0.3301328122615814,0.16873350739479065,7.199999999999999,2.3999999999999995,0.0016873350739479065,0.0688590407371521,1.2774335145950317,0.3105497360229492,1.0371198654174805,-0.02365560084581375,0.02938266098499298,-0.07669386267662048,0.16873350739479065,6.989999999999999,0.01779114454984665,0.005732104182243347,0.010440804064273834,32496.40234375,13934.75,18561.65234375,32731.630859375,14032.91015625,18698.720703125,-0.007238601800054312,-0.007044271100312471,-0.00738449115306139,-0.7238601800054312,3.2252814769744873,7.199999999999999,2.1406562104821205,7.199999999999999,5.4,3.6150000000000007,0.3105497360229492,153.89684560894966,153.89684560894966,greedy,0.3105497360229492,0.0,hard_fault_cluster,,False
164,N763,observe,0.3297596275806427,8.040000000000001,5.999999999999999,1.68,5.226000000000001,0.3297596275806427,0.18440160155296326,7.199999999999999,5.999999999999999,0.0018440160155296327,0.09203314781188965,0.9317265152931213,0.3012442886829376,0.818359911441803,-0.03269907087087631,-0.031525418162345886,-0.03387272357940674,0.18440160155296326,6.989999999999999,0.019286077469587326,0.004041440784931183,0.010887477546930313,32730.955078125,14031.939453125,18699.015625,32901.16015625,14133.6669921875,18767.4921875,-0.005200125742703676,-0.007249713409692049,-0.0036620409227907658,-0.5200125742703676,3.044735863804817,7.199999999999999,2.2076397761702538,7.199999999999999,5.4,5.085,0.3012442886829376,154.1980898976326,154.1980898976326,greedy,0.3012442886829376,0.0,hard_fault_cluster,,False
165,N2276,control1,0.127541184425354,-7.28936198182404,-3.8332107782363884,-1.4326244242489339,-4.738085288185626,0.127541184425354,0.15712830424308777,-6.792837096974253,-4.147837042808532,0.0015712830424308777,0.10301890969276428,0.6919525265693665,0.17773732542991638,0.3389849066734314,-0.053787894546985626,-0.034965887665748596,-0.07260990142822266,0.15712830424308777,-7.26,0.010534711182117462,-0.005318876355886459,0.005451049655675888,32900.515625,14133.2197265625,18767.296875,32931.0078125,14202.2392578125,18728.76953125,-0.0009267996647395194,-0.004883496556431055,0.0020528978202492,-0.09267996647395194,1.9025519490242004,3.6000000000000005,1.2657413259148598,3.6000000000000005,-5.4,-3.22420086234808,0.17773732542991638,154.37582722306252,154.37582722306252,greedy,0.17773732542991638,0.0,hard_fault_cluster,,False
166,N771,observe,0.1535385400056839,-3.84,-2.3999999999999995,1.68,-2.496,0.1535385400056839,0.16870954632759094,5.1,5.999999999999999,0.0016870954632759094,0.0991104245185852,0.713467001914978,0.13662222027778625,0.4461439251899719,-0.0370195135474205,-0.023417934775352478,-0.050621092319488525,0.16870954632759094,5.1,0.012367680668830872,-0.003456082195043564,0.006213147193193436,32931.7734375,14202.802734375,18728.970703125,33051.2734375,14307.291015625,18743.984375,-0.0036287144757807255,-0.007356877438724041,-0.0008016282226890326,-0.36287144757807255,2.118944615125656,5.28,1.4573122039437294,5.28,-0.3000000000000007,1.9049999999999991,0.13662222027778625,154.5124494433403,154.5124494433403,greedy,0.13662222027778625,0.0,hard_fault_cluster,,False
167,N6731,control1,0.13919778168201447,-2.348487873077393,-0.8987837910652161,-0.30000000000000027,-1.5265171175003056,0.13919778168201447,0.15845902264118195,-5.519614764451981,-3.997652775049209,0.0015845902264118195,0.09667167067527771,0.6963006854057312,0.14135068655014038,0.28733372688293457,-0.08522569388151169,-0.063041552901268,-0.10740983486175537,0.15845902264118195,-6.848241226673126,0.0077386274933815,-0.0059732235968112946,0.0028596818447113037,33051.1328125,14307.294921875,18743.83984375,32942.87890625,14237.671875,18705.20703125,0.0032753462437540293,0.004866261966526508,0.0020610939245671034,0.3275346243754029,1.6286224573850632,4.227441940307617,0.9875526763498783,4.227441940307617,-3.2431683301925656,-1.6824248360842466,0.14135068655014038,154.65380012989044,154.65380012989044,greedy,0.14135068655014038,0.0,hard_fault_cluster,,False
168,N6816,control1,0.09715493768453598,-8.16,-3.8772293329238883,-2.4,-5.304,0.09715493768453598,0.15332582592964172,-7.47,-4.0662194073200215,0.0015332582592964173,0.09180063009262085,0.6344862580299377,0.18442928791046143,0.29567649960517883,-0.07299027591943741,-0.05813737213611603,-0.08784317970275879,0.15332582592964172,-7.26,0.007703844457864761,-0.008926868438720703,0.0032974258065223694,32942.9609375,14237.7705078125,18705.19140625,32873.1171875,14205.978515625,18667.13671875,0.0021201418712735176,0.0022329334169626236,0.0020344452932476997,0.21201418712735176,1.5581965297460556,3.6000000000000005,0.967337466776371,3.6000000000000005,-5.4,-2.989473454356194,0.18442928791046143,154.8382294178009,154.8382294178009,greedy,0.18442928791046143,0.0,hard_fault_cluster,,False
169,N2056,observe,0.12590056657791138,6.023595962524414,3.615358591079712,1.68,3.9153373756408696,0.12590056657791138,0.16699405014514923,6.826129293441772,5.999999999999999,0.0016699405014514923,0.08360061049461365,0.666509211063385,0.11983104795217514,0.3961114287376404,-0.04259636253118515,-0.029044583439826965,-0.056148141622543335,0.16699405014514923,6.653516364097595,0.00975484773516655,-0.005520373582839966,0.004074994474649429,32873.58203125,14206.6083984375,18666.97265625,32975.2890625,14286.814453125,18688.47265625,-0.0030938833951950073,-0.00564568629488349,-0.001151766860857606,-0.30938833951950073,1.8089880347251892,6.858175354003906,1.1838605888187885,6.858175354003906,4.224977779388428,4.19135482661426,0.11983104795217514,154.95806046575308,154.95806046575308,greedy,0.11983104795217514,0.0,hard_fault_cluster,,False
170,N2066,observe,0.12118232995271683,2.7990002369880678,0.5284871011972427,1.68,1.819350154042244,0.12118232995271683,0.17317071557044983,6.261825041472911,4.199999999999999,0.0017317071557044982,0.07831814885139465,0.6845822930335999,0.12475914508104324,0.406269371509552,-0.03688608855009079,-0.024304673075675964,-0.049467504024505615,0.17317071557044983,6.14564253732562,0.010307375341653824,-0.003863934427499771,0.004120286554098129,32975.296875,14286.826171875,18688.46875,33043.1015625,14343.658203125,18699.443359375,-0.002056226832792163,-0.0039779325015842915,-0.0005872396286576986,-0.2056226832792163,1.888490542769432,6.342240037918091,1.2451757863163948,6.342240037918091,2.451450130343437,1.6322817234881222,0.12475914508104324,155.08281961083412,155.08281961083412,greedy,0.12475914508104324,0.0,hard_fault_cluster,,False
171,N2064,observe,0.10825074464082718,-3.84,-4.194064815714954,1.68,-2.496,0.10825074464082718,0.17677220702171326,5.1,4.3985532224178305,0.0017677220702171327,0.07476910948753357,0.6889462471008301,0.1311696171760559,0.4041111469268799,-0.03631287068128586,-0.025108709931373596,-0.04751703143119812,0.17677220702171326,5.1,0.011503692716360092,-0.0027630850672721863,0.004905980080366135,33043.10546875,14343.6689453125,18699.4375,33098.5625,14390.5849609375,18707.978515625,-0.0016783238388597965,-0.0032708519138395786,-0.00045675254659727216,-0.16783238388597965,2.0160877257585526,5.28,1.366798885166645,5.28,-0.3000000000000007,-0.08302494414150764,0.1311696171760559,155.21398922801018,155.21398922801018,greedy,0.1311696171760559,0.0,hard_fault_cluster,,False
172,N7471,control0,-0.027846988290548325,-7.595825346708298,-5.999999999999999,-1.7731392741203307,-4.937286475360394,-0.027846988290548325,0.16702193021774292,-7.031197491884232,-5.999999999999999,0.0016702193021774293,0.0705462396144867,0.6187885403633118,0.159085214138031,0.3106117248535156,-0.06563181430101395,-0.04486800730228424,-0.08639562129974365,0.16702193021774292,-7.26,0.006108056753873825,-0.010409824550151825,0.0020789578557014465,33094.9375,14386.302734375,18708.63671875,33033.77734375,14339.0185546875,18694.759765625,0.0018480215221643448,0.003286750055849552,0.0007417404558509588,0.18480215221643448,1.3966161459684372,2.4421560287475588,0.8072582930326462,3.0030600070953373,-5.4,-5.085,0.159085214138031,155.3730744421482,155.3730744421482,greedy,0.159085214138031,0.0,hard_fault_cluster,,False
173,N2068,observe,0.04925893619656563,-0.09706696510314927,-1.5799468755722046,1.68,-0.06309352731704702,0.04925893619656563,0.1773356795310974,5.755013281106948,4.203708710242062,0.0017733567953109742,0.0714057981967926,0.6522651314735413,0.12283099442720413,0.3643530011177063,-0.04944299906492233,-0.03977315127849579,-0.05911284685134888,0.1773356795310974,5.689511952996254,0.010009419173002243,-0.006761971861124039,0.0042550936341285706,33037.390625,14343.31640625,18694.07421875,33070.8671875,14384.919921875,18685.94921875,-0.0010132931638509035,-0.0029005506075918674,0.0004346297064330429,-0.10132931638509035,1.830542728304863,5.878869285583496,1.208342120051384,5.878869285583496,1.1971732139587399,0.8085226455307564,0.12283099442720413,155.4959054365754,155.4959054365754,greedy,0.12283099442720413,0.0,hard_fault_cluster,,False
174,N2054,observe,0.04190744832158089,-3.84,-4.377317279577254,1.68,-2.496,0.04190744832158089,0.17988070845603943,5.1,4.223603600263595,0.0017988070845603942,0.06928306818008423,0.6629742980003357,0.13064789772033691,0.37290388345718384,-0.04657333344221115,-0.03687076270580292,-0.056275904178619385,0.17988070845603943,5.1,0.010897181928157806,-0.005263615399599075,0.004623539745807648,33070.859375,14384.923828125,18685.9375,33114.16796875,14427.0341796875,18687.134765625,-0.0013095696922391653,-0.0029273948166519403,-6.407307955669239e-05,-0.13095696922391653,1.9325731992721558,5.28,1.3004319444298744,5.28,-0.3000000000000007,-0.24293991458136638,0.13064789772033691,155.62655333429575,155.62655333429575,greedy,0.13064789772033691,0.0,hard_fault_cluster,,False
175,N2052,observe,0.027363363653421402,-3.84,-4.279996696114539,1.68,-2.496,0.027363363653421402,0.1811186671257019,5.1,4.375486975908279,0.001811186671257019,0.06754350662231445,0.6674625873565674,0.1355985403060913,0.37426167726516724,-0.04593396931886673,-0.03739531338214874,-0.05447262525558472,0.1811186671257019,5.1,0.011496827006340027,-0.004023939371109009,0.004829827696084976,33114.16015625,14427.0439453125,18687.1171875,33159.3046875,14466.767578125,18692.53515625,-0.001363299903459847,-0.002753414446488023,-0.0002899307000916451,-0.1363299903459847,1.998263955116272,5.28,1.36182801425457,5.28,-0.3000000000000007,-0.1489716027677064,0.1355985403060913,155.76215187460184,155.76215187460184,greedy,0.1355985403060913,0.0,hard_fault_cluster,,False
176,N694,observe,0.1635468602180481,8.45303335249424,5.97767629623413,1.942839406132698,5.494471679121256,0.1635468602180481,0.1904679238796234,7.7632272988557816,4.618064796924591,0.0019046792387962341,0.06383204460144043,0.7205052375793457,0.20884034037590027,0.49403858184814453,-0.07784346491098404,-0.07864628732204437,-0.0770406424999237,0.1904679238796234,7.496904568970203,0.014657795429229736,0.0012007355690002441,0.006318870931863785,33158.74609375,14465.671875,18693.07421875,33005.9296875,14358.6572265625,18647.271484375,0.0046086302027106285,0.007397834677249193,0.0024502514861524105,0.46086302027106285,2.3767527043819427,7.575484865903855,1.693522833287716,7.575484865903855,6.338712164759636,5.455701441317797,0.20884034037590027,155.97099221497774,155.97099221497774,greedy,0.20884034037590027,0.0,hard_fault_cluster,,False
177,N7401,observe,0.21077735722064972,8.7,5.378496766090392,2.0999999999999996,5.654999999999999,0.21077735722064972,0.190187007188797,8.1,4.558224999904632,0.00190187007188797,0.0638531744480133,0.7297300696372986,0.21707254648208618,0.49820852279663086,-0.06875289231538773,-0.06517262756824493,-0.07233315706253052,0.190187007188797,7.8,0.01625973731279373,0.004454523324966431,0.007016047835350037,33005.6796875,14358.814453125,18646.865234375,32869.4921875,14265.1884765625,18604.302734375,0.0041261836886405945,0.006520452909171581,0.002282555215060711,0.41261836886405945,2.5458908081054688,7.8,1.855953000485897,7.8,6.9,5.685057846605778,0.21707254648208618,156.18806476145983,156.18806476145983,greedy,0.21707254648208618,0.0,hard_fault_cluster,,False
178,N2040,observe,0.07539700716733932,-1.41611608505249,-2.503281259536743,1.68,-0.9204754552841186,0.07539700716733932,0.18351009488105774,5.524179685115814,4.412966036796569,0.0018351009488105773,0.06458395719528198,0.705513060092926,0.15660306811332703,0.399819552898407,-0.03305468708276749,-0.023938670754432678,-0.042170703411102295,0.18351009488105774,5.4817617166042325,0.014619287103414536,0.0022263526916503906,0.006220199167728424,32870.19921875,14266.056640625,18604.142578125,32941.65625,14321.353515625,18620.302734375,-0.002173915272578597,-0.0038761149626225233,-0.0008686321671120822,-0.2173915272578597,2.3509518653154373,5.667821426391601,1.6841844990849495,5.667821426391601,0.6695535659790035,0.657553867101669,0.15660306811332703,156.34466782957315,156.34466782957315,greedy,0.15660306811332703,0.0,hard_fault_cluster,,False
179,N2106,observe,0.190399169921875,8.7,5.999999999999999,2.0999999999999996,5.654999999999999,0.190399169921875,0.1905425488948822,8.1,5.999999999999999,0.001905425488948822,0.05819931626319885,0.735167384147644,0.22543248534202576,0.5074034333229065,-0.06381597369909286,-0.062292441725730896,-0.06533950567245483,0.1905425488948822,7.8,0.018151268362998962,0.00675693154335022,0.008236084133386612,32940.96484375,14320.47265625,18620.4921875,32817.14453125,14233.5390625,18583.60546875,0.003758855164051056,0.006070581264793873,0.0019809743389487267,0.3758855164051056,2.7408367693424225,7.8,2.046554319560528,7.8,6.9,6.585,0.22543248534202576,156.57010031491518,156.57010031491518,greedy,0.22543248534202576,0.0,hard_fault_cluster,,False
180,N2157,observe,0.2862585783004761,8.7,5.999999999999999,2.0999999999999996,5.654999999999999,0.2862585783004761,0.19267725944519043,8.1,5.999999999999999,0.0019267725944519044,0.0735139548778534,0.9121173024177551,0.32517436146736145,0.6897454857826233,-0.06417327374219894,-0.06551547348499298,-0.06283107399940491,0.19267725944519043,7.8,0.020096946507692337,0.006071865558624268,0.010664548724889755,32817.73828125,14234.314453125,18583.423828125,32722.1796875,14167.5341796875,18554.64453125,0.0029117970261722803,0.004691499285399914,0.0015486541669815779,0.29117970261722803,3.1144892126321793,7.8,2.28589329123497,7.8,6.9,6.585,0.32517436146736145,156.89527467638254,156.89527467638254,greedy,0.32517436146736145,0.0,hard_fault_cluster,,False
181,N752,observe,0.22377215325832367,8.040000000000001,5.999999999999999,1.68,5.226000000000001,0.22377215325832367,0.1934342086315155,7.199999999999999,5.999999999999999,0.001934342086315155,0.08381542563438416,0.9075416922569275,0.3144441545009613,0.7245321273803711,-0.031783364713191986,-0.04212288558483124,-0.021443843841552734,0.1934342086315155,6.989999999999999,0.026982471346855164,0.011777132749557495,0.01603018119931221,32721.89453125,14167.0537109375,18554.841796875,32897.0234375,14252.7626953125,18644.26171875,-0.0053520407527685165,-0.006049880757927895,-0.004819223191589117,-0.5352040752768517,3.7992230355739594,7.199999999999999,2.973491109907627,7.199999999999999,5.4,5.204590166211128,0.3144441545009613,157.2097188308835,157.2097188308835,greedy,0.3144441545009613,0.0,hard_fault_cluster,,False
182,N2062,observe,0.12215099483728409,-3.84,-2.3999999999999995,1.68,-2.496,0.12215099483728409,0.18977653980255127,5.1,5.999999999999999,0.0018977653980255128,0.09943768382072449,0.8966781497001648,0.2607586979866028,0.6116926074028015,-0.034495122730731964,-0.02359713613986969,-0.04539310932159424,0.18977653980255127,5.1,0.020290471613407135,0.005204521119594574,0.011316496878862381,32897.5234375,14253.505859375,18644.01953125,33011.09765625,14355.5634765625,18655.53515625,-0.0034523638896644115,-0.007160176523029804,-0.0006176578463055193,-0.34523638896644115,3.1155018508434296,5.28,2.3006608337163925,5.28,-0.3000000000000007,0.8549999999999993,0.2607586979866028,157.4704775288701,157.4704775288701,greedy,0.2607586979866028,0.0,hard_fault_cluster,,False
183,N515,control1,0.020499486476182938,-8.16,-3.811436176300048,-2.4,-5.304,0.020499486476182938,0.16806069016456604,-7.47,-4.0142086923122395,0.0016806069016456603,0.10506996512413025,0.8098711967468262,0.26386329531669617,0.4404796361923218,-0.06591183692216873,-0.05389656126499176,-0.0779271125793457,0.16806069016456604,-7.26,0.01578517258167267,-0.0004799291491508484,0.008362717926502228,33005.2109375,14347.474609375,18657.734375,32968.96875,14319.640625,18649.328125,0.0010980747174471617,0.001939991838298738,0.0004505504039116204,0.10980747174471617,2.556449145078659,3.6000000000000005,1.823000229895115,3.6000000000000005,-5.4,-2.9358380009233955,0.26386329531669617,157.7343408241868,157.7343408241868,greedy,0.26386329531669617,0.0,hard_fault_cluster,,False
184,N2050,observe,0.06792443245649338,8.040000000000001,5.999999999999999,1.68,5.226000000000001,0.06792443245649338,0.17556777596473694,7.199999999999999,5.999999999999999,0.0017556777596473693,0.10571876168251038,0.8464280962944031,0.23328730463981628,0.5691652297973633,-0.03955867141485214,-0.03146468102931976,-0.04765266180038452,0.17556777596473694,6.989999999999999,0.01607205718755722,0.0009456872940063477,0.008093945682048798,32974.625,14327.53515625,18647.08984375,33045.7578125,14397.57421875,18648.18359375,-0.0021571984980255365,-0.004888423718512058,-5.865526691195555e-05,-0.21571984980255365,2.629201591014862,7.199999999999999,1.862704686820507,7.199999999999999,5.4,5.085,0.23328730463981628,157.96762812882662,157.96762812882662,greedy,0.23328730463981628,0.0,hard_fault_cluster,,False
185,N2046,observe,0.07167666405439377,7.603864231109619,5.660783290863037,1.68,4.942511750221253,0.07167666405439377,0.17975491285324097,7.115195822715759,5.999999999999999,0.0017975491285324096,0.10483136773109436,0.8633763790130615,0.2355700433254242,0.5746542811393738,-0.03568305820226669,-0.028884217143058777,-0.04248189926147461,0.17975491285324097,6.913676240444183,0.016335319727659225,0.0016510635614395142,0.008372664451599121,33045.7734375,14397.5927734375,18648.1796875,33097.78125,14445.31640625,18652.46484375,-0.0015738112851977348,-0.003314695321023464,-0.0002297895262017846,-0.15738112851977348,2.676663264632225,7.122464752197266,1.8943147957324982,7.122464752197266,5.133472585678101,4.911757180690766,0.2355700433254242,158.20319817215204,158.20319817215204,greedy,0.2355700433254242,0.0,hard_fault_cluster,,False
186,N578,observe,0.03569923713803291,-1.752400722503662,-4.538680505752563,1.68,-1.1390604696273803,0.03569923713803291,0.17834565043449402,5.465329873561859,5.999999999999999,0.0017834565043449403,0.10137060284614563,0.8483335971832275,0.22946149110794067,0.5567081570625305,-0.03575781732797623,-0.028732046484947205,-0.04278358817100525,0.17834565043449402,5.4287968862056735,0.01747359335422516,0.003807753324508667,0.008656121790409088,33097.12890625,14444.2578125,18652.87109375,33143.828125,14484.572265625,18659.25390625,-0.0014109748881310225,-0.002791036618873477,-0.00034218927612528205,-0.14109748881310225,2.7740385830402374,5.6140158843994135,2.0040291473269463,5.6140158843994135,0.5350397109985348,0.24277581214904737,0.22946149110794067,158.43265966325998,158.43265966325998,greedy,0.22946149110794067,0.0,hard_fault_cluster,,False
187,N723,observe,0.20249079167842865,8.465525144934654,5.999999999999999,1.9507887285947798,5.502591344207525,0.20249079167842865,0.20129692554473877,7.7802615612745285,5.999999999999999,0.0020129692554473875,0.09424063563346863,0.9295081496238708,0.3179272711277008,0.7033615708351135,-0.07511728256940842,-0.08157791197299957,-0.06865665316581726,0.20129692554473877,7.512235405147075,0.018939312547445297,0.0039482638239860535,0.010407600551843643,33144.0390625,14484.66796875,18659.373046875,32997.796875,14378.318359375,18619.4765625,0.0044123223051428795,0.007342219352722168,0.0021381471306085587,0.44123223051428795,3.0247363299131393,7.586841040849686,2.176632523536682,7.586841040849686,6.3671026021242145,6.238616691380739,0.3179272711277008,158.75058693438768,158.75058693438768,greedy,0.3179272711277008,0.0,hard_fault_cluster,,False
188,N7385,observe,0.4722560942173004,8.7,5.999999999999999,2.0999999999999996,5.654999999999999,0.4722560942173004,0.32366594672203064,8.1,5.999999999999999,0.0032366594672203065,0.15394526720046997,1.63071608543396,0.6981966495513916,1.4265868663787842,-0.08754169195890427,-0.09170140326023102,-0.08338198065757751,0.32366594672203064,7.8,0.03718012198805809,0.013505496084690094,0.027038048952817917,32998.1640625,14379.1962890625,18618.96875,32873.609375,14303.1396484375,18570.470703125,0.0037745945155620575,0.005289352498948574,0.002604765584692359,0.37745945155620575,5.6723942309618,7.8,4.206607706844807,7.8,6.9,6.585,0.6981966495513916,159.44878358393908,159.44878358393908,greedy,0.6981966495513916,0.0,hard_fault_cluster,,False
189,N2149,observe,1.1251417398452759,8.7,5.999999999999999,2.0999999999999996,5.654999999999999,1.1251417398452759,0.9874178171157837,8.1,5.999999999999999,0.009874178171157837,0.4470480978488922,5.197064399719238,2.278127431869507,4.491144180297852,0.030722782015800476,0.003464445471763611,0.05798111855983734,0.9874178171157837,7.8,0.04373115301132202,-0.018862508237361908,0.03982597589492798,32873.453125,14302.9658203125,18570.48828125,32791.15625,14237.029296875,18554.12890625,0.002503444906324148,0.00460998946800828,0.0008809340070001781,0.2503444906324148,10.557597517967224,7.8,5.919235855340958,7.8,6.9,6.585,2.278127431869507,161.72691101580858,161.72691101580858,greedy,2.278127431869507,0.0,hard_fault_cluster,,False
190,N1411,control0,1.046034336090088,3.9867150928080086,4.72275447845459,0.14565594032406812,2.5913648103252056,1.046034336090088,0.9533777236938477,-0.3948621673882011,-2.848546111583709,0.009533777236938476,0.445982962846756,5.117543697357178,2.0645291805267334,4.140522003173828,0.030954621732234955,0.054240867495536804,0.0076683759689331055,0.9533777236938477,-0.6767917615175248,0.024353589862585068,-0.0331021286547184,0.018650062382221222,32787.40234375,14231.25,18556.15234375,32715.6953125,14200.4140625,18515.28125,0.0021870299242436886,0.0021667764522135258,0.002202562987804413,0.21870299242436886,8.506280407309532,6.458348944187164,3.953089341521263,6.458348944187164,3.272176891565323,2.75691497951746,2.0645291805267334,163.79144019633532,163.79144019633532,greedy,2.0645291805267334,0.0,hard_fault_cluster,,False
191,N6595,control1,0.8863658308982849,-7.461835544407368,-5.999999999999999,-1.6242617160081863,-4.85019310386479,0.8863658308982849,0.9132814407348633,-7.13698320120573,-2.3999999999999995,0.009132814407348634,0.4420391023159027,5.095093250274658,2.0262527465820312,4.189907073974609,0.03871607780456543,-0.007874652743339539,0.0853068083524704,0.9132814407348633,-7.8,0.007539920508861542,-0.04502638429403305,0.0007313936948776245,32718.912109375,14205.708984375,18513.203125,32730.802734375,14171.59765625,18559.205078125,-0.0003634174936451018,0.0024012408684939146,-0.0024848186876624823,-0.03634174936451018,6.762366741895676,-7.8,2.2560857236385345,-7.8,-6.9,-4.590000000000001,2.0262527465820312,165.81769294291735,165.81769294291735,greedy,2.0262527465820312,0.0,hard_fault_cluster,,False
192,N5874,observe,0.9932317137718201,5.6135245209932325,5.999999999999999,0.1358792406320572,3.6487909386456012,0.9932317137718201,0.9609168767929077,2.5355686783790583,3.246430134773254,0.009609168767929077,0.4304516911506653,4.982712268829346,1.9700905084609985,4.130608081817627,0.0403168722987175,0.03318704664707184,0.04744669795036316,0.9609168767929077,2.91329328417778,0.0244794562458992,-0.03079698607325554,0.016650445759296417,32731.611328125,14172.634765625,18558.9765625,32756.99609375,14167.4677734375,18589.52734375,-0.0007755428086966276,0.0003645752731245011,-0.001646145828999579,-0.07755428086966276,8.391574770212173,6.649286026954651,3.9338529109954834,6.649286026954651,3.4331643819808964,4.331556848287582,1.9700905084609985,167.78778345137835,167.78778345137835,greedy,1.9700905084609985,0.0,hard_fault_cluster,,False
193,N725,observe,1.1646403074264526,8.7,5.999999999999999,2.0999999999999996,5.654999999999999,1.1646403074264526,1.0985950231552124,8.1,5.999999999999999,0.010985950231552124,0.44654515385627747,5.270821571350098,2.3031368255615234,4.510993480682373,0.03954175114631653,0.003650158643722534,0.07543334364891052,1.0985950231552124,7.8,0.029541045427322388,-0.02487904205918312,0.023474454879760742,32756.3203125,14166.2705078125,18590.05078125,32660.482421875,14121.197265625,18539.28515625,0.0029257831629365683,0.0031817296985536814,0.0027307954151183367,0.2925783162936568,9.323521137237549,7.514340209960937,4.546458691358566,7.8,6.9,6.585,2.3031368255615234,170.09092027693987,170.09092027693987,greedy,2.3031368255615234,0.0,hard_fault_cluster,,False
194,N3882,control0,1.0543016195297241,0.8598078174889088,0.9146491110324859,0.19792951241135595,0.5588750813677907,1.0543016195297241,1.040012240409851,0.8190031394362449,0.636296010017395,0.010400122404098511,0.4514758288860321,5.123806953430176,2.0156991481781006,4.161648750305176,0.05417665094137192,0.07690595090389252,0.03144735097885132,1.040012240409851,0.7915426531434059,0.006482124328613281,-0.04503544420003891,9.081512689590454e-05,32661.1796875,14122.28515625,18538.89453125,32623.23828125,14134.1611328125,18489.076171875,0.0011616667034104466,-0.0008409387082792819,0.002687234664335847,0.11616667034104466,6.812031626701355,0.17719196401536463,2.189167231321335,-0.39717272982001306,0.5885070100426674,0.8496541189821436,2.0156991481781006,172.10661942511797,172.10661942511797,greedy,2.0156991481781006,0.0,hard_fault_cluster,,False
195,N764,observe,1.0640528202056885,2.76,5.999999999999999,-2.4,1.7939999999999998,1.0640528202056885,0.9348520040512085,-6.0,-4.199999999999999,0.009348520040512086,0.4315343201160431,4.648795127868652,1.9638363122940063,4.027924060821533,0.0541975200176239,-0.004173204302787781,0.11256824433803558,0.9348520040512085,-6.0,0.027557075023651123,-0.036621786653995514,0.020038753747940063,32622.3125,14133.11328125,18489.19921875,32748.14453125,14194.0087890625,18554.134765625,-0.003857238218188286,-0.004308711737394333,-0.0035120800603181124,-0.3857238218188286,8.339354634284973,5.52,4.1516192853450775,5.52,0.3000000000000007,1.2975000000000005,1.9638363122940063,174.07045573741198,174.07045573741198,greedy,1.9638363122940063,0.0,hard_fault_cluster,,False
196,N715,observe,1.2186561822891235,7.938796005249024,5.999999999999999,1.6155974578857422,5.160217403411866,1.2186561822891235,1.1068570613861084,7.061994552612304,5.999999999999999,0.011068570613861083,0.4444185197353363,5.059106826782227,2.226572036743164,4.381930351257324,0.04155544191598892,-0.0029514282941818237,0.08606231212615967,1.1068570613861084,6.865795097351074,0.021963641047477722,-0.03883267194032669,0.016289614140987396,32747.42578125,14193.154296875,18554.271484375,32705.916015625,14178.537109375,18527.37890625,0.0012675734469667077,0.0010298759443685412,0.0014494009083136916,0.12675734469667077,8.362327992916107,7.1079963684082035,3.737855076789856,7.1079963684082035,5.169990921020508,5.460494098663331,2.226572036743164,176.29702777415514,176.29702777415514,greedy,2.226572036743164,0.0,hard_fault_cluster,,False
197,N7402,observe,1.3128433227539062,8.7,5.999999999999999,2.0999999999999996,5.654999999999999,1.3128433227539062,1.1979801654815674,8.1,5.999999999999999,0.011979801654815674,0.46016818284988403,5.273210525512695,2.3454666137695312,4.558349132537842,0.04905242472887039,0.008567482233047485,0.0895373672246933,1.1979801654815674,7.8,0.01780296117067337,-0.04017280042171478,0.013336025178432465,32706.5546875,14179.48828125,18527.06640625,32641.84765625,14131.4404296875,18510.408203125,0.001978411804884672,0.003388546174392104,0.0008991279173642397,0.19784118048846722,8.2514868080616,7.8,3.3980937898159027,7.8,6.9,6.585,2.3454666137695312,178.64249438792467,178.64249438792467,greedy,2.3454666137695312,0.0,hard_fault_cluster,,False
198,N3911,control0,1.1181334257125854,0.894882763773203,0.7022258460521698,0.18317160204052924,0.581673796452582,1.1181334257125854,1.0531266927719116,0.7972679927945137,1.2413495242595671,0.010531266927719116,0.46125271916389465,5.015158176422119,1.9911426305770874,4.093487739562988,0.05933379381895065,0.08115707337856293,0.03751051425933838,1.0531266927719116,0.7748995113372803,0.002765469253063202,-0.05191373825073242,-0.0028803199529647827,32642.8359375,14132.431640625,18510.404296875,32606.3515625,14139.1064453125,18467.24609375,0.0011176839470863342,-0.000472304061986506,0.0023315646685659885,0.11176839470863342,6.344831794500351,-0.5292013496160507,1.7936181426048279,-0.5291778653860092,0.5866960912942887,0.5385243483120575,1.9911426305770874,180.63363701850176,180.63363701850176,greedy,1.9911426305770874,0.0,hard_fault_cluster,,False
199,N8011,control0,1.018190622329712,0.31424117138609287,-0.07329497337341308,0.1415874365903437,0.20425676140096036,1.018190622329712,0.9630192518234253,0.2803696312010288,-0.14048710688948632,0.009630192518234253,0.4584762156009674,4.849856853485107,1.914581298828125,3.959634780883789,0.06287913024425507,0.08453436195850372,0.04122389853000641,0.9630192518234253,0.20058406855911015,0.009162865579128265,-0.046868905425071716,0.002581663429737091,32605.966796875,14138.693359375,18467.2734375,32524.771484375,14100.357421875,18424.4140625,0.0024901980068534613,0.0027114201802760363,0.002320828614756465,0.24901980068534613,6.729162663221359,0.7030515302717686,2.3695055842399597,0.7029017020761966,0.2620475057512522,0.028268196191638728,1.914581298828125,182.54821831732988,182.54821831732988,greedy,1.914581298828125,0.0,hard_fault_cluster,,False
200,N3903,control0,0.9473693370819092,0.4150300168991089,-0.11501023024320602,0.2069880527257919,0.2697695109844208,0.9473693370819092,0.8863321542739868,0.6710184361785649,0.536796510219574,0.008863321542739867,0.4530101716518402,4.652125358581543,1.8255231380462646,3.8048620223999023,0.06615982204675674,0.08689050376415253,0.04542914032936096,0.8863321542739868,0.6148877821490168,0.012305296957492828,-0.04515530914068222,0.004889361560344696,32525.078125,14100.69921875,18424.37890625,32446.236328125,14062.04296875,18384.193359375,0.0024240310303866863,0.002741442061960697,0.0021811071783304214,0.24240310303866863,6.768987208604813,0.7240013167262077,2.6151440739631653,0.8031200990080833,0.44869366809725764,0.38984883960336447,1.8255231380462646,184.37374145537615,184.37374145537615,greedy,1.8255231380462646,0.0,hard_fault_cluster,,False
201,N4716,control0,0.8778378367424011,1.18536537528038,-1.7084636241197586,1.0271151137351988,0.7704874939322471,0.8778378367424011,0.8118661642074585,3.2799782864749427,4.023171710968017,0.008118661642074585,0.4457893371582031,4.458256244659424,1.7365422248840332,3.656834840774536,0.06715619564056396,0.08661966025829315,0.04769273102283478,0.8118661642074585,2.7771506576985123,0.013388268649578094,-0.04609726369380951,0.005518391728401184,32446.0703125,14062.0322265625,18384.037109375,32373.3828125,14025.7763671875,18347.607421875,0.002240255940705538,0.0025782801676541567,0.0019815934356302023,0.22402559407055378,6.608949273824692,-4.169361275434494,2.65635746717453,-4.746607464551926,0.294010691344738,-0.3520070833712817,1.7365422248840332,186.11028368026018,186.11028368026018,greedy,1.7365422248840332,0.0,hard_fault_cluster,,False
202,N902,control1,0.06955006718635559,-6.2700000000000005,-2.3999999999999995,-0.30000000000000027,-4.075500000000001,0.06955006718635559,0.16931310296058655,-6.0,-2.3999999999999995,0.0016931310296058656,0.09154880046844482,0.6062517762184143,0.15613728761672974,0.236699178814888,-0.060874201357364655,-0.04646725952625275,-0.07528114318847656,0.16931310296058655,-7.26,0.008898887783288956,-0.009034134447574615,0.004431005567312241,32365.55859375,14011.6630859375,18353.89453125,32387.953125,14002.0048828125,18385.94921875,-0.0006919247680343688,0.0006892973906360567,-0.00174647883977741,-0.06919247680343688,1.6654536575078964,3.6000000000000005,1.0837799981236458,3.6000000000000005,-5.4,-1.4100000000000006,0.15613728761672974,186.2664209678769,186.2664209678769,greedy,0.15613728761672974,0.0,hard_fault_cluster,,False
203,N6735,control1,0.07522507756948471,-6.2700000000000005,-2.3999999999999995,-0.30000000000000027,-4.075500000000001,0.07522507756948471,0.14756104350090027,-6.0,-5.999999999999999,0.0014756104350090026,0.09557479619979858,0.5819147825241089,0.12229586392641068,0.1843678504228592,-0.0858277902007103,-0.06706361472606659,-0.104591965675354,0.14756104350090027,-7.26,0.00946061685681343,-0.005962606519460678,0.004332277923822403,32395.603515625,14015.224609375,18380.37890625,32405.587890625,14019.291015625,18386.296875,-0.00030820153187960386,-0.0002901420812122524,-0.00032197206746786833,-0.030820153187960386,1.6755375117063522,3.6000000000000005,1.1284306421875954,3.6000000000000005,-5.4,-2.88,0.12229586392641068,186.38871683180332,186.38871683180332,greedy,0.12229586392641068,0.0,hard_fault_cluster,,False
204,N6740,control1,0.06729511171579361,-7.09920958802104,-2.3999999999999995,-1.2213439866900444,-4.614486232213676,0.06729511171579361,0.1320638805627823,-6.644940790683031,-2.3999999999999995,0.001320638805627823,0.09843161702156067,0.5573940277099609,0.09460482746362686,0.17047463357448578,-0.08790311962366104,-0.07220001518726349,-0.1036062240600586,0.1320638805627823,-7.26,0.009336870163679123,-0.0044073909521102905,0.003978762775659561,32405.5703125,14019.2958984375,18386.2734375,32438.119140625,14053.666015625,18384.453125,-0.0010044208029285073,-0.002451629377901554,9.900388249661773e-05,-0.10044208029285073,1.6231449246406555,3.6000000000000005,1.106051493436098,3.6000000000000005,-5.4,-1.4100000000000006,0.09460482746362686,186.48332165926695,186.48332165926695,greedy,0.09460482746362686,0.0,hard_fault_cluster,,False
205,N8782,control1,0.2798248827457428,5.069999999999999,5.999999999999999,-0.30000000000000027,3.2954999999999997,0.2798248827457428,0.11669647693634033,-4.53,-5.999999999999999,0.0011669647693634032,0.10671770572662354,1.5902618169784546,0.6771225929260254,1.7683398723602295,-0.05996175855398178,-0.024045661091804504,-0.09587785601615906,0.11669647693634033,-6.0,0.03147929906845093,0.03907157480716705,0.048202626407146454,32438.37109375,14054.0302734375,18384.33984375,32422.818359375,14002.810546875,18420.0078125,0.000479454844025895,0.0036444866564124823,-0.0019401278113946319,0.0479454844025895,4.854888200759888,5.52,3.5746694803237915,5.52,0.3000000000000007,0.8250000000000007,0.6771225929260254,187.16044425219297,187.16044425219297,greedy,0.6771225929260254,0.0,hard_fault_cluster,,False
206,N6733,control1,0.3225238621234894,-6.8100000000000005,-2.3999999999999995,-0.9000000000000004,-4.426500000000001,0.3225238621234894,0.10563169419765472,-6.63,-2.3999999999999995,0.0010563169419765472,0.09439083933830261,1.72929048538208,0.6894122362136841,1.7186375856399536,-0.040877632796764374,-0.03841061890125275,-0.043344646692276,0.10563169419765472,-7.8,0.03235272318124771,0.046054840087890625,0.04908116161823273,32422.69140625,14002.5283203125,18420.162109375,32551.34765625,14091.0458984375,18460.30078125,-0.003968093078583479,-0.006321542430669069,-0.002179061761125922,-0.3968093078583479,5.070194497704506,-7.8,3.694002863019705,-7.8,-6.9,-2.3850000000000007,0.6894122362136841,187.84985648840666,187.84985648840666,greedy,0.6894122362136841,0.0,hard_fault_cluster,,False
207,N8232,control1,0.33234962821006775,-3.997399578094482,-2.3999999999999995,1.5575781059265137,-2.5983097257614136,0.33234962821006775,0.14922866225242615,4.837667369842529,5.999999999999999,0.0014922866225242615,0.09229978919029236,1.7759711742401123,0.7884307503700256,1.8551119565963745,-0.0139833465218544,0.0005479007959365845,-0.028514593839645386,0.14922866225242615,4.863900632858276,0.031047850847244263,0.0423998087644577,0.04570383206009865,32551.2890625,14091.091796875,18460.197265625,32547.6171875,14109.6572265625,18437.9609375,0.00011280275066383183,-0.001317529589869082,0.0012045552721247077,0.011280275066383183,5.029984921216965,5.105111579895019,3.586085043847561,3.296005158424377,-0.9995536804199225,1.45029010772705,0.7884307503700256,188.63828723877668,188.63828723877668,greedy,0.7884307503700256,0.0,hard_fault_cluster,,False
208,N2331,control1,0.34065482020378113,-3.84,-2.3999999999999995,1.68,-2.496,0.34065482020378113,0.16256125271320343,5.1,5.999999999999999,0.0016256125271320342,0.09207329154014587,1.8639423847198486,0.7518662810325623,1.837957501411438,-0.033089928328990936,-0.02150525152683258,-0.04467460513114929,0.16256125271320343,5.1,0.03425779193639755,0.047055236995220184,0.04602976143360138,32547.958984375,14109.919921875,18438.0390625,32465.4140625,14053.5087890625,18411.90625,0.0025361012667417526,0.003997976891696453,0.0014173313975334167,0.25361012667417526,5.452282831072807,5.28,3.9324051029980183,5.28,-0.3000000000000007,1.9049999999999991,0.7518662810325623,189.39015351980925,189.39015351980925,greedy,0.7518662810325623,0.0,hard_fault_cluster,,False
209,N5623,control1,0.3370751440525055,-5.578104743957519,-2.3999999999999995,0.3281407546997068,-3.6257680835723876,0.3370751440525055,0.15804287791252136,-3.3031069561839104,-0.6680493116378785,0.0015804287791252136,0.1081276535987854,1.8295537233352661,0.7602781057357788,1.8036737442016602,-0.033555738627910614,-0.020539358258247375,-0.04657211899757385,0.15804287791252136,-4.335125463604927,0.03935376554727554,0.047341346740722656,0.04545784741640091,32467.13671875,14053.021484375,18414.115234375,32394.296875,14006.8857421875,18387.41015625,0.002243494614958763,0.0032829768024384975,0.0014502503909170628,0.2243494614958763,5.922973155975342,4.158464208841323,4.432275705039501,4.158464208841323,-3.632707187533379,-0.26125967189669685,0.7602781057357788,190.15043162554502,190.15043162554502,greedy,0.7602781057357788,0.0,hard_fault_cluster,,False
210,N4273,control1,0.329267293214798,-5.08938132762909,-2.3999999999999995,0.708258967399597,-3.3080978629589084,0.329267293214798,0.1604217290878296,-1.9379528295993804,0.0605710029602049,0.0016042172908782959,0.10889256000518799,1.8614246845245361,0.7817726731300354,1.8409063816070557,-0.038605719804763794,-0.02815784513950348,-0.04905359447002411,0.1604217290878296,-2.9070022845268246,0.039560794830322266,0.04694834351539612,0.04240322858095169,32390.32421875,13999.82421875,18390.5,32325.693359375,13957.564453125,18368.12890625,0.0019953756127506495,0.003018592484295368,0.0012164483778178692,0.19953756127506495,5.977925896644592,4.613014903068542,4.461541086435318,4.613014903068542,-2.3401975274086,0.5788716071844096,0.7817726731300354,190.93220429867506,190.93220429867506,greedy,0.7817726731300354,0.0,hard_fault_cluster,,False
211,N8781,control1,0.16764302551746368,-8.7,-5.999999999999999,-2.9999999999999996,-5.654999999999999,0.16764302551746368,0.09194968640804291,-8.1,-5.999999999999999,0.0009194968640804291,0.11204484105110168,1.7700141668319702,0.7553096413612366,1.9757452011108398,-0.09818726032972336,-0.06304459273815155,-0.13332992792129517,0.09194968640804291,-7.8,0.018894769251346588,0.016015611588954926,0.018821220844984055,32328.033203125,13965.08984375,18362.943359375,32344.177734375,13923.1796875,18420.998046875,-0.0004993972834199667,0.0030010659247636795,-0.0031615132465958595,-0.04993972834199667,3.751440778374672,-7.8,2.354967888444662,-7.8,-6.9,-6.0600000000000005,0.7553096413612366,191.6875139400363,191.6875139400363,greedy,0.7553096413612366,0.0,hard_fault_cluster,,False
212,N6148,control1,0.31992143392562866,-4.38,-2.3999999999999995,1.2599999999999998,-2.847,0.31992143392562866,0.1770663559436798,4.2,5.999999999999999,0.0017706635594367981,0.1031363308429718,1.8415523767471313,0.8399028182029724,1.9437867403030396,-0.03591994196176529,-0.01858772337436676,-0.05325216054916382,0.1770663559436798,4.29,0.0243348628282547,0.026956215500831604,0.026326268911361694,32343.609375,13922.4931640625,18421.1171875,32407.74609375,13974.4677734375,18433.27734375,-0.0019829797092825174,-0.0037331394851207733,-0.0006601204513572156,-0.19829797092825174,4.452105015516281,-6.54,2.9381409659981728,-6.54,-2.7000000000000006,0.3449999999999991,0.8399028182029724,192.52741675823927,192.52741675823927,greedy,0.8399028182029724,0.0,hard_fault_cluster,,False
213,N6147,control1,0.35249295830726624,-4.38,-2.3999999999999995,1.2599999999999998,-2.847,0.35249295830726624,0.20786568522453308,4.2,5.999999999999999,0.0020786568522453306,0.09934729337692261,1.8856399059295654,0.8655082583427429,1.9936426877975464,-0.03202516585588455,-0.013659968972206116,-0.05039036273956299,0.20786568522453308,4.29,0.02069593220949173,0.027421362698078156,0.02563287317752838,32408.0,13974.7275390625,18433.2734375,32408.49609375,13966.86328125,18441.6328125,-1.5307756257243454e-05,0.0005627485807053745,-0.0004534937907010317,-0.0015307756257243454,4.1630988121032715,-6.54,2.5929696187376976,-6.54,-2.7000000000000006,0.3449999999999991,0.8655082583427429,193.392925016582,193.392925016582,greedy,0.8655082583427429,0.0,hard_fault_cluster,,False
214,N6149,control1,0.3576418459415436,-4.38,-2.3999999999999995,1.2599999999999998,-2.847,0.3576418459415436,0.2159726619720459,4.2,5.999999999999999,0.002159726619720459,0.09686693549156189,1.9158713817596436,0.8748840093612671,2.0102040767669678,-0.029994316399097443,-0.012747958302497864,-0.04724067449569702,0.2159726619720459,4.29,0.01953130215406418,0.027375973761081696,0.025454163551330566,32408.484375,13966.9013671875,18441.583984375,32400.19140625,13956.56640625,18443.625,0.0002558888227213174,0.0007399609312415123,-0.00011067463492508978,0.02558888227213174,4.084974259138107,-6.54,2.48609122633934,-6.54,-2.7000000000000006,-0.1159295248985297,0.8748840093612671,194.26780902594328,194.26780902594328,greedy,0.8748840093612671,0.0,hard_fault_cluster,,False
215,N5620,control1,0.3857105076313019,8.7,5.999999999999999,2.0999999999999996,5.654999999999999,0.3857105076313019,0.21476686000823975,8.1,5.999999999999999,0.0021476686000823975,0.09660544991493225,1.9652087688446045,0.8308101296424866,1.9674290418624878,-0.04580852389335632,-0.03002248704433441,-0.061594560742378235,0.21476686000823975,7.8,0.027740992605686188,0.03622253239154816,0.031033359467983246,32399.158203125,13954.45703125,18444.701171875,32328.171875,13906.8544921875,18421.31640625,0.002190992934629321,0.0034112785942852497,0.0012678310740739107,0.2190992934629321,4.954074889421463,7.8,3.31909316778183,7.8,6.9,6.585,0.8308101296424866,195.09861915558577,195.09861915558577,greedy,0.8308101296424866,0.0,hard_fault_cluster,,False
216,N6145,control1,0.3491628170013428,-4.38,-2.3999999999999995,1.2599999999999998,-2.847,0.3491628170013428,0.20349055528640747,4.2,5.999999999999999,0.002034905552864075,0.09439858794212341,1.9731974601745605,0.9042230844497681,2.0382816791534424,-0.019953228533267975,-0.002701595425605774,-0.037204861640930176,0.20349055528640747,4.29,0.021664492785930634,0.03170578181743622,0.0288495235145092,32329.103515625,13908.845703125,18420.2578125,32349.296875,13924.8046875,18424.4921875,-0.0006246186094358563,-0.0011473981430754066,-0.00022987599368207157,-0.062461860943585634,4.343137294054031,-6.54,2.7106212824583054,-6.54,-2.7000000000000006,0.3449999999999991,0.9042230844497681,196.00284224003553,196.00284224003553,greedy,0.9042230844497681,0.0,hard_fault_cluster,,False
217,N6146,control1,0.34132465720176697,-4.38,-2.3999999999999995,1.2599999999999998,-2.847,0.34132465720176697,0.2047303318977356,4.2,5.999999999999999,0.002047303318977356,0.09032714366912842,1.992353081703186,0.9037371873855591,2.056550979614258,-0.020426861941814423,-0.005348488688468933,-0.03550523519515991,0.2047303318977356,4.29,0.0191359743475914,0.02867206186056137,0.026506170630455017,32349.255859375,13924.771484375,18424.484375,32348.10546875,13924.4013671875,18423.703125,3.5561577533371747e-05,2.657976801856421e-05,4.240281487000175e-05,0.0035561577533371747,4.110680848360062,-6.54,2.4628682881593704,-6.54,-2.7000000000000006,0.3449999999999991,0.9037371873855591,196.9065794274211,196.9065794274211,greedy,0.9037371873855591,0.0,hard_fault_cluster,,False
218,N8788,control1,0.15767797827720642,-6.8100000000000005,-5.999999999999999,-0.9000000000000004,-4.426500000000001,0.15767797827720642,0.09637145698070526,-6.63,-5.999999999999999,0.0009637145698070526,0.09671863913536072,1.9474401473999023,0.7827549576759338,2.1218791007995605,-0.09542310982942581,-0.05743195116519928,-0.13341426849365234,0.09637145698070526,-7.8,-0.002843908965587616,-0.011684119701385498,0.0014218389987945557,32348.458984375,13924.873046875,18423.5859375,32335.0234375,13871.1767578125,18463.84765625,0.00041533808689564466,0.0038561420515179634,-0.0021853356156498194,0.041533808689564466,1.759420707821846,-7.8,0.2265620045363903,-7.8,-6.9,-6.0600000000000005,0.7827549576759338,197.68933438509703,197.68933438509703,greedy,0.7827549576759338,0.0,hard_fault_cluster,,False
219,N863,control1,0.28908607363700867,-4.38,-2.3999999999999995,1.2599999999999998,-2.847,0.28908607363700867,0.1742190718650818,4.2,5.999999999999999,0.001742190718650818,0.08689254522323608,1.999399185180664,0.8809995055198669,2.0530858039855957,-0.031230978667736053,-0.01565392315387726,-0.04680803418159485,0.1742190718650818,4.29,0.007909879088401794,0.010696448385715485,0.013572394847869873,32334.537109375,13870.515625,18464.021484375,32377.97265625,13928.1865234375,18449.78515625,-0.0013433174462988973,-0.004157804884016514,0.0007710307254455984,-0.13433174462988973,2.9646061658859253,-6.54,1.334392473101616,-6.54,-2.7000000000000006,0.3449999999999991,0.8809995055198669,198.5703338906169,198.5703338906169,greedy,0.8809995055198669,0.0,hard_fault_cluster,,False
220,N7506,control1,0.3593013882637024,3.42,5.999999999999999,-1.7999999999999998,2.223,0.3593013882637024,0.1265866756439209,-5.37,-2.3999999999999995,0.001265866756439209,0.0919853150844574,1.906427264213562,0.8777511715888977,2.121018171310425,-0.06286012381315231,-0.06100060045719147,-0.06471964716911316,0.1265866756439209,-5.46,0.018380165100097656,0.020271360874176025,0.02593155950307846,32378.771484375,13928.841796875,18449.9296875,32273.7578125,13886.4921875,18387.265625,0.003243287792429328,0.0030404257122427225,0.0033964391332119703,0.3243287792429328,3.8710304498672485,6.12,2.3462699949741364,6.12,2.7000000000000006,3.8550000000000004,0.8777511715888977,199.4480850622058,199.4480850622058,greedy,0.8777511715888977,0.0,hard_fault_cluster,,False
221,N7869,control1,0.3531898558139801,8.7,5.999999999999999,2.0999999999999996,5.654999999999999,0.3531898558139801,0.13310974836349487,8.1,5.999999999999999,0.0013310974836349488,0.08636391162872314,1.9727694988250732,0.8121797442436218,1.975427269935608,-0.049049392342567444,-0.03725554049015045,-0.060843244194984436,0.13310974836349487,7.8,0.01765155792236328,0.023466192185878754,0.024189062416553497,32273.9375,13886.734375,18387.203125,32276.908203125,13874.53125,18402.376953125,-9.204650268657133e-05,0.0008787612896412611,-0.000825238530524075,-0.009204650268657133,3.8710350394248962,7.8,2.29162560403347,7.8,6.9,6.585,0.8121797442436218,200.2602648064494,200.2602648064494,greedy,0.8121797442436218,0.0,hard_fault_cluster,,False
222,N2333,control1,0.3536747395992279,8.7,5.999999999999999,2.0999999999999996,5.654999999999999,0.3536747395992279,0.14694452285766602,8.1,5.999999999999999,0.0014694452285766602,0.08027529716491699,2.0093441009521484,0.8378176093101501,1.9923431873321533,-0.038505084812641144,-0.021726176142692566,-0.05528399348258972,0.14694452285766602,7.8,0.019878551363945007,0.02702716737985611,0.022669803351163864,32276.62109375,13874.2978515625,18402.32421875,32245.767578125,13853.568359375,18392.19921875,0.0009559090831317008,0.0014940930996090174,0.0005502022686414421,0.09559090831317008,4.144143760204315,7.8,2.5269272923469543,7.8,6.9,6.585,0.8378176093101501,201.09808241575956,201.09808241575956,greedy,0.8378176093101501,0.0,hard_fault_cluster,,False
223,N2628,control1,0.35098740458488464,8.7,5.999999999999999,2.0999999999999996,5.654999999999999,0.35098740458488464,0.15385478734970093,8.1,5.999999999999999,0.0015385478734970092,0.07637327909469604,2.031038522720337,0.8483116626739502,2.0001699924468994,-0.03100080043077469,-0.01151333749294281,-0.05048826336860657,0.15385478734970093,7.8,0.021115697920322418,0.029238589107990265,0.022140081971883774,32245.826171875,13853.54296875,18392.283203125,32216.951171875,13840.3984375,18376.552734375,0.0008954647346399724,0.0009488209034316242,0.0008552754879929125,0.08954647346399724,4.29646310210228,7.8,2.6577931195497513,7.8,6.9,6.585,0.8483116626739502,201.9463940784335,201.9463940784335,greedy,0.8483116626739502,0.0,hard_fault_cluster,,False
224,N514,control1,0.3369291126728058,4.409999999999999,5.999999999999999,-0.9000000000000004,2.8665,0.3369291126728058,0.11864989995956421,-5.16,-2.3999999999999995,0.0011864989995956422,0.07803493738174438,1.9501943588256836,0.8094886541366577,1.8952983617782593,-0.003098629415035248,0.025956884026527405,-0.0321541428565979,0.11864989995956421,-6.54,0.019373759627342224,0.02728857845067978,0.023952670395374298,32212.484375,13833.0234375,18379.4609375,32365.421875,13920.5673828125,18444.85546875,-0.004747771192342043,-0.006328619550913572,-0.003558022202923894,-0.4747771192342043,4.00622022151947,-6.359999999999999,2.4545870274305344,-6.359999999999999,-2.099999999999999,0.47250000000000036,0.8094886541366577,202.75588273257017,202.75588273257017,greedy,0.8094886541366577,0.0,hard_fault_cluster,,False
225,N6742,control1,0.31949687004089355,-6.8100000000000005,-2.3999999999999995,-0.9000000000000004,-4.426500000000001,0.31949687004089355,0.08238740265369415,-6.63,-2.3999999999999995,0.0008238740265369415,0.08083894848823547,1.9504055976867676,0.8188072443008423,1.9602811336517334,-0.041465677320957184,-0.04235906898975372,-0.040572285652160645,0.08238740265369415,-7.8,0.018299873918294907,0.027646780014038086,0.023385174572467804,32369.958984375,13927.451171875,18442.5078125,32385.509765625,13932.470703125,18453.0390625,-0.0004804078198503703,-0.00036040559643879533,-0.0005710313562303782,-0.04804078198503703,3.8627803921699524,-7.8,2.338185641914606,-7.8,-6.9,-2.3850000000000007,0.8188072443008423,203.574689976871,203.574689976871,greedy,0.8188072443008423,0.0,hard_fault_cluster,,False
226,N2338,control1,0.3563674986362457,-6.8100000000000005,-2.3999999999999995,-0.9000000000000004,-4.426500000000001,0.3563674986362457,0.10016649961471558,-6.63,-2.3999999999999995,0.0010016649961471558,0.07864555716514587,1.951144814491272,0.8340802788734436,2.021806001663208,-0.0365869402885437,-0.03502906858921051,-0.03814481198787689,0.10016649961471558,-7.8,0.013918410986661911,0.03139109909534454,0.02502800151705742,32385.798828125,13933.013671875,18452.78515625,32387.658203125,13941.08203125,18446.576171875,-5.741328277508728e-05,-0.0005790821160189807,0.0003364795120432973,-0.005741328277508728,3.4431524127721786,-7.8,1.904668927192688,-7.8,-6.9,-2.3850000000000007,0.8340802788734436,204.40877025574446,204.40877025574446,greedy,0.8340802788734436,0.0,hard_fault_cluster,,False
227,N6598,control1,0.3632945120334625,-6.8100000000000005,-5.999999999999999,-0.9000000000000004,-4.426500000000001,0.3632945120334625,0.09320217370986938,-6.63,-5.999999999999999,0.0009320217370986938,0.08050903677940369,1.9309492111206055,0.8268457651138306,2.016944408416748,-0.037722475826740265,-0.038426145911216736,-0.037018805742263794,0.09320217370986938,-7.8,0.014633771032094955,0.03351828455924988,0.0266793854534626,32387.265625,13940.3310546875,18446.93359375,32382.92578125,13945.7216796875,18437.205078125,0.0001339984592050314,-0.00038669275818392634,0.0005273784627206624,0.01339984592050314,3.4875284880399704,-7.8,1.9694149494171143,-7.8,-6.9,-5.535,0.8268457651138306,205.2356160208583,205.2356160208583,greedy,0.8268457651138306,0.0,hard_fault_cluster,,False
228,N8604,control1,0.26899346709251404,-6.8100000000000005,-5.999999999999999,-0.9000000000000004,-4.426500000000001,0.26899346709251404,0.07122480869293213,-6.63,-5.999999999999999,0.0007122480869293213,0.09544077515602112,1.9432488679885864,0.8330992460250854,2.14083194732666,-0.07246270030736923,-0.02856864035129547,-0.116356760263443,0.07122480869293213,-7.8,-0.0019669756293296814,0.00633084774017334,0.010826025158166885,32383.294921875,13946.552734375,18436.7421875,32354.46484375,13934.671875,18419.79296875,0.0008902762201614678,0.0008518850081600249,0.0009193174191750586,0.08902762201614678,1.8177761137485504,-7.8,0.3069208562374115,-7.8,-6.9,-6.0600000000000005,0.8330992460250854,206.06871526688337,206.06871526688337,greedy,0.8330992460250854,0.0,hard_fault_cluster,,False
229,N7679,observe,0.4030793309211731,-6.2700000000000005,-4.14531754553318,-0.30000000000000027,-4.075500000000001,0.4030793309211731,0.18201711773872375,-6.0,-4.118122386932372,0.0018201711773872375,0.07797777652740479,1.969775676727295,0.7549430131912231,2.01633358001709,-0.038645051419734955,0.014301672577857971,-0.09159177541732788,0.18201711773872375,-7.26,0.012612394988536835,0.028253823518753052,0.025867756456136703,32355.01171875,13934.6689453125,18420.34375,32591.01953125,14026.716796875,18564.302734375,-0.007294320035725832,-0.006605671718716621,-0.007815216667950153,-0.7294320035725832,3.413032293319702,3.6000000000000005,1.7991876974701881,3.6000000000000005,-5.4,-3.396402688324452,0.7549430131912231,206.8236582800746,206.8236582800746,greedy,0.7549430131912231,0.0,hard_fault_cluster,,False
230,N6599,control1,0.5040909051895142,-6.8100000000000005,-2.3999999999999995,-0.9000000000000004,-4.426500000000001,0.5040909051895142,0.25855937600135803,-6.63,-2.3999999999999995,0.0025855937600135805,0.09865427017211914,1.6826138496398926,0.8100019097328186,1.9541815519332886,-0.058336906135082245,-0.060642167925834656,-0.056031644344329834,0.25855937600135803,-7.8,0.011104468256235123,0.0463281124830246,0.03330971673130989,32590.71875,14026.380859375,18564.337890625,32535.283203125,14003.814453125,18531.46875,0.0017009611474350095,0.001608854508958757,0.0017705528298392892,0.17009611474350095,3.051620051264763,-7.8,1.595740132033825,-7.8,-6.9,-2.3850000000000007,0.8100019097328186,207.63366018980742,207.63366018980742,greedy,0.8100019097328186,0.0,hard_fault_cluster,,False
231,N6671,control1,0.548648476600647,8.040000000000001,5.999999999999999,1.68,5.226000000000001,0.548648476600647,0.30918893218040466,7.199999999999999,5.999999999999999,0.0030918893218040465,0.09432899951934814,1.7411611080169678,0.8804340362548828,2.0734658241271973,-0.018128834664821625,-0.03218339383602142,-0.004074275493621826,0.30918893218040466,6.989999999999999,0.018051594495773315,0.057829491794109344,0.03825288265943527,32535.20703125,14003.83203125,18531.375,32538.646484375,14015.484375,18523.162109375,-0.0001057148037943989,-0.0008320825290866196,0.00044318841537460685,-0.01057148037943989,3.855509489774704,7.199999999999999,2.3177469596266747,7.199999999999999,5.4,5.609999999999999,0.8804340362548828,208.5140942260623,208.5140942260623,greedy,0.8804340362548828,0.0,hard_fault_cluster,,False
232,N8229,control1,0.5228310227394104,-4.38,-2.3999999999999995,1.2599999999999998,-2.847,0.5228310227394104,0.3134753704071045,4.2,5.999999999999999,0.003134753704071045,0.0918780267238617,1.7494616508483887,0.9045091867446899,2.0019657611846924,-0.013932280242443085,0.0029772669076919556,-0.030841827392578125,0.3134753704071045,4.29,0.013514980673789978,0.05105622112751007,0.034789565950632095,32538.609375,14015.6953125,18522.9140625,32491.818359375,14005.0703125,18486.748046875,0.0014380152570083737,0.0007580787059850991,0.0019525013631209731,0.14380152570083737,3.414435088634491,-6.54,1.867232322692871,-6.54,-2.7000000000000006,0.3449999999999991,0.9045091867446899,209.418603412807,209.418603412807,greedy,0.9045091867446899,0.0,hard_fault_cluster,,False
233,N6416,control1,0.5460080504417419,8.7,5.999999999999999,2.0999999999999996,5.654999999999999,0.5460080504417419,0.3403612971305847,8.1,5.999999999999999,0.0034036129713058473,0.09347346425056458,1.8021310567855835,0.8426411747932434,1.9787856340408325,-0.03216225653886795,-0.017827972769737244,-0.04649654030799866,0.3403612971305847,7.8,0.021754156798124313,0.0640779584646225,0.040715478360652924,32491.7890625,14005.0771484375,18486.7109375,32393.2734375,13938.701171875,18454.572265625,0.0030320161022245884,0.0047394223511219025,0.0017384743550792336,0.30320161022245884,4.3179080337285995,7.8,2.7110387682914734,7.8,6.9,6.585,0.8426411747932434,210.26124458760023,210.26124458760023,greedy,0.8426411747932434,0.0,hard_fault_cluster,,False
234,N1858,control1,0.5550285577774048,8.040000000000001,5.999999999999999,1.68,5.226000000000001,0.5550285577774048,0.35344383120536804,7.199999999999999,5.999999999999999,0.0035344383120536806,0.09123259782791138,1.8101649284362793,0.914656937122345,2.126601457595825,-0.0009974315762519836,-0.014723137021064758,0.012728273868560791,0.35344383120536804,6.989999999999999,0.021249625831842422,0.0667208731174469,0.0419347882270813,32391.7421875,13936.546875,18455.1953125,32423.279296875,13954.8359375,18468.443359375,-0.0009736157371662557,-0.0013123095268383622,-0.000717849179636687,-0.09736157371662557,4.28857134282589,7.199999999999999,2.665864773094654,7.199999999999999,5.4,5.609999999999999,0.914656937122345,211.17590152472258,211.17590152472258,greedy,0.914656937122345,0.0,hard_fault_cluster,,False
235,N4384,control1,0.5452350378036499,8.7,5.999999999999999,2.0999999999999996,5.654999999999999,0.5452350378036499,0.3573831021785736,8.1,5.999999999999999,0.003573831021785736,0.09683004021644592,1.8248114585876465,0.8554267883300781,1.9916876554489136,-0.015779666602611542,-0.0015115588903427124,-0.03004777431488037,0.3573831021785736,7.8,0.02429409697651863,0.07152421772480011,0.04676906764507294,32418.2578125,13947.1552734375,18471.103515625,32328.6875,13897.96484375,18430.72265625,0.002762958873063326,0.0035269148647785187,0.002186163794249296,0.2762958873063326,4.611604258418083,7.8,2.974958337843418,7.8,6.9,6.585,0.8554267883300781,212.03132831305265,212.03132831305265,greedy,0.8554267883300781,0.0,hard_fault_cluster,,False
236,N7394,control1,0.5333081483840942,-3.3,-2.3999999999999995,2.0999999999999996,-2.145,0.5333081483840942,0.3554708659648895,6.0,5.999999999999999,0.003554708659648895,0.09969884157180786,1.8187236785888672,0.8558812737464905,1.9818437099456787,-0.010383404791355133,0.00503869354724884,-0.025805503129959106,0.3554708659648895,5.91,0.024488631635904312,0.07249574363231659,0.047897543758153915,32335.744140625,13908.056640625,18427.6875,32269.4296875,13878.3408203125,18391.087890625,0.0020508095622062683,0.002136590424925089,0.001986120594665408,0.20508095622062683,4.623057708144188,5.879999999999999,2.9924117997288704,5.879999999999999,2.099999999999999,3.464999999999999,0.8558812737464905,212.88720958679914,212.88720958679914,greedy,0.8558812737464905,0.0,hard_fault_cluster,,False
237,N775,control1,0.5441530346870422,8.040000000000001,5.999999999999999,1.68,5.226000000000001,0.5441530346870422,0.3606274127960205,7.199999999999999,5.999999999999999,0.003606274127960205,0.09713810682296753,1.8136078119277954,0.9181495904922485,2.119135618209839,0.013919807970523834,-0.0012720376253128052,0.029111653566360474,0.3606274127960205,6.989999999999999,0.022601217031478882,0.07206407189369202,0.04798687994480133,32268.95703125,13877.4189453125,18391.5390625,32323.830078125,13914.298828125,18409.53125,-0.0017004902474582195,-0.0026575461961328983,-0.0009782861452549696,-0.17004902474582195,4.434356927871704,7.199999999999999,2.803680509328842,7.199999999999999,5.4,5.609999999999999,0.9181495904922485,213.8053591772914,213.8053591772914,greedy,0.9181495904922485,0.0,hard_fault_cluster,,False
238,N7866,control1,0.511553168296814,-8.7,-2.3999999999999995,-2.9999999999999996,-5.654999999999999,0.511553168296814,0.31710201501846313,-8.1,-2.3999999999999995,0.0031710201501846313,0.09026461839675903,1.7556803226470947,0.7912889122962952,1.972110629081726,-0.011263497173786163,-0.005523130297660828,-0.0170038640499115,0.31710201501846313,-7.8,0.016145117580890656,0.06614772975444794,0.04406362771987915,32324.189453125,13914.611328125,18409.578125,32484.619140625,13985.857421875,18498.76171875,-0.004963146522641182,-0.005120235960930586,-0.004844412673264742,-0.4963146522641182,3.6872940957546234,-7.8,2.132707342505455,-7.8,-6.9,-2.6475000000000004,0.7912889122962952,214.5966480895877,214.5966480895877,greedy,0.7912889122962952,0.0,hard_fault_cluster,,False
239,N8784,control1,0.38437458872795105,-8.16,-5.999999999999999,-2.4,-5.304,0.38437458872795105,0.2125374674797058,-7.47,-5.999999999999999,0.0021253746747970583,0.09590712189674377,1.6566334962844849,0.7745127081871033,2.0345022678375244,-0.06621498614549637,-0.02969743311405182,-0.10273253917694092,0.2125374674797058,-7.26,-0.00043204426765441895,0.020628437399864197,0.02645982801914215,32485.0234375,13986.5927734375,18498.4296875,32425.109375,13936.2802734375,18488.828125,0.0018443595618009567,0.0035971947945654392,0.0005190474330447614,0.18443595618009567,1.8259665369987488,-7.35,0.4240883141756058,-7.35,-5.4,-5.085,0.7745127081871033,215.3711607977748,215.3711607977748,greedy,0.7745127081871033,0.0,hard_fault_cluster,,False
240,N7627,observe,0.5621459484100342,8.040000000000001,3.8568281292915336,1.68,5.226000000000001,0.5621459484100342,0.3515250086784363,7.199999999999999,3.7983144164085383,0.003515250086784363,0.08936038613319397,1.7844693660736084,0.7429373860359192,1.9716159105300903,-0.027146346867084503,0.025084778666496277,-0.07937747240066528,0.3515250086784363,6.989999999999999,0.017311833798885345,0.059100911021232605,0.04469075798988342,32425.23046875,13936.2314453125,18489.0,32632.6171875,14026.09765625,18606.51953125,-0.006395844276994467,-0.006448386702686548,-0.006356186233460903,-0.6395844276994467,3.8671777546405792,7.199999999999999,2.2651819735765457,7.199999999999999,5.4,3.195649427622557,0.7429373860359192,216.1140981838107,216.1140981838107,greedy,0.7429373860359192,0.0,hard_fault_cluster,,False
241,N8778,control1,0.38826853036880493,-8.7,-5.999999999999999,-2.9999999999999996,-5.654999999999999,0.38826853036880493,0.25052517652511597,-8.1,-3.3390393733978265,0.0025052517652511598,0.09968626499176025,1.6889805793762207,0.7932092547416687,2.0484910011291504,-0.08074551075696945,-0.03949408233165741,-0.1219969391822815,0.25052517652511597,-7.8,-0.003595024347305298,0.01011524349451065,0.023458115756511688,32632.6328125,14026.19921875,18606.43359375,32579.880859375,13981.349609375,18598.53125,0.0016165398992598057,0.0031975596211850643,0.0004247102770023048,0.16165398992598057,1.5800033211708069,-7.8,0.12537400424480438,-7.8,-6.9,-4.973441077470779,0.7932092547416687,216.90730743855238,216.90730743855238,greedy,0.7932092547416687,0.0,hard_fault_cluster,,False
242,N7555,control1,0.42806991934776306,-6.2700000000000005,-5.5687356948852536,-0.30000000000000027,-4.075500000000001,0.42806991934776306,0.3046230375766754,-6.0,-2.3999999999999995,0.003046230375766754,0.09588125348091125,1.8533086776733398,0.8621875047683716,2.178004264831543,-0.07961537688970566,-0.07694326341152191,-0.0822874903678894,0.3046230375766754,-7.26,-0.006236366927623749,0.016970351338386536,0.0164862722158432,32579.75390625,13981.0634765625,18598.69140625,32478.4765625,13912.3818359375,18566.09375,0.003108597593382001,0.004912476055324078,0.001752685522660613,0.3108597593382001,1.5342950224876404,-7.35,-0.08415376394987106,-7.35,-5.4,-3.4137433242797854,0.8621875047683716,217.76949494332075,217.76949494332075,greedy,0.8621875047683716,0.0,hard_fault_cluster,,False
243,N8228,control1,0.49230483174324036,-4.275846862792969,-2.3999999999999995,1.3410079956054686,-2.77930046081543,0.49230483174324036,0.36259496212005615,4.373588562011719,5.999999999999999,0.0036259496212005613,0.09193941950798035,1.8957303762435913,0.9264375567436218,2.0999691486358643,-0.023493729531764984,-0.003726467490196228,-0.04326099157333374,0.36259496212005615,4.4462297058105476,-0.0014595836400985718,0.02581721544265747,0.020697541534900665,32478.4453125,13912.47265625,18565.97265625,32481.306640625,13951.099609375,18530.20703125,-8.809929568087682e-05,-0.002776426263153553,0.001926407334394753,-0.008809929568087682,2.1123669743537903,-6.453205718994141,0.4186229705810547,-6.453205718994141,-2.237097167968751,0.6458868408203116,0.9264375567436218,218.69593250006437,218.69593250006437,greedy,0.9264375567436218,0.0,hard_fault_cluster,,False
244,N7586,control1,0.5468826293945312,8.7,5.999999999999999,2.0999999999999996,5.654999999999999,0.5468826293945312,0.3859142065048218,8.1,5.999999999999999,0.003859142065048218,0.0918361246585846,1.9592506885528564,0.8835551142692566,2.0842764377593994,-0.04208949953317642,-0.025824174284934998,-0.05835482478141785,0.3859142065048218,7.8,0.010218556970357895,0.046778708696365356,0.029623858630657196,32481.916015625,13951.42578125,18530.490234375,32406.6796875,13891.08984375,18515.58984375,0.0023162527941167355,0.004324714653193951,0.000804101291578263,0.23162527941167355,3.3670205920934677,7.8,1.608146920800209,7.8,6.9,6.585,0.8835551142692566,219.57948761433363,219.57948761433363,greedy,0.8835551142692566,0.0,hard_fault_cluster,,False
245,N2357,control1,0.5287178754806519,-3.3,-2.3999999999999995,2.0999999999999996,-2.145,0.5287178754806519,0.4015558063983917,6.0,5.999999999999999,0.004015558063983917,0.09018251299858093,2.0255539417266846,0.8873205780982971,2.1239125728607178,-0.02223943918943405,0.004156515002250671,-0.048635393381118774,0.4015558063983917,5.91,0.006883352994918823,0.04510987550020218,0.02524036541581154,32406.802734375,13891.447265625,18515.35546875,32295.53515625,13822.517578125,18473.017578125,0.003433463629335165,0.004962023347616196,0.0022866367362439632,0.3433463629335165,3.1154450476169586,5.879999999999999,1.2951127365231514,5.879999999999999,2.099999999999999,3.464999999999999,0.8873205780982971,220.46680819243193,220.46680819243193,greedy,0.8873205780982971,0.0,hard_fault_cluster,,False
246,N6338,control1,0.5487624406814575,8.7,5.999999999999999,2.0999999999999996,5.654999999999999,0.5487624406814575,0.40501463413238525,8.1,5.999999999999999,0.004050146341323852,0.09285637736320496,2.032301187515259,0.919526219367981,2.136033535003662,-0.022896192967891693,-0.0034283846616744995,-0.04236400127410889,0.40501463413238525,7.8,0.01295727863907814,0.053792804479599,0.03210578113794327,32295.00390625,13821.9384765625,18473.064453125,32265.78515625,13808.0224609375,18457.763671875,0.000904745189473033,0.0010068063857033849,0.0008282752241939306,0.0904745189473033,3.733043685555458,7.8,1.905056819319725,7.8,6.9,6.585,0.919526219367981,221.3863344117999,221.3863344117999,greedy,0.919526219367981,0.0,hard_fault_cluster,,False
247,N7868,control1,0.5377829670906067,-3.8682177829742432,-2.3999999999999995,1.6580528354644772,-2.5143415589332583,0.5377829670906067,0.39463409781455994,5.052970361709595,5.999999999999999,0.0039463409781456,0.089387446641922,2.017709255218506,0.8966602683067322,2.1691784858703613,-0.01678282767534256,0.009791448712348938,-0.04335710406303406,0.39463409781455994,5.0576733255386355,0.007634289562702179,0.048667892813682556,0.026929683983325958,32265.6328125,13807.421875,18458.2109375,32364.52734375,13889.080078125,18475.447265625,-0.003065011464059353,-0.005914080422371626,-0.0009338027448393404,-0.3065011464059353,3.1757723093032837,5.248646907806396,1.3665147945284843,5.248646907806396,-0.4254123687744148,1.82348196029663,0.8966602683067322,222.28299468010664,222.28299468010664,greedy,0.8966602683067322,0.0,hard_fault_cluster,,False
248,N2370,control1,0.5559139251708984,-0.21637046813964855,0.5145406723022461,1.2599999999999998,-0.14064080429077155,0.5559139251708984,0.4084028899669647,4.928635168075561,5.999999999999999,0.004084028899669647,0.08754444122314453,2.0534915924072266,0.9093313217163086,2.215981960296631,-0.0127311572432518,0.012045875191688538,-0.03750818967819214,0.4084028899669647,4.945771651268005,0.007805272936820984,0.05049548298120499,0.028219152241945267,32363.74609375,13888.2958984375,18475.451171875,32402.302734375,13920.533203125,18481.76953125,-0.0011913528433069587,-0.002321185078471899,-0.00034198674256913364,-0.11913528433069587,3.2424217760562897,5.346180725097656,1.3960009142756462,5.346180725097656,-0.41000375747680706,1.833497557640075,0.9093313217163086,223.19232600182295,223.19232600182295,greedy,0.9093313217163086,0.0,hard_fault_cluster,,False
249,N522,control1,0.5697863698005676,2.76,5.999999999999999,-2.4,1.7939999999999998,0.5697863698005676,0.3540060818195343,-6.0,-2.3999999999999995,0.003540060818195343,0.08843231201171875,1.9386354684829712,0.8936946392059326,2.057222604751587,0.024066485464572906,0.04565705358982086,0.002475917339324951,0.3540060818195343,-6.0,0.012125004082918167,0.05369596183300018,0.03617396950721741,32403.203125,13921.5146484375,18481.689453125,32496.16015625,13968.884765625,18527.275390625,-0.002868760609999299,-0.003402655478566885,-0.002466545905917883,-0.2868760609999299,3.505141958594322,5.52,1.785660795867443,5.52,0.3000000000000007,2.295,0.8936946392059326,224.08602064102888,224.08602064102888,greedy,0.8936946392059326,0.0,hard_fault_cluster,,False
250,N7502,control1,0.5634671449661255,-8.16,-2.3999999999999995,-2.4,-5.304,0.5634671449661255,0.30398306250572205,-7.47,-2.3999999999999995,0.0030398306250572203,0.09330755472183228,1.840755581855774,0.8582427501678467,1.9908760786056519,0.018626771867275238,0.03839536011219025,-0.0011418163776397705,0.30398306250572205,-7.26,0.013719756156206131,0.05406881123781204,0.0425635427236557,32496.421875,13969.240234375,18527.181640625,32572.45703125,14035.095703125,18537.361328125,-0.0023398008197546005,-0.004714319948107004,-0.0005494460929185152,-0.23398008197546005,3.516714259982109,3.6000000000000005,1.908160276710987,3.6000000000000005,-5.4,-1.4100000000000006,0.8582427501678467,224.94426339119673,224.94426339119673,greedy,0.8582427501678467,0.0,hard_fault_cluster,,False
251,N3660,control1,0.5645085573196411,8.7,5.999999999999999,2.0999999999999996,5.654999999999999,0.5645085573196411,0.322447806596756,8.1,5.999999999999999,0.0032244780659675598,0.09940409660339355,1.89633309841156,0.8561549186706543,2.0421276092529297,-0.01281759887933731,0.004705026745796204,-0.030340224504470825,0.322447806596756,7.8,0.020016614347696304,0.06310291588306427,0.04685577005147934,32573.07421875,14035.642578125,18537.431640625,32467.5625,14002.236328125,18465.326171875,0.0032392311841249466,0.002380101243034005,0.0038897227495908737,0.32392311841249466,4.2204423397779465,7.8,2.5563566610217094,7.8,6.9,6.585,0.8561549186706543,225.80041830986738,225.80041830986738,greedy,0.8561549186706543,0.0,hard_fault_cluster,,False
252,N1684,control1,0.5520821809768677,2.76,5.999999999999999,-2.4,1.7939999999999998,0.5520821809768677,0.27378609776496887,-6.0,-2.3999999999999995,0.0027378609776496886,0.09764647483825684,1.7718462944030762,0.8387448191642761,1.941792368888855,0.019959501922130585,0.04036934673786163,-0.00045034289360046387,0.27378609776496887,-6.0,0.018219470977783203,0.05983324348926544,0.048872120678424835,32452.07421875,13982.05078125,18470.0234375,32567.6875,14055.9814453125,18511.70703125,-0.0035625852178782225,-0.00528754061087966,-0.002256824169307947,-0.35625852178782225,3.8675794899463654,5.52,2.3333551958203316,5.52,0.3000000000000007,2.295,0.8387448191642761,226.63916312903166,226.63916312903166,greedy,0.8387448191642761,0.0,hard_fault_cluster,,False
253,N2626,control1,0.5500637292861938,8.7,5.999999999999999,2.0999999999999996,5.654999999999999,0.5500637292861938,0.29735103249549866,8.1,5.999999999999999,0.0029735103249549865,0.10328307747840881,1.826339840888977,0.8326509594917297,1.9875428676605225,-0.009454168379306793,0.009975627064704895,-0.02888396382331848,0.29735103249549866,7.8,0.02251673862338066,0.06661900877952576,0.051644861698150635,32583.45703125,14076.09765625,18507.359375,32478.58203125,14036.7841796875,18441.796875,0.0032186578027904034,0.0027929244097322226,0.003542509628459811,0.32186578027904034,4.375364735722542,7.8,2.782596580684185,7.8,6.9,6.585,0.8326509594917297,227.4718140885234,227.4718140885234,greedy,0.8326509594917297,0.0,hard_fault_cluster,,False
254,N8777,control1,0.3883914649486542,-8.16,-5.999999999999999,-2.4,-5.304,0.3883914649486542,0.19790485501289368,-7.47,-5.999999999999999,0.001979048550128937,0.10255661606788635,1.7214692831039429,0.7990205883979797,2.0841422080993652,-0.06927097588777542,-0.03292195498943329,-0.10561999678611755,0.19790485501289368,-7.26,-0.0017323121428489685,0.01700112223625183,0.024434983730316162,32478.78125,14036.9794921875,18441.80078125,32444.61328125,13962.8955078125,18481.71875,0.0010520089417696,0.005277772434055805,-0.00216453755274415,0.10520089417695999,1.7461429238319397,-7.35,0.3066123202443123,-7.35,-5.4,-5.085,0.7990205883979797,228.27083467692137,228.27083467692137,greedy,0.7990205883979797,0.0,hard_fault_cluster,,False
255,N1608,control1,0.4970526695251465,-6.8100000000000005,-2.3999999999999995,-0.9000000000000004,-4.426500000000001,0.4970526695251465,0.28187623620033264,-6.63,-2.3999999999999995,0.0028187623620033265,0.0957135558128357,1.8083150386810303,0.8908819556236267,2.0445985794067383,-0.008575402200222015,0.010294243693351746,-0.027445048093795776,0.28187623620033264,-7.8,0.005215521901845932,0.03336016833782196,0.030158311128616333,32444.12109375,13962.3955078125,18481.724609375,32481.23828125,14016.2001953125,18465.0390625,-0.0011440343223512173,-0.0038535427302122116,0.000902813277207315,-0.11440343223512173,2.611743465065956,-7.8,1.044100008904934,-7.8,-6.9,-2.5396364977955823,0.8908819556236267,229.161716632545,229.161716632545,greedy,0.8908819556236267,0.0,hard_fault_cluster,,False
256,N8227,control1,0.5154370069503784,-4.38,-2.3999999999999995,1.2599999999999998,-2.847,0.5154370069503784,0.3139350116252899,4.2,5.999999999999999,0.003139350116252899,0.09227874875068665,1.8580676317214966,0.9108061790466309,2.0724105834960938,-0.007349021732807159,0.01199360191822052,-0.02669164538383484,0.3139350116252899,4.29,0.004507582634687424,0.035479649901390076,0.02953363209962845,32481.615234375,14016.513671875,18465.1015625,32473.34765625,14012.533203125,18460.814453125,0.00025453101261518896,0.00028398423455655575,0.00023217361012939364,0.025453101261518896,2.622760906815529,-6.54,0.993758924305439,-6.54,-2.7000000000000006,-0.12046010673046181,0.9108061790466309,230.07252281159163,230.07252281159163,greedy,0.9108061790466309,0.0,hard_fault_cluster,,False
257,N901,control1,0.5675544142723083,8.040000000000001,5.999999999999999,1.68,5.226000000000001,0.5675544142723083,0.34434089064598083,7.199999999999999,5.999999999999999,0.0034434089064598085,0.09168148040771484,1.9257631301879883,0.9261400699615479,2.2092912197113037,-0.004715137183666229,-0.016038045287132263,0.006607770919799805,0.34434089064598083,6.989999999999999,0.01070612296462059,0.05046679079532623,0.03507866710424423,32473.685546875,14012.541015625,18461.14453125,32494.845703125,14000.27734375,18494.568359375,-0.0006516093271784484,0.0008751925779506564,-0.001810495974496007,-0.06516093271784484,3.340716317296028,7.199999999999999,1.6381383016705513,7.199999999999999,5.4,5.609999999999999,0.9261400699615479,230.99866288155317,230.99866288155317,greedy,0.9261400699615479,0.0,hard_fault_cluster,,False
258,N632,control1,0.5128118991851807,-6.8100000000000005,-2.3999999999999995,-0.9000000000000004,-4.426500000000001,0.5128118991851807,0.3018828332424164,-6.63,-2.3999999999999995,0.003018828332424164,0.08648651838302612,1.8777055740356445,0.8039727210998535,2.074349880218506,-0.023189328610897064,-0.016049310564994812,-0.030329346656799316,0.3018828332424164,-7.8,0.0059623681008815765,0.04711450636386871,0.03189430758357048,32491.5,13995.888671875,18495.611328125,32661.52734375,14055.2646484375,18606.26171875,-0.005232979077845812,-0.004242387134581804,-0.005982521455734968,-0.5232979077845812,2.7758252173662186,-7.8,1.1411339119076729,-7.8,-6.9,-2.7894213786721234,0.8039727210998535,231.80263560265303,231.80263560265303,greedy,0.8039727210998535,0.0,hard_fault_cluster,,False
259,N2324,control1,0.560490608215332,8.7,5.999999999999999,2.0999999999999996,5.654999999999999,0.560490608215332,0.3400302231311798,8.1,5.999999999999999,0.0034003022313117983,0.09631422162055969,1.9204316139221191,0.8629058003425598,2.0587706565856934,-0.012011252343654633,0.0051237791776657104,-0.029146283864974976,0.3400302231311798,7.8,0.019262276589870453,0.06344608962535858,0.045238569378852844,32664.875,14059.9365234375,18604.939453125,32529.06640625,14014.431640625,18514.634765625,0.004157633986324072,0.0032364928629249334,0.004853801801800728,0.4157633986324072,4.186689496040344,7.8,2.49134311825037,7.8,6.9,6.585,0.8629058003425598,232.6655414029956,232.6655414029956,greedy,0.8629058003425598,0.0,hard_fault_cluster,,False
260,N2320,control1,0.5461381077766418,8.7,5.999999999999999,2.0999999999999996,5.654999999999999,0.5461381077766418,0.33736544847488403,8.1,5.999999999999999,0.0033736544847488403,0.10004159808158875,1.9065128564834595,0.8656852841377258,2.0481948852539062,-0.00838422030210495,0.011551722884178162,-0.02832016348838806,0.33736544847488403,7.8,0.02074272930622101,0.06566743552684784,0.0470040924847126,32529.203125,14014.5546875,18514.6484375,32437.35546875,13975.03515625,18462.3203125,0.002823544666171074,0.002819892019033432,0.00282630929723382,0.2823544666171074,4.318151235580444,7.8,2.6352425068616867,7.8,6.9,6.585,0.8656852841377258,233.5312266871333,233.5312266871333,greedy,0.8656852841377258,0.0,hard_fault_cluster,,False
261,N2376,control1,0.512214183807373,-6.8100000000000005,-2.3999999999999995,-0.9000000000000004,-4.426500000000001,0.512214183807373,0.29812315106391907,-6.63,-2.3999999999999995,0.0029812315106391906,0.0920412540435791,1.8348548412322998,0.8078629970550537,2.0387072563171387,-0.008310265839099884,0.0037398487329483032,-0.02036038041114807,0.29812315106391907,-7.8,0.011797003448009491,0.05793085694313049,0.04135095328092575,32435.857421875,13972.708984375,18463.1484375,32587.986328125,14034.453125,18553.533203125,-0.0046901460736989975,-0.004418910015374422,-0.004895414691418409,-0.46901460736989975,3.312678337097168,-7.8,1.7129448428750038,-7.8,-6.9,-2.91,0.8078629970550537,234.33908968418837,234.33908968418837,greedy,0.8078629970550537,0.0,hard_fault_cluster,,False
262,N8599,control1,0.4358379542827606,-8.16,-5.999999999999999,-2.4,-5.304,0.4358379542827606,0.2554156184196472,-7.47,-2.845195341110229,0.002554156184196472,0.09529763460159302,1.794813871383667,0.8404596447944641,2.1386170387268066,-0.05640877038240433,-0.019274190068244934,-0.09354335069656372,0.2554156184196472,-7.26,0.0012537017464637756,0.0248497873544693,0.02740822732448578,32589.44140625,14036.5849609375,18552.85546875,32520.58984375,13967.2333984375,18553.357421875,0.0021126954816281796,0.004940771963447332,-2.7055302780354396e-05,0.21126954816281796,2.1755996644496918,-7.35,0.6379275470972061,-7.35,-5.4,-3.796788097620011,0.8404596447944641,235.17954932898283,235.17954932898283,greedy,0.8404596447944641,0.0,hard_fault_cluster,,False
263,N1699,control1,0.5272036790847778,-7.62,-2.3999999999999995,-1.7999999999999998,-4.953,0.5272036790847778,0.2792990207672119,-6.84,-2.3999999999999995,0.002792990207672119,0.09231838583946228,1.7851834297180176,0.9070332646369934,2.157884359359741,-0.03713933378458023,-0.03682844340801239,-0.03745022416114807,0.2792990207672119,-6.72,0.013299450278282166,0.04696013033390045,0.03942148759961128,32520.783203125,13967.208984375,18553.57421875,32412.859375,13941.68359375,18471.17578125,0.003318611066788435,0.0018275226466357708,0.004441108554601669,0.3318611066788435,3.394427478313446,4.199999999999999,1.846065640449524,4.199999999999999,-3.9,-0.4350000000000005,0.9070332646369934,236.08658259361982,236.08658259361982,greedy,0.9070332646369934,0.0,hard_fault_cluster,,False
264,N8231,control1,0.509438157081604,-4.38,-2.3999999999999995,1.2599999999999998,-2.847,0.509438157081604,0.2896151542663574,4.2,5.999999999999999,0.0028961515426635743,0.09113943576812744,1.80525541305542,0.8849026560783386,2.02022123336792,0.0008540526032447815,0.016766592860221863,-0.0150584876537323,0.2896151542663574,4.29,0.007215294986963272,0.03930634260177612,0.03439997136592865,32412.501953125,13941.55859375,18470.943359375,32473.568359375,13988.56640625,18485.001953125,-0.001884038676507771,-0.003371776081621647,-0.0007611194159835577,-0.1884038676507771,2.8164000660181046,-6.54,1.2452471405267715,-6.54,-2.7000000000000006,0.3449999999999991,0.8849026560783386,236.97148524969816,236.97148524969816,greedy,0.8849026560783386,0.0,hard_fault_cluster,,False
265,N903,control1,0.5377050638198853,2.76,5.999999999999999,-2.4,1.7939999999999998,0.5377050638198853,0.28106626868247986,-6.0,-2.3999999999999995,0.0028106626868247987,0.08977833390235901,1.7745615243911743,0.8141207098960876,1.950502872467041,0.006732754409313202,0.02088262140750885,-0.007417112588882446,0.28106626868247986,-6.0,0.011198610067367554,0.04898316413164139,0.03951167315244675,32473.384765625,13987.916015625,18485.46875,32582.640625,14033.4228515625,18549.21875,-0.0033644740469753742,-0.003253296250477433,-0.0034486546646803617,-0.3364474046975374,3.1754887998104095,5.52,1.633767955005169,5.52,0.3000000000000007,2.295,0.8141207098960876,237.78560595959425,237.78560595959425,greedy,0.8141207098960876,0.0,hard_fault_cluster,,False
266,N777,control1,0.5378673076629639,2.76,5.999999999999999,-2.4,1.7939999999999998,0.5378673076629639,0.25894179940223694,-6.0,-2.3999999999999995,0.0025894179940223693,0.09194701910018921,1.732411503791809,0.8020532131195068,1.9136415719985962,0.00765632838010788,0.023350611329078674,-0.008037954568862915,0.25894179940223694,-6.0,0.013482999056577682,0.05257435142993927,0.04440920427441597,32582.78515625,14033.6396484375,18549.14453125,32655.8671875,14082.3486328125,18573.517578125,-0.0022429644595831633,-0.0034708732273429632,-0.0013139714719727635,-0.22429644595831633,3.3396532088518143,5.52,1.8461382314562798,5.52,0.3000000000000007,2.295,0.8020532131195068,238.58765917271376,238.58765917271376,greedy,0.8020532131195068,0.0,hard_fault_cluster,,False
267,N8230,control1,0.5247372984886169,-4.38,-2.3999999999999995,1.2599999999999998,-2.847,0.5247372984886169,0.28074032068252563,4.2,5.999999999999999,0.0028074032068252566,0.08910998702049255,1.774341344833374,0.8726603984832764,2.009514331817627,0.00334920734167099,0.020299479365348816,-0.013601064682006836,0.28074032068252563,4.29,0.009698960930109024,0.04781803488731384,0.039362069219350815,32656.232421875,14082.900390625,18573.33203125,32642.66015625,14100.6865234375,18541.97265625,0.00041561026591807604,-0.001262959442101419,0.0016884086653590202,0.041561026591807604,3.024977758526802,-6.54,1.4836665093898773,-6.54,-2.7000000000000006,0.3449999999999991,0.8726603984832764,239.46031957119703,239.46031957119703,greedy,0.8726603984832764,0.0,hard_fault_cluster,,False
268,N508,control1,0.5822792053222656,8.040000000000001,5.999999999999999,1.68,5.226000000000001,0.5822792053222656,0.34009963274002075,7.199999999999999,5.999999999999999,0.0034009963274002075,0.08318406343460083,1.8613991737365723,0.8594154715538025,2.0625970363616943,-0.034384943544864655,-0.04148717224597931,-0.02728271484375,0.34009963274002075,6.989999999999999,0.018091894686222076,0.062447547912597656,0.04363768547773361,32642.603515625,14096.66015625,18545.943359375,32648.6875,14088.744140625,18559.943359375,-0.00018638171604834497,0.0005615525878965855,-0.0007548820576630533,-0.018638171604834497,4.010688275098801,7.199999999999999,2.359564170241356,7.199999999999999,5.4,5.609999999999999,0.8594154715538025,240.31973504275084,240.31973504275084,greedy,0.8594154715538025,0.0,hard_fault_cluster,,False
269,N3621,control1,0.5661832690238953,1.0302939021587374,3.4007637739181513,-0.9343917727470397,0.6696910364031793,0.5661832690238953,0.3074032962322235,-2.0137613278627398,0.2630569458007812,0.003074032962322235,0.08645814657211304,1.7897120714187622,0.9282515048980713,2.158069133758545,-0.02341366559267044,-0.01946716010570526,-0.02736017107963562,0.3074032962322235,-1.6460598266124726,0.020675454288721085,0.06296685338020325,0.04864787682890892,32649.33203125,14092.8896484375,18556.443359375,32501.1015625,14022.1728515625,18478.9296875,0.004540076479315758,0.0050179059617221355,0.004177183844149113,0.4540076479315758,4.164660796523094,6.0585002517700195,2.591824270784855,6.0585002517700195,1.9892714381217957,3.393026434779167,0.9282515048980713,241.2479865476489,241.2479865476489,greedy,0.9282515048980713,0.0,hard_fault_cluster,,False
270,N8780,control1,0.42415526509284973,-8.277924704700709,-5.999999999999999,-2.531027449667454,-5.380651058055461,0.42415526509284973,0.22273623943328857,-7.661620538011193,-3.2478496313095087,0.002227362394332886,0.09475243091583252,1.7254866361618042,0.79513019323349,2.0619256496429443,-0.06329158693552017,-0.028440609574317932,-0.09814256429672241,0.22273623943328857,-7.51688911691308,0.00018399953842163086,0.019560396671295166,0.02814575284719467,32501.171875,14022.35546875,18478.81640625,32536.04296875,13996.1796875,18539.86328125,-0.001072918064892292,0.0018667178228497505,-0.003303613979369402,-0.1072918064892292,1.9666228294372559,-7.564074264094233,0.5054556727409363,-7.564074264094233,-6.113580880314112,-4.425032838322223,0.79513019323349,242.0431167408824,242.0431167408824,greedy,0.79513019323349,0.0,hard_fault_cluster,,False
271,N3641,control1,0.32415348291397095,-6.891242335438728,-5.999999999999999,-0.9902692615985871,-4.479307518035173,0.32415348291397095,0.1932203769683838,-6.483188483119011,-5.999999999999999,0.0019322037696838379,0.09025916457176208,1.7894870042800903,0.7797678112983704,2.1291677951812744,-0.08212775737047195,-0.07728497684001923,-0.08697053790092468,0.1932203769683838,-7.26,-0.009761296212673187,0.007050804793834686,0.012239240109920502,32536.3828125,13996.1572265625,18540.224609375,32487.4375,13939.6015625,18547.8359375,0.0015043255407363176,0.00404079956933856,-0.0004105305124539882,0.15043255407363176,1.0065777599811554,-7.35,-0.4804527759552002,-7.35,-5.4,-5.085,0.7797678112983704,242.82288455218077,242.82288455218077,greedy,0.7797678112983704,0.0,hard_fault_cluster,,False
272,N3593,control1,0.5062602162361145,8.007094235420228,5.999999999999999,1.6590599679946896,5.204611253023148,0.5062602162361145,0.30905911326408386,7.1551285028457645,5.999999999999999,0.0030905911326408386,0.08684253692626953,1.920525074005127,0.8114997744560242,2.0989596843719482,-0.034832991659641266,-0.013256952166557312,-0.05640903115272522,0.30905911326408386,6.949615652561187,0.002137906849384308,0.03680192679166794,0.023911219090223312,32485.490234375,13937.62890625,18547.861328125,32557.46875,13992.337890625,18565.130859375,-0.002215712796896696,-0.003925271797925234,-0.000931079383008182,-0.2215712796896696,2.4433748722076416,7.170085668563843,0.7711867317557335,7.170085668563843,5.325214171409607,5.561389211416245,0.8114997744560242,243.6343843266368,243.6343843266368,greedy,0.8114997744560242,0.0,hard_fault_cluster,,False
273,N1678,control1,0.5313881039619446,3.42,5.999999999999999,-1.7999999999999998,2.223,0.5313881039619446,0.278952956199646,-5.37,-2.3999999999999995,0.00278952956199646,0.09269413352012634,1.8129363059997559,0.9076710343360901,2.1611082553863525,-0.042456261813640594,-0.03804115951061249,-0.0468713641166687,0.278952956199646,-5.46,0.00894000381231308,0.04124356806278229,0.034796342253685,32551.1875,13982.515625,18568.671875,32385.921875,13901.8232421875,18484.09765625,0.005077099893242121,0.005770948715507984,0.004554672632366419,0.5077099893242121,2.98588964343071,6.12,1.4169726967811584,6.12,2.7000000000000006,3.8550000000000004,0.9076710343360901,244.54205536097288,244.54205536097288,greedy,0.9076710343360901,0.0,hard_fault_cluster,,False
274,N2356,control1,0.362913578748703,-6.2700000000000005,-5.999999999999999,-0.30000000000000027,-4.075500000000001,0.362913578748703,0.1974637806415558,-6.0,-5.513320970535277,0.001974637806415558,0.09487557411193848,1.8378372192382812,0.8006905913352966,2.1473145484924316,-0.084007628262043,-0.07938311994075775,-0.08863213658332825,0.1974637806415558,-7.26,-0.00871526449918747,0.012206226587295532,0.013734303414821625,32394.15234375,13913.3720703125,18480.78125,32342.990234375,13860.828125,18482.162109375,0.0015793625498190522,0.0037765069864690304,-7.471867138519883e-05,0.15793625498190522,1.16377454996109,-7.35,-0.3627011999487877,-7.35,-5.4,-4.886272729635239,0.8006905913352966,245.34274595230818,245.34274595230818,greedy,0.8006905913352966,0.0,hard_fault_cluster,,False
275,N5853,control1,0.49882858991622925,8.48364532828331,5.999999999999999,1.962319754362106,5.514369463384153,0.49882858991622925,0.2782289981842041,7.225839710235595,5.388087797164916,0.002782289981842041,0.096120685338974,1.9304192066192627,0.8279213905334473,2.0349619388580322,-0.033216096460819244,-0.01959492266178131,-0.04683727025985718,0.2782289981842041,6.834052879810333,0.006720386445522308,0.040898069739341736,0.02945035696029663,32343.47265625,13861.6240234375,18481.84765625,32279.529296875,13832.673828125,18446.85546875,0.0019770096987485886,0.0020885139238089323,0.0018933273386210203,0.19770096987485886,2.8806868493556976,7.677617559432983,1.2242006957530975,7.677617559432983,6.594043898582459,6.3861285340785985,0.8279213905334473,246.17066734284163,246.17066734284163,greedy,0.8279213905334473,0.0,hard_fault_cluster,,False
276,N8598,control1,0.2985503673553467,-7.657043157219887,-5.999999999999999,-1.8411590635776518,-4.977078052192926,0.2985503673553467,0.22523650527000427,-7.078811344504356,-4.199999999999999,0.0022523650527000428,0.10355645418167114,1.8648791313171387,0.8221555352210999,2.1704063415527344,-0.08567937463521957,-0.04683755338191986,-0.12452119588851929,0.22523650527000427,-7.26,-0.0109170600771904,-0.0031112059950828552,0.009163856506347656,32278.95703125,13832.2802734375,18446.677734375,32223.302734375,13789.91015625,18433.392578125,0.0017241665627807379,0.003063133219256997,0.0007201923290267587,0.1724166562780738,0.998409628868103,-7.35,-0.5691770985722542,-7.35,-5.4,-4.3500000000000005,0.8221555352210999,246.99282287806273,246.99282287806273,greedy,0.8221555352210999,0.0,hard_fault_cluster,,False
277,N8779,control1,0.1631629765033722,-7.5686174100637436,-5.999999999999999,-1.7429082334041597,-4.919601316541433,0.1631629765033722,0.2147720754146576,-7.010035763382912,-2.3999999999999995,0.002147720754146576,0.09984526038169861,1.8836133480072021,0.8022287487983704,2.191662073135376,-0.10028340667486191,-0.06120602786540985,-0.13936078548431396,0.2147720754146576,-7.26,-0.015398778021335602,-0.01986028254032135,-0.0011146068572998047,32223.40234375,13789.962890625,18433.439453125,32194.033203125,13789.439453125,18404.59375,0.000911422714125365,3.795785960392095e-05,0.001564857317134738,0.0911422714125365,0.5585076212882996,-7.35,-1.0152814462780952,-7.35,-5.4,-3.6150000000000007,0.8022287487983704,247.7950516268611,247.7950516268611,greedy,0.8022287487983704,0.0,hard_fault_cluster,,False
278,N2322,control1,0.45206788182258606,8.7,5.999999999999999,2.0999999999999996,5.654999999999999,0.45206788182258606,0.31721749901771545,8.1,5.999999999999999,0.0031721749901771545,0.09748363494873047,2.002728223800659,0.8652428388595581,2.1165904998779297,-0.06203629821538925,-0.046576932072639465,-0.07749566435813904,0.31721749901771545,7.8,-2.6300549507141113e-06,0.027750618755817413,0.013769067823886871,32194.212890625,13789.587890625,18404.625,32212.3359375,13808.421875,18403.9140625,-0.0005629287334159017,-0.0013658120296895504,3.862819721689448e-05,-0.056292873341590166,2.3196827173233032,7.8,0.5797234252095222,7.8,6.9,6.585,0.8652428388595581,248.66029446572065,248.66029446572065,greedy,0.8652428388595581,0.0,hard_fault_cluster,,False
