[typed-five-r3/b22_C] [gmean] 2026-07-21T15:50:23 out_dir=autoresearch/loop-260720-0945/typed_winner_round8_five/b22_C
[typed-five-r3/b22_C] [gmean] 2026-07-21T15:50:23 budgets=iscas99__b22:915
[typed-five-r3/b22_C] [gmean] 2026-07-21T15:50:23 variant_start id=greedy__cumulative__q_typed_reliable_context__bw1__d1__c64__g1p0__candhard_fault_cluster__div0p0__s0
[typed-five-r3/b22_C] [gmean] 2026-07-21T15:50:23 [1/1] plan_start benchmark=iscas99__b22 budget=915 planner=greedy score=q_typed_reliable_context
[typed-five-r3/b22_C] [plan iscas99__b22] [plan] torch_deterministic=true
[typed-five-r3/b22_C] [plan iscas99__b22] [plan] candidate_allowlist=autoresearch/original-netlist-recovery-260712/exact_itc99/b22_C/exact_candidate_nodes.txt nodes=28412
[typed-five-r3/b22_C] [plan iscas99__b22] [plan] latent_norm_clip_ratio=4 latent_norm_limit=30.953114
[typed-five-r3/b22_C] [plan iscas99__b22] [plan] step=1 node=N1180 type=control1 q_typed_reliable_context=2.740055 sequence=2.740055
[typed-five-r3/b22_C] [plan iscas99__b22] [plan] step=2 node=N2076 type=observe q_typed_reliable_context=2.018432 sequence=4.758487
[typed-five-r3/b22_C] [plan iscas99__b22] [plan] step=3 node=N2080 type=observe q_typed_reliable_context=2.392686 sequence=7.151173
[typed-five-r3/b22_C] [plan iscas99__b22] [plan] step=4 node=N2075 type=observe q_typed_reliable_context=1.969061 sequence=9.120234
[typed-five-r3/b22_C] [plan iscas99__b22] [plan] step=5 node=N2078 type=observe q_typed_reliable_context=1.645571 sequence=10.765805
[typed-five-r3/b22_C] [plan iscas99__b22] [plan] step=6 node=N2079 type=observe q_typed_reliable_context=1.472112 sequence=12.237917
[typed-five-r3/b22_C] [plan iscas99__b22] [plan] step=7 node=N2081 type=observe q_typed_reliable_context=1.562866 sequence=13.800783
[typed-five-r3/b22_C] [plan iscas99__b22] [plan] step=8 node=N2077 type=observe q_typed_reliable_context=1.228048 sequence=15.028831
[typed-five-r3/b22_C] [plan iscas99__b22] [plan] step=9 node=N3861 type=control0 q_typed_reliable_context=0.772744 sequence=15.801574
[typed-five-r3/b22_C] [plan iscas99__b22] [plan] step=10 node=N5343 type=control0 q_typed_reliable_context=0.925013 sequence=16.726588
[typed-five-r3/b22_C] [plan iscas99__b22] [plan] step=11 node=N6272 type=control0 q_typed_reliable_context=1.202635 sequence=17.929222
[typed-five-r3/b22_C] [plan iscas99__b22] [plan] step=12 node=N4430 type=control0 q_typed_reliable_context=1.374822 sequence=19.304044
[typed-five-r3/b22_C] [plan iscas99__b22] [plan] step=13 node=N3865 type=control0 q_typed_reliable_context=1.112093 sequence=20.416137
[typed-five-r3/b22_C] [plan iscas99__b22] [plan] step=14 node=N2092 type=observe q_typed_reliable_context=1.254921 sequence=21.671058
[typed-five-r3/b22_C] [plan iscas99__b22] [plan] step=15 node=N3894 type=control0 q_typed_reliable_context=1.368695 sequence=23.039753
[typed-five-r3/b22_C] [plan iscas99__b22] [plan] step=16 node=N3890 type=control0 q_typed_reliable_context=1.486235 sequence=24.525988
[typed-five-r3/b22_C] [plan iscas99__b22] [plan] step=17 node=N3886 type=control0 q_typed_reliable_context=1.442382 sequence=25.968370
[typed-five-r3/b22_C] [plan iscas99__b22] [plan] step=18 node=N3882 type=control0 q_typed_reliable_context=1.710997 sequence=27.679367
[typed-five-r3/b22_C] [plan iscas99__b22] [plan] step=19 node=N3819 type=control0 q_typed_reliable_context=1.649885 sequence=29.329251
[typed-five-r3/b22_C] [plan iscas99__b22] [plan] step=20 node=N1253 type=observe q_typed_reliable_context=1.342008 sequence=30.671260
[typed-five-r3/b22_C] [plan iscas99__b22] [plan] step=21 node=N3898 type=control0 q_typed_reliable_context=1.049238 sequence=31.720497
[typed-five-r3/b22_C] [plan iscas99__b22] [plan] step=22 node=N3849 type=control0 q_typed_reliable_context=1.256088 sequence=32.976585
[typed-five-r3/b22_C] [plan iscas99__b22] [plan] step=23 node=N3853 type=control0 q_typed_reliable_context=1.216756 sequence=34.193341
[typed-five-r3/b22_C] [plan iscas99__b22] [plan] step=24 node=N3736 type=control0 q_typed_reliable_context=1.186596 sequence=35.379937
[typed-five-r3/b22_C] [plan iscas99__b22] [plan] step=25 node=N3739 type=control0 q_typed_reliable_context=1.169072 sequence=36.549009
[typed-five-r3/b22_C] [plan iscas99__b22] [plan] step=26 node=N3857 type=control0 q_typed_reliable_context=1.088578 sequence=37.637587
[typed-five-r3/b22_C] [plan iscas99__b22] [plan] step=27 node=N7064 type=control0 q_typed_reliable_context=1.028018 sequence=38.665605
[typed-five-r3/b22_C] [plan iscas99__b22] [plan] step=28 node=N1169 type=observe q_typed_reliable_context=1.058701 sequence=39.724306
[typed-five-r3/b22_C] [plan iscas99__b22] [plan] step=29 node=N2104 type=observe q_typed_reliable_context=0.856274 sequence=40.580581
[typed-five-r3/b22_C] [plan iscas99__b22] [plan] step=30 node=N6887 type=control0 q_typed_reliable_context=0.976716 sequence=41.557297
[typed-five-r3/b22_C] [plan iscas99__b22] [plan] step=31 node=N2102 type=observe q_typed_reliable_context=0.849392 sequence=42.406689
[typed-five-r3/b22_C] [plan iscas99__b22] [plan] step=32 node=N6907 type=control0 q_typed_reliable_context=1.134530 sequence=43.541219
[typed-five-r3/b22_C] [plan iscas99__b22] [plan] step=33 node=N7010 type=control0 q_typed_reliable_context=1.306755 sequence=44.847975
[typed-five-r3/b22_C] [plan iscas99__b22] [plan] step=34 node=N7025 type=control0 q_typed_reliable_context=1.026027 sequence=45.874002
[typed-five-r3/b22_C] [plan iscas99__b22] [plan] step=35 node=N7028 type=control0 q_typed_reliable_context=1.083111 sequence=46.957113
[typed-five-r3/b22_C] [plan iscas99__b22] [plan] step=36 node=N6964 type=control0 q_typed_reliable_context=1.206189 sequence=48.163303
[typed-five-r3/b22_C] [plan iscas99__b22] [plan] step=37 node=N6967 type=control0 q_typed_reliable_context=1.214280 sequence=49.377583
[typed-five-r3/b22_C] [plan iscas99__b22] [plan] step=38 node=N7022 type=control0 q_typed_reliable_context=1.007449 sequence=50.385031
[typed-five-r3/b22_C] [plan iscas99__b22] [plan] step=39 node=N7031 type=control0 q_typed_reliable_context=1.157997 sequence=51.543028
[typed-five-r3/b22_C] [plan iscas99__b22] [plan] step=40 node=N7037 type=control0 q_typed_reliable_context=1.422374 sequence=52.965402
[typed-five-r3/b22_C] [plan iscas99__b22] [plan] step=41 node=N7040 type=control0 q_typed_reliable_context=1.306200 sequence=54.271601
[typed-five-r3/b22_C] [plan iscas99__b22] [plan] step=42 node=N2101 type=observe q_typed_reliable_context=1.015369 sequence=55.286971
[typed-five-r3/b22_C] [plan iscas99__b22] [plan] step=43 node=N7046 type=control0 q_typed_reliable_context=1.088039 sequence=56.375010
[typed-five-r3/b22_C] [plan iscas99__b22] [plan] step=44 node=N7049 type=control0 q_typed_reliable_context=1.391991 sequence=57.767001
[typed-five-r3/b22_C] [plan iscas99__b22] [plan] step=45 node=N7043 type=control0 q_typed_reliable_context=1.164013 sequence=58.931015
[typed-five-r3/b22_C] [plan iscas99__b22] [plan] step=46 node=N7034 type=control0 q_typed_reliable_context=1.442887 sequence=60.373902
[typed-five-r3/b22_C] [plan iscas99__b22] [plan] step=47 node=N7055 type=control0 q_typed_reliable_context=1.571478 sequence=61.945380
[typed-five-r3/b22_C] [plan iscas99__b22] [plan] step=48 node=N6885 type=control0 q_typed_reliable_context=1.706544 sequence=63.651924
[typed-five-r3/b22_C] [plan iscas99__b22] [plan] step=49 node=N3076 type=control0 q_typed_reliable_context=1.709890 sequence=65.361813
[typed-five-r3/b22_C] [plan iscas99__b22] [plan] step=50 node=N4542 type=control0 q_typed_reliable_context=1.177582 sequence=66.539395
[typed-five-r3/b22_C] [plan iscas99__b22] [plan] step=51 node=N1252 type=observe q_typed_reliable_context=1.056555 sequence=67.595950
[typed-five-r3/b22_C] [plan iscas99__b22] [plan] step=52 node=N2103 type=observe q_typed_reliable_context=0.954395 sequence=68.550345
[typed-five-r3/b22_C] [plan iscas99__b22] [plan] step=53 node=N3715 type=control0 q_typed_reliable_context=0.833484 sequence=69.383829
[typed-five-r3/b22_C] [plan iscas99__b22] [plan] step=54 node=N6969 type=control0 q_typed_reliable_context=0.847726 sequence=70.231555
[typed-five-r3/b22_C] [plan iscas99__b22] [plan] step=55 node=N6973 type=control0 q_typed_reliable_context=2.062583 sequence=72.294138
[typed-five-r3/b22_C] [plan iscas99__b22] [plan] step=56 node=N2100 type=observe q_typed_reliable_context=0.898046 sequence=73.192184
[typed-five-r3/b22_C] [plan iscas99__b22] [plan] step=57 node=N6979 type=control0 q_typed_reliable_context=1.536142 sequence=74.728325
[typed-five-r3/b22_C] [plan iscas99__b22] [plan] step=58 node=N7051 type=control0 q_typed_reliable_context=1.685069 sequence=76.413394
[typed-five-r3/b22_C] [plan iscas99__b22] [plan] step=59 node=N7537 type=control0 q_typed_reliable_context=1.483429 sequence=77.896823
[typed-five-r3/b22_C] [plan iscas99__b22] [plan] step=60 node=N7019 type=control0 q_typed_reliable_context=1.893116 sequence=79.789939
[typed-five-r3/b22_C] [plan iscas99__b22] [plan] step=61 node=N6976 type=control0 q_typed_reliable_context=1.026727 sequence=80.816667
[typed-five-r3/b22_C] [plan iscas99__b22] [plan] step=62 node=N7119 type=control0 q_typed_reliable_context=0.990863 sequence=81.807530
[typed-five-r3/b22_C] [plan iscas99__b22] [plan] step=63 node=N5508 type=control0 q_typed_reliable_context=1.188948 sequence=82.996477
[typed-five-r3/b22_C] [plan iscas99__b22] [plan] step=64 node=N12848 type=control0 q_typed_reliable_context=1.441752 sequence=84.438229
[typed-five-r3/b22_C] [plan iscas99__b22] [plan] step=65 node=N3976 type=control0 q_typed_reliable_context=1.233442 sequence=85.671671
[typed-five-r3/b22_C] [plan iscas99__b22] [plan] step=66 node=N3718 type=control0 q_typed_reliable_context=1.134877 sequence=86.806547
[typed-five-r3/b22_C] [plan iscas99__b22] [plan] step=67 node=N1520 type=control0 q_typed_reliable_context=1.036803 sequence=87.843351
[typed-five-r3/b22_C] [plan iscas99__b22] [plan] step=68 node=N5278 type=observe q_typed_reliable_context=0.972709 sequence=88.816059
[typed-five-r3/b22_C] [plan iscas99__b22] [plan] step=69 node=N12847 type=control0 q_typed_reliable_context=0.775579 sequence=89.591639
[typed-five-r3/b22_C] [plan iscas99__b22] [plan] step=70 node=N18514 type=control0 q_typed_reliable_context=0.807573 sequence=90.399212
[typed-five-r3/b22_C] [plan iscas99__b22] [plan] step=71 node=N4525 type=control0 q_typed_reliable_context=0.734238 sequence=91.133450
[typed-five-r3/b22_C] [plan iscas99__b22] [plan] step=72 node=N1592 type=control0 q_typed_reliable_context=1.004850 sequence=92.138300
[typed-five-r3/b22_C] [plan iscas99__b22] [plan] step=73 node=N3822 type=control0 q_typed_reliable_context=0.822937 sequence=92.961237
[typed-five-r3/b22_C] [plan iscas99__b22] [plan] step=74 node=N7005 type=observe q_typed_reliable_context=0.843395 sequence=93.804632
[typed-five-r3/b22_C] [plan iscas99__b22] [plan] step=75 node=N5564 type=observe q_typed_reliable_context=0.749229 sequence=94.553861
[typed-five-r3/b22_C] [plan iscas99__b22] [plan] step=76 node=N1989 type=control1 q_typed_reliable_context=0.793777 sequence=95.347639
[typed-five-r3/b22_C] [plan iscas99__b22] [plan] step=77 node=N5498 type=control0 q_typed_reliable_context=1.068952 sequence=96.416591
[typed-five-r3/b22_C] [plan iscas99__b22] [plan] step=78 node=N2295 type=control0 q_typed_reliable_context=2.711093 sequence=99.127684
[typed-five-r3/b22_C] [plan iscas99__b22] [plan] step=79 node=N3836 type=observe q_typed_reliable_context=0.973608 sequence=100.101292
[typed-five-r3/b22_C] [plan iscas99__b22] [plan] step=80 node=N7123 type=control0 q_typed_reliable_context=1.067008 sequence=101.168300
[typed-five-r3/b22_C] [plan iscas99__b22] [plan] step=81 node=N3980 type=control0 q_typed_reliable_context=1.225518 sequence=102.393818
[typed-five-r3/b22_C] [plan iscas99__b22] [plan] step=82 node=N3840 type=observe q_typed_reliable_context=1.827974 sequence=104.221792
[typed-five-r3/b22_C] [plan iscas99__b22] [plan] step=83 node=N5216 type=control1 q_typed_reliable_context=1.093005 sequence=105.314797
[typed-five-r3/b22_C] [plan iscas99__b22] [plan] step=84 node=N6996 type=observe q_typed_reliable_context=1.598658 sequence=106.913455
[typed-five-r3/b22_C] [plan iscas99__b22] [plan] step=85 node=N5220 type=control1 q_typed_reliable_context=1.828387 sequence=108.741842
[typed-five-r3/b22_C] [plan iscas99__b22] [plan] step=86 node=N3938 type=control0 q_typed_reliable_context=1.775192 sequence=110.517034
[typed-five-r3/b22_C] [plan iscas99__b22] [plan] step=87 node=N18387 type=control1 q_typed_reliable_context=1.645319 sequence=112.162353
[typed-five-r3/b22_C] [plan iscas99__b22] [plan] step=88 node=N3068 type=control0 q_typed_reliable_context=1.355025 sequence=113.517378
[typed-five-r3/b22_C] [plan iscas99__b22] [plan] step=89 node=N6279 type=control0 q_typed_reliable_context=1.524762 sequence=115.042139
[typed-five-r3/b22_C] [plan iscas99__b22] [plan] step=90 node=N3289 type=control0 q_typed_reliable_context=2.184832 sequence=117.226971
[typed-five-r3/b22_C] [plan iscas99__b22] [plan] step=91 node=N3877 type=control0 q_typed_reliable_context=2.145349 sequence=119.372320
[typed-five-r3/b22_C] [plan iscas99__b22] [plan] step=92 node=N3844 type=observe q_typed_reliable_context=1.664592 sequence=121.036912
[typed-five-r3/b22_C] [plan iscas99__b22] [plan] step=93 node=N1181 type=control1 q_typed_reliable_context=2.267151 sequence=123.304063
[typed-five-r3/b22_C] [plan iscas99__b22] [plan] step=94 node=N8335 type=control1 q_typed_reliable_context=1.033953 sequence=124.338016
[typed-five-r3/b22_C] [plan iscas99__b22] [plan] step=95 node=N5559 type=observe q_typed_reliable_context=0.055349 sequence=124.393364
[typed-five-r3/b22_C] [plan iscas99__b22] [plan] step=96 node=N5000 type=control1 q_typed_reliable_context=4.436682 sequence=128.830046
[typed-five-r3/b22_C] [plan iscas99__b22] [plan] step=97 node=N13039 type=control0 q_typed_reliable_context=0.763557 sequence=129.593603
[typed-five-r3/b22_C] [plan iscas99__b22] [plan] step=98 node=N13043 type=control0 q_typed_reliable_context=1.036642 sequence=130.630245
[typed-five-r3/b22_C] [plan iscas99__b22] [plan] step=99 node=N13045 type=control0 q_typed_reliable_context=1.095278 sequence=131.725523
[typed-five-r3/b22_C] [plan iscas99__b22] [plan] step=100 node=N19350 type=control0 q_typed_reliable_context=1.371362 sequence=133.096885
[typed-five-r3/b22_C] [plan iscas99__b22] [plan] step=101 node=N8333 type=control1 q_typed_reliable_context=2.028020 sequence=135.124905
[typed-five-r3/b22_C] [plan iscas99__b22] [plan] step=102 node=N7008 type=observe q_typed_reliable_context=0.821641 sequence=135.946546
[typed-five-r3/b22_C] [plan iscas99__b22] [plan] step=103 node=N6999 type=observe q_typed_reliable_context=1.511952 sequence=137.458498
[typed-five-r3/b22_C] [plan iscas99__b22] [plan] step=104 node=N19276 type=control0 q_typed_reliable_context=2.507891 sequence=139.966388
[typed-five-r3/b22_C] [plan iscas99__b22] [plan] step=105 node=N3848 type=observe q_typed_reliable_context=3.704261 sequence=143.670649
[typed-five-r3/b22_C] [plan iscas99__b22] [plan] step=106 node=N19255 type=control0 q_typed_reliable_context=4.011622 sequence=147.682271
[typed-five-r3/b22_C] [plan iscas99__b22] [plan] step=107 node=N19352 type=control0 q_typed_reliable_context=1.447219 sequence=149.129490
[typed-five-r3/b22_C] [plan iscas99__b22] [plan] step=108 node=N2297 type=control1 q_typed_reliable_context=1.939042 sequence=151.068533
[typed-five-r3/b22_C] [plan iscas99__b22] [plan] step=109 node=N5925 type=observe q_typed_reliable_context=1.897266 sequence=152.965799
[typed-five-r3/b22_C] [plan iscas99__b22] [plan] step=110 node=N5944 type=observe q_typed_reliable_context=0.997153 sequence=153.962952
[typed-five-r3/b22_C] [plan iscas99__b22] [plan] step=111 node=N5963 type=observe q_typed_reliable_context=1.650186 sequence=155.613138
[typed-five-r3/b22_C] [plan iscas99__b22] [plan] step=112 node=N19358 type=control0 q_typed_reliable_context=1.657281 sequence=157.270419
[typed-five-r3/b22_C] [plan iscas99__b22] [plan] step=113 node=N6039 type=observe q_typed_reliable_context=2.462312 sequence=159.732731
[typed-five-r3/b22_C] [plan iscas99__b22] [plan] step=114 node=N5887 type=observe q_typed_reliable_context=1.835762 sequence=161.568493
[typed-five-r3/b22_C] [plan iscas99__b22] [plan] step=115 node=N6058 type=observe q_typed_reliable_context=1.939710 sequence=163.508203
[typed-five-r3/b22_C] [plan iscas99__b22] [plan] step=116 node=N6095 type=observe q_typed_reliable_context=2.216963 sequence=165.725165
[typed-five-r3/b22_C] [plan iscas99__b22] [plan] step=117 node=N6115 type=observe q_typed_reliable_context=2.539351 sequence=168.264517
[typed-five-r3/b22_C] [plan iscas99__b22] [plan] step=118 node=N7131 type=observe q_typed_reliable_context=3.123116 sequence=171.387633
[typed-five-r3/b22_C] [plan iscas99__b22] [plan] step=119 node=N7145 type=observe q_typed_reliable_context=3.811716 sequence=175.199348
[typed-five-r3/b22_C] [plan iscas99__b22] [plan] step=120 node=N7159 type=observe q_typed_reliable_context=4.158927 sequence=179.358275
[typed-five-r3/b22_C] [plan iscas99__b22] [plan] step=121 node=N7173 type=observe q_typed_reliable_context=4.659593 sequence=184.017868
[typed-five-r3/b22_C] [plan iscas99__b22] [plan] step=122 node=N7187 type=observe q_typed_reliable_context=5.248119 sequence=189.265987
[typed-five-r3/b22_C] [plan iscas99__b22] [plan] step=123 node=N7201 type=observe q_typed_reliable_context=5.598520 sequence=194.864507
[typed-five-r3/b22_C] [plan iscas99__b22] [plan] step=124 node=N26410 type=control1 q_typed_reliable_context=5.487063 sequence=200.351570
[typed-five-r3/b22_C] [plan iscas99__b22] [plan] step=125 node=N19360 type=control0 q_typed_reliable_context=3.864683 sequence=204.216253
[typed-five-r3/b22_C] [plan iscas99__b22] [plan] step=126 node=N19356 type=control0 q_typed_reliable_context=2.068773 sequence=206.285026
[typed-five-r3/b22_C] [plan iscas99__b22] [plan] step=127 node=N13010 type=control0 q_typed_reliable_context=2.289756 sequence=208.574782
[typed-five-r3/b22_C] [plan iscas99__b22] [plan] step=128 node=N13014 type=control0 q_typed_reliable_context=2.298554 sequence=210.873335
[typed-five-r3/b22_C] [plan iscas99__b22] [plan] step=129 node=N7014 type=observe q_typed_reliable_context=1.140624 sequence=212.013959
[typed-five-r3/b22_C] [plan iscas99__b22] [plan] step=130 node=N13016 type=control0 q_typed_reliable_context=1.824857 sequence=213.838816
[typed-five-r3/b22_C] [plan iscas99__b22] [plan] step=131 node=N19321 type=control0 q_typed_reliable_context=2.289588 sequence=216.128404
[typed-five-r3/b22_C] [plan iscas99__b22] [plan] step=132 node=N19325 type=control0 q_typed_reliable_context=2.579663 sequence=218.708068
[typed-five-r3/b22_C] [plan iscas99__b22] [plan] step=133 node=N19327 type=control0 q_typed_reliable_context=3.066321 sequence=221.774389
[typed-five-r3/b22_C] [plan iscas99__b22] [plan] step=134 node=N7250 type=observe q_typed_reliable_context=1.752986 sequence=223.527375
[typed-five-r3/b22_C] [plan iscas99__b22] [plan] step=135 node=N19329 type=control0 q_typed_reliable_context=1.633574 sequence=225.160949
[typed-five-r3/b22_C] [plan iscas99__b22] [plan] step=136 node=N19331 type=control0 q_typed_reliable_context=2.049000 sequence=227.209949
[typed-five-r3/b22_C] [plan iscas99__b22] [plan] step=137 node=N19333 type=control0 q_typed_reliable_context=2.907543 sequence=230.117492
[typed-five-r3/b22_C] [plan iscas99__b22] [plan] step=138 node=N19354 type=control0 q_typed_reliable_context=2.010183 sequence=232.127675
[typed-five-r3/b22_C] [plan iscas99__b22] [plan] step=139 node=N10497 type=control0 q_typed_reliable_context=1.926994 sequence=234.054669
[typed-five-r3/b22_C] [plan iscas99__b22] [plan] step=140 node=N7229 type=observe q_typed_reliable_context=0.857706 sequence=234.912375
[typed-five-r3/b22_C] [plan iscas99__b22] [plan] step=141 node=N5245 type=observe q_typed_reliable_context=6.100647 sequence=241.013022
[typed-five-r3/b22_C] [plan iscas99__b22] [plan] step=142 node=N2144 type=observe q_typed_reliable_context=3.836048 sequence=244.849070
[typed-five-r3/b22_C] [plan iscas99__b22] [plan] step=143 node=N7208 type=observe q_typed_reliable_context=1.892633 sequence=246.741703
[typed-five-r3/b22_C] [plan iscas99__b22] [plan] step=144 node=N19254 type=control0 q_typed_reliable_context=1.448510 sequence=248.190213
[typed-five-r3/b22_C] [plan iscas99__b22] [plan] step=145 node=N19253 type=control0 q_typed_reliable_context=1.302361 sequence=249.492574
[typed-five-r3/b22_C] [plan iscas99__b22] [plan] step=146 node=N19252 type=control0 q_typed_reliable_context=1.727569 sequence=251.220142
[typed-five-r3/b22_C] [plan iscas99__b22] [plan] step=147 node=N19251 type=control0 q_typed_reliable_context=1.245846 sequence=252.465988
[typed-five-r3/b22_C] [plan iscas99__b22] [plan] step=148 node=N5288 type=observe q_typed_reliable_context=1.631135 sequence=254.097123
[typed-five-r3/b22_C] [plan iscas99__b22] [plan] step=149 node=N1254 type=observe q_typed_reliable_context=1.929645 sequence=256.026769
[typed-five-r3/b22_C] [plan iscas99__b22] [plan] step=150 node=N1256 type=observe q_typed_reliable_context=1.767073 sequence=257.793842
[typed-five-r3/b22_C] [plan iscas99__b22] [plan] step=151 node=N19250 type=control0 q_typed_reliable_context=0.797455 sequence=258.591297
[typed-five-r3/b22_C] [plan iscas99__b22] [plan] step=152 node=N1364 type=observe q_typed_reliable_context=2.558619 sequence=261.149916
[typed-five-r3/b22_C] [plan iscas99__b22] [plan] step=153 node=N1258 type=observe q_typed_reliable_context=0.973475 sequence=262.123391
[typed-five-r3/b22_C] [plan iscas99__b22] [plan] step=154 node=N7541 type=observe q_typed_reliable_context=1.085069 sequence=263.208460
[typed-five-r3/b22_C] [plan iscas99__b22] [plan] step=155 node=N4453 type=control1 q_typed_reliable_context=2.247184 sequence=265.455644
[typed-five-r3/b22_C] [plan iscas99__b22] [plan] step=156 node=N1255 type=observe q_typed_reliable_context=1.099754 sequence=266.555399
[typed-five-r3/b22_C] [plan iscas99__b22] [plan] step=157 node=N18522 type=control1 q_typed_reliable_context=2.168846 sequence=268.724244
[typed-five-r3/b22_C] [plan iscas99__b22] [plan] step=158 node=N19364 type=control0 q_typed_reliable_context=1.354399 sequence=270.078644
[typed-five-r3/b22_C] [plan iscas99__b22] [plan] step=159 node=N7568 type=observe q_typed_reliable_context=1.763784 sequence=271.842428
[typed-five-r3/b22_C] [plan iscas99__b22] [plan] step=160 node=N5285 type=observe q_typed_reliable_context=2.973167 sequence=274.815595
[typed-five-r3/b22_C] [plan iscas99__b22] [plan] step=161 node=N5280 type=observe q_typed_reliable_context=4.880477 sequence=279.696072
[typed-five-r3/b22_C] [plan iscas99__b22] [plan] step=162 node=N7598 type=control1 q_typed_reliable_context=2.526846 sequence=282.222917
[typed-five-r3/b22_C] [plan iscas99__b22] [plan] step=163 node=N14498 type=observe q_typed_reliable_context=0.997839 sequence=283.220756
[typed-five-r3/b22_C] [plan iscas99__b22] [plan] step=164 node=N7562 type=observe q_typed_reliable_context=1.057087 sequence=284.277844
[typed-five-r3/b22_C] [plan iscas99__b22] [plan] step=165 node=N21464 type=control1 q_typed_reliable_context=1.223980 sequence=285.501824
[typed-five-r3/b22_C] [plan iscas99__b22] [plan] step=166 node=N4544 type=observe q_typed_reliable_context=1.499361 sequence=287.001185
[typed-five-r3/b22_C] [plan iscas99__b22] [plan] step=167 node=N5678 type=observe q_typed_reliable_context=1.285333 sequence=288.286517
[typed-five-r3/b22_C] [plan iscas99__b22] [plan] step=168 node=N6977 type=observe q_typed_reliable_context=1.059330 sequence=289.345847
[typed-five-r3/b22_C] [plan iscas99__b22] [plan] step=169 node=N6980 type=observe q_typed_reliable_context=1.061109 sequence=290.406956
[typed-five-r3/b22_C] [plan iscas99__b22] [plan] step=170 node=N7020 type=observe q_typed_reliable_context=1.144864 sequence=291.551820
[typed-five-r3/b22_C] [plan iscas99__b22] [plan] step=171 node=N2033 type=observe q_typed_reliable_context=1.449065 sequence=293.000885
[typed-five-r3/b22_C] [plan iscas99__b22] [plan] step=172 node=N6986 type=observe q_typed_reliable_context=1.790746 sequence=294.791631
[typed-five-r3/b22_C] [plan iscas99__b22] [plan] step=173 node=N1257 type=observe q_typed_reliable_context=1.523325 sequence=296.314956
[typed-five-r3/b22_C] [plan iscas99__b22] [plan] step=174 node=N7017 type=observe q_typed_reliable_context=1.805840 sequence=298.120795
[typed-five-r3/b22_C] [plan iscas99__b22] [plan] step=175 node=N6974 type=observe q_typed_reliable_context=1.004744 sequence=299.125540
[typed-five-r3/b22_C] [plan iscas99__b22] [plan] step=176 node=N4528 type=observe q_typed_reliable_context=1.359649 sequence=300.485189
[typed-five-r3/b22_C] [plan iscas99__b22] [plan] step=177 node=N4538 type=observe q_typed_reliable_context=1.683681 sequence=302.168870
[typed-five-r3/b22_C] [plan iscas99__b22] [plan] step=178 node=N4534 type=observe q_typed_reliable_context=1.083757 sequence=303.252627
[typed-five-r3/b22_C] [plan iscas99__b22] [plan] step=179 node=N3832 type=observe q_typed_reliable_context=1.467083 sequence=304.719710
[typed-five-r3/b22_C] [plan iscas99__b22] [plan] step=180 node=N4530 type=observe q_typed_reliable_context=0.976292 sequence=305.696003
[typed-five-r3/b22_C] [plan iscas99__b22] [plan] step=181 node=N14429 type=observe q_typed_reliable_context=1.218874 sequence=306.914876
[typed-five-r3/b22_C] [plan iscas99__b22] [plan] step=182 node=N4531 type=observe q_typed_reliable_context=2.304272 sequence=309.219148
[typed-five-r3/b22_C] [plan iscas99__b22] [plan] step=183 node=N4527 type=observe q_typed_reliable_context=1.644788 sequence=310.863936
[typed-five-r3/b22_C] [plan iscas99__b22] [plan] step=184 node=N4532 type=observe q_typed_reliable_context=0.897458 sequence=311.761394
[typed-five-r3/b22_C] [plan iscas99__b22] [plan] step=185 node=N4529 type=observe q_typed_reliable_context=1.150199 sequence=312.911593
[typed-five-r3/b22_C] [plan iscas99__b22] [plan] step=186 node=N12965 type=control0 q_typed_reliable_context=1.544529 sequence=314.456122
[typed-five-r3/b22_C] [plan iscas99__b22] [plan] step=187 node=N6966 type=observe q_typed_reliable_context=1.033053 sequence=315.489175
[typed-five-r3/b22_C] [plan iscas99__b22] [plan] step=188 node=N15003 type=control1 q_typed_reliable_context=2.113953 sequence=317.603128
[typed-five-r3/b22_C] [plan iscas99__b22] [plan] step=189 node=N15007 type=control1 q_typed_reliable_context=1.229209 sequence=318.832337
[typed-five-r3/b22_C] [plan iscas99__b22] [plan] step=190 node=N15002 type=control1 q_typed_reliable_context=1.161120 sequence=319.993457
[typed-five-r3/b22_C] [plan iscas99__b22] [plan] step=191 node=N4536 type=observe q_typed_reliable_context=1.286055 sequence=321.279512
[typed-five-r3/b22_C] [plan iscas99__b22] [plan] step=192 node=N7595 type=control1 q_typed_reliable_context=1.018986 sequence=322.298497
[typed-five-r3/b22_C] [plan iscas99__b22] [plan] step=193 node=N7599 type=control1 q_typed_reliable_context=0.991850 sequence=323.290348
[typed-five-r3/b22_C] [plan iscas99__b22] [plan] step=194 node=N5284 type=observe q_typed_reliable_context=1.451674 sequence=324.742022
[typed-five-r3/b22_C] [plan iscas99__b22] [plan] step=195 node=N13020 type=control0 q_typed_reliable_context=1.563939 sequence=326.305961
[typed-five-r3/b22_C] [plan iscas99__b22] [plan] step=196 node=N3860 type=observe q_typed_reliable_context=0.978967 sequence=327.284929
[typed-five-r3/b22_C] [plan iscas99__b22] [plan] step=197 node=N3852 type=observe q_typed_reliable_context=1.371806 sequence=328.656735
[typed-five-r3/b22_C] [plan iscas99__b22] [plan] step=198 node=N12940 type=control0 q_typed_reliable_context=1.734849 sequence=330.391584
[typed-five-r3/b22_C] [plan iscas99__b22] [plan] step=199 node=N12941 type=control0 q_typed_reliable_context=0.926381 sequence=331.317965
[typed-five-r3/b22_C] [plan iscas99__b22] [plan] step=200 node=N3856 type=observe q_typed_reliable_context=1.331295 sequence=332.649260
[typed-five-r3/b22_C] [plan iscas99__b22] [plan] step=201 node=N18523 type=control0 q_typed_reliable_context=1.504112 sequence=334.153371
[typed-five-r3/b22_C] [plan iscas99__b22] [plan] step=202 node=N15006 type=control1 q_typed_reliable_context=1.310505 sequence=335.463877
[typed-five-r3/b22_C] [plan iscas99__b22] [plan] step=203 node=N14454 type=observe q_typed_reliable_context=2.583972 sequence=338.047849
[typed-five-r3/b22_C] [plan iscas99__b22] [plan] step=204 node=N14449 type=observe q_typed_reliable_context=0.767854 sequence=338.815703
[typed-five-r3/b22_C] [plan iscas99__b22] [plan] step=205 node=N12942 type=control0 q_typed_reliable_context=1.918093 sequence=340.733796
[typed-five-r3/b22_C] [plan iscas99__b22] [plan] step=206 node=N13007 type=control1 q_typed_reliable_context=1.431421 sequence=342.165217
[typed-five-r3/b22_C] [plan iscas99__b22] [plan] step=207 node=N1986 type=observe q_typed_reliable_context=1.801692 sequence=343.966909
[typed-five-r3/b22_C] [plan iscas99__b22] [plan] step=208 node=N12944 type=control0 q_typed_reliable_context=2.189951 sequence=346.156861
[typed-five-r3/b22_C] [plan iscas99__b22] [plan] step=209 node=N15005 type=control1 q_typed_reliable_context=1.642794 sequence=347.799654
[typed-five-r3/b22_C] [plan iscas99__b22] [plan] step=210 node=N13003 type=control1 q_typed_reliable_context=1.144639 sequence=348.944293
[typed-five-r3/b22_C] [plan iscas99__b22] [plan] step=211 node=N15004 type=control1 q_typed_reliable_context=1.828867 sequence=350.773160
[typed-five-r3/b22_C] [plan iscas99__b22] [plan] step=212 node=N21458 type=control1 q_typed_reliable_context=1.587078 sequence=352.360238
[typed-five-r3/b22_C] [plan iscas99__b22] [plan] step=213 node=N18518 type=control0 q_typed_reliable_context=1.818254 sequence=354.178491
[typed-five-r3/b22_C] [plan iscas99__b22] [plan] step=214 node=N4533 type=observe q_typed_reliable_context=0.995738 sequence=355.174229
[typed-five-r3/b22_C] [plan iscas99__b22] [plan] step=215 node=N13047 type=control0 q_typed_reliable_context=1.198629 sequence=356.372858
[typed-five-r3/b22_C] [plan iscas99__b22] [plan] step=216 node=N14436 type=observe q_typed_reliable_context=0.854221 sequence=357.227079
[typed-five-r3/b22_C] [plan iscas99__b22] [plan] step=217 node=N14348 type=observe q_typed_reliable_context=0.975418 sequence=358.202497
[typed-five-r3/b22_C] [plan iscas99__b22] [plan] step=218 node=N14443 type=observe q_typed_reliable_context=1.202408 sequence=359.404905
[typed-five-r3/b22_C] [plan iscas99__b22] [plan] step=219 node=N7048 type=observe q_typed_reliable_context=0.835187 sequence=360.240092
[typed-five-r3/b22_C] [plan iscas99__b22] [plan] step=220 node=N7021 type=observe q_typed_reliable_context=1.152479 sequence=361.392571
[typed-five-r3/b22_C] [plan iscas99__b22] [plan] step=221 node=N2035 type=observe q_typed_reliable_context=1.219361 sequence=362.611932
[typed-five-r3/b22_C] [plan iscas99__b22] [plan] step=222 node=N14352 type=observe q_typed_reliable_context=1.118984 sequence=363.730916
[typed-five-r3/b22_C] [plan iscas99__b22] [plan] step=223 node=N14357 type=observe q_typed_reliable_context=1.870640 sequence=365.601556
[typed-five-r3/b22_C] [plan iscas99__b22] [plan] step=224 node=N3868 type=observe q_typed_reliable_context=1.345470 sequence=366.947026
[typed-five-r3/b22_C] [plan iscas99__b22] [plan] step=225 node=N5242 type=observe q_typed_reliable_context=1.569280 sequence=368.516306
[typed-five-r3/b22_C] [plan iscas99__b22] [plan] step=226 node=N14492 type=observe q_typed_reliable_context=1.241061 sequence=369.757367
[typed-five-r3/b22_C] [plan iscas99__b22] [plan] step=227 node=N14364 type=observe q_typed_reliable_context=1.302946 sequence=371.060313
[typed-five-r3/b22_C] [plan iscas99__b22] [plan] step=228 node=N4461 type=control1 q_typed_reliable_context=1.784645 sequence=372.844958
[typed-five-r3/b22_C] [plan iscas99__b22] [plan] step=229 node=N14333 type=control1 q_typed_reliable_context=2.209666 sequence=375.054624
[typed-five-r3/b22_C] [plan iscas99__b22] [plan] step=230 node=N2168 type=observe q_typed_reliable_context=3.950422 sequence=379.005046
[typed-five-r3/b22_C] [plan iscas99__b22] [plan] step=231 node=N19249 type=control0 q_typed_reliable_context=1.424612 sequence=380.429658
[typed-five-r3/b22_C] [plan iscas99__b22] [plan] step=232 node=N5365 type=observe q_typed_reliable_context=1.554518 sequence=381.984176
[typed-five-r3/b22_C] [plan iscas99__b22] [plan] step=233 node=N18520 type=control0 q_typed_reliable_context=1.787371 sequence=383.771547
[typed-five-r3/b22_C] [plan iscas99__b22] [plan] step=234 node=N19248 type=control0 q_typed_reliable_context=1.574769 sequence=385.346316
[typed-five-r3/b22_C] [plan iscas99__b22] [plan] step=235 node=N4463 type=control1 q_typed_reliable_context=2.508473 sequence=387.854789
[typed-five-r3/b22_C] [plan iscas99__b22] [plan] step=236 node=N5214 type=observe q_typed_reliable_context=2.832377 sequence=390.687166
[typed-five-r3/b22_C] [plan iscas99__b22] [plan] step=237 node=N2041 type=observe q_typed_reliable_context=2.206914 sequence=392.894080
[typed-five-r3/b22_C] [plan iscas99__b22] [plan] step=238 node=N19247 type=control0 q_typed_reliable_context=1.919864 sequence=394.813944
[typed-five-r3/b22_C] [plan iscas99__b22] [plan] step=239 node=N18557 type=observe q_typed_reliable_context=1.848562 sequence=396.662506
[typed-five-r3/b22_C] [plan iscas99__b22] [plan] step=240 node=N12938 type=control0 q_typed_reliable_context=1.489585 sequence=398.152092
[typed-five-r3/b22_C] [plan iscas99__b22] [plan] step=241 node=N4546 type=observe q_typed_reliable_context=1.790770 sequence=399.942861
[typed-five-r3/b22_C] [plan iscas99__b22] [plan] step=242 node=N1572 type=control0 q_typed_reliable_context=1.988032 sequence=401.930893
[typed-five-r3/b22_C] [plan iscas99__b22] [plan] step=243 node=N19310 type=control1 q_typed_reliable_context=1.604444 sequence=403.535337
[typed-five-r3/b22_C] [plan iscas99__b22] [plan] step=244 node=N26415 type=control1 q_typed_reliable_context=2.734932 sequence=406.270269
[typed-five-r3/b22_C] [plan iscas99__b22] [plan] step=245 node=N14461 type=observe q_typed_reliable_context=2.934559 sequence=409.204828
[typed-five-r3/b22_C] [plan iscas99__b22] [plan] step=246 node=N1250 type=observe q_typed_reliable_context=5.260055 sequence=414.464882
[typed-five-r3/b22_C] [plan iscas99__b22] [plan] step=247 node=N12990 type=control1 q_typed_reliable_context=1.065211 sequence=415.530093
[typed-five-r3/b22_C] [plan iscas99__b22] [plan] step=248 node=N12999 type=control1 q_typed_reliable_context=1.878185 sequence=417.408278
[typed-five-r3/b22_C] [plan iscas99__b22] [plan] step=249 node=N19301 type=control1 q_typed_reliable_context=1.579870 sequence=418.988147
[typed-five-r3/b22_C] [plan iscas99__b22] [plan] step=250 node=N4523 type=observe q_typed_reliable_context=0.989688 sequence=419.977835
[typed-five-r3/b22_C] [plan iscas99__b22] [plan] step=251 node=N14360 type=observe q_typed_reliable_context=1.089994 sequence=421.067829
[typed-five-r3/b22_C] [plan iscas99__b22] [plan] step=252 node=N12937 type=control0 q_typed_reliable_context=1.544655 sequence=422.612484
[typed-five-r3/b22_C] [plan iscas99__b22] [plan] step=253 node=N19368 type=control0 q_typed_reliable_context=1.398244 sequence=424.010728
[typed-five-r3/b22_C] [plan iscas99__b22] [plan] step=254 node=N14349 type=observe q_typed_reliable_context=1.070023 sequence=425.080751
[typed-five-r3/b22_C] [plan iscas99__b22] [plan] step=255 node=N14345 type=observe q_typed_reliable_context=0.941471 sequence=426.022222
[typed-five-r3/b22_C] [plan iscas99__b22] [plan] step=256 node=N12936 type=control0 q_typed_reliable_context=1.038397 sequence=427.060619
[typed-five-r3/b22_C] [plan iscas99__b22] [plan] step=257 node=N14353 type=observe q_typed_reliable_context=2.609302 sequence=429.669920
[typed-five-r3/b22_C] [plan iscas99__b22] [plan] step=258 node=N14344 type=observe q_typed_reliable_context=2.350395 sequence=432.020315
[typed-five-r3/b22_C] [plan iscas99__b22] [plan] step=259 node=N5246 type=observe q_typed_reliable_context=4.737613 sequence=436.757929
[typed-five-r3/b22_C] [plan iscas99__b22] [plan] step=260 node=N14356 type=observe q_typed_reliable_context=2.216166 sequence=438.974095
[typed-five-r3/b22_C] [plan iscas99__b22] [plan] step=261 node=N1272 type=observe q_typed_reliable_context=1.268100 sequence=440.242195
[typed-five-r3/b22_C] [plan iscas99__b22] [plan] step=262 node=N14341 type=observe q_typed_reliable_context=1.420964 sequence=441.663159
[typed-five-r3/b22_C] [plan iscas99__b22] [plan] step=263 node=N15115 type=observe q_typed_reliable_context=2.056674 sequence=443.719833
[typed-five-r3/b22_C] [plan iscas99__b22] [plan] step=264 node=N5523 type=observe q_typed_reliable_context=1.280026 sequence=444.999860
[typed-five-r3/b22_C] [plan iscas99__b22] [plan] step=265 node=N14466 type=observe q_typed_reliable_context=1.491141 sequence=446.491000
[typed-five-r3/b22_C] [plan iscas99__b22] [plan] step=266 node=N2071 type=observe q_typed_reliable_context=1.963625 sequence=448.454625
[typed-five-r3/b22_C] [plan iscas99__b22] [plan] step=267 node=N1994 type=observe q_typed_reliable_context=2.032403 sequence=450.487028
[typed-five-r3/b22_C] [plan iscas99__b22] [plan] step=268 node=N6020 type=observe q_typed_reliable_context=1.551112 sequence=452.038140
[typed-five-r3/b22_C] [plan iscas99__b22] [plan] step=269 node=N15095 type=control1 q_typed_reliable_context=0.809179 sequence=452.847319
[typed-five-r3/b22_C] [plan iscas99__b22] [plan] step=270 node=N5849 type=observe q_typed_reliable_context=1.404056 sequence=454.251375
[typed-five-r3/b22_C] [plan iscas99__b22] [plan] step=271 node=N14380 type=observe q_typed_reliable_context=1.693426 sequence=455.944801
[typed-five-r3/b22_C] [plan iscas99__b22] [plan] step=272 node=N14361 type=observe q_typed_reliable_context=1.544196 sequence=457.488997
[typed-five-r3/b22_C] [plan iscas99__b22] [plan] step=273 node=N5247 type=observe q_typed_reliable_context=2.373756 sequence=459.862753
[typed-five-r3/b22_C] [plan iscas99__b22] [plan] step=274 node=N2043 type=observe q_typed_reliable_context=2.450752 sequence=462.313506
[typed-five-r3/b22_C] [plan iscas99__b22] [plan] step=275 node=N1991 type=observe q_typed_reliable_context=1.593583 sequence=463.907089
[typed-five-r3/b22_C] [plan iscas99__b22] [plan] step=276 node=N1273 type=observe q_typed_reliable_context=1.338888 sequence=465.245977
[typed-five-r3/b22_C] [plan iscas99__b22] [plan] step=277 node=N3320 type=observe q_typed_reliable_context=0.820394 sequence=466.066371
[typed-five-r3/b22_C] [plan iscas99__b22] [plan] step=278 node=N5533 type=observe q_typed_reliable_context=1.585496 sequence=467.651867
[typed-five-r3/b22_C] [plan iscas99__b22] [plan] step=279 node=N18407 type=observe q_typed_reliable_context=1.537922 sequence=469.189790
[typed-five-r3/b22_C] [plan iscas99__b22] [plan] step=280 node=N2152 type=control0 q_typed_reliable_context=1.593211 sequence=470.783000
[typed-five-r3/b22_C] [plan iscas99__b22] [plan] step=281 node=N18406 type=observe q_typed_reliable_context=2.104282 sequence=472.887282
[typed-five-r3/b22_C] [plan iscas99__b22] [plan] step=282 node=N18424 type=observe q_typed_reliable_context=1.469172 sequence=474.356454
[typed-five-r3/b22_C] [plan iscas99__b22] [plan] step=283 node=N1515 type=control0 q_typed_reliable_context=1.735333 sequence=476.091787
[typed-five-r3/b22_C] [plan iscas99__b22] [plan] step=284 node=N5982 type=observe q_typed_reliable_context=1.658620 sequence=477.750408
[typed-five-r3/b22_C] [plan iscas99__b22] [plan] step=285 node=N19245 type=control0 q_typed_reliable_context=3.028143 sequence=480.778550
[typed-five-r3/b22_C] [plan iscas99__b22] [plan] step=286 node=N18409 type=observe q_typed_reliable_context=1.942336 sequence=482.720886
[typed-five-r3/b22_C] [plan iscas99__b22] [plan] step=287 node=N18414 type=observe q_typed_reliable_context=1.807889 sequence=484.528775
[typed-five-r3/b22_C] [plan iscas99__b22] [plan] step=288 node=N18408 type=observe q_typed_reliable_context=1.787653 sequence=486.316428
[typed-five-r3/b22_C] [plan iscas99__b22] [plan] step=289 node=N18550 type=observe q_typed_reliable_context=1.402701 sequence=487.719129
[typed-five-r3/b22_C] [plan iscas99__b22] [plan] step=290 node=N18385 type=observe q_typed_reliable_context=1.918992 sequence=489.638121
[typed-five-r3/b22_C] [plan iscas99__b22] [plan] step=291 node=N5792 type=observe q_typed_reliable_context=1.396396 sequence=491.034517
[typed-five-r3/b22_C] [plan iscas99__b22] [plan] step=292 node=N2920 type=observe q_typed_reliable_context=1.323125 sequence=492.357642
[typed-five-r3/b22_C] [plan iscas99__b22] [plan] step=293 node=N18554 type=observe q_typed_reliable_context=2.623572 sequence=494.981213
[typed-five-r3/b22_C] [plan iscas99__b22] [plan] step=294 node=N24124 type=control1 q_typed_reliable_context=0.905647 sequence=495.886860
[typed-five-r3/b22_C] [plan iscas99__b22] [plan] step=295 node=N18390 type=control0 q_typed_reliable_context=4.158996 sequence=500.045857
[typed-five-r3/b22_C] [plan iscas99__b22] [plan] step=296 node=N18572 type=control0 q_typed_reliable_context=1.238960 sequence=501.284816
[typed-five-r3/b22_C] [plan iscas99__b22] [plan] step=297 node=N26417 type=control1 q_typed_reliable_context=5.831431 sequence=507.116248
[typed-five-r3/b22_C] [plan iscas99__b22] [plan] step=298 node=N18493 type=observe q_typed_reliable_context=1.493124 sequence=508.609372
[typed-five-r3/b22_C] [plan iscas99__b22] [plan] step=299 node=N18471 type=observe q_typed_reliable_context=1.581571 sequence=510.190943
[typed-five-r3/b22_C] [plan iscas99__b22] [plan] step=300 node=N19244 type=control0 q_typed_reliable_context=2.638363 sequence=512.829306
[typed-five-r3/b22_C] [plan iscas99__b22] [plan] step=301 node=N7525 type=observe q_typed_reliable_context=5.523712 sequence=518.353018
[typed-five-r3/b22_C] [plan iscas99__b22] [plan] step=302 node=N1517 type=control0 q_typed_reliable_context=4.084430 sequence=522.437447
[typed-five-r3/b22_C] [plan iscas99__b22] [plan] step=303 node=N3873 type=control0 q_typed_reliable_context=2.320700 sequence=524.758147
[typed-five-r3/b22_C] [plan iscas99__b22] [plan] step=304 node=N12934 type=control0 q_typed_reliable_context=3.839361 sequence=528.597509
[typed-five-r3/b22_C] [plan iscas99__b22] [plan] step=305 node=N14419 type=observe q_typed_reliable_context=0.958808 sequence=529.556317
[typed-five-r3/b22_C] [plan iscas99__b22] [plan] step=306 node=N7540 type=observe q_typed_reliable_context=1.618686 sequence=531.175003
[typed-five-r3/b22_C] [plan iscas99__b22] [plan] step=307 node=N15101 type=control1 q_typed_reliable_context=0.912556 sequence=532.087560
[typed-five-r3/b22_C] [plan iscas99__b22] [plan] step=308 node=N8329 type=control1 q_typed_reliable_context=0.899820 sequence=532.987380
[typed-five-r3/b22_C] [plan iscas99__b22] [plan] step=309 node=N8331 type=control1 q_typed_reliable_context=0.844885 sequence=533.832265
[typed-five-r3/b22_C] [plan iscas99__b22] [plan] step=310 node=N8325 type=control1 q_typed_reliable_context=0.868203 sequence=534.700468
[typed-five-r3/b22_C] [plan iscas99__b22] [plan] step=311 node=N24119 type=control1 q_typed_reliable_context=3.057393 sequence=537.757861
[typed-five-r3/b22_C] [plan iscas99__b22] [plan] step=312 node=N24133 type=control1 q_typed_reliable_context=1.284043 sequence=539.041904
[typed-five-r3/b22_C] [plan iscas99__b22] [plan] step=313 node=N8477 type=control1 q_typed_reliable_context=1.110472 sequence=540.152375
[typed-five-r3/b22_C] [plan iscas99__b22] [plan] step=314 node=N2037 type=observe q_typed_reliable_context=1.317758 sequence=541.470134
[typed-five-r3/b22_C] [plan iscas99__b22] [plan] step=315 node=N14384 type=observe q_typed_reliable_context=1.280026 sequence=542.750160
[typed-five-r3/b22_C] [plan iscas99__b22] [plan] step=316 node=N21350 type=control1 q_typed_reliable_context=0.680131 sequence=543.430291
[typed-five-r3/b22_C] [plan iscas99__b22] [plan] step=317 node=N15100 type=control1 q_typed_reliable_context=0.607822 sequence=544.038114
[typed-five-r3/b22_C] [plan iscas99__b22] [plan] step=318 node=N15083 type=control1 q_typed_reliable_context=0.737578 sequence=544.775691
[typed-five-r3/b22_C] [plan iscas99__b22] [plan] step=319 node=N15109 type=control1 q_typed_reliable_context=0.984617 sequence=545.760308
[typed-five-r3/b22_C] [plan iscas99__b22] [plan] step=320 node=N7549 type=observe q_typed_reliable_context=1.070635 sequence=546.830943
[typed-five-r3/b22_C] [plan iscas99__b22] [plan] step=321 node=N8476 type=control1 q_typed_reliable_context=1.577799 sequence=548.408743
[typed-five-r3/b22_C] [plan iscas99__b22] [plan] step=322 node=N15099 type=control1 q_typed_reliable_context=0.841577 sequence=549.250319
[typed-five-r3/b22_C] [plan iscas99__b22] [plan] step=323 node=N15102 type=control1 q_typed_reliable_context=0.910756 sequence=550.161075
[typed-five-r3/b22_C] [plan iscas99__b22] [plan] step=324 node=N5391 type=control1 q_typed_reliable_context=1.737763 sequence=551.898839
[typed-five-r3/b22_C] [plan iscas99__b22] [plan] step=325 node=N21468 type=control1 q_typed_reliable_context=1.809583 sequence=553.708422
[typed-five-r3/b22_C] [plan iscas99__b22] [plan] step=326 node=N4456 type=control1 q_typed_reliable_context=1.987916 sequence=555.696338
[typed-five-r3/b22_C] [plan iscas99__b22] [plan] step=327 node=N5390 type=control1 q_typed_reliable_context=1.356854 sequence=557.053192
[typed-five-r3/b22_C] [plan iscas99__b22] [plan] step=328 node=N15098 type=control1 q_typed_reliable_context=0.645429 sequence=557.698621
[typed-five-r3/b22_C] [plan iscas99__b22] [plan] step=329 node=N15097 type=control1 q_typed_reliable_context=0.862711 sequence=558.561332
[typed-five-r3/b22_C] [plan iscas99__b22] [plan] step=330 node=N14385 type=observe q_typed_reliable_context=0.963396 sequence=559.524728
[typed-five-r3/b22_C] [plan iscas99__b22] [plan] step=331 node=N15096 type=control1 q_typed_reliable_context=1.106944 sequence=560.631672
[typed-five-r3/b22_C] [plan iscas99__b22] [plan] step=332 node=N21472 type=control1 q_typed_reliable_context=1.289649 sequence=561.921321
[typed-five-r3/b22_C] [plan iscas99__b22] [plan] step=333 node=N9543 type=control0 q_typed_reliable_context=1.926463 sequence=563.847785
[typed-five-r3/b22_C] [plan iscas99__b22] [plan] step=334 node=N12933 type=control0 q_typed_reliable_context=2.435606 sequence=566.283390
[typed-five-r3/b22_C] [plan iscas99__b22] [plan] step=335 node=N15093 type=control1 q_typed_reliable_context=1.329845 sequence=567.613235
[typed-five-r3/b22_C] [plan iscas99__b22] [plan] step=336 node=N15092 type=control1 q_typed_reliable_context=0.964655 sequence=568.577890
[typed-five-r3/b22_C] [plan iscas99__b22] [plan] step=337 node=N1183 type=control1 q_typed_reliable_context=2.171844 sequence=570.749733
[typed-five-r3/b22_C] [plan iscas99__b22] [plan] step=338 node=N4457 type=control1 q_typed_reliable_context=3.532642 sequence=574.282376
[typed-five-r3/b22_C] [plan iscas99__b22] [plan] step=339 node=N15091 type=control1 q_typed_reliable_context=5.229060 sequence=579.511436
[typed-five-r3/b22_C] [plan iscas99__b22] [plan] step=340 node=N15090 type=control1 q_typed_reliable_context=1.305716 sequence=580.817152
[typed-five-r3/b22_C] [plan iscas99__b22] [plan] step=341 node=N15089 type=control1 q_typed_reliable_context=1.219934 sequence=582.037086
[typed-five-r3/b22_C] [plan iscas99__b22] [plan] step=342 node=N15088 type=control1 q_typed_reliable_context=1.215690 sequence=583.252776
[typed-five-r3/b22_C] [plan iscas99__b22] [plan] step=343 node=N21470 type=control1 q_typed_reliable_context=1.768462 sequence=585.021238
[typed-five-r3/b22_C] [plan iscas99__b22] [plan] step=344 node=N24115 type=control1 q_typed_reliable_context=1.861254 sequence=586.882492
[typed-five-r3/b22_C] [plan iscas99__b22] [plan] step=345 node=N26402 type=control1 q_typed_reliable_context=1.588430 sequence=588.470922
[typed-five-r3/b22_C] [plan iscas99__b22] [plan] step=346 node=N15087 type=control1 q_typed_reliable_context=1.916862 sequence=590.387784
[typed-five-r3/b22_C] [plan iscas99__b22] [plan] step=347 node=N15085 type=control1 q_typed_reliable_context=1.687734 sequence=592.075518
[typed-five-r3/b22_C] [plan iscas99__b22] [plan] step=348 node=N26408 type=control1 q_typed_reliable_context=3.777373 sequence=595.852891
[typed-five-r3/b22_C] [plan iscas99__b22] [plan] step=349 node=N15086 type=control1 q_typed_reliable_context=2.132335 sequence=597.985227
[typed-five-r3/b22_C] [plan iscas99__b22] [plan] step=350 node=N7591 type=control1 q_typed_reliable_context=4.487816 sequence=602.473042
[typed-five-r3/b22_C] [plan iscas99__b22] [plan] step=351 node=N7611 type=control1 q_typed_reliable_context=5.910652 sequence=608.383695
[typed-five-r3/b22_C] [plan iscas99__b22] [plan] step=352 node=N1184 type=control1 q_typed_reliable_context=5.767700 sequence=614.151394
[typed-five-r3/b22_C] [plan iscas99__b22] [plan] step=353 node=N15082 type=control1 q_typed_reliable_context=1.749978 sequence=615.901372
[typed-five-r3/b22_C] [plan iscas99__b22] [plan] step=354 node=N15081 type=control1 q_typed_reliable_context=5.623323 sequence=621.524696
[typed-five-r3/b22_C] [plan iscas99__b22] [plan] step=355 node=N7610 type=control1 q_typed_reliable_context=5.906731 sequence=627.431427
[typed-five-r3/b22_C] [plan iscas99__b22] [plan] step=356 node=N7597 type=control1 q_typed_reliable_context=4.307151 sequence=631.738578
[typed-five-r3/b22_C] [plan iscas99__b22] [plan] step=357 node=N15282 type=control1 q_typed_reliable_context=1.612248 sequence=633.350825
[typed-five-r3/b22_C] [plan iscas99__b22] [plan] step=358 node=N15296 type=control1 q_typed_reliable_context=5.640418 sequence=638.991243
[typed-five-r3/b22_C] [plan iscas99__b22] [plan] step=359 node=N7592 type=control1 q_typed_reliable_context=5.809126 sequence=644.800369
[typed-five-r3/b22_C] [plan iscas99__b22] [plan] step=360 node=N1576 type=control0 q_typed_reliable_context=3.828961 sequence=648.629330
[typed-five-r3/b22_C] [plan iscas99__b22] [plan] step=361 node=N1172 type=control0 q_typed_reliable_context=0.722222 sequence=649.351552
[typed-five-r3/b22_C] [plan iscas99__b22] [plan] step=362 node=N18455 type=observe q_typed_reliable_context=3.915750 sequence=653.267302
[typed-five-r3/b22_C] [plan iscas99__b22] [plan] step=363 node=N7561 type=observe q_typed_reliable_context=2.213443 sequence=655.480745
[typed-five-r3/b22_C] [plan iscas99__b22] [plan] step=364 node=N28154 type=control1 q_typed_reliable_context=6.272776 sequence=661.753521
[typed-five-r3/b22_C] [plan iscas99__b22] [plan] step=365 node=N5248 type=observe q_typed_reliable_context=4.884609 sequence=666.638130
[typed-five-r3/b22_C] [plan iscas99__b22] [plan] step=366 node=N7567 type=observe q_typed_reliable_context=1.928458 sequence=668.566588
[typed-five-r3/b22_C] [plan iscas99__b22] [plan] step=367 node=N21483 type=control1 q_typed_reliable_context=5.889886 sequence=674.456474
[typed-five-r3/b22_C] [plan iscas99__b22] [plan] step=368 node=N18461 type=observe q_typed_reliable_context=0.387182 sequence=674.843656
[typed-five-r3/b22_C] [plan iscas99__b22] [plan] step=369 node=N15072 type=observe q_typed_reliable_context=4.873429 sequence=679.717084
[typed-five-r3/b22_C] [plan iscas99__b22] [plan] step=370 node=N2039 type=observe q_typed_reliable_context=5.554812 sequence=685.271896
[typed-five-r3/b22_C] [plan iscas99__b22] [plan] step=371 node=N18531 type=observe q_typed_reliable_context=3.020593 sequence=688.292490
[typed-five-r3/b22_C] [plan iscas99__b22] [plan] step=372 node=N6001 type=observe q_typed_reliable_context=1.383484 sequence=689.675974
[typed-five-r3/b22_C] [plan iscas99__b22] [plan] step=373 node=N5518 type=observe q_typed_reliable_context=2.126863 sequence=691.802837
[typed-five-r3/b22_C] [plan iscas99__b22] [plan] step=374 node=N5906 type=observe q_typed_reliable_context=1.549957 sequence=693.352794
[typed-five-r3/b22_C] [plan iscas99__b22] [plan] step=375 node=N5252 type=observe q_typed_reliable_context=2.214445 sequence=695.567239
[typed-five-r3/b22_C] [plan iscas99__b22] [plan] step=376 node=N2073 type=observe q_typed_reliable_context=3.054173 sequence=698.621412
[typed-five-r3/b22_C] [plan iscas99__b22] [plan] step=377 node=N18404 type=observe q_typed_reliable_context=3.275687 sequence=701.897100
[typed-five-r3/b22_C] [plan iscas99__b22] [plan] step=378 node=N18386 type=observe q_typed_reliable_context=5.225246 sequence=707.122346
[typed-five-r3/b22_C] [plan iscas99__b22] [plan] step=379 node=N18527 type=observe q_typed_reliable_context=4.013053 sequence=711.135399
[typed-five-r3/b22_C] [plan iscas99__b22] [plan] step=380 node=N18552 type=observe q_typed_reliable_context=1.290405 sequence=712.425804
[typed-five-r3/b22_C] [plan iscas99__b22] [plan] step=381 node=N18380 type=observe q_typed_reliable_context=1.358774 sequence=713.784578
[typed-five-r3/b22_C] [plan iscas99__b22] [plan] step=382 node=N18543 type=observe q_typed_reliable_context=1.139989 sequence=714.924567
[typed-five-r3/b22_C] [plan iscas99__b22] [plan] step=383 node=N14388 type=observe q_typed_reliable_context=1.182032 sequence=716.106600
[typed-five-r3/b22_C] [plan iscas99__b22] [plan] step=384 node=N18526 type=observe q_typed_reliable_context=0.999744 sequence=717.106344
[typed-five-r3/b22_C] [plan iscas99__b22] [plan] step=385 node=N7501 type=observe q_typed_reliable_context=1.027658 sequence=718.134002
[typed-five-r3/b22_C] [plan iscas99__b22] [plan] step=386 node=N3294 type=observe q_typed_reliable_context=1.564759 sequence=719.698761
[typed-five-r3/b22_C] [plan iscas99__b22] [plan] step=387 node=N2047 type=observe q_typed_reliable_context=1.798331 sequence=721.497092
[typed-five-r3/b22_C] [plan iscas99__b22] [plan] step=388 node=N5249 type=observe q_typed_reliable_context=1.879293 sequence=723.376385
[typed-five-r3/b22_C] [plan iscas99__b22] [plan] step=389 node=N7236 type=observe q_typed_reliable_context=1.456583 sequence=724.832968
[typed-five-r3/b22_C] [plan iscas99__b22] [plan] step=390 node=N19238 type=control0 q_typed_reliable_context=2.640905 sequence=727.473873
[typed-five-r3/b22_C] [plan iscas99__b22] [plan] step=391 node=N21461 type=control1 q_typed_reliable_context=2.482041 sequence=729.955914
[typed-five-r3/b22_C] [plan iscas99__b22] [plan] step=392 node=N21485 type=control1 q_typed_reliable_context=3.694401 sequence=733.650315
[typed-five-r3/b22_C] [plan iscas99__b22] [plan] step=393 node=N5527 type=observe q_typed_reliable_context=3.599436 sequence=737.249751
[typed-five-r3/b22_C] [plan iscas99__b22] [plan] step=394 node=N14334 type=observe q_typed_reliable_context=1.898986 sequence=739.148737
[typed-five-r3/b22_C] [plan iscas99__b22] [plan] step=395 node=N4348 type=observe q_typed_reliable_context=1.764186 sequence=740.912923
[typed-five-r3/b22_C] [plan iscas99__b22] [plan] step=396 node=N15070 type=observe q_typed_reliable_context=2.920847 sequence=743.833770
[typed-five-r3/b22_C] [plan iscas99__b22] [plan] step=397 node=N2059 type=observe q_typed_reliable_context=3.830017 sequence=747.663787
[typed-five-r3/b22_C] [plan iscas99__b22] [plan] step=398 node=N1757 type=observe q_typed_reliable_context=1.642190 sequence=749.305977
[typed-five-r3/b22_C] [plan iscas99__b22] [plan] step=399 node=N5267 type=observe q_typed_reliable_context=4.461068 sequence=753.767045
[typed-five-r3/b22_C] [plan iscas99__b22] [plan] step=400 node=N4345 type=observe q_typed_reliable_context=3.752097 sequence=757.519142
[typed-five-r3/b22_C] [plan iscas99__b22] [plan] step=401 node=N7480 type=observe q_typed_reliable_context=5.159067 sequence=762.678209
[typed-five-r3/b22_C] [plan iscas99__b22] [plan] step=402 node=N7215 type=observe q_typed_reliable_context=2.037008 sequence=764.715217
[typed-five-r3/b22_C] [plan iscas99__b22] [plan] step=403 node=N5512 type=observe q_typed_reliable_context=1.780358 sequence=766.495575
[typed-five-r3/b22_C] [plan iscas99__b22] [plan] step=404 node=N5250 type=observe q_typed_reliable_context=3.395325 sequence=769.890900
[typed-five-r3/b22_C] [plan iscas99__b22] [plan] step=405 node=N15074 type=observe q_typed_reliable_context=5.713128 sequence=775.604028
[typed-five-r3/b22_C] [plan iscas99__b22] [plan] step=406 node=N6077 type=observe q_typed_reliable_context=2.562760 sequence=778.166789
[typed-five-r3/b22_C] [plan iscas99__b22] [plan] step=407 node=N4354 type=observe q_typed_reliable_context=4.845249 sequence=783.012037
[typed-five-r3/b22_C] [plan iscas99__b22] [plan] step=408 node=N3347 type=observe q_typed_reliable_context=3.056678 sequence=786.068716
[typed-five-r3/b22_C] [plan iscas99__b22] [plan] step=409 node=N2057 type=observe q_typed_reliable_context=2.618669 sequence=788.687385
[typed-five-r3/b22_C] [plan iscas99__b22] [plan] step=410 node=N5506 type=observe q_typed_reliable_context=3.752842 sequence=792.440227
[typed-five-r3/b22_C] [plan iscas99__b22] [plan] step=411 node=N18570 type=control0 q_typed_reliable_context=1.064077 sequence=793.504304
[typed-five-r3/b22_C] [plan iscas99__b22] [plan] step=412 node=N7475 type=control0 q_typed_reliable_context=0.653948 sequence=794.158252
[typed-five-r3/b22_C] [plan iscas99__b22] [plan] step=413 node=N28772 type=control1 q_typed_reliable_context=2.545021 sequence=796.703273
[typed-five-r3/b22_C] [plan iscas99__b22] [plan] step=414 node=N25481 type=control1 q_typed_reliable_context=5.527835 sequence=802.231108
[typed-five-r3/b22_C] [plan iscas99__b22] [plan] step=415 node=N24454 type=control1 q_typed_reliable_context=1.341396 sequence=803.572505
[typed-five-r3/b22_C] [plan iscas99__b22] [plan] step=416 node=N15252 type=control1 q_typed_reliable_context=0.673806 sequence=804.246311
[typed-five-r3/b22_C] [plan iscas99__b22] [plan] step=417 node=N25961 type=control1 q_typed_reliable_context=1.947021 sequence=806.193332
[typed-five-r3/b22_C] [plan iscas99__b22] [plan] step=418 node=N4459 type=control1 q_typed_reliable_context=2.045473 sequence=808.238805
[typed-five-r3/b22_C] [plan iscas99__b22] [plan] step=419 node=N1185 type=control1 q_typed_reliable_context=1.924551 sequence=810.163356
[typed-five-r3/b22_C] [plan iscas99__b22] [plan] step=420 node=N12852 type=control1 q_typed_reliable_context=1.802064 sequence=811.965420
[typed-five-r3/b22_C] [plan iscas99__b22] [plan] step=421 node=N18326 type=control1 q_typed_reliable_context=1.650052 sequence=813.615472
[typed-five-r3/b22_C] [plan iscas99__b22] [plan] step=422 node=N4462 type=control1 q_typed_reliable_context=1.576425 sequence=815.191897
[typed-five-r3/b22_C] [plan iscas99__b22] [plan] step=423 node=N1752 type=observe q_typed_reliable_context=0.272712 sequence=815.464609
[typed-five-r3/b22_C] [plan iscas99__b22] [plan] step=424 node=N5269 type=observe q_typed_reliable_context=0.156587 sequence=815.621197
[typed-five-r3/b22_C] [plan iscas99__b22] [plan] step=425 node=N2066 type=observe q_typed_reliable_context=0.963419 sequence=816.584615
[typed-five-r3/b22_C] [plan iscas99__b22] [plan] step=426 node=N4363 type=observe q_typed_reliable_context=0.891734 sequence=817.476349
[typed-five-r3/b22_C] [plan iscas99__b22] [plan] step=427 node=N24207 type=control0 q_typed_reliable_context=0.611522 sequence=818.087871
[typed-five-r3/b22_C] [plan iscas99__b22] [plan] step=428 node=N5274 type=observe q_typed_reliable_context=0.237861 sequence=818.325732
[typed-five-r3/b22_C] [plan iscas99__b22] [plan] step=429 node=N18466 type=observe q_typed_reliable_context=1.251901 sequence=819.577633
[typed-five-r3/b22_C] [plan iscas99__b22] [plan] step=430 node=N5521 type=observe q_typed_reliable_context=0.810384 sequence=820.388017
[typed-five-r3/b22_C] [plan iscas99__b22] [plan] step=431 node=N2064 type=observe q_typed_reliable_context=1.074747 sequence=821.462763
[typed-five-r3/b22_C] [plan iscas99__b22] [plan] step=432 node=N15071 type=observe q_typed_reliable_context=1.653184 sequence=823.115947
[typed-five-r3/b22_C] [plan iscas99__b22] [plan] step=433 node=N4375 type=observe q_typed_reliable_context=1.382017 sequence=824.497964
[typed-five-r3/b22_C] [plan iscas99__b22] [plan] step=434 node=N13041 type=control0 q_typed_reliable_context=0.622898 sequence=825.120862
[typed-five-r3/b22_C] [plan iscas99__b22] [plan] step=435 node=N18587 type=control0 q_typed_reliable_context=0.613589 sequence=825.734451
[typed-five-r3/b22_C] [plan iscas99__b22] [plan] step=436 node=N6847 type=control0 q_typed_reliable_context=3.039959 sequence=828.774410
[typed-five-r3/b22_C] [plan iscas99__b22] [plan] step=437 node=N6659 type=control0 q_typed_reliable_context=2.027188 sequence=830.801598
[typed-five-r3/b22_C] [plan iscas99__b22] [plan] step=438 node=N5270 type=observe q_typed_reliable_context=0.420568 sequence=831.222166
[typed-five-r3/b22_C] [plan iscas99__b22] [plan] step=439 node=N2062 type=observe q_typed_reliable_context=2.205533 sequence=833.427699
[typed-five-r3/b22_C] [plan iscas99__b22] [plan] step=440 node=N3436 type=observe q_typed_reliable_context=1.834254 sequence=835.261953
[typed-five-r3/b22_C] [plan iscas99__b22] [plan] step=441 node=N5526 type=observe q_typed_reliable_context=0.892912 sequence=836.154866
[typed-five-r3/b22_C] [plan iscas99__b22] [plan] step=442 node=N2067 type=observe q_typed_reliable_context=1.239636 sequence=837.394501
[typed-five-r3/b22_C] [plan iscas99__b22] [plan] step=443 node=N5276 type=observe q_typed_reliable_context=2.713142 sequence=840.107643
[typed-five-r3/b22_C] [plan iscas99__b22] [plan] step=444 node=N4390 type=observe q_typed_reliable_context=1.019901 sequence=841.127544
[typed-five-r3/b22_C] [plan iscas99__b22] [plan] step=445 node=N15067 type=observe q_typed_reliable_context=1.739328 sequence=842.866872
[typed-five-r3/b22_C] [plan iscas99__b22] [plan] step=446 node=N3454 type=observe q_typed_reliable_context=1.769929 sequence=844.636801
[typed-five-r3/b22_C] [plan iscas99__b22] [plan] step=447 node=N2069 type=observe q_typed_reliable_context=1.284274 sequence=845.921075
[typed-five-r3/b22_C] [plan iscas99__b22] [plan] step=448 node=N5529 type=observe q_typed_reliable_context=1.123948 sequence=847.045023
[typed-five-r3/b22_C] [plan iscas99__b22] [plan] step=449 node=N5277 type=observe q_typed_reliable_context=2.121660 sequence=849.166683
[typed-five-r3/b22_C] [plan iscas99__b22] [plan] step=450 node=N4393 type=observe q_typed_reliable_context=1.028799 sequence=850.195482
[typed-five-r3/b22_C] [plan iscas99__b22] [plan] step=451 node=N2065 type=observe q_typed_reliable_context=1.991447 sequence=852.186930
[typed-five-r3/b22_C] [plan iscas99__b22] [plan] step=452 node=N3418 type=observe q_typed_reliable_context=1.789292 sequence=853.976222
[typed-five-r3/b22_C] [plan iscas99__b22] [plan] step=453 node=N9311 type=control0 q_typed_reliable_context=0.798436 sequence=854.774658
[typed-five-r3/b22_C] [plan iscas99__b22] [plan] step=454 node=N9310 type=control0 q_typed_reliable_context=0.633214 sequence=855.407872
[typed-five-r3/b22_C] [plan iscas99__b22] [plan] step=455 node=N5504 type=observe q_typed_reliable_context=5.530328 sequence=860.938200
[typed-five-r3/b22_C] [plan iscas99__b22] [plan] step=456 node=N4351 type=observe q_typed_reliable_context=1.544224 sequence=862.482425
[typed-five-r3/b22_C] [plan iscas99__b22] [plan] step=457 node=N19366 type=control0 q_typed_reliable_context=0.621409 sequence=863.103834
[typed-five-r3/b22_C] [plan iscas99__b22] [plan] step=458 node=N2030 type=observe q_typed_reliable_context=5.690041 sequence=868.793875
[typed-five-r3/b22_C] [plan iscas99__b22] [plan] step=459 node=N15060 type=observe q_typed_reliable_context=2.607833 sequence=871.401707
[typed-five-r3/b22_C] [plan iscas99__b22] [plan] step=460 node=N9572 type=control0 q_typed_reliable_context=0.607163 sequence=872.008871
[typed-five-r3/b22_C] [plan iscas99__b22] [plan] step=461 node=N21463 type=control1 q_typed_reliable_context=3.892166 sequence=875.901036
[typed-five-r3/b22_C] [plan iscas99__b22] [plan] step=462 node=N5255 type=observe q_typed_reliable_context=0.256861 sequence=876.157897
[typed-five-r3/b22_C] [plan iscas99__b22] [plan] step=463 node=N14523 type=control0 q_typed_reliable_context=0.648623 sequence=876.806520
[typed-five-r3/b22_C] [plan iscas99__b22] [plan] step=464 node=N3329 type=observe q_typed_reliable_context=2.672518 sequence=879.479038
[typed-five-r3/b22_C] [plan iscas99__b22] [plan] step=465 node=N2056 type=observe q_typed_reliable_context=2.040521 sequence=881.519559
[typed-five-r3/b22_C] [plan iscas99__b22] [plan] step=466 node=N4369 type=observe q_typed_reliable_context=1.120041 sequence=882.639600
[typed-five-r3/b22_C] [plan iscas99__b22] [plan] step=467 node=N5510 type=observe q_typed_reliable_context=1.495766 sequence=884.135366
[typed-five-r3/b22_C] [plan iscas99__b22] [plan] step=468 node=N6614 type=control0 q_typed_reliable_context=0.817682 sequence=884.953048
[typed-five-r3/b22_C] [plan iscas99__b22] [plan] step=469 node=N6784 type=control0 q_typed_reliable_context=0.733901 sequence=885.686949
[typed-five-r3/b22_C] [plan iscas99__b22] [plan] step=470 node=N6623 type=control0 q_typed_reliable_context=0.686930 sequence=886.373878
[typed-five-r3/b22_C] [plan iscas99__b22] [plan] step=471 node=N19346 type=control0 q_typed_reliable_context=0.399858 sequence=886.773736
[typed-five-r3/b22_C] [plan iscas99__b22] [plan] step=472 node=N5275 type=observe q_typed_reliable_context=0.721420 sequence=887.495157
[typed-five-r3/b22_C] [plan iscas99__b22] [plan] step=473 node=N2061 type=observe q_typed_reliable_context=5.959048 sequence=893.454204
[typed-five-r3/b22_C] [plan iscas99__b22] [plan] step=474 node=N3365 type=observe q_typed_reliable_context=2.717765 sequence=896.171970
[typed-five-r3/b22_C] [plan iscas99__b22] [plan] step=475 node=N15058 type=observe q_typed_reliable_context=2.011414 sequence=898.183384
[typed-five-r3/b22_C] [plan iscas99__b22] [plan] step=476 node=N4378 type=observe q_typed_reliable_context=1.046816 sequence=899.230200
[typed-five-r3/b22_C] [plan iscas99__b22] [plan] step=477 node=N2070 type=observe q_typed_reliable_context=1.608204 sequence=900.838403
[typed-five-r3/b22_C] [plan iscas99__b22] [plan] step=478 node=N5515 type=observe q_typed_reliable_context=1.663172 sequence=902.501575
[typed-five-r3/b22_C] [plan iscas99__b22] [plan] step=479 node=N2063 type=observe q_typed_reliable_context=2.543945 sequence=905.045520
[typed-five-r3/b22_C] [plan iscas99__b22] [plan] step=480 node=N3391 type=observe q_typed_reliable_context=1.938031 sequence=906.983551
[typed-five-r3/b22_C] [plan iscas99__b22] [plan] step=481 node=N4381 type=observe q_typed_reliable_context=2.060747 sequence=909.044299
[typed-five-r3/b22_C] [plan iscas99__b22] [plan] step=482 node=N2068 type=observe q_typed_reliable_context=1.842338 sequence=910.886636
[typed-five-r3/b22_C] [plan iscas99__b22] [plan] step=483 node=N6911 type=observe q_typed_reliable_context=1.364822 sequence=912.251458
[typed-five-r3/b22_C] [plan iscas99__b22] [plan] step=484 node=N15073 type=observe q_typed_reliable_context=1.615382 sequence=913.866840
[typed-five-r3/b22_C] [plan iscas99__b22] [plan] step=485 node=N1278 type=observe q_typed_reliable_context=0.785841 sequence=914.652681
[typed-five-r3/b22_C] [plan iscas99__b22] [plan] step=486 node=N4366 type=observe q_typed_reliable_context=0.990669 sequence=915.643350
[typed-five-r3/b22_C] [plan iscas99__b22] [plan] step=487 node=N3427 type=observe q_typed_reliable_context=1.255746 sequence=916.899096
[typed-five-r3/b22_C] [plan iscas99__b22] [plan] step=488 node=N6914 type=observe q_typed_reliable_context=1.071941 sequence=917.971037
[typed-five-r3/b22_C] [plan iscas99__b22] [plan] step=489 node=N4372 type=observe q_typed_reliable_context=0.988595 sequence=918.959632
[typed-five-r3/b22_C] [plan iscas99__b22] [plan] step=490 node=N3481 type=observe q_typed_reliable_context=1.334317 sequence=920.293949
[typed-five-r3/b22_C] [plan iscas99__b22] [plan] step=491 node=N19343 type=control0 q_typed_reliable_context=0.795798 sequence=921.089746
[typed-five-r3/b22_C] [plan iscas99__b22] [plan] step=492 node=N15069 type=observe q_typed_reliable_context=1.842857 sequence=922.932603
[typed-five-r3/b22_C] [plan iscas99__b22] [plan] step=493 node=N6926 type=observe q_typed_reliable_context=1.071378 sequence=924.003982
[typed-five-r3/b22_C] [plan iscas99__b22] [plan] step=494 node=N4396 type=observe q_typed_reliable_context=1.134055 sequence=925.138036
[typed-five-r3/b22_C] [plan iscas99__b22] [plan] step=495 node=N3499 type=observe q_typed_reliable_context=1.628759 sequence=926.766795
[typed-five-r3/b22_C] [plan iscas99__b22] [plan] step=496 node=N19339 type=control0 q_typed_reliable_context=0.798335 sequence=927.565130
[typed-five-r3/b22_C] [plan iscas99__b22] [plan] step=497 node=N6935 type=observe q_typed_reliable_context=1.437240 sequence=929.002370
[typed-five-r3/b22_C] [plan iscas99__b22] [plan] step=498 node=N14412 type=observe q_typed_reliable_context=1.503528 sequence=930.505898
[typed-five-r3/b22_C] [plan iscas99__b22] [plan] step=499 node=N4399 type=observe q_typed_reliable_context=1.239674 sequence=931.745572
[typed-five-r3/b22_C] [plan iscas99__b22] [plan] step=500 node=N19335 type=control0 q_typed_reliable_context=0.690710 sequence=932.436282
[typed-five-r3/b22_C] [plan iscas99__b22] [plan] step=501 node=N15051 type=observe q_typed_reliable_context=1.691809 sequence=934.128091
[typed-five-r3/b22_C] [plan iscas99__b22] [plan] step=502 node=N13032 type=control0 q_typed_reliable_context=1.054512 sequence=935.182604
[typed-five-r3/b22_C] [plan iscas99__b22] [plan] step=503 node=N6703 type=control0 q_typed_reliable_context=0.978731 sequence=936.161334
[typed-five-r3/b22_C] [plan iscas99__b22] [plan] step=504 node=N4547 type=observe q_typed_reliable_context=0.918801 sequence=937.080135
[typed-five-r3/b22_C] [plan iscas99__b22] [plan] step=505 node=N15348 type=control0 q_typed_reliable_context=0.987402 sequence=938.067537
[typed-five-r3/b22_C] [plan iscas99__b22] [plan] step=506 node=N13057 type=control0 q_typed_reliable_context=0.773794 sequence=938.841331
[typed-five-r3/b22_C] [plan iscas99__b22] [plan] step=507 node=N13055 type=control0 q_typed_reliable_context=0.681237 sequence=939.522568
[typed-five-r3/b22_C] [plan iscas99__b22] [plan] step=508 node=N6730 type=control0 q_typed_reliable_context=0.677147 sequence=940.199716
[typed-five-r3/b22_C] [plan iscas99__b22] [plan] step=509 node=N13053 type=control0 q_typed_reliable_context=0.946072 sequence=941.145788
[typed-five-r3/b22_C] [plan iscas99__b22] [plan] step=510 node=N2109 type=observe q_typed_reliable_context=1.546482 sequence=942.692270
[typed-five-r3/b22_C] [plan iscas99__b22] [plan] step=511 node=N15200 type=control1 q_typed_reliable_context=1.329252 sequence=944.021523
[typed-five-r3/b22_C] [plan iscas99__b22] [plan] step=512 node=N6917 type=observe q_typed_reliable_context=1.664788 sequence=945.686311
[typed-five-r3/b22_C] [plan iscas99__b22] [plan] step=513 node=N23994 type=control1 q_typed_reliable_context=1.199236 sequence=946.885547
[typed-five-r3/b22_C] [plan iscas99__b22] [plan] step=514 node=N14410 type=observe q_typed_reliable_context=1.523317 sequence=948.408864
[typed-five-r3/b22_C] [plan iscas99__b22] [plan] step=515 node=N4387 type=observe q_typed_reliable_context=2.105386 sequence=950.514250
[typed-five-r3/b22_C] [plan iscas99__b22] [plan] step=516 node=N14408 type=observe q_typed_reliable_context=1.318340 sequence=951.832590
[typed-five-r3/b22_C] [plan iscas99__b22] [plan] step=517 node=N6920 type=observe q_typed_reliable_context=1.990927 sequence=953.823517
[typed-five-r3/b22_C] [plan iscas99__b22] [plan] step=518 node=N3517 type=observe q_typed_reliable_context=2.330811 sequence=956.154328
[typed-five-r3/b22_C] [plan iscas99__b22] [plan] step=519 node=N14517 type=observe q_typed_reliable_context=1.657852 sequence=957.812180
[typed-five-r3/b22_C] [plan iscas99__b22] [plan] step=520 node=N7593 type=control1 q_typed_reliable_context=2.273125 sequence=960.085305
[typed-five-r3/b22_C] [plan iscas99__b22] [plan] step=521 node=N13035 type=control0 q_typed_reliable_context=0.802843 sequence=960.888148
[typed-five-r3/b22_C] [plan iscas99__b22] [plan] step=522 node=N13049 type=control0 q_typed_reliable_context=0.680241 sequence=961.568388
[typed-five-r3/b22_C] [plan iscas99__b22] [plan] step=523 node=N13028 type=control0 q_typed_reliable_context=0.674858 sequence=962.243246
[typed-five-r3/b22_C] [plan iscas99__b22] [plan] step=524 node=N18592 type=control0 q_typed_reliable_context=1.675890 sequence=963.919137
[typed-five-r3/b22_C] [plan iscas99__b22] [plan] step=525 node=N3936 type=control0 q_typed_reliable_context=1.775141 sequence=965.694277
[typed-five-r3/b22_C] [plan iscas99__b22] [plan] step=526 node=N1189 type=control1 q_typed_reliable_context=1.903360 sequence=967.597638
[typed-five-r3/b22_C] [plan iscas99__b22] [plan] step=527 node=N9804 type=control0 q_typed_reliable_context=1.778368 sequence=969.376005
[typed-five-r3/b22_C] [plan iscas99__b22] [plan] step=528 node=N2108 type=observe q_typed_reliable_context=1.302885 sequence=970.678891
[typed-five-r3/b22_C] [plan iscas99__b22] [plan] step=529 node=N24048 type=control1 q_typed_reliable_context=1.078821 sequence=971.757711
[typed-five-r3/b22_C] [plan iscas99__b22] [plan] step=530 node=N4402 type=observe q_typed_reliable_context=1.763286 sequence=973.520997
[typed-five-r3/b22_C] [plan iscas99__b22] [plan] step=531 node=N15053 type=observe q_typed_reliable_context=1.112835 sequence=974.633832
[typed-five-r3/b22_C] [plan iscas99__b22] [plan] step=532 node=N4831 type=observe q_typed_reliable_context=1.001211 sequence=975.635043
[typed-five-r3/b22_C] [plan iscas99__b22] [plan] step=533 node=N6938 type=observe q_typed_reliable_context=1.962362 sequence=977.597404
[typed-five-r3/b22_C] [plan iscas99__b22] [plan] step=534 node=N26397 type=control1 q_typed_reliable_context=0.915449 sequence=978.512854
[typed-five-r3/b22_C] [plan iscas99__b22] [plan] step=535 node=N15001 type=control1 q_typed_reliable_context=1.384325 sequence=979.897179
[typed-five-r3/b22_C] [plan iscas99__b22] [plan] step=536 node=N26477 type=control1 q_typed_reliable_context=1.200024 sequence=981.097203
[typed-five-r3/b22_C] [plan iscas99__b22] [plan] step=537 node=N5273 type=observe q_typed_reliable_context=1.052552 sequence=982.149755
[typed-five-r3/b22_C] [plan iscas99__b22] [plan] step=538 node=N4405 type=observe q_typed_reliable_context=1.604551 sequence=983.754306
[typed-five-r3/b22_C] [plan iscas99__b22] [plan] step=539 node=N26404 type=control1 q_typed_reliable_context=1.018638 sequence=984.772944
[typed-five-r3/b22_C] [plan iscas99__b22] [plan] step=540 node=N24317 type=control1 q_typed_reliable_context=1.966047 sequence=986.738991
[typed-five-r3/b22_C] [plan iscas99__b22] [plan] step=541 node=N21478 type=control1 q_typed_reliable_context=0.937219 sequence=987.676210
[typed-five-r3/b22_C] [plan iscas99__b22] [plan] step=542 node=N21481 type=control1 q_typed_reliable_context=1.979479 sequence=989.655689
[typed-five-r3/b22_C] [plan iscas99__b22] [plan] step=543 node=N12295 type=control1 q_typed_reliable_context=0.603405 sequence=990.259094
[typed-five-r3/b22_C] [plan iscas99__b22] [plan] step=544 node=N6856 type=control0 q_typed_reliable_context=1.125926 sequence=991.385019
[typed-five-r3/b22_C] [plan iscas99__b22] [plan] step=545 node=N13024 type=control0 q_typed_reliable_context=1.310815 sequence=992.695834
[typed-five-r3/b22_C] [plan iscas99__b22] [plan] step=546 node=N6721 type=control0 q_typed_reliable_context=1.823875 sequence=994.519709
[typed-five-r3/b22_C] [plan iscas99__b22] [plan] step=547 node=N9795 type=control0 q_typed_reliable_context=1.742519 sequence=996.262228
[typed-five-r3/b22_C] [plan iscas99__b22] [plan] step=548 node=N18501 type=observe q_typed_reliable_context=1.259668 sequence=997.521896
[typed-five-r3/b22_C] [plan iscas99__b22] [plan] step=549 node=N15075 type=observe q_typed_reliable_context=1.687132 sequence=999.209027
[typed-five-r3/b22_C] [plan iscas99__b22] [plan] step=550 node=N3535 type=observe q_typed_reliable_context=1.893860 sequence=1001.102887
[typed-five-r3/b22_C] [plan iscas99__b22] [plan] step=551 node=N4408 type=observe q_typed_reliable_context=1.455173 sequence=1002.558060
[typed-five-r3/b22_C] [plan iscas99__b22] [plan] step=552 node=N6916 type=observe q_typed_reliable_context=1.709745 sequence=1004.267806
[typed-five-r3/b22_C] [plan iscas99__b22] [plan] step=553 node=N15111 type=observe q_typed_reliable_context=1.317245 sequence=1005.585051
[typed-five-r3/b22_C] [plan iscas99__b22] [plan] step=554 node=N3553 type=observe q_typed_reliable_context=1.974180 sequence=1007.559230
[typed-five-r3/b22_C] [plan iscas99__b22] [plan] step=555 node=N2032 type=control1 q_typed_reliable_context=0.798057 sequence=1008.357287
[typed-five-r3/b22_C] [plan iscas99__b22] [plan] step=556 node=N18323 type=control1 q_typed_reliable_context=1.074173 sequence=1009.431459
[typed-five-r3/b22_C] [plan iscas99__b22] [plan] step=557 node=N12294 type=control1 q_typed_reliable_context=1.082637 sequence=1010.514096
[typed-five-r3/b22_C] [plan iscas99__b22] [plan] step=558 node=N21403 type=control1 q_typed_reliable_context=1.057011 sequence=1011.571107
[typed-five-r3/b22_C] [plan iscas99__b22] [plan] step=559 node=N23991 type=control1 q_typed_reliable_context=1.060009 sequence=1012.631116
[typed-five-r3/b22_C] [plan iscas99__b22] [plan] step=560 node=N21583 type=control1 q_typed_reliable_context=1.035952 sequence=1013.667068
[typed-five-r3/b22_C] [plan iscas99__b22] [plan] step=561 node=N9608 type=control0 q_typed_reliable_context=1.631518 sequence=1015.298586
[typed-five-r3/b22_C] [plan iscas99__b22] [plan] step=562 node=N9581 type=control0 q_typed_reliable_context=1.143291 sequence=1016.441877
[typed-five-r3/b22_C] [plan iscas99__b22] [plan] step=563 node=N21615 type=control1 q_typed_reliable_context=0.743642 sequence=1017.185520
[typed-five-r3/b22_C] [plan iscas99__b22] [plan] step=564 node=N9714 type=control0 q_typed_reliable_context=1.074015 sequence=1018.259535
[typed-five-r3/b22_C] [plan iscas99__b22] [plan] step=565 node=N8621 type=control1 q_typed_reliable_context=0.873763 sequence=1019.133298
[typed-five-r3/b22_C] [plan iscas99__b22] [plan] step=566 node=N6811 type=control0 q_typed_reliable_context=0.694923 sequence=1019.828221
[typed-five-r3/b22_C] [plan iscas99__b22] [plan] step=567 node=N9759 type=control0 q_typed_reliable_context=1.006191 sequence=1020.834412
[typed-five-r3/b22_C] [plan iscas99__b22] [plan] step=568 node=N20852 type=control1 q_typed_reliable_context=1.053953 sequence=1021.888365
[typed-five-r3/b22_C] [plan iscas99__b22] [plan] step=569 node=N6766 type=control0 q_typed_reliable_context=0.698765 sequence=1022.587130
[typed-five-r3/b22_C] [plan iscas99__b22] [plan] step=570 node=N20351 type=control1 q_typed_reliable_context=1.077377 sequence=1023.664507
[typed-five-r3/b22_C] [plan iscas99__b22] [plan] step=571 node=N9696 type=control0 q_typed_reliable_context=1.090841 sequence=1024.755348
[typed-five-r3/b22_C] [plan iscas99__b22] [plan] step=572 node=N9626 type=control0 q_typed_reliable_context=0.700498 sequence=1025.455847
[typed-five-r3/b22_C] [plan iscas99__b22] [plan] step=573 node=N21973 type=control1 q_typed_reliable_context=1.082517 sequence=1026.538363
[typed-five-r3/b22_C] [plan iscas99__b22] [plan] step=574 node=N4416 type=observe q_typed_reliable_context=0.710428 sequence=1027.248791
[typed-five-r3/b22_C] [plan iscas99__b22] [plan] step=575 node=N6919 type=observe q_typed_reliable_context=0.909083 sequence=1028.157874
[typed-five-r3/b22_C] [plan iscas99__b22] [plan] step=576 node=N9678 type=control0 q_typed_reliable_context=0.741919 sequence=1028.899793
[typed-five-r3/b22_C] [plan iscas99__b22] [plan] step=577 node=N19851 type=control1 q_typed_reliable_context=1.153247 sequence=1030.053040
[typed-five-r3/b22_C] [plan iscas99__b22] [plan] step=578 node=N15066 type=observe q_typed_reliable_context=0.886410 sequence=1030.939450
[typed-five-r3/b22_C] [plan iscas99__b22] [plan] step=579 node=N3235 type=observe q_typed_reliable_context=1.316594 sequence=1032.256044
[typed-five-r3/b22_C] [plan iscas99__b22] [plan] step=580 node=N3255 type=observe q_typed_reliable_context=1.844132 sequence=1034.100176
[typed-five-r3/b22_C] [plan iscas99__b22] [plan] step=581 node=N26403 type=control1 q_typed_reliable_context=1.074551 sequence=1035.174727
[typed-five-r3/b22_C] [plan iscas99__b22] [plan] step=582 node=N9813 type=control0 q_typed_reliable_context=0.781679 sequence=1035.956406
[typed-five-r3/b22_C] [plan iscas99__b22] [plan] step=583 node=N21612 type=control1 q_typed_reliable_context=0.740835 sequence=1036.697241
[typed-five-r3/b22_C] [plan iscas99__b22] [plan] step=584 node=N20851 type=control1 q_typed_reliable_context=1.268895 sequence=1037.966136
[typed-five-r3/b22_C] [plan iscas99__b22] [plan] step=585 node=N20858 type=control1 q_typed_reliable_context=1.311827 sequence=1039.277963
[typed-five-r3/b22_C] [plan iscas99__b22] [plan] step=586 node=N20850 type=control1 q_typed_reliable_context=1.621399 sequence=1040.899362
[typed-five-r3/b22_C] [plan iscas99__b22] [plan] step=587 node=N6668 type=control0 q_typed_reliable_context=0.688788 sequence=1041.588149
[typed-five-r3/b22_C] [plan iscas99__b22] [plan] step=588 node=N3400 type=observe q_typed_reliable_context=1.263860 sequence=1042.852010
[typed-five-r3/b22_C] [plan iscas99__b22] [plan] step=589 node=N24130 type=control1 q_typed_reliable_context=0.805410 sequence=1043.657420
[typed-five-r3/b22_C] [plan iscas99__b22] [plan] step=590 node=N21714 type=control0 q_typed_reliable_context=1.260680 sequence=1044.918101
[typed-five-r3/b22_C] [plan iscas99__b22] [plan] step=591 node=N4362 type=observe q_typed_reliable_context=0.836723 sequence=1045.754824
[typed-five-r3/b22_C] [plan iscas99__b22] [plan] step=592 node=N18235 type=control1 q_typed_reliable_context=0.830149 sequence=1046.584973
[typed-five-r3/b22_C] [plan iscas99__b22] [plan] step=593 node=N20349 type=control1 q_typed_reliable_context=1.324558 sequence=1047.909531
[typed-five-r3/b22_C] [plan iscas99__b22] [plan] step=594 node=N20350 type=control1 q_typed_reliable_context=1.523236 sequence=1049.432767
[typed-five-r3/b22_C] [plan iscas99__b22] [plan] step=595 node=N20357 type=control1 q_typed_reliable_context=1.680988 sequence=1051.113755
[typed-five-r3/b22_C] [plan iscas99__b22] [plan] step=596 node=N24210 type=control0 q_typed_reliable_context=0.879566 sequence=1051.993320
[typed-five-r3/b22_C] [plan iscas99__b22] [plan] step=597 node=N15280 type=control0 q_typed_reliable_context=0.776581 sequence=1052.769901
[typed-five-r3/b22_C] [plan iscas99__b22] [plan] step=598 node=N20857 type=control1 q_typed_reliable_context=1.192116 sequence=1053.962018
[typed-five-r3/b22_C] [plan iscas99__b22] [plan] step=599 node=N13022 type=control0 q_typed_reliable_context=0.731767 sequence=1054.693785
[typed-five-r3/b22_C] [plan iscas99__b22] [plan] step=600 node=N13018 type=control0 q_typed_reliable_context=0.738632 sequence=1055.432417
[typed-five-r3/b22_C] [plan iscas99__b22] [plan] step=601 node=N21971 type=control1 q_typed_reliable_context=2.288406 sequence=1057.720823
[typed-five-r3/b22_C] [plan iscas99__b22] [plan] step=602 node=N20356 type=control1 q_typed_reliable_context=1.191616 sequence=1058.912439
[typed-five-r3/b22_C] [plan iscas99__b22] [plan] step=603 node=N21972 type=control1 q_typed_reliable_context=1.435162 sequence=1060.347601
[typed-five-r3/b22_C] [plan iscas99__b22] [plan] step=604 node=N15110 type=observe q_typed_reliable_context=0.377366 sequence=1060.724966
[typed-five-r3/b22_C] [plan iscas99__b22] [plan] step=605 node=N6922 type=observe q_typed_reliable_context=2.145145 sequence=1062.870112
[typed-five-r3/b22_C] [plan iscas99__b22] [plan] step=606 node=N6122 type=observe q_typed_reliable_context=2.179259 sequence=1065.049371
[typed-five-r3/b22_C] [plan iscas99__b22] [plan] step=607 node=N3744 type=observe q_typed_reliable_context=1.288107 sequence=1066.337478
[typed-five-r3/b22_C] [plan iscas99__b22] [plan] step=608 node=N21979 type=control1 q_typed_reliable_context=1.876879 sequence=1068.214357
[typed-five-r3/b22_C] [plan iscas99__b22] [plan] step=609 node=N21978 type=control1 q_typed_reliable_context=1.655372 sequence=1069.869729
[typed-five-r3/b22_C] [plan iscas99__b22] [plan] step=610 node=N15295 type=control0 q_typed_reliable_context=0.831094 sequence=1070.700823
[typed-five-r3/b22_C] [plan iscas99__b22] [plan] step=611 node=N18225 type=control1 q_typed_reliable_context=0.830536 sequence=1071.531359
[typed-five-r3/b22_C] [plan iscas99__b22] [plan] step=612 node=N1173 type=control0 q_typed_reliable_context=0.169122 sequence=1071.700481
[typed-five-r3/b22_C] [plan iscas99__b22] [plan] step=613 node=N19849 type=control1 q_typed_reliable_context=2.053768 sequence=1073.754250
[typed-five-r3/b22_C] [plan iscas99__b22] [plan] step=614 node=N19850 type=control1 q_typed_reliable_context=1.132451 sequence=1074.886701
[typed-five-r3/b22_C] [plan iscas99__b22] [plan] step=615 node=N19857 type=control1 q_typed_reliable_context=1.241038 sequence=1076.127739
[typed-five-r3/b22_C] [plan iscas99__b22] [plan] step=616 node=N19856 type=control1 q_typed_reliable_context=1.273645 sequence=1077.401384
[typed-five-r3/b22_C] [plan iscas99__b22] [plan] step=617 node=N9768 type=control0 q_typed_reliable_context=0.700622 sequence=1078.102006
[typed-five-r3/b22_C] [plan iscas99__b22] [plan] step=618 node=N9750 type=control0 q_typed_reliable_context=0.704979 sequence=1078.806985
[typed-five-r3/b22_C] [plan iscas99__b22] [plan] step=619 node=N12698 type=control1 q_typed_reliable_context=0.728363 sequence=1079.535348
[typed-five-r3/b22_C] [plan iscas99__b22] [plan] step=620 node=N21580 type=control1 q_typed_reliable_context=0.837416 sequence=1080.372764
[typed-five-r3/b22_C] [plan iscas99__b22] [plan] step=621 node=N15135 type=control1 q_typed_reliable_context=0.777259 sequence=1081.150023
[typed-five-r3/b22_C] [plan iscas99__b22] [plan] step=622 node=N6928 type=observe q_typed_reliable_context=1.098327 sequence=1082.248350
[typed-five-r3/b22_C] [plan iscas99__b22] [plan] step=623 node=N15052 type=observe q_typed_reliable_context=0.950617 sequence=1083.198967
[typed-five-r3/b22_C] [plan iscas99__b22] [plan] step=624 node=N4334 type=observe q_typed_reliable_context=0.966672 sequence=1084.165640
[typed-five-r3/b22_C] [plan iscas99__b22] [plan] step=625 node=N3508 type=observe q_typed_reliable_context=1.241849 sequence=1085.407489
[typed-five-r3/b22_C] [plan iscas99__b22] [plan] step=626 node=N24042 type=observe q_typed_reliable_context=0.225818 sequence=1085.633307
[typed-five-r3/b22_C] [plan iscas99__b22] [plan] step=627 node=N3742 type=observe q_typed_reliable_context=1.293674 sequence=1086.926981
[typed-five-r3/b22_C] [plan iscas99__b22] [plan] step=628 node=N6937 type=observe q_typed_reliable_context=1.125250 sequence=1088.052231
[typed-five-r3/b22_C] [plan iscas99__b22] [plan] step=629 node=N4337 type=observe q_typed_reliable_context=1.108672 sequence=1089.160902
[typed-five-r3/b22_C] [plan iscas99__b22] [plan] step=630 node=N14423 type=observe q_typed_reliable_context=0.934390 sequence=1090.095292
[typed-five-r3/b22_C] [plan iscas99__b22] [plan] step=631 node=N15347 type=control0 q_typed_reliable_context=0.740946 sequence=1090.836238
[typed-five-r3/b22_C] [plan iscas99__b22] [plan] step=632 node=N3338 type=observe q_typed_reliable_context=1.187758 sequence=1092.023996
[typed-five-r3/b22_C] [plan iscas99__b22] [plan] step=633 node=N15063 type=observe q_typed_reliable_context=1.286115 sequence=1093.310110
[typed-five-r3/b22_C] [plan iscas99__b22] [plan] step=634 node=N26494 type=control0 q_typed_reliable_context=0.786414 sequence=1094.096524
[typed-five-r3/b22_C] [plan iscas99__b22] [plan] step=635 node=N9635 type=control0 q_typed_reliable_context=0.703363 sequence=1094.799887
[typed-five-r3/b22_C] [plan iscas99__b22] [plan] step=636 node=N9741 type=control0 q_typed_reliable_context=1.289923 sequence=1096.089811
[typed-five-r3/b22_C] [plan iscas99__b22] [plan] step=637 node=N9705 type=control0 q_typed_reliable_context=0.618031 sequence=1096.707842
[typed-five-r3/b22_C] [plan iscas99__b22] [plan] step=638 node=N9669 type=control0 q_typed_reliable_context=0.568078 sequence=1097.275920
[typed-five-r3/b22_C] [plan iscas99__b22] [plan] step=639 node=N9660 type=control0 q_typed_reliable_context=1.150947 sequence=1098.426866
[typed-five-r3/b22_C] [plan iscas99__b22] [plan] step=640 node=N9590 type=control0 q_typed_reliable_context=1.095148 sequence=1099.522014
[typed-five-r3/b22_C] [plan iscas99__b22] [plan] step=641 node=N9617 type=control0 q_typed_reliable_context=0.599046 sequence=1100.121061
[typed-five-r3/b22_C] [plan iscas99__b22] [plan] step=642 node=N9723 type=control0 q_typed_reliable_context=0.572428 sequence=1100.693489
[typed-five-r3/b22_C] [plan iscas99__b22] [plan] step=643 node=N9559 type=control0 q_typed_reliable_context=1.103315 sequence=1101.796803
[typed-five-r3/b22_C] [plan iscas99__b22] [plan] step=644 node=N9651 type=control0 q_typed_reliable_context=1.045442 sequence=1102.842245
[typed-five-r3/b22_C] [plan iscas99__b22] [plan] step=645 node=N9599 type=control0 q_typed_reliable_context=0.596893 sequence=1103.439138
[typed-five-r3/b22_C] [plan iscas99__b22] [plan] step=646 node=N12323 type=control0 q_typed_reliable_context=0.574303 sequence=1104.013441
[typed-five-r3/b22_C] [plan iscas99__b22] [plan] step=647 node=N9777 type=control0 q_typed_reliable_context=1.086343 sequence=1105.099784
[typed-five-r3/b22_C] [plan iscas99__b22] [plan] step=648 node=N9687 type=control0 q_typed_reliable_context=1.019735 sequence=1106.119519
[typed-five-r3/b22_C] [plan iscas99__b22] [plan] step=649 node=N12321 type=control0 q_typed_reliable_context=0.601077 sequence=1106.720596
[typed-five-r3/b22_C] [plan iscas99__b22] [plan] step=650 node=N14511 type=control0 q_typed_reliable_context=0.580169 sequence=1107.300765
[typed-five-r3/b22_C] [plan iscas99__b22] [plan] step=651 node=N18575 type=control0 q_typed_reliable_context=0.570049 sequence=1107.870815
[typed-five-r3/b22_C] [plan iscas99__b22] [plan] step=652 node=N21723 type=control0 q_typed_reliable_context=0.535235 sequence=1108.406050
[typed-five-r3/b22_C] [plan iscas99__b22] [plan] step=653 node=N12325 type=control0 q_typed_reliable_context=0.492441 sequence=1108.898491
[typed-five-r3/b22_C] [plan iscas99__b22] [plan] step=654 node=N9786 type=control0 q_typed_reliable_context=0.450332 sequence=1109.348823
[typed-five-r3/b22_C] [plan iscas99__b22] [plan] step=655 node=N15343 type=control0 q_typed_reliable_context=0.405565 sequence=1109.754388
[typed-five-r3/b22_C] [plan iscas99__b22] [plan] step=656 node=N3751 type=observe q_typed_reliable_context=0.963177 sequence=1110.717565
[typed-five-r3/b22_C] [plan iscas99__b22] [plan] step=657 node=N12892 type=control0 q_typed_reliable_context=0.453062 sequence=1111.170627
[typed-five-r3/b22_C] [plan iscas99__b22] [plan] step=658 node=N26396 type=control1 q_typed_reliable_context=0.254391 sequence=1111.425018
[typed-five-r3/b22_C] [plan iscas99__b22] [plan] step=659 node=N21866 type=control0 q_typed_reliable_context=0.785333 sequence=1112.210352
[typed-five-r3/b22_C] [plan iscas99__b22] [plan] step=660 node=N12293 type=control1 q_typed_reliable_context=0.735805 sequence=1112.946156
[typed-five-r3/b22_C] [plan iscas99__b22] [plan] step=661 node=N28414 type=control1 q_typed_reliable_context=1.076466 sequence=1114.022622
[typed-five-r3/b22_C] [plan iscas99__b22] [plan] step=662 node=N18126 type=control1 q_typed_reliable_context=0.682511 sequence=1114.705133
[typed-five-r3/b22_C] [plan iscas99__b22] [plan] step=663 node=N28408 type=control1 q_typed_reliable_context=0.896593 sequence=1115.601727
[typed-five-r3/b22_C] [plan iscas99__b22] [plan] step=664 node=N6940 type=observe q_typed_reliable_context=1.157284 sequence=1116.759011
[typed-five-r3/b22_C] [plan iscas99__b22] [plan] step=665 node=N4340 type=observe q_typed_reliable_context=1.830118 sequence=1118.589129
[typed-five-r3/b22_C] [plan iscas99__b22] [plan] step=666 node=N4475 type=observe q_typed_reliable_context=0.362637 sequence=1118.951767
[typed-five-r3/b22_C] [plan iscas99__b22] [plan] step=667 node=N9185 type=control1 q_typed_reliable_context=0.844400 sequence=1119.796167
[typed-five-r3/b22_C] [plan iscas99__b22] [plan] step=668 node=N3472 type=observe q_typed_reliable_context=0.425843 sequence=1120.222010
[typed-five-r3/b22_C] [plan iscas99__b22] [plan] step=669 node=N14486 type=observe q_typed_reliable_context=1.340196 sequence=1121.562205
[typed-five-r3/b22_C] [plan iscas99__b22] [plan] step=670 node=N4412 type=observe q_typed_reliable_context=0.637222 sequence=1122.199427
[typed-five-r3/b22_C] [plan iscas99__b22] [plan] step=671 node=N3309 type=observe q_typed_reliable_context=1.020446 sequence=1123.219874
[typed-five-r3/b22_C] [plan iscas99__b22] [plan] step=672 node=N29436 type=control1 q_typed_reliable_context=1.247091 sequence=1124.466965
[typed-five-r3/b22_C] [plan iscas99__b22] [plan] step=673 node=N29442 type=control1 q_typed_reliable_context=1.779313 sequence=1126.246277
[typed-five-r3/b22_C] [plan iscas99__b22] [plan] step=674 node=N15061 type=observe q_typed_reliable_context=1.020225 sequence=1127.266503
[typed-five-r3/b22_C] [plan iscas99__b22] [plan] step=675 node=N4418 type=observe q_typed_reliable_context=0.856845 sequence=1128.123348
[typed-five-r3/b22_C] [plan iscas99__b22] [plan] step=676 node=N26533 type=control1 q_typed_reliable_context=1.202150 sequence=1129.325498
[typed-five-r3/b22_C] [plan iscas99__b22] [plan] step=677 node=N3356 type=observe q_typed_reliable_context=1.389978 sequence=1130.715477
[typed-five-r3/b22_C] [plan iscas99__b22] [plan] step=678 node=N4421 type=observe q_typed_reliable_context=0.873108 sequence=1131.588585
[typed-five-r3/b22_C] [plan iscas99__b22] [plan] step=679 node=N15077 type=observe q_typed_reliable_context=0.931278 sequence=1132.519862
[typed-five-r3/b22_C] [plan iscas99__b22] [plan] step=680 node=N26539 type=control1 q_typed_reliable_context=0.693544 sequence=1133.213406
[typed-five-r3/b22_C] [plan iscas99__b22] [plan] step=681 node=N14420 type=observe q_typed_reliable_context=0.514446 sequence=1133.727852
[typed-five-r3/b22_C] [plan iscas99__b22] [plan] step=682 node=N7486 type=observe q_typed_reliable_context=0.992431 sequence=1134.720283
[typed-five-r3/b22_C] [plan iscas99__b22] [plan] step=683 node=N14347 type=observe q_typed_reliable_context=1.119977 sequence=1135.840260
[typed-five-r3/b22_C] [plan iscas99__b22] [plan] step=684 node=N7495 type=observe q_typed_reliable_context=0.956302 sequence=1136.796561
[typed-five-r3/b22_C] [plan iscas99__b22] [plan] step=685 node=N3374 type=observe q_typed_reliable_context=1.487191 sequence=1138.283753
[typed-five-r3/b22_C] [plan iscas99__b22] [plan] step=686 node=N7507 type=observe q_typed_reliable_context=1.231011 sequence=1139.514764
[typed-five-r3/b22_C] [plan iscas99__b22] [plan] step=687 node=N14351 type=observe q_typed_reliable_context=1.080272 sequence=1140.595036
[typed-five-r3/b22_C] [plan iscas99__b22] [plan] step=688 node=N2608 type=observe q_typed_reliable_context=1.048453 sequence=1141.643488
[typed-five-r3/b22_C] [plan iscas99__b22] [plan] step=689 node=N3409 type=observe q_typed_reliable_context=1.069207 sequence=1142.712695
[typed-five-r3/b22_C] [plan iscas99__b22] [plan] step=690 node=N15068 type=observe q_typed_reliable_context=0.898920 sequence=1143.611615
[typed-five-r3/b22_C] [plan iscas99__b22] [plan] step=691 node=N14342 type=observe q_typed_reliable_context=0.692999 sequence=1144.304613
[typed-five-r3/b22_C] [plan iscas99__b22] [plan] step=692 node=N2760 type=observe q_typed_reliable_context=1.109495 sequence=1145.414108
[typed-five-r3/b22_C] [plan iscas99__b22] [plan] step=693 node=N3445 type=observe q_typed_reliable_context=1.183348 sequence=1146.597456
[typed-five-r3/b22_C] [plan iscas99__b22] [plan] step=694 node=N27036 type=control1 q_typed_reliable_context=4.004256 sequence=1150.601712
[typed-five-r3/b22_C] [plan iscas99__b22] [plan] step=695 node=N21709 type=control0 q_typed_reliable_context=5.554313 sequence=1156.156025
[typed-five-r3/b22_C] [plan iscas99__b22] [plan] step=696 node=N15103 type=observe q_typed_reliable_context=0.909331 sequence=1157.065356
[typed-five-r3/b22_C] [plan iscas99__b22] [plan] step=697 node=N14346 type=observe q_typed_reliable_context=1.054542 sequence=1158.119898
[typed-five-r3/b22_C] [plan iscas99__b22] [plan] step=698 node=N2798 type=observe q_typed_reliable_context=1.118644 sequence=1159.238542
[typed-five-r3/b22_C] [plan iscas99__b22] [plan] step=699 node=N12319 type=control0 q_typed_reliable_context=1.754903 sequence=1160.993446
[typed-five-r3/b22_C] [plan iscas99__b22] [plan] step=700 node=N27042 type=control1 q_typed_reliable_context=1.917266 sequence=1162.910712
[typed-five-r3/b22_C] [plan iscas99__b22] [plan] step=701 node=N26405 type=control1 q_typed_reliable_context=0.724869 sequence=1163.635581
[typed-five-r3/b22_C] [plan iscas99__b22] [plan] step=702 node=N3080 type=observe q_typed_reliable_context=0.410382 sequence=1164.045963
[typed-five-r3/b22_C] [plan iscas99__b22] [plan] step=703 node=N3095 type=observe q_typed_reliable_context=1.049919 sequence=1165.095882
[typed-five-r3/b22_C] [plan iscas99__b22] [plan] step=704 node=N3105 type=observe q_typed_reliable_context=1.530712 sequence=1166.626593
[typed-five-r3/b22_C] [plan iscas99__b22] [plan] step=705 node=N3115 type=observe q_typed_reliable_context=2.333035 sequence=1168.959628
[typed-five-r3/b22_C] [plan iscas99__b22] [plan] step=706 node=N3125 type=observe q_typed_reliable_context=3.686021 sequence=1172.645649
[typed-five-r3/b22_C] [plan iscas99__b22] [plan] step=707 node=N3135 type=observe q_typed_reliable_context=2.781691 sequence=1175.427340
[typed-five-r3/b22_C] [plan iscas99__b22] [plan] step=708 node=N3145 type=observe q_typed_reliable_context=2.488832 sequence=1177.916172
[typed-five-r3/b22_C] [plan iscas99__b22] [plan] step=709 node=N3155 type=observe q_typed_reliable_context=2.259212 sequence=1180.175384
[typed-five-r3/b22_C] [plan iscas99__b22] [plan] step=710 node=N3165 type=observe q_typed_reliable_context=2.110668 sequence=1182.286052
[typed-five-r3/b22_C] [plan iscas99__b22] [plan] step=711 node=N3175 type=observe q_typed_reliable_context=2.102169 sequence=1184.388220
[typed-five-r3/b22_C] [plan iscas99__b22] [plan] step=712 node=N3185 type=observe q_typed_reliable_context=2.095088 sequence=1186.483308
[typed-five-r3/b22_C] [plan iscas99__b22] [plan] step=713 node=N3195 type=observe q_typed_reliable_context=2.274043 sequence=1188.757351
[typed-five-r3/b22_C] [plan iscas99__b22] [plan] step=714 node=N3205 type=observe q_typed_reliable_context=2.495433 sequence=1191.252784
[typed-five-r3/b22_C] [plan iscas99__b22] [plan] step=715 node=N3215 type=observe q_typed_reliable_context=2.723431 sequence=1193.976215
[typed-five-r3/b22_C] [plan iscas99__b22] [plan] step=716 node=N3225 type=observe q_typed_reliable_context=2.977308 sequence=1196.953522
[typed-five-r3/b22_C] [plan iscas99__b22] [plan] step=717 node=N3245 type=observe q_typed_reliable_context=3.304303 sequence=1200.257825
[typed-five-r3/b22_C] [plan iscas99__b22] [plan] step=718 node=N15059 type=observe q_typed_reliable_context=3.129352 sequence=1203.387177
[typed-five-r3/b22_C] [plan iscas99__b22] [plan] step=719 node=N3463 type=observe q_typed_reliable_context=3.143048 sequence=1206.530225
[typed-five-r3/b22_C] [plan iscas99__b22] [plan] step=720 node=N27543 type=control1 q_typed_reliable_context=3.696152 sequence=1210.226377
[typed-five-r3/b22_C] [plan iscas99__b22] [plan] step=721 node=N14358 type=observe q_typed_reliable_context=2.195910 sequence=1212.422287
[typed-five-r3/b22_C] [plan iscas99__b22] [plan] step=722 node=N27537 type=control1 q_typed_reliable_context=1.299348 sequence=1213.721635
[typed-five-r3/b22_C] [plan iscas99__b22] [plan] step=723 node=N24313 type=control1 q_typed_reliable_context=0.740160 sequence=1214.461795
[typed-five-r3/b22_C] [plan iscas99__b22] [plan] step=724 node=N15168 type=control1 q_typed_reliable_context=0.739494 sequence=1215.201289
[typed-five-r3/b22_C] [plan iscas99__b22] [plan] step=725 node=N29434 type=control1 q_typed_reliable_context=1.315851 sequence=1216.517140
[typed-five-r3/b22_C] [plan iscas99__b22] [plan] step=726 node=N29435 type=control1 q_typed_reliable_context=1.608816 sequence=1218.125957
[typed-five-r3/b22_C] [plan iscas99__b22] [plan] step=727 node=N26531 type=control1 q_typed_reliable_context=1.913917 sequence=1220.039874
[typed-five-r3/b22_C] [plan iscas99__b22] [plan] step=728 node=N26532 type=control1 q_typed_reliable_context=1.953581 sequence=1221.993455
[typed-five-r3/b22_C] [plan iscas99__b22] [plan] step=729 node=N27034 type=control1 q_typed_reliable_context=3.678914 sequence=1225.672370
[typed-five-r3/b22_C] [plan iscas99__b22] [plan] step=730 node=N27035 type=control1 q_typed_reliable_context=3.737040 sequence=1229.409410
[typed-five-r3/b22_C] [plan iscas99__b22] [plan] step=731 node=N27535 type=control1 q_typed_reliable_context=3.830502 sequence=1233.239912
[typed-five-r3/b22_C] [plan iscas99__b22] [plan] step=732 node=N27536 type=control1 q_typed_reliable_context=3.183854 sequence=1236.423766
[typed-five-r3/b22_C] [plan iscas99__b22] [plan] step=733 node=N18499 type=observe q_typed_reliable_context=0.732727 sequence=1237.156493
[typed-five-r3/b22_C] [plan iscas99__b22] [plan] step=734 node=N15172 type=control1 q_typed_reliable_context=1.070323 sequence=1238.226817
[typed-five-r3/b22_C] [plan iscas99__b22] [plan] step=735 node=N15275 type=control0 q_typed_reliable_context=1.496915 sequence=1239.723732
[typed-five-r3/b22_C] [plan iscas99__b22] [plan] step=736 node=N15137 type=control1 q_typed_reliable_context=0.939745 sequence=1240.663477
[typed-five-r3/b22_C] [plan iscas99__b22] [plan] step=737 node=N13065 type=control1 q_typed_reliable_context=1.540463 sequence=1242.203940
[typed-five-r3/b22_C] [plan iscas99__b22] [plan] step=738 node=N13066 type=control1 q_typed_reliable_context=1.837075 sequence=1244.041015
[typed-five-r3/b22_C] [plan iscas99__b22] [plan] step=739 node=N16538 type=control1 q_typed_reliable_context=2.180932 sequence=1246.221946
[typed-five-r3/b22_C] [plan iscas99__b22] [plan] step=740 node=N16539 type=control1 q_typed_reliable_context=2.426016 sequence=1248.647963
[typed-five-r3/b22_C] [plan iscas99__b22] [plan] step=741 node=N13073 type=control1 q_typed_reliable_context=2.534613 sequence=1251.182576
[typed-five-r3/b22_C] [plan iscas99__b22] [plan] step=742 node=N5256 type=observe q_typed_reliable_context=0.432950 sequence=1251.615526
[typed-five-r3/b22_C] [plan iscas99__b22] [plan] step=743 node=N26400 type=control0 q_typed_reliable_context=0.849418 sequence=1252.464944
[typed-five-r3/b22_C] [plan iscas99__b22] [plan] step=744 node=N16546 type=control1 q_typed_reliable_context=1.369872 sequence=1253.834816
[typed-five-r3/b22_C] [plan iscas99__b22] [plan] step=745 node=N12329 type=control0 q_typed_reliable_context=0.937870 sequence=1254.772686
[typed-five-r3/b22_C] [plan iscas99__b22] [plan] step=746 node=N17036 type=control1 q_typed_reliable_context=1.375820 sequence=1256.148506
[typed-five-r3/b22_C] [plan iscas99__b22] [plan] step=747 node=N9643 type=control0 q_typed_reliable_context=0.919489 sequence=1257.067995
[typed-five-r3/b22_C] [plan iscas99__b22] [plan] step=748 node=N3694 type=control0 q_typed_reliable_context=0.861656 sequence=1257.929650
[typed-five-r3/b22_C] [plan iscas99__b22] [plan] step=749 node=N17037 type=control1 q_typed_reliable_context=1.457111 sequence=1259.386762
[typed-five-r3/b22_C] [plan iscas99__b22] [plan] step=750 node=N4431 type=control0 q_typed_reliable_context=1.002385 sequence=1260.389147
[typed-five-r3/b22_C] [plan iscas99__b22] [plan] step=751 node=N17044 type=control1 q_typed_reliable_context=2.494139 sequence=1262.883286
[typed-five-r3/b22_C] [plan iscas99__b22] [plan] step=752 node=N15344 type=control0 q_typed_reliable_context=0.621202 sequence=1263.504488
[typed-five-r3/b22_C] [plan iscas99__b22] [plan] step=753 node=N29441 type=control1 q_typed_reliable_context=1.798697 sequence=1265.303185
[typed-five-r3/b22_C] [plan iscas99__b22] [plan] step=754 node=N12890 type=control0 q_typed_reliable_context=0.799407 sequence=1266.102592
[typed-five-r3/b22_C] [plan iscas99__b22] [plan] step=755 node=N26538 type=control1 q_typed_reliable_context=2.158163 sequence=1268.260755
[typed-five-r3/b22_C] [plan iscas99__b22] [plan] step=756 node=N2817 type=observe q_typed_reliable_context=3.033313 sequence=1271.294067
[typed-five-r3/b22_C] [plan iscas99__b22] [plan] step=757 node=N28455 type=control0 q_typed_reliable_context=2.458350 sequence=1273.752417
[typed-five-r3/b22_C] [plan iscas99__b22] [plan] step=758 node=N27041 type=control1 q_typed_reliable_context=2.943385 sequence=1276.695803
[typed-five-r3/b22_C] [plan iscas99__b22] [plan] step=759 node=N27542 type=control1 q_typed_reliable_context=3.358034 sequence=1280.053836
[typed-five-r3/b22_C] [plan iscas99__b22] [plan] step=760 node=N17534 type=control1 q_typed_reliable_context=5.884638 sequence=1285.938475
[typed-five-r3/b22_C] [plan iscas99__b22] [plan] step=761 node=N17535 type=control1 q_typed_reliable_context=5.916455 sequence=1291.854929
[typed-five-r3/b22_C] [plan iscas99__b22] [plan] step=762 node=N17542 type=control1 q_typed_reliable_context=5.875371 sequence=1297.730301
[typed-five-r3/b22_C] [plan iscas99__b22] [plan] step=763 node=N28148 type=control1 q_typed_reliable_context=1.827252 sequence=1299.557553
[typed-five-r3/b22_C] [plan iscas99__b22] [plan] step=764 node=N28155 type=control1 q_typed_reliable_context=1.776965 sequence=1301.334518
[typed-five-r3/b22_C] [plan iscas99__b22] [plan] step=765 node=N28627 type=control0 q_typed_reliable_context=1.542444 sequence=1302.876962
[typed-five-r3/b22_C] [plan iscas99__b22] [plan] step=766 node=N18495 type=observe q_typed_reliable_context=0.691867 sequence=1303.568829
[typed-five-r3/b22_C] [plan iscas99__b22] [plan] step=767 node=N15291 type=observe q_typed_reliable_context=1.592898 sequence=1305.161728
[typed-five-r3/b22_C] [plan iscas99__b22] [plan] step=768 node=N24152 type=control0 q_typed_reliable_context=1.786083 sequence=1306.947811
[typed-five-r3/b22_C] [plan iscas99__b22] [plan] step=769 node=N18245 type=control1 q_typed_reliable_context=0.651863 sequence=1307.599673
[typed-five-r3/b22_C] [plan iscas99__b22] [plan] step=770 node=N13067 type=control1 q_typed_reliable_context=1.269331 sequence=1308.869004
[typed-five-r3/b22_C] [plan iscas99__b22] [plan] step=771 node=N16540 type=control1 q_typed_reliable_context=1.428807 sequence=1310.297812
[typed-five-r3/b22_C] [plan iscas99__b22] [plan] step=772 node=N3265 type=observe q_typed_reliable_context=1.280303 sequence=1311.578115
[typed-five-r3/b22_C] [plan iscas99__b22] [plan] step=773 node=N4331 type=control0 q_typed_reliable_context=0.918571 sequence=1312.496686
[typed-five-r3/b22_C] [plan iscas99__b22] [plan] step=774 node=N12718 type=control1 q_typed_reliable_context=0.700403 sequence=1313.197088
[typed-five-r3/b22_C] [plan iscas99__b22] [plan] step=775 node=N12292 type=control1 q_typed_reliable_context=0.473037 sequence=1313.670125
[typed-five-r3/b22_C] [plan iscas99__b22] [plan] step=776 node=N17038 type=control1 q_typed_reliable_context=1.100865 sequence=1314.770990
[typed-five-r3/b22_C] [plan iscas99__b22] [plan] step=777 node=N13072 type=control1 q_typed_reliable_context=1.374033 sequence=1316.145023
[typed-five-r3/b22_C] [plan iscas99__b22] [plan] step=778 node=N10503 type=control0 q_typed_reliable_context=0.413427 sequence=1316.558450
[typed-five-r3/b22_C] [plan iscas99__b22] [plan] step=779 node=N15050 type=control1 q_typed_reliable_context=0.270213 sequence=1316.828663
[typed-five-r3/b22_C] [plan iscas99__b22] [plan] step=780 node=N26523 type=control0 q_typed_reliable_context=0.691839 sequence=1317.520503
[typed-five-r3/b22_C] [plan iscas99__b22] [plan] step=781 node=N16545 type=control1 q_typed_reliable_context=1.665932 sequence=1319.186435
[typed-five-r3/b22_C] [plan iscas99__b22] [plan] step=782 node=N15407 type=control0 q_typed_reliable_context=0.804349 sequence=1319.990785
[typed-five-r3/b22_C] [plan iscas99__b22] [plan] step=783 node=N17043 type=control1 q_typed_reliable_context=1.472014 sequence=1321.462799
[typed-five-r3/b22_C] [plan iscas99__b22] [plan] step=784 node=N18491 type=observe q_typed_reliable_context=0.343731 sequence=1321.806529
[typed-five-r3/b22_C] [plan iscas99__b22] [plan] step=785 node=N15048 type=control1 q_typed_reliable_context=0.881261 sequence=1322.687790
[typed-five-r3/b22_C] [plan iscas99__b22] [plan] step=786 node=N17536 type=control1 q_typed_reliable_context=1.282631 sequence=1323.970422
[typed-five-r3/b22_C] [plan iscas99__b22] [plan] step=787 node=N17541 type=control1 q_typed_reliable_context=1.315179 sequence=1325.285600
[typed-five-r3/b22_C] [plan iscas99__b22] [plan] step=788 node=N26330 type=control0 q_typed_reliable_context=0.326644 sequence=1325.612244
[typed-five-r3/b22_C] [plan iscas99__b22] [plan] step=789 node=N12331 type=control0 q_typed_reliable_context=0.708162 sequence=1326.320405
[typed-five-r3/b22_C] [plan iscas99__b22] [plan] step=790 node=N15049 type=control1 q_typed_reliable_context=0.431939 sequence=1326.752345
[typed-five-r3/b22_C] [plan iscas99__b22] [plan] step=791 node=N24198 type=control1 q_typed_reliable_context=0.761607 sequence=1327.513952
[typed-five-r3/b22_C] [plan iscas99__b22] [plan] step=792 node=N24127 type=control1 q_typed_reliable_context=0.188128 sequence=1327.702080
[typed-five-r3/b22_C] [plan iscas99__b22] [plan] step=793 node=N21482 type=control1 q_typed_reliable_context=0.942995 sequence=1328.645076
[typed-five-r3/b22_C] [plan iscas99__b22] [plan] step=794 node=N15023 type=control1 q_typed_reliable_context=0.261174 sequence=1328.906250
[typed-five-r3/b22_C] [plan iscas99__b22] [plan] step=795 node=N28773 type=control1 q_typed_reliable_context=0.353452 sequence=1329.259702
[typed-five-r3/b22_C] [plan iscas99__b22] [plan] step=796 node=N15022 type=control1 q_typed_reliable_context=0.362647 sequence=1329.622349
[typed-five-r3/b22_C] [plan iscas99__b22] [plan] step=797 node=N24126 type=control1 q_typed_reliable_context=0.278284 sequence=1329.900632
[typed-five-r3/b22_C] [plan iscas99__b22] [plan] step=798 node=N21480 type=control1 q_typed_reliable_context=1.160556 sequence=1331.061188
[typed-five-r3/b22_C] [plan iscas99__b22] [plan] step=799 node=N18488 type=observe q_typed_reliable_context=0.488861 sequence=1331.550049
[typed-five-r3/b22_C] [plan iscas99__b22] [plan] step=800 node=N3490 type=observe q_typed_reliable_context=1.101812 sequence=1332.651860
[typed-five-r3/b22_C] [plan iscas99__b22] [plan] step=801 node=N18125 type=control1 q_typed_reliable_context=0.761773 sequence=1333.413633
[typed-five-r3/b22_C] [plan iscas99__b22] [plan] step=802 node=N21460 type=control1 q_typed_reliable_context=1.275292 sequence=1334.688925
[typed-five-r3/b22_C] [plan iscas99__b22] [plan] step=803 node=N21484 type=control1 q_typed_reliable_context=1.419301 sequence=1336.108227
[typed-five-r3/b22_C] [plan iscas99__b22] [plan] step=804 node=N18485 type=observe q_typed_reliable_context=0.507247 sequence=1336.615474
[typed-five-r3/b22_C] [plan iscas99__b22] [plan] step=805 node=N25482 type=control1 q_typed_reliable_context=1.191212 sequence=1337.806686
[typed-five-r3/b22_C] [plan iscas99__b22] [plan] step=806 node=N24455 type=control1 q_typed_reliable_context=0.634795 sequence=1338.441481
[typed-five-r3/b22_C] [plan iscas99__b22] [plan] step=807 node=N10400 type=control0 q_typed_reliable_context=0.756124 sequence=1339.197605
[typed-five-r3/b22_C] [plan iscas99__b22] [plan] step=808 node=N18482 type=observe q_typed_reliable_context=0.609156 sequence=1339.806761
[typed-five-r3/b22_C] [plan iscas99__b22] [plan] step=809 node=N15076 type=observe q_typed_reliable_context=1.173862 sequence=1340.980623
[typed-five-r3/b22_C] [plan iscas99__b22] [plan] step=810 node=N2836 type=observe q_typed_reliable_context=1.206810 sequence=1342.187433
[typed-five-r3/b22_C] [plan iscas99__b22] [plan] step=811 node=N18476 type=observe q_typed_reliable_context=0.619093 sequence=1342.806525
[typed-five-r3/b22_C] [plan iscas99__b22] [plan] step=812 node=N18467 type=observe q_typed_reliable_context=0.435434 sequence=1343.241959
[typed-five-r3/b22_C] [plan iscas99__b22] [plan] step=813 node=N3526 type=observe q_typed_reliable_context=1.507861 sequence=1344.749820
[typed-five-r3/b22_C] [plan iscas99__b22] [plan] step=814 node=N2892 type=observe q_typed_reliable_context=1.750033 sequence=1346.499853
[typed-five-r3/b22_C] [plan iscas99__b22] [plan] step=815 node=N3275 type=observe q_typed_reliable_context=1.808446 sequence=1348.308299
[typed-five-r3/b22_C] [plan iscas99__b22] [plan] step=816 node=N15078 type=observe q_typed_reliable_context=2.465546 sequence=1350.773845
[typed-five-r3/b22_C] [plan iscas99__b22] [plan] step=817 node=N3544 type=observe q_typed_reliable_context=3.084005 sequence=1353.857850
[typed-five-r3/b22_C] [plan iscas99__b22] [plan] step=818 node=N4358 type=observe q_typed_reliable_context=2.503523 sequence=1356.361373
[typed-five-r3/b22_C] [plan iscas99__b22] [plan] step=819 node=N14421 type=observe q_typed_reliable_context=0.601132 sequence=1356.962506
[typed-five-r3/b22_C] [plan iscas99__b22] [plan] step=820 node=N14359 type=observe q_typed_reliable_context=1.283220 sequence=1358.245726
[typed-five-r3/b22_C] [plan iscas99__b22] [plan] step=821 node=N18464 type=observe q_typed_reliable_context=0.550137 sequence=1358.795863
[typed-five-r3/b22_C] [plan iscas99__b22] [plan] step=822 node=N18458 type=observe q_typed_reliable_context=0.365268 sequence=1359.161131
[typed-five-r3/b22_C] [plan iscas99__b22] [plan] step=823 node=N15062 type=observe q_typed_reliable_context=1.526132 sequence=1360.687263
[typed-five-r3/b22_C] [plan iscas99__b22] [plan] step=824 node=N2305 type=observe q_typed_reliable_context=1.370936 sequence=1362.058199
[typed-five-r3/b22_C] [plan iscas99__b22] [plan] step=825 node=N2320 type=observe q_typed_reliable_context=1.685273 sequence=1363.743472
[typed-five-r3/b22_C] [plan iscas99__b22] [plan] step=826 node=N15055 type=observe q_typed_reliable_context=2.355949 sequence=1366.099421
[typed-five-r3/b22_C] [plan iscas99__b22] [plan] step=827 node=N2302 type=observe q_typed_reliable_context=3.292697 sequence=1369.392118
[typed-five-r3/b22_C] [plan iscas99__b22] [plan] step=828 node=N14411 type=observe q_typed_reliable_context=0.588205 sequence=1369.980323
[typed-five-r3/b22_C] [plan iscas99__b22] [plan] step=829 node=N18500 type=observe q_typed_reliable_context=0.406623 sequence=1370.386945
[typed-five-r3/b22_C] [plan iscas99__b22] [plan] step=830 node=N2307 type=observe q_typed_reliable_context=1.648384 sequence=1372.035330
[typed-five-r3/b22_C] [plan iscas99__b22] [plan] step=831 node=N15065 type=observe q_typed_reliable_context=1.611061 sequence=1373.646391
[typed-five-r3/b22_C] [plan iscas99__b22] [plan] step=832 node=N18427 type=observe q_typed_reliable_context=1.613416 sequence=1375.259807
[typed-five-r3/b22_C] [plan iscas99__b22] [plan] step=833 node=N2310 type=observe q_typed_reliable_context=1.961126 sequence=1377.220933
[typed-five-r3/b22_C] [plan iscas99__b22] [plan] step=834 node=N18481 type=observe q_typed_reliable_context=1.551110 sequence=1378.772044
[typed-five-r3/b22_C] [plan iscas99__b22] [plan] step=835 node=N15064 type=observe q_typed_reliable_context=2.133062 sequence=1380.905106
[typed-five-r3/b22_C] [plan iscas99__b22] [plan] step=836 node=N2317 type=observe q_typed_reliable_context=2.499530 sequence=1383.404635
[typed-five-r3/b22_C] [plan iscas99__b22] [plan] step=837 node=N18484 type=observe q_typed_reliable_context=1.500571 sequence=1384.905206
[typed-five-r3/b22_C] [plan iscas99__b22] [plan] step=838 node=N24222 type=control0 q_typed_reliable_context=1.647100 sequence=1386.552307
[typed-five-r3/b22_C] [plan iscas99__b22] [plan] step=839 node=N2322 type=observe q_typed_reliable_context=1.194964 sequence=1387.747270
[typed-five-r3/b22_C] [plan iscas99__b22] [plan] step=840 node=N18470 type=observe q_typed_reliable_context=0.300296 sequence=1388.047567
[typed-five-r3/b22_C] [plan iscas99__b22] [plan] step=841 node=N5028 type=control0 q_typed_reliable_context=1.360766 sequence=1389.408332
[typed-five-r3/b22_C] [plan iscas99__b22] [plan] step=842 node=N15054 type=observe q_typed_reliable_context=1.541037 sequence=1390.949370
[typed-five-r3/b22_C] [plan iscas99__b22] [plan] step=843 node=N2325 type=observe q_typed_reliable_context=1.759290 sequence=1392.708660
[typed-five-r3/b22_C] [plan iscas99__b22] [plan] step=844 node=N5048 type=control0 q_typed_reliable_context=2.145990 sequence=1394.854651
[typed-five-r3/b22_C] [plan iscas99__b22] [plan] step=845 node=N18490 type=observe q_typed_reliable_context=1.354202 sequence=1396.208853
[typed-five-r3/b22_C] [plan iscas99__b22] [plan] step=846 node=N15186 type=observe q_typed_reliable_context=1.461170 sequence=1397.670023
[typed-five-r3/b22_C] [plan iscas99__b22] [plan] step=847 node=N5068 type=control0 q_typed_reliable_context=1.638499 sequence=1399.308522
[typed-five-r3/b22_C] [plan iscas99__b22] [plan] step=848 node=N15176 type=observe q_typed_reliable_context=0.575084 sequence=1399.883606
[typed-five-r3/b22_C] [plan iscas99__b22] [plan] step=849 node=N3299 type=observe q_typed_reliable_context=1.327396 sequence=1401.211002
[typed-five-r3/b22_C] [plan iscas99__b22] [plan] step=850 node=N14383 type=observe q_typed_reliable_context=1.384118 sequence=1402.595120
[typed-five-r3/b22_C] [plan iscas99__b22] [plan] step=851 node=N15057 type=observe q_typed_reliable_context=1.733156 sequence=1404.328276
[typed-five-r3/b22_C] [plan iscas99__b22] [plan] step=852 node=N18451 type=observe q_typed_reliable_context=1.575424 sequence=1405.903700
[typed-five-r3/b22_C] [plan iscas99__b22] [plan] step=853 node=N15167 type=observe q_typed_reliable_context=0.469342 sequence=1406.373042
[typed-five-r3/b22_C] [plan iscas99__b22] [plan] step=854 node=N18537 type=observe q_typed_reliable_context=0.615196 sequence=1406.988238
[typed-five-r3/b22_C] [plan iscas99__b22] [plan] step=855 node=N3382 type=observe q_typed_reliable_context=1.566164 sequence=1408.554402
[typed-five-r3/b22_C] [plan iscas99__b22] [plan] step=856 node=N18559 type=observe q_typed_reliable_context=1.290738 sequence=1409.845140
[typed-five-r3/b22_C] [plan iscas99__b22] [plan] step=857 node=N3920 type=observe q_typed_reliable_context=1.566570 sequence=1411.411710
[typed-five-r3/b22_C] [plan iscas99__b22] [plan] step=858 node=N18439 type=observe q_typed_reliable_context=1.446141 sequence=1412.857851
[typed-five-r3/b22_C] [plan iscas99__b22] [plan] step=859 node=N15173 type=observe q_typed_reliable_context=0.301843 sequence=1413.159694
[typed-five-r3/b22_C] [plan iscas99__b22] [plan] step=860 node=N15122 type=observe q_typed_reliable_context=1.509943 sequence=1414.669637
[typed-five-r3/b22_C] [plan iscas99__b22] [plan] step=861 node=N3283 type=observe q_typed_reliable_context=1.770348 sequence=1416.439986
[typed-five-r3/b22_C] [plan iscas99__b22] [plan] step=862 node=N24046 type=observe q_typed_reliable_context=1.061580 sequence=1417.501565
[typed-five-r3/b22_C] [plan iscas99__b22] [plan] step=863 node=N26328 type=observe q_typed_reliable_context=0.998956 sequence=1418.500522
[typed-five-r3/b22_C] [plan iscas99__b22] [plan] step=864 node=N18497 type=observe q_typed_reliable_context=1.058933 sequence=1419.559455
[typed-five-r3/b22_C] [plan iscas99__b22] [plan] step=865 node=N14379 type=observe q_typed_reliable_context=1.225551 sequence=1420.785006
[typed-five-r3/b22_C] [plan iscas99__b22] [plan] step=866 node=N14386 type=observe q_typed_reliable_context=1.171483 sequence=1421.956489
[typed-five-r3/b22_C] [plan iscas99__b22] [plan] step=867 node=N18479 type=observe q_typed_reliable_context=0.917038 sequence=1422.873527
[typed-five-r3/b22_C] [plan iscas99__b22] [plan] step=868 node=N18510 type=observe q_typed_reliable_context=0.331967 sequence=1423.205494
[typed-five-r3/b22_C] [plan iscas99__b22] [plan] step=869 node=N1240 type=observe q_typed_reliable_context=1.266239 sequence=1424.471733
[typed-five-r3/b22_C] [plan iscas99__b22] [plan] step=870 node=N18435 type=observe q_typed_reliable_context=1.193722 sequence=1425.665455
[typed-five-r3/b22_C] [plan iscas99__b22] [plan] step=871 node=N2049 type=observe q_typed_reliable_context=1.574977 sequence=1427.240432
[typed-five-r3/b22_C] [plan iscas99__b22] [plan] step=872 node=N18579 type=observe q_typed_reliable_context=1.697992 sequence=1428.938424
[typed-five-r3/b22_C] [plan iscas99__b22] [plan] step=873 node=N18590 type=observe q_typed_reliable_context=1.942627 sequence=1430.881051
[typed-five-r3/b22_C] [plan iscas99__b22] [plan] step=874 node=N4554 type=observe q_typed_reliable_context=1.566506 sequence=1432.447557
[typed-five-r3/b22_C] [plan iscas99__b22] [plan] step=875 node=N15171 type=observe q_typed_reliable_context=0.337122 sequence=1432.784679
[typed-five-r3/b22_C] [plan iscas99__b22] [plan] step=876 node=N15169 type=observe q_typed_reliable_context=0.298541 sequence=1433.083220
[typed-five-r3/b22_C] [plan iscas99__b22] [plan] step=877 node=N4439 type=observe q_typed_reliable_context=0.431253 sequence=1433.514473
[typed-five-r3/b22_C] [plan iscas99__b22] [plan] step=878 node=N15164 type=observe q_typed_reliable_context=0.468909 sequence=1433.983382
[typed-five-r3/b22_C] [plan iscas99__b22] [plan] step=879 node=N28667 type=observe q_typed_reliable_context=1.416779 sequence=1435.400161
[typed-five-r3/b22_C] [plan iscas99__b22] [plan] step=880 node=N21939 type=control0 q_typed_reliable_context=1.718654 sequence=1437.118815
[typed-five-r3/b22_C] [plan iscas99__b22] [plan] step=881 node=N4580 type=observe q_typed_reliable_context=0.220235 sequence=1437.339050
[typed-five-r3/b22_C] [plan iscas99__b22] [plan] step=882 node=N25376 type=observe q_typed_reliable_context=1.017864 sequence=1438.356914
[typed-five-r3/b22_C] [plan iscas99__b22] [plan] step=883 node=N24349 type=observe q_typed_reliable_context=0.620967 sequence=1438.977881
[typed-five-r3/b22_C] [plan iscas99__b22] [plan] step=884 node=N9640 type=control0 q_typed_reliable_context=0.733211 sequence=1439.711092
[typed-five-r3/b22_C] [plan iscas99__b22] [plan] step=885 node=N26329 type=observe q_typed_reliable_context=0.664904 sequence=1440.375996
[typed-five-r3/b22_C] [plan iscas99__b22] [plan] step=886 node=N4468 type=observe q_typed_reliable_context=0.737690 sequence=1441.113686
[typed-five-r3/b22_C] [plan iscas99__b22] [plan] step=887 node=N15480 type=observe q_typed_reliable_context=0.988699 sequence=1442.102385
[typed-five-r3/b22_C] [plan iscas99__b22] [plan] step=888 node=N26333 type=control0 q_typed_reliable_context=0.749294 sequence=1442.851679
[typed-five-r3/b22_C] [plan iscas99__b22] [plan] step=889 node=N7054 type=observe q_typed_reliable_context=1.105600 sequence=1443.957279
[typed-five-r3/b22_C] [plan iscas99__b22] [plan] step=890 node=N4479 type=observe q_typed_reliable_context=1.457784 sequence=1445.415062
[typed-five-r3/b22_C] [plan iscas99__b22] [plan] step=891 node=N28552 type=control0 q_typed_reliable_context=0.655088 sequence=1446.070150
[typed-five-r3/b22_C] [plan iscas99__b22] [plan] step=892 node=N3866 type=observe q_typed_reliable_context=1.361228 sequence=1447.431378
[typed-five-r3/b22_C] [plan iscas99__b22] [plan] step=893 node=N18469 type=observe q_typed_reliable_context=0.601638 sequence=1448.033016
[typed-five-r3/b22_C] [plan iscas99__b22] [plan] step=894 node=N21919 type=control0 q_typed_reliable_context=1.866076 sequence=1449.899092
[typed-five-r3/b22_C] [plan iscas99__b22] [plan] step=895 node=N18321 type=control1 q_typed_reliable_context=0.853385 sequence=1450.752477
[typed-five-r3/b22_C] [plan iscas99__b22] [plan] step=896 node=N25962 type=control1 q_typed_reliable_context=2.015315 sequence=1452.767792
[typed-five-r3/b22_C] [plan iscas99__b22] [plan] step=897 node=N20853 type=control1 q_typed_reliable_context=2.151902 sequence=1454.919694
[typed-five-r3/b22_C] [plan iscas99__b22] [plan] step=898 node=N20352 type=control1 q_typed_reliable_context=2.176868 sequence=1457.096562
[typed-five-r3/b22_C] [plan iscas99__b22] [plan] step=899 node=N21974 type=control1 q_typed_reliable_context=2.378144 sequence=1459.474706
[typed-five-r3/b22_C] [plan iscas99__b22] [plan] step=900 node=N19852 type=control1 q_typed_reliable_context=2.584420 sequence=1462.059126
[typed-five-r3/b22_C] [plan iscas99__b22] [plan] step=901 node=N24025 type=control0 q_typed_reliable_context=1.074722 sequence=1463.133848
[typed-five-r3/b22_C] [plan iscas99__b22] [plan] step=902 node=N18473 type=observe q_typed_reliable_context=0.646275 sequence=1463.780123
[typed-five-r3/b22_C] [plan iscas99__b22] [plan] step=903 node=N4464 type=observe q_typed_reliable_context=0.597101 sequence=1464.377223
[typed-five-r3/b22_C] [plan iscas99__b22] [plan] step=904 node=N1806 type=control0 q_typed_reliable_context=1.732826 sequence=1466.110049
[typed-five-r3/b22_C] [plan iscas99__b22] [plan] step=905 node=N5253 type=observe q_typed_reliable_context=2.596565 sequence=1468.706615
[typed-five-r3/b22_C] [plan iscas99__b22] [plan] step=906 node=N18393 type=observe q_typed_reliable_context=2.849989 sequence=1471.556604
[typed-five-r3/b22_C] [plan iscas99__b22] [plan] step=907 node=N15136 type=observe q_typed_reliable_context=0.577017 sequence=1472.133620
[typed-five-r3/b22_C] [plan iscas99__b22] [plan] step=908 node=N1826 type=control0 q_typed_reliable_context=2.179797 sequence=1474.313417
[typed-five-r3/b22_C] [plan iscas99__b22] [plan] step=909 node=N15031 type=observe q_typed_reliable_context=2.262284 sequence=1476.575701
[typed-five-r3/b22_C] [plan iscas99__b22] [plan] step=910 node=N18417 type=observe q_typed_reliable_context=2.815802 sequence=1479.391503
[typed-five-r3/b22_C] [plan iscas99__b22] [plan] step=911 node=N14409 type=observe q_typed_reliable_context=0.531540 sequence=1479.923043
[typed-five-r3/b22_C] [plan iscas99__b22] [plan] step=912 node=N18419 type=observe q_typed_reliable_context=1.719819 sequence=1481.642862
[typed-five-r3/b22_C] [plan iscas99__b22] [plan] step=913 node=N19237 type=control0 q_typed_reliable_context=3.119563 sequence=1484.762425
[typed-five-r3/b22_C] [plan iscas99__b22] [plan] step=914 node=N1786 type=control0 q_typed_reliable_context=4.578025 sequence=1489.340450
[typed-five-r3/b22_C] [plan iscas99__b22] [plan] step=915 node=N15010 type=observe q_typed_reliable_context=3.889008 sequence=1493.229458
[typed-five-r3/b22_C] [plan iscas99__b22] saved=autoresearch/loop-260720-0945/typed_winner_round8_five/b22_C/plans/iscas99__b22__greedy__cumulative__q_typed_reliable_context__bw1__d1__c64__g1p0__candhard_fault_cluster__div0p0__s0.csv
[typed-five-r3/b22_C] [gmean] 2026-07-21T16:12:42 [1/1] plan_done benchmark=iscas99__b22 plan_sec=1339.106 plan_csv=autoresearch/loop-260720-0945/typed_winner_round8_five/b22_C/plans/iscas99__b22__greedy__cumulative__q_typed_reliable_context__bw1__d1__c64__g1p0__candhard_fault_cluster__div0p0__s0.csv
[typed-five-r3/b22_C] [gmean] 2026-07-21T16:12:42 [1/1] eval_start benchmark=iscas99__b22 backend=atalanta-bist patterns=300000
[typed-five-r3/b22_C] [eval iscas99__b22] {
[typed-five-r3/b22_C] [eval iscas99__b22]   "records": 2,
[typed-five-r3/b22_C] [eval iscas99__b22]   "labels_csv": "autoresearch/loop-260720-0945/typed_winner_round8_five/b22_C/evals/iscas99__b22__greedy__cumulative__q_typed_reliable_context__bw1__d1__c64__g1p0__candhard_fault_cluster__div0p0__s0/labels.csv",
[typed-five-r3/b22_C] [eval iscas99__b22]   "summary_json": "autoresearch/loop-260720-0945/typed_winner_round8_five/b22_C/evals/iscas99__b22__greedy__cumulative__q_typed_reliable_context__bw1__d1__c64__g1p0__candhard_fault_cluster__div0p0__s0/summary.json"
[typed-five-r3/b22_C] [eval iscas99__b22] }
[typed-five-r3/b22_C] [gmean] 2026-07-21T16:13:01 [1/1] eval_done benchmark=iscas99__b22 delta_tc=0.02898999999999996 plan_sec=1339.106 eval_sec=18.544 total_sec=1357.701
[typed-five-r3/b22_C] [gmean] 2026-07-21T16:13:01 variant_done id=greedy__cumulative__q_typed_reliable_context__bw1__d1__c64__g1p0__candhard_fault_cluster__div0p0__s0 status=ok macro=0.02898999999999996 positives=1 negatives=0 elapsed=1357.701
