[2026-07-06T10:22:44+08:00] start name=guarded_reward_rank_v1_safe gpu=4 config=configs/planner_aligned_guarded_reward_rank_v1_safe.json
[train] excluded_eval_benchmarks=b15_C,b17_C,b20_C,b21_C,b22_C,epfl__arithmetic__max__max,epfl__random_control__i2c__i2c,epfl__random_control__router__router,i2c,iscas89__s838,iscas99__b15_1,iscas99__b17,iscas99__b20,iscas99__b21,iscas99__b22,max,mem_ctrl,openabcd__mem_ctrl_orig removed_rows=0 remaining_rows=100000
[train] disabling pattern loss
[train] note: delta_test_coverage is retained as a weak objective; the main hard-fault target is hard_reduction
[train] q_oracle enabled groups=180 score_field=guarded_reward lambda_q_value=0.02 lambda_q_rank=0.45 lambda_candidate=0.2 pairwise_mode=best_vs_hard_topk forbidden_benchmarks=21
[train] rows=100000 train_rows=85660 val_rows=14340 train_samples=17132 val_samples=2868 rollout_training=True feature_dim=38 relation_dim=12 cache_samples=False sample_cache_max_entries=unlimited
[train-progress] epoch=1 [------------------------] 1/900   0.1% loss=0.40598 jepa=1.04093 hard=2.36017 hard_red=0.01021 oracle=0.00000 rank=0.00000 value=0.00000 cand=0.00000 pairs=0.0
[train-progress] epoch=1 [------------------------] 25/900   2.8% loss=0.89310 jepa=0.88231 hard=1.06248 hard_red=0.06546 oracle=0.00000 rank=0.00000 value=0.00000 cand=0.00000 pairs=0.0
[train-progress] epoch=1 [#-----------------------] 50/900   5.6% loss=0.64110 jepa=0.65731 hard=1.07514 hard_red=0.04691 oracle=0.00000 rank=0.00000 value=0.00000 cand=0.00000 pairs=0.0
[train-progress] epoch=1 [##----------------------] 75/900   8.3% loss=0.63516 jepa=0.54274 hard=1.04931 hard_red=0.05770 oracle=0.00000 rank=0.00000 value=0.00000 cand=0.00000 pairs=0.0
[train-progress] epoch=1 [##----------------------] 100/900  11.1% loss=0.58889 jepa=0.46804 hard=1.01775 hard_red=0.04837 oracle=0.00000 rank=0.00000 value=0.00000 cand=0.00000 pairs=0.0
[train-progress] epoch=1 [###---------------------] 125/900  13.9% loss=0.53137 jepa=0.41655 hard=0.97668 hard_red=0.04203 oracle=0.00000 rank=0.00000 value=0.00000 cand=0.00000 pairs=0.0
[train-progress] epoch=1 [####--------------------] 150/900  16.7% loss=0.49113 jepa=0.37813 hard=0.97335 hard_red=0.03937 oracle=0.00000 rank=0.00000 value=0.00000 cand=0.00000 pairs=0.0
[train-progress] epoch=1 [####--------------------] 175/900  19.4% loss=0.45836 jepa=0.34833 hard=0.98913 hard_red=0.03956 oracle=0.00000 rank=0.00000 value=0.00000 cand=0.00000 pairs=0.0
[train-progress] epoch=1 [#####-------------------] 200/900  22.2% loss=0.45244 jepa=0.32467 hard=0.98051 hard_red=0.04111 oracle=0.00000 rank=0.00000 value=0.00000 cand=0.00000 pairs=0.0
[train-progress] epoch=1 [######------------------] 225/900  25.0% loss=0.42680 jepa=0.30435 hard=0.98097 hard_red=0.03688 oracle=0.00000 rank=0.00000 value=0.00000 cand=0.00000 pairs=0.0
[train-progress] epoch=1 [######------------------] 250/900  27.8% loss=0.41759 jepa=0.28673 hard=0.97174 hard_red=0.03638 oracle=0.00000 rank=0.00000 value=0.00000 cand=0.00000 pairs=0.0
[train-progress] epoch=1 [#######-----------------] 275/900  30.6% loss=0.40668 jepa=0.27226 hard=0.97301 hard_red=0.03493 oracle=0.00000 rank=0.00000 value=0.00000 cand=0.00000 pairs=0.0
[train-progress] epoch=1 [########----------------] 300/900  33.3% loss=0.39979 jepa=0.25970 hard=0.95957 hard_red=0.03449 oracle=0.00000 rank=0.00000 value=0.00000 cand=0.00000 pairs=0.0
[train-progress] epoch=1 [########----------------] 325/900  36.1% loss=0.42430 jepa=0.24815 hard=0.94848 hard_red=0.03474 oracle=0.00000 rank=0.00000 value=0.00000 cand=0.00000 pairs=0.0
[train-progress] epoch=1 [#########---------------] 350/900  38.9% loss=0.42028 jepa=0.24072 hard=0.93812 hard_red=0.03448 oracle=0.00000 rank=0.00000 value=0.00000 cand=0.00000 pairs=0.0
[train-progress] epoch=1 [##########--------------] 375/900  41.7% loss=0.43196 jepa=0.23372 hard=0.92783 hard_red=0.03480 oracle=0.00000 rank=0.00000 value=0.00000 cand=0.00000 pairs=0.0
[train-progress] epoch=1 [##########--------------] 400/900  44.4% loss=0.42455 jepa=0.22609 hard=0.92154 hard_red=0.03490 oracle=0.00000 rank=0.00000 value=0.00000 cand=0.00000 pairs=0.0
[train-progress] epoch=1 [###########-------------] 425/900  47.2% loss=0.41913 jepa=0.22123 hard=0.92251 hard_red=0.03465 oracle=0.00000 rank=0.00000 value=0.00000 cand=0.00000 pairs=0.0
[train-progress] epoch=1 [############------------] 450/900  50.0% loss=0.41514 jepa=0.21624 hard=0.92129 hard_red=0.03388 oracle=0.00000 rank=0.00000 value=0.00000 cand=0.00000 pairs=0.0
[train-progress] epoch=1 [############------------] 475/900  52.8% loss=0.44281 jepa=0.21090 hard=0.92045 hard_red=0.03416 oracle=0.00000 rank=0.00000 value=0.00000 cand=0.00000 pairs=0.0
[train-progress] epoch=1 [#############-----------] 500/900  55.6% loss=0.43437 jepa=0.20568 hard=0.91390 hard_red=0.03400 oracle=0.00000 rank=0.00000 value=0.00000 cand=0.00000 pairs=0.0
[train-progress] epoch=1 [##############----------] 525/900  58.3% loss=0.42751 jepa=0.20068 hard=0.91778 hard_red=0.03361 oracle=0.00000 rank=0.00000 value=0.00000 cand=0.00000 pairs=0.0
[train-progress] epoch=1 [##############----------] 550/900  61.1% loss=0.43185 jepa=0.19635 hard=0.91420 hard_red=0.03348 oracle=0.00000 rank=0.00000 value=0.00000 cand=0.00000 pairs=0.0
[train-progress] epoch=1 [###############---------] 575/900  63.9% loss=0.44329 jepa=0.19279 hard=0.91184 hard_red=0.03330 oracle=0.00000 rank=0.00000 value=0.00000 cand=0.00000 pairs=0.0
[train-progress] epoch=1 [################--------] 600/900  66.7% loss=0.43090 jepa=0.18915 hard=0.90749 hard_red=0.03246 oracle=0.00000 rank=0.00000 value=0.00000 cand=0.00000 pairs=0.0
[train-progress] epoch=1 [################--------] 625/900  69.4% loss=0.43498 jepa=0.18583 hard=0.90568 hard_red=0.03230 oracle=0.00000 rank=0.00000 value=0.00000 cand=0.00000 pairs=0.0
[train-progress] epoch=1 [#################-------] 650/900  72.2% loss=0.43162 jepa=0.18303 hard=0.90629 hard_red=0.03313 oracle=0.00000 rank=0.00000 value=0.00000 cand=0.00000 pairs=0.0
[train-progress] epoch=1 [##################------] 675/900  75.0% loss=0.42359 jepa=0.18055 hard=0.90180 hard_red=0.03306 oracle=0.00000 rank=0.00000 value=0.00000 cand=0.00000 pairs=0.0
[train-progress] epoch=1 [##################------] 700/900  77.8% loss=0.42291 jepa=0.17853 hard=0.90402 hard_red=0.03325 oracle=0.00000 rank=0.00000 value=0.00000 cand=0.00000 pairs=0.0
[train-progress] epoch=1 [###################-----] 725/900  80.6% loss=0.41984 jepa=0.17743 hard=0.90076 hard_red=0.03267 oracle=0.00000 rank=0.00000 value=0.00000 cand=0.00000 pairs=0.0
[train-progress] epoch=1 [####################----] 750/900  83.3% loss=0.41287 jepa=0.17511 hard=0.89937 hard_red=0.03228 oracle=0.00000 rank=0.00000 value=0.00000 cand=0.00000 pairs=0.0
[train-progress] epoch=1 [####################----] 775/900  86.1% loss=0.40416 jepa=0.17269 hard=0.89701 hard_red=0.03171 oracle=0.00000 rank=0.00000 value=0.00000 cand=0.00000 pairs=0.0
[train-progress] epoch=1 [#####################---] 800/900  88.9% loss=0.40119 jepa=0.17069 hard=0.89349 hard_red=0.03181 oracle=0.00000 rank=0.00000 value=0.00000 cand=0.00000 pairs=0.0
[train-progress] epoch=1 [######################--] 825/900  91.7% loss=0.40812 jepa=0.16853 hard=0.89509 hard_red=0.03175 oracle=0.00000 rank=0.00000 value=0.00000 cand=0.00000 pairs=0.0
[train-progress] epoch=1 [######################--] 850/900  94.4% loss=0.41636 jepa=0.16675 hard=0.89333 hard_red=0.03260 oracle=0.00000 rank=0.00000 value=0.00000 cand=0.00000 pairs=0.0
[train-progress] epoch=1 [#######################-] 875/900  97.2% loss=0.42040 jepa=0.16485 hard=0.89482 hard_red=0.03281 oracle=0.00000 rank=0.00000 value=0.00000 cand=0.00000 pairs=0.0
[train-progress] epoch=1 [########################] 900/900 100.0% loss=0.41419 jepa=0.16308 hard=0.89644 hard_red=0.03226 oracle=0.00000 rank=0.00000 value=0.00000 cand=0.00000 pairs=0.0
[train] epoch=1 horizon=1 train_loss=0.414193 val_loss=0.386630 train_steps=900
[train-progress] epoch=2 [------------------------] 1/900   0.1% loss=0.07990 jepa=0.11985 hard=1.17403 hard_red=0.00020 oracle=0.46864 rank=0.69982 value=0.80559 cand=3.03122 pairs=305.0
[train-progress] epoch=2 [------------------------] 25/900   2.8% loss=0.54138 jepa=0.13404 hard=0.79334 hard_red=0.03066 oracle=0.47219 rank=0.69283 value=0.46067 cand=3.11702 pairs=315.0
[train-progress] epoch=2 [#-----------------------] 50/900   5.6% loss=0.59214 jepa=0.13412 hard=0.89034 hard_red=0.03318 oracle=0.47169 rank=0.69245 value=0.47661 cand=3.11119 pairs=308.5
[train-progress] epoch=2 [##----------------------] 75/900   8.3% loss=0.55959 jepa=0.13290 hard=0.90135 hard_red=0.03119 oracle=0.47016 rank=0.68571 value=0.51932 cand=3.10680 pairs=302.5
[train-progress] epoch=2 [##----------------------] 100/900  11.1% loss=0.57713 jepa=0.14096 hard=0.90002 hard_red=0.03032 oracle=0.46574 rank=0.66911 value=0.53285 cand=3.09859 pairs=304.6
[train-progress] epoch=2 [###---------------------] 125/900  13.9% loss=0.67026 jepa=0.15947 hard=0.84464 hard_red=0.03171 oracle=0.46206 rank=0.65598 value=0.54397 cand=3.09029 pairs=306.0
[train-progress] epoch=2 [####--------------------] 150/900  16.7% loss=0.67648 jepa=0.17159 hard=0.84239 hard_red=0.03366 oracle=0.46134 rank=0.65253 value=0.52466 cand=3.09270 pairs=306.7
[train-progress] epoch=2 [####--------------------] 175/900  19.4% loss=0.66588 jepa=0.17875 hard=0.83009 hard_red=0.03294 oracle=0.45903 rank=0.64484 value=0.52984 cand=3.08642 pairs=306.9
[train-progress] epoch=2 [#####-------------------] 200/900  22.2% loss=0.64710 jepa=0.18558 hard=0.84230 hard_red=0.03129 oracle=0.45677 rank=0.63886 value=0.52174 cand=3.07805 pairs=305.7
[train-progress] epoch=2 [######------------------] 225/900  25.0% loss=0.63127 jepa=0.18734 hard=0.84440 hard_red=0.03033 oracle=0.45510 rank=0.63313 value=0.51644 cand=3.07476 pairs=308.5
[train-progress] epoch=2 [######------------------] 250/900  27.8% loss=0.63929 jepa=0.18927 hard=0.85204 hard_red=0.03113 oracle=0.45258 rank=0.62251 value=0.51011 cand=3.07415 pairs=308.7
[train-progress] epoch=2 [#######-----------------] 275/900  30.6% loss=0.62966 jepa=0.19151 hard=0.85393 hard_red=0.03113 oracle=0.45039 rank=0.61386 value=0.50735 cand=3.07195 pairs=307.5
[train-progress] epoch=2 [########----------------] 300/900  33.3% loss=0.63698 jepa=0.19816 hard=0.85766 hard_red=0.03134 oracle=0.44885 rank=0.60887 value=0.51038 cand=3.06751 pairs=307.8
[train-progress] epoch=2 [########----------------] 325/900  36.1% loss=0.65259 jepa=0.20036 hard=0.85668 hard_red=0.03213 oracle=0.44706 rank=0.60386 value=0.51363 cand=3.06059 pairs=308.6
[train-progress] epoch=2 [#########---------------] 350/900  38.9% loss=0.64006 jepa=0.20191 hard=0.86763 hard_red=0.03195 oracle=0.44440 rank=0.59553 value=0.51356 cand=3.05274 pairs=308.6
[train-progress] epoch=2 [##########--------------] 375/900  41.7% loss=0.62047 jepa=0.20272 hard=0.86682 hard_red=0.03116 oracle=0.44295 rank=0.59052 value=0.51692 cand=3.04910 pairs=309.0
[train-progress] epoch=2 [##########--------------] 400/900  44.4% loss=0.60593 jepa=0.20501 hard=0.86606 hard_red=0.03111 oracle=0.44139 rank=0.58540 value=0.51639 cand=3.04508 pairs=308.6
[train-progress] epoch=2 [###########-------------] 425/900  47.2% loss=0.62579 jepa=0.20584 hard=0.85764 hard_red=0.03142 oracle=0.44002 rank=0.58040 value=0.51692 cand=3.04263 pairs=307.9
[train-progress] epoch=2 [############------------] 450/900  50.0% loss=0.62496 jepa=0.20963 hard=0.86157 hard_red=0.03204 oracle=0.43881 rank=0.57571 value=0.51394 cand=3.04133 pairs=308.1
[train-progress] epoch=2 [############------------] 475/900  52.8% loss=0.62767 jepa=0.21169 hard=0.86074 hard_red=0.03232 oracle=0.43694 rank=0.56908 value=0.52027 cand=3.03690 pairs=308.2
[train-progress] epoch=2 [#############-----------] 500/900  55.6% loss=0.63889 jepa=0.21559 hard=0.85470 hard_red=0.03252 oracle=0.43482 rank=0.56264 value=0.51972 cand=3.03027 pairs=307.2
[train-progress] epoch=2 [##############----------] 525/900  58.3% loss=0.63906 jepa=0.21907 hard=0.85372 hard_red=0.03236 oracle=0.43257 rank=0.55661 value=0.52184 cand=3.02115 pairs=306.5
[train-progress] epoch=2 [##############----------] 550/900  61.1% loss=0.66746 jepa=0.22281 hard=0.84826 hard_red=0.03251 oracle=0.43064 rank=0.54977 value=0.52431 cand=3.01704 pairs=306.6
[train-progress] epoch=2 [###############---------] 575/900  63.9% loss=0.66397 jepa=0.22627 hard=0.84367 hard_red=0.03167 oracle=0.42895 rank=0.54580 value=0.52946 cand=3.00846 pairs=307.6
[train-progress] epoch=2 [################--------] 600/900  66.7% loss=0.66586 jepa=0.22961 hard=0.84311 hard_red=0.03164 oracle=0.42691 rank=0.54037 value=0.53317 cand=2.99990 pairs=307.7
[train-progress] epoch=2 [################--------] 625/900  69.4% loss=0.65222 jepa=0.23018 hard=0.84292 hard_red=0.03112 oracle=0.42505 rank=0.53507 value=0.53524 cand=2.99304 pairs=307.2
[train-progress] epoch=2 [#################-------] 650/900  72.2% loss=0.66750 jepa=0.23077 hard=0.84546 hard_red=0.03085 oracle=0.42286 rank=0.52919 value=0.53760 cand=2.98412 pairs=307.4
[train-progress] epoch=2 [##################------] 675/900  75.0% loss=0.66923 jepa=0.23195 hard=0.84893 hard_red=0.03118 oracle=0.42083 rank=0.52377 value=0.53996 cand=2.97577 pairs=307.5
[train-progress] epoch=2 [##################------] 700/900  77.8% loss=0.66276 jepa=0.23400 hard=0.85058 hard_red=0.03113 oracle=0.41943 rank=0.51997 value=0.54006 cand=2.97032 pairs=307.4
[train-progress] epoch=2 [###################-----] 725/900  80.6% loss=0.65900 jepa=0.23669 hard=0.84881 hard_red=0.03091 oracle=0.41790 rank=0.51612 value=0.53947 cand=2.96381 pairs=307.1
[train-progress] epoch=2 [####################----] 750/900  83.3% loss=0.65405 jepa=0.23771 hard=0.85265 hard_red=0.03036 oracle=0.41627 rank=0.51144 value=0.53807 cand=2.95812 pairs=307.6
[train-progress] epoch=2 [####################----] 775/900  86.1% loss=0.64436 jepa=0.23733 hard=0.85512 hard_red=0.03011 oracle=0.41442 rank=0.50625 value=0.53752 cand=2.95135 pairs=307.6
[train-progress] epoch=2 [#####################---] 800/900  88.9% loss=0.63750 jepa=0.23770 hard=0.85490 hard_red=0.02999 oracle=0.41259 rank=0.50106 value=0.53640 cand=2.94490 pairs=307.2
[train-progress] epoch=2 [######################--] 825/900  91.7% loss=0.63056 jepa=0.23894 hard=0.85334 hard_red=0.03043 oracle=0.41127 rank=0.49739 value=0.53859 cand=2.93972 pairs=306.7
[train-progress] epoch=2 [######################--] 850/900  94.4% loss=0.62404 jepa=0.23938 hard=0.85500 hard_red=0.03045 oracle=0.40946 rank=0.49238 value=0.53845 cand=2.93284 pairs=306.9
[train-progress] epoch=2 [#######################-] 875/900  97.2% loss=0.62499 jepa=0.24074 hard=0.85120 hard_red=0.03050 oracle=0.40795 rank=0.48814 value=0.53965 cand=2.92725 pairs=306.8
[train-progress] epoch=2 [########################] 900/900 100.0% loss=0.61978 jepa=0.24178 hard=0.84769 hard_red=0.02993 oracle=0.40643 rank=0.48438 value=0.53888 cand=2.92056 pairs=306.6
[train] epoch=2 horizon=2 train_loss=0.619783 val_loss=0.572199 train_steps=900
[train-progress] epoch=3 [------------------------] 1/900   0.1% loss=0.10595 jepa=0.18968 hard=1.15209 hard_red=0.00032 oracle=0.60802 rank=0.32447 value=0.44721 cand=2.26531 pairs=392.0
[train-progress] epoch=3 [------------------------] 25/900   2.8% loss=0.27973 jepa=0.23703 hard=1.03898 hard_red=0.02855 oracle=0.71528 rank=0.33773 value=0.58850 cand=2.75767 pairs=333.0
[train-progress] epoch=3 [#-----------------------] 50/900   5.6% loss=0.67829 jepa=0.27784 hard=0.97502 hard_red=0.03063 oracle=0.69750 rank=0.32259 value=0.57336 cand=2.70437 pairs=309.7
[train-progress] epoch=3 [##----------------------] 75/900   8.3% loss=0.60626 jepa=0.28541 hard=0.94988 hard_red=0.03272 oracle=0.69109 rank=0.31648 value=0.56298 cand=2.68707 pairs=308.7
[train-progress] epoch=3 [##----------------------] 100/900  11.1% loss=0.54438 jepa=0.29415 hard=0.90775 hard_red=0.02604 oracle=0.69693 rank=0.31848 value=0.55500 cand=2.71256 pairs=302.1
[train-progress] epoch=3 [###---------------------] 125/900  13.9% loss=0.69110 jepa=0.30781 hard=0.90785 hard_red=0.02553 oracle=0.69546 rank=0.31411 value=0.54417 cand=2.71616 pairs=304.3
[train-progress] epoch=3 [####--------------------] 150/900  16.7% loss=0.67026 jepa=0.30321 hard=0.91097 hard_red=0.02511 oracle=0.69101 rank=0.30818 value=0.55047 cand=2.70659 pairs=306.6
[train-progress] epoch=3 [####--------------------] 175/900  19.4% loss=0.61426 jepa=0.29669 hard=0.91707 hard_red=0.02448 oracle=0.69074 rank=0.30706 value=0.54690 cand=2.70811 pairs=305.9
[train-progress] epoch=3 [#####-------------------] 200/900  22.2% loss=0.61318 jepa=0.30590 hard=0.89144 hard_red=0.02363 oracle=0.68891 rank=0.30153 value=0.56253 cand=2.70985 pairs=306.1
[train-progress] epoch=3 [######------------------] 225/900  25.0% loss=0.61210 jepa=0.30154 hard=0.89356 hard_red=0.02332 oracle=0.68326 rank=0.29469 value=0.56172 cand=2.69710 pairs=305.7
[train-progress] epoch=3 [######------------------] 250/900  27.8% loss=0.60291 jepa=0.29978 hard=0.88549 hard_red=0.02557 oracle=0.68026 rank=0.29146 value=0.56683 cand=2.68883 pairs=305.9
[train-progress] epoch=3 [#######-----------------] 275/900  30.6% loss=0.67277 jepa=0.30004 hard=0.89143 hard_red=0.02542 oracle=0.67803 rank=0.28762 value=0.56023 cand=2.68696 pairs=306.1
[train-progress] epoch=3 [########----------------] 300/900  33.3% loss=0.65082 jepa=0.29775 hard=0.89544 hard_red=0.02576 oracle=0.67558 rank=0.28395 value=0.56831 cand=2.68218 pairs=308.3
[train-progress] epoch=3 [########----------------] 325/900  36.1% loss=0.63018 jepa=0.29509 hard=0.89787 hard_red=0.02648 oracle=0.67321 rank=0.28159 value=0.57056 cand=2.67543 pairs=309.4
[train-progress] epoch=3 [#########---------------] 350/900  38.9% loss=0.60601 jepa=0.29550 hard=0.90086 hard_red=0.02581 oracle=0.67084 rank=0.27733 value=0.57189 cand=2.67305 pairs=308.8
[train-progress] epoch=3 [##########--------------] 375/900  41.7% loss=0.58665 jepa=0.29750 hard=0.89926 hard_red=0.02483 oracle=0.66925 rank=0.27375 value=0.57077 cand=2.67322 pairs=307.9
[train-progress] epoch=3 [##########--------------] 400/900  44.4% loss=0.60911 jepa=0.29696 hard=0.90089 hard_red=0.02491 oracle=0.66715 rank=0.27105 value=0.56933 cand=2.66898 pairs=307.1
[train-progress] epoch=3 [###########-------------] 425/900  47.2% loss=0.60155 jepa=0.29683 hard=0.90296 hard_red=0.02474 oracle=0.66496 rank=0.26776 value=0.57152 cand=2.66519 pairs=307.7
[train-progress] epoch=3 [############------------] 450/900  50.0% loss=0.60551 jepa=0.29785 hard=0.90718 hard_red=0.02516 oracle=0.66116 rank=0.26375 value=0.57114 cand=2.65524 pairs=308.5
[train-progress] epoch=3 [############------------] 475/900  52.8% loss=0.63078 jepa=0.30257 hard=0.90654 hard_red=0.02506 oracle=0.66070 rank=0.26181 value=0.56959 cand=2.65748 pairs=308.4
[train-progress] epoch=3 [#############-----------] 500/900  55.6% loss=0.62279 jepa=0.30398 hard=0.90783 hard_red=0.02494 oracle=0.65717 rank=0.25826 value=0.56808 cand=2.64794 pairs=308.7
[train-progress] epoch=3 [##############----------] 525/900  58.3% loss=0.61560 jepa=0.30398 hard=0.90392 hard_red=0.02568 oracle=0.65725 rank=0.25600 value=0.56691 cand=2.65355 pairs=308.5
[train-progress] epoch=3 [##############----------] 550/900  61.1% loss=0.60535 jepa=0.30434 hard=0.90434 hard_red=0.02541 oracle=0.65474 rank=0.25279 value=0.56618 cand=2.64830 pairs=307.7
[train-progress] epoch=3 [###############---------] 575/900  63.9% loss=0.60254 jepa=0.30536 hard=0.89569 hard_red=0.02541 oracle=0.65303 rank=0.24943 value=0.56946 cand=2.64696 pairs=308.1
[train-progress] epoch=3 [################--------] 600/900  66.7% loss=0.60236 jepa=0.30399 hard=0.89900 hard_red=0.02540 oracle=0.65067 rank=0.24663 value=0.57209 cand=2.64122 pairs=308.8
[train-progress] epoch=3 [################--------] 625/900  69.4% loss=0.66594 jepa=0.30356 hard=0.89651 hard_red=0.02584 oracle=0.64831 rank=0.24314 value=0.57093 cand=2.63740 pairs=308.8
[train-progress] epoch=3 [#################-------] 650/900  72.2% loss=0.66422 jepa=0.30519 hard=0.89345 hard_red=0.02563 oracle=0.64644 rank=0.24044 value=0.56798 cand=2.63440 pairs=308.8
[train-progress] epoch=3 [##################------] 675/900  75.0% loss=0.66370 jepa=0.30687 hard=0.89322 hard_red=0.02576 oracle=0.64469 rank=0.23769 value=0.56694 cand=2.63197 pairs=308.4
[train-progress] epoch=3 [##################------] 700/900  77.8% loss=0.65434 jepa=0.30678 hard=0.89286 hard_red=0.02535 oracle=0.64221 rank=0.23454 value=0.56851 cand=2.62648 pairs=308.5
[train-progress] epoch=3 [###################-----] 725/900  80.6% loss=0.64198 jepa=0.30603 hard=0.89363 hard_red=0.02530 oracle=0.64130 rank=0.23211 value=0.56955 cand=2.62731 pairs=308.0
[train-progress] epoch=3 [####################----] 750/900  83.3% loss=0.63995 jepa=0.30459 hard=0.89250 hard_red=0.02492 oracle=0.64062 rank=0.23015 value=0.56526 cand=2.62876 pairs=307.2
[train-progress] epoch=3 [####################----] 775/900  86.1% loss=0.62917 jepa=0.30349 hard=0.89230 hard_red=0.02471 oracle=0.63928 rank=0.22772 value=0.56484 cand=2.62756 pairs=306.9
[train-progress] epoch=3 [#####################---] 800/900  88.9% loss=0.62574 jepa=0.30436 hard=0.89131 hard_red=0.02546 oracle=0.63811 rank=0.22602 value=0.56461 cand=2.62554 pairs=306.4
[train-progress] epoch=3 [######################--] 825/900  91.7% loss=0.61710 jepa=0.30340 hard=0.89215 hard_red=0.02505 oracle=0.63621 rank=0.22389 value=0.56595 cand=2.62069 pairs=306.2
[train-progress] epoch=3 [######################--] 850/900  94.4% loss=0.61096 jepa=0.30313 hard=0.89151 hard_red=0.02478 oracle=0.63449 rank=0.22162 value=0.56720 cand=2.61707 pairs=306.5
[train-progress] epoch=3 [#######################-] 875/900  97.2% loss=0.60454 jepa=0.30390 hard=0.88947 hard_red=0.02443 oracle=0.63324 rank=0.21977 value=0.56878 cand=2.61484 pairs=306.3
[train-progress] epoch=3 [########################] 900/900 100.0% loss=0.61220 jepa=0.30439 hard=0.88776 hard_red=0.02462 oracle=0.63190 rank=0.21741 value=0.56736 cand=2.61360 pairs=306.6
[train] epoch=3 horizon=2 train_loss=0.612199 val_loss=0.500518 train_steps=900
[train-progress] epoch=4 [------------------------] 1/900   0.1% loss=2.72674 jepa=0.32604 hard=1.11541 hard_red=0.03037 oracle=0.70197 rank=0.22239 value=0.25881 cand=2.98357 pairs=207.0
[train-progress] epoch=4 [------------------------] 25/900   2.8% loss=0.66297 jepa=0.35663 hard=0.88638 hard_red=0.02272 oracle=0.56867 rank=0.14162 value=0.58312 cand=2.46642 pairs=315.3
[train-progress] epoch=4 [#-----------------------] 50/900   5.6% loss=0.76741 jepa=0.34949 hard=0.83968 hard_red=0.02331 oracle=0.56190 rank=0.14499 value=0.60824 cand=2.42244 pairs=313.3
[train-progress] epoch=4 [##----------------------] 75/900   8.3% loss=0.68506 jepa=0.34772 hard=0.87637 hard_red=0.02475 oracle=0.57045 rank=0.14593 value=0.56014 cand=2.46787 pairs=309.9
[train-progress] epoch=4 [##----------------------] 100/900  11.1% loss=0.83017 jepa=0.34543 hard=0.85568 hard_red=0.02588 oracle=0.57260 rank=0.14426 value=0.54243 cand=2.48414 pairs=313.4
[train-progress] epoch=4 [###---------------------] 125/900  13.9% loss=0.78850 jepa=0.34655 hard=0.85368 hard_red=0.02506 oracle=0.57311 rank=0.14132 value=0.54706 cand=2.49288 pairs=311.8
[train-progress] epoch=4 [####--------------------] 150/900  16.7% loss=0.89820 jepa=0.35603 hard=0.85664 hard_red=0.02733 oracle=0.57421 rank=0.14222 value=0.55756 cand=2.49527 pairs=309.8
[train-progress] epoch=4 [####--------------------] 175/900  19.4% loss=0.86191 jepa=0.36143 hard=0.85076 hard_red=0.02771 oracle=0.57274 rank=0.14148 value=0.54374 cand=2.49099 pairs=307.5
[train-progress] epoch=4 [#####-------------------] 200/900  22.2% loss=0.81630 jepa=0.35534 hard=0.84862 hard_red=0.02651 oracle=0.57049 rank=0.14021 value=0.54593 cand=2.48240 pairs=309.7
[train-progress] epoch=4 [######------------------] 225/900  25.0% loss=0.81764 jepa=0.37256 hard=0.84615 hard_red=0.02678 oracle=0.56961 rank=0.13962 value=0.55191 cand=2.47874 pairs=312.7
[train-progress] epoch=4 [######------------------] 250/900  27.8% loss=0.78751 jepa=0.37564 hard=0.84003 hard_red=0.02522 oracle=0.57101 rank=0.13959 value=0.54571 cand=2.48642 pairs=310.7
[train-progress] epoch=4 [#######-----------------] 275/900  30.6% loss=0.73872 jepa=0.36800 hard=0.85157 hard_red=0.02390 oracle=0.57228 rank=0.13979 value=0.54223 cand=2.49267 pairs=311.1
[train-progress] epoch=4 [########----------------] 300/900  33.3% loss=0.81810 jepa=0.36632 hard=0.85717 hard_red=0.02458 oracle=0.57327 rank=0.13841 value=0.54185 cand=2.50075 pairs=312.2
[train-progress] epoch=4 [########----------------] 325/900  36.1% loss=0.85723 jepa=0.36287 hard=0.86016 hard_red=0.02565 oracle=0.57146 rank=0.13631 value=0.53684 cand=2.49691 pairs=312.9
[train-progress] epoch=4 [#########---------------] 350/900  38.9% loss=0.83431 jepa=0.36034 hard=0.86294 hard_red=0.02485 oracle=0.57129 rank=0.13603 value=0.53217 cand=2.49715 pairs=312.9
[train-progress] epoch=4 [##########--------------] 375/900  41.7% loss=0.82276 jepa=0.35808 hard=0.86999 hard_red=0.02533 oracle=0.57287 rank=0.13723 value=0.53454 cand=2.50214 pairs=311.4
[train-progress] epoch=4 [##########--------------] 400/900  44.4% loss=0.88384 jepa=0.36142 hard=0.86851 hard_red=0.02586 oracle=0.57317 rank=0.13655 value=0.53673 cand=2.50495 pairs=311.1
[train-progress] epoch=4 [###########-------------] 425/900  47.2% loss=0.89351 jepa=0.36526 hard=0.86569 hard_red=0.02579 oracle=0.57333 rank=0.13619 value=0.53892 cand=2.50633 pairs=312.1
[train-progress] epoch=4 [############------------] 450/900  50.0% loss=0.90060 jepa=0.36372 hard=0.85946 hard_red=0.02580 oracle=0.57333 rank=0.13572 value=0.53935 cand=2.50732 pairs=311.7
[train-progress] epoch=4 [############------------] 475/900  52.8% loss=0.90069 jepa=0.36493 hard=0.85925 hard_red=0.02511 oracle=0.57336 rank=0.13480 value=0.53579 cand=2.50995 pairs=311.1
[train-progress] epoch=4 [#############-----------] 500/900  55.6% loss=0.88501 jepa=0.36290 hard=0.86575 hard_red=0.02535 oracle=0.57211 rank=0.13357 value=0.53996 cand=2.50604 pairs=311.0
[train-progress] epoch=4 [##############----------] 525/900  58.3% loss=0.87560 jepa=0.35995 hard=0.87300 hard_red=0.02552 oracle=0.57221 rank=0.13262 value=0.54218 cand=2.50844 pairs=310.5
[train-progress] epoch=4 [##############----------] 550/900  61.1% loss=0.86538 jepa=0.36026 hard=0.87574 hard_red=0.02516 oracle=0.57098 rank=0.13182 value=0.54181 cand=2.50412 pairs=310.4
[train-progress] epoch=4 [###############---------] 575/900  63.9% loss=0.85275 jepa=0.36078 hard=0.87146 hard_red=0.02499 oracle=0.57241 rank=0.13151 value=0.54108 cand=2.51201 pairs=310.8
[train-progress] epoch=4 [################--------] 600/900  66.7% loss=0.85049 jepa=0.36078 hard=0.87188 hard_red=0.02504 oracle=0.57219 rank=0.13165 value=0.53814 cand=2.51094 pairs=310.5
[train-progress] epoch=4 [################--------] 625/900  69.4% loss=0.85730 jepa=0.35991 hard=0.87496 hard_red=0.02535 oracle=0.57169 rank=0.13083 value=0.53641 cand=2.51043 pairs=310.3
[train-progress] epoch=4 [#################-------] 650/900  72.2% loss=0.85325 jepa=0.36195 hard=0.87025 hard_red=0.02557 oracle=0.57037 rank=0.13031 value=0.54089 cand=2.50456 pairs=310.6
[train-progress] epoch=4 [##################------] 675/900  75.0% loss=0.84420 jepa=0.36056 hard=0.87076 hard_red=0.02506 oracle=0.56897 rank=0.12947 value=0.54185 cand=2.49935 pairs=310.6
[train-progress] epoch=4 [##################------] 700/900  77.8% loss=0.84493 jepa=0.36276 hard=0.87312 hard_red=0.02571 oracle=0.56841 rank=0.12907 value=0.54133 cand=2.49749 pairs=310.1
[train-progress] epoch=4 [###################-----] 725/900  80.6% loss=0.85886 jepa=0.36276 hard=0.87328 hard_red=0.02581 oracle=0.56796 rank=0.12857 value=0.54006 cand=2.49652 pairs=310.0
[train-progress] epoch=4 [####################----] 750/900  83.3% loss=0.85352 jepa=0.36201 hard=0.87581 hard_red=0.02604 oracle=0.56761 rank=0.12772 value=0.53940 cand=2.49676 pairs=309.8
[train-progress] epoch=4 [####################----] 775/900  86.1% loss=0.84600 jepa=0.36225 hard=0.87855 hard_red=0.02607 oracle=0.56721 rank=0.12671 value=0.53994 cand=2.49697 pairs=309.7
[train-progress] epoch=4 [#####################---] 800/900  88.9% loss=0.84959 jepa=0.36163 hard=0.87428 hard_red=0.02637 oracle=0.56672 rank=0.12645 value=0.54026 cand=2.49506 pairs=309.6
[train-progress] epoch=4 [######################--] 825/900  91.7% loss=0.87932 jepa=0.36291 hard=0.87247 hard_red=0.02713 oracle=0.56575 rank=0.12567 value=0.54348 cand=2.49166 pairs=310.4
[train-progress] epoch=4 [######################--] 850/900  94.4% loss=0.87336 jepa=0.36391 hard=0.87532 hard_red=0.02705 oracle=0.56486 rank=0.12515 value=0.54321 cand=2.48841 pairs=310.4
[train-progress] epoch=4 [#######################-] 875/900  97.2% loss=0.86793 jepa=0.36291 hard=0.87332 hard_red=0.02676 oracle=0.56428 rank=0.12491 value=0.54399 cand=2.48597 pairs=310.3
[train-progress] epoch=4 [########################] 900/900 100.0% loss=0.85978 jepa=0.36182 hard=0.87302 hard_red=0.02699 oracle=0.56432 rank=0.12448 value=0.54330 cand=2.48721 pairs=310.2
[train] epoch=4 horizon=3 train_loss=0.859779 val_loss=0.603195 train_steps=900
[train-progress] epoch=5 [------------------------] 1/900   0.1% loss=0.11905 jepa=0.26473 hard=0.89522 hard_red=0.00331 oracle=0.48065 rank=0.11862 value=0.31552 cand=2.10480 pairs=226.0
[train-progress] epoch=5 [------------------------] 25/900   2.8% loss=0.63423 jepa=0.31237 hard=0.89293 hard_red=0.02072 oracle=0.56371 rank=0.12058 value=0.55431 cand=2.49184 pairs=304.6
[train-progress] epoch=5 [#-----------------------] 50/900   5.6% loss=0.73150 jepa=0.32702 hard=0.84213 hard_red=0.02459 oracle=0.56451 rank=0.11176 value=0.53552 cand=2.51755 pairs=312.7
[train-progress] epoch=5 [##----------------------] 75/900   8.3% loss=0.75481 jepa=0.34371 hard=0.88356 hard_red=0.02540 oracle=0.56151 rank=0.11346 value=0.51725 cand=2.50053 pairs=305.6
[train-progress] epoch=5 [##----------------------] 100/900  11.1% loss=0.82046 jepa=0.34806 hard=0.89494 hard_red=0.03350 oracle=0.55627 rank=0.11049 value=0.52377 cand=2.48038 pairs=307.6
[train-progress] epoch=5 [###---------------------] 125/900  13.9% loss=0.95364 jepa=0.35509 hard=0.88373 hard_red=0.03481 oracle=0.55599 rank=0.11554 value=0.52167 cand=2.46780 pairs=307.3
[train-progress] epoch=5 [####--------------------] 150/900  16.7% loss=0.93192 jepa=0.35083 hard=0.88417 hard_red=0.03155 oracle=0.55443 rank=0.11283 value=0.51740 cand=2.46655 pairs=305.7
[train-progress] epoch=5 [####--------------------] 175/900  19.4% loss=0.92569 jepa=0.34856 hard=0.87858 hard_red=0.02911 oracle=0.55700 rank=0.11433 value=0.50287 cand=2.47746 pairs=301.7
[train-progress] epoch=5 [#####-------------------] 200/900  22.2% loss=0.88642 jepa=0.34843 hard=0.88696 hard_red=0.03003 oracle=0.55947 rank=0.11425 value=0.49971 cand=2.49031 pairs=300.9
[train-progress] epoch=5 [######------------------] 225/900  25.0% loss=0.91152 jepa=0.35103 hard=0.87576 hard_red=0.02846 oracle=0.55837 rank=0.11268 value=0.50135 cand=2.48816 pairs=300.6
[train-progress] epoch=5 [######------------------] 250/900  27.8% loss=0.88573 jepa=0.35267 hard=0.87550 hard_red=0.03098 oracle=0.55846 rank=0.11089 value=0.51997 cand=2.49080 pairs=303.2
[train-progress] epoch=5 [#######-----------------] 275/900  30.6% loss=0.84556 jepa=0.35377 hard=0.86857 hard_red=0.02957 oracle=0.55693 rank=0.11010 value=0.52437 cand=2.48449 pairs=304.6
[train-progress] epoch=5 [########----------------] 300/900  33.3% loss=0.89968 jepa=0.35443 hard=0.87357 hard_red=0.02958 oracle=0.55885 rank=0.10948 value=0.52177 cand=2.49573 pairs=303.8
[train-progress] epoch=5 [########----------------] 325/900  36.1% loss=0.87924 jepa=0.35354 hard=0.88057 hard_red=0.02958 oracle=0.55788 rank=0.10891 value=0.52599 cand=2.49177 pairs=303.8
[train-progress] epoch=5 [#########---------------] 350/900  38.9% loss=0.86666 jepa=0.35168 hard=0.87608 hard_red=0.02953 oracle=0.55459 rank=0.10706 value=0.53089 cand=2.47897 pairs=306.2
[train-progress] epoch=5 [##########--------------] 375/900  41.7% loss=0.84646 jepa=0.35006 hard=0.87392 hard_red=0.02887 oracle=0.55224 rank=0.10613 value=0.53438 cand=2.46894 pairs=305.7
[train-progress] epoch=5 [##########--------------] 400/900  44.4% loss=0.83186 jepa=0.35134 hard=0.87169 hard_red=0.02932 oracle=0.55376 rank=0.10651 value=0.53584 cand=2.47557 pairs=305.9
[train-progress] epoch=5 [###########-------------] 425/900  47.2% loss=0.81257 jepa=0.34933 hard=0.87863 hard_red=0.02954 oracle=0.55276 rank=0.10643 value=0.53657 cand=2.47070 pairs=307.4
[train-progress] epoch=5 [############------------] 450/900  50.0% loss=0.79247 jepa=0.34636 hard=0.88000 hard_red=0.02888 oracle=0.55054 rank=0.10524 value=0.53811 cand=2.46211 pairs=306.7
[train-progress] epoch=5 [############------------] 475/900  52.8% loss=0.78844 jepa=0.34590 hard=0.87846 hard_red=0.02920 oracle=0.55043 rank=0.10450 value=0.54124 cand=2.46292 pairs=307.5
[train-progress] epoch=5 [#############-----------] 500/900  55.6% loss=0.78911 jepa=0.34737 hard=0.87485 hard_red=0.02845 oracle=0.55126 rank=0.10463 value=0.53987 cand=2.46689 pairs=306.9
[train-progress] epoch=5 [##############----------] 525/900  58.3% loss=0.79335 jepa=0.34579 hard=0.87832 hard_red=0.02814 oracle=0.55130 rank=0.10433 value=0.53517 cand=2.46823 pairs=306.4
[train-progress] epoch=5 [##############----------] 550/900  61.1% loss=0.77823 jepa=0.34696 hard=0.87654 hard_red=0.02818 oracle=0.55049 rank=0.10364 value=0.53352 cand=2.46589 pairs=306.1
[train-progress] epoch=5 [###############---------] 575/900  63.9% loss=0.76592 jepa=0.34789 hard=0.87575 hard_red=0.02781 oracle=0.54917 rank=0.10270 value=0.53254 cand=2.46152 pairs=306.4
[train-progress] epoch=5 [################--------] 600/900  66.7% loss=0.75827 jepa=0.34774 hard=0.87226 hard_red=0.02730 oracle=0.54763 rank=0.10202 value=0.53264 cand=2.45536 pairs=306.9
[train-progress] epoch=5 [################--------] 625/900  69.4% loss=0.75080 jepa=0.34882 hard=0.86903 hard_red=0.02699 oracle=0.54720 rank=0.10165 value=0.53198 cand=2.45411 pairs=307.2
[train-progress] epoch=5 [#################-------] 650/900  72.2% loss=0.74512 jepa=0.34997 hard=0.87350 hard_red=0.02710 oracle=0.54785 rank=0.10157 value=0.52908 cand=2.45782 pairs=306.7
[train-progress] epoch=5 [##################------] 675/900  75.0% loss=0.75746 jepa=0.35474 hard=0.87648 hard_red=0.02692 oracle=0.54725 rank=0.10101 value=0.52682 cand=2.45629 pairs=307.0
[train-progress] epoch=5 [##################------] 700/900  77.8% loss=0.77535 jepa=0.35433 hard=0.87645 hard_red=0.02721 oracle=0.54774 rank=0.10118 value=0.52868 cand=2.45820 pairs=307.3
[train-progress] epoch=5 [###################-----] 725/900  80.6% loss=0.77665 jepa=0.35337 hard=0.87776 hard_red=0.02732 oracle=0.54728 rank=0.10067 value=0.52739 cand=2.45715 pairs=307.0
[train-progress] epoch=5 [####################----] 750/900  83.3% loss=0.78298 jepa=0.35351 hard=0.87642 hard_red=0.02778 oracle=0.54746 rank=0.10042 value=0.52625 cand=2.45872 pairs=307.2
[train-progress] epoch=5 [####################----] 775/900  86.1% loss=0.80088 jepa=0.35304 hard=0.87693 hard_red=0.02787 oracle=0.54758 rank=0.10044 value=0.52543 cand=2.45936 pairs=307.2
[train-progress] epoch=5 [#####################---] 800/900  88.9% loss=0.79164 jepa=0.35558 hard=0.87883 hard_red=0.02796 oracle=0.54727 rank=0.10008 value=0.52566 cand=2.45861 pairs=307.1
[train-progress] epoch=5 [######################--] 825/900  91.7% loss=0.78776 jepa=0.35428 hard=0.88066 hard_red=0.02795 oracle=0.54744 rank=0.09998 value=0.52376 cand=2.45986 pairs=306.9
[train-progress] epoch=5 [######################--] 850/900  94.4% loss=0.78182 jepa=0.35665 hard=0.88166 hard_red=0.02790 oracle=0.54656 rank=0.09982 value=0.52287 cand=2.45591 pairs=306.5
[train-progress] epoch=5 [#######################-] 875/900  97.2% loss=0.79127 jepa=0.35837 hard=0.87935 hard_red=0.02801 oracle=0.54689 rank=0.09964 value=0.52124 cand=2.45813 pairs=306.2
[train-progress] epoch=5 [########################] 900/900 100.0% loss=0.79245 jepa=0.35890 hard=0.88002 hard_red=0.02796 oracle=0.54744 rank=0.09915 value=0.51958 cand=2.46216 pairs=306.2
[train] epoch=5 horizon=3 train_loss=0.792445 val_loss=0.732861 train_steps=900
[train-progress] epoch=6 [------------------------] 1/900   0.1% loss=0.93687 jepa=0.37258 hard=1.22110 hard_red=0.09573 oracle=0.64335 rank=0.11962 value=0.39503 cand=2.90808 pairs=228.0
[train-progress] epoch=6 [------------------------] 25/900   2.8% loss=0.69145 jepa=0.38200 hard=0.99478 hard_red=0.03433 oracle=0.53971 rank=0.08697 value=0.58615 cand=2.44427 pairs=314.4
[train-progress] epoch=6 [#-----------------------] 50/900   5.6% loss=0.68691 jepa=0.41988 hard=0.94629 hard_red=0.02529 oracle=0.54341 rank=0.08751 value=0.50649 cand=2.46951 pairs=310.5
[train-progress] epoch=6 [##----------------------] 75/900   8.3% loss=0.94067 jepa=0.41750 hard=0.92978 hard_red=0.02821 oracle=0.54290 rank=0.08558 value=0.50970 cand=2.47095 pairs=315.5
[train-progress] epoch=6 [##----------------------] 100/900  11.1% loss=0.90102 jepa=0.41122 hard=0.90334 hard_red=0.02718 oracle=0.54581 rank=0.08505 value=0.50351 cand=2.48736 pairs=311.6
[train-progress] epoch=6 [###---------------------] 125/900  13.9% loss=0.98293 jepa=0.41097 hard=0.90180 hard_red=0.02828 oracle=0.53944 rank=0.08326 value=0.52501 cand=2.45734 pairs=311.1
[train-progress] epoch=6 [####--------------------] 150/900  16.7% loss=1.02063 jepa=0.41426 hard=0.88124 hard_red=0.02803 oracle=0.53732 rank=0.08398 value=0.51820 cand=2.44581 pairs=314.3
[train-progress] epoch=6 [####--------------------] 175/900  19.4% loss=0.99298 jepa=0.41357 hard=0.87314 hard_red=0.02756 oracle=0.53531 rank=0.08288 value=0.50813 cand=2.43923 pairs=312.5
[train-progress] epoch=6 [#####-------------------] 200/900  22.2% loss=1.00299 jepa=0.41684 hard=0.86285 hard_red=0.02714 oracle=0.53624 rank=0.08208 value=0.50212 cand=2.44632 pairs=313.8
[train-progress] epoch=6 [######------------------] 225/900  25.0% loss=1.10969 jepa=0.42620 hard=0.86034 hard_red=0.02667 oracle=0.53799 rank=0.08222 value=0.49953 cand=2.45501 pairs=313.8
[train-progress] epoch=6 [######------------------] 250/900  27.8% loss=1.22495 jepa=0.55632 hard=0.86309 hard_red=0.02766 oracle=0.53452 rank=0.08267 value=0.50429 cand=2.43614 pairs=315.0
[train-progress] epoch=6 [#######-----------------] 275/900  30.6% loss=1.24443 jepa=0.54459 hard=0.85287 hard_red=0.02792 oracle=0.53362 rank=0.08306 value=0.50512 cand=2.43068 pairs=313.5
[train-progress] epoch=6 [########----------------] 300/900  33.3% loss=1.22591 jepa=0.53242 hard=0.85617 hard_red=0.02828 oracle=0.53387 rank=0.08325 value=0.50237 cand=2.43182 pairs=311.3
[train-progress] epoch=6 [########----------------] 325/900  36.1% loss=1.25499 jepa=0.52652 hard=0.86378 hard_red=0.02802 oracle=0.53532 rank=0.08366 value=0.50276 cand=2.43806 pairs=312.9
[train-progress] epoch=6 [#########---------------] 350/900  38.9% loss=1.20854 jepa=0.51673 hard=0.86918 hard_red=0.02749 oracle=0.53570 rank=0.08365 value=0.50071 cand=2.44021 pairs=313.0
[train-progress] epoch=6 [##########--------------] 375/900  41.7% loss=1.24906 jepa=0.50869 hard=0.87519 hard_red=0.02743 oracle=0.53469 rank=0.08403 value=0.50341 cand=2.43405 pairs=312.7
[train-progress] epoch=6 [##########--------------] 400/900  44.4% loss=1.22865 jepa=0.50274 hard=0.87493 hard_red=0.02731 oracle=0.53464 rank=0.08405 value=0.50324 cand=2.43376 pairs=312.2
[train-progress] epoch=6 [###########-------------] 425/900  47.2% loss=1.20399 jepa=0.49452 hard=0.87763 hard_red=0.02682 oracle=0.53474 rank=0.08329 value=0.50338 cand=2.43595 pairs=313.2
[train-progress] epoch=6 [############------------] 450/900  50.0% loss=1.17011 jepa=0.48750 hard=0.88112 hard_red=0.02731 oracle=0.53472 rank=0.08324 value=0.49911 cand=2.43641 pairs=312.1
[train-progress] epoch=6 [############------------] 475/900  52.8% loss=1.13510 jepa=0.47981 hard=0.88411 hard_red=0.02727 oracle=0.53557 rank=0.08310 value=0.49479 cand=2.44140 pairs=311.6
[train-progress] epoch=6 [#############-----------] 500/900  55.6% loss=1.10143 jepa=0.47406 hard=0.88969 hard_red=0.02729 oracle=0.53459 rank=0.08240 value=0.49524 cand=2.43803 pairs=311.5
[train-progress] epoch=6 [##############----------] 525/900  58.3% loss=1.09711 jepa=0.46877 hard=0.89055 hard_red=0.02694 oracle=0.53289 rank=0.08184 value=0.49148 cand=2.43116 pairs=311.6
[train-progress] epoch=6 [##############----------] 550/900  61.1% loss=1.09492 jepa=0.46648 hard=0.88912 hard_red=0.02711 oracle=0.53362 rank=0.08197 value=0.48954 cand=2.43474 pairs=311.6
[train-progress] epoch=6 [###############---------] 575/900  63.9% loss=1.09113 jepa=0.46534 hard=0.88394 hard_red=0.02731 oracle=0.53276 rank=0.08205 value=0.49059 cand=2.43016 pairs=311.7
[train-progress] epoch=6 [################--------] 600/900  66.7% loss=1.07512 jepa=0.46197 hard=0.88470 hard_red=0.02737 oracle=0.53237 rank=0.08210 value=0.49245 cand=2.42786 pairs=312.1
[train-progress] epoch=6 [################--------] 625/900  69.4% loss=1.07059 jepa=0.45791 hard=0.88891 hard_red=0.02752 oracle=0.53199 rank=0.08197 value=0.48949 cand=2.42657 pairs=312.1
[train-progress] epoch=6 [#################-------] 650/900  72.2% loss=1.06277 jepa=0.45847 hard=0.88577 hard_red=0.02743 oracle=0.53144 rank=0.08179 value=0.48962 cand=2.42420 pairs=311.5
[train-progress] epoch=6 [##################------] 675/900  75.0% loss=1.06978 jepa=0.45751 hard=0.88700 hard_red=0.02776 oracle=0.53224 rank=0.08173 value=0.48974 cand=2.42834 pairs=311.4
[train-progress] epoch=6 [##################------] 700/900  77.8% loss=1.05473 jepa=0.45796 hard=0.88481 hard_red=0.02722 oracle=0.53153 rank=0.08122 value=0.49148 cand=2.42575 pairs=312.0
[train-progress] epoch=6 [###################-----] 725/900  80.6% loss=1.05184 jepa=0.45545 hard=0.87877 hard_red=0.02660 oracle=0.53216 rank=0.08102 value=0.49339 cand=2.42916 pairs=312.4
[train-progress] epoch=6 [####################----] 750/900  83.3% loss=1.05155 jepa=0.45537 hard=0.87886 hard_red=0.02618 oracle=0.53221 rank=0.08055 value=0.49369 cand=2.43046 pairs=312.1
[train-progress] epoch=6 [####################----] 775/900  86.1% loss=1.04433 jepa=0.45292 hard=0.87883 hard_red=0.02650 oracle=0.53215 rank=0.08030 value=0.49177 cand=2.43091 pairs=312.2
[train-progress] epoch=6 [#####################---] 800/900  88.9% loss=1.07845 jepa=0.45122 hard=0.87430 hard_red=0.02646 oracle=0.53220 rank=0.08019 value=0.49040 cand=2.43152 pairs=311.9
[train-progress] epoch=6 [######################--] 825/900  91.7% loss=1.09707 jepa=0.45042 hard=0.87399 hard_red=0.02645 oracle=0.53185 rank=0.07998 value=0.48995 cand=2.43033 pairs=311.9
[train-progress] epoch=6 [######################--] 850/900  94.4% loss=1.11049 jepa=0.44908 hard=0.87436 hard_red=0.02700 oracle=0.53173 rank=0.07996 value=0.48846 cand=2.42992 pairs=311.0
[train-progress] epoch=6 [#######################-] 875/900  97.2% loss=1.09494 jepa=0.44678 hard=0.87859 hard_red=0.02697 oracle=0.53195 rank=0.07966 value=0.48766 cand=2.43177 pairs=310.9
[train-progress] epoch=6 [########################] 900/900 100.0% loss=1.09226 jepa=0.44483 hard=0.88109 hard_red=0.02716 oracle=0.53191 rank=0.07935 value=0.48672 cand=2.43232 pairs=310.3
[train] epoch=6 horizon=4 train_loss=1.092260 val_loss=0.766194 train_steps=900
[train-progress] epoch=7 [------------------------] 1/900   0.1% loss=0.96788 jepa=0.33701 hard=0.14763 hard_red=0.05479 oracle=0.52852 rank=0.07059 value=0.20120 cand=2.46367 pairs=272.0
[train-progress] epoch=7 [------------------------] 25/900   2.8% loss=1.35676 jepa=0.41316 hard=0.86181 hard_red=0.03324 oracle=0.50702 rank=0.06578 value=0.54548 cand=2.33253 pairs=329.4
[train-progress] epoch=7 [#-----------------------] 50/900   5.6% loss=1.03190 jepa=0.44311 hard=0.89506 hard_red=0.02855 oracle=0.52448 rank=0.07227 value=0.49908 cand=2.40985 pairs=317.0
[train-progress] epoch=7 [##----------------------] 75/900   8.3% loss=1.18299 jepa=0.42902 hard=0.89039 hard_red=0.02989 oracle=0.52799 rank=0.07333 value=0.49065 cand=2.42589 pairs=314.8
[train-progress] epoch=7 [##----------------------] 100/900  11.1% loss=1.08742 jepa=0.42269 hard=0.90571 hard_red=0.03090 oracle=0.52688 rank=0.07148 value=0.50452 cand=2.42311 pairs=314.8
[train-progress] epoch=7 [###---------------------] 125/900  13.9% loss=1.07301 jepa=0.42163 hard=0.88374 hard_red=0.03008 oracle=0.52557 rank=0.07043 value=0.49520 cand=2.41986 pairs=313.9
[train-progress] epoch=7 [####--------------------] 150/900  16.7% loss=1.05034 jepa=0.42411 hard=0.86532 hard_red=0.02849 oracle=0.52491 rank=0.07136 value=0.49725 cand=2.41428 pairs=311.2
[train-progress] epoch=7 [####--------------------] 175/900  19.4% loss=1.08516 jepa=0.41898 hard=0.85941 hard_red=0.02940 oracle=0.52382 rank=0.07089 value=0.49598 cand=2.40999 pairs=309.2
[train-progress] epoch=7 [#####-------------------] 200/900  22.2% loss=1.14709 jepa=0.42856 hard=0.85244 hard_red=0.02919 oracle=0.52379 rank=0.07021 value=0.49704 cand=2.41126 pairs=309.2
[train-progress] epoch=7 [######------------------] 225/900  25.0% loss=1.17244 jepa=0.44226 hard=0.85673 hard_red=0.02935 oracle=0.52274 rank=0.06980 value=0.49878 cand=2.40678 pairs=310.8
[train-progress] epoch=7 [######------------------] 250/900  27.8% loss=1.14775 jepa=0.43696 hard=0.86991 hard_red=0.02901 oracle=0.52051 rank=0.06897 value=0.49932 cand=2.39745 pairs=310.1
[train-progress] epoch=7 [#######-----------------] 275/900  30.6% loss=1.07887 jepa=0.42845 hard=0.87671 hard_red=0.02816 oracle=0.52027 rank=0.06872 value=0.49817 cand=2.39693 pairs=310.8
[train-progress] epoch=7 [########----------------] 300/900  33.3% loss=1.12421 jepa=0.42443 hard=0.86982 hard_red=0.02871 oracle=0.51918 rank=0.06820 value=0.49225 cand=2.39324 pairs=310.9
[train-progress] epoch=7 [########----------------] 325/900  36.1% loss=1.15180 jepa=0.42339 hard=0.86652 hard_red=0.02823 oracle=0.51976 rank=0.06866 value=0.48657 cand=2.39565 pairs=310.3
[train-progress] epoch=7 [#########---------------] 350/900  38.9% loss=1.10095 jepa=0.41666 hard=0.87364 hard_red=0.02775 oracle=0.52071 rank=0.06866 value=0.48532 cand=2.40052 pairs=309.9
[train-progress] epoch=7 [##########--------------] 375/900  41.7% loss=1.15569 jepa=0.41823 hard=0.86896 hard_red=0.02792 oracle=0.52043 rank=0.06888 value=0.48250 cand=2.39891 pairs=308.5
[train-progress] epoch=7 [##########--------------] 400/900  44.4% loss=1.12485 jepa=0.41785 hard=0.86240 hard_red=0.02700 oracle=0.52115 rank=0.06918 value=0.48052 cand=2.40202 pairs=308.3
[train-progress] epoch=7 [###########-------------] 425/900  47.2% loss=1.11402 jepa=0.41591 hard=0.86238 hard_red=0.02732 oracle=0.52129 rank=0.06908 value=0.48166 cand=2.40286 pairs=308.2
[train-progress] epoch=7 [############------------] 450/900  50.0% loss=1.10263 jepa=0.41843 hard=0.86871 hard_red=0.02794 oracle=0.52031 rank=0.06887 value=0.48161 cand=2.39843 pairs=308.3
[train-progress] epoch=7 [############------------] 475/900  52.8% loss=1.06264 jepa=0.41583 hard=0.87112 hard_red=0.02738 oracle=0.52085 rank=0.06894 value=0.47807 cand=2.40135 pairs=308.2
[train-progress] epoch=7 [#############-----------] 500/900  55.6% loss=1.03776 jepa=0.41421 hard=0.87035 hard_red=0.02695 oracle=0.52134 rank=0.06918 value=0.47337 cand=2.40369 pairs=308.2
[train-progress] epoch=7 [##############----------] 525/900  58.3% loss=1.05160 jepa=0.41766 hard=0.87444 hard_red=0.02693 oracle=0.52207 rank=0.06944 value=0.47269 cand=2.40686 pairs=307.7
[train-progress] epoch=7 [##############----------] 550/900  61.1% loss=1.04375 jepa=0.41663 hard=0.87406 hard_red=0.02723 oracle=0.52349 rank=0.06945 value=0.47063 cand=2.41410 pairs=307.1
[train-progress] epoch=7 [###############---------] 575/900  63.9% loss=1.02355 jepa=0.41540 hard=0.87779 hard_red=0.02683 oracle=0.52344 rank=0.06963 value=0.47053 cand=2.41349 pairs=306.1
[train-progress] epoch=7 [################--------] 600/900  66.7% loss=1.05404 jepa=0.41686 hard=0.87183 hard_red=0.02646 oracle=0.52317 rank=0.06988 value=0.47021 cand=2.41158 pairs=306.5
[train-progress] epoch=7 [################--------] 625/900  69.4% loss=1.06898 jepa=0.41772 hard=0.87392 hard_red=0.02659 oracle=0.52292 rank=0.06941 value=0.47211 cand=2.41121 pairs=307.2
[train-progress] epoch=7 [#################-------] 650/900  72.2% loss=1.07147 jepa=0.41741 hard=0.87138 hard_red=0.02661 oracle=0.52243 rank=0.06931 value=0.47207 cand=2.40900 pairs=307.5
[train-progress] epoch=7 [##################------] 675/900  75.0% loss=1.06758 jepa=0.41563 hard=0.87073 hard_red=0.02648 oracle=0.52270 rank=0.06958 value=0.47300 cand=2.40963 pairs=307.8
[train-progress] epoch=7 [##################------] 700/900  77.8% loss=1.05266 jepa=0.41621 hard=0.86928 hard_red=0.02634 oracle=0.52242 rank=0.06940 value=0.47384 cand=2.40856 pairs=307.9
[train-progress] epoch=7 [###################-----] 725/900  80.6% loss=1.04215 jepa=0.41563 hard=0.86776 hard_red=0.02609 oracle=0.52201 rank=0.06959 value=0.47401 cand=2.40609 pairs=307.7
[train-progress] epoch=7 [####################----] 750/900  83.3% loss=1.03409 jepa=0.41505 hard=0.86722 hard_red=0.02579 oracle=0.52204 rank=0.06946 value=0.47239 cand=2.40667 pairs=307.6
[train-progress] epoch=7 [####################----] 775/900  86.1% loss=1.02535 jepa=0.41461 hard=0.86847 hard_red=0.02606 oracle=0.52228 rank=0.06949 value=0.47145 cand=2.40791 pairs=307.1
[train-progress] epoch=7 [#####################---] 800/900  88.9% loss=1.01041 jepa=0.41455 hard=0.86319 hard_red=0.02615 oracle=0.52161 rank=0.06964 value=0.47157 cand=2.40421 pairs=307.1
[train-progress] epoch=7 [######################--] 825/900  91.7% loss=0.99486 jepa=0.41356 hard=0.86592 hard_red=0.02592 oracle=0.52135 rank=0.06954 value=0.47350 cand=2.40291 pairs=307.4
[train-progress] epoch=7 [######################--] 850/900  94.4% loss=1.00428 jepa=0.41241 hard=0.86735 hard_red=0.02580 oracle=0.52210 rank=0.06949 value=0.47173 cand=2.40695 pairs=307.1
[train-progress] epoch=7 [#######################-] 875/900  97.2% loss=1.00143 jepa=0.41173 hard=0.86685 hard_red=0.02597 oracle=0.52202 rank=0.06923 value=0.47083 cand=2.40727 pairs=307.1
[train-progress] epoch=7 [########################] 900/900 100.0% loss=1.00600 jepa=0.41264 hard=0.86716 hard_red=0.02592 oracle=0.52179 rank=0.06919 value=0.47187 cand=2.40606 pairs=307.0
[train] epoch=7 horizon=4 train_loss=1.005996 val_loss=0.838477 train_steps=900
[train-progress] epoch=8 [------------------------] 1/900   0.1% loss=2.23059 jepa=0.41773 hard=0.11959 hard_red=0.00144 oracle=0.52183 rank=0.04702 value=0.58933 cand=2.44442 pairs=249.0
[train-progress] epoch=8 [------------------------] 25/900   2.8% loss=0.84369 jepa=0.42112 hard=0.86801 hard_red=0.01190 oracle=0.50813 rank=0.06472 value=0.46997 cand=2.34803 pairs=299.2
[train-progress] epoch=8 [#-----------------------] 50/900   5.6% loss=0.72707 jepa=0.40401 hard=0.89639 hard_red=0.01637 oracle=0.50613 rank=0.06411 value=0.47041 cand=2.33937 pairs=309.8
[train-progress] epoch=8 [##----------------------] 75/900   8.3% loss=0.70663 jepa=0.40213 hard=0.90496 hard_red=0.01957 oracle=0.51126 rank=0.06449 value=0.44616 cand=2.36658 pairs=308.2
[train-progress] epoch=8 [##----------------------] 100/900  11.1% loss=1.01251 jepa=0.42242 hard=0.87538 hard_red=0.02194 oracle=0.51291 rank=0.06394 value=0.43678 cand=2.37700 pairs=305.3
[train-progress] epoch=8 [###---------------------] 125/900  13.9% loss=0.94947 jepa=0.42348 hard=0.90196 hard_red=0.02082 oracle=0.51016 rank=0.06313 value=0.44948 cand=2.36379 pairs=309.5
[train-progress] epoch=8 [####--------------------] 150/900  16.7% loss=0.93941 jepa=0.41970 hard=0.89413 hard_red=0.02089 oracle=0.51099 rank=0.06352 value=0.45238 cand=2.36678 pairs=308.7
[train-progress] epoch=8 [####--------------------] 175/900  19.4% loss=0.90901 jepa=0.41728 hard=0.90441 hard_red=0.02203 oracle=0.51158 rank=0.06207 value=0.45772 cand=2.37247 pairs=307.0
[train-progress] epoch=8 [#####-------------------] 200/900  22.2% loss=0.90548 jepa=0.41609 hard=0.89072 hard_red=0.02176 oracle=0.51274 rank=0.06206 value=0.45190 cand=2.37889 pairs=304.9
[train-progress] epoch=8 [######------------------] 225/900  25.0% loss=0.86985 jepa=0.41522 hard=0.88998 hard_red=0.02122 oracle=0.51456 rank=0.06289 value=0.44655 cand=2.38664 pairs=307.1
[train-progress] epoch=8 [######------------------] 250/900  27.8% loss=1.10876 jepa=0.42244 hard=0.88129 hard_red=0.02152 oracle=0.51269 rank=0.06299 value=0.44811 cand=2.37690 pairs=306.7
[train-progress] epoch=8 [#######-----------------] 275/900  30.6% loss=1.07893 jepa=0.42127 hard=0.88560 hard_red=0.02143 oracle=0.51561 rank=0.06361 value=0.45505 cand=2.38942 pairs=306.7
[train-progress] epoch=8 [########----------------] 300/900  33.3% loss=1.07171 jepa=0.42209 hard=0.88282 hard_red=0.02158 oracle=0.51542 rank=0.06326 value=0.45694 cand=2.38909 pairs=306.7
[train-progress] epoch=8 [########----------------] 325/900  36.1% loss=1.14123 jepa=0.42323 hard=0.87704 hard_red=0.02159 oracle=0.51688 rank=0.06325 value=0.45493 cand=2.39659 pairs=305.0
[train-progress] epoch=8 [#########---------------] 350/900  38.9% loss=1.10075 jepa=0.42205 hard=0.87975 hard_red=0.02139 oracle=0.51548 rank=0.06318 value=0.45470 cand=2.38977 pairs=305.6
[train-progress] epoch=8 [##########--------------] 375/900  41.7% loss=1.10925 jepa=0.42303 hard=0.88044 hard_red=0.02118 oracle=0.51507 rank=0.06298 value=0.45312 cand=2.38832 pairs=305.4
[train-progress] epoch=8 [##########--------------] 400/900  44.4% loss=1.17608 jepa=0.43676 hard=0.87796 hard_red=0.02146 oracle=0.51594 rank=0.06372 value=0.45539 cand=2.39081 pairs=306.7
[train-progress] epoch=8 [###########-------------] 425/900  47.2% loss=1.24599 jepa=0.44037 hard=0.87336 hard_red=0.02211 oracle=0.51423 rank=0.06334 value=0.46053 cand=2.38259 pairs=306.8
[train-progress] epoch=8 [############------------] 450/900  50.0% loss=1.23620 jepa=0.43958 hard=0.87240 hard_red=0.02171 oracle=0.51406 rank=0.06377 value=0.46039 cand=2.38074 pairs=307.4
[train-progress] epoch=8 [############------------] 475/900  52.8% loss=1.22853 jepa=0.44060 hard=0.87387 hard_red=0.02175 oracle=0.51475 rank=0.06375 value=0.46015 cand=2.38430 pairs=307.9
[train-progress] epoch=8 [#############-----------] 500/900  55.6% loss=1.20941 jepa=0.44275 hard=0.87559 hard_red=0.02183 oracle=0.51572 rank=0.06340 value=0.45909 cand=2.39004 pairs=307.2
[train-progress] epoch=8 [##############----------] 525/900  58.3% loss=1.18371 jepa=0.44025 hard=0.87350 hard_red=0.02142 oracle=0.51579 rank=0.06347 value=0.45954 cand=2.39019 pairs=306.7
[train-progress] epoch=8 [##############----------] 550/900  61.1% loss=1.20746 jepa=0.43888 hard=0.87502 hard_red=0.02215 oracle=0.51624 rank=0.06339 value=0.46033 cand=2.39254 pairs=306.6
[train-progress] epoch=8 [###############---------] 575/900  63.9% loss=1.22052 jepa=0.44041 hard=0.87695 hard_red=0.02211 oracle=0.51662 rank=0.06344 value=0.45786 cand=2.39458 pairs=307.1
[train-progress] epoch=8 [################--------] 600/900  66.7% loss=1.25298 jepa=0.44428 hard=0.87358 hard_red=0.02212 oracle=0.51645 rank=0.06344 value=0.45546 cand=2.39396 pairs=306.9
[train-progress] epoch=8 [################--------] 625/900  69.4% loss=1.23139 jepa=0.44265 hard=0.87270 hard_red=0.02183 oracle=0.51626 rank=0.06343 value=0.45528 cand=2.39303 pairs=305.9
[train-progress] epoch=8 [#################-------] 650/900  72.2% loss=1.26341 jepa=0.44493 hard=0.86974 hard_red=0.02186 oracle=0.51614 rank=0.06342 value=0.45678 cand=2.39232 pairs=306.3
[train-progress] epoch=8 [##################------] 675/900  75.0% loss=1.24820 jepa=0.44426 hard=0.87184 hard_red=0.02174 oracle=0.51554 rank=0.06320 value=0.45755 cand=2.38976 pairs=306.7
[train-progress] epoch=8 [##################------] 700/900  77.8% loss=1.24150 jepa=0.44418 hard=0.87149 hard_red=0.02182 oracle=0.51595 rank=0.06331 value=0.45822 cand=2.39150 pairs=306.4
[train-progress] epoch=8 [###################-----] 725/900  80.6% loss=1.21723 jepa=0.44352 hard=0.87468 hard_red=0.02160 oracle=0.51600 rank=0.06333 value=0.45717 cand=2.39181 pairs=306.6
[train-progress] epoch=8 [####################----] 750/900  83.3% loss=1.21613 jepa=0.44351 hard=0.87205 hard_red=0.02142 oracle=0.51609 rank=0.06331 value=0.45754 cand=2.39227 pairs=306.0
[train-progress] epoch=8 [####################----] 775/900  86.1% loss=1.23545 jepa=0.44410 hard=0.87458 hard_red=0.02176 oracle=0.51589 rank=0.06346 value=0.45845 cand=2.39083 pairs=305.8
[train-progress] epoch=8 [#####################---] 800/900  88.9% loss=1.21823 jepa=0.44396 hard=0.87741 hard_red=0.02202 oracle=0.51632 rank=0.06374 value=0.45852 cand=2.39233 pairs=305.9
[train-progress] epoch=8 [######################--] 825/900  91.7% loss=1.25660 jepa=0.44486 hard=0.87517 hard_red=0.02203 oracle=0.51620 rank=0.06360 value=0.45885 cand=2.39202 pairs=305.6
[train-progress] epoch=8 [######################--] 850/900  94.4% loss=1.24903 jepa=0.44869 hard=0.87641 hard_red=0.02190 oracle=0.51528 rank=0.06361 value=0.46130 cand=2.38716 pairs=306.1
[train-progress] epoch=8 [#######################-] 875/900  97.2% loss=1.24810 jepa=0.44888 hard=0.87459 hard_red=0.02197 oracle=0.51529 rank=0.06353 value=0.46135 cand=2.38739 pairs=306.6
[train-progress] epoch=8 [########################] 900/900 100.0% loss=1.24143 jepa=0.44863 hard=0.87450 hard_red=0.02201 oracle=0.51471 rank=0.06326 value=0.46289 cand=2.38494 pairs=306.3
[train] epoch=8 horizon=5 train_loss=1.241428 val_loss=0.660597 train_steps=900
[train-progress] epoch=9 [------------------------] 1/900   0.1% loss=0.49079 jepa=0.36980 hard=1.12341 hard_red=0.02828 oracle=0.51636 rank=0.03913 value=0.58807 cand=2.43497 pairs=381.0
[train-progress] epoch=9 [------------------------] 25/900   2.8% loss=0.75660 jepa=0.40906 hard=0.86871 hard_red=0.02202 oracle=0.49061 rank=0.06128 value=0.55785 cand=2.25936 pairs=328.6
[train-progress] epoch=9 [#-----------------------] 50/900   5.6% loss=1.10362 jepa=0.41333 hard=0.86214 hard_red=0.02417 oracle=0.50086 rank=0.06217 value=0.51381 cand=2.31305 pairs=324.1
[train-progress] epoch=9 [##----------------------] 75/900   8.3% loss=1.03357 jepa=0.42486 hard=0.85335 hard_red=0.02322 oracle=0.50308 rank=0.06011 value=0.48572 cand=2.33159 pairs=316.1
[train-progress] epoch=9 [##----------------------] 100/900  11.1% loss=0.97551 jepa=0.42670 hard=0.86792 hard_red=0.02276 oracle=0.50741 rank=0.06150 value=0.48401 cand=2.35027 pairs=313.5
[train-progress] epoch=9 [###---------------------] 125/900  13.9% loss=0.99122 jepa=0.42933 hard=0.87620 hard_red=0.02180 oracle=0.50691 rank=0.06143 value=0.47122 cand=2.34924 pairs=311.2
[train-progress] epoch=9 [####--------------------] 150/900  16.7% loss=1.00008 jepa=0.43073 hard=0.87623 hard_red=0.02328 oracle=0.50901 rank=0.06143 value=0.46040 cand=2.36082 pairs=310.9
[train-progress] epoch=9 [####--------------------] 175/900  19.4% loss=0.95851 jepa=0.43343 hard=0.86112 hard_red=0.02179 oracle=0.51057 rank=0.06149 value=0.46219 cand=2.36827 pairs=310.0
[train-progress] epoch=9 [#####-------------------] 200/900  22.2% loss=1.00919 jepa=0.43409 hard=0.86565 hard_red=0.02318 oracle=0.51232 rank=0.06205 value=0.46390 cand=2.37559 pairs=309.1
[train-progress] epoch=9 [######------------------] 225/900  25.0% loss=1.00910 jepa=0.43727 hard=0.85958 hard_red=0.02366 oracle=0.51409 rank=0.06269 value=0.45910 cand=2.38351 pairs=312.4
[train-progress] epoch=9 [######------------------] 250/900  27.8% loss=1.08882 jepa=0.43892 hard=0.84746 hard_red=0.02390 oracle=0.51319 rank=0.06158 value=0.46786 cand=2.38062 pairs=313.6
[train-progress] epoch=9 [#######-----------------] 275/900  30.6% loss=1.19808 jepa=0.44568 hard=0.84924 hard_red=0.02428 oracle=0.51291 rank=0.06125 value=0.46482 cand=2.38025 pairs=314.9
[train-progress] epoch=9 [########----------------] 300/900  33.3% loss=1.18659 jepa=0.44548 hard=0.85760 hard_red=0.02446 oracle=0.51508 rank=0.06125 value=0.45527 cand=2.39207 pairs=313.1
[train-progress] epoch=9 [########----------------] 325/900  36.1% loss=1.24890 jepa=0.44229 hard=0.84790 hard_red=0.02436 oracle=0.51642 rank=0.06134 value=0.45009 cand=2.39909 pairs=312.0
[train-progress] epoch=9 [#########---------------] 350/900  38.9% loss=1.24732 jepa=0.44191 hard=0.84478 hard_red=0.02400 oracle=0.51820 rank=0.06199 value=0.44957 cand=2.40657 pairs=313.1
[train-progress] epoch=9 [##########--------------] 375/900  41.7% loss=1.25557 jepa=0.43981 hard=0.84406 hard_red=0.02426 oracle=0.51600 rank=0.06180 value=0.44984 cand=2.39599 pairs=314.0
[train-progress] epoch=9 [##########--------------] 400/900  44.4% loss=1.22834 jepa=0.43692 hard=0.84607 hard_red=0.02386 oracle=0.51499 rank=0.06143 value=0.45205 cand=2.39151 pairs=314.5
[train-progress] epoch=9 [###########-------------] 425/900  47.2% loss=1.21010 jepa=0.43490 hard=0.85083 hard_red=0.02391 oracle=0.51300 rank=0.06131 value=0.45409 cand=2.38164 pairs=315.1
[train-progress] epoch=9 [############------------] 450/900  50.0% loss=1.22138 jepa=0.43555 hard=0.84849 hard_red=0.02396 oracle=0.51243 rank=0.06158 value=0.45708 cand=2.37790 pairs=313.9
[train-progress] epoch=9 [############------------] 475/900  52.8% loss=1.25929 jepa=0.43583 hard=0.84188 hard_red=0.02482 oracle=0.51186 rank=0.06131 value=0.45549 cand=2.37582 pairs=313.6
[train-progress] epoch=9 [#############-----------] 500/900  55.6% loss=1.22968 jepa=0.43412 hard=0.84372 hard_red=0.02442 oracle=0.51244 rank=0.06175 value=0.45414 cand=2.37785 pairs=312.8
[train-progress] epoch=9 [##############----------] 525/900  58.3% loss=1.22506 jepa=0.43348 hard=0.84389 hard_red=0.02466 oracle=0.51285 rank=0.06155 value=0.45418 cand=2.38034 pairs=312.1
[train-progress] epoch=9 [##############----------] 550/900  61.1% loss=1.23712 jepa=0.43791 hard=0.84527 hard_red=0.02505 oracle=0.51347 rank=0.06147 value=0.45557 cand=2.38351 pairs=311.4
[train-progress] epoch=9 [###############---------] 575/900  63.9% loss=1.24271 jepa=0.44159 hard=0.85255 hard_red=0.02525 oracle=0.51292 rank=0.06193 value=0.45406 cand=2.37983 pairs=311.4
[train-progress] epoch=9 [################--------] 600/900  66.7% loss=1.24438 jepa=0.44126 hard=0.85269 hard_red=0.02546 oracle=0.51393 rank=0.06207 value=0.45564 cand=2.38444 pairs=311.5
[train-progress] epoch=9 [################--------] 625/900  69.4% loss=1.22676 jepa=0.44082 hard=0.84927 hard_red=0.02560 oracle=0.51356 rank=0.06248 value=0.45845 cand=2.38140 pairs=311.5
[train-progress] epoch=9 [#################-------] 650/900  72.2% loss=1.21937 jepa=0.43962 hard=0.84603 hard_red=0.02543 oracle=0.51368 rank=0.06252 value=0.45887 cand=2.38186 pairs=311.9
[train-progress] epoch=9 [##################------] 675/900  75.0% loss=1.20617 jepa=0.43992 hard=0.84503 hard_red=0.02528 oracle=0.51342 rank=0.06254 value=0.45844 cand=2.38053 pairs=312.0
[train-progress] epoch=9 [##################------] 700/900  77.8% loss=1.21877 jepa=0.43890 hard=0.85068 hard_red=0.02526 oracle=0.51378 rank=0.06235 value=0.45614 cand=2.38300 pairs=311.9
[train-progress] epoch=9 [###################-----] 725/900  80.6% loss=1.22828 jepa=0.43939 hard=0.84379 hard_red=0.02506 oracle=0.51373 rank=0.06216 value=0.45708 cand=2.38306 pairs=312.4
[train-progress] epoch=9 [####################----] 750/900  83.3% loss=1.22188 jepa=0.44074 hard=0.83951 hard_red=0.02502 oracle=0.51356 rank=0.06212 value=0.45734 cand=2.38231 pairs=312.7
[train-progress] epoch=9 [####################----] 775/900  86.1% loss=1.20513 jepa=0.44068 hard=0.84106 hard_red=0.02494 oracle=0.51397 rank=0.06198 value=0.45822 cand=2.38456 pairs=312.6
[train-progress] epoch=9 [#####################---] 800/900  88.9% loss=1.21093 jepa=0.44086 hard=0.84174 hard_red=0.02489 oracle=0.51409 rank=0.06197 value=0.45685 cand=2.38532 pairs=312.1
[train-progress] epoch=9 [######################--] 825/900  91.7% loss=1.20543 jepa=0.44023 hard=0.84405 hard_red=0.02477 oracle=0.51347 rank=0.06178 value=0.45811 cand=2.38250 pairs=312.3
[train-progress] epoch=9 [######################--] 850/900  94.4% loss=1.18576 jepa=0.43982 hard=0.84446 hard_red=0.02439 oracle=0.51410 rank=0.06174 value=0.45579 cand=2.38602 pairs=311.7
[train-progress] epoch=9 [#######################-] 875/900  97.2% loss=1.20198 jepa=0.44135 hard=0.84505 hard_red=0.02418 oracle=0.51428 rank=0.06157 value=0.45486 cand=2.38740 pairs=311.7
[train-progress] epoch=9 [########################] 900/900 100.0% loss=1.18511 jepa=0.43960 hard=0.84506 hard_red=0.02387 oracle=0.51421 rank=0.06157 value=0.45372 cand=2.38714 pairs=311.7
[train] epoch=9 horizon=5 train_loss=1.185113 val_loss=0.916568 train_steps=900
[train-progress] epoch=10 [------------------------] 1/900   0.1% loss=1.09851 jepa=0.42706 hard=1.16557 hard_red=0.14175 oracle=0.58494 rank=0.08577 value=0.14639 cand=2.71707 pairs=248.0
[train-progress] epoch=10 [------------------------] 25/900   2.8% loss=1.13059 jepa=0.40099 hard=0.96922 hard_red=0.03162 oracle=0.51558 rank=0.05886 value=0.35440 cand=2.41001 pairs=288.6
[train-progress] epoch=10 [#-----------------------] 50/900   5.6% loss=0.92204 jepa=0.38893 hard=0.93902 hard_red=0.02247 oracle=0.51332 rank=0.05759 value=0.39937 cand=2.39707 pairs=304.9
[train-progress] epoch=10 [##----------------------] 75/900   8.3% loss=0.86662 jepa=0.40192 hard=0.90208 hard_red=0.02422 oracle=0.51210 rank=0.05580 value=0.40068 cand=2.39491 pairs=304.3
[train-progress] epoch=10 [##----------------------] 100/900  11.1% loss=1.01917 jepa=0.41699 hard=0.88466 hard_red=0.02818 oracle=0.50886 rank=0.05567 value=0.40581 cand=2.37848 pairs=307.0
[train-progress] epoch=10 [###---------------------] 125/900  13.9% loss=1.10255 jepa=0.43801 hard=0.87029 hard_red=0.02718 oracle=0.51298 rank=0.05629 value=0.41280 cand=2.39698 pairs=307.2
[train-progress] epoch=10 [####--------------------] 150/900  16.7% loss=1.05353 jepa=0.44037 hard=0.87071 hard_red=0.02642 oracle=0.51573 rank=0.05672 value=0.41290 cand=2.40974 pairs=307.3
[train-progress] epoch=10 [####--------------------] 175/900  19.4% loss=0.99980 jepa=0.43255 hard=0.86510 hard_red=0.02592 oracle=0.51391 rank=0.05689 value=0.40857 cand=2.40072 pairs=305.3
[train-progress] epoch=10 [#####-------------------] 200/900  22.2% loss=0.96555 jepa=0.43003 hard=0.86606 hard_red=0.02541 oracle=0.51182 rank=0.05729 value=0.40912 cand=2.38932 pairs=305.3
[train-progress] epoch=10 [######------------------] 225/900  25.0% loss=1.01842 jepa=0.42851 hard=0.85719 hard_red=0.02481 oracle=0.51283 rank=0.05795 value=0.41007 cand=2.39275 pairs=306.5
[train-progress] epoch=10 [######------------------] 250/900  27.8% loss=0.98496 jepa=0.42671 hard=0.84364 hard_red=0.02391 oracle=0.51379 rank=0.05882 value=0.41010 cand=2.39558 pairs=308.7
[train-progress] epoch=10 [#######-----------------] 275/900  30.6% loss=0.96151 jepa=0.42671 hard=0.84020 hard_red=0.02325 oracle=0.51446 rank=0.05839 value=0.40950 cand=2.39995 pairs=310.0
[train-progress] epoch=10 [########----------------] 300/900  33.3% loss=0.96450 jepa=0.42718 hard=0.83843 hard_red=0.02312 oracle=0.51289 rank=0.05821 value=0.40760 cand=2.39271 pairs=309.5
[train-progress] epoch=10 [########----------------] 325/900  36.1% loss=0.96602 jepa=0.42819 hard=0.83380 hard_red=0.02247 oracle=0.51339 rank=0.05857 value=0.40575 cand=2.39460 pairs=309.3
[train-progress] epoch=10 [#########---------------] 350/900  38.9% loss=0.98721 jepa=0.43372 hard=0.82681 hard_red=0.02227 oracle=0.51290 rank=0.05836 value=0.40766 cand=2.39244 pairs=310.5
[train-progress] epoch=10 [##########--------------] 375/900  41.7% loss=0.98513 jepa=0.43583 hard=0.82923 hard_red=0.02202 oracle=0.51421 rank=0.05868 value=0.40756 cand=2.39829 pairs=310.0
[train-progress] epoch=10 [##########--------------] 400/900  44.4% loss=0.97643 jepa=0.43613 hard=0.82994 hard_red=0.02275 oracle=0.51448 rank=0.05865 value=0.40759 cand=2.39968 pairs=309.6
[train-progress] epoch=10 [###########-------------] 425/900  47.2% loss=0.95077 jepa=0.43861 hard=0.83040 hard_red=0.02281 oracle=0.51377 rank=0.05860 value=0.41117 cand=2.39591 pairs=310.0
[train-progress] epoch=10 [############------------] 450/900  50.0% loss=0.95328 jepa=0.43964 hard=0.83547 hard_red=0.02337 oracle=0.51276 rank=0.05854 value=0.41622 cand=2.39044 pairs=310.4
[train-progress] epoch=10 [############------------] 475/900  52.8% loss=0.95669 jepa=0.43776 hard=0.83318 hard_red=0.02285 oracle=0.51300 rank=0.05845 value=0.41359 cand=2.39213 pairs=310.3
[train-progress] epoch=10 [#############-----------] 500/900  55.6% loss=0.94180 jepa=0.43758 hard=0.82798 hard_red=0.02300 oracle=0.51315 rank=0.05880 value=0.41381 cand=2.39205 pairs=310.3
[train-progress] epoch=10 [##############----------] 525/900  58.3% loss=0.94224 jepa=0.44146 hard=0.82940 hard_red=0.02305 oracle=0.51279 rank=0.05889 value=0.41526 cand=2.38989 pairs=310.6
[train-progress] epoch=10 [##############----------] 550/900  61.1% loss=0.94354 jepa=0.43973 hard=0.83164 hard_red=0.02303 oracle=0.51205 rank=0.05863 value=0.41489 cand=2.38683 pairs=310.2
[train-progress] epoch=10 [###############---------] 575/900  63.9% loss=0.96164 jepa=0.43847 hard=0.83051 hard_red=0.02273 oracle=0.51155 rank=0.05824 value=0.41718 cand=2.38497 pairs=309.9
[train-progress] epoch=10 [################--------] 600/900  66.7% loss=0.96109 jepa=0.43825 hard=0.83157 hard_red=0.02239 oracle=0.51200 rank=0.05838 value=0.41676 cand=2.38698 pairs=309.7
[train-progress] epoch=10 [################--------] 625/900  69.4% loss=0.96093 jepa=0.43773 hard=0.83345 hard_red=0.02245 oracle=0.51159 rank=0.05825 value=0.41910 cand=2.38500 pairs=310.0
[train-progress] epoch=10 [#################-------] 650/900  72.2% loss=0.95981 jepa=0.43717 hard=0.84098 hard_red=0.02306 oracle=0.51147 rank=0.05843 value=0.42083 cand=2.38379 pairs=310.4
[train-progress] epoch=10 [##################------] 675/900  75.0% loss=0.95825 jepa=0.43644 hard=0.84292 hard_red=0.02332 oracle=0.51161 rank=0.05831 value=0.42260 cand=2.38457 pairs=311.4
[train-progress] epoch=10 [##################------] 700/900  77.8% loss=0.97086 jepa=0.43557 hard=0.84095 hard_red=0.02328 oracle=0.51067 rank=0.05823 value=0.42537 cand=2.37978 pairs=311.0
[train-progress] epoch=10 [###################-----] 725/900  80.6% loss=0.97137 jepa=0.43597 hard=0.84256 hard_red=0.02360 oracle=0.51137 rank=0.05842 value=0.42653 cand=2.38273 pairs=310.9
[train-progress] epoch=10 [####################----] 750/900  83.3% loss=0.96180 jepa=0.43537 hard=0.84418 hard_red=0.02357 oracle=0.51134 rank=0.05859 value=0.42894 cand=2.38197 pairs=310.6
[train-progress] epoch=10 [####################----] 775/900  86.1% loss=0.94974 jepa=0.43425 hard=0.84301 hard_red=0.02322 oracle=0.51139 rank=0.05858 value=0.42765 cand=2.38241 pairs=310.1
[train-progress] epoch=10 [#####################---] 800/900  88.9% loss=0.96211 jepa=0.43483 hard=0.83950 hard_red=0.02332 oracle=0.51050 rank=0.05832 value=0.42943 cand=2.37831 pairs=310.7
[train-progress] epoch=10 [######################--] 825/900  91.7% loss=0.98709 jepa=0.43498 hard=0.84008 hard_red=0.02379 oracle=0.51041 rank=0.05844 value=0.42825 cand=2.37773 pairs=310.3
[train-progress] epoch=10 [######################--] 850/900  94.4% loss=0.98771 jepa=0.43704 hard=0.84262 hard_red=0.02401 oracle=0.51039 rank=0.05870 value=0.42816 cand=2.37707 pairs=310.1
[train-progress] epoch=10 [#######################-] 875/900  97.2% loss=0.99460 jepa=0.43777 hard=0.84362 hard_red=0.02433 oracle=0.50995 rank=0.05852 value=0.42905 cand=2.37518 pairs=310.3
[train-progress] epoch=10 [########################] 900/900 100.0% loss=0.99314 jepa=0.43814 hard=0.84415 hard_red=0.02475 oracle=0.50988 rank=0.05857 value=0.43095 cand=2.37453 pairs=310.4
[train] epoch=10 horizon=5 train_loss=0.993139 val_loss=0.957954 train_steps=900
[train-progress] epoch=11 [------------------------] 1/900   0.1% loss=0.14101 jepa=0.33971 hard=1.03261 hard_red=0.00071 oracle=0.53108 rank=0.04251 value=0.29493 cand=2.53027 pairs=241.0
[train-progress] epoch=11 [------------------------] 25/900   2.8% loss=1.03834 jepa=0.40139 hard=0.83586 hard_red=0.01957 oracle=0.54091 rank=0.05774 value=0.43135 cand=2.53150 pairs=320.1
[train-progress] epoch=11 [#-----------------------] 50/900   5.6% loss=1.01372 jepa=0.42209 hard=0.81429 hard_red=0.02103 oracle=0.53171 rank=0.05871 value=0.42890 cand=2.48353 pairs=316.4
[train-progress] epoch=11 [##----------------------] 75/900   8.3% loss=1.01845 jepa=0.42278 hard=0.81796 hard_red=0.01839 oracle=0.53256 rank=0.05929 value=0.42746 cand=2.48663 pairs=311.6
[train-progress] epoch=11 [##----------------------] 100/900  11.1% loss=1.13049 jepa=0.42712 hard=0.82435 hard_red=0.02077 oracle=0.53065 rank=0.05920 value=0.42950 cand=2.47709 pairs=312.9
[train-progress] epoch=11 [###---------------------] 125/900  13.9% loss=1.10222 jepa=0.42631 hard=0.85218 hard_red=0.01982 oracle=0.52079 rank=0.05793 value=0.43001 cand=2.43061 pairs=312.2
[train-progress] epoch=11 [####--------------------] 150/900  16.7% loss=1.09450 jepa=0.41975 hard=0.85386 hard_red=0.02026 oracle=0.51814 rank=0.05766 value=0.42242 cand=2.41872 pairs=307.6
[train-progress] epoch=11 [####--------------------] 175/900  19.4% loss=1.07151 jepa=0.41766 hard=0.85093 hard_red=0.02103 oracle=0.51539 rank=0.05616 value=0.43179 cand=2.40739 pairs=309.4
[train-progress] epoch=11 [#####-------------------] 200/900  22.2% loss=1.13107 jepa=0.41229 hard=0.85636 hard_red=0.02224 oracle=0.51447 rank=0.05616 value=0.42399 cand=2.40360 pairs=305.4
[train-progress] epoch=11 [######------------------] 225/900  25.0% loss=1.17270 jepa=0.41639 hard=0.85711 hard_red=0.02235 oracle=0.51085 rank=0.05598 value=0.42470 cand=2.38585 pairs=308.0
[train-progress] epoch=11 [######------------------] 250/900  27.8% loss=1.30228 jepa=0.41823 hard=0.84541 hard_red=0.02269 oracle=0.51293 rank=0.05638 value=0.41843 cand=2.39597 pairs=307.1
[train-progress] epoch=11 [#######-----------------] 275/900  30.6% loss=1.34588 jepa=0.42156 hard=0.84560 hard_red=0.02388 oracle=0.51151 rank=0.05571 value=0.42851 cand=2.38934 pairs=308.7
[train-progress] epoch=11 [########----------------] 300/900  33.3% loss=1.30483 jepa=0.42365 hard=0.85041 hard_red=0.02429 oracle=0.51169 rank=0.05622 value=0.42613 cand=2.38934 pairs=308.4
[train-progress] epoch=11 [########----------------] 325/900  36.1% loss=1.31707 jepa=0.42084 hard=0.85611 hard_red=0.02424 oracle=0.51173 rank=0.05625 value=0.42530 cand=2.38956 pairs=308.7
[train-progress] epoch=11 [#########---------------] 350/900  38.9% loss=1.35780 jepa=0.42272 hard=0.85543 hard_red=0.02379 oracle=0.51213 rank=0.05651 value=0.42541 cand=2.39095 pairs=309.2
[train-progress] epoch=11 [##########--------------] 375/900  41.7% loss=1.37683 jepa=0.42990 hard=0.84504 hard_red=0.02333 oracle=0.51264 rank=0.05731 value=0.43079 cand=2.39118 pairs=309.8
[train-progress] epoch=11 [##########--------------] 400/900  44.4% loss=1.37306 jepa=0.42969 hard=0.84059 hard_red=0.02352 oracle=0.51165 rank=0.05754 value=0.43167 cand=2.38561 pairs=310.1
[train-progress] epoch=11 [###########-------------] 425/900  47.2% loss=1.36005 jepa=0.42908 hard=0.84273 hard_red=0.02286 oracle=0.51103 rank=0.05751 value=0.42928 cand=2.38281 pairs=309.0
[train-progress] epoch=11 [############------------] 450/900  50.0% loss=1.33932 jepa=0.42734 hard=0.84528 hard_red=0.02224 oracle=0.51041 rank=0.05713 value=0.42732 cand=2.38077 pairs=308.8
[train-progress] epoch=11 [############------------] 475/900  52.8% loss=1.33037 jepa=0.42990 hard=0.84935 hard_red=0.02314 oracle=0.51060 rank=0.05745 value=0.43109 cand=2.38061 pairs=310.1
[train-progress] epoch=11 [#############-----------] 500/900  55.6% loss=1.35272 jepa=0.42988 hard=0.84663 hard_red=0.02289 oracle=0.50999 rank=0.05758 value=0.43280 cand=2.37712 pairs=311.0
[train-progress] epoch=11 [##############----------] 525/900  58.3% loss=1.32127 jepa=0.43026 hard=0.84975 hard_red=0.02229 oracle=0.50833 rank=0.05744 value=0.43258 cand=2.36916 pairs=311.2
[train-progress] epoch=11 [##############----------] 550/900  61.1% loss=1.35608 jepa=0.43245 hard=0.84572 hard_red=0.02260 oracle=0.50870 rank=0.05728 value=0.42980 cand=2.37164 pairs=311.6
[train-progress] epoch=11 [###############---------] 575/900  63.9% loss=1.33534 jepa=0.43111 hard=0.85014 hard_red=0.02298 oracle=0.50778 rank=0.05702 value=0.43010 cand=2.36759 pairs=311.8
[train-progress] epoch=11 [################--------] 600/900  66.7% loss=1.32368 jepa=0.43179 hard=0.84845 hard_red=0.02321 oracle=0.50896 rank=0.05727 value=0.42778 cand=2.37314 pairs=311.3
[train-progress] epoch=11 [################--------] 625/900  69.4% loss=1.32919 jepa=0.43050 hard=0.84586 hard_red=0.02337 oracle=0.50862 rank=0.05728 value=0.42703 cand=2.37155 pairs=311.6
[train-progress] epoch=11 [#################-------] 650/900  72.2% loss=1.31469 jepa=0.43122 hard=0.84476 hard_red=0.02331 oracle=0.50893 rank=0.05747 value=0.42662 cand=2.37270 pairs=311.0
[train-progress] epoch=11 [##################------] 675/900  75.0% loss=1.30759 jepa=0.43097 hard=0.84372 hard_red=0.02331 oracle=0.50878 rank=0.05765 value=0.42597 cand=2.37158 pairs=310.6
[train-progress] epoch=11 [##################------] 700/900  77.8% loss=1.31594 jepa=0.43074 hard=0.84234 hard_red=0.02323 oracle=0.50882 rank=0.05748 value=0.42834 cand=2.37195 pairs=310.1
[train-progress] epoch=11 [###################-----] 725/900  80.6% loss=1.31489 jepa=0.43060 hard=0.84293 hard_red=0.02289 oracle=0.50844 rank=0.05726 value=0.42602 cand=2.37076 pairs=310.5
[train-progress] epoch=11 [####################----] 750/900  83.3% loss=1.29619 jepa=0.42985 hard=0.84291 hard_red=0.02283 oracle=0.50869 rank=0.05740 value=0.42431 cand=2.37187 pairs=310.2
[train-progress] epoch=11 [####################----] 775/900  86.1% loss=1.28676 jepa=0.42959 hard=0.84561 hard_red=0.02285 oracle=0.50895 rank=0.05734 value=0.42291 cand=2.37346 pairs=309.4
[train-progress] epoch=11 [#####################---] 800/900  88.9% loss=1.30200 jepa=0.42944 hard=0.84341 hard_red=0.02288 oracle=0.50834 rank=0.05734 value=0.42295 cand=2.37037 pairs=309.2
[train-progress] epoch=11 [######################--] 825/900  91.7% loss=1.27883 jepa=0.42779 hard=0.84523 hard_red=0.02287 oracle=0.50815 rank=0.05730 value=0.42358 cand=2.36948 pairs=309.5
[train-progress] epoch=11 [######################--] 850/900  94.4% loss=1.26710 jepa=0.42852 hard=0.84690 hard_red=0.02339 oracle=0.50843 rank=0.05737 value=0.42429 cand=2.37065 pairs=309.4
[train-progress] epoch=11 [#######################-] 875/900  97.2% loss=1.25155 jepa=0.42778 hard=0.84786 hard_red=0.02339 oracle=0.50827 rank=0.05743 value=0.42384 cand=2.36972 pairs=309.6
[train-progress] epoch=11 [########################] 900/900 100.0% loss=1.25072 jepa=0.42859 hard=0.84722 hard_red=0.02364 oracle=0.50845 rank=0.05738 value=0.42393 cand=2.37075 pairs=309.7
[train] epoch=11 horizon=5 train_loss=1.250722 val_loss=0.601848 train_steps=900
[train-progress] epoch=12 [------------------------] 1/900   0.1% loss=0.51366 jepa=0.43884 hard=0.25260 hard_red=0.00041 oracle=0.51295 rank=0.05127 value=0.48878 cand=2.40051 pairs=400.0
[train-progress] epoch=12 [------------------------] 25/900   2.8% loss=0.93743 jepa=0.43606 hard=0.77172 hard_red=0.02520 oracle=0.50831 rank=0.06104 value=0.50172 cand=2.35402 pairs=311.3
[train-progress] epoch=12 [#-----------------------] 50/900   5.6% loss=1.22892 jepa=0.42098 hard=0.82970 hard_red=0.02295 oracle=0.49795 rank=0.05718 value=0.48463 cand=2.31263 pairs=314.4
[train-progress] epoch=12 [##----------------------] 75/900   8.3% loss=1.23499 jepa=0.43483 hard=0.82905 hard_red=0.02537 oracle=0.49810 rank=0.05693 value=0.48580 cand=2.31384 pairs=316.7
[train-progress] epoch=12 [##----------------------] 100/900  11.1% loss=1.47183 jepa=0.45706 hard=0.81657 hard_red=0.02578 oracle=0.50309 rank=0.05869 value=0.47284 cand=2.33610 pairs=317.1
[train-progress] epoch=12 [###---------------------] 125/900  13.9% loss=1.29047 jepa=0.44597 hard=0.83480 hard_red=0.02386 oracle=0.50194 rank=0.05663 value=0.46254 cand=2.33602 pairs=314.8
[train-progress] epoch=12 [####--------------------] 150/900  16.7% loss=1.20730 jepa=0.43831 hard=0.81196 hard_red=0.02189 oracle=0.50225 rank=0.05528 value=0.45745 cand=2.34115 pairs=311.8
[train-progress] epoch=12 [####--------------------] 175/900  19.4% loss=1.19509 jepa=0.44521 hard=0.81005 hard_red=0.02220 oracle=0.50442 rank=0.05448 value=0.44496 cand=2.35502 pairs=310.3
[train-progress] epoch=12 [#####-------------------] 200/900  22.2% loss=1.14604 jepa=0.44676 hard=0.83120 hard_red=0.02163 oracle=0.50346 rank=0.05449 value=0.43990 cand=2.35072 pairs=308.7
[train-progress] epoch=12 [######------------------] 225/900  25.0% loss=1.18038 jepa=0.45176 hard=0.83097 hard_red=0.02126 oracle=0.50512 rank=0.05462 value=0.43900 cand=2.35878 pairs=308.5
[train-progress] epoch=12 [######------------------] 250/900  27.8% loss=1.22925 jepa=0.46963 hard=0.83354 hard_red=0.02178 oracle=0.50665 rank=0.05498 value=0.43747 cand=2.36581 pairs=307.5
[train-progress] epoch=12 [#######-----------------] 275/900  30.6% loss=1.26572 jepa=0.47564 hard=0.82150 hard_red=0.02276 oracle=0.50482 rank=0.05550 value=0.43906 cand=2.35532 pairs=307.9
[train-progress] epoch=12 [########----------------] 300/900  33.3% loss=1.23972 jepa=0.47391 hard=0.82130 hard_red=0.02343 oracle=0.50599 rank=0.05541 value=0.43789 cand=2.36148 pairs=308.7
[train-progress] epoch=12 [########----------------] 325/900  36.1% loss=1.21641 jepa=0.46927 hard=0.82565 hard_red=0.02409 oracle=0.50555 rank=0.05539 value=0.43823 cand=2.35929 pairs=308.6
[train-progress] epoch=12 [#########---------------] 350/900  38.9% loss=1.18599 jepa=0.46762 hard=0.83213 hard_red=0.02446 oracle=0.50637 rank=0.05551 value=0.43549 cand=2.36343 pairs=310.2
[train-progress] epoch=12 [##########--------------] 375/900  41.7% loss=1.18081 jepa=0.46442 hard=0.83565 hard_red=0.02456 oracle=0.50589 rank=0.05565 value=0.43404 cand=2.36085 pairs=310.1
[train-progress] epoch=12 [##########--------------] 400/900  44.4% loss=1.20052 jepa=0.45934 hard=0.83333 hard_red=0.02428 oracle=0.50543 rank=0.05500 value=0.43776 cand=2.35964 pairs=310.4
[train-progress] epoch=12 [###########-------------] 425/900  47.2% loss=1.26178 jepa=0.45953 hard=0.83144 hard_red=0.02446 oracle=0.50439 rank=0.05446 value=0.44091 cand=2.35532 pairs=311.3
[train-progress] epoch=12 [############------------] 450/900  50.0% loss=1.23134 jepa=0.45716 hard=0.82747 hard_red=0.02431 oracle=0.50493 rank=0.05452 value=0.44100 cand=2.35790 pairs=312.4
[train-progress] epoch=12 [############------------] 475/900  52.8% loss=1.19966 jepa=0.45353 hard=0.83083 hard_red=0.02390 oracle=0.50446 rank=0.05433 value=0.44036 cand=2.35600 pairs=313.2
[train-progress] epoch=12 [#############-----------] 500/900  55.6% loss=1.19895 jepa=0.45205 hard=0.82476 hard_red=0.02305 oracle=0.50526 rank=0.05426 value=0.43763 cand=2.36042 pairs=313.3
[train-progress] epoch=12 [##############----------] 525/900  58.3% loss=1.17979 jepa=0.45054 hard=0.82855 hard_red=0.02313 oracle=0.50460 rank=0.05403 value=0.43933 cand=2.35752 pairs=313.1
[train-progress] epoch=12 [##############----------] 550/900  61.1% loss=1.17771 jepa=0.44969 hard=0.83276 hard_red=0.02355 oracle=0.50428 rank=0.05406 value=0.43864 cand=2.35590 pairs=313.3
[train-progress] epoch=12 [###############---------] 575/900  63.9% loss=1.19054 jepa=0.45173 hard=0.83306 hard_red=0.02375 oracle=0.50381 rank=0.05450 value=0.43615 cand=2.35280 pairs=312.4
[train-progress] epoch=12 [################--------] 600/900  66.7% loss=1.18683 jepa=0.45210 hard=0.83934 hard_red=0.02413 oracle=0.50437 rank=0.05477 value=0.43624 cand=2.35501 pairs=312.4
[train-progress] epoch=12 [################--------] 625/900  69.4% loss=1.17791 jepa=0.45228 hard=0.83553 hard_red=0.02385 oracle=0.50428 rank=0.05469 value=0.43703 cand=2.35464 pairs=312.4
[train-progress] epoch=12 [#################-------] 650/900  72.2% loss=1.16428 jepa=0.45153 hard=0.83576 hard_red=0.02356 oracle=0.50467 rank=0.05480 value=0.43588 cand=2.35644 pairs=312.6
[train-progress] epoch=12 [##################------] 675/900  75.0% loss=1.18534 jepa=0.45224 hard=0.83823 hard_red=0.02416 oracle=0.50400 rank=0.05483 value=0.43543 cand=2.35310 pairs=312.2
[train-progress] epoch=12 [##################------] 700/900  77.8% loss=1.16023 jepa=0.44989 hard=0.84067 hard_red=0.02408 oracle=0.50357 rank=0.05478 value=0.43502 cand=2.35110 pairs=311.7
[train-progress] epoch=12 [###################-----] 725/900  80.6% loss=1.21006 jepa=0.44961 hard=0.84121 hard_red=0.02436 oracle=0.50469 rank=0.05483 value=0.43516 cand=2.35657 pairs=311.7
[train-progress] epoch=12 [####################----] 750/900  83.3% loss=1.19631 jepa=0.44826 hard=0.84082 hard_red=0.02419 oracle=0.50478 rank=0.05500 value=0.43328 cand=2.35679 pairs=311.9
[train-progress] epoch=12 [####################----] 775/900  86.1% loss=1.17900 jepa=0.44742 hard=0.84012 hard_red=0.02398 oracle=0.50497 rank=0.05508 value=0.43202 cand=2.35771 pairs=311.5
[train-progress] epoch=12 [#####################---] 800/900  88.9% loss=1.16861 jepa=0.44651 hard=0.83662 hard_red=0.02375 oracle=0.50483 rank=0.05507 value=0.43427 cand=2.35685 pairs=312.0
[train-progress] epoch=12 [######################--] 825/900  91.7% loss=1.16060 jepa=0.44533 hard=0.83704 hard_red=0.02355 oracle=0.50463 rank=0.05496 value=0.43270 cand=2.35624 pairs=311.9
[train-progress] epoch=12 [######################--] 850/900  94.4% loss=1.15065 jepa=0.44450 hard=0.83912 hard_red=0.02361 oracle=0.50473 rank=0.05492 value=0.43101 cand=2.35701 pairs=311.8
[train-progress] epoch=12 [#######################-] 875/900  97.2% loss=1.16100 jepa=0.44369 hard=0.83470 hard_red=0.02345 oracle=0.50535 rank=0.05494 value=0.42845 cand=2.36028 pairs=310.9
[train-progress] epoch=12 [########################] 900/900 100.0% loss=1.18074 jepa=0.44405 hard=0.83297 hard_red=0.02364 oracle=0.50556 rank=0.05477 value=0.42806 cand=2.36175 pairs=311.0
[train] epoch=12 horizon=5 train_loss=1.180740 val_loss=0.874979 train_steps=900
[train-progress] epoch=13 [------------------------] 1/900   0.1% loss=1.65131 jepa=0.69363 hard=0.65396 hard_red=0.04720 oracle=0.58243 rank=0.04671 value=0.26644 cand=2.78043 pairs=140.0
[train-progress] epoch=13 [------------------------] 25/900   2.8% loss=1.13148 jepa=0.46248 hard=0.75835 hard_red=0.02503 oracle=0.52882 rank=0.06161 value=0.35543 cand=2.46995 pairs=291.0
[train-progress] epoch=13 [#-----------------------] 50/900   5.6% loss=1.36383 jepa=0.44979 hard=0.76880 hard_red=0.02713 oracle=0.52003 rank=0.05886 value=0.35034 cand=2.43266 pairs=301.0
[train-progress] epoch=13 [##----------------------] 75/900   8.3% loss=1.52124 jepa=0.46236 hard=0.78996 hard_red=0.02874 oracle=0.52136 rank=0.06165 value=0.36990 cand=2.43112 pairs=310.0
[train-progress] epoch=13 [##----------------------] 100/900  11.1% loss=1.42601 jepa=0.45245 hard=0.82434 hard_red=0.02713 oracle=0.51309 rank=0.05845 value=0.37814 cand=2.39611 pairs=306.1
[train-progress] epoch=13 [###---------------------] 125/900  13.9% loss=1.24342 jepa=0.43873 hard=0.84675 hard_red=0.02613 oracle=0.51124 rank=0.05680 value=0.39157 cand=2.38924 pairs=307.6
[train-progress] epoch=13 [####--------------------] 150/900  16.7% loss=1.26123 jepa=0.43585 hard=0.85067 hard_red=0.02920 oracle=0.51085 rank=0.05569 value=0.38180 cand=2.39078 pairs=305.0
[train-progress] epoch=13 [####--------------------] 175/900  19.4% loss=1.29010 jepa=0.43823 hard=0.86253 hard_red=0.02823 oracle=0.50843 rank=0.05579 value=0.38809 cand=2.37783 pairs=306.8
[train-progress] epoch=13 [#####-------------------] 200/900  22.2% loss=1.19532 jepa=0.43610 hard=0.86287 hard_red=0.02893 oracle=0.50981 rank=0.05653 value=0.39501 cand=2.38235 pairs=307.5
[train-progress] epoch=13 [######------------------] 225/900  25.0% loss=1.27967 jepa=0.44115 hard=0.84853 hard_red=0.02997 oracle=0.50725 rank=0.05647 value=0.39337 cand=2.36987 pairs=307.6
[train-progress] epoch=13 [######------------------] 250/900  27.8% loss=1.23666 jepa=0.43828 hard=0.84097 hard_red=0.02981 oracle=0.50582 rank=0.05575 value=0.39584 cand=2.36405 pairs=308.1
[train-progress] epoch=13 [#######-----------------] 275/900  30.6% loss=1.22208 jepa=0.43561 hard=0.83980 hard_red=0.02850 oracle=0.50355 rank=0.05498 value=0.40158 cand=2.35387 pairs=308.6
[train-progress] epoch=13 [########----------------] 300/900  33.3% loss=1.18688 jepa=0.43455 hard=0.83059 hard_red=0.02867 oracle=0.50341 rank=0.05484 value=0.40166 cand=2.35347 pairs=309.6
[train-progress] epoch=13 [########----------------] 325/900  36.1% loss=1.32575 jepa=0.43601 hard=0.83572 hard_red=0.02886 oracle=0.50477 rank=0.05498 value=0.40416 cand=2.35974 pairs=309.6
[train-progress] epoch=13 [#########---------------] 350/900  38.9% loss=1.29051 jepa=0.43552 hard=0.83746 hard_red=0.03028 oracle=0.50639 rank=0.05509 value=0.40511 cand=2.36749 pairs=308.4
[train-progress] epoch=13 [##########--------------] 375/900  41.7% loss=1.26216 jepa=0.43596 hard=0.83666 hard_red=0.02917 oracle=0.50653 rank=0.05557 value=0.40239 cand=2.36740 pairs=308.3
[train-progress] epoch=13 [##########--------------] 400/900  44.4% loss=1.24913 jepa=0.43444 hard=0.83316 hard_red=0.02888 oracle=0.50518 rank=0.05514 value=0.40225 cand=2.36163 pairs=308.3
[train-progress] epoch=13 [###########-------------] 425/900  47.2% loss=1.23681 jepa=0.43419 hard=0.83606 hard_red=0.02833 oracle=0.50468 rank=0.05508 value=0.40114 cand=2.35937 pairs=308.2
[train-progress] epoch=13 [############------------] 450/900  50.0% loss=1.28326 jepa=0.43907 hard=0.83584 hard_red=0.02827 oracle=0.50397 rank=0.05479 value=0.40390 cand=2.35619 pairs=309.2
[train-progress] epoch=13 [############------------] 475/900  52.8% loss=1.25953 jepa=0.43718 hard=0.83268 hard_red=0.02772 oracle=0.50361 rank=0.05465 value=0.40100 cand=2.35499 pairs=309.6
[train-progress] epoch=13 [#############-----------] 500/900  55.6% loss=1.25099 jepa=0.43628 hard=0.83597 hard_red=0.02790 oracle=0.50217 rank=0.05451 value=0.40112 cand=2.34810 pairs=310.4
[train-progress] epoch=13 [##############----------] 525/900  58.3% loss=1.22336 jepa=0.43603 hard=0.84016 hard_red=0.02777 oracle=0.50137 rank=0.05445 value=0.40332 cand=2.34402 pairs=310.5
[train-progress] epoch=13 [##############----------] 550/900  61.1% loss=1.20373 jepa=0.43545 hard=0.83783 hard_red=0.02776 oracle=0.50091 rank=0.05441 value=0.40449 cand=2.34171 pairs=310.8
[train-progress] epoch=13 [###############---------] 575/900  63.9% loss=1.17783 jepa=0.43343 hard=0.84062 hard_red=0.02744 oracle=0.50262 rank=0.05466 value=0.40162 cand=2.34994 pairs=311.4
[train-progress] epoch=13 [################--------] 600/900  66.7% loss=1.15758 jepa=0.43165 hard=0.84406 hard_red=0.02745 oracle=0.50132 rank=0.05429 value=0.40377 cand=2.34407 pairs=311.7
[train-progress] epoch=13 [################--------] 625/900  69.4% loss=1.15539 jepa=0.43186 hard=0.84331 hard_red=0.02715 oracle=0.50148 rank=0.05421 value=0.40334 cand=2.34508 pairs=311.9
[train-progress] epoch=13 [#################-------] 650/900  72.2% loss=1.13886 jepa=0.43118 hard=0.84478 hard_red=0.02726 oracle=0.50216 rank=0.05427 value=0.40267 cand=2.34843 pairs=311.8
[train-progress] epoch=13 [##################------] 675/900  75.0% loss=1.15209 jepa=0.43241 hard=0.84091 hard_red=0.02742 oracle=0.50174 rank=0.05435 value=0.40295 cand=2.34613 pairs=311.8
[train-progress] epoch=13 [##################------] 700/900  77.8% loss=1.14364 jepa=0.43269 hard=0.84314 hard_red=0.02731 oracle=0.50218 rank=0.05437 value=0.40233 cand=2.34834 pairs=312.1
[train-progress] epoch=13 [###################-----] 725/900  80.6% loss=1.14478 jepa=0.43239 hard=0.84067 hard_red=0.02697 oracle=0.50251 rank=0.05431 value=0.40193 cand=2.35016 pairs=311.3
[train-progress] epoch=13 [####################----] 750/900  83.3% loss=1.14955 jepa=0.43338 hard=0.83895 hard_red=0.02704 oracle=0.50351 rank=0.05431 value=0.39977 cand=2.35536 pairs=311.4
[train-progress] epoch=13 [####################----] 775/900  86.1% loss=1.14177 jepa=0.43351 hard=0.83953 hard_red=0.02774 oracle=0.50305 rank=0.05410 value=0.40234 cand=2.35331 pairs=312.0
[train-progress] epoch=13 [#####################---] 800/900  88.9% loss=1.13010 jepa=0.43453 hard=0.83831 hard_red=0.02779 oracle=0.50272 rank=0.05407 value=0.40209 cand=2.35175 pairs=312.0
[train-progress] epoch=13 [######################--] 825/900  91.7% loss=1.14781 jepa=0.43505 hard=0.83791 hard_red=0.02802 oracle=0.50294 rank=0.05407 value=0.40155 cand=2.35288 pairs=312.1
[train-progress] epoch=13 [######################--] 850/900  94.4% loss=1.14585 jepa=0.43440 hard=0.83696 hard_red=0.02779 oracle=0.50264 rank=0.05415 value=0.40157 cand=2.35121 pairs=312.0
[train-progress] epoch=13 [#######################-] 875/900  97.2% loss=1.15276 jepa=0.43512 hard=0.83635 hard_red=0.02754 oracle=0.50313 rank=0.05426 value=0.40234 cand=2.35334 pairs=312.2
[train-progress] epoch=13 [########################] 900/900 100.0% loss=1.14709 jepa=0.43457 hard=0.83899 hard_red=0.02744 oracle=0.50358 rank=0.05434 value=0.40223 cand=2.35542 pairs=312.7
[train] epoch=13 horizon=5 train_loss=1.147087 val_loss=0.885613 train_steps=900
[train-progress] epoch=14 [------------------------] 1/900   0.1% loss=1.19465 jepa=0.50572 hard=1.15816 hard_red=0.06814 oracle=0.59837 rank=0.08380 value=0.30690 cand=2.77264 pairs=251.0
[train-progress] epoch=14 [------------------------] 25/900   2.8% loss=1.06558 jepa=0.45032 hard=0.68710 hard_red=0.01572 oracle=0.49075 rank=0.05142 value=0.36999 cand=2.30106 pairs=290.9
[train-progress] epoch=14 [#-----------------------] 50/900   5.6% loss=1.38552 jepa=0.46380 hard=0.72760 hard_red=0.02355 oracle=0.48742 rank=0.05418 value=0.37524 cand=2.27767 pairs=303.5
[train-progress] epoch=14 [##----------------------] 75/900   8.3% loss=1.34388 jepa=0.45784 hard=0.76707 hard_red=0.02515 oracle=0.47927 rank=0.05248 value=0.39404 cand=2.23887 pairs=313.7
[train-progress] epoch=14 [##----------------------] 100/900  11.1% loss=1.29028 jepa=0.45437 hard=0.78517 hard_red=0.02653 oracle=0.48798 rank=0.05341 value=0.39164 cand=2.28056 pairs=312.9
[train-progress] epoch=14 [###---------------------] 125/900  13.9% loss=1.27029 jepa=0.45056 hard=0.80929 hard_red=0.02515 oracle=0.49598 rank=0.05425 value=0.38779 cand=2.31906 pairs=314.1
[train-progress] epoch=14 [####--------------------] 150/900  16.7% loss=1.27448 jepa=0.44616 hard=0.79397 hard_red=0.02463 oracle=0.49568 rank=0.05459 value=0.37852 cand=2.31771 pairs=315.1
[train-progress] epoch=14 [####--------------------] 175/900  19.4% loss=1.28263 jepa=0.44806 hard=0.79321 hard_red=0.02670 oracle=0.49911 rank=0.05478 value=0.38514 cand=2.33380 pairs=313.2
[train-progress] epoch=14 [#####-------------------] 200/900  22.2% loss=1.27232 jepa=0.44820 hard=0.80509 hard_red=0.02808 oracle=0.50371 rank=0.05472 value=0.38476 cand=2.35697 pairs=314.7
[train-progress] epoch=14 [######------------------] 225/900  25.0% loss=1.33527 jepa=0.44800 hard=0.80979 hard_red=0.02721 oracle=0.50371 rank=0.05491 value=0.38860 cand=2.35618 pairs=314.5
[train-progress] epoch=14 [######------------------] 250/900  27.8% loss=1.34088 jepa=0.44749 hard=0.82370 hard_red=0.02841 oracle=0.50130 rank=0.05391 value=0.38877 cand=2.34635 pairs=316.0
[train-progress] epoch=14 [#######-----------------] 275/900  30.6% loss=1.28526 jepa=0.44254 hard=0.82433 hard_red=0.02722 oracle=0.49997 rank=0.05386 value=0.38652 cand=2.34001 pairs=314.5
[train-progress] epoch=14 [########----------------] 300/900  33.3% loss=1.24348 jepa=0.43869 hard=0.82468 hard_red=0.02734 oracle=0.50123 rank=0.05407 value=0.38425 cand=2.34606 pairs=314.2
[train-progress] epoch=14 [########----------------] 325/900  36.1% loss=1.31800 jepa=0.44059 hard=0.82402 hard_red=0.02765 oracle=0.49946 rank=0.05378 value=0.39042 cand=2.33725 pairs=314.6
[train-progress] epoch=14 [#########---------------] 350/900  38.9% loss=1.27847 jepa=0.44229 hard=0.81548 hard_red=0.02729 oracle=0.49742 rank=0.05365 value=0.39016 cand=2.32737 pairs=314.4
[train-progress] epoch=14 [##########--------------] 375/900  41.7% loss=1.33088 jepa=0.44522 hard=0.81444 hard_red=0.02693 oracle=0.49885 rank=0.05374 value=0.38923 cand=2.33440 pairs=314.0
[train-progress] epoch=14 [##########--------------] 400/900  44.4% loss=1.29894 jepa=0.44483 hard=0.81671 hard_red=0.02738 oracle=0.49893 rank=0.05396 value=0.39090 cand=2.33415 pairs=315.0
[train-progress] epoch=14 [###########-------------] 425/900  47.2% loss=1.26679 jepa=0.44551 hard=0.81620 hard_red=0.02725 oracle=0.49922 rank=0.05399 value=0.39479 cand=2.33517 pairs=315.6
[train-progress] epoch=14 [############------------] 450/900  50.0% loss=1.25947 jepa=0.44553 hard=0.81371 hard_red=0.02643 oracle=0.49953 rank=0.05408 value=0.39882 cand=2.33607 pairs=316.5
[train-progress] epoch=14 [############------------] 475/900  52.8% loss=1.28823 jepa=0.44861 hard=0.81468 hard_red=0.02615 oracle=0.49973 rank=0.05406 value=0.39963 cand=2.33708 pairs=315.7
[train-progress] epoch=14 [#############-----------] 500/900  55.6% loss=1.24753 jepa=0.44594 hard=0.81479 hard_red=0.02549 oracle=0.50032 rank=0.05411 value=0.40272 cand=2.33958 pairs=315.4
[train-progress] epoch=14 [##############----------] 525/900  58.3% loss=1.22891 jepa=0.44588 hard=0.81224 hard_red=0.02544 oracle=0.49977 rank=0.05393 value=0.40689 cand=2.33683 pairs=315.5
[train-progress] epoch=14 [##############----------] 550/900  61.1% loss=1.21632 jepa=0.44444 hard=0.81318 hard_red=0.02527 oracle=0.49916 rank=0.05381 value=0.40731 cand=2.33401 pairs=314.8
[train-progress] epoch=14 [###############---------] 575/900  63.9% loss=1.21259 jepa=0.44477 hard=0.80997 hard_red=0.02488 oracle=0.49857 rank=0.05363 value=0.40710 cand=2.33147 pairs=314.9
[train-progress] epoch=14 [################--------] 600/900  66.7% loss=1.20637 jepa=0.44335 hard=0.80616 hard_red=0.02447 oracle=0.49885 rank=0.05353 value=0.40658 cand=2.33315 pairs=314.3
[train-progress] epoch=14 [################--------] 625/900  69.4% loss=1.20281 jepa=0.44294 hard=0.80979 hard_red=0.02469 oracle=0.49963 rank=0.05354 value=0.40628 cand=2.33704 pairs=313.5
[train-progress] epoch=14 [#################-------] 650/900  72.2% loss=1.21966 jepa=0.44342 hard=0.81019 hard_red=0.02446 oracle=0.49883 rank=0.05300 value=0.40687 cand=2.33420 pairs=313.2
[train-progress] epoch=14 [##################------] 675/900  75.0% loss=1.19835 jepa=0.44275 hard=0.81115 hard_red=0.02416 oracle=0.49878 rank=0.05313 value=0.40866 cand=2.33348 pairs=312.9
[train-progress] epoch=14 [##################------] 700/900  77.8% loss=1.19414 jepa=0.44157 hard=0.81389 hard_red=0.02401 oracle=0.49871 rank=0.05320 value=0.41233 cand=2.33261 pairs=313.4
[train-progress] epoch=14 [###################-----] 725/900  80.6% loss=1.17256 jepa=0.44046 hard=0.81587 hard_red=0.02401 oracle=0.49918 rank=0.05335 value=0.41127 cand=2.33474 pairs=313.2
[train-progress] epoch=14 [####################----] 750/900  83.3% loss=1.18303 jepa=0.44254 hard=0.81919 hard_red=0.02434 oracle=0.49920 rank=0.05316 value=0.41029 cand=2.33537 pairs=313.1
[train-progress] epoch=14 [####################----] 775/900  86.1% loss=1.19443 jepa=0.44429 hard=0.82018 hard_red=0.02419 oracle=0.49940 rank=0.05323 value=0.41129 cand=2.33609 pairs=313.5
[train-progress] epoch=14 [#####################---] 800/900  88.9% loss=1.24082 jepa=0.44701 hard=0.81784 hard_red=0.02448 oracle=0.50077 rank=0.05331 value=0.40826 cand=2.34308 pairs=313.1
[train-progress] epoch=14 [######################--] 825/900  91.7% loss=1.22842 jepa=0.44563 hard=0.81877 hard_red=0.02430 oracle=0.50087 rank=0.05328 value=0.40762 cand=2.34371 pairs=313.4
[train-progress] epoch=14 [######################--] 850/900  94.4% loss=1.22741 jepa=0.44663 hard=0.82234 hard_red=0.02419 oracle=0.50126 rank=0.05349 value=0.40815 cand=2.34510 pairs=313.2
[train-progress] epoch=14 [#######################-] 875/900  97.2% loss=1.23793 jepa=0.44735 hard=0.81983 hard_red=0.02429 oracle=0.50112 rank=0.05332 value=0.40697 cand=2.34491 pairs=313.2
[train-progress] epoch=14 [########################] 900/900 100.0% loss=1.26641 jepa=0.44885 hard=0.81802 hard_red=0.02495 oracle=0.50095 rank=0.05330 value=0.40702 cand=2.34413 pairs=313.1
[train] epoch=14 horizon=5 train_loss=1.266413 val_loss=0.946148 train_steps=900
[2026-07-06T21:17:51+08:00] done name=guarded_reward_rank_v1_safe run_dir=runs/planner_aligned_guarded_reward_rank_v1_safe
