[2026-07-06T10:22:44+08:00] start name=guarded_reward_rank_v1_seed2_safe gpu=5 config=configs/planner_aligned_guarded_reward_rank_v1_seed2_safe.json
[train] excluded_eval_benchmarks=b15_C,b17_C,b20_C,b21_C,b22_C,epfl__arithmetic__max__max,epfl__random_control__i2c__i2c,epfl__random_control__router__router,i2c,iscas89__s838,iscas99__b15_1,iscas99__b17,iscas99__b20,iscas99__b21,iscas99__b22,max,mem_ctrl,openabcd__mem_ctrl_orig removed_rows=0 remaining_rows=100000
[train] disabling pattern loss
[train] note: delta_test_coverage is retained as a weak objective; the main hard-fault target is hard_reduction
[train] q_oracle enabled groups=180 score_field=guarded_reward lambda_q_value=0.02 lambda_q_rank=0.38 lambda_candidate=0.18 pairwise_mode=best_vs_hard_topk forbidden_benchmarks=21
[train] rows=100000 train_rows=85590 val_rows=14410 train_samples=17118 val_samples=2882 rollout_training=True feature_dim=38 relation_dim=12 cache_samples=False sample_cache_max_entries=unlimited
[train-progress] epoch=1 [------------------------] 1/900   0.1% loss=0.34982 jepa=1.02825 hard=0.55611 hard_red=0.01430 oracle=0.00000 rank=0.00000 value=0.00000 cand=0.00000 pairs=0.0
[train-progress] epoch=1 [------------------------] 25/900   2.8% loss=0.65909 jepa=0.80843 hard=1.21618 hard_red=0.02658 oracle=0.00000 rank=0.00000 value=0.00000 cand=0.00000 pairs=0.0
[train-progress] epoch=1 [#-----------------------] 50/900   5.6% loss=0.63554 jepa=0.59608 hard=1.12369 hard_red=0.02499 oracle=0.00000 rank=0.00000 value=0.00000 cand=0.00000 pairs=0.0
[train-progress] epoch=1 [##----------------------] 75/900   8.3% loss=0.49074 jepa=0.48455 hard=1.08238 hard_red=0.02488 oracle=0.00000 rank=0.00000 value=0.00000 cand=0.00000 pairs=0.0
[train-progress] epoch=1 [##----------------------] 100/900  11.1% loss=0.59770 jepa=0.41491 hard=1.04592 hard_red=0.02645 oracle=0.00000 rank=0.00000 value=0.00000 cand=0.00000 pairs=0.0
[train-progress] epoch=1 [###---------------------] 125/900  13.9% loss=0.52748 jepa=0.37045 hard=1.03874 hard_red=0.02349 oracle=0.00000 rank=0.00000 value=0.00000 cand=0.00000 pairs=0.0
[train-progress] epoch=1 [####--------------------] 150/900  16.7% loss=0.46968 jepa=0.33264 hard=1.03341 hard_red=0.02532 oracle=0.00000 rank=0.00000 value=0.00000 cand=0.00000 pairs=0.0
[train-progress] epoch=1 [####--------------------] 175/900  19.4% loss=0.49914 jepa=0.30542 hard=1.02682 hard_red=0.02612 oracle=0.00000 rank=0.00000 value=0.00000 cand=0.00000 pairs=0.0
[train-progress] epoch=1 [#####-------------------] 200/900  22.2% loss=0.47203 jepa=0.28353 hard=1.01244 hard_red=0.02453 oracle=0.00000 rank=0.00000 value=0.00000 cand=0.00000 pairs=0.0
[train-progress] epoch=1 [######------------------] 225/900  25.0% loss=0.48308 jepa=0.26643 hard=1.01312 hard_red=0.02883 oracle=0.00000 rank=0.00000 value=0.00000 cand=0.00000 pairs=0.0
[train-progress] epoch=1 [######------------------] 250/900  27.8% loss=0.44945 jepa=0.25014 hard=1.01500 hard_red=0.02661 oracle=0.00000 rank=0.00000 value=0.00000 cand=0.00000 pairs=0.0
[train-progress] epoch=1 [#######-----------------] 275/900  30.6% loss=0.47712 jepa=0.23868 hard=0.99752 hard_red=0.02958 oracle=0.00000 rank=0.00000 value=0.00000 cand=0.00000 pairs=0.0
[train-progress] epoch=1 [########----------------] 300/900  33.3% loss=0.50348 jepa=0.22755 hard=0.98411 hard_red=0.02950 oracle=0.00000 rank=0.00000 value=0.00000 cand=0.00000 pairs=0.0
[train-progress] epoch=1 [########----------------] 325/900  36.1% loss=0.51860 jepa=0.21833 hard=0.97949 hard_red=0.03177 oracle=0.00000 rank=0.00000 value=0.00000 cand=0.00000 pairs=0.0
[train-progress] epoch=1 [#########---------------] 350/900  38.9% loss=0.49477 jepa=0.20983 hard=0.98261 hard_red=0.03198 oracle=0.00000 rank=0.00000 value=0.00000 cand=0.00000 pairs=0.0
[train-progress] epoch=1 [##########--------------] 375/900  41.7% loss=0.47326 jepa=0.20255 hard=0.97570 hard_red=0.03148 oracle=0.00000 rank=0.00000 value=0.00000 cand=0.00000 pairs=0.0
[train-progress] epoch=1 [##########--------------] 400/900  44.4% loss=0.45962 jepa=0.19605 hard=0.96938 hard_red=0.03081 oracle=0.00000 rank=0.00000 value=0.00000 cand=0.00000 pairs=0.0
[train-progress] epoch=1 [###########-------------] 425/900  47.2% loss=0.46951 jepa=0.18989 hard=0.96149 hard_red=0.03020 oracle=0.00000 rank=0.00000 value=0.00000 cand=0.00000 pairs=0.0
[train-progress] epoch=1 [############------------] 450/900  50.0% loss=0.45943 jepa=0.18478 hard=0.96319 hard_red=0.02939 oracle=0.00000 rank=0.00000 value=0.00000 cand=0.00000 pairs=0.0
[train-progress] epoch=1 [############------------] 475/900  52.8% loss=0.45216 jepa=0.18022 hard=0.96525 hard_red=0.03001 oracle=0.00000 rank=0.00000 value=0.00000 cand=0.00000 pairs=0.0
[train-progress] epoch=1 [#############-----------] 500/900  55.6% loss=0.43776 jepa=0.17606 hard=0.96549 hard_red=0.03027 oracle=0.00000 rank=0.00000 value=0.00000 cand=0.00000 pairs=0.0
[train-progress] epoch=1 [##############----------] 525/900  58.3% loss=0.42743 jepa=0.17370 hard=0.96903 hard_red=0.03022 oracle=0.00000 rank=0.00000 value=0.00000 cand=0.00000 pairs=0.0
[train-progress] epoch=1 [##############----------] 550/900  61.1% loss=0.42039 jepa=0.17108 hard=0.97121 hard_red=0.03084 oracle=0.00000 rank=0.00000 value=0.00000 cand=0.00000 pairs=0.0
[train-progress] epoch=1 [###############---------] 575/900  63.9% loss=0.40956 jepa=0.16906 hard=0.96514 hard_red=0.03016 oracle=0.00000 rank=0.00000 value=0.00000 cand=0.00000 pairs=0.0
[train-progress] epoch=1 [################--------] 600/900  66.7% loss=0.40240 jepa=0.16661 hard=0.96216 hard_red=0.02959 oracle=0.00000 rank=0.00000 value=0.00000 cand=0.00000 pairs=0.0
[train-progress] epoch=1 [################--------] 625/900  69.4% loss=0.39962 jepa=0.16451 hard=0.96298 hard_red=0.02961 oracle=0.00000 rank=0.00000 value=0.00000 cand=0.00000 pairs=0.0
[train-progress] epoch=1 [#################-------] 650/900  72.2% loss=0.38846 jepa=0.16286 hard=0.96429 hard_red=0.02875 oracle=0.00000 rank=0.00000 value=0.00000 cand=0.00000 pairs=0.0
[train-progress] epoch=1 [##################------] 675/900  75.0% loss=0.38423 jepa=0.16054 hard=0.96648 hard_red=0.02831 oracle=0.00000 rank=0.00000 value=0.00000 cand=0.00000 pairs=0.0
[train-progress] epoch=1 [##################------] 700/900  77.8% loss=0.37500 jepa=0.15890 hard=0.96456 hard_red=0.02793 oracle=0.00000 rank=0.00000 value=0.00000 cand=0.00000 pairs=0.0
[train-progress] epoch=1 [###################-----] 725/900  80.6% loss=0.37069 jepa=0.15743 hard=0.95984 hard_red=0.02790 oracle=0.00000 rank=0.00000 value=0.00000 cand=0.00000 pairs=0.0
[train-progress] epoch=1 [####################----] 750/900  83.3% loss=0.36892 jepa=0.15622 hard=0.95703 hard_red=0.02850 oracle=0.00000 rank=0.00000 value=0.00000 cand=0.00000 pairs=0.0
[train-progress] epoch=1 [####################----] 775/900  86.1% loss=0.37119 jepa=0.15485 hard=0.95167 hard_red=0.02874 oracle=0.00000 rank=0.00000 value=0.00000 cand=0.00000 pairs=0.0
[train-progress] epoch=1 [#####################---] 800/900  88.9% loss=0.37094 jepa=0.15361 hard=0.95086 hard_red=0.02891 oracle=0.00000 rank=0.00000 value=0.00000 cand=0.00000 pairs=0.0
[train-progress] epoch=1 [######################--] 825/900  91.7% loss=0.37785 jepa=0.15267 hard=0.94631 hard_red=0.02960 oracle=0.00000 rank=0.00000 value=0.00000 cand=0.00000 pairs=0.0
[train-progress] epoch=1 [######################--] 850/900  94.4% loss=0.37431 jepa=0.15136 hard=0.94339 hard_red=0.02983 oracle=0.00000 rank=0.00000 value=0.00000 cand=0.00000 pairs=0.0
[train-progress] epoch=1 [#######################-] 875/900  97.2% loss=0.36893 jepa=0.15020 hard=0.94147 hard_red=0.02939 oracle=0.00000 rank=0.00000 value=0.00000 cand=0.00000 pairs=0.0
[train-progress] epoch=1 [########################] 900/900 100.0% loss=0.36307 jepa=0.14904 hard=0.93947 hard_red=0.02924 oracle=0.00000 rank=0.00000 value=0.00000 cand=0.00000 pairs=0.0
[train] epoch=1 horizon=1 train_loss=0.363072 val_loss=0.492848 train_steps=900
[train-progress] epoch=2 [------------------------] 1/900   0.1% loss=0.08227 jepa=0.12006 hard=1.08118 hard_red=0.00060 oracle=0.41938 rank=0.68647 value=0.45239 cand=3.16030 pairs=343.0
[train-progress] epoch=2 [------------------------] 25/900   2.8% loss=0.56452 jepa=0.13875 hard=0.86515 hard_red=0.03308 oracle=0.41949 rank=0.69178 value=0.57465 cand=3.13674 pairs=325.6
[train-progress] epoch=2 [#-----------------------] 50/900   5.6% loss=0.44798 jepa=0.14814 hard=0.92081 hard_red=0.03376 oracle=0.41696 rank=0.68583 value=0.55843 cand=3.12302 pairs=321.8
[train-progress] epoch=2 [##----------------------] 75/900   8.3% loss=0.67282 jepa=0.15600 hard=0.90556 hard_red=0.04578 oracle=0.41544 rank=0.67819 value=0.53432 cand=3.12487 pairs=318.8
[train-progress] epoch=2 [##----------------------] 100/900  11.1% loss=0.82980 jepa=0.16909 hard=0.90265 hard_red=0.04618 oracle=0.41331 rank=0.67190 value=0.52257 cand=3.11582 pairs=320.1
[train-progress] epoch=2 [###---------------------] 125/900  13.9% loss=0.79198 jepa=0.17906 hard=0.91549 hard_red=0.04685 oracle=0.41256 rank=0.66969 value=0.52177 cand=3.11222 pairs=322.0
[train-progress] epoch=2 [####--------------------] 150/900  16.7% loss=0.76190 jepa=0.18634 hard=0.90788 hard_red=0.04768 oracle=0.41175 rank=0.66621 value=0.51566 cand=3.11126 pairs=321.2
[train-progress] epoch=2 [####--------------------] 175/900  19.4% loss=0.71954 jepa=0.19213 hard=0.90807 hard_red=0.04401 oracle=0.40998 rank=0.65836 value=0.51055 cand=3.10867 pairs=319.0
[train-progress] epoch=2 [#####-------------------] 200/900  22.2% loss=0.68247 jepa=0.19178 hard=0.90197 hard_red=0.04177 oracle=0.40814 rank=0.65348 value=0.50593 cand=3.09910 pairs=319.2
[train-progress] epoch=2 [######------------------] 225/900  25.0% loss=0.66397 jepa=0.19021 hard=0.91071 hard_red=0.03916 oracle=0.40628 rank=0.64769 value=0.50820 cand=3.09037 pairs=319.3
[train-progress] epoch=2 [######------------------] 250/900  27.8% loss=0.65770 jepa=0.19093 hard=0.90852 hard_red=0.03791 oracle=0.40507 rank=0.64324 value=0.51480 cand=3.08559 pairs=317.4
[train-progress] epoch=2 [#######-----------------] 275/900  30.6% loss=0.65387 jepa=0.19294 hard=0.90495 hard_red=0.03596 oracle=0.40278 rank=0.63415 value=0.51224 cand=3.07967 pairs=317.1
[train-progress] epoch=2 [########----------------] 300/900  33.3% loss=0.62234 jepa=0.19588 hard=0.90139 hard_red=0.03436 oracle=0.40203 rank=0.63107 value=0.50959 cand=3.07810 pairs=317.3
[train-progress] epoch=2 [########----------------] 325/900  36.1% loss=0.61471 jepa=0.19673 hard=0.89643 hard_red=0.03337 oracle=0.40088 rank=0.62681 value=0.50490 cand=3.07485 pairs=315.9
[train-progress] epoch=2 [#########---------------] 350/900  38.9% loss=0.62092 jepa=0.19737 hard=0.90070 hard_red=0.03502 oracle=0.39950 rank=0.62159 value=0.50939 cand=3.07005 pairs=316.4
[train-progress] epoch=2 [##########--------------] 375/900  41.7% loss=0.63448 jepa=0.19836 hard=0.88966 hard_red=0.03417 oracle=0.39756 rank=0.61547 value=0.51734 cand=3.06054 pairs=315.8
[train-progress] epoch=2 [##########--------------] 400/900  44.4% loss=0.64094 jepa=0.20063 hard=0.89786 hard_red=0.03469 oracle=0.39697 rank=0.61298 value=0.51705 cand=3.05921 pairs=316.5
[train-progress] epoch=2 [###########-------------] 425/900  47.2% loss=0.67165 jepa=0.20207 hard=0.89698 hard_red=0.03529 oracle=0.39663 rank=0.61276 value=0.50972 cand=3.05681 pairs=315.8
[train-progress] epoch=2 [############------------] 450/900  50.0% loss=0.67261 jepa=0.20348 hard=0.89823 hard_red=0.03611 oracle=0.39574 rank=0.60855 value=0.51174 cand=3.05547 pairs=315.4
[train-progress] epoch=2 [############------------] 475/900  52.8% loss=0.67126 jepa=0.20505 hard=0.90246 hard_red=0.03577 oracle=0.39447 rank=0.60495 value=0.51342 cand=3.04882 pairs=315.9
[train-progress] epoch=2 [#############-----------] 500/900  55.6% loss=0.66142 jepa=0.20532 hard=0.89496 hard_red=0.03564 oracle=0.39337 rank=0.60218 value=0.51014 cand=3.04285 pairs=315.4
[train-progress] epoch=2 [##############----------] 525/900  58.3% loss=0.65918 jepa=0.20529 hard=0.89218 hard_red=0.03520 oracle=0.39247 rank=0.59972 value=0.51368 cand=3.03762 pairs=315.1
[train-progress] epoch=2 [##############----------] 550/900  61.1% loss=0.64408 jepa=0.20413 hard=0.89637 hard_red=0.03506 oracle=0.39129 rank=0.59658 value=0.50973 cand=3.03157 pairs=314.0
[train-progress] epoch=2 [###############---------] 575/900  63.9% loss=0.63278 jepa=0.20468 hard=0.89164 hard_red=0.03442 oracle=0.38962 rank=0.59213 value=0.51184 cand=3.02218 pairs=313.9
[train-progress] epoch=2 [################--------] 600/900  66.7% loss=0.62437 jepa=0.20599 hard=0.89173 hard_red=0.03469 oracle=0.38873 rank=0.58974 value=0.51272 cand=3.01728 pairs=313.6
[train-progress] epoch=2 [################--------] 625/900  69.4% loss=0.61212 jepa=0.20644 hard=0.89550 hard_red=0.03413 oracle=0.38724 rank=0.58518 value=0.51239 cand=3.01033 pairs=313.1
[train-progress] epoch=2 [#################-------] 650/900  72.2% loss=0.63700 jepa=0.20788 hard=0.89628 hard_red=0.03421 oracle=0.38624 rank=0.58190 value=0.51347 cand=3.00611 pairs=313.5
[train-progress] epoch=2 [##################------] 675/900  75.0% loss=0.64278 jepa=0.20822 hard=0.89484 hard_red=0.03370 oracle=0.38524 rank=0.57814 value=0.51556 cand=3.00269 pairs=314.5
[train-progress] epoch=2 [##################------] 700/900  77.8% loss=0.63870 jepa=0.21043 hard=0.89564 hard_red=0.03342 oracle=0.38363 rank=0.57360 value=0.51777 cand=2.99409 pairs=314.2
[train-progress] epoch=2 [###################-----] 725/900  80.6% loss=0.63963 jepa=0.21065 hard=0.89597 hard_red=0.03424 oracle=0.38285 rank=0.57097 value=0.51617 cand=2.99116 pairs=313.8
[train-progress] epoch=2 [####################----] 750/900  83.3% loss=0.64280 jepa=0.21197 hard=0.89430 hard_red=0.03374 oracle=0.38238 rank=0.56928 value=0.52059 cand=2.98900 pairs=314.1
[train-progress] epoch=2 [####################----] 775/900  86.1% loss=0.65701 jepa=0.21503 hard=0.89073 hard_red=0.03356 oracle=0.38118 rank=0.56552 value=0.52073 cand=2.98356 pairs=313.6
[train-progress] epoch=2 [#####################---] 800/900  88.9% loss=0.64311 jepa=0.21465 hard=0.89361 hard_red=0.03283 oracle=0.38019 rank=0.56301 value=0.52271 cand=2.97768 pairs=313.6
[train-progress] epoch=2 [######################--] 825/900  91.7% loss=0.63502 jepa=0.21527 hard=0.89320 hard_red=0.03336 oracle=0.37894 rank=0.55926 value=0.52244 cand=2.97175 pairs=313.6
[train-progress] epoch=2 [######################--] 850/900  94.4% loss=0.62633 jepa=0.21631 hard=0.89120 hard_red=0.03249 oracle=0.37819 rank=0.55665 value=0.52266 cand=2.96889 pairs=312.9
[train-progress] epoch=2 [#######################-] 875/900  97.2% loss=0.63470 jepa=0.21678 hard=0.89091 hard_red=0.03253 oracle=0.37715 rank=0.55302 value=0.52140 cand=2.96517 pairs=312.2
[train-progress] epoch=2 [########################] 900/900 100.0% loss=0.62222 jepa=0.21584 hard=0.89552 hard_red=0.03236 oracle=0.37552 rank=0.54851 value=0.52198 cand=2.95646 pairs=312.0
[train] epoch=2 horizon=2 train_loss=0.622217 val_loss=0.995054 train_steps=900
[train-progress] epoch=3 [------------------------] 1/900   0.1% loss=0.12889 jepa=0.19200 hard=1.03348 hard_red=0.00241 oracle=0.67045 rank=0.49751 value=0.80749 cand=2.58469 pairs=455.0
[train-progress] epoch=3 [------------------------] 25/900   2.8% loss=0.34512 jepa=0.20743 hard=0.96701 hard_red=0.03091 oracle=0.66331 rank=0.39847 value=0.51062 cand=2.78710 pairs=316.6
[train-progress] epoch=3 [#-----------------------] 50/900   5.6% loss=0.44470 jepa=0.24066 hard=0.94385 hard_red=0.02575 oracle=0.66927 rank=0.40580 value=0.49340 cand=2.80666 pairs=302.2
[train-progress] epoch=3 [##----------------------] 75/900   8.3% loss=0.38247 jepa=0.23047 hard=0.95207 hard_red=0.02623 oracle=0.66831 rank=0.40306 value=0.51273 cand=2.80494 pairs=307.6
[train-progress] epoch=3 [##----------------------] 100/900  11.1% loss=0.49201 jepa=0.25295 hard=0.94844 hard_red=0.02772 oracle=0.66075 rank=0.39795 value=0.54546 cand=2.77014 pairs=313.4
[train-progress] epoch=3 [###---------------------] 125/900  13.9% loss=0.63402 jepa=0.27808 hard=0.88973 hard_red=0.02684 oracle=0.64988 rank=0.38201 value=0.54941 cand=2.74293 pairs=312.6
[train-progress] epoch=3 [####--------------------] 150/900  16.7% loss=0.60354 jepa=0.28020 hard=0.89131 hard_red=0.03042 oracle=0.64754 rank=0.37594 value=0.55580 cand=2.74206 pairs=310.9
[train-progress] epoch=3 [####--------------------] 175/900  19.4% loss=0.57155 jepa=0.27327 hard=0.86986 hard_red=0.03051 oracle=0.64703 rank=0.37602 value=0.55024 cand=2.73963 pairs=311.1
[train-progress] epoch=3 [#####-------------------] 200/900  22.2% loss=0.54408 jepa=0.27199 hard=0.86587 hard_red=0.02803 oracle=0.64304 rank=0.36805 value=0.53302 cand=2.73620 pairs=309.8
[train-progress] epoch=3 [######------------------] 225/900  25.0% loss=0.51428 jepa=0.26741 hard=0.87051 hard_red=0.02596 oracle=0.63723 rank=0.36153 value=0.53809 cand=2.71715 pairs=312.8
[train-progress] epoch=3 [######------------------] 250/900  27.8% loss=0.54716 jepa=0.27156 hard=0.87407 hard_red=0.02800 oracle=0.63469 rank=0.35539 value=0.54866 cand=2.71485 pairs=313.2
[train-progress] epoch=3 [#######-----------------] 275/900  30.6% loss=0.56114 jepa=0.27897 hard=0.87642 hard_red=0.02773 oracle=0.62953 rank=0.34853 value=0.55350 cand=2.70009 pairs=315.2
[train-progress] epoch=3 [########----------------] 300/900  33.3% loss=0.56795 jepa=0.27964 hard=0.87674 hard_red=0.02825 oracle=0.62718 rank=0.34409 value=0.55559 cand=2.69619 pairs=316.6
[train-progress] epoch=3 [########----------------] 325/900  36.1% loss=0.57349 jepa=0.28044 hard=0.87076 hard_red=0.02878 oracle=0.62621 rank=0.33983 value=0.54865 cand=2.70057 pairs=316.0
[train-progress] epoch=3 [#########---------------] 350/900  38.9% loss=0.56458 jepa=0.28059 hard=0.87380 hard_red=0.02929 oracle=0.62340 rank=0.33463 value=0.54868 cand=2.69593 pairs=315.9
[train-progress] epoch=3 [##########--------------] 375/900  41.7% loss=0.58034 jepa=0.27938 hard=0.86655 hard_red=0.02963 oracle=0.62144 rank=0.33142 value=0.54625 cand=2.69209 pairs=315.1
[train-progress] epoch=3 [##########--------------] 400/900  44.4% loss=0.58722 jepa=0.27834 hard=0.86606 hard_red=0.02956 oracle=0.61755 rank=0.32588 value=0.55047 cand=2.68170 pairs=315.3
[train-progress] epoch=3 [###########-------------] 425/900  47.2% loss=0.63314 jepa=0.28457 hard=0.85984 hard_red=0.03077 oracle=0.61660 rank=0.32330 value=0.54578 cand=2.68237 pairs=314.1
[train-progress] epoch=3 [############------------] 450/900  50.0% loss=0.62624 jepa=0.28956 hard=0.85868 hard_red=0.03046 oracle=0.61450 rank=0.31805 value=0.54957 cand=2.68140 pairs=314.1
[train-progress] epoch=3 [############------------] 475/900  52.8% loss=0.62477 jepa=0.29061 hard=0.85637 hard_red=0.03038 oracle=0.61303 rank=0.31507 value=0.54527 cand=2.67999 pairs=312.8
[train-progress] epoch=3 [#############-----------] 500/900  55.6% loss=0.63553 jepa=0.29240 hard=0.85186 hard_red=0.03089 oracle=0.61071 rank=0.31116 value=0.54902 cand=2.67491 pairs=312.9
[train-progress] epoch=3 [##############----------] 525/900  58.3% loss=0.62122 jepa=0.29168 hard=0.85727 hard_red=0.03021 oracle=0.60896 rank=0.30772 value=0.55076 cand=2.67227 pairs=312.6
[train-progress] epoch=3 [##############----------] 550/900  61.1% loss=0.62349 jepa=0.29238 hard=0.85848 hard_red=0.02957 oracle=0.60654 rank=0.30414 value=0.55174 cand=2.66630 pairs=312.7
[train-progress] epoch=3 [###############---------] 575/900  63.9% loss=0.62047 jepa=0.29215 hard=0.84718 hard_red=0.02879 oracle=0.60481 rank=0.30005 value=0.55060 cand=2.66542 pairs=312.8
[train-progress] epoch=3 [################--------] 600/900  66.7% loss=0.61395 jepa=0.29104 hard=0.85607 hard_red=0.02863 oracle=0.60223 rank=0.29581 value=0.54972 cand=2.66014 pairs=312.9
[train-progress] epoch=3 [################--------] 625/900  69.4% loss=0.64242 jepa=0.29360 hard=0.85557 hard_red=0.02892 oracle=0.60129 rank=0.29273 value=0.54952 cand=2.66144 pairs=312.1
[train-progress] epoch=3 [#################-------] 650/900  72.2% loss=0.63994 jepa=0.29351 hard=0.85495 hard_red=0.02931 oracle=0.59974 rank=0.28904 value=0.54937 cand=2.66067 pairs=312.3
[train-progress] epoch=3 [##################------] 675/900  75.0% loss=0.63608 jepa=0.29372 hard=0.85479 hard_red=0.02883 oracle=0.59928 rank=0.28622 value=0.55163 cand=2.66378 pairs=311.8
[train-progress] epoch=3 [##################------] 700/900  77.8% loss=0.62796 jepa=0.29408 hard=0.85069 hard_red=0.02887 oracle=0.59729 rank=0.28259 value=0.55400 cand=2.66011 pairs=312.2
[train-progress] epoch=3 [###################-----] 725/900  80.6% loss=0.65477 jepa=0.29621 hard=0.84982 hard_red=0.02883 oracle=0.59560 rank=0.27946 value=0.55569 cand=2.65721 pairs=312.2
[train-progress] epoch=3 [####################----] 750/900  83.3% loss=0.68637 jepa=0.29606 hard=0.84774 hard_red=0.02929 oracle=0.59444 rank=0.27713 value=0.55382 cand=2.65583 pairs=311.9
[train-progress] epoch=3 [####################----] 775/900  86.1% loss=0.68570 jepa=0.29793 hard=0.84592 hard_red=0.02903 oracle=0.59251 rank=0.27423 value=0.55587 cand=2.65100 pairs=311.8
[train-progress] epoch=3 [#####################---] 800/900  88.9% loss=0.67615 jepa=0.29683 hard=0.84959 hard_red=0.02946 oracle=0.59104 rank=0.27112 value=0.55236 cand=2.64980 pairs=311.7
[train-progress] epoch=3 [######################--] 825/900  91.7% loss=0.68559 jepa=0.29863 hard=0.85053 hard_red=0.02948 oracle=0.58914 rank=0.26845 value=0.55331 cand=2.64482 pairs=311.8
[train-progress] epoch=3 [######################--] 850/900  94.4% loss=0.68299 jepa=0.29927 hard=0.84901 hard_red=0.02991 oracle=0.58761 rank=0.26589 value=0.55200 cand=2.64186 pairs=311.7
[train-progress] epoch=3 [#######################-] 875/900  97.2% loss=0.69070 jepa=0.30045 hard=0.85217 hard_red=0.03017 oracle=0.58663 rank=0.26373 value=0.54945 cand=2.64125 pairs=311.2
[train-progress] epoch=3 [########################] 900/900 100.0% loss=0.68579 jepa=0.29938 hard=0.84986 hard_red=0.03024 oracle=0.58536 rank=0.26112 value=0.54855 cand=2.63979 pairs=310.8
[train] epoch=3 horizon=2 train_loss=0.685785 val_loss=0.973780 train_steps=900
[train-progress] epoch=4 [------------------------] 1/900   0.1% loss=0.13302 jepa=0.25836 hard=1.19107 hard_red=0.00081 oracle=0.54862 rank=0.15779 value=0.66083 cand=2.64136 pairs=306.0
[train-progress] epoch=4 [------------------------] 25/900   2.8% loss=1.60817 jepa=0.34362 hard=0.93936 hard_red=0.02491 oracle=0.54368 rank=0.17754 value=0.52845 cand=2.58695 pairs=328.7
[train-progress] epoch=4 [#-----------------------] 50/900   5.6% loss=1.61116 jepa=0.39686 hard=0.94190 hard_red=0.02746 oracle=0.54220 rank=0.17252 value=0.51742 cand=2.59050 pairs=318.0
[train-progress] epoch=4 [##----------------------] 75/900   8.3% loss=1.30826 jepa=0.39511 hard=0.91389 hard_red=0.02942 oracle=0.54815 rank=0.17728 value=0.50869 cand=2.61451 pairs=306.8
[train-progress] epoch=4 [##----------------------] 100/900  11.1% loss=1.21651 jepa=0.37843 hard=0.89698 hard_red=0.03125 oracle=0.54406 rank=0.17406 value=0.51679 cand=2.59765 pairs=305.9
[train-progress] epoch=4 [###---------------------] 125/900  13.9% loss=1.19649 jepa=0.37174 hard=0.90213 hard_red=0.03586 oracle=0.54135 rank=0.17116 value=0.51606 cand=2.58882 pairs=302.0
[train-progress] epoch=4 [####--------------------] 150/900  16.7% loss=1.09565 jepa=0.36795 hard=0.91903 hard_red=0.03368 oracle=0.54080 rank=0.17067 value=0.51269 cand=2.58720 pairs=303.9
[train-progress] epoch=4 [####--------------------] 175/900  19.4% loss=0.98225 jepa=0.35537 hard=0.92253 hard_red=0.03080 oracle=0.54040 rank=0.17006 value=0.51640 cand=2.58581 pairs=304.8
[train-progress] epoch=4 [#####-------------------] 200/900  22.2% loss=0.91400 jepa=0.34818 hard=0.91442 hard_red=0.02975 oracle=0.53487 rank=0.16704 value=0.51832 cand=2.56128 pairs=304.0
[train-progress] epoch=4 [######------------------] 225/900  25.0% loss=0.84989 jepa=0.34124 hard=0.92685 hard_red=0.02905 oracle=0.53359 rank=0.16439 value=0.52403 cand=2.55910 pairs=304.9
[train-progress] epoch=4 [######------------------] 250/900  27.8% loss=0.82439 jepa=0.34227 hard=0.91090 hard_red=0.02712 oracle=0.53165 rank=0.16324 value=0.53000 cand=2.55014 pairs=306.3
[train-progress] epoch=4 [#######-----------------] 275/900  30.6% loss=0.82020 jepa=0.33879 hard=0.91079 hard_red=0.02832 oracle=0.53047 rank=0.16143 value=0.53297 cand=2.54706 pairs=306.3
[train-progress] epoch=4 [########----------------] 300/900  33.3% loss=0.84370 jepa=0.33458 hard=0.89980 hard_red=0.02772 oracle=0.52848 rank=0.15967 value=0.53729 cand=2.53923 pairs=306.4
[train-progress] epoch=4 [########----------------] 325/900  36.1% loss=0.81805 jepa=0.33199 hard=0.89349 hard_red=0.02760 oracle=0.52767 rank=0.15797 value=0.53490 cand=2.53859 pairs=305.2
[train-progress] epoch=4 [#########---------------] 350/900  38.9% loss=0.79999 jepa=0.33103 hard=0.90258 hard_red=0.02858 oracle=0.52758 rank=0.15673 value=0.53566 cand=2.54059 pairs=305.0
[train-progress] epoch=4 [##########--------------] 375/900  41.7% loss=0.81216 jepa=0.33217 hard=0.90035 hard_red=0.02771 oracle=0.52772 rank=0.15635 value=0.53877 cand=2.54182 pairs=305.5
[train-progress] epoch=4 [##########--------------] 400/900  44.4% loss=0.78650 jepa=0.32981 hard=0.89960 hard_red=0.02810 oracle=0.52631 rank=0.15474 value=0.54144 cand=2.53712 pairs=305.9
[train-progress] epoch=4 [###########-------------] 425/900  47.2% loss=0.77648 jepa=0.33626 hard=0.90271 hard_red=0.02803 oracle=0.52668 rank=0.15374 value=0.53714 cand=2.54174 pairs=306.5
[train-progress] epoch=4 [############------------] 450/900  50.0% loss=0.76401 jepa=0.33442 hard=0.90172 hard_red=0.02917 oracle=0.52718 rank=0.15311 value=0.53593 cand=2.54597 pairs=306.6
[train-progress] epoch=4 [############------------] 475/900  52.8% loss=0.75672 jepa=0.33333 hard=0.89599 hard_red=0.02950 oracle=0.52559 rank=0.15249 value=0.53682 cand=2.53835 pairs=307.2
[train-progress] epoch=4 [#############-----------] 500/900  55.6% loss=0.75370 jepa=0.33203 hard=0.89667 hard_red=0.02885 oracle=0.52456 rank=0.15129 value=0.53454 cand=2.53544 pairs=308.4
[train-progress] epoch=4 [##############----------] 525/900  58.3% loss=0.73612 jepa=0.33005 hard=0.90054 hard_red=0.02903 oracle=0.52433 rank=0.15093 value=0.53446 cand=2.53493 pairs=308.4
[train-progress] epoch=4 [##############----------] 550/900  61.1% loss=0.72377 jepa=0.32809 hard=0.89936 hard_red=0.02912 oracle=0.52310 rank=0.14932 value=0.53389 cand=2.53154 pairs=308.5
[train-progress] epoch=4 [###############---------] 575/900  63.9% loss=0.73836 jepa=0.33097 hard=0.89619 hard_red=0.02917 oracle=0.52157 rank=0.14809 value=0.53507 cand=2.52550 pairs=308.9
[train-progress] epoch=4 [################--------] 600/900  66.7% loss=0.72809 jepa=0.33242 hard=0.89784 hard_red=0.02909 oracle=0.52065 rank=0.14756 value=0.53505 cand=2.52151 pairs=308.6
[train-progress] epoch=4 [################--------] 625/900  69.4% loss=0.72436 jepa=0.33145 hard=0.89568 hard_red=0.02891 oracle=0.51985 rank=0.14720 value=0.53528 cand=2.51782 pairs=308.4
[train-progress] epoch=4 [#################-------] 650/900  72.2% loss=0.73939 jepa=0.33100 hard=0.89728 hard_red=0.02861 oracle=0.52009 rank=0.14662 value=0.53227 cand=2.52072 pairs=308.0
[train-progress] epoch=4 [##################------] 675/900  75.0% loss=0.73603 jepa=0.33218 hard=0.89833 hard_red=0.02877 oracle=0.52012 rank=0.14608 value=0.53066 cand=2.52220 pairs=307.7
[train-progress] epoch=4 [##################------] 700/900  77.8% loss=0.72247 jepa=0.33014 hard=0.89686 hard_red=0.02856 oracle=0.51883 rank=0.14529 value=0.52653 cand=2.51719 pairs=308.1
[train-progress] epoch=4 [###################-----] 725/900  80.6% loss=0.72105 jepa=0.33199 hard=0.89865 hard_red=0.02897 oracle=0.51860 rank=0.14468 value=0.52404 cand=2.51744 pairs=308.0
[train-progress] epoch=4 [####################----] 750/900  83.3% loss=0.71616 jepa=0.33113 hard=0.89557 hard_red=0.02841 oracle=0.51914 rank=0.14476 value=0.52278 cand=2.52040 pairs=307.4
[train-progress] epoch=4 [####################----] 775/900  86.1% loss=0.70916 jepa=0.33045 hard=0.89504 hard_red=0.02809 oracle=0.51978 rank=0.14412 value=0.51869 cand=2.52577 pairs=306.9
[train-progress] epoch=4 [#####################---] 800/900  88.9% loss=0.69897 jepa=0.32956 hard=0.89516 hard_red=0.02792 oracle=0.51935 rank=0.14337 value=0.51944 cand=2.52489 pairs=307.2
[train-progress] epoch=4 [######################--] 825/900  91.7% loss=0.69447 jepa=0.32911 hard=0.89824 hard_red=0.02732 oracle=0.51927 rank=0.14298 value=0.52099 cand=2.52511 pairs=307.8
[train-progress] epoch=4 [######################--] 850/900  94.4% loss=0.70079 jepa=0.32942 hard=0.89494 hard_red=0.02734 oracle=0.51802 rank=0.14220 value=0.52216 cand=2.51969 pairs=308.2
[train-progress] epoch=4 [#######################-] 875/900  97.2% loss=0.70419 jepa=0.33041 hard=0.89105 hard_red=0.02699 oracle=0.51799 rank=0.14170 value=0.52089 cand=2.52072 pairs=307.4
[train-progress] epoch=4 [########################] 900/900 100.0% loss=0.69579 jepa=0.33012 hard=0.89420 hard_red=0.02689 oracle=0.51778 rank=0.14100 value=0.52266 cand=2.52080 pairs=307.6
[train] epoch=4 horizon=3 train_loss=0.695793 val_loss=1.218018 train_steps=900
[train-progress] epoch=5 [------------------------] 1/900   0.1% loss=0.14953 jepa=0.28196 hard=1.22920 hard_red=0.00066 oracle=0.49491 rank=0.14187 value=0.78011 cand=2.36331 pairs=356.0
[train-progress] epoch=5 [------------------------] 25/900   2.8% loss=0.54829 jepa=0.30350 hard=0.89967 hard_red=0.01896 oracle=0.50846 rank=0.13071 value=0.50903 cand=2.49228 pairs=318.2
[train-progress] epoch=5 [#-----------------------] 50/900   5.6% loss=1.00623 jepa=0.34931 hard=0.93357 hard_red=0.03416 oracle=0.51147 rank=0.12434 value=0.51149 cand=2.52216 pairs=303.3
[train-progress] epoch=5 [##----------------------] 75/900   8.3% loss=0.91216 jepa=0.33686 hard=0.91132 hard_red=0.02774 oracle=0.50917 rank=0.12471 value=0.54181 cand=2.50525 pairs=305.4
[train-progress] epoch=5 [##----------------------] 100/900  11.1% loss=0.88113 jepa=0.33003 hard=0.90868 hard_red=0.02892 oracle=0.50436 rank=0.12095 value=0.52777 cand=2.48802 pairs=307.4
[train-progress] epoch=5 [###---------------------] 125/900  13.9% loss=0.80603 jepa=0.32746 hard=0.90571 hard_red=0.02976 oracle=0.50427 rank=0.11873 value=0.52834 cand=2.49216 pairs=306.1
[train-progress] epoch=5 [####--------------------] 150/900  16.7% loss=0.88435 jepa=0.33963 hard=0.88516 hard_red=0.02820 oracle=0.50550 rank=0.11886 value=0.52622 cand=2.49894 pairs=306.8
[train-progress] epoch=5 [####--------------------] 175/900  19.4% loss=0.89281 jepa=0.34572 hard=0.88639 hard_red=0.02661 oracle=0.50774 rank=0.11890 value=0.52440 cand=2.51149 pairs=305.8
[train-progress] epoch=5 [#####-------------------] 200/900  22.2% loss=0.87619 jepa=0.35176 hard=0.86503 hard_red=0.02718 oracle=0.50715 rank=0.11805 value=0.53092 cand=2.50927 pairs=305.8
[train-progress] epoch=5 [######------------------] 225/900  25.0% loss=0.82987 jepa=0.34635 hard=0.86546 hard_red=0.02739 oracle=0.50912 rank=0.11945 value=0.51676 cand=2.51884 pairs=304.4
[train-progress] epoch=5 [######------------------] 250/900  27.8% loss=0.81936 jepa=0.34207 hard=0.87321 hard_red=0.02673 oracle=0.50967 rank=0.11834 value=0.51108 cand=2.52488 pairs=304.2
[train-progress] epoch=5 [#######-----------------] 275/900  30.6% loss=0.83875 jepa=0.34111 hard=0.86793 hard_red=0.02621 oracle=0.50797 rank=0.11794 value=0.51445 cand=2.51589 pairs=304.9
[train-progress] epoch=5 [########----------------] 300/900  33.3% loss=0.82986 jepa=0.34977 hard=0.86119 hard_red=0.02540 oracle=0.50794 rank=0.11778 value=0.51593 cand=2.51593 pairs=305.4
[train-progress] epoch=5 [########----------------] 325/900  36.1% loss=0.83120 jepa=0.35653 hard=0.85599 hard_red=0.02510 oracle=0.50924 rank=0.11841 value=0.51272 cand=2.52213 pairs=305.4
[train-progress] epoch=5 [#########---------------] 350/900  38.9% loss=0.82682 jepa=0.35215 hard=0.85879 hard_red=0.02496 oracle=0.50906 rank=0.11688 value=0.51057 cand=2.52462 pairs=305.9
[train-progress] epoch=5 [##########--------------] 375/900  41.7% loss=0.81102 jepa=0.34824 hard=0.86620 hard_red=0.02526 oracle=0.50871 rank=0.11616 value=0.51256 cand=2.52397 pairs=307.0
[train-progress] epoch=5 [##########--------------] 400/900  44.4% loss=0.78428 jepa=0.34570 hard=0.87015 hard_red=0.02490 oracle=0.50808 rank=0.11563 value=0.50651 cand=2.52230 pairs=307.4
[train-progress] epoch=5 [###########-------------] 425/900  47.2% loss=0.80755 jepa=0.34883 hard=0.87188 hard_red=0.02537 oracle=0.50681 rank=0.11457 value=0.50648 cand=2.51745 pairs=308.8
[train-progress] epoch=5 [############------------] 450/900  50.0% loss=0.81483 jepa=0.35238 hard=0.86968 hard_red=0.02558 oracle=0.50562 rank=0.11395 value=0.51110 cand=2.51168 pairs=308.7
[train-progress] epoch=5 [############------------] 475/900  52.8% loss=0.81513 jepa=0.35080 hard=0.86958 hard_red=0.02518 oracle=0.50531 rank=0.11413 value=0.51049 cand=2.50962 pairs=308.8
[train-progress] epoch=5 [#############-----------] 500/900  55.6% loss=0.81535 jepa=0.35188 hard=0.86848 hard_red=0.02545 oracle=0.50523 rank=0.11394 value=0.51049 cand=2.50959 pairs=309.0
[train-progress] epoch=5 [##############----------] 525/900  58.3% loss=0.80069 jepa=0.35140 hard=0.86264 hard_red=0.02552 oracle=0.50466 rank=0.11362 value=0.50659 cand=2.50749 pairs=309.0
[train-progress] epoch=5 [##############----------] 550/900  61.1% loss=0.79775 jepa=0.35241 hard=0.86520 hard_red=0.02615 oracle=0.50444 rank=0.11320 value=0.50414 cand=2.50743 pairs=310.1
[train-progress] epoch=5 [###############---------] 575/900  63.9% loss=0.80848 jepa=0.35288 hard=0.86732 hard_red=0.02609 oracle=0.50506 rank=0.11314 value=0.50362 cand=2.51107 pairs=309.0
[train-progress] epoch=5 [################--------] 600/900  66.7% loss=0.79277 jepa=0.35066 hard=0.87495 hard_red=0.02641 oracle=0.50479 rank=0.11301 value=0.50452 cand=2.50976 pairs=308.2
[train-progress] epoch=5 [################--------] 625/900  69.4% loss=0.78929 jepa=0.34942 hard=0.87409 hard_red=0.02664 oracle=0.50478 rank=0.11289 value=0.50788 cand=2.50959 pairs=308.2
[train-progress] epoch=5 [#################-------] 650/900  72.2% loss=0.78647 jepa=0.34938 hard=0.87661 hard_red=0.02741 oracle=0.50547 rank=0.11357 value=0.50482 cand=2.51230 pairs=308.0
[train-progress] epoch=5 [##################------] 675/900  75.0% loss=0.79139 jepa=0.34952 hard=0.87505 hard_red=0.02757 oracle=0.50506 rank=0.11279 value=0.50473 cand=2.51169 pairs=308.1
[train-progress] epoch=5 [##################------] 700/900  77.8% loss=0.77673 jepa=0.34690 hard=0.87177 hard_red=0.02678 oracle=0.50393 rank=0.11202 value=0.50311 cand=2.50722 pairs=308.0
[train-progress] epoch=5 [###################-----] 725/900  80.6% loss=0.78978 jepa=0.34943 hard=0.86997 hard_red=0.02732 oracle=0.50343 rank=0.11151 value=0.50261 cand=2.50561 pairs=308.2
[train-progress] epoch=5 [####################----] 750/900  83.3% loss=0.78199 jepa=0.34805 hard=0.86736 hard_red=0.02720 oracle=0.50342 rank=0.11131 value=0.50080 cand=2.50612 pairs=307.9
[train-progress] epoch=5 [####################----] 775/900  86.1% loss=0.79719 jepa=0.34763 hard=0.86454 hard_red=0.02729 oracle=0.50292 rank=0.11081 value=0.50110 cand=2.50440 pairs=308.2
[train-progress] epoch=5 [#####################---] 800/900  88.9% loss=0.79527 jepa=0.34809 hard=0.86495 hard_red=0.02758 oracle=0.50295 rank=0.11076 value=0.50063 cand=2.50473 pairs=307.9
[train-progress] epoch=5 [######################--] 825/900  91.7% loss=0.79892 jepa=0.34780 hard=0.85964 hard_red=0.02716 oracle=0.50191 rank=0.11016 value=0.50127 cand=2.50013 pairs=308.4
[train-progress] epoch=5 [######################--] 850/900  94.4% loss=0.78940 jepa=0.34757 hard=0.86006 hard_red=0.02744 oracle=0.50025 rank=0.10944 value=0.50331 cand=2.49223 pairs=308.4
[train-progress] epoch=5 [#######################-] 875/900  97.2% loss=0.77639 jepa=0.34731 hard=0.86181 hard_red=0.02706 oracle=0.50010 rank=0.10904 value=0.50209 cand=2.49238 pairs=308.2
[train-progress] epoch=5 [########################] 900/900 100.0% loss=0.77937 jepa=0.34713 hard=0.85972 hard_red=0.02713 oracle=0.49995 rank=0.10891 value=0.50207 cand=2.49181 pairs=308.4
[train] epoch=5 horizon=3 train_loss=0.779371 val_loss=1.248221 train_steps=900
[train-progress] epoch=6 [------------------------] 1/900   0.1% loss=0.19048 jepa=0.34979 hard=0.43809 hard_red=0.00026 oracle=0.45074 rank=0.08422 value=0.66045 cand=2.25292 pairs=335.0
[train-progress] epoch=6 [------------------------] 25/900   2.8% loss=0.42288 jepa=0.33389 hard=0.94701 hard_red=0.02006 oracle=0.48963 rank=0.10634 value=0.57182 cand=2.43215 pairs=310.8
[train-progress] epoch=6 [#-----------------------] 50/900   5.6% loss=0.83212 jepa=0.34986 hard=0.88975 hard_red=0.02207 oracle=0.50306 rank=0.10255 value=0.50449 cand=2.52224 pairs=309.9
[train-progress] epoch=6 [##----------------------] 75/900   8.3% loss=0.86913 jepa=0.35329 hard=0.89855 hard_red=0.02437 oracle=0.50015 rank=0.10297 value=0.50630 cand=2.50499 pairs=305.0
[train-progress] epoch=6 [##----------------------] 100/900  11.1% loss=0.82750 jepa=0.35466 hard=0.87135 hard_red=0.02650 oracle=0.49580 rank=0.10081 value=0.49111 cand=2.48708 pairs=304.8
[train-progress] epoch=6 [###---------------------] 125/900  13.9% loss=0.79031 jepa=0.35017 hard=0.86852 hard_red=0.02629 oracle=0.49781 rank=0.10032 value=0.48397 cand=2.50005 pairs=300.7
[train-progress] epoch=6 [####--------------------] 150/900  16.7% loss=0.79426 jepa=0.34363 hard=0.88250 hard_red=0.02724 oracle=0.50022 rank=0.10012 value=0.47430 cand=2.51493 pairs=302.7
[train-progress] epoch=6 [####--------------------] 175/900  19.4% loss=0.82296 jepa=0.35339 hard=0.88424 hard_red=0.02743 oracle=0.49893 rank=0.10034 value=0.46293 cand=2.50857 pairs=303.5
[train-progress] epoch=6 [#####-------------------] 200/900  22.2% loss=0.79743 jepa=0.35533 hard=0.88860 hard_red=0.02664 oracle=0.49929 rank=0.09906 value=0.45674 cand=2.51395 pairs=303.0
[train-progress] epoch=6 [######------------------] 225/900  25.0% loss=0.77488 jepa=0.35635 hard=0.88730 hard_red=0.02657 oracle=0.49554 rank=0.09777 value=0.46330 cand=2.49511 pairs=302.6
[train-progress] epoch=6 [######------------------] 250/900  27.8% loss=0.74438 jepa=0.35645 hard=0.88167 hard_red=0.02657 oracle=0.49780 rank=0.09833 value=0.45955 cand=2.50689 pairs=302.7
[train-progress] epoch=6 [#######-----------------] 275/900  30.6% loss=0.83321 jepa=0.35960 hard=0.87203 hard_red=0.02751 oracle=0.49864 rank=0.09802 value=0.46079 cand=2.51208 pairs=303.5
[train-progress] epoch=6 [########----------------] 300/900  33.3% loss=0.86939 jepa=0.37197 hard=0.86620 hard_red=0.02757 oracle=0.49972 rank=0.09841 value=0.45357 cand=2.51810 pairs=302.6
[train-progress] epoch=6 [########----------------] 325/900  36.1% loss=0.87267 jepa=0.37651 hard=0.86609 hard_red=0.02773 oracle=0.50033 rank=0.09829 value=0.45302 cand=2.52174 pairs=302.7
[train-progress] epoch=6 [#########---------------] 350/900  38.9% loss=0.88248 jepa=0.37716 hard=0.86566 hard_red=0.02809 oracle=0.49891 rank=0.09808 value=0.45655 cand=2.51394 pairs=303.3
[train-progress] epoch=6 [##########--------------] 375/900  41.7% loss=0.89933 jepa=0.37528 hard=0.86449 hard_red=0.02779 oracle=0.49935 rank=0.09800 value=0.45967 cand=2.51622 pairs=303.4
[train-progress] epoch=6 [##########--------------] 400/900  44.4% loss=0.93228 jepa=0.37639 hard=0.86292 hard_red=0.02856 oracle=0.49759 rank=0.09744 value=0.45955 cand=2.50760 pairs=303.1
[train-progress] epoch=6 [###########-------------] 425/900  47.2% loss=0.92374 jepa=0.37484 hard=0.86365 hard_red=0.02881 oracle=0.49610 rank=0.09686 value=0.45872 cand=2.50069 pairs=303.1
[train-progress] epoch=6 [############------------] 450/900  50.0% loss=0.92276 jepa=0.37856 hard=0.86187 hard_red=0.02824 oracle=0.49509 rank=0.09710 value=0.46178 cand=2.49419 pairs=303.0
[train-progress] epoch=6 [############------------] 475/900  52.8% loss=0.91840 jepa=0.37579 hard=0.86741 hard_red=0.02774 oracle=0.49446 rank=0.09697 value=0.46064 cand=2.49114 pairs=302.6
[train-progress] epoch=6 [#############-----------] 500/900  55.6% loss=0.90288 jepa=0.37652 hard=0.86777 hard_red=0.02725 oracle=0.49407 rank=0.09642 value=0.46181 cand=2.48998 pairs=303.2
[train-progress] epoch=6 [##############----------] 525/900  58.3% loss=0.99957 jepa=0.38493 hard=0.85969 hard_red=0.02686 oracle=0.49399 rank=0.09607 value=0.46294 cand=2.49015 pairs=303.7
[train-progress] epoch=6 [##############----------] 550/900  61.1% loss=1.01555 jepa=0.38591 hard=0.85880 hard_red=0.02788 oracle=0.49448 rank=0.09571 value=0.46220 cand=2.49368 pairs=303.4
[train-progress] epoch=6 [###############---------] 575/900  63.9% loss=0.99989 jepa=0.38422 hard=0.85593 hard_red=0.02744 oracle=0.49391 rank=0.09551 value=0.46442 cand=2.49068 pairs=303.4
[train-progress] epoch=6 [################--------] 600/900  66.7% loss=1.01260 jepa=0.38627 hard=0.85647 hard_red=0.02728 oracle=0.49461 rank=0.09549 value=0.46314 cand=2.49476 pairs=302.6
[train-progress] epoch=6 [################--------] 625/900  69.4% loss=1.02609 jepa=0.39186 hard=0.85438 hard_red=0.02716 oracle=0.49411 rank=0.09503 value=0.46601 cand=2.49268 pairs=303.3
[train-progress] epoch=6 [#################-------] 650/900  72.2% loss=1.02826 jepa=0.39162 hard=0.85328 hard_red=0.02761 oracle=0.49472 rank=0.09496 value=0.46544 cand=2.49624 pairs=303.3
[train-progress] epoch=6 [##################------] 675/900  75.0% loss=1.02148 jepa=0.39203 hard=0.85569 hard_red=0.02727 oracle=0.49431 rank=0.09470 value=0.46688 cand=2.49438 pairs=303.8
[train-progress] epoch=6 [##################------] 700/900  77.8% loss=1.01340 jepa=0.38994 hard=0.85575 hard_red=0.02725 oracle=0.49385 rank=0.09440 value=0.46898 cand=2.49222 pairs=304.4
[train-progress] epoch=6 [###################-----] 725/900  80.6% loss=1.02757 jepa=0.38886 hard=0.85293 hard_red=0.02707 oracle=0.49317 rank=0.09456 value=0.46915 cand=2.48809 pairs=304.9
[train-progress] epoch=6 [####################----] 750/900  83.3% loss=1.03496 jepa=0.38808 hard=0.85103 hard_red=0.02722 oracle=0.49304 rank=0.09465 value=0.46810 cand=2.48730 pairs=305.4
[train-progress] epoch=6 [####################----] 775/900  86.1% loss=1.04341 jepa=0.38703 hard=0.84971 hard_red=0.02727 oracle=0.49281 rank=0.09436 value=0.46864 cand=2.48654 pairs=305.4
[train-progress] epoch=6 [#####################---] 800/900  88.9% loss=1.04249 jepa=0.39135 hard=0.85342 hard_red=0.02725 oracle=0.49277 rank=0.09444 value=0.46756 cand=2.48629 pairs=305.2
[train-progress] epoch=6 [######################--] 825/900  91.7% loss=1.03032 jepa=0.39048 hard=0.85227 hard_red=0.02733 oracle=0.49276 rank=0.09413 value=0.46735 cand=2.48692 pairs=305.4
[train-progress] epoch=6 [######################--] 850/900  94.4% loss=1.01424 jepa=0.38987 hard=0.85423 hard_red=0.02747 oracle=0.49292 rank=0.09430 value=0.46649 cand=2.48751 pairs=305.4
[train-progress] epoch=6 [#######################-] 875/900  97.2% loss=1.04232 jepa=0.38923 hard=0.85597 hard_red=0.02787 oracle=0.49258 rank=0.09415 value=0.46594 cand=2.48602 pairs=305.3
[train-progress] epoch=6 [########################] 900/900 100.0% loss=1.06096 jepa=0.38989 hard=0.85710 hard_red=0.02777 oracle=0.49284 rank=0.09420 value=0.46498 cand=2.48748 pairs=305.1
[train] epoch=6 horizon=4 train_loss=1.060957 val_loss=1.871401 train_steps=900
[train-progress] epoch=7 [------------------------] 1/900   0.1% loss=1.27387 jepa=0.32850 hard=0.48720 hard_red=0.00169 oracle=0.50200 rank=0.09994 value=0.36633 cand=2.53721 pairs=364.0
[train-progress] epoch=7 [------------------------] 25/900   2.8% loss=0.77929 jepa=0.33385 hard=0.82961 hard_red=0.01293 oracle=0.50143 rank=0.09068 value=0.44739 cand=2.54457 pairs=304.3
[train-progress] epoch=7 [#-----------------------] 50/900   5.6% loss=0.70579 jepa=0.40498 hard=0.79032 hard_red=0.01882 oracle=0.47684 rank=0.08496 value=0.47235 cand=2.41726 pairs=306.3
[train-progress] epoch=7 [##----------------------] 75/900   8.3% loss=0.69673 jepa=0.40068 hard=0.80418 hard_red=0.02052 oracle=0.47343 rank=0.08325 value=0.47526 cand=2.40158 pairs=306.5
[train-progress] epoch=7 [##----------------------] 100/900  11.1% loss=0.83917 jepa=0.38306 hard=0.83096 hard_red=0.02039 oracle=0.48076 rank=0.08407 value=0.45576 cand=2.44279 pairs=302.4
[train-progress] epoch=7 [###---------------------] 125/900  13.9% loss=0.77544 jepa=0.37139 hard=0.86216 hard_red=0.01991 oracle=0.47969 rank=0.08369 value=0.46191 cand=2.43694 pairs=303.1
[train-progress] epoch=7 [####--------------------] 150/900  16.7% loss=0.81087 jepa=0.37476 hard=0.86406 hard_red=0.02091 oracle=0.47870 rank=0.08457 value=0.46117 cand=2.42964 pairs=306.5
[train-progress] epoch=7 [####--------------------] 175/900  19.4% loss=0.91537 jepa=0.37958 hard=0.86320 hard_red=0.02196 oracle=0.48058 rank=0.08537 value=0.45523 cand=2.43910 pairs=307.7
[train-progress] epoch=7 [#####-------------------] 200/900  22.2% loss=0.91138 jepa=0.37477 hard=0.85613 hard_red=0.02171 oracle=0.48272 rank=0.08598 value=0.46131 cand=2.44900 pairs=308.8
[train-progress] epoch=7 [######------------------] 225/900  25.0% loss=0.94705 jepa=0.37306 hard=0.85357 hard_red=0.02276 oracle=0.48180 rank=0.08430 value=0.46391 cand=2.44717 pairs=308.2
[train-progress] epoch=7 [######------------------] 250/900  27.8% loss=0.96751 jepa=0.37409 hard=0.84919 hard_red=0.02212 oracle=0.48108 rank=0.08423 value=0.46854 cand=2.44282 pairs=307.5
[train-progress] epoch=7 [#######-----------------] 275/900  30.6% loss=0.93105 jepa=0.37257 hard=0.85487 hard_red=0.02129 oracle=0.48308 rank=0.08537 value=0.46324 cand=2.45207 pairs=307.5
[train-progress] epoch=7 [########----------------] 300/900  33.3% loss=0.96614 jepa=0.37079 hard=0.85067 hard_red=0.02126 oracle=0.48325 rank=0.08493 value=0.46288 cand=2.45399 pairs=307.1
[train-progress] epoch=7 [########----------------] 325/900  36.1% loss=0.94400 jepa=0.37681 hard=0.84873 hard_red=0.02089 oracle=0.48312 rank=0.08522 value=0.46374 cand=2.45255 pairs=308.6
[train-progress] epoch=7 [#########---------------] 350/900  38.9% loss=0.96063 jepa=0.37922 hard=0.84552 hard_red=0.02146 oracle=0.48215 rank=0.08517 value=0.47011 cand=2.44655 pairs=307.9
[train-progress] epoch=7 [##########--------------] 375/900  41.7% loss=0.99548 jepa=0.37996 hard=0.84041 hard_red=0.02155 oracle=0.48234 rank=0.08489 value=0.46735 cand=2.44855 pairs=309.3
[train-progress] epoch=7 [##########--------------] 400/900  44.4% loss=0.97518 jepa=0.37832 hard=0.85029 hard_red=0.02200 oracle=0.48348 rank=0.08540 value=0.46654 cand=2.45388 pairs=309.4
[train-progress] epoch=7 [###########-------------] 425/900  47.2% loss=0.96524 jepa=0.37556 hard=0.85094 hard_red=0.02264 oracle=0.48377 rank=0.08589 value=0.46488 cand=2.45460 pairs=308.9
[train-progress] epoch=7 [############------------] 450/900  50.0% loss=0.96438 jepa=0.37315 hard=0.85350 hard_red=0.02216 oracle=0.48435 rank=0.08602 value=0.46297 cand=2.45778 pairs=308.7
[train-progress] epoch=7 [############------------] 475/900  52.8% loss=0.95528 jepa=0.37576 hard=0.85004 hard_red=0.02216 oracle=0.48400 rank=0.08612 value=0.46185 cand=2.45577 pairs=309.5
[train-progress] epoch=7 [#############-----------] 500/900  55.6% loss=0.94064 jepa=0.37407 hard=0.85077 hard_red=0.02192 oracle=0.48497 rank=0.08642 value=0.46276 cand=2.46043 pairs=309.4
[train-progress] epoch=7 [##############----------] 525/900  58.3% loss=0.93236 jepa=0.37421 hard=0.84944 hard_red=0.02202 oracle=0.48537 rank=0.08628 value=0.46366 cand=2.46282 pairs=309.6
[train-progress] epoch=7 [##############----------] 550/900  61.1% loss=0.95468 jepa=0.37229 hard=0.84834 hard_red=0.02200 oracle=0.48578 rank=0.08589 value=0.46003 cand=2.46631 pairs=310.4
[train-progress] epoch=7 [###############---------] 575/900  63.9% loss=0.95163 jepa=0.37211 hard=0.84678 hard_red=0.02200 oracle=0.48566 rank=0.08624 value=0.46116 cand=2.46484 pairs=310.3
[train-progress] epoch=7 [################--------] 600/900  66.7% loss=0.94542 jepa=0.37217 hard=0.84385 hard_red=0.02201 oracle=0.48516 rank=0.08630 value=0.46232 cand=2.46180 pairs=311.0
[train-progress] epoch=7 [################--------] 625/900  69.4% loss=0.96895 jepa=0.37285 hard=0.84632 hard_red=0.02201 oracle=0.48486 rank=0.08622 value=0.46156 cand=2.46039 pairs=310.7
[train-progress] epoch=7 [#################-------] 650/900  72.2% loss=0.96869 jepa=0.37184 hard=0.84976 hard_red=0.02239 oracle=0.48534 rank=0.08632 value=0.46108 cand=2.46288 pairs=310.7
[train-progress] epoch=7 [##################------] 675/900  75.0% loss=0.99846 jepa=0.37249 hard=0.84837 hard_red=0.02308 oracle=0.48629 rank=0.08657 value=0.46068 cand=2.46770 pairs=310.5
[train-progress] epoch=7 [##################------] 700/900  77.8% loss=0.98624 jepa=0.37156 hard=0.85173 hard_red=0.02298 oracle=0.48555 rank=0.08639 value=0.46154 cand=2.46387 pairs=310.5
[train-progress] epoch=7 [###################-----] 725/900  80.6% loss=0.97995 jepa=0.37067 hard=0.85184 hard_red=0.02273 oracle=0.48510 rank=0.08638 value=0.46050 cand=2.46148 pairs=310.4
[train-progress] epoch=7 [####################----] 750/900  83.3% loss=0.97875 jepa=0.37027 hard=0.85123 hard_red=0.02284 oracle=0.48487 rank=0.08625 value=0.46125 cand=2.46038 pairs=310.4
[train-progress] epoch=7 [####################----] 775/900  86.1% loss=0.98220 jepa=0.36989 hard=0.84834 hard_red=0.02292 oracle=0.48572 rank=0.08642 value=0.45928 cand=2.46498 pairs=310.7
[train-progress] epoch=7 [#####################---] 800/900  88.9% loss=0.98521 jepa=0.37263 hard=0.84692 hard_red=0.02302 oracle=0.48587 rank=0.08619 value=0.45751 cand=2.46646 pairs=310.8
[train-progress] epoch=7 [######################--] 825/900  91.7% loss=0.98231 jepa=0.37227 hard=0.84442 hard_red=0.02350 oracle=0.48567 rank=0.08613 value=0.45523 cand=2.46578 pairs=311.0
[train-progress] epoch=7 [######################--] 850/900  94.4% loss=0.97148 jepa=0.37188 hard=0.84337 hard_red=0.02338 oracle=0.48586 rank=0.08632 value=0.45621 cand=2.46628 pairs=311.2
[train-progress] epoch=7 [#######################-] 875/900  97.2% loss=0.97663 jepa=0.37227 hard=0.84190 hard_red=0.02344 oracle=0.48545 rank=0.08619 value=0.45706 cand=2.46419 pairs=311.4
[train-progress] epoch=7 [########################] 900/900 100.0% loss=0.97268 jepa=0.37134 hard=0.83874 hard_red=0.02359 oracle=0.48541 rank=0.08603 value=0.45444 cand=2.46462 pairs=310.9
[train] epoch=7 horizon=4 train_loss=0.972684 val_loss=1.728281 train_steps=900
[train-progress] epoch=8 [------------------------] 1/900   0.1% loss=0.16692 jepa=0.32892 hard=0.43048 hard_red=0.02689 oracle=0.49568 rank=0.06288 value=0.59488 cand=2.55493 pairs=314.0
[train-progress] epoch=8 [------------------------] 25/900   2.8% loss=1.29989 jepa=0.40753 hard=0.71825 hard_red=0.03229 oracle=0.50099 rank=0.08741 value=0.50049 cand=2.54315 pairs=298.8
[train-progress] epoch=8 [#-----------------------] 50/900   5.6% loss=1.14999 jepa=0.39538 hard=0.75067 hard_red=0.03299 oracle=0.48964 rank=0.08576 value=0.44081 cand=2.49022 pairs=307.5
[train-progress] epoch=8 [##----------------------] 75/900   8.3% loss=1.00607 jepa=0.38658 hard=0.77077 hard_red=0.03062 oracle=0.48918 rank=0.08429 value=0.44158 cand=2.49067 pairs=308.1
[train-progress] epoch=8 [##----------------------] 100/900  11.1% loss=1.07353 jepa=0.40718 hard=0.77618 hard_red=0.02759 oracle=0.48631 rank=0.08327 value=0.44355 cand=2.47664 pairs=309.0
[train-progress] epoch=8 [###---------------------] 125/900  13.9% loss=1.09730 jepa=0.41745 hard=0.80022 hard_red=0.02602 oracle=0.48313 rank=0.08333 value=0.44333 cand=2.45890 pairs=306.9
[train-progress] epoch=8 [####--------------------] 150/900  16.7% loss=1.10790 jepa=0.41137 hard=0.78597 hard_red=0.02425 oracle=0.48460 rank=0.08212 value=0.44969 cand=2.46892 pairs=311.1
[train-progress] epoch=8 [####--------------------] 175/900  19.4% loss=1.04623 jepa=0.40458 hard=0.78972 hard_red=0.02407 oracle=0.48038 rank=0.08088 value=0.45294 cand=2.44770 pairs=310.6
[train-progress] epoch=8 [#####-------------------] 200/900  22.2% loss=1.01888 jepa=0.39959 hard=0.78535 hard_red=0.02437 oracle=0.48084 rank=0.08070 value=0.45385 cand=2.45053 pairs=311.2
[train-progress] epoch=8 [######------------------] 225/900  25.0% loss=1.03080 jepa=0.40618 hard=0.78560 hard_red=0.02452 oracle=0.48274 rank=0.08052 value=0.45450 cand=2.46142 pairs=309.5
[train-progress] epoch=8 [######------------------] 250/900  27.8% loss=1.02621 jepa=0.40940 hard=0.77585 hard_red=0.02291 oracle=0.48290 rank=0.08021 value=0.46014 cand=2.46230 pairs=310.0
[train-progress] epoch=8 [#######-----------------] 275/900  30.6% loss=1.00251 jepa=0.41135 hard=0.78153 hard_red=0.02299 oracle=0.48441 rank=0.08176 value=0.45529 cand=2.46798 pairs=309.8
[train-progress] epoch=8 [########----------------] 300/900  33.3% loss=1.00115 jepa=0.40972 hard=0.78522 hard_red=0.02277 oracle=0.48571 rank=0.08204 value=0.45241 cand=2.47494 pairs=309.0
[train-progress] epoch=8 [########----------------] 325/900  36.1% loss=1.07410 jepa=0.41118 hard=0.78559 hard_red=0.02270 oracle=0.48420 rank=0.08154 value=0.45244 cand=2.46761 pairs=309.2
[train-progress] epoch=8 [#########---------------] 350/900  38.9% loss=1.02176 jepa=0.40364 hard=0.79020 hard_red=0.02232 oracle=0.48456 rank=0.08119 value=0.44871 cand=2.47075 pairs=309.2
[train-progress] epoch=8 [##########--------------] 375/900  41.7% loss=0.99567 jepa=0.40108 hard=0.78851 hard_red=0.02243 oracle=0.48458 rank=0.08174 value=0.44681 cand=2.46988 pairs=309.8
[train-progress] epoch=8 [##########--------------] 400/900  44.4% loss=1.01479 jepa=0.39915 hard=0.78969 hard_red=0.02250 oracle=0.48455 rank=0.08190 value=0.44774 cand=2.46928 pairs=309.5
[train-progress] epoch=8 [###########-------------] 425/900  47.2% loss=0.99978 jepa=0.39701 hard=0.78844 hard_red=0.02213 oracle=0.48476 rank=0.08232 value=0.44761 cand=2.46959 pairs=309.2
[train-progress] epoch=8 [############------------] 450/900  50.0% loss=0.97996 jepa=0.39450 hard=0.80010 hard_red=0.02219 oracle=0.48357 rank=0.08187 value=0.44725 cand=2.46397 pairs=309.6
[train-progress] epoch=8 [############------------] 475/900  52.8% loss=0.98107 jepa=0.39311 hard=0.79781 hard_red=0.02227 oracle=0.48383 rank=0.08207 value=0.44281 cand=2.46547 pairs=309.9
[train-progress] epoch=8 [#############-----------] 500/900  55.6% loss=0.98100 jepa=0.39117 hard=0.80544 hard_red=0.02273 oracle=0.48259 rank=0.08183 value=0.44274 cand=2.45912 pairs=310.1
[train-progress] epoch=8 [##############----------] 525/900  58.3% loss=0.97985 jepa=0.39639 hard=0.80772 hard_red=0.02260 oracle=0.48163 rank=0.08182 value=0.44363 cand=2.45368 pairs=310.1
[train-progress] epoch=8 [##############----------] 550/900  61.1% loss=1.00682 jepa=0.39502 hard=0.80756 hard_red=0.02305 oracle=0.48184 rank=0.08174 value=0.44504 cand=2.45486 pairs=310.3
[train-progress] epoch=8 [###############---------] 575/900  63.9% loss=1.00921 jepa=0.39630 hard=0.80406 hard_red=0.02325 oracle=0.48136 rank=0.08203 value=0.44648 cand=2.45146 pairs=310.4
[train-progress] epoch=8 [################--------] 600/900  66.7% loss=1.04832 jepa=0.40439 hard=0.80037 hard_red=0.02313 oracle=0.48123 rank=0.08187 value=0.44294 cand=2.45147 pairs=309.7
[train-progress] epoch=8 [################--------] 625/900  69.4% loss=1.05392 jepa=0.40513 hard=0.80016 hard_red=0.02298 oracle=0.48105 rank=0.08146 value=0.44359 cand=2.45126 pairs=310.2
[train-progress] epoch=8 [#################-------] 650/900  72.2% loss=1.05995 jepa=0.40382 hard=0.80139 hard_red=0.02288 oracle=0.48136 rank=0.08171 value=0.44316 cand=2.45250 pairs=309.9
[train-progress] epoch=8 [##################------] 675/900  75.0% loss=1.07110 jepa=0.40229 hard=0.80364 hard_red=0.02296 oracle=0.48103 rank=0.08144 value=0.44171 cand=2.45139 pairs=310.4
[train-progress] epoch=8 [##################------] 700/900  77.8% loss=1.07490 jepa=0.40207 hard=0.79941 hard_red=0.02322 oracle=0.48110 rank=0.08150 value=0.44237 cand=2.45157 pairs=310.5
[train-progress] epoch=8 [###################-----] 725/900  80.6% loss=1.08020 jepa=0.40238 hard=0.80785 hard_red=0.02341 oracle=0.48150 rank=0.08160 value=0.44228 cand=2.45363 pairs=310.4
[train-progress] epoch=8 [####################----] 750/900  83.3% loss=1.06215 jepa=0.39987 hard=0.81044 hard_red=0.02386 oracle=0.48260 rank=0.08217 value=0.43942 cand=2.45883 pairs=309.8
[train-progress] epoch=8 [####################----] 775/900  86.1% loss=1.04850 jepa=0.39881 hard=0.81017 hard_red=0.02366 oracle=0.48254 rank=0.08185 value=0.43822 cand=2.45927 pairs=309.8
[train-progress] epoch=8 [#####################---] 800/900  88.9% loss=1.03944 jepa=0.39761 hard=0.81200 hard_red=0.02411 oracle=0.48276 rank=0.08182 value=0.43882 cand=2.46053 pairs=309.5
[train-progress] epoch=8 [######################--] 825/900  91.7% loss=1.03014 jepa=0.39726 hard=0.81070 hard_red=0.02405 oracle=0.48268 rank=0.08182 value=0.43870 cand=2.46009 pairs=309.6
[train-progress] epoch=8 [######################--] 850/900  94.4% loss=1.03787 jepa=0.39969 hard=0.80804 hard_red=0.02396 oracle=0.48209 rank=0.08157 value=0.43928 cand=2.45729 pairs=309.4
[train-progress] epoch=8 [#######################-] 875/900  97.2% loss=1.02922 jepa=0.39948 hard=0.80734 hard_red=0.02415 oracle=0.48203 rank=0.08182 value=0.44129 cand=2.45620 pairs=308.7
[train-progress] epoch=8 [########################] 900/900 100.0% loss=1.04499 jepa=0.40011 hard=0.81151 hard_red=0.02410 oracle=0.48238 rank=0.08187 value=0.44249 cand=2.45789 pairs=308.3
[train] epoch=8 horizon=5 train_loss=1.044990 val_loss=2.294935 train_steps=900
[train-progress] epoch=9 [------------------------] 1/900   0.1% loss=0.21720 jepa=0.35113 hard=1.06720 hard_red=0.03109 oracle=0.44313 rank=0.05742 value=0.38480 cand=2.29784 pairs=331.0
[train-progress] epoch=9 [------------------------] 25/900   2.8% loss=0.81984 jepa=0.37962 hard=0.83685 hard_red=0.03010 oracle=0.46822 rank=0.08087 value=0.45758 cand=2.37966 pairs=321.4
[train-progress] epoch=9 [#-----------------------] 50/900   5.6% loss=1.02710 jepa=0.40120 hard=0.77941 hard_red=0.02344 oracle=0.47008 rank=0.07905 value=0.45758 cand=2.39383 pairs=320.8
[train-progress] epoch=9 [##----------------------] 75/900   8.3% loss=0.98431 jepa=0.40527 hard=0.76118 hard_red=0.02094 oracle=0.47527 rank=0.07935 value=0.42626 cand=2.42549 pairs=318.0
[train-progress] epoch=9 [##----------------------] 100/900  11.1% loss=0.93769 jepa=0.39893 hard=0.76908 hard_red=0.02417 oracle=0.47623 rank=0.07895 value=0.44561 cand=2.42952 pairs=320.0
[train-progress] epoch=9 [###---------------------] 125/900  13.9% loss=0.90580 jepa=0.39959 hard=0.78090 hard_red=0.02675 oracle=0.47479 rank=0.08067 value=0.45948 cand=2.41636 pairs=317.4
[train-progress] epoch=9 [####--------------------] 150/900  16.7% loss=0.98556 jepa=0.39847 hard=0.77182 hard_red=0.02498 oracle=0.47651 rank=0.08043 value=0.45546 cand=2.42690 pairs=316.7
[train-progress] epoch=9 [####--------------------] 175/900  19.4% loss=1.13230 jepa=0.40199 hard=0.77957 hard_red=0.02666 oracle=0.47521 rank=0.08041 value=0.46120 cand=2.41907 pairs=319.6
[train-progress] epoch=9 [#####-------------------] 200/900  22.2% loss=1.17789 jepa=0.41772 hard=0.78747 hard_red=0.02731 oracle=0.47897 rank=0.08012 value=0.45102 cand=2.44171 pairs=313.4
[train-progress] epoch=9 [######------------------] 225/900  25.0% loss=1.13352 jepa=0.41411 hard=0.78958 hard_red=0.02668 oracle=0.47716 rank=0.07931 value=0.44894 cand=2.43355 pairs=313.4
[train-progress] epoch=9 [######------------------] 250/900  27.8% loss=1.10236 jepa=0.40999 hard=0.79386 hard_red=0.02605 oracle=0.47519 rank=0.07901 value=0.44592 cand=2.42359 pairs=312.4
[train-progress] epoch=9 [#######-----------------] 275/900  30.6% loss=1.17421 jepa=0.42962 hard=0.80808 hard_red=0.02777 oracle=0.47637 rank=0.07912 value=0.44441 cand=2.43008 pairs=311.6
[train-progress] epoch=9 [########----------------] 300/900  33.3% loss=1.12807 jepa=0.42568 hard=0.80404 hard_red=0.02827 oracle=0.47719 rank=0.07908 value=0.43792 cand=2.43542 pairs=309.5
[train-progress] epoch=9 [########----------------] 325/900  36.1% loss=1.14516 jepa=0.42918 hard=0.79825 hard_red=0.02836 oracle=0.47723 rank=0.07867 value=0.43678 cand=2.43664 pairs=309.8
[train-progress] epoch=9 [#########---------------] 350/900  38.9% loss=1.13381 jepa=0.42575 hard=0.80909 hard_red=0.02790 oracle=0.47701 rank=0.07832 value=0.43846 cand=2.43599 pairs=309.6
[train-progress] epoch=9 [##########--------------] 375/900  41.7% loss=1.11944 jepa=0.42294 hard=0.80376 hard_red=0.02742 oracle=0.47679 rank=0.07802 value=0.43734 cand=2.43555 pairs=309.4
[train-progress] epoch=9 [##########--------------] 400/900  44.4% loss=1.11067 jepa=0.42268 hard=0.80320 hard_red=0.02748 oracle=0.47810 rank=0.07873 value=0.43298 cand=2.44181 pairs=309.1
[train-progress] epoch=9 [###########-------------] 425/900  47.2% loss=1.15878 jepa=0.42095 hard=0.80482 hard_red=0.02826 oracle=0.47747 rank=0.07864 value=0.43148 cand=2.43868 pairs=309.5
[train-progress] epoch=9 [############------------] 450/900  50.0% loss=1.15495 jepa=0.41780 hard=0.80424 hard_red=0.02889 oracle=0.47880 rank=0.07928 value=0.42916 cand=2.44497 pairs=309.3
[train-progress] epoch=9 [############------------] 475/900  52.8% loss=1.16430 jepa=0.41755 hard=0.79890 hard_red=0.02839 oracle=0.47843 rank=0.07909 value=0.42800 cand=2.44340 pairs=309.2
[train-progress] epoch=9 [#############-----------] 500/900  55.6% loss=1.18070 jepa=0.41881 hard=0.80004 hard_red=0.02847 oracle=0.47791 rank=0.07908 value=0.42977 cand=2.44036 pairs=309.9
[train-progress] epoch=9 [##############----------] 525/900  58.3% loss=1.23676 jepa=0.41937 hard=0.80055 hard_red=0.02797 oracle=0.47769 rank=0.07834 value=0.43001 cand=2.44065 pairs=310.2
[train-progress] epoch=9 [##############----------] 550/900  61.1% loss=1.20987 jepa=0.42029 hard=0.80263 hard_red=0.02781 oracle=0.47658 rank=0.07817 value=0.42997 cand=2.43487 pairs=309.9
[train-progress] epoch=9 [###############---------] 575/900  63.9% loss=1.23077 jepa=0.41931 hard=0.79852 hard_red=0.02785 oracle=0.47595 rank=0.07815 value=0.43168 cand=2.43122 pairs=309.7
[train-progress] epoch=9 [################--------] 600/900  66.7% loss=1.26182 jepa=0.41757 hard=0.79513 hard_red=0.02788 oracle=0.47687 rank=0.07792 value=0.43047 cand=2.43694 pairs=309.6
[train-progress] epoch=9 [################--------] 625/900  69.4% loss=1.24935 jepa=0.41575 hard=0.79373 hard_red=0.02791 oracle=0.47743 rank=0.07774 value=0.43253 cand=2.44021 pairs=309.6
[train-progress] epoch=9 [#################-------] 650/900  72.2% loss=1.23680 jepa=0.41360 hard=0.79311 hard_red=0.02776 oracle=0.47767 rank=0.07793 value=0.43322 cand=2.44109 pairs=308.4
[train-progress] epoch=9 [##################------] 675/900  75.0% loss=1.23567 jepa=0.41477 hard=0.79688 hard_red=0.02794 oracle=0.47793 rank=0.07803 value=0.43369 cand=2.44225 pairs=308.6
[train-progress] epoch=9 [##################------] 700/900  77.8% loss=1.25145 jepa=0.41488 hard=0.79594 hard_red=0.02800 oracle=0.47831 rank=0.07817 value=0.43193 cand=2.44423 pairs=308.4
[train-progress] epoch=9 [###################-----] 725/900  80.6% loss=1.27117 jepa=0.41606 hard=0.79853 hard_red=0.02788 oracle=0.47837 rank=0.07807 value=0.43312 cand=2.44466 pairs=309.0
[train-progress] epoch=9 [####################----] 750/900  83.3% loss=1.25285 jepa=0.41467 hard=0.79629 hard_red=0.02790 oracle=0.47792 rank=0.07783 value=0.43453 cand=2.44253 pairs=309.0
[train-progress] epoch=9 [####################----] 775/900  86.1% loss=1.24219 jepa=0.41594 hard=0.79324 hard_red=0.02762 oracle=0.47727 rank=0.07783 value=0.43696 cand=2.43865 pairs=309.2
[train-progress] epoch=9 [#####################---] 800/900  88.9% loss=1.23983 jepa=0.41575 hard=0.79362 hard_red=0.02765 oracle=0.47728 rank=0.07777 value=0.43649 cand=2.43889 pairs=309.1
[train-progress] epoch=9 [######################--] 825/900  91.7% loss=1.23862 jepa=0.41743 hard=0.79047 hard_red=0.02745 oracle=0.47719 rank=0.07782 value=0.43521 cand=2.43839 pairs=308.8
[train-progress] epoch=9 [######################--] 850/900  94.4% loss=1.22128 jepa=0.41746 hard=0.78882 hard_red=0.02720 oracle=0.47684 rank=0.07768 value=0.43480 cand=2.43678 pairs=308.8
[train-progress] epoch=9 [#######################-] 875/900  97.2% loss=1.22816 jepa=0.41751 hard=0.79131 hard_red=0.02742 oracle=0.47629 rank=0.07755 value=0.43558 cand=2.43396 pairs=309.3
[train-progress] epoch=9 [########################] 900/900 100.0% loss=1.21615 jepa=0.41697 hard=0.79461 hard_red=0.02742 oracle=0.47622 rank=0.07763 value=0.43623 cand=2.43332 pairs=308.9
[train] epoch=9 horizon=5 train_loss=1.216154 val_loss=2.079680 train_steps=900
[train-progress] epoch=10 [------------------------] 1/900   0.1% loss=0.30270 jepa=0.31341 hard=1.09034 hard_red=0.08112 oracle=0.38318 rank=0.07376 value=0.54104 cand=1.91297 pairs=351.0
[train-progress] epoch=10 [------------------------] 25/900   2.8% loss=2.18807 jepa=0.42363 hard=0.78102 hard_red=0.02204 oracle=0.45962 rank=0.07343 value=0.58353 cand=2.33359 pairs=334.1
[train-progress] epoch=10 [#-----------------------] 50/900   5.6% loss=1.50894 jepa=0.41447 hard=0.82161 hard_red=0.02695 oracle=0.48482 rank=0.07884 value=0.47940 cand=2.47372 pairs=311.5
[train-progress] epoch=10 [##----------------------] 75/900   8.3% loss=1.42922 jepa=0.42501 hard=0.80584 hard_red=0.02804 oracle=0.47902 rank=0.07871 value=0.47371 cand=2.44241 pairs=307.5
[train-progress] epoch=10 [##----------------------] 100/900  11.1% loss=1.35880 jepa=0.42996 hard=0.80170 hard_red=0.02637 oracle=0.47556 rank=0.07922 value=0.46867 cand=2.42268 pairs=310.8
[train-progress] epoch=10 [###---------------------] 125/900  13.9% loss=1.42110 jepa=0.42164 hard=0.80457 hard_red=0.02655 oracle=0.47548 rank=0.07954 value=0.46408 cand=2.42210 pairs=310.9
[train-progress] epoch=10 [####--------------------] 150/900  16.7% loss=1.31475 jepa=0.43526 hard=0.79646 hard_red=0.02487 oracle=0.47473 rank=0.07967 value=0.46109 cand=2.41795 pairs=313.6
[train-progress] epoch=10 [####--------------------] 175/900  19.4% loss=1.47466 jepa=0.44098 hard=0.77929 hard_red=0.02456 oracle=0.47367 rank=0.07866 value=0.45705 cand=2.41466 pairs=314.4
[train-progress] epoch=10 [#####-------------------] 200/900  22.2% loss=1.40671 jepa=0.43486 hard=0.78590 hard_red=0.02434 oracle=0.47568 rank=0.07804 value=0.44952 cand=2.42797 pairs=311.9
[train-progress] epoch=10 [######------------------] 225/900  25.0% loss=1.35763 jepa=0.42685 hard=0.77714 hard_red=0.02338 oracle=0.47544 rank=0.07748 value=0.44416 cand=2.42842 pairs=311.9
[train-progress] epoch=10 [######------------------] 250/900  27.8% loss=1.29859 jepa=0.42328 hard=0.76138 hard_red=0.02400 oracle=0.47562 rank=0.07774 value=0.44387 cand=2.42891 pairs=313.0
[train-progress] epoch=10 [#######-----------------] 275/900  30.6% loss=1.25408 jepa=0.41867 hard=0.76178 hard_red=0.02436 oracle=0.47644 rank=0.07694 value=0.43917 cand=2.43565 pairs=311.8
[train-progress] epoch=10 [########----------------] 300/900  33.3% loss=1.27129 jepa=0.41881 hard=0.76372 hard_red=0.02376 oracle=0.47672 rank=0.07709 value=0.43549 cand=2.43729 pairs=311.7
[train-progress] epoch=10 [########----------------] 325/900  36.1% loss=1.24031 jepa=0.41692 hard=0.76213 hard_red=0.02466 oracle=0.47615 rank=0.07732 value=0.43293 cand=2.43392 pairs=311.8
[train-progress] epoch=10 [#########---------------] 350/900  38.9% loss=1.19560 jepa=0.41560 hard=0.76743 hard_red=0.02451 oracle=0.47594 rank=0.07746 value=0.43223 cand=2.43255 pairs=310.2
[train-progress] epoch=10 [##########--------------] 375/900  41.7% loss=1.17528 jepa=0.41525 hard=0.77003 hard_red=0.02469 oracle=0.47712 rank=0.07735 value=0.42877 cand=2.43975 pairs=308.8
[train-progress] epoch=10 [##########--------------] 400/900  44.4% loss=1.18062 jepa=0.41656 hard=0.76566 hard_red=0.02486 oracle=0.47657 rank=0.07676 value=0.43010 cand=2.43775 pairs=309.5
[train-progress] epoch=10 [###########-------------] 425/900  47.2% loss=1.20960 jepa=0.41950 hard=0.76189 hard_red=0.02503 oracle=0.47718 rank=0.07696 value=0.43020 cand=2.44074 pairs=309.9
[train-progress] epoch=10 [############------------] 450/900  50.0% loss=1.24777 jepa=0.42224 hard=0.75943 hard_red=0.02548 oracle=0.47762 rank=0.07627 value=0.43139 cand=2.44452 pairs=310.3
[train-progress] epoch=10 [############------------] 475/900  52.8% loss=1.21036 jepa=0.42011 hard=0.76083 hard_red=0.02580 oracle=0.47869 rank=0.07708 value=0.42917 cand=2.44899 pairs=310.2
[train-progress] epoch=10 [#############-----------] 500/900  55.6% loss=1.18046 jepa=0.41796 hard=0.76219 hard_red=0.02625 oracle=0.47825 rank=0.07730 value=0.42871 cand=2.44614 pairs=308.9
[train-progress] epoch=10 [##############----------] 525/900  58.3% loss=1.19894 jepa=0.41680 hard=0.76421 hard_red=0.02686 oracle=0.47845 rank=0.07723 value=0.42802 cand=2.44743 pairs=309.1
[train-progress] epoch=10 [##############----------] 550/900  61.1% loss=1.17196 jepa=0.41517 hard=0.76873 hard_red=0.02771 oracle=0.47801 rank=0.07710 value=0.42901 cand=2.44517 pairs=308.7
[train-progress] epoch=10 [###############---------] 575/900  63.9% loss=1.17019 jepa=0.41366 hard=0.77421 hard_red=0.02729 oracle=0.47795 rank=0.07691 value=0.43076 cand=2.44508 pairs=309.0
[train-progress] epoch=10 [################--------] 600/900  66.7% loss=1.17877 jepa=0.41550 hard=0.77120 hard_red=0.02727 oracle=0.47873 rank=0.07707 value=0.42902 cand=2.44923 pairs=309.4
[train-progress] epoch=10 [################--------] 625/900  69.4% loss=1.17930 jepa=0.41448 hard=0.77066 hard_red=0.02722 oracle=0.47867 rank=0.07697 value=0.43076 cand=2.44894 pairs=309.9
[train-progress] epoch=10 [#################-------] 650/900  72.2% loss=1.17752 jepa=0.41294 hard=0.77022 hard_red=0.02724 oracle=0.47898 rank=0.07694 value=0.43038 cand=2.45075 pairs=309.9
[train-progress] epoch=10 [##################------] 675/900  75.0% loss=1.14649 jepa=0.41063 hard=0.77017 hard_red=0.02673 oracle=0.47944 rank=0.07687 value=0.42830 cand=2.45369 pairs=309.6
[train-progress] epoch=10 [##################------] 700/900  77.8% loss=1.19386 jepa=0.41424 hard=0.76915 hard_red=0.02687 oracle=0.47928 rank=0.07648 value=0.42897 cand=2.45353 pairs=309.2
[train-progress] epoch=10 [###################-----] 725/900  80.6% loss=1.18057 jepa=0.41230 hard=0.77231 hard_red=0.02661 oracle=0.47861 rank=0.07625 value=0.42715 cand=2.45051 pairs=309.0
[train-progress] epoch=10 [####################----] 750/900  83.3% loss=1.16739 jepa=0.41063 hard=0.77364 hard_red=0.02641 oracle=0.47805 rank=0.07620 value=0.42675 cand=2.44757 pairs=308.9
[train-progress] epoch=10 [####################----] 775/900  86.1% loss=1.19262 jepa=0.41633 hard=0.77088 hard_red=0.02625 oracle=0.47678 rank=0.07609 value=0.42914 cand=2.44044 pairs=309.3
[train-progress] epoch=10 [#####################---] 800/900  88.9% loss=1.18241 jepa=0.41734 hard=0.77128 hard_red=0.02635 oracle=0.47615 rank=0.07592 value=0.42940 cand=2.43727 pairs=309.5
[train-progress] epoch=10 [######################--] 825/900  91.7% loss=1.16638 jepa=0.41805 hard=0.77284 hard_red=0.02675 oracle=0.47626 rank=0.07582 value=0.42799 cand=2.43828 pairs=308.9
[train-progress] epoch=10 [######################--] 850/900  94.4% loss=1.15167 jepa=0.41775 hard=0.77230 hard_red=0.02685 oracle=0.47631 rank=0.07567 value=0.42873 cand=2.43877 pairs=308.9
[train-progress] epoch=10 [#######################-] 875/900  97.2% loss=1.13419 jepa=0.41581 hard=0.77184 hard_red=0.02647 oracle=0.47587 rank=0.07557 value=0.42789 cand=2.43665 pairs=309.1
[train-progress] epoch=10 [########################] 900/900 100.0% loss=1.14653 jepa=0.41522 hard=0.77408 hard_red=0.02624 oracle=0.47516 rank=0.07538 value=0.42907 cand=2.43294 pairs=309.4
[train] epoch=10 horizon=5 train_loss=1.146526 val_loss=2.303508 train_steps=900
[train-progress] epoch=11 [------------------------] 1/900   0.1% loss=0.13934 jepa=0.35788 hard=0.56993 hard_red=0.00059 oracle=0.48879 rank=0.14187 value=0.49523 cand=2.36099 pairs=286.0
[train-progress] epoch=11 [------------------------] 25/900   2.8% loss=1.46529 jepa=0.48447 hard=0.73159 hard_red=0.01941 oracle=0.47193 rank=0.07651 value=0.42349 cand=2.41326 pairs=308.3
[train-progress] epoch=11 [#-----------------------] 50/900   5.6% loss=1.00918 jepa=0.43562 hard=0.71798 hard_red=0.01505 oracle=0.47733 rank=0.07501 value=0.42549 cand=2.44622 pairs=309.0
[train-progress] epoch=11 [##----------------------] 75/900   8.3% loss=1.03823 jepa=0.42781 hard=0.72589 hard_red=0.01859 oracle=0.47999 rank=0.07468 value=0.42004 cand=2.46228 pairs=311.5
[train-progress] epoch=11 [##----------------------] 100/900  11.1% loss=0.87396 jepa=0.41341 hard=0.76536 hard_red=0.01828 oracle=0.47389 rank=0.07582 value=0.42082 cand=2.42590 pairs=314.8
[train-progress] epoch=11 [###---------------------] 125/900  13.9% loss=0.91102 jepa=0.41836 hard=0.77697 hard_red=0.01942 oracle=0.46867 rank=0.07430 value=0.42870 cand=2.39925 pairs=312.9
[train-progress] epoch=11 [####--------------------] 150/900  16.7% loss=0.82576 jepa=0.40721 hard=0.77602 hard_red=0.01832 oracle=0.47075 rank=0.07443 value=0.42981 cand=2.41037 pairs=312.9
[train-progress] epoch=11 [####--------------------] 175/900  19.4% loss=0.82346 jepa=0.40259 hard=0.78481 hard_red=0.01837 oracle=0.47035 rank=0.07470 value=0.43243 cand=2.40732 pairs=315.7
[train-progress] epoch=11 [#####-------------------] 200/900  22.2% loss=0.87267 jepa=0.41126 hard=0.78355 hard_red=0.02025 oracle=0.47068 rank=0.07496 value=0.42972 cand=2.40891 pairs=315.4
[train-progress] epoch=11 [######------------------] 225/900  25.0% loss=0.92554 jepa=0.41572 hard=0.79970 hard_red=0.02400 oracle=0.47111 rank=0.07423 value=0.42956 cand=2.41280 pairs=312.8
[train-progress] epoch=11 [######------------------] 250/900  27.8% loss=0.92956 jepa=0.42383 hard=0.80637 hard_red=0.02508 oracle=0.47111 rank=0.07489 value=0.42952 cand=2.41143 pairs=311.6
[train-progress] epoch=11 [#######-----------------] 275/900  30.6% loss=0.94821 jepa=0.42411 hard=0.79676 hard_red=0.02423 oracle=0.47114 rank=0.07491 value=0.42514 cand=2.41207 pairs=310.9
[train-progress] epoch=11 [########----------------] 300/900  33.3% loss=0.93342 jepa=0.41997 hard=0.79529 hard_red=0.02342 oracle=0.47146 rank=0.07496 value=0.42304 cand=2.41394 pairs=310.6
[train-progress] epoch=11 [########----------------] 325/900  36.1% loss=0.95045 jepa=0.42086 hard=0.78781 hard_red=0.02334 oracle=0.47297 rank=0.07508 value=0.41990 cand=2.42245 pairs=310.1
[train-progress] epoch=11 [#########---------------] 350/900  38.9% loss=0.95126 jepa=0.42363 hard=0.78568 hard_red=0.02399 oracle=0.47379 rank=0.07520 value=0.41765 cand=2.42700 pairs=308.6
[train-progress] epoch=11 [##########--------------] 375/900  41.7% loss=1.00934 jepa=0.42906 hard=0.78246 hard_red=0.02446 oracle=0.47420 rank=0.07560 value=0.41526 cand=2.42873 pairs=308.4
[train-progress] epoch=11 [##########--------------] 400/900  44.4% loss=1.01536 jepa=0.42925 hard=0.78704 hard_red=0.02433 oracle=0.47300 rank=0.07501 value=0.41705 cand=2.42310 pairs=307.7
[train-progress] epoch=11 [###########-------------] 425/900  47.2% loss=1.05787 jepa=0.43488 hard=0.78356 hard_red=0.02489 oracle=0.47102 rank=0.07451 value=0.42076 cand=2.41272 pairs=308.3
[train-progress] epoch=11 [############------------] 450/900  50.0% loss=1.04370 jepa=0.43658 hard=0.78488 hard_red=0.02506 oracle=0.47136 rank=0.07472 value=0.42398 cand=2.41382 pairs=308.4
[train-progress] epoch=11 [############------------] 475/900  52.8% loss=1.03264 jepa=0.43603 hard=0.78499 hard_red=0.02484 oracle=0.47064 rank=0.07447 value=0.42494 cand=2.41023 pairs=308.0
[train-progress] epoch=11 [#############-----------] 500/900  55.6% loss=1.04929 jepa=0.43562 hard=0.78222 hard_red=0.02551 oracle=0.47076 rank=0.07472 value=0.42388 cand=2.41050 pairs=308.2
[train-progress] epoch=11 [##############----------] 525/900  58.3% loss=1.05113 jepa=0.43380 hard=0.78400 hard_red=0.02536 oracle=0.47089 rank=0.07472 value=0.42452 cand=2.41112 pairs=308.5
[train-progress] epoch=11 [##############----------] 550/900  61.1% loss=1.04822 jepa=0.43172 hard=0.78439 hard_red=0.02546 oracle=0.47101 rank=0.07453 value=0.42377 cand=2.41227 pairs=307.9
[train-progress] epoch=11 [###############---------] 575/900  63.9% loss=1.05214 jepa=0.43161 hard=0.78461 hard_red=0.02555 oracle=0.47108 rank=0.07446 value=0.42810 cand=2.41235 pairs=308.1
[train-progress] epoch=11 [################--------] 600/900  66.7% loss=1.05409 jepa=0.43569 hard=0.78569 hard_red=0.02619 oracle=0.47114 rank=0.07482 value=0.42661 cand=2.41207 pairs=308.2
[train-progress] epoch=11 [################--------] 625/900  69.4% loss=1.06645 jepa=0.43415 hard=0.78028 hard_red=0.02610 oracle=0.47013 rank=0.07454 value=0.42769 cand=2.40693 pairs=308.4
[train-progress] epoch=11 [#################-------] 650/900  72.2% loss=1.06350 jepa=0.43190 hard=0.78344 hard_red=0.02611 oracle=0.46989 rank=0.07432 value=0.42611 cand=2.40627 pairs=308.9
[train-progress] epoch=11 [##################------] 675/900  75.0% loss=1.05974 jepa=0.43159 hard=0.77842 hard_red=0.02571 oracle=0.46982 rank=0.07415 value=0.42706 cand=2.40615 pairs=308.7
[train-progress] epoch=11 [##################------] 700/900  77.8% loss=1.06869 jepa=0.43140 hard=0.77525 hard_red=0.02540 oracle=0.46988 rank=0.07385 value=0.42611 cand=2.40720 pairs=308.6
[train-progress] epoch=11 [###################-----] 725/900  80.6% loss=1.06897 jepa=0.43239 hard=0.77234 hard_red=0.02536 oracle=0.47013 rank=0.07386 value=0.42514 cand=2.40865 pairs=308.6
[train-progress] epoch=11 [####################----] 750/900  83.3% loss=1.07682 jepa=0.43217 hard=0.77155 hard_red=0.02555 oracle=0.47008 rank=0.07381 value=0.42534 cand=2.40848 pairs=308.3
[train-progress] epoch=11 [####################----] 775/900  86.1% loss=1.07258 jepa=0.43109 hard=0.77187 hard_red=0.02525 oracle=0.47057 rank=0.07391 value=0.42510 cand=2.41102 pairs=308.2
[train-progress] epoch=11 [#####################---] 800/900  88.9% loss=1.07146 jepa=0.42952 hard=0.77189 hard_red=0.02520 oracle=0.46990 rank=0.07374 value=0.42515 cand=2.40764 pairs=308.7
[train-progress] epoch=11 [######################--] 825/900  91.7% loss=1.07155 jepa=0.43003 hard=0.77240 hard_red=0.02495 oracle=0.47048 rank=0.07387 value=0.42421 cand=2.41069 pairs=309.0
[train-progress] epoch=11 [######################--] 850/900  94.4% loss=1.06420 jepa=0.42925 hard=0.77162 hard_red=0.02500 oracle=0.47059 rank=0.07402 value=0.42307 cand=2.41109 pairs=308.7
[train-progress] epoch=11 [#######################-] 875/900  97.2% loss=1.06907 jepa=0.43101 hard=0.77570 hard_red=0.02505 oracle=0.47072 rank=0.07380 value=0.42453 cand=2.41214 pairs=308.6
[train-progress] epoch=11 [########################] 900/900 100.0% loss=1.05669 jepa=0.43089 hard=0.77933 hard_red=0.02486 oracle=0.47044 rank=0.07409 value=0.42368 cand=2.41006 pairs=308.6
[train] epoch=11 horizon=5 train_loss=1.056691 val_loss=2.562505 train_steps=900
[train-progress] epoch=12 [------------------------] 1/900   0.1% loss=0.42955 jepa=0.34677 hard=1.18343 hard_red=0.00538 oracle=0.52564 rank=0.09718 value=0.24507 cand=2.68781 pairs=421.0
[train-progress] epoch=12 [------------------------] 25/900   2.8% loss=0.85800 jepa=0.39124 hard=0.76644 hard_red=0.01333 oracle=0.46365 rank=0.07293 value=0.43863 cand=2.37314 pairs=322.0
[train-progress] epoch=12 [#-----------------------] 50/900   5.6% loss=0.84780 jepa=0.41247 hard=0.79620 hard_red=0.01854 oracle=0.47142 rank=0.07362 value=0.42344 cand=2.41654 pairs=308.3
[train-progress] epoch=12 [##----------------------] 75/900   8.3% loss=0.78892 jepa=0.40134 hard=0.73128 hard_red=0.01801 oracle=0.47270 rank=0.07516 value=0.41515 cand=2.42131 pairs=307.7
[train-progress] epoch=12 [##----------------------] 100/900  11.1% loss=0.82727 jepa=0.39514 hard=0.76129 hard_red=0.02244 oracle=0.47371 rank=0.07515 value=0.41596 cand=2.42684 pairs=309.1
[train-progress] epoch=12 [###---------------------] 125/900  13.9% loss=0.96944 jepa=0.42229 hard=0.76704 hard_red=0.02356 oracle=0.47446 rank=0.07398 value=0.40845 cand=2.43430 pairs=308.1
[train-progress] epoch=12 [####--------------------] 150/900  16.7% loss=0.95123 jepa=0.41651 hard=0.77254 hard_red=0.02469 oracle=0.46834 rank=0.07319 value=0.40948 cand=2.40189 pairs=309.5
[train-progress] epoch=12 [####--------------------] 175/900  19.4% loss=0.93231 jepa=0.42071 hard=0.78590 hard_red=0.02392 oracle=0.47043 rank=0.07281 value=0.39780 cand=2.41561 pairs=309.3
[train-progress] epoch=12 [#####-------------------] 200/900  22.2% loss=1.07790 jepa=0.45159 hard=0.79301 hard_red=0.02533 oracle=0.46956 rank=0.07239 value=0.39793 cand=2.41162 pairs=309.3
[train-progress] epoch=12 [######------------------] 225/900  25.0% loss=1.08655 jepa=0.45955 hard=0.79298 hard_red=0.02603 oracle=0.47133 rank=0.07228 value=0.40219 cand=2.42122 pairs=310.2
[train-progress] epoch=12 [######------------------] 250/900  27.8% loss=1.07136 jepa=0.45615 hard=0.77482 hard_red=0.02504 oracle=0.47137 rank=0.07237 value=0.39739 cand=2.42179 pairs=311.1
[train-progress] epoch=12 [#######-----------------] 275/900  30.6% loss=1.17555 jepa=0.46766 hard=0.78580 hard_red=0.02746 oracle=0.47058 rank=0.07247 value=0.39855 cand=2.41704 pairs=313.6
[train-progress] epoch=12 [########----------------] 300/900  33.3% loss=1.17266 jepa=0.46666 hard=0.79667 hard_red=0.02782 oracle=0.47182 rank=0.07321 value=0.40478 cand=2.42169 pairs=312.2
[train-progress] epoch=12 [########----------------] 325/900  36.1% loss=1.16647 jepa=0.46310 hard=0.79688 hard_red=0.02804 oracle=0.47294 rank=0.07321 value=0.40587 cand=2.42780 pairs=313.1
[train-progress] epoch=12 [#########---------------] 350/900  38.9% loss=1.16659 jepa=0.46571 hard=0.79397 hard_red=0.02803 oracle=0.47349 rank=0.07342 value=0.40716 cand=2.43025 pairs=313.2
[train-progress] epoch=12 [##########--------------] 375/900  41.7% loss=1.15727 jepa=0.46762 hard=0.79445 hard_red=0.02744 oracle=0.47311 rank=0.07343 value=0.40916 cand=2.42789 pairs=312.8
[train-progress] epoch=12 [##########--------------] 400/900  44.4% loss=1.11441 jepa=0.46257 hard=0.78814 hard_red=0.02676 oracle=0.47366 rank=0.07321 value=0.40976 cand=2.43134 pairs=312.5
[train-progress] epoch=12 [###########-------------] 425/900  47.2% loss=1.09999 jepa=0.45657 hard=0.79109 hard_red=0.02647 oracle=0.47454 rank=0.07339 value=0.40898 cand=2.43597 pairs=312.5
[train-progress] epoch=12 [############------------] 450/900  50.0% loss=1.07934 jepa=0.45622 hard=0.78749 hard_red=0.02609 oracle=0.47442 rank=0.07338 value=0.40550 cand=2.43573 pairs=312.6
[train-progress] epoch=12 [############------------] 475/900  52.8% loss=1.06530 jepa=0.45269 hard=0.78970 hard_red=0.02648 oracle=0.47302 rank=0.07318 value=0.40677 cand=2.42819 pairs=314.0
[train-progress] epoch=12 [#############-----------] 500/900  55.6% loss=1.08540 jepa=0.46165 hard=0.78525 hard_red=0.02583 oracle=0.47365 rank=0.07302 value=0.40342 cand=2.43242 pairs=313.2
[train-progress] epoch=12 [##############----------] 525/900  58.3% loss=1.09622 jepa=0.46017 hard=0.78334 hard_red=0.02604 oracle=0.47405 rank=0.07347 value=0.40311 cand=2.43371 pairs=313.4
[train-progress] epoch=12 [##############----------] 550/900  61.1% loss=1.06903 jepa=0.45620 hard=0.78072 hard_red=0.02543 oracle=0.47387 rank=0.07314 value=0.40253 cand=2.43348 pairs=313.8
[train-progress] epoch=12 [###############---------] 575/900  63.9% loss=1.06550 jepa=0.45732 hard=0.78186 hard_red=0.02506 oracle=0.47384 rank=0.07328 value=0.40247 cand=2.43299 pairs=313.4
[train-progress] epoch=12 [################--------] 600/900  66.7% loss=1.05376 jepa=0.45451 hard=0.78119 hard_red=0.02500 oracle=0.47431 rank=0.07324 value=0.39991 cand=2.43601 pairs=312.9
[train-progress] epoch=12 [################--------] 625/900  69.4% loss=1.03939 jepa=0.45282 hard=0.78384 hard_red=0.02507 oracle=0.47473 rank=0.07343 value=0.39942 cand=2.43802 pairs=312.6
[train-progress] epoch=12 [#################-------] 650/900  72.2% loss=1.02262 jepa=0.45082 hard=0.78611 hard_red=0.02496 oracle=0.47395 rank=0.07330 value=0.39884 cand=2.43398 pairs=313.3
[train-progress] epoch=12 [##################------] 675/900  75.0% loss=1.05296 jepa=0.45249 hard=0.78546 hard_red=0.02510 oracle=0.47367 rank=0.07316 value=0.39807 cand=2.43282 pairs=314.1
[train-progress] epoch=12 [##################------] 700/900  77.8% loss=1.05475 jepa=0.45599 hard=0.78464 hard_red=0.02548 oracle=0.47375 rank=0.07325 value=0.39846 cand=2.43301 pairs=313.8
[train-progress] epoch=12 [###################-----] 725/900  80.6% loss=1.06824 jepa=0.46019 hard=0.78465 hard_red=0.02569 oracle=0.47447 rank=0.07316 value=0.39663 cand=2.43741 pairs=313.3
[train-progress] epoch=12 [####################----] 750/900  83.3% loss=1.07735 jepa=0.45932 hard=0.78538 hard_red=0.02603 oracle=0.47397 rank=0.07314 value=0.39846 cand=2.43446 pairs=313.6
[train-progress] epoch=12 [####################----] 775/900  86.1% loss=1.10233 jepa=0.46076 hard=0.78693 hard_red=0.02608 oracle=0.47364 rank=0.07331 value=0.39827 cand=2.43234 pairs=313.1
[train-progress] epoch=12 [#####################---] 800/900  88.9% loss=1.09210 jepa=0.46106 hard=0.79006 hard_red=0.02599 oracle=0.47334 rank=0.07337 value=0.39807 cand=2.43056 pairs=313.1
[train-progress] epoch=12 [######################--] 825/900  91.7% loss=1.08621 jepa=0.46010 hard=0.79086 hard_red=0.02608 oracle=0.47364 rank=0.07356 value=0.39717 cand=2.43194 pairs=313.1
[train-progress] epoch=12 [######################--] 850/900  94.4% loss=1.07154 jepa=0.45873 hard=0.78992 hard_red=0.02568 oracle=0.47307 rank=0.07339 value=0.39862 cand=2.42894 pairs=313.0
[train-progress] epoch=12 [#######################-] 875/900  97.2% loss=1.06247 jepa=0.45720 hard=0.79028 hard_red=0.02558 oracle=0.47236 rank=0.07330 value=0.39904 cand=2.42515 pairs=312.7
[train-progress] epoch=12 [########################] 900/900 100.0% loss=1.05748 jepa=0.45532 hard=0.78887 hard_red=0.02537 oracle=0.47256 rank=0.07302 value=0.39794 cand=2.42696 pairs=312.1
[train] epoch=12 horizon=5 train_loss=1.057480 val_loss=2.332687 train_steps=900
[train-progress] epoch=13 [------------------------] 1/900   0.1% loss=0.16104 jepa=0.31394 hard=0.80815 hard_red=0.03111 oracle=0.52548 rank=0.08084 value=0.30808 cand=2.71443 pairs=297.0
[train-progress] epoch=13 [------------------------] 25/900   2.8% loss=0.74377 jepa=0.37539 hard=0.86097 hard_red=0.02354 oracle=0.47554 rank=0.07798 value=0.39457 cand=2.43343 pairs=307.5
[train-progress] epoch=13 [#-----------------------] 50/900   5.6% loss=0.92000 jepa=0.40055 hard=0.69663 hard_red=0.01778 oracle=0.48440 rank=0.07581 value=0.37891 cand=2.48898 pairs=300.4
[train-progress] epoch=13 [##----------------------] 75/900   8.3% loss=1.14095 jepa=0.39801 hard=0.69394 hard_red=0.01955 oracle=0.48491 rank=0.07406 value=0.38959 cand=2.49429 pairs=305.1
[train-progress] epoch=13 [##----------------------] 100/900  11.1% loss=1.08934 jepa=0.40700 hard=0.70793 hard_red=0.02029 oracle=0.48109 rank=0.07193 value=0.39019 cand=2.47751 pairs=305.5
[train-progress] epoch=13 [###---------------------] 125/900  13.9% loss=1.05805 jepa=0.42256 hard=0.74191 hard_red=0.02160 oracle=0.48500 rank=0.07471 value=0.38637 cand=2.49377 pairs=309.8
[train-progress] epoch=13 [####--------------------] 150/900  16.7% loss=1.08599 jepa=0.42320 hard=0.74828 hard_red=0.02211 oracle=0.48411 rank=0.07479 value=0.38048 cand=2.48935 pairs=307.8
[train-progress] epoch=13 [####--------------------] 175/900  19.4% loss=1.01607 jepa=0.42681 hard=0.75426 hard_red=0.02026 oracle=0.48244 rank=0.07492 value=0.37841 cand=2.48004 pairs=308.1
[train-progress] epoch=13 [#####-------------------] 200/900  22.2% loss=1.00380 jepa=0.42280 hard=0.74641 hard_red=0.02032 oracle=0.48251 rank=0.07480 value=0.37539 cand=2.48102 pairs=306.9
[train-progress] epoch=13 [######------------------] 225/900  25.0% loss=1.00444 jepa=0.42576 hard=0.74247 hard_red=0.02116 oracle=0.48161 rank=0.07420 value=0.37441 cand=2.47735 pairs=305.3
[train-progress] epoch=13 [######------------------] 250/900  27.8% loss=0.97061 jepa=0.42437 hard=0.74264 hard_red=0.02190 oracle=0.48143 rank=0.07407 value=0.37107 cand=2.47699 pairs=304.2
[train-progress] epoch=13 [#######-----------------] 275/900  30.6% loss=0.94592 jepa=0.42054 hard=0.73200 hard_red=0.02245 oracle=0.47917 rank=0.07327 value=0.36686 cand=2.46659 pairs=305.0
[train-progress] epoch=13 [########----------------] 300/900  33.3% loss=0.93752 jepa=0.42077 hard=0.73567 hard_red=0.02262 oracle=0.47818 rank=0.07291 value=0.36620 cand=2.46195 pairs=305.3
[train-progress] epoch=13 [########----------------] 325/900  36.1% loss=0.97845 jepa=0.41904 hard=0.73842 hard_red=0.02270 oracle=0.47940 rank=0.07250 value=0.36677 cand=2.46952 pairs=305.1
[train-progress] epoch=13 [#########---------------] 350/900  38.9% loss=0.97534 jepa=0.41902 hard=0.73361 hard_red=0.02330 oracle=0.47831 rank=0.07300 value=0.36521 cand=2.46257 pairs=305.9
[train-progress] epoch=13 [##########--------------] 375/900  41.7% loss=0.99078 jepa=0.41811 hard=0.73403 hard_red=0.02316 oracle=0.47745 rank=0.07282 value=0.36627 cand=2.45807 pairs=306.9
[train-progress] epoch=13 [##########--------------] 400/900  44.4% loss=1.01091 jepa=0.41970 hard=0.74317 hard_red=0.02286 oracle=0.47619 rank=0.07223 value=0.36601 cand=2.45234 pairs=306.3
[train-progress] epoch=13 [###########-------------] 425/900  47.2% loss=1.00416 jepa=0.41671 hard=0.74647 hard_red=0.02223 oracle=0.47576 rank=0.07237 value=0.36592 cand=2.44969 pairs=306.6
[train-progress] epoch=13 [############------------] 450/900  50.0% loss=1.00584 jepa=0.41328 hard=0.74711 hard_red=0.02245 oracle=0.47537 rank=0.07225 value=0.36689 cand=2.44763 pairs=307.6
[train-progress] epoch=13 [############------------] 475/900  52.8% loss=0.98766 jepa=0.41389 hard=0.74998 hard_red=0.02271 oracle=0.47516 rank=0.07193 value=0.36924 cand=2.44687 pairs=308.7
[train-progress] epoch=13 [#############-----------] 500/900  55.6% loss=0.97590 jepa=0.41401 hard=0.74584 hard_red=0.02287 oracle=0.47374 rank=0.07176 value=0.37073 cand=2.43922 pairs=308.8
[train-progress] epoch=13 [##############----------] 525/900  58.3% loss=0.97354 jepa=0.41434 hard=0.74558 hard_red=0.02283 oracle=0.47463 rank=0.07185 value=0.37129 cand=2.44388 pairs=308.6
[train-progress] epoch=13 [##############----------] 550/900  61.1% loss=0.98072 jepa=0.41344 hard=0.74829 hard_red=0.02303 oracle=0.47491 rank=0.07206 value=0.36994 cand=2.44517 pairs=308.3
[train-progress] epoch=13 [###############---------] 575/900  63.9% loss=0.99460 jepa=0.41436 hard=0.74555 hard_red=0.02276 oracle=0.47442 rank=0.07188 value=0.36904 cand=2.44290 pairs=308.1
[train-progress] epoch=13 [################--------] 600/900  66.7% loss=1.03309 jepa=0.42013 hard=0.74764 hard_red=0.02307 oracle=0.47467 rank=0.07188 value=0.36878 cand=2.44432 pairs=308.4
[train-progress] epoch=13 [################--------] 625/900  69.4% loss=1.02050 jepa=0.41977 hard=0.74768 hard_red=0.02337 oracle=0.47437 rank=0.07199 value=0.37023 cand=2.44226 pairs=308.3
[train-progress] epoch=13 [#################-------] 650/900  72.2% loss=1.05777 jepa=0.42354 hard=0.74572 hard_red=0.02334 oracle=0.47342 rank=0.07181 value=0.37288 cand=2.43711 pairs=308.3
[train-progress] epoch=13 [##################------] 675/900  75.0% loss=1.05431 jepa=0.42542 hard=0.74966 hard_red=0.02346 oracle=0.47390 rank=0.07185 value=0.37346 cand=2.43960 pairs=308.2
[train-progress] epoch=13 [##################------] 700/900  77.8% loss=1.10806 jepa=0.43219 hard=0.75238 hard_red=0.02378 oracle=0.47368 rank=0.07193 value=0.37278 cand=2.43828 pairs=308.6
[train-progress] epoch=13 [###################-----] 725/900  80.6% loss=1.10726 jepa=0.43238 hard=0.75404 hard_red=0.02359 oracle=0.47429 rank=0.07187 value=0.37312 cand=2.44177 pairs=308.3
[train-progress] epoch=13 [####################----] 750/900  83.3% loss=1.12249 jepa=0.43918 hard=0.75310 hard_red=0.02420 oracle=0.47451 rank=0.07203 value=0.37434 cand=2.44250 pairs=309.1
[train-progress] epoch=13 [####################----] 775/900  86.1% loss=1.13001 jepa=0.43874 hard=0.75686 hard_red=0.02452 oracle=0.47496 rank=0.07192 value=0.37521 cand=2.44516 pairs=308.8
[train-progress] epoch=13 [#####################---] 800/900  88.9% loss=1.13882 jepa=0.44027 hard=0.75734 hard_red=0.02480 oracle=0.47476 rank=0.07189 value=0.37546 cand=2.44407 pairs=308.6
[train-progress] epoch=13 [######################--] 825/900  91.7% loss=1.12065 jepa=0.43826 hard=0.75979 hard_red=0.02484 oracle=0.47453 rank=0.07184 value=0.37570 cand=2.44285 pairs=308.7
[train-progress] epoch=13 [######################--] 850/900  94.4% loss=1.12545 jepa=0.43791 hard=0.75891 hard_red=0.02509 oracle=0.47391 rank=0.07175 value=0.37578 cand=2.43963 pairs=308.5
[train-progress] epoch=13 [#######################-] 875/900  97.2% loss=1.12119 jepa=0.43660 hard=0.75773 hard_red=0.02498 oracle=0.47277 rank=0.07147 value=0.37591 cand=2.43384 pairs=308.2
[train-progress] epoch=13 [########################] 900/900 100.0% loss=1.11224 jepa=0.43587 hard=0.75775 hard_red=0.02501 oracle=0.47265 rank=0.07159 value=0.37806 cand=2.43270 pairs=308.5
[train] epoch=13 horizon=5 train_loss=1.112237 val_loss=2.439116 train_steps=900
[train-progress] epoch=14 [------------------------] 1/900   0.1% loss=0.14237 jepa=0.38237 hard=0.40032 hard_red=0.00105 oracle=0.39777 rank=0.04247 value=0.31845 cand=2.08479 pairs=273.0
[train-progress] epoch=14 [------------------------] 25/900   2.8% loss=1.35119 jepa=0.36509 hard=0.71143 hard_red=0.03012 oracle=0.47570 rank=0.06847 value=0.33368 cand=2.46117 pairs=294.4
[train-progress] epoch=14 [#-----------------------] 50/900   5.6% loss=1.69482 jepa=0.43122 hard=0.74704 hard_red=0.03111 oracle=0.47741 rank=0.07328 value=0.37847 cand=2.45554 pairs=298.9
[train-progress] epoch=14 [##----------------------] 75/900   8.3% loss=1.47672 jepa=0.45411 hard=0.75150 hard_red=0.02794 oracle=0.48096 rank=0.07199 value=0.38772 cand=2.47694 pairs=292.3
[train-progress] epoch=14 [##----------------------] 100/900  11.1% loss=1.44212 jepa=0.43919 hard=0.76108 hard_red=0.02446 oracle=0.47483 rank=0.07017 value=0.37795 cand=2.44783 pairs=299.9
[train-progress] epoch=14 [###---------------------] 125/900  13.9% loss=1.40410 jepa=0.44166 hard=0.74887 hard_red=0.02142 oracle=0.47139 rank=0.06966 value=0.38923 cand=2.42855 pairs=300.7
[train-progress] epoch=14 [####--------------------] 150/900  16.7% loss=1.31626 jepa=0.44044 hard=0.73365 hard_red=0.02146 oracle=0.47303 rank=0.07061 value=0.37854 cand=2.43680 pairs=299.5
[train-progress] epoch=14 [####--------------------] 175/900  19.4% loss=1.23979 jepa=0.43745 hard=0.73062 hard_red=0.02163 oracle=0.47117 rank=0.07062 value=0.37475 cand=2.42687 pairs=302.1
[train-progress] epoch=14 [#####-------------------] 200/900  22.2% loss=1.14742 jepa=0.42718 hard=0.73108 hard_red=0.02084 oracle=0.46992 rank=0.06937 value=0.37584 cand=2.42247 pairs=301.6
[train-progress] epoch=14 [######------------------] 225/900  25.0% loss=1.14466 jepa=0.43065 hard=0.72040 hard_red=0.02084 oracle=0.46982 rank=0.06917 value=0.37996 cand=2.42188 pairs=304.8
[train-progress] epoch=14 [######------------------] 250/900  27.8% loss=1.14947 jepa=0.43136 hard=0.73099 hard_red=0.02171 oracle=0.46934 rank=0.06860 value=0.37880 cand=2.42054 pairs=304.4
[train-progress] epoch=14 [#######-----------------] 275/900  30.6% loss=1.18167 jepa=0.43165 hard=0.72781 hard_red=0.02406 oracle=0.46892 rank=0.06830 value=0.37954 cand=2.41873 pairs=305.7
[train-progress] epoch=14 [########----------------] 300/900  33.3% loss=1.15460 jepa=0.43775 hard=0.72474 hard_red=0.02452 oracle=0.46785 rank=0.06860 value=0.38302 cand=2.41176 pairs=307.4
[train-progress] epoch=14 [########----------------] 325/900  36.1% loss=1.13925 jepa=0.43700 hard=0.72306 hard_red=0.02352 oracle=0.46875 rank=0.06902 value=0.38695 cand=2.41548 pairs=307.2
[train-progress] epoch=14 [#########---------------] 350/900  38.9% loss=1.14326 jepa=0.43794 hard=0.71122 hard_red=0.02327 oracle=0.46778 rank=0.06895 value=0.39060 cand=2.40982 pairs=306.9
[train-progress] epoch=14 [##########--------------] 375/900  41.7% loss=1.18768 jepa=0.45151 hard=0.71808 hard_red=0.02378 oracle=0.46666 rank=0.06857 value=0.38890 cand=2.40456 pairs=307.7
[train-progress] epoch=14 [##########--------------] 400/900  44.4% loss=1.18229 jepa=0.44803 hard=0.71275 hard_red=0.02350 oracle=0.46653 rank=0.06821 value=0.39019 cand=2.40451 pairs=307.7
[train-progress] epoch=14 [###########-------------] 425/900  47.2% loss=1.17490 jepa=0.44443 hard=0.71114 hard_red=0.02405 oracle=0.46748 rank=0.06823 value=0.38917 cand=2.40981 pairs=306.7
[train-progress] epoch=14 [############------------] 450/900  50.0% loss=1.19621 jepa=0.45405 hard=0.71317 hard_red=0.02404 oracle=0.46645 rank=0.06820 value=0.38882 cand=2.40424 pairs=306.1
[train-progress] epoch=14 [############------------] 475/900  52.8% loss=1.18850 jepa=0.45511 hard=0.70929 hard_red=0.02394 oracle=0.46589 rank=0.06802 value=0.38827 cand=2.40156 pairs=306.3
[train-progress] epoch=14 [#############-----------] 500/900  55.6% loss=1.20171 jepa=0.45550 hard=0.71370 hard_red=0.02404 oracle=0.46605 rank=0.06811 value=0.38616 cand=2.40244 pairs=307.5
[train-progress] epoch=14 [##############----------] 525/900  58.3% loss=1.16778 jepa=0.45303 hard=0.71098 hard_red=0.02381 oracle=0.46599 rank=0.06807 value=0.38280 cand=2.40263 pairs=307.1
[train-progress] epoch=14 [##############----------] 550/900  61.1% loss=1.16086 jepa=0.45011 hard=0.71132 hard_red=0.02335 oracle=0.46643 rank=0.06796 value=0.38171 cand=2.40538 pairs=307.8
[train-progress] epoch=14 [###############---------] 575/900  63.9% loss=1.17263 jepa=0.45305 hard=0.71424 hard_red=0.02345 oracle=0.46685 rank=0.06813 value=0.38509 cand=2.40702 pairs=308.5
[train-progress] epoch=14 [################--------] 600/900  66.7% loss=1.18585 jepa=0.45422 hard=0.71815 hard_red=0.02353 oracle=0.46703 rank=0.06844 value=0.38591 cand=2.40726 pairs=308.1
[train-progress] epoch=14 [################--------] 625/900  69.4% loss=1.16013 jepa=0.45298 hard=0.72423 hard_red=0.02426 oracle=0.46627 rank=0.06838 value=0.38669 cand=2.40310 pairs=308.4
[train-progress] epoch=14 [#################-------] 650/900  72.2% loss=1.16727 jepa=0.45054 hard=0.72522 hard_red=0.02398 oracle=0.46570 rank=0.06840 value=0.38482 cand=2.40009 pairs=308.5
[train-progress] epoch=14 [##################------] 675/900  75.0% loss=1.17915 jepa=0.45271 hard=0.72351 hard_red=0.02391 oracle=0.46620 rank=0.06848 value=0.38528 cand=2.40261 pairs=308.3
[train-progress] epoch=14 [##################------] 700/900  77.8% loss=1.15412 jepa=0.45112 hard=0.72330 hard_red=0.02374 oracle=0.46631 rank=0.06853 value=0.38617 cand=2.40302 pairs=307.9
[train-progress] epoch=14 [###################-----] 725/900  80.6% loss=1.13349 jepa=0.44875 hard=0.72334 hard_red=0.02387 oracle=0.46676 rank=0.06886 value=0.38567 cand=2.40488 pairs=307.6
[train-progress] epoch=14 [####################----] 750/900  83.3% loss=1.11665 jepa=0.44727 hard=0.72517 hard_red=0.02391 oracle=0.46652 rank=0.06902 value=0.38637 cand=2.40313 pairs=307.8
[train-progress] epoch=14 [####################----] 775/900  86.1% loss=1.11161 jepa=0.44874 hard=0.72484 hard_red=0.02426 oracle=0.46667 rank=0.06913 value=0.38631 cand=2.40376 pairs=307.9
[train-progress] epoch=14 [#####################---] 800/900  88.9% loss=1.12095 jepa=0.45430 hard=0.72846 hard_red=0.02436 oracle=0.46673 rank=0.06920 value=0.38653 cand=2.40390 pairs=308.0
[train-progress] epoch=14 [######################--] 825/900  91.7% loss=1.12797 jepa=0.45730 hard=0.72621 hard_red=0.02401 oracle=0.46657 rank=0.06924 value=0.38690 cand=2.40286 pairs=307.9
[train-progress] epoch=14 [######################--] 850/900  94.4% loss=1.13189 jepa=0.46020 hard=0.72458 hard_red=0.02460 oracle=0.46583 rank=0.06911 value=0.38825 cand=2.39894 pairs=308.0
[train-progress] epoch=14 [#######################-] 875/900  97.2% loss=1.11472 jepa=0.45944 hard=0.72565 hard_red=0.02466 oracle=0.46551 rank=0.06896 value=0.38801 cand=2.39747 pairs=307.7
[train-progress] epoch=14 [########################] 900/900 100.0% loss=1.14606 jepa=0.46161 hard=0.72684 hard_red=0.02481 oracle=0.46646 rank=0.06900 value=0.38670 cand=2.40277 pairs=307.5
[train] epoch=14 horizon=5 train_loss=1.146063 val_loss=2.087497 train_steps=900
[2026-07-06T21:29:58+08:00] done name=guarded_reward_rank_v1_seed2_safe run_dir=runs/planner_aligned_guarded_reward_rank_v1_seed2_safe
