[2026-07-06T10:22:44+08:00] start name=hybrid_rank_v1_safe gpu=6 config=configs/planner_aligned_hybrid_rank_v1_safe.json
[train] excluded_eval_benchmarks=b15_C,b17_C,b20_C,b21_C,b22_C,epfl__arithmetic__max__max,epfl__random_control__i2c__i2c,epfl__random_control__router__router,i2c,iscas89__s838,iscas99__b15_1,iscas99__b17,iscas99__b20,iscas99__b21,iscas99__b22,max,mem_ctrl,openabcd__mem_ctrl_orig removed_rows=0 remaining_rows=100000
[train] disabling pattern loss
[train] note: delta_test_coverage is retained as a weak objective; the main hard-fault target is hard_reduction
[train] q_oracle enabled groups=180 score_field=hybrid_pred lambda_q_value=0.02 lambda_q_rank=0.35 lambda_candidate=0.18 pairwise_mode=best_vs_hard_topk forbidden_benchmarks=21
[train] rows=100000 train_rows=84750 val_rows=15250 train_samples=16950 val_samples=3050 rollout_training=True feature_dim=38 relation_dim=12 cache_samples=False sample_cache_max_entries=unlimited
[train-progress] epoch=1 [------------------------] 1/900   0.1% loss=0.48299 jepa=1.01226 hard=2.42018 hard_red=0.04678 oracle=0.00000 rank=0.00000 value=0.00000 cand=0.00000 pairs=0.0
[train-progress] epoch=1 [------------------------] 25/900   2.8% loss=0.50298 jepa=0.83432 hard=1.42688 hard_red=0.02933 oracle=0.00000 rank=0.00000 value=0.00000 cand=0.00000 pairs=0.0
[train-progress] epoch=1 [#-----------------------] 50/900   5.6% loss=0.52646 jepa=0.61182 hard=1.23524 hard_red=0.05432 oracle=0.00000 rank=0.00000 value=0.00000 cand=0.00000 pairs=0.0
[train-progress] epoch=1 [##----------------------] 75/900   8.3% loss=0.43639 jepa=0.49518 hard=1.17387 hard_red=0.04244 oracle=0.00000 rank=0.00000 value=0.00000 cand=0.00000 pairs=0.0
[train-progress] epoch=1 [##----------------------] 100/900  11.1% loss=0.41179 jepa=0.42086 hard=1.08065 hard_red=0.04013 oracle=0.00000 rank=0.00000 value=0.00000 cand=0.00000 pairs=0.0
[train-progress] epoch=1 [###---------------------] 125/900  13.9% loss=0.37594 jepa=0.37251 hard=1.02701 hard_red=0.03454 oracle=0.00000 rank=0.00000 value=0.00000 cand=0.00000 pairs=0.0
[train-progress] epoch=1 [####--------------------] 150/900  16.7% loss=0.36055 jepa=0.33847 hard=1.00485 hard_red=0.03497 oracle=0.00000 rank=0.00000 value=0.00000 cand=0.00000 pairs=0.0
[train-progress] epoch=1 [####--------------------] 175/900  19.4% loss=0.35071 jepa=0.31136 hard=0.99004 hard_red=0.03326 oracle=0.00000 rank=0.00000 value=0.00000 cand=0.00000 pairs=0.0
[train-progress] epoch=1 [#####-------------------] 200/900  22.2% loss=0.32942 jepa=0.29029 hard=0.97910 hard_red=0.03071 oracle=0.00000 rank=0.00000 value=0.00000 cand=0.00000 pairs=0.0
[train-progress] epoch=1 [######------------------] 225/900  25.0% loss=0.33316 jepa=0.27089 hard=0.96712 hard_red=0.03376 oracle=0.00000 rank=0.00000 value=0.00000 cand=0.00000 pairs=0.0
[train-progress] epoch=1 [######------------------] 250/900  27.8% loss=0.31943 jepa=0.25389 hard=0.96478 hard_red=0.03280 oracle=0.00000 rank=0.00000 value=0.00000 cand=0.00000 pairs=0.0
[train-progress] epoch=1 [#######-----------------] 275/900  30.6% loss=0.33738 jepa=0.24125 hard=0.95140 hard_red=0.03573 oracle=0.00000 rank=0.00000 value=0.00000 cand=0.00000 pairs=0.0
[train-progress] epoch=1 [########----------------] 300/900  33.3% loss=0.34655 jepa=0.23051 hard=0.93969 hard_red=0.03636 oracle=0.00000 rank=0.00000 value=0.00000 cand=0.00000 pairs=0.0
[train-progress] epoch=1 [########----------------] 325/900  36.1% loss=0.34015 jepa=0.22065 hard=0.93633 hard_red=0.03487 oracle=0.00000 rank=0.00000 value=0.00000 cand=0.00000 pairs=0.0
[train-progress] epoch=1 [#########---------------] 350/900  38.9% loss=0.32471 jepa=0.21266 hard=0.94112 hard_red=0.03286 oracle=0.00000 rank=0.00000 value=0.00000 cand=0.00000 pairs=0.0
[train-progress] epoch=1 [##########--------------] 375/900  41.7% loss=0.32403 jepa=0.20644 hard=0.93231 hard_red=0.03213 oracle=0.00000 rank=0.00000 value=0.00000 cand=0.00000 pairs=0.0
[train-progress] epoch=1 [##########--------------] 400/900  44.4% loss=0.32389 jepa=0.20010 hard=0.92781 hard_red=0.03230 oracle=0.00000 rank=0.00000 value=0.00000 cand=0.00000 pairs=0.0
[train-progress] epoch=1 [###########-------------] 425/900  47.2% loss=0.32073 jepa=0.19504 hard=0.92884 hard_red=0.03308 oracle=0.00000 rank=0.00000 value=0.00000 cand=0.00000 pairs=0.0
[train-progress] epoch=1 [############------------] 450/900  50.0% loss=0.31679 jepa=0.19006 hard=0.92581 hard_red=0.03349 oracle=0.00000 rank=0.00000 value=0.00000 cand=0.00000 pairs=0.0
[train-progress] epoch=1 [############------------] 475/900  52.8% loss=0.31898 jepa=0.18560 hard=0.92368 hard_red=0.03318 oracle=0.00000 rank=0.00000 value=0.00000 cand=0.00000 pairs=0.0
[train-progress] epoch=1 [#############-----------] 500/900  55.6% loss=0.31029 jepa=0.18157 hard=0.92394 hard_red=0.03244 oracle=0.00000 rank=0.00000 value=0.00000 cand=0.00000 pairs=0.0
[train-progress] epoch=1 [##############----------] 525/900  58.3% loss=0.30567 jepa=0.17772 hard=0.92597 hard_red=0.03300 oracle=0.00000 rank=0.00000 value=0.00000 cand=0.00000 pairs=0.0
[train-progress] epoch=1 [##############----------] 550/900  61.1% loss=0.30078 jepa=0.17516 hard=0.92494 hard_red=0.03334 oracle=0.00000 rank=0.00000 value=0.00000 cand=0.00000 pairs=0.0
[train-progress] epoch=1 [###############---------] 575/900  63.9% loss=0.29661 jepa=0.17220 hard=0.92476 hard_red=0.03276 oracle=0.00000 rank=0.00000 value=0.00000 cand=0.00000 pairs=0.0
[train-progress] epoch=1 [################--------] 600/900  66.7% loss=0.29652 jepa=0.16959 hard=0.92602 hard_red=0.03266 oracle=0.00000 rank=0.00000 value=0.00000 cand=0.00000 pairs=0.0
[train-progress] epoch=1 [################--------] 625/900  69.4% loss=0.29289 jepa=0.16707 hard=0.92241 hard_red=0.03192 oracle=0.00000 rank=0.00000 value=0.00000 cand=0.00000 pairs=0.0
[train-progress] epoch=1 [#################-------] 650/900  72.2% loss=0.29351 jepa=0.16489 hard=0.92342 hard_red=0.03318 oracle=0.00000 rank=0.00000 value=0.00000 cand=0.00000 pairs=0.0
[train-progress] epoch=1 [##################------] 675/900  75.0% loss=0.29237 jepa=0.16283 hard=0.92302 hard_red=0.03258 oracle=0.00000 rank=0.00000 value=0.00000 cand=0.00000 pairs=0.0
[train-progress] epoch=1 [##################------] 700/900  77.8% loss=0.29018 jepa=0.16092 hard=0.92783 hard_red=0.03178 oracle=0.00000 rank=0.00000 value=0.00000 cand=0.00000 pairs=0.0
[train-progress] epoch=1 [###################-----] 725/900  80.6% loss=0.28750 jepa=0.15896 hard=0.92492 hard_red=0.03198 oracle=0.00000 rank=0.00000 value=0.00000 cand=0.00000 pairs=0.0
[train-progress] epoch=1 [####################----] 750/900  83.3% loss=0.29760 jepa=0.15782 hard=0.92435 hard_red=0.03223 oracle=0.00000 rank=0.00000 value=0.00000 cand=0.00000 pairs=0.0
[train-progress] epoch=1 [####################----] 775/900  86.1% loss=0.30286 jepa=0.15659 hard=0.91563 hard_red=0.03163 oracle=0.00000 rank=0.00000 value=0.00000 cand=0.00000 pairs=0.0
[train-progress] epoch=1 [#####################---] 800/900  88.9% loss=0.29997 jepa=0.15595 hard=0.92157 hard_red=0.03178 oracle=0.00000 rank=0.00000 value=0.00000 cand=0.00000 pairs=0.0
[train-progress] epoch=1 [######################--] 825/900  91.7% loss=0.29655 jepa=0.15524 hard=0.92126 hard_red=0.03114 oracle=0.00000 rank=0.00000 value=0.00000 cand=0.00000 pairs=0.0
[train-progress] epoch=1 [######################--] 850/900  94.4% loss=0.29670 jepa=0.15415 hard=0.92111 hard_red=0.03128 oracle=0.00000 rank=0.00000 value=0.00000 cand=0.00000 pairs=0.0
[train-progress] epoch=1 [#######################-] 875/900  97.2% loss=0.30226 jepa=0.15296 hard=0.91628 hard_red=0.03113 oracle=0.00000 rank=0.00000 value=0.00000 cand=0.00000 pairs=0.0
[train-progress] epoch=1 [########################] 900/900 100.0% loss=0.31208 jepa=0.15213 hard=0.91803 hard_red=0.03107 oracle=0.00000 rank=0.00000 value=0.00000 cand=0.00000 pairs=0.0
[train] epoch=1 horizon=1 train_loss=0.312076 val_loss=0.094090 train_steps=900
[train-progress] epoch=2 [------------------------] 1/900   0.1% loss=0.09624 jepa=0.17719 hard=0.98738 hard_red=0.00163 oracle=0.50964 rank=0.86549 value=5.04428 cand=3.41935 pairs=319.0
[train-progress] epoch=2 [------------------------] 25/900   2.8% loss=0.32907 jepa=0.16782 hard=0.87557 hard_red=0.02880 oracle=0.48175 rank=0.79613 value=3.80908 cand=3.38153 pairs=310.7
[train-progress] epoch=2 [#-----------------------] 50/900   5.6% loss=0.31901 jepa=0.16716 hard=0.95086 hard_red=0.03392 oracle=0.44324 rank=0.70191 value=2.64316 cand=3.26632 pairs=311.8
[train-progress] epoch=2 [##----------------------] 75/900   8.3% loss=0.38923 jepa=0.18133 hard=0.92315 hard_red=0.03149 oracle=0.43176 rank=0.66689 value=2.35082 cand=3.23942 pairs=311.4
[train-progress] epoch=2 [##----------------------] 100/900  11.1% loss=0.46081 jepa=0.18393 hard=0.89586 hard_red=0.02995 oracle=0.42147 rank=0.64309 value=2.03890 cand=3.20604 pairs=313.9
[train-progress] epoch=2 [###---------------------] 125/900  13.9% loss=0.51798 jepa=0.18311 hard=0.89590 hard_red=0.02663 oracle=0.41016 rank=0.61612 value=1.88123 cand=3.15028 pairs=316.0
[train-progress] epoch=2 [####--------------------] 150/900  16.7% loss=0.49203 jepa=0.18741 hard=0.88164 hard_red=0.02519 oracle=0.40378 rank=0.59435 value=1.75407 cand=3.13587 pairs=315.8
[train-progress] epoch=2 [####--------------------] 175/900  19.4% loss=0.46787 jepa=0.19333 hard=0.88703 hard_red=0.02534 oracle=0.39585 rank=0.57364 value=1.63027 cand=3.10176 pairs=314.9
[train-progress] epoch=2 [#####-------------------] 200/900  22.2% loss=0.46901 jepa=0.19549 hard=0.88485 hard_red=0.02606 oracle=0.38866 rank=0.55187 value=1.54139 cand=3.07412 pairs=317.6
[train-progress] epoch=2 [######------------------] 225/900  25.0% loss=0.43919 jepa=0.19389 hard=0.89206 hard_red=0.02429 oracle=0.38387 rank=0.53567 value=1.47471 cand=3.05977 pairs=316.8
[train-progress] epoch=2 [######------------------] 250/900  27.8% loss=0.43793 jepa=0.19383 hard=0.89772 hard_red=0.02483 oracle=0.37875 rank=0.52032 value=1.40428 cand=3.04055 pairs=316.6
[train-progress] epoch=2 [#######-----------------] 275/900  30.6% loss=0.41281 jepa=0.19220 hard=0.90117 hard_red=0.02352 oracle=0.37313 rank=0.50050 value=1.35206 cand=3.02251 pairs=315.7
[train-progress] epoch=2 [########----------------] 300/900  33.3% loss=0.40679 jepa=0.19142 hard=0.90629 hard_red=0.02321 oracle=0.37049 rank=0.49012 value=1.32013 cand=3.01683 pairs=316.5
[train-progress] epoch=2 [########----------------] 325/900  36.1% loss=0.40695 jepa=0.19142 hard=0.90961 hard_red=0.02418 oracle=0.36651 rank=0.47480 value=1.27917 cand=3.00699 pairs=313.9
[train-progress] epoch=2 [#########---------------] 350/900  38.9% loss=0.41061 jepa=0.19206 hard=0.90902 hard_red=0.02482 oracle=0.36227 rank=0.46013 value=1.24262 cand=2.99248 pairs=313.9
[train-progress] epoch=2 [##########--------------] 375/900  41.7% loss=0.39640 jepa=0.19298 hard=0.90913 hard_red=0.02424 oracle=0.35859 rank=0.44604 value=1.20932 cand=2.98263 pairs=313.8
[train-progress] epoch=2 [##########--------------] 400/900  44.4% loss=0.38958 jepa=0.19385 hard=0.90281 hard_red=0.02451 oracle=0.35443 rank=0.43353 value=1.18967 cand=2.96298 pairs=313.5
[train-progress] epoch=2 [###########-------------] 425/900  47.2% loss=0.41261 jepa=0.19449 hard=0.89996 hard_red=0.02652 oracle=0.35112 rank=0.42201 value=1.16008 cand=2.95182 pairs=312.4
[train-progress] epoch=2 [############------------] 450/900  50.0% loss=0.44331 jepa=0.19662 hard=0.89936 hard_red=0.02878 oracle=0.34835 rank=0.41167 value=1.15466 cand=2.94185 pairs=312.8
[train-progress] epoch=2 [############------------] 475/900  52.8% loss=0.44838 jepa=0.19729 hard=0.89752 hard_red=0.02968 oracle=0.34514 rank=0.40179 value=1.13507 cand=2.92753 pairs=311.5
[train-progress] epoch=2 [#############-----------] 500/900  55.6% loss=0.46682 jepa=0.19848 hard=0.89953 hard_red=0.03029 oracle=0.34192 rank=0.39267 value=1.11766 cand=2.91141 pairs=312.2
[train-progress] epoch=2 [##############----------] 525/900  58.3% loss=0.46778 jepa=0.19897 hard=0.89628 hard_red=0.03031 oracle=0.33967 rank=0.38476 value=1.09610 cand=2.90418 pairs=311.9
[train-progress] epoch=2 [##############----------] 550/900  61.1% loss=0.46084 jepa=0.19894 hard=0.89780 hard_red=0.03119 oracle=0.33677 rank=0.37635 value=1.07487 cand=2.89063 pairs=310.9
[train-progress] epoch=2 [###############---------] 575/900  63.9% loss=0.45643 jepa=0.19888 hard=0.89713 hard_red=0.03112 oracle=0.33467 rank=0.36842 value=1.05746 cand=2.88470 pairs=310.0
[train-progress] epoch=2 [################--------] 600/900  66.7% loss=0.47700 jepa=0.19937 hard=0.89478 hard_red=0.03196 oracle=0.33230 rank=0.36023 value=1.04192 cand=2.87605 pairs=310.6
[train-progress] epoch=2 [################--------] 625/900  69.4% loss=0.46806 jepa=0.19976 hard=0.89525 hard_red=0.03215 oracle=0.32996 rank=0.35371 value=1.03042 cand=2.86391 pairs=310.7
[train-progress] epoch=2 [#################-------] 650/900  72.2% loss=0.46722 jepa=0.19975 hard=0.88650 hard_red=0.03224 oracle=0.32803 rank=0.34776 value=1.01574 cand=2.85573 pairs=310.8
[train-progress] epoch=2 [##################------] 675/900  75.0% loss=0.46219 jepa=0.19966 hard=0.88450 hard_red=0.03168 oracle=0.32650 rank=0.34200 value=1.00562 cand=2.85102 pairs=310.6
[train-progress] epoch=2 [##################------] 700/900  77.8% loss=0.45604 jepa=0.19984 hard=0.88855 hard_red=0.03154 oracle=0.32462 rank=0.33611 value=0.99768 cand=2.84244 pairs=311.2
[train-progress] epoch=2 [###################-----] 725/900  80.6% loss=0.45562 jepa=0.20050 hard=0.88848 hard_red=0.03194 oracle=0.32276 rank=0.33062 value=0.98698 cand=2.83369 pairs=311.2
[train-progress] epoch=2 [####################----] 750/900  83.3% loss=0.45006 jepa=0.20078 hard=0.88545 hard_red=0.03132 oracle=0.32052 rank=0.32472 value=0.97787 cand=2.82123 pairs=311.6
[train-progress] epoch=2 [####################----] 775/900  86.1% loss=0.44933 jepa=0.20064 hard=0.88688 hard_red=0.03155 oracle=0.31883 rank=0.31936 value=0.97122 cand=2.81366 pairs=311.8
[train-progress] epoch=2 [#####################---] 800/900  88.9% loss=0.44918 jepa=0.20072 hard=0.88638 hard_red=0.03101 oracle=0.31734 rank=0.31410 value=0.96169 cand=2.80840 pairs=312.1
[train-progress] epoch=2 [######################--] 825/900  91.7% loss=0.44995 jepa=0.20106 hard=0.88739 hard_red=0.03078 oracle=0.31595 rank=0.30986 value=0.95189 cand=2.80226 pairs=312.0
[train-progress] epoch=2 [######################--] 850/900  94.4% loss=0.45073 jepa=0.20140 hard=0.88655 hard_red=0.03058 oracle=0.31459 rank=0.30570 value=0.94315 cand=2.79622 pairs=312.0
[train-progress] epoch=2 [#######################-] 875/900  97.2% loss=0.44814 jepa=0.20180 hard=0.88802 hard_red=0.03085 oracle=0.31349 rank=0.30150 value=0.93002 cand=2.79361 pairs=312.0
[train-progress] epoch=2 [########################] 900/900 100.0% loss=0.45519 jepa=0.20217 hard=0.88608 hard_red=0.03108 oracle=0.31201 rank=0.29715 value=0.92075 cand=2.78664 pairs=311.8
[train] epoch=2 horizon=2 train_loss=0.455188 val_loss=0.110636 train_steps=900
[train-progress] epoch=3 [------------------------] 1/900   0.1% loss=0.46103 jepa=0.16241 hard=1.19337 hard_red=0.16117 oracle=0.56742 rank=0.20738 value=0.51688 cand=2.69168 pairs=393.0
[train-progress] epoch=3 [------------------------] 25/900   2.8% loss=0.34598 jepa=0.22771 hard=0.85481 hard_red=0.05437 oracle=0.55136 rank=0.16768 value=0.69918 cand=2.65938 pairs=310.9
[train-progress] epoch=3 [#-----------------------] 50/900   5.6% loss=0.33242 jepa=0.21857 hard=0.85513 hard_red=0.04098 oracle=0.53646 rank=0.15369 value=0.71277 cand=2.60229 pairs=309.0
[train-progress] epoch=3 [##----------------------] 75/900   8.3% loss=0.44865 jepa=0.21684 hard=0.82529 hard_red=0.03629 oracle=0.52824 rank=0.14990 value=0.66435 cand=2.56940 pairs=315.6
[train-progress] epoch=3 [##----------------------] 100/900  11.1% loss=0.53817 jepa=0.21858 hard=0.83291 hard_red=0.03963 oracle=0.52218 rank=0.14706 value=0.63672 cand=2.54433 pairs=320.6
[train-progress] epoch=3 [###---------------------] 125/900  13.9% loss=0.54345 jepa=0.22029 hard=0.83162 hard_red=0.03864 oracle=0.52725 rank=0.14773 value=0.65857 cand=2.56874 pairs=314.1
[train-progress] epoch=3 [####--------------------] 150/900  16.7% loss=0.64774 jepa=0.22113 hard=0.83700 hard_red=0.04215 oracle=0.52837 rank=0.14768 value=0.65379 cand=2.57557 pairs=314.9
[train-progress] epoch=3 [####--------------------] 175/900  19.4% loss=0.58791 jepa=0.21818 hard=0.83347 hard_red=0.03866 oracle=0.52713 rank=0.14701 value=0.67523 cand=2.56762 pairs=317.0
[train-progress] epoch=3 [#####-------------------] 200/900  22.2% loss=0.54414 jepa=0.21792 hard=0.84273 hard_red=0.03786 oracle=0.52625 rank=0.14695 value=0.66368 cand=2.56414 pairs=315.3
[train-progress] epoch=3 [######------------------] 225/900  25.0% loss=0.66872 jepa=0.21749 hard=0.82646 hard_red=0.03998 oracle=0.52393 rank=0.14583 value=0.66497 cand=2.55329 pairs=314.4
[train-progress] epoch=3 [######------------------] 250/900  27.8% loss=0.62544 jepa=0.21559 hard=0.82536 hard_red=0.03875 oracle=0.52201 rank=0.14615 value=0.67150 cand=2.54129 pairs=314.3
[train-progress] epoch=3 [#######-----------------] 275/900  30.6% loss=0.64469 jepa=0.21630 hard=0.81496 hard_red=0.03821 oracle=0.52144 rank=0.14495 value=0.67891 cand=2.53959 pairs=313.2
[train-progress] epoch=3 [########----------------] 300/900  33.3% loss=0.64206 jepa=0.21682 hard=0.80888 hard_red=0.03947 oracle=0.52064 rank=0.14366 value=0.66693 cand=2.53900 pairs=312.8
[train-progress] epoch=3 [########----------------] 325/900  36.1% loss=0.63767 jepa=0.21707 hard=0.81685 hard_red=0.03906 oracle=0.51945 rank=0.14255 value=0.65806 cand=2.53555 pairs=312.4
[train-progress] epoch=3 [#########---------------] 350/900  38.9% loss=0.62037 jepa=0.21570 hard=0.81337 hard_red=0.03766 oracle=0.51956 rank=0.14204 value=0.65321 cand=2.53769 pairs=311.8
[train-progress] epoch=3 [##########--------------] 375/900  41.7% loss=0.62264 jepa=0.21622 hard=0.81082 hard_red=0.03649 oracle=0.52016 rank=0.14161 value=0.65370 cand=2.54178 pairs=311.6
[train-progress] epoch=3 [##########--------------] 400/900  44.4% loss=0.59952 jepa=0.21536 hard=0.81050 hard_red=0.03521 oracle=0.51985 rank=0.14090 value=0.65472 cand=2.54136 pairs=312.0
[train-progress] epoch=3 [###########-------------] 425/900  47.2% loss=0.58365 jepa=0.21466 hard=0.81548 hard_red=0.03459 oracle=0.51938 rank=0.14056 value=0.64851 cand=2.54005 pairs=311.5
[train-progress] epoch=3 [############------------] 450/900  50.0% loss=0.57901 jepa=0.21387 hard=0.81519 hard_red=0.03407 oracle=0.51889 rank=0.14037 value=0.64339 cand=2.53829 pairs=311.6
[train-progress] epoch=3 [############------------] 475/900  52.8% loss=0.59263 jepa=0.21432 hard=0.82091 hard_red=0.03471 oracle=0.51948 rank=0.13892 value=0.63906 cand=2.54487 pairs=311.5
[train-progress] epoch=3 [#############-----------] 500/900  55.6% loss=0.58528 jepa=0.21470 hard=0.81939 hard_red=0.03493 oracle=0.51905 rank=0.13842 value=0.63714 cand=2.54365 pairs=311.6
[train-progress] epoch=3 [##############----------] 525/900  58.3% loss=0.62153 jepa=0.21550 hard=0.81546 hard_red=0.03533 oracle=0.51819 rank=0.13721 value=0.63567 cand=2.54141 pairs=310.6
[train-progress] epoch=3 [##############----------] 550/900  61.1% loss=0.62624 jepa=0.21591 hard=0.81700 hard_red=0.03520 oracle=0.51807 rank=0.13693 value=0.63459 cand=2.54140 pairs=310.4
[train-progress] epoch=3 [###############---------] 575/900  63.9% loss=0.62047 jepa=0.21567 hard=0.81884 hard_red=0.03516 oracle=0.51676 rank=0.13648 value=0.63069 cand=2.53543 pairs=310.3
[train-progress] epoch=3 [################--------] 600/900  66.7% loss=0.62812 jepa=0.21581 hard=0.81836 hard_red=0.03632 oracle=0.51645 rank=0.13567 value=0.62582 cand=2.53585 pairs=310.4
[train-progress] epoch=3 [################--------] 625/900  69.4% loss=0.61654 jepa=0.21574 hard=0.81859 hard_red=0.03605 oracle=0.51614 rank=0.13468 value=0.62364 cand=2.53628 pairs=309.9
[train-progress] epoch=3 [#################-------] 650/900  72.2% loss=0.60718 jepa=0.21576 hard=0.81743 hard_red=0.03574 oracle=0.51518 rank=0.13369 value=0.62671 cand=2.53254 pairs=309.8
[train-progress] epoch=3 [##################------] 675/900  75.0% loss=0.60167 jepa=0.21612 hard=0.81669 hard_red=0.03597 oracle=0.51495 rank=0.13288 value=0.62653 cand=2.53282 pairs=309.5
[train-progress] epoch=3 [##################------] 700/900  77.8% loss=0.59202 jepa=0.21634 hard=0.81358 hard_red=0.03603 oracle=0.51519 rank=0.13229 value=0.62447 cand=2.53557 pairs=309.4
[train-progress] epoch=3 [###################-----] 725/900  80.6% loss=0.58430 jepa=0.21621 hard=0.81148 hard_red=0.03605 oracle=0.51416 rank=0.13157 value=0.62297 cand=2.53141 pairs=309.0
[train-progress] epoch=3 [####################----] 750/900  83.3% loss=0.58772 jepa=0.21687 hard=0.80695 hard_red=0.03657 oracle=0.51470 rank=0.13167 value=0.62228 cand=2.53428 pairs=309.4
[train-progress] epoch=3 [####################----] 775/900  86.1% loss=0.58494 jepa=0.21697 hard=0.80686 hard_red=0.03628 oracle=0.51481 rank=0.13136 value=0.62000 cand=2.53576 pairs=310.3
[train-progress] epoch=3 [#####################---] 800/900  88.9% loss=0.57707 jepa=0.21697 hard=0.80506 hard_red=0.03573 oracle=0.51444 rank=0.13091 value=0.61670 cand=2.53495 pairs=309.9
[train-progress] epoch=3 [######################--] 825/900  91.7% loss=0.57614 jepa=0.21670 hard=0.80404 hard_red=0.03536 oracle=0.51339 rank=0.13030 value=0.61534 cand=2.53046 pairs=310.0
[train-progress] epoch=3 [######################--] 850/900  94.4% loss=0.57890 jepa=0.21689 hard=0.79931 hard_red=0.03505 oracle=0.51283 rank=0.12980 value=0.61528 cand=2.52829 pairs=310.1
[train-progress] epoch=3 [#######################-] 875/900  97.2% loss=0.57136 jepa=0.21625 hard=0.79777 hard_red=0.03516 oracle=0.51245 rank=0.12939 value=0.61370 cand=2.52718 pairs=310.1
[train-progress] epoch=3 [########################] 900/900 100.0% loss=0.56945 jepa=0.21623 hard=0.80074 hard_red=0.03504 oracle=0.51185 rank=0.12885 value=0.61105 cand=2.52519 pairs=310.3
[train] epoch=3 horizon=2 train_loss=0.569449 val_loss=0.108397 train_steps=900
[train-progress] epoch=4 [------------------------] 1/900   0.1% loss=0.26422 jepa=0.20692 hard=1.05065 hard_red=0.11554 oracle=0.37551 rank=0.05217 value=0.75254 cand=1.90114 pairs=276.0
[train-progress] epoch=4 [------------------------] 25/900   2.8% loss=1.18848 jepa=0.22823 hard=0.77097 hard_red=0.03325 oracle=0.50004 rank=0.11135 value=0.50703 cand=2.50515 pairs=306.4
[train-progress] epoch=4 [#-----------------------] 50/900   5.6% loss=0.95488 jepa=0.22811 hard=0.89167 hard_red=0.02488 oracle=0.50484 rank=0.11287 value=0.49378 cand=2.53034 pairs=303.4
[train-progress] epoch=4 [##----------------------] 75/900   8.3% loss=0.83126 jepa=0.23374 hard=0.86278 hard_red=0.02427 oracle=0.48666 rank=0.10743 value=0.54842 cand=2.43383 pairs=312.6
[train-progress] epoch=4 [##----------------------] 100/900  11.1% loss=0.72351 jepa=0.23846 hard=0.85881 hard_red=0.02542 oracle=0.49133 rank=0.10854 value=0.56125 cand=2.45622 pairs=313.1
[train-progress] epoch=4 [###---------------------] 125/900  13.9% loss=0.81430 jepa=0.24390 hard=0.82619 hard_red=0.02740 oracle=0.49031 rank=0.10736 value=0.56816 cand=2.45206 pairs=313.4
[train-progress] epoch=4 [####--------------------] 150/900  16.7% loss=0.77230 jepa=0.24437 hard=0.80641 hard_red=0.02674 oracle=0.49127 rank=0.10715 value=0.57794 cand=2.45674 pairs=312.7
[train-progress] epoch=4 [####--------------------] 175/900  19.4% loss=0.83141 jepa=0.24825 hard=0.80613 hard_red=0.02846 oracle=0.49085 rank=0.10705 value=0.58181 cand=2.45417 pairs=314.9
[train-progress] epoch=4 [#####-------------------] 200/900  22.2% loss=0.78536 jepa=0.24723 hard=0.80701 hard_red=0.02743 oracle=0.48916 rank=0.10565 value=0.57322 cand=2.44841 pairs=313.9
[train-progress] epoch=4 [######------------------] 225/900  25.0% loss=0.73530 jepa=0.24863 hard=0.80069 hard_red=0.02496 oracle=0.49094 rank=0.10652 value=0.57816 cand=2.45611 pairs=311.3
[train-progress] epoch=4 [######------------------] 250/900  27.8% loss=0.70655 jepa=0.24763 hard=0.79620 hard_red=0.02366 oracle=0.49234 rank=0.10717 value=0.58348 cand=2.46201 pairs=310.9
[train-progress] epoch=4 [#######-----------------] 275/900  30.6% loss=0.68970 jepa=0.24675 hard=0.79994 hard_red=0.02517 oracle=0.49169 rank=0.10661 value=0.57770 cand=2.46011 pairs=310.8
[train-progress] epoch=4 [########----------------] 300/900  33.3% loss=0.66657 jepa=0.24482 hard=0.81214 hard_red=0.02415 oracle=0.49153 rank=0.10610 value=0.57559 cand=2.46048 pairs=309.7
[train-progress] epoch=4 [########----------------] 325/900  36.1% loss=0.65982 jepa=0.24629 hard=0.81548 hard_red=0.02528 oracle=0.49108 rank=0.10627 value=0.57824 cand=2.45732 pairs=309.0
[train-progress] epoch=4 [#########---------------] 350/900  38.9% loss=0.64267 jepa=0.24639 hard=0.81842 hard_red=0.02449 oracle=0.49063 rank=0.10545 value=0.58157 cand=2.45605 pairs=309.0
[train-progress] epoch=4 [##########--------------] 375/900  41.7% loss=0.63938 jepa=0.24618 hard=0.81890 hard_red=0.02525 oracle=0.49003 rank=0.10465 value=0.57886 cand=2.45460 pairs=309.9
[train-progress] epoch=4 [##########--------------] 400/900  44.4% loss=0.63530 jepa=0.24606 hard=0.81570 hard_red=0.02592 oracle=0.48949 rank=0.10367 value=0.57678 cand=2.45371 pairs=309.8
[train-progress] epoch=4 [###########-------------] 425/900  47.2% loss=0.62588 jepa=0.24590 hard=0.81159 hard_red=0.02668 oracle=0.48981 rank=0.10365 value=0.57382 cand=2.45589 pairs=308.8
[train-progress] epoch=4 [############------------] 450/900  50.0% loss=0.61794 jepa=0.24468 hard=0.82200 hard_red=0.02701 oracle=0.48964 rank=0.10345 value=0.57060 cand=2.45569 pairs=309.1
[train-progress] epoch=4 [############------------] 475/900  52.8% loss=0.60954 jepa=0.24644 hard=0.81704 hard_red=0.02697 oracle=0.48965 rank=0.10347 value=0.57140 cand=2.45559 pairs=309.2
[train-progress] epoch=4 [#############-----------] 500/900  55.6% loss=0.60667 jepa=0.24719 hard=0.80958 hard_red=0.02721 oracle=0.49006 rank=0.10328 value=0.56655 cand=2.45879 pairs=308.7
[train-progress] epoch=4 [##############----------] 525/900  58.3% loss=0.60239 jepa=0.24776 hard=0.80341 hard_red=0.02684 oracle=0.49098 rank=0.10351 value=0.56364 cand=2.46376 pairs=308.5
[train-progress] epoch=4 [##############----------] 550/900  61.1% loss=0.63345 jepa=0.25212 hard=0.80091 hard_red=0.02755 oracle=0.49154 rank=0.10347 value=0.56119 cand=2.46723 pairs=308.0
[train-progress] epoch=4 [###############---------] 575/900  63.9% loss=0.63443 jepa=0.25171 hard=0.80435 hard_red=0.02777 oracle=0.49093 rank=0.10281 value=0.55606 cand=2.46570 pairs=308.5
[train-progress] epoch=4 [################--------] 600/900  66.7% loss=0.62253 jepa=0.25103 hard=0.80518 hard_red=0.02713 oracle=0.49142 rank=0.10237 value=0.55537 cand=2.46935 pairs=308.8
[train-progress] epoch=4 [################--------] 625/900  69.4% loss=0.62109 jepa=0.25042 hard=0.80757 hard_red=0.02722 oracle=0.49141 rank=0.10206 value=0.55765 cand=2.46967 pairs=309.3
[train-progress] epoch=4 [#################-------] 650/900  72.2% loss=0.61200 jepa=0.25007 hard=0.81275 hard_red=0.02716 oracle=0.49025 rank=0.10167 value=0.55860 cand=2.46389 pairs=309.5
[train-progress] epoch=4 [##################------] 675/900  75.0% loss=0.62312 jepa=0.25074 hard=0.81255 hard_red=0.02736 oracle=0.49031 rank=0.10178 value=0.55633 cand=2.46421 pairs=310.1
[train-progress] epoch=4 [##################------] 700/900  77.8% loss=0.62196 jepa=0.25311 hard=0.81095 hard_red=0.02751 oracle=0.49112 rank=0.10169 value=0.55608 cand=2.46893 pairs=309.6
[train-progress] epoch=4 [###################-----] 725/900  80.6% loss=0.61456 jepa=0.25219 hard=0.80923 hard_red=0.02724 oracle=0.49102 rank=0.10109 value=0.55422 cand=2.46975 pairs=309.2
[train-progress] epoch=4 [####################----] 750/900  83.3% loss=0.62712 jepa=0.25336 hard=0.80844 hard_red=0.02736 oracle=0.49116 rank=0.10132 value=0.56203 cand=2.46919 pairs=309.6
[train-progress] epoch=4 [####################----] 775/900  86.1% loss=0.63079 jepa=0.25341 hard=0.80908 hard_red=0.02738 oracle=0.49057 rank=0.10094 value=0.56067 cand=2.46682 pairs=310.2
[train-progress] epoch=4 [#####################---] 800/900  88.9% loss=0.62914 jepa=0.25340 hard=0.80712 hard_red=0.02761 oracle=0.49075 rank=0.10099 value=0.56008 cand=2.46780 pairs=310.0
[train-progress] epoch=4 [######################--] 825/900  91.7% loss=0.63334 jepa=0.25330 hard=0.80292 hard_red=0.02727 oracle=0.49056 rank=0.10074 value=0.55730 cand=2.46753 pairs=309.7
[train-progress] epoch=4 [######################--] 850/900  94.4% loss=0.62973 jepa=0.25368 hard=0.80655 hard_red=0.02752 oracle=0.49025 rank=0.10072 value=0.55757 cand=2.46581 pairs=309.6
[train-progress] epoch=4 [#######################-] 875/900  97.2% loss=0.62293 jepa=0.25345 hard=0.80597 hard_red=0.02755 oracle=0.49021 rank=0.10051 value=0.55779 cand=2.46600 pairs=309.4
[train-progress] epoch=4 [########################] 900/900 100.0% loss=0.62010 jepa=0.25338 hard=0.80482 hard_red=0.02765 oracle=0.49057 rank=0.10047 value=0.55836 cand=2.46796 pairs=309.2
[train] epoch=4 horizon=3 train_loss=0.620098 val_loss=0.121961 train_steps=900
[train-progress] epoch=5 [------------------------] 1/900   0.1% loss=0.88587 jepa=0.28136 hard=0.34035 hard_red=0.08311 oracle=0.54593 rank=0.09520 value=0.56705 cand=2.78483 pairs=329.0
[train-progress] epoch=5 [------------------------] 25/900   2.8% loss=0.56353 jepa=0.26059 hard=0.83334 hard_red=0.02771 oracle=0.51321 rank=0.09418 value=0.56703 cand=2.60503 pairs=323.0
[train-progress] epoch=5 [#-----------------------] 50/900   5.6% loss=0.54421 jepa=0.25456 hard=0.78495 hard_red=0.03108 oracle=0.50270 rank=0.09515 value=0.55749 cand=2.54583 pairs=321.0
[train-progress] epoch=5 [##----------------------] 75/900   8.3% loss=0.52170 jepa=0.28135 hard=0.78036 hard_red=0.03015 oracle=0.49247 rank=0.09814 value=0.60604 cand=2.47778 pairs=322.9
[train-progress] epoch=5 [##----------------------] 100/900  11.1% loss=0.47633 jepa=0.27158 hard=0.77557 hard_red=0.02564 oracle=0.48540 rank=0.09356 value=0.60841 cand=2.44712 pairs=321.9
[train-progress] epoch=5 [###---------------------] 125/900  13.9% loss=0.44825 jepa=0.26972 hard=0.78395 hard_red=0.02627 oracle=0.48665 rank=0.09451 value=0.60377 cand=2.45278 pairs=316.3
[train-progress] epoch=5 [####--------------------] 150/900  16.7% loss=0.47615 jepa=0.27681 hard=0.77936 hard_red=0.02556 oracle=0.48400 rank=0.09413 value=0.59444 cand=2.43982 pairs=317.0
[train-progress] epoch=5 [####--------------------] 175/900  19.4% loss=0.46489 jepa=0.27182 hard=0.81330 hard_red=0.02627 oracle=0.48594 rank=0.09435 value=0.57866 cand=2.45190 pairs=314.8
[train-progress] epoch=5 [#####-------------------] 200/900  22.2% loss=0.47162 jepa=0.27194 hard=0.81909 hard_red=0.02666 oracle=0.48404 rank=0.09314 value=0.57810 cand=2.44379 pairs=314.3
[train-progress] epoch=5 [######------------------] 225/900  25.0% loss=0.48270 jepa=0.27243 hard=0.81166 hard_red=0.02582 oracle=0.48471 rank=0.09317 value=0.57323 cand=2.44799 pairs=312.1
[train-progress] epoch=5 [######------------------] 250/900  27.8% loss=0.47856 jepa=0.26979 hard=0.81562 hard_red=0.02709 oracle=0.48458 rank=0.09253 value=0.56654 cand=2.44922 pairs=313.6
[train-progress] epoch=5 [#######-----------------] 275/900  30.6% loss=0.51153 jepa=0.26712 hard=0.82044 hard_red=0.02716 oracle=0.48239 rank=0.09210 value=0.56897 cand=2.43765 pairs=315.2
[train-progress] epoch=5 [########----------------] 300/900  33.3% loss=0.55746 jepa=0.26515 hard=0.80764 hard_red=0.02682 oracle=0.48428 rank=0.09188 value=0.56072 cand=2.44949 pairs=314.9
[train-progress] epoch=5 [########----------------] 325/900  36.1% loss=0.57353 jepa=0.26512 hard=0.80698 hard_red=0.02719 oracle=0.48649 rank=0.09196 value=0.55517 cand=2.46222 pairs=313.9
[train-progress] epoch=5 [#########---------------] 350/900  38.9% loss=0.56015 jepa=0.26385 hard=0.81397 hard_red=0.02611 oracle=0.48662 rank=0.09177 value=0.55175 cand=2.46371 pairs=313.4
[train-progress] epoch=5 [##########--------------] 375/900  41.7% loss=0.59268 jepa=0.26214 hard=0.81160 hard_red=0.02596 oracle=0.48696 rank=0.09125 value=0.54397 cand=2.46749 pairs=313.3
[train-progress] epoch=5 [##########--------------] 400/900  44.4% loss=0.59667 jepa=0.26103 hard=0.80653 hard_red=0.02689 oracle=0.48679 rank=0.09110 value=0.54625 cand=2.46652 pairs=314.4
[train-progress] epoch=5 [###########-------------] 425/900  47.2% loss=0.62169 jepa=0.26083 hard=0.80193 hard_red=0.02748 oracle=0.48581 rank=0.09083 value=0.54785 cand=2.46149 pairs=314.0
[train-progress] epoch=5 [############------------] 450/900  50.0% loss=0.61087 jepa=0.26073 hard=0.80265 hard_red=0.02759 oracle=0.48570 rank=0.09100 value=0.54855 cand=2.46041 pairs=314.0
[train-progress] epoch=5 [############------------] 475/900  52.8% loss=0.60599 jepa=0.26108 hard=0.80438 hard_red=0.02786 oracle=0.48499 rank=0.09052 value=0.54891 cand=2.45739 pairs=313.3
[train-progress] epoch=5 [#############-----------] 500/900  55.6% loss=0.59150 jepa=0.25950 hard=0.80355 hard_red=0.02733 oracle=0.48536 rank=0.09020 value=0.54650 cand=2.46033 pairs=312.9
[train-progress] epoch=5 [##############----------] 525/900  58.3% loss=0.60544 jepa=0.26006 hard=0.80117 hard_red=0.02710 oracle=0.48552 rank=0.09027 value=0.54848 cand=2.46085 pairs=312.5
[train-progress] epoch=5 [##############----------] 550/900  61.1% loss=0.61607 jepa=0.26027 hard=0.79718 hard_red=0.02746 oracle=0.48516 rank=0.08980 value=0.55204 cand=2.45936 pairs=311.7
[train-progress] epoch=5 [###############---------] 575/900  63.9% loss=0.63184 jepa=0.26416 hard=0.80022 hard_red=0.02739 oracle=0.48450 rank=0.08952 value=0.54899 cand=2.45658 pairs=311.1
[train-progress] epoch=5 [################--------] 600/900  66.7% loss=0.63131 jepa=0.26430 hard=0.79465 hard_red=0.02684 oracle=0.48450 rank=0.08990 value=0.54705 cand=2.45611 pairs=310.9
[train-progress] epoch=5 [################--------] 625/900  69.4% loss=0.62559 jepa=0.26438 hard=0.79656 hard_red=0.02688 oracle=0.48449 rank=0.08984 value=0.54613 cand=2.45624 pairs=310.1
[train-progress] epoch=5 [#################-------] 650/900  72.2% loss=0.61117 jepa=0.26390 hard=0.80070 hard_red=0.02679 oracle=0.48389 rank=0.08964 value=0.54467 cand=2.45348 pairs=310.4
[train-progress] epoch=5 [##################------] 675/900  75.0% loss=0.59897 jepa=0.26290 hard=0.80031 hard_red=0.02639 oracle=0.48378 rank=0.08951 value=0.54480 cand=2.45307 pairs=310.8
[train-progress] epoch=5 [##################------] 700/900  77.8% loss=0.61727 jepa=0.26354 hard=0.80130 hard_red=0.02657 oracle=0.48333 rank=0.08953 value=0.54227 cand=2.45081 pairs=310.2
[train-progress] epoch=5 [###################-----] 725/900  80.6% loss=0.62016 jepa=0.26452 hard=0.79834 hard_red=0.02673 oracle=0.48354 rank=0.08952 value=0.54218 cand=2.45200 pairs=310.1
[train-progress] epoch=5 [####################----] 750/900  83.3% loss=0.62414 jepa=0.26494 hard=0.79243 hard_red=0.02708 oracle=0.48424 rank=0.08947 value=0.53911 cand=2.45632 pairs=309.9
[train-progress] epoch=5 [####################----] 775/900  86.1% loss=0.61238 jepa=0.26477 hard=0.79656 hard_red=0.02693 oracle=0.48379 rank=0.08935 value=0.53930 cand=2.45406 pairs=309.5
[train-progress] epoch=5 [#####################---] 800/900  88.9% loss=0.61871 jepa=0.26571 hard=0.79584 hard_red=0.02674 oracle=0.48330 rank=0.08907 value=0.54089 cand=2.45172 pairs=310.0
[train-progress] epoch=5 [######################--] 825/900  91.7% loss=0.62532 jepa=0.26490 hard=0.79969 hard_red=0.02701 oracle=0.48352 rank=0.08923 value=0.53741 cand=2.45297 pairs=309.3
[train-progress] epoch=5 [######################--] 850/900  94.4% loss=0.61791 jepa=0.26496 hard=0.80350 hard_red=0.02681 oracle=0.48350 rank=0.08923 value=0.53956 cand=2.45268 pairs=308.6
[train-progress] epoch=5 [#######################-] 875/900  97.2% loss=0.62025 jepa=0.26504 hard=0.80042 hard_red=0.02706 oracle=0.48407 rank=0.08917 value=0.53712 cand=2.45621 pairs=308.5
[train-progress] epoch=5 [########################] 900/900 100.0% loss=0.61659 jepa=0.26477 hard=0.80375 hard_red=0.02757 oracle=0.48407 rank=0.08887 value=0.53521 cand=2.45700 pairs=308.3
[train] epoch=5 horizon=3 train_loss=0.616589 val_loss=0.120595 train_steps=900
[train-progress] epoch=6 [------------------------] 1/900   0.1% loss=0.12311 jepa=0.26466 hard=0.91599 hard_red=0.00030 oracle=0.39738 rank=0.06708 value=0.74584 cand=1.99434 pairs=413.0
[train-progress] epoch=6 [------------------------] 25/900   2.8% loss=1.07169 jepa=0.29255 hard=0.81128 hard_red=0.01984 oracle=0.45083 rank=0.07711 value=0.54072 cand=2.29462 pairs=341.8
[train-progress] epoch=6 [#-----------------------] 50/900   5.6% loss=0.93097 jepa=0.28954 hard=0.82009 hard_red=0.02813 oracle=0.46356 rank=0.07727 value=0.49352 cand=2.37024 pairs=321.1
[train-progress] epoch=6 [##----------------------] 75/900   8.3% loss=1.05309 jepa=0.29486 hard=0.82943 hard_red=0.02933 oracle=0.47268 rank=0.07994 value=0.50929 cand=2.41397 pairs=318.5
[train-progress] epoch=6 [##----------------------] 100/900  11.1% loss=0.95755 jepa=0.28943 hard=0.79857 hard_red=0.02983 oracle=0.48075 rank=0.07985 value=0.49403 cand=2.46071 pairs=316.7
[train-progress] epoch=6 [###---------------------] 125/900  13.9% loss=0.84919 jepa=0.28844 hard=0.78824 hard_red=0.02726 oracle=0.47680 rank=0.08001 value=0.49282 cand=2.43854 pairs=314.9
[train-progress] epoch=6 [####--------------------] 150/900  16.7% loss=0.80498 jepa=0.28945 hard=0.77537 hard_red=0.02794 oracle=0.48033 rank=0.08165 value=0.48233 cand=2.45617 pairs=314.5
[train-progress] epoch=6 [####--------------------] 175/900  19.4% loss=0.85078 jepa=0.29812 hard=0.77382 hard_red=0.03100 oracle=0.48254 rank=0.08220 value=0.49012 cand=2.46648 pairs=315.8
[train-progress] epoch=6 [#####-------------------] 200/900  22.2% loss=0.83804 jepa=0.29647 hard=0.77687 hard_red=0.03169 oracle=0.48047 rank=0.08148 value=0.49917 cand=2.45539 pairs=316.5
[train-progress] epoch=6 [######------------------] 225/900  25.0% loss=0.79453 jepa=0.29270 hard=0.77630 hard_red=0.03232 oracle=0.48050 rank=0.08084 value=0.50445 cand=2.45619 pairs=315.1
[train-progress] epoch=6 [######------------------] 250/900  27.8% loss=0.82681 jepa=0.29287 hard=0.77056 hard_red=0.03226 oracle=0.48262 rank=0.08179 value=0.50034 cand=2.46659 pairs=313.7
[train-progress] epoch=6 [#######-----------------] 275/900  30.6% loss=0.86303 jepa=0.29307 hard=0.76940 hard_red=0.03091 oracle=0.48402 rank=0.08242 value=0.49686 cand=2.47354 pairs=314.1
[train-progress] epoch=6 [########----------------] 300/900  33.3% loss=0.83720 jepa=0.30059 hard=0.76905 hard_red=0.03067 oracle=0.48529 rank=0.08317 value=0.50062 cand=2.47871 pairs=312.8
[train-progress] epoch=6 [########----------------] 325/900  36.1% loss=0.88069 jepa=0.30452 hard=0.76968 hard_red=0.02954 oracle=0.48753 rank=0.08494 value=0.49947 cand=2.48784 pairs=311.1
[train-progress] epoch=6 [#########---------------] 350/900  38.9% loss=0.86853 jepa=0.30302 hard=0.77171 hard_red=0.02922 oracle=0.48598 rank=0.08470 value=0.50268 cand=2.47935 pairs=309.6
[train-progress] epoch=6 [##########--------------] 375/900  41.7% loss=0.85676 jepa=0.30171 hard=0.77131 hard_red=0.02837 oracle=0.48486 rank=0.08373 value=0.50089 cand=2.47521 pairs=308.4
[train-progress] epoch=6 [##########--------------] 400/900  44.4% loss=0.83513 jepa=0.30119 hard=0.77282 hard_red=0.02845 oracle=0.48543 rank=0.08428 value=0.50392 cand=2.47698 pairs=307.4
[train-progress] epoch=6 [###########-------------] 425/900  47.2% loss=0.82556 jepa=0.30212 hard=0.77205 hard_red=0.02830 oracle=0.48534 rank=0.08415 value=0.50818 cand=2.47624 pairs=307.3
[train-progress] epoch=6 [############------------] 450/900  50.0% loss=0.81033 jepa=0.30314 hard=0.76721 hard_red=0.02736 oracle=0.48448 rank=0.08402 value=0.51215 cand=2.47127 pairs=307.4
[train-progress] epoch=6 [############------------] 475/900  52.8% loss=0.79601 jepa=0.30387 hard=0.76801 hard_red=0.02745 oracle=0.48448 rank=0.08405 value=0.50995 cand=2.47146 pairs=307.0
[train-progress] epoch=6 [#############-----------] 500/900  55.6% loss=0.78698 jepa=0.30401 hard=0.77103 hard_red=0.02718 oracle=0.48467 rank=0.08415 value=0.50747 cand=2.47260 pairs=307.3
[train-progress] epoch=6 [##############----------] 525/900  58.3% loss=0.79784 jepa=0.30322 hard=0.76913 hard_red=0.02707 oracle=0.48486 rank=0.08413 value=0.50628 cand=2.47385 pairs=308.4
[train-progress] epoch=6 [##############----------] 550/900  61.1% loss=0.79878 jepa=0.30402 hard=0.76919 hard_red=0.02770 oracle=0.48512 rank=0.08415 value=0.50497 cand=2.47537 pairs=307.8
[train-progress] epoch=6 [###############---------] 575/900  63.9% loss=0.79502 jepa=0.30305 hard=0.77614 hard_red=0.02853 oracle=0.48548 rank=0.08399 value=0.50421 cand=2.47775 pairs=307.4
[train-progress] epoch=6 [################--------] 600/900  66.7% loss=0.79650 jepa=0.30273 hard=0.77979 hard_red=0.02841 oracle=0.48474 rank=0.08382 value=0.50422 cand=2.47398 pairs=306.6
[train-progress] epoch=6 [################--------] 625/900  69.4% loss=0.78341 jepa=0.30320 hard=0.77837 hard_red=0.02840 oracle=0.48431 rank=0.08377 value=0.50574 cand=2.47153 pairs=307.1
[train-progress] epoch=6 [#################-------] 650/900  72.2% loss=0.80956 jepa=0.30337 hard=0.77869 hard_red=0.02896 oracle=0.48403 rank=0.08347 value=0.50440 cand=2.47069 pairs=307.2
[train-progress] epoch=6 [##################------] 675/900  75.0% loss=0.81913 jepa=0.30282 hard=0.77847 hard_red=0.02945 oracle=0.48371 rank=0.08332 value=0.50314 cand=2.46935 pairs=307.5
[train-progress] epoch=6 [##################------] 700/900  77.8% loss=0.80352 jepa=0.30262 hard=0.77600 hard_red=0.02904 oracle=0.48333 rank=0.08311 value=0.50370 cand=2.46761 pairs=307.0
[train-progress] epoch=6 [###################-----] 725/900  80.6% loss=0.79065 jepa=0.30251 hard=0.77527 hard_red=0.02898 oracle=0.48295 rank=0.08249 value=0.50722 cand=2.46630 pairs=307.4
[train-progress] epoch=6 [####################----] 750/900  83.3% loss=0.79236 jepa=0.30168 hard=0.77717 hard_red=0.02883 oracle=0.48239 rank=0.08249 value=0.50630 cand=2.46332 pairs=307.5
[train-progress] epoch=6 [####################----] 775/900  86.1% loss=0.80070 jepa=0.30226 hard=0.77794 hard_red=0.02886 oracle=0.48212 rank=0.08221 value=0.50698 cand=2.46225 pairs=307.2
[train-progress] epoch=6 [#####################---] 800/900  88.9% loss=0.79138 jepa=0.30197 hard=0.77780 hard_red=0.02890 oracle=0.48215 rank=0.08217 value=0.50455 cand=2.46275 pairs=306.8
[train-progress] epoch=6 [######################--] 825/900  91.7% loss=0.78894 jepa=0.30331 hard=0.77804 hard_red=0.02907 oracle=0.48201 rank=0.08224 value=0.50474 cand=2.46186 pairs=307.5
[train-progress] epoch=6 [######################--] 850/900  94.4% loss=0.78676 jepa=0.30428 hard=0.77766 hard_red=0.02937 oracle=0.48114 rank=0.08188 value=0.50471 cand=2.45769 pairs=307.7
[train-progress] epoch=6 [#######################-] 875/900  97.2% loss=0.78997 jepa=0.30436 hard=0.77434 hard_red=0.02933 oracle=0.48059 rank=0.08164 value=0.50382 cand=2.45519 pairs=308.4
[train-progress] epoch=6 [########################] 900/900 100.0% loss=0.78854 jepa=0.30560 hard=0.77465 hard_red=0.02994 oracle=0.48124 rank=0.08181 value=0.50228 cand=2.45871 pairs=307.8
[train] epoch=6 horizon=4 train_loss=0.788539 val_loss=0.142408 train_steps=900
[train-progress] epoch=7 [------------------------] 1/900   0.1% loss=0.61981 jepa=0.32251 hard=0.23007 hard_red=0.00109 oracle=0.56120 rank=0.09030 value=0.34927 cand=2.90337 pairs=337.0
[train-progress] epoch=7 [------------------------] 25/900   2.8% loss=0.60729 jepa=0.30858 hard=0.89587 hard_red=0.03423 oracle=0.47543 rank=0.08169 value=0.44949 cand=2.43249 pairs=295.2
[train-progress] epoch=7 [#-----------------------] 50/900   5.6% loss=0.59608 jepa=0.29346 hard=0.83312 hard_red=0.02532 oracle=0.46461 rank=0.07391 value=0.45889 cand=2.38649 pairs=295.4
[train-progress] epoch=7 [##----------------------] 75/900   8.3% loss=0.81387 jepa=0.31848 hard=0.76820 hard_red=0.02593 oracle=0.46557 rank=0.07382 value=0.47890 cand=2.38973 pairs=302.2
[train-progress] epoch=7 [##----------------------] 100/900  11.1% loss=0.78337 jepa=0.32390 hard=0.74416 hard_red=0.02391 oracle=0.46669 rank=0.07521 value=0.48083 cand=2.39306 pairs=300.7
[train-progress] epoch=7 [###---------------------] 125/900  13.9% loss=0.72010 jepa=0.31897 hard=0.75210 hard_red=0.02552 oracle=0.46369 rank=0.07509 value=0.48303 cand=2.37639 pairs=303.8
[train-progress] epoch=7 [####--------------------] 150/900  16.7% loss=0.68609 jepa=0.31866 hard=0.76979 hard_red=0.02582 oracle=0.46400 rank=0.07581 value=0.47880 cand=2.37715 pairs=302.7
[train-progress] epoch=7 [####--------------------] 175/900  19.4% loss=0.74244 jepa=0.31851 hard=0.76554 hard_red=0.02771 oracle=0.46715 rank=0.07625 value=0.46084 cand=2.39579 pairs=302.8
[train-progress] epoch=7 [#####-------------------] 200/900  22.2% loss=0.76802 jepa=0.31721 hard=0.75942 hard_red=0.02712 oracle=0.46669 rank=0.07582 value=0.47373 cand=2.39265 pairs=305.8
[train-progress] epoch=7 [######------------------] 225/900  25.0% loss=0.72975 jepa=0.31256 hard=0.75555 hard_red=0.02585 oracle=0.46740 rank=0.07552 value=0.47069 cand=2.39751 pairs=305.2
[train-progress] epoch=7 [######------------------] 250/900  27.8% loss=0.72133 jepa=0.30996 hard=0.74844 hard_red=0.02586 oracle=0.46810 rank=0.07563 value=0.47163 cand=2.40109 pairs=305.8
[train-progress] epoch=7 [#######-----------------] 275/900  30.6% loss=0.73040 jepa=0.31037 hard=0.74513 hard_red=0.02730 oracle=0.47100 rank=0.07526 value=0.46901 cand=2.41821 pairs=306.7
[train-progress] epoch=7 [########----------------] 300/900  33.3% loss=0.76890 jepa=0.31238 hard=0.74149 hard_red=0.02713 oracle=0.47046 rank=0.07467 value=0.47009 cand=2.41626 pairs=307.5
[train-progress] epoch=7 [########----------------] 325/900  36.1% loss=0.74258 jepa=0.30984 hard=0.75549 hard_red=0.02728 oracle=0.47048 rank=0.07455 value=0.46661 cand=2.41698 pairs=308.8
[train-progress] epoch=7 [#########---------------] 350/900  38.9% loss=0.72598 jepa=0.30721 hard=0.75526 hard_red=0.02653 oracle=0.47089 rank=0.07461 value=0.46316 cand=2.41951 pairs=309.3
[train-progress] epoch=7 [##########--------------] 375/900  41.7% loss=0.72996 jepa=0.30530 hard=0.75393 hard_red=0.02607 oracle=0.47193 rank=0.07488 value=0.45834 cand=2.42528 pairs=308.7
[train-progress] epoch=7 [##########--------------] 400/900  44.4% loss=0.72967 jepa=0.30524 hard=0.75097 hard_red=0.02607 oracle=0.46970 rank=0.07448 value=0.45995 cand=2.41351 pairs=309.1
[train-progress] epoch=7 [###########-------------] 425/900  47.2% loss=0.71776 jepa=0.30378 hard=0.75285 hard_red=0.02579 oracle=0.46907 rank=0.07439 value=0.46165 cand=2.41001 pairs=309.0
[train-progress] epoch=7 [############------------] 450/900  50.0% loss=0.80145 jepa=0.30490 hard=0.75282 hard_red=0.02646 oracle=0.46944 rank=0.07410 value=0.46087 cand=2.41273 pairs=309.1
[train-progress] epoch=7 [############------------] 475/900  52.8% loss=0.79665 jepa=0.30475 hard=0.76280 hard_red=0.02660 oracle=0.47055 rank=0.07516 value=0.46232 cand=2.41663 pairs=310.0
[train-progress] epoch=7 [#############-----------] 500/900  55.6% loss=0.77970 jepa=0.30351 hard=0.76884 hard_red=0.02697 oracle=0.46913 rank=0.07466 value=0.46381 cand=2.40954 pairs=309.9
[train-progress] epoch=7 [##############----------] 525/900  58.3% loss=0.75980 jepa=0.30171 hard=0.76581 hard_red=0.02677 oracle=0.46939 rank=0.07451 value=0.46171 cand=2.41151 pairs=309.9
[train-progress] epoch=7 [##############----------] 550/900  61.1% loss=0.74572 jepa=0.30057 hard=0.76501 hard_red=0.02695 oracle=0.46941 rank=0.07439 value=0.45802 cand=2.41228 pairs=309.6
[train-progress] epoch=7 [###############---------] 575/900  63.9% loss=0.73069 jepa=0.29964 hard=0.76388 hard_red=0.02656 oracle=0.46901 rank=0.07424 value=0.45672 cand=2.41051 pairs=309.4
[train-progress] epoch=7 [################--------] 600/900  66.7% loss=0.73268 jepa=0.29995 hard=0.76401 hard_red=0.02727 oracle=0.46927 rank=0.07463 value=0.45944 cand=2.41089 pairs=310.4
[train-progress] epoch=7 [################--------] 625/900  69.4% loss=0.72821 jepa=0.29970 hard=0.76755 hard_red=0.02744 oracle=0.46854 rank=0.07441 value=0.46350 cand=2.40683 pairs=311.3
[train-progress] epoch=7 [#################-------] 650/900  72.2% loss=0.74806 jepa=0.29893 hard=0.76912 hard_red=0.02734 oracle=0.46834 rank=0.07449 value=0.46386 cand=2.40550 pairs=310.6
[train-progress] epoch=7 [##################------] 675/900  75.0% loss=0.75510 jepa=0.29994 hard=0.76798 hard_red=0.02767 oracle=0.46853 rank=0.07460 value=0.46549 cand=2.40615 pairs=310.8
[train-progress] epoch=7 [##################------] 700/900  77.8% loss=0.75558 jepa=0.29961 hard=0.76522 hard_red=0.02752 oracle=0.46885 rank=0.07479 value=0.46363 cand=2.40776 pairs=310.8
[train-progress] epoch=7 [###################-----] 725/900  80.6% loss=0.74573 jepa=0.29878 hard=0.76536 hard_red=0.02729 oracle=0.46844 rank=0.07495 value=0.46514 cand=2.40502 pairs=311.1
[train-progress] epoch=7 [####################----] 750/900  83.3% loss=0.73167 jepa=0.29822 hard=0.76908 hard_red=0.02736 oracle=0.46901 rank=0.07514 value=0.46587 cand=2.40772 pairs=311.0
[train-progress] epoch=7 [####################----] 775/900  86.1% loss=0.74028 jepa=0.29796 hard=0.76885 hard_red=0.02734 oracle=0.46898 rank=0.07518 value=0.46444 cand=2.40763 pairs=310.9
[train-progress] epoch=7 [#####################---] 800/900  88.9% loss=0.74828 jepa=0.29781 hard=0.76960 hard_red=0.02745 oracle=0.46930 rank=0.07510 value=0.46183 cand=2.40991 pairs=310.4
[train-progress] epoch=7 [######################--] 825/900  91.7% loss=0.76691 jepa=0.29898 hard=0.76497 hard_red=0.02766 oracle=0.46851 rank=0.07497 value=0.46318 cand=2.40559 pairs=310.4
[train-progress] epoch=7 [######################--] 850/900  94.4% loss=0.76859 jepa=0.29814 hard=0.76806 hard_red=0.02774 oracle=0.46856 rank=0.07492 value=0.46272 cand=2.40602 pairs=310.4
[train-progress] epoch=7 [#######################-] 875/900  97.2% loss=0.76351 jepa=0.29808 hard=0.76776 hard_red=0.02792 oracle=0.46851 rank=0.07502 value=0.46320 cand=2.40547 pairs=310.7
[train-progress] epoch=7 [########################] 900/900 100.0% loss=0.78058 jepa=0.30023 hard=0.76924 hard_red=0.02851 oracle=0.46795 rank=0.07482 value=0.46248 cand=2.40284 pairs=310.9
[train] epoch=7 horizon=4 train_loss=0.780581 val_loss=0.139684 train_steps=900
[train-progress] epoch=8 [------------------------] 1/900   0.1% loss=0.14988 jepa=0.29166 hard=0.76645 hard_red=0.03055 oracle=0.40584 rank=0.07988 value=0.54888 cand=2.03838 pairs=456.0
[train-progress] epoch=8 [------------------------] 25/900   2.8% loss=0.83309 jepa=0.31933 hard=0.83623 hard_red=0.02636 oracle=0.47031 rank=0.07289 value=0.41088 cand=2.42547 pairs=320.0
[train-progress] epoch=8 [#-----------------------] 50/900   5.6% loss=1.38220 jepa=0.34193 hard=0.76745 hard_red=0.02808 oracle=0.46848 rank=0.07130 value=0.49040 cand=2.40955 pairs=308.3
[train-progress] epoch=8 [##----------------------] 75/900   8.3% loss=1.08262 jepa=0.32706 hard=0.74580 hard_red=0.02519 oracle=0.46731 rank=0.07061 value=0.47706 cand=2.40586 pairs=303.9
[train-progress] epoch=8 [##----------------------] 100/900  11.1% loss=1.06345 jepa=0.32965 hard=0.75056 hard_red=0.02684 oracle=0.47338 rank=0.07133 value=0.47724 cand=2.43814 pairs=305.1
[train-progress] epoch=8 [###---------------------] 125/900  13.9% loss=1.07666 jepa=0.32640 hard=0.75708 hard_red=0.02727 oracle=0.46980 rank=0.07044 value=0.46160 cand=2.42176 pairs=306.1
[train-progress] epoch=8 [####--------------------] 150/900  16.7% loss=1.03604 jepa=0.32359 hard=0.76426 hard_red=0.02583 oracle=0.46969 rank=0.07205 value=0.45778 cand=2.41843 pairs=308.8
[train-progress] epoch=8 [####--------------------] 175/900  19.4% loss=0.97580 jepa=0.33106 hard=0.77501 hard_red=0.02517 oracle=0.47239 rank=0.07273 value=0.45261 cand=2.43270 pairs=309.7
[train-progress] epoch=8 [#####-------------------] 200/900  22.2% loss=1.03033 jepa=0.33192 hard=0.78173 hard_red=0.02609 oracle=0.47139 rank=0.07247 value=0.45566 cand=2.42731 pairs=311.0
[train-progress] epoch=8 [######------------------] 225/900  25.0% loss=1.07160 jepa=0.33473 hard=0.75469 hard_red=0.02591 oracle=0.47142 rank=0.07262 value=0.45807 cand=2.42688 pairs=310.0
[train-progress] epoch=8 [######------------------] 250/900  27.8% loss=1.01638 jepa=0.33716 hard=0.74226 hard_red=0.02558 oracle=0.47060 rank=0.07320 value=0.46486 cand=2.42046 pairs=310.1
[train-progress] epoch=8 [#######-----------------] 275/900  30.6% loss=0.98488 jepa=0.33446 hard=0.74303 hard_red=0.02498 oracle=0.47052 rank=0.07379 value=0.46269 cand=2.41914 pairs=310.4
[train-progress] epoch=8 [########----------------] 300/900  33.3% loss=0.97168 jepa=0.33505 hard=0.74604 hard_red=0.02532 oracle=0.47097 rank=0.07373 value=0.46417 cand=2.42158 pairs=310.6
[train-progress] epoch=8 [########----------------] 325/900  36.1% loss=0.95504 jepa=0.33396 hard=0.74633 hard_red=0.02669 oracle=0.47008 rank=0.07308 value=0.46253 cand=2.41808 pairs=311.1
[train-progress] epoch=8 [#########---------------] 350/900  38.9% loss=0.92830 jepa=0.33389 hard=0.75412 hard_red=0.02710 oracle=0.46945 rank=0.07306 value=0.46302 cand=2.41455 pairs=310.6
[train-progress] epoch=8 [##########--------------] 375/900  41.7% loss=0.98032 jepa=0.33998 hard=0.75554 hard_red=0.02722 oracle=0.46764 rank=0.07316 value=0.46722 cand=2.40385 pairs=310.4
[train-progress] epoch=8 [##########--------------] 400/900  44.4% loss=0.96292 jepa=0.34154 hard=0.74672 hard_red=0.02648 oracle=0.46727 rank=0.07304 value=0.47548 cand=2.40109 pairs=310.4
[train-progress] epoch=8 [###########-------------] 425/900  47.2% loss=0.94521 jepa=0.33942 hard=0.75903 hard_red=0.02658 oracle=0.46649 rank=0.07275 value=0.47468 cand=2.39740 pairs=310.2
[train-progress] epoch=8 [############------------] 450/900  50.0% loss=0.92443 jepa=0.33902 hard=0.75996 hard_red=0.02616 oracle=0.46653 rank=0.07266 value=0.47116 cand=2.39818 pairs=310.2
[train-progress] epoch=8 [############------------] 475/900  52.8% loss=0.96776 jepa=0.34092 hard=0.76232 hard_red=0.02694 oracle=0.46679 rank=0.07262 value=0.47007 cand=2.39982 pairs=309.5
[train-progress] epoch=8 [#############-----------] 500/900  55.6% loss=0.96353 jepa=0.34153 hard=0.76943 hard_red=0.02728 oracle=0.46751 rank=0.07298 value=0.46838 cand=2.40335 pairs=310.5
[train-progress] epoch=8 [##############----------] 525/900  58.3% loss=0.99204 jepa=0.34336 hard=0.76452 hard_red=0.02765 oracle=0.46728 rank=0.07280 value=0.46929 cand=2.40228 pairs=310.8
[train-progress] epoch=8 [##############----------] 550/900  61.1% loss=0.97919 jepa=0.34438 hard=0.76267 hard_red=0.02754 oracle=0.46783 rank=0.07292 value=0.46966 cand=2.40506 pairs=311.3
[train-progress] epoch=8 [###############---------] 575/900  63.9% loss=0.95716 jepa=0.34266 hard=0.76590 hard_red=0.02750 oracle=0.46853 rank=0.07278 value=0.46595 cand=2.40965 pairs=311.4
[train-progress] epoch=8 [################--------] 600/900  66.7% loss=0.93581 jepa=0.34206 hard=0.76871 hard_red=0.02736 oracle=0.46921 rank=0.07290 value=0.46185 cand=2.41362 pairs=311.2
[train-progress] epoch=8 [################--------] 625/900  69.4% loss=0.91720 jepa=0.34102 hard=0.76929 hard_red=0.02745 oracle=0.46957 rank=0.07298 value=0.46033 cand=2.41564 pairs=311.0
[train-progress] epoch=8 [#################-------] 650/900  72.2% loss=0.90658 jepa=0.34129 hard=0.77190 hard_red=0.02733 oracle=0.46957 rank=0.07317 value=0.45967 cand=2.41535 pairs=311.2
[train-progress] epoch=8 [##################------] 675/900  75.0% loss=0.92577 jepa=0.34156 hard=0.77130 hard_red=0.02741 oracle=0.46934 rank=0.07299 value=0.45883 cand=2.41457 pairs=310.8
[train-progress] epoch=8 [##################------] 700/900  77.8% loss=0.92896 jepa=0.34334 hard=0.76466 hard_red=0.02754 oracle=0.46932 rank=0.07324 value=0.45866 cand=2.41399 pairs=311.3
[train-progress] epoch=8 [###################-----] 725/900  80.6% loss=0.92807 jepa=0.34321 hard=0.76135 hard_red=0.02780 oracle=0.46940 rank=0.07328 value=0.45720 cand=2.41446 pairs=311.3
[train-progress] epoch=8 [####################----] 750/900  83.3% loss=0.92368 jepa=0.34272 hard=0.76205 hard_red=0.02755 oracle=0.46902 rank=0.07327 value=0.45824 cand=2.41229 pairs=310.6
[train-progress] epoch=8 [####################----] 775/900  86.1% loss=0.93026 jepa=0.34470 hard=0.75949 hard_red=0.02778 oracle=0.46959 rank=0.07330 value=0.45587 cand=2.41565 pairs=310.1
[train-progress] epoch=8 [#####################---] 800/900  88.9% loss=0.92048 jepa=0.34467 hard=0.76063 hard_red=0.02754 oracle=0.46971 rank=0.07326 value=0.45558 cand=2.41640 pairs=310.4
[train-progress] epoch=8 [######################--] 825/900  91.7% loss=0.91206 jepa=0.34497 hard=0.76123 hard_red=0.02785 oracle=0.46907 rank=0.07343 value=0.45581 cand=2.41254 pairs=310.5
[train-progress] epoch=8 [######################--] 850/900  94.4% loss=0.90714 jepa=0.34498 hard=0.76015 hard_red=0.02755 oracle=0.46899 rank=0.07334 value=0.45591 cand=2.41226 pairs=311.3
[train-progress] epoch=8 [#######################-] 875/900  97.2% loss=0.91253 jepa=0.34479 hard=0.75896 hard_red=0.02720 oracle=0.46927 rank=0.07332 value=0.45458 cand=2.41394 pairs=310.9
[train-progress] epoch=8 [########################] 900/900 100.0% loss=0.91220 jepa=0.34610 hard=0.75836 hard_red=0.02743 oracle=0.46969 rank=0.07344 value=0.45364 cand=2.41619 pairs=311.0
[train] epoch=8 horizon=5 train_loss=0.912198 val_loss=0.197265 train_steps=900
[train-progress] epoch=9 [------------------------] 1/900   0.1% loss=3.86264 jepa=0.51743 hard=1.24467 hard_red=0.07677 oracle=0.46875 rank=0.08738 value=0.26753 cand=2.40455 pairs=332.0
[train-progress] epoch=9 [------------------------] 25/900   2.8% loss=0.89266 jepa=0.36675 hard=0.82732 hard_red=0.02189 oracle=0.47705 rank=0.08095 value=0.37587 cand=2.45110 pairs=312.2
[train-progress] epoch=9 [#-----------------------] 50/900   5.6% loss=1.01885 jepa=0.37663 hard=0.76283 hard_red=0.02921 oracle=0.47065 rank=0.07489 value=0.41573 cand=2.42293 pairs=314.6
[train-progress] epoch=9 [##----------------------] 75/900   8.3% loss=0.85059 jepa=0.36385 hard=0.73989 hard_red=0.02678 oracle=0.47323 rank=0.07350 value=0.39711 cand=2.44200 pairs=307.0
[train-progress] epoch=9 [##----------------------] 100/900  11.1% loss=0.76514 jepa=0.35976 hard=0.71892 hard_red=0.02383 oracle=0.47199 rank=0.07219 value=0.41451 cand=2.43575 pairs=306.6
[train-progress] epoch=9 [###---------------------] 125/900  13.9% loss=0.75963 jepa=0.35150 hard=0.72297 hard_red=0.02482 oracle=0.46708 rank=0.07004 value=0.41295 cand=2.41285 pairs=305.3
[train-progress] epoch=9 [####--------------------] 150/900  16.7% loss=0.78914 jepa=0.34904 hard=0.75118 hard_red=0.02629 oracle=0.46676 rank=0.06931 value=0.41645 cand=2.41208 pairs=306.9
[train-progress] epoch=9 [####--------------------] 175/900  19.4% loss=0.76217 jepa=0.34719 hard=0.75141 hard_red=0.02479 oracle=0.46905 rank=0.07023 value=0.41938 cand=2.42269 pairs=309.2
[train-progress] epoch=9 [#####-------------------] 200/900  22.2% loss=0.81578 jepa=0.35003 hard=0.76317 hard_red=0.02543 oracle=0.46971 rank=0.07073 value=0.41244 cand=2.42613 pairs=307.6
[train-progress] epoch=9 [######------------------] 225/900  25.0% loss=0.84923 jepa=0.34933 hard=0.77311 hard_red=0.02697 oracle=0.47040 rank=0.07043 value=0.41163 cand=2.43064 pairs=305.4
[train-progress] epoch=9 [######------------------] 250/900  27.8% loss=0.81504 jepa=0.34710 hard=0.77720 hard_red=0.02718 oracle=0.47063 rank=0.07035 value=0.41326 cand=2.43189 pairs=306.1
[train-progress] epoch=9 [#######-----------------] 275/900  30.6% loss=0.81986 jepa=0.34624 hard=0.77646 hard_red=0.02761 oracle=0.47012 rank=0.07029 value=0.41222 cand=2.42931 pairs=306.3
[train-progress] epoch=9 [########----------------] 300/900  33.3% loss=0.82453 jepa=0.35106 hard=0.77606 hard_red=0.02775 oracle=0.47166 rank=0.07072 value=0.40775 cand=2.43754 pairs=304.6
[train-progress] epoch=9 [########----------------] 325/900  36.1% loss=0.87756 jepa=0.35217 hard=0.76532 hard_red=0.02827 oracle=0.47248 rank=0.07064 value=0.40737 cand=2.44225 pairs=305.5
[train-progress] epoch=9 [#########---------------] 350/900  38.9% loss=0.85372 jepa=0.35089 hard=0.75592 hard_red=0.02795 oracle=0.47203 rank=0.07057 value=0.41057 cand=2.43953 pairs=306.5
[train-progress] epoch=9 [##########--------------] 375/900  41.7% loss=0.84738 jepa=0.35177 hard=0.74505 hard_red=0.02746 oracle=0.47069 rank=0.07037 value=0.40882 cand=2.43272 pairs=305.5
[train-progress] epoch=9 [##########--------------] 400/900  44.4% loss=0.91547 jepa=0.35359 hard=0.73963 hard_red=0.02800 oracle=0.46969 rank=0.07040 value=0.41188 cand=2.42674 pairs=306.5
[train-progress] epoch=9 [###########-------------] 425/900  47.2% loss=0.89132 jepa=0.35226 hard=0.74230 hard_red=0.02793 oracle=0.47018 rank=0.07000 value=0.41078 cand=2.43036 pairs=306.6
[train-progress] epoch=9 [############------------] 450/900  50.0% loss=0.89695 jepa=0.35156 hard=0.73935 hard_red=0.02793 oracle=0.47073 rank=0.06989 value=0.40985 cand=2.43373 pairs=307.0
[train-progress] epoch=9 [############------------] 475/900  52.8% loss=0.88436 jepa=0.35052 hard=0.73651 hard_red=0.02802 oracle=0.46997 rank=0.06967 value=0.41136 cand=2.42975 pairs=306.4
[train-progress] epoch=9 [#############-----------] 500/900  55.6% loss=0.91180 jepa=0.34998 hard=0.73295 hard_red=0.02813 oracle=0.46930 rank=0.06941 value=0.41142 cand=2.42655 pairs=307.0
[train-progress] epoch=9 [##############----------] 525/900  58.3% loss=0.88811 jepa=0.35046 hard=0.74104 hard_red=0.02788 oracle=0.46879 rank=0.06968 value=0.41559 cand=2.42274 pairs=307.3
[train-progress] epoch=9 [##############----------] 550/900  61.1% loss=0.86869 jepa=0.34888 hard=0.73985 hard_red=0.02761 oracle=0.46876 rank=0.06980 value=0.41577 cand=2.42228 pairs=307.6
[train-progress] epoch=9 [###############---------] 575/900  63.9% loss=0.89387 jepa=0.34923 hard=0.74118 hard_red=0.02744 oracle=0.46868 rank=0.06946 value=0.41346 cand=2.42280 pairs=307.5
[train-progress] epoch=9 [################--------] 600/900  66.7% loss=0.88572 jepa=0.34816 hard=0.73970 hard_red=0.02707 oracle=0.46842 rank=0.06940 value=0.41263 cand=2.42156 pairs=306.9
[train-progress] epoch=9 [################--------] 625/900  69.4% loss=0.89555 jepa=0.34899 hard=0.73512 hard_red=0.02677 oracle=0.46733 rank=0.06946 value=0.41417 cand=2.41520 pairs=307.2
[train-progress] epoch=9 [#################-------] 650/900  72.2% loss=0.90014 jepa=0.34937 hard=0.73922 hard_red=0.02741 oracle=0.46774 rank=0.06974 value=0.41469 cand=2.41689 pairs=307.6
[train-progress] epoch=9 [##################------] 675/900  75.0% loss=0.88814 jepa=0.34875 hard=0.73975 hard_red=0.02730 oracle=0.46844 rank=0.06983 value=0.41401 cand=2.42069 pairs=306.6
[train-progress] epoch=9 [##################------] 700/900  77.8% loss=0.87641 jepa=0.34883 hard=0.73820 hard_red=0.02680 oracle=0.46799 rank=0.06960 value=0.41427 cand=2.41861 pairs=306.9
[train-progress] epoch=9 [###################-----] 725/900  80.6% loss=0.86490 jepa=0.34904 hard=0.73616 hard_red=0.02632 oracle=0.46817 rank=0.06949 value=0.41247 cand=2.41998 pairs=307.4
[train-progress] epoch=9 [####################----] 750/900  83.3% loss=0.86442 jepa=0.34874 hard=0.73330 hard_red=0.02587 oracle=0.46790 rank=0.06934 value=0.41299 cand=2.41872 pairs=307.2
[train-progress] epoch=9 [####################----] 775/900  86.1% loss=0.85738 jepa=0.34898 hard=0.73390 hard_red=0.02570 oracle=0.46788 rank=0.06925 value=0.41391 cand=2.41868 pairs=307.0
[train-progress] epoch=9 [#####################---] 800/900  88.9% loss=0.84563 jepa=0.34839 hard=0.73743 hard_red=0.02590 oracle=0.46813 rank=0.06934 value=0.41360 cand=2.41993 pairs=307.0
[train-progress] epoch=9 [######################--] 825/900  91.7% loss=0.84382 jepa=0.34808 hard=0.73804 hard_red=0.02582 oracle=0.46853 rank=0.06945 value=0.41167 cand=2.42219 pairs=307.0
[train-progress] epoch=9 [######################--] 850/900  94.4% loss=0.84155 jepa=0.34709 hard=0.73840 hard_red=0.02562 oracle=0.46837 rank=0.06926 value=0.41148 cand=2.42166 pairs=306.2
[train-progress] epoch=9 [#######################-] 875/900  97.2% loss=0.85578 jepa=0.34830 hard=0.73968 hard_red=0.02589 oracle=0.46821 rank=0.06930 value=0.41431 cand=2.42039 pairs=306.3
[train-progress] epoch=9 [########################] 900/900 100.0% loss=0.85169 jepa=0.34897 hard=0.74083 hard_red=0.02608 oracle=0.46766 rank=0.06925 value=0.41628 cand=2.41720 pairs=306.6
[train] epoch=9 horizon=5 train_loss=0.851692 val_loss=0.159568 train_steps=900
[train-progress] epoch=10 [------------------------] 1/900   0.1% loss=0.26129 jepa=0.36585 hard=0.92564 hard_red=0.00137 oracle=0.40584 rank=0.04507 value=0.55894 cand=2.10490 pairs=359.0
[train-progress] epoch=10 [------------------------] 25/900   2.8% loss=0.56798 jepa=0.37061 hard=0.76982 hard_red=0.01268 oracle=0.47298 rank=0.07064 value=0.43322 cand=2.44220 pairs=313.6
[train-progress] epoch=10 [#-----------------------] 50/900   5.6% loss=1.01461 jepa=0.42299 hard=0.74893 hard_red=0.02515 oracle=0.46239 rank=0.07143 value=0.43115 cand=2.38202 pairs=311.4
[train-progress] epoch=10 [##----------------------] 75/900   8.3% loss=0.99972 jepa=0.41298 hard=0.71801 hard_red=0.02742 oracle=0.46432 rank=0.07114 value=0.41999 cand=2.39454 pairs=310.1
[train-progress] epoch=10 [##----------------------] 100/900  11.1% loss=0.93013 jepa=0.39911 hard=0.72425 hard_red=0.02907 oracle=0.46031 rank=0.07074 value=0.41767 cand=2.37331 pairs=308.0
[train-progress] epoch=10 [###---------------------] 125/900  13.9% loss=1.06105 jepa=0.40501 hard=0.71412 hard_red=0.02917 oracle=0.45794 rank=0.06892 value=0.42139 cand=2.36328 pairs=305.9
[train-progress] epoch=10 [####--------------------] 150/900  16.7% loss=1.06032 jepa=0.39254 hard=0.70765 hard_red=0.02669 oracle=0.45681 rank=0.06729 value=0.41681 cand=2.36067 pairs=307.2
[train-progress] epoch=10 [####--------------------] 175/900  19.4% loss=1.01427 jepa=0.38657 hard=0.70460 hard_red=0.02645 oracle=0.46183 rank=0.06761 value=0.40798 cand=2.38894 pairs=305.9
[train-progress] epoch=10 [#####-------------------] 200/900  22.2% loss=0.95738 jepa=0.37966 hard=0.70392 hard_red=0.02627 oracle=0.46546 rank=0.06833 value=0.40491 cand=2.40804 pairs=305.3
[train-progress] epoch=10 [######------------------] 225/900  25.0% loss=0.93775 jepa=0.38016 hard=0.70450 hard_red=0.02555 oracle=0.46367 rank=0.06762 value=0.40463 cand=2.39953 pairs=304.9
[train-progress] epoch=10 [######------------------] 250/900  27.8% loss=0.89615 jepa=0.37928 hard=0.71654 hard_red=0.02457 oracle=0.46191 rank=0.06724 value=0.41069 cand=2.38978 pairs=307.2
[train-progress] epoch=10 [#######-----------------] 275/900  30.6% loss=0.88241 jepa=0.37561 hard=0.72708 hard_red=0.02502 oracle=0.46299 rank=0.06709 value=0.41405 cand=2.39572 pairs=307.9
[train-progress] epoch=10 [########----------------] 300/900  33.3% loss=0.84349 jepa=0.37022 hard=0.73640 hard_red=0.02490 oracle=0.46413 rank=0.06695 value=0.41337 cand=2.40241 pairs=307.5
[train-progress] epoch=10 [########----------------] 325/900  36.1% loss=0.86752 jepa=0.36681 hard=0.73924 hard_red=0.02496 oracle=0.46541 rank=0.06705 value=0.40819 cand=2.40988 pairs=305.2
[train-progress] epoch=10 [#########---------------] 350/900  38.9% loss=0.85984 jepa=0.36676 hard=0.73806 hard_red=0.02458 oracle=0.46492 rank=0.06762 value=0.40823 cand=2.40606 pairs=306.2
[train-progress] epoch=10 [##########--------------] 375/900  41.7% loss=0.85949 jepa=0.36661 hard=0.73855 hard_red=0.02502 oracle=0.46683 rank=0.06834 value=0.40559 cand=2.41553 pairs=306.1
[train-progress] epoch=10 [##########--------------] 400/900  44.4% loss=0.85527 jepa=0.36529 hard=0.73755 hard_red=0.02460 oracle=0.46795 rank=0.06849 value=0.40633 cand=2.42143 pairs=305.2
[train-progress] epoch=10 [###########-------------] 425/900  47.2% loss=0.84258 jepa=0.36286 hard=0.73568 hard_red=0.02481 oracle=0.46775 rank=0.06818 value=0.40747 cand=2.42076 pairs=305.9
[train-progress] epoch=10 [############------------] 450/900  50.0% loss=0.83746 jepa=0.36235 hard=0.73639 hard_red=0.02517 oracle=0.46729 rank=0.06817 value=0.40983 cand=2.41797 pairs=306.2
[train-progress] epoch=10 [############------------] 475/900  52.8% loss=0.84697 jepa=0.36326 hard=0.73314 hard_red=0.02571 oracle=0.46787 rank=0.06832 value=0.40926 cand=2.42098 pairs=306.1
[train-progress] epoch=10 [#############-----------] 500/900  55.6% loss=0.93622 jepa=0.38105 hard=0.73446 hard_red=0.02650 oracle=0.46641 rank=0.06841 value=0.41525 cand=2.41198 pairs=306.9
[train-progress] epoch=10 [##############----------] 525/900  58.3% loss=0.91296 jepa=0.37941 hard=0.73199 hard_red=0.02647 oracle=0.46667 rank=0.06881 value=0.41705 cand=2.41248 pairs=307.1
[train-progress] epoch=10 [##############----------] 550/900  61.1% loss=0.89980 jepa=0.37817 hard=0.73172 hard_red=0.02636 oracle=0.46704 rank=0.06882 value=0.41859 cand=2.41435 pairs=306.4
[train-progress] epoch=10 [###############---------] 575/900  63.9% loss=0.93555 jepa=0.37798 hard=0.73229 hard_red=0.02627 oracle=0.46786 rank=0.06891 value=0.41545 cand=2.41908 pairs=306.7
[train-progress] epoch=10 [################--------] 600/900  66.7% loss=0.92236 jepa=0.37684 hard=0.73055 hard_red=0.02638 oracle=0.46805 rank=0.06866 value=0.41402 cand=2.42074 pairs=306.7
[train-progress] epoch=10 [################--------] 625/900  69.4% loss=0.92642 jepa=0.37830 hard=0.73016 hard_red=0.02663 oracle=0.46800 rank=0.06853 value=0.41517 cand=2.42060 pairs=306.5
[train-progress] epoch=10 [#################-------] 650/900  72.2% loss=0.92896 jepa=0.37793 hard=0.72993 hard_red=0.02667 oracle=0.46824 rank=0.06866 value=0.41516 cand=2.42172 pairs=306.2
[train-progress] epoch=10 [##################------] 675/900  75.0% loss=0.95699 jepa=0.37864 hard=0.72664 hard_red=0.02639 oracle=0.46829 rank=0.06855 value=0.41499 cand=2.42218 pairs=306.1
[train-progress] epoch=10 [##################------] 700/900  77.8% loss=0.94926 jepa=0.37742 hard=0.72530 hard_red=0.02619 oracle=0.46726 rank=0.06822 value=0.41542 cand=2.41710 pairs=306.6
[train-progress] epoch=10 [###################-----] 725/900  80.6% loss=0.95463 jepa=0.37588 hard=0.72542 hard_red=0.02593 oracle=0.46699 rank=0.06810 value=0.41452 cand=2.41590 pairs=306.2
[train-progress] epoch=10 [####################----] 750/900  83.3% loss=0.94399 jepa=0.37494 hard=0.72007 hard_red=0.02566 oracle=0.46695 rank=0.06801 value=0.41666 cand=2.41562 pairs=306.5
[train-progress] epoch=10 [####################----] 775/900  86.1% loss=0.93489 jepa=0.37308 hard=0.71744 hard_red=0.02536 oracle=0.46686 rank=0.06786 value=0.41600 cand=2.41553 pairs=306.9
[train-progress] epoch=10 [#####################---] 800/900  88.9% loss=0.93109 jepa=0.37197 hard=0.71862 hard_red=0.02524 oracle=0.46593 rank=0.06792 value=0.41578 cand=2.41022 pairs=306.7
[train-progress] epoch=10 [######################--] 825/900  91.7% loss=0.92693 jepa=0.37276 hard=0.71801 hard_red=0.02562 oracle=0.46553 rank=0.06793 value=0.41591 cand=2.40798 pairs=306.8
[train-progress] epoch=10 [######################--] 850/900  94.4% loss=0.91351 jepa=0.37175 hard=0.72115 hard_red=0.02547 oracle=0.46519 rank=0.06810 value=0.41696 cand=2.40563 pairs=306.7
[train-progress] epoch=10 [#######################-] 875/900  97.2% loss=0.90613 jepa=0.37199 hard=0.71912 hard_red=0.02547 oracle=0.46560 rank=0.06817 value=0.41651 cand=2.40784 pairs=307.1
[train-progress] epoch=10 [########################] 900/900 100.0% loss=0.90984 jepa=0.37224 hard=0.72130 hard_red=0.02580 oracle=0.46604 rank=0.06834 value=0.41706 cand=2.40990 pairs=307.2
[train] epoch=10 horizon=5 train_loss=0.909835 val_loss=0.191374 train_steps=900
[train-progress] epoch=11 [------------------------] 1/900   0.1% loss=0.62192 jepa=0.59815 hard=0.89131 hard_red=0.00950 oracle=0.54703 rank=0.06562 value=0.27318 cand=2.88108 pairs=294.0
[train-progress] epoch=11 [------------------------] 25/900   2.8% loss=1.21970 jepa=0.37877 hard=0.75709 hard_red=0.02796 oracle=0.49392 rank=0.06953 value=0.37076 cand=2.56761 pairs=298.5
[train-progress] epoch=11 [#-----------------------] 50/900   5.6% loss=1.03168 jepa=0.36171 hard=0.73778 hard_red=0.02775 oracle=0.46695 rank=0.06648 value=0.39766 cand=2.42071 pairs=305.0
[train-progress] epoch=11 [##----------------------] 75/900   8.3% loss=1.02319 jepa=0.36641 hard=0.77219 hard_red=0.02900 oracle=0.46007 rank=0.06588 value=0.42662 cand=2.38047 pairs=308.4
[train-progress] epoch=11 [##----------------------] 100/900  11.1% loss=1.02008 jepa=0.36998 hard=0.75805 hard_red=0.02952 oracle=0.46146 rank=0.06697 value=0.42219 cand=2.38650 pairs=311.8
[train-progress] epoch=11 [###---------------------] 125/900  13.9% loss=0.97066 jepa=0.37064 hard=0.76470 hard_red=0.03134 oracle=0.46289 rank=0.06834 value=0.41827 cand=2.39227 pairs=312.7
[train-progress] epoch=11 [####--------------------] 150/900  16.7% loss=1.02644 jepa=0.37088 hard=0.76087 hard_red=0.03050 oracle=0.46739 rank=0.06997 value=0.40538 cand=2.41552 pairs=308.9
[train-progress] epoch=11 [####--------------------] 175/900  19.4% loss=1.00480 jepa=0.36898 hard=0.74552 hard_red=0.02886 oracle=0.46579 rank=0.06999 value=0.40308 cand=2.40684 pairs=310.7
[train-progress] epoch=11 [#####-------------------] 200/900  22.2% loss=0.99167 jepa=0.36407 hard=0.73598 hard_red=0.02818 oracle=0.46595 rank=0.06900 value=0.40083 cand=2.40992 pairs=310.5
[train-progress] epoch=11 [######------------------] 225/900  25.0% loss=0.93978 jepa=0.36249 hard=0.74088 hard_red=0.02847 oracle=0.46434 rank=0.06823 value=0.39579 cand=2.40302 pairs=307.6
[train-progress] epoch=11 [######------------------] 250/900  27.8% loss=0.94996 jepa=0.36986 hard=0.73773 hard_red=0.02906 oracle=0.46420 rank=0.06818 value=0.39586 cand=2.40233 pairs=309.4
[train-progress] epoch=11 [#######-----------------] 275/900  30.6% loss=1.00312 jepa=0.37930 hard=0.74071 hard_red=0.02964 oracle=0.46300 rank=0.06752 value=0.39220 cand=2.39737 pairs=307.7
[train-progress] epoch=11 [########----------------] 300/900  33.3% loss=1.00567 jepa=0.37934 hard=0.75162 hard_red=0.02931 oracle=0.46518 rank=0.06758 value=0.38878 cand=2.40974 pairs=306.1
[train-progress] epoch=11 [########----------------] 325/900  36.1% loss=0.96464 jepa=0.37728 hard=0.74045 hard_red=0.02896 oracle=0.46385 rank=0.06730 value=0.38960 cand=2.40281 pairs=305.6
[train-progress] epoch=11 [#########---------------] 350/900  38.9% loss=0.97097 jepa=0.37584 hard=0.74323 hard_red=0.02901 oracle=0.46458 rank=0.06732 value=0.39064 cand=2.40671 pairs=306.3
[train-progress] epoch=11 [##########--------------] 375/900  41.7% loss=0.95756 jepa=0.37467 hard=0.74184 hard_red=0.02839 oracle=0.46466 rank=0.06742 value=0.39164 cand=2.40682 pairs=306.8
[train-progress] epoch=11 [##########--------------] 400/900  44.4% loss=0.94957 jepa=0.37154 hard=0.73782 hard_red=0.02833 oracle=0.46524 rank=0.06722 value=0.39075 cand=2.41055 pairs=306.7
[train-progress] epoch=11 [###########-------------] 425/900  47.2% loss=0.94677 jepa=0.37170 hard=0.73489 hard_red=0.02761 oracle=0.46439 rank=0.06705 value=0.39071 cand=2.40617 pairs=308.1
[train-progress] epoch=11 [############------------] 450/900  50.0% loss=0.93403 jepa=0.37154 hard=0.73189 hard_red=0.02750 oracle=0.46471 rank=0.06713 value=0.39128 cand=2.40771 pairs=307.7
[train-progress] epoch=11 [############------------] 475/900  52.8% loss=0.93204 jepa=0.37360 hard=0.73030 hard_red=0.02753 oracle=0.46450 rank=0.06738 value=0.39374 cand=2.40581 pairs=309.4
[train-progress] epoch=11 [#############-----------] 500/900  55.6% loss=0.92114 jepa=0.37233 hard=0.73342 hard_red=0.02771 oracle=0.46501 rank=0.06744 value=0.39427 cand=2.40843 pairs=309.1
[train-progress] epoch=11 [##############----------] 525/900  58.3% loss=0.94790 jepa=0.37200 hard=0.73666 hard_red=0.02814 oracle=0.46454 rank=0.06740 value=0.39453 cand=2.40590 pairs=308.9
[train-progress] epoch=11 [##############----------] 550/900  61.1% loss=0.94669 jepa=0.37180 hard=0.73110 hard_red=0.02824 oracle=0.46450 rank=0.06754 value=0.39292 cand=2.40558 pairs=308.9
[train-progress] epoch=11 [###############---------] 575/900  63.9% loss=0.96618 jepa=0.37291 hard=0.72368 hard_red=0.02797 oracle=0.46401 rank=0.06735 value=0.39534 cand=2.40296 pairs=308.6
[train-progress] epoch=11 [################--------] 600/900  66.7% loss=0.95656 jepa=0.37282 hard=0.71808 hard_red=0.02811 oracle=0.46381 rank=0.06728 value=0.39475 cand=2.40204 pairs=308.6
[train-progress] epoch=11 [################--------] 625/900  69.4% loss=0.94301 jepa=0.37203 hard=0.70873 hard_red=0.02774 oracle=0.46349 rank=0.06715 value=0.39494 cand=2.40052 pairs=308.8
[train-progress] epoch=11 [#################-------] 650/900  72.2% loss=0.92651 jepa=0.36991 hard=0.70660 hard_red=0.02765 oracle=0.46426 rank=0.06722 value=0.39257 cand=2.40489 pairs=308.3
[train-progress] epoch=11 [##################------] 675/900  75.0% loss=0.93771 jepa=0.37142 hard=0.71176 hard_red=0.02800 oracle=0.46420 rank=0.06734 value=0.39452 cand=2.40413 pairs=308.3
[train-progress] epoch=11 [##################------] 700/900  77.8% loss=0.92831 jepa=0.37157 hard=0.71386 hard_red=0.02764 oracle=0.46404 rank=0.06744 value=0.39495 cand=2.40296 pairs=308.7
[train-progress] epoch=11 [###################-----] 725/900  80.6% loss=0.91758 jepa=0.37074 hard=0.71335 hard_red=0.02722 oracle=0.46395 rank=0.06717 value=0.39381 cand=2.40316 pairs=308.0
[train-progress] epoch=11 [####################----] 750/900  83.3% loss=0.91498 jepa=0.37034 hard=0.71071 hard_red=0.02711 oracle=0.46449 rank=0.06724 value=0.39346 cand=2.40605 pairs=308.4
[train-progress] epoch=11 [####################----] 775/900  86.1% loss=0.89853 jepa=0.36976 hard=0.70819 hard_red=0.02700 oracle=0.46398 rank=0.06708 value=0.39324 cand=2.40354 pairs=308.4
[train-progress] epoch=11 [#####################---] 800/900  88.9% loss=0.88258 jepa=0.36834 hard=0.70737 hard_red=0.02676 oracle=0.46389 rank=0.06715 value=0.39319 cand=2.40293 pairs=309.2
[train-progress] epoch=11 [######################--] 825/900  91.7% loss=0.87644 jepa=0.36763 hard=0.71288 hard_red=0.02688 oracle=0.46333 rank=0.06708 value=0.39335 cand=2.39989 pairs=309.6
[train-progress] epoch=11 [######################--] 850/900  94.4% loss=0.87726 jepa=0.36723 hard=0.71006 hard_red=0.02677 oracle=0.46272 rank=0.06692 value=0.39313 cand=2.39687 pairs=309.7
[train-progress] epoch=11 [#######################-] 875/900  97.2% loss=0.88354 jepa=0.36699 hard=0.71081 hard_red=0.02664 oracle=0.46258 rank=0.06709 value=0.39285 cand=2.39580 pairs=310.4
[train-progress] epoch=11 [########################] 900/900 100.0% loss=0.87385 jepa=0.36631 hard=0.71238 hard_red=0.02640 oracle=0.46296 rank=0.06694 value=0.39154 cand=2.39835 pairs=310.4
[train] epoch=11 horizon=5 train_loss=0.873852 val_loss=0.145009 train_steps=900
[train-progress] epoch=12 [------------------------] 1/900   0.1% loss=0.11284 jepa=0.27134 hard=0.58095 hard_red=0.00042 oracle=0.56657 rank=0.08206 value=0.26481 cand=2.95863 pairs=276.0
[train-progress] epoch=12 [------------------------] 25/900   2.8% loss=0.39052 jepa=0.34559 hard=0.69707 hard_red=0.02385 oracle=0.46876 rank=0.06334 value=0.37379 cand=2.43952 pairs=313.9
[train-progress] epoch=12 [#-----------------------] 50/900   5.6% loss=0.56161 jepa=0.34615 hard=0.70540 hard_red=0.02232 oracle=0.45716 rank=0.06287 value=0.38593 cand=2.37464 pairs=314.2
[train-progress] epoch=12 [##----------------------] 75/900   8.3% loss=0.69477 jepa=0.34049 hard=0.68421 hard_red=0.02338 oracle=0.46546 rank=0.06312 value=0.36363 cand=2.42278 pairs=310.9
[train-progress] epoch=12 [##----------------------] 100/900  11.1% loss=0.79383 jepa=0.35350 hard=0.66294 hard_red=0.02264 oracle=0.46525 rank=0.06507 value=0.36952 cand=2.41714 pairs=314.7
[train-progress] epoch=12 [###---------------------] 125/900  13.9% loss=0.76081 jepa=0.35565 hard=0.66881 hard_red=0.02128 oracle=0.46928 rank=0.06506 value=0.37548 cand=2.43890 pairs=311.1
[train-progress] epoch=12 [####--------------------] 150/900  16.7% loss=0.77778 jepa=0.35283 hard=0.67913 hard_red=0.02168 oracle=0.46956 rank=0.06583 value=0.38501 cand=2.43790 pairs=308.6
[train-progress] epoch=12 [####--------------------] 175/900  19.4% loss=0.74527 jepa=0.35040 hard=0.69765 hard_red=0.02347 oracle=0.47030 rank=0.06610 value=0.38518 cand=2.44144 pairs=308.3
[train-progress] epoch=12 [#####-------------------] 200/900  22.2% loss=0.76573 jepa=0.35735 hard=0.70397 hard_red=0.02384 oracle=0.46790 rank=0.06593 value=0.38746 cand=2.42818 pairs=308.3
[train-progress] epoch=12 [######------------------] 225/900  25.0% loss=0.73597 jepa=0.35937 hard=0.70812 hard_red=0.02453 oracle=0.46877 rank=0.06632 value=0.38333 cand=2.43273 pairs=309.2
[train-progress] epoch=12 [######------------------] 250/900  27.8% loss=0.79360 jepa=0.36497 hard=0.71291 hard_red=0.02542 oracle=0.46840 rank=0.06613 value=0.38930 cand=2.43040 pairs=308.5
[train-progress] epoch=12 [#######-----------------] 275/900  30.6% loss=0.82561 jepa=0.36759 hard=0.69941 hard_red=0.02490 oracle=0.46887 rank=0.06612 value=0.39148 cand=2.43278 pairs=309.7
[train-progress] epoch=12 [########----------------] 300/900  33.3% loss=0.80269 jepa=0.36641 hard=0.69975 hard_red=0.02492 oracle=0.46757 rank=0.06569 value=0.38830 cand=2.42673 pairs=310.0
[train-progress] epoch=12 [########----------------] 325/900  36.1% loss=0.85357 jepa=0.36632 hard=0.69328 hard_red=0.02456 oracle=0.46781 rank=0.06589 value=0.38673 cand=2.42783 pairs=311.9
[train-progress] epoch=12 [#########---------------] 350/900  38.9% loss=0.88778 jepa=0.36499 hard=0.69855 hard_red=0.02434 oracle=0.46838 rank=0.06595 value=0.38320 cand=2.43128 pairs=311.4
[train-progress] epoch=12 [##########--------------] 375/900  41.7% loss=0.87920 jepa=0.36420 hard=0.69730 hard_red=0.02492 oracle=0.46763 rank=0.06622 value=0.38604 cand=2.42631 pairs=311.8
[train-progress] epoch=12 [##########--------------] 400/900  44.4% loss=0.90370 jepa=0.36445 hard=0.69815 hard_red=0.02507 oracle=0.46648 rank=0.06594 value=0.38925 cand=2.42012 pairs=310.5
[train-progress] epoch=12 [###########-------------] 425/900  47.2% loss=0.88607 jepa=0.36717 hard=0.69516 hard_red=0.02465 oracle=0.46635 rank=0.06647 value=0.39429 cand=2.41775 pairs=311.1
[train-progress] epoch=12 [############------------] 450/900  50.0% loss=0.88369 jepa=0.36752 hard=0.69726 hard_red=0.02583 oracle=0.46636 rank=0.06649 value=0.39376 cand=2.41786 pairs=310.6
[train-progress] epoch=12 [############------------] 475/900  52.8% loss=0.87971 jepa=0.36724 hard=0.69685 hard_red=0.02570 oracle=0.46630 rank=0.06646 value=0.39355 cand=2.41758 pairs=310.3
[train-progress] epoch=12 [#############-----------] 500/900  55.6% loss=0.91746 jepa=0.36783 hard=0.69488 hard_red=0.02586 oracle=0.46689 rank=0.06660 value=0.39443 cand=2.42054 pairs=311.4
[train-progress] epoch=12 [##############----------] 525/900  58.3% loss=0.89991 jepa=0.36764 hard=0.69536 hard_red=0.02579 oracle=0.46622 rank=0.06656 value=0.39565 cand=2.41672 pairs=311.1
[train-progress] epoch=12 [##############----------] 550/900  61.1% loss=0.88929 jepa=0.36635 hard=0.69291 hard_red=0.02550 oracle=0.46507 rank=0.06627 value=0.39680 cand=2.41075 pairs=311.4
[train-progress] epoch=12 [###############---------] 575/900  63.9% loss=0.89269 jepa=0.36732 hard=0.69555 hard_red=0.02560 oracle=0.46458 rank=0.06670 value=0.39655 cand=2.40721 pairs=311.6
[train-progress] epoch=12 [################--------] 600/900  66.7% loss=0.90643 jepa=0.36813 hard=0.69231 hard_red=0.02548 oracle=0.46334 rank=0.06632 value=0.39800 cand=2.40094 pairs=311.2
[train-progress] epoch=12 [################--------] 625/900  69.4% loss=0.89398 jepa=0.36713 hard=0.69522 hard_red=0.02578 oracle=0.46337 rank=0.06670 value=0.39727 cand=2.40043 pairs=311.1
[train-progress] epoch=12 [#################-------] 650/900  72.2% loss=0.89798 jepa=0.36797 hard=0.69822 hard_red=0.02662 oracle=0.46439 rank=0.06680 value=0.39505 cand=2.40619 pairs=311.0
[train-progress] epoch=12 [##################------] 675/900  75.0% loss=0.88538 jepa=0.36826 hard=0.69513 hard_red=0.02689 oracle=0.46538 rank=0.06697 value=0.39149 cand=2.41174 pairs=311.0
[train-progress] epoch=12 [##################------] 700/900  77.8% loss=0.87927 jepa=0.36883 hard=0.69681 hard_red=0.02680 oracle=0.46532 rank=0.06685 value=0.39197 cand=2.41157 pairs=311.6
[train-progress] epoch=12 [###################-----] 725/900  80.6% loss=0.88815 jepa=0.36858 hard=0.69567 hard_red=0.02680 oracle=0.46521 rank=0.06691 value=0.39201 cand=2.41085 pairs=312.0
[train-progress] epoch=12 [####################----] 750/900  83.3% loss=0.89710 jepa=0.36840 hard=0.69524 hard_red=0.02682 oracle=0.46507 rank=0.06682 value=0.39458 cand=2.40995 pairs=312.0
[train-progress] epoch=12 [####################----] 775/900  86.1% loss=0.89406 jepa=0.36727 hard=0.69476 hard_red=0.02657 oracle=0.46500 rank=0.06667 value=0.39361 cand=2.40995 pairs=312.7
[train-progress] epoch=12 [#####################---] 800/900  88.9% loss=0.89201 jepa=0.36690 hard=0.69453 hard_red=0.02685 oracle=0.46531 rank=0.06685 value=0.39179 cand=2.41152 pairs=312.5
[train-progress] epoch=12 [######################--] 825/900  91.7% loss=0.91220 jepa=0.36773 hard=0.69200 hard_red=0.02705 oracle=0.46555 rank=0.06678 value=0.39331 cand=2.41281 pairs=312.1
[train-progress] epoch=12 [######################--] 850/900  94.4% loss=0.91420 jepa=0.36984 hard=0.69221 hard_red=0.02689 oracle=0.46566 rank=0.06668 value=0.39229 cand=2.41376 pairs=312.1
[train-progress] epoch=12 [#######################-] 875/900  97.2% loss=0.91212 jepa=0.37055 hard=0.69181 hard_red=0.02694 oracle=0.46550 rank=0.06681 value=0.39286 cand=2.41255 pairs=311.8
[train-progress] epoch=12 [########################] 900/900 100.0% loss=0.91009 jepa=0.37115 hard=0.69160 hard_red=0.02713 oracle=0.46486 rank=0.06662 value=0.39377 cand=2.40928 pairs=311.6
[train] epoch=12 horizon=5 train_loss=0.910086 val_loss=0.159725 train_steps=900
[train-progress] epoch=13 [------------------------] 1/900   0.1% loss=0.21469 jepa=0.30692 hard=0.93233 hard_red=0.03237 oracle=0.50487 rank=0.08740 value=0.40802 cand=2.58955 pairs=357.0
[train-progress] epoch=13 [------------------------] 25/900   2.8% loss=1.32286 jepa=0.36160 hard=0.64089 hard_red=0.01703 oracle=0.48598 rank=0.07106 value=0.38945 cand=2.51847 pairs=299.0
[train-progress] epoch=13 [#-----------------------] 50/900   5.6% loss=1.27187 jepa=0.38573 hard=0.67519 hard_red=0.03028 oracle=0.47588 rank=0.06834 value=0.42456 cand=2.46374 pairs=304.2
[train-progress] epoch=13 [##----------------------] 75/900   8.3% loss=1.02051 jepa=0.37456 hard=0.66067 hard_red=0.02482 oracle=0.47897 rank=0.06938 value=0.41664 cand=2.47977 pairs=307.3
[train-progress] epoch=13 [##----------------------] 100/900  11.1% loss=0.89294 jepa=0.36695 hard=0.65933 hard_red=0.02052 oracle=0.47154 rank=0.06843 value=0.40766 cand=2.44132 pairs=310.1
[train-progress] epoch=13 [###---------------------] 125/900  13.9% loss=0.80484 jepa=0.35863 hard=0.67357 hard_red=0.01961 oracle=0.46739 rank=0.06636 value=0.39941 cand=2.42320 pairs=312.9
[train-progress] epoch=13 [####--------------------] 150/900  16.7% loss=0.75455 jepa=0.35544 hard=0.68268 hard_red=0.02104 oracle=0.46450 rank=0.06578 value=0.39724 cand=2.40848 pairs=314.6
[train-progress] epoch=13 [####--------------------] 175/900  19.4% loss=0.82589 jepa=0.36276 hard=0.68310 hard_red=0.02107 oracle=0.46475 rank=0.06580 value=0.39276 cand=2.41036 pairs=313.2
[train-progress] epoch=13 [#####-------------------] 200/900  22.2% loss=0.81833 jepa=0.35985 hard=0.68057 hard_red=0.02138 oracle=0.46266 rank=0.06495 value=0.39109 cand=2.40059 pairs=314.4
[train-progress] epoch=13 [######------------------] 225/900  25.0% loss=0.77133 jepa=0.36076 hard=0.68920 hard_red=0.02227 oracle=0.46626 rank=0.06535 value=0.38601 cand=2.42039 pairs=312.9
[train-progress] epoch=13 [######------------------] 250/900  27.8% loss=0.73290 jepa=0.35883 hard=0.69217 hard_red=0.02156 oracle=0.46805 rank=0.06555 value=0.38210 cand=2.43034 pairs=313.1
[train-progress] epoch=13 [#######-----------------] 275/900  30.6% loss=0.74835 jepa=0.35819 hard=0.69430 hard_red=0.02193 oracle=0.46594 rank=0.06539 value=0.37677 cand=2.41956 pairs=315.3
[train-progress] epoch=13 [########----------------] 300/900  33.3% loss=0.76088 jepa=0.35893 hard=0.69255 hard_red=0.02278 oracle=0.46617 rank=0.06500 value=0.37488 cand=2.42182 pairs=314.8
[train-progress] epoch=13 [########----------------] 325/900  36.1% loss=0.75050 jepa=0.36181 hard=0.69764 hard_red=0.02331 oracle=0.46551 rank=0.06485 value=0.37691 cand=2.41820 pairs=314.1
[train-progress] epoch=13 [#########---------------] 350/900  38.9% loss=0.78294 jepa=0.36256 hard=0.69479 hard_red=0.02357 oracle=0.46641 rank=0.06505 value=0.37740 cand=2.42274 pairs=313.9
[train-progress] epoch=13 [##########--------------] 375/900  41.7% loss=0.79168 jepa=0.36669 hard=0.68658 hard_red=0.02353 oracle=0.46741 rank=0.06586 value=0.37550 cand=2.42692 pairs=312.0
[train-progress] epoch=13 [##########--------------] 400/900  44.4% loss=0.79607 jepa=0.36833 hard=0.68336 hard_red=0.02386 oracle=0.46678 rank=0.06582 value=0.37403 cand=2.42367 pairs=312.8
[train-progress] epoch=13 [###########-------------] 425/900  47.2% loss=0.78260 jepa=0.36952 hard=0.67434 hard_red=0.02387 oracle=0.46601 rank=0.06598 value=0.37207 cand=2.41930 pairs=313.6
[train-progress] epoch=13 [############------------] 450/900  50.0% loss=0.78134 jepa=0.37188 hard=0.67317 hard_red=0.02387 oracle=0.46690 rank=0.06623 value=0.37644 cand=2.42328 pairs=313.1
[train-progress] epoch=13 [############------------] 475/900  52.8% loss=0.79445 jepa=0.37195 hard=0.67279 hard_red=0.02416 oracle=0.46767 rank=0.06614 value=0.37527 cand=2.42784 pairs=312.3
[train-progress] epoch=13 [#############-----------] 500/900  55.6% loss=0.79181 jepa=0.37196 hard=0.67318 hard_red=0.02462 oracle=0.46779 rank=0.06614 value=0.37715 cand=2.42832 pairs=312.2
[train-progress] epoch=13 [##############----------] 525/900  58.3% loss=0.79999 jepa=0.37227 hard=0.67298 hard_red=0.02440 oracle=0.46763 rank=0.06612 value=0.37635 cand=2.42758 pairs=311.9
[train-progress] epoch=13 [##############----------] 550/900  61.1% loss=0.81638 jepa=0.37268 hard=0.67323 hard_red=0.02447 oracle=0.46707 rank=0.06593 value=0.37772 cand=2.42464 pairs=312.1
[train-progress] epoch=13 [###############---------] 575/900  63.9% loss=0.82905 jepa=0.37324 hard=0.67422 hard_red=0.02448 oracle=0.46598 rank=0.06587 value=0.38082 cand=2.41842 pairs=311.7
[train-progress] epoch=13 [################--------] 600/900  66.7% loss=0.85668 jepa=0.37505 hard=0.67397 hard_red=0.02505 oracle=0.46572 rank=0.06542 value=0.38300 cand=2.41756 pairs=311.4
[train-progress] epoch=13 [################--------] 625/900  69.4% loss=0.84835 jepa=0.37656 hard=0.67052 hard_red=0.02527 oracle=0.46668 rank=0.06586 value=0.38136 cand=2.42223 pairs=311.8
[train-progress] epoch=13 [#################-------] 650/900  72.2% loss=0.87571 jepa=0.37600 hard=0.66698 hard_red=0.02502 oracle=0.46653 rank=0.06565 value=0.38048 cand=2.42192 pairs=311.7
[train-progress] epoch=13 [##################------] 675/900  75.0% loss=0.87233 jepa=0.37614 hard=0.66781 hard_red=0.02497 oracle=0.46613 rank=0.06556 value=0.38192 cand=2.41971 pairs=312.1
[train-progress] epoch=13 [##################------] 700/900  77.8% loss=0.86779 jepa=0.37636 hard=0.66155 hard_red=0.02464 oracle=0.46606 rank=0.06577 value=0.38123 cand=2.41897 pairs=312.0
[train-progress] epoch=13 [###################-----] 725/900  80.6% loss=0.88291 jepa=0.37721 hard=0.66088 hard_red=0.02488 oracle=0.46594 rank=0.06578 value=0.38108 cand=2.41830 pairs=312.1
[train-progress] epoch=13 [####################----] 750/900  83.3% loss=0.89688 jepa=0.37795 hard=0.65984 hard_red=0.02449 oracle=0.46666 rank=0.06587 value=0.37931 cand=2.42231 pairs=312.3
[train-progress] epoch=13 [####################----] 775/900  86.1% loss=0.89122 jepa=0.37883 hard=0.66186 hard_red=0.02445 oracle=0.46611 rank=0.06600 value=0.37934 cand=2.41903 pairs=312.2
[train-progress] epoch=13 [#####################---] 800/900  88.9% loss=0.91062 jepa=0.37782 hard=0.66091 hard_red=0.02441 oracle=0.46605 rank=0.06590 value=0.37823 cand=2.41902 pairs=312.2
[train-progress] epoch=13 [######################--] 825/900  91.7% loss=0.91892 jepa=0.37825 hard=0.66664 hard_red=0.02426 oracle=0.46499 rank=0.06566 value=0.37821 cand=2.41361 pairs=312.2
[train-progress] epoch=13 [######################--] 850/900  94.4% loss=0.91709 jepa=0.37909 hard=0.66620 hard_red=0.02436 oracle=0.46530 rank=0.06572 value=0.37767 cand=2.41527 pairs=311.9
[train-progress] epoch=13 [#######################-] 875/900  97.2% loss=0.92721 jepa=0.37882 hard=0.66519 hard_red=0.02438 oracle=0.46399 rank=0.06548 value=0.37803 cand=2.40836 pairs=311.8
[train-progress] epoch=13 [########################] 900/900 100.0% loss=0.92916 jepa=0.37833 hard=0.66295 hard_red=0.02430 oracle=0.46343 rank=0.06546 value=0.37839 cand=2.40530 pairs=311.4
[train] epoch=13 horizon=5 train_loss=0.929157 val_loss=0.157459 train_steps=900
[train-progress] epoch=14 [------------------------] 1/900   0.1% loss=4.10250 jepa=0.65506 hard=0.95883 hard_red=0.08838 oracle=0.50201 rank=0.08832 value=0.24233 cand=2.59028 pairs=269.0
[train-progress] epoch=14 [------------------------] 25/900   2.8% loss=0.85379 jepa=0.44111 hard=0.66541 hard_red=0.03004 oracle=0.45912 rank=0.06718 value=0.39509 cand=2.37614 pairs=304.9
[train-progress] epoch=14 [#-----------------------] 50/900   5.6% loss=0.76608 jepa=0.41388 hard=0.59657 hard_red=0.02442 oracle=0.45561 rank=0.06604 value=0.38583 cand=2.35988 pairs=313.6
[train-progress] epoch=14 [##----------------------] 75/900   8.3% loss=0.78495 jepa=0.40561 hard=0.58342 hard_red=0.02184 oracle=0.46033 rank=0.06707 value=0.37968 cand=2.38477 pairs=311.0
[train-progress] epoch=14 [##----------------------] 100/900  11.1% loss=0.88487 jepa=0.44042 hard=0.62155 hard_red=0.02028 oracle=0.46068 rank=0.06609 value=0.38108 cand=2.38850 pairs=315.9
[train-progress] epoch=14 [###---------------------] 125/900  13.9% loss=0.94377 jepa=0.42676 hard=0.63082 hard_red=0.01983 oracle=0.45603 rank=0.06563 value=0.38124 cand=2.36353 pairs=315.3
[train-progress] epoch=14 [####--------------------] 150/900  16.7% loss=0.87220 jepa=0.41831 hard=0.62287 hard_red=0.01995 oracle=0.45236 rank=0.06458 value=0.38858 cand=2.34436 pairs=316.7
[train-progress] epoch=14 [####--------------------] 175/900  19.4% loss=0.87460 jepa=0.41794 hard=0.61347 hard_red=0.02266 oracle=0.45243 rank=0.06418 value=0.38705 cand=2.34568 pairs=313.8
[train-progress] epoch=14 [#####-------------------] 200/900  22.2% loss=0.95491 jepa=0.41617 hard=0.62966 hard_red=0.02369 oracle=0.45063 rank=0.06354 value=0.38383 cand=2.33730 pairs=313.7
[train-progress] epoch=14 [######------------------] 225/900  25.0% loss=0.91032 jepa=0.40890 hard=0.63627 hard_red=0.02277 oracle=0.45311 rank=0.06341 value=0.37866 cand=2.35190 pairs=312.2
[train-progress] epoch=14 [######------------------] 250/900  27.8% loss=0.97268 jepa=0.40791 hard=0.64282 hard_red=0.02462 oracle=0.45304 rank=0.06326 value=0.37739 cand=2.35195 pairs=311.2
[train-progress] epoch=14 [#######-----------------] 275/900  30.6% loss=0.92473 jepa=0.40217 hard=0.64327 hard_red=0.02500 oracle=0.45284 rank=0.06317 value=0.37297 cand=2.35152 pairs=311.1
[train-progress] epoch=14 [########----------------] 300/900  33.3% loss=0.91029 jepa=0.40285 hard=0.64774 hard_red=0.02573 oracle=0.45256 rank=0.06343 value=0.37072 cand=2.34970 pairs=311.1
[train-progress] epoch=14 [########----------------] 325/900  36.1% loss=0.93445 jepa=0.40406 hard=0.64308 hard_red=0.02658 oracle=0.45281 rank=0.06319 value=0.37271 cand=2.35133 pairs=308.7
[train-progress] epoch=14 [#########---------------] 350/900  38.9% loss=0.90256 jepa=0.39991 hard=0.64103 hard_red=0.02606 oracle=0.45230 rank=0.06306 value=0.37211 cand=2.34879 pairs=309.6
[train-progress] epoch=14 [##########--------------] 375/900  41.7% loss=0.88581 jepa=0.39390 hard=0.64441 hard_red=0.02570 oracle=0.45234 rank=0.06281 value=0.37169 cand=2.34956 pairs=310.1
[train-progress] epoch=14 [##########--------------] 400/900  44.4% loss=0.90355 jepa=0.39368 hard=0.64591 hard_red=0.02591 oracle=0.45266 rank=0.06277 value=0.36948 cand=2.35167 pairs=309.7
[train-progress] epoch=14 [###########-------------] 425/900  47.2% loss=0.89560 jepa=0.39066 hard=0.63940 hard_red=0.02494 oracle=0.45336 rank=0.06289 value=0.37028 cand=2.35523 pairs=308.9
[train-progress] epoch=14 [############------------] 450/900  50.0% loss=0.89135 jepa=0.38879 hard=0.64470 hard_red=0.02460 oracle=0.45410 rank=0.06312 value=0.36840 cand=2.35909 pairs=308.8
[train-progress] epoch=14 [############------------] 475/900  52.8% loss=0.88278 jepa=0.38872 hard=0.65012 hard_red=0.02446 oracle=0.45418 rank=0.06319 value=0.36844 cand=2.35944 pairs=309.1
[train-progress] epoch=14 [#############-----------] 500/900  55.6% loss=0.86690 jepa=0.38713 hard=0.64796 hard_red=0.02455 oracle=0.45501 rank=0.06348 value=0.36708 cand=2.36361 pairs=308.1
[train-progress] epoch=14 [##############----------] 525/900  58.3% loss=0.88561 jepa=0.39017 hard=0.64390 hard_red=0.02456 oracle=0.45458 rank=0.06338 value=0.37161 cand=2.36093 pairs=308.4
[train-progress] epoch=14 [##############----------] 550/900  61.1% loss=0.88888 jepa=0.38991 hard=0.65513 hard_red=0.02501 oracle=0.45483 rank=0.06345 value=0.37034 cand=2.36233 pairs=309.1
[train-progress] epoch=14 [###############---------] 575/900  63.9% loss=0.89619 jepa=0.38988 hard=0.65734 hard_red=0.02523 oracle=0.45633 rank=0.06379 value=0.36836 cand=2.37019 pairs=309.3
[train-progress] epoch=14 [################--------] 600/900  66.7% loss=0.90357 jepa=0.39179 hard=0.66222 hard_red=0.02479 oracle=0.45705 rank=0.06407 value=0.36884 cand=2.37363 pairs=309.6
[train-progress] epoch=14 [################--------] 625/900  69.4% loss=0.90944 jepa=0.39278 hard=0.66709 hard_red=0.02508 oracle=0.45753 rank=0.06394 value=0.36782 cand=2.37661 pairs=309.1
[train-progress] epoch=14 [#################-------] 650/900  72.2% loss=0.91005 jepa=0.39484 hard=0.66846 hard_red=0.02527 oracle=0.45758 rank=0.06402 value=0.36668 cand=2.37691 pairs=309.9
[train-progress] epoch=14 [##################------] 675/900  75.0% loss=0.90471 jepa=0.39323 hard=0.66854 hard_red=0.02561 oracle=0.45780 rank=0.06397 value=0.36570 cand=2.37830 pairs=309.8
[train-progress] epoch=14 [##################------] 700/900  77.8% loss=0.89793 jepa=0.39415 hard=0.66976 hard_red=0.02555 oracle=0.45835 rank=0.06409 value=0.36681 cand=2.38100 pairs=309.4
[train-progress] epoch=14 [###################-----] 725/900  80.6% loss=0.88356 jepa=0.39314 hard=0.66854 hard_red=0.02522 oracle=0.45846 rank=0.06414 value=0.36729 cand=2.38150 pairs=310.1
[train-progress] epoch=14 [####################----] 750/900  83.3% loss=0.86911 jepa=0.39122 hard=0.66791 hard_red=0.02503 oracle=0.45799 rank=0.06414 value=0.36826 cand=2.37874 pairs=310.8
[train-progress] epoch=14 [####################----] 775/900  86.1% loss=0.89005 jepa=0.39211 hard=0.66110 hard_red=0.02501 oracle=0.45791 rank=0.06416 value=0.36737 cand=2.37837 pairs=310.7
[train-progress] epoch=14 [#####################---] 800/900  88.9% loss=0.88919 jepa=0.39184 hard=0.66512 hard_red=0.02523 oracle=0.45806 rank=0.06410 value=0.36637 cand=2.37943 pairs=310.6
[train-progress] epoch=14 [######################--] 825/900  91.7% loss=0.88714 jepa=0.39218 hard=0.66862 hard_red=0.02538 oracle=0.45804 rank=0.06415 value=0.36624 cand=2.37921 pairs=310.7
[train-progress] epoch=14 [######################--] 850/900  94.4% loss=0.89139 jepa=0.39217 hard=0.66942 hard_red=0.02536 oracle=0.45815 rank=0.06409 value=0.36583 cand=2.38004 pairs=310.4
[train-progress] epoch=14 [#######################-] 875/900  97.2% loss=0.89083 jepa=0.39131 hard=0.67087 hard_red=0.02526 oracle=0.45853 rank=0.06409 value=0.36622 cand=2.38207 pairs=310.8
[train-progress] epoch=14 [########################] 900/900 100.0% loss=0.88127 jepa=0.39042 hard=0.66617 hard_red=0.02501 oracle=0.45889 rank=0.06416 value=0.36603 cand=2.38395 pairs=310.6
[train] epoch=14 horizon=5 train_loss=0.881270 val_loss=0.152454 train_steps=900
[2026-07-06T21:44:09+08:00] done name=hybrid_rank_v1_safe run_dir=runs/planner_aligned_hybrid_rank_v1_safe
