[2026-07-07T00:54:54+08:00] start name=q_rank_v5_context_safe gpu=0 config=configs/planner_aligned_q_rank_v5_context_safe.json
[train] excluded_eval_benchmarks=b15_C,b17_C,b20_C,b21_C,b22_C,epfl__arithmetic__max__max,epfl__random_control__i2c__i2c,i2c,iscas99__b15_1,iscas99__b17,iscas99__b20,iscas99__b21,iscas99__b22,max,mem_ctrl,openabcd__mem_ctrl_orig,subckt_0001 removed_rows=925 remaining_rows=99075
[train] disabling pattern loss
[train] note: delta_test_coverage is retained as a weak objective; the main hard-fault target is hard_reduction
[train] oracle skipped forbidden rows path=autoresearch/oracle-balanced-negative-rich-260629-wide/balanced_train_oracle_actions.tsv rows=36 benchmarks=subckt_0001:36
[train-progress] epoch=8 [############------------] 450/900  50.0% loss=0.32705 jepa=0.35365 hard=0.75193 hard_red=0.02480 oracle=0.49007 rank=0.06564 value=0.23705 cand=2.38661 ndcg=0.00000 cql=0.00000 ctx=0.06630 pairs=317.6
[train-progress] epoch=8 [############------------] 475/900  52.8% loss=0.32192 jepa=0.35276 hard=0.75583 hard_red=0.02447 oracle=0.49013 rank=0.06571 value=0.23625 cand=2.38712 ndcg=0.00000 cql=0.00000 ctx=0.06633 pairs=316.2
[train-progress] epoch=8 [#############-----------] 500/900  55.6% loss=0.32127 jepa=0.35114 hard=0.75510 hard_red=0.02485 oracle=0.49034 rank=0.06607 value=0.23561 cand=2.38791 ndcg=0.00000 cql=0.00000 ctx=0.06627 pairs=316.8
[train-progress] epoch=8 [##############----------] 525/900  58.3% loss=0.32716 jepa=0.35217 hard=0.75037 hard_red=0.02484 oracle=0.49111 rank=0.06622 value=0.23628 cand=2.39103 ndcg=0.00000 cql=0.00000 ctx=0.06666 pairs=316.2
[train] q_oracle enabled groups=178 score_field=q_pred lambda_q_value=0.08 lambda_q_rank=0.38 lambda_candidate=0.18 lambda_ndcg_rank=0.0 lambda_conservative_q=0.0 lambda_context_rank=0.25 pairwise_mode=best_vs_hard_topk forbidden_benchmarks=20
[train] rows=99075 train_rows=83565 val_rows=15510 train_samples=16713 val_samples=3102 rollout_training=True feature_dim=38 relation_dim=12 cache_samples=False sample_cache_max_entries=unlimited
[train-progress] epoch=1 [------------------------] 1/900   0.1% loss=0.33644 jepa=1.01843 hard=2.41135 hard_red=0.00362 oracle=0.00000 rank=0.00000 value=0.00000 cand=0.00000 ndcg=0.00000 cql=0.00000 ctx=0.00000 pairs=0.0
[train-progress] epoch=1 [------------------------] 25/900   2.8% loss=0.48441 jepa=0.82644 hard=1.27689 hard_red=0.03515 oracle=0.00000 rank=0.00000 value=0.00000 cand=0.00000 ndcg=0.00000 cql=0.00000 ctx=0.00000 pairs=0.0
[train-progress] epoch=1 [#-----------------------] 50/900   5.6% loss=0.42504 jepa=0.63788 hard=1.12804 hard_red=0.04726 oracle=0.00000 rank=0.00000 value=0.00000 cand=0.00000 ndcg=0.00000 cql=0.00000 ctx=0.00000 pairs=0.0
[train-progress] epoch=1 [##----------------------] 75/900   8.3% loss=0.38153 jepa=0.52765 hard=1.09804 hard_red=0.05344 oracle=0.00000 rank=0.00000 value=0.00000 cand=0.00000 ndcg=0.00000 cql=0.00000 ctx=0.00000 pairs=0.0
[train-progress] epoch=1 [##----------------------] 100/900  11.1% loss=0.37468 jepa=0.45679 hard=1.06845 hard_red=0.04785 oracle=0.00000 rank=0.00000 value=0.00000 cand=0.00000 ndcg=0.00000 cql=0.00000 ctx=0.00000 pairs=0.0
[train-progress] epoch=1 [###---------------------] 125/900  13.9% loss=0.35126 jepa=0.41144 hard=1.04397 hard_red=0.04993 oracle=0.00000 rank=0.00000 value=0.00000 cand=0.00000 ndcg=0.00000 cql=0.00000 ctx=0.00000 pairs=0.0
[train-progress] epoch=8 [##############----------] 550/900  61.1% loss=0.32830 jepa=0.35471 hard=0.75312 hard_red=0.02502 oracle=0.49240 rank=0.06630 value=0.23646 cand=2.39821 ndcg=0.00000 cql=0.00000 ctx=0.06646 pairs=315.7
[train-progress] epoch=1 [####--------------------] 150/900  16.7% loss=0.31900 jepa=0.37411 hard=1.03264 hard_red=0.04775 oracle=0.00000 rank=0.00000 value=0.00000 cand=0.00000 ndcg=0.00000 cql=0.00000 ctx=0.00000 pairs=0.0
[train-progress] epoch=1 [####--------------------] 175/900  19.4% loss=0.29278 jepa=0.34364 hard=1.03214 hard_red=0.04361 oracle=0.00000 rank=0.00000 value=0.00000 cand=0.00000 ndcg=0.00000 cql=0.00000 ctx=0.00000 pairs=0.0
[train-progress] epoch=1 [#####-------------------] 200/900  22.2% loss=0.28941 jepa=0.32119 hard=1.02259 hard_red=0.04365 oracle=0.00000 rank=0.00000 value=0.00000 cand=0.00000 ndcg=0.00000 cql=0.00000 ctx=0.00000 pairs=0.0
[train-progress] epoch=1 [######------------------] 225/900  25.0% loss=0.29296 jepa=0.30430 hard=1.01526 hard_red=0.04347 oracle=0.00000 rank=0.00000 value=0.00000 cand=0.00000 ndcg=0.00000 cql=0.00000 ctx=0.00000 pairs=0.0
[train-progress] epoch=1 [######------------------] 250/900  27.8% loss=0.27977 jepa=0.28953 hard=1.00209 hard_red=0.04244 oracle=0.00000 rank=0.00000 value=0.00000 cand=0.00000 ndcg=0.00000 cql=0.00000 ctx=0.00000 pairs=0.0
[train-progress] epoch=1 [#######-----------------] 275/900  30.6% loss=0.26587 jepa=0.27603 hard=1.00193 hard_red=0.03929 oracle=0.00000 rank=0.00000 value=0.00000 cand=0.00000 ndcg=0.00000 cql=0.00000 ctx=0.00000 pairs=0.0
[train-progress] epoch=1 [########----------------] 300/900  33.3% loss=0.25857 jepa=0.26438 hard=0.99852 hard_red=0.04165 oracle=0.00000 rank=0.00000 value=0.00000 cand=0.00000 ndcg=0.00000 cql=0.00000 ctx=0.00000 pairs=0.0
[train-progress] epoch=1 [########----------------] 325/900  36.1% loss=0.25733 jepa=0.25565 hard=0.99202 hard_red=0.04234 oracle=0.00000 rank=0.00000 value=0.00000 cand=0.00000 ndcg=0.00000 cql=0.00000 ctx=0.00000 pairs=0.0
[train-progress] epoch=1 [#########---------------] 350/900  38.9% loss=0.25381 jepa=0.24863 hard=0.98992 hard_red=0.04178 oracle=0.00000 rank=0.00000 value=0.00000 cand=0.00000 ndcg=0.00000 cql=0.00000 ctx=0.00000 pairs=0.0
[train-progress] epoch=1 [##########--------------] 375/900  41.7% loss=0.25302 jepa=0.23982 hard=0.99233 hard_red=0.04014 oracle=0.00000 rank=0.00000 value=0.00000 cand=0.00000 ndcg=0.00000 cql=0.00000 ctx=0.00000 pairs=0.0
[train-progress] epoch=1 [##########--------------] 400/900  44.4% loss=0.24657 jepa=0.23123 hard=0.99272 hard_red=0.03942 oracle=0.00000 rank=0.00000 value=0.00000 cand=0.00000 ndcg=0.00000 cql=0.00000 ctx=0.00000 pairs=0.0
[train-progress] epoch=1 [###########-------------] 425/900  47.2% loss=0.23875 jepa=0.22396 hard=0.99179 hard_red=0.03863 oracle=0.00000 rank=0.00000 value=0.00000 cand=0.00000 ndcg=0.00000 cql=0.00000 ctx=0.00000 pairs=0.0
[train-progress] epoch=1 [############------------] 450/900  50.0% loss=0.23765 jepa=0.21838 hard=0.98217 hard_red=0.03775 oracle=0.00000 rank=0.00000 value=0.00000 cand=0.00000 ndcg=0.00000 cql=0.00000 ctx=0.00000 pairs=0.0
[train-progress] epoch=1 [############------------] 475/900  52.8% loss=0.23711 jepa=0.21422 hard=0.97886 hard_red=0.03782 oracle=0.00000 rank=0.00000 value=0.00000 cand=0.00000 ndcg=0.00000 cql=0.00000 ctx=0.00000 pairs=0.0
[train-progress] epoch=1 [#############-----------] 500/900  55.6% loss=0.25106 jepa=0.20916 hard=0.97016 hard_red=0.03861 oracle=0.00000 rank=0.00000 value=0.00000 cand=0.00000 ndcg=0.00000 cql=0.00000 ctx=0.00000 pairs=0.0
[train-progress] epoch=1 [##############----------] 525/900  58.3% loss=0.25525 jepa=0.20444 hard=0.97136 hard_red=0.03779 oracle=0.00000 rank=0.00000 value=0.00000 cand=0.00000 ndcg=0.00000 cql=0.00000 ctx=0.00000 pairs=0.0
[train-progress] epoch=1 [##############----------] 550/900  61.1% loss=0.26332 jepa=0.20011 hard=0.96894 hard_red=0.03867 oracle=0.00000 rank=0.00000 value=0.00000 cand=0.00000 ndcg=0.00000 cql=0.00000 ctx=0.00000 pairs=0.0
[train-progress] epoch=1 [###############---------] 575/900  63.9% loss=0.26327 jepa=0.19612 hard=0.97075 hard_red=0.03967 oracle=0.00000 rank=0.00000 value=0.00000 cand=0.00000 ndcg=0.00000 cql=0.00000 ctx=0.00000 pairs=0.0
[train-progress] epoch=8 [###############---------] 575/900  63.9% loss=0.32444 jepa=0.35685 hard=0.74964 hard_red=0.02523 oracle=0.49199 rank=0.06621 value=0.23719 cand=2.39576 ndcg=0.00000 cql=0.00000 ctx=0.06648 pairs=315.7
[train-progress] epoch=1 [################--------] 600/900  66.7% loss=0.26424 jepa=0.19233 hard=0.96692 hard_red=0.03854 oracle=0.00000 rank=0.00000 value=0.00000 cand=0.00000 ndcg=0.00000 cql=0.00000 ctx=0.00000 pairs=0.0
[train-progress] epoch=1 [################--------] 625/900  69.4% loss=0.26028 jepa=0.18921 hard=0.96444 hard_red=0.03849 oracle=0.00000 rank=0.00000 value=0.00000 cand=0.00000 ndcg=0.00000 cql=0.00000 ctx=0.00000 pairs=0.0
[train-progress] epoch=1 [#################-------] 650/900  72.2% loss=0.25570 jepa=0.18638 hard=0.96172 hard_red=0.03821 oracle=0.00000 rank=0.00000 value=0.00000 cand=0.00000 ndcg=0.00000 cql=0.00000 ctx=0.00000 pairs=0.0
[train-progress] epoch=1 [##################------] 675/900  75.0% loss=0.25013 jepa=0.18329 hard=0.96130 hard_red=0.03750 oracle=0.00000 rank=0.00000 value=0.00000 cand=0.00000 ndcg=0.00000 cql=0.00000 ctx=0.00000 pairs=0.0
[train-progress] epoch=1 [##################------] 700/900  77.8% loss=0.24948 jepa=0.18056 hard=0.95484 hard_red=0.03654 oracle=0.00000 rank=0.00000 value=0.00000 cand=0.00000 ndcg=0.00000 cql=0.00000 ctx=0.00000 pairs=0.0
[train-progress] epoch=1 [###################-----] 725/900  80.6% loss=0.24992 jepa=0.17795 hard=0.94850 hard_red=0.03623 oracle=0.00000 rank=0.00000 value=0.00000 cand=0.00000 ndcg=0.00000 cql=0.00000 ctx=0.00000 pairs=0.0
[train-progress] epoch=1 [####################----] 750/900  83.3% loss=0.24770 jepa=0.17582 hard=0.94218 hard_red=0.03554 oracle=0.00000 rank=0.00000 value=0.00000 cand=0.00000 ndcg=0.00000 cql=0.00000 ctx=0.00000 pairs=0.0
[train-progress] epoch=1 [####################----] 775/900  86.1% loss=0.24876 jepa=0.17383 hard=0.94000 hard_red=0.03601 oracle=0.00000 rank=0.00000 value=0.00000 cand=0.00000 ndcg=0.00000 cql=0.00000 ctx=0.00000 pairs=0.0
[train-progress] epoch=1 [#####################---] 800/900  88.9% loss=0.25129 jepa=0.17193 hard=0.93702 hard_red=0.03577 oracle=0.00000 rank=0.00000 value=0.00000 cand=0.00000 ndcg=0.00000 cql=0.00000 ctx=0.00000 pairs=0.0
[train-progress] epoch=1 [######################--] 825/900  91.7% loss=0.24675 jepa=0.16980 hard=0.93862 hard_red=0.03495 oracle=0.00000 rank=0.00000 value=0.00000 cand=0.00000 ndcg=0.00000 cql=0.00000 ctx=0.00000 pairs=0.0
[train] q_oracle enabled groups=178 score_field=q_pred lambda_q_value=0.08 lambda_q_rank=0.38 lambda_candidate=0.18 lambda_ndcg_rank=0.0 lambda_conservative_q=0.0 lambda_context_rank=0.25 pairwise_mode=best_vs_hard_topk forbidden_benchmarks=20
[train] rows=99075 train_rows=83565 val_rows=15510 train_samples=16713 val_samples=3102 rollout_training=True feature_dim=38 relation_dim=12 cache_samples=False sample_cache_max_entries=unlimited
[train-progress] epoch=1 [------------------------] 1/900   0.1% loss=0.33644 jepa=1.01843 hard=2.41135 hard_red=0.00362 oracle=0.00000 rank=0.00000 value=0.00000 cand=0.00000 ndcg=0.00000 cql=0.00000 ctx=0.00000 pairs=0.0
[train-progress] epoch=1 [------------------------] 25/900   2.8% loss=0.48441 jepa=0.82644 hard=1.27689 hard_red=0.03515 oracle=0.00000 rank=0.00000 value=0.00000 cand=0.00000 ndcg=0.00000 cql=0.00000 ctx=0.00000 pairs=0.0
[train-progress] epoch=1 [######################--] 850/900  94.4% loss=0.24563 jepa=0.16797 hard=0.93878 hard_red=0.03480 oracle=0.00000 rank=0.00000 value=0.00000 cand=0.00000 ndcg=0.00000 cql=0.00000 ctx=0.00000 pairs=0.0
[train-progress] epoch=1 [#-----------------------] 50/900   5.6% loss=0.42504 jepa=0.63788 hard=1.12804 hard_red=0.04726 oracle=0.00000 rank=0.00000 value=0.00000 cand=0.00000 ndcg=0.00000 cql=0.00000 ctx=0.00000 pairs=0.0
[train-progress] epoch=1 [#######################-] 875/900  97.2% loss=0.24374 jepa=0.16662 hard=0.93446 hard_red=0.03491 oracle=0.00000 rank=0.00000 value=0.00000 cand=0.00000 ndcg=0.00000 cql=0.00000 ctx=0.00000 pairs=0.0
[train-progress] epoch=1 [##----------------------] 75/900   8.3% loss=0.38153 jepa=0.52765 hard=1.09804 hard_red=0.05344 oracle=0.00000 rank=0.00000 value=0.00000 cand=0.00000 ndcg=0.00000 cql=0.00000 ctx=0.00000 pairs=0.0
[train-progress] epoch=1 [########################] 900/900 100.0% loss=0.24200 jepa=0.16512 hard=0.93314 hard_red=0.03482 oracle=0.00000 rank=0.00000 value=0.00000 cand=0.00000 ndcg=0.00000 cql=0.00000 ctx=0.00000 pairs=0.0
[train-progress] epoch=1 [##----------------------] 100/900  11.1% loss=0.37468 jepa=0.45679 hard=1.06845 hard_red=0.04785 oracle=0.00000 rank=0.00000 value=0.00000 cand=0.00000 ndcg=0.00000 cql=0.00000 ctx=0.00000 pairs=0.0
[train-progress] epoch=1 [###---------------------] 125/900  13.9% loss=0.35126 jepa=0.41144 hard=1.04397 hard_red=0.04993 oracle=0.00000 rank=0.00000 value=0.00000 cand=0.00000 ndcg=0.00000 cql=0.00000 ctx=0.00000 pairs=0.0
[train-progress] epoch=1 [####--------------------] 150/900  16.7% loss=0.31900 jepa=0.37411 hard=1.03264 hard_red=0.04775 oracle=0.00000 rank=0.00000 value=0.00000 cand=0.00000 ndcg=0.00000 cql=0.00000 ctx=0.00000 pairs=0.0
[train-progress] epoch=1 [####--------------------] 175/900  19.4% loss=0.29278 jepa=0.34364 hard=1.03214 hard_red=0.04361 oracle=0.00000 rank=0.00000 value=0.00000 cand=0.00000 ndcg=0.00000 cql=0.00000 ctx=0.00000 pairs=0.0
[train-progress] epoch=1 [#####-------------------] 200/900  22.2% loss=0.28941 jepa=0.32119 hard=1.02259 hard_red=0.04365 oracle=0.00000 rank=0.00000 value=0.00000 cand=0.00000 ndcg=0.00000 cql=0.00000 ctx=0.00000 pairs=0.0
[train-progress] epoch=8 [################--------] 600/900  66.7% loss=0.32992 jepa=0.35624 hard=0.75283 hard_red=0.02533 oracle=0.49126 rank=0.06619 value=0.23713 cand=2.39158 ndcg=0.00000 cql=0.00000 ctx=0.06661 pairs=315.5
[train-progress] epoch=1 [######------------------] 225/900  25.0% loss=0.29297 jepa=0.30428 hard=1.01525 hard_red=0.04348 oracle=0.00000 rank=0.00000 value=0.00000 cand=0.00000 ndcg=0.00000 cql=0.00000 ctx=0.00000 pairs=0.0
[train-progress] epoch=1 [######------------------] 250/900  27.8% loss=0.27981 jepa=0.28949 hard=1.00201 hard_red=0.04246 oracle=0.00000 rank=0.00000 value=0.00000 cand=0.00000 ndcg=0.00000 cql=0.00000 ctx=0.00000 pairs=0.0
[train-progress] epoch=1 [#######-----------------] 275/900  30.6% loss=0.26607 jepa=0.27607 hard=1.00181 hard_red=0.03934 oracle=0.00000 rank=0.00000 value=0.00000 cand=0.00000 ndcg=0.00000 cql=0.00000 ctx=0.00000 pairs=0.0
[train-progress] epoch=1 [########----------------] 300/900  33.3% loss=0.25867 jepa=0.26447 hard=0.99827 hard_red=0.04180 oracle=0.00000 rank=0.00000 value=0.00000 cand=0.00000 ndcg=0.00000 cql=0.00000 ctx=0.00000 pairs=0.0
[train-progress] epoch=1 [########----------------] 325/900  36.1% loss=0.25776 jepa=0.25568 hard=0.99157 hard_red=0.04267 oracle=0.00000 rank=0.00000 value=0.00000 cand=0.00000 ndcg=0.00000 cql=0.00000 ctx=0.00000 pairs=0.0
[train-progress] epoch=1 [#########---------------] 350/900  38.9% loss=0.25407 jepa=0.24872 hard=0.98959 hard_red=0.04181 oracle=0.00000 rank=0.00000 value=0.00000 cand=0.00000 ndcg=0.00000 cql=0.00000 ctx=0.00000 pairs=0.0
[train-progress] epoch=1 [##########--------------] 375/900  41.7% loss=0.25335 jepa=0.24006 hard=0.99223 hard_red=0.04014 oracle=0.00000 rank=0.00000 value=0.00000 cand=0.00000 ndcg=0.00000 cql=0.00000 ctx=0.00000 pairs=0.0
[train-progress] epoch=1 [##########--------------] 400/900  44.4% loss=0.24707 jepa=0.23159 hard=0.99263 hard_red=0.03952 oracle=0.00000 rank=0.00000 value=0.00000 cand=0.00000 ndcg=0.00000 cql=0.00000 ctx=0.00000 pairs=0.0
[train-progress] epoch=1 [###########-------------] 425/900  47.2% loss=0.23916 jepa=0.22452 hard=0.99158 hard_red=0.03868 oracle=0.00000 rank=0.00000 value=0.00000 cand=0.00000 ndcg=0.00000 cql=0.00000 ctx=0.00000 pairs=0.0
[train-progress] epoch=1 [############------------] 450/900  50.0% loss=0.23786 jepa=0.21871 hard=0.98165 hard_red=0.03782 oracle=0.00000 rank=0.00000 value=0.00000 cand=0.00000 ndcg=0.00000 cql=0.00000 ctx=0.00000 pairs=0.0
[train-progress] epoch=1 [############------------] 475/900  52.8% loss=0.23726 jepa=0.21469 hard=0.97799 hard_red=0.03789 oracle=0.00000 rank=0.00000 value=0.00000 cand=0.00000 ndcg=0.00000 cql=0.00000 ctx=0.00000 pairs=0.0
[train-progress] epoch=1 [#############-----------] 500/900  55.6% loss=0.25111 jepa=0.20992 hard=0.96930 hard_red=0.03869 oracle=0.00000 rank=0.00000 value=0.00000 cand=0.00000 ndcg=0.00000 cql=0.00000 ctx=0.00000 pairs=0.0
[train-progress] epoch=1 [##############----------] 525/900  58.3% loss=0.25551 jepa=0.20562 hard=0.97015 hard_red=0.03780 oracle=0.00000 rank=0.00000 value=0.00000 cand=0.00000 ndcg=0.00000 cql=0.00000 ctx=0.00000 pairs=0.0
[train-progress] epoch=1 [##############----------] 550/900  61.1% loss=0.26366 jepa=0.20128 hard=0.96748 hard_red=0.03882 oracle=0.00000 rank=0.00000 value=0.00000 cand=0.00000 ndcg=0.00000 cql=0.00000 ctx=0.00000 pairs=0.0
[train-progress] epoch=1 [###############---------] 575/900  63.9% loss=0.26386 jepa=0.19716 hard=0.96957 hard_red=0.04000 oracle=0.00000 rank=0.00000 value=0.00000 cand=0.00000 ndcg=0.00000 cql=0.00000 ctx=0.00000 pairs=0.0
[train-progress] epoch=1 [################--------] 600/900  66.7% loss=0.26500 jepa=0.19354 hard=0.96563 hard_red=0.03891 oracle=0.00000 rank=0.00000 value=0.00000 cand=0.00000 ndcg=0.00000 cql=0.00000 ctx=0.00000 pairs=0.0
[train-progress] epoch=1 [################--------] 625/900  69.4% loss=0.26112 jepa=0.19066 hard=0.96321 hard_red=0.03881 oracle=0.00000 rank=0.00000 value=0.00000 cand=0.00000 ndcg=0.00000 cql=0.00000 ctx=0.00000 pairs=0.0
[train-progress] epoch=1 [#################-------] 650/900  72.2% loss=0.25653 jepa=0.18778 hard=0.96054 hard_red=0.03852 oracle=0.00000 rank=0.00000 value=0.00000 cand=0.00000 ndcg=0.00000 cql=0.00000 ctx=0.00000 pairs=0.0
[train-progress] epoch=8 [################--------] 625/900  69.4% loss=0.32502 jepa=0.35471 hard=0.74696 hard_red=0.02518 oracle=0.49150 rank=0.06636 value=0.23748 cand=2.39228 ndcg=0.00000 cql=0.00000 ctx=0.06671 pairs=315.3
[train-progress] epoch=1 [##################------] 675/900  75.0% loss=0.25086 jepa=0.18475 hard=0.96037 hard_red=0.03774 oracle=0.00000 rank=0.00000 value=0.00000 cand=0.00000 ndcg=0.00000 cql=0.00000 ctx=0.00000 pairs=0.0
[train-progress] epoch=1 [##################------] 700/900  77.8% loss=0.25024 jepa=0.18201 hard=0.95397 hard_red=0.03678 oracle=0.00000 rank=0.00000 value=0.00000 cand=0.00000 ndcg=0.00000 cql=0.00000 ctx=0.00000 pairs=0.0
[train-progress] epoch=1 [###################-----] 725/900  80.6% loss=0.25079 jepa=0.17957 hard=0.94750 hard_red=0.03644 oracle=0.00000 rank=0.00000 value=0.00000 cand=0.00000 ndcg=0.00000 cql=0.00000 ctx=0.00000 pairs=0.0
[train-progress] epoch=1 [####################----] 750/900  83.3% loss=0.24839 jepa=0.17740 hard=0.94119 hard_red=0.03572 oracle=0.00000 rank=0.00000 value=0.00000 cand=0.00000 ndcg=0.00000 cql=0.00000 ctx=0.00000 pairs=0.0
[train-progress] epoch=1 [####################----] 775/900  86.1% loss=0.24934 jepa=0.17537 hard=0.93893 hard_red=0.03619 oracle=0.00000 rank=0.00000 value=0.00000 cand=0.00000 ndcg=0.00000 cql=0.00000 ctx=0.00000 pairs=0.0
[train-progress] epoch=1 [#####################---] 800/900  88.9% loss=0.25184 jepa=0.17349 hard=0.93600 hard_red=0.03590 oracle=0.00000 rank=0.00000 value=0.00000 cand=0.00000 ndcg=0.00000 cql=0.00000 ctx=0.00000 pairs=0.0
[train-progress] epoch=1 [######################--] 825/900  91.7% loss=0.24729 jepa=0.17132 hard=0.93753 hard_red=0.03508 oracle=0.00000 rank=0.00000 value=0.00000 cand=0.00000 ndcg=0.00000 cql=0.00000 ctx=0.00000 pairs=0.0
[train-progress] epoch=1 [######################--] 850/900  94.4% loss=0.24621 jepa=0.16945 hard=0.93771 hard_red=0.03493 oracle=0.00000 rank=0.00000 value=0.00000 cand=0.00000 ndcg=0.00000 cql=0.00000 ctx=0.00000 pairs=0.0
[train-progress] epoch=1 [#######################-] 875/900  97.2% loss=0.24430 jepa=0.16807 hard=0.93328 hard_red=0.03505 oracle=0.00000 rank=0.00000 value=0.00000 cand=0.00000 ndcg=0.00000 cql=0.00000 ctx=0.00000 pairs=0.0
[train-progress] epoch=1 [########################] 900/900 100.0% loss=0.24251 jepa=0.16657 hard=0.93200 hard_red=0.03494 oracle=0.00000 rank=0.00000 value=0.00000 cand=0.00000 ndcg=0.00000 cql=0.00000 ctx=0.00000 pairs=0.0
[train-progress] epoch=8 [#################-------] 650/900  72.2% loss=0.32768 jepa=0.35451 hard=0.74524 hard_red=0.02489 oracle=0.49153 rank=0.06650 value=0.23837 cand=2.39173 ndcg=0.00000 cql=0.00000 ctx=0.06670 pairs=315.3
[train-progress] epoch=8 [##################------] 675/900  75.0% loss=0.32604 jepa=0.35378 hard=0.74544 hard_red=0.02496 oracle=0.49175 rank=0.06661 value=0.23917 cand=2.39254 ndcg=0.00000 cql=0.00000 ctx=0.06660 pairs=314.9
[train-progress] epoch=8 [##################------] 700/900  77.8% loss=0.32431 jepa=0.35451 hard=0.74326 hard_red=0.02504 oracle=0.49146 rank=0.06643 value=0.23898 cand=2.39139 ndcg=0.00000 cql=0.00000 ctx=0.06658 pairs=314.7
[train-progress] epoch=8 [###################-----] 725/900  80.6% loss=0.32471 jepa=0.35460 hard=0.74152 hard_red=0.02515 oracle=0.49201 rank=0.06654 value=0.23842 cand=2.39436 ndcg=0.00000 cql=0.00000 ctx=0.06667 pairs=314.1
[train] epoch=1 horizon=1 train_loss=0.242004 val_loss=0.072989 train_steps=900
[train-progress] epoch=2 [------------------------] 1/900   0.1% loss=0.07019 jepa=0.11202 hard=1.21185 hard_red=0.00038 oracle=0.53801 rank=0.69031 value=0.28448 cand=3.16853 ndcg=0.00000 cql=0.00000 ctx=0.88247 pairs=327.0
[train-progress] epoch=8 [####################----] 750/900  83.3% loss=0.33249 jepa=0.35696 hard=0.73993 hard_red=0.02525 oracle=0.49219 rank=0.06660 value=0.23910 cand=2.39490 ndcg=0.00000 cql=0.00000 ctx=0.06670 pairs=313.7
[train-progress] epoch=2 [------------------------] 25/900   2.8% loss=0.14994 jepa=0.15376 hard=0.91331 hard_red=0.02207 oracle=0.51567 rank=0.64708 value=0.59350 cand=3.09266 ndcg=0.00000 cql=0.00000 ctx=0.72514 pairs=326.7
[train-progress] epoch=8 [####################----] 775/900  86.1% loss=0.33474 jepa=0.35809 hard=0.74235 hard_red=0.02500 oracle=0.49187 rank=0.06640 value=0.24004 cand=2.39291 ndcg=0.00000 cql=0.00000 ctx=0.06683 pairs=313.8
[train-progress] epoch=2 [#-----------------------] 50/900   5.6% loss=0.15231 jepa=0.15498 hard=0.91945 hard_red=0.02061 oracle=0.50476 rank=0.62750 value=0.55679 cand=3.06367 ndcg=0.00000 cql=0.00000 ctx=0.70022 pairs=311.4
[train] epoch=1 horizon=1 train_loss=0.242507 val_loss=0.086046 train_steps=900
[train-progress] epoch=2 [------------------------] 1/900   0.1% loss=0.06946 jepa=0.11000 hard=1.20469 hard_red=0.00260 oracle=0.51046 rank=0.68810 value=0.28065 cand=3.15861 ndcg=0.00000 cql=0.00000 ctx=0.67375 pairs=327.0
[train-progress] epoch=8 [#####################---] 800/900  88.9% loss=0.33714 jepa=0.35860 hard=0.74479 hard_red=0.02511 oracle=0.49157 rank=0.06623 value=0.23948 cand=2.39213 ndcg=0.00000 cql=0.00000 ctx=0.06665 pairs=314.1
[train-progress] epoch=2 [##----------------------] 75/900   8.3% loss=0.16323 jepa=0.16318 hard=0.89519 hard_red=0.02116 oracle=0.49443 rank=0.59255 value=0.53181 cand=3.06907 ndcg=0.00000 cql=0.00000 ctx=0.67484 pairs=313.9
[train-progress] epoch=2 [------------------------] 25/900   2.8% loss=0.14827 jepa=0.14989 hard=0.91097 hard_red=0.02181 oracle=0.51509 rank=0.65499 value=0.58842 cand=3.08943 ndcg=0.00000 cql=0.00000 ctx=0.71241 pairs=326.7
[train-progress] epoch=8 [######################--] 825/900  91.7% loss=0.34010 jepa=0.35800 hard=0.74185 hard_red=0.02510 oracle=0.49216 rank=0.06650 value=0.23961 cand=2.39477 ndcg=0.00000 cql=0.00000 ctx=0.06665 pairs=313.7
[train-progress] epoch=2 [##----------------------] 100/900  11.1% loss=0.17441 jepa=0.16794 hard=0.87077 hard_red=0.02141 oracle=0.48909 rank=0.57606 value=0.54358 cand=3.05553 ndcg=0.00000 cql=0.00000 ctx=0.66318 pairs=313.0
[train-progress] epoch=2 [#-----------------------] 50/900   5.6% loss=0.14992 jepa=0.14897 hard=0.92011 hard_red=0.02092 oracle=0.50131 rank=0.62987 value=0.54175 cand=3.05313 ndcg=0.00000 cql=0.00000 ctx=0.68143 pairs=311.4
[train-progress] epoch=8 [######################--] 850/900  94.4% loss=0.33531 jepa=0.35632 hard=0.74285 hard_red=0.02517 oracle=0.49174 rank=0.06647 value=0.23906 cand=2.39279 ndcg=0.00000 cql=0.00000 ctx=0.06663 pairs=314.1
[train-progress] epoch=2 [###---------------------] 125/900  13.9% loss=0.19775 jepa=0.17093 hard=0.85758 hard_red=0.02093 oracle=0.48342 rank=0.56084 value=0.54546 cand=3.04019 ndcg=0.00000 cql=0.00000 ctx=0.65140 pairs=312.4
[train-progress] epoch=2 [##----------------------] 75/900   8.3% loss=0.15970 jepa=0.15705 hard=0.89701 hard_red=0.02134 oracle=0.49180 rank=0.59097 value=0.53662 cand=3.06230 ndcg=0.00000 cql=0.00000 ctx=0.65957 pairs=313.9
[train-progress] epoch=8 [#######################-] 875/900  97.2% loss=0.33349 jepa=0.35499 hard=0.73978 hard_red=0.02484 oracle=0.49198 rank=0.06633 value=0.23839 cand=2.39481 ndcg=0.00000 cql=0.00000 ctx=0.06653 pairs=314.1
[train-progress] epoch=2 [####--------------------] 150/900  16.7% loss=0.19520 jepa=0.17692 hard=0.85757 hard_red=0.02313 oracle=0.47837 rank=0.54910 value=0.55165 cand=3.02563 ndcg=0.00000 cql=0.00000 ctx=0.63731 pairs=312.8
[train-progress] epoch=2 [##----------------------] 100/900  11.1% loss=0.17123 jepa=0.16411 hard=0.87414 hard_red=0.02152 oracle=0.48616 rank=0.57354 value=0.54878 cand=3.04798 ndcg=0.00000 cql=0.00000 ctx=0.64734 pairs=313.0
[train-progress] epoch=8 [########################] 900/900 100.0% loss=0.33158 jepa=0.35417 hard=0.74281 hard_red=0.02486 oracle=0.49169 rank=0.06630 value=0.23825 cand=2.39349 ndcg=0.00000 cql=0.00000 ctx=0.06641 pairs=314.4
[train-progress] epoch=2 [####--------------------] 175/900  19.4% loss=0.20238 jepa=0.18190 hard=0.85293 hard_red=0.02535 oracle=0.47074 rank=0.52639 value=0.54905 cand=3.01562 ndcg=0.00000 cql=0.00000 ctx=0.61887 pairs=311.1
[train-progress] epoch=2 [###---------------------] 125/900  13.9% loss=0.19517 jepa=0.16594 hard=0.86036 hard_red=0.02100 oracle=0.48133 rank=0.55917 value=0.54872 cand=3.03675 ndcg=0.00000 cql=0.00000 ctx=0.63863 pairs=312.4
[train-progress] epoch=2 [#####-------------------] 200/900  22.2% loss=0.20600 jepa=0.18363 hard=0.87631 hard_red=0.02449 oracle=0.46493 rank=0.51172 value=0.53858 cand=3.00633 ndcg=0.00000 cql=0.00000 ctx=0.60474 pairs=310.0
[train-progress] epoch=2 [####--------------------] 150/900  16.7% loss=0.19282 jepa=0.17100 hard=0.86091 hard_red=0.02336 oracle=0.47577 rank=0.54427 value=0.55729 cand=3.02230 ndcg=0.00000 cql=0.00000 ctx=0.62445 pairs=312.8
[train-progress] epoch=2 [######------------------] 225/900  25.0% loss=0.21012 jepa=0.18626 hard=0.87917 hard_red=0.02505 oracle=0.46009 rank=0.49876 value=0.54246 cand=2.99533 ndcg=0.00000 cql=0.00000 ctx=0.59239 pairs=309.6
[train-progress] epoch=2 [####--------------------] 175/900  19.4% loss=0.20013 jepa=0.17732 hard=0.85401 hard_red=0.02561 oracle=0.46746 rank=0.51848 value=0.55723 cand=3.01035 ndcg=0.00000 cql=0.00000 ctx=0.60581 pairs=311.1
[train-progress] epoch=2 [######------------------] 250/900  27.8% loss=0.21202 jepa=0.18993 hard=0.88686 hard_red=0.02498 oracle=0.45437 rank=0.48426 value=0.54144 cand=2.97939 ndcg=0.00000 cql=0.00000 ctx=0.58043 pairs=307.5
[train-progress] epoch=2 [#####-------------------] 200/900  22.2% loss=0.20399 jepa=0.18061 hard=0.87804 hard_red=0.02473 oracle=0.46271 rank=0.50531 value=0.54853 cand=3.00366 ndcg=0.00000 cql=0.00000 ctx=0.59542 pairs=310.0
[train-progress] epoch=2 [#######-----------------] 275/900  30.6% loss=0.21138 jepa=0.19330 hard=0.88752 hard_red=0.02476 oracle=0.44853 rank=0.47021 value=0.55385 cand=2.95713 ndcg=0.00000 cql=0.00000 ctx=0.56719 pairs=308.7
[train-progress] epoch=2 [######------------------] 225/900  25.0% loss=0.20776 jepa=0.18438 hard=0.88040 hard_red=0.02533 oracle=0.45854 rank=0.49301 value=0.55250 cand=2.99622 ndcg=0.00000 cql=0.00000 ctx=0.58488 pairs=309.6
[train] epoch=8 horizon=5 train_loss=0.331579 val_loss=0.119472 train_steps=900
[train-progress] epoch=9 [------------------------] 1/900   0.1% loss=0.27782 jepa=0.33367 hard=0.95560 hard_red=0.03544 oracle=0.53381 rank=0.08796 value=0.19565 cand=2.59778 ndcg=0.00000 cql=0.00000 ctx=0.06853 pairs=357.0
[train-progress] epoch=2 [########----------------] 300/900  33.3% loss=0.21507 jepa=0.19663 hard=0.88142 hard_red=0.02686 oracle=0.44415 rank=0.45905 value=0.55119 cand=2.94520 ndcg=0.00000 cql=0.00000 ctx=0.55849 pairs=308.9
[train-progress] epoch=9 [------------------------] 25/900   2.8% loss=0.31378 jepa=0.33510 hard=0.64694 hard_red=0.01824 oracle=0.49419 rank=0.06600 value=0.21143 cand=2.42456 ndcg=0.00000 cql=0.00000 ctx=0.06308 pairs=305.3
[train-progress] epoch=2 [######------------------] 250/900  27.8% loss=0.20956 jepa=0.18818 hard=0.88852 hard_red=0.02525 oracle=0.45315 rank=0.47888 value=0.55375 cand=2.97996 ndcg=0.00000 cql=0.00000 ctx=0.57451 pairs=307.5
[train-progress] epoch=2 [########----------------] 325/900  36.1% loss=0.21412 jepa=0.19819 hard=0.87362 hard_red=0.02663 oracle=0.43771 rank=0.44346 value=0.55360 cand=2.92260 ndcg=0.00000 cql=0.00000 ctx=0.54620 pairs=309.4
[train-progress] epoch=9 [#-----------------------] 50/900   5.6% loss=0.26322 jepa=0.32911 hard=0.71884 hard_red=0.01892 oracle=0.50062 rank=0.06707 value=0.21757 cand=2.45051 ndcg=0.00000 cql=0.00000 ctx=0.06654 pairs=308.1
[train-progress] epoch=2 [#######-----------------] 275/900  30.6% loss=0.20829 jepa=0.19185 hard=0.88862 hard_red=0.02509 oracle=0.44742 rank=0.46501 value=0.56348 cand=2.95823 ndcg=0.00000 cql=0.00000 ctx=0.56233 pairs=308.7
[train-progress] epoch=2 [#########---------------] 350/900  38.9% loss=0.21221 jepa=0.19937 hard=0.87086 hard_red=0.02682 oracle=0.43174 rank=0.42875 value=0.55566 cand=2.90315 ndcg=0.00000 cql=0.00000 ctx=0.53413 pairs=310.1
[train-progress] epoch=9 [##----------------------] 75/900   8.3% loss=0.24700 jepa=0.33026 hard=0.71146 hard_red=0.01712 oracle=0.50056 rank=0.06952 value=0.21433 cand=2.44716 ndcg=0.00000 cql=0.00000 ctx=0.06602 pairs=308.0
[train-progress] epoch=2 [########----------------] 300/900  33.3% loss=0.21161 jepa=0.19448 hard=0.88212 hard_red=0.02719 oracle=0.44321 rank=0.45476 value=0.55961 cand=2.94630 ndcg=0.00000 cql=0.00000 ctx=0.55406 pairs=308.9
[train-progress] epoch=2 [##########--------------] 375/900  41.7% loss=0.21013 jepa=0.20187 hard=0.87164 hard_red=0.02706 oracle=0.42756 rank=0.41775 value=0.55491 cand=2.89306 ndcg=0.00000 cql=0.00000 ctx=0.52490 pairs=311.9
[train-progress] epoch=9 [##----------------------] 100/900  11.1% loss=0.27116 jepa=0.33250 hard=0.72327 hard_red=0.02090 oracle=0.49510 rank=0.06761 value=0.22000 cand=2.41993 ndcg=0.00000 cql=0.00000 ctx=0.06487 pairs=310.1
[train-progress] epoch=2 [##########--------------] 400/900  44.4% loss=0.21147 jepa=0.20395 hard=0.87670 hard_red=0.02796 oracle=0.42254 rank=0.40655 value=0.55263 cand=2.87584 ndcg=0.00000 cql=0.00000 ctx=0.51495 pairs=313.2
[train-progress] epoch=2 [########----------------] 325/900  36.1% loss=0.21074 jepa=0.19537 hard=0.87402 hard_red=0.02688 oracle=0.43706 rank=0.43929 value=0.56300 cand=2.92547 ndcg=0.00000 cql=0.00000 ctx=0.54223 pairs=309.4
[train-progress] epoch=9 [###---------------------] 125/900  13.9% loss=0.28101 jepa=0.33297 hard=0.72573 hard_red=0.02352 oracle=0.48871 rank=0.06662 value=0.22059 cand=2.38788 ndcg=0.00000 cql=0.00000 ctx=0.06371 pairs=311.3
[train-progress] epoch=2 [###########-------------] 425/900  47.2% loss=0.21642 jepa=0.20610 hard=0.87901 hard_red=0.02808 oracle=0.41827 rank=0.39656 value=0.55381 cand=2.86075 ndcg=0.00000 cql=0.00000 ctx=0.50639 pairs=313.2
[train-progress] epoch=2 [#########---------------] 350/900  38.9% loss=0.20914 jepa=0.19628 hard=0.87082 hard_red=0.02705 oracle=0.43157 rank=0.42618 value=0.56439 cand=2.90738 ndcg=0.00000 cql=0.00000 ctx=0.53081 pairs=310.1
[train-progress] epoch=9 [####--------------------] 150/900  16.7% loss=0.26819 jepa=0.33225 hard=0.72075 hard_red=0.02474 oracle=0.48868 rank=0.06627 value=0.22109 cand=2.38926 ndcg=0.00000 cql=0.00000 ctx=0.06298 pairs=313.6
[train-progress] epoch=2 [############------------] 450/900  50.0% loss=0.21538 jepa=0.20802 hard=0.86759 hard_red=0.02783 oracle=0.41412 rank=0.38735 value=0.55182 cand=2.84567 ndcg=0.00000 cql=0.00000 ctx=0.49870 pairs=312.5
[train-progress] epoch=2 [##########--------------] 375/900  41.7% loss=0.20730 jepa=0.19860 hard=0.87257 hard_red=0.02726 oracle=0.42778 rank=0.41550 value=0.56531 cand=2.89884 ndcg=0.00000 cql=0.00000 ctx=0.52262 pairs=311.9
[train-progress] epoch=9 [####--------------------] 175/900  19.4% loss=0.26299 jepa=0.33127 hard=0.73222 hard_red=0.02527 oracle=0.48863 rank=0.06609 value=0.21925 cand=2.39090 ndcg=0.00000 cql=0.00000 ctx=0.06244 pairs=314.0
[train-progress] epoch=2 [############------------] 475/900  52.8% loss=0.22242 jepa=0.20916 hard=0.86567 hard_red=0.02736 oracle=0.41066 rank=0.37917 value=0.54752 cand=2.83746 ndcg=0.00000 cql=0.00000 ctx=0.49079 pairs=312.6
[train-progress] epoch=2 [##########--------------] 400/900  44.4% loss=0.20832 jepa=0.20034 hard=0.87740 hard_red=0.02816 oracle=0.42274 rank=0.40373 value=0.56441 cand=2.88186 ndcg=0.00000 cql=0.00000 ctx=0.51274 pairs=313.2
[train-progress] epoch=9 [#####-------------------] 200/900  22.2% loss=0.28291 jepa=0.33833 hard=0.74658 hard_red=0.02651 oracle=0.48745 rank=0.06556 value=0.21686 cand=2.38757 ndcg=0.00000 cql=0.00000 ctx=0.06169 pairs=312.1
[train-progress] epoch=2 [#############-----------] 500/900  55.6% loss=0.22504 jepa=0.21070 hard=0.86242 hard_red=0.02801 oracle=0.40714 rank=0.37125 value=0.54364 cand=2.82785 ndcg=0.00000 cql=0.00000 ctx=0.48279 pairs=312.7
[train-progress] epoch=2 [###########-------------] 425/900  47.2% loss=0.21251 jepa=0.20272 hard=0.88060 hard_red=0.02832 oracle=0.41884 rank=0.39459 value=0.56592 cand=2.86721 ndcg=0.00000 cql=0.00000 ctx=0.50545 pairs=313.2
[train-progress] epoch=9 [######------------------] 225/900  25.0% loss=0.27711 jepa=0.33375 hard=0.75679 hard_red=0.02681 oracle=0.48635 rank=0.06567 value=0.21753 cand=2.38138 ndcg=0.00000 cql=0.00000 ctx=0.06137 pairs=313.2
[train-progress] epoch=2 [##############----------] 525/900  58.3% loss=0.23456 jepa=0.21252 hard=0.86464 hard_red=0.02844 oracle=0.40310 rank=0.36323 value=0.53791 cand=2.81345 ndcg=0.00000 cql=0.00000 ctx=0.47486 pairs=312.1
[train-progress] epoch=2 [############------------] 450/900  50.0% loss=0.21169 jepa=0.20501 hard=0.86943 hard_red=0.02806 oracle=0.41471 rank=0.38519 value=0.56428 cand=2.85183 ndcg=0.00000 cql=0.00000 ctx=0.49827 pairs=312.5
[train-progress] epoch=9 [######------------------] 250/900  27.8% loss=0.29421 jepa=0.33643 hard=0.74929 hard_red=0.02627 oracle=0.48773 rank=0.06641 value=0.21545 cand=2.38766 ndcg=0.00000 cql=0.00000 ctx=0.06190 pairs=312.8
[train-progress] epoch=2 [##############----------] 550/900  61.1% loss=0.23772 jepa=0.21433 hard=0.86393 hard_red=0.02844 oracle=0.39996 rank=0.35602 value=0.53977 cand=2.80231 ndcg=0.00000 cql=0.00000 ctx=0.46816 pairs=312.7
[train-progress] epoch=9 [#######-----------------] 275/900  30.6% loss=0.28787 jepa=0.33560 hard=0.74756 hard_red=0.02653 oracle=0.48634 rank=0.06605 value=0.21624 cand=2.38051 ndcg=0.00000 cql=0.00000 ctx=0.06179 pairs=312.0
[train-progress] epoch=2 [############------------] 475/900  52.8% loss=0.21939 jepa=0.20690 hard=0.86820 hard_red=0.02762 oracle=0.41122 rank=0.37664 value=0.56040 cand=2.84358 ndcg=0.00000 cql=0.00000 ctx=0.49056 pairs=312.6
[train-progress] epoch=2 [###############---------] 575/900  63.9% loss=0.23698 jepa=0.21573 hard=0.86371 hard_red=0.02819 oracle=0.39729 rank=0.34943 value=0.53784 cand=2.79601 ndcg=0.00000 cql=0.00000 ctx=0.46195 pairs=312.1
[train-progress] epoch=9 [########----------------] 300/900  33.3% loss=0.27898 jepa=0.33475 hard=0.74291 hard_red=0.02632 oracle=0.48726 rank=0.06597 value=0.21515 cand=2.38615 ndcg=0.00000 cql=0.00000 ctx=0.06189 pairs=314.3
[train-progress] epoch=2 [#############-----------] 500/900  55.6% loss=0.22155 jepa=0.20819 hard=0.86493 hard_red=0.02827 oracle=0.40735 rank=0.36804 value=0.55587 cand=2.83243 ndcg=0.00000 cql=0.00000 ctx=0.48214 pairs=312.7
[train-progress] epoch=2 [################--------] 600/900  66.7% loss=0.24125 jepa=0.21709 hard=0.86116 hard_red=0.02881 oracle=0.39474 rank=0.34328 value=0.53633 cand=2.78960 ndcg=0.00000 cql=0.00000 ctx=0.45600 pairs=312.2
[train-progress] epoch=9 [########----------------] 325/900  36.1% loss=0.28223 jepa=0.33466 hard=0.74069 hard_red=0.02641 oracle=0.48554 rank=0.06547 value=0.21837 cand=2.37670 ndcg=0.00000 cql=0.00000 ctx=0.06154 pairs=314.2
[train-progress] epoch=2 [##############----------] 525/900  58.3% loss=0.23127 jepa=0.20995 hard=0.86773 hard_red=0.02866 oracle=0.40322 rank=0.35934 value=0.55107 cand=2.81806 ndcg=0.00000 cql=0.00000 ctx=0.47420 pairs=312.1
[train-progress] epoch=2 [################--------] 625/900  69.4% loss=0.23827 jepa=0.21804 hard=0.86432 hard_red=0.02801 oracle=0.39250 rank=0.33761 value=0.53548 cand=2.78507 ndcg=0.00000 cql=0.00000 ctx=0.45022 pairs=312.5
[train-progress] epoch=9 [#########---------------] 350/900  38.9% loss=0.28445 jepa=0.33477 hard=0.73338 hard_red=0.02703 oracle=0.48530 rank=0.06514 value=0.22133 cand=2.37460 ndcg=0.00000 cql=0.00000 ctx=0.06163 pairs=313.3
[train-progress] epoch=2 [#################-------] 650/900  72.2% loss=0.23565 jepa=0.21831 hard=0.86042 hard_red=0.02788 oracle=0.38938 rank=0.33078 value=0.53375 cand=2.77412 ndcg=0.00000 cql=0.00000 ctx=0.44407 pairs=312.4
[train-progress] epoch=2 [##############----------] 550/900  61.1% loss=0.23415 jepa=0.21157 hard=0.86706 hard_red=0.02860 oracle=0.40014 rank=0.35217 value=0.55387 cand=2.80729 ndcg=0.00000 cql=0.00000 ctx=0.46734 pairs=312.7
[train-progress] epoch=9 [##########--------------] 375/900  41.7% loss=0.28415 jepa=0.33468 hard=0.73566 hard_red=0.02660 oracle=0.48559 rank=0.06544 value=0.22269 cand=2.37453 ndcg=0.00000 cql=0.00000 ctx=0.06199 pairs=313.6
[train-progress] epoch=2 [##################------] 675/900  75.0% loss=0.23474 jepa=0.21909 hard=0.85853 hard_red=0.02779 oracle=0.38659 rank=0.32433 value=0.53404 cand=2.76501 ndcg=0.00000 cql=0.00000 ctx=0.43806 pairs=312.2
[train-progress] epoch=2 [###############---------] 575/900  63.9% loss=0.23314 jepa=0.21237 hard=0.86673 hard_red=0.02830 oracle=0.39757 rank=0.34582 value=0.55217 cand=2.80143 ndcg=0.00000 cql=0.00000 ctx=0.46121 pairs=312.1
[train-progress] epoch=9 [##########--------------] 400/900  44.4% loss=0.28112 jepa=0.33329 hard=0.72943 hard_red=0.02627 oracle=0.48727 rank=0.06557 value=0.22391 cand=2.38290 ndcg=0.00000 cql=0.00000 ctx=0.06207 pairs=312.5
[train-progress] epoch=2 [##################------] 700/900  77.8% loss=0.23900 jepa=0.21958 hard=0.85943 hard_red=0.02777 oracle=0.38427 rank=0.31912 value=0.53256 cand=2.75882 ndcg=0.00000 cql=0.00000 ctx=0.43237 pairs=312.0
[train-progress] epoch=2 [################--------] 600/900  66.7% loss=0.23781 jepa=0.21367 hard=0.86431 hard_red=0.02887 oracle=0.39512 rank=0.33970 value=0.55062 cand=2.79572 ndcg=0.00000 cql=0.00000 ctx=0.45551 pairs=312.2
[train-progress] epoch=9 [###########-------------] 425/900  47.2% loss=0.27777 jepa=0.33246 hard=0.73163 hard_red=0.02609 oracle=0.48815 rank=0.06568 value=0.22527 cand=2.38669 ndcg=0.00000 cql=0.00000 ctx=0.06228 pairs=312.5
[train-progress] epoch=2 [###################-----] 725/900  80.6% loss=0.23748 jepa=0.22008 hard=0.85867 hard_red=0.02748 oracle=0.38230 rank=0.31395 value=0.52999 cand=2.75553 ndcg=0.00000 cql=0.00000 ctx=0.42759 pairs=311.4
[train-progress] epoch=2 [################--------] 625/900  69.4% loss=0.23511 jepa=0.21436 hard=0.86780 hard_red=0.02808 oracle=0.39293 rank=0.33399 value=0.54930 cand=2.79148 ndcg=0.00000 cql=0.00000 ctx=0.45010 pairs=312.5
[train-progress] epoch=9 [############------------] 450/900  50.0% loss=0.28727 jepa=0.33442 hard=0.73371 hard_red=0.02587 oracle=0.48911 rank=0.06590 value=0.22560 cand=2.39080 ndcg=0.00000 cql=0.00000 ctx=0.06271 pairs=312.5
[train-progress] epoch=2 [####################----] 750/900  83.3% loss=0.23503 jepa=0.22037 hard=0.86342 hard_red=0.02724 oracle=0.37999 rank=0.30863 value=0.52811 cand=2.74876 ndcg=0.00000 cql=0.00000 ctx=0.42269 pairs=311.7
[train-progress] epoch=2 [#################-------] 650/900  72.2% loss=0.23266 jepa=0.21477 hard=0.86367 hard_red=0.02789 oracle=0.38988 rank=0.32730 value=0.54730 cand=2.78074 ndcg=0.00000 cql=0.00000 ctx=0.44425 pairs=312.4
[train-progress] epoch=9 [############------------] 475/900  52.8% loss=0.28885 jepa=0.33417 hard=0.73073 hard_red=0.02590 oracle=0.48951 rank=0.06581 value=0.22715 cand=2.39207 ndcg=0.00000 cql=0.00000 ctx=0.06301 pairs=313.0
[train-progress] epoch=2 [####################----] 775/900  86.1% loss=0.23317 jepa=0.22059 hard=0.86177 hard_red=0.02727 oracle=0.37780 rank=0.30420 value=0.52429 cand=2.74222 ndcg=0.00000 cql=0.00000 ctx=0.41788 pairs=311.0
[train-progress] epoch=9 [#############-----------] 500/900  55.6% loss=0.29408 jepa=0.33397 hard=0.73363 hard_red=0.02604 oracle=0.48915 rank=0.06590 value=0.22780 cand=2.38953 ndcg=0.00000 cql=0.00000 ctx=0.06309 pairs=312.8
[train-progress] epoch=2 [##################------] 675/900  75.0% loss=0.23195 jepa=0.21527 hard=0.86161 hard_red=0.02786 oracle=0.38704 rank=0.32052 value=0.54766 cand=2.77127 ndcg=0.00000 cql=0.00000 ctx=0.43857 pairs=312.2
[train-progress] epoch=2 [#####################---] 800/900  88.9% loss=0.23035 jepa=0.22115 hard=0.86135 hard_red=0.02691 oracle=0.37585 rank=0.29932 value=0.52448 cand=2.73761 ndcg=0.00000 cql=0.00000 ctx=0.41295 pairs=311.3
[train-progress] epoch=9 [##############----------] 525/900  58.3% loss=0.29051 jepa=0.33395 hard=0.73498 hard_red=0.02561 oracle=0.48862 rank=0.06602 value=0.22671 cand=2.38715 ndcg=0.00000 cql=0.00000 ctx=0.06283 pairs=312.4
[train-progress] epoch=2 [##################------] 700/900  77.8% loss=0.23610 jepa=0.21548 hard=0.86256 hard_red=0.02784 oracle=0.38476 rank=0.31518 value=0.54636 cand=2.76525 ndcg=0.00000 cql=0.00000 ctx=0.43323 pairs=312.0
[train-progress] epoch=2 [######################--] 825/900  91.7% loss=0.23154 jepa=0.22216 hard=0.86274 hard_red=0.02689 oracle=0.37365 rank=0.29468 value=0.52327 cand=2.73006 ndcg=0.00000 cql=0.00000 ctx=0.40820 pairs=311.4
[train-progress] epoch=9 [##############----------] 550/900  61.1% loss=0.29035 jepa=0.33408 hard=0.73134 hard_red=0.02523 oracle=0.48799 rank=0.06566 value=0.22678 cand=2.38484 ndcg=0.00000 cql=0.00000 ctx=0.06249 pairs=312.2
[train-progress] epoch=2 [###################-----] 725/900  80.6% loss=0.23459 jepa=0.21577 hard=0.86187 hard_red=0.02753 oracle=0.38268 rank=0.30990 value=0.54333 cand=2.76141 ndcg=0.00000 cql=0.00000 ctx=0.42833 pairs=311.4
[train-progress] epoch=2 [######################--] 850/900  94.4% loss=0.22975 jepa=0.22200 hard=0.86513 hard_red=0.02658 oracle=0.37152 rank=0.29038 value=0.52071 cand=2.72291 ndcg=0.00000 cql=0.00000 ctx=0.40364 pairs=312.1
[train-progress] epoch=9 [###############---------] 575/900  63.9% loss=0.28752 jepa=0.33298 hard=0.73070 hard_red=0.02563 oracle=0.48722 rank=0.06538 value=0.22605 cand=2.38219 ndcg=0.00000 cql=0.00000 ctx=0.06198 pairs=312.3
[train-progress] epoch=2 [#######################-] 875/900  97.2% loss=0.22928 jepa=0.22240 hard=0.86497 hard_red=0.02705 oracle=0.36941 rank=0.28631 value=0.52133 cand=2.71456 ndcg=0.00000 cql=0.00000 ctx=0.39877 pairs=311.8
[train-progress] epoch=2 [####################----] 750/900  83.3% loss=0.23229 jepa=0.21587 hard=0.86572 hard_red=0.02729 oracle=0.38035 rank=0.30436 value=0.54107 cand=2.75481 ndcg=0.00000 cql=0.00000 ctx=0.42356 pairs=311.7
[train-progress] epoch=9 [################--------] 600/900  66.7% loss=0.28731 jepa=0.33273 hard=0.72954 hard_red=0.02573 oracle=0.48619 rank=0.06513 value=0.22607 cand=2.37732 ndcg=0.00000 cql=0.00000 ctx=0.06176 pairs=313.0
[train-progress] epoch=2 [########################] 900/900 100.0% loss=0.23017 jepa=0.22228 hard=0.86443 hard_red=0.02723 oracle=0.36751 rank=0.28207 value=0.52052 cand=2.70917 ndcg=0.00000 cql=0.00000 ctx=0.39418 pairs=311.6
[train-progress] epoch=2 [####################----] 775/900  86.1% loss=0.23048 jepa=0.21616 hard=0.86411 hard_red=0.02730 oracle=0.37827 rank=0.29980 value=0.53751 cand=2.74900 ndcg=0.00000 cql=0.00000 ctx=0.41915 pairs=311.0
[train-progress] epoch=9 [################--------] 625/900  69.4% loss=0.29381 jepa=0.33270 hard=0.72675 hard_red=0.02548 oracle=0.48558 rank=0.06487 value=0.22547 cand=2.37478 ndcg=0.00000 cql=0.00000 ctx=0.06171 pairs=313.6
[train-progress] epoch=2 [#####################---] 800/900  88.9% loss=0.22767 jepa=0.21649 hard=0.86338 hard_red=0.02691 oracle=0.37634 rank=0.29473 value=0.53746 cand=2.74495 ndcg=0.00000 cql=0.00000 ctx=0.41440 pairs=311.3
[train-progress] epoch=9 [#################-------] 650/900  72.2% loss=0.29087 jepa=0.33197 hard=0.72883 hard_red=0.02543 oracle=0.48658 rank=0.06503 value=0.22426 cand=2.38070 ndcg=0.00000 cql=0.00000 ctx=0.06161 pairs=313.3
[train-progress] epoch=2 [######################--] 825/900  91.7% loss=0.22905 jepa=0.21757 hard=0.86523 hard_red=0.02691 oracle=0.37418 rank=0.29017 value=0.53599 cand=2.73751 ndcg=0.00000 cql=0.00000 ctx=0.40985 pairs=311.4
[train-progress] epoch=9 [##################------] 675/900  75.0% loss=0.29927 jepa=0.33205 hard=0.73079 hard_red=0.02546 oracle=0.48573 rank=0.06485 value=0.22363 cand=2.37721 ndcg=0.00000 cql=0.00000 ctx=0.06119 pairs=312.5
[train-progress] epoch=2 [######################--] 850/900  94.4% loss=0.22725 jepa=0.21763 hard=0.86738 hard_red=0.02656 oracle=0.37205 rank=0.28572 value=0.53283 cand=2.73075 ndcg=0.00000 cql=0.00000 ctx=0.40546 pairs=312.1
[train-progress] epoch=9 [##################------] 700/900  77.8% loss=0.29652 jepa=0.33208 hard=0.73311 hard_red=0.02554 oracle=0.48545 rank=0.06480 value=0.22402 cand=2.37544 ndcg=0.00000 cql=0.00000 ctx=0.06128 pairs=312.4
[train-progress] epoch=2 [#######################-] 875/900  97.2% loss=0.22705 jepa=0.21829 hard=0.86723 hard_red=0.02703 oracle=0.36998 rank=0.28143 value=0.53313 cand=2.72296 ndcg=0.00000 cql=0.00000 ctx=0.40097 pairs=311.8
[train-progress] epoch=9 [###################-----] 725/900  80.6% loss=0.29518 jepa=0.33263 hard=0.73200 hard_red=0.02540 oracle=0.48538 rank=0.06480 value=0.22376 cand=2.37548 ndcg=0.00000 cql=0.00000 ctx=0.06109 pairs=311.5
[train] epoch=2 horizon=2 train_loss=0.230169 val_loss=0.107295 train_steps=900
[train-progress] epoch=3 [------------------------] 1/900   0.1% loss=0.16305 jepa=0.22462 hard=1.33892 hard_red=0.06260 oracle=0.63711 rank=0.11650 value=0.47282 cand=2.72331 ndcg=0.00000 cql=0.00000 ctx=0.25926 pairs=360.0
[train-progress] epoch=2 [########################] 900/900 100.0% loss=0.22805 jepa=0.21855 hard=0.86694 hard_red=0.02714 oracle=0.36810 rank=0.27708 value=0.53197 cand=2.71781 ndcg=0.00000 cql=0.00000 ctx=0.39656 pairs=311.6
[train-progress] epoch=9 [####################----] 750/900  83.3% loss=0.29518 jepa=0.33213 hard=0.73026 hard_red=0.02509 oracle=0.48555 rank=0.06480 value=0.22352 cand=2.37662 ndcg=0.00000 cql=0.00000 ctx=0.06100 pairs=311.0
[train-progress] epoch=3 [------------------------] 25/900   2.8% loss=0.16638 jepa=0.24916 hard=0.77849 hard_red=0.02148 oracle=0.59767 rank=0.15067 value=0.43403 cand=2.46047 ndcg=0.00000 cql=0.00000 ctx=0.25124 pairs=321.6
[train-progress] epoch=9 [####################----] 775/900  86.1% loss=0.29284 jepa=0.33148 hard=0.72786 hard_red=0.02493 oracle=0.48633 rank=0.06483 value=0.22285 cand=2.38102 ndcg=0.00000 cql=0.00000 ctx=0.06113 pairs=310.5
[train-progress] epoch=3 [#-----------------------] 50/900   5.6% loss=0.26941 jepa=0.25759 hard=0.82480 hard_red=0.02437 oracle=0.61867 rank=0.15070 value=0.47824 cand=2.54650 ndcg=0.00000 cql=0.00000 ctx=0.25908 pairs=321.3
[train-progress] epoch=9 [#####################---] 800/900  88.9% loss=0.29336 jepa=0.33049 hard=0.72724 hard_red=0.02494 oracle=0.48547 rank=0.06466 value=0.22320 cand=2.37668 ndcg=0.00000 cql=0.00000 ctx=0.06097 pairs=310.8
[train-progress] epoch=3 [##----------------------] 75/900   8.3% loss=0.25217 jepa=0.25639 hard=0.83588 hard_red=0.03493 oracle=0.61880 rank=0.14795 value=0.47598 cand=2.56083 ndcg=0.00000 cql=0.00000 ctx=0.25421 pairs=319.1
[train-progress] epoch=9 [######################--] 825/900  91.7% loss=0.29043 jepa=0.32979 hard=0.72144 hard_red=0.02491 oracle=0.48542 rank=0.06465 value=0.22275 cand=2.37676 ndcg=0.00000 cql=0.00000 ctx=0.06088 pairs=310.9
[train-progress] epoch=3 [##----------------------] 100/900  11.1% loss=0.26205 jepa=0.25830 hard=0.82555 hard_red=0.04028 oracle=0.62272 rank=0.15043 value=0.46754 cand=2.57389 ndcg=0.00000 cql=0.00000 ctx=0.25942 pairs=311.3
[train-progress] epoch=9 [######################--] 850/900  94.4% loss=0.29039 jepa=0.32916 hard=0.72333 hard_red=0.02496 oracle=0.48528 rank=0.06461 value=0.22212 cand=2.37657 ndcg=0.00000 cql=0.00000 ctx=0.06071 pairs=310.5
[train-progress] epoch=3 [###---------------------] 125/900  13.9% loss=0.25772 jepa=0.25551 hard=0.81351 hard_red=0.03754 oracle=0.62117 rank=0.14964 value=0.45233 cand=2.57814 ndcg=0.00000 cql=0.00000 ctx=0.25622 pairs=309.9
[train-progress] epoch=9 [#######################-] 875/900  97.2% loss=0.29332 jepa=0.33117 hard=0.72110 hard_red=0.02507 oracle=0.48556 rank=0.06469 value=0.22234 cand=2.37783 ndcg=0.00000 cql=0.00000 ctx=0.06072 pairs=310.2
[train-progress] epoch=3 [####--------------------] 150/900  16.7% loss=0.24712 jepa=0.25516 hard=0.81934 hard_red=0.03439 oracle=0.61487 rank=0.14491 value=0.45032 cand=2.56004 ndcg=0.00000 cql=0.00000 ctx=0.25188 pairs=310.4
[train] epoch=2 horizon=2 train_loss=0.228055 val_loss=0.108532 train_steps=900
[train-progress] epoch=3 [------------------------] 1/900   0.1% loss=0.16414 jepa=0.22813 hard=1.30995 hard_red=0.06338 oracle=0.63878 rank=0.11309 value=0.56770 cand=2.67589 ndcg=0.00000 cql=0.00000 ctx=0.27491 pairs=360.0
[train-progress] epoch=9 [########################] 900/900 100.0% loss=0.29430 jepa=0.33116 hard=0.72075 hard_red=0.02511 oracle=0.48527 rank=0.06468 value=0.22273 cand=2.37591 ndcg=0.00000 cql=0.00000 ctx=0.06083 pairs=310.4
[train-progress] epoch=3 [####--------------------] 175/900  19.4% loss=0.26640 jepa=0.25462 hard=0.82027 hard_red=0.03700 oracle=0.61213 rank=0.14225 value=0.45341 cand=2.55376 ndcg=0.00000 cql=0.00000 ctx=0.24850 pairs=311.4
[train-progress] epoch=3 [------------------------] 25/900   2.8% loss=0.16811 jepa=0.24280 hard=0.77451 hard_red=0.02115 oracle=0.60479 rank=0.14529 value=0.45234 cand=2.49115 ndcg=0.00000 cql=0.00000 ctx=0.25993 pairs=321.6
[train-progress] epoch=3 [#####-------------------] 200/900  22.2% loss=0.25088 jepa=0.25118 hard=0.82084 hard_red=0.03535 oracle=0.61005 rank=0.14218 value=0.45451 cand=2.54534 ndcg=0.00000 cql=0.00000 ctx=0.24602 pairs=311.1
[train-progress] epoch=3 [#-----------------------] 50/900   5.6% loss=0.26378 jepa=0.25110 hard=0.81851 hard_red=0.02433 oracle=0.62472 rank=0.14975 value=0.48879 cand=2.56915 ndcg=0.00000 cql=0.00000 ctx=0.26507 pairs=321.3
[train-progress] epoch=3 [######------------------] 225/900  25.0% loss=0.25334 jepa=0.25048 hard=0.82627 hard_red=0.03265 oracle=0.60734 rank=0.13953 value=0.45808 cand=2.53919 ndcg=0.00000 cql=0.00000 ctx=0.24248 pairs=311.0
[train-progress] epoch=3 [##----------------------] 75/900   8.3% loss=0.24534 jepa=0.25257 hard=0.83244 hard_red=0.03459 oracle=0.62607 rank=0.14748 value=0.49406 cand=2.58449 ndcg=0.00000 cql=0.00000 ctx=0.26120 pairs=319.1
[train-progress] epoch=3 [######------------------] 250/900  27.8% loss=0.25660 jepa=0.25369 hard=0.81387 hard_red=0.03329 oracle=0.60773 rank=0.13896 value=0.46156 cand=2.54253 ndcg=0.00000 cql=0.00000 ctx=0.24140 pairs=310.9
[train-progress] epoch=3 [##----------------------] 100/900  11.1% loss=0.25283 jepa=0.25277 hard=0.82332 hard_red=0.03954 oracle=0.62720 rank=0.14976 value=0.48374 cand=2.58961 ndcg=0.00000 cql=0.00000 ctx=0.26184 pairs=311.3
[train-progress] epoch=3 [#######-----------------] 275/900  30.6% loss=0.25289 jepa=0.25210 hard=0.81784 hard_red=0.03246 oracle=0.60553 rank=0.13695 value=0.46888 cand=2.53491 ndcg=0.00000 cql=0.00000 ctx=0.23880 pairs=311.2
[train-progress] epoch=3 [###---------------------] 125/900  13.9% loss=0.25247 jepa=0.25239 hard=0.81254 hard_red=0.03675 oracle=0.62521 rank=0.14914 value=0.46759 cand=2.59246 ndcg=0.00000 cql=0.00000 ctx=0.25795 pairs=309.9
[train] epoch=9 horizon=5 train_loss=0.294298 val_loss=0.129434 train_steps=900
[train-progress] epoch=10 [------------------------] 1/900   0.1% loss=0.09256 jepa=0.28020 hard=0.45303 hard_red=0.00121 oracle=0.49419 rank=0.08352 value=0.11977 cand=2.42358 ndcg=0.00000 cql=0.00000 ctx=0.06650 pairs=318.0
[train-progress] epoch=3 [########----------------] 300/900  33.3% loss=0.29919 jepa=0.25412 hard=0.80888 hard_red=0.03296 oracle=0.60554 rank=0.13632 value=0.46951 cand=2.53689 ndcg=0.00000 cql=0.00000 ctx=0.23816 pairs=312.5
[train-progress] epoch=3 [####--------------------] 150/900  16.7% loss=0.24300 jepa=0.25098 hard=0.82035 hard_red=0.03384 oracle=0.61865 rank=0.14388 value=0.46267 cand=2.57614 ndcg=0.00000 cql=0.00000 ctx=0.25303 pairs=310.4
[train-progress] epoch=10 [------------------------] 25/900   2.8% loss=0.20840 jepa=0.32197 hard=0.68388 hard_red=0.01576 oracle=0.48032 rank=0.06732 value=0.19373 cand=2.36385 ndcg=0.00000 cql=0.00000 ctx=0.05498 pairs=298.6
[train-progress] epoch=3 [########----------------] 325/900  36.1% loss=0.30069 jepa=0.25364 hard=0.80622 hard_red=0.03180 oracle=0.60370 rank=0.13562 value=0.46471 cand=2.53354 ndcg=0.00000 cql=0.00000 ctx=0.23580 pairs=311.1
[train-progress] epoch=3 [####--------------------] 175/900  19.4% loss=0.26137 jepa=0.25102 hard=0.82209 hard_red=0.03650 oracle=0.61513 rank=0.14020 value=0.46029 cand=2.57041 ndcg=0.00000 cql=0.00000 ctx=0.24945 pairs=311.4
[train-progress] epoch=10 [#-----------------------] 50/900   5.6% loss=0.27209 jepa=0.31804 hard=0.69067 hard_red=0.01880 oracle=0.48669 rank=0.06679 value=0.20348 cand=2.39923 ndcg=0.00000 cql=0.00000 ctx=0.05268 pairs=306.9
[train-progress] epoch=3 [#########---------------] 350/900  38.9% loss=0.29331 jepa=0.25274 hard=0.81098 hard_red=0.03119 oracle=0.60225 rank=0.13431 value=0.46249 cand=2.53256 ndcg=0.00000 cql=0.00000 ctx=0.23340 pairs=309.7
[train-progress] epoch=3 [#####-------------------] 200/900  22.2% loss=0.24745 jepa=0.24781 hard=0.82309 hard_red=0.03487 oracle=0.61163 rank=0.13842 value=0.46206 cand=2.55907 ndcg=0.00000 cql=0.00000 ctx=0.24571 pairs=311.1
[train-progress] epoch=10 [##----------------------] 75/900   8.3% loss=0.27711 jepa=0.32173 hard=0.70892 hard_red=0.02207 oracle=0.49049 rank=0.06763 value=0.20705 cand=2.41472 ndcg=0.00000 cql=0.00000 ctx=0.05429 pairs=305.4
[train-progress] epoch=3 [##########--------------] 375/900  41.7% loss=0.28580 jepa=0.25284 hard=0.81435 hard_red=0.02968 oracle=0.59994 rank=0.13296 value=0.45822 cand=2.52860 ndcg=0.00000 cql=0.00000 ctx=0.23044 pairs=310.3
[train-progress] epoch=3 [######------------------] 225/900  25.0% loss=0.24939 jepa=0.24683 hard=0.82758 hard_red=0.03213 oracle=0.60879 rank=0.13620 value=0.46687 cand=2.55070 ndcg=0.00000 cql=0.00000 ctx=0.24224 pairs=311.0
[train-progress] epoch=10 [##----------------------] 100/900  11.1% loss=0.29788 jepa=0.32852 hard=0.70486 hard_red=0.02190 oracle=0.49206 rank=0.06730 value=0.20356 cand=2.42455 ndcg=0.00000 cql=0.00000 ctx=0.05511 pairs=298.6
[train-progress] epoch=3 [##########--------------] 400/900  44.4% loss=0.29013 jepa=0.25294 hard=0.82225 hard_red=0.02902 oracle=0.59664 rank=0.13151 value=0.45770 cand=2.51818 ndcg=0.00000 cql=0.00000 ctx=0.22713 pairs=309.9
[train-progress] epoch=10 [###---------------------] 125/900  13.9% loss=0.28572 jepa=0.32490 hard=0.70884 hard_red=0.02135 oracle=0.48741 rank=0.06566 value=0.20542 cand=2.40110 ndcg=0.00000 cql=0.00000 ctx=0.05529 pairs=301.4
[train-progress] epoch=3 [######------------------] 250/900  27.8% loss=0.25153 jepa=0.24883 hard=0.81627 hard_red=0.03286 oracle=0.60806 rank=0.13493 value=0.46985 cand=2.55158 ndcg=0.00000 cql=0.00000 ctx=0.23964 pairs=310.9
[train-progress] epoch=3 [###########-------------] 425/900  47.2% loss=0.29702 jepa=0.25237 hard=0.81734 hard_red=0.02889 oracle=0.59513 rank=0.13055 value=0.45654 cand=2.51430 ndcg=0.00000 cql=0.00000 ctx=0.22568 pairs=310.3
[train-progress] epoch=10 [####--------------------] 150/900  16.7% loss=0.28682 jepa=0.32556 hard=0.70069 hard_red=0.02210 oracle=0.48415 rank=0.06571 value=0.21395 cand=2.37693 ndcg=0.00000 cql=0.00000 ctx=0.05687 pairs=304.2
[train-progress] epoch=3 [#######-----------------] 275/900  30.6% loss=0.24984 jepa=0.24795 hard=0.81989 hard_red=0.03200 oracle=0.60571 rank=0.13359 value=0.47529 cand=2.54249 ndcg=0.00000 cql=0.00000 ctx=0.23710 pairs=311.2
[train-progress] epoch=3 [############------------] 450/900  50.0% loss=0.30292 jepa=0.25234 hard=0.82286 hard_red=0.02893 oracle=0.59345 rank=0.12965 value=0.45564 cand=2.50957 ndcg=0.00000 cql=0.00000 ctx=0.22402 pairs=310.1
[train-progress] epoch=10 [####--------------------] 175/900  19.4% loss=0.27529 jepa=0.32118 hard=0.70949 hard_red=0.02279 oracle=0.48370 rank=0.06581 value=0.21693 cand=2.37218 ndcg=0.00000 cql=0.00000 ctx=0.05738 pairs=305.7
[train-progress] epoch=3 [########----------------] 300/900  33.3% loss=0.29661 jepa=0.24928 hard=0.81207 hard_red=0.03223 oracle=0.60517 rank=0.13169 value=0.47620 cand=2.54494 ndcg=0.00000 cql=0.00000 ctx=0.23577 pairs=312.5
[train-progress] epoch=3 [############------------] 475/900  52.8% loss=0.29894 jepa=0.25138 hard=0.82100 hard_red=0.02913 oracle=0.59157 rank=0.12916 value=0.45285 cand=2.50388 ndcg=0.00000 cql=0.00000 ctx=0.22224 pairs=309.5
[train-progress] epoch=10 [#####-------------------] 200/900  22.2% loss=0.27692 jepa=0.32292 hard=0.71020 hard_red=0.02208 oracle=0.48425 rank=0.06569 value=0.21478 cand=2.37699 ndcg=0.00000 cql=0.00000 ctx=0.05700 pairs=307.7
[train-progress] epoch=3 [#############-----------] 500/900  55.6% loss=0.29948 jepa=0.25154 hard=0.81966 hard_red=0.02928 oracle=0.59013 rank=0.12819 value=0.45132 cand=2.50089 ndcg=0.00000 cql=0.00000 ctx=0.22061 pairs=310.0
[train-progress] epoch=3 [########----------------] 325/900  36.1% loss=0.29862 jepa=0.24889 hard=0.80848 hard_red=0.03120 oracle=0.60294 rank=0.13110 value=0.46820 cand=2.54148 ndcg=0.00000 cql=0.00000 ctx=0.23280 pairs=311.1
[train-progress] epoch=10 [######------------------] 225/900  25.0% loss=0.27902 jepa=0.32566 hard=0.69839 hard_red=0.02212 oracle=0.48199 rank=0.06531 value=0.21542 cand=2.36547 ndcg=0.00000 cql=0.00000 ctx=0.05662 pairs=307.5
[train-progress] epoch=3 [##############----------] 525/900  58.3% loss=0.29305 jepa=0.25046 hard=0.82234 hard_red=0.02952 oracle=0.58980 rank=0.12774 value=0.44573 cand=2.50500 ndcg=0.00000 cql=0.00000 ctx=0.21880 pairs=309.1
[train-progress] epoch=3 [#########---------------] 350/900  38.9% loss=0.29014 jepa=0.24758 hard=0.81437 hard_red=0.03074 oracle=0.60119 rank=0.12946 value=0.46571 cand=2.54041 ndcg=0.00000 cql=0.00000 ctx=0.22985 pairs=309.7
[train-progress] epoch=10 [######------------------] 250/900  27.8% loss=0.27661 jepa=0.32391 hard=0.70535 hard_red=0.02287 oracle=0.48064 rank=0.06537 value=0.21537 cand=2.35788 ndcg=0.00000 cql=0.00000 ctx=0.05661 pairs=307.4
[train-progress] epoch=3 [##############----------] 550/900  61.1% loss=0.29692 jepa=0.25178 hard=0.82566 hard_red=0.03039 oracle=0.58873 rank=0.12657 value=0.44414 cand=2.50470 ndcg=0.00000 cql=0.00000 ctx=0.21704 pairs=309.2
[train-progress] epoch=10 [#######-----------------] 275/900  30.6% loss=0.28305 jepa=0.32381 hard=0.70810 hard_red=0.02235 oracle=0.48220 rank=0.06534 value=0.21372 cand=2.36739 ndcg=0.00000 cql=0.00000 ctx=0.05659 pairs=306.9
[train-progress] epoch=3 [##########--------------] 375/900  41.7% loss=0.28163 jepa=0.24844 hard=0.81807 hard_red=0.02917 oracle=0.59901 rank=0.12809 value=0.46242 cand=2.53666 ndcg=0.00000 cql=0.00000 ctx=0.22696 pairs=310.3
[train-progress] epoch=3 [###############---------] 575/900  63.9% loss=0.29838 jepa=0.25330 hard=0.82019 hard_red=0.03042 oracle=0.58808 rank=0.12578 value=0.44048 cand=2.50542 ndcg=0.00000 cql=0.00000 ctx=0.21628 pairs=310.0
[train-progress] epoch=3 [##########--------------] 400/900  44.4% loss=0.28624 jepa=0.24888 hard=0.82579 hard_red=0.02861 oracle=0.59557 rank=0.12684 value=0.46143 cand=2.52547 ndcg=0.00000 cql=0.00000 ctx=0.22348 pairs=309.9
[train-progress] epoch=10 [########----------------] 300/900  33.3% loss=0.28442 jepa=0.32629 hard=0.69686 hard_red=0.02295 oracle=0.48238 rank=0.06549 value=0.21388 cand=2.36731 ndcg=0.00000 cql=0.00000 ctx=0.05708 pairs=309.5
[train-progress] epoch=3 [################--------] 600/900  66.7% loss=0.29265 jepa=0.25342 hard=0.81397 hard_red=0.02976 oracle=0.58754 rank=0.12476 value=0.44027 cand=2.50659 ndcg=0.00000 cql=0.00000 ctx=0.21489 pairs=310.4
[train-progress] epoch=10 [########----------------] 325/900  36.1% loss=0.29274 jepa=0.32763 hard=0.69957 hard_red=0.02268 oracle=0.48229 rank=0.06535 value=0.21447 cand=2.36718 ndcg=0.00000 cql=0.00000 ctx=0.05683 pairs=309.5
[train-progress] epoch=3 [###########-------------] 425/900  47.2% loss=0.29393 jepa=0.24877 hard=0.82152 hard_red=0.02853 oracle=0.59399 rank=0.12596 value=0.46019 cand=2.52140 ndcg=0.00000 cql=0.00000 ctx=0.22185 pairs=310.3
[train-progress] epoch=3 [################--------] 625/900  69.4% loss=0.29238 jepa=0.25361 hard=0.81393 hard_red=0.02973 oracle=0.58642 rank=0.12376 value=0.43884 cand=2.50567 ndcg=0.00000 cql=0.00000 ctx=0.21306 pairs=310.0
[train-progress] epoch=10 [#########---------------] 350/900  38.9% loss=0.28800 jepa=0.32623 hard=0.69713 hard_red=0.02325 oracle=0.48476 rank=0.06557 value=0.21361 cand=2.38049 ndcg=0.00000 cql=0.00000 ctx=0.05706 pairs=308.3
[train-progress] epoch=3 [############------------] 450/900  50.0% loss=0.29999 jepa=0.24831 hard=0.82722 hard_red=0.02851 oracle=0.59198 rank=0.12498 value=0.45824 cand=2.51545 ndcg=0.00000 cql=0.00000 ctx=0.22019 pairs=310.1
[train-progress] epoch=3 [#################-------] 650/900  72.2% loss=0.28977 jepa=0.25319 hard=0.81500 hard_red=0.02963 oracle=0.58552 rank=0.12280 value=0.43648 cand=2.50647 ndcg=0.00000 cql=0.00000 ctx=0.21107 pairs=310.1
[train-progress] epoch=10 [##########--------------] 375/900  41.7% loss=0.28897 jepa=0.32808 hard=0.69944 hard_red=0.02394 oracle=0.48502 rank=0.06561 value=0.21431 cand=2.38182 ndcg=0.00000 cql=0.00000 ctx=0.05687 pairs=309.4
[train-progress] epoch=3 [############------------] 475/900  52.8% loss=0.29631 jepa=0.24768 hard=0.82556 hard_red=0.02881 oracle=0.58992 rank=0.12457 value=0.45524 cand=2.50940 ndcg=0.00000 cql=0.00000 ctx=0.21791 pairs=309.5
[train-progress] epoch=10 [##########--------------] 400/900  44.4% loss=0.30206 jepa=0.33002 hard=0.69853 hard_red=0.02365 oracle=0.48559 rank=0.06531 value=0.21612 cand=2.38429 ndcg=0.00000 cql=0.00000 ctx=0.05722 pairs=310.7
[train-progress] epoch=3 [##################------] 675/900  75.0% loss=0.28506 jepa=0.25384 hard=0.81812 hard_red=0.02884 oracle=0.58485 rank=0.12214 value=0.43388 cand=2.50704 ndcg=0.00000 cql=0.00000 ctx=0.20985 pairs=311.1
[train-progress] epoch=3 [#############-----------] 500/900  55.6% loss=0.29681 jepa=0.24779 hard=0.82389 hard_red=0.02891 oracle=0.58827 rank=0.12371 value=0.45265 cand=2.50565 ndcg=0.00000 cql=0.00000 ctx=0.21613 pairs=310.0
[train-progress] epoch=10 [###########-------------] 425/900  47.2% loss=0.29936 jepa=0.32955 hard=0.69948 hard_red=0.02350 oracle=0.48617 rank=0.06527 value=0.21492 cand=2.38841 ndcg=0.00000 cql=0.00000 ctx=0.05704 pairs=310.9
[train-progress] epoch=3 [##################------] 700/900  77.8% loss=0.28421 jepa=0.25276 hard=0.82089 hard_red=0.02889 oracle=0.58370 rank=0.12143 value=0.43260 cand=2.50535 ndcg=0.00000 cql=0.00000 ctx=0.20795 pairs=311.6
[train-progress] epoch=3 [##############----------] 525/900  58.3% loss=0.29088 jepa=0.24706 hard=0.82647 hard_red=0.02920 oracle=0.58776 rank=0.12297 value=0.44675 cand=2.50945 ndcg=0.00000 cql=0.00000 ctx=0.21435 pairs=309.1
[train-progress] epoch=10 [############------------] 450/900  50.0% loss=0.31479 jepa=0.33160 hard=0.69479 hard_red=0.02338 oracle=0.48579 rank=0.06492 value=0.21558 cand=2.38640 ndcg=0.00000 cql=0.00000 ctx=0.05730 pairs=310.4
[train-progress] epoch=3 [###################-----] 725/900  80.6% loss=0.28302 jepa=0.25259 hard=0.82296 hard_red=0.02927 oracle=0.58219 rank=0.12053 value=0.43175 cand=2.50158 ndcg=0.00000 cql=0.00000 ctx=0.20627 pairs=311.8
[train-progress] epoch=3 [##############----------] 550/900  61.1% loss=0.29517 jepa=0.24821 hard=0.82999 hard_red=0.03003 oracle=0.58691 rank=0.12205 value=0.44561 cand=2.50936 ndcg=0.00000 cql=0.00000 ctx=0.21277 pairs=309.2
[train-progress] epoch=10 [############------------] 475/900  52.8% loss=0.31449 jepa=0.33390 hard=0.69812 hard_red=0.02319 oracle=0.48607 rank=0.06521 value=0.21583 cand=2.38682 ndcg=0.00000 cql=0.00000 ctx=0.05757 pairs=311.0
[train-progress] epoch=3 [####################----] 750/900  83.3% loss=0.28572 jepa=0.25211 hard=0.82595 hard_red=0.02986 oracle=0.58175 rank=0.12018 value=0.43095 cand=2.50161 ndcg=0.00000 cql=0.00000 ctx=0.20525 pairs=311.9
[train-progress] epoch=3 [###############---------] 575/900  63.9% loss=0.29600 jepa=0.24961 hard=0.82408 hard_red=0.03004 oracle=0.58594 rank=0.12112 value=0.44158 cand=2.50962 ndcg=0.00000 cql=0.00000 ctx=0.21142 pairs=310.0
[train-progress] epoch=10 [#############-----------] 500/900  55.6% loss=0.31015 jepa=0.33268 hard=0.69408 hard_red=0.02291 oracle=0.48526 rank=0.06521 value=0.21627 cand=2.38230 ndcg=0.00000 cql=0.00000 ctx=0.05745 pairs=311.1
[train-progress] epoch=3 [####################----] 775/900  86.1% loss=0.28378 jepa=0.25210 hard=0.82462 hard_red=0.02958 oracle=0.58045 rank=0.11948 value=0.42975 cand=2.49786 ndcg=0.00000 cql=0.00000 ctx=0.20423 pairs=311.4
[train-progress] epoch=3 [################--------] 600/900  66.7% loss=0.29112 jepa=0.24985 hard=0.81731 hard_red=0.02935 oracle=0.58487 rank=0.11986 value=0.44054 cand=2.50936 ndcg=0.00000 cql=0.00000 ctx=0.20957 pairs=310.4
[train-progress] epoch=10 [##############----------] 525/900  58.3% loss=0.31789 jepa=0.33507 hard=0.69803 hard_red=0.02351 oracle=0.48451 rank=0.06521 value=0.21661 cand=2.37768 ndcg=0.00000 cql=0.00000 ctx=0.05767 pairs=310.2
[train-progress] epoch=3 [#####################---] 800/900  88.9% loss=0.28547 jepa=0.25353 hard=0.82661 hard_red=0.03017 oracle=0.57919 rank=0.11882 value=0.42945 cand=2.49403 ndcg=0.00000 cql=0.00000 ctx=0.20302 pairs=312.0
[train-progress] epoch=3 [################--------] 625/900  69.4% loss=0.29072 jepa=0.25004 hard=0.81694 hard_red=0.02939 oracle=0.58378 rank=0.11895 value=0.43875 cand=2.50876 ndcg=0.00000 cql=0.00000 ctx=0.20761 pairs=310.0
[train-progress] epoch=10 [##############----------] 550/900  61.1% loss=0.31721 jepa=0.33512 hard=0.69962 hard_red=0.02346 oracle=0.48475 rank=0.06517 value=0.21612 cand=2.37895 ndcg=0.00000 cql=0.00000 ctx=0.05794 pairs=310.4
[train-progress] epoch=3 [######################--] 825/900  91.7% loss=0.28136 jepa=0.25295 hard=0.82254 hard_red=0.02983 oracle=0.57879 rank=0.11806 value=0.42726 cand=2.49616 ndcg=0.00000 cql=0.00000 ctx=0.20174 pairs=312.1
[train-progress] epoch=10 [###############---------] 575/900  63.9% loss=0.31279 jepa=0.33448 hard=0.69532 hard_red=0.02348 oracle=0.48501 rank=0.06508 value=0.21567 cand=2.38114 ndcg=0.00000 cql=0.00000 ctx=0.05769 pairs=311.1
[train-progress] epoch=3 [#################-------] 650/900  72.2% loss=0.28770 jepa=0.25001 hard=0.81839 hard_red=0.02923 oracle=0.58285 rank=0.11810 value=0.43639 cand=2.50900 ndcg=0.00000 cql=0.00000 ctx=0.20577 pairs=310.1
[train-progress] epoch=3 [######################--] 850/900  94.4% loss=0.27853 jepa=0.25262 hard=0.82026 hard_red=0.02997 oracle=0.57807 rank=0.11744 value=0.42527 cand=2.49618 ndcg=0.00000 cql=0.00000 ctx=0.20043 pairs=311.7
[train-progress] epoch=10 [################--------] 600/900  66.7% loss=0.31231 jepa=0.33449 hard=0.69732 hard_red=0.02390 oracle=0.48488 rank=0.06494 value=0.21602 cand=2.38051 ndcg=0.00000 cql=0.00000 ctx=0.05772 pairs=311.2
[train-progress] epoch=3 [##################------] 675/900  75.0% loss=0.28377 jepa=0.25096 hard=0.82220 hard_red=0.02848 oracle=0.58211 rank=0.11744 value=0.43404 cand=2.50923 ndcg=0.00000 cql=0.00000 ctx=0.20438 pairs=311.1
[train-progress] epoch=3 [#######################-] 875/900  97.2% loss=0.27568 jepa=0.25185 hard=0.82339 hard_red=0.02981 oracle=0.57736 rank=0.11693 value=0.42336 cand=2.49587 ndcg=0.00000 cql=0.00000 ctx=0.19921 pairs=311.3
[train-progress] epoch=10 [################--------] 625/900  69.4% loss=0.30729 jepa=0.33409 hard=0.70103 hard_red=0.02365 oracle=0.48627 rank=0.06500 value=0.21460 cand=2.38859 ndcg=0.00000 cql=0.00000 ctx=0.05784 pairs=311.2
[train-progress] epoch=3 [##################------] 700/900  77.8% loss=0.28277 jepa=0.24984 hard=0.82480 hard_red=0.02852 oracle=0.58080 rank=0.11665 value=0.43228 cand=2.50712 ndcg=0.00000 cql=0.00000 ctx=0.20243 pairs=311.6
[train-progress] epoch=3 [########################] 900/900 100.0% loss=0.27265 jepa=0.25140 hard=0.82610 hard_red=0.02928 oracle=0.57654 rank=0.11616 value=0.42129 cand=2.49607 ndcg=0.00000 cql=0.00000 ctx=0.19761 pairs=311.3
[train-progress] epoch=10 [#################-------] 650/900  72.2% loss=0.30644 jepa=0.33452 hard=0.70068 hard_red=0.02333 oracle=0.48601 rank=0.06499 value=0.21526 cand=2.38634 ndcg=0.00000 cql=0.00000 ctx=0.05823 pairs=310.8
[train-progress] epoch=3 [###################-----] 725/900  80.6% loss=0.28186 jepa=0.25004 hard=0.82629 hard_red=0.02889 oracle=0.57937 rank=0.11603 value=0.43185 cand=2.50288 ndcg=0.00000 cql=0.00000 ctx=0.20086 pairs=311.8
[train-progress] epoch=10 [##################------] 675/900  75.0% loss=0.30278 jepa=0.33308 hard=0.70274 hard_red=0.02312 oracle=0.48568 rank=0.06484 value=0.21553 cand=2.38468 ndcg=0.00000 cql=0.00000 ctx=0.05821 pairs=311.3
[train-progress] epoch=3 [####################----] 750/900  83.3% loss=0.28451 jepa=0.24988 hard=0.82930 hard_red=0.02956 oracle=0.57881 rank=0.11555 value=0.43036 cand=2.50306 ndcg=0.00000 cql=0.00000 ctx=0.19969 pairs=311.9
[train-progress] epoch=10 [##################------] 700/900  77.8% loss=0.30141 jepa=0.33311 hard=0.70523 hard_red=0.02374 oracle=0.48562 rank=0.06488 value=0.21576 cand=2.38407 ndcg=0.00000 cql=0.00000 ctx=0.05829 pairs=310.8
[train-progress] epoch=3 [####################----] 775/900  86.1% loss=0.28283 jepa=0.25006 hard=0.82742 hard_red=0.02931 oracle=0.57733 rank=0.11486 value=0.42808 cand=2.49918 ndcg=0.00000 cql=0.00000 ctx=0.19833 pairs=311.4
[train-progress] epoch=10 [###################-----] 725/900  80.6% loss=0.30175 jepa=0.33373 hard=0.70573 hard_red=0.02422 oracle=0.48575 rank=0.06498 value=0.21534 cand=2.38507 ndcg=0.00000 cql=0.00000 ctx=0.05807 pairs=310.3
[train-progress] epoch=3 [#####################---] 800/900  88.9% loss=0.28461 jepa=0.25090 hard=0.82919 hard_red=0.02992 oracle=0.57597 rank=0.11414 value=0.42777 cand=2.49515 ndcg=0.00000 cql=0.00000 ctx=0.19698 pairs=312.0
[train-progress] epoch=10 [####################----] 750/900  83.3% loss=0.29994 jepa=0.33357 hard=0.70447 hard_red=0.02418 oracle=0.48492 rank=0.06486 value=0.21553 cand=2.38081 ndcg=0.00000 cql=0.00000 ctx=0.05795 pairs=310.5
[train-progress] epoch=3 [######################--] 825/900  91.7% loss=0.28220 jepa=0.25129 hard=0.82505 hard_red=0.02964 oracle=0.57544 rank=0.11342 value=0.42582 cand=2.49656 ndcg=0.00000 cql=0.00000 ctx=0.19557 pairs=312.1
[train-progress] epoch=10 [####################----] 775/900  86.1% loss=0.30001 jepa=0.33397 hard=0.70456 hard_red=0.02446 oracle=0.48445 rank=0.06482 value=0.21544 cand=2.37837 ndcg=0.00000 cql=0.00000 ctx=0.05788 pairs=310.4
[train] epoch=3 horizon=2 train_loss=0.272652 val_loss=0.094846 train_steps=900
[train-progress] epoch=4 [------------------------] 1/900   0.1% loss=0.10164 jepa=0.24851 hard=1.04368 hard_red=0.00157 oracle=0.47468 rank=0.06358 value=0.43733 cand=2.07998 ndcg=0.00000 cql=0.00000 ctx=0.16454 pairs=393.0
[train-progress] epoch=3 [######################--] 850/900  94.4% loss=0.27936 jepa=0.25118 hard=0.82299 hard_red=0.02979 oracle=0.57470 rank=0.11279 value=0.42411 cand=2.49645 ndcg=0.00000 cql=0.00000 ctx=0.19419 pairs=311.7
[train-progress] epoch=10 [#####################---] 800/900  88.9% loss=0.30759 jepa=0.33566 hard=0.70014 hard_red=0.02429 oracle=0.48515 rank=0.06472 value=0.21549 cand=2.38263 ndcg=0.00000 cql=0.00000 ctx=0.05778 pairs=310.3
[train-progress] epoch=4 [------------------------] 25/900   2.8% loss=0.35036 jepa=0.26928 hard=0.86289 hard_red=0.02258 oracle=0.54321 rank=0.10041 value=0.37118 cand=2.41983 ndcg=0.00000 cql=0.00000 ctx=0.15918 pairs=307.6
[train-progress] epoch=10 [######################--] 825/900  91.7% loss=0.31141 jepa=0.33584 hard=0.69843 hard_red=0.02403 oracle=0.48574 rank=0.06458 value=0.21478 cand=2.38667 ndcg=0.00000 cql=0.00000 ctx=0.05765 pairs=310.1
[train-progress] epoch=3 [#######################-] 875/900  97.2% loss=0.27636 jepa=0.25068 hard=0.82625 hard_red=0.02962 oracle=0.57412 rank=0.11245 value=0.42222 cand=2.49640 ndcg=0.00000 cql=0.00000 ctx=0.19304 pairs=311.3
[train-progress] epoch=4 [#-----------------------] 50/900   5.6% loss=0.44691 jepa=0.29380 hard=0.89197 hard_red=0.03298 oracle=0.54669 rank=0.09550 value=0.34996 cand=2.47250 ndcg=0.00000 cql=0.00000 ctx=0.14941 pairs=305.8
[train-progress] epoch=10 [######################--] 850/900  94.4% loss=0.31205 jepa=0.33563 hard=0.69906 hard_red=0.02385 oracle=0.48569 rank=0.06457 value=0.21522 cand=2.38622 ndcg=0.00000 cql=0.00000 ctx=0.05767 pairs=310.2
[train-progress] epoch=4 [##----------------------] 75/900   8.3% loss=0.37641 jepa=0.29343 hard=0.87436 hard_red=0.03022 oracle=0.55274 rank=0.09717 value=0.35084 cand=2.50011 ndcg=0.00000 cql=0.00000 ctx=0.15093 pairs=307.7
[train-progress] epoch=3 [########################] 900/900 100.0% loss=0.27299 jepa=0.25035 hard=0.82905 hard_red=0.02905 oracle=0.57330 rank=0.11187 value=0.41952 cand=2.49654 ndcg=0.00000 cql=0.00000 ctx=0.19141 pairs=311.3
[train-progress] epoch=10 [#######################-] 875/900  97.2% loss=0.31535 jepa=0.33555 hard=0.69743 hard_red=0.02393 oracle=0.48640 rank=0.06461 value=0.21476 cand=2.39041 ndcg=0.00000 cql=0.00000 ctx=0.05757 pairs=310.5
[train-progress] epoch=4 [##----------------------] 100/900  11.1% loss=0.32580 jepa=0.28435 hard=0.88260 hard_red=0.02646 oracle=0.54170 rank=0.09261 value=0.35943 cand=2.45179 ndcg=0.00000 cql=0.00000 ctx=0.14573 pairs=309.7
[train-progress] epoch=10 [########################] 900/900 100.0% loss=0.31536 jepa=0.33536 hard=0.69715 hard_red=0.02374 oracle=0.48601 rank=0.06444 value=0.21472 cand=2.38872 ndcg=0.00000 cql=0.00000 ctx=0.05749 pairs=310.4
[train-progress] epoch=4 [###---------------------] 125/900  13.9% loss=0.31986 jepa=0.28332 hard=0.88125 hard_red=0.03004 oracle=0.53877 rank=0.09326 value=0.35571 cand=2.43730 ndcg=0.00000 cql=0.00000 ctx=0.14462 pairs=312.0
[train-progress] epoch=4 [####--------------------] 150/900  16.7% loss=0.29629 jepa=0.27812 hard=0.87574 hard_red=0.02941 oracle=0.53813 rank=0.09269 value=0.35812 cand=2.43471 ndcg=0.00000 cql=0.00000 ctx=0.14404 pairs=313.1
[train-progress] epoch=4 [####--------------------] 175/900  19.4% loss=0.29913 jepa=0.27912 hard=0.87150 hard_red=0.03216 oracle=0.53439 rank=0.09130 value=0.35242 cand=2.42191 ndcg=0.00000 cql=0.00000 ctx=0.14225 pairs=313.2
[train-progress] epoch=4 [#####-------------------] 200/900  22.2% loss=0.30478 jepa=0.27977 hard=0.87045 hard_red=0.03352 oracle=0.53605 rank=0.09175 value=0.35638 cand=2.42741 ndcg=0.00000 cql=0.00000 ctx=0.14298 pairs=314.1
[train-progress] epoch=4 [######------------------] 225/900  25.0% loss=0.31422 jepa=0.28201 hard=0.86976 hard_red=0.03337 oracle=0.53492 rank=0.09103 value=0.36030 cand=2.42194 ndcg=0.00000 cql=0.00000 ctx=0.14224 pairs=314.6
[train] epoch=3 horizon=2 train_loss=0.272993 val_loss=0.093442 train_steps=900
[train-progress] epoch=4 [------------------------] 1/900   0.1% loss=0.11066 jepa=0.25217 hard=1.15968 hard_red=0.00292 oracle=0.46963 rank=0.07714 value=0.36802 cand=2.06176 ndcg=0.00000 cql=0.00000 ctx=0.15903 pairs=393.0
[train] epoch=10 horizon=5 train_loss=0.315356 val_loss=0.137105 train_steps=900
[train-progress] epoch=11 [------------------------] 1/900   0.1% loss=0.30457 jepa=0.31514 hard=1.32847 hard_red=0.09248 oracle=0.48880 rank=0.06288 value=0.13239 cand=2.45800 ndcg=0.00000 cql=0.00000 ctx=0.04750 pairs=280.0
[train-progress] epoch=4 [######------------------] 250/900  27.8% loss=0.30363 jepa=0.28290 hard=0.87087 hard_red=0.03357 oracle=0.53424 rank=0.08998 value=0.35610 cand=2.42362 ndcg=0.00000 cql=0.00000 ctx=0.14122 pairs=312.7
[train-progress] epoch=4 [------------------------] 25/900   2.8% loss=0.33231 jepa=0.26634 hard=0.86452 hard_red=0.02298 oracle=0.54008 rank=0.09451 value=0.37428 cand=2.42501 ndcg=0.00000 cql=0.00000 ctx=0.15091 pairs=307.6
[train-progress] epoch=11 [------------------------] 25/900   2.8% loss=0.18791 jepa=0.30484 hard=0.66018 hard_red=0.03255 oracle=0.49167 rank=0.06954 value=0.19405 cand=2.42108 ndcg=0.00000 cql=0.00000 ctx=0.05573 pairs=335.6
[train-progress] epoch=4 [#######-----------------] 275/900  30.6% loss=0.30508 jepa=0.28547 hard=0.86347 hard_red=0.03298 oracle=0.53455 rank=0.09026 value=0.35616 cand=2.42516 ndcg=0.00000 cql=0.00000 ctx=0.14090 pairs=311.8
[train-progress] epoch=4 [#-----------------------] 50/900   5.6% loss=0.43377 jepa=0.30557 hard=0.88711 hard_red=0.03451 oracle=0.54851 rank=0.09120 value=0.37700 cand=2.48404 ndcg=0.00000 cql=0.00000 ctx=0.14627 pairs=305.8
[train-progress] epoch=11 [#-----------------------] 50/900   5.6% loss=0.28783 jepa=0.31206 hard=0.64572 hard_red=0.02487 oracle=0.49657 rank=0.06641 value=0.19572 cand=2.45694 ndcg=0.00000 cql=0.00000 ctx=0.05372 pairs=319.2
[train-progress] epoch=4 [########----------------] 300/900  33.3% loss=0.30286 jepa=0.28513 hard=0.86348 hard_red=0.03289 oracle=0.53401 rank=0.08987 value=0.35479 cand=2.42419 ndcg=0.00000 cql=0.00000 ctx=0.14049 pairs=312.2
[train-progress] epoch=4 [##----------------------] 75/900   8.3% loss=0.37925 jepa=0.30634 hard=0.86815 hard_red=0.03133 oracle=0.55323 rank=0.09180 value=0.37309 cand=2.50737 ndcg=0.00000 cql=0.00000 ctx=0.14869 pairs=307.7
[train-progress] epoch=11 [##----------------------] 75/900   8.3% loss=0.28542 jepa=0.32288 hard=0.67131 hard_red=0.02478 oracle=0.49637 rank=0.06628 value=0.20169 cand=2.44952 ndcg=0.00000 cql=0.00000 ctx=0.05652 pairs=316.0
[train-progress] epoch=4 [########----------------] 325/900  36.1% loss=0.30773 jepa=0.28700 hard=0.85735 hard_red=0.03245 oracle=0.53492 rank=0.09010 value=0.35356 cand=2.43036 ndcg=0.00000 cql=0.00000 ctx=0.13975 pairs=312.6
[train-progress] epoch=4 [##----------------------] 100/900  11.1% loss=0.32601 jepa=0.29518 hard=0.87991 hard_red=0.02752 oracle=0.54250 rank=0.08970 value=0.37802 cand=2.45588 ndcg=0.00000 cql=0.00000 ctx=0.14445 pairs=309.7
[train-progress] epoch=11 [##----------------------] 100/900  11.1% loss=0.28921 jepa=0.33860 hard=0.68206 hard_red=0.02353 oracle=0.49224 rank=0.06690 value=0.19963 cand=2.42667 ndcg=0.00000 cql=0.00000 ctx=0.05617 pairs=313.6
[train-progress] epoch=4 [#########---------------] 350/900  38.9% loss=0.30901 jepa=0.28613 hard=0.85592 hard_red=0.03293 oracle=0.53565 rank=0.09014 value=0.35414 cand=2.43400 ndcg=0.00000 cql=0.00000 ctx=0.13979 pairs=313.3
[train-progress] epoch=11 [###---------------------] 125/900  13.9% loss=0.27266 jepa=0.33437 hard=0.68942 hard_red=0.02323 oracle=0.49378 rank=0.06687 value=0.20313 cand=2.43433 ndcg=0.00000 cql=0.00000 ctx=0.05573 pairs=311.5
[train-progress] epoch=4 [###---------------------] 125/900  13.9% loss=0.31993 jepa=0.29264 hard=0.88237 hard_red=0.03091 oracle=0.53878 rank=0.08914 value=0.37030 cand=2.44167 ndcg=0.00000 cql=0.00000 ctx=0.14312 pairs=312.0
[train-progress] epoch=4 [##########--------------] 375/900  41.7% loss=0.30451 jepa=0.28638 hard=0.85172 hard_red=0.03229 oracle=0.53539 rank=0.08986 value=0.34941 cand=2.43662 ndcg=0.00000 cql=0.00000 ctx=0.13877 pairs=311.9
[train-progress] epoch=11 [####--------------------] 150/900  16.7% loss=0.27743 jepa=0.33653 hard=0.69067 hard_red=0.02657 oracle=0.49224 rank=0.06647 value=0.20592 cand=2.42561 ndcg=0.00000 cql=0.00000 ctx=0.05559 pairs=310.9
[train-progress] epoch=4 [####--------------------] 150/900  16.7% loss=0.29689 jepa=0.28567 hard=0.87775 hard_red=0.02987 oracle=0.53794 rank=0.08949 value=0.37010 cand=2.43863 ndcg=0.00000 cql=0.00000 ctx=0.14148 pairs=313.1
[train-progress] epoch=4 [##########--------------] 400/900  44.4% loss=0.30575 jepa=0.28536 hard=0.84861 hard_red=0.03171 oracle=0.53558 rank=0.08994 value=0.34549 cand=2.44023 ndcg=0.00000 cql=0.00000 ctx=0.13808 pairs=311.6
[train-progress] epoch=11 [####--------------------] 175/900  19.4% loss=0.27457 jepa=0.33627 hard=0.69302 hard_red=0.02679 oracle=0.49069 rank=0.06646 value=0.20634 cand=2.41659 ndcg=0.00000 cql=0.00000 ctx=0.05578 pairs=311.1
[train-progress] epoch=4 [####--------------------] 175/900  19.4% loss=0.30156 jepa=0.28766 hard=0.87152 hard_red=0.03277 oracle=0.53508 rank=0.08903 value=0.36639 cand=2.42713 ndcg=0.00000 cql=0.00000 ctx=0.14022 pairs=313.2
[train-progress] epoch=4 [###########-------------] 425/900  47.2% loss=0.31146 jepa=0.28353 hard=0.84777 hard_red=0.03113 oracle=0.53502 rank=0.08979 value=0.34535 cand=2.43839 ndcg=0.00000 cql=0.00000 ctx=0.13746 pairs=311.3
[train-progress] epoch=11 [#####-------------------] 200/900  22.2% loss=0.27552 jepa=0.33408 hard=0.69034 hard_red=0.02699 oracle=0.48909 rank=0.06630 value=0.20719 cand=2.40705 ndcg=0.00000 cql=0.00000 ctx=0.05620 pairs=312.4
[train-progress] epoch=4 [############------------] 450/900  50.0% loss=0.30304 jepa=0.28222 hard=0.85184 hard_red=0.03079 oracle=0.53441 rank=0.08945 value=0.34525 cand=2.43700 ndcg=0.00000 cql=0.00000 ctx=0.13656 pairs=311.1
[train-progress] epoch=4 [#####-------------------] 200/900  22.2% loss=0.30401 jepa=0.28673 hard=0.86991 hard_red=0.03368 oracle=0.53556 rank=0.08936 value=0.36315 cand=2.43189 ndcg=0.00000 cql=0.00000 ctx=0.13926 pairs=314.1
[train-progress] epoch=11 [######------------------] 225/900  25.0% loss=0.28288 jepa=0.33265 hard=0.68978 hard_red=0.02689 oracle=0.48707 rank=0.06569 value=0.20721 cand=2.39716 ndcg=0.00000 cql=0.00000 ctx=0.05616 pairs=312.8
[train-progress] epoch=4 [############------------] 475/900  52.8% loss=0.30133 jepa=0.28135 hard=0.85600 hard_red=0.03128 oracle=0.53507 rank=0.08965 value=0.34394 cand=2.44083 ndcg=0.00000 cql=0.00000 ctx=0.13656 pairs=311.7
[train-progress] epoch=4 [######------------------] 225/900  25.0% loss=0.31597 jepa=0.28844 hard=0.86787 hard_red=0.03384 oracle=0.53397 rank=0.08832 value=0.36464 cand=2.42549 ndcg=0.00000 cql=0.00000 ctx=0.13858 pairs=314.6
[train-progress] epoch=11 [######------------------] 250/900  27.8% loss=0.27635 jepa=0.33079 hard=0.70138 hard_red=0.02676 oracle=0.48710 rank=0.06522 value=0.20723 cand=2.39900 ndcg=0.00000 cql=0.00000 ctx=0.05565 pairs=311.0
[train-progress] epoch=4 [#############-----------] 500/900  55.6% loss=0.30718 jepa=0.28126 hard=0.85424 hard_red=0.03146 oracle=0.53492 rank=0.08985 value=0.34189 cand=2.44078 ndcg=0.00000 cql=0.00000 ctx=0.13636 pairs=310.9
[train-progress] epoch=4 [######------------------] 250/900  27.8% loss=0.30594 jepa=0.28872 hard=0.86675 hard_red=0.03376 oracle=0.53305 rank=0.08753 value=0.35889 cand=2.42673 ndcg=0.00000 cql=0.00000 ctx=0.13706 pairs=312.7
[train-progress] epoch=11 [#######-----------------] 275/900  30.6% loss=0.27206 jepa=0.32934 hard=0.70109 hard_red=0.02638 oracle=0.48671 rank=0.06452 value=0.20778 cand=2.39870 ndcg=0.00000 cql=0.00000 ctx=0.05523 pairs=309.0
[train-progress] epoch=4 [##############----------] 525/900  58.3% loss=0.30286 jepa=0.28263 hard=0.85036 hard_red=0.03131 oracle=0.53491 rank=0.08957 value=0.34081 cand=2.44253 ndcg=0.00000 cql=0.00000 ctx=0.13580 pairs=310.4
[train-progress] epoch=11 [########----------------] 300/900  33.3% loss=0.27556 jepa=0.33070 hard=0.69570 hard_red=0.02597 oracle=0.48733 rank=0.06454 value=0.20616 cand=2.40367 ndcg=0.00000 cql=0.00000 ctx=0.05462 pairs=308.4
[train-progress] epoch=4 [#######-----------------] 275/900  30.6% loss=0.31090 jepa=0.28904 hard=0.85716 hard_red=0.03318 oracle=0.53316 rank=0.08732 value=0.36011 cand=2.42733 ndcg=0.00000 cql=0.00000 ctx=0.13699 pairs=311.8
[train-progress] epoch=4 [##############----------] 550/900  61.1% loss=0.30923 jepa=0.28617 hard=0.84726 hard_red=0.03114 oracle=0.53504 rank=0.08950 value=0.33986 cand=2.44435 ndcg=0.00000 cql=0.00000 ctx=0.13544 pairs=309.6
[train-progress] epoch=11 [########----------------] 325/900  36.1% loss=0.28032 jepa=0.32930 hard=0.69391 hard_red=0.02649 oracle=0.48739 rank=0.06446 value=0.20682 cand=2.40416 ndcg=0.00000 cql=0.00000 ctx=0.05440 pairs=309.0
[train-progress] epoch=4 [########----------------] 300/900  33.3% loss=0.30894 jepa=0.28808 hard=0.85975 hard_red=0.03311 oracle=0.53269 rank=0.08694 value=0.35845 cand=2.42672 ndcg=0.00000 cql=0.00000 ctx=0.13666 pairs=312.2
[train-progress] epoch=4 [###############---------] 575/900  63.9% loss=0.31147 jepa=0.28819 hard=0.84112 hard_red=0.03086 oracle=0.53508 rank=0.08944 value=0.34384 cand=2.44323 ndcg=0.00000 cql=0.00000 ctx=0.13523 pairs=309.4
[train-progress] epoch=11 [#########---------------] 350/900  38.9% loss=0.28126 jepa=0.32918 hard=0.69401 hard_red=0.02661 oracle=0.48701 rank=0.06439 value=0.20645 cand=2.40306 ndcg=0.00000 cql=0.00000 ctx=0.05391 pairs=308.8
[train-progress] epoch=4 [########----------------] 325/900  36.1% loss=0.31290 jepa=0.29035 hard=0.85508 hard_red=0.03257 oracle=0.53366 rank=0.08749 value=0.35659 cand=2.43285 ndcg=0.00000 cql=0.00000 ctx=0.13588 pairs=312.6
[train-progress] epoch=4 [################--------] 600/900  66.7% loss=0.30607 jepa=0.28748 hard=0.84180 hard_red=0.03007 oracle=0.53417 rank=0.08923 value=0.34292 cand=2.44000 ndcg=0.00000 cql=0.00000 ctx=0.13451 pairs=309.1
[train-progress] epoch=11 [##########--------------] 375/900  41.7% loss=0.28371 jepa=0.33128 hard=0.68992 hard_red=0.02650 oracle=0.48529 rank=0.06404 value=0.20624 cand=2.39449 ndcg=0.00000 cql=0.00000 ctx=0.05381 pairs=308.6
[train-progress] epoch=4 [#########---------------] 350/900  38.9% loss=0.31351 jepa=0.28989 hard=0.85433 hard_red=0.03309 oracle=0.53409 rank=0.08736 value=0.35765 cand=2.43566 ndcg=0.00000 cql=0.00000 ctx=0.13547 pairs=313.3
[train-progress] epoch=4 [################--------] 625/900  69.4% loss=0.30158 jepa=0.28579 hard=0.84519 hard_red=0.02947 oracle=0.53350 rank=0.08867 value=0.34079 cand=2.43993 ndcg=0.00000 cql=0.00000 ctx=0.13342 pairs=308.7
[train-progress] epoch=11 [##########--------------] 400/900  44.4% loss=0.28412 jepa=0.33034 hard=0.68669 hard_red=0.02610 oracle=0.48457 rank=0.06377 value=0.20636 cand=2.39115 ndcg=0.00000 cql=0.00000 ctx=0.05369 pairs=308.2
[train-progress] epoch=4 [##########--------------] 375/900  41.7% loss=0.30901 jepa=0.29035 hard=0.84929 hard_red=0.03238 oracle=0.53366 rank=0.08715 value=0.35299 cand=2.43738 ndcg=0.00000 cql=0.00000 ctx=0.13429 pairs=311.9
[train-progress] epoch=11 [###########-------------] 425/900  47.2% loss=0.29552 jepa=0.33263 hard=0.67485 hard_red=0.02609 oracle=0.48431 rank=0.06373 value=0.20599 cand=2.38977 ndcg=0.00000 cql=0.00000 ctx=0.05382 pairs=308.1
[train-progress] epoch=4 [#################-------] 650/900  72.2% loss=0.29635 jepa=0.28490 hard=0.84443 hard_red=0.02900 oracle=0.53272 rank=0.08840 value=0.33987 cand=2.43756 ndcg=0.00000 cql=0.00000 ctx=0.13271 pairs=308.7
[train-progress] epoch=4 [##########--------------] 400/900  44.4% loss=0.31080 jepa=0.28908 hard=0.84475 hard_red=0.03173 oracle=0.53405 rank=0.08731 value=0.34982 cand=2.44100 ndcg=0.00000 cql=0.00000 ctx=0.13401 pairs=311.6
[train-progress] epoch=11 [############------------] 450/900  50.0% loss=0.29456 jepa=0.33354 hard=0.67478 hard_red=0.02590 oracle=0.48401 rank=0.06371 value=0.20693 cand=2.38723 ndcg=0.00000 cql=0.00000 ctx=0.05419 pairs=307.7
[train-progress] epoch=4 [##################------] 675/900  75.0% loss=0.29639 jepa=0.28551 hard=0.84021 hard_red=0.02868 oracle=0.53270 rank=0.08807 value=0.34049 cand=2.43868 ndcg=0.00000 cql=0.00000 ctx=0.13213 pairs=308.7
[train-progress] epoch=11 [############------------] 475/900  52.8% loss=0.29563 jepa=0.33600 hard=0.67527 hard_red=0.02532 oracle=0.48532 rank=0.06403 value=0.20578 cand=2.39446 ndcg=0.00000 cql=0.00000 ctx=0.05408 pairs=307.9
[train-progress] epoch=4 [###########-------------] 425/900  47.2% loss=0.31750 jepa=0.28773 hard=0.84408 hard_red=0.03121 oracle=0.53382 rank=0.08726 value=0.35141 cand=2.43947 ndcg=0.00000 cql=0.00000 ctx=0.13377 pairs=311.3
[train-progress] epoch=4 [##################------] 700/900  77.8% loss=0.29468 jepa=0.28514 hard=0.84130 hard_red=0.02866 oracle=0.53231 rank=0.08781 value=0.33965 cand=2.43851 ndcg=0.00000 cql=0.00000 ctx=0.13136 pairs=309.2
[train-progress] epoch=11 [#############-----------] 500/900  55.6% loss=0.29158 jepa=0.33521 hard=0.68172 hard_red=0.02558 oracle=0.48517 rank=0.06399 value=0.20593 cand=2.39383 ndcg=0.00000 cql=0.00000 ctx=0.05397 pairs=308.0
[train-progress] epoch=4 [############------------] 450/900  50.0% loss=0.30955 jepa=0.28584 hard=0.84743 hard_red=0.03083 oracle=0.53314 rank=0.08695 value=0.35125 cand=2.43798 ndcg=0.00000 cql=0.00000 ctx=0.13266 pairs=311.1
[train-progress] epoch=4 [###################-----] 725/900  80.6% loss=0.29329 jepa=0.28580 hard=0.84213 hard_red=0.02865 oracle=0.53188 rank=0.08738 value=0.34103 cand=2.43708 ndcg=0.00000 cql=0.00000 ctx=0.13087 pairs=310.0
[train-progress] epoch=11 [##############----------] 525/900  58.3% loss=0.28865 jepa=0.33408 hard=0.68203 hard_red=0.02577 oracle=0.48538 rank=0.06419 value=0.20565 cand=2.39459 ndcg=0.00000 cql=0.00000 ctx=0.05405 pairs=307.6
[train-progress] epoch=4 [####################----] 750/900  83.3% loss=0.28931 jepa=0.28487 hard=0.84312 hard_red=0.02839 oracle=0.53150 rank=0.08724 value=0.34062 cand=2.43633 ndcg=0.00000 cql=0.00000 ctx=0.13026 pairs=309.8
[train-progress] epoch=4 [############------------] 475/900  52.8% loss=0.30655 jepa=0.28463 hard=0.85136 hard_red=0.03133 oracle=0.53366 rank=0.08715 value=0.34905 cand=2.44163 ndcg=0.00000 cql=0.00000 ctx=0.13249 pairs=311.7
[train-progress] epoch=11 [##############----------] 550/900  61.1% loss=0.29442 jepa=0.33598 hard=0.67988 hard_red=0.02515 oracle=0.48440 rank=0.06399 value=0.20638 cand=2.38902 ndcg=0.00000 cql=0.00000 ctx=0.05419 pairs=307.1
[train-progress] epoch=4 [####################----] 775/900  86.1% loss=0.28663 jepa=0.28503 hard=0.84399 hard_red=0.02840 oracle=0.53081 rank=0.08705 value=0.34121 cand=2.43309 ndcg=0.00000 cql=0.00000 ctx=0.12991 pairs=310.0
[train-progress] epoch=4 [#############-----------] 500/900  55.6% loss=0.31165 jepa=0.28479 hard=0.84951 hard_red=0.03148 oracle=0.53339 rank=0.08727 value=0.34652 cand=2.44144 ndcg=0.00000 cql=0.00000 ctx=0.13219 pairs=310.9
[train-progress] epoch=11 [###############---------] 575/900  63.9% loss=0.29065 jepa=0.33511 hard=0.67891 hard_red=0.02514 oracle=0.48444 rank=0.06404 value=0.20652 cand=2.38908 ndcg=0.00000 cql=0.00000 ctx=0.05418 pairs=306.7
[train-progress] epoch=4 [#####################---] 800/900  88.9% loss=0.29669 jepa=0.28540 hard=0.84417 hard_red=0.02836 oracle=0.53119 rank=0.08691 value=0.34029 cand=2.43623 ndcg=0.00000 cql=0.00000 ctx=0.12966 pairs=309.8
[train-progress] epoch=4 [##############----------] 525/900  58.3% loss=0.30763 jepa=0.28547 hard=0.84591 hard_red=0.03129 oracle=0.53326 rank=0.08700 value=0.34496 cand=2.44315 ndcg=0.00000 cql=0.00000 ctx=0.13135 pairs=310.4
[train-progress] epoch=11 [################--------] 600/900  66.7% loss=0.29391 jepa=0.33561 hard=0.67810 hard_red=0.02507 oracle=0.48400 rank=0.06396 value=0.20688 cand=2.38671 ndcg=0.00000 cql=0.00000 ctx=0.05413 pairs=307.6
[train-progress] epoch=4 [######################--] 825/900  91.7% loss=0.29317 jepa=0.28460 hard=0.84848 hard_red=0.02812 oracle=0.53093 rank=0.08667 value=0.33977 cand=2.43605 ndcg=0.00000 cql=0.00000 ctx=0.12930 pairs=310.3
[train-progress] epoch=4 [##############----------] 550/900  61.1% loss=0.31427 jepa=0.28900 hard=0.84408 hard_red=0.03117 oracle=0.53336 rank=0.08688 value=0.34382 cand=2.44521 ndcg=0.00000 cql=0.00000 ctx=0.13079 pairs=309.6
[train-progress] epoch=11 [################--------] 625/900  69.4% loss=0.29593 jepa=0.33786 hard=0.67460 hard_red=0.02490 oracle=0.48384 rank=0.06415 value=0.20706 cand=2.38530 ndcg=0.00000 cql=0.00000 ctx=0.05419 pairs=308.2
[train-progress] epoch=4 [######################--] 850/900  94.4% loss=0.29048 jepa=0.28490 hard=0.85009 hard_red=0.02779 oracle=0.53009 rank=0.08624 value=0.33856 cand=2.43367 ndcg=0.00000 cql=0.00000 ctx=0.12872 pairs=310.1
[train-progress] epoch=4 [###############---------] 575/900  63.9% loss=0.31615 jepa=0.28929 hard=0.83741 hard_red=0.03092 oracle=0.53313 rank=0.08676 value=0.34555 cand=2.44390 ndcg=0.00000 cql=0.00000 ctx=0.13047 pairs=309.4
[train-progress] epoch=11 [#################-------] 650/900  72.2% loss=0.29318 jepa=0.33660 hard=0.67577 hard_red=0.02477 oracle=0.48331 rank=0.06382 value=0.20664 cand=2.38325 ndcg=0.00000 cql=0.00000 ctx=0.05418 pairs=308.2
[train-progress] epoch=4 [#######################-] 875/900  97.2% loss=0.28738 jepa=0.28416 hard=0.84953 hard_red=0.02754 oracle=0.52937 rank=0.08592 value=0.33882 cand=2.43097 ndcg=0.00000 cql=0.00000 ctx=0.12817 pairs=310.1
[train-progress] epoch=4 [################--------] 600/900  66.7% loss=0.30958 jepa=0.28856 hard=0.83696 hard_red=0.03017 oracle=0.53217 rank=0.08654 value=0.34459 cand=2.44044 ndcg=0.00000 cql=0.00000 ctx=0.12974 pairs=309.1
[train-progress] epoch=11 [##################------] 675/900  75.0% loss=0.29520 jepa=0.33709 hard=0.67995 hard_red=0.02497 oracle=0.48296 rank=0.06384 value=0.20645 cand=2.38128 ndcg=0.00000 cql=0.00000 ctx=0.05422 pairs=308.7
[train-progress] epoch=4 [########################] 900/900 100.0% loss=0.28384 jepa=0.28377 hard=0.84872 hard_red=0.02710 oracle=0.52874 rank=0.08592 value=0.33863 cand=2.42834 ndcg=0.00000 cql=0.00000 ctx=0.12758 pairs=310.1
[train-progress] epoch=11 [##################------] 700/900  77.8% loss=0.29385 jepa=0.33658 hard=0.67848 hard_red=0.02504 oracle=0.48293 rank=0.06378 value=0.20732 cand=2.38091 ndcg=0.00000 cql=0.00000 ctx=0.05420 pairs=309.0
[train-progress] epoch=4 [################--------] 625/900  69.4% loss=0.30528 jepa=0.28711 hard=0.84106 hard_red=0.02956 oracle=0.53165 rank=0.08629 value=0.34240 cand=2.44052 ndcg=0.00000 cql=0.00000 ctx=0.12871 pairs=308.7
[train-progress] epoch=11 [###################-----] 725/900  80.6% loss=0.29555 jepa=0.33697 hard=0.67808 hard_red=0.02474 oracle=0.48269 rank=0.06405 value=0.20813 cand=2.37842 ndcg=0.00000 cql=0.00000 ctx=0.05433 pairs=309.4
[train-progress] epoch=4 [#################-------] 650/900  72.2% loss=0.29977 jepa=0.28611 hard=0.84111 hard_red=0.02903 oracle=0.53101 rank=0.08623 value=0.34109 cand=2.43852 ndcg=0.00000 cql=0.00000 ctx=0.12807 pairs=308.7
[train-progress] epoch=11 [####################----] 750/900  83.3% loss=0.29686 jepa=0.33645 hard=0.67267 hard_red=0.02507 oracle=0.48251 rank=0.06383 value=0.20789 cand=2.37808 ndcg=0.00000 cql=0.00000 ctx=0.05429 pairs=309.2
[train-progress] epoch=4 [##################------] 675/900  75.0% loss=0.29963 jepa=0.28693 hard=0.83696 hard_red=0.02871 oracle=0.53087 rank=0.08588 value=0.33976 cand=2.43988 ndcg=0.00000 cql=0.00000 ctx=0.12749 pairs=308.7
[train-progress] epoch=11 [####################----] 775/900  86.1% loss=0.30162 jepa=0.33689 hard=0.67683 hard_red=0.02504 oracle=0.48224 rank=0.06383 value=0.20830 cand=2.37630 ndcg=0.00000 cql=0.00000 ctx=0.05434 pairs=309.6
[train-progress] epoch=4 [##################------] 700/900  77.8% loss=0.29819 jepa=0.28722 hard=0.83759 hard_red=0.02867 oracle=0.53076 rank=0.08594 value=0.33968 cand=2.44010 ndcg=0.00000 cql=0.00000 ctx=0.12683 pairs=309.2
[train-progress] epoch=11 [#####################---] 800/900  88.9% loss=0.30210 jepa=0.33734 hard=0.67573 hard_red=0.02506 oracle=0.48270 rank=0.06373 value=0.20783 cand=2.37939 ndcg=0.00000 cql=0.00000 ctx=0.05428 pairs=309.0
[train-progress] epoch=4 [###################-----] 725/900  80.6% loss=0.29753 jepa=0.28796 hard=0.83901 hard_red=0.02869 oracle=0.53025 rank=0.08555 value=0.34113 cand=2.43837 ndcg=0.00000 cql=0.00000 ctx=0.12618 pairs=310.0
[train-progress] epoch=11 [######################--] 825/900  91.7% loss=0.30214 jepa=0.33783 hard=0.67530 hard_red=0.02517 oracle=0.48326 rank=0.06382 value=0.20801 cand=2.38214 ndcg=0.00000 cql=0.00000 ctx=0.05435 pairs=309.1
[train] epoch=4 horizon=3 train_loss=0.283843 val_loss=0.100116 train_steps=900
[train-progress] epoch=5 [------------------------] 1/900   0.1% loss=0.13031 jepa=0.27186 hard=0.08357 hard_red=0.00090 oracle=0.50571 rank=0.07596 value=0.39878 cand=2.32484 ndcg=0.00000 cql=0.00000 ctx=0.10591 pairs=358.0
[train-progress] epoch=4 [####################----] 750/900  83.3% loss=0.29332 jepa=0.28697 hard=0.84013 hard_red=0.02849 oracle=0.52983 rank=0.08542 value=0.34015 cand=2.43756 ndcg=0.00000 cql=0.00000 ctx=0.12557 pairs=309.8
[train-progress] epoch=11 [######################--] 850/900  94.4% loss=0.30640 jepa=0.33777 hard=0.67330 hard_red=0.02531 oracle=0.48337 rank=0.06369 value=0.20755 cand=2.38315 ndcg=0.00000 cql=0.00000 ctx=0.05437 pairs=309.1
[train-progress] epoch=5 [------------------------] 25/900   2.8% loss=0.44641 jepa=0.26347 hard=0.85416 hard_red=0.03668 oracle=0.53005 rank=0.08166 value=0.30542 cand=2.49031 ndcg=0.00000 cql=0.00000 ctx=0.10532 pairs=292.8
[train-progress] epoch=4 [####################----] 775/900  86.1% loss=0.29044 jepa=0.28710 hard=0.84079 hard_red=0.02853 oracle=0.52910 rank=0.08530 value=0.34027 cand=2.43438 ndcg=0.00000 cql=0.00000 ctx=0.12510 pairs=310.0
[train-progress] epoch=11 [#######################-] 875/900  97.2% loss=0.30402 jepa=0.33766 hard=0.67313 hard_red=0.02541 oracle=0.48324 rank=0.06373 value=0.20780 cand=2.38239 ndcg=0.00000 cql=0.00000 ctx=0.05428 pairs=308.7
[train-progress] epoch=5 [#-----------------------] 50/900   5.6% loss=0.33344 jepa=0.25999 hard=0.86937 hard_red=0.02734 oracle=0.52324 rank=0.08023 value=0.31909 cand=2.44915 ndcg=0.00000 cql=0.00000 ctx=0.10550 pairs=313.1
[train-progress] epoch=11 [########################] 900/900 100.0% loss=0.30238 jepa=0.33738 hard=0.67471 hard_red=0.02545 oracle=0.48362 rank=0.06370 value=0.20800 cand=2.38449 ndcg=0.00000 cql=0.00000 ctx=0.05425 pairs=308.6
[train-progress] epoch=4 [#####################---] 800/900  88.9% loss=0.30046 jepa=0.28722 hard=0.84120 hard_red=0.02848 oracle=0.52927 rank=0.08511 value=0.33898 cand=2.43701 ndcg=0.00000 cql=0.00000 ctx=0.12457 pairs=309.8
[train-progress] epoch=5 [##----------------------] 75/900   8.3% loss=0.31289 jepa=0.25792 hard=0.87122 hard_red=0.02366 oracle=0.52428 rank=0.08214 value=0.30961 cand=2.45305 ndcg=0.00000 cql=0.00000 ctx=0.10699 pairs=312.2
[train-progress] epoch=4 [######################--] 825/900  91.7% loss=0.29667 jepa=0.28635 hard=0.84507 hard_red=0.02822 oracle=0.52897 rank=0.08499 value=0.33834 cand=2.43648 ndcg=0.00000 cql=0.00000 ctx=0.12417 pairs=310.3
[train-progress] epoch=5 [##----------------------] 100/900  11.1% loss=0.32205 jepa=0.26863 hard=0.84032 hard_red=0.02589 oracle=0.52176 rank=0.08029 value=0.31842 cand=2.43819 ndcg=0.00000 cql=0.00000 ctx=0.10762 pairs=312.5
[train-progress] epoch=4 [######################--] 850/900  94.4% loss=0.29373 jepa=0.28638 hard=0.84689 hard_red=0.02790 oracle=0.52811 rank=0.08471 value=0.33601 cand=2.43417 ndcg=0.00000 cql=0.00000 ctx=0.12356 pairs=310.1
[train-progress] epoch=5 [###---------------------] 125/900  13.9% loss=0.33522 jepa=0.27174 hard=0.83780 hard_red=0.02805 oracle=0.52273 rank=0.07970 value=0.31402 cand=2.44831 ndcg=0.00000 cql=0.00000 ctx=0.10650 pairs=312.7
[train-progress] epoch=5 [####--------------------] 150/900  16.7% loss=0.36807 jepa=0.28557 hard=0.80626 hard_red=0.03166 oracle=0.52082 rank=0.07990 value=0.31567 cand=2.43563 ndcg=0.00000 cql=0.00000 ctx=0.10718 pairs=312.8
[train-progress] epoch=4 [#######################-] 875/900  97.2% loss=0.29036 jepa=0.28537 hard=0.84628 hard_red=0.02764 oracle=0.52730 rank=0.08436 value=0.33585 cand=2.43154 ndcg=0.00000 cql=0.00000 ctx=0.12278 pairs=310.1
[train-progress] epoch=5 [####--------------------] 175/900  19.4% loss=0.34620 jepa=0.28425 hard=0.80824 hard_red=0.03079 oracle=0.51737 rank=0.07891 value=0.31287 cand=2.42037 ndcg=0.00000 cql=0.00000 ctx=0.10676 pairs=313.4
[train-progress] epoch=4 [########################] 900/900 100.0% loss=0.28615 jepa=0.28454 hard=0.84475 hard_red=0.02718 oracle=0.52665 rank=0.08429 value=0.33575 cand=2.42895 ndcg=0.00000 cql=0.00000 ctx=0.12220 pairs=310.1
[train-progress] epoch=5 [#####-------------------] 200/900  22.2% loss=0.35362 jepa=0.28654 hard=0.78032 hard_red=0.02955 oracle=0.51756 rank=0.07874 value=0.31684 cand=2.42002 ndcg=0.00000 cql=0.00000 ctx=0.10675 pairs=315.9
[train] epoch=11 horizon=5 train_loss=0.302382 val_loss=0.118987 train_steps=900
[train-progress] epoch=12 [------------------------] 1/900   0.1% loss=0.14637 jepa=0.29863 hard=0.94683 hard_red=0.00494 oracle=0.45429 rank=0.04870 value=0.22092 cand=2.26424 ndcg=0.00000 cql=0.00000 ctx=0.04218 pairs=360.0
[train-progress] epoch=12 [------------------------] 25/900   2.8% loss=0.22141 jepa=0.31336 hard=0.69354 hard_red=0.02409 oracle=0.48471 rank=0.06063 value=0.19493 cand=2.40452 ndcg=0.00000 cql=0.00000 ctx=0.05303 pairs=309.3
[train-progress] epoch=5 [######------------------] 225/900  25.0% loss=0.35223 jepa=0.28761 hard=0.77675 hard_red=0.02821 oracle=0.51786 rank=0.07913 value=0.31594 cand=2.42169 ndcg=0.00000 cql=0.00000 ctx=0.10644 pairs=314.4
[train-progress] epoch=5 [######------------------] 250/900  27.8% loss=0.34467 jepa=0.28746 hard=0.77161 hard_red=0.02830 oracle=0.51582 rank=0.07884 value=0.31793 cand=2.41094 ndcg=0.00000 cql=0.00000 ctx=0.10584 pairs=314.4
[train-progress] epoch=12 [#-----------------------] 50/900   5.6% loss=0.22316 jepa=0.31351 hard=0.73144 hard_red=0.02275 oracle=0.49090 rank=0.06224 value=0.19695 cand=2.43112 ndcg=0.00000 cql=0.00000 ctx=0.05558 pairs=311.5
[train-progress] epoch=5 [#######-----------------] 275/900  30.6% loss=0.33835 jepa=0.28634 hard=0.76998 hard_red=0.02844 oracle=0.51401 rank=0.07846 value=0.32139 cand=2.40103 ndcg=0.00000 cql=0.00000 ctx=0.10520 pairs=314.5
[train-progress] epoch=12 [##----------------------] 75/900   8.3% loss=0.22529 jepa=0.30776 hard=0.73571 hard_red=0.02205 oracle=0.48945 rank=0.06163 value=0.19882 cand=2.42349 ndcg=0.00000 cql=0.00000 ctx=0.05560 pairs=309.0
[train-progress] epoch=5 [########----------------] 300/900  33.3% loss=0.32362 jepa=0.28403 hard=0.76857 hard_red=0.02717 oracle=0.51524 rank=0.07837 value=0.32007 cand=2.40922 ndcg=0.00000 cql=0.00000 ctx=0.10479 pairs=313.8
[train-progress] epoch=12 [##----------------------] 100/900  11.1% loss=0.24390 jepa=0.31074 hard=0.71596 hard_red=0.02382 oracle=0.48720 rank=0.06086 value=0.20462 cand=2.41065 ndcg=0.00000 cql=0.00000 ctx=0.05517 pairs=312.2
[train] epoch=4 horizon=3 train_loss=0.286153 val_loss=0.098269 train_steps=900
[train-progress] epoch=5 [------------------------] 1/900   0.1% loss=0.13697 jepa=0.30671 hard=0.08540 hard_red=0.00080 oracle=0.52294 rank=0.08570 value=0.43676 cand=2.37202 ndcg=0.00000 cql=0.00000 ctx=0.11389 pairs=358.0
[train-progress] epoch=12 [###---------------------] 125/900  13.9% loss=0.23776 jepa=0.31534 hard=0.68927 hard_red=0.02370 oracle=0.48016 rank=0.06021 value=0.20548 cand=2.37490 ndcg=0.00000 cql=0.00000 ctx=0.05343 pairs=311.8
[train-progress] epoch=5 [########----------------] 325/900  36.1% loss=0.31285 jepa=0.28165 hard=0.78000 hard_red=0.02646 oracle=0.51726 rank=0.07854 value=0.31915 cand=2.42096 ndcg=0.00000 cql=0.00000 ctx=0.10445 pairs=313.8
[train-progress] epoch=5 [------------------------] 25/900   2.8% loss=0.44594 jepa=0.25877 hard=0.82740 hard_red=0.03540 oracle=0.52602 rank=0.08206 value=0.28068 cand=2.48703 ndcg=0.00000 cql=0.00000 ctx=0.09889 pairs=292.8
[train-progress] epoch=12 [####--------------------] 150/900  16.7% loss=0.22515 jepa=0.31010 hard=0.68158 hard_red=0.02135 oracle=0.47999 rank=0.06044 value=0.20225 cand=2.37590 ndcg=0.00000 cql=0.00000 ctx=0.05271 pairs=311.0
[train-progress] epoch=5 [#########---------------] 350/900  38.9% loss=0.31240 jepa=0.28401 hard=0.78396 hard_red=0.02772 oracle=0.51662 rank=0.07827 value=0.31777 cand=2.41926 ndcg=0.00000 cql=0.00000 ctx=0.10395 pairs=313.0
[train-progress] epoch=5 [#-----------------------] 50/900   5.6% loss=0.33804 jepa=0.25769 hard=0.83024 hard_red=0.02718 oracle=0.51950 rank=0.08166 value=0.30517 cand=2.44097 ndcg=0.00000 cql=0.00000 ctx=0.09871 pairs=313.1
[train-progress] epoch=12 [####--------------------] 175/900  19.4% loss=0.22975 jepa=0.30974 hard=0.68035 hard_red=0.02130 oracle=0.48373 rank=0.06080 value=0.20495 cand=2.39530 ndcg=0.00000 cql=0.00000 ctx=0.05230 pairs=309.2
[train-progress] epoch=5 [##########--------------] 375/900  41.7% loss=0.31097 jepa=0.28240 hard=0.79242 hard_red=0.02786 oracle=0.51462 rank=0.07805 value=0.31652 cand=2.40931 ndcg=0.00000 cql=0.00000 ctx=0.10386 pairs=313.0
[train-progress] epoch=12 [#####-------------------] 200/900  22.2% loss=0.24795 jepa=0.31617 hard=0.68556 hard_red=0.02171 oracle=0.48228 rank=0.06025 value=0.20497 cand=2.38916 ndcg=0.00000 cql=0.00000 ctx=0.05175 pairs=310.1
[train-progress] epoch=5 [##########--------------] 400/900  44.4% loss=0.31298 jepa=0.28321 hard=0.78750 hard_red=0.02774 oracle=0.51501 rank=0.07815 value=0.31626 cand=2.41124 ndcg=0.00000 cql=0.00000 ctx=0.10394 pairs=313.7
[train-progress] epoch=5 [##----------------------] 75/900   8.3% loss=0.31490 jepa=0.25802 hard=0.83843 hard_red=0.02321 oracle=0.51953 rank=0.08019 value=0.30312 cand=2.44300 ndcg=0.00000 cql=0.00000 ctx=0.10026 pairs=312.2
[train-progress] epoch=12 [######------------------] 225/900  25.0% loss=0.25994 jepa=0.31668 hard=0.67467 hard_red=0.02194 oracle=0.48223 rank=0.06004 value=0.20510 cand=2.38921 ndcg=0.00000 cql=0.00000 ctx=0.05182 pairs=307.7
[train-progress] epoch=5 [###########-------------] 425/900  47.2% loss=0.31837 jepa=0.28552 hard=0.77713 hard_red=0.02799 oracle=0.51579 rank=0.07793 value=0.31607 cand=2.41629 ndcg=0.00000 cql=0.00000 ctx=0.10382 pairs=313.9
[train-progress] epoch=5 [##----------------------] 100/900  11.1% loss=0.32308 jepa=0.26380 hard=0.81312 hard_red=0.02537 oracle=0.51712 rank=0.08008 value=0.30412 cand=2.42981 ndcg=0.00000 cql=0.00000 ctx=0.10000 pairs=312.5
[train-progress] epoch=12 [######------------------] 250/900  27.8% loss=0.26621 jepa=0.31878 hard=0.66534 hard_red=0.02208 oracle=0.48297 rank=0.06075 value=0.20234 cand=2.39327 ndcg=0.00000 cql=0.00000 ctx=0.05166 pairs=310.2
[train-progress] epoch=5 [############------------] 450/900  50.0% loss=0.31911 jepa=0.28691 hard=0.77756 hard_red=0.02828 oracle=0.51629 rank=0.07789 value=0.31341 cand=2.42073 ndcg=0.00000 cql=0.00000 ctx=0.10356 pairs=313.0
[train-progress] epoch=5 [###---------------------] 125/900  13.9% loss=0.33575 jepa=0.26806 hard=0.81263 hard_red=0.02805 oracle=0.51879 rank=0.07976 value=0.30085 cand=2.44227 ndcg=0.00000 cql=0.00000 ctx=0.09923 pairs=312.7
[train-progress] epoch=12 [#######-----------------] 275/900  30.6% loss=0.29147 jepa=0.32910 hard=0.67112 hard_red=0.02421 oracle=0.48371 rank=0.06153 value=0.20179 cand=2.39555 ndcg=0.00000 cql=0.00000 ctx=0.05194 pairs=309.8
[train-progress] epoch=5 [############------------] 475/900  52.8% loss=0.31570 jepa=0.28691 hard=0.77694 hard_red=0.02881 oracle=0.51658 rank=0.07786 value=0.31338 cand=2.42229 ndcg=0.00000 cql=0.00000 ctx=0.10362 pairs=313.5
[train-progress] epoch=5 [####--------------------] 150/900  16.7% loss=0.36927 jepa=0.28207 hard=0.78552 hard_red=0.03167 oracle=0.51667 rank=0.07967 value=0.30080 cand=2.43045 ndcg=0.00000 cql=0.00000 ctx=0.09938 pairs=312.8
[train-progress] epoch=12 [########----------------] 300/900  33.3% loss=0.29246 jepa=0.32872 hard=0.67526 hard_red=0.02470 oracle=0.48428 rank=0.06138 value=0.20121 cand=2.39985 ndcg=0.00000 cql=0.00000 ctx=0.05154 pairs=308.4
[train-progress] epoch=5 [#############-----------] 500/900  55.6% loss=0.31619 jepa=0.28627 hard=0.77802 hard_red=0.02821 oracle=0.51574 rank=0.07738 value=0.31263 cand=2.42008 ndcg=0.00000 cql=0.00000 ctx=0.10284 pairs=313.6
[train-progress] epoch=5 [####--------------------] 175/900  19.4% loss=0.34832 jepa=0.28176 hard=0.78897 hard_red=0.03066 oracle=0.51442 rank=0.07926 value=0.30391 cand=2.41624 ndcg=0.00000 cql=0.00000 ctx=0.10026 pairs=313.4
[train-progress] epoch=12 [########----------------] 325/900  36.1% loss=0.30137 jepa=0.33297 hard=0.68056 hard_red=0.02486 oracle=0.48367 rank=0.06106 value=0.20225 cand=2.39657 ndcg=0.00000 cql=0.00000 ctx=0.05162 pairs=307.8
[train-progress] epoch=5 [##############----------] 525/900  58.3% loss=0.31325 jepa=0.28603 hard=0.77721 hard_red=0.02820 oracle=0.51576 rank=0.07709 value=0.31146 cand=2.42214 ndcg=0.00000 cql=0.00000 ctx=0.10226 pairs=313.8
[train-progress] epoch=5 [#####-------------------] 200/900  22.2% loss=0.35532 jepa=0.28444 hard=0.76105 hard_red=0.02949 oracle=0.51516 rank=0.07916 value=0.30739 cand=2.41733 ndcg=0.00000 cql=0.00000 ctx=0.10149 pairs=315.9
[train-progress] epoch=12 [#########---------------] 350/900  38.9% loss=0.29739 jepa=0.33272 hard=0.68150 hard_red=0.02545 oracle=0.48601 rank=0.06181 value=0.20287 cand=2.40673 ndcg=0.00000 cql=0.00000 ctx=0.05233 pairs=307.1
[train-progress] epoch=5 [##############----------] 550/900  61.1% loss=0.30803 jepa=0.28508 hard=0.78134 hard_red=0.02875 oracle=0.51500 rank=0.07725 value=0.31152 cand=2.41730 ndcg=0.00000 cql=0.00000 ctx=0.10243 pairs=313.9
[train-progress] epoch=5 [######------------------] 225/900  25.0% loss=0.35213 jepa=0.28457 hard=0.75690 hard_red=0.02810 oracle=0.51574 rank=0.07963 value=0.30668 cand=2.41943 ndcg=0.00000 cql=0.00000 ctx=0.10179 pairs=314.4
[train-progress] epoch=12 [##########--------------] 375/900  41.7% loss=0.29463 jepa=0.33200 hard=0.68581 hard_red=0.02554 oracle=0.48640 rank=0.06172 value=0.20264 cand=2.40928 ndcg=0.00000 cql=0.00000 ctx=0.05228 pairs=306.4
[train-progress] epoch=5 [###############---------] 575/900  63.9% loss=0.30327 jepa=0.28392 hard=0.78637 hard_red=0.02875 oracle=0.51427 rank=0.07700 value=0.30971 cand=2.41560 ndcg=0.00000 cql=0.00000 ctx=0.10171 pairs=313.6
[train-progress] epoch=5 [######------------------] 250/900  27.8% loss=0.34271 jepa=0.28479 hard=0.75380 hard_red=0.02824 oracle=0.51352 rank=0.07952 value=0.30691 cand=2.40832 ndcg=0.00000 cql=0.00000 ctx=0.10102 pairs=314.4
[train-progress] epoch=12 [##########--------------] 400/900  44.4% loss=0.29678 jepa=0.33203 hard=0.69914 hard_red=0.02711 oracle=0.48543 rank=0.06157 value=0.20170 cand=2.40495 ndcg=0.00000 cql=0.00000 ctx=0.05203 pairs=307.3
[train-progress] epoch=5 [################--------] 600/900  66.7% loss=0.30038 jepa=0.28425 hard=0.78393 hard_red=0.02873 oracle=0.51441 rank=0.07668 value=0.30886 cand=2.41815 ndcg=0.00000 cql=0.00000 ctx=0.10118 pairs=312.6
[train-progress] epoch=12 [###########-------------] 425/900  47.2% loss=0.30387 jepa=0.33237 hard=0.70473 hard_red=0.02733 oracle=0.48435 rank=0.06183 value=0.20217 cand=2.39848 ndcg=0.00000 cql=0.00000 ctx=0.05181 pairs=307.2
[train-progress] epoch=5 [#######-----------------] 275/900  30.6% loss=0.33510 jepa=0.28526 hard=0.75390 hard_red=0.02838 oracle=0.51186 rank=0.07935 value=0.30998 cand=2.39851 ndcg=0.00000 cql=0.00000 ctx=0.10069 pairs=314.5
[train-progress] epoch=5 [################--------] 625/900  69.4% loss=0.29465 jepa=0.28329 hard=0.78743 hard_red=0.02824 oracle=0.51406 rank=0.07648 value=0.30709 cand=2.41799 ndcg=0.00000 cql=0.00000 ctx=0.10078 pairs=312.7
[train-progress] epoch=12 [############------------] 450/900  50.0% loss=0.30037 jepa=0.33028 hard=0.70004 hard_red=0.02637 oracle=0.48440 rank=0.06175 value=0.20153 cand=2.39930 ndcg=0.00000 cql=0.00000 ctx=0.05174 pairs=307.3
[train-progress] epoch=5 [########----------------] 300/900  33.3% loss=0.32000 jepa=0.28308 hard=0.74995 hard_red=0.02721 oracle=0.51305 rank=0.07911 value=0.30984 cand=2.40648 ndcg=0.00000 cql=0.00000 ctx=0.10014 pairs=313.8
[train-progress] epoch=5 [#################-------] 650/900  72.2% loss=0.28878 jepa=0.28190 hard=0.79041 hard_red=0.02765 oracle=0.51385 rank=0.07618 value=0.30534 cand=2.41930 ndcg=0.00000 cql=0.00000 ctx=0.10001 pairs=312.9
[train-progress] epoch=12 [############------------] 475/900  52.8% loss=0.30185 jepa=0.33045 hard=0.70063 hard_red=0.02706 oracle=0.48551 rank=0.06211 value=0.20096 cand=2.40489 ndcg=0.00000 cql=0.00000 ctx=0.05179 pairs=306.7
[train-progress] epoch=5 [########----------------] 325/900  36.1% loss=0.30846 jepa=0.28146 hard=0.75959 hard_red=0.02659 oracle=0.51497 rank=0.07977 value=0.30706 cand=2.41718 ndcg=0.00000 cql=0.00000 ctx=0.10001 pairs=313.8
[train-progress] epoch=5 [##################------] 675/900  75.0% loss=0.28695 jepa=0.28139 hard=0.78502 hard_red=0.02740 oracle=0.51440 rank=0.07632 value=0.30343 cand=2.42363 ndcg=0.00000 cql=0.00000 ctx=0.09948 pairs=312.5
[train-progress] epoch=12 [#############-----------] 500/900  55.6% loss=0.30429 jepa=0.33081 hard=0.69750 hard_red=0.02706 oracle=0.48587 rank=0.06216 value=0.20249 cand=2.40571 ndcg=0.00000 cql=0.00000 ctx=0.05207 pairs=307.0
[train-progress] epoch=5 [#########---------------] 350/900  38.9% loss=0.31013 jepa=0.28503 hard=0.76506 hard_red=0.02771 oracle=0.51419 rank=0.07928 value=0.30622 cand=2.41506 ndcg=0.00000 cql=0.00000 ctx=0.09941 pairs=313.0
[train-progress] epoch=5 [##################------] 700/900  77.8% loss=0.28894 jepa=0.28169 hard=0.78688 hard_red=0.02739 oracle=0.51432 rank=0.07612 value=0.30345 cand=2.42418 ndcg=0.00000 cql=0.00000 ctx=0.09908 pairs=311.7
[train-progress] epoch=12 [##############----------] 525/900  58.3% loss=0.30995 jepa=0.33203 hard=0.69669 hard_red=0.02771 oracle=0.48589 rank=0.06229 value=0.20236 cand=2.40540 ndcg=0.00000 cql=0.00000 ctx=0.05224 pairs=307.8
[train-progress] epoch=5 [##########--------------] 375/900  41.7% loss=0.30850 jepa=0.28376 hard=0.77229 hard_red=0.02792 oracle=0.51253 rank=0.07944 value=0.30573 cand=2.40562 ndcg=0.00000 cql=0.00000 ctx=0.09948 pairs=313.0
[train-progress] epoch=5 [###################-----] 725/900  80.6% loss=0.28409 jepa=0.28106 hard=0.79075 hard_red=0.02690 oracle=0.51334 rank=0.07600 value=0.30181 cand=2.42031 ndcg=0.00000 cql=0.00000 ctx=0.09864 pairs=312.0
[train-progress] epoch=12 [##############----------] 550/900  61.1% loss=0.30768 jepa=0.33066 hard=0.69833 hard_red=0.02730 oracle=0.48613 rank=0.06215 value=0.20204 cand=2.40732 ndcg=0.00000 cql=0.00000 ctx=0.05214 pairs=307.7
[train-progress] epoch=5 [####################----] 750/900  83.3% loss=0.28694 jepa=0.28177 hard=0.79094 hard_red=0.02679 oracle=0.51308 rank=0.07566 value=0.30131 cand=2.42016 ndcg=0.00000 cql=0.00000 ctx=0.09839 pairs=312.0
[train-progress] epoch=5 [##########--------------] 400/900  44.4% loss=0.30978 jepa=0.28451 hard=0.76877 hard_red=0.02789 oracle=0.51347 rank=0.07980 value=0.30747 cand=2.40861 ndcg=0.00000 cql=0.00000 ctx=0.10000 pairs=313.7
[train-progress] epoch=12 [###############---------] 575/900  63.9% loss=0.30639 jepa=0.32988 hard=0.69329 hard_red=0.02733 oracle=0.48476 rank=0.06184 value=0.20178 cand=2.40093 ndcg=0.00000 cql=0.00000 ctx=0.05182 pairs=308.1
[train-progress] epoch=12 [################--------] 600/900  66.7% loss=0.30289 jepa=0.32999 hard=0.69104 hard_red=0.02728 oracle=0.48425 rank=0.06177 value=0.20244 cand=2.39798 ndcg=0.00000 cql=0.00000 ctx=0.05179 pairs=307.6
[train-progress] epoch=5 [####################----] 775/900  86.1% loss=0.28613 jepa=0.28142 hard=0.79059 hard_red=0.02726 oracle=0.51265 rank=0.07575 value=0.30062 cand=2.41827 ndcg=0.00000 cql=0.00000 ctx=0.09812 pairs=312.3
[train-progress] epoch=5 [###########-------------] 425/900  47.2% loss=0.31569 jepa=0.28747 hard=0.75892 hard_red=0.02810 oracle=0.51450 rank=0.07959 value=0.30865 cand=2.41407 ndcg=0.00000 cql=0.00000 ctx=0.10014 pairs=313.9
[train-progress] epoch=12 [################--------] 625/900  69.4% loss=0.30222 jepa=0.33027 hard=0.69097 hard_red=0.02753 oracle=0.48348 rank=0.06172 value=0.20209 cand=2.39437 ndcg=0.00000 cql=0.00000 ctx=0.05151 pairs=307.6
[train-progress] epoch=5 [#####################---] 800/900  88.9% loss=0.28462 jepa=0.28132 hard=0.79449 hard_red=0.02724 oracle=0.51294 rank=0.07606 value=0.30186 cand=2.41883 ndcg=0.00000 cql=0.00000 ctx=0.09801 pairs=312.1
[train-progress] epoch=5 [############------------] 450/900  50.0% loss=0.31520 jepa=0.28789 hard=0.75823 hard_red=0.02840 oracle=0.51522 rank=0.07950 value=0.30634 cand=2.41917 ndcg=0.00000 cql=0.00000 ctx=0.10020 pairs=313.0
[train-progress] epoch=12 [#################-------] 650/900  72.2% loss=0.30913 jepa=0.33036 hard=0.68427 hard_red=0.02726 oracle=0.48225 rank=0.06131 value=0.20175 cand=2.38891 ndcg=0.00000 cql=0.00000 ctx=0.05123 pairs=307.7
[train-progress] epoch=5 [######################--] 825/900  91.7% loss=0.28507 jepa=0.28125 hard=0.79334 hard_red=0.02721 oracle=0.51304 rank=0.07612 value=0.30173 cand=2.41905 ndcg=0.00000 cql=0.00000 ctx=0.09820 pairs=312.2
[train-progress] epoch=5 [############------------] 475/900  52.8% loss=0.31083 jepa=0.28686 hard=0.75782 hard_red=0.02894 oracle=0.51557 rank=0.07950 value=0.30631 cand=2.42087 ndcg=0.00000 cql=0.00000 ctx=0.10038 pairs=313.5
[train-progress] epoch=12 [##################------] 675/900  75.0% loss=0.30506 jepa=0.32927 hard=0.68242 hard_red=0.02681 oracle=0.48131 rank=0.06107 value=0.20272 cand=2.38358 ndcg=0.00000 cql=0.00000 ctx=0.05136 pairs=308.0
[train-progress] epoch=5 [######################--] 850/900  94.4% loss=0.28333 jepa=0.28055 hard=0.79460 hard_red=0.02692 oracle=0.51295 rank=0.07616 value=0.30081 cand=2.41888 ndcg=0.00000 cql=0.00000 ctx=0.09818 pairs=311.8
[train-progress] epoch=5 [#############-----------] 500/900  55.6% loss=0.31130 jepa=0.28625 hard=0.75689 hard_red=0.02831 oracle=0.51500 rank=0.07908 value=0.30638 cand=2.41904 ndcg=0.00000 cql=0.00000 ctx=0.10005 pairs=313.6
[train-progress] epoch=12 [##################------] 700/900  77.8% loss=0.30443 jepa=0.32966 hard=0.68194 hard_red=0.02696 oracle=0.48187 rank=0.06124 value=0.20336 cand=2.38557 ndcg=0.00000 cql=0.00000 ctx=0.05173 pairs=308.3
[train-progress] epoch=5 [#######################-] 875/900  97.2% loss=0.28137 jepa=0.28038 hard=0.79481 hard_red=0.02714 oracle=0.51328 rank=0.07641 value=0.30082 cand=2.42008 ndcg=0.00000 cql=0.00000 ctx=0.09827 pairs=312.1
[train-progress] epoch=12 [###################-----] 725/900  80.6% loss=0.30183 jepa=0.32953 hard=0.68009 hard_red=0.02674 oracle=0.48196 rank=0.06141 value=0.20274 cand=2.38596 ndcg=0.00000 cql=0.00000 ctx=0.05175 pairs=307.7
[train-progress] epoch=5 [##############----------] 525/900  58.3% loss=0.30754 jepa=0.28548 hard=0.75499 hard_red=0.02820 oracle=0.51526 rank=0.07896 value=0.30626 cand=2.42144 ndcg=0.00000 cql=0.00000 ctx=0.09957 pairs=313.8
[train-progress] epoch=5 [########################] 900/900 100.0% loss=0.28492 jepa=0.28083 hard=0.79256 hard_red=0.02725 oracle=0.51327 rank=0.07644 value=0.30078 cand=2.42009 ndcg=0.00000 cql=0.00000 ctx=0.09815 pairs=312.9
[train-progress] epoch=12 [####################----] 750/900  83.3% loss=0.30079 jepa=0.32919 hard=0.68087 hard_red=0.02639 oracle=0.48281 rank=0.06149 value=0.20362 cand=2.38965 ndcg=0.00000 cql=0.00000 ctx=0.05205 pairs=308.0
[train-progress] epoch=5 [##############----------] 550/900  61.1% loss=0.30254 jepa=0.28454 hard=0.75712 hard_red=0.02874 oracle=0.51430 rank=0.07891 value=0.30656 cand=2.41618 ndcg=0.00000 cql=0.00000 ctx=0.09951 pairs=313.9
[train-progress] epoch=12 [####################----] 775/900  86.1% loss=0.30321 jepa=0.32862 hard=0.68112 hard_red=0.02634 oracle=0.48320 rank=0.06166 value=0.20377 cand=2.39174 ndcg=0.00000 cql=0.00000 ctx=0.05182 pairs=307.7
[train-progress] epoch=5 [###############---------] 575/900  63.9% loss=0.29782 jepa=0.28368 hard=0.76255 hard_red=0.02867 oracle=0.51356 rank=0.07869 value=0.30515 cand=2.41395 ndcg=0.00000 cql=0.00000 ctx=0.09894 pairs=313.6
[train-progress] epoch=12 [#####################---] 800/900  88.9% loss=0.30162 jepa=0.32823 hard=0.67744 hard_red=0.02610 oracle=0.48392 rank=0.06171 value=0.20306 cand=2.39613 ndcg=0.00000 cql=0.00000 ctx=0.05168 pairs=307.3
[train-progress] epoch=5 [################--------] 600/900  66.7% loss=0.29627 jepa=0.28396 hard=0.76117 hard_red=0.02871 oracle=0.51367 rank=0.07837 value=0.30367 cand=2.41643 ndcg=0.00000 cql=0.00000 ctx=0.09854 pairs=312.6
[train-progress] epoch=12 [######################--] 825/900  91.7% loss=0.29958 jepa=0.32803 hard=0.68154 hard_red=0.02605 oracle=0.48378 rank=0.06184 value=0.20235 cand=2.39553 ndcg=0.00000 cql=0.00000 ctx=0.05161 pairs=308.0
[train-progress] epoch=5 [################--------] 625/900  69.4% loss=0.29057 jepa=0.28277 hard=0.76497 hard_red=0.02817 oracle=0.51332 rank=0.07814 value=0.30210 cand=2.41634 ndcg=0.00000 cql=0.00000 ctx=0.09807 pairs=312.7
[train-progress] epoch=12 [######################--] 850/900  94.4% loss=0.29591 jepa=0.32678 hard=0.67999 hard_red=0.02568 oracle=0.48394 rank=0.06179 value=0.20205 cand=2.39663 ndcg=0.00000 cql=0.00000 ctx=0.05162 pairs=307.7
[train-progress] epoch=5 [#################-------] 650/900  72.2% loss=0.28504 jepa=0.28154 hard=0.76818 hard_red=0.02766 oracle=0.51330 rank=0.07793 value=0.30120 cand=2.41781 ndcg=0.00000 cql=0.00000 ctx=0.09754 pairs=312.9
[train] epoch=5 horizon=3 train_loss=0.284924 val_loss=0.109218 train_steps=900
[train-progress] epoch=6 [------------------------] 1/900   0.1% loss=0.10483 jepa=0.30124 hard=0.74438 hard_red=0.00098 oracle=0.44987 rank=0.06824 value=0.19892 cand=2.14927 ndcg=0.00000 cql=0.00000 ctx=0.08462 pairs=212.0
[train-progress] epoch=12 [#######################-] 875/900  97.2% loss=0.29743 jepa=0.32606 hard=0.67857 hard_red=0.02567 oracle=0.48395 rank=0.06183 value=0.20168 cand=2.39705 ndcg=0.00000 cql=0.00000 ctx=0.05143 pairs=307.6
[train-progress] epoch=5 [##################------] 675/900  75.0% loss=0.28384 jepa=0.28122 hard=0.76281 hard_red=0.02738 oracle=0.51399 rank=0.07804 value=0.29976 cand=2.42255 ndcg=0.00000 cql=0.00000 ctx=0.09719 pairs=312.5
[train-progress] epoch=6 [------------------------] 25/900   2.8% loss=0.52558 jepa=0.35161 hard=0.71154 hard_red=0.02521 oracle=0.51111 rank=0.07408 value=0.26684 cand=2.43849 ndcg=0.00000 cql=0.00000 ctx=0.09072 pairs=316.0
[train-progress] epoch=12 [########################] 900/900 100.0% loss=0.30253 jepa=0.32835 hard=0.67691 hard_red=0.02614 oracle=0.48408 rank=0.06175 value=0.20205 cand=2.39773 ndcg=0.00000 cql=0.00000 ctx=0.05146 pairs=307.6
[train] epoch=12 horizon=5 train_loss=0.302534 val_loss=0.122507 train_steps=900
[2026-07-07T03:56:26+08:00] done name=q_rank_v5_context_safe run_dir=runs/planner_aligned_q_rank_v5_context_safe
[train-progress] epoch=5 [##################------] 700/900  77.8% loss=0.28673 jepa=0.28220 hard=0.76500 hard_red=0.02743 oracle=0.51390 rank=0.07779 value=0.29957 cand=2.42306 ndcg=0.00000 cql=0.00000 ctx=0.09689 pairs=311.7
[train-progress] epoch=6 [#-----------------------] 50/900   5.6% loss=0.41801 jepa=0.32058 hard=0.77102 hard_red=0.02436 oracle=0.50175 rank=0.07246 value=0.27657 cand=2.38918 ndcg=0.00000 cql=0.00000 ctx=0.08816 pairs=319.5
[train-progress] epoch=5 [###################-----] 725/900  80.6% loss=0.28205 jepa=0.28164 hard=0.76740 hard_red=0.02698 oracle=0.51300 rank=0.07745 value=0.29854 cand=2.41999 ndcg=0.00000 cql=0.00000 ctx=0.09636 pairs=312.0
[train-progress] epoch=6 [##----------------------] 75/900   8.3% loss=0.34615 jepa=0.32277 hard=0.76918 hard_red=0.02113 oracle=0.50062 rank=0.07060 value=0.27726 cand=2.39282 ndcg=0.00000 cql=0.00000 ctx=0.08360 pairs=313.9
[train-progress] epoch=6 [##----------------------] 100/900  11.1% loss=0.30821 jepa=0.31145 hard=0.80442 hard_red=0.02118 oracle=0.50089 rank=0.07148 value=0.27115 cand=2.39444 ndcg=0.00000 cql=0.00000 ctx=0.08416 pairs=312.4
[train-progress] epoch=5 [####################----] 750/900  83.3% loss=0.28569 jepa=0.28170 hard=0.76721 hard_red=0.02684 oracle=0.51272 rank=0.07718 value=0.29830 cand=2.41949 ndcg=0.00000 cql=0.00000 ctx=0.09606 pairs=312.0
[train-progress] epoch=6 [###---------------------] 125/900  13.9% loss=0.29804 jepa=0.31395 hard=0.82643 hard_red=0.02481 oracle=0.50297 rank=0.07068 value=0.26780 cand=2.40973 ndcg=0.00000 cql=0.00000 ctx=0.08373 pairs=309.1
[train-progress] epoch=5 [####################----] 775/900  86.1% loss=0.28482 jepa=0.28123 hard=0.76721 hard_red=0.02733 oracle=0.51224 rank=0.07708 value=0.29802 cand=2.41751 ndcg=0.00000 cql=0.00000 ctx=0.09583 pairs=312.3
[train-progress] epoch=6 [####--------------------] 150/900  16.7% loss=0.29800 jepa=0.31476 hard=0.81627 hard_red=0.02506 oracle=0.50537 rank=0.07046 value=0.26848 cand=2.42288 ndcg=0.00000 cql=0.00000 ctx=0.08401 pairs=306.8
[train-progress] epoch=5 [#####################---] 800/900  88.9% loss=0.28385 jepa=0.28091 hard=0.77301 hard_red=0.02734 oracle=0.51232 rank=0.07712 value=0.29855 cand=2.41794 ndcg=0.00000 cql=0.00000 ctx=0.09560 pairs=312.1
[train-progress] epoch=6 [####--------------------] 175/900  19.4% loss=0.28296 jepa=0.30911 hard=0.82536 hard_red=0.02467 oracle=0.50519 rank=0.07144 value=0.26983 cand=2.41865 ndcg=0.00000 cql=0.00000 ctx=0.08440 pairs=307.1
[train-progress] epoch=5 [######################--] 825/900  91.7% loss=0.28506 jepa=0.28124 hard=0.77311 hard_red=0.02735 oracle=0.51217 rank=0.07702 value=0.29738 cand=2.41797 ndcg=0.00000 cql=0.00000 ctx=0.09552 pairs=312.2
[train-progress] epoch=6 [#####-------------------] 200/900  22.2% loss=0.27996 jepa=0.31054 hard=0.82402 hard_red=0.02526 oracle=0.50317 rank=0.07101 value=0.26797 cand=2.40999 ndcg=0.00000 cql=0.00000 ctx=0.08380 pairs=308.9
[train-progress] epoch=5 [######################--] 850/900  94.4% loss=0.28322 jepa=0.28044 hard=0.77380 hard_red=0.02705 oracle=0.51210 rank=0.07705 value=0.29695 cand=2.41796 ndcg=0.00000 cql=0.00000 ctx=0.09535 pairs=311.8
[train-progress] epoch=6 [######------------------] 225/900  25.0% loss=0.27408 jepa=0.30734 hard=0.83167 hard_red=0.02441 oracle=0.50346 rank=0.07142 value=0.26873 cand=2.41125 ndcg=0.00000 cql=0.00000 ctx=0.08317 pairs=307.5
[train-progress] epoch=5 [#######################-] 875/900  97.2% loss=0.28267 jepa=0.28082 hard=0.77390 hard_red=0.02727 oracle=0.51229 rank=0.07715 value=0.29633 cand=2.41895 ndcg=0.00000 cql=0.00000 ctx=0.09542 pairs=312.1
[train-progress] epoch=6 [######------------------] 250/900  27.8% loss=0.26907 jepa=0.30658 hard=0.83075 hard_red=0.02504 oracle=0.50619 rank=0.07188 value=0.26582 cand=2.42641 ndcg=0.00000 cql=0.00000 ctx=0.08344 pairs=306.9
[train-progress] epoch=5 [########################] 900/900 100.0% loss=0.28632 jepa=0.28096 hard=0.77187 hard_red=0.02728 oracle=0.51220 rank=0.07703 value=0.29681 cand=2.41887 ndcg=0.00000 cql=0.00000 ctx=0.09515 pairs=312.9
[train-progress] epoch=6 [#######-----------------] 275/900  30.6% loss=0.27218 jepa=0.30656 hard=0.82296 hard_red=0.02513 oracle=0.50537 rank=0.07172 value=0.26843 cand=2.42043 ndcg=0.00000 cql=0.00000 ctx=0.08385 pairs=308.4
[train-progress] epoch=6 [########----------------] 300/900  33.3% loss=0.26644 jepa=0.30497 hard=0.81452 hard_red=0.02446 oracle=0.50661 rank=0.07261 value=0.26561 cand=2.42627 ndcg=0.00000 cql=0.00000 ctx=0.08417 pairs=309.4
[train-progress] epoch=6 [########----------------] 325/900  36.1% loss=0.29049 jepa=0.30596 hard=0.81303 hard_red=0.02472 oracle=0.50549 rank=0.07190 value=0.26247 cand=2.42418 ndcg=0.00000 cql=0.00000 ctx=0.08326 pairs=309.2
[train-progress] epoch=6 [#########---------------] 350/900  38.9% loss=0.28178 jepa=0.30435 hard=0.81338 hard_red=0.02435 oracle=0.50447 rank=0.07164 value=0.26375 cand=2.41844 ndcg=0.00000 cql=0.00000 ctx=0.08332 pairs=309.4
[train-progress] epoch=6 [##########--------------] 375/900  41.7% loss=0.28347 jepa=0.30619 hard=0.81666 hard_red=0.02492 oracle=0.50579 rank=0.07236 value=0.26401 cand=2.42430 ndcg=0.00000 cql=0.00000 ctx=0.08319 pairs=309.4
[train-progress] epoch=6 [##########--------------] 400/900  44.4% loss=0.27680 jepa=0.30531 hard=0.81562 hard_red=0.02397 oracle=0.50539 rank=0.07276 value=0.26298 cand=2.42180 ndcg=0.00000 cql=0.00000 ctx=0.08312 pairs=308.9
[train] epoch=5 horizon=3 train_loss=0.286320 val_loss=0.105073 train_steps=900
[train-progress] epoch=6 [------------------------] 1/900   0.1% loss=0.09256 jepa=0.27129 hard=0.58813 hard_red=0.00063 oracle=0.44556 rank=0.05153 value=0.27749 cand=2.14934 ndcg=0.00000 cql=0.00000 ctx=0.06758 pairs=212.0
[train-progress] epoch=6 [###########-------------] 425/900  47.2% loss=0.28346 jepa=0.30745 hard=0.81318 hard_red=0.02455 oracle=0.50560 rank=0.07247 value=0.26322 cand=2.42363 ndcg=0.00000 cql=0.00000 ctx=0.08300 pairs=309.3
[train-progress] epoch=6 [------------------------] 25/900   2.8% loss=0.48953 jepa=0.34813 hard=0.67935 hard_red=0.02592 oracle=0.51274 rank=0.07538 value=0.27482 cand=2.44603 ndcg=0.00000 cql=0.00000 ctx=0.08732 pairs=316.0
[train-progress] epoch=6 [############------------] 450/900  50.0% loss=0.28009 jepa=0.30751 hard=0.81704 hard_red=0.02456 oracle=0.50588 rank=0.07239 value=0.26557 cand=2.42418 ndcg=0.00000 cql=0.00000 ctx=0.08309 pairs=310.8
[train-progress] epoch=6 [#-----------------------] 50/900   5.6% loss=0.39660 jepa=0.32054 hard=0.74746 hard_red=0.02377 oracle=0.50174 rank=0.07233 value=0.27282 cand=2.39713 ndcg=0.00000 cql=0.00000 ctx=0.08378 pairs=319.5
[train-progress] epoch=6 [############------------] 475/900  52.8% loss=0.27313 jepa=0.30627 hard=0.81761 hard_red=0.02497 oracle=0.50539 rank=0.07233 value=0.26568 cand=2.42138 ndcg=0.00000 cql=0.00000 ctx=0.08322 pairs=311.9
[train-progress] epoch=6 [##----------------------] 75/900   8.3% loss=0.33532 jepa=0.32870 hard=0.74735 hard_red=0.02049 oracle=0.50080 rank=0.07112 value=0.27588 cand=2.39650 ndcg=0.00000 cql=0.00000 ctx=0.08135 pairs=313.9
[train-progress] epoch=6 [#############-----------] 500/900  55.6% loss=0.27539 jepa=0.30840 hard=0.81845 hard_red=0.02518 oracle=0.50494 rank=0.07237 value=0.26617 cand=2.41874 ndcg=0.00000 cql=0.00000 ctx=0.08307 pairs=311.8
[train-progress] epoch=6 [##----------------------] 100/900  11.1% loss=0.30206 jepa=0.31832 hard=0.77181 hard_red=0.02120 oracle=0.50025 rank=0.07053 value=0.27459 cand=2.39648 ndcg=0.00000 cql=0.00000 ctx=0.08046 pairs=312.4
[train-progress] epoch=6 [##############----------] 525/900  58.3% loss=0.27644 jepa=0.30907 hard=0.81644 hard_red=0.02464 oracle=0.50413 rank=0.07222 value=0.26640 cand=2.41467 ndcg=0.00000 cql=0.00000 ctx=0.08295 pairs=312.0
[train-progress] epoch=6 [###---------------------] 125/900  13.9% loss=0.29370 jepa=0.31849 hard=0.79007 hard_red=0.02478 oracle=0.50281 rank=0.07059 value=0.27145 cand=2.41176 ndcg=0.00000 cql=0.00000 ctx=0.08063 pairs=309.1
[train-progress] epoch=6 [##############----------] 550/900  61.1% loss=0.27445 jepa=0.30840 hard=0.82033 hard_red=0.02446 oracle=0.50458 rank=0.07213 value=0.26608 cand=2.41764 ndcg=0.00000 cql=0.00000 ctx=0.08285 pairs=312.4
[train-progress] epoch=6 [####--------------------] 150/900  16.7% loss=0.29584 jepa=0.31745 hard=0.77989 hard_red=0.02503 oracle=0.50550 rank=0.07073 value=0.27020 cand=2.42613 ndcg=0.00000 cql=0.00000 ctx=0.08120 pairs=306.8
[train-progress] epoch=6 [###############---------] 575/900  63.9% loss=0.27824 jepa=0.31085 hard=0.81745 hard_red=0.02477 oracle=0.50470 rank=0.07208 value=0.26666 cand=2.41833 ndcg=0.00000 cql=0.00000 ctx=0.08272 pairs=311.7
[train-progress] epoch=6 [####--------------------] 175/900  19.4% loss=0.27764 jepa=0.31243 hard=0.78880 hard_red=0.02466 oracle=0.50485 rank=0.07181 value=0.26950 cand=2.41998 ndcg=0.00000 cql=0.00000 ctx=0.08164 pairs=307.1
[train-progress] epoch=6 [################--------] 600/900  66.7% loss=0.27362 jepa=0.31078 hard=0.81714 hard_red=0.02458 oracle=0.50413 rank=0.07210 value=0.26616 cand=2.41556 ndcg=0.00000 cql=0.00000 ctx=0.08255 pairs=311.0
[train-progress] epoch=6 [#####-------------------] 200/900  22.2% loss=0.27234 jepa=0.31318 hard=0.78893 hard_red=0.02507 oracle=0.50291 rank=0.07149 value=0.26769 cand=2.41133 ndcg=0.00000 cql=0.00000 ctx=0.08117 pairs=308.9
[train-progress] epoch=6 [################--------] 625/900  69.4% loss=0.27236 jepa=0.31080 hard=0.82048 hard_red=0.02464 oracle=0.50399 rank=0.07225 value=0.26622 cand=2.41439 ndcg=0.00000 cql=0.00000 ctx=0.08259 pairs=311.3
[train-progress] epoch=6 [######------------------] 225/900  25.0% loss=0.26780 jepa=0.31103 hard=0.79446 hard_red=0.02413 oracle=0.50249 rank=0.07144 value=0.26700 cand=2.41042 ndcg=0.00000 cql=0.00000 ctx=0.08043 pairs=307.5
[train-progress] epoch=6 [#################-------] 650/900  72.2% loss=0.27392 jepa=0.31034 hard=0.82138 hard_red=0.02441 oracle=0.50391 rank=0.07227 value=0.26590 cand=2.41393 ndcg=0.00000 cql=0.00000 ctx=0.08268 pairs=311.6
[train-progress] epoch=6 [######------------------] 250/900  27.8% loss=0.26409 jepa=0.31034 hard=0.79635 hard_red=0.02472 oracle=0.50498 rank=0.07171 value=0.26337 cand=2.42532 ndcg=0.00000 cql=0.00000 ctx=0.08043 pairs=306.9
[train-progress] epoch=6 [##################------] 675/900  75.0% loss=0.27275 jepa=0.31010 hard=0.81997 hard_red=0.02480 oracle=0.50323 rank=0.07227 value=0.26737 cand=2.40960 ndcg=0.00000 cql=0.00000 ctx=0.08260 pairs=312.2
[train-progress] epoch=6 [#######-----------------] 275/900  30.6% loss=0.26783 jepa=0.31181 hard=0.79067 hard_red=0.02480 oracle=0.50412 rank=0.07192 value=0.26411 cand=2.41954 ndcg=0.00000 cql=0.00000 ctx=0.08058 pairs=308.4
[train-progress] epoch=6 [##################------] 700/900  77.8% loss=0.27021 jepa=0.30937 hard=0.81710 hard_red=0.02462 oracle=0.50293 rank=0.07213 value=0.26632 cand=2.40913 ndcg=0.00000 cql=0.00000 ctx=0.08227 pairs=312.3
[train-progress] epoch=6 [###################-----] 725/900  80.6% loss=0.27050 jepa=0.30976 hard=0.81778 hard_red=0.02457 oracle=0.50316 rank=0.07204 value=0.26639 cand=2.41064 ndcg=0.00000 cql=0.00000 ctx=0.08221 pairs=312.2
[train-progress] epoch=6 [########----------------] 300/900  33.3% loss=0.26164 jepa=0.30939 hard=0.78129 hard_red=0.02431 oracle=0.50587 rank=0.07331 value=0.26104 cand=2.42602 ndcg=0.00000 cql=0.00000 ctx=0.08178 pairs=309.4
[train-progress] epoch=6 [####################----] 750/900  83.3% loss=0.27092 jepa=0.31018 hard=0.81054 hard_red=0.02440 oracle=0.50306 rank=0.07197 value=0.26675 cand=2.41023 ndcg=0.00000 cql=0.00000 ctx=0.08214 pairs=312.9
[train-progress] epoch=6 [########----------------] 325/900  36.1% loss=0.28773 jepa=0.31105 hard=0.78109 hard_red=0.02471 oracle=0.50458 rank=0.07260 value=0.25726 cand=2.42305 ndcg=0.00000 cql=0.00000 ctx=0.08104 pairs=309.2
[train-progress] epoch=6 [####################----] 775/900  86.1% loss=0.26907 jepa=0.30994 hard=0.80857 hard_red=0.02433 oracle=0.50320 rank=0.07171 value=0.26532 cand=2.41276 ndcg=0.00000 cql=0.00000 ctx=0.08169 pairs=313.0
[train-progress] epoch=6 [#########---------------] 350/900  38.9% loss=0.27878 jepa=0.30897 hard=0.78122 hard_red=0.02442 oracle=0.50316 rank=0.07201 value=0.25817 cand=2.41669 ndcg=0.00000 cql=0.00000 ctx=0.08055 pairs=309.4
[train-progress] epoch=6 [#####################---] 800/900  88.9% loss=0.27422 jepa=0.30968 hard=0.80807 hard_red=0.02413 oracle=0.50327 rank=0.07160 value=0.26507 cand=2.41379 ndcg=0.00000 cql=0.00000 ctx=0.08148 pairs=312.8
[train-progress] epoch=6 [##########--------------] 375/900  41.7% loss=0.28295 jepa=0.31156 hard=0.78375 hard_red=0.02504 oracle=0.50429 rank=0.07266 value=0.25905 cand=2.42148 ndcg=0.00000 cql=0.00000 ctx=0.08038 pairs=309.4
[train-progress] epoch=6 [######################--] 825/900  91.7% loss=0.27308 jepa=0.30941 hard=0.80574 hard_red=0.02429 oracle=0.50346 rank=0.07155 value=0.26540 cand=2.41511 ndcg=0.00000 cql=0.00000 ctx=0.08128 pairs=312.8
[train-progress] epoch=6 [##########--------------] 400/900  44.4% loss=0.27470 jepa=0.31043 hard=0.78166 hard_red=0.02402 oracle=0.50402 rank=0.07287 value=0.25883 cand=2.41944 ndcg=0.00000 cql=0.00000 ctx=0.08049 pairs=308.9
[train-progress] epoch=6 [######################--] 850/900  94.4% loss=0.27078 jepa=0.30876 hard=0.80367 hard_red=0.02406 oracle=0.50326 rank=0.07157 value=0.26460 cand=2.41471 ndcg=0.00000 cql=0.00000 ctx=0.08099 pairs=312.7
[train-progress] epoch=6 [###########-------------] 425/900  47.2% loss=0.27925 jepa=0.31233 hard=0.77984 hard_red=0.02462 oracle=0.50413 rank=0.07277 value=0.25825 cand=2.42099 ndcg=0.00000 cql=0.00000 ctx=0.08017 pairs=309.3
[train-progress] epoch=6 [#######################-] 875/900  97.2% loss=0.27820 jepa=0.31208 hard=0.80183 hard_red=0.02407 oracle=0.50353 rank=0.07172 value=0.26366 cand=2.41641 ndcg=0.00000 cql=0.00000 ctx=0.08095 pairs=312.3
[train-progress] epoch=6 [############------------] 450/900  50.0% loss=0.27717 jepa=0.31284 hard=0.78488 hard_red=0.02469 oracle=0.50441 rank=0.07262 value=0.26001 cand=2.42218 ndcg=0.00000 cql=0.00000 ctx=0.08008 pairs=310.8
[train-progress] epoch=6 [########################] 900/900 100.0% loss=0.27597 jepa=0.31154 hard=0.80004 hard_red=0.02401 oracle=0.50410 rank=0.07198 value=0.26296 cand=2.41948 ndcg=0.00000 cql=0.00000 ctx=0.08084 pairs=312.1
[train-progress] epoch=6 [############------------] 475/900  52.8% loss=0.27081 jepa=0.31133 hard=0.78508 hard_red=0.02508 oracle=0.50381 rank=0.07228 value=0.26050 cand=2.41940 ndcg=0.00000 cql=0.00000 ctx=0.08003 pairs=311.9
[train-progress] epoch=6 [#############-----------] 500/900  55.6% loss=0.27121 jepa=0.31208 hard=0.78520 hard_red=0.02517 oracle=0.50343 rank=0.07213 value=0.26076 cand=2.41747 ndcg=0.00000 cql=0.00000 ctx=0.08006 pairs=311.8
[train-progress] epoch=6 [##############----------] 525/900  58.3% loss=0.27212 jepa=0.31226 hard=0.78346 hard_red=0.02454 oracle=0.50281 rank=0.07208 value=0.26110 cand=2.41406 ndcg=0.00000 cql=0.00000 ctx=0.07999 pairs=312.0
[train-progress] epoch=6 [##############----------] 550/900  61.1% loss=0.27080 jepa=0.31216 hard=0.78571 hard_red=0.02435 oracle=0.50344 rank=0.07226 value=0.26091 cand=2.41697 ndcg=0.00000 cql=0.00000 ctx=0.08019 pairs=312.4
[train-progress] epoch=6 [###############---------] 575/900  63.9% loss=0.27555 jepa=0.31423 hard=0.78345 hard_red=0.02474 oracle=0.50366 rank=0.07225 value=0.26183 cand=2.41806 ndcg=0.00000 cql=0.00000 ctx=0.08003 pairs=311.7
[train-progress] epoch=6 [################--------] 600/900  66.7% loss=0.27114 jepa=0.31425 hard=0.78150 hard_red=0.02456 oracle=0.50324 rank=0.07237 value=0.26229 cand=2.41525 ndcg=0.00000 cql=0.00000 ctx=0.08003 pairs=311.0
[train] epoch=6 horizon=4 train_loss=0.275969 val_loss=0.110887 train_steps=900
[train-progress] epoch=7 [------------------------] 1/900   0.1% loss=0.19481 jepa=0.29972 hard=0.93637 hard_red=0.03715 oracle=0.49793 rank=0.05766 value=0.19512 cand=2.50051 ndcg=0.00000 cql=0.00000 ctx=0.04127 pairs=277.0
[train-progress] epoch=7 [------------------------] 25/900   2.8% loss=0.32759 jepa=0.30296 hard=0.78994 hard_red=0.02372 oracle=0.48134 rank=0.06329 value=0.28112 cand=2.31185 ndcg=0.00000 cql=0.00000 ctx=0.07468 pairs=314.1
[train-progress] epoch=6 [################--------] 625/900  69.4% loss=0.26882 jepa=0.31399 hard=0.78730 hard_red=0.02453 oracle=0.50322 rank=0.07247 value=0.26314 cand=2.41417 ndcg=0.00000 cql=0.00000 ctx=0.08030 pairs=311.3
[train-progress] epoch=7 [#-----------------------] 50/900   5.6% loss=0.41130 jepa=0.31810 hard=0.82886 hard_red=0.03015 oracle=0.49822 rank=0.06799 value=0.26567 cand=2.39823 ndcg=0.00000 cql=0.00000 ctx=0.07777 pairs=313.6
[train-progress] epoch=6 [#################-------] 650/900  72.2% loss=0.27021 jepa=0.31327 hard=0.78803 hard_red=0.02436 oracle=0.50325 rank=0.07257 value=0.26264 cand=2.41410 ndcg=0.00000 cql=0.00000 ctx=0.08052 pairs=311.6
[train-progress] epoch=7 [##----------------------] 75/900   8.3% loss=0.38506 jepa=0.32435 hard=0.81342 hard_red=0.02644 oracle=0.50652 rank=0.07340 value=0.27843 cand=2.42369 ndcg=0.00000 cql=0.00000 ctx=0.08034 pairs=317.0
[train-progress] epoch=6 [##################------] 675/900  75.0% loss=0.26984 jepa=0.31294 hard=0.78519 hard_red=0.02479 oracle=0.50255 rank=0.07262 value=0.26349 cand=2.40998 ndcg=0.00000 cql=0.00000 ctx=0.08032 pairs=312.2
[train-progress] epoch=7 [##----------------------] 100/900  11.1% loss=0.36559 jepa=0.32022 hard=0.82265 hard_red=0.02561 oracle=0.50313 rank=0.07407 value=0.27846 cand=2.40394 ndcg=0.00000 cql=0.00000 ctx=0.07998 pairs=315.9
[train-progress] epoch=6 [##################------] 700/900  77.8% loss=0.26683 jepa=0.31197 hard=0.78112 hard_red=0.02457 oracle=0.50235 rank=0.07248 value=0.26264 cand=2.40986 ndcg=0.00000 cql=0.00000 ctx=0.08008 pairs=312.3
[train-progress] epoch=7 [###---------------------] 125/900  13.9% loss=0.36090 jepa=0.31979 hard=0.77664 hard_red=0.02345 oracle=0.50297 rank=0.07295 value=0.27387 cand=2.40907 ndcg=0.00000 cql=0.00000 ctx=0.07884 pairs=313.5
[train-progress] epoch=6 [###################-----] 725/900  80.6% loss=0.26754 jepa=0.31256 hard=0.78297 hard_red=0.02455 oracle=0.50277 rank=0.07253 value=0.26336 cand=2.41162 ndcg=0.00000 cql=0.00000 ctx=0.08018 pairs=312.2
[train-progress] epoch=7 [####--------------------] 150/900  16.7% loss=0.33127 jepa=0.31471 hard=0.77757 hard_red=0.02288 oracle=0.50729 rank=0.07363 value=0.26702 cand=2.43399 ndcg=0.00000 cql=0.00000 ctx=0.07930 pairs=310.7
[train-progress] epoch=6 [####################----] 750/900  83.3% loss=0.26911 jepa=0.31384 hard=0.77733 hard_red=0.02433 oracle=0.50293 rank=0.07252 value=0.26443 cand=2.41194 ndcg=0.00000 cql=0.00000 ctx=0.08028 pairs=312.9
[train-progress] epoch=7 [####--------------------] 175/900  19.4% loss=0.30737 jepa=0.30823 hard=0.78949 hard_red=0.02290 oracle=0.50870 rank=0.07417 value=0.25789 cand=2.44623 ndcg=0.00000 cql=0.00000 ctx=0.07825 pairs=309.0
[train-progress] epoch=6 [####################----] 775/900  86.1% loss=0.26733 jepa=0.31380 hard=0.77548 hard_red=0.02425 oracle=0.50315 rank=0.07230 value=0.26296 cand=2.41457 ndcg=0.00000 cql=0.00000 ctx=0.08007 pairs=313.0
[train-progress] epoch=7 [#####-------------------] 200/900  22.2% loss=0.30904 jepa=0.30482 hard=0.77595 hard_red=0.02188 oracle=0.50549 rank=0.07362 value=0.25659 cand=2.42989 ndcg=0.00000 cql=0.00000 ctx=0.07844 pairs=308.5
[train-progress] epoch=6 [#####################---] 800/900  88.9% loss=0.27319 jepa=0.31327 hard=0.77524 hard_red=0.02405 oracle=0.50329 rank=0.07231 value=0.26238 cand=2.41584 ndcg=0.00000 cql=0.00000 ctx=0.07989 pairs=312.8
[train-progress] epoch=7 [######------------------] 225/900  25.0% loss=0.29762 jepa=0.30361 hard=0.76421 hard_red=0.02094 oracle=0.50311 rank=0.07299 value=0.25874 cand=2.41754 ndcg=0.00000 cql=0.00000 ctx=0.07806 pairs=309.5
[train-progress] epoch=7 [######------------------] 250/900  27.8% loss=0.30957 jepa=0.30620 hard=0.75260 hard_red=0.02196 oracle=0.50175 rank=0.07268 value=0.25948 cand=2.41114 ndcg=0.00000 cql=0.00000 ctx=0.07746 pairs=309.1
[train-progress] epoch=6 [######################--] 825/900  91.7% loss=0.27169 jepa=0.31300 hard=0.77317 hard_red=0.02421 oracle=0.50347 rank=0.07218 value=0.26282 cand=2.41701 ndcg=0.00000 cql=0.00000 ctx=0.07983 pairs=312.8
[train-progress] epoch=7 [#######-----------------] 275/900  30.6% loss=0.30446 jepa=0.30692 hard=0.75164 hard_red=0.02206 oracle=0.50152 rank=0.07297 value=0.26033 cand=2.40873 ndcg=0.00000 cql=0.00000 ctx=0.07758 pairs=309.3
[train-progress] epoch=6 [######################--] 850/900  94.4% loss=0.26993 jepa=0.31259 hard=0.77173 hard_red=0.02400 oracle=0.50336 rank=0.07226 value=0.26190 cand=2.41682 ndcg=0.00000 cql=0.00000 ctx=0.07969 pairs=312.7
[train-progress] epoch=7 [########----------------] 300/900  33.3% loss=0.30354 jepa=0.30674 hard=0.74677 hard_red=0.02418 oracle=0.49974 rank=0.07241 value=0.25769 cand=2.40219 ndcg=0.00000 cql=0.00000 ctx=0.07688 pairs=308.3
[train-progress] epoch=6 [#######################-] 875/900  97.2% loss=0.27819 jepa=0.31716 hard=0.77070 hard_red=0.02406 oracle=0.50357 rank=0.07227 value=0.26099 cand=2.41853 ndcg=0.00000 cql=0.00000 ctx=0.07958 pairs=312.3
[train-progress] epoch=7 [########----------------] 325/900  36.1% loss=0.30419 jepa=0.30753 hard=0.73978 hard_red=0.02386 oracle=0.50097 rank=0.07223 value=0.25922 cand=2.40848 ndcg=0.00000 cql=0.00000 ctx=0.07703 pairs=307.5
[train-progress] epoch=6 [########################] 900/900 100.0% loss=0.27623 jepa=0.31657 hard=0.76874 hard_red=0.02398 oracle=0.50407 rank=0.07248 value=0.26018 cand=2.42141 ndcg=0.00000 cql=0.00000 ctx=0.07943 pairs=312.1
[train-progress] epoch=7 [#########---------------] 350/900  38.9% loss=0.33061 jepa=0.31091 hard=0.72677 hard_red=0.02401 oracle=0.50059 rank=0.07218 value=0.25895 cand=2.40580 ndcg=0.00000 cql=0.00000 ctx=0.07761 pairs=306.6
[train-progress] epoch=7 [##########--------------] 375/900  41.7% loss=0.33460 jepa=0.31249 hard=0.72897 hard_red=0.02414 oracle=0.50029 rank=0.07206 value=0.25557 cand=2.40648 ndcg=0.00000 cql=0.00000 ctx=0.07720 pairs=306.6
[train-progress] epoch=7 [##########--------------] 400/900  44.4% loss=0.32740 jepa=0.31125 hard=0.73133 hard_red=0.02477 oracle=0.49861 rank=0.07165 value=0.25752 cand=2.39739 ndcg=0.00000 cql=0.00000 ctx=0.07699 pairs=306.7
[train-progress] epoch=7 [###########-------------] 425/900  47.2% loss=0.32280 jepa=0.31126 hard=0.72827 hard_red=0.02511 oracle=0.49847 rank=0.07121 value=0.25729 cand=2.39840 ndcg=0.00000 cql=0.00000 ctx=0.07646 pairs=306.2
[train-progress] epoch=7 [############------------] 450/900  50.0% loss=0.31563 jepa=0.31039 hard=0.73196 hard_red=0.02494 oracle=0.49764 rank=0.07073 value=0.25613 cand=2.39604 ndcg=0.00000 cql=0.00000 ctx=0.07594 pairs=306.8
[train-progress] epoch=7 [############------------] 475/900  52.8% loss=0.30897 jepa=0.30991 hard=0.72624 hard_red=0.02437 oracle=0.49636 rank=0.07069 value=0.25716 cand=2.38825 ndcg=0.00000 cql=0.00000 ctx=0.07616 pairs=307.8
[train] epoch=6 horizon=4 train_loss=0.276228 val_loss=0.111447 train_steps=900
[train-progress] epoch=7 [------------------------] 1/900   0.1% loss=0.15547 jepa=0.27601 hard=1.05363 hard_red=0.05074 oracle=0.50439 rank=0.06326 value=0.16840 cand=2.50363 ndcg=0.00000 cql=0.00000 ctx=0.06490 pairs=277.0
[train-progress] epoch=7 [#############-----------] 500/900  55.6% loss=0.30499 jepa=0.30932 hard=0.72626 hard_red=0.02508 oracle=0.49695 rank=0.07056 value=0.25738 cand=2.39196 ndcg=0.00000 cql=0.00000 ctx=0.07600 pairs=307.0
[train-progress] epoch=7 [------------------------] 25/900   2.8% loss=0.32807 jepa=0.30341 hard=0.82274 hard_red=0.02408 oracle=0.47886 rank=0.06666 value=0.27403 cand=2.30408 ndcg=0.00000 cql=0.00000 ctx=0.06750 pairs=314.1
[train-progress] epoch=7 [##############----------] 525/900  58.3% loss=0.31358 jepa=0.30860 hard=0.73185 hard_red=0.02536 oracle=0.49675 rank=0.07024 value=0.25684 cand=2.39254 ndcg=0.00000 cql=0.00000 ctx=0.07540 pairs=307.6
[train-progress] epoch=7 [#-----------------------] 50/900   5.6% loss=0.40622 jepa=0.31379 hard=0.83944 hard_red=0.03075 oracle=0.49514 rank=0.06807 value=0.26087 cand=2.39629 ndcg=0.00000 cql=0.00000 ctx=0.06830 pairs=313.6
[train-progress] epoch=7 [##############----------] 550/900  61.1% loss=0.31733 jepa=0.30980 hard=0.73003 hard_red=0.02522 oracle=0.49704 rank=0.07021 value=0.25782 cand=2.39385 ndcg=0.00000 cql=0.00000 ctx=0.07538 pairs=306.6
[train-progress] epoch=7 [##----------------------] 75/900   8.3% loss=0.37787 jepa=0.31535 hard=0.79684 hard_red=0.02665 oracle=0.50163 rank=0.07039 value=0.25907 cand=2.42329 ndcg=0.00000 cql=0.00000 ctx=0.07186 pairs=317.0
[train-progress] epoch=7 [###############---------] 575/900  63.9% loss=0.32108 jepa=0.31242 hard=0.73071 hard_red=0.02587 oracle=0.49725 rank=0.07030 value=0.25683 cand=2.39522 ndcg=0.00000 cql=0.00000 ctx=0.07540 pairs=306.9
[train-progress] epoch=7 [##----------------------] 100/900  11.1% loss=0.35687 jepa=0.31507 hard=0.79542 hard_red=0.02604 oracle=0.49976 rank=0.07251 value=0.25993 cand=2.40651 ndcg=0.00000 cql=0.00000 ctx=0.07298 pairs=315.9
[train-progress] epoch=7 [################--------] 600/900  66.7% loss=0.32994 jepa=0.31659 hard=0.72798 hard_red=0.02598 oracle=0.49741 rank=0.07025 value=0.25575 cand=2.39715 ndcg=0.00000 cql=0.00000 ctx=0.07506 pairs=307.4
[train-progress] epoch=7 [###---------------------] 125/900  13.9% loss=0.35794 jepa=0.31505 hard=0.75328 hard_red=0.02377 oracle=0.50041 rank=0.07120 value=0.26143 cand=2.41225 ndcg=0.00000 cql=0.00000 ctx=0.07296 pairs=313.5
[train-progress] epoch=7 [################--------] 625/900  69.4% loss=0.32406 jepa=0.31565 hard=0.72907 hard_red=0.02580 oracle=0.49684 rank=0.07010 value=0.25630 cand=2.39423 ndcg=0.00000 cql=0.00000 ctx=0.07496 pairs=307.4
[train-progress] epoch=7 [####--------------------] 150/900  16.7% loss=0.33130 jepa=0.31013 hard=0.76089 hard_red=0.02357 oracle=0.50481 rank=0.07168 value=0.25558 cand=2.43696 ndcg=0.00000 cql=0.00000 ctx=0.07388 pairs=310.7
[train-progress] epoch=7 [#################-------] 650/900  72.2% loss=0.32219 jepa=0.31568 hard=0.73012 hard_red=0.02618 oracle=0.49705 rank=0.06991 value=0.25751 cand=2.39486 ndcg=0.00000 cql=0.00000 ctx=0.07524 pairs=308.1
[train-progress] epoch=7 [####--------------------] 175/900  19.4% loss=0.30690 jepa=0.30366 hard=0.77223 hard_red=0.02357 oracle=0.50610 rank=0.07187 value=0.24853 cand=2.44813 ndcg=0.00000 cql=0.00000 ctx=0.07299 pairs=309.0
[train-progress] epoch=7 [##################------] 675/900  75.0% loss=0.31773 jepa=0.31563 hard=0.72737 hard_red=0.02602 oracle=0.49732 rank=0.06979 value=0.25758 cand=2.39655 ndcg=0.00000 cql=0.00000 ctx=0.07527 pairs=308.3
[train-progress] epoch=7 [#####-------------------] 200/900  22.2% loss=0.30811 jepa=0.30006 hard=0.75688 hard_red=0.02244 oracle=0.50356 rank=0.07198 value=0.25031 cand=2.43171 ndcg=0.00000 cql=0.00000 ctx=0.07389 pairs=308.5
[train-progress] epoch=7 [##################------] 700/900  77.8% loss=0.31866 jepa=0.31576 hard=0.73142 hard_red=0.02625 oracle=0.49675 rank=0.06943 value=0.25735 cand=2.39460 ndcg=0.00000 cql=0.00000 ctx=0.07500 pairs=308.2
[train-progress] epoch=7 [######------------------] 225/900  25.0% loss=0.29799 jepa=0.29900 hard=0.74530 hard_red=0.02147 oracle=0.50162 rank=0.07174 value=0.25446 cand=2.42010 ndcg=0.00000 cql=0.00000 ctx=0.07354 pairs=309.5
[train-progress] epoch=7 [###################-----] 725/900  80.6% loss=0.32207 jepa=0.31524 hard=0.73230 hard_red=0.02629 oracle=0.49680 rank=0.06936 value=0.25718 cand=2.39542 ndcg=0.00000 cql=0.00000 ctx=0.07479 pairs=308.3
[train-progress] epoch=7 [######------------------] 250/900  27.8% loss=0.30860 jepa=0.30105 hard=0.73450 hard_red=0.02232 oracle=0.50012 rank=0.07135 value=0.25528 cand=2.41266 ndcg=0.00000 cql=0.00000 ctx=0.07321 pairs=309.1
[train-progress] epoch=7 [####################----] 750/900  83.3% loss=0.31900 jepa=0.31575 hard=0.72849 hard_red=0.02621 oracle=0.49757 rank=0.06962 value=0.25688 cand=2.39928 ndcg=0.00000 cql=0.00000 ctx=0.07475 pairs=308.1
[train-progress] epoch=7 [#######-----------------] 275/900  30.6% loss=0.30294 jepa=0.30181 hard=0.73523 hard_red=0.02233 oracle=0.49931 rank=0.07110 value=0.25379 cand=2.41015 ndcg=0.00000 cql=0.00000 ctx=0.07264 pairs=309.3
[train-progress] epoch=7 [####################----] 775/900  86.1% loss=0.32010 jepa=0.31499 hard=0.73136 hard_red=0.02624 oracle=0.49736 rank=0.06943 value=0.25602 cand=2.39937 ndcg=0.00000 cql=0.00000 ctx=0.07442 pairs=308.1
[train-progress] epoch=7 [########----------------] 300/900  33.3% loss=0.30349 jepa=0.30269 hard=0.73062 hard_red=0.02443 oracle=0.49739 rank=0.07076 value=0.25117 cand=2.40261 ndcg=0.00000 cql=0.00000 ctx=0.07174 pairs=308.3
[train-progress] epoch=7 [#####################---] 800/900  88.9% loss=0.32502 jepa=0.31536 hard=0.72859 hard_red=0.02601 oracle=0.49691 rank=0.06940 value=0.25531 cand=2.39751 ndcg=0.00000 cql=0.00000 ctx=0.07426 pairs=308.2
[train-progress] epoch=7 [########----------------] 325/900  36.1% loss=0.30433 jepa=0.30344 hard=0.72336 hard_red=0.02408 oracle=0.49840 rank=0.07035 value=0.25143 cand=2.40882 ndcg=0.00000 cql=0.00000 ctx=0.07184 pairs=307.5
[train-progress] epoch=7 [######################--] 825/900  91.7% loss=0.32271 jepa=0.31503 hard=0.72767 hard_red=0.02568 oracle=0.49695 rank=0.06948 value=0.25484 cand=2.39788 ndcg=0.00000 cql=0.00000 ctx=0.07416 pairs=308.2
[train-progress] epoch=7 [#########---------------] 350/900  38.9% loss=0.33154 jepa=0.30650 hard=0.71270 hard_red=0.02410 oracle=0.49816 rank=0.07063 value=0.25140 cand=2.40567 ndcg=0.00000 cql=0.00000 ctx=0.07274 pairs=306.6
[train-progress] epoch=7 [######################--] 850/900  94.4% loss=0.32108 jepa=0.31500 hard=0.73023 hard_red=0.02554 oracle=0.49779 rank=0.06946 value=0.25571 cand=2.40202 ndcg=0.00000 cql=0.00000 ctx=0.07428 pairs=309.0
[train-progress] epoch=7 [##########--------------] 375/900  41.7% loss=0.33951 jepa=0.30979 hard=0.71444 hard_red=0.02444 oracle=0.49782 rank=0.07045 value=0.24899 cand=2.40596 ndcg=0.00000 cql=0.00000 ctx=0.07224 pairs=306.6
[train-progress] epoch=7 [#######################-] 875/900  97.2% loss=0.31921 jepa=0.31457 hard=0.73165 hard_red=0.02543 oracle=0.49815 rank=0.06964 value=0.25512 cand=2.40393 ndcg=0.00000 cql=0.00000 ctx=0.07427 pairs=309.1
[train-progress] epoch=7 [##########--------------] 400/900  44.4% loss=0.33250 jepa=0.30788 hard=0.71598 hard_red=0.02504 oracle=0.49606 rank=0.07014 value=0.24978 cand=2.39645 ndcg=0.00000 cql=0.00000 ctx=0.07227 pairs=306.7
[train-progress] epoch=7 [########################] 900/900 100.0% loss=0.31912 jepa=0.31432 hard=0.72949 hard_red=0.02563 oracle=0.49774 rank=0.06946 value=0.25481 cand=2.40221 ndcg=0.00000 cql=0.00000 ctx=0.07425 pairs=309.4
[train-progress] epoch=7 [###########-------------] 425/900  47.2% loss=0.32854 jepa=0.30820 hard=0.71358 hard_red=0.02540 oracle=0.49576 rank=0.06983 value=0.24897 cand=2.39650 ndcg=0.00000 cql=0.00000 ctx=0.07176 pairs=306.2
[train-progress] epoch=7 [############------------] 450/900  50.0% loss=0.32131 jepa=0.30756 hard=0.71767 hard_red=0.02531 oracle=0.49517 rank=0.06980 value=0.24768 cand=2.39412 ndcg=0.00000 cql=0.00000 ctx=0.07158 pairs=306.8
[train-progress] epoch=7 [############------------] 475/900  52.8% loss=0.31377 jepa=0.30757 hard=0.71035 hard_red=0.02485 oracle=0.49405 rank=0.06993 value=0.24946 cand=2.38629 ndcg=0.00000 cql=0.00000 ctx=0.07196 pairs=307.8
[train-progress] epoch=7 [#############-----------] 500/900  55.6% loss=0.30961 jepa=0.30684 hard=0.70928 hard_red=0.02553 oracle=0.49478 rank=0.06994 value=0.25024 cand=2.39006 ndcg=0.00000 cql=0.00000 ctx=0.07190 pairs=307.0
[train-progress] epoch=7 [##############----------] 525/900  58.3% loss=0.31921 jepa=0.30648 hard=0.71477 hard_red=0.02569 oracle=0.49487 rank=0.06973 value=0.25053 cand=2.39109 ndcg=0.00000 cql=0.00000 ctx=0.07173 pairs=307.6
[train] epoch=7 horizon=4 train_loss=0.319120 val_loss=0.117806 train_steps=900
[train-progress] epoch=8 [------------------------] 1/900   0.1% loss=0.13731 jepa=0.32039 hard=1.17194 hard_red=0.00020 oracle=0.51006 rank=0.07885 value=0.20779 cand=2.48497 ndcg=0.00000 cql=0.00000 ctx=0.06474 pairs=241.0
[train-progress] epoch=7 [##############----------] 550/900  61.1% loss=0.32385 jepa=0.30726 hard=0.71373 hard_red=0.02552 oracle=0.49524 rank=0.06977 value=0.25155 cand=2.39234 ndcg=0.00000 cql=0.00000 ctx=0.07191 pairs=306.6
[train-progress] epoch=8 [------------------------] 25/900   2.8% loss=0.26856 jepa=0.30399 hard=0.80700 hard_red=0.02445 oracle=0.50684 rank=0.07150 value=0.23958 cand=2.46515 ndcg=0.00000 cql=0.00000 ctx=0.06711 pairs=314.2
[train-progress] epoch=7 [###############---------] 575/900  63.9% loss=0.32576 jepa=0.31148 hard=0.71662 hard_red=0.02617 oracle=0.49569 rank=0.07003 value=0.25109 cand=2.39398 ndcg=0.00000 cql=0.00000 ctx=0.07228 pairs=306.9
[train-progress] epoch=8 [#-----------------------] 50/900   5.6% loss=0.41233 jepa=0.35478 hard=0.71831 hard_red=0.03178 oracle=0.49270 rank=0.06372 value=0.23297 cand=2.40719 ndcg=0.00000 cql=0.00000 ctx=0.06620 pairs=323.4
[train-progress] epoch=7 [################--------] 600/900  66.7% loss=0.33280 jepa=0.31432 hard=0.71285 hard_red=0.02623 oracle=0.49589 rank=0.06988 value=0.25033 cand=2.39598 ndcg=0.00000 cql=0.00000 ctx=0.07213 pairs=307.4
[train-progress] epoch=8 [##----------------------] 75/900   8.3% loss=0.36791 jepa=0.35037 hard=0.73881 hard_red=0.02781 oracle=0.49051 rank=0.06405 value=0.22825 cand=2.39767 ndcg=0.00000 cql=0.00000 ctx=0.06533 pairs=321.4
[train-progress] epoch=7 [################--------] 625/900  69.4% loss=0.32562 jepa=0.31339 hard=0.71371 hard_red=0.02599 oracle=0.49531 rank=0.06981 value=0.25003 cand=2.39317 ndcg=0.00000 cql=0.00000 ctx=0.07201 pairs=307.4
[train-progress] epoch=8 [##----------------------] 100/900  11.1% loss=0.35404 jepa=0.34853 hard=0.74536 hard_red=0.02887 oracle=0.48503 rank=0.06294 value=0.23447 cand=2.36785 ndcg=0.00000 cql=0.00000 ctx=0.06458 pairs=320.0
[train-progress] epoch=7 [#################-------] 650/900  72.2% loss=0.32559 jepa=0.31564 hard=0.71238 hard_red=0.02649 oracle=0.49542 rank=0.06962 value=0.25138 cand=2.39340 ndcg=0.00000 cql=0.00000 ctx=0.07216 pairs=308.1
[train-progress] epoch=8 [###---------------------] 125/900  13.9% loss=0.35162 jepa=0.34760 hard=0.75848 hard_red=0.02759 oracle=0.48865 rank=0.06352 value=0.23103 cand=2.39044 ndcg=0.00000 cql=0.00000 ctx=0.06299 pairs=316.9
[train-progress] epoch=8 [####--------------------] 150/900  16.7% loss=0.36403 jepa=0.36193 hard=0.75124 hard_red=0.02668 oracle=0.48873 rank=0.06419 value=0.23218 cand=2.38708 ndcg=0.00000 cql=0.00000 ctx=0.06437 pairs=319.2
[train-progress] epoch=7 [##################------] 675/900  75.0% loss=0.32114 jepa=0.31580 hard=0.70987 hard_red=0.02630 oracle=0.49575 rank=0.06959 value=0.25132 cand=2.39503 ndcg=0.00000 cql=0.00000 ctx=0.07240 pairs=308.3
[train-progress] epoch=8 [####--------------------] 175/900  19.4% loss=0.34514 jepa=0.35523 hard=0.74448 hard_red=0.02868 oracle=0.48750 rank=0.06484 value=0.23282 cand=2.37759 ndcg=0.00000 cql=0.00000 ctx=0.06509 pairs=319.6
[train-progress] epoch=7 [##################------] 700/900  77.8% loss=0.32175 jepa=0.31649 hard=0.71388 hard_red=0.02647 oracle=0.49535 rank=0.06937 value=0.25140 cand=2.39336 ndcg=0.00000 cql=0.00000 ctx=0.07231 pairs=308.2
[train-progress] epoch=8 [#####-------------------] 200/900  22.2% loss=0.34980 jepa=0.35551 hard=0.73894 hard_red=0.02886 oracle=0.48851 rank=0.06491 value=0.23356 cand=2.38203 ndcg=0.00000 cql=0.00000 ctx=0.06559 pairs=319.3
[train-progress] epoch=7 [###################-----] 725/900  80.6% loss=0.32439 jepa=0.31599 hard=0.71448 hard_red=0.02649 oracle=0.49542 rank=0.06936 value=0.25065 cand=2.39425 ndcg=0.00000 cql=0.00000 ctx=0.07219 pairs=308.3
[train-progress] epoch=8 [######------------------] 225/900  25.0% loss=0.35647 jepa=0.35161 hard=0.74311 hard_red=0.02833 oracle=0.48879 rank=0.06480 value=0.23390 cand=2.38376 ndcg=0.00000 cql=0.00000 ctx=0.06551 pairs=321.0
[train-progress] epoch=7 [####################----] 750/900  83.3% loss=0.32128 jepa=0.31610 hard=0.71013 hard_red=0.02645 oracle=0.49606 rank=0.06943 value=0.25024 cand=2.39802 ndcg=0.00000 cql=0.00000 ctx=0.07205 pairs=308.1
[train-progress] epoch=8 [######------------------] 250/900  27.8% loss=0.34569 jepa=0.34845 hard=0.74509 hard_red=0.02720 oracle=0.48951 rank=0.06478 value=0.23459 cand=2.38728 ndcg=0.00000 cql=0.00000 ctx=0.06566 pairs=319.4
[train-progress] epoch=7 [####################----] 775/900  86.1% loss=0.32262 jepa=0.31556 hard=0.71360 hard_red=0.02652 oracle=0.49583 rank=0.06928 value=0.24917 cand=2.39807 ndcg=0.00000 cql=0.00000 ctx=0.07168 pairs=308.1
[train-progress] epoch=8 [#######-----------------] 275/900  30.6% loss=0.33797 jepa=0.34449 hard=0.73833 hard_red=0.02653 oracle=0.48681 rank=0.06479 value=0.23524 cand=2.37156 ndcg=0.00000 cql=0.00000 ctx=0.06597 pairs=319.7
[train-progress] epoch=7 [#####################---] 800/900  88.9% loss=0.32794 jepa=0.31660 hard=0.71193 hard_red=0.02632 oracle=0.49548 rank=0.06928 value=0.24878 cand=2.39630 ndcg=0.00000 cql=0.00000 ctx=0.07165 pairs=308.2
[train-progress] epoch=8 [########----------------] 300/900  33.3% loss=0.33266 jepa=0.34482 hard=0.73135 hard_red=0.02560 oracle=0.48644 rank=0.06499 value=0.23532 cand=2.36882 ndcg=0.00000 cql=0.00000 ctx=0.06614 pairs=318.7
[train-progress] epoch=7 [######################--] 825/900  91.7% loss=0.32516 jepa=0.31613 hard=0.70864 hard_red=0.02602 oracle=0.49559 rank=0.06939 value=0.24819 cand=2.39712 ndcg=0.00000 cql=0.00000 ctx=0.07155 pairs=308.2
[train-progress] epoch=8 [########----------------] 325/900  36.1% loss=0.32219 jepa=0.34070 hard=0.74024 hard_red=0.02489 oracle=0.48738 rank=0.06511 value=0.23347 cand=2.37477 ndcg=0.00000 cql=0.00000 ctx=0.06601 pairs=318.6
[train-progress] epoch=7 [######################--] 850/900  94.4% loss=0.32297 jepa=0.31643 hard=0.71062 hard_red=0.02587 oracle=0.49637 rank=0.06936 value=0.24833 cand=2.40122 ndcg=0.00000 cql=0.00000 ctx=0.07170 pairs=309.0
[train-progress] epoch=8 [#########---------------] 350/900  38.9% loss=0.34641 jepa=0.34284 hard=0.73675 hard_red=0.02522 oracle=0.48629 rank=0.06488 value=0.23328 cand=2.36940 ndcg=0.00000 cql=0.00000 ctx=0.06592 pairs=319.5
[train-progress] epoch=7 [#######################-] 875/900  97.2% loss=0.32110 jepa=0.31577 hard=0.71210 hard_red=0.02572 oracle=0.49679 rank=0.06953 value=0.24801 cand=2.40328 ndcg=0.00000 cql=0.00000 ctx=0.07173 pairs=309.1
[train-progress] epoch=8 [##########--------------] 375/900  41.7% loss=0.33608 jepa=0.34179 hard=0.75048 hard_red=0.02519 oracle=0.48696 rank=0.06516 value=0.23405 cand=2.37148 ndcg=0.00000 cql=0.00000 ctx=0.06645 pairs=319.8
[train-progress] epoch=7 [########################] 900/900 100.0% loss=0.32122 jepa=0.31552 hard=0.71152 hard_red=0.02590 oracle=0.49646 rank=0.06940 value=0.24801 cand=2.40184 ndcg=0.00000 cql=0.00000 ctx=0.07168 pairs=309.4
[train-progress] epoch=8 [##########--------------] 400/900  44.4% loss=0.33094 jepa=0.34091 hard=0.75153 hard_red=0.02534 oracle=0.48851 rank=0.06561 value=0.23377 cand=2.37858 ndcg=0.00000 cql=0.00000 ctx=0.06692 pairs=319.5
[train-progress] epoch=8 [###########-------------] 425/900  47.2% loss=0.32664 jepa=0.33975 hard=0.75226 hard_red=0.02578 oracle=0.48954 rank=0.06583 value=0.23469 cand=2.38362 ndcg=0.00000 cql=0.00000 ctx=0.06682 pairs=318.5
[train-progress] epoch=8 [############------------] 450/900  50.0% loss=0.32632 jepa=0.33919 hard=0.74684 hard_red=0.02534 oracle=0.49033 rank=0.06555 value=0.23563 cand=2.38802 ndcg=0.00000 cql=0.00000 ctx=0.06690 pairs=317.6
[train-progress] epoch=8 [############------------] 475/900  52.8% loss=0.32067 jepa=0.33771 hard=0.74959 hard_red=0.02500 oracle=0.49023 rank=0.06563 value=0.23451 cand=2.38796 ndcg=0.00000 cql=0.00000 ctx=0.06678 pairs=316.2
[train-progress] epoch=8 [#############-----------] 500/900  55.6% loss=0.32012 jepa=0.33667 hard=0.74956 hard_red=0.02541 oracle=0.49032 rank=0.06563 value=0.23451 cand=2.38837 ndcg=0.00000 cql=0.00000 ctx=0.06687 pairs=316.8
[train-progress] epoch=8 [##############----------] 525/900  58.3% loss=0.32683 jepa=0.33919 hard=0.74653 hard_red=0.02544 oracle=0.49099 rank=0.06593 value=0.23445 cand=2.39135 ndcg=0.00000 cql=0.00000 ctx=0.06696 pairs=316.2
[train] epoch=7 horizon=4 train_loss=0.321218 val_loss=0.110100 train_steps=900
[train-progress] epoch=8 [------------------------] 1/900   0.1% loss=0.15106 jepa=0.31536 hard=1.17279 hard_red=0.00106 oracle=0.50944 rank=0.10224 value=0.12631 cand=2.47890 ndcg=0.00000 cql=0.00000 ctx=0.05712 pairs=241.0
[train-progress] epoch=8 [##############----------] 550/900  61.1% loss=0.32745 jepa=0.34027 hard=0.74789 hard_red=0.02546 oracle=0.49242 rank=0.06596 value=0.23502 cand=2.39900 ndcg=0.00000 cql=0.00000 ctx=0.06694 pairs=315.7
[train-progress] epoch=8 [------------------------] 25/900   2.8% loss=0.26809 jepa=0.30121 hard=0.82971 hard_red=0.02493 oracle=0.50945 rank=0.07441 value=0.23930 cand=2.46738 ndcg=0.00000 cql=0.00000 ctx=0.07162 pairs=314.2
[train-progress] epoch=8 [###############---------] 575/900  63.9% loss=0.32710 jepa=0.34244 hard=0.74547 hard_red=0.02563 oracle=0.49198 rank=0.06594 value=0.23573 cand=2.39643 ndcg=0.00000 cql=0.00000 ctx=0.06684 pairs=315.7
[train-progress] epoch=8 [#-----------------------] 50/900   5.6% loss=0.41992 jepa=0.36250 hard=0.71400 hard_red=0.02984 oracle=0.49585 rank=0.06706 value=0.23830 cand=2.40890 ndcg=0.00000 cql=0.00000 ctx=0.07081 pairs=323.4
[train-progress] epoch=8 [################--------] 600/900  66.7% loss=0.33413 jepa=0.34232 hard=0.74735 hard_red=0.02578 oracle=0.49114 rank=0.06596 value=0.23445 cand=2.39231 ndcg=0.00000 cql=0.00000 ctx=0.06680 pairs=315.5
[train-progress] epoch=8 [##----------------------] 75/900   8.3% loss=0.36956 jepa=0.35337 hard=0.72606 hard_red=0.02679 oracle=0.49315 rank=0.06657 value=0.23372 cand=2.40081 ndcg=0.00000 cql=0.00000 ctx=0.06805 pairs=321.4
[train-progress] epoch=8 [################--------] 625/900  69.4% loss=0.32931 jepa=0.34152 hard=0.74176 hard_red=0.02558 oracle=0.49128 rank=0.06588 value=0.23520 cand=2.39305 ndcg=0.00000 cql=0.00000 ctx=0.06673 pairs=315.3
[train-progress] epoch=8 [##----------------------] 100/900  11.1% loss=0.36420 jepa=0.35496 hard=0.73782 hard_red=0.02808 oracle=0.48816 rank=0.06613 value=0.23995 cand=2.37138 ndcg=0.00000 cql=0.00000 ctx=0.06796 pairs=320.0
[train-progress] epoch=8 [#################-------] 650/900  72.2% loss=0.33133 jepa=0.34192 hard=0.74154 hard_red=0.02528 oracle=0.49151 rank=0.06615 value=0.23573 cand=2.39311 ndcg=0.00000 cql=0.00000 ctx=0.06702 pairs=315.3
[train-progress] epoch=8 [###---------------------] 125/900  13.9% loss=0.36863 jepa=0.35319 hard=0.74743 hard_red=0.02704 oracle=0.49202 rank=0.06707 value=0.23779 cand=2.39222 ndcg=0.00000 cql=0.00000 ctx=0.06765 pairs=316.9
[train-progress] epoch=8 [##################------] 675/900  75.0% loss=0.32755 jepa=0.34117 hard=0.74095 hard_red=0.02532 oracle=0.49182 rank=0.06617 value=0.23681 cand=2.39422 ndcg=0.00000 cql=0.00000 ctx=0.06706 pairs=314.9
[train-progress] epoch=8 [####--------------------] 150/900  16.7% loss=0.37025 jepa=0.36081 hard=0.73540 hard_red=0.02636 oracle=0.49115 rank=0.06751 value=0.23571 cand=2.38716 ndcg=0.00000 cql=0.00000 ctx=0.06781 pairs=319.2
[train-progress] epoch=8 [##################------] 700/900  77.8% loss=0.32532 jepa=0.34160 hard=0.73927 hard_red=0.02537 oracle=0.49161 rank=0.06607 value=0.23730 cand=2.39309 ndcg=0.00000 cql=0.00000 ctx=0.06704 pairs=314.7
[train-progress] epoch=8 [####--------------------] 175/900  19.4% loss=0.34810 jepa=0.35385 hard=0.72878 hard_red=0.02826 oracle=0.48962 rank=0.06761 value=0.23451 cand=2.37799 ndcg=0.00000 cql=0.00000 ctx=0.06851 pairs=319.6
[train-progress] epoch=8 [###################-----] 725/900  80.6% loss=0.32678 jepa=0.34264 hard=0.73770 hard_red=0.02550 oracle=0.49205 rank=0.06603 value=0.23685 cand=2.39582 ndcg=0.00000 cql=0.00000 ctx=0.06706 pairs=314.1
[train-progress] epoch=8 [#####-------------------] 200/900  22.2% loss=0.35103 jepa=0.35729 hard=0.72365 hard_red=0.02855 oracle=0.48978 rank=0.06732 value=0.23431 cand=2.38048 ndcg=0.00000 cql=0.00000 ctx=0.06789 pairs=319.3
[train-progress] epoch=8 [####################----] 750/900  83.3% loss=0.33456 jepa=0.34475 hard=0.73624 hard_red=0.02563 oracle=0.49223 rank=0.06606 value=0.23743 cand=2.39661 ndcg=0.00000 cql=0.00000 ctx=0.06698 pairs=313.7
[train-progress] epoch=8 [######------------------] 225/900  25.0% loss=0.35968 jepa=0.35315 hard=0.73005 hard_red=0.02802 oracle=0.48977 rank=0.06685 value=0.23577 cand=2.38160 ndcg=0.00000 cql=0.00000 ctx=0.06727 pairs=321.0
[train-progress] epoch=8 [####################----] 775/900  86.1% loss=0.33527 jepa=0.34515 hard=0.73722 hard_red=0.02539 oracle=0.49184 rank=0.06596 value=0.23803 cand=2.39441 ndcg=0.00000 cql=0.00000 ctx=0.06693 pairs=313.8
[train-progress] epoch=8 [######------------------] 250/900  27.8% loss=0.35001 jepa=0.35004 hard=0.72902 hard_red=0.02685 oracle=0.48993 rank=0.06618 value=0.23682 cand=2.38400 ndcg=0.00000 cql=0.00000 ctx=0.06684 pairs=319.4
[train-progress] epoch=8 [#####################---] 800/900  88.9% loss=0.33706 jepa=0.34601 hard=0.73753 hard_red=0.02554 oracle=0.49155 rank=0.06577 value=0.23799 cand=2.39367 ndcg=0.00000 cql=0.00000 ctx=0.06665 pairs=314.1
[train-progress] epoch=8 [#######-----------------] 275/900  30.6% loss=0.34319 jepa=0.34581 hard=0.71772 hard_red=0.02626 oracle=0.48691 rank=0.06566 value=0.23697 cand=2.36831 ndcg=0.00000 cql=0.00000 ctx=0.06682 pairs=319.7
[train-progress] epoch=8 [######################--] 825/900  91.7% loss=0.34038 jepa=0.34605 hard=0.73408 hard_red=0.02555 oracle=0.49207 rank=0.06592 value=0.23814 cand=2.39618 ndcg=0.00000 cql=0.00000 ctx=0.06662 pairs=313.7
[train-progress] epoch=8 [########----------------] 300/900  33.3% loss=0.34013 jepa=0.34580 hard=0.70775 hard_red=0.02535 oracle=0.48634 rank=0.06593 value=0.23639 cand=2.36530 ndcg=0.00000 cql=0.00000 ctx=0.06648 pairs=318.7
[train-progress] epoch=8 [######################--] 850/900  94.4% loss=0.33552 jepa=0.34497 hard=0.73493 hard_red=0.02561 oracle=0.49183 rank=0.06600 value=0.23837 cand=2.39439 ndcg=0.00000 cql=0.00000 ctx=0.06675 pairs=314.1
[train-progress] epoch=8 [########----------------] 325/900  36.1% loss=0.32908 jepa=0.34180 hard=0.71878 hard_red=0.02468 oracle=0.48729 rank=0.06593 value=0.23451 cand=2.37180 ndcg=0.00000 cql=0.00000 ctx=0.06619 pairs=318.6
[train-progress] epoch=8 [#######################-] 875/900  97.2% loss=0.33382 jepa=0.34386 hard=0.73224 hard_red=0.02528 oracle=0.49210 rank=0.06597 value=0.23792 cand=2.39621 ndcg=0.00000 cql=0.00000 ctx=0.06670 pairs=314.1
[train-progress] epoch=8 [########################] 900/900 100.0% loss=0.33164 jepa=0.34405 hard=0.73612 hard_red=0.02530 oracle=0.49188 rank=0.06597 value=0.23797 cand=2.39508 ndcg=0.00000 cql=0.00000 ctx=0.06663 pairs=314.4
[train-progress] epoch=8 [#########---------------] 350/900  38.9% loss=0.35146 jepa=0.34536 hard=0.71638 hard_red=0.02506 oracle=0.48631 rank=0.06572 value=0.23470 cand=2.36679 ndcg=0.00000 cql=0.00000 ctx=0.06616 pairs=319.5
[train-progress] epoch=8 [##########--------------] 375/900  41.7% loss=0.34221 jepa=0.34325 hard=0.73108 hard_red=0.02504 oracle=0.48701 rank=0.06597 value=0.23593 cand=2.36926 ndcg=0.00000 cql=0.00000 ctx=0.06640 pairs=319.8
[train-progress] epoch=8 [##########--------------] 400/900  44.4% loss=0.33603 jepa=0.34266 hard=0.73245 hard_red=0.02507 oracle=0.48847 rank=0.06628 value=0.23595 cand=2.37620 ndcg=0.00000 cql=0.00000 ctx=0.06675 pairs=319.5
[train-progress] epoch=8 [###########-------------] 425/900  47.2% loss=0.33370 jepa=0.34255 hard=0.73311 hard_red=0.02552 oracle=0.48937 rank=0.06643 value=0.23480 cand=2.38164 ndcg=0.00000 cql=0.00000 ctx=0.06658 pairs=318.5
[train-progress] epoch=8 [############------------] 450/900  50.0% loss=0.33347 jepa=0.34325 hard=0.72603 hard_red=0.02513 oracle=0.48998 rank=0.06602 value=0.23510 cand=2.38583 ndcg=0.00000 cql=0.00000 ctx=0.06653 pairs=317.6
[train] epoch=8 horizon=5 train_loss=0.331639 val_loss=0.124896 train_steps=900
[train-progress] epoch=9 [------------------------] 1/900   0.1% loss=0.23013 jepa=0.35318 hard=1.06465 hard_red=0.06032 oracle=0.52096 rank=0.07305 value=0.20529 cand=2.56135 ndcg=0.00000 cql=0.00000 ctx=0.06294 pairs=357.0
[train-progress] epoch=8 [############------------] 475/900  52.8% loss=0.32760 jepa=0.34181 hard=0.72875 hard_red=0.02482 oracle=0.48987 rank=0.06597 value=0.23419 cand=2.38600 ndcg=0.00000 cql=0.00000 ctx=0.06634 pairs=316.2
[train-progress] epoch=9 [------------------------] 25/900   2.8% loss=0.32412 jepa=0.33273 hard=0.66481 hard_red=0.02073 oracle=0.49526 rank=0.06675 value=0.21221 cand=2.42235 ndcg=0.00000 cql=0.00000 ctx=0.06756 pairs=305.3
[train-progress] epoch=8 [#############-----------] 500/900  55.6% loss=0.32679 jepa=0.34004 hard=0.72907 hard_red=0.02522 oracle=0.49014 rank=0.06622 value=0.23436 cand=2.38686 ndcg=0.00000 cql=0.00000 ctx=0.06638 pairs=316.8
[train-progress] epoch=9 [#-----------------------] 50/900   5.6% loss=0.27884 jepa=0.34630 hard=0.72318 hard_red=0.02039 oracle=0.50050 rank=0.06748 value=0.21435 cand=2.44960 ndcg=0.00000 cql=0.00000 ctx=0.06712 pairs=308.1
[train-progress] epoch=8 [##############----------] 525/900  58.3% loss=0.33182 jepa=0.34262 hard=0.72543 hard_red=0.02528 oracle=0.49071 rank=0.06633 value=0.23437 cand=2.38971 ndcg=0.00000 cql=0.00000 ctx=0.06644 pairs=316.2
[train-progress] epoch=9 [##----------------------] 75/900   8.3% loss=0.25306 jepa=0.33732 hard=0.71782 hard_red=0.01851 oracle=0.50082 rank=0.06934 value=0.21147 cand=2.44767 ndcg=0.00000 cql=0.00000 ctx=0.06788 pairs=308.0
[train-progress] epoch=8 [##############----------] 550/900  61.1% loss=0.33342 jepa=0.34384 hard=0.72859 hard_red=0.02544 oracle=0.49206 rank=0.06644 value=0.23420 cand=2.39725 ndcg=0.00000 cql=0.00000 ctx=0.06630 pairs=315.7
[train-progress] epoch=9 [##----------------------] 100/900  11.1% loss=0.30681 jepa=0.36115 hard=0.72565 hard_red=0.02189 oracle=0.49402 rank=0.06759 value=0.21387 cand=2.41688 ndcg=0.00000 cql=0.00000 ctx=0.06476 pairs=310.1
[train-progress] epoch=8 [###############---------] 575/900  63.9% loss=0.32900 jepa=0.34552 hard=0.72710 hard_red=0.02559 oracle=0.49146 rank=0.06623 value=0.23449 cand=2.39452 ndcg=0.00000 cql=0.00000 ctx=0.06608 pairs=315.7
[train-progress] epoch=9 [###---------------------] 125/900  13.9% loss=0.30565 jepa=0.35575 hard=0.73363 hard_red=0.02375 oracle=0.48799 rank=0.06589 value=0.22276 cand=2.38483 ndcg=0.00000 cql=0.00000 ctx=0.06345 pairs=311.3
[train-progress] epoch=8 [################--------] 600/900  66.7% loss=0.33604 jepa=0.34479 hard=0.72957 hard_red=0.02563 oracle=0.49073 rank=0.06620 value=0.23388 cand=2.39073 ndcg=0.00000 cql=0.00000 ctx=0.06613 pairs=315.5
[train-progress] epoch=9 [####--------------------] 150/900  16.7% loss=0.29095 jepa=0.35233 hard=0.72893 hard_red=0.02521 oracle=0.48891 rank=0.06605 value=0.22585 cand=2.38806 ndcg=0.00000 cql=0.00000 ctx=0.06356 pairs=313.6
[train-progress] epoch=8 [################--------] 625/900  69.4% loss=0.33070 jepa=0.34371 hard=0.72446 hard_red=0.02546 oracle=0.49104 rank=0.06628 value=0.23442 cand=2.39207 ndcg=0.00000 cql=0.00000 ctx=0.06611 pairs=315.3
[train-progress] epoch=9 [####--------------------] 175/900  19.4% loss=0.28134 jepa=0.34846 hard=0.73906 hard_red=0.02539 oracle=0.48946 rank=0.06609 value=0.22512 cand=2.39194 ndcg=0.00000 cql=0.00000 ctx=0.06313 pairs=314.0
[train-progress] epoch=8 [#################-------] 650/900  72.2% loss=0.33271 jepa=0.34370 hard=0.72360 hard_red=0.02515 oracle=0.49095 rank=0.06645 value=0.23450 cand=2.39132 ndcg=0.00000 cql=0.00000 ctx=0.06601 pairs=315.3
[train-progress] epoch=9 [#####-------------------] 200/900  22.2% loss=0.30140 jepa=0.35682 hard=0.75789 hard_red=0.02688 oracle=0.48843 rank=0.06598 value=0.22201 cand=2.38894 ndcg=0.00000 cql=0.00000 ctx=0.06234 pairs=312.1
[train-progress] epoch=8 [##################------] 675/900  75.0% loss=0.32854 jepa=0.34317 hard=0.72447 hard_red=0.02518 oracle=0.49114 rank=0.06647 value=0.23500 cand=2.39210 ndcg=0.00000 cql=0.00000 ctx=0.06603 pairs=314.9
[train-progress] epoch=9 [######------------------] 225/900  25.0% loss=0.29370 jepa=0.35148 hard=0.76939 hard_red=0.02690 oracle=0.48742 rank=0.06583 value=0.22317 cand=2.38313 ndcg=0.00000 cql=0.00000 ctx=0.06236 pairs=313.2
[train-progress] epoch=8 [##################------] 700/900  77.8% loss=0.32519 jepa=0.34385 hard=0.72339 hard_red=0.02525 oracle=0.49084 rank=0.06644 value=0.23470 cand=2.39077 ndcg=0.00000 cql=0.00000 ctx=0.06591 pairs=314.7
[train-progress] epoch=9 [######------------------] 250/900  27.8% loss=0.31376 jepa=0.35075 hard=0.76293 hard_red=0.02663 oracle=0.48843 rank=0.06610 value=0.22164 cand=2.38847 ndcg=0.00000 cql=0.00000 ctx=0.06262 pairs=312.8
[train-progress] epoch=8 [###################-----] 725/900  80.6% loss=0.32670 jepa=0.34390 hard=0.72201 hard_red=0.02536 oracle=0.49127 rank=0.06639 value=0.23447 cand=2.39351 ndcg=0.00000 cql=0.00000 ctx=0.06580 pairs=314.1
[train-progress] epoch=9 [#######-----------------] 275/900  30.6% loss=0.30293 jepa=0.34778 hard=0.76596 hard_red=0.02687 oracle=0.48718 rank=0.06583 value=0.22306 cand=2.38154 ndcg=0.00000 cql=0.00000 ctx=0.06258 pairs=312.0
[train-progress] epoch=8 [####################----] 750/900  83.3% loss=0.33564 jepa=0.34604 hard=0.72196 hard_red=0.02546 oracle=0.49148 rank=0.06639 value=0.23547 cand=2.39434 ndcg=0.00000 cql=0.00000 ctx=0.06573 pairs=313.7
[train-progress] epoch=9 [########----------------] 300/900  33.3% loss=0.29416 jepa=0.34735 hard=0.76195 hard_red=0.02661 oracle=0.48800 rank=0.06563 value=0.22247 cand=2.38698 ndcg=0.00000 cql=0.00000 ctx=0.06241 pairs=314.3
[train-progress] epoch=8 [####################----] 775/900  86.1% loss=0.33602 jepa=0.34573 hard=0.72400 hard_red=0.02519 oracle=0.49106 rank=0.06622 value=0.23623 cand=2.39204 ndcg=0.00000 cql=0.00000 ctx=0.06573 pairs=313.8
[train-progress] epoch=9 [########----------------] 325/900  36.1% loss=0.29755 jepa=0.34640 hard=0.76015 hard_red=0.02675 oracle=0.48605 rank=0.06526 value=0.22318 cand=2.37710 ndcg=0.00000 cql=0.00000 ctx=0.06208 pairs=314.2
[train-progress] epoch=8 [#####################---] 800/900  88.9% loss=0.33874 jepa=0.34679 hard=0.72509 hard_red=0.02540 oracle=0.49078 rank=0.06602 value=0.23585 cand=2.39132 ndcg=0.00000 cql=0.00000 ctx=0.06555 pairs=314.1
[train-progress] epoch=9 [#########---------------] 350/900  38.9% loss=0.29704 jepa=0.34463 hard=0.75243 hard_red=0.02721 oracle=0.48558 rank=0.06493 value=0.22462 cand=2.37444 ndcg=0.00000 cql=0.00000 ctx=0.06215 pairs=313.3
[train-progress] epoch=8 [######################--] 825/900  91.7% loss=0.34212 jepa=0.34630 hard=0.72189 hard_red=0.02536 oracle=0.49126 rank=0.06620 value=0.23590 cand=2.39371 ndcg=0.00000 cql=0.00000 ctx=0.06547 pairs=313.7
[train-progress] epoch=9 [##########--------------] 375/900  41.7% loss=0.29583 jepa=0.34374 hard=0.75107 hard_red=0.02672 oracle=0.48571 rank=0.06494 value=0.22440 cand=2.37498 ndcg=0.00000 cql=0.00000 ctx=0.06233 pairs=313.6
[train-progress] epoch=8 [######################--] 850/900  94.4% loss=0.33752 jepa=0.34529 hard=0.72399 hard_red=0.02544 oracle=0.49101 rank=0.06621 value=0.23577 cand=2.39221 ndcg=0.00000 cql=0.00000 ctx=0.06556 pairs=314.1
[train-progress] epoch=9 [##########--------------] 400/900  44.4% loss=0.29293 jepa=0.34245 hard=0.74363 hard_red=0.02641 oracle=0.48721 rank=0.06514 value=0.22449 cand=2.38313 ndcg=0.00000 cql=0.00000 ctx=0.06215 pairs=312.5
[train-progress] epoch=8 [#######################-] 875/900  97.2% loss=0.33527 jepa=0.34409 hard=0.72101 hard_red=0.02510 oracle=0.49130 rank=0.06620 value=0.23520 cand=2.39418 ndcg=0.00000 cql=0.00000 ctx=0.06550 pairs=314.1
[train-progress] epoch=9 [###########-------------] 425/900  47.2% loss=0.28872 jepa=0.34163 hard=0.74637 hard_red=0.02619 oracle=0.48787 rank=0.06516 value=0.22594 cand=2.38580 ndcg=0.00000 cql=0.00000 ctx=0.06234 pairs=312.5
[train-progress] epoch=8 [########################] 900/900 100.0% loss=0.33330 jepa=0.34386 hard=0.72431 hard_red=0.02509 oracle=0.49098 rank=0.06621 value=0.23504 cand=2.39266 ndcg=0.00000 cql=0.00000 ctx=0.06536 pairs=314.4
[train-progress] epoch=9 [############------------] 450/900  50.0% loss=0.29724 jepa=0.34220 hard=0.74840 hard_red=0.02595 oracle=0.48898 rank=0.06536 value=0.22686 cand=2.39057 ndcg=0.00000 cql=0.00000 ctx=0.06276 pairs=312.5
[train-progress] epoch=9 [############------------] 475/900  52.8% loss=0.29631 jepa=0.34155 hard=0.74581 hard_red=0.02606 oracle=0.48927 rank=0.06540 value=0.22718 cand=2.39139 ndcg=0.00000 cql=0.00000 ctx=0.06318 pairs=313.0
[train-progress] epoch=9 [#############-----------] 500/900  55.6% loss=0.30070 jepa=0.34166 hard=0.74914 hard_red=0.02619 oracle=0.48898 rank=0.06545 value=0.22796 cand=2.38896 ndcg=0.00000 cql=0.00000 ctx=0.06344 pairs=312.8
[train-progress] epoch=9 [##############----------] 525/900  58.3% loss=0.29503 jepa=0.33984 hard=0.75068 hard_red=0.02563 oracle=0.48838 rank=0.06527 value=0.22799 cand=2.38616 ndcg=0.00000 cql=0.00000 ctx=0.06330 pairs=312.4
[train-progress] epoch=9 [##############----------] 550/900  61.1% loss=0.29329 jepa=0.33987 hard=0.74564 hard_red=0.02512 oracle=0.48780 rank=0.06507 value=0.22824 cand=2.38372 ndcg=0.00000 cql=0.00000 ctx=0.06296 pairs=312.2
[train-progress] epoch=9 [###############---------] 575/900  63.9% loss=0.29045 jepa=0.33827 hard=0.74283 hard_red=0.02554 oracle=0.48691 rank=0.06474 value=0.22700 cand=2.38088 ndcg=0.00000 cql=0.00000 ctx=0.06236 pairs=312.3
[train] epoch=8 horizon=5 train_loss=0.333295 val_loss=0.121402 train_steps=900
[train-progress] epoch=9 [------------------------] 1/900   0.1% loss=0.29976 jepa=0.32035 hard=1.21444 hard_red=0.07106 oracle=0.52952 rank=0.08262 value=0.24536 cand=2.57021 ndcg=0.00000 cql=0.00000 ctx=0.06344 pairs=357.0
[train-progress] epoch=9 [################--------] 600/900  66.7% loss=0.29064 jepa=0.33821 hard=0.74091 hard_red=0.02570 oracle=0.48601 rank=0.06458 value=0.22761 cand=2.37615 ndcg=0.00000 cql=0.00000 ctx=0.06221 pairs=313.0
[train-progress] epoch=9 [------------------------] 25/900   2.8% loss=0.34879 jepa=0.31847 hard=0.64049 hard_red=0.02166 oracle=0.49158 rank=0.06550 value=0.20734 cand=2.41465 ndcg=0.00000 cql=0.00000 ctx=0.06187 pairs=305.3
[train-progress] epoch=9 [################--------] 625/900  69.4% loss=0.29663 jepa=0.33814 hard=0.73958 hard_red=0.02543 oracle=0.48536 rank=0.06435 value=0.22694 cand=2.37357 ndcg=0.00000 cql=0.00000 ctx=0.06205 pairs=313.6
[train-progress] epoch=9 [#-----------------------] 50/900   5.6% loss=0.28372 jepa=0.31665 hard=0.70922 hard_red=0.02078 oracle=0.49877 rank=0.06600 value=0.21425 cand=2.44775 ndcg=0.00000 cql=0.00000 ctx=0.06383 pairs=308.1
[train-progress] epoch=9 [#################-------] 650/900  72.2% loss=0.29291 jepa=0.33722 hard=0.74127 hard_red=0.02544 oracle=0.48634 rank=0.06450 value=0.22579 cand=2.37930 ndcg=0.00000 cql=0.00000 ctx=0.06195 pairs=313.3
[train-progress] epoch=9 [##----------------------] 75/900   8.3% loss=0.26198 jepa=0.31445 hard=0.69350 hard_red=0.01887 oracle=0.49888 rank=0.06792 value=0.21339 cand=2.44456 ndcg=0.00000 cql=0.00000 ctx=0.06391 pairs=308.0
[train-progress] epoch=9 [##################------] 675/900  75.0% loss=0.30148 jepa=0.33894 hard=0.74248 hard_red=0.02553 oracle=0.48572 rank=0.06459 value=0.22529 cand=2.37622 ndcg=0.00000 cql=0.00000 ctx=0.06171 pairs=312.5
[train-progress] epoch=9 [##----------------------] 100/900  11.1% loss=0.29071 jepa=0.32485 hard=0.70954 hard_red=0.02205 oracle=0.49211 rank=0.06597 value=0.21219 cand=2.41550 ndcg=0.00000 cql=0.00000 ctx=0.06110 pairs=310.1
[train-progress] epoch=9 [##################------] 700/900  77.8% loss=0.29825 jepa=0.33909 hard=0.74623 hard_red=0.02560 oracle=0.48550 rank=0.06457 value=0.22603 cand=2.37452 ndcg=0.00000 cql=0.00000 ctx=0.06189 pairs=312.4
[train-progress] epoch=9 [###---------------------] 125/900  13.9% loss=0.29503 jepa=0.32579 hard=0.71046 hard_red=0.02389 oracle=0.48644 rank=0.06431 value=0.22052 cand=2.38482 ndcg=0.00000 cql=0.00000 ctx=0.06035 pairs=311.3
[train-progress] epoch=9 [###################-----] 725/900  80.6% loss=0.29556 jepa=0.33851 hard=0.74307 hard_red=0.02545 oracle=0.48541 rank=0.06465 value=0.22607 cand=2.37408 ndcg=0.00000 cql=0.00000 ctx=0.06170 pairs=311.5
[train-progress] epoch=9 [####--------------------] 150/900  16.7% loss=0.27794 jepa=0.32373 hard=0.70358 hard_red=0.02514 oracle=0.48654 rank=0.06451 value=0.22287 cand=2.38433 ndcg=0.00000 cql=0.00000 ctx=0.06007 pairs=313.6
[train-progress] epoch=9 [####################----] 750/900  83.3% loss=0.29531 jepa=0.33809 hard=0.74164 hard_red=0.02511 oracle=0.48556 rank=0.06471 value=0.22636 cand=2.37488 ndcg=0.00000 cql=0.00000 ctx=0.06154 pairs=311.0
[train-progress] epoch=9 [####--------------------] 175/900  19.4% loss=0.26882 jepa=0.32217 hard=0.71993 hard_red=0.02512 oracle=0.48687 rank=0.06436 value=0.22159 cand=2.38754 ndcg=0.00000 cql=0.00000 ctx=0.05973 pairs=314.0
[train-progress] epoch=9 [####################----] 775/900  86.1% loss=0.29253 jepa=0.33706 hard=0.73854 hard_red=0.02493 oracle=0.48618 rank=0.06456 value=0.22518 cand=2.37923 ndcg=0.00000 cql=0.00000 ctx=0.06148 pairs=310.5
[train-progress] epoch=9 [#####-------------------] 200/900  22.2% loss=0.28866 jepa=0.33716 hard=0.73238 hard_red=0.02654 oracle=0.48688 rank=0.06485 value=0.22229 cand=2.38567 ndcg=0.00000 cql=0.00000 ctx=0.06013 pairs=312.1
[train-progress] epoch=9 [#####################---] 800/900  88.9% loss=0.29203 jepa=0.33608 hard=0.73841 hard_red=0.02498 oracle=0.48537 rank=0.06439 value=0.22542 cand=2.37515 ndcg=0.00000 cql=0.00000 ctx=0.06136 pairs=310.8
[train-progress] epoch=9 [######------------------] 225/900  25.0% loss=0.28162 jepa=0.33327 hard=0.74119 hard_red=0.02673 oracle=0.48606 rank=0.06514 value=0.22291 cand=2.38006 ndcg=0.00000 cql=0.00000 ctx=0.06027 pairs=313.2
[train-progress] epoch=9 [######################--] 825/900  91.7% loss=0.28910 jepa=0.33510 hard=0.73221 hard_red=0.02499 oracle=0.48527 rank=0.06434 value=0.22486 cand=2.37513 ndcg=0.00000 cql=0.00000 ctx=0.06122 pairs=310.9
[train-progress] epoch=9 [######------------------] 250/900  27.8% loss=0.30187 jepa=0.33384 hard=0.73428 hard_red=0.02638 oracle=0.48702 rank=0.06535 value=0.22032 cand=2.38590 ndcg=0.00000 cql=0.00000 ctx=0.06038 pairs=312.8
[train-progress] epoch=9 [######################--] 850/900  94.4% loss=0.28859 jepa=0.33465 hard=0.73439 hard_red=0.02503 oracle=0.48519 rank=0.06441 value=0.22418 cand=2.37505 ndcg=0.00000 cql=0.00000 ctx=0.06110 pairs=310.5
[train-progress] epoch=9 [#######################-] 875/900  97.2% loss=0.28867 jepa=0.33520 hard=0.73175 hard_red=0.02515 oracle=0.48542 rank=0.06446 value=0.22401 cand=2.37638 ndcg=0.00000 cql=0.00000 ctx=0.06103 pairs=310.2
[train-progress] epoch=9 [#######-----------------] 275/900  30.6% loss=0.29243 jepa=0.33198 hard=0.73499 hard_red=0.02662 oracle=0.48592 rank=0.06503 value=0.22269 cand=2.37977 ndcg=0.00000 cql=0.00000 ctx=0.06013 pairs=312.0
[train-progress] epoch=9 [########################] 900/900 100.0% loss=0.28930 jepa=0.33465 hard=0.73069 hard_red=0.02519 oracle=0.48509 rank=0.06446 value=0.22378 cand=2.37459 ndcg=0.00000 cql=0.00000 ctx=0.06108 pairs=310.4
[train-progress] epoch=9 [########----------------] 300/900  33.3% loss=0.28326 jepa=0.33134 hard=0.72785 hard_red=0.02636 oracle=0.48691 rank=0.06520 value=0.22195 cand=2.38505 ndcg=0.00000 cql=0.00000 ctx=0.06028 pairs=314.3
[train-progress] epoch=9 [########----------------] 325/900  36.1% loss=0.28675 jepa=0.33109 hard=0.72724 hard_red=0.02663 oracle=0.48504 rank=0.06468 value=0.22313 cand=2.37535 ndcg=0.00000 cql=0.00000 ctx=0.06019 pairs=314.2
[train-progress] epoch=9 [#########---------------] 350/900  38.9% loss=0.28674 jepa=0.33050 hard=0.71739 hard_red=0.02731 oracle=0.48475 rank=0.06455 value=0.22475 cand=2.37275 ndcg=0.00000 cql=0.00000 ctx=0.06061 pairs=313.3
[train-progress] epoch=9 [##########--------------] 375/900  41.7% loss=0.28713 jepa=0.33040 hard=0.71811 hard_red=0.02680 oracle=0.48507 rank=0.06470 value=0.22465 cand=2.37352 ndcg=0.00000 cql=0.00000 ctx=0.06113 pairs=313.6
[train-progress] epoch=9 [##########--------------] 400/900  44.4% loss=0.28474 jepa=0.32951 hard=0.71331 hard_red=0.02643 oracle=0.48651 rank=0.06499 value=0.22352 cand=2.38182 ndcg=0.00000 cql=0.00000 ctx=0.06082 pairs=312.5
[train] epoch=9 horizon=5 train_loss=0.289298 val_loss=0.124487 train_steps=900
[train-progress] epoch=10 [------------------------] 1/900   0.1% loss=0.09864 jepa=0.28176 hard=0.67124 hard_red=0.00126 oracle=0.48785 rank=0.07573 value=0.12354 cand=2.42406 ndcg=0.00000 cql=0.00000 ctx=0.05142 pairs=318.0
[train-progress] epoch=9 [###########-------------] 425/900  47.2% loss=0.28097 jepa=0.32876 hard=0.71415 hard_red=0.02615 oracle=0.48705 rank=0.06494 value=0.22388 cand=2.38479 ndcg=0.00000 cql=0.00000 ctx=0.06082 pairs=312.5
[train-progress] epoch=10 [------------------------] 25/900   2.8% loss=0.19696 jepa=0.31986 hard=0.68871 hard_red=0.01968 oracle=0.48403 rank=0.06880 value=0.21366 cand=2.36897 ndcg=0.00000 cql=0.00000 ctx=0.05752 pairs=298.6
[train-progress] epoch=9 [############------------] 450/900  50.0% loss=0.29210 jepa=0.32932 hard=0.71758 hard_red=0.02594 oracle=0.48796 rank=0.06515 value=0.22395 cand=2.38902 ndcg=0.00000 cql=0.00000 ctx=0.06106 pairs=312.5
[train-progress] epoch=10 [#-----------------------] 50/900   5.6% loss=0.27447 jepa=0.31072 hard=0.69093 hard_red=0.02037 oracle=0.48950 rank=0.06717 value=0.21792 cand=2.40174 ndcg=0.00000 cql=0.00000 ctx=0.05693 pairs=306.9
[train-progress] epoch=9 [############------------] 475/900  52.8% loss=0.29185 jepa=0.32878 hard=0.71602 hard_red=0.02597 oracle=0.48821 rank=0.06512 value=0.22474 cand=2.39000 ndcg=0.00000 cql=0.00000 ctx=0.06114 pairs=313.0
[train-progress] epoch=10 [##----------------------] 75/900   8.3% loss=0.27918 jepa=0.31689 hard=0.71543 hard_red=0.02288 oracle=0.49148 rank=0.06762 value=0.20909 cand=2.41676 ndcg=0.00000 cql=0.00000 ctx=0.05619 pairs=305.4
[train-progress] epoch=9 [#############-----------] 500/900  55.6% loss=0.29703 jepa=0.32815 hard=0.72115 hard_red=0.02615 oracle=0.48769 rank=0.06510 value=0.22539 cand=2.38699 ndcg=0.00000 cql=0.00000 ctx=0.06103 pairs=312.8
[train-progress] epoch=10 [##----------------------] 100/900  11.1% loss=0.29840 jepa=0.32739 hard=0.71679 hard_red=0.02257 oracle=0.49294 rank=0.06680 value=0.20620 cand=2.42720 ndcg=0.00000 cql=0.00000 ctx=0.05665 pairs=298.6
[train-progress] epoch=9 [##############----------] 525/900  58.3% loss=0.29222 jepa=0.32805 hard=0.72144 hard_red=0.02564 oracle=0.48731 rank=0.06531 value=0.22562 cand=2.38425 ndcg=0.00000 cql=0.00000 ctx=0.06111 pairs=312.4
[train-progress] epoch=10 [###---------------------] 125/900  13.9% loss=0.28909 jepa=0.32459 hard=0.71195 hard_red=0.02201 oracle=0.48801 rank=0.06520 value=0.20873 cand=2.40225 ndcg=0.00000 cql=0.00000 ctx=0.05651 pairs=301.4
[train-progress] epoch=9 [##############----------] 550/900  61.1% loss=0.29019 jepa=0.32821 hard=0.71815 hard_red=0.02522 oracle=0.48680 rank=0.06507 value=0.22579 cand=2.38207 ndcg=0.00000 cql=0.00000 ctx=0.06093 pairs=312.2
[train-progress] epoch=10 [####--------------------] 150/900  16.7% loss=0.28629 jepa=0.32555 hard=0.69932 hard_red=0.02270 oracle=0.48477 rank=0.06473 value=0.21908 cand=2.37904 ndcg=0.00000 cql=0.00000 ctx=0.05767 pairs=304.2
[train-progress] epoch=9 [###############---------] 575/900  63.9% loss=0.28714 jepa=0.32706 hard=0.71525 hard_red=0.02563 oracle=0.48608 rank=0.06480 value=0.22525 cand=2.37939 ndcg=0.00000 cql=0.00000 ctx=0.06059 pairs=312.3
[train-progress] epoch=10 [####--------------------] 175/900  19.4% loss=0.27414 jepa=0.32126 hard=0.70764 hard_red=0.02319 oracle=0.48422 rank=0.06497 value=0.22050 cand=2.37389 ndcg=0.00000 cql=0.00000 ctx=0.05837 pairs=305.7
[train-progress] epoch=9 [################--------] 600/900  66.7% loss=0.28763 jepa=0.32710 hard=0.71298 hard_red=0.02573 oracle=0.48526 rank=0.06467 value=0.22526 cand=2.37514 ndcg=0.00000 cql=0.00000 ctx=0.06057 pairs=313.0
[train-progress] epoch=10 [#####-------------------] 200/900  22.2% loss=0.27269 jepa=0.32167 hard=0.70827 hard_red=0.02235 oracle=0.48509 rank=0.06512 value=0.21810 cand=2.37946 ndcg=0.00000 cql=0.00000 ctx=0.05837 pairs=307.7
[train-progress] epoch=9 [################--------] 625/900  69.4% loss=0.29371 jepa=0.32684 hard=0.71147 hard_red=0.02551 oracle=0.48468 rank=0.06449 value=0.22469 cand=2.37264 ndcg=0.00000 cql=0.00000 ctx=0.06049 pairs=313.6
[train-progress] epoch=10 [######------------------] 225/900  25.0% loss=0.27093 jepa=0.32069 hard=0.69754 hard_red=0.02244 oracle=0.48241 rank=0.06477 value=0.21720 cand=2.36589 ndcg=0.00000 cql=0.00000 ctx=0.05824 pairs=307.5
[train-progress] epoch=9 [#################-------] 650/900  72.2% loss=0.29062 jepa=0.32607 hard=0.71390 hard_red=0.02545 oracle=0.48561 rank=0.06456 value=0.22362 cand=2.37824 ndcg=0.00000 cql=0.00000 ctx=0.06039 pairs=313.3
[train-progress] epoch=10 [######------------------] 250/900  27.8% loss=0.27030 jepa=0.31901 hard=0.70400 hard_red=0.02302 oracle=0.48098 rank=0.06454 value=0.21809 cand=2.35833 ndcg=0.00000 cql=0.00000 ctx=0.05804 pairs=307.4
[train-progress] epoch=9 [##################------] 675/900  75.0% loss=0.29908 jepa=0.32671 hard=0.71620 hard_red=0.02550 oracle=0.48478 rank=0.06448 value=0.22282 cand=2.37480 ndcg=0.00000 cql=0.00000 ctx=0.05996 pairs=312.5
[train-progress] epoch=10 [#######-----------------] 275/900  30.6% loss=0.27975 jepa=0.32021 hard=0.70807 hard_red=0.02263 oracle=0.48272 rank=0.06462 value=0.21776 cand=2.36760 ndcg=0.00000 cql=0.00000 ctx=0.05830 pairs=306.9
[train-progress] epoch=9 [##################------] 700/900  77.8% loss=0.29619 jepa=0.32684 hard=0.72008 hard_red=0.02560 oracle=0.48456 rank=0.06437 value=0.22356 cand=2.37336 ndcg=0.00000 cql=0.00000 ctx=0.06005 pairs=312.4
[train-progress] epoch=10 [########----------------] 300/900  33.3% loss=0.28361 jepa=0.32223 hard=0.69644 hard_red=0.02324 oracle=0.48289 rank=0.06468 value=0.21788 cand=2.36753 ndcg=0.00000 cql=0.00000 ctx=0.05889 pairs=309.5
[train-progress] epoch=9 [###################-----] 725/900  80.6% loss=0.29357 jepa=0.32634 hard=0.71688 hard_red=0.02543 oracle=0.48441 rank=0.06428 value=0.22334 cand=2.37306 ndcg=0.00000 cql=0.00000 ctx=0.05987 pairs=311.5
[train-progress] epoch=10 [########----------------] 325/900  36.1% loss=0.29354 jepa=0.32467 hard=0.69575 hard_red=0.02262 oracle=0.48270 rank=0.06442 value=0.21742 cand=2.36798 ndcg=0.00000 cql=0.00000 ctx=0.05836 pairs=309.5
[train-progress] epoch=9 [####################----] 750/900  83.3% loss=0.29281 jepa=0.32609 hard=0.71543 hard_red=0.02513 oracle=0.48456 rank=0.06440 value=0.22268 cand=2.37402 ndcg=0.00000 cql=0.00000 ctx=0.05980 pairs=311.0
[train-progress] epoch=10 [#########---------------] 350/900  38.9% loss=0.28894 jepa=0.32375 hard=0.69543 hard_red=0.02335 oracle=0.48509 rank=0.06447 value=0.21762 cand=2.38089 ndcg=0.00000 cql=0.00000 ctx=0.05847 pairs=308.3
[train-progress] epoch=9 [####################----] 775/900  86.1% loss=0.29018 jepa=0.32546 hard=0.71321 hard_red=0.02492 oracle=0.48523 rank=0.06433 value=0.22184 cand=2.37828 ndcg=0.00000 cql=0.00000 ctx=0.05980 pairs=310.5
[train-progress] epoch=10 [##########--------------] 375/900  41.7% loss=0.29455 jepa=0.32925 hard=0.70006 hard_red=0.02416 oracle=0.48557 rank=0.06468 value=0.21887 cand=2.38235 ndcg=0.00000 cql=0.00000 ctx=0.05865 pairs=309.4
[train-progress] epoch=9 [#####################---] 800/900  88.9% loss=0.29053 jepa=0.32471 hard=0.71327 hard_red=0.02490 oracle=0.48440 rank=0.06418 value=0.22198 cand=2.37406 ndcg=0.00000 cql=0.00000 ctx=0.05969 pairs=310.8
[train-progress] epoch=10 [##########--------------] 400/900  44.4% loss=0.30601 jepa=0.33152 hard=0.69968 hard_red=0.02382 oracle=0.48629 rank=0.06454 value=0.22172 cand=2.38485 ndcg=0.00000 cql=0.00000 ctx=0.05901 pairs=310.7
[train-progress] epoch=9 [######################--] 825/900  91.7% loss=0.28785 jepa=0.32410 hard=0.70729 hard_red=0.02488 oracle=0.48434 rank=0.06414 value=0.22180 cand=2.37412 ndcg=0.00000 cql=0.00000 ctx=0.05954 pairs=310.9
[train-progress] epoch=10 [###########-------------] 425/900  47.2% loss=0.30141 jepa=0.33011 hard=0.70021 hard_red=0.02370 oracle=0.48710 rank=0.06444 value=0.22260 cand=2.38920 ndcg=0.00000 cql=0.00000 ctx=0.05900 pairs=310.9
[train-progress] epoch=9 [######################--] 850/900  94.4% loss=0.28796 jepa=0.32357 hard=0.70829 hard_red=0.02493 oracle=0.48428 rank=0.06421 value=0.22134 cand=2.37394 ndcg=0.00000 cql=0.00000 ctx=0.05945 pairs=310.5
[train-progress] epoch=10 [############------------] 450/900  50.0% loss=0.31643 jepa=0.33048 hard=0.69542 hard_red=0.02362 oracle=0.48685 rank=0.06451 value=0.22321 cand=2.38731 ndcg=0.00000 cql=0.00000 ctx=0.05906 pairs=310.4
[train-progress] epoch=9 [#######################-] 875/900  97.2% loss=0.28792 jepa=0.32382 hard=0.70601 hard_red=0.02499 oracle=0.48464 rank=0.06431 value=0.22191 cand=2.37535 ndcg=0.00000 cql=0.00000 ctx=0.05954 pairs=310.2
[train-progress] epoch=10 [############------------] 475/900  52.8% loss=0.31787 jepa=0.33180 hard=0.69804 hard_red=0.02347 oracle=0.48718 rank=0.06498 value=0.22226 cand=2.38819 ndcg=0.00000 cql=0.00000 ctx=0.05932 pairs=311.0
[train-progress] epoch=9 [########################] 900/900 100.0% loss=0.28854 jepa=0.32369 hard=0.70551 hard_red=0.02499 oracle=0.48427 rank=0.06429 value=0.22199 cand=2.37330 ndcg=0.00000 cql=0.00000 ctx=0.05954 pairs=310.4
[train-progress] epoch=10 [#############-----------] 500/900  55.6% loss=0.31346 jepa=0.33010 hard=0.69369 hard_red=0.02322 oracle=0.48641 rank=0.06505 value=0.22256 cand=2.38368 ndcg=0.00000 cql=0.00000 ctx=0.05928 pairs=311.1
[train-progress] epoch=10 [##############----------] 525/900  58.3% loss=0.31977 jepa=0.33219 hard=0.70051 hard_red=0.02364 oracle=0.48563 rank=0.06493 value=0.22339 cand=2.37930 ndcg=0.00000 cql=0.00000 ctx=0.05927 pairs=310.2
[train-progress] epoch=10 [##############----------] 550/900  61.1% loss=0.31861 jepa=0.33228 hard=0.70108 hard_red=0.02365 oracle=0.48586 rank=0.06495 value=0.22288 cand=2.38038 ndcg=0.00000 cql=0.00000 ctx=0.05951 pairs=310.4
[train-progress] epoch=10 [###############---------] 575/900  63.9% loss=0.31468 jepa=0.33117 hard=0.69764 hard_red=0.02365 oracle=0.48612 rank=0.06474 value=0.22265 cand=2.38282 ndcg=0.00000 cql=0.00000 ctx=0.05919 pairs=311.1
[train-progress] epoch=10 [################--------] 600/900  66.7% loss=0.31536 jepa=0.33103 hard=0.69999 hard_red=0.02413 oracle=0.48589 rank=0.06468 value=0.22262 cand=2.38168 ndcg=0.00000 cql=0.00000 ctx=0.05919 pairs=311.2
[train-progress] epoch=10 [################--------] 625/900  69.4% loss=0.31065 jepa=0.33072 hard=0.70435 hard_red=0.02384 oracle=0.48723 rank=0.06472 value=0.22099 cand=2.38983 ndcg=0.00000 cql=0.00000 ctx=0.05913 pairs=311.2
[train] epoch=9 horizon=5 train_loss=0.288536 val_loss=0.111549 train_steps=900
[train-progress] epoch=10 [------------------------] 1/900   0.1% loss=0.10028 jepa=0.29842 hard=0.59156 hard_red=0.00089 oracle=0.49253 rank=0.08739 value=0.15590 cand=2.41828 ndcg=0.00000 cql=0.00000 ctx=0.04624 pairs=318.0
[train-progress] epoch=10 [#################-------] 650/900  72.2% loss=0.30986 jepa=0.33089 hard=0.70360 hard_red=0.02348 oracle=0.48691 rank=0.06468 value=0.22212 cand=2.38729 ndcg=0.00000 cql=0.00000 ctx=0.05942 pairs=310.8
[train-progress] epoch=10 [------------------------] 25/900   2.8% loss=0.21739 jepa=0.32539 hard=0.69220 hard_red=0.02348 oracle=0.48424 rank=0.07130 value=0.21877 cand=2.36561 ndcg=0.00000 cql=0.00000 ctx=0.05533 pairs=298.6
[train-progress] epoch=10 [##################------] 675/900  75.0% loss=0.30585 jepa=0.32963 hard=0.70436 hard_red=0.02323 oracle=0.48670 rank=0.06471 value=0.22205 cand=2.38597 ndcg=0.00000 cql=0.00000 ctx=0.05948 pairs=311.3
[train-progress] epoch=10 [#-----------------------] 50/900   5.6% loss=0.29526 jepa=0.31750 hard=0.67809 hard_red=0.02212 oracle=0.49042 rank=0.06880 value=0.22523 cand=2.40272 ndcg=0.00000 cql=0.00000 ctx=0.05507 pairs=306.9
[train-progress] epoch=10 [##################------] 700/900  77.8% loss=0.30528 jepa=0.33017 hard=0.70579 hard_red=0.02395 oracle=0.48666 rank=0.06483 value=0.22273 cand=2.38527 ndcg=0.00000 cql=0.00000 ctx=0.05942 pairs=310.8
[train-progress] epoch=10 [##----------------------] 75/900   8.3% loss=0.30112 jepa=0.31748 hard=0.69326 hard_red=0.02418 oracle=0.49358 rank=0.06965 value=0.21897 cand=2.41936 ndcg=0.00000 cql=0.00000 ctx=0.05643 pairs=305.4
[train-progress] epoch=10 [###################-----] 725/900  80.6% loss=0.30592 jepa=0.33099 hard=0.70702 hard_red=0.02455 oracle=0.48683 rank=0.06491 value=0.22286 cand=2.38625 ndcg=0.00000 cql=0.00000 ctx=0.05926 pairs=310.3
[train-progress] epoch=10 [##----------------------] 100/900  11.1% loss=0.31642 jepa=0.32623 hard=0.70147 hard_red=0.02376 oracle=0.49502 rank=0.06877 value=0.21667 cand=2.43029 ndcg=0.00000 cql=0.00000 ctx=0.05642 pairs=298.6
[train-progress] epoch=10 [####################----] 750/900  83.3% loss=0.30439 jepa=0.33119 hard=0.70694 hard_red=0.02456 oracle=0.48578 rank=0.06465 value=0.22294 cand=2.38121 ndcg=0.00000 cql=0.00000 ctx=0.05904 pairs=310.5
[train-progress] epoch=10 [###---------------------] 125/900  13.9% loss=0.30541 jepa=0.32605 hard=0.69549 hard_red=0.02296 oracle=0.49060 rank=0.06746 value=0.21744 cand=2.40728 ndcg=0.00000 cql=0.00000 ctx=0.05702 pairs=301.4
[train-progress] epoch=10 [####################----] 775/900  86.1% loss=0.30553 jepa=0.33151 hard=0.70753 hard_red=0.02481 oracle=0.48539 rank=0.06463 value=0.22333 cand=2.37892 ndcg=0.00000 cql=0.00000 ctx=0.05904 pairs=310.4
[train-progress] epoch=10 [####--------------------] 150/900  16.7% loss=0.30208 jepa=0.32630 hard=0.68709 hard_red=0.02389 oracle=0.48806 rank=0.06753 value=0.23206 cand=2.38512 ndcg=0.00000 cql=0.00000 ctx=0.05803 pairs=304.2
[train-progress] epoch=10 [#####################---] 800/900  88.9% loss=0.31373 jepa=0.33307 hard=0.70387 hard_red=0.02469 oracle=0.48610 rank=0.06457 value=0.22335 cand=2.38302 ndcg=0.00000 cql=0.00000 ctx=0.05899 pairs=310.3
[train-progress] epoch=10 [####--------------------] 175/900  19.4% loss=0.28757 jepa=0.32227 hard=0.69437 hard_red=0.02472 oracle=0.48697 rank=0.06740 value=0.22997 cand=2.37927 ndcg=0.00000 cql=0.00000 ctx=0.05875 pairs=305.7
[train-progress] epoch=10 [######################--] 825/900  91.7% loss=0.31741 jepa=0.33352 hard=0.70253 hard_red=0.02440 oracle=0.48667 rank=0.06442 value=0.22288 cand=2.38701 ndcg=0.00000 cql=0.00000 ctx=0.05879 pairs=310.1
[train-progress] epoch=10 [#####-------------------] 200/900  22.2% loss=0.28479 jepa=0.32482 hard=0.69804 hard_red=0.02371 oracle=0.48737 rank=0.06741 value=0.22746 cand=2.38327 ndcg=0.00000 cql=0.00000 ctx=0.05826 pairs=307.7
[train-progress] epoch=10 [######################--] 850/900  94.4% loss=0.31621 jepa=0.33486 hard=0.70432 hard_red=0.02421 oracle=0.48657 rank=0.06441 value=0.22291 cand=2.38647 ndcg=0.00000 cql=0.00000 ctx=0.05878 pairs=310.2
[train-progress] epoch=10 [######------------------] 225/900  25.0% loss=0.28559 jepa=0.32646 hard=0.68779 hard_red=0.02376 oracle=0.48494 rank=0.06673 value=0.22674 cand=2.37168 ndcg=0.00000 cql=0.00000 ctx=0.05815 pairs=307.5
[train-progress] epoch=10 [#######################-] 875/900  97.2% loss=0.31968 jepa=0.33450 hard=0.70261 hard_red=0.02426 oracle=0.48723 rank=0.06450 value=0.22221 cand=2.39047 ndcg=0.00000 cql=0.00000 ctx=0.05863 pairs=310.5
[train-progress] epoch=10 [######------------------] 250/900  27.8% loss=0.28330 jepa=0.32519 hard=0.69392 hard_red=0.02408 oracle=0.48323 rank=0.06648 value=0.22554 cand=2.36322 ndcg=0.00000 cql=0.00000 ctx=0.05818 pairs=307.4
[train-progress] epoch=10 [########################] 900/900 100.0% loss=0.32000 jepa=0.33404 hard=0.70173 hard_red=0.02408 oracle=0.48674 rank=0.06424 value=0.22214 cand=2.38862 ndcg=0.00000 cql=0.00000 ctx=0.05842 pairs=310.4
[train-progress] epoch=10 [#######-----------------] 275/900  30.6% loss=0.28765 jepa=0.32588 hard=0.69659 hard_red=0.02357 oracle=0.48476 rank=0.06652 value=0.22374 cand=2.37222 ndcg=0.00000 cql=0.00000 ctx=0.05835 pairs=306.9
[train-progress] epoch=10 [########----------------] 300/900  33.3% loss=0.28961 jepa=0.32594 hard=0.68590 hard_red=0.02420 oracle=0.48466 rank=0.06655 value=0.22254 cand=2.37194 ndcg=0.00000 cql=0.00000 ctx=0.05848 pairs=309.5
[train-progress] epoch=10 [########----------------] 325/900  36.1% loss=0.29414 jepa=0.33345 hard=0.68404 hard_red=0.02357 oracle=0.48460 rank=0.06622 value=0.22174 cand=2.37298 ndcg=0.00000 cql=0.00000 ctx=0.05825 pairs=309.5
[train-progress] epoch=10 [#########---------------] 350/900  38.9% loss=0.28889 jepa=0.33111 hard=0.68312 hard_red=0.02423 oracle=0.48716 rank=0.06650 value=0.22137 cand=2.38615 ndcg=0.00000 cql=0.00000 ctx=0.05868 pairs=308.3
[train] epoch=10 horizon=5 train_loss=0.320000 val_loss=0.124167 train_steps=900
[train-progress] epoch=11 [------------------------] 1/900   0.1% loss=0.39265 jepa=0.27801 hard=1.38844 hard_red=0.09385 oracle=0.49037 rank=0.07464 value=0.09389 cand=2.46037 ndcg=0.00000 cql=0.00000 ctx=0.04652 pairs=280.0
[train-progress] epoch=10 [##########--------------] 375/900  41.7% loss=0.29042 jepa=0.33215 hard=0.68697 hard_red=0.02477 oracle=0.48734 rank=0.06634 value=0.22212 cand=2.38737 ndcg=0.00000 cql=0.00000 ctx=0.05854 pairs=309.4
[train-progress] epoch=11 [------------------------] 25/900   2.8% loss=0.17829 jepa=0.29609 hard=0.69008 hard_red=0.03298 oracle=0.49332 rank=0.06839 value=0.20620 cand=2.42644 ndcg=0.00000 cql=0.00000 ctx=0.05631 pairs=335.6
[train-progress] epoch=10 [##########--------------] 400/900  44.4% loss=0.30412 jepa=0.33376 hard=0.68594 hard_red=0.02445 oracle=0.48824 rank=0.06650 value=0.22435 cand=2.39007 ndcg=0.00000 cql=0.00000 ctx=0.05924 pairs=310.7
[train-progress] epoch=11 [#-----------------------] 50/900   5.6% loss=0.26832 jepa=0.31249 hard=0.66671 hard_red=0.02513 oracle=0.49917 rank=0.06829 value=0.20372 cand=2.45961 ndcg=0.00000 cql=0.00000 ctx=0.05676 pairs=319.2
[train-progress] epoch=10 [###########-------------] 425/900  47.2% loss=0.30074 jepa=0.33218 hard=0.68448 hard_red=0.02427 oracle=0.48887 rank=0.06627 value=0.22410 cand=2.39445 ndcg=0.00000 cql=0.00000 ctx=0.05901 pairs=310.9
[train-progress] epoch=11 [##----------------------] 75/900   8.3% loss=0.27508 jepa=0.32408 hard=0.67874 hard_red=0.02467 oracle=0.49811 rank=0.06722 value=0.20747 cand=2.45133 ndcg=0.00000 cql=0.00000 ctx=0.05892 pairs=316.0
[train-progress] epoch=10 [############------------] 450/900  50.0% loss=0.31437 jepa=0.33376 hard=0.68054 hard_red=0.02412 oracle=0.48829 rank=0.06601 value=0.22372 cand=2.39217 ndcg=0.00000 cql=0.00000 ctx=0.05890 pairs=310.4
[train-progress] epoch=11 [##----------------------] 100/900  11.1% loss=0.26668 jepa=0.32523 hard=0.69336 hard_red=0.02324 oracle=0.49370 rank=0.06723 value=0.20626 cand=2.42860 ndcg=0.00000 cql=0.00000 ctx=0.05802 pairs=313.6
[train-progress] epoch=10 [############------------] 475/900  52.8% loss=0.31672 jepa=0.33451 hard=0.68372 hard_red=0.02400 oracle=0.48838 rank=0.06616 value=0.22336 cand=2.39239 ndcg=0.00000 cql=0.00000 ctx=0.05897 pairs=311.0
[train-progress] epoch=11 [###---------------------] 125/900  13.9% loss=0.25151 jepa=0.32380 hard=0.70094 hard_red=0.02276 oracle=0.49481 rank=0.06740 value=0.20469 cand=2.43639 ndcg=0.00000 cql=0.00000 ctx=0.05707 pairs=311.5
[train-progress] epoch=10 [#############-----------] 500/900  55.6% loss=0.31209 jepa=0.33226 hard=0.67791 hard_red=0.02365 oracle=0.48746 rank=0.06620 value=0.22365 cand=2.38743 ndcg=0.00000 cql=0.00000 ctx=0.05870 pairs=311.1
[train-progress] epoch=11 [####--------------------] 150/900  16.7% loss=0.26008 jepa=0.32775 hard=0.69968 hard_red=0.02598 oracle=0.49412 rank=0.06777 value=0.20518 cand=2.43002 ndcg=0.00000 cql=0.00000 ctx=0.05819 pairs=310.9
[train-progress] epoch=10 [##############----------] 525/900  58.3% loss=0.32059 jepa=0.33193 hard=0.68249 hard_red=0.02413 oracle=0.48669 rank=0.06610 value=0.22420 cand=2.38292 ndcg=0.00000 cql=0.00000 ctx=0.05883 pairs=310.2
[train-progress] epoch=11 [####--------------------] 175/900  19.4% loss=0.25841 jepa=0.32910 hard=0.70454 hard_red=0.02619 oracle=0.49215 rank=0.06716 value=0.20635 cand=2.42032 ndcg=0.00000 cql=0.00000 ctx=0.05784 pairs=311.1
[train-progress] epoch=10 [##############----------] 550/900  61.1% loss=0.31946 jepa=0.33154 hard=0.68437 hard_red=0.02403 oracle=0.48683 rank=0.06615 value=0.22449 cand=2.38358 ndcg=0.00000 cql=0.00000 ctx=0.05874 pairs=310.4
[train-progress] epoch=11 [#####-------------------] 200/900  22.2% loss=0.25870 jepa=0.32802 hard=0.70634 hard_red=0.02627 oracle=0.49055 rank=0.06691 value=0.20810 cand=2.41080 ndcg=0.00000 cql=0.00000 ctx=0.05811 pairs=312.4
[train-progress] epoch=10 [###############---------] 575/900  63.9% loss=0.31672 jepa=0.33061 hard=0.67971 hard_red=0.02400 oracle=0.48700 rank=0.06588 value=0.22423 cand=2.38571 ndcg=0.00000 cql=0.00000 ctx=0.05840 pairs=311.1
[train-progress] epoch=11 [######------------------] 225/900  25.0% loss=0.27260 jepa=0.32580 hard=0.69842 hard_red=0.02626 oracle=0.48842 rank=0.06620 value=0.20893 cand=2.40073 ndcg=0.00000 cql=0.00000 ctx=0.05766 pairs=312.8
[train-progress] epoch=10 [################--------] 600/900  66.7% loss=0.31579 jepa=0.33022 hard=0.68228 hard_red=0.02444 oracle=0.48669 rank=0.06562 value=0.22441 cand=2.38455 ndcg=0.00000 cql=0.00000 ctx=0.05833 pairs=311.2
[train-progress] epoch=11 [######------------------] 250/900  27.8% loss=0.26972 jepa=0.32575 hard=0.71307 hard_red=0.02602 oracle=0.48799 rank=0.06531 value=0.20916 cand=2.40128 ndcg=0.00000 cql=0.00000 ctx=0.05684 pairs=311.0
[train-progress] epoch=10 [################--------] 625/900  69.4% loss=0.31021 jepa=0.32959 hard=0.68622 hard_red=0.02420 oracle=0.48800 rank=0.06566 value=0.22292 cand=2.39238 ndcg=0.00000 cql=0.00000 ctx=0.05835 pairs=311.2
[train-progress] epoch=11 [#######-----------------] 275/900  30.6% loss=0.26924 jepa=0.32443 hard=0.71435 hard_red=0.02565 oracle=0.48760 rank=0.06476 value=0.20999 cand=2.40042 ndcg=0.00000 cql=0.00000 ctx=0.05647 pairs=309.0
[train-progress] epoch=10 [#################-------] 650/900  72.2% loss=0.30966 jepa=0.32983 hard=0.68644 hard_red=0.02388 oracle=0.48752 rank=0.06560 value=0.22365 cand=2.38958 ndcg=0.00000 cql=0.00000 ctx=0.05829 pairs=310.8
[train-progress] epoch=11 [########----------------] 300/900  33.3% loss=0.27311 jepa=0.32835 hard=0.70749 hard_red=0.02529 oracle=0.48795 rank=0.06442 value=0.20909 cand=2.40455 ndcg=0.00000 cql=0.00000 ctx=0.05569 pairs=308.4
[train-progress] epoch=10 [##################------] 675/900  75.0% loss=0.30480 jepa=0.32873 hard=0.68640 hard_red=0.02360 oracle=0.48733 rank=0.06572 value=0.22317 cand=2.38843 ndcg=0.00000 cql=0.00000 ctx=0.05834 pairs=311.3
[train-progress] epoch=11 [########----------------] 325/900  36.1% loss=0.27762 jepa=0.32738 hard=0.70486 hard_red=0.02570 oracle=0.48779 rank=0.06438 value=0.20841 cand=2.40454 ndcg=0.00000 cql=0.00000 ctx=0.05534 pairs=309.0
[train-progress] epoch=10 [##################------] 700/900  77.8% loss=0.30455 jepa=0.32933 hard=0.68879 hard_red=0.02421 oracle=0.48736 rank=0.06598 value=0.22297 cand=2.38807 ndcg=0.00000 cql=0.00000 ctx=0.05840 pairs=310.8
[train-progress] epoch=11 [#########---------------] 350/900  38.9% loss=0.27768 jepa=0.32771 hard=0.70443 hard_red=0.02589 oracle=0.48744 rank=0.06401 value=0.21013 cand=2.40305 ndcg=0.00000 cql=0.00000 ctx=0.05504 pairs=308.8
[train-progress] epoch=10 [###################-----] 725/900  80.6% loss=0.30439 jepa=0.32999 hard=0.69058 hard_red=0.02478 oracle=0.48741 rank=0.06591 value=0.22223 cand=2.38908 ndcg=0.00000 cql=0.00000 ctx=0.05819 pairs=310.3
[train-progress] epoch=11 [##########--------------] 375/900  41.7% loss=0.28244 jepa=0.32988 hard=0.69954 hard_red=0.02620 oracle=0.48586 rank=0.06375 value=0.21010 cand=2.39466 ndcg=0.00000 cql=0.00000 ctx=0.05516 pairs=308.6
[train-progress] epoch=10 [####################----] 750/900  83.3% loss=0.30237 jepa=0.32974 hard=0.69083 hard_red=0.02475 oracle=0.48654 rank=0.06573 value=0.22275 cand=2.38448 ndcg=0.00000 cql=0.00000 ctx=0.05816 pairs=310.5
[train-progress] epoch=11 [##########--------------] 400/900  44.4% loss=0.28176 jepa=0.32953 hard=0.69577 hard_red=0.02581 oracle=0.48527 rank=0.06367 value=0.21103 cand=2.39115 ndcg=0.00000 cql=0.00000 ctx=0.05513 pairs=308.2
[train-progress] epoch=10 [####################----] 775/900  86.1% loss=0.30193 jepa=0.33030 hard=0.69224 hard_red=0.02497 oracle=0.48604 rank=0.06570 value=0.22258 cand=2.38192 ndcg=0.00000 cql=0.00000 ctx=0.05810 pairs=310.4
[train-progress] epoch=11 [###########-------------] 425/900  47.2% loss=0.29554 jepa=0.33084 hard=0.68361 hard_red=0.02579 oracle=0.48489 rank=0.06338 value=0.21189 cand=2.38936 ndcg=0.00000 cql=0.00000 ctx=0.05506 pairs=308.1
[train-progress] epoch=10 [#####################---] 800/900  88.9% loss=0.30972 jepa=0.33156 hard=0.68818 hard_red=0.02480 oracle=0.48686 rank=0.06568 value=0.22331 cand=2.38618 ndcg=0.00000 cql=0.00000 ctx=0.05810 pairs=310.3
[train-progress] epoch=11 [############------------] 450/900  50.0% loss=0.29600 jepa=0.33086 hard=0.68340 hard_red=0.02569 oracle=0.48468 rank=0.06359 value=0.21191 cand=2.38730 ndcg=0.00000 cql=0.00000 ctx=0.05539 pairs=307.7
[train-progress] epoch=10 [######################--] 825/900  91.7% loss=0.31399 jepa=0.33205 hard=0.68605 hard_red=0.02453 oracle=0.48749 rank=0.06557 value=0.22281 cand=2.39011 ndcg=0.00000 cql=0.00000 ctx=0.05812 pairs=310.1
[train-progress] epoch=11 [############------------] 475/900  52.8% loss=0.29775 jepa=0.33287 hard=0.68396 hard_red=0.02495 oracle=0.48596 rank=0.06373 value=0.21129 cand=2.39439 ndcg=0.00000 cql=0.00000 ctx=0.05539 pairs=307.9
[train-progress] epoch=10 [######################--] 850/900  94.4% loss=0.31388 jepa=0.33201 hard=0.68641 hard_red=0.02433 oracle=0.48742 rank=0.06554 value=0.22277 cand=2.38969 ndcg=0.00000 cql=0.00000 ctx=0.05818 pairs=310.2
[train-progress] epoch=11 [#############-----------] 500/900  55.6% loss=0.29319 jepa=0.33236 hard=0.68831 hard_red=0.02516 oracle=0.48578 rank=0.06369 value=0.21040 cand=2.39415 ndcg=0.00000 cql=0.00000 ctx=0.05521 pairs=308.0
[train-progress] epoch=10 [#######################-] 875/900  97.2% loss=0.31767 jepa=0.33193 hard=0.68572 hard_red=0.02441 oracle=0.48811 rank=0.06564 value=0.22166 cand=2.39389 ndcg=0.00000 cql=0.00000 ctx=0.05811 pairs=310.5
[train-progress] epoch=11 [##############----------] 525/900  58.3% loss=0.29099 jepa=0.33158 hard=0.68824 hard_red=0.02510 oracle=0.48588 rank=0.06384 value=0.20967 cand=2.39473 ndcg=0.00000 cql=0.00000 ctx=0.05518 pairs=307.6
[train-progress] epoch=10 [########################] 900/900 100.0% loss=0.31834 jepa=0.33145 hard=0.68540 hard_red=0.02422 oracle=0.48769 rank=0.06544 value=0.22200 cand=2.39207 ndcg=0.00000 cql=0.00000 ctx=0.05796 pairs=310.4
[train-progress] epoch=11 [##############----------] 550/900  61.1% loss=0.29544 jepa=0.33184 hard=0.68536 hard_red=0.02447 oracle=0.48473 rank=0.06363 value=0.21033 cand=2.38854 ndcg=0.00000 cql=0.00000 ctx=0.05516 pairs=307.1
[train-progress] epoch=11 [###############---------] 575/900  63.9% loss=0.29149 jepa=0.33088 hard=0.68336 hard_red=0.02450 oracle=0.48457 rank=0.06350 value=0.21035 cand=2.38827 ndcg=0.00000 cql=0.00000 ctx=0.05490 pairs=306.7
[train-progress] epoch=11 [################--------] 600/900  66.7% loss=0.29503 jepa=0.33116 hard=0.68313 hard_red=0.02426 oracle=0.48422 rank=0.06347 value=0.21042 cand=2.38645 ndcg=0.00000 cql=0.00000 ctx=0.05482 pairs=307.6
[train-progress] epoch=11 [################--------] 625/900  69.4% loss=0.29671 jepa=0.33171 hard=0.67861 hard_red=0.02417 oracle=0.48417 rank=0.06361 value=0.21116 cand=2.38530 ndcg=0.00000 cql=0.00000 ctx=0.05499 pairs=308.2
[train-progress] epoch=11 [#################-------] 650/900  72.2% loss=0.29272 jepa=0.33085 hard=0.67982 hard_red=0.02405 oracle=0.48376 rank=0.06335 value=0.21087 cand=2.38359 ndcg=0.00000 cql=0.00000 ctx=0.05506 pairs=308.2
[train-progress] epoch=11 [##################------] 675/900  75.0% loss=0.29473 jepa=0.33138 hard=0.68343 hard_red=0.02424 oracle=0.48335 rank=0.06335 value=0.21071 cand=2.38140 ndcg=0.00000 cql=0.00000 ctx=0.05508 pairs=308.7
[train] epoch=10 horizon=5 train_loss=0.318344 val_loss=0.115588 train_steps=900
[train-progress] epoch=11 [------------------------] 1/900   0.1% loss=0.34863 jepa=0.29005 hard=1.39801 hard_red=0.09022 oracle=0.49401 rank=0.04850 value=0.18700 cand=2.48092 ndcg=0.00000 cql=0.00000 ctx=0.05621 pairs=280.0
[train-progress] epoch=11 [##################------] 700/900  77.8% loss=0.29344 jepa=0.33136 hard=0.68244 hard_red=0.02440 oracle=0.48324 rank=0.06333 value=0.21097 cand=2.38086 ndcg=0.00000 cql=0.00000 ctx=0.05497 pairs=309.0
[train-progress] epoch=11 [------------------------] 25/900   2.8% loss=0.21995 jepa=0.30389 hard=0.66833 hard_red=0.03258 oracle=0.49172 rank=0.06575 value=0.20167 cand=2.42320 ndcg=0.00000 cql=0.00000 ctx=0.05770 pairs=335.6
[train-progress] epoch=11 [###################-----] 725/900  80.6% loss=0.29380 jepa=0.33214 hard=0.68163 hard_red=0.02412 oracle=0.48298 rank=0.06349 value=0.21188 cand=2.37849 ndcg=0.00000 cql=0.00000 ctx=0.05511 pairs=309.4
[train-progress] epoch=11 [#-----------------------] 50/900   5.6% loss=0.29971 jepa=0.30848 hard=0.66710 hard_red=0.02459 oracle=0.49932 rank=0.06603 value=0.20886 cand=2.46149 ndcg=0.00000 cql=0.00000 ctx=0.05781 pairs=319.2
[train-progress] epoch=11 [####################----] 750/900  83.3% loss=0.29487 jepa=0.33227 hard=0.67668 hard_red=0.02442 oracle=0.48289 rank=0.06336 value=0.21160 cand=2.37836 ndcg=0.00000 cql=0.00000 ctx=0.05512 pairs=309.2
[train-progress] epoch=11 [##----------------------] 75/900   8.3% loss=0.30148 jepa=0.31213 hard=0.66237 hard_red=0.02427 oracle=0.49867 rank=0.06695 value=0.21373 cand=2.45111 ndcg=0.00000 cql=0.00000 ctx=0.05971 pairs=316.0
[train-progress] epoch=11 [####################----] 775/900  86.1% loss=0.30065 jepa=0.33338 hard=0.68085 hard_red=0.02441 oracle=0.48245 rank=0.06337 value=0.21181 cand=2.37587 ndcg=0.00000 cql=0.00000 ctx=0.05508 pairs=309.6
[train-progress] epoch=11 [##----------------------] 100/900  11.1% loss=0.28876 jepa=0.32191 hard=0.67030 hard_red=0.02278 oracle=0.49403 rank=0.06697 value=0.21025 cand=2.42909 ndcg=0.00000 cql=0.00000 ctx=0.05809 pairs=313.6
[train-progress] epoch=11 [#####################---] 800/900  88.9% loss=0.30115 jepa=0.33378 hard=0.67941 hard_red=0.02443 oracle=0.48293 rank=0.06323 value=0.21128 cand=2.37911 ndcg=0.00000 cql=0.00000 ctx=0.05502 pairs=309.0
[train-progress] epoch=11 [###---------------------] 125/900  13.9% loss=0.26794 jepa=0.32028 hard=0.67344 hard_red=0.02229 oracle=0.49483 rank=0.06681 value=0.20699 cand=2.43715 ndcg=0.00000 cql=0.00000 ctx=0.05678 pairs=311.5
[train-progress] epoch=11 [######################--] 825/900  91.7% loss=0.29975 jepa=0.33416 hard=0.68023 hard_red=0.02447 oracle=0.48346 rank=0.06329 value=0.21125 cand=2.38199 ndcg=0.00000 cql=0.00000 ctx=0.05501 pairs=309.1
[train-progress] epoch=11 [######################--] 850/900  94.4% loss=0.30340 jepa=0.33536 hard=0.67721 hard_red=0.02462 oracle=0.48370 rank=0.06317 value=0.21155 cand=2.38335 ndcg=0.00000 cql=0.00000 ctx=0.05508 pairs=309.1
[train-progress] epoch=11 [####--------------------] 150/900  16.7% loss=0.27256 jepa=0.32534 hard=0.66960 hard_red=0.02572 oracle=0.49368 rank=0.06657 value=0.20982 cand=2.42856 ndcg=0.00000 cql=0.00000 ctx=0.05784 pairs=310.9
[train-progress] epoch=11 [#######################-] 875/900  97.2% loss=0.30079 jepa=0.33556 hard=0.67719 hard_red=0.02469 oracle=0.48369 rank=0.06332 value=0.21260 cand=2.38250 ndcg=0.00000 cql=0.00000 ctx=0.05509 pairs=308.7
[train-progress] epoch=11 [####--------------------] 175/900  19.4% loss=0.26652 jepa=0.32551 hard=0.67330 hard_red=0.02608 oracle=0.49164 rank=0.06643 value=0.20815 cand=2.41885 ndcg=0.00000 cql=0.00000 ctx=0.05740 pairs=311.1
[train-progress] epoch=11 [########################] 900/900 100.0% loss=0.29913 jepa=0.33565 hard=0.67989 hard_red=0.02475 oracle=0.48409 rank=0.06327 value=0.21269 cand=2.38470 ndcg=0.00000 cql=0.00000 ctx=0.05514 pairs=308.6
[train-progress] epoch=11 [#####-------------------] 200/900  22.2% loss=0.26730 jepa=0.32407 hard=0.67645 hard_red=0.02629 oracle=0.48980 rank=0.06622 value=0.21047 cand=2.40800 ndcg=0.00000 cql=0.00000 ctx=0.05743 pairs=312.4
[train-progress] epoch=11 [######------------------] 225/900  25.0% loss=0.27960 jepa=0.32221 hard=0.66853 hard_red=0.02653 oracle=0.48754 rank=0.06590 value=0.20849 cand=2.39789 ndcg=0.00000 cql=0.00000 ctx=0.05681 pairs=312.8
[train-progress] epoch=11 [######------------------] 250/900  27.8% loss=0.27401 jepa=0.32168 hard=0.68413 hard_red=0.02697 oracle=0.48770 rank=0.06522 value=0.21171 cand=2.39973 ndcg=0.00000 cql=0.00000 ctx=0.05612 pairs=311.0
[train-progress] epoch=11 [#######-----------------] 275/900  30.6% loss=0.27113 jepa=0.32008 hard=0.68562 hard_red=0.02668 oracle=0.48764 rank=0.06472 value=0.21381 cand=2.39986 ndcg=0.00000 cql=0.00000 ctx=0.05588 pairs=309.0
[train-progress] epoch=11 [########----------------] 300/900  33.3% loss=0.27680 jepa=0.32076 hard=0.67909 hard_red=0.02629 oracle=0.48827 rank=0.06482 value=0.21286 cand=2.40410 ndcg=0.00000 cql=0.00000 ctx=0.05548 pairs=308.4
[train] epoch=11 horizon=5 train_loss=0.299133 val_loss=0.122553 train_steps=900
[train-progress] epoch=12 [------------------------] 1/900   0.1% loss=0.14568 jepa=0.31034 hard=0.97477 hard_red=0.00468 oracle=0.46810 rank=0.05639 value=0.23655 cand=2.32011 ndcg=0.00000 cql=0.00000 ctx=0.04053 pairs=360.0
[train-progress] epoch=11 [########----------------] 325/900  36.1% loss=0.27993 jepa=0.31985 hard=0.67784 hard_red=0.02670 oracle=0.48820 rank=0.06465 value=0.21298 cand=2.40449 ndcg=0.00000 cql=0.00000 ctx=0.05516 pairs=309.0
[train-progress] epoch=12 [------------------------] 25/900   2.8% loss=0.22661 jepa=0.31038 hard=0.70094 hard_red=0.02508 oracle=0.49328 rank=0.06756 value=0.21830 cand=2.41572 ndcg=0.00000 cql=0.00000 ctx=0.06124 pairs=309.3
[train-progress] epoch=11 [#########---------------] 350/900  38.9% loss=0.27967 jepa=0.31951 hard=0.68093 hard_red=0.02689 oracle=0.48776 rank=0.06441 value=0.21317 cand=2.40306 ndcg=0.00000 cql=0.00000 ctx=0.05472 pairs=308.8
[train-progress] epoch=12 [#-----------------------] 50/900   5.6% loss=0.23283 jepa=0.30791 hard=0.74661 hard_red=0.02346 oracle=0.49525 rank=0.06744 value=0.21491 cand=2.43092 ndcg=0.00000 cql=0.00000 ctx=0.05948 pairs=311.5
[train-progress] epoch=11 [##########--------------] 375/900  41.7% loss=0.28647 jepa=0.32465 hard=0.67678 hard_red=0.02694 oracle=0.48616 rank=0.06419 value=0.21272 cand=2.39487 ndcg=0.00000 cql=0.00000 ctx=0.05470 pairs=308.6
[train-progress] epoch=12 [##----------------------] 75/900   8.3% loss=0.22985 jepa=0.30126 hard=0.75213 hard_red=0.02255 oracle=0.49309 rank=0.06538 value=0.21523 cand=2.42583 ndcg=0.00000 cql=0.00000 ctx=0.05751 pairs=309.0
[train-progress] epoch=11 [##########--------------] 400/900  44.4% loss=0.28578 jepa=0.32433 hard=0.67430 hard_red=0.02667 oracle=0.48556 rank=0.06401 value=0.21331 cand=2.39152 ndcg=0.00000 cql=0.00000 ctx=0.05479 pairs=308.2
[train-progress] epoch=12 [##----------------------] 100/900  11.1% loss=0.23721 jepa=0.31596 hard=0.74270 hard_red=0.02380 oracle=0.49006 rank=0.06403 value=0.21814 cand=2.41147 ndcg=0.00000 cql=0.00000 ctx=0.05686 pairs=312.2
[train-progress] epoch=11 [###########-------------] 425/900  47.2% loss=0.29679 jepa=0.32572 hard=0.66361 hard_red=0.02657 oracle=0.48508 rank=0.06361 value=0.21285 cand=2.38982 ndcg=0.00000 cql=0.00000 ctx=0.05484 pairs=308.1
[train-progress] epoch=12 [###---------------------] 125/900  13.9% loss=0.23382 jepa=0.32027 hard=0.70558 hard_red=0.02368 oracle=0.48319 rank=0.06286 value=0.22264 cand=2.37594 ndcg=0.00000 cql=0.00000 ctx=0.05531 pairs=311.8
[train-progress] epoch=11 [############------------] 450/900  50.0% loss=0.29744 jepa=0.32659 hard=0.66512 hard_red=0.02635 oracle=0.48487 rank=0.06399 value=0.21265 cand=2.38767 ndcg=0.00000 cql=0.00000 ctx=0.05503 pairs=307.7
[train-progress] epoch=12 [####--------------------] 150/900  16.7% loss=0.22287 jepa=0.31370 hard=0.70351 hard_red=0.02138 oracle=0.48279 rank=0.06297 value=0.21718 cand=2.37710 ndcg=0.00000 cql=0.00000 ctx=0.05443 pairs=311.0
[train-progress] epoch=11 [############------------] 475/900  52.8% loss=0.30524 jepa=0.32865 hard=0.66487 hard_red=0.02563 oracle=0.48609 rank=0.06416 value=0.21196 cand=2.39475 ndcg=0.00000 cql=0.00000 ctx=0.05477 pairs=307.9
[train-progress] epoch=12 [####--------------------] 175/900  19.4% loss=0.22898 jepa=0.31094 hard=0.70459 hard_red=0.02141 oracle=0.48614 rank=0.06332 value=0.21579 cand=2.39650 ndcg=0.00000 cql=0.00000 ctx=0.05380 pairs=309.2
[train-progress] epoch=12 [#####-------------------] 200/900  22.2% loss=0.23766 jepa=0.31465 hard=0.71540 hard_red=0.02161 oracle=0.48437 rank=0.06219 value=0.21481 cand=2.39035 ndcg=0.00000 cql=0.00000 ctx=0.05317 pairs=310.1
[train-progress] epoch=11 [#############-----------] 500/900  55.6% loss=0.30064 jepa=0.32731 hard=0.67053 hard_red=0.02582 oracle=0.48578 rank=0.06393 value=0.21176 cand=2.39397 ndcg=0.00000 cql=0.00000 ctx=0.05451 pairs=308.0
[train-progress] epoch=12 [######------------------] 225/900  25.0% loss=0.24836 jepa=0.31672 hard=0.70093 hard_red=0.02188 oracle=0.48435 rank=0.06221 value=0.21507 cand=2.38999 ndcg=0.00000 cql=0.00000 ctx=0.05324 pairs=307.7
[train-progress] epoch=11 [##############----------] 525/900  58.3% loss=0.29720 jepa=0.32615 hard=0.67076 hard_red=0.02567 oracle=0.48587 rank=0.06394 value=0.21105 cand=2.39486 ndcg=0.00000 cql=0.00000 ctx=0.05448 pairs=307.6
[train-progress] epoch=12 [######------------------] 250/900  27.8% loss=0.25998 jepa=0.31903 hard=0.69189 hard_red=0.02208 oracle=0.48560 rank=0.06297 value=0.21336 cand=2.39554 ndcg=0.00000 cql=0.00000 ctx=0.05361 pairs=310.2
[train-progress] epoch=11 [##############----------] 550/900  61.1% loss=0.30215 jepa=0.32763 hard=0.66880 hard_red=0.02499 oracle=0.48472 rank=0.06379 value=0.21134 cand=2.38865 ndcg=0.00000 cql=0.00000 ctx=0.05444 pairs=307.1
[train-progress] epoch=12 [#######-----------------] 275/900  30.6% loss=0.28089 jepa=0.33151 hard=0.70175 hard_red=0.02408 oracle=0.48595 rank=0.06317 value=0.21150 cand=2.39741 ndcg=0.00000 cql=0.00000 ctx=0.05398 pairs=309.8
[train-progress] epoch=11 [###############---------] 575/900  63.9% loss=0.29794 jepa=0.32698 hard=0.66812 hard_red=0.02502 oracle=0.48441 rank=0.06355 value=0.21055 cand=2.38831 ndcg=0.00000 cql=0.00000 ctx=0.05409 pairs=306.7
[train-progress] epoch=12 [########----------------] 300/900  33.3% loss=0.28061 jepa=0.33054 hard=0.70730 hard_red=0.02465 oracle=0.48650 rank=0.06322 value=0.20975 cand=2.40129 ndcg=0.00000 cql=0.00000 ctx=0.05385 pairs=308.4
[train-progress] epoch=11 [################--------] 600/900  66.7% loss=0.30058 jepa=0.32832 hard=0.66923 hard_red=0.02499 oracle=0.48389 rank=0.06344 value=0.21017 cand=2.38613 ndcg=0.00000 cql=0.00000 ctx=0.05385 pairs=307.6
[train-progress] epoch=12 [########----------------] 325/900  36.1% loss=0.28967 jepa=0.33066 hard=0.71015 hard_red=0.02476 oracle=0.48544 rank=0.06255 value=0.21126 cand=2.39678 ndcg=0.00000 cql=0.00000 ctx=0.05342 pairs=307.8
[train-progress] epoch=11 [################--------] 625/900  69.4% loss=0.30143 jepa=0.32954 hard=0.66573 hard_red=0.02492 oracle=0.48383 rank=0.06355 value=0.21145 cand=2.38482 ndcg=0.00000 cql=0.00000 ctx=0.05400 pairs=308.2
[train-progress] epoch=12 [#########---------------] 350/900  38.9% loss=0.28893 jepa=0.33062 hard=0.71140 hard_red=0.02537 oracle=0.48757 rank=0.06279 value=0.21057 cand=2.40749 ndcg=0.00000 cql=0.00000 ctx=0.05407 pairs=307.1
[train-progress] epoch=11 [#################-------] 650/900  72.2% loss=0.29755 jepa=0.32879 hard=0.66694 hard_red=0.02478 oracle=0.48348 rank=0.06346 value=0.21062 cand=2.38318 ndcg=0.00000 cql=0.00000 ctx=0.05418 pairs=308.2
[train-progress] epoch=12 [##########--------------] 375/900  41.7% loss=0.28677 jepa=0.33004 hard=0.71380 hard_red=0.02540 oracle=0.48792 rank=0.06280 value=0.20963 cand=2.41014 ndcg=0.00000 cql=0.00000 ctx=0.05383 pairs=306.4
[train-progress] epoch=11 [##################------] 675/900  75.0% loss=0.29851 jepa=0.32902 hard=0.67172 hard_red=0.02497 oracle=0.48307 rank=0.06336 value=0.20999 cand=2.38131 ndcg=0.00000 cql=0.00000 ctx=0.05421 pairs=308.7
[train-progress] epoch=12 [##########--------------] 400/900  44.4% loss=0.29038 jepa=0.32975 hard=0.72513 hard_red=0.02691 oracle=0.48702 rank=0.06257 value=0.20894 cand=2.40608 ndcg=0.00000 cql=0.00000 ctx=0.05372 pairs=307.3
[train-progress] epoch=11 [##################------] 700/900  77.8% loss=0.29672 jepa=0.32912 hard=0.67145 hard_red=0.02506 oracle=0.48293 rank=0.06336 value=0.20987 cand=2.38084 ndcg=0.00000 cql=0.00000 ctx=0.05405 pairs=309.0
[train-progress] epoch=12 [###########-------------] 425/900  47.2% loss=0.29615 jepa=0.33229 hard=0.72798 hard_red=0.02721 oracle=0.48621 rank=0.06270 value=0.21087 cand=2.40017 ndcg=0.00000 cql=0.00000 ctx=0.05393 pairs=307.2
[train-progress] epoch=11 [###################-----] 725/900  80.6% loss=0.30017 jepa=0.32931 hard=0.67113 hard_red=0.02485 oracle=0.48279 rank=0.06358 value=0.21127 cand=2.37871 ndcg=0.00000 cql=0.00000 ctx=0.05425 pairs=309.4
[train-progress] epoch=12 [############------------] 450/900  50.0% loss=0.29329 jepa=0.32996 hard=0.72064 hard_red=0.02628 oracle=0.48626 rank=0.06259 value=0.20992 cand=2.40115 ndcg=0.00000 cql=0.00000 ctx=0.05392 pairs=307.3
[train-progress] epoch=11 [####################----] 750/900  83.3% loss=0.30259 jepa=0.32925 hard=0.66664 hard_red=0.02511 oracle=0.48270 rank=0.06348 value=0.21114 cand=2.37851 ndcg=0.00000 cql=0.00000 ctx=0.05424 pairs=309.2
[train-progress] epoch=12 [############------------] 475/900  52.8% loss=0.29678 jepa=0.33021 hard=0.71961 hard_red=0.02708 oracle=0.48748 rank=0.06300 value=0.20948 cand=2.40704 ndcg=0.00000 cql=0.00000 ctx=0.05404 pairs=306.7
[train-progress] epoch=11 [####################----] 775/900  86.1% loss=0.30691 jepa=0.33023 hard=0.66978 hard_red=0.02505 oracle=0.48232 rank=0.06347 value=0.21119 cand=2.37641 ndcg=0.00000 cql=0.00000 ctx=0.05421 pairs=309.6
[train-progress] epoch=12 [#############-----------] 500/900  55.6% loss=0.29867 jepa=0.32959 hard=0.71557 hard_red=0.02705 oracle=0.48759 rank=0.06291 value=0.20977 cand=2.40738 ndcg=0.00000 cql=0.00000 ctx=0.05428 pairs=307.0
[train-progress] epoch=11 [#####################---] 800/900  88.9% loss=0.30881 jepa=0.33172 hard=0.66821 hard_red=0.02511 oracle=0.48267 rank=0.06337 value=0.21052 cand=2.37924 ndcg=0.00000 cql=0.00000 ctx=0.05396 pairs=309.0
[train-progress] epoch=12 [##############----------] 525/900  58.3% loss=0.30346 jepa=0.33102 hard=0.71532 hard_red=0.02769 oracle=0.48773 rank=0.06316 value=0.21027 cand=2.40721 ndcg=0.00000 cql=0.00000 ctx=0.05442 pairs=307.8
[train-progress] epoch=11 [######################--] 825/900  91.7% loss=0.30791 jepa=0.33183 hard=0.66866 hard_red=0.02520 oracle=0.48318 rank=0.06350 value=0.21032 cand=2.38195 ndcg=0.00000 cql=0.00000 ctx=0.05391 pairs=309.1
[train-progress] epoch=12 [##############----------] 550/900  61.1% loss=0.30184 jepa=0.32972 hard=0.71656 hard_red=0.02720 oracle=0.48808 rank=0.06318 value=0.20998 cand=2.40925 ndcg=0.00000 cql=0.00000 ctx=0.05441 pairs=307.7
[train-progress] epoch=11 [######################--] 850/900  94.4% loss=0.31116 jepa=0.33299 hard=0.66539 hard_red=0.02531 oracle=0.48331 rank=0.06335 value=0.21027 cand=2.38308 ndcg=0.00000 cql=0.00000 ctx=0.05386 pairs=309.1
[train-progress] epoch=12 [###############---------] 575/900  63.9% loss=0.30059 jepa=0.32935 hard=0.71185 hard_red=0.02719 oracle=0.48662 rank=0.06283 value=0.20952 cand=2.40280 ndcg=0.00000 cql=0.00000 ctx=0.05393 pairs=308.1
[train-progress] epoch=12 [################--------] 600/900  66.7% loss=0.29927 jepa=0.33163 hard=0.70931 hard_red=0.02705 oracle=0.48620 rank=0.06281 value=0.21003 cand=2.40021 ndcg=0.00000 cql=0.00000 ctx=0.05397 pairs=307.6
[train-progress] epoch=11 [#######################-] 875/900  97.2% loss=0.30937 jepa=0.33312 hard=0.66592 hard_red=0.02537 oracle=0.48331 rank=0.06351 value=0.21055 cand=2.38247 ndcg=0.00000 cql=0.00000 ctx=0.05395 pairs=308.7
[train-progress] epoch=12 [################--------] 625/900  69.4% loss=0.29899 jepa=0.33234 hard=0.70743 hard_red=0.02724 oracle=0.48544 rank=0.06270 value=0.20961 cand=2.39663 ndcg=0.00000 cql=0.00000 ctx=0.05380 pairs=307.6
[train-progress] epoch=11 [########################] 900/900 100.0% loss=0.30820 jepa=0.33309 hard=0.66806 hard_red=0.02542 oracle=0.48378 rank=0.06348 value=0.21094 cand=2.38493 ndcg=0.00000 cql=0.00000 ctx=0.05399 pairs=308.6
[train-progress] epoch=12 [#################-------] 650/900  72.2% loss=0.30655 jepa=0.33283 hard=0.70081 hard_red=0.02694 oracle=0.48422 rank=0.06239 value=0.20942 cand=2.39110 ndcg=0.00000 cql=0.00000 ctx=0.05345 pairs=307.7
[train-progress] epoch=12 [##################------] 675/900  75.0% loss=0.30271 jepa=0.33140 hard=0.69674 hard_red=0.02641 oracle=0.48304 rank=0.06213 value=0.20948 cand=2.38533 ndcg=0.00000 cql=0.00000 ctx=0.05328 pairs=308.0
[train-progress] epoch=12 [##################------] 700/900  77.8% loss=0.30122 jepa=0.33233 hard=0.69710 hard_red=0.02652 oracle=0.48324 rank=0.06207 value=0.20944 cand=2.38656 ndcg=0.00000 cql=0.00000 ctx=0.05325 pairs=308.3
[train-progress] epoch=12 [###################-----] 725/900  80.6% loss=0.29897 jepa=0.33200 hard=0.69459 hard_red=0.02635 oracle=0.48325 rank=0.06209 value=0.20919 cand=2.38688 ndcg=0.00000 cql=0.00000 ctx=0.05312 pairs=307.7
[train-progress] epoch=12 [####################----] 750/900  83.3% loss=0.29804 jepa=0.33155 hard=0.69396 hard_red=0.02604 oracle=0.48394 rank=0.06221 value=0.20929 cand=2.39034 ndcg=0.00000 cql=0.00000 ctx=0.05318 pairs=308.0
[train] epoch=11 horizon=5 train_loss=0.308198 val_loss=0.119611 train_steps=900
[train-progress] epoch=12 [------------------------] 1/900   0.1% loss=0.14608 jepa=0.29121 hard=1.03464 hard_red=0.00459 oracle=0.45734 rank=0.06230 value=0.23056 cand=2.24733 ndcg=0.00000 cql=0.00000 ctx=0.04280 pairs=360.0
[train-progress] epoch=12 [####################----] 775/900  86.1% loss=0.29984 jepa=0.33158 hard=0.69344 hard_red=0.02600 oracle=0.48442 rank=0.06242 value=0.20894 cand=2.39280 ndcg=0.00000 cql=0.00000 ctx=0.05313 pairs=307.7
[train-progress] epoch=12 [------------------------] 25/900   2.8% loss=0.24246 jepa=0.31578 hard=0.70828 hard_red=0.02471 oracle=0.48845 rank=0.06371 value=0.21894 cand=2.40650 ndcg=0.00000 cql=0.00000 ctx=0.05421 pairs=309.3
[train-progress] epoch=12 [#####################---] 800/900  88.9% loss=0.29859 jepa=0.33095 hard=0.68940 hard_red=0.02576 oracle=0.48514 rank=0.06242 value=0.20843 cand=2.39723 ndcg=0.00000 cql=0.00000 ctx=0.05298 pairs=307.3
[train-progress] epoch=12 [#-----------------------] 50/900   5.6% loss=0.23050 jepa=0.31310 hard=0.74548 hard_red=0.02162 oracle=0.49197 rank=0.06489 value=0.20326 cand=2.42816 ndcg=0.00000 cql=0.00000 ctx=0.05594 pairs=311.5
[train-progress] epoch=12 [######################--] 825/900  91.7% loss=0.29680 jepa=0.33076 hard=0.69125 hard_red=0.02572 oracle=0.48500 rank=0.06249 value=0.20817 cand=2.39656 ndcg=0.00000 cql=0.00000 ctx=0.05289 pairs=308.0
[train-progress] epoch=12 [######################--] 850/900  94.4% loss=0.29323 jepa=0.32992 hard=0.68946 hard_red=0.02536 oracle=0.48515 rank=0.06245 value=0.20801 cand=2.39756 ndcg=0.00000 cql=0.00000 ctx=0.05285 pairs=307.7
[train-progress] epoch=12 [##----------------------] 75/900   8.3% loss=0.22774 jepa=0.30421 hard=0.75013 hard_red=0.02140 oracle=0.49023 rank=0.06316 value=0.20459 cand=2.42286 ndcg=0.00000 cql=0.00000 ctx=0.05497 pairs=309.0
[train-progress] epoch=12 [#######################-] 875/900  97.2% loss=0.29489 jepa=0.32945 hard=0.68943 hard_red=0.02537 oracle=0.48516 rank=0.06249 value=0.20766 cand=2.39787 ndcg=0.00000 cql=0.00000 ctx=0.05274 pairs=307.6
[train-progress] epoch=12 [##----------------------] 100/900  11.1% loss=0.23342 jepa=0.31507 hard=0.72529 hard_red=0.02318 oracle=0.48841 rank=0.06261 value=0.21101 cand=2.41023 ndcg=0.00000 cql=0.00000 ctx=0.05560 pairs=312.2
[train-progress] epoch=12 [########################] 900/900 100.0% loss=0.30305 jepa=0.33301 hard=0.68882 hard_red=0.02583 oracle=0.48522 rank=0.06233 value=0.20831 cand=2.39817 ndcg=0.00000 cql=0.00000 ctx=0.05280 pairs=307.6
[train-progress] epoch=12 [###---------------------] 125/900  13.9% loss=0.22813 jepa=0.31827 hard=0.69160 hard_red=0.02319 oracle=0.48151 rank=0.06142 value=0.21160 cand=2.37600 ndcg=0.00000 cql=0.00000 ctx=0.05425 pairs=311.8
[train] epoch=12 horizon=5 train_loss=0.303055 val_loss=0.114856 train_steps=900
[2026-07-07T08:35:04+08:00] done name=q_rank_v5_context_safe run_dir=runs/planner_aligned_q_rank_v5_context_safe
[train-progress] epoch=12 [####--------------------] 150/900  16.7% loss=0.21588 jepa=0.31364 hard=0.67654 hard_red=0.02078 oracle=0.48124 rank=0.06172 value=0.20809 cand=2.37645 ndcg=0.00000 cql=0.00000 ctx=0.05349 pairs=311.0
[train-progress] epoch=12 [####--------------------] 175/900  19.4% loss=0.22014 jepa=0.31235 hard=0.68088 hard_red=0.02056 oracle=0.48461 rank=0.06212 value=0.20702 cand=2.39555 ndcg=0.00000 cql=0.00000 ctx=0.05298 pairs=309.2
[train-progress] epoch=12 [#####-------------------] 200/900  22.2% loss=0.23220 jepa=0.31726 hard=0.68817 hard_red=0.02151 oracle=0.48319 rank=0.06176 value=0.20667 cand=2.38945 ndcg=0.00000 cql=0.00000 ctx=0.05236 pairs=310.1
[train-progress] epoch=12 [######------------------] 225/900  25.0% loss=0.24072 jepa=0.31709 hard=0.67621 hard_red=0.02176 oracle=0.48319 rank=0.06185 value=0.20760 cand=2.38921 ndcg=0.00000 cql=0.00000 ctx=0.05209 pairs=307.7
[train-progress] epoch=12 [######------------------] 250/900  27.8% loss=0.25321 jepa=0.32227 hard=0.66554 hard_red=0.02202 oracle=0.48429 rank=0.06235 value=0.20644 cand=2.39462 ndcg=0.00000 cql=0.00000 ctx=0.05221 pairs=310.2
[train-progress] epoch=12 [#######-----------------] 275/900  30.6% loss=0.28052 jepa=0.33342 hard=0.67272 hard_red=0.02417 oracle=0.48483 rank=0.06267 value=0.20561 cand=2.39658 ndcg=0.00000 cql=0.00000 ctx=0.05273 pairs=309.8
[train-progress] epoch=12 [########----------------] 300/900  33.3% loss=0.28076 jepa=0.33253 hard=0.68012 hard_red=0.02473 oracle=0.48553 rank=0.06271 value=0.20465 cand=2.40111 ndcg=0.00000 cql=0.00000 ctx=0.05252 pairs=308.4
[train-progress] epoch=12 [########----------------] 325/900  36.1% loss=0.28667 jepa=0.33544 hard=0.68267 hard_red=0.02477 oracle=0.48470 rank=0.06213 value=0.20750 cand=2.39702 ndcg=0.00000 cql=0.00000 ctx=0.05213 pairs=307.8
[train-progress] epoch=12 [#########---------------] 350/900  38.9% loss=0.28783 jepa=0.33543 hard=0.68365 hard_red=0.02542 oracle=0.48690 rank=0.06269 value=0.20771 cand=2.40715 ndcg=0.00000 cql=0.00000 ctx=0.05267 pairs=307.1
[train-progress] epoch=12 [##########--------------] 375/900  41.7% loss=0.28542 jepa=0.33386 hard=0.68741 hard_red=0.02548 oracle=0.48730 rank=0.06261 value=0.20707 cand=2.41000 ndcg=0.00000 cql=0.00000 ctx=0.05259 pairs=306.4
[train-progress] epoch=12 [##########--------------] 400/900  44.4% loss=0.28806 jepa=0.33268 hard=0.69988 hard_red=0.02692 oracle=0.48625 rank=0.06247 value=0.20556 cand=2.40544 ndcg=0.00000 cql=0.00000 ctx=0.05234 pairs=307.3
[train-progress] epoch=12 [###########-------------] 425/900  47.2% loss=0.29426 jepa=0.33347 hard=0.70445 hard_red=0.02718 oracle=0.48522 rank=0.06260 value=0.20643 cand=2.39923 ndcg=0.00000 cql=0.00000 ctx=0.05224 pairs=307.2
[train-progress] epoch=12 [############------------] 450/900  50.0% loss=0.29061 jepa=0.33161 hard=0.69854 hard_red=0.02624 oracle=0.48531 rank=0.06251 value=0.20578 cand=2.40014 ndcg=0.00000 cql=0.00000 ctx=0.05227 pairs=307.3
[train-progress] epoch=12 [############------------] 475/900  52.8% loss=0.29305 jepa=0.33170 hard=0.69768 hard_red=0.02692 oracle=0.48642 rank=0.06276 value=0.20514 cand=2.40600 ndcg=0.00000 cql=0.00000 ctx=0.05233 pairs=306.7
[train-progress] epoch=12 [#############-----------] 500/900  55.6% loss=0.29274 jepa=0.33116 hard=0.69371 hard_red=0.02695 oracle=0.48652 rank=0.06271 value=0.20553 cand=2.40642 ndcg=0.00000 cql=0.00000 ctx=0.05236 pairs=307.0
[train-progress] epoch=12 [##############----------] 525/900  58.3% loss=0.29742 jepa=0.33158 hard=0.69227 hard_red=0.02757 oracle=0.48650 rank=0.06279 value=0.20607 cand=2.40580 ndcg=0.00000 cql=0.00000 ctx=0.05243 pairs=307.8
[train-progress] epoch=12 [##############----------] 550/900  61.1% loss=0.29608 jepa=0.33038 hard=0.69612 hard_red=0.02707 oracle=0.48693 rank=0.06288 value=0.20615 cand=2.40804 ndcg=0.00000 cql=0.00000 ctx=0.05239 pairs=307.7
[train-progress] epoch=12 [###############---------] 575/900  63.9% loss=0.29440 jepa=0.33025 hard=0.69150 hard_red=0.02711 oracle=0.48552 rank=0.06252 value=0.20596 cand=2.40144 ndcg=0.00000 cql=0.00000 ctx=0.05210 pairs=308.1
[train-progress] epoch=12 [################--------] 600/900  66.7% loss=0.29213 jepa=0.33133 hard=0.68932 hard_red=0.02715 oracle=0.48523 rank=0.06264 value=0.20611 cand=2.39928 ndcg=0.00000 cql=0.00000 ctx=0.05226 pairs=307.6
[train-progress] epoch=12 [################--------] 625/900  69.4% loss=0.29178 jepa=0.33146 hard=0.68835 hard_red=0.02740 oracle=0.48454 rank=0.06260 value=0.20592 cand=2.39573 ndcg=0.00000 cql=0.00000 ctx=0.05220 pairs=307.6
[train-progress] epoch=12 [#################-------] 650/900  72.2% loss=0.29962 jepa=0.33229 hard=0.68168 hard_red=0.02716 oracle=0.48332 rank=0.06217 value=0.20592 cand=2.39022 ndcg=0.00000 cql=0.00000 ctx=0.05192 pairs=307.7
[train-progress] epoch=12 [##################------] 675/900  75.0% loss=0.29549 jepa=0.33091 hard=0.67861 hard_red=0.02666 oracle=0.48216 rank=0.06198 value=0.20572 cand=2.38445 ndcg=0.00000 cql=0.00000 ctx=0.05181 pairs=308.0
[train-progress] epoch=12 [##################------] 700/900  77.8% loss=0.29566 jepa=0.33190 hard=0.67768 hard_red=0.02692 oracle=0.48248 rank=0.06201 value=0.20628 cand=2.38585 ndcg=0.00000 cql=0.00000 ctx=0.05186 pairs=308.3
[train-progress] epoch=12 [###################-----] 725/900  80.6% loss=0.29412 jepa=0.33169 hard=0.67545 hard_red=0.02675 oracle=0.48261 rank=0.06208 value=0.20641 cand=2.38631 ndcg=0.00000 cql=0.00000 ctx=0.05186 pairs=307.7
[train-progress] epoch=12 [####################----] 750/900  83.3% loss=0.29136 jepa=0.33212 hard=0.67647 hard_red=0.02640 oracle=0.48342 rank=0.06222 value=0.20690 cand=2.38994 ndcg=0.00000 cql=0.00000 ctx=0.05214 pairs=308.0
[train-progress] epoch=12 [####################----] 775/900  86.1% loss=0.29382 jepa=0.33170 hard=0.67751 hard_red=0.02637 oracle=0.48380 rank=0.06232 value=0.20650 cand=2.39225 ndcg=0.00000 cql=0.00000 ctx=0.05197 pairs=307.7
[train-progress] epoch=12 [#####################---] 800/900  88.9% loss=0.29298 jepa=0.33113 hard=0.67335 hard_red=0.02606 oracle=0.48458 rank=0.06245 value=0.20569 cand=2.39667 ndcg=0.00000 cql=0.00000 ctx=0.05197 pairs=307.3
[train-progress] epoch=12 [######################--] 825/900  91.7% loss=0.29163 jepa=0.33059 hard=0.67611 hard_red=0.02607 oracle=0.48438 rank=0.06250 value=0.20493 cand=2.39597 ndcg=0.00000 cql=0.00000 ctx=0.05186 pairs=308.0
[train-progress] epoch=12 [######################--] 850/900  94.4% loss=0.28765 jepa=0.32975 hard=0.67448 hard_red=0.02565 oracle=0.48452 rank=0.06248 value=0.20476 cand=2.39690 ndcg=0.00000 cql=0.00000 ctx=0.05181 pairs=307.7
[train-progress] epoch=12 [#######################-] 875/900  97.2% loss=0.28894 jepa=0.32921 hard=0.67364 hard_red=0.02563 oracle=0.48462 rank=0.06252 value=0.20431 cand=2.39754 ndcg=0.00000 cql=0.00000 ctx=0.05183 pairs=307.6
[train-progress] epoch=12 [########################] 900/900 100.0% loss=0.29646 jepa=0.33266 hard=0.67297 hard_red=0.02609 oracle=0.48470 rank=0.06243 value=0.20465 cand=2.39801 ndcg=0.00000 cql=0.00000 ctx=0.05185 pairs=307.6
[train] epoch=12 horizon=5 train_loss=0.296464 val_loss=0.119664 train_steps=900
[2026-07-07T09:04:03+08:00] done name=q_rank_v5_context_safe run_dir=runs/planner_aligned_q_rank_v5_context_safe
