[2026-07-06T10:42:06+08:00] start name=reward_rank_v4_ndcg_safe gpu=5 config=configs/planner_aligned_reward_rank_v4_ndcg_safe.json
[train] excluded_eval_benchmarks=b15_C,b17_C,b20_C,b21_C,b22_C,epfl__arithmetic__max__max,epfl__random_control__i2c__i2c,epfl__random_control__router__router,i2c,iscas89__s838,iscas99__b15_1,iscas99__b17,iscas99__b20,iscas99__b21,iscas99__b22,max,mem_ctrl,openabcd__mem_ctrl_orig removed_rows=0 remaining_rows=100000
[train] disabling pattern loss
[train] note: delta_test_coverage is retained as a weak objective; the main hard-fault target is hard_reduction
[train] q_oracle enabled groups=180 score_field=reward_pred lambda_q_value=0.03 lambda_q_rank=0.4 lambda_candidate=0.18 lambda_ndcg_rank=0.25 pairwise_mode=best_vs_hard_topk forbidden_benchmarks=21
[train] rows=100000 train_rows=85655 val_rows=14345 train_samples=17131 val_samples=2869 rollout_training=True feature_dim=38 relation_dim=12 cache_samples=False sample_cache_max_entries=unlimited
[train-progress] epoch=1 [------------------------] 1/900   0.1% loss=0.39727 jepa=1.02998 hard=2.47599 hard_red=0.00097 oracle=0.00000 rank=0.00000 value=0.00000 cand=0.00000 ndcg=0.00000 pairs=0.0
[train-progress] epoch=1 [------------------------] 25/900   2.8% loss=0.46355 jepa=0.83868 hard=1.21378 hard_red=0.04098 oracle=0.00000 rank=0.00000 value=0.00000 cand=0.00000 ndcg=0.00000 pairs=0.0
[train-progress] epoch=1 [#-----------------------] 50/900   5.6% loss=0.41486 jepa=0.61407 hard=1.14243 hard_red=0.03965 oracle=0.00000 rank=0.00000 value=0.00000 cand=0.00000 ndcg=0.00000 pairs=0.0
[train-progress] epoch=1 [##----------------------] 75/900   8.3% loss=0.48904 jepa=0.49678 hard=1.06312 hard_red=0.03496 oracle=0.00000 rank=0.00000 value=0.00000 cand=0.00000 ndcg=0.00000 pairs=0.0
[train-progress] epoch=1 [##----------------------] 100/900  11.1% loss=0.50636 jepa=0.42542 hard=1.00176 hard_red=0.03644 oracle=0.00000 rank=0.00000 value=0.00000 cand=0.00000 ndcg=0.00000 pairs=0.0
[train-progress] epoch=1 [###---------------------] 125/900  13.9% loss=0.44739 jepa=0.37833 hard=0.99386 hard_red=0.03703 oracle=0.00000 rank=0.00000 value=0.00000 cand=0.00000 ndcg=0.00000 pairs=0.0
[train-progress] epoch=1 [####--------------------] 150/900  16.7% loss=0.40227 jepa=0.34483 hard=0.98913 hard_red=0.03364 oracle=0.00000 rank=0.00000 value=0.00000 cand=0.00000 ndcg=0.00000 pairs=0.0
[train-progress] epoch=1 [####--------------------] 175/900  19.4% loss=0.36947 jepa=0.31870 hard=0.97424 hard_red=0.03095 oracle=0.00000 rank=0.00000 value=0.00000 cand=0.00000 ndcg=0.00000 pairs=0.0
[train-progress] epoch=1 [#####-------------------] 200/900  22.2% loss=0.39207 jepa=0.29700 hard=0.96419 hard_red=0.03460 oracle=0.00000 rank=0.00000 value=0.00000 cand=0.00000 ndcg=0.00000 pairs=0.0
[train-progress] epoch=1 [######------------------] 225/900  25.0% loss=0.38472 jepa=0.27859 hard=0.94444 hard_red=0.03387 oracle=0.00000 rank=0.00000 value=0.00000 cand=0.00000 ndcg=0.00000 pairs=0.0
[train-progress] epoch=1 [######------------------] 250/900  27.8% loss=0.39598 jepa=0.26344 hard=0.94437 hard_red=0.03425 oracle=0.00000 rank=0.00000 value=0.00000 cand=0.00000 ndcg=0.00000 pairs=0.0
[train-progress] epoch=1 [#######-----------------] 275/900  30.6% loss=0.39065 jepa=0.25068 hard=0.94136 hard_red=0.03323 oracle=0.00000 rank=0.00000 value=0.00000 cand=0.00000 ndcg=0.00000 pairs=0.0
[train-progress] epoch=1 [########----------------] 300/900  33.3% loss=0.38954 jepa=0.23909 hard=0.94448 hard_red=0.03655 oracle=0.00000 rank=0.00000 value=0.00000 cand=0.00000 ndcg=0.00000 pairs=0.0
[train-progress] epoch=1 [########----------------] 325/900  36.1% loss=0.39313 jepa=0.22985 hard=0.94122 hard_red=0.03547 oracle=0.00000 rank=0.00000 value=0.00000 cand=0.00000 ndcg=0.00000 pairs=0.0
[train-progress] epoch=1 [#########---------------] 350/900  38.9% loss=0.37960 jepa=0.22264 hard=0.93777 hard_red=0.03455 oracle=0.00000 rank=0.00000 value=0.00000 cand=0.00000 ndcg=0.00000 pairs=0.0
[train-progress] epoch=1 [##########--------------] 375/900  41.7% loss=0.40152 jepa=0.21657 hard=0.92900 hard_red=0.03667 oracle=0.00000 rank=0.00000 value=0.00000 cand=0.00000 ndcg=0.00000 pairs=0.0
[train-progress] epoch=1 [##########--------------] 400/900  44.4% loss=0.39170 jepa=0.21044 hard=0.92103 hard_red=0.03653 oracle=0.00000 rank=0.00000 value=0.00000 cand=0.00000 ndcg=0.00000 pairs=0.0
[train-progress] epoch=1 [###########-------------] 425/900  47.2% loss=0.38242 jepa=0.20457 hard=0.91653 hard_red=0.03629 oracle=0.00000 rank=0.00000 value=0.00000 cand=0.00000 ndcg=0.00000 pairs=0.0
[train-progress] epoch=1 [############------------] 450/900  50.0% loss=0.37844 jepa=0.19933 hard=0.91631 hard_red=0.03542 oracle=0.00000 rank=0.00000 value=0.00000 cand=0.00000 ndcg=0.00000 pairs=0.0
[train-progress] epoch=1 [############------------] 475/900  52.8% loss=0.36858 jepa=0.19594 hard=0.91790 hard_red=0.03544 oracle=0.00000 rank=0.00000 value=0.00000 cand=0.00000 ndcg=0.00000 pairs=0.0
[train-progress] epoch=1 [#############-----------] 500/900  55.6% loss=0.37913 jepa=0.19311 hard=0.91844 hard_red=0.03601 oracle=0.00000 rank=0.00000 value=0.00000 cand=0.00000 ndcg=0.00000 pairs=0.0
[train-progress] epoch=1 [##############----------] 525/900  58.3% loss=0.36937 jepa=0.18940 hard=0.91694 hard_red=0.03454 oracle=0.00000 rank=0.00000 value=0.00000 cand=0.00000 ndcg=0.00000 pairs=0.0
[train-progress] epoch=1 [##############----------] 550/900  61.1% loss=0.36108 jepa=0.18594 hard=0.91275 hard_red=0.03359 oracle=0.00000 rank=0.00000 value=0.00000 cand=0.00000 ndcg=0.00000 pairs=0.0
[train-progress] epoch=1 [###############---------] 575/900  63.9% loss=0.35094 jepa=0.18261 hard=0.91472 hard_red=0.03248 oracle=0.00000 rank=0.00000 value=0.00000 cand=0.00000 ndcg=0.00000 pairs=0.0
[train-progress] epoch=1 [################--------] 600/900  66.7% loss=0.34396 jepa=0.17977 hard=0.91343 hard_red=0.03189 oracle=0.00000 rank=0.00000 value=0.00000 cand=0.00000 ndcg=0.00000 pairs=0.0
[train-progress] epoch=1 [################--------] 625/900  69.4% loss=0.34826 jepa=0.17756 hard=0.91493 hard_red=0.03285 oracle=0.00000 rank=0.00000 value=0.00000 cand=0.00000 ndcg=0.00000 pairs=0.0
[train-progress] epoch=1 [#################-------] 650/900  72.2% loss=0.34907 jepa=0.17594 hard=0.91539 hard_red=0.03362 oracle=0.00000 rank=0.00000 value=0.00000 cand=0.00000 ndcg=0.00000 pairs=0.0
[train-progress] epoch=1 [##################------] 675/900  75.0% loss=0.35072 jepa=0.17490 hard=0.91378 hard_red=0.03330 oracle=0.00000 rank=0.00000 value=0.00000 cand=0.00000 ndcg=0.00000 pairs=0.0
[train-progress] epoch=1 [##################------] 700/900  77.8% loss=0.35516 jepa=0.17315 hard=0.91231 hard_red=0.03381 oracle=0.00000 rank=0.00000 value=0.00000 cand=0.00000 ndcg=0.00000 pairs=0.0
[train-progress] epoch=1 [###################-----] 725/900  80.6% loss=0.34841 jepa=0.17124 hard=0.91216 hard_red=0.03296 oracle=0.00000 rank=0.00000 value=0.00000 cand=0.00000 ndcg=0.00000 pairs=0.0
[train-progress] epoch=1 [####################----] 750/900  83.3% loss=0.34485 jepa=0.16954 hard=0.91129 hard_red=0.03295 oracle=0.00000 rank=0.00000 value=0.00000 cand=0.00000 ndcg=0.00000 pairs=0.0
[train-progress] epoch=1 [####################----] 775/900  86.1% loss=0.34212 jepa=0.16829 hard=0.90977 hard_red=0.03308 oracle=0.00000 rank=0.00000 value=0.00000 cand=0.00000 ndcg=0.00000 pairs=0.0
[train-progress] epoch=1 [#####################---] 800/900  88.9% loss=0.34389 jepa=0.16709 hard=0.91064 hard_red=0.03550 oracle=0.00000 rank=0.00000 value=0.00000 cand=0.00000 ndcg=0.00000 pairs=0.0
[train-progress] epoch=1 [######################--] 825/900  91.7% loss=0.33882 jepa=0.16599 hard=0.90927 hard_red=0.03564 oracle=0.00000 rank=0.00000 value=0.00000 cand=0.00000 ndcg=0.00000 pairs=0.0
[train-progress] epoch=1 [######################--] 850/900  94.4% loss=0.34446 jepa=0.16502 hard=0.90676 hard_red=0.03605 oracle=0.00000 rank=0.00000 value=0.00000 cand=0.00000 ndcg=0.00000 pairs=0.0
[train-progress] epoch=1 [#######################-] 875/900  97.2% loss=0.33915 jepa=0.16386 hard=0.90634 hard_red=0.03530 oracle=0.00000 rank=0.00000 value=0.00000 cand=0.00000 ndcg=0.00000 pairs=0.0
[train-progress] epoch=1 [########################] 900/900 100.0% loss=0.33451 jepa=0.16261 hard=0.90749 hard_red=0.03496 oracle=0.00000 rank=0.00000 value=0.00000 cand=0.00000 ndcg=0.00000 pairs=0.0
[train] epoch=1 horizon=1 train_loss=0.334508 val_loss=0.272184 train_steps=900
[train-progress] epoch=2 [------------------------] 1/900   0.1% loss=0.14438 jepa=0.15705 hard=1.23011 hard_red=0.00509 oracle=0.80226 rank=0.71103 value=0.38691 cand=3.04070 ndcg=3.04469 pairs=304.0
[train-progress] epoch=2 [------------------------] 25/900   2.8% loss=0.22906 jepa=0.17268 hard=0.93592 hard_red=0.02700 oracle=0.80785 rank=0.68529 value=0.59362 cand=3.08004 ndcg=3.07745 pairs=303.3
[train-progress] epoch=2 [#-----------------------] 50/900   5.6% loss=0.22049 jepa=0.17686 hard=0.91174 hard_red=0.03536 oracle=0.78868 rank=0.63783 value=0.62049 cand=3.06241 ndcg=3.00955 pairs=303.6
[train-progress] epoch=2 [##----------------------] 75/900   8.3% loss=0.25291 jepa=0.19208 hard=0.89897 hard_red=0.03209 oracle=0.77217 rank=0.61569 value=0.62359 cand=3.01828 ndcg=2.94429 pairs=303.5
[train-progress] epoch=2 [##----------------------] 100/900  11.1% loss=0.36892 jepa=0.19932 hard=0.88417 hard_red=0.03804 oracle=0.76907 rank=0.60416 value=0.63246 cand=3.02107 ndcg=2.93483 pairs=308.8
[train-progress] epoch=2 [###---------------------] 125/900  13.9% loss=0.39989 jepa=0.21521 hard=0.89423 hard_red=0.03783 oracle=0.76500 rank=0.59405 value=0.63295 cand=3.01430 ndcg=2.92325 pairs=308.8
[train-progress] epoch=2 [####--------------------] 150/900  16.7% loss=0.41570 jepa=0.22074 hard=0.90854 hard_red=0.03927 oracle=0.75553 rank=0.58102 value=0.61709 cand=2.99047 ndcg=2.88739 pairs=307.4
[train-progress] epoch=2 [####--------------------] 175/900  19.4% loss=0.41583 jepa=0.22511 hard=0.89326 hard_red=0.03614 oracle=0.74715 rank=0.56127 value=0.61974 cand=2.98001 ndcg=2.85920 pairs=309.2
[train-progress] epoch=2 [#####-------------------] 200/900  22.2% loss=0.43919 jepa=0.23209 hard=0.88739 hard_red=0.03541 oracle=0.74001 rank=0.54905 value=0.61181 cand=2.96591 ndcg=2.83272 pairs=313.0
[train-progress] epoch=2 [######------------------] 225/900  25.0% loss=0.41590 jepa=0.23383 hard=0.89230 hard_red=0.03323 oracle=0.73271 rank=0.53716 value=0.61668 cand=2.94829 ndcg=2.80548 pairs=312.8
[train-progress] epoch=2 [######------------------] 250/900  27.8% loss=0.40648 jepa=0.24050 hard=0.89556 hard_red=0.03508 oracle=0.72536 rank=0.52362 value=0.61585 cand=2.93614 ndcg=2.77715 pairs=313.3
[train-progress] epoch=2 [#######-----------------] 275/900  30.6% loss=0.39201 jepa=0.24077 hard=0.90349 hard_red=0.03554 oracle=0.71910 rank=0.51237 value=0.60872 cand=2.92411 ndcg=2.75462 pairs=312.8
[train-progress] epoch=2 [########----------------] 300/900  33.3% loss=0.38327 jepa=0.24257 hard=0.90730 hard_red=0.03539 oracle=0.71113 rank=0.50010 value=0.60349 cand=2.90424 ndcg=2.72538 pairs=311.6
[train-progress] epoch=2 [########----------------] 325/900  36.1% loss=0.37311 jepa=0.24496 hard=0.90980 hard_red=0.03446 oracle=0.70563 rank=0.48884 value=0.60076 cand=2.89539 ndcg=2.70610 pairs=311.7
[train-progress] epoch=2 [#########---------------] 350/900  38.9% loss=0.38599 jepa=0.24604 hard=0.90190 hard_red=0.03412 oracle=0.70146 rank=0.48364 value=0.59878 cand=2.88470 ndcg=2.68905 pairs=311.3
[train-progress] epoch=2 [##########--------------] 375/900  41.7% loss=0.39363 jepa=0.25047 hard=0.89458 hard_red=0.03315 oracle=0.69724 rank=0.47493 value=0.60246 cand=2.87989 ndcg=2.67224 pairs=311.3
[train-progress] epoch=2 [##########--------------] 400/900  44.4% loss=0.38795 jepa=0.25234 hard=0.89508 hard_red=0.03245 oracle=0.69168 rank=0.46754 value=0.60909 cand=2.86373 ndcg=2.65036 pairs=312.3
[train-progress] epoch=2 [###########-------------] 425/900  47.2% loss=0.38403 jepa=0.25263 hard=0.89122 hard_red=0.03178 oracle=0.68576 rank=0.45860 value=0.61195 cand=2.84924 ndcg=2.62746 pairs=312.6
[train-progress] epoch=2 [############------------] 450/900  50.0% loss=0.38249 jepa=0.25464 hard=0.89166 hard_red=0.03257 oracle=0.68152 rank=0.45084 value=0.60999 cand=2.84108 ndcg=2.61204 pairs=312.8
[train-progress] epoch=2 [############------------] 475/900  52.8% loss=0.37999 jepa=0.25870 hard=0.89555 hard_red=0.03149 oracle=0.67729 rank=0.44410 value=0.60739 cand=2.83146 ndcg=2.59621 pairs=312.2
[train-progress] epoch=2 [#############-----------] 500/900  55.6% loss=0.38486 jepa=0.25912 hard=0.89604 hard_red=0.03268 oracle=0.67252 rank=0.43703 value=0.61152 cand=2.81874 ndcg=2.57803 pairs=312.8
[train-progress] epoch=2 [##############----------] 525/900  58.3% loss=0.37815 jepa=0.25963 hard=0.89347 hard_red=0.03201 oracle=0.66845 rank=0.43077 value=0.60774 cand=2.80883 ndcg=2.56308 pairs=311.5
[train-progress] epoch=2 [##############----------] 550/900  61.1% loss=0.38127 jepa=0.26051 hard=0.89668 hard_red=0.03308 oracle=0.66584 rank=0.42710 value=0.60225 cand=2.80295 ndcg=2.55298 pairs=310.8
[train-progress] epoch=2 [###############---------] 575/900  63.9% loss=0.38823 jepa=0.26199 hard=0.89629 hard_red=0.03342 oracle=0.66230 rank=0.42098 value=0.60220 cand=2.79542 ndcg=2.53988 pairs=311.6
[train-progress] epoch=2 [################--------] 600/900  66.7% loss=0.38742 jepa=0.26106 hard=0.89384 hard_red=0.03306 oracle=0.65791 rank=0.41401 value=0.60216 cand=2.78591 ndcg=2.52273 pairs=311.9
[train-progress] epoch=2 [################--------] 625/900  69.4% loss=0.40261 jepa=0.26306 hard=0.88443 hard_red=0.03251 oracle=0.65425 rank=0.40771 value=0.60386 cand=2.77799 ndcg=2.50904 pairs=311.7
[train-progress] epoch=2 [#################-------] 650/900  72.2% loss=0.40063 jepa=0.26262 hard=0.88206 hard_red=0.03203 oracle=0.65109 rank=0.40260 value=0.60432 cand=2.77057 ndcg=2.49720 pairs=312.3
[train-progress] epoch=2 [##################------] 675/900  75.0% loss=0.39332 jepa=0.26205 hard=0.88278 hard_red=0.03166 oracle=0.64807 rank=0.39711 value=0.60306 cand=2.76486 ndcg=2.48612 pairs=311.8
[train-progress] epoch=2 [##################------] 700/900  77.8% loss=0.38867 jepa=0.26117 hard=0.88434 hard_red=0.03221 oracle=0.64567 rank=0.39218 value=0.60543 cand=2.76022 ndcg=2.47783 pairs=311.6
[train-progress] epoch=2 [###################-----] 725/900  80.6% loss=0.39037 jepa=0.26224 hard=0.88052 hard_red=0.03237 oracle=0.64340 rank=0.38759 value=0.60564 cand=2.75643 ndcg=2.46975 pairs=311.2
[train-progress] epoch=2 [####################----] 750/900  83.3% loss=0.38841 jepa=0.26250 hard=0.88182 hard_red=0.03304 oracle=0.64097 rank=0.38285 value=0.60573 cand=2.75184 ndcg=2.46117 pairs=311.9
[train-progress] epoch=2 [####################----] 775/900  86.1% loss=0.39364 jepa=0.26439 hard=0.88015 hard_red=0.03355 oracle=0.63885 rank=0.37894 value=0.60401 cand=2.74812 ndcg=2.45340 pairs=311.7
[train-progress] epoch=2 [#####################---] 800/900  88.9% loss=0.38977 jepa=0.26373 hard=0.87755 hard_red=0.03366 oracle=0.63657 rank=0.37510 value=0.60705 cand=2.74303 ndcg=2.44459 pairs=312.0
[train-progress] epoch=2 [######################--] 825/900  91.7% loss=0.39015 jepa=0.26320 hard=0.87661 hard_red=0.03366 oracle=0.63368 rank=0.37063 value=0.60522 cand=2.73569 ndcg=2.43410 pairs=311.8
[train-progress] epoch=2 [######################--] 850/900  94.4% loss=0.39290 jepa=0.26373 hard=0.87541 hard_red=0.03379 oracle=0.63189 rank=0.36597 value=0.60456 cand=2.73536 ndcg=2.42754 pairs=311.7
[train-progress] epoch=2 [#######################-] 875/900  97.2% loss=0.39256 jepa=0.26302 hard=0.87489 hard_red=0.03365 oracle=0.62970 rank=0.36085 value=0.60193 cand=2.73379 ndcg=2.41968 pairs=311.7
[train-progress] epoch=2 [########################] 900/900 100.0% loss=0.39003 jepa=0.26179 hard=0.87730 hard_red=0.03330 oracle=0.62776 rank=0.35673 value=0.60112 cand=2.73135 ndcg=2.41258 pairs=311.4
[train] epoch=2 horizon=2 train_loss=0.390031 val_loss=0.303059 train_steps=900
[train-progress] epoch=3 [------------------------] 1/900   0.1% loss=1.16506 jepa=1.24697 hard=0.19140 hard_red=0.08798 oracle=1.29978 rank=0.20250 value=0.31751 cand=3.19057 ndcg=2.53981 pairs=253.0
[train-progress] epoch=3 [------------------------] 25/900   2.8% loss=0.26244 jepa=0.26877 hard=0.91379 hard_red=0.02985 oracle=1.14002 rank=0.21214 value=0.47310 cand=2.72094 ndcg=2.20479 pairs=310.6
[train-progress] epoch=3 [#-----------------------] 50/900   5.6% loss=0.44004 jepa=0.25662 hard=0.85605 hard_red=0.02884 oracle=1.12346 rank=0.20154 value=0.58069 cand=2.68309 ndcg=2.16986 pairs=311.2
[train-progress] epoch=3 [##----------------------] 75/900   8.3% loss=0.43197 jepa=0.26438 hard=0.89499 hard_red=0.03341 oracle=1.08382 rank=0.19557 value=0.59718 cand=2.58632 ndcg=2.08854 pairs=310.4
[train-progress] epoch=3 [##----------------------] 100/900  11.1% loss=0.56014 jepa=0.27564 hard=0.92031 hard_red=0.03384 oracle=1.08591 rank=0.20624 value=0.60923 cand=2.57602 ndcg=2.08583 pairs=309.8
[train-progress] epoch=3 [###---------------------] 125/900  13.9% loss=0.49957 jepa=0.27034 hard=0.92754 hard_red=0.03338 oracle=1.08539 rank=0.19988 value=0.61463 cand=2.58695 ndcg=2.08540 pairs=308.4
[train-progress] epoch=3 [####--------------------] 150/900  16.7% loss=0.46193 jepa=0.27513 hard=0.92927 hard_red=0.03042 oracle=1.09166 rank=0.20138 value=0.59926 cand=2.60035 ndcg=2.10026 pairs=307.0
[train-progress] epoch=3 [####--------------------] 175/900  19.4% loss=0.43964 jepa=0.26871 hard=0.92990 hard_red=0.02969 oracle=1.09441 rank=0.20256 value=0.59472 cand=2.60288 ndcg=2.10811 pairs=308.6
[train-progress] epoch=3 [#####-------------------] 200/900  22.2% loss=0.43941 jepa=0.27071 hard=0.91882 hard_red=0.03128 oracle=1.08883 rank=0.20240 value=0.60113 cand=2.59145 ndcg=2.09349 pairs=311.8
[train-progress] epoch=3 [######------------------] 225/900  25.0% loss=0.42634 jepa=0.27058 hard=0.92024 hard_red=0.03282 oracle=1.09135 rank=0.20002 value=0.60849 cand=2.60303 ndcg=2.09815 pairs=310.2
[train-progress] epoch=3 [######------------------] 250/900  27.8% loss=0.43274 jepa=0.26949 hard=0.92071 hard_red=0.03247 oracle=1.08571 rank=0.19645 value=0.60981 cand=2.59119 ndcg=2.08968 pairs=310.6
[train-progress] epoch=3 [#######-----------------] 275/900  30.6% loss=0.45969 jepa=0.27276 hard=0.91466 hard_red=0.03187 oracle=1.08297 rank=0.19372 value=0.61155 cand=2.58955 ndcg=2.08405 pairs=311.2
[train-progress] epoch=3 [########----------------] 300/900  33.3% loss=0.44481 jepa=0.27153 hard=0.92363 hard_red=0.03086 oracle=1.07887 rank=0.19009 value=0.61893 cand=2.58110 ndcg=2.07865 pairs=311.6
[train-progress] epoch=3 [########----------------] 325/900  36.1% loss=0.42660 jepa=0.26759 hard=0.92376 hard_red=0.02966 oracle=1.07520 rank=0.18665 value=0.61544 cand=2.57808 ndcg=2.07209 pairs=311.8
[train-progress] epoch=3 [#########---------------] 350/900  38.9% loss=0.41482 jepa=0.26433 hard=0.93011 hard_red=0.02946 oracle=1.07302 rank=0.18465 value=0.61308 cand=2.57543 ndcg=2.06875 pairs=311.9
[train-progress] epoch=3 [##########--------------] 375/900  41.7% loss=0.42401 jepa=0.26322 hard=0.92946 hard_red=0.02940 oracle=1.07138 rank=0.18158 value=0.60856 cand=2.57806 ndcg=2.06576 pairs=312.2
[train-progress] epoch=3 [##########--------------] 400/900  44.4% loss=0.42492 jepa=0.26423 hard=0.92975 hard_red=0.02933 oracle=1.06833 rank=0.17963 value=0.60854 cand=2.57427 ndcg=2.05941 pairs=312.4
[train-progress] epoch=3 [###########-------------] 425/900  47.2% loss=0.42568 jepa=0.26557 hard=0.92883 hard_red=0.03006 oracle=1.06591 rank=0.17808 value=0.60602 cand=2.57082 ndcg=2.05500 pairs=312.1
[train-progress] epoch=3 [############------------] 450/900  50.0% loss=0.43917 jepa=0.27212 hard=0.92937 hard_red=0.03163 oracle=1.06450 rank=0.17636 value=0.61031 cand=2.57035 ndcg=2.05192 pairs=312.4
[train-progress] epoch=3 [############------------] 475/900  52.8% loss=0.43768 jepa=0.27177 hard=0.92282 hard_red=0.03284 oracle=1.06472 rank=0.17481 value=0.61012 cand=2.57309 ndcg=2.05333 pairs=312.4
[train-progress] epoch=3 [#############-----------] 500/900  55.6% loss=0.43742 jepa=0.27295 hard=0.91829 hard_red=0.03199 oracle=1.06284 rank=0.17275 value=0.60896 cand=2.57134 ndcg=2.05053 pairs=311.4
[train-progress] epoch=3 [##############----------] 525/900  58.3% loss=0.43349 jepa=0.27245 hard=0.91678 hard_red=0.03186 oracle=1.06184 rank=0.17150 value=0.60925 cand=2.57049 ndcg=2.04912 pairs=311.4
[train-progress] epoch=3 [##############----------] 550/900  61.1% loss=0.42635 jepa=0.27202 hard=0.91335 hard_red=0.03138 oracle=1.06127 rank=0.17097 value=0.60946 cand=2.56923 ndcg=2.04857 pairs=311.5
[train-progress] epoch=3 [###############---------] 575/900  63.9% loss=0.41631 jepa=0.27041 hard=0.91344 hard_red=0.03079 oracle=1.05978 rank=0.16989 value=0.60670 cand=2.56682 ndcg=2.04639 pairs=311.6
[train-progress] epoch=3 [################--------] 600/900  66.7% loss=0.41076 jepa=0.26901 hard=0.91584 hard_red=0.03042 oracle=1.05853 rank=0.16883 value=0.60609 cand=2.56554 ndcg=2.04409 pairs=311.8
[train-progress] epoch=3 [################--------] 625/900  69.4% loss=0.40440 jepa=0.26848 hard=0.91249 hard_red=0.02993 oracle=1.05689 rank=0.16807 value=0.60460 cand=2.56313 ndcg=2.04067 pairs=312.6
[train-progress] epoch=3 [#################-------] 650/900  72.2% loss=0.39927 jepa=0.26871 hard=0.91033 hard_red=0.03039 oracle=1.05609 rank=0.16679 value=0.60408 cand=2.56437 ndcg=2.03866 pairs=312.9
[train-progress] epoch=3 [##################------] 675/900  75.0% loss=0.39700 jepa=0.26997 hard=0.90679 hard_red=0.03000 oracle=1.05678 rank=0.16574 value=0.60272 cand=2.56870 ndcg=2.04016 pairs=312.8
[train-progress] epoch=3 [##################------] 700/900  77.8% loss=0.39419 jepa=0.26923 hard=0.90203 hard_red=0.02928 oracle=1.05335 rank=0.16424 value=0.60082 cand=2.56386 ndcg=2.03255 pairs=312.8
[train-progress] epoch=3 [###################-----] 725/900  80.6% loss=0.39334 jepa=0.26883 hard=0.90162 hard_red=0.02904 oracle=1.05143 rank=0.16234 value=0.60337 cand=2.56179 ndcg=2.02909 pairs=312.8
[train-progress] epoch=3 [####################----] 750/900  83.3% loss=0.40466 jepa=0.27175 hard=0.89644 hard_red=0.02975 oracle=1.04977 rank=0.16081 value=0.60307 cand=2.56023 ndcg=2.02605 pairs=312.4
[train-progress] epoch=3 [####################----] 775/900  86.1% loss=0.40181 jepa=0.27164 hard=0.89562 hard_red=0.02948 oracle=1.04792 rank=0.15987 value=0.60287 cand=2.55663 ndcg=2.02275 pairs=312.5
[train-progress] epoch=3 [#####################---] 800/900  88.9% loss=0.40169 jepa=0.27318 hard=0.89662 hard_red=0.02951 oracle=1.04550 rank=0.15815 value=0.60164 cand=2.55413 ndcg=2.01777 pairs=312.3
[train-progress] epoch=3 [######################--] 825/900  91.7% loss=0.39987 jepa=0.27196 hard=0.89562 hard_red=0.02907 oracle=1.04440 rank=0.15718 value=0.60200 cand=2.55293 ndcg=2.01576 pairs=312.7
[train-progress] epoch=3 [######################--] 850/900  94.4% loss=0.39974 jepa=0.27119 hard=0.89731 hard_red=0.02961 oracle=1.04321 rank=0.15554 value=0.60140 cand=2.55279 ndcg=2.01381 pairs=312.3
[train-progress] epoch=3 [#######################-] 875/900  97.2% loss=0.39890 jepa=0.27284 hard=0.89647 hard_red=0.02966 oracle=1.04101 rank=0.15456 value=0.60097 cand=2.54888 ndcg=2.00941 pairs=312.5
[train-progress] epoch=3 [########################] 900/900 100.0% loss=0.39885 jepa=0.27293 hard=0.89663 hard_red=0.02970 oracle=1.03991 rank=0.15334 value=0.59979 cand=2.54827 ndcg=2.00755 pairs=312.7
[train] epoch=3 horizon=2 train_loss=0.398846 val_loss=0.317514 train_steps=900
[train-progress] epoch=4 [------------------------] 1/900   0.1% loss=0.22218 jepa=0.21530 hard=1.14954 hard_red=0.01178 oracle=1.17608 rank=0.10006 value=0.58565 cand=3.08790 ndcg=2.25065 pairs=345.0
[train-progress] epoch=4 [------------------------] 25/900   2.8% loss=0.23360 jepa=0.25501 hard=1.03996 hard_red=0.03574 oracle=1.03295 rank=0.10552 value=0.54650 cand=2.62946 ndcg=2.00416 pairs=302.8
[train-progress] epoch=4 [#-----------------------] 50/900   5.6% loss=0.21225 jepa=0.25956 hard=0.99206 hard_red=0.02836 oracle=1.01481 rank=0.11222 value=0.56917 cand=2.54596 ndcg=1.97831 pairs=298.3
[train-progress] epoch=4 [##----------------------] 75/900   8.3% loss=0.34658 jepa=0.27039 hard=0.90979 hard_red=0.02731 oracle=1.01314 rank=0.11637 value=0.54481 cand=2.54610 ndcg=1.96778 pairs=299.8
[train-progress] epoch=4 [##----------------------] 100/900  11.1% loss=0.33703 jepa=0.27099 hard=0.93236 hard_red=0.02809 oracle=1.00124 rank=0.11141 value=0.56459 cand=2.51604 ndcg=1.94739 pairs=303.2
[train-progress] epoch=4 [###---------------------] 125/900  13.9% loss=0.35494 jepa=0.27890 hard=0.90031 hard_red=0.02900 oracle=1.00163 rank=0.10896 value=0.57541 cand=2.52750 ndcg=1.94335 pairs=304.2
[train-progress] epoch=4 [####--------------------] 150/900  16.7% loss=0.37619 jepa=0.29235 hard=0.89633 hard_red=0.03086 oracle=0.99701 rank=0.10686 value=0.57700 cand=2.52522 ndcg=1.92967 pairs=307.0
[train-progress] epoch=4 [####--------------------] 175/900  19.4% loss=0.40024 jepa=0.28992 hard=0.88061 hard_red=0.03114 oracle=0.99376 rank=0.10465 value=0.57828 cand=2.52154 ndcg=1.92271 pairs=306.5
[train-progress] epoch=4 [#####-------------------] 200/900  22.2% loss=0.39681 jepa=0.29386 hard=0.86127 hard_red=0.03061 oracle=0.99380 rank=0.10508 value=0.58453 cand=2.52041 ndcg=1.92221 pairs=309.1
[train-progress] epoch=4 [######------------------] 225/900  25.0% loss=0.39972 jepa=0.29338 hard=0.87908 hard_red=0.03325 oracle=0.99005 rank=0.10382 value=0.58978 cand=2.51115 ndcg=1.91529 pairs=309.5
[train-progress] epoch=4 [######------------------] 250/900  27.8% loss=0.38368 jepa=0.29082 hard=0.89738 hard_red=0.03354 oracle=0.98397 rank=0.10099 value=0.59719 cand=2.50025 ndcg=1.90245 pairs=311.3
[train-progress] epoch=4 [#######-----------------] 275/900  30.6% loss=0.37547 jepa=0.28930 hard=0.90004 hard_red=0.03151 oracle=0.98472 rank=0.09974 value=0.59148 cand=2.50498 ndcg=1.90474 pairs=310.4
[train-progress] epoch=4 [########----------------] 300/900  33.3% loss=0.36813 jepa=0.28956 hard=0.89093 hard_red=0.03101 oracle=0.98391 rank=0.09896 value=0.58731 cand=2.50478 ndcg=1.90338 pairs=310.0
[train-progress] epoch=4 [########----------------] 325/900  36.1% loss=0.36611 jepa=0.28698 hard=0.89916 hard_red=0.03027 oracle=0.98065 rank=0.09854 value=0.58497 cand=2.49767 ndcg=1.89641 pairs=310.2
[train-progress] epoch=4 [#########---------------] 350/900  38.9% loss=0.35677 jepa=0.28420 hard=0.89388 hard_red=0.02923 oracle=0.98019 rank=0.09719 value=0.57683 cand=2.50142 ndcg=1.89501 pairs=309.0
[train-progress] epoch=4 [##########--------------] 375/900  41.7% loss=0.34825 jepa=0.28237 hard=0.89183 hard_red=0.02864 oracle=0.97935 rank=0.09657 value=0.57935 cand=2.50015 ndcg=1.89325 pairs=309.1
[train-progress] epoch=4 [##########--------------] 400/900  44.4% loss=0.36036 jepa=0.28315 hard=0.88601 hard_red=0.02902 oracle=0.98095 rank=0.09643 value=0.58255 cand=2.50467 ndcg=1.89623 pairs=309.2
[train-progress] epoch=4 [###########-------------] 425/900  47.2% loss=0.35276 jepa=0.28214 hard=0.88946 hard_red=0.02858 oracle=0.98265 rank=0.09617 value=0.57967 cand=2.50968 ndcg=1.90021 pairs=308.2
[train-progress] epoch=4 [############------------] 450/900  50.0% loss=0.35967 jepa=0.28462 hard=0.89026 hard_red=0.02991 oracle=0.98204 rank=0.09559 value=0.58018 cand=2.51128 ndcg=1.89748 pairs=308.6
[train-progress] epoch=4 [############------------] 475/900  52.8% loss=0.36017 jepa=0.28605 hard=0.88920 hard_red=0.02983 oracle=0.98262 rank=0.09531 value=0.58101 cand=2.51432 ndcg=1.89794 pairs=308.5
[train-progress] epoch=4 [#############-----------] 500/900  55.6% loss=0.38505 jepa=0.29101 hard=0.88461 hard_red=0.03081 oracle=0.98126 rank=0.09462 value=0.58181 cand=2.51259 ndcg=1.89475 pairs=309.0
[train-progress] epoch=4 [##############----------] 525/900  58.3% loss=0.38009 jepa=0.29008 hard=0.87533 hard_red=0.03026 oracle=0.97812 rank=0.09378 value=0.58478 cand=2.50564 ndcg=1.88821 pairs=309.8
[train-progress] epoch=4 [##############----------] 550/900  61.1% loss=0.39725 jepa=0.29685 hard=0.87927 hard_red=0.03046 oracle=0.97790 rank=0.09349 value=0.58604 cand=2.50510 ndcg=1.88802 pairs=310.2
[train-progress] epoch=4 [###############---------] 575/900  63.9% loss=0.39379 jepa=0.29569 hard=0.88430 hard_red=0.03056 oracle=0.97773 rank=0.09266 value=0.58319 cand=2.50652 ndcg=1.88799 pairs=309.5
[train-progress] epoch=4 [################--------] 600/900  66.7% loss=0.39441 jepa=0.29427 hard=0.88446 hard_red=0.03015 oracle=0.97807 rank=0.09225 value=0.58546 cand=2.50897 ndcg=1.88795 pairs=309.9
[train-progress] epoch=4 [################--------] 625/900  69.4% loss=0.40214 jepa=0.29415 hard=0.88678 hard_red=0.03061 oracle=0.97863 rank=0.09205 value=0.58414 cand=2.51036 ndcg=1.88967 pairs=309.7
[train-progress] epoch=4 [#################-------] 650/900  72.2% loss=0.39798 jepa=0.29410 hard=0.88663 hard_red=0.03080 oracle=0.97817 rank=0.09169 value=0.58574 cand=2.51029 ndcg=1.88828 pairs=309.7
[train-progress] epoch=4 [##################------] 675/900  75.0% loss=0.39990 jepa=0.29575 hard=0.88282 hard_red=0.03015 oracle=0.97765 rank=0.09098 value=0.58655 cand=2.51101 ndcg=1.88673 pairs=309.6
[train-progress] epoch=4 [##################------] 700/900  77.8% loss=0.39986 jepa=0.29489 hard=0.88015 hard_red=0.03070 oracle=0.97658 rank=0.09054 value=0.58548 cand=2.50963 ndcg=1.88427 pairs=309.9
[train-progress] epoch=4 [###################-----] 725/900  80.6% loss=0.39358 jepa=0.29342 hard=0.88324 hard_red=0.03031 oracle=0.97798 rank=0.09038 value=0.58308 cand=2.51310 ndcg=1.88791 pairs=309.4
[train-progress] epoch=4 [####################----] 750/900  83.3% loss=0.39092 jepa=0.29280 hard=0.88495 hard_red=0.03038 oracle=0.97636 rank=0.08934 value=0.58362 cand=2.51099 ndcg=1.88454 pairs=309.0
[train-progress] epoch=4 [####################----] 775/900  86.1% loss=0.38869 jepa=0.29318 hard=0.87911 hard_red=0.03018 oracle=0.97643 rank=0.08915 value=0.58438 cand=2.51176 ndcg=1.88448 pairs=309.1
[train-progress] epoch=4 [#####################---] 800/900  88.9% loss=0.39381 jepa=0.29204 hard=0.88047 hard_red=0.02998 oracle=0.97463 rank=0.08865 value=0.58229 cand=2.50799 ndcg=1.88107 pairs=309.4
[train-progress] epoch=4 [######################--] 825/900  91.7% loss=0.39036 jepa=0.29218 hard=0.87952 hard_red=0.02956 oracle=0.97410 rank=0.08814 value=0.58118 cand=2.50827 ndcg=1.87970 pairs=310.5
[train-progress] epoch=4 [######################--] 850/900  94.4% loss=0.39069 jepa=0.29107 hard=0.88216 hard_red=0.02942 oracle=0.97302 rank=0.08741 value=0.58282 cand=2.50746 ndcg=1.87693 pairs=310.9
[train-progress] epoch=4 [#######################-] 875/900  97.2% loss=0.38635 jepa=0.29068 hard=0.88092 hard_red=0.02962 oracle=0.97211 rank=0.08713 value=0.58174 cand=2.50473 ndcg=1.87581 pairs=310.6
[train-progress] epoch=4 [########################] 900/900 100.0% loss=0.38599 jepa=0.29310 hard=0.87732 hard_red=0.02934 oracle=0.97031 rank=0.08653 value=0.58687 cand=2.50019 ndcg=1.87220 pairs=311.0
[train] epoch=4 horizon=3 train_loss=0.385987 val_loss=0.388662 train_steps=900
[train-progress] epoch=5 [------------------------] 1/900   0.1% loss=0.15833 jepa=0.31974 hard=0.42079 hard_red=0.04441 oracle=0.81036 rank=0.08760 value=0.66133 cand=1.98612 ndcg=1.59191 pairs=281.0
[train-progress] epoch=5 [------------------------] 25/900   2.8% loss=0.30470 jepa=0.25540 hard=0.86513 hard_red=0.02548 oracle=0.91890 rank=0.06279 value=0.55110 cand=2.41018 ndcg=1.77367 pairs=324.2
[train-progress] epoch=5 [#-----------------------] 50/900   5.6% loss=0.28724 jepa=0.26308 hard=0.80266 hard_red=0.02433 oracle=0.93301 rank=0.06760 value=0.56499 cand=2.43819 ndcg=1.80057 pairs=326.4
[train-progress] epoch=5 [##----------------------] 75/900   8.3% loss=0.32859 jepa=0.27340 hard=0.82774 hard_red=0.02755 oracle=0.93367 rank=0.06735 value=0.55535 cand=2.44126 ndcg=1.80259 pairs=320.5
[train-progress] epoch=5 [##----------------------] 100/900  11.1% loss=0.33000 jepa=0.27088 hard=0.86587 hard_red=0.02895 oracle=0.94067 rank=0.06889 value=0.55358 cand=2.45433 ndcg=1.81889 pairs=315.6
[train-progress] epoch=5 [###---------------------] 125/900  13.9% loss=0.32135 jepa=0.27201 hard=0.86958 hard_red=0.02964 oracle=0.93391 rank=0.06863 value=0.56403 cand=2.43408 ndcg=1.80560 pairs=312.3
[train-progress] epoch=5 [####--------------------] 150/900  16.7% loss=0.36081 jepa=0.27734 hard=0.84858 hard_red=0.03109 oracle=0.93658 rank=0.06818 value=0.57363 cand=2.44352 ndcg=1.80908 pairs=312.5
[train-progress] epoch=5 [####--------------------] 175/900  19.4% loss=0.39880 jepa=0.28424 hard=0.85996 hard_red=0.03070 oracle=0.93475 rank=0.06835 value=0.56564 cand=2.44045 ndcg=1.80463 pairs=311.8
[train-progress] epoch=5 [#####-------------------] 200/900  22.2% loss=0.40181 jepa=0.28908 hard=0.85281 hard_red=0.02996 oracle=0.93692 rank=0.06773 value=0.56226 cand=2.44925 ndcg=1.80838 pairs=312.8
[train-progress] epoch=5 [######------------------] 225/900  25.0% loss=0.41268 jepa=0.29165 hard=0.83512 hard_red=0.03039 oracle=0.93688 rank=0.06784 value=0.56920 cand=2.44779 ndcg=1.80827 pairs=312.9
[train-progress] epoch=5 [######------------------] 250/900  27.8% loss=0.40144 jepa=0.29234 hard=0.84672 hard_red=0.02934 oracle=0.93750 rank=0.06780 value=0.56780 cand=2.45161 ndcg=1.80820 pairs=313.4
[train-progress] epoch=5 [#######-----------------] 275/900  30.6% loss=0.41216 jepa=0.30369 hard=0.84095 hard_red=0.02899 oracle=0.94026 rank=0.06793 value=0.55737 cand=2.46097 ndcg=1.81356 pairs=312.6
[train-progress] epoch=5 [########----------------] 300/900  33.3% loss=0.40662 jepa=0.30433 hard=0.83336 hard_red=0.02927 oracle=0.94032 rank=0.06826 value=0.56335 cand=2.45882 ndcg=1.81411 pairs=314.3
[train-progress] epoch=5 [########----------------] 325/900  36.1% loss=0.39575 jepa=0.30197 hard=0.82969 hard_red=0.02883 oracle=0.94007 rank=0.06822 value=0.56234 cand=2.45744 ndcg=1.81430 pairs=313.9
[train-progress] epoch=5 [#########---------------] 350/900  38.9% loss=0.39451 jepa=0.29946 hard=0.83312 hard_red=0.03056 oracle=0.94250 rank=0.06842 value=0.56298 cand=2.46325 ndcg=1.81941 pairs=313.3
[train-progress] epoch=5 [##########--------------] 375/900  41.7% loss=0.39109 jepa=0.30116 hard=0.83985 hard_red=0.03031 oracle=0.94052 rank=0.06772 value=0.56080 cand=2.45991 ndcg=1.81531 pairs=312.3
[train-progress] epoch=5 [##########--------------] 400/900  44.4% loss=0.38897 jepa=0.29912 hard=0.83834 hard_red=0.02954 oracle=0.94105 rank=0.06734 value=0.56434 cand=2.46161 ndcg=1.81638 pairs=311.2
[train-progress] epoch=5 [###########-------------] 425/900  47.2% loss=0.38759 jepa=0.30022 hard=0.83783 hard_red=0.03011 oracle=0.94077 rank=0.06704 value=0.56450 cand=2.46108 ndcg=1.81611 pairs=312.0
[train-progress] epoch=5 [############------------] 450/900  50.0% loss=0.39732 jepa=0.29883 hard=0.83928 hard_red=0.03006 oracle=0.94132 rank=0.06699 value=0.56544 cand=2.46319 ndcg=1.81674 pairs=311.4
[train-progress] epoch=5 [############------------] 475/900  52.8% loss=0.39372 jepa=0.29919 hard=0.84653 hard_red=0.03042 oracle=0.94154 rank=0.06716 value=0.56278 cand=2.46389 ndcg=1.81718 pairs=310.4
[train-progress] epoch=5 [#############-----------] 500/900  55.6% loss=0.38889 jepa=0.29682 hard=0.85389 hard_red=0.03037 oracle=0.94176 rank=0.06696 value=0.56353 cand=2.46523 ndcg=1.81730 pairs=311.0
[train-progress] epoch=5 [##############----------] 525/900  58.3% loss=0.39732 jepa=0.29958 hard=0.84992 hard_red=0.03008 oracle=0.94143 rank=0.06630 value=0.56310 cand=2.46705 ndcg=1.81580 pairs=310.8
[train-progress] epoch=5 [##############----------] 550/900  61.1% loss=0.39389 jepa=0.29938 hard=0.84935 hard_red=0.02970 oracle=0.94254 rank=0.06605 value=0.55857 cand=2.47191 ndcg=1.81769 pairs=310.1
[train-progress] epoch=5 [###############---------] 575/900  63.9% loss=0.39165 jepa=0.29861 hard=0.85074 hard_red=0.02960 oracle=0.94396 rank=0.06611 value=0.55751 cand=2.47575 ndcg=1.82063 pairs=309.4
[train-progress] epoch=5 [################--------] 600/900  66.7% loss=0.39729 jepa=0.29715 hard=0.85588 hard_red=0.02974 oracle=0.94443 rank=0.06603 value=0.55607 cand=2.47790 ndcg=1.82124 pairs=309.0
[train-progress] epoch=5 [################--------] 625/900  69.4% loss=0.40208 jepa=0.29613 hard=0.86018 hard_red=0.02983 oracle=0.94439 rank=0.06557 value=0.55720 cand=2.47815 ndcg=1.82154 pairs=308.5
[train-progress] epoch=5 [#################-------] 650/900  72.2% loss=0.40786 jepa=0.29493 hard=0.86000 hard_red=0.02998 oracle=0.94362 rank=0.06533 value=0.55660 cand=2.47659 ndcg=1.82001 pairs=308.4
[train-progress] epoch=5 [##################------] 675/900  75.0% loss=0.40052 jepa=0.29345 hard=0.86017 hard_red=0.03001 oracle=0.94287 rank=0.06457 value=0.55659 cand=2.47623 ndcg=1.81849 pairs=308.8
[train-progress] epoch=5 [##################------] 700/900  77.8% loss=0.39863 jepa=0.29257 hard=0.85925 hard_red=0.03006 oracle=0.94200 rank=0.06478 value=0.55786 cand=2.47380 ndcg=1.81628 pairs=309.2
[train-progress] epoch=5 [###################-----] 725/900  80.6% loss=0.40410 jepa=0.29585 hard=0.86072 hard_red=0.03014 oracle=0.94187 rank=0.06448 value=0.55750 cand=2.47476 ndcg=1.81558 pairs=309.6
[train-progress] epoch=5 [####################----] 750/900  83.3% loss=0.41214 jepa=0.29692 hard=0.86506 hard_red=0.03049 oracle=0.94028 rank=0.06416 value=0.55829 cand=2.47116 ndcg=1.81225 pairs=309.8
[train-progress] epoch=5 [####################----] 775/900  86.1% loss=0.40998 jepa=0.29803 hard=0.86752 hard_red=0.03015 oracle=0.94128 rank=0.06407 value=0.55961 cand=2.47420 ndcg=1.81405 pairs=309.6
[train-progress] epoch=5 [#####################---] 800/900  88.9% loss=0.40868 jepa=0.29768 hard=0.86995 hard_red=0.03030 oracle=0.94093 rank=0.06407 value=0.56014 cand=2.47358 ndcg=1.81299 pairs=309.6
[train-progress] epoch=5 [######################--] 825/900  91.7% loss=0.40927 jepa=0.30116 hard=0.87010 hard_red=0.03001 oracle=0.94067 rank=0.06396 value=0.55918 cand=2.47390 ndcg=1.81204 pairs=310.2
[train-progress] epoch=5 [######################--] 850/900  94.4% loss=0.40724 jepa=0.29965 hard=0.86893 hard_red=0.03017 oracle=0.94012 rank=0.06389 value=0.55858 cand=2.47259 ndcg=1.81097 pairs=310.4
[train-progress] epoch=5 [#######################-] 875/900  97.2% loss=0.40873 jepa=0.30495 hard=0.86808 hard_red=0.03013 oracle=0.94008 rank=0.06368 value=0.55742 cand=2.47328 ndcg=1.81078 pairs=310.1
[train-progress] epoch=5 [########################] 900/900 100.0% loss=0.40577 jepa=0.30443 hard=0.87249 hard_red=0.02999 oracle=0.93977 rank=0.06330 value=0.55589 cand=2.47416 ndcg=1.80970 pairs=310.0
[train] epoch=5 horizon=3 train_loss=0.405772 val_loss=0.364286 train_steps=900
[train-progress] epoch=6 [------------------------] 1/900   0.1% loss=0.12089 jepa=0.26768 hard=0.38953 hard_red=0.00045 oracle=1.03718 rank=0.07661 value=0.32695 cand=2.61599 ndcg=2.10340 pairs=246.0
[train-progress] epoch=6 [------------------------] 25/900   2.8% loss=0.56338 jepa=0.32038 hard=0.96292 hard_red=0.05357 oracle=0.87352 rank=0.04771 value=0.52467 cand=2.31097 ndcg=1.69086 pairs=298.7
[train-progress] epoch=6 [#-----------------------] 50/900   5.6% loss=0.41595 jepa=0.29973 hard=0.96124 hard_red=0.04470 oracle=0.89553 rank=0.05038 value=0.54807 cand=2.37563 ndcg=1.72529 pairs=297.8
[train-progress] epoch=6 [##----------------------] 75/900   8.3% loss=0.36248 jepa=0.29244 hard=0.94354 hard_red=0.03346 oracle=0.90859 rank=0.05101 value=0.54872 cand=2.41183 ndcg=1.75039 pairs=299.1
[train-progress] epoch=6 [##----------------------] 100/900  11.1% loss=0.36337 jepa=0.31789 hard=0.93699 hard_red=0.02996 oracle=0.90457 rank=0.05163 value=0.54013 cand=2.39709 ndcg=1.74494 pairs=301.2
[train-progress] epoch=6 [###---------------------] 125/900  13.9% loss=0.36311 jepa=0.31704 hard=0.93147 hard_red=0.02934 oracle=0.90714 rank=0.05167 value=0.54488 cand=2.40425 ndcg=1.74945 pairs=305.1
[train-progress] epoch=6 [####--------------------] 150/900  16.7% loss=0.43850 jepa=0.36197 hard=0.90485 hard_red=0.03154 oracle=0.90880 rank=0.05184 value=0.54184 cand=2.41149 ndcg=1.75097 pairs=305.1
[train-progress] epoch=6 [####--------------------] 175/900  19.4% loss=0.46174 jepa=0.35699 hard=0.88722 hard_red=0.03075 oracle=0.91158 rank=0.05262 value=0.54358 cand=2.41920 ndcg=1.75507 pairs=303.6
[train-progress] epoch=6 [#####-------------------] 200/900  22.2% loss=0.47154 jepa=0.37374 hard=0.87974 hard_red=0.03071 oracle=0.91358 rank=0.05256 value=0.54665 cand=2.42190 ndcg=1.76084 pairs=303.5
[train-progress] epoch=6 [######------------------] 225/900  25.0% loss=0.47894 jepa=0.37154 hard=0.88360 hard_red=0.02977 oracle=0.91732 rank=0.05255 value=0.54756 cand=2.43508 ndcg=1.76626 pairs=304.8
[train-progress] epoch=6 [######------------------] 250/900  27.8% loss=0.45790 jepa=0.36550 hard=0.89580 hard_red=0.02895 oracle=0.91866 rank=0.05295 value=0.54079 cand=2.43903 ndcg=1.76892 pairs=304.9
[train-progress] epoch=6 [#######-----------------] 275/900  30.6% loss=0.44639 jepa=0.35972 hard=0.89089 hard_red=0.02741 oracle=0.91963 rank=0.05277 value=0.53865 cand=2.44132 ndcg=1.77169 pairs=305.5
[train-progress] epoch=6 [########----------------] 300/900  33.3% loss=0.44624 jepa=0.35447 hard=0.89195 hard_red=0.02792 oracle=0.92262 rank=0.05310 value=0.53471 cand=2.45000 ndcg=1.77733 pairs=306.5
[train-progress] epoch=6 [########----------------] 325/900  36.1% loss=0.43950 jepa=0.35116 hard=0.89646 hard_red=0.02842 oracle=0.92218 rank=0.05300 value=0.53742 cand=2.44753 ndcg=1.77720 pairs=305.8
[train-progress] epoch=6 [#########---------------] 350/900  38.9% loss=0.43046 jepa=0.34562 hard=0.89525 hard_red=0.02755 oracle=0.92047 rank=0.05312 value=0.54403 cand=2.44221 ndcg=1.77320 pairs=306.6
[train-progress] epoch=6 [##########--------------] 375/900  41.7% loss=0.43158 jepa=0.35497 hard=0.89529 hard_red=0.02709 oracle=0.91958 rank=0.05327 value=0.54653 cand=2.44009 ndcg=1.77063 pairs=307.0
[train-progress] epoch=6 [##########--------------] 400/900  44.4% loss=0.43900 jepa=0.35569 hard=0.88799 hard_red=0.02705 oracle=0.92169 rank=0.05340 value=0.54746 cand=2.44591 ndcg=1.77459 pairs=306.9
[train-progress] epoch=6 [###########-------------] 425/900  47.2% loss=0.43212 jepa=0.35211 hard=0.89284 hard_red=0.02675 oracle=0.92079 rank=0.05356 value=0.54603 cand=2.44330 ndcg=1.77275 pairs=308.1
[train-progress] epoch=6 [############------------] 450/900  50.0% loss=0.43257 jepa=0.34795 hard=0.89969 hard_red=0.02621 oracle=0.92113 rank=0.05375 value=0.54420 cand=2.44384 ndcg=1.77364 pairs=308.6
[train-progress] epoch=6 [############------------] 475/900  52.8% loss=0.42670 jepa=0.34676 hard=0.90046 hard_red=0.02600 oracle=0.92133 rank=0.05330 value=0.54079 cand=2.44636 ndcg=1.77376 pairs=309.1
[train-progress] epoch=6 [#############-----------] 500/900  55.6% loss=0.42927 jepa=0.34491 hard=0.90081 hard_red=0.02675 oracle=0.92201 rank=0.05364 value=0.54793 cand=2.44756 ndcg=1.77422 pairs=309.3
[train-progress] epoch=6 [##############----------] 525/900  58.3% loss=0.42382 jepa=0.34437 hard=0.90105 hard_red=0.02659 oracle=0.92087 rank=0.05366 value=0.54788 cand=2.44404 ndcg=1.77215 pairs=308.4
[train-progress] epoch=6 [##############----------] 550/900  61.1% loss=0.41958 jepa=0.34318 hard=0.89982 hard_red=0.02648 oracle=0.92083 rank=0.05347 value=0.54690 cand=2.44526 ndcg=1.77155 pairs=308.7
[train-progress] epoch=6 [###############---------] 575/900  63.9% loss=0.42335 jepa=0.34389 hard=0.89827 hard_red=0.02652 oracle=0.92110 rank=0.05333 value=0.54779 cand=2.44622 ndcg=1.77204 pairs=309.4
[train-progress] epoch=6 [################--------] 600/900  66.7% loss=0.42069 jepa=0.34403 hard=0.90296 hard_red=0.02679 oracle=0.92457 rank=0.05327 value=0.54387 cand=2.45664 ndcg=1.77901 pairs=309.1
[train-progress] epoch=6 [################--------] 625/900  69.4% loss=0.41891 jepa=0.34299 hard=0.90421 hard_red=0.02603 oracle=0.92445 rank=0.05307 value=0.54290 cand=2.45717 ndcg=1.77856 pairs=309.5
[train-progress] epoch=6 [#################-------] 650/900  72.2% loss=0.41898 jepa=0.34171 hard=0.89984 hard_red=0.02593 oracle=0.92584 rank=0.05293 value=0.54368 cand=2.46218 ndcg=1.78065 pairs=309.6
[train-progress] epoch=6 [##################------] 675/900  75.0% loss=0.41496 jepa=0.33927 hard=0.89630 hard_red=0.02563 oracle=0.92475 rank=0.05292 value=0.54416 cand=2.45842 ndcg=1.77898 pairs=310.0
[train-progress] epoch=6 [##################------] 700/900  77.8% loss=0.41526 jepa=0.33907 hard=0.89461 hard_red=0.02575 oracle=0.92522 rank=0.05271 value=0.54338 cand=2.46142 ndcg=1.77910 pairs=310.7
[train-progress] epoch=6 [###################-----] 725/900  80.6% loss=0.41579 jepa=0.33908 hard=0.89593 hard_red=0.02551 oracle=0.92602 rank=0.05292 value=0.54119 cand=2.46319 ndcg=1.78096 pairs=310.1
[train-progress] epoch=6 [####################----] 750/900  83.3% loss=0.41332 jepa=0.33739 hard=0.89096 hard_red=0.02567 oracle=0.92546 rank=0.05274 value=0.54071 cand=2.46280 ndcg=1.77937 pairs=311.0
[train-progress] epoch=6 [####################----] 775/900  86.1% loss=0.41063 jepa=0.33715 hard=0.89334 hard_red=0.02528 oracle=0.92582 rank=0.05246 value=0.53802 cand=2.46532 ndcg=1.77976 pairs=310.8
[train-progress] epoch=6 [#####################---] 800/900  88.9% loss=0.40895 jepa=0.33643 hard=0.89493 hard_red=0.02520 oracle=0.92585 rank=0.05240 value=0.53807 cand=2.46590 ndcg=1.77954 pairs=310.6
[train-progress] epoch=6 [######################--] 825/900  91.7% loss=0.40548 jepa=0.33577 hard=0.89421 hard_red=0.02508 oracle=0.92452 rank=0.05220 value=0.53788 cand=2.46258 ndcg=1.77694 pairs=310.8
[train-progress] epoch=6 [######################--] 850/900  94.4% loss=0.40044 jepa=0.33417 hard=0.89661 hard_red=0.02485 oracle=0.92474 rank=0.05206 value=0.53787 cand=2.46307 ndcg=1.77771 pairs=310.3
[train-progress] epoch=6 [#######################-] 875/900  97.2% loss=0.39658 jepa=0.33298 hard=0.89584 hard_red=0.02470 oracle=0.92438 rank=0.05203 value=0.53922 cand=2.46157 ndcg=1.77724 pairs=310.3
[train-progress] epoch=6 [########################] 900/900 100.0% loss=0.40092 jepa=0.33731 hard=0.89318 hard_red=0.02448 oracle=0.92409 rank=0.05195 value=0.53972 cand=2.46145 ndcg=1.77624 pairs=310.7
[train] epoch=6 horizon=4 train_loss=0.400919 val_loss=0.451446 train_steps=900
[train-progress] epoch=7 [------------------------] 1/900   0.1% loss=0.13835 jepa=0.26635 hard=1.15735 hard_red=0.00063 oracle=1.06078 rank=0.05546 value=0.33737 cand=2.97306 ndcg=1.97331 pairs=318.0
[train-progress] epoch=7 [------------------------] 25/900   2.8% loss=0.42893 jepa=0.37697 hard=0.71774 hard_red=0.04436 oracle=0.96241 rank=0.04592 value=0.51539 cand=2.58943 ndcg=1.84994 pairs=294.9
[train-progress] epoch=7 [#-----------------------] 50/900   5.6% loss=0.36192 jepa=0.32823 hard=0.75307 hard_red=0.03106 oracle=0.95669 rank=0.04978 value=0.50401 cand=2.55952 ndcg=1.84378 pairs=295.4
[train-progress] epoch=7 [##----------------------] 75/900   8.3% loss=0.45713 jepa=0.34896 hard=0.75769 hard_red=0.03170 oracle=0.94711 rank=0.05080 value=0.51716 cand=2.52660 ndcg=1.82593 pairs=299.5
[train-progress] epoch=7 [##----------------------] 100/900  11.1% loss=0.41036 jepa=0.33058 hard=0.75596 hard_red=0.02803 oracle=0.93564 rank=0.05076 value=0.50821 cand=2.49538 ndcg=1.80371 pairs=299.6
[train-progress] epoch=7 [###---------------------] 125/900  13.9% loss=0.41864 jepa=0.33379 hard=0.76487 hard_red=0.02953 oracle=0.92672 rank=0.04889 value=0.51484 cand=2.47487 ndcg=1.78497 pairs=301.5
[train-progress] epoch=7 [####--------------------] 150/900  16.7% loss=0.45241 jepa=0.32681 hard=0.78858 hard_red=0.02965 oracle=0.92493 rank=0.04862 value=0.51701 cand=2.47030 ndcg=1.78126 pairs=301.0
[train-progress] epoch=7 [####--------------------] 175/900  19.4% loss=0.43819 jepa=0.32293 hard=0.80349 hard_red=0.02770 oracle=0.93094 rank=0.04938 value=0.52398 cand=2.48386 ndcg=1.79349 pairs=303.6
[train-progress] epoch=7 [#####-------------------] 200/900  22.2% loss=0.43821 jepa=0.31677 hard=0.80655 hard_red=0.02628 oracle=0.92534 rank=0.04889 value=0.52486 cand=2.47158 ndcg=1.78062 pairs=303.1
[train-progress] epoch=7 [######------------------] 225/900  25.0% loss=0.44852 jepa=0.31582 hard=0.80287 hard_red=0.02632 oracle=0.92535 rank=0.04910 value=0.52632 cand=2.47384 ndcg=1.77850 pairs=304.3
[train-progress] epoch=7 [######------------------] 250/900  27.8% loss=0.47571 jepa=0.31560 hard=0.79853 hard_red=0.02764 oracle=0.92024 rank=0.04846 value=0.52741 cand=2.46196 ndcg=1.76754 pairs=304.4
[train-progress] epoch=7 [#######-----------------] 275/900  30.6% loss=0.46442 jepa=0.31796 hard=0.79706 hard_red=0.02650 oracle=0.92506 rank=0.04826 value=0.52128 cand=2.47531 ndcg=1.77826 pairs=305.0
[train-progress] epoch=7 [########----------------] 300/900  33.3% loss=0.44829 jepa=0.31592 hard=0.80377 hard_red=0.02633 oracle=0.92325 rank=0.04809 value=0.52037 cand=2.47038 ndcg=1.77493 pairs=305.9
[train-progress] epoch=7 [########----------------] 325/900  36.1% loss=0.44155 jepa=0.31515 hard=0.81541 hard_red=0.02627 oracle=0.91947 rank=0.04786 value=0.52119 cand=2.46081 ndcg=1.76699 pairs=306.6
[train-progress] epoch=7 [#########---------------] 350/900  38.9% loss=0.44558 jepa=0.31586 hard=0.80508 hard_red=0.02588 oracle=0.91611 rank=0.04776 value=0.53006 cand=2.45124 ndcg=1.75952 pairs=307.7
[train-progress] epoch=7 [##########--------------] 375/900  41.7% loss=0.43349 jepa=0.31486 hard=0.81219 hard_red=0.02624 oracle=0.91841 rank=0.04742 value=0.52709 cand=2.45806 ndcg=1.76473 pairs=308.0
[train-progress] epoch=7 [##########--------------] 400/900  44.4% loss=0.43741 jepa=0.31394 hard=0.81204 hard_red=0.02574 oracle=0.91756 rank=0.04743 value=0.52583 cand=2.45496 ndcg=1.76366 pairs=308.8
[train-progress] epoch=7 [###########-------------] 425/900  47.2% loss=0.42909 jepa=0.31217 hard=0.81480 hard_red=0.02484 oracle=0.91875 rank=0.04775 value=0.52571 cand=2.45729 ndcg=1.76628 pairs=308.4
[train-progress] epoch=7 [############------------] 450/900  50.0% loss=0.42034 jepa=0.30986 hard=0.81640 hard_red=0.02474 oracle=0.91812 rank=0.04753 value=0.52169 cand=2.45779 ndcg=1.76423 pairs=308.3
[train-progress] epoch=7 [############------------] 475/900  52.8% loss=0.41999 jepa=0.31173 hard=0.81909 hard_red=0.02472 oracle=0.91833 rank=0.04775 value=0.51696 cand=2.45891 ndcg=1.76448 pairs=308.6
[train-progress] epoch=7 [#############-----------] 500/900  55.6% loss=0.41438 jepa=0.31068 hard=0.81779 hard_red=0.02440 oracle=0.91613 rank=0.04762 value=0.51756 cand=2.45221 ndcg=1.76062 pairs=309.1
[train-progress] epoch=7 [##############----------] 525/900  58.3% loss=0.41392 jepa=0.31370 hard=0.82253 hard_red=0.02525 oracle=0.91830 rank=0.04749 value=0.51645 cand=2.45992 ndcg=1.76409 pairs=308.9
[train-progress] epoch=7 [##############----------] 550/900  61.1% loss=0.41107 jepa=0.31334 hard=0.82654 hard_red=0.02557 oracle=0.91812 rank=0.04716 value=0.51830 cand=2.46053 ndcg=1.76322 pairs=309.8
[train-progress] epoch=7 [###############---------] 575/900  63.9% loss=0.41494 jepa=0.31281 hard=0.82467 hard_red=0.02535 oracle=0.91828 rank=0.04717 value=0.51625 cand=2.46116 ndcg=1.76367 pairs=308.9
[train-progress] epoch=7 [################--------] 600/900  66.7% loss=0.41638 jepa=0.31285 hard=0.82215 hard_red=0.02569 oracle=0.91672 rank=0.04703 value=0.51809 cand=2.45736 ndcg=1.76017 pairs=309.7
[train-progress] epoch=7 [################--------] 625/900  69.4% loss=0.42779 jepa=0.31432 hard=0.82272 hard_red=0.02692 oracle=0.91698 rank=0.04706 value=0.51804 cand=2.45820 ndcg=1.76057 pairs=310.3
[train-progress] epoch=7 [#################-------] 650/900  72.2% loss=0.42544 jepa=0.31345 hard=0.82516 hard_red=0.02664 oracle=0.91658 rank=0.04706 value=0.51874 cand=2.45694 ndcg=1.75977 pairs=309.3
[train-progress] epoch=7 [##################------] 675/900  75.0% loss=0.42677 jepa=0.31334 hard=0.82871 hard_red=0.02695 oracle=0.91596 rank=0.04683 value=0.52008 cand=2.45531 ndcg=1.75870 pairs=309.5
[train-progress] epoch=7 [##################------] 700/900  77.8% loss=0.42207 jepa=0.31208 hard=0.83003 hard_red=0.02689 oracle=0.91627 rank=0.04670 value=0.51824 cand=2.45691 ndcg=1.75921 pairs=309.5
[train-progress] epoch=7 [###################-----] 725/900  80.6% loss=0.42467 jepa=0.31558 hard=0.82980 hard_red=0.02709 oracle=0.91652 rank=0.04669 value=0.51760 cand=2.45834 ndcg=1.75925 pairs=309.1
[train-progress] epoch=7 [####################----] 750/900  83.3% loss=0.42011 jepa=0.31471 hard=0.83107 hard_red=0.02728 oracle=0.91728 rank=0.04677 value=0.51806 cand=2.46137 ndcg=1.75993 pairs=309.5
[train-progress] epoch=7 [####################----] 775/900  86.1% loss=0.41870 jepa=0.31421 hard=0.82895 hard_red=0.02739 oracle=0.91782 rank=0.04673 value=0.51878 cand=2.46407 ndcg=1.76012 pairs=309.6
[train-progress] epoch=7 [#####################---] 800/900  88.9% loss=0.41572 jepa=0.31399 hard=0.82873 hard_red=0.02729 oracle=0.91756 rank=0.04656 value=0.51892 cand=2.46401 ndcg=1.75940 pairs=310.4
[train-progress] epoch=7 [######################--] 825/900  91.7% loss=0.41699 jepa=0.31358 hard=0.83231 hard_red=0.02733 oracle=0.91702 rank=0.04657 value=0.51960 cand=2.46209 ndcg=1.75850 pairs=309.6
[train-progress] epoch=7 [######################--] 850/900  94.4% loss=0.41696 jepa=0.31472 hard=0.82774 hard_red=0.02709 oracle=0.91747 rank=0.04646 value=0.51922 cand=2.46399 ndcg=1.75917 pairs=309.4
[train-progress] epoch=7 [#######################-] 875/900  97.2% loss=0.41390 jepa=0.31353 hard=0.82957 hard_red=0.02708 oracle=0.91747 rank=0.04649 value=0.51856 cand=2.46374 ndcg=1.75939 pairs=309.7
[train-progress] epoch=7 [########################] 900/900 100.0% loss=0.41163 jepa=0.31318 hard=0.82854 hard_red=0.02716 oracle=0.91814 rank=0.04644 value=0.51793 cand=2.46599 ndcg=1.76061 pairs=309.7
[train] epoch=7 horizon=4 train_loss=0.411627 val_loss=0.474831 train_steps=900
[train-progress] epoch=8 [------------------------] 1/900   0.1% loss=0.48653 jepa=0.27764 hard=0.19715 hard_red=0.00028 oracle=0.87539 rank=0.05907 value=0.31469 cand=2.30189 ndcg=1.71195 pairs=339.0
[train-progress] epoch=8 [------------------------] 25/900   2.8% loss=0.61896 jepa=0.32216 hard=0.86095 hard_red=0.02356 oracle=0.93281 rank=0.04428 value=0.47523 cand=2.51688 ndcg=1.79120 pairs=315.8
[train-progress] epoch=8 [#-----------------------] 50/900   5.6% loss=0.54570 jepa=0.33107 hard=0.88727 hard_red=0.02341 oracle=0.91247 rank=0.04239 value=0.50705 cand=2.46611 ndcg=1.74563 pairs=310.5
[train-progress] epoch=8 [##----------------------] 75/900   8.3% loss=0.61288 jepa=0.39892 hard=0.86632 hard_red=0.02429 oracle=0.90758 rank=0.04162 value=0.52018 cand=2.45638 ndcg=1.73273 pairs=316.3
[train-progress] epoch=8 [##----------------------] 100/900  11.1% loss=0.57021 jepa=0.37767 hard=0.86914 hard_red=0.02408 oracle=0.90432 rank=0.04407 value=0.52178 cand=2.43961 ndcg=1.72764 pairs=315.8
[train-progress] epoch=8 [###---------------------] 125/900  13.9% loss=0.56532 jepa=0.37572 hard=0.89229 hard_red=0.02377 oracle=0.91007 rank=0.04406 value=0.51149 cand=2.45699 ndcg=1.73938 pairs=313.3
[train-progress] epoch=8 [####--------------------] 150/900  16.7% loss=0.52836 jepa=0.37103 hard=0.90628 hard_red=0.02372 oracle=0.90670 rank=0.04295 value=0.50861 cand=2.45266 ndcg=1.73112 pairs=313.5
[train-progress] epoch=8 [####--------------------] 175/900  19.4% loss=0.60100 jepa=0.37614 hard=0.90528 hard_red=0.02414 oracle=0.90402 rank=0.04304 value=0.50676 cand=2.44697 ndcg=1.72460 pairs=314.7
[train-progress] epoch=8 [#####-------------------] 200/900  22.2% loss=0.60437 jepa=0.37188 hard=0.91083 hard_red=0.02485 oracle=0.90665 rank=0.04309 value=0.50618 cand=2.45283 ndcg=1.73089 pairs=315.7
[train-progress] epoch=8 [######------------------] 225/900  25.0% loss=0.57300 jepa=0.36412 hard=0.90718 hard_red=0.02467 oracle=0.91359 rank=0.04374 value=0.49838 cand=2.47008 ndcg=1.74612 pairs=313.8
[train-progress] epoch=8 [######------------------] 250/900  27.8% loss=0.56140 jepa=0.36333 hard=0.89113 hard_red=0.02375 oracle=0.91183 rank=0.04353 value=0.49807 cand=2.46538 ndcg=1.74281 pairs=314.9
[train-progress] epoch=8 [#######-----------------] 275/900  30.6% loss=0.55783 jepa=0.35933 hard=0.88895 hard_red=0.02319 oracle=0.91194 rank=0.04408 value=0.50518 cand=2.46342 ndcg=1.74296 pairs=313.3
[train-progress] epoch=8 [########----------------] 300/900  33.3% loss=0.56113 jepa=0.35759 hard=0.87991 hard_red=0.02316 oracle=0.91392 rank=0.04441 value=0.50302 cand=2.47036 ndcg=1.74562 pairs=313.5
[train-progress] epoch=8 [########----------------] 325/900  36.1% loss=0.53534 jepa=0.35214 hard=0.88190 hard_red=0.02308 oracle=0.91304 rank=0.04468 value=0.50161 cand=2.46678 ndcg=1.74438 pairs=314.4
[train-progress] epoch=8 [#########---------------] 350/900  38.9% loss=0.51615 jepa=0.34958 hard=0.86949 hard_red=0.02251 oracle=0.91221 rank=0.04502 value=0.50181 cand=2.46407 ndcg=1.74245 pairs=313.8
[train-progress] epoch=8 [##########--------------] 375/900  41.7% loss=0.50921 jepa=0.34584 hard=0.86880 hard_red=0.02274 oracle=0.91250 rank=0.04509 value=0.50081 cand=2.46280 ndcg=1.74454 pairs=312.3
[train-progress] epoch=8 [##########--------------] 400/900  44.4% loss=0.51107 jepa=0.34501 hard=0.86919 hard_red=0.02266 oracle=0.91139 rank=0.04470 value=0.50137 cand=2.45991 ndcg=1.74274 pairs=311.1
[train-progress] epoch=8 [###########-------------] 425/900  47.2% loss=0.50762 jepa=0.34250 hard=0.86055 hard_red=0.02248 oracle=0.90816 rank=0.04463 value=0.50486 cand=2.44983 ndcg=1.73676 pairs=312.0
[train-progress] epoch=8 [############------------] 450/900  50.0% loss=0.49479 jepa=0.34062 hard=0.86157 hard_red=0.02197 oracle=0.90765 rank=0.04433 value=0.50294 cand=2.44858 ndcg=1.73633 pairs=311.4
[train-progress] epoch=8 [############------------] 475/900  52.8% loss=0.50295 jepa=0.33843 hard=0.86487 hard_red=0.02236 oracle=0.90761 rank=0.04414 value=0.50160 cand=2.44838 ndcg=1.73680 pairs=311.6
[train-progress] epoch=8 [#############-----------] 500/900  55.6% loss=0.49882 jepa=0.34022 hard=0.86291 hard_red=0.02210 oracle=0.90753 rank=0.04394 value=0.49865 cand=2.44934 ndcg=1.73644 pairs=311.9
[train-progress] epoch=8 [##############----------] 525/900  58.3% loss=0.49439 jepa=0.33961 hard=0.86161 hard_red=0.02267 oracle=0.90858 rank=0.04387 value=0.49994 cand=2.45327 ndcg=1.73779 pairs=311.9
[train-progress] epoch=8 [##############----------] 550/900  61.1% loss=0.49267 jepa=0.33880 hard=0.85660 hard_red=0.02266 oracle=0.90613 rank=0.04373 value=0.50132 cand=2.44699 ndcg=1.73256 pairs=312.2
[train-progress] epoch=8 [###############---------] 575/900  63.9% loss=0.48697 jepa=0.33726 hard=0.85894 hard_red=0.02274 oracle=0.90626 rank=0.04358 value=0.49900 cand=2.44720 ndcg=1.73344 pairs=312.4
[train-progress] epoch=8 [################--------] 600/900  66.7% loss=0.48558 jepa=0.33653 hard=0.85938 hard_red=0.02318 oracle=0.90758 rank=0.04340 value=0.49834 cand=2.45231 ndcg=1.73543 pairs=312.9
[train-progress] epoch=8 [################--------] 625/900  69.4% loss=0.48119 jepa=0.33583 hard=0.85837 hard_red=0.02288 oracle=0.90686 rank=0.04333 value=0.49524 cand=2.44907 ndcg=1.73538 pairs=312.6
[train-progress] epoch=8 [#################-------] 650/900  72.2% loss=0.47505 jepa=0.33466 hard=0.85814 hard_red=0.02290 oracle=0.90874 rank=0.04317 value=0.49570 cand=2.45505 ndcg=1.73876 pairs=311.6
[train-progress] epoch=8 [##################------] 675/900  75.0% loss=0.47130 jepa=0.33329 hard=0.85871 hard_red=0.02281 oracle=0.91031 rank=0.04318 value=0.49471 cand=2.45853 ndcg=1.74264 pairs=310.6
[train-progress] epoch=8 [##################------] 700/900  77.8% loss=0.46786 jepa=0.33345 hard=0.85964 hard_red=0.02305 oracle=0.90897 rank=0.04316 value=0.49546 cand=2.45465 ndcg=1.74002 pairs=311.4
[train-progress] epoch=8 [###################-----] 725/900  80.6% loss=0.46074 jepa=0.33204 hard=0.86192 hard_red=0.02335 oracle=0.90997 rank=0.04305 value=0.49409 cand=2.45778 ndcg=1.74210 pairs=310.7
[train-progress] epoch=8 [####################----] 750/900  83.3% loss=0.45850 jepa=0.33140 hard=0.86501 hard_red=0.02341 oracle=0.90940 rank=0.04288 value=0.49372 cand=2.45698 ndcg=1.74071 pairs=310.6
[train-progress] epoch=8 [####################----] 775/900  86.1% loss=0.46090 jepa=0.33304 hard=0.86567 hard_red=0.02309 oracle=0.90916 rank=0.04290 value=0.49478 cand=2.45665 ndcg=1.73985 pairs=311.2
[train-progress] epoch=8 [#####################---] 800/900  88.9% loss=0.46140 jepa=0.33558 hard=0.86774 hard_red=0.02289 oracle=0.90970 rank=0.04279 value=0.49655 cand=2.45842 ndcg=1.74071 pairs=311.5
[train-progress] epoch=8 [######################--] 825/900  91.7% loss=0.47112 jepa=0.33504 hard=0.86818 hard_red=0.02269 oracle=0.90927 rank=0.04277 value=0.49557 cand=2.45749 ndcg=1.73980 pairs=311.5
[train-progress] epoch=8 [######################--] 850/900  94.4% loss=0.47308 jepa=0.33438 hard=0.87132 hard_red=0.02282 oracle=0.90862 rank=0.04273 value=0.49587 cand=2.45560 ndcg=1.73857 pairs=311.4
[train-progress] epoch=8 [#######################-] 875/900  97.2% loss=0.47542 jepa=0.33368 hard=0.87199 hard_red=0.02308 oracle=0.90904 rank=0.04281 value=0.49499 cand=2.45738 ndcg=1.73894 pairs=311.5
[train-progress] epoch=8 [########################] 900/900 100.0% loss=0.47469 jepa=0.33554 hard=0.87104 hard_red=0.02310 oracle=0.90887 rank=0.04291 value=0.49483 cand=2.45654 ndcg=1.73873 pairs=311.4
[train] epoch=8 horizon=5 train_loss=0.474687 val_loss=0.527110 train_steps=900
[train-progress] epoch=9 [------------------------] 1/900   0.1% loss=1.99718 jepa=0.38906 hard=0.78568 hard_red=0.02956 oracle=0.96806 rank=0.03616 value=0.44214 cand=2.68759 ndcg=1.82627 pairs=392.0
[train-progress] epoch=9 [------------------------] 25/900   2.8% loss=0.58057 jepa=0.44834 hard=0.92671 hard_red=0.03357 oracle=0.95873 rank=0.04195 value=0.52556 cand=2.61249 ndcg=1.82375 pairs=306.0
[train-progress] epoch=9 [#-----------------------] 50/900   5.6% loss=0.50279 jepa=0.45321 hard=0.85221 hard_red=0.03171 oracle=0.91088 rank=0.04162 value=0.50631 cand=2.47468 ndcg=1.73441 pairs=312.8
[train-progress] epoch=9 [##----------------------] 75/900   8.3% loss=0.43878 jepa=0.40971 hard=0.83927 hard_red=0.02521 oracle=0.89677 rank=0.04053 value=0.52285 cand=2.42660 ndcg=1.71235 pairs=310.2
[train-progress] epoch=9 [##----------------------] 100/900  11.1% loss=0.41115 jepa=0.38530 hard=0.83706 hard_red=0.02400 oracle=0.89742 rank=0.04088 value=0.52438 cand=2.41736 ndcg=1.72085 pairs=310.4
[train-progress] epoch=9 [###---------------------] 125/900  13.9% loss=0.42148 jepa=0.37398 hard=0.85128 hard_red=0.02339 oracle=0.88422 rank=0.03995 value=0.53104 cand=2.37996 ndcg=1.69566 pairs=308.1
[train-progress] epoch=9 [####--------------------] 150/900  16.7% loss=0.39462 jepa=0.36318 hard=0.85550 hard_red=0.02359 oracle=0.88949 rank=0.04093 value=0.51551 cand=2.39621 ndcg=1.70536 pairs=308.6
[train-progress] epoch=9 [####--------------------] 175/900  19.4% loss=0.41599 jepa=0.35680 hard=0.84744 hard_red=0.02325 oracle=0.89328 rank=0.04000 value=0.50889 cand=2.41134 ndcg=1.71189 pairs=307.6
[train-progress] epoch=9 [#####-------------------] 200/900  22.2% loss=0.40239 jepa=0.35885 hard=0.83437 hard_red=0.02117 oracle=0.89470 rank=0.04053 value=0.50878 cand=2.41572 ndcg=1.71360 pairs=308.1
[train-progress] epoch=9 [######------------------] 225/900  25.0% loss=0.39452 jepa=0.35445 hard=0.84453 hard_red=0.02092 oracle=0.89731 rank=0.03990 value=0.51298 cand=2.42469 ndcg=1.71806 pairs=306.8
[train-progress] epoch=9 [######------------------] 250/900  27.8% loss=0.42745 jepa=0.38698 hard=0.85513 hard_red=0.02234 oracle=0.89988 rank=0.04030 value=0.51295 cand=2.43269 ndcg=1.72195 pairs=307.1
[train-progress] epoch=9 [#######-----------------] 275/900  30.6% loss=0.45085 jepa=0.39373 hard=0.84497 hard_red=0.02177 oracle=0.90205 rank=0.04043 value=0.51057 cand=2.44064 ndcg=1.72499 pairs=307.5
[train-progress] epoch=9 [########----------------] 300/900  33.3% loss=0.43767 jepa=0.38898 hard=0.84889 hard_red=0.02165 oracle=0.90305 rank=0.04036 value=0.51223 cand=2.44373 ndcg=1.72668 pairs=306.9
[train-progress] epoch=9 [########----------------] 325/900  36.1% loss=0.43972 jepa=0.38431 hard=0.85269 hard_red=0.02144 oracle=0.90134 rank=0.03994 value=0.50881 cand=2.44066 ndcg=1.72310 pairs=306.3
[train-progress] epoch=9 [#########---------------] 350/900  38.9% loss=0.42842 jepa=0.37775 hard=0.85777 hard_red=0.02098 oracle=0.90244 rank=0.04017 value=0.50684 cand=2.44336 ndcg=1.72542 pairs=307.6
[train-progress] epoch=9 [##########--------------] 375/900  41.7% loss=0.42506 jepa=0.37461 hard=0.85848 hard_red=0.02116 oracle=0.89903 rank=0.03978 value=0.50563 cand=2.43417 ndcg=1.71919 pairs=308.2
[train-progress] epoch=9 [##########--------------] 400/900  44.4% loss=0.41754 jepa=0.37296 hard=0.86271 hard_red=0.02084 oracle=0.89707 rank=0.03946 value=0.50665 cand=2.42912 ndcg=1.71536 pairs=309.6
[train-progress] epoch=9 [###########-------------] 425/900  47.2% loss=0.42684 jepa=0.37007 hard=0.86705 hard_red=0.02107 oracle=0.89697 rank=0.03934 value=0.50852 cand=2.42933 ndcg=1.71479 pairs=309.2
[train-progress] epoch=9 [############------------] 450/900  50.0% loss=0.42353 jepa=0.36859 hard=0.86597 hard_red=0.02092 oracle=0.89964 rank=0.03969 value=0.50681 cand=2.43660 ndcg=1.71988 pairs=308.8
[train-progress] epoch=9 [############------------] 475/900  52.8% loss=0.41940 jepa=0.36716 hard=0.86825 hard_red=0.02099 oracle=0.89791 rank=0.03942 value=0.50753 cand=2.43195 ndcg=1.71666 pairs=309.6
[train-progress] epoch=9 [#############-----------] 500/900  55.6% loss=0.42049 jepa=0.36475 hard=0.86635 hard_red=0.02122 oracle=0.89737 rank=0.03927 value=0.50861 cand=2.43088 ndcg=1.71539 pairs=309.8
[train-progress] epoch=9 [##############----------] 525/900  58.3% loss=0.43168 jepa=0.36969 hard=0.87035 hard_red=0.02178 oracle=0.89657 rank=0.03906 value=0.50833 cand=2.43025 ndcg=1.71301 pairs=309.6
[train-progress] epoch=9 [##############----------] 550/900  61.1% loss=0.43498 jepa=0.36733 hard=0.86691 hard_red=0.02237 oracle=0.89724 rank=0.03904 value=0.50786 cand=2.43209 ndcg=1.71444 pairs=308.9
[train-progress] epoch=9 [###############---------] 575/900  63.9% loss=0.45365 jepa=0.37048 hard=0.86698 hard_red=0.02219 oracle=0.89845 rank=0.03905 value=0.50890 cand=2.43608 ndcg=1.71629 pairs=309.1
[train-progress] epoch=9 [################--------] 600/900  66.7% loss=0.44651 jepa=0.36743 hard=0.86892 hard_red=0.02228 oracle=0.89906 rank=0.03899 value=0.51082 cand=2.43747 ndcg=1.71756 pairs=309.0
[train-progress] epoch=9 [################--------] 625/900  69.4% loss=0.44534 jepa=0.36493 hard=0.86877 hard_red=0.02254 oracle=0.89918 rank=0.03894 value=0.51254 cand=2.43837 ndcg=1.71730 pairs=309.5
[train-progress] epoch=9 [#################-------] 650/900  72.2% loss=0.43995 jepa=0.36269 hard=0.86882 hard_red=0.02207 oracle=0.89888 rank=0.03892 value=0.51109 cand=2.43766 ndcg=1.71679 pairs=309.8
[train-progress] epoch=9 [##################------] 675/900  75.0% loss=0.43892 jepa=0.36641 hard=0.87164 hard_red=0.02215 oracle=0.90013 rank=0.03903 value=0.51101 cand=2.44112 ndcg=1.71915 pairs=310.2
[train-progress] epoch=9 [##################------] 700/900  77.8% loss=0.43701 jepa=0.36649 hard=0.87107 hard_red=0.02239 oracle=0.89881 rank=0.03911 value=0.51190 cand=2.43781 ndcg=1.71603 pairs=310.4
[train-progress] epoch=9 [###################-----] 725/900  80.6% loss=0.43480 jepa=0.36508 hard=0.87057 hard_red=0.02223 oracle=0.89851 rank=0.03900 value=0.51232 cand=2.43799 ndcg=1.71482 pairs=310.9
[train-progress] epoch=9 [####################----] 750/900  83.3% loss=0.43237 jepa=0.36260 hard=0.87379 hard_red=0.02205 oracle=0.90025 rank=0.03903 value=0.51096 cand=2.44295 ndcg=1.71831 pairs=310.7
[train-progress] epoch=9 [####################----] 775/900  86.1% loss=0.43038 jepa=0.36158 hard=0.87140 hard_red=0.02207 oracle=0.89939 rank=0.03881 value=0.51135 cand=2.44133 ndcg=1.71633 pairs=311.0
[train-progress] epoch=9 [#####################---] 800/900  88.9% loss=0.43997 jepa=0.36388 hard=0.87158 hard_red=0.02253 oracle=0.89949 rank=0.03899 value=0.50985 cand=2.44164 ndcg=1.71642 pairs=311.1
[train-progress] epoch=9 [######################--] 825/900  91.7% loss=0.43471 jepa=0.36186 hard=0.87154 hard_red=0.02308 oracle=0.89884 rank=0.03905 value=0.51123 cand=2.43920 ndcg=1.71531 pairs=311.1
[train-progress] epoch=9 [######################--] 850/900  94.4% loss=0.42968 jepa=0.36034 hard=0.87453 hard_red=0.02326 oracle=0.89808 rank=0.03896 value=0.51227 cand=2.43649 ndcg=1.71425 pairs=311.9
[train-progress] epoch=9 [#######################-] 875/900  97.2% loss=0.42654 jepa=0.35812 hard=0.87580 hard_red=0.02307 oracle=0.89828 rank=0.03889 value=0.51210 cand=2.43742 ndcg=1.71449 pairs=311.4
[train-progress] epoch=9 [########################] 900/900 100.0% loss=0.42347 jepa=0.35668 hard=0.87486 hard_red=0.02282 oracle=0.89893 rank=0.03883 value=0.51112 cand=2.43970 ndcg=1.71568 pairs=311.3
[train] epoch=9 horizon=5 train_loss=0.423471 val_loss=0.493238 train_steps=900
[train-progress] epoch=10 [------------------------] 1/900   0.1% loss=5.51602 jepa=1.34248 hard=0.84070 hard_red=0.15555 oracle=0.95229 rank=0.02203 value=0.67796 cand=2.49522 ndcg=1.89599 pairs=246.0
[train-progress] epoch=10 [------------------------] 25/900   2.8% loss=0.53253 jepa=0.36539 hard=0.88754 hard_red=0.02993 oracle=0.87603 rank=0.03961 value=0.46887 cand=2.37682 ndcg=1.67317 pairs=306.3
[train-progress] epoch=10 [#-----------------------] 50/900   5.6% loss=0.39517 jepa=0.33664 hard=0.90253 hard_red=0.02598 oracle=0.87350 rank=0.03762 value=0.47029 cand=2.38223 ndcg=1.66217 pairs=318.1
[train-progress] epoch=10 [##----------------------] 75/900   8.3% loss=0.39947 jepa=0.32757 hard=0.86902 hard_red=0.02390 oracle=0.86686 rank=0.03592 value=0.47016 cand=2.36688 ndcg=1.64939 pairs=314.9
[train-progress] epoch=10 [##----------------------] 100/900  11.1% loss=0.37619 jepa=0.32761 hard=0.89513 hard_red=0.02166 oracle=0.86656 rank=0.03530 value=0.48362 cand=2.36790 ndcg=1.64685 pairs=316.3
[train-progress] epoch=10 [###---------------------] 125/900  13.9% loss=0.37006 jepa=0.32597 hard=0.91077 hard_red=0.02242 oracle=0.86970 rank=0.03547 value=0.48974 cand=2.38034 ndcg=1.64944 pairs=319.9
[train-progress] epoch=10 [####--------------------] 150/900  16.7% loss=0.35783 jepa=0.32003 hard=0.90010 hard_red=0.02098 oracle=0.87004 rank=0.03582 value=0.48180 cand=2.37429 ndcg=1.65554 pairs=317.8
[train-progress] epoch=10 [####--------------------] 175/900  19.4% loss=0.36371 jepa=0.32212 hard=0.89256 hard_red=0.02047 oracle=0.86944 rank=0.03594 value=0.48400 cand=2.37201 ndcg=1.65432 pairs=318.2
[train-progress] epoch=10 [#####-------------------] 200/900  22.2% loss=0.36187 jepa=0.31974 hard=0.87566 hard_red=0.02041 oracle=0.87425 rank=0.03652 value=0.48604 cand=2.38432 ndcg=1.66352 pairs=318.6
[train-progress] epoch=10 [######------------------] 225/900  25.0% loss=0.37619 jepa=0.32852 hard=0.87943 hard_red=0.02073 oracle=0.87718 rank=0.03631 value=0.48429 cand=2.39306 ndcg=1.66949 pairs=318.2
[train-progress] epoch=10 [######------------------] 250/900  27.8% loss=0.36411 jepa=0.32474 hard=0.87927 hard_red=0.02199 oracle=0.87774 rank=0.03617 value=0.47865 cand=2.39509 ndcg=1.67117 pairs=318.4
[train-progress] epoch=10 [#######-----------------] 275/900  30.6% loss=0.37370 jepa=0.32784 hard=0.88649 hard_red=0.02306 oracle=0.88243 rank=0.03599 value=0.47886 cand=2.40909 ndcg=1.68012 pairs=316.2
[train-progress] epoch=10 [########----------------] 300/900  33.3% loss=0.38231 jepa=0.32554 hard=0.89365 hard_red=0.02337 oracle=0.88260 rank=0.03594 value=0.48401 cand=2.40813 ndcg=1.68097 pairs=315.7
[train-progress] epoch=10 [########----------------] 325/900  36.1% loss=0.38341 jepa=0.32956 hard=0.88417 hard_red=0.02482 oracle=0.88610 rank=0.03628 value=0.48547 cand=2.41621 ndcg=1.68844 pairs=316.5
[train-progress] epoch=10 [#########---------------] 350/900  38.9% loss=0.37763 jepa=0.32665 hard=0.88481 hard_red=0.02433 oracle=0.88982 rank=0.03652 value=0.48512 cand=2.42642 ndcg=1.69563 pairs=315.4
[train-progress] epoch=10 [##########--------------] 375/900  41.7% loss=0.37077 jepa=0.32589 hard=0.88461 hard_red=0.02350 oracle=0.88984 rank=0.03646 value=0.48989 cand=2.42548 ndcg=1.69589 pairs=315.2
[train-progress] epoch=10 [##########--------------] 400/900  44.4% loss=0.39738 jepa=0.32831 hard=0.88324 hard_red=0.02375 oracle=0.88732 rank=0.03636 value=0.48828 cand=2.41901 ndcg=1.69083 pairs=315.7
[train-progress] epoch=10 [###########-------------] 425/900  47.2% loss=0.40928 jepa=0.33146 hard=0.89208 hard_red=0.02477 oracle=0.88629 rank=0.03639 value=0.48551 cand=2.41541 ndcg=1.68959 pairs=315.5
[train-progress] epoch=10 [############------------] 450/900  50.0% loss=0.41576 jepa=0.33279 hard=0.88967 hard_red=0.02576 oracle=0.88674 rank=0.03690 value=0.48342 cand=2.41543 ndcg=1.69082 pairs=314.6
[train-progress] epoch=10 [############------------] 475/900  52.8% loss=0.41310 jepa=0.33358 hard=0.89241 hard_red=0.02571 oracle=0.88726 rank=0.03679 value=0.48471 cand=2.41616 ndcg=1.69238 pairs=313.8
[train-progress] epoch=10 [#############-----------] 500/900  55.6% loss=0.41022 jepa=0.33179 hard=0.89298 hard_red=0.02539 oracle=0.88762 rank=0.03685 value=0.48392 cand=2.41748 ndcg=1.69288 pairs=314.1
[train-progress] epoch=10 [##############----------] 525/900  58.3% loss=0.42463 jepa=0.33131 hard=0.88213 hard_red=0.02506 oracle=0.88558 rank=0.03666 value=0.48568 cand=2.41275 ndcg=1.68820 pairs=314.0
[train-progress] epoch=10 [##############----------] 550/900  61.1% loss=0.44475 jepa=0.33622 hard=0.88298 hard_red=0.02553 oracle=0.88431 rank=0.03664 value=0.48774 cand=2.40859 ndcg=1.68590 pairs=313.8
[train-progress] epoch=10 [###############---------] 575/900  63.9% loss=0.45434 jepa=0.33804 hard=0.87965 hard_red=0.02554 oracle=0.88514 rank=0.03669 value=0.48792 cand=2.41043 ndcg=1.68781 pairs=313.3
[train-progress] epoch=10 [################--------] 600/900  66.7% loss=0.45536 jepa=0.33762 hard=0.87792 hard_red=0.02548 oracle=0.88287 rank=0.03659 value=0.48749 cand=2.40406 ndcg=1.68350 pairs=314.3
[train-progress] epoch=10 [################--------] 625/900  69.4% loss=0.45889 jepa=0.33823 hard=0.88112 hard_red=0.02591 oracle=0.88444 rank=0.03663 value=0.48702 cand=2.40788 ndcg=1.68706 pairs=314.1
[train-progress] epoch=10 [#################-------] 650/900  72.2% loss=0.45428 jepa=0.33737 hard=0.87899 hard_red=0.02608 oracle=0.88477 rank=0.03667 value=0.48649 cand=2.40987 ndcg=1.68692 pairs=314.1
[train-progress] epoch=10 [##################------] 675/900  75.0% loss=0.44884 jepa=0.33622 hard=0.87554 hard_red=0.02573 oracle=0.88370 rank=0.03668 value=0.48646 cand=2.40614 ndcg=1.68530 pairs=314.3
[train-progress] epoch=10 [##################------] 700/900  77.8% loss=0.45621 jepa=0.33899 hard=0.87458 hard_red=0.02577 oracle=0.88438 rank=0.03703 value=0.48603 cand=2.40710 ndcg=1.68684 pairs=313.9
[train-progress] epoch=10 [###################-----] 725/900  80.6% loss=0.46796 jepa=0.34078 hard=0.87199 hard_red=0.02566 oracle=0.88485 rank=0.03706 value=0.48521 cand=2.40803 ndcg=1.68810 pairs=313.6
[train-progress] epoch=10 [####################----] 750/900  83.3% loss=0.46371 jepa=0.34088 hard=0.86782 hard_red=0.02529 oracle=0.88625 rank=0.03706 value=0.48384 cand=2.41212 ndcg=1.69093 pairs=312.7
[train-progress] epoch=10 [####################----] 775/900  86.1% loss=0.45729 jepa=0.33952 hard=0.86742 hard_red=0.02510 oracle=0.88510 rank=0.03718 value=0.48507 cand=2.40792 ndcg=1.68902 pairs=313.4
[train-progress] epoch=10 [#####################---] 800/900  88.9% loss=0.45164 jepa=0.33850 hard=0.86749 hard_red=0.02501 oracle=0.88459 rank=0.03712 value=0.48348 cand=2.40710 ndcg=1.68786 pairs=313.4
[train-progress] epoch=10 [######################--] 825/900  91.7% loss=0.44879 jepa=0.33845 hard=0.86522 hard_red=0.02473 oracle=0.88488 rank=0.03694 value=0.48286 cand=2.40877 ndcg=1.68816 pairs=313.4
[train-progress] epoch=10 [######################--] 850/900  94.4% loss=0.44953 jepa=0.33785 hard=0.86202 hard_red=0.02465 oracle=0.88454 rank=0.03691 value=0.48205 cand=2.40829 ndcg=1.68730 pairs=313.7
[train-progress] epoch=10 [#######################-] 875/900  97.2% loss=0.44713 jepa=0.33747 hard=0.86288 hard_red=0.02454 oracle=0.88558 rank=0.03698 value=0.48147 cand=2.41139 ndcg=1.68919 pairs=313.3
[train-progress] epoch=10 [########################] 900/900 100.0% loss=0.44344 jepa=0.33660 hard=0.85986 hard_red=0.02446 oracle=0.88640 rank=0.03693 value=0.48305 cand=2.41388 ndcg=1.69056 pairs=313.4
[train] epoch=10 horizon=5 train_loss=0.443436 val_loss=0.434019 train_steps=900
[train-progress] epoch=11 [------------------------] 1/900   0.1% loss=0.14398 jepa=0.27897 hard=1.12591 hard_red=0.00112 oracle=0.97854 rank=0.05452 value=0.33513 cand=2.71093 ndcg=1.83484 pairs=272.0
[train-progress] epoch=11 [------------------------] 25/900   2.8% loss=0.32718 jepa=0.32301 hard=0.73931 hard_red=0.01245 oracle=0.91834 rank=0.04109 value=0.44866 cand=2.49329 ndcg=1.75859 pairs=327.0
[train-progress] epoch=11 [#-----------------------] 50/900   5.6% loss=0.35826 jepa=0.32125 hard=0.76220 hard_red=0.01729 oracle=0.91386 rank=0.03948 value=0.41455 cand=2.49890 ndcg=1.74330 pairs=310.5
[train-progress] epoch=11 [##----------------------] 75/900   8.3% loss=0.41642 jepa=0.32206 hard=0.82158 hard_red=0.02025 oracle=0.90746 rank=0.03856 value=0.43173 cand=2.48012 ndcg=1.73065 pairs=305.4
[train-progress] epoch=11 [##----------------------] 100/900  11.1% loss=0.36537 jepa=0.31409 hard=0.86404 hard_red=0.02058 oracle=0.89085 rank=0.03763 value=0.45157 cand=2.42680 ndcg=1.70170 pairs=310.9
[train-progress] epoch=11 [###---------------------] 125/900  13.9% loss=0.35494 jepa=0.31088 hard=0.85145 hard_red=0.02185 oracle=0.88942 rank=0.03782 value=0.46177 cand=2.41720 ndcg=1.70136 pairs=310.9
[train-progress] epoch=11 [####--------------------] 150/900  16.7% loss=0.35091 jepa=0.31605 hard=0.86948 hard_red=0.02191 oracle=0.88872 rank=0.03750 value=0.46778 cand=2.41990 ndcg=1.69640 pairs=311.7
[train-progress] epoch=11 [####--------------------] 175/900  19.4% loss=0.34705 jepa=0.32042 hard=0.86999 hard_red=0.02146 oracle=0.88571 rank=0.03823 value=0.47515 cand=2.40721 ndcg=1.69147 pairs=309.9
[train-progress] epoch=11 [#####-------------------] 200/900  22.2% loss=0.34571 jepa=0.31820 hard=0.86451 hard_red=0.02090 oracle=0.89234 rank=0.03784 value=0.47743 cand=2.42918 ndcg=1.70252 pairs=309.2
[train-progress] epoch=11 [######------------------] 225/900  25.0% loss=0.36365 jepa=0.31888 hard=0.86745 hard_red=0.02084 oracle=0.88740 rank=0.03717 value=0.47687 cand=2.41776 ndcg=1.69211 pairs=310.3
[train-progress] epoch=11 [######------------------] 250/900  27.8% loss=0.34842 jepa=0.31613 hard=0.86614 hard_red=0.02073 oracle=0.88652 rank=0.03701 value=0.47387 cand=2.41601 ndcg=1.69044 pairs=309.6
[train-progress] epoch=11 [#######-----------------] 275/900  30.6% loss=0.36449 jepa=0.31838 hard=0.86441 hard_red=0.02045 oracle=0.88654 rank=0.03689 value=0.47685 cand=2.41633 ndcg=1.69016 pairs=310.1
[train-progress] epoch=11 [########----------------] 300/900  33.3% loss=0.37168 jepa=0.31929 hard=0.86410 hard_red=0.02036 oracle=0.88791 rank=0.03669 value=0.47688 cand=2.42253 ndcg=1.69148 pairs=309.5
[train-progress] epoch=11 [########----------------] 325/900  36.1% loss=0.37078 jepa=0.31778 hard=0.86376 hard_red=0.01994 oracle=0.89148 rank=0.03686 value=0.47546 cand=2.43203 ndcg=1.69881 pairs=308.6
[train-progress] epoch=11 [#########---------------] 350/900  38.9% loss=0.37488 jepa=0.31975 hard=0.85440 hard_red=0.01999 oracle=0.89249 rank=0.03667 value=0.47522 cand=2.43519 ndcg=1.70091 pairs=309.1
[train-progress] epoch=11 [##########--------------] 375/900  41.7% loss=0.37656 jepa=0.31958 hard=0.85495 hard_red=0.01985 oracle=0.89401 rank=0.03689 value=0.47048 cand=2.43966 ndcg=1.70400 pairs=308.7
[train-progress] epoch=11 [##########--------------] 400/900  44.4% loss=0.37246 jepa=0.31904 hard=0.85652 hard_red=0.01984 oracle=0.89574 rank=0.03691 value=0.46733 cand=2.44476 ndcg=1.70758 pairs=307.9
[train-progress] epoch=11 [###########-------------] 425/900  47.2% loss=0.37453 jepa=0.31826 hard=0.84913 hard_red=0.01983 oracle=0.89715 rank=0.03719 value=0.46640 cand=2.44904 ndcg=1.70982 pairs=308.2
[train-progress] epoch=11 [############------------] 450/900  50.0% loss=0.37164 jepa=0.31720 hard=0.84750 hard_red=0.02002 oracle=0.89317 rank=0.03746 value=0.46702 cand=2.43585 ndcg=1.70291 pairs=309.3
[train-progress] epoch=11 [############------------] 475/900  52.8% loss=0.37393 jepa=0.31778 hard=0.85103 hard_red=0.01990 oracle=0.89308 rank=0.03736 value=0.46554 cand=2.43545 ndcg=1.70317 pairs=308.4
[train-progress] epoch=11 [#############-----------] 500/900  55.6% loss=0.37466 jepa=0.31771 hard=0.85218 hard_red=0.02035 oracle=0.89216 rank=0.03723 value=0.46473 cand=2.43254 ndcg=1.70186 pairs=307.8
[train-progress] epoch=11 [##############----------] 525/900  58.3% loss=0.37308 jepa=0.31662 hard=0.85060 hard_red=0.02013 oracle=0.89163 rank=0.03734 value=0.46479 cand=2.43024 ndcg=1.70122 pairs=307.4
[train-progress] epoch=11 [##############----------] 550/900  61.1% loss=0.36747 jepa=0.31560 hard=0.85185 hard_red=0.02010 oracle=0.89173 rank=0.03716 value=0.46355 cand=2.43148 ndcg=1.70117 pairs=307.0
[train-progress] epoch=11 [###############---------] 575/900  63.9% loss=0.36745 jepa=0.31478 hard=0.85492 hard_red=0.02022 oracle=0.89229 rank=0.03696 value=0.46373 cand=2.43402 ndcg=1.70186 pairs=307.7
[train-progress] epoch=11 [################--------] 600/900  66.7% loss=0.36888 jepa=0.31613 hard=0.85323 hard_red=0.02031 oracle=0.89336 rank=0.03717 value=0.46347 cand=2.43676 ndcg=1.70388 pairs=307.4
[train-progress] epoch=11 [################--------] 625/900  69.4% loss=0.37267 jepa=0.31618 hard=0.85683 hard_red=0.02064 oracle=0.89445 rank=0.03716 value=0.46416 cand=2.43996 ndcg=1.70588 pairs=308.3
[train-progress] epoch=11 [#################-------] 650/900  72.2% loss=0.37208 jepa=0.31611 hard=0.85605 hard_red=0.02056 oracle=0.89427 rank=0.03704 value=0.46522 cand=2.43969 ndcg=1.70541 pairs=308.8
[train-progress] epoch=11 [##################------] 675/900  75.0% loss=0.36758 jepa=0.31521 hard=0.85916 hard_red=0.02044 oracle=0.89300 rank=0.03682 value=0.46347 cand=2.43699 ndcg=1.70283 pairs=308.1
[train-progress] epoch=11 [##################------] 700/900  77.8% loss=0.36282 jepa=0.31459 hard=0.85918 hard_red=0.02055 oracle=0.89276 rank=0.03684 value=0.46369 cand=2.43608 ndcg=1.70248 pairs=308.3
[train-progress] epoch=11 [###################-----] 725/900  80.6% loss=0.37244 jepa=0.31511 hard=0.85420 hard_red=0.02064 oracle=0.89165 rank=0.03676 value=0.46404 cand=2.43334 ndcg=1.70009 pairs=308.3
[train-progress] epoch=11 [####################----] 750/900  83.3% loss=0.38781 jepa=0.32153 hard=0.85250 hard_red=0.02128 oracle=0.89099 rank=0.03666 value=0.46348 cand=2.43101 ndcg=1.69937 pairs=308.1
[train-progress] epoch=11 [####################----] 775/900  86.1% loss=0.38443 jepa=0.32144 hard=0.85498 hard_red=0.02149 oracle=0.89255 rank=0.03683 value=0.46110 cand=2.43483 ndcg=1.70285 pairs=307.6
[train-progress] epoch=11 [#####################---] 800/900  88.9% loss=0.38549 jepa=0.32331 hard=0.85791 hard_red=0.02172 oracle=0.89116 rank=0.03670 value=0.46099 cand=2.43127 ndcg=1.70008 pairs=307.4
[train-progress] epoch=11 [######################--] 825/900  91.7% loss=0.38413 jepa=0.32368 hard=0.85729 hard_red=0.02173 oracle=0.89150 rank=0.03661 value=0.46190 cand=2.43311 ndcg=1.70016 pairs=307.9
[train-progress] epoch=11 [######################--] 850/900  94.4% loss=0.38412 jepa=0.32359 hard=0.85813 hard_red=0.02156 oracle=0.89194 rank=0.03667 value=0.46106 cand=2.43439 ndcg=1.70101 pairs=307.3
[train-progress] epoch=11 [#######################-] 875/900  97.2% loss=0.38564 jepa=0.32360 hard=0.85758 hard_red=0.02158 oracle=0.89175 rank=0.03675 value=0.46155 cand=2.43319 ndcg=1.70090 pairs=307.6
[train-progress] epoch=11 [########################] 900/900 100.0% loss=0.38820 jepa=0.32427 hard=0.85709 hard_red=0.02219 oracle=0.89242 rank=0.03672 value=0.46231 cand=2.43442 ndcg=1.70268 pairs=307.2
[train] epoch=11 horizon=5 train_loss=0.388201 val_loss=0.496708 train_steps=900
[train-progress] epoch=12 [------------------------] 1/900   0.1% loss=0.29311 jepa=0.33727 hard=0.55442 hard_red=0.05615 oracle=0.78424 rank=0.04513 value=0.41359 cand=2.16045 ndcg=1.45958 pairs=372.0
[train-progress] epoch=12 [------------------------] 25/900   2.8% loss=0.30026 jepa=0.36271 hard=0.80081 hard_red=0.01240 oracle=0.89543 rank=0.03429 value=0.48567 cand=2.43606 ndcg=1.71459 pairs=312.1
[train-progress] epoch=12 [#-----------------------] 50/900   5.6% loss=0.34109 jepa=0.35783 hard=0.84688 hard_red=0.01607 oracle=0.89298 rank=0.03680 value=0.44422 cand=2.42570 ndcg=1.71323 pairs=306.7
[train-progress] epoch=12 [##----------------------] 75/900   8.3% loss=0.36838 jepa=0.34231 hard=0.84541 hard_red=0.01812 oracle=0.90595 rank=0.03500 value=0.46740 cand=2.47533 ndcg=1.72946 pairs=306.2
[train-progress] epoch=12 [##----------------------] 100/900  11.1% loss=0.34574 jepa=0.33915 hard=0.86763 hard_red=0.01967 oracle=0.90006 rank=0.03457 value=0.48485 cand=2.46188 ndcg=1.71420 pairs=312.3
[train-progress] epoch=12 [###---------------------] 125/900  13.9% loss=0.35376 jepa=0.33048 hard=0.87388 hard_red=0.02140 oracle=0.89350 rank=0.03392 value=0.48116 cand=2.44695 ndcg=1.70019 pairs=312.4
[train-progress] epoch=12 [####--------------------] 150/900  16.7% loss=0.37229 jepa=0.32723 hard=0.90746 hard_red=0.02261 oracle=0.88800 rank=0.03380 value=0.48084 cand=2.42957 ndcg=1.69093 pairs=313.2
[train-progress] epoch=12 [####--------------------] 175/900  19.4% loss=0.38882 jepa=0.32724 hard=0.87358 hard_red=0.02292 oracle=0.89097 rank=0.03369 value=0.48000 cand=2.43974 ndcg=1.69578 pairs=311.2
[train-progress] epoch=12 [#####-------------------] 200/900  22.2% loss=0.39734 jepa=0.33589 hard=0.88537 hard_red=0.02435 oracle=0.89291 rank=0.03324 value=0.47278 cand=2.44727 ndcg=1.69969 pairs=312.1
[train-progress] epoch=12 [######------------------] 225/900  25.0% loss=0.38603 jepa=0.33358 hard=0.89066 hard_red=0.02295 oracle=0.89254 rank=0.03326 value=0.47360 cand=2.44526 ndcg=1.69951 pairs=312.4
[train-progress] epoch=12 [######------------------] 250/900  27.8% loss=0.39061 jepa=0.33198 hard=0.88419 hard_red=0.02203 oracle=0.88988 rank=0.03343 value=0.47856 cand=2.43510 ndcg=1.69532 pairs=312.1
[train-progress] epoch=12 [#######-----------------] 275/900  30.6% loss=0.39455 jepa=0.33109 hard=0.86863 hard_red=0.02243 oracle=0.88818 rank=0.03342 value=0.48204 cand=2.43123 ndcg=1.69091 pairs=311.5
[train-progress] epoch=12 [########----------------] 300/900  33.3% loss=0.39416 jepa=0.33046 hard=0.85142 hard_red=0.02200 oracle=0.89098 rank=0.03346 value=0.47623 cand=2.44156 ndcg=1.69532 pairs=311.3
[train-progress] epoch=12 [########----------------] 325/900  36.1% loss=0.39123 jepa=0.33816 hard=0.84201 hard_red=0.02181 oracle=0.89073 rank=0.03352 value=0.47533 cand=2.44102 ndcg=1.69473 pairs=312.8
[train-progress] epoch=12 [#########---------------] 350/900  38.9% loss=0.39776 jepa=0.33710 hard=0.84315 hard_red=0.02171 oracle=0.89041 rank=0.03386 value=0.47392 cand=2.43851 ndcg=1.69485 pairs=311.5
[train-progress] epoch=12 [##########--------------] 375/900  41.7% loss=0.38947 jepa=0.33495 hard=0.84269 hard_red=0.02211 oracle=0.89133 rank=0.03390 value=0.47208 cand=2.44176 ndcg=1.69635 pairs=311.6
[train-progress] epoch=12 [##########--------------] 400/900  44.4% loss=0.40275 jepa=0.33967 hard=0.84721 hard_red=0.02248 oracle=0.89163 rank=0.03395 value=0.47265 cand=2.44314 ndcg=1.69643 pairs=311.1
[train-progress] epoch=12 [###########-------------] 425/900  47.2% loss=0.39488 jepa=0.33748 hard=0.84481 hard_red=0.02231 oracle=0.89203 rank=0.03433 value=0.47334 cand=2.44302 ndcg=1.69744 pairs=311.9
[train-progress] epoch=12 [############------------] 450/900  50.0% loss=0.39523 jepa=0.33742 hard=0.84742 hard_red=0.02272 oracle=0.89245 rank=0.03433 value=0.47399 cand=2.44360 ndcg=1.69859 pairs=311.1
[train-progress] epoch=12 [############------------] 475/900  52.8% loss=0.39152 jepa=0.33732 hard=0.84738 hard_red=0.02260 oracle=0.89254 rank=0.03413 value=0.47079 cand=2.44460 ndcg=1.69896 pairs=311.5
[train-progress] epoch=12 [#############-----------] 500/900  55.6% loss=0.39826 jepa=0.33703 hard=0.84665 hard_red=0.02285 oracle=0.89078 rank=0.03400 value=0.46945 cand=2.43960 ndcg=1.69586 pairs=311.2
[train-progress] epoch=12 [##############----------] 525/900  58.3% loss=0.39654 jepa=0.33537 hard=0.84943 hard_red=0.02265 oracle=0.88923 rank=0.03413 value=0.46969 cand=2.43437 ndcg=1.69318 pairs=311.3
[train-progress] epoch=12 [##############----------] 550/900  61.1% loss=0.38967 jepa=0.33391 hard=0.84909 hard_red=0.02267 oracle=0.89152 rank=0.03420 value=0.46867 cand=2.44143 ndcg=1.69731 pairs=311.3
[train-progress] epoch=12 [###############---------] 575/900  63.9% loss=0.39212 jepa=0.33463 hard=0.85285 hard_red=0.02336 oracle=0.89226 rank=0.03440 value=0.46934 cand=2.44360 ndcg=1.69826 pairs=311.2
[train-progress] epoch=12 [################--------] 600/900  66.7% loss=0.39869 jepa=0.33692 hard=0.84997 hard_red=0.02371 oracle=0.89114 rank=0.03438 value=0.46916 cand=2.43938 ndcg=1.69691 pairs=310.9
[train-progress] epoch=12 [################--------] 625/900  69.4% loss=0.39585 jepa=0.33771 hard=0.85577 hard_red=0.02379 oracle=0.89058 rank=0.03427 value=0.46784 cand=2.43792 ndcg=1.69604 pairs=310.8
[train-progress] epoch=12 [#################-------] 650/900  72.2% loss=0.39506 jepa=0.33704 hard=0.85783 hard_red=0.02353 oracle=0.89086 rank=0.03418 value=0.46880 cand=2.43886 ndcg=1.69652 pairs=310.9
[train-progress] epoch=12 [##################------] 675/900  75.0% loss=0.39898 jepa=0.33604 hard=0.85908 hard_red=0.02438 oracle=0.89244 rank=0.03425 value=0.46836 cand=2.44321 ndcg=1.69967 pairs=310.8
[train-progress] epoch=12 [##################------] 700/900  77.8% loss=0.40018 jepa=0.33554 hard=0.85926 hard_red=0.02470 oracle=0.89111 rank=0.03444 value=0.46878 cand=2.43912 ndcg=1.69691 pairs=311.1
[train-progress] epoch=12 [###################-----] 725/900  80.6% loss=0.39800 jepa=0.33423 hard=0.85915 hard_red=0.02435 oracle=0.89110 rank=0.03439 value=0.46832 cand=2.43955 ndcg=1.69672 pairs=311.5
[train-progress] epoch=12 [####################----] 750/900  83.3% loss=0.39758 jepa=0.33418 hard=0.86146 hard_red=0.02486 oracle=0.89112 rank=0.03450 value=0.46780 cand=2.43988 ndcg=1.69645 pairs=311.5
[train-progress] epoch=12 [####################----] 775/900  86.1% loss=0.39610 jepa=0.33300 hard=0.86332 hard_red=0.02518 oracle=0.89231 rank=0.03447 value=0.46599 cand=2.44376 ndcg=1.69867 pairs=311.4
[train-progress] epoch=12 [#####################---] 800/900  88.9% loss=0.39607 jepa=0.33402 hard=0.86316 hard_red=0.02488 oracle=0.89325 rank=0.03459 value=0.46417 cand=2.44608 ndcg=1.70078 pairs=311.2
[train-progress] epoch=12 [######################--] 825/900  91.7% loss=0.39669 jepa=0.33528 hard=0.86124 hard_red=0.02532 oracle=0.89292 rank=0.03465 value=0.46332 cand=2.44407 ndcg=1.70092 pairs=310.7
[train-progress] epoch=12 [######################--] 850/900  94.4% loss=0.39642 jepa=0.33521 hard=0.86334 hard_red=0.02547 oracle=0.89219 rank=0.03444 value=0.46324 cand=2.44312 ndcg=1.69904 pairs=310.8
[train-progress] epoch=12 [#######################-] 875/900  97.2% loss=0.40097 jepa=0.33596 hard=0.86285 hard_red=0.02542 oracle=0.89146 rank=0.03439 value=0.46399 cand=2.44051 ndcg=1.69796 pairs=310.5
[train-progress] epoch=12 [########################] 900/900 100.0% loss=0.40433 jepa=0.33768 hard=0.85806 hard_red=0.02514 oracle=0.89128 rank=0.03441 value=0.46415 cand=2.44018 ndcg=1.69744 pairs=310.1
[train] epoch=12 horizon=5 train_loss=0.404332 val_loss=0.416801 train_steps=900
[train-progress] epoch=13 [------------------------] 1/900   0.1% loss=0.15258 jepa=0.24110 hard=1.10831 hard_red=0.03095 oracle=0.67472 rank=0.01181 value=0.43404 cand=1.91649 ndcg=1.24805 pairs=284.0
[train-progress] epoch=13 [------------------------] 25/900   2.8% loss=0.29800 jepa=0.31383 hard=0.89409 hard_red=0.01898 oracle=0.88193 rank=0.03021 value=0.43357 cand=2.42790 ndcg=1.67926 pairs=316.4
[train-progress] epoch=13 [#-----------------------] 50/900   5.6% loss=0.32345 jepa=0.33281 hard=0.82439 hard_red=0.02683 oracle=0.88366 rank=0.03172 value=0.43232 cand=2.42102 ndcg=1.68887 pairs=307.7
[train-progress] epoch=13 [##----------------------] 75/900   8.3% loss=0.55465 jepa=0.32971 hard=0.82572 hard_red=0.03168 oracle=0.89370 rank=0.03234 value=0.43296 cand=2.45185 ndcg=1.70578 pairs=308.0
[train-progress] epoch=13 [##----------------------] 100/900  11.1% loss=0.52831 jepa=0.32372 hard=0.83799 hard_red=0.02769 oracle=0.89289 rank=0.03237 value=0.43355 cand=2.44798 ndcg=1.70518 pairs=309.5
[train-progress] epoch=13 [###---------------------] 125/900  13.9% loss=0.53020 jepa=0.32174 hard=0.85772 hard_red=0.02522 oracle=0.89607 rank=0.03370 value=0.43826 cand=2.45173 ndcg=1.71251 pairs=309.0
[train-progress] epoch=13 [####--------------------] 150/900  16.7% loss=0.49093 jepa=0.31761 hard=0.86614 hard_red=0.02422 oracle=0.89343 rank=0.03447 value=0.44380 cand=2.44206 ndcg=1.70703 pairs=309.3
[train-progress] epoch=13 [####--------------------] 175/900  19.4% loss=0.54035 jepa=0.33374 hard=0.86782 hard_red=0.02522 oracle=0.89224 rank=0.03445 value=0.44432 cand=2.43820 ndcg=1.70503 pairs=308.5
[train-progress] epoch=13 [#####-------------------] 200/900  22.2% loss=0.53284 jepa=0.33350 hard=0.85537 hard_red=0.02673 oracle=0.89003 rank=0.03471 value=0.44589 cand=2.42979 ndcg=1.70164 pairs=310.6
[train-progress] epoch=13 [######------------------] 225/900  25.0% loss=0.50982 jepa=0.33062 hard=0.87612 hard_red=0.02747 oracle=0.88980 rank=0.03445 value=0.44202 cand=2.43039 ndcg=1.70115 pairs=311.1
[train-progress] epoch=13 [######------------------] 250/900  27.8% loss=0.51866 jepa=0.32959 hard=0.87396 hard_red=0.02727 oracle=0.88747 rank=0.03389 value=0.43837 cand=2.42711 ndcg=1.69551 pairs=312.0
[train-progress] epoch=13 [#######-----------------] 275/900  30.6% loss=0.52130 jepa=0.33095 hard=0.87540 hard_red=0.02813 oracle=0.88595 rank=0.03353 value=0.43732 cand=2.42242 ndcg=1.69351 pairs=311.6
[train-progress] epoch=13 [########----------------] 300/900  33.3% loss=0.51729 jepa=0.33363 hard=0.87357 hard_red=0.02829 oracle=0.88678 rank=0.03385 value=0.43910 cand=2.42467 ndcg=1.69452 pairs=312.1
[train-progress] epoch=13 [########----------------] 325/900  36.1% loss=0.51379 jepa=0.33298 hard=0.86731 hard_red=0.02868 oracle=0.88687 rank=0.03363 value=0.44141 cand=2.42740 ndcg=1.69296 pairs=312.0
[train-progress] epoch=13 [#########---------------] 350/900  38.9% loss=0.50323 jepa=0.33351 hard=0.86059 hard_red=0.02862 oracle=0.88558 rank=0.03378 value=0.44400 cand=2.42426 ndcg=1.68952 pairs=311.8
[train-progress] epoch=13 [##########--------------] 375/900  41.7% loss=0.49707 jepa=0.33429 hard=0.85916 hard_red=0.02835 oracle=0.88545 rank=0.03376 value=0.44687 cand=2.42336 ndcg=1.68934 pairs=312.0
[train-progress] epoch=13 [##########--------------] 400/900  44.4% loss=0.48509 jepa=0.33335 hard=0.86006 hard_red=0.02771 oracle=0.88379 rank=0.03368 value=0.44871 cand=2.41781 ndcg=1.68659 pairs=312.1
[train-progress] epoch=13 [###########-------------] 425/900  47.2% loss=0.47114 jepa=0.33341 hard=0.86290 hard_red=0.02765 oracle=0.88409 rank=0.03374 value=0.44748 cand=2.41908 ndcg=1.68694 pairs=311.6
[train-progress] epoch=13 [############------------] 450/900  50.0% loss=0.45670 jepa=0.33060 hard=0.86641 hard_red=0.02679 oracle=0.88197 rank=0.03372 value=0.44809 cand=2.41281 ndcg=1.68295 pairs=311.0
[train-progress] epoch=13 [############------------] 475/900  52.8% loss=0.44782 jepa=0.32833 hard=0.86148 hard_red=0.02652 oracle=0.88371 rank=0.03358 value=0.44642 cand=2.41927 ndcg=1.68567 pairs=311.7
[train-progress] epoch=13 [#############-----------] 500/900  55.6% loss=0.44226 jepa=0.32751 hard=0.86690 hard_red=0.02628 oracle=0.88458 rank=0.03351 value=0.44699 cand=2.42330 ndcg=1.68627 pairs=311.5
[train-progress] epoch=13 [##############----------] 525/900  58.3% loss=0.44956 jepa=0.33011 hard=0.87441 hard_red=0.02698 oracle=0.88699 rank=0.03362 value=0.44572 cand=2.42946 ndcg=1.69149 pairs=311.2
[train-progress] epoch=13 [##############----------] 550/900  61.1% loss=0.45753 jepa=0.33147 hard=0.86995 hard_red=0.02685 oracle=0.88826 rank=0.03355 value=0.44460 cand=2.43440 ndcg=1.69325 pairs=311.1
[train-progress] epoch=13 [###############---------] 575/900  63.9% loss=0.44996 jepa=0.33075 hard=0.87118 hard_red=0.02648 oracle=0.88759 rank=0.03370 value=0.44516 cand=2.43112 ndcg=1.69262 pairs=310.8
[train-progress] epoch=13 [################--------] 600/900  66.7% loss=0.44996 jepa=0.33110 hard=0.87004 hard_red=0.02629 oracle=0.88814 rank=0.03358 value=0.44489 cand=2.43329 ndcg=1.69348 pairs=311.4
[train-progress] epoch=13 [################--------] 625/900  69.4% loss=0.44476 jepa=0.33043 hard=0.86684 hard_red=0.02616 oracle=0.88711 rank=0.03346 value=0.44490 cand=2.43161 ndcg=1.69075 pairs=311.3
[train-progress] epoch=13 [#################-------] 650/900  72.2% loss=0.44257 jepa=0.32975 hard=0.86443 hard_red=0.02593 oracle=0.88612 rank=0.03341 value=0.44485 cand=2.42902 ndcg=1.68875 pairs=311.4
[train-progress] epoch=13 [##################------] 675/900  75.0% loss=0.43373 jepa=0.32768 hard=0.86586 hard_red=0.02551 oracle=0.88599 rank=0.03360 value=0.44521 cand=2.42857 ndcg=1.68821 pairs=312.1
[train-progress] epoch=13 [##################------] 700/900  77.8% loss=0.43013 jepa=0.32729 hard=0.86722 hard_red=0.02557 oracle=0.88627 rank=0.03357 value=0.44564 cand=2.42852 ndcg=1.68937 pairs=311.8
[train-progress] epoch=13 [###################-----] 725/900  80.6% loss=0.42759 jepa=0.32625 hard=0.86747 hard_red=0.02529 oracle=0.88683 rank=0.03359 value=0.44478 cand=2.42956 ndcg=1.69090 pairs=311.7
[train-progress] epoch=13 [####################----] 750/900  83.3% loss=0.42463 jepa=0.32599 hard=0.87053 hard_red=0.02526 oracle=0.88804 rank=0.03366 value=0.44369 cand=2.43291 ndcg=1.69336 pairs=311.5
[train-progress] epoch=13 [####################----] 775/900  86.1% loss=0.42547 jepa=0.32702 hard=0.87017 hard_red=0.02576 oracle=0.88787 rank=0.03367 value=0.44360 cand=2.43218 ndcg=1.69320 pairs=311.3
[train-progress] epoch=13 [#####################---] 800/900  88.9% loss=0.42454 jepa=0.32607 hard=0.86945 hard_red=0.02540 oracle=0.88876 rank=0.03363 value=0.44411 cand=2.43488 ndcg=1.69482 pairs=311.2
[train-progress] epoch=13 [######################--] 825/900  91.7% loss=0.42640 jepa=0.32633 hard=0.86943 hard_red=0.02548 oracle=0.88848 rank=0.03345 value=0.44405 cand=2.43499 ndcg=1.69391 pairs=311.3
[train-progress] epoch=13 [######################--] 850/900  94.4% loss=0.42340 jepa=0.32832 hard=0.87127 hard_red=0.02562 oracle=0.88888 rank=0.03330 value=0.44450 cand=2.43700 ndcg=1.69427 pairs=311.0
[train-progress] epoch=13 [#######################-] 875/900  97.2% loss=0.42825 jepa=0.32854 hard=0.86672 hard_red=0.02570 oracle=0.88944 rank=0.03330 value=0.44541 cand=2.43937 ndcg=1.69469 pairs=311.1
[train-progress] epoch=13 [########################] 900/900 100.0% loss=0.42597 jepa=0.32930 hard=0.87024 hard_red=0.02591 oracle=0.89015 rank=0.03335 value=0.44594 cand=2.44123 ndcg=1.69603 pairs=310.7
[train] epoch=13 horizon=5 train_loss=0.425974 val_loss=0.506734 train_steps=900
[train-progress] epoch=14 [------------------------] 1/900   0.1% loss=0.16640 jepa=0.30849 hard=1.15239 hard_red=0.03210 oracle=0.95991 rank=0.02430 value=0.53532 cand=2.71952 ndcg=1.77847 pairs=317.0
[train-progress] epoch=14 [------------------------] 25/900   2.8% loss=0.29160 jepa=0.30198 hard=0.85952 hard_red=0.02846 oracle=0.84132 rank=0.03230 value=0.48676 cand=2.30696 ndcg=1.59420 pairs=325.2
[train-progress] epoch=14 [#-----------------------] 50/900   5.6% loss=0.51814 jepa=0.32791 hard=0.80857 hard_red=0.03032 oracle=0.84833 rank=0.03034 value=0.48135 cand=2.32605 ndcg=1.61224 pairs=319.0
[train-progress] epoch=14 [##----------------------] 75/900   8.3% loss=0.47192 jepa=0.33053 hard=0.85933 hard_red=0.02906 oracle=0.85672 rank=0.03225 value=0.47661 cand=2.33768 ndcg=1.63497 pairs=315.1
[train-progress] epoch=14 [##----------------------] 100/900  11.1% loss=0.44543 jepa=0.33349 hard=0.86323 hard_red=0.02716 oracle=0.85490 rank=0.03224 value=0.48169 cand=2.33188 ndcg=1.63126 pairs=318.9
[train-progress] epoch=14 [###---------------------] 125/900  13.9% loss=0.43949 jepa=0.33210 hard=0.85695 hard_red=0.02934 oracle=0.85660 rank=0.03254 value=0.46546 cand=2.33622 ndcg=1.63642 pairs=318.5
[train-progress] epoch=14 [####--------------------] 150/900  16.7% loss=0.45677 jepa=0.34582 hard=0.86733 hard_red=0.03006 oracle=0.86817 rank=0.03365 value=0.45566 cand=2.37018 ndcg=1.65762 pairs=318.2
[train-progress] epoch=14 [####--------------------] 175/900  19.4% loss=0.45284 jepa=0.34328 hard=0.86374 hard_red=0.02903 oracle=0.86726 rank=0.03340 value=0.45032 cand=2.36707 ndcg=1.65726 pairs=317.2
[train-progress] epoch=14 [#####-------------------] 200/900  22.2% loss=0.45319 jepa=0.34368 hard=0.86093 hard_red=0.03148 oracle=0.87462 rank=0.03408 value=0.44982 cand=2.38821 ndcg=1.67046 pairs=315.3
[train-progress] epoch=14 [######------------------] 225/900  25.0% loss=0.45120 jepa=0.34379 hard=0.86263 hard_red=0.03012 oracle=0.87759 rank=0.03368 value=0.44509 cand=2.39903 ndcg=1.67577 pairs=313.5
[train-progress] epoch=14 [######------------------] 250/900  27.8% loss=0.46892 jepa=0.34446 hard=0.86399 hard_red=0.03070 oracle=0.87788 rank=0.03346 value=0.44774 cand=2.40204 ndcg=1.67479 pairs=312.5
[train-progress] epoch=14 [#######-----------------] 275/900  30.6% loss=0.47405 jepa=0.34176 hard=0.86608 hard_red=0.03040 oracle=0.87806 rank=0.03325 value=0.44471 cand=2.40311 ndcg=1.67542 pairs=312.3
[train-progress] epoch=14 [########----------------] 300/900  33.3% loss=0.47233 jepa=0.34126 hard=0.86757 hard_red=0.03038 oracle=0.87907 rank=0.03333 value=0.44316 cand=2.40823 ndcg=1.67584 pairs=313.2
[train-progress] epoch=14 [########----------------] 325/900  36.1% loss=0.45512 jepa=0.33811 hard=0.87066 hard_red=0.03129 oracle=0.87942 rank=0.03341 value=0.44297 cand=2.40798 ndcg=1.67730 pairs=312.1
[train-progress] epoch=14 [#########---------------] 350/900  38.9% loss=0.46618 jepa=0.34334 hard=0.87240 hard_red=0.03139 oracle=0.88416 rank=0.03318 value=0.43961 cand=2.42348 ndcg=1.68589 pairs=311.7
[train-progress] epoch=14 [##########--------------] 375/900  41.7% loss=0.45715 jepa=0.34186 hard=0.86411 hard_red=0.03085 oracle=0.88298 rank=0.03299 value=0.43886 cand=2.41950 ndcg=1.68445 pairs=310.7
[train-progress] epoch=14 [##########--------------] 400/900  44.4% loss=0.45490 jepa=0.34242 hard=0.86226 hard_red=0.03111 oracle=0.88535 rank=0.03309 value=0.44325 cand=2.42673 ndcg=1.68804 pairs=310.6
[train-progress] epoch=14 [###########-------------] 425/900  47.2% loss=0.44870 jepa=0.34093 hard=0.86181 hard_red=0.03045 oracle=0.88298 rank=0.03342 value=0.44199 cand=2.41843 ndcg=1.68413 pairs=310.7
[train-progress] epoch=14 [############------------] 450/900  50.0% loss=0.43935 jepa=0.33889 hard=0.86153 hard_red=0.03022 oracle=0.88076 rank=0.03333 value=0.44359 cand=2.41233 ndcg=1.67959 pairs=310.9
[train-progress] epoch=14 [############------------] 475/900  52.8% loss=0.43370 jepa=0.33897 hard=0.86858 hard_red=0.03000 oracle=0.87947 rank=0.03312 value=0.44570 cand=2.40904 ndcg=1.67688 pairs=311.2
[train-progress] epoch=14 [#############-----------] 500/900  55.6% loss=0.42762 jepa=0.33782 hard=0.86793 hard_red=0.02946 oracle=0.87703 rank=0.03293 value=0.44504 cand=2.40237 ndcg=1.67231 pairs=311.7
[train-progress] epoch=14 [##############----------] 525/900  58.3% loss=0.42801 jepa=0.33760 hard=0.87235 hard_red=0.02952 oracle=0.87759 rank=0.03317 value=0.44338 cand=2.40280 ndcg=1.67408 pairs=310.3
[train-progress] epoch=14 [##############----------] 550/900  61.1% loss=0.42240 jepa=0.33683 hard=0.86959 hard_red=0.02934 oracle=0.87857 rank=0.03290 value=0.44255 cand=2.40682 ndcg=1.67562 pairs=310.3
[train-progress] epoch=14 [###############---------] 575/900  63.9% loss=0.42958 jepa=0.33803 hard=0.86675 hard_red=0.02897 oracle=0.88011 rank=0.03293 value=0.44221 cand=2.41063 ndcg=1.67901 pairs=310.3
[train-progress] epoch=14 [################--------] 600/900  66.7% loss=0.42680 jepa=0.33740 hard=0.86432 hard_red=0.02923 oracle=0.87885 rank=0.03291 value=0.44271 cand=2.40631 ndcg=1.67709 pairs=310.4
[train-progress] epoch=14 [################--------] 625/900  69.4% loss=0.42593 jepa=0.33728 hard=0.86345 hard_red=0.02965 oracle=0.87744 rank=0.03300 value=0.44415 cand=2.40170 ndcg=1.67442 pairs=310.7
[train-progress] epoch=14 [#################-------] 650/900  72.2% loss=0.42437 jepa=0.33893 hard=0.86383 hard_red=0.02924 oracle=0.87698 rank=0.03312 value=0.44277 cand=2.39952 ndcg=1.67413 pairs=310.5
[train-progress] epoch=14 [##################------] 675/900  75.0% loss=0.41987 jepa=0.33866 hard=0.85903 hard_red=0.02862 oracle=0.87745 rank=0.03304 value=0.44246 cand=2.40066 ndcg=1.67538 pairs=310.6
[train-progress] epoch=14 [##################------] 700/900  77.8% loss=0.41981 jepa=0.33824 hard=0.86128 hard_red=0.02905 oracle=0.87790 rank=0.03293 value=0.44432 cand=2.40244 ndcg=1.67585 pairs=310.8
[train-progress] epoch=14 [###################-----] 725/900  80.6% loss=0.41561 jepa=0.33718 hard=0.85891 hard_red=0.02904 oracle=0.87903 rank=0.03299 value=0.44351 cand=2.40567 ndcg=1.67803 pairs=310.4
[train-progress] epoch=14 [####################----] 750/900  83.3% loss=0.41415 jepa=0.33634 hard=0.86102 hard_red=0.02886 oracle=0.87859 rank=0.03308 value=0.44425 cand=2.40499 ndcg=1.67655 pairs=310.8
[train-progress] epoch=14 [####################----] 775/900  86.1% loss=0.41361 jepa=0.33577 hard=0.86061 hard_red=0.02853 oracle=0.88064 rank=0.03318 value=0.44375 cand=2.41072 ndcg=1.68050 pairs=310.6
[train-progress] epoch=14 [#####################---] 800/900  88.9% loss=0.41264 jepa=0.33489 hard=0.86299 hard_red=0.02893 oracle=0.88135 rank=0.03321 value=0.44317 cand=2.41278 ndcg=1.68188 pairs=310.0
[train-progress] epoch=14 [######################--] 825/900  91.7% loss=0.40644 jepa=0.33327 hard=0.86385 hard_red=0.02844 oracle=0.87969 rank=0.03312 value=0.44325 cand=2.40824 ndcg=1.67866 pairs=310.1
[train-progress] epoch=14 [######################--] 850/900  94.4% loss=0.40734 jepa=0.33335 hard=0.86248 hard_red=0.02830 oracle=0.87955 rank=0.03306 value=0.44322 cand=2.40846 ndcg=1.67802 pairs=310.3
[train-progress] epoch=14 [#######################-] 875/900  97.2% loss=0.40871 jepa=0.33392 hard=0.86375 hard_red=0.02853 oracle=0.87775 rank=0.03302 value=0.44313 cand=2.40392 ndcg=1.67419 pairs=310.3
[train-progress] epoch=14 [########################] 900/900 100.0% loss=0.40971 jepa=0.33335 hard=0.86396 hard_red=0.02864 oracle=0.87802 rank=0.03299 value=0.44290 cand=2.40531 ndcg=1.67432 pairs=310.2
[train] epoch=14 horizon=5 train_loss=0.409714 val_loss=0.460307 train_steps=900
[2026-07-06T21:44:02+08:00] done name=reward_rank_v4_ndcg_safe run_dir=runs/planner_aligned_reward_rank_v4_ndcg_safe
