[2026-07-06T10:22:44+08:00] start name=reward_rank_v3_safe gpu=2 config=configs/planner_aligned_reward_rank_v3_safe.json
[train] excluded_eval_benchmarks=b15_C,b17_C,b20_C,b21_C,b22_C,epfl__arithmetic__max__max,epfl__random_control__i2c__i2c,epfl__random_control__router__router,i2c,iscas89__s838,iscas99__b15_1,iscas99__b17,iscas99__b20,iscas99__b21,iscas99__b22,max,mem_ctrl,openabcd__mem_ctrl_orig removed_rows=0 remaining_rows=100000
[train] disabling pattern loss
[train] note: delta_test_coverage is retained as a weak objective; the main hard-fault target is hard_reduction
[train] q_oracle enabled groups=180 score_field=reward_pred lambda_q_value=0.04 lambda_q_rank=0.55 lambda_candidate=0.25 pairwise_mode=best_vs_hard_topk forbidden_benchmarks=21
[train] rows=100000 train_rows=85790 val_rows=14210 train_samples=17158 val_samples=2842 rollout_training=True feature_dim=38 relation_dim=12 cache_samples=False sample_cache_max_entries=unlimited
[train-progress] epoch=1 [------------------------] 1/900   0.1% loss=0.40173 jepa=1.01484 hard=2.12551 hard_red=0.02904 oracle=0.00000 rank=0.00000 value=0.00000 cand=0.00000 pairs=0.0
[train-progress] epoch=1 [------------------------] 25/900   2.8% loss=0.42344 jepa=0.78660 hard=1.17534 hard_red=0.02337 oracle=0.00000 rank=0.00000 value=0.00000 cand=0.00000 pairs=0.0
[train-progress] epoch=1 [#-----------------------] 50/900   5.6% loss=0.45944 jepa=0.56491 hard=1.07752 hard_red=0.03127 oracle=0.00000 rank=0.00000 value=0.00000 cand=0.00000 pairs=0.0
[train-progress] epoch=1 [##----------------------] 75/900   8.3% loss=0.37457 jepa=0.45861 hard=1.07192 hard_red=0.03407 oracle=0.00000 rank=0.00000 value=0.00000 cand=0.00000 pairs=0.0
[train-progress] epoch=1 [##----------------------] 100/900  11.1% loss=0.36184 jepa=0.39606 hard=1.04575 hard_red=0.03652 oracle=0.00000 rank=0.00000 value=0.00000 cand=0.00000 pairs=0.0
[train-progress] epoch=1 [###---------------------] 125/900  13.9% loss=0.32405 jepa=0.35338 hard=1.03112 hard_red=0.03026 oracle=0.00000 rank=0.00000 value=0.00000 cand=0.00000 pairs=0.0
[train-progress] epoch=1 [####--------------------] 150/900  16.7% loss=0.32327 jepa=0.32172 hard=1.00557 hard_red=0.03111 oracle=0.00000 rank=0.00000 value=0.00000 cand=0.00000 pairs=0.0
[train-progress] epoch=1 [####--------------------] 175/900  19.4% loss=0.35338 jepa=0.29894 hard=1.00036 hard_red=0.03972 oracle=0.00000 rank=0.00000 value=0.00000 cand=0.00000 pairs=0.0
[train-progress] epoch=1 [#####-------------------] 200/900  22.2% loss=0.38285 jepa=0.28053 hard=0.99360 hard_red=0.03854 oracle=0.00000 rank=0.00000 value=0.00000 cand=0.00000 pairs=0.0
[train-progress] epoch=1 [######------------------] 225/900  25.0% loss=0.37428 jepa=0.26529 hard=0.99148 hard_red=0.03804 oracle=0.00000 rank=0.00000 value=0.00000 cand=0.00000 pairs=0.0
[train-progress] epoch=1 [######------------------] 250/900  27.8% loss=0.36186 jepa=0.25163 hard=0.99690 hard_red=0.03595 oracle=0.00000 rank=0.00000 value=0.00000 cand=0.00000 pairs=0.0
[train-progress] epoch=1 [#######-----------------] 275/900  30.6% loss=0.34307 jepa=0.23899 hard=0.99920 hard_red=0.03443 oracle=0.00000 rank=0.00000 value=0.00000 cand=0.00000 pairs=0.0
[train-progress] epoch=1 [########----------------] 300/900  33.3% loss=0.33845 jepa=0.22973 hard=1.00373 hard_red=0.03465 oracle=0.00000 rank=0.00000 value=0.00000 cand=0.00000 pairs=0.0
[train-progress] epoch=1 [########----------------] 325/900  36.1% loss=0.33093 jepa=0.22084 hard=1.00161 hard_red=0.03524 oracle=0.00000 rank=0.00000 value=0.00000 cand=0.00000 pairs=0.0
[train-progress] epoch=1 [#########---------------] 350/900  38.9% loss=0.31849 jepa=0.21268 hard=1.00174 hard_red=0.03472 oracle=0.00000 rank=0.00000 value=0.00000 cand=0.00000 pairs=0.0
[train-progress] epoch=1 [##########--------------] 375/900  41.7% loss=0.33492 jepa=0.20601 hard=0.99889 hard_red=0.03590 oracle=0.00000 rank=0.00000 value=0.00000 cand=0.00000 pairs=0.0
[train-progress] epoch=1 [##########--------------] 400/900  44.4% loss=0.32410 jepa=0.20042 hard=0.98689 hard_red=0.03509 oracle=0.00000 rank=0.00000 value=0.00000 cand=0.00000 pairs=0.0
[train-progress] epoch=1 [###########-------------] 425/900  47.2% loss=0.33782 jepa=0.19582 hard=0.97710 hard_red=0.03634 oracle=0.00000 rank=0.00000 value=0.00000 cand=0.00000 pairs=0.0
[train-progress] epoch=1 [############------------] 450/900  50.0% loss=0.33322 jepa=0.19147 hard=0.97973 hard_red=0.03644 oracle=0.00000 rank=0.00000 value=0.00000 cand=0.00000 pairs=0.0
[train-progress] epoch=1 [############------------] 475/900  52.8% loss=0.32677 jepa=0.18693 hard=0.97894 hard_red=0.03658 oracle=0.00000 rank=0.00000 value=0.00000 cand=0.00000 pairs=0.0
[train-progress] epoch=1 [#############-----------] 500/900  55.6% loss=0.32009 jepa=0.18436 hard=0.97613 hard_red=0.03576 oracle=0.00000 rank=0.00000 value=0.00000 cand=0.00000 pairs=0.0
[train-progress] epoch=1 [##############----------] 525/900  58.3% loss=0.32664 jepa=0.18128 hard=0.97223 hard_red=0.03528 oracle=0.00000 rank=0.00000 value=0.00000 cand=0.00000 pairs=0.0
[train-progress] epoch=1 [##############----------] 550/900  61.1% loss=0.32273 jepa=0.17878 hard=0.96702 hard_red=0.03633 oracle=0.00000 rank=0.00000 value=0.00000 cand=0.00000 pairs=0.0
[train-progress] epoch=1 [###############---------] 575/900  63.9% loss=0.32090 jepa=0.17673 hard=0.96646 hard_red=0.03735 oracle=0.00000 rank=0.00000 value=0.00000 cand=0.00000 pairs=0.0
[train-progress] epoch=1 [################--------] 600/900  66.7% loss=0.31541 jepa=0.17414 hard=0.96940 hard_red=0.03664 oracle=0.00000 rank=0.00000 value=0.00000 cand=0.00000 pairs=0.0
[train-progress] epoch=1 [################--------] 625/900  69.4% loss=0.31086 jepa=0.17181 hard=0.96859 hard_red=0.03691 oracle=0.00000 rank=0.00000 value=0.00000 cand=0.00000 pairs=0.0
[train-progress] epoch=1 [#################-------] 650/900  72.2% loss=0.31815 jepa=0.16988 hard=0.96511 hard_red=0.03676 oracle=0.00000 rank=0.00000 value=0.00000 cand=0.00000 pairs=0.0
[train-progress] epoch=1 [##################------] 675/900  75.0% loss=0.31210 jepa=0.16802 hard=0.96639 hard_red=0.03633 oracle=0.00000 rank=0.00000 value=0.00000 cand=0.00000 pairs=0.0
[train-progress] epoch=1 [##################------] 700/900  77.8% loss=0.31330 jepa=0.16610 hard=0.95871 hard_red=0.03586 oracle=0.00000 rank=0.00000 value=0.00000 cand=0.00000 pairs=0.0
[train-progress] epoch=1 [###################-----] 725/900  80.6% loss=0.31020 jepa=0.16484 hard=0.95826 hard_red=0.03581 oracle=0.00000 rank=0.00000 value=0.00000 cand=0.00000 pairs=0.0
[train-progress] epoch=1 [####################----] 750/900  83.3% loss=0.30681 jepa=0.16331 hard=0.95832 hard_red=0.03562 oracle=0.00000 rank=0.00000 value=0.00000 cand=0.00000 pairs=0.0
[train-progress] epoch=1 [####################----] 775/900  86.1% loss=0.30550 jepa=0.16201 hard=0.95857 hard_red=0.03547 oracle=0.00000 rank=0.00000 value=0.00000 cand=0.00000 pairs=0.0
[train-progress] epoch=1 [#####################---] 800/900  88.9% loss=0.30197 jepa=0.16036 hard=0.95523 hard_red=0.03503 oracle=0.00000 rank=0.00000 value=0.00000 cand=0.00000 pairs=0.0
[train-progress] epoch=1 [######################--] 825/900  91.7% loss=0.29785 jepa=0.15884 hard=0.95167 hard_red=0.03447 oracle=0.00000 rank=0.00000 value=0.00000 cand=0.00000 pairs=0.0
[train-progress] epoch=1 [######################--] 850/900  94.4% loss=0.29409 jepa=0.15790 hard=0.94567 hard_red=0.03455 oracle=0.00000 rank=0.00000 value=0.00000 cand=0.00000 pairs=0.0
[train-progress] epoch=1 [#######################-] 875/900  97.2% loss=0.28944 jepa=0.15694 hard=0.94528 hard_red=0.03422 oracle=0.00000 rank=0.00000 value=0.00000 cand=0.00000 pairs=0.0
[train-progress] epoch=1 [########################] 900/900 100.0% loss=0.29238 jepa=0.15613 hard=0.94544 hard_red=0.03422 oracle=0.00000 rank=0.00000 value=0.00000 cand=0.00000 pairs=0.0
[train] epoch=1 horizon=1 train_loss=0.292376 val_loss=0.071150 train_steps=900
[train-progress] epoch=2 [------------------------] 1/900   0.1% loss=0.13069 jepa=0.13677 hard=0.10495 hard_red=0.00265 oracle=0.60633 rank=0.70183 value=0.89894 cand=3.16278 pairs=304.0
[train-progress] epoch=2 [------------------------] 25/900   2.8% loss=0.53339 jepa=0.16166 hard=0.88983 hard_red=0.05731 oracle=0.58887 rank=0.67937 value=0.61699 cand=3.11763 pairs=308.8
[train-progress] epoch=2 [#-----------------------] 50/900   5.6% loss=0.45666 jepa=0.16801 hard=0.87571 hard_red=0.05005 oracle=0.57649 rank=0.64463 value=0.57554 cand=3.10162 pairs=301.2
[train-progress] epoch=2 [##----------------------] 75/900   8.3% loss=0.38426 jepa=0.19542 hard=0.88829 hard_red=0.03859 oracle=0.56661 rank=0.61856 value=0.52596 cand=3.08788 pairs=296.1
[train-progress] epoch=2 [##----------------------] 100/900  11.1% loss=0.37640 jepa=0.19861 hard=0.90136 hard_red=0.03617 oracle=0.56081 rank=0.60205 value=0.51389 cand=3.07972 pairs=298.1
[train-progress] epoch=2 [###---------------------] 125/900  13.9% loss=0.37322 jepa=0.19849 hard=0.90594 hard_red=0.03843 oracle=0.55450 rank=0.58753 value=0.52791 cand=3.05898 pairs=306.6
[train-progress] epoch=2 [####--------------------] 150/900  16.7% loss=0.37207 jepa=0.20494 hard=0.90858 hard_red=0.03638 oracle=0.55217 rank=0.58157 value=0.53145 cand=3.05289 pairs=307.0
[train-progress] epoch=2 [####--------------------] 175/900  19.4% loss=0.37341 jepa=0.20603 hard=0.89189 hard_red=0.03401 oracle=0.54849 rank=0.57381 value=0.53422 cand=3.04007 pairs=305.7
[train-progress] epoch=2 [#####-------------------] 200/900  22.2% loss=0.39713 jepa=0.21156 hard=0.88426 hard_red=0.03295 oracle=0.54489 rank=0.56621 value=0.53755 cand=3.02746 pairs=304.2
[train-progress] epoch=2 [######------------------] 225/900  25.0% loss=0.39773 jepa=0.21323 hard=0.87779 hard_red=0.03208 oracle=0.54171 rank=0.56111 value=0.54693 cand=3.01169 pairs=306.3
[train-progress] epoch=2 [######------------------] 250/900  27.8% loss=0.38506 jepa=0.21597 hard=0.87153 hard_red=0.03228 oracle=0.53779 rank=0.55266 value=0.54533 cand=2.99926 pairs=306.6
[train-progress] epoch=2 [#######-----------------] 275/900  30.6% loss=0.37805 jepa=0.21860 hard=0.86875 hard_red=0.03211 oracle=0.53413 rank=0.54527 value=0.55442 cand=2.98477 pairs=307.1
[train-progress] epoch=2 [########----------------] 300/900  33.3% loss=0.36204 jepa=0.21824 hard=0.86677 hard_red=0.03108 oracle=0.53018 rank=0.53755 value=0.55918 cand=2.96934 pairs=308.0
[train-progress] epoch=2 [########----------------] 325/900  36.1% loss=0.35290 jepa=0.22082 hard=0.86662 hard_red=0.03178 oracle=0.52676 rank=0.52986 value=0.57404 cand=2.95657 pairs=309.1
[train-progress] epoch=2 [#########---------------] 350/900  38.9% loss=0.34246 jepa=0.22111 hard=0.86084 hard_red=0.03041 oracle=0.52349 rank=0.52264 value=0.57228 cand=2.94652 pairs=309.5
[train-progress] epoch=2 [##########--------------] 375/900  41.7% loss=0.35333 jepa=0.22338 hard=0.85965 hard_red=0.03111 oracle=0.51942 rank=0.51314 value=0.57130 cand=2.93504 pairs=309.1
[train-progress] epoch=2 [##########--------------] 400/900  44.4% loss=0.36113 jepa=0.22765 hard=0.86232 hard_red=0.03069 oracle=0.51565 rank=0.50569 value=0.57288 cand=2.92102 pairs=308.3
[train-progress] epoch=2 [###########-------------] 425/900  47.2% loss=0.35502 jepa=0.23035 hard=0.87064 hard_red=0.02961 oracle=0.51168 rank=0.49820 value=0.57195 cand=2.90588 pairs=309.2
[train-progress] epoch=2 [############------------] 450/900  50.0% loss=0.34938 jepa=0.23107 hard=0.87594 hard_red=0.02886 oracle=0.50892 rank=0.49118 value=0.57446 cand=2.89884 pairs=309.2
[train-progress] epoch=2 [############------------] 475/900  52.8% loss=0.35846 jepa=0.23283 hard=0.86936 hard_red=0.02928 oracle=0.50633 rank=0.48344 value=0.57618 cand=2.89491 pairs=309.1
[train-progress] epoch=2 [#############-----------] 500/900  55.6% loss=0.36712 jepa=0.23561 hard=0.85917 hard_red=0.02889 oracle=0.50242 rank=0.47419 value=0.58167 cand=2.88306 pairs=309.2
[train-progress] epoch=2 [##############----------] 525/900  58.3% loss=0.36147 jepa=0.23639 hard=0.86459 hard_red=0.02833 oracle=0.49944 rank=0.46735 value=0.57793 cand=2.87491 pairs=308.9
[train-progress] epoch=2 [##############----------] 550/900  61.1% loss=0.36975 jepa=0.23678 hard=0.86317 hard_red=0.02852 oracle=0.49750 rank=0.46153 value=0.57549 cand=2.87257 pairs=308.7
[train-progress] epoch=2 [###############---------] 575/900  63.9% loss=0.37118 jepa=0.23845 hard=0.86387 hard_red=0.02885 oracle=0.49471 rank=0.45461 value=0.57423 cand=2.86564 pairs=308.7
[train-progress] epoch=2 [################--------] 600/900  66.7% loss=0.36378 jepa=0.23826 hard=0.86625 hard_red=0.02807 oracle=0.49143 rank=0.44660 value=0.57443 cand=2.85701 pairs=308.5
[train-progress] epoch=2 [################--------] 625/900  69.4% loss=0.35753 jepa=0.23904 hard=0.86488 hard_red=0.02746 oracle=0.48782 rank=0.43860 value=0.57373 cand=2.84582 pairs=308.8
[train-progress] epoch=2 [#################-------] 650/900  72.2% loss=0.35633 jepa=0.24026 hard=0.86746 hard_red=0.02771 oracle=0.48536 rank=0.43294 value=0.57223 cand=2.83883 pairs=309.0
[train-progress] epoch=2 [##################------] 675/900  75.0% loss=0.35027 jepa=0.24079 hard=0.86843 hard_red=0.02717 oracle=0.48291 rank=0.42633 value=0.57419 cand=2.83352 pairs=308.3
[train-progress] epoch=2 [##################------] 700/900  77.8% loss=0.35235 jepa=0.24161 hard=0.86792 hard_red=0.02692 oracle=0.48014 rank=0.41878 value=0.57378 cand=2.82800 pairs=308.7
[train-progress] epoch=2 [###################-----] 725/900  80.6% loss=0.35096 jepa=0.24359 hard=0.86987 hard_red=0.02714 oracle=0.47740 rank=0.41194 value=0.57607 cand=2.82074 pairs=308.4
[train-progress] epoch=2 [####################----] 750/900  83.3% loss=0.35239 jepa=0.24523 hard=0.86992 hard_red=0.02772 oracle=0.47509 rank=0.40692 value=0.57499 cand=2.81353 pairs=308.0
[train-progress] epoch=2 [####################----] 775/900  86.1% loss=0.34916 jepa=0.24528 hard=0.87663 hard_red=0.02749 oracle=0.47271 rank=0.40124 value=0.57369 cand=2.80719 pairs=308.5
[train-progress] epoch=2 [#####################---] 800/900  88.9% loss=0.34583 jepa=0.24610 hard=0.87676 hard_red=0.02694 oracle=0.47072 rank=0.39594 value=0.57549 cand=2.80263 pairs=308.5
[train-progress] epoch=2 [######################--] 825/900  91.7% loss=0.34448 jepa=0.24786 hard=0.87894 hard_red=0.02683 oracle=0.46823 rank=0.39020 value=0.57466 cand=2.79545 pairs=308.1
[train-progress] epoch=2 [######################--] 850/900  94.4% loss=0.34335 jepa=0.24799 hard=0.87787 hard_red=0.02666 oracle=0.46595 rank=0.38432 value=0.57221 cand=2.79056 pairs=307.5
[train-progress] epoch=2 [#######################-] 875/900  97.2% loss=0.34576 jepa=0.24951 hard=0.88079 hard_red=0.02720 oracle=0.46409 rank=0.37958 value=0.57268 cand=2.78605 pairs=307.5
[train-progress] epoch=2 [########################] 900/900 100.0% loss=0.34715 jepa=0.25104 hard=0.88384 hard_red=0.02733 oracle=0.46150 rank=0.37382 value=0.57256 cand=2.77802 pairs=307.4
[train] epoch=2 horizon=2 train_loss=0.347152 val_loss=0.125256 train_steps=900
[train-progress] epoch=3 [------------------------] 1/900   0.1% loss=0.31132 jepa=0.24820 hard=0.41196 hard_red=0.00016 oracle=0.90023 rank=0.25817 value=0.44892 cand=2.96111 pairs=169.0
[train-progress] epoch=3 [------------------------] 25/900   2.8% loss=0.94699 jepa=0.29257 hard=0.78064 hard_red=0.03261 oracle=0.78635 rank=0.18728 value=0.63281 cand=2.63212 pairs=325.6
[train-progress] epoch=3 [#-----------------------] 50/900   5.6% loss=0.73555 jepa=0.29672 hard=0.78794 hard_red=0.02232 oracle=0.77874 rank=0.18705 value=0.62421 cand=2.60357 pairs=322.5
[train-progress] epoch=3 [##----------------------] 75/900   8.3% loss=0.62149 jepa=0.29052 hard=0.86591 hard_red=0.02576 oracle=0.78024 rank=0.19250 value=0.60647 cand=2.60043 pairs=314.3
[train-progress] epoch=3 [##----------------------] 100/900  11.1% loss=0.61112 jepa=0.30158 hard=0.86549 hard_red=0.02956 oracle=0.77248 rank=0.18404 value=0.57649 cand=2.59278 pairs=311.7
[train-progress] epoch=3 [###---------------------] 125/900  13.9% loss=0.59384 jepa=0.29960 hard=0.87962 hard_red=0.02947 oracle=0.76781 rank=0.17939 value=0.59286 cand=2.58170 pairs=309.9
[train-progress] epoch=3 [####--------------------] 150/900  16.7% loss=0.53962 jepa=0.29443 hard=0.88960 hard_red=0.03323 oracle=0.75922 rank=0.17785 value=0.60360 cand=2.54903 pairs=310.6
[train-progress] epoch=3 [####--------------------] 175/900  19.4% loss=0.49455 jepa=0.28945 hard=0.89312 hard_red=0.02973 oracle=0.75890 rank=0.17216 value=0.60014 cand=2.56084 pairs=311.1
[train-progress] epoch=3 [#####-------------------] 200/900  22.2% loss=0.51754 jepa=0.28728 hard=0.89705 hard_red=0.03189 oracle=0.75514 rank=0.17001 value=0.59912 cand=2.55069 pairs=309.7
[train-progress] epoch=3 [######------------------] 225/900  25.0% loss=0.50261 jepa=0.28827 hard=0.88653 hard_red=0.03043 oracle=0.75384 rank=0.16753 value=0.59432 cand=2.55172 pairs=310.9
[train-progress] epoch=3 [######------------------] 250/900  27.8% loss=0.48233 jepa=0.29067 hard=0.88370 hard_red=0.02894 oracle=0.75273 rank=0.16547 value=0.58552 cand=2.55319 pairs=311.0
[train-progress] epoch=3 [#######-----------------] 275/900  30.6% loss=0.46694 jepa=0.29115 hard=0.89084 hard_red=0.02844 oracle=0.75046 rank=0.16380 value=0.58882 cand=2.54725 pairs=311.6
[train-progress] epoch=3 [########----------------] 300/900  33.3% loss=0.48881 jepa=0.29235 hard=0.89040 hard_red=0.02934 oracle=0.75019 rank=0.16217 value=0.58978 cand=2.54963 pairs=310.1
[train-progress] epoch=3 [########----------------] 325/900  36.1% loss=0.47922 jepa=0.29097 hard=0.89069 hard_red=0.02963 oracle=0.74627 rank=0.15871 value=0.58549 cand=2.54223 pairs=310.5
[train-progress] epoch=3 [#########---------------] 350/900  38.9% loss=0.49159 jepa=0.29270 hard=0.88607 hard_red=0.02937 oracle=0.74290 rank=0.15617 value=0.58846 cand=2.53388 pairs=311.8
[train-progress] epoch=3 [##########--------------] 375/900  41.7% loss=0.48882 jepa=0.29200 hard=0.88560 hard_red=0.03007 oracle=0.74283 rank=0.15453 value=0.58777 cand=2.53731 pairs=312.1
[train-progress] epoch=3 [##########--------------] 400/900  44.4% loss=0.48189 jepa=0.29335 hard=0.88321 hard_red=0.03019 oracle=0.74066 rank=0.15253 value=0.58708 cand=2.53315 pairs=310.8
[train-progress] epoch=3 [###########-------------] 425/900  47.2% loss=0.49384 jepa=0.29229 hard=0.87882 hard_red=0.03011 oracle=0.74098 rank=0.15186 value=0.58342 cand=2.53648 pairs=310.4
[train-progress] epoch=3 [############------------] 450/900  50.0% loss=0.48882 jepa=0.29241 hard=0.88125 hard_red=0.03066 oracle=0.73858 rank=0.15022 value=0.58628 cand=2.53003 pairs=310.4
[train-progress] epoch=3 [############------------] 475/900  52.8% loss=0.47758 jepa=0.29340 hard=0.88085 hard_red=0.03012 oracle=0.73843 rank=0.14892 value=0.58132 cand=2.53308 pairs=310.2
[train-progress] epoch=3 [#############-----------] 500/900  55.6% loss=0.47342 jepa=0.29351 hard=0.87890 hard_red=0.02995 oracle=0.73644 rank=0.14752 value=0.57808 cand=2.52873 pairs=309.9
[train-progress] epoch=3 [##############----------] 525/900  58.3% loss=0.46541 jepa=0.29379 hard=0.87724 hard_red=0.03036 oracle=0.73411 rank=0.14622 value=0.58169 cand=2.52166 pairs=310.6
[train-progress] epoch=3 [##############----------] 550/900  61.1% loss=0.45936 jepa=0.29464 hard=0.87331 hard_red=0.02958 oracle=0.73093 rank=0.14379 value=0.58246 cand=2.51419 pairs=311.1
[train-progress] epoch=3 [###############---------] 575/900  63.9% loss=0.45420 jepa=0.29428 hard=0.87916 hard_red=0.02948 oracle=0.73036 rank=0.14285 value=0.57897 cand=2.51454 pairs=311.3
[train-progress] epoch=3 [################--------] 600/900  66.7% loss=0.45227 jepa=0.29530 hard=0.88211 hard_red=0.02963 oracle=0.72909 rank=0.14123 value=0.58273 cand=2.51243 pairs=310.7
[train-progress] epoch=3 [################--------] 625/900  69.4% loss=0.45127 jepa=0.29700 hard=0.88309 hard_red=0.02968 oracle=0.72836 rank=0.13968 value=0.58293 cand=2.51285 pairs=310.7
[train-progress] epoch=3 [#################-------] 650/900  72.2% loss=0.46205 jepa=0.29752 hard=0.87994 hard_red=0.03001 oracle=0.72707 rank=0.13882 value=0.58249 cand=2.50968 pairs=310.6
[train-progress] epoch=3 [##################------] 675/900  75.0% loss=0.45806 jepa=0.29769 hard=0.88135 hard_red=0.03022 oracle=0.72525 rank=0.13752 value=0.58234 cand=2.50527 pairs=310.4
[train-progress] epoch=3 [##################------] 700/900  77.8% loss=0.45018 jepa=0.29663 hard=0.88675 hard_red=0.03029 oracle=0.72436 rank=0.13665 value=0.57771 cand=2.50438 pairs=310.5
[train-progress] epoch=3 [###################-----] 725/900  80.6% loss=0.44370 jepa=0.29587 hard=0.88916 hard_red=0.02963 oracle=0.72373 rank=0.13560 value=0.57544 cand=2.50453 pairs=310.3
[train-progress] epoch=3 [####################----] 750/900  83.3% loss=0.43974 jepa=0.29635 hard=0.88679 hard_red=0.02950 oracle=0.72298 rank=0.13461 value=0.57450 cand=2.50386 pairs=310.2
[train-progress] epoch=3 [####################----] 775/900  86.1% loss=0.44224 jepa=0.29606 hard=0.88295 hard_red=0.02914 oracle=0.72157 rank=0.13313 value=0.57139 cand=2.50199 pairs=310.0
[train-progress] epoch=3 [#####################---] 800/900  88.9% loss=0.43801 jepa=0.29508 hard=0.88462 hard_red=0.02872 oracle=0.72036 rank=0.13231 value=0.57114 cand=2.49896 pairs=309.8
[train-progress] epoch=3 [######################--] 825/900  91.7% loss=0.43360 jepa=0.29438 hard=0.88579 hard_red=0.02862 oracle=0.71958 rank=0.13089 value=0.57115 cand=2.49897 pairs=309.5
[train-progress] epoch=3 [######################--] 850/900  94.4% loss=0.43075 jepa=0.29399 hard=0.88742 hard_red=0.02861 oracle=0.71830 rank=0.12965 value=0.57119 cand=2.49660 pairs=309.4
[train-progress] epoch=3 [#######################-] 875/900  97.2% loss=0.42855 jepa=0.29446 hard=0.88720 hard_red=0.02858 oracle=0.71765 rank=0.12884 value=0.56947 cand=2.49604 pairs=309.3
[train-progress] epoch=3 [########################] 900/900 100.0% loss=0.42392 jepa=0.29421 hard=0.88802 hard_red=0.02846 oracle=0.71677 rank=0.12796 value=0.56793 cand=2.49469 pairs=309.4
[train] epoch=3 horizon=2 train_loss=0.423925 val_loss=0.153491 train_steps=900
[train-progress] epoch=4 [------------------------] 1/900   0.1% loss=0.35318 jepa=0.38237 hard=0.11195 hard_red=0.09425 oracle=0.44901 rank=0.03954 value=0.58327 cand=1.61573 pairs=359.0
[train-progress] epoch=4 [------------------------] 25/900   2.8% loss=0.36348 jepa=0.32501 hard=0.76813 hard_red=0.03520 oracle=0.66735 rank=0.08615 value=0.56716 cand=2.38912 pairs=318.3
[train-progress] epoch=4 [#-----------------------] 50/900   5.6% loss=0.40812 jepa=0.32692 hard=0.85531 hard_red=0.03902 oracle=0.66854 rank=0.09011 value=0.52062 cand=2.39264 pairs=312.1
[train-progress] epoch=4 [##----------------------] 75/900   8.3% loss=0.41673 jepa=0.32006 hard=0.88425 hard_red=0.03547 oracle=0.67483 rank=0.08823 value=0.50459 cand=2.42449 pairs=307.6
[train-progress] epoch=4 [##----------------------] 100/900  11.1% loss=0.41250 jepa=0.31828 hard=0.87024 hard_red=0.03113 oracle=0.67533 rank=0.08952 value=0.50457 cand=2.42364 pairs=309.1
[train-progress] epoch=4 [###---------------------] 125/900  13.9% loss=0.39369 jepa=0.31754 hard=0.86337 hard_red=0.03082 oracle=0.67769 rank=0.09091 value=0.50322 cand=2.43023 pairs=309.4
[train-progress] epoch=4 [####--------------------] 150/900  16.7% loss=0.36135 jepa=0.31244 hard=0.84856 hard_red=0.02870 oracle=0.67636 rank=0.09139 value=0.50186 cand=2.42407 pairs=311.9
[train-progress] epoch=4 [####--------------------] 175/900  19.4% loss=0.37128 jepa=0.31672 hard=0.85251 hard_red=0.02808 oracle=0.67122 rank=0.08991 value=0.51286 cand=2.40504 pairs=311.4
[train-progress] epoch=4 [#####-------------------] 200/900  22.2% loss=0.38018 jepa=0.31835 hard=0.85140 hard_red=0.03031 oracle=0.67051 rank=0.08911 value=0.51659 cand=2.40335 pairs=310.3
[train-progress] epoch=4 [######------------------] 225/900  25.0% loss=0.36042 jepa=0.31634 hard=0.85542 hard_red=0.02767 oracle=0.67236 rank=0.09019 value=0.51856 cand=2.40806 pairs=312.2
[train-progress] epoch=4 [######------------------] 250/900  27.8% loss=0.39953 jepa=0.31454 hard=0.86238 hard_red=0.02718 oracle=0.67149 rank=0.08864 value=0.52158 cand=2.40751 pairs=311.4
[train-progress] epoch=4 [#######-----------------] 275/900  30.6% loss=0.39291 jepa=0.31317 hard=0.86567 hard_red=0.02635 oracle=0.66900 rank=0.08768 value=0.51627 cand=2.40050 pairs=312.2
[train-progress] epoch=4 [########----------------] 300/900  33.3% loss=0.38664 jepa=0.31232 hard=0.86829 hard_red=0.02663 oracle=0.66462 rank=0.08665 value=0.51912 cand=2.38479 pairs=312.1
[train-progress] epoch=4 [########----------------] 325/900  36.1% loss=0.39475 jepa=0.31741 hard=0.86053 hard_red=0.02649 oracle=0.66645 rank=0.08636 value=0.51643 cand=2.39319 pairs=309.6
[train-progress] epoch=4 [#########---------------] 350/900  38.9% loss=0.38946 jepa=0.31681 hard=0.86582 hard_red=0.02725 oracle=0.66639 rank=0.08625 value=0.50959 cand=2.39426 pairs=309.2
[train-progress] epoch=4 [##########--------------] 375/900  41.7% loss=0.38626 jepa=0.31647 hard=0.86968 hard_red=0.02731 oracle=0.66422 rank=0.08551 value=0.51251 cand=2.38676 pairs=308.6
[train-progress] epoch=4 [##########--------------] 400/900  44.4% loss=0.38049 jepa=0.31537 hard=0.87310 hard_red=0.02662 oracle=0.66436 rank=0.08540 value=0.51268 cand=2.38753 pairs=308.4
[train-progress] epoch=4 [###########-------------] 425/900  47.2% loss=0.37649 jepa=0.31512 hard=0.86829 hard_red=0.02593 oracle=0.66258 rank=0.08407 value=0.50966 cand=2.38381 pairs=308.9
[train-progress] epoch=4 [############------------] 450/900  50.0% loss=0.39460 jepa=0.31655 hard=0.87144 hard_red=0.02675 oracle=0.66356 rank=0.08378 value=0.50867 cand=2.38856 pairs=309.9
[train-progress] epoch=4 [############------------] 475/900  52.8% loss=0.39451 jepa=0.31760 hard=0.87198 hard_red=0.02633 oracle=0.66309 rank=0.08372 value=0.50935 cand=2.38668 pairs=309.8
[train-progress] epoch=4 [#############-----------] 500/900  55.6% loss=0.39460 jepa=0.31817 hard=0.87023 hard_red=0.02681 oracle=0.66221 rank=0.08325 value=0.51260 cand=2.38368 pairs=310.5
[train-progress] epoch=4 [##############----------] 525/900  58.3% loss=0.41524 jepa=0.32024 hard=0.86673 hard_red=0.02742 oracle=0.66116 rank=0.08263 value=0.51213 cand=2.38091 pairs=309.9
[train-progress] epoch=4 [##############----------] 550/900  61.1% loss=0.41294 jepa=0.32263 hard=0.86741 hard_red=0.02713 oracle=0.66115 rank=0.08252 value=0.51415 cand=2.38080 pairs=309.2
[train-progress] epoch=4 [###############---------] 575/900  63.9% loss=0.40375 jepa=0.32182 hard=0.86864 hard_red=0.02649 oracle=0.66165 rank=0.08242 value=0.51571 cand=2.38275 pairs=309.5
[train-progress] epoch=4 [################--------] 600/900  66.7% loss=0.39696 jepa=0.31960 hard=0.86894 hard_red=0.02587 oracle=0.66279 rank=0.08252 value=0.51594 cand=2.38707 pairs=310.4
[train-progress] epoch=4 [################--------] 625/900  69.4% loss=0.39522 jepa=0.31911 hard=0.86742 hard_red=0.02599 oracle=0.66261 rank=0.08195 value=0.51624 cand=2.38757 pairs=309.7
[train-progress] epoch=4 [#################-------] 650/900  72.2% loss=0.38987 jepa=0.31766 hard=0.87321 hard_red=0.02573 oracle=0.66220 rank=0.08131 value=0.51423 cand=2.38765 pairs=310.0
[train-progress] epoch=4 [##################------] 675/900  75.0% loss=0.39246 jepa=0.31852 hard=0.87020 hard_red=0.02575 oracle=0.66104 rank=0.08081 value=0.51220 cand=2.38443 pairs=310.1
[train-progress] epoch=4 [##################------] 700/900  77.8% loss=0.38802 jepa=0.31828 hard=0.87025 hard_red=0.02552 oracle=0.66069 rank=0.08041 value=0.51544 cand=2.38341 pairs=310.3
[train-progress] epoch=4 [###################-----] 725/900  80.6% loss=0.39403 jepa=0.31905 hard=0.86689 hard_red=0.02533 oracle=0.66041 rank=0.08038 value=0.51523 cand=2.38237 pairs=310.3
[train-progress] epoch=4 [####################----] 750/900  83.3% loss=0.39227 jepa=0.31830 hard=0.87153 hard_red=0.02556 oracle=0.65932 rank=0.07972 value=0.51575 cand=2.37936 pairs=309.3
[train-progress] epoch=4 [####################----] 775/900  86.1% loss=0.39573 jepa=0.32000 hard=0.86958 hard_red=0.02558 oracle=0.65830 rank=0.07938 value=0.51629 cand=2.37597 pairs=309.7
[train-progress] epoch=4 [#####################---] 800/900  88.9% loss=0.39371 jepa=0.31999 hard=0.87099 hard_red=0.02582 oracle=0.65836 rank=0.07915 value=0.51544 cand=2.37685 pairs=309.0
[train-progress] epoch=4 [######################--] 825/900  91.7% loss=0.39174 jepa=0.31890 hard=0.87197 hard_red=0.02555 oracle=0.65831 rank=0.07873 value=0.51487 cand=2.37763 pairs=308.9
[train-progress] epoch=4 [######################--] 850/900  94.4% loss=0.38593 jepa=0.31752 hard=0.87219 hard_red=0.02518 oracle=0.65783 rank=0.07825 value=0.51569 cand=2.37666 pairs=309.0
[train-progress] epoch=4 [#######################-] 875/900  97.2% loss=0.38461 jepa=0.31726 hard=0.87299 hard_red=0.02514 oracle=0.65750 rank=0.07794 value=0.51566 cand=2.37604 pairs=309.0
[train-progress] epoch=4 [########################] 900/900 100.0% loss=0.39468 jepa=0.31721 hard=0.87469 hard_red=0.02534 oracle=0.65749 rank=0.07785 value=0.51454 cand=2.37635 pairs=308.6
[train] epoch=4 horizon=3 train_loss=0.394685 val_loss=0.116815 train_steps=900
[train-progress] epoch=5 [------------------------] 1/900   0.1% loss=0.17384 jepa=0.30835 hard=0.95017 hard_red=0.00463 oracle=0.68828 rank=0.13787 value=0.71637 cand=2.33518 pairs=388.0
[train-progress] epoch=5 [------------------------] 25/900   2.8% loss=0.29601 jepa=0.30304 hard=0.89717 hard_red=0.01560 oracle=0.68397 rank=0.08303 value=0.46937 cand=2.47810 pairs=311.0
[train-progress] epoch=5 [#-----------------------] 50/900   5.6% loss=0.27622 jepa=0.30121 hard=0.83778 hard_red=0.01124 oracle=0.65716 rank=0.07484 value=0.49219 cand=2.38526 pairs=311.0
[train-progress] epoch=5 [##----------------------] 75/900   8.3% loss=0.41034 jepa=0.31567 hard=0.84236 hard_red=0.01716 oracle=0.65514 rank=0.07125 value=0.49227 cand=2.38507 pairs=311.7
[train-progress] epoch=5 [##----------------------] 100/900  11.1% loss=0.42899 jepa=0.31502 hard=0.86224 hard_red=0.02048 oracle=0.65411 rank=0.06962 value=0.49651 cand=2.38383 pairs=314.6
[train-progress] epoch=5 [###---------------------] 125/900  13.9% loss=0.39923 jepa=0.31475 hard=0.87557 hard_red=0.02375 oracle=0.65560 rank=0.06935 value=0.48597 cand=2.39207 pairs=312.9
[train-progress] epoch=5 [####--------------------] 150/900  16.7% loss=0.43174 jepa=0.31353 hard=0.87454 hard_red=0.02429 oracle=0.65809 rank=0.06779 value=0.48453 cand=2.40572 pairs=309.1
[train-progress] epoch=5 [####--------------------] 175/900  19.4% loss=0.43073 jepa=0.31220 hard=0.87608 hard_red=0.02407 oracle=0.65557 rank=0.06794 value=0.49413 cand=2.39374 pairs=310.8
[train-progress] epoch=5 [#####-------------------] 200/900  22.2% loss=0.40640 jepa=0.30919 hard=0.88582 hard_red=0.02326 oracle=0.65333 rank=0.06819 value=0.48881 cand=2.38509 pairs=310.7
[train-progress] epoch=5 [######------------------] 225/900  25.0% loss=0.41938 jepa=0.31130 hard=0.88004 hard_red=0.02220 oracle=0.65365 rank=0.06779 value=0.48288 cand=2.38821 pairs=309.9
[train-progress] epoch=5 [######------------------] 250/900  27.8% loss=0.41598 jepa=0.31322 hard=0.86219 hard_red=0.02233 oracle=0.65387 rank=0.06754 value=0.48815 cand=2.38878 pairs=309.8
[train-progress] epoch=5 [#######-----------------] 275/900  30.6% loss=0.41313 jepa=0.31677 hard=0.86171 hard_red=0.02353 oracle=0.64964 rank=0.06660 value=0.49171 cand=2.37338 pairs=308.3
[train-progress] epoch=5 [########----------------] 300/900  33.3% loss=0.40215 jepa=0.31679 hard=0.85338 hard_red=0.02201 oracle=0.64885 rank=0.06659 value=0.48885 cand=2.37067 pairs=309.5
[train-progress] epoch=5 [########----------------] 325/900  36.1% loss=0.39440 jepa=0.31509 hard=0.85906 hard_red=0.02187 oracle=0.64678 rank=0.06621 value=0.48862 cand=2.36328 pairs=310.5
[train-progress] epoch=5 [#########---------------] 350/900  38.9% loss=0.38621 jepa=0.31331 hard=0.86097 hard_red=0.02208 oracle=0.64732 rank=0.06607 value=0.48957 cand=2.36559 pairs=310.9
[train-progress] epoch=5 [##########--------------] 375/900  41.7% loss=0.38480 jepa=0.31260 hard=0.85855 hard_red=0.02256 oracle=0.64939 rank=0.06622 value=0.48991 cand=2.37350 pairs=311.2
[train-progress] epoch=5 [##########--------------] 400/900  44.4% loss=0.37940 jepa=0.31256 hard=0.84826 hard_red=0.02240 oracle=0.64964 rank=0.06582 value=0.48934 cand=2.37545 pairs=310.7
[train-progress] epoch=5 [###########-------------] 425/900  47.2% loss=0.36783 jepa=0.31052 hard=0.85132 hard_red=0.02183 oracle=0.64993 rank=0.06584 value=0.48583 cand=2.37715 pairs=309.5
[train-progress] epoch=5 [############------------] 450/900  50.0% loss=0.36537 jepa=0.31061 hard=0.84805 hard_red=0.02188 oracle=0.64760 rank=0.06526 value=0.48794 cand=2.36875 pairs=309.7
[train-progress] epoch=5 [############------------] 475/900  52.8% loss=0.37429 jepa=0.31169 hard=0.84766 hard_red=0.02240 oracle=0.64713 rank=0.06487 value=0.48562 cand=2.36809 pairs=309.8
[train-progress] epoch=5 [#############-----------] 500/900  55.6% loss=0.37652 jepa=0.31104 hard=0.84562 hard_red=0.02237 oracle=0.64530 rank=0.06456 value=0.48654 cand=2.36132 pairs=309.7
[train-progress] epoch=5 [##############----------] 525/900  58.3% loss=0.37445 jepa=0.31177 hard=0.84615 hard_red=0.02257 oracle=0.64577 rank=0.06457 value=0.48179 cand=2.36394 pairs=309.9
[train-progress] epoch=5 [##############----------] 550/900  61.1% loss=0.37440 jepa=0.31108 hard=0.84938 hard_red=0.02392 oracle=0.64629 rank=0.06463 value=0.47933 cand=2.36629 pairs=309.6
[train-progress] epoch=5 [###############---------] 575/900  63.9% loss=0.38988 jepa=0.31176 hard=0.84567 hard_red=0.02426 oracle=0.64709 rank=0.06476 value=0.47660 cand=2.36964 pairs=309.4
[train-progress] epoch=5 [################--------] 600/900  66.7% loss=0.38546 jepa=0.31235 hard=0.83992 hard_red=0.02441 oracle=0.64590 rank=0.06450 value=0.47638 cand=2.36549 pairs=309.4
[train-progress] epoch=5 [################--------] 625/900  69.4% loss=0.38550 jepa=0.31230 hard=0.84143 hard_red=0.02446 oracle=0.64607 rank=0.06461 value=0.47558 cand=2.36604 pairs=309.9
[train-progress] epoch=5 [#################-------] 650/900  72.2% loss=0.39243 jepa=0.31302 hard=0.84053 hard_red=0.02486 oracle=0.64612 rank=0.06440 value=0.47321 cand=2.36707 pairs=309.1
[train-progress] epoch=5 [##################------] 675/900  75.0% loss=0.40081 jepa=0.31283 hard=0.84760 hard_red=0.02510 oracle=0.64598 rank=0.06460 value=0.47155 cand=2.36635 pairs=309.4
[train-progress] epoch=5 [##################------] 700/900  77.8% loss=0.39642 jepa=0.31195 hard=0.84637 hard_red=0.02467 oracle=0.64669 rank=0.06443 value=0.47016 cand=2.36980 pairs=308.9
[train-progress] epoch=5 [###################-----] 725/900  80.6% loss=0.39375 jepa=0.31185 hard=0.84668 hard_red=0.02471 oracle=0.64620 rank=0.06428 value=0.47047 cand=2.36811 pairs=308.9
[train-progress] epoch=5 [####################----] 750/900  83.3% loss=0.39051 jepa=0.31203 hard=0.84649 hard_red=0.02453 oracle=0.64591 rank=0.06437 value=0.46810 cand=2.36715 pairs=308.4
[train-progress] epoch=5 [####################----] 775/900  86.1% loss=0.39627 jepa=0.31266 hard=0.84425 hard_red=0.02455 oracle=0.64550 rank=0.06418 value=0.46574 cand=2.36628 pairs=308.5
[train-progress] epoch=5 [#####################---] 800/900  88.9% loss=0.39234 jepa=0.31304 hard=0.84488 hard_red=0.02411 oracle=0.64379 rank=0.06396 value=0.46817 cand=2.35954 pairs=309.3
[train-progress] epoch=5 [######################--] 825/900  91.7% loss=0.39212 jepa=0.31294 hard=0.84756 hard_red=0.02398 oracle=0.64372 rank=0.06381 value=0.46590 cand=2.35996 pairs=309.6
[train-progress] epoch=5 [######################--] 850/900  94.4% loss=0.39479 jepa=0.31275 hard=0.84145 hard_red=0.02399 oracle=0.64293 rank=0.06337 value=0.46571 cand=2.35778 pairs=309.9
[train-progress] epoch=5 [#######################-] 875/900  97.2% loss=0.40120 jepa=0.31305 hard=0.83726 hard_red=0.02404 oracle=0.64239 rank=0.06320 value=0.46881 cand=2.35552 pairs=310.5
[train-progress] epoch=5 [########################] 900/900 100.0% loss=0.41003 jepa=0.31371 hard=0.83519 hard_red=0.02460 oracle=0.64259 rank=0.06307 value=0.46909 cand=2.35655 pairs=310.5
[train] epoch=5 horizon=3 train_loss=0.410033 val_loss=0.143822 train_steps=900
[train-progress] epoch=6 [------------------------] 1/900   0.1% loss=0.22812 jepa=0.31645 hard=1.09611 hard_red=0.04912 oracle=0.57625 rank=0.02433 value=0.56586 cand=2.16092 pairs=309.0
[train-progress] epoch=6 [------------------------] 25/900   2.8% loss=0.71049 jepa=0.33930 hard=0.82914 hard_red=0.02749 oracle=0.63632 rank=0.05991 value=0.48375 cand=2.33608 pairs=322.9
[train-progress] epoch=6 [#-----------------------] 50/900   5.6% loss=0.66288 jepa=0.35372 hard=0.84247 hard_red=0.02567 oracle=0.61742 rank=0.05733 value=0.53413 cand=2.25809 pairs=331.4
[train-progress] epoch=6 [##----------------------] 75/900   8.3% loss=0.62326 jepa=0.35077 hard=0.83061 hard_red=0.02791 oracle=0.61952 rank=0.05650 value=0.48790 cand=2.27573 pairs=324.1
[train-progress] epoch=6 [##----------------------] 100/900  11.1% loss=0.53198 jepa=0.34695 hard=0.85114 hard_red=0.02787 oracle=0.62035 rank=0.05612 value=0.48477 cand=2.28037 pairs=325.6
[train-progress] epoch=6 [###---------------------] 125/900  13.9% loss=0.47662 jepa=0.34266 hard=0.85667 hard_red=0.02431 oracle=0.62259 rank=0.05660 value=0.48332 cand=2.28850 pairs=322.6
[train-progress] epoch=6 [####--------------------] 150/900  16.7% loss=0.46821 jepa=0.34088 hard=0.84913 hard_red=0.02549 oracle=0.62238 rank=0.05675 value=0.47422 cand=2.28880 pairs=320.8
[train-progress] epoch=6 [####--------------------] 175/900  19.4% loss=0.47513 jepa=0.33622 hard=0.85615 hard_red=0.02530 oracle=0.62331 rank=0.05634 value=0.47547 cand=2.29322 pairs=322.0
[train-progress] epoch=6 [#####-------------------] 200/900  22.2% loss=0.49997 jepa=0.33848 hard=0.85031 hard_red=0.02553 oracle=0.62313 rank=0.05628 value=0.47342 cand=2.29296 pairs=319.5
[train-progress] epoch=6 [######------------------] 225/900  25.0% loss=0.48748 jepa=0.33653 hard=0.84801 hard_red=0.02685 oracle=0.62219 rank=0.05586 value=0.47454 cand=2.28996 pairs=317.5
[train-progress] epoch=6 [######------------------] 250/900  27.8% loss=0.47918 jepa=0.33610 hard=0.84813 hard_red=0.02728 oracle=0.62078 rank=0.05572 value=0.46890 cand=2.28548 pairs=318.1
[train-progress] epoch=6 [#######-----------------] 275/900  30.6% loss=0.46352 jepa=0.33670 hard=0.85960 hard_red=0.02817 oracle=0.62412 rank=0.05580 value=0.46687 cand=2.29903 pairs=315.3
[train-progress] epoch=6 [########----------------] 300/900  33.3% loss=0.45655 jepa=0.33857 hard=0.85839 hard_red=0.02789 oracle=0.62637 rank=0.05600 value=0.46058 cand=2.30858 pairs=315.0
[train-progress] epoch=6 [########----------------] 325/900  36.1% loss=0.44053 jepa=0.33874 hard=0.86154 hard_red=0.02771 oracle=0.62561 rank=0.05585 value=0.45458 cand=2.30683 pairs=315.3
[train-progress] epoch=6 [#########---------------] 350/900  38.9% loss=0.47161 jepa=0.34498 hard=0.85514 hard_red=0.02751 oracle=0.62701 rank=0.05517 value=0.45421 cand=2.31398 pairs=314.6
[train-progress] epoch=6 [##########--------------] 375/900  41.7% loss=0.47745 jepa=0.34501 hard=0.85803 hard_red=0.02827 oracle=0.62478 rank=0.05530 value=0.45671 cand=2.30438 pairs=314.4
[train-progress] epoch=6 [##########--------------] 400/900  44.4% loss=0.50023 jepa=0.34755 hard=0.85197 hard_red=0.02764 oracle=0.62694 rank=0.05537 value=0.45618 cand=2.31296 pairs=313.9
[train-progress] epoch=6 [###########-------------] 425/900  47.2% loss=0.49301 jepa=0.34882 hard=0.85799 hard_red=0.02784 oracle=0.62665 rank=0.05538 value=0.45747 cand=2.31154 pairs=314.0
[train-progress] epoch=6 [############------------] 450/900  50.0% loss=0.50043 jepa=0.34814 hard=0.85377 hard_red=0.02789 oracle=0.62622 rank=0.05520 value=0.46005 cand=2.30983 pairs=313.7
[train-progress] epoch=6 [############------------] 475/900  52.8% loss=0.48819 jepa=0.34624 hard=0.85745 hard_red=0.02770 oracle=0.62461 rank=0.05496 value=0.45935 cand=2.30401 pairs=313.3
[train-progress] epoch=6 [#############-----------] 500/900  55.6% loss=0.48786 jepa=0.34680 hard=0.85839 hard_red=0.02755 oracle=0.62706 rank=0.05529 value=0.45599 cand=2.31364 pairs=312.5
[train-progress] epoch=6 [##############----------] 525/900  58.3% loss=0.47913 jepa=0.34544 hard=0.85389 hard_red=0.02679 oracle=0.62582 rank=0.05485 value=0.45264 cand=2.31016 pairs=312.1
[train-progress] epoch=6 [##############----------] 550/900  61.1% loss=0.47184 jepa=0.34412 hard=0.85830 hard_red=0.02719 oracle=0.62631 rank=0.05522 value=0.45003 cand=2.31177 pairs=311.8
[train-progress] epoch=6 [###############---------] 575/900  63.9% loss=0.47307 jepa=0.34359 hard=0.85518 hard_red=0.02664 oracle=0.62536 rank=0.05516 value=0.45092 cand=2.30796 pairs=312.2
[train-progress] epoch=6 [################--------] 600/900  66.7% loss=0.46579 jepa=0.34181 hard=0.85619 hard_red=0.02646 oracle=0.62660 rank=0.05509 value=0.44656 cand=2.31375 pairs=311.2
[train-progress] epoch=6 [################--------] 625/900  69.4% loss=0.45973 jepa=0.34003 hard=0.85895 hard_red=0.02665 oracle=0.62540 rank=0.05478 value=0.44672 cand=2.30960 pairs=312.1
[train-progress] epoch=6 [#################-------] 650/900  72.2% loss=0.45099 jepa=0.33829 hard=0.85871 hard_red=0.02671 oracle=0.62682 rank=0.05478 value=0.44534 cand=2.31551 pairs=312.7
[train-progress] epoch=6 [##################------] 675/900  75.0% loss=0.44966 jepa=0.33679 hard=0.85672 hard_red=0.02642 oracle=0.62732 rank=0.05467 value=0.44685 cand=2.31752 pairs=312.1
[train-progress] epoch=6 [##################------] 700/900  77.8% loss=0.45404 jepa=0.33684 hard=0.85908 hard_red=0.02649 oracle=0.62628 rank=0.05450 value=0.44748 cand=2.31362 pairs=311.7
[train-progress] epoch=6 [###################-----] 725/900  80.6% loss=0.45830 jepa=0.33655 hard=0.85632 hard_red=0.02637 oracle=0.62654 rank=0.05481 value=0.44630 cand=2.31418 pairs=311.5
[train-progress] epoch=6 [####################----] 750/900  83.3% loss=0.46451 jepa=0.33822 hard=0.85880 hard_red=0.02706 oracle=0.62616 rank=0.05467 value=0.44735 cand=2.31281 pairs=311.5
[train-progress] epoch=6 [####################----] 775/900  86.1% loss=0.45964 jepa=0.33830 hard=0.85827 hard_red=0.02713 oracle=0.62599 rank=0.05450 value=0.44733 cand=2.31246 pairs=311.8
[train-progress] epoch=6 [#####################---] 800/900  88.9% loss=0.45593 jepa=0.33798 hard=0.85272 hard_red=0.02678 oracle=0.62622 rank=0.05453 value=0.44622 cand=2.31352 pairs=311.3
[train-progress] epoch=6 [######################--] 825/900  91.7% loss=0.45479 jepa=0.33677 hard=0.84890 hard_red=0.02646 oracle=0.62653 rank=0.05437 value=0.44528 cand=2.31527 pairs=311.0
[train-progress] epoch=6 [######################--] 850/900  94.4% loss=0.45183 jepa=0.33667 hard=0.84452 hard_red=0.02618 oracle=0.62731 rank=0.05444 value=0.44325 cand=2.31856 pairs=311.4
[train-progress] epoch=6 [#######################-] 875/900  97.2% loss=0.44566 jepa=0.33577 hard=0.84392 hard_red=0.02594 oracle=0.62686 rank=0.05420 value=0.44107 cand=2.31763 pairs=311.7
[train-progress] epoch=6 [########################] 900/900 100.0% loss=0.44314 jepa=0.33552 hard=0.84535 hard_red=0.02623 oracle=0.62715 rank=0.05403 value=0.43957 cand=2.31940 pairs=311.6
[train] epoch=6 horizon=4 train_loss=0.443141 val_loss=0.108196 train_steps=900
[train-progress] epoch=7 [------------------------] 1/900   0.1% loss=1.01446 jepa=0.39024 hard=0.64838 hard_red=0.02115 oracle=0.78828 rank=0.05328 value=0.25778 cand=2.99464 pairs=346.0
[train-progress] epoch=7 [------------------------] 25/900   2.8% loss=0.63561 jepa=0.39825 hard=0.76244 hard_red=0.03732 oracle=0.65399 rank=0.06001 value=0.45830 cand=2.41059 pairs=304.5
[train-progress] epoch=7 [#-----------------------] 50/900   5.6% loss=0.61987 jepa=0.41510 hard=0.81955 hard_red=0.03048 oracle=0.63832 rank=0.05618 value=0.44226 cand=2.35890 pairs=304.8
[train-progress] epoch=7 [##----------------------] 75/900   8.3% loss=0.52186 jepa=0.37592 hard=0.83470 hard_red=0.02629 oracle=0.63394 rank=0.05450 value=0.40524 cand=2.35103 pairs=306.3
[train-progress] epoch=7 [##----------------------] 100/900  11.1% loss=0.67160 jepa=0.39287 hard=0.79949 hard_red=0.02690 oracle=0.62792 rank=0.05273 value=0.41428 cand=2.32940 pairs=307.8
[train-progress] epoch=7 [###---------------------] 125/900  13.9% loss=0.60482 jepa=0.37665 hard=0.83118 hard_red=0.02741 oracle=0.62578 rank=0.05370 value=0.41750 cand=2.31817 pairs=305.3
[train-progress] epoch=7 [####--------------------] 150/900  16.7% loss=0.58496 jepa=0.37927 hard=0.81576 hard_red=0.03345 oracle=0.62953 rank=0.05309 value=0.41633 cand=2.33469 pairs=308.5
[train-progress] epoch=7 [####--------------------] 175/900  19.4% loss=0.58754 jepa=0.37431 hard=0.81763 hard_red=0.03287 oracle=0.63142 rank=0.05346 value=0.42466 cand=2.34013 pairs=311.1
[train-progress] epoch=7 [#####-------------------] 200/900  22.2% loss=0.57520 jepa=0.36779 hard=0.80448 hard_red=0.03177 oracle=0.63083 rank=0.05274 value=0.42505 cand=2.33928 pairs=311.0
[train-progress] epoch=7 [######------------------] 225/900  25.0% loss=0.55776 jepa=0.36197 hard=0.80422 hard_red=0.02994 oracle=0.62850 rank=0.05294 value=0.42386 cand=2.32970 pairs=310.2
[train-progress] epoch=7 [######------------------] 250/900  27.8% loss=0.54202 jepa=0.35872 hard=0.80778 hard_red=0.03015 oracle=0.62587 rank=0.05274 value=0.42371 cand=2.31964 pairs=311.0
[train-progress] epoch=7 [#######-----------------] 275/900  30.6% loss=0.52887 jepa=0.35869 hard=0.81034 hard_red=0.02922 oracle=0.62584 rank=0.05241 value=0.42341 cand=2.32033 pairs=310.3
[train-progress] epoch=7 [########----------------] 300/900  33.3% loss=0.52523 jepa=0.35960 hard=0.81337 hard_red=0.02951 oracle=0.62478 rank=0.05219 value=0.42363 cand=2.31653 pairs=311.7
[train-progress] epoch=7 [########----------------] 325/900  36.1% loss=0.50331 jepa=0.35534 hard=0.82287 hard_red=0.02879 oracle=0.62195 rank=0.05192 value=0.42290 cand=2.30591 pairs=311.7
[train-progress] epoch=7 [#########---------------] 350/900  38.9% loss=0.50446 jepa=0.35521 hard=0.82480 hard_red=0.02904 oracle=0.62394 rank=0.05218 value=0.41713 cand=2.31423 pairs=311.3
[train-progress] epoch=7 [##########--------------] 375/900  41.7% loss=0.51501 jepa=0.35639 hard=0.82347 hard_red=0.02927 oracle=0.62285 rank=0.05180 value=0.41539 cand=2.31096 pairs=311.1
[train-progress] epoch=7 [##########--------------] 400/900  44.4% loss=0.49703 jepa=0.35334 hard=0.82545 hard_red=0.02874 oracle=0.62203 rank=0.05119 value=0.41719 cand=2.30875 pairs=311.5
[train-progress] epoch=7 [###########-------------] 425/900  47.2% loss=0.48613 jepa=0.35086 hard=0.82539 hard_red=0.02840 oracle=0.62217 rank=0.05129 value=0.41730 cand=2.30909 pairs=311.4
[train-progress] epoch=7 [############------------] 450/900  50.0% loss=0.50653 jepa=0.35272 hard=0.81957 hard_red=0.02819 oracle=0.62274 rank=0.05147 value=0.41582 cand=2.31121 pairs=312.1
[train-progress] epoch=7 [############------------] 475/900  52.8% loss=0.51708 jepa=0.35487 hard=0.81172 hard_red=0.02788 oracle=0.62403 rank=0.05153 value=0.41605 cand=2.31620 pairs=311.2
[train-progress] epoch=7 [#############-----------] 500/900  55.6% loss=0.52724 jepa=0.36094 hard=0.80892 hard_red=0.02871 oracle=0.62331 rank=0.05166 value=0.41552 cand=2.31313 pairs=311.7
[train-progress] epoch=7 [##############----------] 525/900  58.3% loss=0.52732 jepa=0.36449 hard=0.81387 hard_red=0.02842 oracle=0.62315 rank=0.05184 value=0.41586 cand=2.31202 pairs=311.6
[train-progress] epoch=7 [##############----------] 550/900  61.1% loss=0.51871 jepa=0.36295 hard=0.81366 hard_red=0.02825 oracle=0.62313 rank=0.05150 value=0.41412 cand=2.31295 pairs=310.8
[train-progress] epoch=7 [###############---------] 575/900  63.9% loss=0.50636 jepa=0.36105 hard=0.81292 hard_red=0.02772 oracle=0.62213 rank=0.05139 value=0.41448 cand=2.30915 pairs=310.3
[train-progress] epoch=7 [################--------] 600/900  66.7% loss=0.49637 jepa=0.35896 hard=0.81911 hard_red=0.02753 oracle=0.62204 rank=0.05145 value=0.41307 cand=2.30887 pairs=310.9
[train-progress] epoch=7 [################--------] 625/900  69.4% loss=0.49223 jepa=0.35739 hard=0.81920 hard_red=0.02741 oracle=0.62156 rank=0.05154 value=0.41220 cand=2.30689 pairs=310.9
[train-progress] epoch=7 [#################-------] 650/900  72.2% loss=0.49272 jepa=0.35727 hard=0.81745 hard_red=0.02720 oracle=0.62175 rank=0.05144 value=0.41172 cand=2.30796 pairs=311.1
[train-progress] epoch=7 [##################------] 675/900  75.0% loss=0.49232 jepa=0.35676 hard=0.81506 hard_red=0.02727 oracle=0.62194 rank=0.05141 value=0.41044 cand=2.30897 pairs=310.8
[train-progress] epoch=7 [##################------] 700/900  77.8% loss=0.48726 jepa=0.35557 hard=0.81450 hard_red=0.02678 oracle=0.62114 rank=0.05126 value=0.41257 cand=2.30578 pairs=310.9
[train-progress] epoch=7 [###################-----] 725/900  80.6% loss=0.49041 jepa=0.35580 hard=0.81202 hard_red=0.02719 oracle=0.62087 rank=0.05100 value=0.41093 cand=2.30552 pairs=310.5
[train-progress] epoch=7 [####################----] 750/900  83.3% loss=0.48676 jepa=0.35469 hard=0.80595 hard_red=0.02685 oracle=0.62148 rank=0.05095 value=0.40841 cand=2.30849 pairs=310.5
[train-progress] epoch=7 [####################----] 775/900  86.1% loss=0.48264 jepa=0.35341 hard=0.80817 hard_red=0.02693 oracle=0.62139 rank=0.05072 value=0.40734 cand=2.30878 pairs=310.0
[train-progress] epoch=7 [#####################---] 800/900  88.9% loss=0.48487 jepa=0.35401 hard=0.80702 hard_red=0.02659 oracle=0.62019 rank=0.05073 value=0.40663 cand=2.30408 pairs=309.9
[train-progress] epoch=7 [######################--] 825/900  91.7% loss=0.49120 jepa=0.35485 hard=0.80727 hard_red=0.02676 oracle=0.62123 rank=0.05083 value=0.40408 cand=2.30845 pairs=309.1
[train-progress] epoch=7 [######################--] 850/900  94.4% loss=0.49040 jepa=0.35359 hard=0.80481 hard_red=0.02703 oracle=0.62100 rank=0.05061 value=0.40246 cand=2.30827 pairs=309.2
[train-progress] epoch=7 [#######################-] 875/900  97.2% loss=0.48619 jepa=0.35350 hard=0.80380 hard_red=0.02683 oracle=0.62079 rank=0.05069 value=0.40263 cand=2.30722 pairs=309.6
[train-progress] epoch=7 [########################] 900/900 100.0% loss=0.48681 jepa=0.35304 hard=0.80038 hard_red=0.02722 oracle=0.62142 rank=0.05057 value=0.40156 cand=2.31015 pairs=309.5
[train] epoch=7 horizon=4 train_loss=0.486806 val_loss=0.107260 train_steps=900
[train-progress] epoch=8 [------------------------] 1/900   0.1% loss=0.12195 jepa=0.26763 hard=1.01856 hard_red=0.00117 oracle=0.66409 rank=0.08659 value=0.33574 cand=2.41213 pairs=308.0
[train-progress] epoch=8 [------------------------] 25/900   2.8% loss=0.35660 jepa=0.30857 hard=0.87021 hard_red=0.03676 oracle=0.60811 rank=0.04916 value=0.34896 cand=2.26846 pairs=304.9
[train-progress] epoch=8 [#-----------------------] 50/900   5.6% loss=0.43116 jepa=0.31823 hard=0.83248 hard_red=0.02800 oracle=0.60844 rank=0.04729 value=0.38227 cand=2.26856 pairs=316.1
[train-progress] epoch=8 [##----------------------] 75/900   8.3% loss=0.38002 jepa=0.32058 hard=0.86838 hard_red=0.02642 oracle=0.61072 rank=0.05120 value=0.39119 cand=2.26766 pairs=314.5
[train-progress] epoch=8 [##----------------------] 100/900  11.1% loss=0.36595 jepa=0.32276 hard=0.88357 hard_red=0.02844 oracle=0.62006 rank=0.05109 value=0.39387 cand=2.30482 pairs=312.8
[train-progress] epoch=8 [###---------------------] 125/900  13.9% loss=0.38768 jepa=0.32407 hard=0.89087 hard_red=0.02751 oracle=0.62807 rank=0.05226 value=0.39082 cand=2.33477 pairs=313.9
[train-progress] epoch=8 [####--------------------] 150/900  16.7% loss=0.40437 jepa=0.33382 hard=0.86002 hard_red=0.02781 oracle=0.62838 rank=0.05231 value=0.39067 cand=2.33593 pairs=310.8
[train-progress] epoch=8 [####--------------------] 175/900  19.4% loss=0.41824 jepa=0.33798 hard=0.85163 hard_red=0.02735 oracle=0.62281 rank=0.05080 value=0.39299 cand=2.31661 pairs=309.6
[train-progress] epoch=8 [#####-------------------] 200/900  22.2% loss=0.40574 jepa=0.33844 hard=0.84594 hard_red=0.02584 oracle=0.62234 rank=0.05039 value=0.39543 cand=2.31522 pairs=308.8
[train-progress] epoch=8 [######------------------] 225/900  25.0% loss=0.39221 jepa=0.33590 hard=0.85080 hard_red=0.02432 oracle=0.62390 rank=0.05013 value=0.39062 cand=2.32280 pairs=310.6
[train-progress] epoch=8 [######------------------] 250/900  27.8% loss=0.38022 jepa=0.33356 hard=0.84978 hard_red=0.02473 oracle=0.62439 rank=0.04998 value=0.39134 cand=2.32501 pairs=310.7
[train-progress] epoch=8 [#######-----------------] 275/900  30.6% loss=0.36823 jepa=0.33096 hard=0.84984 hard_red=0.02488 oracle=0.62156 rank=0.04896 value=0.39176 cand=2.31584 pairs=311.0
[train-progress] epoch=8 [########----------------] 300/900  33.3% loss=0.37402 jepa=0.33122 hard=0.84299 hard_red=0.02484 oracle=0.61998 rank=0.04892 value=0.38898 cand=2.31003 pairs=309.9
[train-progress] epoch=8 [########----------------] 325/900  36.1% loss=0.36671 jepa=0.32996 hard=0.83299 hard_red=0.02472 oracle=0.62061 rank=0.04888 value=0.38794 cand=2.31286 pairs=309.9
[train-progress] epoch=8 [#########---------------] 350/900  38.9% loss=0.38096 jepa=0.33146 hard=0.82290 hard_red=0.02441 oracle=0.62102 rank=0.04856 value=0.38871 cand=2.31506 pairs=309.7
[train-progress] epoch=8 [##########--------------] 375/900  41.7% loss=0.37645 jepa=0.33211 hard=0.82300 hard_red=0.02415 oracle=0.61987 rank=0.04836 value=0.39066 cand=2.31059 pairs=309.1
[train-progress] epoch=8 [##########--------------] 400/900  44.4% loss=0.37716 jepa=0.33236 hard=0.82272 hard_red=0.02383 oracle=0.61908 rank=0.04798 value=0.39218 cand=2.30800 pairs=309.7
[train-progress] epoch=8 [###########-------------] 425/900  47.2% loss=0.36917 jepa=0.33031 hard=0.82558 hard_red=0.02394 oracle=0.61745 rank=0.04746 value=0.39626 cand=2.30197 pairs=311.0
[train-progress] epoch=8 [############------------] 450/900  50.0% loss=0.37360 jepa=0.33025 hard=0.81944 hard_red=0.02391 oracle=0.61921 rank=0.04790 value=0.39490 cand=2.30827 pairs=311.4
[train-progress] epoch=8 [############------------] 475/900  52.8% loss=0.36905 jepa=0.33077 hard=0.82073 hard_red=0.02404 oracle=0.61836 rank=0.04768 value=0.39483 cand=2.30540 pairs=312.3
[train-progress] epoch=8 [#############-----------] 500/900  55.6% loss=0.37657 jepa=0.33190 hard=0.81811 hard_red=0.02384 oracle=0.61812 rank=0.04772 value=0.39221 cand=2.30474 pairs=313.1
[train-progress] epoch=8 [##############----------] 525/900  58.3% loss=0.37098 jepa=0.33107 hard=0.81679 hard_red=0.02342 oracle=0.62000 rank=0.04800 value=0.38974 cand=2.31204 pairs=312.8
[train-progress] epoch=8 [##############----------] 550/900  61.1% loss=0.37364 jepa=0.33073 hard=0.81936 hard_red=0.02368 oracle=0.61933 rank=0.04788 value=0.38998 cand=2.30959 pairs=313.0
[train-progress] epoch=8 [###############---------] 575/900  63.9% loss=0.36989 jepa=0.33242 hard=0.81778 hard_red=0.02319 oracle=0.61892 rank=0.04777 value=0.38883 cand=2.30837 pairs=312.8
[train-progress] epoch=8 [################--------] 600/900  66.7% loss=0.37417 jepa=0.33268 hard=0.82098 hard_red=0.02370 oracle=0.61950 rank=0.04794 value=0.38770 cand=2.31050 pairs=313.2
[train-progress] epoch=8 [################--------] 625/900  69.4% loss=0.36992 jepa=0.33361 hard=0.82148 hard_red=0.02342 oracle=0.61985 rank=0.04822 value=0.38710 cand=2.31138 pairs=312.5
[train-progress] epoch=8 [#################-------] 650/900  72.2% loss=0.37903 jepa=0.33458 hard=0.81893 hard_red=0.02342 oracle=0.61926 rank=0.04812 value=0.38691 cand=2.30926 pairs=312.1
[train-progress] epoch=8 [##################------] 675/900  75.0% loss=0.38177 jepa=0.33435 hard=0.81708 hard_red=0.02349 oracle=0.61997 rank=0.04812 value=0.38550 cand=2.31235 pairs=311.7
[train-progress] epoch=8 [##################------] 700/900  77.8% loss=0.38586 jepa=0.33434 hard=0.81278 hard_red=0.02319 oracle=0.62029 rank=0.04798 value=0.38516 cand=2.31398 pairs=312.2
[train-progress] epoch=8 [###################-----] 725/900  80.6% loss=0.38631 jepa=0.33471 hard=0.81111 hard_red=0.02324 oracle=0.62101 rank=0.04812 value=0.38214 cand=2.31704 pairs=311.4
[train-progress] epoch=8 [####################----] 750/900  83.3% loss=0.38561 jepa=0.33461 hard=0.81239 hard_red=0.02336 oracle=0.62067 rank=0.04806 value=0.38212 cand=2.31579 pairs=311.1
[train-progress] epoch=8 [####################----] 775/900  86.1% loss=0.38822 jepa=0.33556 hard=0.80939 hard_red=0.02354 oracle=0.62003 rank=0.04796 value=0.38505 cand=2.31298 pairs=311.3
[train-progress] epoch=8 [#####################---] 800/900  88.9% loss=0.38623 jepa=0.33630 hard=0.81029 hard_red=0.02364 oracle=0.62049 rank=0.04794 value=0.38523 cand=2.31484 pairs=310.9
[train-progress] epoch=8 [######################--] 825/900  91.7% loss=0.38901 jepa=0.33696 hard=0.81346 hard_red=0.02358 oracle=0.61972 rank=0.04785 value=0.38620 cand=2.31184 pairs=310.7
[train-progress] epoch=8 [######################--] 850/900  94.4% loss=0.39473 jepa=0.33801 hard=0.81464 hard_red=0.02400 oracle=0.61982 rank=0.04771 value=0.38604 cand=2.31255 pairs=310.6
[train-progress] epoch=8 [#######################-] 875/900  97.2% loss=0.39310 jepa=0.33729 hard=0.81621 hard_red=0.02390 oracle=0.62027 rank=0.04758 value=0.38493 cand=2.31483 pairs=310.3
[train-progress] epoch=8 [########################] 900/900 100.0% loss=0.39282 jepa=0.33753 hard=0.81302 hard_red=0.02381 oracle=0.62055 rank=0.04746 value=0.38449 cand=2.31628 pairs=310.4
[train] epoch=8 horizon=5 train_loss=0.392816 val_loss=0.108289 train_steps=900
[train-progress] epoch=9 [------------------------] 1/900   0.1% loss=0.11856 jepa=0.29353 hard=0.62075 hard_red=0.00035 oracle=0.54669 rank=0.06478 value=0.33506 cand=1.99065 pairs=248.0
[train-progress] epoch=9 [------------------------] 25/900   2.8% loss=0.42200 jepa=0.34443 hard=0.65430 hard_red=0.02188 oracle=0.64439 rank=0.04554 value=0.32619 cand=2.42517 pairs=295.4
[train-progress] epoch=9 [#-----------------------] 50/900   5.6% loss=0.55919 jepa=0.34720 hard=0.75242 hard_red=0.02486 oracle=0.61385 rank=0.04418 value=0.34349 cand=2.30322 pairs=306.6
[train-progress] epoch=9 [##----------------------] 75/900   8.3% loss=0.52924 jepa=0.34724 hard=0.77100 hard_red=0.02945 oracle=0.61801 rank=0.04557 value=0.35442 cand=2.31507 pairs=308.0
[train-progress] epoch=9 [##----------------------] 100/900  11.1% loss=0.50697 jepa=0.34180 hard=0.76159 hard_red=0.02605 oracle=0.61621 rank=0.04541 value=0.35715 cand=2.30780 pairs=308.1
[train-progress] epoch=9 [###---------------------] 125/900  13.9% loss=0.52151 jepa=0.34622 hard=0.76616 hard_red=0.02753 oracle=0.61968 rank=0.04567 value=0.35921 cand=2.32079 pairs=308.4
[train-progress] epoch=9 [####--------------------] 150/900  16.7% loss=0.48676 jepa=0.34607 hard=0.78098 hard_red=0.02603 oracle=0.61663 rank=0.04501 value=0.36405 cand=2.30926 pairs=307.1
[train-progress] epoch=9 [####--------------------] 175/900  19.4% loss=0.49468 jepa=0.34529 hard=0.77508 hard_red=0.02724 oracle=0.61683 rank=0.04553 value=0.36143 cand=2.30932 pairs=309.7
[train-progress] epoch=9 [#####-------------------] 200/900  22.2% loss=0.48542 jepa=0.34718 hard=0.77489 hard_red=0.02687 oracle=0.61688 rank=0.04486 value=0.36140 cand=2.31100 pairs=309.7
[train-progress] epoch=9 [######------------------] 225/900  25.0% loss=0.46257 jepa=0.34547 hard=0.77512 hard_red=0.02641 oracle=0.61469 rank=0.04487 value=0.36217 cand=2.30209 pairs=310.3
[train-progress] epoch=9 [######------------------] 250/900  27.8% loss=0.46095 jepa=0.34381 hard=0.78595 hard_red=0.02718 oracle=0.61613 rank=0.04518 value=0.36286 cand=2.30707 pairs=310.6
[train-progress] epoch=9 [#######-----------------] 275/900  30.6% loss=0.46889 jepa=0.34671 hard=0.78887 hard_red=0.02755 oracle=0.61723 rank=0.04508 value=0.36291 cand=2.31165 pairs=310.3
[train-progress] epoch=9 [########----------------] 300/900  33.3% loss=0.46650 jepa=0.34663 hard=0.79022 hard_red=0.02673 oracle=0.61590 rank=0.04473 value=0.36570 cand=2.30667 pairs=308.7
[train-progress] epoch=9 [########----------------] 325/900  36.1% loss=0.45108 jepa=0.34498 hard=0.79031 hard_red=0.02574 oracle=0.61376 rank=0.04468 value=0.36981 cand=2.29758 pairs=309.4
[train-progress] epoch=9 [#########---------------] 350/900  38.9% loss=0.46068 jepa=0.34385 hard=0.78834 hard_red=0.02486 oracle=0.61426 rank=0.04442 value=0.36714 cand=2.30056 pairs=308.7
[train-progress] epoch=9 [##########--------------] 375/900  41.7% loss=0.45601 jepa=0.34593 hard=0.77538 hard_red=0.02499 oracle=0.61390 rank=0.04413 value=0.36797 cand=2.29964 pairs=308.7
[train-progress] epoch=9 [##########--------------] 400/900  44.4% loss=0.44444 jepa=0.34329 hard=0.77714 hard_red=0.02517 oracle=0.61297 rank=0.04392 value=0.36668 cand=2.29661 pairs=308.1
[train-progress] epoch=9 [###########-------------] 425/900  47.2% loss=0.44260 jepa=0.34386 hard=0.77706 hard_red=0.02496 oracle=0.61346 rank=0.04417 value=0.36431 cand=2.29837 pairs=307.1
[train-progress] epoch=9 [############------------] 450/900  50.0% loss=0.44742 jepa=0.34407 hard=0.77458 hard_red=0.02506 oracle=0.61310 rank=0.04396 value=0.36551 cand=2.29721 pairs=307.9
[train-progress] epoch=9 [############------------] 475/900  52.8% loss=0.44278 jepa=0.34494 hard=0.76925 hard_red=0.02499 oracle=0.61432 rank=0.04404 value=0.36763 cand=2.30156 pairs=308.0
[train-progress] epoch=9 [#############-----------] 500/900  55.6% loss=0.43314 jepa=0.34587 hard=0.76612 hard_red=0.02458 oracle=0.61370 rank=0.04405 value=0.36858 cand=2.29890 pairs=307.5
[train-progress] epoch=9 [##############----------] 525/900  58.3% loss=0.42906 jepa=0.34743 hard=0.77462 hard_red=0.02507 oracle=0.61395 rank=0.04403 value=0.37026 cand=2.29970 pairs=307.7
[train-progress] epoch=9 [##############----------] 550/900  61.1% loss=0.42822 jepa=0.34662 hard=0.77739 hard_red=0.02507 oracle=0.61380 rank=0.04387 value=0.37180 cand=2.29922 pairs=307.4
[train-progress] epoch=9 [###############---------] 575/900  63.9% loss=0.42112 jepa=0.34555 hard=0.77666 hard_red=0.02457 oracle=0.61322 rank=0.04376 value=0.37164 cand=2.29713 pairs=307.3
[train-progress] epoch=9 [################--------] 600/900  66.7% loss=0.42138 jepa=0.34472 hard=0.77851 hard_red=0.02510 oracle=0.61350 rank=0.04365 value=0.37196 cand=2.29847 pairs=307.9
[train-progress] epoch=9 [################--------] 625/900  69.4% loss=0.41498 jepa=0.34308 hard=0.77964 hard_red=0.02458 oracle=0.61298 rank=0.04358 value=0.37046 cand=2.29678 pairs=307.8
[train-progress] epoch=9 [#################-------] 650/900  72.2% loss=0.41418 jepa=0.34226 hard=0.77758 hard_red=0.02430 oracle=0.61242 rank=0.04359 value=0.37126 cand=2.29438 pairs=308.9
[train-progress] epoch=9 [##################------] 675/900  75.0% loss=0.41040 jepa=0.34121 hard=0.77676 hard_red=0.02398 oracle=0.61302 rank=0.04361 value=0.37161 cand=2.29669 pairs=309.4
[train-progress] epoch=9 [##################------] 700/900  77.8% loss=0.41882 jepa=0.34195 hard=0.77748 hard_red=0.02441 oracle=0.61399 rank=0.04384 value=0.37051 cand=2.30023 pairs=309.3
[train-progress] epoch=9 [###################-----] 725/900  80.6% loss=0.41877 jepa=0.34198 hard=0.78164 hard_red=0.02432 oracle=0.61298 rank=0.04386 value=0.37048 cand=2.29615 pairs=309.8
[train-progress] epoch=9 [####################----] 750/900  83.3% loss=0.41515 jepa=0.34116 hard=0.78645 hard_red=0.02466 oracle=0.61269 rank=0.04376 value=0.37035 cand=2.29524 pairs=309.4
[train-progress] epoch=9 [####################----] 775/900  86.1% loss=0.41164 jepa=0.34056 hard=0.78492 hard_red=0.02479 oracle=0.61340 rank=0.04380 value=0.36883 cand=2.29822 pairs=308.8
[train-progress] epoch=9 [#####################---] 800/900  88.9% loss=0.40676 jepa=0.34040 hard=0.78335 hard_red=0.02441 oracle=0.61291 rank=0.04377 value=0.36986 cand=2.29616 pairs=308.9
[train-progress] epoch=9 [######################--] 825/900  91.7% loss=0.40408 jepa=0.34123 hard=0.78271 hard_red=0.02466 oracle=0.61385 rank=0.04395 value=0.36984 cand=2.29955 pairs=308.8
[train-progress] epoch=9 [######################--] 850/900  94.4% loss=0.40777 jepa=0.34149 hard=0.77944 hard_red=0.02460 oracle=0.61381 rank=0.04399 value=0.36942 cand=2.29938 pairs=309.0
[train-progress] epoch=9 [#######################-] 875/900  97.2% loss=0.41257 jepa=0.34221 hard=0.77582 hard_red=0.02464 oracle=0.61404 rank=0.04398 value=0.36915 cand=2.30035 pairs=308.9
[train-progress] epoch=9 [########################] 900/900 100.0% loss=0.41129 jepa=0.34184 hard=0.78326 hard_red=0.02480 oracle=0.61385 rank=0.04395 value=0.36747 cand=2.29991 pairs=308.9
[train] epoch=9 horizon=5 train_loss=0.411289 val_loss=0.104786 train_steps=900
[train-progress] epoch=10 [------------------------] 1/900   0.1% loss=0.22437 jepa=0.33606 hard=1.11271 hard_red=0.00169 oracle=0.47771 rank=0.02548 value=0.39257 cand=1.79196 pairs=263.0
[train-progress] epoch=10 [------------------------] 25/900   2.8% loss=0.35154 jepa=0.32524 hard=0.74225 hard_red=0.02351 oracle=0.62337 rank=0.04885 value=0.36834 cand=2.32708 pairs=315.3
[train-progress] epoch=10 [#-----------------------] 50/900   5.6% loss=0.36999 jepa=0.33229 hard=0.74265 hard_red=0.02571 oracle=0.60493 rank=0.04417 value=0.36128 cand=2.26472 pairs=312.8
[train-progress] epoch=10 [##----------------------] 75/900   8.3% loss=0.39073 jepa=0.34556 hard=0.73596 hard_red=0.02264 oracle=0.61697 rank=0.04373 value=0.35947 cand=2.31415 pairs=312.2
[train-progress] epoch=10 [##----------------------] 100/900  11.1% loss=0.39915 jepa=0.34480 hard=0.76440 hard_red=0.02591 oracle=0.62164 rank=0.04309 value=0.35331 cand=2.33523 pairs=310.1
[train-progress] epoch=10 [###---------------------] 125/900  13.9% loss=0.38193 jepa=0.34559 hard=0.78019 hard_red=0.02546 oracle=0.61685 rank=0.04233 value=0.35034 cand=2.31821 pairs=308.8
[train-progress] epoch=10 [####--------------------] 150/900  16.7% loss=0.36735 jepa=0.34050 hard=0.78451 hard_red=0.02527 oracle=0.61941 rank=0.04272 value=0.34907 cand=2.32780 pairs=308.0
[train-progress] epoch=10 [####--------------------] 175/900  19.4% loss=0.36587 jepa=0.34188 hard=0.79309 hard_red=0.02500 oracle=0.61752 rank=0.04252 value=0.35083 cand=2.32041 pairs=308.5
[train-progress] epoch=10 [#####-------------------] 200/900  22.2% loss=0.36315 jepa=0.33843 hard=0.77239 hard_red=0.02448 oracle=0.61691 rank=0.04280 value=0.34483 cand=2.31833 pairs=310.1
[train-progress] epoch=10 [######------------------] 225/900  25.0% loss=0.35592 jepa=0.33569 hard=0.76370 hard_red=0.02273 oracle=0.61693 rank=0.04323 value=0.34770 cand=2.31698 pairs=309.5
[train-progress] epoch=10 [######------------------] 250/900  27.8% loss=0.36574 jepa=0.34146 hard=0.76012 hard_red=0.02282 oracle=0.61845 rank=0.04329 value=0.34394 cand=2.32351 pairs=310.0
[train-progress] epoch=10 [#######-----------------] 275/900  30.6% loss=0.36331 jepa=0.34074 hard=0.76036 hard_red=0.02160 oracle=0.61898 rank=0.04342 value=0.34563 cand=2.32510 pairs=309.8
[train-progress] epoch=10 [########----------------] 300/900  33.3% loss=0.36524 jepa=0.34201 hard=0.77196 hard_red=0.02229 oracle=0.61601 rank=0.04302 value=0.34875 cand=2.31358 pairs=310.1
[train-progress] epoch=10 [########----------------] 325/900  36.1% loss=0.37273 jepa=0.34330 hard=0.77711 hard_red=0.02218 oracle=0.61519 rank=0.04296 value=0.35088 cand=2.31012 pairs=309.7
[train-progress] epoch=10 [#########---------------] 350/900  38.9% loss=0.37021 jepa=0.34215 hard=0.78424 hard_red=0.02354 oracle=0.61805 rank=0.04320 value=0.34973 cand=2.32122 pairs=308.4
[train-progress] epoch=10 [##########--------------] 375/900  41.7% loss=0.38219 jepa=0.34325 hard=0.78329 hard_red=0.02349 oracle=0.61834 rank=0.04322 value=0.34973 cand=2.32232 pairs=307.7
[train-progress] epoch=10 [##########--------------] 400/900  44.4% loss=0.38433 jepa=0.34368 hard=0.78138 hard_red=0.02401 oracle=0.61831 rank=0.04324 value=0.34857 cand=2.32234 pairs=308.2
[train-progress] epoch=10 [###########-------------] 425/900  47.2% loss=0.38123 jepa=0.34292 hard=0.78114 hard_red=0.02417 oracle=0.61772 rank=0.04319 value=0.34767 cand=2.32025 pairs=308.8
[train-progress] epoch=10 [############------------] 450/900  50.0% loss=0.37956 jepa=0.34217 hard=0.78365 hard_red=0.02431 oracle=0.61803 rank=0.04340 value=0.34749 cand=2.32104 pairs=309.3
[train-progress] epoch=10 [############------------] 475/900  52.8% loss=0.38429 jepa=0.34209 hard=0.78076 hard_red=0.02441 oracle=0.61730 rank=0.04329 value=0.34802 cand=2.31828 pairs=308.6
[train-progress] epoch=10 [#############-----------] 500/900  55.6% loss=0.39412 jepa=0.34399 hard=0.78331 hard_red=0.02478 oracle=0.61648 rank=0.04324 value=0.34935 cand=2.31491 pairs=309.9
[train-progress] epoch=10 [##############----------] 525/900  58.3% loss=0.40147 jepa=0.34419 hard=0.78187 hard_red=0.02485 oracle=0.61814 rank=0.04326 value=0.34807 cand=2.32170 pairs=309.2
[train-progress] epoch=10 [##############----------] 550/900  61.1% loss=0.39735 jepa=0.34274 hard=0.78002 hard_red=0.02463 oracle=0.61775 rank=0.04330 value=0.34707 cand=2.32020 pairs=309.3
[train-progress] epoch=10 [###############---------] 575/900  63.9% loss=0.38928 jepa=0.34091 hard=0.78196 hard_red=0.02420 oracle=0.61648 rank=0.04311 value=0.34825 cand=2.31535 pairs=309.0
[train-progress] epoch=10 [################--------] 600/900  66.7% loss=0.39090 jepa=0.34224 hard=0.78311 hard_red=0.02473 oracle=0.61564 rank=0.04304 value=0.34802 cand=2.31219 pairs=309.1
[train-progress] epoch=10 [################--------] 625/900  69.4% loss=0.38609 jepa=0.34296 hard=0.78489 hard_red=0.02461 oracle=0.61525 rank=0.04306 value=0.34847 cand=2.31051 pairs=309.8
[train-progress] epoch=10 [#################-------] 650/900  72.2% loss=0.38926 jepa=0.34216 hard=0.78119 hard_red=0.02484 oracle=0.61438 rank=0.04286 value=0.34874 cand=2.30745 pairs=309.7
[train-progress] epoch=10 [##################------] 675/900  75.0% loss=0.39004 jepa=0.34192 hard=0.78365 hard_red=0.02503 oracle=0.61510 rank=0.04276 value=0.34820 cand=2.31061 pairs=309.6
[train-progress] epoch=10 [##################------] 700/900  77.8% loss=0.38603 jepa=0.34105 hard=0.78421 hard_red=0.02486 oracle=0.61426 rank=0.04276 value=0.34959 cand=2.30705 pairs=309.9
[train-progress] epoch=10 [###################-----] 725/900  80.6% loss=0.38349 jepa=0.34036 hard=0.78100 hard_red=0.02498 oracle=0.61415 rank=0.04273 value=0.35103 cand=2.30644 pairs=310.5
[train-progress] epoch=10 [####################----] 750/900  83.3% loss=0.39556 jepa=0.34186 hard=0.77730 hard_red=0.02523 oracle=0.61380 rank=0.04269 value=0.35070 cand=2.30515 pairs=310.0
[train-progress] epoch=10 [####################----] 775/900  86.1% loss=0.39120 jepa=0.34154 hard=0.77770 hard_red=0.02531 oracle=0.61364 rank=0.04284 value=0.34998 cand=2.30433 pairs=310.4
[train-progress] epoch=10 [#####################---] 800/900  88.9% loss=0.38987 jepa=0.34133 hard=0.77558 hard_red=0.02557 oracle=0.61392 rank=0.04275 value=0.34959 cand=2.30569 pairs=310.3
[train-progress] epoch=10 [######################--] 825/900  91.7% loss=0.38772 jepa=0.33979 hard=0.77871 hard_red=0.02513 oracle=0.61338 rank=0.04268 value=0.35010 cand=2.30361 pairs=310.7
[train-progress] epoch=10 [######################--] 850/900  94.4% loss=0.38485 jepa=0.33876 hard=0.77983 hard_red=0.02512 oracle=0.61377 rank=0.04262 value=0.34889 cand=2.30549 pairs=310.8
[train-progress] epoch=10 [#######################-] 875/900  97.2% loss=0.38817 jepa=0.33841 hard=0.78314 hard_red=0.02571 oracle=0.61342 rank=0.04248 value=0.34879 cand=2.30440 pairs=310.7
[train-progress] epoch=10 [########################] 900/900 100.0% loss=0.39155 jepa=0.33890 hard=0.78483 hard_red=0.02616 oracle=0.61287 rank=0.04251 value=0.34895 cand=2.30214 pairs=310.3
[train] epoch=10 horizon=5 train_loss=0.391549 val_loss=0.127116 train_steps=900
[train-progress] epoch=11 [------------------------] 1/900   0.1% loss=0.90925 jepa=0.51402 hard=0.69276 hard_red=0.07486 oracle=0.54324 rank=0.04583 value=0.56588 cand=1.98160 pairs=401.0
[train-progress] epoch=11 [------------------------] 25/900   2.8% loss=0.44300 jepa=0.36402 hard=0.66230 hard_red=0.03027 oracle=0.63308 rank=0.04477 value=0.36772 cand=2.37499 pairs=313.0
[train-progress] epoch=11 [#-----------------------] 50/900   5.6% loss=0.44029 jepa=0.33313 hard=0.72880 hard_red=0.02324 oracle=0.61506 rank=0.04413 value=0.35731 cand=2.30599 pairs=312.1
[train-progress] epoch=11 [##----------------------] 75/900   8.3% loss=0.54355 jepa=0.37028 hard=0.68897 hard_red=0.02081 oracle=0.62015 rank=0.04247 value=0.34858 cand=2.33140 pairs=310.6
[train-progress] epoch=11 [##----------------------] 100/900  11.1% loss=0.50289 jepa=0.36477 hard=0.71341 hard_red=0.02516 oracle=0.61206 rank=0.04146 value=0.33664 cand=2.30316 pairs=307.6
[train-progress] epoch=11 [###---------------------] 125/900  13.9% loss=0.47063 jepa=0.35654 hard=0.72823 hard_red=0.02270 oracle=0.61122 rank=0.04090 value=0.32857 cand=2.30232 pairs=306.9
[train-progress] epoch=11 [####--------------------] 150/900  16.7% loss=0.45599 jepa=0.35257 hard=0.73229 hard_red=0.02273 oracle=0.61282 rank=0.04112 value=0.32516 cand=2.30880 pairs=307.0
[train-progress] epoch=11 [####--------------------] 175/900  19.4% loss=0.44586 jepa=0.35014 hard=0.74023 hard_red=0.02174 oracle=0.61520 rank=0.04220 value=0.32714 cand=2.31561 pairs=308.4
[train-progress] epoch=11 [#####-------------------] 200/900  22.2% loss=0.44085 jepa=0.34952 hard=0.73535 hard_red=0.02173 oracle=0.61175 rank=0.04197 value=0.33391 cand=2.30124 pairs=306.8
[train-progress] epoch=11 [######------------------] 225/900  25.0% loss=0.42842 jepa=0.34818 hard=0.73035 hard_red=0.02228 oracle=0.61140 rank=0.04145 value=0.33540 cand=2.30077 pairs=306.5
[train-progress] epoch=11 [######------------------] 250/900  27.8% loss=0.41213 jepa=0.34509 hard=0.73622 hard_red=0.02202 oracle=0.60975 rank=0.04142 value=0.33668 cand=2.29400 pairs=306.2
[train-progress] epoch=11 [#######-----------------] 275/900  30.6% loss=0.42791 jepa=0.34643 hard=0.74047 hard_red=0.02163 oracle=0.61018 rank=0.04183 value=0.34106 cand=2.29411 pairs=305.6
[train-progress] epoch=11 [########----------------] 300/900  33.3% loss=0.42265 jepa=0.34890 hard=0.74034 hard_red=0.02087 oracle=0.61446 rank=0.04208 value=0.33724 cand=2.31132 pairs=305.3
[train-progress] epoch=11 [########----------------] 325/900  36.1% loss=0.41300 jepa=0.34891 hard=0.74449 hard_red=0.02175 oracle=0.61441 rank=0.04212 value=0.33615 cand=2.31118 pairs=305.3
[train-progress] epoch=11 [#########---------------] 350/900  38.9% loss=0.40818 jepa=0.34636 hard=0.75873 hard_red=0.02383 oracle=0.61313 rank=0.04202 value=0.33496 cand=2.30648 pairs=304.2
[train-progress] epoch=11 [##########--------------] 375/900  41.7% loss=0.40868 jepa=0.34444 hard=0.76300 hard_red=0.02415 oracle=0.60920 rank=0.04190 value=0.33784 cand=2.29056 pairs=305.5
[train-progress] epoch=11 [##########--------------] 400/900  44.4% loss=0.40317 jepa=0.34559 hard=0.76115 hard_red=0.02382 oracle=0.60764 rank=0.04150 value=0.33925 cand=2.28497 pairs=305.3
[train-progress] epoch=11 [###########-------------] 425/900  47.2% loss=0.39739 jepa=0.34467 hard=0.75580 hard_red=0.02369 oracle=0.61027 rank=0.04160 value=0.33617 cand=2.29578 pairs=305.9
[train-progress] epoch=11 [############------------] 450/900  50.0% loss=0.39377 jepa=0.34304 hard=0.75824 hard_red=0.02417 oracle=0.60911 rank=0.04145 value=0.33400 cand=2.29184 pairs=305.8
[train-progress] epoch=11 [############------------] 475/900  52.8% loss=0.39235 jepa=0.34204 hard=0.75545 hard_red=0.02421 oracle=0.60948 rank=0.04143 value=0.33259 cand=2.29357 pairs=306.4
[train-progress] epoch=11 [#############-----------] 500/900  55.6% loss=0.39469 jepa=0.34250 hard=0.75536 hard_red=0.02494 oracle=0.60837 rank=0.04137 value=0.33253 cand=2.28926 pairs=306.4
[train-progress] epoch=11 [##############----------] 525/900  58.3% loss=0.38965 jepa=0.34127 hard=0.75389 hard_red=0.02428 oracle=0.60693 rank=0.04144 value=0.33494 cand=2.28295 pairs=306.7
[train-progress] epoch=11 [##############----------] 550/900  61.1% loss=0.39115 jepa=0.34198 hard=0.75301 hard_red=0.02414 oracle=0.60761 rank=0.04145 value=0.33276 cand=2.28600 pairs=305.7
[train-progress] epoch=11 [###############---------] 575/900  63.9% loss=0.38763 jepa=0.34183 hard=0.75525 hard_red=0.02422 oracle=0.60683 rank=0.04130 value=0.33202 cand=2.28332 pairs=305.2
[train-progress] epoch=11 [################--------] 600/900  66.7% loss=0.38596 jepa=0.34128 hard=0.75824 hard_red=0.02419 oracle=0.60722 rank=0.04123 value=0.33235 cand=2.28500 pairs=304.9
[train-progress] epoch=11 [################--------] 625/900  69.4% loss=0.38259 jepa=0.33987 hard=0.75784 hard_red=0.02407 oracle=0.60803 rank=0.04112 value=0.33074 cand=2.28871 pairs=305.2
[train-progress] epoch=11 [#################-------] 650/900  72.2% loss=0.38839 jepa=0.34019 hard=0.75655 hard_red=0.02403 oracle=0.60798 rank=0.04109 value=0.32963 cand=2.28878 pairs=305.7
[train-progress] epoch=11 [##################------] 675/900  75.0% loss=0.38657 jepa=0.33979 hard=0.75602 hard_red=0.02375 oracle=0.60755 rank=0.04099 value=0.32889 cand=2.28740 pairs=305.5
[train-progress] epoch=11 [##################------] 700/900  77.8% loss=0.38335 jepa=0.33906 hard=0.76127 hard_red=0.02357 oracle=0.60764 rank=0.04104 value=0.32804 cand=2.28777 pairs=305.4
[train-progress] epoch=11 [###################-----] 725/900  80.6% loss=0.38649 jepa=0.33909 hard=0.76136 hard_red=0.02367 oracle=0.60857 rank=0.04108 value=0.32811 cand=2.29142 pairs=304.9
[train-progress] epoch=11 [####################----] 750/900  83.3% loss=0.38951 jepa=0.33927 hard=0.76182 hard_red=0.02386 oracle=0.60907 rank=0.04115 value=0.32947 cand=2.29304 pairs=305.6
[train-progress] epoch=11 [####################----] 775/900  86.1% loss=0.39214 jepa=0.33984 hard=0.75967 hard_red=0.02366 oracle=0.60839 rank=0.04101 value=0.33072 cand=2.29043 pairs=305.6
[train-progress] epoch=11 [#####################---] 800/900  88.9% loss=0.38754 jepa=0.33929 hard=0.76524 hard_red=0.02342 oracle=0.60875 rank=0.04108 value=0.33065 cand=2.29174 pairs=306.2
[train-progress] epoch=11 [######################--] 825/900  91.7% loss=0.38857 jepa=0.33930 hard=0.76229 hard_red=0.02324 oracle=0.60836 rank=0.04108 value=0.33116 cand=2.29007 pairs=306.4
[train-progress] epoch=11 [######################--] 850/900  94.4% loss=0.38593 jepa=0.33876 hard=0.76152 hard_red=0.02305 oracle=0.60720 rank=0.04103 value=0.33116 cand=2.28556 pairs=307.0
[train-progress] epoch=11 [#######################-] 875/900  97.2% loss=0.38342 jepa=0.33854 hard=0.76453 hard_red=0.02313 oracle=0.60724 rank=0.04103 value=0.33151 cand=2.28563 pairs=307.5
[train-progress] epoch=11 [########################] 900/900 100.0% loss=0.38504 jepa=0.33954 hard=0.76532 hard_red=0.02335 oracle=0.60706 rank=0.04100 value=0.33191 cand=2.28493 pairs=307.1
[train] epoch=11 horizon=5 train_loss=0.385037 val_loss=0.146667 train_steps=900
[train-progress] epoch=12 [------------------------] 1/900   0.1% loss=0.17219 jepa=0.33501 hard=1.18284 hard_red=0.03248 oracle=0.71262 rank=0.04703 value=0.17310 cand=2.71930 pairs=219.0
[train-progress] epoch=12 [------------------------] 25/900   2.8% loss=0.41974 jepa=0.33193 hard=0.79049 hard_red=0.03674 oracle=0.62076 rank=0.03925 value=0.33068 cand=2.34378 pairs=308.3
[train-progress] epoch=12 [#-----------------------] 50/900   5.6% loss=0.46867 jepa=0.33507 hard=0.78704 hard_red=0.02914 oracle=0.59605 rank=0.03899 value=0.34570 cand=2.24313 pairs=313.9
[train-progress] epoch=12 [##----------------------] 75/900   8.3% loss=0.41289 jepa=0.33289 hard=0.78333 hard_red=0.03053 oracle=0.60518 rank=0.03995 value=0.34815 cand=2.27711 pairs=316.8
[train-progress] epoch=12 [##----------------------] 100/900  11.1% loss=0.35613 jepa=0.32377 hard=0.78242 hard_red=0.02746 oracle=0.61577 rank=0.04012 value=0.32478 cand=2.32284 pairs=309.2
[train-progress] epoch=12 [###---------------------] 125/900  13.9% loss=0.36269 jepa=0.32179 hard=0.76492 hard_red=0.02959 oracle=0.61593 rank=0.04025 value=0.32826 cand=2.32266 pairs=308.4
[train-progress] epoch=12 [####--------------------] 150/900  16.7% loss=0.37605 jepa=0.32562 hard=0.76220 hard_red=0.02756 oracle=0.61167 rank=0.04015 value=0.32902 cand=2.30573 pairs=309.9
[train-progress] epoch=12 [####--------------------] 175/900  19.4% loss=0.40123 jepa=0.33834 hard=0.76522 hard_red=0.02622 oracle=0.61455 rank=0.04102 value=0.32581 cand=2.31584 pairs=308.2
[train-progress] epoch=12 [#####-------------------] 200/900  22.2% loss=0.42437 jepa=0.34141 hard=0.77038 hard_red=0.02669 oracle=0.61074 rank=0.04084 value=0.32351 cand=2.30134 pairs=307.5
[train-progress] epoch=12 [######------------------] 225/900  25.0% loss=0.42298 jepa=0.34441 hard=0.76606 hard_red=0.02649 oracle=0.61226 rank=0.04089 value=0.32305 cand=2.30741 pairs=305.9
[train-progress] epoch=12 [######------------------] 250/900  27.8% loss=0.42223 jepa=0.34640 hard=0.75766 hard_red=0.02567 oracle=0.61168 rank=0.04081 value=0.32153 cand=2.30548 pairs=304.7
[train-progress] epoch=12 [#######-----------------] 275/900  30.6% loss=0.41775 jepa=0.34635 hard=0.75075 hard_red=0.02621 oracle=0.61151 rank=0.04106 value=0.31891 cand=2.30469 pairs=305.1
[train-progress] epoch=12 [########----------------] 300/900  33.3% loss=0.41012 jepa=0.34398 hard=0.73926 hard_red=0.02531 oracle=0.61428 rank=0.04097 value=0.31360 cand=2.31680 pairs=305.2
[train-progress] epoch=12 [########----------------] 325/900  36.1% loss=0.41455 jepa=0.34146 hard=0.73559 hard_red=0.02586 oracle=0.61257 rank=0.04075 value=0.31503 cand=2.31020 pairs=307.8
[train-progress] epoch=12 [#########---------------] 350/900  38.9% loss=0.40720 jepa=0.34189 hard=0.73778 hard_red=0.02563 oracle=0.61222 rank=0.04128 value=0.31608 cand=2.30750 pairs=307.9
[train-progress] epoch=12 [##########--------------] 375/900  41.7% loss=0.41467 jepa=0.34322 hard=0.73441 hard_red=0.02619 oracle=0.61220 rank=0.04121 value=0.31895 cand=2.30710 pairs=307.0
[train-progress] epoch=12 [##########--------------] 400/900  44.4% loss=0.41101 jepa=0.34352 hard=0.72673 hard_red=0.02551 oracle=0.61311 rank=0.04164 value=0.31866 cand=2.30984 pairs=307.5
[train-progress] epoch=12 [###########-------------] 425/900  47.2% loss=0.40831 jepa=0.34336 hard=0.71799 hard_red=0.02526 oracle=0.61238 rank=0.04156 value=0.31838 cand=2.30714 pairs=308.2
[train-progress] epoch=12 [############------------] 450/900  50.0% loss=0.40728 jepa=0.34238 hard=0.72747 hard_red=0.02515 oracle=0.61100 rank=0.04127 value=0.31780 cand=2.30236 pairs=308.5
[train-progress] epoch=12 [############------------] 475/900  52.8% loss=0.40378 jepa=0.34041 hard=0.72995 hard_red=0.02527 oracle=0.61184 rank=0.04112 value=0.31616 cand=2.30631 pairs=307.6
[train-progress] epoch=12 [#############-----------] 500/900  55.6% loss=0.40222 jepa=0.33926 hard=0.72880 hard_red=0.02519 oracle=0.61161 rank=0.04096 value=0.31558 cand=2.30585 pairs=307.6
[train-progress] epoch=12 [##############----------] 525/900  58.3% loss=0.39634 jepa=0.33883 hard=0.72980 hard_red=0.02548 oracle=0.61205 rank=0.04118 value=0.31599 cand=2.30703 pairs=307.2
[train-progress] epoch=12 [##############----------] 550/900  61.1% loss=0.39532 jepa=0.33795 hard=0.73426 hard_red=0.02515 oracle=0.61295 rank=0.04160 value=0.31587 cand=2.30971 pairs=307.1
[train-progress] epoch=12 [###############---------] 575/900  63.9% loss=0.39883 jepa=0.33968 hard=0.73244 hard_red=0.02546 oracle=0.61325 rank=0.04141 value=0.31567 cand=2.31139 pairs=306.0
[train-progress] epoch=12 [################--------] 600/900  66.7% loss=0.39445 jepa=0.33884 hard=0.73050 hard_red=0.02519 oracle=0.61372 rank=0.04130 value=0.31419 cand=2.31377 pairs=306.7
[train-progress] epoch=12 [################--------] 625/900  69.4% loss=0.39717 jepa=0.33739 hard=0.73662 hard_red=0.02565 oracle=0.61325 rank=0.04115 value=0.31406 cand=2.31220 pairs=306.7
[train-progress] epoch=12 [#################-------] 650/900  72.2% loss=0.39205 jepa=0.33591 hard=0.73155 hard_red=0.02518 oracle=0.61208 rank=0.04108 value=0.31374 cand=2.30777 pairs=307.1
[train-progress] epoch=12 [##################------] 675/900  75.0% loss=0.38813 jepa=0.33468 hard=0.72849 hard_red=0.02507 oracle=0.61098 rank=0.04104 value=0.31403 cand=2.30337 pairs=307.8
[train-progress] epoch=12 [##################------] 700/900  77.8% loss=0.38748 jepa=0.33426 hard=0.72571 hard_red=0.02486 oracle=0.61089 rank=0.04114 value=0.31552 cand=2.30256 pairs=308.1
[train-progress] epoch=12 [###################-----] 725/900  80.6% loss=0.38633 jepa=0.33368 hard=0.72579 hard_red=0.02483 oracle=0.61032 rank=0.04104 value=0.31510 cand=2.30056 pairs=308.0
[train-progress] epoch=12 [####################----] 750/900  83.3% loss=0.38281 jepa=0.33396 hard=0.72470 hard_red=0.02459 oracle=0.61061 rank=0.04103 value=0.31449 cand=2.30186 pairs=307.6
[train-progress] epoch=12 [####################----] 775/900  86.1% loss=0.39135 jepa=0.33615 hard=0.72478 hard_red=0.02463 oracle=0.61058 rank=0.04122 value=0.31482 cand=2.30125 pairs=307.2
[train-progress] epoch=12 [#####################---] 800/900  88.9% loss=0.39247 jepa=0.33552 hard=0.72274 hard_red=0.02464 oracle=0.61056 rank=0.04130 value=0.31492 cand=2.30099 pairs=306.5
[train-progress] epoch=12 [######################--] 825/900  91.7% loss=0.39770 jepa=0.33560 hard=0.72235 hard_red=0.02448 oracle=0.61116 rank=0.04120 value=0.31538 cand=2.30355 pairs=306.7
[train-progress] epoch=12 [######################--] 850/900  94.4% loss=0.39603 jepa=0.33548 hard=0.72081 hard_red=0.02431 oracle=0.61076 rank=0.04118 value=0.31592 cand=2.30187 pairs=307.3
[train-progress] epoch=12 [#######################-] 875/900  97.2% loss=0.39808 jepa=0.33563 hard=0.72344 hard_red=0.02456 oracle=0.61117 rank=0.04115 value=0.31596 cand=2.30358 pairs=307.0
[train-progress] epoch=12 [########################] 900/900 100.0% loss=0.40259 jepa=0.33740 hard=0.72375 hard_red=0.02418 oracle=0.61116 rank=0.04122 value=0.31562 cand=2.30348 pairs=306.9
[train] epoch=12 horizon=5 train_loss=0.402594 val_loss=0.104005 train_steps=900
[train-progress] epoch=13 [------------------------] 1/900   0.1% loss=0.29743 jepa=0.32540 hard=0.20009 hard_red=0.00148 oracle=0.59466 rank=0.05205 value=0.20077 cand=2.23201 pairs=349.0
[train-progress] epoch=13 [------------------------] 25/900   2.8% loss=0.36191 jepa=0.36669 hard=0.74929 hard_red=0.02548 oracle=0.61965 rank=0.04796 value=0.26368 cand=2.33092 pairs=309.6
[train-progress] epoch=13 [#-----------------------] 50/900   5.6% loss=0.38946 jepa=0.36755 hard=0.72962 hard_red=0.02439 oracle=0.61943 rank=0.04584 value=0.28032 cand=2.33204 pairs=309.4
[train-progress] epoch=13 [##----------------------] 75/900   8.3% loss=0.39472 jepa=0.35150 hard=0.75337 hard_red=0.02287 oracle=0.61303 rank=0.04377 value=0.29490 cand=2.30866 pairs=314.3
[train-progress] epoch=13 [##----------------------] 100/900  11.1% loss=0.38690 jepa=0.34938 hard=0.73246 hard_red=0.02302 oracle=0.61394 rank=0.04362 value=0.29992 cand=2.31178 pairs=316.4
[train-progress] epoch=13 [###---------------------] 125/900  13.9% loss=0.34811 jepa=0.33680 hard=0.72546 hard_red=0.02093 oracle=0.60883 rank=0.04240 value=0.30092 cand=2.29391 pairs=313.5
[train-progress] epoch=13 [####--------------------] 150/900  16.7% loss=0.38023 jepa=0.33460 hard=0.72618 hard_red=0.02009 oracle=0.60966 rank=0.04142 value=0.30166 cand=2.29925 pairs=311.5
[train-progress] epoch=13 [####--------------------] 175/900  19.4% loss=0.38380 jepa=0.33925 hard=0.73277 hard_red=0.02189 oracle=0.60852 rank=0.04107 value=0.30110 cand=2.29554 pairs=310.0
[train-progress] epoch=13 [#####-------------------] 200/900  22.2% loss=0.38215 jepa=0.33700 hard=0.73407 hard_red=0.02293 oracle=0.60995 rank=0.04119 value=0.30112 cand=2.30102 pairs=309.9
[train-progress] epoch=13 [######------------------] 225/900  25.0% loss=0.38380 jepa=0.33503 hard=0.73832 hard_red=0.02433 oracle=0.61134 rank=0.04133 value=0.30738 cand=2.30526 pairs=307.8
[train-progress] epoch=13 [######------------------] 250/900  27.8% loss=0.37655 jepa=0.33430 hard=0.74916 hard_red=0.02471 oracle=0.60872 rank=0.04083 value=0.30983 cand=2.29547 pairs=307.3
[train-progress] epoch=13 [#######-----------------] 275/900  30.6% loss=0.36699 jepa=0.33229 hard=0.75048 hard_red=0.02398 oracle=0.60444 rank=0.04024 value=0.31227 cand=2.27928 pairs=307.7
[train-progress] epoch=13 [########----------------] 300/900  33.3% loss=0.37607 jepa=0.32990 hard=0.76470 hard_red=0.02386 oracle=0.60348 rank=0.03974 value=0.31489 cand=2.27613 pairs=307.8
[train-progress] epoch=13 [########----------------] 325/900  36.1% loss=0.38035 jepa=0.33012 hard=0.76765 hard_red=0.02409 oracle=0.60290 rank=0.03980 value=0.31496 cand=2.27365 pairs=308.7
[train-progress] epoch=13 [#########---------------] 350/900  38.9% loss=0.37468 jepa=0.32767 hard=0.76675 hard_red=0.02378 oracle=0.60327 rank=0.03960 value=0.31337 cand=2.27581 pairs=309.6
[train-progress] epoch=13 [##########--------------] 375/900  41.7% loss=0.38387 jepa=0.33142 hard=0.77579 hard_red=0.02443 oracle=0.60528 rank=0.03978 value=0.31211 cand=2.28366 pairs=309.6
[train-progress] epoch=13 [##########--------------] 400/900  44.4% loss=0.38008 jepa=0.33039 hard=0.77767 hard_red=0.02484 oracle=0.60407 rank=0.03960 value=0.31315 cand=2.27906 pairs=309.6
[train-progress] epoch=13 [###########-------------] 425/900  47.2% loss=0.37920 jepa=0.32936 hard=0.78127 hard_red=0.02458 oracle=0.60380 rank=0.03940 value=0.31097 cand=2.27876 pairs=309.7
[train-progress] epoch=13 [############------------] 450/900  50.0% loss=0.38486 jepa=0.32994 hard=0.78064 hard_red=0.02398 oracle=0.60411 rank=0.03928 value=0.31145 cand=2.28019 pairs=309.6
[train-progress] epoch=13 [############------------] 475/900  52.8% loss=0.39185 jepa=0.33057 hard=0.78096 hard_red=0.02454 oracle=0.60228 rank=0.03942 value=0.31344 cand=2.27223 pairs=309.7
[train-progress] epoch=13 [#############-----------] 500/900  55.6% loss=0.39540 jepa=0.32970 hard=0.79004 hard_red=0.02526 oracle=0.60275 rank=0.03947 value=0.31423 cand=2.27389 pairs=310.2
[train-progress] epoch=13 [##############----------] 525/900  58.3% loss=0.39915 jepa=0.32871 hard=0.79051 hard_red=0.02481 oracle=0.60418 rank=0.03966 value=0.31108 cand=2.27969 pairs=309.8
[train-progress] epoch=13 [##############----------] 550/900  61.1% loss=0.39691 jepa=0.32890 hard=0.78916 hard_red=0.02548 oracle=0.60399 rank=0.03949 value=0.31122 cand=2.27928 pairs=309.7
[train-progress] epoch=13 [###############---------] 575/900  63.9% loss=0.40550 jepa=0.32988 hard=0.78585 hard_red=0.02563 oracle=0.60558 rank=0.03961 value=0.30956 cand=2.28566 pairs=309.8
[train-progress] epoch=13 [################--------] 600/900  66.7% loss=0.41401 jepa=0.32996 hard=0.78103 hard_red=0.02527 oracle=0.60530 rank=0.03943 value=0.31191 cand=2.28455 pairs=310.4
[train-progress] epoch=13 [################--------] 625/900  69.4% loss=0.41212 jepa=0.33076 hard=0.78273 hard_red=0.02507 oracle=0.60433 rank=0.03943 value=0.31194 cand=2.28066 pairs=310.7
[train-progress] epoch=13 [#################-------] 650/900  72.2% loss=0.41591 jepa=0.33000 hard=0.77777 hard_red=0.02491 oracle=0.60460 rank=0.03963 value=0.31224 cand=2.28125 pairs=310.7
[train-progress] epoch=13 [##################------] 675/900  75.0% loss=0.41203 jepa=0.32917 hard=0.77458 hard_red=0.02454 oracle=0.60521 rank=0.03975 value=0.31160 cand=2.28353 pairs=310.6
[train-progress] epoch=13 [##################------] 700/900  77.8% loss=0.41194 jepa=0.32912 hard=0.77456 hard_red=0.02487 oracle=0.60475 rank=0.03963 value=0.31226 cand=2.28183 pairs=310.7
[train-progress] epoch=13 [###################-----] 725/900  80.6% loss=0.40514 jepa=0.32782 hard=0.77665 hard_red=0.02457 oracle=0.60431 rank=0.03964 value=0.31191 cand=2.28010 pairs=310.0
[train-progress] epoch=13 [####################----] 750/900  83.3% loss=0.40673 jepa=0.32771 hard=0.77448 hard_red=0.02460 oracle=0.60502 rank=0.03987 value=0.31046 cand=2.28269 pairs=309.9
[train-progress] epoch=13 [####################----] 775/900  86.1% loss=0.40564 jepa=0.32733 hard=0.77414 hard_red=0.02452 oracle=0.60383 rank=0.03968 value=0.31038 cand=2.27836 pairs=310.4
[train-progress] epoch=13 [#####################---] 800/900  88.9% loss=0.41354 jepa=0.32982 hard=0.77642 hard_red=0.02459 oracle=0.60427 rank=0.03980 value=0.30971 cand=2.27996 pairs=310.2
[train-progress] epoch=13 [######################--] 825/900  91.7% loss=0.41364 jepa=0.33010 hard=0.77411 hard_red=0.02448 oracle=0.60413 rank=0.03977 value=0.30999 cand=2.27942 pairs=309.7
[train-progress] epoch=13 [######################--] 850/900  94.4% loss=0.40994 jepa=0.32933 hard=0.77647 hard_red=0.02433 oracle=0.60396 rank=0.03965 value=0.30960 cand=2.27907 pairs=309.8
[train-progress] epoch=13 [#######################-] 875/900  97.2% loss=0.40916 jepa=0.32925 hard=0.77548 hard_red=0.02442 oracle=0.60337 rank=0.03956 value=0.31069 cand=2.27675 pairs=310.5
[train-progress] epoch=13 [########################] 900/900 100.0% loss=0.40865 jepa=0.32917 hard=0.77420 hard_red=0.02460 oracle=0.60318 rank=0.03959 value=0.31065 cand=2.27592 pairs=310.3
[train] epoch=13 horizon=5 train_loss=0.408650 val_loss=0.099381 train_steps=900
[train-progress] epoch=14 [------------------------] 1/900   0.1% loss=0.13867 jepa=0.28618 hard=1.41503 hard_red=0.00061 oracle=0.60253 rank=0.02813 value=0.28448 cand=2.30269 pairs=389.0
[train-progress] epoch=14 [------------------------] 25/900   2.8% loss=0.47413 jepa=0.32519 hard=0.86678 hard_red=0.02428 oracle=0.58118 rank=0.03906 value=0.32541 cand=2.18675 pairs=296.6
[train-progress] epoch=14 [#-----------------------] 50/900   5.6% loss=0.39254 jepa=0.32021 hard=0.83098 hard_red=0.02256 oracle=0.59022 rank=0.03806 value=0.31270 cand=2.22714 pairs=300.0
[train-progress] epoch=14 [##----------------------] 75/900   8.3% loss=0.34823 jepa=0.31052 hard=0.81756 hard_red=0.02469 oracle=0.60058 rank=0.03880 value=0.31193 cand=2.26707 pairs=303.5
[train-progress] epoch=14 [##----------------------] 100/900  11.1% loss=0.38803 jepa=0.31943 hard=0.82498 hard_red=0.02914 oracle=0.60262 rank=0.03959 value=0.30704 cand=2.27427 pairs=302.2
[train-progress] epoch=14 [###---------------------] 125/900  13.9% loss=0.36370 jepa=0.32428 hard=0.79726 hard_red=0.02599 oracle=0.60646 rank=0.03932 value=0.30570 cand=2.29042 pairs=304.6
[train-progress] epoch=14 [####--------------------] 150/900  16.7% loss=0.37124 jepa=0.31938 hard=0.80744 hard_red=0.02788 oracle=0.60686 rank=0.03944 value=0.30596 cand=2.29174 pairs=305.6
[train-progress] epoch=14 [####--------------------] 175/900  19.4% loss=0.35779 jepa=0.32198 hard=0.79210 hard_red=0.02879 oracle=0.60645 rank=0.03861 value=0.30662 cand=2.29182 pairs=303.8
[train-progress] epoch=14 [#####-------------------] 200/900  22.2% loss=0.37440 jepa=0.32925 hard=0.78766 hard_red=0.02828 oracle=0.60632 rank=0.03917 value=0.30726 cand=2.28995 pairs=303.2
[train-progress] epoch=14 [######------------------] 225/900  25.0% loss=0.38348 jepa=0.33308 hard=0.79034 hard_red=0.02805 oracle=0.60231 rank=0.03903 value=0.30818 cand=2.27406 pairs=303.2
[train-progress] epoch=14 [######------------------] 250/900  27.8% loss=0.40197 jepa=0.34171 hard=0.78671 hard_red=0.02840 oracle=0.59900 rank=0.03867 value=0.30799 cand=2.26162 pairs=303.4
[train-progress] epoch=14 [#######-----------------] 275/900  30.6% loss=0.38759 jepa=0.33819 hard=0.79658 hard_red=0.02790 oracle=0.60216 rank=0.03850 value=0.30737 cand=2.27474 pairs=303.6
[train-progress] epoch=14 [########----------------] 300/900  33.3% loss=0.39164 jepa=0.33820 hard=0.79119 hard_red=0.02761 oracle=0.60201 rank=0.03849 value=0.30631 cand=2.27436 pairs=302.9
[train-progress] epoch=14 [########----------------] 325/900  36.1% loss=0.39012 jepa=0.33891 hard=0.79386 hard_red=0.02832 oracle=0.60026 rank=0.03834 value=0.30381 cand=2.26808 pairs=302.8
[train-progress] epoch=14 [#########---------------] 350/900  38.9% loss=0.40549 jepa=0.34002 hard=0.79057 hard_red=0.02827 oracle=0.59972 rank=0.03825 value=0.30333 cand=2.26621 pairs=304.0
[train-progress] epoch=14 [##########--------------] 375/900  41.7% loss=0.39807 jepa=0.33793 hard=0.78646 hard_red=0.02824 oracle=0.60114 rank=0.03865 value=0.30206 cand=2.27119 pairs=305.0
[train-progress] epoch=14 [##########--------------] 400/900  44.4% loss=0.40573 jepa=0.33576 hard=0.78159 hard_red=0.02768 oracle=0.60096 rank=0.03877 value=0.30344 cand=2.27001 pairs=305.0
[train-progress] epoch=14 [###########-------------] 425/900  47.2% loss=0.40401 jepa=0.33507 hard=0.78709 hard_red=0.02781 oracle=0.60145 rank=0.03846 value=0.30207 cand=2.27284 pairs=304.7
[train-progress] epoch=14 [############------------] 450/900  50.0% loss=0.39709 jepa=0.33731 hard=0.78051 hard_red=0.02780 oracle=0.60194 rank=0.03835 value=0.30234 cand=2.27501 pairs=304.1
[train-progress] epoch=14 [############------------] 475/900  52.8% loss=0.39277 jepa=0.33736 hard=0.78183 hard_red=0.02770 oracle=0.60239 rank=0.03839 value=0.30073 cand=2.27698 pairs=303.9
[train-progress] epoch=14 [#############-----------] 500/900  55.6% loss=0.40159 jepa=0.33512 hard=0.78428 hard_red=0.02785 oracle=0.60211 rank=0.03819 value=0.30002 cand=2.27643 pairs=305.2
[train-progress] epoch=14 [##############----------] 525/900  58.3% loss=0.40377 jepa=0.33453 hard=0.78158 hard_red=0.02767 oracle=0.60135 rank=0.03813 value=0.29945 cand=2.27360 pairs=304.8
[train-progress] epoch=14 [##############----------] 550/900  61.1% loss=0.40344 jepa=0.33515 hard=0.77892 hard_red=0.02811 oracle=0.60203 rank=0.03820 value=0.29925 cand=2.27619 pairs=305.7
[train-progress] epoch=14 [###############---------] 575/900  63.9% loss=0.40211 jepa=0.33426 hard=0.77744 hard_red=0.02794 oracle=0.60132 rank=0.03815 value=0.29921 cand=2.27348 pairs=306.1
[train-progress] epoch=14 [################--------] 600/900  66.7% loss=0.39435 jepa=0.33424 hard=0.78116 hard_red=0.02748 oracle=0.60240 rank=0.03837 value=0.29882 cand=2.27739 pairs=306.3
[train-progress] epoch=14 [################--------] 625/900  69.4% loss=0.38665 jepa=0.33246 hard=0.77711 hard_red=0.02732 oracle=0.60203 rank=0.03825 value=0.29846 cand=2.27624 pairs=306.0
[train-progress] epoch=14 [#################-------] 650/900  72.2% loss=0.38611 jepa=0.33220 hard=0.77989 hard_red=0.02760 oracle=0.60264 rank=0.03830 value=0.29799 cand=2.27861 pairs=305.8
[train-progress] epoch=14 [##################------] 675/900  75.0% loss=0.37911 jepa=0.33094 hard=0.77849 hard_red=0.02705 oracle=0.60300 rank=0.03829 value=0.29707 cand=2.28022 pairs=306.3
[train-progress] epoch=14 [##################------] 700/900  77.8% loss=0.38043 jepa=0.33103 hard=0.77866 hard_red=0.02711 oracle=0.60378 rank=0.03853 value=0.29669 cand=2.28287 pairs=306.8
[train-progress] epoch=14 [###################-----] 725/900  80.6% loss=0.38027 jepa=0.33052 hard=0.77376 hard_red=0.02685 oracle=0.60478 rank=0.03862 value=0.29693 cand=2.28664 pairs=306.3
[train-progress] epoch=14 [####################----] 750/900  83.3% loss=0.37866 jepa=0.32958 hard=0.77409 hard_red=0.02683 oracle=0.60438 rank=0.03849 value=0.29806 cand=2.28516 pairs=306.7
[train-progress] epoch=14 [####################----] 775/900  86.1% loss=0.38050 jepa=0.32952 hard=0.77668 hard_red=0.02690 oracle=0.60421 rank=0.03852 value=0.29904 cand=2.28427 pairs=306.7
[train-progress] epoch=14 [#####################---] 800/900  88.9% loss=0.37989 jepa=0.32946 hard=0.77612 hard_red=0.02654 oracle=0.60466 rank=0.03868 value=0.29893 cand=2.28571 pairs=306.3
[train-progress] epoch=14 [######################--] 825/900  91.7% loss=0.38169 jepa=0.33026 hard=0.77177 hard_red=0.02658 oracle=0.60409 rank=0.03887 value=0.29894 cand=2.28300 pairs=306.8
[train-progress] epoch=14 [######################--] 850/900  94.4% loss=0.38113 jepa=0.32951 hard=0.77573 hard_red=0.02707 oracle=0.60385 rank=0.03864 value=0.29964 cand=2.28244 pairs=306.9
[train-progress] epoch=14 [#######################-] 875/900  97.2% loss=0.38300 jepa=0.33001 hard=0.77472 hard_red=0.02720 oracle=0.60357 rank=0.03877 value=0.29932 cand=2.28109 pairs=307.0
[train-progress] epoch=14 [########################] 900/900 100.0% loss=0.37934 jepa=0.32922 hard=0.77690 hard_red=0.02704 oracle=0.60301 rank=0.03880 value=0.29987 cand=2.27871 pairs=307.3
[train] epoch=14 horizon=5 train_loss=0.379340 val_loss=0.099481 train_steps=900
[2026-07-07T00:17:06+08:00] done name=reward_rank_v3_safe run_dir=runs/planner_aligned_reward_rank_v3_safe
