[v3_derived_hard_reduction_hybrid gpu4] [2026-07-04T16:17:42+08:00] start name=v3_derived_hard_reduction_hybrid gpu=4 score_field=derived_hard_reduction_hybrid_pred checkpoint=runs/mainline_accuracy_improve_v3_hard_precision/best.pt
[v3_derived_hard_reduction_hybrid gpu4] [gmean] 2026-07-04T16:17:42 out_dir=autoresearch/improve-260704-1035/b21_world_rerank_hard_scores/v3_derived_hard_reduction_hybrid
[v3_derived_hard_reduction_hybrid gpu4] [gmean] 2026-07-04T16:17:42 budgets=iscas99__b21:628
[v3_derived_hard_reduction_hybrid gpu4] [gmean] 2026-07-04T16:17:42 variant_start id=greedy__cumulative__derived_hard_reduction_hybrid_pred__bw1__d1__c96__g1p0__candheuristic_recall_pool__div0p0__s0
[v3_derived_hard_reduction_hybrid gpu4] [gmean] 2026-07-04T16:17:42 [1/1] plan_start benchmark=iscas99__b21 budget=628 planner=greedy score=derived_hard_reduction_hybrid_pred
[v3_derived_hard_reduction_hybrid gpu4] [plan iscas99__b21] [plan] step=1 node=N1437 type=observe derived_hard_reduction_hybrid_pred=-2.380775 sequence=-2.380775
[v3_derived_hard_reduction_hybrid gpu4] [plan iscas99__b21] [plan] step=2 node=N1442 type=observe derived_hard_reduction_hybrid_pred=-3.692148 sequence=-6.072922
[v3_derived_hard_reduction_hybrid gpu4] [plan iscas99__b21] [plan] step=3 node=N14400 type=observe derived_hard_reduction_hybrid_pred=-3.698413 sequence=-9.771335
[v3_derived_hard_reduction_hybrid gpu4] [plan iscas99__b21] [plan] step=4 node=N4687 type=observe derived_hard_reduction_hybrid_pred=-2.875430 sequence=-12.646765
[v3_derived_hard_reduction_hybrid gpu4] [plan iscas99__b21] [plan] step=5 node=N4692 type=observe derived_hard_reduction_hybrid_pred=-1.971535 sequence=-14.618300
[v3_derived_hard_reduction_hybrid gpu4] [plan iscas99__b21] [plan] step=6 node=N857 type=observe derived_hard_reduction_hybrid_pred=-1.003732 sequence=-15.622033
[v3_derived_hard_reduction_hybrid gpu4] [plan iscas99__b21] [plan] step=7 node=N26421 type=observe derived_hard_reduction_hybrid_pred=-0.284274 sequence=-15.906307
[v3_derived_hard_reduction_hybrid gpu4] [plan iscas99__b21] [plan] step=8 node=N27267 type=observe derived_hard_reduction_hybrid_pred=0.351249 sequence=-15.555058
[v3_derived_hard_reduction_hybrid gpu4] [plan iscas99__b21] [plan] step=9 node=N21039 type=observe derived_hard_reduction_hybrid_pred=0.736737 sequence=-14.818321
[v3_derived_hard_reduction_hybrid gpu4] [plan iscas99__b21] [plan] step=10 node=N21048 type=observe derived_hard_reduction_hybrid_pred=0.690880 sequence=-14.127442
[v3_derived_hard_reduction_hybrid gpu4] [plan iscas99__b21] [plan] step=11 node=N21038 type=observe derived_hard_reduction_hybrid_pred=0.865957 sequence=-13.261484
[v3_derived_hard_reduction_hybrid gpu4] [plan iscas99__b21] [plan] step=12 node=N8163 type=observe derived_hard_reduction_hybrid_pred=1.309237 sequence=-11.952247
[v3_derived_hard_reduction_hybrid gpu4] [plan iscas99__b21] [plan] step=13 node=N21047 type=observe derived_hard_reduction_hybrid_pred=1.055892 sequence=-10.896356
[v3_derived_hard_reduction_hybrid gpu4] [plan iscas99__b21] [plan] step=14 node=N21946 type=observe derived_hard_reduction_hybrid_pred=0.973777 sequence=-9.922579
[v3_derived_hard_reduction_hybrid gpu4] [plan iscas99__b21] [plan] step=15 node=N21937 type=observe derived_hard_reduction_hybrid_pred=0.980444 sequence=-8.942135
[v3_derived_hard_reduction_hybrid gpu4] [plan iscas99__b21] [plan] step=16 node=N21945 type=observe derived_hard_reduction_hybrid_pred=0.959515 sequence=-7.982620
[v3_derived_hard_reduction_hybrid gpu4] [plan iscas99__b21] [plan] step=17 node=N21936 type=observe derived_hard_reduction_hybrid_pred=0.878627 sequence=-7.103993
[v3_derived_hard_reduction_hybrid gpu4] [plan iscas99__b21] [plan] step=18 node=N22419 type=observe derived_hard_reduction_hybrid_pred=0.752352 sequence=-6.351641
[v3_derived_hard_reduction_hybrid gpu4] [plan iscas99__b21] [plan] step=19 node=N22432 type=observe derived_hard_reduction_hybrid_pred=0.658339 sequence=-5.693302
[v3_derived_hard_reduction_hybrid gpu4] [plan iscas99__b21] [plan] step=20 node=N22469 type=observe derived_hard_reduction_hybrid_pred=0.534165 sequence=-5.159137
[v3_derived_hard_reduction_hybrid gpu4] [plan iscas99__b21] [plan] step=21 node=N22481 type=observe derived_hard_reduction_hybrid_pred=0.406357 sequence=-4.752780
[v3_derived_hard_reduction_hybrid gpu4] [plan iscas99__b21] [plan] step=22 node=N14471 type=observe derived_hard_reduction_hybrid_pred=0.282597 sequence=-4.470182
[v3_derived_hard_reduction_hybrid gpu4] [plan iscas99__b21] [plan] step=23 node=N8672 type=observe derived_hard_reduction_hybrid_pred=0.158905 sequence=-4.311277
[v3_derived_hard_reduction_hybrid gpu4] [plan iscas99__b21] [plan] step=24 node=N22420 type=observe derived_hard_reduction_hybrid_pred=0.036504 sequence=-4.274773
[v3_derived_hard_reduction_hybrid gpu4] [plan iscas99__b21] [plan] step=25 node=N22433 type=observe derived_hard_reduction_hybrid_pred=-0.051468 sequence=-4.326242
[v3_derived_hard_reduction_hybrid gpu4] [plan iscas99__b21] [plan] step=26 node=N29757 type=observe derived_hard_reduction_hybrid_pred=-0.131985 sequence=-4.458226
[v3_derived_hard_reduction_hybrid gpu4] [plan iscas99__b21] [plan] step=27 node=N8662 type=observe derived_hard_reduction_hybrid_pred=-0.201901 sequence=-4.660128
[v3_derived_hard_reduction_hybrid gpu4] [plan iscas99__b21] [plan] step=28 node=N8667 type=observe derived_hard_reduction_hybrid_pred=-0.265355 sequence=-4.925483
[v3_derived_hard_reduction_hybrid gpu4] [plan iscas99__b21] [plan] step=29 node=N22470 type=observe derived_hard_reduction_hybrid_pred=-0.312862 sequence=-5.238345
[v3_derived_hard_reduction_hybrid gpu4] [plan iscas99__b21] [plan] step=30 node=N8682 type=observe derived_hard_reduction_hybrid_pred=-0.348437 sequence=-5.586781
[v3_derived_hard_reduction_hybrid gpu4] [plan iscas99__b21] [plan] step=31 node=N29819 type=observe derived_hard_reduction_hybrid_pred=-0.379570 sequence=-5.966351
[v3_derived_hard_reduction_hybrid gpu4] [plan iscas99__b21] [plan] step=32 node=N22457 type=observe derived_hard_reduction_hybrid_pred=-0.404113 sequence=-6.370465
[v3_derived_hard_reduction_hybrid gpu4] [plan iscas99__b21] [plan] step=33 node=N22458 type=observe derived_hard_reduction_hybrid_pred=-0.405415 sequence=-6.775879
[v3_derived_hard_reduction_hybrid gpu4] [plan iscas99__b21] [plan] step=34 node=N22482 type=observe derived_hard_reduction_hybrid_pred=-0.378923 sequence=-7.154802
[v3_derived_hard_reduction_hybrid gpu4] [plan iscas99__b21] [plan] step=35 node=N22445 type=observe derived_hard_reduction_hybrid_pred=-0.347512 sequence=-7.502314
[v3_derived_hard_reduction_hybrid gpu4] [plan iscas99__b21] [plan] step=36 node=N23208 type=observe derived_hard_reduction_hybrid_pred=-0.302803 sequence=-7.805117
[v3_derived_hard_reduction_hybrid gpu4] [plan iscas99__b21] [plan] step=37 node=N4683 type=observe derived_hard_reduction_hybrid_pred=-0.233943 sequence=-8.039060
[v3_derived_hard_reduction_hybrid gpu4] [plan iscas99__b21] [plan] step=38 node=N4684 type=observe derived_hard_reduction_hybrid_pred=-0.203579 sequence=-8.242639
[v3_derived_hard_reduction_hybrid gpu4] [plan iscas99__b21] [plan] step=39 node=N4685 type=observe derived_hard_reduction_hybrid_pred=-0.170709 sequence=-8.413348
[v3_derived_hard_reduction_hybrid gpu4] [plan iscas99__b21] [plan] step=40 node=N4688 type=observe derived_hard_reduction_hybrid_pred=-0.135090 sequence=-8.548438
[v3_derived_hard_reduction_hybrid gpu4] [plan iscas99__b21] [plan] step=41 node=N4689 type=observe derived_hard_reduction_hybrid_pred=-0.107766 sequence=-8.656205
[v3_derived_hard_reduction_hybrid gpu4] [plan iscas99__b21] [plan] step=42 node=N4690 type=observe derived_hard_reduction_hybrid_pred=-0.085742 sequence=-8.741947
[v3_derived_hard_reduction_hybrid gpu4] [plan iscas99__b21] [plan] step=43 node=N14782 type=observe derived_hard_reduction_hybrid_pred=-0.073650 sequence=-8.815597
[v3_derived_hard_reduction_hybrid gpu4] [plan iscas99__b21] [plan] step=44 node=N1433 type=observe derived_hard_reduction_hybrid_pred=-0.049975 sequence=-8.865572
[v3_derived_hard_reduction_hybrid gpu4] [plan iscas99__b21] [plan] step=45 node=N1434 type=observe derived_hard_reduction_hybrid_pred=-0.041428 sequence=-8.907001
[v3_derived_hard_reduction_hybrid gpu4] [plan iscas99__b21] [plan] step=46 node=N1435 type=observe derived_hard_reduction_hybrid_pred=-0.033022 sequence=-8.940022
[v3_derived_hard_reduction_hybrid gpu4] [plan iscas99__b21] [plan] step=47 node=N1438 type=observe derived_hard_reduction_hybrid_pred=-0.024120 sequence=-8.964143
[v3_derived_hard_reduction_hybrid gpu4] [plan iscas99__b21] [plan] step=48 node=N1439 type=observe derived_hard_reduction_hybrid_pred=-0.016339 sequence=-8.980481
[v3_derived_hard_reduction_hybrid gpu4] [plan iscas99__b21] [plan] step=49 node=N1440 type=observe derived_hard_reduction_hybrid_pred=-0.011849 sequence=-8.992331
[v3_derived_hard_reduction_hybrid gpu4] [plan iscas99__b21] [plan] step=50 node=N34078 type=observe derived_hard_reduction_hybrid_pred=-0.009101 sequence=-9.001432
[v3_derived_hard_reduction_hybrid gpu4] [plan iscas99__b21] [plan] step=51 node=N29794 type=observe derived_hard_reduction_hybrid_pred=-0.015386 sequence=-9.016818
[v3_derived_hard_reduction_hybrid gpu4] [plan iscas99__b21] [plan] step=52 node=N8745 type=observe derived_hard_reduction_hybrid_pred=-0.014432 sequence=-9.031250
[v3_derived_hard_reduction_hybrid gpu4] [plan iscas99__b21] [plan] step=53 node=N8687 type=observe derived_hard_reduction_hybrid_pred=-0.011542 sequence=-9.042792
[v3_derived_hard_reduction_hybrid gpu4] [plan iscas99__b21] [plan] step=54 node=N38467 type=observe derived_hard_reduction_hybrid_pred=-0.011891 sequence=-9.054683
[v3_derived_hard_reduction_hybrid gpu4] [plan iscas99__b21] [plan] step=55 node=N38449 type=observe derived_hard_reduction_hybrid_pred=-0.009814 sequence=-9.064497
[v3_derived_hard_reduction_hybrid gpu4] [plan iscas99__b21] [plan] step=56 node=N38482 type=observe derived_hard_reduction_hybrid_pred=-0.008290 sequence=-9.072787
[v3_derived_hard_reduction_hybrid gpu4] [plan iscas99__b21] [plan] step=57 node=N38638 type=observe derived_hard_reduction_hybrid_pred=-0.007141 sequence=-9.079928
[v3_derived_hard_reduction_hybrid gpu4] [plan iscas99__b21] [plan] step=58 node=N29792 type=observe derived_hard_reduction_hybrid_pred=-0.004200 sequence=-9.084128
[v3_derived_hard_reduction_hybrid gpu4] [plan iscas99__b21] [plan] step=59 node=N38458 type=observe derived_hard_reduction_hybrid_pred=-0.007153 sequence=-9.091280
[v3_derived_hard_reduction_hybrid gpu4] [plan iscas99__b21] [plan] step=60 node=N29800 type=observe derived_hard_reduction_hybrid_pred=-0.004875 sequence=-9.096155
[v3_derived_hard_reduction_hybrid gpu4] [plan iscas99__b21] [plan] step=61 node=N22446 type=observe derived_hard_reduction_hybrid_pred=-0.009988 sequence=-9.106143
[v3_derived_hard_reduction_hybrid gpu4] [plan iscas99__b21] [plan] step=62 node=N38548 type=observe derived_hard_reduction_hybrid_pred=-0.010552 sequence=-9.116695
[v3_derived_hard_reduction_hybrid gpu4] [plan iscas99__b21] [plan] step=63 node=N38515 type=observe derived_hard_reduction_hybrid_pred=-0.009636 sequence=-9.126331
[v3_derived_hard_reduction_hybrid gpu4] [plan iscas99__b21] [plan] step=64 node=N8692 type=observe derived_hard_reduction_hybrid_pred=-0.006916 sequence=-9.133247
[v3_derived_hard_reduction_hybrid gpu4] [plan iscas99__b21] [plan] step=65 node=N38470 type=observe derived_hard_reduction_hybrid_pred=-0.007763 sequence=-9.141010
[v3_derived_hard_reduction_hybrid gpu4] [plan iscas99__b21] [plan] step=66 node=N38485 type=observe derived_hard_reduction_hybrid_pred=-0.007719 sequence=-9.148729
[v3_derived_hard_reduction_hybrid gpu4] [plan iscas99__b21] [plan] step=67 node=N38494 type=observe derived_hard_reduction_hybrid_pred=-0.007755 sequence=-9.156484
[v3_derived_hard_reduction_hybrid gpu4] [plan iscas99__b21] [plan] step=68 node=N38503 type=observe derived_hard_reduction_hybrid_pred=-0.009006 sequence=-9.165491
[v3_derived_hard_reduction_hybrid gpu4] [plan iscas99__b21] [plan] step=69 node=N38572 type=observe derived_hard_reduction_hybrid_pred=-0.008190 sequence=-9.173680
[v3_derived_hard_reduction_hybrid gpu4] [plan iscas99__b21] [plan] step=70 node=N38461 type=observe derived_hard_reduction_hybrid_pred=-0.008925 sequence=-9.182606
[v3_derived_hard_reduction_hybrid gpu4] [plan iscas99__b21] [plan] step=71 node=N38587 type=observe derived_hard_reduction_hybrid_pred=-0.007912 sequence=-9.190518
[v3_derived_hard_reduction_hybrid gpu4] [plan iscas99__b21] [plan] step=72 node=N8677 type=observe derived_hard_reduction_hybrid_pred=-0.007918 sequence=-9.198436
[v3_derived_hard_reduction_hybrid gpu4] [plan iscas99__b21] [plan] step=73 node=N38602 type=observe derived_hard_reduction_hybrid_pred=-0.008549 sequence=-9.206984
[v3_derived_hard_reduction_hybrid gpu4] [plan iscas99__b21] [plan] step=74 node=N38596 type=observe derived_hard_reduction_hybrid_pred=-0.009351 sequence=-9.216336
[v3_derived_hard_reduction_hybrid gpu4] [plan iscas99__b21] [plan] step=75 node=N38617 type=observe derived_hard_reduction_hybrid_pred=-0.008425 sequence=-9.224761
[v3_derived_hard_reduction_hybrid gpu4] [plan iscas99__b21] [plan] step=76 node=N38581 type=observe derived_hard_reduction_hybrid_pred=-0.009460 sequence=-9.234221
[v3_derived_hard_reduction_hybrid gpu4] [plan iscas99__b21] [plan] step=77 node=N38626 type=observe derived_hard_reduction_hybrid_pred=-0.009355 sequence=-9.243576
[v3_derived_hard_reduction_hybrid gpu4] [plan iscas99__b21] [plan] step=78 node=N38518 type=observe derived_hard_reduction_hybrid_pred=-0.008416 sequence=-9.251992
[v3_derived_hard_reduction_hybrid gpu4] [plan iscas99__b21] [plan] step=79 node=N38527 type=observe derived_hard_reduction_hybrid_pred=-0.008606 sequence=-9.260597
[v3_derived_hard_reduction_hybrid gpu4] [plan iscas99__b21] [plan] step=80 node=N38443 type=observe derived_hard_reduction_hybrid_pred=-0.009365 sequence=-9.269962
[v3_derived_hard_reduction_hybrid gpu4] [plan iscas99__b21] [plan] step=81 node=N38491 type=observe derived_hard_reduction_hybrid_pred=-0.008647 sequence=-9.278609
[v3_derived_hard_reduction_hybrid gpu4] [plan iscas99__b21] [plan] step=82 node=N38500 type=observe derived_hard_reduction_hybrid_pred=-0.007617 sequence=-9.286226
[v3_derived_hard_reduction_hybrid gpu4] [plan iscas99__b21] [plan] step=83 node=N38557 type=observe derived_hard_reduction_hybrid_pred=-0.005888 sequence=-9.292114
[v3_derived_hard_reduction_hybrid gpu4] [plan iscas99__b21] [plan] step=84 node=N38476 type=observe derived_hard_reduction_hybrid_pred=-0.006366 sequence=-9.298480
[v3_derived_hard_reduction_hybrid gpu4] [plan iscas99__b21] [plan] step=85 node=N38611 type=observe derived_hard_reduction_hybrid_pred=-0.005900 sequence=-9.304380
[v3_derived_hard_reduction_hybrid gpu4] [plan iscas99__b21] [plan] step=86 node=N38452 type=observe derived_hard_reduction_hybrid_pred=-0.005716 sequence=-9.310095
[v3_derived_hard_reduction_hybrid gpu4] [plan iscas99__b21] [plan] step=87 node=N38578 type=observe derived_hard_reduction_hybrid_pred=-0.005691 sequence=-9.315786
[v3_derived_hard_reduction_hybrid gpu4] [plan iscas99__b21] [plan] step=88 node=N38464 type=observe derived_hard_reduction_hybrid_pred=-0.004423 sequence=-9.320209
[v3_derived_hard_reduction_hybrid gpu4] [plan iscas99__b21] [plan] step=89 node=N38473 type=observe derived_hard_reduction_hybrid_pred=-0.003479 sequence=-9.323688
[v3_derived_hard_reduction_hybrid gpu4] [plan iscas99__b21] [plan] step=90 node=N38593 type=observe derived_hard_reduction_hybrid_pred=-0.004563 sequence=-9.328251
[v3_derived_hard_reduction_hybrid gpu4] [plan iscas99__b21] [plan] step=91 node=N38536 type=observe derived_hard_reduction_hybrid_pred=-0.004734 sequence=-9.332985
[v3_derived_hard_reduction_hybrid gpu4] [plan iscas99__b21] [plan] step=92 node=N38542 type=observe derived_hard_reduction_hybrid_pred=-0.004293 sequence=-9.337279
[v3_derived_hard_reduction_hybrid gpu4] [plan iscas99__b21] [plan] step=93 node=N38506 type=observe derived_hard_reduction_hybrid_pred=-0.002940 sequence=-9.340218
[v3_derived_hard_reduction_hybrid gpu4] [plan iscas99__b21] [plan] step=94 node=N38632 type=observe derived_hard_reduction_hybrid_pred=-0.003240 sequence=-9.343458
[v3_derived_hard_reduction_hybrid gpu4] [plan iscas99__b21] [plan] step=95 node=N38641 type=observe derived_hard_reduction_hybrid_pred=-0.003631 sequence=-9.347089
[v3_derived_hard_reduction_hybrid gpu4] [plan iscas99__b21] [plan] step=96 node=N38623 type=observe derived_hard_reduction_hybrid_pred=-0.003613 sequence=-9.350702
[v3_derived_hard_reduction_hybrid gpu4] [plan iscas99__b21] [plan] step=97 node=N38584 type=observe derived_hard_reduction_hybrid_pred=-0.003031 sequence=-9.353733
[v3_derived_hard_reduction_hybrid gpu4] [plan iscas99__b21] [plan] step=98 node=N38608 type=observe derived_hard_reduction_hybrid_pred=-0.002792 sequence=-9.356525
[v3_derived_hard_reduction_hybrid gpu4] [plan iscas99__b21] [plan] step=99 node=N38599 type=observe derived_hard_reduction_hybrid_pred=-0.002302 sequence=-9.358827
[v3_derived_hard_reduction_hybrid gpu4] [plan iscas99__b21] [plan] step=100 node=N38446 type=observe derived_hard_reduction_hybrid_pred=-0.002363 sequence=-9.361191
[v3_derived_hard_reduction_hybrid gpu4] [plan iscas99__b21] [plan] step=101 node=N22605 type=observe derived_hard_reduction_hybrid_pred=-0.002382 sequence=-9.363572
[v3_derived_hard_reduction_hybrid gpu4] [plan iscas99__b21] [plan] step=102 node=N38509 type=observe derived_hard_reduction_hybrid_pred=-0.002547 sequence=-9.366119
[v3_derived_hard_reduction_hybrid gpu4] [plan iscas99__b21] [plan] step=103 node=N38629 type=observe derived_hard_reduction_hybrid_pred=-0.001880 sequence=-9.367999
[v3_derived_hard_reduction_hybrid gpu4] [plan iscas99__b21] [plan] step=104 node=N38479 type=observe derived_hard_reduction_hybrid_pred=-0.002253 sequence=-9.370252
[v3_derived_hard_reduction_hybrid gpu4] [plan iscas99__b21] [plan] step=105 node=N38521 type=observe derived_hard_reduction_hybrid_pred=-0.001567 sequence=-9.371819
[v3_derived_hard_reduction_hybrid gpu4] [plan iscas99__b21] [plan] step=106 node=N38530 type=observe derived_hard_reduction_hybrid_pred=-0.001653 sequence=-9.373472
[v3_derived_hard_reduction_hybrid gpu4] [plan iscas99__b21] [plan] step=107 node=N38614 type=observe derived_hard_reduction_hybrid_pred=-0.002026 sequence=-9.375499
[v3_derived_hard_reduction_hybrid gpu4] [plan iscas99__b21] [plan] step=108 node=N38455 type=observe derived_hard_reduction_hybrid_pred=-0.001892 sequence=-9.377390
[v3_derived_hard_reduction_hybrid gpu4] [plan iscas99__b21] [plan] step=109 node=N38566 type=observe derived_hard_reduction_hybrid_pred=-0.002039 sequence=-9.379429
[v3_derived_hard_reduction_hybrid gpu4] [plan iscas99__b21] [plan] step=110 node=N38560 type=observe derived_hard_reduction_hybrid_pred=-0.001910 sequence=-9.381339
[v3_derived_hard_reduction_hybrid gpu4] [plan iscas99__b21] [plan] step=111 node=N38551 type=observe derived_hard_reduction_hybrid_pred=-0.001855 sequence=-9.383193
[v3_derived_hard_reduction_hybrid gpu4] [plan iscas99__b21] [plan] step=112 node=N38539 type=observe derived_hard_reduction_hybrid_pred=-0.001794 sequence=-9.384987
[v3_derived_hard_reduction_hybrid gpu4] [plan iscas99__b21] [plan] step=113 node=N38635 type=observe derived_hard_reduction_hybrid_pred=-0.001959 sequence=-9.386946
[v3_derived_hard_reduction_hybrid gpu4] [plan iscas99__b21] [plan] step=114 node=N38644 type=observe derived_hard_reduction_hybrid_pred=-0.001732 sequence=-9.388678
[v3_derived_hard_reduction_hybrid gpu4] [plan iscas99__b21] [plan] step=115 node=N34098 type=observe derived_hard_reduction_hybrid_pred=0.000839 sequence=-9.387839
[v3_derived_hard_reduction_hybrid gpu4] [plan iscas99__b21] [plan] step=116 node=N38497 type=observe derived_hard_reduction_hybrid_pred=-0.001830 sequence=-9.389670
[v3_derived_hard_reduction_hybrid gpu4] [plan iscas99__b21] [plan] step=117 node=N38488 type=observe derived_hard_reduction_hybrid_pred=-0.002663 sequence=-9.392332
[v3_derived_hard_reduction_hybrid gpu4] [plan iscas99__b21] [plan] step=118 node=N38545 type=observe derived_hard_reduction_hybrid_pred=-0.002387 sequence=-9.394719
[v3_derived_hard_reduction_hybrid gpu4] [plan iscas99__b21] [plan] step=119 node=N38512 type=observe derived_hard_reduction_hybrid_pred=-0.002326 sequence=-9.397045
[v3_derived_hard_reduction_hybrid gpu4] [plan iscas99__b21] [plan] step=120 node=N38575 type=observe derived_hard_reduction_hybrid_pred=-0.001806 sequence=-9.398851
[v3_derived_hard_reduction_hybrid gpu4] [plan iscas99__b21] [plan] step=121 node=N8744 type=observe derived_hard_reduction_hybrid_pred=-0.001285 sequence=-9.400136
[v3_derived_hard_reduction_hybrid gpu4] [plan iscas99__b21] [plan] step=122 node=N38524 type=observe derived_hard_reduction_hybrid_pred=-0.001781 sequence=-9.401917
[v3_derived_hard_reduction_hybrid gpu4] [plan iscas99__b21] [plan] step=123 node=N14786 type=observe derived_hard_reduction_hybrid_pred=-0.000092 sequence=-9.402009
[v3_derived_hard_reduction_hybrid gpu4] [plan iscas99__b21] [plan] step=124 node=N4686 type=observe derived_hard_reduction_hybrid_pred=0.001114 sequence=-9.400895
[v3_derived_hard_reduction_hybrid gpu4] [plan iscas99__b21] [plan] step=125 node=N4691 type=observe derived_hard_reduction_hybrid_pred=0.000887 sequence=-9.400008
[v3_derived_hard_reduction_hybrid gpu4] [plan iscas99__b21] [plan] step=126 node=N21930 type=observe derived_hard_reduction_hybrid_pred=0.000802 sequence=-9.399206
[v3_derived_hard_reduction_hybrid gpu4] [plan iscas99__b21] [plan] step=127 node=N21932 type=observe derived_hard_reduction_hybrid_pred=-0.000361 sequence=-9.399567
[v3_derived_hard_reduction_hybrid gpu4] [plan iscas99__b21] [plan] step=128 node=N21934 type=observe derived_hard_reduction_hybrid_pred=-0.000649 sequence=-9.400216
[v3_derived_hard_reduction_hybrid gpu4] [plan iscas99__b21] [plan] step=129 node=N21939 type=observe derived_hard_reduction_hybrid_pred=-0.000153 sequence=-9.400369
[v3_derived_hard_reduction_hybrid gpu4] [plan iscas99__b21] [plan] step=130 node=N21941 type=observe derived_hard_reduction_hybrid_pred=-0.000838 sequence=-9.401207
[v3_derived_hard_reduction_hybrid gpu4] [plan iscas99__b21] [plan] step=131 node=N21943 type=observe derived_hard_reduction_hybrid_pred=-0.001016 sequence=-9.402223
[v3_derived_hard_reduction_hybrid gpu4] [plan iscas99__b21] [plan] step=132 node=N1436 type=observe derived_hard_reduction_hybrid_pred=-0.000673 sequence=-9.402896
[v3_derived_hard_reduction_hybrid gpu4] [plan iscas99__b21] [plan] step=133 node=N1441 type=observe derived_hard_reduction_hybrid_pred=-0.000685 sequence=-9.403582
[v3_derived_hard_reduction_hybrid gpu4] [plan iscas99__b21] [plan] step=134 node=N21032 type=observe derived_hard_reduction_hybrid_pred=-0.000392 sequence=-9.403974
[v3_derived_hard_reduction_hybrid gpu4] [plan iscas99__b21] [plan] step=135 node=N21034 type=observe derived_hard_reduction_hybrid_pred=-0.001218 sequence=-9.405191
[v3_derived_hard_reduction_hybrid gpu4] [plan iscas99__b21] [plan] step=136 node=N21036 type=observe derived_hard_reduction_hybrid_pred=-0.001157 sequence=-9.406348
[v3_derived_hard_reduction_hybrid gpu4] [plan iscas99__b21] [plan] step=137 node=N21041 type=observe derived_hard_reduction_hybrid_pred=-0.000502 sequence=-9.406850
[v3_derived_hard_reduction_hybrid gpu4] [plan iscas99__b21] [plan] step=138 node=N21043 type=observe derived_hard_reduction_hybrid_pred=-0.001004 sequence=-9.407854
[v3_derived_hard_reduction_hybrid gpu4] [plan iscas99__b21] [plan] step=139 node=N21045 type=observe derived_hard_reduction_hybrid_pred=-0.000887 sequence=-9.408741
[v3_derived_hard_reduction_hybrid gpu4] [plan iscas99__b21] [plan] step=140 node=N14789 type=observe derived_hard_reduction_hybrid_pred=-0.001493 sequence=-9.410234
[v3_derived_hard_reduction_hybrid gpu4] [plan iscas99__b21] [plan] step=141 node=N8768 type=observe derived_hard_reduction_hybrid_pred=-0.001291 sequence=-9.411526
[v3_derived_hard_reduction_hybrid gpu4] [plan iscas99__b21] [plan] step=142 node=N38533 type=observe derived_hard_reduction_hybrid_pred=-0.001530 sequence=-9.413055
[v3_derived_hard_reduction_hybrid gpu4] [plan iscas99__b21] [plan] step=143 node=N38569 type=observe derived_hard_reduction_hybrid_pred=-0.001597 sequence=-9.414653
[v3_derived_hard_reduction_hybrid gpu4] [plan iscas99__b21] [plan] step=144 node=N38563 type=observe derived_hard_reduction_hybrid_pred=-0.001297 sequence=-9.415950
[v3_derived_hard_reduction_hybrid gpu4] [plan iscas99__b21] [plan] step=145 node=N38554 type=observe derived_hard_reduction_hybrid_pred=-0.000985 sequence=-9.416935
[v3_derived_hard_reduction_hybrid gpu4] [plan iscas99__b21] [plan] step=146 node=N38590 type=observe derived_hard_reduction_hybrid_pred=-0.000691 sequence=-9.417627
[v3_derived_hard_reduction_hybrid gpu4] [plan iscas99__b21] [plan] step=147 node=N14779 type=observe derived_hard_reduction_hybrid_pred=-0.000802 sequence=-9.418428
[v3_derived_hard_reduction_hybrid gpu4] [plan iscas99__b21] [plan] step=148 node=N14780 type=observe derived_hard_reduction_hybrid_pred=-0.000606 sequence=-9.419034
[v3_derived_hard_reduction_hybrid gpu4] [plan iscas99__b21] [plan] step=149 node=N38620 type=observe derived_hard_reduction_hybrid_pred=-0.000275 sequence=-9.419310
[v3_derived_hard_reduction_hybrid gpu4] [plan iscas99__b21] [plan] step=150 node=N14781 type=observe derived_hard_reduction_hybrid_pred=-0.000098 sequence=-9.419407
[v3_derived_hard_reduction_hybrid gpu4] [plan iscas99__b21] [plan] step=151 node=N38605 type=observe derived_hard_reduction_hybrid_pred=-0.000061 sequence=-9.419469
[v3_derived_hard_reduction_hybrid gpu4] [plan iscas99__b21] [plan] step=152 node=N8742 type=observe derived_hard_reduction_hybrid_pred=-0.000557 sequence=-9.420025
[v3_derived_hard_reduction_hybrid gpu4] [plan iscas99__b21] [plan] step=153 node=N8743 type=observe derived_hard_reduction_hybrid_pred=-0.000465 sequence=-9.420491
[v3_derived_hard_reduction_hybrid gpu4] [plan iscas99__b21] [plan] step=154 node=N14728 type=observe derived_hard_reduction_hybrid_pred=-0.002172 sequence=-9.422663
[v3_derived_hard_reduction_hybrid gpu4] [plan iscas99__b21] [plan] step=155 node=N14784 type=observe derived_hard_reduction_hybrid_pred=-0.060989 sequence=-9.483651
[v3_derived_hard_reduction_hybrid gpu4] [plan iscas99__b21] [plan] step=156 node=__buf_split_10166 type=observe derived_hard_reduction_hybrid_pred=-0.181714 sequence=-9.665365
[v3_derived_hard_reduction_hybrid gpu4] [plan iscas99__b21] [plan] step=157 node=__buf_split_12981 type=observe derived_hard_reduction_hybrid_pred=-0.050924 sequence=-9.716290
[v3_derived_hard_reduction_hybrid gpu4] [plan iscas99__b21] [plan] step=158 node=N42299 type=observe derived_hard_reduction_hybrid_pred=-0.032125 sequence=-9.748414
[v3_derived_hard_reduction_hybrid gpu4] [plan iscas99__b21] [plan] step=159 node=N48467 type=observe derived_hard_reduction_hybrid_pred=-0.027241 sequence=-9.775655
[v3_derived_hard_reduction_hybrid gpu4] [plan iscas99__b21] [plan] step=160 node=__buf_split_10167 type=observe derived_hard_reduction_hybrid_pred=-0.027409 sequence=-9.803065
[v3_derived_hard_reduction_hybrid gpu4] [plan iscas99__b21] [plan] step=161 node=N42300 type=observe derived_hard_reduction_hybrid_pred=-0.024129 sequence=-9.827193
[v3_derived_hard_reduction_hybrid gpu4] [plan iscas99__b21] [plan] step=162 node=N48468 type=observe derived_hard_reduction_hybrid_pred=-0.021704 sequence=-9.848897
[v3_derived_hard_reduction_hybrid gpu4] [plan iscas99__b21] [plan] step=163 node=__buf_split_12982 type=observe derived_hard_reduction_hybrid_pred=-0.020248 sequence=-9.869145
[v3_derived_hard_reduction_hybrid gpu4] [plan iscas99__b21] [plan] step=164 node=__buf_split_10165 type=observe derived_hard_reduction_hybrid_pred=-0.019306 sequence=-9.888451
[v3_derived_hard_reduction_hybrid gpu4] [plan iscas99__b21] [plan] step=165 node=__buf_split_12980 type=observe derived_hard_reduction_hybrid_pred=-0.016848 sequence=-9.905299
[v3_derived_hard_reduction_hybrid gpu4] [plan iscas99__b21] [plan] step=166 node=N58871 type=observe derived_hard_reduction_hybrid_pred=-0.015950 sequence=-9.921249
[v3_derived_hard_reduction_hybrid gpu4] [plan iscas99__b21] [plan] step=167 node=N2566 type=observe derived_hard_reduction_hybrid_pred=-0.013378 sequence=-9.934626
[v3_derived_hard_reduction_hybrid gpu4] [plan iscas99__b21] [plan] step=168 node=N8840 type=observe derived_hard_reduction_hybrid_pred=-0.012584 sequence=-9.947211
[v3_derived_hard_reduction_hybrid gpu4] [plan iscas99__b21] [plan] step=169 node=N5773 type=observe derived_hard_reduction_hybrid_pred=-0.012212 sequence=-9.959422
[v3_derived_hard_reduction_hybrid gpu4] [plan iscas99__b21] [plan] step=170 node=N34149 type=observe derived_hard_reduction_hybrid_pred=0.269723 sequence=-9.689699
[v3_derived_hard_reduction_hybrid gpu4] [plan iscas99__b21] [plan] step=171 node=__buf_split_21818 type=observe derived_hard_reduction_hybrid_pred=-0.212081 sequence=-9.901779
[v3_derived_hard_reduction_hybrid gpu4] [plan iscas99__b21] [plan] step=172 node=N21929 type=observe derived_hard_reduction_hybrid_pred=-0.035092 sequence=-9.936871
[v3_derived_hard_reduction_hybrid gpu4] [plan iscas99__b21] [plan] step=173 node=N21931 type=observe derived_hard_reduction_hybrid_pred=-0.036924 sequence=-9.973795
[v3_derived_hard_reduction_hybrid gpu4] [plan iscas99__b21] [plan] step=174 node=N21933 type=observe derived_hard_reduction_hybrid_pred=-0.050348 sequence=-10.024143
[v3_derived_hard_reduction_hybrid gpu4] [plan iscas99__b21] [plan] step=175 node=N42301 type=observe derived_hard_reduction_hybrid_pred=-0.039952 sequence=-10.064095
[v3_derived_hard_reduction_hybrid gpu4] [plan iscas99__b21] [plan] step=176 node=__buf_split_19584 type=observe derived_hard_reduction_hybrid_pred=-0.003174 sequence=-10.067269
[v3_derived_hard_reduction_hybrid gpu4] [plan iscas99__b21] [plan] step=177 node=__buf_split_21819 type=observe derived_hard_reduction_hybrid_pred=-0.000480 sequence=-10.067749
[v3_derived_hard_reduction_hybrid gpu4] [plan iscas99__b21] [plan] step=178 node=N48469 type=observe derived_hard_reduction_hybrid_pred=-0.007114 sequence=-10.074863
[v3_derived_hard_reduction_hybrid gpu4] [plan iscas99__b21] [plan] step=179 node=N58872 type=observe derived_hard_reduction_hybrid_pred=-0.010111 sequence=-10.084974
[v3_derived_hard_reduction_hybrid gpu4] [plan iscas99__b21] [plan] step=180 node=N8644 type=observe derived_hard_reduction_hybrid_pred=-0.016900 sequence=-10.101874
[v3_derived_hard_reduction_hybrid gpu4] [plan iscas99__b21] [plan] step=181 node=N8815 type=observe derived_hard_reduction_hybrid_pred=-0.016830 sequence=-10.118704
[v3_derived_hard_reduction_hybrid gpu4] [plan iscas99__b21] [plan] step=182 node=N8811 type=observe derived_hard_reduction_hybrid_pred=-0.014378 sequence=-10.133082
[v3_derived_hard_reduction_hybrid gpu4] [plan iscas99__b21] [plan] step=183 node=N1241 type=observe derived_hard_reduction_hybrid_pred=-0.012044 sequence=-10.145126
[v3_derived_hard_reduction_hybrid gpu4] [plan iscas99__b21] [plan] step=184 node=N4490 type=observe derived_hard_reduction_hybrid_pred=-0.009843 sequence=-10.154969
[v3_derived_hard_reduction_hybrid gpu4] [plan iscas99__b21] [plan] step=185 node=N14760 type=observe derived_hard_reduction_hybrid_pred=-0.008906 sequence=-10.163875
[v3_derived_hard_reduction_hybrid gpu4] [plan iscas99__b21] [plan] step=186 node=N4112 type=observe derived_hard_reduction_hybrid_pred=-0.016123 sequence=-10.179998
[v3_derived_hard_reduction_hybrid gpu4] [plan iscas99__b21] [plan] step=187 node=N24931 type=observe derived_hard_reduction_hybrid_pred=-0.011935 sequence=-10.191932
[v3_derived_hard_reduction_hybrid gpu4] [plan iscas99__b21] [plan] step=188 node=N22092 type=control1 derived_hard_reduction_hybrid_pred=0.476094 sequence=-9.715838
[v3_derived_hard_reduction_hybrid gpu4] [plan iscas99__b21] [plan] step=189 node=N22093 type=control1 derived_hard_reduction_hybrid_pred=0.196069 sequence=-9.519770
[v3_derived_hard_reduction_hybrid gpu4] [plan iscas99__b21] [plan] step=190 node=N21194 type=control1 derived_hard_reduction_hybrid_pred=0.138555 sequence=-9.381215
[v3_derived_hard_reduction_hybrid gpu4] [plan iscas99__b21] [plan] step=191 node=N22094 type=control1 derived_hard_reduction_hybrid_pred=0.045318 sequence=-9.335896
[v3_derived_hard_reduction_hybrid gpu4] [plan iscas99__b21] [plan] step=192 node=N21195 type=control1 derived_hard_reduction_hybrid_pred=0.067286 sequence=-9.268610
[v3_derived_hard_reduction_hybrid gpu4] [plan iscas99__b21] [plan] step=193 node=N1678 type=control1 derived_hard_reduction_hybrid_pred=0.069789 sequence=-9.198821
[v3_derived_hard_reduction_hybrid gpu4] [plan iscas99__b21] [plan] step=194 node=N21206 type=control1 derived_hard_reduction_hybrid_pred=0.063024 sequence=-9.135798
[v3_derived_hard_reduction_hybrid gpu4] [plan iscas99__b21] [plan] step=195 node=__buf_split_20084 type=observe derived_hard_reduction_hybrid_pred=-0.287576 sequence=-9.423374
[v3_derived_hard_reduction_hybrid gpu4] [plan iscas99__b21] [plan] step=196 node=__buf_split_20085 type=observe derived_hard_reduction_hybrid_pred=-0.114821 sequence=-9.538195
[v3_derived_hard_reduction_hybrid gpu4] [plan iscas99__b21] [plan] step=197 node=__buf_split_20087 type=observe derived_hard_reduction_hybrid_pred=-0.056666 sequence=-9.594861
[v3_derived_hard_reduction_hybrid gpu4] [plan iscas99__b21] [plan] step=198 node=__buf_split_13652 type=observe derived_hard_reduction_hybrid_pred=-0.024592 sequence=-9.619452
[v3_derived_hard_reduction_hybrid gpu4] [plan iscas99__b21] [plan] step=199 node=N24081 type=observe derived_hard_reduction_hybrid_pred=-0.044553 sequence=-9.664006
[v3_derived_hard_reduction_hybrid gpu4] [plan iscas99__b21] [plan] step=200 node=N21942 type=observe derived_hard_reduction_hybrid_pred=-0.031362 sequence=-9.695368
[v3_derived_hard_reduction_hybrid gpu4] [plan iscas99__b21] [plan] step=201 node=N21940 type=observe derived_hard_reduction_hybrid_pred=-0.021191 sequence=-9.716558
[v3_derived_hard_reduction_hybrid gpu4] [plan iscas99__b21] [plan] step=202 node=N14740 type=observe derived_hard_reduction_hybrid_pred=-0.014029 sequence=-9.730587
[v3_derived_hard_reduction_hybrid gpu4] [plan iscas99__b21] [plan] step=203 node=__buf_split_20079 type=observe derived_hard_reduction_hybrid_pred=0.023892 sequence=-9.706695
[v3_derived_hard_reduction_hybrid gpu4] [plan iscas99__b21] [plan] step=204 node=N21044 type=observe derived_hard_reduction_hybrid_pred=-0.019943 sequence=-9.726638
[v3_derived_hard_reduction_hybrid gpu4] [plan iscas99__b21] [plan] step=205 node=__buf_split_20106 type=observe derived_hard_reduction_hybrid_pred=0.020934 sequence=-9.705704
[v3_derived_hard_reduction_hybrid gpu4] [plan iscas99__b21] [plan] step=206 node=__buf_split_20109 type=observe derived_hard_reduction_hybrid_pred=0.013786 sequence=-9.691918
[v3_derived_hard_reduction_hybrid gpu4] [plan iscas99__b21] [plan] step=207 node=__buf_split_20091 type=observe derived_hard_reduction_hybrid_pred=0.008673 sequence=-9.683245
[v3_derived_hard_reduction_hybrid gpu4] [plan iscas99__b21] [plan] step=208 node=__buf_split_20112 type=observe derived_hard_reduction_hybrid_pred=0.006037 sequence=-9.677208
[v3_derived_hard_reduction_hybrid gpu4] [plan iscas99__b21] [plan] step=209 node=N49273 type=observe derived_hard_reduction_hybrid_pred=0.004755 sequence=-9.672453
[v3_derived_hard_reduction_hybrid gpu4] [plan iscas99__b21] [plan] step=210 node=N49274 type=observe derived_hard_reduction_hybrid_pred=0.003651 sequence=-9.668802
[v3_derived_hard_reduction_hybrid gpu4] [plan iscas99__b21] [plan] step=211 node=N49276 type=observe derived_hard_reduction_hybrid_pred=0.002979 sequence=-9.665823
[v3_derived_hard_reduction_hybrid gpu4] [plan iscas99__b21] [plan] step=212 node=__buf_split_20107 type=observe derived_hard_reduction_hybrid_pred=0.002491 sequence=-9.663332
[v3_derived_hard_reduction_hybrid gpu4] [plan iscas99__b21] [plan] step=213 node=__buf_split_20088 type=observe derived_hard_reduction_hybrid_pred=0.002521 sequence=-9.660810
[v3_derived_hard_reduction_hybrid gpu4] [plan iscas99__b21] [plan] step=214 node=__buf_split_20110 type=observe derived_hard_reduction_hybrid_pred=0.002308 sequence=-9.658503
[v3_derived_hard_reduction_hybrid gpu4] [plan iscas99__b21] [plan] step=215 node=N4083 type=observe derived_hard_reduction_hybrid_pred=-0.031097 sequence=-9.689600
[v3_derived_hard_reduction_hybrid gpu4] [plan iscas99__b21] [plan] step=216 node=__buf_split_20092 type=observe derived_hard_reduction_hybrid_pred=0.012604 sequence=-9.676996
[v3_derived_hard_reduction_hybrid gpu4] [plan iscas99__b21] [plan] step=217 node=__buf_split_20113 type=observe derived_hard_reduction_hybrid_pred=0.007966 sequence=-9.669029
[v3_derived_hard_reduction_hybrid gpu4] [plan iscas99__b21] [plan] step=218 node=N22686 type=observe derived_hard_reduction_hybrid_pred=0.221762 sequence=-9.447267
[v3_derived_hard_reduction_hybrid gpu4] [plan iscas99__b21] [plan] step=219 node=N14809 type=observe derived_hard_reduction_hybrid_pred=-0.183893 sequence=-9.631160
[v3_derived_hard_reduction_hybrid gpu4] [plan iscas99__b21] [plan] step=220 node=__buf_split_20089 type=observe derived_hard_reduction_hybrid_pred=-0.015891 sequence=-9.647052
[v3_derived_hard_reduction_hybrid gpu4] [plan iscas99__b21] [plan] step=221 node=N4945 type=control1 derived_hard_reduction_hybrid_pred=0.424546 sequence=-9.222506
[v3_derived_hard_reduction_hybrid gpu4] [plan iscas99__b21] [plan] step=222 node=__buf_split_20098 type=observe derived_hard_reduction_hybrid_pred=-0.208226 sequence=-9.430732
[v3_derived_hard_reduction_hybrid gpu4] [plan iscas99__b21] [plan] step=223 node=__buf_split_20101 type=observe derived_hard_reduction_hybrid_pred=-0.072579 sequence=-9.503312
[v3_derived_hard_reduction_hybrid gpu4] [plan iscas99__b21] [plan] step=224 node=__buf_split_20083 type=observe derived_hard_reduction_hybrid_pred=-0.040807 sequence=-9.544119
[v3_derived_hard_reduction_hybrid gpu4] [plan iscas99__b21] [plan] step=225 node=N826 type=observe derived_hard_reduction_hybrid_pred=-0.056924 sequence=-9.601043
[v3_derived_hard_reduction_hybrid gpu4] [plan iscas99__b21] [plan] step=226 node=N8630 type=observe derived_hard_reduction_hybrid_pred=-0.038892 sequence=-9.639935
[v3_derived_hard_reduction_hybrid gpu4] [plan iscas99__b21] [plan] step=227 node=N21938 type=observe derived_hard_reduction_hybrid_pred=-0.027237 sequence=-9.667172
[v3_derived_hard_reduction_hybrid gpu4] [plan iscas99__b21] [plan] step=228 node=N21944 type=observe derived_hard_reduction_hybrid_pred=-0.019836 sequence=-9.687008
[v3_derived_hard_reduction_hybrid gpu4] [plan iscas99__b21] [plan] step=229 node=N21935 type=observe derived_hard_reduction_hybrid_pred=-0.015486 sequence=-9.702494
[v3_derived_hard_reduction_hybrid gpu4] [plan iscas99__b21] [plan] step=230 node=N27224 type=observe derived_hard_reduction_hybrid_pred=-0.013348 sequence=-9.715842
[v3_derived_hard_reduction_hybrid gpu4] [plan iscas99__b21] [plan] step=231 node=N21035 type=observe derived_hard_reduction_hybrid_pred=-0.013193 sequence=-9.729035
[v3_derived_hard_reduction_hybrid gpu4] [plan iscas99__b21] [plan] step=232 node=N21031 type=observe derived_hard_reduction_hybrid_pred=-0.010153 sequence=-9.739188
[v3_derived_hard_reduction_hybrid gpu4] [plan iscas99__b21] [plan] step=233 node=N21033 type=observe derived_hard_reduction_hybrid_pred=-0.008108 sequence=-9.747296
[v3_derived_hard_reduction_hybrid gpu4] [plan iscas99__b21] [plan] step=234 node=N21037 type=observe derived_hard_reduction_hybrid_pred=-0.006948 sequence=-9.754244
[v3_derived_hard_reduction_hybrid gpu4] [plan iscas99__b21] [plan] step=235 node=N21040 type=observe derived_hard_reduction_hybrid_pred=-0.006234 sequence=-9.760478
[v3_derived_hard_reduction_hybrid gpu4] [plan iscas99__b21] [plan] step=236 node=N21042 type=observe derived_hard_reduction_hybrid_pred=-0.005734 sequence=-9.766212
[v3_derived_hard_reduction_hybrid gpu4] [plan iscas99__b21] [plan] step=237 node=N21046 type=observe derived_hard_reduction_hybrid_pred=-0.005154 sequence=-9.771366
[v3_derived_hard_reduction_hybrid gpu4] [plan iscas99__b21] [plan] step=238 node=N39437 type=control1 derived_hard_reduction_hybrid_pred=-8.149735 sequence=-17.921101
[v3_derived_hard_reduction_hybrid gpu4] [plan iscas99__b21] [plan] step=239 node=__buf_split_184 type=control1 derived_hard_reduction_hybrid_pred=-3.342805 sequence=-21.263906
[v3_derived_hard_reduction_hybrid gpu4] [plan iscas99__b21] [plan] step=240 node=N39437 type=control0 derived_hard_reduction_hybrid_pred=-0.958406 sequence=-22.222311
[v3_derived_hard_reduction_hybrid gpu4] [plan iscas99__b21] [plan] step=241 node=__buf_split_184 type=control0 derived_hard_reduction_hybrid_pred=0.024323 sequence=-22.197988
[v3_derived_hard_reduction_hybrid gpu4] [plan iscas99__b21] [plan] step=242 node=__buf_split_19583 type=observe derived_hard_reduction_hybrid_pred=0.350269 sequence=-21.847719
[v3_derived_hard_reduction_hybrid gpu4] [plan iscas99__b21] [plan] step=243 node=N39470 type=control1 derived_hard_reduction_hybrid_pred=0.348467 sequence=-21.499252
[v3_derived_hard_reduction_hybrid gpu4] [plan iscas99__b21] [plan] step=244 node=__buf_split_217 type=control1 derived_hard_reduction_hybrid_pred=0.581478 sequence=-20.917774
[v3_derived_hard_reduction_hybrid gpu4] [plan iscas99__b21] [plan] step=245 node=N39470 type=control0 derived_hard_reduction_hybrid_pred=0.941856 sequence=-19.975918
[v3_derived_hard_reduction_hybrid gpu4] [plan iscas99__b21] [plan] step=246 node=__buf_split_217 type=control0 derived_hard_reduction_hybrid_pred=0.866913 sequence=-19.109005
[v3_derived_hard_reduction_hybrid gpu4] [plan iscas99__b21] [plan] step=247 node=N39572 type=control1 derived_hard_reduction_hybrid_pred=0.498725 sequence=-18.610281
[v3_derived_hard_reduction_hybrid gpu4] [plan iscas99__b21] [plan] step=248 node=N41205 type=control1 derived_hard_reduction_hybrid_pred=0.388985 sequence=-18.221296
[v3_derived_hard_reduction_hybrid gpu4] [plan iscas99__b21] [plan] step=249 node=N40837 type=control1 derived_hard_reduction_hybrid_pred=0.335139 sequence=-17.886157
[v3_derived_hard_reduction_hybrid gpu4] [plan iscas99__b21] [plan] step=250 node=N40961 type=control1 derived_hard_reduction_hybrid_pred=0.207211 sequence=-17.678945
[v3_derived_hard_reduction_hybrid gpu4] [plan iscas99__b21] [plan] step=251 node=N39436 type=control1 derived_hard_reduction_hybrid_pred=0.123745 sequence=-17.555200
[v3_derived_hard_reduction_hybrid gpu4] [plan iscas99__b21] [plan] step=252 node=N39572 type=control0 derived_hard_reduction_hybrid_pred=0.109489 sequence=-17.445711
[v3_derived_hard_reduction_hybrid gpu4] [plan iscas99__b21] [plan] step=253 node=N41205 type=control0 derived_hard_reduction_hybrid_pred=0.117026 sequence=-17.328686
[v3_derived_hard_reduction_hybrid gpu4] [plan iscas99__b21] [plan] step=254 node=N40837 type=control0 derived_hard_reduction_hybrid_pred=0.022890 sequence=-17.305796
[v3_derived_hard_reduction_hybrid gpu4] [plan iscas99__b21] [plan] step=255 node=N40909 type=control1 derived_hard_reduction_hybrid_pred=-0.017921 sequence=-17.323717
[v3_derived_hard_reduction_hybrid gpu4] [plan iscas99__b21] [plan] step=256 node=N40961 type=control0 derived_hard_reduction_hybrid_pred=0.020075 sequence=-17.303642
[v3_derived_hard_reduction_hybrid gpu4] [plan iscas99__b21] [plan] step=257 node=N39469 type=control1 derived_hard_reduction_hybrid_pred=0.100782 sequence=-17.202860
[v3_derived_hard_reduction_hybrid gpu4] [plan iscas99__b21] [plan] step=258 node=N39446 type=control1 derived_hard_reduction_hybrid_pred=0.105431 sequence=-17.097430
[v3_derived_hard_reduction_hybrid gpu4] [plan iscas99__b21] [plan] step=259 node=N40862 type=control1 derived_hard_reduction_hybrid_pred=0.165642 sequence=-16.931788
[v3_derived_hard_reduction_hybrid gpu4] [plan iscas99__b21] [plan] step=260 node=N40933 type=control1 derived_hard_reduction_hybrid_pred=0.202121 sequence=-16.729667
[v3_derived_hard_reduction_hybrid gpu4] [plan iscas99__b21] [plan] step=261 node=__buf_split_11422 type=observe derived_hard_reduction_hybrid_pred=0.226216 sequence=-16.503451
[v3_derived_hard_reduction_hybrid gpu4] [plan iscas99__b21] [plan] step=262 node=__buf_split_11423 type=observe derived_hard_reduction_hybrid_pred=0.254068 sequence=-16.249383
[v3_derived_hard_reduction_hybrid gpu4] [plan iscas99__b21] [plan] step=263 node=N39436 type=control0 derived_hard_reduction_hybrid_pred=0.251700 sequence=-15.997683
[v3_derived_hard_reduction_hybrid gpu4] [plan iscas99__b21] [plan] step=264 node=N40890 type=control1 derived_hard_reduction_hybrid_pred=-0.071213 sequence=-16.068896
[v3_derived_hard_reduction_hybrid gpu4] [plan iscas99__b21] [plan] step=265 node=N40952 type=control1 derived_hard_reduction_hybrid_pred=-0.108957 sequence=-16.177853
[v3_derived_hard_reduction_hybrid gpu4] [plan iscas99__b21] [plan] step=266 node=N40909 type=control0 derived_hard_reduction_hybrid_pred=-0.102590 sequence=-16.280443
[v3_derived_hard_reduction_hybrid gpu4] [plan iscas99__b21] [plan] step=267 node=__buf_split_13653 type=observe derived_hard_reduction_hybrid_pred=-0.087755 sequence=-16.368199
[v3_derived_hard_reduction_hybrid gpu4] [plan iscas99__b21] [plan] step=268 node=__buf_split_3776 type=observe derived_hard_reduction_hybrid_pred=-0.387847 sequence=-16.756046
[v3_derived_hard_reduction_hybrid gpu4] [plan iscas99__b21] [plan] step=269 node=N40918 type=control1 derived_hard_reduction_hybrid_pred=-0.584763 sequence=-17.340809
[v3_derived_hard_reduction_hybrid gpu4] [plan iscas99__b21] [plan] step=270 node=__buf_split_4147 type=observe derived_hard_reduction_hybrid_pred=-0.772738 sequence=-18.113547
[v3_derived_hard_reduction_hybrid gpu4] [plan iscas99__b21] [plan] step=271 node=N22461 type=observe derived_hard_reduction_hybrid_pred=-1.015342 sequence=-19.128889
[v3_derived_hard_reduction_hybrid gpu4] [plan iscas99__b21] [plan] step=272 node=N22473 type=observe derived_hard_reduction_hybrid_pred=-1.202053 sequence=-20.330942
[v3_derived_hard_reduction_hybrid gpu4] [plan iscas99__b21] [plan] step=273 node=N40112 type=control1 derived_hard_reduction_hybrid_pred=-1.256077 sequence=-21.587019
[v3_derived_hard_reduction_hybrid gpu4] [plan iscas99__b21] [plan] step=274 node=N41170 type=control1 derived_hard_reduction_hybrid_pred=-1.340235 sequence=-22.927254
[v3_derived_hard_reduction_hybrid gpu4] [plan iscas99__b21] [plan] step=275 node=__buf_split_20104 type=observe derived_hard_reduction_hybrid_pred=-1.351621 sequence=-24.278875
[v3_derived_hard_reduction_hybrid gpu4] [plan iscas99__b21] [plan] step=276 node=N41166 type=control1 derived_hard_reduction_hybrid_pred=-2.012441 sequence=-26.291315
[v3_derived_hard_reduction_hybrid gpu4] [plan iscas99__b21] [plan] step=277 node=N41162 type=control1 derived_hard_reduction_hybrid_pred=-1.861948 sequence=-28.153263
[v3_derived_hard_reduction_hybrid gpu4] [plan iscas99__b21] [plan] step=278 node=N39515 type=control1 derived_hard_reduction_hybrid_pred=-1.412104 sequence=-29.565367
[v3_derived_hard_reduction_hybrid gpu4] [plan iscas99__b21] [plan] step=279 node=N39485 type=control1 derived_hard_reduction_hybrid_pred=-0.853497 sequence=-30.418863
[v3_derived_hard_reduction_hybrid gpu4] [plan iscas99__b21] [plan] step=280 node=N39494 type=control1 derived_hard_reduction_hybrid_pred=-0.454819 sequence=-30.873682
[v3_derived_hard_reduction_hybrid gpu4] [plan iscas99__b21] [plan] step=281 node=N39465 type=control1 derived_hard_reduction_hybrid_pred=-0.181001 sequence=-31.054682
[v3_derived_hard_reduction_hybrid gpu4] [plan iscas99__b21] [plan] step=282 node=N40938 type=control1 derived_hard_reduction_hybrid_pred=-0.073563 sequence=-31.128246
[v3_derived_hard_reduction_hybrid gpu4] [plan iscas99__b21] [plan] step=283 node=N40871 type=control1 derived_hard_reduction_hybrid_pred=-0.031136 sequence=-31.159382
[v3_derived_hard_reduction_hybrid gpu4] [plan iscas99__b21] [plan] step=284 node=N39546 type=control1 derived_hard_reduction_hybrid_pred=-0.011659 sequence=-31.171041
[v3_derived_hard_reduction_hybrid gpu4] [plan iscas99__b21] [plan] step=285 node=N40895 type=control1 derived_hard_reduction_hybrid_pred=-0.003226 sequence=-31.174267
[v3_derived_hard_reduction_hybrid gpu4] [plan iscas99__b21] [plan] step=286 node=N40847 type=control1 derived_hard_reduction_hybrid_pred=0.000040 sequence=-31.174227
[v3_derived_hard_reduction_hybrid gpu4] [plan iscas99__b21] [plan] step=287 node=N39669 type=control1 derived_hard_reduction_hybrid_pred=0.001108 sequence=-31.173119
[v3_derived_hard_reduction_hybrid gpu4] [plan iscas99__b21] [plan] step=288 node=N39688 type=control1 derived_hard_reduction_hybrid_pred=0.001326 sequence=-31.171793
[v3_derived_hard_reduction_hybrid gpu4] [plan iscas99__b21] [plan] step=289 node=N39705 type=control1 derived_hard_reduction_hybrid_pred=0.001336 sequence=-31.170457
[v3_derived_hard_reduction_hybrid gpu4] [plan iscas99__b21] [plan] step=290 node=N39761 type=control1 derived_hard_reduction_hybrid_pred=0.001148 sequence=-31.169309
[v3_derived_hard_reduction_hybrid gpu4] [plan iscas99__b21] [plan] step=291 node=N39724 type=control1 derived_hard_reduction_hybrid_pred=0.000990 sequence=-31.168320
[v3_derived_hard_reduction_hybrid gpu4] [plan iscas99__b21] [plan] step=292 node=N39742 type=control1 derived_hard_reduction_hybrid_pred=0.000851 sequence=-31.167468
[v3_derived_hard_reduction_hybrid gpu4] [plan iscas99__b21] [plan] step=293 node=N39779 type=control1 derived_hard_reduction_hybrid_pred=0.000633 sequence=-31.166835
[v3_derived_hard_reduction_hybrid gpu4] [plan iscas99__b21] [plan] step=294 node=N39797 type=control1 derived_hard_reduction_hybrid_pred=0.000525 sequence=-31.166311
[v3_derived_hard_reduction_hybrid gpu4] [plan iscas99__b21] [plan] step=295 node=N39814 type=control1 derived_hard_reduction_hybrid_pred=0.000406 sequence=-31.165905
[v3_derived_hard_reduction_hybrid gpu4] [plan iscas99__b21] [plan] step=296 node=__buf_split_3769 type=observe derived_hard_reduction_hybrid_pred=-0.494654 sequence=-31.660559
[v3_derived_hard_reduction_hybrid gpu4] [plan iscas99__b21] [plan] step=297 node=N39832 type=control1 derived_hard_reduction_hybrid_pred=0.299799 sequence=-31.360760
[v3_derived_hard_reduction_hybrid gpu4] [plan iscas99__b21] [plan] step=298 node=__buf_split_3768 type=observe derived_hard_reduction_hybrid_pred=-0.401700 sequence=-31.762461
[v3_derived_hard_reduction_hybrid gpu4] [plan iscas99__b21] [plan] step=299 node=N39850 type=control1 derived_hard_reduction_hybrid_pred=0.348009 sequence=-31.414452
[v3_derived_hard_reduction_hybrid gpu4] [plan iscas99__b21] [plan] step=300 node=__buf_split_3770 type=observe derived_hard_reduction_hybrid_pred=-0.377491 sequence=-31.791943
[v3_derived_hard_reduction_hybrid gpu4] [plan iscas99__b21] [plan] step=301 node=N39868 type=control1 derived_hard_reduction_hybrid_pred=0.361100 sequence=-31.430843
[v3_derived_hard_reduction_hybrid gpu4] [plan iscas99__b21] [plan] step=302 node=__buf_split_3777 type=observe derived_hard_reduction_hybrid_pred=-0.370890 sequence=-31.801733
[v3_derived_hard_reduction_hybrid gpu4] [plan iscas99__b21] [plan] step=303 node=N39885 type=control1 derived_hard_reduction_hybrid_pred=0.364807 sequence=-31.436926
[v3_derived_hard_reduction_hybrid gpu4] [plan iscas99__b21] [plan] step=304 node=N22466 type=observe derived_hard_reduction_hybrid_pred=-0.369441 sequence=-31.806367
[v3_derived_hard_reduction_hybrid gpu4] [plan iscas99__b21] [plan] step=305 node=N39904 type=control1 derived_hard_reduction_hybrid_pred=0.363576 sequence=-31.442791
[v3_derived_hard_reduction_hybrid gpu4] [plan iscas99__b21] [plan] step=306 node=N22478 type=observe derived_hard_reduction_hybrid_pred=-0.367155 sequence=-31.809946
[v3_derived_hard_reduction_hybrid gpu4] [plan iscas99__b21] [plan] step=307 node=N39921 type=control1 derived_hard_reduction_hybrid_pred=0.366981 sequence=-31.442965
[v3_derived_hard_reduction_hybrid gpu4] [plan iscas99__b21] [plan] step=308 node=N22485 type=observe derived_hard_reduction_hybrid_pred=-0.368285 sequence=-31.811250
[v3_derived_hard_reduction_hybrid gpu4] [plan iscas99__b21] [plan] step=309 node=N39938 type=control1 derived_hard_reduction_hybrid_pred=0.366814 sequence=-31.444435
[v3_derived_hard_reduction_hybrid gpu4] [plan iscas99__b21] [plan] step=310 node=N22442 type=observe derived_hard_reduction_hybrid_pred=-0.368818 sequence=-31.813253
[v3_derived_hard_reduction_hybrid gpu4] [plan iscas99__b21] [plan] step=311 node=N39954 type=control1 derived_hard_reduction_hybrid_pred=0.367058 sequence=-31.446195
[v3_derived_hard_reduction_hybrid gpu4] [plan iscas99__b21] [plan] step=312 node=N22454 type=observe derived_hard_reduction_hybrid_pred=-0.368619 sequence=-31.814814
[v3_derived_hard_reduction_hybrid gpu4] [plan iscas99__b21] [plan] step=313 node=N39972 type=control1 derived_hard_reduction_hybrid_pred=0.367028 sequence=-31.447786
[v3_derived_hard_reduction_hybrid gpu4] [plan iscas99__b21] [plan] step=314 node=N22439 type=observe derived_hard_reduction_hybrid_pred=-0.368511 sequence=-31.816296
[v3_derived_hard_reduction_hybrid gpu4] [plan iscas99__b21] [plan] step=315 node=N39988 type=control1 derived_hard_reduction_hybrid_pred=0.367058 sequence=-31.449238
[v3_derived_hard_reduction_hybrid gpu4] [plan iscas99__b21] [plan] step=316 node=N22436 type=observe derived_hard_reduction_hybrid_pred=-0.368570 sequence=-31.817808
[v3_derived_hard_reduction_hybrid gpu4] [plan iscas99__b21] [plan] step=317 node=N40004 type=control1 derived_hard_reduction_hybrid_pred=0.367068 sequence=-31.450741
[v3_derived_hard_reduction_hybrid gpu4] [plan iscas99__b21] [plan] step=318 node=N22449 type=observe derived_hard_reduction_hybrid_pred=-0.368491 sequence=-31.819232
[v3_derived_hard_reduction_hybrid gpu4] [plan iscas99__b21] [plan] step=319 node=N40019 type=control1 derived_hard_reduction_hybrid_pred=0.366999 sequence=-31.452233
[v3_derived_hard_reduction_hybrid gpu4] [plan iscas99__b21] [plan] step=320 node=N22423 type=observe derived_hard_reduction_hybrid_pred=-0.368491 sequence=-31.820724
[v3_derived_hard_reduction_hybrid gpu4] [plan iscas99__b21] [plan] step=321 node=N40034 type=control1 derived_hard_reduction_hybrid_pred=0.367038 sequence=-31.453685
[v3_derived_hard_reduction_hybrid gpu4] [plan iscas99__b21] [plan] step=322 node=N22426 type=observe derived_hard_reduction_hybrid_pred=-0.368511 sequence=-31.822196
[v3_derived_hard_reduction_hybrid gpu4] [plan iscas99__b21] [plan] step=323 node=N40047 type=control1 derived_hard_reduction_hybrid_pred=0.367028 sequence=-31.455167
[v3_derived_hard_reduction_hybrid gpu4] [plan iscas99__b21] [plan] step=324 node=N22429 type=observe derived_hard_reduction_hybrid_pred=-0.368530 sequence=-31.823698
[v3_derived_hard_reduction_hybrid gpu4] [plan iscas99__b21] [plan] step=325 node=N40058 type=control1 derived_hard_reduction_hybrid_pred=0.367038 sequence=-31.456660
[v3_derived_hard_reduction_hybrid gpu4] [plan iscas99__b21] [plan] step=326 node=N22410 type=observe derived_hard_reduction_hybrid_pred=-0.368659 sequence=-31.825318
[v3_derived_hard_reduction_hybrid gpu4] [plan iscas99__b21] [plan] step=327 node=N40069 type=control1 derived_hard_reduction_hybrid_pred=0.367146 sequence=-31.458173
[v3_derived_hard_reduction_hybrid gpu4] [plan iscas99__b21] [plan] step=328 node=N22413 type=observe derived_hard_reduction_hybrid_pred=-0.368955 sequence=-31.827127
[v3_derived_hard_reduction_hybrid gpu4] [plan iscas99__b21] [plan] step=329 node=N40080 type=control1 derived_hard_reduction_hybrid_pred=0.367164 sequence=-31.459963
[v3_derived_hard_reduction_hybrid gpu4] [plan iscas99__b21] [plan] step=330 node=N22416 type=observe derived_hard_reduction_hybrid_pred=-0.368914 sequence=-31.828877
[v3_derived_hard_reduction_hybrid gpu4] [plan iscas99__b21] [plan] step=331 node=N40089 type=control1 derived_hard_reduction_hybrid_pred=0.367390 sequence=-31.461487
[v3_derived_hard_reduction_hybrid gpu4] [plan iscas99__b21] [plan] step=332 node=N40112 type=control0 derived_hard_reduction_hybrid_pred=-0.564270 sequence=-32.025758
[v3_derived_hard_reduction_hybrid gpu4] [plan iscas99__b21] [plan] step=333 node=N40098 type=control1 derived_hard_reduction_hybrid_pred=0.533103 sequence=-31.492655
[v3_derived_hard_reduction_hybrid gpu4] [plan iscas99__b21] [plan] step=334 node=N41170 type=control0 derived_hard_reduction_hybrid_pred=-0.525857 sequence=-32.018512
[v3_derived_hard_reduction_hybrid gpu4] [plan iscas99__b21] [plan] step=335 node=N40104 type=control1 derived_hard_reduction_hybrid_pred=0.537692 sequence=-31.480820
[v3_derived_hard_reduction_hybrid gpu4] [plan iscas99__b21] [plan] step=336 node=N41166 type=control0 derived_hard_reduction_hybrid_pred=-0.518375 sequence=-31.999195
[v3_derived_hard_reduction_hybrid gpu4] [plan iscas99__b21] [plan] step=337 node=N40109 type=control1 derived_hard_reduction_hybrid_pred=0.533236 sequence=-31.465959
[v3_derived_hard_reduction_hybrid gpu4] [plan iscas99__b21] [plan] step=338 node=N40933 type=control0 derived_hard_reduction_hybrid_pred=-0.516453 sequence=-31.982412
[v3_derived_hard_reduction_hybrid gpu4] [plan iscas99__b21] [plan] step=339 node=N39537 type=control1 derived_hard_reduction_hybrid_pred=0.528539 sequence=-31.453873
[v3_derived_hard_reduction_hybrid gpu4] [plan iscas99__b21] [plan] step=340 node=N41162 type=control0 derived_hard_reduction_hybrid_pred=-0.516135 sequence=-31.970008
[v3_derived_hard_reduction_hybrid gpu4] [plan iscas99__b21] [plan] step=341 node=N39562 type=control1 derived_hard_reduction_hybrid_pred=0.525949 sequence=-31.444059
[v3_derived_hard_reduction_hybrid gpu4] [plan iscas99__b21] [plan] step=342 node=N39446 type=control0 derived_hard_reduction_hybrid_pred=-0.517168 sequence=-31.961227
[v3_derived_hard_reduction_hybrid gpu4] [plan iscas99__b21] [plan] step=343 node=N39671 type=control1 derived_hard_reduction_hybrid_pred=0.523868 sequence=-31.437360
[v3_derived_hard_reduction_hybrid gpu4] [plan iscas99__b21] [plan] step=344 node=N40918 type=control0 derived_hard_reduction_hybrid_pred=-0.518056 sequence=-31.955416
[v3_derived_hard_reduction_hybrid gpu4] [plan iscas99__b21] [plan] step=345 node=N39690 type=control1 derived_hard_reduction_hybrid_pred=0.522380 sequence=-31.433036
[v3_derived_hard_reduction_hybrid gpu4] [plan iscas99__b21] [plan] step=346 node=N39469 type=control0 derived_hard_reduction_hybrid_pred=-0.518636 sequence=-31.951672
[v3_derived_hard_reduction_hybrid gpu4] [plan iscas99__b21] [plan] step=347 node=N39707 type=control1 derived_hard_reduction_hybrid_pred=0.521147 sequence=-31.430525
[v3_derived_hard_reduction_hybrid gpu4] [plan iscas99__b21] [plan] step=348 node=N40862 type=control0 derived_hard_reduction_hybrid_pred=-0.518990 sequence=-31.949515
[v3_derived_hard_reduction_hybrid gpu4] [plan iscas99__b21] [plan] step=349 node=N39726 type=control1 derived_hard_reduction_hybrid_pred=0.520249 sequence=-31.429266
[v3_derived_hard_reduction_hybrid gpu4] [plan iscas99__b21] [plan] step=350 node=N40952 type=control0 derived_hard_reduction_hybrid_pred=-0.519327 sequence=-31.948592
[v3_derived_hard_reduction_hybrid gpu4] [plan iscas99__b21] [plan] step=351 node=N39744 type=control1 derived_hard_reduction_hybrid_pred=0.519620 sequence=-31.428972
[v3_derived_hard_reduction_hybrid gpu4] [plan iscas99__b21] [plan] step=352 node=N40938 type=control0 derived_hard_reduction_hybrid_pred=-0.519550 sequence=-31.948522
[v3_derived_hard_reduction_hybrid gpu4] [plan iscas99__b21] [plan] step=353 node=N39763 type=control1 derived_hard_reduction_hybrid_pred=0.519252 sequence=-31.429270
[v3_derived_hard_reduction_hybrid gpu4] [plan iscas99__b21] [plan] step=354 node=N40847 type=control0 derived_hard_reduction_hybrid_pred=-0.519672 sequence=-31.948942
[v3_derived_hard_reduction_hybrid gpu4] [plan iscas99__b21] [plan] step=355 node=N39781 type=control1 derived_hard_reduction_hybrid_pred=0.518920 sequence=-31.430022
[v3_derived_hard_reduction_hybrid gpu4] [plan iscas99__b21] [plan] step=356 node=N40890 type=control0 derived_hard_reduction_hybrid_pred=-0.519722 sequence=-31.949744
[v3_derived_hard_reduction_hybrid gpu4] [plan iscas99__b21] [plan] step=357 node=N39799 type=control1 derived_hard_reduction_hybrid_pred=0.518606 sequence=-31.431137
[v3_derived_hard_reduction_hybrid gpu4] [plan iscas99__b21] [plan] step=358 node=N39494 type=control0 derived_hard_reduction_hybrid_pred=-0.519849 sequence=-31.950986
[v3_derived_hard_reduction_hybrid gpu4] [plan iscas99__b21] [plan] step=359 node=N39816 type=control1 derived_hard_reduction_hybrid_pred=0.518428 sequence=-31.432559
[v3_derived_hard_reduction_hybrid gpu4] [plan iscas99__b21] [plan] step=360 node=N39485 type=control0 derived_hard_reduction_hybrid_pred=-0.519965 sequence=-31.952523
[v3_derived_hard_reduction_hybrid gpu4] [plan iscas99__b21] [plan] step=361 node=N39834 type=control1 derived_hard_reduction_hybrid_pred=0.518179 sequence=-31.434345
[v3_derived_hard_reduction_hybrid gpu4] [plan iscas99__b21] [plan] step=362 node=N39515 type=control0 derived_hard_reduction_hybrid_pred=-0.520108 sequence=-31.954453
[v3_derived_hard_reduction_hybrid gpu4] [plan iscas99__b21] [plan] step=363 node=N39852 type=control1 derived_hard_reduction_hybrid_pred=0.518046 sequence=-31.436407
[v3_derived_hard_reduction_hybrid gpu4] [plan iscas99__b21] [plan] step=364 node=N39465 type=control0 derived_hard_reduction_hybrid_pred=-0.520230 sequence=-31.956638
[v3_derived_hard_reduction_hybrid gpu4] [plan iscas99__b21] [plan] step=365 node=N39870 type=control1 derived_hard_reduction_hybrid_pred=0.517862 sequence=-31.438776
[v3_derived_hard_reduction_hybrid gpu4] [plan iscas99__b21] [plan] step=366 node=N39546 type=control0 derived_hard_reduction_hybrid_pred=-0.520262 sequence=-31.959038
[v3_derived_hard_reduction_hybrid gpu4] [plan iscas99__b21] [plan] step=367 node=N39887 type=control1 derived_hard_reduction_hybrid_pred=0.517775 sequence=-31.441263
[v3_derived_hard_reduction_hybrid gpu4] [plan iscas99__b21] [plan] step=368 node=N40871 type=control0 derived_hard_reduction_hybrid_pred=-0.520284 sequence=-31.961546
[v3_derived_hard_reduction_hybrid gpu4] [plan iscas99__b21] [plan] step=369 node=N39906 type=control1 derived_hard_reduction_hybrid_pred=0.517767 sequence=-31.443779
[v3_derived_hard_reduction_hybrid gpu4] [plan iscas99__b21] [plan] step=370 node=N40895 type=control0 derived_hard_reduction_hybrid_pred=-0.520334 sequence=-31.964113
[v3_derived_hard_reduction_hybrid gpu4] [plan iscas99__b21] [plan] step=371 node=N39923 type=control1 derived_hard_reduction_hybrid_pred=0.517759 sequence=-31.446355
[v3_derived_hard_reduction_hybrid gpu4] [plan iscas99__b21] [plan] step=372 node=N39868 type=control0 derived_hard_reduction_hybrid_pred=-0.520444 sequence=-31.966798
[v3_derived_hard_reduction_hybrid gpu4] [plan iscas99__b21] [plan] step=373 node=N39940 type=control1 derived_hard_reduction_hybrid_pred=0.517680 sequence=-31.449118
[v3_derived_hard_reduction_hybrid gpu4] [plan iscas99__b21] [plan] step=374 node=N39904 type=control0 derived_hard_reduction_hybrid_pred=-0.520404 sequence=-31.969522
[v3_derived_hard_reduction_hybrid gpu4] [plan iscas99__b21] [plan] step=375 node=N39956 type=control1 derived_hard_reduction_hybrid_pred=0.517740 sequence=-31.451783
[v3_derived_hard_reduction_hybrid gpu4] [plan iscas99__b21] [plan] step=376 node=N39705 type=control0 derived_hard_reduction_hybrid_pred=-0.520375 sequence=-31.972158
[v3_derived_hard_reduction_hybrid gpu4] [plan iscas99__b21] [plan] step=377 node=N39974 type=control1 derived_hard_reduction_hybrid_pred=0.517642 sequence=-31.454516
[v3_derived_hard_reduction_hybrid gpu4] [plan iscas99__b21] [plan] step=378 node=N39990 type=control0 derived_hard_reduction_hybrid_pred=-0.520405 sequence=-31.974921
[v3_derived_hard_reduction_hybrid gpu4] [plan iscas99__b21] [plan] step=379 node=N39990 type=control1 derived_hard_reduction_hybrid_pred=0.482937 sequence=-31.491984
[v3_derived_hard_reduction_hybrid gpu4] [plan iscas99__b21] [plan] step=380 node=N39742 type=control0 derived_hard_reduction_hybrid_pred=-0.496596 sequence=-31.988580
[v3_derived_hard_reduction_hybrid gpu4] [plan iscas99__b21] [plan] step=381 node=N40006 type=control1 derived_hard_reduction_hybrid_pred=0.523391 sequence=-31.465189
[v3_derived_hard_reduction_hybrid gpu4] [plan iscas99__b21] [plan] step=382 node=N39724 type=control0 derived_hard_reduction_hybrid_pred=-0.517641 sequence=-31.982830
[v3_derived_hard_reduction_hybrid gpu4] [plan iscas99__b21] [plan] step=383 node=N40021 type=control1 derived_hard_reduction_hybrid_pred=0.519024 sequence=-31.463806
[v3_derived_hard_reduction_hybrid gpu4] [plan iscas99__b21] [plan] step=384 node=N39669 type=control0 derived_hard_reduction_hybrid_pred=-0.519688 sequence=-31.983494
[v3_derived_hard_reduction_hybrid gpu4] [plan iscas99__b21] [plan] step=385 node=N40036 type=control1 derived_hard_reduction_hybrid_pred=0.517954 sequence=-31.465540
[v3_derived_hard_reduction_hybrid gpu4] [plan iscas99__b21] [plan] step=386 node=N39688 type=control0 derived_hard_reduction_hybrid_pred=-0.520167 sequence=-31.985707
[v3_derived_hard_reduction_hybrid gpu4] [plan iscas99__b21] [plan] step=387 node=N40049 type=control1 derived_hard_reduction_hybrid_pred=0.517721 sequence=-31.467985
[v3_derived_hard_reduction_hybrid gpu4] [plan iscas99__b21] [plan] step=388 node=N39537 type=control0 derived_hard_reduction_hybrid_pred=-0.520377 sequence=-31.988362
[v3_derived_hard_reduction_hybrid gpu4] [plan iscas99__b21] [plan] step=389 node=N40060 type=control1 derived_hard_reduction_hybrid_pred=0.517702 sequence=-31.470660
[v3_derived_hard_reduction_hybrid gpu4] [plan iscas99__b21] [plan] step=390 node=N39562 type=control0 derived_hard_reduction_hybrid_pred=-0.520447 sequence=-31.991107
[v3_derived_hard_reduction_hybrid gpu4] [plan iscas99__b21] [plan] step=391 node=N40071 type=control1 derived_hard_reduction_hybrid_pred=0.517654 sequence=-31.473453
[v3_derived_hard_reduction_hybrid gpu4] [plan iscas99__b21] [plan] step=392 node=N39885 type=control0 derived_hard_reduction_hybrid_pred=-0.520456 sequence=-31.993909
[v3_derived_hard_reduction_hybrid gpu4] [plan iscas99__b21] [plan] step=393 node=N40082 type=control1 derived_hard_reduction_hybrid_pred=0.517644 sequence=-31.476266
[v3_derived_hard_reduction_hybrid gpu4] [plan iscas99__b21] [plan] step=394 node=N39761 type=control0 derived_hard_reduction_hybrid_pred=-0.520456 sequence=-31.996721
[v3_derived_hard_reduction_hybrid gpu4] [plan iscas99__b21] [plan] step=395 node=N40091 type=control1 derived_hard_reduction_hybrid_pred=0.517663 sequence=-31.479058
[v3_derived_hard_reduction_hybrid gpu4] [plan iscas99__b21] [plan] step=396 node=N39850 type=control0 derived_hard_reduction_hybrid_pred=-0.520456 sequence=-31.999514
[v3_derived_hard_reduction_hybrid gpu4] [plan iscas99__b21] [plan] step=397 node=N40100 type=control1 derived_hard_reduction_hybrid_pred=0.517663 sequence=-31.481851
[v3_derived_hard_reduction_hybrid gpu4] [plan iscas99__b21] [plan] step=398 node=N39797 type=control0 derived_hard_reduction_hybrid_pred=-0.520446 sequence=-32.002297
[v3_derived_hard_reduction_hybrid gpu4] [plan iscas99__b21] [plan] step=399 node=N39670 type=control1 derived_hard_reduction_hybrid_pred=0.517673 sequence=-31.484624
[v3_derived_hard_reduction_hybrid gpu4] [plan iscas99__b21] [plan] step=400 node=N40089 type=control0 derived_hard_reduction_hybrid_pred=-0.520436 sequence=-32.005060
[v3_derived_hard_reduction_hybrid gpu4] [plan iscas99__b21] [plan] step=401 node=N39689 type=control1 derived_hard_reduction_hybrid_pred=0.517653 sequence=-31.487407
[v3_derived_hard_reduction_hybrid gpu4] [plan iscas99__b21] [plan] step=402 node=N40058 type=control0 derived_hard_reduction_hybrid_pred=-0.520456 sequence=-32.007863
[v3_derived_hard_reduction_hybrid gpu4] [plan iscas99__b21] [plan] step=403 node=N39706 type=control1 derived_hard_reduction_hybrid_pred=0.517643 sequence=-31.490219
[v3_derived_hard_reduction_hybrid gpu4] [plan iscas99__b21] [plan] step=404 node=N39814 type=control0 derived_hard_reduction_hybrid_pred=-0.520446 sequence=-32.010665
[v3_derived_hard_reduction_hybrid gpu4] [plan iscas99__b21] [plan] step=405 node=N39725 type=control1 derived_hard_reduction_hybrid_pred=0.517653 sequence=-31.493012
[v3_derived_hard_reduction_hybrid gpu4] [plan iscas99__b21] [plan] step=406 node=N39954 type=control0 derived_hard_reduction_hybrid_pred=-0.520446 sequence=-32.013458
[v3_derived_hard_reduction_hybrid gpu4] [plan iscas99__b21] [plan] step=407 node=N39743 type=control1 derived_hard_reduction_hybrid_pred=0.517653 sequence=-31.495804
[v3_derived_hard_reduction_hybrid gpu4] [plan iscas99__b21] [plan] step=408 node=N40104 type=control0 derived_hard_reduction_hybrid_pred=-0.520426 sequence=-32.016230
[v3_derived_hard_reduction_hybrid gpu4] [plan iscas99__b21] [plan] step=409 node=N39762 type=control1 derived_hard_reduction_hybrid_pred=0.517663 sequence=-31.498567
[v3_derived_hard_reduction_hybrid gpu4] [plan iscas99__b21] [plan] step=410 node=N39988 type=control0 derived_hard_reduction_hybrid_pred=-0.520426 sequence=-32.018993
[v3_derived_hard_reduction_hybrid gpu4] [plan iscas99__b21] [plan] step=411 node=N39780 type=control1 derived_hard_reduction_hybrid_pred=0.517634 sequence=-31.501360
[v3_derived_hard_reduction_hybrid gpu4] [plan iscas99__b21] [plan] step=412 node=N40069 type=control0 derived_hard_reduction_hybrid_pred=-0.520426 sequence=-32.021786
[v3_derived_hard_reduction_hybrid gpu4] [plan iscas99__b21] [plan] step=413 node=N39798 type=control1 derived_hard_reduction_hybrid_pred=0.517663 sequence=-31.504123
[v3_derived_hard_reduction_hybrid gpu4] [plan iscas99__b21] [plan] step=414 node=N39779 type=control0 derived_hard_reduction_hybrid_pred=-0.520446 sequence=-32.024569
[v3_derived_hard_reduction_hybrid gpu4] [plan iscas99__b21] [plan] step=415 node=N39815 type=control1 derived_hard_reduction_hybrid_pred=0.517673 sequence=-31.506896
[v3_derived_hard_reduction_hybrid gpu4] [plan iscas99__b21] [plan] step=416 node=N39832 type=control0 derived_hard_reduction_hybrid_pred=-0.520446 sequence=-32.027342
[v3_derived_hard_reduction_hybrid gpu4] [plan iscas99__b21] [plan] step=417 node=N39833 type=control1 derived_hard_reduction_hybrid_pred=0.517653 sequence=-31.509688
[v3_derived_hard_reduction_hybrid gpu4] [plan iscas99__b21] [plan] step=418 node=N40019 type=control0 derived_hard_reduction_hybrid_pred=-0.520416 sequence=-32.030105
[v3_derived_hard_reduction_hybrid gpu4] [plan iscas99__b21] [plan] step=419 node=N39851 type=control1 derived_hard_reduction_hybrid_pred=0.517653 sequence=-31.512451
[v3_derived_hard_reduction_hybrid gpu4] [plan iscas99__b21] [plan] step=420 node=N40034 type=control0 derived_hard_reduction_hybrid_pred=-0.520446 sequence=-32.032897
[v3_derived_hard_reduction_hybrid gpu4] [plan iscas99__b21] [plan] step=421 node=N39869 type=control1 derived_hard_reduction_hybrid_pred=0.517663 sequence=-31.515234
[v3_derived_hard_reduction_hybrid gpu4] [plan iscas99__b21] [plan] step=422 node=N39921 type=control0 derived_hard_reduction_hybrid_pred=-0.520446 sequence=-32.035680
[v3_derived_hard_reduction_hybrid gpu4] [plan iscas99__b21] [plan] step=423 node=N39886 type=control1 derived_hard_reduction_hybrid_pred=0.517643 sequence=-31.518037
[v3_derived_hard_reduction_hybrid gpu4] [plan iscas99__b21] [plan] step=424 node=N40098 type=control0 derived_hard_reduction_hybrid_pred=-0.520436 sequence=-32.038473
[v3_derived_hard_reduction_hybrid gpu4] [plan iscas99__b21] [plan] step=425 node=N39905 type=control1 derived_hard_reduction_hybrid_pred=0.517653 sequence=-31.520819
[v3_derived_hard_reduction_hybrid gpu4] [plan iscas99__b21] [plan] step=426 node=N40080 type=control0 derived_hard_reduction_hybrid_pred=-0.520436 sequence=-32.041255
[v3_derived_hard_reduction_hybrid gpu4] [plan iscas99__b21] [plan] step=427 node=N39922 type=control1 derived_hard_reduction_hybrid_pred=0.517643 sequence=-31.523612
[v3_derived_hard_reduction_hybrid gpu4] [plan iscas99__b21] [plan] step=428 node=N39726 type=control0 derived_hard_reduction_hybrid_pred=-0.520446 sequence=-32.044058
[v3_derived_hard_reduction_hybrid gpu4] [plan iscas99__b21] [plan] step=429 node=N39939 type=control1 derived_hard_reduction_hybrid_pred=0.517634 sequence=-31.526424
[v3_derived_hard_reduction_hybrid gpu4] [plan iscas99__b21] [plan] step=430 node=N39938 type=control0 derived_hard_reduction_hybrid_pred=-0.520436 sequence=-32.046860
[v3_derived_hard_reduction_hybrid gpu4] [plan iscas99__b21] [plan] step=431 node=N39955 type=control1 derived_hard_reduction_hybrid_pred=0.517643 sequence=-31.529217
[v3_derived_hard_reduction_hybrid gpu4] [plan iscas99__b21] [plan] step=432 node=N39799 type=control0 derived_hard_reduction_hybrid_pred=-0.520436 sequence=-32.049652
[v3_derived_hard_reduction_hybrid gpu4] [plan iscas99__b21] [plan] step=433 node=N39973 type=control1 derived_hard_reduction_hybrid_pred=0.517643 sequence=-31.532009
[v3_derived_hard_reduction_hybrid gpu4] [plan iscas99__b21] [plan] step=434 node=N39744 type=control0 derived_hard_reduction_hybrid_pred=-0.520416 sequence=-32.052425
[v3_derived_hard_reduction_hybrid gpu4] [plan iscas99__b21] [plan] step=435 node=N39989 type=control1 derived_hard_reduction_hybrid_pred=0.517653 sequence=-31.534772
[v3_derived_hard_reduction_hybrid gpu4] [plan iscas99__b21] [plan] step=436 node=N39763 type=control0 derived_hard_reduction_hybrid_pred=-0.520446 sequence=-32.055218
[v3_derived_hard_reduction_hybrid gpu4] [plan iscas99__b21] [plan] step=437 node=N40005 type=control1 derived_hard_reduction_hybrid_pred=0.517653 sequence=-31.537564
[v3_derived_hard_reduction_hybrid gpu4] [plan iscas99__b21] [plan] step=438 node=N39972 type=control0 derived_hard_reduction_hybrid_pred=-0.520446 sequence=-32.058010
[v3_derived_hard_reduction_hybrid gpu4] [plan iscas99__b21] [plan] step=439 node=N40020 type=control1 derived_hard_reduction_hybrid_pred=0.517673 sequence=-31.540337
[v3_derived_hard_reduction_hybrid gpu4] [plan iscas99__b21] [plan] step=440 node=N40035 type=control0 derived_hard_reduction_hybrid_pred=-0.520426 sequence=-32.060764
[v3_derived_hard_reduction_hybrid gpu4] [plan iscas99__b21] [plan] step=441 node=N40035 type=control1 derived_hard_reduction_hybrid_pred=0.482879 sequence=-31.577885
[v3_derived_hard_reduction_hybrid gpu4] [plan iscas99__b21] [plan] step=442 node=N39671 type=control0 derived_hard_reduction_hybrid_pred=-0.496607 sequence=-32.074491
[v3_derived_hard_reduction_hybrid gpu4] [plan iscas99__b21] [plan] step=443 node=N40048 type=control1 derived_hard_reduction_hybrid_pred=0.523372 sequence=-31.551119
[v3_derived_hard_reduction_hybrid gpu4] [plan iscas99__b21] [plan] step=444 node=N39870 type=control0 derived_hard_reduction_hybrid_pred=-0.517701 sequence=-32.068820
[v3_derived_hard_reduction_hybrid gpu4] [plan iscas99__b21] [plan] step=445 node=N40059 type=control1 derived_hard_reduction_hybrid_pred=0.519054 sequence=-31.549767
[v3_derived_hard_reduction_hybrid gpu4] [plan iscas99__b21] [plan] step=446 node=N39852 type=control0 derived_hard_reduction_hybrid_pred=-0.519728 sequence=-32.069494
[v3_derived_hard_reduction_hybrid gpu4] [plan iscas99__b21] [plan] step=447 node=N40070 type=control1 derived_hard_reduction_hybrid_pred=0.517994 sequence=-31.551500
[v3_derived_hard_reduction_hybrid gpu4] [plan iscas99__b21] [plan] step=448 node=N40081 type=control0 derived_hard_reduction_hybrid_pred=-0.520237 sequence=-32.071737
[v3_derived_hard_reduction_hybrid gpu4] [plan iscas99__b21] [plan] step=449 node=N40081 type=control1 derived_hard_reduction_hybrid_pred=0.482986 sequence=-31.588751
[v3_derived_hard_reduction_hybrid gpu4] [plan iscas99__b21] [plan] step=450 node=N39887 type=control0 derived_hard_reduction_hybrid_pred=-0.496587 sequence=-32.085338
[v3_derived_hard_reduction_hybrid gpu4] [plan iscas99__b21] [plan] step=451 node=N40090 type=control1 derived_hard_reduction_hybrid_pred=0.523382 sequence=-31.561956
[v3_derived_hard_reduction_hybrid gpu4] [plan iscas99__b21] [plan] step=452 node=N39923 type=control0 derived_hard_reduction_hybrid_pred=-0.517682 sequence=-32.079637
[v3_derived_hard_reduction_hybrid gpu4] [plan iscas99__b21] [plan] step=453 node=N40099 type=control1 derived_hard_reduction_hybrid_pred=0.519054 sequence=-31.560583
[v3_derived_hard_reduction_hybrid gpu4] [plan iscas99__b21] [plan] step=454 node=N40105 type=control0 derived_hard_reduction_hybrid_pred=-0.519757 sequence=-32.080341
[v3_derived_hard_reduction_hybrid gpu4] [plan iscas99__b21] [plan] step=455 node=N40105 type=control1 derived_hard_reduction_hybrid_pred=0.483288 sequence=-31.597052
[v3_derived_hard_reduction_hybrid gpu4] [plan iscas99__b21] [plan] step=456 node=N41157 type=control0 derived_hard_reduction_hybrid_pred=-0.496408 sequence=-32.093461
[v3_derived_hard_reduction_hybrid gpu4] [plan iscas99__b21] [plan] step=457 node=N41157 type=control1 derived_hard_reduction_hybrid_pred=0.488788 sequence=-31.604672
[v3_derived_hard_reduction_hybrid gpu4] [plan iscas99__b21] [plan] step=458 node=N41146 type=control0 derived_hard_reduction_hybrid_pred=-0.493846 sequence=-32.098518
[v3_derived_hard_reduction_hybrid gpu4] [plan iscas99__b21] [plan] step=459 node=N41146 type=control1 derived_hard_reduction_hybrid_pred=0.490142 sequence=-31.608376
[v3_derived_hard_reduction_hybrid gpu4] [plan iscas99__b21] [plan] step=460 node=N41152 type=control0 derived_hard_reduction_hybrid_pred=-0.493169 sequence=-32.101545
[v3_derived_hard_reduction_hybrid gpu4] [plan iscas99__b21] [plan] step=461 node=N41152 type=control1 derived_hard_reduction_hybrid_pred=0.490434 sequence=-31.611111
[v3_derived_hard_reduction_hybrid gpu4] [plan iscas99__b21] [plan] step=462 node=N39511 type=control0 derived_hard_reduction_hybrid_pred=-0.493049 sequence=-32.104160
[v3_derived_hard_reduction_hybrid gpu4] [plan iscas99__b21] [plan] step=463 node=N39511 type=control1 derived_hard_reduction_hybrid_pred=0.490522 sequence=-31.613638
[v3_derived_hard_reduction_hybrid gpu4] [plan iscas99__b21] [plan] step=464 node=N41147 type=control0 derived_hard_reduction_hybrid_pred=-0.493049 sequence=-32.106687
[v3_derived_hard_reduction_hybrid gpu4] [plan iscas99__b21] [plan] step=465 node=N41147 type=control1 derived_hard_reduction_hybrid_pred=0.490522 sequence=-31.616165
[v3_derived_hard_reduction_hybrid gpu4] [plan iscas99__b21] [plan] step=466 node=N39690 type=control0 derived_hard_reduction_hybrid_pred=-0.493108 sequence=-32.109273
[v3_derived_hard_reduction_hybrid gpu4] [plan iscas99__b21] [plan] step=467 node=N39853 type=control1 derived_hard_reduction_hybrid_pred=0.525173 sequence=-31.584100
[v3_derived_hard_reduction_hybrid gpu4] [plan iscas99__b21] [plan] step=468 node=N39707 type=control0 derived_hard_reduction_hybrid_pred=-0.516874 sequence=-32.100974
[v3_derived_hard_reduction_hybrid gpu4] [plan iscas99__b21] [plan] step=469 node=N39871 type=control1 derived_hard_reduction_hybrid_pred=0.519473 sequence=-31.581501
[v3_derived_hard_reduction_hybrid gpu4] [plan iscas99__b21] [plan] step=470 node=N40071 type=control0 derived_hard_reduction_hybrid_pred=-0.519509 sequence=-32.101010
[v3_derived_hard_reduction_hybrid gpu4] [plan iscas99__b21] [plan] step=471 node=N39888 type=control1 derived_hard_reduction_hybrid_pred=0.518063 sequence=-31.582948
[v3_derived_hard_reduction_hybrid gpu4] [plan iscas99__b21] [plan] step=472 node=N40021 type=control0 derived_hard_reduction_hybrid_pred=-0.520208 sequence=-32.103156
[v3_derived_hard_reduction_hybrid gpu4] [plan iscas99__b21] [plan] step=473 node=N39907 type=control1 derived_hard_reduction_hybrid_pred=0.517673 sequence=-31.585483
[v3_derived_hard_reduction_hybrid gpu4] [plan iscas99__b21] [plan] step=474 node=N39940 type=control0 derived_hard_reduction_hybrid_pred=-0.520347 sequence=-32.105830
[v3_derived_hard_reduction_hybrid gpu4] [plan iscas99__b21] [plan] step=475 node=N39924 type=control1 derived_hard_reduction_hybrid_pred=0.517624 sequence=-31.588205
[v3_derived_hard_reduction_hybrid gpu4] [plan iscas99__b21] [plan] step=476 node=N39941 type=control0 derived_hard_reduction_hybrid_pred=-0.520387 sequence=-32.108592
[v3_derived_hard_reduction_hybrid gpu4] [plan iscas99__b21] [plan] step=477 node=N39941 type=control1 derived_hard_reduction_hybrid_pred=0.482870 sequence=-31.625723
[v3_derived_hard_reduction_hybrid gpu4] [plan iscas99__b21] [plan] step=478 node=N39816 type=control0 derived_hard_reduction_hybrid_pred=-0.496637 sequence=-32.122360
[v3_derived_hard_reduction_hybrid gpu4] [plan iscas99__b21] [plan] step=479 node=N39957 type=control1 derived_hard_reduction_hybrid_pred=0.523343 sequence=-31.599017
[v3_derived_hard_reduction_hybrid gpu4] [plan iscas99__b21] [plan] step=480 node=N39499 type=control0 derived_hard_reduction_hybrid_pred=-0.517603 sequence=-32.116620
[v3_derived_hard_reduction_hybrid gpu4] [plan iscas99__b21] [plan] step=481 node=N39499 type=control1 derived_hard_reduction_hybrid_pred=0.484331 sequence=-31.632289
[v3_derived_hard_reduction_hybrid gpu4] [plan iscas99__b21] [plan] step=482 node=N40078 type=control0 derived_hard_reduction_hybrid_pred=-0.495900 sequence=-32.128190
[v3_derived_hard_reduction_hybrid gpu4] [plan iscas99__b21] [plan] step=483 node=N40078 type=control1 derived_hard_reduction_hybrid_pred=0.489012 sequence=-31.639177
[v3_derived_hard_reduction_hybrid gpu4] [plan iscas99__b21] [plan] step=484 node=__buf_split_20105 type=observe derived_hard_reduction_hybrid_pred=-0.300284 sequence=-31.939461
[v3_derived_hard_reduction_hybrid gpu4] [plan iscas99__b21] [plan] step=485 node=N41141 type=control0 derived_hard_reduction_hybrid_pred=-0.306490 sequence=-32.245951
[v3_derived_hard_reduction_hybrid gpu4] [plan iscas99__b21] [plan] step=486 node=N41141 type=control1 derived_hard_reduction_hybrid_pred=0.537535 sequence=-31.708415
[v3_derived_hard_reduction_hybrid gpu4] [plan iscas99__b21] [plan] step=487 node=__buf_split_20108 type=observe derived_hard_reduction_hybrid_pred=-0.275782 sequence=-31.984197
[v3_derived_hard_reduction_hybrid gpu4] [plan iscas99__b21] [plan] step=488 node=N41136 type=control0 derived_hard_reduction_hybrid_pred=-0.291366 sequence=-32.275563
[v3_derived_hard_reduction_hybrid gpu4] [plan iscas99__b21] [plan] step=489 node=N41136 type=control1 derived_hard_reduction_hybrid_pred=0.546759 sequence=-31.728804
[v3_derived_hard_reduction_hybrid gpu4] [plan iscas99__b21] [plan] step=490 node=N41093 type=control0 derived_hard_reduction_hybrid_pred=-0.463350 sequence=-32.192153
[v3_derived_hard_reduction_hybrid gpu4] [plan iscas99__b21] [plan] step=491 node=N41093 type=control1 derived_hard_reduction_hybrid_pred=0.507108 sequence=-31.685045
[v3_derived_hard_reduction_hybrid gpu4] [plan iscas99__b21] [plan] step=492 node=N41102 type=control0 derived_hard_reduction_hybrid_pred=-0.483401 sequence=-32.168447
[v3_derived_hard_reduction_hybrid gpu4] [plan iscas99__b21] [plan] step=493 node=N41102 type=control1 derived_hard_reduction_hybrid_pred=0.497164 sequence=-31.671283
[v3_derived_hard_reduction_hybrid gpu4] [plan iscas99__b21] [plan] step=494 node=N41110 type=control0 derived_hard_reduction_hybrid_pred=-0.489195 sequence=-32.160478
[v3_derived_hard_reduction_hybrid gpu4] [plan iscas99__b21] [plan] step=495 node=N41110 type=control1 derived_hard_reduction_hybrid_pred=0.493817 sequence=-31.666660
[v3_derived_hard_reduction_hybrid gpu4] [plan iscas99__b21] [plan] step=496 node=N41117 type=control0 derived_hard_reduction_hybrid_pred=-0.491145 sequence=-32.157806
[v3_derived_hard_reduction_hybrid gpu4] [plan iscas99__b21] [plan] step=497 node=N41117 type=control1 derived_hard_reduction_hybrid_pred=0.492605 sequence=-31.665200
[v3_derived_hard_reduction_hybrid gpu4] [plan iscas99__b21] [plan] step=498 node=N41124 type=control0 derived_hard_reduction_hybrid_pred=-0.491846 sequence=-32.157046
[v3_derived_hard_reduction_hybrid gpu4] [plan iscas99__b21] [plan] step=499 node=N41124 type=control1 derived_hard_reduction_hybrid_pred=0.491924 sequence=-31.665122
[v3_derived_hard_reduction_hybrid gpu4] [plan iscas99__b21] [plan] step=500 node=N41130 type=control0 derived_hard_reduction_hybrid_pred=-0.492194 sequence=-32.157317
[v3_derived_hard_reduction_hybrid gpu4] [plan iscas99__b21] [plan] step=501 node=N41130 type=control1 derived_hard_reduction_hybrid_pred=0.491572 sequence=-31.665745
[v3_derived_hard_reduction_hybrid gpu4] [plan iscas99__b21] [plan] step=502 node=N39689 type=control0 derived_hard_reduction_hybrid_pred=-0.492529 sequence=-32.158274
[v3_derived_hard_reduction_hybrid gpu4] [plan iscas99__b21] [plan] step=503 node=N39969 type=control1 derived_hard_reduction_hybrid_pred=0.526032 sequence=-31.632242
[v3_derived_hard_reduction_hybrid gpu4] [plan iscas99__b21] [plan] step=504 node=N39974 type=control0 derived_hard_reduction_hybrid_pred=-0.516469 sequence=-32.148711
[v3_derived_hard_reduction_hybrid gpu4] [plan iscas99__b21] [plan] step=505 node=N39986 type=control1 derived_hard_reduction_hybrid_pred=0.520084 sequence=-31.628626
[v3_derived_hard_reduction_hybrid gpu4] [plan iscas99__b21] [plan] step=506 node=N40002 type=control0 derived_hard_reduction_hybrid_pred=-0.519258 sequence=-32.147884
[v3_derived_hard_reduction_hybrid gpu4] [plan iscas99__b21] [plan] step=507 node=N40002 type=control1 derived_hard_reduction_hybrid_pred=0.483738 sequence=-31.664146
[v3_derived_hard_reduction_hybrid gpu4] [plan iscas99__b21] [plan] step=508 node=N40017 type=control0 derived_hard_reduction_hybrid_pred=-0.496200 sequence=-32.160346
[v3_derived_hard_reduction_hybrid gpu4] [plan iscas99__b21] [plan] step=509 node=N40017 type=control1 derived_hard_reduction_hybrid_pred=0.489103 sequence=-31.671243
[v3_derived_hard_reduction_hybrid gpu4] [plan iscas99__b21] [plan] step=510 node=N40031 type=control0 derived_hard_reduction_hybrid_pred=-0.493680 sequence=-32.164923
[v3_derived_hard_reduction_hybrid gpu4] [plan iscas99__b21] [plan] step=511 node=N40031 type=control1 derived_hard_reduction_hybrid_pred=0.490331 sequence=-31.674592
[v3_derived_hard_reduction_hybrid gpu4] [plan iscas99__b21] [plan] step=512 node=N40045 type=control0 derived_hard_reduction_hybrid_pred=-0.493123 sequence=-32.167715
[v3_derived_hard_reduction_hybrid gpu4] [plan iscas99__b21] [plan] step=513 node=N40045 type=control1 derived_hard_reduction_hybrid_pred=0.490654 sequence=-31.677061
[v3_derived_hard_reduction_hybrid gpu4] [plan iscas99__b21] [plan] step=514 node=__buf_split_20090 type=observe derived_hard_reduction_hybrid_pred=-0.299487 sequence=-31.976548
[v3_derived_hard_reduction_hybrid gpu4] [plan iscas99__b21] [plan] step=515 node=__buf_split_20111 type=observe derived_hard_reduction_hybrid_pred=-0.118486 sequence=-32.095034
[v3_derived_hard_reduction_hybrid gpu4] [plan iscas99__b21] [plan] step=516 node=N41123 type=control0 derived_hard_reduction_hybrid_pred=-0.254467 sequence=-32.349501
[v3_derived_hard_reduction_hybrid gpu4] [plan iscas99__b21] [plan] step=517 node=N41123 type=control1 derived_hard_reduction_hybrid_pred=0.566179 sequence=-31.783322
[v3_derived_hard_reduction_hybrid gpu4] [plan iscas99__b21] [plan] step=518 node=N40032 type=control0 derived_hard_reduction_hybrid_pred=-0.454503 sequence=-32.237825
[v3_derived_hard_reduction_hybrid gpu4] [plan iscas99__b21] [plan] step=519 node=N40032 type=control1 derived_hard_reduction_hybrid_pred=0.511689 sequence=-31.726136
[v3_derived_hard_reduction_hybrid gpu4] [plan iscas99__b21] [plan] step=520 node=__buf_split_20097 type=observe derived_hard_reduction_hybrid_pred=-0.288697 sequence=-32.014833
[v3_derived_hard_reduction_hybrid gpu4] [plan iscas99__b21] [plan] step=521 node=__buf_split_20100 type=observe derived_hard_reduction_hybrid_pred=-0.111451 sequence=-32.126284
[v3_derived_hard_reduction_hybrid gpu4] [plan iscas99__b21] [plan] step=522 node=N49268 type=observe derived_hard_reduction_hybrid_pred=-0.066289 sequence=-32.192572
[v3_derived_hard_reduction_hybrid gpu4] [plan iscas99__b21] [plan] step=523 node=N41095 type=control0 derived_hard_reduction_hybrid_pred=-0.221483 sequence=-32.414055
[v3_derived_hard_reduction_hybrid gpu4] [plan iscas99__b21] [plan] step=524 node=N41095 type=control1 derived_hard_reduction_hybrid_pred=0.588130 sequence=-31.825925
[v3_derived_hard_reduction_hybrid gpu4] [plan iscas99__b21] [plan] step=525 node=N41094 type=control0 derived_hard_reduction_hybrid_pred=-0.446614 sequence=-32.272539
[v3_derived_hard_reduction_hybrid gpu4] [plan iscas99__b21] [plan] step=526 node=N41094 type=control1 derived_hard_reduction_hybrid_pred=0.518242 sequence=-31.754297
[v3_derived_hard_reduction_hybrid gpu4] [plan iscas99__b21] [plan] step=527 node=N41103 type=control0 derived_hard_reduction_hybrid_pred=-0.477037 sequence=-32.231334
[v3_derived_hard_reduction_hybrid gpu4] [plan iscas99__b21] [plan] step=528 node=N41103 type=control1 derived_hard_reduction_hybrid_pred=0.502375 sequence=-31.728959
[v3_derived_hard_reduction_hybrid gpu4] [plan iscas99__b21] [plan] step=529 node=N39970 type=control0 derived_hard_reduction_hybrid_pred=-0.486269 sequence=-32.215228
[v3_derived_hard_reduction_hybrid gpu4] [plan iscas99__b21] [plan] step=530 node=N39970 type=control1 derived_hard_reduction_hybrid_pred=0.496880 sequence=-31.718348
[v3_derived_hard_reduction_hybrid gpu4] [plan iscas99__b21] [plan] step=531 node=N41082 type=control0 derived_hard_reduction_hybrid_pred=-0.489491 sequence=-32.207840
[v3_derived_hard_reduction_hybrid gpu4] [plan iscas99__b21] [plan] step=532 node=N41082 type=control1 derived_hard_reduction_hybrid_pred=0.494493 sequence=-31.713346
[v3_derived_hard_reduction_hybrid gpu4] [plan iscas99__b21] [plan] step=533 node=N41088 type=control0 derived_hard_reduction_hybrid_pred=-0.490782 sequence=-32.204128
[v3_derived_hard_reduction_hybrid gpu4] [plan iscas99__b21] [plan] step=534 node=N41088 type=control1 derived_hard_reduction_hybrid_pred=0.493316 sequence=-31.710812
[v3_derived_hard_reduction_hybrid gpu4] [plan iscas99__b21] [plan] step=535 node=N39936 type=control0 derived_hard_reduction_hybrid_pred=-0.491419 sequence=-32.202231
[v3_derived_hard_reduction_hybrid gpu4] [plan iscas99__b21] [plan] step=536 node=N39936 type=control1 derived_hard_reduction_hybrid_pred=0.492542 sequence=-31.709689
[v3_derived_hard_reduction_hybrid gpu4] [plan iscas99__b21] [plan] step=537 node=N41069 type=control0 derived_hard_reduction_hybrid_pred=-0.491841 sequence=-32.201530
[v3_derived_hard_reduction_hybrid gpu4] [plan iscas99__b21] [plan] step=538 node=N41069 type=control1 derived_hard_reduction_hybrid_pred=0.492057 sequence=-31.709473
[v3_derived_hard_reduction_hybrid gpu4] [plan iscas99__b21] [plan] step=539 node=N41076 type=control0 derived_hard_reduction_hybrid_pred=-0.492151 sequence=-32.201624
[v3_derived_hard_reduction_hybrid gpu4] [plan iscas99__b21] [plan] step=540 node=N41076 type=control1 derived_hard_reduction_hybrid_pred=0.491696 sequence=-31.709928
[v3_derived_hard_reduction_hybrid gpu4] [plan iscas99__b21] [plan] step=541 node=N41070 type=control0 derived_hard_reduction_hybrid_pred=-0.492388 sequence=-32.202316
[v3_derived_hard_reduction_hybrid gpu4] [plan iscas99__b21] [plan] step=542 node=N41070 type=control1 derived_hard_reduction_hybrid_pred=0.491361 sequence=-31.710956
[v3_derived_hard_reduction_hybrid gpu4] [plan iscas99__b21] [plan] step=543 node=N39901 type=control0 derived_hard_reduction_hybrid_pred=-0.492544 sequence=-32.203499
[v3_derived_hard_reduction_hybrid gpu4] [plan iscas99__b21] [plan] step=544 node=N39901 type=control1 derived_hard_reduction_hybrid_pred=0.491122 sequence=-31.712377
[v3_derived_hard_reduction_hybrid gpu4] [plan iscas99__b21] [plan] step=545 node=N39919 type=control0 derived_hard_reduction_hybrid_pred=-0.492658 sequence=-32.205035
[v3_derived_hard_reduction_hybrid gpu4] [plan iscas99__b21] [plan] step=546 node=N39919 type=control1 derived_hard_reduction_hybrid_pred=0.491038 sequence=-31.713997
[v3_derived_hard_reduction_hybrid gpu4] [plan iscas99__b21] [plan] step=547 node=N22409 type=observe derived_hard_reduction_hybrid_pred=-0.299670 sequence=-32.013667
[v3_derived_hard_reduction_hybrid gpu4] [plan iscas99__b21] [plan] step=548 node=N22412 type=observe derived_hard_reduction_hybrid_pred=-0.118622 sequence=-32.132289
[v3_derived_hard_reduction_hybrid gpu4] [plan iscas99__b21] [plan] step=549 node=N22415 type=observe derived_hard_reduction_hybrid_pred=-0.070965 sequence=-32.203254
[v3_derived_hard_reduction_hybrid gpu4] [plan iscas99__b21] [plan] step=550 node=N22418 type=observe derived_hard_reduction_hybrid_pred=-0.044535 sequence=-32.247789
[v3_derived_hard_reduction_hybrid gpu4] [plan iscas99__b21] [plan] step=551 node=N22422 type=observe derived_hard_reduction_hybrid_pred=-0.028499 sequence=-32.276288
[v3_derived_hard_reduction_hybrid gpu4] [plan iscas99__b21] [plan] step=552 node=N22425 type=observe derived_hard_reduction_hybrid_pred=-0.019606 sequence=-32.295894
[v3_derived_hard_reduction_hybrid gpu4] [plan iscas99__b21] [plan] step=553 node=N22428 type=observe derived_hard_reduction_hybrid_pred=-0.014488 sequence=-32.310381
[v3_derived_hard_reduction_hybrid gpu4] [plan iscas99__b21] [plan] step=554 node=N22431 type=observe derived_hard_reduction_hybrid_pred=-0.011198 sequence=-32.321579
[v3_derived_hard_reduction_hybrid gpu4] [plan iscas99__b21] [plan] step=555 node=N49295 type=observe derived_hard_reduction_hybrid_pred=-0.008969 sequence=-32.330549
[v3_derived_hard_reduction_hybrid gpu4] [plan iscas99__b21] [plan] step=556 node=N49298 type=observe derived_hard_reduction_hybrid_pred=-0.007447 sequence=-32.337996
[v3_derived_hard_reduction_hybrid gpu4] [plan iscas99__b21] [plan] step=557 node=N49280 type=observe derived_hard_reduction_hybrid_pred=-0.006279 sequence=-32.344276
[v3_derived_hard_reduction_hybrid gpu4] [plan iscas99__b21] [plan] step=558 node=N49301 type=observe derived_hard_reduction_hybrid_pred=-0.005298 sequence=-32.349573
[v3_derived_hard_reduction_hybrid gpu4] [plan iscas99__b21] [plan] step=559 node=N49296 type=observe derived_hard_reduction_hybrid_pred=-0.004611 sequence=-32.354184
[v3_derived_hard_reduction_hybrid gpu4] [plan iscas99__b21] [plan] step=560 node=N49277 type=observe derived_hard_reduction_hybrid_pred=-0.003914 sequence=-32.358098
[v3_derived_hard_reduction_hybrid gpu4] [plan iscas99__b21] [plan] step=561 node=N49299 type=observe derived_hard_reduction_hybrid_pred=-0.003433 sequence=-32.361532
[v3_derived_hard_reduction_hybrid gpu4] [plan iscas99__b21] [plan] step=562 node=N22460 type=observe derived_hard_reduction_hybrid_pred=-0.003129 sequence=-32.364661
[v3_derived_hard_reduction_hybrid gpu4] [plan iscas99__b21] [plan] step=563 node=N22463 type=observe derived_hard_reduction_hybrid_pred=-0.002756 sequence=-32.367417
[v3_derived_hard_reduction_hybrid gpu4] [plan iscas99__b21] [plan] step=564 node=N22465 type=observe derived_hard_reduction_hybrid_pred=-0.002364 sequence=-32.369781
[v3_derived_hard_reduction_hybrid gpu4] [plan iscas99__b21] [plan] step=565 node=N22468 type=observe derived_hard_reduction_hybrid_pred=-0.001971 sequence=-32.371753
[v3_derived_hard_reduction_hybrid gpu4] [plan iscas99__b21] [plan] step=566 node=N22472 type=observe derived_hard_reduction_hybrid_pred=-0.001726 sequence=-32.373479
[v3_derived_hard_reduction_hybrid gpu4] [plan iscas99__b21] [plan] step=567 node=N22475 type=observe derived_hard_reduction_hybrid_pred=-0.001510 sequence=-32.374989
[v3_derived_hard_reduction_hybrid gpu4] [plan iscas99__b21] [plan] step=568 node=N22477 type=observe derived_hard_reduction_hybrid_pred=-0.001314 sequence=-32.376304
[v3_derived_hard_reduction_hybrid gpu4] [plan iscas99__b21] [plan] step=569 node=N22480 type=observe derived_hard_reduction_hybrid_pred=-0.001148 sequence=-32.377451
[v3_derived_hard_reduction_hybrid gpu4] [plan iscas99__b21] [plan] step=570 node=__buf_split_20103 type=observe derived_hard_reduction_hybrid_pred=-0.000814 sequence=-32.378265
[v3_derived_hard_reduction_hybrid gpu4] [plan iscas99__b21] [plan] step=571 node=N49281 type=observe derived_hard_reduction_hybrid_pred=-0.000804 sequence=-32.379069
[v3_derived_hard_reduction_hybrid gpu4] [plan iscas99__b21] [plan] step=572 node=N49302 type=observe derived_hard_reduction_hybrid_pred=-0.000696 sequence=-32.379766
[v3_derived_hard_reduction_hybrid gpu4] [plan iscas99__b21] [plan] step=573 node=N4942 type=control1 derived_hard_reduction_hybrid_pred=0.450258 sequence=-31.929508
[v3_derived_hard_reduction_hybrid gpu4] [plan iscas99__b21] [plan] step=574 node=N22435 type=observe derived_hard_reduction_hybrid_pred=-0.276119 sequence=-32.205627
[v3_derived_hard_reduction_hybrid gpu4] [plan iscas99__b21] [plan] step=575 node=N22438 type=observe derived_hard_reduction_hybrid_pred=-0.086566 sequence=-32.292194
[v3_derived_hard_reduction_hybrid gpu4] [plan iscas99__b21] [plan] step=576 node=N22441 type=observe derived_hard_reduction_hybrid_pred=-0.044222 sequence=-32.336416
[v3_derived_hard_reduction_hybrid gpu4] [plan iscas99__b21] [plan] step=577 node=N22444 type=observe derived_hard_reduction_hybrid_pred=-0.022911 sequence=-32.359327
[v3_derived_hard_reduction_hybrid gpu4] [plan iscas99__b21] [plan] step=578 node=N22448 type=observe derived_hard_reduction_hybrid_pred=-0.012066 sequence=-32.371393
[v3_derived_hard_reduction_hybrid gpu4] [plan iscas99__b21] [plan] step=579 node=N22451 type=observe derived_hard_reduction_hybrid_pred=-0.006434 sequence=-32.377827
[v3_derived_hard_reduction_hybrid gpu4] [plan iscas99__b21] [plan] step=580 node=N22453 type=observe derived_hard_reduction_hybrid_pred=-0.003472 sequence=-32.381299
[v3_derived_hard_reduction_hybrid gpu4] [plan iscas99__b21] [plan] step=581 node=N22456 type=observe derived_hard_reduction_hybrid_pred=-0.001922 sequence=-32.383222
[v3_derived_hard_reduction_hybrid gpu4] [plan iscas99__b21] [plan] step=582 node=__buf_split_20080 type=observe derived_hard_reduction_hybrid_pred=-0.000971 sequence=-32.384192
[v3_derived_hard_reduction_hybrid gpu4] [plan iscas99__b21] [plan] step=583 node=N8820 type=observe derived_hard_reduction_hybrid_pred=-0.001177 sequence=-32.385369
[v3_derived_hard_reduction_hybrid gpu4] [plan iscas99__b21] [plan] step=584 node=N8658 type=observe derived_hard_reduction_hybrid_pred=-0.000039 sequence=-32.385409
[v3_derived_hard_reduction_hybrid gpu4] [plan iscas99__b21] [plan] step=585 node=N8659 type=observe derived_hard_reduction_hybrid_pred=-0.000265 sequence=-32.385673
[v3_derived_hard_reduction_hybrid gpu4] [plan iscas99__b21] [plan] step=586 node=N8660 type=observe derived_hard_reduction_hybrid_pred=-0.000284 sequence=-32.385958
[v3_derived_hard_reduction_hybrid gpu4] [plan iscas99__b21] [plan] step=587 node=N8663 type=observe derived_hard_reduction_hybrid_pred=-0.000069 sequence=-32.386026
[v3_derived_hard_reduction_hybrid gpu4] [plan iscas99__b21] [plan] step=588 node=N8664 type=observe derived_hard_reduction_hybrid_pred=-0.000108 sequence=-32.386134
[v3_derived_hard_reduction_hybrid gpu4] [plan iscas99__b21] [plan] step=589 node=N8665 type=observe derived_hard_reduction_hybrid_pred=-0.000186 sequence=-32.386321
[v3_derived_hard_reduction_hybrid gpu4] [plan iscas99__b21] [plan] step=590 node=__buf_split_4110 type=observe derived_hard_reduction_hybrid_pred=0.000020 sequence=-32.386301
[v3_derived_hard_reduction_hybrid gpu4] [plan iscas99__b21] [plan] step=591 node=N29804 type=observe derived_hard_reduction_hybrid_pred=-0.016613 sequence=-32.402914
[v3_derived_hard_reduction_hybrid gpu4] [plan iscas99__b21] [plan] step=592 node=N49278 type=observe derived_hard_reduction_hybrid_pred=0.004383 sequence=-32.398531
[v3_derived_hard_reduction_hybrid gpu4] [plan iscas99__b21] [plan] step=593 node=N8678 type=observe derived_hard_reduction_hybrid_pred=0.004462 sequence=-32.394070
[v3_derived_hard_reduction_hybrid gpu4] [plan iscas99__b21] [plan] step=594 node=N8680 type=observe derived_hard_reduction_hybrid_pred=0.002452 sequence=-32.391618
[v3_derived_hard_reduction_hybrid gpu4] [plan iscas99__b21] [plan] step=595 node=N8683 type=observe derived_hard_reduction_hybrid_pred=0.001255 sequence=-32.390363
[v3_derived_hard_reduction_hybrid gpu4] [plan iscas99__b21] [plan] step=596 node=N8685 type=observe derived_hard_reduction_hybrid_pred=0.000794 sequence=-32.389568
[v3_derived_hard_reduction_hybrid gpu4] [plan iscas99__b21] [plan] step=597 node=N4941 type=control1 derived_hard_reduction_hybrid_pred=0.452023 sequence=-31.937545
[v3_derived_hard_reduction_hybrid gpu4] [plan iscas99__b21] [plan] step=598 node=N22484 type=observe derived_hard_reduction_hybrid_pred=-0.275328 sequence=-32.212873
[v3_derived_hard_reduction_hybrid gpu4] [plan iscas99__b21] [plan] step=599 node=N22487 type=observe derived_hard_reduction_hybrid_pred=-0.085885 sequence=-32.298758
[v3_derived_hard_reduction_hybrid gpu4] [plan iscas99__b21] [plan] step=600 node=N49287 type=observe derived_hard_reduction_hybrid_pred=-0.043583 sequence=-32.342341
[v3_derived_hard_reduction_hybrid gpu4] [plan iscas99__b21] [plan] step=601 node=N49290 type=observe derived_hard_reduction_hybrid_pred=-0.022439 sequence=-32.364780
[v3_derived_hard_reduction_hybrid gpu4] [plan iscas99__b21] [plan] step=602 node=N4937 type=control1 derived_hard_reduction_hybrid_pred=0.439627 sequence=-31.925153
[v3_derived_hard_reduction_hybrid gpu4] [plan iscas99__b21] [plan] step=603 node=N8668 type=observe derived_hard_reduction_hybrid_pred=-0.281830 sequence=-32.206982
[v3_derived_hard_reduction_hybrid gpu4] [plan iscas99__b21] [plan] step=604 node=N8669 type=observe derived_hard_reduction_hybrid_pred=-0.089399 sequence=-32.296381
[v3_derived_hard_reduction_hybrid gpu4] [plan iscas99__b21] [plan] step=605 node=N8670 type=observe derived_hard_reduction_hybrid_pred=-0.045528 sequence=-32.341910
[v3_derived_hard_reduction_hybrid gpu4] [plan iscas99__b21] [plan] step=606 node=N8673 type=observe derived_hard_reduction_hybrid_pred=-0.023421 sequence=-32.365331
[v3_derived_hard_reduction_hybrid gpu4] [plan iscas99__b21] [plan] step=607 node=N8675 type=observe derived_hard_reduction_hybrid_pred=-0.012272 sequence=-32.377602
[v3_derived_hard_reduction_hybrid gpu4] [plan iscas99__b21] [plan] step=608 node=N22337 type=observe derived_hard_reduction_hybrid_pred=-0.012496 sequence=-32.390098
[v3_derived_hard_reduction_hybrid gpu4] [plan iscas99__b21] [plan] step=609 node=__buf_split_20096 type=observe derived_hard_reduction_hybrid_pred=-0.002952 sequence=-32.393050
[v3_derived_hard_reduction_hybrid gpu4] [plan iscas99__b21] [plan] step=610 node=__buf_split_20099 type=observe derived_hard_reduction_hybrid_pred=0.000775 sequence=-32.392276
[v3_derived_hard_reduction_hybrid gpu4] [plan iscas99__b21] [plan] step=611 node=N49272 type=observe derived_hard_reduction_hybrid_pred=0.000216 sequence=-32.392060
[v3_derived_hard_reduction_hybrid gpu4] [plan iscas99__b21] [plan] step=612 node=N14741 type=observe derived_hard_reduction_hybrid_pred=-0.005561 sequence=-32.397620
[v3_derived_hard_reduction_hybrid gpu4] [plan iscas99__b21] [plan] step=613 node=N34151 type=observe derived_hard_reduction_hybrid_pred=-0.006766 sequence=-32.404387
[v3_derived_hard_reduction_hybrid gpu4] [plan iscas99__b21] [plan] step=614 node=N22088 type=control1 derived_hard_reduction_hybrid_pred=0.454426 sequence=-31.949960
[v3_derived_hard_reduction_hybrid gpu4] [plan iscas99__b21] [plan] step=615 node=N49293 type=observe derived_hard_reduction_hybrid_pred=-0.272192 sequence=-32.222152
[v3_derived_hard_reduction_hybrid gpu4] [plan iscas99__b21] [plan] step=616 node=N28206 type=observe derived_hard_reduction_hybrid_pred=-0.090252 sequence=-32.312404
[v3_derived_hard_reduction_hybrid gpu4] [plan iscas99__b21] [plan] step=617 node=N49294 type=observe derived_hard_reduction_hybrid_pred=-0.042479 sequence=-32.354884
[v3_derived_hard_reduction_hybrid gpu4] [plan iscas99__b21] [plan] step=618 node=N49297 type=observe derived_hard_reduction_hybrid_pred=-0.019396 sequence=-32.374280
[v3_derived_hard_reduction_hybrid gpu4] [plan iscas99__b21] [plan] step=619 node=__buf_split_20102 type=observe derived_hard_reduction_hybrid_pred=-0.009887 sequence=-32.384167
[v3_derived_hard_reduction_hybrid gpu4] [plan iscas99__b21] [plan] step=620 node=N49279 type=observe derived_hard_reduction_hybrid_pred=-0.005169 sequence=-32.389336
[v3_derived_hard_reduction_hybrid gpu4] [plan iscas99__b21] [plan] step=621 node=N49300 type=observe derived_hard_reduction_hybrid_pred=-0.002589 sequence=-32.391925
[v3_derived_hard_reduction_hybrid gpu4] [plan iscas99__b21] [plan] step=622 node=N26719 type=observe derived_hard_reduction_hybrid_pred=-0.008013 sequence=-32.399938
[v3_derived_hard_reduction_hybrid gpu4] [plan iscas99__b21] [plan] step=623 node=N26720 type=observe derived_hard_reduction_hybrid_pred=-0.007100 sequence=-32.407038
[v3_derived_hard_reduction_hybrid gpu4] [plan iscas99__b21] [plan] step=624 node=N26721 type=observe derived_hard_reduction_hybrid_pred=-0.003991 sequence=-32.411029
[v3_derived_hard_reduction_hybrid gpu4] [plan iscas99__b21] [plan] step=625 node=N26722 type=observe derived_hard_reduction_hybrid_pred=-0.002461 sequence=-32.413490
[v3_derived_hard_reduction_hybrid gpu4] [plan iscas99__b21] [plan] step=626 node=N26723 type=observe derived_hard_reduction_hybrid_pred=-0.001539 sequence=-32.415029
[v3_derived_hard_reduction_hybrid gpu4] [plan iscas99__b21] [plan] step=627 node=N26724 type=observe derived_hard_reduction_hybrid_pred=-0.001177 sequence=-32.416206
[v3_derived_hard_reduction_hybrid gpu4] [plan iscas99__b21] [plan] step=628 node=N26725 type=observe derived_hard_reduction_hybrid_pred=-0.000902 sequence=-32.417108
[v3_derived_hard_reduction_hybrid gpu4] [plan iscas99__b21] saved=autoresearch/improve-260704-1035/b21_world_rerank_hard_scores/v3_derived_hard_reduction_hybrid/plans/iscas99__b21__greedy__cumulative__derived_hard_reduction_hybrid_pred__bw1__d1__c96__g1p0__candheuristic_recall_pool__div0p0__s0.csv
[v3_derived_hard_reduction_hybrid gpu4] [gmean] 2026-07-04T16:54:40 [1/1] plan_done benchmark=iscas99__b21 plan_sec=2217.53 plan_csv=autoresearch/improve-260704-1035/b21_world_rerank_hard_scores/v3_derived_hard_reduction_hybrid/plans/iscas99__b21__greedy__cumulative__derived_hard_reduction_hybrid_pred__bw1__d1__c96__g1p0__candheuristic_recall_pool__div0p0__s0.csv
[v3_derived_hard_reduction_hybrid gpu4] [gmean] 2026-07-04T16:54:40 [1/1] eval_start benchmark=iscas99__b21 backend=atalanta-bist patterns=300000
[v3_derived_hard_reduction_hybrid gpu4] [eval iscas99__b21] {
[v3_derived_hard_reduction_hybrid gpu4] [eval iscas99__b21]   "records": 2,
[v3_derived_hard_reduction_hybrid gpu4] [eval iscas99__b21]   "labels_csv": "autoresearch/improve-260704-1035/b21_world_rerank_hard_scores/v3_derived_hard_reduction_hybrid/evals/iscas99__b21__greedy__cumulative__derived_hard_reduction_hybrid_pred__bw1__d1__c96__g1p0__candheuristic_recall_pool__div0p0__s0/labels.csv",
[v3_derived_hard_reduction_hybrid gpu4] [eval iscas99__b21]   "summary_json": "autoresearch/improve-260704-1035/b21_world_rerank_hard_scores/v3_derived_hard_reduction_hybrid/evals/iscas99__b21__greedy__cumulative__derived_hard_reduction_hybrid_pred__bw1__d1__c96__g1p0__candheuristic_recall_pool__div0p0__s0/summary.json"
[v3_derived_hard_reduction_hybrid gpu4] [eval iscas99__b21] }
[v3_derived_hard_reduction_hybrid gpu4] [gmean] 2026-07-04T16:54:58 [1/1] eval_done benchmark=iscas99__b21 delta_tc=0.00992000000000004 plan_sec=2217.53 eval_sec=18.557 total_sec=2236.099
[v3_derived_hard_reduction_hybrid gpu4] [gmean] 2026-07-04T16:54:58 variant_done id=greedy__cumulative__derived_hard_reduction_hybrid_pred__bw1__d1__c96__g1p0__candheuristic_recall_pool__div0p0__s0 status=ok macro=0.00992000000000004 positives=1 negatives=0 elapsed=2236.099
[v3_derived_hard_reduction_hybrid gpu4] [2026-07-04T16:54:58+08:00] done name=v3_derived_hard_reduction_hybrid
