[v4_derived_hard_reduction_hybrid gpu5] [2026-07-04T16:17:42+08:00] start name=v4_derived_hard_reduction_hybrid gpu=5 score_field=derived_hard_reduction_hybrid_pred checkpoint=runs/mainline_accuracy_improve_v4_reduction_sign/best.pt
[v4_derived_hard_reduction_hybrid gpu5] [gmean] 2026-07-04T16:17:42 out_dir=autoresearch/improve-260704-1035/b21_world_rerank_hard_scores/v4_derived_hard_reduction_hybrid
[v4_derived_hard_reduction_hybrid gpu5] [gmean] 2026-07-04T16:17:42 budgets=iscas99__b21:628
[v4_derived_hard_reduction_hybrid gpu5] [gmean] 2026-07-04T16:17:42 variant_start id=greedy__cumulative__derived_hard_reduction_hybrid_pred__bw1__d1__c96__g1p0__candheuristic_recall_pool__div0p0__s0
[v4_derived_hard_reduction_hybrid gpu5] [gmean] 2026-07-04T16:17:42 [1/1] plan_start benchmark=iscas99__b21 budget=628 planner=greedy score=derived_hard_reduction_hybrid_pred
[v4_derived_hard_reduction_hybrid gpu5] [plan iscas99__b21] [plan] step=1 node=N29819 type=observe derived_hard_reduction_hybrid_pred=-6.329024 sequence=-6.329024
[v4_derived_hard_reduction_hybrid gpu5] [plan iscas99__b21] [plan] step=2 node=N29757 type=observe derived_hard_reduction_hybrid_pred=-0.288714 sequence=-6.617738
[v4_derived_hard_reduction_hybrid gpu5] [plan iscas99__b21] [plan] step=3 node=N29794 type=observe derived_hard_reduction_hybrid_pred=1.797600 sequence=-4.820138
[v4_derived_hard_reduction_hybrid gpu5] [plan iscas99__b21] [plan] step=4 node=N8840 type=observe derived_hard_reduction_hybrid_pred=6.484488 sequence=1.664349
[v4_derived_hard_reduction_hybrid gpu5] [plan iscas99__b21] [plan] step=5 node=N21937 type=observe derived_hard_reduction_hybrid_pred=3.115837 sequence=4.780186
[v4_derived_hard_reduction_hybrid gpu5] [plan iscas99__b21] [plan] step=6 node=N8672 type=observe derived_hard_reduction_hybrid_pred=3.438774 sequence=8.218960
[v4_derived_hard_reduction_hybrid gpu5] [plan iscas99__b21] [plan] step=7 node=__buf_split_12980 type=observe derived_hard_reduction_hybrid_pred=8.403718 sequence=16.622678
[v4_derived_hard_reduction_hybrid gpu5] [plan iscas99__b21] [plan] step=8 node=__buf_split_10165 type=observe derived_hard_reduction_hybrid_pred=16.476282 sequence=33.098960
[v4_derived_hard_reduction_hybrid gpu5] [plan iscas99__b21] [plan] step=9 node=__buf_split_12981 type=observe derived_hard_reduction_hybrid_pred=24.417390 sequence=57.516350
[v4_derived_hard_reduction_hybrid gpu5] [plan iscas99__b21] [plan] step=10 node=__buf_split_10166 type=observe derived_hard_reduction_hybrid_pred=34.319547 sequence=91.835897
[v4_derived_hard_reduction_hybrid gpu5] [plan iscas99__b21] [plan] step=11 node=__buf_split_12982 type=observe derived_hard_reduction_hybrid_pred=48.204759 sequence=140.040656
[v4_derived_hard_reduction_hybrid gpu5] [plan iscas99__b21] [plan] step=12 node=N4692 type=observe derived_hard_reduction_hybrid_pred=54.388297 sequence=194.428952
[v4_derived_hard_reduction_hybrid gpu5] [plan iscas99__b21] [plan] step=13 node=__buf_split_184 type=control0 derived_hard_reduction_hybrid_pred=-40.512040 sequence=153.916912
[v4_derived_hard_reduction_hybrid gpu5] [plan iscas99__b21] [plan] step=14 node=__buf_split_217 type=control0 derived_hard_reduction_hybrid_pred=-36.171100 sequence=117.745812
[v4_derived_hard_reduction_hybrid gpu5] [plan iscas99__b21] [plan] step=15 node=__buf_split_184 type=control1 derived_hard_reduction_hybrid_pred=-41.951144 sequence=75.794669
[v4_derived_hard_reduction_hybrid gpu5] [plan iscas99__b21] [plan] step=16 node=__buf_split_217 type=control1 derived_hard_reduction_hybrid_pred=-34.255725 sequence=41.538943
[v4_derived_hard_reduction_hybrid gpu5] [plan iscas99__b21] [plan] step=17 node=N857 type=observe derived_hard_reduction_hybrid_pred=-37.530267 sequence=4.008676
[v4_derived_hard_reduction_hybrid gpu5] [plan iscas99__b21] [plan] step=18 node=N27267 type=observe derived_hard_reduction_hybrid_pred=-44.736162 sequence=-40.727486
[v4_derived_hard_reduction_hybrid gpu5] [plan iscas99__b21] [plan] step=19 node=N24931 type=observe derived_hard_reduction_hybrid_pred=-49.109179 sequence=-89.836664
[v4_derived_hard_reduction_hybrid gpu5] [plan iscas99__b21] [plan] step=20 node=__buf_split_19584 type=observe derived_hard_reduction_hybrid_pred=-47.644797 sequence=-137.481461
[v4_derived_hard_reduction_hybrid gpu5] [plan iscas99__b21] [plan] step=21 node=N8163 type=observe derived_hard_reduction_hybrid_pred=-35.074639 sequence=-172.556101
[v4_derived_hard_reduction_hybrid gpu5] [plan iscas99__b21] [plan] step=22 node=N4112 type=observe derived_hard_reduction_hybrid_pred=-40.261546 sequence=-212.817646
[v4_derived_hard_reduction_hybrid gpu5] [plan iscas99__b21] [plan] step=23 node=N39437 type=control0 derived_hard_reduction_hybrid_pred=-14.347620 sequence=-227.165267
[v4_derived_hard_reduction_hybrid gpu5] [plan iscas99__b21] [plan] step=24 node=N39437 type=control1 derived_hard_reduction_hybrid_pred=-3.960879 sequence=-231.126146
[v4_derived_hard_reduction_hybrid gpu5] [plan iscas99__b21] [plan] step=25 node=N39470 type=control0 derived_hard_reduction_hybrid_pred=-1.363475 sequence=-232.489620
[v4_derived_hard_reduction_hybrid gpu5] [plan iscas99__b21] [plan] step=26 node=N39470 type=control1 derived_hard_reduction_hybrid_pred=-1.300661 sequence=-233.790282
[v4_derived_hard_reduction_hybrid gpu5] [plan iscas99__b21] [plan] step=27 node=N26421 type=observe derived_hard_reduction_hybrid_pred=-0.414933 sequence=-234.205215
[v4_derived_hard_reduction_hybrid gpu5] [plan iscas99__b21] [plan] step=28 node=N4083 type=observe derived_hard_reduction_hybrid_pred=-0.000253 sequence=-234.205468
[v4_derived_hard_reduction_hybrid gpu5] [plan iscas99__b21] [plan] step=29 node=N826 type=observe derived_hard_reduction_hybrid_pred=0.000000 sequence=-234.205468
[v4_derived_hard_reduction_hybrid gpu5] [plan iscas99__b21] [plan] step=30 node=__buf_split_10167 type=observe derived_hard_reduction_hybrid_pred=0.000000 sequence=-234.205468
[v4_derived_hard_reduction_hybrid gpu5] [plan iscas99__b21] [plan] step=31 node=N48468 type=observe derived_hard_reduction_hybrid_pred=0.000000 sequence=-234.205468
[v4_derived_hard_reduction_hybrid gpu5] [plan iscas99__b21] [plan] step=32 node=N42300 type=observe derived_hard_reduction_hybrid_pred=0.000000 sequence=-234.205468
[v4_derived_hard_reduction_hybrid gpu5] [plan iscas99__b21] [plan] step=33 node=N48469 type=observe derived_hard_reduction_hybrid_pred=0.000000 sequence=-234.205468
[v4_derived_hard_reduction_hybrid gpu5] [plan iscas99__b21] [plan] step=34 node=N42301 type=observe derived_hard_reduction_hybrid_pred=0.000000 sequence=-234.205468
[v4_derived_hard_reduction_hybrid gpu5] [plan iscas99__b21] [plan] step=35 node=N48467 type=observe derived_hard_reduction_hybrid_pred=0.000000 sequence=-234.205468
[v4_derived_hard_reduction_hybrid gpu5] [plan iscas99__b21] [plan] step=36 node=N42299 type=observe derived_hard_reduction_hybrid_pred=0.000000 sequence=-234.205468
[v4_derived_hard_reduction_hybrid gpu5] [plan iscas99__b21] [plan] step=37 node=N4687 type=observe derived_hard_reduction_hybrid_pred=0.000000 sequence=-234.205468
[v4_derived_hard_reduction_hybrid gpu5] [plan iscas99__b21] [plan] step=38 node=N1437 type=observe derived_hard_reduction_hybrid_pred=0.000000 sequence=-234.205468
[v4_derived_hard_reduction_hybrid gpu5] [plan iscas99__b21] [plan] step=39 node=N1442 type=observe derived_hard_reduction_hybrid_pred=0.000000 sequence=-234.205468
[v4_derived_hard_reduction_hybrid gpu5] [plan iscas99__b21] [plan] step=40 node=N24081 type=observe derived_hard_reduction_hybrid_pred=0.000000 sequence=-234.205468
[v4_derived_hard_reduction_hybrid gpu5] [plan iscas99__b21] [plan] step=41 node=N21946 type=observe derived_hard_reduction_hybrid_pred=0.000000 sequence=-234.205468
[v4_derived_hard_reduction_hybrid gpu5] [plan iscas99__b21] [plan] step=42 node=N21039 type=observe derived_hard_reduction_hybrid_pred=0.000000 sequence=-234.205468
[v4_derived_hard_reduction_hybrid gpu5] [plan iscas99__b21] [plan] step=43 node=N21048 type=observe derived_hard_reduction_hybrid_pred=0.000000 sequence=-234.205468
[v4_derived_hard_reduction_hybrid gpu5] [plan iscas99__b21] [plan] step=44 node=N14782 type=observe derived_hard_reduction_hybrid_pred=0.000000 sequence=-234.205468
[v4_derived_hard_reduction_hybrid gpu5] [plan iscas99__b21] [plan] step=45 node=N8745 type=observe derived_hard_reduction_hybrid_pred=0.000000 sequence=-234.205468
[v4_derived_hard_reduction_hybrid gpu5] [plan iscas99__b21] [plan] step=46 node=N8687 type=observe derived_hard_reduction_hybrid_pred=0.000000 sequence=-234.205468
[v4_derived_hard_reduction_hybrid gpu5] [plan iscas99__b21] [plan] step=47 node=N8682 type=observe derived_hard_reduction_hybrid_pred=0.000000 sequence=-234.205468
[v4_derived_hard_reduction_hybrid gpu5] [plan iscas99__b21] [plan] step=48 node=N8677 type=observe derived_hard_reduction_hybrid_pred=0.000000 sequence=-234.205468
[v4_derived_hard_reduction_hybrid gpu5] [plan iscas99__b21] [plan] step=49 node=N14400 type=observe derived_hard_reduction_hybrid_pred=0.000000 sequence=-234.205468
[v4_derived_hard_reduction_hybrid gpu5] [plan iscas99__b21] [plan] step=50 node=N8662 type=observe derived_hard_reduction_hybrid_pred=0.000000 sequence=-234.205468
[v4_derived_hard_reduction_hybrid gpu5] [plan iscas99__b21] [plan] step=51 node=N8667 type=observe derived_hard_reduction_hybrid_pred=0.000000 sequence=-234.205468
[v4_derived_hard_reduction_hybrid gpu5] [plan iscas99__b21] [plan] step=52 node=N21945 type=observe derived_hard_reduction_hybrid_pred=0.000000 sequence=-234.205468
[v4_derived_hard_reduction_hybrid gpu5] [plan iscas99__b21] [plan] step=53 node=N21936 type=observe derived_hard_reduction_hybrid_pred=0.000000 sequence=-234.205468
[v4_derived_hard_reduction_hybrid gpu5] [plan iscas99__b21] [plan] step=54 node=N21038 type=observe derived_hard_reduction_hybrid_pred=0.000000 sequence=-234.205468
[v4_derived_hard_reduction_hybrid gpu5] [plan iscas99__b21] [plan] step=55 node=N21047 type=observe derived_hard_reduction_hybrid_pred=0.000000 sequence=-234.205468
[v4_derived_hard_reduction_hybrid gpu5] [plan iscas99__b21] [plan] step=56 node=N22420 type=observe derived_hard_reduction_hybrid_pred=0.000000 sequence=-234.205468
[v4_derived_hard_reduction_hybrid gpu5] [plan iscas99__b21] [plan] step=57 node=N22433 type=observe derived_hard_reduction_hybrid_pred=0.000000 sequence=-234.205468
[v4_derived_hard_reduction_hybrid gpu5] [plan iscas99__b21] [plan] step=58 node=N22446 type=observe derived_hard_reduction_hybrid_pred=0.000000 sequence=-234.205468
[v4_derived_hard_reduction_hybrid gpu5] [plan iscas99__b21] [plan] step=59 node=N23208 type=observe derived_hard_reduction_hybrid_pred=0.000000 sequence=-234.205468
[v4_derived_hard_reduction_hybrid gpu5] [plan iscas99__b21] [plan] step=60 node=N22605 type=observe derived_hard_reduction_hybrid_pred=0.000000 sequence=-234.205468
[v4_derived_hard_reduction_hybrid gpu5] [plan iscas99__b21] [plan] step=61 node=N22470 type=observe derived_hard_reduction_hybrid_pred=0.000000 sequence=-234.205468
[v4_derived_hard_reduction_hybrid gpu5] [plan iscas99__b21] [plan] step=62 node=N22482 type=observe derived_hard_reduction_hybrid_pred=0.000000 sequence=-234.205468
[v4_derived_hard_reduction_hybrid gpu5] [plan iscas99__b21] [plan] step=63 node=N22458 type=observe derived_hard_reduction_hybrid_pred=0.000000 sequence=-234.205468
[v4_derived_hard_reduction_hybrid gpu5] [plan iscas99__b21] [plan] step=64 node=N8815 type=observe derived_hard_reduction_hybrid_pred=0.000000 sequence=-234.205468
[v4_derived_hard_reduction_hybrid gpu5] [plan iscas99__b21] [plan] step=65 node=N22419 type=observe derived_hard_reduction_hybrid_pred=0.000000 sequence=-234.205468
[v4_derived_hard_reduction_hybrid gpu5] [plan iscas99__b21] [plan] step=66 node=N22432 type=observe derived_hard_reduction_hybrid_pred=0.000000 sequence=-234.205468
[v4_derived_hard_reduction_hybrid gpu5] [plan iscas99__b21] [plan] step=67 node=N22469 type=observe derived_hard_reduction_hybrid_pred=0.000000 sequence=-234.205468
[v4_derived_hard_reduction_hybrid gpu5] [plan iscas99__b21] [plan] step=68 node=N22481 type=observe derived_hard_reduction_hybrid_pred=0.000000 sequence=-234.205468
[v4_derived_hard_reduction_hybrid gpu5] [plan iscas99__b21] [plan] step=69 node=N22445 type=observe derived_hard_reduction_hybrid_pred=0.000000 sequence=-234.205468
[v4_derived_hard_reduction_hybrid gpu5] [plan iscas99__b21] [plan] step=70 node=N22457 type=observe derived_hard_reduction_hybrid_pred=0.000000 sequence=-234.205468
[v4_derived_hard_reduction_hybrid gpu5] [plan iscas99__b21] [plan] step=71 node=N8644 type=observe derived_hard_reduction_hybrid_pred=0.000000 sequence=-234.205468
[v4_derived_hard_reduction_hybrid gpu5] [plan iscas99__b21] [plan] step=72 node=N14471 type=observe derived_hard_reduction_hybrid_pred=0.000000 sequence=-234.205468
[v4_derived_hard_reduction_hybrid gpu5] [plan iscas99__b21] [plan] step=73 node=N34078 type=observe derived_hard_reduction_hybrid_pred=0.000000 sequence=-234.205468
[v4_derived_hard_reduction_hybrid gpu5] [plan iscas99__b21] [plan] step=74 node=N38449 type=observe derived_hard_reduction_hybrid_pred=0.000000 sequence=-234.205468
[v4_derived_hard_reduction_hybrid gpu5] [plan iscas99__b21] [plan] step=75 node=N38458 type=observe derived_hard_reduction_hybrid_pred=0.000000 sequence=-234.205468
[v4_derived_hard_reduction_hybrid gpu5] [plan iscas99__b21] [plan] step=76 node=N38467 type=observe derived_hard_reduction_hybrid_pred=0.000000 sequence=-234.205468
[v4_derived_hard_reduction_hybrid gpu5] [plan iscas99__b21] [plan] step=77 node=N38482 type=observe derived_hard_reduction_hybrid_pred=0.000000 sequence=-234.205468
[v4_derived_hard_reduction_hybrid gpu5] [plan iscas99__b21] [plan] step=78 node=N38491 type=observe derived_hard_reduction_hybrid_pred=0.000000 sequence=-234.205468
[v4_derived_hard_reduction_hybrid gpu5] [plan iscas99__b21] [plan] step=79 node=N38500 type=observe derived_hard_reduction_hybrid_pred=0.000000 sequence=-234.205468
[v4_derived_hard_reduction_hybrid gpu5] [plan iscas99__b21] [plan] step=80 node=N38578 type=observe derived_hard_reduction_hybrid_pred=0.000000 sequence=-234.205468
[v4_derived_hard_reduction_hybrid gpu5] [plan iscas99__b21] [plan] step=81 node=N38593 type=observe derived_hard_reduction_hybrid_pred=0.000000 sequence=-234.205468
[v4_derived_hard_reduction_hybrid gpu5] [plan iscas99__b21] [plan] step=82 node=N38608 type=observe derived_hard_reduction_hybrid_pred=0.000000 sequence=-234.205468
[v4_derived_hard_reduction_hybrid gpu5] [plan iscas99__b21] [plan] step=83 node=N38623 type=observe derived_hard_reduction_hybrid_pred=0.000000 sequence=-234.205468
[v4_derived_hard_reduction_hybrid gpu5] [plan iscas99__b21] [plan] step=84 node=N4683 type=observe derived_hard_reduction_hybrid_pred=0.000000 sequence=-234.205468
[v4_derived_hard_reduction_hybrid gpu5] [plan iscas99__b21] [plan] step=85 node=N4684 type=observe derived_hard_reduction_hybrid_pred=0.000000 sequence=-234.205468
[v4_derived_hard_reduction_hybrid gpu5] [plan iscas99__b21] [plan] step=86 node=N4685 type=observe derived_hard_reduction_hybrid_pred=0.000000 sequence=-234.205468
[v4_derived_hard_reduction_hybrid gpu5] [plan iscas99__b21] [plan] step=87 node=N4688 type=observe derived_hard_reduction_hybrid_pred=0.000000 sequence=-234.205468
[v4_derived_hard_reduction_hybrid gpu5] [plan iscas99__b21] [plan] step=88 node=N4689 type=observe derived_hard_reduction_hybrid_pred=0.000000 sequence=-234.205468
[v4_derived_hard_reduction_hybrid gpu5] [plan iscas99__b21] [plan] step=89 node=N4690 type=observe derived_hard_reduction_hybrid_pred=0.000000 sequence=-234.205468
[v4_derived_hard_reduction_hybrid gpu5] [plan iscas99__b21] [plan] step=90 node=N1241 type=observe derived_hard_reduction_hybrid_pred=0.000000 sequence=-234.205468
[v4_derived_hard_reduction_hybrid gpu5] [plan iscas99__b21] [plan] step=91 node=N1433 type=observe derived_hard_reduction_hybrid_pred=0.000000 sequence=-234.205468
[v4_derived_hard_reduction_hybrid gpu5] [plan iscas99__b21] [plan] step=92 node=N1434 type=observe derived_hard_reduction_hybrid_pred=0.000000 sequence=-234.205468
[v4_derived_hard_reduction_hybrid gpu5] [plan iscas99__b21] [plan] step=93 node=N1435 type=observe derived_hard_reduction_hybrid_pred=0.000000 sequence=-234.205468
[v4_derived_hard_reduction_hybrid gpu5] [plan iscas99__b21] [plan] step=94 node=N1438 type=observe derived_hard_reduction_hybrid_pred=0.000000 sequence=-234.205468
[v4_derived_hard_reduction_hybrid gpu5] [plan iscas99__b21] [plan] step=95 node=N1439 type=observe derived_hard_reduction_hybrid_pred=0.000000 sequence=-234.205468
[v4_derived_hard_reduction_hybrid gpu5] [plan iscas99__b21] [plan] step=96 node=N1440 type=observe derived_hard_reduction_hybrid_pred=0.000000 sequence=-234.205468
[v4_derived_hard_reduction_hybrid gpu5] [plan iscas99__b21] [plan] step=97 node=N38515 type=observe derived_hard_reduction_hybrid_pred=0.000000 sequence=-234.205468
[v4_derived_hard_reduction_hybrid gpu5] [plan iscas99__b21] [plan] step=98 node=N38524 type=observe derived_hard_reduction_hybrid_pred=0.000000 sequence=-234.205468
[v4_derived_hard_reduction_hybrid gpu5] [plan iscas99__b21] [plan] step=99 node=N38533 type=observe derived_hard_reduction_hybrid_pred=0.000000 sequence=-234.205468
[v4_derived_hard_reduction_hybrid gpu5] [plan iscas99__b21] [plan] step=100 node=N38548 type=observe derived_hard_reduction_hybrid_pred=0.000000 sequence=-234.205468
[v4_derived_hard_reduction_hybrid gpu5] [plan iscas99__b21] [plan] step=101 node=N38563 type=observe derived_hard_reduction_hybrid_pred=0.000000 sequence=-234.205468
[v4_derived_hard_reduction_hybrid gpu5] [plan iscas99__b21] [plan] step=102 node=N4490 type=observe derived_hard_reduction_hybrid_pred=0.000000 sequence=-234.205468
[v4_derived_hard_reduction_hybrid gpu5] [plan iscas99__b21] [plan] step=103 node=N29792 type=observe derived_hard_reduction_hybrid_pred=0.000000 sequence=-234.205468
[v4_derived_hard_reduction_hybrid gpu5] [plan iscas99__b21] [plan] step=104 node=N38638 type=observe derived_hard_reduction_hybrid_pred=0.000000 sequence=-234.205468
[v4_derived_hard_reduction_hybrid gpu5] [plan iscas99__b21] [plan] step=105 node=N8692 type=observe derived_hard_reduction_hybrid_pred=0.000000 sequence=-234.205468
[v4_derived_hard_reduction_hybrid gpu5] [plan iscas99__b21] [plan] step=106 node=__buf_split_19583 type=observe derived_hard_reduction_hybrid_pred=0.000000 sequence=-234.205468
[v4_derived_hard_reduction_hybrid gpu5] [plan iscas99__b21] [plan] step=107 node=N29800 type=observe derived_hard_reduction_hybrid_pred=0.000000 sequence=-234.205468
[v4_derived_hard_reduction_hybrid gpu5] [plan iscas99__b21] [plan] step=108 node=N38443 type=observe derived_hard_reduction_hybrid_pred=0.000000 sequence=-234.205468
[v4_derived_hard_reduction_hybrid gpu5] [plan iscas99__b21] [plan] step=109 node=N38452 type=observe derived_hard_reduction_hybrid_pred=0.000000 sequence=-234.205468
[v4_derived_hard_reduction_hybrid gpu5] [plan iscas99__b21] [plan] step=110 node=N38461 type=observe derived_hard_reduction_hybrid_pred=0.000000 sequence=-234.205468
[v4_derived_hard_reduction_hybrid gpu5] [plan iscas99__b21] [plan] step=111 node=N38470 type=observe derived_hard_reduction_hybrid_pred=0.000000 sequence=-234.205468
[v4_derived_hard_reduction_hybrid gpu5] [plan iscas99__b21] [plan] step=112 node=N38476 type=observe derived_hard_reduction_hybrid_pred=0.000000 sequence=-234.205468
[v4_derived_hard_reduction_hybrid gpu5] [plan iscas99__b21] [plan] step=113 node=N38485 type=observe derived_hard_reduction_hybrid_pred=0.000000 sequence=-234.205468
[v4_derived_hard_reduction_hybrid gpu5] [plan iscas99__b21] [plan] step=114 node=N38494 type=observe derived_hard_reduction_hybrid_pred=0.000000 sequence=-234.205468
[v4_derived_hard_reduction_hybrid gpu5] [plan iscas99__b21] [plan] step=115 node=N38503 type=observe derived_hard_reduction_hybrid_pred=0.000000 sequence=-234.205468
[v4_derived_hard_reduction_hybrid gpu5] [plan iscas99__b21] [plan] step=116 node=N38572 type=observe derived_hard_reduction_hybrid_pred=0.000000 sequence=-234.205468
[v4_derived_hard_reduction_hybrid gpu5] [plan iscas99__b21] [plan] step=117 node=N38581 type=observe derived_hard_reduction_hybrid_pred=0.000000 sequence=-234.205468
[v4_derived_hard_reduction_hybrid gpu5] [plan iscas99__b21] [plan] step=118 node=N38587 type=observe derived_hard_reduction_hybrid_pred=0.000000 sequence=-234.205468
[v4_derived_hard_reduction_hybrid gpu5] [plan iscas99__b21] [plan] step=119 node=N38596 type=observe derived_hard_reduction_hybrid_pred=0.000000 sequence=-234.205468
[v4_derived_hard_reduction_hybrid gpu5] [plan iscas99__b21] [plan] step=120 node=N38602 type=observe derived_hard_reduction_hybrid_pred=0.000000 sequence=-234.205468
[v4_derived_hard_reduction_hybrid gpu5] [plan iscas99__b21] [plan] step=121 node=N38611 type=observe derived_hard_reduction_hybrid_pred=0.000000 sequence=-234.205468
[v4_derived_hard_reduction_hybrid gpu5] [plan iscas99__b21] [plan] step=122 node=N38617 type=observe derived_hard_reduction_hybrid_pred=0.000000 sequence=-234.205468
[v4_derived_hard_reduction_hybrid gpu5] [plan iscas99__b21] [plan] step=123 node=N38626 type=observe derived_hard_reduction_hybrid_pred=0.000000 sequence=-234.205468
[v4_derived_hard_reduction_hybrid gpu5] [plan iscas99__b21] [plan] step=124 node=N38509 type=observe derived_hard_reduction_hybrid_pred=0.000000 sequence=-234.205468
[v4_derived_hard_reduction_hybrid gpu5] [plan iscas99__b21] [plan] step=125 node=N38518 type=observe derived_hard_reduction_hybrid_pred=0.000000 sequence=-234.205468
[v4_derived_hard_reduction_hybrid gpu5] [plan iscas99__b21] [plan] step=126 node=N38527 type=observe derived_hard_reduction_hybrid_pred=0.000000 sequence=-234.205468
[v4_derived_hard_reduction_hybrid gpu5] [plan iscas99__b21] [plan] step=127 node=N38536 type=observe derived_hard_reduction_hybrid_pred=0.000000 sequence=-234.205468
[v4_derived_hard_reduction_hybrid gpu5] [plan iscas99__b21] [plan] step=128 node=N38542 type=observe derived_hard_reduction_hybrid_pred=0.000000 sequence=-234.205468
[v4_derived_hard_reduction_hybrid gpu5] [plan iscas99__b21] [plan] step=129 node=N38551 type=observe derived_hard_reduction_hybrid_pred=0.000000 sequence=-234.205468
[v4_derived_hard_reduction_hybrid gpu5] [plan iscas99__b21] [plan] step=130 node=N38557 type=observe derived_hard_reduction_hybrid_pred=0.000000 sequence=-234.205468
[v4_derived_hard_reduction_hybrid gpu5] [plan iscas99__b21] [plan] step=131 node=N38566 type=observe derived_hard_reduction_hybrid_pred=0.000000 sequence=-234.205468
[v4_derived_hard_reduction_hybrid gpu5] [plan iscas99__b21] [plan] step=132 node=N14728 type=observe derived_hard_reduction_hybrid_pred=0.000000 sequence=-234.205468
[v4_derived_hard_reduction_hybrid gpu5] [plan iscas99__b21] [plan] step=133 node=N38446 type=observe derived_hard_reduction_hybrid_pred=0.000000 sequence=-234.205468
[v4_derived_hard_reduction_hybrid gpu5] [plan iscas99__b21] [plan] step=134 node=N38455 type=observe derived_hard_reduction_hybrid_pred=0.000000 sequence=-234.205468
[v4_derived_hard_reduction_hybrid gpu5] [plan iscas99__b21] [plan] step=135 node=N38464 type=observe derived_hard_reduction_hybrid_pred=0.000000 sequence=-234.205468
[v4_derived_hard_reduction_hybrid gpu5] [plan iscas99__b21] [plan] step=136 node=N38473 type=observe derived_hard_reduction_hybrid_pred=0.000000 sequence=-234.205468
[v4_derived_hard_reduction_hybrid gpu5] [plan iscas99__b21] [plan] step=137 node=N38479 type=observe derived_hard_reduction_hybrid_pred=0.000000 sequence=-234.205468
[v4_derived_hard_reduction_hybrid gpu5] [plan iscas99__b21] [plan] step=138 node=N38488 type=observe derived_hard_reduction_hybrid_pred=0.000000 sequence=-234.205468
[v4_derived_hard_reduction_hybrid gpu5] [plan iscas99__b21] [plan] step=139 node=N38497 type=observe derived_hard_reduction_hybrid_pred=0.000000 sequence=-234.205468
[v4_derived_hard_reduction_hybrid gpu5] [plan iscas99__b21] [plan] step=140 node=N38506 type=observe derived_hard_reduction_hybrid_pred=0.000000 sequence=-234.205468
[v4_derived_hard_reduction_hybrid gpu5] [plan iscas99__b21] [plan] step=141 node=N38632 type=observe derived_hard_reduction_hybrid_pred=0.000000 sequence=-234.205468
[v4_derived_hard_reduction_hybrid gpu5] [plan iscas99__b21] [plan] step=142 node=N38641 type=observe derived_hard_reduction_hybrid_pred=0.000000 sequence=-234.205468
[v4_derived_hard_reduction_hybrid gpu5] [plan iscas99__b21] [plan] step=143 node=N38575 type=observe derived_hard_reduction_hybrid_pred=0.000000 sequence=-234.205468
[v4_derived_hard_reduction_hybrid gpu5] [plan iscas99__b21] [plan] step=144 node=N38584 type=observe derived_hard_reduction_hybrid_pred=0.000000 sequence=-234.205468
[v4_derived_hard_reduction_hybrid gpu5] [plan iscas99__b21] [plan] step=145 node=N38590 type=observe derived_hard_reduction_hybrid_pred=0.000000 sequence=-234.205468
[v4_derived_hard_reduction_hybrid gpu5] [plan iscas99__b21] [plan] step=146 node=N38599 type=observe derived_hard_reduction_hybrid_pred=0.000000 sequence=-234.205468
[v4_derived_hard_reduction_hybrid gpu5] [plan iscas99__b21] [plan] step=147 node=N38605 type=observe derived_hard_reduction_hybrid_pred=0.000000 sequence=-234.205468
[v4_derived_hard_reduction_hybrid gpu5] [plan iscas99__b21] [plan] step=148 node=N38614 type=observe derived_hard_reduction_hybrid_pred=0.000000 sequence=-234.205468
[v4_derived_hard_reduction_hybrid gpu5] [plan iscas99__b21] [plan] step=149 node=N38620 type=observe derived_hard_reduction_hybrid_pred=0.000000 sequence=-234.205468
[v4_derived_hard_reduction_hybrid gpu5] [plan iscas99__b21] [plan] step=150 node=N38629 type=observe derived_hard_reduction_hybrid_pred=0.000000 sequence=-234.205468
[v4_derived_hard_reduction_hybrid gpu5] [plan iscas99__b21] [plan] step=151 node=N38512 type=observe derived_hard_reduction_hybrid_pred=0.000000 sequence=-234.205468
[v4_derived_hard_reduction_hybrid gpu5] [plan iscas99__b21] [plan] step=152 node=N38521 type=observe derived_hard_reduction_hybrid_pred=0.000000 sequence=-234.205468
[v4_derived_hard_reduction_hybrid gpu5] [plan iscas99__b21] [plan] step=153 node=N38530 type=observe derived_hard_reduction_hybrid_pred=0.000000 sequence=-234.205468
[v4_derived_hard_reduction_hybrid gpu5] [plan iscas99__b21] [plan] step=154 node=N38539 type=observe derived_hard_reduction_hybrid_pred=0.000000 sequence=-234.205468
[v4_derived_hard_reduction_hybrid gpu5] [plan iscas99__b21] [plan] step=155 node=N38545 type=observe derived_hard_reduction_hybrid_pred=0.000000 sequence=-234.205468
[v4_derived_hard_reduction_hybrid gpu5] [plan iscas99__b21] [plan] step=156 node=N38554 type=observe derived_hard_reduction_hybrid_pred=0.000000 sequence=-234.205468
[v4_derived_hard_reduction_hybrid gpu5] [plan iscas99__b21] [plan] step=157 node=N38560 type=observe derived_hard_reduction_hybrid_pred=0.000000 sequence=-234.205468
[v4_derived_hard_reduction_hybrid gpu5] [plan iscas99__b21] [plan] step=158 node=N38569 type=observe derived_hard_reduction_hybrid_pred=0.000000 sequence=-234.205468
[v4_derived_hard_reduction_hybrid gpu5] [plan iscas99__b21] [plan] step=159 node=N58872 type=observe derived_hard_reduction_hybrid_pred=0.000000 sequence=-234.205468
[v4_derived_hard_reduction_hybrid gpu5] [plan iscas99__b21] [plan] step=160 node=N38635 type=observe derived_hard_reduction_hybrid_pred=0.000000 sequence=-234.205468
[v4_derived_hard_reduction_hybrid gpu5] [plan iscas99__b21] [plan] step=161 node=N38644 type=observe derived_hard_reduction_hybrid_pred=0.000000 sequence=-234.205468
[v4_derived_hard_reduction_hybrid gpu5] [plan iscas99__b21] [plan] step=162 node=N34098 type=observe derived_hard_reduction_hybrid_pred=0.000000 sequence=-234.205468
[v4_derived_hard_reduction_hybrid gpu5] [plan iscas99__b21] [plan] step=163 node=N14779 type=observe derived_hard_reduction_hybrid_pred=0.000000 sequence=-234.205468
[v4_derived_hard_reduction_hybrid gpu5] [plan iscas99__b21] [plan] step=164 node=N14780 type=observe derived_hard_reduction_hybrid_pred=0.000000 sequence=-234.205468
[v4_derived_hard_reduction_hybrid gpu5] [plan iscas99__b21] [plan] step=165 node=N14781 type=observe derived_hard_reduction_hybrid_pred=0.000000 sequence=-234.205468
[v4_derived_hard_reduction_hybrid gpu5] [plan iscas99__b21] [plan] step=166 node=N8742 type=observe derived_hard_reduction_hybrid_pred=0.000000 sequence=-234.205468
[v4_derived_hard_reduction_hybrid gpu5] [plan iscas99__b21] [plan] step=167 node=N8743 type=observe derived_hard_reduction_hybrid_pred=0.000000 sequence=-234.205468
[v4_derived_hard_reduction_hybrid gpu5] [plan iscas99__b21] [plan] step=168 node=N8744 type=observe derived_hard_reduction_hybrid_pred=0.000000 sequence=-234.205468
[v4_derived_hard_reduction_hybrid gpu5] [plan iscas99__b21] [plan] step=169 node=__buf_split_21819 type=observe derived_hard_reduction_hybrid_pred=0.000000 sequence=-234.205468
[v4_derived_hard_reduction_hybrid gpu5] [plan iscas99__b21] [plan] step=170 node=N14786 type=observe derived_hard_reduction_hybrid_pred=0.000000 sequence=-234.205468
[v4_derived_hard_reduction_hybrid gpu5] [plan iscas99__b21] [plan] step=171 node=N4686 type=observe derived_hard_reduction_hybrid_pred=0.000000 sequence=-234.205468
[v4_derived_hard_reduction_hybrid gpu5] [plan iscas99__b21] [plan] step=172 node=N4691 type=observe derived_hard_reduction_hybrid_pred=0.000000 sequence=-234.205468
[v4_derived_hard_reduction_hybrid gpu5] [plan iscas99__b21] [plan] step=173 node=N21930 type=observe derived_hard_reduction_hybrid_pred=0.000000 sequence=-234.205468
[v4_derived_hard_reduction_hybrid gpu5] [plan iscas99__b21] [plan] step=174 node=N21932 type=observe derived_hard_reduction_hybrid_pred=0.000000 sequence=-234.205468
[v4_derived_hard_reduction_hybrid gpu5] [plan iscas99__b21] [plan] step=175 node=N21934 type=observe derived_hard_reduction_hybrid_pred=0.000000 sequence=-234.205468
[v4_derived_hard_reduction_hybrid gpu5] [plan iscas99__b21] [plan] step=176 node=N21939 type=observe derived_hard_reduction_hybrid_pred=0.000000 sequence=-234.205468
[v4_derived_hard_reduction_hybrid gpu5] [plan iscas99__b21] [plan] step=177 node=N21941 type=observe derived_hard_reduction_hybrid_pred=0.000000 sequence=-234.205468
[v4_derived_hard_reduction_hybrid gpu5] [plan iscas99__b21] [plan] step=178 node=N21943 type=observe derived_hard_reduction_hybrid_pred=0.000000 sequence=-234.205468
[v4_derived_hard_reduction_hybrid gpu5] [plan iscas99__b21] [plan] step=179 node=N1436 type=observe derived_hard_reduction_hybrid_pred=0.000000 sequence=-234.205468
[v4_derived_hard_reduction_hybrid gpu5] [plan iscas99__b21] [plan] step=180 node=N1441 type=observe derived_hard_reduction_hybrid_pred=0.000000 sequence=-234.205468
[v4_derived_hard_reduction_hybrid gpu5] [plan iscas99__b21] [plan] step=181 node=N21032 type=observe derived_hard_reduction_hybrid_pred=0.000000 sequence=-234.205468
[v4_derived_hard_reduction_hybrid gpu5] [plan iscas99__b21] [plan] step=182 node=N21034 type=observe derived_hard_reduction_hybrid_pred=0.000000 sequence=-234.205468
[v4_derived_hard_reduction_hybrid gpu5] [plan iscas99__b21] [plan] step=183 node=N21036 type=observe derived_hard_reduction_hybrid_pred=0.000000 sequence=-234.205468
[v4_derived_hard_reduction_hybrid gpu5] [plan iscas99__b21] [plan] step=184 node=N21041 type=observe derived_hard_reduction_hybrid_pred=0.000000 sequence=-234.205468
[v4_derived_hard_reduction_hybrid gpu5] [plan iscas99__b21] [plan] step=185 node=N21043 type=observe derived_hard_reduction_hybrid_pred=0.000000 sequence=-234.205468
[v4_derived_hard_reduction_hybrid gpu5] [plan iscas99__b21] [plan] step=186 node=N21045 type=observe derived_hard_reduction_hybrid_pred=0.000000 sequence=-234.205468
[v4_derived_hard_reduction_hybrid gpu5] [plan iscas99__b21] [plan] step=187 node=N14789 type=observe derived_hard_reduction_hybrid_pred=0.000000 sequence=-234.205468
[v4_derived_hard_reduction_hybrid gpu5] [plan iscas99__b21] [plan] step=188 node=N8768 type=observe derived_hard_reduction_hybrid_pred=0.000000 sequence=-234.205468
[v4_derived_hard_reduction_hybrid gpu5] [plan iscas99__b21] [plan] step=189 node=__buf_split_3777 type=observe derived_hard_reduction_hybrid_pred=0.000000 sequence=-234.205468
[v4_derived_hard_reduction_hybrid gpu5] [plan iscas99__b21] [plan] step=190 node=__buf_split_3770 type=observe derived_hard_reduction_hybrid_pred=0.000000 sequence=-234.205468
[v4_derived_hard_reduction_hybrid gpu5] [plan iscas99__b21] [plan] step=191 node=__buf_split_3769 type=observe derived_hard_reduction_hybrid_pred=0.000000 sequence=-234.205468
[v4_derived_hard_reduction_hybrid gpu5] [plan iscas99__b21] [plan] step=192 node=N58871 type=observe derived_hard_reduction_hybrid_pred=0.000000 sequence=-234.205468
[v4_derived_hard_reduction_hybrid gpu5] [plan iscas99__b21] [plan] step=193 node=__buf_split_3768 type=observe derived_hard_reduction_hybrid_pred=0.000000 sequence=-234.205468
[v4_derived_hard_reduction_hybrid gpu5] [plan iscas99__b21] [plan] step=194 node=__buf_split_3776 type=observe derived_hard_reduction_hybrid_pred=0.000000 sequence=-234.205468
[v4_derived_hard_reduction_hybrid gpu5] [plan iscas99__b21] [plan] step=195 node=N14784 type=observe derived_hard_reduction_hybrid_pred=0.000000 sequence=-234.205468
[v4_derived_hard_reduction_hybrid gpu5] [plan iscas99__b21] [plan] step=196 node=N14760 type=observe derived_hard_reduction_hybrid_pred=0.000000 sequence=-234.205468
[v4_derived_hard_reduction_hybrid gpu5] [plan iscas99__b21] [plan] step=197 node=__buf_split_21818 type=observe derived_hard_reduction_hybrid_pred=0.000000 sequence=-234.205468
[v4_derived_hard_reduction_hybrid gpu5] [plan iscas99__b21] [plan] step=198 node=N8811 type=observe derived_hard_reduction_hybrid_pred=0.000000 sequence=-234.205468
[v4_derived_hard_reduction_hybrid gpu5] [plan iscas99__b21] [plan] step=199 node=N5773 type=observe derived_hard_reduction_hybrid_pred=0.000000 sequence=-234.205468
[v4_derived_hard_reduction_hybrid gpu5] [plan iscas99__b21] [plan] step=200 node=N2566 type=observe derived_hard_reduction_hybrid_pred=0.000000 sequence=-234.205468
[v4_derived_hard_reduction_hybrid gpu5] [plan iscas99__b21] [plan] step=201 node=N22426 type=observe derived_hard_reduction_hybrid_pred=0.000000 sequence=-234.205468
[v4_derived_hard_reduction_hybrid gpu5] [plan iscas99__b21] [plan] step=202 node=N22429 type=observe derived_hard_reduction_hybrid_pred=0.000000 sequence=-234.205468
[v4_derived_hard_reduction_hybrid gpu5] [plan iscas99__b21] [plan] step=203 node=N22410 type=observe derived_hard_reduction_hybrid_pred=0.000000 sequence=-234.205468
[v4_derived_hard_reduction_hybrid gpu5] [plan iscas99__b21] [plan] step=204 node=N22413 type=observe derived_hard_reduction_hybrid_pred=0.000000 sequence=-234.205468
[v4_derived_hard_reduction_hybrid gpu5] [plan iscas99__b21] [plan] step=205 node=N22416 type=observe derived_hard_reduction_hybrid_pred=0.000000 sequence=-234.205468
[v4_derived_hard_reduction_hybrid gpu5] [plan iscas99__b21] [plan] step=206 node=N22423 type=observe derived_hard_reduction_hybrid_pred=0.000000 sequence=-234.205468
[v4_derived_hard_reduction_hybrid gpu5] [plan iscas99__b21] [plan] step=207 node=__buf_split_4147 type=observe derived_hard_reduction_hybrid_pred=0.000000 sequence=-234.205468
[v4_derived_hard_reduction_hybrid gpu5] [plan iscas99__b21] [plan] step=208 node=N22461 type=observe derived_hard_reduction_hybrid_pred=0.000000 sequence=-234.205468
[v4_derived_hard_reduction_hybrid gpu5] [plan iscas99__b21] [plan] step=209 node=N22466 type=observe derived_hard_reduction_hybrid_pred=0.000000 sequence=-234.205468
[v4_derived_hard_reduction_hybrid gpu5] [plan iscas99__b21] [plan] step=210 node=N22473 type=observe derived_hard_reduction_hybrid_pred=0.000000 sequence=-234.205468
[v4_derived_hard_reduction_hybrid gpu5] [plan iscas99__b21] [plan] step=211 node=N22478 type=observe derived_hard_reduction_hybrid_pred=0.000000 sequence=-234.205468
[v4_derived_hard_reduction_hybrid gpu5] [plan iscas99__b21] [plan] step=212 node=N22436 type=observe derived_hard_reduction_hybrid_pred=0.000000 sequence=-234.205468
[v4_derived_hard_reduction_hybrid gpu5] [plan iscas99__b21] [plan] step=213 node=N22439 type=observe derived_hard_reduction_hybrid_pred=nan sequence=nan
[v4_derived_hard_reduction_hybrid gpu5] [plan iscas99__b21] [plan] step=214 node=N22442 type=observe derived_hard_reduction_hybrid_pred=nan sequence=nan
[v4_derived_hard_reduction_hybrid gpu5] [plan iscas99__b21] [plan] step=215 node=N22449 type=observe derived_hard_reduction_hybrid_pred=nan sequence=nan
[v4_derived_hard_reduction_hybrid gpu5] [plan iscas99__b21] [plan] step=216 node=N22454 type=observe derived_hard_reduction_hybrid_pred=nan sequence=nan
[v4_derived_hard_reduction_hybrid gpu5] [plan iscas99__b21] [plan] step=217 node=N34149 type=observe derived_hard_reduction_hybrid_pred=nan sequence=nan
[v4_derived_hard_reduction_hybrid gpu5] [plan iscas99__b21] [plan] step=218 node=N22485 type=observe derived_hard_reduction_hybrid_pred=nan sequence=nan
[v4_derived_hard_reduction_hybrid gpu5] [plan iscas99__b21] [plan] step=219 node=N21929 type=observe derived_hard_reduction_hybrid_pred=nan sequence=nan
[v4_derived_hard_reduction_hybrid gpu5] [plan iscas99__b21] [plan] step=220 node=N21931 type=observe derived_hard_reduction_hybrid_pred=nan sequence=nan
[v4_derived_hard_reduction_hybrid gpu5] [plan iscas99__b21] [plan] step=221 node=N21933 type=observe derived_hard_reduction_hybrid_pred=nan sequence=nan
[v4_derived_hard_reduction_hybrid gpu5] [plan iscas99__b21] [plan] step=222 node=N21935 type=observe derived_hard_reduction_hybrid_pred=nan sequence=nan
[v4_derived_hard_reduction_hybrid gpu5] [plan iscas99__b21] [plan] step=223 node=N21938 type=observe derived_hard_reduction_hybrid_pred=nan sequence=nan
[v4_derived_hard_reduction_hybrid gpu5] [plan iscas99__b21] [plan] step=224 node=N21940 type=observe derived_hard_reduction_hybrid_pred=nan sequence=nan
[v4_derived_hard_reduction_hybrid gpu5] [plan iscas99__b21] [plan] step=225 node=N21942 type=observe derived_hard_reduction_hybrid_pred=nan sequence=nan
[v4_derived_hard_reduction_hybrid gpu5] [plan iscas99__b21] [plan] step=226 node=N21944 type=observe derived_hard_reduction_hybrid_pred=nan sequence=nan
[v4_derived_hard_reduction_hybrid gpu5] [plan iscas99__b21] [plan] step=227 node=N21031 type=observe derived_hard_reduction_hybrid_pred=nan sequence=nan
[v4_derived_hard_reduction_hybrid gpu5] [plan iscas99__b21] [plan] step=228 node=N21033 type=observe derived_hard_reduction_hybrid_pred=nan sequence=nan
[v4_derived_hard_reduction_hybrid gpu5] [plan iscas99__b21] [plan] step=229 node=N21035 type=observe derived_hard_reduction_hybrid_pred=nan sequence=nan
[v4_derived_hard_reduction_hybrid gpu5] [plan iscas99__b21] [plan] step=230 node=N21037 type=observe derived_hard_reduction_hybrid_pred=nan sequence=nan
[v4_derived_hard_reduction_hybrid gpu5] [plan iscas99__b21] [plan] step=231 node=N21040 type=observe derived_hard_reduction_hybrid_pred=nan sequence=nan
[v4_derived_hard_reduction_hybrid gpu5] [plan iscas99__b21] [plan] step=232 node=N21042 type=observe derived_hard_reduction_hybrid_pred=nan sequence=nan
[v4_derived_hard_reduction_hybrid gpu5] [plan iscas99__b21] [plan] step=233 node=N21044 type=observe derived_hard_reduction_hybrid_pred=nan sequence=nan
[v4_derived_hard_reduction_hybrid gpu5] [plan iscas99__b21] [plan] step=234 node=N21046 type=observe derived_hard_reduction_hybrid_pred=nan sequence=nan
[v4_derived_hard_reduction_hybrid gpu5] [plan iscas99__b21] [plan] step=235 node=N22092 type=control1 derived_hard_reduction_hybrid_pred=nan sequence=nan
[v4_derived_hard_reduction_hybrid gpu5] [plan iscas99__b21] [plan] step=236 node=N22093 type=control1 derived_hard_reduction_hybrid_pred=nan sequence=nan
[v4_derived_hard_reduction_hybrid gpu5] [plan iscas99__b21] [plan] step=237 node=N21194 type=control1 derived_hard_reduction_hybrid_pred=nan sequence=nan
[v4_derived_hard_reduction_hybrid gpu5] [plan iscas99__b21] [plan] step=238 node=N22094 type=control1 derived_hard_reduction_hybrid_pred=nan sequence=nan
[v4_derived_hard_reduction_hybrid gpu5] [plan iscas99__b21] [plan] step=239 node=N21195 type=control1 derived_hard_reduction_hybrid_pred=nan sequence=nan
[v4_derived_hard_reduction_hybrid gpu5] [plan iscas99__b21] [plan] step=240 node=N1678 type=control1 derived_hard_reduction_hybrid_pred=nan sequence=nan
[v4_derived_hard_reduction_hybrid gpu5] [plan iscas99__b21] [plan] step=241 node=N21206 type=control1 derived_hard_reduction_hybrid_pred=nan sequence=nan
[v4_derived_hard_reduction_hybrid gpu5] [plan iscas99__b21] [plan] step=242 node=__buf_split_20084 type=observe derived_hard_reduction_hybrid_pred=nan sequence=nan
[v4_derived_hard_reduction_hybrid gpu5] [plan iscas99__b21] [plan] step=243 node=__buf_split_20085 type=observe derived_hard_reduction_hybrid_pred=nan sequence=nan
[v4_derived_hard_reduction_hybrid gpu5] [plan iscas99__b21] [plan] step=244 node=__buf_split_20087 type=observe derived_hard_reduction_hybrid_pred=nan sequence=nan
[v4_derived_hard_reduction_hybrid gpu5] [plan iscas99__b21] [plan] step=245 node=__buf_split_13652 type=observe derived_hard_reduction_hybrid_pred=nan sequence=nan
[v4_derived_hard_reduction_hybrid gpu5] [plan iscas99__b21] [plan] step=246 node=__buf_split_11422 type=observe derived_hard_reduction_hybrid_pred=nan sequence=nan
[v4_derived_hard_reduction_hybrid gpu5] [plan iscas99__b21] [plan] step=247 node=__buf_split_13653 type=observe derived_hard_reduction_hybrid_pred=nan sequence=nan
[v4_derived_hard_reduction_hybrid gpu5] [plan iscas99__b21] [plan] step=248 node=__buf_split_11423 type=observe derived_hard_reduction_hybrid_pred=nan sequence=nan
[v4_derived_hard_reduction_hybrid gpu5] [plan iscas99__b21] [plan] step=249 node=N14740 type=observe derived_hard_reduction_hybrid_pred=nan sequence=nan
[v4_derived_hard_reduction_hybrid gpu5] [plan iscas99__b21] [plan] step=250 node=__buf_split_20079 type=observe derived_hard_reduction_hybrid_pred=nan sequence=nan
[v4_derived_hard_reduction_hybrid gpu5] [plan iscas99__b21] [plan] step=251 node=N8630 type=observe derived_hard_reduction_hybrid_pred=nan sequence=nan
[v4_derived_hard_reduction_hybrid gpu5] [plan iscas99__b21] [plan] step=252 node=__buf_split_20106 type=observe derived_hard_reduction_hybrid_pred=nan sequence=nan
[v4_derived_hard_reduction_hybrid gpu5] [plan iscas99__b21] [plan] step=253 node=__buf_split_20109 type=observe derived_hard_reduction_hybrid_pred=nan sequence=nan
[v4_derived_hard_reduction_hybrid gpu5] [plan iscas99__b21] [plan] step=254 node=__buf_split_20091 type=observe derived_hard_reduction_hybrid_pred=nan sequence=nan
[v4_derived_hard_reduction_hybrid gpu5] [plan iscas99__b21] [plan] step=255 node=__buf_split_20112 type=observe derived_hard_reduction_hybrid_pred=nan sequence=nan
[v4_derived_hard_reduction_hybrid gpu5] [plan iscas99__b21] [plan] step=256 node=N49273 type=observe derived_hard_reduction_hybrid_pred=nan sequence=nan
[v4_derived_hard_reduction_hybrid gpu5] [plan iscas99__b21] [plan] step=257 node=N49274 type=observe derived_hard_reduction_hybrid_pred=nan sequence=nan
[v4_derived_hard_reduction_hybrid gpu5] [plan iscas99__b21] [plan] step=258 node=N49276 type=observe derived_hard_reduction_hybrid_pred=nan sequence=nan
[v4_derived_hard_reduction_hybrid gpu5] [plan iscas99__b21] [plan] step=259 node=__buf_split_20107 type=observe derived_hard_reduction_hybrid_pred=nan sequence=nan
[v4_derived_hard_reduction_hybrid gpu5] [plan iscas99__b21] [plan] step=260 node=__buf_split_20088 type=observe derived_hard_reduction_hybrid_pred=nan sequence=nan
[v4_derived_hard_reduction_hybrid gpu5] [plan iscas99__b21] [plan] step=261 node=__buf_split_20110 type=observe derived_hard_reduction_hybrid_pred=nan sequence=nan
[v4_derived_hard_reduction_hybrid gpu5] [plan iscas99__b21] [plan] step=262 node=N27224 type=observe derived_hard_reduction_hybrid_pred=nan sequence=nan
[v4_derived_hard_reduction_hybrid gpu5] [plan iscas99__b21] [plan] step=263 node=__buf_split_20092 type=observe derived_hard_reduction_hybrid_pred=nan sequence=nan
[v4_derived_hard_reduction_hybrid gpu5] [plan iscas99__b21] [plan] step=264 node=__buf_split_20113 type=observe derived_hard_reduction_hybrid_pred=nan sequence=nan
[v4_derived_hard_reduction_hybrid gpu5] [plan iscas99__b21] [plan] step=265 node=N22686 type=observe derived_hard_reduction_hybrid_pred=nan sequence=nan
[v4_derived_hard_reduction_hybrid gpu5] [plan iscas99__b21] [plan] step=266 node=N14809 type=observe derived_hard_reduction_hybrid_pred=nan sequence=nan
[v4_derived_hard_reduction_hybrid gpu5] [plan iscas99__b21] [plan] step=267 node=__buf_split_20089 type=observe derived_hard_reduction_hybrid_pred=nan sequence=nan
[v4_derived_hard_reduction_hybrid gpu5] [plan iscas99__b21] [plan] step=268 node=N4945 type=control1 derived_hard_reduction_hybrid_pred=nan sequence=nan
[v4_derived_hard_reduction_hybrid gpu5] [plan iscas99__b21] [plan] step=269 node=__buf_split_20098 type=observe derived_hard_reduction_hybrid_pred=nan sequence=nan
[v4_derived_hard_reduction_hybrid gpu5] [plan iscas99__b21] [plan] step=270 node=__buf_split_20101 type=observe derived_hard_reduction_hybrid_pred=nan sequence=nan
[v4_derived_hard_reduction_hybrid gpu5] [plan iscas99__b21] [plan] step=271 node=__buf_split_20083 type=observe derived_hard_reduction_hybrid_pred=nan sequence=nan
[v4_derived_hard_reduction_hybrid gpu5] [plan iscas99__b21] [plan] step=272 node=N40933 type=control0 derived_hard_reduction_hybrid_pred=nan sequence=nan
[v4_derived_hard_reduction_hybrid gpu5] [plan iscas99__b21] [plan] step=273 node=N40933 type=control1 derived_hard_reduction_hybrid_pred=nan sequence=nan
[v4_derived_hard_reduction_hybrid gpu5] [plan iscas99__b21] [plan] step=274 node=N40961 type=control0 derived_hard_reduction_hybrid_pred=nan sequence=nan
[v4_derived_hard_reduction_hybrid gpu5] [plan iscas99__b21] [plan] step=275 node=N40961 type=control1 derived_hard_reduction_hybrid_pred=nan sequence=nan
[v4_derived_hard_reduction_hybrid gpu5] [plan iscas99__b21] [plan] step=276 node=N40837 type=control0 derived_hard_reduction_hybrid_pred=nan sequence=nan
[v4_derived_hard_reduction_hybrid gpu5] [plan iscas99__b21] [plan] step=277 node=N40837 type=control1 derived_hard_reduction_hybrid_pred=nan sequence=nan
[v4_derived_hard_reduction_hybrid gpu5] [plan iscas99__b21] [plan] step=278 node=N40909 type=control0 derived_hard_reduction_hybrid_pred=nan sequence=nan
[v4_derived_hard_reduction_hybrid gpu5] [plan iscas99__b21] [plan] step=279 node=N40909 type=control1 derived_hard_reduction_hybrid_pred=nan sequence=nan
[v4_derived_hard_reduction_hybrid gpu5] [plan iscas99__b21] [plan] step=280 node=N39469 type=control0 derived_hard_reduction_hybrid_pred=nan sequence=nan
[v4_derived_hard_reduction_hybrid gpu5] [plan iscas99__b21] [plan] step=281 node=N39469 type=control1 derived_hard_reduction_hybrid_pred=nan sequence=nan
[v4_derived_hard_reduction_hybrid gpu5] [plan iscas99__b21] [plan] step=282 node=N39436 type=control0 derived_hard_reduction_hybrid_pred=nan sequence=nan
[v4_derived_hard_reduction_hybrid gpu5] [plan iscas99__b21] [plan] step=283 node=N39436 type=control1 derived_hard_reduction_hybrid_pred=nan sequence=nan
[v4_derived_hard_reduction_hybrid gpu5] [plan iscas99__b21] [plan] step=284 node=N40890 type=control0 derived_hard_reduction_hybrid_pred=nan sequence=nan
[v4_derived_hard_reduction_hybrid gpu5] [plan iscas99__b21] [plan] step=285 node=N40890 type=control1 derived_hard_reduction_hybrid_pred=nan sequence=nan
[v4_derived_hard_reduction_hybrid gpu5] [plan iscas99__b21] [plan] step=286 node=N39572 type=control0 derived_hard_reduction_hybrid_pred=nan sequence=nan
[v4_derived_hard_reduction_hybrid gpu5] [plan iscas99__b21] [plan] step=287 node=N39572 type=control1 derived_hard_reduction_hybrid_pred=nan sequence=nan
[v4_derived_hard_reduction_hybrid gpu5] [plan iscas99__b21] [plan] step=288 node=N40952 type=control0 derived_hard_reduction_hybrid_pred=nan sequence=nan
[v4_derived_hard_reduction_hybrid gpu5] [plan iscas99__b21] [plan] step=289 node=N40952 type=control1 derived_hard_reduction_hybrid_pred=nan sequence=nan
[v4_derived_hard_reduction_hybrid gpu5] [plan iscas99__b21] [plan] step=290 node=N39494 type=control0 derived_hard_reduction_hybrid_pred=nan sequence=nan
[v4_derived_hard_reduction_hybrid gpu5] [plan iscas99__b21] [plan] step=291 node=N39494 type=control1 derived_hard_reduction_hybrid_pred=nan sequence=nan
[v4_derived_hard_reduction_hybrid gpu5] [plan iscas99__b21] [plan] step=292 node=N40862 type=control0 derived_hard_reduction_hybrid_pred=nan sequence=nan
[v4_derived_hard_reduction_hybrid gpu5] [plan iscas99__b21] [plan] step=293 node=N40862 type=control1 derived_hard_reduction_hybrid_pred=nan sequence=nan
[v4_derived_hard_reduction_hybrid gpu5] [plan iscas99__b21] [plan] step=294 node=N41205 type=control0 derived_hard_reduction_hybrid_pred=nan sequence=nan
[v4_derived_hard_reduction_hybrid gpu5] [plan iscas99__b21] [plan] step=295 node=N41205 type=control1 derived_hard_reduction_hybrid_pred=nan sequence=nan
[v4_derived_hard_reduction_hybrid gpu5] [plan iscas99__b21] [plan] step=296 node=N39515 type=control0 derived_hard_reduction_hybrid_pred=nan sequence=nan
[v4_derived_hard_reduction_hybrid gpu5] [plan iscas99__b21] [plan] step=297 node=N39515 type=control1 derived_hard_reduction_hybrid_pred=nan sequence=nan
[v4_derived_hard_reduction_hybrid gpu5] [plan iscas99__b21] [plan] step=298 node=N40918 type=control0 derived_hard_reduction_hybrid_pred=nan sequence=nan
[v4_derived_hard_reduction_hybrid gpu5] [plan iscas99__b21] [plan] step=299 node=N40918 type=control1 derived_hard_reduction_hybrid_pred=nan sequence=nan
[v4_derived_hard_reduction_hybrid gpu5] [plan iscas99__b21] [plan] step=300 node=N40938 type=control0 derived_hard_reduction_hybrid_pred=nan sequence=nan
[v4_derived_hard_reduction_hybrid gpu5] [plan iscas99__b21] [plan] step=301 node=N40938 type=control1 derived_hard_reduction_hybrid_pred=nan sequence=nan
[v4_derived_hard_reduction_hybrid gpu5] [plan iscas99__b21] [plan] step=302 node=N41170 type=control0 derived_hard_reduction_hybrid_pred=nan sequence=nan
[v4_derived_hard_reduction_hybrid gpu5] [plan iscas99__b21] [plan] step=303 node=N41170 type=control1 derived_hard_reduction_hybrid_pred=nan sequence=nan
[v4_derived_hard_reduction_hybrid gpu5] [plan iscas99__b21] [plan] step=304 node=N39446 type=control0 derived_hard_reduction_hybrid_pred=nan sequence=nan
[v4_derived_hard_reduction_hybrid gpu5] [plan iscas99__b21] [plan] step=305 node=N39446 type=control1 derived_hard_reduction_hybrid_pred=nan sequence=nan
[v4_derived_hard_reduction_hybrid gpu5] [plan iscas99__b21] [plan] step=306 node=N40847 type=control0 derived_hard_reduction_hybrid_pred=nan sequence=nan
[v4_derived_hard_reduction_hybrid gpu5] [plan iscas99__b21] [plan] step=307 node=N40847 type=control1 derived_hard_reduction_hybrid_pred=nan sequence=nan
[v4_derived_hard_reduction_hybrid gpu5] [plan iscas99__b21] [plan] step=308 node=N40871 type=control0 derived_hard_reduction_hybrid_pred=nan sequence=nan
[v4_derived_hard_reduction_hybrid gpu5] [plan iscas99__b21] [plan] step=309 node=N40871 type=control1 derived_hard_reduction_hybrid_pred=nan sequence=nan
[v4_derived_hard_reduction_hybrid gpu5] [plan iscas99__b21] [plan] step=310 node=N41166 type=control0 derived_hard_reduction_hybrid_pred=nan sequence=nan
[v4_derived_hard_reduction_hybrid gpu5] [plan iscas99__b21] [plan] step=311 node=N41166 type=control1 derived_hard_reduction_hybrid_pred=nan sequence=nan
[v4_derived_hard_reduction_hybrid gpu5] [plan iscas99__b21] [plan] step=312 node=N39546 type=control0 derived_hard_reduction_hybrid_pred=nan sequence=nan
[v4_derived_hard_reduction_hybrid gpu5] [plan iscas99__b21] [plan] step=313 node=N39546 type=control1 derived_hard_reduction_hybrid_pred=nan sequence=nan
[v4_derived_hard_reduction_hybrid gpu5] [plan iscas99__b21] [plan] step=314 node=N40895 type=control0 derived_hard_reduction_hybrid_pred=nan sequence=nan
[v4_derived_hard_reduction_hybrid gpu5] [plan iscas99__b21] [plan] step=315 node=N40895 type=control1 derived_hard_reduction_hybrid_pred=nan sequence=nan
[v4_derived_hard_reduction_hybrid gpu5] [plan iscas99__b21] [plan] step=316 node=N40112 type=control0 derived_hard_reduction_hybrid_pred=nan sequence=nan
[v4_derived_hard_reduction_hybrid gpu5] [plan iscas99__b21] [plan] step=317 node=N40112 type=control1 derived_hard_reduction_hybrid_pred=nan sequence=nan
[v4_derived_hard_reduction_hybrid gpu5] [plan iscas99__b21] [plan] step=318 node=N39465 type=control0 derived_hard_reduction_hybrid_pred=nan sequence=nan
[v4_derived_hard_reduction_hybrid gpu5] [plan iscas99__b21] [plan] step=319 node=N39465 type=control1 derived_hard_reduction_hybrid_pred=nan sequence=nan
[v4_derived_hard_reduction_hybrid gpu5] [plan iscas99__b21] [plan] step=320 node=N39485 type=control0 derived_hard_reduction_hybrid_pred=nan sequence=nan
[v4_derived_hard_reduction_hybrid gpu5] [plan iscas99__b21] [plan] step=321 node=N39485 type=control1 derived_hard_reduction_hybrid_pred=nan sequence=nan
[v4_derived_hard_reduction_hybrid gpu5] [plan iscas99__b21] [plan] step=322 node=__buf_split_20104 type=observe derived_hard_reduction_hybrid_pred=nan sequence=nan
[v4_derived_hard_reduction_hybrid gpu5] [plan iscas99__b21] [plan] step=323 node=N41162 type=control0 derived_hard_reduction_hybrid_pred=nan sequence=nan
[v4_derived_hard_reduction_hybrid gpu5] [plan iscas99__b21] [plan] step=324 node=N41162 type=control1 derived_hard_reduction_hybrid_pred=nan sequence=nan
[v4_derived_hard_reduction_hybrid gpu5] [plan iscas99__b21] [plan] step=325 node=N39669 type=control0 derived_hard_reduction_hybrid_pred=nan sequence=nan
[v4_derived_hard_reduction_hybrid gpu5] [plan iscas99__b21] [plan] step=326 node=N39669 type=control1 derived_hard_reduction_hybrid_pred=nan sequence=nan
[v4_derived_hard_reduction_hybrid gpu5] [plan iscas99__b21] [plan] step=327 node=N39688 type=control0 derived_hard_reduction_hybrid_pred=nan sequence=nan
[v4_derived_hard_reduction_hybrid gpu5] [plan iscas99__b21] [plan] step=328 node=N39688 type=control1 derived_hard_reduction_hybrid_pred=nan sequence=nan
[v4_derived_hard_reduction_hybrid gpu5] [plan iscas99__b21] [plan] step=329 node=N39705 type=control0 derived_hard_reduction_hybrid_pred=nan sequence=nan
[v4_derived_hard_reduction_hybrid gpu5] [plan iscas99__b21] [plan] step=330 node=N39705 type=control1 derived_hard_reduction_hybrid_pred=nan sequence=nan
[v4_derived_hard_reduction_hybrid gpu5] [plan iscas99__b21] [plan] step=331 node=N39724 type=control0 derived_hard_reduction_hybrid_pred=nan sequence=nan
[v4_derived_hard_reduction_hybrid gpu5] [plan iscas99__b21] [plan] step=332 node=N39724 type=control1 derived_hard_reduction_hybrid_pred=nan sequence=nan
[v4_derived_hard_reduction_hybrid gpu5] [plan iscas99__b21] [plan] step=333 node=N39742 type=control0 derived_hard_reduction_hybrid_pred=nan sequence=nan
[v4_derived_hard_reduction_hybrid gpu5] [plan iscas99__b21] [plan] step=334 node=N39742 type=control1 derived_hard_reduction_hybrid_pred=nan sequence=nan
[v4_derived_hard_reduction_hybrid gpu5] [plan iscas99__b21] [plan] step=335 node=N39761 type=control0 derived_hard_reduction_hybrid_pred=nan sequence=nan
[v4_derived_hard_reduction_hybrid gpu5] [plan iscas99__b21] [plan] step=336 node=N39761 type=control1 derived_hard_reduction_hybrid_pred=nan sequence=nan
[v4_derived_hard_reduction_hybrid gpu5] [plan iscas99__b21] [plan] step=337 node=N39779 type=control0 derived_hard_reduction_hybrid_pred=nan sequence=nan
[v4_derived_hard_reduction_hybrid gpu5] [plan iscas99__b21] [plan] step=338 node=N39779 type=control1 derived_hard_reduction_hybrid_pred=nan sequence=nan
[v4_derived_hard_reduction_hybrid gpu5] [plan iscas99__b21] [plan] step=339 node=N39797 type=control0 derived_hard_reduction_hybrid_pred=nan sequence=nan
[v4_derived_hard_reduction_hybrid gpu5] [plan iscas99__b21] [plan] step=340 node=N39797 type=control1 derived_hard_reduction_hybrid_pred=nan sequence=nan
[v4_derived_hard_reduction_hybrid gpu5] [plan iscas99__b21] [plan] step=341 node=N39814 type=control0 derived_hard_reduction_hybrid_pred=nan sequence=nan
[v4_derived_hard_reduction_hybrid gpu5] [plan iscas99__b21] [plan] step=342 node=N39814 type=control1 derived_hard_reduction_hybrid_pred=nan sequence=nan
[v4_derived_hard_reduction_hybrid gpu5] [plan iscas99__b21] [plan] step=343 node=N39832 type=control0 derived_hard_reduction_hybrid_pred=nan sequence=nan
[v4_derived_hard_reduction_hybrid gpu5] [plan iscas99__b21] [plan] step=344 node=N39832 type=control1 derived_hard_reduction_hybrid_pred=nan sequence=nan
[v4_derived_hard_reduction_hybrid gpu5] [plan iscas99__b21] [plan] step=345 node=N39850 type=control0 derived_hard_reduction_hybrid_pred=nan sequence=nan
[v4_derived_hard_reduction_hybrid gpu5] [plan iscas99__b21] [plan] step=346 node=N39850 type=control1 derived_hard_reduction_hybrid_pred=nan sequence=nan
[v4_derived_hard_reduction_hybrid gpu5] [plan iscas99__b21] [plan] step=347 node=N39868 type=control0 derived_hard_reduction_hybrid_pred=nan sequence=nan
[v4_derived_hard_reduction_hybrid gpu5] [plan iscas99__b21] [plan] step=348 node=N39868 type=control1 derived_hard_reduction_hybrid_pred=nan sequence=nan
[v4_derived_hard_reduction_hybrid gpu5] [plan iscas99__b21] [plan] step=349 node=N39885 type=control0 derived_hard_reduction_hybrid_pred=nan sequence=nan
[v4_derived_hard_reduction_hybrid gpu5] [plan iscas99__b21] [plan] step=350 node=N39885 type=control1 derived_hard_reduction_hybrid_pred=nan sequence=nan
[v4_derived_hard_reduction_hybrid gpu5] [plan iscas99__b21] [plan] step=351 node=N39904 type=control0 derived_hard_reduction_hybrid_pred=nan sequence=nan
[v4_derived_hard_reduction_hybrid gpu5] [plan iscas99__b21] [plan] step=352 node=N39904 type=control1 derived_hard_reduction_hybrid_pred=nan sequence=nan
[v4_derived_hard_reduction_hybrid gpu5] [plan iscas99__b21] [plan] step=353 node=N39921 type=control0 derived_hard_reduction_hybrid_pred=nan sequence=nan
[v4_derived_hard_reduction_hybrid gpu5] [plan iscas99__b21] [plan] step=354 node=N39921 type=control1 derived_hard_reduction_hybrid_pred=nan sequence=nan
[v4_derived_hard_reduction_hybrid gpu5] [plan iscas99__b21] [plan] step=355 node=N39938 type=control0 derived_hard_reduction_hybrid_pred=nan sequence=nan
[v4_derived_hard_reduction_hybrid gpu5] [plan iscas99__b21] [plan] step=356 node=N39938 type=control1 derived_hard_reduction_hybrid_pred=nan sequence=nan
[v4_derived_hard_reduction_hybrid gpu5] [plan iscas99__b21] [plan] step=357 node=N39954 type=control0 derived_hard_reduction_hybrid_pred=nan sequence=nan
[v4_derived_hard_reduction_hybrid gpu5] [plan iscas99__b21] [plan] step=358 node=N39954 type=control1 derived_hard_reduction_hybrid_pred=nan sequence=nan
[v4_derived_hard_reduction_hybrid gpu5] [plan iscas99__b21] [plan] step=359 node=N39972 type=control0 derived_hard_reduction_hybrid_pred=nan sequence=nan
[v4_derived_hard_reduction_hybrid gpu5] [plan iscas99__b21] [plan] step=360 node=N39972 type=control1 derived_hard_reduction_hybrid_pred=nan sequence=nan
[v4_derived_hard_reduction_hybrid gpu5] [plan iscas99__b21] [plan] step=361 node=N39988 type=control0 derived_hard_reduction_hybrid_pred=nan sequence=nan
[v4_derived_hard_reduction_hybrid gpu5] [plan iscas99__b21] [plan] step=362 node=N39988 type=control1 derived_hard_reduction_hybrid_pred=nan sequence=nan
[v4_derived_hard_reduction_hybrid gpu5] [plan iscas99__b21] [plan] step=363 node=N40004 type=control0 derived_hard_reduction_hybrid_pred=nan sequence=nan
[v4_derived_hard_reduction_hybrid gpu5] [plan iscas99__b21] [plan] step=364 node=N40004 type=control1 derived_hard_reduction_hybrid_pred=nan sequence=nan
[v4_derived_hard_reduction_hybrid gpu5] [plan iscas99__b21] [plan] step=365 node=N40019 type=control0 derived_hard_reduction_hybrid_pred=nan sequence=nan
[v4_derived_hard_reduction_hybrid gpu5] [plan iscas99__b21] [plan] step=366 node=N40019 type=control1 derived_hard_reduction_hybrid_pred=nan sequence=nan
[v4_derived_hard_reduction_hybrid gpu5] [plan iscas99__b21] [plan] step=367 node=N40034 type=control0 derived_hard_reduction_hybrid_pred=nan sequence=nan
[v4_derived_hard_reduction_hybrid gpu5] [plan iscas99__b21] [plan] step=368 node=N40034 type=control1 derived_hard_reduction_hybrid_pred=nan sequence=nan
[v4_derived_hard_reduction_hybrid gpu5] [plan iscas99__b21] [plan] step=369 node=N40047 type=control0 derived_hard_reduction_hybrid_pred=nan sequence=nan
[v4_derived_hard_reduction_hybrid gpu5] [plan iscas99__b21] [plan] step=370 node=N40047 type=control1 derived_hard_reduction_hybrid_pred=nan sequence=nan
[v4_derived_hard_reduction_hybrid gpu5] [plan iscas99__b21] [plan] step=371 node=N40058 type=control0 derived_hard_reduction_hybrid_pred=nan sequence=nan
[v4_derived_hard_reduction_hybrid gpu5] [plan iscas99__b21] [plan] step=372 node=N40058 type=control1 derived_hard_reduction_hybrid_pred=nan sequence=nan
[v4_derived_hard_reduction_hybrid gpu5] [plan iscas99__b21] [plan] step=373 node=N40069 type=control0 derived_hard_reduction_hybrid_pred=nan sequence=nan
[v4_derived_hard_reduction_hybrid gpu5] [plan iscas99__b21] [plan] step=374 node=N40069 type=control1 derived_hard_reduction_hybrid_pred=nan sequence=nan
[v4_derived_hard_reduction_hybrid gpu5] [plan iscas99__b21] [plan] step=375 node=N40080 type=control0 derived_hard_reduction_hybrid_pred=nan sequence=nan
[v4_derived_hard_reduction_hybrid gpu5] [plan iscas99__b21] [plan] step=376 node=N40080 type=control1 derived_hard_reduction_hybrid_pred=nan sequence=nan
[v4_derived_hard_reduction_hybrid gpu5] [plan iscas99__b21] [plan] step=377 node=N40089 type=control0 derived_hard_reduction_hybrid_pred=nan sequence=nan
[v4_derived_hard_reduction_hybrid gpu5] [plan iscas99__b21] [plan] step=378 node=N40089 type=control1 derived_hard_reduction_hybrid_pred=nan sequence=nan
[v4_derived_hard_reduction_hybrid gpu5] [plan iscas99__b21] [plan] step=379 node=N40098 type=control0 derived_hard_reduction_hybrid_pred=nan sequence=nan
[v4_derived_hard_reduction_hybrid gpu5] [plan iscas99__b21] [plan] step=380 node=N40098 type=control1 derived_hard_reduction_hybrid_pred=nan sequence=nan
[v4_derived_hard_reduction_hybrid gpu5] [plan iscas99__b21] [plan] step=381 node=N40104 type=control0 derived_hard_reduction_hybrid_pred=nan sequence=nan
[v4_derived_hard_reduction_hybrid gpu5] [plan iscas99__b21] [plan] step=382 node=N40104 type=control1 derived_hard_reduction_hybrid_pred=nan sequence=nan
[v4_derived_hard_reduction_hybrid gpu5] [plan iscas99__b21] [plan] step=383 node=N40109 type=control0 derived_hard_reduction_hybrid_pred=nan sequence=nan
[v4_derived_hard_reduction_hybrid gpu5] [plan iscas99__b21] [plan] step=384 node=N40109 type=control1 derived_hard_reduction_hybrid_pred=nan sequence=nan
[v4_derived_hard_reduction_hybrid gpu5] [plan iscas99__b21] [plan] step=385 node=N39537 type=control0 derived_hard_reduction_hybrid_pred=nan sequence=nan
[v4_derived_hard_reduction_hybrid gpu5] [plan iscas99__b21] [plan] step=386 node=N39537 type=control1 derived_hard_reduction_hybrid_pred=nan sequence=nan
[v4_derived_hard_reduction_hybrid gpu5] [plan iscas99__b21] [plan] step=387 node=N39562 type=control0 derived_hard_reduction_hybrid_pred=nan sequence=nan
[v4_derived_hard_reduction_hybrid gpu5] [plan iscas99__b21] [plan] step=388 node=N39562 type=control1 derived_hard_reduction_hybrid_pred=nan sequence=nan
[v4_derived_hard_reduction_hybrid gpu5] [plan iscas99__b21] [plan] step=389 node=N39671 type=control0 derived_hard_reduction_hybrid_pred=nan sequence=nan
[v4_derived_hard_reduction_hybrid gpu5] [plan iscas99__b21] [plan] step=390 node=N39671 type=control1 derived_hard_reduction_hybrid_pred=nan sequence=nan
[v4_derived_hard_reduction_hybrid gpu5] [plan iscas99__b21] [plan] step=391 node=N39690 type=control0 derived_hard_reduction_hybrid_pred=nan sequence=nan
[v4_derived_hard_reduction_hybrid gpu5] [plan iscas99__b21] [plan] step=392 node=N39690 type=control1 derived_hard_reduction_hybrid_pred=nan sequence=nan
[v4_derived_hard_reduction_hybrid gpu5] [plan iscas99__b21] [plan] step=393 node=N39707 type=control0 derived_hard_reduction_hybrid_pred=nan sequence=nan
[v4_derived_hard_reduction_hybrid gpu5] [plan iscas99__b21] [plan] step=394 node=N39707 type=control1 derived_hard_reduction_hybrid_pred=nan sequence=nan
[v4_derived_hard_reduction_hybrid gpu5] [plan iscas99__b21] [plan] step=395 node=N39726 type=control0 derived_hard_reduction_hybrid_pred=nan sequence=nan
[v4_derived_hard_reduction_hybrid gpu5] [plan iscas99__b21] [plan] step=396 node=N39726 type=control1 derived_hard_reduction_hybrid_pred=nan sequence=nan
[v4_derived_hard_reduction_hybrid gpu5] [plan iscas99__b21] [plan] step=397 node=N39744 type=control0 derived_hard_reduction_hybrid_pred=nan sequence=nan
[v4_derived_hard_reduction_hybrid gpu5] [plan iscas99__b21] [plan] step=398 node=N39744 type=control1 derived_hard_reduction_hybrid_pred=nan sequence=nan
[v4_derived_hard_reduction_hybrid gpu5] [plan iscas99__b21] [plan] step=399 node=N39763 type=control0 derived_hard_reduction_hybrid_pred=nan sequence=nan
[v4_derived_hard_reduction_hybrid gpu5] [plan iscas99__b21] [plan] step=400 node=N39763 type=control1 derived_hard_reduction_hybrid_pred=nan sequence=nan
[v4_derived_hard_reduction_hybrid gpu5] [plan iscas99__b21] [plan] step=401 node=N39781 type=control0 derived_hard_reduction_hybrid_pred=nan sequence=nan
[v4_derived_hard_reduction_hybrid gpu5] [plan iscas99__b21] [plan] step=402 node=N39781 type=control1 derived_hard_reduction_hybrid_pred=nan sequence=nan
[v4_derived_hard_reduction_hybrid gpu5] [plan iscas99__b21] [plan] step=403 node=N39799 type=control0 derived_hard_reduction_hybrid_pred=nan sequence=nan
[v4_derived_hard_reduction_hybrid gpu5] [plan iscas99__b21] [plan] step=404 node=N39799 type=control1 derived_hard_reduction_hybrid_pred=nan sequence=nan
[v4_derived_hard_reduction_hybrid gpu5] [plan iscas99__b21] [plan] step=405 node=N39816 type=control0 derived_hard_reduction_hybrid_pred=nan sequence=nan
[v4_derived_hard_reduction_hybrid gpu5] [plan iscas99__b21] [plan] step=406 node=N39816 type=control1 derived_hard_reduction_hybrid_pred=nan sequence=nan
[v4_derived_hard_reduction_hybrid gpu5] [plan iscas99__b21] [plan] step=407 node=N39834 type=control0 derived_hard_reduction_hybrid_pred=nan sequence=nan
[v4_derived_hard_reduction_hybrid gpu5] [plan iscas99__b21] [plan] step=408 node=N39834 type=control1 derived_hard_reduction_hybrid_pred=nan sequence=nan
[v4_derived_hard_reduction_hybrid gpu5] [plan iscas99__b21] [plan] step=409 node=N39852 type=control0 derived_hard_reduction_hybrid_pred=nan sequence=nan
[v4_derived_hard_reduction_hybrid gpu5] [plan iscas99__b21] [plan] step=410 node=N39852 type=control1 derived_hard_reduction_hybrid_pred=nan sequence=nan
[v4_derived_hard_reduction_hybrid gpu5] [plan iscas99__b21] [plan] step=411 node=N39870 type=control0 derived_hard_reduction_hybrid_pred=nan sequence=nan
[v4_derived_hard_reduction_hybrid gpu5] [plan iscas99__b21] [plan] step=412 node=N39870 type=control1 derived_hard_reduction_hybrid_pred=nan sequence=nan
[v4_derived_hard_reduction_hybrid gpu5] [plan iscas99__b21] [plan] step=413 node=N39887 type=control0 derived_hard_reduction_hybrid_pred=nan sequence=nan
[v4_derived_hard_reduction_hybrid gpu5] [plan iscas99__b21] [plan] step=414 node=N39887 type=control1 derived_hard_reduction_hybrid_pred=nan sequence=nan
[v4_derived_hard_reduction_hybrid gpu5] [plan iscas99__b21] [plan] step=415 node=N39906 type=control0 derived_hard_reduction_hybrid_pred=nan sequence=nan
[v4_derived_hard_reduction_hybrid gpu5] [plan iscas99__b21] [plan] step=416 node=N39906 type=control1 derived_hard_reduction_hybrid_pred=nan sequence=nan
[v4_derived_hard_reduction_hybrid gpu5] [plan iscas99__b21] [plan] step=417 node=N39923 type=control0 derived_hard_reduction_hybrid_pred=nan sequence=nan
[v4_derived_hard_reduction_hybrid gpu5] [plan iscas99__b21] [plan] step=418 node=N39923 type=control1 derived_hard_reduction_hybrid_pred=nan sequence=nan
[v4_derived_hard_reduction_hybrid gpu5] [plan iscas99__b21] [plan] step=419 node=N39940 type=control0 derived_hard_reduction_hybrid_pred=nan sequence=nan
[v4_derived_hard_reduction_hybrid gpu5] [plan iscas99__b21] [plan] step=420 node=N39940 type=control1 derived_hard_reduction_hybrid_pred=nan sequence=nan
[v4_derived_hard_reduction_hybrid gpu5] [plan iscas99__b21] [plan] step=421 node=N39956 type=control0 derived_hard_reduction_hybrid_pred=nan sequence=nan
[v4_derived_hard_reduction_hybrid gpu5] [plan iscas99__b21] [plan] step=422 node=N39956 type=control1 derived_hard_reduction_hybrid_pred=nan sequence=nan
[v4_derived_hard_reduction_hybrid gpu5] [plan iscas99__b21] [plan] step=423 node=N39974 type=control0 derived_hard_reduction_hybrid_pred=nan sequence=nan
[v4_derived_hard_reduction_hybrid gpu5] [plan iscas99__b21] [plan] step=424 node=N39974 type=control1 derived_hard_reduction_hybrid_pred=nan sequence=nan
[v4_derived_hard_reduction_hybrid gpu5] [plan iscas99__b21] [plan] step=425 node=N39990 type=control0 derived_hard_reduction_hybrid_pred=nan sequence=nan
[v4_derived_hard_reduction_hybrid gpu5] [plan iscas99__b21] [plan] step=426 node=N39990 type=control1 derived_hard_reduction_hybrid_pred=nan sequence=nan
[v4_derived_hard_reduction_hybrid gpu5] [plan iscas99__b21] [plan] step=427 node=N40006 type=control0 derived_hard_reduction_hybrid_pred=nan sequence=nan
[v4_derived_hard_reduction_hybrid gpu5] [plan iscas99__b21] [plan] step=428 node=N40006 type=control1 derived_hard_reduction_hybrid_pred=nan sequence=nan
[v4_derived_hard_reduction_hybrid gpu5] [plan iscas99__b21] [plan] step=429 node=N40021 type=control0 derived_hard_reduction_hybrid_pred=nan sequence=nan
[v4_derived_hard_reduction_hybrid gpu5] [plan iscas99__b21] [plan] step=430 node=N40021 type=control1 derived_hard_reduction_hybrid_pred=nan sequence=nan
[v4_derived_hard_reduction_hybrid gpu5] [plan iscas99__b21] [plan] step=431 node=N40036 type=control0 derived_hard_reduction_hybrid_pred=nan sequence=nan
[v4_derived_hard_reduction_hybrid gpu5] [plan iscas99__b21] [plan] step=432 node=N40036 type=control1 derived_hard_reduction_hybrid_pred=nan sequence=nan
[v4_derived_hard_reduction_hybrid gpu5] [plan iscas99__b21] [plan] step=433 node=N40049 type=control0 derived_hard_reduction_hybrid_pred=nan sequence=nan
[v4_derived_hard_reduction_hybrid gpu5] [plan iscas99__b21] [plan] step=434 node=N40049 type=control1 derived_hard_reduction_hybrid_pred=nan sequence=nan
[v4_derived_hard_reduction_hybrid gpu5] [plan iscas99__b21] [plan] step=435 node=N40060 type=control0 derived_hard_reduction_hybrid_pred=nan sequence=nan
[v4_derived_hard_reduction_hybrid gpu5] [plan iscas99__b21] [plan] step=436 node=N40060 type=control1 derived_hard_reduction_hybrid_pred=nan sequence=nan
[v4_derived_hard_reduction_hybrid gpu5] [plan iscas99__b21] [plan] step=437 node=N40071 type=control0 derived_hard_reduction_hybrid_pred=nan sequence=nan
[v4_derived_hard_reduction_hybrid gpu5] [plan iscas99__b21] [plan] step=438 node=N40071 type=control1 derived_hard_reduction_hybrid_pred=nan sequence=nan
[v4_derived_hard_reduction_hybrid gpu5] [plan iscas99__b21] [plan] step=439 node=N40082 type=control0 derived_hard_reduction_hybrid_pred=nan sequence=nan
[v4_derived_hard_reduction_hybrid gpu5] [plan iscas99__b21] [plan] step=440 node=N40082 type=control1 derived_hard_reduction_hybrid_pred=nan sequence=nan
[v4_derived_hard_reduction_hybrid gpu5] [plan iscas99__b21] [plan] step=441 node=N40091 type=control0 derived_hard_reduction_hybrid_pred=nan sequence=nan
[v4_derived_hard_reduction_hybrid gpu5] [plan iscas99__b21] [plan] step=442 node=N40091 type=control1 derived_hard_reduction_hybrid_pred=nan sequence=nan
[v4_derived_hard_reduction_hybrid gpu5] [plan iscas99__b21] [plan] step=443 node=N40100 type=control0 derived_hard_reduction_hybrid_pred=nan sequence=nan
[v4_derived_hard_reduction_hybrid gpu5] [plan iscas99__b21] [plan] step=444 node=N40100 type=control1 derived_hard_reduction_hybrid_pred=nan sequence=nan
[v4_derived_hard_reduction_hybrid gpu5] [plan iscas99__b21] [plan] step=445 node=N39670 type=control0 derived_hard_reduction_hybrid_pred=nan sequence=nan
[v4_derived_hard_reduction_hybrid gpu5] [plan iscas99__b21] [plan] step=446 node=N39670 type=control1 derived_hard_reduction_hybrid_pred=nan sequence=nan
[v4_derived_hard_reduction_hybrid gpu5] [plan iscas99__b21] [plan] step=447 node=N39689 type=control0 derived_hard_reduction_hybrid_pred=nan sequence=nan
[v4_derived_hard_reduction_hybrid gpu5] [plan iscas99__b21] [plan] step=448 node=N39689 type=control1 derived_hard_reduction_hybrid_pred=nan sequence=nan
[v4_derived_hard_reduction_hybrid gpu5] [plan iscas99__b21] [plan] step=449 node=N39706 type=control0 derived_hard_reduction_hybrid_pred=nan sequence=nan
[v4_derived_hard_reduction_hybrid gpu5] [plan iscas99__b21] [plan] step=450 node=N39706 type=control1 derived_hard_reduction_hybrid_pred=nan sequence=nan
[v4_derived_hard_reduction_hybrid gpu5] [plan iscas99__b21] [plan] step=451 node=N39725 type=control0 derived_hard_reduction_hybrid_pred=nan sequence=nan
[v4_derived_hard_reduction_hybrid gpu5] [plan iscas99__b21] [plan] step=452 node=N39725 type=control1 derived_hard_reduction_hybrid_pred=nan sequence=nan
[v4_derived_hard_reduction_hybrid gpu5] [plan iscas99__b21] [plan] step=453 node=N39743 type=control0 derived_hard_reduction_hybrid_pred=nan sequence=nan
[v4_derived_hard_reduction_hybrid gpu5] [plan iscas99__b21] [plan] step=454 node=N39743 type=control1 derived_hard_reduction_hybrid_pred=nan sequence=nan
[v4_derived_hard_reduction_hybrid gpu5] [plan iscas99__b21] [plan] step=455 node=N39762 type=control0 derived_hard_reduction_hybrid_pred=nan sequence=nan
[v4_derived_hard_reduction_hybrid gpu5] [plan iscas99__b21] [plan] step=456 node=N39762 type=control1 derived_hard_reduction_hybrid_pred=nan sequence=nan
[v4_derived_hard_reduction_hybrid gpu5] [plan iscas99__b21] [plan] step=457 node=N39780 type=control0 derived_hard_reduction_hybrid_pred=nan sequence=nan
[v4_derived_hard_reduction_hybrid gpu5] [plan iscas99__b21] [plan] step=458 node=N39780 type=control1 derived_hard_reduction_hybrid_pred=nan sequence=nan
[v4_derived_hard_reduction_hybrid gpu5] [plan iscas99__b21] [plan] step=459 node=N39798 type=control0 derived_hard_reduction_hybrid_pred=nan sequence=nan
[v4_derived_hard_reduction_hybrid gpu5] [plan iscas99__b21] [plan] step=460 node=N39798 type=control1 derived_hard_reduction_hybrid_pred=nan sequence=nan
[v4_derived_hard_reduction_hybrid gpu5] [plan iscas99__b21] [plan] step=461 node=N39815 type=control0 derived_hard_reduction_hybrid_pred=nan sequence=nan
[v4_derived_hard_reduction_hybrid gpu5] [plan iscas99__b21] [plan] step=462 node=N39815 type=control1 derived_hard_reduction_hybrid_pred=nan sequence=nan
[v4_derived_hard_reduction_hybrid gpu5] [plan iscas99__b21] [plan] step=463 node=N39833 type=control0 derived_hard_reduction_hybrid_pred=nan sequence=nan
[v4_derived_hard_reduction_hybrid gpu5] [plan iscas99__b21] [plan] step=464 node=N39833 type=control1 derived_hard_reduction_hybrid_pred=nan sequence=nan
[v4_derived_hard_reduction_hybrid gpu5] [plan iscas99__b21] [plan] step=465 node=N39851 type=control0 derived_hard_reduction_hybrid_pred=nan sequence=nan
[v4_derived_hard_reduction_hybrid gpu5] [plan iscas99__b21] [plan] step=466 node=N39851 type=control1 derived_hard_reduction_hybrid_pred=nan sequence=nan
[v4_derived_hard_reduction_hybrid gpu5] [plan iscas99__b21] [plan] step=467 node=N39869 type=control0 derived_hard_reduction_hybrid_pred=nan sequence=nan
[v4_derived_hard_reduction_hybrid gpu5] [plan iscas99__b21] [plan] step=468 node=N39869 type=control1 derived_hard_reduction_hybrid_pred=nan sequence=nan
[v4_derived_hard_reduction_hybrid gpu5] [plan iscas99__b21] [plan] step=469 node=N39886 type=control0 derived_hard_reduction_hybrid_pred=nan sequence=nan
[v4_derived_hard_reduction_hybrid gpu5] [plan iscas99__b21] [plan] step=470 node=N39886 type=control1 derived_hard_reduction_hybrid_pred=nan sequence=nan
[v4_derived_hard_reduction_hybrid gpu5] [plan iscas99__b21] [plan] step=471 node=N39905 type=control0 derived_hard_reduction_hybrid_pred=nan sequence=nan
[v4_derived_hard_reduction_hybrid gpu5] [plan iscas99__b21] [plan] step=472 node=N39905 type=control1 derived_hard_reduction_hybrid_pred=nan sequence=nan
[v4_derived_hard_reduction_hybrid gpu5] [plan iscas99__b21] [plan] step=473 node=N39922 type=control0 derived_hard_reduction_hybrid_pred=nan sequence=nan
[v4_derived_hard_reduction_hybrid gpu5] [plan iscas99__b21] [plan] step=474 node=N39922 type=control1 derived_hard_reduction_hybrid_pred=nan sequence=nan
[v4_derived_hard_reduction_hybrid gpu5] [plan iscas99__b21] [plan] step=475 node=N39939 type=control0 derived_hard_reduction_hybrid_pred=nan sequence=nan
[v4_derived_hard_reduction_hybrid gpu5] [plan iscas99__b21] [plan] step=476 node=N39939 type=control1 derived_hard_reduction_hybrid_pred=nan sequence=nan
[v4_derived_hard_reduction_hybrid gpu5] [plan iscas99__b21] [plan] step=477 node=N39955 type=control0 derived_hard_reduction_hybrid_pred=nan sequence=nan
[v4_derived_hard_reduction_hybrid gpu5] [plan iscas99__b21] [plan] step=478 node=N39955 type=control1 derived_hard_reduction_hybrid_pred=nan sequence=nan
[v4_derived_hard_reduction_hybrid gpu5] [plan iscas99__b21] [plan] step=479 node=N39973 type=control0 derived_hard_reduction_hybrid_pred=nan sequence=nan
[v4_derived_hard_reduction_hybrid gpu5] [plan iscas99__b21] [plan] step=480 node=N39973 type=control1 derived_hard_reduction_hybrid_pred=nan sequence=nan
[v4_derived_hard_reduction_hybrid gpu5] [plan iscas99__b21] [plan] step=481 node=N39989 type=control0 derived_hard_reduction_hybrid_pred=nan sequence=nan
[v4_derived_hard_reduction_hybrid gpu5] [plan iscas99__b21] [plan] step=482 node=N39989 type=control1 derived_hard_reduction_hybrid_pred=nan sequence=nan
[v4_derived_hard_reduction_hybrid gpu5] [plan iscas99__b21] [plan] step=483 node=N40005 type=control0 derived_hard_reduction_hybrid_pred=nan sequence=nan
[v4_derived_hard_reduction_hybrid gpu5] [plan iscas99__b21] [plan] step=484 node=N40005 type=control1 derived_hard_reduction_hybrid_pred=nan sequence=nan
[v4_derived_hard_reduction_hybrid gpu5] [plan iscas99__b21] [plan] step=485 node=N40020 type=control0 derived_hard_reduction_hybrid_pred=nan sequence=nan
[v4_derived_hard_reduction_hybrid gpu5] [plan iscas99__b21] [plan] step=486 node=N40020 type=control1 derived_hard_reduction_hybrid_pred=nan sequence=nan
[v4_derived_hard_reduction_hybrid gpu5] [plan iscas99__b21] [plan] step=487 node=N40035 type=control0 derived_hard_reduction_hybrid_pred=nan sequence=nan
[v4_derived_hard_reduction_hybrid gpu5] [plan iscas99__b21] [plan] step=488 node=N40035 type=control1 derived_hard_reduction_hybrid_pred=nan sequence=nan
[v4_derived_hard_reduction_hybrid gpu5] [plan iscas99__b21] [plan] step=489 node=N40048 type=control0 derived_hard_reduction_hybrid_pred=nan sequence=nan
[v4_derived_hard_reduction_hybrid gpu5] [plan iscas99__b21] [plan] step=490 node=N40048 type=control1 derived_hard_reduction_hybrid_pred=nan sequence=nan
[v4_derived_hard_reduction_hybrid gpu5] [plan iscas99__b21] [plan] step=491 node=N40059 type=control0 derived_hard_reduction_hybrid_pred=nan sequence=nan
[v4_derived_hard_reduction_hybrid gpu5] [plan iscas99__b21] [plan] step=492 node=N40059 type=control1 derived_hard_reduction_hybrid_pred=nan sequence=nan
[v4_derived_hard_reduction_hybrid gpu5] [plan iscas99__b21] [plan] step=493 node=N40070 type=control0 derived_hard_reduction_hybrid_pred=nan sequence=nan
[v4_derived_hard_reduction_hybrid gpu5] [plan iscas99__b21] [plan] step=494 node=N40070 type=control1 derived_hard_reduction_hybrid_pred=nan sequence=nan
[v4_derived_hard_reduction_hybrid gpu5] [plan iscas99__b21] [plan] step=495 node=N40081 type=control0 derived_hard_reduction_hybrid_pred=nan sequence=nan
[v4_derived_hard_reduction_hybrid gpu5] [plan iscas99__b21] [plan] step=496 node=N40081 type=control1 derived_hard_reduction_hybrid_pred=nan sequence=nan
[v4_derived_hard_reduction_hybrid gpu5] [plan iscas99__b21] [plan] step=497 node=N40090 type=control0 derived_hard_reduction_hybrid_pred=nan sequence=nan
[v4_derived_hard_reduction_hybrid gpu5] [plan iscas99__b21] [plan] step=498 node=N40090 type=control1 derived_hard_reduction_hybrid_pred=nan sequence=nan
[v4_derived_hard_reduction_hybrid gpu5] [plan iscas99__b21] [plan] step=499 node=N40099 type=control0 derived_hard_reduction_hybrid_pred=nan sequence=nan
[v4_derived_hard_reduction_hybrid gpu5] [plan iscas99__b21] [plan] step=500 node=N40099 type=control1 derived_hard_reduction_hybrid_pred=nan sequence=nan
[v4_derived_hard_reduction_hybrid gpu5] [plan iscas99__b21] [plan] step=501 node=N40105 type=control0 derived_hard_reduction_hybrid_pred=nan sequence=nan
[v4_derived_hard_reduction_hybrid gpu5] [plan iscas99__b21] [plan] step=502 node=N40105 type=control1 derived_hard_reduction_hybrid_pred=nan sequence=nan
[v4_derived_hard_reduction_hybrid gpu5] [plan iscas99__b21] [plan] step=503 node=N41157 type=control0 derived_hard_reduction_hybrid_pred=nan sequence=nan
[v4_derived_hard_reduction_hybrid gpu5] [plan iscas99__b21] [plan] step=504 node=N41157 type=control1 derived_hard_reduction_hybrid_pred=nan sequence=nan
[v4_derived_hard_reduction_hybrid gpu5] [plan iscas99__b21] [plan] step=505 node=N41146 type=control0 derived_hard_reduction_hybrid_pred=nan sequence=nan
[v4_derived_hard_reduction_hybrid gpu5] [plan iscas99__b21] [plan] step=506 node=N41146 type=control1 derived_hard_reduction_hybrid_pred=nan sequence=nan
[v4_derived_hard_reduction_hybrid gpu5] [plan iscas99__b21] [plan] step=507 node=N41152 type=control0 derived_hard_reduction_hybrid_pred=nan sequence=nan
[v4_derived_hard_reduction_hybrid gpu5] [plan iscas99__b21] [plan] step=508 node=N41152 type=control1 derived_hard_reduction_hybrid_pred=nan sequence=nan
[v4_derived_hard_reduction_hybrid gpu5] [plan iscas99__b21] [plan] step=509 node=N39511 type=control0 derived_hard_reduction_hybrid_pred=nan sequence=nan
[v4_derived_hard_reduction_hybrid gpu5] [plan iscas99__b21] [plan] step=510 node=N39511 type=control1 derived_hard_reduction_hybrid_pred=nan sequence=nan
[v4_derived_hard_reduction_hybrid gpu5] [plan iscas99__b21] [plan] step=511 node=N41147 type=control0 derived_hard_reduction_hybrid_pred=nan sequence=nan
[v4_derived_hard_reduction_hybrid gpu5] [plan iscas99__b21] [plan] step=512 node=N41147 type=control1 derived_hard_reduction_hybrid_pred=nan sequence=nan
[v4_derived_hard_reduction_hybrid gpu5] [plan iscas99__b21] [plan] step=513 node=N39853 type=control0 derived_hard_reduction_hybrid_pred=nan sequence=nan
[v4_derived_hard_reduction_hybrid gpu5] [plan iscas99__b21] [plan] step=514 node=N39853 type=control1 derived_hard_reduction_hybrid_pred=nan sequence=nan
[v4_derived_hard_reduction_hybrid gpu5] [plan iscas99__b21] [plan] step=515 node=N39871 type=control0 derived_hard_reduction_hybrid_pred=nan sequence=nan
[v4_derived_hard_reduction_hybrid gpu5] [plan iscas99__b21] [plan] step=516 node=N39871 type=control1 derived_hard_reduction_hybrid_pred=nan sequence=nan
[v4_derived_hard_reduction_hybrid gpu5] [plan iscas99__b21] [plan] step=517 node=N39888 type=control0 derived_hard_reduction_hybrid_pred=nan sequence=nan
[v4_derived_hard_reduction_hybrid gpu5] [plan iscas99__b21] [plan] step=518 node=N39888 type=control1 derived_hard_reduction_hybrid_pred=nan sequence=nan
[v4_derived_hard_reduction_hybrid gpu5] [plan iscas99__b21] [plan] step=519 node=N39907 type=control0 derived_hard_reduction_hybrid_pred=nan sequence=nan
[v4_derived_hard_reduction_hybrid gpu5] [plan iscas99__b21] [plan] step=520 node=N39907 type=control1 derived_hard_reduction_hybrid_pred=nan sequence=nan
[v4_derived_hard_reduction_hybrid gpu5] [plan iscas99__b21] [plan] step=521 node=N39924 type=control0 derived_hard_reduction_hybrid_pred=nan sequence=nan
[v4_derived_hard_reduction_hybrid gpu5] [plan iscas99__b21] [plan] step=522 node=N39924 type=control1 derived_hard_reduction_hybrid_pred=nan sequence=nan
[v4_derived_hard_reduction_hybrid gpu5] [plan iscas99__b21] [plan] step=523 node=N39941 type=control0 derived_hard_reduction_hybrid_pred=nan sequence=nan
[v4_derived_hard_reduction_hybrid gpu5] [plan iscas99__b21] [plan] step=524 node=N39941 type=control1 derived_hard_reduction_hybrid_pred=nan sequence=nan
[v4_derived_hard_reduction_hybrid gpu5] [plan iscas99__b21] [plan] step=525 node=N39957 type=control0 derived_hard_reduction_hybrid_pred=nan sequence=nan
[v4_derived_hard_reduction_hybrid gpu5] [plan iscas99__b21] [plan] step=526 node=N39957 type=control1 derived_hard_reduction_hybrid_pred=nan sequence=nan
[v4_derived_hard_reduction_hybrid gpu5] [plan iscas99__b21] [plan] step=527 node=N39499 type=control0 derived_hard_reduction_hybrid_pred=nan sequence=nan
[v4_derived_hard_reduction_hybrid gpu5] [plan iscas99__b21] [plan] step=528 node=N39499 type=control1 derived_hard_reduction_hybrid_pred=nan sequence=nan
[v4_derived_hard_reduction_hybrid gpu5] [plan iscas99__b21] [plan] step=529 node=N40078 type=control0 derived_hard_reduction_hybrid_pred=nan sequence=nan
[v4_derived_hard_reduction_hybrid gpu5] [plan iscas99__b21] [plan] step=530 node=N40078 type=control1 derived_hard_reduction_hybrid_pred=nan sequence=nan
[v4_derived_hard_reduction_hybrid gpu5] [plan iscas99__b21] [plan] step=531 node=__buf_split_20105 type=observe derived_hard_reduction_hybrid_pred=nan sequence=nan
[v4_derived_hard_reduction_hybrid gpu5] [plan iscas99__b21] [plan] step=532 node=N41141 type=control0 derived_hard_reduction_hybrid_pred=nan sequence=nan
[v4_derived_hard_reduction_hybrid gpu5] [plan iscas99__b21] [plan] step=533 node=N41141 type=control1 derived_hard_reduction_hybrid_pred=nan sequence=nan
[v4_derived_hard_reduction_hybrid gpu5] [plan iscas99__b21] [plan] step=534 node=__buf_split_20108 type=observe derived_hard_reduction_hybrid_pred=nan sequence=nan
[v4_derived_hard_reduction_hybrid gpu5] [plan iscas99__b21] [plan] step=535 node=N41136 type=control0 derived_hard_reduction_hybrid_pred=nan sequence=nan
[v4_derived_hard_reduction_hybrid gpu5] [plan iscas99__b21] [plan] step=536 node=N41136 type=control1 derived_hard_reduction_hybrid_pred=nan sequence=nan
[v4_derived_hard_reduction_hybrid gpu5] [plan iscas99__b21] [plan] step=537 node=N41093 type=control0 derived_hard_reduction_hybrid_pred=nan sequence=nan
[v4_derived_hard_reduction_hybrid gpu5] [plan iscas99__b21] [plan] step=538 node=N41093 type=control1 derived_hard_reduction_hybrid_pred=nan sequence=nan
[v4_derived_hard_reduction_hybrid gpu5] [plan iscas99__b21] [plan] step=539 node=N41102 type=control0 derived_hard_reduction_hybrid_pred=nan sequence=nan
[v4_derived_hard_reduction_hybrid gpu5] [plan iscas99__b21] [plan] step=540 node=N41102 type=control1 derived_hard_reduction_hybrid_pred=nan sequence=nan
[v4_derived_hard_reduction_hybrid gpu5] [plan iscas99__b21] [plan] step=541 node=N41110 type=control0 derived_hard_reduction_hybrid_pred=nan sequence=nan
[v4_derived_hard_reduction_hybrid gpu5] [plan iscas99__b21] [plan] step=542 node=N41110 type=control1 derived_hard_reduction_hybrid_pred=nan sequence=nan
[v4_derived_hard_reduction_hybrid gpu5] [plan iscas99__b21] [plan] step=543 node=N41117 type=control0 derived_hard_reduction_hybrid_pred=nan sequence=nan
[v4_derived_hard_reduction_hybrid gpu5] [plan iscas99__b21] [plan] step=544 node=N41117 type=control1 derived_hard_reduction_hybrid_pred=nan sequence=nan
[v4_derived_hard_reduction_hybrid gpu5] [plan iscas99__b21] [plan] step=545 node=N41124 type=control0 derived_hard_reduction_hybrid_pred=nan sequence=nan
[v4_derived_hard_reduction_hybrid gpu5] [plan iscas99__b21] [plan] step=546 node=N41124 type=control1 derived_hard_reduction_hybrid_pred=nan sequence=nan
[v4_derived_hard_reduction_hybrid gpu5] [plan iscas99__b21] [plan] step=547 node=N41130 type=control0 derived_hard_reduction_hybrid_pred=nan sequence=nan
[v4_derived_hard_reduction_hybrid gpu5] [plan iscas99__b21] [plan] step=548 node=N41130 type=control1 derived_hard_reduction_hybrid_pred=nan sequence=nan
[v4_derived_hard_reduction_hybrid gpu5] [plan iscas99__b21] [plan] step=549 node=N39969 type=control0 derived_hard_reduction_hybrid_pred=nan sequence=nan
[v4_derived_hard_reduction_hybrid gpu5] [plan iscas99__b21] [plan] step=550 node=N39969 type=control1 derived_hard_reduction_hybrid_pred=nan sequence=nan
[v4_derived_hard_reduction_hybrid gpu5] [plan iscas99__b21] [plan] step=551 node=N39986 type=control0 derived_hard_reduction_hybrid_pred=nan sequence=nan
[v4_derived_hard_reduction_hybrid gpu5] [plan iscas99__b21] [plan] step=552 node=N39986 type=control1 derived_hard_reduction_hybrid_pred=nan sequence=nan
[v4_derived_hard_reduction_hybrid gpu5] [plan iscas99__b21] [plan] step=553 node=N40002 type=control0 derived_hard_reduction_hybrid_pred=nan sequence=nan
[v4_derived_hard_reduction_hybrid gpu5] [plan iscas99__b21] [plan] step=554 node=N40002 type=control1 derived_hard_reduction_hybrid_pred=nan sequence=nan
[v4_derived_hard_reduction_hybrid gpu5] [plan iscas99__b21] [plan] step=555 node=N40017 type=control0 derived_hard_reduction_hybrid_pred=nan sequence=nan
[v4_derived_hard_reduction_hybrid gpu5] [plan iscas99__b21] [plan] step=556 node=N40017 type=control1 derived_hard_reduction_hybrid_pred=nan sequence=nan
[v4_derived_hard_reduction_hybrid gpu5] [plan iscas99__b21] [plan] step=557 node=N40031 type=control0 derived_hard_reduction_hybrid_pred=nan sequence=nan
[v4_derived_hard_reduction_hybrid gpu5] [plan iscas99__b21] [plan] step=558 node=N40031 type=control1 derived_hard_reduction_hybrid_pred=nan sequence=nan
[v4_derived_hard_reduction_hybrid gpu5] [plan iscas99__b21] [plan] step=559 node=N40045 type=control0 derived_hard_reduction_hybrid_pred=nan sequence=nan
[v4_derived_hard_reduction_hybrid gpu5] [plan iscas99__b21] [plan] step=560 node=N40045 type=control1 derived_hard_reduction_hybrid_pred=nan sequence=nan
[v4_derived_hard_reduction_hybrid gpu5] [plan iscas99__b21] [plan] step=561 node=__buf_split_20090 type=observe derived_hard_reduction_hybrid_pred=nan sequence=nan
[v4_derived_hard_reduction_hybrid gpu5] [plan iscas99__b21] [plan] step=562 node=__buf_split_20111 type=observe derived_hard_reduction_hybrid_pred=nan sequence=nan
[v4_derived_hard_reduction_hybrid gpu5] [plan iscas99__b21] [plan] step=563 node=N41123 type=control0 derived_hard_reduction_hybrid_pred=nan sequence=nan
[v4_derived_hard_reduction_hybrid gpu5] [plan iscas99__b21] [plan] step=564 node=N41123 type=control1 derived_hard_reduction_hybrid_pred=nan sequence=nan
[v4_derived_hard_reduction_hybrid gpu5] [plan iscas99__b21] [plan] step=565 node=N40032 type=control0 derived_hard_reduction_hybrid_pred=nan sequence=nan
[v4_derived_hard_reduction_hybrid gpu5] [plan iscas99__b21] [plan] step=566 node=N40032 type=control1 derived_hard_reduction_hybrid_pred=nan sequence=nan
[v4_derived_hard_reduction_hybrid gpu5] [plan iscas99__b21] [plan] step=567 node=__buf_split_20097 type=observe derived_hard_reduction_hybrid_pred=nan sequence=nan
[v4_derived_hard_reduction_hybrid gpu5] [plan iscas99__b21] [plan] step=568 node=__buf_split_20100 type=observe derived_hard_reduction_hybrid_pred=nan sequence=nan
[v4_derived_hard_reduction_hybrid gpu5] [plan iscas99__b21] [plan] step=569 node=N49268 type=observe derived_hard_reduction_hybrid_pred=nan sequence=nan
[v4_derived_hard_reduction_hybrid gpu5] [plan iscas99__b21] [plan] step=570 node=N41095 type=control0 derived_hard_reduction_hybrid_pred=nan sequence=nan
[v4_derived_hard_reduction_hybrid gpu5] [plan iscas99__b21] [plan] step=571 node=N41095 type=control1 derived_hard_reduction_hybrid_pred=nan sequence=nan
[v4_derived_hard_reduction_hybrid gpu5] [plan iscas99__b21] [plan] step=572 node=N41094 type=control0 derived_hard_reduction_hybrid_pred=nan sequence=nan
[v4_derived_hard_reduction_hybrid gpu5] [plan iscas99__b21] [plan] step=573 node=N41094 type=control1 derived_hard_reduction_hybrid_pred=nan sequence=nan
[v4_derived_hard_reduction_hybrid gpu5] [plan iscas99__b21] [plan] step=574 node=N41103 type=control0 derived_hard_reduction_hybrid_pred=nan sequence=nan
[v4_derived_hard_reduction_hybrid gpu5] [plan iscas99__b21] [plan] step=575 node=N41103 type=control1 derived_hard_reduction_hybrid_pred=nan sequence=nan
[v4_derived_hard_reduction_hybrid gpu5] [plan iscas99__b21] [plan] step=576 node=N39970 type=control0 derived_hard_reduction_hybrid_pred=nan sequence=nan
[v4_derived_hard_reduction_hybrid gpu5] [plan iscas99__b21] [plan] step=577 node=N39970 type=control1 derived_hard_reduction_hybrid_pred=nan sequence=nan
[v4_derived_hard_reduction_hybrid gpu5] [plan iscas99__b21] [plan] step=578 node=N41082 type=control0 derived_hard_reduction_hybrid_pred=nan sequence=nan
[v4_derived_hard_reduction_hybrid gpu5] [plan iscas99__b21] [plan] step=579 node=N41082 type=control1 derived_hard_reduction_hybrid_pred=nan sequence=nan
[v4_derived_hard_reduction_hybrid gpu5] [plan iscas99__b21] [plan] step=580 node=N41088 type=control0 derived_hard_reduction_hybrid_pred=nan sequence=nan
[v4_derived_hard_reduction_hybrid gpu5] [plan iscas99__b21] [plan] step=581 node=N41088 type=control1 derived_hard_reduction_hybrid_pred=nan sequence=nan
[v4_derived_hard_reduction_hybrid gpu5] [plan iscas99__b21] [plan] step=582 node=N39936 type=control0 derived_hard_reduction_hybrid_pred=nan sequence=nan
[v4_derived_hard_reduction_hybrid gpu5] [plan iscas99__b21] [plan] step=583 node=N39936 type=control1 derived_hard_reduction_hybrid_pred=nan sequence=nan
[v4_derived_hard_reduction_hybrid gpu5] [plan iscas99__b21] [plan] step=584 node=N41069 type=control0 derived_hard_reduction_hybrid_pred=nan sequence=nan
[v4_derived_hard_reduction_hybrid gpu5] [plan iscas99__b21] [plan] step=585 node=N41069 type=control1 derived_hard_reduction_hybrid_pred=nan sequence=nan
[v4_derived_hard_reduction_hybrid gpu5] [plan iscas99__b21] [plan] step=586 node=N41076 type=control0 derived_hard_reduction_hybrid_pred=nan sequence=nan
[v4_derived_hard_reduction_hybrid gpu5] [plan iscas99__b21] [plan] step=587 node=N41076 type=control1 derived_hard_reduction_hybrid_pred=nan sequence=nan
[v4_derived_hard_reduction_hybrid gpu5] [plan iscas99__b21] [plan] step=588 node=N41070 type=control0 derived_hard_reduction_hybrid_pred=nan sequence=nan
[v4_derived_hard_reduction_hybrid gpu5] [plan iscas99__b21] [plan] step=589 node=N41070 type=control1 derived_hard_reduction_hybrid_pred=nan sequence=nan
[v4_derived_hard_reduction_hybrid gpu5] [plan iscas99__b21] [plan] step=590 node=N39901 type=control0 derived_hard_reduction_hybrid_pred=nan sequence=nan
[v4_derived_hard_reduction_hybrid gpu5] [plan iscas99__b21] [plan] step=591 node=N39901 type=control1 derived_hard_reduction_hybrid_pred=nan sequence=nan
[v4_derived_hard_reduction_hybrid gpu5] [plan iscas99__b21] [plan] step=592 node=N39919 type=control0 derived_hard_reduction_hybrid_pred=nan sequence=nan
[v4_derived_hard_reduction_hybrid gpu5] [plan iscas99__b21] [plan] step=593 node=N39919 type=control1 derived_hard_reduction_hybrid_pred=nan sequence=nan
[v4_derived_hard_reduction_hybrid gpu5] [plan iscas99__b21] [plan] step=594 node=N22409 type=observe derived_hard_reduction_hybrid_pred=nan sequence=nan
[v4_derived_hard_reduction_hybrid gpu5] [plan iscas99__b21] [plan] step=595 node=N22412 type=observe derived_hard_reduction_hybrid_pred=nan sequence=nan
[v4_derived_hard_reduction_hybrid gpu5] [plan iscas99__b21] [plan] step=596 node=N22415 type=observe derived_hard_reduction_hybrid_pred=nan sequence=nan
[v4_derived_hard_reduction_hybrid gpu5] [plan iscas99__b21] [plan] step=597 node=N22418 type=observe derived_hard_reduction_hybrid_pred=nan sequence=nan
[v4_derived_hard_reduction_hybrid gpu5] [plan iscas99__b21] [plan] step=598 node=N22422 type=observe derived_hard_reduction_hybrid_pred=nan sequence=nan
[v4_derived_hard_reduction_hybrid gpu5] [plan iscas99__b21] [plan] step=599 node=N22425 type=observe derived_hard_reduction_hybrid_pred=nan sequence=nan
[v4_derived_hard_reduction_hybrid gpu5] [plan iscas99__b21] [plan] step=600 node=N22428 type=observe derived_hard_reduction_hybrid_pred=nan sequence=nan
[v4_derived_hard_reduction_hybrid gpu5] [plan iscas99__b21] [plan] step=601 node=N22431 type=observe derived_hard_reduction_hybrid_pred=nan sequence=nan
[v4_derived_hard_reduction_hybrid gpu5] [plan iscas99__b21] [plan] step=602 node=N49295 type=observe derived_hard_reduction_hybrid_pred=nan sequence=nan
[v4_derived_hard_reduction_hybrid gpu5] [plan iscas99__b21] [plan] step=603 node=N49298 type=observe derived_hard_reduction_hybrid_pred=nan sequence=nan
[v4_derived_hard_reduction_hybrid gpu5] [plan iscas99__b21] [plan] step=604 node=N49280 type=observe derived_hard_reduction_hybrid_pred=nan sequence=nan
[v4_derived_hard_reduction_hybrid gpu5] [plan iscas99__b21] [plan] step=605 node=N49301 type=observe derived_hard_reduction_hybrid_pred=nan sequence=nan
[v4_derived_hard_reduction_hybrid gpu5] [plan iscas99__b21] [plan] step=606 node=N49296 type=observe derived_hard_reduction_hybrid_pred=nan sequence=nan
[v4_derived_hard_reduction_hybrid gpu5] [plan iscas99__b21] [plan] step=607 node=N49277 type=observe derived_hard_reduction_hybrid_pred=nan sequence=nan
[v4_derived_hard_reduction_hybrid gpu5] [plan iscas99__b21] [plan] step=608 node=N49299 type=observe derived_hard_reduction_hybrid_pred=nan sequence=nan
[v4_derived_hard_reduction_hybrid gpu5] [plan iscas99__b21] [plan] step=609 node=N22460 type=observe derived_hard_reduction_hybrid_pred=nan sequence=nan
[v4_derived_hard_reduction_hybrid gpu5] [plan iscas99__b21] [plan] step=610 node=N22463 type=observe derived_hard_reduction_hybrid_pred=nan sequence=nan
[v4_derived_hard_reduction_hybrid gpu5] [plan iscas99__b21] [plan] step=611 node=N22465 type=observe derived_hard_reduction_hybrid_pred=nan sequence=nan
[v4_derived_hard_reduction_hybrid gpu5] [plan iscas99__b21] [plan] step=612 node=N22468 type=observe derived_hard_reduction_hybrid_pred=nan sequence=nan
[v4_derived_hard_reduction_hybrid gpu5] [plan iscas99__b21] [plan] step=613 node=N22472 type=observe derived_hard_reduction_hybrid_pred=nan sequence=nan
[v4_derived_hard_reduction_hybrid gpu5] [plan iscas99__b21] [plan] step=614 node=N22475 type=observe derived_hard_reduction_hybrid_pred=nan sequence=nan
[v4_derived_hard_reduction_hybrid gpu5] [plan iscas99__b21] [plan] step=615 node=N22477 type=observe derived_hard_reduction_hybrid_pred=nan sequence=nan
[v4_derived_hard_reduction_hybrid gpu5] [plan iscas99__b21] [plan] step=616 node=N22480 type=observe derived_hard_reduction_hybrid_pred=nan sequence=nan
[v4_derived_hard_reduction_hybrid gpu5] [plan iscas99__b21] [plan] step=617 node=__buf_split_20103 type=observe derived_hard_reduction_hybrid_pred=nan sequence=nan
[v4_derived_hard_reduction_hybrid gpu5] [plan iscas99__b21] [plan] step=618 node=N49281 type=observe derived_hard_reduction_hybrid_pred=nan sequence=nan
[v4_derived_hard_reduction_hybrid gpu5] [plan iscas99__b21] [plan] step=619 node=N49302 type=observe derived_hard_reduction_hybrid_pred=nan sequence=nan
[v4_derived_hard_reduction_hybrid gpu5] [plan iscas99__b21] [plan] step=620 node=N4942 type=control1 derived_hard_reduction_hybrid_pred=nan sequence=nan
[v4_derived_hard_reduction_hybrid gpu5] [plan iscas99__b21] [plan] step=621 node=N22435 type=observe derived_hard_reduction_hybrid_pred=nan sequence=nan
[v4_derived_hard_reduction_hybrid gpu5] [plan iscas99__b21] [plan] step=622 node=N22438 type=observe derived_hard_reduction_hybrid_pred=nan sequence=nan
[v4_derived_hard_reduction_hybrid gpu5] [plan iscas99__b21] [plan] step=623 node=N22441 type=observe derived_hard_reduction_hybrid_pred=nan sequence=nan
[v4_derived_hard_reduction_hybrid gpu5] [plan iscas99__b21] [plan] step=624 node=N22444 type=observe derived_hard_reduction_hybrid_pred=nan sequence=nan
[v4_derived_hard_reduction_hybrid gpu5] [plan iscas99__b21] [plan] step=625 node=N22448 type=observe derived_hard_reduction_hybrid_pred=nan sequence=nan
[v4_derived_hard_reduction_hybrid gpu5] [plan iscas99__b21] [plan] step=626 node=N22451 type=observe derived_hard_reduction_hybrid_pred=nan sequence=nan
[v4_derived_hard_reduction_hybrid gpu5] [plan iscas99__b21] [plan] step=627 node=N22453 type=observe derived_hard_reduction_hybrid_pred=nan sequence=nan
[v4_derived_hard_reduction_hybrid gpu5] [plan iscas99__b21] [plan] step=628 node=N22456 type=observe derived_hard_reduction_hybrid_pred=nan sequence=nan
[v4_derived_hard_reduction_hybrid gpu5] [plan iscas99__b21] saved=autoresearch/improve-260704-1035/b21_world_rerank_hard_scores/v4_derived_hard_reduction_hybrid/plans/iscas99__b21__greedy__cumulative__derived_hard_reduction_hybrid_pred__bw1__d1__c96__g1p0__candheuristic_recall_pool__div0p0__s0.csv
[v4_derived_hard_reduction_hybrid gpu5] [gmean] 2026-07-04T16:54:59 [1/1] plan_done benchmark=iscas99__b21 plan_sec=2237.293 plan_csv=autoresearch/improve-260704-1035/b21_world_rerank_hard_scores/v4_derived_hard_reduction_hybrid/plans/iscas99__b21__greedy__cumulative__derived_hard_reduction_hybrid_pred__bw1__d1__c96__g1p0__candheuristic_recall_pool__div0p0__s0.csv
[v4_derived_hard_reduction_hybrid gpu5] [gmean] 2026-07-04T16:54:59 [1/1] eval_start benchmark=iscas99__b21 backend=atalanta-bist patterns=300000
[v4_derived_hard_reduction_hybrid gpu5] [eval iscas99__b21] {
[v4_derived_hard_reduction_hybrid gpu5] [eval iscas99__b21]   "records": 2,
[v4_derived_hard_reduction_hybrid gpu5] [eval iscas99__b21]   "labels_csv": "autoresearch/improve-260704-1035/b21_world_rerank_hard_scores/v4_derived_hard_reduction_hybrid/evals/iscas99__b21__greedy__cumulative__derived_hard_reduction_hybrid_pred__bw1__d1__c96__g1p0__candheuristic_recall_pool__div0p0__s0/labels.csv",
[v4_derived_hard_reduction_hybrid gpu5] [eval iscas99__b21]   "summary_json": "autoresearch/improve-260704-1035/b21_world_rerank_hard_scores/v4_derived_hard_reduction_hybrid/evals/iscas99__b21__greedy__cumulative__derived_hard_reduction_hybrid_pred__bw1__d1__c96__g1p0__candheuristic_recall_pool__div0p0__s0/summary.json"
[v4_derived_hard_reduction_hybrid gpu5] [eval iscas99__b21] }
[v4_derived_hard_reduction_hybrid gpu5] [gmean] 2026-07-04T16:55:18 [1/1] eval_done benchmark=iscas99__b21 delta_tc=0.008569999999999967 plan_sec=2237.293 eval_sec=18.579 total_sec=2255.889
[v4_derived_hard_reduction_hybrid gpu5] [gmean] 2026-07-04T16:55:18 variant_done id=greedy__cumulative__derived_hard_reduction_hybrid_pred__bw1__d1__c96__g1p0__candheuristic_recall_pool__div0p0__s0 status=ok macro=0.008569999999999967 positives=1 negatives=0 elapsed=2255.889
[v4_derived_hard_reduction_hybrid gpu5] [2026-07-04T16:55:18+08:00] done name=v4_derived_hard_reduction_hybrid
