[typed-five-r3/b22_C] [gmean] 2026-07-21T11:09:27 out_dir=autoresearch/loop-260720-0945/typed_winner_round6_adaptive_five/b22_C
[typed-five-r3/b22_C] [gmean] 2026-07-21T11:09:27 budgets=iscas99__b22:915
[typed-five-r3/b22_C] [gmean] 2026-07-21T11:09:27 variant_start id=greedy__cumulative__q_typed_reliable_context__bw1__d1__c64__g1p0__candhard_fault_cluster__div0p0__s0
[typed-five-r3/b22_C] [gmean] 2026-07-21T11:09:27 [1/1] plan_start benchmark=iscas99__b22 budget=915 planner=greedy score=q_typed_reliable_context
[typed-five-r3/b22_C] [plan iscas99__b22] [plan] torch_deterministic=true
[typed-five-r3/b22_C] [plan iscas99__b22] [plan] candidate_allowlist=autoresearch/original-netlist-recovery-260712/exact_itc99/b22_C/exact_candidate_nodes.txt nodes=28412
[typed-five-r3/b22_C] [plan iscas99__b22] [plan] latent_norm_clip_ratio=4 latent_norm_limit=30.953114
[typed-five-r3/b22_C] [plan iscas99__b22] [plan] step=1 node=N1180 type=control1 q_typed_reliable_context=2.740055 sequence=2.740055
[typed-five-r3/b22_C] [plan iscas99__b22] [plan] step=2 node=N2076 type=observe q_typed_reliable_context=2.020780 sequence=4.760835
[typed-five-r3/b22_C] [plan iscas99__b22] [plan] step=3 node=N2080 type=observe q_typed_reliable_context=2.392686 sequence=7.153521
[typed-five-r3/b22_C] [plan iscas99__b22] [plan] step=4 node=N2075 type=observe q_typed_reliable_context=1.969061 sequence=9.122582
[typed-five-r3/b22_C] [plan iscas99__b22] [plan] step=5 node=N2078 type=observe q_typed_reliable_context=1.645571 sequence=10.768153
[typed-five-r3/b22_C] [plan iscas99__b22] [plan] step=6 node=N2079 type=observe q_typed_reliable_context=1.472112 sequence=12.240265
[typed-five-r3/b22_C] [plan iscas99__b22] [plan] step=7 node=N2081 type=observe q_typed_reliable_context=1.562866 sequence=13.803131
[typed-five-r3/b22_C] [plan iscas99__b22] [plan] step=8 node=N2077 type=observe q_typed_reliable_context=1.228048 sequence=15.031179
[typed-five-r3/b22_C] [plan iscas99__b22] [plan] step=9 node=N3861 type=control0 q_typed_reliable_context=0.772744 sequence=15.803922
[typed-five-r3/b22_C] [plan iscas99__b22] [plan] step=10 node=N5343 type=control0 q_typed_reliable_context=0.926517 sequence=16.730439
[typed-five-r3/b22_C] [plan iscas99__b22] [plan] step=11 node=N3076 type=control0 q_typed_reliable_context=1.189842 sequence=17.920281
[typed-five-r3/b22_C] [plan iscas99__b22] [plan] step=12 node=N6279 type=control0 q_typed_reliable_context=1.278896 sequence=19.199177
[typed-five-r3/b22_C] [plan iscas99__b22] [plan] step=13 node=N3865 type=control0 q_typed_reliable_context=1.259049 sequence=20.458226
[typed-five-r3/b22_C] [plan iscas99__b22] [plan] step=14 node=N4430 type=control0 q_typed_reliable_context=1.600865 sequence=22.059091
[typed-five-r3/b22_C] [plan iscas99__b22] [plan] step=15 node=N3910 type=control1 q_typed_reliable_context=1.072240 sequence=23.131331
[typed-five-r3/b22_C] [plan iscas99__b22] [plan] step=16 node=N3898 type=control0 q_typed_reliable_context=1.310352 sequence=24.441683
[typed-five-r3/b22_C] [plan iscas99__b22] [plan] step=17 node=N3894 type=control0 q_typed_reliable_context=1.677624 sequence=26.119307
[typed-five-r3/b22_C] [plan iscas99__b22] [plan] step=18 node=N1253 type=observe q_typed_reliable_context=1.541905 sequence=27.661212
[typed-five-r3/b22_C] [plan iscas99__b22] [plan] step=19 node=N3819 type=control0 q_typed_reliable_context=1.650927 sequence=29.312138
[typed-five-r3/b22_C] [plan iscas99__b22] [plan] step=20 node=N3890 type=control0 q_typed_reliable_context=1.233053 sequence=30.545191
[typed-five-r3/b22_C] [plan iscas99__b22] [plan] step=21 node=N3886 type=control0 q_typed_reliable_context=1.181814 sequence=31.727005
[typed-five-r3/b22_C] [plan iscas99__b22] [plan] step=22 node=N3715 type=control0 q_typed_reliable_context=1.351491 sequence=33.078496
[typed-five-r3/b22_C] [plan iscas99__b22] [plan] step=23 node=N2092 type=observe q_typed_reliable_context=1.117653 sequence=34.196149
[typed-five-r3/b22_C] [plan iscas99__b22] [plan] step=24 node=N3849 type=control0 q_typed_reliable_context=1.258062 sequence=35.454211
[typed-five-r3/b22_C] [plan iscas99__b22] [plan] step=25 node=N3853 type=control0 q_typed_reliable_context=1.154347 sequence=36.608558
[typed-five-r3/b22_C] [plan iscas99__b22] [plan] step=26 node=N3736 type=control0 q_typed_reliable_context=1.155635 sequence=37.764194
[typed-five-r3/b22_C] [plan iscas99__b22] [plan] step=27 node=N3739 type=control0 q_typed_reliable_context=1.165245 sequence=38.929439
[typed-five-r3/b22_C] [plan iscas99__b22] [plan] step=28 node=N7064 type=control0 q_typed_reliable_context=1.010684 sequence=39.940123
[typed-five-r3/b22_C] [plan iscas99__b22] [plan] step=29 node=N1169 type=observe q_typed_reliable_context=0.945090 sequence=40.885213
[typed-five-r3/b22_C] [plan iscas99__b22] [plan] step=30 node=N2104 type=observe q_typed_reliable_context=0.891611 sequence=41.776824
[typed-five-r3/b22_C] [plan iscas99__b22] [plan] step=31 node=N6887 type=control0 q_typed_reliable_context=1.243190 sequence=43.020014
[typed-five-r3/b22_C] [plan iscas99__b22] [plan] step=32 node=N6907 type=control0 q_typed_reliable_context=1.254399 sequence=44.274413
[typed-five-r3/b22_C] [plan iscas99__b22] [plan] step=33 node=N7010 type=control0 q_typed_reliable_context=1.585931 sequence=45.860344
[typed-five-r3/b22_C] [plan iscas99__b22] [plan] step=34 node=N7022 type=control0 q_typed_reliable_context=1.112083 sequence=46.972427
[typed-five-r3/b22_C] [plan iscas99__b22] [plan] step=35 node=N7025 type=control0 q_typed_reliable_context=1.288154 sequence=48.260581
[typed-five-r3/b22_C] [plan iscas99__b22] [plan] step=36 node=N7028 type=control0 q_typed_reliable_context=1.361479 sequence=49.622060
[typed-five-r3/b22_C] [plan iscas99__b22] [plan] step=37 node=N6964 type=control0 q_typed_reliable_context=1.451973 sequence=51.074033
[typed-five-r3/b22_C] [plan iscas99__b22] [plan] step=38 node=N6967 type=control0 q_typed_reliable_context=1.629281 sequence=52.703314
[typed-five-r3/b22_C] [plan iscas99__b22] [plan] step=39 node=N7031 type=control0 q_typed_reliable_context=1.251024 sequence=53.954338
[typed-five-r3/b22_C] [plan iscas99__b22] [plan] step=40 node=N7034 type=control0 q_typed_reliable_context=1.368850 sequence=55.323188
[typed-five-r3/b22_C] [plan iscas99__b22] [plan] step=41 node=N2103 type=control1 q_typed_reliable_context=1.870185 sequence=57.193373
[typed-five-r3/b22_C] [plan iscas99__b22] [plan] step=42 node=N7037 type=control0 q_typed_reliable_context=3.569596 sequence=60.762968
[typed-five-r3/b22_C] [plan iscas99__b22] [plan] step=43 node=N6885 type=control0 q_typed_reliable_context=2.255427 sequence=63.018396
[typed-five-r3/b22_C] [plan iscas99__b22] [plan] step=44 node=N7040 type=control0 q_typed_reliable_context=1.657380 sequence=64.675776
[typed-five-r3/b22_C] [plan iscas99__b22] [plan] step=45 node=N7046 type=control0 q_typed_reliable_context=1.096586 sequence=65.772361
[typed-five-r3/b22_C] [plan iscas99__b22] [plan] step=46 node=N1254 type=observe q_typed_reliable_context=2.270310 sequence=68.042671
[typed-five-r3/b22_C] [plan iscas99__b22] [plan] step=47 node=N7043 type=control0 q_typed_reliable_context=4.859862 sequence=72.902533
[typed-five-r3/b22_C] [plan iscas99__b22] [plan] step=48 node=N7055 type=control0 q_typed_reliable_context=3.604292 sequence=76.506825
[typed-five-r3/b22_C] [plan iscas99__b22] [plan] step=49 node=N4542 type=control0 q_typed_reliable_context=1.792172 sequence=78.298997
[typed-five-r3/b22_C] [plan iscas99__b22] [plan] step=50 node=N5219 type=control1 q_typed_reliable_context=2.474069 sequence=80.773066
[typed-five-r3/b22_C] [plan iscas99__b22] [plan] step=51 node=N7049 type=control0 q_typed_reliable_context=2.064062 sequence=82.837128
[typed-five-r3/b22_C] [plan iscas99__b22] [plan] step=52 node=N1252 type=observe q_typed_reliable_context=0.999756 sequence=83.836884
[typed-five-r3/b22_C] [plan iscas99__b22] [plan] step=53 node=N5271 type=observe q_typed_reliable_context=0.824915 sequence=84.661799
[typed-five-r3/b22_C] [plan iscas99__b22] [plan] step=54 node=N6973 type=control0 q_typed_reliable_context=2.174217 sequence=86.836016
[typed-five-r3/b22_C] [plan iscas99__b22] [plan] step=55 node=N6970 type=control0 q_typed_reliable_context=1.585258 sequence=88.421274
[typed-five-r3/b22_C] [plan iscas99__b22] [plan] step=56 node=N6979 type=control0 q_typed_reliable_context=2.381122 sequence=90.802396
[typed-five-r3/b22_C] [plan iscas99__b22] [plan] step=57 node=N7051 type=control0 q_typed_reliable_context=1.886508 sequence=92.688905
[typed-five-r3/b22_C] [plan iscas99__b22] [plan] step=58 node=N7019 type=control0 q_typed_reliable_context=2.987725 sequence=95.676629
[typed-five-r3/b22_C] [plan iscas99__b22] [plan] step=59 node=N2100 type=observe q_typed_reliable_context=2.151494 sequence=97.828123
[typed-five-r3/b22_C] [plan iscas99__b22] [plan] step=60 node=N4540 type=observe q_typed_reliable_context=1.273202 sequence=99.101325
[typed-five-r3/b22_C] [plan iscas99__b22] [plan] step=61 node=N2101 type=observe q_typed_reliable_context=1.306226 sequence=100.407551
[typed-five-r3/b22_C] [plan iscas99__b22] [plan] step=62 node=N3822 type=control0 q_typed_reliable_context=1.340403 sequence=101.747955
[typed-five-r3/b22_C] [plan iscas99__b22] [plan] step=63 node=N3718 type=control0 q_typed_reliable_context=1.445285 sequence=103.193240
[typed-five-r3/b22_C] [plan iscas99__b22] [plan] step=64 node=N7123 type=control0 q_typed_reliable_context=1.046374 sequence=104.239614
[typed-five-r3/b22_C] [plan iscas99__b22] [plan] step=65 node=N7119 type=control0 q_typed_reliable_context=0.831004 sequence=105.070618
[typed-five-r3/b22_C] [plan iscas99__b22] [plan] step=66 node=N5540 type=observe q_typed_reliable_context=0.884677 sequence=105.955295
[typed-five-r3/b22_C] [plan iscas99__b22] [plan] step=67 node=N6990 type=observe q_typed_reliable_context=0.879399 sequence=106.834694
[typed-five-r3/b22_C] [plan iscas99__b22] [plan] step=68 node=N5519 type=control0 q_typed_reliable_context=0.830373 sequence=107.665066
[typed-five-r3/b22_C] [plan iscas99__b22] [plan] step=69 node=N5499 type=control0 q_typed_reliable_context=0.828802 sequence=108.493869
[typed-five-r3/b22_C] [plan iscas99__b22] [plan] step=70 node=N5564 type=observe q_typed_reliable_context=0.754683 sequence=109.248552
[typed-five-r3/b22_C] [plan iscas99__b22] [plan] step=71 node=N2296 type=control0 q_typed_reliable_context=1.071848 sequence=110.320400
[typed-five-r3/b22_C] [plan iscas99__b22] [plan] step=72 node=N3980 type=control0 q_typed_reliable_context=0.835401 sequence=111.155801
[typed-five-r3/b22_C] [plan iscas99__b22] [plan] step=73 node=N3836 type=observe q_typed_reliable_context=1.022033 sequence=112.177834
[typed-five-r3/b22_C] [plan iscas99__b22] [plan] step=74 node=N3976 type=control0 q_typed_reliable_context=1.081736 sequence=113.259569
[typed-five-r3/b22_C] [plan iscas99__b22] [plan] step=75 node=N4525 type=control0 q_typed_reliable_context=1.353598 sequence=114.613168
[typed-five-r3/b22_C] [plan iscas99__b22] [plan] step=76 node=N1592 type=control0 q_typed_reliable_context=3.784216 sequence=118.397384
[typed-five-r3/b22_C] [plan iscas99__b22] [plan] step=77 node=N1989 type=control1 q_typed_reliable_context=1.318914 sequence=119.716298
[typed-five-r3/b22_C] [plan iscas99__b22] [plan] step=78 node=N18387 type=control1 q_typed_reliable_context=1.218186 sequence=120.934484
[typed-five-r3/b22_C] [plan iscas99__b22] [plan] step=79 node=N6993 type=observe q_typed_reliable_context=1.132267 sequence=122.066751
[typed-five-r3/b22_C] [plan iscas99__b22] [plan] step=80 node=N5602 type=observe q_typed_reliable_context=1.000578 sequence=123.067329
[typed-five-r3/b22_C] [plan iscas99__b22] [plan] step=81 node=N5697 type=observe q_typed_reliable_context=1.035359 sequence=124.102688
[typed-five-r3/b22_C] [plan iscas99__b22] [plan] step=82 node=N7014 type=observe q_typed_reliable_context=1.441123 sequence=125.543810
[typed-five-r3/b22_C] [plan iscas99__b22] [plan] step=83 node=N3937 type=control0 q_typed_reliable_context=1.502958 sequence=127.046768
[typed-five-r3/b22_C] [plan iscas99__b22] [plan] step=84 node=N7002 type=observe q_typed_reliable_context=1.569821 sequence=128.616589
[typed-five-r3/b22_C] [plan iscas99__b22] [plan] step=85 node=N7005 type=observe q_typed_reliable_context=0.975268 sequence=129.591857
[typed-five-r3/b22_C] [plan iscas99__b22] [plan] step=86 node=N3881 type=control0 q_typed_reliable_context=1.422116 sequence=131.013973
[typed-five-r3/b22_C] [plan iscas99__b22] [plan] step=87 node=N6996 type=observe q_typed_reliable_context=1.334670 sequence=132.348643
[typed-five-r3/b22_C] [plan iscas99__b22] [plan] step=88 node=N6272 type=control0 q_typed_reliable_context=1.360939 sequence=133.709582
[typed-five-r3/b22_C] [plan iscas99__b22] [plan] step=89 node=N5220 type=control1 q_typed_reliable_context=1.350539 sequence=135.060120
[typed-five-r3/b22_C] [plan iscas99__b22] [plan] step=90 node=N3877 type=control0 q_typed_reliable_context=0.902142 sequence=135.962262
[typed-five-r3/b22_C] [plan iscas99__b22] [plan] step=91 node=N3289 type=control0 q_typed_reliable_context=1.241043 sequence=137.203305
[typed-five-r3/b22_C] [plan iscas99__b22] [plan] step=92 node=N3068 type=control0 q_typed_reliable_context=2.119130 sequence=139.322435
[typed-five-r3/b22_C] [plan iscas99__b22] [plan] step=93 node=N18516 type=control1 q_typed_reliable_context=1.773337 sequence=141.095772
[typed-five-r3/b22_C] [plan iscas99__b22] [plan] step=94 node=N1181 type=control1 q_typed_reliable_context=1.706977 sequence=142.802749
[typed-five-r3/b22_C] [plan iscas99__b22] [plan] step=95 node=N3844 type=observe q_typed_reliable_context=1.529135 sequence=144.331884
[typed-five-r3/b22_C] [plan iscas99__b22] [plan] step=96 node=N5216 type=control1 q_typed_reliable_context=0.426136 sequence=144.758019
[typed-five-r3/b22_C] [plan iscas99__b22] [plan] step=97 node=N8335 type=control1 q_typed_reliable_context=2.629713 sequence=147.387732
[typed-five-r3/b22_C] [plan iscas99__b22] [plan] step=98 node=N12773 type=control1 q_typed_reliable_context=3.916774 sequence=151.304506
[typed-five-r3/b22_C] [plan iscas99__b22] [plan] step=99 node=N4995 type=control1 q_typed_reliable_context=5.300427 sequence=156.604933
[typed-five-r3/b22_C] [plan iscas99__b22] [plan] step=100 node=N7008 type=observe q_typed_reliable_context=1.248847 sequence=157.853779
[typed-five-r3/b22_C] [plan iscas99__b22] [plan] step=101 node=N6999 type=observe q_typed_reliable_context=1.651756 sequence=159.505536
[typed-five-r3/b22_C] [plan iscas99__b22] [plan] step=102 node=N19319 type=control1 q_typed_reliable_context=0.908377 sequence=160.413913
[typed-five-r3/b22_C] [plan iscas99__b22] [plan] step=103 node=N19276 type=control0 q_typed_reliable_context=2.934567 sequence=163.348480
[typed-five-r3/b22_C] [plan iscas99__b22] [plan] step=104 node=N3860 type=observe q_typed_reliable_context=3.411637 sequence=166.760117
[typed-five-r3/b22_C] [plan iscas99__b22] [plan] step=105 node=N13039 type=control0 q_typed_reliable_context=1.945076 sequence=168.705193
[typed-five-r3/b22_C] [plan iscas99__b22] [plan] step=106 node=N3848 type=observe q_typed_reliable_context=5.753886 sequence=174.459079
[typed-five-r3/b22_C] [plan iscas99__b22] [plan] step=107 node=N13043 type=control0 q_typed_reliable_context=1.446560 sequence=175.905639
[typed-five-r3/b22_C] [plan iscas99__b22] [plan] step=108 node=N13045 type=control0 q_typed_reliable_context=6.023226 sequence=181.928865
[typed-five-r3/b22_C] [plan iscas99__b22] [plan] step=109 node=N19350 type=control0 q_typed_reliable_context=2.209611 sequence=184.138476
[typed-five-r3/b22_C] [plan iscas99__b22] [plan] step=110 node=N19352 type=control0 q_typed_reliable_context=2.732991 sequence=186.871467
[typed-five-r3/b22_C] [plan iscas99__b22] [plan] step=111 node=N3840 type=observe q_typed_reliable_context=2.424788 sequence=189.296255
[typed-five-r3/b22_C] [plan iscas99__b22] [plan] step=112 node=N2297 type=control1 q_typed_reliable_context=1.441407 sequence=190.737662
[typed-five-r3/b22_C] [plan iscas99__b22] [plan] step=113 node=N19354 type=control0 q_typed_reliable_context=1.557020 sequence=192.294682
[typed-five-r3/b22_C] [plan iscas99__b22] [plan] step=114 node=N19356 type=control0 q_typed_reliable_context=1.699874 sequence=193.994556
[typed-five-r3/b22_C] [plan iscas99__b22] [plan] step=115 node=N5621 type=observe q_typed_reliable_context=1.238741 sequence=195.233297
[typed-five-r3/b22_C] [plan iscas99__b22] [plan] step=116 node=N5583 type=observe q_typed_reliable_context=2.487625 sequence=197.720922
[typed-five-r3/b22_C] [plan iscas99__b22] [plan] step=117 node=N5559 type=observe q_typed_reliable_context=1.499397 sequence=199.220319
[typed-five-r3/b22_C] [plan iscas99__b22] [plan] step=118 node=N7173 type=observe q_typed_reliable_context=1.633680 sequence=200.853999
[typed-five-r3/b22_C] [plan iscas99__b22] [plan] step=119 node=N5887 type=observe q_typed_reliable_context=1.746540 sequence=202.600540
[typed-five-r3/b22_C] [plan iscas99__b22] [plan] step=120 node=N7201 type=observe q_typed_reliable_context=1.833783 sequence=204.434323
[typed-five-r3/b22_C] [plan iscas99__b22] [plan] step=121 node=N7194 type=observe q_typed_reliable_context=1.909643 sequence=206.343966
[typed-five-r3/b22_C] [plan iscas99__b22] [plan] step=122 node=N7250 type=observe q_typed_reliable_context=2.160059 sequence=208.504025
[typed-five-r3/b22_C] [plan iscas99__b22] [plan] step=123 node=N7229 type=observe q_typed_reliable_context=2.460592 sequence=210.964617
[typed-five-r3/b22_C] [plan iscas99__b22] [plan] step=124 node=N5245 type=observe q_typed_reliable_context=3.953792 sequence=214.918410
[typed-five-r3/b22_C] [plan iscas99__b22] [plan] step=125 node=N6039 type=observe q_typed_reliable_context=5.630539 sequence=220.548949
[typed-five-r3/b22_C] [plan iscas99__b22] [plan] step=126 node=N1256 type=observe q_typed_reliable_context=5.377360 sequence=225.926309
[typed-five-r3/b22_C] [plan iscas99__b22] [plan] step=127 node=N19358 type=control0 q_typed_reliable_context=5.981899 sequence=231.908208
[typed-five-r3/b22_C] [plan iscas99__b22] [plan] step=128 node=N1364 type=observe q_typed_reliable_context=3.401805 sequence=235.310013
[typed-five-r3/b22_C] [plan iscas99__b22] [plan] step=129 node=N1258 type=observe q_typed_reliable_context=3.629989 sequence=238.940002
[typed-five-r3/b22_C] [plan iscas99__b22] [plan] step=130 node=N19360 type=control0 q_typed_reliable_context=3.605175 sequence=242.545177
[typed-five-r3/b22_C] [plan iscas99__b22] [plan] step=131 node=N14498 type=observe q_typed_reliable_context=3.118920 sequence=245.664097
[typed-five-r3/b22_C] [plan iscas99__b22] [plan] step=132 node=N19364 type=control0 q_typed_reliable_context=2.290975 sequence=247.955072
[typed-five-r3/b22_C] [plan iscas99__b22] [plan] step=133 node=N13010 type=control0 q_typed_reliable_context=2.690231 sequence=250.645303
[typed-five-r3/b22_C] [plan iscas99__b22] [plan] step=134 node=N13014 type=control0 q_typed_reliable_context=2.326706 sequence=252.972009
[typed-five-r3/b22_C] [plan iscas99__b22] [plan] step=135 node=N7538 type=observe q_typed_reliable_context=1.201394 sequence=254.173402
[typed-five-r3/b22_C] [plan iscas99__b22] [plan] step=136 node=N13016 type=control0 q_typed_reliable_context=2.382370 sequence=256.555773
[typed-five-r3/b22_C] [plan iscas99__b22] [plan] step=137 node=N19321 type=control0 q_typed_reliable_context=2.100115 sequence=258.655888
[typed-five-r3/b22_C] [plan iscas99__b22] [plan] step=138 node=N19325 type=control0 q_typed_reliable_context=2.227782 sequence=260.883670
[typed-five-r3/b22_C] [plan iscas99__b22] [plan] step=139 node=N1255 type=observe q_typed_reliable_context=2.411514 sequence=263.295184
[typed-five-r3/b22_C] [plan iscas99__b22] [plan] step=140 node=N1986 type=observe q_typed_reliable_context=2.134246 sequence=265.429431
[typed-five-r3/b22_C] [plan iscas99__b22] [plan] step=141 node=N1257 type=observe q_typed_reliable_context=2.912711 sequence=268.342142
[typed-five-r3/b22_C] [plan iscas99__b22] [plan] step=142 node=N7541 type=observe q_typed_reliable_context=1.335250 sequence=269.677392
[typed-five-r3/b22_C] [plan iscas99__b22] [plan] step=143 node=N5280 type=observe q_typed_reliable_context=2.453065 sequence=272.130457
[typed-five-r3/b22_C] [plan iscas99__b22] [plan] step=144 node=N7523 type=observe q_typed_reliable_context=3.113176 sequence=275.243633
[typed-five-r3/b22_C] [plan iscas99__b22] [plan] step=145 node=N6115 type=observe q_typed_reliable_context=3.024149 sequence=278.267782
[typed-five-r3/b22_C] [plan iscas99__b22] [plan] step=146 node=N6095 type=observe q_typed_reliable_context=4.890786 sequence=283.158568
[typed-five-r3/b22_C] [plan iscas99__b22] [plan] step=147 node=N19329 type=control0 q_typed_reliable_context=6.093651 sequence=289.252219
[typed-five-r3/b22_C] [plan iscas99__b22] [plan] step=148 node=N6058 type=observe q_typed_reliable_context=4.179583 sequence=293.431802
[typed-five-r3/b22_C] [plan iscas99__b22] [plan] step=149 node=N7017 type=observe q_typed_reliable_context=4.359732 sequence=297.791534
[typed-five-r3/b22_C] [plan iscas99__b22] [plan] step=150 node=N19331 type=control0 q_typed_reliable_context=2.001512 sequence=299.793046
[typed-five-r3/b22_C] [plan iscas99__b22] [plan] step=151 node=N6980 type=observe q_typed_reliable_context=2.606510 sequence=302.399556
[typed-five-r3/b22_C] [plan iscas99__b22] [plan] step=152 node=N19333 type=control0 q_typed_reliable_context=3.533630 sequence=305.933186
[typed-five-r3/b22_C] [plan iscas99__b22] [plan] step=153 node=N5963 type=observe q_typed_reliable_context=1.955524 sequence=307.888710
[typed-five-r3/b22_C] [plan iscas99__b22] [plan] step=154 node=N3856 type=observe q_typed_reliable_context=2.982505 sequence=310.871215
[typed-five-r3/b22_C] [plan iscas99__b22] [plan] step=155 node=N19327 type=control0 q_typed_reliable_context=2.474453 sequence=313.345668
[typed-five-r3/b22_C] [plan iscas99__b22] [plan] step=156 node=N6985 type=observe q_typed_reliable_context=2.304825 sequence=315.650493
[typed-five-r3/b22_C] [plan iscas99__b22] [plan] step=157 node=N26410 type=control1 q_typed_reliable_context=3.282667 sequence=318.933160
[typed-five-r3/b22_C] [plan iscas99__b22] [plan] step=158 node=N2033 type=observe q_typed_reliable_context=3.142512 sequence=322.075673
[typed-five-r3/b22_C] [plan iscas99__b22] [plan] step=159 node=N10497 type=control0 q_typed_reliable_context=2.417589 sequence=324.493262
[typed-five-r3/b22_C] [plan iscas99__b22] [plan] step=160 node=N7053 type=observe q_typed_reliable_context=2.321081 sequence=326.814343
[typed-five-r3/b22_C] [plan iscas99__b22] [plan] step=161 node=N7020 type=observe q_typed_reliable_context=2.154310 sequence=328.968653
[typed-five-r3/b22_C] [plan iscas99__b22] [plan] step=162 node=N6974 type=observe q_typed_reliable_context=5.060549 sequence=334.029202
[typed-five-r3/b22_C] [plan iscas99__b22] [plan] step=163 node=N5944 type=observe q_typed_reliable_context=5.142348 sequence=339.171550
[typed-five-r3/b22_C] [plan iscas99__b22] [plan] step=164 node=N5925 type=observe q_typed_reliable_context=5.495626 sequence=344.667176
[typed-five-r3/b22_C] [plan iscas99__b22] [plan] step=165 node=N7574 type=control0 q_typed_reliable_context=5.950844 sequence=350.618020
[typed-five-r3/b22_C] [plan iscas99__b22] [plan] step=166 node=N3832 type=observe q_typed_reliable_context=4.548502 sequence=355.166521
[typed-five-r3/b22_C] [plan iscas99__b22] [plan] step=167 node=N13047 type=control0 q_typed_reliable_context=5.784040 sequence=360.950562
[typed-five-r3/b22_C] [plan iscas99__b22] [plan] step=168 node=N6971 type=observe q_typed_reliable_context=3.388498 sequence=364.339060
[typed-five-r3/b22_C] [plan iscas99__b22] [plan] step=169 node=N3852 type=observe q_typed_reliable_context=5.782180 sequence=370.121240
[typed-five-r3/b22_C] [plan iscas99__b22] [plan] step=170 node=N14429 type=observe q_typed_reliable_context=8.447194 sequence=378.568434
[typed-five-r3/b22_C] [plan iscas99__b22] [plan] step=171 node=N1261 type=observe q_typed_reliable_context=4.801530 sequence=383.369964
[typed-five-r3/b22_C] [plan iscas99__b22] [plan] step=172 node=N13041 type=control0 q_typed_reliable_context=5.791027 sequence=389.160991
[typed-five-r3/b22_C] [plan iscas99__b22] [plan] step=173 node=N3864 type=observe q_typed_reliable_context=3.264208 sequence=392.425199
[typed-five-r3/b22_C] [plan iscas99__b22] [plan] step=174 node=N3868 type=observe q_typed_reliable_context=5.766741 sequence=398.191940
[typed-five-r3/b22_C] [plan iscas99__b22] [plan] step=175 node=N13018 type=control0 q_typed_reliable_context=5.798731 sequence=403.990671
[typed-five-r3/b22_C] [plan iscas99__b22] [plan] step=176 node=N6963 type=observe q_typed_reliable_context=3.446932 sequence=407.437604
[typed-five-r3/b22_C] [plan iscas99__b22] [plan] step=177 node=N6966 type=observe q_typed_reliable_context=5.042724 sequence=412.480328
[typed-five-r3/b22_C] [plan iscas99__b22] [plan] step=178 node=N7027 type=observe q_typed_reliable_context=5.741673 sequence=418.222000
[typed-five-r3/b22_C] [plan iscas99__b22] [plan] step=179 node=N7030 type=observe q_typed_reliable_context=4.600351 sequence=422.822351
[typed-five-r3/b22_C] [plan iscas99__b22] [plan] step=180 node=N19366 type=control0 q_typed_reliable_context=3.456988 sequence=426.279340
[typed-five-r3/b22_C] [plan iscas99__b22] [plan] step=181 node=N7036 type=observe q_typed_reliable_context=3.067300 sequence=429.346640
[typed-five-r3/b22_C] [plan iscas99__b22] [plan] step=182 node=N7042 type=observe q_typed_reliable_context=3.503992 sequence=432.850632
[typed-five-r3/b22_C] [plan iscas99__b22] [plan] step=183 node=N7048 type=observe q_typed_reliable_context=4.024594 sequence=436.875225
[typed-five-r3/b22_C] [plan iscas99__b22] [plan] step=184 node=N19335 type=control0 q_typed_reliable_context=2.905070 sequence=439.780296
[typed-five-r3/b22_C] [plan iscas99__b22] [plan] step=185 node=N7045 type=observe q_typed_reliable_context=3.595871 sequence=443.376166
[typed-five-r3/b22_C] [plan iscas99__b22] [plan] step=186 node=N7039 type=observe q_typed_reliable_context=3.233820 sequence=446.609987
[typed-five-r3/b22_C] [plan iscas99__b22] [plan] step=187 node=N7024 type=observe q_typed_reliable_context=3.612652 sequence=450.222639
[typed-five-r3/b22_C] [plan iscas99__b22] [plan] step=188 node=N7021 type=observe q_typed_reliable_context=2.690685 sequence=452.913324
[typed-five-r3/b22_C] [plan iscas99__b22] [plan] step=189 node=N13049 type=control0 q_typed_reliable_context=2.674310 sequence=455.587634
[typed-five-r3/b22_C] [plan iscas99__b22] [plan] step=190 node=N14449 type=observe q_typed_reliable_context=3.479515 sequence=459.067150
[typed-five-r3/b22_C] [plan iscas99__b22] [plan] step=191 node=N14443 type=observe q_typed_reliable_context=3.561784 sequence=462.628934
[typed-five-r3/b22_C] [plan iscas99__b22] [plan] step=192 node=N14436 type=observe q_typed_reliable_context=3.181666 sequence=465.810600
[typed-five-r3/b22_C] [plan iscas99__b22] [plan] step=193 node=N13020 type=control0 q_typed_reliable_context=2.652014 sequence=468.462614
[typed-five-r3/b22_C] [plan iscas99__b22] [plan] step=194 node=N14357 type=observe q_typed_reliable_context=4.027618 sequence=472.490232
[typed-five-r3/b22_C] [plan iscas99__b22] [plan] step=195 node=N1995 type=observe q_typed_reliable_context=3.511083 sequence=476.001315
[typed-five-r3/b22_C] [plan iscas99__b22] [plan] step=196 node=N2035 type=observe q_typed_reliable_context=5.911720 sequence=481.913036
[typed-five-r3/b22_C] [plan iscas99__b22] [plan] step=197 node=N7033 type=observe q_typed_reliable_context=5.497611 sequence=487.410647
[typed-five-r3/b22_C] [plan iscas99__b22] [plan] step=198 node=N14356 type=observe q_typed_reliable_context=3.874641 sequence=491.285288
[typed-five-r3/b22_C] [plan iscas99__b22] [plan] step=199 node=N5242 type=observe q_typed_reliable_context=4.106997 sequence=495.392285
[typed-five-r3/b22_C] [plan iscas99__b22] [plan] step=200 node=N14361 type=observe q_typed_reliable_context=2.931318 sequence=498.323603
[typed-five-r3/b22_C] [plan iscas99__b22] [plan] step=201 node=N14364 type=observe q_typed_reliable_context=2.997987 sequence=501.321590
[typed-five-r3/b22_C] [plan iscas99__b22] [plan] step=202 node=N6001 type=observe q_typed_reliable_context=3.574828 sequence=504.896418
[typed-five-r3/b22_C] [plan iscas99__b22] [plan] step=203 node=N2920 type=observe q_typed_reliable_context=3.333960 sequence=508.230378
[typed-five-r3/b22_C] [plan iscas99__b22] [plan] step=204 node=N5906 type=observe q_typed_reliable_context=2.378839 sequence=510.609217
[typed-five-r3/b22_C] [plan iscas99__b22] [plan] step=205 node=N2037 type=observe q_typed_reliable_context=4.656464 sequence=515.265681
[typed-five-r3/b22_C] [plan iscas99__b22] [plan] step=206 node=N8329 type=control1 q_typed_reliable_context=2.906668 sequence=518.172349
[typed-five-r3/b22_C] [plan iscas99__b22] [plan] step=207 node=N14454 type=observe q_typed_reliable_context=3.161219 sequence=521.333568
[typed-five-r3/b22_C] [plan iscas99__b22] [plan] step=208 node=N14352 type=observe q_typed_reliable_context=1.749567 sequence=523.083135
[typed-five-r3/b22_C] [plan iscas99__b22] [plan] step=209 node=N3857 type=observe q_typed_reliable_context=0.642417 sequence=523.725552
[typed-five-r3/b22_C] [plan iscas99__b22] [plan] step=210 node=N18557 type=observe q_typed_reliable_context=0.762112 sequence=524.487663
[typed-five-r3/b22_C] [plan iscas99__b22] [plan] step=211 node=N24048 type=control1 q_typed_reliable_context=0.711471 sequence=525.199134
[typed-five-r3/b22_C] [plan iscas99__b22] [plan] step=212 node=N1572 type=control0 q_typed_reliable_context=0.561077 sequence=525.760211
[typed-five-r3/b22_C] [plan iscas99__b22] [plan] step=213 node=N4453 type=control1 q_typed_reliable_context=3.122600 sequence=528.882812
[typed-five-r3/b22_C] [plan iscas99__b22] [plan] step=214 node=N12940 type=control0 q_typed_reliable_context=0.545019 sequence=529.427830
[typed-five-r3/b22_C] [plan iscas99__b22] [plan] step=215 node=N7598 type=control1 q_typed_reliable_context=2.585750 sequence=532.013580
[typed-five-r3/b22_C] [plan iscas99__b22] [plan] step=216 node=N8333 type=control1 q_typed_reliable_context=1.726830 sequence=533.740410
[typed-five-r3/b22_C] [plan iscas99__b22] [plan] step=217 node=N13005 type=control1 q_typed_reliable_context=1.244953 sequence=534.985364
[typed-five-r3/b22_C] [plan iscas99__b22] [plan] step=218 node=N18523 type=control0 q_typed_reliable_context=1.323704 sequence=536.309068
[typed-five-r3/b22_C] [plan iscas99__b22] [plan] step=219 node=N21464 type=control1 q_typed_reliable_context=2.657909 sequence=538.966977
[typed-five-r3/b22_C] [plan iscas99__b22] [plan] step=220 node=N13022 type=control0 q_typed_reliable_context=2.569348 sequence=541.536324
[typed-five-r3/b22_C] [plan iscas99__b22] [plan] step=221 node=N4546 type=observe q_typed_reliable_context=2.594954 sequence=544.131279
[typed-five-r3/b22_C] [plan iscas99__b22] [plan] step=222 node=N18522 type=control1 q_typed_reliable_context=3.131247 sequence=547.262526
[typed-five-r3/b22_C] [plan iscas99__b22] [plan] step=223 node=N18560 type=control0 q_typed_reliable_context=1.379631 sequence=548.642157
[typed-five-r3/b22_C] [plan iscas99__b22] [plan] step=224 node=N4523 type=observe q_typed_reliable_context=3.000189 sequence=551.642345
[typed-five-r3/b22_C] [plan iscas99__b22] [plan] step=225 node=N2032 type=control1 q_typed_reliable_context=1.963421 sequence=553.605766
[typed-five-r3/b22_C] [plan iscas99__b22] [plan] step=226 node=N7595 type=control1 q_typed_reliable_context=3.376050 sequence=556.981816
[typed-five-r3/b22_C] [plan iscas99__b22] [plan] step=227 node=N15007 type=control1 q_typed_reliable_context=2.787022 sequence=559.768838
[typed-five-r3/b22_C] [plan iscas99__b22] [plan] step=228 node=N14348 type=observe q_typed_reliable_context=1.089975 sequence=560.858813
[typed-five-r3/b22_C] [plan iscas99__b22] [plan] step=229 node=N7599 type=control1 q_typed_reliable_context=2.139282 sequence=562.998095
[typed-five-r3/b22_C] [plan iscas99__b22] [plan] step=230 node=N15003 type=control1 q_typed_reliable_context=1.748812 sequence=564.746906
[typed-five-r3/b22_C] [plan iscas99__b22] [plan] step=231 node=N15004 type=control1 q_typed_reliable_context=3.233485 sequence=567.980391
[typed-five-r3/b22_C] [plan iscas99__b22] [plan] step=232 node=N15006 type=control1 q_typed_reliable_context=3.260530 sequence=571.240921
[typed-five-r3/b22_C] [plan iscas99__b22] [plan] step=233 node=N15005 type=control1 q_typed_reliable_context=2.986000 sequence=574.226921
[typed-five-r3/b22_C] [plan iscas99__b22] [plan] step=234 node=N15002 type=control1 q_typed_reliable_context=2.659146 sequence=576.886067
[typed-five-r3/b22_C] [plan iscas99__b22] [plan] step=235 node=N21458 type=control1 q_typed_reliable_context=2.759145 sequence=579.645212
[typed-five-r3/b22_C] [plan iscas99__b22] [plan] step=236 node=N3873 type=control0 q_typed_reliable_context=2.380925 sequence=582.026137
[typed-five-r3/b22_C] [plan iscas99__b22] [plan] step=237 node=N18592 type=control0 q_typed_reliable_context=2.422949 sequence=584.449086
[typed-five-r3/b22_C] [plan iscas99__b22] [plan] step=238 node=N18553 type=control0 q_typed_reliable_context=3.613074 sequence=588.062159
[typed-five-r3/b22_C] [plan iscas99__b22] [plan] step=239 node=N13053 type=control0 q_typed_reliable_context=6.894546 sequence=594.956705
[typed-five-r3/b22_C] [plan iscas99__b22] [plan] step=240 node=N18580 type=control0 q_typed_reliable_context=6.898740 sequence=601.855445
[typed-five-r3/b22_C] [plan iscas99__b22] [plan] step=241 node=N13055 type=control0 q_typed_reliable_context=6.476240 sequence=608.331685
[typed-five-r3/b22_C] [plan iscas99__b22] [plan] step=242 node=N5266 type=observe q_typed_reliable_context=5.828222 sequence=614.159907
[typed-five-r3/b22_C] [plan iscas99__b22] [plan] step=243 node=N18518 type=control0 q_typed_reliable_context=5.784433 sequence=619.944340
[typed-five-r3/b22_C] [plan iscas99__b22] [plan] step=244 node=N13002 type=control1 q_typed_reliable_context=1.289751 sequence=621.234091
[typed-five-r3/b22_C] [plan iscas99__b22] [plan] step=245 node=N12939 type=control0 q_typed_reliable_context=1.717615 sequence=622.951706
[typed-five-r3/b22_C] [plan iscas99__b22] [plan] step=246 node=N13024 type=control0 q_typed_reliable_context=1.653615 sequence=624.605321
[typed-five-r3/b22_C] [plan iscas99__b22] [plan] step=247 node=N19368 type=control0 q_typed_reliable_context=1.439268 sequence=626.044589
[typed-five-r3/b22_C] [plan iscas99__b22] [plan] step=248 node=N19339 type=control0 q_typed_reliable_context=1.255723 sequence=627.300312
[typed-five-r3/b22_C] [plan iscas99__b22] [plan] step=249 node=N19310 type=control1 q_typed_reliable_context=1.002116 sequence=628.302428
[typed-five-r3/b22_C] [plan iscas99__b22] [plan] step=250 node=N14461 type=observe q_typed_reliable_context=1.409340 sequence=629.711768
[typed-five-r3/b22_C] [plan iscas99__b22] [plan] step=251 node=N19247 type=control0 q_typed_reliable_context=0.956726 sequence=630.668493
[typed-five-r3/b22_C] [plan iscas99__b22] [plan] step=252 node=N19248 type=control0 q_typed_reliable_context=1.153670 sequence=631.822163
[typed-five-r3/b22_C] [plan iscas99__b22] [plan] step=253 node=N19313 type=control1 q_typed_reliable_context=3.973834 sequence=635.795997
[typed-five-r3/b22_C] [plan iscas99__b22] [plan] step=254 node=N19314 type=control1 q_typed_reliable_context=1.555431 sequence=637.351428
[typed-five-r3/b22_C] [plan iscas99__b22] [plan] step=255 node=N19315 type=control1 q_typed_reliable_context=1.398624 sequence=638.750053
[typed-five-r3/b22_C] [plan iscas99__b22] [plan] step=256 node=N19252 type=control0 q_typed_reliable_context=1.437496 sequence=640.187548
[typed-five-r3/b22_C] [plan iscas99__b22] [plan] step=257 node=N19317 type=control1 q_typed_reliable_context=2.217153 sequence=642.404702
[typed-five-r3/b22_C] [plan iscas99__b22] [plan] step=258 node=N19318 type=control1 q_typed_reliable_context=2.661804 sequence=645.066506
[typed-five-r3/b22_C] [plan iscas99__b22] [plan] step=259 node=N4461 type=control1 q_typed_reliable_context=2.552934 sequence=647.619439
[typed-five-r3/b22_C] [plan iscas99__b22] [plan] step=260 node=N4463 type=control1 q_typed_reliable_context=3.334687 sequence=650.954126
[typed-five-r3/b22_C] [plan iscas99__b22] [plan] step=261 node=N8331 type=control1 q_typed_reliable_context=3.484358 sequence=654.438485
[typed-five-r3/b22_C] [plan iscas99__b22] [plan] step=262 node=N13006 type=control1 q_typed_reliable_context=1.502224 sequence=655.940708
[typed-five-r3/b22_C] [plan iscas99__b22] [plan] step=263 node=N13007 type=control1 q_typed_reliable_context=1.121095 sequence=657.061803
[typed-five-r3/b22_C] [plan iscas99__b22] [plan] step=264 node=N13008 type=control1 q_typed_reliable_context=1.210733 sequence=658.272536
[typed-five-r3/b22_C] [plan iscas99__b22] [plan] step=265 node=N26415 type=control1 q_typed_reliable_context=1.514254 sequence=659.786790
[typed-five-r3/b22_C] [plan iscas99__b22] [plan] step=266 node=N14333 type=control1 q_typed_reliable_context=2.050431 sequence=661.837221
[typed-five-r3/b22_C] [plan iscas99__b22] [plan] step=267 node=N14349 type=observe q_typed_reliable_context=1.452083 sequence=663.289303
[typed-five-r3/b22_C] [plan iscas99__b22] [plan] step=268 node=N19301 type=control1 q_typed_reliable_context=1.967757 sequence=665.257060
[typed-five-r3/b22_C] [plan iscas99__b22] [plan] step=269 node=N14345 type=observe q_typed_reliable_context=2.350418 sequence=667.607478
[typed-five-r3/b22_C] [plan iscas99__b22] [plan] step=270 node=N14353 type=observe q_typed_reliable_context=1.993534 sequence=669.601012
[typed-five-r3/b22_C] [plan iscas99__b22] [plan] step=271 node=N14344 type=observe q_typed_reliable_context=1.730799 sequence=671.331811
[typed-five-r3/b22_C] [plan iscas99__b22] [plan] step=272 node=N14341 type=observe q_typed_reliable_context=1.412540 sequence=672.744351
[typed-five-r3/b22_C] [plan iscas99__b22] [plan] step=273 node=N12999 type=control1 q_typed_reliable_context=1.204521 sequence=673.948872
[typed-five-r3/b22_C] [plan iscas99__b22] [plan] step=274 node=N5523 type=observe q_typed_reliable_context=1.592228 sequence=675.541100
[typed-five-r3/b22_C] [plan iscas99__b22] [plan] step=275 node=N2039 type=observe q_typed_reliable_context=1.584874 sequence=677.125974
[typed-five-r3/b22_C] [plan iscas99__b22] [plan] step=276 node=N12936 type=control0 q_typed_reliable_context=1.621300 sequence=678.747274
[typed-five-r3/b22_C] [plan iscas99__b22] [plan] step=277 node=N12937 type=control0 q_typed_reliable_context=1.545801 sequence=680.293075
[typed-five-r3/b22_C] [plan iscas99__b22] [plan] step=278 node=N19244 type=control0 q_typed_reliable_context=1.710725 sequence=682.003800
[typed-five-r3/b22_C] [plan iscas99__b22] [plan] step=279 node=N19245 type=control0 q_typed_reliable_context=2.484004 sequence=684.487803
[typed-five-r3/b22_C] [plan iscas99__b22] [plan] step=280 node=N12990 type=control1 q_typed_reliable_context=2.308352 sequence=686.796155
[typed-five-r3/b22_C] [plan iscas99__b22] [plan] step=281 node=N12934 type=control0 q_typed_reliable_context=3.423975 sequence=690.220130
[typed-five-r3/b22_C] [plan iscas99__b22] [plan] step=282 node=N9543 type=control0 q_typed_reliable_context=2.906097 sequence=693.126227
[typed-five-r3/b22_C] [plan iscas99__b22] [plan] step=283 node=N12965 type=control0 q_typed_reliable_context=2.620429 sequence=695.746656
[typed-five-r3/b22_C] [plan iscas99__b22] [plan] step=284 node=N12847 type=control0 q_typed_reliable_context=2.446689 sequence=698.193345
[typed-five-r3/b22_C] [plan iscas99__b22] [plan] step=285 node=N12933 type=control0 q_typed_reliable_context=2.070111 sequence=700.263456
[typed-five-r3/b22_C] [plan iscas99__b22] [plan] step=286 node=N26417 type=control1 q_typed_reliable_context=1.959363 sequence=702.222819
[typed-five-r3/b22_C] [plan iscas99__b22] [plan] step=287 node=N2152 type=control0 q_typed_reliable_context=1.726029 sequence=703.948848
[typed-five-r3/b22_C] [plan iscas99__b22] [plan] step=288 node=N1520 type=control0 q_typed_reliable_context=1.471788 sequence=705.420636
[typed-five-r3/b22_C] [plan iscas99__b22] [plan] step=289 node=N14492 type=observe q_typed_reliable_context=1.629581 sequence=707.050217
[typed-five-r3/b22_C] [plan iscas99__b22] [plan] step=290 node=N1517 type=control0 q_typed_reliable_context=2.208387 sequence=709.258604
[typed-five-r3/b22_C] [plan iscas99__b22] [plan] step=291 node=N1515 type=control0 q_typed_reliable_context=2.008323 sequence=711.266926
[typed-five-r3/b22_C] [plan iscas99__b22] [plan] step=292 node=N1576 type=control0 q_typed_reliable_context=1.713800 sequence=712.980727
[typed-five-r3/b22_C] [plan iscas99__b22] [plan] step=293 node=N7501 type=observe q_typed_reliable_context=2.046966 sequence=715.027693
[typed-five-r3/b22_C] [plan iscas99__b22] [plan] step=294 node=N14466 type=observe q_typed_reliable_context=2.613554 sequence=717.641247
[typed-five-r3/b22_C] [plan iscas99__b22] [plan] step=295 node=N6976 type=control0 q_typed_reliable_context=2.231645 sequence=719.872892
[typed-five-r3/b22_C] [plan iscas99__b22] [plan] step=296 node=N19238 type=control0 q_typed_reliable_context=1.216584 sequence=721.089476
[typed-five-r3/b22_C] [plan iscas99__b22] [plan] step=297 node=N5214 type=observe q_typed_reliable_context=0.896158 sequence=721.985634
[typed-five-r3/b22_C] [plan iscas99__b22] [plan] step=298 node=N24189 type=control0 q_typed_reliable_context=3.039236 sequence=725.024870
[typed-five-r3/b22_C] [plan iscas99__b22] [plan] step=299 node=N3494 type=control0 q_typed_reliable_context=2.971106 sequence=727.995975
[typed-five-r3/b22_C] [plan iscas99__b22] [plan] step=300 node=N14380 type=observe q_typed_reliable_context=2.371382 sequence=730.367357
[typed-five-r3/b22_C] [plan iscas99__b22] [plan] step=301 node=N5246 type=observe q_typed_reliable_context=2.470180 sequence=732.837537
[typed-five-r3/b22_C] [plan iscas99__b22] [plan] step=302 node=N2059 type=observe q_typed_reliable_context=3.997052 sequence=736.834589
[typed-five-r3/b22_C] [plan iscas99__b22] [plan] step=303 node=N15115 type=observe q_typed_reliable_context=3.462775 sequence=740.297364
[typed-five-r3/b22_C] [plan iscas99__b22] [plan] step=304 node=N1273 type=observe q_typed_reliable_context=1.881312 sequence=742.178676
[typed-five-r3/b22_C] [plan iscas99__b22] [plan] step=305 node=N1272 type=observe q_typed_reliable_context=1.901527 sequence=744.080203
[typed-five-r3/b22_C] [plan iscas99__b22] [plan] step=306 node=N3329 type=observe q_typed_reliable_context=0.997008 sequence=745.077211
[typed-five-r3/b22_C] [plan iscas99__b22] [plan] step=307 node=N1992 type=observe q_typed_reliable_context=1.303631 sequence=746.380843
[typed-five-r3/b22_C] [plan iscas99__b22] [plan] step=308 node=N8325 type=control1 q_typed_reliable_context=0.907292 sequence=747.288135
[typed-five-r3/b22_C] [plan iscas99__b22] [plan] step=309 node=N24119 type=control1 q_typed_reliable_context=2.025295 sequence=749.313430
[typed-five-r3/b22_C] [plan iscas99__b22] [plan] step=310 node=N5533 type=observe q_typed_reliable_context=0.919159 sequence=750.232589
[typed-five-r3/b22_C] [plan iscas99__b22] [plan] step=311 node=N18403 type=observe q_typed_reliable_context=0.723157 sequence=750.955746
[typed-five-r3/b22_C] [plan iscas99__b22] [plan] step=312 node=N18425 type=observe q_typed_reliable_context=1.096758 sequence=752.052504
[typed-five-r3/b22_C] [plan iscas99__b22] [plan] step=313 node=N18401 type=observe q_typed_reliable_context=1.051646 sequence=753.104151
[typed-five-r3/b22_C] [plan iscas99__b22] [plan] step=314 node=N18399 type=observe q_typed_reliable_context=0.940295 sequence=754.044445
[typed-five-r3/b22_C] [plan iscas99__b22] [plan] step=315 node=N18405 type=observe q_typed_reliable_context=0.821651 sequence=754.866096
[typed-five-r3/b22_C] [plan iscas99__b22] [plan] step=316 node=N18413 type=observe q_typed_reliable_context=0.695107 sequence=755.561204
[typed-five-r3/b22_C] [plan iscas99__b22] [plan] step=317 node=N18424 type=observe q_typed_reliable_context=0.825862 sequence=756.387065
[typed-five-r3/b22_C] [plan iscas99__b22] [plan] step=318 node=N18414 type=observe q_typed_reliable_context=0.755666 sequence=757.142731
[typed-five-r3/b22_C] [plan iscas99__b22] [plan] step=319 node=N18410 type=observe q_typed_reliable_context=0.839725 sequence=757.982456
[typed-five-r3/b22_C] [plan iscas99__b22] [plan] step=320 node=N18415 type=observe q_typed_reliable_context=0.775824 sequence=758.758280
[typed-five-r3/b22_C] [plan iscas99__b22] [plan] step=321 node=N18571 type=control0 q_typed_reliable_context=0.808926 sequence=759.567206
[typed-five-r3/b22_C] [plan iscas99__b22] [plan] step=322 node=N2168 type=observe q_typed_reliable_context=0.817451 sequence=760.384657
[typed-five-r3/b22_C] [plan iscas99__b22] [plan] step=323 node=N18572 type=control0 q_typed_reliable_context=2.315352 sequence=762.700009
[typed-five-r3/b22_C] [plan iscas99__b22] [plan] step=324 node=N18409 type=observe q_typed_reliable_context=0.402037 sequence=763.102046
[typed-five-r3/b22_C] [plan iscas99__b22] [plan] step=325 node=N18546 type=observe q_typed_reliable_context=0.825414 sequence=763.927459
[typed-five-r3/b22_C] [plan iscas99__b22] [plan] step=326 node=N18581 type=control0 q_typed_reliable_context=1.253458 sequence=765.180918
[typed-five-r3/b22_C] [plan iscas99__b22] [plan] step=327 node=N18402 type=observe q_typed_reliable_context=0.650781 sequence=765.831699
[typed-five-r3/b22_C] [plan iscas99__b22] [plan] step=328 node=N18406 type=observe q_typed_reliable_context=0.683226 sequence=766.514925
[typed-five-r3/b22_C] [plan iscas99__b22] [plan] step=329 node=N6020 type=observe q_typed_reliable_context=0.701379 sequence=767.216304
[typed-five-r3/b22_C] [plan iscas99__b22] [plan] step=330 node=N18411 type=observe q_typed_reliable_context=0.840476 sequence=768.056779
[typed-five-r3/b22_C] [plan iscas99__b22] [plan] step=331 node=N5830 type=observe q_typed_reliable_context=0.853679 sequence=768.910458
[typed-five-r3/b22_C] [plan iscas99__b22] [plan] step=332 node=N2047 type=observe q_typed_reliable_context=1.310976 sequence=770.221435
[typed-five-r3/b22_C] [plan iscas99__b22] [plan] step=333 node=N18550 type=observe q_typed_reliable_context=1.117387 sequence=771.338822
[typed-five-r3/b22_C] [plan iscas99__b22] [plan] step=334 node=N18408 type=observe q_typed_reliable_context=1.661753 sequence=773.000575
[typed-five-r3/b22_C] [plan iscas99__b22] [plan] step=335 node=N7546 type=observe q_typed_reliable_context=1.397629 sequence=774.398204
[typed-five-r3/b22_C] [plan iscas99__b22] [plan] step=336 node=N24124 type=control1 q_typed_reliable_context=1.014725 sequence=775.412929
[typed-five-r3/b22_C] [plan iscas99__b22] [plan] step=337 node=N18554 type=observe q_typed_reliable_context=0.858946 sequence=776.271875
[typed-five-r3/b22_C] [plan iscas99__b22] [plan] step=338 node=N14502 type=observe q_typed_reliable_context=0.870194 sequence=777.142069
[typed-five-r3/b22_C] [plan iscas99__b22] [plan] step=339 node=N5247 type=observe q_typed_reliable_context=1.591497 sequence=778.733566
[typed-five-r3/b22_C] [plan iscas99__b22] [plan] step=340 node=N15072 type=observe q_typed_reliable_context=1.381966 sequence=780.115533
[typed-five-r3/b22_C] [plan iscas99__b22] [plan] step=341 node=N7564 type=observe q_typed_reliable_context=1.190033 sequence=781.305566
[typed-five-r3/b22_C] [plan iscas99__b22] [plan] step=342 node=N2043 type=observe q_typed_reliable_context=1.695212 sequence=783.000777
[typed-five-r3/b22_C] [plan iscas99__b22] [plan] step=343 node=N14381 type=observe q_typed_reliable_context=1.423967 sequence=784.424744
[typed-five-r3/b22_C] [plan iscas99__b22] [plan] step=344 node=N5982 type=observe q_typed_reliable_context=1.085460 sequence=785.510204
[typed-five-r3/b22_C] [plan iscas99__b22] [plan] step=345 node=N14384 type=observe q_typed_reliable_context=0.957762 sequence=786.467966
[typed-five-r3/b22_C] [plan iscas99__b22] [plan] step=346 node=N5518 type=observe q_typed_reliable_context=0.957404 sequence=787.425370
[typed-five-r3/b22_C] [plan iscas99__b22] [plan] step=347 node=N18531 type=observe q_typed_reliable_context=1.563245 sequence=788.988615
[typed-five-r3/b22_C] [plan iscas99__b22] [plan] step=348 node=N7552 type=observe q_typed_reliable_context=1.211713 sequence=790.200328
[typed-five-r3/b22_C] [plan iscas99__b22] [plan] step=349 node=N14385 type=observe q_typed_reliable_context=0.994626 sequence=791.194954
[typed-five-r3/b22_C] [plan iscas99__b22] [plan] step=350 node=N5248 type=observe q_typed_reliable_context=1.431629 sequence=792.626582
[typed-five-r3/b22_C] [plan iscas99__b22] [plan] step=351 node=N4348 type=observe q_typed_reliable_context=1.077551 sequence=793.704134
[typed-five-r3/b22_C] [plan iscas99__b22] [plan] step=352 node=N2071 type=observe q_typed_reliable_context=1.553726 sequence=795.257860
[typed-five-r3/b22_C] [plan iscas99__b22] [plan] step=353 node=N7537 type=observe q_typed_reliable_context=1.287228 sequence=796.545088
[typed-five-r3/b22_C] [plan iscas99__b22] [plan] step=354 node=N18404 type=observe q_typed_reliable_context=1.315554 sequence=797.860642
[typed-five-r3/b22_C] [plan iscas99__b22] [plan] step=355 node=N18400 type=observe q_typed_reliable_context=1.203187 sequence=799.063828
[typed-five-r3/b22_C] [plan iscas99__b22] [plan] step=356 node=N18549 type=observe q_typed_reliable_context=0.992879 sequence=800.056707
[typed-five-r3/b22_C] [plan iscas99__b22] [plan] step=357 node=N18547 type=observe q_typed_reliable_context=0.917882 sequence=800.974589
[typed-five-r3/b22_C] [plan iscas99__b22] [plan] step=358 node=N18548 type=observe q_typed_reliable_context=0.877072 sequence=801.851661
[typed-five-r3/b22_C] [plan iscas99__b22] [plan] step=359 node=N7528 type=observe q_typed_reliable_context=0.818740 sequence=802.670401
[typed-five-r3/b22_C] [plan iscas99__b22] [plan] step=360 node=N18542 type=observe q_typed_reliable_context=0.943834 sequence=803.614235
[typed-five-r3/b22_C] [plan iscas99__b22] [plan] step=361 node=N18380 type=observe q_typed_reliable_context=0.916000 sequence=804.530235
[typed-five-r3/b22_C] [plan iscas99__b22] [plan] step=362 node=N18528 type=observe q_typed_reliable_context=0.884692 sequence=805.414927
[typed-five-r3/b22_C] [plan iscas99__b22] [plan] step=363 node=N14388 type=observe q_typed_reliable_context=0.905886 sequence=806.320813
[typed-five-r3/b22_C] [plan iscas99__b22] [plan] step=364 node=N18543 type=observe q_typed_reliable_context=0.829429 sequence=807.150242
[typed-five-r3/b22_C] [plan iscas99__b22] [plan] step=365 node=N18551 type=observe q_typed_reliable_context=0.902357 sequence=808.052599
[typed-five-r3/b22_C] [plan iscas99__b22] [plan] step=366 node=N18530 type=observe q_typed_reliable_context=0.892163 sequence=808.944763
[typed-five-r3/b22_C] [plan iscas99__b22] [plan] step=367 node=N21350 type=control1 q_typed_reliable_context=0.772478 sequence=809.717240
[typed-five-r3/b22_C] [plan iscas99__b22] [plan] step=368 node=N24132 type=control1 q_typed_reliable_context=0.750973 sequence=810.468214
[typed-five-r3/b22_C] [plan iscas99__b22] [plan] step=369 node=N15109 type=control1 q_typed_reliable_context=0.763425 sequence=811.231639
[typed-five-r3/b22_C] [plan iscas99__b22] [plan] step=370 node=N8477 type=control1 q_typed_reliable_context=1.119586 sequence=812.351224
[typed-five-r3/b22_C] [plan iscas99__b22] [plan] step=371 node=N3539 type=control0 q_typed_reliable_context=0.743017 sequence=813.094242
[typed-five-r3/b22_C] [plan iscas99__b22] [plan] step=372 node=N8476 type=control1 q_typed_reliable_context=0.957466 sequence=814.051708
[typed-five-r3/b22_C] [plan iscas99__b22] [plan] step=373 node=N19346 type=control0 q_typed_reliable_context=0.828515 sequence=814.880223
[typed-five-r3/b22_C] [plan iscas99__b22] [plan] step=374 node=N19343 type=control0 q_typed_reliable_context=0.863786 sequence=815.744008
[typed-five-r3/b22_C] [plan iscas99__b22] [plan] step=375 node=N7475 type=control0 q_typed_reliable_context=1.084542 sequence=816.828550
[typed-five-r3/b22_C] [plan iscas99__b22] [plan] step=376 node=N24207 type=control0 q_typed_reliable_context=1.185848 sequence=818.014398
[typed-five-r3/b22_C] [plan iscas99__b22] [plan] step=377 node=N2109 type=observe q_typed_reliable_context=1.534998 sequence=819.549396
[typed-five-r3/b22_C] [plan iscas99__b22] [plan] step=378 node=N14523 type=control0 q_typed_reliable_context=1.456890 sequence=821.006285
[typed-five-r3/b22_C] [plan iscas99__b22] [plan] step=379 node=N5249 type=observe q_typed_reliable_context=2.195096 sequence=823.201382
[typed-five-r3/b22_C] [plan iscas99__b22] [plan] step=380 node=N2073 type=observe q_typed_reliable_context=1.924556 sequence=825.125938
[typed-five-r3/b22_C] [plan iscas99__b22] [plan] step=381 node=N3404 type=control0 q_typed_reliable_context=1.185757 sequence=826.311695
[typed-five-r3/b22_C] [plan iscas99__b22] [plan] step=382 node=N5391 type=control1 q_typed_reliable_context=1.989867 sequence=828.301563
[typed-five-r3/b22_C] [plan iscas99__b22] [plan] step=383 node=N21468 type=control1 q_typed_reliable_context=1.841001 sequence=830.142563
[typed-five-r3/b22_C] [plan iscas99__b22] [plan] step=384 node=N6838 type=control0 q_typed_reliable_context=1.686119 sequence=831.828682
[typed-five-r3/b22_C] [plan iscas99__b22] [plan] step=385 node=N4456 type=control1 q_typed_reliable_context=1.694979 sequence=833.523661
[typed-five-r3/b22_C] [plan iscas99__b22] [plan] step=386 node=N18587 type=control0 q_typed_reliable_context=1.562498 sequence=835.086159
[typed-five-r3/b22_C] [plan iscas99__b22] [plan] step=387 node=N13057 type=control0 q_typed_reliable_context=1.168641 sequence=836.254800
[typed-five-r3/b22_C] [plan iscas99__b22] [plan] step=388 node=N18552 type=observe q_typed_reliable_context=1.178172 sequence=837.432971
[typed-five-r3/b22_C] [plan iscas99__b22] [plan] step=389 node=N13035 type=control0 q_typed_reliable_context=2.438632 sequence=839.871604
[typed-five-r3/b22_C] [plan iscas99__b22] [plan] step=390 node=N5390 type=control1 q_typed_reliable_context=2.632108 sequence=842.503711
[typed-five-r3/b22_C] [plan iscas99__b22] [plan] step=391 node=N13032 type=control0 q_typed_reliable_context=2.082372 sequence=844.586084
[typed-five-r3/b22_C] [plan iscas99__b22] [plan] step=392 node=N13028 type=control0 q_typed_reliable_context=2.066220 sequence=846.652304
[typed-five-r3/b22_C] [plan iscas99__b22] [plan] step=393 node=N7243 type=observe q_typed_reliable_context=1.529641 sequence=848.181944
[typed-five-r3/b22_C] [plan iscas99__b22] [plan] step=394 node=N6077 type=observe q_typed_reliable_context=0.824105 sequence=849.006050
[typed-five-r3/b22_C] [plan iscas99__b22] [plan] step=395 node=N5527 type=observe q_typed_reliable_context=0.895274 sequence=849.901323
[typed-five-r3/b22_C] [plan iscas99__b22] [plan] step=396 node=N4372 type=observe q_typed_reliable_context=1.016785 sequence=850.918109
[typed-five-r3/b22_C] [plan iscas99__b22] [plan] step=397 node=N15074 type=observe q_typed_reliable_context=1.040970 sequence=851.959079
[typed-five-r3/b22_C] [plan iscas99__b22] [plan] step=398 node=N5252 type=observe q_typed_reliable_context=1.189683 sequence=853.148762
[typed-five-r3/b22_C] [plan iscas99__b22] [plan] step=399 node=N2041 type=observe q_typed_reliable_context=1.218038 sequence=854.366800
[typed-five-r3/b22_C] [plan iscas99__b22] [plan] step=400 node=N7222 type=observe q_typed_reliable_context=1.295236 sequence=855.662036
[typed-five-r3/b22_C] [plan iscas99__b22] [plan] step=401 node=N15101 type=control1 q_typed_reliable_context=0.747205 sequence=856.409241
[typed-five-r3/b22_C] [plan iscas99__b22] [plan] step=402 node=N15100 type=control1 q_typed_reliable_context=0.798670 sequence=857.207911
[typed-five-r3/b22_C] [plan iscas99__b22] [plan] step=403 node=N21472 type=control1 q_typed_reliable_context=0.830332 sequence=858.038243
[typed-five-r3/b22_C] [plan iscas99__b22] [plan] step=404 node=N15097 type=control1 q_typed_reliable_context=0.830383 sequence=858.868627
[typed-five-r3/b22_C] [plan iscas99__b22] [plan] step=405 node=N1183 type=control1 q_typed_reliable_context=1.280450 sequence=860.149077
[typed-five-r3/b22_C] [plan iscas99__b22] [plan] step=406 node=N4457 type=control1 q_typed_reliable_context=1.588358 sequence=861.737434
[typed-five-r3/b22_C] [plan iscas99__b22] [plan] step=407 node=N3418 type=observe q_typed_reliable_context=1.271703 sequence=863.009137
[typed-five-r3/b22_C] [plan iscas99__b22] [plan] step=408 node=N4375 type=observe q_typed_reliable_context=1.089964 sequence=864.099101
[typed-five-r3/b22_C] [plan iscas99__b22] [plan] step=409 node=N7480 type=observe q_typed_reliable_context=1.126681 sequence=865.225782
[typed-five-r3/b22_C] [plan iscas99__b22] [plan] step=410 node=N15095 type=control1 q_typed_reliable_context=0.881276 sequence=866.107058
[typed-five-r3/b22_C] [plan iscas99__b22] [plan] step=411 node=N6847 type=control0 q_typed_reliable_context=1.196079 sequence=867.303137
[typed-five-r3/b22_C] [plan iscas99__b22] [plan] step=412 node=N6659 type=control0 q_typed_reliable_context=1.502830 sequence=868.805967
[typed-five-r3/b22_C] [plan iscas99__b22] [plan] step=413 node=N6793 type=control0 q_typed_reliable_context=1.403867 sequence=870.209834
[typed-five-r3/b22_C] [plan iscas99__b22] [plan] step=414 node=N1757 type=observe q_typed_reliable_context=0.595057 sequence=870.804891
[typed-five-r3/b22_C] [plan iscas99__b22] [plan] step=415 node=N9311 type=control0 q_typed_reliable_context=0.857115 sequence=871.662006
[typed-five-r3/b22_C] [plan iscas99__b22] [plan] step=416 node=N5513 type=observe q_typed_reliable_context=0.973267 sequence=872.635273
[typed-five-r3/b22_C] [plan iscas99__b22] [plan] step=417 node=N5250 type=observe q_typed_reliable_context=1.473248 sequence=874.108521
[typed-five-r3/b22_C] [plan iscas99__b22] [plan] step=418 node=N15069 type=observe q_typed_reliable_context=0.995962 sequence=875.104483
[typed-five-r3/b22_C] [plan iscas99__b22] [plan] step=419 node=N18466 type=observe q_typed_reliable_context=1.148490 sequence=876.252973
[typed-five-r3/b22_C] [plan iscas99__b22] [plan] step=420 node=N4363 type=observe q_typed_reliable_context=1.076898 sequence=877.329872
[typed-five-r3/b22_C] [plan iscas99__b22] [plan] step=421 node=N2056 type=observe q_typed_reliable_context=1.268833 sequence=878.598704
[typed-five-r3/b22_C] [plan iscas99__b22] [plan] step=422 node=N7215 type=observe q_typed_reliable_context=1.555531 sequence=880.154235
[typed-five-r3/b22_C] [plan iscas99__b22] [plan] step=423 node=N9310 type=control0 q_typed_reliable_context=1.360184 sequence=881.514419
[typed-five-r3/b22_C] [plan iscas99__b22] [plan] step=424 node=N5511 type=observe q_typed_reliable_context=1.298791 sequence=882.813210
[typed-five-r3/b22_C] [plan iscas99__b22] [plan] step=425 node=N18527 type=observe q_typed_reliable_context=0.986182 sequence=883.799391
[typed-five-r3/b22_C] [plan iscas99__b22] [plan] step=426 node=N15348 type=control0 q_typed_reliable_context=0.918694 sequence=884.718085
[typed-five-r3/b22_C] [plan iscas99__b22] [plan] step=427 node=N1752 type=observe q_typed_reliable_context=1.454927 sequence=886.173012
[typed-five-r3/b22_C] [plan iscas99__b22] [plan] step=428 node=N5277 type=observe q_typed_reliable_context=1.504895 sequence=887.677907
[typed-five-r3/b22_C] [plan iscas99__b22] [plan] step=429 node=N2030 type=observe q_typed_reliable_context=0.998343 sequence=888.676250
[typed-five-r3/b22_C] [plan iscas99__b22] [plan] step=430 node=N4345 type=observe q_typed_reliable_context=0.793977 sequence=889.470227
[typed-five-r3/b22_C] [plan iscas99__b22] [plan] step=431 node=N5279 type=observe q_typed_reliable_context=1.846128 sequence=891.316354
[typed-five-r3/b22_C] [plan iscas99__b22] [plan] step=432 node=N2057 type=observe q_typed_reliable_context=1.185210 sequence=892.501564
[typed-five-r3/b22_C] [plan iscas99__b22] [plan] step=433 node=N15060 type=observe q_typed_reliable_context=1.183697 sequence=893.685261
[typed-five-r3/b22_C] [plan iscas99__b22] [plan] step=434 node=N5530 type=observe q_typed_reliable_context=1.117446 sequence=894.802707
[typed-five-r3/b22_C] [plan iscas99__b22] [plan] step=435 node=N4396 type=observe q_typed_reliable_context=1.005993 sequence=895.808701
[typed-five-r3/b22_C] [plan iscas99__b22] [plan] step=436 node=N2061 type=observe q_typed_reliable_context=1.522585 sequence=897.331286
[typed-five-r3/b22_C] [plan iscas99__b22] [plan] step=437 node=N5276 type=observe q_typed_reliable_context=1.853023 sequence=899.184309
[typed-five-r3/b22_C] [plan iscas99__b22] [plan] step=438 node=N3517 type=observe q_typed_reliable_context=0.758783 sequence=899.943092
[typed-five-r3/b22_C] [plan iscas99__b22] [plan] step=439 node=N2062 type=observe q_typed_reliable_context=1.060144 sequence=901.003235
[typed-five-r3/b22_C] [plan iscas99__b22] [plan] step=440 node=N18538 type=observe q_typed_reliable_context=2.172172 sequence=903.175407
[typed-five-r3/b22_C] [plan iscas99__b22] [plan] step=441 node=N5526 type=observe q_typed_reliable_context=2.296141 sequence=905.471548
[typed-five-r3/b22_C] [plan iscas99__b22] [plan] step=442 node=N4354 type=observe q_typed_reliable_context=1.262998 sequence=906.734547
[typed-five-r3/b22_C] [plan iscas99__b22] [plan] step=443 node=N15070 type=observe q_typed_reliable_context=2.314784 sequence=909.049331
[typed-five-r3/b22_C] [plan iscas99__b22] [plan] step=444 node=N3294 type=observe q_typed_reliable_context=2.050209 sequence=911.099540
[typed-five-r3/b22_C] [plan iscas99__b22] [plan] step=445 node=N2064 type=observe q_typed_reliable_context=2.773674 sequence=913.873214
[typed-five-r3/b22_C] [plan iscas99__b22] [plan] step=446 node=N5508 type=observe q_typed_reliable_context=2.206461 sequence=916.079676
[typed-five-r3/b22_C] [plan iscas99__b22] [plan] step=447 node=N4366 type=observe q_typed_reliable_context=1.205885 sequence=917.285561
[typed-five-r3/b22_C] [plan iscas99__b22] [plan] step=448 node=N2063 type=observe q_typed_reliable_context=2.243657 sequence=919.529218
[typed-five-r3/b22_C] [plan iscas99__b22] [plan] step=449 node=N4574 type=observe q_typed_reliable_context=2.381793 sequence=921.911011
[typed-five-r3/b22_C] [plan iscas99__b22] [plan] step=450 node=N3365 type=observe q_typed_reliable_context=1.866210 sequence=923.777221
[typed-five-r3/b22_C] [plan iscas99__b22] [plan] step=451 node=N5507 type=observe q_typed_reliable_context=2.184070 sequence=925.961291
[typed-five-r3/b22_C] [plan iscas99__b22] [plan] step=452 node=N4381 type=observe q_typed_reliable_context=1.106184 sequence=927.067475
[typed-five-r3/b22_C] [plan iscas99__b22] [plan] step=453 node=N2068 type=observe q_typed_reliable_context=2.045704 sequence=929.113179
[typed-five-r3/b22_C] [plan iscas99__b22] [plan] step=454 node=N15058 type=observe q_typed_reliable_context=1.913937 sequence=931.027116
[typed-five-r3/b22_C] [plan iscas99__b22] [plan] step=455 node=N6914 type=observe q_typed_reliable_context=2.231447 sequence=933.258563
[typed-five-r3/b22_C] [plan iscas99__b22] [plan] step=456 node=N3391 type=observe q_typed_reliable_context=1.435544 sequence=934.694107
[typed-five-r3/b22_C] [plan iscas99__b22] [plan] step=457 node=N2069 type=observe q_typed_reliable_context=1.920928 sequence=936.615035
[typed-five-r3/b22_C] [plan iscas99__b22] [plan] step=458 node=N4387 type=observe q_typed_reliable_context=1.437837 sequence=938.052872
[typed-five-r3/b22_C] [plan iscas99__b22] [plan] step=459 node=N5522 type=observe q_typed_reliable_context=1.242258 sequence=939.295130
[typed-five-r3/b22_C] [plan iscas99__b22] [plan] step=460 node=N2067 type=observe q_typed_reliable_context=1.708434 sequence=941.003564
[typed-five-r3/b22_C] [plan iscas99__b22] [plan] step=461 node=N6917 type=observe q_typed_reliable_context=1.703269 sequence=942.706832
[typed-five-r3/b22_C] [plan iscas99__b22] [plan] step=462 node=N3347 type=observe q_typed_reliable_context=1.997656 sequence=944.704488
[typed-five-r3/b22_C] [plan iscas99__b22] [plan] step=463 node=N15073 type=observe q_typed_reliable_context=2.466379 sequence=947.170867
[typed-five-r3/b22_C] [plan iscas99__b22] [plan] step=464 node=N4369 type=observe q_typed_reliable_context=1.539026 sequence=948.709893
[typed-five-r3/b22_C] [plan iscas99__b22] [plan] step=465 node=N2066 type=observe q_typed_reliable_context=2.084956 sequence=950.794849
[typed-five-r3/b22_C] [plan iscas99__b22] [plan] step=466 node=N6892 type=observe q_typed_reliable_context=1.166768 sequence=951.961618
[typed-five-r3/b22_C] [plan iscas99__b22] [plan] step=467 node=N2065 type=observe q_typed_reliable_context=1.777588 sequence=953.739206
[typed-five-r3/b22_C] [plan iscas99__b22] [plan] step=468 node=N3320 type=observe q_typed_reliable_context=1.077673 sequence=954.816879
[typed-five-r3/b22_C] [plan iscas99__b22] [plan] step=469 node=N4378 type=observe q_typed_reliable_context=1.440142 sequence=956.257021
[typed-five-r3/b22_C] [plan iscas99__b22] [plan] step=470 node=N2070 type=observe q_typed_reliable_context=1.599968 sequence=957.856988
[typed-five-r3/b22_C] [plan iscas99__b22] [plan] step=471 node=N4547 type=observe q_typed_reliable_context=1.156269 sequence=959.013258
[typed-five-r3/b22_C] [plan iscas99__b22] [plan] step=472 node=N6911 type=observe q_typed_reliable_context=1.505423 sequence=960.518681
[typed-five-r3/b22_C] [plan iscas99__b22] [plan] step=473 node=N15051 type=observe q_typed_reliable_context=1.222832 sequence=961.741513
[typed-five-r3/b22_C] [plan iscas99__b22] [plan] step=474 node=N1278 type=observe q_typed_reliable_context=1.087156 sequence=962.828669
[typed-five-r3/b22_C] [plan iscas99__b22] [plan] step=475 node=N5275 type=observe q_typed_reliable_context=0.654294 sequence=963.482963
[typed-five-r3/b22_C] [plan iscas99__b22] [plan] step=476 node=N4351 type=observe q_typed_reliable_context=1.156491 sequence=964.639454
[typed-five-r3/b22_C] [plan iscas99__b22] [plan] step=477 node=N3427 type=observe q_typed_reliable_context=1.254203 sequence=965.893657
[typed-five-r3/b22_C] [plan iscas99__b22] [plan] step=478 node=N4390 type=observe q_typed_reliable_context=1.120505 sequence=967.014162
[typed-five-r3/b22_C] [plan iscas99__b22] [plan] step=479 node=N3436 type=observe q_typed_reliable_context=0.885098 sequence=967.899260
[typed-five-r3/b22_C] [plan iscas99__b22] [plan] step=480 node=N15053 type=observe q_typed_reliable_context=0.920139 sequence=968.819399
[typed-five-r3/b22_C] [plan iscas99__b22] [plan] step=481 node=N6926 type=observe q_typed_reliable_context=1.058333 sequence=969.877732
[typed-five-r3/b22_C] [plan iscas99__b22] [plan] step=482 node=N4399 type=observe q_typed_reliable_context=1.024660 sequence=970.902392
[typed-five-r3/b22_C] [plan iscas99__b22] [plan] step=483 node=N14517 type=observe q_typed_reliable_context=1.341981 sequence=972.244373
[typed-five-r3/b22_C] [plan iscas99__b22] [plan] step=484 node=N3454 type=observe q_typed_reliable_context=0.886748 sequence=973.131121
[typed-five-r3/b22_C] [plan iscas99__b22] [plan] step=485 node=N6929 type=observe q_typed_reliable_context=0.883252 sequence=974.014374
[typed-five-r3/b22_C] [plan iscas99__b22] [plan] step=486 node=N18386 type=observe q_typed_reliable_context=0.599650 sequence=974.614024
[typed-five-r3/b22_C] [plan iscas99__b22] [plan] step=487 node=N9572 type=control0 q_typed_reliable_context=0.958263 sequence=975.572286
[typed-five-r3/b22_C] [plan iscas99__b22] [plan] step=488 node=N2108 type=observe q_typed_reliable_context=0.557347 sequence=976.129634
[typed-five-r3/b22_C] [plan iscas99__b22] [plan] step=489 node=N4393 type=observe q_typed_reliable_context=0.953253 sequence=977.082886
[typed-five-r3/b22_C] [plan iscas99__b22] [plan] step=490 node=N14334 type=observe q_typed_reliable_context=1.061964 sequence=978.144850
[typed-five-r3/b22_C] [plan iscas99__b22] [plan] step=491 node=N6784 type=control0 q_typed_reliable_context=1.202671 sequence=979.347521
[typed-five-r3/b22_C] [plan iscas99__b22] [plan] step=492 node=N14412 type=observe q_typed_reliable_context=0.477660 sequence=979.825181
[typed-five-r3/b22_C] [plan iscas99__b22] [plan] step=493 node=N15075 type=observe q_typed_reliable_context=1.055030 sequence=980.880211
[typed-five-r3/b22_C] [plan iscas99__b22] [plan] step=494 node=N6938 type=observe q_typed_reliable_context=1.111570 sequence=981.991782
[typed-five-r3/b22_C] [plan iscas99__b22] [plan] step=495 node=N6623 type=control0 q_typed_reliable_context=1.155866 sequence=983.147648
[typed-five-r3/b22_C] [plan iscas99__b22] [plan] step=496 node=N4402 type=observe q_typed_reliable_context=0.665154 sequence=983.812802
[typed-five-r3/b22_C] [plan iscas99__b22] [plan] step=497 node=N6632 type=control0 q_typed_reliable_context=0.955903 sequence=984.768705
[typed-five-r3/b22_C] [plan iscas99__b22] [plan] step=498 node=N6757 type=control0 q_typed_reliable_context=1.129752 sequence=985.898457
[typed-five-r3/b22_C] [plan iscas99__b22] [plan] step=499 node=N14410 type=observe q_typed_reliable_context=0.857587 sequence=986.756044
[typed-five-r3/b22_C] [plan iscas99__b22] [plan] step=500 node=N6614 type=control0 q_typed_reliable_context=0.744122 sequence=987.500166
[typed-five-r3/b22_C] [plan iscas99__b22] [plan] step=501 node=N14408 type=observe q_typed_reliable_context=1.224227 sequence=988.724393
[typed-five-r3/b22_C] [plan iscas99__b22] [plan] step=502 node=N15111 type=observe q_typed_reliable_context=1.026179 sequence=989.750572
[typed-five-r3/b22_C] [plan iscas99__b22] [plan] step=503 node=N24131 type=control1 q_typed_reliable_context=1.065568 sequence=990.816140
[typed-five-r3/b22_C] [plan iscas99__b22] [plan] step=504 node=N6650 type=control0 q_typed_reliable_context=1.057166 sequence=991.873306
[typed-five-r3/b22_C] [plan iscas99__b22] [plan] step=505 node=N15517 type=control0 q_typed_reliable_context=0.977968 sequence=992.851274
[typed-five-r3/b22_C] [plan iscas99__b22] [plan] step=506 node=N6739 type=control0 q_typed_reliable_context=1.021589 sequence=993.872863
[typed-five-r3/b22_C] [plan iscas99__b22] [plan] step=507 node=N4831 type=observe q_typed_reliable_context=1.458091 sequence=995.330954
[typed-five-r3/b22_C] [plan iscas99__b22] [plan] step=508 node=N6944 type=observe q_typed_reliable_context=1.126115 sequence=996.457068
[typed-five-r3/b22_C] [plan iscas99__b22] [plan] step=509 node=N3508 type=observe q_typed_reliable_context=0.736024 sequence=997.193092
[typed-five-r3/b22_C] [plan iscas99__b22] [plan] step=510 node=N15066 type=observe q_typed_reliable_context=1.039039 sequence=998.232131
[typed-five-r3/b22_C] [plan iscas99__b22] [plan] step=511 node=N4408 type=observe q_typed_reliable_context=1.259686 sequence=999.491818
[typed-five-r3/b22_C] [plan iscas99__b22] [plan] step=512 node=N6920 type=observe q_typed_reliable_context=1.239403 sequence=1000.731221
[typed-five-r3/b22_C] [plan iscas99__b22] [plan] step=513 node=N3499 type=observe q_typed_reliable_context=1.161282 sequence=1001.892503
[typed-five-r3/b22_C] [plan iscas99__b22] [plan] step=514 node=N4338 type=observe q_typed_reliable_context=0.817095 sequence=1002.709598
[typed-five-r3/b22_C] [plan iscas99__b22] [plan] step=515 node=N6932 type=observe q_typed_reliable_context=0.879608 sequence=1003.589206
[typed-five-r3/b22_C] [plan iscas99__b22] [plan] step=516 node=N15067 type=observe q_typed_reliable_context=1.169525 sequence=1004.758730
[typed-five-r3/b22_C] [plan iscas99__b22] [plan] step=517 node=N3481 type=observe q_typed_reliable_context=0.790507 sequence=1005.549237
[typed-five-r3/b22_C] [plan iscas99__b22] [plan] step=518 node=N4405 type=observe q_typed_reliable_context=0.915886 sequence=1006.465123
[typed-five-r3/b22_C] [plan iscas99__b22] [plan] step=519 node=N21470 type=control1 q_typed_reliable_context=0.716166 sequence=1007.181289
[typed-five-r3/b22_C] [plan iscas99__b22] [plan] step=520 node=N3255 type=observe q_typed_reliable_context=2.452076 sequence=1009.633365
[typed-five-r3/b22_C] [plan iscas99__b22] [plan] step=521 node=N6941 type=observe q_typed_reliable_context=1.590435 sequence=1011.223800
[typed-five-r3/b22_C] [plan iscas99__b22] [plan] step=522 node=N6122 type=observe q_typed_reliable_context=2.847868 sequence=1014.071667
[typed-five-r3/b22_C] [plan iscas99__b22] [plan] step=523 node=N3553 type=observe q_typed_reliable_context=1.436545 sequence=1015.508212
[typed-five-r3/b22_C] [plan iscas99__b22] [plan] step=524 node=N4419 type=observe q_typed_reliable_context=2.136030 sequence=1017.644242
[typed-five-r3/b22_C] [plan iscas99__b22] [plan] step=525 node=N3235 type=observe q_typed_reliable_context=1.529765 sequence=1019.174007
[typed-five-r3/b22_C] [plan iscas99__b22] [plan] step=526 node=N6919 type=observe q_typed_reliable_context=1.167720 sequence=1020.341727
[typed-five-r3/b22_C] [plan iscas99__b22] [plan] step=527 node=N15071 type=observe q_typed_reliable_context=2.788706 sequence=1023.130432
[typed-five-r3/b22_C] [plan iscas99__b22] [plan] step=528 node=N3535 type=observe q_typed_reliable_context=2.742800 sequence=1025.873232
[typed-five-r3/b22_C] [plan iscas99__b22] [plan] step=529 node=N14423 type=observe q_typed_reliable_context=2.416977 sequence=1028.290209
[typed-five-r3/b22_C] [plan iscas99__b22] [plan] step=530 node=N4334 type=observe q_typed_reliable_context=2.289353 sequence=1030.579562
[typed-five-r3/b22_C] [plan iscas99__b22] [plan] step=531 node=N24042 type=observe q_typed_reliable_context=1.956353 sequence=1032.535915
[typed-five-r3/b22_C] [plan iscas99__b22] [plan] step=532 node=N6916 type=observe q_typed_reliable_context=2.038126 sequence=1034.574041
[typed-five-r3/b22_C] [plan iscas99__b22] [plan] step=533 node=N15103 type=observe q_typed_reliable_context=1.802346 sequence=1036.376387
[typed-five-r3/b22_C] [plan iscas99__b22] [plan] step=534 node=N26404 type=control1 q_typed_reliable_context=1.161717 sequence=1037.538104
[typed-five-r3/b22_C] [plan iscas99__b22] [plan] step=535 node=N26403 type=control1 q_typed_reliable_context=0.856168 sequence=1038.394272
[typed-five-r3/b22_C] [plan iscas99__b22] [plan] step=536 node=N26408 type=control1 q_typed_reliable_context=0.727544 sequence=1039.121816
[typed-five-r3/b22_C] [plan iscas99__b22] [plan] step=537 node=N6703 type=control0 q_typed_reliable_context=0.549429 sequence=1039.671245
[typed-five-r3/b22_C] [plan iscas99__b22] [plan] step=538 node=N6694 type=control0 q_typed_reliable_context=0.961236 sequence=1040.632481
[typed-five-r3/b22_C] [plan iscas99__b22] [plan] step=539 node=N6601 type=control0 q_typed_reliable_context=0.979041 sequence=1041.611522
[typed-five-r3/b22_C] [plan iscas99__b22] [plan] step=540 node=N6820 type=control0 q_typed_reliable_context=0.955807 sequence=1042.567329
[typed-five-r3/b22_C] [plan iscas99__b22] [plan] step=541 node=N18467 type=observe q_typed_reliable_context=0.526808 sequence=1043.094137
[typed-five-r3/b22_C] [plan iscas99__b22] [plan] step=542 node=N3400 type=observe q_typed_reliable_context=0.781075 sequence=1043.875212
[typed-five-r3/b22_C] [plan iscas99__b22] [plan] step=543 node=N3744 type=observe q_typed_reliable_context=0.782884 sequence=1044.658096
[typed-five-r3/b22_C] [plan iscas99__b22] [plan] step=544 node=N6922 type=observe q_typed_reliable_context=0.796259 sequence=1045.454355
[typed-five-r3/b22_C] [plan iscas99__b22] [plan] step=545 node=N15052 type=observe q_typed_reliable_context=0.868621 sequence=1046.322975
[typed-five-r3/b22_C] [plan iscas99__b22] [plan] step=546 node=N15173 type=observe q_typed_reliable_context=0.355545 sequence=1046.678520
[typed-five-r3/b22_C] [plan iscas99__b22] [plan] step=547 node=N4340 type=observe q_typed_reliable_context=0.917367 sequence=1047.595887
[typed-five-r3/b22_C] [plan iscas99__b22] [plan] step=548 node=N3742 type=observe q_typed_reliable_context=0.867534 sequence=1048.463420
[typed-five-r3/b22_C] [plan iscas99__b22] [plan] step=549 node=N6928 type=observe q_typed_reliable_context=1.061709 sequence=1049.525129
[typed-five-r3/b22_C] [plan iscas99__b22] [plan] step=550 node=N4343 type=observe q_typed_reliable_context=1.291611 sequence=1050.816741
[typed-five-r3/b22_C] [plan iscas99__b22] [plan] step=551 node=N3338 type=observe q_typed_reliable_context=1.001912 sequence=1051.818653
[typed-five-r3/b22_C] [plan iscas99__b22] [plan] step=552 node=N7486 type=observe q_typed_reliable_context=1.157602 sequence=1052.976255
[typed-five-r3/b22_C] [plan iscas99__b22] [plan] step=553 node=N15063 type=observe q_typed_reliable_context=1.668844 sequence=1054.645098
[typed-five-r3/b22_C] [plan iscas99__b22] [plan] step=554 node=N7495 type=observe q_typed_reliable_context=1.036553 sequence=1055.681652
[typed-five-r3/b22_C] [plan iscas99__b22] [plan] step=555 node=N3751 type=observe q_typed_reliable_context=1.217232 sequence=1056.898883
[typed-five-r3/b22_C] [plan iscas99__b22] [plan] step=556 node=N7507 type=observe q_typed_reliable_context=1.160070 sequence=1058.058953
[typed-five-r3/b22_C] [plan iscas99__b22] [plan] step=557 node=N6931 type=observe q_typed_reliable_context=1.007781 sequence=1059.066734
[typed-five-r3/b22_C] [plan iscas99__b22] [plan] step=558 node=N4361 type=observe q_typed_reliable_context=0.948886 sequence=1060.015620
[typed-five-r3/b22_C] [plan iscas99__b22] [plan] step=559 node=N3472 type=observe q_typed_reliable_context=1.033645 sequence=1061.049265
[typed-five-r3/b22_C] [plan iscas99__b22] [plan] step=560 node=N6934 type=observe q_typed_reliable_context=1.094904 sequence=1062.144169
[typed-five-r3/b22_C] [plan iscas99__b22] [plan] step=561 node=N14486 type=observe q_typed_reliable_context=0.955133 sequence=1063.099303
[typed-five-r3/b22_C] [plan iscas99__b22] [plan] step=562 node=N4415 type=observe q_typed_reliable_context=1.015223 sequence=1064.114526
[typed-five-r3/b22_C] [plan iscas99__b22] [plan] step=563 node=N3356 type=observe q_typed_reliable_context=1.040692 sequence=1065.155218
[typed-five-r3/b22_C] [plan iscas99__b22] [plan] step=564 node=N15061 type=observe q_typed_reliable_context=1.268258 sequence=1066.423476
[typed-five-r3/b22_C] [plan iscas99__b22] [plan] step=565 node=N6943 type=observe q_typed_reliable_context=1.187976 sequence=1067.611452
[typed-five-r3/b22_C] [plan iscas99__b22] [plan] step=566 node=N4421 type=observe q_typed_reliable_context=1.004850 sequence=1068.616301
[typed-five-r3/b22_C] [plan iscas99__b22] [plan] step=567 node=N3309 type=observe q_typed_reliable_context=1.077313 sequence=1069.693614
[typed-five-r3/b22_C] [plan iscas99__b22] [plan] step=568 node=N3095 type=observe q_typed_reliable_context=1.147227 sequence=1070.840841
[typed-five-r3/b22_C] [plan iscas99__b22] [plan] step=569 node=N3105 type=observe q_typed_reliable_context=1.135915 sequence=1071.976756
[typed-five-r3/b22_C] [plan iscas99__b22] [plan] step=570 node=N3115 type=observe q_typed_reliable_context=1.112741 sequence=1073.089497
[typed-five-r3/b22_C] [plan iscas99__b22] [plan] step=571 node=N3125 type=observe q_typed_reliable_context=1.185583 sequence=1074.275080
[typed-five-r3/b22_C] [plan iscas99__b22] [plan] step=572 node=N3135 type=observe q_typed_reliable_context=1.273032 sequence=1075.548112
[typed-five-r3/b22_C] [plan iscas99__b22] [plan] step=573 node=N3145 type=observe q_typed_reliable_context=1.343184 sequence=1076.891296
[typed-five-r3/b22_C] [plan iscas99__b22] [plan] step=574 node=N3155 type=observe q_typed_reliable_context=1.434027 sequence=1078.325323
[typed-five-r3/b22_C] [plan iscas99__b22] [plan] step=575 node=N3165 type=observe q_typed_reliable_context=1.522502 sequence=1079.847825
[typed-five-r3/b22_C] [plan iscas99__b22] [plan] step=576 node=N3175 type=observe q_typed_reliable_context=1.635327 sequence=1081.483152
[typed-five-r3/b22_C] [plan iscas99__b22] [plan] step=577 node=N3185 type=observe q_typed_reliable_context=1.750468 sequence=1083.233620
[typed-five-r3/b22_C] [plan iscas99__b22] [plan] step=578 node=N3195 type=observe q_typed_reliable_context=1.855755 sequence=1085.089375
[typed-five-r3/b22_C] [plan iscas99__b22] [plan] step=579 node=N3205 type=observe q_typed_reliable_context=2.000038 sequence=1087.089413
[typed-five-r3/b22_C] [plan iscas99__b22] [plan] step=580 node=N3215 type=observe q_typed_reliable_context=2.173237 sequence=1089.262651
[typed-five-r3/b22_C] [plan iscas99__b22] [plan] step=581 node=N3225 type=observe q_typed_reliable_context=2.158905 sequence=1091.421555
[typed-five-r3/b22_C] [plan iscas99__b22] [plan] step=582 node=N6946 type=observe q_typed_reliable_context=1.444016 sequence=1092.865571
[typed-five-r3/b22_C] [plan iscas99__b22] [plan] step=583 node=N4424 type=observe q_typed_reliable_context=1.265678 sequence=1094.131250
[typed-five-r3/b22_C] [plan iscas99__b22] [plan] step=584 node=N15077 type=observe q_typed_reliable_context=1.361040 sequence=1095.492290
[typed-five-r3/b22_C] [plan iscas99__b22] [plan] step=585 node=N14351 type=observe q_typed_reliable_context=1.021599 sequence=1096.513889
[typed-five-r3/b22_C] [plan iscas99__b22] [plan] step=586 node=N6940 type=observe q_typed_reliable_context=0.928228 sequence=1097.442117
[typed-five-r3/b22_C] [plan iscas99__b22] [plan] step=587 node=N6730 type=control0 q_typed_reliable_context=0.901490 sequence=1098.343606
[typed-five-r3/b22_C] [plan iscas99__b22] [plan] step=588 node=N15491 type=control0 q_typed_reliable_context=1.374391 sequence=1099.717998
[typed-five-r3/b22_C] [plan iscas99__b22] [plan] step=589 node=N6748 type=control0 q_typed_reliable_context=1.280995 sequence=1100.998993
[typed-five-r3/b22_C] [plan iscas99__b22] [plan] step=590 node=N7591 type=control1 q_typed_reliable_context=1.275875 sequence=1102.274868
[typed-five-r3/b22_C] [plan iscas99__b22] [plan] step=591 node=N7611 type=control1 q_typed_reliable_context=1.293051 sequence=1103.567919
[typed-five-r3/b22_C] [plan iscas99__b22] [plan] step=592 node=N6677 type=control0 q_typed_reliable_context=1.354605 sequence=1104.922524
[typed-five-r3/b22_C] [plan iscas99__b22] [plan] step=593 node=N1172 type=control0 q_typed_reliable_context=0.137212 sequence=1105.059736
[typed-five-r3/b22_C] [plan iscas99__b22] [plan] step=594 node=N1173 type=control0 q_typed_reliable_context=0.180229 sequence=1105.239965
[typed-five-r3/b22_C] [plan iscas99__b22] [plan] step=595 node=N6829 type=control0 q_typed_reliable_context=0.941585 sequence=1106.181550
[typed-five-r3/b22_C] [plan iscas99__b22] [plan] step=596 node=N6712 type=control0 q_typed_reliable_context=1.014513 sequence=1107.196064
[typed-five-r3/b22_C] [plan iscas99__b22] [plan] step=597 node=N3548 type=control0 q_typed_reliable_context=0.064691 sequence=1107.260755
[typed-five-r3/b22_C] [plan iscas99__b22] [plan] step=598 node=N7610 type=control1 q_typed_reliable_context=0.981382 sequence=1108.242137
[typed-five-r3/b22_C] [plan iscas99__b22] [plan] step=599 node=N7597 type=control1 q_typed_reliable_context=1.039937 sequence=1109.282074
[typed-five-r3/b22_C] [plan iscas99__b22] [plan] step=600 node=N1184 type=control1 q_typed_reliable_context=1.182053 sequence=1110.464127
[typed-five-r3/b22_C] [plan iscas99__b22] [plan] step=601 node=N15564 type=control0 q_typed_reliable_context=1.135200 sequence=1111.599328
[typed-five-r3/b22_C] [plan iscas99__b22] [plan] step=602 node=N15543 type=control0 q_typed_reliable_context=1.154361 sequence=1112.753689
[typed-five-r3/b22_C] [plan iscas99__b22] [plan] step=603 node=N7592 type=control1 q_typed_reliable_context=1.259406 sequence=1114.013094
[typed-five-r3/b22_C] [plan iscas99__b22] [plan] step=604 node=N28154 type=control1 q_typed_reliable_context=1.415218 sequence=1115.428313
[typed-five-r3/b22_C] [plan iscas99__b22] [plan] step=605 node=N21483 type=control1 q_typed_reliable_context=2.074309 sequence=1117.502622
[typed-five-r3/b22_C] [plan iscas99__b22] [plan] step=606 node=N21461 type=control1 q_typed_reliable_context=2.192105 sequence=1119.694726
[typed-five-r3/b22_C] [plan iscas99__b22] [plan] step=607 node=N21485 type=control1 q_typed_reliable_context=3.220782 sequence=1122.915508
[typed-five-r3/b22_C] [plan iscas99__b22] [plan] step=608 node=N28772 type=control1 q_typed_reliable_context=1.515319 sequence=1124.430828
[typed-five-r3/b22_C] [plan iscas99__b22] [plan] step=609 node=N3936 type=control0 q_typed_reliable_context=0.700474 sequence=1125.131301
[typed-five-r3/b22_C] [plan iscas99__b22] [plan] step=610 node=N15394 type=control0 q_typed_reliable_context=1.126437 sequence=1126.257739
[typed-five-r3/b22_C] [plan iscas99__b22] [plan] step=611 node=N25481 type=control1 q_typed_reliable_context=0.814238 sequence=1127.071976
[typed-five-r3/b22_C] [plan iscas99__b22] [plan] step=612 node=N25961 type=control1 q_typed_reliable_context=1.169738 sequence=1128.241715
[typed-five-r3/b22_C] [plan iscas99__b22] [plan] step=613 node=N4459 type=control1 q_typed_reliable_context=1.396554 sequence=1129.638269
[typed-five-r3/b22_C] [plan iscas99__b22] [plan] step=614 node=N1185 type=control1 q_typed_reliable_context=1.452245 sequence=1131.090514
[typed-five-r3/b22_C] [plan iscas99__b22] [plan] step=615 node=N24454 type=control1 q_typed_reliable_context=4.561539 sequence=1135.652054
[typed-five-r3/b22_C] [plan iscas99__b22] [plan] step=616 node=N12852 type=control1 q_typed_reliable_context=0.836048 sequence=1136.488102
[typed-five-r3/b22_C] [plan iscas99__b22] [plan] step=617 node=N9804 type=control0 q_typed_reliable_context=1.659928 sequence=1138.148031
[typed-five-r3/b22_C] [plan iscas99__b22] [plan] step=618 node=N18326 type=control1 q_typed_reliable_context=0.846418 sequence=1138.994448
[typed-five-r3/b22_C] [plan iscas99__b22] [plan] step=619 node=N6668 type=control0 q_typed_reliable_context=1.366688 sequence=1140.361136
[typed-five-r3/b22_C] [plan iscas99__b22] [plan] step=620 node=N4462 type=control1 q_typed_reliable_context=0.997593 sequence=1141.358730
[typed-five-r3/b22_C] [plan iscas99__b22] [plan] step=621 node=N6856 type=control0 q_typed_reliable_context=1.019417 sequence=1142.378146
[typed-five-r3/b22_C] [plan iscas99__b22] [plan] step=622 node=N9795 type=control0 q_typed_reliable_context=0.699787 sequence=1143.077933
[typed-five-r3/b22_C] [plan iscas99__b22] [plan] step=623 node=N15415 type=control0 q_typed_reliable_context=1.091522 sequence=1144.169455
[typed-five-r3/b22_C] [plan iscas99__b22] [plan] step=624 node=N9608 type=control0 q_typed_reliable_context=0.736976 sequence=1144.906431
[typed-five-r3/b22_C] [plan iscas99__b22] [plan] step=625 node=N9581 type=control0 q_typed_reliable_context=0.702003 sequence=1145.608434
[typed-five-r3/b22_C] [plan iscas99__b22] [plan] step=626 node=N9714 type=control0 q_typed_reliable_context=0.696441 sequence=1146.304875
[typed-five-r3/b22_C] [plan iscas99__b22] [plan] step=627 node=N21463 type=control1 q_typed_reliable_context=2.316905 sequence=1148.621780
[typed-five-r3/b22_C] [plan iscas99__b22] [plan] step=628 node=N6811 type=control0 q_typed_reliable_context=0.724040 sequence=1149.345820
[typed-five-r3/b22_C] [plan iscas99__b22] [plan] step=629 node=N6721 type=control0 q_typed_reliable_context=1.339601 sequence=1150.685421
[typed-five-r3/b22_C] [plan iscas99__b22] [plan] step=630 node=N9759 type=control0 q_typed_reliable_context=0.948803 sequence=1151.634224
[typed-five-r3/b22_C] [plan iscas99__b22] [plan] step=631 node=N15200 type=control1 q_typed_reliable_context=0.921381 sequence=1152.555605
[typed-five-r3/b22_C] [plan iscas99__b22] [plan] step=632 node=N23994 type=control1 q_typed_reliable_context=1.490428 sequence=1154.046033
[typed-five-r3/b22_C] [plan iscas99__b22] [plan] step=633 node=N6766 type=control0 q_typed_reliable_context=1.234508 sequence=1155.280541
[typed-five-r3/b22_C] [plan iscas99__b22] [plan] step=634 node=N5256 type=observe q_typed_reliable_context=0.824390 sequence=1156.104932
[typed-five-r3/b22_C] [plan iscas99__b22] [plan] step=635 node=N26398 type=control1 q_typed_reliable_context=1.153852 sequence=1157.258783
[typed-five-r3/b22_C] [plan iscas99__b22] [plan] step=636 node=N26397 type=control1 q_typed_reliable_context=0.516609 sequence=1157.775392
[typed-five-r3/b22_C] [plan iscas99__b22] [plan] step=637 node=N7593 type=control1 q_typed_reliable_context=0.979858 sequence=1158.755250
[typed-five-r3/b22_C] [plan iscas99__b22] [plan] step=638 node=N9696 type=control0 q_typed_reliable_context=0.510829 sequence=1159.266079
[typed-five-r3/b22_C] [plan iscas99__b22] [plan] step=639 node=N1189 type=control1 q_typed_reliable_context=0.642883 sequence=1159.908962
[typed-five-r3/b22_C] [plan iscas99__b22] [plan] step=640 node=N9678 type=control0 q_typed_reliable_context=0.580620 sequence=1160.489582
[typed-five-r3/b22_C] [plan iscas99__b22] [plan] step=641 node=N26405 type=control1 q_typed_reliable_context=0.654688 sequence=1161.144269
[typed-five-r3/b22_C] [plan iscas99__b22] [plan] step=642 node=N15001 type=control1 q_typed_reliable_context=0.714898 sequence=1161.859167
[typed-five-r3/b22_C] [plan iscas99__b22] [plan] step=643 node=N15280 type=control0 q_typed_reliable_context=0.783280 sequence=1162.642447
[typed-five-r3/b22_C] [plan iscas99__b22] [plan] step=644 node=N9813 type=control0 q_typed_reliable_context=0.590850 sequence=1163.233297
[typed-five-r3/b22_C] [plan iscas99__b22] [plan] step=645 node=N9626 type=control0 q_typed_reliable_context=0.618256 sequence=1163.851553
[typed-five-r3/b22_C] [plan iscas99__b22] [plan] step=646 node=N21714 type=control0 q_typed_reliable_context=0.938369 sequence=1164.789922
[typed-five-r3/b22_C] [plan iscas99__b22] [plan] step=647 node=N26477 type=control1 q_typed_reliable_context=0.676995 sequence=1165.466916
[typed-five-r3/b22_C] [plan iscas99__b22] [plan] step=648 node=N15295 type=control0 q_typed_reliable_context=0.832886 sequence=1166.299803
[typed-five-r3/b22_C] [plan iscas99__b22] [plan] step=649 node=N26456 type=control1 q_typed_reliable_context=0.680450 sequence=1166.980252
[typed-five-r3/b22_C] [plan iscas99__b22] [plan] step=650 node=N24317 type=control1 q_typed_reliable_context=1.285073 sequence=1168.265325
[typed-five-r3/b22_C] [plan iscas99__b22] [plan] step=651 node=N21478 type=control1 q_typed_reliable_context=2.083382 sequence=1170.348707
[typed-five-r3/b22_C] [plan iscas99__b22] [plan] step=652 node=N21481 type=control1 q_typed_reliable_context=2.166843 sequence=1172.515549
[typed-five-r3/b22_C] [plan iscas99__b22] [plan] step=653 node=N3374 type=observe q_typed_reliable_context=1.079578 sequence=1173.595128
[typed-five-r3/b22_C] [plan iscas99__b22] [plan] step=654 node=N4475 type=observe q_typed_reliable_context=0.543082 sequence=1174.138210
[typed-five-r3/b22_C] [plan iscas99__b22] [plan] step=655 node=N15291 type=observe q_typed_reliable_context=1.199619 sequence=1175.337829
[typed-five-r3/b22_C] [plan iscas99__b22] [plan] step=656 node=N12295 type=control1 q_typed_reliable_context=1.132606 sequence=1176.470435
[typed-five-r3/b22_C] [plan iscas99__b22] [plan] step=657 node=N24210 type=control0 q_typed_reliable_context=1.709570 sequence=1178.180005
[typed-five-r3/b22_C] [plan iscas99__b22] [plan] step=658 node=N9768 type=control0 q_typed_reliable_context=1.083952 sequence=1179.263957
[typed-five-r3/b22_C] [plan iscas99__b22] [plan] step=659 node=N18495 type=observe q_typed_reliable_context=0.773959 sequence=1180.037916
[typed-five-r3/b22_C] [plan iscas99__b22] [plan] step=660 node=N18478 type=observe q_typed_reliable_context=0.506060 sequence=1180.543975
[typed-five-r3/b22_C] [plan iscas99__b22] [plan] step=661 node=N15176 type=observe q_typed_reliable_context=0.448950 sequence=1180.992926
[typed-five-r3/b22_C] [plan iscas99__b22] [plan] step=662 node=N15169 type=observe q_typed_reliable_context=0.395020 sequence=1181.387945
[typed-five-r3/b22_C] [plan iscas99__b22] [plan] step=663 node=N15121 type=observe q_typed_reliable_context=0.423501 sequence=1181.811446
[typed-five-r3/b22_C] [plan iscas99__b22] [plan] step=664 node=N15171 type=observe q_typed_reliable_context=0.380894 sequence=1182.192340
[typed-five-r3/b22_C] [plan iscas99__b22] [plan] step=665 node=N15136 type=observe q_typed_reliable_context=0.520690 sequence=1182.713030
[typed-five-r3/b22_C] [plan iscas99__b22] [plan] step=666 node=N4412 type=observe q_typed_reliable_context=2.942792 sequence=1185.655822
[typed-five-r3/b22_C] [plan iscas99__b22] [plan] step=667 node=N9750 type=control0 q_typed_reliable_context=0.796207 sequence=1186.452028
[typed-five-r3/b22_C] [plan iscas99__b22] [plan] step=668 node=N9617 type=control0 q_typed_reliable_context=0.628123 sequence=1187.080151
[typed-five-r3/b22_C] [plan iscas99__b22] [plan] step=669 node=N15134 type=observe q_typed_reliable_context=0.581235 sequence=1187.661386
[typed-five-r3/b22_C] [plan iscas99__b22] [plan] step=670 node=N9635 type=control0 q_typed_reliable_context=0.765512 sequence=1188.426899
[typed-five-r3/b22_C] [plan iscas99__b22] [plan] step=671 node=N26494 type=control0 q_typed_reliable_context=0.555512 sequence=1188.982411
[typed-five-r3/b22_C] [plan iscas99__b22] [plan] step=672 node=N15138 type=observe q_typed_reliable_context=0.608049 sequence=1189.590460
[typed-five-r3/b22_C] [plan iscas99__b22] [plan] step=673 node=N3080 type=observe q_typed_reliable_context=1.173621 sequence=1190.764081
[typed-five-r3/b22_C] [plan iscas99__b22] [plan] step=674 node=N14347 type=observe q_typed_reliable_context=1.494079 sequence=1192.258160
[typed-five-r3/b22_C] [plan iscas99__b22] [plan] step=675 node=N3409 type=observe q_typed_reliable_context=2.447593 sequence=1194.705753
[typed-five-r3/b22_C] [plan iscas99__b22] [plan] step=676 node=N4427 type=observe q_typed_reliable_context=2.007367 sequence=1196.713120
[typed-five-r3/b22_C] [plan iscas99__b22] [plan] step=677 node=N15068 type=observe q_typed_reliable_context=2.982939 sequence=1199.696059
[typed-five-r3/b22_C] [plan iscas99__b22] [plan] step=678 node=N14342 type=observe q_typed_reliable_context=2.365196 sequence=1202.061255
[typed-five-r3/b22_C] [plan iscas99__b22] [plan] step=679 node=N3445 type=observe q_typed_reliable_context=3.705677 sequence=1205.766931
[typed-five-r3/b22_C] [plan iscas99__b22] [plan] step=680 node=N15347 type=control0 q_typed_reliable_context=2.069665 sequence=1207.836596
[typed-five-r3/b22_C] [plan iscas99__b22] [plan] step=681 node=N3245 type=observe q_typed_reliable_context=3.099090 sequence=1210.935686
[typed-five-r3/b22_C] [plan iscas99__b22] [plan] step=682 node=N9741 type=control0 q_typed_reliable_context=2.421762 sequence=1213.357449
[typed-five-r3/b22_C] [plan iscas99__b22] [plan] step=683 node=N9705 type=control0 q_typed_reliable_context=1.447559 sequence=1214.805008
[typed-five-r3/b22_C] [plan iscas99__b22] [plan] step=684 node=N9669 type=control0 q_typed_reliable_context=1.159013 sequence=1215.964021
[typed-five-r3/b22_C] [plan iscas99__b22] [plan] step=685 node=N9660 type=control0 q_typed_reliable_context=0.986860 sequence=1216.950881
[typed-five-r3/b22_C] [plan iscas99__b22] [plan] step=686 node=N9590 type=control0 q_typed_reliable_context=1.584715 sequence=1218.535596
[typed-five-r3/b22_C] [plan iscas99__b22] [plan] step=687 node=N9599 type=control0 q_typed_reliable_context=0.977756 sequence=1219.513352
[typed-five-r3/b22_C] [plan iscas99__b22] [plan] step=688 node=N9723 type=control0 q_typed_reliable_context=0.864951 sequence=1220.378304
[typed-five-r3/b22_C] [plan iscas99__b22] [plan] step=689 node=N9559 type=control0 q_typed_reliable_context=1.503107 sequence=1221.881410
[typed-five-r3/b22_C] [plan iscas99__b22] [plan] step=690 node=N9651 type=control0 q_typed_reliable_context=1.573504 sequence=1223.454915
[typed-five-r3/b22_C] [plan iscas99__b22] [plan] step=691 node=N12323 type=control0 q_typed_reliable_context=0.910980 sequence=1224.365894
[typed-five-r3/b22_C] [plan iscas99__b22] [plan] step=692 node=N14346 type=observe q_typed_reliable_context=0.989247 sequence=1225.355142
[typed-five-r3/b22_C] [plan iscas99__b22] [plan] step=693 node=N12321 type=control0 q_typed_reliable_context=0.973764 sequence=1226.328906
[typed-five-r3/b22_C] [plan iscas99__b22] [plan] step=694 node=N9777 type=control0 q_typed_reliable_context=1.821516 sequence=1228.150422
[typed-five-r3/b22_C] [plan iscas99__b22] [plan] step=695 node=N9687 type=control0 q_typed_reliable_context=2.059965 sequence=1230.210387
[typed-five-r3/b22_C] [plan iscas99__b22] [plan] step=696 node=N3387 type=control0 q_typed_reliable_context=2.227184 sequence=1232.437571
[typed-five-r3/b22_C] [plan iscas99__b22] [plan] step=697 node=N15483 type=control0 q_typed_reliable_context=2.779789 sequence=1235.217360
[typed-five-r3/b22_C] [plan iscas99__b22] [plan] step=698 node=N18323 type=control1 q_typed_reliable_context=2.405491 sequence=1237.622851
[typed-five-r3/b22_C] [plan iscas99__b22] [plan] step=699 node=N14511 type=control0 q_typed_reliable_context=1.459405 sequence=1239.082256
[typed-five-r3/b22_C] [plan iscas99__b22] [plan] step=700 node=N12325 type=control0 q_typed_reliable_context=1.354048 sequence=1240.436304
[typed-five-r3/b22_C] [plan iscas99__b22] [plan] step=701 node=N9786 type=control0 q_typed_reliable_context=1.349718 sequence=1241.786022
[typed-five-r3/b22_C] [plan iscas99__b22] [plan] step=702 node=N12892 type=control0 q_typed_reliable_context=1.416051 sequence=1243.202073
[typed-five-r3/b22_C] [plan iscas99__b22] [plan] step=703 node=N21723 type=control0 q_typed_reliable_context=1.388482 sequence=1244.590555
[typed-five-r3/b22_C] [plan iscas99__b22] [plan] step=704 node=N15124 type=observe q_typed_reliable_context=0.623061 sequence=1245.213616
[typed-five-r3/b22_C] [plan iscas99__b22] [plan] step=705 node=N12294 type=control1 q_typed_reliable_context=1.967117 sequence=1247.180733
[typed-five-r3/b22_C] [plan iscas99__b22] [plan] step=706 node=N2608 type=observe q_typed_reliable_context=1.248597 sequence=1248.429330
[typed-five-r3/b22_C] [plan iscas99__b22] [plan] step=707 node=N15059 type=observe q_typed_reliable_context=1.309092 sequence=1249.738422
[typed-five-r3/b22_C] [plan iscas99__b22] [plan] step=708 node=N3463 type=observe q_typed_reliable_context=1.849212 sequence=1251.587634
[typed-five-r3/b22_C] [plan iscas99__b22] [plan] step=709 node=N14358 type=observe q_typed_reliable_context=6.721178 sequence=1258.308812
[typed-five-r3/b22_C] [plan iscas99__b22] [plan] step=710 node=N21403 type=control1 q_typed_reliable_context=5.523136 sequence=1263.831947
[typed-five-r3/b22_C] [plan iscas99__b22] [plan] step=711 node=N2722 type=observe q_typed_reliable_context=4.133330 sequence=1267.965277
[typed-five-r3/b22_C] [plan iscas99__b22] [plan] step=712 node=N3265 type=observe q_typed_reliable_context=5.412621 sequence=1273.377898
[typed-five-r3/b22_C] [plan iscas99__b22] [plan] step=713 node=N3490 type=observe q_typed_reliable_context=7.085386 sequence=1280.463284
[typed-five-r3/b22_C] [plan iscas99__b22] [plan] step=714 node=N15076 type=observe q_typed_reliable_context=5.903849 sequence=1286.367133
[typed-five-r3/b22_C] [plan iscas99__b22] [plan] step=715 node=N2912 type=observe q_typed_reliable_context=6.888653 sequence=1293.255786
[typed-five-r3/b22_C] [plan iscas99__b22] [plan] step=716 node=N18427 type=observe q_typed_reliable_context=3.415190 sequence=1296.670976
[typed-five-r3/b22_C] [plan iscas99__b22] [plan] step=717 node=N15164 type=observe q_typed_reliable_context=0.663729 sequence=1297.334705
[typed-five-r3/b22_C] [plan iscas99__b22] [plan] step=718 node=N3526 type=observe q_typed_reliable_context=3.888391 sequence=1301.223096
[typed-five-r3/b22_C] [plan iscas99__b22] [plan] step=719 node=N3275 type=observe q_typed_reliable_context=7.077603 sequence=1308.300699
[typed-five-r3/b22_C] [plan iscas99__b22] [plan] step=720 node=N15078 type=observe q_typed_reliable_context=6.302102 sequence=1314.602801
[typed-five-r3/b22_C] [plan iscas99__b22] [plan] step=721 node=N3544 type=observe q_typed_reliable_context=6.657290 sequence=1321.260091
[typed-five-r3/b22_C] [plan iscas99__b22] [plan] step=722 node=N2874 type=observe q_typed_reliable_context=3.689135 sequence=1324.949226
[typed-five-r3/b22_C] [plan iscas99__b22] [plan] step=723 node=N3360 type=control0 q_typed_reliable_context=1.179568 sequence=1326.128794
[typed-five-r3/b22_C] [plan iscas99__b22] [plan] step=724 node=N15159 type=observe q_typed_reliable_context=0.641685 sequence=1326.770479
[typed-five-r3/b22_C] [plan iscas99__b22] [plan] step=725 node=N15062 type=observe q_typed_reliable_context=3.515785 sequence=1330.286264
[typed-five-r3/b22_C] [plan iscas99__b22] [plan] step=726 node=N2305 type=observe q_typed_reliable_context=5.904388 sequence=1336.190652
[typed-five-r3/b22_C] [plan iscas99__b22] [plan] step=727 node=N14458 type=observe q_typed_reliable_context=5.805748 sequence=1341.996400
[typed-five-r3/b22_C] [plan iscas99__b22] [plan] step=728 node=N2320 type=observe q_typed_reliable_context=6.672638 sequence=1348.669038
[typed-five-r3/b22_C] [plan iscas99__b22] [plan] step=729 node=N15055 type=observe q_typed_reliable_context=3.652769 sequence=1352.321807
[typed-five-r3/b22_C] [plan iscas99__b22] [plan] step=730 node=N15013 type=observe q_typed_reliable_context=3.830408 sequence=1356.152215
[typed-five-r3/b22_C] [plan iscas99__b22] [plan] step=731 node=N2302 type=observe q_typed_reliable_context=5.287066 sequence=1361.439281
[typed-five-r3/b22_C] [plan iscas99__b22] [plan] step=732 node=N2307 type=observe q_typed_reliable_context=4.431872 sequence=1365.871154
[typed-five-r3/b22_C] [plan iscas99__b22] [plan] step=733 node=N15065 type=observe q_typed_reliable_context=2.490040 sequence=1368.361194
[typed-five-r3/b22_C] [plan iscas99__b22] [plan] step=734 node=N2310 type=observe q_typed_reliable_context=4.764969 sequence=1373.126162
[typed-five-r3/b22_C] [plan iscas99__b22] [plan] step=735 node=N18537 type=observe q_typed_reliable_context=2.801884 sequence=1375.928046
[typed-five-r3/b22_C] [plan iscas99__b22] [plan] step=736 node=N15064 type=observe q_typed_reliable_context=3.574708 sequence=1379.502755
[typed-five-r3/b22_C] [plan iscas99__b22] [plan] step=737 node=N2317 type=observe q_typed_reliable_context=3.919329 sequence=1383.422083
[typed-five-r3/b22_C] [plan iscas99__b22] [plan] step=738 node=N2322 type=observe q_typed_reliable_context=2.717547 sequence=1386.139631
[typed-five-r3/b22_C] [plan iscas99__b22] [plan] step=739 node=N6802 type=control0 q_typed_reliable_context=0.848182 sequence=1386.987813
[typed-five-r3/b22_C] [plan iscas99__b22] [plan] step=740 node=N15369 type=observe q_typed_reliable_context=3.034659 sequence=1390.022472
[typed-five-r3/b22_C] [plan iscas99__b22] [plan] step=741 node=N15524 type=control0 q_typed_reliable_context=6.998089 sequence=1397.020561
[typed-five-r3/b22_C] [plan iscas99__b22] [plan] step=742 node=N21583 type=control1 q_typed_reliable_context=6.493585 sequence=1403.514146
[typed-five-r3/b22_C] [plan iscas99__b22] [plan] step=743 node=N21615 type=control1 q_typed_reliable_context=2.410639 sequence=1405.924785
[typed-five-r3/b22_C] [plan iscas99__b22] [plan] step=744 node=N8621 type=control1 q_typed_reliable_context=2.071614 sequence=1407.996399
[typed-five-r3/b22_C] [plan iscas99__b22] [plan] step=745 node=N20852 type=control1 q_typed_reliable_context=3.316930 sequence=1411.313330
[typed-five-r3/b22_C] [plan iscas99__b22] [plan] step=746 node=N20351 type=control1 q_typed_reliable_context=4.920508 sequence=1416.233838
[typed-five-r3/b22_C] [plan iscas99__b22] [plan] step=747 node=N21866 type=control0 q_typed_reliable_context=2.081879 sequence=1418.315717
[typed-five-r3/b22_C] [plan iscas99__b22] [plan] step=748 node=N9732 type=control0 q_typed_reliable_context=3.775875 sequence=1422.091592
[typed-five-r3/b22_C] [plan iscas99__b22] [plan] step=749 node=N21973 type=control1 q_typed_reliable_context=5.496242 sequence=1427.587833
[typed-five-r3/b22_C] [plan iscas99__b22] [plan] step=750 node=N21709 type=control0 q_typed_reliable_context=6.904449 sequence=1434.492282
[typed-five-r3/b22_C] [plan iscas99__b22] [plan] step=751 node=N15498 type=control0 q_typed_reliable_context=5.752063 sequence=1440.244345
[typed-five-r3/b22_C] [plan iscas99__b22] [plan] step=752 node=N19851 type=control1 q_typed_reliable_context=6.875016 sequence=1447.119361
[typed-five-r3/b22_C] [plan iscas99__b22] [plan] step=753 node=N3378 type=control0 q_typed_reliable_context=0.576392 sequence=1447.695754
[typed-five-r3/b22_C] [plan iscas99__b22] [plan] step=754 node=N2325 type=observe q_typed_reliable_context=3.289394 sequence=1450.985147
[typed-five-r3/b22_C] [plan iscas99__b22] [plan] step=755 node=N3449 type=control0 q_typed_reliable_context=0.181323 sequence=1451.166470
[typed-five-r3/b22_C] [plan iscas99__b22] [plan] step=756 node=N21612 type=control1 q_typed_reliable_context=1.853493 sequence=1453.019963
[typed-five-r3/b22_C] [plan iscas99__b22] [plan] step=757 node=N20850 type=control1 q_typed_reliable_context=2.955873 sequence=1455.975836
[typed-five-r3/b22_C] [plan iscas99__b22] [plan] step=758 node=N20851 type=control1 q_typed_reliable_context=6.102137 sequence=1462.077973
[typed-five-r3/b22_C] [plan iscas99__b22] [plan] step=759 node=N20858 type=control1 q_typed_reliable_context=6.933317 sequence=1469.011290
[typed-five-r3/b22_C] [plan iscas99__b22] [plan] step=760 node=N15503 type=control0 q_typed_reliable_context=4.067406 sequence=1473.078696
[typed-five-r3/b22_C] [plan iscas99__b22] [plan] step=761 node=N12319 type=control0 q_typed_reliable_context=2.064638 sequence=1475.143334
[typed-five-r3/b22_C] [plan iscas99__b22] [plan] step=762 node=N26402 type=control1 q_typed_reliable_context=0.398064 sequence=1475.541397
[typed-five-r3/b22_C] [plan iscas99__b22] [plan] step=763 node=N20350 type=control1 q_typed_reliable_context=4.945803 sequence=1480.487200
[typed-five-r3/b22_C] [plan iscas99__b22] [plan] step=764 node=N20357 type=control1 q_typed_reliable_context=7.014479 sequence=1487.501679
[typed-five-r3/b22_C] [plan iscas99__b22] [plan] step=765 node=N20857 type=control1 q_typed_reliable_context=3.539187 sequence=1491.040866
[typed-five-r3/b22_C] [plan iscas99__b22] [plan] step=766 node=N20349 type=control1 q_typed_reliable_context=3.349099 sequence=1494.389965
[typed-five-r3/b22_C] [plan iscas99__b22] [plan] step=767 node=N20356 type=control1 q_typed_reliable_context=3.539246 sequence=1497.929211
[typed-five-r3/b22_C] [plan iscas99__b22] [plan] step=768 node=N21971 type=control1 q_typed_reliable_context=2.911481 sequence=1500.840692
[typed-five-r3/b22_C] [plan iscas99__b22] [plan] step=769 node=N21972 type=control1 q_typed_reliable_context=2.895008 sequence=1503.735700
[typed-five-r3/b22_C] [plan iscas99__b22] [plan] step=770 node=N21979 type=control1 q_typed_reliable_context=2.881931 sequence=1506.617631
[typed-five-r3/b22_C] [plan iscas99__b22] [plan] step=771 node=N21978 type=control1 q_typed_reliable_context=2.866121 sequence=1509.483753
[typed-five-r3/b22_C] [plan iscas99__b22] [plan] step=772 node=N18574 type=control0 q_typed_reliable_context=1.391483 sequence=1510.875236
[typed-five-r3/b22_C] [plan iscas99__b22] [plan] step=773 node=N15160 type=control0 q_typed_reliable_context=1.574286 sequence=1512.449521
[typed-five-r3/b22_C] [plan iscas99__b22] [plan] step=774 node=N15254 type=control0 q_typed_reliable_context=2.184219 sequence=1514.633740
[typed-five-r3/b22_C] [plan iscas99__b22] [plan] step=775 node=N15245 type=control0 q_typed_reliable_context=2.040877 sequence=1516.674617
[typed-five-r3/b22_C] [plan iscas99__b22] [plan] step=776 node=N15275 type=control0 q_typed_reliable_context=1.858263 sequence=1518.532880
[typed-five-r3/b22_C] [plan iscas99__b22] [plan] step=777 node=N26330 type=control0 q_typed_reliable_context=1.138339 sequence=1519.671220
[typed-five-r3/b22_C] [plan iscas99__b22] [plan] step=778 node=N21770 type=control0 q_typed_reliable_context=2.519237 sequence=1522.190457
[typed-five-r3/b22_C] [plan iscas99__b22] [plan] step=779 node=N15215 type=control0 q_typed_reliable_context=2.729945 sequence=1524.920402
[typed-five-r3/b22_C] [plan iscas99__b22] [plan] step=780 node=N14382 type=observe q_typed_reliable_context=1.565949 sequence=1526.486351
[typed-five-r3/b22_C] [plan iscas99__b22] [plan] step=781 node=N26396 type=control1 q_typed_reliable_context=1.154124 sequence=1527.640475
[typed-five-r3/b22_C] [plan iscas99__b22] [plan] step=782 node=N19849 type=control1 q_typed_reliable_context=3.318571 sequence=1530.959046
[typed-five-r3/b22_C] [plan iscas99__b22] [plan] step=783 node=N19850 type=control1 q_typed_reliable_context=3.152498 sequence=1534.111544
[typed-five-r3/b22_C] [plan iscas99__b22] [plan] step=784 node=N19857 type=control1 q_typed_reliable_context=3.487577 sequence=1537.599121
[typed-five-r3/b22_C] [plan iscas99__b22] [plan] step=785 node=N19856 type=control1 q_typed_reliable_context=3.357524 sequence=1540.956645
[typed-five-r3/b22_C] [plan iscas99__b22] [plan] step=786 node=N3694 type=control0 q_typed_reliable_context=2.753861 sequence=1543.710506
[typed-five-r3/b22_C] [plan iscas99__b22] [plan] step=787 node=N26400 type=control0 q_typed_reliable_context=2.500362 sequence=1546.210868
[typed-five-r3/b22_C] [plan iscas99__b22] [plan] step=788 node=N9643 type=control0 q_typed_reliable_context=1.691186 sequence=1547.902054
[typed-five-r3/b22_C] [plan iscas99__b22] [plan] step=789 node=N9185 type=control1 q_typed_reliable_context=1.737553 sequence=1549.639607
[typed-five-r3/b22_C] [plan iscas99__b22] [plan] step=790 node=N12329 type=control0 q_typed_reliable_context=2.001703 sequence=1551.641310
[typed-five-r3/b22_C] [plan iscas99__b22] [plan] step=791 node=N4431 type=control0 q_typed_reliable_context=2.099604 sequence=1553.740915
[typed-five-r3/b22_C] [plan iscas99__b22] [plan] step=792 node=N12890 type=control0 q_typed_reliable_context=1.352506 sequence=1555.093421
[typed-five-r3/b22_C] [plan iscas99__b22] [plan] step=793 node=N28455 type=control0 q_typed_reliable_context=1.883316 sequence=1556.976737
[typed-five-r3/b22_C] [plan iscas99__b22] [plan] step=794 node=N28627 type=control0 q_typed_reliable_context=1.811860 sequence=1558.788597
[typed-five-r3/b22_C] [plan iscas99__b22] [plan] step=795 node=N15344 type=control0 q_typed_reliable_context=1.086738 sequence=1559.875335
[typed-five-r3/b22_C] [plan iscas99__b22] [plan] step=796 node=N28634 type=control0 q_typed_reliable_context=2.411641 sequence=1562.286975
[typed-five-r3/b22_C] [plan iscas99__b22] [plan] step=797 node=N24152 type=control0 q_typed_reliable_context=3.101605 sequence=1565.388580
[typed-five-r3/b22_C] [plan iscas99__b22] [plan] step=798 node=N4331 type=control0 q_typed_reliable_context=2.369212 sequence=1567.757792
[typed-five-r3/b22_C] [plan iscas99__b22] [plan] step=799 node=N10503 type=control0 q_typed_reliable_context=1.651803 sequence=1569.409596
[typed-five-r3/b22_C] [plan iscas99__b22] [plan] step=800 node=N26523 type=control0 q_typed_reliable_context=1.651572 sequence=1571.061168
[typed-five-r3/b22_C] [plan iscas99__b22] [plan] step=801 node=N24161 type=control0 q_typed_reliable_context=1.086289 sequence=1572.147457
[typed-five-r3/b22_C] [plan iscas99__b22] [plan] step=802 node=N28462 type=control0 q_typed_reliable_context=2.192739 sequence=1574.340195
[typed-five-r3/b22_C] [plan iscas99__b22] [plan] step=803 node=N24123 type=control1 q_typed_reliable_context=0.839532 sequence=1575.179727
[typed-five-r3/b22_C] [plan iscas99__b22] [plan] step=804 node=N24129 type=control1 q_typed_reliable_context=1.136823 sequence=1576.316549
[typed-five-r3/b22_C] [plan iscas99__b22] [plan] step=805 node=N24126 type=control1 q_typed_reliable_context=1.375129 sequence=1577.691678
[typed-five-r3/b22_C] [plan iscas99__b22] [plan] step=806 node=N24125 type=control1 q_typed_reliable_context=3.543643 sequence=1581.235321
[typed-five-r3/b22_C] [plan iscas99__b22] [plan] step=807 node=N29442 type=control1 q_typed_reliable_context=5.794218 sequence=1587.029539
[typed-five-r3/b22_C] [plan iscas99__b22] [plan] step=808 node=N29436 type=control1 q_typed_reliable_context=6.365768 sequence=1593.395308
[typed-five-r3/b22_C] [plan iscas99__b22] [plan] step=809 node=N26539 type=control1 q_typed_reliable_context=4.434163 sequence=1597.829470
[typed-five-r3/b22_C] [plan iscas99__b22] [plan] step=810 node=N27036 type=control1 q_typed_reliable_context=3.650748 sequence=1601.480218
[typed-five-r3/b22_C] [plan iscas99__b22] [plan] step=811 node=N26533 type=control1 q_typed_reliable_context=3.746441 sequence=1605.226659
[typed-five-r3/b22_C] [plan iscas99__b22] [plan] step=812 node=N15400 type=control0 q_typed_reliable_context=6.498071 sequence=1611.724729
[typed-five-r3/b22_C] [plan iscas99__b22] [plan] step=813 node=N27537 type=control1 q_typed_reliable_context=5.717159 sequence=1617.441888
[typed-five-r3/b22_C] [plan iscas99__b22] [plan] step=814 node=N27543 type=control1 q_typed_reliable_context=2.983068 sequence=1620.424956
[typed-five-r3/b22_C] [plan iscas99__b22] [plan] step=815 node=N27042 type=control1 q_typed_reliable_context=2.691141 sequence=1623.116097
[typed-five-r3/b22_C] [plan iscas99__b22] [plan] step=816 node=N24180 type=control0 q_typed_reliable_context=2.065527 sequence=1625.181624
[typed-five-r3/b22_C] [plan iscas99__b22] [plan] step=817 node=N3324 type=control0 q_typed_reliable_context=0.674033 sequence=1625.855657
[typed-five-r3/b22_C] [plan iscas99__b22] [plan] step=818 node=N24222 type=control0 q_typed_reliable_context=1.977945 sequence=1627.833602
[typed-five-r3/b22_C] [plan iscas99__b22] [plan] step=819 node=N5028 type=control0 q_typed_reliable_context=6.182653 sequence=1634.016255
[typed-five-r3/b22_C] [plan iscas99__b22] [plan] step=820 node=N5048 type=control0 q_typed_reliable_context=5.230458 sequence=1639.246713
[typed-five-r3/b22_C] [plan iscas99__b22] [plan] step=821 node=N5068 type=control0 q_typed_reliable_context=2.210711 sequence=1641.457424
[typed-five-r3/b22_C] [plan iscas99__b22] [plan] step=822 node=N10400 type=control0 q_typed_reliable_context=0.887787 sequence=1642.345211
[typed-five-r3/b22_C] [plan iscas99__b22] [plan] step=823 node=N29434 type=control1 q_typed_reliable_context=2.976621 sequence=1645.321832
[typed-five-r3/b22_C] [plan iscas99__b22] [plan] step=824 node=N21939 type=control0 q_typed_reliable_context=2.504185 sequence=1647.826016
[typed-five-r3/b22_C] [plan iscas99__b22] [plan] step=825 node=N9640 type=control0 q_typed_reliable_context=1.825819 sequence=1649.651836
[typed-five-r3/b22_C] [plan iscas99__b22] [plan] step=826 node=N29435 type=control1 q_typed_reliable_context=3.338196 sequence=1652.990032
[typed-five-r3/b22_C] [plan iscas99__b22] [plan] step=827 node=N26333 type=control0 q_typed_reliable_context=1.409017 sequence=1654.399048
[typed-five-r3/b22_C] [plan iscas99__b22] [plan] step=828 node=N26531 type=control1 q_typed_reliable_context=3.575257 sequence=1657.974305
[typed-five-r3/b22_C] [plan iscas99__b22] [plan] step=829 node=N26532 type=control1 q_typed_reliable_context=2.872198 sequence=1660.846503
[typed-five-r3/b22_C] [plan iscas99__b22] [plan] step=830 node=N27034 type=control1 q_typed_reliable_context=2.752690 sequence=1663.599194
[typed-five-r3/b22_C] [plan iscas99__b22] [plan] step=831 node=N27035 type=control1 q_typed_reliable_context=2.483645 sequence=1666.082838
[typed-five-r3/b22_C] [plan iscas99__b22] [plan] step=832 node=N27535 type=control1 q_typed_reliable_context=2.472606 sequence=1668.555444
[typed-five-r3/b22_C] [plan iscas99__b22] [plan] step=833 node=N27536 type=control1 q_typed_reliable_context=2.505429 sequence=1671.060873
[typed-five-r3/b22_C] [plan iscas99__b22] [plan] step=834 node=N28552 type=control0 q_typed_reliable_context=1.893753 sequence=1672.954626
[typed-five-r3/b22_C] [plan iscas99__b22] [plan] step=835 node=N21919 type=control0 q_typed_reliable_context=2.662635 sequence=1675.617261
[typed-five-r3/b22_C] [plan iscas99__b22] [plan] step=836 node=N15509 type=control0 q_typed_reliable_context=2.591911 sequence=1678.209172
[typed-five-r3/b22_C] [plan iscas99__b22] [plan] step=837 node=N3530 type=control0 q_typed_reliable_context=0.858866 sequence=1679.068038
[typed-five-r3/b22_C] [plan iscas99__b22] [plan] step=838 node=N13065 type=control1 q_typed_reliable_context=4.506572 sequence=1683.574610
[typed-five-r3/b22_C] [plan iscas99__b22] [plan] step=839 node=N13066 type=control1 q_typed_reliable_context=2.842410 sequence=1686.417020
[typed-five-r3/b22_C] [plan iscas99__b22] [plan] step=840 node=N16538 type=control1 q_typed_reliable_context=2.445892 sequence=1688.862912
[typed-five-r3/b22_C] [plan iscas99__b22] [plan] step=841 node=N16539 type=control1 q_typed_reliable_context=2.280232 sequence=1691.143143
[typed-five-r3/b22_C] [plan iscas99__b22] [plan] step=842 node=N13073 type=control1 q_typed_reliable_context=2.131551 sequence=1693.274695
[typed-five-r3/b22_C] [plan iscas99__b22] [plan] step=843 node=N16546 type=control1 q_typed_reliable_context=2.093059 sequence=1695.367754
[typed-five-r3/b22_C] [plan iscas99__b22] [plan] step=844 node=N17036 type=control1 q_typed_reliable_context=2.027876 sequence=1697.395629
[typed-five-r3/b22_C] [plan iscas99__b22] [plan] step=845 node=N17037 type=control1 q_typed_reliable_context=2.048075 sequence=1699.443704
[typed-five-r3/b22_C] [plan iscas99__b22] [plan] step=846 node=N17044 type=control1 q_typed_reliable_context=2.063450 sequence=1701.507154
[typed-five-r3/b22_C] [plan iscas99__b22] [plan] step=847 node=N1826 type=control0 q_typed_reliable_context=2.771639 sequence=1704.278793
[typed-five-r3/b22_C] [plan iscas99__b22] [plan] step=848 node=N1806 type=control0 q_typed_reliable_context=2.636662 sequence=1706.915455
[typed-five-r3/b22_C] [plan iscas99__b22] [plan] step=849 node=N15421 type=control0 q_typed_reliable_context=1.939064 sequence=1708.854519
[typed-five-r3/b22_C] [plan iscas99__b22] [plan] step=850 node=N12331 type=control0 q_typed_reliable_context=0.958675 sequence=1709.813194
[typed-five-r3/b22_C] [plan iscas99__b22] [plan] step=851 node=N26395 type=control0 q_typed_reliable_context=1.338384 sequence=1711.151579
[typed-five-r3/b22_C] [plan iscas99__b22] [plan] step=852 node=N24025 type=control0 q_typed_reliable_context=1.263984 sequence=1712.415562
[typed-five-r3/b22_C] [plan iscas99__b22] [plan] step=853 node=N19237 type=control0 q_typed_reliable_context=2.738552 sequence=1715.154114
[typed-five-r3/b22_C] [plan iscas99__b22] [plan] step=854 node=N1786 type=control0 q_typed_reliable_context=2.342331 sequence=1717.496445
[typed-five-r3/b22_C] [plan iscas99__b22] [plan] step=855 node=N24027 type=control0 q_typed_reliable_context=1.348400 sequence=1718.844845
[typed-five-r3/b22_C] [plan iscas99__b22] [plan] step=856 node=N24016 type=control0 q_typed_reliable_context=1.116928 sequence=1719.961773
[typed-five-r3/b22_C] [plan iscas99__b22] [plan] step=857 node=N29441 type=control1 q_typed_reliable_context=3.121928 sequence=1723.083701
[typed-five-r3/b22_C] [plan iscas99__b22] [plan] step=858 node=N27041 type=control1 q_typed_reliable_context=2.120463 sequence=1725.204163
[typed-five-r3/b22_C] [plan iscas99__b22] [plan] step=859 node=N26538 type=control1 q_typed_reliable_context=2.386047 sequence=1727.590210
[typed-five-r3/b22_C] [plan iscas99__b22] [plan] step=860 node=N27542 type=control1 q_typed_reliable_context=2.596568 sequence=1730.186778
[typed-five-r3/b22_C] [plan iscas99__b22] [plan] step=861 node=N17534 type=control1 q_typed_reliable_context=2.700533 sequence=1732.887311
[typed-five-r3/b22_C] [plan iscas99__b22] [plan] step=862 node=N17535 type=control1 q_typed_reliable_context=2.867505 sequence=1735.754816
[typed-five-r3/b22_C] [plan iscas99__b22] [plan] step=863 node=N17542 type=control1 q_typed_reliable_context=3.069744 sequence=1738.824560
[typed-five-r3/b22_C] [plan iscas99__b22] [plan] step=864 node=N28148 type=control1 q_typed_reliable_context=3.283749 sequence=1742.108309
[typed-five-r3/b22_C] [plan iscas99__b22] [plan] step=865 node=N28155 type=control1 q_typed_reliable_context=3.728773 sequence=1745.837081
[typed-five-r3/b22_C] [plan iscas99__b22] [plan] step=866 node=N10075 type=control0 q_typed_reliable_context=1.923848 sequence=1747.760929
[typed-five-r3/b22_C] [plan iscas99__b22] [plan] step=867 node=N10082 type=control0 q_typed_reliable_context=1.100778 sequence=1748.861707
[typed-five-r3/b22_C] [plan iscas99__b22] [plan] step=868 node=N10089 type=control0 q_typed_reliable_context=1.519493 sequence=1750.381200
[typed-five-r3/b22_C] [plan iscas99__b22] [plan] step=869 node=N10096 type=control0 q_typed_reliable_context=1.686667 sequence=1752.067867
[typed-five-r3/b22_C] [plan iscas99__b22] [plan] step=870 node=N10103 type=control0 q_typed_reliable_context=2.168655 sequence=1754.236522
[typed-five-r3/b22_C] [plan iscas99__b22] [plan] step=871 node=N10110 type=control0 q_typed_reliable_context=1.785453 sequence=1756.021976
[typed-five-r3/b22_C] [plan iscas99__b22] [plan] step=872 node=N10117 type=control0 q_typed_reliable_context=1.672291 sequence=1757.694267
[typed-five-r3/b22_C] [plan iscas99__b22] [plan] step=873 node=N10124 type=control0 q_typed_reliable_context=1.398777 sequence=1759.093044
[typed-five-r3/b22_C] [plan iscas99__b22] [plan] step=874 node=N10131 type=control0 q_typed_reliable_context=1.434520 sequence=1760.527564
[typed-five-r3/b22_C] [plan iscas99__b22] [plan] step=875 node=N10138 type=control0 q_typed_reliable_context=1.661338 sequence=1762.188903
[typed-five-r3/b22_C] [plan iscas99__b22] [plan] step=876 node=N10145 type=control0 q_typed_reliable_context=1.842715 sequence=1764.031618
[typed-five-r3/b22_C] [plan iscas99__b22] [plan] step=877 node=N10152 type=control0 q_typed_reliable_context=1.972517 sequence=1766.004135
[typed-five-r3/b22_C] [plan iscas99__b22] [plan] step=878 node=N10159 type=control0 q_typed_reliable_context=1.293457 sequence=1767.297592
[typed-five-r3/b22_C] [plan iscas99__b22] [plan] step=879 node=N10068 type=control0 q_typed_reliable_context=1.347978 sequence=1768.645570
[typed-five-r3/b22_C] [plan iscas99__b22] [plan] step=880 node=N10166 type=control0 q_typed_reliable_context=1.398549 sequence=1770.044119
[typed-five-r3/b22_C] [plan iscas99__b22] [plan] step=881 node=N10173 type=control0 q_typed_reliable_context=1.384487 sequence=1771.428607
[typed-five-r3/b22_C] [plan iscas99__b22] [plan] step=882 node=N10178 type=control0 q_typed_reliable_context=1.407385 sequence=1772.835991
[typed-five-r3/b22_C] [plan iscas99__b22] [plan] step=883 node=N10180 type=control0 q_typed_reliable_context=1.438379 sequence=1774.274371
[typed-five-r3/b22_C] [plan iscas99__b22] [plan] step=884 node=N10182 type=control0 q_typed_reliable_context=1.464967 sequence=1775.739337
[typed-five-r3/b22_C] [plan iscas99__b22] [plan] step=885 node=N10184 type=control0 q_typed_reliable_context=1.482934 sequence=1777.222272
[typed-five-r3/b22_C] [plan iscas99__b22] [plan] step=886 node=N10186 type=control0 q_typed_reliable_context=1.501213 sequence=1778.723484
[typed-five-r3/b22_C] [plan iscas99__b22] [plan] step=887 node=N10188 type=control0 q_typed_reliable_context=1.490543 sequence=1780.214027
[typed-five-r3/b22_C] [plan iscas99__b22] [plan] step=888 node=N10190 type=control0 q_typed_reliable_context=1.479037 sequence=1781.693064
[typed-five-r3/b22_C] [plan iscas99__b22] [plan] step=889 node=N10192 type=control0 q_typed_reliable_context=1.457586 sequence=1783.150649
[typed-five-r3/b22_C] [plan iscas99__b22] [plan] step=890 node=N10194 type=control0 q_typed_reliable_context=1.382947 sequence=1784.533596
[typed-five-r3/b22_C] [plan iscas99__b22] [plan] step=891 node=N10196 type=control0 q_typed_reliable_context=1.307994 sequence=1785.841590
[typed-five-r3/b22_C] [plan iscas99__b22] [plan] step=892 node=N10061 type=control0 q_typed_reliable_context=1.242686 sequence=1787.084275
[typed-five-r3/b22_C] [plan iscas99__b22] [plan] step=893 node=N10054 type=control0 q_typed_reliable_context=1.180983 sequence=1788.265258
[typed-five-r3/b22_C] [plan iscas99__b22] [plan] step=894 node=N10047 type=control0 q_typed_reliable_context=1.106262 sequence=1789.371520
[typed-five-r3/b22_C] [plan iscas99__b22] [plan] step=895 node=N9155 type=control0 q_typed_reliable_context=1.019859 sequence=1790.391379
[typed-five-r3/b22_C] [plan iscas99__b22] [plan] step=896 node=N24203 type=control0 q_typed_reliable_context=0.951661 sequence=1791.343040
[typed-five-r3/b22_C] [plan iscas99__b22] [plan] step=897 node=N21893 type=control0 q_typed_reliable_context=0.852008 sequence=1792.195048
[typed-five-r3/b22_C] [plan iscas99__b22] [plan] step=898 node=N18500 type=observe q_typed_reliable_context=1.053623 sequence=1793.248671
[typed-five-r3/b22_C] [plan iscas99__b22] [plan] step=899 node=N15057 type=observe q_typed_reliable_context=1.386513 sequence=1794.635184
[typed-five-r3/b22_C] [plan iscas99__b22] [plan] step=900 node=N3299 type=observe q_typed_reliable_context=1.541235 sequence=1796.176418
[typed-five-r3/b22_C] [plan iscas99__b22] [plan] step=901 node=N18484 type=observe q_typed_reliable_context=1.469446 sequence=1797.645864
[typed-five-r3/b22_C] [plan iscas99__b22] [plan] step=902 node=N18481 type=observe q_typed_reliable_context=1.279959 sequence=1798.925823
[typed-five-r3/b22_C] [plan iscas99__b22] [plan] step=903 node=N15167 type=observe q_typed_reliable_context=1.627519 sequence=1800.553343
[typed-five-r3/b22_C] [plan iscas99__b22] [plan] step=904 node=N18490 type=observe q_typed_reliable_context=1.679929 sequence=1802.233271
[typed-five-r3/b22_C] [plan iscas99__b22] [plan] step=905 node=N26328 type=observe q_typed_reliable_context=1.059913 sequence=1803.293185
[typed-five-r3/b22_C] [plan iscas99__b22] [plan] step=906 node=N10200 type=control0 q_typed_reliable_context=1.325270 sequence=1804.618455
[typed-five-r3/b22_C] [plan iscas99__b22] [plan] step=907 node=N1240 type=observe q_typed_reliable_context=1.228097 sequence=1805.846552
[typed-five-r3/b22_C] [plan iscas99__b22] [plan] step=908 node=N3476 type=control0 q_typed_reliable_context=0.097973 sequence=1805.944525
[typed-five-r3/b22_C] [plan iscas99__b22] [plan] step=909 node=N13067 type=control1 q_typed_reliable_context=2.069636 sequence=1808.014161
[typed-five-r3/b22_C] [plan iscas99__b22] [plan] step=910 node=N16540 type=control1 q_typed_reliable_context=1.905783 sequence=1809.919944
[typed-five-r3/b22_C] [plan iscas99__b22] [plan] step=911 node=N3382 type=observe q_typed_reliable_context=1.147069 sequence=1811.067013
[typed-five-r3/b22_C] [plan iscas99__b22] [plan] step=912 node=N15370 type=observe q_typed_reliable_context=1.635688 sequence=1812.702701
[typed-five-r3/b22_C] [plan iscas99__b22] [plan] step=913 node=N3920 type=observe q_typed_reliable_context=1.224178 sequence=1813.926880
[typed-five-r3/b22_C] [plan iscas99__b22] [plan] step=914 node=N18507 type=observe q_typed_reliable_context=0.881230 sequence=1814.808109
[typed-five-r3/b22_C] [plan iscas99__b22] [plan] step=915 node=N15186 type=observe q_typed_reliable_context=1.003022 sequence=1815.811132
[typed-five-r3/b22_C] [plan iscas99__b22] saved=autoresearch/loop-260720-0945/typed_winner_round6_adaptive_five/b22_C/plans/iscas99__b22__greedy__cumulative__q_typed_reliable_context__bw1__d1__c64__g1p0__candhard_fault_cluster__div0p0__s0.csv
[typed-five-r3/b22_C] [gmean] 2026-07-21T11:33:18 [1/1] plan_done benchmark=iscas99__b22 plan_sec=1431.046 plan_csv=autoresearch/loop-260720-0945/typed_winner_round6_adaptive_five/b22_C/plans/iscas99__b22__greedy__cumulative__q_typed_reliable_context__bw1__d1__c64__g1p0__candhard_fault_cluster__div0p0__s0.csv
[typed-five-r3/b22_C] [gmean] 2026-07-21T11:33:18 [1/1] eval_start benchmark=iscas99__b22 backend=atalanta-bist patterns=300000
[typed-five-r3/b22_C] [eval iscas99__b22] {
[typed-five-r3/b22_C] [eval iscas99__b22]   "records": 2,
[typed-five-r3/b22_C] [eval iscas99__b22]   "labels_csv": "autoresearch/loop-260720-0945/typed_winner_round6_adaptive_five/b22_C/evals/iscas99__b22__greedy__cumulative__q_typed_reliable_context__bw1__d1__c64__g1p0__candhard_fault_cluster__div0p0__s0/labels.csv",
[typed-five-r3/b22_C] [eval iscas99__b22]   "summary_json": "autoresearch/loop-260720-0945/typed_winner_round6_adaptive_five/b22_C/evals/iscas99__b22__greedy__cumulative__q_typed_reliable_context__bw1__d1__c64__g1p0__candhard_fault_cluster__div0p0__s0/summary.json"
[typed-five-r3/b22_C] [eval iscas99__b22] }
[typed-five-r3/b22_C] [gmean] 2026-07-21T11:33:37 [1/1] eval_done benchmark=iscas99__b22 delta_tc=0.02298 plan_sec=1431.046 eval_sec=19.257 total_sec=1450.354
[typed-five-r3/b22_C] [gmean] 2026-07-21T11:33:37 variant_done id=greedy__cumulative__q_typed_reliable_context__bw1__d1__c64__g1p0__candhard_fault_cluster__div0p0__s0 status=ok macro=0.02298 positives=1 negatives=0 elapsed=1450.355
