[gmean] 2026-07-17T04:01:45 out_dir=autoresearch/improve-260716-1344/round5_b17/context_cluster_c48_seed1024_prior
[gmean] 2026-07-17T04:01:45 budgets=iscas99__b17:994
[gmean] 2026-07-17T04:01:45 variant_start id=greedy__cumulative__q_pred_context__bw1__d1__c48__g1p0__candhard_fault_cluster__div0p0__s0
[gmean] 2026-07-17T04:01:45 [1/1] plan_start benchmark=iscas99__b17 budget=994 planner=greedy score=q_pred_context
[plan iscas99__b17] [plan] candidate_allowlist=autoresearch/original-netlist-recovery-260712/exact_itc99/b17_C/exact_candidate_nodes.txt nodes=29334
[plan iscas99__b17] [plan] step=1 node=N2219 type=control1 q_pred_context=2.589383 sequence=2.589383
[plan iscas99__b17] [plan] step=2 node=N14033 type=control1 q_pred_context=2.501350 sequence=5.090733
[plan iscas99__b17] [plan] step=3 node=N5319 type=control0 q_pred_context=1.101836 sequence=6.192569
[plan iscas99__b17] [plan] step=4 node=N6992 type=control0 q_pred_context=1.543528 sequence=7.736097
[plan iscas99__b17] [plan] step=5 node=N6780 type=control0 q_pred_context=1.599197 sequence=9.335293
[plan iscas99__b17] [plan] step=6 node=N2849 type=control0 q_pred_context=2.129455 sequence=11.464748
[plan iscas99__b17] [plan] step=7 node=N13662 type=control0 q_pred_context=2.295945 sequence=13.760693
[plan iscas99__b17] [plan] step=8 node=N16937 type=control0 q_pred_context=1.880459 sequence=15.641151
[plan iscas99__b17] [plan] step=9 node=N11975 type=control0 q_pred_context=2.001188 sequence=17.642339
[plan iscas99__b17] [plan] step=10 node=N7781 type=observe q_pred_context=2.699152 sequence=20.341491
[plan iscas99__b17] [plan] step=11 node=N18172 type=control0 q_pred_context=1.315738 sequence=21.657229
[plan iscas99__b17] [plan] step=12 node=N12015 type=control0 q_pred_context=2.084624 sequence=23.741853
[plan iscas99__b17] [plan] step=13 node=N11983 type=control0 q_pred_context=2.771444 sequence=26.513296
[plan iscas99__b17] [plan] step=14 node=N12071 type=control0 q_pred_context=2.623474 sequence=29.136770
[plan iscas99__b17] [plan] step=15 node=N12055 type=control0 q_pred_context=1.825178 sequence=30.961948
[plan iscas99__b17] [plan] step=16 node=N12039 type=control0 q_pred_context=1.537769 sequence=32.499717
[plan iscas99__b17] [plan] step=17 node=N8089 type=observe q_pred_context=2.358718 sequence=34.858435
[plan iscas99__b17] [plan] step=18 node=N19193 type=control0 q_pred_context=1.990242 sequence=36.848677
[plan iscas99__b17] [plan] step=19 node=N19195 type=control0 q_pred_context=2.353652 sequence=39.202328
[plan iscas99__b17] [plan] step=20 node=N13626 type=control0 q_pred_context=3.326762 sequence=42.529090
[plan iscas99__b17] [plan] step=21 node=N13624 type=control0 q_pred_context=2.848912 sequence=45.378002
[plan iscas99__b17] [plan] step=22 node=N4256 type=control0 q_pred_context=2.654308 sequence=48.032310
[plan iscas99__b17] [plan] step=23 node=N12511 type=control0 q_pred_context=2.374506 sequence=50.406816
[plan iscas99__b17] [plan] step=24 node=N11941 type=control0 q_pred_context=1.795403 sequence=52.202219
[plan iscas99__b17] [plan] step=25 node=N7682 type=control0 q_pred_context=2.281834 sequence=54.484053
[plan iscas99__b17] [plan] step=26 node=N7680 type=control0 q_pred_context=2.157390 sequence=56.641443
[plan iscas99__b17] [plan] step=27 node=N11923 type=control0 q_pred_context=1.906926 sequence=58.548368
[plan iscas99__b17] [plan] step=28 node=N11952 type=control0 q_pred_context=2.144529 sequence=60.692897
[plan iscas99__b17] [plan] step=29 node=N18340 type=control0 q_pred_context=2.438386 sequence=63.131284
[plan iscas99__b17] [plan] step=30 node=N18879 type=control0 q_pred_context=2.022931 sequence=65.154215
[plan iscas99__b17] [plan] step=31 node=N18771 type=control0 q_pred_context=1.837363 sequence=66.991578
[plan iscas99__b17] [plan] step=32 node=N18496 type=control1 q_pred_context=1.773045 sequence=68.764624
[plan iscas99__b17] [plan] step=33 node=N13589 type=observe q_pred_context=1.611155 sequence=70.375779
[plan iscas99__b17] [plan] step=34 node=N13509 type=observe q_pred_context=1.223879 sequence=71.599657
[plan iscas99__b17] [plan] step=35 node=N15365 type=control1 q_pred_context=1.097432 sequence=72.697090
[plan iscas99__b17] [plan] step=36 node=N13605 type=observe q_pred_context=0.924559 sequence=73.621649
[plan iscas99__b17] [plan] step=37 node=N19351 type=control1 q_pred_context=0.934321 sequence=74.555970
[plan iscas99__b17] [plan] step=38 node=N9512 type=control1 q_pred_context=1.083384 sequence=75.639354
[plan iscas99__b17] [plan] step=39 node=N7639 type=observe q_pred_context=1.278609 sequence=76.917963
[plan iscas99__b17] [plan] step=40 node=N13493 type=observe q_pred_context=1.264489 sequence=78.182452
[plan iscas99__b17] [plan] step=41 node=N13541 type=observe q_pred_context=1.530005 sequence=79.712457
[plan iscas99__b17] [plan] step=42 node=N13573 type=observe q_pred_context=1.583313 sequence=81.295770
[plan iscas99__b17] [plan] step=43 node=N13208 type=observe q_pred_context=1.754421 sequence=83.050191
[plan iscas99__b17] [plan] step=44 node=N13187 type=observe q_pred_context=1.829266 sequence=84.879457
[plan iscas99__b17] [plan] step=45 node=N13186 type=observe q_pred_context=1.889033 sequence=86.768491
[plan iscas99__b17] [plan] step=46 node=N12782 type=control0 q_pred_context=2.144508 sequence=88.912998
[plan iscas99__b17] [plan] step=47 node=N12791 type=control0 q_pred_context=2.004960 sequence=90.917958
[plan iscas99__b17] [plan] step=48 node=N14731 type=control1 q_pred_context=1.743470 sequence=92.661428
[plan iscas99__b17] [plan] step=49 node=N12824 type=control0 q_pred_context=2.326600 sequence=94.988029
[plan iscas99__b17] [plan] step=50 node=N12866 type=control0 q_pred_context=2.450981 sequence=97.439009
[plan iscas99__b17] [plan] step=51 node=N12863 type=control0 q_pred_context=1.817513 sequence=99.256523
[plan iscas99__b17] [plan] step=52 node=N12769 type=control0 q_pred_context=2.169590 sequence=101.426112
[plan iscas99__b17] [plan] step=53 node=N12830 type=control0 q_pred_context=2.310703 sequence=103.736815
[plan iscas99__b17] [plan] step=54 node=N18004 type=control0 q_pred_context=1.030050 sequence=104.766865
[plan iscas99__b17] [plan] step=55 node=N12821 type=control0 q_pred_context=3.356215 sequence=108.123080
[plan iscas99__b17] [plan] step=56 node=N12812 type=control0 q_pred_context=2.621427 sequence=110.744507
[plan iscas99__b17] [plan] step=57 node=N12809 type=control0 q_pred_context=3.043497 sequence=113.788004
[plan iscas99__b17] [plan] step=58 node=N12847 type=control0 q_pred_context=2.860639 sequence=116.648643
[plan iscas99__b17] [plan] step=59 node=N12836 type=control0 q_pred_context=2.902208 sequence=119.550851
[plan iscas99__b17] [plan] step=60 node=N12806 type=control0 q_pred_context=2.885855 sequence=122.436706
[plan iscas99__b17] [plan] step=61 node=N12803 type=control0 q_pred_context=2.820291 sequence=125.256998
[plan iscas99__b17] [plan] step=62 node=N12797 type=control0 q_pred_context=2.814618 sequence=128.071616
[plan iscas99__b17] [plan] step=63 node=N12794 type=control0 q_pred_context=2.738443 sequence=130.810059
[plan iscas99__b17] [plan] step=64 node=N12765 type=control0 q_pred_context=2.886168 sequence=133.696227
[plan iscas99__b17] [plan] step=65 node=N3777 type=observe q_pred_context=1.202299 sequence=134.898526
[plan iscas99__b17] [plan] step=66 node=N13984 type=observe q_pred_context=5.431988 sequence=140.330514
[plan iscas99__b17] [plan] step=67 node=N2858 type=control1 q_pred_context=3.758938 sequence=144.089452
[plan iscas99__b17] [plan] step=68 node=N13988 type=observe q_pred_context=2.103902 sequence=146.193354
[plan iscas99__b17] [plan] step=69 node=N19512 type=observe q_pred_context=2.490175 sequence=148.683529
[plan iscas99__b17] [plan] step=70 node=N2231 type=control1 q_pred_context=2.852594 sequence=151.536123
[plan iscas99__b17] [plan] step=71 node=N14004 type=observe q_pred_context=4.591692 sequence=156.127815
[plan iscas99__b17] [plan] step=72 node=N27363 type=control1 q_pred_context=3.370846 sequence=159.498661
[plan iscas99__b17] [plan] step=73 node=N13525 type=observe q_pred_context=2.233010 sequence=161.731671
[plan iscas99__b17] [plan] step=74 node=N26513 type=control1 q_pred_context=2.375750 sequence=164.107422
[plan iscas99__b17] [plan] step=75 node=N13557 type=observe q_pred_context=3.136126 sequence=167.243548
[plan iscas99__b17] [plan] step=76 node=N7871 type=control1 q_pred_context=0.885522 sequence=168.129070
[plan iscas99__b17] [plan] step=77 node=N26504 type=control1 q_pred_context=2.713822 sequence=170.842893
[plan iscas99__b17] [plan] step=78 node=N26511 type=control1 q_pred_context=1.333115 sequence=172.176008
[plan iscas99__b17] [plan] step=79 node=N27346 type=control1 q_pred_context=1.396250 sequence=173.572258
[plan iscas99__b17] [plan] step=80 node=N12615 type=observe q_pred_context=0.640820 sequence=174.213078
[plan iscas99__b17] [plan] step=81 node=N19511 type=observe q_pred_context=0.991596 sequence=175.204674
[plan iscas99__b17] [plan] step=82 node=N27347 type=control1 q_pred_context=0.941681 sequence=176.146355
[plan iscas99__b17] [plan] step=83 node=N7916 type=observe q_pred_context=1.565843 sequence=177.712198
[plan iscas99__b17] [plan] step=84 node=N18577 type=observe q_pred_context=1.151603 sequence=178.863801
[plan iscas99__b17] [plan] step=85 node=N27348 type=control1 q_pred_context=0.784751 sequence=179.648552
[plan iscas99__b17] [plan] step=86 node=N16901 type=control0 q_pred_context=1.259118 sequence=180.907670
[plan iscas99__b17] [plan] step=87 node=N19206 type=control0 q_pred_context=1.622473 sequence=182.530143
[plan iscas99__b17] [plan] step=88 node=N12167 type=control0 q_pred_context=1.661508 sequence=184.191650
[plan iscas99__b17] [plan] step=89 node=N26516 type=control1 q_pred_context=1.348885 sequence=185.540535
[plan iscas99__b17] [plan] step=90 node=N27350 type=control1 q_pred_context=1.377945 sequence=186.918480
[plan iscas99__b17] [plan] step=91 node=N6868 type=control0 q_pred_context=1.144107 sequence=188.062587
[plan iscas99__b17] [plan] step=92 node=N27352 type=control1 q_pred_context=1.823881 sequence=189.886468
[plan iscas99__b17] [plan] step=93 node=N19160 type=control0 q_pred_context=1.607494 sequence=191.493963
[plan iscas99__b17] [plan] step=94 node=N6892 type=control0 q_pred_context=1.953746 sequence=193.447709
[plan iscas99__b17] [plan] step=95 node=N19172 type=control0 q_pred_context=0.761518 sequence=194.209227
[plan iscas99__b17] [plan] step=96 node=N13595 type=observe q_pred_context=0.868015 sequence=195.077242
[plan iscas99__b17] [plan] step=97 node=N27354 type=control1 q_pred_context=1.540006 sequence=196.617248
[plan iscas99__b17] [plan] step=98 node=N19170 type=control0 q_pred_context=0.935261 sequence=197.552509
[plan iscas99__b17] [plan] step=99 node=N13455 type=control0 q_pred_context=1.100762 sequence=198.653271
[plan iscas99__b17] [plan] step=100 node=N26506 type=control1 q_pred_context=1.211747 sequence=199.865018
[plan iscas99__b17] [plan] step=101 node=N7643 type=control0 q_pred_context=1.799079 sequence=201.664098
[plan iscas99__b17] [plan] step=102 node=N19222 type=control0 q_pred_context=2.763088 sequence=204.427186
[plan iscas99__b17] [plan] step=103 node=N19232 type=control0 q_pred_context=2.030434 sequence=206.457620
[plan iscas99__b17] [plan] step=104 node=N18176 type=control0 q_pred_context=1.492071 sequence=207.949690
[plan iscas99__b17] [plan] step=105 node=N20345 type=control1 q_pred_context=1.557807 sequence=209.507498
[plan iscas99__b17] [plan] step=106 node=N29495 type=control1 q_pred_context=2.302702 sequence=211.810200
[plan iscas99__b17] [plan] step=107 node=N7645 type=control0 q_pred_context=2.253471 sequence=214.063671
[plan iscas99__b17] [plan] step=108 node=N19476 type=control0 q_pred_context=1.355985 sequence=215.419656
[plan iscas99__b17] [plan] step=109 node=N19474 type=control0 q_pred_context=0.958010 sequence=216.377665
[plan iscas99__b17] [plan] step=110 node=N18272 type=control0 q_pred_context=0.753207 sequence=217.130872
[plan iscas99__b17] [plan] step=111 node=N19471 type=control0 q_pred_context=1.011738 sequence=218.142610
[plan iscas99__b17] [plan] step=112 node=N6988 type=control0 q_pred_context=1.166696 sequence=219.309307
[plan iscas99__b17] [plan] step=113 node=N19477 type=control0 q_pred_context=0.776418 sequence=220.085725
[plan iscas99__b17] [plan] step=114 node=N27360 type=control1 q_pred_context=0.705608 sequence=220.791333
[plan iscas99__b17] [plan] step=115 node=N27362 type=control1 q_pred_context=0.880158 sequence=221.671491
[plan iscas99__b17] [plan] step=116 node=N26517 type=control1 q_pred_context=0.823075 sequence=222.494566
[plan iscas99__b17] [plan] step=117 node=N26502 type=control1 q_pred_context=1.021275 sequence=223.515841
[plan iscas99__b17] [plan] step=118 node=N14040 type=control1 q_pred_context=1.565760 sequence=225.081601
[plan iscas99__b17] [plan] step=119 node=N29406 type=control1 q_pred_context=1.322326 sequence=226.403927
[plan iscas99__b17] [plan] step=120 node=N19468 type=control0 q_pred_context=1.175134 sequence=227.579061
[plan iscas99__b17] [plan] step=121 node=N19462 type=control0 q_pred_context=1.017555 sequence=228.596617
[plan iscas99__b17] [plan] step=122 node=N18233 type=control0 q_pred_context=1.654054 sequence=230.250670
[plan iscas99__b17] [plan] step=123 node=N4557 type=control0 q_pred_context=1.568361 sequence=231.819031
[plan iscas99__b17] [plan] step=124 node=N4505 type=control0 q_pred_context=1.625494 sequence=233.444526
[plan iscas99__b17] [plan] step=125 node=N4609 type=control0 q_pred_context=1.516719 sequence=234.961245
[plan iscas99__b17] [plan] step=126 node=N4660 type=control0 q_pred_context=1.508608 sequence=236.469853
[plan iscas99__b17] [plan] step=127 node=N4761 type=control0 q_pred_context=1.510141 sequence=237.979995
[plan iscas99__b17] [plan] step=128 node=N4709 type=control0 q_pred_context=1.523241 sequence=239.503236
[plan iscas99__b17] [plan] step=129 node=N18188 type=control0 q_pred_context=1.511965 sequence=241.015200
[plan iscas99__b17] [plan] step=130 node=N4813 type=control0 q_pred_context=1.504352 sequence=242.519552
[plan iscas99__b17] [plan] step=131 node=N19459 type=control0 q_pred_context=1.199383 sequence=243.718935
[plan iscas99__b17] [plan] step=132 node=N4350 type=control0 q_pred_context=1.505812 sequence=245.224747
[plan iscas99__b17] [plan] step=133 node=N4298 type=control0 q_pred_context=1.465983 sequence=246.690730
[plan iscas99__b17] [plan] step=134 node=N4402 type=control0 q_pred_context=1.485713 sequence=248.176443
[plan iscas99__b17] [plan] step=135 node=N4453 type=control0 q_pred_context=1.515403 sequence=249.691846
[plan iscas99__b17] [plan] step=136 node=N19455 type=control0 q_pred_context=1.332234 sequence=251.024079
[plan iscas99__b17] [plan] step=137 node=N19464 type=control0 q_pred_context=1.226818 sequence=252.250897
[plan iscas99__b17] [plan] step=138 node=N7112 type=control0 q_pred_context=1.451308 sequence=253.702206
[plan iscas99__b17] [plan] step=139 node=N7021 type=control0 q_pred_context=1.320592 sequence=255.022798
[plan iscas99__b17] [plan] step=140 node=N7032 type=control0 q_pred_context=1.387349 sequence=256.410147
[plan iscas99__b17] [plan] step=141 node=N18711 type=control0 q_pred_context=1.440585 sequence=257.850731
[plan iscas99__b17] [plan] step=142 node=N19453 type=control0 q_pred_context=1.511636 sequence=259.362368
[plan iscas99__b17] [plan] step=143 node=N7376 type=control0 q_pred_context=1.413667 sequence=260.776035
[plan iscas99__b17] [plan] step=144 node=N7064 type=control0 q_pred_context=1.477745 sequence=262.253780
[plan iscas99__b17] [plan] step=145 node=N7344 type=control0 q_pred_context=1.536897 sequence=263.790678
[plan iscas99__b17] [plan] step=146 node=N7123 type=control0 q_pred_context=1.593596 sequence=265.384273
[plan iscas99__b17] [plan] step=147 node=N7280 type=control0 q_pred_context=1.644384 sequence=267.028657
[plan iscas99__b17] [plan] step=148 node=N7277 type=control0 q_pred_context=1.672828 sequence=268.701485
[plan iscas99__b17] [plan] step=149 node=N12275 type=observe q_pred_context=0.879476 sequence=269.580961
[plan iscas99__b17] [plan] step=150 node=N13552 type=observe q_pred_context=0.674744 sequence=270.255706
[plan iscas99__b17] [plan] step=151 node=N13562 type=observe q_pred_context=0.853164 sequence=271.108870
[plan iscas99__b17] [plan] step=152 node=N18624 type=observe q_pred_context=0.431969 sequence=271.540838
[plan iscas99__b17] [plan] step=153 node=N12392 type=control0 q_pred_context=1.381639 sequence=272.922477
[plan iscas99__b17] [plan] step=154 node=N12424 type=control0 q_pred_context=1.266273 sequence=274.188750
[plan iscas99__b17] [plan] step=155 node=N7049 type=control0 q_pred_context=1.277693 sequence=275.466443
[plan iscas99__b17] [plan] step=156 node=N18590 type=observe q_pred_context=0.618162 sequence=276.084605
[plan iscas99__b17] [plan] step=157 node=N13528 type=observe q_pred_context=0.731690 sequence=276.816295
[plan iscas99__b17] [plan] step=158 node=N19242 type=observe q_pred_context=0.695502 sequence=277.511797
[plan iscas99__b17] [plan] step=159 node=N2192 type=control1 q_pred_context=0.733165 sequence=278.244962
[plan iscas99__b17] [plan] step=160 node=N13611 type=observe q_pred_context=0.641193 sequence=278.886154
[plan iscas99__b17] [plan] step=161 node=N13545 type=observe q_pred_context=0.640819 sequence=279.526973
[plan iscas99__b17] [plan] step=162 node=N18541 type=observe q_pred_context=0.727476 sequence=280.254449
[plan iscas99__b17] [plan] step=163 node=N2201 type=control1 q_pred_context=0.996953 sequence=281.251402
[plan iscas99__b17] [plan] step=164 node=N13506 type=observe q_pred_context=0.562550 sequence=281.813952
[plan iscas99__b17] [plan] step=165 node=N13534 type=observe q_pred_context=0.480415 sequence=282.294367
[plan iscas99__b17] [plan] step=166 node=N13500 type=observe q_pred_context=0.815495 sequence=283.109862
[plan iscas99__b17] [plan] step=167 node=N13596 type=observe q_pred_context=0.807927 sequence=283.917789
[plan iscas99__b17] [plan] step=168 node=N18524 type=observe q_pred_context=0.785930 sequence=284.703719
[plan iscas99__b17] [plan] step=169 node=N18511 type=observe q_pred_context=1.365533 sequence=286.069252
[plan iscas99__b17] [plan] step=170 node=N13609 type=observe q_pred_context=0.786568 sequence=286.855820
[plan iscas99__b17] [plan] step=171 node=N13488 type=observe q_pred_context=1.001942 sequence=287.857762
[plan iscas99__b17] [plan] step=172 node=N13531 type=observe q_pred_context=0.790248 sequence=288.648010
[plan iscas99__b17] [plan] step=173 node=N13499 type=observe q_pred_context=0.783819 sequence=289.431829
[plan iscas99__b17] [plan] step=174 node=N12344 type=control0 q_pred_context=0.613566 sequence=290.045394
[plan iscas99__b17] [plan] step=175 node=N18114 type=control0 q_pred_context=0.978133 sequence=291.023527
[plan iscas99__b17] [plan] step=176 node=N7324 type=control0 q_pred_context=1.042157 sequence=292.065684
[plan iscas99__b17] [plan] step=177 node=N7292 type=control0 q_pred_context=1.158390 sequence=293.224074
[plan iscas99__b17] [plan] step=178 node=N18750 type=control0 q_pred_context=1.283424 sequence=294.507498
[plan iscas99__b17] [plan] step=179 node=N18699 type=control0 q_pred_context=1.303302 sequence=295.810799
[plan iscas99__b17] [plan] step=180 node=N18063 type=control0 q_pred_context=0.894151 sequence=296.704950
[plan iscas99__b17] [plan] step=181 node=N12448 type=control0 q_pred_context=0.819216 sequence=297.524166
[plan iscas99__b17] [plan] step=182 node=N12464 type=control0 q_pred_context=0.859829 sequence=298.383995
[plan iscas99__b17] [plan] step=183 node=N12433 type=control0 q_pred_context=0.874681 sequence=299.258676
[plan iscas99__b17] [plan] step=184 node=N12417 type=control0 q_pred_context=0.872003 sequence=300.130679
[plan iscas99__b17] [plan] step=185 node=N12369 type=control0 q_pred_context=0.904013 sequence=301.034692
[plan iscas99__b17] [plan] step=186 node=N18492 type=observe q_pred_context=0.518745 sequence=301.553437
[plan iscas99__b17] [plan] step=187 node=N8774 type=observe q_pred_context=0.732014 sequence=302.285451
[plan iscas99__b17] [plan] step=188 node=N13516 type=observe q_pred_context=0.759145 sequence=303.044596
[plan iscas99__b17] [plan] step=189 node=N8825 type=observe q_pred_context=0.742486 sequence=303.787082
[plan iscas99__b17] [plan] step=190 node=N8776 type=observe q_pred_context=0.547746 sequence=304.334828
[plan iscas99__b17] [plan] step=191 node=N18765 type=control0 q_pred_context=0.397364 sequence=304.732192
[plan iscas99__b17] [plan] step=192 node=N12385 type=control0 q_pred_context=1.058228 sequence=305.790421
[plan iscas99__b17] [plan] step=193 node=N12401 type=control0 q_pred_context=0.271677 sequence=306.062098
[plan iscas99__b17] [plan] step=194 node=N12611 type=control0 q_pred_context=0.829319 sequence=306.891417
[plan iscas99__b17] [plan] step=195 node=N8820 type=observe q_pred_context=0.466662 sequence=307.358079
[plan iscas99__b17] [plan] step=196 node=N13497 type=observe q_pred_context=0.521985 sequence=307.880064
[plan iscas99__b17] [plan] step=197 node=N13548 type=observe q_pred_context=0.691328 sequence=308.571393
[plan iscas99__b17] [plan] step=198 node=N8833 type=observe q_pred_context=0.704661 sequence=309.276054
[plan iscas99__b17] [plan] step=199 node=N8836 type=observe q_pred_context=0.804725 sequence=310.080779
[plan iscas99__b17] [plan] step=200 node=N8823 type=observe q_pred_context=0.261326 sequence=310.342105
[plan iscas99__b17] [plan] step=201 node=N8778 type=observe q_pred_context=0.240658 sequence=310.582763
[plan iscas99__b17] [plan] step=202 node=N8824 type=observe q_pred_context=0.308889 sequence=310.891652
[plan iscas99__b17] [plan] step=203 node=N13583 type=observe q_pred_context=0.290356 sequence=311.182008
[plan iscas99__b17] [plan] step=204 node=N13581 type=observe q_pred_context=0.263548 sequence=311.445557
[plan iscas99__b17] [plan] step=205 node=N13591 type=observe q_pred_context=0.237761 sequence=311.683318
[plan iscas99__b17] [plan] step=206 node=N13607 type=observe q_pred_context=0.218438 sequence=311.901756
[plan iscas99__b17] [plan] step=207 node=N13495 type=observe q_pred_context=0.198484 sequence=312.100239
[plan iscas99__b17] [plan] step=208 node=N12143 type=control0 q_pred_context=0.187336 sequence=312.287575
[plan iscas99__b17] [plan] step=209 node=N12569 type=control0 q_pred_context=0.837211 sequence=313.124787
[plan iscas99__b17] [plan] step=210 node=N13532 type=observe q_pred_context=0.833137 sequence=313.957923
[plan iscas99__b17] [plan] step=211 node=N13511 type=observe q_pred_context=0.820637 sequence=314.778561
[plan iscas99__b17] [plan] step=212 node=N19478 type=observe q_pred_context=0.823319 sequence=315.601880
[plan iscas99__b17] [plan] step=213 node=N17825 type=control0 q_pred_context=0.236970 sequence=315.838850
[plan iscas99__b17] [plan] step=214 node=N19475 type=observe q_pred_context=0.846129 sequence=316.684979
[plan iscas99__b17] [plan] step=215 node=N13559 type=observe q_pred_context=0.813472 sequence=317.498451
[plan iscas99__b17] [plan] step=216 node=N19473 type=observe q_pred_context=0.821034 sequence=318.319484
[plan iscas99__b17] [plan] step=217 node=N12119 type=control0 q_pred_context=0.280543 sequence=318.600027
[plan iscas99__b17] [plan] step=218 node=N19472 type=observe q_pred_context=0.941523 sequence=319.541550
[plan iscas99__b17] [plan] step=219 node=N19469 type=observe q_pred_context=0.787508 sequence=320.329058
[plan iscas99__b17] [plan] step=220 node=N19470 type=observe q_pred_context=0.777516 sequence=321.106574
[plan iscas99__b17] [plan] step=221 node=N19450 type=control0 q_pred_context=0.612941 sequence=321.719516
[plan iscas99__b17] [plan] step=222 node=N19466 type=observe q_pred_context=0.772972 sequence=322.492488
[plan iscas99__b17] [plan] step=223 node=N13543 type=observe q_pred_context=0.764679 sequence=323.257166
[plan iscas99__b17] [plan] step=224 node=N12135 type=control0 q_pred_context=0.306565 sequence=323.563732
[plan iscas99__b17] [plan] step=225 node=N12706 type=control0 q_pred_context=0.955373 sequence=324.519105
[plan iscas99__b17] [plan] step=226 node=N7131 type=control0 q_pred_context=0.852705 sequence=325.371810
[plan iscas99__b17] [plan] step=227 node=N19467 type=observe q_pred_context=0.674788 sequence=326.046599
[plan iscas99__b17] [plan] step=228 node=N19465 type=observe q_pred_context=0.687146 sequence=326.733745
[plan iscas99__b17] [plan] step=229 node=N19463 type=observe q_pred_context=0.699014 sequence=327.432759
[plan iscas99__b17] [plan] step=230 node=N12103 type=control0 q_pred_context=0.339195 sequence=327.771954
[plan iscas99__b17] [plan] step=231 node=N7067 type=control0 q_pred_context=0.911836 sequence=328.683789
[plan iscas99__b17] [plan] step=232 node=N7115 type=control0 q_pred_context=0.828649 sequence=329.512438
[plan iscas99__b17] [plan] step=233 node=N7469 type=observe q_pred_context=0.654527 sequence=330.166965
[plan iscas99__b17] [plan] step=234 node=N19460 type=observe q_pred_context=0.575223 sequence=330.742188
[plan iscas99__b17] [plan] step=235 node=N13613 type=control0 q_pred_context=0.236842 sequence=330.979030
[plan iscas99__b17] [plan] step=236 node=N12604 type=control0 q_pred_context=0.811471 sequence=331.790501
[plan iscas99__b17] [plan] step=237 node=N12570 type=control0 q_pred_context=0.661976 sequence=332.452477
[plan iscas99__b17] [plan] step=238 node=N7083 type=control0 q_pred_context=0.704035 sequence=333.156512
[plan iscas99__b17] [plan] step=239 node=N19441 type=observe q_pred_context=0.664375 sequence=333.820887
[plan iscas99__b17] [plan] step=240 node=N12739 type=control0 q_pred_context=0.540210 sequence=334.361097
[plan iscas99__b17] [plan] step=241 node=N12740 type=control0 q_pred_context=0.839910 sequence=335.201007
[plan iscas99__b17] [plan] step=242 node=N7310 type=control0 q_pred_context=0.649387 sequence=335.850394
[plan iscas99__b17] [plan] step=243 node=N18718 type=observe q_pred_context=0.551393 sequence=336.401788
[plan iscas99__b17] [plan] step=244 node=N19457 type=observe q_pred_context=0.695722 sequence=337.097510
[plan iscas99__b17] [plan] step=245 node=N13615 type=control0 q_pred_context=0.511025 sequence=337.608535
[plan iscas99__b17] [plan] step=246 node=N19461 type=observe q_pred_context=0.735285 sequence=338.343820
[plan iscas99__b17] [plan] step=247 node=N12351 type=control0 q_pred_context=0.588341 sequence=338.932161
[plan iscas99__b17] [plan] step=248 node=N7520 type=observe q_pred_context=0.525536 sequence=339.457697
[plan iscas99__b17] [plan] step=249 node=N19451 type=observe q_pred_context=0.749147 sequence=340.206844
[plan iscas99__b17] [plan] step=250 node=N19448 type=observe q_pred_context=0.858373 sequence=341.065217
[plan iscas99__b17] [plan] step=251 node=N19452 type=observe q_pred_context=0.840874 sequence=341.906091
[plan iscas99__b17] [plan] step=252 node=N19447 type=observe q_pred_context=0.835207 sequence=342.741298
[plan iscas99__b17] [plan] step=253 node=N19449 type=observe q_pred_context=0.929362 sequence=343.670660
[plan iscas99__b17] [plan] step=254 node=N19458 type=observe q_pred_context=1.003555 sequence=344.674215
[plan iscas99__b17] [plan] step=255 node=N19456 type=observe q_pred_context=0.997928 sequence=345.672143
[plan iscas99__b17] [plan] step=256 node=N19454 type=observe q_pred_context=0.996955 sequence=346.669098
[plan iscas99__b17] [plan] step=257 node=N12674 type=control0 q_pred_context=0.810634 sequence=347.479732
[plan iscas99__b17] [plan] step=258 node=N7210 type=observe q_pred_context=0.937437 sequence=348.417169
[plan iscas99__b17] [plan] step=259 node=N7222 type=observe q_pred_context=0.870967 sequence=349.288136
[plan iscas99__b17] [plan] step=260 node=N7151 type=observe q_pred_context=0.740053 sequence=350.028190
[plan iscas99__b17] [plan] step=261 node=N12641 type=control0 q_pred_context=2.458537 sequence=352.486727
[plan iscas99__b17] [plan] step=262 node=N7411 type=observe q_pred_context=4.740157 sequence=357.226884
[plan iscas99__b17] [plan] step=263 node=N7177 type=observe q_pred_context=3.694057 sequence=360.920941
[plan iscas99__b17] [plan] step=264 node=N18329 type=observe q_pred_context=2.886353 sequence=363.807294
[plan iscas99__b17] [plan] step=265 node=N12637 type=control0 q_pred_context=2.054228 sequence=365.861522
[plan iscas99__b17] [plan] step=266 node=N18557 type=observe q_pred_context=3.454146 sequence=369.315668
[plan iscas99__b17] [plan] step=267 node=N18314 type=control0 q_pred_context=2.575926 sequence=371.891594
[plan iscas99__b17] [plan] step=268 node=N18548 type=observe q_pred_context=3.783712 sequence=375.675306
[plan iscas99__b17] [plan] step=269 node=N18414 type=control0 q_pred_context=2.883697 sequence=378.559003
[plan iscas99__b17] [plan] step=270 node=N12671 type=control0 q_pred_context=3.862598 sequence=382.421601
[plan iscas99__b17] [plan] step=271 node=N12312 type=control0 q_pred_context=4.593806 sequence=387.015407
[plan iscas99__b17] [plan] step=272 node=N12232 type=control0 q_pred_context=4.807448 sequence=391.822855
[plan iscas99__b17] [plan] step=273 node=N12280 type=control0 q_pred_context=4.788491 sequence=396.611346
[plan iscas99__b17] [plan] step=274 node=N12248 type=control0 q_pred_context=4.705570 sequence=401.316916
[plan iscas99__b17] [plan] step=275 node=N12328 type=control0 q_pred_context=4.611186 sequence=405.928102
[plan iscas99__b17] [plan] step=276 node=N12216 type=control0 q_pred_context=4.641370 sequence=410.569473
[plan iscas99__b17] [plan] step=277 node=N7270 type=control0 q_pred_context=4.768253 sequence=415.337726
[plan iscas99__b17] [plan] step=278 node=N12294 type=control0 q_pred_context=4.878872 sequence=420.216598
[plan iscas99__b17] [plan] step=279 node=N12262 type=control0 q_pred_context=5.116465 sequence=425.333064
[plan iscas99__b17] [plan] step=280 node=N7274 type=control0 q_pred_context=5.511761 sequence=430.844825
[plan iscas99__b17] [plan] step=281 node=N18802 type=observe q_pred_context=5.322762 sequence=436.167587
[plan iscas99__b17] [plan] step=282 node=N18796 type=observe q_pred_context=5.586885 sequence=441.754472
[plan iscas99__b17] [plan] step=283 node=N19436 type=observe q_pred_context=5.635469 sequence=447.389941
[plan iscas99__b17] [plan] step=284 node=N18792 type=observe q_pred_context=5.661633 sequence=453.051574
[plan iscas99__b17] [plan] step=285 node=N19446 type=observe q_pred_context=5.831324 sequence=458.882898
[plan iscas99__b17] [plan] step=286 node=N18799 type=observe q_pred_context=6.057643 sequence=464.940542
[plan iscas99__b17] [plan] step=287 node=N18874 type=control0 q_pred_context=6.259201 sequence=471.199743
[plan iscas99__b17] [plan] step=288 node=N13062 type=observe q_pred_context=5.921116 sequence=477.120859
[plan iscas99__b17] [plan] step=289 node=N13066 type=observe q_pred_context=5.852587 sequence=482.973446
[plan iscas99__b17] [plan] step=290 node=N13064 type=observe q_pred_context=5.820313 sequence=488.793759
[plan iscas99__b17] [plan] step=291 node=N13060 type=observe q_pred_context=5.506329 sequence=494.300087
[plan iscas99__b17] [plan] step=292 node=N7162 type=observe q_pred_context=4.767708 sequence=499.067795
[plan iscas99__b17] [plan] step=293 node=N7225 type=observe q_pred_context=4.717938 sequence=503.785733
[plan iscas99__b17] [plan] step=294 node=N13757 type=observe q_pred_context=5.353473 sequence=509.139205
[plan iscas99__b17] [plan] step=295 node=N18128 type=control0 q_pred_context=5.553302 sequence=514.692507
[plan iscas99__b17] [plan] step=296 node=N7669 type=control0 q_pred_context=6.549112 sequence=521.241619
[plan iscas99__b17] [plan] step=297 node=N18447 type=control0 q_pred_context=7.548721 sequence=528.790339
[plan iscas99__b17] [plan] step=298 node=N18085 type=control0 q_pred_context=6.743241 sequence=535.533581
[plan iscas99__b17] [plan] step=299 node=N13617 type=control0 q_pred_context=6.242363 sequence=541.775944
[plan iscas99__b17] [plan] step=300 node=N2859 type=control0 q_pred_context=5.737627 sequence=547.513571
[plan iscas99__b17] [plan] step=301 node=N27568 type=control0 q_pred_context=6.228645 sequence=553.742216
[plan iscas99__b17] [plan] step=302 node=N18614 type=observe q_pred_context=6.000000 sequence=559.742216
[plan iscas99__b17] [plan] step=303 node=N27572 type=control0 q_pred_context=5.562817 sequence=565.305033
[plan iscas99__b17] [plan] step=304 node=N7218 type=control0 q_pred_context=6.517871 sequence=571.822905
[plan iscas99__b17] [plan] step=305 node=N2898 type=control0 q_pred_context=7.038238 sequence=578.861143
[plan iscas99__b17] [plan] step=306 node=N28737 type=control0 q_pred_context=6.986147 sequence=585.847290
[plan iscas99__b17] [plan] step=307 node=N18034 type=control0 q_pred_context=7.626379 sequence=593.473669
[plan iscas99__b17] [plan] step=308 node=N3964 type=control0 q_pred_context=6.914994 sequence=600.388662
[plan iscas99__b17] [plan] step=309 node=N18037 type=control0 q_pred_context=7.035730 sequence=607.424392
[plan iscas99__b17] [plan] step=310 node=N7199 type=control0 q_pred_context=6.621923 sequence=614.046316
[plan iscas99__b17] [plan] step=311 node=N12656 type=control0 q_pred_context=6.792322 sequence=620.838637
[plan iscas99__b17] [plan] step=312 node=N13703 type=observe q_pred_context=0.772628 sequence=621.611265
[plan iscas99__b17] [plan] step=313 node=N2041 type=control1 q_pred_context=0.435504 sequence=622.046769
[plan iscas99__b17] [plan] step=314 node=N7729 type=control1 q_pred_context=0.663083 sequence=622.709852
[plan iscas99__b17] [plan] step=315 node=N8611 type=control0 q_pred_context=0.486077 sequence=623.195928
[plan iscas99__b17] [plan] step=316 node=N12095 type=control0 q_pred_context=0.649341 sequence=623.845269
[plan iscas99__b17] [plan] step=317 node=N2030 type=control1 q_pred_context=0.673673 sequence=624.518942
[plan iscas99__b17] [plan] step=318 node=N13794 type=control1 q_pred_context=0.708552 sequence=625.227493
[plan iscas99__b17] [plan] step=319 node=N30922 type=control0 q_pred_context=0.581438 sequence=625.808932
[plan iscas99__b17] [plan] step=320 node=N13737 type=observe q_pred_context=0.502008 sequence=626.310940
[plan iscas99__b17] [plan] step=321 node=N13745 type=observe q_pred_context=0.724546 sequence=627.035486
[plan iscas99__b17] [plan] step=322 node=N13741 type=observe q_pred_context=0.749691 sequence=627.785177
[plan iscas99__b17] [plan] step=323 node=N13733 type=observe q_pred_context=0.758082 sequence=628.543259
[plan iscas99__b17] [plan] step=324 node=N30921 type=control0 q_pred_context=0.863406 sequence=629.406665
[plan iscas99__b17] [plan] step=325 node=N13695 type=observe q_pred_context=0.676933 sequence=630.083598
[plan iscas99__b17] [plan] step=326 node=N22040 type=control1 q_pred_context=0.822543 sequence=630.906141
[plan iscas99__b17] [plan] step=327 node=N29371 type=control0 q_pred_context=0.852260 sequence=631.758400
[plan iscas99__b17] [plan] step=328 node=N7712 type=control1 q_pred_context=0.823431 sequence=632.581832
[plan iscas99__b17] [plan] step=329 node=N2037 type=control1 q_pred_context=1.008220 sequence=633.590052
[plan iscas99__b17] [plan] step=330 node=N13800 type=control1 q_pred_context=0.938947 sequence=634.528999
[plan iscas99__b17] [plan] step=331 node=N30923 type=control0 q_pred_context=0.785953 sequence=635.314952
[plan iscas99__b17] [plan] step=332 node=N13749 type=observe q_pred_context=0.649214 sequence=635.964166
[plan iscas99__b17] [plan] step=333 node=N26507 type=control1 q_pred_context=0.794230 sequence=636.758397
[plan iscas99__b17] [plan] step=334 node=N30929 type=control0 q_pred_context=5.938662 sequence=642.697059
[plan iscas99__b17] [plan] step=335 node=N30928 type=control0 q_pred_context=3.235838 sequence=645.932897
[plan iscas99__b17] [plan] step=336 node=N13785 type=control1 q_pred_context=0.860490 sequence=646.793387
[plan iscas99__b17] [plan] step=337 node=N31044 type=control0 q_pred_context=0.695374 sequence=647.488762
[plan iscas99__b17] [plan] step=338 node=N13699 type=observe q_pred_context=0.609792 sequence=648.098554
[plan iscas99__b17] [plan] step=339 node=N13739 type=observe q_pred_context=0.759318 sequence=648.857872
[plan iscas99__b17] [plan] step=340 node=N13729 type=observe q_pred_context=0.723603 sequence=649.581475
[plan iscas99__b17] [plan] step=341 node=N7727 type=control1 q_pred_context=1.019473 sequence=650.600949
[plan iscas99__b17] [plan] step=342 node=N30934 type=control0 q_pred_context=0.834885 sequence=651.435834
[plan iscas99__b17] [plan] step=343 node=N13801 type=control1 q_pred_context=0.741686 sequence=652.177520
[plan iscas99__b17] [plan] step=344 node=N18563 type=observe q_pred_context=0.865056 sequence=653.042576
[plan iscas99__b17] [plan] step=345 node=N2036 type=control1 q_pred_context=0.595413 sequence=653.637989
[plan iscas99__b17] [plan] step=346 node=N13701 type=observe q_pred_context=0.735728 sequence=654.373717
[plan iscas99__b17] [plan] step=347 node=N13697 type=observe q_pred_context=0.659357 sequence=655.033074
[plan iscas99__b17] [plan] step=348 node=N13743 type=observe q_pred_context=0.663134 sequence=655.696208
[plan iscas99__b17] [plan] step=349 node=N13747 type=observe q_pred_context=0.662228 sequence=656.358436
[plan iscas99__b17] [plan] step=350 node=N13693 type=observe q_pred_context=1.064301 sequence=657.422737
[plan iscas99__b17] [plan] step=351 node=N13731 type=observe q_pred_context=1.189872 sequence=658.612609
[plan iscas99__b17] [plan] step=352 node=N13735 type=observe q_pred_context=1.165598 sequence=659.778207
[plan iscas99__b17] [plan] step=353 node=N2078 type=control1 q_pred_context=1.296334 sequence=661.074540
[plan iscas99__b17] [plan] step=354 node=N7455 type=observe q_pred_context=1.193775 sequence=662.268315
[plan iscas99__b17] [plan] step=355 node=N18097 type=observe q_pred_context=1.190909 sequence=663.459224
[plan iscas99__b17] [plan] step=356 node=N7726 type=control1 q_pred_context=1.300835 sequence=664.760058
[plan iscas99__b17] [plan] step=357 node=N7507 type=observe q_pred_context=1.086912 sequence=665.846971
[plan iscas99__b17] [plan] step=358 node=N3779 type=observe q_pred_context=0.648154 sequence=666.495124
[plan iscas99__b17] [plan] step=359 node=N18788 type=observe q_pred_context=0.640828 sequence=667.135952
[plan iscas99__b17] [plan] step=360 node=N9513 type=observe q_pred_context=0.643933 sequence=667.779884
[plan iscas99__b17] [plan] step=361 node=N13719 type=observe q_pred_context=0.640786 sequence=668.420670
[plan iscas99__b17] [plan] step=362 node=N13913 type=control1 q_pred_context=0.655487 sequence=669.076157
[plan iscas99__b17] [plan] step=363 node=N27858 type=control1 q_pred_context=0.699493 sequence=669.775649
[plan iscas99__b17] [plan] step=364 node=N7766 type=control1 q_pred_context=1.041407 sequence=670.817056
[plan iscas99__b17] [plan] step=365 node=N30924 type=control0 q_pred_context=0.660115 sequence=671.477171
[plan iscas99__b17] [plan] step=366 node=N13709 type=observe q_pred_context=0.841647 sequence=672.318818
[plan iscas99__b17] [plan] step=367 node=N2891 type=observe q_pred_context=1.024031 sequence=673.342849
[plan iscas99__b17] [plan] step=368 node=N13707 type=observe q_pred_context=0.887481 sequence=674.230331
[plan iscas99__b17] [plan] step=369 node=N13723 type=observe q_pred_context=0.885106 sequence=675.115437
[plan iscas99__b17] [plan] step=370 node=N24568 type=control0 q_pred_context=0.550732 sequence=675.666169
[plan iscas99__b17] [plan] step=371 node=N2076 type=control1 q_pred_context=0.907513 sequence=676.573682
[plan iscas99__b17] [plan] step=372 node=N29498 type=control1 q_pred_context=1.321569 sequence=677.895250
[plan iscas99__b17] [plan] step=373 node=N7711 type=control1 q_pred_context=1.684637 sequence=679.579887
[plan iscas99__b17] [plan] step=374 node=N1986 type=control1 q_pred_context=2.559392 sequence=682.139279
[plan iscas99__b17] [plan] step=375 node=N9041 type=observe q_pred_context=2.245470 sequence=684.384749
[plan iscas99__b17] [plan] step=376 node=N1987 type=control1 q_pred_context=2.080361 sequence=686.465110
[plan iscas99__b17] [plan] step=377 node=N2029 type=control1 q_pred_context=1.678376 sequence=688.143486
[plan iscas99__b17] [plan] step=378 node=N30925 type=control0 q_pred_context=1.059580 sequence=689.203066
[plan iscas99__b17] [plan] step=379 node=N27364 type=control1 q_pred_context=0.944607 sequence=690.147673
[plan iscas99__b17] [plan] step=380 node=N2074 type=control1 q_pred_context=1.283538 sequence=691.431211
[plan iscas99__b17] [plan] step=381 node=N30933 type=control0 q_pred_context=0.785470 sequence=692.216681
[plan iscas99__b17] [plan] step=382 node=N7690 type=control1 q_pred_context=0.958099 sequence=693.174780
[plan iscas99__b17] [plan] step=383 node=N13797 type=control1 q_pred_context=0.856464 sequence=694.031244
[plan iscas99__b17] [plan] step=384 node=N13836 type=control1 q_pred_context=1.002991 sequence=695.034235
[plan iscas99__b17] [plan] step=385 node=N30932 type=control0 q_pred_context=0.863054 sequence=695.897288
[plan iscas99__b17] [plan] step=386 node=N30931 type=control0 q_pred_context=0.809899 sequence=696.707187
[plan iscas99__b17] [plan] step=387 node=N13717 type=observe q_pred_context=0.853117 sequence=697.560304
[plan iscas99__b17] [plan] step=388 node=N7721 type=control1 q_pred_context=0.945975 sequence=698.506279
[plan iscas99__b17] [plan] step=389 node=N13721 type=observe q_pred_context=0.867082 sequence=699.373361
[plan iscas99__b17] [plan] step=390 node=N7765 type=control1 q_pred_context=0.894245 sequence=700.267607
[plan iscas99__b17] [plan] step=391 node=N2025 type=control1 q_pred_context=0.802495 sequence=701.070102
[plan iscas99__b17] [plan] step=392 node=N30930 type=control0 q_pred_context=0.788284 sequence=701.858386
[plan iscas99__b17] [plan] step=393 node=N13725 type=observe q_pred_context=0.761011 sequence=702.619397
[plan iscas99__b17] [plan] step=394 node=N19316 type=observe q_pred_context=0.880576 sequence=703.499973
[plan iscas99__b17] [plan] step=395 node=N7759 type=control1 q_pred_context=0.961929 sequence=704.461902
[plan iscas99__b17] [plan] step=396 node=N13837 type=control1 q_pred_context=0.941319 sequence=705.403221
[plan iscas99__b17] [plan] step=397 node=N13711 type=observe q_pred_context=0.867145 sequence=706.270366
[plan iscas99__b17] [plan] step=398 node=N13705 type=observe q_pred_context=0.926870 sequence=707.197236
[plan iscas99__b17] [plan] step=399 node=N13727 type=observe q_pred_context=1.050594 sequence=708.247831
[plan iscas99__b17] [plan] step=400 node=N14009 type=observe q_pred_context=1.513305 sequence=709.761136
[plan iscas99__b17] [plan] step=401 node=N13715 type=observe q_pred_context=1.324591 sequence=711.085727
[plan iscas99__b17] [plan] step=402 node=N13713 type=observe q_pred_context=1.344985 sequence=712.430712
[plan iscas99__b17] [plan] step=403 node=N7673 type=observe q_pred_context=1.551358 sequence=713.982071
[plan iscas99__b17] [plan] step=404 node=N29390 type=control0 q_pred_context=1.318137 sequence=715.300207
[plan iscas99__b17] [plan] step=405 node=N29526 type=control0 q_pred_context=1.237681 sequence=716.537888
[plan iscas99__b17] [plan] step=406 node=N31050 type=control0 q_pred_context=1.113110 sequence=717.650998
[plan iscas99__b17] [plan] step=407 node=N7725 type=control1 q_pred_context=1.548557 sequence=719.199555
[plan iscas99__b17] [plan] step=408 node=N7718 type=control1 q_pred_context=1.130661 sequence=720.330216
[plan iscas99__b17] [plan] step=409 node=N31051 type=control0 q_pred_context=1.534207 sequence=721.864423
[plan iscas99__b17] [plan] step=410 node=N31045 type=control0 q_pred_context=1.117579 sequence=722.982002
[plan iscas99__b17] [plan] step=411 node=N12307 type=observe q_pred_context=1.099282 sequence=724.081284
[plan iscas99__b17] [plan] step=412 node=N12332 type=observe q_pred_context=0.991097 sequence=725.072380
[plan iscas99__b17] [plan] step=413 node=N18620 type=observe q_pred_context=1.463773 sequence=726.536154
[plan iscas99__b17] [plan] step=414 node=N18532 type=observe q_pred_context=1.247863 sequence=727.784017
[plan iscas99__b17] [plan] step=415 node=N12339 type=observe q_pred_context=0.544239 sequence=728.328256
[plan iscas99__b17] [plan] step=416 node=N8821 type=observe q_pred_context=1.195417 sequence=729.523673
[plan iscas99__b17] [plan] step=417 node=N8764 type=observe q_pred_context=1.179519 sequence=730.703192
[plan iscas99__b17] [plan] step=418 node=N7633 type=observe q_pred_context=0.890503 sequence=731.593695
[plan iscas99__b17] [plan] step=419 node=N12368 type=observe q_pred_context=0.692132 sequence=732.285827
[plan iscas99__b17] [plan] step=420 node=N30927 type=control0 q_pred_context=0.931259 sequence=733.217086
[plan iscas99__b17] [plan] step=421 node=N13901 type=control1 q_pred_context=0.960983 sequence=734.178068
[plan iscas99__b17] [plan] step=422 node=N13919 type=control1 q_pred_context=0.902125 sequence=735.080194
[plan iscas99__b17] [plan] step=423 node=N12399 type=observe q_pred_context=0.699048 sequence=735.779242
[plan iscas99__b17] [plan] step=424 node=N12683 type=observe q_pred_context=0.635855 sequence=736.415097
[plan iscas99__b17] [plan] step=425 node=N12465 type=observe q_pred_context=0.731817 sequence=737.146913
[plan iscas99__b17] [plan] step=426 node=N12447 type=observe q_pred_context=0.712378 sequence=737.859292
[plan iscas99__b17] [plan] step=427 node=N16417 type=control1 q_pred_context=0.604099 sequence=738.463390
[plan iscas99__b17] [plan] step=428 node=N2038 type=control1 q_pred_context=1.712871 sequence=740.176262
[plan iscas99__b17] [plan] step=429 node=N7268 type=observe q_pred_context=0.770865 sequence=740.947126
[plan iscas99__b17] [plan] step=430 node=N12607 type=observe q_pred_context=0.729215 sequence=741.676342
[plan iscas99__b17] [plan] step=431 node=N12214 type=observe q_pred_context=0.643516 sequence=742.319858
[plan iscas99__b17] [plan] step=432 node=N12229 type=observe q_pred_context=0.628017 sequence=742.947875
[plan iscas99__b17] [plan] step=433 node=N12293 type=observe q_pred_context=1.058789 sequence=744.006664
[plan iscas99__b17] [plan] step=434 node=N19442 type=observe q_pred_context=0.903363 sequence=744.910027
[plan iscas99__b17] [plan] step=435 node=N18514 type=observe q_pred_context=0.737924 sequence=745.647951
[plan iscas99__b17] [plan] step=436 node=N9514 type=observe q_pred_context=0.775433 sequence=746.423384
[plan iscas99__b17] [plan] step=437 node=N18364 type=observe q_pred_context=0.726682 sequence=747.150066
[plan iscas99__b17] [plan] step=438 node=N26769 type=control0 q_pred_context=0.675864 sequence=747.825931
[plan iscas99__b17] [plan] step=439 node=N26775 type=control0 q_pred_context=1.536230 sequence=749.362161
[plan iscas99__b17] [plan] step=440 node=N12309 type=observe q_pred_context=0.657040 sequence=750.019201
[plan iscas99__b17] [plan] step=441 node=N12709 type=observe q_pred_context=0.998578 sequence=751.017779
[plan iscas99__b17] [plan] step=442 node=N26792 type=control0 q_pred_context=0.639650 sequence=751.657429
[plan iscas99__b17] [plan] step=443 node=N12325 type=observe q_pred_context=0.665183 sequence=752.322612
[plan iscas99__b17] [plan] step=444 node=N12277 type=observe q_pred_context=0.660391 sequence=752.983003
[plan iscas99__b17] [plan] step=445 node=N19439 type=observe q_pred_context=0.780333 sequence=753.763336
[plan iscas99__b17] [plan] step=446 node=N29409 type=control1 q_pred_context=0.586516 sequence=754.349852
[plan iscas99__b17] [plan] step=447 node=N29408 type=control1 q_pred_context=0.680087 sequence=755.029939
[plan iscas99__b17] [plan] step=448 node=N31073 type=control1 q_pred_context=0.747804 sequence=755.777743
[plan iscas99__b17] [plan] step=449 node=N9511 type=observe q_pred_context=0.939239 sequence=756.716981
[plan iscas99__b17] [plan] step=450 node=N26773 type=control0 q_pred_context=1.325764 sequence=758.042746
[plan iscas99__b17] [plan] step=451 node=N15373 type=observe q_pred_context=0.889102 sequence=758.931848
[plan iscas99__b17] [plan] step=452 node=N8903 type=observe q_pred_context=1.038056 sequence=759.969904
[plan iscas99__b17] [plan] step=453 node=N7692 type=observe q_pred_context=0.968203 sequence=760.938106
[plan iscas99__b17] [plan] step=454 node=N14901 type=control1 q_pred_context=1.579765 sequence=762.517871
[plan iscas99__b17] [plan] step=455 node=N13076 type=observe q_pred_context=0.633807 sequence=763.151678
[plan iscas99__b17] [plan] step=456 node=N5157 type=observe q_pred_context=0.646670 sequence=763.798348
[plan iscas99__b17] [plan] step=457 node=N19165 type=observe q_pred_context=0.650916 sequence=764.449263
[plan iscas99__b17] [plan] step=458 node=N15376 type=observe q_pred_context=0.801113 sequence=765.250377
[plan iscas99__b17] [plan] step=459 node=N7671 type=observe q_pred_context=0.977988 sequence=766.228365
[plan iscas99__b17] [plan] step=460 node=N3775 type=observe q_pred_context=1.273223 sequence=767.501587
[plan iscas99__b17] [plan] step=461 node=N3880 type=observe q_pred_context=1.021485 sequence=768.523073
[plan iscas99__b17] [plan] step=462 node=N18877 type=observe q_pred_context=0.770871 sequence=769.293944
[plan iscas99__b17] [plan] step=463 node=N19835 type=observe q_pred_context=0.903430 sequence=770.197374
[plan iscas99__b17] [plan] step=464 node=N20546 type=control1 q_pred_context=0.279243 sequence=770.476617
[plan iscas99__b17] [plan] step=465 node=N7445 type=observe q_pred_context=0.624110 sequence=771.100727
[plan iscas99__b17] [plan] step=466 node=N19219 type=observe q_pred_context=0.611601 sequence=771.712328
[plan iscas99__b17] [plan] step=467 node=N19315 type=observe q_pred_context=0.661011 sequence=772.373340
[plan iscas99__b17] [plan] step=468 node=N12547 type=observe q_pred_context=1.100925 sequence=773.474265
[plan iscas99__b17] [plan] step=469 node=N12323 type=observe q_pred_context=0.702054 sequence=774.176319
[plan iscas99__b17] [plan] step=470 node=N7537 type=observe q_pred_context=0.763649 sequence=774.939969
[plan iscas99__b17] [plan] step=471 node=N7285 type=observe q_pred_context=0.710454 sequence=775.650423
[plan iscas99__b17] [plan] step=472 node=N19229 type=observe q_pred_context=0.689639 sequence=776.340062
[plan iscas99__b17] [plan] step=473 node=N9595 type=observe q_pred_context=1.015847 sequence=777.355909
[plan iscas99__b17] [plan] step=474 node=N9593 type=observe q_pred_context=1.982897 sequence=779.338807
[plan iscas99__b17] [plan] step=475 node=N12316 type=observe q_pred_context=0.685831 sequence=780.024638
[plan iscas99__b17] [plan] step=476 node=N19878 type=observe q_pred_context=0.884868 sequence=780.909506
[plan iscas99__b17] [plan] step=477 node=N18537 type=observe q_pred_context=1.235177 sequence=782.144683
[plan iscas99__b17] [plan] step=478 node=N3765 type=observe q_pred_context=0.646803 sequence=782.791485
[plan iscas99__b17] [plan] step=479 node=N2696 type=observe q_pred_context=1.076366 sequence=783.867851
[plan iscas99__b17] [plan] step=480 node=N27564 type=control0 q_pred_context=0.612085 sequence=784.479936
[plan iscas99__b17] [plan] step=481 node=N26771 type=control0 q_pred_context=2.963461 sequence=787.443397
[plan iscas99__b17] [plan] step=482 node=N9608 type=observe q_pred_context=0.610726 sequence=788.054123
[plan iscas99__b17] [plan] step=483 node=N18641 type=observe q_pred_context=0.835726 sequence=788.889849
[plan iscas99__b17] [plan] step=484 node=N7925 type=observe q_pred_context=1.432245 sequence=790.322094
[plan iscas99__b17] [plan] step=485 node=N26796 type=control0 q_pred_context=0.594418 sequence=790.916512
[plan iscas99__b17] [plan] step=486 node=N3293 type=observe q_pred_context=0.593208 sequence=791.509721
[plan iscas99__b17] [plan] step=487 node=N2247 type=observe q_pred_context=1.075228 sequence=792.584949
[plan iscas99__b17] [plan] step=488 node=N7636 type=observe q_pred_context=0.720675 sequence=793.305624
[plan iscas99__b17] [plan] step=489 node=N12404 type=observe q_pred_context=0.642974 sequence=793.948598
[plan iscas99__b17] [plan] step=490 node=N9599 type=observe q_pred_context=1.633916 sequence=795.582514
[plan iscas99__b17] [plan] step=491 node=N19443 type=observe q_pred_context=0.973707 sequence=796.556221
[plan iscas99__b17] [plan] step=492 node=N19864 type=observe q_pred_context=0.720527 sequence=797.276748
[plan iscas99__b17] [plan] step=493 node=N12463 type=observe q_pred_context=1.335880 sequence=798.612628
[plan iscas99__b17] [plan] step=494 node=N26788 type=control0 q_pred_context=0.610044 sequence=799.222672
[plan iscas99__b17] [plan] step=495 node=N14036 type=observe q_pred_context=0.601067 sequence=799.823739
[plan iscas99__b17] [plan] step=496 node=N19440 type=observe q_pred_context=1.261703 sequence=801.085441
[plan iscas99__b17] [plan] step=497 node=N2698 type=observe q_pred_context=1.264121 sequence=802.349563
[plan iscas99__b17] [plan] step=498 node=N19319 type=observe q_pred_context=1.787105 sequence=804.136667
[plan iscas99__b17] [plan] step=499 node=N19162 type=observe q_pred_context=1.346995 sequence=805.483662
[plan iscas99__b17] [plan] step=500 node=N9218 type=observe q_pred_context=0.622858 sequence=806.106521
[plan iscas99__b17] [plan] step=501 node=N8878 type=observe q_pred_context=1.862684 sequence=807.969205
[plan iscas99__b17] [plan] step=502 node=N7480 type=observe q_pred_context=0.686589 sequence=808.655794
[plan iscas99__b17] [plan] step=503 node=N12581 type=observe q_pred_context=2.469186 sequence=811.124980
[plan iscas99__b17] [plan] step=504 node=N12259 type=observe q_pred_context=0.824780 sequence=811.949760
[plan iscas99__b17] [plan] step=505 node=N12335 type=observe q_pred_context=0.910846 sequence=812.860607
[plan iscas99__b17] [plan] step=506 node=N7349 type=observe q_pred_context=0.875754 sequence=813.736361
[plan iscas99__b17] [plan] step=507 node=N18586 type=observe q_pred_context=0.788504 sequence=814.524865
[plan iscas99__b17] [plan] step=508 node=N18658 type=observe q_pred_context=0.677032 sequence=815.201897
[plan iscas99__b17] [plan] step=509 node=N12355 type=observe q_pred_context=0.657201 sequence=815.859098
[plan iscas99__b17] [plan] step=510 node=N15370 type=observe q_pred_context=0.771068 sequence=816.630166
[plan iscas99__b17] [plan] step=511 node=N25713 type=observe q_pred_context=0.974709 sequence=817.604874
[plan iscas99__b17] [plan] step=512 node=N13426 type=observe q_pred_context=1.383448 sequence=818.988322
[plan iscas99__b17] [plan] step=513 node=N26786 type=control0 q_pred_context=0.617009 sequence=819.605332
[plan iscas99__b17] [plan] step=514 node=N26782 type=control0 q_pred_context=0.605474 sequence=820.210805
[plan iscas99__b17] [plan] step=515 node=N27551 type=control0 q_pred_context=0.603134 sequence=820.813939
[plan iscas99__b17] [plan] step=516 node=N9610 type=observe q_pred_context=0.537885 sequence=821.351824
[plan iscas99__b17] [plan] step=517 node=N30926 type=control0 q_pred_context=0.639424 sequence=821.991249
[plan iscas99__b17] [plan] step=518 node=N3429 type=observe q_pred_context=0.590073 sequence=822.581322
[plan iscas99__b17] [plan] step=519 node=N27509 type=control0 q_pred_context=0.637696 sequence=823.219017
[plan iscas99__b17] [plan] step=520 node=N14045 type=observe q_pred_context=0.583134 sequence=823.802151
[plan iscas99__b17] [plan] step=521 node=N27250 type=observe q_pred_context=1.081261 sequence=824.883413
[plan iscas99__b17] [plan] step=522 node=N3856 type=observe q_pred_context=0.602201 sequence=825.485613
[plan iscas99__b17] [plan] step=523 node=N26784 type=control0 q_pred_context=0.632835 sequence=826.118448
[plan iscas99__b17] [plan] step=524 node=N9220 type=observe q_pred_context=0.591902 sequence=826.710350
[plan iscas99__b17] [plan] step=525 node=N25756 type=observe q_pred_context=0.830518 sequence=827.540869
[plan iscas99__b17] [plan] step=526 node=N13911 type=control1 q_pred_context=1.034779 sequence=828.575647
[plan iscas99__b17] [plan] step=527 node=N19320 type=observe q_pred_context=0.939461 sequence=829.515108
[plan iscas99__b17] [plan] step=528 node=N7548 type=observe q_pred_context=0.819211 sequence=830.334319
[plan iscas99__b17] [plan] step=529 node=N7464 type=observe q_pred_context=0.770901 sequence=831.105221
[plan iscas99__b17] [plan] step=530 node=N12211 type=observe q_pred_context=0.731999 sequence=831.837220
[plan iscas99__b17] [plan] step=531 node=N12220 type=observe q_pred_context=0.712558 sequence=832.549778
[plan iscas99__b17] [plan] step=532 node=N18488 type=observe q_pred_context=0.735753 sequence=833.285531
[plan iscas99__b17] [plan] step=533 node=N2870 type=observe q_pred_context=0.807406 sequence=834.092937
[plan iscas99__b17] [plan] step=534 node=N12649 type=observe q_pred_context=0.661165 sequence=834.754102
[plan iscas99__b17] [plan] step=535 node=N18724 type=observe q_pred_context=0.645424 sequence=835.399526
[plan iscas99__b17] [plan] step=536 node=N14666 type=observe q_pred_context=0.760488 sequence=836.160014
[plan iscas99__b17] [plan] step=537 node=N12387 type=observe q_pred_context=0.679484 sequence=836.839498
[plan iscas99__b17] [plan] step=538 node=N9639 type=observe q_pred_context=0.575093 sequence=837.414591
[plan iscas99__b17] [plan] step=539 node=N16588 type=control1 q_pred_context=0.592027 sequence=838.006619
[plan iscas99__b17] [plan] step=540 node=N1990 type=control1 q_pred_context=1.179707 sequence=839.186326
[plan iscas99__b17] [plan] step=541 node=N13930 type=control1 q_pred_context=1.121041 sequence=840.307367
[plan iscas99__b17] [plan] step=542 node=N26654 type=control0 q_pred_context=0.602185 sequence=840.909551
[plan iscas99__b17] [plan] step=543 node=N3810 type=observe q_pred_context=0.565364 sequence=841.474915
[plan iscas99__b17] [plan] step=544 node=N27574 type=control0 q_pred_context=0.636010 sequence=842.110926
[plan iscas99__b17] [plan] step=545 node=N14037 type=observe q_pred_context=0.539680 sequence=842.650605
[plan iscas99__b17] [plan] step=546 node=N13788 type=control1 q_pred_context=1.222824 sequence=843.873429
[plan iscas99__b17] [plan] step=547 node=N27576 type=control0 q_pred_context=0.618075 sequence=844.491504
[plan iscas99__b17] [plan] step=548 node=N26794 type=control0 q_pred_context=0.544442 sequence=845.035946
[plan iscas99__b17] [plan] step=549 node=N26790 type=control0 q_pred_context=0.539846 sequence=845.575793
[plan iscas99__b17] [plan] step=550 node=N27589 type=control0 q_pred_context=0.543163 sequence=846.118956
[plan iscas99__b17] [plan] step=551 node=N27585 type=control0 q_pred_context=0.544275 sequence=846.663231
[plan iscas99__b17] [plan] step=552 node=N3347 type=observe q_pred_context=0.572847 sequence=847.236078
[plan iscas99__b17] [plan] step=553 node=N19314 type=observe q_pred_context=0.752095 sequence=847.988173
[plan iscas99__b17] [plan] step=554 node=N2023 type=control1 q_pred_context=1.059195 sequence=849.047368
[plan iscas99__b17] [plan] step=555 node=N7496 type=observe q_pred_context=0.695309 sequence=849.742676
[plan iscas99__b17] [plan] step=556 node=N12243 type=observe q_pred_context=0.677288 sequence=850.419965
[plan iscas99__b17] [plan] step=557 node=N15366 type=observe q_pred_context=0.660362 sequence=851.080326
[plan iscas99__b17] [plan] step=558 node=N7301 type=observe q_pred_context=0.506194 sequence=851.586521
[plan iscas99__b17] [plan] step=559 node=N12236 type=observe q_pred_context=0.551886 sequence=852.138406
[plan iscas99__b17] [plan] step=560 node=N18695 type=observe q_pred_context=0.715821 sequence=852.854228
[plan iscas99__b17] [plan] step=561 node=N12717 type=observe q_pred_context=0.837720 sequence=853.691947
[plan iscas99__b17] [plan] step=562 node=N13976 type=observe q_pred_context=0.962293 sequence=854.654241
[plan iscas99__b17] [plan] step=563 node=N12452 type=observe q_pred_context=0.762972 sequence=855.417213
[plan iscas99__b17] [plan] step=564 node=N10955 type=observe q_pred_context=0.767863 sequence=856.185076
[plan iscas99__b17] [plan] step=565 node=N27284 type=observe q_pred_context=0.768997 sequence=856.954072
[plan iscas99__b17] [plan] step=566 node=N19834 type=observe q_pred_context=0.897656 sequence=857.851728
[plan iscas99__b17] [plan] step=567 node=N19317 type=observe q_pred_context=0.801822 sequence=858.653551
[plan iscas99__b17] [plan] step=568 node=N3363 type=observe q_pred_context=0.610496 sequence=859.264047
[plan iscas99__b17] [plan] step=569 node=N12660 type=observe q_pred_context=0.862210 sequence=860.126257
[plan iscas99__b17] [plan] step=570 node=N7448 type=observe q_pred_context=0.837215 sequence=860.963472
[plan iscas99__b17] [plan] step=571 node=N12291 type=observe q_pred_context=0.808405 sequence=861.771877
[plan iscas99__b17] [plan] step=572 node=N7397 type=observe q_pred_context=0.791869 sequence=862.563746
[plan iscas99__b17] [plan] step=573 node=N12319 type=observe q_pred_context=0.779207 sequence=863.342953
[plan iscas99__b17] [plan] step=574 node=N18645 type=observe q_pred_context=0.772476 sequence=864.115429
[plan iscas99__b17] [plan] step=575 node=N12371 type=observe q_pred_context=0.773801 sequence=864.889229
[plan iscas99__b17] [plan] step=576 node=N12208 type=observe q_pred_context=0.904501 sequence=865.793730
[plan iscas99__b17] [plan] step=577 node=N13961 type=observe q_pred_context=1.280480 sequence=867.074210
[plan iscas99__b17] [plan] step=578 node=N16818 type=control1 q_pred_context=0.640591 sequence=867.714801
[plan iscas99__b17] [plan] step=579 node=N14041 type=observe q_pred_context=0.607253 sequence=868.322054
[plan iscas99__b17] [plan] step=580 node=N19321 type=observe q_pred_context=1.006527 sequence=869.328581
[plan iscas99__b17] [plan] step=581 node=N3355 type=observe q_pred_context=0.608197 sequence=869.936778
[plan iscas99__b17] [plan] step=582 node=N7512 type=observe q_pred_context=0.903393 sequence=870.840171
[plan iscas99__b17] [plan] step=583 node=N12513 type=observe q_pred_context=1.022301 sequence=871.862471
[plan iscas99__b17] [plan] step=584 node=N12227 type=observe q_pred_context=0.957850 sequence=872.820322
[plan iscas99__b17] [plan] step=585 node=N7381 type=observe q_pred_context=0.936879 sequence=873.757201
[plan iscas99__b17] [plan] step=586 node=N12271 type=observe q_pred_context=0.931381 sequence=874.688582
[plan iscas99__b17] [plan] step=587 node=N16645 type=control1 q_pred_context=0.709980 sequence=875.398562
[plan iscas99__b17] [plan] step=588 node=N1989 type=control1 q_pred_context=1.244359 sequence=876.642921
[plan iscas99__b17] [plan] step=589 node=N14035 type=observe q_pred_context=0.615653 sequence=877.258574
[plan iscas99__b17] [plan] step=590 node=N3437 type=observe q_pred_context=0.611813 sequence=877.870387
[plan iscas99__b17] [plan] step=591 node=N8083 type=observe q_pred_context=0.560536 sequence=878.430923
[plan iscas99__b17] [plan] step=592 node=N8125 type=observe q_pred_context=0.344180 sequence=878.775102
[plan iscas99__b17] [plan] step=593 node=N19322 type=observe q_pred_context=0.891374 sequence=879.666477
[plan iscas99__b17] [plan] step=594 node=N18691 type=observe q_pred_context=0.992280 sequence=880.658756
[plan iscas99__b17] [plan] step=595 node=N12751 type=observe q_pred_context=1.190612 sequence=881.849368
[plan iscas99__b17] [plan] step=596 node=N7432 type=observe q_pred_context=1.080653 sequence=882.930021
[plan iscas99__b17] [plan] step=597 node=N14880 type=control1 q_pred_context=1.502317 sequence=884.432337
[plan iscas99__b17] [plan] step=598 node=N18354 type=observe q_pred_context=1.046668 sequence=885.479005
[plan iscas99__b17] [plan] step=599 node=N3371 type=observe q_pred_context=0.643034 sequence=886.122039
[plan iscas99__b17] [plan] step=600 node=N12524 type=observe q_pred_context=1.327665 sequence=887.449704
[plan iscas99__b17] [plan] step=601 node=N7365 type=observe q_pred_context=1.039470 sequence=888.489174
[plan iscas99__b17] [plan] step=602 node=N12268 type=observe q_pred_context=0.990011 sequence=889.479185
[plan iscas99__b17] [plan] step=603 node=N19323 type=observe q_pred_context=1.124383 sequence=890.603568
[plan iscas99__b17] [plan] step=604 node=N18675 type=observe q_pred_context=0.916061 sequence=891.519630
[plan iscas99__b17] [plan] step=605 node=N3379 type=observe q_pred_context=0.650368 sequence=892.169998
[plan iscas99__b17] [plan] step=606 node=N7528 type=observe q_pred_context=1.059099 sequence=893.229097
[plan iscas99__b17] [plan] step=607 node=N3323 type=observe q_pred_context=0.688727 sequence=893.917825
[plan iscas99__b17] [plan] step=608 node=N12209 type=observe q_pred_context=1.030489 sequence=894.948313
[plan iscas99__b17] [plan] step=609 node=N14042 type=observe q_pred_context=0.626136 sequence=895.574450
[plan iscas99__b17] [plan] step=610 node=N8121 type=observe q_pred_context=0.611260 sequence=896.185709
[plan iscas99__b17] [plan] step=611 node=N18417 type=observe q_pred_context=0.930499 sequence=897.116209
[plan iscas99__b17] [plan] step=612 node=N12657 type=observe q_pred_context=1.005406 sequence=898.121615
[plan iscas99__b17] [plan] step=613 node=N12239 type=observe q_pred_context=0.712770 sequence=898.834386
[plan iscas99__b17] [plan] step=614 node=N19324 type=observe q_pred_context=1.296195 sequence=900.130581
[plan iscas99__b17] [plan] step=615 node=N18741 type=observe q_pred_context=0.990578 sequence=901.121158
[plan iscas99__b17] [plan] step=616 node=N12257 type=observe q_pred_context=1.018784 sequence=902.139942
[plan iscas99__b17] [plan] step=617 node=N7333 type=observe q_pred_context=1.005059 sequence=903.145002
[plan iscas99__b17] [plan] step=618 node=N25742 type=observe q_pred_context=0.987353 sequence=904.132355
[plan iscas99__b17] [plan] step=619 node=N18405 type=observe q_pred_context=0.968187 sequence=905.100542
[plan iscas99__b17] [plan] step=620 node=N7179 type=observe q_pred_context=0.944292 sequence=906.044834
[plan iscas99__b17] [plan] step=621 node=N12287 type=observe q_pred_context=0.928425 sequence=906.973258
[plan iscas99__b17] [plan] step=622 node=N3332 type=observe q_pred_context=0.652790 sequence=907.626048
[plan iscas99__b17] [plan] step=623 node=N12504 type=observe q_pred_context=1.277092 sequence=908.903140
[plan iscas99__b17] [plan] step=624 node=N19318 type=observe q_pred_context=1.146003 sequence=910.049143
[plan iscas99__b17] [plan] step=625 node=N3386 type=observe q_pred_context=0.658848 sequence=910.707992
[plan iscas99__b17] [plan] step=626 node=N14038 type=observe q_pred_context=0.683410 sequence=911.391402
[plan iscas99__b17] [plan] step=627 node=N8132 type=observe q_pred_context=0.609926 sequence=912.001328
[plan iscas99__b17] [plan] step=628 node=N12289 type=observe q_pred_context=0.696014 sequence=912.697342
[plan iscas99__b17] [plan] step=629 node=N7243 type=observe q_pred_context=0.674494 sequence=913.371836
[plan iscas99__b17] [plan] step=630 node=N12300 type=observe q_pred_context=0.677508 sequence=914.049343
[plan iscas99__b17] [plan] step=631 node=N18420 type=observe q_pred_context=0.677921 sequence=914.727264
[plan iscas99__b17] [plan] step=632 node=N12528 type=observe q_pred_context=0.674498 sequence=915.401762
[plan iscas99__b17] [plan] step=633 node=N7147 type=observe q_pred_context=1.003495 sequence=916.405257
[plan iscas99__b17] [plan] step=634 node=N12273 type=observe q_pred_context=0.987192 sequence=917.392449
[plan iscas99__b17] [plan] step=635 node=N7931 type=observe q_pred_context=0.819353 sequence=918.211802
[plan iscas99__b17] [plan] step=636 node=N12255 type=observe q_pred_context=0.932704 sequence=919.144506
[plan iscas99__b17] [plan] step=637 node=N29386 type=observe q_pred_context=0.660294 sequence=919.804800
[plan iscas99__b17] [plan] step=638 node=N19326 type=observe q_pred_context=1.486276 sequence=921.291076
[plan iscas99__b17] [plan] step=639 node=N3325 type=observe q_pred_context=0.654882 sequence=921.945959
[plan iscas99__b17] [plan] step=640 node=N18366 type=observe q_pred_context=1.023861 sequence=922.969819
[plan iscas99__b17] [plan] step=641 node=N8139 type=observe q_pred_context=0.608949 sequence=923.578768
[plan iscas99__b17] [plan] step=642 node=N12502 type=observe q_pred_context=0.680351 sequence=924.259120
[plan iscas99__b17] [plan] step=643 node=N7259 type=observe q_pred_context=0.674495 sequence=924.933615
[plan iscas99__b17] [plan] step=644 node=N12252 type=observe q_pred_context=0.780219 sequence=925.713834
[plan iscas99__b17] [plan] step=645 node=N2693 type=observe q_pred_context=1.193458 sequence=926.907292
[plan iscas99__b17] [plan] step=646 node=N7934 type=observe q_pred_context=1.039540 sequence=927.946832
[plan iscas99__b17] [plan] step=647 node=N18388 type=observe q_pred_context=0.976181 sequence=928.923014
[plan iscas99__b17] [plan] step=648 node=N12562 type=observe q_pred_context=1.628623 sequence=930.551636
[plan iscas99__b17] [plan] step=649 node=N2697 type=observe q_pred_context=1.303761 sequence=931.855398
[plan iscas99__b17] [plan] step=650 node=N3394 type=observe q_pred_context=0.658080 sequence=932.513478
[plan iscas99__b17] [plan] step=651 node=N8141 type=observe q_pred_context=0.609487 sequence=933.122965
[plan iscas99__b17] [plan] step=652 node=N19246 type=observe q_pred_context=0.954722 sequence=934.077686
[plan iscas99__b17] [plan] step=653 node=N12284 type=observe q_pred_context=0.674505 sequence=934.752191
[plan iscas99__b17] [plan] step=654 node=N18432 type=observe q_pred_context=0.718760 sequence=935.470951
[plan iscas99__b17] [plan] step=655 node=N7227 type=observe q_pred_context=1.059054 sequence=936.530005
[plan iscas99__b17] [plan] step=656 node=N12519 type=observe q_pred_context=1.576071 sequence=938.106077
[plan iscas99__b17] [plan] step=657 node=N3527 type=observe q_pred_context=0.664492 sequence=938.770569
[plan iscas99__b17] [plan] step=658 node=N12303 type=observe q_pred_context=0.704605 sequence=939.475174
[plan iscas99__b17] [plan] step=659 node=N19251 type=observe q_pred_context=1.057650 sequence=940.532824
[plan iscas99__b17] [plan] step=660 node=N7211 type=observe q_pred_context=0.987301 sequence=941.520125
[plan iscas99__b17] [plan] step=661 node=N8124 type=observe q_pred_context=0.646534 sequence=942.166660
[plan iscas99__b17] [plan] step=662 node=N18449 type=observe q_pred_context=1.014040 sequence=943.180699
[plan iscas99__b17] [plan] step=663 node=N12553 type=observe q_pred_context=1.787282 sequence=944.967981
[plan iscas99__b17] [plan] step=664 node=N13979 type=observe q_pred_context=1.709578 sequence=946.677559
[plan iscas99__b17] [plan] step=665 node=N3470 type=observe q_pred_context=0.664081 sequence=947.341641
[plan iscas99__b17] [plan] step=666 node=N19253 type=observe q_pred_context=0.771301 sequence=948.112942
[plan iscas99__b17] [plan] step=667 node=N12223 type=observe q_pred_context=1.017584 sequence=949.130526
[plan iscas99__b17] [plan] step=668 node=N18371 type=observe q_pred_context=1.103530 sequence=950.234056
[plan iscas99__b17] [plan] step=669 node=N7195 type=observe q_pred_context=1.105421 sequence=951.339476
[plan iscas99__b17] [plan] step=670 node=N3422 type=observe q_pred_context=0.658082 sequence=951.997559
[plan iscas99__b17] [plan] step=671 node=N12587 type=observe q_pred_context=1.525073 sequence=953.522632
[plan iscas99__b17] [plan] step=672 node=N7163 type=observe q_pred_context=1.333151 sequence=954.855783
[plan iscas99__b17] [plan] step=673 node=N25712 type=observe q_pred_context=1.934499 sequence=956.790282
[plan iscas99__b17] [plan] step=674 node=N8137 type=observe q_pred_context=0.654235 sequence=957.444518
[plan iscas99__b17] [plan] step=675 node=N19254 type=observe q_pred_context=0.751417 sequence=958.195934
[plan iscas99__b17] [plan] step=676 node=N18305 type=observe q_pred_context=1.023646 sequence=959.219580
[plan iscas99__b17] [plan] step=677 node=N3445 type=observe q_pred_context=0.626810 sequence=959.846390
[plan iscas99__b17] [plan] step=678 node=N12654 type=observe q_pred_context=1.536285 sequence=961.382675
[plan iscas99__b17] [plan] step=679 node=N2695 type=observe q_pred_context=1.219999 sequence=962.602674
[plan iscas99__b17] [plan] step=680 node=N19245 type=observe q_pred_context=1.095048 sequence=963.697721
[plan iscas99__b17] [plan] step=681 node=N8135 type=observe q_pred_context=0.614770 sequence=964.312491
[plan iscas99__b17] [plan] step=682 node=N9578 type=observe q_pred_context=1.258555 sequence=965.571046
[plan iscas99__b17] [plan] step=683 node=N18437 type=observe q_pred_context=0.954183 sequence=966.525230
[plan iscas99__b17] [plan] step=684 node=N9582 type=observe q_pred_context=1.163742 sequence=967.688972
[plan iscas99__b17] [plan] step=685 node=N3506 type=observe q_pred_context=0.622879 sequence=968.311851
[plan iscas99__b17] [plan] step=686 node=N12622 type=observe q_pred_context=1.538510 sequence=969.850362
[plan iscas99__b17] [plan] step=687 node=N7446 type=observe q_pred_context=1.051365 sequence=970.901727
[plan iscas99__b17] [plan] step=688 node=N19244 type=observe q_pred_context=0.950788 sequence=971.852515
[plan iscas99__b17] [plan] step=689 node=N2256 type=observe q_pred_context=1.060493 sequence=972.913007
[plan iscas99__b17] [plan] step=690 node=N3563 type=observe q_pred_context=0.620731 sequence=973.533738
[plan iscas99__b17] [plan] step=691 node=N8138 type=observe q_pred_context=0.600111 sequence=974.133849
[plan iscas99__b17] [plan] step=692 node=N12665 type=observe q_pred_context=1.034024 sequence=975.167873
[plan iscas99__b17] [plan] step=693 node=N19241 type=observe q_pred_context=0.754121 sequence=975.921994
[plan iscas99__b17] [plan] step=694 node=N7261 type=observe q_pred_context=0.935540 sequence=976.857533
[plan iscas99__b17] [plan] step=695 node=N3486 type=observe q_pred_context=0.620218 sequence=977.477751
[plan iscas99__b17] [plan] step=696 node=N12663 type=observe q_pred_context=1.537107 sequence=979.014858
[plan iscas99__b17] [plan] step=697 node=N7940 type=observe q_pred_context=1.158942 sequence=980.173800
[plan iscas99__b17] [plan] step=698 node=N19328 type=observe q_pred_context=1.061149 sequence=981.234950
[plan iscas99__b17] [plan] step=699 node=N7213 type=observe q_pred_context=0.885081 sequence=982.120030
[plan iscas99__b17] [plan] step=700 node=N3554 type=observe q_pred_context=0.625425 sequence=982.745456
[plan iscas99__b17] [plan] step=701 node=N8129 type=observe q_pred_context=0.535227 sequence=983.280683
[plan iscas99__b17] [plan] step=702 node=N19280 type=observe q_pred_context=0.835229 sequence=984.115912
[plan iscas99__b17] [plan] step=703 node=N12522 type=observe q_pred_context=0.998365 sequence=985.114277
[plan iscas99__b17] [plan] step=704 node=N3478 type=observe q_pred_context=0.625192 sequence=985.739469
[plan iscas99__b17] [plan] step=705 node=N8140 type=observe q_pred_context=0.551266 sequence=986.290734
[plan iscas99__b17] [plan] step=706 node=N9605 type=observe q_pred_context=0.984043 sequence=987.274777
[plan iscas99__b17] [plan] step=707 node=N19277 type=observe q_pred_context=0.741487 sequence=988.016265
[plan iscas99__b17] [plan] step=708 node=N12516 type=observe q_pred_context=0.666582 sequence=988.682847
[plan iscas99__b17] [plan] step=709 node=N3545 type=observe q_pred_context=0.615376 sequence=989.298223
[plan iscas99__b17] [plan] step=710 node=N19249 type=observe q_pred_context=0.777660 sequence=990.075883
[plan iscas99__b17] [plan] step=711 node=N12628 type=observe q_pred_context=1.000569 sequence=991.076452
[plan iscas99__b17] [plan] step=712 node=N3536 type=observe q_pred_context=0.630171 sequence=991.706623
[plan iscas99__b17] [plan] step=713 node=N8142 type=observe q_pred_context=0.497786 sequence=992.204408
[plan iscas99__b17] [plan] step=714 node=N19275 type=observe q_pred_context=0.775542 sequence=992.979950
[plan iscas99__b17] [plan] step=715 node=N9591 type=observe q_pred_context=1.118080 sequence=994.098030
[plan iscas99__b17] [plan] step=716 node=N12620 type=observe q_pred_context=1.019451 sequence=995.117481
[plan iscas99__b17] [plan] step=717 node=N3496 type=observe q_pred_context=0.615297 sequence=995.732778
[plan iscas99__b17] [plan] step=718 node=N8131 type=observe q_pred_context=0.458442 sequence=996.191220
[plan iscas99__b17] [plan] step=719 node=N19274 type=observe q_pred_context=0.733831 sequence=996.925051
[plan iscas99__b17] [plan] step=720 node=N3516 type=observe q_pred_context=0.570377 sequence=997.495428
[plan iscas99__b17] [plan] step=721 node=N12550 type=observe q_pred_context=1.013780 sequence=998.509208
[plan iscas99__b17] [plan] step=722 node=N19272 type=observe q_pred_context=0.754844 sequence=999.264053
[plan iscas99__b17] [plan] step=723 node=N7939 type=observe q_pred_context=0.951465 sequence=1000.215517
[plan iscas99__b17] [plan] step=724 node=N1992 type=observe q_pred_context=0.788884 sequence=1001.004401
[plan iscas99__b17] [plan] step=725 node=N12556 type=observe q_pred_context=0.742932 sequence=1001.747333
[plan iscas99__b17] [plan] step=726 node=N8136 type=observe q_pred_context=0.545910 sequence=1002.293242
[plan iscas99__b17] [plan] step=727 node=N19269 type=observe q_pred_context=0.769510 sequence=1003.062752
[plan iscas99__b17] [plan] step=728 node=N19837 type=observe q_pred_context=1.605176 sequence=1004.667929
[plan iscas99__b17] [plan] step=729 node=N2248 type=observe q_pred_context=1.193799 sequence=1005.861728
[plan iscas99__b17] [plan] step=730 node=N3458 type=observe q_pred_context=0.610150 sequence=1006.471878
[plan iscas99__b17] [plan] step=731 node=N12595 type=observe q_pred_context=1.057992 sequence=1007.529870
[plan iscas99__b17] [plan] step=732 node=N19250 type=observe q_pred_context=1.084998 sequence=1008.614868
[plan iscas99__b17] [plan] step=733 node=N8130 type=observe q_pred_context=0.594567 sequence=1009.209436
[plan iscas99__b17] [plan] step=734 node=N12560 type=observe q_pred_context=1.632155 sequence=1010.841591
[plan iscas99__b17] [plan] step=735 node=N3298 type=observe q_pred_context=0.611437 sequence=1011.453028
[plan iscas99__b17] [plan] step=736 node=N19268 type=observe q_pred_context=0.757890 sequence=1012.210918
[plan iscas99__b17] [plan] step=737 node=N2692 type=observe q_pred_context=1.030395 sequence=1013.241314
[plan iscas99__b17] [plan] step=738 node=N2694 type=observe q_pred_context=1.056079 sequence=1014.297392
[plan iscas99__b17] [plan] step=739 node=N3408 type=observe q_pred_context=0.593018 sequence=1014.890411
[plan iscas99__b17] [plan] step=740 node=N8126 type=observe q_pred_context=0.506447 sequence=1015.396858
[plan iscas99__b17] [plan] step=741 node=N12586 type=observe q_pred_context=0.710437 sequence=1016.107294
[plan iscas99__b17] [plan] step=742 node=N19267 type=observe q_pred_context=0.745309 sequence=1016.852603
[plan iscas99__b17] [plan] step=743 node=N19855 type=observe q_pred_context=1.058256 sequence=1017.910859
[plan iscas99__b17] [plan] step=744 node=N7945 type=observe q_pred_context=0.894142 sequence=1018.805001
[plan iscas99__b17] [plan] step=745 node=N19836 type=observe q_pred_context=1.008501 sequence=1019.813502
[plan iscas99__b17] [plan] step=746 node=N8144 type=observe q_pred_context=0.747527 sequence=1020.561028
[plan iscas99__b17] [plan] step=747 node=N12597 type=observe q_pred_context=1.400677 sequence=1021.961705
[plan iscas99__b17] [plan] step=748 node=N3574 type=observe q_pred_context=0.610866 sequence=1022.572571
[plan iscas99__b17] [plan] step=749 node=N19265 type=observe q_pred_context=1.203832 sequence=1023.776403
[plan iscas99__b17] [plan] step=750 node=N8123 type=observe q_pred_context=0.517568 sequence=1024.293972
[plan iscas99__b17] [plan] step=751 node=N12594 type=observe q_pred_context=1.048106 sequence=1025.342077
[plan iscas99__b17] [plan] step=752 node=N5318 type=observe q_pred_context=1.155885 sequence=1026.497962
[plan iscas99__b17] [plan] step=753 node=N19248 type=observe q_pred_context=0.674624 sequence=1027.172587
[plan iscas99__b17] [plan] step=754 node=N25733 type=observe q_pred_context=0.950708 sequence=1028.123295
[plan iscas99__b17] [plan] step=755 node=N3401 type=observe q_pred_context=0.634290 sequence=1028.757585
[plan iscas99__b17] [plan] step=756 node=N12590 type=observe q_pred_context=1.485688 sequence=1030.243273
[plan iscas99__b17] [plan] step=757 node=N19271 type=observe q_pred_context=1.070483 sequence=1031.313756
[plan iscas99__b17] [plan] step=758 node=N3415 type=observe q_pred_context=0.591558 sequence=1031.905314
[plan iscas99__b17] [plan] step=759 node=N19263 type=observe q_pred_context=1.189772 sequence=1033.095086
[plan iscas99__b17] [plan] step=760 node=N28047 type=observe q_pred_context=0.350405 sequence=1033.445491
[plan iscas99__b17] [plan] step=761 node=N19262 type=observe q_pred_context=1.190855 sequence=1034.636345
[plan iscas99__b17] [plan] step=762 node=N1984 type=observe q_pred_context=1.464082 sequence=1036.100427
[plan iscas99__b17] [plan] step=763 node=N19260 type=observe q_pred_context=2.284293 sequence=1038.384720
[plan iscas99__b17] [plan] step=764 node=N5606 type=observe q_pred_context=1.428176 sequence=1039.812897
[plan iscas99__b17] [plan] step=765 node=N25244 type=observe q_pred_context=1.225468 sequence=1041.038365
[plan iscas99__b17] [plan] step=766 node=N19259 type=observe q_pred_context=1.124597 sequence=1042.162963
[plan iscas99__b17] [plan] step=767 node=N5630 type=observe q_pred_context=1.382694 sequence=1043.545656
[plan iscas99__b17] [plan] step=768 node=N2246 type=observe q_pred_context=1.082962 sequence=1044.628618
[plan iscas99__b17] [plan] step=769 node=N19258 type=observe q_pred_context=0.920491 sequence=1045.549109
[plan iscas99__b17] [plan] step=770 node=N5678 type=observe q_pred_context=1.411833 sequence=1046.960942
[plan iscas99__b17] [plan] step=771 node=N19256 type=observe q_pred_context=1.006173 sequence=1047.967115
[plan iscas99__b17] [plan] step=772 node=N5726 type=observe q_pred_context=1.440337 sequence=1049.407452
[plan iscas99__b17] [plan] step=773 node=N19325 type=observe q_pred_context=1.388654 sequence=1050.796106
[plan iscas99__b17] [plan] step=774 node=N28050 type=observe q_pred_context=0.572976 sequence=1051.369082
[plan iscas99__b17] [plan] step=775 node=N7604 type=observe q_pred_context=1.083467 sequence=1052.452549
[plan iscas99__b17] [plan] step=776 node=N7924 type=observe q_pred_context=0.702151 sequence=1053.154700
[plan iscas99__b17] [plan] step=777 node=N19329 type=observe q_pred_context=1.338096 sequence=1054.492796
[plan iscas99__b17] [plan] step=778 node=N19335 type=observe q_pred_context=1.290960 sequence=1055.783756
[plan iscas99__b17] [plan] step=779 node=N7927 type=observe q_pred_context=0.645504 sequence=1056.429260
[plan iscas99__b17] [plan] step=780 node=N19332 type=observe q_pred_context=0.872999 sequence=1057.302259
[plan iscas99__b17] [plan] step=781 node=N3831 type=observe q_pred_context=0.372087 sequence=1057.674346
[plan iscas99__b17] [plan] step=782 node=N19338 type=observe q_pred_context=1.334859 sequence=1059.009205
[plan iscas99__b17] [plan] step=783 node=N19337 type=observe q_pred_context=0.900952 sequence=1059.910157
[plan iscas99__b17] [plan] step=784 node=N12667 type=observe q_pred_context=0.893338 sequence=1060.803495
[plan iscas99__b17] [plan] step=785 node=N3366 type=observe q_pred_context=0.536490 sequence=1061.339985
[plan iscas99__b17] [plan] step=786 node=N3845 type=observe q_pred_context=0.419118 sequence=1061.759103
[plan iscas99__b17] [plan] step=787 node=N19333 type=observe q_pred_context=1.341016 sequence=1063.100119
[plan iscas99__b17] [plan] step=788 node=N3374 type=observe q_pred_context=0.388607 sequence=1063.488726
[plan iscas99__b17] [plan] step=789 node=N19334 type=observe q_pred_context=1.412683 sequence=1064.901409
[plan iscas99__b17] [plan] step=790 node=N28048 type=observe q_pred_context=0.350701 sequence=1065.252110
[plan iscas99__b17] [plan] step=791 node=N9653 type=observe q_pred_context=0.418110 sequence=1065.670220
[plan iscas99__b17] [plan] step=792 node=N28052 type=observe q_pred_context=0.431057 sequence=1066.101277
[plan iscas99__b17] [plan] step=793 node=N19336 type=observe q_pred_context=1.597745 sequence=1067.699021
[plan iscas99__b17] [plan] step=794 node=N3382 type=observe q_pred_context=0.348904 sequence=1068.047925
[plan iscas99__b17] [plan] step=795 node=N19331 type=observe q_pred_context=1.652080 sequence=1069.700005
[plan iscas99__b17] [plan] step=796 node=N1988 type=observe q_pred_context=1.369882 sequence=1071.069887
[plan iscas99__b17] [plan] step=797 node=N19340 type=observe q_pred_context=1.582929 sequence=1072.652817
[plan iscas99__b17] [plan] step=798 node=N8127 type=observe q_pred_context=0.857933 sequence=1073.510749
[plan iscas99__b17] [plan] step=799 node=N3579 type=observe q_pred_context=0.806375 sequence=1074.317125
[plan iscas99__b17] [plan] step=800 node=N12633 type=observe q_pred_context=0.747530 sequence=1075.064655
[plan iscas99__b17] [plan] step=801 node=N19339 type=observe q_pred_context=1.751838 sequence=1076.816494
[plan iscas99__b17] [plan] step=802 node=N7944 type=observe q_pred_context=0.988530 sequence=1077.805023
[plan iscas99__b17] [plan] step=803 node=N3350 type=observe q_pred_context=0.577444 sequence=1078.382467
[plan iscas99__b17] [plan] step=804 node=N3342 type=observe q_pred_context=0.549709 sequence=1078.932176
[plan iscas99__b17] [plan] step=805 node=N9660 type=observe q_pred_context=0.516957 sequence=1079.449134
[plan iscas99__b17] [plan] step=806 node=N19279 type=observe q_pred_context=1.728231 sequence=1081.177365
[plan iscas99__b17] [plan] step=807 node=N3334 type=observe q_pred_context=0.557617 sequence=1081.734981
[plan iscas99__b17] [plan] step=808 node=N12531 type=observe q_pred_context=1.208058 sequence=1082.943040
[plan iscas99__b17] [plan] step=809 node=N12565 type=observe q_pred_context=1.538036 sequence=1084.481076
[plan iscas99__b17] [plan] step=810 node=N3358 type=observe q_pred_context=0.645077 sequence=1085.126153
[plan iscas99__b17] [plan] step=811 node=N12599 type=observe q_pred_context=1.744214 sequence=1086.870367
[plan iscas99__b17] [plan] step=812 node=N3396 type=observe q_pred_context=0.656871 sequence=1087.527239
[plan iscas99__b17] [plan] step=813 node=N9663 type=observe q_pred_context=0.626720 sequence=1088.153959
[plan iscas99__b17] [plan] step=814 node=N3424 type=observe q_pred_context=0.580536 sequence=1088.734495
[plan iscas99__b17] [plan] step=815 node=N3473 type=observe q_pred_context=0.402462 sequence=1089.136956
[plan iscas99__b17] [plan] step=816 node=N9712 type=observe q_pred_context=0.974854 sequence=1090.111810
[plan iscas99__b17] [plan] step=817 node=N3389 type=observe q_pred_context=0.704207 sequence=1090.816017
[plan iscas99__b17] [plan] step=818 node=N13921 type=control1 q_pred_context=0.796056 sequence=1091.612073
[plan iscas99__b17] [plan] step=819 node=N18906 type=control1 q_pred_context=1.596871 sequence=1093.208944
[plan iscas99__b17] [plan] step=820 node=N3410 type=observe q_pred_context=0.856253 sequence=1094.065198
[plan iscas99__b17] [plan] step=821 node=N13889 type=control1 q_pred_context=1.208946 sequence=1095.274144
[plan iscas99__b17] [plan] step=822 node=N7716 type=control1 q_pred_context=1.134557 sequence=1096.408701
[plan iscas99__b17] [plan] step=823 node=N3481 type=observe q_pred_context=0.647459 sequence=1097.056160
[plan iscas99__b17] [plan] step=824 node=N3460 type=observe q_pred_context=0.676350 sequence=1097.732510
[plan iscas99__b17] [plan] step=825 node=N27856 type=control1 q_pred_context=1.038202 sequence=1098.770713
[plan iscas99__b17] [plan] step=826 node=N3431 type=observe q_pred_context=0.848961 sequence=1099.619673
[plan iscas99__b17] [plan] step=827 node=N3447 type=observe q_pred_context=0.804477 sequence=1100.424150
[plan iscas99__b17] [plan] step=828 node=N3466 type=observe q_pred_context=0.974680 sequence=1101.398830
[plan iscas99__b17] [plan] step=829 node=N3453 type=observe q_pred_context=0.818885 sequence=1102.217715
[plan iscas99__b17] [plan] step=830 node=N3403 type=observe q_pred_context=0.666296 sequence=1102.884010
[plan iscas99__b17] [plan] step=831 node=N3557 type=observe q_pred_context=0.660077 sequence=1103.544087
[plan iscas99__b17] [plan] step=832 node=N19281 type=observe q_pred_context=1.803777 sequence=1105.347865
[plan iscas99__b17] [plan] step=833 node=N3530 type=observe q_pred_context=0.670150 sequence=1106.018014
[plan iscas99__b17] [plan] step=834 node=N19291 type=observe q_pred_context=1.692794 sequence=1107.710809
[plan iscas99__b17] [plan] step=835 node=N3510 type=observe q_pred_context=1.001859 sequence=1108.712668
[plan iscas99__b17] [plan] step=836 node=N19308 type=observe q_pred_context=1.812073 sequence=1110.524741
[plan iscas99__b17] [plan] step=837 node=N3539 type=observe q_pred_context=0.780549 sequence=1111.305289
[plan iscas99__b17] [plan] step=838 node=N3490 type=observe q_pred_context=1.086302 sequence=1112.391591
[plan iscas99__b17] [plan] step=839 node=N19299 type=observe q_pred_context=1.701070 sequence=1114.092661
[plan iscas99__b17] [plan] step=840 node=N3566 type=observe q_pred_context=0.863109 sequence=1114.955771
[plan iscas99__b17] [plan] step=841 node=N19293 type=observe q_pred_context=2.560904 sequence=1117.516675
[plan iscas99__b17] [plan] step=842 node=N3548 type=observe q_pred_context=0.829518 sequence=1118.346193
[plan iscas99__b17] [plan] step=843 node=N19310 type=observe q_pred_context=2.137423 sequence=1120.483616
[plan iscas99__b17] [plan] step=844 node=N3500 type=observe q_pred_context=0.810682 sequence=1121.294298
[plan iscas99__b17] [plan] step=845 node=N19297 type=observe q_pred_context=2.112109 sequence=1123.406407
[plan iscas99__b17] [plan] step=846 node=N3520 type=observe q_pred_context=0.808596 sequence=1124.215003
[plan iscas99__b17] [plan] step=847 node=N19295 type=observe q_pred_context=1.589058 sequence=1125.804061
[plan iscas99__b17] [plan] step=848 node=N3417 type=observe q_pred_context=0.814179 sequence=1126.618241
[plan iscas99__b17] [plan] step=849 node=N19289 type=observe q_pred_context=1.578566 sequence=1128.196807
[plan iscas99__b17] [plan] step=850 node=N3439 type=observe q_pred_context=0.822073 sequence=1129.018880
[plan iscas99__b17] [plan] step=851 node=N19282 type=observe q_pred_context=1.663985 sequence=1130.682866
[plan iscas99__b17] [plan] step=852 node=N2856 type=observe q_pred_context=1.146880 sequence=1131.829746
[plan iscas99__b17] [plan] step=853 node=N3327 type=observe q_pred_context=0.809810 sequence=1132.639556
[plan iscas99__b17] [plan] step=854 node=N19300 type=observe q_pred_context=1.189800 sequence=1133.829356
[plan iscas99__b17] [plan] step=855 node=N19294 type=observe q_pred_context=0.810518 sequence=1134.639874
[plan iscas99__b17] [plan] step=856 node=N3319 type=observe q_pred_context=0.718803 sequence=1135.358676
[plan iscas99__b17] [plan] step=857 node=N19298 type=observe q_pred_context=1.040676 sequence=1136.399352
[plan iscas99__b17] [plan] step=858 node=N3284 type=observe q_pred_context=0.720582 sequence=1137.119935
[plan iscas99__b17] [plan] step=859 node=N19305 type=observe q_pred_context=1.411483 sequence=1138.531417
[plan iscas99__b17] [plan] step=860 node=N19303 type=observe q_pred_context=0.871813 sequence=1139.403230
[plan iscas99__b17] [plan] step=861 node=N8143 type=observe q_pred_context=0.760790 sequence=1140.164020
[plan iscas99__b17] [plan] step=862 node=N19309 type=observe q_pred_context=1.550008 sequence=1141.714028
[plan iscas99__b17] [plan] step=863 node=N3936 type=observe q_pred_context=0.994718 sequence=1142.708746
[plan iscas99__b17] [plan] step=864 node=N8128 type=observe q_pred_context=1.121280 sequence=1143.830026
[plan iscas99__b17] [plan] step=865 node=N19422 type=observe q_pred_context=1.758100 sequence=1145.588126
[plan iscas99__b17] [plan] step=866 node=N19288 type=observe q_pred_context=1.121476 sequence=1146.709602
[plan iscas99__b17] [plan] step=867 node=N8134 type=observe q_pred_context=1.561454 sequence=1148.271056
[plan iscas99__b17] [plan] step=868 node=N19418 type=observe q_pred_context=1.547557 sequence=1149.818613
[plan iscas99__b17] [plan] step=869 node=N3577 type=observe q_pred_context=1.086134 sequence=1150.904747
[plan iscas99__b17] [plan] step=870 node=N19296 type=observe q_pred_context=1.548042 sequence=1152.452789
[plan iscas99__b17] [plan] step=871 node=N25714 type=observe q_pred_context=1.172717 sequence=1153.625506
[plan iscas99__b17] [plan] step=872 node=N28041 type=observe q_pred_context=0.757700 sequence=1154.383207
[plan iscas99__b17] [plan] step=873 node=N25715 type=observe q_pred_context=1.387034 sequence=1155.770241
[plan iscas99__b17] [plan] step=874 node=N7992 type=observe q_pred_context=1.142820 sequence=1156.913061
[plan iscas99__b17] [plan] step=875 node=N19311 type=observe q_pred_context=1.554400 sequence=1158.467461
[plan iscas99__b17] [plan] step=876 node=N3793 type=observe q_pred_context=0.740983 sequence=1159.208444
[plan iscas99__b17] [plan] step=877 node=N3683 type=observe q_pred_context=1.447369 sequence=1160.655813
[plan iscas99__b17] [plan] step=878 node=N19292 type=observe q_pred_context=1.839344 sequence=1162.495157
[plan iscas99__b17] [plan] step=879 node=N25240 type=observe q_pred_context=1.623519 sequence=1164.118676
[plan iscas99__b17] [plan] step=880 node=N14174 type=observe q_pred_context=2.171062 sequence=1166.289738
[plan iscas99__b17] [plan] step=881 node=N18764 type=observe q_pred_context=1.463985 sequence=1167.753722
[plan iscas99__b17] [plan] step=882 node=N8953 type=observe q_pred_context=1.527697 sequence=1169.281420
[plan iscas99__b17] [plan] step=883 node=N19414 type=observe q_pred_context=1.072791 sequence=1170.354211
[plan iscas99__b17] [plan] step=884 node=N19207 type=observe q_pred_context=1.037285 sequence=1171.391495
[plan iscas99__b17] [plan] step=885 node=N12568 type=observe q_pred_context=0.933294 sequence=1172.324790
[plan iscas99__b17] [plan] step=886 node=N3794 type=observe q_pred_context=0.759123 sequence=1173.083912
[plan iscas99__b17] [plan] step=887 node=N3827 type=observe q_pred_context=0.686521 sequence=1173.770433
[plan iscas99__b17] [plan] step=888 node=N8937 type=observe q_pred_context=0.463910 sequence=1174.234343
[plan iscas99__b17] [plan] step=889 node=N1982 type=observe q_pred_context=0.995519 sequence=1175.229862
[plan iscas99__b17] [plan] step=890 node=N12247 type=observe q_pred_context=0.728246 sequence=1175.958108
[plan iscas99__b17] [plan] step=891 node=N3847 type=observe q_pred_context=0.863094 sequence=1176.821202
[plan iscas99__b17] [plan] step=892 node=N15562 type=observe q_pred_context=1.187027 sequence=1178.008229
[plan iscas99__b17] [plan] step=893 node=N9561 type=observe q_pred_context=1.494620 sequence=1179.502850
[plan iscas99__b17] [plan] step=894 node=N15550 type=observe q_pred_context=0.666019 sequence=1180.168869
[plan iscas99__b17] [plan] step=895 node=N15553 type=observe q_pred_context=0.636475 sequence=1180.805345
[plan iscas99__b17] [plan] step=896 node=N28040 type=observe q_pred_context=0.837214 sequence=1181.642559
[plan iscas99__b17] [plan] step=897 node=N3805 type=observe q_pred_context=1.628693 sequence=1183.271252
[plan iscas99__b17] [plan] step=898 node=N3798 type=observe q_pred_context=0.967011 sequence=1184.238263
[plan iscas99__b17] [plan] step=899 node=N9625 type=observe q_pred_context=0.624166 sequence=1184.862430
[plan iscas99__b17] [plan] step=900 node=N9417 type=observe q_pred_context=0.650666 sequence=1185.513095
[plan iscas99__b17] [plan] step=901 node=N2938 type=observe q_pred_context=1.934290 sequence=1187.447385
[plan iscas99__b17] [plan] step=902 node=N2937 type=observe q_pred_context=2.207980 sequence=1189.655365
[plan iscas99__b17] [plan] step=903 node=N15391 type=observe q_pred_context=0.819982 sequence=1190.475347
[plan iscas99__b17] [plan] step=904 node=N28045 type=observe q_pred_context=1.067413 sequence=1191.542760
[plan iscas99__b17] [plan] step=905 node=N28054 type=observe q_pred_context=0.978882 sequence=1192.521642
[plan iscas99__b17] [plan] step=906 node=N15404 type=observe q_pred_context=0.782463 sequence=1193.304105
[plan iscas99__b17] [plan] step=907 node=N28055 type=observe q_pred_context=0.832163 sequence=1194.136268
[plan iscas99__b17] [plan] step=908 node=N28038 type=observe q_pred_context=0.829869 sequence=1194.966137
[plan iscas99__b17] [plan] step=909 node=N28034 type=observe q_pred_context=0.714512 sequence=1195.680650
[plan iscas99__b17] [plan] step=910 node=N28036 type=observe q_pred_context=0.716821 sequence=1196.397470
[plan iscas99__b17] [plan] step=911 node=N28032 type=observe q_pred_context=0.715532 sequence=1197.113002
[plan iscas99__b17] [plan] step=912 node=N28043 type=observe q_pred_context=0.717362 sequence=1197.830364
[plan iscas99__b17] [plan] step=913 node=N9434 type=observe q_pred_context=0.721189 sequence=1198.551553
[plan iscas99__b17] [plan] step=914 node=N9431 type=observe q_pred_context=0.723273 sequence=1199.274826
[plan iscas99__b17] [plan] step=915 node=N19225 type=observe q_pred_context=1.523196 sequence=1200.798022
[plan iscas99__b17] [plan] step=916 node=N2249 type=observe q_pred_context=0.983906 sequence=1201.781928
[plan iscas99__b17] [plan] step=917 node=N19215 type=observe q_pred_context=1.382826 sequence=1203.164753
[plan iscas99__b17] [plan] step=918 node=N6002 type=observe q_pred_context=1.644885 sequence=1204.809639
[plan iscas99__b17] [plan] step=919 node=N26464 type=observe q_pred_context=0.976130 sequence=1205.785769
[plan iscas99__b17] [plan] step=920 node=N5978 type=observe q_pred_context=1.291916 sequence=1207.077685
[plan iscas99__b17] [plan] step=921 node=N2245 type=observe q_pred_context=0.899907 sequence=1207.977592
[plan iscas99__b17] [plan] step=922 node=N5858 type=observe q_pred_context=1.134374 sequence=1209.111966
[plan iscas99__b17] [plan] step=923 node=N5954 type=observe q_pred_context=1.058141 sequence=1210.170107
[plan iscas99__b17] [plan] step=924 node=N5882 type=observe q_pred_context=1.063833 sequence=1211.233940
[plan iscas99__b17] [plan] step=925 node=N22049 type=observe q_pred_context=1.147283 sequence=1212.381222
[plan iscas99__b17] [plan] step=926 node=N5906 type=observe q_pred_context=1.159971 sequence=1213.541193
[plan iscas99__b17] [plan] step=927 node=N24576 type=observe q_pred_context=1.741099 sequence=1215.282292
[plan iscas99__b17] [plan] step=928 node=N5930 type=observe q_pred_context=1.222170 sequence=1216.504462
[plan iscas99__b17] [plan] step=929 node=N8002 type=observe q_pred_context=0.772948 sequence=1217.277410
[plan iscas99__b17] [plan] step=930 node=N7998 type=observe q_pred_context=0.756727 sequence=1218.034137
[plan iscas99__b17] [plan] step=931 node=N15506 type=observe q_pred_context=0.755472 sequence=1218.789609
[plan iscas99__b17] [plan] step=932 node=N9509 type=observe q_pred_context=1.269350 sequence=1220.058959
[plan iscas99__b17] [plan] step=933 node=N14148 type=observe q_pred_context=0.829050 sequence=1220.888008
[plan iscas99__b17] [plan] step=934 node=N15501 type=observe q_pred_context=0.763391 sequence=1221.651400
[plan iscas99__b17] [plan] step=935 node=N3717 type=observe q_pred_context=0.758833 sequence=1222.410233
[plan iscas99__b17] [plan] step=936 node=N14145 type=observe q_pred_context=0.858949 sequence=1223.269182
[plan iscas99__b17] [plan] step=937 node=N15518 type=observe q_pred_context=0.808398 sequence=1224.077580
[plan iscas99__b17] [plan] step=938 node=N14893 type=observe q_pred_context=0.758959 sequence=1224.836538
[plan iscas99__b17] [plan] step=939 node=N15364 type=observe q_pred_context=1.247783 sequence=1226.084321
[plan iscas99__b17] [plan] step=940 node=N15535 type=observe q_pred_context=0.837491 sequence=1226.921812
[plan iscas99__b17] [plan] step=941 node=N3690 type=observe q_pred_context=0.758832 sequence=1227.680644
[plan iscas99__b17] [plan] step=942 node=N14147 type=observe q_pred_context=1.401165 sequence=1229.081810
[plan iscas99__b17] [plan] step=943 node=N14136 type=observe q_pred_context=0.773813 sequence=1229.855623
[plan iscas99__b17] [plan] step=944 node=N22057 type=observe q_pred_context=0.690981 sequence=1230.546604
[plan iscas99__b17] [plan] step=945 node=N13926 type=control1 q_pred_context=0.239521 sequence=1230.786125
[plan iscas99__b17] [plan] step=946 node=N14149 type=observe q_pred_context=0.991967 sequence=1231.778092
[plan iscas99__b17] [plan] step=947 node=N13791 type=control1 q_pred_context=1.743040 sequence=1233.521132
[plan iscas99__b17] [plan] step=948 node=N3929 type=control1 q_pred_context=0.721253 sequence=1234.242385
[plan iscas99__b17] [plan] step=949 node=N3726 type=observe q_pred_context=0.613960 sequence=1234.856344
[plan iscas99__b17] [plan] step=950 node=N14152 type=observe q_pred_context=1.429379 sequence=1236.285723
[plan iscas99__b17] [plan] step=951 node=N3783 type=observe q_pred_context=0.495396 sequence=1236.781119
[plan iscas99__b17] [plan] step=952 node=N15510 type=observe q_pred_context=0.875509 sequence=1237.656628
[plan iscas99__b17] [plan] step=953 node=N14142 type=observe q_pred_context=0.247972 sequence=1237.904600
[plan iscas99__b17] [plan] step=954 node=N14146 type=observe q_pred_context=1.328214 sequence=1239.232814
[plan iscas99__b17] [plan] step=955 node=N18626 type=observe q_pred_context=1.862175 sequence=1241.094989
[plan iscas99__b17] [plan] step=956 node=N3338 type=observe q_pred_context=0.261484 sequence=1241.356473
[plan iscas99__b17] [plan] step=957 node=N6026 type=observe q_pred_context=1.611473 sequence=1242.967946
[plan iscas99__b17] [plan] step=958 node=N19854 type=observe q_pred_context=1.185045 sequence=1244.152991
[plan iscas99__b17] [plan] step=959 node=N14137 type=observe q_pred_context=0.373158 sequence=1244.526149
[plan iscas99__b17] [plan] step=960 node=N19857 type=observe q_pred_context=0.992302 sequence=1245.518451
[plan iscas99__b17] [plan] step=961 node=N19865 type=observe q_pred_context=0.789341 sequence=1246.307792
[plan iscas99__b17] [plan] step=962 node=N14141 type=observe q_pred_context=0.757706 sequence=1247.065498
[plan iscas99__b17] [plan] step=963 node=N25735 type=observe q_pred_context=1.789062 sequence=1248.854560
[plan iscas99__b17] [plan] step=964 node=N14139 type=observe q_pred_context=0.761193 sequence=1249.615753
[plan iscas99__b17] [plan] step=965 node=N14138 type=observe q_pred_context=0.723162 sequence=1250.338915
[plan iscas99__b17] [plan] step=966 node=N15493 type=observe q_pred_context=0.681109 sequence=1251.020024
[plan iscas99__b17] [plan] step=967 node=N2992 type=observe q_pred_context=0.752661 sequence=1251.772686
[plan iscas99__b17] [plan] step=968 node=N9680 type=observe q_pred_context=0.706940 sequence=1252.479625
[plan iscas99__b17] [plan] step=969 node=N3893 type=observe q_pred_context=0.848411 sequence=1253.328037
[plan iscas99__b17] [plan] step=970 node=N3774 type=observe q_pred_context=1.434763 sequence=1254.762799
[plan iscas99__b17] [plan] step=971 node=N8003 type=observe q_pred_context=1.873378 sequence=1256.636178
[plan iscas99__b17] [plan] step=972 node=N13154 type=observe q_pred_context=1.502138 sequence=1258.138316
[plan iscas99__b17] [plan] step=973 node=N8001 type=observe q_pred_context=2.374943 sequence=1260.513259
[plan iscas99__b17] [plan] step=974 node=N3829 type=observe q_pred_context=1.792808 sequence=1262.306067
[plan iscas99__b17] [plan] step=975 node=N25732 type=observe q_pred_context=2.999557 sequence=1265.305624
[plan iscas99__b17] [plan] step=976 node=N3832 type=observe q_pred_context=1.223172 sequence=1266.528797
[plan iscas99__b17] [plan] step=977 node=N3821 type=observe q_pred_context=1.553737 sequence=1268.082533
[plan iscas99__b17] [plan] step=978 node=N3817 type=observe q_pred_context=2.020301 sequence=1270.102834
[plan iscas99__b17] [plan] step=979 node=N25232 type=observe q_pred_context=1.843178 sequence=1271.946012
[plan iscas99__b17] [plan] step=980 node=N9571 type=observe q_pred_context=1.474494 sequence=1273.420506
[plan iscas99__b17] [plan] step=981 node=N13594 type=observe q_pred_context=2.820659 sequence=1276.241165
[plan iscas99__b17] [plan] step=982 node=N3295 type=observe q_pred_context=1.672495 sequence=1277.913660
[plan iscas99__b17] [plan] step=983 node=N8122 type=observe q_pred_context=1.491967 sequence=1279.405627
[plan iscas99__b17] [plan] step=984 node=N15564 type=observe q_pred_context=0.770134 sequence=1280.175760
[plan iscas99__b17] [plan] step=985 node=N13563 type=observe q_pred_context=1.326709 sequence=1281.502469
[plan iscas99__b17] [plan] step=986 node=N3292 type=observe q_pred_context=1.266295 sequence=1282.768764
[plan iscas99__b17] [plan] step=987 node=N9505 type=observe q_pred_context=1.272262 sequence=1284.041026
[plan iscas99__b17] [plan] step=988 node=N3771 type=observe q_pred_context=1.802395 sequence=1285.843421
[plan iscas99__b17] [plan] step=989 node=N15477 type=observe q_pred_context=1.534092 sequence=1287.377513
[plan iscas99__b17] [plan] step=990 node=N9042 type=observe q_pred_context=1.252746 sequence=1288.630259
[plan iscas99__b17] [plan] step=991 node=N13206 type=observe q_pred_context=3.694392 sequence=1292.324651
[plan iscas99__b17] [plan] step=992 node=N19227 type=observe q_pred_context=2.203852 sequence=1294.528503
[plan iscas99__b17] [plan] step=993 node=N8133 type=observe q_pred_context=1.376697 sequence=1295.905201
[plan iscas99__b17] [plan] step=994 node=N13185 type=observe q_pred_context=3.127766 sequence=1299.032967
[plan iscas99__b17] saved=autoresearch/improve-260716-1344/round5_b17/context_cluster_c48_seed1024_prior/plans/iscas99__b17__greedy__cumulative__q_pred_context__bw1__d1__c48__g1p0__candhard_fault_cluster__div0p0__s0.csv
[gmean] 2026-07-17T04:31:47 [1/1] plan_done benchmark=iscas99__b17 plan_sec=1801.796 plan_csv=autoresearch/improve-260716-1344/round5_b17/context_cluster_c48_seed1024_prior/plans/iscas99__b17__greedy__cumulative__q_pred_context__bw1__d1__c48__g1p0__candhard_fault_cluster__div0p0__s0.csv
[gmean] 2026-07-17T04:31:47 [1/1] eval_start benchmark=iscas99__b17 backend=atalanta-bist patterns=300000
[eval iscas99__b17] {
[eval iscas99__b17]   "records": 2,
[eval iscas99__b17]   "labels_csv": "autoresearch/improve-260716-1344/round5_b17/context_cluster_c48_seed1024_prior/evals/iscas99__b17__greedy__cumulative__q_pred_context__bw1__d1__c48__g1p0__candhard_fault_cluster__div0p0__s0/labels.csv",
[eval iscas99__b17]   "summary_json": "autoresearch/improve-260716-1344/round5_b17/context_cluster_c48_seed1024_prior/evals/iscas99__b17__greedy__cumulative__q_pred_context__bw1__d1__c48__g1p0__candhard_fault_cluster__div0p0__s0/summary.json"
[eval iscas99__b17] }
[gmean] 2026-07-17T04:33:01 [1/1] eval_done benchmark=iscas99__b17 delta_tc=0.05884 plan_sec=1801.796 eval_sec=73.685 total_sec=1875.522
[gmean] 2026-07-17T04:33:01 variant_done id=greedy__cumulative__q_pred_context__bw1__d1__c48__g1p0__candhard_fault_cluster__div0p0__s0 status=ok macro=0.05884 positives=1 negatives=0 elapsed=1875.523
