[gmean] 2026-07-17T16:23:01 out_dir=autoresearch/improve-260716-1344/round15_b17/context_cluster_c48_seed1024_depth6
[gmean] 2026-07-17T16:23:01 budgets=iscas99__b17:994
[gmean] 2026-07-17T16:23:01 variant_start id=greedy__cumulative__q_pred_context__bw1__d1__c48__g1p0__candhard_fault_cluster__div0p0__s0
[gmean] 2026-07-17T16:23:01 [1/1] plan_start benchmark=iscas99__b17 budget=994 planner=greedy score=q_pred_context
[plan iscas99__b17] [plan] candidate_allowlist=autoresearch/original-netlist-recovery-260712/exact_itc99/b17_C/exact_candidate_nodes.txt nodes=29334
[plan iscas99__b17] [plan] step=1 node=N2219 type=control1 q_pred_context=5.431269 sequence=5.431269
[plan iscas99__b17] [plan] step=2 node=N7781 type=observe q_pred_context=1.333298 sequence=6.764566
[plan iscas99__b17] [plan] step=3 node=N5319 type=control0 q_pred_context=1.243847 sequence=8.008414
[plan iscas99__b17] [plan] step=4 node=N6992 type=control0 q_pred_context=1.124612 sequence=9.133026
[plan iscas99__b17] [plan] step=5 node=N16937 type=control0 q_pred_context=1.730425 sequence=10.863451
[plan iscas99__b17] [plan] step=6 node=N6780 type=control0 q_pred_context=2.036638 sequence=12.900089
[plan iscas99__b17] [plan] step=7 node=N13626 type=control0 q_pred_context=1.262137 sequence=14.162226
[plan iscas99__b17] [plan] step=8 node=N19193 type=control0 q_pred_context=1.446907 sequence=15.609133
[plan iscas99__b17] [plan] step=9 node=N8089 type=observe q_pred_context=2.177828 sequence=17.786961
[plan iscas99__b17] [plan] step=10 node=N11952 type=control0 q_pred_context=1.680659 sequence=19.467620
[plan iscas99__b17] [plan] step=11 node=N18496 type=control1 q_pred_context=1.316973 sequence=20.784593
[plan iscas99__b17] [plan] step=12 node=N9512 type=control1 q_pred_context=1.739552 sequence=22.524145
[plan iscas99__b17] [plan] step=13 node=N16901 type=control0 q_pred_context=3.129444 sequence=25.653590
[plan iscas99__b17] [plan] step=14 node=N7633 type=control0 q_pred_context=1.076789 sequence=26.730378
[plan iscas99__b17] [plan] step=15 node=N18771 type=control0 q_pred_context=2.381798 sequence=29.112177
[plan iscas99__b17] [plan] step=16 node=N7680 type=control0 q_pred_context=2.660212 sequence=31.772388
[plan iscas99__b17] [plan] step=17 node=N19232 type=control0 q_pred_context=3.382311 sequence=35.154699
[plan iscas99__b17] [plan] step=18 node=N18340 type=control0 q_pred_context=3.123197 sequence=38.277896
[plan iscas99__b17] [plan] step=19 node=N19222 type=control0 q_pred_context=2.780510 sequence=41.058405
[plan iscas99__b17] [plan] step=20 node=N19160 type=control0 q_pred_context=2.684206 sequence=43.742611
[plan iscas99__b17] [plan] step=21 node=N4557 type=control0 q_pred_context=3.584209 sequence=47.326820
[plan iscas99__b17] [plan] step=22 node=N7021 type=control0 q_pred_context=4.088505 sequence=51.415326
[plan iscas99__b17] [plan] step=23 node=N7049 type=control0 q_pred_context=5.222853 sequence=56.638179
[plan iscas99__b17] [plan] step=24 node=N6868 type=control0 q_pred_context=3.950939 sequence=60.589117
[plan iscas99__b17] [plan] step=25 node=N7292 type=control0 q_pred_context=2.723017 sequence=63.312135
[plan iscas99__b17] [plan] step=26 node=N7310 type=control0 q_pred_context=2.047430 sequence=65.359565
[plan iscas99__b17] [plan] step=27 node=N18034 type=control0 q_pred_context=1.216066 sequence=66.575630
[plan iscas99__b17] [plan] step=28 node=N7177 type=control0 q_pred_context=1.504457 sequence=68.080087
[plan iscas99__b17] [plan] step=29 node=N7268 type=control0 q_pred_context=1.588630 sequence=69.668717
[plan iscas99__b17] [plan] step=30 node=N7218 type=control0 q_pred_context=1.218079 sequence=70.886796
[plan iscas99__b17] [plan] step=31 node=N18009 type=control0 q_pred_context=1.130197 sequence=72.016993
[plan iscas99__b17] [plan] step=32 node=N7274 type=control0 q_pred_context=1.070955 sequence=73.087949
[plan iscas99__b17] [plan] step=33 node=N7123 type=control0 q_pred_context=1.004502 sequence=74.092451
[plan iscas99__b17] [plan] step=34 node=N2849 type=control0 q_pred_context=1.025201 sequence=75.117652
[plan iscas99__b17] [plan] step=35 node=N4256 type=control0 q_pred_context=1.002184 sequence=76.119836
[plan iscas99__b17] [plan] step=36 node=N28737 type=control0 q_pred_context=1.134010 sequence=77.253846
[plan iscas99__b17] [plan] step=37 node=N13624 type=control0 q_pred_context=1.050457 sequence=78.304303
[plan iscas99__b17] [plan] step=38 node=N3964 type=control0 q_pred_context=1.354725 sequence=79.659028
[plan iscas99__b17] [plan] step=39 node=N18085 type=control0 q_pred_context=1.441509 sequence=81.100537
[plan iscas99__b17] [plan] step=40 node=N20280 type=control0 q_pred_context=1.691625 sequence=82.792163
[plan iscas99__b17] [plan] step=41 node=N13662 type=control0 q_pred_context=1.681821 sequence=84.473984
[plan iscas99__b17] [plan] step=42 node=N9778 type=control0 q_pred_context=1.993612 sequence=86.467596
[plan iscas99__b17] [plan] step=43 node=N19195 type=control0 q_pred_context=1.705035 sequence=88.172631
[plan iscas99__b17] [plan] step=44 node=N3774 type=observe q_pred_context=1.313620 sequence=89.486251
[plan iscas99__b17] [plan] step=45 node=N18114 type=control0 q_pred_context=1.326878 sequence=90.813129
[plan iscas99__b17] [plan] step=46 node=N3880 type=observe q_pred_context=1.461627 sequence=92.274755
[plan iscas99__b17] [plan] step=47 node=N13984 type=observe q_pred_context=2.422167 sequence=94.696922
[plan iscas99__b17] [plan] step=48 node=N12503 type=control0 q_pred_context=0.931598 sequence=95.628520
[plan iscas99__b17] [plan] step=49 node=N24568 type=control0 q_pred_context=2.244704 sequence=97.873225
[plan iscas99__b17] [plan] step=50 node=N7682 type=control0 q_pred_context=2.089345 sequence=99.962570
[plan iscas99__b17] [plan] step=51 node=N29456 type=control0 q_pred_context=5.025956 sequence=104.988526
[plan iscas99__b17] [plan] step=52 node=N30922 type=control0 q_pred_context=3.211993 sequence=108.200519
[plan iscas99__b17] [plan] step=53 node=N30921 type=control0 q_pred_context=2.878739 sequence=111.079258
[plan iscas99__b17] [plan] step=54 node=N30934 type=control0 q_pred_context=1.667340 sequence=112.746598
[plan iscas99__b17] [plan] step=55 node=N30933 type=control0 q_pred_context=2.088559 sequence=114.835157
[plan iscas99__b17] [plan] step=56 node=N29372 type=control0 q_pred_context=2.334048 sequence=117.169205
[plan iscas99__b17] [plan] step=57 node=N29371 type=control0 q_pred_context=3.128933 sequence=120.298138
[plan iscas99__b17] [plan] step=58 node=N30930 type=control0 q_pred_context=2.993737 sequence=123.291875
[plan iscas99__b17] [plan] step=59 node=N30931 type=control0 q_pred_context=3.660846 sequence=126.952721
[plan iscas99__b17] [plan] step=60 node=N30924 type=control0 q_pred_context=3.017447 sequence=129.970168
[plan iscas99__b17] [plan] step=61 node=N30932 type=control0 q_pred_context=3.017045 sequence=132.987213
[plan iscas99__b17] [plan] step=62 node=N30929 type=control0 q_pred_context=2.775141 sequence=135.762353
[plan iscas99__b17] [plan] step=63 node=N30926 type=control0 q_pred_context=2.636102 sequence=138.398455
[plan iscas99__b17] [plan] step=64 node=N30927 type=control0 q_pred_context=1.743997 sequence=140.142452
[plan iscas99__b17] [plan] step=65 node=N30928 type=control0 q_pred_context=2.234456 sequence=142.376908
[plan iscas99__b17] [plan] step=66 node=N26514 type=control1 q_pred_context=0.795301 sequence=143.172210
[plan iscas99__b17] [plan] step=67 node=N27363 type=control1 q_pred_context=0.771853 sequence=143.944062
[plan iscas99__b17] [plan] step=68 node=N30925 type=control0 q_pred_context=1.294410 sequence=145.238472
[plan iscas99__b17] [plan] step=69 node=N26516 type=control1 q_pred_context=0.785175 sequence=146.023648
[plan iscas99__b17] [plan] step=70 node=N30923 type=control0 q_pred_context=0.978819 sequence=147.002466
[plan iscas99__b17] [plan] step=71 node=N7669 type=control0 q_pred_context=1.269724 sequence=148.272190
[plan iscas99__b17] [plan] step=72 node=N27585 type=control0 q_pred_context=1.660375 sequence=149.932566
[plan iscas99__b17] [plan] step=73 node=N29526 type=control0 q_pred_context=2.563656 sequence=152.496222
[plan iscas99__b17] [plan] step=74 node=N27574 type=control0 q_pred_context=2.210057 sequence=154.706278
[plan iscas99__b17] [plan] step=75 node=N27564 type=control0 q_pred_context=2.320831 sequence=157.027109
[plan iscas99__b17] [plan] step=76 node=N27576 type=control0 q_pred_context=2.161108 sequence=159.188217
[plan iscas99__b17] [plan] step=77 node=N27589 type=control0 q_pred_context=1.931154 sequence=161.119371
[plan iscas99__b17] [plan] step=78 node=N26792 type=control0 q_pred_context=1.413226 sequence=162.532597
[plan iscas99__b17] [plan] step=79 node=N26786 type=control0 q_pred_context=1.581455 sequence=164.114052
[plan iscas99__b17] [plan] step=80 node=N27551 type=control0 q_pred_context=1.515735 sequence=165.629787
[plan iscas99__b17] [plan] step=81 node=N26796 type=control0 q_pred_context=1.509968 sequence=167.139755
[plan iscas99__b17] [plan] step=82 node=N26771 type=control0 q_pred_context=1.448507 sequence=168.588262
[plan iscas99__b17] [plan] step=83 node=N26794 type=control0 q_pred_context=1.467139 sequence=170.055402
[plan iscas99__b17] [plan] step=84 node=N26773 type=control0 q_pred_context=1.323708 sequence=171.379109
[plan iscas99__b17] [plan] step=85 node=N26775 type=control0 q_pred_context=1.300964 sequence=172.680073
[plan iscas99__b17] [plan] step=86 node=N26790 type=control0 q_pred_context=1.240438 sequence=173.920511
[plan iscas99__b17] [plan] step=87 node=N26782 type=control0 q_pred_context=1.247530 sequence=175.168041
[plan iscas99__b17] [plan] step=88 node=N26784 type=control0 q_pred_context=1.184442 sequence=176.352483
[plan iscas99__b17] [plan] step=89 node=N26788 type=control0 q_pred_context=1.165266 sequence=177.517750
[plan iscas99__b17] [plan] step=90 node=N26504 type=control1 q_pred_context=0.876088 sequence=178.393838
[plan iscas99__b17] [plan] step=91 node=N26511 type=control1 q_pred_context=0.856916 sequence=179.250754
[plan iscas99__b17] [plan] step=92 node=N26502 type=control1 q_pred_context=0.982337 sequence=180.233091
[plan iscas99__b17] [plan] step=93 node=N26506 type=control1 q_pred_context=0.914734 sequence=181.147824
[plan iscas99__b17] [plan] step=94 node=N27354 type=control1 q_pred_context=0.887726 sequence=182.035551
[plan iscas99__b17] [plan] step=95 node=N26517 type=control1 q_pred_context=0.904807 sequence=182.940358
[plan iscas99__b17] [plan] step=96 node=N26654 type=control0 q_pred_context=1.863952 sequence=184.804309
[plan iscas99__b17] [plan] step=97 node=N31045 type=control0 q_pred_context=1.281870 sequence=186.086179
[plan iscas99__b17] [plan] step=98 node=N31051 type=control0 q_pred_context=1.776516 sequence=187.862695
[plan iscas99__b17] [plan] step=99 node=N31050 type=control0 q_pred_context=1.600472 sequence=189.463167
[plan iscas99__b17] [plan] step=100 node=N27353 type=control1 q_pred_context=0.778435 sequence=190.241602
[plan iscas99__b17] [plan] step=101 node=N27351 type=control1 q_pred_context=0.781495 sequence=191.023097
[plan iscas99__b17] [plan] step=102 node=N27858 type=control1 q_pred_context=1.670931 sequence=192.694028
[plan iscas99__b17] [plan] step=103 node=N27349 type=control1 q_pred_context=0.674563 sequence=193.368591
[plan iscas99__b17] [plan] step=104 node=N2041 type=control1 q_pred_context=1.590100 sequence=194.958691
[plan iscas99__b17] [plan] step=105 node=N27359 type=control1 q_pred_context=0.690010 sequence=195.648701
[plan iscas99__b17] [plan] step=106 node=N7729 type=control1 q_pred_context=1.465007 sequence=197.113708
[plan iscas99__b17] [plan] step=107 node=N27366 type=control1 q_pred_context=1.103580 sequence=198.217287
[plan iscas99__b17] [plan] step=108 node=N2030 type=control1 q_pred_context=1.170723 sequence=199.388010
[plan iscas99__b17] [plan] step=109 node=N27365 type=control1 q_pred_context=0.880417 sequence=200.268427
[plan iscas99__b17] [plan] step=110 node=N2037 type=control1 q_pred_context=1.158384 sequence=201.426811
[plan iscas99__b17] [plan] step=111 node=N22040 type=control1 q_pred_context=0.947551 sequence=202.374362
[plan iscas99__b17] [plan] step=112 node=N7712 type=control1 q_pred_context=1.107448 sequence=203.481810
[plan iscas99__b17] [plan] step=113 node=N26507 type=control1 q_pred_context=0.846346 sequence=204.328156
[plan iscas99__b17] [plan] step=114 node=N13785 type=control1 q_pred_context=1.011514 sequence=205.339670
[plan iscas99__b17] [plan] step=115 node=N7727 type=control1 q_pred_context=0.971089 sequence=206.310759
[plan iscas99__b17] [plan] step=116 node=N2891 type=observe q_pred_context=1.266160 sequence=207.576920
[plan iscas99__b17] [plan] step=117 node=N13800 type=control1 q_pred_context=1.627927 sequence=209.204847
[plan iscas99__b17] [plan] step=118 node=N13794 type=control1 q_pred_context=1.726012 sequence=210.930858
[plan iscas99__b17] [plan] step=119 node=N2036 type=control1 q_pred_context=1.416527 sequence=212.347386
[plan iscas99__b17] [plan] step=120 node=N2078 type=control1 q_pred_context=0.635938 sequence=212.983323
[plan iscas99__b17] [plan] step=121 node=N27361 type=control1 q_pred_context=0.608508 sequence=213.591832
[plan iscas99__b17] [plan] step=122 node=N29390 type=control0 q_pred_context=0.840542 sequence=214.432374
[plan iscas99__b17] [plan] step=123 node=N7726 type=control1 q_pred_context=1.192372 sequence=215.624745
[plan iscas99__b17] [plan] step=124 node=N27357 type=control1 q_pred_context=0.511618 sequence=216.136363
[plan iscas99__b17] [plan] step=125 node=N7766 type=control1 q_pred_context=1.190055 sequence=217.326419
[plan iscas99__b17] [plan] step=126 node=N2076 type=control1 q_pred_context=1.345749 sequence=218.672168
[plan iscas99__b17] [plan] step=127 node=N31044 type=control0 q_pred_context=1.800520 sequence=220.472688
[plan iscas99__b17] [plan] step=128 node=N13836 type=control1 q_pred_context=1.090343 sequence=221.563031
[plan iscas99__b17] [plan] step=129 node=N2029 type=control1 q_pred_context=1.083036 sequence=222.646068
[plan iscas99__b17] [plan] step=130 node=N2074 type=control1 q_pred_context=0.962918 sequence=223.608986
[plan iscas99__b17] [plan] step=131 node=N1986 type=control1 q_pred_context=1.004069 sequence=224.613054
[plan iscas99__b17] [plan] step=132 node=N15375 type=observe q_pred_context=0.885290 sequence=225.498344
[plan iscas99__b17] [plan] step=133 node=N13837 type=control1 q_pred_context=0.903962 sequence=226.402306
[plan iscas99__b17] [plan] step=134 node=N7711 type=control1 q_pred_context=1.250129 sequence=227.652435
[plan iscas99__b17] [plan] step=135 node=N13801 type=control1 q_pred_context=1.613254 sequence=229.265689
[plan iscas99__b17] [plan] step=136 node=N7324 type=observe q_pred_context=1.610789 sequence=230.876478
[plan iscas99__b17] [plan] step=137 node=N7765 type=control1 q_pred_context=1.193965 sequence=232.070443
[plan iscas99__b17] [plan] step=138 node=N7162 type=observe q_pred_context=2.461074 sequence=234.531517
[plan iscas99__b17] [plan] step=139 node=N13797 type=control1 q_pred_context=1.221714 sequence=235.753232
[plan iscas99__b17] [plan] step=140 node=N9505 type=observe q_pred_context=1.219323 sequence=236.972554
[plan iscas99__b17] [plan] step=141 node=N1987 type=control1 q_pred_context=0.743455 sequence=237.716009
[plan iscas99__b17] [plan] step=142 node=N27607 type=control1 q_pred_context=1.074641 sequence=238.790650
[plan iscas99__b17] [plan] step=143 node=N1984 type=observe q_pred_context=1.109589 sequence=239.900239
[plan iscas99__b17] [plan] step=144 node=N18718 type=observe q_pred_context=1.460689 sequence=241.360928
[plan iscas99__b17] [plan] step=145 node=N18329 type=observe q_pred_context=1.768811 sequence=243.129739
[plan iscas99__b17] [plan] step=146 node=N18097 type=observe q_pred_context=1.605463 sequence=244.735202
[plan iscas99__b17] [plan] step=147 node=N18037 type=observe q_pred_context=1.494401 sequence=246.229603
[plan iscas99__b17] [plan] step=148 node=N27364 type=control1 q_pred_context=1.809055 sequence=248.038658
[plan iscas99__b17] [plan] step=149 node=N29496 type=control1 q_pred_context=1.485692 sequence=249.524350
[plan iscas99__b17] [plan] step=150 node=N7759 type=control1 q_pred_context=2.389709 sequence=251.914058
[plan iscas99__b17] [plan] step=151 node=N7690 type=control1 q_pred_context=2.280283 sequence=254.194341
[plan iscas99__b17] [plan] step=152 node=N13557 type=observe q_pred_context=0.758649 sequence=254.952991
[plan iscas99__b17] [plan] step=153 node=N7270 type=observe q_pred_context=0.758607 sequence=255.711597
[plan iscas99__b17] [plan] step=154 node=N13988 type=observe q_pred_context=2.362776 sequence=258.074374
[plan iscas99__b17] [plan] step=155 node=N7243 type=observe q_pred_context=0.758616 sequence=258.832990
[plan iscas99__b17] [plan] step=156 node=N18796 type=observe q_pred_context=1.219416 sequence=260.052406
[plan iscas99__b17] [plan] step=157 node=N13066 type=observe q_pred_context=1.572258 sequence=261.624665
[plan iscas99__b17] [plan] step=158 node=N7721 type=control1 q_pred_context=2.333718 sequence=263.958383
[plan iscas99__b17] [plan] step=159 node=N13455 type=observe q_pred_context=1.123206 sequence=265.081588
[plan iscas99__b17] [plan] step=160 node=N7455 type=observe q_pred_context=0.759209 sequence=265.840797
[plan iscas99__b17] [plan] step=161 node=N7222 type=observe q_pred_context=0.758813 sequence=266.599610
[plan iscas99__b17] [plan] step=162 node=N7210 type=observe q_pred_context=0.759345 sequence=267.358954
[plan iscas99__b17] [plan] step=163 node=N19322 type=observe q_pred_context=1.445378 sequence=268.804332
[plan iscas99__b17] [plan] step=164 node=N7225 type=observe q_pred_context=0.754972 sequence=269.559305
[plan iscas99__b17] [plan] step=165 node=N7639 type=observe q_pred_context=0.817297 sequence=270.376602
[plan iscas99__b17] [plan] step=166 node=N13493 type=observe q_pred_context=0.747456 sequence=271.124058
[plan iscas99__b17] [plan] step=167 node=N14009 type=observe q_pred_context=1.826328 sequence=272.950386
[plan iscas99__b17] [plan] step=168 node=N19162 type=observe q_pred_context=2.128091 sequence=275.078476
[plan iscas99__b17] [plan] step=169 node=N7285 type=observe q_pred_context=0.770146 sequence=275.848623
[plan iscas99__b17] [plan] step=170 node=N18802 type=observe q_pred_context=0.928517 sequence=276.777139
[plan iscas99__b17] [plan] step=171 node=N7520 type=observe q_pred_context=0.766371 sequence=277.543510
[plan iscas99__b17] [plan] step=172 node=N7469 type=observe q_pred_context=0.759453 sequence=278.302963
[plan iscas99__b17] [plan] step=173 node=N18788 type=observe q_pred_context=2.094367 sequence=280.397330
[plan iscas99__b17] [plan] step=174 node=N7445 type=observe q_pred_context=0.675475 sequence=281.072805
[plan iscas99__b17] [plan] step=175 node=N19221 type=observe q_pred_context=0.670240 sequence=281.743045
[plan iscas99__b17] [plan] step=176 node=N2025 type=control1 q_pred_context=1.335148 sequence=283.078192
[plan iscas99__b17] [plan] step=177 node=N19231 type=observe q_pred_context=0.840234 sequence=283.918426
[plan iscas99__b17] [plan] step=178 node=N19321 type=observe q_pred_context=0.799223 sequence=284.717649
[plan iscas99__b17] [plan] step=179 node=N7448 type=observe q_pred_context=0.794203 sequence=285.511853
[plan iscas99__b17] [plan] step=180 node=N13509 type=observe q_pred_context=0.634947 sequence=286.146799
[plan iscas99__b17] [plan] step=181 node=N14004 type=observe q_pred_context=0.993862 sequence=287.140661
[plan iscas99__b17] [plan] step=182 node=N7636 type=observe q_pred_context=0.692293 sequence=287.832954
[plan iscas99__b17] [plan] step=183 node=N13060 type=observe q_pred_context=0.398283 sequence=288.231237
[plan iscas99__b17] [plan] step=184 node=N19165 type=observe q_pred_context=1.436488 sequence=289.667725
[plan iscas99__b17] [plan] step=185 node=N13229 type=observe q_pred_context=1.195231 sequence=290.862956
[plan iscas99__b17] [plan] step=186 node=N29408 type=control1 q_pred_context=0.944773 sequence=291.807729
[plan iscas99__b17] [plan] step=187 node=N7725 type=control1 q_pred_context=1.455231 sequence=293.262960
[plan iscas99__b17] [plan] step=188 node=N7718 type=control1 q_pred_context=1.780509 sequence=295.043469
[plan iscas99__b17] [plan] step=189 node=N5157 type=observe q_pred_context=0.897523 sequence=295.940992
[plan iscas99__b17] [plan] step=190 node=N13541 type=observe q_pred_context=0.869028 sequence=296.810020
[plan iscas99__b17] [plan] step=191 node=N7528 type=observe q_pred_context=0.917737 sequence=297.727757
[plan iscas99__b17] [plan] step=192 node=N18537 type=observe q_pred_context=0.939934 sequence=298.667692
[plan iscas99__b17] [plan] step=193 node=N18792 type=observe q_pred_context=0.854399 sequence=299.522091
[plan iscas99__b17] [plan] step=194 node=N13703 type=observe q_pred_context=0.858303 sequence=300.380393
[plan iscas99__b17] [plan] step=195 node=N13064 type=observe q_pred_context=0.892086 sequence=301.272480
[plan iscas99__b17] [plan] step=196 node=N13076 type=observe q_pred_context=0.878931 sequence=302.151411
[plan iscas99__b17] [plan] step=197 node=N29409 type=control1 q_pred_context=0.795269 sequence=302.946680
[plan iscas99__b17] [plan] step=198 node=N20546 type=control1 q_pred_context=0.782677 sequence=303.729357
[plan iscas99__b17] [plan] step=199 node=N19317 type=observe q_pred_context=0.810477 sequence=304.539834
[plan iscas99__b17] [plan] step=200 node=N14666 type=observe q_pred_context=0.885554 sequence=305.425388
[plan iscas99__b17] [plan] step=201 node=N12166 type=observe q_pred_context=0.937208 sequence=306.362596
[plan iscas99__b17] [plan] step=202 node=N18799 type=observe q_pred_context=0.952221 sequence=307.314816
[plan iscas99__b17] [plan] step=203 node=N7397 type=observe q_pred_context=0.822740 sequence=308.137556
[plan iscas99__b17] [plan] step=204 node=N9645 type=observe q_pred_context=1.186428 sequence=309.323985
[plan iscas99__b17] [plan] step=205 node=N18541 type=observe q_pred_context=0.745290 sequence=310.069274
[plan iscas99__b17] [plan] step=206 node=N13062 type=observe q_pred_context=0.974273 sequence=311.043548
[plan iscas99__b17] [plan] step=207 node=N19320 type=observe q_pred_context=0.929132 sequence=311.972680
[plan iscas99__b17] [plan] step=208 node=N7464 type=observe q_pred_context=0.710463 sequence=312.683143
[plan iscas99__b17] [plan] step=209 node=N2870 type=observe q_pred_context=0.913916 sequence=313.597059
[plan iscas99__b17] [plan] step=210 node=N13589 type=observe q_pred_context=0.665250 sequence=314.262308
[plan iscas99__b17] [plan] step=211 node=N1985 type=observe q_pred_context=0.957439 sequence=315.219747
[plan iscas99__b17] [plan] step=212 node=N13913 type=control1 q_pred_context=1.881209 sequence=317.100956
[plan iscas99__b17] [plan] step=213 node=N18557 type=observe q_pred_context=1.112698 sequence=318.213654
[plan iscas99__b17] [plan] step=214 node=N13745 type=observe q_pred_context=1.040485 sequence=319.254139
[plan iscas99__b17] [plan] step=215 node=N15364 type=observe q_pred_context=1.445138 sequence=320.699277
[plan iscas99__b17] [plan] step=216 node=N9513 type=observe q_pred_context=0.931616 sequence=321.630894
[plan iscas99__b17] [plan] step=217 node=N7163 type=observe q_pred_context=0.978880 sequence=322.609774
[plan iscas99__b17] [plan] step=218 node=N13613 type=observe q_pred_context=1.181129 sequence=323.790902
[plan iscas99__b17] [plan] step=219 node=N9639 type=observe q_pred_context=0.914344 sequence=324.705247
[plan iscas99__b17] [plan] step=220 node=N18548 type=observe q_pred_context=0.999982 sequence=325.705229
[plan iscas99__b17] [plan] step=221 node=N19316 type=observe q_pred_context=0.999611 sequence=326.704840
[plan iscas99__b17] [plan] step=222 node=N15376 type=observe q_pred_context=1.340364 sequence=328.045204
[plan iscas99__b17] [plan] step=223 node=N3779 type=observe q_pred_context=1.771231 sequence=329.816435
[plan iscas99__b17] [plan] step=224 node=N18874 type=observe q_pred_context=0.802631 sequence=330.619066
[plan iscas99__b17] [plan] step=225 node=N13737 type=observe q_pred_context=0.741063 sequence=331.360129
[plan iscas99__b17] [plan] step=226 node=N13605 type=observe q_pred_context=0.687353 sequence=332.047481
[plan iscas99__b17] [plan] step=227 node=N7480 type=observe q_pred_context=0.731925 sequence=332.779406
[plan iscas99__b17] [plan] step=228 node=N18563 type=observe q_pred_context=0.918588 sequence=333.697995
[plan iscas99__b17] [plan] step=229 node=N19323 type=observe q_pred_context=1.018489 sequence=334.716484
[plan iscas99__b17] [plan] step=230 node=N13617 type=observe q_pred_context=0.863764 sequence=335.580248
[plan iscas99__b17] [plan] step=231 node=N2038 type=control1 q_pred_context=1.075352 sequence=336.655601
[plan iscas99__b17] [plan] step=232 node=N7496 type=observe q_pred_context=0.812927 sequence=337.468527
[plan iscas99__b17] [plan] step=233 node=N19207 type=observe q_pred_context=0.805575 sequence=338.274102
[plan iscas99__b17] [plan] step=234 node=N6996 type=observe q_pred_context=0.829770 sequence=339.103872
[plan iscas99__b17] [plan] step=235 node=N13741 type=observe q_pred_context=0.783959 sequence=339.887832
[plan iscas99__b17] [plan] step=236 node=N13525 type=observe q_pred_context=0.561050 sequence=340.448881
[plan iscas99__b17] [plan] step=237 node=N15367 type=observe q_pred_context=0.576033 sequence=341.024915
[plan iscas99__b17] [plan] step=238 node=N18614 type=observe q_pred_context=0.570818 sequence=341.595732
[plan iscas99__b17] [plan] step=239 node=N19324 type=observe q_pred_context=0.962209 sequence=342.557942
[plan iscas99__b17] [plan] step=240 node=N13615 type=observe q_pred_context=0.822866 sequence=343.380808
[plan iscas99__b17] [plan] step=241 node=N7512 type=observe q_pred_context=0.800107 sequence=344.180915
[plan iscas99__b17] [plan] step=242 node=N18877 type=observe q_pred_context=0.858774 sequence=345.039689
[plan iscas99__b17] [plan] step=243 node=N13573 type=observe q_pred_context=0.659823 sequence=345.699512
[plan iscas99__b17] [plan] step=244 node=N19319 type=observe q_pred_context=0.880564 sequence=346.580076
[plan iscas99__b17] [plan] step=245 node=N18641 type=observe q_pred_context=0.719958 sequence=347.300034
[plan iscas99__b17] [plan] step=246 node=N13731 type=observe q_pred_context=0.734766 sequence=348.034800
[plan iscas99__b17] [plan] step=247 node=N7432 type=observe q_pred_context=0.636691 sequence=348.671491
[plan iscas99__b17] [plan] step=248 node=N19318 type=observe q_pred_context=0.869776 sequence=349.541267
[plan iscas99__b17] [plan] step=249 node=N13757 type=observe q_pred_context=0.761545 sequence=350.302813
[plan iscas99__b17] [plan] step=250 node=N12453 type=observe q_pred_context=0.652917 sequence=350.955730
[plan iscas99__b17] [plan] step=251 node=N7673 type=observe q_pred_context=0.818689 sequence=351.774419
[plan iscas99__b17] [plan] step=252 node=N7671 type=observe q_pred_context=0.832261 sequence=352.606680
[plan iscas99__b17] [plan] step=253 node=N18620 type=observe q_pred_context=0.522420 sequence=353.129101
[plan iscas99__b17] [plan] step=254 node=N13739 type=observe q_pred_context=0.782609 sequence=353.911709
[plan iscas99__b17] [plan] step=255 node=N7301 type=observe q_pred_context=0.429265 sequence=354.340975
[plan iscas99__b17] [plan] step=256 node=N19314 type=observe q_pred_context=0.770163 sequence=355.111137
[plan iscas99__b17] [plan] step=257 node=N12357 type=observe q_pred_context=0.645020 sequence=355.756158
[plan iscas99__b17] [plan] step=258 node=N18750 type=observe q_pred_context=0.614697 sequence=356.370855
[plan iscas99__b17] [plan] step=259 node=N7211 type=observe q_pred_context=0.614938 sequence=356.985793
[plan iscas99__b17] [plan] step=260 node=N19315 type=observe q_pred_context=0.910600 sequence=357.896392
[plan iscas99__b17] [plan] step=261 node=N7537 type=observe q_pred_context=0.784910 sequence=358.681302
[plan iscas99__b17] [plan] step=262 node=N13735 type=observe q_pred_context=0.807289 sequence=359.488591
[plan iscas99__b17] [plan] step=263 node=N12389 type=observe q_pred_context=0.489021 sequence=359.977612
[plan iscas99__b17] [plan] step=264 node=N18577 type=observe q_pred_context=0.422871 sequence=360.400483
[plan iscas99__b17] [plan] step=265 node=N7227 type=observe q_pred_context=0.373885 sequence=360.774368
[plan iscas99__b17] [plan] step=266 node=N12341 type=observe q_pred_context=0.556335 sequence=361.330703
[plan iscas99__b17] [plan] step=267 node=N18532 type=observe q_pred_context=0.627652 sequence=361.958355
[plan iscas99__b17] [plan] step=268 node=N13701 type=observe q_pred_context=0.808255 sequence=362.766610
[plan iscas99__b17] [plan] step=269 node=N3856 type=observe q_pred_context=0.473818 sequence=363.240428
[plan iscas99__b17] [plan] step=270 node=N7548 type=observe q_pred_context=0.416253 sequence=363.656681
[plan iscas99__b17] [plan] step=271 node=N3765 type=observe q_pred_context=0.407898 sequence=364.064579
[plan iscas99__b17] [plan] step=272 node=N26769 type=control0 q_pred_context=0.463808 sequence=364.528388
[plan iscas99__b17] [plan] step=273 node=N12405 type=observe q_pred_context=0.708307 sequence=365.236695
[plan iscas99__b17] [plan] step=274 node=N18645 type=observe q_pred_context=0.736657 sequence=365.973352
[plan iscas99__b17] [plan] step=275 node=N7195 type=observe q_pred_context=0.758878 sequence=366.732231
[plan iscas99__b17] [plan] step=276 node=N13747 type=observe q_pred_context=0.854250 sequence=367.586481
[plan iscas99__b17] [plan] step=277 node=N19326 type=observe q_pred_context=1.179898 sequence=368.766379
[plan iscas99__b17] [plan] step=278 node=N12373 type=observe q_pred_context=0.704369 sequence=369.470749
[plan iscas99__b17] [plan] step=279 node=N18586 type=observe q_pred_context=0.701114 sequence=370.171862
[plan iscas99__b17] [plan] step=280 node=N7179 type=observe q_pred_context=0.742421 sequence=370.914283
[plan iscas99__b17] [plan] step=281 node=N3370 type=observe q_pred_context=0.574177 sequence=371.488460
[plan iscas99__b17] [plan] step=282 node=N12437 type=observe q_pred_context=0.809038 sequence=372.297498
[plan iscas99__b17] [plan] step=283 node=N13749 type=observe q_pred_context=0.872111 sequence=373.169609
[plan iscas99__b17] [plan] step=284 node=N18764 type=observe q_pred_context=0.770319 sequence=373.939928
[plan iscas99__b17] [plan] step=285 node=N7259 type=observe q_pred_context=0.847259 sequence=374.787186
[plan iscas99__b17] [plan] step=286 node=N19879 type=observe q_pred_context=0.831986 sequence=375.619172
[plan iscas99__b17] [plan] step=287 node=N19511 type=observe q_pred_context=0.992485 sequence=376.611657
[plan iscas99__b17] [plan] step=288 node=N12421 type=observe q_pred_context=0.820059 sequence=377.431716
[plan iscas99__b17] [plan] step=289 node=N18514 type=observe q_pred_context=0.911112 sequence=378.342827
[plan iscas99__b17] [plan] step=290 node=N13695 type=observe q_pred_context=0.789574 sequence=379.132402
[plan iscas99__b17] [plan] step=291 node=N7349 type=observe q_pred_context=0.744971 sequence=379.877373
[plan iscas99__b17] [plan] step=292 node=N3378 type=observe q_pred_context=0.607053 sequence=380.484426
[plan iscas99__b17] [plan] step=293 node=N18624 type=observe q_pred_context=0.783451 sequence=381.267876
[plan iscas99__b17] [plan] step=294 node=N13187 type=observe q_pred_context=0.787478 sequence=382.055354
[plan iscas99__b17] [plan] step=295 node=N7381 type=observe q_pred_context=0.767057 sequence=382.822411
[plan iscas99__b17] [plan] step=296 node=N13733 type=observe q_pred_context=0.816868 sequence=383.639279
[plan iscas99__b17] [plan] step=297 node=N31073 type=control1 q_pred_context=0.706893 sequence=384.346172
[plan iscas99__b17] [plan] step=298 node=N9608 type=observe q_pred_context=0.599587 sequence=384.945759
[plan iscas99__b17] [plan] step=299 node=N18590 type=observe q_pred_context=0.771078 sequence=385.716837
[plan iscas99__b17] [plan] step=300 node=N3293 type=observe q_pred_context=0.593688 sequence=386.310526
[plan iscas99__b17] [plan] step=301 node=N7333 type=observe q_pred_context=0.853868 sequence=387.164393
[plan iscas99__b17] [plan] step=302 node=N9611 type=observe q_pred_context=0.593520 sequence=387.757913
[plan iscas99__b17] [plan] step=303 node=N13693 type=observe q_pred_context=0.944988 sequence=388.702901
[plan iscas99__b17] [plan] step=304 node=N18524 type=observe q_pred_context=0.801146 sequence=389.504047
[plan iscas99__b17] [plan] step=305 node=N3362 type=observe q_pred_context=0.552146 sequence=390.056193
[plan iscas99__b17] [plan] step=306 node=N18511 type=observe q_pred_context=0.873450 sequence=390.929643
[plan iscas99__b17] [plan] step=307 node=N7365 type=observe q_pred_context=0.871494 sequence=391.801137
[plan iscas99__b17] [plan] step=308 node=N1992 type=observe q_pred_context=0.628980 sequence=392.430117
[plan iscas99__b17] [plan] step=309 node=N3386 type=observe q_pred_context=0.438556 sequence=392.868673
[plan iscas99__b17] [plan] step=310 node=N13699 type=observe q_pred_context=0.561060 sequence=393.429734
[plan iscas99__b17] [plan] step=311 node=N13208 type=observe q_pred_context=0.890647 sequence=394.320381
[plan iscas99__b17] [plan] step=312 node=N18492 type=observe q_pred_context=0.875072 sequence=395.195452
[plan iscas99__b17] [plan] step=313 node=N13743 type=observe q_pred_context=0.900162 sequence=396.095614
[plan iscas99__b17] [plan] step=314 node=N13210 type=observe q_pred_context=0.789517 sequence=396.885131
[plan iscas99__b17] [plan] step=315 node=N7411 type=observe q_pred_context=0.810192 sequence=397.695323
[plan iscas99__b17] [plan] step=316 node=N18658 type=observe q_pred_context=0.810875 sequence=398.506198
[plan iscas99__b17] [plan] step=317 node=N7147 type=observe q_pred_context=0.853509 sequence=399.359707
[plan iscas99__b17] [plan] step=318 node=N3325 type=observe q_pred_context=0.607142 sequence=399.966850
[plan iscas99__b17] [plan] step=319 node=N12335 type=observe q_pred_context=0.839660 sequence=400.806509
[plan iscas99__b17] [plan] step=320 node=N13729 type=observe q_pred_context=0.820784 sequence=401.627294
[plan iscas99__b17] [plan] step=321 node=N18711 type=observe q_pred_context=0.773555 sequence=402.400848
[plan iscas99__b17] [plan] step=322 node=N3355 type=observe q_pred_context=0.607098 sequence=403.007946
[plan iscas99__b17] [plan] step=323 node=N12581 type=observe q_pred_context=0.849505 sequence=403.857451
[plan iscas99__b17] [plan] step=324 node=N7507 type=observe q_pred_context=0.838978 sequence=404.696429
[plan iscas99__b17] [plan] step=325 node=N18488 type=observe q_pred_context=0.833006 sequence=405.529436
[plan iscas99__b17] [plan] step=326 node=N3347 type=observe q_pred_context=0.607089 sequence=406.136525
[plan iscas99__b17] [plan] step=327 node=N13711 type=observe q_pred_context=0.883331 sequence=407.019856
[plan iscas99__b17] [plan] step=328 node=N12547 type=observe q_pred_context=0.805242 sequence=407.825098
[plan iscas99__b17] [plan] step=329 node=N18724 type=observe q_pred_context=0.834719 sequence=408.659817
[plan iscas99__b17] [plan] step=330 node=N7446 type=observe q_pred_context=0.855712 sequence=409.515529
[plan iscas99__b17] [plan] step=331 node=N3332 type=observe q_pred_context=0.607084 sequence=410.122613
[plan iscas99__b17] [plan] step=332 node=N13707 type=observe q_pred_context=0.858917 sequence=410.981530
[plan iscas99__b17] [plan] step=333 node=N12615 type=observe q_pred_context=0.804250 sequence=411.785780
[plan iscas99__b17] [plan] step=334 node=N18675 type=observe q_pred_context=0.838781 sequence=412.624561
[plan iscas99__b17] [plan] step=335 node=N3470 type=observe q_pred_context=0.607057 sequence=413.231618
[plan iscas99__b17] [plan] step=336 node=N13697 type=observe q_pred_context=0.927385 sequence=414.159003
[plan iscas99__b17] [plan] step=337 node=N7277 type=observe q_pred_context=0.800006 sequence=414.959009
[plan iscas99__b17] [plan] step=338 node=N12255 type=observe q_pred_context=0.825228 sequence=415.784237
[plan iscas99__b17] [plan] step=339 node=N18699 type=observe q_pred_context=0.853509 sequence=416.637746
[plan iscas99__b17] [plan] step=340 node=N3458 type=observe q_pred_context=0.607062 sequence=417.244808
[plan iscas99__b17] [plan] step=341 node=N7280 type=observe q_pred_context=0.872178 sequence=418.116985
[plan iscas99__b17] [plan] step=342 node=N12287 type=observe q_pred_context=0.857989 sequence=418.974975
[plan iscas99__b17] [plan] step=343 node=N9042 type=observe q_pred_context=0.607086 sequence=419.582061
[plan iscas99__b17] [plan] step=344 node=N3563 type=observe q_pred_context=0.607052 sequence=420.189113
[plan iscas99__b17] [plan] step=345 node=N13961 type=observe q_pred_context=0.952071 sequence=421.141184
[plan iscas99__b17] [plan] step=346 node=N12239 type=observe q_pred_context=0.641812 sequence=421.782995
[plan iscas99__b17] [plan] step=347 node=N7344 type=observe q_pred_context=0.891805 sequence=422.674800
[plan iscas99__b17] [plan] step=348 node=N3445 type=observe q_pred_context=0.607077 sequence=423.281877
[plan iscas99__b17] [plan] step=349 node=N18695 type=observe q_pred_context=0.893424 sequence=424.175301
[plan iscas99__b17] [plan] step=350 node=N12271 type=observe q_pred_context=0.642342 sequence=424.817643
[plan iscas99__b17] [plan] step=351 node=N13709 type=observe q_pred_context=0.640795 sequence=425.458438
[plan iscas99__b17] [plan] step=352 node=N3478 type=observe q_pred_context=0.607072 sequence=426.065510
[plan iscas99__b17] [plan] step=353 node=N18691 type=observe q_pred_context=0.952227 sequence=427.017737
[plan iscas99__b17] [plan] step=354 node=N12332 type=observe q_pred_context=0.641339 sequence=427.659076
[plan iscas99__b17] [plan] step=355 node=N7376 type=observe q_pred_context=0.924233 sequence=428.583309
[plan iscas99__b17] [plan] step=356 node=N3428 type=observe q_pred_context=0.640777 sequence=429.224085
[plan iscas99__b17] [plan] step=357 node=N13717 type=observe q_pred_context=0.712636 sequence=429.936722
[plan iscas99__b17] [plan] step=358 node=N13976 type=observe q_pred_context=0.988578 sequence=430.925300
[plan iscas99__b17] [plan] step=359 node=N12323 type=observe q_pred_context=0.641446 sequence=431.566746
[plan iscas99__b17] [plan] step=360 node=N7064 type=observe q_pred_context=0.897737 sequence=432.464482
[plan iscas99__b17] [plan] step=361 node=N3554 type=observe q_pred_context=0.607056 sequence=433.071538
[plan iscas99__b17] [plan] step=362 node=N13721 type=observe q_pred_context=0.711881 sequence=433.783419
[plan iscas99__b17] [plan] step=363 node=N12236 type=observe q_pred_context=0.875925 sequence=434.659344
[plan iscas99__b17] [plan] step=364 node=N18741 type=observe q_pred_context=0.912146 sequence=435.571490
[plan iscas99__b17] [plan] step=365 node=N25757 type=observe q_pred_context=0.904261 sequence=436.475751
[plan iscas99__b17] [plan] step=366 node=N7199 type=observe q_pred_context=0.891517 sequence=437.367268
[plan iscas99__b17] [plan] step=367 node=N3436 type=observe q_pred_context=0.638183 sequence=438.005451
[plan iscas99__b17] [plan] step=368 node=N7213 type=observe q_pred_context=0.909539 sequence=438.914990
[plan iscas99__b17] [plan] step=369 node=N12211 type=observe q_pred_context=0.898889 sequence=439.813880
[plan iscas99__b17] [plan] step=370 node=N2247 type=observe q_pred_context=1.069497 sequence=440.883376
[plan iscas99__b17] [plan] step=371 node=N13719 type=observe q_pred_context=1.082668 sequence=441.966044
[plan iscas99__b17] [plan] step=372 node=N3496 type=observe q_pred_context=0.607066 sequence=442.573110
[plan iscas99__b17] [plan] step=373 node=N18063 type=observe q_pred_context=0.882704 sequence=443.455814
[plan iscas99__b17] [plan] step=374 node=N7151 type=observe q_pred_context=0.885210 sequence=444.341024
[plan iscas99__b17] [plan] step=375 node=N12259 type=observe q_pred_context=0.922190 sequence=445.263214
[plan iscas99__b17] [plan] step=376 node=N3415 type=observe q_pred_context=0.640778 sequence=445.903991
[plan iscas99__b17] [plan] step=377 node=N13705 type=observe q_pred_context=0.847614 sequence=446.751606
[plan iscas99__b17] [plan] step=378 node=N12227 type=observe q_pred_context=0.827967 sequence=447.579572
[plan iscas99__b17] [plan] step=379 node=N7261 type=observe q_pred_context=0.878669 sequence=448.458241
[plan iscas99__b17] [plan] step=380 node=N3486 type=observe q_pred_context=0.607054 sequence=449.065295
[plan iscas99__b17] [plan] step=381 node=N18405 type=observe q_pred_context=1.262423 sequence=450.327718
[plan iscas99__b17] [plan] step=382 node=N13727 type=observe q_pred_context=0.813210 sequence=451.140928
[plan iscas99__b17] [plan] step=383 node=N14901 type=control1 q_pred_context=1.095525 sequence=452.236453
[plan iscas99__b17] [plan] step=384 node=N12319 type=observe q_pred_context=0.825893 sequence=453.062347
[plan iscas99__b17] [plan] step=385 node=N3574 type=observe q_pred_context=0.607074 sequence=453.669421
[plan iscas99__b17] [plan] step=386 node=N18414 type=observe q_pred_context=1.342486 sequence=455.011907
[plan iscas99__b17] [plan] step=387 node=N7067 type=observe q_pred_context=0.929054 sequence=455.940961
[plan iscas99__b17] [plan] step=388 node=N13723 type=observe q_pred_context=0.830830 sequence=456.771791
[plan iscas99__b17] [plan] step=389 node=N12291 type=observe q_pred_context=0.799066 sequence=457.570858
[plan iscas99__b17] [plan] step=390 node=N3527 type=observe q_pred_context=0.607052 sequence=458.177909
[plan iscas99__b17] [plan] step=391 node=N18417 type=observe q_pred_context=1.322615 sequence=459.500525
[plan iscas99__b17] [plan] step=392 node=N7083 type=observe q_pred_context=0.975171 sequence=460.475695
[plan iscas99__b17] [plan] step=393 node=N12307 type=observe q_pred_context=0.890859 sequence=461.366554
[plan iscas99__b17] [plan] step=394 node=N13715 type=observe q_pred_context=0.944190 sequence=462.310744
[plan iscas99__b17] [plan] step=395 node=N18366 type=observe q_pred_context=1.280886 sequence=463.591631
[plan iscas99__b17] [plan] step=396 node=N19512 type=observe q_pred_context=1.369778 sequence=464.961408
[plan iscas99__b17] [plan] step=397 node=N12252 type=observe q_pred_context=1.002902 sequence=465.964311
[plan iscas99__b17] [plan] step=398 node=N7112 type=observe q_pred_context=0.955863 sequence=466.920174
[plan iscas99__b17] [plan] step=399 node=N18354 type=observe q_pred_context=1.027675 sequence=467.947849
[plan iscas99__b17] [plan] step=400 node=N13725 type=observe q_pred_context=0.958563 sequence=468.906412
[plan iscas99__b17] [plan] step=401 node=N12275 type=observe q_pred_context=0.861126 sequence=469.767538
[plan iscas99__b17] [plan] step=402 node=N19246 type=observe q_pred_context=0.732268 sequence=470.499806
[plan iscas99__b17] [plan] step=403 node=N3401 type=observe q_pred_context=0.607207 sequence=471.107013
[plan iscas99__b17] [plan] step=404 node=N18432 type=observe q_pred_context=1.266367 sequence=472.373381
[plan iscas99__b17] [plan] step=405 node=N13713 type=observe q_pred_context=0.936142 sequence=473.309522
[plan iscas99__b17] [plan] step=406 node=N12284 type=observe q_pred_context=0.773871 sequence=474.083394
[plan iscas99__b17] [plan] step=407 node=N3545 type=observe q_pred_context=0.607048 sequence=474.690441
[plan iscas99__b17] [plan] step=408 node=N18128 type=observe q_pred_context=1.297656 sequence=475.988097
[plan iscas99__b17] [plan] step=409 node=N12300 type=observe q_pred_context=0.880327 sequence=476.868425
[plan iscas99__b17] [plan] step=410 node=N13426 type=observe q_pred_context=0.915274 sequence=477.783699
[plan iscas99__b17] [plan] step=411 node=N3516 type=observe q_pred_context=0.607647 sequence=478.391346
[plan iscas99__b17] [plan] step=412 node=N2250 type=observe q_pred_context=0.804904 sequence=479.196249
[plan iscas99__b17] [plan] step=413 node=N3536 type=observe q_pred_context=0.607131 sequence=479.803381
[plan iscas99__b17] [plan] step=414 node=N18389 type=observe q_pred_context=1.415633 sequence=481.219014
[plan iscas99__b17] [plan] step=415 node=N12220 type=observe q_pred_context=0.904786 sequence=482.123800
[plan iscas99__b17] [plan] step=416 node=N18420 type=observe q_pred_context=0.897229 sequence=483.021029
[plan iscas99__b17] [plan] step=417 node=N12268 type=observe q_pred_context=0.837091 sequence=483.858120
[plan iscas99__b17] [plan] step=418 node=N7115 type=observe q_pred_context=0.842525 sequence=484.700645
[plan iscas99__b17] [plan] step=419 node=N3394 type=observe q_pred_context=0.609746 sequence=485.310391
[plan iscas99__b17] [plan] step=420 node=N18371 type=observe q_pred_context=1.304479 sequence=486.614870
[plan iscas99__b17] [plan] step=421 node=N12316 type=observe q_pred_context=0.853035 sequence=487.467906
[plan iscas99__b17] [plan] step=422 node=N12243 type=observe q_pred_context=0.939233 sequence=488.407139
[plan iscas99__b17] [plan] step=423 node=N18449 type=observe q_pred_context=1.458665 sequence=489.865804
[plan iscas99__b17] [plan] step=424 node=N9041 type=observe q_pred_context=1.002170 sequence=490.867974
[plan iscas99__b17] [plan] step=425 node=N7132 type=observe q_pred_context=0.811529 sequence=491.679503
[plan iscas99__b17] [plan] step=426 node=N19265 type=observe q_pred_context=0.851055 sequence=492.530559
[plan iscas99__b17] [plan] step=427 node=N12223 type=observe q_pred_context=0.798503 sequence=493.329062
[plan iscas99__b17] [plan] step=428 node=N18437 type=observe q_pred_context=1.551542 sequence=494.880603
[plan iscas99__b17] [plan] step=429 node=N19267 type=observe q_pred_context=0.911961 sequence=495.792564
[plan iscas99__b17] [plan] step=430 node=N12303 type=observe q_pred_context=0.799124 sequence=496.591688
[plan iscas99__b17] [plan] step=431 node=N2698 type=observe q_pred_context=1.013077 sequence=497.604765
[plan iscas99__b17] [plan] step=432 node=N18314 type=observe q_pred_context=1.577890 sequence=499.182655
[plan iscas99__b17] [plan] step=433 node=N19268 type=observe q_pred_context=1.008836 sequence=500.191491
[plan iscas99__b17] [plan] step=434 node=N7032 type=observe q_pred_context=0.793149 sequence=500.984640
[plan iscas99__b17] [plan] step=435 node=N18305 type=observe q_pred_context=1.421613 sequence=502.406253
[plan iscas99__b17] [plan] step=436 node=N9218 type=observe q_pred_context=0.659613 sequence=503.065866
[plan iscas99__b17] [plan] step=437 node=N19269 type=observe q_pred_context=0.946911 sequence=504.012777
[plan iscas99__b17] [plan] step=438 node=N2699 type=observe q_pred_context=0.785988 sequence=504.798765
[plan iscas99__b17] [plan] step=439 node=N3422 type=observe q_pred_context=0.618231 sequence=505.416996
[plan iscas99__b17] [plan] step=440 node=N3408 type=observe q_pred_context=0.579247 sequence=505.996242
[plan iscas99__b17] [plan] step=441 node=N8083 type=observe q_pred_context=0.453526 sequence=506.449769
[plan iscas99__b17] [plan] step=442 node=N13583 type=observe q_pred_context=0.981772 sequence=507.431541
[plan iscas99__b17] [plan] step=443 node=N14038 type=observe q_pred_context=0.552321 sequence=507.983862
[plan iscas99__b17] [plan] step=444 node=N13594 type=observe q_pred_context=1.173161 sequence=509.157023
[plan iscas99__b17] [plan] step=445 node=N14045 type=observe q_pred_context=0.559957 sequence=509.716981
[plan iscas99__b17] [plan] step=446 node=N19251 type=observe q_pred_context=1.050082 sequence=510.767062
[plan iscas99__b17] [plan] step=447 node=N13581 type=observe q_pred_context=0.901770 sequence=511.668832
[plan iscas99__b17] [plan] step=448 node=N14046 type=observe q_pred_context=0.593682 sequence=512.262514
[plan iscas99__b17] [plan] step=449 node=N10955 type=observe q_pred_context=1.052621 sequence=513.315135
[plan iscas99__b17] [plan] step=450 node=N19271 type=observe q_pred_context=0.912788 sequence=514.227923
[plan iscas99__b17] [plan] step=451 node=N2697 type=observe q_pred_context=0.901647 sequence=515.129570
[plan iscas99__b17] [plan] step=452 node=N13506 type=observe q_pred_context=0.941810 sequence=516.071380
[plan iscas99__b17] [plan] step=453 node=N3298 type=observe q_pred_context=0.553018 sequence=516.624398
[plan iscas99__b17] [plan] step=454 node=N14047 type=observe q_pred_context=0.580573 sequence=517.204971
[plan iscas99__b17] [plan] step=455 node=N13591 type=observe q_pred_context=0.920260 sequence=518.125231
[plan iscas99__b17] [plan] step=456 node=N14035 type=observe q_pred_context=0.494080 sequence=518.619311
[plan iscas99__b17] [plan] step=457 node=N19272 type=observe q_pred_context=1.113311 sequence=519.732622
[plan iscas99__b17] [plan] step=458 node=N13531 type=observe q_pred_context=0.930938 sequence=520.663561
[plan iscas99__b17] [plan] step=459 node=N14037 type=observe q_pred_context=0.613877 sequence=521.277437
[plan iscas99__b17] [plan] step=460 node=N19277 type=observe q_pred_context=1.140310 sequence=522.417747
[plan iscas99__b17] [plan] step=461 node=N13562 type=observe q_pred_context=1.352147 sequence=523.769894
[plan iscas99__b17] [plan] step=462 node=N2248 type=observe q_pred_context=0.876443 sequence=524.646337
[plan iscas99__b17] [plan] step=463 node=N19274 type=observe q_pred_context=0.940252 sequence=525.586589
[plan iscas99__b17] [plan] step=464 node=N18364 type=observe q_pred_context=1.267581 sequence=526.854170
[plan iscas99__b17] [plan] step=465 node=N13552 type=observe q_pred_context=1.346547 sequence=528.200717
[plan iscas99__b17] [plan] step=466 node=N19328 type=observe q_pred_context=1.002952 sequence=529.203669
[plan iscas99__b17] [plan] step=467 node=N3506 type=observe q_pred_context=0.523871 sequence=529.727540
[plan iscas99__b17] [plan] step=468 node=N1982 type=observe q_pred_context=1.132839 sequence=530.860379
[plan iscas99__b17] [plan] step=469 node=N14036 type=observe q_pred_context=0.446128 sequence=531.306507
[plan iscas99__b17] [plan] step=470 node=N13534 type=observe q_pred_context=1.273815 sequence=532.580322
[plan iscas99__b17] [plan] step=471 node=N9729 type=observe q_pred_context=0.625383 sequence=533.205706
[plan iscas99__b17] [plan] step=472 node=N14039 type=observe q_pred_context=0.543068 sequence=533.748774
[plan iscas99__b17] [plan] step=473 node=N13545 type=observe q_pred_context=1.316073 sequence=535.064846
[plan iscas99__b17] [plan] step=474 node=N14041 type=observe q_pred_context=0.532006 sequence=535.596852
[plan iscas99__b17] [plan] step=475 node=N19245 type=observe q_pred_context=0.346665 sequence=535.943517
[plan iscas99__b17] [plan] step=476 node=N13528 type=observe q_pred_context=0.740827 sequence=536.684344
[plan iscas99__b17] [plan] step=477 node=N19242 type=observe q_pred_context=0.684181 sequence=537.368526
[plan iscas99__b17] [plan] step=478 node=N13500 type=observe q_pred_context=0.949285 sequence=538.317810
[plan iscas99__b17] [plan] step=479 node=N18447 type=observe q_pred_context=1.310376 sequence=539.628187
[plan iscas99__b17] [plan] step=480 node=N19280 type=observe q_pred_context=0.827020 sequence=540.455207
[plan iscas99__b17] [plan] step=481 node=N13511 type=observe q_pred_context=0.779527 sequence=541.234734
[plan iscas99__b17] [plan] step=482 node=N2695 type=observe q_pred_context=0.763029 sequence=541.997763
[plan iscas99__b17] [plan] step=483 node=N19275 type=observe q_pred_context=1.095737 sequence=543.093500
[plan iscas99__b17] [plan] step=484 node=N13559 type=observe q_pred_context=0.805062 sequence=543.898562
[plan iscas99__b17] [plan] step=485 node=N19263 type=observe q_pred_context=0.984568 sequence=544.883130
[plan iscas99__b17] [plan] step=486 node=N13543 type=observe q_pred_context=0.780868 sequence=545.663998
[plan iscas99__b17] [plan] step=487 node=N19256 type=observe q_pred_context=0.958829 sequence=546.622827
[plan iscas99__b17] [plan] step=488 node=N9220 type=observe q_pred_context=1.040787 sequence=547.663614
[plan iscas99__b17] [plan] step=489 node=N14042 type=observe q_pred_context=0.738674 sequence=548.402288
[plan iscas99__b17] [plan] step=490 node=N14034 type=observe q_pred_context=0.681214 sequence=549.083502
[plan iscas99__b17] [plan] step=491 node=N13548 type=observe q_pred_context=1.442003 sequence=550.525505
[plan iscas99__b17] [plan] step=492 node=N14033 type=observe q_pred_context=0.646602 sequence=551.172106
[plan iscas99__b17] [plan] step=493 node=N14044 type=observe q_pred_context=0.854881 sequence=552.026988
[plan iscas99__b17] [plan] step=494 node=N19241 type=observe q_pred_context=0.712917 sequence=552.739904
[plan iscas99__b17] [plan] step=495 node=N14043 type=observe q_pred_context=0.682635 sequence=553.422539
[plan iscas99__b17] [plan] step=496 node=N13532 type=observe q_pred_context=0.585836 sequence=554.008375
[plan iscas99__b17] [plan] step=497 node=N19244 type=observe q_pred_context=0.680122 sequence=554.688497
[plan iscas99__b17] [plan] step=498 node=N13488 type=observe q_pred_context=0.834018 sequence=555.522515
[plan iscas99__b17] [plan] step=499 node=N19248 type=observe q_pred_context=0.871608 sequence=556.394123
[plan iscas99__b17] [plan] step=500 node=N13596 type=observe q_pred_context=1.004225 sequence=557.398348
[plan iscas99__b17] [plan] step=501 node=N19258 type=observe q_pred_context=0.824076 sequence=558.222423
[plan iscas99__b17] [plan] step=502 node=N13611 type=observe q_pred_context=0.742326 sequence=558.964749
[plan iscas99__b17] [plan] step=503 node=N19876 type=observe q_pred_context=0.817824 sequence=559.782573
[plan iscas99__b17] [plan] step=504 node=N19253 type=observe q_pred_context=0.926250 sequence=560.708823
[plan iscas99__b17] [plan] step=505 node=N12649 type=observe q_pred_context=0.886111 sequence=561.594934
[plan iscas99__b17] [plan] step=506 node=N14731 type=observe q_pred_context=0.836557 sequence=562.431491
[plan iscas99__b17] [plan] step=507 node=N19249 type=observe q_pred_context=0.918414 sequence=563.349906
[plan iscas99__b17] [plan] step=508 node=N13609 type=observe q_pred_context=0.837828 sequence=564.187734
[plan iscas99__b17] [plan] step=509 node=N19250 type=observe q_pred_context=0.969298 sequence=565.157032
[plan iscas99__b17] [plan] step=510 node=N13607 type=observe q_pred_context=0.776675 sequence=565.933706
[plan iscas99__b17] [plan] step=511 node=N18176 type=observe q_pred_context=0.780630 sequence=566.714337
[plan iscas99__b17] [plan] step=512 node=N13516 type=observe q_pred_context=0.977497 sequence=567.691834
[plan iscas99__b17] [plan] step=513 node=N19329 type=observe q_pred_context=1.042594 sequence=568.734428
[plan iscas99__b17] [plan] step=514 node=N18172 type=observe q_pred_context=1.391244 sequence=570.125672
[plan iscas99__b17] [plan] step=515 node=N13499 type=observe q_pred_context=0.619024 sequence=570.744696
[plan iscas99__b17] [plan] step=516 node=N3450 type=observe q_pred_context=0.472967 sequence=571.217664
[plan iscas99__b17] [plan] step=517 node=N3323 type=observe q_pred_context=0.814574 sequence=572.032237
[plan iscas99__b17] [plan] step=518 node=N13495 type=observe q_pred_context=1.280565 sequence=573.312803
[plan iscas99__b17] [plan] step=519 node=N3463 type=observe q_pred_context=0.856930 sequence=574.169733
[plan iscas99__b17] [plan] step=520 node=N14040 type=observe q_pred_context=0.900945 sequence=575.070678
[plan iscas99__b17] [plan] step=521 node=N13497 type=observe q_pred_context=1.245169 sequence=576.315847
[plan iscas99__b17] [plan] step=522 node=N18004 type=control0 q_pred_context=0.168887 sequence=576.484734
[plan iscas99__b17] [plan] step=523 node=N19259 type=observe q_pred_context=1.236389 sequence=577.721123
[plan iscas99__b17] [plan] step=524 node=N18233 type=observe q_pred_context=0.973095 sequence=578.694218
[plan iscas99__b17] [plan] step=525 node=N12351 type=observe q_pred_context=0.535079 sequence=579.229297
[plan iscas99__b17] [plan] step=526 node=N27509 type=control0 q_pred_context=0.171102 sequence=579.400399
[plan iscas99__b17] [plan] step=527 node=N18188 type=observe q_pred_context=0.801901 sequence=580.202300
[plan iscas99__b17] [plan] step=528 node=N12683 type=observe q_pred_context=1.060058 sequence=581.262359
[plan iscas99__b17] [plan] step=529 node=N19325 type=observe q_pred_context=1.016837 sequence=582.279196
[plan iscas99__b17] [plan] step=530 node=N8776 type=observe q_pred_context=0.968715 sequence=583.247911
[plan iscas99__b17] [plan] step=531 node=N19254 type=observe q_pred_context=0.914108 sequence=584.162019
[plan iscas99__b17] [plan] step=532 node=N8778 type=observe q_pred_context=1.000798 sequence=585.162817
[plan iscas99__b17] [plan] step=533 node=N19260 type=observe q_pred_context=0.884135 sequence=586.046952
[plan iscas99__b17] [plan] step=534 node=N2693 type=observe q_pred_context=0.726591 sequence=586.773543
[plan iscas99__b17] [plan] step=535 node=N2246 type=observe q_pred_context=0.735058 sequence=587.508601
[plan iscas99__b17] [plan] step=536 node=N8833 type=observe q_pred_context=0.627676 sequence=588.136276
[plan iscas99__b17] [plan] step=537 node=N12339 type=observe q_pred_context=0.603161 sequence=588.739438
[plan iscas99__b17] [plan] step=538 node=N18272 type=observe q_pred_context=1.085486 sequence=589.824923
[plan iscas99__b17] [plan] step=539 node=N19410 type=observe q_pred_context=0.525896 sequence=590.350819
[plan iscas99__b17] [plan] step=540 node=N8836 type=observe q_pred_context=0.838283 sequence=591.189102
[plan iscas99__b17] [plan] step=541 node=N7604 type=observe q_pred_context=0.808923 sequence=591.998026
[plan iscas99__b17] [plan] step=542 node=N8824 type=observe q_pred_context=0.868000 sequence=592.866026
[plan iscas99__b17] [plan] step=543 node=N8764 type=observe q_pred_context=0.893552 sequence=593.759577
[plan iscas99__b17] [plan] step=544 node=N19334 type=observe q_pred_context=0.640915 sequence=594.400492
[plan iscas99__b17] [plan] step=545 node=N8821 type=observe q_pred_context=0.910961 sequence=595.311453
[plan iscas99__b17] [plan] step=546 node=N25754 type=observe q_pred_context=0.714727 sequence=596.026180
[plan iscas99__b17] [plan] step=547 node=N19333 type=observe q_pred_context=0.642745 sequence=596.668924
[plan iscas99__b17] [plan] step=548 node=N8825 type=observe q_pred_context=0.808544 sequence=597.477468
[plan iscas99__b17] [plan] step=549 node=N19332 type=observe q_pred_context=0.643246 sequence=598.120715
[plan iscas99__b17] [plan] step=550 node=N8823 type=observe q_pred_context=0.840621 sequence=598.961336
[plan iscas99__b17] [plan] step=551 node=N19331 type=observe q_pred_context=0.645133 sequence=599.606469
[plan iscas99__b17] [plan] step=552 node=N8774 type=observe q_pred_context=0.863521 sequence=600.469990
[plan iscas99__b17] [plan] step=553 node=N19336 type=observe q_pred_context=0.645289 sequence=601.115279
[plan iscas99__b17] [plan] step=554 node=N19335 type=observe q_pred_context=0.710425 sequence=601.825704
[plan iscas99__b17] [plan] step=555 node=N8820 type=observe q_pred_context=0.852678 sequence=602.678382
[plan iscas99__b17] [plan] step=556 node=N12344 type=observe q_pred_context=0.738145 sequence=603.416527
[plan iscas99__b17] [plan] step=557 node=N19469 type=observe q_pred_context=0.814603 sequence=604.231130
[plan iscas99__b17] [plan] step=558 node=N12717 type=observe q_pred_context=0.922493 sequence=605.153623
[plan iscas99__b17] [plan] step=559 node=N19478 type=observe q_pred_context=0.484829 sequence=605.638452
[plan iscas99__b17] [plan] step=560 node=N19472 type=observe q_pred_context=0.549131 sequence=606.187584
[plan iscas99__b17] [plan] step=561 node=N12369 type=observe q_pred_context=0.449941 sequence=606.637524
[plan iscas99__b17] [plan] step=562 node=N19475 type=observe q_pred_context=0.582684 sequence=607.220208
[plan iscas99__b17] [plan] step=563 node=N12399 type=observe q_pred_context=0.446018 sequence=607.666227
[plan iscas99__b17] [plan] step=564 node=N12371 type=observe q_pred_context=0.750742 sequence=608.416969
[plan iscas99__b17] [plan] step=565 node=N19467 type=observe q_pred_context=0.832624 sequence=609.249592
[plan iscas99__b17] [plan] step=566 node=N12355 type=observe q_pred_context=0.705507 sequence=609.955099
[plan iscas99__b17] [plan] step=567 node=N19470 type=observe q_pred_context=0.868242 sequence=610.823341
[plan iscas99__b17] [plan] step=568 node=N19473 type=observe q_pred_context=0.951020 sequence=611.774361
[plan iscas99__b17] [plan] step=569 node=N12403 type=observe q_pred_context=0.753662 sequence=612.528022
[plan iscas99__b17] [plan] step=570 node=N12387 type=observe q_pred_context=0.717267 sequence=613.245289
[plan iscas99__b17] [plan] step=571 node=N19466 type=observe q_pred_context=0.954620 sequence=614.199909
[plan iscas99__b17] [plan] step=572 node=N12208 type=observe q_pred_context=0.668469 sequence=614.868378
[plan iscas99__b17] [plan] step=573 node=N19460 type=observe q_pred_context=0.960015 sequence=615.828393
[plan iscas99__b17] [plan] step=574 node=N12424 type=observe q_pred_context=0.688117 sequence=616.516511
[plan iscas99__b17] [plan] step=575 node=N19463 type=observe q_pred_context=0.961548 sequence=617.478059
[plan iscas99__b17] [plan] step=576 node=N12392 type=observe q_pred_context=0.687489 sequence=618.165548
[plan iscas99__b17] [plan] step=577 node=N19461 type=observe q_pred_context=0.980673 sequence=619.146221
[plan iscas99__b17] [plan] step=578 node=N12447 type=observe q_pred_context=0.694770 sequence=619.840991
[plan iscas99__b17] [plan] step=579 node=N19465 type=observe q_pred_context=0.931912 sequence=620.772904
[plan iscas99__b17] [plan] step=580 node=N12451 type=observe q_pred_context=0.702333 sequence=621.475236
[plan iscas99__b17] [plan] step=581 node=N12433 type=observe q_pred_context=0.622451 sequence=622.097687
[plan iscas99__b17] [plan] step=582 node=N19458 type=observe q_pred_context=0.876838 sequence=622.974525
[plan iscas99__b17] [plan] step=583 node=N19457 type=observe q_pred_context=0.925258 sequence=623.899783
[plan iscas99__b17] [plan] step=584 node=N12385 type=observe q_pred_context=0.720480 sequence=624.620263
[plan iscas99__b17] [plan] step=585 node=N12417 type=observe q_pred_context=0.626429 sequence=625.246692
[plan iscas99__b17] [plan] step=586 node=N19454 type=observe q_pred_context=0.942183 sequence=626.188875
[plan iscas99__b17] [plan] step=587 node=N12465 type=observe q_pred_context=0.624504 sequence=626.813378
[plan iscas99__b17] [plan] step=588 node=N19456 type=observe q_pred_context=0.949288 sequence=627.762666
[plan iscas99__b17] [plan] step=589 node=N12463 type=observe q_pred_context=0.633978 sequence=628.396644
[plan iscas99__b17] [plan] step=590 node=N19452 type=observe q_pred_context=0.955374 sequence=629.352018
[plan iscas99__b17] [plan] step=591 node=N19451 type=observe q_pred_context=0.921310 sequence=630.273328
[plan iscas99__b17] [plan] step=592 node=N12401 type=observe q_pred_context=0.701389 sequence=630.974717
[plan iscas99__b17] [plan] step=593 node=N19448 type=observe q_pred_context=0.934330 sequence=631.909047
[plan iscas99__b17] [plan] step=594 node=N12659 type=observe q_pred_context=0.681054 sequence=632.590101
[plan iscas99__b17] [plan] step=595 node=N19441 type=observe q_pred_context=0.657018 sequence=633.247119
[plan iscas99__b17] [plan] step=596 node=N19447 type=observe q_pred_context=0.864961 sequence=634.112080
[plan iscas99__b17] [plan] step=597 node=N12508 type=observe q_pred_context=0.773730 sequence=634.885809
[plan iscas99__b17] [plan] step=598 node=N2256 type=observe q_pred_context=0.708712 sequence=635.594522
[plan iscas99__b17] [plan] step=599 node=N12504 type=observe q_pred_context=0.792658 sequence=636.387180
[plan iscas99__b17] [plan] step=600 node=N29386 type=observe q_pred_context=0.708527 sequence=637.095707
[plan iscas99__b17] [plan] step=601 node=N19338 type=observe q_pred_context=1.192546 sequence=638.288253
[plan iscas99__b17] [plan] step=602 node=N12524 type=observe q_pred_context=0.760808 sequence=639.049060
[plan iscas99__b17] [plan] step=603 node=N19340 type=observe q_pred_context=1.131424 sequence=640.180484
[plan iscas99__b17] [plan] step=604 node=N12528 type=observe q_pred_context=0.750861 sequence=640.931346
[plan iscas99__b17] [plan] step=605 node=N19339 type=observe q_pred_context=0.675558 sequence=641.606904
[plan iscas99__b17] [plan] step=606 node=N12562 type=observe q_pred_context=0.771668 sequence=642.378572
[plan iscas99__b17] [plan] step=607 node=N19337 type=observe q_pred_context=0.677845 sequence=643.056417
[plan iscas99__b17] [plan] step=608 node=N12587 type=observe q_pred_context=0.794265 sequence=643.850682
[plan iscas99__b17] [plan] step=609 node=N12519 type=observe q_pred_context=0.935709 sequence=644.786392
[plan iscas99__b17] [plan] step=610 node=N19279 type=observe q_pred_context=1.949636 sequence=646.736028
[plan iscas99__b17] [plan] step=611 node=N12751 type=observe q_pred_context=0.841475 sequence=647.577503
[plan iscas99__b17] [plan] step=612 node=N19440 type=observe q_pred_context=0.759843 sequence=648.337346
[plan iscas99__b17] [plan] step=613 node=N12553 type=observe q_pred_context=0.665729 sequence=649.003075
[plan iscas99__b17] [plan] step=614 node=N19436 type=observe q_pred_context=0.879107 sequence=649.882183
[plan iscas99__b17] [plan] step=615 node=N19439 type=observe q_pred_context=0.827660 sequence=650.709843
[plan iscas99__b17] [plan] step=616 node=N19443 type=observe q_pred_context=0.540003 sequence=651.249846
[plan iscas99__b17] [plan] step=617 node=N19449 type=observe q_pred_context=0.542401 sequence=651.792248
[plan iscas99__b17] [plan] step=618 node=N19446 type=observe q_pred_context=0.542852 sequence=652.335099
[plan iscas99__b17] [plan] step=619 node=N25244 type=observe q_pred_context=0.546829 sequence=652.881928
[plan iscas99__b17] [plan] step=620 node=N12611 type=observe q_pred_context=0.476597 sequence=653.358525
[plan iscas99__b17] [plan] step=621 node=N19442 type=observe q_pred_context=0.531215 sequence=653.889740
[plan iscas99__b17] [plan] step=622 node=N12328 type=observe q_pred_context=0.485539 sequence=654.375279
[plan iscas99__b17] [plan] step=623 node=N12607 type=observe q_pred_context=0.628144 sequence=655.003424
[plan iscas99__b17] [plan] step=624 node=N12325 type=observe q_pred_context=0.709023 sequence=655.712447
[plan iscas99__b17] [plan] step=625 node=N12568 type=observe q_pred_context=0.641847 sequence=656.354294
[plan iscas99__b17] [plan] step=626 node=N12570 type=observe q_pred_context=0.695029 sequence=657.049323
[plan iscas99__b17] [plan] step=627 node=N12604 type=observe q_pred_context=0.706891 sequence=657.756215
[plan iscas99__b17] [plan] step=628 node=N19837 type=observe q_pred_context=1.030265 sequence=658.786480
[plan iscas99__b17] [plan] step=629 node=N2694 type=observe q_pred_context=0.704450 sequence=659.490930
[plan iscas99__b17] [plan] step=630 node=N2692 type=observe q_pred_context=0.728882 sequence=660.219812
[plan iscas99__b17] [plan] step=631 node=N19477 type=observe q_pred_context=0.549706 sequence=660.769519
[plan iscas99__b17] [plan] step=632 node=N19459 type=observe q_pred_context=0.930555 sequence=661.700074
[plan iscas99__b17] [plan] step=633 node=N19455 type=observe q_pred_context=0.817314 sequence=662.517388
[plan iscas99__b17] [plan] step=634 node=N19453 type=observe q_pred_context=0.831263 sequence=663.348652
[plan iscas99__b17] [plan] step=635 node=N8144 type=observe q_pred_context=1.229630 sequence=664.578281
[plan iscas99__b17] [plan] step=636 node=N12289 type=observe q_pred_context=0.743092 sequence=665.321374
[plan iscas99__b17] [plan] step=637 node=N12262 type=observe q_pred_context=0.745833 sequence=666.067207
[plan iscas99__b17] [plan] step=638 node=N12216 type=observe q_pred_context=0.754614 sequence=666.821821
[plan iscas99__b17] [plan] step=639 node=N12280 type=observe q_pred_context=0.771593 sequence=667.593415
[plan iscas99__b17] [plan] step=640 node=N12229 type=observe q_pred_context=0.782696 sequence=668.376110
[plan iscas99__b17] [plan] step=641 node=N19836 type=observe q_pred_context=0.792846 sequence=669.168956
[plan iscas99__b17] [plan] step=642 node=N12257 type=observe q_pred_context=0.801857 sequence=669.970813
[plan iscas99__b17] [plan] step=643 node=N12273 type=observe q_pred_context=0.811908 sequence=670.782721
[plan iscas99__b17] [plan] step=644 node=N12277 type=observe q_pred_context=0.820971 sequence=671.603692
[plan iscas99__b17] [plan] step=645 node=N12293 type=observe q_pred_context=0.829252 sequence=672.432944
[plan iscas99__b17] [plan] step=646 node=N19450 type=observe q_pred_context=0.877122 sequence=673.310065
[plan iscas99__b17] [plan] step=647 node=N12232 type=observe q_pred_context=0.800539 sequence=674.110604
[plan iscas99__b17] [plan] step=648 node=N12209 type=observe q_pred_context=0.830375 sequence=674.940979
[plan iscas99__b17] [plan] step=649 node=N3382 type=observe q_pred_context=0.717881 sequence=675.658861
[plan iscas99__b17] [plan] step=650 node=N12248 type=observe q_pred_context=0.917240 sequence=676.576101
[plan iscas99__b17] [plan] step=651 node=N3366 type=observe q_pred_context=0.720792 sequence=677.296893
[plan iscas99__b17] [plan] step=652 node=N12309 type=observe q_pred_context=1.047655 sequence=678.344548
[plan iscas99__b17] [plan] step=653 node=N3374 type=observe q_pred_context=0.688002 sequence=679.032549
[plan iscas99__b17] [plan] step=654 node=N12312 type=observe q_pred_context=1.171190 sequence=680.203739
[plan iscas99__b17] [plan] step=655 node=N3350 type=observe q_pred_context=0.655031 sequence=680.858770
[plan iscas99__b17] [plan] step=656 node=N3579 type=observe q_pred_context=0.583555 sequence=681.442325
[plan iscas99__b17] [plan] step=657 node=N3358 type=observe q_pred_context=0.481528 sequence=681.923854
[plan iscas99__b17] [plan] step=658 node=N3342 type=observe q_pred_context=0.436208 sequence=682.360061
[plan iscas99__b17] [plan] step=659 node=N12641 type=observe q_pred_context=1.593557 sequence=683.953618
[plan iscas99__b17] [plan] step=660 node=N12637 type=observe q_pred_context=1.719343 sequence=685.672961
[plan iscas99__b17] [plan] step=661 node=N3334 type=observe q_pred_context=0.941958 sequence=686.614919
[plan iscas99__b17] [plan] step=662 node=N12674 type=observe q_pred_context=1.765968 sequence=688.380887
[plan iscas99__b17] [plan] step=663 node=N3831 type=observe q_pred_context=0.934515 sequence=689.315402
[plan iscas99__b17] [plan] step=664 node=N12671 type=observe q_pred_context=1.760684 sequence=691.076086
[plan iscas99__b17] [plan] step=665 node=N19476 type=observe q_pred_context=0.829743 sequence=691.905829
[plan iscas99__b17] [plan] step=666 node=N12706 type=observe q_pred_context=2.686757 sequence=694.592586
[plan iscas99__b17] [plan] step=667 node=N19462 type=observe q_pred_context=0.483370 sequence=695.075956
[plan iscas99__b17] [plan] step=668 node=N12709 type=observe q_pred_context=2.893642 sequence=697.969598
[plan iscas99__b17] [plan] step=669 node=N8903 type=observe q_pred_context=4.709327 sequence=702.678925
[plan iscas99__b17] [plan] step=670 node=N12740 type=observe q_pred_context=3.067991 sequence=705.746917
[plan iscas99__b17] [plan] step=671 node=N12739 type=observe q_pred_context=3.860646 sequence=709.607562
[plan iscas99__b17] [plan] step=672 node=N3389 type=observe q_pred_context=2.582508 sequence=712.190070
[plan iscas99__b17] [plan] step=673 node=N3396 type=observe q_pred_context=0.873214 sequence=713.063284
[plan iscas99__b17] [plan] step=674 node=N3845 type=observe q_pred_context=0.662713 sequence=713.725998
[plan iscas99__b17] [plan] step=675 node=N3424 type=observe q_pred_context=0.777202 sequence=714.503199
[plan iscas99__b17] [plan] step=676 node=N13979 type=observe q_pred_context=0.601962 sequence=715.105161
[plan iscas99__b17] [plan] step=677 node=N3447 type=observe q_pred_context=0.585640 sequence=715.690801
[plan iscas99__b17] [plan] step=678 node=N3821 type=observe q_pred_context=0.449346 sequence=716.140147
[plan iscas99__b17] [plan] step=679 node=N3460 type=observe q_pred_context=0.346331 sequence=716.486478
[plan iscas99__b17] [plan] step=680 node=N3481 type=observe q_pred_context=0.617174 sequence=717.103651
[plan iscas99__b17] [plan] step=681 node=N3473 type=observe q_pred_context=0.695405 sequence=717.799056
[plan iscas99__b17] [plan] step=682 node=N3410 type=observe q_pred_context=0.732422 sequence=718.531478
[plan iscas99__b17] [plan] step=683 node=N3431 type=observe q_pred_context=0.777063 sequence=719.308542
[plan iscas99__b17] [plan] step=684 node=N9595 type=observe q_pred_context=1.247143 sequence=720.555685
[plan iscas99__b17] [plan] step=685 node=N3466 type=observe q_pred_context=0.511036 sequence=721.066720
[plan iscas99__b17] [plan] step=686 node=N3417 type=observe q_pred_context=0.661215 sequence=721.727935
[plan iscas99__b17] [plan] step=687 node=N9593 type=observe q_pred_context=1.197522 sequence=722.925457
[plan iscas99__b17] [plan] step=688 node=N3530 type=observe q_pred_context=0.589250 sequence=723.514707
[plan iscas99__b17] [plan] step=689 node=N3557 type=observe q_pred_context=0.641636 sequence=724.156343
[plan iscas99__b17] [plan] step=690 node=N27507 type=control0 q_pred_context=0.036326 sequence=724.192669
[plan iscas99__b17] [plan] step=691 node=N3539 type=observe q_pred_context=0.563654 sequence=724.756324
[plan iscas99__b17] [plan] step=692 node=N3453 type=observe q_pred_context=0.406288 sequence=725.162612
[plan iscas99__b17] [plan] step=693 node=N3510 type=observe q_pred_context=0.307064 sequence=725.469676
[plan iscas99__b17] [plan] step=694 node=N3566 type=observe q_pred_context=0.307055 sequence=725.776731
[plan iscas99__b17] [plan] step=695 node=N9599 type=observe q_pred_context=0.893159 sequence=726.669890
[plan iscas99__b17] [plan] step=696 node=N3403 type=observe q_pred_context=0.153743 sequence=726.823633
[plan iscas99__b17] [plan] step=697 node=N3500 type=observe q_pred_context=0.336354 sequence=727.159987
[plan iscas99__b17] [plan] step=698 node=N7925 type=observe q_pred_context=1.008327 sequence=728.168313
[plan iscas99__b17] [plan] step=699 node=N3490 type=observe q_pred_context=0.443846 sequence=728.612159
[plan iscas99__b17] [plan] step=700 node=N27250 type=observe q_pred_context=1.673347 sequence=730.285507
[plan iscas99__b17] [plan] step=701 node=N3520 type=observe q_pred_context=1.011127 sequence=731.296634
[plan iscas99__b17] [plan] step=702 node=N7939 type=observe q_pred_context=1.312805 sequence=732.609439
[plan iscas99__b17] [plan] step=703 node=N3548 type=observe q_pred_context=0.543194 sequence=733.152633
[plan iscas99__b17] [plan] step=704 node=N3439 type=observe q_pred_context=0.875557 sequence=734.028189
[plan iscas99__b17] [plan] step=705 node=N7940 type=observe q_pred_context=1.101438 sequence=735.129627
[plan iscas99__b17] [plan] step=706 node=N2856 type=observe q_pred_context=2.447365 sequence=737.576992
[plan iscas99__b17] [plan] step=707 node=N19471 type=observe q_pred_context=1.466344 sequence=739.043336
[plan iscas99__b17] [plan] step=708 node=N7924 type=observe q_pred_context=1.544803 sequence=740.588139
[plan iscas99__b17] [plan] step=709 node=N27284 type=observe q_pred_context=1.288592 sequence=741.876731
[plan iscas99__b17] [plan] step=710 node=N19464 type=observe q_pred_context=1.530015 sequence=743.406747
[plan iscas99__b17] [plan] step=711 node=N7945 type=observe q_pred_context=5.206599 sequence=748.613346
[plan iscas99__b17] [plan] step=712 node=N8121 type=observe q_pred_context=1.278984 sequence=749.892330
[plan iscas99__b17] [plan] step=713 node=N19474 type=observe q_pred_context=1.397948 sequence=751.290278
[plan iscas99__b17] [plan] step=714 node=N7927 type=observe q_pred_context=4.182967 sequence=755.473244
[plan iscas99__b17] [plan] step=715 node=N3284 type=observe q_pred_context=1.262517 sequence=756.735762
[plan iscas99__b17] [plan] step=716 node=N3327 type=observe q_pred_context=1.620515 sequence=758.356277
[plan iscas99__b17] [plan] step=717 node=N19468 type=observe q_pred_context=3.349536 sequence=761.705813
[plan iscas99__b17] [plan] step=718 node=N8122 type=observe q_pred_context=0.871270 sequence=762.577083
[plan iscas99__b17] [plan] step=719 node=N1988 type=observe q_pred_context=1.072513 sequence=763.649595
[plan iscas99__b17] [plan] step=720 node=N8133 type=observe q_pred_context=1.088952 sequence=764.738548
[plan iscas99__b17] [plan] step=721 node=N31240 type=control0 q_pred_context=0.710266 sequence=765.448814
[plan iscas99__b17] [plan] step=722 node=N29423 type=control0 q_pred_context=2.788481 sequence=768.237295
[plan iscas99__b17] [plan] step=723 node=N29422 type=control0 q_pred_context=5.791754 sequence=774.029049
[plan iscas99__b17] [plan] step=724 node=N29418 type=control0 q_pred_context=0.820243 sequence=774.849293
[plan iscas99__b17] [plan] step=725 node=N2146 type=control0 q_pred_context=2.330696 sequence=777.179989
[plan iscas99__b17] [plan] step=726 node=N31236 type=control0 q_pred_context=0.690176 sequence=777.870164
[plan iscas99__b17] [plan] step=727 node=N26798 type=control0 q_pred_context=5.449013 sequence=783.319178
[plan iscas99__b17] [plan] step=728 node=N31207 type=control0 q_pred_context=0.847838 sequence=784.167015
[plan iscas99__b17] [plan] step=729 node=N29458 type=control0 q_pred_context=2.406117 sequence=786.573132
[plan iscas99__b17] [plan] step=730 node=N16588 type=control1 q_pred_context=1.831017 sequence=788.404149
[plan iscas99__b17] [plan] step=731 node=N8128 type=observe q_pred_context=0.776277 sequence=789.180427
[plan iscas99__b17] [plan] step=732 node=N8132 type=observe q_pred_context=0.762188 sequence=789.942614
[plan iscas99__b17] [plan] step=733 node=N8125 type=observe q_pred_context=0.803375 sequence=790.745990
[plan iscas99__b17] [plan] step=734 node=N3936 type=observe q_pred_context=1.221919 sequence=791.967908
[plan iscas99__b17] [plan] step=735 node=N8142 type=observe q_pred_context=1.000826 sequence=792.968735
[plan iscas99__b17] [plan] step=736 node=N8129 type=observe q_pred_context=2.152065 sequence=795.120800
[plan iscas99__b17] [plan] step=737 node=N8131 type=observe q_pred_context=2.895077 sequence=798.015877
[plan iscas99__b17] [plan] step=738 node=N8136 type=observe q_pred_context=2.828401 sequence=800.844278
[plan iscas99__b17] [plan] step=739 node=N8139 type=observe q_pred_context=1.268735 sequence=802.113013
[plan iscas99__b17] [plan] step=740 node=N8138 type=observe q_pred_context=6.616012 sequence=808.729026
[plan iscas99__b17] [plan] step=741 node=N8140 type=observe q_pred_context=4.814966 sequence=813.543991
[plan iscas99__b17] [plan] step=742 node=N8123 type=observe q_pred_context=3.067445 sequence=816.611436
[plan iscas99__b17] [plan] step=743 node=N7944 type=observe q_pred_context=1.476665 sequence=818.088101
[plan iscas99__b17] [plan] step=744 node=N8126 type=observe q_pred_context=1.767777 sequence=819.855879
[plan iscas99__b17] [plan] step=745 node=N8134 type=observe q_pred_context=1.780988 sequence=821.636867
[plan iscas99__b17] [plan] step=746 node=N8143 type=observe q_pred_context=1.756785 sequence=823.393652
[plan iscas99__b17] [plan] step=747 node=N29681 type=control0 q_pred_context=0.645469 sequence=824.039121
[plan iscas99__b17] [plan] step=748 node=N8141 type=observe q_pred_context=0.690194 sequence=824.729315
[plan iscas99__b17] [plan] step=749 node=N7932 type=observe q_pred_context=1.576826 sequence=826.306142
[plan iscas99__b17] [plan] step=750 node=N7933 type=observe q_pred_context=1.260156 sequence=827.566298
[plan iscas99__b17] [plan] step=751 node=N19372 type=observe q_pred_context=1.284565 sequence=828.850863
[plan iscas99__b17] [plan] step=752 node=N8137 type=observe q_pred_context=0.844210 sequence=829.695073
[plan iscas99__b17] [plan] step=753 node=N19426 type=observe q_pred_context=1.348642 sequence=831.043715
[plan iscas99__b17] [plan] step=754 node=N31219 type=control0 q_pred_context=0.607068 sequence=831.650783
[plan iscas99__b17] [plan] step=755 node=N8130 type=observe q_pred_context=0.927838 sequence=832.578621
[plan iscas99__b17] [plan] step=756 node=N19430 type=observe q_pred_context=1.281021 sequence=833.859642
[plan iscas99__b17] [plan] step=757 node=N19392 type=observe q_pred_context=1.903737 sequence=835.763379
[plan iscas99__b17] [plan] step=758 node=N12633 type=observe q_pred_context=1.754265 sequence=837.517644
[plan iscas99__b17] [plan] step=759 node=N19408 type=observe q_pred_context=1.255992 sequence=838.773637
[plan iscas99__b17] [plan] step=760 node=N19396 type=observe q_pred_context=1.229269 sequence=840.002905
[plan iscas99__b17] [plan] step=761 node=N19422 type=observe q_pred_context=1.240697 sequence=841.243603
[plan iscas99__b17] [plan] step=762 node=N8124 type=observe q_pred_context=0.875849 sequence=842.119452
[plan iscas99__b17] [plan] step=763 node=N19404 type=observe q_pred_context=1.391692 sequence=843.511144
[plan iscas99__b17] [plan] step=764 node=N26644 type=control0 q_pred_context=0.589538 sequence=844.100682
[plan iscas99__b17] [plan] step=765 node=N8135 type=observe q_pred_context=0.723965 sequence=844.824647
[plan iscas99__b17] [plan] step=766 node=N19414 type=observe q_pred_context=1.270657 sequence=846.095304
[plan iscas99__b17] [plan] step=767 node=N19418 type=observe q_pred_context=1.173256 sequence=847.268561
[plan iscas99__b17] [plan] step=768 node=N9591 type=observe q_pred_context=0.677523 sequence=847.946084
[plan iscas99__b17] [plan] step=769 node=N31221 type=control0 q_pred_context=0.607078 sequence=848.553162
[plan iscas99__b17] [plan] step=770 node=N26646 type=control0 q_pred_context=0.607155 sequence=849.160316
[plan iscas99__b17] [plan] step=771 node=N9605 type=observe q_pred_context=0.783630 sequence=849.943946
[plan iscas99__b17] [plan] step=772 node=N19400 type=observe q_pred_context=1.308032 sequence=851.251979
[plan iscas99__b17] [plan] step=773 node=N31248 type=control0 q_pred_context=0.607075 sequence=851.859053
[plan iscas99__b17] [plan] step=774 node=N31225 type=control0 q_pred_context=0.607068 sequence=852.466121
[plan iscas99__b17] [plan] step=775 node=N9631 type=observe q_pred_context=1.048854 sequence=853.514975
[plan iscas99__b17] [plan] step=776 node=N26652 type=control0 q_pred_context=0.693799 sequence=854.208773
[plan iscas99__b17] [plan] step=777 node=N31223 type=control0 q_pred_context=0.607057 sequence=854.815830
[plan iscas99__b17] [plan] step=778 node=N31209 type=control0 q_pred_context=0.607068 sequence=855.422898
[plan iscas99__b17] [plan] step=779 node=N31203 type=control0 q_pred_context=0.607060 sequence=856.029958
[plan iscas99__b17] [plan] step=780 node=N31238 type=control0 q_pred_context=0.607077 sequence=856.637035
[plan iscas99__b17] [plan] step=781 node=N31217 type=control0 q_pred_context=0.607078 sequence=857.244113
[plan iscas99__b17] [plan] step=782 node=N9661 type=observe q_pred_context=0.647584 sequence=857.891698
[plan iscas99__b17] [plan] step=783 node=N12531 type=observe q_pred_context=1.247016 sequence=859.138713
[plan iscas99__b17] [plan] step=784 node=N7992 type=observe q_pred_context=0.865510 sequence=860.004223
[plan iscas99__b17] [plan] step=785 node=N12565 type=observe q_pred_context=2.822226 sequence=862.826449
[plan iscas99__b17] [plan] step=786 node=N9655 type=observe q_pred_context=0.700283 sequence=863.526732
[plan iscas99__b17] [plan] step=787 node=N25714 type=observe q_pred_context=0.723010 sequence=864.249743
[plan iscas99__b17] [plan] step=788 node=N25715 type=observe q_pred_context=1.006147 sequence=865.255890
[plan iscas99__b17] [plan] step=789 node=N3577 type=observe q_pred_context=0.637356 sequence=865.893245
[plan iscas99__b17] [plan] step=790 node=N9628 type=observe q_pred_context=0.631225 sequence=866.524471
[plan iscas99__b17] [plan] step=791 node=N26643 type=control0 q_pred_context=0.155138 sequence=866.679609
[plan iscas99__b17] [plan] step=792 node=N28045 type=observe q_pred_context=0.582889 sequence=867.262498
[plan iscas99__b17] [plan] step=793 node=N28041 type=observe q_pred_context=0.484074 sequence=867.746572
[plan iscas99__b17] [plan] step=794 node=N25240 type=observe q_pred_context=0.499389 sequence=868.245961
[plan iscas99__b17] [plan] step=795 node=N9417 type=observe q_pred_context=0.350436 sequence=868.596397
[plan iscas99__b17] [plan] step=796 node=N26464 type=observe q_pred_context=0.826010 sequence=869.422407
[plan iscas99__b17] [plan] step=797 node=N28050 type=observe q_pred_context=0.353838 sequence=869.776245
[plan iscas99__b17] [plan] step=798 node=N18341 type=observe q_pred_context=1.794969 sequence=871.571214
[plan iscas99__b17] [plan] step=799 node=N3437 type=observe q_pred_context=0.343568 sequence=871.914782
[plan iscas99__b17] [plan] step=800 node=N19225 type=observe q_pred_context=0.688996 sequence=872.603778
[plan iscas99__b17] [plan] step=801 node=N19215 type=observe q_pred_context=0.792198 sequence=873.395976
[plan iscas99__b17] [plan] step=802 node=N5882 type=observe q_pred_context=1.005266 sequence=874.401241
[plan iscas99__b17] [plan] step=803 node=N5858 type=observe q_pred_context=1.191901 sequence=875.593143
[plan iscas99__b17] [plan] step=804 node=N5906 type=observe q_pred_context=1.204555 sequence=876.797698
[plan iscas99__b17] [plan] step=805 node=N6002 type=observe q_pred_context=1.197785 sequence=877.995483
[plan iscas99__b17] [plan] step=806 node=N5978 type=observe q_pred_context=1.169069 sequence=879.164551
[plan iscas99__b17] [plan] step=807 node=N5954 type=observe q_pred_context=1.140836 sequence=880.305387
[plan iscas99__b17] [plan] step=808 node=N5930 type=observe q_pred_context=1.124601 sequence=881.429988
[plan iscas99__b17] [plan] step=809 node=N19857 type=observe q_pred_context=0.781770 sequence=882.211758
[plan iscas99__b17] [plan] step=810 node=N3429 type=observe q_pred_context=0.646501 sequence=882.858260
[plan iscas99__b17] [plan] step=811 node=N3338 type=observe q_pred_context=0.625331 sequence=883.483590
[plan iscas99__b17] [plan] step=812 node=N28052 type=observe q_pred_context=0.573315 sequence=884.056905
[plan iscas99__b17] [plan] step=813 node=N2938 type=observe q_pred_context=1.312758 sequence=885.369664
[plan iscas99__b17] [plan] step=814 node=N2992 type=observe q_pred_context=0.620860 sequence=885.990523
[plan iscas99__b17] [plan] step=815 node=N2937 type=observe q_pred_context=0.905016 sequence=886.895540
[plan iscas99__b17] [plan] step=816 node=N3726 type=observe q_pred_context=0.607674 sequence=887.503214
[plan iscas99__b17] [plan] step=817 node=N22057 type=observe q_pred_context=0.600032 sequence=888.103246
[plan iscas99__b17] [plan] step=818 node=N3690 type=observe q_pred_context=0.591963 sequence=888.695209
[plan iscas99__b17] [plan] step=819 node=N2921 type=observe q_pred_context=0.580021 sequence=889.275230
[plan iscas99__b17] [plan] step=820 node=N14893 type=observe q_pred_context=0.581627 sequence=889.856857
[plan iscas99__b17] [plan] step=821 node=N3717 type=observe q_pred_context=0.589729 sequence=890.446586
[plan iscas99__b17] [plan] step=822 node=N19854 type=observe q_pred_context=1.099297 sequence=891.545883
[plan iscas99__b17] [plan] step=823 node=N3893 type=observe q_pred_context=0.622852 sequence=892.168735
[plan iscas99__b17] [plan] step=824 node=N8002 type=observe q_pred_context=0.624808 sequence=892.793542
[plan iscas99__b17] [plan] step=825 node=N9509 type=observe q_pred_context=1.002216 sequence=893.795758
[plan iscas99__b17] [plan] step=826 node=N8953 type=observe q_pred_context=1.744797 sequence=895.540555
[plan iscas99__b17] [plan] step=827 node=N28040 type=observe q_pred_context=1.699061 sequence=897.239616
[plan iscas99__b17] [plan] step=828 node=N9712 type=observe q_pred_context=1.055212 sequence=898.294827
[plan iscas99__b17] [plan] step=829 node=N14147 type=observe q_pred_context=1.017513 sequence=899.312341
[plan iscas99__b17] [plan] step=830 node=N29501 type=observe q_pred_context=2.260633 sequence=901.572974
[plan iscas99__b17] [plan] step=831 node=N28048 type=observe q_pred_context=1.360976 sequence=902.933950
[plan iscas99__b17] [plan] step=832 node=N14146 type=observe q_pred_context=1.037006 sequence=903.970957
[plan iscas99__b17] [plan] step=833 node=N28055 type=observe q_pred_context=1.102683 sequence=905.073639
[plan iscas99__b17] [plan] step=834 node=N14148 type=observe q_pred_context=1.059761 sequence=906.133400
[plan iscas99__b17] [plan] step=835 node=N14145 type=observe q_pred_context=1.010072 sequence=907.143473
[plan iscas99__b17] [plan] step=836 node=N14136 type=observe q_pred_context=1.032993 sequence=908.176466
[plan iscas99__b17] [plan] step=837 node=N14152 type=observe q_pred_context=1.106371 sequence=909.282837
[plan iscas99__b17] [plan] step=838 node=N15404 type=observe q_pred_context=1.033845 sequence=910.316682
[plan iscas99__b17] [plan] step=839 node=N28034 type=observe q_pred_context=0.757207 sequence=911.073889
[plan iscas99__b17] [plan] step=840 node=N28054 type=observe q_pred_context=0.651716 sequence=911.725605
[plan iscas99__b17] [plan] step=841 node=N14149 type=observe q_pred_context=1.210014 sequence=912.935619
[plan iscas99__b17] [plan] step=842 node=N28043 type=observe q_pred_context=0.639026 sequence=913.574644
[plan iscas99__b17] [plan] step=843 node=N3783 type=observe q_pred_context=0.617722 sequence=914.192366
[plan iscas99__b17] [plan] step=844 node=N12582 type=observe q_pred_context=0.771805 sequence=914.964171
[plan iscas99__b17] [plan] step=845 node=N12701 type=observe q_pred_context=1.235204 sequence=916.199375
[plan iscas99__b17] [plan] step=846 node=N14140 type=observe q_pred_context=0.631259 sequence=916.830634
[plan iscas99__b17] [plan] step=847 node=N2249 type=observe q_pred_context=0.837561 sequence=917.668195
[plan iscas99__b17] [plan] step=848 node=N14141 type=observe q_pred_context=0.615551 sequence=918.283747
[plan iscas99__b17] [plan] step=849 node=N14137 type=observe q_pred_context=0.602452 sequence=918.886199
[plan iscas99__b17] [plan] step=850 node=N22049 type=observe q_pred_context=0.790382 sequence=919.676581
[plan iscas99__b17] [plan] step=851 node=N14143 type=observe q_pred_context=0.890227 sequence=920.566809
[plan iscas99__b17] [plan] step=852 node=N2245 type=observe q_pred_context=0.755217 sequence=921.322025
[plan iscas99__b17] [plan] step=853 node=N24576 type=observe q_pred_context=1.641053 sequence=922.963078
[plan iscas99__b17] [plan] step=854 node=N9431 type=observe q_pred_context=0.821930 sequence=923.785008
[plan iscas99__b17] [plan] step=855 node=N9434 type=observe q_pred_context=0.799089 sequence=924.584097
[plan iscas99__b17] [plan] step=856 node=N19865 type=observe q_pred_context=1.190502 sequence=925.774599
[plan iscas99__b17] [plan] step=857 node=N26453 type=observe q_pred_context=1.251250 sequence=927.025850
[plan iscas99__b17] [plan] step=858 node=N14138 type=observe q_pred_context=0.650438 sequence=927.676287
[plan iscas99__b17] [plan] step=859 node=N3292 type=observe q_pred_context=1.395929 sequence=929.072216
[plan iscas99__b17] [plan] step=860 node=N28047 type=observe q_pred_context=1.985519 sequence=931.057735
[plan iscas99__b17] [plan] step=861 node=N28032 type=observe q_pred_context=1.172543 sequence=932.230277
[plan iscas99__b17] [plan] step=862 node=N14139 type=observe q_pred_context=5.151183 sequence=937.381460
[plan iscas99__b17] [plan] step=863 node=N14142 type=observe q_pred_context=4.170860 sequence=941.552320
[plan iscas99__b17] [plan] step=864 node=N28036 type=observe q_pred_context=0.843062 sequence=942.395382
[plan iscas99__b17] [plan] step=865 node=N28038 type=observe q_pred_context=0.939324 sequence=943.334706
[plan iscas99__b17] [plan] step=866 node=N29364 type=observe q_pred_context=2.014730 sequence=945.349436
[plan iscas99__b17] [plan] step=867 node=N15501 type=observe q_pred_context=0.794075 sequence=946.143511
[plan iscas99__b17] [plan] step=868 node=N3683 type=observe q_pred_context=1.039240 sequence=947.182751
[plan iscas99__b17] [plan] step=869 node=N8127 type=observe q_pred_context=0.473794 sequence=947.656545
[plan iscas99__b17] [plan] step=870 node=N25735 type=observe q_pred_context=2.557101 sequence=950.213646
[plan iscas99__b17] [plan] step=871 node=N19227 type=observe q_pred_context=1.150597 sequence=951.364243
[plan iscas99__b17] [plan] step=872 node=N19217 type=observe q_pred_context=1.094343 sequence=952.458586
[plan iscas99__b17] [plan] step=873 node=N7998 type=observe q_pred_context=1.235632 sequence=953.694218
[plan iscas99__b17] [plan] step=874 node=N8003 type=observe q_pred_context=0.766601 sequence=954.460818
[plan iscas99__b17] [plan] step=875 node=N19870 type=observe q_pred_context=1.581033 sequence=956.041851
[plan iscas99__b17] [plan] step=876 node=N8001 type=observe q_pred_context=1.077668 sequence=957.119519
[plan iscas99__b17] [plan] step=877 node=N2696 type=observe q_pred_context=0.993580 sequence=958.113099
[plan iscas99__b17] [plan] step=878 node=N7991 type=observe q_pred_context=0.760762 sequence=958.873860
[plan iscas99__b17] [plan] step=879 node=N25721 type=observe q_pred_context=1.626089 sequence=960.499949
[plan iscas99__b17] [plan] step=880 node=N3764 type=observe q_pred_context=2.160745 sequence=962.660694
[plan iscas99__b17] [plan] step=881 node=N6026 type=observe q_pred_context=5.203412 sequence=967.864107
[plan iscas99__b17] [plan] step=882 node=N3771 type=observe q_pred_context=2.409133 sequence=970.273240
[plan iscas99__b17] [plan] step=883 node=N3887 type=observe q_pred_context=1.741927 sequence=972.015167
[plan iscas99__b17] [plan] step=884 node=N13639 type=observe q_pred_context=1.208628 sequence=973.223795
[plan iscas99__b17] [plan] step=885 node=N19843 type=observe q_pred_context=1.999995 sequence=975.223790
[plan iscas99__b17] [plan] step=886 node=N9502 type=observe q_pred_context=1.905549 sequence=977.129339
[plan iscas99__b17] [plan] step=887 node=N7994 type=observe q_pred_context=1.476322 sequence=978.605661
[plan iscas99__b17] [plan] step=888 node=N13907 type=control1 q_pred_context=1.414692 sequence=980.020353
[plan iscas99__b17] [plan] step=889 node=N26641 type=control0 q_pred_context=0.757584 sequence=980.777937
[plan iscas99__b17] [plan] step=890 node=N26648 type=control0 q_pred_context=0.892037 sequence=981.669974
[plan iscas99__b17] [plan] step=891 node=N27593 type=control0 q_pred_context=2.632292 sequence=984.302267
[plan iscas99__b17] [plan] step=892 node=N30920 type=control0 q_pred_context=2.482391 sequence=986.784658
[plan iscas99__b17] [plan] step=893 node=N29124 type=control0 q_pred_context=1.957161 sequence=988.741819
[plan iscas99__b17] [plan] step=894 node=N29040 type=control0 q_pred_context=3.154609 sequence=991.896428
[plan iscas99__b17] [plan] step=895 node=N31215 type=control0 q_pred_context=0.921802 sequence=992.818231
[plan iscas99__b17] [plan] step=896 node=N31053 type=control0 q_pred_context=1.401863 sequence=994.220094
[plan iscas99__b17] [plan] step=897 node=N29527 type=control0 q_pred_context=1.499477 sequence=995.719571
[plan iscas99__b17] [plan] step=898 node=N26800 type=control0 q_pred_context=5.462711 sequence=1001.182282
[plan iscas99__b17] [plan] step=899 node=N27595 type=control0 q_pred_context=5.208390 sequence=1006.390672
[plan iscas99__b17] [plan] step=900 node=N28915 type=control0 q_pred_context=1.527115 sequence=1007.917787
[plan iscas99__b17] [plan] step=901 node=N15507 type=observe q_pred_context=0.688004 sequence=1008.605792
[plan iscas99__b17] [plan] step=902 node=N3775 type=observe q_pred_context=0.998171 sequence=1009.603962
[plan iscas99__b17] [plan] step=903 node=N7997 type=observe q_pred_context=1.555645 sequence=1011.159607
[plan iscas99__b17] [plan] step=904 node=N15564 type=observe q_pred_context=0.551024 sequence=1011.710631
[plan iscas99__b17] [plan] step=905 node=N3906 type=observe q_pred_context=2.651873 sequence=1014.362504
[plan iscas99__b17] [plan] step=906 node=N3817 type=observe q_pred_context=0.866556 sequence=1015.229060
[plan iscas99__b17] [plan] step=907 node=N3854 type=observe q_pred_context=2.001534 sequence=1017.230594
[plan iscas99__b17] [plan] step=908 node=N12616 type=observe q_pred_context=1.743064 sequence=1018.973658
[plan iscas99__b17] [plan] step=909 node=N25732 type=observe q_pred_context=2.969727 sequence=1021.943386
[plan iscas99__b17] [plan] step=910 node=N13921 type=control1 q_pred_context=0.762090 sequence=1022.705476
[plan iscas99__b17] [plan] step=911 node=N1990 type=control1 q_pred_context=5.319226 sequence=1028.024701
[plan iscas99__b17] [plan] step=912 node=N29683 type=control0 q_pred_context=0.738348 sequence=1028.763049
[plan iscas99__b17] [plan] step=913 node=N26684 type=control0 q_pred_context=3.790902 sequence=1032.553951
[plan iscas99__b17] [plan] step=914 node=N31250 type=control0 q_pred_context=0.832639 sequence=1033.386589
[plan iscas99__b17] [plan] step=915 node=N31234 type=control0 q_pred_context=0.611055 sequence=1033.997644
[plan iscas99__b17] [plan] step=916 node=N31213 type=control0 q_pred_context=0.631295 sequence=1034.628939
[plan iscas99__b17] [plan] step=917 node=N15477 type=observe q_pred_context=0.841088 sequence=1035.470028
[plan iscas99__b17] [plan] step=918 node=N3776 type=observe q_pred_context=1.650904 sequence=1037.120931
[plan iscas99__b17] [plan] step=919 node=N14169 type=observe q_pred_context=1.705353 sequence=1038.826284
[plan iscas99__b17] [plan] step=920 node=N25232 type=observe q_pred_context=5.251101 sequence=1044.077386
[plan iscas99__b17] [plan] step=921 node=N2082 type=control1 q_pred_context=1.788362 sequence=1045.865748
[plan iscas99__b17] [plan] step=922 node=N13788 type=control1 q_pred_context=2.385337 sequence=1048.251085
[plan iscas99__b17] [plan] step=923 node=N2023 type=control1 q_pred_context=2.001253 sequence=1050.252338
[plan iscas99__b17] [plan] step=924 node=N31211 type=control0 q_pred_context=0.607088 sequence=1050.859426
[plan iscas99__b17] [plan] step=925 node=N16818 type=control1 q_pred_context=1.505050 sequence=1052.364476
[plan iscas99__b17] [plan] step=926 node=N29457 type=control0 q_pred_context=1.259435 sequence=1053.623911
[plan iscas99__b17] [plan] step=927 node=N1989 type=control1 q_pred_context=3.229285 sequence=1056.853196
[plan iscas99__b17] [plan] step=928 node=N14880 type=control1 q_pred_context=2.676704 sequence=1059.529901
[plan iscas99__b17] [plan] step=929 node=N28847 type=control0 q_pred_context=4.491351 sequence=1064.021252
[plan iscas99__b17] [plan] step=930 node=N26691 type=control0 q_pred_context=4.917612 sequence=1068.938864
[plan iscas99__b17] [plan] step=931 node=N5124 type=control0 q_pred_context=3.287397 sequence=1072.226261
[plan iscas99__b17] [plan] step=932 node=N22388 type=control0 q_pred_context=1.524267 sequence=1073.750528
[plan iscas99__b17] [plan] step=933 node=N22385 type=control0 q_pred_context=0.794508 sequence=1074.545037
[plan iscas99__b17] [plan] step=934 node=N22392 type=control0 q_pred_context=1.758713 sequence=1076.303750
[plan iscas99__b17] [plan] step=935 node=N22477 type=control0 q_pred_context=0.927162 sequence=1077.230913
[plan iscas99__b17] [plan] step=936 node=N27599 type=control0 q_pred_context=2.729690 sequence=1079.960603
[plan iscas99__b17] [plan] step=937 node=N26261 type=control0 q_pred_context=5.398674 sequence=1085.359277
[plan iscas99__b17] [plan] step=938 node=N29685 type=control0 q_pred_context=0.813927 sequence=1086.173204
[plan iscas99__b17] [plan] step=939 node=N15510 type=observe q_pred_context=0.733774 sequence=1086.906979
[plan iscas99__b17] [plan] step=940 node=N25748 type=observe q_pred_context=4.872476 sequence=1091.779454
[plan iscas99__b17] [plan] step=941 node=N15374 type=observe q_pred_context=1.512586 sequence=1093.292040
[plan iscas99__b17] [plan] step=942 node=N15515 type=observe q_pred_context=0.763414 sequence=1094.055454
[plan iscas99__b17] [plan] step=943 node=N19833 type=observe q_pred_context=2.202733 sequence=1096.258187
[plan iscas99__b17] [plan] step=944 node=N14174 type=observe q_pred_context=1.675147 sequence=1097.933334
[plan iscas99__b17] [plan] step=945 node=N7642 type=observe q_pred_context=3.749658 sequence=1101.682993
[plan iscas99__b17] [plan] step=946 node=N15369 type=observe q_pred_context=3.389906 sequence=1105.072898
[plan iscas99__b17] [plan] step=947 node=N25711 type=observe q_pred_context=3.233853 sequence=1108.306751
[plan iscas99__b17] [plan] step=948 node=N7640 type=observe q_pred_context=4.193092 sequence=1112.499842
[plan iscas99__b17] [plan] step=949 node=N3295 type=observe q_pred_context=4.959247 sequence=1117.459090
[plan iscas99__b17] [plan] step=950 node=N18906 type=control1 q_pred_context=0.880506 sequence=1118.339595
[plan iscas99__b17] [plan] step=951 node=N15494 type=observe q_pred_context=0.756067 sequence=1119.095663
[plan iscas99__b17] [plan] step=952 node=N9769 type=observe q_pred_context=2.871824 sequence=1121.967487
[plan iscas99__b17] [plan] step=953 node=N7644 type=observe q_pred_context=1.599209 sequence=1123.566696
[plan iscas99__b17] [plan] step=954 node=N14166 type=observe q_pred_context=4.607371 sequence=1128.174067
[plan iscas99__b17] [plan] step=955 node=N15518 type=observe q_pred_context=0.751280 sequence=1128.925346
[plan iscas99__b17] [plan] step=956 node=N7416 type=observe q_pred_context=1.607795 sequence=1130.533141
[plan iscas99__b17] [plan] step=957 node=N15535 type=observe q_pred_context=0.758453 sequence=1131.291595
[plan iscas99__b17] [plan] step=958 node=N14171 type=observe q_pred_context=1.787004 sequence=1133.078599
[plan iscas99__b17] [plan] step=959 node=N15539 type=observe q_pred_context=0.756806 sequence=1133.835404
[plan iscas99__b17] [plan] step=960 node=N29365 type=observe q_pred_context=1.461846 sequence=1135.297250
[plan iscas99__b17] [plan] step=961 node=N7286 type=observe q_pred_context=0.907394 sequence=1136.204644
[plan iscas99__b17] [plan] step=962 node=N12168 type=observe q_pred_context=1.449659 sequence=1137.654303
[plan iscas99__b17] [plan] step=963 node=N15577 type=observe q_pred_context=0.756044 sequence=1138.410347
[plan iscas99__b17] [plan] step=964 node=N7366 type=observe q_pred_context=0.779777 sequence=1139.190124
[plan iscas99__b17] [plan] step=965 node=N28046 type=observe q_pred_context=0.782211 sequence=1139.972335
[plan iscas99__b17] [plan] step=966 node=N3832 type=observe q_pred_context=0.733782 sequence=1140.706117
[plan iscas99__b17] [plan] step=967 node=N3829 type=observe q_pred_context=0.603785 sequence=1141.309903
[plan iscas99__b17] [plan] step=968 node=N22042 type=observe q_pred_context=0.897706 sequence=1142.207609
[plan iscas99__b17] [plan] step=969 node=N15551 type=observe q_pred_context=0.719456 sequence=1142.927065
[plan iscas99__b17] [plan] step=970 node=N15543 type=observe q_pred_context=0.981701 sequence=1143.908767
[plan iscas99__b17] [plan] step=971 node=N7196 type=observe q_pred_context=0.601100 sequence=1144.509867
[plan iscas99__b17] [plan] step=972 node=N15559 type=observe q_pred_context=0.655224 sequence=1145.165091
[plan iscas99__b17] [plan] step=973 node=N15555 type=observe q_pred_context=0.628617 sequence=1145.793708
[plan iscas99__b17] [plan] step=974 node=N2238 type=observe q_pred_context=0.671902 sequence=1146.465610
[plan iscas99__b17] [plan] step=975 node=N7350 type=observe q_pred_context=0.616972 sequence=1147.082582
[plan iscas99__b17] [plan] step=976 node=N3904 type=observe q_pred_context=0.625976 sequence=1147.708557
[plan iscas99__b17] [plan] step=977 node=N7318 type=observe q_pred_context=0.599386 sequence=1148.307943
[plan iscas99__b17] [plan] step=978 node=N7334 type=observe q_pred_context=0.589787 sequence=1148.897729
[plan iscas99__b17] [plan] step=979 node=N7398 type=observe q_pred_context=1.556283 sequence=1150.454012
[plan iscas99__b17] [plan] step=980 node=N19219 type=observe q_pred_context=0.935726 sequence=1151.389739
[plan iscas99__b17] [plan] step=981 node=N19229 type=observe q_pred_context=0.633350 sequence=1152.023089
[plan iscas99__b17] [plan] step=982 node=N18585 type=observe q_pred_context=0.642371 sequence=1152.665460
[plan iscas99__b17] [plan] step=983 node=N2239 type=observe q_pred_context=0.664277 sequence=1153.329737
[plan iscas99__b17] [plan] step=984 node=N2242 type=observe q_pred_context=0.650483 sequence=1153.980220
[plan iscas99__b17] [plan] step=985 node=N18571 type=observe q_pred_context=1.064376 sequence=1155.044596
[plan iscas99__b17] [plan] step=986 node=N18567 type=observe q_pred_context=1.256393 sequence=1156.300989
[plan iscas99__b17] [plan] step=987 node=N14168 type=observe q_pred_context=0.910836 sequence=1157.211824
[plan iscas99__b17] [plan] step=988 node=N9680 type=observe q_pred_context=0.638278 sequence=1157.850103
[plan iscas99__b17] [plan] step=989 node=N18552 type=observe q_pred_context=1.077153 sequence=1158.927255
[plan iscas99__b17] [plan] step=990 node=N18555 type=observe q_pred_context=1.185876 sequence=1160.113131
[plan iscas99__b17] [plan] step=991 node=N18535 type=observe q_pred_context=1.215007 sequence=1161.328139
[plan iscas99__b17] [plan] step=992 node=N2235 type=observe q_pred_context=0.709751 sequence=1162.037890
[plan iscas99__b17] [plan] step=993 node=N18539 type=observe q_pred_context=1.301104 sequence=1163.338994
[plan iscas99__b17] [plan] step=994 node=N18618 type=observe q_pred_context=1.297174 sequence=1164.636168
[plan iscas99__b17] saved=autoresearch/improve-260716-1344/round15_b17/context_cluster_c48_seed1024_depth6/plans/iscas99__b17__greedy__cumulative__q_pred_context__bw1__d1__c48__g1p0__candhard_fault_cluster__div0p0__s0.csv
[gmean] 2026-07-17T16:48:55 [1/1] plan_done benchmark=iscas99__b17 plan_sec=1554.052 plan_csv=autoresearch/improve-260716-1344/round15_b17/context_cluster_c48_seed1024_depth6/plans/iscas99__b17__greedy__cumulative__q_pred_context__bw1__d1__c48__g1p0__candhard_fault_cluster__div0p0__s0.csv
[gmean] 2026-07-17T16:48:55 [1/1] eval_start benchmark=iscas99__b17 backend=atalanta-bist patterns=300000
[eval iscas99__b17] {
[eval iscas99__b17]   "records": 2,
[eval iscas99__b17]   "labels_csv": "autoresearch/improve-260716-1344/round15_b17/context_cluster_c48_seed1024_depth6/evals/iscas99__b17__greedy__cumulative__q_pred_context__bw1__d1__c48__g1p0__candhard_fault_cluster__div0p0__s0/labels.csv",
[eval iscas99__b17]   "summary_json": "autoresearch/improve-260716-1344/round15_b17/context_cluster_c48_seed1024_depth6/evals/iscas99__b17__greedy__cumulative__q_pred_context__bw1__d1__c48__g1p0__candhard_fault_cluster__div0p0__s0/summary.json"
[eval iscas99__b17] }
[gmean] 2026-07-17T16:50:10 [1/1] eval_done benchmark=iscas99__b17 delta_tc=0.053690000000000015 plan_sec=1554.052 eval_sec=74.505 total_sec=1628.599
[gmean] 2026-07-17T16:50:10 variant_done id=greedy__cumulative__q_pred_context__bw1__d1__c48__g1p0__candhard_fault_cluster__div0p0__s0 status=ok macro=0.053690000000000015 positives=1 negatives=0 elapsed=1628.599
