step,node,type,q_pred,q_pred_context,q_pred_type_context,q_pred_lcb_context,q_pred_context_lcb,score_pred,reward_pred,reward_pred_context,reward_pred_type_context,fc_pred,pattern_pred,return_pred,guarded_reward,guarded_reward_context,hard_reduction_total_pred,hard_reduction_sa0_pred,hard_reduction_sa1_pred,derived_hard_count_pre_total_pred,derived_hard_count_pre_sa0_pred,derived_hard_count_pre_sa1_pred,derived_hard_count_post_total_pred,derived_hard_count_post_sa0_pred,derived_hard_count_post_sa1_pred,derived_hard_reduction_total_pred,derived_hard_reduction_sa0_pred,derived_hard_reduction_sa1_pred,derived_hard_reduction_hybrid_pred,hybrid_pred,hybrid_pred_context,bounded_residual_hybrid_pred,bounded_residual_hybrid_pred_context,consensus_pred_context,consensus_pred_type_context,step_value,sequence_score,lookahead_score,planner,score_adjusted,diversity_penalty,candidate_strategy
1,N672,control1,0.8940761685371399,4.081465186085552,2.9596928536891935,0.5868072316888719,2.652952370955609,0.8940761685371399,0.34921902418136597,3.534885742375627,2.461008697748184,0.00349219024181366,0.24387873709201813,0.04852467030286789,0.04852467030286789,0.8540521082561462,0.0640803873538971,0.14274245500564575,0.036023057997226715,29567.458984375,11984.048828125,17583.41015625,30345.32421875,12865.4140625,17479.91015625,-0.026308152824640274,-0.07354485988616943,0.005886230152100325,-2.6308152824640274,6.805782429873943,3.038040734305978,6.507474659010768,3.0879006395488977,3.4256287728901955,2.506564683008474,0.34921902418136597,0.34921902418136597,0.34921902418136597,greedy,0.34921902418136597,0.0,hard_fault_cluster
2,N2155,observe,1.3610984086990356,3.320243288576603,2.431632924079895,0.7937044571340083,2.1581581375747922,1.3610984086990356,0.42941737174987793,3.96681010723114,3.324335718154907,0.004294173717498779,0.2606303095817566,0.0430644229054451,0.0430644229054451,1.6855321690440177,0.07047202438116074,0.14647921919822693,0.04443466663360596,30347.3515625,12867.8525390625,17479.5,30850.458984375,13266.751953125,17583.70703125,-0.016578298062086105,-0.030999688431620598,-0.005961671005934477,-1.6578298062086105,7.519684232771397,4.161053927540779,7.165322886779904,3.809294231534004,3.0716745719313625,2.706181539595127,0.42941737174987793,0.7786363959312439,0.7786363959312439,greedy,0.42941737174987793,0.0,hard_fault_cluster
3,N502,control1,0.9655115008354187,4.084859985113144,4.564578127861022,0.5095105808973311,2.6551589903235437,0.9655115008354187,0.3598346710205078,3.830557250976563,4.389225482940674,0.003598346710205078,0.2712385952472687,0.035157449543476105,0.035157449543476105,-0.7536563098430634,0.061493780463933945,0.1303934007883072,0.03501853346824646,30845.208984375,13259.896484375,17585.3125,30949.056640625,13293.4296875,17655.626953125,-0.0033667352981865406,-0.002528918907046318,-0.003998476080596447,-0.33667352981865406,6.544370166957378,2.9622641801834106,6.2481260765343904,2.888620162010193,3.927865672111511,4.420664502754807,0.3598346710205078,1.1384710669517517,1.1384710669517517,greedy,0.3598346710205078,0.0,hard_fault_cluster
4,N2082,observe,0.6917146444320679,5.624134922027588,4.959457039833069,0.3711961793899536,3.6556876993179324,0.6917146444320679,0.3168398141860962,5.433975946903229,5.377877640724181,0.003168398141860962,0.27722251415252686,0.02389615960419178,0.02389615960419178,-4.4354955363273625,0.05861625820398331,0.12289099395275116,0.03144795447587967,30955.607421875,13300.2890625,17655.318359375,31224.873046875,13420.87109375,17804.001953125,-0.00869844388216734,-0.009066120721399784,-0.008421462029218674,-0.8698443882167339,6.202361794188619,5.664581236839295,5.946809813845903,5.620100769996643,5.9208281397819515,4.899629621431231,0.3168398141860962,1.455310881137848,1.455310881137848,greedy,0.3168398141860962,0.0,hard_fault_cluster
5,N893,control1,0.597143828868866,4.663121086359024,4.650743818283081,0.8410525149106981,3.031028706133366,0.597143828868866,0.281715989112854,5.9266177117824554,5.999999999999999,0.00281715989112854,0.28425663709640503,0.025428729131817818,0.025428729131817818,-2.31774765253067,0.05354291945695877,0.11858487129211426,0.027042217552661896,31223.50390625,13420.42578125,17803.078125,31056.626953125,13314.263671875,17742.36328125,0.005344593897461891,0.007910487242043018,0.0034103565849363804,0.5344593897461891,5.661436663940549,5.142010617256164,5.431078125257045,4.7917905092239375,5.828421783447265,5.744369517564773,0.281715989112854,1.737026870250702,1.737026870250702,greedy,0.281715989112854,0.0,hard_fault_cluster
6,N5143,observe,0.38520118594169617,3.236193612217903,2.3961669921875,0.7994874760508537,2.103525847941637,0.38520118594169617,0.259965181350708,5.152162359654904,5.2918213367462155,0.00259965181350708,0.2933312952518463,0.02981778420507908,0.02981778420507908,-0.8101256069540979,0.0509670190513134,0.11814102530479431,0.02457936480641365,31056.37890625,13314.15234375,17742.2265625,31063.255859375,13294.380859375,17768.875,-0.00022143448586575687,0.001484997570514679,-0.0015019781421869993,-0.022143448586575687,5.386484870687127,4.2193764597177505,5.169147646520287,3.974373617768287,3.8377236619591715,3.7276700682193042,0.259965181350708,1.99699205160141,1.99699205160141,greedy,0.259965181350708,0.0,hard_fault_cluster
7,N3644,control0,0.30859363079071045,3.3701050043106084,4.561984276771545,0.011386867761612102,2.1905682528018957,0.30859363079071045,0.2522786259651184,3.0563264638185506,4.280977511405944,0.002522786259651184,0.2959064543247223,0.030878493562340736,0.030878493562340736,-4.971626824736595,0.04812127724289894,0.11564433574676514,0.021784409880638123,31064.123046875,13295.138671875,17768.984375,30919.66796875,13191.43359375,17728.234375,0.004650222137570381,0.007800225168466568,0.002293321769684553,0.4650222137570381,5.095284843817353,1.7343232691287995,4.882917004171759,1.6515255153179171,4.022428265213966,4.604376636594534,0.2522786259651184,2.2492706775665283,2.2492706775665283,greedy,0.2522786259651184,0.0,hard_fault_cluster
8,N766,control1,0.31397774815559387,3.794273212552071,4.5125977993011475,0.3502831193804741,2.4662775881588463,0.31397774815559387,0.24436236917972565,2.406191052496433,2.605502963066101,0.0024436236917972564,0.3041892349720001,0.03416084498167038,0.03416084498167038,0.2018662402033805,0.04720053821802139,0.11475032567977905,0.02103063464164734,30918.296875,13190.0185546875,17728.27734375,30771.224609375,13087.724609375,17683.5,0.004756803624331951,0.007755405735224485,0.0025257582310587168,0.4756803624331951,4.998577035963535,1.6907448370754719,4.789684625342488,1.5813507635891437,2.953993678092957,3.7192082026600843,0.24436236917972565,2.493633046746254,2.493633046746254,greedy,0.24436236917972565,0.0,hard_fault_cluster
9,N2336,control1,0.3282955288887024,7.384735068678856,5.4448041915893555,1.7566623416543006,4.800077794641257,0.3282955288887024,0.257058322429657,7.317997683584689,4.565778529644012,0.00257058322429657,0.3070443570613861,0.033395133912563324,0.033395133912563324,7.096197915226221,0.04754379391670227,0.11539284884929657,0.021603338420391083,30771.56640625,13082.8515625,17688.71484375,30788.052734375,13087.361328125,17700.69140625,-0.0005357650225050747,-0.00034470815444365144,-0.0006770736654289067,-0.053576502250507474,5.044832848012447,4.315394639521837,4.826992755755782,2.4667818541824813,5.528346537053585,4.380571489110588,0.257058322429657,2.750691369175911,2.750691369175911,greedy,0.257058322429657,0.0,hard_fault_cluster
10,N870,observe,0.26639851927757263,5.406703913211822,4.1630725204944605,0.4216131794452667,3.5143575435876846,0.26639851927757263,0.252808153629303,3.3410832449793815,2.0979074418544768,0.0025280815362930297,0.3122815191745758,0.03458239883184433,0.03458239883184433,0.2570990476012228,0.048624321818351746,0.12053677439689636,0.023035619407892227,30788.0703125,13092.2841796875,17695.787109375,30824.3671875,13109.314453125,17715.052734375,-0.0011789265554398298,-0.0013007869711145759,-0.0010887124808505177,-0.11789265554398298,5.149822734296322,5.317682992815971,4.934279819950461,2.5515591587126254,3.917186640202999,2.780277100354433,0.252808153629303,3.003499522805214,3.003499522805214,greedy,0.252808153629303,0.0,hard_fault_cluster
11,N5605,control1,0.14626464247703552,6.333121629804373,4.45060007572174,0.8631851408630609,4.1165290593728425,0.14626464247703552,0.26692283153533936,5.198660456389188,3.4463929414749144,0.0026692283153533936,0.3031806945800781,0.035271063446998596,0.035271063446998596,0.9810095971822737,0.04773856699466705,0.11207543313503265,0.022591084241867065,30830.265625,13107.59765625,17722.66796875,30720.728515625,13028.751953125,17691.9765625,0.0035529083106666803,0.006015267223119736,0.0017317599849775434,0.35529083106666803,5.076050594449043,6.612388170361519,4.84940517321229,2.501314619630575,5.376874962449074,3.8025255403295164,0.26692283153533936,3.2704223543405533,3.2704223543405533,greedy,0.26692283153533936,0.0,hard_fault_cluster
12,N866,observe,0.19108495116233826,7.836731389164924,4.787458312511443,1.915711972415447,5.093875402957201,0.19108495116233826,0.2588765025138855,7.705097083747387,5.991064882278442,0.002588765025138855,0.31784960627555847,0.03656018525362015,0.03656018525362015,7.444587375372648,0.048126220703125,0.1216265857219696,0.022728003561496735,30715.37890625,13030.9375,17684.44140625,30757.25390625,13054.3427734375,17702.91015625,-0.0013633235357701778,-0.0017961312551051378,-0.0010443502105772495,-0.13633235357701778,5.108058758080006,7.536731389164924,4.886481242254376,7.536731389164924,6.241828472912312,5.103340194133343,0.2588765025138855,3.529298856854439,3.529298856854439,greedy,0.2588765025138855,0.0,hard_fault_cluster
13,N557,control1,0.25514140725135803,7.8082954898476595,5.205218195915221,1.8958068428933619,5.075392068400979,0.25514140725135803,0.23435424268245697,7.662443234771489,4.467191165685653,0.0023435424268245697,0.3167461156845093,0.039033785462379456,0.039033785462379456,7.406198911294341,0.046056024730205536,0.1151963621377945,0.02079392969608307,30761.4296875,13054.984375,17706.4453125,30579.775390625,12937.357421875,17642.41796875,0.005905261728912592,0.009010118432343006,0.0036160473246127367,0.5905261728912592,4.87899050116539,4.194610155746341,4.673949480056763,3.133165992423892,6.1707387246191505,4.648380110897124,0.23435424268245697,3.7636530995368958,3.7636530995368958,greedy,0.23435424268245697,0.0,hard_fault_cluster
14,N2328,control1,0.05278785154223442,7.6198082089424135,4.4773546814918515,1.7638657462596892,4.952875335812569,0.05278785154223442,0.22314919531345367,7.37971231341362,4.588841950893402,0.002231491953134537,0.31890642642974854,0.03677527606487274,0.03677527606487274,7.151741082072258,0.04391210898756981,0.11196985840797424,0.018388107419013977,30571.62890625,12930.25390625,17641.375,30631.822265625,12951.109375,17680.712890625,-0.0019689288455992937,-0.0016129203140735626,-0.0022298654075711966,-0.19689288455992937,4.651135370135307,3.9952562898397446,4.4561920166015625,1.1944573819637299,5.699520522356034,3.921699242703617,0.22314919531345367,3.9868022948503494,3.9868022948503494,greedy,0.22314919531345367,0.0,hard_fault_cluster
15,N7526,control1,-0.06868568807840347,7.527305933833122,4.210204455256461,1.6991141536831855,4.892748856991529,-0.06868568807840347,0.2166283279657364,7.40178914219141,4.511250865459441,0.002166283279657364,0.3095713257789612,0.035925738513469696,0.035925738513469696,5.495648659169674,0.04394377022981644,0.1069391667842865,0.018600299954414368,30635.08203125,12956.359375,17678.72265625,30617.416015625,12939.6328125,17677.783203125,0.0005766596295870841,0.0012909924844279885,5.3140327509026974e-05,0.057665962958708405,4.64693108946085,5.468998713046313,4.457515539601445,2.844180030375719,6.272416041791439,4.193104016138241,0.2166283279657364,4.203430622816086,4.203430622816086,greedy,0.2166283279657364,0.0,hard_fault_cluster
16,N564,control1,0.12300737202167511,8.1,4.721041023731231,2.0999999999999996,5.265,0.12300737202167511,0.2201269418001175,8.1,4.53211852312088,0.002201269418001175,0.2913501262664795,0.047827862203121185,0.047827862203121185,7.8,0.04869678243994713,0.10285161435604095,0.02492651343345642,30615.8828125,12937.9501953125,17677.93359375,30503.083984375,12882.771484375,17620.3125,0.0036843239795416594,0.004264872521162033,0.0032594925723969936,0.36843239795416594,5.1376330479979515,7.8,4.9366669449955225,7.8,6.9,5.003567454367876,0.2201269418001175,4.423557564616203,4.423557564616203,greedy,0.2201269418001175,0.0,hard_fault_cluster
17,N1521,control1,0.1121017262339592,7.594104313850402,4.665776324272155,1.7458730196952819,4.9361678040027615,0.1121017262339592,0.22025789320468903,7.341156470775604,4.881046986579895,0.0022025789320468904,0.32575371861457825,0.03688950091600418,0.03688950091600418,7.117040823698043,0.043726202100515366,0.11348584294319153,0.018644511699676514,30485.615234375,12861.958984375,17623.65625,30568.658203125,12897.013671875,17671.64453125,-0.0027240049093961716,-0.002725454745814204,-0.0027229469269514084,-0.27240049093961716,4.62976760417223,7.294104313850403,4.43690705858171,4.769982331991196,5.635260784626007,4.08093078635633,0.22025789320468903,4.643815457820892,4.643815457820892,greedy,0.22025789320468903,0.0,hard_fault_cluster
18,N7878,control1,-0.058865923434495926,8.1,4.332907953858375,2.0999999999999996,5.265,-0.058865923434495926,0.20037303864955902,8.1,5.1379081249237055,0.0020037303864955903,0.2947821617126465,0.04296380281448364,0.04296380281448364,7.8,0.045310284942388535,0.09948678314685822,0.02084774523973465,30589.0078125,12921.138671875,17667.869140625,30594.681640625,12923.166015625,17671.515625,-0.00018548585649114102,-0.00015690132568124682,-0.00020639073045458645,-0.018548585649114102,4.774365335702896,7.8,4.591862704604864,7.8,6.9,4.880984110608697,0.20037303864955902,4.844188496470451,4.844188496470451,greedy,0.20037303864955902,0.0,hard_fault_cluster
19,N704,observe,0.24500371515750885,7.986874651908875,5.13573031425476,2.020812256336212,5.1914685237407685,0.24500371515750885,0.1865956336259842,7.930311977863311,5.8102878570556635,0.001865956336259842,0.3299286663532257,0.03520984202623367,0.03520984202623367,7.64728078007698,0.04610855132341385,0.11763963103294373,0.02160969376564026,30595.73046875,12923.6826171875,17672.046875,30633.80859375,12972.4453125,17661.36328125,-0.0012445568572729826,-0.003773126984015107,0.0006045476184226573,-0.12445568572729826,4.832660607993603,7.686874651908875,4.666306501254439,7.686874651908875,6.617186629772187,5.449807221926749,0.1865956336259842,5.0307841300964355,5.0307841300964355,greedy,0.1865956336259842,0.0,hard_fault_cluster
20,N7874,control1,-0.014912399463355541,5.679064944386482,4.558845984935759,0.4053454610705375,3.6913922138512136,-0.014912399463355541,0.17015407979488373,1.9019592067599294,1.3607661068439483,0.0017015407979488373,0.3242676258087158,0.036550045013427734,0.036550045013427734,1.6408873254060743,0.042260050773620605,0.10936053097248077,0.01718345284461975,30632.765625,12971.8984375,17660.8671875,30655.09375,12968.1904296875,17686.90234375,-0.0007288968190550804,0.00028584926621988416,-0.0014741719933226705,-0.07288968190550804,4.432709202170372,-0.3067213074862958,4.277681108564138,0.4742778761684894,3.8032962471246723,2.8622489374130966,0.17015407979488373,5.200938209891319,5.200938209891319,greedy,0.17015407979488373,0.0,hard_fault_cluster
21,N7488,control1,-0.2193366140127182,7.163728305697441,4.05199079811573,1.4446098139882086,4.656423398703336,-0.2193366140127182,0.15034346282482147,6.6955924585461615,5.6300339698791495,0.0015034346282482146,0.3055618703365326,0.03496481478214264,0.03496481478214264,6.536033212691545,0.042167481034994125,0.10022595524787903,0.01689152792096138,30654.9765625,12968.017578125,17686.958984375,30686.375,12977.767578125,17708.607421875,-0.0010242525022476912,-0.0007518496713601053,-0.0012239774223417044,-0.10242525022476912,4.402056381106377,6.863728305697442,4.263075172901154,-2.2761928759515286,4.559320764243603,3.116942406222224,0.15034346282482147,5.351281672716141,5.351281672716141,greedy,0.15034346282482147,0.0,hard_fault_cluster
22,N1860,observe,0.046567708253860474,7.996394073963166,5.343394017219543,2.0274758517742155,5.197656148076058,0.046567708253860474,0.1615876853466034,7.996394073963164,5.999999999999999,0.001615876853466034,0.31021153926849365,0.03466328978538513,0.03466328978538513,4.2427270889282225,0.04592840373516083,0.10811080038547516,0.021473821252584457,30687.1953125,12978.89453125,17708.30078125,30637.890625,12973.2109375,17664.6796875,0.0016066860407590866,0.00043791046482510865,0.0024633132852613926,0.16066860407590866,4.789091348648071,6.533542642593384,4.64190311729908,6.504384241104126,6.9,5.833748462945223,0.1615876853466034,5.512869358062744,5.512869358062744,greedy,0.1615876853466034,0.0,hard_fault_cluster
23,N7872,control1,-0.1493571400642395,7.732869446277618,4.252408795058726,1.8430086123943328,5.026365140080452,-0.1493571400642395,0.14532408118247986,7.549304169416427,5.882066059112548,0.0014532408118247985,0.30771973729133606,0.03559580445289612,0.03559580445289612,7.304373752474785,0.04288940504193306,0.10183125734329224,0.017903991043567657,30637.2421875,12972.2998046875,17664.94140625,30649.2421875,12964.49609375,17684.74609375,-0.00039168016519397497,0.0006015672697685659,-0.001121129491366446,-0.0391680165193975,4.469860389828682,7.432869446277618,4.33417047560215,3.889342626929283,5.982173615694046,4.41374513104558,0.14532408118247986,5.658193439245224,5.658193439245224,greedy,0.14532408118247986,0.0,hard_fault_cluster
24,N1437,control1,-0.0013788333162665367,7.649657499790192,4.911476325988769,1.784760249853134,4.972277374863625,-0.0013788333162665367,0.10553862154483795,7.4244862496852875,5.999999999999999,0.0010553862154483796,0.3287528455257416,0.036534152925014496,0.036534152925014496,7.192037624716758,0.04249369353055954,0.1109619140625,0.01786603033542633,30649.8203125,12964.94921875,17684.87109375,30623.94921875,12953.6845703125,17670.265625,0.0008440862875431776,0.0008688540547154844,0.0008258736343123019,0.08440862875431776,4.391442127525806,7.349657499790192,4.284887546673417,1.92386893928051,5.7741437494754795,4.600838799476624,0.10553862154483795,5.763732060790062,5.763732060790062,greedy,0.10553862154483795,0.0,hard_fault_cluster
25,N762,control1,0.08861138671636581,6.0,4.5801895380020134,0.6300000000000002,3.9000000000000004,0.08861138671636581,0.14795057475566864,6.0,4.616857123374938,0.0014795057475566864,0.3303833305835724,0.038133978843688965,0.038133978843688965,-4.2,0.04272209852933884,0.11271147429943085,0.018126871436834335,30623.2578125,12953.0185546875,17670.240234375,30541.009765625,12906.14453125,17634.865234375,0.002685803221538663,0.003618772141635418,0.0020019535440951586,0.2685803221538663,4.458294406533241,6.12,4.318730991333723,6.12,6.9,5.043618447184563,0.14795057475566864,5.911682635545731,5.911682635545731,greedy,0.14795057475566864,0.0,hard_fault_cluster
26,N1853,observe,0.06855744123458862,6.0,5.1427594900131215,0.6300000000000002,3.9000000000000004,0.06855744123458862,0.16039009392261505,6.0,5.999999999999999,0.0016039009392261505,0.30967509746551514,0.03480551391839981,0.03480551391839981,-4.2,0.045880481600761414,0.10726357996463776,0.022001046687364578,30542.27734375,12907.625,17634.65234375,30559.142578125,12923.52734375,17635.615234375,-0.0005521930870600045,-0.0012320115929469466,-5.4602191084995866e-05,-0.05521930870600045,4.783243767917156,6.12,4.636847062036395,6.12,6.9,5.795630013942718,0.16039009392261505,6.072072729468346,6.072072729468346,greedy,0.16039009392261505,0.0,hard_fault_cluster
27,N7411,control1,0.14439988136291504,7.9951461315155035,5.12057569026947,2.026602292060852,5.196844985485077,0.14439988136291504,0.14684967696666718,7.942719197273254,5.063159537315368,0.0014684967696666717,0.33726373314857483,0.03662092238664627,0.03662092238664627,7.658447277545928,0.04388315975666046,0.11624164879322052,0.019412823021411896,30558.41796875,12922.6396484375,17635.779296875,30415.76953125,12818.5078125,17597.26171875,0.004668056964874268,0.0080580934882164,0.0021840587724000216,0.46680569648742676,4.57178657501936,7.695146131515503,4.4341836255043745,7.695146131515503,6.637865328788758,5.137324360460044,0.14684967696666718,6.218922406435013,6.218922406435013,greedy,0.14684967696666718,0.0,hard_fault_cluster
28,N7413,control1,0.14730305969715118,8.08753535747528,5.999999999999999,2.0912747502326963,5.256897982358932,0.14730305969715118,0.1486356407403946,8.08130303621292,4.826463818550109,0.001486356407403946,0.33889040350914,0.03641917556524277,0.03641917556524277,7.783172732591629,0.04354309290647507,0.11584991216659546,0.018971480429172516,30415.974609375,12818.798828125,17597.17578125,30342.337890625,12765.58203125,17576.755859375,0.0024209883995354176,0.004151465371251106,0.0011604090686887503,0.24209883995354176,4.539364106953144,7.787535357475281,4.400572994723916,7.787535357475281,6.868838393688202,5.639321632161737,0.1486356407403946,6.367558047175407,6.367558047175407,greedy,0.1486356407403946,0.0,hard_fault_cluster
29,N7421,control1,0.11772317439317703,5.730861721932888,5.590732526779174,0.4416032053530216,3.7250601192563773,0.11772317439317703,0.14725546538829803,2.2470149640738963,1.1125062227249145,0.0014725546538829804,0.3401803970336914,0.03630227595567703,0.03630227595567703,1.538637790083885,0.042630068957805634,0.11450736224651337,0.018031436949968338,30342.513671875,12765.755859375,17576.7578125,30292.517578125,12727.041015625,17565.4765625,0.0016477241879329085,0.003032710636034608,0.000641827704384923,0.16477241879329085,4.446564637124538,1.4236669909954072,4.308896331116557,0.8534739536046982,3.9110501408576965,3.3799501724354926,0.14725546538829803,6.5148135125637054,6.5148135125637054,greedy,0.14725546538829803,0.0,hard_fault_cluster
30,N1879,observe,0.12236010283231735,6.0,5.498397874832152,0.6300000000000002,3.9000000000000004,0.12236010283231735,0.14735180139541626,6.0,5.999999999999999,0.0014735180139541625,0.3447153568267822,0.03634636104106903,0.03634636104106903,-4.2,0.04294947534799576,0.11525338888168335,0.01868923008441925,30292.220703125,12726.75390625,17565.466796875,30342.58984375,12767.7275390625,17574.86328125,-0.001662774826399982,-0.003219488076865673,-0.0005349407438188791,-0.1662774826399982,4.478645697236061,6.12,4.340872075408697,6.12,6.9,5.935866951942444,0.14735180139541626,6.662165313959122,6.662165313959122,greedy,0.14735180139541626,0.0,hard_fault_cluster
31,N865,observe,0.09969505667686462,8.1,5.894209671020507,2.0999999999999996,5.265,0.09969505667686462,0.15996913611888885,8.1,5.999999999999999,0.0015996913611888886,0.34560635685920715,0.03912583738565445,0.03912583738565445,7.8,0.04362170770764351,0.11595098674297333,0.01929907128214836,30342.2421875,12767.28515625,17574.95703125,30385.111328125,12786.123046875,17598.98828125,-0.0014128533657640219,-0.001475481316447258,-0.0013673575595021248,-0.1412853365764022,4.561265744268894,7.8,4.411944514140487,7.8,6.9,6.13129575625062,0.15996913611888885,6.822134450078011,6.822134450078011,greedy,0.15996913611888885,0.0,hard_fault_cluster
32,N583,control1,0.14857225120067596,6.0,5.999999999999999,0.6300000000000002,3.9000000000000004,0.14857225120067596,0.14428189396858215,6.0,4.472290921211242,0.0014428189396858216,0.3399067223072052,0.0380948930978775,0.0380948930978775,-4.2,0.040924541652202606,0.11027301847934723,0.01708131656050682,30378.80078125,12776.2646484375,17602.53515625,30262.5078125,12705.8408203125,17556.66796875,0.003828096203505993,0.005512082949280739,0.002605714835226536,0.3828096203505993,4.27483095228672,6.12,4.1380483619868755,6.12,6.9,5.6300011281669144,0.14428189396858215,6.966416344046593,6.966416344046593,greedy,0.14428189396858215,0.0,hard_fault_cluster
33,N582,control1,-0.003233044408261776,6.0,5.018762826919555,0.6300000000000002,3.9000000000000004,-0.003233044408261776,0.13515055179595947,6.0,4.549610817432403,0.0013515055179595947,0.3219608962535858,0.03769860416650772,0.03769860416650772,-4.2,0.0408317893743515,0.10368190705776215,0.016689859330654144,30266.580078125,12713.333984375,17553.24609375,30321.2578125,12744.869140625,17576.388671875,-0.0018065382027998567,-0.002480478957295418,-0.00131842156406492,-0.18065382027998567,4.256028093397617,6.12,4.126391226425767,6.12,6.9,5.364024443328381,0.13515055179595947,7.101566895842552,7.101566895842552,greedy,0.13515055179595947,0.0,hard_fault_cluster
34,N2314,control1,-0.12162729352712631,7.5,5.999999999999999,1.68,4.875,-0.12162729352712631,0.12054316699504852,7.199999999999999,5.999999999999999,0.0012054316699504851,0.3324001729488373,0.03912239521741867,0.03912239521741867,6.989999999999999,0.03892047703266144,0.10522115230560303,0.014461632817983627,30322.6171875,12746.015625,17576.6015625,30393.265625,12780.349609375,17612.916015625,-0.0023298924788832664,-0.0026937033981084824,-0.002066067885607481,-0.23298924788832664,4.051713265478611,4.600210285186767,3.9319640938192606,-4.65,5.4,5.609999999999999,0.12054316699504852,7.222110062837601,7.222110062837601,greedy,0.12054316699504852,0.0,hard_fault_cluster
35,N3840,control0,-0.4467519223690033,-0.565393704634771,-2.2721195757389068,0.10906283213509596,-0.3675059080126012,-0.4467519223690033,0.11015275120735168,0.4619776476538391,2.273094272613525,0.0011015275120735168,0.32796311378479004,0.044032856822013855,0.044032856822013855,0.00419521258911118,0.03907197341322899,0.10688765347003937,0.013975292444229126,30394.62890625,12782.41015625,17612.21875,30450.8515625,12782.9921875,17667.859375,-0.0018497563432902098,-4.553376493277028e-05,-0.0031592058949172497,-0.18497563432902098,4.061382949352264,0.5031565353565384,3.9457437433302402,0.5028382107906508,-0.01885231733322145,0.07023729890584919,0.11015275120735168,7.332262814044952,7.332262814044952,greedy,0.11015275120735168,0.0,hard_fault_cluster
36,N4670,control0,-0.19850221276283264,7.5,5.999999999999999,1.68,4.875,-0.19850221276283264,0.10393743216991425,7.199999999999999,5.999999999999999,0.0010393743216991424,0.3280959129333496,0.04216226935386658,0.04216226935386658,6.989999999999999,0.03926436975598335,0.11120611429214478,0.014918126165866852,30451.0625,12783.0068359375,17668.0546875,30337.65234375,12723.67578125,17613.9765625,0.0037243415135890245,0.004641400650143623,0.0030607853550463915,0.37243415135890245,4.072536677122116,7.199999999999999,3.9629619009792805,-4.65,5.4,5.085,0.10393743216991425,7.436200246214867,7.436200246214867,greedy,0.10393743216991425,0.0,hard_fault_cluster
37,N3889,control0,-0.5014275312423706,-0.48135623455047605,-2.2692712128162382,0.1890312123298645,-0.31288155245780946,-0.5014275312423706,0.09322972595691681,0.5744136556982994,2.2722283065319058,0.0009322972595691681,0.3300464451313019,0.04687921702861786,0.04687921702861786,0.57467414483428,0.038178637623786926,0.11072029173374176,0.013197135180234909,30337.48046875,12723.6787109375,17613.802734375,30434.9296875,12759.4248046875,17675.505859375,-0.0032121725380420685,-0.002809415105730295,-0.0035031121224164963,-0.32121725380420685,3.9579727053642273,0.5944069999456406,3.8528909981250763,0.5944069999456406,-0.031605198979377754,-0.1255433793365958,0.09322972595691681,7.5294299721717834,7.5294299721717834,greedy,0.09322972595691681,0.0,hard_fault_cluster
38,N3903,control0,-0.6831868290901184,-0.25588421985507015,-2.1845550715923308,0.29348016813397404,-0.1663247429057956,-0.6831868290901184,0.0903080552816391,0.7361883163452149,1.9822489082813264,0.000903080552816391,0.29980021715164185,0.044129759073257446,0.044129759073257446,0.569659311324358,0.04030787572264671,0.10346096754074097,0.014650452882051468,30434.9375,12759.4365234375,17675.5,30479.62890625,12770.9296875,17708.69921875,-0.0014684244524687529,-0.0009007579647004604,-0.0018782619154080749,-0.14684244524687529,4.165225386619568,0.09543927446007729,4.0643970258533955,-0.011066370606422425,-0.054126116633415225,-0.5498716451227667,0.0903080552816391,7.6197380274534225,7.6197380274534225,greedy,0.0903080552816391,0.0,hard_fault_cluster
39,N4635,control0,-0.3311130404472351,7.5,5.999999999999999,1.68,4.875,-0.3311130404472351,0.0899534821510315,7.199999999999999,5.999999999999999,0.000899534821510315,0.3234451711177826,0.04637836664915085,0.04637836664915085,6.989999999999999,0.03902427852153778,0.11383448541164398,0.014406591653823853,30479.775390625,12770.9296875,17708.845703125,30370.46875,12725.671875,17644.796875,0.0035862023942172527,0.0035438151098787785,0.003616770263761282,0.3586202394217253,4.03875970095396,-1.1588374614715578,3.9365108143538237,-4.65,5.4,5.085,0.0899534821510315,7.709691509604454,7.709691509604454,greedy,0.0899534821510315,0.0,hard_fault_cluster
40,N4712,control0,-0.23057422041893005,5.552977702021599,5.999999999999999,0.3170843914151191,3.6094355063140395,-0.23057422041893005,0.08070613443851471,1.8443769668042658,2.380851411819458,0.0008070613443851471,0.32041987776756287,0.04395448416471481,0.04395448416471481,0.969293945468962,0.03783529996871948,0.11188970506191254,0.013665813952684402,30370.533203125,12725.708984375,17644.82421875,30310.30078125,12697.08203125,17613.21875,0.0019832521211355925,0.0022495370358228683,0.0017912033945322037,0.19832521211355925,3.9081906154751778,-0.3541718365764245,3.8146951515227556,0.24443141201976692,3.7555275559425354,4.016092911362648,0.08070613443851471,7.790397644042969,7.790397644042969,greedy,0.08070613443851471,0.0,hard_fault_cluster
41,N4520,control0,-0.5433847904205322,0.19691368670202794,0.25175787941552696,0.19210016692988577,0.12799389635631817,-0.5433847904205322,0.07173915207386017,0.6996165453572758,0.912455826997757,0.0007173915207386017,0.3238238990306854,0.047820620238780975,0.047820620238780975,0.6843395949166733,0.036797184497117996,0.11066934466362,0.01194419339299202,30310.09765625,12697.021484375,17613.076171875,30437.255859375,12752.85546875,17684.400390625,-0.004195242188870907,-0.004397408105432987,-0.004049503710120916,-0.4195242188870907,3.7992782220244408,0.08070925864856689,3.70960839278996,0.07929942579474299,0.2573224553838372,0.5833029832039028,0.07173915207386017,7.862136796116829,7.862136796116829,greedy,0.07173915207386017,0.0,hard_fault_cluster
42,N3855,control0,-0.6684640645980835,0.20668325086298864,0.03181410487741232,0.18913380128506105,0.13434411306094263,-0.6684640645980835,0.06747567653656006,0.6954277807351901,0.6745058119297027,0.0006747567653656006,0.3256206810474396,0.05109412968158722,0.05109412968158722,0.6837340675780433,0.03737068921327591,0.11234261095523834,0.012199930846691132,30437.306640625,12752.916015625,17684.390625,30487.4453125,12768.546875,17718.8984375,-0.0016472769202664495,-0.001225669402629137,-0.0019513147417455912,-0.16472769202664495,3.855638727545738,0.08056329352635656,3.7667113728821278,0.07417673345858929,0.2487080678605707,0.25695089435044793,0.06747567653656006,7.929612472653389,7.929612472653389,greedy,0.06747567653656006,0.0,hard_fault_cluster
43,N3827,control0,-0.7313404083251953,0.4114509196547442,0.2353204544633627,0.3701508873669081,0.2674430977755837,-0.7313404083251953,0.06431542336940765,0.9552984003767779,0.7251212775707244,0.0006431542336940765,0.3256056308746338,0.052989743649959564,0.052989743649959564,0.731464634330623,0.0382080078125,0.11398138105869293,0.012722715735435486,30487.4453125,12768.55859375,17718.88671875,30531.341796875,12784.990234375,17746.3515625,-0.0014398216735571623,-0.0012868830235674977,-0.0015500321751460433,-0.14398216735571623,3.938105948269367,0.10245565300996531,3.850127073004842,0.10136606619184022,0.3872099239728413,0.46139626171847337,0.06431542336940765,7.993927896022797,7.993927896022797,greedy,0.06431542336940765,0.0,hard_fault_cluster
44,N3813,control0,-0.7692440748214722,1.044368631099569,0.6683839559555054,0.37836969540010607,0.6788396102147198,-0.7692440748214722,0.06091545522212982,1.0400526829882075,0.6999805986881256,0.0006091545522212982,0.32464754581451416,0.05446178466081619,0.05446178466081619,0.829929248859662,0.03895529359579086,0.1153031438589096,0.013173088431358337,30531.3359375,12784.9970703125,17746.33984375,30574.82421875,12802.47265625,17772.3515625,-0.0014243818586692214,-0.0013668822357431054,-0.001465751207433641,-0.14243818586692214,4.010906599462032,0.1773225858473961,3.924373669549823,0.1811435693075691,0.6866060713746265,0.6470759151696438,0.06091545522212982,8.054843351244926,8.054843351244926,greedy,0.06091545522212982,0.0,hard_fault_cluster
45,N3785,control0,-0.7962205410003662,1.0637759603839367,0.6730601727962493,0.38930035012774167,0.6914543742495589,-0.7962205410003662,0.05617406964302063,1.052391896364279,0.6812880873680115,0.0005617406964302063,0.3235093951225281,0.055650562047958374,0.055650562047958374,0.8318166999099775,0.03957928717136383,0.11631578207015991,0.01351839303970337,30574.814453125,12802.478515625,17772.3359375,30617.8984375,12819.607421875,17798.291015625,-0.0014091331977397203,-0.0013379367301240563,-0.0014604202006012201,-0.14091331977397203,4.069753348827362,0.17842111527454108,3.985884875059128,0.1803607144439593,0.6923048872966319,0.650556129340548,0.05617406964302063,8.111017420887947,8.111017420887947,greedy,0.05617406964302063,0.0,hard_fault_cluster
46,N3799,control0,-0.8169194459915161,1.1489165882713859,0.6027939647436141,0.47508715196920087,0.7467957823764009,-0.8169194459915161,0.04965171217918396,1.1626242124210693,0.8280739665031432,0.0004965171217918396,0.32297229766845703,0.05646659433841705,0.04965171217918396,0.8610693824509508,0.040138840675354004,0.11702169477939606,0.013807810842990875,30617.884765625,12819.609375,17798.275390625,30658.89453125,12835.640625,17823.25390625,-0.0013394055422395468,-0.0012505255872383714,-0.0014034233754500747,-0.13394055422395468,4.120002374053001,0.1823761428330908,4.040413644164801,0.1813855156159843,0.7014731718838447,0.6491107400065811,0.04965171217918396,8.160669133067131,8.160669133067131,greedy,0.04965171217918396,0.0,hard_fault_cluster
47,N4649,control0,-0.5018091201782227,3.8064250999130307,4.0297541379928585,0.7692065526451914,2.47417631494347,-0.5018091201782227,0.0508781373500824,4.485021977964789,4.916172790527344,0.0005087813735008239,0.31552854180336,0.04906059801578522,0.04906059801578522,4.293765223026275,0.0397208109498024,0.1156531423330307,0.014109332114458084,30658.849609375,12835.583984375,17823.265625,30557.57421875,12808.28515625,17749.2890625,0.0033033003564924,0.002126808511093259,0.004150561522692442,0.33033003564924,4.0720198303461075,0.6560709983110428,3.9970657788217068,-0.9602482706308365,3.542135101556778,3.8773878160119057,0.0508781373500824,8.211547270417213,8.211547270417213,greedy,0.0508781373500824,0.0,hard_fault_cluster
48,N496,control1,-0.28276917338371277,5.08172807097435,4.937603855133056,0.8902463728189467,3.3031232461333278,-0.28276917338371277,0.07425445318222046,4.909407135844231,4.828555631637573,0.0007425445318222046,0.3221072256565094,0.04640457034111023,0.04640457034111023,2.820945296883583,0.041702233254909515,0.11506232619285583,0.016285695135593414,30552.896484375,12801.423828125,17751.47265625,30584.78125,12862.9775390625,17721.8046875,-0.0010435922304168344,-0.004808348603546619,0.00167129619512707,-0.10435922304168344,4.290882349014282,6.024800826311112,4.200388081371784,3.8140907415747645,4.7019610673189165,4.9618234756588935,0.07425445318222046,8.285801723599434,8.285801723599434,greedy,0.07425445318222046,0.0,hard_fault_cluster
49,N3882,control0,-0.5800827741622925,1.4942153999209402,0.26758025288581844,0.8228904315829275,0.9712400099486111,-0.5800827741622925,0.05145816504955292,2.667091278731823,2.1602487325668336,0.0005145816504955291,0.32567280530929565,0.04907376319169998,0.04907376319169998,2.2971114759147166,0.03963049128651619,0.11412025988101959,0.013895697891712189,30589.78515625,12870.01953125,17719.765625,30652.78515625,12868.328125,17784.45703125,-0.0020595111418515444,0.00013142220268491656,-0.0036508047487586737,-0.20595111418515444,4.063581056892872,0.3289606090483721,3.988182110711932,0.3286328195035457,1.2133932903409006,0.693267433277215,0.05145816504955292,8.337259888648987,8.337259888648987,greedy,0.05145816504955292,0.0,hard_fault_cluster
50,N4656,control0,-0.39837053418159485,5.73648934662342,5.6101032257080075,0.7769548007845878,3.728718075305223,-0.39837053418159485,0.04241780936717987,3.3622739185392856,3.3652713060379025,0.0004241780936717987,0.32009783387184143,0.04470456391572952,0.04241780936717987,3.131470068991184,0.03868744522333145,0.11346440017223358,0.013578440994024277,30652.7734375,12868.294921875,17784.478515625,30551.869140625,12824.484375,17727.384765625,0.0032918488141149282,0.0034045339561998844,0.0032103133853524923,0.3291848814114928,3.9558668956160545,-1.164227054268122,3.8905251156538725,0.21506984457373612,3.542647285759449,3.877720735743642,0.04241780936717987,8.379677698016167,8.379677698016167,greedy,0.04241780936717987,0.0,hard_fault_cluster
51,N713,observe,-0.21415992081165314,3.304780057631433,2.987547636032104,0.35999693522229786,2.1481070374604316,-0.21415992081165314,0.03235018253326416,1.8262131573073566,2.274699795246124,0.0003235018253326416,0.32527562975883484,0.04143381863832474,0.03235018253326416,1.8627544306963681,0.04137188196182251,0.1147564947605133,0.016574088484048843,30551.423828125,12823.673828125,17727.75,30645.69921875,12922.3662109375,17723.333984375,-0.0030857936944812536,-0.007696108426898718,0.000249101867666468,-0.30857936944812536,4.21097219735384,3.9365206210315224,4.155634196475148,3.330661532133818,2.825701525807381,3.114814298003912,0.03235018253326416,8.41202788054943,8.41202788054943,greedy,0.03235018253326416,0.0,hard_fault_cluster
52,N1372,observe,-0.5474359393119812,0.6168861995637417,0.5604399383068084,0.16923284634947774,0.4009760297164321,-0.5474359393119812,0.01817651093006134,1.378425371646881,2.02247040271759,0.0001817651093006134,0.31272539496421814,0.03799356520175934,0.01817651093006134,1.713022534698248,0.035564079880714417,0.10296395421028137,0.010782528668642044,30646.57421875,12923.6552734375,17722.91796875,30676.60546875,12903.9248046875,17772.6796875,-0.0009799218969419599,0.001526694162748754,-0.002807761076837778,-0.09799218969419599,3.6125780642032623,-2.490647266507149,3.570450507104397,-5.243012140393257,0.5797250658273697,0.8072685278952121,0.01817651093006134,8.430204391479492,8.430204391479492,greedy,0.01817651093006134,0.0,hard_fault_cluster
53,N7891,control1,-0.5182363390922546,0.6996178592657089,0.4749558710493147,0.08739252475803368,0.4547516085227108,-0.5182363390922546,0.01233045756816864,0.6657544519621297,0.4922075307113118,0.0001233045756816864,0.31775155663490295,0.03886003792285919,0.01233045756816864,0.7696916814544238,0.03644903376698494,0.1028035432100296,0.011450562626123428,30675.55078125,12902.6982421875,17772.8515625,30670.013671875,12909.1484375,17760.865234375,0.00018050562357529998,-0.0004999105585739017,0.0006744178244844079,0.018050562357529998,3.696093872189522,-0.5402878569508902,3.657701000571251,-1.0057514952565543,0.5351068708812818,0.6113005453061487,0.01233045756816864,8.44253484904766,8.44253484904766,greedy,0.01233045756816864,0.0,hard_fault_cluster
54,N3911,control0,-0.6360329389572144,0.21271072307470604,0.18571631167178565,0.2126636204496026,0.13826196999855894,-0.6360329389572144,0.00835360586643219,0.7424643149694929,0.7243572175502777,8.35360586643219e-05,0.3239290118217468,0.0443851575255394,0.00835360586643219,0.7255899099160251,0.0375988706946373,0.1077391654253006,0.011819865554571152,30670.6953125,12909.96484375,17760.73046875,30653.43359375,12865.349609375,17788.083984375,0.0005628081853501499,0.003455875674262643,-0.0015401120763272047,0.05628081853501499,3.8126258328557014,0.6885438951192191,3.7730717603117228,0.16554576548471234,0.37201506348646945,0.44611680933181563,0.00835360586643219,8.450888454914093,8.450888454914093,greedy,0.00835360586643219,0.0,hard_fault_cluster
55,N4705,control0,-0.4231833517551422,2.696417628787458,3.6226753950119015,0.338218254391104,1.7526714587118477,-0.4231833517551422,0.009512737393379211,2.1416035598143934,3.0999093413352963,9.512737393379212e-05,0.3186744749546051,0.04152628034353256,0.009512737393379211,2.3948004852235316,0.037218235433101654,0.10878436267375946,0.012074984610080719,30653.34375,12865.2587890625,17788.0859375,30551.69921875,12825.45703125,17726.2421875,0.0033159360755234957,0.0030937392730265856,0.0034766949247568846,0.33159360755234957,3.772862561047077,-0.12014606520533566,3.7345832977443933,-0.11994263455271725,2.180697648227215,3.1259321083873512,0.009512737393379211,8.460401192307472,8.460401192307472,greedy,0.009512737393379211,0.0,hard_fault_cluster
56,N2101,observe,-0.2555446922779083,3.6913991394918413,3.0160306930541987,0.5549094756739213,2.399409440669697,-0.2555446922779083,0.01540595293045044,3.273508501378819,2.9972315311431883,0.0001540595293045044,0.3222862184047699,0.03999640792608261,0.01540595293045044,3.647597166895866,0.041037071496248245,0.11170344054698944,0.01565355807542801,30551.64453125,12825.1337890625,17726.51171875,30639.8671875,12898.828125,17741.0390625,-0.002887656446546316,-0.005746087059378624,-0.0008195263799279928,-0.2887656446546316,4.159109510481358,3.7927257776260377,4.117557739838958,2.8811871230602266,3.1549692869186403,3.0200995987653734,0.01540595293045044,8.475807145237923,8.475807145237923,greedy,0.01540595293045044,0.0,hard_fault_cluster
57,N580,control1,-0.24191056191921234,4.473374433815479,4.172434139251709,1.114793085306883,2.9076933819800614,-0.24191056191921234,0.0359027236700058,6.082482950389386,5.2781577587127675,0.000359027236700058,0.3236740231513977,0.040271297097206116,0.0359027236700058,6.97519241720438,0.03982820361852646,0.10876709222793579,0.014470145106315613,30636.171875,12894.525390625,17741.646484375,30644.74609375,12915.1533203125,17729.59375,-0.0002798723871819675,-0.0015997432637959719,0.0006793470238335431,-0.02798723871819675,4.058994382619858,3.719339895546436,4.001863867044449,3.2237040284276004,4.698119720816612,4.75099020972848,0.0359027236700058,8.511709868907928,8.511709868907928,greedy,0.0359027236700058,0.0,hard_fault_cluster
58,N3701,control0,-0.507599949836731,0.23261928246356545,-0.20325128028634937,0.23391079008579252,0.15120253360131755,-0.507599949836731,0.018084391951560974,0.7877208779507783,0.7383931338787078,0.00018084391951560973,0.32867804169654846,0.043213821947574615,0.018084391951560974,0.7662670549977337,0.03834838047623634,0.11004115641117096,0.012765973806381226,30648.80859375,12920.119140625,17728.689453125,30673.31640625,12884.5498046875,17788.765625,-0.000799633446149528,0.0027530191000550985,-0.0033886414021253586,-0.0799633446149528,3.89613626152277,0.5350850305333734,3.8501626010984182,0.48425439755432304,0.4926916920579969,0.39619936224480623,0.018084391951560974,8.52979426085949,8.52979426085949,greedy,0.018084391951560974,0.0,hard_fault_cluster
59,N4691,control0,-0.32306763529777527,3.5138479888439176,4.418983340263367,0.23355775296688078,2.2840011927485464,-0.32306763529777527,0.013785302639007568,1.805699960142374,2.6997164368629454,0.00013785302639007568,0.3224358856678009,0.03884807229042053,0.013785302639007568,1.8926924845576285,0.03746982663869858,0.10985320806503296,0.012526839971542358,30673.10546875,12884.2724609375,17788.833984375,30567.568359375,12841.2890625,17726.279296875,0.0034407051280140877,0.0033361136447638273,0.0035165143199265003,0.34407051280140877,3.799616038799286,0.24573188170790683,3.760141007602215,0.23987471207976352,2.3602674022316936,3.109173811450601,0.013785302639007568,8.543579563498497,8.543579563498497,greedy,0.013785302639007568,0.0,hard_fault_cluster
60,N5866,observe,0.18402187526226044,7.017920522391796,5.220146512985229,1.3425443656742573,4.561648339554667,0.18402187526226044,0.07788796722888947,6.921760641038417,5.8531808853149405,0.0007788796722888947,0.335758775472641,0.045099712908267975,0.045099712908267975,7.540368320345879,0.046476855874061584,0.12646882236003876,0.022289827466011047,30567.798828125,12841.517578125,17726.28125,30551.333984375,12811.927734375,17739.40625,0.0005386336124502122,0.002304232679307461,-0.0007404260104522109,0.053863361245021224,4.770673267543316,7.607680237293244,4.678432507440448,7.039143452048302,6.419200593233109,5.72987300246954,0.07788796722888947,8.621467530727386,8.621467530727386,greedy,0.07788796722888947,0.0,hard_fault_cluster
61,N2153,observe,0.042253367602825165,4.081970500946045,3.616681957244873,0.4025027370452881,2.6532808256149294,0.042253367602825165,0.05729128420352936,2.675327314436436,2.645412182807922,0.0005729128420352936,0.32767000794410706,0.037204548716545105,0.037204548716545105,2.0417025426030158,0.04356751590967178,0.11791324615478516,0.018661227077245712,30551.169921875,12811.708984375,17739.4609375,30675.12109375,12905.54296875,17769.578125,-0.004057166166603565,-0.00732408044859767,-0.0016977509949356318,-0.4057166166603565,4.451247423887253,5.780330560803413,4.380375549197197,3.6383825999498365,3.040687210857868,3.0298173708468674,0.05729128420352936,8.678758814930916,8.678758814930916,greedy,0.05729128420352936,0.0,hard_fault_cluster
62,N2102,observe,0.11466985195875168,6.037784457206726,5.999999999999999,0.6564491200447081,3.924559897184372,0.11466985195875168,0.05784308910369873,4.092150630801916,2.778591203689575,0.0005784308910369873,0.3283407986164093,0.03338722139596939,0.03338722139596939,3.0248456113040447,0.04405544698238373,0.11636120080947876,0.019128024578094482,30674.716796875,12904.87890625,17769.837890625,30724.67578125,12954.9462890625,17769.728515625,-0.0016286697937175632,-0.0038797250017523766,6.155092705739662e-06,-0.16286697937175632,4.496775008738041,6.205768787562847,4.42835227586329,6.153543388545513,4.692917769402266,4.540391225032509,0.05784308910369873,8.736601904034615,8.736601904034615,greedy,0.05784308910369873,0.0,hard_fault_cluster
63,N864,observe,-0.09898198395967484,5.468264205753803,5.434466171264647,0.2577849440276623,3.554371733739972,-0.09898198395967484,0.02461947500705719,2.6199608737230298,3.121102499961853,0.0002461947500705719,0.32736504077911377,0.033077023923397064,0.02461947500705719,2.810943906009197,0.03942365571856499,0.10925944149494171,0.014569338411092758,30724.4921875,12954.9853515625,17769.505859375,30749.3671875,12971.4541015625,17777.9140625,-0.0008096146630123258,-0.0012712287716567516,-0.0004731816006824374,-0.08096146630123258,4.000062070786953,2.605630113631487,3.9567896965891123,2.54001648619771,3.6088925465941433,3.8608992870897056,0.02461947500705719,8.761221379041672,8.761221379041672,greedy,0.02461947500705719,0.0,hard_fault_cluster
64,N2083,observe,-0.49955782294273376,-0.6906583648175001,-0.5343897759914398,0.20217039771378043,-0.4489279371313751,-0.49955782294273376,0.009758874773979187,0.9155892051756382,2.1171919822692873,9.758874773979187e-05,0.33309289813041687,0.03789088875055313,0.009758874773979187,1.1079218004643916,0.03766150400042534,0.10850104689598083,0.012150164693593979,30750.283203125,12972.44921875,17777.833984375,30865.25,12982.412109375,17882.837890625,-0.0037387232296168804,-0.0007680038106627762,-0.005906451027840376,-0.37387232296168804,3.813800163567066,1.1175683128833769,3.778062840923667,0.7646213102340699,-0.012221336364746135,0.6057044491171837,0.009758874773979187,8.770980253815651,8.770980253815651,greedy,0.009758874773979187,0.0,hard_fault_cluster
65,N4684,control0,-0.27795466780662537,5.477313364297151,5.999999999999999,0.2641193550080061,3.5602536867931485,-0.27795466780662537,0.00989311933517456,2.3346400501951576,2.8869261622428892,9.89311933517456e-05,0.3245067894458771,0.03481140732765198,0.00989311933517456,2.4160610967129466,0.037295591086149216,0.10859416425228119,0.012147653847932816,30864.8515625,12982.0400390625,17882.8125,30707.181640625,12907.900390625,17799.28125,0.005108396988362074,0.00571093987673521,0.004671035334467888,0.5108396988362074,3.774263635277748,0.9416899684965029,3.740735240280628,0.9416920117309201,3.3715716969221834,3.7665216029994193,0.00989311933517456,8.780873373150826,8.780873373150826,greedy,0.00989311933517456,0.0,hard_fault_cluster
66,N4677,control0,-0.2181044965982437,5.442972821369767,5.999999999999999,0.24008097495883698,3.537932333890349,-0.2181044965982437,-9.618699550628662e-06,1.9008591189607977,2.5283899188041685,-9.618699550628662e-08,0.3223751485347748,0.033619776368141174,-9.618699550628662e-06,1.9060954117774962,0.03596532344818115,0.10723918676376343,0.011238493025302887,30707.19921875,12907.908203125,17799.291015625,30617.064453125,12867.8671875,17749.197265625,0.00293529755435884,0.0031020529568195343,0.0028143676463514566,0.293529755435884,3.630142502486706,1.213795643746853,3.604934884235263,1.395914953649044,3.32543894648552,3.8875883802771574,-9.618699550628662e-06,8.780863754451275,8.780863754451275,greedy,-9.618699550628662e-06,0.0,hard_fault_cluster
67,N4663,control0,-0.20191577076911926,2.9336832402274013,3.940642619132995,0.23403204189613463,1.9068941061478109,-0.20191577076911926,-0.009760826826095581,1.300640730448067,2.322874867916107,-9.760826826095581e-05,0.32067975401878357,0.033322177827358246,-0.009760826826095581,1.3076662361249327,0.03473594784736633,0.10571356117725372,0.010294489562511444,30617.107421875,12867.892578125,17749.21484375,30550.01953125,12837.5302734375,17712.490234375,0.0021911896765232086,0.0023595397360622883,0.002069083508104086,0.21911896765232086,3.497156135737896,0.9686510865576565,3.479485122486949,1.0956958238966763,2.2009929701685906,3.185370813086629,-0.009760826826095581,8.77110292762518,8.77110292762518,greedy,-0.009760826826095581,0.0,hard_fault_cluster
68,N4557,control0,-0.47231993079185486,0.2386360296513885,1.8012273010099304,0.23688274249434468,0.15511341927340253,-0.47231993079185486,-0.015694156289100647,0.7971809669455979,2.2757098615169524,-0.00015694156289100647,0.3281264305114746,0.038269512355327606,-0.015694156289100647,0.7760275959182763,0.0349547304213047,0.10682353377342224,0.009762842208147049,30550.025390625,12837.564453125,17712.4609375,30628.859375,12846.125,17782.734375,-0.00258048833347857,-0.0006668357527814806,-0.003967457450926304,-0.258048833347857,3.5180483981966972,1.510481975339353,3.501116881147027,1.2771388032659887,0.5083904541097581,2.1164062599418685,-0.015694156289100647,8.755408771336079,8.755408771336079,greedy,-0.015694156289100647,0.0,hard_fault_cluster
69,N7613,observe,-0.46909335255622864,2.077637105807662,2.7789243578910825,0.6791737373918294,1.3504641187749804,-0.46909335255622864,0.0008488968014717102,2.8838090594857926,3.53538601398468,8.488968014717101e-06,0.33460864424705505,0.04495716840028763,0.0008488968014717102,3.04029481317848,0.03688691928982735,0.11241400241851807,0.011785678565502167,30628.26953125,12845.3291015625,17782.94140625,30685.6796875,12857.9072265625,17827.7734375,-0.0018744171829894185,-0.0009791983757168055,-0.002521069487556815,-0.18744171829894185,3.734497994184494,1.755461911074817,3.7001434452831745,3.6341020871698855,2.3821021586656568,3.648366403132677,0.0008488968014717102,8.75625766813755,8.75625766813755,greedy,0.0008488968014717102,0.0,hard_fault_cluster
70,N4698,control0,-0.3515385091304779,5.429437946341931,5.999999999999999,0.23060656243935224,3.5291346651222555,-0.3515385091304779,-0.0008254051208496094,1.8334955420531331,2.4830473423004147,-8.254051208496093e-06,0.3256138265132904,0.039871834218502045,-0.0008254051208496094,1.8259917122125624,0.035661615431308746,0.1104225367307663,0.010824743658304214,30686.265625,12858.658203125,17827.607421875,30584.59375,12812.5478515625,17772.046875,0.0033132696989923716,0.0035859381314367056,0.0031165452674031258,0.33132696989923716,3.605207972228527,1.118135834634304,3.5759231504052877,1.2788086184859275,3.2648689746856694,3.863469509780407,-0.0008254051208496094,8.7554322630167,8.7554322630167,greedy,-0.0008254051208496094,0.0,hard_fault_cluster
71,N4585,control0,-0.5595167875289917,0.3708139995858073,1.8088961710222065,0.35810518383979795,0.24102909973077474,-0.5595167875289917,-0.009291820228099823,1.014433495819103,2.2738364040851593,-9.291820228099823e-05,0.33116427063941956,0.043302543461322784,-0.009291820228099823,0.9665418116701767,0.035922057926654816,0.11062383651733398,0.010426491498947144,30584.6171875,12812.5908203125,17772.025390625,30646.216796875,12819.84375,17826.373046875,-0.0020140716806054115,-0.0005660782917402685,-0.003058045171201229,-0.20140716806054115,3.6262165158987045,1.0993988965451718,3.6007084734737873,5.346901426166296,0.9469347026199103,2.429220608267933,-0.009291820228099823,8.746140442788601,8.746140442788601,greedy,-0.009291820228099823,0.0,hard_fault_cluster
72,N4578,control0,-0.6413068771362305,0.3549442091584205,1.8103446699678896,0.34016610920429224,0.23071373595297334,-0.6413068771362305,-0.009765610098838806,0.9886116904579103,2.274588632583618,-9.765610098838806e-05,0.3312355577945709,0.04649520665407181,-0.009765610098838806,0.9446967589482664,0.03678680211305618,0.11195681989192963,0.010856330394744873,30646.2109375,12819.841796875,17826.369140625,30663.63671875,12810.220703125,17853.416015625,-0.0005686112563125789,0.0007504845852963626,-0.0015172397252172232,-0.05686112563125789,3.7154098078608513,0.910817729383707,3.6878626104444265,1.755394417643547,0.8837170168757438,2.412275862038368,-0.009765610098838806,8.736374832689762,8.736374832689762,greedy,-0.009765610098838806,0.0,hard_fault_cluster
73,N4564,control0,-0.679523766040802,0.3082472267746925,1.8147291421890257,0.2872055950760841,0.20036069740355014,-0.679523766040802,-0.009165659546852112,0.9081035777926445,2.275156861543655,-9.165659546852112e-05,0.33024632930755615,0.04907362908124924,-0.009165659546852112,0.8758775852620602,0.03765064850449562,0.113209068775177,0.011365324258804321,30663.638671875,12810.224609375,17853.4140625,30681.50390625,12805.6943359375,17875.80859375,-0.000582619511988014,0.00035364512586966157,-0.0012543556513264775,-0.0582619511988014,3.804972819983959,0.8467903351783752,3.7750418428331614,1.3572001194953918,0.697216346859932,2.2910587112419307,-0.009165659546852112,8.72720917314291,8.72720917314291,greedy,-0.009165659546852112,0.0,hard_fault_cluster
74,N7854,control0,-0.32328060269355774,5.796748472098261,5.999999999999999,0.4877239304687828,3.76788650686387,-0.32328060269355774,0.003053329885005951,3.0203050383832304,1.7539612293243407,3.053329885005951e-05,0.32979705929756165,0.04509908705949783,0.003053329885005951,3.09147566974163,0.03977688401937485,0.11516107618808746,0.013943973928689957,30681.126953125,12805.271484375,17875.85546875,30606.12890625,12804.759765625,17801.369140625,0.002444435842335224,3.99615710193757e-05,0.004166868049651384,0.24444358423352242,4.0258408188819885,2.25994975656271,3.9897265061736107,3.000942064225674,4.054298222064972,4.0367133235931405,0.003053329885005951,8.730262503027916,8.730262503027916,greedy,0.003053329885005951,0.0,hard_fault_cluster
75,N6669,control1,-0.3524695932865143,5.478613873012364,4.99616138935089,0.26502971110865475,3.561099017458037,-0.3524695932865143,-0.007741972804069519,1.6732301898114381,0.5514341875910759,-7.741972804069519e-05,0.32512667775154114,0.039833344519138336,-0.007741972804069519,1.6195269569754598,0.03700699284672737,0.10735701024532318,0.011370044201612473,30605.95703125,12804.6357421875,17801.3203125,30647.28515625,12866.71875,17780.56640625,-0.001350329490378499,-0.004848478827625513,0.0011658633593469858,-0.1350329490378499,3.732790656387806,1.321458489149809,3.7087221276015043,2.026196480244398,3.611307746171952,3.0539284709468486,-0.007741972804069519,8.722520530223846,8.722520530223846,greedy,-0.007741972804069519,0.0,hard_fault_cluster
76,N519,control1,-0.177693709731102,6.038740299642086,5.170323514938354,0.6571182097494601,3.9251811947673563,-0.177693709731102,0.010343216359615326,3.9082861036062235,2.2614677309989926,0.00010343216359615326,0.3295345604419708,0.038842327892780304,0.010343216359615326,4.051692050993442,0.03927017003297806,0.11219719052314758,0.014164041727781296,30646.748046875,12864.2265625,17782.521484375,30697.07421875,12910.234375,17786.83984375,-0.001642137416638434,-0.003576414892449975,-0.0002428429143037647,-0.1642137416638434,3.9762025475502014,3.1573066227138042,3.9393133893609047,7.037750402092934,4.525180400907994,3.8887282688170677,0.010343216359615326,8.732863746583462,8.732863746583462,greedy,0.010343216359615326,0.0,hard_fault_cluster
77,N4606,control0,-0.47781646251678467,0.37299032840877766,1.8043708763085304,0.36674621939659113,0.24244371346570548,-0.47781646251678467,-0.006348803639411926,1.025790522324387,2.2730988621711727,-6.348803639411926e-05,0.33402907848358154,0.041679807007312775,-0.006348803639411926,0.976001731180586,0.03752380982041359,0.11102154850959778,0.011828429996967316,30698.3359375,12913.3564453125,17784.98046875,30715.818359375,12872.763671875,17843.0546875,-0.0005694908904843032,0.003143471898511052,-0.0032653517555445433,-0.056949089048430324,3.78771198540926,1.0577855659648776,3.761213732883334,4.8695889569818975,0.9752191606909036,2.4718261269829234,-0.006348803639411926,8.72651494294405,8.72651494294405,greedy,-0.006348803639411926,0.0,hard_fault_cluster
78,N3897,control0,-0.5824987888336182,0.2732407333829906,0.5370618891582126,0.27315005600452424,0.1776064766989439,-0.5824987888336182,-0.009255357086658478,0.8720781522955803,0.47227063707468914,-9.255357086658478e-05,0.3345484435558319,0.04485344886779785,-0.009255357086658478,0.8422414485782064,0.0377797931432724,0.11227104067802429,0.011702794581651688,30715.779296875,12872.703125,17843.076171875,30713.8828125,12844.4794921875,17869.404296875,6.174299778649583e-05,0.002192517975345254,-0.0014755373122170568,0.0061742997786495835,3.8135774061083794,0.821961627616547,3.786878837272525,1.1583866518875583,0.6383187935105524,0.5627094227914676,-0.009255357086658478,8.717259585857391,8.717259585857391,greedy,-0.009255357086658478,0.0,hard_fault_cluster
79,N3805,control0,-0.6311037540435791,0.25993470326066015,-0.2023472249507904,0.25993470326066015,0.1689575571194291,-0.6311037540435791,-0.010091647505760193,0.843714015185833,0.8751949071884155,-0.00010091647505760193,0.3337097764015198,0.04748368263244629,-0.010091647505760193,0.8166991740465165,0.03829048573970795,0.1134321540594101,0.01188487559556961,30713.8984375,12844.4990234375,17869.400390625,30720.310546875,12831.099609375,17889.2109375,-0.0002087689790641889,0.0010432025883346796,-0.0011086296290159225,-0.02087689790641889,3.8664406090974808,0.8030385339260101,3.838396582752466,1.0219839298725129,0.5910864472389221,0.45435988919387454,-0.010091647505760193,8.707167938351631,8.707167938351631,greedy,-0.010091647505760193,0.0,hard_fault_cluster
80,N7471,control0,-0.6467050313949585,4.5724160550534725,3.7990561008453367,1.7166216252744195,2.972070435784757,-0.6467050313949585,-0.012397170066833496,6.728238936513662,5.999999999999999,-0.00012397170066833497,0.3315907418727875,0.04939509183168411,-0.012397170066833496,6.565415042862296,0.03873039036989212,0.11405645310878754,0.012069273740053177,30716.12109375,12826.5537109375,17889.56640625,30719.908203125,12819.642578125,17900.265625,-0.00012329386663623154,0.0005388144636526704,-0.0005980703281238675,-0.012329386663623154,3.9100369587540627,1.8561125963181255,3.8822885174304247,1.4500768154114483,3.801478455215692,4.222570319063961,-0.012397170066833496,8.694770768284798,8.694770768284798,greedy,-0.012397170066833496,0.0,hard_fault_cluster
81,N3792,control0,-0.6764094829559326,0.5496721425582655,5.570595967583358e-05,0.5495925626158714,0.35728689266287256,-0.6764094829559326,-0.012467056512832642,1.4517332602090027,0.7231086370917182,-0.00012467056512832642,0.33083444833755493,0.05083957314491272,-0.012467056512832642,1.1635087505255068,0.03909508138895035,0.11477571725845337,0.012183349579572678,30724.154296875,12824.244140625,17899.91015625,30742.859375,12824.1123046875,17918.748046875,-0.0006088069058023393,1.0280211427016184e-05,-0.0010524013778194785,-0.06088069058023393,3.947880655527115,0.8426259083021432,3.919101268053055,0.9989197832811624,0.7252603919478133,0.47144074248250945,-0.012467056512832642,8.682303711771965,8.682303711771965,greedy,-0.012467056512832642,0.0,hard_fault_cluster
82,N7820,control0,-0.33669331669807434,2.7147207796573642,3.3628228187561033,0.5719051498174668,1.7645685067772867,-0.33669331669807434,-0.002730362117290497,1.8804825353622436,2.612020087242126,-2.730362117290497e-05,0.33026745915412903,0.046415142714977264,-0.002730362117290497,1.6647788298130035,0.04070908576250076,0.11635158956050873,0.014307837933301926,30742.416015625,12823.666015625,17918.75,30676.76953125,12831.68359375,17845.0859375,0.0021353717893362045,-0.0006252173334360123,0.004111004527658224,0.21353717893362045,4.114593356847763,1.2762594735622406,4.081829771399498,1.9760008370876312,1.9591569781303404,3.0617996779084202,-0.002730362117290497,8.679573349654675,8.679573349654675,greedy,-0.002730362117290497,0.0,hard_fault_cluster
83,N3722,control0,-0.5628317594528198,1.1926294019818307,0.6650649964809416,0.6967854550480842,0.7752091112881899,-0.5628317594528198,-0.012987427413463593,1.8082461789250375,1.0333977878093719,-0.00012987427413463593,0.3336979150772095,0.04797250032424927,-0.012987427413463593,1.5461928838491439,0.03892292082309723,0.11424429714679718,0.012210477143526077,30677.251953125,12832.1875,17845.064453125,30735.25390625,12840.375,17894.87890625,-0.0018907154444605112,-0.000638043973594904,-0.0027914976235479116,-0.18907154444605112,3.9272771552205086,1.093538840264082,3.9010383505374193,2.1663589698076247,1.4251142159104349,1.1697408121915942,-0.012987427413463593,8.666585922241211,8.666585922241211,greedy,-0.012987427413463593,0.0,hard_fault_cluster
84,N3742,control0,-0.6247189044952393,0.7416936138272285,0.22433366924524306,0.5802040526270866,0.48210084898769856,-0.6247189044952393,-0.014127872884273529,1.6186106975749135,1.0328641116619108,-0.0001412787288427353,0.3339517414569855,0.049526289105415344,-0.014127872884273529,1.35450832080096,0.039010077714920044,0.11474969983100891,0.012100405991077423,30735.22265625,12840.3515625,17894.87109375,30749.3828125,12833.5166015625,17915.8671875,-0.0004607142764143646,0.0005323032382875681,-0.001173302298411727,-0.04607142764143646,3.936406187713146,0.9049648523330689,3.90985737554729,1.2668845057487488,0.9421814143657684,0.7546033764365712,-0.014127872884273529,8.652458049356937,8.652458049356937,greedy,-0.014127872884273529,0.0,hard_fault_cluster
85,N3862,control0,-0.6524782776832581,0.6724317342042921,0.054866768419742584,0.5526108935475348,0.4370806272327899,-0.6524782776832581,-0.014002643525600433,1.543523108381778,0.9850778400897979,-0.00014002643525600432,0.33357611298561096,0.05078784376382828,-0.014002643525600433,1.2772123241238296,0.03927193582057953,0.11535017192363739,0.012213151901960373,30749.38671875,12833.486328125,17915.900390625,30762.171875,12830.8876953125,17931.28515625,-0.0004157857329118997,0.00020248845976311713,-0.0008587213233113289,-0.04157857329118997,3.9639787822961807,0.8932647013664246,3.93638988211751,1.1375004851818085,0.8297160118818283,0.609176702669356,-0.014002643525600433,8.638455405831337,8.638455405831337,greedy,-0.014002643525600433,0.0,hard_fault_cluster
86,N724,observe,-0.3849104642868042,5.115885838866234,5.425902414321898,0.49910303503274916,3.325325795263052,-0.3849104642868042,-0.013397008180618286,2.0793570066988467,2.5518581628799435,-0.00013397008180618286,0.33086058497428894,0.044943369925022125,-0.013397008180618286,1.8356770089268684,0.0410240963101387,0.11615900695323944,0.014566745609045029,30761.94921875,12830.09765625,17931.8515625,30820.58203125,12930.6328125,17889.94921875,-0.001906017423607409,-0.007835883647203445,0.0023367549292743206,-0.1906017423607409,4.133955992758274,1.999756885021925,4.110296221449971,2.4051103119552133,2.9142281293869017,3.9942482841014857,-0.013397008180618286,8.625058397650719,8.625058397650719,greedy,-0.013397008180618286,0.0,hard_fault_cluster
87,N3848,control0,-0.5688158273696899,0.42236982565169456,-0.20269935603209888,0.4224746769666672,0.2745403866736015,-0.5688158273696899,-0.01766987144947052,1.107586096294999,0.6746440291404724,-0.0001766987144947052,0.33444324135780334,0.047046929597854614,-0.01766987144947052,1.04573495734443,0.03953332453966141,0.11414597928524017,0.012706134468317032,30820.783203125,12931.423828125,17889.359375,30832.87109375,12902.5390625,17930.33203125,-0.0003921993193216622,0.002233688021078706,-0.002290336648002267,-0.03921993193216622,3.982709512114525,1.0102255686474382,3.9606767185032368,2.320559849255951,1.1715517031989293,0.7496371174948582,-0.01766987144947052,8.607388526201248,8.607388526201248,greedy,-0.01766987144947052,0.0,hard_fault_cluster
88,N5723,control0,-0.6219432353973389,0.2986752660339698,-0.2004076308920048,0.2976531410217285,0.1941389229220804,-0.6219432353973389,-0.0173133984208107,0.9643552331399405,0.7289396226406097,-0.000173133984208107,0.33515551686286926,0.049044474959373474,-0.0173133984208107,0.9441566406135098,0.039602212607860565,0.11464357376098633,0.012581132352352142,30833.064453125,12902.037109375,17931.02734375,30827.84765625,12881.7568359375,17946.08984375,0.00016919488552957773,0.0015718659851700068,-0.0008400243823416531,0.016919488552957773,3.9919523373246193,0.8616121361218393,3.968154029920697,1.3928642401657998,0.7218536877539008,0.4726526885270141,-0.0173133984208107,8.590075127780437,8.590075127780437,greedy,-0.0173133984208107,0.0,hard_fault_cluster
89,N3820,control0,-0.6466624140739441,0.2760039048614271,-0.20250075378462495,0.27602329224348066,0.17940253815992763,-0.6466624140739441,-0.016485057771205902,0.8786193775175889,0.674746972322464,-0.000164850577712059,0.3349039852619171,0.05051632225513458,-0.016485057771205902,0.8488937732910108,0.039840519428253174,0.11527831852436066,0.012662183493375778,30827.85546875,12882.3203125,17945.53515625,30827.07421875,12871.017578125,17956.056640625,2.5342340450151823e-05,0.0008773834560997784,-0.0005863009719178081,0.0025342340450151823,4.018083207309246,0.8426827906008111,3.9925597589462996,1.2012399016256676,0.6507039751697449,0.41124367986696597,-0.016485057771205902,8.573590070009232,8.573590070009232,greedy,-0.016485057771205902,0.0,hard_fault_cluster
90,N2008,observe,-1.2793534994125366,-3.268263715207577,-4.165747475624085,0.46661649376153946,-2.124371414884925,-1.2793534994125366,0.01268334686756134,2.18908209502697,4.093518781661987,0.0001268334686756134,0.07231846451759338,0.018452102318406105,0.01268334686756134,3.059212772846222,0.05006137490272522,0.08915115892887115,0.022283285856246948,30824.330078125,12867.48046875,17956.849609375,31035.353515625,12927.236328125,18108.1171875,-0.0068460023030638695,-0.004643944092094898,-0.008423948660492897,-0.684600230306387,5.037272939458489,4.734656231403351,5.013921352569014,5.517735950946808,0.6792594194412231,0.6856580545008182,0.01268334686756134,8.586273416876793,8.586273416876793,greedy,0.01268334686756134,0.0,hard_fault_cluster
91,N3756,control0,-1.0509635210037231,0.24692381069064134,-1.7468173325061798,0.3424668972194194,0.16050047694891686,-1.0509635210037231,0.04753267765045166,1.3391048729419708,1.8501750946044921,0.0004753267765045166,0.07419067621231079,0.02098238654434681,0.02098238654434681,1.2311391471326352,0.05476933717727661,0.10082054138183594,0.023916907608509064,31038.099609375,12930.767578125,18107.33203125,30994.44140625,12925.83984375,18068.6015625,0.0014066003495827317,0.00038108599255792797,0.002138938521966338,0.14066003495827317,5.54544878192246,1.349705994129181,5.494062483776361,1.2885764122009276,0.7632698774337768,-0.1719560249953065,0.04753267765045166,8.633806094527245,8.633806094527245,greedy,0.04753267765045166,0.0,hard_fault_cluster
92,N3904,control0,-1.015684962272644,0.13534875035285948,-1.8187320109456775,0.162108765989542,0.08797668772935867,-1.015684962272644,0.048514530062675476,0.6987293333746494,0.8773129999637603,0.00048514530062675475,0.0749153196811676,0.021983763203024864,0.021983763203024864,0.733875135416165,0.05492120608687401,0.10144342482089996,0.024128250777721405,30994.62890625,12925.875,18068.75390625,30980.44921875,12921.24609375,18059.203125,0.0004574885533656925,0.0003581116325221956,0.0005285799852572381,0.04574885533656925,5.562618901953101,0.9546280950307846,5.509745182003826,0.9785210520029068,0.5248367980122566,-0.5721808689832689,0.048514530062675476,8.68232062458992,8.68232062458992,greedy,0.048514530062675476,0.0,hard_fault_cluster
93,N7880,control1,-1.0428988933563232,0.1359897497660131,1.8001225737141793,0.13581464446004246,0.08839333734790852,-1.0428988933563232,0.047355279326438904,0.6554267063733278,0.4979262232169276,0.00047355279326438904,0.060043126344680786,0.03542681038379669,0.03542681038379669,1.1559499539190075,0.05117138475179672,0.08064845204353333,0.026935387402772903,30979.73046875,12920.51171875,18059.21875,31056.23046875,13003.828125,18052.40234375,-0.0024693566374480724,-0.00644838297739625,0.0003774474607780576,-0.24693566374480724,5.199920564889908,0.8048056777182501,5.137833997607231,0.8047646935645025,0.38377416821313093,0.9272375461777848,0.047355279326438904,8.729675903916359,8.729675903916359,greedy,0.047355279326438904,0.0,hard_fault_cluster
94,N5876,observe,-0.13112951815128326,3.311825627088547,4.015180206298828,0.4353747636079788,2.1526866576075556,-0.13112951815128326,0.03529605269432068,2.1433999401330945,2.859345006942749,0.00035296052694320677,0.33159491419792175,0.05450129508972168,0.03529605269432068,2.121197738647461,0.048741891980171204,0.12688025832176208,0.021986715495586395,31056.90625,13004.6708984375,18052.234375,30943.66015625,12939.0576171875,18004.6015625,0.0036464061122387648,0.005045362748205662,0.0026386103127151728,0.3646406112238765,4.963986545801163,1.8094612348079682,4.896638534963131,1.8786579358577729,2.3465726733207704,3.61588974237442,0.03529605269432068,8.76497195661068,8.76497195661068,greedy,0.03529605269432068,0.0,hard_fault_cluster
95,N7370,control1,-0.22875815629959106,3.607112209126353,3.6910875082015986,0.9175541644170879,2.3446229359321293,-0.22875815629959106,0.03424346446990967,4.740056933090091,4.312900590896606,0.0003424346446990967,0.3268009126186371,0.04673788696527481,0.03424346446990967,5.342474080622196,0.04303485155105591,0.115876704454422,0.016186587512493134,30943.34765625,12938.46484375,18004.8828125,30892.984375,12954.265625,17938.71875,0.0016275964444503188,-0.0012212253641337156,0.003674784442409873,0.16275964444503188,4.384466506540775,4.753742376565933,4.323730492964387,4.577527037858963,3.7695974349975585,4.1992104950547215,0.03424346446990967,8.79921542108059,8.79921542108059,greedy,0.03424346446990967,0.0,hard_fault_cluster
96,N3841,control0,-0.4336908757686615,0.9690780426561832,2.2352499485015866,0.3472924019396305,0.6299007277265192,-0.4336908757686615,0.0036835744976997375,1.1295445869863032,2.325327444076538,3.683574497699738e-05,0.33376964926719666,0.048977963626384735,0.0036835744976997375,1.0843626934289932,0.04141584783792496,0.11635828018188477,0.014485090970993042,30893.39453125,12954.7900390625,17938.60546875,30899.427734375,12932.388671875,17967.0390625,-0.0001952910388354212,0.0017291957046836615,-0.0015850503696128726,-0.01952910388354212,4.19424632191658,1.6417883169651033,4.154750168323517,5.815449310541153,1.151193442940712,2.3304665108025073,0.0036835744976997375,8.802898995578289,8.802898995578289,greedy,0.0036835744976997375,0.0,hard_fault_cluster
97,N694,observe,-0.24236540496349335,1.796080200187862,2.865604746341705,0.35149210574105383,1.1674521301221104,-0.24236540496349335,-0.0018890202045440674,1.249926032591611,2.2983876168727875,-1.8890202045440675e-05,0.3319554030895233,0.04311412572860718,-0.0018890202045440674,1.23485887914896,0.042662788182497025,0.11732786893844604,0.016314327716827393,30899.3671875,12931.6923828125,17967.67578125,30933.404296875,13004.8671875,17928.537109375,-0.0011015471536666155,-0.005658563692122698,0.0021782824769616127,-0.11015471536666155,4.307503923773766,1.6703440952301025,4.276585094630718,3.5591674709320067,1.8872261106967927,3.3266969719529147,-0.0018890202045440674,8.801009975373745,8.801009975373745,greedy,-0.0018890202045440674,0.0,hard_fault_cluster
98,N7679,observe,-0.42571380734443665,1.045559939071536,2.076014995574951,0.6512528025358916,0.6796139603964985,-0.42571380734443665,0.0013036280870437622,2.4349062208086254,3.2339602231979367,1.3036280870437622e-05,0.33919766545295715,0.04827839881181717,0.0013036280870437622,2.5450750215724107,0.04149589687585831,0.11750635504722595,0.015004407614469528,30932.9296875,13005.04296875,17927.88671875,30984.7578125,13002.9140625,17981.84375,-0.0016755000688135624,0.00016369851073250175,-0.003009670414030552,-0.16755000688135624,4.199171714484692,1.4288000327721238,4.161985194310546,3.856761206835508,1.958078644797206,3.372751119118184,0.0013036280870437622,8.802313603460789,8.802313603460789,greedy,0.0013036280870437622,0.0,hard_fault_cluster
99,N869,observe,-0.44793590903282166,1.2232279065996408,2.2882708132266996,0.525698173418641,0.7950981392897665,-0.44793590903282166,0.008263066411018372,2.5879249513149265,3.6729136943817133,8.263066411018372e-05,0.33703747391700745,0.045440301299095154,0.008263066411018372,2.920580673441291,0.0413476899266243,0.1167077124118805,0.014851685613393784,30984.265625,13002.3037109375,17981.9609375,31003.8046875,13020.900390625,17982.904296875,-0.0006306124269030988,-0.0014302603667601943,-5.246142973192036e-05,-0.06306124269030988,4.188472360372543,1.1694843373447656,4.148194834589958,1.4596609077602625,1.5563926398754118,3.1116552159190176,0.008263066411018372,8.810576669871807,8.810576669871807,greedy,0.008263066411018372,0.0,hard_fault_cluster
100,N4621,control0,-0.5583348274230957,0.1067915697395801,-1.9422804385423658,0.3100493390858173,0.06941452033072706,-0.5583348274230957,0.0022023916244506836,1.0527907140552997,2.4585072696208954,2.2023916244506836e-05,0.3396998643875122,0.047925084829330444,0.0022023916244506836,1.0709637554734945,0.04116791486740112,0.1174374669790268,0.014344725757837296,31004.60546875,13021.912109375,17982.693359375,30933.8984375,12949.8623046875,17984.03515625,0.002280533080920577,0.005532966461032629,-7.461601489922032e-05,0.2280533080920577,4.166918963193893,0.8211824399232864,4.129323355853558,1.0626186949014664,0.6764606133103371,0.07040962420869601,0.0022023916244506836,8.812779061496258,8.812779061496258,greedy,0.0022023916244506836,0.0,hard_fault_cluster
101,N7733,control0,-0.5851089954376221,0.288481016010046,0.021969145908951757,0.25709652185440063,0.18751266040652992,-0.5851089954376221,-0.001569211483001709,0.8430726886726916,0.4721518232066955,-1.569211483001709e-05,0.33867475390434265,0.05027209222316742,-0.001569211483001709,0.8160973266605287,0.04141395539045334,0.11779271066188812,0.01434355229139328,30933.392578125,12949.216796875,17984.17578125,30889.1328125,12910.9697265625,17978.1640625,0.0014308086829259992,0.002953620394691825,0.00033427824382670224,0.14308086829259992,4.1900984197855,0.8150444459915162,4.153571259230375,0.9557332289218903,0.5935096383094788,0.4005913184876181,-0.001569211483001709,8.811209850013256,8.811209850013256,greedy,-0.001569211483001709,0.0,hard_fault_cluster
102,N6533,observe,-0.2201836109161377,3.5656412019580603,3.5730248928070063,1.0327484979480506,2.3176667812727394,-0.2201836109161377,0.05058477818965912,5.775630312785506,5.999999999999999,0.0005058477818965912,0.33021029829978943,0.03700636327266693,0.03700636327266693,6.732882150672376,0.046224068850278854,0.1208713948726654,0.019340187311172485,30888.328125,12910.12109375,17978.20703125,30990.513671875,13006.9140625,17983.599609375,-0.003308225190266967,-0.0074974484741687775,-0.0002999508287757635,-0.3308225190266967,4.7099980264902115,3.687163846902549,4.644304670393467,4.109071987085044,4.02818644978106,4.718321192357688,0.05058477818965912,8.861794628202915,8.861794628202915,greedy,0.05058477818965912,0.0,hard_fault_cluster
103,N2149,observe,0.4315502345561981,6.648505203425884,4.797875404357909,1.083953642398119,4.321528382226825,0.4315502345561981,0.1290840208530426,6.520963799953461,5.4305899143218985,0.0012908402085304261,0.33832284808158875,0.033844128251075745,0.033844128251075745,5.031527959406375,0.05323756858706474,0.13021831214427948,0.02740323916077614,30991.978515625,13008.458984375,17983.51953125,30949.705078125,13045.705078125,17904.0,0.001364012248814106,-0.002863221103325486,0.004421800374984741,0.1364012248814106,5.486685007810593,7.189471541047097,5.364488895982504,7.189471541047097,6.262292982637883,5.153336854502559,0.1290840208530426,8.990878649055958,8.990878649055958,greedy,0.1290840208530426,0.0,hard_fault_cluster
104,N7731,control0,-0.3227017819881439,1.012633035480976,0.47244416460162025,0.33786721020936966,0.6582114730626345,-0.3227017819881439,0.024323321878910065,1.1879874610900878,0.7510765552520752,0.00024323321878910064,0.33599013090133667,0.03775719553232193,0.024323321878910065,1.2125131314992905,0.04218687862157822,0.11552482843399048,0.015500187873840332,30949.0390625,13044.9990234375,17904.0390625,30938.828125,12984.865234375,17953.962890625,0.0003299274540040642,0.004609719850122929,-0.0027884114533662796,0.03299274540040642,4.280768379569054,3.276346435546875,4.23420799151063,2.9535239124298096,1.4275955736637116,1.045184808613267,0.024323321878910065,9.015201970934868,9.015201970934868,greedy,0.024323321878910065,0.0,hard_fault_cluster
105,N520,control1,-0.29902181029319763,3.03386971205473,3.693795013427734,0.5139830370247365,1.9720153128355746,-0.29902181029319763,0.023756325244903564,2.6578632593154907,3.2385227441787716,0.00023756325244903565,0.3324996531009674,0.038204848766326904,0.023756325244903564,2.8532440462708473,0.04121193289756775,0.1099405437707901,0.014486435800790787,30937.48828125,12982.328125,17955.16015625,30923.046875,13001.716796875,17921.330078125,0.0004667931061703712,-0.001493466435931623,0.0018841424025595188,0.04667931061703712,4.183154463768005,6.04415861427784,4.1366835832595825,6.452087414860726,3.0360317543148994,4.073420640304684,0.023756325244903564,9.038958296179771,9.038958296179771,greedy,0.023756325244903564,0.0,hard_fault_cluster
106,N7846,control0,-0.08631546795368195,3.255225045979023,3.8894083023071286,0.5026604752242565,2.115896279886365,-0.08631546795368195,0.02220068871974945,2.442813499122858,3.023661351203918,0.0002220068871974945,0.33828040957450867,0.03654889762401581,0.02220068871974945,2.506672256588936,0.041980206966400146,0.11542540788650513,0.016101449728012085,30924.37890625,13004.36328125,17920.015625,30817.216796875,12961.771484375,17855.4453125,0.003465295536443591,0.0032751928083598614,0.00360325095243752,0.3465295536443591,4.25677028298378,2.026873861849308,4.212708093225956,2.957687293589115,2.968552339076996,4.029559020400047,0.02220068871974945,9.06115898489952,9.06115898489952,greedy,0.02220068871974945,0.0,hard_fault_cluster
107,N2569,control1,-0.23706288635730743,1.372243373254314,2.4553013384342193,0.4360986040625721,0.8919581926153042,-0.23706288635730743,0.013834983110427856,1.8004639676772056,2.763927936553955,0.00013834983110427856,0.33532795310020447,0.03401791304349899,0.013834983110427856,1.8953075316548347,0.039069872349500656,0.10959920287132263,0.01333785429596901,30811.796875,12953.0166015625,17858.78125,30914.28515625,13017.2578125,17897.02734375,-0.0033262677025049925,-0.004959555808454752,-0.002141584875062108,-0.33262677025049925,3.9548401311039925,0.9140806832909584,3.9189504589885473,1.8940607944130896,1.8279312819242477,3.255078286975622,0.013834983110427856,9.074993968009949,9.074993968009949,greedy,0.013834983110427856,0.0,hard_fault_cluster
108,N5740,observe,-0.2814277708530426,1.6610075657069683,2.640311622619629,0.46056239053606984,1.0796549177095294,-0.2814277708530426,0.02001151442527771,2.3792163752019406,3.4536174535751343,0.0002001151442527771,0.3360062539577484,0.034707359969615936,0.02001151442527771,2.662917807325721,0.03915464133024216,0.11245034635066986,0.013347089290618896,30920.05078125,13026.1728515625,17893.87890625,30933.2890625,13026.265625,17907.0234375,-0.0004281455185264349,-7.122079296095762e-06,-0.0007345825433731079,-0.04281455185264349,3.9701830074191093,1.2127217685431242,3.929143851622939,1.2684612905234098,1.6607937850058079,3.1795159602537746,0.02001151442527771,9.095005482435226,9.095005482435226,greedy,0.02001151442527771,0.0,hard_fault_cluster
109,N5878,observe,0.07293235510587692,5.330469787120819,4.641674518585205,1.315905510187149,3.4648053616285326,0.07293235510587692,0.060063838958740234,6.522144010663033,5.999999999999999,0.0006006383895874024,0.3473062217235565,0.040462397038936615,0.040462397038936615,5.711981375813484,0.04591193050146103,0.1254456490278244,0.020645510405302048,30933.599609375,13026.7890625,17906.810546875,30781.48828125,12913.017578125,17868.470703125,0.00491734966635704,0.008733655326068401,0.0021410761401057243,0.49173496663570404,4.69171928614378,4.448891857564449,4.616324609145522,5.221141556203365,5.2420460969209675,5.507329962998629,0.060063838958740234,9.155069321393967,9.155069321393967,greedy,0.060063838958740234,0.0,hard_fault_cluster
110,N7588,control1,-0.23723404109477997,1.5918633822351695,2.7151383519172665,0.33643676843494175,1.0347111984528603,-0.23723404109477997,0.03289186209440231,1.7706979725509882,2.9302509188652035,0.0003289186209440231,0.34032967686653137,0.03374893218278885,0.03289186209440231,1.9734295538067819,0.03918081149458885,0.11170871555805206,0.01343788206577301,30780.697265625,12911.900390625,17868.796875,30766.6640625,12904.9453125,17861.71875,0.0004559092049021274,0.0005386564298532903,0.00039611649117432535,0.04559092049021274,3.9847219437360764,1.0726648434996604,3.934741348028183,0.9629995688796043,1.5448468536138535,3.1041504548490044,0.03289186209440231,9.187961183488369,9.187961183488369,greedy,0.03289186209440231,0.0,hard_fault_cluster
111,N867,observe,-0.27165526151657104,2.2822842936962844,3.478380703926086,0.17097540725022556,1.483484790902585,-0.27165526151657104,0.0283517986536026,1.061277551651001,2.2801274776458738,0.000283517986536026,0.3428785800933838,0.03447666019201279,0.0283517986536026,1.0578041277080774,0.04003918543457985,0.11361676454544067,0.014252044260501862,30766.666015625,12904.923828125,17861.7421875,30833.875,12963.77734375,17870.09765625,-0.0021844741422683,-0.004560547415167093,-0.00046778577961958945,-0.21844741422683,4.0667470023036,1.4162458489462733,4.019625658169389,1.3932891200110316,1.4357215080410244,3.0332189802266654,0.0283517986536026,9.216312982141972,9.216312982141972,greedy,0.0283517986536026,0.0,hard_fault_cluster
112,N2157,observe,0.4556526839733124,6.761172775924205,5.999999999999999,1.162820943146944,4.394762304350733,0.4556526839733124,0.12072412669658661,6.62616147249937,5.999999999999999,0.001207241266965866,0.34854596853256226,0.031261272728443146,0.031261272728443146,7.226342483758926,0.050851184874773026,0.1295648217201233,0.02591691166162491,30834.80078125,12964.8154296875,17869.986328125,30795.55078125,12983.78125,17811.76953125,0.0012729123700410128,-0.0014628685312345624,0.0032577975653111935,0.12729123700410128,5.237103886902332,7.495532946586609,5.12311483733356,7.495532946586609,6.224943482875824,6.146213263869286,0.12072412669658661,9.337037108838558,9.337037108838558,greedy,0.12072412669658661,0.0,hard_fault_cluster
113,N7626,observe,-0.234556183218956,1.1634223017096519,2.3168086409568787,0.4251242431998253,0.7562244961112737,-0.234556183218956,0.04077933728694916,1.6773754760622979,2.786129212379455,0.00040779337286949157,0.3493705987930298,0.03819524496793747,0.03819524496793747,1.5710912679135798,0.04213867336511612,0.1192387044429779,0.01657119020819664,30795.01171875,12983.310546875,17811.701171875,30880.392578125,12984.513671875,17895.87890625,-0.0027725547552108765,-9.266704000765458e-05,-0.004725979641079903,-0.27725547552108765,4.292841918766499,1.5275891965627668,4.233610982075334,1.529301089644432,1.2714274883270265,2.926427867412567,0.04077933728694916,9.377816446125507,9.377816446125507,greedy,0.04077933728694916,0.0,hard_fault_cluster
114,N4716,control0,-0.2144293189048767,3.1634845735738053,4.237580823898315,0.14249550118809567,2.0562649728229734,-0.2144293189048767,0.027768410742282867,1.184236573500093,2.2993229269981383,0.00027768410742282865,0.33529332280158997,0.03456912934780121,0.027768410742282867,1.1903519086539744,0.03935012221336365,0.11433239281177521,0.013859707862138748,30880.98828125,12985.10546875,17895.8828125,30812.814453125,12955.4609375,17857.353515625,0.0022076310124248266,0.0022829642985016108,0.002152969827875495,0.22076310124248266,3.997349761426449,0.5724774112552404,3.9505966063588858,0.5562848558276892,1.850945558398962,2.7781146129593255,0.027768410742282867,9.40558485686779,9.40558485686779,greedy,0.027768410742282867,0.0,hard_fault_cluster
115,N7847,control0,-0.05795414373278618,5.696173816919327,5.999999999999999,0.41732167184352875,3.7025129809975623,-0.05795414373278618,0.02884984016418457,2.770812126994133,3.108905208110809,0.0002884984016418457,0.3383605182170868,0.03617943078279495,0.02884984016418457,2.8071049058437345,0.040852487087249756,0.11589556932449341,0.015535756945610046,30812.255859375,12954.896484375,17857.359375,30737.1171875,12930.3203125,17806.796875,0.0024385969154536724,0.0018970565870404243,0.0028314655646681786,0.24385969154536724,4.150277979671955,2.215781641304493,4.1015060264617205,2.2057504180073737,3.643000462651253,4.467950300723315,0.02884984016418457,9.434434697031975,9.434434697031975,greedy,0.02884984016418457,0.0,hard_fault_cluster
116,N7853,control0,-0.032619331032037735,3.639397941529751,4.361690640449524,0.37014151468873024,2.365608661994338,-0.032619331032037735,0.025152578949928284,2.0369276846945286,2.7622652649879456,0.00025152578949928285,0.33942413330078125,0.036262087523937225,0.025152578949928284,2.0584060370922086,0.04055368900299072,0.11524824798107147,0.015387944877147675,30737.126953125,12930.318359375,17806.80859375,30711.876953125,12926.556640625,17785.3203125,0.0008214820991270244,0.0002909223549067974,0.001206745277158916,0.08214820991270244,4.116783566772938,1.778273071348667,4.070722566917539,2.243728484213352,2.634502464532852,3.8124266019463535,0.025152578949928284,9.459587275981903,9.459587275981903,greedy,0.025152578949928284,0.0,hard_fault_cluster
117,N7852,control0,-0.02190658450126648,3.6658438816666603,4.37957706451416,0.3734502123296261,2.3827985230833293,-0.02190658450126648,0.022379033267498016,1.8638551957905292,2.5967033982276915,0.00022379033267498017,0.34053316712379456,0.03612980246543884,0.022379033267498016,1.8505343383550643,0.04030615836381912,0.11424575746059418,0.01521667093038559,30711.888671875,12926.564453125,17785.32421875,30692.44140625,12922.521484375,17769.919921875,0.000633216230198741,0.00031276437221094966,0.0008661240572109818,0.0633216230198741,4.089124672114849,1.8244842237234116,4.0452430453151464,2.6961100047826765,2.787704879045487,3.912008171379566,0.022379033267498016,9.481966309249401,9.481966309249401,greedy,0.022379033267498016,0.0,hard_fault_cluster
118,N1533,control1,-0.19460539519786835,2.5075663594529036,3.6319745063781737,0.19811812119558453,1.6299181336443873,-0.19460539519786835,0.013006865978240967,1.2495110380463301,2.384007066488266,0.00013006865978240967,0.3361687660217285,0.034575022757053375,0.013006865978240967,1.2684440252929925,0.037751227617263794,0.10841485857963562,0.01236950233578682,30677.037109375,12897.486328125,17779.55078125,30797.828125,12966.35546875,17831.47265625,-0.00393750611692667,-0.00533973379060626,-0.0029203142039477825,-0.393750611692667,3.8227046504616737,0.8319548377022148,3.787018233910203,1.2735041090473533,1.6632987577468157,2.973261456657201,0.013006865978240967,9.494973175227642,9.494973175227642,greedy,0.013006865978240967,0.0,hard_fault_cluster
119,N2580,control1,-0.2402200549840927,2.460895498096943,3.538736724853515,0.24470063254237176,1.599582073763013,-0.2402200549840927,0.012663580477237701,1.6850658141076564,2.791641354560852,0.00012663580477237702,0.3332333564758301,0.03260321915149689,0.012663580477237701,1.8539346398413181,0.037344299256801605,0.10791192948818207,0.012447848916053772,30803.78515625,12979.3125,17824.47265625,30825.5390625,12992.0009765625,17833.537109375,-0.0007062088698148727,-0.000977592309936881,-0.0005085397860966623,-0.07062088698148727,3.779696725308895,0.9012652521580458,3.745746625587344,0.8740988557785749,1.778955266624689,3.2563209233060473,0.012663580477237701,9.50763675570488,9.50763675570488,greedy,0.012663580477237701,0.0,hard_fault_cluster
120,N8023,control0,-0.3955632150173187,0.6799694341421127,2.0797549217939375,0.2803195458650589,0.4419801321923733,-0.3955632150173187,0.010148689150810242,1.1122013337910175,2.479239636659622,0.00010148689150810242,0.3385528326034546,0.037322886288166046,0.010148689150810242,1.135988562479615,0.038234688341617584,0.1125449687242508,0.012395024299621582,30835.49609375,13004.3291015625,17831.166015625,30783.421875,12932.3359375,17851.0859375,0.0016887751407921314,0.0055360919795930386,-0.0011171407531946898,0.16887751407921314,3.8709404096007347,0.9804923903942108,3.8353367280215025,0.9779833984374999,0.7822169572114945,2.0834410221874715,0.010148689150810242,9.51778544485569,9.51778544485569,greedy,0.010148689150810242,0.0,hard_fault_cluster
121,N8019,control0,-0.4948195517063141,0.4779838675260544,1.944784167408943,0.27114934265613555,0.31068951389193533,-0.4948195517063141,0.0065725818276405334,1.0253162525594235,2.435595196485519,6.572581827640533e-05,0.34056374430656433,0.040329523384571075,0.0065725818276405334,1.0399039226025342,0.039027340710163116,0.1146494597196579,0.012783944606781006,30783.42578125,12932.3388671875,17851.087890625,30764.25390625,12894.66015625,17869.59375,0.000622798630502075,0.0029135264921933413,-0.0010366796050220728,0.062279863050207496,3.9496361762285233,0.8976367223262787,3.9144595973193645,0.890962152481079,0.674677774310112,2.013540553301573,0.0065725818276405334,9.52435802668333,9.52435802668333,greedy,0.0065725818276405334,0.0,hard_fault_cluster
122,N8021,control0,-0.5549771189689636,0.37326065316796303,-0.2797320745885372,0.25603850051760674,0.24261942455917598,-0.5549771189689636,0.0048454925417900085,0.9328747967258095,2.374713796377182,4.845492541790009e-05,0.3395746648311615,0.04348412901163101,0.0048454925417900085,0.9359664974547922,0.03973850607872009,0.11593559384346008,0.013116501271724701,30764.400390625,12894.712890625,17869.6875,30763.078125,12875.15625,17887.921875,4.298038038541563e-05,0.0015166403027251363,-0.0010204081190750003,0.004298038038541563,4.02218022942543,0.8435786765813827,3.9859330132603645,0.8313911479711532,0.60188028216362,0.9573879787325859,0.0048454925417900085,9.52920351922512,9.52920351922512,greedy,0.0048454925417900085,0.0,hard_fault_cluster
123,N5356,observe,-0.4605918228626251,3.6863726584240792,4.519932913780212,0.26851788418367506,2.3961422279756515,-0.4605918228626251,0.01479804515838623,1.9873893194179981,2.826983785629272,0.0001479804515838623,0.33546730875968933,0.041493237018585205,0.01479804515838623,2.046732484381646,0.039244648069143295,0.1146249920129776,0.012958616018295288,30762.42578125,12874.54296875,17887.8828125,30851.005859375,12945.384765625,17905.62109375,-0.0028794894460588694,-0.0055024707689881325,-0.0009916366543620825,-0.28794894460588694,3.980756089091301,1.0297031893674284,3.9385376274585724,0.9942897751275449,2.336627464275807,3.618807851779274,0.01479804515838623,9.544001564383507,9.544001564383507,greedy,0.01479804515838623,0.0,hard_fault_cluster
124,N8015,control0,-0.5732196569442749,0.31619892552495,-1.7451646119356155,0.23786265686154362,0.2055293015912175,-0.5732196569442749,0.0080624520778656,0.8185831449925899,2.280191022157669,8.0624520778656e-05,0.33792874217033386,0.043925151228904724,0.0080624520778656,0.8015570402890443,0.039621949195861816,0.11663956940174103,0.01294730231165886,30851.4921875,12945.931640625,17905.560546875,30809.2421875,12895.26953125,17913.97265625,0.0013694637455046177,0.003913361579179764,-0.00046980430488474667,0.13694637455046177,4.014182522892952,0.8138916087150574,3.975191820412874,0.8081764113903046,0.5559706866741181,0.2563809463381765,0.0080624520778656,9.552064016461372,9.552064016461372,greedy,0.0080624520778656,0.0,hard_fault_cluster
125,N8013,control0,-0.6164023876190186,0.4423610845208168,0.6195449501276016,0.2406522014737129,0.28753470493853095,-0.6164023876190186,0.0057840496301651,0.8626269795000553,2.3022604942321774,5.7840496301651e-05,0.3368099331855774,0.046610236167907715,0.0057840496301651,0.8494144321233035,0.04032459110021591,0.11765679717063904,0.013339094817638397,30809.396484375,12895.326171875,17914.0703125,30794.85546875,12871.1572265625,17923.69921875,0.0004719669232144952,0.0018742406973615289,-0.0005375051987357438,0.04719669232144952,4.084853395819664,0.842592031955719,4.045557681471109,0.8379631292819977,0.6125513672828675,1.3563877969980238,0.0057840496301651,9.557848066091537,9.557848066091537,greedy,0.0057840496301651,0.0,hard_fault_cluster
126,N871,observe,-0.5736545920372009,2.342166361734271,2.458583122491836,1.401333329603076,1.5224081351272762,-0.5736545920372009,0.014634102582931519,5.491363173350692,5.503395843505858,0.0001463410258293152,0.3336881995201111,0.04575388878583908,0.014634102582931519,5.527590786479414,0.04078688845038414,0.11734838783740997,0.014072645455598831,30793.92578125,12870.2509765625,17923.67578125,30875.2421875,12942.13671875,17933.10546875,-0.0026406638789922,-0.00558541901409626,-0.0005261023179627955,-0.26406638789922,4.139076836407185,1.412211031578481,4.093785842880607,1.3788243242725728,2.460202111676335,3.6991313725896173,0.014634102582931519,9.572482168674469,9.572482168674469,greedy,0.014634102582931519,0.0,hard_fault_cluster
127,N8011,control0,-0.6339043974876404,0.5001159979403018,1.87387353181839,0.23997045293450353,0.32507539866119617,-0.6339043974876404,0.00859186053276062,0.8582460030913353,2.2848390340805054,8.59186053276062e-05,0.33491095900535583,0.047987788915634155,0.00859186053276062,0.8387315529584883,0.041041262447834015,0.11844789981842041,0.013998545706272125,30876.177734375,12943.048828125,17933.12890625,30829.99609375,12890.1748046875,17939.8203125,0.0014957046369090676,0.004085129126906395,-0.00037313098437152803,0.14957046369090676,4.160705894231796,0.8820468735694885,4.1182711571455,0.8738230597972869,0.6354398399591447,1.9375293327867982,0.00859186053276062,9.58107402920723,9.58107402920723,greedy,0.00859186053276062,0.0,hard_fault_cluster
128,N8009,control0,-0.6627554893493652,0.436308139115572,0.33720998913049693,0.24364704743027688,0.2836002904251218,-0.6627554893493652,0.005732685327529907,0.8648566979914903,1.6904454827308655,5.732685327529907e-05,0.33376389741897583,0.05001597851514816,0.005732685327529907,0.8500798353925347,0.041419971734285355,0.11887359619140625,0.014089617878198624,30829.796875,12890.1025390625,17939.6953125,30815.61328125,12867.03125,17948.58203125,0.00046006121556274593,0.0017898452933877707,-0.0004953662282787263,0.04600612155627459,4.1977458372712135,0.8588393384218216,4.155934339389205,0.8422485345602035,0.6218756482005119,0.9979561667889356,0.005732685327529907,9.58680671453476,9.58680671453476,greedy,0.005732685327529907,0.0,hard_fault_cluster
129,N715,observe,-0.38801518082618713,3.9596289765089754,4.818297052383422,0.20618778903037308,2.573758834730834,-0.38801518082618713,0.005719423294067383,1.4559953917190431,2.3740744709968564,5.7194232940673825e-05,0.33072754740715027,0.04511166363954544,0.005719423294067383,1.4378175117075442,0.043224312365055084,0.11964461207389832,0.01644834876060486,30814.736328125,12865.806640625,17948.9296875,30854.1171875,12951.28125,17902.8359375,-0.0012779878452420235,-0.006643548607826233,0.002568050054833293,-0.12779878452420235,4.373262323439121,1.890772021636367,4.335139008238912,1.9054232009500267,2.3622468352317814,3.6354604429006576,0.005719423294067383,9.592526137828827,9.592526137828827,greedy,0.005719423294067383,0.0,hard_fault_cluster
130,N555,control1,-0.38329190015792847,2.4858523849397893,3.3466326951980587,0.4254588785395026,1.615804050210863,-0.38329190015792847,0.013449177145957947,2.3971625875681637,3.3117113351821894,0.00013449177145957947,0.3304142653942108,0.04274766892194748,0.013449177145957947,2.66677901647985,0.041839540004730225,0.11369436979293823,0.015006136149168015,30854.41796875,12950.703125,17903.71484375,30891.693359375,12987.6015625,17904.091796875,-0.001208105473779142,-0.002849145559594035,-2.105446401401423e-05,-0.12081054737791419,4.240150846540928,1.3212354116886855,4.198003211989999,1.587401621863246,2.2284026838839055,3.5484617445245386,0.013449177145957947,9.605975314974785,9.605975314974785,greedy,0.013449177145957947,0.0,hard_fault_cluster
131,N8005,control0,-0.5198343992233276,0.9778155954182147,0.9937747657299041,0.3897908003628253,0.6355801370218396,-0.5198343992233276,0.006678774952888489,1.3082685285806654,2.4327480018138883,6.678774952888489e-05,0.3364792466163635,0.04629374295473099,0.006678774952888489,1.2788620832562447,0.04157571494579315,0.11667366325855255,0.01469649001955986,30892.29296875,12989.3720703125,17902.921875,30870.4609375,12943.59765625,17926.86328125,0.000706714519765228,0.003523989813402295,-0.0013372903922572732,0.0706714519765228,4.210544012486935,1.093459320217371,4.17081462405622,1.8645585817098618,1.2935104504227637,1.9485067538172003,0.006678774952888489,9.612654089927673,9.612654089927673,greedy,0.006678774952888489,0.0,hard_fault_cluster
132,N8046,control0,-0.598506510257721,0.7413833287358284,0.24350031316280363,0.2611385431885719,0.48189916367828844,-0.598506510257721,0.004365399479866028,0.9686925627291201,2.3190639495849608,4.365399479866028e-05,0.33686962723731995,0.048581816256046295,0.004365399479866028,0.9527105943113565,0.04170754551887512,0.11747537553310394,0.014540255069732666,30870.23828125,12943.5029296875,17926.734375,30845.5546875,12906.943359375,17938.611328125,0.0007995919440872967,0.0028245500288903713,-0.0006625273963436484,0.07995919440872967,4.2237017676234245,0.913049127459526,4.18399135582149,1.0290551501512528,0.8035814210772514,1.1806047996133564,0.004365399479866028,9.61701948940754,9.61701948940754,greedy,0.004365399479866028,0.0,hard_fault_cluster
133,N5874,observe,-0.1722809076309204,4.383120126128197,3.746995830535888,1.601697511076927,2.849028081983328,-0.1722809076309204,0.04785536229610443,6.640822032094001,5.999999999999999,0.0004785536229610443,0.34180453419685364,0.052000872790813446,0.04785536229610443,6.7960952487587925,0.04764736816287041,0.12916819751262665,0.02134343609213829,30845.841796875,12907.408203125,17938.43359375,30780.087890625,12867.232421875,17912.85546875,0.0021316942293196917,0.003112614154815674,0.0014258839655667543,0.21316942293196917,4.864593051373959,3.997121236622333,4.78970087505877,5.18540178656578,4.209451302886009,4.836143346875906,0.04785536229610443,9.664874851703644,9.664874851703644,greedy,0.04785536229610443,0.0,hard_fault_cluster
134,N556,control1,-0.3731049597263336,2.661634315177798,3.3007377862930296,0.5875169022753834,1.7300623048655688,-0.3731049597263336,0.033454395830631256,3.254105931147933,4.0250222206115716,0.0003345439583063126,0.3340889513492584,0.04467613250017166,0.033454395830631256,3.6831672300398353,0.0422644317150116,0.11537419259548187,0.015354670584201813,30779.1640625,12864.8369140625,17914.326171875,30850.05859375,12933.0751953125,17916.982421875,-0.002303328597918153,-0.005304247606545687,-0.0001482751831645146,-0.23033285979181528,4.304573699831963,1.377805776745081,4.24597580358386,1.7699493838846685,2.5565854355692865,3.761780533120036,0.033454395830631256,9.698329247534275,9.698329247534275,greedy,0.033454395830631256,0.0,hard_fault_cluster
135,N8025,control0,-0.5127131342887878,0.909078130275011,0.44023562669754024,0.2801700921356678,0.5909007846787572,-0.5127131342887878,0.01362638920545578,1.0181427556276321,2.3138612687587736,0.0001362638920545578,0.33881011605262756,0.047800324857234955,0.01362638920545578,0.9863918289542197,0.04160834848880768,0.11805041134357452,0.014696724712848663,30850.89453125,12935.0927734375,17915.802734375,30849.7109375,12914.4306640625,17935.28125,3.8364974898286164e-05,0.0015973685076460242,-0.0010872253915295005,0.0038364974898286164,4.222261562943459,0.963245030939579,4.1761915273964405,1.2700696504116058,0.9219118893146515,1.3770146307349203,0.01362638920545578,9.71195563673973,9.71195563673973,greedy,0.01362638920545578,0.0,hard_fault_cluster
136,N7541,control0,-0.5799019932746887,2.3389549353718753,0.7440841019153595,1.5817875364422795,1.520320707991719,-0.5799019932746887,0.007257044315338135,6.176960462331772,4.410219937562942,7.257044315338135e-05,0.33774489164352417,0.04991287738084793,0.007257044315338135,6.258105019927024,0.04169143736362457,0.1181773841381073,0.014490604400634766,30849.28125,12914.2578125,17935.0234375,30832.126953125,12891.330078125,17940.796875,0.000556067971047014,0.0017753815045580268,-0.00032190856290981174,0.0556067971047014,4.226313658058643,1.460039708763361,4.183436216786504,1.4597114063799381,2.6902405038475985,1.9685223222523924,0.007257044315338135,9.719212681055069,9.719212681055069,greedy,0.007257044315338135,0.0,hard_fault_cluster
137,N8017,control0,-0.6200628280639648,2.4232424032688145,0.5589334830641746,1.7072492969036106,1.5751075621247295,-0.6200628280639648,0.0058567821979522705,6.349408335983753,5.444058179855346,5.8567821979522706e-05,0.3372388780117035,0.051322147250175476,0.0058567821979522705,6.252760247737169,0.04196279123425484,0.11855268478393555,0.014543049037456512,30832.375,12891.4404296875,17940.935546875,30828.453125,12878.9755859375,17949.4765625,0.000127199906273745,0.0009669085266068578,-0.0004760629963129759,0.0127199906273745,4.2534580528736115,1.477907657623291,4.210573855787516,1.4960287809371948,2.669706085324287,2.3277649115025993,0.0058567821979522705,9.725069463253021,9.725069463253021,greedy,0.0058567821979522705,0.0,hard_fault_cluster
138,N7727,control0,-0.6412744522094727,2.5000094413757323,0.8196163356304169,1.7287245631217956,1.6250061368942261,-0.6412744522094727,0.003151044249534607,6.389384631812572,4.452915036678314,3.151044249534607e-05,0.33518221974372864,0.05270128697156906,0.003151044249534607,6.260446168631315,0.042113929986953735,0.11847366392612457,0.014523614197969437,30827.966796875,12878.509765625,17949.45703125,30822.193359375,12868.861328125,17953.33203125,0.00018727921997196972,0.0007491889991797507,-0.00021588396339211613,0.018727921997196972,4.267245329916477,1.4687997305393217,4.2253560815006495,1.4650935733318327,2.698222979903221,2.0481416035443547,0.003151044249534607,9.728220507502556,9.728220507502556,greedy,0.003151044249534607,0.0,hard_fault_cluster
139,N7883,control1,-0.5993373394012451,1.7913406521268187,2.035305213928223,0.9475396305508911,1.164371423882432,-0.5993373394012451,0.003940850496292114,4.1168977235443895,4.22674970626831,3.940850496292114e-05,0.3260493278503418,0.04707425832748413,0.003940850496292114,4.350886469604448,0.04058006405830383,0.11197549104690552,0.013321913778781891,30822.33203125,12868.9853515625,17953.345703125,30907.421875,12955.302734375,17952.119140625,-0.002760655712336302,-0.006707396358251572,6.831943755969405e-05,-0.2760655712336302,4.1090215146541595,0.6663065698090941,4.070760183036327,0.5426773350778967,1.935494603496045,2.672738649356179,0.003940850496292114,9.732161357998848,9.732161357998848,greedy,0.003940850496292114,0.0,hard_fault_cluster
140,N7884,control1,-0.5578916072845459,2.234559091255069,0.9820762038230896,1.1206605755537749,1.4524634093157949,-0.5578916072845459,0.0038493499159812927,4.898832539841533,3.6761250138282775,3.849349915981293e-05,0.32402685284614563,0.04411587119102478,0.0038493499159812927,5.178894913308323,0.040012963116168976,0.10981950163841248,0.013355322182178497,30907.4375,12955.3115234375,17952.125,30938.65625,12998.0478515625,17940.609375,-0.0010100724175572395,-0.0032987494487315416,0.0006414630333893001,-0.10100724175572395,4.049261532723904,0.8490191611275076,4.013287616893649,0.5745311143621802,2.3563796926289795,1.9336789594776929,0.0038493499159812927,9.73601070791483,9.73601070791483,greedy,0.0038493499159812927,0.0,hard_fault_cluster
141,N7885,control1,-0.533744752407074,1.9097760148346423,1.3867662727832795,0.330087019726634,1.2413544096425175,-0.533744752407074,0.003741048276424408,1.6415181513875723,1.1793085992336272,3.741048276424408e-05,0.323356032371521,0.04214458912611008,0.003741048276424408,1.6850942110642788,0.039687927812337875,0.10875411331653595,0.013346057385206223,30938.671875,12998.0546875,17940.6171875,30948.640625,13019.78125,17928.859375,-0.0003222100203856826,-0.001671524136327207,0.0006553739076480269,-0.03222100203856826,4.014678418636322,0.5544862742349506,3.980264190584421,0.4947253758832812,1.4142582301050424,1.1352382048405707,0.003741048276424408,9.739751756191254,9.739751756191254,greedy,0.003741048276424408,0.0,hard_fault_cluster
142,N3180,control1,-0.45303812623023987,2.894573347270489,2.3746246695518494,0.34433074787259105,1.881472675725818,-0.45303812623023987,0.010056495666503906,1.8978760488331317,1.4667382955551147,0.00010056495666503907,0.3265112042427063,0.03983653336763382,0.010056495666503906,1.908698842972517,0.039882175624370575,0.11009588837623596,0.013882700353860855,30948.61328125,13019.4501953125,17929.162109375,30954.78515625,13033.0625,17921.72265625,-0.00019942331709899008,-0.0010455360170453787,0.00041493590106256306,-0.01994233170989901,4.038110591471195,0.9600791127234697,4.000690819695592,1.0539005488902329,1.9525210939347744,1.7860152420029043,0.010056495666503906,9.749808251857758,9.749808251857758,greedy,0.010056495666503906,0.0,hard_fault_cluster
143,N614,control1,-0.22236205637454987,4.204357139067724,4.77403769493103,0.41511795665603135,2.732832140394021,-0.22236205637454987,0.03224465250968933,2.619181103813462,3.154570138454437,0.0003224465250968933,0.3322819173336029,0.037746354937553406,0.03224465250968933,2.721409002840519,0.042225971817970276,0.11541527509689331,0.01599135994911194,30954.35546875,13032.49609375,17921.859375,30873.828125,13012.1630859375,17861.6640625,0.0026014866307377815,0.001560177537612617,0.0033587648067623377,0.26014866307377815,4.29258818924427,2.5300477243959905,4.240094933658838,2.5492604471743108,3.047604738175869,4.080943079814315,0.03224465250968933,9.782052904367447,9.782052904367447,greedy,0.03224465250968933,0.0,hard_fault_cluster
144,N634,control1,-0.12373737245798111,5.310543326660991,5.556507205963134,0.524349203594029,3.4518531623296442,-0.12373737245798111,0.041168779134750366,2.6894922542944553,2.951048874855041,0.0004116877913475037,0.3356396555900574,0.03674347698688507,0.03674347698688507,2.5152218517661096,0.04250314459204674,0.1168709248304367,0.01657566800713539,30873.8984375,13012.2392578125,17861.66015625,30856.33984375,13014.74609375,17841.59375,0.0005687196971848607,-0.00019265215087216347,0.0011234345147386193,0.05687196971848607,4.328226715326309,2.6041840220987797,4.269792523235083,4.560499420315027,4.120782852172852,4.778508853912353,0.041168779134750366,9.823221683502197,9.823221683502197,greedy,0.041168779134750366,0.0,hard_fault_cluster
145,N7408,control0,-0.400920569896698,2.191469757556915,0.6176435731351375,1.3489430236816404,1.4244553424119948,-0.400920569896698,0.02097482979297638,5.901887245476246,5.999999999999999,0.00020974829792976378,0.3374922573566437,0.04036145657300949,0.02097482979297638,6.3866336931288235,0.04060233756899834,0.11633770167827606,0.014399535953998566,30857.01953125,13015.890625,17841.12890625,30840.203125,12955.30078125,17884.90234375,0.0005449783056974411,0.004655066877603531,-0.0024535127449780703,0.05449783056974411,4.1215700432658195,1.5266485580801963,4.07556782849133,3.0594221720099446,3.0560795307159423,2.7201098892837763,0.02097482979297638,9.844196513295174,9.844196513295174,greedy,0.02097482979297638,0.0,hard_fault_cluster
146,N7734,control0,-0.5147939920425415,3.003748998939991,2.719830465316772,1.6897054770588875,1.9524368493109943,-0.5147939920425415,0.013245150446891785,6.422468556463718,5.999999999999999,0.00013245150446891785,0.33722320199012756,0.04345370829105377,0.013245150446891785,6.32930598154664,0.04059254378080368,0.11710426211357117,0.01403038203716278,30839.78125,12954.8017578125,17884.98046875,30811.525390625,12911.732421875,17899.79296875,0.0009162146598100662,0.0033245848026126623,-0.0008282089256681502,0.09162146598100662,4.115953236818314,1.7816021819412706,4.073429092764854,1.3025038917362688,2.965953801572322,3.5028699710220095,0.013245150446891785,9.857441663742065,9.857441663742065,greedy,0.013245150446891785,0.0,hard_fault_cluster
147,N7723,control0,-0.577092170715332,3.1160568794608112,2.779591429233551,1.71664055198431,2.0254369716495275,-0.577092170715332,0.008251652121543884,6.473413325846195,5.999999999999999,8.251652121543884e-05,0.3358139097690582,0.046173661947250366,0.008251652121543884,6.336071993261576,0.040836066007614136,0.11764942109584808,0.013941410928964615,30811.09375,12911.2607421875,17899.83203125,30791.34765625,12881.9580078125,17909.390625,0.0006408761255443096,0.002269548596814275,-0.0005340046482160687,0.06408761255443096,4.138031914830208,1.50289385125041,4.097212929278612,1.146526263207197,3.0005380943417546,3.5253497613221407,0.008251652121543884,9.86569331586361,9.86569331586361,greedy,0.008251652121543884,0.0,hard_fault_cluster
148,N3410,control1,-0.4207703769207001,4.039623479936272,3.511286664009094,1.5949282456375657,2.625755261958577,-0.4207703769207001,0.020076803863048553,6.462429159227759,5.999999999999999,0.00020076803863048554,0.33201152086257935,0.040407516062259674,0.020076803863048553,6.4466136407945305,0.04034449905157089,0.11438444256782532,0.013811632990837097,30791.880859375,12882.232421875,17909.6484375,30857.404296875,12948.24609375,17909.158203125,-0.002127945190295577,-0.005124397110193968,2.73726400337182e-05,-0.2127945190295577,4.0949342250823975,1.4542784020025281,4.049570985138416,1.0906871631462125,3.4752752332948145,3.8672550748428325,0.020076803863048553,9.885770119726658,9.885770119726658,greedy,0.020076803863048553,0.0,hard_fault_cluster
149,N638,control1,-0.23698663711547852,3.6589329093694682,4.012805700302124,0.37499675661325454,2.3783063910901543,-0.23698663711547852,0.034277625381946564,2.3473866313695906,2.7943857312202454,0.00034277625381946565,0.3343338668346405,0.03770255297422409,0.034277625381946564,2.453762867450714,0.04181082919239998,0.1169518530368805,0.01541995257139206,30856.93359375,12947.6162109375,17909.318359375,30821.744140625,12962.29296875,17859.451171875,0.0011404067045077682,-0.001133549027144909,0.0027844267897307873,0.11404067045077682,4.2530630975961685,1.9916193976998329,4.1990779638290405,2.0241890445351602,2.6358513861894606,3.3416031752526756,0.034277625381946564,9.920047745108604,9.920047745108604,greedy,0.034277625381946564,0.0,hard_fault_cluster
150,N8003,control0,-0.44958916306495667,1.058477507084608,0.5560546457767486,0.38416360422968865,0.6880103796049952,-0.44958916306495667,0.01952342689037323,1.6007032498717308,1.202975833415985,0.0001952342689037323,0.33749738335609436,0.041568778455257416,0.01952342689037323,1.6567915251851082,0.04074254631996155,0.11781845986843109,0.01418190449476242,30822.58203125,12963.505859375,17859.076171875,30816.439453125,12919.904296875,17896.53515625,0.00019928824622184038,0.003363408148288727,-0.002097476040944457,0.019928824622184038,4.135346837341785,0.9751872506737709,4.0895276833325624,0.9099612918496132,1.101460939645767,0.8622017982602119,0.01952342689037323,9.939571171998978,9.939571171998978,greedy,0.01952342689037323,0.0,hard_fault_cluster
151,N7726,control0,-0.5447778701782227,3.1023924319446086,2.7660851955413817,1.7222707240283488,2.016555080763996,-0.5447778701782227,0.01161453127861023,6.482101421803236,5.999999999999999,0.0001161453127861023,0.3362240493297577,0.044242262840270996,0.01161453127861023,6.3438912796229125,0.04062703624367714,0.11803731322288513,0.013754963874816895,30815.859375,12919.4326171875,17896.42578125,30792.73828125,12884.3857421875,17908.3515625,0.0007502984954044223,0.0027127256616950035,-0.0006663778331130743,0.07502984954044223,4.118560418486595,1.5153954162448642,4.076667822897434,1.1531662180274722,3.01003381088376,3.531521977074444,0.01161453127861023,9.951185703277588,9.951185703277588,greedy,0.01161453127861023,0.0,hard_fault_cluster
152,N7735,control0,-0.5954424142837524,2.9567913253605367,2.6693867206573483,1.7148102958500384,1.9219143614843488,-0.5954424142837524,0.007097318768501282,6.441940171271563,5.999999999999999,7.097318768501282e-05,0.33430466055870056,0.046498000621795654,0.007097318768501282,6.3077461541444055,0.04088704288005829,0.11819326877593994,0.013722110539674759,30792.74609375,12884.375,17908.37109375,30783.21484375,12865.4541015625,17917.76171875,0.0003095290740020573,0.0014685150235891342,-0.0005243706982582808,0.03095290740020573,4.142299607396126,1.4655759165436029,4.102103117853403,1.1129014322906732,2.907412051409483,3.4648178334161637,0.007097318768501282,9.95828302204609,9.95828302204609,greedy,0.007097318768501282,0.0,hard_fault_cluster
153,N7732,control0,-0.6238626837730408,1.9970708724856374,2.3306331813335417,1.2390234705805776,1.2980960671156643,-0.6238626837730408,0.0041299909353256226,5.070476919412613,5.3205278396606435,4.129990935325623e-05,0.3323577046394348,0.04828285425901413,0.0041299909353256226,5.252470891475678,0.04121404513716698,0.1182854175567627,0.013797633349895477,30783.2421875,12865.4814453125,17917.76171875,30781.166015625,12854.76171875,17926.404296875,6.744487473042682e-05,0.0008332161232829094,-0.000482346978969872,0.006744487473042682,4.1738173589110374,1.337928269058466,4.134507725015283,0.9843892194330692,2.299473322927952,3.069657659903169,0.0041299909353256226,9.962413012981415,9.962413012981415,greedy,0.0041299909353256226,0.0,hard_fault_cluster
154,N620,control1,-0.3625798225402832,3.3578856128454206,2.025351023674011,1.2313962119817732,2.1826256483495237,-0.3625798225402832,0.023202471435070038,5.454186734557152,4.278516268730163,0.0002320247143507004,0.3306196331977844,0.04422605782747269,0.023202471435070038,5.737398831546306,0.042630329728126526,0.11795823276042938,0.015412140637636185,30780.734375,12853.8818359375,17926.8515625,30794.18359375,12911.0537109375,17883.12890625,-0.00043693624320439994,-0.004447829443961382,0.002438947791233659,-0.043693624320439994,4.330461502075195,1.942041417658329,4.279890105128288,2.226986905634403,3.2178763717412946,2.707203723192215,0.023202471435070038,9.985615484416485,9.985615484416485,greedy,0.023202471435070038,0.0,hard_fault_cluster
155,N8038,control0,-0.5083692669868469,2.137165481299162,0.6764546632766724,1.4598691408336162,1.3891575628444552,-0.5083692669868469,0.012790188193321228,5.98106097355485,4.4329327762126916,0.00012790188193321229,0.33393993973731995,0.04671128839254379,0.012790188193321228,6.224592452421785,0.04172723740339279,0.11840873956680298,0.014458920806646347,30795.00390625,12912.3505859375,17882.65234375,30795.21484375,12883.6484375,17911.56640625,-6.849731107649859e-06,0.0022228446323424578,-0.0016168777365237474,-0.0006849731107649859,4.232225216925144,1.4274568163603543,4.187599109485745,1.06167756550014,2.607546836882829,2.0504011117294425,0.012790188193321228,9.998405672609806,9.998405672609806,greedy,0.012790188193321228,0.0,hard_fault_cluster
156,N7473,control0,-0.5753194689750671,3.1926406773924825,2.8364648938179013,1.711976543366909,2.075216440305114,-0.5753194689750671,0.007129058241844177,6.477637387812138,5.999999999999999,7.129058241844177e-05,0.33339837193489075,0.048357345163822174,0.007129058241844177,6.339873649030924,0.041518907994031906,0.11832356452941895,0.014078915119171143,30794.701171875,12883.138671875,17911.5625,30785.455078125,12862.560546875,17922.89453125,0.0003002494922839105,0.001597291324287653,-0.0006326657021418214,0.03002494922839105,4.207377202808857,1.3194004242122173,4.165762400254607,1.0574277137219905,3.0285672143101685,3.5435686893016096,0.007129058241844177,10.00553473085165,10.00553473085165,greedy,0.007129058241844177,0.0,hard_fault_cluster
157,N610,control1,-0.32895568013191223,3.1375186267495154,1.689938676357269,1.255604845583439,2.039387107387185,-0.32895568013191223,0.025832876563072205,5.50964756757021,4.368532347679138,0.00025832876563072207,0.33252114057540894,0.04451584070920944,0.025832876563072205,5.7926742209494115,0.042837709188461304,0.11804915964603424,0.015619032084941864,30785.19140625,12861.875,17923.31640625,30795.591796875,12912.576171875,17883.015625,-0.00033783743856474757,-0.0039419736713171005,0.002248511416837573,-0.03378374385647476,4.354119636118412,1.987405029386282,4.301358098164201,1.8080389176309108,3.0828930512070656,2.5187909296154976,0.025832876563072205,10.031367607414722,10.031367607414722,greedy,0.025832876563072205,0.0,hard_fault_cluster
158,N8040,control0,-0.47520899772644043,2.1699814047291874,0.6867508828639983,1.4945241059735417,1.4104879130739718,-0.47520899772644043,0.01514790952205658,6.028970083780587,4.573109793663024,0.0001514790952205658,0.33573558926582336,0.04658041149377823,0.01514790952205658,6.220857196915895,0.04193359985947609,0.1184222549200058,0.014673523604869843,30796.51171875,12913.81640625,17882.6953125,30796.90234375,12885.1962890625,17911.70703125,-1.2684066859947052e-05,0.002216240158304572,-0.0016223348211497068,-0.0012684066859947052,4.255088306963444,1.4252364324964581,4.208792066201568,1.082430152837187,2.6001546112820506,1.977749911500141,0.01514790952205658,10.046515516936779,10.046515516936779,greedy,0.01514790952205658,0.0,hard_fault_cluster
159,N7855,control0,-0.21549731492996216,5.581096156388521,4.491646552085876,1.7358867962658404,3.627712501652539,-0.21549731492996216,0.02088233083486557,6.942669058591127,5.999999999999999,0.0002088233083486557,0.33650824427604675,0.04348060488700867,0.02088233083486557,6.758402152732015,0.043188489973545074,0.11949697136878967,0.016425468027591705,30796.53125,12884.9912109375,17911.541015625,30733.80859375,12880.66796875,17853.140625,0.0020366793032735586,0.00033552543027326465,0.0032604895532131195,0.20366793032735586,4.383211933076382,1.9674584922939538,4.334939731284976,1.6435409245640038,4.414460849016905,4.444399551860988,0.02088233083486557,10.067397847771645,10.067397847771645,greedy,0.02088233083486557,0.0,hard_fault_cluster
160,N7542,control0,-0.14354701340198517,3.4986303508281704,3.678519463539123,0.8522997015714645,2.2741097280383107,-0.14354701340198517,0.019767113029956818,3.749212184548378,4.058043169975281,0.00019767113029956818,0.33911293745040894,0.04072711616754532,0.019767113029956818,3.796569782793522,0.04275766760110855,0.11833012104034424,0.016366947442293167,30733.896484375,12880.763671875,17853.1328125,30726.099609375,12895.578125,17830.521484375,0.00025368976639583707,-0.0011501222616061568,0.0012665188405662775,0.025368976639583707,4.336260989308357,1.9270911040902137,4.290890317410231,1.5872648778557776,2.83450787961483,3.9424301217496396,0.019767113029956818,10.087164960801601,10.087164960801601,greedy,0.019767113029956818,0.0,hard_fault_cluster
161,N8044,control0,-0.41613271832466125,1.6119330460205674,0.7026089072227477,0.9371559554710983,1.047756479913369,-0.41613271832466125,0.00827033817768097,3.7630709225311874,2.7660560369491574,8.27033817768097e-05,0.3408523499965668,0.04269737750291824,0.00827033817768097,3.8464075202681127,0.04085768386721611,0.11603899300098419,0.014098484069108963,30726.43359375,12895.7060546875,17830.7265625,30776.876953125,12894.150390625,17882.7265625,-0.0016416925936937332,0.00012063427129760385,-0.002916314173489809,-0.16416925936937332,4.13673610240221,1.1712997470982374,4.098510315641761,0.8070382391102612,1.7546209698542952,1.3598678066395222,0.00827033817768097,10.095435298979282,10.095435298979282,greedy,0.00827033817768097,0.0,hard_fault_cluster
162,N578,observe,-0.5599981546401978,2.7329290075600143,2.547964799404144,1.6644078655540941,1.7764038549140093,-0.5599981546401978,-0.015428826212882996,6.303579483181238,5.999999999999999,-0.00015428826212882996,0.33116745948791504,0.04106764495372772,-0.015428826212882996,6.183221534863114,0.0393889844417572,0.10966870188713074,0.012085601687431335,30776.13671875,12893.3603515625,17882.77734375,30892.3828125,12941.1708984375,17951.212890625,-0.003777150297537446,-0.0037081525661051273,-0.003826896892860532,-0.3777150297537446,3.964537262916565,0.8703851840645074,3.9453081488609314,0.6053410164266824,2.6320004336535927,3.810800281874835,-0.015428826212882996,10.0800064727664,10.0800064727664,greedy,-0.015428826212882996,0.0,hard_fault_cluster
163,N636,control1,-0.2894003391265869,3.370173150002956,1.9504130959510801,1.4034337338805198,2.1906125475019214,-0.2894003391265869,0.013330556452274323,6.143818832933903,5.233181118965148,0.00013330556452274323,0.3313976526260376,0.038884736597537994,0.013330556452274323,6.475543530732393,0.04172403737902641,0.11173476278781891,0.014593075960874557,30892.25390625,12940.796875,17951.45703125,30866.9921875,12974.306640625,17892.685546875,0.000817736319731921,-0.002589466981589794,0.003273911541327834,0.0817736319731921,4.224619030952454,2.3003379125893115,4.185457561165094,2.87781584456563,3.405377183854579,3.197659275159239,0.013330556452274323,10.093337029218674,10.093337029218674,greedy,0.013330556452274323,0.0,hard_fault_cluster
164,N3295,control1,-0.32070451974868774,2.363799121379852,2.4758861303329467,1.3982475066184998,1.5364694288969039,-0.32070451974868774,0.012288086116313934,5.909419065713883,5.999999999999999,0.00012288086116313935,0.3283691704273224,0.03697928041219711,0.012288086116313934,6.178042336106301,0.040033720433712006,0.10933060944080353,0.01378653571009636,30867.37109375,12974.7529296875,17892.6171875,30926.20703125,13014.7021484375,17911.50390625,-0.0019060884369537234,-0.0030789964366704226,-0.001055559259839356,-0.19060884369537234,4.052639409899712,1.0450347208976745,4.015688885003328,0.3681586229801177,2.5958088636398315,3.233664285822306,0.012288086116313934,10.105625115334988,10.105625115334988,greedy,0.012288086116313934,0.0,hard_fault_cluster
165,N616,control1,-0.13075904548168182,2.6598151415586475,2.85986328125,0.47790529519319536,1.7288798420131208,-0.13075904548168182,0.03236031532287598,2.3065657958388326,2.2145277738571165,0.00032360315322875976,0.3324257433414459,0.035797975957393646,0.03236031532287598,2.3912938670814037,0.041648462414741516,0.11331771314144135,0.015193939208984375,30925.7109375,13014.1044921875,17911.607421875,30869.19140625,13006.6728515625,17862.51953125,0.001827590400353074,0.0005710450932383537,0.002740563126280904,0.1827590400353074,4.233004532754421,1.7464716736972332,4.181885814294219,1.8155604903399944,2.148869301378727,2.6606970847398044,0.03236031532287598,10.137985430657864,10.137985430657864,greedy,0.03236031532287598,0.0,hard_fault_cluster
166,N630,control1,-0.041172996163368225,3.10898929387331,3.256848096847534,1.0277777269482613,2.0208430410176517,-0.041172996163368225,0.04340590536594391,4.576138846576214,4.1896320343017575,0.0004340590536594391,0.33540013432502747,0.03429193049669266,0.03429193049669266,4.591218416541815,0.042081933468580246,0.1146472692489624,0.015910234302282333,30869.3515625,13006.8291015625,17862.5234375,30864.9140625,13018.806640625,17846.107421875,0.00014375099272001535,-0.0009208653937093914,0.0009190199780277908,0.014375099272001535,4.285891182720661,1.9436713390052318,4.227617805823684,1.869572990387678,2.8711455360054967,3.451114843711257,0.04340590536594391,10.181391336023808,10.181391336023808,greedy,0.04340590536594391,0.0,hard_fault_cluster
167,N640,control1,-0.4258769154548645,2.38591750100255,0.6590813875198364,1.6395249529182911,1.5508463756516577,-0.4258769154548645,0.009715601801872253,6.217998861521482,5.999999999999999,9.715601801872253e-05,0.32657569646835327,0.03176054358482361,0.009715601801872253,6.149601312205196,0.03904378414154053,0.10690726339817047,0.013119008392095566,30862.212890625,13015.58984375,17846.623046875,30932.80859375,13023.4873046875,17909.3203125,-0.0022874479182064533,-0.0006067693466320634,-0.0035131163895130157,-0.22874479182064533,3.9458545595407486,0.7123695979267358,3.9147474505007267,0.30615542031824583,2.4865242086350916,2.385551110766828,0.009715601801872253,10.19110693782568,10.19110693782568,greedy,0.009715601801872253,0.0,hard_fault_cluster
168,N642,control1,-0.08233562111854553,3.3888888120651246,2.831157040596008,0.8136022663116455,2.202777727842331,-0.08233562111854553,0.035686492919921875,3.664849525690079,2.435177993774414,0.00035686492919921874,0.3342088758945465,0.03470277041196823,0.03470277041196823,3.746144327521324,0.04197897017002106,0.1131008118391037,0.015860382467508316,30935.400390625,13026.533203125,17908.8671875,30832.1328125,12996.5908203125,17835.54296875,0.0033381683751940727,0.0022985688410699368,0.00409429706633091,0.3338168375194073,4.268286280333996,2.3514147633314133,4.215494332835078,2.4670142763853073,2.809938770532608,2.5266682277619843,0.035686492919921875,10.226793430745602,10.226793430745602,greedy,0.035686492919921875,0.0,hard_fault_cluster
169,N5473,observe,-0.23896656930446625,2.3177156387269497,2.4893448829650877,1.33293723449111,1.5065151651725175,-0.23896656930446625,0.03336690366268158,5.849477323144675,5.999999999999999,0.0003336690366268158,0.3421739637851715,0.04071543365716934,0.03336690366268158,6.262054242119193,0.04132699966430664,0.1172347217798233,0.015586819499731064,30832.611328125,12997.388671875,17835.22265625,30871.94921875,12985.1083984375,17886.83984375,-0.0012758533703163266,0.0009448262280784547,-0.0028941151686012745,-0.12758533703163266,4.206782303750515,1.9595023422688245,4.151220550760627,1.3332845597714185,2.756353387981653,3.891629702188074,0.03336690366268158,10.260160334408283,10.260160334408283,greedy,0.03336690366268158,0.0,hard_fault_cluster
170,N3525,control1,-0.26749107241630554,4.133401340395212,2.784184908866882,1.457434123903513,2.6867108712568877,-0.26749107241630554,0.02903883159160614,6.30722114816308,5.999999999999999,0.0002903883159160614,0.3344803750514984,0.035210974514484406,0.02903883159160614,6.485035806074738,0.039615824818611145,0.11241713166236877,0.014027252793312073,30871.837890625,12984.767578125,17887.0703125,30883.953125,12992.90234375,17891.05078125,-0.00039243645733222365,-0.0006264852709136903,-0.00022253330098465085,-0.039243645733222365,4.025832287967205,1.4128064907342193,3.977644933387637,0.997889293655753,3.606172653287649,3.5011348254233594,0.02903883159160614,10.28919916599989,10.28919916599989,greedy,0.02903883159160614,0.0,hard_fault_cluster
171,N4460,control0,-0.4410845935344696,2.0548260663449764,0.7382955133914948,1.3799388860166073,1.3356369431242348,-0.4410845935344696,0.020098015666007996,5.871919073909521,4.830229353904723,0.00020098015666007995,0.3377476930618286,0.03900507092475891,0.020098015666007996,6.238970620259642,0.03983878716826439,0.11528053879737854,0.013432919979095459,30884.267578125,12993.76953125,17890.498046875,30831.736328125,12929.630859375,17902.10546875,0.0017009064322337508,0.004936109762638807,-0.0006488037179224193,0.17009064322337508,4.042981803417206,1.4346560215204953,3.9986544884741306,1.3529834722727536,2.6335507072508335,2.1972653866186738,0.020098015666007996,10.309297181665897,10.309297181665897,greedy,0.020098015666007996,0.0,hard_fault_cluster
172,N649,control1,-0.3604086935520172,3.8210373559594153,2.731534719467163,1.0629137197136878,2.48367428137362,-0.3604086935520172,-0.10525047034025192,4.954070077836514,4.839746665954589,-0.0010525047034025193,0.18612399697303772,0.02162128873169422,-0.10525047034025192,5.25835178181529,0.044307030737400055,0.07766696810722351,0.025856509804725647,30831.01171875,12928.19921875,17902.8125,30792.244140625,12944.830078125,17847.4140625,0.0012574215652421117,-0.001286401879042387,0.0030943986494094133,0.12574215652421117,4.347073892131448,2.5407864598929883,4.409795778337866,2.461689188927412,3.430945648252964,3.4650238934904336,-0.10525047034025192,10.204046711325645,10.204046711325645,greedy,-0.10525047034025192,0.0,hard_fault_cluster
173,N645,control1,-0.27574217319488525,3.702114960551262,2.7885090112686157,0.9490736475586891,2.4063747243583204,-0.27574217319488525,-0.09100063890218735,4.488704442977905,3.9252376079559324,-0.0009100063890218735,0.1974555253982544,0.022818373516201973,-0.09100063890218735,4.768746374547481,0.04501926153898239,0.07897388935089111,0.0272141695022583,30792.310546875,12944.935546875,17847.375,30804.1640625,12970.7880859375,17833.376953125,-0.0003849505155812949,-0.001997116021811962,0.0007843196508474648,-0.03849505155812949,4.433743888512254,2.292190480530262,4.484880587551743,2.2230722191929817,3.2570464342832564,3.1631528039276597,-0.09100063890218735,10.113046072423458,10.113046072423458,greedy,-0.09100063890218735,0.0,hard_fault_cluster
174,N7424,control1,-0.24367700517177582,3.130103388428688,2.1415519952774047,1.1123547941446303,2.034567202478647,-0.24367700517177582,-0.0832229033112526,5.0676492065191265,4.803487634658813,-0.0008322290331125259,0.20450681447982788,0.02085145004093647,-0.0832229033112526,5.410523613393306,0.043979160487651825,0.07601690292358398,0.027042653411626816,30805.10546875,12972.244140625,17832.861328125,30815.685546875,12987.146484375,17828.5390625,-0.0003434520913287997,-0.00114878686144948,0.0002423764526611194,-0.03434520913287997,4.335544595494866,1.99995919495821,4.3823231854476035,1.9210365656018258,3.0823434561491014,3.0698991219699385,-0.0832229033112526,10.029823169112206,10.029823169112206,greedy,-0.0832229033112526,0.0,hard_fault_cluster
175,N647,control1,-0.16411402821540833,3.455875695645809,2.2060863971710205,1.3316009649634362,2.246319202169776,-0.16411402821540833,-0.06784558296203613,6.090569446980953,5.193825817108154,-0.0006784558296203613,0.21017113327980042,0.021704481914639473,-0.06784558296203613,6.559215816110372,0.045189306139945984,0.0788455456495285,0.028415635228157043,30814.697265625,12985.646484375,17829.05078125,30814.146484375,12993.775390625,17820.37109375,1.7873979231808335e-05,-0.0006259916699491441,0.0004868283576797694,0.0017873979231808335,4.472789512947202,2.829542868584394,4.507395338732749,2.744345777481794,3.6010224834084505,3.302815918922424,-0.06784558296203613,9.96197758615017,9.96197758615017,greedy,-0.06784558296203613,0.0,hard_fault_cluster
176,N1586,control1,-0.23427735269069672,2.169872465133667,1.4669777154922483,0.6691736602783203,1.4104171023368837,-0.23427735269069672,-0.07701973617076874,3.412289208173752,3.006302833557129,-0.0007701973617076874,0.2063789665699005,0.012005241587758064,-0.07701973617076874,3.825574988722801,0.04253074899315834,0.07207733392715454,0.02601999044418335,30814.84375,12995.0205078125,17819.822265625,30822.236328125,12997.259765625,17824.9765625,-0.00023990315094124526,-0.00017231660604011267,-0.0002892451302614063,-0.023990315094124526,4.188060404732823,1.733092406988144,4.236821275670081,1.8337236440181732,2.269995474815369,2.058079076856375,-0.07701973617076874,9.8849578499794,9.8849578499794,greedy,-0.07701973617076874,0.0,hard_fault_cluster
177,N516,control1,-0.36602306365966797,1.5228138356655836,0.8809048116207122,0.4692745595425367,0.9898289931826294,-0.36602306365966797,-0.08443710207939148,2.8035136170685293,3.1893959045410156,-0.0008443710207939148,0.19586724042892456,0.003981770947575569,-0.08443710207939148,3.328040116429329,0.039240702986717224,0.06304997205734253,0.023666545748710632,30820.603515625,12993.49609375,17827.107421875,30800.9765625,12968.6669921875,17832.30859375,0.0006368127651512623,0.0019108869601041079,-0.00029175635427236557,0.06368127651512623,3.8436149675399065,0.5412024945020675,3.9039564658887684,0.4791811197996139,1.7553012907505035,1.7083906612358986,-0.08443710207939148,9.80052074790001,9.80052074790001,greedy,-0.08443710207939148,0.0,hard_fault_cluster
178,N4614,observe,-0.620765209197998,-0.23894656687974936,1.3394034683704374,0.41904847830533976,-0.15531526847183708,-0.620765209197998,-0.09594427049160004,1.8578856945037843,3.338061738014221,-0.0009594427049160004,0.160986989736557,0.005070405080914497,-0.09594427049160004,2.113112852573395,0.0395708829164505,0.06282588839530945,0.021072231233119965,30802.578125,12972.3486328125,17830.228515625,30916.7890625,12986.70703125,17930.08203125,-0.0037078368477523327,-0.0011068464955314994,-0.005600237753242254,-0.37078368477523327,3.8662144262343645,0.7206781953573227,3.9343698252923787,0.6975841611623764,0.5148307323455811,2.434639976024627,-0.09594427049160004,9.70457647740841,9.70457647740841,greedy,-0.09594427049160004,0.0,hard_fault_cluster
179,N714,observe,-0.34612786769866943,3.15920429227408,3.6474529981613157,0.6411079561547376,2.053482789978152,-0.34612786769866943,-0.0870349332690239,3.6161034915363413,4.23346107006073,-0.0008703493326902389,0.15785768628120422,0.004653068259358406,-0.0870349332690239,4.095346993319691,0.0462699830532074,0.07502508163452148,0.02511342614889145,30916.5859375,12985.9794921875,17930.60546875,30897.291015625,13026.2265625,17871.064453125,0.0006240961374714971,-0.003099271096289158,0.0033206359948962927,0.062409613747149706,4.544616440311074,3.213586594723165,4.606402839068323,3.2323346396908166,2.996493922546506,4.0477210496552285,-0.0870349332690239,9.617541544139385,9.617541544139385,greedy,-0.0870349332690239,0.0,hard_fault_cluster
180,N6682,observe,-0.3122704327106476,3.1657332655042407,3.5677944660186762,0.7133879897370934,2.0577266225777566,-0.3122704327106476,-0.09966656565666199,3.894838347285986,4.421664977073669,-0.00099666565656662,0.15825945138931274,0.0010755974799394608,-0.09966656565666199,4.422156375534832,0.04762091487646103,0.07669688761234283,0.025961358100175858,30897.103515625,13026.521484375,17870.58203125,30922.71875,13065.55859375,17857.16015625,-0.0008290496771223843,-0.0029967408627271652,0.0007510597351938486,-0.08290496771223843,4.66350051946938,4.295935767143964,4.737443745601922,4.324465673416853,3.1647725056856872,4.157102128695696,-0.09966656565666199,9.517874978482723,9.517874978482723,greedy,-0.09966656565666199,0.0,hard_fault_cluster
181,N725,observe,-0.292870432138443,2.496682932865806,2.923937106132507,0.8910584955336525,1.6228439063627738,-0.292870432138443,-0.10605774819850922,4.73533792081289,5.273653936386108,-0.001060577481985092,0.15855354070663452,-0.0010175686329603195,-0.10605774819850922,5.468294096030294,0.04837758094072342,0.07769975066184998,0.02647644653916359,30923.15234375,13065.3642578125,17857.787109375,30933.759765625,13084.177734375,17849.58203125,-0.00034302525455132127,-0.0014399504289031029,0.00045946778845973313,-0.03430252545513213,4.730682777240872,3.649804746955633,4.8109892648644745,3.772067129462957,3.019601446017623,4.062740939911455,-0.10605774819850922,9.411817230284214,9.411817230284214,greedy,-0.10605774819850922,0.0,hard_fault_cluster
182,N7454,observe,-0.0310673788189888,5.403990859985352,4.407706379890442,1.6786960315704345,3.5125940589904787,-0.0310673788189888,0.03627099096775055,6.799132376909256,5.999999999999999,0.0003627099096775055,0.33139684796333313,0.027710499241948128,0.027710499241948128,6.62921913921833,0.045188918709754944,0.11217102408409119,0.018784254789352417,30933.060546875,13083.974609375,17849.0859375,31012.84375,13112.134765625,17900.708984375,-0.002579221036285162,-0.0021522631868720055,-0.0028921954799443483,-0.2579221036285162,4.582873361185193,2.84640142917633,4.534887243527919,2.3023589611053463,4.144255125522614,4.793765831589699,0.03627099096775055,9.448088221251965,9.448088221251965,greedy,0.03627099096775055,0.0,hard_fault_cluster
183,N857,observe,-0.2542420029640198,1.3849097892642022,2.4569415211677548,0.4464219018816948,0.9001913630217314,-0.2542420029640198,0.028214946389198303,2.2296986281871796,3.3546028375625605,0.000282149463891983,0.334393709897995,0.03266181796789169,0.028214946389198303,2.4924639478325843,0.04266984015703201,0.10808287560939789,0.015741407871246338,31012.99609375,13112.2939453125,17900.701171875,30987.69921875,13059.765625,17927.93359375,0.0008156862459145486,0.004006036091595888,-0.001521304715424776,0.08156862459145486,4.327860780060291,2.0406652188301084,4.282203206792474,1.9890305495262144,1.4918668866157532,3.0697134763002394,0.028214946389198303,9.476303167641163,9.476303167641163,greedy,0.028214946389198303,0.0,hard_fault_cluster
184,N3124,control1,-0.3190388083457947,0.7669942926574094,0.7902103602886199,0.13173544455029967,0.4985462902273161,-0.3190388083457947,0.018125489354133606,0.7355894679141556,0.6744982063770294,0.00018125489354133605,0.3281099498271942,0.03113025613129139,0.018125489354133606,0.8048125776033862,0.039995577186346054,0.1065579503774643,0.013750672340393066,30987.88671875,13059.708984375,17928.177734375,30936.91015625,13029.423828125,17907.486328125,0.001645048032514751,0.0023189764469861984,0.0011541276471689343,0.1645048032514751,4.04881346412003,0.1814200347072142,4.011871655005962,0.16253871934178052,0.6429706847191711,0.6830588498923738,0.018125489354133606,9.494428656995296,9.494428656995296,greedy,0.018125489354133606,0.0,hard_fault_cluster
185,N3467,control1,-0.3245678246021271,0.7806435059756041,0.7867347538471221,0.13333223927766083,0.5074182788841427,-0.3245678246021271,0.012605041265487671,0.7400663558393716,0.6751584231853485,0.00012605041265487671,0.325882226228714,0.03261760622262955,0.012605041265487671,0.8065095082670449,0.039145711809396744,0.10616403818130493,0.013257291167974472,30936.919921875,13029.412109375,17907.5078125,30903.587890625,13015.0078125,17888.580078125,0.0010774191468954086,0.001105521572753787,0.0010569719597697258,0.10774191468954086,3.9597938284277916,0.21569818340241909,3.9258768428117037,0.16392024973640218,0.6475244127213955,0.6968271893565543,0.012605041265487671,9.507033698260784,9.507033698260784,greedy,0.012605041265487671,0.0,hard_fault_cluster
186,N3237,control1,-0.3248846232891083,1.0228842161595821,0.9246837258338928,0.15338987536728382,0.6648747405037284,-0.3248846232891083,0.009598210453987122,0.8682722315192223,0.7426032841205596,9.598210453987122e-05,0.32467320561408997,0.03366285562515259,0.009598210453987122,0.9395198554545641,0.03862272948026657,0.10598775744438171,0.012883972376585007,30903.59765625,13014.9873046875,17888.609375,30875.314453125,13001.2109375,17874.103515625,0.0009152074344456196,0.0010585002601146698,0.0008108992478810251,0.09152074344456196,3.905534014105797,0.3685484061390161,3.873088214546442,0.2152548337727785,0.8073285900056362,0.8001721637602894,0.009598210453987122,9.516631908714771,9.516631908714771,greedy,0.009598210453987122,0.0,hard_fault_cluster
187,N3352,control1,-0.3271345794200897,1.0409762338735165,0.847677332162857,0.1801527725812048,0.6766345520177858,-0.3271345794200897,0.007589355111122131,1.006222821911797,1.000931417942047,7.589355111122132e-05,0.32452142238616943,0.03406617045402527,0.007589355111122131,1.1057358403271065,0.03816160559654236,0.10582707822322845,0.012559942901134491,30875.341796875,13001.208984375,17874.1328125,30848.60546875,12987.2099609375,17861.39453125,0.000865944370161742,0.0010767477797344327,0.0007126656710170209,0.0865944370161742,3.8578160852193832,0.3722326827747747,3.8265744410455227,0.2533748296601698,0.8906638743821531,0.9268575744354166,0.007589355111122131,9.524221263825893,9.524221263825893,greedy,0.007589355111122131,0.0,hard_fault_cluster
188,N7870,control1,-0.33145031332969666,1.003860741108656,0.9704570770263671,0.16752462394535542,0.6525094817206264,-0.33145031332969666,0.006983354687690735,0.931562034599483,0.8430091738700866,6.983354687690735e-05,0.3247162699699402,0.03418363630771637,0.006983354687690735,1.018292406667024,0.03770777955651283,0.10573796927928925,0.012242663651704788,30848.076171875,12986.916015625,17861.16015625,30824.650390625,12974.490234375,17850.16015625,0.0007593919872306287,0.0009567923261784017,0.0006158614414744079,0.07593919872306287,3.8119449466466904,0.3506550841964781,3.781069703400135,0.26661127218976616,0.8435192314907909,0.9590418871771544,0.006983354687690735,9.531204618513584,9.531204618513584,greedy,0.006983354687690735,0.0,hard_fault_cluster
189,N706,observe,-0.11226218193769455,2.1147347424179315,3.3111953020095823,0.19579831298440695,1.3745775825716555,-0.11226218193769455,0.005087599158287048,1.0838730838522315,2.273177134990692,5.0875991582870484e-05,0.33424675464630127,0.03255544602870941,0.005087599158287048,1.112771205306053,0.041246701031923294,0.1113133579492569,0.01571814715862274,30826.875,12975.4423828125,17851.43359375,30838.865234375,13026.11328125,17812.751953125,-0.00038895392208360136,-0.0039051384665071964,0.0021668646950274706,-0.038895392208360136,4.162313148379326,2.7137327551841737,4.1340808644890785,3.0585483193397525,1.7185643136501312,3.217066803872585,0.005087599158287048,9.536292217671871,9.536292217671871,greedy,0.005087599158287048,0.0,hard_fault_cluster
190,N868,observe,-0.21831278502941132,2.1337322242558003,3.0224391937255857,0.45453924231231213,1.3869259457662704,-0.21831278502941132,0.01472693681716919,2.2366157919168472,3.0990542650222777,0.0001472693681716919,0.33647438883781433,0.033554546535015106,0.01472693681716919,2.4532456366717814,0.04122850298881531,0.11080615222454071,0.015332907438278198,30836.90234375,13025.125,17811.77734375,30863.6015625,13025.50390625,17838.09765625,-0.0008658203878439963,-2.9090411771903746e-05,-0.0014776915777474642,-0.08658203878439963,4.171131782233715,2.3140660671144726,4.134920669719577,3.2091537830233574,2.2354042820632456,3.553012783341109,0.01472693681716919,9.55101915448904,9.55101915448904,greedy,0.01472693681716919,0.0,hard_fault_cluster
191,N723,observe,-0.09961868077516556,2.577920074015856,3.7607666730880736,0.13789237968623638,1.6756480481103064,-0.09961868077516556,0.008040636777877808,1.2801837142184376,2.4217878460884092,8.040636777877807e-05,0.3387403190135956,0.03246603161096573,0.008040636777877808,1.4062571651488542,0.04215795546770096,0.11352288722991943,0.016681566834449768,30864.69140625,13026.2333984375,17838.458984375,30859.453125,13044.41796875,17815.03515625,0.00016971759032458067,-0.0013959960779175162,0.0013131082523614168,0.016971759032458067,4.256302215158939,3.301415903121233,4.225922213867307,3.1720231361687183,2.0118015140295027,3.4076709841191763,0.008040636777877808,9.559059791266918,9.559059791266918,greedy,0.008040636777877808,0.0,hard_fault_cluster
192,N705,observe,-0.07015646249055862,3.873725624382496,4.847662878036498,0.12109449073672295,2.5179216558486224,-0.07015646249055862,0.003278091549873352,1.4841131266206502,2.4549094319343565,3.278091549873352e-05,0.3403837978839874,0.03167934715747833,0.003278091549873352,1.5975496535003186,0.042558424174785614,0.11305390298366547,0.017030037939548492,30860.619140625,13044.93359375,17815.685546875,30882.5703125,13066.46875,17816.1015625,-0.0007113004103302956,-0.0016508444678038359,-2.3351087293121964e-05,-0.07113004103302956,4.290799856185913,2.6802259726077318,4.264581777155399,2.63344967789948,2.54266037940979,3.7527292466163633,0.003278091549873352,9.562337882816792,9.562337882816792,greedy,0.003278091549873352,0.0,hard_fault_cluster
193,N8027,control0,-0.41051608324050903,0.3822189673781395,0.358364574611187,0.15933703929185866,0.24844232879579067,-0.41051608324050903,-0.0024281293153762817,0.7432810466736555,0.7237114191055297,-2.4281293153762818e-05,0.3414369821548462,0.03744955360889435,-0.0024281293153762817,0.8406383032724261,0.040677718818187714,0.11138983070850372,0.014330670237541199,30881.125,13066.2421875,17814.8828125,30887.419921875,13002.841796875,17884.578125,-0.0002038436650764197,0.004852228332310915,-0.0039121960289776325,-0.02038436650764197,4.102793306112289,0.8246872895956039,4.076527237892151,0.8254355722665786,0.6102606594562531,0.6398117738962174,-0.0024281293153762817,9.559909753501415,9.559909753501415,greedy,-0.0024281293153762817,0.0,hard_fault_cluster
194,N4359,control0,-0.5452793836593628,0.18957858696331642,0.342563238274306,0.18624899979432485,0.12322608152615568,-0.5452793836593628,-0.0033385157585144043,0.7567413295350889,0.7567884564399718,-3.3385157585144044e-05,0.34153544902801514,0.04219133406877518,-0.0033385157585144043,0.8500079889292829,0.04094841331243515,0.11260518431663513,0.014111604541540146,30887.6953125,13003.2763671875,17884.41796875,30861.474609375,12950.45703125,17911.017578125,0.0008489044848829508,0.004062002059072256,-0.0014873064355924726,0.08489044848829508,4.133694149553776,1.7598970194160939,4.10455453582108,1.6600823660194874,0.6229384381324053,0.7325850662775337,-0.0033385157585144043,9.5565712377429,9.5565712377429,greedy,-0.0033385157585144043,0.0,hard_fault_cluster
195,N4421,control0,-0.6159612536430359,0.2504916748963296,0.8093183959368616,0.24376548305153845,0.16281958868261426,-0.6159612536430359,-0.0029869824647903442,0.8125460139126517,0.9745625674724578,-2.9869824647903442e-05,0.3392350971698761,0.046125106513500214,-0.0029869824647903442,0.7898687192390207,0.04144640266895294,0.1139945238828659,0.014204762876033783,30861.2734375,12950.2900390625,17910.984375,30845.87890625,12916.1416015625,17929.73828125,0.000498830049764365,0.002636885968968272,-0.0010470617562532425,0.049883004976436496,4.187778390944004,0.7902601113170384,4.155424797907472,0.7929236521571874,0.5362542098388076,1.1139871182199566,-0.0029869824647903442,9.55358425527811,9.55358425527811,greedy,-0.0029869824647903442,0.0,hard_fault_cluster
196,N4442,control0,-0.6567531228065491,0.24709402564913033,0.7024850345216691,0.24154194146394728,0.16061111667193473,-0.6567531228065491,-0.002407766878604889,0.8066095435759052,0.9021056473255158,-2.407766878604889e-05,0.3367389142513275,0.04917646944522858,-0.002407766878604889,0.7840437252051197,0.04192665219306946,0.11519472301006317,0.014363698661327362,30845.880859375,12916.14453125,17929.736328125,30836.67578125,12892.185546875,17944.490234375,0.00029842162621207535,0.0018549640662968159,-0.0008228735532611609,0.029842162621207535,4.2394339218735695,0.784548239260912,4.204357394948602,0.7846886260807515,0.5278648305684328,0.9809166628308594,-0.002407766878604889,9.551176488399506,9.551176488399506,greedy,-0.002407766878604889,0.0,hard_fault_cluster
197,N2721,control1,-0.569645881652832,0.9618389617828598,0.838566517829895,0.13251683344440152,0.6251953251588589,-0.569645881652832,0.0005670711398124695,0.8742268990902176,0.7913182735443115,5.670711398124695e-06,0.3301762640476227,0.04403482377529144,0.0005670711398124695,0.9908427327871322,0.04055631160736084,0.11097152531147003,0.01368793472647667,30836.310546875,12891.287109375,17945.0234375,30907.1171875,12958.19140625,17948.92578125,-0.0022962098009884357,-0.005189884919673204,-0.00021746105630882084,-0.22962098009884357,4.100233055651188,0.19743230273561493,4.06678163446486,0.19741605750950839,0.7842367589473724,0.657342740698823,0.0005670711398124695,9.551743559539318,9.551743559539318,greedy,0.0005670711398124695,0.0,hard_fault_cluster
198,N7414,control1,-0.41272827982902527,1.6446122485212982,1.6748002409934997,0.19902116184122862,1.0689979615388439,-0.41272827982902527,0.007996268570423126,1.2873971673659979,1.0492459774017333,7.996268570423126e-05,0.32928553223609924,0.04001948982477188,0.007996268570423126,1.4294282703101635,0.03972647339105606,0.1103108823299408,0.01354081928730011,30907.09375,12958.3505859375,17948.744140625,30859.50390625,12953.6171875,17905.88671875,0.00153977086301893,0.00036527783959172666,0.002387767191976309,0.153977086301893,4.020663097500801,0.19322215542197224,3.984651278704405,0.17224933728575703,1.2643571332097054,1.2611710784584285,0.007996268570423126,9.559739828109741,9.559739828109741,greedy,0.007996268570423126,0.0,hard_fault_cluster
199,N8036,control0,-0.5606313347816467,0.2447080919984728,0.20353143492247908,0.24301638901233671,0.15906025979900731,-0.5606313347816467,0.0056457072496414185,0.810638976789778,0.7796603322029113,5.6457072496414184e-05,0.334701269865036,0.044766493141651154,0.0056457072496414185,0.7883079213177552,0.040163956582546234,0.11443570256233215,0.013194821774959564,30859.90625,12954.0859375,17905.8203125,30826.7578125,12904.013671875,17922.744140625,0.0010741587029770017,0.003865364706143737,-0.0009451579535380006,0.10741587029770017,4.066807858645916,0.78345727507025,4.028998708352447,0.8110555965080857,0.5310369030572474,0.5458923253277317,0.0056457072496414185,9.565385535359383,9.565385535359383,greedy,0.0056457072496414185,0.0,hard_fault_cluster
200,N2837,control1,-0.48807492852211,1.1385545986278887,0.9526220798492431,0.15925722183474134,0.7400604891081276,-0.48807492852211,0.00916166603565216,1.047086438785118,0.9102035462856292,9.16166603565216e-05,0.3293704092502594,0.04061051458120346,0.00916166603565216,1.187601381422719,0.03944455087184906,0.11185237765312195,0.013334352523088455,30826.314453125,12903.30859375,17923.005859375,30885.5234375,12958.61328125,17926.91015625,-0.001920728594996035,-0.004286085721105337,-0.0002178371651098132,-0.1920728594996035,3.9942272678017616,0.23496405825135297,3.95689813233912,0.23494597570679615,0.9343064234242775,0.7498484975867905,0.00916166603565216,9.574547201395035,9.574547201395035,greedy,0.00916166603565216,0.0,hard_fault_cluster
201,N2952,control1,-0.44278761744499207,1.0143884996883115,0.8610633432865142,0.15016121250574085,0.6593525247974025,-0.44278761744499207,0.012151792645454407,0.9760494001820234,0.8708244740962982,0.00012151792645454407,0.32659289240837097,0.036636993288993835,0.012151792645454407,1.1103389015860126,0.03912346810102463,0.11165168881416321,0.013469718396663666,30885.53515625,12958.625,17926.91015625,30918.8828125,12991.8349609375,17927.046875,-0.0010797176510095596,-0.002562768990173936,-7.626453680131817e-06,-0.10797176510095596,3.961135596036911,0.21320338214947923,3.924544006586075,0.21320230780704377,0.851798506479713,0.7012143894370899,0.012151792645454407,9.58669899404049,9.58669899404049,greedy,0.012151792645454407,0.0,hard_fault_cluster
202,N3067,control1,-0.4142366647720337,0.9966567445686451,0.8474797666072844,0.14928336632487116,0.6478268839696193,-0.4142366647720337,0.014569908380508423,0.9669764380390916,0.8658719241619109,0.00014569908380508424,0.3247933089733124,0.03333056718111038,0.014569908380508423,1.1001453681767088,0.038885630667209625,0.11184565722942352,0.013489868491888046,30918.84375,12991.783203125,17927.060546875,30934.171875,13008.638671875,17925.533203125,-0.0004957534838467836,-0.0012973945122212172,8.519766561221331e-05,-0.049575348384678364,3.9364635422825813,0.21026138292287214,3.9005381856113672,0.21026160070683544,0.8386376414917321,0.692326858808683,0.014569908380508423,9.601268902420998,9.601268902420998,greedy,0.014569908380508423,0.0,hard_fault_cluster
203,N8790,control1,-0.5171107649803162,0.050488830357790004,-0.11556055694818498,-0.05489498078823089,0.0328177397325635,-0.5171107649803162,0.01842917501926422,0.5889632221311332,0.9364229381084441,0.00018429175019264222,0.30721595883369446,0.02505655027925968,0.01842917501926422,0.9862610259279607,0.03679106384515762,0.10422258079051971,0.011472146958112717,30934.6640625,13009.5068359375,17925.15625,30878.7890625,12999.61328125,17879.17578125,0.0018062262097373605,0.0007604865240864456,0.0025651361793279648,0.18062262097373605,3.7225921098142862,-1.6125961177051067,3.6899778158403933,-1.7740133635699749,0.2689113415777683,0.2944687937572598,0.01842917501926422,9.619698077440262,9.619698077440262,greedy,0.01842917501926422,0.0,hard_fault_cluster
204,N628,control1,-0.431273490190506,1.0215768001973629,0.9660596549510955,0.13723480142652988,0.6640249201282858,-0.431273490190506,0.0061817467212677,0.803597672469914,0.7003507137298584,6.1817467212677e-05,0.31742063164711,0.03427138924598694,0.0061817467212677,0.8592555156163872,0.03781042993068695,0.10627564787864685,0.012277178466320038,30878.015625,12998.4384765625,17879.578125,30920.65625,13034.9638671875,17885.69140625,-0.0013809379888698459,-0.002809982979670167,-0.000341914186719805,-0.1380937988869846,3.8214961290359497,0.2835255270265043,3.7911562770605087,0.23012816583737733,0.7420297639444471,0.7214693189319223,0.0061817467212677,9.62587982416153,9.62587982416153,greedy,0.0061817467212677,0.0,hard_fault_cluster
205,N2652,control1,-0.41682907938957214,1.228414278116543,1.6242048382759093,0.08374811095069164,0.798469280775753,-0.41682907938957214,0.00631384551525116,0.7528764564660378,0.6745118618011474,6.313845515251159e-05,0.3212044835090637,0.03434113413095474,0.00631384551525116,0.840165384709835,0.03794246166944504,0.1075872927904129,0.012821760028600693,30920.93359375,13035.2744140625,17885.66015625,30933.2734375,13041.080078125,17892.193359375,-0.0003990773402620107,-0.00044538103975355625,-0.00036527603515423834,-0.03990773402620107,3.8349011465907097,0.20266914835432542,3.8044099118560553,0.13517293795943258,0.7759559735655784,0.8964560308400269,0.00631384551525116,9.63219366967678,9.63219366967678,greedy,0.00631384551525116,0.0,hard_fault_cluster
206,N2779,control1,-0.38980183005332947,1.150238763157449,0.9930744588375091,0.13307120661412228,0.747655196052342,-0.38980183005332947,0.011497832834720612,0.9498661709886618,0.9419227123260498,0.00011497832834720611,0.32199135422706604,0.03215353935956955,0.011497832834720612,1.0758709585608086,0.03808467835187912,0.10931099951267242,0.013098601251840591,30933.267578125,13041.056640625,17892.2109375,30920.125,13029.1171875,17891.0078125,0.00042486871825531125,0.000915528042241931,6.724294507876039e-05,0.042486871825531125,3.852119207382202,0.22017268248786423,3.8193806782364845,0.22016354190604034,0.8701374354077416,0.7840588062724236,0.011497832834720612,9.643691502511501,9.643691502511501,greedy,0.011497832834720612,0.0,hard_fault_cluster
207,N8239,control1,-0.1557539850473404,2.998327443934977,2.7205344915390013,0.39897911524400115,1.948912838557735,-0.1557539850473404,0.030847035348415375,2.243408460356295,1.88148490190506,0.00030847035348415376,0.3238130211830139,0.029458874836564064,0.029458874836564064,2.308257023692131,0.0408012717962265,0.10514724254608154,0.01448829099535942,30920.568359375,13029.814453125,17890.75390625,30775.552734375,12975.529296875,17800.0234375,0.0046899402514100075,0.004166226368397474,0.005071360617876053,0.46899402514100075,4.14043308980763,2.7725743931531905,4.095203657168895,2.522205082774162,2.5324285089969636,2.7840384379029275,0.030847035348415375,9.674538537859917,9.674538537859917,greedy,0.030847035348415375,0.0,hard_fault_cluster
208,N2894,control1,-0.31149324774742126,2.616065555661917,1.659950315952301,1.0060184536874295,1.700442611180246,-0.31149324774742126,0.012485399842262268,4.875124575942754,5.227105236053466,0.00012485399842262267,0.3238844871520996,0.030598992481827736,0.012485399842262268,5.332405098304152,0.038850992918014526,0.10357142984867096,0.01272168755531311,30775.125,12974.84375,17800.28125,30846.087890625,13001.6484375,17844.439453125,-0.002305852249264717,-0.0020658967550843954,-0.0024807588197290897,-0.2305852249264717,3.9281836841255426,1.0339292781800031,3.895870389882475,0.7325031189620493,2.616402743011713,2.6277936600492464,0.012485399842262268,9.687023937702179,9.687023937702179,greedy,0.012485399842262268,0.0,hard_fault_cluster
209,N7805,control1,-0.10584989935159683,4.166268461942673,4.445952749252319,0.654602478146553,2.7080745002627378,-0.10584989935159683,0.04334837198257446,3.3330385476350783,3.6498689413070675,0.0004334837198257446,0.3283074200153351,0.029522383585572243,0.029522383585572243,3.248233558535576,0.041270360350608826,0.11165109276771545,0.015323352068662643,30845.884765625,13001.822265625,17844.0625,30792.42578125,12982.7001953125,17809.7265625,0.0017330993432551622,0.0014707223745062947,0.0019242219859734178,0.17330993432551622,4.199906790629029,2.7570925506949426,4.145253723952919,2.787873819768429,3.246825185418129,3.9696024121344085,0.04334837198257446,9.730372309684753,9.730372309684753,greedy,0.04334837198257446,0.0,hard_fault_cluster
210,N3009,control1,-0.266733318567276,2.2354613084346053,1.3606102943420408,0.9197554130107162,1.4530498504824936,-0.266733318567276,0.022915206849575043,4.356804845109583,4.526599931716919,0.00022915206849575043,0.32451483607292175,0.029303574934601784,0.022915206849575043,4.733861046172678,0.038666144013404846,0.10790382325649261,0.013113819062709808,30792.625,12982.51171875,17810.11328125,30826.9453125,12982.640625,17844.3046875,-0.0011145627358928323,-9.929222869686782e-06,-0.001919774804264307,-0.11145627358928323,3.9188331831246614,0.8449170546606183,3.879669096786529,0.266323353536427,2.2688901659101246,2.2627315860986705,0.022915206849575043,9.753287516534328,9.753287516534328,greedy,0.022915206849575043,0.0,hard_fault_cluster
211,N652,control1,-0.03376336023211479,4.586901904940605,3.7733036994934075,1.28737187564373,2.9814862382113936,-0.03376336023211479,0.05072386562824249,6.19507172703743,5.9247517585754395,0.0005072386562824249,0.32899489998817444,0.02768057771027088,0.02768057771027088,6.079495000839233,0.041133228689432144,0.11494767665863037,0.015539586544036865,30822.24609375,12977.62109375,17844.625,30765.90625,12959.26953125,17806.63671875,0.0018278954084962606,0.001414092956110835,0.0021288360003381968,0.18278954084962606,4.191727312281728,2.746949585676193,4.132923979777843,2.842578204870224,4.266311848163605,4.347539016008377,0.05072386562824249,9.804011382162571,9.804011382162571,greedy,0.05072386562824249,0.0,hard_fault_cluster
212,N6685,observe,-0.2866955101490021,3.5660247974842783,3.265733480453491,1.4721198254078622,2.317916118364781,-0.2866955101490021,0.010121174156665802,6.1815044593065975,5.999999999999999,0.00010121174156665802,0.32560619711875916,0.029880860820412636,0.010121174156665802,6.272305504493415,0.03959766775369644,0.11090032756328583,0.013538822531700134,30770.5625,12964.6181640625,17805.9453125,30914.2734375,13014.740234375,17899.533203125,-0.004670403432101011,-0.0038660659920424223,-0.005255991127341986,-0.4670403432101011,3.9997688103467226,1.4988234972581265,3.9697672841139138,1.3731134271249172,3.061861570551991,4.090210020858794,0.010121174156665802,9.814132556319237,9.814132556319237,greedy,0.010121174156665802,0.0,hard_fault_cluster
213,N722,observe,-0.0772734135389328,4.269619989991188,3.6048745870590206,1.6912277227640153,2.7752529934942722,-0.0772734135389328,0.011022120714187622,6.649693164229393,5.999999999999999,0.00011022120714187622,0.3289552628993988,0.02821780927479267,0.011022120714187622,6.5386710485816,0.042676061391830444,0.11457912623882294,0.016995832324028015,30914.72265625,13014.595703125,17900.126953125,30921.67578125,13067.705078125,17853.970703125,-0.00022491306299343705,-0.004080754704773426,0.0025785432662814856,-0.022491306299343705,4.306846069172025,3.009241025745869,4.2774161216802895,2.4734156540036203,3.680290314555168,4.492188704460859,0.011022120714187622,9.825154677033424,9.825154677033424,greedy,0.011022120714187622,0.0,hard_fault_cluster
214,N703,observe,-0.039948415011167526,4.779921142943204,4.312177658081055,1.210593790691346,3.1069487429130827,-0.039948415011167526,0.005892395973205566,5.756066090893,5.561482286453247,5.8923959732055667e-05,0.33079901337623596,0.027643198147416115,0.005892395973205566,6.087453942624852,0.04309652000665665,0.11430983245372772,0.01746247708797455,30922.76171875,13068.21484375,17854.546875,30937.03515625,13093.8623046875,17843.171875,-0.00046158352051861584,-0.001962583279237151,0.0006370926275849342,-0.046158352051861584,4.343187594786286,3.3486823021527377,4.31803589919582,3.1848303257580843,4.055273258406669,4.735927617964334,0.005892395973205566,9.83104707300663,9.83104707300663,greedy,0.005892395973205566,0.0,hard_fault_cluster
215,N856,observe,-0.2347899228334427,1.132655720040202,2.5408066749572753,0.1631733303144574,0.7362262180261314,-0.2347899228334427,0.012201167643070221,0.883950712904334,2.305704915523529,0.0001220116764307022,0.3316066563129425,0.02954881824553013,0.012201167643070221,0.9326648719608783,0.041909217834472656,0.110902339220047,0.015697713941335678,30935.474609375,13093.244140625,17842.23046875,30966.40234375,13086.310546875,17880.091796875,-0.0009997497545555234,0.0005295550799928606,-0.002122006379067898,-0.09997497545555234,4.232671769335866,1.6727378159761428,4.201359279919416,1.2161675840616226,0.8551460996270179,2.655844964757561,0.012201167643070221,9.8432482406497,9.8432482406497,greedy,0.012201167643070221,0.0,hard_fault_cluster
216,N5456,observe,-0.3446640968322754,1.2734316796530039,2.3856308102607726,0.4368162364233285,0.8277305917744525,-0.3446640968322754,0.017892763018608093,1.9289736260194332,3.051002013683319,0.00017892763018608092,0.339986652135849,0.03671417385339737,0.017892763018608093,2.044573200424202,0.041648976504802704,0.1170305460691452,0.015675999224185944,30966.712890625,13086.607421875,17880.10546875,30944.62109375,13031.3466796875,17913.2734375,0.0007134046754799783,0.00422269431874156,-0.0018550208769738674,0.07134046754799783,4.219504587352276,1.692399214785546,4.178549384698272,1.8879915824346243,1.293522725207731,2.940789771385025,0.017892763018608093,9.861141003668308,9.861141003668308,greedy,0.017892763018608093,0.0,hard_fault_cluster
217,N679,observe,-0.16632035374641418,2.4850845523178577,3.2353282451629637,0.5195301782339811,1.6153049590066075,-0.16632035374641418,0.01272023469209671,2.381334612891078,3.158682548999786,0.0001272023469209671,0.3360513746738434,0.033024631440639496,0.01272023469209671,2.4599405808374284,0.04341511428356171,0.11801289021968842,0.01751384511590004,30947.107421875,13032.201171875,17914.90625,30921.5859375,13051.3125,17870.2734375,0.0008246807847172022,-0.0014664697227999568,0.0024913784582167864,0.08246807847172022,4.387256294488907,2.3372698694095013,4.352947644889355,3.2059155900776384,2.1267109233886003,3.48236210020259,0.01272023469209671,9.873861238360405,9.873861238360405,greedy,0.01272023469209671,0.0,hard_fault_cluster
218,N859,observe,-0.37868833541870117,0.984463241994381,2.2721435248851773,0.30997249215841294,0.6399011072963476,-0.37868833541870117,0.017698585987091064,1.5387620970606803,2.873770487308502,0.00017698585987091064,0.3376000225543976,0.034821055829524994,0.017698585987091064,1.7034935612976552,0.04233869910240173,0.11350622773170471,0.015620764344930649,30919.0546875,13050.2919921875,17868.76171875,31006.9453125,13064.603515625,17942.341796875,-0.002842603949829936,-0.0010966439731419086,-0.004117805045098066,-0.2842603949829936,4.286389552056789,1.3697479128837584,4.246999820694327,1.5131745338439941,1.0037787586450577,2.7524561931192872,0.017698585987091064,9.891559824347496,9.891559824347496,greedy,0.017698585987091064,0.0,hard_fault_cluster
219,N624,control1,-0.43497350811958313,2.3140702612698076,1.5581255793571471,1.1425203450024128,1.504145669825375,-0.43497350811958313,0.010826855897903442,5.5603002540767195,5.999999999999999,0.00010826855897903442,0.32948973774909973,0.03437411040067673,0.010826855897903442,6.1569082745164625,0.040638502687215805,0.11009515821933746,0.014224287122488022,31006.7734375,13064.158203125,17942.615234375,30984.47265625,13052.26171875,17932.2109375,0.0007192228804342449,0.0009106200304813683,0.0005798651254735887,0.07192228804342449,4.109051235020161,0.7747536811977623,4.0751505102962255,0.05483570955693706,2.609887940436601,2.7168281850591294,0.010826855897903442,9.9023866802454,9.9023866802454,greedy,0.010826855897903442,0.0,hard_fault_cluster
220,N4436,control0,-0.554023802280426,1.7479923382401468,0.6920910537242889,1.3143919721245767,1.1361950198560955,-0.554023802280426,0.006954796612262726,5.723348179459572,4.745238375663757,6.954796612262726e-05,0.3342646658420563,0.040883734822273254,0.006954796612262726,6.166658362448215,0.04162435978651047,0.1143462210893631,0.01458834484219551,30985.1484375,13053.5,17931.6484375,30927.23046875,12987.060546875,17940.169921875,0.0018692170269787312,0.005089780781418085,-0.00047522035310976207,0.18692170269787312,4.210274510085583,1.3876017887890337,4.174395611509681,1.2079872448742388,2.43730669170618,2.0644638718664643,0.006954796612262726,9.909341476857662,9.909341476857662,greedy,0.006954796612262726,0.0,hard_fault_cluster
221,N4338,control0,-0.6369722485542297,1.8087874188274147,0.9604292094707488,1.4082105293124916,1.1757118222378196,-0.6369722485542297,0.00523192435503006,5.853634698316455,4.568006908893585,5.23192435503006e-05,0.3336038589477539,0.04550517350435257,0.00523192435503006,6.166962780766189,0.04204927384853363,0.1160491555929184,0.014699328690767288,30927.56640625,12987.3701171875,17940.1953125,30892.234375,12942.517578125,17949.716796875,0.0011424123076722026,0.0034535506274551153,-0.0005307347164489329,0.11424123076722026,4.255664482712746,1.3859369130060075,4.217611659318209,1.3529399604722856,2.434666076302528,2.2212900216877456,0.00523192435503006,9.914573401212692,9.914573401212692,greedy,0.00523192435503006,0.0,hard_fault_cluster
222,N6673,observe,-0.33189988136291504,5.675667207986116,4.565625882148742,1.7247730906307697,3.6891836851909754,-0.33189988136291504,0.006719931960105896,6.9373488076031204,5.999999999999999,6.719931960105896e-05,0.3306484818458557,0.04118438810110092,0.006719931960105896,6.753613926842808,0.04448970407247543,0.11829575896263123,0.017642240971326828,30891.6484375,12941.7412109375,17949.90625,30914.607421875,13015.1015625,17899.505859375,-0.000743210082873702,-0.00566850695759058,0.002807835815474391,-0.0743210082873702,4.49687472730875,3.099686814323068,4.460946487262845,2.5059754381328823,4.432895659655332,4.9813821787759665,0.006719931960105896,9.921293333172798,9.921293333172798,greedy,0.006719931960105896,0.0,hard_fault_cluster
223,N5439,observe,-0.4875181019306183,1.0467463809251785,2.154439395666122,0.5404043871164321,0.680385147601366,-0.4875181019306183,0.011955812573432922,2.0839011862874033,3.1566008090972897,0.00011955812573432922,0.33743521571159363,0.04730207473039627,0.011955812573432922,2.064777767211199,0.04347458481788635,0.11931963264942169,0.016556084156036377,30914.765625,13015.1337890625,17899.6328125,30958.279296875,13006.736328125,17951.54296875,-0.0014075367944315076,0.0006452074158005416,-0.0029000681824982166,-0.14075367944315076,4.4067163690924644,1.4998826563358307,4.3622729536145926,0.9567934319376945,1.0169602394104003,2.76102415561676,0.011955812573432922,9.933249145746231,9.933249145746231,greedy,0.011955812573432922,0.0,hard_fault_cluster
224,N2151,observe,0.21501101553440094,7.163882261514664,5.999999999999999,1.4447175830602645,4.656523469984532,0.21501101553440094,0.08158321678638458,6.984577789902686,5.999999999999999,0.0008158321678638458,0.34140703082084656,0.03875590115785599,0.03875590115785599,7.315877926647663,0.052599355578422546,0.1312885880470276,0.026416946202516556,30959.017578125,13007.443359375,17951.57421875,30891.9375,13017.2958984375,17874.640625,0.002166738035157323,-0.0007574539049528539,0.00428561819717288,0.2166738035157323,5.380274675786495,6.037039996683598,5.290020337328315,6.47443318516016,6.003477641940117,6.002260467261076,0.08158321678638458,10.014832362532616,10.014832362532616,greedy,0.08158321678638458,0.0,hard_fault_cluster
225,N5715,control0,-0.21630901098251343,0.9694738909602165,2.530274641513824,0.05789827838540078,0.6301580291241408,-0.21630901098251343,0.02757231891155243,0.8366204172372818,2.4305247783660886,0.0002757231891155243,0.32034775614738464,0.026891695335507393,0.026891695335507393,1.0649525047838688,0.044168662279844284,0.10752515494823456,0.016645438969135284,30891.53125,13017.1083984375,17874.421875,31012.388671875,13094.310546875,17918.078125,-0.003912315703928471,-0.005930821876972914,-0.0024423866998404264,-0.39123157039284706,4.471330242231488,0.9334164513647556,4.430482231546193,0.9679237855970859,0.9095315292477608,2.1661954940110446,0.02757231891155243,10.042404681444168,10.042404681444168,greedy,0.02757231891155243,0.0,hard_fault_cluster
226,N712,observe,-0.07368948310613632,3.79448010109365,3.5357238054275513,1.3148746647685765,2.4664120657108723,-0.07368948310613632,0.010605588555335999,5.777242344245315,5.6301340579986565,0.00010605588555335998,0.332232266664505,0.033671922981739044,0.010605588555335999,6.025117539428174,0.045089129358530045,0.11391568183898926,0.018711663782596588,31012.396484375,13093.759765625,17918.63671875,30983.685546875,13104.47265625,17879.212890625,0.0009257890633307397,-0.0008181676384992898,0.0022001578472554684,0.09257890633307397,4.5531904473900795,2.5219270394369957,4.519982313737273,2.765085975937545,3.504632333293557,4.378011016640812,0.010605588555335999,10.053010269999504,10.053010269999504,greedy,0.010605588555335999,0.0,hard_fault_cluster
227,N4532,control0,-0.42290446162223816,0.23009326790459453,0.2601387477247044,0.22756598323583602,0.14956062413798646,-0.42290446162223816,3.4615397453308105e-05,0.7748276160738896,0.999216729402542,3.4615397453308106e-07,0.33558952808380127,0.04117279499769211,3.4615397453308105e-05,0.7547337068541673,0.04237665608525276,0.11309999227523804,0.015536554157733917,30983.6171875,13105.013671875,17878.603515625,30963.16015625,13033.111328125,17930.048828125,0.0006602531648240983,0.005486628506332636,-0.0028774794191122055,0.06602531648240983,4.278873018920422,0.7571858711913229,4.2479674611240625,0.6804886408522726,0.4582973641343415,0.695674120974727,3.4615397453308105e-05,10.053044885396957,10.053044885396957,greedy,3.4615397453308105e-05,0.0,hard_fault_cluster
228,N902,control1,-0.172890767455101,2.724938092380762,2.4403875350952147,0.45909813128411764,1.7712097600474954,-0.172890767455101,0.021259739995002747,2.5678166940808294,2.511743664741516,0.00021259739995002747,0.3334139585494995,0.039295926690101624,0.021259739995002747,2.8350405179709193,0.043902456760406494,0.11536379158496857,0.017461523413658142,30953.791015625,13020.064453125,17933.7265625,30930.5,13034.3203125,17896.1796875,0.0007524446700699627,-0.0010949146235361695,0.002093645976856351,0.07524446700699627,4.450801342725754,1.9169944574683904,4.4053845927119255,1.9920564939826726,2.379648924618959,2.377211780846119,0.021259739995002747,10.07430462539196,10.07430462539196,greedy,0.021259739995002747,0.0,hard_fault_cluster
229,N4469,control0,-0.4660129249095917,0.23157924758270376,0.2865005041938275,0.22894581705331796,0.15052651092875746,-0.4660129249095917,0.005365327000617981,0.777781102701556,0.8902694642543793,5.365327000617981e-05,0.33790358901023865,0.0428052693605423,0.005365327000617981,0.7573946210544091,0.041816167533397675,0.11420945823192596,0.01494823768734932,30939.517578125,13047.193359375,17892.32421875,30919.865234375,12990.59375,17929.271484375,0.0006351858610287309,0.004338067956268787,-0.0020649784710258245,0.06351858610287309,4.229787349700928,0.7595109356194735,4.1936594024300575,0.6836720658093691,0.46633783001452683,0.6803447603341192,0.005365327000617981,10.079669952392578,10.079669952392578,greedy,0.005365327000617981,0.0,hard_fault_cluster
230,N8605,control1,-0.21851013600826263,2.85839768871665,2.540375018119812,0.47890975274145603,1.8579584976658226,-0.21851013600826263,0.02510868012905121,2.5601426117122172,2.3971218585968015,0.0002510868012905121,0.33192530274391174,0.035278819501399994,0.02510868012905121,2.796323755085468,0.04334782063961029,0.10667222738265991,0.01602698117494583,30919.93359375,12990.4326171875,17929.501953125,30828.109375,12980.6689453125,17847.44140625,0.0029697418212890625,0.0007516048499383032,0.0045768446289002895,0.29697418212890625,4.39516956359148,1.88679011374712,4.349878938868642,2.100896315872669,2.5169549316167834,2.5180800147354603,0.02510868012905121,10.10477863252163,10.10477863252163,greedy,0.02510868012905121,0.0,hard_fault_cluster
231,N3681,control0,-0.22157715260982513,3.1398968607187268,2.9338688254356384,1.5200842529535292,2.0409329594671726,-0.22157715260982513,0.01009022444486618,6.219412165880203,5.999999999999999,0.00010090224444866181,0.3221948444843292,0.03240106999874115,0.01009022444486618,6.33898975789547,0.03984395042061806,0.10417978465557098,0.013349715620279312,30816.4765625,12966.986328125,17849.490234375,30801.439453125,12965.162109375,17836.27734375,0.00048795680049806833,0.00014068177551962435,0.0007402391056530178,0.04879568004980683,4.026886336505413,0.6787624493241309,3.9950178656727076,-0.12138077765703215,3.0628770679235453,3.5658700941503048,0.01009022444486618,10.114868856966496,10.114868856966496,greedy,0.01009022444486618,0.0,hard_fault_cluster
232,N6947,control0,-0.31483325362205505,2.597008454799652,2.5160204768180847,1.5741220593452452,1.6880554956197737,-0.31483325362205505,0.002689957618713379,6.194264736771584,5.999999999999999,2.689957618713379e-05,0.32377439737319946,0.035606369376182556,0.002689957618713379,6.25069191724062,0.039080746471881866,0.10640491545200348,0.01276879757642746,30811.525390625,12977.302734375,17834.22265625,30821.703125,12972.087890625,17849.615234375,-0.0003303223056718707,0.0004018434265162796,-0.0008630921947769821,-0.03303223056718707,3.9463709741830826,0.9649652391672133,3.9176487289369106,0.5367411077022551,2.745156610012054,3.359351796507835,0.002689957618713379,10.117558814585209,10.117558814585209,greedy,0.002689957618713379,0.0,hard_fault_cluster
233,N4391,control0,-0.4848155677318573,2.033914673179388,0.5598604857921601,1.6590318559110167,1.3220445375666023,-0.4848155677318573,-0.0016703680157661438,6.202754514664412,4.773151016235351,-1.6703680157661437e-05,0.33124682307243347,0.04218974709510803,-0.0016703680157661438,6.150226229354739,0.0393783301115036,0.11105093359947205,0.012895874679088593,30823.19140625,12973.7509765625,17849.44140625,30824.072265625,12938.294921875,17885.77734375,-2.8577811463037506e-05,0.0027329069562256336,-0.0020356904715299606,-0.0028577811463037506,3.978352390229702,1.3763885527104138,3.9479628559201956,0.8735067426413297,2.3917081154882904,1.9992361885425998,-0.0016703680157661438,10.115888446569443,10.115888446569443,greedy,-0.0016703680157661438,0.0,hard_fault_cluster
234,N4367,control0,-0.5854058265686035,1.6974321663752197,0.4900781408883631,1.6850863391906021,1.103330908143893,-0.5854058265686035,-0.0016062110662460327,6.166967337601817,4.628743433952331,-1.606211066246033e-05,0.333660751581192,0.045883141458034515,-0.0016062110662460327,6.08300688261399,0.040144674479961395,0.1131400316953659,0.013299155980348587,30824.3125,12938.51171875,17885.80078125,30810.517578125,12903.171875,17907.345703125,0.00044753379188477993,0.0027313686441630125,-0.0012045825133100152,0.04475337918847799,4.058744378387928,1.3372727563232183,4.025536680594087,0.9322403302043676,2.27264233790338,1.9820287079922854,-0.0016062110662460327,10.114282235503197,10.114282235503197,greedy,-0.0016062110662460327,0.0,hard_fault_cluster
235,N5725,control0,-0.6434788703918457,2.138047191128135,0.5512591868638992,1.639601531252265,1.3897306742332878,-0.6434788703918457,-0.0013694465160369873,6.2016792435199015,4.532387566566467,-1.3694465160369873e-05,0.33397841453552246,0.04871106892824173,-0.0013694465160369873,6.183346239812672,0.04088333249092102,0.11461777985095978,0.013701658695936203,30810.2421875,12902.7978515625,17907.4453125,30805.265625,12879.779296875,17925.486328125,0.00016152298485394567,0.0017839971696957946,-0.0010074588935822248,0.016152298485394567,4.135674871504307,1.3981690249964593,4.100168654695153,1.0892964742705225,2.4849618691951036,1.937780670467764,-0.0013694465160369873,10.11291278898716,10.11291278898716,greedy,-0.0013694465160369873,0.0,hard_fault_cluster
236,N2348,control0,-0.6779675483703613,2.3840747307240964,2.2721435248851773,1.7095839808881281,1.5496485749706628,-0.6779675483703613,-0.0031934604048728943,6.331430125981569,5.999999999999999,-3.193460404872894e-05,0.3316059708595276,0.05121113359928131,-0.0031934604048728943,6.208287113383412,0.04139810800552368,0.11545218527317047,0.013928838074207306,30795.6484375,12867.013671875,17928.634765625,30790.810546875,12850.427734375,17940.3828125,0.00015709656872786582,0.0012890277430415154,-0.0006552672130055726,0.01570965687278658,4.187828473746777,1.6081645958870647,4.15181521885097,0.9811581247299908,2.57662698701024,3.4159136672690504,-0.0031934604048728943,10.109719328582287,10.109719328582287,greedy,-0.0031934604048728943,0.0,hard_fault_cluster
237,N626,control1,-0.6143248677253723,2.1183059002645312,0.42979074120521543,1.6156003262288867,1.3768988351719453,-0.6143248677253723,-0.0013487190008163452,5.988372374791652,5.8475682735443115,-1.3487190008163452e-05,0.32337430119514465,0.04645214229822159,-0.0013487190008163452,5.846728432076052,0.04015514254570007,0.10998484492301941,0.0130557119846344,30800.255859375,12862.341796875,17937.9140625,30867.26953125,12934.1259765625,17933.14453125,-0.002175750443711877,-0.005580957047641277,0.00026589108165353537,-0.2175750443711877,4.060617677867413,0.6352071935031564,4.026790110394359,-0.07739571987651284,2.1927631477825344,2.110866714636795,-0.0013487190008163452,10.10837060958147,10.10837060958147,greedy,-0.0013487190008163452,0.0,hard_fault_cluster
238,N515,control1,-0.3485383689403534,3.324829245507717,1.722279965877533,1.4850232848525047,2.1611390095800163,-0.3485383689403534,0.006221272051334381,6.055782659351825,5.7959465980529785,6.22127205133438e-05,0.32470637559890747,0.04232741892337799,0.006221272051334381,6.161350651532411,0.04273531585931778,0.1130555272102356,0.01593892276287079,30863.173828125,12927.244140625,17935.9296875,30812.91015625,12940.55078125,17872.359375,0.0016285970341414213,-0.0010293485829606652,0.003544299863278866,0.16285970341414213,4.32208027690649,2.63500089392066,4.285668758675456,2.1930731032788753,3.2325931683182714,3.0809971366822717,0.006221272051334381,10.114591881632805,10.114591881632805,greedy,0.006221272051334381,0.0,hard_fault_cluster
239,N6736,control1,-0.3976363241672516,2.766600422263145,1.3916607379913328,1.4518625062704082,1.7982902744710443,-0.3976363241672516,0.0004754364490509033,5.550938761234283,5.441352033615112,4.754364490509033e-06,0.32476016879081726,0.041942231357097626,0.0004754364490509033,5.436037712097168,0.03988432139158249,0.1092408299446106,0.013449747115373611,30816.76171875,12947.572265625,17869.189453125,30858.423828125,12973.537109375,17884.88671875,-0.0013519302010536194,-0.00200538313947618,-0.0008784542442299426,-0.13519302010536194,4.030849806964397,0.6973160925507544,3.999036556109786,0.22329209476709355,2.521597662568092,2.5583077810332173,0.0004754364490509033,10.115067318081856,10.115067318081856,greedy,0.0004754364490509033,0.0,hard_fault_cluster
240,N7925,control0,-0.5712003707885742,1.5495398874106467,0.14050197303295134,1.4253354902091087,1.0072009268169204,-0.5712003707885742,-0.0019350424408912659,5.128596138746071,3.878090143203735,-1.935042440891266e-05,0.3320692777633667,0.046179890632629395,-0.0019350424408912659,4.987836434653873,0.04015270993113518,0.11255387961864471,0.013390809297561646,30859.078125,12974.234375,17884.84375,30833.095703125,12919.20703125,17913.888671875,0.0008419701480306685,0.004241278860718012,-0.0016239964170381427,0.08419701480306685,4.059515841305256,1.2286606555136677,4.026332205161452,0.6242567573937412,1.8948006703867577,1.4926451456540961,-0.0019350424408912659,10.113132275640965,10.113132275640965,greedy,-0.0019350424408912659,0.0,hard_fault_cluster
241,N4385,control0,-0.6582702398300171,1.3744920355454087,0.34745471207424994,1.3665280754864215,0.8934198231045156,-0.6582702398300171,-0.0030094385147094727,4.70785201198887,3.700558090209961,-3.0094385147094725e-05,0.33384832739830017,0.049150027334690094,-0.0030094385147094727,4.46238598293392,0.04066799581050873,0.11441130936145782,0.013559363782405853,30833.443359375,12919.607421875,17913.8359375,30813.6015625,12881.1552734375,17932.4453125,0.000643515435513109,0.00297626294195652,-0.0010388268856331706,0.0643515435513109,4.112940169870853,1.1651940212026237,4.078334728255868,0.6517801449075341,1.6908224541693926,1.5807263422198594,-0.0030094385147094727,10.110122837126255,10.110122837126255,greedy,-0.0030094385147094727,0.0,hard_fault_cluster
242,N8052,control0,-0.6986531615257263,2.030648517310619,0.3831983655691147,1.619352894723415,1.3199215362519023,-0.6986531615257263,-0.0027604103088378906,5.798789214342833,4.1563752532005305,-2.7604103088378907e-05,0.3329918682575226,0.05166500061750412,-0.0027604103088378906,5.59016270570457,0.04122483730316162,0.11579497158527374,0.013805467635393143,30813.28125,12880.7763671875,17932.505859375,30808.13671875,12859.9013671875,17948.234375,0.00016695824160706252,0.001620632130652666,-0.0008770952699705958,0.016695824160706252,4.171388320624828,1.326157098263502,4.134709877893329,0.9168570689857006,2.2326486110687256,1.7075185607373715,-0.0027604103088378906,10.107362426817417,10.107362426817417,greedy,-0.0027604103088378906,0.0,hard_fault_cluster
243,N3224,control0,-0.7243667244911194,1.8961686894297598,0.5713722109794617,1.47578499764204,1.2325096481293438,-0.7243667244911194,-0.002651691436767578,5.020188395678996,3.669979572296142,-2.651691436767578e-05,0.33173125982284546,0.05349571257829666,-0.002651691436767578,4.665827156752348,0.04170217365026474,0.11676019430160522,0.014019876718521118,30808.591796875,12860.470703125,17948.12109375,30812.345703125,12849.1875,17963.158203125,-0.0001218460820382461,0.0008773554000072181,-0.0008378096390515566,-0.01218460820382461,4.221061386168003,1.2322492258250712,4.182928370311856,0.8707075969874858,1.9230181097984311,1.590013187253644,-0.002651691436767578,10.10471073538065,10.10471073538065,greedy,-0.002651691436767578,0.0,hard_fault_cluster
244,N3402,control0,-0.7417982816696167,1.948716312795877,0.6616401374340057,1.4140345157682892,1.2666656033173203,-0.7417982816696167,-0.002773568034172058,4.701065025478601,3.386465227603912,-2.773568034172058e-05,0.3305203318595886,0.05480870604515076,-0.002773568034172058,4.280762960091233,0.04209056496620178,0.11746597290039062,0.014193437993526459,30812.345703125,12849.19140625,17963.154296875,30819.67578125,12842.9013671875,17976.7734375,-0.00023789418628439307,0.0004895279998891056,-0.000758170906919986,-0.023789418628439307,4.261091634631157,1.205452832058072,4.222065281122923,0.966852637603879,1.8474624119699001,1.5453072346083354,-0.002773568034172058,10.101937167346478,10.101937167346478,greedy,-0.002773568034172058,0.0,hard_fault_cluster
245,N3167,control0,-0.7536916732788086,1.9950465881824493,0.7104502975940704,1.3862980926036834,1.296780282318592,-0.7536916732788086,-0.0031192004680633545,4.566256545484066,3.2597704410552977,-3.119200468063355e-05,0.3294844329357147,0.05573028326034546,-0.0031192004680633545,4.117637810558081,0.042398855090141296,0.11798825860023499,0.014325503259897232,30819.673828125,12842.900390625,17976.7734375,30829.04296875,12839.9921875,17989.05078125,-0.00030399870593100786,0.000226444419240579,-0.000682955898810178,-0.030399870593100786,4.292496591806412,1.1955443704128266,4.2530382797122,0.9987880373001098,1.8257671326398848,1.5273103527745115,-0.0031192004680633545,10.098817966878414,10.098817966878414,greedy,-0.0031192004680633545,0.0,hard_fault_cluster
246,N3152,control0,-0.7617974281311035,1.901557993888855,0.5981585830450058,1.4373923361301422,1.2360126960277558,-0.7617974281311035,-0.003558509051799774,4.790243644267321,3.448012351989746,-3.558509051799774e-05,0.328656405210495,0.056379593908786774,-0.003558509051799774,4.3853761447221045,0.04263976588845253,0.11838237941265106,0.014424409717321396,30829.0390625,12839.9921875,17989.046875,30839.83203125,12839.26953125,18000.5625,-0.0003500909951981157,5.6281674915226176e-05,-0.0006401464925147593,-0.03500909951981157,4.31679767370224,1.3018549597263336,4.2771818600595,1.0367631232738495,1.8878469586372375,1.5613340221658292,-0.003558509051799774,10.095259457826614,10.095259457826614,greedy,-0.003558509051799774,0.0,hard_fault_cluster
247,N632,control1,-0.91094970703125,1.1023045873269437,0.0,1.1023045873269437,0.7164979817625134,-0.91094970703125,0.005064323544502258,3.416600896976888,3.8634065389633174,5.0643235445022585e-05,0.2866448760032654,0.04805084317922592,0.005064323544502258,2.9686240900121628,0.04242610186338425,0.1077735424041748,0.012985344976186752,30835.88671875,12834.3291015625,18001.55859375,30905.912109375,12887.064453125,18018.84765625,-0.002270905766636133,-0.004108929540961981,-0.0009604202932678163,-0.22709057666361332,4.295725353062153,0.7719554124586283,4.255888978019357,0.4324530778639018,1.0294672245159744,1.345135752717033,0.005064323544502258,10.100323781371117,10.100323781371117,greedy,0.005064323544502258,0.0,hard_fault_cluster
248,N623,control1,-1.2115585803985596,-1.3536890818551184,-2.0065698981285096,0.24060558538883925,-0.879897903205827,-1.2115585803985596,0.03064131736755371,0.7963444624096155,2.5494691729545593,0.0003064131736755371,0.050006210803985596,0.02999730594456196,0.02999730594456196,0.9842839731276036,0.050789568573236465,0.07613247632980347,0.027440018951892853,30905.904296875,12887.048828125,18018.85546875,30916.544921875,12907.783203125,18008.76171875,-0.0003442910092417151,-0.0016089312266558409,0.0005601770826615393,-0.03442910092417151,5.139595480635762,3.6662689822912213,5.0941165131516755,2.2396123069524765,0.20989155620336528,0.5021249047666787,0.03064131736755371,10.13096509873867,10.13096509873867,greedy,0.03064131736755371,0.0,hard_fault_cluster
249,N7453,control1,-1.087349772453308,-0.5636278204293922,-2.365111482143402,0.24367429691832512,-0.36635808327910496,-1.087349772453308,0.024499937891960144,1.1004835189087316,2.3766485929489134,0.00024499937891960146,0.04306513071060181,0.029285723343491554,0.024499937891960144,1.3724627637001685,0.05164135992527008,0.0798678994178772,0.02666480466723442,30919.029296875,12911.064453125,18007.96484375,30920.35546875,12950.3984375,17969.95703125,-4.2891770135611296e-05,-0.003046533092856407,0.00211061118170619,-0.00428917701356113,5.21792165376246,3.104733323501423,5.177582407835871,2.4166018718946725,0.5812594892457127,0.030365853728726355,0.024499937891960144,10.15546503663063,10.15546503663063,greedy,0.024499937891960144,0.0,hard_fault_cluster
250,N5894,control0,-1.1117745637893677,-0.364202702230541,-0.34182944595813747,0.30452326517668554,-0.23673175644985167,-1.1117745637893677,0.02495892345905304,1.3534335630829446,1.3557690322399139,0.0002495892345905304,0.047290682792663574,0.03099413402378559,0.02495892345905304,1.605484411045909,0.05208737775683403,0.08565795421600342,0.02613852173089981,30920.921875,12950.9580078125,17969.96484375,30907.513671875,12922.783203125,17984.73046875,0.0004336288257036358,0.0021754996851086617,-0.0008216835558414459,0.04336288257036358,5.264690833166242,2.0209463027119634,5.222726040054113,1.3350109365582465,0.59750217795372,0.5776745868241413,0.02495892345905304,10.180423960089684,10.180423960089684,greedy,0.02495892345905304,0.0,hard_fault_cluster
251,N7694,control0,-1.1310830116271973,-0.4155308630317449,-0.46999047994613646,0.2558841083198786,-0.2700950609706342,-1.1310830116271973,0.02652628719806671,1.127145716547966,1.1303518295288084,0.00026526287198066714,0.051059454679489136,0.032637953758239746,0.02652628719806671,1.3694003357738258,0.05267886817455292,0.08718746900558472,0.02615043893456459,30907.48828125,12922.8369140625,17984.65234375,30893.1953125,12893.4169921875,17999.779296875,0.0004624435678124428,0.00227658380754292,-0.000841103435959667,0.04624435678124428,5.327051058411598,1.7741926231980323,5.282677877694368,1.7105588236451148,0.6206707000732421,0.5806622488051653,0.02652628719806671,10.20695024728775,10.20695024728775,greedy,0.02652628719806671,0.0,hard_fault_cluster
252,N7696,control0,-1.1405394077301025,0.06649020642042161,-0.12775957882404326,0.24900389045476914,0.04321863417327405,-1.1405394077301025,0.02843359112739563,1.1725849993526936,1.1349749743938444,0.0002843359112739563,0.053439319133758545,0.033902667462825775,0.02843359112739563,1.4159925044327972,0.05305841565132141,0.0884002298116684,0.026098430156707764,30893.12109375,12893.2890625,17999.83203125,30885.654296875,12872.55859375,18013.095703125,0.00024169772223103791,0.001607849495485425,-0.0007368775550276041,0.02416977222310379,5.3681778237223625,3.7576123350858692,5.3214256297796965,2.803064143061638,0.901214675605297,0.7822846985515207,0.02843359112739563,10.235383838415146,10.235383838415146,greedy,0.02843359112739563,0.0,hard_fault_cluster
253,N7698,control0,-1.1454851627349854,0.13273707903921603,-0.021409257687628268,0.16332173287868498,0.08627910137549043,-1.1454851627349854,0.030012965202331543,0.7279974618460983,0.8582820653915404,0.00030012965202331544,0.0553489625453949,0.034823156893253326,0.030012965202331543,0.8365993719315156,0.053307149559259415,0.08939287066459656,0.02601320669054985,30885.5,12872.4541015625,18013.046875,30883.30859375,12858.79296875,18024.515625,7.09525920683518e-05,0.0010612687328830361,-0.0006366912857629359,0.0070952592068351805,5.395551078021526,0.7840651693940162,5.346923986449838,0.7837284448742866,0.5096067465841769,0.5949206623062491,0.030012965202331543,10.265396803617477,10.265396803617477,greedy,0.030012965202331543,0.0,hard_fault_cluster
254,N6956,control0,-1.1482808589935303,0.20699734876165166,0.1547085767087992,0.20715772710740565,0.13454827669507358,-1.1482808589935303,0.031041115522384644,0.9236764618530288,0.8843437850475311,0.00031041115522384644,0.056296974420547485,0.03573998808860779,0.031041115522384644,1.0488474942393076,0.05345956236124039,0.09020227193832397,0.025903910398483276,30883.541015625,12859.162109375,18024.37890625,30885.310546875,12851.033203125,18034.27734375,-5.729690383304842e-05,0.0006321489927358925,-0.0005491694319061935,-0.005729690383304842,5.412737339735031,0.8114697729144245,5.362651512026787,0.8448924575839191,0.6039224874461069,0.6299904531950596,0.031041115522384644,10.296437919139862,10.296437919139862,greedy,0.031041115522384644,0.0,hard_fault_cluster
255,N7441,control0,-1.148809790611267,0.3014774755388498,0.20644473563879728,0.2972983536124229,0.19596035910025236,-1.148809790611267,0.03211416304111481,1.117276794044301,0.9552809357643126,0.0003211416304111481,0.05715447664260864,0.036434516310691833,0.03211416304111481,1.153971744175069,0.05359145998954773,0.09087419509887695,0.02581946551799774,30885.890625,12851.4765625,18034.4140625,30889.74609375,12846.76953125,18042.9765625,-0.00012482945749070495,0.00036626384826377034,-0.00047478670603595674,-0.012482945749070495,5.42769467830658,0.8274877563118934,5.376283168792725,0.8731655076146125,0.6494841106235981,0.6658386209234595,0.03211416304111481,10.328552082180977,10.328552082180977,greedy,0.03211416304111481,0.0,hard_fault_cluster
256,N7442,control0,-1.1476234197616577,0.30294341088272625,1.18899730888661,0.29985675245523447,0.19691321707377207,-1.1476234197616577,0.03318266570568085,1.1274301495344845,1.1457632303237915,0.00033182665705680845,0.05813241004943848,0.03693138808012009,0.03318266570568085,1.1654516553453869,0.053720664232969284,0.09149974584579468,0.02574613317847252,30889.755859375,12846.791015625,18042.96484375,30894.609375,12844.2197265625,18050.388671875,-0.0001571237953612581,0.00020015030167996883,-0.00041145278373733163,-0.01571237953612581,5.442180477082729,0.8294960007444023,5.389594936743379,0.881851540543139,0.6587303587235509,1.205815886654891,0.03318266570568085,10.361734747886658,10.361734747886658,greedy,0.03318266570568085,0.0,hard_fault_cluster
257,N7700,control0,-1.1487960815429688,0.2956186835840344,-0.00382908689789474,0.2991471807658672,0.19215214432962238,-1.1487960815429688,0.03405700623989105,1.1248304418986663,2.539921975135803,0.00034057006239891053,0.05872219800949097,0.03727375715970993,0.03405700623989105,1.1655189109384083,0.05390028655529022,0.09194475412368774,0.025752738118171692,30893.9921875,12843.66796875,18050.32421875,30899.3203125,12842.2197265625,18057.1015625,-0.00017246475908905268,0.0001127592331613414,-0.00037546936073340476,-0.017246475908905268,5.461359418928623,0.8380478544533253,5.4078613463789225,0.9151932819187641,0.668151131644845,0.9066226648609153,0.03405700623989105,10.395791754126549,10.395791754126549,greedy,0.03405700623989105,0.0,hard_fault_cluster
258,N3229,control0,-1.1463438272476196,0.3065806908690001,-0.0674481230230981,0.30657933518290514,0.19927744906485007,-1.1463438272476196,0.03480277955532074,1.1525923970527485,0.9639670908451079,0.0003480277955532074,0.059154659509658813,0.037579625844955444,0.03480277955532074,1.1935507793593738,0.054000724107027054,0.09242747724056244,0.025690454989671707,30900.0234375,12843.01171875,18057.01171875,30904.69921875,12842.2822265625,18062.41796875,-0.00015131966210901737,5.680070898961276e-05,-0.00029939893283881247,-0.015131966210901737,5.472454816102982,0.8350029718364567,5.418168012052774,0.9241508554900975,0.6845253525886165,0.4977434178671547,0.03480277955532074,10.43059453368187,10.43059453368187,greedy,0.03480277955532074,0.0,hard_fault_cluster
259,N3172,control0,-1.1443700790405273,0.3101580072068281,0.14453659042578693,0.3101539330184459,0.20160270468443828,-1.1443700790405273,0.03548860549926758,1.1695576659959102,0.7702945644758075,0.0003548860549926758,0.05941006541252136,0.03787923604249954,0.03548860549926758,1.21321865175261,0.05409412831068039,0.09279178082942963,0.02565760537981987,30904.6953125,12842.28125,18062.4140625,30909.328125,12842.0693359375,18067.2578125,-0.00014990642375778407,1.6501278878422454e-05,-0.0002681673795450479,-0.014990642375778407,5.482780672609806,0.8385585389474727,5.427754791453481,0.9345937989095546,0.694941654289687,0.47490821944919165,0.03548860549926758,10.466083139181137,10.466083139181137,greedy,0.03548860549926758,0.0,hard_fault_cluster
260,N3219,control0,-1.1424320936203003,0.3121098601925223,8.425339956374955e-07,0.31210884571075437,0.20287140912513948,-1.1424320936203003,0.0360499769449234,1.1811576904971277,0.9874077558517456,0.000360499769449234,0.05961120128631592,0.03811386972665787,0.0360499769449234,1.2271655534612127,0.054191432893276215,0.09309640526771545,0.025643110275268555,30909.330078125,12842.068359375,18067.26171875,30913.716796875,12842.076171875,18071.640625,-0.00014192215166985989,-6.083521384425694e-07,-0.0002423669066047296,-0.014192215166985989,5.493307135999203,0.8401278825538612,5.437684250995517,0.9289122195976234,0.6981575493855416,0.5973369980873077,0.0360499769449234,10.50213311612606,10.50213311612606,greedy,0.0360499769449234,0.0,hard_fault_cluster
261,N3372,control0,-1.140357255935669,0.3157856059796177,1.800493765628198,0.3150802265107632,0.2052606438867515,-1.140357255935669,0.03654494881629944,1.1962426872938523,2.592171168327331,0.0003654494881629944,0.05975395441055298,0.03829459100961685,0.03654494881629944,1.2447859096726461,0.05428708344697952,0.09336505830287933,0.025636564940214157,30913.71875,12842.08203125,18071.63671875,30917.54296875,12842.001953125,18075.541015625,-0.00012370620970614254,6.235602995730005e-06,-0.00021604556241072714,-0.012370620970614254,5.503547884523869,0.8434934913273902,5.447418229654431,0.9379869102593512,0.7060393405845389,2.033951697450993,0.03654494881629944,10.53867806494236,10.53867806494236,greedy,0.03654494881629944,0.0,hard_fault_cluster
262,N5727,control0,-1.1352250576019287,0.26439346028491856,1.8072137291543184,0.2540881329216063,0.17185574918519708,-1.1352250576019287,0.03709043562412262,1.124859390105121,2.6049471616744992,0.0003709043562412262,0.06387999653816223,0.03585222363471985,0.03585222363471985,1.2337953946436755,0.05470644310116768,0.09422692656517029,0.025711532682180405,30914.30078125,12836.9521484375,18077.349609375,30917.6484375,12836.587890625,18081.060546875,-0.00010828827362274751,2.8375723559292965e-05,-0.0002052810596069321,-0.010828827362274751,5.54358696937561,0.8915737934410571,5.4888799749314785,1.0057362265884877,0.7375564146786927,1.7944821495795622,0.03709043562412262,10.575768500566483,10.575768500566483,greedy,0.03709043562412262,0.0,hard_fault_cluster
263,N3199,control0,-1.137998342514038,0.3146250279247761,0.0,0.3146250279247761,0.20450626815110445,-1.137998342514038,0.0374247282743454,1.1948354497551918,1.066514754295349,0.000374247282743454,0.05987885594367981,0.038565561175346375,0.0374247282743454,1.2434004440903663,0.054461441934108734,0.09381917119026184,0.025635749101638794,30920.76171875,12841.5517578125,18079.2109375,30923.42578125,12840.9580078125,18082.466796875,-8.615772821940482e-05,4.62366224383004e-05,-0.0001800885802367702,-0.008615772821940482,5.522134482860565,0.8423549330234527,5.465141765773296,0.9186756348609924,0.7036713480949401,0.5105762984724265,0.0374247282743454,10.613193228840828,10.613193228840828,greedy,0.0374247282743454,0.0,hard_fault_cluster
264,N3377,control0,-1.1364216804504395,0.30298247550555973,1.8001686236137173,0.30274158462882045,0.19693860907861382,-1.1364216804504395,0.03789807856082916,1.1431169693885748,2.5558098554611206,0.00037898078560829164,0.05995407700538635,0.038649722933769226,0.03789807856082916,1.1844071078495837,0.0545332096517086,0.09401442110538483,0.025639496743679047,30923.427734375,12840.96484375,18082.462890625,30925.734375,12840.1328125,18085.6015625,-7.459201151505113e-05,6.479507283074781e-05,-0.00017357546312268823,-0.007459201151505113,5.529868766665459,0.8299181059910916,5.47245791554451,0.8299262062623166,0.6640541429107543,1.8886486647184757,0.03789807856082916,10.651091307401657,10.651091307401657,greedy,0.03789807856082916,0.0,hard_fault_cluster
265,N3382,control0,-1.1356117725372314,0.30658735999022607,1.8001155848352934,0.30642223879694935,0.19928178399364696,-1.1356117725372314,0.03829635679721832,1.1615316881499893,2.570207130908966,0.00038296356797218323,0.060046613216400146,0.038732483983039856,0.03829635679721832,1.2059679823007172,0.05462133139371872,0.09420670568943024,0.025651991367340088,30925.73046875,12840.1298828125,18085.6015625,30927.62109375,12838.9609375,18088.66015625,-6.1134371208027e-05,9.103843331104144e-05,-0.0001691176148597151,-0.0061134371208027005,5.53916198015213,0.8333639993565157,5.4813903495669365,0.833373065222986,0.6737439995747991,1.909664894168709,0.03829635679721832,10.689387664198875,10.689387664198875,greedy,0.03829635679721832,0.0,hard_fault_cluster
266,N3209,control0,-1.1350986957550049,0.3108986683345393,-0.2023509890477271,0.3109040200710297,0.20208413441745054,-1.1350986957550049,0.03870593011379242,1.1837742112417913,1.0969812512397765,0.0003870593011379242,0.0601029098033905,0.038832277059555054,0.03870593011379242,1.231982081145635,0.05469939857721329,0.09437312185764313,0.025662455707788467,30927.61328125,12838.951171875,18088.662109375,30928.9921875,12837.62109375,18091.37109375,-4.4584954594029114e-05,0.00010359709995100275,-0.00014976145757827908,-0.004458495459402911,5.547478064894676,0.8375338073993771,5.489324409514666,0.8375430878425686,0.6857003739538414,0.4481360143622249,0.03870593011379242,10.728093594312668,10.728093594312668,greedy,0.03870593011379242,0.0,hard_fault_cluster
267,N3387,control0,-1.1331015825271606,0.3136887034971732,1.5839426961232674,0.31361391291022295,0.20389765727316259,-1.1331015825271606,0.039232224225997925,1.196821569569147,0.7974188137508462,0.00039232224225997924,0.06084325909614563,0.0387154221534729,0.0387154221534729,1.2319964993005121,0.05478772521018982,0.09463636577129364,0.02566518262028694,30928.99609375,12837.6279296875,18091.3671875,30930.279296875,12836.30078125,18093.978515625,-4.148867810727097e-05,0.0001033795706462115,-0.0001443411165382713,-0.004148867810727097,5.556720167398453,0.8377644773991778,5.49825943261385,0.8377691444428637,0.693452460237313,1.150565558556773,0.039232224225997925,10.767325818538666,10.767325818538666,greedy,0.039232224225997925,0.0,hard_fault_cluster
268,N608,control1,-1.1560590267181396,-0.03494817530736327,-1.9585805550217628,0.1915954747237265,-0.022716313949786127,-1.1560590267181396,0.035101085901260376,0.86531817112118,2.0185942351818085,0.00035101085901260374,0.05683377385139465,0.038724422454833984,0.035101085901260376,0.9986141589656472,0.05259765312075615,0.08249618113040924,0.027090586721897125,30926.35546875,12831.4609375,18094.89453125,30986.81640625,12897.61328125,18089.203125,-0.0019549971912056208,-0.005155480466783047,0.00031453106203116477,-0.19549971912056208,5.333590820431709,0.44074459224939344,5.2782216891646385,0.4262346994131803,0.3771589249372482,-0.0021890030056239684,0.035101085901260376,10.802426904439926,10.802426904439926,greedy,0.035101085901260376,0.0,hard_fault_cluster
269,N6743,control1,-1.106697916984558,0.1564247738569975,-0.717787533160299,0.15505179669708014,0.10167610300704837,-1.106697916984558,0.04084676504135132,0.6861512614646926,2.09324654340744,0.00040846765041351317,0.053167104721069336,0.034238822758197784,0.034238822758197784,0.6257172806211747,0.05278933048248291,0.07644736766815186,0.028785672038793564,30989.07421875,12900.541015625,18088.533203125,31044.724609375,12964.513671875,18080.2109375,-0.0017958068056032062,-0.00495891273021698,0.0004600851680152118,-0.17958068056032062,5.35401863604784,0.5409265948832035,5.297704445198178,0.5324890090525151,0.31913855634629723,0.6391300780139864,0.04084676504135132,10.843273669481277,10.843273669481277,greedy,0.04084676504135132,0.0,hard_fault_cluster
270,N6593,control1,-0.42053261399269104,3.485803439752199,2.2056075096130368,1.6601110245147723,2.2657722358389294,-0.42053261399269104,0.019612066447734833,6.438629753538407,5.999999999999999,0.00019612066447734832,0.31795158982276917,0.04536200314760208,0.019612066447734833,6.3259218434826465,0.04383055120706558,0.1132788360118866,0.015706375241279602,31043.7265625,12963.32421875,18080.40234375,31036.86328125,12989.232421875,18047.630859375,0.00022108432312961668,-0.00199857703410089,0.0018125417409464717,0.022108432312961668,4.448029190301895,2.236707068060059,4.3992986381053925,1.0641046976787036,3.091862843348644,2.8855925241054496,0.019612066447734833,10.862885735929012,10.862885735929012,greedy,0.019612066447734833,0.0,hard_fault_cluster
271,N3204,control0,-0.6571706533432007,2.128968974947929,0.1116911798715591,1.727218499779701,1.3838298337161539,-0.6571706533432007,0.0009431838989257812,6.3214888326823715,4.20000375419795,9.431838989257813e-06,0.32533174753189087,0.04831210523843765,0.0009431838989257812,6.199339949414133,0.04210294410586357,0.1146903783082962,0.01376558467745781,31039.43359375,12992.2919921875,18047.142578125,30966.48046875,12914.9423828125,18051.537109375,0.0023503368720412254,0.005953500047326088,-0.00024350288731511682,0.23503368720412254,4.2595496997237206,2.165183958113193,4.222608232870698,1.3943394389748571,2.5305201888084405,1.5952354937574567,0.0009431838989257812,10.863828919827938,10.863828919827938,greedy,0.0009431838989257812,0.0,hard_fault_cluster
272,N3214,control0,-0.716931164264679,1.7438917234256952,-0.3932926192879676,1.575462572248289,1.133529620226702,-0.716931164264679,-0.0010250955820083618,6.046914849316454,4.200004355871259,-1.0250955820083617e-05,0.3276236951351166,0.05055978149175644,-0.0010250955820083618,6.116830703290143,0.04230767488479614,0.11657004058361053,0.013777673244476318,30966.478515625,12914.943359375,18051.53515625,30925.837890625,12871.486328125,18054.3515625,0.0013124070828780532,0.003364864271134138,-0.00015602032362949103,0.13124070828780532,4.280302174389362,2.0124310468685507,4.243151159957051,0.8834664737236378,2.301603103373781,1.2869984652972217,-0.0010250955820083618,10.86280382424593,10.86280382424593,greedy,-0.0010250955820083618,0.0,hard_fault_cluster
273,N719,observe,-0.42845451831817627,3.963536956757307,3.4619606018066404,1.5893075256049634,2.57629902189225,-0.42845451831817627,-0.0011083483695983887,6.51865008994937,5.999999999999999,-1.1083483695983886e-05,0.32606643438339233,0.04488927125930786,-0.0011083483695983887,6.642286801859736,0.04452260583639145,0.1183377057313919,0.01655292883515358,30925.58984375,12870.59765625,18054.9921875,30955.53125,12955.625,17999.90625,-0.0009681757655926049,-0.006606324575841427,0.003051008563488722,-0.09681757655926049,4.496041506528854,2.664591537341475,4.463205814361572,3.29872952543199,3.8194292731583115,4.582629027552902,-0.0011083483695983887,10.861695475876331,10.861695475876331,greedy,-0.0011083483695983887,0.0,hard_fault_cluster
274,N6661,observe,-0.5881763696670532,1.6340814989805221,2.2569439530372617,0.981304423213005,1.0621529743373395,-0.5881763696670532,0.0029198527336120605,3.959114328026771,4.557078957557678,2.9198527336120606e-05,0.327096164226532,0.0453159362077713,0.0029198527336120605,4.020647287070751,0.04271300137042999,0.11520683765411377,0.014681670814752579,30955.134765625,12955.708984375,17999.42578125,31043.05859375,12995.5546875,18047.50390625,-0.002840363187715411,-0.0030755323823541403,-0.002671092050150037,-0.2840363187715411,4.319535925984383,1.0764500749111174,4.283359084278345,0.4029283811151981,1.6442530572414398,2.737596731185913,0.0029198527336120605,10.864615328609943,10.864615328609943,greedy,0.0029198527336120605,0.0,hard_fault_cluster
275,N734,observe,-0.359790176153183,2.9091439347714183,4.022319722175598,0.14742899049073457,1.890943557601422,-0.359790176153183,0.0013512969017028809,1.180143974237144,2.309518963098526,1.3512969017028809e-05,0.32854869961738586,0.04166150838136673,0.0013512969017028809,1.216259777098894,0.04474707692861557,0.11754512786865234,0.017133679240942,31043.15625,12995.2568359375,18047.8984375,31016.830078125,13019.072265625,17997.7578125,0.000848050753120333,-0.0018326247809454799,0.002778197405859828,0.0848050753120333,4.517720498144627,3.353836114108563,4.485460894182324,2.1484555772691967,1.873988649249077,3.3180926220119,0.0013512969017028809,10.865966625511646,10.865966625511646,greedy,0.0013512969017028809,0.0,hard_fault_cluster
276,N2159,observe,0.28993603587150574,6.654702758789062,5.999999999999999,1.0882919311523438,4.325556793212891,0.28993603587150574,0.0844256579875946,6.5191548898816105,5.999999999999999,0.000844256579875946,0.3374269902706146,0.036545902490615845,0.036545902490615845,4.727391017973423,0.054181501269340515,0.1306309551000595,0.027387086302042007,31017.5390625,13020.12109375,17997.41796875,30999.345703125,13040.6640625,17958.681640625,0.0005865506827831268,-0.0015777862863615155,0.0021523269824683666,0.05865506827831268,5.539121687412262,7.132897067666054,5.448393017053604,7.132897067666054,6.222260655462742,6.144469426050782,0.0844256579875946,10.95039228349924,10.95039228349924,greedy,0.0844256579875946,0.0,hard_fault_cluster
277,N8235,control1,-0.3245216906070709,0.6131137370626676,0.8951419174671172,0.1434087708286825,0.3985239290907339,-0.3245216906070709,0.028306379914283752,1.1094941362083772,1.0873634099960328,0.0002830637991428375,0.3209727704524994,0.031200015917420387,0.028306379914283752,1.4314767999357718,0.04373851418495178,0.10339170694351196,0.015417307615280151,30998.951171875,13040.32421875,17958.626953125,31056.37109375,13061.4345703125,17994.9375,-0.0018523181788623333,-0.0016188517911359668,-0.002021899912506342,-0.18523181788623333,4.433357814326882,0.5994528084665944,4.388728017453104,0.9101552217871358,0.8777491031331011,0.9294030375388683,0.028306379914283752,10.978698663413525,10.978698663413525,greedy,0.028306379914283752,0.0,hard_fault_cluster
278,N3234,control0,-0.46459534764289856,2.1366338682174684,0.27116300240159036,1.7078745615482334,1.3888120143413545,-0.46459534764289856,0.0089091956615448,6.300934762507677,4.20000498790032,8.909195661544799e-05,0.3316717743873596,0.040702857077121735,0.0089091956615448,6.209948511198163,0.04365173727273941,0.11162196099758148,0.015668019652366638,31056.68359375,13061.8994140625,17994.78515625,31016.78515625,12999.8603515625,18016.92578125,0.001284697325900197,0.004749620333313942,-0.0012303912080824375,0.1284697325900197,4.414785780012608,2.3643862444162367,4.377576740458608,1.4168866711854933,2.560152375698089,1.6949208475404245,0.0089091956615448,10.98760785907507,10.98760785907507,greedy,0.0089091956615448,0.0,hard_fault_cluster
