[typed-five-r2/b22_C] [gmean] 2026-07-20T19:29:00 out_dir=autoresearch/loop-260720-0945/typed_winner_round2_five/b22_C
[typed-five-r2/b22_C] [gmean] 2026-07-20T19:29:00 budgets=iscas99__b22:915
[typed-five-r2/b22_C] [gmean] 2026-07-20T19:29:00 variant_start id=greedy__cumulative__q_typed_residual_context__bw1__d1__c48__g1p0__candhard_fault_cluster__div0p0__s0
[typed-five-r2/b22_C] [gmean] 2026-07-20T19:29:00 [1/1] plan_start benchmark=iscas99__b22 budget=915 planner=greedy score=q_typed_residual_context
[typed-five-r2/b22_C] [plan iscas99__b22] [plan] torch_deterministic=true
[typed-five-r2/b22_C] [plan iscas99__b22] [plan] candidate_allowlist=autoresearch/original-netlist-recovery-260712/exact_itc99/b22_C/exact_candidate_nodes.txt nodes=28412
[typed-five-r2/b22_C] [plan iscas99__b22] [plan] latent_norm_clip_ratio=4 latent_norm_limit=30.953114
[typed-five-r2/b22_C] [plan iscas99__b22] [plan] step=1 node=N1180 type=control1 q_typed_residual_context=2.943162 sequence=2.943162
[typed-five-r2/b22_C] [plan iscas99__b22] [plan] step=2 node=N2081 type=observe q_typed_residual_context=2.287799 sequence=5.230961
[typed-five-r2/b22_C] [plan iscas99__b22] [plan] step=3 node=N2076 type=observe q_typed_residual_context=2.857273 sequence=8.088235
[typed-five-r2/b22_C] [plan iscas99__b22] [plan] step=4 node=N3861 type=control0 q_typed_residual_context=1.338928 sequence=9.427162
[typed-five-r2/b22_C] [plan iscas99__b22] [plan] step=5 node=N2075 type=observe q_typed_residual_context=1.596278 sequence=11.023440
[typed-five-r2/b22_C] [plan iscas99__b22] [plan] step=6 node=N3076 type=control0 q_typed_residual_context=1.181895 sequence=12.205336
[typed-five-r2/b22_C] [plan iscas99__b22] [plan] step=7 node=N2078 type=observe q_typed_residual_context=1.096331 sequence=13.301667
[typed-five-r2/b22_C] [plan iscas99__b22] [plan] step=8 node=N3865 type=control0 q_typed_residual_context=1.093634 sequence=14.395301
[typed-five-r2/b22_C] [plan iscas99__b22] [plan] step=9 node=N5343 type=control0 q_typed_residual_context=1.141941 sequence=15.537242
[typed-five-r2/b22_C] [plan iscas99__b22] [plan] step=10 node=N6272 type=control0 q_typed_residual_context=1.256374 sequence=16.793616
[typed-five-r2/b22_C] [plan iscas99__b22] [plan] step=11 node=N2079 type=observe q_typed_residual_context=1.798393 sequence=18.592009
[typed-five-r2/b22_C] [plan iscas99__b22] [plan] step=12 node=N4430 type=control0 q_typed_residual_context=1.596697 sequence=20.188706
[typed-five-r2/b22_C] [plan iscas99__b22] [plan] step=13 node=N2077 type=observe q_typed_residual_context=1.623265 sequence=21.811971
[typed-five-r2/b22_C] [plan iscas99__b22] [plan] step=14 node=N2080 type=observe q_typed_residual_context=1.422293 sequence=23.234264
[typed-five-r2/b22_C] [plan iscas99__b22] [plan] step=15 node=N2092 type=observe q_typed_residual_context=1.569931 sequence=24.804195
[typed-five-r2/b22_C] [plan iscas99__b22] [plan] step=16 node=N5214 type=control1 q_typed_residual_context=1.137981 sequence=25.942176
[typed-five-r2/b22_C] [plan iscas99__b22] [plan] step=17 node=N3886 type=control1 q_typed_residual_context=1.104324 sequence=27.046500
[typed-five-r2/b22_C] [plan iscas99__b22] [plan] step=18 node=N3819 type=control0 q_typed_residual_context=2.746980 sequence=29.793481
[typed-five-r2/b22_C] [plan iscas99__b22] [plan] step=19 node=N1169 type=observe q_typed_residual_context=1.691365 sequence=31.484846
[typed-five-r2/b22_C] [plan iscas99__b22] [plan] step=20 node=N1253 type=observe q_typed_residual_context=2.085364 sequence=33.570210
[typed-five-r2/b22_C] [plan iscas99__b22] [plan] step=21 node=N1254 type=observe q_typed_residual_context=2.807980 sequence=36.378190
[typed-five-r2/b22_C] [plan iscas99__b22] [plan] step=22 node=N1252 type=observe q_typed_residual_context=3.294681 sequence=39.672871
[typed-five-r2/b22_C] [plan iscas99__b22] [plan] step=23 node=N3849 type=control0 q_typed_residual_context=2.571186 sequence=42.244057
[typed-five-r2/b22_C] [plan iscas99__b22] [plan] step=24 node=N6279 type=control0 q_typed_residual_context=1.980378 sequence=44.224435
[typed-five-r2/b22_C] [plan iscas99__b22] [plan] step=25 node=N6885 type=control0 q_typed_residual_context=1.713254 sequence=45.937689
[typed-five-r2/b22_C] [plan iscas99__b22] [plan] step=26 node=N1257 type=observe q_typed_residual_context=0.780702 sequence=46.718392
[typed-five-r2/b22_C] [plan iscas99__b22] [plan] step=27 node=N2102 type=observe q_typed_residual_context=2.428697 sequence=49.147089
[typed-five-r2/b22_C] [plan iscas99__b22] [plan] step=28 node=N3736 type=control0 q_typed_residual_context=1.068271 sequence=50.215360
[typed-five-r2/b22_C] [plan iscas99__b22] [plan] step=29 node=N1256 type=observe q_typed_residual_context=1.132776 sequence=51.348136
[typed-five-r2/b22_C] [plan iscas99__b22] [plan] step=30 node=N7064 type=control0 q_typed_residual_context=1.368717 sequence=52.716853
[typed-five-r2/b22_C] [plan iscas99__b22] [plan] step=31 node=N1258 type=observe q_typed_residual_context=0.994423 sequence=53.711276
[typed-five-r2/b22_C] [plan iscas99__b22] [plan] step=32 node=N6887 type=control0 q_typed_residual_context=1.533538 sequence=55.244814
[typed-five-r2/b22_C] [plan iscas99__b22] [plan] step=33 node=N2101 type=observe q_typed_residual_context=1.448318 sequence=56.693132
[typed-five-r2/b22_C] [plan iscas99__b22] [plan] step=34 node=N2104 type=observe q_typed_residual_context=1.189235 sequence=57.882367
[typed-five-r2/b22_C] [plan iscas99__b22] [plan] step=35 node=N3068 type=control0 q_typed_residual_context=0.881929 sequence=58.764295
[typed-five-r2/b22_C] [plan iscas99__b22] [plan] step=36 node=N7010 type=control0 q_typed_residual_context=1.135260 sequence=59.899555
[typed-five-r2/b22_C] [plan iscas99__b22] [plan] step=37 node=N3289 type=control0 q_typed_residual_context=0.953149 sequence=60.852704
[typed-five-r2/b22_C] [plan iscas99__b22] [plan] step=38 node=N7022 type=control0 q_typed_residual_context=1.510408 sequence=62.363112
[typed-five-r2/b22_C] [plan iscas99__b22] [plan] step=39 node=N7028 type=control0 q_typed_residual_context=1.338239 sequence=63.701351
[typed-five-r2/b22_C] [plan iscas99__b22] [plan] step=40 node=N6964 type=control0 q_typed_residual_context=1.943545 sequence=65.644896
[typed-five-r2/b22_C] [plan iscas99__b22] [plan] step=41 node=N6967 type=control0 q_typed_residual_context=2.566454 sequence=68.211350
[typed-five-r2/b22_C] [plan iscas99__b22] [plan] step=42 node=N7031 type=control0 q_typed_residual_context=1.580425 sequence=69.791776
[typed-five-r2/b22_C] [plan iscas99__b22] [plan] step=43 node=N7025 type=control0 q_typed_residual_context=1.697013 sequence=71.488789
[typed-five-r2/b22_C] [plan iscas99__b22] [plan] step=44 node=N7037 type=control0 q_typed_residual_context=1.795112 sequence=73.283900
[typed-five-r2/b22_C] [plan iscas99__b22] [plan] step=45 node=N7040 type=control0 q_typed_residual_context=1.697299 sequence=74.981199
[typed-five-r2/b22_C] [plan iscas99__b22] [plan] step=46 node=N7043 type=control0 q_typed_residual_context=1.738773 sequence=76.719972
[typed-five-r2/b22_C] [plan iscas99__b22] [plan] step=47 node=N2100 type=observe q_typed_residual_context=1.808159 sequence=78.528131
[typed-five-r2/b22_C] [plan iscas99__b22] [plan] step=48 node=N7049 type=control0 q_typed_residual_context=1.361246 sequence=79.889377
[typed-five-r2/b22_C] [plan iscas99__b22] [plan] step=49 node=N7046 type=control0 q_typed_residual_context=1.376936 sequence=81.266313
[typed-five-r2/b22_C] [plan iscas99__b22] [plan] step=50 node=N7034 type=control0 q_typed_residual_context=1.459726 sequence=82.726039
[typed-five-r2/b22_C] [plan iscas99__b22] [plan] step=51 node=N6907 type=control0 q_typed_residual_context=1.559737 sequence=84.285776
[typed-five-r2/b22_C] [plan iscas99__b22] [plan] step=52 node=N7055 type=control0 q_typed_residual_context=1.747224 sequence=86.033000
[typed-five-r2/b22_C] [plan iscas99__b22] [plan] step=53 node=N3822 type=control0 q_typed_residual_context=1.120123 sequence=87.153123
[typed-five-r2/b22_C] [plan iscas99__b22] [plan] step=54 node=N3739 type=control0 q_typed_residual_context=1.139256 sequence=88.292379
[typed-five-r2/b22_C] [plan iscas99__b22] [plan] step=55 node=N3718 type=control0 q_typed_residual_context=1.103823 sequence=89.396202
[typed-five-r2/b22_C] [plan iscas99__b22] [plan] step=56 node=N3853 type=control0 q_typed_residual_context=1.023751 sequence=90.419953
[typed-five-r2/b22_C] [plan iscas99__b22] [plan] step=57 node=N3857 type=control0 q_typed_residual_context=1.076498 sequence=91.496451
[typed-five-r2/b22_C] [plan iscas99__b22] [plan] step=58 node=N6985 type=control0 q_typed_residual_context=1.311028 sequence=92.807480
[typed-five-r2/b22_C] [plan iscas99__b22] [plan] step=59 node=N6970 type=control0 q_typed_residual_context=2.086409 sequence=94.893888
[typed-five-r2/b22_C] [plan iscas99__b22] [plan] step=60 node=N6973 type=control0 q_typed_residual_context=1.885036 sequence=96.778925
[typed-five-r2/b22_C] [plan iscas99__b22] [plan] step=61 node=N6976 type=control0 q_typed_residual_context=1.717188 sequence=98.496113
[typed-five-r2/b22_C] [plan iscas99__b22] [plan] step=62 node=N7051 type=control0 q_typed_residual_context=1.727192 sequence=100.223304
[typed-five-r2/b22_C] [plan iscas99__b22] [plan] step=63 node=N7019 type=control0 q_typed_residual_context=2.200107 sequence=102.423412
[typed-five-r2/b22_C] [plan iscas99__b22] [plan] step=64 node=N6979 type=control0 q_typed_residual_context=2.054614 sequence=104.478026
[typed-five-r2/b22_C] [plan iscas99__b22] [plan] step=65 node=N1270 type=control0 q_typed_residual_context=1.371875 sequence=105.849901
[typed-five-r2/b22_C] [plan iscas99__b22] [plan] step=66 node=N3980 type=control0 q_typed_residual_context=1.129115 sequence=106.979016
[typed-five-r2/b22_C] [plan iscas99__b22] [plan] step=67 node=N7119 type=control0 q_typed_residual_context=1.166887 sequence=108.145903
[typed-five-r2/b22_C] [plan iscas99__b22] [plan] step=68 node=N3715 type=control0 q_typed_residual_context=1.326207 sequence=109.472111
[typed-five-r2/b22_C] [plan iscas99__b22] [plan] step=69 node=N5519 type=control0 q_typed_residual_context=1.490668 sequence=110.962779
[typed-five-r2/b22_C] [plan iscas99__b22] [plan] step=70 node=N12848 type=control0 q_typed_residual_context=1.837217 sequence=112.799996
[typed-five-r2/b22_C] [plan iscas99__b22] [plan] step=71 node=N1572 type=control0 q_typed_residual_context=1.798448 sequence=114.598443
[typed-five-r2/b22_C] [plan iscas99__b22] [plan] step=72 node=N3938 type=control0 q_typed_residual_context=1.659834 sequence=116.258277
[typed-five-r2/b22_C] [plan iscas99__b22] [plan] step=73 node=N7123 type=control0 q_typed_residual_context=1.907845 sequence=118.166122
[typed-five-r2/b22_C] [plan iscas99__b22] [plan] step=74 node=N12847 type=control0 q_typed_residual_context=2.193836 sequence=120.359958
[typed-five-r2/b22_C] [plan iscas99__b22] [plan] step=75 node=N3976 type=control0 q_typed_residual_context=1.941042 sequence=122.301001
[typed-five-r2/b22_C] [plan iscas99__b22] [plan] step=76 node=N4525 type=control0 q_typed_residual_context=2.146013 sequence=124.447013
[typed-five-r2/b22_C] [plan iscas99__b22] [plan] step=77 node=N6866 type=control0 q_typed_residual_context=1.599556 sequence=126.046570
[typed-five-r2/b22_C] [plan iscas99__b22] [plan] step=78 node=N18514 type=control0 q_typed_residual_context=3.420980 sequence=129.467550
[typed-five-r2/b22_C] [plan iscas99__b22] [plan] step=79 node=N19315 type=control1 q_typed_residual_context=1.710903 sequence=131.178453
[typed-five-r2/b22_C] [plan iscas99__b22] [plan] step=80 node=N19316 type=control1 q_typed_residual_context=1.758894 sequence=132.937347
[typed-five-r2/b22_C] [plan iscas99__b22] [plan] step=81 node=N19317 type=control1 q_typed_residual_context=1.580173 sequence=134.517520
[typed-five-r2/b22_C] [plan iscas99__b22] [plan] step=82 node=N19318 type=control1 q_typed_residual_context=1.821084 sequence=136.338603
[typed-five-r2/b22_C] [plan iscas99__b22] [plan] step=83 node=N5499 type=control0 q_typed_residual_context=3.000409 sequence=139.339012
[typed-five-r2/b22_C] [plan iscas99__b22] [plan] step=84 node=N1592 type=control0 q_typed_residual_context=4.896771 sequence=144.235783
[typed-five-r2/b22_C] [plan iscas99__b22] [plan] step=85 node=N12943 type=control0 q_typed_residual_context=1.684949 sequence=145.920732
[typed-five-r2/b22_C] [plan iscas99__b22] [plan] step=86 node=N12944 type=control0 q_typed_residual_context=1.628296 sequence=147.549028
[typed-five-r2/b22_C] [plan iscas99__b22] [plan] step=87 node=N13006 type=control1 q_typed_residual_context=1.344796 sequence=148.893824
[typed-five-r2/b22_C] [plan iscas99__b22] [plan] step=88 node=N1181 type=control1 q_typed_residual_context=1.539341 sequence=150.433165
[typed-five-r2/b22_C] [plan iscas99__b22] [plan] step=89 node=N3897 type=control0 q_typed_residual_context=1.327894 sequence=151.761058
[typed-five-r2/b22_C] [plan iscas99__b22] [plan] step=90 node=N3893 type=control0 q_typed_residual_context=1.140797 sequence=152.901856
[typed-five-r2/b22_C] [plan iscas99__b22] [plan] step=91 node=N19276 type=control0 q_typed_residual_context=7.684265 sequence=160.586121
[typed-five-r2/b22_C] [plan iscas99__b22] [plan] step=92 node=N8431 type=control0 q_typed_residual_context=7.902912 sequence=168.489033
[typed-five-r2/b22_C] [plan iscas99__b22] [plan] step=93 node=N12965 type=control0 q_typed_residual_context=6.789591 sequence=175.278624
[typed-five-r2/b22_C] [plan iscas99__b22] [plan] step=94 node=N13041 type=control0 q_typed_residual_context=6.336421 sequence=181.615044
[typed-five-r2/b22_C] [plan iscas99__b22] [plan] step=95 node=N13043 type=control0 q_typed_residual_context=6.651686 sequence=188.266730
[typed-five-r2/b22_C] [plan iscas99__b22] [plan] step=96 node=N19255 type=control0 q_typed_residual_context=6.541455 sequence=194.808185
[typed-five-r2/b22_C] [plan iscas99__b22] [plan] step=97 node=N13045 type=control0 q_typed_residual_context=3.129653 sequence=197.937838
[typed-five-r2/b22_C] [plan iscas99__b22] [plan] step=98 node=N19350 type=control0 q_typed_residual_context=2.179501 sequence=200.117339
[typed-five-r2/b22_C] [plan iscas99__b22] [plan] step=99 node=N13039 type=control0 q_typed_residual_context=1.737420 sequence=201.854759
[typed-five-r2/b22_C] [plan iscas99__b22] [plan] step=100 node=N13005 type=control1 q_typed_residual_context=1.127352 sequence=202.982111
[typed-five-r2/b22_C] [plan iscas99__b22] [plan] step=101 node=N19352 type=control0 q_typed_residual_context=1.702816 sequence=204.684926
[typed-five-r2/b22_C] [plan iscas99__b22] [plan] step=102 node=N19314 type=control1 q_typed_residual_context=1.066156 sequence=205.751083
[typed-five-r2/b22_C] [plan iscas99__b22] [plan] step=103 node=N19358 type=control0 q_typed_residual_context=1.938009 sequence=207.689091
[typed-five-r2/b22_C] [plan iscas99__b22] [plan] step=104 node=N19360 type=control0 q_typed_residual_context=1.993122 sequence=209.682214
[typed-five-r2/b22_C] [plan iscas99__b22] [plan] step=105 node=N8330 type=control1 q_typed_residual_context=2.300159 sequence=211.982372
[typed-five-r2/b22_C] [plan iscas99__b22] [plan] step=106 node=N5219 type=control1 q_typed_residual_context=1.534703 sequence=213.517076
[typed-five-r2/b22_C] [plan iscas99__b22] [plan] step=107 node=N1993 type=control1 q_typed_residual_context=2.529656 sequence=216.046731
[typed-five-r2/b22_C] [plan iscas99__b22] [plan] step=108 node=N13004 type=control1 q_typed_residual_context=2.887489 sequence=218.934220
[typed-five-r2/b22_C] [plan iscas99__b22] [plan] step=109 node=N19364 type=control0 q_typed_residual_context=2.922686 sequence=221.856906
[typed-five-r2/b22_C] [plan iscas99__b22] [plan] step=110 node=N19313 type=control1 q_typed_residual_context=1.401342 sequence=223.258248
[typed-five-r2/b22_C] [plan iscas99__b22] [plan] step=111 node=N4995 type=control1 q_typed_residual_context=6.422957 sequence=229.681205
[typed-five-r2/b22_C] [plan iscas99__b22] [plan] step=112 node=N19356 type=control0 q_typed_residual_context=1.626888 sequence=231.308093
[typed-five-r2/b22_C] [plan iscas99__b22] [plan] step=113 node=N13014 type=control0 q_typed_residual_context=1.607688 sequence=232.915781
[typed-five-r2/b22_C] [plan iscas99__b22] [plan] step=114 node=N8331 type=control1 q_typed_residual_context=1.803232 sequence=234.719013
[typed-five-r2/b22_C] [plan iscas99__b22] [plan] step=115 node=N13016 type=control0 q_typed_residual_context=1.430135 sequence=236.149148
[typed-five-r2/b22_C] [plan iscas99__b22] [plan] step=116 node=N5220 type=control1 q_typed_residual_context=2.605980 sequence=238.755128
[typed-five-r2/b22_C] [plan iscas99__b22] [plan] step=117 node=N24124 type=control1 q_typed_residual_context=5.902747 sequence=244.657874
[typed-five-r2/b22_C] [plan iscas99__b22] [plan] step=118 node=N19321 type=control0 q_typed_residual_context=2.827303 sequence=247.485177
[typed-five-r2/b22_C] [plan iscas99__b22] [plan] step=119 node=N19354 type=control0 q_typed_residual_context=0.965926 sequence=248.451102
[typed-five-r2/b22_C] [plan iscas99__b22] [plan] step=120 node=N5602 type=observe q_typed_residual_context=0.535781 sequence=248.986884
[typed-five-r2/b22_C] [plan iscas99__b22] [plan] step=121 node=N3844 type=observe q_typed_residual_context=0.519301 sequence=249.506185
[typed-five-r2/b22_C] [plan iscas99__b22] [plan] step=122 node=N18387 type=control1 q_typed_residual_context=0.622448 sequence=250.128632
[typed-five-r2/b22_C] [plan iscas99__b22] [plan] step=123 node=N8333 type=control1 q_typed_residual_context=1.627295 sequence=251.755927
[typed-five-r2/b22_C] [plan iscas99__b22] [plan] step=124 node=N19327 type=control0 q_typed_residual_context=2.964702 sequence=254.720629
[typed-five-r2/b22_C] [plan iscas99__b22] [plan] step=125 node=N6993 type=observe q_typed_residual_context=0.880200 sequence=255.600830
[typed-five-r2/b22_C] [plan iscas99__b22] [plan] step=126 node=N19329 type=control0 q_typed_residual_context=1.536068 sequence=257.136898
[typed-five-r2/b22_C] [plan iscas99__b22] [plan] step=127 node=N3840 type=observe q_typed_residual_context=0.515716 sequence=257.652614
[typed-five-r2/b22_C] [plan iscas99__b22] [plan] step=128 node=N19331 type=control0 q_typed_residual_context=1.359360 sequence=259.011974
[typed-five-r2/b22_C] [plan iscas99__b22] [plan] step=129 node=N19333 type=control0 q_typed_residual_context=0.752946 sequence=259.764920
[typed-five-r2/b22_C] [plan iscas99__b22] [plan] step=130 node=N3848 type=observe q_typed_residual_context=0.515776 sequence=260.280696
[typed-five-r2/b22_C] [plan iscas99__b22] [plan] step=131 node=N7574 type=control0 q_typed_residual_context=0.673073 sequence=260.953769
[typed-five-r2/b22_C] [plan iscas99__b22] [plan] step=132 node=N3836 type=observe q_typed_residual_context=0.681739 sequence=261.635508
[typed-five-r2/b22_C] [plan iscas99__b22] [plan] step=133 node=N7014 type=observe q_typed_residual_context=0.680973 sequence=262.316481
[typed-five-r2/b22_C] [plan iscas99__b22] [plan] step=134 node=N7008 type=observe q_typed_residual_context=0.810597 sequence=263.127078
[typed-five-r2/b22_C] [plan iscas99__b22] [plan] step=135 node=N7005 type=observe q_typed_residual_context=0.810680 sequence=263.937758
[typed-five-r2/b22_C] [plan iscas99__b22] [plan] step=136 node=N10497 type=control0 q_typed_residual_context=1.484261 sequence=265.422019
[typed-five-r2/b22_C] [plan iscas99__b22] [plan] step=137 node=N6990 type=observe q_typed_residual_context=0.811858 sequence=266.233877
[typed-five-r2/b22_C] [plan iscas99__b22] [plan] step=138 node=N7002 type=observe q_typed_residual_context=0.810854 sequence=267.044731
[typed-five-r2/b22_C] [plan iscas99__b22] [plan] step=139 node=N6999 type=observe q_typed_residual_context=0.810910 sequence=267.855641
[typed-five-r2/b22_C] [plan iscas99__b22] [plan] step=140 node=N6996 type=observe q_typed_residual_context=0.810913 sequence=268.666554
[typed-five-r2/b22_C] [plan iscas99__b22] [plan] step=141 node=N5944 type=observe q_typed_residual_context=0.811084 sequence=269.477637
[typed-five-r2/b22_C] [plan iscas99__b22] [plan] step=142 node=N5925 type=observe q_typed_residual_context=0.811100 sequence=270.288737
[typed-five-r2/b22_C] [plan iscas99__b22] [plan] step=143 node=N6039 type=observe q_typed_residual_context=0.810985 sequence=271.099723
[typed-five-r2/b22_C] [plan iscas99__b22] [plan] step=144 node=N12999 type=control1 q_typed_residual_context=2.962706 sequence=274.062429
[typed-five-r2/b22_C] [plan iscas99__b22] [plan] step=145 node=N6058 type=observe q_typed_residual_context=0.811004 sequence=274.873433
[typed-five-r2/b22_C] [plan iscas99__b22] [plan] step=146 node=N13003 type=control1 q_typed_residual_context=0.999620 sequence=275.873052
[typed-five-r2/b22_C] [plan iscas99__b22] [plan] step=147 node=N6095 type=observe q_typed_residual_context=0.811049 sequence=276.684101
[typed-five-r2/b22_C] [plan iscas99__b22] [plan] step=148 node=N13002 type=control1 q_typed_residual_context=2.016968 sequence=278.701068
[typed-five-r2/b22_C] [plan iscas99__b22] [plan] step=149 node=N19301 type=control1 q_typed_residual_context=5.625531 sequence=284.326599
[typed-five-r2/b22_C] [plan iscas99__b22] [plan] step=150 node=N18522 type=control1 q_typed_residual_context=1.534498 sequence=285.861097
[typed-five-r2/b22_C] [plan iscas99__b22] [plan] step=151 node=N19310 type=control1 q_typed_residual_context=1.224585 sequence=287.085683
[typed-five-r2/b22_C] [plan iscas99__b22] [plan] step=152 node=N13047 type=control0 q_typed_residual_context=1.306965 sequence=288.392647
[typed-five-r2/b22_C] [plan iscas99__b22] [plan] step=153 node=N21464 type=control1 q_typed_residual_context=1.220470 sequence=289.613117
[typed-five-r2/b22_C] [plan iscas99__b22] [plan] step=154 node=N13018 type=control0 q_typed_residual_context=0.795916 sequence=290.409033
[typed-five-r2/b22_C] [plan iscas99__b22] [plan] step=155 node=N2297 type=control1 q_typed_residual_context=0.612115 sequence=291.021148
[typed-five-r2/b22_C] [plan iscas99__b22] [plan] step=156 node=N19325 type=control0 q_typed_residual_context=1.634416 sequence=292.655564
[typed-five-r2/b22_C] [plan iscas99__b22] [plan] step=157 node=N19366 type=control0 q_typed_residual_context=1.263052 sequence=293.918616
[typed-five-r2/b22_C] [plan iscas99__b22] [plan] step=158 node=N19335 type=control0 q_typed_residual_context=1.254317 sequence=295.172933
[typed-five-r2/b22_C] [plan iscas99__b22] [plan] step=159 node=N13049 type=control0 q_typed_residual_context=5.094538 sequence=300.267471
[typed-five-r2/b22_C] [plan iscas99__b22] [plan] step=160 node=N13020 type=control0 q_typed_residual_context=2.057082 sequence=302.324553
[typed-five-r2/b22_C] [plan iscas99__b22] [plan] step=161 node=N7131 type=observe q_typed_residual_context=0.571765 sequence=302.896317
[typed-five-r2/b22_C] [plan iscas99__b22] [plan] step=162 node=N13010 type=control0 q_typed_residual_context=1.091107 sequence=303.987425
[typed-five-r2/b22_C] [plan iscas99__b22] [plan] step=163 node=N18523 type=control0 q_typed_residual_context=2.946953 sequence=306.934377
[typed-five-r2/b22_C] [plan iscas99__b22] [plan] step=164 node=N7598 type=control1 q_typed_residual_context=1.942773 sequence=308.877151
[typed-five-r2/b22_C] [plan iscas99__b22] [plan] step=165 node=N13053 type=control0 q_typed_residual_context=1.209185 sequence=310.086335
[typed-five-r2/b22_C] [plan iscas99__b22] [plan] step=166 node=N13022 type=control0 q_typed_residual_context=0.816701 sequence=310.903036
[typed-five-r2/b22_C] [plan iscas99__b22] [plan] step=167 node=N19248 type=control0 q_typed_residual_context=0.744565 sequence=311.647602
[typed-five-r2/b22_C] [plan iscas99__b22] [plan] step=168 node=N4453 type=control1 q_typed_residual_context=6.210826 sequence=317.858428
[typed-five-r2/b22_C] [plan iscas99__b22] [plan] step=169 node=N18592 type=control0 q_typed_residual_context=0.835334 sequence=318.693762
[typed-five-r2/b22_C] [plan iscas99__b22] [plan] step=170 node=N18518 type=control0 q_typed_residual_context=1.122964 sequence=319.816726
[typed-five-r2/b22_C] [plan iscas99__b22] [plan] step=171 node=N18580 type=control0 q_typed_residual_context=1.702832 sequence=321.519558
[typed-five-r2/b22_C] [plan iscas99__b22] [plan] step=172 node=N19247 type=control0 q_typed_residual_context=0.819401 sequence=322.338959
[typed-five-r2/b22_C] [plan iscas99__b22] [plan] step=173 node=N13055 type=control0 q_typed_residual_context=1.685244 sequence=324.024203
[typed-five-r2/b22_C] [plan iscas99__b22] [plan] step=174 node=N13024 type=control0 q_typed_residual_context=1.504855 sequence=325.529058
[typed-five-r2/b22_C] [plan iscas99__b22] [plan] step=175 node=N7024 type=control1 q_typed_residual_context=1.265464 sequence=326.794521
[typed-five-r2/b22_C] [plan iscas99__b22] [plan] step=176 node=N7145 type=observe q_typed_residual_context=0.681216 sequence=327.475737
[typed-five-r2/b22_C] [plan iscas99__b22] [plan] step=177 node=N7021 type=control1 q_typed_residual_context=0.767263 sequence=328.243000
[typed-five-r2/b22_C] [plan iscas99__b22] [plan] step=178 node=N7166 type=observe q_typed_residual_context=0.654860 sequence=328.897860
[typed-five-r2/b22_C] [plan iscas99__b22] [plan] step=179 node=N7180 type=observe q_typed_residual_context=0.644558 sequence=329.542418
[typed-five-r2/b22_C] [plan iscas99__b22] [plan] step=180 node=N12990 type=control1 q_typed_residual_context=0.684006 sequence=330.226424
[typed-five-r2/b22_C] [plan iscas99__b22] [plan] step=181 node=N7194 type=observe q_typed_residual_context=0.653412 sequence=330.879836
[typed-five-r2/b22_C] [plan iscas99__b22] [plan] step=182 node=N7208 type=observe q_typed_residual_context=0.644109 sequence=331.523945
[typed-five-r2/b22_C] [plan iscas99__b22] [plan] step=183 node=N7229 type=observe q_typed_residual_context=0.678961 sequence=332.202906
[typed-five-r2/b22_C] [plan iscas99__b22] [plan] step=184 node=N19368 type=control0 q_typed_residual_context=1.098133 sequence=333.301039
[typed-five-r2/b22_C] [plan iscas99__b22] [plan] step=185 node=N18572 type=control0 q_typed_residual_context=0.975390 sequence=334.276429
[typed-five-r2/b22_C] [plan iscas99__b22] [plan] step=186 node=N19339 type=control0 q_typed_residual_context=0.787619 sequence=335.064048
[typed-five-r2/b22_C] [plan iscas99__b22] [plan] step=187 node=N12937 type=control0 q_typed_residual_context=0.853153 sequence=335.917201
[typed-five-r2/b22_C] [plan iscas99__b22] [plan] step=188 node=N18571 type=control0 q_typed_residual_context=0.952225 sequence=336.869427
[typed-five-r2/b22_C] [plan iscas99__b22] [plan] step=189 node=N3889 type=control0 q_typed_residual_context=0.621928 sequence=337.491354
[typed-five-r2/b22_C] [plan iscas99__b22] [plan] step=190 node=N2152 type=control0 q_typed_residual_context=1.084550 sequence=338.575904
[typed-five-r2/b22_C] [plan iscas99__b22] [plan] step=191 node=N7201 type=observe q_typed_residual_context=0.747204 sequence=339.323108
[typed-five-r2/b22_C] [plan iscas99__b22] [plan] step=192 node=N7187 type=observe q_typed_residual_context=0.767582 sequence=340.090690
[typed-five-r2/b22_C] [plan iscas99__b22] [plan] step=193 node=N1255 type=observe q_typed_residual_context=1.011849 sequence=341.102540
[typed-five-r2/b22_C] [plan iscas99__b22] [plan] step=194 node=N7116 type=observe q_typed_residual_context=0.757843 sequence=341.860383
[typed-five-r2/b22_C] [plan iscas99__b22] [plan] step=195 node=N6115 type=observe q_typed_residual_context=0.749117 sequence=342.609500
[typed-five-r2/b22_C] [plan iscas99__b22] [plan] step=196 node=N5963 type=observe q_typed_residual_context=0.745104 sequence=343.354604
[typed-five-r2/b22_C] [plan iscas99__b22] [plan] step=197 node=N7255 type=observe q_typed_residual_context=0.799213 sequence=344.153817
[typed-five-r2/b22_C] [plan iscas99__b22] [plan] step=198 node=N7173 type=observe q_typed_residual_context=1.423674 sequence=345.577491
[typed-five-r2/b22_C] [plan iscas99__b22] [plan] step=199 node=N7159 type=observe q_typed_residual_context=1.498302 sequence=347.075793
[typed-five-r2/b22_C] [plan iscas99__b22] [plan] step=200 node=N3832 type=observe q_typed_residual_context=1.561109 sequence=348.636902
[typed-five-r2/b22_C] [plan iscas99__b22] [plan] step=201 node=N5868 type=observe q_typed_residual_context=1.572817 sequence=350.209719
[typed-five-r2/b22_C] [plan iscas99__b22] [plan] step=202 node=N5559 type=observe q_typed_residual_context=1.636829 sequence=351.846547
[typed-five-r2/b22_C] [plan iscas99__b22] [plan] step=203 node=N12936 type=control0 q_typed_residual_context=1.228782 sequence=353.075330
[typed-five-r2/b22_C] [plan iscas99__b22] [plan] step=204 node=N1515 type=control0 q_typed_residual_context=1.044770 sequence=354.120100
[typed-five-r2/b22_C] [plan iscas99__b22] [plan] step=205 node=N5250 type=observe q_typed_residual_context=0.870438 sequence=354.990538
[typed-five-r2/b22_C] [plan iscas99__b22] [plan] step=206 node=N4538 type=observe q_typed_residual_context=0.924133 sequence=355.914671
[typed-five-r2/b22_C] [plan iscas99__b22] [plan] step=207 node=N4540 type=observe q_typed_residual_context=0.769494 sequence=356.684165
[typed-five-r2/b22_C] [plan iscas99__b22] [plan] step=208 node=N4542 type=observe q_typed_residual_context=0.761380 sequence=357.445546
[typed-five-r2/b22_C] [plan iscas99__b22] [plan] step=209 node=N4543 type=observe q_typed_residual_context=0.741037 sequence=358.186583
[typed-five-r2/b22_C] [plan iscas99__b22] [plan] step=210 node=N14429 type=observe q_typed_residual_context=0.850781 sequence=359.037364
[typed-five-r2/b22_C] [plan iscas99__b22] [plan] step=211 node=N2033 type=observe q_typed_residual_context=1.751473 sequence=360.788837
[typed-five-r2/b22_C] [plan iscas99__b22] [plan] step=212 node=N6974 type=observe q_typed_residual_context=0.756477 sequence=361.545314
[typed-five-r2/b22_C] [plan iscas99__b22] [plan] step=213 node=N6980 type=observe q_typed_residual_context=0.807530 sequence=362.352844
[typed-five-r2/b22_C] [plan iscas99__b22] [plan] step=214 node=N3860 type=observe q_typed_residual_context=0.840877 sequence=363.193722
[typed-five-r2/b22_C] [plan iscas99__b22] [plan] step=215 node=N3856 type=observe q_typed_residual_context=0.859524 sequence=364.053245
[typed-five-r2/b22_C] [plan iscas99__b22] [plan] step=216 node=N3852 type=observe q_typed_residual_context=0.871727 sequence=364.924973
[typed-five-r2/b22_C] [plan iscas99__b22] [plan] step=217 node=N7053 type=observe q_typed_residual_context=0.984529 sequence=365.909502
[typed-five-r2/b22_C] [plan iscas99__b22] [plan] step=218 node=N7017 type=observe q_typed_residual_context=1.159492 sequence=367.068994
[typed-five-r2/b22_C] [plan iscas99__b22] [plan] step=219 node=N24048 type=control1 q_typed_residual_context=0.922039 sequence=367.991033
[typed-five-r2/b22_C] [plan iscas99__b22] [plan] step=220 node=N15002 type=control1 q_typed_residual_context=0.847442 sequence=368.838475
[typed-five-r2/b22_C] [plan iscas99__b22] [plan] step=221 node=N4528 type=observe q_typed_residual_context=1.099041 sequence=369.937516
[typed-five-r2/b22_C] [plan iscas99__b22] [plan] step=222 node=N15003 type=control1 q_typed_residual_context=1.008262 sequence=370.945777
[typed-five-r2/b22_C] [plan iscas99__b22] [plan] step=223 node=N15007 type=control1 q_typed_residual_context=1.071981 sequence=372.017758
[typed-five-r2/b22_C] [plan iscas99__b22] [plan] step=224 node=N2296 type=control0 q_typed_residual_context=0.891727 sequence=372.909485
[typed-five-r2/b22_C] [plan iscas99__b22] [plan] step=225 node=N7595 type=control1 q_typed_residual_context=2.121634 sequence=375.031120
[typed-five-r2/b22_C] [plan iscas99__b22] [plan] step=226 node=N7599 type=control1 q_typed_residual_context=2.375789 sequence=377.406909
[typed-five-r2/b22_C] [plan iscas99__b22] [plan] step=227 node=N18582 type=control0 q_typed_residual_context=1.528595 sequence=378.935503
[typed-five-r2/b22_C] [plan iscas99__b22] [plan] step=228 node=N13057 type=control0 q_typed_residual_context=5.128708 sequence=384.064212
[typed-five-r2/b22_C] [plan iscas99__b22] [plan] step=229 node=N3881 type=control0 q_typed_residual_context=3.981837 sequence=388.046049
[typed-five-r2/b22_C] [plan iscas99__b22] [plan] step=230 node=N15004 type=control1 q_typed_residual_context=6.486445 sequence=394.532493
[typed-five-r2/b22_C] [plan iscas99__b22] [plan] step=231 node=N3877 type=control0 q_typed_residual_context=4.316307 sequence=398.848801
[typed-five-r2/b22_C] [plan iscas99__b22] [plan] step=232 node=N15006 type=control1 q_typed_residual_context=2.552248 sequence=401.401049
[typed-five-r2/b22_C] [plan iscas99__b22] [plan] step=233 node=N3873 type=control0 q_typed_residual_context=2.084086 sequence=403.485135
[typed-five-r2/b22_C] [plan iscas99__b22] [plan] step=234 node=N8334 type=control1 q_typed_residual_context=2.634635 sequence=406.119769
[typed-five-r2/b22_C] [plan iscas99__b22] [plan] step=235 node=N21458 type=control1 q_typed_residual_context=2.211043 sequence=408.330813
[typed-five-r2/b22_C] [plan iscas99__b22] [plan] step=236 node=N13028 type=control0 q_typed_residual_context=2.046658 sequence=410.377471
[typed-five-r2/b22_C] [plan iscas99__b22] [plan] step=237 node=N15005 type=control1 q_typed_residual_context=2.436720 sequence=412.814191
[typed-five-r2/b22_C] [plan iscas99__b22] [plan] step=238 node=N7475 type=control0 q_typed_residual_context=2.139370 sequence=414.953561
[typed-five-r2/b22_C] [plan iscas99__b22] [plan] step=239 node=N19346 type=control0 q_typed_residual_context=2.442936 sequence=417.396496
[typed-five-r2/b22_C] [plan iscas99__b22] [plan] step=240 node=N19343 type=control0 q_typed_residual_context=2.565596 sequence=419.962093
[typed-five-r2/b22_C] [plan iscas99__b22] [plan] step=241 node=N1517 type=control0 q_typed_residual_context=2.599117 sequence=422.561210
[typed-five-r2/b22_C] [plan iscas99__b22] [plan] step=242 node=N18390 type=control0 q_typed_residual_context=1.317238 sequence=423.878448
[typed-five-r2/b22_C] [plan iscas99__b22] [plan] step=243 node=N9543 type=control0 q_typed_residual_context=1.162603 sequence=425.041051
[typed-five-r2/b22_C] [plan iscas99__b22] [plan] step=244 node=N19244 type=control0 q_typed_residual_context=0.950113 sequence=425.991164
[typed-five-r2/b22_C] [plan iscas99__b22] [plan] step=245 node=N18587 type=control0 q_typed_residual_context=1.588067 sequence=427.579230
[typed-five-r2/b22_C] [plan iscas99__b22] [plan] step=246 node=N12933 type=control0 q_typed_residual_context=1.121818 sequence=428.701049
[typed-five-r2/b22_C] [plan iscas99__b22] [plan] step=247 node=N14436 type=observe q_typed_residual_context=1.095363 sequence=429.796412
[typed-five-r2/b22_C] [plan iscas99__b22] [plan] step=248 node=N14443 type=observe q_typed_residual_context=0.860908 sequence=430.657320
[typed-five-r2/b22_C] [plan iscas99__b22] [plan] step=249 node=N3903 type=control0 q_typed_residual_context=2.385086 sequence=433.042406
[typed-five-r2/b22_C] [plan iscas99__b22] [plan] step=250 node=N2144 type=observe q_typed_residual_context=0.983668 sequence=434.026074
[typed-five-r2/b22_C] [plan iscas99__b22] [plan] step=251 node=N3907 type=control0 q_typed_residual_context=1.440683 sequence=435.466756
[typed-five-r2/b22_C] [plan iscas99__b22] [plan] step=252 node=N3911 type=control0 q_typed_residual_context=1.045270 sequence=436.512026
[typed-five-r2/b22_C] [plan iscas99__b22] [plan] step=253 node=N3916 type=observe q_typed_residual_context=0.883224 sequence=437.395250
[typed-five-r2/b22_C] [plan iscas99__b22] [plan] step=254 node=N4461 type=control1 q_typed_residual_context=1.942188 sequence=439.337438
[typed-five-r2/b22_C] [plan iscas99__b22] [plan] step=255 node=N4463 type=control1 q_typed_residual_context=2.315663 sequence=441.653101
[typed-five-r2/b22_C] [plan iscas99__b22] [plan] step=256 node=N14333 type=control1 q_typed_residual_context=1.832018 sequence=443.485119
[typed-five-r2/b22_C] [plan iscas99__b22] [plan] step=257 node=N3805 type=control0 q_typed_residual_context=1.522429 sequence=445.007548
[typed-five-r2/b22_C] [plan iscas99__b22] [plan] step=258 node=N12934 type=control0 q_typed_residual_context=1.308374 sequence=446.315922
[typed-five-r2/b22_C] [plan iscas99__b22] [plan] step=259 node=N19245 type=control0 q_typed_residual_context=0.843140 sequence=447.159063
[typed-five-r2/b22_C] [plan iscas99__b22] [plan] step=260 node=N4537 type=observe q_typed_residual_context=0.973334 sequence=448.132397
[typed-five-r2/b22_C] [plan iscas99__b22] [plan] step=261 node=N26415 type=control1 q_typed_residual_context=0.956109 sequence=449.088506
[typed-five-r2/b22_C] [plan iscas99__b22] [plan] step=262 node=N4529 type=observe q_typed_residual_context=0.870073 sequence=449.958579
[typed-five-r2/b22_C] [plan iscas99__b22] [plan] step=263 node=N13035 type=control0 q_typed_residual_context=2.652785 sequence=452.611364
[typed-five-r2/b22_C] [plan iscas99__b22] [plan] step=264 node=N1576 type=control0 q_typed_residual_context=1.862750 sequence=454.474114
[typed-five-r2/b22_C] [plan iscas99__b22] [plan] step=265 node=N13032 type=control0 q_typed_residual_context=1.418617 sequence=455.892731
[typed-five-r2/b22_C] [plan iscas99__b22] [plan] step=266 node=N19238 type=control0 q_typed_residual_context=1.171468 sequence=457.064200
[typed-five-r2/b22_C] [plan iscas99__b22] [plan] step=267 node=N3539 type=control0 q_typed_residual_context=1.237783 sequence=458.301983
[typed-five-r2/b22_C] [plan iscas99__b22] [plan] step=268 node=N3494 type=control0 q_typed_residual_context=1.960346 sequence=460.262328
[typed-five-r2/b22_C] [plan iscas99__b22] [plan] step=269 node=N7045 type=observe q_typed_residual_context=1.171958 sequence=461.434287
[typed-five-r2/b22_C] [plan iscas99__b22] [plan] step=270 node=N4536 type=observe q_typed_residual_context=1.361717 sequence=462.796004
[typed-five-r2/b22_C] [plan iscas99__b22] [plan] step=271 node=N7042 type=observe q_typed_residual_context=1.018302 sequence=463.814306
[typed-five-r2/b22_C] [plan iscas99__b22] [plan] step=272 node=N4535 type=observe q_typed_residual_context=0.742367 sequence=464.556673
[typed-five-r2/b22_C] [plan iscas99__b22] [plan] step=273 node=N4532 type=observe q_typed_residual_context=0.773098 sequence=465.329771
[typed-five-r2/b22_C] [plan iscas99__b22] [plan] step=274 node=N14357 type=observe q_typed_residual_context=0.855976 sequence=466.185746
[typed-five-r2/b22_C] [plan iscas99__b22] [plan] step=275 node=N26475 type=control0 q_typed_residual_context=0.814631 sequence=467.000377
[typed-five-r2/b22_C] [plan iscas99__b22] [plan] step=276 node=N3351 type=control0 q_typed_residual_context=1.092631 sequence=468.093008
[typed-five-r2/b22_C] [plan iscas99__b22] [plan] step=277 node=N3458 type=control0 q_typed_residual_context=1.897760 sequence=469.990768
[typed-five-r2/b22_C] [plan iscas99__b22] [plan] step=278 node=N24207 type=control0 q_typed_residual_context=1.808930 sequence=471.799698
[typed-five-r2/b22_C] [plan iscas99__b22] [plan] step=279 node=N3503 type=control0 q_typed_residual_context=2.179201 sequence=473.978899
[typed-five-r2/b22_C] [plan iscas99__b22] [plan] step=280 node=N3333 type=control0 q_typed_residual_context=1.618625 sequence=475.597523
[typed-five-r2/b22_C] [plan iscas99__b22] [plan] step=281 node=N3440 type=control0 q_typed_residual_context=1.684759 sequence=477.282283
[typed-five-r2/b22_C] [plan iscas99__b22] [plan] step=282 node=N3324 type=control0 q_typed_residual_context=1.555318 sequence=478.837601
[typed-five-r2/b22_C] [plan iscas99__b22] [plan] step=283 node=N3485 type=control0 q_typed_residual_context=1.352780 sequence=480.190381
[typed-five-r2/b22_C] [plan iscas99__b22] [plan] step=284 node=N26417 type=control1 q_typed_residual_context=1.355329 sequence=481.545710
[typed-five-r2/b22_C] [plan iscas99__b22] [plan] step=285 node=N3304 type=control0 q_typed_residual_context=1.163696 sequence=482.709405
[typed-five-r2/b22_C] [plan iscas99__b22] [plan] step=286 node=N3395 type=control0 q_typed_residual_context=1.301786 sequence=484.011191
[typed-five-r2/b22_C] [plan iscas99__b22] [plan] step=287 node=N24119 type=control1 q_typed_residual_context=1.851562 sequence=485.862754
[typed-five-r2/b22_C] [plan iscas99__b22] [plan] step=288 node=N14492 type=observe q_typed_residual_context=1.601031 sequence=487.463785
[typed-five-r2/b22_C] [plan iscas99__b22] [plan] step=289 node=N14523 type=control0 q_typed_residual_context=1.413946 sequence=488.877731
[typed-five-r2/b22_C] [plan iscas99__b22] [plan] step=290 node=N3378 type=control0 q_typed_residual_context=2.046575 sequence=490.924306
[typed-five-r2/b22_C] [plan iscas99__b22] [plan] step=291 node=N6838 type=control0 q_typed_residual_context=1.929072 sequence=492.853378
[typed-five-r2/b22_C] [plan iscas99__b22] [plan] step=292 node=N3413 type=control0 q_typed_residual_context=2.030696 sequence=494.884074
[typed-five-r2/b22_C] [plan iscas99__b22] [plan] step=293 node=N3449 type=control0 q_typed_residual_context=1.881835 sequence=496.765909
[typed-five-r2/b22_C] [plan iscas99__b22] [plan] step=294 node=N3360 type=control0 q_typed_residual_context=1.814292 sequence=498.580202
[typed-five-r2/b22_C] [plan iscas99__b22] [plan] step=295 node=N3548 type=control0 q_typed_residual_context=1.748494 sequence=500.328696
[typed-five-r2/b22_C] [plan iscas99__b22] [plan] step=296 node=N3530 type=control0 q_typed_residual_context=1.705245 sequence=502.033941
[typed-five-r2/b22_C] [plan iscas99__b22] [plan] step=297 node=N3521 type=control0 q_typed_residual_context=1.637421 sequence=503.671362
[typed-five-r2/b22_C] [plan iscas99__b22] [plan] step=298 node=N3342 type=control0 q_typed_residual_context=1.557475 sequence=505.228837
[typed-five-r2/b22_C] [plan iscas99__b22] [plan] step=299 node=N3431 type=control0 q_typed_residual_context=1.518104 sequence=506.746940
[typed-five-r2/b22_C] [plan iscas99__b22] [plan] step=300 node=N8477 type=control1 q_typed_residual_context=1.451549 sequence=508.198489
[typed-five-r2/b22_C] [plan iscas99__b22] [plan] step=301 node=N7036 type=observe q_typed_residual_context=1.473274 sequence=509.671763
[typed-five-r2/b22_C] [plan iscas99__b22] [plan] step=302 node=N2037 type=observe q_typed_residual_context=2.051672 sequence=511.723436
[typed-five-r2/b22_C] [plan iscas99__b22] [plan] step=303 node=N8476 type=control1 q_typed_residual_context=1.643612 sequence=513.367048
[typed-five-r2/b22_C] [plan iscas99__b22] [plan] step=304 node=N14454 type=observe q_typed_residual_context=2.363414 sequence=515.730462
[typed-five-r2/b22_C] [plan iscas99__b22] [plan] step=305 node=N6847 type=control0 q_typed_residual_context=2.140563 sequence=517.871025
[typed-five-r2/b22_C] [plan iscas99__b22] [plan] step=306 node=N6659 type=control0 q_typed_residual_context=2.355289 sequence=520.226314
[typed-five-r2/b22_C] [plan iscas99__b22] [plan] step=307 node=N6793 type=control0 q_typed_residual_context=3.273598 sequence=523.499912
[typed-five-r2/b22_C] [plan iscas99__b22] [plan] step=308 node=N7033 type=observe q_typed_residual_context=2.187536 sequence=525.687449
[typed-five-r2/b22_C] [plan iscas99__b22] [plan] step=309 node=N1251 type=observe q_typed_residual_context=2.633611 sequence=528.321060
[typed-five-r2/b22_C] [plan iscas99__b22] [plan] step=310 node=N5246 type=observe q_typed_residual_context=2.941754 sequence=531.262813
[typed-five-r2/b22_C] [plan iscas99__b22] [plan] step=311 node=N14348 type=observe q_typed_residual_context=2.095540 sequence=533.358353
[typed-five-r2/b22_C] [plan iscas99__b22] [plan] step=312 node=N14352 type=observe q_typed_residual_context=2.204101 sequence=535.562455
[typed-five-r2/b22_C] [plan iscas99__b22] [plan] step=313 node=N1991 type=observe q_typed_residual_context=1.335970 sequence=536.898424
[typed-five-r2/b22_C] [plan iscas99__b22] [plan] step=314 node=N7504 type=observe q_typed_residual_context=1.282668 sequence=538.181093
[typed-five-r2/b22_C] [plan iscas99__b22] [plan] step=315 node=N2920 type=observe q_typed_residual_context=1.642348 sequence=539.823441
[typed-five-r2/b22_C] [plan iscas99__b22] [plan] step=316 node=N7222 type=observe q_typed_residual_context=1.229383 sequence=541.052824
[typed-five-r2/b22_C] [plan iscas99__b22] [plan] step=317 node=N2059 type=observe q_typed_residual_context=1.845905 sequence=542.898729
[typed-five-r2/b22_C] [plan iscas99__b22] [plan] step=318 node=N14345 type=observe q_typed_residual_context=1.859868 sequence=544.758597
[typed-five-r2/b22_C] [plan iscas99__b22] [plan] step=319 node=N14344 type=observe q_typed_residual_context=1.519006 sequence=546.277603
[typed-five-r2/b22_C] [plan iscas99__b22] [plan] step=320 node=N1250 type=observe q_typed_residual_context=1.318299 sequence=547.595902
[typed-five-r2/b22_C] [plan iscas99__b22] [plan] step=321 node=N14448 type=observe q_typed_residual_context=1.271375 sequence=548.867276
[typed-five-r2/b22_C] [plan iscas99__b22] [plan] step=322 node=N15348 type=control0 q_typed_residual_context=1.054003 sequence=549.921279
[typed-five-r2/b22_C] [plan iscas99__b22] [plan] step=323 node=N4999 type=observe q_typed_residual_context=0.373087 sequence=550.294366
[typed-five-r2/b22_C] [plan iscas99__b22] [plan] step=324 node=N5242 type=observe q_typed_residual_context=1.585873 sequence=551.880239
[typed-five-r2/b22_C] [plan iscas99__b22] [plan] step=325 node=N5391 type=control1 q_typed_residual_context=1.072880 sequence=552.953120
[typed-five-r2/b22_C] [plan iscas99__b22] [plan] step=326 node=N6614 type=control0 q_typed_residual_context=1.813318 sequence=554.766438
[typed-five-r2/b22_C] [plan iscas99__b22] [plan] step=327 node=N14466 type=observe q_typed_residual_context=1.045310 sequence=555.811748
[typed-five-r2/b22_C] [plan iscas99__b22] [plan] step=328 node=N21468 type=control1 q_typed_residual_context=1.569496 sequence=557.381244
[typed-five-r2/b22_C] [plan iscas99__b22] [plan] step=329 node=N14461 type=observe q_typed_residual_context=1.253695 sequence=558.634938
[typed-five-r2/b22_C] [plan iscas99__b22] [plan] step=330 node=N9572 type=control0 q_typed_residual_context=1.132099 sequence=559.767037
[typed-five-r2/b22_C] [plan iscas99__b22] [plan] step=331 node=N9311 type=control0 q_typed_residual_context=1.347208 sequence=561.114245
[typed-five-r2/b22_C] [plan iscas99__b22] [plan] step=332 node=N6632 type=control0 q_typed_residual_context=1.922460 sequence=563.036705
[typed-five-r2/b22_C] [plan iscas99__b22] [plan] step=333 node=N6757 type=control0 q_typed_residual_context=2.008153 sequence=565.044859
[typed-five-r2/b22_C] [plan iscas99__b22] [plan] step=334 node=N4456 type=control1 q_typed_residual_context=2.107576 sequence=567.152435
[typed-five-r2/b22_C] [plan iscas99__b22] [plan] step=335 node=N1988 type=observe q_typed_residual_context=2.100989 sequence=569.253424
[typed-five-r2/b22_C] [plan iscas99__b22] [plan] step=336 node=N2039 type=observe q_typed_residual_context=1.942646 sequence=571.196070
[typed-five-r2/b22_C] [plan iscas99__b22] [plan] step=337 node=N5982 type=observe q_typed_residual_context=1.082312 sequence=572.278381
[typed-five-r2/b22_C] [plan iscas99__b22] [plan] step=338 node=N14356 type=observe q_typed_residual_context=1.118406 sequence=573.396787
[typed-five-r2/b22_C] [plan iscas99__b22] [plan] step=339 node=N14353 type=observe q_typed_residual_context=1.263769 sequence=574.660557
[typed-five-r2/b22_C] [plan iscas99__b22] [plan] step=340 node=N14349 type=observe q_typed_residual_context=1.246457 sequence=575.907014
[typed-five-r2/b22_C] [plan iscas99__b22] [plan] step=341 node=N7215 type=observe q_typed_residual_context=1.017022 sequence=576.924036
[typed-five-r2/b22_C] [plan iscas99__b22] [plan] step=342 node=N5248 type=observe q_typed_residual_context=2.001942 sequence=578.925977
[typed-five-r2/b22_C] [plan iscas99__b22] [plan] step=343 node=N2035 type=observe q_typed_residual_context=1.686717 sequence=580.612694
[typed-five-r2/b22_C] [plan iscas99__b22] [plan] step=344 node=N1987 type=observe q_typed_residual_context=1.890423 sequence=582.503118
[typed-five-r2/b22_C] [plan iscas99__b22] [plan] step=345 node=N5390 type=control1 q_typed_residual_context=1.398666 sequence=583.901784
[typed-five-r2/b22_C] [plan iscas99__b22] [plan] step=346 node=N3347 type=observe q_typed_residual_context=0.951200 sequence=584.852984
[typed-five-r2/b22_C] [plan iscas99__b22] [plan] step=347 node=N5523 type=observe q_typed_residual_context=1.013902 sequence=585.866885
[typed-five-r2/b22_C] [plan iscas99__b22] [plan] step=348 node=N6020 type=observe q_typed_residual_context=0.920349 sequence=586.787234
[typed-five-r2/b22_C] [plan iscas99__b22] [plan] step=349 node=N2041 type=observe q_typed_residual_context=1.797752 sequence=588.584986
[typed-five-r2/b22_C] [plan iscas99__b22] [plan] step=350 node=N5906 type=observe q_typed_residual_context=1.023853 sequence=589.608840
[typed-five-r2/b22_C] [plan iscas99__b22] [plan] step=351 node=N5247 type=observe q_typed_residual_context=1.501527 sequence=591.110367
[typed-five-r2/b22_C] [plan iscas99__b22] [plan] step=352 node=N2071 type=observe q_typed_residual_context=1.747269 sequence=592.857635
[typed-five-r2/b22_C] [plan iscas99__b22] [plan] step=353 node=N3329 type=observe q_typed_residual_context=1.095936 sequence=593.953572
[typed-five-r2/b22_C] [plan iscas99__b22] [plan] step=354 node=N6001 type=observe q_typed_residual_context=1.231901 sequence=595.185472
[typed-five-r2/b22_C] [plan iscas99__b22] [plan] step=355 node=N5518 type=observe q_typed_residual_context=1.450516 sequence=596.635988
[typed-five-r2/b22_C] [plan iscas99__b22] [plan] step=356 node=N5830 type=observe q_typed_residual_context=2.008872 sequence=598.644860
[typed-five-r2/b22_C] [plan iscas99__b22] [plan] step=357 node=N5249 type=observe q_typed_residual_context=1.005879 sequence=599.650740
[typed-five-r2/b22_C] [plan iscas99__b22] [plan] step=358 node=N2073 type=observe q_typed_residual_context=1.573156 sequence=601.223896
[typed-five-r2/b22_C] [plan iscas99__b22] [plan] step=359 node=N21350 type=control1 q_typed_residual_context=0.722635 sequence=601.946530
[typed-five-r2/b22_C] [plan iscas99__b22] [plan] step=360 node=N24133 type=control1 q_typed_residual_context=0.761682 sequence=602.708212
[typed-five-r2/b22_C] [plan iscas99__b22] [plan] step=361 node=N6650 type=control0 q_typed_residual_context=1.969656 sequence=604.677867
[typed-five-r2/b22_C] [plan iscas99__b22] [plan] step=362 node=N6739 type=control0 q_typed_residual_context=2.459152 sequence=607.137020
[typed-five-r2/b22_C] [plan iscas99__b22] [plan] step=363 node=N6802 type=control0 q_typed_residual_context=2.876827 sequence=610.013847
[typed-five-r2/b22_C] [plan iscas99__b22] [plan] step=364 node=N2168 type=observe q_typed_residual_context=1.236069 sequence=611.249916
[typed-five-r2/b22_C] [plan iscas99__b22] [plan] step=365 node=N2047 type=observe q_typed_residual_context=1.845111 sequence=613.095027
[typed-five-r2/b22_C] [plan iscas99__b22] [plan] step=366 node=N5267 type=observe q_typed_residual_context=1.905393 sequence=615.000420
[typed-five-r2/b22_C] [plan iscas99__b22] [plan] step=367 node=N6077 type=observe q_typed_residual_context=1.213703 sequence=616.214124
[typed-five-r2/b22_C] [plan iscas99__b22] [plan] step=368 node=N7243 type=observe q_typed_residual_context=1.034806 sequence=617.248930
[typed-five-r2/b22_C] [plan iscas99__b22] [plan] step=369 node=N5514 type=observe q_typed_residual_context=0.967622 sequence=618.216552
[typed-five-r2/b22_C] [plan iscas99__b22] [plan] step=370 node=N4381 type=observe q_typed_residual_context=1.227781 sequence=619.444333
[typed-five-r2/b22_C] [plan iscas99__b22] [plan] step=371 node=N2043 type=observe q_typed_residual_context=2.546280 sequence=621.990613
[typed-five-r2/b22_C] [plan iscas99__b22] [plan] step=372 node=N5252 type=observe q_typed_residual_context=1.701988 sequence=623.692601
[typed-five-r2/b22_C] [plan iscas99__b22] [plan] step=373 node=N3427 type=observe q_typed_residual_context=1.214753 sequence=624.907353
[typed-five-r2/b22_C] [plan iscas99__b22] [plan] step=374 node=N4348 type=observe q_typed_residual_context=1.339946 sequence=626.247300
[typed-five-r2/b22_C] [plan iscas99__b22] [plan] step=375 node=N5512 type=observe q_typed_residual_context=1.592583 sequence=627.839883
[typed-five-r2/b22_C] [plan iscas99__b22] [plan] step=376 node=N7531 type=observe q_typed_residual_context=2.318706 sequence=630.158588
[typed-five-r2/b22_C] [plan iscas99__b22] [plan] step=377 node=N7480 type=observe q_typed_residual_context=2.002316 sequence=632.160905
[typed-five-r2/b22_C] [plan iscas99__b22] [plan] step=378 node=N15174 type=control1 q_typed_residual_context=1.150941 sequence=633.311846
[typed-five-r2/b22_C] [plan iscas99__b22] [plan] step=379 node=N1183 type=control1 q_typed_residual_context=2.310067 sequence=635.621912
[typed-five-r2/b22_C] [plan iscas99__b22] [plan] step=380 node=N4457 type=control1 q_typed_residual_context=2.153779 sequence=637.775691
[typed-five-r2/b22_C] [plan iscas99__b22] [plan] step=381 node=N15085 type=control1 q_typed_residual_context=0.628890 sequence=638.404581
[typed-five-r2/b22_C] [plan iscas99__b22] [plan] step=382 node=N6694 type=control0 q_typed_residual_context=1.828655 sequence=640.233236
[typed-five-r2/b22_C] [plan iscas99__b22] [plan] step=383 node=N6601 type=control0 q_typed_residual_context=2.268158 sequence=642.501394
[typed-five-r2/b22_C] [plan iscas99__b22] [plan] step=384 node=N6820 type=control0 q_typed_residual_context=2.838206 sequence=645.339600
[typed-five-r2/b22_C] [plan iscas99__b22] [plan] step=385 node=N1757 type=observe q_typed_residual_context=1.492395 sequence=646.831995
[typed-five-r2/b22_C] [plan iscas99__b22] [plan] step=386 node=N5272 type=observe q_typed_residual_context=1.367002 sequence=648.198997
[typed-five-r2/b22_C] [plan iscas99__b22] [plan] step=387 node=N4372 type=observe q_typed_residual_context=0.792960 sequence=648.991956
[typed-five-r2/b22_C] [plan iscas99__b22] [plan] step=388 node=N2067 type=observe q_typed_residual_context=1.371132 sequence=650.363088
[typed-five-r2/b22_C] [plan iscas99__b22] [plan] step=389 node=N5508 type=observe q_typed_residual_context=1.159918 sequence=651.523006
[typed-five-r2/b22_C] [plan iscas99__b22] [plan] step=390 node=N7558 type=observe q_typed_residual_context=1.252120 sequence=652.775126
[typed-five-r2/b22_C] [plan iscas99__b22] [plan] step=391 node=N15109 type=control1 q_typed_residual_context=0.954467 sequence=653.729593
[typed-five-r2/b22_C] [plan iscas99__b22] [plan] step=392 node=N21472 type=control1 q_typed_residual_context=1.122996 sequence=654.852589
[typed-five-r2/b22_C] [plan iscas99__b22] [plan] step=393 node=N21470 type=control1 q_typed_residual_context=0.841352 sequence=655.693940
[typed-five-r2/b22_C] [plan iscas99__b22] [plan] step=394 node=N1520 type=control0 q_typed_residual_context=0.623656 sequence=656.317596
[typed-five-r2/b22_C] [plan iscas99__b22] [plan] step=395 node=N1752 type=observe q_typed_residual_context=0.824009 sequence=657.141605
[typed-five-r2/b22_C] [plan iscas99__b22] [plan] step=396 node=N24130 type=control1 q_typed_residual_context=1.821096 sequence=658.962701
[typed-five-r2/b22_C] [plan iscas99__b22] [plan] step=397 node=N5277 type=observe q_typed_residual_context=1.452247 sequence=660.414948
[typed-five-r2/b22_C] [plan iscas99__b22] [plan] step=398 node=N2066 type=observe q_typed_residual_context=1.752781 sequence=662.167728
[typed-five-r2/b22_C] [plan iscas99__b22] [plan] step=399 node=N1364 type=observe q_typed_residual_context=1.170278 sequence=663.338006
[typed-five-r2/b22_C] [plan iscas99__b22] [plan] step=400 node=N4387 type=observe q_typed_residual_context=1.346246 sequence=664.684252
[typed-five-r2/b22_C] [plan iscas99__b22] [plan] step=401 node=N7537 type=observe q_typed_residual_context=1.362045 sequence=666.046297
[typed-five-r2/b22_C] [plan iscas99__b22] [plan] step=402 node=N5279 type=observe q_typed_residual_context=1.442103 sequence=667.488400
[typed-five-r2/b22_C] [plan iscas99__b22] [plan] step=403 node=N5520 type=observe q_typed_residual_context=1.049518 sequence=668.537918
[typed-five-r2/b22_C] [plan iscas99__b22] [plan] step=404 node=N2065 type=observe q_typed_residual_context=1.501445 sequence=670.039362
[typed-five-r2/b22_C] [plan iscas99__b22] [plan] step=405 node=N14361 type=observe q_typed_residual_context=1.354555 sequence=671.393918
[typed-five-r2/b22_C] [plan iscas99__b22] [plan] step=406 node=N4384 type=observe q_typed_residual_context=1.219315 sequence=672.613233
[typed-five-r2/b22_C] [plan iscas99__b22] [plan] step=407 node=N14360 type=observe q_typed_residual_context=1.318526 sequence=673.931759
[typed-five-r2/b22_C] [plan iscas99__b22] [plan] step=408 node=N14364 type=observe q_typed_residual_context=1.264570 sequence=675.196329
[typed-five-r2/b22_C] [plan iscas99__b22] [plan] step=409 node=N14488 type=observe q_typed_residual_context=1.399645 sequence=676.595974
[typed-five-r2/b22_C] [plan iscas99__b22] [plan] step=410 node=N5276 type=observe q_typed_residual_context=1.293848 sequence=677.889822
[typed-five-r2/b22_C] [plan iscas99__b22] [plan] step=411 node=N2069 type=observe q_typed_residual_context=1.443653 sequence=679.333475
[typed-five-r2/b22_C] [plan iscas99__b22] [plan] step=412 node=N3535 type=observe q_typed_residual_context=0.991723 sequence=680.325198
[typed-five-r2/b22_C] [plan iscas99__b22] [plan] step=413 node=N2030 type=observe q_typed_residual_context=1.536139 sequence=681.861338
[typed-five-r2/b22_C] [plan iscas99__b22] [plan] step=414 node=N5530 type=observe q_typed_residual_context=1.352684 sequence=683.214022
[typed-five-r2/b22_C] [plan iscas99__b22] [plan] step=415 node=N5281 type=observe q_typed_residual_context=1.178228 sequence=684.392250
[typed-five-r2/b22_C] [plan iscas99__b22] [plan] step=416 node=N4363 type=observe q_typed_residual_context=0.945163 sequence=685.337413
[typed-five-r2/b22_C] [plan iscas99__b22] [plan] step=417 node=N3553 type=observe q_typed_residual_context=1.015673 sequence=686.353086
[typed-five-r2/b22_C] [plan iscas99__b22] [plan] step=418 node=N2068 type=observe q_typed_residual_context=1.371621 sequence=687.724707
[typed-five-r2/b22_C] [plan iscas99__b22] [plan] step=419 node=N5526 type=observe q_typed_residual_context=1.196277 sequence=688.920985
[typed-five-r2/b22_C] [plan iscas99__b22] [plan] step=420 node=N4366 type=observe q_typed_residual_context=1.241539 sequence=690.162524
[typed-five-r2/b22_C] [plan iscas99__b22] [plan] step=421 node=N9310 type=control0 q_typed_residual_context=0.994630 sequence=691.157153
[typed-five-r2/b22_C] [plan iscas99__b22] [plan] step=422 node=N6748 type=control0 q_typed_residual_context=1.535274 sequence=692.692428
[typed-five-r2/b22_C] [plan iscas99__b22] [plan] step=423 node=N6677 type=control0 q_typed_residual_context=1.390073 sequence=694.082500
[typed-five-r2/b22_C] [plan iscas99__b22] [plan] step=424 node=N6712 type=control0 q_typed_residual_context=1.376349 sequence=695.458850
[typed-five-r2/b22_C] [plan iscas99__b22] [plan] step=425 node=N6829 type=control0 q_typed_residual_context=1.422505 sequence=696.881355
[typed-five-r2/b22_C] [plan iscas99__b22] [plan] step=426 node=N3476 type=control0 q_typed_residual_context=1.439384 sequence=698.320739
[typed-five-r2/b22_C] [plan iscas99__b22] [plan] step=427 node=N2057 type=observe q_typed_residual_context=1.020598 sequence=699.341337
[typed-five-r2/b22_C] [plan iscas99__b22] [plan] step=428 node=N3320 type=observe q_typed_residual_context=1.057395 sequence=700.398732
[typed-five-r2/b22_C] [plan iscas99__b22] [plan] step=429 node=N5505 type=observe q_typed_residual_context=1.214219 sequence=701.612951
[typed-five-r2/b22_C] [plan iscas99__b22] [plan] step=430 node=N4369 type=observe q_typed_residual_context=1.130635 sequence=702.743587
[typed-five-r2/b22_C] [plan iscas99__b22] [plan] step=431 node=N2063 type=observe q_typed_residual_context=1.032746 sequence=703.776332
[typed-five-r2/b22_C] [plan iscas99__b22] [plan] step=432 node=N4574 type=observe q_typed_residual_context=1.290929 sequence=705.067261
[typed-five-r2/b22_C] [plan iscas99__b22] [plan] step=433 node=N3365 type=observe q_typed_residual_context=1.236248 sequence=706.303509
[typed-five-r2/b22_C] [plan iscas99__b22] [plan] step=434 node=N2064 type=observe q_typed_residual_context=1.152469 sequence=707.455978
[typed-five-r2/b22_C] [plan iscas99__b22] [plan] step=435 node=N4378 type=observe q_typed_residual_context=1.073438 sequence=708.529416
[typed-five-r2/b22_C] [plan iscas99__b22] [plan] step=436 node=N5511 type=observe q_typed_residual_context=1.254135 sequence=709.783551
[typed-five-r2/b22_C] [plan iscas99__b22] [plan] step=437 node=N2061 type=observe q_typed_residual_context=1.132252 sequence=710.915803
[typed-five-r2/b22_C] [plan iscas99__b22] [plan] step=438 node=N6911 type=observe q_typed_residual_context=1.034813 sequence=711.950615
[typed-five-r2/b22_C] [plan iscas99__b22] [plan] step=439 node=N3391 type=observe q_typed_residual_context=1.097645 sequence=713.048261
[typed-five-r2/b22_C] [plan iscas99__b22] [plan] step=440 node=N4345 type=observe q_typed_residual_context=1.095632 sequence=714.143892
[typed-five-r2/b22_C] [plan iscas99__b22] [plan] step=441 node=N2070 type=observe q_typed_residual_context=1.481531 sequence=715.625424
[typed-five-r2/b22_C] [plan iscas99__b22] [plan] step=442 node=N6914 type=observe q_typed_residual_context=1.049160 sequence=716.674584
[typed-five-r2/b22_C] [plan iscas99__b22] [plan] step=443 node=N5245 type=observe q_typed_residual_context=1.307939 sequence=717.982522
[typed-five-r2/b22_C] [plan iscas99__b22] [plan] step=444 node=N2062 type=observe q_typed_residual_context=0.997679 sequence=718.980201
[typed-five-r2/b22_C] [plan iscas99__b22] [plan] step=445 node=N3418 type=observe q_typed_residual_context=1.035325 sequence=720.015527
[typed-five-r2/b22_C] [plan iscas99__b22] [plan] step=446 node=N4393 type=observe q_typed_residual_context=1.056538 sequence=721.072065
[typed-five-r2/b22_C] [plan iscas99__b22] [plan] step=447 node=N6892 type=observe q_typed_residual_context=1.064796 sequence=722.136861
[typed-five-r2/b22_C] [plan iscas99__b22] [plan] step=448 node=N4351 type=observe q_typed_residual_context=1.072064 sequence=723.208925
[typed-five-r2/b22_C] [plan iscas99__b22] [plan] step=449 node=N3294 type=observe q_typed_residual_context=1.077012 sequence=724.285937
[typed-five-r2/b22_C] [plan iscas99__b22] [plan] step=450 node=N6926 type=observe q_typed_residual_context=1.080966 sequence=725.366903
[typed-five-r2/b22_C] [plan iscas99__b22] [plan] step=451 node=N4390 type=observe q_typed_residual_context=1.079717 sequence=726.446620
[typed-five-r2/b22_C] [plan iscas99__b22] [plan] step=452 node=N3454 type=observe q_typed_residual_context=1.080125 sequence=727.526745
[typed-five-r2/b22_C] [plan iscas99__b22] [plan] step=453 node=N6932 type=observe q_typed_residual_context=1.071738 sequence=728.598483
[typed-five-r2/b22_C] [plan iscas99__b22] [plan] step=454 node=N14498 type=observe q_typed_residual_context=1.124554 sequence=729.723037
[typed-five-r2/b22_C] [plan iscas99__b22] [plan] step=455 node=N4354 type=observe q_typed_residual_context=0.973118 sequence=730.696155
[typed-five-r2/b22_C] [plan iscas99__b22] [plan] step=456 node=N14412 type=observe q_typed_residual_context=0.894456 sequence=731.590611
[typed-five-r2/b22_C] [plan iscas99__b22] [plan] step=457 node=N3499 type=observe q_typed_residual_context=0.932181 sequence=732.522792
[typed-five-r2/b22_C] [plan iscas99__b22] [plan] step=458 node=N6941 type=observe q_typed_residual_context=0.963581 sequence=733.486372
[typed-five-r2/b22_C] [plan iscas99__b22] [plan] step=459 node=N14408 type=observe q_typed_residual_context=0.917757 sequence=734.404130
[typed-five-r2/b22_C] [plan iscas99__b22] [plan] step=460 node=N2056 type=observe q_typed_residual_context=0.979392 sequence=735.383522
[typed-five-r2/b22_C] [plan iscas99__b22] [plan] step=461 node=N4408 type=observe q_typed_residual_context=0.975150 sequence=736.358672
[typed-five-r2/b22_C] [plan iscas99__b22] [plan] step=462 node=N6917 type=observe q_typed_residual_context=0.962567 sequence=737.321240
[typed-five-r2/b22_C] [plan iscas99__b22] [plan] step=463 node=N3517 type=observe q_typed_residual_context=1.078288 sequence=738.399527
[typed-five-r2/b22_C] [plan iscas99__b22] [plan] step=464 node=N4425 type=observe q_typed_residual_context=1.074143 sequence=739.473670
[typed-five-r2/b22_C] [plan iscas99__b22] [plan] step=465 node=N6944 type=observe q_typed_residual_context=1.079166 sequence=740.552837
[typed-five-r2/b22_C] [plan iscas99__b22] [plan] step=466 node=N3481 type=observe q_typed_residual_context=1.031569 sequence=741.584406
[typed-five-r2/b22_C] [plan iscas99__b22] [plan] step=467 node=N4405 type=observe q_typed_residual_context=1.002261 sequence=742.586667
[typed-five-r2/b22_C] [plan iscas99__b22] [plan] step=468 node=N6929 type=observe q_typed_residual_context=1.066411 sequence=743.653078
[typed-five-r2/b22_C] [plan iscas99__b22] [plan] step=469 node=N3508 type=observe q_typed_residual_context=1.145469 sequence=744.798547
[typed-five-r2/b22_C] [plan iscas99__b22] [plan] step=470 node=N4402 type=observe q_typed_residual_context=1.230722 sequence=746.029269
[typed-five-r2/b22_C] [plan iscas99__b22] [plan] step=471 node=N6935 type=observe q_typed_residual_context=1.191590 sequence=747.220859
[typed-five-r2/b22_C] [plan iscas99__b22] [plan] step=472 node=N4399 type=observe q_typed_residual_context=1.114319 sequence=748.335178
[typed-five-r2/b22_C] [plan iscas99__b22] [plan] step=473 node=N3338 type=observe q_typed_residual_context=1.173371 sequence=749.508549
[typed-five-r2/b22_C] [plan iscas99__b22] [plan] step=474 node=N6947 type=observe q_typed_residual_context=1.214795 sequence=750.723344
[typed-five-r2/b22_C] [plan iscas99__b22] [plan] step=475 node=N3472 type=observe q_typed_residual_context=1.209812 sequence=751.933156
[typed-five-r2/b22_C] [plan iscas99__b22] [plan] step=476 node=N4422 type=observe q_typed_residual_context=1.329517 sequence=753.262674
[typed-five-r2/b22_C] [plan iscas99__b22] [plan] step=477 node=N6920 type=observe q_typed_residual_context=1.117360 sequence=754.380033
[typed-five-r2/b22_C] [plan iscas99__b22] [plan] step=478 node=N3436 type=observe q_typed_residual_context=1.006375 sequence=755.386409
[typed-five-r2/b22_C] [plan iscas99__b22] [plan] step=479 node=N4362 type=observe q_typed_residual_context=0.988879 sequence=756.375288
[typed-five-r2/b22_C] [plan iscas99__b22] [plan] step=480 node=N3742 type=observe q_typed_residual_context=1.201250 sequence=757.576539
[typed-five-r2/b22_C] [plan iscas99__b22] [plan] step=481 node=N6916 type=observe q_typed_residual_context=1.053006 sequence=758.629545
[typed-five-r2/b22_C] [plan iscas99__b22] [plan] step=482 node=N3400 type=observe q_typed_residual_context=1.019399 sequence=759.648944
[typed-five-r2/b22_C] [plan iscas99__b22] [plan] step=483 node=N3751 type=observe q_typed_residual_context=1.302786 sequence=760.951730
[typed-five-r2/b22_C] [plan iscas99__b22] [plan] step=484 node=N6922 type=observe q_typed_residual_context=0.980720 sequence=761.932450
[typed-five-r2/b22_C] [plan iscas99__b22] [plan] step=485 node=N4337 type=observe q_typed_residual_context=0.978196 sequence=762.910645
[typed-five-r2/b22_C] [plan iscas99__b22] [plan] step=486 node=N14474 type=observe q_typed_residual_context=1.002982 sequence=763.913627
[typed-five-r2/b22_C] [plan iscas99__b22] [plan] step=487 node=N6934 type=observe q_typed_residual_context=1.005371 sequence=764.918998
[typed-five-r2/b22_C] [plan iscas99__b22] [plan] step=488 node=N4412 type=observe q_typed_residual_context=1.045354 sequence=765.964352
[typed-five-r2/b22_C] [plan iscas99__b22] [plan] step=489 node=N3374 type=observe q_typed_residual_context=1.390679 sequence=767.355032
[typed-five-r2/b22_C] [plan iscas99__b22] [plan] step=490 node=N6928 type=observe q_typed_residual_context=1.188971 sequence=768.544003
[typed-five-r2/b22_C] [plan iscas99__b22] [plan] step=491 node=N18557 type=observe q_typed_residual_context=1.548376 sequence=770.092379
[typed-five-r2/b22_C] [plan iscas99__b22] [plan] step=492 node=N4340 type=observe q_typed_residual_context=1.202811 sequence=771.295189
[typed-five-r2/b22_C] [plan iscas99__b22] [plan] step=493 node=N3309 type=observe q_typed_residual_context=1.576038 sequence=772.871228
[typed-five-r2/b22_C] [plan iscas99__b22] [plan] step=494 node=N3744 type=observe q_typed_residual_context=1.203591 sequence=774.074819
[typed-five-r2/b22_C] [plan iscas99__b22] [plan] step=495 node=N6919 type=observe q_typed_residual_context=1.178041 sequence=775.252860
[typed-five-r2/b22_C] [plan iscas99__b22] [plan] step=496 node=N4334 type=observe q_typed_residual_context=1.135634 sequence=776.388494
[typed-five-r2/b22_C] [plan iscas99__b22] [plan] step=497 node=N3356 type=observe q_typed_residual_context=1.467790 sequence=777.856284
[typed-five-r2/b22_C] [plan iscas99__b22] [plan] step=498 node=N18425 type=observe q_typed_residual_context=1.187675 sequence=779.043958
[typed-five-r2/b22_C] [plan iscas99__b22] [plan] step=499 node=N6931 type=observe q_typed_residual_context=1.117946 sequence=780.161905
[typed-five-r2/b22_C] [plan iscas99__b22] [plan] step=500 node=N4415 type=observe q_typed_residual_context=1.109720 sequence=781.271625
[typed-five-r2/b22_C] [plan iscas99__b22] [plan] step=501 node=N18409 type=observe q_typed_residual_context=1.107809 sequence=782.379434
[typed-five-r2/b22_C] [plan iscas99__b22] [plan] step=502 node=N18408 type=observe q_typed_residual_context=1.082275 sequence=783.461709
[typed-five-r2/b22_C] [plan iscas99__b22] [plan] step=503 node=N4523 type=observe q_typed_residual_context=1.037348 sequence=784.499057
[typed-five-r2/b22_C] [plan iscas99__b22] [plan] step=504 node=N14354 type=observe q_typed_residual_context=0.995202 sequence=785.494259
[typed-five-r2/b22_C] [plan iscas99__b22] [plan] step=505 node=N3490 type=observe q_typed_residual_context=1.537043 sequence=787.031302
[typed-five-r2/b22_C] [plan iscas99__b22] [plan] step=506 node=N6937 type=observe q_typed_residual_context=1.123970 sequence=788.155272
[typed-five-r2/b22_C] [plan iscas99__b22] [plan] step=507 node=N4427 type=observe q_typed_residual_context=1.086039 sequence=789.241311
[typed-five-r2/b22_C] [plan iscas99__b22] [plan] step=508 node=N18400 type=observe q_typed_residual_context=1.097330 sequence=790.338640
[typed-five-r2/b22_C] [plan iscas99__b22] [plan] step=509 node=N18401 type=observe q_typed_residual_context=1.097444 sequence=791.436085
[typed-five-r2/b22_C] [plan iscas99__b22] [plan] step=510 node=N18399 type=observe q_typed_residual_context=1.079805 sequence=792.515890
[typed-five-r2/b22_C] [plan iscas99__b22] [plan] step=511 node=N18403 type=observe q_typed_residual_context=1.090822 sequence=793.606712
[typed-five-r2/b22_C] [plan iscas99__b22] [plan] step=512 node=N14347 type=observe q_typed_residual_context=0.991485 sequence=794.598197
[typed-five-r2/b22_C] [plan iscas99__b22] [plan] step=513 node=N6946 type=observe q_typed_residual_context=1.037845 sequence=795.636042
[typed-five-r2/b22_C] [plan iscas99__b22] [plan] step=514 node=N3463 type=observe q_typed_residual_context=1.462083 sequence=797.098126
[typed-five-r2/b22_C] [plan iscas99__b22] [plan] step=515 node=N4418 type=observe q_typed_residual_context=1.217538 sequence=798.315664
[typed-five-r2/b22_C] [plan iscas99__b22] [plan] step=516 node=N18413 type=observe q_typed_residual_context=1.084748 sequence=799.400411
[typed-five-r2/b22_C] [plan iscas99__b22] [plan] step=517 node=N18414 type=observe q_typed_residual_context=1.089414 sequence=800.489826
[typed-five-r2/b22_C] [plan iscas99__b22] [plan] step=518 node=N14358 type=observe q_typed_residual_context=1.010879 sequence=801.500705
[typed-five-r2/b22_C] [plan iscas99__b22] [plan] step=519 node=N4563 type=observe q_typed_residual_context=1.309498 sequence=802.810203
[typed-five-r2/b22_C] [plan iscas99__b22] [plan] step=520 node=N3526 type=observe q_typed_residual_context=1.626553 sequence=804.436756
[typed-five-r2/b22_C] [plan iscas99__b22] [plan] step=521 node=N6949 type=observe q_typed_residual_context=1.382486 sequence=805.819241
[typed-five-r2/b22_C] [plan iscas99__b22] [plan] step=522 node=N2551 type=observe q_typed_residual_context=1.184195 sequence=807.003436
[typed-five-r2/b22_C] [plan iscas99__b22] [plan] step=523 node=N3409 type=observe q_typed_residual_context=1.648563 sequence=808.651999
[typed-five-r2/b22_C] [plan iscas99__b22] [plan] step=524 node=N14433 type=observe q_typed_residual_context=1.273738 sequence=809.925736
[typed-five-r2/b22_C] [plan iscas99__b22] [plan] step=525 node=N14346 type=observe q_typed_residual_context=1.363410 sequence=811.289146
[typed-five-r2/b22_C] [plan iscas99__b22] [plan] step=526 node=N2741 type=observe q_typed_residual_context=1.738792 sequence=813.027938
[typed-five-r2/b22_C] [plan iscas99__b22] [plan] step=527 node=N3544 type=observe q_typed_residual_context=1.774850 sequence=814.802789
[typed-five-r2/b22_C] [plan iscas99__b22] [plan] step=528 node=N2589 type=observe q_typed_residual_context=1.148812 sequence=815.951600
[typed-five-r2/b22_C] [plan iscas99__b22] [plan] step=529 node=N3445 type=observe q_typed_residual_context=1.867859 sequence=817.819460
[typed-five-r2/b22_C] [plan iscas99__b22] [plan] step=530 node=N2836 type=observe q_typed_residual_context=1.324735 sequence=819.144194
[typed-five-r2/b22_C] [plan iscas99__b22] [plan] step=531 node=N14342 type=observe q_typed_residual_context=1.086813 sequence=820.231008
[typed-five-r2/b22_C] [plan iscas99__b22] [plan] step=532 node=N2305 type=observe q_typed_residual_context=1.898271 sequence=822.129278
[typed-five-r2/b22_C] [plan iscas99__b22] [plan] step=533 node=N4358 type=observe q_typed_residual_context=1.471909 sequence=823.601187
[typed-five-r2/b22_C] [plan iscas99__b22] [plan] step=534 node=N2320 type=observe q_typed_residual_context=2.004424 sequence=825.605611
[typed-five-r2/b22_C] [plan iscas99__b22] [plan] step=535 node=N2892 type=observe q_typed_residual_context=1.239964 sequence=826.845574
[typed-five-r2/b22_C] [plan iscas99__b22] [plan] step=536 node=N2302 type=observe q_typed_residual_context=1.181068 sequence=828.026642
[typed-five-r2/b22_C] [plan iscas99__b22] [plan] step=537 node=N2307 type=observe q_typed_residual_context=1.379550 sequence=829.406192
[typed-five-r2/b22_C] [plan iscas99__b22] [plan] step=538 node=N24126 type=control1 q_typed_residual_context=0.947892 sequence=830.354083
[typed-five-r2/b22_C] [plan iscas99__b22] [plan] step=539 node=N26398 type=control1 q_typed_residual_context=0.972536 sequence=831.326619
[typed-five-r2/b22_C] [plan iscas99__b22] [plan] step=540 node=N2798 type=observe q_typed_residual_context=1.835607 sequence=833.162226
[typed-five-r2/b22_C] [plan iscas99__b22] [plan] step=541 node=N2310 type=observe q_typed_residual_context=1.766896 sequence=834.929122
[typed-five-r2/b22_C] [plan iscas99__b22] [plan] step=542 node=N26397 type=control1 q_typed_residual_context=0.951574 sequence=835.880696
[typed-five-r2/b22_C] [plan iscas99__b22] [plan] step=543 node=N7591 type=control1 q_typed_residual_context=1.854425 sequence=837.735122
[typed-five-r2/b22_C] [plan iscas99__b22] [plan] step=544 node=N3936 type=control0 q_typed_residual_context=1.839212 sequence=839.574334
[typed-five-r2/b22_C] [plan iscas99__b22] [plan] step=545 node=N7611 type=control1 q_typed_residual_context=1.425547 sequence=840.999881
[typed-five-r2/b22_C] [plan iscas99__b22] [plan] step=546 node=N9804 type=control0 q_typed_residual_context=1.957442 sequence=842.957323
[typed-five-r2/b22_C] [plan iscas99__b22] [plan] step=547 node=N15394 type=control0 q_typed_residual_context=2.116447 sequence=845.073770
[typed-five-r2/b22_C] [plan iscas99__b22] [plan] step=548 node=N1184 type=control1 q_typed_residual_context=1.889909 sequence=846.963679
[typed-five-r2/b22_C] [plan iscas99__b22] [plan] step=549 node=N6856 type=control0 q_typed_residual_context=1.427789 sequence=848.391467
[typed-five-r2/b22_C] [plan iscas99__b22] [plan] step=550 node=N6668 type=control0 q_typed_residual_context=1.388052 sequence=849.779519
[typed-five-r2/b22_C] [plan iscas99__b22] [plan] step=551 node=N7610 type=control1 q_typed_residual_context=1.327650 sequence=851.107169
[typed-five-r2/b22_C] [plan iscas99__b22] [plan] step=552 node=N6721 type=control0 q_typed_residual_context=1.282402 sequence=852.389571
[typed-five-r2/b22_C] [plan iscas99__b22] [plan] step=553 node=N9795 type=control0 q_typed_residual_context=1.363904 sequence=853.753474
[typed-five-r2/b22_C] [plan iscas99__b22] [plan] step=554 node=N24210 type=control0 q_typed_residual_context=1.367873 sequence=855.121347
[typed-five-r2/b22_C] [plan iscas99__b22] [plan] step=555 node=N7597 type=control1 q_typed_residual_context=2.025793 sequence=857.147140
[typed-five-r2/b22_C] [plan iscas99__b22] [plan] step=556 node=N9608 type=control0 q_typed_residual_context=1.465150 sequence=858.612290
[typed-five-r2/b22_C] [plan iscas99__b22] [plan] step=557 node=N9581 type=control0 q_typed_residual_context=1.498005 sequence=860.110295
[typed-five-r2/b22_C] [plan iscas99__b22] [plan] step=558 node=N14359 type=observe q_typed_residual_context=1.290227 sequence=861.400521
[typed-five-r2/b22_C] [plan iscas99__b22] [plan] step=559 node=N2032 type=control0 q_typed_residual_context=0.874133 sequence=862.274655
[typed-five-r2/b22_C] [plan iscas99__b22] [plan] step=560 node=N9714 type=control0 q_typed_residual_context=1.336430 sequence=863.611085
[typed-five-r2/b22_C] [plan iscas99__b22] [plan] step=561 node=N6811 type=control0 q_typed_residual_context=1.403163 sequence=865.014248
[typed-five-r2/b22_C] [plan iscas99__b22] [plan] step=562 node=N2317 type=observe q_typed_residual_context=1.574911 sequence=866.589159
[typed-five-r2/b22_C] [plan iscas99__b22] [plan] step=563 node=N9759 type=control0 q_typed_residual_context=1.470512 sequence=868.059672
[typed-five-r2/b22_C] [plan iscas99__b22] [plan] step=564 node=N6766 type=control0 q_typed_residual_context=1.395866 sequence=869.455537
[typed-five-r2/b22_C] [plan iscas99__b22] [plan] step=565 node=N9696 type=control0 q_typed_residual_context=1.662044 sequence=871.117581
[typed-five-r2/b22_C] [plan iscas99__b22] [plan] step=566 node=N9626 type=control0 q_typed_residual_context=1.599940 sequence=872.717521
[typed-five-r2/b22_C] [plan iscas99__b22] [plan] step=567 node=N9678 type=control0 q_typed_residual_context=1.634582 sequence=874.352103
[typed-five-r2/b22_C] [plan iscas99__b22] [plan] step=568 node=N9813 type=control0 q_typed_residual_context=1.682614 sequence=876.034717
[typed-five-r2/b22_C] [plan iscas99__b22] [plan] step=569 node=N1172 type=control0 q_typed_residual_context=0.861295 sequence=876.896011
[typed-five-r2/b22_C] [plan iscas99__b22] [plan] step=570 node=N2109 type=observe q_typed_residual_context=0.740576 sequence=877.636587
[typed-five-r2/b22_C] [plan iscas99__b22] [plan] step=571 node=N2322 type=observe q_typed_residual_context=0.735365 sequence=878.371952
[typed-five-r2/b22_C] [plan iscas99__b22] [plan] step=572 node=N2325 type=observe q_typed_residual_context=0.834273 sequence=879.206225
[typed-five-r2/b22_C] [plan iscas99__b22] [plan] step=573 node=N18549 type=observe q_typed_residual_context=1.114052 sequence=880.320278
[typed-five-r2/b22_C] [plan iscas99__b22] [plan] step=574 node=N18545 type=observe q_typed_residual_context=1.289884 sequence=881.610161
[typed-five-r2/b22_C] [plan iscas99__b22] [plan] step=575 node=N6784 type=control0 q_typed_residual_context=0.687363 sequence=882.297524
[typed-five-r2/b22_C] [plan iscas99__b22] [plan] step=576 node=N21714 type=control0 q_typed_residual_context=1.993454 sequence=884.290978
[typed-five-r2/b22_C] [plan iscas99__b22] [plan] step=577 node=N6641 type=control0 q_typed_residual_context=1.801327 sequence=886.092305
[typed-five-r2/b22_C] [plan iscas99__b22] [plan] step=578 node=N18528 type=observe q_typed_residual_context=1.191778 sequence=887.284083
[typed-five-r2/b22_C] [plan iscas99__b22] [plan] step=579 node=N15295 type=control0 q_typed_residual_context=1.093895 sequence=888.377978
[typed-five-r2/b22_C] [plan iscas99__b22] [plan] step=580 node=N3299 type=observe q_typed_residual_context=1.086422 sequence=889.464400
[typed-five-r2/b22_C] [plan iscas99__b22] [plan] step=581 node=N18546 type=observe q_typed_residual_context=1.267139 sequence=890.731539
[typed-five-r2/b22_C] [plan iscas99__b22] [plan] step=582 node=N14383 type=observe q_typed_residual_context=1.086467 sequence=891.818006
[typed-five-r2/b22_C] [plan iscas99__b22] [plan] step=583 node=N18512 type=observe q_typed_residual_context=1.070439 sequence=892.888445
[typed-five-r2/b22_C] [plan iscas99__b22] [plan] step=584 node=N23994 type=control1 q_typed_residual_context=0.878419 sequence=893.766863
[typed-five-r2/b22_C] [plan iscas99__b22] [plan] step=585 node=N7592 type=control1 q_typed_residual_context=1.985038 sequence=895.751901
[typed-five-r2/b22_C] [plan iscas99__b22] [plan] step=586 node=N28154 type=control1 q_typed_residual_context=1.553275 sequence=897.305176
[typed-five-r2/b22_C] [plan iscas99__b22] [plan] step=587 node=N21483 type=control1 q_typed_residual_context=1.485287 sequence=898.790463
[typed-five-r2/b22_C] [plan iscas99__b22] [plan] step=588 node=N21461 type=control1 q_typed_residual_context=1.562917 sequence=900.353380
[typed-five-r2/b22_C] [plan iscas99__b22] [plan] step=589 node=N6730 type=control0 q_typed_residual_context=0.854888 sequence=901.208268
[typed-five-r2/b22_C] [plan iscas99__b22] [plan] step=590 node=N9768 type=control0 q_typed_residual_context=0.790606 sequence=901.998874
[typed-five-r2/b22_C] [plan iscas99__b22] [plan] step=591 node=N12321 type=control0 q_typed_residual_context=0.798922 sequence=902.797797
[typed-five-r2/b22_C] [plan iscas99__b22] [plan] step=592 node=N9750 type=control0 q_typed_residual_context=0.830277 sequence=903.628073
[typed-five-r2/b22_C] [plan iscas99__b22] [plan] step=593 node=N9617 type=control0 q_typed_residual_context=0.833058 sequence=904.461132
[typed-five-r2/b22_C] [plan iscas99__b22] [plan] step=594 node=N9635 type=control0 q_typed_residual_context=0.823498 sequence=905.284630
[typed-five-r2/b22_C] [plan iscas99__b22] [plan] step=595 node=N6703 type=control0 q_typed_residual_context=0.819185 sequence=906.103815
[typed-five-r2/b22_C] [plan iscas99__b22] [plan] step=596 node=N9599 type=control0 q_typed_residual_context=2.201674 sequence=908.305490
[typed-five-r2/b22_C] [plan iscas99__b22] [plan] step=597 node=N2108 type=observe q_typed_residual_context=2.127877 sequence=910.433367
[typed-five-r2/b22_C] [plan iscas99__b22] [plan] step=598 node=N18527 type=observe q_typed_residual_context=1.832285 sequence=912.265652
[typed-five-r2/b22_C] [plan iscas99__b22] [plan] step=599 node=N21485 type=control1 q_typed_residual_context=1.424073 sequence=913.689725
[typed-five-r2/b22_C] [plan iscas99__b22] [plan] step=600 node=N6623 type=control0 q_typed_residual_context=0.787940 sequence=914.477664
[typed-five-r2/b22_C] [plan iscas99__b22] [plan] step=601 node=N9741 type=control0 q_typed_residual_context=1.567599 sequence=916.045264
[typed-five-r2/b22_C] [plan iscas99__b22] [plan] step=602 node=N15563 type=control0 q_typed_residual_context=0.731863 sequence=916.777126
[typed-five-r2/b22_C] [plan iscas99__b22] [plan] step=603 node=N9705 type=control0 q_typed_residual_context=0.743695 sequence=917.520821
[typed-five-r2/b22_C] [plan iscas99__b22] [plan] step=604 node=N9660 type=control0 q_typed_residual_context=1.449826 sequence=918.970647
[typed-five-r2/b22_C] [plan iscas99__b22] [plan] step=605 node=N9590 type=control0 q_typed_residual_context=1.832321 sequence=920.802968
[typed-five-r2/b22_C] [plan iscas99__b22] [plan] step=606 node=N18508 type=observe q_typed_residual_context=0.900337 sequence=921.703304
[typed-five-r2/b22_C] [plan iscas99__b22] [plan] step=607 node=N18543 type=observe q_typed_residual_context=0.919618 sequence=922.622922
[typed-five-r2/b22_C] [plan iscas99__b22] [plan] step=608 node=N26494 type=control0 q_typed_residual_context=0.721601 sequence=923.344523
[typed-five-r2/b22_C] [plan iscas99__b22] [plan] step=609 node=N9723 type=control0 q_typed_residual_context=0.729991 sequence=924.074513
[typed-five-r2/b22_C] [plan iscas99__b22] [plan] step=610 node=N9559 type=control0 q_typed_residual_context=1.488824 sequence=925.563337
[typed-five-r2/b22_C] [plan iscas99__b22] [plan] step=611 node=N9651 type=control0 q_typed_residual_context=1.836323 sequence=927.399660
[typed-five-r2/b22_C] [plan iscas99__b22] [plan] step=612 node=N6775 type=control0 q_typed_residual_context=1.492962 sequence=928.892622
[typed-five-r2/b22_C] [plan iscas99__b22] [plan] step=613 node=N9777 type=control0 q_typed_residual_context=1.528476 sequence=930.421098
[typed-five-r2/b22_C] [plan iscas99__b22] [plan] step=614 node=N9687 type=control0 q_typed_residual_context=1.724705 sequence=932.145803
[typed-five-r2/b22_C] [plan iscas99__b22] [plan] step=615 node=N3387 type=control0 q_typed_residual_context=1.813496 sequence=933.959299
[typed-five-r2/b22_C] [plan iscas99__b22] [plan] step=616 node=N18499 type=observe q_typed_residual_context=0.896677 sequence=934.855976
[typed-five-r2/b22_C] [plan iscas99__b22] [plan] step=617 node=N18465 type=observe q_typed_residual_context=1.466274 sequence=936.322249
[typed-five-r2/b22_C] [plan iscas99__b22] [plan] step=618 node=N3382 type=observe q_typed_residual_context=1.474128 sequence=937.796377
[typed-five-r2/b22_C] [plan iscas99__b22] [plan] step=619 node=N28772 type=control1 q_typed_residual_context=1.375588 sequence=939.171966
[typed-five-r2/b22_C] [plan iscas99__b22] [plan] step=620 node=N18542 type=observe q_typed_residual_context=1.001891 sequence=940.173857
[typed-five-r2/b22_C] [plan iscas99__b22] [plan] step=621 node=N18547 type=observe q_typed_residual_context=1.202719 sequence=941.376576
[typed-five-r2/b22_C] [plan iscas99__b22] [plan] step=622 node=N9669 type=control0 q_typed_residual_context=0.706449 sequence=942.083025
[typed-five-r2/b22_C] [plan iscas99__b22] [plan] step=623 node=N12323 type=control0 q_typed_residual_context=0.720176 sequence=942.803200
[typed-five-r2/b22_C] [plan iscas99__b22] [plan] step=624 node=N18575 type=control0 q_typed_residual_context=0.738484 sequence=943.541684
[typed-five-r2/b22_C] [plan iscas99__b22] [plan] step=625 node=N21723 type=control0 q_typed_residual_context=0.743420 sequence=944.285104
[typed-five-r2/b22_C] [plan iscas99__b22] [plan] step=626 node=N15347 type=control0 q_typed_residual_context=0.767782 sequence=945.052886
[typed-five-r2/b22_C] [plan iscas99__b22] [plan] step=627 node=N9786 type=control0 q_typed_residual_context=0.773305 sequence=945.826191
[typed-five-r2/b22_C] [plan iscas99__b22] [plan] step=628 node=N26466 type=control0 q_typed_residual_context=0.769656 sequence=946.595847
[typed-five-r2/b22_C] [plan iscas99__b22] [plan] step=629 node=N25481 type=control1 q_typed_residual_context=1.545572 sequence=948.141418
[typed-five-r2/b22_C] [plan iscas99__b22] [plan] step=630 node=N24454 type=control1 q_typed_residual_context=1.643205 sequence=949.784623
[typed-five-r2/b22_C] [plan iscas99__b22] [plan] step=631 node=N25961 type=control1 q_typed_residual_context=1.725368 sequence=951.509991
[typed-five-r2/b22_C] [plan iscas99__b22] [plan] step=632 node=N4459 type=control1 q_typed_residual_context=1.977670 sequence=953.487661
[typed-five-r2/b22_C] [plan iscas99__b22] [plan] step=633 node=N1185 type=control1 q_typed_residual_context=1.967026 sequence=955.454687
[typed-five-r2/b22_C] [plan iscas99__b22] [plan] step=634 node=N12892 type=control0 q_typed_residual_context=0.909957 sequence=956.364645
[typed-five-r2/b22_C] [plan iscas99__b22] [plan] step=635 node=N15571 type=control0 q_typed_residual_context=1.255046 sequence=957.619691
[typed-five-r2/b22_C] [plan iscas99__b22] [plan] step=636 node=N15280 type=control0 q_typed_residual_context=0.873564 sequence=958.493255
[typed-five-r2/b22_C] [plan iscas99__b22] [plan] step=637 node=N14511 type=control0 q_typed_residual_context=0.954988 sequence=959.448243
[typed-five-r2/b22_C] [plan iscas99__b22] [plan] step=638 node=N12325 type=control0 q_typed_residual_context=0.956748 sequence=960.404991
[typed-five-r2/b22_C] [plan iscas99__b22] [plan] step=639 node=N15343 type=control0 q_typed_residual_context=1.270634 sequence=961.675625
[typed-five-r2/b22_C] [plan iscas99__b22] [plan] step=640 node=N14419 type=observe q_typed_residual_context=1.044743 sequence=962.720368
[typed-five-r2/b22_C] [plan iscas99__b22] [plan] step=641 node=N18484 type=observe q_typed_residual_context=0.956148 sequence=963.676516
[typed-five-r2/b22_C] [plan iscas99__b22] [plan] step=642 node=N3920 type=observe q_typed_residual_context=1.544608 sequence=965.221124
[typed-five-r2/b22_C] [plan iscas99__b22] [plan] step=643 node=N26409 type=control1 q_typed_residual_context=0.972370 sequence=966.193494
[typed-five-r2/b22_C] [plan iscas99__b22] [plan] step=644 node=N18486 type=observe q_typed_residual_context=1.088444 sequence=967.281938
[typed-five-r2/b22_C] [plan iscas99__b22] [plan] step=645 node=N26403 type=control1 q_typed_residual_context=1.024892 sequence=968.306830
[typed-five-r2/b22_C] [plan iscas99__b22] [plan] step=646 node=N4462 type=control1 q_typed_residual_context=1.484696 sequence=969.791526
[typed-five-r2/b22_C] [plan iscas99__b22] [plan] step=647 node=N12989 type=control1 q_typed_residual_context=0.848414 sequence=970.639940
[typed-five-r2/b22_C] [plan iscas99__b22] [plan] step=648 node=N21463 type=control1 q_typed_residual_context=1.295446 sequence=971.935386
[typed-five-r2/b22_C] [plan iscas99__b22] [plan] step=649 node=N4831 type=observe q_typed_residual_context=0.931801 sequence=972.867187
[typed-five-r2/b22_C] [plan iscas99__b22] [plan] step=650 node=N15200 type=control1 q_typed_residual_context=1.400272 sequence=974.267459
[typed-five-r2/b22_C] [plan iscas99__b22] [plan] step=651 node=N18490 type=observe q_typed_residual_context=0.711886 sequence=974.979346
[typed-five-r2/b22_C] [plan iscas99__b22] [plan] step=652 node=N3283 type=observe q_typed_residual_context=1.201745 sequence=976.181090
[typed-five-r2/b22_C] [plan iscas99__b22] [plan] step=653 node=N18426 type=observe q_typed_residual_context=1.144399 sequence=977.325489
[typed-five-r2/b22_C] [plan iscas99__b22] [plan] step=654 node=N18559 type=observe q_typed_residual_context=1.435153 sequence=978.760642
[typed-five-r2/b22_C] [plan iscas99__b22] [plan] step=655 node=N15282 type=control1 q_typed_residual_context=0.750576 sequence=979.511218
[typed-five-r2/b22_C] [plan iscas99__b22] [plan] step=656 node=N7593 type=control1 q_typed_residual_context=1.393990 sequence=980.905208
[typed-five-r2/b22_C] [plan iscas99__b22] [plan] step=657 node=N1189 type=control1 q_typed_residual_context=1.530718 sequence=982.435926
[typed-five-r2/b22_C] [plan iscas99__b22] [plan] step=658 node=N14413 type=observe q_typed_residual_context=0.715791 sequence=983.151717
[typed-five-r2/b22_C] [plan iscas99__b22] [plan] step=659 node=N15296 type=control1 q_typed_residual_context=0.779804 sequence=983.931520
[typed-five-r2/b22_C] [plan iscas99__b22] [plan] step=660 node=N6686 type=control0 q_typed_residual_context=1.395010 sequence=985.326530
[typed-five-r2/b22_C] [plan iscas99__b22] [plan] step=661 node=N21866 type=control0 q_typed_residual_context=0.827892 sequence=986.154422
[typed-five-r2/b22_C] [plan iscas99__b22] [plan] step=662 node=N9732 type=control0 q_typed_residual_context=1.417523 sequence=987.571946
[typed-five-r2/b22_C] [plan iscas99__b22] [plan] step=663 node=N21715 type=control0 q_typed_residual_context=1.594285 sequence=989.166231
[typed-five-r2/b22_C] [plan iscas99__b22] [plan] step=664 node=N21709 type=control0 q_typed_residual_context=1.702288 sequence=990.868519
[typed-five-r2/b22_C] [plan iscas99__b22] [plan] step=665 node=N15001 type=control1 q_typed_residual_context=0.934227 sequence=991.802747
[typed-five-r2/b22_C] [plan iscas99__b22] [plan] step=666 node=N18455 type=observe q_typed_residual_context=0.719615 sequence=992.522362
[typed-five-r2/b22_C] [plan iscas99__b22] [plan] step=667 node=N18475 type=observe q_typed_residual_context=0.693873 sequence=993.216235
[typed-five-r2/b22_C] [plan iscas99__b22] [plan] step=668 node=N18457 type=observe q_typed_residual_context=0.650675 sequence=993.866910
[typed-five-r2/b22_C] [plan iscas99__b22] [plan] step=669 node=N4479 type=observe q_typed_residual_context=1.387742 sequence=995.254651
[typed-five-r2/b22_C] [plan iscas99__b22] [plan] step=670 node=N1191 type=observe q_typed_residual_context=1.029601 sequence=996.284252
[typed-five-r2/b22_C] [plan iscas99__b22] [plan] step=671 node=N15268 type=control1 q_typed_residual_context=0.710683 sequence=996.994935
[typed-five-r2/b22_C] [plan iscas99__b22] [plan] step=672 node=N12319 type=control0 q_typed_residual_context=0.774534 sequence=997.769469
[typed-five-r2/b22_C] [plan iscas99__b22] [plan] step=673 node=N15510 type=control0 q_typed_residual_context=1.741945 sequence=999.511415
[typed-five-r2/b22_C] [plan iscas99__b22] [plan] step=674 node=N21763 type=control0 q_typed_residual_context=1.877102 sequence=1001.388517
[typed-five-r2/b22_C] [plan iscas99__b22] [plan] step=675 node=N21933 type=control0 q_typed_residual_context=1.911273 sequence=1003.299790
[typed-five-r2/b22_C] [plan iscas99__b22] [plan] step=676 node=N2046 type=observe q_typed_residual_context=0.749410 sequence=1004.049200
[typed-five-r2/b22_C] [plan iscas99__b22] [plan] step=677 node=N7054 type=observe q_typed_residual_context=1.185661 sequence=1005.234861
[typed-five-r2/b22_C] [plan iscas99__b22] [plan] step=678 node=N2045 type=observe q_typed_residual_context=0.716189 sequence=1005.951049
[typed-five-r2/b22_C] [plan iscas99__b22] [plan] step=679 node=N5253 type=observe q_typed_residual_context=1.224657 sequence=1007.175706
[typed-five-r2/b22_C] [plan iscas99__b22] [plan] step=680 node=N18511 type=observe q_typed_residual_context=0.725889 sequence=1007.901596
[typed-five-r2/b22_C] [plan iscas99__b22] [plan] step=681 node=N5295 type=observe q_typed_residual_context=0.686906 sequence=1008.588502
[typed-five-r2/b22_C] [plan iscas99__b22] [plan] step=682 node=N1195 type=observe q_typed_residual_context=1.169405 sequence=1009.757906
[typed-five-r2/b22_C] [plan iscas99__b22] [plan] step=683 node=N5294 type=observe q_typed_residual_context=0.700369 sequence=1010.458275
[typed-five-r2/b22_C] [plan iscas99__b22] [plan] step=684 node=N18500 type=observe q_typed_residual_context=0.707039 sequence=1011.165314
[typed-five-r2/b22_C] [plan iscas99__b22] [plan] step=685 node=N14384 type=observe q_typed_residual_context=1.266377 sequence=1012.431691
[typed-five-r2/b22_C] [plan iscas99__b22] [plan] step=686 node=N14385 type=observe q_typed_residual_context=1.080837 sequence=1013.512528
[typed-five-r2/b22_C] [plan iscas99__b22] [plan] step=687 node=N14388 type=observe q_typed_residual_context=1.113299 sequence=1014.625827
[typed-five-r2/b22_C] [plan iscas99__b22] [plan] step=688 node=N1193 type=observe q_typed_residual_context=0.952956 sequence=1015.578783
[typed-five-r2/b22_C] [plan iscas99__b22] [plan] step=689 node=N14411 type=observe q_typed_residual_context=0.713982 sequence=1016.292765
[typed-five-r2/b22_C] [plan iscas99__b22] [plan] step=690 node=N5365 type=observe q_typed_residual_context=1.030892 sequence=1017.323657
[typed-five-r2/b22_C] [plan iscas99__b22] [plan] step=691 node=N15115 type=observe q_typed_residual_context=1.185381 sequence=1018.509038
[typed-five-r2/b22_C] [plan iscas99__b22] [plan] step=692 node=N7489 type=observe q_typed_residual_context=0.915014 sequence=1019.424052
[typed-five-r2/b22_C] [plan iscas99__b22] [plan] step=693 node=N7573 type=observe q_typed_residual_context=0.961362 sequence=1020.385415
[typed-five-r2/b22_C] [plan iscas99__b22] [plan] step=694 node=N7513 type=observe q_typed_residual_context=0.979690 sequence=1021.365104
[typed-five-r2/b22_C] [plan iscas99__b22] [plan] step=695 node=N3876 type=observe q_typed_residual_context=1.009951 sequence=1022.375056
[typed-five-r2/b22_C] [plan iscas99__b22] [plan] step=696 node=N3796 type=observe q_typed_residual_context=0.987899 sequence=1023.362955
[typed-five-r2/b22_C] [plan iscas99__b22] [plan] step=697 node=N3817 type=observe q_typed_residual_context=0.986734 sequence=1024.349689
[typed-five-r2/b22_C] [plan iscas99__b22] [plan] step=698 node=N3879 type=observe q_typed_residual_context=0.907181 sequence=1025.256870
[typed-five-r2/b22_C] [plan iscas99__b22] [plan] step=699 node=N3883 type=observe q_typed_residual_context=1.250038 sequence=1026.506907
[typed-five-r2/b22_C] [plan iscas99__b22] [plan] step=700 node=N14386 type=observe q_typed_residual_context=0.974177 sequence=1027.481085
[typed-five-r2/b22_C] [plan iscas99__b22] [plan] step=701 node=N18416 type=observe q_typed_residual_context=0.979742 sequence=1028.460827
[typed-five-r2/b22_C] [plan iscas99__b22] [plan] step=702 node=N3887 type=observe q_typed_residual_context=1.285668 sequence=1029.746495
[typed-five-r2/b22_C] [plan iscas99__b22] [plan] step=703 node=N3891 type=observe q_typed_residual_context=1.300947 sequence=1031.047442
[typed-five-r2/b22_C] [plan iscas99__b22] [plan] step=704 node=N3895 type=observe q_typed_residual_context=1.305634 sequence=1032.353076
[typed-five-r2/b22_C] [plan iscas99__b22] [plan] step=705 node=N3899 type=observe q_typed_residual_context=1.258905 sequence=1033.611981
[typed-five-r2/b22_C] [plan iscas99__b22] [plan] step=706 node=N3913 type=observe q_typed_residual_context=0.987279 sequence=1034.599260
[typed-five-r2/b22_C] [plan iscas99__b22] [plan] step=707 node=N5540 type=observe q_typed_residual_context=0.893414 sequence=1035.492675
[typed-five-r2/b22_C] [plan iscas99__b22] [plan] step=708 node=N5564 type=observe q_typed_residual_context=0.939211 sequence=1036.431886
[typed-five-r2/b22_C] [plan iscas99__b22] [plan] step=709 node=N5583 type=observe q_typed_residual_context=0.946548 sequence=1037.378433
[typed-five-r2/b22_C] [plan iscas99__b22] [plan] step=710 node=N5621 type=observe q_typed_residual_context=0.951433 sequence=1038.329867
[typed-five-r2/b22_C] [plan iscas99__b22] [plan] step=711 node=N5640 type=observe q_typed_residual_context=0.950967 sequence=1039.280834
[typed-five-r2/b22_C] [plan iscas99__b22] [plan] step=712 node=N5659 type=observe q_typed_residual_context=0.970821 sequence=1040.251656
[typed-five-r2/b22_C] [plan iscas99__b22] [plan] step=713 node=N5678 type=observe q_typed_residual_context=0.978370 sequence=1041.230026
[typed-five-r2/b22_C] [plan iscas99__b22] [plan] step=714 node=N5697 type=observe q_typed_residual_context=0.988303 sequence=1042.218329
[typed-five-r2/b22_C] [plan iscas99__b22] [plan] step=715 node=N5716 type=observe q_typed_residual_context=0.989264 sequence=1043.207593
[typed-five-r2/b22_C] [plan iscas99__b22] [plan] step=716 node=N18454 type=observe q_typed_residual_context=0.740599 sequence=1043.948192
[typed-five-r2/b22_C] [plan iscas99__b22] [plan] step=717 node=N5735 type=observe q_typed_residual_context=0.986217 sequence=1044.934409
[typed-five-r2/b22_C] [plan iscas99__b22] [plan] step=718 node=N5754 type=observe q_typed_residual_context=0.982190 sequence=1045.916600
[typed-five-r2/b22_C] [plan iscas99__b22] [plan] step=719 node=N5811 type=observe q_typed_residual_context=0.987605 sequence=1046.904205
[typed-five-r2/b22_C] [plan iscas99__b22] [plan] step=720 node=N26330 type=control0 q_typed_residual_context=0.966301 sequence=1047.870505
[typed-five-r2/b22_C] [plan iscas99__b22] [plan] step=721 node=N5887 type=observe q_typed_residual_context=1.011069 sequence=1048.881574
[typed-five-r2/b22_C] [plan iscas99__b22] [plan] step=722 node=N21940 type=control0 q_typed_residual_context=1.418113 sequence=1050.299687
[typed-five-r2/b22_C] [plan iscas99__b22] [plan] step=723 node=N7138 type=observe q_typed_residual_context=0.932576 sequence=1051.232262
[typed-five-r2/b22_C] [plan iscas99__b22] [plan] step=724 node=N24317 type=control1 q_typed_residual_context=1.344091 sequence=1052.576354
[typed-five-r2/b22_C] [plan iscas99__b22] [plan] step=725 node=N7152 type=observe q_typed_residual_context=0.963277 sequence=1053.539631
[typed-five-r2/b22_C] [plan iscas99__b22] [plan] step=726 node=N18510 type=observe q_typed_residual_context=0.743272 sequence=1054.282903
[typed-five-r2/b22_C] [plan iscas99__b22] [plan] step=727 node=N7250 type=observe q_typed_residual_context=0.993459 sequence=1055.276362
[typed-five-r2/b22_C] [plan iscas99__b22] [plan] step=728 node=N18503 type=observe q_typed_residual_context=0.738720 sequence=1056.015082
[typed-five-r2/b22_C] [plan iscas99__b22] [plan] step=729 node=N14438 type=observe q_typed_residual_context=1.012146 sequence=1057.027227
[typed-five-r2/b22_C] [plan iscas99__b22] [plan] step=730 node=N3800 type=observe q_typed_residual_context=0.996488 sequence=1058.023715
[typed-five-r2/b22_C] [plan iscas99__b22] [plan] step=731 node=N6122 type=observe q_typed_residual_context=1.166280 sequence=1059.189995
[typed-five-r2/b22_C] [plan iscas99__b22] [plan] step=732 node=N3809 type=observe q_typed_residual_context=1.018302 sequence=1060.208296
[typed-five-r2/b22_C] [plan iscas99__b22] [plan] step=733 node=N3813 type=observe q_typed_residual_context=1.001932 sequence=1061.210229
[typed-five-r2/b22_C] [plan iscas99__b22] [plan] step=734 node=N18481 type=observe q_typed_residual_context=0.716684 sequence=1061.926913
[typed-five-r2/b22_C] [plan iscas99__b22] [plan] step=735 node=N3864 type=observe q_typed_residual_context=0.936177 sequence=1062.863089
[typed-five-r2/b22_C] [plan iscas99__b22] [plan] step=736 node=N3868 type=observe q_typed_residual_context=0.928411 sequence=1063.791500
[typed-five-r2/b22_C] [plan iscas99__b22] [plan] step=737 node=N14473 type=observe q_typed_residual_context=1.176027 sequence=1064.967527
[typed-five-r2/b22_C] [plan iscas99__b22] [plan] step=738 node=N18529 type=observe q_typed_residual_context=0.980652 sequence=1065.948179
[typed-five-r2/b22_C] [plan iscas99__b22] [plan] step=739 node=N4552 type=observe q_typed_residual_context=1.144192 sequence=1067.092371
[typed-five-r2/b22_C] [plan iscas99__b22] [plan] step=740 node=N18583 type=observe q_typed_residual_context=0.873693 sequence=1067.966064
[typed-five-r2/b22_C] [plan iscas99__b22] [plan] step=741 node=N18555 type=observe q_typed_residual_context=1.077039 sequence=1069.043102
[typed-five-r2/b22_C] [plan iscas99__b22] [plan] step=742 node=N18526 type=observe q_typed_residual_context=0.905961 sequence=1069.949063
[typed-five-r2/b22_C] [plan iscas99__b22] [plan] step=743 node=N18551 type=observe q_typed_residual_context=0.907423 sequence=1070.856486
[typed-five-r2/b22_C] [plan iscas99__b22] [plan] step=744 node=N18544 type=observe q_typed_residual_context=1.014321 sequence=1071.870808
[typed-five-r2/b22_C] [plan iscas99__b22] [plan] step=745 node=N18548 type=observe q_typed_residual_context=0.871222 sequence=1072.742030
[typed-five-r2/b22_C] [plan iscas99__b22] [plan] step=746 node=N15456 type=observe q_typed_residual_context=0.828287 sequence=1073.570317
[typed-five-r2/b22_C] [plan iscas99__b22] [plan] step=747 node=N18506 type=observe q_typed_residual_context=0.684822 sequence=1074.255139
[typed-five-r2/b22_C] [plan iscas99__b22] [plan] step=748 node=N18479 type=observe q_typed_residual_context=0.796315 sequence=1075.051454
[typed-five-r2/b22_C] [plan iscas99__b22] [plan] step=749 node=N14491 type=observe q_typed_residual_context=1.144930 sequence=1076.196384
[typed-five-r2/b22_C] [plan iscas99__b22] [plan] step=750 node=N18497 type=observe q_typed_residual_context=0.694830 sequence=1076.891215
[typed-five-r2/b22_C] [plan iscas99__b22] [plan] step=751 node=N7519 type=observe q_typed_residual_context=0.931521 sequence=1077.822736
[typed-five-r2/b22_C] [plan iscas99__b22] [plan] step=752 node=N18520 type=observe q_typed_residual_context=0.679657 sequence=1078.502394
[typed-five-r2/b22_C] [plan iscas99__b22] [plan] step=753 node=N7525 type=observe q_typed_residual_context=0.934764 sequence=1079.437158
[typed-five-r2/b22_C] [plan iscas99__b22] [plan] step=754 node=N18482 type=observe q_typed_residual_context=0.662185 sequence=1080.099343
[typed-five-r2/b22_C] [plan iscas99__b22] [plan] step=755 node=N7534 type=observe q_typed_residual_context=0.961356 sequence=1081.060699
[typed-five-r2/b22_C] [plan iscas99__b22] [plan] step=756 node=N7540 type=observe q_typed_residual_context=0.945600 sequence=1082.006298
[typed-five-r2/b22_C] [plan iscas99__b22] [plan] step=757 node=N7543 type=observe q_typed_residual_context=0.956199 sequence=1082.962498
[typed-five-r2/b22_C] [plan iscas99__b22] [plan] step=758 node=N2098 type=observe q_typed_residual_context=1.061936 sequence=1084.024434
[typed-five-r2/b22_C] [plan iscas99__b22] [plan] step=759 node=N7549 type=observe q_typed_residual_context=0.910262 sequence=1084.934696
[typed-five-r2/b22_C] [plan iscas99__b22] [plan] step=760 node=N2099 type=observe q_typed_residual_context=1.061485 sequence=1085.996181
[typed-five-r2/b22_C] [plan iscas99__b22] [plan] step=761 node=N7555 type=observe q_typed_residual_context=0.899876 sequence=1086.896056
[typed-five-r2/b22_C] [plan iscas99__b22] [plan] step=762 node=N15377 type=observe q_typed_residual_context=0.924605 sequence=1087.820661
[typed-five-r2/b22_C] [plan iscas99__b22] [plan] step=763 node=N7564 type=observe q_typed_residual_context=0.940071 sequence=1088.760732
[typed-five-r2/b22_C] [plan iscas99__b22] [plan] step=764 node=N7567 type=observe q_typed_residual_context=0.954711 sequence=1089.715443
[typed-five-r2/b22_C] [plan iscas99__b22] [plan] step=765 node=N1271 type=observe q_typed_residual_context=0.931454 sequence=1090.646897
[typed-five-r2/b22_C] [plan iscas99__b22] [plan] step=766 node=N5291 type=observe q_typed_residual_context=0.710802 sequence=1091.357699
[typed-five-r2/b22_C] [plan iscas99__b22] [plan] step=767 node=N14501 type=observe q_typed_residual_context=0.961716 sequence=1092.319415
[typed-five-r2/b22_C] [plan iscas99__b22] [plan] step=768 node=N2096 type=observe q_typed_residual_context=0.716587 sequence=1093.036002
[typed-five-r2/b22_C] [plan iscas99__b22] [plan] step=769 node=N4468 type=observe q_typed_residual_context=0.820128 sequence=1093.856130
[typed-five-r2/b22_C] [plan iscas99__b22] [plan] step=770 node=N4464 type=observe q_typed_residual_context=0.857902 sequence=1094.714032
[typed-five-r2/b22_C] [plan iscas99__b22] [plan] step=771 node=N15060 type=observe q_typed_residual_context=1.221748 sequence=1095.935780
[typed-five-r2/b22_C] [plan iscas99__b22] [plan] step=772 node=N15070 type=observe q_typed_residual_context=0.866477 sequence=1096.802256
[typed-five-r2/b22_C] [plan iscas99__b22] [plan] step=773 node=N15074 type=observe q_typed_residual_context=1.265734 sequence=1098.067990
[typed-five-r2/b22_C] [plan iscas99__b22] [plan] step=774 node=N15073 type=observe q_typed_residual_context=1.291241 sequence=1099.359231
[typed-five-r2/b22_C] [plan iscas99__b22] [plan] step=775 node=N18461 type=observe q_typed_residual_context=0.707974 sequence=1100.067206
[typed-five-r2/b22_C] [plan iscas99__b22] [plan] step=776 node=N15051 type=observe q_typed_residual_context=1.424319 sequence=1101.491525
[typed-five-r2/b22_C] [plan iscas99__b22] [plan] step=777 node=N2095 type=observe q_typed_residual_context=0.712843 sequence=1102.204368
[typed-five-r2/b22_C] [plan iscas99__b22] [plan] step=778 node=N15058 type=observe q_typed_residual_context=1.473203 sequence=1103.677571
[typed-five-r2/b22_C] [plan iscas99__b22] [plan] step=779 node=N18472 type=observe q_typed_residual_context=0.704693 sequence=1104.382264
[typed-five-r2/b22_C] [plan iscas99__b22] [plan] step=780 node=N15067 type=observe q_typed_residual_context=0.970207 sequence=1105.352471
[typed-five-r2/b22_C] [plan iscas99__b22] [plan] step=781 node=N15071 type=observe q_typed_residual_context=0.974669 sequence=1106.327140
[typed-five-r2/b22_C] [plan iscas99__b22] [plan] step=782 node=N15069 type=observe q_typed_residual_context=0.999450 sequence=1107.326590
[typed-five-r2/b22_C] [plan iscas99__b22] [plan] step=783 node=N15075 type=observe q_typed_residual_context=0.996141 sequence=1108.322731
[typed-five-r2/b22_C] [plan iscas99__b22] [plan] step=784 node=N15066 type=observe q_typed_residual_context=0.993551 sequence=1109.316282
[typed-five-r2/b22_C] [plan iscas99__b22] [plan] step=785 node=N18458 type=observe q_typed_residual_context=0.664326 sequence=1109.980608
[typed-five-r2/b22_C] [plan iscas99__b22] [plan] step=786 node=N15052 type=observe q_typed_residual_context=0.931302 sequence=1110.911909
[typed-five-r2/b22_C] [plan iscas99__b22] [plan] step=787 node=N15063 type=observe q_typed_residual_context=1.418258 sequence=1112.330167
[typed-five-r2/b22_C] [plan iscas99__b22] [plan] step=788 node=N14334 type=observe q_typed_residual_context=1.269046 sequence=1113.599213
[typed-five-r2/b22_C] [plan iscas99__b22] [plan] step=789 node=N5287 type=observe q_typed_residual_context=1.363413 sequence=1114.962626
[typed-five-r2/b22_C] [plan iscas99__b22] [plan] step=790 node=N15061 type=observe q_typed_residual_context=1.520750 sequence=1116.483376
[typed-five-r2/b22_C] [plan iscas99__b22] [plan] step=791 node=N4466 type=observe q_typed_residual_context=1.317139 sequence=1117.800515
[typed-five-r2/b22_C] [plan iscas99__b22] [plan] step=792 node=N15077 type=observe q_typed_residual_context=1.079007 sequence=1118.879522
[typed-five-r2/b22_C] [plan iscas99__b22] [plan] step=793 node=N15068 type=observe q_typed_residual_context=1.005501 sequence=1119.885022
[typed-five-r2/b22_C] [plan iscas99__b22] [plan] step=794 node=N5289 type=observe q_typed_residual_context=0.716716 sequence=1120.601738
[typed-five-r2/b22_C] [plan iscas99__b22] [plan] step=795 node=N5290 type=observe q_typed_residual_context=1.296203 sequence=1121.897942
[typed-five-r2/b22_C] [plan iscas99__b22] [plan] step=796 node=N5288 type=observe q_typed_residual_context=0.717522 sequence=1122.615463
[typed-five-r2/b22_C] [plan iscas99__b22] [plan] step=797 node=N1264 type=observe q_typed_residual_context=1.455465 sequence=1124.070929
[typed-five-r2/b22_C] [plan iscas99__b22] [plan] step=798 node=N5292 type=observe q_typed_residual_context=0.699723 sequence=1124.770652
[typed-five-r2/b22_C] [plan iscas99__b22] [plan] step=799 node=N15059 type=observe q_typed_residual_context=1.540375 sequence=1126.311027
[typed-five-r2/b22_C] [plan iscas99__b22] [plan] step=800 node=N5285 type=observe q_typed_residual_context=0.704797 sequence=1127.015824
[typed-five-r2/b22_C] [plan iscas99__b22] [plan] step=801 node=N5286 type=observe q_typed_residual_context=0.677045 sequence=1127.692869
[typed-five-r2/b22_C] [plan iscas99__b22] [plan] step=802 node=N15076 type=observe q_typed_residual_context=0.922434 sequence=1128.615303
[typed-five-r2/b22_C] [plan iscas99__b22] [plan] step=803 node=N15078 type=observe q_typed_residual_context=1.415913 sequence=1130.031216
[typed-five-r2/b22_C] [plan iscas99__b22] [plan] step=804 node=N2094 type=observe q_typed_residual_context=0.679879 sequence=1130.711095
[typed-five-r2/b22_C] [plan iscas99__b22] [plan] step=805 node=N1267 type=observe q_typed_residual_context=1.253495 sequence=1131.964590
[typed-five-r2/b22_C] [plan iscas99__b22] [plan] step=806 node=N1269 type=observe q_typed_residual_context=1.133763 sequence=1133.098354
[typed-five-r2/b22_C] [plan iscas99__b22] [plan] step=807 node=N15062 type=observe q_typed_residual_context=0.937861 sequence=1134.036214
[typed-five-r2/b22_C] [plan iscas99__b22] [plan] step=808 node=N15055 type=observe q_typed_residual_context=0.974036 sequence=1135.010250
[typed-five-r2/b22_C] [plan iscas99__b22] [plan] step=809 node=N15065 type=observe q_typed_residual_context=0.980085 sequence=1135.990335
[typed-five-r2/b22_C] [plan iscas99__b22] [plan] step=810 node=N1262 type=observe q_typed_residual_context=1.180854 sequence=1137.171190
[typed-five-r2/b22_C] [plan iscas99__b22] [plan] step=811 node=N15064 type=observe q_typed_residual_context=0.906049 sequence=1138.077238
[typed-five-r2/b22_C] [plan iscas99__b22] [plan] step=812 node=N15054 type=observe q_typed_residual_context=0.914980 sequence=1138.992218
[typed-five-r2/b22_C] [plan iscas99__b22] [plan] step=813 node=N18501 type=observe q_typed_residual_context=0.717753 sequence=1139.709971
[typed-five-r2/b22_C] [plan iscas99__b22] [plan] step=814 node=N18489 type=observe q_typed_residual_context=0.697121 sequence=1140.407093
[typed-five-r2/b22_C] [plan iscas99__b22] [plan] step=815 node=N2103 type=observe q_typed_residual_context=1.291326 sequence=1141.698418
[typed-five-r2/b22_C] [plan iscas99__b22] [plan] step=816 node=N5282 type=observe q_typed_residual_context=0.690298 sequence=1142.388717
[typed-five-r2/b22_C] [plan iscas99__b22] [plan] step=817 node=N5283 type=observe q_typed_residual_context=0.662984 sequence=1143.051701
[typed-five-r2/b22_C] [plan iscas99__b22] [plan] step=818 node=N5300 type=observe q_typed_residual_context=0.670772 sequence=1143.722473
[typed-five-r2/b22_C] [plan iscas99__b22] [plan] step=819 node=N18488 type=observe q_typed_residual_context=0.708642 sequence=1144.431115
[typed-five-r2/b22_C] [plan iscas99__b22] [plan] step=820 node=N5303 type=observe q_typed_residual_context=0.674886 sequence=1145.106001
[typed-five-r2/b22_C] [plan iscas99__b22] [plan] step=821 node=N2097 type=observe q_typed_residual_context=0.716876 sequence=1145.822877
[typed-five-r2/b22_C] [plan iscas99__b22] [plan] step=822 node=N2091 type=observe q_typed_residual_context=0.635844 sequence=1146.458721
[typed-five-r2/b22_C] [plan iscas99__b22] [plan] step=823 node=N7482 type=observe q_typed_residual_context=0.969522 sequence=1147.428244
[typed-five-r2/b22_C] [plan iscas99__b22] [plan] step=824 node=N7485 type=observe q_typed_residual_context=1.115871 sequence=1148.544114
[typed-five-r2/b22_C] [plan iscas99__b22] [plan] step=825 node=N7491 type=observe q_typed_residual_context=1.091993 sequence=1149.636107
[typed-five-r2/b22_C] [plan iscas99__b22] [plan] step=826 node=N7063 type=observe q_typed_residual_context=1.072300 sequence=1150.708407
[typed-five-r2/b22_C] [plan iscas99__b22] [plan] step=827 node=N7494 type=observe q_typed_residual_context=1.033946 sequence=1151.742353
[typed-five-r2/b22_C] [plan iscas99__b22] [plan] step=828 node=N7497 type=observe q_typed_residual_context=0.999219 sequence=1152.741572
[typed-five-r2/b22_C] [plan iscas99__b22] [plan] step=829 node=N7506 type=observe q_typed_residual_context=0.982035 sequence=1153.723607
[typed-five-r2/b22_C] [plan iscas99__b22] [plan] step=830 node=N7509 type=observe q_typed_residual_context=0.989711 sequence=1154.713317
[typed-five-r2/b22_C] [plan iscas99__b22] [plan] step=831 node=N7062 type=observe q_typed_residual_context=1.007884 sequence=1155.721202
[typed-five-r2/b22_C] [plan iscas99__b22] [plan] step=832 node=N6969 type=observe q_typed_residual_context=1.021575 sequence=1156.742776
[typed-five-r2/b22_C] [plan iscas99__b22] [plan] step=833 node=N7018 type=observe q_typed_residual_context=1.026512 sequence=1157.769288
[typed-five-r2/b22_C] [plan iscas99__b22] [plan] step=834 node=N7052 type=observe q_typed_residual_context=1.022487 sequence=1158.791775
[typed-five-r2/b22_C] [plan iscas99__b22] [plan] step=835 node=N18487 type=observe q_typed_residual_context=0.754395 sequence=1159.546171
[typed-five-r2/b22_C] [plan iscas99__b22] [plan] step=836 node=N18534 type=observe q_typed_residual_context=1.337619 sequence=1160.883789
[typed-five-r2/b22_C] [plan iscas99__b22] [plan] step=837 node=N1261 type=observe q_typed_residual_context=1.105623 sequence=1161.989412
[typed-five-r2/b22_C] [plan iscas99__b22] [plan] step=838 node=N1265 type=observe q_typed_residual_context=1.063340 sequence=1163.052752
[typed-five-r2/b22_C] [plan iscas99__b22] [plan] step=839 node=N1268 type=observe q_typed_residual_context=1.045389 sequence=1164.098141
[typed-five-r2/b22_C] [plan iscas99__b22] [plan] step=840 node=N1266 type=observe q_typed_residual_context=1.077405 sequence=1165.175546
[typed-five-r2/b22_C] [plan iscas99__b22] [plan] step=841 node=N18538 type=observe q_typed_residual_context=1.090009 sequence=1166.265556
[typed-five-r2/b22_C] [plan iscas99__b22] [plan] step=842 node=N3919 type=observe q_typed_residual_context=1.048568 sequence=1167.314124
[typed-five-r2/b22_C] [plan iscas99__b22] [plan] step=843 node=N5296 type=observe q_typed_residual_context=0.733555 sequence=1168.047678
[typed-five-r2/b22_C] [plan iscas99__b22] [plan] step=844 node=N1263 type=observe q_typed_residual_context=1.202076 sequence=1169.249754
[typed-five-r2/b22_C] [plan iscas99__b22] [plan] step=845 node=N1279 type=observe q_typed_residual_context=1.158324 sequence=1170.408078
[typed-five-r2/b22_C] [plan iscas99__b22] [plan] step=846 node=N1246 type=observe q_typed_residual_context=0.942083 sequence=1171.350161
[typed-five-r2/b22_C] [plan iscas99__b22] [plan] step=847 node=N15186 type=observe q_typed_residual_context=0.938896 sequence=1172.289057
[typed-five-r2/b22_C] [plan iscas99__b22] [plan] step=848 node=N14332 type=observe q_typed_residual_context=0.738813 sequence=1173.027871
[typed-five-r2/b22_C] [plan iscas99__b22] [plan] step=849 node=N18480 type=observe q_typed_residual_context=0.701745 sequence=1173.729615
[typed-five-r2/b22_C] [plan iscas99__b22] [plan] step=850 node=N15057 type=observe q_typed_residual_context=1.232169 sequence=1174.961784
[typed-five-r2/b22_C] [plan iscas99__b22] [plan] step=851 node=N1278 type=observe q_typed_residual_context=1.114222 sequence=1176.076006
[typed-five-r2/b22_C] [plan iscas99__b22] [plan] step=852 node=N4516 type=observe q_typed_residual_context=0.839304 sequence=1176.915310
[typed-five-r2/b22_C] [plan iscas99__b22] [plan] step=853 node=N5301 type=observe q_typed_residual_context=0.723247 sequence=1177.638557
[typed-five-r2/b22_C] [plan iscas99__b22] [plan] step=854 node=N5302 type=observe q_typed_residual_context=0.706738 sequence=1178.345295
[typed-five-r2/b22_C] [plan iscas99__b22] [plan] step=855 node=N5527 type=observe q_typed_residual_context=1.306942 sequence=1179.652237
[typed-five-r2/b22_C] [plan iscas99__b22] [plan] step=856 node=N5506 type=observe q_typed_residual_context=1.343711 sequence=1180.995948
[typed-five-r2/b22_C] [plan iscas99__b22] [plan] step=857 node=N4545 type=observe q_typed_residual_context=1.076118 sequence=1182.072066
[typed-five-r2/b22_C] [plan iscas99__b22] [plan] step=858 node=N4541 type=observe q_typed_residual_context=1.014918 sequence=1183.086984
[typed-five-r2/b22_C] [plan iscas99__b22] [plan] step=859 node=N4544 type=observe q_typed_residual_context=1.108511 sequence=1184.195495
[typed-five-r2/b22_C] [plan iscas99__b22] [plan] step=860 node=N4547 type=observe q_typed_residual_context=1.060647 sequence=1185.256142
[typed-five-r2/b22_C] [plan iscas99__b22] [plan] step=861 node=N1243 type=observe q_typed_residual_context=1.077041 sequence=1186.333183
[typed-five-r2/b22_C] [plan iscas99__b22] [plan] step=862 node=N5297 type=observe q_typed_residual_context=0.725942 sequence=1187.059125
[typed-five-r2/b22_C] [plan iscas99__b22] [plan] step=863 node=N1245 type=observe q_typed_residual_context=1.044832 sequence=1188.103957
[typed-five-r2/b22_C] [plan iscas99__b22] [plan] step=864 node=N2090 type=observe q_typed_residual_context=0.700697 sequence=1188.804654
[typed-five-r2/b22_C] [plan iscas99__b22] [plan] step=865 node=N15112 type=observe q_typed_residual_context=0.697515 sequence=1189.502169
[typed-five-r2/b22_C] [plan iscas99__b22] [plan] step=866 node=N6971 type=observe q_typed_residual_context=1.026832 sequence=1190.529002
[typed-five-r2/b22_C] [plan iscas99__b22] [plan] step=867 node=N1242 type=observe q_typed_residual_context=0.939085 sequence=1191.468087
[typed-five-r2/b22_C] [plan iscas99__b22] [plan] step=868 node=N6975 type=observe q_typed_residual_context=1.307334 sequence=1192.775421
[typed-five-r2/b22_C] [plan iscas99__b22] [plan] step=869 node=N6986 type=observe q_typed_residual_context=0.990036 sequence=1193.765457
[typed-five-r2/b22_C] [plan iscas99__b22] [plan] step=870 node=N7020 type=observe q_typed_residual_context=1.005120 sequence=1194.770577
[typed-five-r2/b22_C] [plan iscas99__b22] [plan] step=871 node=N15167 type=observe q_typed_residual_context=0.977073 sequence=1195.747650
[typed-five-r2/b22_C] [plan iscas99__b22] [plan] step=872 node=N14339 type=observe q_typed_residual_context=0.983033 sequence=1196.730684
[typed-five-r2/b22_C] [plan iscas99__b22] [plan] step=873 node=N5509 type=observe q_typed_residual_context=1.236618 sequence=1197.967301
[typed-five-r2/b22_C] [plan iscas99__b22] [plan] step=874 node=N18515 type=observe q_typed_residual_context=0.710651 sequence=1198.677952
[typed-five-r2/b22_C] [plan iscas99__b22] [plan] step=875 node=N15458 type=observe q_typed_residual_context=0.960974 sequence=1199.638927
[typed-five-r2/b22_C] [plan iscas99__b22] [plan] step=876 node=N5513 type=observe q_typed_residual_context=1.267177 sequence=1200.906104
[typed-five-r2/b22_C] [plan iscas99__b22] [plan] step=877 node=N5516 type=observe q_typed_residual_context=1.233218 sequence=1202.139322
[typed-five-r2/b22_C] [plan iscas99__b22] [plan] step=878 node=N7514 type=observe q_typed_residual_context=0.922230 sequence=1203.061552
[typed-five-r2/b22_C] [plan iscas99__b22] [plan] step=879 node=N7520 type=observe q_typed_residual_context=0.947487 sequence=1204.009039
[typed-five-r2/b22_C] [plan iscas99__b22] [plan] step=880 node=N18398 type=observe q_typed_residual_context=0.933900 sequence=1204.942938
[typed-five-r2/b22_C] [plan iscas99__b22] [plan] step=881 node=N7526 type=observe q_typed_residual_context=0.989528 sequence=1205.932467
[typed-five-r2/b22_C] [plan iscas99__b22] [plan] step=882 node=N7544 type=observe q_typed_residual_context=0.996834 sequence=1206.929301
[typed-five-r2/b22_C] [plan iscas99__b22] [plan] step=883 node=N15379 type=observe q_typed_residual_context=0.981831 sequence=1207.911132
[typed-five-r2/b22_C] [plan iscas99__b22] [plan] step=884 node=N7550 type=observe q_typed_residual_context=0.988525 sequence=1208.899657
[typed-five-r2/b22_C] [plan iscas99__b22] [plan] step=885 node=N1244 type=observe q_typed_residual_context=1.053382 sequence=1209.953039
[typed-five-r2/b22_C] [plan iscas99__b22] [plan] step=886 node=N15110 type=observe q_typed_residual_context=0.723218 sequence=1210.676257
[typed-five-r2/b22_C] [plan iscas99__b22] [plan] step=887 node=N7559 type=observe q_typed_residual_context=0.987571 sequence=1211.663828
[typed-five-r2/b22_C] [plan iscas99__b22] [plan] step=888 node=N15114 type=observe q_typed_residual_context=0.711795 sequence=1212.375623
[typed-five-r2/b22_C] [plan iscas99__b22] [plan] step=889 node=N7568 type=observe q_typed_residual_context=0.989052 sequence=1213.364675
[typed-five-r2/b22_C] [plan iscas99__b22] [plan] step=890 node=N14485 type=observe q_typed_residual_context=1.302738 sequence=1214.667414
[typed-five-r2/b22_C] [plan iscas99__b22] [plan] step=891 node=N3235 type=observe q_typed_residual_context=0.944010 sequence=1215.611423
[typed-five-r2/b22_C] [plan iscas99__b22] [plan] step=892 node=N3255 type=observe q_typed_residual_context=0.982831 sequence=1216.594254
[typed-five-r2/b22_C] [plan iscas99__b22] [plan] step=893 node=N5521 type=observe q_typed_residual_context=1.324929 sequence=1217.919183
[typed-five-r2/b22_C] [plan iscas99__b22] [plan] step=894 node=N1260 type=observe q_typed_residual_context=1.110432 sequence=1219.029615
[typed-five-r2/b22_C] [plan iscas99__b22] [plan] step=895 node=N5298 type=observe q_typed_residual_context=0.709754 sequence=1219.739370
[typed-five-r2/b22_C] [plan iscas99__b22] [plan] step=896 node=N5524 type=observe q_typed_residual_context=1.314903 sequence=1221.054272
[typed-five-r2/b22_C] [plan iscas99__b22] [plan] step=897 node=N1259 type=observe q_typed_residual_context=1.147790 sequence=1222.202062
[typed-five-r2/b22_C] [plan iscas99__b22] [plan] step=898 node=N5528 type=observe q_typed_residual_context=1.153344 sequence=1223.355405
[typed-five-r2/b22_C] [plan iscas99__b22] [plan] step=899 node=N18519 type=observe q_typed_residual_context=0.714832 sequence=1224.070238
[typed-five-r2/b22_C] [plan iscas99__b22] [plan] step=900 node=N3795 type=observe q_typed_residual_context=1.316317 sequence=1225.386555
[typed-five-r2/b22_C] [plan iscas99__b22] [plan] step=901 node=N3803 type=observe q_typed_residual_context=1.214048 sequence=1226.600603
[typed-five-r2/b22_C] [plan iscas99__b22] [plan] step=902 node=N3815 type=observe q_typed_residual_context=1.064717 sequence=1227.665319
[typed-five-r2/b22_C] [plan iscas99__b22] [plan] step=903 node=N15173 type=observe q_typed_residual_context=0.730428 sequence=1228.395747
[typed-five-r2/b22_C] [plan iscas99__b22] [plan] step=904 node=N3878 type=observe q_typed_residual_context=1.251424 sequence=1229.647172
[typed-five-r2/b22_C] [plan iscas99__b22] [plan] step=905 node=N3882 type=observe q_typed_residual_context=1.159334 sequence=1230.806506
[typed-five-r2/b22_C] [plan iscas99__b22] [plan] step=906 node=N18564 type=observe q_typed_residual_context=0.912321 sequence=1231.718826
[typed-five-r2/b22_C] [plan iscas99__b22] [plan] step=907 node=N3885 type=observe q_typed_residual_context=0.895344 sequence=1232.614171
[typed-five-r2/b22_C] [plan iscas99__b22] [plan] step=908 node=N5284 type=observe q_typed_residual_context=0.745541 sequence=1233.359712
[typed-five-r2/b22_C] [plan iscas99__b22] [plan] step=909 node=N18382 type=observe q_typed_residual_context=0.717582 sequence=1234.077294
[typed-five-r2/b22_C] [plan iscas99__b22] [plan] step=910 node=N5256 type=observe q_typed_residual_context=0.713909 sequence=1234.791204
[typed-five-r2/b22_C] [plan iscas99__b22] [plan] step=911 node=N3894 type=observe q_typed_residual_context=1.347763 sequence=1236.138966
[typed-five-r2/b22_C] [plan iscas99__b22] [plan] step=912 node=N15103 type=observe q_typed_residual_context=0.723171 sequence=1236.862137
[typed-five-r2/b22_C] [plan iscas99__b22] [plan] step=913 node=N15111 type=observe q_typed_residual_context=0.707779 sequence=1237.569916
[typed-five-r2/b22_C] [plan iscas99__b22] [plan] step=914 node=N3898 type=observe q_typed_residual_context=1.364975 sequence=1238.934891
[typed-five-r2/b22_C] [plan iscas99__b22] [plan] step=915 node=N3909 type=observe q_typed_residual_context=1.304340 sequence=1240.239232
[typed-five-r2/b22_C] [plan iscas99__b22] saved=autoresearch/loop-260720-0945/typed_winner_round2_five/b22_C/plans/iscas99__b22__greedy__cumulative__q_typed_residual_context__bw1__d1__c48__g1p0__candhard_fault_cluster__div0p0__s0.csv
[typed-five-r2/b22_C] [gmean] 2026-07-20T19:48:16 [1/1] plan_done benchmark=iscas99__b22 plan_sec=1156.052 plan_csv=autoresearch/loop-260720-0945/typed_winner_round2_five/b22_C/plans/iscas99__b22__greedy__cumulative__q_typed_residual_context__bw1__d1__c48__g1p0__candhard_fault_cluster__div0p0__s0.csv
[typed-five-r2/b22_C] [gmean] 2026-07-20T19:48:16 [1/1] eval_start benchmark=iscas99__b22 backend=atalanta-bist patterns=300000
[typed-five-r2/b22_C] [eval iscas99__b22] {
[typed-five-r2/b22_C] [eval iscas99__b22]   "records": 2,
[typed-five-r2/b22_C] [eval iscas99__b22]   "labels_csv": "autoresearch/loop-260720-0945/typed_winner_round2_five/b22_C/evals/iscas99__b22__greedy__cumulative__q_typed_residual_context__bw1__d1__c48__g1p0__candhard_fault_cluster__div0p0__s0/labels.csv",
[typed-five-r2/b22_C] [eval iscas99__b22]   "summary_json": "autoresearch/loop-260720-0945/typed_winner_round2_five/b22_C/evals/iscas99__b22__greedy__cumulative__q_typed_residual_context__bw1__d1__c48__g1p0__candhard_fault_cluster__div0p0__s0/summary.json"
[typed-five-r2/b22_C] [eval iscas99__b22] }
[typed-five-r2/b22_C] [gmean] 2026-07-20T19:48:32 [1/1] eval_done benchmark=iscas99__b22 delta_tc=0.026639999999999997 plan_sec=1156.052 eval_sec=16.787 total_sec=1172.886
[typed-five-r2/b22_C] [gmean] 2026-07-20T19:48:32 variant_done id=greedy__cumulative__q_typed_residual_context__bw1__d1__c48__g1p0__candhard_fault_cluster__div0p0__s0 status=ok macro=0.026639999999999997 positives=1 negatives=0 elapsed=1172.887
