step,node,type,q_pred,q_pred_context,q_pred_type_context,q_pred_lcb_context,q_pred_context_lcb,q_typed_residual_context,q_typed_trust_context,q_typed_reliable_context,typed_residual_correction,typed_residual_effective_alpha,typed_trust_support_count,typed_trust_required_heads,typed_trust_eligible,typed_trust_correction,typed_reliable_correction,typed_reliable_support_count,typed_reliable_required_heads,typed_reliable_eligible,typed_reliable_applied_correction,score_pred,reward_pred,reward_pred_context,reward_pred_type_context,fc_pred,pattern_pred,return_pred,typed_marginal_pred,typed_return_pred,typed_sa_reduction_total_pred,typed_sa0_reduction_pred,typed_sa1_reduction_pred,guarded_reward,guarded_reward_context,hard_reduction_total_pred,hard_reduction_sa0_pred,hard_reduction_sa1_pred,derived_hard_count_pre_total_pred,derived_hard_count_pre_sa0_pred,derived_hard_count_pre_sa1_pred,derived_hard_count_post_total_pred,derived_hard_count_post_sa0_pred,derived_hard_count_post_sa1_pred,derived_hard_reduction_total_pred,derived_hard_reduction_sa0_pred,derived_hard_reduction_sa1_pred,derived_hard_reduction_hybrid_pred,hybrid_pred,hybrid_pred_context,bounded_residual_hybrid_pred,bounded_residual_hybrid_pred_context,consensus_pred_context,consensus_pred_type_context,step_value,sequence_score,lookahead_score,planner,score_adjusted,diversity_penalty,candidate_strategy,adaptive_confidence_gap,adaptive_expanded
1,N677,control1,1.1168162822723389,4.858064773529769,3.3065748214721675,0.639273903220892,3.1577421027943497,4.882946025245162,4.858064773529769,4.858064773529769,0.49762503430785654,0.05,3,2,1,0.0,0.6219097260715272,2,1,1,0.0,1.1168162822723389,0.34677982330322266,4.655100124329328,3.5404456019401547,0.0034677982330322266,0.2820698022842407,0.03364104777574539,0.9450191855430603,2.4604954719543457,0.153756283223629,0.21137462556362152,0.09613794088363647,0.03364104777574539,1.259550520926714,0.06386370956897736,0.15087546408176422,0.038793694227933884,29566.794921875,11983.158203125,17583.63671875,30258.921875,12858.3427734375,17400.578125,-0.023408927023410797,-0.07303454726934433,0.010410735383629799,-2.3408927023410797,6.766791827976704,3.7994945481419564,6.481476174667478,3.6933181241154673,4.387020833045244,3.1473844872787597,4.858064773529769,4.858064773529769,4.858064773529769,greedy,4.858064773529769,0.0,hard_fault_cluster,0.006584945800830756,False
2,N2155,observe,1.457592248916626,3.2530965894460677,2.0179089665412904,0.6932365149259567,2.114512783139944,3.2530965894460677,3.2530965894460677,3.253980630513652,0.0,0.04697065314067379,1,2,0,0.0,-0.0711365781693705,1,1,1,0.01882113635798495,1.457592248916626,0.4267202615737915,3.311336115002632,2.4864104151725765,0.004267202615737915,0.32851269841194153,0.025838786736130714,0.9327760338783264,2.3181545734405518,0.40747176110744476,0.4499369263648987,0.36500659584999084,0.025838786736130714,1.6042756289243698,0.06906921416521072,0.15618106722831726,0.04652923345565796,30261.64453125,12861.6591796875,17399.984375,30654.4296875,13195.8447265625,17458.5859375,-0.012979636900126934,-0.025983082130551338,-0.0033679089974611998,-1.2979636900126934,7.359480464830995,3.146026192903519,7.020061178598553,3.2567780363559726,2.7994702607393265,2.269561876952648,3.253980630513652,8.112045404043421,8.112045404043421,greedy,3.253980630513652,0.0,hard_fault_cluster,0.15848322800194453,False
3,N502,control1,1.1366417407989502,2.1921067869663236,2.1148003101348873,0.1411621344089508,1.4248694115281104,2.188665781963388,2.1921067869663236,2.1921067869663236,-0.07798338992143153,0.044124845129229776,3,2,1,0.0,0.0033990088256318344,2,1,1,0.0,1.1366417407989502,0.37319517135620117,1.754641768336296,2.0494791030883786,0.003731951713562012,0.3409149944782257,0.01918899454176426,1.2006336450576782,2.359598159790039,0.007131129503250122,-0.14911913871765137,0.1633813977241516,0.01918899454176426,-1.7808255773782733,0.05883442610502243,0.14034509658813477,0.036193232983350754,30649.359375,13188.9736328125,17460.38671875,30661.03125,13167.8369140625,17493.1953125,-0.00038081954699009657,0.001602605334483087,-0.0018790301401168108,-0.03808195469900966,6.2758267764002085,2.8671430099010466,5.981538651976734,2.8663930642604827,2.405900165438652,2.300244202259928,2.1921067869663236,10.304152191009745,10.304152191009745,greedy,2.1921067869663236,0.0,hard_fault_cluster,0.028949950932286576,False
4,N762,control1,0.911552369594574,1.4460939180850982,1.5994494915008544,0.06185806632041933,0.9399610467553139,1.4389414488116432,1.4460939180850982,1.4460939180850982,-0.17255049591390856,0.041451455909020024,0,2,0,0.0,-0.14264020059412266,0,1,0,0.0,0.911552369594574,0.3220241069793701,0.8939645677804946,1.1617317676544188,0.003220241069793701,0.3624856173992157,0.019666315987706184,1.1874772310256958,2.302896738052368,0.02899005264043808,-0.08317767083644867,0.14115777611732483,0.019666315987706184,-0.8204972726106643,0.05198005586862564,0.13194745779037476,0.02993898093700409,30665.79296875,13173.8125,17491.98046875,30588.853515625,13107.171875,17481.681640625,0.0025089667178690434,0.005058567970991135,0.0005887742736376822,0.25089667178690434,5.53969600982964,1.1226565885543822,5.283428192604333,1.0556051182746886,1.3425390362739564,1.5400503179430962,1.4460939180850982,11.750246109094844,11.750246109094844,greedy,1.4460939180850982,0.0,hard_fault_cluster,0.030661166239268577,False
5,N3742,control0,0.7222740650177002,0.865053427554667,2.2954659044742582,0.14510735023766758,0.5622847279105335,0.884300398239503,0.8763851686848032,0.8775550239909342,0.49427199107146713,0.03894003915357025,3,3,1,0.2910048725284165,0.6591087685278838,2,2,1,0.32104735146679986,0.7222740650177002,0.30962061882019043,0.8075463380664587,0.7869540154933929,0.0030962061882019044,0.38254740834236145,0.02135230042040348,1.4098113775253296,2.6496427059173584,0.05019182339310646,0.016601689159870148,0.08378195762634277,0.02135230042040348,-0.0045474436879158475,0.049445077776908875,0.13231901824474335,0.02771998941898346,30589.94921875,13108.4775390625,17481.470703125,30546.490234375,13047.29296875,17499.197265625,0.0014206948690116405,0.004667557310312986,-0.001014020061120391,0.14206948690116405,5.275480696931481,1.228048669397831,5.027251007501036,1.3559304943680763,0.8645815178751945,1.99535370670259,0.8775550239909342,12.627801133085779,12.627801133085779,greedy,0.8775550239909342,0.0,hard_fault_cluster,0.004280643140530386,False
6,N3644,control0,0.7473889589309692,1.48906403362751,2.8708456873893735,0.07143973171710971,0.9678916218578816,1.5009403750716377,1.48906403362751,1.48906403362751,0.3246606817633666,0.03658078144733209,1,3,0,0.0,0.40031794007594185,0,2,0,0.0,0.7473889589309692,0.3026055097579956,0.9449074640870094,2.385872972011566,0.003026055097579956,0.39635252952575684,0.020910421386361122,1.1703693866729736,2.61627197265625,0.08073128014802933,0.009189918637275696,0.15227264165878296,0.020910421386361122,-0.7454595252871514,0.04656650125980377,0.1306355595588684,0.025381986051797867,30546.37890625,13047.17578125,17499.203125,30307.24609375,12886.3076171875,17420.9375,0.007828515954315662,0.01232973113656044,0.004472524859011173,0.7828515954315662,4.980166057124734,0.7750341171026229,4.737529108766466,0.7508540028333663,1.3211556255817414,2.6820587423443794,1.48906403362751,14.11686516671329,14.11686516671329,greedy,1.48906403362751,0.0,hard_fault_cluster,0.051934616180426246,False
7,N557,control1,0.6856449842453003,0.9109400447458029,0.9344285786151885,0.022840426489710818,0.5921110290847719,0.9052873829351813,0.9109400447458029,0.9109400447458029,-0.16449148808389197,0.03436446393954861,0,2,0,0.0,-0.42528893114860367,0,1,0,0.0,0.6856449842453003,0.23966531455516815,0.38594000309705734,0.36097973287105556,0.0023966531455516817,0.4034660756587982,0.022502494975924492,0.9248136878013611,2.066054344177246,0.0291527658700943,-0.10409004986286163,0.16239558160305023,0.022502494975924492,-0.3452448616921902,0.04434661194682121,0.12802369892597198,0.023537244647741318,30311.6484375,12886.974609375,17424.673828125,30250.43359375,12827.2578125,17423.17578125,0.0020195154938846827,0.004633888136595488,8.59727369970642e-05,0.20195154938846827,4.696829004213214,0.5468219625949859,4.500203147064894,0.6062342870235443,0.7504457041621209,0.7430304142832757,0.9109400447458029,15.027805211459093,15.027805211459093,greedy,0.9109400447458029,0.0,hard_fault_cluster,0.0034859768657898938,False
8,N3756,control0,0.49988383054733276,1.0979412072431296,2.4125834882259367,0.1974851869698614,0.7136617847080343,1.120374828256806,1.0979412072431296,1.0979412072431296,0.694917438681149,0.0322824263213946,3,3,1,0.0,1.0,2,2,1,0.0,0.49988383054733276,0.24372242391109467,1.0619511545635758,2.4570805430412292,0.0024372242391109467,0.4139433205127716,0.02365473099052906,1.3507131338119507,2.678765058517456,0.04257769137620926,-0.007013782858848572,0.09216916561126709,0.02365473099052906,0.21570032984018322,0.04269922524690628,0.13014672696590424,0.02226416766643524,30245.603515625,12826.541015625,17419.0625,30221.669921875,12799.166015625,17422.50390625,0.0007913081790320575,0.0021342465188354254,-0.0001975655322894454,0.07913081790320575,4.537299679592252,0.9399933916330337,4.336766813416034,0.956314257979393,1.0098785221576692,2.555791640430689,1.0979412072431296,16.12574641870222,16.12574641870222,greedy,1.0979412072431296,0.0,hard_fault_cluster,0.015158204562178085,False
9,N564,control1,0.46264633536338806,1.3063925365358593,1.0861477434635163,0.10823118992149831,0.8491551487483086,1.304940254217274,1.314861007774683,1.3132531153407507,-0.04788817499426481,0.030326532985631673,3,2,1,0.2792429732352136,0.45258130423626086,2,1,1,0.22622364409878304,0.46264633536338806,0.21436657011508942,0.8695132292807102,0.6797069609165192,0.002143665701150894,0.4187743365764618,0.02360370196402073,1.1784952878952026,2.4345855712890625,0.06904364377260208,0.025895938277244568,0.1121913492679596,0.02360370196402073,-0.2140052583813667,0.04063437879085541,0.1276111751794815,0.020828373730182648,30217.763671875,12794.662109375,17423.1015625,30108.869140625,12741.822265625,17367.046875,0.0036036595702171326,0.0041298349387943745,0.003217262215912342,0.36036595702171326,4.301408151164651,0.6817695055902004,4.122930447105318,0.6648320709168911,1.0671184360980988,0.9142730314284563,1.3132531153407507,17.43899953404297,17.43899953404297,greedy,1.3132531153407507,0.0,hard_fault_cluster,0.00016575501408915797,True
10,N2336,control1,0.4967004060745239,1.557723713517189,1.324311488866806,0.07330796539783475,1.012520413786173,1.5475862551642543,1.557723713517189,1.557723713517189,-0.35583586984118465,0.028489141236546153,3,2,1,0.0,0.07147505066655693,2,1,1,0.0,0.4967004060745239,0.22356797754764557,1.1711321577429772,1.0311636745929718,0.0022356797754764556,0.42333969473838806,0.021662073209881783,1.0465611219406128,2.406519889831543,0.03632932901382446,-0.11211822926998138,0.1847768872976303,0.021662073209881783,-0.9027952948212623,0.040719084441661835,0.12704506516456604,0.02120078355073929,30111.546875,12739.66796875,17371.87890625,30138.244140625,12765.283203125,17372.9609375,-0.0008866122225299478,-0.0020106672309339046,-6.228636630112305e-05,-0.08866122225299478,4.317138494923711,1.1351382356882096,4.133215956855565,1.188603351712227,1.4626378849148751,1.172904207892716,1.557723713517189,18.99672324756016,18.99672324756016,greedy,1.557723713517189,0.0,hard_fault_cluster,0.02485404503753128,False
11,N5143,observe,0.2905191481113434,1.3255771435797215,1.5347409069538116,0.3046839125454426,0.8616251433268189,1.3381832525387105,1.3255771435797215,1.3255771435797215,0.471026242031632,0.026763071425949515,3,2,1,0.0,0.0823633137262453,2,1,1,0.0,0.2905191481113434,0.20802725851535797,1.2932947203516958,1.7059969544410705,0.00208027258515358,0.42984509468078613,0.024309566244482994,0.8677439093589783,2.6205101013183594,0.40617774426937103,0.41757482290267944,0.3947806656360626,0.024309566244482994,1.3278051170706748,0.03951507434248924,0.12831372022628784,0.020010869950056076,30137.974609375,12770.7890625,17367.185546875,30138.13671875,12749.3232421875,17388.8125,-5.378907189879101e-06,0.0016808530781418085,-0.0012452767696231604,-0.0005378907189879101,4.183844259008765,1.173706389516592,4.0095916404388845,1.1977720628678798,1.0888168081641196,1.6825268676131961,1.3255771435797215,20.32230039113988,20.32230039113988,greedy,1.3255771435797215,0.0,hard_fault_cluster,0.015600624024961011,False
12,N7511,control1,0.28991183638572693,1.4505932109057904,1.1617020428180693,0.1664244543015957,0.9428855870887638,1.4449784008055377,1.4505932109057904,1.4505932109057904,-0.2233276646192293,0.025141578898547047,3,2,1,0.0,-0.2603267572725357,2,1,1,0.0,0.28991183638572693,0.1874844878911972,1.0961363762617111,1.054580008983612,0.0018748448789119721,0.4283675253391266,0.022305386140942574,0.783302366733551,2.399111032485962,0.04232826828956604,0.008294433355331421,0.07636210322380066,0.022305386140942574,-0.08819215744733816,0.03810534253716469,0.12772677838802338,0.018672607839107513,30138.033203125,12749.23046875,17388.802734375,29996.904296875,12669.603515625,17327.30078125,0.004682750906795263,0.006245627999305725,0.0035368711687624454,0.46827509067952633,4.020324127748609,0.7484513525664807,3.8629817222245038,0.7199562196433544,1.2648763358592985,1.241707942187786,1.4505932109057904,21.77289360204567,21.77289360204567,greedy,1.4505932109057904,0.0,hard_fault_cluster,0.07772561293688054,False
13,N580,control1,0.2672519385814667,1.255321613252163,0.90308238863945,0.2255122563242912,0.815959048613906,1.2567999078191487,1.255321613252163,1.255321613252163,0.06259099245734413,0.023618327637050737,3,2,1,0.0,0.4868147268534448,2,1,1,0.0,0.2672519385814667,0.18995900452136993,0.9005753599852323,0.7588196635246276,0.0018995900452136994,0.43637537956237793,0.020788582041859627,1.2315425872802734,2.4989471435546875,0.009828180074691772,-0.10219131410121918,0.12184767425060272,0.020788582041859627,0.9316066534817219,0.03652287647128105,0.11235742270946503,0.01853381097316742,29994.029296875,12665.435546875,17328.59375,30062.08203125,12720.294921875,17341.787109375,-0.0022688759490847588,-0.004331424366682768,-0.0007613635389134288,-0.22688759490847588,3.8630352336913347,0.7882046916335821,3.7049745437689126,0.7320066907256841,0.8556264318525791,0.8951267359033226,1.255321613252163,23.028215215297834,23.028215215297834,greedy,1.255321613252163,0.0,hard_fault_cluster,0.053972104305639784,False
14,N2082,observe,0.23117032647132874,1.3986691568046807,1.4199242293834686,0.3458129491657018,0.9091349519230425,1.4139683800115659,1.3986691568046807,1.3986691568046807,0.6895466342811076,0.022187365504053994,3,2,1,0.0,1.0,2,1,1,0.0,0.23117032647132874,0.23346997797489166,0.8726581091433763,0.6655290991067886,0.0023346997797489165,0.4252047836780548,0.009721571579575539,1.2317203283309937,2.3441836833953857,0.16866885125637054,0.030617237091064453,0.30672046542167664,0.009721571579575539,1.6624272793531416,0.04137967526912689,0.11230096220970154,0.02160479873418808,30066.66015625,12725.1337890625,17341.52734375,30252.06640625,12778.712890625,17473.353515625,-0.006166506092995405,-0.004210493993014097,-0.007601762656122446,-0.6166506092995405,4.381159076467156,3.1510833892226215,4.198765414301306,3.285713544785976,1.0213628061115743,1.3869816515222193,1.3986691568046807,24.426884372102514,24.426884372102514,greedy,1.3986691568046807,0.0,hard_fault_cluster,0.05361088498662635,False
15,N737,control1,0.2364359050989151,3.6003760256618262,2.0322027802467346,0.8832655737549067,2.340244416680187,3.594179328845639,3.6003760256618262,3.6003760256618262,-0.2973020579311082,0.02084310098392542,3,2,1,0.0,0.278185267278144,2,1,1,0.0,0.2364359050989151,0.20609305799007416,4.731168588250875,3.605582004785538,0.0020609305799007415,0.42652398347854614,0.014386611059308052,1.0344274044036865,2.294112205505371,-0.0353434756398201,-0.2831847071647644,0.2124977558851242,0.014386611059308052,1.2890707135200499,0.036819394677877426,0.11570969223976135,0.017482221126556396,30255.171875,12776.5341796875,17478.63671875,30035.482421875,12678.837890625,17356.64453125,0.007261219900101423,0.007646540645509958,0.006979502271860838,0.7261219900101423,3.902419136837125,1.718732867240906,3.737059385050088,1.5791654920578004,3.3099903106689452,2.489676177725196,3.6003760256618262,28.02726039776434,28.02726039776434,greedy,3.6003760256618262,0.0,hard_fault_cluster,0.1279964221824687,False
16,N3722,control0,0.14931277930736542,0.8616915100440383,0.25958891510963433,0.17040139179676772,0.5600994815286249,0.8620845768148458,0.8616915100440383,0.8821324680661957,0.020074623244976178,0.01958028133383995,2,3,0,0.0,0.043956298361758156,2,2,1,1.043956298361758,0.14931277930736542,0.23917199671268463,0.876523214764893,1.2739085614681243,0.002391719967126846,0.2641001045703888,0.019230881705880165,0.1659274697303772,1.891690969467163,-0.04406026005744934,-0.035453662276268005,-0.052666857838630676,0.019230881705880165,0.5294771813973784,0.029288306832313538,0.05568154156208038,0.023695584386587143,30031.044921875,12681.177734375,17349.8671875,30052.8046875,12672.984375,17379.8203125,-0.0007245757151395082,0.0006461039884015918,-0.0017264181515201926,-0.07245757151395082,3.1872335616499186,-0.10596384746953846,2.993431402835995,-0.1704530034773052,0.6258522292599082,0.5294431169237941,0.8821324680661957,28.909392865830537,28.909392865830537,greedy,0.8821324680661957,0.0,hard_fault_cluster,0.0012804097311139575,True
17,N496,control1,0.23752929270267487,1.7450422079861165,1.4838688194751737,0.07845209494233132,1.1342774351909757,1.7399416077727348,1.7450422079861165,1.7450422079861165,-0.27729737748540106,0.018393972058572117,3,2,1,0.0,0.4987684061903599,2,1,1,0.0,0.23752929270267487,0.22718121111392975,-0.25103205196559436,-0.39367800056934354,0.0022718121111392976,0.27359357476234436,0.022156672552227974,0.06183990091085434,1.6939008235931396,-0.06746555119752884,-0.25270307064056396,0.11777196824550629,0.022156672552227974,1.4277151646465063,0.028536420315504074,0.0416489914059639,0.0286501944065094,30048.09375,12665.84375,17382.25,30004.294921875,12662.802734375,17341.4921875,0.0014576241374015808,0.00024009577464312315,0.002344795037060976,0.14576241374015808,3.102979915216565,0.07755912654101849,2.915976502466947,0.10696093551814556,0.506196564435959,0.5110060948878528,1.7450422079861165,30.654435073816654,30.654435073816654,greedy,1.7450422079861165,0.0,hard_fault_cluster,0.020363802768561968,False
18,N5723,control0,0.12662099301815033,1.3925753561407328,2.655702829360962,0.18606382079422473,0.9051739814914763,1.38886922350887,1.3925753561407328,1.3925753561407328,-0.21448100704242007,0.017279537628848728,3,3,1,0.0,-0.4792907456577665,2,2,1,0.0,0.12662099301815033,0.254125714302063,0.4605207215249538,-1.7196449190378187,0.00254125714302063,0.22550904750823975,0.02011130191385746,-0.33073148131370544,1.5405290126800537,0.0072080716490745544,0.012378260493278503,0.0020378828048706055,0.02011130191385746,1.095686189159751,0.028957810252904892,0.06987708806991577,0.020683832466602325,30010.19140625,12669.80859375,17340.3828125,29929.83984375,12593.548828125,17336.291015625,0.0026774758007377386,0.006019014865159988,0.00023596922983415425,0.26774758007377386,3.1700180415064096,0.302676348388195,2.9643402793444693,0.302676348388195,0.8491028830409051,0.9035857568308714,1.3925753561407328,32.04701042995739,32.04701042995739,greedy,1.3925753561407328,0.0,hard_fault_cluster,0.01615253825601166,False
19,N5203,control1,0.09993547946214676,1.9985577069967986,1.4682275354862213,0.30999006234109394,1.2990625095479191,1.9832917593752066,1.9985577069967986,1.9985577069967986,-0.940448581574547,0.016232623367917486,3,2,1,0.0,-1.0,2,1,1,0.0,0.09993547946214676,0.2566506862640381,0.42328262284398066,0.11868023574352263,0.0025665068626403807,0.16777744889259338,0.015499772503972054,-0.6767361760139465,1.381714105606079,0.11859620735049248,0.04076709598302841,0.19642531871795654,0.015499772503972054,2.393754205480218,0.02831900864839554,0.07559503614902496,0.017974495887756348,29925.390625,12588.412109375,17336.978515625,29830.91796875,12543.2509765625,17287.666015625,0.0031569397542625666,0.0035875162575393915,0.002844353672116995,0.31569397542625666,3.104051323607564,-0.19554047748446468,2.8999384795315564,-0.22875498697161678,0.7870037540793419,0.7935969368368387,1.9985577069967986,34.04556813695419,34.04556813695419,greedy,1.9985577069967986,0.0,hard_fault_cluster,0.0032000000000000028,False
20,N2153,observe,0.024048972874879837,2.1566962811723354,1.36663356423378,0.45309468556195504,1.401852582762018,2.156279045331142,2.1566962811723354,2.1566962811723354,-0.02736127309464677,0.015249138435552964,3,2,1,0.0,-0.2975573606215955,2,1,1,0.0,0.024048972874879837,0.2735869288444519,2.37764878757298,1.8173843264579772,0.002735869288444519,0.051623791456222534,0.0055804867297410965,-0.3062966465950012,1.6027882099151611,0.26373620331287384,0.1311023235321045,0.3963700830936432,0.0055804867297410965,0.7013446946442127,0.0335247702896595,0.11487668752670288,0.01003371924161911,29833.71875,12548.23828125,17285.48046875,29855.70703125,12595.23828125,17260.46875,-0.0007370278472080827,-0.003745545633137226,0.0014469785382971168,-0.07370278472080827,3.631644444540143,2.221588660478592,3.4222688828594983,2.1966829550266267,1.9399286724627016,1.5158280943706632,2.1566962811723354,36.202264418126525,36.202264418126525,greedy,2.1566962811723354,0.0,hard_fault_cluster,0.06570637119113573,False
21,N1853,observe,-0.004192898981273174,2.699753299057484,1.5083411931991577,0.6565862080454826,1.7548396443873646,2.7127092667567485,2.699753299057484,2.699753299057484,0.9044154123246368,0.014325239843009506,3,2,1,0.0,0.7407970669511333,2,1,1,0.0,-0.004192898981273174,0.27094709873199463,3.6404946416616437,2.7754573464393615,0.002709470987319946,0.04427307844161987,0.0057819802314043045,-0.09744672477245331,1.836108684539795,0.18642554432153702,-0.05449970066547394,0.427350789308548,0.0057819802314043045,0.24598413348197934,0.03347768262028694,0.11250920593738556,0.00985642895102501,29856.21875,12595.66796875,17260.55078125,29721.53125,12542.9697265625,17178.5625,0.004511204082518816,0.004183838609606028,0.004750038497149944,0.4511204082518816,3.624497340992093,2.140349564552307,3.416950531769544,2.128198621273041,2.8589456558227537,2.1417220629751683,2.699753299057484,38.90201771718401,38.90201771718401,greedy,2.699753299057484,0.0,hard_fault_cluster,0.03732912723449,False
22,N2101,observe,0.044012654572725296,2.2450959734618663,1.8563119709491729,0.10285343155264853,1.4593123827502132,2.2456081431988824,2.25771079641052,2.254815581137943,0.03805882854693933,0.013457317436459193,3,2,1,0.9373950646714477,-0.13914204457060375,2,1,1,0.7222544702515351,0.044012654572725296,0.2647749185562134,1.0997637007385492,0.7049011051654814,0.002647749185562134,0.05296584963798523,0.0034529883414506912,-0.34607580304145813,1.5886216163635254,0.3084428831934929,0.21851135790348053,0.39837440848350525,0.0034529883414506912,-0.3617175547778607,0.03269350901246071,0.11190536618232727,0.00877372920513153,29720.6640625,12542.1474609375,17178.517578125,29736.181640625,12569.205078125,17166.9765625,-0.0005221141036599874,-0.0021573351696133614,0.0006718283984810114,-0.052211410365998745,3.537578808143735,1.7568610021471978,3.336407877970487,1.8046218106150629,1.6187890976667403,1.274618608020246,2.254815581137943,41.15683329832195,41.15683329832195,greedy,2.254815581137943,0.0,hard_fault_cluster,0.007722007722007703,False
23,N582,control1,-0.08475688844919205,1.8976317723095417,1.1853431046009062,0.4262710870802402,1.2334606520012021,1.8884494223151742,1.9010914021054115,1.8976317723095417,-0.7263379744886567,0.012641979790237325,2,2,1,0.27366202551134333,-1.0,1,1,0,0.0,-0.08475688844919205,0.2634652256965637,1.2088752365112305,0.7269311726093292,0.002634652256965637,0.05060291290283203,0.006557438522577286,-0.49086815118789673,1.3459539413452148,-0.024578839540481567,-0.19250674545764923,0.1433490663766861,0.006557438522577286,2.339139037877321,0.030940953642129898,0.10422632098197937,0.00836748257279396,29734.759765625,12566.734375,17168.025390625,29785.75390625,12608.884765625,17176.869140625,-0.0017149673076346517,-0.003354124492034316,-0.0005151291261427104,-0.17149673076346517,3.364118028432131,1.3067109647393227,3.161601030267775,1.2950370970368386,1.0213542371988296,0.9170449666678905,1.8976317723095417,43.054465070631494,43.054465070631494,greedy,1.8976317723095417,0.0,hard_fault_cluster,0.006660542030316956,False
24,N1860,observe,0.07760969549417496,1.7590243458747863,1.5942349314689634,0.07704031467437747,1.1433658248186112,1.7709003868295592,1.782776427784332,1.7798918927963365,1.0,0.011876040954772907,3,2,1,2.0,0.7571130817937853,2,1,1,1.7571130817937854,0.07760969549417496,0.2696780562400818,1.1197579205036163,0.9326858937740325,0.002696780562400818,0.06796833872795105,0.004762167111039162,-0.07392212003469467,1.8516030311584473,0.1829220876097679,-0.05489151179790497,0.4207356870174408,0.004762167111039162,-1.4152048683166505,0.03107636049389839,0.11155407130718231,0.007847171276807785,29787.61328125,12612.0078125,17175.60546875,29647.4921875,12528.7041015625,17118.7890625,0.004704005550593138,0.006605111062526703,0.0033079711720347404,0.4704005550593138,3.38207627274096,1.5513761949539184,3.1762461052276194,1.5231827449798585,1.7428027093410492,1.4825048223882913,1.7798918927963365,44.83435696342783,44.83435696342783,greedy,1.7798918927963365,0.0,hard_fault_cluster,0.07031431897555299,False
25,N1372,observe,0.10645782202482224,0.9254089599102737,1.3325414419174193,-0.3636796794831752,0.6015158239416779,0.9359992384957846,0.9471557465032061,0.9477219759251168,0.9492467157703903,0.011156508007421491,3,2,1,1.9492467157703903,1.0,2,1,1,2.0,0.10645782202482224,0.2648187279701233,0.14779382646083833,0.5068158715963363,0.002648187279701233,0.08273428678512573,0.001768963411450386,0.09761466830968857,1.7736117839813232,0.1651361659169197,-0.056600794196128845,0.38687312602996826,0.001768963411450386,-2.9817432291805743,0.029023658484220505,0.11692170798778534,0.005061149597167969,29648.01171875,12529.1318359375,17118.87890625,29626.5625,12511.2060546875,17115.35546875,0.0007234623190015554,0.001430728123523295,0.0002058217505691573,0.07234623190015554,3.168953539803624,1.4309381920099258,2.969012771267444,1.5549631077051163,1.2162747606635094,1.1318761678040028,0.9477219759251168,45.78207893935295,45.78207893935295,greedy,0.9477219759251168,0.0,hard_fault_cluster,0.011472028873420994,False
26,N1532,observe,0.12359753996133804,1.3089744335412978,1.5685441255569457,-0.2544292747974396,0.8508333818018436,1.3194550028988528,1.3289380346205355,1.3281278833788561,1.0,0.01048056935755489,3,2,1,1.9048202820056708,0.9273608972124452,2,1,1,1.827519973783831,0.12359753996133804,0.2622469663619995,0.486854250729084,0.6274643480777741,0.002622469663619995,0.08741071820259094,2.9413029551506042e-05,-0.15572962164878845,1.7547943592071533,0.13090524822473526,-0.04585687816143036,0.3076673746109009,2.9413029551506042e-05,-2.4933996602892874,0.027498692274093628,0.11512304842472076,0.0037311725318431854,29626.384765625,12511.130859375,17115.25390625,29618.947265625,12513.767578125,17105.1796875,0.0002510431222617626,-0.00021074982942081988,0.0005886105354875326,0.025104312226176262,3.012145606800914,1.168225023150444,2.8154383222572505,1.2114133089780807,1.3408907353878021,1.1898918651789427,1.3281278833788561,47.110206822731804,47.110206822731804,greedy,1.3281278833788561,0.0,hard_fault_cluster,0.04718604079626444,False
27,N766,control1,-0.07016634196043015,0.7875426058471202,0.7452631056308746,0.05695957407355308,0.5119026938006281,0.7868376524579691,0.7947732059961983,0.7927177448275726,-0.07160097423578682,0.009845583760209704,2,2,1,0.7344003489463038,-0.36812804979674046,1,1,1,0.5256304863676415,-0.07016634196043015,0.26156848669052124,0.6622753471136092,0.6867718815803527,0.0026156848669052126,0.07556331157684326,0.0012112241238355637,-0.35391056537628174,1.3955624103546143,-0.013837829232215881,-0.181559219956398,0.15388356149196625,0.0012112241238355637,-0.2356670841574669,0.025615736842155457,0.10688064992427826,0.003423541784286499,29617.22265625,12511.7705078125,17105.453125,29720.296875,12580.9482421875,17139.349609375,-0.00348021206445992,-0.005529012531042099,-0.001981618581339717,-0.348021206445992,2.8243533950299025,1.0829357814788818,2.627268611919135,1.1625822615623473,0.7242966964840889,0.6744715732669283,0.7927177448275726,47.902924567559374,47.902924567559374,greedy,0.7927177448275726,0.0,hard_fault_cluster,0.005524135209785615,False
28,N583,control1,-0.11646098643541336,0.26463764782994986,0.6623652756214141,-0.3112764369696378,0.1720144710894674,0.2592936934434677,0.26463764782994986,0.26463764782994986,-0.5777828894321323,0.009249069995365214,1,2,0,0.0,-1.0,0,1,0,0.0,-0.11646098643541336,0.2630702257156372,-0.11729536429047584,0.3553072616457939,0.002630702257156372,0.0644400417804718,0.000325547531247139,-0.8149815201759338,1.1708295345306396,0.007507912814617157,-0.15243208408355713,0.16744790971279144,0.000325547531247139,-2.1291459377855064,0.02320719137787819,0.0934310257434845,0.004670105874538422,29713.470703125,12570.57421875,17142.896484375,29723.265625,12591.7607421875,17131.505859375,-0.00032964584534056485,-0.0016854061977937818,0.0006644516251981258,-0.032964584534056485,2.5841149110347033,-0.5136030560731888,2.38656808109954,-0.5501038974523544,0.2752184689044952,0.4385005959868431,0.26463764782994986,48.167562215389324,48.167562215389324,greedy,0.26463764782994986,0.0,hard_fault_cluster,0.008056537102473497,False
29,N7516,observe,-0.03123406693339348,0.4622513001412155,1.2406542658805848,-0.573633762449026,0.30046334509179007,0.46218662201803434,0.46968787518369703,0.46381959068746575,-0.0074439380147471815,0.008688697172522257,2,2,1,0.8558906927956287,-0.34534965339077056,1,1,1,0.18049777948412465,-0.03123406693339348,0.27060604095458984,0.23577469624578956,0.8953344523906708,0.0027060604095458986,0.08065962791442871,-0.009054623544216156,-0.5225455164909363,1.6383657455444336,0.352597251534462,0.37835729122161865,0.3268372118473053,-0.009054623544216156,-4.099806413725019,0.025284666568040848,0.10147617757320404,0.00363834947347641,29730.68359375,12602.99609375,17127.6875,29658.658203125,12539.173828125,17119.484375,0.002422594465315342,0.005064054857939482,0.0004789394442923367,0.2422594465315342,2.7900180742144585,5.263638636916876,2.593854511156678,5.263638636916876,1.691937329992652,1.578740052636713,0.46381959068746575,48.63138180607679,48.63138180607679,greedy,0.46381959068746575,0.0,hard_fault_cluster,0.006846556584776478,False
30,N1437,control1,-0.10202083736658096,0.6848329288512468,0.8820529758930206,0.04950352527201175,0.44514140375331046,0.6784502485106074,0.6848329288512468,0.6848329288512468,-0.7819731451961964,0.008162275622697921,1,2,0,0.0,-1.0,0,1,0,0.0,-0.10202083736658096,0.26389557123184204,-0.058941227272152924,0.11519704759120941,0.0026389557123184205,0.07603788375854492,-0.0018498953431844711,-0.8258096575737,1.3183040618896484,0.036288127303123474,-0.09227661788463593,0.16485287249088287,-0.0018498953431844711,0.7197853311896324,0.021506600081920624,0.09376056492328644,0.002260155975818634,29658.447265625,12538.962890625,17119.484375,29615.390625,12527.4853515625,17087.90625,0.0014517497038468719,0.0009153499267995358,0.0018445722525939345,0.14517497038468719,2.41270568408072,-0.2907954644411802,2.2161714271642268,-0.28977130763232706,0.11881708651781082,0.5109005028754472,0.6848329288512468,49.31621473492804,49.31621473492804,greedy,0.6848329288512468,0.0,hard_fault_cluster,0.06734502610791272,False
31,N5234,observe,-0.20856474339962006,0.31708435093984005,0.6044534489512443,0.06450264154002071,0.20610482811089603,0.32251989422377275,0.3276678321947753,0.326599883945327,0.7088838915050041,0.007667748342246424,3,2,1,1.3802593385367408,0.2409813912462305,2,1,1,1.2409813912462304,-0.20856474339962006,0.2643986940383911,0.16612309830263255,0.5353065706789493,0.002643986940383911,0.06842079758644104,0.0018632318824529648,-0.2913167476654053,1.8434102535247803,0.25134265422821045,0.13003608584403992,0.372649222612381,0.0018632318824529648,0.4810940613597632,0.01850319281220436,0.09209957718849182,0.00088481605052948,29615.326171875,12527.248046875,17088.078125,29557.7578125,12465.7099609375,17092.046875,0.0019438705639913678,0.004912338685244322,-0.00023225256882142276,0.19438705639913678,2.11658120714128,-0.6411346617899836,1.9168847627006471,-0.5425234261713923,0.0829005202278495,0.7633905623760073,0.326599883945327,49.642814618873366,49.642814618873366,greedy,0.326599883945327,0.0,hard_fault_cluster,0.011583011583011584,False
32,N4691,control0,0.10671430081129074,1.7223825530792967,2.8832541823387143,0.20976274822787672,1.119548659501543,1.7182365469000613,1.7225983845769066,1.7223825530792967,-0.5755797409415411,0.007203182955072664,3,3,1,0.02996335077925183,-1.0,2,2,0,0.0,0.10671430081129074,0.2725008726119995,1.1044876780815684,2.377429437637329,0.002725008726119995,0.06065729260444641,0.0040123965591192245,-0.5874986052513123,1.4926326274871826,-0.04657406359910965,-0.08930157124996185,-0.0038465559482574463,0.0040123965591192245,0.7233029423181869,0.017723359167575836,0.09322598576545715,0.00038332492113113403,29558.58984375,12466.623046875,17091.966796875,29267.58984375,12336.9931640625,16930.59765625,0.009844853542745113,0.010398155078291893,0.009441226720809937,0.9844853542745113,2.0488491859287024,0.2598342888628031,1.8414642340503633,0.25984129210297396,1.123707316767468,2.305409755898854,1.7223825530792967,51.365197171952666,51.365197171952666,greedy,1.7223825530792967,0.0,hard_fault_cluster,0.0,True
33,N4677,control0,0.27074548602104187,1.7841691549122334,3.0490231633186338,0.11345232859253884,1.1597099506929518,1.7788163904026886,1.784348307601107,1.7841691549122334,-0.7910375449078364,0.0067667641618306355,3,3,1,0.026475385367236925,-1.0,2,2,0,0.0,0.27074548602104187,0.2775036692619324,1.0211184952408077,2.3815410137176514,0.0027750366926193237,0.06294265389442444,0.002988778054714203,-0.645458996295929,1.4617719650268555,-0.050773270428180695,-0.10266275703907013,0.0011162161827087402,0.002988778054714203,-0.04155246935784823,0.016002077609300613,0.0938393771648407,-0.000807933509349823,29267.650390625,12337.01171875,16930.638671875,29049.353515625,12239.3125,16810.041015625,0.0074586402624845505,0.007919196039438248,0.0071230423636734486,0.745864026248455,1.880700208246708,0.4926256438717246,1.670330872759223,0.4326134821400046,1.266888466849923,2.39847750345245,1.7841691549122334,53.1493663268649,53.1493663268649,greedy,1.7841691549122334,0.0,hard_fault_cluster,0.0,True
34,N7411,control1,0.077992744743824,0.3650481677427888,0.8526956021785737,-0.1181385267525911,0.23728130903281272,0.35869138109618703,0.3650481677427888,0.3650481677427888,-1.0,0.00635678664660178,1,2,0,0.0,-1.0,0,1,0,0.0,0.077992744743824,0.2721085548400879,0.14554135575890542,0.3581354096531868,0.002721085548400879,0.06017494201660156,-0.004268202930688858,-1.0735834836959839,1.1834609508514404,0.07829054445028305,0.05018310248851776,0.10639798641204834,-0.004268202930688858,-1.592239709869027,0.017117895185947418,0.07712523639202118,0.0012884102761745453,29048.48046875,12238.42578125,16810.0546875,28855.14453125,12130.1953125,16724.94921875,0.006655630189925432,0.008843495510518551,0.005062771495431662,0.6655630189925432,1.9796298705041409,2.2496069586277008,1.7787496065720916,2.165450397729874,0.7740921653807163,0.9740914439037442,0.3650481677427888,53.51441449460769,53.51441449460769,greedy,0.3650481677427888,0.0,hard_fault_cluster,0.007212558336868899,False
35,N7891,control1,0.013728653080761433,0.3890647108387202,0.6573199689388275,-0.07330799689516423,0.2528920620451681,0.3830930624253842,0.3890647108387202,0.3890647108387202,-1.0,0.005971648413335981,1,2,0,0.0,-1.0,0,1,0,0.0,0.013728653080761433,0.26666259765625,-0.3543316154088825,-0.11510721445083616,0.0026666259765625,0.0686749517917633,-0.00021580606698989868,-0.8423981070518494,1.0822632312774658,0.05309385806322098,-0.08395908772945404,0.190146803855896,-0.00021580606698989868,-0.002620806284248829,0.016156233847141266,0.07949748635292053,0.0005246922373771667,28854.94140625,12130.2099609375,16724.732421875,28894.740234375,12187.58984375,16707.150390625,-0.0013792725512757897,-0.004730328917503357,0.0010512593435123563,-0.13792725512757897,1.8820701763033867,0.6665336426347493,1.6822350826114416,0.6839939650148152,0.19251234680414203,0.421202257424593,0.3890647108387202,53.90347920544641,53.90347920544641,greedy,0.3890647108387202,0.0,hard_fault_cluster,0.011849344054168431,False
36,N4670,control0,0.3456563949584961,3.130000917762518,3.161664593219757,0.9214844991266726,2.034500596545637,3.1247525415515724,3.130000917762518,3.130000917762518,-0.9355653595397503,0.005609844526017187,3,3,1,0.0,-1.0,2,2,1,0.0,0.3456563949584961,0.2763611674308777,2.0307202292233706,2.512787592411041,0.002763611674308777,0.05965396761894226,0.011932512745261192,-0.5807318091392517,1.464857578277588,-0.05413929373025894,-0.11766345798969269,0.009384870529174805,0.011932512745261192,5.61710151694715,0.012615054845809937,0.07928109169006348,-0.0008880123496055603,28895.8671875,12188.4853515625,16707.3828125,28696.603515625,12099.814453125,16596.7890625,0.006895923055708408,0.00727497274056077,0.0066194538958370686,0.6895923055708408,1.5497991647571325,0.8914003133028744,1.3335789046250284,0.880187712907791,1.3804683722555637,2.4723044419661164,3.130000917762518,57.033480123208925,57.033480123208925,greedy,3.130000917762518,0.0,hard_fault_cluster,0.0,True
37,N7413,control1,0.17145703732967377,0.3340774258226156,0.9255506604909896,-0.006766574829816796,0.21715032678470017,0.3288074645945224,0.3340774258226156,0.3340774258226156,-1.0,0.005269961228093217,1,2,0,0.0,-1.0,0,1,0,0.0,0.17145703732967377,0.27192139625549316,-0.008566147759556789,0.28554296791553496,0.0027192139625549314,0.057730287313461304,0.008559951558709145,-1.0917537212371826,1.1710011959075928,0.08620859682559967,0.07515564560890198,0.09726154804229736,0.008559951558709145,-0.5004801046848297,0.013255104422569275,0.06542940437793732,0.00019161030650138855,28695.859375,12099.22265625,16596.63671875,28531.330078125,12000.556640625,16530.7734375,0.005733555182814598,0.008154739625751972,0.00396847166121006,0.5733555182814598,1.6059917900711298,1.5468061482906341,1.395630779210478,1.537784913778305,0.5739342749118804,1.2372920247912407,0.3340774258226156,57.36755754903154,57.36755754903154,greedy,0.3340774258226156,0.0,hard_fault_cluster,0.009494119314156158,False
38,N4663,control0,0.39619219303131104,1.6991564643383028,2.597134232521057,0.43586143612861633,1.104451701819897,1.6942057939201114,1.6991564643383028,1.6991564643383028,-1.0,0.004950670418191316,3,3,1,0.0,-1.0,2,2,1,0.0,0.39619219303131104,0.27844470739364624,1.3330412880331277,2.413330751657486,0.002784447073936462,0.054979950189590454,0.017573291435837746,-0.6072573661804199,1.4349114894866943,-0.0547645166516304,-0.12746553122997284,0.017936497926712036,0.017573291435837746,1.9620105788856745,0.009287480264902115,0.06782816350460052,-0.0017641112208366394,28532.0859375,12001.15234375,16530.93359375,28392.04296875,11953.7890625,16438.25390625,0.004908262751996517,0.003946560900658369,0.005606439895927906,0.4908262751996517,1.2247660253196955,0.10111695520579816,1.0027525261975825,-0.04767891772091387,1.032841471582651,2.2463469565287233,1.6991564643383028,59.06671401336984,59.06671401336984,greedy,1.6991564643383028,0.0,hard_fault_cluster,0.0,True
39,N4656,control0,0.4394471049308777,1.1822280447185038,2.3340023338794706,0.3261747749149799,0.7684482290670275,1.1783068638079761,1.1822280447185038,1.1822280447185038,-0.8431333534815075,0.004650724460533175,2,3,0,0.0,-1.0,2,2,0,0.0,0.4394471049308777,0.281441867351532,1.0186299149692057,2.2721435248851773,0.00281441867351532,0.05457252264022827,0.01983134262263775,-0.7002206444740295,1.4168829917907715,-0.05533408373594284,-0.12937091290950775,0.01870274543762207,0.01983134262263775,1.4264539024233818,0.006610460579395294,0.07088680565357208,-0.0031735673546791077,28392.087890625,11953.798828125,16438.2890625,28261.484375,11889.9443359375,16371.5400390625,0.004599996842443943,0.0053417738527059555,0.004060582257807255,0.4599996842443943,0.9623192679136992,0.2910225114226341,0.7363643604330719,0.2910225114226341,0.8752612739801406,2.1439198280870913,1.1822280447185038,60.248942058088346,60.248942058088346,greedy,1.1822280447185038,0.0,hard_fault_cluster,0.0,True
40,N713,observe,0.5172128081321716,1.6298440317809582,2.0478760600090027,0.16309708341956142,1.059398620657623,1.6326893783186531,1.6298440317809582,1.6298440317809582,0.6512653348485129,0.00436895130977102,3,2,1,0.0,0.2143972942192623,2,1,1,0.0,0.5172128081321716,0.2889910936355591,1.2171429157257079,2.5499596714973447,0.002889910936355591,0.06818002462387085,0.011393332853913307,-0.3529702425003052,1.8556432723999023,0.22555453330278397,-0.026126787066459656,0.4772358536720276,0.011393332853913307,-0.20891279846429828,0.00930691510438919,0.07524313032627106,-0.0028168559074401855,28260.681640625,11889.04296875,16371.638671875,28383.46875,11966.2841796875,16417.18359375,-0.004344803746789694,-0.00649684015661478,-0.0027819403912872076,-0.4344803746789694,1.2310759369283915,1.5406319266557693,1.0057876170612872,1.496380198597908,1.3834582075476647,2.5862648221105333,1.6298440317809582,61.8787860898693,61.8787860898693,greedy,1.6298440317809582,0.0,hard_fault_cluster,0.0,True
41,N4684,control0,0.47034525871276855,2.0081614656277726,2.9323112964630127,0.35148441738429936,1.3053049526580522,2.0045283807449903,2.0081614656277726,2.0081614656277726,-0.8852006928643509,0.0041042499311949405,2,3,0,0.0,-1.0,1,2,0,0.0,0.47034525871276855,0.28466689586639404,1.8468627446792651,2.9204158306121824,0.0028466689586639404,0.053604722023010254,0.01313743181526661,-0.695671796798706,1.4048824310302734,-0.03494194149971008,-0.10586734116077423,0.035983458161354065,0.01313743181526661,0.559100328618415,0.004990473389625549,0.06670190393924713,-0.004943057894706726,28384.138671875,11967.158203125,16416.98046875,28247.525390625,11905.4921875,16342.033203125,0.00481301499530673,0.005152937490493059,0.004565228242427111,0.481301499530673,0.7968516666442156,0.2977056458522702,0.5734984208829701,0.2977065617443577,1.7537972832557445,2.714968234116234,2.0081614656277726,63.88694755549707,63.88694755549707,greedy,2.0081614656277726,0.0,hard_fault_cluster,0.0,True
42,N6537,observe,0.7129700779914856,3.77815392376855,3.543079972267151,0.5818591747619212,2.455800050449558,3.780464666072558,3.77815392376855,3.77815392376855,0.5993232429408175,0.003855585998415836,3,2,1,0.0,0.2547812301990835,2,1,1,0.0,0.7129700779914856,0.319924533367157,3.502841224335134,4.1323652982711785,0.00319924533367157,0.05429360270500183,0.014246182516217232,-0.32650819420814514,1.8427095413208008,0.23933395743370056,0.14075326919555664,0.3379146456718445,0.014246182516217232,0.8527537822723389,0.010945383459329605,0.07290603220462799,1.2949109077453613e-05,28246.736328125,11904.7890625,16341.947265625,28583.98828125,12093.857421875,16490.130859375,-0.011939501389861107,-0.015881706029176712,-0.009067682549357414,-1.1939501389861107,1.4287090618163347,2.543379857689142,1.178081024903804,2.4040504719316957,3.077755357325077,3.732615951672196,3.77815392376855,67.66510147926563,67.66510147926563,greedy,3.77815392376855,0.0,hard_fault_cluster,0.0,True
43,N8470,observe,0.5852097272872925,3.4503371737897397,3.1281109571456907,0.47088665887713427,2.242719162963331,3.4518840910738007,3.4503371737897397,3.4503371737897397,0.4270906881505433,0.003621987851712573,3,2,1,0.0,-0.18210915660466878,2,1,1,0.0,0.5852097272872925,0.3082563877105713,2.6271872386336326,2.7096812963485717,0.0030825638771057127,0.05651700496673584,0.01713586039841175,-0.518677830696106,1.7877397537231445,0.28924788534641266,0.25020450353622437,0.32829126715660095,0.01713586039841175,0.9323398333787918,0.008550722151994705,0.072217658162117,-0.0022753849625587463,28584.42578125,12094.48828125,16489.9375,28441.931640625,11990.955078125,16450.9765625,0.004985027015209198,0.00856036227196455,0.0023627097252756357,0.4985027015209198,1.1804644633084536,2.631652562618256,0.9364202772267163,2.4659562039375307,2.6351230055093766,3.0724628810584544,3.4503371737897397,71.11543865305536,71.11543865305536,greedy,3.4503371737897397,0.0,hard_fault_cluster,0.0,True
44,N4649,control0,0.4959254264831543,2.051898235064,2.9450818657875057,0.368868259396404,1.3337338527915998,2.0484956923627493,2.051898235064,2.051898235064,-1.0,0.00340254270125051,3,3,1,0.0,-1.0,2,2,1,0.0,0.4959254264831543,0.29948747158050537,1.8165290305390953,2.820231795310974,0.002994874715805054,0.04961824417114258,0.01729186810553074,-0.7200911641120911,1.418515682220459,-0.040604159235954285,-0.11765043437480927,0.036442115902900696,0.01729186810553074,1.2021972671151162,0.0023640766739845276,0.06259873509407043,-0.005359143018722534,28442.330078125,11991.037109375,16451.29296875,28233.35546875,11879.0009765625,16354.353515625,0.007347309961915016,0.009343323297798634,0.005892512854188681,0.7347309961915016,0.5531870070844889,-0.3336457942426205,0.3156025023199618,-0.3213433359563351,1.871736387908459,2.7916286521404983,2.051898235064,73.16733688811937,73.16733688811937,greedy,2.051898235064,0.0,hard_fault_cluster,0.0,True
45,N4635,control0,0.4976588487625122,1.5852356211841105,2.574006700515747,0.37550809487700454,1.0304031537696718,1.5820392281237752,1.5852356211841105,1.5852356211841105,-1.0,0.0031963930603353787,3,3,1,0.0,-1.0,2,2,1,0.0,0.4976588487625122,0.30171090364456177,1.5387429311871528,2.3027198553085326,0.003017109036445618,0.048571765422821045,0.01753528229892254,-0.7526989579200745,1.414792537689209,-0.044991448521614075,-0.12179456651210785,0.0318116694688797,0.01753528229892254,1.1306666028499603,-0.001253768801689148,0.057747408747673035,-0.007007330656051636,28233.380859375,11879.005859375,16354.375,28047.71875,11778.4853515625,16269.2333984375,0.006575978826731443,0.008462030440568924,0.005206044297665358,0.6575978826731443,0.1938693057745695,-0.24411929219961165,-0.04556533368304372,-0.2907670196890831,1.3512715816497802,2.317234569787979,1.5852356211841105,74.75257250930348,74.75257250930348,greedy,1.5852356211841105,0.0,hard_fault_cluster,0.0,True
46,N4698,control0,0.5104660987854004,1.6336922243237497,2.5505705833435055,0.4366821929812431,1.0618999458104375,1.6306894909289844,1.6336922243237497,1.6336922243237497,-1.0,0.0030027333947653975,3,3,1,0.0,-1.0,2,2,1,0.0,0.5104660987854004,0.3049699068069458,1.7127895459532738,2.4251382827758787,0.003049699068069458,0.049985915422439575,0.01642090268433094,-0.7692254185676575,1.4016337394714355,-0.04370349645614624,-0.12496306002140045,0.03755606710910797,0.01642090268433094,1.4671062126755714,-0.0036672204732894897,0.057151854038238525,-0.008727364242076874,28047.71484375,11778.484375,16269.23046875,27915.763671875,11701.806640625,16213.95703125,0.004704524762928486,0.006509982980787754,0.0033974216785281897,0.4704524762928486,-0.045331237837672234,-0.42031590178608896,-0.2863743449561298,-0.414496581107378,1.3551345705986024,2.3248102313280103,1.6336922243237497,76.38626473362723,76.38626473362723,greedy,1.6336922243237497,0.0,hard_fault_cluster,0.0025804699171533365,True
47,N7881,control1,0.4557742476463318,0.6984606308117509,0.6164857625961303,0.09867713827639817,0.4539994100276381,0.6956398238365621,0.6984606308117509,0.6984606308117509,-1.0,0.0028208069751888675,0,2,0,0.0,-1.0,0,1,0,0.0,0.4557742476463318,0.2981911897659302,0.35459060005843634,0.3425550505518913,0.0029819118976593018,0.06513664126396179,0.011179724708199501,-0.9308345913887024,1.1032679080963135,0.05289077013731003,-0.07971708476543427,0.18549862504005432,0.011179724708199501,0.45544213153421875,-0.0017695352435112,0.05408824235200882,-0.007889807224273682,27914.994140625,11701.1142578125,16213.8798828125,28041.927734375,11770.587890625,16271.33984375,-0.004547147545963526,-0.00593735184520483,-0.0035438749473541975,-0.4547147545963526,0.13241739012300968,0.6881816136837006,-0.09961079573258758,0.6835991132259369,0.46248229071497915,0.5304798852279782,0.6984606308117509,77.08472536443898,77.08472536443898,greedy,0.6984606308117509,0.0,hard_fault_cluster,0.005061267980820462,False
48,N7882,control1,0.4879705011844635,0.7392932231724263,0.6792268276214599,0.0808980955183506,0.4805405950620771,0.7366433202522585,0.7392932231724263,0.7392932231724263,-1.0,0.00264990292016779,0,2,0,0.0,-1.0,0,1,0,0.0,0.4879705011844635,0.2942509055137634,0.3911628188192844,0.37327357530593874,0.0029425090551376343,0.06677901744842529,0.008600043132901192,-0.9684249758720398,1.0706422328948975,0.057242535054683685,-0.06636054813861847,0.18084561824798584,0.008600043132901192,0.25447891294956204,0.000393889844417572,0.05363902449607849,-0.00708337128162384,28041.97265625,11770.615234375,16271.357421875,28107.0078125,11813.53125,16293.4755859375,-0.0023192076478153467,-0.00364602985791862,-0.001359331188723445,-0.23192076478153467,0.3422399330884218,0.7042020332813262,0.11510172160342336,0.7050593745708466,0.600050064921379,0.6263703993707894,0.7392932231724263,77.8240185876114,77.8240185876114,greedy,0.7392932231724263,0.0,hard_fault_cluster,0.013909127036693598,False
49,N7883,control1,0.500625729560852,0.6850355602800846,0.7265056610107421,0.04872636869549752,0.445273114182055,0.6825462068616914,0.6850355602800846,0.6850355602800846,-1.0,0.0024893534183931974,0,2,0,0.0,-1.0,0,1,0,0.0,0.500625729560852,0.28953003883361816,0.3127920744940639,0.4151113703846931,0.0028953003883361817,0.06681755185127258,0.005807595327496529,-0.9682356715202332,1.0577690601348877,0.05540120601654053,-0.06560957431793213,0.17641198635101318,0.005807595327496529,0.14663379929959772,0.00167103111743927,0.05247452110052109,-0.0064109861850738525,28107.033203125,11813.548828125,16293.484375,28167.40234375,11856.5576171875,16310.84375,-0.0021478303242474794,-0.003640632377937436,-0.0010654182406142354,-0.21478303242474794,0.4624407459050417,0.7197666585445404,0.24093752028420568,0.7151088416576385,0.5845385797321796,0.6823093653842807,0.6850355602800846,78.50905414789149,78.50905414789149,greedy,0.6850355602800846,0.0,hard_fault_cluster,0.009347060417231112,False
50,N724,observe,0.6688570976257324,2.1020519070327284,3.1572451829910273,0.2271960638463497,1.3663337395712736,2.103121417406073,2.1020519070327284,2.1020519070327284,0.45734280145542006,0.0023385311191979493,3,2,1,0.0,-0.2761620244794786,2,1,1,0.0,0.6688570976257324,0.3004627823829651,1.3512047134339809,2.5171342372894285,0.003004627823829651,0.06589224934577942,0.0051044803112745285,-0.5022966861724854,1.78757905960083,0.24075862765312195,0.05782404541969299,0.4236932098865509,0.0051044803112745285,0.5445055277645587,0.005009323358535767,0.059872448444366455,-0.0038852468132972717,28167.828125,11856.2626953125,16311.564453125,28250.400390625,11931.890625,16318.509765625,-0.0029314388521015644,-0.006378732621669769,-0.0004257906985003501,-0.29314388521015644,0.8064995985478163,1.726590715646744,0.5773241515271366,1.7249290335178376,1.522953347116709,3.06746065441519,2.1020519070327284,80.61110605492422,80.61110605492422,greedy,2.1020519070327284,0.0,hard_fault_cluster,0.0,True
51,N4705,control0,0.5796743035316467,1.4764086474478244,2.6357866525650024,0.2557073326408863,0.9596656208410859,1.474211800766654,1.4764086474478244,1.4764086474478244,-1.0,0.002196846681170371,3,3,1,0.0,-1.0,2,2,1,0.0,0.5796743035316467,0.2946215867996216,1.0683244507759808,1.8078235149383544,0.002946215867996216,0.05242452025413513,0.0075151193886995316,-0.675189197063446,1.3921866416931152,-0.03476971387863159,-0.111198291182518,0.04165886342525482,0.0075151193886995316,1.7018617112189531,-0.0003177747130393982,0.0532144233584404,-0.006980478763580322,28250.734375,11932.9130859375,16317.8203125,28114.517578125,11849.62890625,16264.888671875,0.004821707960218191,0.006979366764426231,0.003243793500587344,0.4821707960218191,0.2703592348843813,0.040574856773018864,0.04375670524314046,0.00988457418978217,0.9652527920901774,1.9843121267482637,1.4764086474478244,82.08751470237205,82.08751470237205,greedy,1.4764086474478244,0.0,hard_fault_cluster,0.0,True
52,N3911,control0,0.5245354175567627,0.9154681221395731,0.674515700340271,0.19625096149742602,0.5950542793907225,0.9154715128591442,0.9154681221395731,0.9154681221395731,0.0016429923062821832,0.0020637464692898773,3,3,1,0.0,0.07490259808351082,2,2,1,0.0,0.5245354175567627,0.2959061861038208,0.8395456437021493,0.6745642244815826,0.002959061861038208,0.05366167426109314,0.005100751295685768,-0.3706705868244171,1.5602519512176514,-0.0074286088347435,-0.15600775182247162,0.14115053415298462,0.005100751295685768,0.8384743407741189,-0.0012863725423812866,0.05064401030540466,-0.008016161620616913,28114.36328125,11849.5439453125,16264.818359375,28076.296875,11790.708984375,16285.5869140625,0.0013539843494072556,0.004965166561305523,-0.00127690052613616,0.13539843494072556,0.1723696831613779,0.29546773884445426,-0.05338551988825202,0.2832596049085259,0.7047114532440901,0.6634170024469495,0.9154681221395731,83.00298282451162,83.00298282451162,greedy,0.9154681221395731,0.0,hard_fault_cluster,0.0,True
53,N3904,control0,0.5028693675994873,0.9457386976853013,0.6744767487049103,0.21553446907550092,0.6147301534954458,0.9457397586240874,0.9457386976853013,0.9457386976853013,0.0005472394385516483,0.0019387103915861005,2,3,0,0.0,0.038794662498517235,1,2,0,0.0,0.5028693675994873,0.29912686347961426,0.8715397940948606,0.6797562539577484,0.002991268634796143,0.05128961801528931,0.004866478964686394,-0.39762529730796814,1.5630583763122559,-0.007389046251773834,-0.15958337485790253,0.14480528235435486,0.004866478964686394,0.8389135757274925,-0.002673104405403137,0.049331873655319214,-0.008165217936038971,28076.23828125,11790.671875,16285.56640625,28015.376953125,11735.81640625,16279.560546875,0.0021677166223526,0.00465244660153985,0.00036878418177366257,0.21677166223526,0.03668290190398693,0.3177787549234926,-0.19131210492923856,0.2819295711256563,0.7059026313945651,0.6650903613248375,0.9457386976853013,83.94872152219692,83.94872152219692,greedy,0.9457386976853013,0.0,hard_fault_cluster,0.0,True
54,N4716,control0,0.49686017632484436,1.012008522003889,0.9081084311008453,0.24755844786763187,0.6578055393025279,1.0108772641962078,1.012008522003889,1.012008522003889,-0.6211436597804096,0.0018212498668682118,3,3,1,0.0,-0.6524590724028184,2,2,1,0.0,0.49686017632484436,0.3013492226600647,0.8848276866972447,-0.3407088458538055,0.003013492226600647,0.04965117573738098,0.0061905886977910995,-0.7160433530807495,1.4552710056304932,-0.14254235476255417,-0.26456570625305176,-0.02051900327205658,0.0061905886977910995,1.15308478474617,-0.0068645179271698,0.04738868772983551,-0.009440399706363678,28015.59765625,11735.9873046875,16279.6103515625,27860.28125,11643.748046875,16216.5341796875,0.005543926265090704,0.007859522476792336,0.003874550573527813,0.5543926265090704,-0.3789119813591242,-0.25496767193078995,-0.609566839877516,-0.2908453467488289,0.6427664309740067,0.40108979746699336,1.012008522003889,84.96073004420082,84.96073004420082,greedy,1.012008522003889,0.0,hard_fault_cluster,0.0,True
55,N4712,control0,0.4906391203403473,0.9725465787947178,1.229581969976425,0.21096387699246405,0.6321552762165666,0.9714618212934099,0.9725465787947178,0.9725465787947178,-0.6340252210409865,0.0017109059155833016,3,3,1,0.0,-0.6033009432582862,2,2,1,0.0,0.4906391203403473,0.3026226758956909,0.8132836490869522,-1.3720348894596097,0.0030262267589569094,0.05067551136016846,0.004239188507199287,-0.7676514387130737,1.3779113292694092,-0.04745187610387802,-0.12994079291820526,0.03503704071044922,0.004239188507199287,1.0920543806254863,-0.00972755253314972,0.044376544654369354,-0.01062135398387909,27860.236328125,11643.671875,16216.564453125,27769.974609375,11579.412109375,16190.5625,0.0032398044131696224,0.005518857389688492,0.001603419310413301,0.32398044131696224,-0.6658933889120817,-0.468522851318121,-0.8960397872142494,-0.4738643811643124,0.616341845691204,0.006756275817752011,0.9725465787947178,85.93327662299554,85.93327662299554,greedy,0.9725465787947178,0.0,hard_fault_cluster,0.0,True
56,N3897,control0,0.47827285528182983,0.9302926168464251,0.6852180778980255,0.19696813676717057,0.6046902009501763,0.9302927536781446,0.9302926168464251,0.9302926168464251,8.513420046683806e-05,0.0016072473663438034,2,3,0,0.0,0.01755615741045694,1,2,0,0.0,0.47827285528182983,0.3050660490989685,0.8405487739393152,0.47071983716450627,0.003050660490989685,0.04995045065879822,0.0019896570593118668,-0.5450774431228638,1.4936017990112305,-0.016584984958171844,-0.18474628031253815,0.15157631039619446,0.0019896570593118668,0.8338282658173773,-0.009847857058048248,0.04100513458251953,-0.010473094880580902,27769.794921875,11579.306640625,16190.48828125,27792.3359375,11574.490234375,16217.8447265625,-0.000811709847766906,0.0004159494419582188,-0.0016896615270525217,-0.0811709847766906,-0.6777299996465445,0.17902845104920628,-0.9080217792652547,0.17894421426656548,0.6976687797819636,0.5175141822075108,0.9302926168464251,86.86356923984196,86.86356923984196,greedy,0.9302926168464251,0.0,hard_fault_cluster,0.0,True
57,N3862,control0,0.4835244119167328,0.9635790503025055,0.6870348930358887,0.21665472507476805,0.6263263826966285,0.9635790503025055,0.9635790503025055,0.9635790503025055,0.0,0.001509869171115925,2,3,0,0.0,0.0156277609489582,1,2,0,0.0,0.4835244119167328,0.3069568872451782,0.8725146472454071,0.46710956450551744,0.003069568872451782,0.046388834714889526,0.0011499840766191483,-0.5568076372146606,1.481968879699707,-0.018441639840602875,-0.19497250020503998,0.15808922052383423,0.0011499840766191483,0.8420912596583366,-0.01055842638015747,0.038162872195243835,-0.010156199336051941,27792.353515625,11574.5078125,16217.845703125,27766.5546875,11554.47265625,16212.0810546875,0.0009282707469537854,0.0017309726681560278,0.0003554509312380105,0.09282707469537854,-0.7477357666939497,0.18728827990591526,-0.9788159201852977,0.18727195102721453,0.7134310364723205,0.5859333238482941,0.9635790503025055,87.82714829014446,87.82714829014446,greedy,0.9635790503025055,0.0,hard_fault_cluster,0.0,True
58,N3855,control0,0.4880874454975128,0.9479736652271822,0.68524871468544,0.20825572776142506,0.6161828823976684,0.9479738898815564,0.9479736652271822,0.9479736652271822,0.00015838679340006944,0.0014183908224856552,2,3,0,0.0,0.014079949971685674,1,2,0,0.0,0.4880874454975128,0.3074702024459839,0.8608589133480563,0.34233586490154266,0.003074702024459839,0.04276952147483826,-0.0007918756455183029,-0.5742469429969788,1.4636738300323486,-0.020904146134853363,-0.20251013338565826,0.16070184111595154,-0.0007918756455183029,0.8451431307964958,-0.011289946734905243,0.03490795940160751,-0.009775996208190918,27766.59375,11554.501953125,16212.091796875,27726.15625,11530.216796875,16195.9384765625,0.0014563363511115313,0.002101791789755225,0.0009963748743757606,0.14563363511115313,-0.8223163466900587,0.19315128880785776,-1.052325091790408,0.19330430696951223,0.7186160295968875,0.56879417492426,0.9479736652271822,88.77512195537165,88.77512195537165,greedy,0.9479736652271822,0.0,hard_fault_cluster,0.0,True
59,N3848,control0,0.48895639181137085,0.9288761089742185,0.6817178606986999,0.198895570486784,0.6037694708332421,0.9288761089742185,0.9288761089742185,0.9288761089742185,0.0,0.0013324548668177743,2,3,0,0.0,0.013440121060747533,1,2,0,0.0,0.48895639181137085,0.3067623972892761,0.8476034641265869,0.46783601148054,0.0030676239728927614,0.0384468138217926,-0.002709086984395981,-0.5848984122276306,1.4462952613830566,-0.021569587290287018,-0.20522083342075348,0.16208165884017944,-0.002709086984395981,0.884095780402422,-0.0120612233877182,0.031284138560295105,-0.009334549307823181,27726.22265625,11530.26171875,16195.9619140625,27675.68359375,11500.9482421875,16174.734375,0.0018227893160656095,0.0025423080660402775,0.0013106686528772116,0.18227893160656095,-0.9020690284669399,0.19068761587142943,-1.1301090111956,0.19068761587142943,0.7215217769145965,0.5616361835063435,0.9288761089742185,89.70399806434587,89.70399806434587,greedy,0.9288761089742185,0.0,hard_fault_cluster,0.0,True
60,N3827,control0,0.4874882698059082,1.1293510548770427,0.809214949607849,0.22217229232192037,0.7340781856700778,1.1293510548770427,1.1293510548770427,1.1293510548770427,0.0,0.0012517255074980076,3,3,1,0.0,0.019691378603693688,2,2,1,0.0,0.4874882698059082,0.305347740650177,0.9201362535357476,0.6823808133602142,0.00305347740650177,0.03305274248123169,-0.00453660823404789,-0.5914621949195862,1.4301748275756836,-0.02151130884885788,-0.20602019131183624,0.16299757361412048,-0.00453660823404789,0.9030255326628684,-0.012841060757637024,0.027403317391872406,-0.008848890662193298,27675.78515625,11501.0107421875,16174.7734375,27615.04296875,11464.025390625,16151.0166015625,0.002194777363911271,0.003215834964066744,0.0014687584480270743,0.2194777363911271,-0.9832949433475733,0.21167098314414032,-1.2089032926596701,0.21167026121399088,0.8022749185562135,0.6985771659016611,1.1293510548770427,90.83334911922292,90.83334911922292,greedy,1.1293510548770427,0.0,hard_fault_cluster,0.0,True
61,N3820,control0,0.4872620105743408,1.2030483756534431,1.1410497367382049,0.24724336048423537,0.781981444174738,1.2030702257744712,1.2030483756534431,1.2030483756534431,0.01858181575886637,0.0011758872928004553,3,3,1,0.0,0.046974541316287616,2,2,1,0.0,0.4872620105743408,0.30364543199539185,1.0601644300022144,1.042406940460205,0.0030364543199539185,0.027566760778427124,-0.006360635161399841,-0.5908767580986023,1.4179823398590088,-0.020628027617931366,-0.20681948959827423,0.1655634343624115,-0.006360635161399841,0.8992216502188694,-0.01352362334728241,0.023806825280189514,-0.008387729525566101,27615.16796875,11464.09765625,16151.0703125,27546.26953125,11421.166015625,16125.1025390625,0.002494949148967862,0.0037448774091899395,0.001607805141247809,0.2494949148967862,-1.055077537894249,0.21390520095801094,-1.278041135519743,0.2139055894850526,0.897372114426298,1.0176476143282276,1.2030483756534431,92.03639749487635,92.03639749487635,greedy,1.2030483756534431,0.0,hard_fault_cluster,0.0,True
62,N3889,control0,0.4817071259021759,1.1503601457923651,0.9847742319107056,0.1984239887446165,0.7477340947650374,1.1503585885043368,1.1503601457923651,1.1503601457923651,-0.0014097647683937765,0.001104643883253122,3,3,1,0.0,-0.0007554345380193216,2,2,1,0.0,0.4817071259021759,0.3011576533317566,0.9047828670591116,0.6896462619304657,0.003011576533317566,0.022663861513137817,-0.008956650272011757,-0.6244468092918396,1.390657663345337,-0.024086706340312958,-0.20350275933742523,0.15532934665679932,-0.008956650272011757,0.7841821960359812,-0.013936072587966919,0.020581260323524475,-0.007989063858985901,27546.349609375,11421.232421875,16125.1171875,27477.810546875,11380.3203125,16097.490234375,0.002488135825842619,0.0035821099299937487,0.0017132869688794017,0.2488135825842619,-1.101406255736947,0.456633606813848,-1.3205570080317557,0.4383281859382987,0.8739524412900209,0.8336138034239411,1.1503601457923651,93.18675764066872,93.18675764066872,greedy,1.1503601457923651,0.0,hard_fault_cluster,0.0,True
63,N3882,control0,0.47529691457748413,1.091056650625542,0.9212696194648742,0.1589215997699648,0.7091868229066023,1.091048407153953,1.091056650625542,1.091056650625542,-0.007943854088853447,0.001037716893684987,1,3,0,0.0,-0.0023465804740571473,0,2,0,0.0,0.47529691457748413,0.2980964779853821,0.8459772589616477,0.7386815190315246,0.002980964779853821,0.01878771185874939,-0.011951377615332603,-0.6266167163848877,1.3762967586517334,-0.021696962416172028,-0.2012614756822586,0.15786755084991455,-0.011951377615332603,0.8421304587274789,-0.014135472476482391,0.017701759934425354,-0.007828034460544586,27477.95703125,11380.40234375,16097.5556640625,27405.18359375,11335.7880859375,16069.39453125,0.002648429712280631,0.003920270595699549,0.001749404240399599,0.2648429712280631,-1.1274021472781897,0.45001737620681526,-1.3420109725557268,0.4443163409456611,0.880386221408844,0.8744344794005157,1.091056650625542,94.27781429129426,94.27781429129426,greedy,1.091056650625542,0.0,hard_fault_cluster,0.0,True
64,N3805,control0,0.44135209918022156,1.005241790339351,0.7930298447608948,0.20803350232541562,0.6534071637205782,1.0052327165210908,1.005241790339351,1.005241790339351,-0.009307961851615738,0.0009748448054298997,3,3,1,0.0,-0.0027445889926900127,2,2,1,0.0,0.44135209918022156,0.2927648425102234,0.8289051381871104,0.6006304800510406,0.002927648425102234,0.012904912233352661,-0.014957154169678688,-0.6401839256286621,1.3560640811920166,-0.019399456679821014,-0.19872106611728668,0.15992215275764465,-0.014957154169678688,0.877698768004775,-0.014423996210098267,0.013935327529907227,-0.007597669959068298,27405.34375,11335.8720703125,16069.470703125,27343.25,11294.2861328125,16048.962890625,0.0022657534573227167,0.0036685257218778133,0.0012761971447616816,0.22657534573227167,-1.164591932669282,0.40859154004603626,-1.3729476989246905,0.4063152088597417,0.7930251955986023,0.7833703455328941,1.005241790339351,95.28305608163362,95.28305608163362,greedy,1.005241790339351,0.0,hard_fault_cluster,0.0006491820306414068,True
65,N5603,control0,0.4279418885707855,1.0404331751167775,1.166562634706497,0.20768192186951637,0.6762815638259054,1.040381423297158,1.0404331751167775,1.0404331751167775,-0.0565110722414344,0.000915781944436709,3,3,1,0.0,-0.017890795437260864,2,2,1,0.0,0.4279418885707855,0.2940390110015869,1.058230426907539,2.102756994962692,0.002940390110015869,0.013874292373657227,-0.020248709246516228,-0.7301310300827026,1.3114957809448242,-0.07034364342689514,-0.25233954191207886,0.11165225505828857,-0.020248709246516228,0.4097565349936485,-0.012806706130504608,0.017605014145374298,-0.007821045815944672,27345.5703125,11291.4091796875,16054.1611328125,27320.65625,11280.8623046875,16039.79296875,0.0009110821993090212,0.0009340618853457272,0.000894980679731816,0.09110821993090212,-1.0068803112953901,0.809243189394474,-1.2122230376116931,0.8123417845368386,0.995062729716301,1.7243724089115857,1.0404331751167775,96.32348925675039,96.32348925675039,greedy,1.0404331751167775,0.0,hard_fault_cluster,0.014089968976215096,False
66,N7506,observe,0.6448156833648682,1.806651768013835,1.5708332538604737,0.271213269457221,1.1743236492089928,1.8070313665124584,1.806651768013835,1.806651768013835,0.44124095354016096,0.0008602975212925692,3,2,1,0.0,0.3790204388539784,2,1,1,0.0,0.6448156833648682,0.30018192529678345,1.6992524243891238,1.5706332206726075,0.0030018192529678344,0.02699407935142517,-0.025678014382719994,-0.4571825861930847,1.6311686038970947,0.3058493807911873,0.1305042952299118,0.48119446635246277,-0.025678014382719994,0.03597930550575257,-0.005200967192649841,0.029480256140232086,-0.005023553967475891,27317.822265625,11283.193359375,16034.62890625,27499.869140625,11406.2607421875,16093.6083984375,-0.0066640330478549,-0.010907141491770744,-0.003678257344290614,-0.66640330478549,-0.24559280835092068,1.9727326196432111,-0.45147074153646827,1.9605096858739852,1.6918048709630966,1.7337335050106049,1.806651768013835,98.13014102476423,98.13014102476423,greedy,1.806651768013835,0.0,hard_fault_cluster,0.0016798035921953755,True
67,N4606,control0,0.4736398160457611,0.9382396902516486,0.7125195622444153,0.2025412467494607,0.6098557986635715,0.9382053611372814,0.9382396902516486,0.9382396902516486,-0.0424773419880758,0.0008081747294082938,3,3,1,0.0,-0.026218379566397113,2,2,1,0.0,0.4736398160457611,0.282961905002594,0.8322231883183121,0.679507142305374,0.00282961905002594,0.0015826523303985596,-0.021114502102136612,-0.6857408285140991,1.336207628250122,0.017386578023433685,-0.14545617997646332,0.1802293360233307,-0.021114502102136612,0.7927475645765663,-0.009836703538894653,0.016687214374542236,-0.006218262016773224,27500.603515625,11406.908203125,16093.6953125,27472.384765625,11364.2001953125,16108.1845703125,0.001026113866828382,0.003744047600775957,-0.0009003064478747547,0.1026113866828382,-0.721822950989008,0.2286316260881722,-0.918208503164351,0.2259209111519158,0.7190657516941428,0.7391302497591823,0.9382396902516486,99.06838071501588,99.06838071501588,greedy,0.9382396902516486,0.0,hard_fault_cluster,0.0009155113784985622,True
68,N2083,observe,0.438678115606308,0.9779381796717644,0.8523558080196381,0.20509428232908247,0.635659816786647,0.9786973895696064,0.9779381796717644,0.9779381796717644,1.0,0.0007592098978418973,3,2,1,0.0,1.0,2,1,1,0.0,0.438678115606308,0.2899329662322998,1.2279708325862884,1.7258187413215635,0.002899329662322998,0.01418718695640564,-0.02607494406402111,0.11926574259996414,1.6458256244659424,0.20678500086069107,0.0331864207983017,0.38038358092308044,-0.02607494406402111,0.052691611051559395,-0.007121488451957703,0.027093835175037384,-0.00700116902589798,27472.76171875,11364.58984375,16108.171875,27551.7734375,11391.2646484375,16160.5078125,-0.0028760021086782217,-0.0023471859749406576,-0.003249030327424407,-0.28760021086782217,-0.44829082302749157,0.7774379789829254,-0.6461843396537006,0.767769742012024,0.9802203938364983,1.3891048200428484,0.9779381796717644,100.04631889468764,100.04631889468764,greedy,0.9779381796717644,0.0,hard_fault_cluster,0.016156351791530944,False
69,N4585,control0,0.42328545451164246,0.975693807080388,0.696281760931015,0.21655294276773926,0.6342009746022522,0.975639255660185,0.9757008643564916,0.9757045260947129,-0.07648699614865248,0.0007132116954499629,3,3,1,0.00989506502582485,-0.05760913342821029,2,2,1,0.015029218383963282,0.42328545451164246,0.2808379530906677,0.8622273329645396,0.6492469608783722,0.0028083795309066773,-0.011400282382965088,-0.02098984643816948,-0.7076696753501892,1.321573257446289,0.018533535301685333,-0.12366198003292084,0.1607290506362915,-0.02098984643816948,0.8513405922427774,-0.00957748293876648,0.018670029938220978,-0.006391987204551697,27551.580078125,11390.9599609375,16160.6201171875,27480.90625,11347.326171875,16133.5810546875,0.002565146191045642,0.0038305630441755056,0.0016731451032683253,0.2565146191045642,-0.6979001872241497,0.2602691629901528,-0.8927862672135234,0.2628975788131356,0.7493488114327191,0.7224868154339492,0.9757045260947129,101.02202342078236,101.02202342078236,greedy,0.9757045260947129,0.0,hard_fault_cluster,0.0,True
70,N7722,control0,0.5038935542106628,1.6275692754611375,2.7463488459587095,0.26144048314541574,1.0579200290497395,1.627365163399742,1.6275692754611375,1.6275692754611375,-0.30464469349019957,0.0006700003832570415,3,3,1,0.0,-0.3766059573141041,2,2,1,0.0,0.5038935542106628,0.2820701599121094,1.300680673494935,2.5113502264022824,0.0028207015991210936,0.008835852146148682,-0.023982034996151924,-0.8285531997680664,0.9970189929008484,0.06088138371706009,0.020953476428985596,0.10080929100513458,-0.023982034996151924,0.6604863467812538,-0.004918195307254791,0.035251423716545105,-0.006682008504867554,27479.81640625,11346.12109375,16133.6953125,27264.69140625,11218.53125,16046.16015625,0.00782847311347723,0.011245238594710827,0.005425611045211554,0.782847311347723,-0.23373140580952168,1.2406414198875426,-0.42729749949648976,1.239256863594055,1.340229296684265,2.9711490428447718,1.6275692754611375,102.6495926962435,102.6495926962435,greedy,1.6275692754611375,0.0,hard_fault_cluster,0.0007757951900698222,True
71,N4578,control0,0.426143616437912,1.2403071227669717,1.654112112522125,0.2937261632084846,0.8061996297985317,1.240207043269306,1.2403071227669717,1.2403071227669717,-0.15900598474086153,0.0006294071121217,3,3,1,0.0,-0.13114938947793572,2,2,1,0.0,0.426143616437912,0.2762296199798584,1.2801937006413935,1.865565812587738,0.002762296199798584,-0.01312321424484253,-0.020244553685188293,-0.726027250289917,1.339808464050293,0.008810199797153473,-0.13581861555576324,0.1534390151500702,-0.020244553685188293,1.062028971761465,-0.008724391460418701,0.022894643247127533,-0.006760910153388977,27265.935546875,11219.8125,16046.123046875,27301.02734375,11259.134765625,16041.8916015625,-0.0012870196951553226,-0.0035047167912125587,0.000263705151155591,-0.12870196951553226,-0.6164540797472,0.41880538471043105,-0.8084428794682026,0.4054434389621019,1.0436727605760097,1.9870189752802252,1.2403071227669717,103.88989981901048,103.88989981901048,greedy,1.2403071227669717,0.0,hard_fault_cluster,0.02232476926914443,False
72,N7471,control0,0.4087437689304352,1.5758420184976423,2.632312524318695,0.32182558278320356,1.0242973120234675,1.5757761905816725,1.5758420184976423,1.5758420184976423,-0.11133247534432354,0.0005912732629548309,3,3,1,0.0,-0.09839223044687742,2,2,1,0.0,0.4087437689304352,0.2780073285102844,1.7672497569816188,2.9880525588989255,0.002780073285102844,0.0002964437007904053,-0.022669218480587006,-0.6990732550621033,1.278390645980835,0.06026657670736313,0.003503575921058655,0.1170295774936676,-0.022669218480587006,0.6168751379847526,-0.0062146782875061035,0.034543171525001526,-0.007249869406223297,27296.90625,11254.7734375,16042.1328125,27253.4296875,11207.685546875,16045.744140625,0.001592728542163968,0.004183814860880375,-0.00022511521819978952,0.1592728542163968,-0.36612971872091293,1.021717979311943,-0.557633301243186,1.0010688322782517,1.4412840202450752,2.949573562219739,1.5758420184976423,105.46574183750812,105.46574183750812,greedy,1.5758420184976423,0.0,hard_fault_cluster,0.003147699757869252,False
73,N7724,control0,0.36165565252304077,1.2201425096951426,2.0422702491283418,0.2759896102361381,0.7930926313018427,1.219993272424106,1.2201425096951426,1.2201425096951426,-0.2686782204365644,0.0005554498269121153,3,3,1,0.0,-0.06462823930102418,2,2,1,0.0,0.36165565252304077,0.27740317583084106,1.4257398324087263,2.7411828398704525,0.0027740317583084106,0.004836469888687134,-0.021248750388622284,-0.6120749115943909,1.214374303817749,0.001592092216014862,-0.0719107836484909,0.07509496808052063,-0.021248750388622284,0.5612504374980927,-0.005480766296386719,0.04080618917942047,-0.007821246981620789,27256.52734375,11210.873046875,16045.654296875,27315.9765625,11220.833984375,16095.142578125,-0.002181100193411112,-0.0008885068236850202,-0.0030842171981930733,-0.21811001934111118,-0.2919222041964531,0.997844435572624,-0.4840380232781172,1.0114826637506484,1.1422332510352136,2.3022275080531838,1.2201425096951426,106.68588434720326,106.68588434720326,greedy,1.2201425096951426,0.0,hard_fault_cluster,0.00556047011247315,False
74,N1539,control0,0.3113587200641632,0.9696638140082359,0.7879536032676696,0.21144505351781842,0.6302814791053534,0.9695900358050963,0.9696638140082359,0.9700458625025096,-0.14139258781953237,0.0005217968231387252,2,3,0,0.0,0.10485050610557728,2,2,1,0.7321786514062074,0.3113587200641632,0.2770708203315735,1.1747253045439718,2.5926967978477475,0.0027707082033157347,0.006156176328659058,-0.021321838721632957,-0.5034172534942627,1.300262451171875,0.004034414887428284,-0.08831571042537689,0.09638454020023346,-0.021321838721632957,0.22663742393255232,-0.004515498876571655,0.04541993886232376,-0.008448570966720581,27316.677734375,11220.322265625,16096.35546875,27373.181640625,11235.197265625,16137.984375,-0.0020684765186160803,-0.0013257195241749287,-0.0025862317997962236,-0.20684765186160803,-0.195800906047225,1.0197699040174484,-0.3876126422546804,1.082953092455864,1.007301491498947,1.5637205412983892,0.9700458625025096,107.65593020970577,107.65593020970577,greedy,0.9700458625025096,0.0,hard_fault_cluster,0.019914096056228025,False
75,N519,control1,0.3719193637371063,1.359163691699505,1.1174691081047057,0.29286826223134993,0.8834563996046783,1.3589252449567786,1.359163691699505,1.359163691699505,-0.48644457981242323,0.0004901827517910914,3,2,1,0.0,-0.6440002481831072,2,1,1,0.0,0.3719193637371063,0.2779567241668701,1.3656825378537178,1.1646795272827148,0.0027795672416687013,-0.011569291353225708,-0.013531865552067757,-0.9231279492378235,0.9494861960411072,0.020847685635089874,-0.1306905895471573,0.17238596081733704,-0.013531865552067757,1.023290351331234,-0.006263017654418945,0.03419193625450134,-0.006400592625141144,27374.33203125,11235.546875,16138.78515625,27586.8359375,11426.3662109375,16160.470703125,-0.007762889377772808,-0.01698353700339794,-0.0013436913723126054,-0.7762889377772808,-0.36187690682709217,0.5154454033076763,-0.5601955507881939,0.5108752171695232,1.014877663552761,0.9883118284493684,1.359163691699505,109.01509390140528,109.01509390140528,greedy,1.359163691699505,0.0,hard_fault_cluster,0.061933722229117534,False
76,N516,control1,0.3674798905849457,1.269961024262011,0.9873737275600432,0.3014561848714947,0.8254746657703071,1.269800826509451,1.269961024262011,1.269961024262011,-0.3478898825146537,0.00046048408019840704,3,2,1,0.0,-0.315660369643847,2,1,1,0.0,0.3674798905849457,0.2717254161834717,1.2031083079054952,0.8802269876003265,0.0027172541618347167,-0.022822946310043335,-0.011819323524832726,-0.7267745137214661,0.9683426022529602,0.032649897038936615,-0.1926443725824356,0.25794416666030884,-0.011819323524832726,1.2135226680524647,-0.007070101797580719,0.02596525102853775,-0.005453094840049744,27589.09375,11427.240234375,16161.853515625,27703.6796875,11524.3046875,16179.3740234375,-0.0041533056646585464,-0.008494129404425621,-0.001084065530449152,-0.41533056646585464,-0.44710408709943295,0.776770054642111,-0.6420336565934122,0.7928710573352873,0.8979270009323954,0.839494838285027,1.269961024262011,110.2850549256673,110.2850549256673,greedy,1.269961024262011,0.0,hard_fault_cluster,0.0,True
77,N899,observe,0.3703209459781647,1.280355744101107,2.4174835503101346,0.30973941173404457,0.8322312336657196,1.2805665739356706,1.280355744101107,1.280355744101107,0.48737231170031703,0.0004325847601560317,3,2,1,0.0,0.5202652646091142,2,1,1,0.0,0.3703209459781647,0.27034205198287964,1.6000300515443087,2.8847901821136475,0.0027034205198287965,-0.007616758346557617,-0.018684102222323418,-0.17574915289878845,1.3437280654907227,0.33722199499607086,0.251858651638031,0.4225853383541107,-0.018684102222323418,0.47446873873472206,-0.004676319658756256,0.03293982893228531,-0.006316617131233215,27698.947265625,11523.681640625,16175.265625,27650.37890625,11466.08984375,16184.2900390625,0.001753436983563006,0.004997690673917532,-0.000557914434466511,0.1753436983563006,-0.2159740161150694,1.025461947619915,-0.40471747843548656,1.0558898922801019,1.2006188750267028,2.60583974301815,1.280355744101107,111.5654106697684,111.5654106697684,greedy,1.280355744101107,0.0,hard_fault_cluster,0.0,True
78,N504,control1,0.38961726427078247,1.3257641369476914,1.1007027268409728,0.26555922050029035,0.8617466890159994,1.3255201494177293,1.3257641369476914,1.3257641369476914,-0.6003988064579052,0.00040637577446461055,3,2,1,0.0,-0.7713361386435759,2,1,1,0.0,0.38961726427078247,0.26437699794769287,1.2543625125661493,0.9777158558368683,0.0026437699794769286,-0.026624053716659546,-0.015039367601275444,-1.0112909078598022,0.7806450128555298,0.026821427047252655,-0.11031375825405121,0.16395661234855652,-0.015039367601275444,0.9076805922016501,-0.006310872733592987,0.021258629858493805,-0.004831783473491669,27655.26953125,11465.9140625,16189.3564453125,27778.5546875,11582.748046875,16195.806640625,-0.004457926377654076,-0.010189679451286793,-0.00039842198020778596,-0.44579263776540756,-0.3817496430128813,0.4758760941214859,-0.5687528657726943,0.4686752271838486,0.9731243601068855,0.9028555984122796,1.3257641369476914,112.8911748067161,112.8911748067161,greedy,1.3257641369476914,0.0,hard_fault_cluster,0.0,True
79,N2044,observe,0.359885036945343,1.2491333906538786,2.321337032318115,0.39228482348844407,0.8119367039250212,1.2493721314233595,1.2491333906538786,1.2491333906538786,0.6253774023930186,0.0003817547109429981,1,2,0,0.0,0.7134858612468858,1,1,0,0.0,0.359885036945343,0.2666754126548767,2.1681604413315654,3.431070709228515,0.002666754126548767,-0.0038022398948669434,-0.019961470738053322,-0.1115896925330162,1.5067565441131592,0.27091412618756294,0.09890518337488174,0.44292306900024414,-0.019961470738053322,0.3608522479981183,-0.004409357905387878,0.034569621086120605,-0.006891228258609772,27773.875,11583.0908203125,16190.78515625,27786.703125,11535.681640625,16251.0224609375,-0.0004618773818947375,0.004092964343726635,-0.0037204683758318424,-0.04618773818947375,-0.19422184862196445,0.7157537154853344,-0.379257305059582,0.7127410046756267,1.330688105151057,2.9055358409695327,1.2491333906538786,114.14030819736998,114.14030819736998,greedy,1.2491333906538786,0.0,hard_fault_cluster,0.0,True
80,N513,control1,0.397461473941803,1.6049461880326272,1.5274942517280579,0.355403793156147,1.0432150222212078,1.6048430495686925,1.6049461880326272,1.6049461880326272,-0.2875938926557477,0.00035862536225043495,3,2,1,0.0,-0.3443165108330603,2,1,1,0.0,0.397461473941803,0.2646908164024353,1.7281305246055125,1.477605938911438,0.002646908164024353,-0.019633471965789795,-0.018061399459838867,-0.6903107762336731,0.8395442366600037,0.051869913935661316,-0.144700825214386,0.24844065308570862,-0.018061399459838867,1.0929555885493754,-0.005979448556900024,0.01976439356803894,-0.004211090505123138,27791.1953125,11535.40234375,16255.7919921875,27894.30859375,11642.4931640625,16251.81640625,-0.0037102859932929277,-0.00928366556763649,0.0002445642603561282,-0.3710285993292928,-0.351315438747406,0.6702805776149035,-0.5362875014543533,0.6651063282042742,1.2114291153848171,1.2439597156271338,1.6049461880326272,115.7452543854026,115.7452543854026,greedy,1.6049461880326272,0.0,hard_fault_cluster,0.0,True
81,N2042,observe,0.3281535506248474,1.1881507076509297,2.3108492255210873,0.35650696648284785,0.7722979599731044,1.1883944520793839,1.1885743368006099,1.1885616109612016,0.7234976128108039,0.00033689734995427336,3,2,1,1.2574428078398097,0.7946367916306111,2,1,1,1.219669167263301,0.3281535506248474,0.2636412978172302,1.9079171704128386,3.1984449744224546,0.002636412978172302,-0.0035288631916046143,-0.021955331787467003,-0.1015334203839302,1.490980625152588,0.2770065777003765,0.10308676213026047,0.45092639327049255,-0.021955331787467003,0.5263397726416588,-0.004380084574222565,0.03258711099624634,-0.007161051034927368,27888.765625,11642.435546875,16246.330078125,27858.947265625,11578.494140625,16280.453125,0.0010691889328882098,0.00549209862947464,-0.0021003540605306625,0.10691889328882098,-0.19632249139249325,0.6447184753417969,-0.37758696591481566,0.6455806446075439,1.2120920881628992,2.8878598573058842,1.1885616109612016,116.9338159963638,116.9338159963638,greedy,1.1885616109612016,0.0,hard_fault_cluster,0.06582914572864322,False
82,N520,control1,0.36237478256225586,1.9979851472377779,1.8611540555953978,0.39430365920066834,1.2986903457045555,1.99781432071709,1.9979851472377779,1.9979851472377779,-0.5397605078610612,0.0003164857713742874,3,2,1,0.0,-0.3833402452255931,2,1,1,0.0,0.36237478256225586,0.26007896661758423,1.6867441430687904,1.3917507529258728,0.0026007896661758424,-0.026601314544677734,-0.015655620023608208,-0.8025206327438354,0.9606816172599792,0.0325532928109169,-0.1662888079881668,0.2313953936100006,-0.015655620023608208,1.7936658196151258,-0.0049526020884513855,0.022287718951702118,-0.004583820700645447,27860.3984375,11577.388671875,16283.0107421875,27930.65234375,11664.08984375,16266.5625,-0.0025216403882950544,-0.007488836534321308,0.001010147505439818,-0.25216403882950544,-0.25083686225116253,1.369921500235796,-0.43415437219664454,1.354128832370043,1.342121396958828,1.3770324904471636,1.9979851472377779,118.93180114360159,118.93180114360159,greedy,1.9979851472377779,0.0,hard_fault_cluster,0.0,True
83,N7590,control1,0.27055129408836365,0.7077055910881609,0.5199277818202972,0.11231783824972809,0.4600086342073046,0.7076356434137345,0.7077838759521339,0.7077482731429698,-0.23526780214390147,0.0002973108678236047,2,2,1,0.2633097960599395,-0.3512264726118552,1,1,1,0.14356035862865224,0.27055129408836365,0.24997566640377045,0.5175058826664463,0.4331366568803787,0.0024997566640377043,-0.021108895540237427,-0.019968939945101738,-0.7707872986793518,0.837275505065918,0.09187287464737892,0.10059475153684616,0.08315099775791168,-0.019968939945101738,0.37653875672258436,-0.0031455978751182556,0.011367067694664001,-0.0016836747527122498,27928.29296875,11664.6982421875,16263.595703125,27942.0859375,11604.27734375,16337.80859375,-0.0004938708152621984,0.005179808009415865,-0.004563129507005215,-0.049387081526219845,-0.08455306105315685,1.1312969140149651,-0.2570581058971584,1.1494854024983943,0.581566484645009,0.5160679280664772,0.7077482731429698,119.63954941674456,119.63954941674456,greedy,0.7077482731429698,0.0,hard_fault_cluster,0.019999999999999987,False
84,N7875,control1,0.2601871192455292,0.8952824115753174,0.5839335560798645,0.2179491639137268,0.5819335675239563,0.8951271242397214,0.8952824115753174,0.8952824115753174,-0.5559921488644747,0.00027929771294990497,3,2,1,0.0,-0.581879477451026,2,1,1,0.0,0.2601871192455292,0.25245898962020874,1.496763574331999,1.684050440788269,0.002524589896202087,-0.025143802165985107,-0.02128571644425392,-0.8422238826751709,0.9536563754081726,0.015054531395435333,-0.12546320259571075,0.15557226538658142,-0.02128571644425392,0.11653038665652271,-0.0018463507294654846,0.02008064091205597,-0.0028014257550239563,27942.5859375,11604.712890625,16337.873046875,27790.46875,11516.853515625,16273.6142578125,0.005443919450044632,0.007571008056402206,0.003933118190616369,0.5443919450044632,0.04653820022940636,0.49460302740335466,-0.12684175465255976,0.4975008860230446,1.0539029873907566,1.0139585215970874,0.8952824115753174,120.53483182831988,120.53483182831988,greedy,0.8952824115753174,0.0,hard_fault_cluster,0.020283448186191655,False
85,N555,control1,0.33283987641334534,1.1239244533143937,0.7559522986412048,0.308299702052027,0.730550894654356,1.1238118365017722,1.1239244533143937,1.1239244533143937,-0.4292193149396082,0.00026237591995906923,3,2,1,0.0,-0.3776998130542968,2,1,1,0.0,0.33283987641334534,0.2496655136346817,1.1650472649373114,0.8721091926097869,0.002496655136346817,-0.04173979163169861,-0.00938890315592289,-0.6353365182876587,0.8739061951637268,0.02239542454481125,-0.17994605004787445,0.22473689913749695,-0.00938890315592289,1.1854090613219888,-0.003630630671977997,0.01614093780517578,-0.001788415014743805,27793.31640625,11516.904296875,16276.412109375,27931.26953125,11648.36328125,16282.90625,-0.004963535815477371,-0.011414437554776669,-0.00039899093098938465,-0.4963535815477371,-0.12278645671904087,0.26007148933596913,-0.30299391457811,0.24889472064562143,0.7315176515839994,0.687224017274566,1.1239244533143937,121.65875628163427,121.65875628163427,greedy,1.1239244533143937,0.0,hard_fault_cluster,0.0,True
86,N556,control1,0.33516839146614075,1.0509834433719516,0.8148669123649597,0.16415979262441394,0.6831392381917686,1.0508461383882188,1.0509834433719516,1.0509834433719516,-0.5570648190127218,0.0002464793665772526,3,2,1,0.0,-0.3936221590380334,2,1,1,0.0,0.33516839146614075,0.2401324063539505,0.6996236832626164,0.3544754028320312,0.002401324063539505,-0.047890305519104004,-0.006525477394461632,-0.6683432459831238,0.804313063621521,0.006366133689880371,-0.21464334428310394,0.22737561166286469,-0.006525477394461632,0.7952807035855949,-0.007276058197021484,0.004438608884811401,-0.004659272730350494,27930.5,11647.7177734375,16282.7822265625,27946.140625,11677.607421875,16268.5341796875,-0.0005599837168119848,-0.0025661378167569637,0.0008750376291573048,-0.05599837168119848,-0.49399889074265957,0.10358945017680526,-0.6692040874622762,0.09830798691138626,0.6119981499388815,0.5068614334706217,1.0509834433719516,122.70973972500622,122.70973972500622,greedy,1.0509834433719516,0.0,hard_fault_cluster,0.0,True
87,N7884,control1,0.3373943567276001,1.0173362347483637,0.9827963948249816,0.009733744561672211,0.6612685525864364,1.0172122729279498,1.0173362347483637,1.0173362347483637,-0.5353659934311068,0.0002315459366766623,3,2,1,0.0,-0.7060989105933329,2,1,1,0.0,0.3373943567276001,0.23463980853557587,0.4485870750248432,0.3131975531578064,0.0023463980853557585,-0.02244052290916443,-0.025634488090872765,-0.8716887831687927,0.6818659901618958,0.08451873809099197,0.030388638377189636,0.1386488378047943,-0.025634488090872765,-0.4573536142706871,0.0016843825578689575,0.016046151518821716,-0.0032998323440551758,27943.08203125,11677.4638671875,16265.619140625,27837.6484375,11579.009765625,16258.6376953125,0.003773155389353633,0.008431119844317436,0.0004292148514650762,0.3773155389353633,0.37744357623159885,0.8073994821310043,0.22068958589807153,0.8187471574544907,0.8385324358940125,0.7325764284282923,1.0173362347483637,123.72707595975459,123.72707595975459,greedy,1.0173362347483637,0.0,hard_fault_cluster,0.00037253197566125833,True
88,N7885,control1,0.3593865931034088,0.9322773531079291,0.8516729116439818,0.0746481850743294,0.605980279520154,0.9321574801353052,0.9322773531079291,0.9322773531079291,-0.5510963265592733,0.00021751727755543846,3,2,1,0.0,-0.744065093330546,2,1,1,0.0,0.3593865931034088,0.23185177147388458,0.7190456256270409,0.7377037465572357,0.0023185177147388458,-0.017872542142868042,-0.024397799745202065,-0.8862311244010925,0.7162216305732727,0.08152306824922562,0.02314452826976776,0.13990160822868347,-0.024397799745202065,-0.39825306445360187,0.0034739822149276733,0.022457562386989594,-0.003872714936733246,27837.6875,11579.0400390625,16258.646484375,27798.9765625,11545.4228515625,16253.5537109375,0.0013905946398153901,0.002903279382735491,0.00031323477742262185,0.139059463981539,0.5548521932214499,0.5937688344717026,0.39926171442493796,0.5822759979963303,0.8613639160990716,0.8681366084516049,0.9322773531079291,124.65935331286252,124.65935331286252,greedy,0.9322773531079291,0.0,hard_fault_cluster,0.0341747572815534,False
89,N7886,control1,0.3546600639820099,0.9615057455748319,0.6824068903923034,0.23442855842411517,0.6249787346236407,0.9613613647632431,0.9615057455748319,0.9615057455748319,-0.706576395391299,0.00020433857192320333,3,2,1,0.0,-0.9017546845512218,2,1,1,0.0,0.3546600639820099,0.2291094809770584,1.3827052898705006,1.2809448421001435,0.002291094809770584,-0.015337765216827393,-0.021447453647851944,-0.8928196430206299,0.7398729920387268,0.07910296320915222,0.02120181918144226,0.13700410723686218,-0.021447453647851944,0.1631890621781349,0.0035494640469551086,0.02549511194229126,-0.004591681063175201,27799.01953125,11545.4501953125,16253.5703125,27777.861328125,11531.63671875,16246.224609375,0.0007611133041791618,0.001196443336084485,0.00045194398262538016,0.07611133041791618,0.5626084320247173,0.6482597303390504,0.4068619115278125,0.627791417837143,1.1153724849224091,1.0762192622572184,0.9615057455748319,125.62085905843735,125.62085905843735,greedy,0.9615057455748319,0.0,hard_fault_cluster,0.005663939584644421,False
90,N7887,control1,0.3488844931125641,0.8250461645424366,0.8393414080142975,0.13606312647461893,0.5362800069525838,0.8248996711195025,0.8250461645424366,0.8250461645424366,-0.763152230700092,0.00019195832370130818,3,2,1,0.0,-0.991970484146504,2,1,1,0.0,0.3488844931125641,0.22651825845241547,0.9589120380580425,0.9250222444534301,0.0022651825845241545,-0.01624998450279236,-0.018434684723615646,-0.8978442549705505,0.7429570555686951,0.07806843519210815,0.02110140025615692,0.1350354701280594,-0.018434684723615646,-0.025381412953138338,0.004060152918100357,0.029230818152427673,-0.0051163360476493835,27777.90234375,11531.6630859375,16246.23828125,27756.98828125,11520.275390625,16236.7119140625,0.0007529028807766736,0.0009875154355540872,0.0005863737314939499,0.07529028807766736,0.6140988655388355,0.6080243203043938,0.45803618524223566,0.588565779030323,0.9963718958199024,1.0352103793993592,0.8250461645424366,126.44590522297979,126.44590522297979,greedy,0.8250461645424366,0.0,hard_fault_cluster,0.023527931555108208,False
91,N7888,control1,0.34196949005126953,0.8798473399877549,0.8615581333637237,0.14528481304645538,0.5719007709920407,0.8796723459791919,0.8798473399877549,0.8798473399877549,-0.9704197706423562,0.00018032815680078655,1,2,0,0.0,-1.0,0,1,0,0.0,0.34196949005126953,0.22352634370326996,0.980013570934534,0.8672699868679046,0.0022352634370326994,-0.016842514276504517,-0.01620979979634285,-0.9041325449943542,0.7416288256645203,0.07715937495231628,0.021195217967033386,0.13312353193759918,-0.01620979979634285,-0.29349521622061736,0.004506781697273254,0.03218613564968109,-0.005551725625991821,27757.02734375,11520.3017578125,16236.724609375,27739.33984375,11510.1484375,16229.19140625,0.0006372260395437479,0.0008813415188342333,0.0004639607504941523,0.06372260395437479,0.6579947136342525,0.6292831537127495,0.5025073057040572,0.597450804412365,1.0249891094863415,1.0209804325923324,0.8798473399877549,127.32575256296754,127.32575256296754,greedy,0.8798473399877549,0.0,hard_fault_cluster,0.024754322676949863,False
92,N7889,control1,0.33376172184944153,1.0171020534634592,0.9007890880107878,0.1534724274277687,0.6611163347512485,1.0169326508373675,1.0171020534634592,1.0171020534634592,-1.0,0.0001694026260917356,3,2,1,0.0,-1.0,2,1,1,0.0,0.33376172184944153,0.21973897516727448,1.0027842327952385,0.8161963939666748,0.0021973897516727446,-0.01766076683998108,-0.012858076021075249,-0.9200311303138733,0.7342336773872375,0.07655163109302521,0.021681442856788635,0.13142181932926178,-0.012858076021075249,-0.25454566568136217,0.005110088735818863,0.03587188571691513,-0.006154939532279968,27739.37890625,11510.1748046875,16229.203125,27722.703125,11500.478515625,16222.2236328125,0.0006011591176502407,0.0008424102561548352,0.00043005761108361185,0.060115911765024066,0.7178897727280855,0.7275637739896774,0.5627290983684361,0.6979302996397019,1.0711834564805032,1.0059681574255228,1.0171020534634592,128.342854616431,128.342854616431,greedy,1.0171020534634592,0.0,hard_fault_cluster,0.026921671336338177,False
93,N7890,control1,0.3269590139389038,1.0269042468257248,0.9247628271579742,0.1573207531310618,0.6674877604367211,1.0267451077858993,1.0269042468257248,1.0269042468257248,-1.0,0.00015913903982548336,3,2,1,0.0,-1.0,2,1,1,0.0,0.3269590139389038,0.21350140869617462,0.7763654364086687,0.5765115916728973,0.002135014086961746,-0.021657735109329224,5.997903645038605e-05,-0.9480228424072266,0.7013056874275208,0.08105194568634033,0.028048813343048096,0.13405507802963257,5.997903645038605e-05,0.4396192878484726,0.006409335881471634,0.04386965185403824,-0.0074836984276771545,27722.69140625,11500.4541015625,16222.23828125,27709.2421875,11493.216796875,16216.025390625,0.0004851339617744088,0.000629306014161557,0.0003829860361292958,0.04851339617744088,0.8544949758797884,1.0267639750242235,0.6943239350803196,0.9788554841279984,0.93684983253479,0.9287524577230215,1.0269042468257248,129.36975886325672,129.36975886325672,greedy,1.0269042468257248,0.0,hard_fault_cluster,0.05161833714354469,False
94,N7537,observe,0.24748218059539795,0.5882473539747298,2.084497332572937,0.14156868042424323,0.3823607800835744,0.5882139414704385,0.5882473539747298,0.5882473539747298,-0.22349905916021648,0.00014949729281565303,3,2,1,0.0,-0.3531433649230411,2,1,1,0.0,0.24748218059539795,0.21394504606723785,0.7141888646408915,2.271340978145599,0.0021394504606723785,-0.028672367334365845,0.013097146525979042,-0.30958321690559387,1.2293424606323242,0.25635065138339996,0.13043498992919922,0.3822663128376007,0.013097146525979042,0.49177777022123337,0.0025405436754226685,0.038246773183345795,-0.009502671658992767,27709.578125,11493.509765625,16216.0673828125,27867.427734375,11607.904296875,16259.5234375,-0.00569657189771533,-0.0099529679864645,-0.0026798145845532417,-0.569657189771533,0.48109656013548374,0.2700142280757427,0.31081491569057107,0.24643090531229972,0.5591211095452309,2.2890908379107713,0.5882473539747298,129.95800621723146,129.95800621723146,greedy,0.5882473539747298,0.0,hard_fault_cluster,0.0,True
95,N704,observe,0.4377601444721222,1.7557269609719515,2.967927932739258,0.16170339383184912,1.1412225246317684,1.7557874450950808,1.7557269609719515,1.7557269609719515,0.43067678826239675,0.00014043970972627565,3,2,1,0.0,-0.39820245761662815,2,1,1,0.0,0.4377601444721222,0.21956048905849457,1.12298688814044,2.40571471452713,0.0021956048905849455,-0.023131340742111206,0.012468328699469566,-0.39962106943130493,1.4935784339904785,0.2570945546030998,0.09354285895824432,0.4206462502479553,0.012468328699469566,0.8087693220376968,0.010892368853092194,0.061931222677230835,-0.004603147506713867,27867.189453125,11607.310546875,16259.87890625,27830.41796875,11614.7890625,16215.6279296875,0.001319526112638414,-0.0006442935555242002,0.002721482655033469,0.1319526112638414,1.3212657030671835,1.486861199736595,1.1472440897487104,1.4866973704099653,1.4437115252017974,3.0353656509518623,1.7557269609719515,131.7137331782034,131.7137331782034,greedy,1.7557269609719515,0.0,hard_fault_cluster,0.0,True
96,N507,control1,0.3330083191394806,0.952466565221548,0.7088434636592864,0.25849243059754373,0.6191032673940062,0.9523346343236935,0.952466565221548,0.952466565221548,-1.0,0.00013193089785459608,3,2,1,0.0,-1.0,2,1,1,0.0,0.3330083191394806,0.20861570537090302,1.1105417888611555,0.8458974182605743,0.0020861570537090302,-0.039614319801330566,0.02395731769502163,-0.8261906504631042,0.7843223214149475,0.04633624106645584,-0.1592877358198166,0.25196021795272827,0.02395731769502163,0.7161893820017576,0.005124147981405258,0.04758118838071823,-0.007742829620838165,27838.4765625,11615.7626953125,16222.71484375,28062.875,11752.7763671875,16310.099609375,-0.008060730062425137,-0.011795494705438614,-0.005386568605899811,-0.8060730062425137,0.7449878212064505,2.1184654961526395,0.570558053907007,2.2036565314233303,0.9984646167606115,0.914518504086882,0.952466565221548,132.66619974342495,132.66619974342495,greedy,0.952466565221548,0.0,hard_fault_cluster,0.03449532369731568,False
97,N7723,control0,0.32744958996772766,1.0988344472646714,0.834219616651535,0.16214321792125702,0.7142423907220364,1.0988485146682252,1.0988344472646714,1.0988344472646714,0.11350391286645146,0.00012393760883331792,3,3,1,0.0,0.25945718990971645,2,2,1,0.0,0.32744958996772766,0.15399350225925446,0.30883935749530783,1.7999999999999998,0.0015399350225925445,-0.11985854804515839,0.0722101479768753,0.06509662419557571,0.819818377494812,0.1758626401424408,0.28340673446655273,0.06831854581832886,0.0722101479768753,1.6705170392990112,-0.003527715802192688,-0.014558754861354828,-0.005801171064376831,28053.06640625,11751.0595703125,16302.0068359375,27824.17578125,11592.236328125,16231.9404296875,0.008159201592206955,0.01351565308868885,0.004298023413866758,0.8159201592206955,-0.12656792998313904,0.6514336389303207,-0.29622066766023636,0.6255909126996994,0.7387073516845702,1.260339373387396,1.0988344472646714,133.76503419068962,133.76503419068962,greedy,1.0988344472646714,0.0,hard_fault_cluster,0.0003516586566639188,True
98,N3701,control0,0.3745940625667572,3.848992395102978,2.884374260902405,0.7359833607077599,2.5018450568169355,3.8489896410474875,3.848992395102978,3.848992395102978,-0.023654456759634148,0.0001164286087118857,3,3,1,0.0,0.2664677605961394,2,2,1,0.0,0.3745940625667572,0.1913519650697708,3.2348144307732585,2.1869351863861084,0.0019135196506977082,-0.12491098046302795,0.08910780400037766,0.3290501832962036,1.1029126644134521,0.20776209235191345,0.2659934461116791,0.14953073859214783,0.08910780400037766,4.064559846669435,-0.0007375702261924744,-0.021230321377515793,-0.0035653412342071533,27825.484375,11593.68359375,16231.80078125,27649.44921875,11502.173828125,16147.275390625,0.006326400209218264,0.007893070578575134,0.00520739471539855,0.6326400209218264,0.20670274645090103,2.1556350745260717,-0.0036420803517103195,1.8055514849722385,2.743080477416515,2.4334056989103554,3.848992395102978,137.6140265857926,137.6140265857926,greedy,3.848992395102978,0.0,hard_fault_cluster,0.0002695175635612356,True
99,N7725,control0,0.3505084216594696,3.608322397470474,3.027751922607422,1.2444256532192228,2.3454095583558083,3.608309122143219,3.608322397470474,3.608322397470474,-0.12137491343399814,0.00010937455590914427,2,3,0,0.0,-0.3005231788714666,1,2,0,0.0,0.3505084216594696,0.23323918879032135,5.9524994671344755,5.999999999999999,0.0023323918879032137,-0.143337681889534,0.0743662640452385,0.17980948090553284,0.8247656226158142,0.20296617969870567,0.3203268051147461,0.08560555428266525,0.0743662640452385,4.341220086216927,0.0005017518997192383,-0.021493688225746155,-0.003922455012798309,27648.51171875,11501.115234375,16147.396484375,27505.36328125,11429.927734375,16075.4365234375,0.005177437327802181,0.006189617328345776,0.004456443712115288,0.5177437327802181,0.3577806428074837,2.042267112135887,0.1270765531808138,1.8889882844686507,3.5710300385951994,4.105598789602517,3.608322397470474,141.2223489832631,141.2223489832631,greedy,3.608322397470474,0.0,hard_fault_cluster,0.06810069509674996,False
100,N7408,control0,0.3083420991897583,4.382653685808182,3.2616095542907715,1.78472002863884,2.8487248957753186,4.382616923563218,4.382653685808182,4.382653685808182,-0.35779076527939346,0.00010274788656047295,3,3,1,0.0,-0.6460080545717327,2,2,1,0.0,0.3083420991897583,0.22731931507587433,6.746213436126709,5.999999999999999,0.0022731931507587433,-0.1529833823442459,0.07783081382513046,-0.059440575540065765,0.9832829833030701,0.20367106795310974,0.29959043860435486,0.10775169730186462,0.07783081382513046,6.593131867647171,-0.00016738474369049072,-0.02040233090519905,-0.004688277840614319,27506.18359375,11430.5087890625,16075.67578125,27425.51953125,11394.80859375,16030.7109375,0.002932579256594181,0.0031232377514243126,0.002797073218971491,0.2932579256594181,0.2884116545319557,3.597068232297897,0.059549057856202126,2.9998341023921964,3.654462540149688,4.242990210875869,4.382653685808182,145.60500266907127,145.60500266907127,greedy,4.382653685808182,0.0,hard_fault_cluster,0.0025405511041626193,True
101,N7588,control1,0.07765019685029984,3.2596705733239646,1.2212241530418395,1.7333755697309967,2.118785872660577,3.259656876582467,3.2596705733239646,3.2596705733239646,-0.14190175503554714,9.652270681138547e-05,1,2,0,0.0,-0.593121824798738,0,1,0,0.0,0.07765019685029984,0.17987488210201263,6.347329062968492,5.197735095024108,0.0017987488210201264,-0.15720950067043304,0.08924604207277298,-0.013713233172893524,0.5564360022544861,0.43224668502807617,0.6586496829986572,0.20584368705749512,0.08924604207277298,5.5254440153390165,-0.0003019794821739197,-0.034256722778081894,-0.0032977163791656494,27424.861328125,11394.17578125,16030.685546875,27608.333984375,11482.197265625,16126.13671875,-0.006690012291073799,-0.007725129369646311,-0.0059542786329984665,-0.6690012291073799,0.23892297595739365,4.51466842263937,0.037082282826304436,4.038594132363796,3.1352253377437593,2.9273536856472493,3.2596705733239646,148.86467324239524,148.86467324239524,greedy,3.2596705733239646,0.0,hard_fault_cluster,0.005308493589743628,False
102,N510,control1,0.2593269646167755,1.879277451336384,1.2305417895317077,0.4699521467089653,1.2215303433686495,1.8792715735217342,1.879277451336384,1.879277451336384,-0.06482310050992472,9.067469163673076e-05,3,2,1,0.0,-0.21939297980738845,2,1,1,0.0,0.2593269646167755,0.20538611710071564,1.5750572487711905,1.0818475961685179,0.0020538611710071565,-0.13883857429027557,0.10386008769273758,0.16675889492034912,0.6455208659172058,0.34722189605236053,0.31936895847320557,0.3750748336315155,0.10386008769273758,1.6824868190288544,-0.001607745885848999,-0.030759818851947784,-0.003635294735431671,27612.49609375,11482.6884765625,16129.806640625,27664.1640625,11562.150390625,16102.013671875,-0.001871180720627308,-0.0069201490841805935,0.0017230813391506672,-0.1871180720627308,0.14847161620855331,1.6362769526243208,-0.0834630373865366,1.5599735897779463,1.3623646736145019,1.238408369421959,1.879277451336384,150.74395069373162,150.74395069373162,greedy,1.879277451336384,0.0,hard_fault_cluster,0.0,True
103,N7541,control0,0.2886344790458679,1.5924765378981827,2.0625530600547792,0.3802852032333612,1.0351097496338189,1.592467314161808,1.5924765378981827,1.5924765378981827,-0.10828397741458627,8.51809897901287e-05,3,3,1,0.0,-0.19586467778201033,2,2,1,0.0,0.2886344790458679,0.2141551524400711,2.048785614222288,1.7440606117248534,0.002141551524400711,-0.1570366472005844,0.0841342881321907,0.1426742970943451,0.8695062398910522,0.24153026938438416,0.37227821350097656,0.11078232526779175,0.0841342881321907,1.2014136856794355,-0.00131920725107193,-0.025441452860832214,-0.0047315508127212524,27659.6953125,11561.958984375,16097.736328125,27449.193359375,11425.583984375,16023.609375,0.007610422093421221,0.011795146390795708,0.004604806192219257,0.7610422093421221,0.16636871546506882,1.0954155519604682,-0.05734836496412754,1.1971661046147346,1.6263741254806516,2.049207987487316,1.5924765378981827,152.3364272316298,152.3364272316298,greedy,1.5924765378981827,0.0,hard_fault_cluster,0.00011279043537106812,True
104,N3682,control0,0.17026866972446442,1.5544850720837713,1.0604734063148498,0.4692037288472056,1.0104152968544513,1.5544707013360686,1.5544850720837713,1.5544850720837713,-0.17958914703598752,8.002013451222822e-05,3,3,1,0.0,-0.29299495416634763,2,2,1,0.0,0.17026866972446442,0.2111792415380478,2.3786220911890266,1.8532416522502897,0.0021117924153804778,-0.15812236070632935,0.09849567711353302,0.02202475816011429,0.8338667750358582,0.24114470183849335,0.32578831911087036,0.15650108456611633,0.09849567711353302,1.522657497227192,-0.0020651966333389282,-0.03111627884209156,-0.0045108795166015625,27445.97265625,11413.025390625,16032.947265625,27357.408203125,11353.4609375,16003.947265625,0.0032268650829792023,0.005218988750129938,0.0018087753560394049,0.3226865082979202,0.10315525531768799,1.000551705211401,-0.12910093367099762,1.0196786569058895,1.642562210559845,1.3970416433736683,1.5544850720837713,153.89091230371358,153.89091230371358,greedy,1.5544850720837713,0.0,hard_fault_cluster,0.002463329974247007,True
105,N7820,control0,0.14330285787582397,1.2633508843350136,1.8083084881305693,0.29241863484792696,0.8211780748177588,1.2633303201475956,1.2633508843350136,1.2633508843350136,-0.2735619440280337,7.517195964887862e-05,3,3,1,0.0,-0.7270222195299231,2,2,1,0.0,0.14330285787582397,0.14089401066303253,1.4973823086933407,0.9759139418601989,0.0014089401066303252,-0.16783764958381653,0.09382203966379166,-0.3222920894622803,0.7340710759162903,0.29923755675554276,0.5244354605674744,0.07403965294361115,0.09382203966379166,1.3464990812540054,-0.0036911964416503906,-0.03092323988676071,-0.006527788937091827,27360.0234375,11365.955078125,15994.068359375,27299.400390625,11336.69921875,15962.701171875,0.0022157528437674046,0.002573990495875478,0.001961176283657551,0.22157528437674046,-0.13440359383821487,0.8749939619004726,-0.310440631583333,0.836862546056509,1.2611233294010162,1.6048358330875634,1.2633508843350136,155.1542631880486,155.1542631880486,greedy,1.2633508843350136,0.0,hard_fault_cluster,0.0006936416184971105,True
106,N4557,control0,0.0921696349978447,1.4641205923631788,1.2485469818115233,0.5202850235626101,0.9516783850360663,1.4641054743413615,1.4641205923631788,1.4641205923631788,-0.21408315719698176,7.061752085144408e-05,3,3,1,0.0,-0.17641607748999508,2,2,1,0.0,0.0921696349978447,0.1829073280096054,2.530231576040387,1.9505933463573455,0.001829073280096054,-0.16270913183689117,0.09153951704502106,0.059152282774448395,0.965523898601532,0.24642029404640198,0.3307923674583435,0.16204822063446045,0.09153951704502106,1.1334695321321488,-0.0036037564277648926,-0.03471522778272629,-0.006017118692398071,27299.6171875,11337.0830078125,15962.5341796875,27196.81640625,11308.193359375,15888.6220703125,0.003765649162232876,0.0025482436176389456,0.004630349110811949,0.3765649162232876,-0.08592879772186279,1.8648375535011292,-0.29176393151283264,2.2852749967575074,1.8872061133384703,1.8097094813734291,1.4641205923631788,156.61838378041176,156.61838378041176,greedy,1.4641205923631788,0.0,hard_fault_cluster,0.007175398633257397,False
107,N2106,observe,0.4991004168987274,2.4764512661099434,2.7593158960342405,0.23400103956460958,1.6096933229714632,2.476491145630959,2.4764512661099434,2.4764512661099434,0.6011472596870315,6.633902155134958e-05,3,2,1,0.0,0.8418285785770074,2,1,1,0.0,0.4991004168987274,0.25829994678497314,2.221508306264877,2.8567888021469114,0.0025829994678497315,-0.13989734649658203,0.0704592689871788,0.6638609766960144,1.314894199371338,0.6046883463859558,0.6050542593002319,0.6043224334716797,0.0704592689871788,-0.15111420929431918,-0.00015480071306228638,-0.021498534828424454,-0.004757493734359741,27196.595703125,11307.390625,15889.205078125,27278.9765625,11419.1298828125,15859.8466796875,-0.0030290870927274227,-0.00988196674734354,0.0018476946279406548,-0.30290870927274227,0.3132791444659233,2.827777874469757,0.06670973263680935,2.4492548823356626,2.48554308116436,3.10553057834506,2.4764512661099434,159.0948350465217,159.0948350465217,greedy,2.4764512661099434,0.0,hard_fault_cluster,0.0,True
108,N620,control1,0.24499280750751495,1.9166246522963046,1.1387910783290862,0.47360256299376485,1.245806023992598,1.9166135177757473,1.9166246522963046,1.9166246522963046,-0.17866762515917248,6.231974341960247e-05,3,2,1,0.0,-0.20551276976702545,2,1,1,0.0,0.24499280750751495,0.18568472564220428,2.392032618820667,1.8599511623382567,0.001856847256422043,-0.14731986820697784,0.08761691302061081,0.1871834099292755,0.7077931761741638,0.30924002826213837,0.2532001733779907,0.365279883146286,0.08761691302061081,1.4421817791461944,-0.0030384063720703125,-0.027325235307216644,-0.005992025136947632,27279.5859375,11419.3115234375,15860.2744140625,27369.5,11470.3154296875,15899.18359375,-0.0032960199750959873,-0.0044664605520665646,-0.0024532475508749485,-0.32960199750959873,-0.030538998544216156,1.7104342055320738,-0.23551522754132748,1.2990716868638992,1.7662936389446258,1.4143845399469137,1.9166246522963046,161.011459698818,161.011459698818,greedy,1.9166246522963046,0.0,hard_fault_cluster,0.00010646225912915063,True
109,N614,control1,0.18853336572647095,1.3518669445440172,1.018796545267105,0.2034461515769362,0.8787135139536112,1.351853739410145,1.351866998182934,1.3518690653410075,-0.22555920587569372,5.8543981039558724e-05,2,2,1,0.0009162157380878666,-0.23915748954656763,2,1,1,0.03622570506070999,0.18853336572647095,0.16178345680236816,1.0469079334288836,0.8067255973815917,0.0016178345680236815,-0.14728522300720215,0.09275009483098984,0.16056033968925476,0.6858792901039124,0.3036697655916214,0.2594406008720398,0.347898930311203,0.09275009483098984,0.8528848859667778,-0.004073597490787506,-0.027756396681070328,-0.0065217167139053345,27369.431640625,11470.38671875,15899.044921875,27413.0546875,11506.375,15906.6796875,-0.0015938602155074477,-0.0031374951358884573,-0.0004802027833648026,-0.15938602155074477,-0.1528261974453926,0.8577831920981407,-0.3437263611704111,0.6059012946486473,1.0637629866600038,0.9501080979406835,1.3518690653410075,162.363328764159,162.363328764159,greedy,1.3518690653410075,0.0,hard_fault_cluster,0.0,True
110,N610,control1,0.15824945271015167,1.2854282303899527,1.1359846353530885,0.20757745675742625,0.8355283497534692,1.2854123870863556,1.2854282303899527,1.2854282303899527,-0.2880758805677308,5.4996980537665914e-05,3,2,1,0.0,-0.3203062450856095,2,1,1,0.0,0.15824945271015167,0.1451626718044281,0.9002061527222394,0.8313484907150268,0.001451626718044281,-0.1468242108821869,0.10217110067605972,0.09465698152780533,0.648245632648468,0.29914820194244385,0.24828818440437317,0.3500082194805145,0.10217110067605972,0.9681923484802246,-0.004693537950515747,-0.02680550515651703,-0.006333209574222565,27412.916015625,11506.3154296875,15906.6005859375,27429.359375,11530.00390625,15899.3564453125,-0.0005998398410156369,-0.0020587369799613953,0.0004554172628559172,-0.05998398410156369,-0.22202002257108688,0.6644404542446136,-0.40752035193145275,0.6066114318370819,0.9105923354625702,1.030786751359701,1.2854282303899527,163.64875699454896,163.64875699454896,greedy,1.2854282303899527,0.0,hard_fault_cluster,0.0022318806531187486,True
111,N3813,control0,0.09817872196435928,1.445706396140158,0.9969390273094176,0.2698893805220723,0.9397091574911027,1.4457078844494746,1.445706396140158,1.445706396140158,0.028806981859032896,5.166488193238185e-05,2,3,0,0.0,0.03549469894853011,1,2,0,0.0,0.09817872196435928,0.1725737601518631,1.338843822106719,0.9973283886909484,0.0017257376015186309,-0.1457234025001526,0.10061567276716232,0.24423351883888245,0.9676010012626648,0.26172783225774765,0.33106279373168945,0.19239287078380585,0.10061567276716232,1.0010049161314964,-0.004335083067417145,-0.031830668449401855,-0.005909614264965057,27428.76171875,11530.52734375,15898.234375,27290.6015625,11443.09765625,15847.5048828125,0.00503705395385623,0.007582453545182943,0.00319088832475245,0.503705395385623,-0.16031887382268906,1.0863026057183742,-0.3652109485119581,0.9780786906182766,1.2650553092360497,1.079022799655795,1.445706396140158,165.09446339068913,165.09446339068913,greedy,1.445706396140158,0.0,hard_fault_cluster,0.0,True
112,N638,control1,0.10827485471963882,1.719080881178379,1.5047782063484192,0.1909106257557869,1.1174025727659465,1.719072019729623,1.719080881178379,1.719080881178379,-0.18257978623277676,4.8534664975995444e-05,3,2,1,0.0,-0.2927798306868354,2,1,1,0.0,0.10827485471963882,0.15976634621620178,1.0042427307367325,0.7769389152526855,0.001597663462162018,-0.1499137580394745,0.09980709105730057,0.09689012914896011,0.6681224703788757,0.29930491000413895,0.22215650975704193,0.37645331025123596,0.09980709105730057,1.1581369596719742,-0.005255475640296936,-0.029193725436925888,-0.006693996489048004,27291.287109375,11442.599609375,15848.6875,27301.55859375,11497.029296875,15804.529296875,-0.0003763649729080498,-0.00475675892084837,0.0027862372808158398,-0.03763649729080498,-0.26597412675619125,1.2402903839945794,-0.460654204711318,1.0407438680529595,1.1540400385856628,1.150947450697422,1.719080881178379,166.8135442718675,166.8135442718675,greedy,1.719080881178379,0.0,hard_fault_cluster,0.00033215234720993284,True
113,N634,control1,0.06946190446615219,1.8502603400498627,1.5813832044601441,0.18441883362829684,1.2026692210324108,1.8502466516319105,1.8502603400498627,1.8502603400498627,-0.3002234602587559,4.559409827772581e-05,3,2,1,0.0,-0.3169360438157577,2,1,1,0.0,0.06946190446615219,0.15084922313690186,0.9968888307362795,0.7299290716648101,0.0015084922313690185,-0.1494869887828827,0.1033477783203125,0.09134576469659805,0.630336582660675,0.3011007383465767,0.23758827149868011,0.36461320519447327,0.1033477783203125,1.2181006270647048,-0.005898669362068176,-0.028910066932439804,-0.007093392312526703,27301.568359375,11497.1259765625,15804.4423828125,27319.47265625,11525.470703125,15794.0009765625,-0.0006557973683811724,-0.0024653750006109476,0.0006606627139262855,-0.06557973683811724,-0.33566993474960327,1.1188540232181547,-0.526317685842514,1.0244436633586882,1.1919055730104446,1.166068665534258,1.8502603400498627,168.66380461191736,168.66380461191736,greedy,1.8502603400498627,0.0,hard_fault_cluster,0.008273459612453741,False
114,N3799,control0,0.02067594602704048,1.7679937478498324,1.1932054817676543,0.3144109084404772,1.1491959361023911,1.76799515765455,1.7679937478498324,1.7679937478498324,0.03291499046258252,4.2831691509297025e-05,3,3,1,0.0,0.0389826178507925,2,2,1,0.0,0.02067594602704048,0.17895443737506866,1.6917772487795446,1.2546269595623014,0.0017895443737506866,-0.14819170534610748,0.09894990175962448,0.2165086567401886,0.9469550251960754,0.25831688940525055,0.32828468084335327,0.18834909796714783,0.09894990175962448,1.1443287128210067,-0.005216158926486969,-0.03356144577264786,-0.006386473774909973,27318.8203125,11525.91796875,15792.90234375,27171.21484375,11424.595703125,15746.619140625,0.005403068847954273,0.0087908199056983,0.002930633258074522,0.5403068847954273,-0.24371155351400375,1.6342793428897857,-0.4521398078650236,1.4114529374241829,1.581551456451416,1.274552084431052,1.7679937478498324,170.43179835976719,170.43179835976719,greedy,1.7679937478498324,0.0,hard_fault_cluster,0.0,True
115,N7370,control1,0.04229496791958809,1.9842637676000594,1.7048523068428039,0.17951901614665988,1.2897714489400387,1.9842552061516765,1.9842637676000594,1.9842637676000594,-0.21277736280918455,4.023665050623067e-05,3,2,1,0.0,-0.04710796875894637,2,1,1,0.0,0.04229496791958809,0.15181992948055267,0.9774334578216075,0.6984059870243072,0.0015181992948055268,-0.15495313704013824,0.1005212590098381,0.20807257294654846,0.7154799699783325,0.3089957982301712,0.27086925506591797,0.34712234139442444,0.1005212590098381,1.6668434484302999,-0.005785346031188965,-0.030453916639089584,-0.007003471255302429,27171.251953125,11424.28125,15746.970703125,27238.10546875,11490.4423828125,15747.6640625,-0.0024604503996670246,-0.005791272968053818,-4.403128696139902e-05,-0.24604503996670246,-0.3261934146285057,1.3489738240838052,-0.5154493059962988,1.1541089549660684,1.2324523597955703,1.1614983091503381,1.9842637676000594,172.41606212736724,172.41606212736724,greedy,1.9842637676000594,0.0,hard_fault_cluster,0.029588982139014407,False
116,N3792,control0,-0.026978354901075363,2.208134767189622,1.276581162214279,0.526291233971715,1.4352875986732543,2.2081363112280905,2.208134767189622,2.208134767189622,0.04084883740871892,3.779883508941354e-05,3,3,1,0.0,0.05676055020331868,2,2,1,0.0,-0.026978354901075363,0.1604878306388855,2.8368242852389813,2.200138700008392,0.001604878306388855,-0.136643648147583,0.10408983379602432,0.17465046048164368,0.965537965297699,0.24439405649900436,0.31509602069854736,0.17369209229946136,0.10408983379602432,1.6393017292022705,-0.008154727518558502,-0.032992683351039886,-0.007977604866027832,27238.267578125,11490.861328125,15747.40625,27074.859375,11391.9599609375,15682.8984375,0.005999214481562376,0.008606958203017712,0.00409640884026885,0.5999214481562376,-0.5508950874209404,0.669237681031227,-0.7493283357471228,0.2963278967142105,2.006357806921005,1.5149827501957769,2.208134767189622,174.62419689455686,174.62419689455686,greedy,2.208134767189622,0.0,hard_fault_cluster,0.0,True
117,N2040,observe,0.11710359901189804,2.875676749944687,2.4613455057144167,0.643657830953598,1.8691898874640467,2.8757058863005707,2.875676749944687,2.875676749944687,0.8205408795742486,3.5508719442127454e-05,3,2,1,0.0,0.7923201626809501,2,1,1,0.0,0.11710359901189804,0.177096888422966,3.965832714736462,4.455649995803833,0.0017709688842296601,-0.13989493250846863,0.07210743427276611,0.7143744826316833,1.1791009902954102,0.5946770310401917,0.6673063039779663,0.522047758102417,0.07210743427276611,0.3473239502310753,-0.004312485456466675,-0.024529356509447098,-0.007451161742210388,27074.619140625,11391.7001953125,15682.9189453125,27166.291015625,11453.9296875,15712.361328125,-0.0033858970273286104,-0.0054627046920359135,-0.0018773535266518593,-0.33858970273286104,-0.18204422295093536,1.8032472890615465,-0.36894746497273445,1.5792459291219711,2.852320711314678,3.2462425198405978,2.875676749944687,177.49987364450155,177.49987364450155,greedy,2.875676749944687,0.0,hard_fault_cluster,0.002237851662404082,True
118,N3785,control0,-0.04103117808699608,1.3995701429247855,0.8031859457492828,0.4231676271557807,0.9097205929011106,1.3995712633670845,1.3995701429247855,1.3995701429247855,0.03358906312292115,3.3357354887713366e-05,3,3,1,0.0,0.04725393147322517,2,2,1,0.0,-0.04103117808699608,0.171447291970253,1.8740612097084521,1.5949078440666198,0.00171447291970253,-0.12198513746261597,0.09633354842662811,0.1949768364429474,0.9849593043327332,0.2500712722539902,0.3299022912979126,0.17024025321006775,0.09633354842662811,2.0893415837734937,-0.0074710845947265625,-0.031203478574752808,-0.007821105420589447,27166.705078125,11454.287109375,15712.41796875,27021.181640625,11369.3583984375,15651.8232421875,0.005356683395802975,0.007414578460156918,0.0038564864080399275,0.5356683395802975,-0.47932761907577515,0.33316541898995633,-0.680163249373436,0.14322276197373862,1.1935877867043017,1.0208422781189437,1.3995701429247855,178.89944378742632,178.89944378742632,greedy,1.3995701429247855,0.0,hard_fault_cluster,0.0017904034375746149,True
119,N4564,control0,-0.1520705670118332,1.4276285513490439,0.85083749294281,0.6199883488565683,0.9279585583768786,1.427626100645519,1.4276285513490439,1.4276285513490439,-0.0782064504646447,3.133633492242288e-05,1,3,0,0.0,-0.06322126639590632,1,2,0,0.0,-0.1520705670118332,0.18380321562290192,3.2009408362209797,2.661866235733032,0.0018380321562290192,-0.12833014130592346,0.09629448503255844,0.056510038673877716,0.9616144299507141,0.23048488795757294,0.2921786904335022,0.16879108548164368,0.09629448503255844,1.528087428510189,-0.008820690214633942,-0.03529027849435806,-0.008294902741909027,27021.51171875,11369.5234375,15651.9873046875,26824.62890625,11261.931640625,15562.697265625,0.007286150939762592,0.0094631751999259,0.005704709328711033,0.7286150939762592,-0.6019713208079338,0.01323315307497977,-0.8120445962995291,-0.23195910647511483,1.6209451809525488,1.24936585329473,1.4276285513490439,180.32707233877537,180.32707233877537,greedy,1.4276285513490439,0.0,hard_fault_cluster,0.0,True
120,N7852,control0,-0.04516096040606499,1.0141367640160024,2.4016365587711332,0.153111665379256,0.6591888966104016,1.0141342100859971,1.0141367640160024,1.0141367640160024,-0.08675693394806094,2.943776236682216e-05,3,3,1,0.0,-0.3635827604268637,2,2,1,0.0,-0.04516096040606499,0.13787029683589935,0.8304732399061322,2.2734462916851044,0.0013787029683589936,-0.14801837503910065,0.08640877157449722,-0.24910539388656616,0.7750906944274902,0.2997494265437126,0.5186439752578735,0.0808548778295517,0.08640877157449722,0.8055277809500694,-0.005142644047737122,-0.03376389294862747,-0.006773561239242554,26824.685546875,11261.70703125,15562.978515625,26681.439453125,11205.048828125,15476.390625,0.00534008489921689,0.0050310492515563965,0.005563709419220686,0.534008489921689,-0.2899853363633156,0.8980344446003437,-0.458194637671113,0.8355520875751972,0.8894214361906051,2.153123933523893,1.0141367640160024,181.34120910279137,181.34120910279137,greedy,1.0141367640160024,0.0,hard_fault_cluster,0.00036101083032489666,True
121,N7872,control1,-0.20716695487499237,0.6454463709145785,0.6014739692211151,0.18793701641261576,0.419540141094476,0.6454472522278608,0.6454463709145785,0.6454463709145785,0.03186903589858716,2.765421850739168e-05,3,2,1,0.0,-0.06942225144526197,2,1,1,0.0,-0.20716695487499237,0.14230631291866302,0.9663837321102617,0.9069698989391326,0.0014230631291866302,-0.1505705714225769,0.08468308299779892,0.11869791895151138,0.5981203317642212,0.43677378445863724,0.6635326743125916,0.21001489460468292,0.08468308299779892,0.8354134827852249,-0.0038506463170051575,-0.04298736900091171,-0.004338093101978302,26680.91796875,11204.3466796875,15476.572265625,26790.23828125,11277.2578125,15512.9814453125,-0.004097322002053261,-0.006507397163659334,-0.0023525350261479616,-0.4097322002053261,-0.1580752357840538,2.088451074361801,-0.32831728272140026,1.8684243190288545,0.8356413036584853,0.9194120447058229,0.6454463709145785,181.98665547370595,181.98665547370595,greedy,0.6454463709145785,0.0,hard_fault_cluster,0.014139628834743088,False
122,N4520,control0,-0.2141486555337906,0.9419569867849351,1.9833839744329451,0.5288732403516769,0.6122720414102079,0.941955799884811,0.9419569867849351,0.9419569867849351,-0.04568737334173517,2.5978734107741922e-05,1,3,0,0.0,-0.02983202095249676,1,2,0,0.0,-0.2141486555337906,0.1499522626399994,2.4304889686405655,3.5757298946380613,0.0014995226263999938,-0.15580186247825623,0.0913868099451065,0.07483679801225662,0.9326121211051941,0.23133936524391174,0.2777794301509857,0.18489930033683777,0.0913868099451065,1.8335980043560265,-0.005730539560317993,-0.04342168569564819,-0.0059320926666259766,26791.10546875,11278.34765625,15512.7578125,26486.03515625,11096.5859375,15389.4482421875,0.011386999860405922,0.016115987673401833,0.007948913611471653,1.1386999860405922,-0.3317148834466934,0.893655880242586,-0.5127191878855228,0.7180947203934192,1.3417490243911743,2.4471368658542634,0.9419569867849351,182.92861246049088,182.92861246049088,greedy,0.9419569867849351,0.0,hard_fault_cluster,0.0,True
123,N7847,control0,-0.08132562786340714,0.9041954733245076,2.3990716218948362,0.08524761056527495,0.5877270576609299,0.9041901461762422,0.9041954733245076,0.9041954733245076,-0.21828314600815388,2.440476217617075e-05,3,3,1,0.0,-0.42577149628972866,2,2,1,0.0,-0.08132562786340714,0.12335202097892761,0.4426718294434249,1.9869506031274793,0.0012335202097892761,-0.16426178812980652,0.08030727505683899,-0.3230419158935547,0.7570318579673767,0.2904157117009163,0.5202450752258301,0.0605863481760025,0.08030727505683899,1.5278200695663693,-0.005959518253803253,-0.03948669508099556,-0.007297918200492859,26485.79296875,11096.263671875,15389.529296875,26300.892578125,11033.69921875,15267.193359375,0.006981115788221359,0.005638334900140762,0.007949297316372395,0.6981115788221359,-0.3922925293445587,1.0069348806142806,-0.5450370013713837,1.024781464934349,0.750982291996479,2.063138489797711,0.9041954733245076,183.8328079338154,183.8328079338154,greedy,0.9041954733245076,0.0,hard_fault_cluster,0.0007378258730939505,True
124,N1552,observe,-0.02482565864920616,1.034396457374096,2.4448249638080597,0.13066822975873948,0.6723576972931624,1.0344137168157097,1.034396457374096,1.034396457374096,0.7528276583509372,2.2926152383151033e-05,3,2,1,0.0,0.90859807983825,2,1,1,0.0,-0.02482565864920616,0.14096178114414215,1.3599695846438409,2.9396001815795896,0.0014096178114414216,-0.136570543050766,0.051750682294368744,0.7438821792602539,1.2955610752105713,0.47889477014541626,0.44396406412124634,0.5138254761695862,0.051750682294368744,0.12506650060415264,-0.006891295313835144,-0.01441909745335579,-0.009583637118339539,26302.37890625,11033.7216796875,15268.65625,26918.2734375,11246.294921875,15671.978515625,-0.023415924981236458,-0.019265778362751007,-0.02641504630446434,-2.341592498123646,-0.4964170679450035,0.6242337429523468,-0.6409514155238867,0.6414716029167176,1.0494196861982346,1.8095629446208477,1.034396457374096,184.8672043911895,184.8672043911895,greedy,1.034396457374096,0.0,hard_fault_cluster,0.03938132064247471,False
125,N3903,control0,-0.06647580116987228,1.0499948339164256,2.3023055553436276,0.25854536488652224,0.6824966420456766,1.0500005645913766,1.0499948339164256,1.0499948339164256,0.2660835376645384,2.1537127028784376e-05,3,3,1,0.0,0.44144753184307434,2,2,1,0.0,-0.06647580116987228,0.08002161979675293,1.1070633240044117,2.4644593000411987,0.0008002161979675293,0.042188405990600586,0.08300933986902237,0.23170432448387146,1.2011854648590088,0.2167428359389305,0.32023710012435913,0.11324857175350189,0.08002161979675293,1.303145740106702,-0.007513821125030518,-0.024996474385261536,-0.004135340452194214,26916.3828125,11246.3935546875,15669.98828125,26726.671875,11206.0234375,15520.6484375,0.007048158906400204,0.0035896056797355413,0.009530309587717056,0.7048158906400204,-0.5883511528372765,0.23666749633848666,-0.7106243725866079,0.14398378618061541,0.8212442092597484,2.1088087360188363,1.0499948339164256,185.91719922510592,185.91719922510592,greedy,1.0499948339164256,0.0,hard_fault_cluster,0.0,True
126,N7853,control0,-0.007230530492961407,1.9575141480565073,2.2721435248851773,0.9979070875048638,1.2723841962367297,1.9575081267484467,1.9575141480565073,1.9575141480565073,-0.29760928917910884,2.0232258466313228e-05,3,3,1,0.0,-0.35257477391637687,2,2,1,0.0,-0.007230530492961407,0.1382530778646469,5.33140821158886,5.999999999999999,0.0013825307786464692,-0.1258801519870758,0.07329300791025162,-0.27203407883644104,0.8284517526626587,0.2959529906511307,0.5220499038696289,0.06985607743263245,0.07329300791025162,4.426827807128429,-0.0037489384412765503,-0.03080020844936371,-0.006374746561050415,26726.677734375,11205.798828125,15520.87890625,26509.162109375,11111.361328125,15397.80078125,0.008138520643115044,0.008427556604146957,0.007929842919111252,0.8138520643115044,-0.1633477583527565,1.740452202409506,-0.3220073226839304,1.4445250354707242,2.672122514247894,3.311879634261131,1.9575141480565073,187.87471337316242,187.87471337316242,greedy,1.9575141480565073,0.0,hard_fault_cluster,0.04036736437419904,False
127,N7518,observe,-0.1475173383951187,1.1416621202230455,2.250621002912521,0.3872694236040115,0.7420803781449796,1.1416758957332396,1.1416621202230455,1.1416621202230455,0.7247808886432751,1.9006447893473185e-05,3,2,1,0.0,0.683645772013345,2,1,1,0.0,-0.1475173383951187,0.1401364952325821,2.4117122158408164,3.709930896759033,0.0014013649523258208,-0.1328796148300171,0.06297089904546738,0.567855179309845,1.0461621284484863,0.5999385565519333,0.702688992023468,0.49718812108039856,0.06297089904546738,1.8512069873511792,-0.004467703402042389,-0.029008742421865463,-0.006665177643299103,26509.447265625,11111.310546875,15398.13671875,26367.95703125,11070.0380859375,15297.91796875,0.005337351467460394,0.0037144548259675503,0.006508498452603817,0.5337351467460394,-0.24366294592618942,1.7601196384429931,-0.3959934916347265,1.4970136022567748,1.5366190671920776,2.9049923732876777,1.1416621202230455,189.01637549338545,189.01637549338545,greedy,1.1416621202230455,0.0,hard_fault_cluster,0.020978196817913988,False
128,N3896,control0,-0.20511619746685028,1.6256281802989543,2.0154831528663633,1.0249517481587826,1.0566583171943202,1.6256281802989543,1.6256281802989543,1.6256281802989543,0.0,1.785490542881238e-05,3,3,1,0.0,0.35877935521508353,2,2,1,0.0,-0.20511619746685028,0.16966859996318817,5.314715033210813,5.999999999999999,0.0016966859996318817,-0.13210582733154297,0.07774081081151962,0.16654810309410095,0.9554974436759949,0.2636205777525902,0.35351425409317017,0.1737269014120102,0.07774081081151962,6.219377856552601,-0.005015850067138672,-0.03584079444408417,-0.006737038493156433,26367.8203125,11070.4384765625,15297.3818359375,26155.3125,10906.0703125,15249.2421875,0.008059361949563026,0.014847484417259693,0.003146920818835497,0.8059361949563026,-0.2541755959391594,2.0596688044071194,-0.43973265402019024,1.6513610732555386,2.5961529254913325,3.2624994015693662,1.6256281802989543,190.6420036736844,190.6420036736844,greedy,1.6256281802989543,0.0,hard_fault_cluster,0.014292247884747313,False
129,N7421,control1,-0.30260124802589417,1.0386302167177202,0.42487758696079253,0.6307200056314468,0.6751096408665181,1.038628491344564,1.0386302167177202,1.0386302167177202,-0.10286529780892092,1.6773131395125595e-05,3,2,1,0.0,-0.20700723726811113,2,1,1,0.0,-0.30260124802589417,0.17290617525577545,3.281539035588503,3.051733648777008,0.0017290617525577544,-0.14416754245758057,0.07679425925016403,-0.15884467959403992,0.624387800693512,0.37755779176950455,0.5848594307899475,0.17025615274906158,0.07679425925016403,2.328146400526166,-0.0038472265005111694,-0.04338204115629196,-0.004978850483894348,26155.53515625,10905.84375,15249.69140625,26099.220703125,10835.529296875,15263.69140625,0.00215306063182652,0.006447410676628351,-0.0009180513443425298,0.215306063182652,-0.13502221554517746,1.9166980457305907,-0.3222975414246321,1.4106983494758605,1.6667447328567504,1.4582422016002239,1.0386302167177202,191.6806338904021,191.6806338904021,greedy,1.0386302167177202,0.0,hard_fault_cluster,0.013104598522754333,False
130,N785,observe,-0.15247240662574768,0.7049875465035439,-0.49315710067749025,0.09795017033815384,0.45824190522730357,0.705001792224411,0.7049875465035439,0.7049875465035439,0.9040942069222131,1.57568987368678e-05,3,2,1,0.0,0.9854334563675101,2,1,1,0.0,-0.15247240662574768,0.16985394060611725,0.9277820810675621,2.5287500739097593,0.0016985394060611725,-0.15042701363563538,0.06501079350709915,0.6783336997032166,1.119746208190918,0.5902200937271118,0.6620041728019714,0.5184360146522522,0.06501079350709915,0.9700553300976753,-0.004380762577056885,-0.033447496592998505,-0.006248585879802704,26099.205078125,10835.138671875,15264.06640625,25998.990234375,10814.845703125,15184.14453125,0.003839766141027212,0.0018728850409388542,0.005235949065536261,0.3839766141027212,-0.20321152359247208,0.9780621081590652,-0.3793600741773844,0.9296076267957687,0.8512968227267266,1.213146875426173,0.7049875465035439,192.38562143690564,192.38562143690564,greedy,0.7049875465035439,0.0,hard_fault_cluster,0.006578947368421043,False
131,N771,observe,-0.13175252079963684,0.6078750656545162,0.6705670535564422,0.003740636557340618,0.39511879267543554,0.6078872496171646,0.6078750656545162,0.6078750656545162,0.8231163342128427,1.480223650284277e-05,3,2,1,0.0,0.7853241961855254,2,1,1,0.0,-0.13175252079963684,0.15050683915615082,0.6131841324269772,0.6984927237033843,0.001505068391561508,-0.12027892470359802,0.059757962822914124,0.4814867675304413,1.1093292236328125,0.5195606350898743,0.5026564598083496,0.5364648103713989,0.059757962822914124,0.2867841966450214,-0.005463466048240662,-0.020883914083242416,-0.007910244166851044,25998.904296875,10814.904296875,15184.0,26383.140625,10944.9697265625,15438.1708984375,-0.014778942801058292,-0.012026498094201088,-0.016739390790462494,-1.4778942801058292,-0.3360818028450012,0.5131914544105529,-0.4937804043292999,0.42639423966407775,0.6581649638712407,0.5186748832836748,0.6078750656545162,192.99349650256016,192.99349650256016,greedy,0.6078750656545162,0.0,hard_fault_cluster,0.0002610284521012793,True
132,N7535,observe,-0.217927023768425,1.4866655743122101,-1.5303670555353164,0.8567032861709595,0.9663326233029366,1.4866794797265397,1.4866655743122101,1.4866655743122101,1.0,1.3905414329624958e-05,0,2,0,0.0,1.0,0,1,0,0.0,-0.217927023768425,0.14396415650844574,4.152460897713899,4.9344565868377686,0.0014396415650844575,-0.1099136620759964,0.07184851914644241,0.4242510497570038,1.0050640106201172,0.5379150062799454,0.6042019128799438,0.4716280996799469,0.07184851914644241,2.1724138532578943,-0.0032203495502471924,-0.028710544109344482,-0.0057889968156814575,26382.08984375,10944.95703125,15437.1328125,26272.7734375,10945.15234375,15327.6201171875,0.004143584053963423,-1.78449772647582e-05,0.007094108499586582,0.4143584053963423,-0.10622227936983109,5.803652834296226,-0.2680817861109972,2.665112089514732,2.221855235099792,1.8642059028148648,1.4866655743122101,194.48016207687238,194.48016207687238,greedy,1.4866655743122101,0.0,hard_fault_cluster,0.0,True
133,N7534,observe,-0.2598193287849426,1.4617624410986902,-0.465846899151802,0.9920773771405221,0.9501455867141487,1.4617747078850836,1.4617624410986902,1.4617624410986902,0.9390533669082083,1.3062927865083377e-05,3,2,1,0.0,0.9474990650476062,2,1,1,0.0,-0.2598193287849426,0.11941729485988617,4.7323418371379375,4.58176212310791,0.0011941729485988616,-0.1193874180316925,0.08184155076742172,0.4334903061389923,0.9866800904273987,0.5452082008123398,0.5948160886764526,0.49560031294822693,0.08184155076742172,3.310039149150252,-0.0035630837082862854,-0.02936997264623642,-0.00617198646068573,26273.05859375,10945.33984375,15327.71875,26165.4140625,10919.8662109375,15245.548828125,0.004097145050764084,0.0023273497354239225,0.005360871087759733,0.4097145050764084,-0.15504952520132065,3.592400472164154,-0.30599365942180157,3.050444476604462,2.5162408709526063,2.0696946895867585,1.4617624410986902,195.94192451797107,195.94192451797107,greedy,1.4617624410986902,0.0,hard_fault_cluster,0.00012489072061944422,True
134,N7532,observe,-0.2947995066642761,1.1727643245458603,-1.6255741849541663,0.7183435690402985,0.7622968109548093,1.1727724930454646,1.1727643245458603,1.1727643245458603,0.6656488236138393,1.2271485075049476e-05,3,2,1,0.0,0.8827437698555365,2,1,1,0.0,-0.2947995066642761,0.0956345945596695,3.54574020318687,4.51887764930725,0.000956345945596695,-0.129706472158432,0.09058129042387009,0.4195089042186737,0.9800999760627747,0.5486997812986374,0.6028026342391968,0.494596928358078,0.09058129042387009,5.881563446335495,-0.004400789737701416,-0.029688498005270958,-0.006913952529430389,26165.19140625,10919.77734375,15245.4140625,26048.0,10879.896484375,15168.103515625,0.004478904884308577,0.0036521677393466234,0.005071069113910198,0.44789048843085766,-0.253863088786602,3.727472338080406,-0.3935250025242567,2.2730689831078053,1.845985287427902,1.619890436828136,1.1727643245458603,197.11468884251693,197.11468884251693,greedy,1.1727643245458603,0.0,hard_fault_cluster,0.07132748372487971,False
135,N7627,observe,0.028222408145666122,0.48914531618356705,2.2721868336200712,-0.10722912847995754,0.3179444555193186,0.48914671949141797,0.48914531618356705,0.48914531618356705,0.12173045253509691,1.1527993379622082e-05,3,2,1,0.0,0.3024024557806299,2,1,1,0.0,0.028222408145666122,0.065931037068367,0.43384830802679075,2.2721781134605408,0.00065931037068367,0.17503827810287476,-0.052139416337013245,-0.011842034757137299,1.4683747291564941,0.2727508321404457,0.14595560729503632,0.3995460569858551,-0.052139416337013245,-0.33495642691850663,-0.005211658775806427,0.0015684515237808228,-0.0005182921886444092,26048.51171875,10880.1455078125,15168.365234375,26535.51171875,11021.5732421875,15513.9375,-0.018695885315537453,-0.012998699210584164,-0.02278243377804756,-1.8695885315537453,-0.5073742568492889,0.6507671159505843,-0.5177179723978043,0.658810309767723,0.6143067628145218,1.9742993958294393,0.48914531618356705,197.6038341587005,197.6038341587005,greedy,0.48914531618356705,0.0,hard_fault_cluster,0.0,True
136,N694,observe,0.1370178908109665,1.2601991621404887,2.944060981273651,-0.19157853201031677,0.8191294553913177,1.2602039283580984,1.2601991621404887,1.2601991621404887,0.44011234812394523,1.0829547568844251e-05,3,2,1,0.0,0.3003148190192024,2,1,1,0.0,0.1370178908109665,0.10106416046619415,0.3103380676358939,2.016287535429001,0.0010106416046619415,0.10676050186157227,-0.06731782108545303,-0.19086876511573792,1.6307320594787598,0.24750863015651703,0.18973994255065918,0.3052773177623749,-0.06731782108545303,-0.855975145623088,-0.004414692521095276,0.015812143683433533,-0.001852869987487793,26535.22265625,11021.111328125,15514.111328125,26593.521484375,11121.47265625,15472.048828125,-0.00219703558832407,-0.009106280282139778,0.00271124136634171,-0.219703558832407,-0.40772291272878647,1.0318180085718631,-0.4330326672643423,1.006974101215601,0.9441927671432495,2.6351071774959562,1.2601991621404887,198.86403332084097,198.86403332084097,greedy,1.2601991621404887,0.0,hard_fault_cluster,0.00012411567580985488,True
137,N7385,observe,0.0602131150662899,1.314790311679244,2.7955983877182007,0.022104244753718378,0.8546137025915087,1.3147931425188233,1.314790311679244,1.314790311679244,0.27825844310416076,1.0173418450532209e-05,3,2,1,0.0,0.30534299390249886,2,1,1,0.0,0.0602131150662899,0.11412924528121948,-0.042636994272470474,-1.9282660871744155,0.0011412924528121948,0.13892531394958496,0.002823794260621071,-0.2450711727142334,1.3990607261657715,0.24379223585128784,0.164987713098526,0.3225967586040497,0.002823794260621071,1.2366050759702922,-0.004443645477294922,0.006785199046134949,-0.000713735818862915,26593.51953125,11121.9501953125,15471.5703125,26483.357421875,11100.65234375,15382.705078125,0.004142441786825657,0.0019149385625496507,0.005743775982409716,0.4142441786825657,-0.32741150818765163,1.009453535825014,-0.41512628784403205,0.9297636158764362,0.6834978029131888,0.5845615874975921,1.314790311679244,200.17882363252022,200.17882363252022,greedy,1.314790311679244,0.0,hard_fault_cluster,0.0,True
138,N2102,observe,-0.05022042617201805,1.3737894135527313,1.653428316116333,0.26924679121002554,0.8929631188092754,1.3737900262848968,1.3737894135527313,1.3737894135527313,0.06411315903416451,9.557042185897587e-06,3,2,1,0.0,0.048701732121608166,2,1,1,0.0,-0.05022042617201805,0.17369846999645233,2.046449293848127,3.4327117681503294,0.0017369846999645234,-0.013293832540512085,-0.014426013454794884,-0.2130226045846939,1.1822776794433594,0.24593078345060349,0.14286865293979645,0.3489929139614105,-0.014426013454794884,-0.23019847622141243,-0.0034421682357788086,0.045932598412036896,-0.016951516270637512,26482.919921875,11100.1259765625,15382.7939453125,26596.73828125,11193.7109375,15403.02734375,-0.0042978026904165745,-0.008430982008576393,-0.0013153266627341509,-0.42978026904165745,-0.1849443670362234,1.0397019285336138,-0.3043987094424665,0.8823557156696916,1.4932154134847222,2.5348399813333526,1.3737894135527313,201.55261304607296,201.55261304607296,greedy,1.3737894135527313,0.0,hard_fault_cluster,0.0003650967506389061,True
139,N7500,observe,-0.08808853477239609,0.7978884281218053,0.556289194151759,0.06606861308217048,0.5186274782791734,0.7978901380500384,0.7978884281218053,0.7978887414886183,0.19045737100921703,8.97801027129165e-06,2,2,0,0.0,0.12815903466822207,1,1,1,0.03490381538947754,-0.08808853477239609,0.12644167244434357,0.4998362001031637,0.6244340389966965,0.0012644167244434358,0.10324513912200928,0.005280734971165657,-0.2456592619419098,1.4002385139465332,0.32509762048721313,0.31606727838516235,0.3341279625892639,0.005280734971165657,0.6726626596227288,-0.01407737284898758,-0.009778991341590881,-0.008813634514808655,26595.9140625,11193.2568359375,15402.658203125,26719.65625,11236.744140625,15482.912109375,-0.00465267663821578,-0.0038851341232657433,-0.005210393108427525,-0.465267663821578,-1.2760148774832487,0.3425477313622832,-1.3748066830448806,0.2821469026431441,0.5172011483460666,0.4883541584946216,0.7978887414886183,202.35050178756157,202.35050178756157,greedy,0.7978887414886183,0.0,hard_fault_cluster,0.019242942144575264,False
140,N645,control1,-0.1193503811955452,1.1541410845145583,1.0842253983020782,0.24914575915783643,0.750191704934463,1.1541411366493903,1.1541410845145583,1.1541411208587795,0.006181463162666269,8.434060126924933e-06,1,2,0,0.0,0.01026402346602449,1,1,1,0.0043092200668399736,-0.1193503811955452,-0.004371754825115204,0.31339115839451553,0.07617821246385574,-4.371754825115204e-05,0.3412145674228668,0.03642997145652771,-0.27761003375053406,1.1667306423187256,0.0301206037402153,-0.055500149726867676,0.11574135720729828,-0.004371754825115204,-0.4190820179879665,-0.01207086443901062,-0.07280215620994568,0.018569115549325943,26723.60546875,11238.619140625,15484.9853515625,26326.27734375,11043.90234375,15282.375,0.014868058264255524,0.017325686290860176,0.013084310106933117,1.4868058264255524,-1.1750282272696495,0.25015719402581454,-1.1990718897432089,0.23796920645982028,0.4930433489382267,0.6408625180646778,1.1541411208587795,203.50464290842035,203.50464290842035,greedy,1.1541411208587795,0.0,hard_fault_cluster,0.0085963259538389,False
141,N616,control1,-0.09059341996908188,0.8638739828765392,0.9179384231567382,0.09071034654974935,0.5615180888697505,0.8638726148458609,0.8638739828765392,0.8638739828765392,-0.1726642986554905,7.923066255787562e-06,3,2,1,0.0,-0.04420493823559438,2,1,1,0.0,-0.09059341996908188,0.0011126399040222168,0.060954304598271836,0.12504803240299223,1.1126399040222167e-05,0.3538348972797394,0.03200975060462952,-0.306720107793808,1.1892316341400146,0.025539889931678772,-0.07469360530376434,0.1257733851671219,0.0011126399040222168,-1.7849944853037596,-0.01410607248544693,-0.07557836920022964,0.019095558673143387,26325.37109375,11043.6025390625,15281.76953125,26003.15234375,10881.3076171875,15121.845703125,0.012239855714142323,0.014695831574499607,0.010465007275342941,1.2239855714142323,-1.3774848580360413,0.0767006625235081,-1.40232665091753,0.07566019341349604,0.46541402488946915,0.6411697414517403,0.8638739828765392,204.36851689129688,204.36851689129688,greedy,0.8638739828765392,0.0,hard_fault_cluster,0.02488297610248829,False
142,N7680,observe,-0.048493001610040665,1.036078635454178,2.657564854621887,-0.06045886278152462,0.6734511130452158,1.0360860784861161,1.036078635454178,1.036078635454178,1.0,7.443031938223492e-06,1,2,0,0.0,1.0,1,1,0,0.0,-0.048493001610040665,0.013249173760414124,0.7000607579946518,2.3735384583473205,0.00013249173760414125,0.31832435727119446,0.007890282198786736,0.3342481553554535,1.606153964996338,0.26567504554986954,0.13758189976215363,0.39376819133758545,0.007890282198786736,0.9798638862371445,-0.0023496821522712708,-0.05169771984219551,0.01733895018696785,25999.9921875,10880.4130859375,15119.578125,26490.75390625,11103.423828125,15387.330078125,-0.018875455483794212,-0.020496532320976257,-0.017708957195281982,-1.8875455483794212,-0.21382875926792622,1.626092312335968,-0.22968335123732686,1.6110254859924316,1.0059708416461945,2.2219187965989113,1.036078635454178,205.40459552675105,205.40459552675105,greedy,1.036078635454178,0.0,hard_fault_cluster,0.0,True
143,N636,control1,-0.05522649362683296,1.386391214132309,1.4257583498954771,0.09329054474830627,0.9011542891860008,1.386390162056357,1.386391214132309,1.386391214132309,-0.1504667762263146,6.992081429705052e-06,0,2,0,0.0,0.139238998376121,0,1,0,0.0,-0.05522649362683296,0.005777537822723389,0.7811171039938927,0.7235043942928314,5.7775378227233883e-05,0.34252917766571045,0.018715711310505867,-0.38395723700523376,1.141359567642212,0.05220197141170502,-0.009032279253005981,0.11343622207641602,0.005777537822723389,0.9211734923720359,-0.009586557745933533,-0.06625991314649582,0.019024834036827087,26494.876953125,11104.96484375,15389.912109375,26370.53125,11064.9716796875,15305.5595703125,0.004693198017776012,0.00360137689858675,0.005481027998030186,0.46931980177760124,-0.934162525460124,0.7433225835859776,-0.952532462310046,0.7326942409574986,0.9619748875498771,1.0593706054240464,1.386391214132309,206.79098674088337,206.79098674088337,greedy,1.386391214132309,0.0,hard_fault_cluster,0.07114204813591318,False
144,N630,control1,-0.015303048305213451,1.1245836755633354,1.310731828212738,0.09432817071676255,0.730979389116168,1.1245827183634143,1.1245836755633354,1.1245836755633354,-0.14572685149528397,6.568452631320449e-06,3,2,1,0.0,0.21066412352270625,2,1,1,0.0,-0.015303048305213451,0.004897661507129669,0.8185147643089294,0.8253619253635407,4.897661507129669e-05,0.35122445225715637,0.0156285110861063,-0.3320097327232361,1.162989616394043,0.03882381319999695,-0.04123547673225403,0.11888310313224792,0.004897661507129669,0.9881669932603836,-0.012554600834846497,-0.07026682794094086,0.01945333555340767,26369.484375,11064.78515625,15304.6982421875,26115.03515625,10938.9384765625,15176.095703125,0.009649381972849369,0.01137362141162157,0.008402814157307148,0.9649381972849369,-1.2349339108914137,0.78408408716321,-1.2503285403363407,0.7833316381275655,0.9628976538777352,1.121716063246131,1.1245836755633354,207.9155704164467,207.9155704164467,greedy,1.1245836755633354,0.0,hard_fault_cluster,0.0005100739607243056,True
145,N642,control1,-0.03999340161681175,1.5245393855869769,1.7258828639984127,0.0950601686537266,0.9909506006315351,1.5245382792823863,1.5245393855869769,1.5245393855869769,-0.17928957894364222,6.170490204333978e-06,3,2,1,0.0,0.09045618462294637,2,1,1,0.0,-0.03999340161681175,0.0020716413855552673,0.9451531484723091,0.8685478627681732,2.0716413855552675e-05,0.3589661419391632,0.013158371672034264,-0.3841671347618103,1.1444289684295654,0.026866309344768524,-0.06296980381011963,0.11670242249965668,0.0020716413855552673,1.1199998313188553,-0.014429107308387756,-0.07338026165962219,0.019765593111515045,26114.0,10938.625,15175.3759765625,25838.099609375,10798.298828125,15039.80078125,0.010565228760242462,0.012828501872718334,0.008933893404901028,1.0565228760242462,-1.427680717781186,0.8510564689338207,-1.4391032275743783,0.8791421775519848,1.23501994907856,1.3280937545746565,1.5245393855869769,209.4401098020337,209.4401098020337,greedy,1.5245393855869769,0.0,hard_fault_cluster,0.0009430625957797957,True
146,N7465,observe,-0.030336927622556686,1.2998519644141198,2.7862918496131894,0.020212464034557343,0.8449037768691778,1.2998577610532216,1.2998519644141198,1.2998519644141198,1.0,5.796639101913932e-06,3,2,1,0.0,1.0,2,1,1,0.0,-0.030336927622556686,0.03402628004550934,1.31586212515831,2.921316134929657,0.0003402628004550934,0.32190781831741333,-0.00789370946586132,0.416843444108963,1.5793113708496094,0.29875652492046356,0.178083598613739,0.4194294512271881,-0.00789370946586132,1.0624428457021713,-0.0024676844477653503,-0.0494212806224823,0.017710600048303604,25834.5,10796.96875,15037.53125,26358.05859375,11065.9462890625,15292.111328125,-0.020265869796276093,-0.02491232007741928,-0.016929645091295242,-2.0265869796276093,-0.22063587419688702,2.3438182258605957,-0.24023530213162303,2.37929226398468,1.531797131896019,2.5706681357324124,1.2998519644141198,210.73996176644783,210.73996176644783,greedy,1.2998519644141198,0.0,hard_fault_cluster,0.0006107989249939061,True
147,N649,control1,-0.0704745203256607,1.0314819483458997,1.7901573061943052,0.053821918815374375,0.6704632664248348,1.031481110096329,1.0314819483458997,1.0314819483458997,-0.15393610116714604,5.445438492753323e-06,3,2,1,0.0,0.047144295241517885,2,1,1,0.0,-0.0704745203256607,0.008270680904388428,0.6630635403096675,0.8805832445621491,8.270680904388427e-05,0.341244637966156,0.004313094541430473,-0.4404890239238739,1.1337966918945312,0.05518289655447006,0.0037804394960403442,0.10658535361289978,0.004313094541430473,1.140532070621848,-0.010397829115390778,-0.06398231536149979,0.018502019345760345,26362.19140625,11067.62890625,15294.5634765625,26190.26171875,10975.412109375,15214.8505859375,0.006521828472614288,0.008332118391990662,0.005211844574660063,0.6521828472614288,-1.0271991360932589,0.6737868268042803,-1.036636967677623,0.6606838185340166,0.8287807099521161,1.3535940570756795,1.0314819483458997,211.77144371479375,211.77144371479375,greedy,1.0314819483458997,0.0,hard_fault_cluster,0.00038143674507310903,True
148,N7624,observe,-0.07397669553756714,1.7036338528990747,3.0710216641426085,0.044203817546367645,1.1073620043843986,1.7036389684151274,1.7036338528990747,1.7036338528990747,1.0,5.115516052839796e-06,3,2,1,0.0,1.0,2,1,1,0.0,-0.07397669553756714,0.04771742224693298,1.7884626641869543,3.3465273857116697,0.0004771742224693298,0.31949445605278015,-0.012231355533003807,0.23980262875556946,1.6044528484344482,0.31983690708875656,0.21066798269748688,0.42900583148002625,-0.012231355533003807,1.2043596467375755,-0.0014148876070976257,-0.04558975622057915,0.016749240458011627,26186.32421875,10974.1484375,15212.17578125,26712.447265625,11238.642578125,15473.8046875,-0.020091518759727478,-0.024101564660668373,-0.017198652029037476,-2.009151875972748,-0.1060026939958334,2.030512129664421,-0.13261724403128028,2.019715594649315,1.9055781438946724,2.813625793531537,1.7036338528990747,213.47507756769284,213.47507756769284,greedy,1.7036338528990747,0.0,hard_fault_cluster,0.00011530035743109534,True
149,N7441,control0,-0.09937138855457306,1.1412060765875502,2.572336685657501,0.0943102150177583,0.7417839497819076,1.1412069272783563,1.1412060765875502,1.1412060765875502,0.1770213679063462,4.805582603069735e-06,3,3,1,0.0,0.21078090027278776,2,2,1,0.0,-0.09937138855457306,0.025459855794906616,0.22869236022233963,-1.3258495086804032,0.00025459855794906616,0.33634793758392334,-0.0008152592927217484,-0.3002575933933258,1.4245784282684326,0.03405051678419113,0.07681040465831757,-0.008709371089935303,-0.0008152592927217484,1.628496072567068,-0.004700072109699249,-0.05842568352818489,0.01686067134141922,26711.783203125,11238.73046875,15473.052734375,26281.22265625,10992.4228515625,15288.80078125,0.016118749976158142,0.021915964782238007,0.011907924897968769,1.6118749976158142,-0.44536261446774006,0.898405936807394,-0.4638460618443787,0.8315576289594173,0.673737860005349,1.1682735111145304,1.1412060765875502,214.61628364428037,214.61628364428037,greedy,1.1412060765875502,0.0,hard_fault_cluster,0.0004934007647711859,True
150,N2157,observe,-0.04842458292841911,2.27967341802083,3.4822107315063473,0.07434703114442527,1.4817877217135393,2.2796768815353174,2.27967341802083,2.27967341802083,0.7672101979868335,4.514427071752895e-06,3,2,1,0.0,0.8124142468898125,2,1,1,0.0,-0.04842458292841911,0.03156060725450516,0.3885699003189802,1.8058616083115338,0.0003156060725450516,0.31257933378219604,0.0014262069016695023,0.37361058592796326,1.7456047534942627,0.34536297619342804,0.32160449028015137,0.3691214621067047,0.0014262069016695023,1.3318782694172113,-0.005861520767211914,-0.05797465145587921,0.017252717167139053,26281.01171875,10992.4013671875,15288.611328125,26329.546875,11100.34375,15229.203125,-0.0018467765767127275,-0.009819727391004562,0.003885781392455101,-0.18467765767127275,-0.5531652625650167,0.9559610310941935,-0.5779053731821477,0.8855621341615916,1.1102641006931664,2.296671665450558,2.27967341802083,216.8959570623012,216.8959570623012,greedy,2.27967341802083,0.0,hard_fault_cluster,0.0002220741727737066,True
151,N6948,observe,0.08358163386583328,1.5787794707808642,3.073812615871429,-0.053617824334651225,1.0262066560075618,1.5787831092317217,1.5787794707808642,1.5787794707808642,0.8579407121210486,4.240911762323458e-06,3,2,1,0.0,0.9239014380974262,2,1,1,0.0,0.08358163386583328,0.1177482008934021,-0.10840476895682516,-2.049413877725601,0.001177482008934021,0.21382209658622742,-0.018000533804297447,-0.06607408076524734,1.3883085250854492,0.28399043530225754,0.16924457252025604,0.39873629808425903,-0.018000533804297447,0.49336210072040554,0.0002590864896774292,0.0016847290098667145,0.0032982900738716125,26329.28125,11099.6875,15229.59375,26663.880859375,11238.244140625,15425.63671875,-0.012708269990980625,-0.012482931837439537,-0.012872501276433468,-1.2708269990980625,0.12565631605684757,1.3653943872451781,0.05084556574001908,1.2457496798038483,0.6763050407171249,0.22232725203037287,1.5787794707808642,218.47473653308205,218.47473653308205,greedy,1.5787794707808642,0.0,hard_fault_cluster,0.018670047251354148,False
152,N5867,observe,0.1648707389831543,1.4057600225508213,2.8433139324188232,0.04095406964421273,0.9137440146580339,1.405763224634726,1.4057600225508213,1.4057600225508213,0.8037423942259468,3.983967907765975e-06,3,2,1,0.0,0.8891328037910267,2,1,1,0.0,0.1648707389831543,0.19892115890979767,0.7396673887968063,-1.343106573820114,0.001989211589097977,0.0569780170917511,-0.06607577949762344,0.009482361376285553,1.410334587097168,0.28694361448287964,0.1491764783859253,0.424710750579834,-0.06607577949762344,-0.42464653283357623,0.00602678582072258,0.06829795241355896,-0.011995933949947357,26665.078125,11239.6083984375,15425.4697265625,27007.24609375,11407.8779296875,15599.3671875,-0.012832063250243664,-0.014971120283007622,-0.0112733980640769,-1.2832063250243664,0.7355239614844322,1.4113250494003295,0.6358899269253016,1.2665772795677184,0.9844945013523102,1.101309672892094,1.4057600225508213,219.88049655563287,219.88049655563287,greedy,1.4057600225508213,0.0,hard_fault_cluster,0.00046554934823091285,True
153,N5627,observe,0.0765366181731224,0.9011159751635932,2.47392121553421,0.02204735330338736,0.5857253838563357,0.9011197177550876,0.9011159751635932,0.9011159751635932,1.0,3.74259149438503e-06,1,2,0,0.0,1.0,0,1,0,0.0,0.0765366181731224,0.18586839735507965,0.5956521520996829,-1.3276606261730193,0.0018586839735507965,0.14610186219215393,-0.041851602494716644,-0.3645714223384857,1.6944327354431152,0.3458556830883026,0.30294087529182434,0.3887704908847809,-0.041851602494716644,0.37601254850535043,-0.014455556869506836,0.09233656525611877,-0.0075463950634002686,27010.51953125,11407.78515625,15602.734375,27292.935546875,11533.6337890625,15759.3017578125,-0.010455778799951077,-0.011031820438802242,-0.010034611448645592,-1.0455778799951077,-1.3015388920903206,0.1028882733255341,-1.4095514882355928,0.1028915721210251,0.5922033316533998,0.48993216557471014,0.9011159751635932,220.78161253079648,220.78161253079648,greedy,0.9011159751635932,0.0,hard_fault_cluster,0.048385069749905744,False
154,N6538,observe,-0.12239173799753189,0.45570436595007774,-0.545783531665802,-0.10981280263513327,0.29620783786755056,0.45570788178941635,0.45570436595007774,0.45570436595007774,1.0,3.515839338599904e-06,0,2,0,0.0,1.0,0,1,0,0.0,-0.12239173799753189,0.16975601017475128,-0.09654291793704037,-1.4927518002688884,0.0016975601017475128,0.1446966528892517,-0.042337022721767426,-0.40636470913887024,1.601454257965088,0.3093110918998718,0.27016496658325195,0.3484572172164917,-0.042337022721767426,0.1853518220968544,-0.02178475260734558,0.08583804965019226,-0.009954206645488739,27287.833984375,11532.8203125,15755.013671875,27684.4921875,11685.7109375,15998.7822265625,-0.014536082744598389,-0.013257002457976341,-0.015472442843019962,-1.4536082744598389,-2.0510562732815742,-0.7313061836361885,-2.146620513871312,-0.7247608187794685,-0.11507469043135643,-1.2345390079542995,0.45570436595007774,221.23731689674656,221.23731689674656,greedy,0.45570436595007774,0.0,hard_fault_cluster,0.003395105389729809,False
155,N5617,observe,0.036090921610593796,1.4192494237422943,2.66274379491806,0.1972774374485016,0.9225121254324914,1.4192527265676957,1.4192494237422943,1.4192494237422943,1.0,3.302825401434241e-06,1,2,0,0.0,1.0,0,1,0,0.0,0.036090921610593796,0.19458572566509247,1.051693008840084,2.418094879388809,0.0019458572566509247,0.1502169966697693,-0.042123377323150635,-0.35578981041908264,1.6679816246032715,0.3651510328054428,0.3337019681930542,0.3966000974178314,-0.042123377323150635,0.6844855961203575,-0.017025858163833618,0.0944337248802185,-0.007646217942237854,27686.134765625,11686.2265625,15999.908203125,27711.83203125,11683.662109375,16028.1708984375,-0.0009281637030653656,0.0002194423577748239,-0.0017664285842329264,-0.09281637030653656,-1.55012346804142,1.5759915167093277,-1.6644702292978764,1.4249285393953324,0.9460514038801192,2.714933412522077,1.4192494237422943,222.65656632048885,222.65656632048885,greedy,1.4192494237422943,0.0,hard_fault_cluster,0.11103714551990414,False
156,N4521,observe,0.095978282392025,1.5691499320417641,2.765503406524658,0.20859262414276597,1.0199474558271466,1.5691530347590905,1.5691499320417641,1.5691499320417641,1.0,3.1027173262994883e-06,1,2,0,0.0,1.0,0,1,0,0.0,0.095978282392025,0.20300541818141937,1.14863687120378,2.518869090080261,0.002030054181814194,0.15307021141052246,-0.041955821216106415,-0.3395485579967499,1.7370433807373047,0.3420223444700241,0.2955121397972107,0.3885325491428375,-0.041955821216106415,0.9324920139834284,-0.016552016139030457,0.0971279889345169,-0.006941109895706177,27712.1953125,11684.458984375,16027.7353515625,27802.80859375,11712.712890625,16090.0966796875,-0.003269798122346401,-0.0024180756881833076,-0.003890838474035263,-0.3269798122346401,-1.4941520169377327,0.4491908666118979,-1.6149392146617174,0.4075000103935599,0.9023149270564318,2.68650470258668,1.5691499320417641,224.22571625253062,224.22571625253062,greedy,1.5691499320417641,0.0,hard_fault_cluster,0.1304453638354831,False
157,N2580,control1,-0.22985272109508514,0.413264856338501,1.0821707278490067,0.029917703270912192,0.2686221566200257,0.41326461019123756,0.413264856338501,0.413264856338501,-0.08444932956425737,2.914733186543441e-06,0,2,0,0.0,-0.08239776388629255,0,1,0,0.0,-0.22985272109508514,0.20585544407367706,0.7779742814600468,1.3996206879615782,0.0020585544407367706,-0.005357027053833008,-0.05573505163192749,-1.1788727045059204,0.7405895590782166,0.05827796459197998,-0.05815818905830383,0.1747141182422638,-0.05573505163192749,-1.3333749379217625,-0.0007641389966011047,0.06276015192270279,-0.017491579055786133,27801.982421875,11703.681640625,16098.30078125,27326.16015625,11536.400390625,15789.759765625,0.017114687711000443,0.014293044805526733,0.019166061654686928,1.7114687711000443,0.0737064927816391,0.9904461312294007,-0.03888380154967308,0.965786008834839,0.9026102006435394,1.4699346762150522,0.413264856338501,224.63898110886913,224.63898110886913,greedy,0.413264856338501,0.0,hard_fault_cluster,0.01816633550950894,False
158,N722,observe,0.07017137855291367,1.2515088185295462,2.065157949924469,0.06566528093069796,0.813480732044205,1.2515115566679762,1.2515088185295462,1.2515088185295462,1.0,2.7381384300548555e-06,3,2,1,0.0,1.0,2,1,1,0.0,0.07017137855291367,0.21374483406543732,1.0649120850488545,1.5184383034706115,0.0021374483406543733,-0.010869145393371582,-0.05067054182291031,-0.4537363648414612,1.3712255954742432,0.20856676995754242,0.02488565444946289,0.39224788546562195,-0.05067054182291031,-0.6480510584637522,0.0066104456782341,0.07810752093791962,-0.0118107870221138,27326.40234375,11544.697265625,15781.705078125,27050.56640625,11467.8828125,15582.68359375,0.010094118304550648,0.006653656717389822,0.012610898353159428,1.0094118304550648,0.824118860065937,1.813136898353696,0.7018131408840418,1.8150304306298495,1.309515959210694,2.1247348950523883,1.2515088185295462,225.89048992739868,225.89048992739868,greedy,1.2515088185295462,0.0,hard_fault_cluster,0.0022837184309511035,True
159,N7846,control0,-0.2676258683204651,0.40746431514620784,2.039720022678375,0.06316090926527979,0.2648518048450351,0.4074636096906327,0.40746431514620784,0.40746431514620784,-0.27425697053557335,2.572243008985114e-06,0,3,0,0.0,0.08942724441305627,0,2,0,0.0,-0.2676258683204651,0.18121351301670074,0.5836756080389023,2.229770392179489,0.0018121351301670075,-0.005277305841445923,-0.030904797837138176,-1.1804417371749878,0.6814637780189514,-0.004215225577354431,0.01925802230834961,-0.02768847346305847,-0.030904797837138176,-0.057156091630458844,-0.006735056638717651,0.04322353005409241,-0.0217263326048851,27049.5078125,11467.9853515625,15581.521484375,26565.255859375,11219.392578125,15345.86328125,0.01790243200957775,0.021677110344171524,0.01512421015650034,1.7902432009577751,-0.5231969486922026,1.2347430372238157,-0.6359284850768745,1.241949918270111,0.6929225593805314,2.4913054998219013,0.40746431514620784,226.29795424254488,226.29795424254488,greedy,0.40746431514620784,0.0,hard_fault_cluster,0.006508205998868143,False
160,N1586,control1,-0.08498520404100418,1.9055107206106188,2.2879376888275145,0.06111373603343964,1.2385819683969022,1.9055113749979664,1.9055107206106188,1.9055107206106188,0.2708110016085501,2.416398683371257e-06,3,2,1,0.0,0.8708131701921034,2,1,1,0.0,-0.08498520404100418,0.19809602200984955,1.1684403389692304,1.3640688180923461,0.0019809602200984953,-0.003447115421295166,-0.02369452454149723,-0.8412607312202454,0.9720885157585144,0.052929848432540894,-0.027330592274665833,0.13319028913974762,-0.02369452454149723,-0.26601437032222747,0.002083316445350647,0.06724277138710022,-0.013012975454330444,26565.890625,11219.8642578125,15346.02734375,26483.701171875,11212.0078125,15271.693359375,0.0030937963165342808,0.0007002264028415084,0.004843858536332846,0.3093796316534281,0.382733142003417,1.818552191257477,0.2519320189021528,1.8190909934043886,1.5635041534900664,1.7832446071505546,1.9055107206106188,228.20346496315548,228.20346496315548,greedy,1.9055107206106188,0.0,hard_fault_cluster,0.0001412229911029517,True
161,N7402,observe,0.00011989939957857132,2.30948811635375,3.317686438560486,0.22793080613017083,1.5011672756299377,2.3094903863502383,2.30948811635375,2.30948811635375,1.0,2.2699964881242426e-06,3,2,1,0.0,1.0,2,1,1,0.0,0.00011989939957857132,0.20987512171268463,2.121873865276575,3.289246034622192,0.0020987512171268463,-0.010265976190567017,-0.026159798726439476,-0.6296754479408264,1.4641931056976318,0.20333486795425415,0.061431556940078735,0.34523817896842957,-0.026159798726439476,-0.9642685921490194,0.005152620375156403,0.07353922724723816,-0.01121964305639267,26482.64453125,11211.095703125,15271.548828125,26511.44140625,11244.2607421875,15267.1796875,-0.0010873866267502308,-0.002958233468234539,0.0002860967651940882,-0.10873866267502308,0.6989773605018854,3.7494832918047907,0.5611908682622015,3.744887702167034,2.366760855168104,3.6383945558592674,2.30948811635375,230.51295307950923,230.51295307950923,greedy,2.30948811635375,0.0,hard_fault_cluster,0.0005083884087442811,True
162,N7453,observe,-0.3064965605735779,1.4058639416098595,-1.028560173511505,0.4520089831948281,0.9138115620464087,1.405866074074213,1.4058639416098595,1.4058639416098595,1.0,2.1324643534846287e-06,0,2,0,0.0,1.0,0,1,0,0.0,-0.3064965605735779,0.21072699129581451,2.8077478408813477,4.032667422294616,0.002107269912958145,-0.02529013156890869,-0.012357017025351524,-0.6262869238853455,1.2874491214752197,0.26161425560712814,0.2203260213136673,0.302902489900589,-0.012357017025351524,0.4523268023878335,-0.006199859082698822,0.04709913581609726,-0.017119936645030975,26511.1640625,11244.12890625,15267.0341796875,26966.71484375,11515.380859375,15451.3330078125,-0.01718335598707199,-0.024123873561620712,-0.012071684934198856,-1.718335598707199,-0.4216159339994192,2.871635727994144,-0.5703934147022665,2.8507758666202427,1.6911414444446562,1.0848420765995979,1.4058639416098595,231.91881702111908,231.91881702111908,greedy,1.4058639416098595,0.0,hard_fault_cluster,0.012668918918918944,False
163,N6531,observe,-0.24563537538051605,0.8423015005886554,1.179759919643402,0.006068161875009548,0.5474959753826261,0.842303503853525,0.8423015005886554,0.8423015005886554,1.0,2.0032648696475536e-06,0,2,0,0.0,1.0,0,1,0,0.0,-0.24563537538051605,0.20273487269878387,0.7918250471353531,0.42217775583267214,0.002027348726987839,-0.023344218730926514,-0.020900873467326164,-0.4647465646266937,1.1986937522888184,0.2614234536886215,0.16336274147033691,0.35948416590690613,-0.020900873467326164,-0.29590701133012776,-0.002879701554775238,0.055043622851371765,-0.014633379876613617,26967.3515625,11515.400390625,15451.951171875,26989.517578125,11502.068359375,15487.44921875,-0.0008219574810937047,0.0011577566619962454,-0.002297318074852228,-0.08219574810937047,-0.1061361562460661,1.1924796414375305,-0.24251165566965938,1.199608631134033,0.8752796351909637,0.7074068646132947,0.8423015005886554,232.76111852170774,232.76111852170774,greedy,0.8423015005886554,0.0,hard_fault_cluster,0.01830426523916422,False
164,N2149,observe,-0.03183498606085777,2.1927062788605696,2.8390840530395507,0.5099593165516854,1.4252590812593702,2.1927081110973052,2.1927063600405843,2.1927062788605696,0.9736135655753927,1.8818931868222464e-06,2,2,1,0.043137418907620795,1.0,1,1,0,0.0,-0.03183498606085777,0.21927954256534576,3.1915354162454603,4.155451607704162,0.0021927954256534578,-0.024798065423965454,-0.0188776645809412,-0.42874473333358765,1.3266019821166992,0.2828393951058388,0.24081043899059296,0.3248683512210846,-0.0188776645809412,0.4379920274019241,0.003615662455558777,0.06717240810394287,-0.0088486447930336,26989.359375,11502.853515625,15486.5048828125,26738.5703125,11422.431640625,15316.1376953125,0.009292146191000938,0.006991471629589796,0.011001009494066238,0.9292146191000938,0.5619681235402822,3.78684592038393,0.4116667150519788,3.797414253056049,2.5113131642341613,3.5500136545300482,2.1927062788605696,234.95382480056833,234.95382480056833,greedy,2.1927062788605696,0.0,hard_fault_cluster,0.018067900335130428,False
165,N5877,observe,0.023144129663705826,1.6019165205955508,2.630984807014465,-0.11072332859039291,1.041245738387108,1.601918123244932,1.601916805344684,1.6019165205955508,0.9065399661701589,1.7678750425204991e-06,2,2,1,0.16106858596180418,1.0,1,1,0,0.0,0.023144129663705826,0.2249046415090561,2.03414623439312,3.7334716558456416,0.002249046415090561,-0.005607932806015015,-0.03663874417543411,-0.12040933221578598,1.36798095703125,0.29948511347174644,0.1184394583106041,0.4805307686328888,-0.03663874417543411,-1.4850664073228836,0.007190801203250885,0.08192494511604309,-0.010525107383728027,26739.21875,11422.98046875,15316.23828125,26807.111328125,11406.74609375,15400.365234375,-0.002539063571020961,0.0014212030218914151,-0.0054926639422774315,-0.2539063571020961,0.9073460176587105,4.381453121900559,0.766146594658494,4.390099705457687,2.437062129378319,3.4462396131455897,1.6019165205955508,236.55574132116388,236.55574132116388,greedy,1.6019165205955508,0.0,hard_fault_cluster,0.005210226584272404,False
166,N7614,observe,0.0482155866920948,2.910041797757149,4.180434489250183,-0.1368334829807279,1.8915271685421469,2.9100430821976877,2.9100430821976877,2.910041797757149,0.773402985913866,1.6607649083656857e-06,3,2,1,0.773402985913866,1.0,2,1,0,0.0,0.0482155866920948,0.2284310907125473,2.569475343823433,4.0599646091461175,0.002284310907125473,0.0008377432823181152,-0.050703734159469604,-0.5064380168914795,1.196131944656372,0.28710731118917465,0.21732796728610992,0.3568866550922394,-0.050703734159469604,-3.7378407102823257,0.007877927273511887,0.08670544624328613,-0.011389859020709991,26806.70703125,11405.978515625,15400.7275390625,26855.41015625,11394.029296875,15461.380859375,-0.0018168260576203465,0.0010476276511326432,-0.003938341047614813,-0.18168260576203465,0.9655200839042664,5.100853315591812,0.8322245664894581,4.94078036904335,3.4413820177316667,4.336898311525584,2.910041797757149,239.46578311892102,239.46578311892102,greedy,2.910041797757149,0.0,hard_fault_cluster,0.04457323498419389,False
167,N5356,observe,-0.12328816205263138,3.01290409296751,2.8479529976844784,1.070942066013813,1.9583876604288815,3.0129054378097657,3.012904199552509,3.01290409296751,0.8619986622746783,1.5601442491809504e-06,3,2,1,0.06831740011594656,1.0,2,1,0,0.0,-0.12328816205263138,0.21412236988544464,5.765494546294213,5.999999999999999,0.0021412236988544464,-0.015235692262649536,-0.033978335559368134,-0.45127758383750916,1.387073278427124,0.2710833176970482,0.18837668001651764,0.35378995537757874,-0.033978335559368134,0.8587797844409941,-0.0021368414163589478,0.062624990940094,-0.014111429452896118,26854.68359375,11393.5791015625,15461.103515625,26397.46875,11136.65234375,15260.81640625,0.01702551543712616,0.022550135850906372,0.012954257428646088,1.702551543712616,-0.03354010730981827,6.018080146312714,-0.16864813305437565,6.018080146312714,4.348639893531799,4.824672463536262,3.01290409296751,242.47868721188854,242.47868721188854,greedy,3.01290409296751,0.0,hard_fault_cluster,0.009292929292929256,False
168,N712,observe,0.04149598255753517,3.3167291072010996,4.395080089569092,-0.018002215027809132,2.155873919680715,3.31673007592164,3.3167300353853655,3.3167291072010996,0.6609630152764994,1.4656198875539073e-06,3,2,1,0.6333049063886292,1.0,2,1,0,0.0,0.04149598255753517,0.21646662056446075,1.4614299967885016,2.61908700466156,0.0021646662056446077,-0.012750446796417236,-0.03524213284254074,-0.4459610879421234,1.4441392421722412,0.1878412663936615,-0.023165911436080933,0.39884844422340393,-0.03524213284254074,-0.8128545001149178,0.003966905176639557,0.07161106169223785,-0.009826473891735077,26397.6875,11136.916015625,15260.771484375,26247.087890625,11110.1474609375,15136.9404296875,0.005705030169337988,0.0024035878013819456,0.008114337921142578,0.5705030169337988,0.5779150053858757,4.279994017481804,0.4419966395944357,4.421333557963371,2.6871224641799927,3.846629601716995,3.3167291072010996,245.79541631908964,245.79541631908964,greedy,3.3167291072010996,0.0,hard_fault_cluster,0.08762836185819069,False
169,N3467,control1,-0.20511555671691895,2.0501978435367345,3.1628338456153866,0.1896254812926054,1.3326285982988775,2.050198018272364,2.0501978435367345,2.0501978435367345,0.1269122444485781,1.376822467487358e-06,0,2,0,0.0,0.6522351023486517,0,1,0,0.0,-0.20511555671691895,0.1983364075422287,1.1990658186376093,2.4597744047641754,0.001983364075422287,-0.028255939483642578,-0.006672969087958336,-0.9917193651199341,0.8434495329856873,0.00033360719680786133,-0.18539376556873322,0.18606097996234894,-0.006672969087958336,1.2296893325448035,-0.017773769795894623,0.018107786774635315,-0.024138137698173523,26250.09765625,11111.5732421875,15138.5234375,26150.06640625,11077.26171875,15072.8037109375,0.0038107000291347504,0.0030879087280482054,0.004341224208474159,0.38107000291347504,-1.585713541135192,1.0032562631368638,-1.7294611199758947,1.0032562631368638,1.2419272422790528,2.386441549807787,2.0501978435367345,247.84561416262636,247.84561416262636,greedy,2.0501978435367345,0.0,hard_fault_cluster,0.0379508740871874,False
170,N7401,observe,-0.3427995443344116,1.0971655848622324,-1.0852211236953733,0.11337720066308976,0.7131576301604511,1.0971668782672435,1.0971666914893132,1.0971655848622324,1.0,1.2934050111327062e-06,3,2,1,0.8555920777147489,1.0,2,1,0,0.0,-0.3427995443344116,0.2088848501443863,1.0368917137384415,2.5805107712745663,0.002088848501443863,-0.03713080286979675,0.00021696649491786957,-0.6966733336448669,1.3725707530975342,0.24578428268432617,0.19168713688850403,0.2998814284801483,0.00021696649491786957,0.32959363311529155,-0.01746932417154312,0.016072504222393036,-0.02247662842273712,26146.7109375,11075.64453125,15071.0654296875,26431.71484375,11233.087890625,15198.626953125,-0.010900181718170643,-0.014215277507901192,-0.008464002050459385,-1.0900181718170643,-1.537830600515008,1.3296974779665471,-1.694656962994486,1.3323602677881718,0.9485920995473861,0.5115848647058008,1.0971655848622324,248.9427797474886,248.9427797474886,greedy,1.0971655848622324,0.0,hard_fault_cluster,0.0035078602052747705,False
171,N5740,observe,-0.12137702852487564,0.8257041582465172,2.419422262907028,0.01864806741476061,0.5367077028602362,0.8257053732880801,0.8257051548773433,0.8257041582465172,1.0,1.215041562966473e-06,3,2,1,0.8202442257323771,1.0,2,1,0,0.0,-0.12137702852487564,0.19138477742671967,0.6088177412748337,-1.3278564751148223,0.0019138477742671966,0.028416544198989868,-0.0050012823194265366,-0.3937113583087921,1.3890345096588135,0.231903538107872,0.0923474133014679,0.3714596629142761,-0.0050012823194265366,-0.2145430260896683,-0.008973538875579834,0.02110881358385086,-0.00905250757932663,26430.9609375,11232.998046875,15197.9638671875,26516.1875,11231.7490234375,15284.4375,-0.003224497428163886,0.00011119234841316938,-0.005689817015081644,-0.3224497428163886,-0.7109703924506903,1.011624810695648,-0.8507580137811601,1.0240966534614562,0.7200277566909791,0.5730180418491366,0.8257041582465172,249.7684839057351,249.7684839057351,greedy,0.8257041582465172,0.0,hard_fault_cluster,0.04568984920099034,False
172,N578,observe,-0.21142931282520294,5.488747087866068,4.556842339038848,0.0564754195511341,3.5676856071129444,5.488747920412446,5.488747774175403,5.488747087866068,0.7293915148002242,1.1414259161120074e-06,3,2,1,0.6012736572452987,1.0,2,1,0,0.0,-0.21142931282520294,0.20059834420681,1.5237371928989885,0.809742385149002,0.0020059834420681,0.01880878210067749,0.003989437595009804,-0.43147605657577515,1.3785614967346191,0.2724499925971031,0.20527951419353485,0.3396204710006714,0.003989437595009804,0.724242078065872,-0.01448369026184082,0.0062308236956596375,-0.011195793747901917,26516.849609375,11231.8974609375,15284.9521484375,26676.880859375,11325.21484375,15351.666015625,-0.006035077851265669,-0.008308247663080692,-0.004364676307886839,-0.6035077851265669,-1.2437812443822622,2.6964373168349267,-1.397222080733627,2.745841699540615,2.8425559192895893,2.096812889277935,5.488747087866068,255.25723099360118,255.25723099360118,greedy,5.488747087866068,0.0,hard_fault_cluster,0.017735786507541814,False
173,N7681,observe,-0.10725647956132889,1.8934883815795185,3.1350848793983457,0.11260497786104678,1.230767448026687,1.8934890574924874,1.8934888689399707,1.8934883815795185,0.6303568193860731,1.0722704158294583e-06,3,2,1,0.4545126351719864,1.0,2,1,0,0.0,-0.10725647956132889,0.20191772282123566,1.113240484520793,2.465457236766815,0.0020191772282123566,-0.003364264965057373,0.003893395885825157,-0.262435644865036,1.0634987354278564,0.26894913613796234,0.21773606538772583,0.32016220688819885,0.003893395885825157,0.34408549167215824,-0.010507218539714813,0.0152040496468544,-0.010557547211647034,26677.15234375,11325.857421875,15351.294921875,26490.57421875,11224.3369140625,15266.23828125,0.006993929389864206,0.00896360445767641,0.005540682002902031,0.6993929389864206,-0.8449107352644205,1.3685595025122166,-0.9992690742947161,1.3846269001066687,1.3604660604149104,2.4593029392696915,1.8934883815795185,257.1507193751807,257.1507193751807,greedy,1.8934883815795185,0.0,hard_fault_cluster,0.1896864111498258,False
174,N4529,observe,0.05669159069657326,4.945575125813484,5.619594764709472,0.022061181664466873,3.2146238317787645,4.945575939306507,4.945575338262989,4.945575125813484,0.8075936838331671,1.0073048354986307e-06,3,2,1,0.21090885036386375,1.0,2,1,0,0.0,0.05669159069657326,0.18667130172252655,1.269164189249277,-1.3278564751148223,0.0018667130172252656,0.1309370994567871,-0.0016877707093954086,0.04654297977685928,1.5087487697601318,0.2962365671992302,0.1537196785211563,0.4387534558773041,-0.0016877707093954086,-0.21219342917203898,-0.0003102347254753113,0.014250822365283966,0.0018458925187587738,26491.22265625,11224.712890625,15266.5087890625,26669.44921875,11310.404296875,15359.044921875,-0.006727759260684252,-0.007634173613041639,-0.006061381194740534,-0.6727759260684252,0.1539600584656,3.2640012431144716,0.015222410205751657,3.326217119693756,2.594267147779465,2.103389257192612,4.945575125813484,262.0962945009942,262.0962945009942,greedy,4.945575125813484,0.0,hard_fault_cluster,0.1542443914865642,False
175,N714,observe,0.09421279281377792,3.9103227122686803,4.344725632667541,0.40633893562480805,2.541709762974642,3.910323362665748,3.9103227122686803,3.9103227122686803,0.6873232910457334,9.462753207025931e-07,3,2,1,0.0,1.0,2,1,1,0.0,0.09421279281377792,0.17749162018299103,2.110885270964354,2.7690905213356016,0.0017749162018299103,0.11290597915649414,0.0019107703119516373,-0.27109307050704956,1.4943907260894775,0.219413124024868,0.05547545850276947,0.38335078954696655,0.0019107703119516373,0.7870275427401066,-0.0007339492440223694,0.021462060511112213,0.00015223771333694458,26668.0546875,11309.2041015625,15358.849609375,26548.91015625,11279.8671875,15269.04296875,0.0044676875695586205,0.002594074234366417,0.005847224500030279,0.44676875695586205,0.10600746609270573,6.249904221221804,-0.028544326778501272,6.249904221221804,2.9998134672641754,4.049878753721714,3.9103227122686803,266.00661721326287,266.00661721326287,greedy,3.9103227122686803,0.0,hard_fault_cluster,0.0,True
176,N6673,observe,0.07099337875843048,3.9269496580958365,3.62141752243042,1.0304969313740728,2.552517277762294,3.9269505470392336,3.9269496580958365,3.9269496580958365,1.0,8.88943397286027e-07,3,2,1,0.0,1.0,2,1,1,0.0,0.07099337875843048,0.2068163901567459,5.820978743582964,5.999999999999999,0.002068163901567459,-0.01862090826034546,-0.01603841595351696,-0.5202454924583435,1.3205702304840088,0.29024284332990646,0.1624264270067215,0.41805925965309143,-0.01603841595351696,0.21997130706906298,0.006783649325370789,0.06929229199886322,-0.006734214723110199,26549.375,11280.4892578125,15268.88671875,26395.89453125,11230.9794921875,15164.9140625,0.005780944600701332,0.004388973116874695,0.006809445563703775,0.5780944600701332,0.8691429067403078,5.971483555138111,0.7260594260878861,5.971483555138111,4.288697129487991,4.887653134167194,3.9269496580958365,269.9335668713587,269.9335668713587,greedy,3.9269496580958365,0.0,hard_fault_cluster,0.00043103448275862106,True
177,N5873,observe,-0.052486520260572433,4.155861391760409,3.7915819644927975,1.0194677885994314,2.701309904644266,4.155861868563763,4.155861391760409,4.155861391760409,0.5709638314926836,8.35085039512283e-07,1,2,0,0.0,1.0,1,1,0,0.0,-0.052486520260572433,0.19691435992717743,5.8164872644469146,5.999999999999999,0.001969143599271774,-0.02631571888923645,-0.005623610690236092,-0.1500721275806427,1.1945061683654785,0.2200494483113289,0.1159374862909317,0.3241614103317261,-0.005623610690236092,0.456223137564957,0.000973820686340332,0.054294995963573456,-0.010146647691726685,26396.212890625,11231.52734375,15164.685546875,26204.05078125,11157.021484375,15047.0302734375,0.007279912009835243,0.006633635610342026,0.007758503779768944,0.7279912009835243,0.28867281787097454,4.116007258966565,0.14520475594326854,4.540938475206494,4.225860491581261,4.84680931952782,4.155861391760409,274.08942826311915,274.08942826311915,greedy,4.155861391760409,0.0,hard_fault_cluster,0.32290542970154623,False
178,N5473,observe,-0.055306967347860336,1.8181475824117659,2.4672975540161133,-0.010140532255172752,1.1817959285676478,1.8181482699759581,1.8181476956856,1.8181475824117659,0.8764475928474529,7.844897946779463e-07,3,2,1,0.14439172422897284,1.0,2,1,0,0.0,-0.055306967347860336,0.1463930904865265,-0.41362033784389507,-0.7620783269405365,0.001463930904865265,0.11541798710823059,0.0122587401419878,-0.03215751796960831,1.5374419689178467,0.2682840824127197,0.12836626172065735,0.4082019031047821,0.0122587401419878,0.8373395636677742,-0.005554631352424622,0.01633569598197937,-0.0018934160470962524,26203.029296875,11156.103515625,15046.92578125,26238.71875,11144.208984375,15094.509765625,-0.0013620354002341628,0.0010661904234439135,-0.0031623723916709423,-0.13620354002341628,-0.39681130461394787,2.2262846928834916,-0.5158001775853336,2.255578599572182,0.7400644570589066,1.1778416433930397,1.8181475824117659,275.9075758455309,275.9075758455309,greedy,1.8181475824117659,0.0,hard_fault_cluster,0.16653146366902308,False
179,N715,observe,0.06925999373197556,2.3106541068106887,3.167055988311767,0.3519158957153558,1.5019251694269478,2.310654666609706,2.3106541068106887,2.3106541068106887,0.7596057416084642,7.369599607643242e-07,1,2,0,0.0,1.0,0,1,0,0.0,0.06925999373197556,0.18344847857952118,2.0770396538078786,3.1052112817764277,0.0018344847857952118,0.05274304747581482,0.0005616862326860428,-0.40582460165023804,1.3929896354675293,0.21876020729541779,0.05411732196807861,0.38340309262275696,0.0005616862326860428,0.23826063007116316,-3.7476420402526855e-06,0.0439956933259964,-0.005784995853900909,26238.01171875,11143.30859375,15094.7041015625,26010.9453125,11047.978515625,14962.9677734375,0.008654100820422173,0.008554916828870773,0.008727321401238441,0.8654100820422173,0.18363540060818195,3.0291447496414183,0.04562777699902654,3.0842525577545166,2.0493258580565454,3.432061807736754,2.3106541068106887,278.21822995234163,278.21822995234163,greedy,2.3106541068106887,0.0,hard_fault_cluster,0.18178954001260236,False
180,N7405,observe,-0.1431763470172882,1.5393034312129021,2.7871273040771483,-0.31984573304653163,1.0005472302883864,1.539304123522716,1.5393034312129021,1.5393034312129021,1.0,6.923098139125128e-07,1,2,0,0.0,1.0,0,1,0,0.0,-0.1431763470172882,0.16522599756717682,0.9029798448085786,1.2141059458255767,0.001652259975671768,0.05953407287597656,-0.02576461248099804,-0.5485829710960388,1.327794075012207,0.2642786130309105,0.16029883921146393,0.36825838685035706,-0.02576461248099804,-2.8486093348264694,0.0002077445387840271,0.05188179016113281,-0.010551773011684418,26012.60546875,11049.513671875,14963.0927734375,26796.07421875,11394.5390625,15401.53515625,-0.03011881187558174,-0.03122539073228836,-0.029301587492227554,-3.011881187558174,0.1602358389645815,2.018686058521271,0.055639800149947405,2.0130454802513125,1.321934324502945,1.8489168746769429,1.5393034312129021,279.7575333835545,279.7575333835545,greedy,1.5393034312129021,0.0,hard_fault_cluster,0.026530853961861896,False
181,N1607,control1,-0.02135125920176506,1.8948130129277705,2.086811530590057,0.35572704717516895,1.2316284584030508,1.8948131913994084,1.8948130129277705,1.8948130129277705,0.2744177039689391,6.503648827033811e-07,3,2,1,0.0,1.0,2,1,1,0.0,-0.02135125920176506,0.14296279847621918,1.0050588249787689,0.5158433943986892,0.0014296279847621919,0.1188356876373291,-0.0007446017116308212,-0.7411148548126221,1.0277836322784424,0.0748075321316719,0.018210336565971375,0.13140472769737244,-0.0007446017116308212,1.2407249201089143,-0.002216160297393799,0.026964358985424042,-0.0026513487100601196,26796.53125,11394.826171875,15401.705078125,26566.90625,11305.8330078125,15261.0732421875,0.008569206111133099,0.00780996261164546,0.009130926802754402,0.8569206111133099,-0.07939783297479153,4.909230874627828,-0.1860614805482328,5.308252595514059,1.6254147481173276,1.6773976890742777,1.8948130129277705,281.6523463964823,281.6523463964823,greedy,1.8948130129277705,0.0,hard_fault_cluster,0.00016406890894175567,True
182,N723,observe,0.04455718770623207,2.3421782362181696,2.712084710597992,0.8082667275052519,1.5224158535418102,2.3421787349040093,2.3421782362181696,2.3421782362181696,0.8162315143120434,6.109612664067101e-07,3,2,1,0.0,1.0,2,1,1,0.0,0.04455718770623207,0.18420524895191193,4.18445433746092,4.770040607452392,0.0018420524895191193,0.03907862305641174,-0.01526126079261303,-0.38938501477241516,1.4481356143951416,0.2313780039548874,0.05933022499084473,0.40342578291893005,-0.01526126079261303,0.2815045459289103,0.0035752207040786743,0.0616268515586853,-0.0075834691524505615,26566.25,11305.208984375,15261.041015625,26342.068359375,11223.25,15118.818359375,0.008438588120043278,0.007249665446579456,0.00931932870298624,0.8438588120043278,0.5264660585671663,5.828465382922441,0.39975806744769216,5.828465382922441,3.205767049267888,4.183748582024126,2.3421782362181696,283.99452463270046,283.99452463270046,greedy,2.3421782362181696,0.0,hard_fault_cluster,0.00014543339150669007,True
183,N703,observe,0.04312312975525856,4.4341644046903825,4.0541348695755,0.9774488187866517,2.882206863048749,4.434164978635377,4.4341644046903825,4.4341644046903825,1.0,5.739449945355276e-07,3,2,1,0.0,1.0,2,1,1,0.0,0.04312312975525856,0.19602562487125397,5.847203733460629,5.999999999999999,0.0019602562487125398,-0.01033926010131836,-0.021561143919825554,-0.5007317066192627,1.3726351261138916,0.20778658241033554,0.02537013590335846,0.3902030289173126,-0.021561143919825554,-0.16508966092078503,0.00654510036110878,0.07868382334709167,-0.009450294077396393,26341.1171875,11223.0751953125,15118.041015625,26123.669921875,11137.6171875,14986.052734375,0.00825505144894123,0.007614491041749716,0.008730514906346798,0.8255051448941231,0.8289745170623064,5.096393576156116,0.6981261563487351,5.420244780074572,4.557678772238432,5.06249120195498,4.4341644046903825,288.4286890373908,288.4286890373908,greedy,4.4341644046903825,0.0,hard_fault_cluster,0.0,True
184,N647,control1,0.011095886118710041,5.560701912045479,3.879931163787841,1.2032309728860855,3.6144562428295615,5.560702020901301,5.560701912045479,5.560701912045479,0.20189464244613523,5.391714252030835e-07,3,2,1,0.0,0.9601375096289778,2,1,1,0.0,0.011095886118710041,0.184226855635643,6.301336114108562,5.999999999999999,0.00184226855635643,0.029424041509628296,-0.0005611684173345566,-0.8796977996826172,0.8926705718040466,0.03108248859643936,-0.09777788817882538,0.1599428653717041,-0.0005611684173345566,2.0222785183787346,-0.00016910582780838013,0.05691947042942047,-0.009411044418811798,26128.1484375,11139.5576171875,14988.58984375,25978.0546875,11073.916015625,14904.1396484375,0.005744522903114557,0.005892657674849033,0.005634299013763666,0.5744522903114557,0.16675510443747044,5.032498198151589,0.0290058390237391,5.372171002030373,4.936928205192089,4.532566909827292,5.560701912045479,293.9893909494363,293.9893909494363,greedy,5.560701912045479,0.0,hard_fault_cluster,0.00027940765576976837,True
185,N2181,observe,-0.2330140620470047,2.7550152307748794,3.068591845035553,-0.4683884918689725,1.7907599000036716,2.7550157372795594,2.7550152307748794,2.7550152307748794,1.0,5.065046799315356e-07,1,2,0,0.0,1.0,0,1,0,0.0,-0.2330140620470047,0.16602878272533417,1.6598255753517153,2.3385422229766846,0.0016602878272533417,0.05125927925109863,-0.05346746742725372,-0.5053229928016663,1.311424970626831,0.2918354198336601,0.22376014292240143,0.3599106967449188,-0.05346746742725372,-5.3236046826839445,-0.00284576416015625,0.08969159424304962,-0.017708487808704376,25973.21875,11072.07421875,14901.14453125,27073.93359375,11525.150390625,15548.7841796875,-0.04237883910536766,-0.040920622646808624,-0.04346241056919098,-4.237883910536766,-0.17201510071754456,4.331180641651154,-0.2564360871911049,4.181991884708405,2.760942131280899,2.4250373066589237,2.7550152307748794,296.7444061802112,296.7444061802112,greedy,2.7550152307748794,0.0,hard_fault_cluster,0.05087644292432664,False
186,N5879,observe,-0.06847281008958817,2.173171317577362,2.8377437114715574,0.5371957898139955,1.4125613564252855,2.173171793394475,2.173171317577362,2.173171317577362,1.0,4.758171127038431e-07,3,2,1,0.0,1.0,2,1,1,0.0,-0.06847281008958817,0.17625878751277924,4.40942257642746,5.601287603378296,0.0017625878751277924,0.15683463215827942,-0.05060301721096039,-0.050541482865810394,1.766791582107544,0.34294089674949646,0.25894784927368164,0.4269339442253113,-0.05060301721096039,-2.0873010659217837,-0.01861359179019928,0.09258294105529785,-0.004680171608924866,27074.95703125,11526.328125,15548.6298828125,26978.8515625,11499.974609375,15478.8779296875,0.0035496074706315994,0.0022863757330924273,0.0044860513880848885,0.35496074706315994,-1.7357034087181091,0.46224063992500314,-1.8299452364444733,0.4656320250034333,2.658800375461578,3.8282202440500255,2.173171317577362,298.91757749778856,298.91757749778856,greedy,2.173171317577362,0.0,hard_fault_cluster,0.0,True
187,N725,observe,-0.020683538168668747,2.716586119830608,3.5198292493820187,0.3216035994887352,1.7657809778898952,2.7165865668194193,2.716586119830608,2.716586119830608,1.0,4.4698881118418206e-07,3,2,1,0.0,1.0,2,1,1,0.0,-0.020683538168668747,0.1997077912092209,2.7740995600819587,3.815289950370788,0.001997077912092209,-0.0003852546215057373,-0.04093606024980545,-0.6124246120452881,1.3421070575714111,0.23809918016195297,0.10903774201869965,0.3671606183052063,-0.04093606024980545,-0.6740181055665018,0.007034137845039368,0.0864873081445694,-0.012559100985527039,26978.34375,11498.8310546875,15479.513671875,26687.568359375,11381.19921875,15306.369140625,0.010778103955090046,0.010229894891381264,0.011185398325324059,1.0778103955090046,0.8621855154633522,3.725839423537254,0.7431067172437906,3.763649129271507,2.785651920735836,3.910673748478293,2.716586119830608,301.63416361761915,301.63416361761915,greedy,2.716586119830608,0.0,hard_fault_cluster,0.0002712967986977756,True
188,N2894,control1,-0.22098761796951294,2.6326298032701017,3.2131852149963374,0.519067426174879,1.7112093721255661,2.632629925821343,2.6326298032701017,2.6326298032701017,0.29185320468172565,4.199071281578868e-07,3,2,1,0.0,0.8254361138304646,2,1,1,0.0,-0.22098761796951294,0.19110490381717682,2.7023997604846954,2.3876254558563232,0.0019110490381717682,-0.012250453233718872,-0.0236587543040514,-0.9645911455154419,0.9417020678520203,0.006936304271221161,-0.17064787447452545,0.18452048301696777,-0.0236587543040514,0.7395022566616534,-0.005868971347808838,0.04972995072603226,-0.018746227025985718,26690.9296875,11382.955078125,15307.9755859375,26472.69140625,11326.76171875,15145.9287109375,0.008176496252417564,0.00493662292137742,0.010585781186819077,0.8176496252417564,-0.41945098526775837,5.986319037750363,-0.5450355974026024,5.880004426315427,2.6324005469679834,3.0824688753485683,2.6326298032701017,304.26679342088926,304.26679342088926,greedy,2.6326298032701017,0.0,hard_fault_cluster,0.0,True
189,N6581,observe,-0.07300900667905807,3.742842159867287,4.198589944839477,0.41932596504688263,2.4328474039137364,3.742842550681616,3.742842159867287,3.742842159867287,0.9907421422714855,3.9446624136001117e-07,3,2,1,0.0,1.0,2,1,1,0.0,-0.07300900667905807,0.19647248089313507,3.4091324657201767,4.111073589324951,0.001964724808931351,-0.017515629529953003,-0.020286673679947853,-0.44006919860839844,1.0726466178894043,0.26181043684482574,0.14931762218475342,0.37430325150489807,-0.020286673679947853,-0.7355382841825486,-0.0006864964962005615,0.05509697645902634,-0.012929052114486694,26468.244140625,11325.228515625,15143.015625,26258.71484375,11243.708984375,15015.0068359375,0.007916252128779888,0.007198047358542681,0.00845332257449627,0.7916252128779888,0.10753615759313107,6.003308175802231,-0.024603197816759348,6.003308175802231,3.7563362985849382,4.54161859408021,3.742842159867287,308.00963558075654,308.00963558075654,greedy,3.742842159867287,0.0,hard_fault_cluster,0.0,True
190,N7436,observe,0.048013124614953995,5.990028069615364,5.999999999999999,0.37547240793704995,3.893518245249987,5.990028440182104,5.990028332186292,5.9900280977429725,1.0,3.705667399725279e-07,3,2,1,0.7085658266900823,1.0,2,1,1,0.07590429822139544,0.048013124614953995,0.21223406493663788,5.434200808405876,5.972159910202026,0.0021223406493663787,-0.003339439630508423,-0.043800532817840576,-0.6798316836357117,1.2760462760925293,0.2526003420352936,0.11090275645256042,0.39429792761802673,-0.043800532817840576,-4.523372034430504,0.009153865277767181,0.08458936214447021,-0.01058768481016159,26259.54296875,11244.166015625,15015.376953125,26313.1953125,11231.5078125,15081.6875,-0.0020431559532880783,0.0011257573496550322,-0.004416176117956638,-0.20431559532880783,1.0838200598955154,5.765337754487991,0.9574949108064175,5.765337754487991,5.993458607792855,5.995748095065355,5.9900280977429725,313.99966367849953,313.99966367849953,greedy,5.9900280977429725,0.0,hard_fault_cluster,0.2179639768309133,False
191,N5725,observe,-0.0019343523308634758,2.1297863084077835,3.9361211538314818,-0.5605956137180327,1.3843611004650593,2.1297866565230197,2.129786584487804,2.1297863630892677,1.0,3.481152361743973e-07,3,2,1,0.7930707761310474,1.0,2,1,1,0.15707868752672094,-0.0019343523308634758,0.18789200484752655,1.2967117190361026,3.2731754064559935,0.0018789200484752655,0.15301674604415894,-0.0450592041015625,-0.281567245721817,1.6814157962799072,0.3586403429508209,0.26563388109207153,0.4516468048095703,-0.0450592041015625,-5.444310168027878,-0.015292435884475708,0.0967579334974289,-0.004765734076499939,26314.423828125,11232.21484375,15082.208984375,26459.2734375,11265.763671875,15193.5087890625,-0.00550457090139389,-0.002986839972436428,-0.007379542570561171,-0.550457090139389,-1.3864107877016068,1.5433383202552797,-1.4935353882610798,1.6161439871788026,2.3126181066036224,3.6032017692923546,2.1297863630892677,316.1294500415888,316.1294500415888,greedy,2.1297863630892677,0.0,hard_fault_cluster,0.16970387243735757,False
192,N679,observe,0.03696105256676674,2.362360264658928,3.4877864599227903,0.12240397393703463,1.5355341720283031,2.3623605916829282,2.362360264658928,2.362360264658928,1.0,3.2702400022662703e-07,3,2,1,0.0,1.0,2,1,1,0.0,0.03696105256676674,0.20766864717006683,2.0797455608844757,3.359013485908508,0.0020766864717006684,-0.0057291388511657715,-0.04082942754030228,-0.5126894116401672,1.3284494876861572,0.21957912296056747,0.09509940445423126,0.3440588414669037,-0.04082942754030228,-1.2509914898872374,0.006216090172529221,0.0834912359714508,-0.012070074677467346,26458.044921875,11264.875,15193.169921875,26240.38671875,11168.6943359375,15071.69140625,0.008226541802287102,0.008538102731108665,0.007995600812137127,0.8226541802287102,0.7884482368826866,4.303961901664734,0.6633188221603632,4.303845601081848,2.532829463481903,3.7463391512632365,2.362360264658928,318.49181030624777,318.49181030624777,greedy,2.362360264658928,0.0,hard_fault_cluster,0.0003288391976323702,True
193,N7550,observe,0.035846296697854996,3.897396148145199,4.781671047210693,0.04061214655637758,2.533307496294379,3.8973964553558167,3.897396148145199,3.897396148145199,1.0,3.072106176664105e-07,3,2,1,0.0,1.0,2,1,1,0.0,0.035846296697854996,0.2133684903383255,3.326594160497189,4.489571237564086,0.002133684903383255,-0.011081039905548096,-0.03595736622810364,-0.6025120615959167,1.3592920303344727,0.27257248014211655,0.2276662439107895,0.3174787163734436,-0.03595736622810364,-4.67004362910986,0.006691090762615204,0.08162480592727661,-0.010772474110126495,26240.15625,11168.4638671875,15071.6923828125,26132.529296875,11176.009765625,14956.51953125,0.004101612605154514,-0.000675643386784941,0.0076416670344769955,0.41016126051545143,0.8465202003717422,5.126733346581459,0.7134618572890759,5.305843110680581,4.233715118467808,4.851914827004075,3.897396148145199,322.389206454393,322.389206454393,greedy,3.897396148145199,0.0,hard_fault_cluster,0.0,True
194,N4537,observe,0.08224733918905258,4.640152599811555,4.962947225570678,0.36495846986770647,3.0160991898775107,4.640152888409222,4.640152599811555,4.640152599811555,1.0,2.885976672708224e-07,2,2,0,0.0,1.0,1,1,0,0.0,0.08224733918905258,0.22134719789028168,5.172790670394898,5.999999999999999,0.0022134719789028167,0.0002803504467010498,-0.050046056509017944,-0.33395683765411377,1.3815832138061523,0.29832781106233597,0.16811807453632355,0.4285375475883484,-0.050046056509017944,-4.696325597763062,0.008036792278289795,0.09184865653514862,-0.012191936373710632,26132.978515625,11176.986328125,14955.9921875,26270.73828125,11187.16015625,15083.578125,-0.005271491128951311,-0.0009102479089051485,-0.008530757389962673,-0.5271491128951311,0.9749803692102432,5.504328608512878,0.8465045131742954,5.504328608512878,5.138595926761626,5.440087352395057,4.640152599811555,327.0293590542045,327.0293590542045,greedy,4.640152599811555,0.0,hard_fault_cluster,0.0,True
195,N705,observe,0.04750857129693031,3.805799283832312,4.212450742721558,0.44804893657565115,2.473769534491003,3.8057995549447305,3.805799283832312,3.805799283832312,1.0,2.7111241853170765e-07,3,2,1,0.0,1.0,2,1,1,0.0,0.04750857129693031,0.21247084438800812,4.757851182669401,5.657157373428344,0.002124708443880081,-0.00902298092842102,-0.04396534711122513,-0.6642579436302185,1.2906115055084229,0.2016216218471527,0.059025198221206665,0.34421804547309875,-0.04396534711122513,-1.4460067896544935,0.005139395594596863,0.08402897417545319,-0.012432605028152466,26269.201171875,11185.8759765625,15083.3251953125,26031.751953125,11074.30859375,14957.443359375,0.009039072319865227,0.009973951615393162,0.008345761336386204,0.9039072319865227,0.6824450567364693,3.181699579060078,0.556065933778882,3.2634934356808665,4.177966076880693,4.81567794997245,3.805799283832312,330.8351583380368,330.8351583380368,greedy,3.805799283832312,0.0,hard_fault_cluster,0.00010095911155980716,True
196,N2779,control1,-0.16796359419822693,4.234128539860249,2.6318973064422604,1.0704519721865653,2.752183550909162,4.234128598682139,4.234128539860249,4.234128539860249,0.23095797514701288,2.546865474596404e-07,3,2,1,0.0,0.6706850342843526,2,1,1,0.0,-0.16796359419822693,0.19802065193653107,5.811560775339603,4.724489557743071,0.0019802065193653107,-0.018503934144973755,-0.016407405957579613,-1.0342782735824585,0.9051657319068909,0.002834804356098175,-0.17807646095752716,0.1837460696697235,-0.016407405957579613,1.646527709662914,-0.012157902121543884,0.03923322260379791,-0.022645898163318634,26035.5703125,11076.1533203125,14959.416015625,25856.193359375,11025.060546875,14831.1328125,0.006889687851071358,0.0046128625981509686,0.00857541523873806,0.6889687851071358,-1.034176966175437,2.32033907353878,-1.1703869006596506,2.3440708297491075,3.832922588288784,3.0844601306319235,4.234128539860249,335.06928687789707,335.06928687789707,greedy,4.234128539860249,0.0,hard_fault_cluster,0.0,True
197,N2652,control1,-0.1508430540561676,3.7065054626762866,3.441752409934997,0.6813893343508244,2.4092285507395865,3.7065055119371406,3.7065054626762866,3.7065054626762866,0.20589193460270472,2.3925586960645043e-07,3,2,1,0.0,0.7359796219147674,2,1,1,0.0,-0.1508430540561676,0.19784779846668243,4.23039028942585,4.8450196266174315,0.0019784779846668244,-0.029527902603149414,-0.0025256630033254623,-1.0883797407150269,0.8666537404060364,-0.0015982240438461304,-0.18142803013324738,0.17823158204555511,-0.0025256630033254623,0.4863653549551963,-0.019853152334690094,0.017222627997398376,-0.02627451717853546,25855.36328125,11024.93359375,14830.4296875,25766.50390625,10992.681640625,14773.822265625,0.0034367870539426804,0.0029253647662699223,0.0038169778417795897,0.34367870539426804,-1.7899930980056524,1.9988061350584032,-1.9364846996031702,1.9894241970777513,3.2617580696940425,3.6688543990254407,3.7065054626762866,338.77579234057333,338.77579234057333,greedy,3.7065054626762866,0.0,hard_fault_cluster,0.0,True
198,N7855,control0,-0.10102959722280502,0.9268120978772642,2.995720374584198,-0.5550387904047964,0.6024278636202217,0.9268121071709916,0.9268120978772642,0.9268120978772642,0.04134954518179865,2.247600892630972e-07,3,3,1,0.0,0.11786420493786645,2,2,1,0.0,-0.10102959722280502,0.18801788985729218,0.3068971067667009,2.372433370351791,0.0018801788985729217,-0.025269657373428345,-0.01006663404405117,-1.335512638092041,0.8786925077438354,0.0434359535574913,0.10893045365810394,-0.022058546543121338,-0.01006663404405117,-4.457158420979977,-0.015847906470298767,0.026192165911197662,-0.02463112771511078,25763.490234375,10991.6171875,14771.873046875,25586.583984375,10803.6328125,14782.951171875,0.0068665482103824615,0.017102522775530815,-0.0007499472121708095,0.6866548210382462,-1.4068393912166357,1.6748779714107513,-1.5403028330765665,1.7248548209667205,1.3847221106290817,2.431803945749998,0.9268120978772642,339.7026044384506,339.7026044384506,greedy,0.9268120978772642,0.0,hard_fault_cluster,0.0,True
199,N5456,observe,-0.11889008432626724,3.304715133905411,2.829018622636795,0.007577201128006105,2.1480648370385174,3.304715339628285,3.304715137127961,3.304715133905411,0.9743316089217792,2.1114256385287637e-07,3,2,1,0.015262435615709169,1.0,2,1,0,0.0,-0.11889008432626724,0.19146929681301117,3.0829860597848895,3.0157149910926817,0.0019146929681301116,-0.023114711046218872,-0.006898744031786919,-0.3569357991218567,1.384558916091919,0.2367987558245659,0.0841197520494461,0.38947775959968567,-0.006898744031786919,-5.022842096686363,-0.010655447840690613,0.042537227272987366,-0.020588144659996033,25585.77734375,10803.1494140625,14782.62890625,25647.96484375,10841.08203125,14806.8837890625,-0.0024305495899170637,-0.0035112553741782904,-0.001640769187361002,-0.24305495899170637,-0.880974231287837,5.371416162252427,-1.0194021458737552,5.371416162252427,3.8759141176939007,3.077792880168526,3.304715133905411,343.007319572356,343.007319572356,greedy,3.304715133905411,0.0,hard_fault_cluster,0.0,True
200,N706,observe,0.050119418650865555,5.5486573949456215,5.999999999999999,0.0946001604199411,3.606627306714654,5.5486575932957045,5.5486573949456215,5.5486573949456215,1.0,1.9835008259932047e-07,3,2,1,0.0,1.0,2,1,1,0.0,0.050119418650865555,0.2023293524980545,3.8897412076592444,4.684719228744506,0.002023293524980545,-0.021471500396728516,-0.009454509243369102,-0.714249312877655,1.2454719543457031,0.193617545068264,0.05311627686023712,0.3341188132762909,-0.009454509243369102,-4.695649916231632,8.774548768997192e-05,0.06690815091133118,-0.010969705879688263,25648.03125,10840.802734375,14807.228515625,25524.380859375,10806.68359375,14717.697265625,0.004821048118174076,0.0031472891569137573,0.006046455819159746,0.4821048118174076,0.2016493920236826,5.779244913458824,0.05699325958266854,5.779244913458824,5.105293498933316,5.418440774306655,5.5486573949456215,348.5559769673016,348.5559769673016,greedy,5.5486573949456215,0.0,hard_fault_cluster,0.0,True
201,N5422,observe,-0.0968744084239006,5.1546597081422805,5.999999999999999,-0.22303662896156284,3.3505288102924826,5.154659894474939,5.1546597081422805,5.1546597081422805,1.0,1.8633265860393355e-07,3,2,1,0.0,1.0,2,1,1,0.0,-0.0968744084239006,0.19291849434375763,2.5632342398166656,3.6067364454269404,0.0019291849434375763,-0.02205723524093628,-0.0038117151707410812,-0.356979638338089,1.3820900917053223,0.24713470414280891,0.09633056074380875,0.3979388475418091,-0.0038117151707410812,-4.877385542392731,-0.005553193390369415,0.05767060071229935,-0.016529269516468048,25524.234375,10806.974609375,14717.259765625,25621.244140625,10836.576171875,14784.66796875,-0.0038006925024092197,-0.0027391165494918823,-0.004580214153975248,-0.380069250240922,-0.366212559863925,5.7662266564369205,-0.5080426442436874,5.7662266564369205,4.306092673540116,4.373960237801075,5.1546597081422805,353.7106366754439,353.7106366754439,greedy,5.1546597081422805,0.0,hard_fault_cluster,0.0,True
202,N6660,observe,-0.1060638576745987,5.458645259439946,5.999999999999999,0.0373197105526924,3.548119418635965,5.458645434483279,5.458645259439946,5.458645259439946,1.0,1.75043333521299e-07,3,2,1,0.0,1.0,2,1,1,0.0,-0.1060638576745987,0.18799705803394318,2.1719238156080243,2.6498734116554257,0.0018799705803394318,-0.02088335156440735,-0.0015830378979444504,-0.4252578020095825,1.1681666374206543,0.26268257200717926,0.12843799591064453,0.396927148103714,-0.0015830378979444504,-1.952380105853081,-0.009276986122131348,0.04279261827468872,-0.01908297836780548,25622.0859375,10837.2099609375,14784.876953125,25488.65234375,10772.546875,14716.1064453125,0.0052077569998800755,0.005966764874756336,0.004651408642530441,0.5207756999880075,-0.741284592077136,4.933697783946991,-0.8810951071791351,5.0612439036369326,3.8068322241306305,3.947058520615101,5.458645259439946,359.1692819348838,359.1692819348838,greedy,5.458645259439946,0.0,hard_fault_cluster,0.0,True
203,N5439,observe,-0.1505846381187439,5.717090275883675,5.999999999999999,0.20178472101688383,3.716108679324389,5.7170904346860105,5.717090275883675,5.717090275883675,0.9657277596105727,1.6443799406832423e-07,2,2,0,0.0,1.0,2,1,0,0.0,-0.1505846381187439,0.18776030838489532,2.5341332325339314,3.067018067836761,0.0018776030838489532,-0.0230025053024292,0.0007016342133283615,-0.32011231780052185,1.3946776390075684,0.2311088778078556,0.08569074422121048,0.37652701139450073,0.0007016342133283615,-0.8556872671842577,-0.007415011525154114,0.05220486968755722,-0.018100611865520477,25487.654296875,10771.865234375,14715.7890625,25584.966796875,10806.8359375,14778.130859375,-0.003818024881184101,-0.00324648548848927,-0.004236388485878706,-0.3818024881184101,-0.5530392099171877,5.701789696216584,-0.6943856668658555,5.745927698612213,3.8609577834606172,4.084622559249401,5.717090275883675,364.8863722107675,364.8863722107675,greedy,5.717090275883675,0.0,hard_fault_cluster,0.0,True
204,N758,observe,-0.323085755109787,6.5476854670792815,3.997652775049209,0.73034529723227,4.255995553601533,6.547685621554481,6.5476854670792815,6.5476854670792815,1.0,1.5447519965062863e-07,3,2,1,0.0,1.0,2,1,1,0.0,-0.323085755109787,0.13642166554927826,1.250421558618545,-0.3971982508897781,0.0013642166554927826,0.11010110378265381,0.028379643335938454,-0.19800472259521484,1.4279811382293701,0.39772193133831024,0.3851451277732849,0.41029873490333557,0.028379643335938454,6.076733019724488,-0.0014205127954483032,0.053178347647190094,-0.012892648577690125,25586.25390625,10807.24609375,14779.0087890625,26612.982421875,11275.05859375,15337.923828125,-0.040128130465745926,-0.04328693076968193,-0.037818167358636856,-4.012813046574593,0.02275002934038639,7.240629005432129,-0.10085095232352614,7.25598111152649,2.5264989331364633,1.1673534683138134,6.5476854670792815,371.4340576778468,371.4340576778468,greedy,6.5476854670792815,0.0,hard_fault_cluster,0.0035834095760902494,False
205,N2151,observe,-0.11703392118215561,5.452115666680038,5.999999999999999,0.0331645151600242,3.543875183342025,5.452115811796059,5.452115666680038,5.452115666680038,1.0,1.451160204325202e-07,3,2,1,0.0,1.0,2,1,1,0.0,-0.11703392118215561,0.19012804329395294,2.1780383368954057,2.9347361683845516,0.0019012804329395295,-0.014329671859741211,-0.021705398336052895,-0.41273120045661926,1.3550386428833008,0.2647816985845566,0.25462836027145386,0.2749350368976593,-0.021705398336052895,-1.3443473296985031,0.002346538007259369,0.07545362412929535,-0.012579068541526794,26612.189453125,11275.36328125,15336.826171875,26373.0078125,11227.46875,15145.5390625,0.008987672626972198,0.004247715231031179,0.012472405098378658,0.8987672626972198,0.40307644568383694,3.0369449780136346,0.2767594619654119,3.21632382132113,3.548041659034789,4.406227078372613,5.452115666680038,376.8861733445268,376.8861733445268,greedy,5.452115666680038,0.0,hard_fault_cluster,0.0,True
206,N4513,observe,-0.21817995607852936,3.6293165791034694,3.2477190494537354,1.2142250621318815,2.359055776417255,3.6293167154273545,3.6293165791034694,3.6293165791034694,1.0,1.3632388521781672e-07,3,2,1,0.0,1.0,2,1,1,0.0,-0.21817995607852936,0.1469392329454422,3.300065532028675,3.2599200963973995,0.001469392329454422,0.1912636160850525,0.04004315286874771,-0.07517849653959274,1.6541626453399658,0.4334613233804703,0.417097806930542,0.44982483983039856,0.04004315286874771,6.044937528669834,0.00135841965675354,0.05080045759677887,-0.0027010738849639893,26373.82421875,11227.8984375,15145.92578125,26451.34765625,11254.4638671875,15196.884765625,-0.002939408179372549,-0.002366019878536463,-0.003364534117281437,-0.2939408179372549,0.3228243514895439,6.786254411935807,0.18258756212890148,6.786254411935807,2.4084360986948012,3.6654834641516203,3.6293165791034694,380.5154899236303,380.5154899236303,greedy,3.6293165791034694,0.0,hard_fault_cluster,0.0,True
207,N7404,observe,-0.11975718289613724,1.7512371946006897,3.2058243989944453,-0.05113756217469925,1.1383041764904485,1.7512372784356134,1.7512371946006897,1.7512372131969374,0.6546307822753207,1.2806443854710194e-07,2,2,0,0.0,1.0,2,1,1,0.14521008213752096,-0.11975718289613724,0.19382913410663605,0.9717686838223015,2.492882013320923,0.0019382913410663605,-0.004951208829879761,-0.023398591205477715,-0.46204817295074463,1.299665927886963,0.22331786155700684,0.11977821588516235,0.3268575072288513,-0.023398591205477715,-1.7584426363519743,-0.00041056424379348755,0.06458200514316559,-0.01258619874715805,26450.716796875,11254.1025390625,15196.6142578125,26293.42578125,11226.607421875,15066.8173828125,0.0059465691447257996,0.002443119417876005,0.008541170507669449,0.59465691447258,0.12937411852180958,1.8740600272227312,0.0015512113459408283,1.983935539345839,1.5722131666378119,3.1219385583145773,1.7512372131969374,382.2667271368272,382.2667271368272,greedy,1.7512372131969374,0.0,hard_fault_cluster,0.0,True
208,N6688,observe,-0.3661361634731293,6.438346344530582,4.241646355390548,0.6607658556103705,4.184925123944878,6.4383464648359885,6.438346344530582,6.438346344530582,1.0,1.2030540645302118e-07,2,2,0,0.0,1.0,1,1,0,0.0,-0.3661361634731293,0.13518524169921875,0.9986720991134641,-0.2518468052148819,0.0013518524169921875,0.17600786685943604,0.037506669759750366,-0.2480088770389557,1.525031328201294,0.4628794938325882,0.4818227291107178,0.4439362585544586,0.037506669759750366,5.970765855610371,-0.008147798478603363,0.04904840141534805,-0.005552962422370911,26293.84375,11226.724609375,15067.1181640625,27508.2890625,11740.5107421875,15767.779296875,-0.04618743807077408,-0.045764561742544174,-0.04650266468524933,-4.618743807077408,-0.6420879364013672,7.199999999999999,-0.771606869995594,7.199999999999999,2.235035234689713,1.5447458869963886,6.438346344530582,388.70507348135783,388.70507348135783,greedy,6.438346344530582,0.0,hard_fault_cluster,0.0,True
209,N1874,observe,-0.2300695925951004,4.615949086686596,3.8665581464767453,1.2940069046709683,3.0003669063462874,4.615949199703066,4.615949086686596,4.615949086686596,1.0,1.1301647034905272e-07,3,2,1,0.0,1.0,2,1,1,0.0,-0.2300695925951004,0.1418866366147995,6.305743487831204,2.3205869674682615,0.001418866366147995,0.1757456660270691,0.04620341211557388,-0.3363826274871826,1.5949351787567139,0.42214058339595795,0.42765384912490845,0.41662731766700745,0.04620341211557388,1.4058357840031384,-0.0022105053067207336,0.04501716047525406,-0.003901436924934387,27508.22265625,11740.921875,15767.3017578125,26954.544921875,11511.2763671875,15443.2685546875,0.020127717405557632,0.019559409469366074,0.020550960674881935,2.0127717405557632,-0.03296048194169998,5.0799427953734995,-0.17402801848948002,5.02643036518246,5.332601070404053,4.096190695762634,4.615949086686596,393.32102256804444,393.32102256804444,greedy,4.615949086686596,0.0,hard_fault_cluster,0.09687395519893012,False
210,N7542,control0,-0.2822693884372711,6.889453144520521,5.999999999999999,0.9478338192403317,4.478144543938339,6.889453164458805,6.889453144520521,6.889453144520521,0.1877973455335735,1.06169148558972e-07,3,3,1,0.0,0.19791488805193527,2,2,1,0.0,-0.2822693884372711,0.12340943515300751,5.476631186902522,5.079823732376099,0.001234094351530075,0.15086573362350464,0.04995174705982208,-0.9857459664344788,1.328150987625122,0.18760456889867783,0.3796207308769226,-0.004411593079566956,0.04995174705982208,1.447086605429649,-0.0030521973967552185,0.037525080144405365,-0.009915821254253387,26953.62890625,11510.708984375,15442.919921875,26563.150390625,11289.822265625,15273.328125,0.014487047679722309,0.01918967068195343,0.010981847532093525,1.448704767972231,-0.13185855746269226,5.988033695220947,-0.26187944412231445,6.06493498802185,5.463575372099877,5.587650993317366,6.889453144520521,400.21047571256497,400.21047571256497,greedy,6.889453144520521,0.0,hard_fault_cluster,0.0,True
211,N5334,observe,-0.1840370148420334,1.7662727080285547,3.355539941787719,-0.21246110647916794,1.1480772602185607,1.7662728077652399,1.7662727303788004,1.7662727080285547,1.0,9.97366850240828e-08,3,2,1,0.22409252604744456,1.0,2,1,0,0.0,-0.1840370148420334,0.18611986935138702,0.7119747683405876,2.3987583220005035,0.0018611986935138701,-0.003855794668197632,-0.028533367440104485,-0.5205969214439392,1.414527416229248,0.24997663497924805,0.162593275308609,0.3373599946498871,-0.028533367440104485,-1.9992862623929977,-0.006902411580085754,0.04645098000764847,-0.016682930290699005,26562.70703125,11289.16796875,15273.5400390625,26169.681640625,11103.470703125,15066.2109375,0.014796135015785694,0.016449153423309326,0.013574397191405296,1.4796135015785694,-0.5326546560972929,0.6741944283246994,-0.6508445325307548,0.6795792847871781,1.3212907060980796,2.9588389589637516,1.7662727080285547,401.97674842059354,401.97674842059354,greedy,1.7662727080285547,0.0,hard_fault_cluster,0.01754963255456838,False
212,N7445,control0,-0.40446385741233826,7.0438716800510885,5.999999999999999,1.0461001600325108,4.578516592033208,7.043871703576046,7.043871712275499,7.043871742158992,0.2510830013565264,9.369394475333655e-08,3,3,1,0.34393268900229285,0.29792466866820627,2,2,1,0.6628806611302684,-0.40446385741233826,0.1604790836572647,6.416289795935153,5.999999999999999,0.0016047908365726471,-0.011148393154144287,-0.011202702298760414,-1.2092900276184082,1.0523009300231934,0.06762290745973587,0.024153336882591248,0.1110924780368805,-0.011202702298760414,0.9120041137933728,-0.032278873026371,-0.026806965470314026,-0.024430513381958008,26170.546875,11104.390625,15066.1552734375,25526.78515625,10589.29296875,14937.4921875,0.024598710238933563,0.04638684540987015,0.008539875037968159,2.4598710238933563,-3.078610921278596,3.8044287276268007,-3.190568207297474,3.783051736354828,6.0093049794435505,6.006048236638307,7.043871742158992,409.02062016275255,409.02062016275255,greedy,7.043871742158992,0.0,hard_fault_cluster,0.0,True
213,N719,observe,0.039892468601465225,6.897486468553543,5.999999999999999,0.952945934534073,4.483366204559803,6.8974865565708585,6.897486468553543,6.897486468553543,1.0,8.801731560780847e-08,3,2,1,0.0,1.0,2,1,1,0.0,0.039892468601465225,0.1970691829919815,6.298858958482742,5.999999999999999,0.0019706918299198153,0.0048828125,-0.015137320384383202,-0.4356168806552887,1.439382791519165,0.20307786762714386,0.03734081983566284,0.3688149154186249,-0.015137320384383202,0.000807722806930089,-0.01105520874261856,0.019126690924167633,-0.00941285490989685,25526.5390625,10588.5947265625,14937.9453125,25488.01171875,10680.232421875,14807.779296875,0.0015093054389581084,-0.008654377423226833,0.008713782764971256,0.15093054389581084,-0.9235890116542578,6.424076406955719,-1.0600379086099565,6.424076406955719,6.087538117170334,5.531899776160717,6.897486468553543,415.9181066313061,415.9181066313061,greedy,6.897486468553543,0.0,hard_fault_cluster,0.004784347329334487,False
214,N3009,control1,-0.2638309597969055,6.171966953277588,5.272101688385009,0.49125169754028314,4.0117785196304325,6.1719669671302615,6.171966953277588,6.171966953277588,0.1675362889258688,8.26846160357517e-08,3,2,1,0.0,0.8193545669990546,2,1,1,0.0,-0.2638309597969055,0.18706633150577545,3.312907107546925,2.6221670150756835,0.0018706633150577545,-0.025103718042373657,-0.005228409543633461,-0.9126986265182495,0.9836174845695496,-0.016581453382968903,-0.19786696135997772,0.16470405459403992,-0.005228409543633461,1.1604049929976463,-0.030299201607704163,-0.021944724023342133,-0.022396236658096313,25490.34765625,10681.6171875,14808.73046875,25441.294921875,10706.337890625,14734.95703125,0.001924365060403943,-0.0023143221624195576,0.004981752950698137,0.1924365060403943,-2.8480822388082743,6.642476712241769,-2.9844606802798808,6.642476712241769,4.338256376981736,3.9526227181404834,6.171966953277588,422.0900735845837,422.0900735845837,greedy,6.171966953277588,0.0,hard_fault_cluster,0.0,True
215,N7439,observe,0.0735558420419693,3.052761350274086,4.165906453132629,0.006924670338630691,1.984294877678156,3.052761427949094,3.052761350274086,3.052761350274086,1.0,7.767500839770174e-08,3,2,1,0.0,1.0,2,1,1,0.0,0.0735558420419693,0.21661855280399323,2.930256634950638,4.415595746040344,0.0021661855280399323,0.013079017400741577,-0.03568094223737717,-0.5188285708427429,1.3810174465179443,0.23278743773698807,0.04344196617603302,0.4221329092979431,-0.03568094223737717,-2.131407804489136,-0.0029587671160697937,0.04368751496076584,-0.009285882115364075,25438.9765625,10705.525390625,14733.451171875,25781.08984375,10848.80078125,14932.2890625,-0.013448390178382397,-0.013383312150835991,-0.013495676219463348,-1.3448390178382397,-0.11493910104036331,5.147732710838318,-0.25064230896532536,5.256219696998596,3.1343958258628843,4.137357286810874,3.052761350274086,425.1428349348578,425.1428349348578,greedy,3.052761350274086,0.0,hard_fault_cluster,0.053504810524248964,False
216,N734,observe,0.07360916584730148,4.870824183225632,4.967327833175659,0.5081653439998627,3.166035719096661,4.870824252792696,4.870824183225632,4.870824183225632,0.9533794116427549,7.296891754294744e-08,3,2,1,0.0,1.0,2,1,1,0.0,0.07360916584730148,0.2131878286600113,3.8709336936473844,4.337120985984802,0.002131878286600113,-0.0059480369091033936,-0.023398401215672493,-0.3792397081851959,1.4607172012329102,0.23308014869689941,0.06975319981575012,0.3964070975780487,-0.023398401215672493,0.2690708673000335,-0.003047637641429901,0.04374351352453232,-0.008099846541881561,25781.50390625,10848.4384765625,14933.06640625,25950.37890625,10963.154296875,14987.2255859375,-0.0065502384677529335,-0.010574408806860447,-0.003626795718446374,-0.6550238467752934,-0.11497433669865131,6.195424550771714,-0.2573164072819054,6.195424550771714,4.061454141139984,4.739945191740989,4.870824183225632,430.0136591180834,430.0136591180834,greedy,4.870824183225632,0.0,hard_fault_cluster,0.0,True
217,N699,observe,0.08660634607076645,6.682435873746872,5.999999999999999,0.8160955560207367,4.343583317935467,6.682435942294826,6.682435873746872,6.682435873746872,1.0,6.854795431920423e-08,3,2,1,0.0,1.0,2,1,1,0.0,0.08660634607076645,0.2124193161725998,6.03008436858654,5.939757633209228,0.002124193161725998,-0.009324133396148682,-0.01896425150334835,-0.39746809005737305,1.4577958583831787,0.2177935391664505,0.030434638261795044,0.40515244007110596,-0.01896425150334835,0.5114625257253644,-0.0027470216155052185,0.046317316591739655,-0.008003652095794678,25949.07421875,10962.892578125,14986.181640625,25941.380859375,10972.140625,14969.240234375,0.0002964791492559016,-0.0008435772615484893,0.0011304684448987246,0.029647914925590158,-0.08124709688127041,6.4627712535858155,-0.226338395383209,6.4627712535858155,5.947076746821404,5.965599885433912,6.682435873746872,436.6960949918303,436.6960949918303,greedy,6.682435873746872,0.0,hard_fault_cluster,0.0,True
218,N4497,observe,0.06507384777069092,4.541761218309403,4.922344827651977,0.33556591629982013,2.952144791901112,4.541761282704247,4.541761218309403,4.541761218309403,1.0,6.439484371660187e-08,3,2,1,0.0,1.0,2,1,1,0.0,0.06507384777069092,0.21956099569797516,5.099656027555466,5.999999999999999,0.002195609956979752,0.019105374813079834,-0.03430958837270737,-0.22355011105537415,1.4932231903076172,0.2678311765193939,0.07459220290184021,0.46107015013694763,-0.03430958837270737,-3.7468496787548067,0.0002497956156730652,0.06388024240732193,-0.011352375149726868,25942.693359375,10973.412109375,14969.28125,26160.62109375,11048.8623046875,15111.7587890625,-0.00840035080909729,-0.006875727791339159,-0.009517994709312916,-0.840035080909729,0.2102309688925743,5.592128636837006,0.07129241339862347,5.592128636837006,5.001720637083054,5.3511184141039845,4.541761218309403,441.2378562101397,441.2378562101397,greedy,4.541761218309403,0.0,hard_fault_cluster,0.0,True
219,N5390,observe,-0.08464891463518143,3.260114724338055,3.4896606683731077,0.6921688231825829,2.119074570819736,3.2601147848314125,3.260114724338055,3.260114724338055,1.0,6.049335736520807e-08,3,2,1,0.0,1.0,2,1,1,0.0,-0.08464891463518143,0.21350093185901642,4.294178223609924,4.93829345703125,0.002135009318590164,-0.003043442964553833,-0.024850642308592796,-0.3179784119129181,1.4741604328155518,0.25154678523540497,0.12100791931152344,0.3820856511592865,-0.024850642308592796,-0.08001191675663,-0.004753381013870239,0.058469951152801514,-0.011849060654640198,26159.3046875,11047.859375,15111.4453125,26295.671875,11121.66796875,15174.00390625,-0.005212951451539993,-0.006680804770439863,-0.004139815457165241,-0.5212951451539993,-0.2866878118366003,4.931610883474351,-0.428175528999418,4.820732225179673,3.3012508660554882,4.245813062936067,3.260114724338055,444.49797093447773,444.49797093447773,greedy,3.260114724338055,0.0,hard_fault_cluster,0.0,True
220,N708,observe,0.01493168342858553,4.913421431481838,4.62736644744873,0.8134229084849357,3.193723930463195,4.913421482709941,4.913421431481838,4.913421431481838,0.9014548628592337,5.682825012232024e-08,3,2,1,0.0,1.0,2,1,1,0.0,0.01493168342858553,0.21694912016391754,5.748297746479511,5.999999999999999,0.0021694912016391754,-0.004426240921020508,-0.02638089470565319,-0.4483397305011749,1.4533641338348389,0.19927533715963364,-0.0025473684072494507,0.4010980427265167,-0.02638089470565319,-0.5438575282692912,-0.002702370285987854,0.05953456461429596,-0.010613799095153809,26295.61328125,11121.490234375,15174.1240234375,26103.32421875,11037.7548828125,15065.5703125,0.0073125907219946384,0.007529148366302252,0.0071538700722157955,0.7312590721994638,-0.07966880314052105,6.048772556185723,-0.2225949722342193,6.048772556185723,4.968619249761105,5.329602512344717,4.913421431481838,449.41139236595956,449.41139236595956,greedy,4.913421431481838,0.0,hard_fault_cluster,0.0,True
221,N6932,observe,0.0038965241983532906,5.827970459461212,5.930736398696899,0.32901505708694473,3.7881807986497877,5.827970512846412,5.827970459461212,5.827970459461212,1.0,5.3385200501739135e-08,3,2,1,0.0,1.0,2,1,1,0.0,0.0038965241983532906,0.22102616727352142,5.337716364860535,5.999999999999999,0.002210261672735214,0.026773780584335327,-0.039266422390937805,-0.5630553364753723,1.43086838722229,0.25229885429143906,0.07078124582767487,0.43381646275520325,-0.039266422390937805,-4.05198911190033,-0.001745663583278656,0.0741599053144455,-0.014575913548469543,26104.396484375,11038.693359375,15065.703125,26321.46484375,11093.8564453125,15227.609375,-0.008315394632518291,-0.004997247830033302,-0.010746677406132221,-0.8315394632518291,0.007193386554718018,5.750543179512024,-0.1291264221072197,5.750543179512024,5.7706323742866505,5.774279741644858,5.827970459461212,455.23936282542076,455.23936282542076,greedy,5.827970459461212,0.0,hard_fault_cluster,0.19275663575311802,False
222,N6682,observe,-0.24265335500240326,1.079120699763298,1.8474060654640196,0.0012673729658126908,0.7014284548461438,1.0791207499140527,1.079120699763298,1.079120699763298,1.0,5.0150754712250263e-08,3,2,1,0.0,1.0,2,1,1,0.0,-0.24265335500240326,0.2115662842988968,1.9246757835149766,2.749930477142334,0.002115662842988968,0.013728529214859009,-0.047126851975917816,-0.5669174194335938,1.3301899433135986,0.2907582074403763,0.22144538164138794,0.3600710332393646,-0.047126851975917816,-2.434538725018501,-0.007288046181201935,0.06778861582279205,-0.019620060920715332,26320.984375,11093.568359375,15227.416015625,27866.744140625,11746.07421875,16120.669921875,-0.05872727930545807,-0.05881839245557785,-0.058660898357629776,-5.872727930545807,-0.5643651857972145,1.9446665883064271,-0.6876947600394487,1.944354808330536,1.2359038949012757,1.475597336217761,1.079120699763298,456.31848352518404,456.31848352518404,greedy,1.079120699763298,0.0,hard_fault_cluster,0.0,True
223,N5373,observe,-0.17843055725097656,2.5476585224270822,2.794826090335846,0.8761498615145683,1.6559780395776036,2.5476585695393563,2.5476585224270822,2.5476585224270822,1.0,4.711227408664238e-08,3,2,1,0.0,1.0,2,1,1,0.0,-0.17843055725097656,0.2178160697221756,5.3225969389081,5.999999999999999,0.002178160697221756,0.0038934648036956787,-0.04241638630628586,-0.43065938353538513,1.5041863918304443,0.2541657015681267,0.16683067381381989,0.34150072932243347,-0.04241638630628586,-0.4784607222676278,-0.0033626407384872437,0.07134963572025299,-0.016570180654525757,27866.28515625,11745.740234375,16120.544921875,27680.83203125,11731.794921875,15949.0380859375,0.006655107717961073,0.001187265501357615,0.01063902210444212,0.6655107717961073,-0.16086439043283463,3.495784495472908,-0.29241415299475193,3.4629956704378126,3.2464541077613824,4.210195170044898,2.5476585224270822,458.8661420476111,458.8661420476111,greedy,2.5476585224270822,0.0,hard_fault_cluster,0.09377236936292055,False
224,N8790,control1,-0.12742717564105988,2.9820267403125764,3.054069089889526,0.9259440314769745,1.9383173812031746,2.9820267479396128,2.9820267403125764,2.9820267403125764,0.1723316896701175,4.425788569584067e-08,3,2,1,0.0,1.0,2,1,1,0.0,-0.12742717564105988,0.22249002754688263,5.472318543493747,5.999999999999999,0.0022249002754688263,0.001102745532989502,-0.03437913954257965,-0.7676306962966919,1.063659429550171,0.07218097150325775,-0.05542273819446564,0.19978468120098114,-0.03437913954257965,0.7060757043957708,-0.002872370183467865,0.0695461630821228,-0.015639789402484894,27683.48046875,11733.1943359375,15950.28515625,27433.04296875,11640.025390625,15793.017578125,0.009046460501849651,0.007940629497170448,0.009859859943389893,0.9046460501849651,-0.09912613034248352,4.261715617775917,-0.24020929634571075,4.135678830742836,3.5154604151844975,4.097719429209828,2.9820267403125764,461.84816878792367,461.84816878792367,greedy,2.9820267403125764,0.0,hard_fault_cluster,0.0,True
225,N2159,observe,-0.04510599002242088,4.546220582127571,4.284981441497802,0.8598828274011613,2.9550433783829213,4.546220623704007,4.546220582127571,4.546220582127571,1.0,4.15764359551784e-08,3,2,1,0.0,1.0,2,1,1,0.0,-0.04510599002242088,0.22647599875926971,5.667626813054085,5.999999999999999,0.002264759987592697,0.001091092824935913,-0.032347679138183594,-0.40754973888397217,1.423872709274292,0.2581346407532692,0.18871454894542694,0.32755473256111145,-0.032347679138183594,0.6349390619993209,-0.00246979296207428,0.07035009562969208,-0.014528907835483551,27431.12109375,11639.4892578125,15791.6318359375,27145.98046875,11550.2548828125,15595.7255859375,0.010394785553216934,0.007666519843041897,0.0124057000502944,1.0394785553216934,-0.05285097658634186,4.162515674829483,-0.19844721630215645,4.051186619997025,4.392372485995292,4.878460548371076,4.546220582127571,466.3943893700512,466.3943893700512,greedy,4.546220582127571,0.0,hard_fault_cluster,0.0,True
226,N7382,observe,-0.15088069438934326,5.838154710829258,5.8234288692474365,0.42329301387071605,3.794800562039018,5.838154749886705,5.838154710829258,5.838154710829258,1.0,3.905744704152246e-08,3,2,1,0.0,1.0,2,1,1,0.0,-0.15088069438934326,0.21700112521648407,3.3194100022315975,3.618433809280395,0.0021700112521648406,-0.00760379433631897,-0.024609485641121864,-0.6696885228157043,1.278534173965454,0.21957899630069733,0.11757218837738037,0.3215858042240143,-0.024609485641121864,0.9079431378841398,-0.008117906749248505,0.05446452647447586,-0.015515320003032684,27146.11328125,11550.205078125,15595.9072265625,26873.396484375,11454.482421875,15418.9140625,0.010046255774796009,0.008287528529763222,0.011348692700266838,1.004625577479601,-0.6193990353494883,5.503944843709469,-0.7636927650310099,5.280805653035641,4.024217823147773,4.1907415850460525,5.838154710829258,472.2325440808805,472.2325440808805,greedy,5.838154710829258,0.0,hard_fault_cluster,0.0,True
227,N8240,control1,-0.10786771029233932,5.979143418967724,5.999999999999999,0.36854581207036974,3.886443222329021,5.979143422102425,5.979143418967724,5.979143418967724,0.0854349668491606,3.669107595095174e-08,3,2,1,0.0,1.0,2,1,1,0.0,-0.10786771029233932,0.22042550146579742,3.5365362435579297,3.915809607505798,0.002204255014657974,-0.005314558744430542,-0.016899416223168373,-0.8241880536079407,1.0134685039520264,0.051261842250823975,-0.09942182898521423,0.20194551348686218,-0.016899416223168373,0.8768678927421567,-0.008229561150074005,0.054804250597953796,-0.014505214989185333,26874.703125,11455.083984375,15419.6181640625,26611.095703125,11307.521484375,15303.57421875,0.009808756411075592,0.012881834991276264,0.0075257341377437115,0.9808756411075592,-0.6194300297647715,6.4741090345382695,-0.7720745936967432,6.4741090345382695,4.26592510342598,4.535941838044673,5.979143418967724,478.2116874998482,478.2116874998482,greedy,5.979143418967724,0.0,hard_fault_cluster,0.0,True
228,N4460,control0,-0.23170018196105957,5.312099346220493,5.999999999999999,-0.07990968525409692,3.4528645750433204,5.312099356987394,5.312099346220493,5.312099346220493,0.31237314842914254,3.446807603700543e-08,2,3,0,0.0,1.0,1,2,0,0.0,-0.23170018196105957,0.19268153607845306,1.760983140170574,2.5969735980033875,0.0019268153607845306,-0.022852987051010132,-0.014434000477194786,-1.056685209274292,1.1535701751708984,0.05955363065004349,-0.04929061233997345,0.16839787364006042,-0.014434000477194786,0.2453165888786315,-0.023416630923748016,0.013646870851516724,-0.025242149829864502,26610.267578125,11307.447265625,15302.8203125,26020.744140625,10852.23046875,15168.513671875,0.022153984755277634,0.04025813937187195,0.008776593953371048,2.2153984755277634,-2.1634155567735434,6.595820460319519,-2.297101208474487,6.595820460319519,4.200832718610764,4.7322625449299816,5.312099346220493,483.52378684606873,483.52378684606873,greedy,5.312099346220493,0.0,hard_fault_cluster,0.0,True
229,N4505,observe,0.00047471094876527786,5.73,5.999999999999999,0.2100000000000002,3.7245000000000004,5.730000027830259,5.73,5.73,0.859495516167943,3.2379760879211046e-08,3,2,1,0.0,1.0,2,1,1,0.0,0.00047471094876527786,0.2218456119298935,5.1,5.999999999999999,0.002218456119298935,0.028719544410705566,-0.040036894381046295,-0.2926408052444458,1.4804091453552246,0.20819327980279922,0.022720500826835632,0.3936660587787628,-0.040036894381046295,-3.935258140563965,-0.0035625100135803223,0.06820282340049744,-0.01574120670557022,26021.271484375,10852.47265625,15168.798828125,26334.57421875,11000.197265625,15334.3759765625,-0.012040254659950733,-0.013612069189548492,-0.01091563981026411,-1.2040254659950733,-0.17444228380918503,5.632663860321045,-0.3107988219708204,5.632663860321045,5.4,5.609999999999999,5.73,489.25378684606875,489.25378684606875,greedy,5.73,0.0,hard_fault_cluster,0.0,True
230,N8789,control1,-0.07473056763410568,6.375121132731437,4.740105485916137,0.6205316299200058,4.1438287362754345,6.3751211377911785,6.375121132731437,6.375121132731437,0.1663405158054548,3.041797034070761e-08,3,2,1,0.0,1.0,2,1,1,0.0,-0.07473056763410568,0.22169353067874908,4.453738783299922,3.242290580272674,0.002216935306787491,0.007025301456451416,-0.024119874462485313,-0.8108733296394348,1.0348541736602783,0.06505756080150604,-0.0861523300409317,0.2162674516439438,-0.024119874462485313,0.2820797953009604,-0.00791996717453003,0.05737917870283127,-0.015736617147922516,26335.720703125,11000.466796875,15335.25390625,26279.8359375,10988.55078125,15291.28515625,0.0021220138296484947,0.0010832281550392509,0.0028671680483967066,0.21220138296484947,-0.5944230612367392,6.481661353707313,-0.742603303398937,6.481661353707313,4.9581018254160885,3.867658234862611,6.375121132731437,495.6289079788002,495.6289079788002,greedy,6.375121132731437,0.0,hard_fault_cluster,0.0006513597134017267,True
231,N6658,observe,-0.3062828779220581,6.663592510521412,2.3999999999999995,0.8041043248772621,4.331335131838918,6.6635925390964506,6.663592510521412,6.663592510521412,1.0,2.8575038682333606e-08,3,2,1,0.0,1.0,2,1,1,0.0,-0.3062828779220581,0.21945135295391083,5.948720464110374,5.999999999999999,0.0021945135295391082,-0.013273835182189941,-0.0094860028475523,-0.6612809300422668,1.426091194152832,0.27486395090818405,0.1990170031785965,0.3507108986377716,-0.0094860028475523,1.1243766343593595,-0.021751955151557922,0.024852320551872253,-0.02473900467157364,26277.982421875,10987.91015625,15290.072265625,26848.587890625,11328.93359375,15519.654296875,-0.02171420305967331,-0.031036240980029106,-0.015015104785561562,-2.171420305967331,-1.9652301650494337,6.341012728810311,-2.1227041776292026,6.341012728810311,5.4,3.405,6.663592510521412,502.29250048932164,502.29250048932164,greedy,6.663592510521412,0.0,hard_fault_cluster,0.0,True
232,N1351,observe,0.020064283162355423,3.9814017218351365,5.19071946144104,-0.343722480535507,2.587911119192839,3.981401748678901,3.9814017218351365,3.9814017218351365,1.0,2.684376460858456e-08,3,2,1,0.0,1.0,2,1,1,0.0,0.020064283162355423,0.23889689147472382,2.0303862035274505,3.402542519569397,0.002388968914747238,-0.019908249378204346,-0.028897663578391075,-0.44483229517936707,1.4174253940582275,0.25784558802843094,0.17711664736270905,0.33857452869415283,-0.028897663578391075,-5.0789535927772524,-0.0020989999175071716,0.0515529066324234,-0.011532329022884369,26847.9453125,11327.80859375,15520.13671875,26685.53125,11242.0849609375,15443.4462890625,0.0060494039207696915,0.007567538879811764,0.004941350314766169,0.6049403920769691,9.92361456155777e-05,5.526196157932282,-0.15740018477663398,5.526196157932282,3.560163623094559,4.414106355011462,3.9814017218351365,506.2739022111568,506.2739022111568,greedy,3.9814017218351365,0.0,hard_fault_cluster,0.14064125602950908,False
233,N686,observe,-0.12196802347898483,5.181699991822243,5.999999999999999,-0.19845455288886998,3.368104994684458,5.181700011719418,5.181699991822243,5.181699991822243,0.7890261527907221,2.5217383128394402e-08,3,2,1,0.0,1.0,2,1,1,0.0,-0.12196802347898483,0.21499867737293243,2.6564044654369354,3.683630061149597,0.0021499867737293245,-0.015612512826919556,-0.019131405279040337,-0.5714608430862427,1.1735353469848633,0.18796222656965256,0.048891499638557434,0.3270329535007477,-0.019131405279040337,-0.7290298271179201,-0.012255653738975525,0.02507779747247696,-0.017715126276016235,26686.87109375,11243.1904296875,15443.6806640625,26439.9140625,11105.271484375,15334.6435546875,0.009253877215087414,0.012266887351870537,0.007060305681079626,0.9253877215087414,-1.0296981018036604,6.345264811515808,-1.1765985558740795,6.345264811515808,4.360682362318039,4.409443535506726,5.181699991822243,511.45560220297904,511.45560220297904,greedy,5.181699991822243,0.0,hard_fault_cluster,0.03228547153780798,False
234,N1951,observe,-0.2246180772781372,3.8441626435518264,3.8441841006278987,-0.739574486017227,2.4987057183086874,3.8441626672413656,3.8441626435518264,3.8441626435518264,1.0,2.3689539120785857e-08,1,2,0,0.0,1.0,1,1,0,0.0,-0.2246180772781372,0.20150981843471527,1.0283814430236817,0.9657682657241821,0.002015098184347153,0.011829465627670288,-0.048572905361652374,-0.25442323088645935,1.3281171321868896,0.25255272537469864,0.17399297654628754,0.33111247420310974,-0.048572905361652374,-5.311737059354782,-0.0028296858072280884,0.06337551772594452,-0.016636230051517487,26439.55859375,11105.64453125,15333.9150390625,27762.177734375,11543.712890625,16218.46484375,-0.05002425238490105,-0.03944556042551994,-0.057685840874910355,-5.002425238490105,-0.13003166764974594,5.388034591674805,-0.2447343524545431,5.388034591674805,2.7599209547042847,1.9808835122734307,3.8441626435518264,515.2997648465308,515.2997648465308,greedy,3.8441626435518264,0.0,hard_fault_cluster,0.0,True
235,N4421,control0,-0.19074784219264984,4.565150575302541,4.123495101928711,1.00405437361449,2.9673478739466517,4.565150583461605,4.565150575302541,4.565150575302541,0.3666292791049755,2.2254262502097096e-08,2,3,0,0.0,1.0,1,2,0,0.0,-0.19074784219264984,0.19342459738254547,5.916830672137439,5.999999999999999,0.0019342459738254548,-0.023818910121917725,-0.03244633227586746,-0.9567726850509644,1.1962406635284424,0.05770387500524521,-0.02427665889263153,0.13968440890312195,-0.03244633227586746,0.0009718861058349848,-0.010126516222953796,0.03414302319288254,-0.01786818355321884,27762.04296875,11543.8447265625,16218.19921875,27367.4453125,11396.169921875,15971.275390625,0.014213566668331623,0.012792514637112617,0.015225107781589031,1.4213566668331623,-0.8516733571887016,6.059212709739804,-0.9724070560187101,6.059212709739804,4.683570823259652,4.619321035118774,4.565150575302541,519.8649154218334,519.8649154218334,greedy,4.565150575302541,0.0,hard_fault_cluster,0.0,True
236,N8239,control1,-0.04993961378931999,6.71232589572668,5.999999999999999,0.8351164790987969,4.363011832222342,6.712325897551901,6.71232589572668,6.71232589572668,0.0873063178879741,2.0905944897750118e-08,3,2,1,0.0,1.0,2,1,1,0.0,-0.04993961378931999,0.21130160987377167,6.12636582404375,5.999999999999999,0.0021130160987377165,-0.01304277777671814,-0.025201579555869102,-0.7976366281509399,0.9787762761116028,0.05170721560716629,-0.08575810492038727,0.18917253613471985,-0.025201579555869102,0.6123736056685447,-0.004770092666149139,0.04653306305408478,-0.0122380331158638,27368.48046875,11396.4111328125,15972.0703125,27054.74609375,11313.8505859375,15740.896484375,0.011463346891105175,0.007244433742016554,0.01447362918406725,1.1463346891105175,-0.2909092362970114,6.502414614558219,-0.4304842590354383,6.502414614558219,6.066711412370205,5.7344149068370465,6.71232589572668,526.5772413175602,526.5772413175602,greedy,6.71232589572668,0.0,hard_fault_cluster,0.0,True
237,N4367,control0,-0.24192343652248383,5.402995578442288,5.999999999999999,0.0019062771905464459,3.5119471259874873,5.4029955869081325,5.4029955784422885,5.402995578442288,0.4310661346202191,1.9639317727405197e-08,3,3,1,2.761337225543059e-08,0.9761588370125345,2,2,0,0.0,-0.24192343652248383,0.1874203234910965,2.6268791055059864,3.3950546979904175,0.0018742032349109649,-0.03035619854927063,-0.015696236863732338,-1.089526891708374,1.1251084804534912,0.03371467441320419,-0.0768478661775589,0.14427721500396729,-0.015696236863732338,0.14670050831892678,-0.024039000272750854,0.0034586265683174133,-0.02629747986793518,27053.76953125,11313.78515625,15739.9853515625,26662.12890625,11001.1328125,15660.9970703125,0.014476379379630089,0.02763463743031025,0.005018319934606552,1.4476379379630089,-2.2321759406477213,6.521041698811878,-2.3609690056182444,6.521041698811878,4.397526325219587,4.433392111392732,5.402995578442288,531.9802368960025,531.9802368960025,greedy,5.402995578442288,0.0,hard_fault_cluster,0.00016975046681376503,True
238,N8607,control1,-0.02964324876666069,6.00487546980381,5.910950565338134,0.4577793818712236,3.903169055372477,6.004875473393588,6.00487546980381,6.00487546980381,0.1945738696374906,1.8449431617868707e-08,3,2,1,0.0,1.0,2,1,1,0.0,-0.02964324876666069,0.2118377834558487,5.555951514840126,5.999999999999999,0.002118377834558487,-0.01670658588409424,-0.013620255514979362,-0.7513376474380493,1.005650520324707,0.05436384677886963,-0.08469569683074951,0.19342339038848877,-0.013620255514979362,0.4184579128026962,-0.011824414134025574,0.03125554323196411,-0.01607517898082733,26663.283203125,11001.408203125,15661.875,26462.841796875,10960.888671875,15501.953125,0.007517506368458271,0.0036831223405897617,0.01021090243011713,0.7517506368458271,-0.984223885461688,6.4408773267269135,-1.13288703141734,6.4408773267269135,5.951249226927757,5.702635506959632,6.00487546980381,537.9851123658062,537.9851123658062,greedy,6.00487546980381,0.0,hard_fault_cluster,9.395847035613398e-05,True
239,N6678,observe,-0.15864205360412598,5.6976322495937355,4.4023472428321835,0.18940234065055864,3.703460962235928,5.697632266925373,5.6976322495937355,5.6976322495937355,1.0,1.7331637063309823e-08,0,2,0,0.0,1.0,0,1,0,0.0,-0.15864205360412598,0.20486022531986237,4.776636862754822,4.031944417953491,0.0020486022531986236,0.013734668493270874,-0.04295118898153305,-0.32970109581947327,1.2980034351348877,0.2666848376393318,0.16075937449932098,0.37261030077934265,-0.04295118898153305,-4.713361794948578,-0.004625588655471802,0.05960964411497116,-0.01740557700395584,26461.41796875,10960.234375,15501.18359375,28098.05859375,11615.24609375,16482.8125,-0.06185007095336914,-0.059762563556432724,-0.06332606077194214,-6.185007095336914,-0.30064982920885086,5.6131614875793465,-0.42208160646259785,5.6131614875793465,5.360488796234131,3.7432113458961256,5.6976322495937355,543.6827446154,543.6827446154,greedy,5.6976322495937355,0.0,hard_fault_cluster,0.0,True
240,N4359,control0,-0.23584268987178802,3.784652564077405,3.6004732847213745,0.9430927890364545,2.4600241666503133,3.784652571330784,3.784652564077405,3.784652564077405,0.4454963669392992,1.6281566257215435e-08,3,3,1,0.0,1.0,2,2,1,0.0,-0.23584268987178802,0.1935531049966812,5.697336701798486,5.999999999999999,0.001935531049966812,-0.020328283309936523,-0.03350242227315903,-1.0076894760131836,1.191248893737793,0.03356953710317612,-0.036817386746406555,0.10395646095275879,-0.03350242227315903,-0.22249308452126582,-0.014937207102775574,0.023103788495063782,-0.021761760115623474,28098.421875,11615.8330078125,16482.58984375,27705.896484375,11446.103515625,16259.79296875,0.013969659805297852,0.014611909165978432,0.013517104089260101,1.3969659805297852,-1.3336700275540352,5.916478087536525,-1.4537080395966768,5.916478087536525,4.328385618655011,4.388450652125757,3.784652564077405,547.4673971794774,547.4673971794774,greedy,3.784652564077405,0.0,hard_fault_cluster,0.0,True
241,N4532,control0,-0.2843703329563141,3.7387473529577253,3.681484818458557,0.8398061913251877,2.4301857794225215,3.738747361496519,3.7387473529577253,3.7387473529577253,0.558269300155994,1.529511602509129e-08,3,3,1,0.0,1.0,2,2,1,0.0,-0.2843703329563141,0.18534408509731293,5.570094335079193,5.999999999999999,0.0018534408509731292,-0.03127181529998779,-0.023630475625395775,-1.0756707191467285,1.1316704750061035,0.07812830060720444,0.0028427988290786743,0.1534138023853302,-0.023630475625395775,0.5997726309299467,-0.025820180773735046,-0.0017358995974063873,-0.02862907201051712,27706.46875,11446.31640625,16260.1533203125,27197.365234375,11161.427734375,16035.9375,0.01837489753961563,0.024889113381505013,0.013789281249046326,1.837489753961563,-2.4203044679015875,6.04851065993309,-2.5415896750055254,6.04851065993309,4.3751341819763185,4.418837218284607,3.7387473529577253,551.2061445324351,551.2061445324351,greedy,3.7387473529577253,0.0,hard_fault_cluster,0.0,True
242,N4442,control0,-0.32301387190818787,4.232620742321015,4.2119170188903805,0.7200992751121521,2.75120348250866,4.232620750213085,4.232620742321015,4.232620742321015,0.5492645116047562,1.4368431791218484e-08,3,3,1,0.0,1.0,2,2,1,0.0,-0.32301387190818787,0.17894630134105682,5.5316925048828125,5.999999999999999,0.0017894630134105683,-0.03734546899795532,-0.01870822347700596,-1.0863856077194214,1.1039423942565918,0.05662135034799576,-0.05289249122142792,0.16613519191741943,-0.01870822347700596,0.5464241695404051,-0.032419368624687195,-0.01845395937561989,-0.03272692859172821,27196.9140625,11161.3408203125,16035.572265625,26672.576171875,10879.4140625,15793.162109375,0.019279316067695618,0.025259219110012054,0.015117025934159756,1.9279316067695618,-3.0816987846046686,6.151144444942474,-3.2018773430027068,6.151144444942474,4.745077657699584,4.65930047750473,4.232620742321015,555.4387652747562,555.4387652747562,greedy,4.232620742321015,0.0,hard_fault_cluster,0.0,True
243,N1854,observe,-0.2286543846130371,3.4208969879150395,2.606378215551376,0.2100000000000002,2.2235830421447758,3.420897001412932,3.4208969879150395,3.4208969879150395,1.0,1.3497892516815071e-08,1,2,0,0.0,1.0,1,1,0,0.0,-0.2286543846130371,0.20545269548892975,4.651007747650146,4.402347224950789,0.0020545269548892975,-0.003352820873260498,-0.04708048701286316,-0.25052064657211304,1.3650977611541748,0.23704740405082703,0.11377424001693726,0.3603205680847168,-0.04708048701286316,-5.009395351409912,-0.0070047527551651,0.051323987543582916,-0.018994823098182678,26672.984375,10879.615234375,15793.3681640625,28407.732421875,11657.134765625,16750.59765625,-0.06503764539957047,-0.07146572321653366,-0.06060958653688431,-6.5037645399570465,-0.5421030670404434,5.109492797851562,-0.6608822233974934,5.109492797851562,3.988881492614746,2.7890275643579665,3.4208969879150395,558.8596622626712,558.8596622626712,greedy,3.4208969879150395,0.0,hard_fault_cluster,0.0,True
244,N1688,observe,-0.39739102125167847,3.2512490129470826,2.0940857887268063,0.5324204635620118,2.113311858415604,3.251249025627179,3.2512490129470826,3.2512490129470826,1.0,1.2680096550748342e-08,1,2,0,0.0,1.0,1,1,0,0.0,-0.39739102125167847,0.20082153379917145,4.980103939771652,4.318218111991881,0.0020082153379917143,0.0025520920753479004,-0.0605706050992012,-0.5107305645942688,1.3465900421142578,0.26039136946201324,0.166774183511734,0.3540085554122925,-0.0605706050992012,-2.128984640836716,-0.006343059241771698,0.05438844859600067,-0.02042141556739807,28407.65625,11656.98828125,16750.66796875,29629.232421875,12216.201171875,17413.03125,-0.043001651763916016,-0.04797232896089554,-0.03954249992966652,-4.300165176391602,-0.49405499547719955,5.4035640144348145,-0.5992431920021772,5.4035640144348145,3.575581729412079,2.502859428096563,3.2512490129470826,562.1109112756183,562.1109112756183,greedy,3.2512490129470826,0.0,hard_fault_cluster,0.0,True
245,N541,observe,-0.4824613332748413,4.22691545009613,4.685872030258179,0.26042915821075446,2.747495042562485,4.2269154620079785,4.22691545009613,4.22691545009613,1.0,1.1911848337509091e-08,3,2,0,0.0,1.0,2,1,0,0.0,-0.4824613332748413,0.20055948197841644,4.860783672332764,4.199999999999999,0.0020055948197841645,0.010267138481140137,-0.0679992064833641,-0.4199719727039337,1.3953349590301514,0.2772810533642769,0.13451407849788666,0.4200480282306671,-0.0679992064833641,-4.478442978858948,-0.005049780011177063,0.05726436525583267,-0.019912809133529663,29637.283203125,12218.603515625,17418.6796875,30510.25,12631.953125,17878.296875,-0.029455021023750305,-0.03382952883839607,-0.026386454701423645,-2.9455021023750305,-0.37241772562265396,4.995605483055114,-0.4718379322439432,5.122250380516052,4.41510716676712,3.8811648048460485,4.22691545009613,566.3378267257144,566.3378267257144,greedy,4.22691545009613,0.0,hard_fault_cluster,0.0,True
246,N543,observe,-0.4995034635066986,4.834872011542321,5.999999999999999,-0.5137527167797087,3.1426668075025086,4.834872022732466,4.834872011542321,4.834872011542321,1.0,1.1190145930509023e-08,1,2,0,0.0,1.0,1,1,0,0.0,-0.4995034635066986,0.20376600325107574,2.514877602458,2.6398226499557493,0.0020376600325107573,0.010158687829971313,-0.06953343749046326,-0.4627024829387665,1.4051737785339355,0.293737068772316,0.16515105962753296,0.422323077917099,-0.06953343749046326,-5.212790910601616,-0.004366777837276459,0.06018593907356262,-0.019905611872673035,30510.45703125,12632.4169921875,17878.0390625,31164.46484375,12938.7822265625,18225.68359375,-0.021435528993606567,-0.024252304807305336,-0.01944533921778202,-2.1435528993606567,-0.3024452179670334,1.4126788270473485,-0.40311964228749275,1.4334899795055394,3.5320198327302936,3.4284533111751085,4.834872011542321,571.1726987372567,571.1726987372567,greedy,4.834872011542321,0.0,hard_fault_cluster,0.0,True
247,N765,observe,-0.41831162571907043,5.183706472146441,4.1343071624636645,-0.1966304798668716,3.369409206895187,5.18370648265861,5.183706472146441,5.183706472146441,1.0,1.0512169261909234e-08,2,2,0,0.0,1.0,1,1,0,0.0,-0.41831162571907043,0.15597139298915863,1.0437519791402154,0.2866145849227905,0.0015597139298915864,0.16969141364097595,0.012559646740555763,-0.38620319962501526,1.4820034503936768,0.473755419254303,0.5306738018989563,0.41683703660964966,0.012559646740555763,0.3913565692678092,-0.018878668546676636,0.046752430498600006,0.0014786794781684875,31156.34765625,12936.5625,18219.78515625,31701.029296875,13181.5546875,18519.474609375,-0.017482204362750053,-0.018937965855002403,-0.016448572278022766,-1.7482204362750053,-1.7193358149379492,-0.25350280465092495,-1.845734094735235,-0.4300745314499362,1.8671267271041871,1.3071435032086447,5.183706472146441,576.3564052094032,576.3564052094032,greedy,5.183706472146441,0.0,hard_fault_cluster,0.0,True
248,N7380,observe,-0.1049390360713005,3.831473987102509,4.019182801246643,0.622515699863434,2.490458091616631,3.8314739954002652,3.831473987102509,3.831473987102509,0.8402562202219639,9.875269123143829e-09,3,2,1,0.0,1.0,2,1,1,0.0,-0.1049390360713005,0.22791944444179535,5.488757914304733,5.999999999999999,0.0022791944444179534,-0.0023872554302215576,-0.060244664549827576,-0.5877350568771362,1.3669145107269287,0.2612508237361908,0.26144927740097046,0.26105237007141113,-0.060244664549827576,-4.50674525141716,0.0071661509573459625,0.06651380658149719,-0.012308761477470398,31700.88671875,13182.291015625,18518.595703125,31511.7265625,13278.71875,18233.0078125,0.005967030301690102,-0.007314945105463266,0.01542168203741312,0.5967030301690102,0.884289875626564,5.656549925804138,0.7585337907075882,5.656549925804138,5.725337028503418,5.821469068527222,3.831473987102509,580.1878791965057,580.1878791965057,greedy,3.831473987102509,0.0,hard_fault_cluster,0.307683284457478,False
249,N684,observe,-0.01670728251338005,4.762325817346573,4.977700567245483,0.4306341469287872,3.0955117812752726,4.76232582662353,4.762325817346573,4.762325817346573,1.0,9.276956813079893e-09,3,2,1,0.0,1.0,2,1,1,0.0,-0.01670728251338005,0.23474417626857758,3.8029022991657255,4.251467156410217,0.0023474417626857757,-0.0008036196231842041,-0.05010410398244858,-0.4364059865474701,1.4814648628234863,0.24662506580352783,0.12167268991470337,0.3715774416923523,-0.05010410398244858,-2.1117463409900665,0.0077917203307151794,0.07145361602306366,-0.011011533439159393,31511.318359375,13278.095703125,18233.22265625,31177.36328125,13157.4794921875,18019.8828125,0.010597940534353256,0.00908384844660759,0.011700610630214214,1.0597940534353256,0.9638121053576469,2.691116337776184,0.8253320511430502,2.645919828414917,4.677366936206817,5.1402885085344305,4.762325817346573,584.9502050138523,584.9502050138523,greedy,4.762325817346573,0.0,hard_fault_cluster,0.21040910590564174,False
250,N729,observe,-0.31298479437828064,6.444931979477405,5.999999999999999,0.6649567142128945,4.189205786660314,6.4449319881923,6.444931979477405,6.444931979477405,1.0,8.714894413363723e-09,3,2,1,0.0,1.0,2,1,1,0.0,-0.31298479437828064,0.22893600165843964,5.495997941493988,5.800072193145752,0.0022893600165843964,-0.009549885988235474,-0.0335099995136261,-0.5811370015144348,1.5208032131195068,0.27573787420988083,0.21427105367183685,0.3372046947479248,-0.0335099995136261,0.037471976876258584,0.0036453604698181152,0.06552977859973907,-0.011503458023071289,31177.12890625,13157.2109375,18019.91796875,31082.19921875,13207.44140625,17874.7578125,0.003044850192964077,-0.003817714052274823,0.00805553887039423,0.3044850192964077,0.5599620491266251,1.8544724479317667,0.4133925475180149,1.8132408156991007,4.880028167366982,5.272018308788538,6.444931979477405,591.3951369933296,591.3951369933296,greedy,6.444931979477405,0.0,hard_fault_cluster,0.13980509745127437,False
251,N898,observe,-0.057469528168439865,4.366990547180176,4.84317078590393,0.2891269779205324,2.8385438556671145,4.366990555367062,4.366990547180176,4.366990547180176,1.0,8.186885652954064e-09,3,2,1,0.0,1.0,2,1,1,0.0,-0.057469528168439865,0.24521391093730927,4.980350506305695,5.999999999999999,0.0024521391093730925,-0.019728094339370728,-0.0399831160902977,-0.638279139995575,1.3305928707122803,0.3078722208738327,0.2947196364402771,0.3210248053073883,-0.0399831160902977,-4.811789696216583,0.00949181243777275,0.07017408311367035,-0.00878094881772995,31082.052734375,13207.576171875,17874.4765625,30779.62890625,13068.310546875,17711.318359375,0.009729853831231594,0.010544374585151672,0.009127998724579811,0.9729853831231594,1.1544120386242867,2.559930458068848,1.000488942489028,2.4734096908569336,4.773659110069275,5.202878421545028,4.366990547180176,595.7621275405098,595.7621275405098,greedy,4.366990547180176,0.0,hard_fault_cluster,0.30803734895642626,False
252,N689,observe,-0.022765155881643295,4.269054330959916,4.763318490982055,0.29213762708008306,2.7748853151239454,4.2690543386507835,4.269054330959916,4.269054330959916,1.0,7.69086732614528e-09,3,2,1,0.0,1.0,2,1,1,0.0,-0.022765155881643295,0.24112795293331146,4.966838823631406,5.999999999999999,0.0024112795293331148,-0.016459524631500244,-0.04020554572343826,-0.46794530749320984,1.3694751262664795,0.23813723027706146,0.07501590251922607,0.40125855803489685,-0.04020554572343826,-4.819896705821156,0.009487908333539963,0.06938515603542328,-0.009151794016361237,30779.583984375,13068.259765625,17711.32421875,30417.859375,12835.6865234375,17582.171875,0.011752095073461533,0.017796803265810013,0.007292077410966158,1.1752095073461533,1.1497132405638695,2.3674380819499494,0.9990214351564646,2.2934069673717024,4.721670339629053,5.1690857207588845,4.269054330959916,600.0311818714697,600.0311818714697,greedy,4.269054330959916,0.0,hard_fault_cluster,0.34764185703758294,False
253,N4489,observe,-0.31368544697761536,2.141939256191254,3.786462187767029,-0.3746214151382445,1.392260516524315,2.141939263416155,2.141939256191254,2.141939256191254,1.0,7.224901230546224e-09,3,2,1,0.0,1.0,2,1,1,0.0,-0.31368544697761536,0.22948165237903595,2.1165823817253115,4.063081502914429,0.0022948165237903595,-0.018661975860595703,-0.031049901619553566,-0.42984214425086975,1.3648130893707275,0.2691553309559822,0.14182977378368378,0.39648088812828064,-0.031049901619553566,-5.40940486907959,0.004713576287031174,0.06635718047618866,-0.01136026531457901,30419.048828125,12836.955078125,17582.09375,30361.255859375,12781.025390625,17580.23046875,0.0018998939776793122,0.004356927704066038,0.00010597607615636662,0.18998939776793122,0.6697893794625998,1.6766564679145817,0.520965566392988,1.5891100239753726,2.562231296300888,3.765450342595577,2.141939256191254,602.1731211276609,602.1731211276609,greedy,2.141939256191254,0.0,hard_fault_cluster,0.19697314519799725,False
254,N695,observe,-0.1267971396446228,5.2714046286046505,5.999999999999999,-0.11690488308668118,3.426413008593023,5.271404635391817,5.2714046286046505,5.2714046286046505,1.0,6.787166593512279e-09,3,2,1,0.0,1.0,2,1,1,0.0,-0.1267971396446228,0.23550154268741608,2.946549191325903,3.9128479242324827,0.002355015426874161,-0.01714518666267395,-0.033581532537937164,-0.49006685614585876,1.429738998413086,0.24178284406661987,0.07327458262443542,0.4102911055088043,-0.033581532537937164,-4.824503927081824,0.007682006806135178,0.06825421750545502,-0.010472550988197327,30359.90234375,12779.7001953125,17580.201171875,30034.244140625,12579.876953125,17454.3671875,0.01072658970952034,0.015635987743735313,0.0071577103808522224,1.072658970952034,0.9701206907629967,5.589491244852543,0.8186806831508875,5.279539891779423,4.544090656191111,5.053658926524221,5.2714046286046505,607.4445257562655,607.4445257562655,greedy,5.2714046286046505,0.0,hard_fault_cluster,0.4103948700641242,False
255,N2243,observe,-0.06685859709978104,5.186519099473953,5.999999999999999,-0.1940735459327696,3.3712374146580695,5.186519105849906,5.186519099473953,5.186519099473953,1.0,6.375952957436674e-09,3,2,1,0.0,1.0,2,1,1,0.0,-0.06685859709978104,0.23428435623645782,2.7972478419542313,3.8670257806777952,0.0023428435623645784,-0.01472628116607666,-0.03261034935712814,-0.4807746708393097,1.4087603092193604,0.27631666511297226,0.15558786690235138,0.39704546332359314,-0.03261034935712814,-4.887573353648186,0.009327873587608337,0.06856971979141235,-0.009762965142726898,30034.78515625,12580.7294921875,17454.0546875,29844.53125,12470.2236328125,17374.30859375,0.006334451958537102,0.008783739991486073,0.004568914882838726,0.6334451958537102,1.1344613656401634,5.5330785882472995,0.9832058604806662,5.2311644208431245,4.355260261893273,4.930919170230627,5.186519099473953,612.6310448557394,612.6310448557394,greedy,5.186519099473953,0.0,hard_fault_cluster,0.42441811612469543,False
256,N7802,observe,-0.5173502564430237,3.752397245168686,3.2508534669876097,1.3064717829227446,2.439058209359646,3.7523972511583397,3.752397245168686,3.752397245168686,1.0,5.989653496100225e-09,3,2,1,0.0,1.0,2,1,1,0.0,-0.5173502564430237,0.23357556760311127,4.590883821249008,4.445196056365966,0.0023357556760311127,-0.033841878175735474,-0.008190760388970375,-0.5151288509368896,1.3445994853973389,0.3187893033027649,0.30724477767944336,0.3303338289260864,-0.008190760388970375,5.8563992506265645,0.002245992422103882,0.0560079962015152,-0.008705317974090576,29844.12890625,12469.853515625,17374.275390625,29870.60546875,12504.87890625,17365.7265625,-0.0008871615282259881,-0.0028088053222745657,0.000492039427626878,-0.08871615282259881,0.4499840494245291,6.544412279129029,0.2809454440139234,6.544412279129029,2.462554323673248,3.700660310387611,3.752397245168686,616.3834421009082,616.3834421009082,greedy,3.752397245168686,0.0,hard_fault_cluster,0.3324181026320772,False
257,N7463,observe,-0.15801742672920227,4.84171242594719,5.999999999999999,-0.5075341582298277,3.1471130768656734,4.841712431573948,4.84171242594719,4.84171242594719,1.0,5.6267587359629565e-09,3,2,1,0.0,1.0,2,1,1,0.0,-0.15801742672920227,0.2405533641576767,2.2316062569618227,3.736654138565063,0.002405533641576767,-0.0180433988571167,-0.022949544712901115,-0.6427813172340393,1.289909839630127,0.2826804965734482,0.27353137731552124,0.2918296158313751,-0.022949544712901115,-5.151528997421265,0.010617394000291824,0.07539515197277069,-0.00866420567035675,29870.513671875,12504.79296875,17365.720703125,29847.40625,12467.8486328125,17379.55859375,0.0007735863327980042,0.002954414114356041,-0.0007968509453348815,0.07735863327980042,1.279343219473958,3.860702795982361,1.1161403548903763,3.963532252311707,3.5832490563392643,4.429111886620522,4.84171242594719,621.2251545268554,621.2251545268554,greedy,4.84171242594719,0.0,hard_fault_cluster,0.1808492350008596,False
258,N4469,control0,-0.41517356038093567,4.926897992491722,5.999999999999999,-0.4300927340984343,3.2024836951196196,4.926897997777573,4.926897992491722,4.926897992491722,1.0,5.285850657863442e-09,3,3,1,0.0,1.0,2,2,1,0.0,-0.41517356038093567,0.22078494727611542,2.3418718934059144,3.7286003828048706,0.002207849472761154,-0.03311088681221008,-0.018048087134957314,-1.1503986120224,1.1660971641540527,0.1277533322572708,0.17160293459892273,0.0839037299156189,-0.018048087134957314,-5.0807099425792694,0.002808712422847748,0.058019593358039856,-0.0121946781873703,29848.25390625,12468.623046875,17379.630859375,29774.19921875,12403.4208984375,17370.77734375,0.002481039147824049,0.005229298025369644,0.0005094190710224211,0.2481039147824049,0.4836081024259329,5.52,0.3315554573200643,5.52,3.7775717020034794,3.9948705381155016,4.926897992491722,626.1520525193471,626.1520525193471,greedy,4.926897992491722,0.0,hard_fault_cluster,0.0,True
259,N7720,control0,-0.5025426149368286,4.1905713477730755,5.230422639846801,-0.19997458755969966,2.7238713760524993,4.190571349050895,4.1905713477730755,4.1905713477730755,0.25733444670272687,4.9655971560781225e-09,3,3,1,0.0,0.5042475454297751,2,2,1,0.0,-0.5025426149368286,0.20813815295696259,1.6065480172634126,2.5778568387031555,0.0020813815295696258,-0.029953718185424805,-0.014097904786467552,-1.26123046875,0.7740575075149536,0.0679430440068245,0.20395933091640472,-0.06807324290275574,-0.014097904786467552,-4.828758078217507,0.0020854994654655457,0.050915852189064026,-0.012003481388092041,29772.93359375,12402.390625,17370.54296875,29358.09765625,12141.9619140625,17216.13671875,0.013933324255049229,0.020998267456889153,0.00888897106051445,1.3933324255049229,0.4025901947170496,5.944096603393556,0.2570600085891783,5.944096603393556,4.584260493516922,5.079769320785999,4.1905713477730755,630.3426238671202,630.3426238671202,greedy,4.1905713477730755,0.0,hard_fault_cluster,0.00027964205816554836,True
260,N7381,observe,-0.2745291292667389,4.8285635268688205,5.999999999999999,-0.5194877028465268,3.1385662924647333,4.828563531533567,4.828563530862772,4.8285635268688205,1.0,4.664746833089234e-09,3,2,1,0.8561990796191623,1.0,2,1,0,0.0,-0.2745291292667389,0.2214413434267044,2.004157567024231,3.4504827022552487,0.002214413434267044,-0.02949783205986023,-0.009927520528435707,-0.6704623103141785,1.2530770301818848,0.2949835807085037,0.2564268708229065,0.33354029059410095,-0.009927520528435707,-5.122427594661713,0.007801800966262817,0.06062237173318863,-0.009154997766017914,29358.255859375,12141.806640625,17216.44921875,29238.716796875,12084.931640625,17153.78515625,0.00407173577696085,0.004684228915721178,0.0036397785879671574,0.407173577696085,0.9916939195245504,5.52,0.8330585523508489,5.52,3.578916215896607,4.426295540332794,4.8285635268688205,635.171187393989,635.171187393989,greedy,4.8285635268688205,0.0,hard_fault_cluster,0.40845433456482516,False
261,N652,control1,-0.11482107639312744,5.316365867853165,5.427376413345336,-0.0760310292243956,3.455637814104557,5.316365868387216,5.316365867853165,5.316365867853165,0.12187034476795573,4.382124109721818e-09,3,2,1,0.0,1.0,2,1,1,0.0,-0.11482107639312744,0.2302013486623764,3.5214773952960967,4.614374160766602,0.002302013486623764,-0.028058141469955444,-0.004373548552393913,-0.978484570980072,0.8619096875190735,0.08528424054384232,0.019159123301506042,0.1514093577861786,-0.004373548552393913,-4.88543004155159,0.008566353470087051,0.0672832578420639,-0.008346952497959137,29239.103515625,12082.998046875,17156.10546875,29284.330078125,12119.55078125,17164.779296875,-0.0015467834891751409,-0.0030251378193497658,-0.0005055826040916145,-0.15467834891751409,1.0824631471186876,4.608325822353363,0.9130922970362008,4.772028119564057,4.583639019727707,4.177440184652806,5.316365867853165,640.4875532618422,640.4875532618422,greedy,5.316365867853165,0.0,hard_fault_cluster,0.0,True
262,N8606,control1,-0.04767509922385216,5.890156433284283,5.800903558731078,0.31191773027181624,3.828601681634784,5.890156434181695,5.890156433284283,5.890156433284283,0.2179970675389238,4.116624631542549e-09,3,2,1,0.0,1.0,2,1,1,0.0,-0.04767509922385216,0.23417584598064423,3.574343511462212,3.704141306877136,0.0023417584598064423,-0.026739388704299927,0.001623334363102913,-0.7835940718650818,0.9295459389686584,0.11145365238189697,-0.0035096555948257446,0.2264169603586197,0.001623334363102913,-0.8188078582286837,0.007823877036571503,0.06938229501247406,-0.008337296545505524,29284.984375,12122.72265625,17162.26171875,29204.751953125,12067.345703125,17137.40625,0.0027397118974477053,0.004568029195070267,0.0014482629485428333,0.2739711897447705,1.0181868840008974,3.5081602549552917,0.841337498743087,3.5609916186332704,4.10033198595047,3.957877628207207,5.890156433284283,646.3777096951264,646.3777096951264,greedy,5.890156433284283,0.0,hard_fault_cluster,0.0012979521199884638,True
263,N8238,control1,-0.0008011562749743462,6.174013774693012,5.804664945602417,0.49255422025918966,4.013108953550458,6.174013775273826,6.174013774694415,6.174013774693012,0.15018929464259598,3.867210953570783e-09,3,2,1,0.0003626721767041319,1.0,2,1,0,0.0,-0.0008011562749743462,0.23749475181102753,4.00753102004528,3.7504283905029294,0.0023749475181102753,-0.02607065439224243,0.0035896766930818558,-0.7651333808898926,0.9045844674110413,0.07984975725412369,-0.05017144978046417,0.20987096428871155,0.0035896766930818558,0.02524120092391935,0.00753026083111763,0.070770263671875,-0.008629530668258667,29204.60546875,12067.37890625,17137.2265625,29117.208984375,12005.181640625,17112.02734375,0.002992558293044567,0.00515416543930769,0.0014704373897984624,0.2992558293044567,0.9941105116158724,4.42702978849411,0.8132971902377903,4.504567730426788,4.402778351306916,4.1330411988496785,6.174013774693012,652.5517234698194,652.5517234698194,greedy,6.174013774693012,0.0,hard_fault_cluster,0.0,True
264,N8237,control1,0.020219173282384872,6.7125020462274545,5.719934034347533,0.8352285748720167,4.363126330047845,6.71250204669876,6.7125020462274545,6.7125020462274545,0.1297324082287068,3.632908486439751e-09,3,2,1,0.0,1.0,2,1,1,0.0,0.020219173282384872,0.2410830706357956,5.139808428287506,4.386330080032349,0.0024108307063579557,-0.027055174112319946,0.006198408082127571,-0.7709195613861084,0.897663414478302,0.07762341946363449,-0.055344268679618835,0.21059110760688782,0.006198408082127571,1.4322384905815122,0.00676572322845459,0.0716080516576767,-0.009421020746231079,29117.23828125,12005.2421875,17111.99609375,29029.201171875,11936.96875,17092.232421875,0.0030235392041504383,0.005686968564987183,0.001154960016719997,0.30235392041504383,0.9238538015633821,5.564873684048653,0.7383926925249398,5.66804388821125,5.012451106309891,4.46589619666338,6.7125020462274545,659.2642255160468,659.2642255160468,greedy,6.7125020462274545,0.0,hard_fault_cluster,0.0005739869130983946,True
265,N8605,control1,0.040676046162843704,7.046752679795027,5.717516469955443,1.047933523505926,4.580389241866768,7.046752680330067,7.046752679795027,7.046752679795027,0.15677427572664743,3.412801688167435e-09,3,2,1,0.0,1.0,2,1,1,0.0,0.040676046162843704,0.24457301199436188,6.155967701971531,5.161310172080993,0.002445730119943619,-0.03019481897354126,0.007820622995495796,-0.7946889996528625,0.9208278059959412,0.10333345085382462,-0.01152561604976654,0.21819251775741577,0.007820622995495796,1.8132918775081635,0.006011415272951126,0.0717293918132782,-0.010216593742370605,29028.99609375,11936.98046875,17092.015625,28957.810546875,11881.908203125,17075.90234375,0.002452222164720297,0.0046135843731462955,0.0009427373297512531,0.24522221647202969,0.8535351622849703,6.567478254437447,0.664239936042577,6.567478254437447,5.587520027160645,4.920619798004628,7.046752679795027,666.3109781958419,666.3109781958419,greedy,7.046752679795027,0.0,hard_fault_cluster,0.00036310820624544803,True
266,N4436,control0,-0.2339686006307602,4.2617515929043295,4.378245759010315,0.6025499381124974,2.7701385353878143,4.261751595129809,4.2617515929043295,4.2617515929043295,0.6941542385269739,3.206030486656371e-09,3,3,1,0.0,1.0,2,2,1,0.0,-0.2339686006307602,0.2218790501356125,3.90652224868536,4.41283700466156,0.002218790501356125,-0.03422963619232178,0.00370878167450428,-1.1974570751190186,1.1324172019958496,0.11064166575670242,0.12494511902332306,0.09633821249008179,0.00370878167450428,0.24096694469451907,-0.0012427568435668945,0.058787375688552856,-0.014678552746772766,28957.0390625,11881.84765625,17075.19140625,28909.658203125,11803.296875,17106.361328125,0.0016362466849386692,0.00661099050194025,-0.0018254508031532168,0.16362466849386692,0.10131214745342731,5.385778549909591,-0.06787872640416026,5.663354996442794,3.6736080288887023,3.9281374609470365,4.2617515929043295,670.5727297887463,670.5727297887463,greedy,4.2617515929043295,0.0,hard_fault_cluster,0.00023649048125812955,True
267,N8236,control1,-0.05076151713728905,7.01422630444169,5.288785314559936,1.0272349210083485,4.5592470978870985,7.014226304696649,7.01422630444169,7.01422630444169,0.08465374293853382,3.0117869189432395e-09,3,2,1,0.0,1.0,2,1,1,0.0,-0.05076151713728905,0.23679257929325104,6.364828149974346,5.415308046340941,0.0023679257929325103,-0.035293012857437134,0.00485752709209919,-0.8008697628974915,0.8782256841659546,0.08077781647443771,-0.04166306555271149,0.20321869850158691,0.00485752709209919,0.9941904485225674,0.0026577115058898926,0.06534405052661896,-0.012533359229564667,28910.25390625,11803.37890625,17106.875,28862.494140625,11789.677734375,17072.81640625,0.0016520009376108646,0.001160783926025033,0.001990930177271366,0.16520009376108646,0.5074212569743395,6.492953923344611,0.3261836771853268,6.492953923344611,5.886748456954956,4.854488494992257,7.01422630444169,677.586956093188,677.586956093188,greedy,7.01422630444169,0.0,hard_fault_cluster,0.0,True
268,N902,control1,0.028105545789003372,6.968356982693076,5.70329074859619,0.9980453526228666,4.5294320387505,6.9683569828002305,6.968356982693076,6.968356982693076,0.037872887031586366,2.82931197406603e-09,3,2,1,0.0,1.0,2,1,1,0.0,0.028105545789003372,0.24432174861431122,6.305306834727525,5.177694582939147,0.002443217486143112,-0.033609360456466675,0.006256198510527611,-0.996279239654541,0.8218881487846375,0.07366234809160233,-0.030115768313407898,0.17744046449661255,0.006256198510527611,0.9274504232406615,0.004227828234434128,0.07167787849903107,-0.012344986200332642,28860.19921875,11782.595703125,17077.603515625,28889.1796875,11803.6474609375,17085.533203125,-0.00100416736677289,-0.0017866825219243765,-0.00046433258103206754,-0.10041673667728901,0.6733607705682516,6.452457582950593,0.4854273102246225,6.452457582950593,5.79763879776001,4.8692261892557145,6.968356982693076,684.555313075881,684.555313075881,greedy,6.968356982693076,0.0,hard_fault_cluster,0.00010036130068244579,True
269,N4338,control0,-0.24070070683956146,5.79577765583992,5.192321300506592,0.9126865351200103,3.7672554762959485,5.795777657411858,5.79577765583992,5.79577765583992,0.5914223953272761,2.657892627212211e-09,3,3,1,0.0,1.0,2,2,1,0.0,-0.24070070683956146,0.2224465161561966,5.991916751861572,5.999999999999999,0.0022244651615619658,-0.03568166494369507,0.004144774749875069,-1.1084703207015991,1.1477904319763184,0.060530222952365875,0.039433375000953674,0.08162707090377808,0.004144774749875069,0.00886574029922449,-0.0026417076587677,0.0592595711350441,-0.016413502395153046,28888.853515625,11810.15234375,17078.701171875,28877.08203125,11759.876953125,17117.205078125,0.00040747495950199664,0.0042569637298583984,-0.0022544984240084887,0.040747495950199664,-0.03757947497069836,6.174507594108582,-0.2075229431502521,6.174507594108582,5.215387904644013,4.930060542225839,5.79577765583992,690.351090731721,690.351090731721,greedy,5.79577765583992,0.0,hard_fault_cluster,9.938382031404192e-05,True
270,N515,control1,-0.0394766591489315,5.73,5.233750748634337,0.2100000000000002,3.7245000000000004,5.729999999998213,5.73,5.73,-0.0007156320296819009,2.496859053558779e-09,3,2,1,0.0,1.0,2,1,1,0.0,-0.0394766591489315,0.2384311705827713,5.1,5.406346607208251,0.002384311705827713,-0.03436043858528137,0.005196543410420418,-1.0197055339813232,0.7565420866012573,0.07918363064527512,0.013905003666877747,0.14446225762367249,0.005196543410420418,-4.74,0.0022853389382362366,0.0696464329957962,-0.013948991894721985,28879.810546875,11757.970703125,17121.83984375,28906.23046875,11802.365234375,17103.865234375,-0.0009148232638835907,-0.003775696735829115,0.001049805898219347,-0.09148232638835907,0.4721616078168154,5.52,0.2894408223219216,5.52,5.4,4.525651750564576,5.73,696.081090731721,696.081090731721,greedy,5.73,0.0,hard_fault_cluster,0.0,True
271,N5665,control0,-0.28845247626304626,6.523778989911079,5.999999999999999,0.7151320844888688,4.240456343442202,6.523778991784004,6.523778989911079,6.523778989911079,0.7984903257290658,2.345582010917209e-09,3,3,1,0.0,1.0,2,2,1,0.0,-0.28845247626304626,0.21945162117481232,5.874144327640534,5.763529586791991,0.002194516211748123,-0.035758018493652344,0.0035567674785852432,-1.1543374061584473,1.1321840286254883,0.10897764563560486,0.10518035292625427,0.11277493834495544,0.0035567674785852432,-1.1216580641269684,-0.0035399049520492554,0.0588550865650177,-0.017465226352214813,28901.759765625,11803.658203125,17098.1015625,28899.21484375,11768.7001953125,17130.513671875,8.805422112345695e-05,0.0029616248793900013,-0.0018956554122269154,0.008805422112345695,-0.13098210655152798,6.118385179042816,-0.29823839804157615,6.118385179042816,5.662635320425034,5.124223103821278,6.523778989911079,702.6048697216321,702.6048697216321,greedy,6.523778989911079,0.0,hard_fault_cluster,0.0,True
272,N5671,control0,-0.36815008521080017,5.73,5.999999999999999,0.2100000000000002,3.7245000000000004,5.730000001887068,5.73,5.73,0.8564070838146284,2.203470380955927e-09,3,3,1,0.0,1.0,2,2,1,0.0,-0.36815008521080017,0.21466298401355743,5.1,5.766780424118041,0.0021466298401355745,-0.03532019257545471,0.001292077824473381,-1.162819266319275,1.1460587978363037,0.11133734881877899,0.11890304088592529,0.10377165675163269,0.001292077824473381,-4.74,-0.004700325429439545,0.055882543325424194,-0.018325887620449066,28899.15234375,11768.6796875,17130.47265625,28910.6953125,11770.9453125,17139.75,-0.00039942239527590573,-0.0001925130927702412,-0.0005415696068666875,-0.03994223952759057,-0.25407748110592365,5.52,-0.41604377748444676,5.52,5.4,4.955316845774651,5.73,708.3348697216321,708.3348697216321,greedy,5.73,0.0,hard_fault_cluster,0.0,True
273,N756,observe,-0.5050402879714966,2.288304619789124,1.7273438096046445,0.2100000000000002,1.4873980028629308,2.288304621845741,2.288304619789124,2.288304619789124,0.9935495338205771,2.0699688593925834e-09,2,2,0,0.0,1.0,2,1,0,0.0,-0.5050402879714966,0.21378229558467865,4.430781453847885,4.40292722582817,0.0021378229558467864,-0.020339012145996094,-0.020865118131041527,-0.46621474623680115,1.1705684661865234,0.2927226647734642,0.17328448593616486,0.41216084361076355,-0.020865118131041527,-5.141531127691269,-0.001990802586078644,0.07912704348564148,-0.02221447229385376,28909.8671875,11769.94140625,17139.92578125,29442.51953125,12043.99609375,17398.5234375,-0.018424585461616516,-0.02328428626060486,-0.01508744340389967,-1.8424585461616516,-0.006163081154227257,4.908143043518066,-0.1508509642444551,4.908143043518066,3.296741712093353,2.3232114151981658,2.288304619789124,710.6231743414212,710.6231743414212,greedy,2.288304619789124,0.0,hard_fault_cluster,0.0,True
274,N697,observe,-0.12978334724903107,4.209899292290212,4.284381461143493,0.646351081430912,2.736434539988638,4.209899294234767,4.209899292290212,4.209899292290212,1.0,1.944555786130504e-09,3,2,1,0.0,1.0,2,1,1,0.0,-0.12978334724903107,0.22540225088596344,5.254176232218742,5.999999999999999,0.0022540225088596346,-0.03269389271736145,-0.016460468992590904,-0.4357517659664154,1.4196865558624268,0.259237676858902,0.11899459362030029,0.39948076009750366,-0.016460468992590904,-1.0474752616882326,0.0042688921093940735,0.07890550792217255,-0.016899123787879944,29441.8359375,12043.6904296875,17398.146484375,29511.416015625,12158.94140625,17352.474609375,-0.0023633064702153206,-0.009569407440721989,0.0026251000817865133,-0.23633064702153206,0.6358309928327799,3.042601900100708,0.4791246564127505,3.0423847484588626,3.850624901056289,4.602906185686587,4.209899292290212,714.8330736337114,714.8330736337114,greedy,4.209899292290212,0.0,hard_fault_cluster,0.0363387402570044,False
275,N2271,observe,-0.03973875567317009,5.516785776615143,5.864405107498168,0.1852594971656801,3.5859107547998432,5.516785778441885,5.516785776615143,5.516785776615143,1.0,1.8267411068605229e-09,2,2,0,0.0,1.0,2,1,0,0.0,-0.03973875567317009,0.22706769406795502,5.013085913658142,5.999999999999999,0.00227067694067955,-0.03663858771324158,-0.015565833076834679,-0.59450763463974,1.4457073211669922,0.2793462797999382,0.16798456013202667,0.39070799946784973,-0.015565833076834679,-4.792148451805115,0.006244506686925888,0.07758402824401855,-0.01524161547422409,29511.6328125,12159.7119140625,17351.919921875,29500.12109375,12186.767578125,17313.353515625,0.00039007392479106784,-0.0022250250913202763,0.002222601557150483,0.039007392479106784,0.8359525296837091,4.760439734458923,0.6773261339403689,4.802927641868592,5.205102217197418,5.483316441178322,5.516785776615143,720.3498594103265,720.3498594103265,greedy,5.516785776615143,0.0,hard_fault_cluster,0.0,True
276,N5000,observe,-0.05922698602080345,6.661719263717532,5.999999999999999,0.8029122587293386,4.330117521416396,6.661719265433597,6.661719263717532,6.661719263717532,1.0,1.7160644581631224e-09,3,2,1,0.0,1.0,2,1,1,0.0,-0.05922698602080345,0.226779505610466,6.062794237956405,5.999999999999999,0.00226779505610466,-0.04228365421295166,-0.013422822579741478,-0.5142835974693298,1.322655200958252,0.2744577154517174,0.19200916588306427,0.3569062650203705,-0.013422822579741478,-1.0146643998473885,0.005939111113548279,0.07147406041622162,-0.013859711587429047,29500.5390625,12186.82421875,17313.71484375,29365.724609375,12115.669921875,17250.0546875,0.004569897893816233,0.005838625133037567,0.003676862921565771,0.45698978938162327,0.8072677943855524,5.231218706518412,0.647250282112509,5.108644329458475,5.978883627429605,5.986274357829243,6.661719263717532,727.011578674044,727.011578674044,greedy,6.661719263717532,0.0,hard_fault_cluster,0.02568289786223278,False
277,N4551,observe,-0.029853027313947678,5.73,5.999999999999999,0.2100000000000002,3.7245000000000004,5.730000001612094,5.73,5.73,1.0,1.612093368628367e-09,3,2,1,0.0,1.0,2,1,1,0.0,-0.029853027313947678,0.23606450855731964,5.1,5.999999999999999,0.0023606450855731963,-0.03801882266998291,-0.013082316145300865,-0.5452865362167358,1.4910931587219238,0.28515636920928955,0.17764270305633545,0.39267003536224365,-0.013082316145300865,-4.74,0.009442213922739029,0.08169376850128174,-0.01341673731803894,29365.634765625,12115.888671875,17249.74609375,29470.95703125,12184.0078125,17286.94921875,-0.003586582373827696,-0.005622298456728458,-0.002156734699383378,-0.3586582373827696,1.1672035846859217,5.52,0.9999669403769076,5.52,5.4,5.609999999999999,5.73,732.741578674044,732.741578674044,greedy,5.73,0.0,hard_fault_cluster,0.0,True
278,N696,observe,-0.15678046643733978,6.515361019968987,5.999999999999999,0.7097751945257187,4.2349846629798416,6.515361021483408,6.515361019968987,6.515361019968987,1.0,1.5144215689644677e-09,3,2,1,0.0,1.0,2,1,1,0.0,-0.15678046643733978,0.22970549762248993,5.813964563608169,5.999999999999999,0.0022970549762248993,-0.045905232429504395,-0.005929840728640556,-0.3466942310333252,1.2874243259429932,0.2265847660601139,0.05510035902261734,0.3980691730976105,-0.005929840728640556,-0.6486809158325197,0.00759974867105484,0.07227343320846558,-0.013059742748737335,29470.666015625,12183.322265625,17287.34375,29392.11328125,12156.83984375,17235.2734375,0.002665454987436533,0.002173661720007658,0.0030120480805635452,0.2665454987436533,0.9837505239993334,6.0927846717834475,0.8159187813289464,6.0927846717834475,5.4,5.609999999999999,6.515361019968987,739.256939694013,739.256939694013,greedy,6.515361019968987,0.0,hard_fault_cluster,0.062008733624454165,False
