[typed-five/b22_C] [gmean] 2026-07-20T16:08:06 out_dir=autoresearch/loop-260720-0945/typed_winner_round1_five/b22_C
[typed-five/b22_C] [gmean] 2026-07-20T16:08:06 budgets=iscas99__b22:915
[typed-five/b22_C] [gmean] 2026-07-20T16:08:06 variant_start id=greedy__cumulative__q_pred_context__bw1__d1__c48__g1p0__candhard_fault_cluster__div0p0__s0
[typed-five/b22_C] [gmean] 2026-07-20T16:08:06 [1/1] plan_start benchmark=iscas99__b22 budget=915 planner=greedy score=q_pred_context
[typed-five/b22_C] [plan iscas99__b22] [plan] torch_deterministic=true
[typed-five/b22_C] [plan iscas99__b22] [plan] candidate_allowlist=autoresearch/original-netlist-recovery-260712/exact_itc99/b22_C/exact_candidate_nodes.txt nodes=28412
[typed-five/b22_C] [plan iscas99__b22] [plan] latent_norm_clip_ratio=4 latent_norm_limit=30.953114
[typed-five/b22_C] [plan iscas99__b22] [plan] step=1 node=N1180 type=control1 q_pred_context=5.264402 sequence=5.264402
[typed-five/b22_C] [plan iscas99__b22] [plan] step=2 node=N2081 type=observe q_pred_context=6.732384 sequence=11.996786
[typed-five/b22_C] [plan iscas99__b22] [plan] step=3 node=N2076 type=observe q_pred_context=4.852319 sequence=16.849104
[typed-five/b22_C] [plan iscas99__b22] [plan] step=4 node=N1986 type=observe q_pred_context=5.209830 sequence=22.058934
[typed-five/b22_C] [plan iscas99__b22] [plan] step=5 node=N2080 type=observe q_pred_context=6.267007 sequence=28.325941
[typed-five/b22_C] [plan iscas99__b22] [plan] step=6 node=N2075 type=observe q_pred_context=7.396111 sequence=35.722052
[typed-five/b22_C] [plan iscas99__b22] [plan] step=7 node=N2104 type=control1 q_pred_context=4.849882 sequence=40.571934
[typed-five/b22_C] [plan iscas99__b22] [plan] step=8 node=N2078 type=observe q_pred_context=3.250200 sequence=43.822135
[typed-five/b22_C] [plan iscas99__b22] [plan] step=9 node=N2092 type=observe q_pred_context=7.281156 sequence=51.103290
[typed-five/b22_C] [plan iscas99__b22] [plan] step=10 node=N2079 type=observe q_pred_context=4.429727 sequence=55.533018
[typed-five/b22_C] [plan iscas99__b22] [plan] step=11 node=N5219 type=control1 q_pred_context=2.831680 sequence=58.364697
[typed-five/b22_C] [plan iscas99__b22] [plan] step=12 node=N5218 type=control1 q_pred_context=2.219390 sequence=60.584087
[typed-five/b22_C] [plan iscas99__b22] [plan] step=13 node=N3849 type=control0 q_pred_context=2.423188 sequence=63.007275
[typed-five/b22_C] [plan iscas99__b22] [plan] step=14 node=N3853 type=control0 q_pred_context=3.303500 sequence=66.310776
[typed-five/b22_C] [plan iscas99__b22] [plan] step=15 node=N3857 type=control0 q_pred_context=4.765797 sequence=71.076573
[typed-five/b22_C] [plan iscas99__b22] [plan] step=16 node=N3819 type=control0 q_pred_context=4.205283 sequence=75.281856
[typed-five/b22_C] [plan iscas99__b22] [plan] step=17 node=N2077 type=observe q_pred_context=4.317175 sequence=79.599031
[typed-five/b22_C] [plan iscas99__b22] [plan] step=18 node=N3877 type=control0 q_pred_context=2.161606 sequence=81.760636
[typed-five/b22_C] [plan iscas99__b22] [plan] step=19 node=N3873 type=control0 q_pred_context=2.613929 sequence=84.374565
[typed-five/b22_C] [plan iscas99__b22] [plan] step=20 node=N3076 type=control0 q_pred_context=1.832825 sequence=86.207390
[typed-five/b22_C] [plan iscas99__b22] [plan] step=21 node=N6279 type=control0 q_pred_context=2.769545 sequence=88.976935
[typed-five/b22_C] [plan iscas99__b22] [plan] step=22 node=N3861 type=control0 q_pred_context=1.322714 sequence=90.299649
[typed-five/b22_C] [plan iscas99__b22] [plan] step=23 node=N2099 type=observe q_pred_context=3.327066 sequence=93.626715
[typed-five/b22_C] [plan iscas99__b22] [plan] step=24 node=N6885 type=control0 q_pred_context=2.131961 sequence=95.758676
[typed-five/b22_C] [plan iscas99__b22] [plan] step=25 node=N2097 type=observe q_pred_context=2.443804 sequence=98.202481
[typed-five/b22_C] [plan iscas99__b22] [plan] step=26 node=N3715 type=control0 q_pred_context=2.079717 sequence=100.282198
[typed-five/b22_C] [plan iscas99__b22] [plan] step=27 node=N2098 type=observe q_pred_context=5.491397 sequence=105.773594
[typed-five/b22_C] [plan iscas99__b22] [plan] step=28 node=N3865 type=control0 q_pred_context=2.326997 sequence=108.100591
[typed-five/b22_C] [plan iscas99__b22] [plan] step=29 node=N3739 type=control0 q_pred_context=2.041497 sequence=110.142088
[typed-five/b22_C] [plan iscas99__b22] [plan] step=30 node=N1255 type=observe q_pred_context=3.736161 sequence=113.878249
[typed-five/b22_C] [plan iscas99__b22] [plan] step=31 node=N3822 type=control0 q_pred_context=1.945784 sequence=115.824033
[typed-five/b22_C] [plan iscas99__b22] [plan] step=32 node=N1169 type=observe q_pred_context=2.648451 sequence=118.472484
[typed-five/b22_C] [plan iscas99__b22] [plan] step=33 node=N3718 type=control0 q_pred_context=1.737639 sequence=120.210123
[typed-five/b22_C] [plan iscas99__b22] [plan] step=34 node=N3913 type=control0 q_pred_context=2.742163 sequence=122.952286
[typed-five/b22_C] [plan iscas99__b22] [plan] step=35 node=N2102 type=observe q_pred_context=3.444742 sequence=126.397028
[typed-five/b22_C] [plan iscas99__b22] [plan] step=36 node=N6907 type=control0 q_pred_context=2.615443 sequence=129.012471
[typed-five/b22_C] [plan iscas99__b22] [plan] step=37 node=N2095 type=observe q_pred_context=1.820488 sequence=130.832960
[typed-five/b22_C] [plan iscas99__b22] [plan] step=38 node=N7010 type=control0 q_pred_context=2.014823 sequence=132.847782
[typed-five/b22_C] [plan iscas99__b22] [plan] step=39 node=N2100 type=observe q_pred_context=1.756583 sequence=134.604365
[typed-five/b22_C] [plan iscas99__b22] [plan] step=40 node=N6887 type=control0 q_pred_context=1.801848 sequence=136.406213
[typed-five/b22_C] [plan iscas99__b22] [plan] step=41 node=N2101 type=observe q_pred_context=2.450973 sequence=138.857186
[typed-five/b22_C] [plan iscas99__b22] [plan] step=42 node=N5295 type=observe q_pred_context=1.864844 sequence=140.722030
[typed-five/b22_C] [plan iscas99__b22] [plan] step=43 node=N7034 type=control0 q_pred_context=2.640244 sequence=143.362274
[typed-five/b22_C] [plan iscas99__b22] [plan] step=44 node=N6967 type=control0 q_pred_context=2.768209 sequence=146.130483
[typed-five/b22_C] [plan iscas99__b22] [plan] step=45 node=N7037 type=control0 q_pred_context=1.792965 sequence=147.923448
[typed-five/b22_C] [plan iscas99__b22] [plan] step=46 node=N5354 type=control1 q_pred_context=1.203326 sequence=149.126774
[typed-five/b22_C] [plan iscas99__b22] [plan] step=47 node=N5294 type=observe q_pred_context=0.898141 sequence=150.024916
[typed-five/b22_C] [plan iscas99__b22] [plan] step=48 node=N5296 type=observe q_pred_context=0.810722 sequence=150.835638
[typed-five/b22_C] [plan iscas99__b22] [plan] step=49 node=N3736 type=control0 q_pred_context=1.079321 sequence=151.914959
[typed-five/b22_C] [plan iscas99__b22] [plan] step=50 node=N5300 type=observe q_pred_context=1.145302 sequence=153.060262
[typed-five/b22_C] [plan iscas99__b22] [plan] step=51 node=N7049 type=control0 q_pred_context=1.030707 sequence=154.090969
[typed-five/b22_C] [plan iscas99__b22] [plan] step=52 node=N7031 type=control0 q_pred_context=1.656190 sequence=155.747159
[typed-five/b22_C] [plan iscas99__b22] [plan] step=53 node=N6964 type=control0 q_pred_context=1.707231 sequence=157.454390
[typed-five/b22_C] [plan iscas99__b22] [plan] step=54 node=N4540 type=observe q_pred_context=2.099423 sequence=159.553813
[typed-five/b22_C] [plan iscas99__b22] [plan] step=55 node=N5302 type=observe q_pred_context=1.323207 sequence=160.877020
[typed-five/b22_C] [plan iscas99__b22] [plan] step=56 node=N6969 type=control0 q_pred_context=1.142959 sequence=162.019979
[typed-five/b22_C] [plan iscas99__b22] [plan] step=57 node=N5301 type=observe q_pred_context=1.682533 sequence=163.702512
[typed-five/b22_C] [plan iscas99__b22] [plan] step=58 node=N6972 type=control0 q_pred_context=2.377074 sequence=166.079586
[typed-five/b22_C] [plan iscas99__b22] [plan] step=59 node=N4543 type=observe q_pred_context=2.473933 sequence=168.553519
[typed-five/b22_C] [plan iscas99__b22] [plan] step=60 node=N8336 type=control1 q_pred_context=1.818540 sequence=170.372059
[typed-five/b22_C] [plan iscas99__b22] [plan] step=61 node=N4542 type=observe q_pred_context=1.277904 sequence=171.649963
[typed-five/b22_C] [plan iscas99__b22] [plan] step=62 node=N1988 type=control1 q_pred_context=1.724251 sequence=173.374214
[typed-five/b22_C] [plan iscas99__b22] [plan] step=63 node=N6978 type=control0 q_pred_context=2.788165 sequence=176.162379
[typed-five/b22_C] [plan iscas99__b22] [plan] step=64 node=N4544 type=observe q_pred_context=2.356038 sequence=178.518417
[typed-five/b22_C] [plan iscas99__b22] [plan] step=65 node=N2297 type=control1 q_pred_context=1.918846 sequence=180.437262
[typed-five/b22_C] [plan iscas99__b22] [plan] step=66 node=N7119 type=control0 q_pred_context=2.629740 sequence=183.067002
[typed-five/b22_C] [plan iscas99__b22] [plan] step=67 node=N4545 type=observe q_pred_context=2.676423 sequence=185.743425
[typed-five/b22_C] [plan iscas99__b22] [plan] step=68 node=N5504 type=control0 q_pred_context=2.537677 sequence=188.281102
[typed-five/b22_C] [plan iscas99__b22] [plan] step=69 node=N3976 type=control0 q_pred_context=2.790153 sequence=191.071255
[typed-five/b22_C] [plan iscas99__b22] [plan] step=70 node=N3980 type=control0 q_pred_context=2.784830 sequence=193.856085
[typed-five/b22_C] [plan iscas99__b22] [plan] step=71 node=N6272 type=control0 q_pred_context=2.551064 sequence=196.407149
[typed-five/b22_C] [plan iscas99__b22] [plan] step=72 node=N3289 type=control0 q_pred_context=2.764737 sequence=199.171886
[typed-five/b22_C] [plan iscas99__b22] [plan] step=73 node=N7064 type=control0 q_pred_context=2.426481 sequence=201.598367
[typed-five/b22_C] [plan iscas99__b22] [plan] step=74 node=N7123 type=control0 q_pred_context=2.065540 sequence=203.663907
[typed-five/b22_C] [plan iscas99__b22] [plan] step=75 node=N3068 type=control0 q_pred_context=0.971497 sequence=204.635404
[typed-five/b22_C] [plan iscas99__b22] [plan] step=76 node=N18514 type=control0 q_pred_context=1.495165 sequence=206.130569
[typed-five/b22_C] [plan iscas99__b22] [plan] step=77 node=N3885 type=control0 q_pred_context=6.035900 sequence=212.166469
[typed-five/b22_C] [plan iscas99__b22] [plan] step=78 node=N3836 type=observe q_pred_context=0.990844 sequence=213.157312
[typed-five/b22_C] [plan iscas99__b22] [plan] step=79 node=N5540 type=observe q_pred_context=4.630144 sequence=217.787456
[typed-five/b22_C] [plan iscas99__b22] [plan] step=80 node=N5220 type=control1 q_pred_context=6.460853 sequence=224.248309
[typed-five/b22_C] [plan iscas99__b22] [plan] step=81 node=N5559 type=observe q_pred_context=6.864506 sequence=231.112815
[typed-five/b22_C] [plan iscas99__b22] [plan] step=82 node=N5564 type=observe q_pred_context=4.834558 sequence=235.947374
[typed-five/b22_C] [plan iscas99__b22] [plan] step=83 node=N6993 type=observe q_pred_context=2.839973 sequence=238.787346
[typed-five/b22_C] [plan iscas99__b22] [plan] step=84 node=N5583 type=observe q_pred_context=5.243598 sequence=244.030944
[typed-five/b22_C] [plan iscas99__b22] [plan] step=85 node=N5602 type=observe q_pred_context=5.075952 sequence=249.106896
[typed-five/b22_C] [plan iscas99__b22] [plan] step=86 node=N5621 type=observe q_pred_context=6.398224 sequence=255.505120
[typed-five/b22_C] [plan iscas99__b22] [plan] step=87 node=N5640 type=observe q_pred_context=5.229279 sequence=260.734400
[typed-five/b22_C] [plan iscas99__b22] [plan] step=88 node=N6990 type=observe q_pred_context=3.130833 sequence=263.865233
[typed-five/b22_C] [plan iscas99__b22] [plan] step=89 node=N5659 type=observe q_pred_context=4.109537 sequence=267.974770
[typed-five/b22_C] [plan iscas99__b22] [plan] step=90 node=N5678 type=observe q_pred_context=4.646017 sequence=272.620787
[typed-five/b22_C] [plan iscas99__b22] [plan] step=91 node=N5697 type=observe q_pred_context=3.841680 sequence=276.462467
[typed-five/b22_C] [plan iscas99__b22] [plan] step=92 node=N5716 type=observe q_pred_context=3.340363 sequence=279.802830
[typed-five/b22_C] [plan iscas99__b22] [plan] step=93 node=N5735 type=observe q_pred_context=2.320797 sequence=282.123626
[typed-five/b22_C] [plan iscas99__b22] [plan] step=94 node=N7017 type=observe q_pred_context=2.152614 sequence=284.276240
[typed-five/b22_C] [plan iscas99__b22] [plan] step=95 node=N5811 type=observe q_pred_context=3.350622 sequence=287.626862
[typed-five/b22_C] [plan iscas99__b22] [plan] step=96 node=N3840 type=observe q_pred_context=2.752042 sequence=290.378903
[typed-five/b22_C] [plan iscas99__b22] [plan] step=97 node=N5887 type=observe q_pred_context=5.972174 sequence=296.351077
[typed-five/b22_C] [plan iscas99__b22] [plan] step=98 node=N3848 type=observe q_pred_context=3.709519 sequence=300.060596
[typed-five/b22_C] [plan iscas99__b22] [plan] step=99 node=N5868 type=observe q_pred_context=5.207835 sequence=305.268431
[typed-five/b22_C] [plan iscas99__b22] [plan] step=100 node=N7014 type=observe q_pred_context=3.876584 sequence=309.145015
[typed-five/b22_C] [plan iscas99__b22] [plan] step=101 node=N7008 type=observe q_pred_context=4.333828 sequence=313.478843
[typed-five/b22_C] [plan iscas99__b22] [plan] step=102 node=N7005 type=observe q_pred_context=4.009518 sequence=317.488361
[typed-five/b22_C] [plan iscas99__b22] [plan] step=103 node=N5944 type=observe q_pred_context=4.646807 sequence=322.135168
[typed-five/b22_C] [plan iscas99__b22] [plan] step=104 node=N6095 type=observe q_pred_context=3.054032 sequence=325.189200
[typed-five/b22_C] [plan iscas99__b22] [plan] step=105 node=N5925 type=observe q_pred_context=3.505323 sequence=328.694523
[typed-five/b22_C] [plan iscas99__b22] [plan] step=106 node=N7208 type=observe q_pred_context=3.917706 sequence=332.612229
[typed-five/b22_C] [plan iscas99__b22] [plan] step=107 node=N5963 type=observe q_pred_context=3.797707 sequence=336.409936
[typed-five/b22_C] [plan iscas99__b22] [plan] step=108 node=N2035 type=observe q_pred_context=5.072274 sequence=341.482210
[typed-five/b22_C] [plan iscas99__b22] [plan] step=109 node=N6058 type=observe q_pred_context=1.712445 sequence=343.194655
[typed-five/b22_C] [plan iscas99__b22] [plan] step=110 node=N6039 type=observe q_pred_context=1.938571 sequence=345.133226
[typed-five/b22_C] [plan iscas99__b22] [plan] step=111 node=N2144 type=observe q_pred_context=1.981334 sequence=347.114560
[typed-five/b22_C] [plan iscas99__b22] [plan] step=112 node=N5251 type=observe q_pred_context=4.081844 sequence=351.196404
[typed-five/b22_C] [plan iscas99__b22] [plan] step=113 node=N5499 type=control0 q_pred_context=1.336365 sequence=352.532769
[typed-five/b22_C] [plan iscas99__b22] [plan] step=114 node=N2296 type=control0 q_pred_context=1.600248 sequence=354.133016
[typed-five/b22_C] [plan iscas99__b22] [plan] step=115 node=N7002 type=observe q_pred_context=0.911182 sequence=355.044198
[typed-five/b22_C] [plan iscas99__b22] [plan] step=116 node=N6996 type=observe q_pred_context=1.244767 sequence=356.288966
[typed-five/b22_C] [plan iscas99__b22] [plan] step=117 node=N3852 type=observe q_pred_context=1.864060 sequence=358.153025
[typed-five/b22_C] [plan iscas99__b22] [plan] step=118 node=N3856 type=observe q_pred_context=3.655644 sequence=361.808669
[typed-five/b22_C] [plan iscas99__b22] [plan] step=119 node=N3860 type=observe q_pred_context=6.172976 sequence=367.981645
[typed-five/b22_C] [plan iscas99__b22] [plan] step=120 node=N1597 type=control1 q_pred_context=6.564902 sequence=374.546547
[typed-five/b22_C] [plan iscas99__b22] [plan] step=121 node=N6999 type=observe q_pred_context=1.222116 sequence=375.768664
[typed-five/b22_C] [plan iscas99__b22] [plan] step=122 node=N6971 type=observe q_pred_context=8.332291 sequence=384.100955
[typed-five/b22_C] [plan iscas99__b22] [plan] step=123 node=N6974 type=observe q_pred_context=5.845042 sequence=389.945997
[typed-five/b22_C] [plan iscas99__b22] [plan] step=124 node=N6980 type=observe q_pred_context=4.599411 sequence=394.545408
[typed-five/b22_C] [plan iscas99__b22] [plan] step=125 node=N14429 type=observe q_pred_context=4.505563 sequence=399.050971
[typed-five/b22_C] [plan iscas99__b22] [plan] step=126 node=N5213 type=observe q_pred_context=3.948369 sequence=402.999340
[typed-five/b22_C] [plan iscas99__b22] [plan] step=127 node=N13009 type=control1 q_pred_context=1.632839 sequence=404.632179
[typed-five/b22_C] [plan iscas99__b22] [plan] step=128 node=N6581 type=control1 q_pred_context=1.588281 sequence=406.220460
[typed-five/b22_C] [plan iscas99__b22] [plan] step=129 node=N19320 type=control1 q_pred_context=1.293806 sequence=407.514266
[typed-five/b22_C] [plan iscas99__b22] [plan] step=130 node=N9541 type=control1 q_pred_context=1.324168 sequence=408.838434
[typed-five/b22_C] [plan iscas99__b22] [plan] step=131 node=N5341 type=control1 q_pred_context=2.777626 sequence=411.616059
[typed-five/b22_C] [plan iscas99__b22] [plan] step=132 node=N1253 type=observe q_pred_context=1.233135 sequence=412.849195
[typed-five/b22_C] [plan iscas99__b22] [plan] step=133 node=N6115 type=observe q_pred_context=1.110863 sequence=413.960058
[typed-five/b22_C] [plan iscas99__b22] [plan] step=134 node=N1252 type=observe q_pred_context=1.534006 sequence=415.494064
[typed-five/b22_C] [plan iscas99__b22] [plan] step=135 node=N14438 type=observe q_pred_context=7.115793 sequence=422.609857
[typed-five/b22_C] [plan iscas99__b22] [plan] step=136 node=N1270 type=observe q_pred_context=3.078900 sequence=425.688757
[typed-five/b22_C] [plan iscas99__b22] [plan] step=137 node=N4537 type=observe q_pred_context=0.824931 sequence=426.513688
[typed-five/b22_C] [plan iscas99__b22] [plan] step=138 node=N4536 type=observe q_pred_context=1.022577 sequence=427.536265
[typed-five/b22_C] [plan iscas99__b22] [plan] step=139 node=N7030 type=observe q_pred_context=4.153844 sequence=431.690109
[typed-five/b22_C] [plan iscas99__b22] [plan] step=140 node=N7036 type=observe q_pred_context=4.105402 sequence=435.795511
[typed-five/b22_C] [plan iscas99__b22] [plan] step=141 node=N14443 type=observe q_pred_context=6.350202 sequence=442.145713
[typed-five/b22_C] [plan iscas99__b22] [plan] step=142 node=N14449 type=observe q_pred_context=7.725692 sequence=449.871405
[typed-five/b22_C] [plan iscas99__b22] [plan] step=143 node=N7048 type=observe q_pred_context=6.327396 sequence=456.198801
[typed-five/b22_C] [plan iscas99__b22] [plan] step=144 node=N14455 type=observe q_pred_context=6.308943 sequence=462.507744
[typed-five/b22_C] [plan iscas99__b22] [plan] step=145 node=N7033 type=observe q_pred_context=4.308200 sequence=466.815944
[typed-five/b22_C] [plan iscas99__b22] [plan] step=146 node=N13041 type=control0 q_pred_context=1.903584 sequence=468.719529
[typed-five/b22_C] [plan iscas99__b22] [plan] step=147 node=N13043 type=control0 q_pred_context=2.162232 sequence=470.881761
[typed-five/b22_C] [plan iscas99__b22] [plan] step=148 node=N4999 type=observe q_pred_context=1.198033 sequence=472.079794
[typed-five/b22_C] [plan iscas99__b22] [plan] step=149 node=N14479 type=observe q_pred_context=7.982338 sequence=480.062132
[typed-five/b22_C] [plan iscas99__b22] [plan] step=150 node=N14473 type=observe q_pred_context=7.599060 sequence=487.661192
[typed-five/b22_C] [plan iscas99__b22] [plan] step=151 node=N14467 type=observe q_pred_context=7.774944 sequence=495.436135
[typed-five/b22_C] [plan iscas99__b22] [plan] step=152 node=N1520 type=control0 q_pred_context=3.085914 sequence=498.522049
[typed-five/b22_C] [plan iscas99__b22] [plan] step=153 node=N13045 type=control0 q_pred_context=3.207247 sequence=501.729296
[typed-five/b22_C] [plan iscas99__b22] [plan] step=154 node=N19352 type=control0 q_pred_context=3.717966 sequence=505.447262
[typed-five/b22_C] [plan iscas99__b22] [plan] step=155 node=N19354 type=control0 q_pred_context=8.105968 sequence=513.553229
[typed-five/b22_C] [plan iscas99__b22] [plan] step=156 node=N19356 type=control0 q_pred_context=5.766936 sequence=519.320165
[typed-five/b22_C] [plan iscas99__b22] [plan] step=157 node=N1251 type=observe q_pred_context=2.894863 sequence=522.215028
[typed-five/b22_C] [plan iscas99__b22] [plan] step=158 node=N14461 type=observe q_pred_context=8.700000 sequence=530.915028
[typed-five/b22_C] [plan iscas99__b22] [plan] step=159 node=N19358 type=control0 q_pred_context=2.665175 sequence=533.580202
[typed-five/b22_C] [plan iscas99__b22] [plan] step=160 node=N19360 type=control0 q_pred_context=4.618106 sequence=538.198308
[typed-five/b22_C] [plan iscas99__b22] [plan] step=161 node=N1250 type=observe q_pred_context=5.294075 sequence=543.492383
[typed-five/b22_C] [plan iscas99__b22] [plan] step=162 node=N14348 type=observe q_pred_context=0.798123 sequence=544.290506
[typed-five/b22_C] [plan iscas99__b22] [plan] step=163 node=N1757 type=observe q_pred_context=1.683214 sequence=545.973720
[typed-five/b22_C] [plan iscas99__b22] [plan] step=164 node=N2037 type=observe q_pred_context=6.998526 sequence=552.972246
[typed-five/b22_C] [plan iscas99__b22] [plan] step=165 node=N5280 type=observe q_pred_context=6.684006 sequence=559.656252
[typed-five/b22_C] [plan iscas99__b22] [plan] step=166 node=N6001 type=observe q_pred_context=6.938887 sequence=566.595139
[typed-five/b22_C] [plan iscas99__b22] [plan] step=167 node=N1993 type=observe q_pred_context=6.723058 sequence=573.318197
[typed-five/b22_C] [plan iscas99__b22] [plan] step=168 node=N5773 type=observe q_pred_context=6.970963 sequence=580.289160
[typed-five/b22_C] [plan iscas99__b22] [plan] step=169 node=N19364 type=control0 q_pred_context=2.333444 sequence=582.622604
[typed-five/b22_C] [plan iscas99__b22] [plan] step=170 node=N13010 type=control0 q_pred_context=3.425017 sequence=586.047621
[typed-five/b22_C] [plan iscas99__b22] [plan] step=171 node=N13014 type=control0 q_pred_context=5.152001 sequence=591.199622
[typed-five/b22_C] [plan iscas99__b22] [plan] step=172 node=N13016 type=control0 q_pred_context=5.895899 sequence=597.095521
[typed-five/b22_C] [plan iscas99__b22] [plan] step=173 node=N19321 type=control0 q_pred_context=6.226363 sequence=603.321884
[typed-five/b22_C] [plan iscas99__b22] [plan] step=174 node=N19319 type=control1 q_pred_context=0.857550 sequence=604.179434
[typed-five/b22_C] [plan iscas99__b22] [plan] step=175 node=N19327 type=control0 q_pred_context=2.865706 sequence=607.045139
[typed-five/b22_C] [plan iscas99__b22] [plan] step=176 node=N19329 type=control0 q_pred_context=3.696815 sequence=610.741954
[typed-five/b22_C] [plan iscas99__b22] [plan] step=177 node=N19331 type=control0 q_pred_context=6.057294 sequence=616.799248
[typed-five/b22_C] [plan iscas99__b22] [plan] step=178 node=N19325 type=control0 q_pred_context=6.669651 sequence=623.468900
[typed-five/b22_C] [plan iscas99__b22] [plan] step=179 node=N19333 type=control0 q_pred_context=6.667982 sequence=630.136882
[typed-five/b22_C] [plan iscas99__b22] [plan] step=180 node=N3844 type=observe q_pred_context=0.879932 sequence=631.016814
[typed-five/b22_C] [plan iscas99__b22] [plan] step=181 node=N2033 type=observe q_pred_context=1.152149 sequence=632.168963
[typed-five/b22_C] [plan iscas99__b22] [plan] step=182 node=N4996 type=observe q_pred_context=0.973965 sequence=633.142928
[typed-five/b22_C] [plan iscas99__b22] [plan] step=183 node=N5266 type=observe q_pred_context=6.850593 sequence=639.993520
[typed-five/b22_C] [plan iscas99__b22] [plan] step=184 node=N1752 type=observe q_pred_context=1.898977 sequence=641.892497
[typed-five/b22_C] [plan iscas99__b22] [plan] step=185 node=N8331 type=control1 q_pred_context=1.732015 sequence=643.624512
[typed-five/b22_C] [plan iscas99__b22] [plan] step=186 node=N13047 type=control0 q_pred_context=5.382370 sequence=649.006882
[typed-five/b22_C] [plan iscas99__b22] [plan] step=187 node=N13005 type=control1 q_pred_context=0.935015 sequence=649.941897
[typed-five/b22_C] [plan iscas99__b22] [plan] step=188 node=N13018 type=control0 q_pred_context=4.375662 sequence=654.317559
[typed-five/b22_C] [plan iscas99__b22] [plan] step=189 node=N19366 type=control0 q_pred_context=3.262039 sequence=657.579597
[typed-five/b22_C] [plan iscas99__b22] [plan] step=190 node=N19335 type=control0 q_pred_context=4.306996 sequence=661.886594
[typed-five/b22_C] [plan iscas99__b22] [plan] step=191 node=N14369 type=observe q_pred_context=1.037505 sequence=662.924099
[typed-five/b22_C] [plan iscas99__b22] [plan] step=192 node=N14373 type=observe q_pred_context=6.778953 sequence=669.703052
[typed-five/b22_C] [plan iscas99__b22] [plan] step=193 node=N1171 type=control1 q_pred_context=1.620621 sequence=671.323673
[typed-five/b22_C] [plan iscas99__b22] [plan] step=194 node=N13049 type=control0 q_pred_context=3.712386 sequence=675.036059
[typed-five/b22_C] [plan iscas99__b22] [plan] step=195 node=N13020 type=control0 q_pred_context=4.671377 sequence=679.707435
[typed-five/b22_C] [plan iscas99__b22] [plan] step=196 node=N2167 type=control1 q_pred_context=1.302180 sequence=681.009615
[typed-five/b22_C] [plan iscas99__b22] [plan] step=197 node=N24124 type=control1 q_pred_context=1.008125 sequence=682.017740
[typed-five/b22_C] [plan iscas99__b22] [plan] step=198 node=N19312 type=control1 q_pred_context=1.303240 sequence=683.320981
[typed-five/b22_C] [plan iscas99__b22] [plan] step=199 node=N3800 type=control1 q_pred_context=1.656921 sequence=684.977902
[typed-five/b22_C] [plan iscas99__b22] [plan] step=200 node=N14357 type=observe q_pred_context=0.977162 sequence=685.955064
[typed-five/b22_C] [plan iscas99__b22] [plan] step=201 node=N14492 type=observe q_pred_context=7.917669 sequence=693.872733
[typed-five/b22_C] [plan iscas99__b22] [plan] step=202 node=N8328 type=control1 q_pred_context=2.654757 sequence=696.527490
[typed-five/b22_C] [plan iscas99__b22] [plan] step=203 node=N5215 type=observe q_pred_context=1.191533 sequence=697.719023
[typed-five/b22_C] [plan iscas99__b22] [plan] step=204 node=N1991 type=observe q_pred_context=6.353993 sequence=704.073016
[typed-five/b22_C] [plan iscas99__b22] [plan] step=205 node=N2039 type=observe q_pred_context=5.396073 sequence=709.469089
[typed-five/b22_C] [plan iscas99__b22] [plan] step=206 node=N5982 type=observe q_pred_context=1.039882 sequence=710.508971
[typed-five/b22_C] [plan iscas99__b22] [plan] step=207 node=N4994 type=observe q_pred_context=2.009708 sequence=712.518679
[typed-five/b22_C] [plan iscas99__b22] [plan] step=208 node=N5254 type=observe q_pred_context=8.266511 sequence=720.785191
[typed-five/b22_C] [plan iscas99__b22] [plan] step=209 node=N2041 type=observe q_pred_context=7.636407 sequence=728.421598
[typed-five/b22_C] [plan iscas99__b22] [plan] step=210 node=N19313 type=control1 q_pred_context=0.832843 sequence=729.254440
[typed-five/b22_C] [plan iscas99__b22] [plan] step=211 node=N19314 type=control1 q_pred_context=0.881172 sequence=730.135612
[typed-five/b22_C] [plan iscas99__b22] [plan] step=212 node=N18594 type=control0 q_pred_context=3.935987 sequence=734.071600
[typed-five/b22_C] [plan iscas99__b22] [plan] step=213 node=N13053 type=control0 q_pred_context=4.658902 sequence=738.730501
[typed-five/b22_C] [plan iscas99__b22] [plan] step=214 node=N13022 type=control0 q_pred_context=4.183051 sequence=742.913553
[typed-five/b22_C] [plan iscas99__b22] [plan] step=215 node=N18522 type=control1 q_pred_context=4.105873 sequence=747.019426
[typed-five/b22_C] [plan iscas99__b22] [plan] step=216 node=N2168 type=observe q_pred_context=1.055370 sequence=748.074795
[typed-five/b22_C] [plan iscas99__b22] [plan] step=217 node=N6020 type=observe q_pred_context=4.704448 sequence=752.779244
[typed-five/b22_C] [plan iscas99__b22] [plan] step=218 node=N5792 type=observe q_pred_context=7.907941 sequence=760.687185
[typed-five/b22_C] [plan iscas99__b22] [plan] step=219 node=N2043 type=observe q_pred_context=8.195606 sequence=768.882790
[typed-five/b22_C] [plan iscas99__b22] [plan] step=220 node=N5278 type=observe q_pred_context=7.171815 sequence=776.054605
[typed-five/b22_C] [plan iscas99__b22] [plan] step=221 node=N18518 type=control0 q_pred_context=2.205408 sequence=778.260013
[typed-five/b22_C] [plan iscas99__b22] [plan] step=222 node=N18580 type=control0 q_pred_context=4.654460 sequence=782.914473
[typed-five/b22_C] [plan iscas99__b22] [plan] step=223 node=N21464 type=control1 q_pred_context=1.451518 sequence=784.365991
[typed-five/b22_C] [plan iscas99__b22] [plan] step=224 node=N4430 type=observe q_pred_context=0.966200 sequence=785.332191
[typed-five/b22_C] [plan iscas99__b22] [plan] step=225 node=N2047 type=observe q_pred_context=8.337283 sequence=793.669475
[typed-five/b22_C] [plan iscas99__b22] [plan] step=226 node=N13003 type=control1 q_pred_context=0.842621 sequence=794.512096
[typed-five/b22_C] [plan iscas99__b22] [plan] step=227 node=N13055 type=control0 q_pred_context=5.510201 sequence=800.022297
[typed-five/b22_C] [plan iscas99__b22] [plan] step=228 node=N13024 type=control0 q_pred_context=4.483715 sequence=804.506012
[typed-five/b22_C] [plan iscas99__b22] [plan] step=229 node=N1173 type=control1 q_pred_context=1.933236 sequence=806.439248
[typed-five/b22_C] [plan iscas99__b22] [plan] step=230 node=N4453 type=control1 q_pred_context=2.499313 sequence=808.938560
[typed-five/b22_C] [plan iscas99__b22] [plan] step=231 node=N7598 type=control1 q_pred_context=3.112696 sequence=812.051256
[typed-five/b22_C] [plan iscas99__b22] [plan] step=232 node=N1172 type=control1 q_pred_context=2.178447 sequence=814.229703
[typed-five/b22_C] [plan iscas99__b22] [plan] step=233 node=N14356 type=observe q_pred_context=1.142684 sequence=815.372388
[typed-five/b22_C] [plan iscas99__b22] [plan] step=234 node=N14368 type=observe q_pred_context=0.968886 sequence=816.341274
[typed-five/b22_C] [plan iscas99__b22] [plan] step=235 node=N14353 type=observe q_pred_context=1.104871 sequence=817.446145
[typed-five/b22_C] [plan iscas99__b22] [plan] step=236 node=N3832 type=observe q_pred_context=1.306338 sequence=818.752482
[typed-five/b22_C] [plan iscas99__b22] [plan] step=237 node=N14345 type=observe q_pred_context=0.819852 sequence=819.572335
[typed-five/b22_C] [plan iscas99__b22] [plan] step=238 node=N7504 type=observe q_pred_context=0.830013 sequence=820.402348
[typed-five/b22_C] [plan iscas99__b22] [plan] step=239 node=N14344 type=observe q_pred_context=0.917670 sequence=821.320017
[typed-five/b22_C] [plan iscas99__b22] [plan] step=240 node=N14365 type=observe q_pred_context=0.972420 sequence=822.292437
[typed-five/b22_C] [plan iscas99__b22] [plan] step=241 node=N14352 type=observe q_pred_context=0.982032 sequence=823.274468
[typed-five/b22_C] [plan iscas99__b22] [plan] step=242 node=N14349 type=observe q_pred_context=0.957355 sequence=824.231823
[typed-five/b22_C] [plan iscas99__b22] [plan] step=243 node=N5514 type=observe q_pred_context=0.885304 sequence=825.117127
[typed-five/b22_C] [plan iscas99__b22] [plan] step=244 node=N5247 type=observe q_pred_context=4.046873 sequence=829.164000
[typed-five/b22_C] [plan iscas99__b22] [plan] step=245 node=N2073 type=observe q_pred_context=7.990155 sequence=837.154155
[typed-five/b22_C] [plan iscas99__b22] [plan] step=246 node=N7243 type=observe q_pred_context=7.959189 sequence=845.113344
[typed-five/b22_C] [plan iscas99__b22] [plan] step=247 node=N2109 type=observe q_pred_context=1.303518 sequence=846.416863
[typed-five/b22_C] [plan iscas99__b22] [plan] step=248 node=N5270 type=observe q_pred_context=2.931209 sequence=849.348071
[typed-five/b22_C] [plan iscas99__b22] [plan] step=249 node=N2071 type=observe q_pred_context=4.414218 sequence=853.762289
[typed-five/b22_C] [plan iscas99__b22] [plan] step=250 node=N7236 type=observe q_pred_context=4.152116 sequence=857.914405
[typed-five/b22_C] [plan iscas99__b22] [plan] step=251 node=N19318 type=control1 q_pred_context=1.102687 sequence=859.017092
[typed-five/b22_C] [plan iscas99__b22] [plan] step=252 node=N13000 type=control1 q_pred_context=4.435297 sequence=863.452389
[typed-five/b22_C] [plan iscas99__b22] [plan] step=253 node=N15002 type=control1 q_pred_context=4.759591 sequence=868.211979
[typed-five/b22_C] [plan iscas99__b22] [plan] step=254 node=N15003 type=control1 q_pred_context=6.621340 sequence=874.833320
[typed-five/b22_C] [plan iscas99__b22] [plan] step=255 node=N19368 type=control0 q_pred_context=7.436404 sequence=882.269724
[typed-five/b22_C] [plan iscas99__b22] [plan] step=256 node=N19339 type=control0 q_pred_context=5.108586 sequence=887.378310
[typed-five/b22_C] [plan iscas99__b22] [plan] step=257 node=N15007 type=control1 q_pred_context=5.506996 sequence=892.885307
[typed-five/b22_C] [plan iscas99__b22] [plan] step=258 node=N18572 type=control0 q_pred_context=1.326197 sequence=894.211504
[typed-five/b22_C] [plan iscas99__b22] [plan] step=259 node=N6077 type=observe q_pred_context=1.246777 sequence=895.458280
[typed-five/b22_C] [plan iscas99__b22] [plan] step=260 node=N5524 type=observe q_pred_context=0.792198 sequence=896.250479
[typed-five/b22_C] [plan iscas99__b22] [plan] step=261 node=N4375 type=observe q_pred_context=1.848997 sequence=898.099476
[typed-five/b22_C] [plan iscas99__b22] [plan] step=262 node=N5269 type=observe q_pred_context=2.819227 sequence=900.918703
[typed-five/b22_C] [plan iscas99__b22] [plan] step=263 node=N2059 type=observe q_pred_context=3.553526 sequence=904.472229
[typed-five/b22_C] [plan iscas99__b22] [plan] step=264 node=N5906 type=observe q_pred_context=2.569228 sequence=907.041458
[typed-five/b22_C] [plan iscas99__b22] [plan] step=265 node=N2108 type=observe q_pred_context=2.956421 sequence=909.997879
[typed-five/b22_C] [plan iscas99__b22] [plan] step=266 node=N4378 type=observe q_pred_context=1.907701 sequence=911.905580
[typed-five/b22_C] [plan iscas99__b22] [plan] step=267 node=N19315 type=control1 q_pred_context=0.696272 sequence=912.601851
[typed-five/b22_C] [plan iscas99__b22] [plan] step=268 node=N19316 type=control1 q_pred_context=0.808015 sequence=913.409867
[typed-five/b22_C] [plan iscas99__b22] [plan] step=269 node=N18571 type=control0 q_pred_context=3.003826 sequence=916.413693
[typed-five/b22_C] [plan iscas99__b22] [plan] step=270 node=N7595 type=control1 q_pred_context=1.589227 sequence=918.002920
[typed-five/b22_C] [plan iscas99__b22] [plan] step=271 node=N7599 type=control1 q_pred_context=1.530011 sequence=919.532931
[typed-five/b22_C] [plan iscas99__b22] [plan] step=272 node=N19309 type=control1 q_pred_context=2.980983 sequence=922.513914
[typed-five/b22_C] [plan iscas99__b22] [plan] step=273 node=N15004 type=control1 q_pred_context=2.912679 sequence=925.426593
[typed-five/b22_C] [plan iscas99__b22] [plan] step=274 node=N18582 type=control0 q_pred_context=2.734410 sequence=928.161003
[typed-five/b22_C] [plan iscas99__b22] [plan] step=275 node=N18589 type=control0 q_pred_context=2.810834 sequence=930.971837
[typed-five/b22_C] [plan iscas99__b22] [plan] step=276 node=N13057 type=control0 q_pred_context=3.668167 sequence=934.640004
[typed-five/b22_C] [plan iscas99__b22] [plan] step=277 node=N13028 type=control0 q_pred_context=3.273589 sequence=937.913593
[typed-five/b22_C] [plan iscas99__b22] [plan] step=278 node=N15006 type=control1 q_pred_context=3.154104 sequence=941.067697
[typed-five/b22_C] [plan iscas99__b22] [plan] step=279 node=N15005 type=control1 q_pred_context=3.619751 sequence=944.687448
[typed-five/b22_C] [plan iscas99__b22] [plan] step=280 node=N5529 type=observe q_pred_context=1.125999 sequence=945.813447
[typed-five/b22_C] [plan iscas99__b22] [plan] step=281 node=N5273 type=observe q_pred_context=3.651232 sequence=949.464679
[typed-five/b22_C] [plan iscas99__b22] [plan] step=282 node=N4381 type=observe q_pred_context=3.686126 sequence=953.150805
[typed-five/b22_C] [plan iscas99__b22] [plan] step=283 node=N3436 type=observe q_pred_context=1.307876 sequence=954.458682
[typed-five/b22_C] [plan iscas99__b22] [plan] step=284 node=N5242 type=observe q_pred_context=5.176444 sequence=959.635126
[typed-five/b22_C] [plan iscas99__b22] [plan] step=285 node=N1304 type=observe q_pred_context=1.978916 sequence=961.614042
[typed-five/b22_C] [plan iscas99__b22] [plan] step=286 node=N4351 type=observe q_pred_context=3.730194 sequence=965.344236
[typed-five/b22_C] [plan iscas99__b22] [plan] step=287 node=N3294 type=observe q_pred_context=1.172847 sequence=966.517083
[typed-five/b22_C] [plan iscas99__b22] [plan] step=288 node=N5246 type=observe q_pred_context=5.025188 sequence=971.542270
[typed-five/b22_C] [plan iscas99__b22] [plan] step=289 node=N1285 type=observe q_pred_context=2.337411 sequence=973.879682
[typed-five/b22_C] [plan iscas99__b22] [plan] step=290 node=N4345 type=observe q_pred_context=4.076241 sequence=977.955922
[typed-five/b22_C] [plan iscas99__b22] [plan] step=291 node=N5248 type=observe q_pred_context=3.606478 sequence=981.562400
[typed-five/b22_C] [plan iscas99__b22] [plan] step=292 node=N3320 type=observe q_pred_context=1.193011 sequence=982.755411
[typed-five/b22_C] [plan iscas99__b22] [plan] step=293 node=N1287 type=observe q_pred_context=1.142839 sequence=983.898249
[typed-five/b22_C] [plan iscas99__b22] [plan] step=294 node=N21458 type=control1 q_pred_context=1.343293 sequence=985.241543
[typed-five/b22_C] [plan iscas99__b22] [plan] step=295 node=N5249 type=observe q_pred_context=3.820673 sequence=989.062216
[typed-five/b22_C] [plan iscas99__b22] [plan] step=296 node=N4348 type=observe q_pred_context=3.926677 sequence=992.988893
[typed-five/b22_C] [plan iscas99__b22] [plan] step=297 node=N19310 type=control1 q_pred_context=1.054198 sequence=994.043091
[typed-five/b22_C] [plan iscas99__b22] [plan] step=298 node=N19317 type=control1 q_pred_context=1.115655 sequence=995.158746
[typed-five/b22_C] [plan iscas99__b22] [plan] step=299 node=N3903 type=control1 q_pred_context=3.153043 sequence=998.311789
[typed-five/b22_C] [plan iscas99__b22] [plan] step=300 node=N3911 type=control1 q_pred_context=3.719576 sequence=1002.031365
[typed-five/b22_C] [plan iscas99__b22] [plan] step=301 node=N24133 type=control1 q_pred_context=2.628858 sequence=1004.660223
[typed-five/b22_C] [plan iscas99__b22] [plan] step=302 node=N15099 type=control1 q_pred_context=4.341762 sequence=1009.001985
[typed-five/b22_C] [plan iscas99__b22] [plan] step=303 node=N12860 type=control0 q_pred_context=2.645697 sequence=1011.647682
[typed-five/b22_C] [plan iscas99__b22] [plan] step=304 node=N19346 type=control0 q_pred_context=3.430487 sequence=1015.078169
[typed-five/b22_C] [plan iscas99__b22] [plan] step=305 node=N19343 type=control0 q_pred_context=4.116513 sequence=1019.194682
[typed-five/b22_C] [plan iscas99__b22] [plan] step=306 node=N6985 type=control0 q_pred_context=3.830851 sequence=1023.025533
[typed-five/b22_C] [plan iscas99__b22] [plan] step=307 node=N6975 type=control0 q_pred_context=3.580127 sequence=1026.605660
[typed-five/b22_C] [plan iscas99__b22] [plan] step=308 node=N7018 type=control0 q_pred_context=3.579128 sequence=1030.184788
[typed-five/b22_C] [plan iscas99__b22] [plan] step=309 node=N7051 type=control0 q_pred_context=3.812297 sequence=1033.997085
[typed-five/b22_C] [plan iscas99__b22] [plan] step=310 node=N1364 type=observe q_pred_context=3.880042 sequence=1037.877128
[typed-five/b22_C] [plan iscas99__b22] [plan] step=311 node=N7558 type=observe q_pred_context=2.332507 sequence=1040.209635
[typed-five/b22_C] [plan iscas99__b22] [plan] step=312 node=N5511 type=observe q_pred_context=2.363637 sequence=1042.573272
[typed-five/b22_C] [plan iscas99__b22] [plan] step=313 node=N5507 type=observe q_pred_context=2.452040 sequence=1045.025312
[typed-five/b22_C] [plan iscas99__b22] [plan] step=314 node=N5508 type=observe q_pred_context=2.708550 sequence=1047.733861
[typed-five/b22_C] [plan iscas99__b22] [plan] step=315 node=N14361 type=observe q_pred_context=3.104160 sequence=1050.838021
[typed-five/b22_C] [plan iscas99__b22] [plan] step=316 node=N2920 type=observe q_pred_context=2.014418 sequence=1052.852438
[typed-five/b22_C] [plan iscas99__b22] [plan] step=317 node=N1284 type=observe q_pred_context=5.082659 sequence=1057.935097
[typed-five/b22_C] [plan iscas99__b22] [plan] step=318 node=N5277 type=observe q_pred_context=3.509474 sequence=1061.444571
[typed-five/b22_C] [plan iscas99__b22] [plan] step=319 node=N14364 type=observe q_pred_context=2.806273 sequence=1064.250843
[typed-five/b22_C] [plan iscas99__b22] [plan] step=320 node=N4393 type=observe q_pred_context=2.590963 sequence=1066.841807
[typed-five/b22_C] [plan iscas99__b22] [plan] step=321 node=N13002 type=control1 q_pred_context=2.712550 sequence=1069.554357
[typed-five/b22_C] [plan iscas99__b22] [plan] step=322 node=N18587 type=control0 q_pred_context=2.689966 sequence=1072.244323
[typed-five/b22_C] [plan iscas99__b22] [plan] step=323 node=N14333 type=control1 q_pred_context=3.106061 sequence=1075.350384
[typed-five/b22_C] [plan iscas99__b22] [plan] step=324 node=N19308 type=control1 q_pred_context=2.886789 sequence=1078.237172
[typed-five/b22_C] [plan iscas99__b22] [plan] step=325 node=N24174 type=control0 q_pred_context=4.043318 sequence=1082.280490
[typed-five/b22_C] [plan iscas99__b22] [plan] step=326 node=N26447 type=control0 q_pred_context=5.771530 sequence=1088.052020
[typed-five/b22_C] [plan iscas99__b22] [plan] step=327 node=N3454 type=observe q_pred_context=3.627480 sequence=1091.679499
[typed-five/b22_C] [plan iscas99__b22] [plan] step=328 node=N5276 type=observe q_pred_context=4.405926 sequence=1096.085426
[typed-five/b22_C] [plan iscas99__b22] [plan] step=329 node=N4390 type=observe q_pred_context=2.490925 sequence=1098.576350
[typed-five/b22_C] [plan iscas99__b22] [plan] step=330 node=N5275 type=observe q_pred_context=3.462299 sequence=1102.038649
[typed-five/b22_C] [plan iscas99__b22] [plan] step=331 node=N3427 type=observe q_pred_context=1.739748 sequence=1103.778397
[typed-five/b22_C] [plan iscas99__b22] [plan] step=332 node=N4387 type=observe q_pred_context=2.648165 sequence=1106.426563
[typed-five/b22_C] [plan iscas99__b22] [plan] step=333 node=N5274 type=observe q_pred_context=3.808741 sequence=1110.235303
[typed-five/b22_C] [plan iscas99__b22] [plan] step=334 node=N14483 type=observe q_pred_context=2.549343 sequence=1112.784646
[typed-five/b22_C] [plan iscas99__b22] [plan] step=335 node=N3499 type=observe q_pred_context=1.527603 sequence=1114.312249
[typed-five/b22_C] [plan iscas99__b22] [plan] step=336 node=N4399 type=observe q_pred_context=2.729313 sequence=1117.041562
[typed-five/b22_C] [plan iscas99__b22] [plan] step=337 node=N5272 type=observe q_pred_context=3.297252 sequence=1120.338815
[typed-five/b22_C] [plan iscas99__b22] [plan] step=338 node=N3517 type=observe q_pred_context=1.485374 sequence=1121.824188
[typed-five/b22_C] [plan iscas99__b22] [plan] step=339 node=N4402 type=observe q_pred_context=2.903584 sequence=1124.727773
[typed-five/b22_C] [plan iscas99__b22] [plan] step=340 node=N5271 type=observe q_pred_context=3.026542 sequence=1127.754315
[typed-five/b22_C] [plan iscas99__b22] [plan] step=341 node=N3777 type=observe q_pred_context=3.062093 sequence=1130.816408
[typed-five/b22_C] [plan iscas99__b22] [plan] step=342 node=N5268 type=observe q_pred_context=3.720542 sequence=1134.536950
[typed-five/b22_C] [plan iscas99__b22] [plan] step=343 node=N4372 type=observe q_pred_context=2.963826 sequence=1137.500777
[typed-five/b22_C] [plan iscas99__b22] [plan] step=344 node=N14360 type=observe q_pred_context=1.448225 sequence=1138.949002
[typed-five/b22_C] [plan iscas99__b22] [plan] step=345 node=N4461 type=control1 q_pred_context=3.273267 sequence=1142.222268
[typed-five/b22_C] [plan iscas99__b22] [plan] step=346 node=N3535 type=observe q_pred_context=2.836400 sequence=1145.058669
[typed-five/b22_C] [plan iscas99__b22] [plan] step=347 node=N3780 type=observe q_pred_context=5.246280 sequence=1150.304948
[typed-five/b22_C] [plan iscas99__b22] [plan] step=348 node=N5250 type=observe q_pred_context=4.076111 sequence=1154.381059
[typed-five/b22_C] [plan iscas99__b22] [plan] step=349 node=N4408 type=observe q_pred_context=3.296975 sequence=1157.678034
[typed-five/b22_C] [plan iscas99__b22] [plan] step=350 node=N14488 type=observe q_pred_context=1.798549 sequence=1159.476583
[typed-five/b22_C] [plan iscas99__b22] [plan] step=351 node=N3553 type=observe q_pred_context=1.821569 sequence=1161.298152
[typed-five/b22_C] [plan iscas99__b22] [plan] step=352 node=N3786 type=observe q_pred_context=4.360899 sequence=1165.659051
[typed-five/b22_C] [plan iscas99__b22] [plan] step=353 node=N4369 type=observe q_pred_context=3.201212 sequence=1168.860262
[typed-five/b22_C] [plan iscas99__b22] [plan] step=354 node=N3508 type=observe q_pred_context=2.912880 sequence=1171.773142
[typed-five/b22_C] [plan iscas99__b22] [plan] step=355 node=N3783 type=observe q_pred_context=4.862362 sequence=1176.635504
[typed-five/b22_C] [plan iscas99__b22] [plan] step=356 node=N4363 type=observe q_pred_context=4.329529 sequence=1180.965033
[typed-five/b22_C] [plan iscas99__b22] [plan] step=357 node=N14418 type=observe q_pred_context=2.219333 sequence=1183.184365
[typed-five/b22_C] [plan iscas99__b22] [plan] step=358 node=N3744 type=observe q_pred_context=3.254096 sequence=1186.438462
[typed-five/b22_C] [plan iscas99__b22] [plan] step=359 node=N3338 type=observe q_pred_context=2.977437 sequence=1189.415898
[typed-five/b22_C] [plan iscas99__b22] [plan] step=360 node=N4366 type=observe q_pred_context=5.409003 sequence=1194.824901
[typed-five/b22_C] [plan iscas99__b22] [plan] step=361 node=N3774 type=observe q_pred_context=5.977480 sequence=1200.802381
[typed-five/b22_C] [plan iscas99__b22] [plan] step=362 node=N6919 type=observe q_pred_context=4.882998 sequence=1205.685379
[typed-five/b22_C] [plan iscas99__b22] [plan] step=363 node=N3472 type=observe q_pred_context=3.351074 sequence=1209.036453
[typed-five/b22_C] [plan iscas99__b22] [plan] step=364 node=N4361 type=observe q_pred_context=4.348820 sequence=1213.385274
[typed-five/b22_C] [plan iscas99__b22] [plan] step=365 node=N3771 type=observe q_pred_context=5.430068 sequence=1218.815342
[typed-five/b22_C] [plan iscas99__b22] [plan] step=366 node=N6916 type=observe q_pred_context=8.246421 sequence=1227.061763
[typed-five/b22_C] [plan iscas99__b22] [plan] step=367 node=N5245 type=observe q_pred_context=3.104850 sequence=1230.166613
[typed-five/b22_C] [plan iscas99__b22] [plan] step=368 node=N8324 type=control1 q_pred_context=2.828796 sequence=1232.995409
[typed-five/b22_C] [plan iscas99__b22] [plan] step=369 node=N12998 type=control1 q_pred_context=8.225552 sequence=1241.220961
[typed-five/b22_C] [plan iscas99__b22] [plan] step=370 node=N13035 type=control0 q_pred_context=4.904774 sequence=1246.125736
[typed-five/b22_C] [plan iscas99__b22] [plan] step=371 node=N13032 type=control0 q_pred_context=3.747935 sequence=1249.873670
[typed-five/b22_C] [plan iscas99__b22] [plan] step=372 node=N3481 type=observe q_pred_context=2.576016 sequence=1252.449686
[typed-five/b22_C] [plan iscas99__b22] [plan] step=373 node=N4418 type=observe q_pred_context=4.898858 sequence=1257.348544
[typed-five/b22_C] [plan iscas99__b22] [plan] step=374 node=N3750 type=observe q_pred_context=4.295686 sequence=1261.644230
[typed-five/b22_C] [plan iscas99__b22] [plan] step=375 node=N6921 type=observe q_pred_context=3.974388 sequence=1265.618618
[typed-five/b22_C] [plan iscas99__b22] [plan] step=376 node=N4354 type=observe q_pred_context=4.121847 sequence=1269.740465
[typed-five/b22_C] [plan iscas99__b22] [plan] step=377 node=N3494 type=control0 q_pred_context=2.088979 sequence=1271.829444
[typed-five/b22_C] [plan iscas99__b22] [plan] step=378 node=N3418 type=observe q_pred_context=5.809242 sequence=1277.638686
[typed-five/b22_C] [plan iscas99__b22] [plan] step=379 node=N3764 type=observe q_pred_context=6.960566 sequence=1284.599252
[typed-five/b22_C] [plan iscas99__b22] [plan] step=380 node=N4405 type=observe q_pred_context=4.331887 sequence=1288.931138
[typed-five/b22_C] [plan iscas99__b22] [plan] step=381 node=N6917 type=observe q_pred_context=2.475231 sequence=1291.406369
[typed-five/b22_C] [plan iscas99__b22] [plan] step=382 node=N26415 type=control1 q_pred_context=2.043732 sequence=1293.450101
[typed-five/b22_C] [plan iscas99__b22] [plan] step=383 node=N3400 type=observe q_pred_context=3.249147 sequence=1296.699249
[typed-five/b22_C] [plan iscas99__b22] [plan] step=384 node=N3770 type=observe q_pred_context=5.766073 sequence=1302.465322
[typed-five/b22_C] [plan iscas99__b22] [plan] step=385 node=N4396 type=observe q_pred_context=3.645042 sequence=1306.110363
[typed-five/b22_C] [plan iscas99__b22] [plan] step=386 node=N3747 type=observe q_pred_context=3.590028 sequence=1309.700392
[typed-five/b22_C] [plan iscas99__b22] [plan] step=387 node=N6914 type=observe q_pred_context=2.468753 sequence=1312.169145
[typed-five/b22_C] [plan iscas99__b22] [plan] step=388 node=N6911 type=observe q_pred_context=2.105180 sequence=1314.274325
[typed-five/b22_C] [plan iscas99__b22] [plan] step=389 node=N15109 type=control1 q_pred_context=1.489648 sequence=1315.763973
[typed-five/b22_C] [plan iscas99__b22] [plan] step=390 node=N4475 type=observe q_pred_context=1.323689 sequence=1317.087662
[typed-five/b22_C] [plan iscas99__b22] [plan] step=391 node=N4463 type=control1 q_pred_context=1.143663 sequence=1318.231324
[typed-five/b22_C] [plan iscas99__b22] [plan] step=392 node=N3445 type=observe q_pred_context=1.127183 sequence=1319.358507
[typed-five/b22_C] [plan iscas99__b22] [plan] step=393 node=N3751 type=observe q_pred_context=1.876980 sequence=1321.235487
[typed-five/b22_C] [plan iscas99__b22] [plan] step=394 node=N4421 type=observe q_pred_context=3.040834 sequence=1324.276321
[typed-five/b22_C] [plan iscas99__b22] [plan] step=395 node=N12999 type=control1 q_pred_context=1.337933 sequence=1325.614254
[typed-five/b22_C] [plan iscas99__b22] [plan] step=396 node=N3463 type=observe q_pred_context=1.222403 sequence=1326.836657
[typed-five/b22_C] [plan iscas99__b22] [plan] step=397 node=N3778 type=observe q_pred_context=4.562325 sequence=1331.398982
[typed-five/b22_C] [plan iscas99__b22] [plan] step=398 node=N4427 type=observe q_pred_context=4.488631 sequence=1335.887613
[typed-five/b22_C] [plan iscas99__b22] [plan] step=399 node=N26404 type=control1 q_pred_context=1.547710 sequence=1337.435323
[typed-five/b22_C] [plan iscas99__b22] [plan] step=400 node=N26403 type=control1 q_pred_context=1.895933 sequence=1339.331255
[typed-five/b22_C] [plan iscas99__b22] [plan] step=401 node=N12997 type=control1 q_pred_context=3.128694 sequence=1342.459949
[typed-five/b22_C] [plan iscas99__b22] [plan] step=402 node=N26397 type=control1 q_pred_context=1.830520 sequence=1344.290469
[typed-five/b22_C] [plan iscas99__b22] [plan] step=403 node=N15100 type=control1 q_pred_context=1.612351 sequence=1345.902820
[typed-five/b22_C] [plan iscas99__b22] [plan] step=404 node=N24207 type=control0 q_pred_context=3.897321 sequence=1349.800141
[typed-five/b22_C] [plan iscas99__b22] [plan] step=405 node=N3526 type=observe q_pred_context=1.929688 sequence=1351.729829
[typed-five/b22_C] [plan iscas99__b22] [plan] step=406 node=N3782 type=observe q_pred_context=7.443631 sequence=1359.173460
[typed-five/b22_C] [plan iscas99__b22] [plan] step=407 node=N18498 type=observe q_pred_context=5.227927 sequence=1364.401387
[typed-five/b22_C] [plan iscas99__b22] [plan] step=408 node=N4424 type=observe q_pred_context=4.554149 sequence=1368.955536
[typed-five/b22_C] [plan iscas99__b22] [plan] step=409 node=N15101 type=control1 q_pred_context=3.257934 sequence=1372.213470
[typed-five/b22_C] [plan iscas99__b22] [plan] step=410 node=N15095 type=control1 q_pred_context=2.968096 sequence=1375.181566
[typed-five/b22_C] [plan iscas99__b22] [plan] step=411 node=N15097 type=control1 q_pred_context=3.405119 sequence=1378.586685
[typed-five/b22_C] [plan iscas99__b22] [plan] step=412 node=N4546 type=observe q_pred_context=3.903637 sequence=1382.490322
[typed-five/b22_C] [plan iscas99__b22] [plan] step=413 node=N4831 type=observe q_pred_context=4.697832 sequence=1387.188153
[typed-five/b22_C] [plan iscas99__b22] [plan] step=414 node=N3490 type=observe q_pred_context=3.039661 sequence=1390.227814
[typed-five/b22_C] [plan iscas99__b22] [plan] step=415 node=N3776 type=observe q_pred_context=7.414175 sequence=1397.641989
[typed-five/b22_C] [plan iscas99__b22] [plan] step=416 node=N4415 type=observe q_pred_context=5.641497 sequence=1403.283487
[typed-five/b22_C] [plan iscas99__b22] [plan] step=417 node=N12990 type=control1 q_pred_context=1.182091 sequence=1404.465578
[typed-five/b22_C] [plan iscas99__b22] [plan] step=418 node=N15083 type=control1 q_pred_context=2.586794 sequence=1407.052372
[typed-five/b22_C] [plan iscas99__b22] [plan] step=419 node=N19301 type=control1 q_pred_context=2.483310 sequence=1409.535683
[typed-five/b22_C] [plan iscas99__b22] [plan] step=420 node=N3485 type=control0 q_pred_context=2.582813 sequence=1412.118496
[typed-five/b22_C] [plan iscas99__b22] [plan] step=421 node=N3333 type=control0 q_pred_context=2.541805 sequence=1414.660301
[typed-five/b22_C] [plan iscas99__b22] [plan] step=422 node=N15093 type=control1 q_pred_context=3.181899 sequence=1417.842199
[typed-five/b22_C] [plan iscas99__b22] [plan] step=423 node=N3395 type=control0 q_pred_context=2.136327 sequence=1419.978526
[typed-five/b22_C] [plan iscas99__b22] [plan] step=424 node=N14523 type=control0 q_pred_context=5.007909 sequence=1424.986435
[typed-five/b22_C] [plan iscas99__b22] [plan] step=425 node=N3404 type=control0 q_pred_context=3.139537 sequence=1428.125972
[typed-five/b22_C] [plan iscas99__b22] [plan] step=426 node=N15089 type=control1 q_pred_context=2.603545 sequence=1430.729517
[typed-five/b22_C] [plan iscas99__b22] [plan] step=427 node=N15090 type=control1 q_pred_context=2.727065 sequence=1433.456582
[typed-five/b22_C] [plan iscas99__b22] [plan] step=428 node=N3765 type=observe q_pred_context=1.950993 sequence=1435.407575
[typed-five/b22_C] [plan iscas99__b22] [plan] step=429 node=N4523 type=observe q_pred_context=4.471472 sequence=1439.879046
[typed-five/b22_C] [plan iscas99__b22] [plan] step=430 node=N6838 type=control0 q_pred_context=6.197955 sequence=1446.077002
[typed-five/b22_C] [plan iscas99__b22] [plan] step=431 node=N3360 type=control0 q_pred_context=4.470054 sequence=1450.547056
[typed-five/b22_C] [plan iscas99__b22] [plan] step=432 node=N3548 type=control0 q_pred_context=3.671697 sequence=1454.218753
[typed-five/b22_C] [plan iscas99__b22] [plan] step=433 node=N3530 type=control0 q_pred_context=3.900951 sequence=1458.119704
[typed-five/b22_C] [plan iscas99__b22] [plan] step=434 node=N3521 type=control0 q_pred_context=4.175000 sequence=1462.294704
[typed-five/b22_C] [plan iscas99__b22] [plan] step=435 node=N3544 type=observe q_pred_context=4.547324 sequence=1466.842028
[typed-five/b22_C] [plan iscas99__b22] [plan] step=436 node=N4340 type=observe q_pred_context=4.642264 sequence=1471.484292
[typed-five/b22_C] [plan iscas99__b22] [plan] step=437 node=N3342 type=control0 q_pred_context=3.213358 sequence=1474.697651
[typed-five/b22_C] [plan iscas99__b22] [plan] step=438 node=N3304 type=control0 q_pred_context=2.407304 sequence=1477.104954
[typed-five/b22_C] [plan iscas99__b22] [plan] step=439 node=N3431 type=control0 q_pred_context=1.911884 sequence=1479.016838
[typed-five/b22_C] [plan iscas99__b22] [plan] step=440 node=N15484 type=control0 q_pred_context=2.251081 sequence=1481.267919
[typed-five/b22_C] [plan iscas99__b22] [plan] step=441 node=N6847 type=control0 q_pred_context=1.618753 sequence=1482.886672
[typed-five/b22_C] [plan iscas99__b22] [plan] step=442 node=N6659 type=control0 q_pred_context=1.471093 sequence=1484.357764
[typed-five/b22_C] [plan iscas99__b22] [plan] step=443 node=N6793 type=control0 q_pred_context=1.440594 sequence=1485.798358
[typed-five/b22_C] [plan iscas99__b22] [plan] step=444 node=N9311 type=control0 q_pred_context=1.823479 sequence=1487.621837
[typed-five/b22_C] [plan iscas99__b22] [plan] step=445 node=N9310 type=control0 q_pred_context=2.031107 sequence=1489.652944
[typed-five/b22_C] [plan iscas99__b22] [plan] step=446 node=N15348 type=control0 q_pred_context=2.280379 sequence=1491.933323
[typed-five/b22_C] [plan iscas99__b22] [plan] step=447 node=N9572 type=control0 q_pred_context=2.715446 sequence=1494.648769
[typed-five/b22_C] [plan iscas99__b22] [plan] step=448 node=N3742 type=observe q_pred_context=1.734068 sequence=1496.382837
[typed-five/b22_C] [plan iscas99__b22] [plan] step=449 node=N4334 type=observe q_pred_context=2.961528 sequence=1499.344365
[typed-five/b22_C] [plan iscas99__b22] [plan] step=450 node=N18408 type=observe q_pred_context=2.960960 sequence=1502.305325
[typed-five/b22_C] [plan iscas99__b22] [plan] step=451 node=N6614 type=control0 q_pred_context=1.955997 sequence=1504.261322
[typed-five/b22_C] [plan iscas99__b22] [plan] step=452 node=N6784 type=control0 q_pred_context=2.818208 sequence=1507.079530
[typed-five/b22_C] [plan iscas99__b22] [plan] step=453 node=N6623 type=control0 q_pred_context=2.795900 sequence=1509.875430
[typed-five/b22_C] [plan iscas99__b22] [plan] step=454 node=N3409 type=observe q_pred_context=1.255762 sequence=1511.131192
[typed-five/b22_C] [plan iscas99__b22] [plan] step=455 node=N18410 type=observe q_pred_context=4.002481 sequence=1515.133673
[typed-five/b22_C] [plan iscas99__b22] [plan] step=456 node=N3772 type=observe q_pred_context=6.446828 sequence=1521.580501
[typed-five/b22_C] [plan iscas99__b22] [plan] step=457 node=N6632 type=control0 q_pred_context=2.919192 sequence=1524.499693
[typed-five/b22_C] [plan iscas99__b22] [plan] step=458 node=N4337 type=observe q_pred_context=4.959145 sequence=1529.458838
[typed-five/b22_C] [plan iscas99__b22] [plan] step=459 node=N6757 type=control0 q_pred_context=2.693148 sequence=1532.151986
[typed-five/b22_C] [plan iscas99__b22] [plan] step=460 node=N8477 type=control1 q_pred_context=1.545441 sequence=1533.697426
[typed-five/b22_C] [plan iscas99__b22] [plan] step=461 node=N8476 type=control1 q_pred_context=1.179335 sequence=1534.876762
[typed-five/b22_C] [plan iscas99__b22] [plan] step=462 node=N15517 type=control0 q_pred_context=2.957807 sequence=1537.834568
[typed-five/b22_C] [plan iscas99__b22] [plan] step=463 node=N6650 type=control0 q_pred_context=1.867558 sequence=1539.702126
[typed-five/b22_C] [plan iscas99__b22] [plan] step=464 node=N21468 type=control1 q_pred_context=1.960041 sequence=1541.662167
[typed-five/b22_C] [plan iscas99__b22] [plan] step=465 node=N6739 type=control0 q_pred_context=1.848641 sequence=1543.510808
[typed-five/b22_C] [plan iscas99__b22] [plan] step=466 node=N4456 type=control1 q_pred_context=1.823312 sequence=1545.334120
[typed-five/b22_C] [plan iscas99__b22] [plan] step=467 node=N6802 type=control0 q_pred_context=1.585817 sequence=1546.919936
[typed-five/b22_C] [plan iscas99__b22] [plan] step=468 node=N6703 type=control0 q_pred_context=2.718596 sequence=1549.638532
[typed-five/b22_C] [plan iscas99__b22] [plan] step=469 node=N2305 type=observe q_pred_context=1.394839 sequence=1551.033371
[typed-five/b22_C] [plan iscas99__b22] [plan] step=470 node=N3785 type=observe q_pred_context=8.188268 sequence=1559.221638
[typed-five/b22_C] [plan iscas99__b22] [plan] step=471 node=N5391 type=control1 q_pred_context=2.583126 sequence=1561.804765
[typed-five/b22_C] [plan iscas99__b22] [plan] step=472 node=N6694 type=control0 q_pred_context=1.763083 sequence=1563.567848
[typed-five/b22_C] [plan iscas99__b22] [plan] step=473 node=N19300 type=control1 q_pred_context=2.840335 sequence=1566.408183
[typed-five/b22_C] [plan iscas99__b22] [plan] step=474 node=N6820 type=control0 q_pred_context=1.674499 sequence=1568.082682
[typed-five/b22_C] [plan iscas99__b22] [plan] step=475 node=N6730 type=control0 q_pred_context=3.049782 sequence=1571.132464
[typed-five/b22_C] [plan iscas99__b22] [plan] step=476 node=N6601 type=control0 q_pred_context=2.100812 sequence=1573.233276
[typed-five/b22_C] [plan iscas99__b22] [plan] step=477 node=N15491 type=control0 q_pred_context=4.011517 sequence=1577.244792
[typed-five/b22_C] [plan iscas99__b22] [plan] step=478 node=N6748 type=control0 q_pred_context=2.325719 sequence=1579.570511
[typed-five/b22_C] [plan iscas99__b22] [plan] step=479 node=N6677 type=control0 q_pred_context=2.234403 sequence=1581.804914
[typed-five/b22_C] [plan iscas99__b22] [plan] step=480 node=N6712 type=control0 q_pred_context=2.219823 sequence=1584.024737
[typed-five/b22_C] [plan iscas99__b22] [plan] step=481 node=N6829 type=control0 q_pred_context=2.145572 sequence=1586.170309
[typed-five/b22_C] [plan iscas99__b22] [plan] step=482 node=N3476 type=control0 q_pred_context=2.034233 sequence=1588.204542
[typed-five/b22_C] [plan iscas99__b22] [plan] step=483 node=N15543 type=control0 q_pred_context=2.785707 sequence=1590.990249
[typed-five/b22_C] [plan iscas99__b22] [plan] step=484 node=N3936 type=control0 q_pred_context=1.895225 sequence=1592.885474
[typed-five/b22_C] [plan iscas99__b22] [plan] step=485 node=N9804 type=control0 q_pred_context=2.690405 sequence=1595.575879
[typed-five/b22_C] [plan iscas99__b22] [plan] step=486 node=N15394 type=control0 q_pred_context=2.998693 sequence=1598.574572
[typed-five/b22_C] [plan iscas99__b22] [plan] step=487 node=N6856 type=control0 q_pred_context=1.781055 sequence=1600.355627
[typed-five/b22_C] [plan iscas99__b22] [plan] step=488 node=N6668 type=control0 q_pred_context=1.759187 sequence=1602.114814
[typed-five/b22_C] [plan iscas99__b22] [plan] step=489 node=N6721 type=control0 q_pred_context=1.814074 sequence=1603.928888
[typed-five/b22_C] [plan iscas99__b22] [plan] step=490 node=N9795 type=control0 q_pred_context=1.786023 sequence=1605.714911
[typed-five/b22_C] [plan iscas99__b22] [plan] step=491 node=N24210 type=control0 q_pred_context=2.456325 sequence=1608.171236
[typed-five/b22_C] [plan iscas99__b22] [plan] step=492 node=N15415 type=control0 q_pred_context=3.010466 sequence=1611.181702
[typed-five/b22_C] [plan iscas99__b22] [plan] step=493 node=N9608 type=control0 q_pred_context=1.736456 sequence=1612.918158
[typed-five/b22_C] [plan iscas99__b22] [plan] step=494 node=N9581 type=control0 q_pred_context=1.645546 sequence=1614.563704
[typed-five/b22_C] [plan iscas99__b22] [plan] step=495 node=N9714 type=control0 q_pred_context=1.669045 sequence=1616.232749
[typed-five/b22_C] [plan iscas99__b22] [plan] step=496 node=N6811 type=control0 q_pred_context=1.637136 sequence=1617.869885
[typed-five/b22_C] [plan iscas99__b22] [plan] step=497 node=N2320 type=observe q_pred_context=1.624090 sequence=1619.493975
[typed-five/b22_C] [plan iscas99__b22] [plan] step=498 node=N2779 type=observe q_pred_context=2.854278 sequence=1622.348253
[typed-five/b22_C] [plan iscas99__b22] [plan] step=499 node=N3748 type=observe q_pred_context=1.503952 sequence=1623.852205
[typed-five/b22_C] [plan iscas99__b22] [plan] step=500 node=N5390 type=control1 q_pred_context=1.047883 sequence=1624.900088
[typed-five/b22_C] [plan iscas99__b22] [plan] step=501 node=N9759 type=control0 q_pred_context=1.181882 sequence=1626.081970
[typed-five/b22_C] [plan iscas99__b22] [plan] step=502 node=N3745 type=observe q_pred_context=0.992743 sequence=1627.074713
[typed-five/b22_C] [plan iscas99__b22] [plan] step=503 node=N6766 type=control0 q_pred_context=1.145544 sequence=1628.220257
[typed-five/b22_C] [plan iscas99__b22] [plan] step=504 node=N2302 type=observe q_pred_context=0.821532 sequence=1629.041789
[typed-five/b22_C] [plan iscas99__b22] [plan] step=505 node=N4086 type=observe q_pred_context=3.360349 sequence=1632.402137
[typed-five/b22_C] [plan iscas99__b22] [plan] step=506 node=N24048 type=control1 q_pred_context=0.918774 sequence=1633.320912
[typed-five/b22_C] [plan iscas99__b22] [plan] step=507 node=N2307 type=observe q_pred_context=0.733730 sequence=1634.054642
[typed-five/b22_C] [plan iscas99__b22] [plan] step=508 node=N18399 type=observe q_pred_context=2.950823 sequence=1637.005464
[typed-five/b22_C] [plan iscas99__b22] [plan] step=509 node=N18400 type=observe q_pred_context=4.331255 sequence=1641.336720
[typed-five/b22_C] [plan iscas99__b22] [plan] step=510 node=N9696 type=control0 q_pred_context=1.537455 sequence=1642.874175
[typed-five/b22_C] [plan iscas99__b22] [plan] step=511 node=N2892 type=observe q_pred_context=0.747797 sequence=1643.621972
[typed-five/b22_C] [plan iscas99__b22] [plan] step=512 node=N18402 type=observe q_pred_context=5.039959 sequence=1648.661931
[typed-five/b22_C] [plan iscas99__b22] [plan] step=513 node=N15174 type=control1 q_pred_context=0.832015 sequence=1649.493946
[typed-five/b22_C] [plan iscas99__b22] [plan] step=514 node=N18403 type=observe q_pred_context=0.732677 sequence=1650.226623
[typed-five/b22_C] [plan iscas99__b22] [plan] step=515 node=N18404 type=observe q_pred_context=4.852246 sequence=1655.078869
[typed-five/b22_C] [plan iscas99__b22] [plan] step=516 node=N21472 type=control1 q_pred_context=0.929730 sequence=1656.008600
[typed-five/b22_C] [plan iscas99__b22] [plan] step=517 node=N1183 type=control1 q_pred_context=0.945817 sequence=1656.954417
[typed-five/b22_C] [plan iscas99__b22] [plan] step=518 node=N4457 type=control1 q_pred_context=1.256008 sequence=1658.210425
[typed-five/b22_C] [plan iscas99__b22] [plan] step=519 node=N18401 type=observe q_pred_context=0.752724 sequence=1658.963149
[typed-five/b22_C] [plan iscas99__b22] [plan] step=520 node=N3391 type=observe q_pred_context=0.775236 sequence=1659.738385
[typed-five/b22_C] [plan iscas99__b22] [plan] step=521 node=N4358 type=observe q_pred_context=4.753663 sequence=1664.492047
[typed-five/b22_C] [plan iscas99__b22] [plan] step=522 node=N18413 type=observe q_pred_context=6.658827 sequence=1671.150875
[typed-five/b22_C] [plan iscas99__b22] [plan] step=523 node=N18414 type=observe q_pred_context=6.606990 sequence=1677.757865
[typed-five/b22_C] [plan iscas99__b22] [plan] step=524 node=N18415 type=observe q_pred_context=5.860515 sequence=1683.618380
[typed-five/b22_C] [plan iscas99__b22] [plan] step=525 node=N14347 type=observe q_pred_context=4.915195 sequence=1688.533575
[typed-five/b22_C] [plan iscas99__b22] [plan] step=526 node=N18512 type=observe q_pred_context=6.548011 sequence=1695.081586
[typed-five/b22_C] [plan iscas99__b22] [plan] step=527 node=N13008 type=control1 q_pred_context=2.265716 sequence=1697.347302
[typed-five/b22_C] [plan iscas99__b22] [plan] step=528 node=N24116 type=control1 q_pred_context=1.565070 sequence=1698.912372
[typed-five/b22_C] [plan iscas99__b22] [plan] step=529 node=N24130 type=control1 q_pred_context=1.600384 sequence=1700.512756
[typed-five/b22_C] [plan iscas99__b22] [plan] step=530 node=N13007 type=control1 q_pred_context=1.126890 sequence=1701.639646
[typed-five/b22_C] [plan iscas99__b22] [plan] step=531 node=N13006 type=control1 q_pred_context=1.142649 sequence=1702.782295
[typed-five/b22_C] [plan iscas99__b22] [plan] step=532 node=N15280 type=control0 q_pred_context=4.618353 sequence=1707.400648
[typed-five/b22_C] [plan iscas99__b22] [plan] step=533 node=N24125 type=control1 q_pred_context=1.687467 sequence=1709.088115
[typed-five/b22_C] [plan iscas99__b22] [plan] step=534 node=N24126 type=control1 q_pred_context=1.473475 sequence=1710.561590
[typed-five/b22_C] [plan iscas99__b22] [plan] step=535 node=N26408 type=control1 q_pred_context=1.761027 sequence=1712.322617
[typed-five/b22_C] [plan iscas99__b22] [plan] step=536 node=N9813 type=control0 q_pred_context=1.066761 sequence=1713.389378
[typed-five/b22_C] [plan iscas99__b22] [plan] step=537 node=N6641 type=control0 q_pred_context=1.297523 sequence=1714.686901
[typed-five/b22_C] [plan iscas99__b22] [plan] step=538 node=N3374 type=observe q_pred_context=1.128535 sequence=1715.815436
[typed-five/b22_C] [plan iscas99__b22] [plan] step=539 node=N14346 type=observe q_pred_context=3.421608 sequence=1719.237045
[typed-five/b22_C] [plan iscas99__b22] [plan] step=540 node=N18459 type=observe q_pred_context=5.687888 sequence=1724.924932
[typed-five/b22_C] [plan iscas99__b22] [plan] step=541 node=N26409 type=control1 q_pred_context=1.678826 sequence=1726.603758
[typed-five/b22_C] [plan iscas99__b22] [plan] step=542 node=N9678 type=control0 q_pred_context=0.880501 sequence=1727.484260
[typed-five/b22_C] [plan iscas99__b22] [plan] step=543 node=N12321 type=control0 q_pred_context=2.780083 sequence=1730.264342
[typed-five/b22_C] [plan iscas99__b22] [plan] step=544 node=N9768 type=control0 q_pred_context=3.310021 sequence=1733.574363
[typed-five/b22_C] [plan iscas99__b22] [plan] step=545 node=N15347 type=control0 q_pred_context=3.482021 sequence=1737.056385
[typed-five/b22_C] [plan iscas99__b22] [plan] step=546 node=N9750 type=control0 q_pred_context=3.651310 sequence=1740.707695
[typed-five/b22_C] [plan iscas99__b22] [plan] step=547 node=N9617 type=control0 q_pred_context=3.741246 sequence=1744.448941
[typed-five/b22_C] [plan iscas99__b22] [plan] step=548 node=N9635 type=control0 q_pred_context=3.845307 sequence=1748.294248
[typed-five/b22_C] [plan iscas99__b22] [plan] step=549 node=N26494 type=control0 q_pred_context=3.398967 sequence=1751.693215
[typed-five/b22_C] [plan iscas99__b22] [plan] step=550 node=N7591 type=control1 q_pred_context=3.436208 sequence=1755.129423
[typed-five/b22_C] [plan iscas99__b22] [plan] step=551 node=N9626 type=control0 q_pred_context=1.771696 sequence=1756.901119
[typed-five/b22_C] [plan iscas99__b22] [plan] step=552 node=N9741 type=control0 q_pred_context=2.085932 sequence=1758.987052
[typed-five/b22_C] [plan iscas99__b22] [plan] step=553 node=N9705 type=control0 q_pred_context=4.691896 sequence=1763.678948
[typed-five/b22_C] [plan iscas99__b22] [plan] step=554 node=N3365 type=observe q_pred_context=1.868530 sequence=1765.547478
[typed-five/b22_C] [plan iscas99__b22] [plan] step=555 node=N3356 type=observe q_pred_context=1.420946 sequence=1766.968424
[typed-five/b22_C] [plan iscas99__b22] [plan] step=556 node=N18505 type=observe q_pred_context=6.055795 sequence=1773.024219
[typed-five/b22_C] [plan iscas99__b22] [plan] step=557 node=N3347 type=observe q_pred_context=1.038516 sequence=1774.062735
[typed-five/b22_C] [plan iscas99__b22] [plan] step=558 node=N18508 type=observe q_pred_context=5.327531 sequence=1779.390266
[typed-five/b22_C] [plan iscas99__b22] [plan] step=559 node=N9669 type=control0 q_pred_context=2.813371 sequence=1782.203637
[typed-five/b22_C] [plan iscas99__b22] [plan] step=560 node=N13004 type=control1 q_pred_context=1.016959 sequence=1783.220596
[typed-five/b22_C] [plan iscas99__b22] [plan] step=561 node=N1184 type=control1 q_pred_context=2.608286 sequence=1785.828882
[typed-five/b22_C] [plan iscas99__b22] [plan] step=562 node=N9660 type=control0 q_pred_context=1.704928 sequence=1787.533810
[typed-five/b22_C] [plan iscas99__b22] [plan] step=563 node=N12323 type=control0 q_pred_context=3.262808 sequence=1790.796618
[typed-five/b22_C] [plan iscas99__b22] [plan] step=564 node=N9590 type=control0 q_pred_context=1.545732 sequence=1792.342350
[typed-five/b22_C] [plan iscas99__b22] [plan] step=565 node=N9723 type=control0 q_pred_context=2.810747 sequence=1795.153097
[typed-five/b22_C] [plan iscas99__b22] [plan] step=566 node=N9559 type=control0 q_pred_context=1.692549 sequence=1796.845646
[typed-five/b22_C] [plan iscas99__b22] [plan] step=567 node=N9651 type=control0 q_pred_context=1.510292 sequence=1798.355939
[typed-five/b22_C] [plan iscas99__b22] [plan] step=568 node=N6775 type=control0 q_pred_context=1.528723 sequence=1799.884661
[typed-five/b22_C] [plan iscas99__b22] [plan] step=569 node=N9777 type=control0 q_pred_context=1.658971 sequence=1801.543633
[typed-five/b22_C] [plan iscas99__b22] [plan] step=570 node=N9687 type=control0 q_pred_context=1.628859 sequence=1803.172492
[typed-five/b22_C] [plan iscas99__b22] [plan] step=571 node=N3387 type=control0 q_pred_context=1.586473 sequence=1804.758965
[typed-five/b22_C] [plan iscas99__b22] [plan] step=572 node=N14511 type=control0 q_pred_context=2.213409 sequence=1806.972374
[typed-five/b22_C] [plan iscas99__b22] [plan] step=573 node=N18575 type=control0 q_pred_context=2.583724 sequence=1809.556098
[typed-five/b22_C] [plan iscas99__b22] [plan] step=574 node=N21723 type=control0 q_pred_context=2.716701 sequence=1812.272799
[typed-five/b22_C] [plan iscas99__b22] [plan] step=575 node=N12325 type=control0 q_pred_context=2.835323 sequence=1815.108122
[typed-five/b22_C] [plan iscas99__b22] [plan] step=576 node=N9786 type=control0 q_pred_context=3.023743 sequence=1818.131866
[typed-five/b22_C] [plan iscas99__b22] [plan] step=577 node=N26516 type=control0 q_pred_context=3.164737 sequence=1821.296602
[typed-five/b22_C] [plan iscas99__b22] [plan] step=578 node=N7597 type=control1 q_pred_context=1.771969 sequence=1823.068571
[typed-five/b22_C] [plan iscas99__b22] [plan] step=579 node=N3329 type=observe q_pred_context=1.134248 sequence=1824.202819
[typed-five/b22_C] [plan iscas99__b22] [plan] step=580 node=N18475 type=observe q_pred_context=7.247506 sequence=1831.450325
[typed-five/b22_C] [plan iscas99__b22] [plan] step=581 node=N14497 type=observe q_pred_context=1.377385 sequence=1832.827710
[typed-five/b22_C] [plan iscas99__b22] [plan] step=582 node=N18464 type=observe q_pred_context=7.457301 sequence=1840.285010
[typed-five/b22_C] [plan iscas99__b22] [plan] step=583 node=N8430 type=control1 q_pred_context=1.422461 sequence=1841.707471
[typed-five/b22_C] [plan iscas99__b22] [plan] step=584 node=N23994 type=control1 q_pred_context=3.076332 sequence=1844.783804
[typed-five/b22_C] [plan iscas99__b22] [plan] step=585 node=N7592 type=control1 q_pred_context=2.381882 sequence=1847.165686
[typed-five/b22_C] [plan iscas99__b22] [plan] step=586 node=N28154 type=control1 q_pred_context=1.435799 sequence=1848.601485
[typed-five/b22_C] [plan iscas99__b22] [plan] step=587 node=N14433 type=observe q_pred_context=1.076653 sequence=1849.678139
[typed-five/b22_C] [plan iscas99__b22] [plan] step=588 node=N3309 type=observe q_pred_context=0.782053 sequence=1850.460192
[typed-five/b22_C] [plan iscas99__b22] [plan] step=589 node=N2312 type=observe q_pred_context=1.123724 sequence=1851.583916
[typed-five/b22_C] [plan iscas99__b22] [plan] step=590 node=N18502 type=observe q_pred_context=5.126076 sequence=1856.709991
[typed-five/b22_C] [plan iscas99__b22] [plan] step=591 node=N7611 type=control1 q_pred_context=0.747272 sequence=1857.457263
[typed-five/b22_C] [plan iscas99__b22] [plan] step=592 node=N19311 type=control1 q_pred_context=1.305388 sequence=1858.762651
[typed-five/b22_C] [plan iscas99__b22] [plan] step=593 node=N15343 type=control0 q_pred_context=3.195164 sequence=1861.957816
[typed-five/b22_C] [plan iscas99__b22] [plan] step=594 node=N12892 type=control0 q_pred_context=3.673042 sequence=1865.630857
[typed-five/b22_C] [plan iscas99__b22] [plan] step=595 node=N15387 type=control0 q_pred_context=3.537398 sequence=1869.168255
[typed-five/b22_C] [plan iscas99__b22] [plan] step=596 node=N15557 type=control0 q_pred_context=3.775772 sequence=1872.944027
[typed-five/b22_C] [plan iscas99__b22] [plan] step=597 node=N6686 type=control0 q_pred_context=1.482295 sequence=1874.426322
[typed-five/b22_C] [plan iscas99__b22] [plan] step=598 node=N21866 type=control0 q_pred_context=3.701632 sequence=1878.127954
[typed-five/b22_C] [plan iscas99__b22] [plan] step=599 node=N9732 type=control0 q_pred_context=1.605508 sequence=1879.733462
[typed-five/b22_C] [plan iscas99__b22] [plan] step=600 node=N21715 type=control0 q_pred_context=3.683265 sequence=1883.416726
[typed-five/b22_C] [plan iscas99__b22] [plan] step=601 node=N2322 type=observe q_pred_context=1.673735 sequence=1885.090462
[typed-five/b22_C] [plan iscas99__b22] [plan] step=602 node=N18492 type=observe q_pred_context=4.939501 sequence=1890.029963
[typed-five/b22_C] [plan iscas99__b22] [plan] step=603 node=N14363 type=observe q_pred_context=1.451507 sequence=1891.481470
[typed-five/b22_C] [plan iscas99__b22] [plan] step=604 node=N18455 type=observe q_pred_context=1.800856 sequence=1893.282326
[typed-five/b22_C] [plan iscas99__b22] [plan] step=605 node=N2326 type=observe q_pred_context=1.132084 sequence=1894.414410
[typed-five/b22_C] [plan iscas99__b22] [plan] step=606 node=N18470 type=observe q_pred_context=5.018273 sequence=1899.432684
[typed-five/b22_C] [plan iscas99__b22] [plan] step=607 node=N14419 type=observe q_pred_context=2.291287 sequence=1901.723971
[typed-five/b22_C] [plan iscas99__b22] [plan] step=608 node=N18529 type=observe q_pred_context=5.496229 sequence=1907.220199
[typed-five/b22_C] [plan iscas99__b22] [plan] step=609 node=N18472 type=observe q_pred_context=3.975577 sequence=1911.195777
[typed-five/b22_C] [plan iscas99__b22] [plan] step=610 node=N18465 type=observe q_pred_context=4.281347 sequence=1915.477123
[typed-five/b22_C] [plan iscas99__b22] [plan] step=611 node=N18528 type=observe q_pred_context=4.240311 sequence=1919.717435
[typed-five/b22_C] [plan iscas99__b22] [plan] step=612 node=N18500 type=observe q_pred_context=3.725732 sequence=1923.443167
[typed-five/b22_C] [plan iscas99__b22] [plan] step=613 node=N3920 type=observe q_pred_context=1.093737 sequence=1924.536903
[typed-five/b22_C] [plan iscas99__b22] [plan] step=614 node=N14383 type=observe q_pred_context=3.771851 sequence=1928.308755
[typed-five/b22_C] [plan iscas99__b22] [plan] step=615 node=N18481 type=observe q_pred_context=3.366892 sequence=1931.675646
[typed-five/b22_C] [plan iscas99__b22] [plan] step=616 node=N18484 type=observe q_pred_context=3.837725 sequence=1935.513371
[typed-five/b22_C] [plan iscas99__b22] [plan] step=617 node=N18527 type=observe q_pred_context=1.119838 sequence=1936.633209
[typed-five/b22_C] [plan iscas99__b22] [plan] step=618 node=N18486 type=observe q_pred_context=3.595055 sequence=1940.228263
[typed-five/b22_C] [plan iscas99__b22] [plan] step=619 node=N18543 type=observe q_pred_context=4.536521 sequence=1944.764784
[typed-five/b22_C] [plan iscas99__b22] [plan] step=620 node=N18490 type=observe q_pred_context=4.495271 sequence=1949.260055
[typed-five/b22_C] [plan iscas99__b22] [plan] step=621 node=N18422 type=observe q_pred_context=1.284006 sequence=1950.544061
[typed-five/b22_C] [plan iscas99__b22] [plan] step=622 node=N18542 type=observe q_pred_context=4.325288 sequence=1954.869349
[typed-five/b22_C] [plan iscas99__b22] [plan] step=623 node=N18547 type=observe q_pred_context=4.654528 sequence=1959.523877
[typed-five/b22_C] [plan iscas99__b22] [plan] step=624 node=N21526 type=control1 q_pred_context=1.603621 sequence=1961.127498
[typed-five/b22_C] [plan iscas99__b22] [plan] step=625 node=N28772 type=control1 q_pred_context=1.850238 sequence=1962.977736
[typed-five/b22_C] [plan iscas99__b22] [plan] step=626 node=N25481 type=control1 q_pred_context=1.150265 sequence=1964.128000
[typed-five/b22_C] [plan iscas99__b22] [plan] step=627 node=N24454 type=control1 q_pred_context=1.239600 sequence=1965.367600
[typed-five/b22_C] [plan iscas99__b22] [plan] step=628 node=N19299 type=control1 q_pred_context=3.372846 sequence=1968.740446
[typed-five/b22_C] [plan iscas99__b22] [plan] step=629 node=N25961 type=control1 q_pred_context=1.407500 sequence=1970.147947
[typed-five/b22_C] [plan iscas99__b22] [plan] step=630 node=N3382 type=observe q_pred_context=1.800671 sequence=1971.948618
[typed-five/b22_C] [plan iscas99__b22] [plan] step=631 node=N18431 type=observe q_pred_context=2.529696 sequence=1974.478314
[typed-five/b22_C] [plan iscas99__b22] [plan] step=632 node=N18448 type=observe q_pred_context=3.252154 sequence=1977.730468
[typed-five/b22_C] [plan iscas99__b22] [plan] step=633 node=N18510 type=observe q_pred_context=3.388047 sequence=1981.118515
[typed-five/b22_C] [plan iscas99__b22] [plan] step=634 node=N4459 type=control1 q_pred_context=1.426528 sequence=1982.545042
[typed-five/b22_C] [plan iscas99__b22] [plan] step=635 node=N12319 type=control0 q_pred_context=2.238397 sequence=1984.783439
[typed-five/b22_C] [plan iscas99__b22] [plan] step=636 node=N15510 type=control0 q_pred_context=2.302531 sequence=1987.085970
[typed-five/b22_C] [plan iscas99__b22] [plan] step=637 node=N1185 type=control1 q_pred_context=1.388790 sequence=1988.474759
[typed-five/b22_C] [plan iscas99__b22] [plan] step=638 node=N21763 type=control0 q_pred_context=2.343902 sequence=1990.818661
[typed-five/b22_C] [plan iscas99__b22] [plan] step=639 node=N21933 type=control0 q_pred_context=2.449717 sequence=1993.268379
[typed-five/b22_C] [plan iscas99__b22] [plan] step=640 node=N12852 type=control1 q_pred_context=2.059856 sequence=1995.328234
[typed-five/b22_C] [plan iscas99__b22] [plan] step=641 node=N14367 type=observe q_pred_context=1.425526 sequence=1996.753761
[typed-five/b22_C] [plan iscas99__b22] [plan] step=642 node=N18437 type=observe q_pred_context=3.659058 sequence=2000.412819
[typed-five/b22_C] [plan iscas99__b22] [plan] step=643 node=N18438 type=observe q_pred_context=3.405342 sequence=2003.818160
[typed-five/b22_C] [plan iscas99__b22] [plan] step=644 node=N18442 type=observe q_pred_context=3.404379 sequence=2007.222540
[typed-five/b22_C] [plan iscas99__b22] [plan] step=645 node=N18447 type=observe q_pred_context=3.440642 sequence=2010.663182
[typed-five/b22_C] [plan iscas99__b22] [plan] step=646 node=N18379 type=observe q_pred_context=0.952474 sequence=2011.615655
[typed-five/b22_C] [plan iscas99__b22] [plan] step=647 node=N18458 type=observe q_pred_context=3.978672 sequence=2015.594327
[typed-five/b22_C] [plan iscas99__b22] [plan] step=648 node=N18487 type=observe q_pred_context=4.154293 sequence=2019.748620
[typed-five/b22_C] [plan iscas99__b22] [plan] step=649 node=N1191 type=observe q_pred_context=3.770305 sequence=2023.518924
[typed-five/b22_C] [plan iscas99__b22] [plan] step=650 node=N18460 type=observe q_pred_context=1.747147 sequence=2025.266071
[typed-five/b22_C] [plan iscas99__b22] [plan] step=651 node=N3917 type=observe q_pred_context=0.888937 sequence=2026.155008
[typed-five/b22_C] [plan iscas99__b22] [plan] step=652 node=N2046 type=observe q_pred_context=1.018516 sequence=2027.173524
[typed-five/b22_C] [plan iscas99__b22] [plan] step=653 node=N4479 type=observe q_pred_context=1.030292 sequence=2028.203816
[typed-five/b22_C] [plan iscas99__b22] [plan] step=654 node=N1195 type=observe q_pred_context=3.622990 sequence=2031.826806
[typed-five/b22_C] [plan iscas99__b22] [plan] step=655 node=N2045 type=observe q_pred_context=1.152970 sequence=2032.979776
[typed-five/b22_C] [plan iscas99__b22] [plan] step=656 node=N18473 type=observe q_pred_context=3.555408 sequence=2036.535184
[typed-five/b22_C] [plan iscas99__b22] [plan] step=657 node=N5253 type=observe q_pred_context=2.118972 sequence=2038.654156
[typed-five/b22_C] [plan iscas99__b22] [plan] step=658 node=N1193 type=observe q_pred_context=3.384445 sequence=2042.038601
[typed-five/b22_C] [plan iscas99__b22] [plan] step=659 node=N18511 type=observe q_pred_context=3.609264 sequence=2045.647864
[typed-five/b22_C] [plan iscas99__b22] [plan] step=660 node=N5365 type=observe q_pred_context=2.246757 sequence=2047.894622
[typed-five/b22_C] [plan iscas99__b22] [plan] step=661 node=N18506 type=observe q_pred_context=3.520230 sequence=2051.414851
[typed-five/b22_C] [plan iscas99__b22] [plan] step=662 node=N14384 type=observe q_pred_context=3.420723 sequence=2054.835575
[typed-five/b22_C] [plan iscas99__b22] [plan] step=663 node=N18326 type=control1 q_pred_context=1.041673 sequence=2055.877247
[typed-five/b22_C] [plan iscas99__b22] [plan] step=664 node=N4462 type=control1 q_pred_context=1.167899 sequence=2057.045146
[typed-five/b22_C] [plan iscas99__b22] [plan] step=665 node=N12989 type=control1 q_pred_context=2.618112 sequence=2059.663258
[typed-five/b22_C] [plan iscas99__b22] [plan] step=666 node=N7489 type=observe q_pred_context=1.026961 sequence=2060.690219
[typed-five/b22_C] [plan iscas99__b22] [plan] step=667 node=N14498 type=observe q_pred_context=3.219820 sequence=2063.910039
[typed-five/b22_C] [plan iscas99__b22] [plan] step=668 node=N7573 type=observe q_pred_context=1.008643 sequence=2064.918682
[typed-five/b22_C] [plan iscas99__b22] [plan] step=669 node=N18497 type=observe q_pred_context=4.664022 sequence=2069.582704
[typed-five/b22_C] [plan iscas99__b22] [plan] step=670 node=N7480 type=observe q_pred_context=1.014005 sequence=2070.596708
[typed-five/b22_C] [plan iscas99__b22] [plan] step=671 node=N15115 type=observe q_pred_context=1.247123 sequence=2071.843831
[typed-five/b22_C] [plan iscas99__b22] [plan] step=672 node=N3914 type=observe q_pred_context=0.926036 sequence=2072.769868
[typed-five/b22_C] [plan iscas99__b22] [plan] step=673 node=N3809 type=observe q_pred_context=6.393402 sequence=2079.163270
[typed-five/b22_C] [plan iscas99__b22] [plan] step=674 node=N3876 type=observe q_pred_context=0.815928 sequence=2079.979198
[typed-five/b22_C] [plan iscas99__b22] [plan] step=675 node=N3818 type=observe q_pred_context=0.767932 sequence=2080.747130
[typed-five/b22_C] [plan iscas99__b22] [plan] step=676 node=N3880 type=observe q_pred_context=0.793951 sequence=2081.541080
[typed-five/b22_C] [plan iscas99__b22] [plan] step=677 node=N3887 type=observe q_pred_context=7.562948 sequence=2089.104029
[typed-five/b22_C] [plan iscas99__b22] [plan] step=678 node=N3895 type=observe q_pred_context=8.034944 sequence=2097.138972
[typed-five/b22_C] [plan iscas99__b22] [plan] step=679 node=N7054 type=observe q_pred_context=6.928944 sequence=2104.067917
[typed-five/b22_C] [plan iscas99__b22] [plan] step=680 node=N5754 type=observe q_pred_context=6.497062 sequence=2110.564979
[typed-five/b22_C] [plan iscas99__b22] [plan] step=681 node=N3299 type=observe q_pred_context=0.991781 sequence=2111.556760
[typed-five/b22_C] [plan iscas99__b22] [plan] step=682 node=N7116 type=observe q_pred_context=4.729944 sequence=2116.286704
[typed-five/b22_C] [plan iscas99__b22] [plan] step=683 node=N7131 type=observe q_pred_context=4.628496 sequence=2120.915200
[typed-five/b22_C] [plan iscas99__b22] [plan] step=684 node=N7138 type=observe q_pred_context=3.915972 sequence=2124.831172
[typed-five/b22_C] [plan iscas99__b22] [plan] step=685 node=N7145 type=observe q_pred_context=3.720248 sequence=2128.551419
[typed-five/b22_C] [plan iscas99__b22] [plan] step=686 node=N7152 type=observe q_pred_context=4.305400 sequence=2132.856819
[typed-five/b22_C] [plan iscas99__b22] [plan] step=687 node=N7159 type=observe q_pred_context=5.851534 sequence=2138.708353
[typed-five/b22_C] [plan iscas99__b22] [plan] step=688 node=N7166 type=observe q_pred_context=5.530350 sequence=2144.238703
[typed-five/b22_C] [plan iscas99__b22] [plan] step=689 node=N7173 type=observe q_pred_context=5.108413 sequence=2149.347116
[typed-five/b22_C] [plan iscas99__b22] [plan] step=690 node=N7180 type=observe q_pred_context=8.080472 sequence=2157.427588
[typed-five/b22_C] [plan iscas99__b22] [plan] step=691 node=N7187 type=observe q_pred_context=8.156439 sequence=2165.584027
[typed-five/b22_C] [plan iscas99__b22] [plan] step=692 node=N7194 type=observe q_pred_context=8.080691 sequence=2173.664718
[typed-five/b22_C] [plan iscas99__b22] [plan] step=693 node=N7201 type=observe q_pred_context=5.637408 sequence=2179.302126
[typed-five/b22_C] [plan iscas99__b22] [plan] step=694 node=N7229 type=observe q_pred_context=4.929070 sequence=2184.231196
[typed-five/b22_C] [plan iscas99__b22] [plan] step=695 node=N7250 type=observe q_pred_context=4.681965 sequence=2188.913162
[typed-five/b22_C] [plan iscas99__b22] [plan] step=696 node=N9599 type=control0 q_pred_context=2.729580 sequence=2191.642741
[typed-five/b22_C] [plan iscas99__b22] [plan] step=697 node=N26475 type=control0 q_pred_context=1.360924 sequence=2193.003665
[typed-five/b22_C] [plan iscas99__b22] [plan] step=698 node=N21940 type=control0 q_pred_context=6.127268 sequence=2199.130934
[typed-five/b22_C] [plan iscas99__b22] [plan] step=699 node=N14436 type=observe q_pred_context=2.362603 sequence=2201.493537
[typed-five/b22_C] [plan iscas99__b22] [plan] step=700 node=N7255 type=observe q_pred_context=6.983607 sequence=2208.477144
[typed-five/b22_C] [plan iscas99__b22] [plan] step=701 node=N3796 type=observe q_pred_context=0.907116 sequence=2209.384260
[typed-five/b22_C] [plan iscas99__b22] [plan] step=702 node=N3805 type=observe q_pred_context=5.426577 sequence=2214.810836
[typed-five/b22_C] [plan iscas99__b22] [plan] step=703 node=N3813 type=observe q_pred_context=2.954302 sequence=2217.765138
[typed-five/b22_C] [plan iscas99__b22] [plan] step=704 node=N18454 type=observe q_pred_context=1.583457 sequence=2219.348595
[typed-five/b22_C] [plan iscas99__b22] [plan] step=705 node=N4525 type=observe q_pred_context=3.078126 sequence=2222.426721
[typed-five/b22_C] [plan iscas99__b22] [plan] step=706 node=N3883 type=observe q_pred_context=2.011391 sequence=2224.438112
[typed-five/b22_C] [plan iscas99__b22] [plan] step=707 node=N3891 type=observe q_pred_context=2.248613 sequence=2226.686725
[typed-five/b22_C] [plan iscas99__b22] [plan] step=708 node=N3899 type=observe q_pred_context=2.125120 sequence=2228.811845
[typed-five/b22_C] [plan iscas99__b22] [plan] step=709 node=N3907 type=observe q_pred_context=2.203876 sequence=2231.015721
[typed-five/b22_C] [plan iscas99__b22] [plan] step=710 node=N18520 type=observe q_pred_context=4.024299 sequence=2235.040020
[typed-five/b22_C] [plan iscas99__b22] [plan] step=711 node=N3916 type=observe q_pred_context=3.593520 sequence=2238.633540
[typed-five/b22_C] [plan iscas99__b22] [plan] step=712 node=N14484 type=observe q_pred_context=3.250674 sequence=2241.884214
[typed-five/b22_C] [plan iscas99__b22] [plan] step=713 node=N3868 type=observe q_pred_context=1.975637 sequence=2243.859852
[typed-five/b22_C] [plan iscas99__b22] [plan] step=714 node=N18461 type=observe q_pred_context=2.352904 sequence=2246.212756
[typed-five/b22_C] [plan iscas99__b22] [plan] step=715 node=N18526 type=observe q_pred_context=3.266146 sequence=2249.478902
[typed-five/b22_C] [plan iscas99__b22] [plan] step=716 node=N3864 type=observe q_pred_context=2.734240 sequence=2252.213142
[typed-five/b22_C] [plan iscas99__b22] [plan] step=717 node=N18482 type=observe q_pred_context=3.116829 sequence=2255.329971
[typed-five/b22_C] [plan iscas99__b22] [plan] step=718 node=N15456 type=observe q_pred_context=3.218739 sequence=2258.548710
[typed-five/b22_C] [plan iscas99__b22] [plan] step=719 node=N4552 type=observe q_pred_context=4.028905 sequence=2262.577615
[typed-five/b22_C] [plan iscas99__b22] [plan] step=720 node=N18463 type=observe q_pred_context=2.279465 sequence=2264.857080
[typed-five/b22_C] [plan iscas99__b22] [plan] step=721 node=N14431 type=observe q_pred_context=2.195998 sequence=2267.053078
[typed-five/b22_C] [plan iscas99__b22] [plan] step=722 node=N5291 type=observe q_pred_context=4.850261 sequence=2271.903339
[typed-five/b22_C] [plan iscas99__b22] [plan] step=723 node=N1248 type=observe q_pred_context=3.108960 sequence=2275.012299
[typed-five/b22_C] [plan iscas99__b22] [plan] step=724 node=N2319 type=observe q_pred_context=1.732182 sequence=2276.744481
[typed-five/b22_C] [plan iscas99__b22] [plan] step=725 node=N7020 type=observe q_pred_context=4.256201 sequence=2281.000682
[typed-five/b22_C] [plan iscas99__b22] [plan] step=726 node=N18469 type=observe q_pred_context=3.877048 sequence=2284.877730
[typed-five/b22_C] [plan iscas99__b22] [plan] step=727 node=N18551 type=observe q_pred_context=4.056404 sequence=2288.934135
[typed-five/b22_C] [plan iscas99__b22] [plan] step=728 node=N18480 type=observe q_pred_context=3.597185 sequence=2292.531319
[typed-five/b22_C] [plan iscas99__b22] [plan] step=729 node=N18489 type=observe q_pred_context=3.072527 sequence=2295.603846
[typed-five/b22_C] [plan iscas99__b22] [plan] step=730 node=N18479 type=observe q_pred_context=3.163466 sequence=2298.767313
[typed-five/b22_C] [plan iscas99__b22] [plan] step=731 node=N14491 type=observe q_pred_context=1.257494 sequence=2300.024806
[typed-five/b22_C] [plan iscas99__b22] [plan] step=732 node=N18503 type=observe q_pred_context=2.886476 sequence=2302.911282
[typed-five/b22_C] [plan iscas99__b22] [plan] step=733 node=N2096 type=observe q_pred_context=1.397981 sequence=2304.309264
[typed-five/b22_C] [plan iscas99__b22] [plan] step=734 node=N15377 type=observe q_pred_context=2.718072 sequence=2307.027336
[typed-five/b22_C] [plan iscas99__b22] [plan] step=735 node=N26411 type=control1 q_pred_context=0.995726 sequence=2308.023062
[typed-five/b22_C] [plan iscas99__b22] [plan] step=736 node=N26405 type=control1 q_pred_context=1.487816 sequence=2309.510878
[typed-five/b22_C] [plan iscas99__b22] [plan] step=737 node=N24129 type=control1 q_pred_context=2.114695 sequence=2311.625573
[typed-five/b22_C] [plan iscas99__b22] [plan] step=738 node=N1189 type=control1 q_pred_context=2.865627 sequence=2314.491200
[typed-five/b22_C] [plan iscas99__b22] [plan] step=739 node=N7593 type=control1 q_pred_context=5.744106 sequence=2320.235305
[typed-five/b22_C] [plan iscas99__b22] [plan] step=740 node=N26456 type=control1 q_pred_context=6.365181 sequence=2326.600486
[typed-five/b22_C] [plan iscas99__b22] [plan] step=741 node=N15001 type=control1 q_pred_context=2.564954 sequence=2329.165440
[typed-five/b22_C] [plan iscas99__b22] [plan] step=742 node=N7534 type=observe q_pred_context=4.949959 sequence=2334.115399
[typed-five/b22_C] [plan iscas99__b22] [plan] step=743 node=N4532 type=observe q_pred_context=5.605743 sequence=2339.721142
[typed-five/b22_C] [plan iscas99__b22] [plan] step=744 node=N7543 type=observe q_pred_context=1.667791 sequence=2341.388933
[typed-five/b22_C] [plan iscas99__b22] [plan] step=745 node=N4534 type=observe q_pred_context=3.914188 sequence=2345.303120
[typed-five/b22_C] [plan iscas99__b22] [plan] step=746 node=N24317 type=control1 q_pred_context=0.969706 sequence=2346.272826
[typed-five/b22_C] [plan iscas99__b22] [plan] step=747 node=N21478 type=control1 q_pred_context=1.664437 sequence=2347.937263
[typed-five/b22_C] [plan iscas99__b22] [plan] step=748 node=N21770 type=control0 q_pred_context=5.714564 sequence=2353.651827
[typed-five/b22_C] [plan iscas99__b22] [plan] step=749 node=N7549 type=observe q_pred_context=0.487336 sequence=2354.139162
[typed-five/b22_C] [plan iscas99__b22] [plan] step=750 node=N1247 type=observe q_pred_context=4.025125 sequence=2358.164287
[typed-five/b22_C] [plan iscas99__b22] [plan] step=751 node=N21540 type=control1 q_pred_context=1.365764 sequence=2359.530051
[typed-five/b22_C] [plan iscas99__b22] [plan] step=752 node=N3694 type=control0 q_pred_context=3.035914 sequence=2362.565965
[typed-five/b22_C] [plan iscas99__b22] [plan] step=753 node=N12329 type=control0 q_pred_context=3.101587 sequence=2365.667552
[typed-five/b22_C] [plan iscas99__b22] [plan] step=754 node=N12295 type=control1 q_pred_context=1.205111 sequence=2366.872664
[typed-five/b22_C] [plan iscas99__b22] [plan] step=755 node=N9643 type=control0 q_pred_context=2.498365 sequence=2369.371029
[typed-five/b22_C] [plan iscas99__b22] [plan] step=756 node=N15200 type=control1 q_pred_context=1.483665 sequence=2370.854694
[typed-five/b22_C] [plan iscas99__b22] [plan] step=757 node=N26371 type=control1 q_pred_context=2.962938 sequence=2373.817631
[typed-five/b22_C] [plan iscas99__b22] [plan] step=758 node=N18323 type=control1 q_pred_context=4.717928 sequence=2378.535559
[typed-five/b22_C] [plan iscas99__b22] [plan] step=759 node=N12294 type=control1 q_pred_context=3.476431 sequence=2382.011990
[typed-five/b22_C] [plan iscas99__b22] [plan] step=760 node=N23991 type=control1 q_pred_context=2.994458 sequence=2385.006448
[typed-five/b22_C] [plan iscas99__b22] [plan] step=761 node=N7555 type=observe q_pred_context=1.394669 sequence=2386.401117
[typed-five/b22_C] [plan iscas99__b22] [plan] step=762 node=N5284 type=observe q_pred_context=7.749921 sequence=2394.151038
[typed-five/b22_C] [plan iscas99__b22] [plan] step=763 node=N8621 type=control1 q_pred_context=1.960922 sequence=2396.111960
[typed-five/b22_C] [plan iscas99__b22] [plan] step=764 node=N18555 type=observe q_pred_context=2.845173 sequence=2398.957133
[typed-five/b22_C] [plan iscas99__b22] [plan] step=765 node=N7567 type=observe q_pred_context=3.752244 sequence=2402.709377
[typed-five/b22_C] [plan iscas99__b22] [plan] step=766 node=N5285 type=observe q_pred_context=7.588042 sequence=2410.297419
[typed-five/b22_C] [plan iscas99__b22] [plan] step=767 node=N7564 type=observe q_pred_context=1.944117 sequence=2412.241536
[typed-five/b22_C] [plan iscas99__b22] [plan] step=768 node=N14501 type=observe q_pred_context=3.265590 sequence=2415.507125
[typed-five/b22_C] [plan iscas99__b22] [plan] step=769 node=N5286 type=observe q_pred_context=3.882597 sequence=2419.389723
[typed-five/b22_C] [plan iscas99__b22] [plan] step=770 node=N4468 type=observe q_pred_context=4.537882 sequence=2423.927604
[typed-five/b22_C] [plan iscas99__b22] [plan] step=771 node=N4464 type=observe q_pred_context=4.385884 sequence=2428.313489
[typed-five/b22_C] [plan iscas99__b22] [plan] step=772 node=N15060 type=observe q_pred_context=4.670074 sequence=2432.983563
[typed-five/b22_C] [plan iscas99__b22] [plan] step=773 node=N15070 type=observe q_pred_context=3.615667 sequence=2436.599230
[typed-five/b22_C] [plan iscas99__b22] [plan] step=774 node=N15074 type=observe q_pred_context=3.604469 sequence=2440.203699
[typed-five/b22_C] [plan iscas99__b22] [plan] step=775 node=N15073 type=observe q_pred_context=3.331649 sequence=2443.535348
[typed-five/b22_C] [plan iscas99__b22] [plan] step=776 node=N1576 type=control0 q_pred_context=1.347213 sequence=2444.882560
[typed-five/b22_C] [plan iscas99__b22] [plan] step=777 node=N4431 type=control0 q_pred_context=3.961507 sequence=2448.844067
[typed-five/b22_C] [plan iscas99__b22] [plan] step=778 node=N1592 type=control0 q_pred_context=1.805121 sequence=2450.649188
[typed-five/b22_C] [plan iscas99__b22] [plan] step=779 node=N12890 type=control0 q_pred_context=3.996164 sequence=2454.645352
[typed-five/b22_C] [plan iscas99__b22] [plan] step=780 node=N28455 type=control0 q_pred_context=3.776369 sequence=2458.421721
[typed-five/b22_C] [plan iscas99__b22] [plan] step=781 node=N28627 type=control0 q_pred_context=4.067034 sequence=2462.488755
[typed-five/b22_C] [plan iscas99__b22] [plan] step=782 node=N18583 type=observe q_pred_context=3.792617 sequence=2466.281372
[typed-five/b22_C] [plan iscas99__b22] [plan] step=783 node=N15051 type=observe q_pred_context=3.383263 sequence=2469.664635
[typed-five/b22_C] [plan iscas99__b22] [plan] step=784 node=N5287 type=observe q_pred_context=3.088286 sequence=2472.752921
[typed-five/b22_C] [plan iscas99__b22] [plan] step=785 node=N15058 type=observe q_pred_context=2.764109 sequence=2475.517030
[typed-five/b22_C] [plan iscas99__b22] [plan] step=786 node=N5288 type=observe q_pred_context=4.218673 sequence=2479.735704
[typed-five/b22_C] [plan iscas99__b22] [plan] step=787 node=N15067 type=observe q_pred_context=2.139542 sequence=2481.875246
[typed-five/b22_C] [plan iscas99__b22] [plan] step=788 node=N15071 type=observe q_pred_context=2.193077 sequence=2484.068322
[typed-five/b22_C] [plan iscas99__b22] [plan] step=789 node=N15069 type=observe q_pred_context=2.207810 sequence=2486.276132
[typed-five/b22_C] [plan iscas99__b22] [plan] step=790 node=N15075 type=observe q_pred_context=2.237925 sequence=2488.514057
[typed-five/b22_C] [plan iscas99__b22] [plan] step=791 node=N9543 type=control0 q_pred_context=2.502334 sequence=2491.016391
[typed-five/b22_C] [plan iscas99__b22] [plan] step=792 node=N28634 type=control0 q_pred_context=6.173371 sequence=2497.189763
[typed-five/b22_C] [plan iscas99__b22] [plan] step=793 node=N15066 type=observe q_pred_context=6.038260 sequence=2503.228023
[typed-five/b22_C] [plan iscas99__b22] [plan] step=794 node=N15344 type=control0 q_pred_context=3.388115 sequence=2506.616138
[typed-five/b22_C] [plan iscas99__b22] [plan] step=795 node=N4331 type=control0 q_pred_context=8.045533 sequence=2514.661671
[typed-five/b22_C] [plan iscas99__b22] [plan] step=796 node=N4439 type=observe q_pred_context=5.802428 sequence=2520.464099
[typed-five/b22_C] [plan iscas99__b22] [plan] step=797 node=N15295 type=control0 q_pred_context=7.363739 sequence=2527.827838
[typed-five/b22_C] [plan iscas99__b22] [plan] step=798 node=N10503 type=control0 q_pred_context=6.524615 sequence=2534.352453
[typed-five/b22_C] [plan iscas99__b22] [plan] step=799 node=N28462 type=control0 q_pred_context=6.482267 sequence=2540.834721
[typed-five/b22_C] [plan iscas99__b22] [plan] step=800 node=N18386 type=observe q_pred_context=5.667749 sequence=2546.502469
[typed-five/b22_C] [plan iscas99__b22] [plan] step=801 node=N2152 type=control0 q_pred_context=5.642625 sequence=2552.145094
[typed-five/b22_C] [plan iscas99__b22] [plan] step=802 node=N15160 type=control0 q_pred_context=6.366516 sequence=2558.511610
[typed-five/b22_C] [plan iscas99__b22] [plan] step=803 node=N15052 type=observe q_pred_context=3.061453 sequence=2561.573063
[typed-five/b22_C] [plan iscas99__b22] [plan] step=804 node=N15582 type=control0 q_pred_context=7.970215 sequence=2569.543278
[typed-five/b22_C] [plan iscas99__b22] [plan] step=805 node=N1572 type=control0 q_pred_context=7.268341 sequence=2576.811618
[typed-five/b22_C] [plan iscas99__b22] [plan] step=806 node=N14334 type=observe q_pred_context=5.637555 sequence=2582.449173
[typed-five/b22_C] [plan iscas99__b22] [plan] step=807 node=N15407 type=control0 q_pred_context=7.384411 sequence=2589.833584
[typed-five/b22_C] [plan iscas99__b22] [plan] step=808 node=N15063 type=observe q_pred_context=5.416165 sequence=2595.249749
[typed-five/b22_C] [plan iscas99__b22] [plan] step=809 node=N1517 type=control0 q_pred_context=7.174619 sequence=2602.424368
[typed-five/b22_C] [plan iscas99__b22] [plan] step=810 node=N12331 type=control0 q_pred_context=5.871905 sequence=2608.296273
[typed-five/b22_C] [plan iscas99__b22] [plan] step=811 node=N15061 type=observe q_pred_context=3.373261 sequence=2611.669534
[typed-five/b22_C] [plan iscas99__b22] [plan] step=812 node=N10400 type=control0 q_pred_context=7.599557 sequence=2619.269091
[typed-five/b22_C] [plan iscas99__b22] [plan] step=813 node=N24222 type=control0 q_pred_context=4.398079 sequence=2623.667170
[typed-five/b22_C] [plan iscas99__b22] [plan] step=814 node=N1515 type=control0 q_pred_context=2.196959 sequence=2625.864129
[typed-five/b22_C] [plan iscas99__b22] [plan] step=815 node=N24161 type=control0 q_pred_context=2.072228 sequence=2627.936358
[typed-five/b22_C] [plan iscas99__b22] [plan] step=816 node=N21655 type=control0 q_pred_context=2.711075 sequence=2630.647433
[typed-five/b22_C] [plan iscas99__b22] [plan] step=817 node=N26402 type=control1 q_pred_context=1.942878 sequence=2632.590311
[typed-five/b22_C] [plan iscas99__b22] [plan] step=818 node=N13001 type=control1 q_pred_context=5.255210 sequence=2637.845521
[typed-five/b22_C] [plan iscas99__b22] [plan] step=819 node=N24180 type=control0 q_pred_context=6.238154 sequence=2644.083675
[typed-five/b22_C] [plan iscas99__b22] [plan] step=820 node=N26395 type=control0 q_pred_context=2.252186 sequence=2646.335861
[typed-five/b22_C] [plan iscas99__b22] [plan] step=821 node=N4466 type=observe q_pred_context=1.592701 sequence=2647.928562
[typed-five/b22_C] [plan iscas99__b22] [plan] step=822 node=N15077 type=observe q_pred_context=3.853918 sequence=2651.782480
[typed-five/b22_C] [plan iscas99__b22] [plan] step=823 node=N15068 type=observe q_pred_context=3.879924 sequence=2655.662404
[typed-five/b22_C] [plan iscas99__b22] [plan] step=824 node=N26451 type=control0 q_pred_context=1.721215 sequence=2657.383619
[typed-five/b22_C] [plan iscas99__b22] [plan] step=825 node=N9640 type=control0 q_pred_context=2.751740 sequence=2660.135359
[typed-five/b22_C] [plan iscas99__b22] [plan] step=826 node=N15170 type=control0 q_pred_context=1.589573 sequence=2661.724932
[typed-five/b22_C] [plan iscas99__b22] [plan] step=827 node=N15135 type=control0 q_pred_context=1.320144 sequence=2663.045076
[typed-five/b22_C] [plan iscas99__b22] [plan] step=828 node=N15245 type=control0 q_pred_context=1.880758 sequence=2664.925834
[typed-five/b22_C] [plan iscas99__b22] [plan] step=829 node=N15201 type=control0 q_pred_context=2.564024 sequence=2667.489858
[typed-five/b22_C] [plan iscas99__b22] [plan] step=830 node=N24123 type=control1 q_pred_context=5.196203 sequence=2672.686061
[typed-five/b22_C] [plan iscas99__b22] [plan] step=831 node=N15275 type=control0 q_pred_context=1.754808 sequence=2674.440870
[typed-five/b22_C] [plan iscas99__b22] [plan] step=832 node=N20851 type=control1 q_pred_context=4.147946 sequence=2678.588815
[typed-five/b22_C] [plan iscas99__b22] [plan] step=833 node=N28552 type=control0 q_pred_context=1.896195 sequence=2680.485010
[typed-five/b22_C] [plan iscas99__b22] [plan] step=834 node=N15199 type=control0 q_pred_context=1.776306 sequence=2682.261316
[typed-five/b22_C] [plan iscas99__b22] [plan] step=835 node=N24152 type=control0 q_pred_context=2.467562 sequence=2684.728878
[typed-five/b22_C] [plan iscas99__b22] [plan] step=836 node=N15422 type=control0 q_pred_context=3.088867 sequence=2687.817745
[typed-five/b22_C] [plan iscas99__b22] [plan] step=837 node=N15254 type=control0 q_pred_context=4.317843 sequence=2692.135588
[typed-five/b22_C] [plan iscas99__b22] [plan] step=838 node=N21709 type=control0 q_pred_context=4.988661 sequence=2697.124249
[typed-five/b22_C] [plan iscas99__b22] [plan] step=839 node=N20850 type=control1 q_pred_context=4.595645 sequence=2701.719894
[typed-five/b22_C] [plan iscas99__b22] [plan] step=840 node=N21973 type=control1 q_pred_context=3.686310 sequence=2705.406204
[typed-five/b22_C] [plan iscas99__b22] [plan] step=841 node=N2031 type=control0 q_pred_context=2.245313 sequence=2707.651517
[typed-five/b22_C] [plan iscas99__b22] [plan] step=842 node=N24027 type=control0 q_pred_context=1.140832 sequence=2708.792350
[typed-five/b22_C] [plan iscas99__b22] [plan] step=843 node=N19851 type=control1 q_pred_context=1.095674 sequence=2709.888024
[typed-five/b22_C] [plan iscas99__b22] [plan] step=844 node=N24025 type=control0 q_pred_context=1.468808 sequence=2711.356832
[typed-five/b22_C] [plan iscas99__b22] [plan] step=845 node=N24016 type=control0 q_pred_context=1.178324 sequence=2712.535156
[typed-five/b22_C] [plan iscas99__b22] [plan] step=846 node=N21919 type=control0 q_pred_context=1.292379 sequence=2713.827535
[typed-five/b22_C] [plan iscas99__b22] [plan] step=847 node=N5292 type=observe q_pred_context=0.860049 sequence=2714.687584
[typed-five/b22_C] [plan iscas99__b22] [plan] step=848 node=N5290 type=observe q_pred_context=1.497972 sequence=2716.185555
[typed-five/b22_C] [plan iscas99__b22] [plan] step=849 node=N1257 type=observe q_pred_context=4.598359 sequence=2720.783914
[typed-five/b22_C] [plan iscas99__b22] [plan] step=850 node=N1265 type=observe q_pred_context=3.881353 sequence=2724.665267
[typed-five/b22_C] [plan iscas99__b22] [plan] step=851 node=N1268 type=observe q_pred_context=2.753927 sequence=2727.419193
[typed-five/b22_C] [plan iscas99__b22] [plan] step=852 node=N15059 type=observe q_pred_context=1.731833 sequence=2729.151027
[typed-five/b22_C] [plan iscas99__b22] [plan] step=853 node=N1267 type=observe q_pred_context=1.641515 sequence=2730.792542
[typed-five/b22_C] [plan iscas99__b22] [plan] step=854 node=N1269 type=observe q_pred_context=1.652835 sequence=2732.445376
[typed-five/b22_C] [plan iscas99__b22] [plan] step=855 node=N15076 type=observe q_pred_context=1.699096 sequence=2734.144472
[typed-five/b22_C] [plan iscas99__b22] [plan] step=856 node=N10103 type=control0 q_pred_context=1.912188 sequence=2736.056660
[typed-five/b22_C] [plan iscas99__b22] [plan] step=857 node=N10110 type=control0 q_pred_context=1.996667 sequence=2738.053328
[typed-five/b22_C] [plan iscas99__b22] [plan] step=858 node=N15078 type=observe q_pred_context=2.320828 sequence=2740.374155
[typed-five/b22_C] [plan iscas99__b22] [plan] step=859 node=N10117 type=control0 q_pred_context=2.493917 sequence=2742.868072
[typed-five/b22_C] [plan iscas99__b22] [plan] step=860 node=N1263 type=observe q_pred_context=2.261024 sequence=2745.129096
[typed-five/b22_C] [plan iscas99__b22] [plan] step=861 node=N10124 type=control0 q_pred_context=4.008496 sequence=2749.137592
[typed-five/b22_C] [plan iscas99__b22] [plan] step=862 node=N10131 type=control0 q_pred_context=6.057896 sequence=2755.195487
[typed-five/b22_C] [plan iscas99__b22] [plan] step=863 node=N10138 type=control0 q_pred_context=3.795801 sequence=2758.991289
[typed-five/b22_C] [plan iscas99__b22] [plan] step=864 node=N10145 type=control0 q_pred_context=4.127557 sequence=2763.118846
[typed-five/b22_C] [plan iscas99__b22] [plan] step=865 node=N10152 type=control0 q_pred_context=2.739992 sequence=2765.858837
[typed-five/b22_C] [plan iscas99__b22] [plan] step=866 node=N10159 type=control0 q_pred_context=2.090834 sequence=2767.949672
[typed-five/b22_C] [plan iscas99__b22] [plan] step=867 node=N10166 type=control0 q_pred_context=1.760508 sequence=2769.710180
[typed-five/b22_C] [plan iscas99__b22] [plan] step=868 node=N10173 type=control0 q_pred_context=1.414350 sequence=2771.124529
[typed-five/b22_C] [plan iscas99__b22] [plan] step=869 node=N10178 type=control0 q_pred_context=1.155985 sequence=2772.280515
[typed-five/b22_C] [plan iscas99__b22] [plan] step=870 node=N21972 type=control1 q_pred_context=3.532236 sequence=2775.812751
[typed-five/b22_C] [plan iscas99__b22] [plan] step=871 node=N10180 type=control0 q_pred_context=1.725389 sequence=2777.538140
[typed-five/b22_C] [plan iscas99__b22] [plan] step=872 node=N10182 type=control0 q_pred_context=1.422342 sequence=2778.960483
[typed-five/b22_C] [plan iscas99__b22] [plan] step=873 node=N18488 type=observe q_pred_context=1.191265 sequence=2780.151748
[typed-five/b22_C] [plan iscas99__b22] [plan] step=874 node=N2091 type=observe q_pred_context=6.343670 sequence=2786.495418
[typed-five/b22_C] [plan iscas99__b22] [plan] step=875 node=N15062 type=observe q_pred_context=3.629652 sequence=2790.125070
[typed-five/b22_C] [plan iscas99__b22] [plan] step=876 node=N15055 type=observe q_pred_context=2.642902 sequence=2792.767972
[typed-five/b22_C] [plan iscas99__b22] [plan] step=877 node=N2094 type=observe q_pred_context=1.257313 sequence=2794.025285
[typed-five/b22_C] [plan iscas99__b22] [plan] step=878 node=N15065 type=observe q_pred_context=2.543448 sequence=2796.568733
[typed-five/b22_C] [plan iscas99__b22] [plan] step=879 node=N7522 type=observe q_pred_context=1.292082 sequence=2797.860815
[typed-five/b22_C] [plan iscas99__b22] [plan] step=880 node=N7482 type=observe q_pred_context=5.303564 sequence=2803.164379
[typed-five/b22_C] [plan iscas99__b22] [plan] step=881 node=N15054 type=observe q_pred_context=1.447114 sequence=2804.611494
[typed-five/b22_C] [plan iscas99__b22] [plan] step=882 node=N7485 type=observe q_pred_context=3.696097 sequence=2808.307591
[typed-five/b22_C] [plan iscas99__b22] [plan] step=883 node=N7491 type=observe q_pred_context=3.510637 sequence=2811.818228
[typed-five/b22_C] [plan iscas99__b22] [plan] step=884 node=N7494 type=observe q_pred_context=3.907465 sequence=2815.725693
[typed-five/b22_C] [plan iscas99__b22] [plan] step=885 node=N7497 type=observe q_pred_context=5.046430 sequence=2820.772123
[typed-five/b22_C] [plan iscas99__b22] [plan] step=886 node=N15064 type=observe q_pred_context=2.323346 sequence=2823.095470
[typed-five/b22_C] [plan iscas99__b22] [plan] step=887 node=N10096 type=control0 q_pred_context=2.011908 sequence=2825.107378
[typed-five/b22_C] [plan iscas99__b22] [plan] step=888 node=N10184 type=control0 q_pred_context=3.102282 sequence=2828.209660
[typed-five/b22_C] [plan iscas99__b22] [plan] step=889 node=N10186 type=control0 q_pred_context=6.707505 sequence=2834.917165
[typed-five/b22_C] [plan iscas99__b22] [plan] step=890 node=N10188 type=control0 q_pred_context=5.205919 sequence=2840.123084
[typed-five/b22_C] [plan iscas99__b22] [plan] step=891 node=N10190 type=control0 q_pred_context=5.916543 sequence=2846.039627
[typed-five/b22_C] [plan iscas99__b22] [plan] step=892 node=N10192 type=control0 q_pred_context=7.428677 sequence=2853.468303
[typed-five/b22_C] [plan iscas99__b22] [plan] step=893 node=N10194 type=control0 q_pred_context=7.417658 sequence=2860.885961
[typed-five/b22_C] [plan iscas99__b22] [plan] step=894 node=N10196 type=control0 q_pred_context=7.189706 sequence=2868.075668
[typed-five/b22_C] [plan iscas99__b22] [plan] step=895 node=N10089 type=control0 q_pred_context=5.747543 sequence=2873.823211
[typed-five/b22_C] [plan iscas99__b22] [plan] step=896 node=N10082 type=control0 q_pred_context=6.698584 sequence=2880.521795
[typed-five/b22_C] [plan iscas99__b22] [plan] step=897 node=N7509 type=observe q_pred_context=5.766216 sequence=2886.288012
[typed-five/b22_C] [plan iscas99__b22] [plan] step=898 node=N10075 type=control0 q_pred_context=3.067256 sequence=2889.355268
[typed-five/b22_C] [plan iscas99__b22] [plan] step=899 node=N10068 type=control0 q_pred_context=3.738719 sequence=2893.093987
[typed-five/b22_C] [plan iscas99__b22] [plan] step=900 node=N24203 type=control0 q_pred_context=2.671695 sequence=2895.765682
[typed-five/b22_C] [plan iscas99__b22] [plan] step=901 node=N21893 type=control0 q_pred_context=2.356477 sequence=2898.122158
[typed-five/b22_C] [plan iscas99__b22] [plan] step=902 node=N10200 type=control0 q_pred_context=2.939691 sequence=2901.061849
[typed-five/b22_C] [plan iscas99__b22] [plan] step=903 node=N21979 type=control1 q_pred_context=5.410403 sequence=2906.472253
[typed-five/b22_C] [plan iscas99__b22] [plan] step=904 node=N10202 type=control0 q_pred_context=1.671312 sequence=2908.143565
[typed-five/b22_C] [plan iscas99__b22] [plan] step=905 node=N10206 type=control0 q_pred_context=1.741319 sequence=2909.884884
[typed-five/b22_C] [plan iscas99__b22] [plan] step=906 node=N10208 type=control0 q_pred_context=2.215796 sequence=2912.100679
[typed-five/b22_C] [plan iscas99__b22] [plan] step=907 node=N21978 type=control1 q_pred_context=3.080197 sequence=2915.180877
[typed-five/b22_C] [plan iscas99__b22] [plan] step=908 node=N10210 type=control0 q_pred_context=2.584468 sequence=2917.765344
[typed-five/b22_C] [plan iscas99__b22] [plan] step=909 node=N10212 type=control0 q_pred_context=1.826819 sequence=2919.592163
[typed-five/b22_C] [plan iscas99__b22] [plan] step=910 node=N4478 type=observe q_pred_context=1.680379 sequence=2921.272542
[typed-five/b22_C] [plan iscas99__b22] [plan] step=911 node=N10214 type=control0 q_pred_context=2.220947 sequence=2923.493489
[typed-five/b22_C] [plan iscas99__b22] [plan] step=912 node=N5299 type=observe q_pred_context=4.012023 sequence=2927.505512
[typed-five/b22_C] [plan iscas99__b22] [plan] step=913 node=N7053 type=observe q_pred_context=2.649446 sequence=2930.154958
[typed-five/b22_C] [plan iscas99__b22] [plan] step=914 node=N10216 type=control0 q_pred_context=2.358350 sequence=2932.513307
[typed-five/b22_C] [plan iscas99__b22] [plan] step=915 node=N10218 type=control0 q_pred_context=1.999744 sequence=2934.513052
[typed-five/b22_C] [plan iscas99__b22] saved=autoresearch/loop-260720-0945/typed_winner_round1_five/b22_C/plans/iscas99__b22__greedy__cumulative__q_pred_context__bw1__d1__c48__g1p0__candhard_fault_cluster__div0p0__s0.csv
[typed-five/b22_C] [gmean] 2026-07-20T16:28:21 [1/1] plan_done benchmark=iscas99__b22 plan_sec=1214.896 plan_csv=autoresearch/loop-260720-0945/typed_winner_round1_five/b22_C/plans/iscas99__b22__greedy__cumulative__q_pred_context__bw1__d1__c48__g1p0__candhard_fault_cluster__div0p0__s0.csv
[typed-five/b22_C] [gmean] 2026-07-20T16:28:21 [1/1] eval_start benchmark=iscas99__b22 backend=atalanta-bist patterns=300000
[typed-five/b22_C] [eval iscas99__b22] {
[typed-five/b22_C] [eval iscas99__b22]   "records": 2,
[typed-five/b22_C] [eval iscas99__b22]   "labels_csv": "autoresearch/loop-260720-0945/typed_winner_round1_five/b22_C/evals/iscas99__b22__greedy__cumulative__q_pred_context__bw1__d1__c48__g1p0__candhard_fault_cluster__div0p0__s0/labels.csv",
[typed-five/b22_C] [eval iscas99__b22]   "summary_json": "autoresearch/loop-260720-0945/typed_winner_round1_five/b22_C/evals/iscas99__b22__greedy__cumulative__q_pred_context__bw1__d1__c48__g1p0__candhard_fault_cluster__div0p0__s0/summary.json"
[typed-five/b22_C] [eval iscas99__b22] }
[typed-five/b22_C] [gmean] 2026-07-20T16:28:38 [1/1] eval_done benchmark=iscas99__b22 delta_tc=0.026739999999999986 plan_sec=1214.896 eval_sec=17.356 total_sec=1232.294
[typed-five/b22_C] [gmean] 2026-07-20T16:28:38 variant_done id=greedy__cumulative__q_pred_context__bw1__d1__c48__g1p0__candhard_fault_cluster__div0p0__s0 status=ok macro=0.026739999999999986 positives=1 negatives=0 elapsed=1232.294
