[gmean] 2026-07-16T14:50:27 out_dir=autoresearch/improve-260716-1344/round3_b17/context_recall_c192
[gmean] 2026-07-16T14:50:27 budgets=iscas99__b17:994
[gmean] 2026-07-16T14:50:27 variant_start id=greedy__cumulative__q_pred_context__bw1__d1__c192__g1p0__candheuristic_recall_pool__div0p0__s0
[gmean] 2026-07-16T14:50:27 [1/1] plan_start benchmark=iscas99__b17 budget=994 planner=greedy score=q_pred_context
[plan iscas99__b17] [plan] candidate_allowlist=autoresearch/original-netlist-recovery-260712/exact_itc99/b17_C/exact_candidate_nodes.txt nodes=29334
[plan iscas99__b17] [plan] step=1 node=N26515 type=control1 q_pred_context=6.842089 sequence=6.842089
[plan iscas99__b17] [plan] step=2 node=N26514 type=control1 q_pred_context=4.584654 sequence=11.426743
[plan iscas99__b17] [plan] step=3 node=N26512 type=control1 q_pred_context=3.527755 sequence=14.954498
[plan iscas99__b17] [plan] step=4 node=N29495 type=control1 q_pred_context=2.986952 sequence=17.941450
[plan iscas99__b17] [plan] step=5 node=N27560 type=control0 q_pred_context=2.868854 sequence=20.810304
[plan iscas99__b17] [plan] step=6 node=N27585 type=control0 q_pred_context=2.788112 sequence=23.598416
[plan iscas99__b17] [plan] step=7 node=N27587 type=control0 q_pred_context=2.599139 sequence=26.197555
[plan iscas99__b17] [plan] step=8 node=N27589 type=control0 q_pred_context=2.989790 sequence=29.187345
[plan iscas99__b17] [plan] step=9 node=N27570 type=control0 q_pred_context=2.986654 sequence=32.174000
[plan iscas99__b17] [plan] step=10 node=N26792 type=control0 q_pred_context=2.981180 sequence=35.155180
[plan iscas99__b17] [plan] step=11 node=N26771 type=control0 q_pred_context=3.490076 sequence=38.645256
[plan iscas99__b17] [plan] step=12 node=N26773 type=control0 q_pred_context=3.552609 sequence=42.197865
[plan iscas99__b17] [plan] step=13 node=N26775 type=control0 q_pred_context=3.264188 sequence=45.462052
[plan iscas99__b17] [plan] step=14 node=N27608 type=observe q_pred_context=4.418834 sequence=49.880887
[plan iscas99__b17] [plan] step=15 node=N26782 type=control0 q_pred_context=3.570937 sequence=53.451824
[plan iscas99__b17] [plan] step=16 node=N26784 type=control0 q_pred_context=4.137298 sequence=57.589122
[plan iscas99__b17] [plan] step=17 node=N7632 type=observe q_pred_context=3.721476 sequence=61.310598
[plan iscas99__b17] [plan] step=18 node=N26786 type=control0 q_pred_context=2.373336 sequence=63.683934
[plan iscas99__b17] [plan] step=19 node=N26788 type=control0 q_pred_context=1.884270 sequence=65.568204
[plan iscas99__b17] [plan] step=20 node=N26790 type=control0 q_pred_context=2.282855 sequence=67.851059
[plan iscas99__b17] [plan] step=21 node=N26794 type=control0 q_pred_context=2.975965 sequence=70.827024
[plan iscas99__b17] [plan] step=22 node=N9217 type=observe q_pred_context=2.899171 sequence=73.726195
[plan iscas99__b17] [plan] step=23 node=N26796 type=control0 q_pred_context=2.539588 sequence=76.265783
[plan iscas99__b17] [plan] step=24 node=N27572 type=control0 q_pred_context=2.614231 sequence=78.880014
[plan iscas99__b17] [plan] step=25 node=N7642 type=observe q_pred_context=2.618825 sequence=81.498839
[plan iscas99__b17] [plan] step=26 node=N28857 type=control0 q_pred_context=2.797761 sequence=84.296600
[plan iscas99__b17] [plan] step=27 node=N28859 type=control0 q_pred_context=3.256880 sequence=87.553479
[plan iscas99__b17] [plan] step=28 node=N7931 type=observe q_pred_context=1.997073 sequence=89.550552
[plan iscas99__b17] [plan] step=29 node=N28861 type=control0 q_pred_context=2.883639 sequence=92.434191
[plan iscas99__b17] [plan] step=30 node=N3778 type=observe q_pred_context=2.068762 sequence=94.502953
[plan iscas99__b17] [plan] step=31 node=N27568 type=control0 q_pred_context=2.357816 sequence=96.860769
[plan iscas99__b17] [plan] step=32 node=N28863 type=control0 q_pred_context=3.270328 sequence=100.131097
[plan iscas99__b17] [plan] step=33 node=N7937 type=observe q_pred_context=2.462263 sequence=102.593360
[plan iscas99__b17] [plan] step=34 node=N26769 type=control0 q_pred_context=2.318736 sequence=104.912096
[plan iscas99__b17] [plan] step=35 node=N7936 type=observe q_pred_context=2.678720 sequence=107.590816
[plan iscas99__b17] [plan] step=36 node=N7935 type=observe q_pred_context=2.849674 sequence=110.440490
[plan iscas99__b17] [plan] step=37 node=N28871 type=control0 q_pred_context=3.381581 sequence=113.822071
[plan iscas99__b17] [plan] step=38 node=N28873 type=control0 q_pred_context=3.532495 sequence=117.354566
[plan iscas99__b17] [plan] step=39 node=N28875 type=control0 q_pred_context=4.975879 sequence=122.330445
[plan iscas99__b17] [plan] step=40 node=N9778 type=control0 q_pred_context=5.015727 sequence=127.346172
[plan iscas99__b17] [plan] step=41 node=N27551 type=control0 q_pred_context=5.905253 sequence=133.251424
[plan iscas99__b17] [plan] step=42 node=N28869 type=control0 q_pred_context=5.849430 sequence=139.100854
[plan iscas99__b17] [plan] step=43 node=N7932 type=observe q_pred_context=5.761906 sequence=144.862760
[plan iscas99__b17] [plan] step=44 node=N28853 type=control0 q_pred_context=4.603233 sequence=149.465994
[plan iscas99__b17] [plan] step=45 node=N28865 type=control0 q_pred_context=5.712892 sequence=155.178886
[plan iscas99__b17] [plan] step=46 node=N31203 type=control0 q_pred_context=6.153039 sequence=161.331925
[plan iscas99__b17] [plan] step=47 node=N31207 type=control0 q_pred_context=7.917868 sequence=169.249793
[plan iscas99__b17] [plan] step=48 node=N31209 type=control0 q_pred_context=7.959842 sequence=177.209635
[plan iscas99__b17] [plan] step=49 node=N31201 type=control0 q_pred_context=7.831357 sequence=185.040992
[plan iscas99__b17] [plan] step=50 node=N27509 type=control0 q_pred_context=7.821790 sequence=192.862781
[plan iscas99__b17] [plan] step=51 node=N2723 type=control0 q_pred_context=7.860336 sequence=200.723118
[plan iscas99__b17] [plan] step=52 node=N7934 type=observe q_pred_context=7.347818 sequence=208.070936
[plan iscas99__b17] [plan] step=53 node=N31211 type=control0 q_pred_context=8.100000 sequence=216.170936
[plan iscas99__b17] [plan] step=54 node=N7933 type=observe q_pred_context=7.391706 sequence=223.562642
[plan iscas99__b17] [plan] step=55 node=N27562 type=control0 q_pred_context=7.868486 sequence=231.431128
[plan iscas99__b17] [plan] step=56 node=N31219 type=control0 q_pred_context=7.227727 sequence=238.658855
[plan iscas99__b17] [plan] step=57 node=N26654 type=control0 q_pred_context=7.333177 sequence=245.992032
[plan iscas99__b17] [plan] step=58 node=N27566 type=control0 q_pred_context=7.546781 sequence=253.538813
[plan iscas99__b17] [plan] step=59 node=N27564 type=control0 q_pred_context=8.100000 sequence=261.638813
[plan iscas99__b17] [plan] step=60 node=N27574 type=control0 q_pred_context=8.100000 sequence=269.738813
[plan iscas99__b17] [plan] step=61 node=N2858 type=control0 q_pred_context=7.754472 sequence=277.493285
[plan iscas99__b17] [plan] step=62 node=N27576 type=control0 q_pred_context=7.615147 sequence=285.108432
[plan iscas99__b17] [plan] step=63 node=N27578 type=control0 q_pred_context=7.291443 sequence=292.399875
[plan iscas99__b17] [plan] step=64 node=N31238 type=control0 q_pred_context=7.243492 sequence=299.643368
[plan iscas99__b17] [plan] step=65 node=N31242 type=control0 q_pred_context=7.178954 sequence=306.822321
[plan iscas99__b17] [plan] step=66 node=N31215 type=control0 q_pred_context=7.139683 sequence=313.962005
[plan iscas99__b17] [plan] step=67 node=N31246 type=control0 q_pred_context=7.116053 sequence=321.078057
[plan iscas99__b17] [plan] step=68 node=N27507 type=control0 q_pred_context=7.162623 sequence=328.240680
[plan iscas99__b17] [plan] step=69 node=N29578 type=control0 q_pred_context=7.154768 sequence=335.395448
[plan iscas99__b17] [plan] step=70 node=N31234 type=control0 q_pred_context=6.357953 sequence=341.753401
[plan iscas99__b17] [plan] step=71 node=N31236 type=control0 q_pred_context=6.152047 sequence=347.905449
[plan iscas99__b17] [plan] step=72 node=N31240 type=control0 q_pred_context=5.999326 sequence=353.904775
[plan iscas99__b17] [plan] step=73 node=N31244 type=control0 q_pred_context=5.582005 sequence=359.486780
[plan iscas99__b17] [plan] step=74 node=N28827 type=control0 q_pred_context=5.599120 sequence=365.085900
[plan iscas99__b17] [plan] step=75 node=N28825 type=control0 q_pred_context=4.327347 sequence=369.413247
[plan iscas99__b17] [plan] step=76 node=N31221 type=control0 q_pred_context=3.948952 sequence=373.362199
[plan iscas99__b17] [plan] step=77 node=N31225 type=control0 q_pred_context=4.135996 sequence=377.498195
[plan iscas99__b17] [plan] step=78 node=N27347 type=control1 q_pred_context=3.670466 sequence=381.168661
[plan iscas99__b17] [plan] step=79 node=N31217 type=control0 q_pred_context=2.776138 sequence=383.944799
[plan iscas99__b17] [plan] step=80 node=N31213 type=control0 q_pred_context=2.423782 sequence=386.368580
[plan iscas99__b17] [plan] step=81 node=N29418 type=control0 q_pred_context=2.224696 sequence=388.593276
[plan iscas99__b17] [plan] step=82 node=N28839 type=control0 q_pred_context=2.023678 sequence=390.616954
[plan iscas99__b17] [plan] step=83 node=N28837 type=control0 q_pred_context=2.106487 sequence=392.723441
[plan iscas99__b17] [plan] step=84 node=N28841 type=control0 q_pred_context=2.073266 sequence=394.796707
[plan iscas99__b17] [plan] step=85 node=N28835 type=control0 q_pred_context=2.006023 sequence=396.802730
[plan iscas99__b17] [plan] step=86 node=N27348 type=control1 q_pred_context=1.917160 sequence=398.719889
[plan iscas99__b17] [plan] step=87 node=N26510 type=control1 q_pred_context=1.412014 sequence=400.131904
[plan iscas99__b17] [plan] step=88 node=N27350 type=control1 q_pred_context=1.447853 sequence=401.579757
[plan iscas99__b17] [plan] step=89 node=N27352 type=control1 q_pred_context=1.552624 sequence=403.132381
[plan iscas99__b17] [plan] step=90 node=N27366 type=control1 q_pred_context=2.170270 sequence=405.302651
[plan iscas99__b17] [plan] step=91 node=N27363 type=control1 q_pred_context=2.103169 sequence=407.405820
[plan iscas99__b17] [plan] step=92 node=N26516 type=control1 q_pred_context=2.009330 sequence=409.415151
[plan iscas99__b17] [plan] step=93 node=N28743 type=control0 q_pred_context=2.031660 sequence=411.446811
[plan iscas99__b17] [plan] step=94 node=N28833 type=control0 q_pred_context=1.672571 sequence=413.119382
[plan iscas99__b17] [plan] step=95 node=N28744 type=control0 q_pred_context=1.641959 sequence=414.761341
[plan iscas99__b17] [plan] step=96 node=N28831 type=control0 q_pred_context=1.513247 sequence=416.274588
[plan iscas99__b17] [plan] step=97 node=N28745 type=control0 q_pred_context=1.617131 sequence=417.891719
[plan iscas99__b17] [plan] step=98 node=N28746 type=control0 q_pred_context=3.387445 sequence=421.279164
[plan iscas99__b17] [plan] step=99 node=N28747 type=control0 q_pred_context=3.301354 sequence=424.580518
[plan iscas99__b17] [plan] step=100 node=N27591 type=control0 q_pred_context=3.208202 sequence=427.788720
[plan iscas99__b17] [plan] step=101 node=N28748 type=control0 q_pred_context=2.986391 sequence=430.775111
[plan iscas99__b17] [plan] step=102 node=N29422 type=control0 q_pred_context=2.486117 sequence=433.261228
[plan iscas99__b17] [plan] step=103 node=N27354 type=control1 q_pred_context=2.847994 sequence=436.109222
[plan iscas99__b17] [plan] step=104 node=N28750 type=control0 q_pred_context=2.985646 sequence=439.094868
[plan iscas99__b17] [plan] step=105 node=N31223 type=control0 q_pred_context=2.959667 sequence=442.054534
[plan iscas99__b17] [plan] step=106 node=N31248 type=control0 q_pred_context=2.916960 sequence=444.971494
[plan iscas99__b17] [plan] step=107 node=N28749 type=control0 q_pred_context=2.934499 sequence=447.905994
[plan iscas99__b17] [plan] step=108 node=N28773 type=control0 q_pred_context=2.814983 sequence=450.720977
[plan iscas99__b17] [plan] step=109 node=N3856 type=observe q_pred_context=2.641139 sequence=453.362116
[plan iscas99__b17] [plan] step=110 node=N29423 type=control0 q_pred_context=2.371007 sequence=455.733123
[plan iscas99__b17] [plan] step=111 node=N28751 type=control0 q_pred_context=2.473202 sequence=458.206325
[plan iscas99__b17] [plan] step=112 node=N26504 type=control1 q_pred_context=2.546972 sequence=460.753296
[plan iscas99__b17] [plan] step=113 node=N27439 type=observe q_pred_context=2.353195 sequence=463.106491
[plan iscas99__b17] [plan] step=114 node=N29390 type=control0 q_pred_context=2.186661 sequence=465.293152
[plan iscas99__b17] [plan] step=115 node=N28829 type=control0 q_pred_context=2.336082 sequence=467.629234
[plan iscas99__b17] [plan] step=116 node=N27346 type=control1 q_pred_context=2.498433 sequence=470.127667
[plan iscas99__b17] [plan] step=117 node=N29526 type=control0 q_pred_context=2.463531 sequence=472.591198
[plan iscas99__b17] [plan] step=118 node=N29372 type=control0 q_pred_context=2.583604 sequence=475.174802
[plan iscas99__b17] [plan] step=119 node=N26505 type=control1 q_pred_context=3.284262 sequence=478.459063
[plan iscas99__b17] [plan] step=120 node=N29679 type=control0 q_pred_context=2.184690 sequence=480.643754
[plan iscas99__b17] [plan] step=121 node=N29456 type=control0 q_pred_context=2.927504 sequence=483.571257
[plan iscas99__b17] [plan] step=122 node=N26503 type=control1 q_pred_context=1.844366 sequence=485.415623
[plan iscas99__b17] [plan] step=123 node=N27359 type=control1 q_pred_context=1.870645 sequence=487.286267
[plan iscas99__b17] [plan] step=124 node=N29371 type=control0 q_pred_context=1.743619 sequence=489.029886
[plan iscas99__b17] [plan] step=125 node=N26506 type=control1 q_pred_context=1.580596 sequence=490.610483
[plan iscas99__b17] [plan] step=126 node=N30926 type=control0 q_pred_context=1.630311 sequence=492.240794
[plan iscas99__b17] [plan] step=127 node=N26502 type=control1 q_pred_context=1.616581 sequence=493.857374
[plan iscas99__b17] [plan] step=128 node=N30921 type=control0 q_pred_context=1.646450 sequence=495.503824
[plan iscas99__b17] [plan] step=129 node=N26509 type=control1 q_pred_context=1.626338 sequence=497.130161
[plan iscas99__b17] [plan] step=130 node=N30925 type=control0 q_pred_context=1.550105 sequence=498.680266
[plan iscas99__b17] [plan] step=131 node=N30927 type=control0 q_pred_context=1.686820 sequence=500.367086
[plan iscas99__b17] [plan] step=132 node=N27351 type=control1 q_pred_context=1.715578 sequence=502.082664
[plan iscas99__b17] [plan] step=133 node=N26511 type=control1 q_pred_context=1.570760 sequence=503.653423
[plan iscas99__b17] [plan] step=134 node=N19326 type=observe q_pred_context=1.303161 sequence=504.956584
[plan iscas99__b17] [plan] step=135 node=N30928 type=control0 q_pred_context=1.627626 sequence=506.584210
[plan iscas99__b17] [plan] step=136 node=N30922 type=control0 q_pred_context=1.631894 sequence=508.216104
[plan iscas99__b17] [plan] step=137 node=N30924 type=control0 q_pred_context=1.506226 sequence=509.722331
[plan iscas99__b17] [plan] step=138 node=N31051 type=control0 q_pred_context=1.549394 sequence=511.271724
[plan iscas99__b17] [plan] step=139 node=N27355 type=control1 q_pred_context=1.289670 sequence=512.561394
[plan iscas99__b17] [plan] step=140 node=N27358 type=control1 q_pred_context=1.334820 sequence=513.896214
[plan iscas99__b17] [plan] step=141 node=N30929 type=control0 q_pred_context=1.348377 sequence=515.244592
[plan iscas99__b17] [plan] step=142 node=N27349 type=control1 q_pred_context=1.345050 sequence=516.589641
[plan iscas99__b17] [plan] step=143 node=N31050 type=control0 q_pred_context=1.580726 sequence=518.170367
[plan iscas99__b17] [plan] step=144 node=N27353 type=control1 q_pred_context=1.330665 sequence=519.501032
[plan iscas99__b17] [plan] step=145 node=N30923 type=control0 q_pred_context=1.292766 sequence=520.793798
[plan iscas99__b17] [plan] step=146 node=N26518 type=control1 q_pred_context=1.352976 sequence=522.146774
[plan iscas99__b17] [plan] step=147 node=N29681 type=control0 q_pred_context=1.265255 sequence=523.412030
[plan iscas99__b17] [plan] step=148 node=N27356 type=control1 q_pred_context=1.211250 sequence=524.623279
[plan iscas99__b17] [plan] step=149 node=N27357 type=control1 q_pred_context=1.215857 sequence=525.839137
[plan iscas99__b17] [plan] step=150 node=N26513 type=control1 q_pred_context=1.203093 sequence=527.042230
[plan iscas99__b17] [plan] step=151 node=N31044 type=control0 q_pred_context=1.172558 sequence=528.214788
[plan iscas99__b17] [plan] step=152 node=N27593 type=control0 q_pred_context=1.200826 sequence=529.415614
[plan iscas99__b17] [plan] step=153 node=N31250 type=control0 q_pred_context=1.277146 sequence=530.692760
[plan iscas99__b17] [plan] step=154 node=N28877 type=control0 q_pred_context=1.225889 sequence=531.918649
[plan iscas99__b17] [plan] step=155 node=N30934 type=control0 q_pred_context=1.266971 sequence=533.185620
[plan iscas99__b17] [plan] step=156 node=N19325 type=observe q_pred_context=1.123039 sequence=534.308659
[plan iscas99__b17] [plan] step=157 node=N19340 type=observe q_pred_context=1.019662 sequence=535.328321
[plan iscas99__b17] [plan] step=158 node=N19339 type=observe q_pred_context=1.509980 sequence=536.838301
[plan iscas99__b17] [plan] step=159 node=N28843 type=control0 q_pred_context=1.723658 sequence=538.561959
[plan iscas99__b17] [plan] step=160 node=N26800 type=control0 q_pred_context=1.737071 sequence=540.299030
[plan iscas99__b17] [plan] step=161 node=N19315 type=observe q_pred_context=1.968274 sequence=542.267304
[plan iscas99__b17] [plan] step=162 node=N19338 type=observe q_pred_context=2.096896 sequence=544.364200
[plan iscas99__b17] [plan] step=163 node=N19337 type=observe q_pred_context=2.213247 sequence=546.577447
[plan iscas99__b17] [plan] step=164 node=N19336 type=observe q_pred_context=2.233741 sequence=548.811188
[plan iscas99__b17] [plan] step=165 node=N19318 type=observe q_pred_context=2.171218 sequence=550.982406
[plan iscas99__b17] [plan] step=166 node=N19317 type=observe q_pred_context=1.763204 sequence=552.745610
[plan iscas99__b17] [plan] step=167 node=N19316 type=observe q_pred_context=1.849278 sequence=554.594888
[plan iscas99__b17] [plan] step=168 node=N29439 type=observe q_pred_context=1.315442 sequence=555.910330
[plan iscas99__b17] [plan] step=169 node=N19314 type=observe q_pred_context=1.329491 sequence=557.239821
[plan iscas99__b17] [plan] step=170 node=N29683 type=control0 q_pred_context=1.532099 sequence=558.771921
[plan iscas99__b17] [plan] step=171 node=N31005 type=observe q_pred_context=1.956555 sequence=560.728476
[plan iscas99__b17] [plan] step=172 node=N31004 type=observe q_pred_context=1.736084 sequence=562.464559
[plan iscas99__b17] [plan] step=173 node=N31003 type=observe q_pred_context=1.924212 sequence=564.388771
[plan iscas99__b17] [plan] step=174 node=N29497 type=observe q_pred_context=1.521384 sequence=565.910155
[plan iscas99__b17] [plan] step=175 node=N26089 type=observe q_pred_context=1.551250 sequence=567.461405
[plan iscas99__b17] [plan] step=176 node=N31002 type=observe q_pred_context=1.577788 sequence=569.039193
[plan iscas99__b17] [plan] step=177 node=N3880 type=observe q_pred_context=1.697555 sequence=570.736749
[plan iscas99__b17] [plan] step=178 node=N19720 type=observe q_pred_context=1.783441 sequence=572.520189
[plan iscas99__b17] [plan] step=179 node=N19719 type=observe q_pred_context=1.953390 sequence=574.473580
[plan iscas99__b17] [plan] step=180 node=N22487 type=observe q_pred_context=1.879321 sequence=576.352900
[plan iscas99__b17] [plan] step=181 node=N19717 type=observe q_pred_context=1.970376 sequence=578.323276
[plan iscas99__b17] [plan] step=182 node=N19716 type=observe q_pred_context=1.947744 sequence=580.271020
[plan iscas99__b17] [plan] step=183 node=N14173 type=observe q_pred_context=1.641394 sequence=581.912414
[plan iscas99__b17] [plan] step=184 node=N26684 type=control0 q_pred_context=1.759299 sequence=583.671712
[plan iscas99__b17] [plan] step=185 node=N19715 type=observe q_pred_context=1.401997 sequence=585.073709
[plan iscas99__b17] [plan] step=186 node=N19714 type=observe q_pred_context=1.459424 sequence=586.533133
[plan iscas99__b17] [plan] step=187 node=N19713 type=observe q_pred_context=1.415421 sequence=587.948555
[plan iscas99__b17] [plan] step=188 node=N19718 type=observe q_pred_context=2.082181 sequence=590.030736
[plan iscas99__b17] [plan] step=189 node=N31121 type=control0 q_pred_context=1.980094 sequence=592.010830
[plan iscas99__b17] [plan] step=190 node=N19319 type=observe q_pred_context=1.335530 sequence=593.346360
[plan iscas99__b17] [plan] step=191 node=N13644 type=control0 q_pred_context=1.247840 sequence=594.594200
[plan iscas99__b17] [plan] step=192 node=N19321 type=observe q_pred_context=1.281021 sequence=595.875221
[plan iscas99__b17] [plan] step=193 node=N19324 type=observe q_pred_context=1.136398 sequence=597.011619
[plan iscas99__b17] [plan] step=194 node=N2891 type=observe q_pred_context=1.424424 sequence=598.436043
[plan iscas99__b17] [plan] step=195 node=N31045 type=control0 q_pred_context=1.581373 sequence=600.017416
[plan iscas99__b17] [plan] step=196 node=N29685 type=control0 q_pred_context=1.624238 sequence=601.641654
[plan iscas99__b17] [plan] step=197 node=N19320 type=observe q_pred_context=1.363925 sequence=603.005580
[plan iscas99__b17] [plan] step=198 node=N27597 type=control0 q_pred_context=2.227727 sequence=605.233307
[plan iscas99__b17] [plan] step=199 node=N19322 type=observe q_pred_context=1.477340 sequence=606.710647
[plan iscas99__b17] [plan] step=200 node=N19323 type=observe q_pred_context=1.204732 sequence=607.915378
[plan iscas99__b17] [plan] step=201 node=N2096 type=control1 q_pred_context=1.249565 sequence=609.164943
[plan iscas99__b17] [plan] step=202 node=N30930 type=control0 q_pred_context=1.190918 sequence=610.355861
[plan iscas99__b17] [plan] step=203 node=N24726 type=observe q_pred_context=1.187850 sequence=611.543711
[plan iscas99__b17] [plan] step=204 node=N29124 type=control0 q_pred_context=1.147743 sequence=612.691454
[plan iscas99__b17] [plan] step=205 node=N19331 type=observe q_pred_context=1.186641 sequence=613.878096
[plan iscas99__b17] [plan] step=206 node=N19332 type=observe q_pred_context=1.132213 sequence=615.010309
[plan iscas99__b17] [plan] step=207 node=N19334 type=observe q_pred_context=1.087722 sequence=616.098031
[plan iscas99__b17] [plan] step=208 node=N31052 type=control0 q_pred_context=1.642506 sequence=617.740537
[plan iscas99__b17] [plan] step=209 node=N28816 type=control1 q_pred_context=1.847270 sequence=619.587807
[plan iscas99__b17] [plan] step=210 node=N28153 type=observe q_pred_context=1.430289 sequence=621.018096
[plan iscas99__b17] [plan] step=211 node=N30931 type=control0 q_pred_context=1.813448 sequence=622.831545
[plan iscas99__b17] [plan] step=212 node=N27273 type=observe q_pred_context=2.453137 sequence=625.284681
[plan iscas99__b17] [plan] step=213 node=N2723 type=control1 q_pred_context=2.322774 sequence=627.607455
[plan iscas99__b17] [plan] step=214 node=N28817 type=control1 q_pred_context=2.126075 sequence=629.733530
[plan iscas99__b17] [plan] step=215 node=N28818 type=control1 q_pred_context=1.768454 sequence=631.501984
[plan iscas99__b17] [plan] step=216 node=N28819 type=control1 q_pred_context=1.687677 sequence=633.189661
[plan iscas99__b17] [plan] step=217 node=N18628 type=observe q_pred_context=1.843316 sequence=635.032977
[plan iscas99__b17] [plan] step=218 node=N28820 type=control1 q_pred_context=2.395966 sequence=637.428944
[plan iscas99__b17] [plan] step=219 node=N28821 type=control1 q_pred_context=2.188021 sequence=639.616965
[plan iscas99__b17] [plan] step=220 node=N27653 type=observe q_pred_context=1.751178 sequence=641.368143
[plan iscas99__b17] [plan] step=221 node=N2858 type=control1 q_pred_context=1.632158 sequence=643.000300
[plan iscas99__b17] [plan] step=222 node=N7950 type=observe q_pred_context=1.681821 sequence=644.682122
[plan iscas99__b17] [plan] step=223 node=N30933 type=control0 q_pred_context=1.272696 sequence=645.954817
[plan iscas99__b17] [plan] step=224 node=N31089 type=control1 q_pred_context=1.450954 sequence=647.405771
[plan iscas99__b17] [plan] step=225 node=N30932 type=control0 q_pred_context=1.324615 sequence=648.730386
[plan iscas99__b17] [plan] step=226 node=N29040 type=control0 q_pred_context=0.838656 sequence=649.569042
[plan iscas99__b17] [plan] step=227 node=N22341 type=observe q_pred_context=1.573050 sequence=651.142092
[plan iscas99__b17] [plan] step=228 node=N27250 type=observe q_pred_context=1.512169 sequence=652.654261
[plan iscas99__b17] [plan] step=229 node=N29398 type=control1 q_pred_context=1.515872 sequence=654.170132
[plan iscas99__b17] [plan] step=230 node=N29406 type=control1 q_pred_context=1.535602 sequence=655.705735
[plan iscas99__b17] [plan] step=231 node=N31080 type=control1 q_pred_context=1.586635 sequence=657.292370
[plan iscas99__b17] [plan] step=232 node=N31081 type=control1 q_pred_context=1.461207 sequence=658.753577
[plan iscas99__b17] [plan] step=233 node=N31082 type=control1 q_pred_context=1.449077 sequence=660.202654
[plan iscas99__b17] [plan] step=234 node=N31083 type=control1 q_pred_context=1.229431 sequence=661.432084
[plan iscas99__b17] [plan] step=235 node=N31078 type=control1 q_pred_context=1.528704 sequence=662.960788
[plan iscas99__b17] [plan] step=236 node=N31079 type=control1 q_pred_context=1.335809 sequence=664.296597
[plan iscas99__b17] [plan] step=237 node=N5798 type=observe q_pred_context=1.876460 sequence=666.173057
[plan iscas99__b17] [plan] step=238 node=N24724 type=observe q_pred_context=1.803212 sequence=667.976269
[plan iscas99__b17] [plan] step=239 node=N24722 type=observe q_pred_context=1.145993 sequence=669.122263
[plan iscas99__b17] [plan] step=240 node=N26298 type=observe q_pred_context=1.160192 sequence=670.282455
[plan iscas99__b17] [plan] step=241 node=N31084 type=control1 q_pred_context=1.441050 sequence=671.723505
[plan iscas99__b17] [plan] step=242 node=N24728 type=observe q_pred_context=1.223320 sequence=672.946825
[plan iscas99__b17] [plan] step=243 node=N5894 type=observe q_pred_context=1.101478 sequence=674.048303
[plan iscas99__b17] [plan] step=244 node=N26300 type=observe q_pred_context=1.595396 sequence=675.643699
[plan iscas99__b17] [plan] step=245 node=N31085 type=control1 q_pred_context=1.460272 sequence=677.103971
[plan iscas99__b17] [plan] step=246 node=N19371 type=observe q_pred_context=1.174914 sequence=678.278884
[plan iscas99__b17] [plan] step=247 node=N19727 type=observe q_pred_context=1.670677 sequence=679.949561
[plan iscas99__b17] [plan] step=248 node=N5317 type=observe q_pred_context=1.105664 sequence=681.055225
[plan iscas99__b17] [plan] step=249 node=N26299 type=observe q_pred_context=1.925921 sequence=682.981147
[plan iscas99__b17] [plan] step=250 node=N26284 type=observe q_pred_context=1.426244 sequence=684.407391
[plan iscas99__b17] [plan] step=251 node=N31088 type=control1 q_pred_context=1.196854 sequence=685.604245
[plan iscas99__b17] [plan] step=252 node=N29458 type=control0 q_pred_context=2.121601 sequence=687.725846
[plan iscas99__b17] [plan] step=253 node=N26326 type=observe q_pred_context=1.220869 sequence=688.946715
[plan iscas99__b17] [plan] step=254 node=N26283 type=observe q_pred_context=0.852273 sequence=689.798988
[plan iscas99__b17] [plan] step=255 node=N26339 type=observe q_pred_context=1.675232 sequence=691.474220
[plan iscas99__b17] [plan] step=256 node=N26333 type=observe q_pred_context=3.151034 sequence=694.625254
[plan iscas99__b17] [plan] step=257 node=N26346 type=observe q_pred_context=2.115984 sequence=696.741238
[plan iscas99__b17] [plan] step=258 node=N26332 type=observe q_pred_context=2.192298 sequence=698.933537
[plan iscas99__b17] [plan] step=259 node=N26353 type=observe q_pred_context=2.152508 sequence=701.086045
[plan iscas99__b17] [plan] step=260 node=N26354 type=observe q_pred_context=2.842581 sequence=703.928626
[plan iscas99__b17] [plan] step=261 node=N26360 type=observe q_pred_context=3.217104 sequence=707.145731
[plan iscas99__b17] [plan] step=262 node=N26361 type=observe q_pred_context=3.958210 sequence=711.103941
[plan iscas99__b17] [plan] step=263 node=N26367 type=observe q_pred_context=3.722743 sequence=714.826684
[plan iscas99__b17] [plan] step=264 node=N26347 type=observe q_pred_context=3.931255 sequence=718.757939
[plan iscas99__b17] [plan] step=265 node=N26374 type=observe q_pred_context=3.882080 sequence=722.640019
[plan iscas99__b17] [plan] step=266 node=N26368 type=observe q_pred_context=4.052439 sequence=726.692458
[plan iscas99__b17] [plan] step=267 node=N26381 type=observe q_pred_context=4.593819 sequence=731.286278
[plan iscas99__b17] [plan] step=268 node=N26382 type=observe q_pred_context=5.122336 sequence=736.408614
[plan iscas99__b17] [plan] step=269 node=N26340 type=observe q_pred_context=6.396803 sequence=742.805417
[plan iscas99__b17] [plan] step=270 node=N26375 type=observe q_pred_context=6.859326 sequence=749.664743
[plan iscas99__b17] [plan] step=271 node=N26388 type=observe q_pred_context=6.740347 sequence=756.405090
[plan iscas99__b17] [plan] step=272 node=N26389 type=observe q_pred_context=6.499071 sequence=762.904160
[plan iscas99__b17] [plan] step=273 node=N26400 type=observe q_pred_context=4.404683 sequence=767.308843
[plan iscas99__b17] [plan] step=274 node=N26407 type=observe q_pred_context=4.215083 sequence=771.523927
[plan iscas99__b17] [plan] step=275 node=N26414 type=observe q_pred_context=4.044858 sequence=775.568784
[plan iscas99__b17] [plan] step=276 node=N26307 type=observe q_pred_context=3.822799 sequence=779.391584
[plan iscas99__b17] [plan] step=277 node=N26421 type=observe q_pred_context=3.408016 sequence=782.799599
[plan iscas99__b17] [plan] step=278 node=N28847 type=control0 q_pred_context=1.088073 sequence=783.887672
[plan iscas99__b17] [plan] step=279 node=N28805 type=control0 q_pred_context=1.051688 sequence=784.939360
[plan iscas99__b17] [plan] step=280 node=N5749 type=observe q_pred_context=0.674521 sequence=785.613881
[plan iscas99__b17] [plan] step=281 node=N28756 type=observe q_pred_context=1.181627 sequence=786.795507
[plan iscas99__b17] [plan] step=282 node=N26437 type=observe q_pred_context=3.314895 sequence=790.110402
[plan iscas99__b17] [plan] step=283 node=N19335 type=observe q_pred_context=0.738124 sequence=790.848526
[plan iscas99__b17] [plan] step=284 node=N5605 type=observe q_pred_context=0.965651 sequence=791.814177
[plan iscas99__b17] [plan] step=285 node=N5750 type=observe q_pred_context=1.185963 sequence=793.000140
[plan iscas99__b17] [plan] step=286 node=N5918 type=observe q_pred_context=1.219931 sequence=794.220072
[plan iscas99__b17] [plan] step=287 node=N5653 type=observe q_pred_context=1.487922 sequence=795.707994
[plan iscas99__b17] [plan] step=288 node=N5581 type=observe q_pred_context=2.019284 sequence=797.727278
[plan iscas99__b17] [plan] step=289 node=N5629 type=observe q_pred_context=3.491585 sequence=801.218864
[plan iscas99__b17] [plan] step=290 node=N5342 type=observe q_pred_context=6.517463 sequence=807.736327
[plan iscas99__b17] [plan] step=291 node=N5437 type=observe q_pred_context=6.197909 sequence=813.934236
[plan iscas99__b17] [plan] step=292 node=N31086 type=control1 q_pred_context=5.397105 sequence=819.331341
[plan iscas99__b17] [plan] step=293 node=N7633 type=observe q_pred_context=5.239321 sequence=824.570662
[plan iscas99__b17] [plan] step=294 node=N5389 type=observe q_pred_context=1.236183 sequence=825.806845
[plan iscas99__b17] [plan] step=295 node=N7644 type=observe q_pred_context=1.321826 sequence=827.128671
[plan iscas99__b17] [plan] step=296 node=N5677 type=observe q_pred_context=1.511047 sequence=828.639718
[plan iscas99__b17] [plan] step=297 node=N5413 type=observe q_pred_context=1.840514 sequence=830.480232
[plan iscas99__b17] [plan] step=298 node=N5365 type=observe q_pred_context=1.603020 sequence=832.083252
[plan iscas99__b17] [plan] step=299 node=N5461 type=observe q_pred_context=1.704227 sequence=833.787479
[plan iscas99__b17] [plan] step=300 node=N5486 type=observe q_pred_context=1.791601 sequence=835.579081
[plan iscas99__b17] [plan] step=301 node=N2198 type=control1 q_pred_context=2.137483 sequence=837.716564
[plan iscas99__b17] [plan] step=302 node=N28167 type=observe q_pred_context=1.053411 sequence=838.769974
[plan iscas99__b17] [plan] step=303 node=N28174 type=observe q_pred_context=1.988923 sequence=840.758897
[plan iscas99__b17] [plan] step=304 node=N28160 type=observe q_pred_context=1.891059 sequence=842.649956
[plan iscas99__b17] [plan] step=305 node=N19333 type=observe q_pred_context=1.865600 sequence=844.515555
[plan iscas99__b17] [plan] step=306 node=N19733 type=observe q_pred_context=2.184939 sequence=846.700494
[plan iscas99__b17] [plan] step=307 node=N30855 type=observe q_pred_context=3.149806 sequence=849.850300
[plan iscas99__b17] [plan] step=308 node=N19728 type=observe q_pred_context=2.756514 sequence=852.606814
[plan iscas99__b17] [plan] step=309 node=N21555 type=observe q_pred_context=1.100985 sequence=853.707799
[plan iscas99__b17] [plan] step=310 node=N23737 type=observe q_pred_context=0.891892 sequence=854.599691
[plan iscas99__b17] [plan] step=311 node=N5846 type=observe q_pred_context=0.967177 sequence=855.566869
[plan iscas99__b17] [plan] step=312 node=N6014 type=observe q_pred_context=0.876780 sequence=856.443648
[plan iscas99__b17] [plan] step=313 node=N6013 type=observe q_pred_context=1.706281 sequence=858.149929
[plan iscas99__b17] [plan] step=314 node=N19722 type=observe q_pred_context=1.823076 sequence=859.973005
[plan iscas99__b17] [plan] step=315 node=N19721 type=observe q_pred_context=2.097962 sequence=862.070966
[plan iscas99__b17] [plan] step=316 node=N19736 type=observe q_pred_context=1.299327 sequence=863.370293
[plan iscas99__b17] [plan] step=317 node=N30012 type=observe q_pred_context=0.943558 sequence=864.313851
[plan iscas99__b17] [plan] step=318 node=N19735 type=observe q_pred_context=0.816323 sequence=865.130174
[plan iscas99__b17] [plan] step=319 node=N19734 type=observe q_pred_context=0.819453 sequence=865.949627
[plan iscas99__b17] [plan] step=320 node=N22496 type=observe q_pred_context=1.063249 sequence=867.012876
[plan iscas99__b17] [plan] step=321 node=N19329 type=observe q_pred_context=0.829674 sequence=867.842549
[plan iscas99__b17] [plan] step=322 node=N20155 type=observe q_pred_context=0.859038 sequence=868.701587
[plan iscas99__b17] [plan] step=323 node=N23921 type=observe q_pred_context=0.858999 sequence=869.560587
[plan iscas99__b17] [plan] step=324 node=N23218 type=observe q_pred_context=0.845351 sequence=870.405937
[plan iscas99__b17] [plan] step=325 node=N24475 type=observe q_pred_context=1.134789 sequence=871.540727
[plan iscas99__b17] [plan] step=326 node=N25621 type=observe q_pred_context=1.152852 sequence=872.693579
[plan iscas99__b17] [plan] step=327 node=N23037 type=observe q_pred_context=1.147945 sequence=873.841524
[plan iscas99__b17] [plan] step=328 node=N25442 type=observe q_pred_context=1.124687 sequence=874.966212
[plan iscas99__b17] [plan] step=329 node=N24105 type=observe q_pred_context=1.099840 sequence=876.066051
[plan iscas99__b17] [plan] step=330 node=N21744 type=observe q_pred_context=1.072940 sequence=877.138991
[plan iscas99__b17] [plan] step=331 node=N23555 type=observe q_pred_context=1.046745 sequence=878.185736
[plan iscas99__b17] [plan] step=332 node=N22174 type=observe q_pred_context=1.043268 sequence=879.229004
[plan iscas99__b17] [plan] step=333 node=N19969 type=observe q_pred_context=1.060984 sequence=880.289988
[plan iscas99__b17] [plan] step=334 node=N24690 type=observe q_pred_context=1.080486 sequence=881.370474
[plan iscas99__b17] [plan] step=335 node=N31053 type=observe q_pred_context=1.100525 sequence=882.470999
[plan iscas99__b17] [plan] step=336 node=N19725 type=observe q_pred_context=1.124030 sequence=883.595029
[plan iscas99__b17] [plan] step=337 node=N19527 type=observe q_pred_context=1.132387 sequence=884.727417
[plan iscas99__b17] [plan] step=338 node=N30599 type=observe q_pred_context=1.132205 sequence=885.859621
[plan iscas99__b17] [plan] step=339 node=N19530 type=observe q_pred_context=1.139626 sequence=886.999247
[plan iscas99__b17] [plan] step=340 node=N31044 type=observe q_pred_context=1.151491 sequence=888.150738
[plan iscas99__b17] [plan] step=341 node=N31051 type=observe q_pred_context=1.177023 sequence=889.327761
[plan iscas99__b17] [plan] step=342 node=N31050 type=observe q_pred_context=1.184463 sequence=890.512224
[plan iscas99__b17] [plan] step=343 node=N31052 type=observe q_pred_context=1.173944 sequence=891.686169
[plan iscas99__b17] [plan] step=344 node=N24962 type=observe q_pred_context=1.163559 sequence=892.849728
[plan iscas99__b17] [plan] step=345 node=N19729 type=observe q_pred_context=1.155512 sequence=894.005240
[plan iscas99__b17] [plan] step=346 node=N19730 type=observe q_pred_context=1.143149 sequence=895.148389
[plan iscas99__b17] [plan] step=347 node=N19731 type=observe q_pred_context=1.137252 sequence=896.285641
[plan iscas99__b17] [plan] step=348 node=N19732 type=observe q_pred_context=1.138644 sequence=897.424285
[plan iscas99__b17] [plan] step=349 node=N19529 type=observe q_pred_context=1.140840 sequence=898.565125
[plan iscas99__b17] [plan] step=350 node=N19531 type=observe q_pred_context=1.144043 sequence=899.709169
[plan iscas99__b17] [plan] step=351 node=N19532 type=observe q_pred_context=1.146985 sequence=900.856154
[plan iscas99__b17] [plan] step=352 node=N19535 type=observe q_pred_context=1.148505 sequence=902.004658
[plan iscas99__b17] [plan] step=353 node=N14169 type=observe q_pred_context=1.714462 sequence=903.719121
[plan iscas99__b17] [plan] step=354 node=N14172 type=observe q_pred_context=1.299244 sequence=905.018364
[plan iscas99__b17] [plan] step=355 node=N5966 type=observe q_pred_context=0.942991 sequence=905.961355
[plan iscas99__b17] [plan] step=356 node=N5366 type=observe q_pred_context=1.232566 sequence=907.193922
[plan iscas99__b17] [plan] step=357 node=N5965 type=observe q_pred_context=0.878536 sequence=908.072458
[plan iscas99__b17] [plan] step=358 node=N5294 type=observe q_pred_context=0.779900 sequence=908.852358
[plan iscas99__b17] [plan] step=359 node=N2731 type=control0 q_pred_context=0.949281 sequence=909.801639
[plan iscas99__b17] [plan] step=360 node=N2201 type=control1 q_pred_context=1.231132 sequence=911.032770
[plan iscas99__b17] [plan] step=361 node=N5293 type=observe q_pred_context=2.537057 sequence=913.569828
[plan iscas99__b17] [plan] step=362 node=N5390 type=observe q_pred_context=1.377836 sequence=914.947664
[plan iscas99__b17] [plan] step=363 node=N5773 type=observe q_pred_context=1.351971 sequence=916.299634
[plan iscas99__b17] [plan] step=364 node=N5774 type=observe q_pred_context=1.375432 sequence=917.675067
[plan iscas99__b17] [plan] step=365 node=N5318 type=observe q_pred_context=1.397297 sequence=919.072363
[plan iscas99__b17] [plan] step=366 node=N5438 type=observe q_pred_context=1.247817 sequence=920.320180
[plan iscas99__b17] [plan] step=367 node=N5414 type=observe q_pred_context=1.436326 sequence=921.756506
[plan iscas99__b17] [plan] step=368 node=N2198 type=control0 q_pred_context=1.834362 sequence=923.590868
[plan iscas99__b17] [plan] step=369 node=N3826 type=observe q_pred_context=4.793273 sequence=928.384141
[plan iscas99__b17] [plan] step=370 node=N3888 type=observe q_pred_context=2.332792 sequence=930.716933
[plan iscas99__b17] [plan] step=371 node=N28623 type=observe q_pred_context=1.329967 sequence=932.046900
[plan iscas99__b17] [plan] step=372 node=N19534 type=observe q_pred_context=1.310722 sequence=933.357621
[plan iscas99__b17] [plan] step=373 node=N31954 type=observe q_pred_context=2.290232 sequence=935.647854
[plan iscas99__b17] [plan] step=374 node=N29527 type=observe q_pred_context=2.638838 sequence=938.286691
[plan iscas99__b17] [plan] step=375 node=N5870 type=observe q_pred_context=2.089099 sequence=940.375790
[plan iscas99__b17] [plan] step=376 node=N32139 type=observe q_pred_context=2.131219 sequence=942.507009
[plan iscas99__b17] [plan] step=377 node=N5726 type=observe q_pred_context=2.177665 sequence=944.684674
[plan iscas99__b17] [plan] step=378 node=N5917 type=observe q_pred_context=1.413160 sequence=946.097835
[plan iscas99__b17] [plan] step=379 node=N5893 type=observe q_pred_context=2.013638 sequence=948.111472
[plan iscas99__b17] [plan] step=380 node=N5462 type=observe q_pred_context=1.353991 sequence=949.465463
[plan iscas99__b17] [plan] step=381 node=N19533 type=observe q_pred_context=1.313569 sequence=950.779032
[plan iscas99__b17] [plan] step=382 node=N25734 type=observe q_pred_context=1.380309 sequence=952.159342
[plan iscas99__b17] [plan] step=383 node=N5990 type=observe q_pred_context=1.943738 sequence=954.103080
[plan iscas99__b17] [plan] step=384 node=N19856 type=observe q_pred_context=1.320771 sequence=955.423851
[plan iscas99__b17] [plan] step=385 node=N29510 type=observe q_pred_context=2.132807 sequence=957.556658
[plan iscas99__b17] [plan] step=386 node=N5845 type=observe q_pred_context=1.720835 sequence=959.277492
[plan iscas99__b17] [plan] step=387 node=N27215 type=observe q_pred_context=2.095563 sequence=961.373056
[plan iscas99__b17] [plan] step=388 node=N5821 type=observe q_pred_context=2.369457 sequence=963.742512
[plan iscas99__b17] [plan] step=389 node=N5941 type=observe q_pred_context=2.673848 sequence=966.416360
[plan iscas99__b17] [plan] step=390 node=N29526 type=observe q_pred_context=3.913714 sequence=970.330074
[plan iscas99__b17] [plan] step=391 node=N24290 type=observe q_pred_context=2.660331 sequence=972.990405
[plan iscas99__b17] [plan] step=392 node=N22529 type=observe q_pred_context=3.563864 sequence=976.554268
[plan iscas99__b17] [plan] step=393 node=N14167 type=observe q_pred_context=3.837026 sequence=980.391295
[plan iscas99__b17] [plan] step=394 node=N14168 type=observe q_pred_context=3.207675 sequence=983.598970
[plan iscas99__b17] [plan] step=395 node=N14171 type=observe q_pred_context=5.332541 sequence=988.931511
[plan iscas99__b17] [plan] step=396 node=N5341 type=observe q_pred_context=5.388289 sequence=994.319799
[plan iscas99__b17] [plan] step=397 node=N5942 type=observe q_pred_context=7.072990 sequence=1001.392789
[plan iscas99__b17] [plan] step=398 node=N19327 type=observe q_pred_context=8.098188 sequence=1009.490977
[plan iscas99__b17] [plan] step=399 node=N5485 type=observe q_pred_context=7.894212 sequence=1017.385189
[plan iscas99__b17] [plan] step=400 node=N5582 type=observe q_pred_context=8.100000 sequence=1025.485189
[plan iscas99__b17] [plan] step=401 node=N5534 type=observe q_pred_context=8.100000 sequence=1033.585189
[plan iscas99__b17] [plan] step=402 node=N5606 type=observe q_pred_context=8.100000 sequence=1041.685189
[plan iscas99__b17] [plan] step=403 node=N5654 type=observe q_pred_context=8.100000 sequence=1049.785189
[plan iscas99__b17] [plan] step=404 node=N5702 type=observe q_pred_context=8.100000 sequence=1057.885189
[plan iscas99__b17] [plan] step=405 node=N5533 type=observe q_pred_context=8.100000 sequence=1065.985189
[plan iscas99__b17] [plan] step=406 node=N8083 type=observe q_pred_context=7.210041 sequence=1073.195230
[plan iscas99__b17] [plan] step=407 node=N5869 type=observe q_pred_context=7.161858 sequence=1080.357088
[plan iscas99__b17] [plan] step=408 node=N5701 type=observe q_pred_context=8.100000 sequence=1088.457088
[plan iscas99__b17] [plan] step=409 node=N5797 type=observe q_pred_context=8.100000 sequence=1096.557088
[plan iscas99__b17] [plan] step=410 node=N5989 type=observe q_pred_context=8.100000 sequence=1104.657088
[plan iscas99__b17] [plan] step=411 node=N5630 type=observe q_pred_context=8.100000 sequence=1112.757088
[plan iscas99__b17] [plan] step=412 node=N19374 type=observe q_pred_context=8.100000 sequence=1120.857088
[plan iscas99__b17] [plan] step=413 node=N5678 type=observe q_pred_context=8.100000 sequence=1128.957088
[plan iscas99__b17] [plan] step=414 node=N5822 type=observe q_pred_context=8.100000 sequence=1137.057088
[plan iscas99__b17] [plan] step=415 node=N5510 type=observe q_pred_context=8.100000 sequence=1145.157088
[plan iscas99__b17] [plan] step=416 node=N5558 type=observe q_pred_context=8.100000 sequence=1153.257088
[plan iscas99__b17] [plan] step=417 node=N5725 type=observe q_pred_context=8.100000 sequence=1161.357088
[plan iscas99__b17] [plan] step=418 node=N19375 type=observe q_pred_context=8.100000 sequence=1169.457088
[plan iscas99__b17] [plan] step=419 node=N19378 type=observe q_pred_context=8.100000 sequence=1177.557088
[plan iscas99__b17] [plan] step=420 node=N28198 type=observe q_pred_context=8.100000 sequence=1185.657088
[plan iscas99__b17] [plan] step=421 node=N28191 type=observe q_pred_context=8.100000 sequence=1193.757088
[plan iscas99__b17] [plan] step=422 node=N14119 type=observe q_pred_context=8.100000 sequence=1201.857088
[plan iscas99__b17] [plan] step=423 node=N28139 type=observe q_pred_context=8.100000 sequence=1209.957088
[plan iscas99__b17] [plan] step=424 node=N5509 type=observe q_pred_context=7.500000 sequence=1217.457088
[plan iscas99__b17] [plan] step=425 node=N5557 type=observe q_pred_context=7.988256 sequence=1225.445344
[plan iscas99__b17] [plan] step=426 node=N28146 type=observe q_pred_context=8.100000 sequence=1233.545344
[plan iscas99__b17] [plan] step=427 node=N26325 type=observe q_pred_context=7.500000 sequence=1241.045344
[plan iscas99__b17] [plan] step=428 node=N26401 type=observe q_pred_context=8.100000 sequence=1249.145344
[plan iscas99__b17] [plan] step=429 node=N26408 type=observe q_pred_context=8.100000 sequence=1257.245344
[plan iscas99__b17] [plan] step=430 node=N26415 type=observe q_pred_context=8.100000 sequence=1265.345344
[plan iscas99__b17] [plan] step=431 node=N26422 type=observe q_pred_context=8.100000 sequence=1273.445344
[plan iscas99__b17] [plan] step=432 node=N26438 type=observe q_pred_context=8.100000 sequence=1281.545344
[plan iscas99__b17] [plan] step=433 node=N28132 type=observe q_pred_context=8.100000 sequence=1289.645344
[plan iscas99__b17] [plan] step=434 node=N19523 type=observe q_pred_context=8.100000 sequence=1297.745344
[plan iscas99__b17] [plan] step=435 node=N26150 type=observe q_pred_context=5.400000 sequence=1303.145344
[plan iscas99__b17] [plan] step=436 node=N26152 type=observe q_pred_context=5.400000 sequence=1308.545344
[plan iscas99__b17] [plan] step=437 node=N26157 type=observe q_pred_context=5.400000 sequence=1313.945344
[plan iscas99__b17] [plan] step=438 node=N14107 type=observe q_pred_context=6.000000 sequence=1319.945344
[plan iscas99__b17] [plan] step=439 node=N14109 type=observe q_pred_context=6.000000 sequence=1325.945344
[plan iscas99__b17] [plan] step=440 node=N14111 type=observe q_pred_context=7.500000 sequence=1333.445344
[plan iscas99__b17] [plan] step=441 node=N14113 type=observe q_pred_context=7.500000 sequence=1340.945344
[plan iscas99__b17] [plan] step=442 node=N26158 type=observe q_pred_context=7.500000 sequence=1348.445344
[plan iscas99__b17] [plan] step=443 node=N3937 type=observe q_pred_context=7.500000 sequence=1355.945344
[plan iscas99__b17] [plan] step=444 node=N14115 type=observe q_pred_context=8.100000 sequence=1364.045344
[plan iscas99__b17] [plan] step=445 node=N2219 type=control1 q_pred_context=8.100000 sequence=1372.145344
[plan iscas99__b17] [plan] step=446 node=N19536 type=observe q_pred_context=8.100000 sequence=1380.245344
[plan iscas99__b17] [plan] step=447 node=N14166 type=observe q_pred_context=6.719908 sequence=1386.965252
[plan iscas99__b17] [plan] step=448 node=N26178 type=observe q_pred_context=5.749029 sequence=1392.714280
[plan iscas99__b17] [plan] step=449 node=N14117 type=observe q_pred_context=6.235486 sequence=1398.949766
[plan iscas99__b17] [plan] step=450 node=N26167 type=observe q_pred_context=5.336102 sequence=1404.285868
[plan iscas99__b17] [plan] step=451 node=N7641 type=observe q_pred_context=7.500000 sequence=1411.785868
[plan iscas99__b17] [plan] step=452 node=N19537 type=observe q_pred_context=8.100000 sequence=1419.885868
[plan iscas99__b17] [plan] step=453 node=N14094 type=observe q_pred_context=7.072356 sequence=1426.958224
[plan iscas99__b17] [plan] step=454 node=N19538 type=observe q_pred_context=7.500000 sequence=1434.458224
[plan iscas99__b17] [plan] step=455 node=N19524 type=observe q_pred_context=7.500000 sequence=1441.958224
[plan iscas99__b17] [plan] step=456 node=N26171 type=observe q_pred_context=6.516815 sequence=1448.475039
[plan iscas99__b17] [plan] step=457 node=N31045 type=observe q_pred_context=7.500000 sequence=1455.975039
[plan iscas99__b17] [plan] step=458 node=N20954 type=observe q_pred_context=7.500000 sequence=1463.475039
[plan iscas99__b17] [plan] step=459 node=N26162 type=observe q_pred_context=5.400000 sequence=1468.875039
[plan iscas99__b17] [plan] step=460 node=N26169 type=observe q_pred_context=5.400000 sequence=1474.275039
[plan iscas99__b17] [plan] step=461 node=N26174 type=observe q_pred_context=5.400000 sequence=1479.675039
[plan iscas99__b17] [plan] step=462 node=N26176 type=observe q_pred_context=7.500000 sequence=1487.175039
[plan iscas99__b17] [plan] step=463 node=N26183 type=observe q_pred_context=7.500000 sequence=1494.675039
[plan iscas99__b17] [plan] step=464 node=N26184 type=observe q_pred_context=7.500000 sequence=1502.175039
[plan iscas99__b17] [plan] step=465 node=N26188 type=observe q_pred_context=7.500000 sequence=1509.675039
[plan iscas99__b17] [plan] step=466 node=N26192 type=observe q_pred_context=7.500000 sequence=1517.175039
[plan iscas99__b17] [plan] step=467 node=N26197 type=observe q_pred_context=8.100000 sequence=1525.275039
[plan iscas99__b17] [plan] step=468 node=N26198 type=observe q_pred_context=8.100000 sequence=1533.375039
[plan iscas99__b17] [plan] step=469 node=N26202 type=observe q_pred_context=8.100000 sequence=1541.475039
[plan iscas99__b17] [plan] step=470 node=N26206 type=observe q_pred_context=8.100000 sequence=1549.575039
[plan iscas99__b17] [plan] step=471 node=N26210 type=observe q_pred_context=8.100000 sequence=1557.675039
[plan iscas99__b17] [plan] step=472 node=N26214 type=observe q_pred_context=8.100000 sequence=1565.775039
[plan iscas99__b17] [plan] step=473 node=N26218 type=observe q_pred_context=8.100000 sequence=1573.875039
[plan iscas99__b17] [plan] step=474 node=N26222 type=observe q_pred_context=8.100000 sequence=1581.975039
[plan iscas99__b17] [plan] step=475 node=N26226 type=observe q_pred_context=8.100000 sequence=1590.075039
[plan iscas99__b17] [plan] step=476 node=N26230 type=observe q_pred_context=8.100000 sequence=1598.175039
[plan iscas99__b17] [plan] step=477 node=N26234 type=observe q_pred_context=8.100000 sequence=1606.275039
[plan iscas99__b17] [plan] step=478 node=N26238 type=observe q_pred_context=8.100000 sequence=1614.375039
[plan iscas99__b17] [plan] step=479 node=N26242 type=observe q_pred_context=8.100000 sequence=1622.475039
[plan iscas99__b17] [plan] step=480 node=N26246 type=observe q_pred_context=8.100000 sequence=1630.575039
[plan iscas99__b17] [plan] step=481 node=N26250 type=observe q_pred_context=8.100000 sequence=1638.675039
[plan iscas99__b17] [plan] step=482 node=N26254 type=observe q_pred_context=8.100000 sequence=1646.775039
[plan iscas99__b17] [plan] step=483 node=N29496 type=observe q_pred_context=6.016889 sequence=1652.791927
[plan iscas99__b17] [plan] step=484 node=N26258 type=observe q_pred_context=8.100000 sequence=1660.891927
[plan iscas99__b17] [plan] step=485 node=N26260 type=observe q_pred_context=8.100000 sequence=1668.991927
[plan iscas99__b17] [plan] step=486 node=N26262 type=observe q_pred_context=8.100000 sequence=1677.091927
[plan iscas99__b17] [plan] step=487 node=N26265 type=observe q_pred_context=8.100000 sequence=1685.191927
[plan iscas99__b17] [plan] step=488 node=N26267 type=observe q_pred_context=8.100000 sequence=1693.291927
[plan iscas99__b17] [plan] step=489 node=N26269 type=observe q_pred_context=8.100000 sequence=1701.391927
[plan iscas99__b17] [plan] step=490 node=N26271 type=observe q_pred_context=8.100000 sequence=1709.491927
[plan iscas99__b17] [plan] step=491 node=N26274 type=observe q_pred_context=8.100000 sequence=1717.591927
[plan iscas99__b17] [plan] step=492 node=N26276 type=observe q_pred_context=8.100000 sequence=1725.691927
[plan iscas99__b17] [plan] step=493 node=N26277 type=observe q_pred_context=8.100000 sequence=1733.791927
[plan iscas99__b17] [plan] step=494 node=N26278 type=observe q_pred_context=8.100000 sequence=1741.891927
[plan iscas99__b17] [plan] step=495 node=N26279 type=observe q_pred_context=8.100000 sequence=1749.991927
[plan iscas99__b17] [plan] step=496 node=N26293 type=observe q_pred_context=8.100000 sequence=1758.091927
[plan iscas99__b17] [plan] step=497 node=N26302 type=observe q_pred_context=8.100000 sequence=1766.191927
[plan iscas99__b17] [plan] step=498 node=N26315 type=observe q_pred_context=8.100000 sequence=1774.291927
[plan iscas99__b17] [plan] step=499 node=N26316 type=observe q_pred_context=8.100000 sequence=1782.391927
[plan iscas99__b17] [plan] step=500 node=N26317 type=observe q_pred_context=8.100000 sequence=1790.491927
[plan iscas99__b17] [plan] step=501 node=N26328 type=observe q_pred_context=8.100000 sequence=1798.591927
[plan iscas99__b17] [plan] step=502 node=N26335 type=observe q_pred_context=8.100000 sequence=1806.691927
[plan iscas99__b17] [plan] step=503 node=N26341 type=observe q_pred_context=8.100000 sequence=1814.791927
[plan iscas99__b17] [plan] step=504 node=N26348 type=observe q_pred_context=8.100000 sequence=1822.891927
[plan iscas99__b17] [plan] step=505 node=N26355 type=observe q_pred_context=8.100000 sequence=1830.991927
[plan iscas99__b17] [plan] step=506 node=N26362 type=observe q_pred_context=8.100000 sequence=1839.091927
[plan iscas99__b17] [plan] step=507 node=N26719 type=observe q_pred_context=8.100000 sequence=1847.191927
[plan iscas99__b17] [plan] step=508 node=N26653 type=observe q_pred_context=8.100000 sequence=1855.291927
[plan iscas99__b17] [plan] step=509 node=N26717 type=observe q_pred_context=8.100000 sequence=1863.391927
[plan iscas99__b17] [plan] step=510 node=N26718 type=observe q_pred_context=8.100000 sequence=1871.491927
[plan iscas99__b17] [plan] step=511 node=N26369 type=observe q_pred_context=8.100000 sequence=1879.591927
[plan iscas99__b17] [plan] step=512 node=N19712 type=observe q_pred_context=8.100000 sequence=1887.691927
[plan iscas99__b17] [plan] step=513 node=N26286 type=observe q_pred_context=8.100000 sequence=1895.791927
[plan iscas99__b17] [plan] step=514 node=N26154 type=observe q_pred_context=8.100000 sequence=1903.891927
[plan iscas99__b17] [plan] step=515 node=N24742 type=observe q_pred_context=8.100000 sequence=1911.991927
[plan iscas99__b17] [plan] step=516 node=N24748 type=observe q_pred_context=8.100000 sequence=1920.091927
[plan iscas99__b17] [plan] step=517 node=N24760 type=observe q_pred_context=8.100000 sequence=1928.191927
[plan iscas99__b17] [plan] step=518 node=N24776 type=observe q_pred_context=8.100000 sequence=1936.291927
[plan iscas99__b17] [plan] step=519 node=N26376 type=observe q_pred_context=8.100000 sequence=1944.391927
[plan iscas99__b17] [plan] step=520 node=N29490 type=observe q_pred_context=8.100000 sequence=1952.491927
[plan iscas99__b17] [plan] step=521 node=N24738 type=observe q_pred_context=8.100000 sequence=1960.591927
[plan iscas99__b17] [plan] step=522 node=N1985 type=observe q_pred_context=8.100000 sequence=1968.691927
[plan iscas99__b17] [plan] step=523 node=N24756 type=observe q_pred_context=8.008309 sequence=1976.700236
[plan iscas99__b17] [plan] step=524 node=N24752 type=observe q_pred_context=8.006096 sequence=1984.706331
[plan iscas99__b17] [plan] step=525 node=N24758 type=observe q_pred_context=7.968980 sequence=1992.675312
[plan iscas99__b17] [plan] step=526 node=N24774 type=observe q_pred_context=7.936399 sequence=2000.611711
[plan iscas99__b17] [plan] step=527 node=N24766 type=observe q_pred_context=7.894476 sequence=2008.506187
[plan iscas99__b17] [plan] step=528 node=N24746 type=observe q_pred_context=7.891286 sequence=2016.397473
[plan iscas99__b17] [plan] step=529 node=N24780 type=observe q_pred_context=7.906455 sequence=2024.303928
[plan iscas99__b17] [plan] step=530 node=N24770 type=observe q_pred_context=7.935784 sequence=2032.239712
[plan iscas99__b17] [plan] step=531 node=N24744 type=observe q_pred_context=7.995859 sequence=2040.235571
[plan iscas99__b17] [plan] step=532 node=N24754 type=observe q_pred_context=8.064328 sequence=2048.299899
[plan iscas99__b17] [plan] step=533 node=N26236 type=observe q_pred_context=8.047968 sequence=2056.347868
[plan iscas99__b17] [plan] step=534 node=N26240 type=observe q_pred_context=8.058496 sequence=2064.406364
[plan iscas99__b17] [plan] step=535 node=N26232 type=observe q_pred_context=8.079836 sequence=2072.486199
[plan iscas99__b17] [plan] step=536 node=N26383 type=observe q_pred_context=8.100000 sequence=2080.586199
[plan iscas99__b17] [plan] step=537 node=N26244 type=observe q_pred_context=8.100000 sequence=2088.686199
[plan iscas99__b17] [plan] step=538 node=N26248 type=observe q_pred_context=8.100000 sequence=2096.786199
[plan iscas99__b17] [plan] step=539 node=N26252 type=observe q_pred_context=8.100000 sequence=2104.886199
[plan iscas99__b17] [plan] step=540 node=N24768 type=observe q_pred_context=8.100000 sequence=2112.986199
[plan iscas99__b17] [plan] step=541 node=N24772 type=observe q_pred_context=8.100000 sequence=2121.086199
[plan iscas99__b17] [plan] step=542 node=N19391 type=observe q_pred_context=8.100000 sequence=2129.186199
[plan iscas99__b17] [plan] step=543 node=N19398 type=observe q_pred_context=8.100000 sequence=2137.286199
[plan iscas99__b17] [plan] step=544 node=N19410 type=observe q_pred_context=8.100000 sequence=2145.386199
[plan iscas99__b17] [plan] step=545 node=N19425 type=observe q_pred_context=8.100000 sequence=2153.486199
[plan iscas99__b17] [plan] step=546 node=N26319 type=observe q_pred_context=8.100000 sequence=2161.586199
[plan iscas99__b17] [plan] step=547 node=N19388 type=observe q_pred_context=8.100000 sequence=2169.686199
[plan iscas99__b17] [plan] step=548 node=N19395 type=observe q_pred_context=8.100000 sequence=2177.786199
[plan iscas99__b17] [plan] step=549 node=N19402 type=observe q_pred_context=8.100000 sequence=2185.886199
[plan iscas99__b17] [plan] step=550 node=N19406 type=observe q_pred_context=8.100000 sequence=2193.986199
[plan iscas99__b17] [plan] step=551 node=N19424 type=observe q_pred_context=8.094851 sequence=2202.081050
[plan iscas99__b17] [plan] step=552 node=N19407 type=observe q_pred_context=8.100000 sequence=2210.181050
[plan iscas99__b17] [plan] step=553 node=N19416 type=observe q_pred_context=8.100000 sequence=2218.281050
[plan iscas99__b17] [plan] step=554 node=N19420 type=observe q_pred_context=8.100000 sequence=2226.381050
[plan iscas99__b17] [plan] step=555 node=N19429 type=observe q_pred_context=7.998491 sequence=2234.379541
[plan iscas99__b17] [plan] step=556 node=N19417 type=observe q_pred_context=7.927496 sequence=2242.307037
[plan iscas99__b17] [plan] step=557 node=N19403 type=observe q_pred_context=7.865282 sequence=2250.172318
[plan iscas99__b17] [plan] step=558 node=N19394 type=observe q_pred_context=7.813093 sequence=2257.985411
[plan iscas99__b17] [plan] step=559 node=N24764 type=observe q_pred_context=7.771493 sequence=2265.756904
[plan iscas99__b17] [plan] step=560 node=N24750 type=observe q_pred_context=7.742820 sequence=2273.499724
[plan iscas99__b17] [plan] step=561 node=N21778 type=observe q_pred_context=7.695961 sequence=2281.195685
[plan iscas99__b17] [plan] step=562 node=N26390 type=observe q_pred_context=7.488528 sequence=2288.684214
[plan iscas99__b17] [plan] step=563 node=N19421 type=observe q_pred_context=6.593056 sequence=2295.277270
[plan iscas99__b17] [plan] step=564 node=N26291 type=observe q_pred_context=5.853892 sequence=2301.131162
[plan iscas99__b17] [plan] step=565 node=N24778 type=observe q_pred_context=5.255415 sequence=2306.386577
[plan iscas99__b17] [plan] step=566 node=N26149 type=observe q_pred_context=4.592511 sequence=2310.979088
[plan iscas99__b17] [plan] step=567 node=N24782 type=observe q_pred_context=4.160577 sequence=2315.139665
[plan iscas99__b17] [plan] step=568 node=N19413 type=observe q_pred_context=3.872470 sequence=2319.012135
[plan iscas99__b17] [plan] step=569 node=N24736 type=observe q_pred_context=3.966949 sequence=2322.979083
[plan iscas99__b17] [plan] step=570 node=N20189 type=observe q_pred_context=5.278556 sequence=2328.257639
[plan iscas99__b17] [plan] step=571 node=N3573 type=observe q_pred_context=0.696433 sequence=2328.954072
[plan iscas99__b17] [plan] step=572 node=N3414 type=observe q_pred_context=0.756715 sequence=2329.710788
[plan iscas99__b17] [plan] step=573 node=N3387 type=observe q_pred_context=0.840193 sequence=2330.550981
[plan iscas99__b17] [plan] step=574 node=N3400 type=observe q_pred_context=0.732978 sequence=2331.283959
[plan iscas99__b17] [plan] step=575 node=N3575 type=observe q_pred_context=0.771304 sequence=2332.055263
[plan iscas99__b17] [plan] step=576 node=N3579 type=observe q_pred_context=0.748545 sequence=2332.803808
[plan iscas99__b17] [plan] step=577 node=N3382 type=observe q_pred_context=0.737443 sequence=2333.541251
[plan iscas99__b17] [plan] step=578 node=N3366 type=observe q_pred_context=0.749426 sequence=2334.290677
[plan iscas99__b17] [plan] step=579 node=N26607 type=observe q_pred_context=1.234801 sequence=2335.525478
[plan iscas99__b17] [plan] step=580 node=N26098 type=observe q_pred_context=2.699407 sequence=2338.224885
[plan iscas99__b17] [plan] step=581 node=N26618 type=observe q_pred_context=2.900786 sequence=2341.125671
[plan iscas99__b17] [plan] step=582 node=N26109 type=observe q_pred_context=4.140632 sequence=2345.266303
[plan iscas99__b17] [plan] step=583 node=N19432 type=observe q_pred_context=3.771691 sequence=2349.037993
[plan iscas99__b17] [plan] step=584 node=N3401 type=observe q_pred_context=6.098472 sequence=2355.136465
[plan iscas99__b17] [plan] step=585 node=N3507 type=observe q_pred_context=1.537913 sequence=2356.674379
[plan iscas99__b17] [plan] step=586 node=N3487 type=observe q_pred_context=1.275622 sequence=2357.950000
[plan iscas99__b17] [plan] step=587 node=N3485 type=observe q_pred_context=1.241752 sequence=2359.191753
[plan iscas99__b17] [plan] step=588 node=N3486 type=observe q_pred_context=3.173248 sequence=2362.365001
[plan iscas99__b17] [plan] step=589 node=N3830 type=observe q_pred_context=1.692286 sequence=2364.057287
[plan iscas99__b17] [plan] step=590 node=N3842 type=observe q_pred_context=1.770641 sequence=2365.827928
[plan iscas99__b17] [plan] step=591 node=N3497 type=observe q_pred_context=1.032908 sequence=2366.860836
[plan iscas99__b17] [plan] step=592 node=N3495 type=observe q_pred_context=0.920250 sequence=2367.781086
[plan iscas99__b17] [plan] step=593 node=N3292 type=observe q_pred_context=2.475690 sequence=2370.256775
[plan iscas99__b17] [plan] step=594 node=N1984 type=observe q_pred_context=3.600973 sequence=2373.857748
[plan iscas99__b17] [plan] step=595 node=N5157 type=observe q_pred_context=1.865133 sequence=2375.722881
[plan iscas99__b17] [plan] step=596 node=N8089 type=observe q_pred_context=2.377187 sequence=2378.100068
[plan iscas99__b17] [plan] step=597 node=N3496 type=observe q_pred_context=1.188688 sequence=2379.288756
[plan iscas99__b17] [plan] step=598 node=N3458 type=observe q_pred_context=0.958927 sequence=2380.247683
[plan iscas99__b17] [plan] step=599 node=N2086 type=control1 q_pred_context=3.701957 sequence=2383.949640
[plan iscas99__b17] [plan] step=600 node=N19835 type=observe q_pred_context=2.075184 sequence=2386.024824
[plan iscas99__b17] [plan] step=601 node=N1992 type=observe q_pred_context=1.403013 sequence=2387.427836
[plan iscas99__b17] [plan] step=602 node=N19428 type=observe q_pred_context=1.504778 sequence=2388.932615
[plan iscas99__b17] [plan] step=603 node=N3415 type=observe q_pred_context=1.896866 sequence=2390.829481
[plan iscas99__b17] [plan] step=604 node=N26314 type=observe q_pred_context=1.685984 sequence=2392.515465
[plan iscas99__b17] [plan] step=605 node=N3457 type=observe q_pred_context=0.895792 sequence=2393.411257
[plan iscas99__b17] [plan] step=606 node=N26402 type=observe q_pred_context=1.541710 sequence=2394.952967
[plan iscas99__b17] [plan] step=607 node=N19399 type=observe q_pred_context=4.200000 sequence=2399.152967
[plan iscas99__b17] [plan] step=608 node=N26416 type=observe q_pred_context=1.973201 sequence=2401.126168
[plan iscas99__b17] [plan] step=609 node=N21776 type=observe q_pred_context=2.984505 sequence=2404.110673
[plan iscas99__b17] [plan] step=610 node=N19386 type=observe q_pred_context=2.909149 sequence=2407.019823
[plan iscas99__b17] [plan] step=611 node=N26431 type=observe q_pred_context=3.271087 sequence=2410.290910
[plan iscas99__b17] [plan] step=612 node=N26440 type=observe q_pred_context=3.190105 sequence=2413.481015
[plan iscas99__b17] [plan] step=613 node=N26228 type=observe q_pred_context=3.189339 sequence=2416.670355
[plan iscas99__b17] [plan] step=614 node=N26409 type=observe q_pred_context=3.657010 sequence=2420.327365
[plan iscas99__b17] [plan] step=615 node=N26447 type=observe q_pred_context=3.657304 sequence=2423.984669
[plan iscas99__b17] [plan] step=616 node=N3516 type=observe q_pred_context=0.789578 sequence=2424.774247
[plan iscas99__b17] [plan] step=617 node=N3515 type=observe q_pred_context=0.873501 sequence=2425.647748
[plan iscas99__b17] [plan] step=618 node=N3517 type=observe q_pred_context=0.989757 sequence=2426.637505
[plan iscas99__b17] [plan] step=619 node=N3574 type=observe q_pred_context=1.039469 sequence=2427.676974
[plan iscas99__b17] [plan] step=620 node=N3293 type=observe q_pred_context=0.989718 sequence=2428.666692
[plan iscas99__b17] [plan] step=621 node=N3298 type=observe q_pred_context=0.851809 sequence=2429.518501
[plan iscas99__b17] [plan] step=622 node=N3445 type=observe q_pred_context=0.732559 sequence=2430.251060
[plan iscas99__b17] [plan] step=623 node=N3478 type=observe q_pred_context=0.774719 sequence=2431.025780
[plan iscas99__b17] [plan] step=624 node=N3479 type=observe q_pred_context=0.863466 sequence=2431.889246
[plan iscas99__b17] [plan] step=625 node=N3477 type=observe q_pred_context=0.772667 sequence=2432.661913
[plan iscas99__b17] [plan] step=626 node=N3444 type=observe q_pred_context=0.758158 sequence=2433.420071
[plan iscas99__b17] [plan] step=627 node=N3408 type=observe q_pred_context=0.730680 sequence=2434.150750
[plan iscas99__b17] [plan] step=628 node=N3407 type=observe q_pred_context=0.749340 sequence=2434.900090
[plan iscas99__b17] [plan] step=629 node=N3428 type=observe q_pred_context=0.728924 sequence=2435.629015
[plan iscas99__b17] [plan] step=630 node=N3429 type=observe q_pred_context=0.851659 sequence=2436.480673
[plan iscas99__b17] [plan] step=631 node=N3427 type=observe q_pred_context=0.750337 sequence=2437.231010
[plan iscas99__b17] [plan] step=632 node=N3536 type=observe q_pred_context=0.727879 sequence=2437.958889
[plan iscas99__b17] [plan] step=633 node=N3535 type=observe q_pred_context=0.751634 sequence=2438.710524
[plan iscas99__b17] [plan] step=634 node=N3563 type=observe q_pred_context=0.727345 sequence=2439.437868
[plan iscas99__b17] [plan] step=635 node=N3562 type=observe q_pred_context=0.752017 sequence=2440.189885
[plan iscas99__b17] [plan] step=636 node=N3451 type=observe q_pred_context=0.727027 sequence=2440.916912
[plan iscas99__b17] [plan] step=637 node=N3450 type=observe q_pred_context=0.894314 sequence=2441.811225
[plan iscas99__b17] [plan] step=638 node=N3505 type=observe q_pred_context=0.726655 sequence=2442.537881
[plan iscas99__b17] [plan] step=639 node=N3506 type=observe q_pred_context=0.917350 sequence=2443.455231
[plan iscas99__b17] [plan] step=640 node=N3544 type=observe q_pred_context=0.726490 sequence=2444.181721
[plan iscas99__b17] [plan] step=641 node=N25713 type=observe q_pred_context=1.245708 sequence=2445.427428
[plan iscas99__b17] [plan] step=642 node=N3545 type=observe q_pred_context=0.819871 sequence=2446.247300
[plan iscas99__b17] [plan] step=643 node=N3526 type=observe q_pred_context=0.726117 sequence=2446.973417
[plan iscas99__b17] [plan] step=644 node=N2201 type=control0 q_pred_context=1.701164 sequence=2448.674581
[plan iscas99__b17] [plan] step=645 node=N3527 type=observe q_pred_context=0.790914 sequence=2449.465494
[plan iscas99__b17] [plan] step=646 node=N3469 type=observe q_pred_context=0.729088 sequence=2450.194582
[plan iscas99__b17] [plan] step=647 node=N3470 type=observe q_pred_context=0.884098 sequence=2451.078680
[plan iscas99__b17] [plan] step=648 node=N3471 type=observe q_pred_context=0.945240 sequence=2452.023920
[plan iscas99__b17] [plan] step=649 node=N3848 type=observe q_pred_context=0.955012 sequence=2452.978932
[plan iscas99__b17] [plan] step=650 node=N3318 type=observe q_pred_context=0.777967 sequence=2453.756899
[plan iscas99__b17] [plan] step=651 node=N3332 type=observe q_pred_context=0.848248 sequence=2454.605146
[plan iscas99__b17] [plan] step=652 node=N3331 type=observe q_pred_context=0.963561 sequence=2455.568708
[plan iscas99__b17] [plan] step=653 node=N3330 type=observe q_pred_context=0.976144 sequence=2456.544852
[plan iscas99__b17] [plan] step=654 node=N3386 type=observe q_pred_context=0.762507 sequence=2457.307358
[plan iscas99__b17] [plan] step=655 node=N3347 type=observe q_pred_context=0.757176 sequence=2458.064534
[plan iscas99__b17] [plan] step=656 node=N3346 type=observe q_pred_context=0.958375 sequence=2459.022909
[plan iscas99__b17] [plan] step=657 node=N3348 type=observe q_pred_context=1.076066 sequence=2460.098976
[plan iscas99__b17] [plan] step=658 node=N3554 type=observe q_pred_context=0.745523 sequence=2460.844499
[plan iscas99__b17] [plan] step=659 node=N3553 type=observe q_pred_context=0.754905 sequence=2461.599404
[plan iscas99__b17] [plan] step=660 node=N3463 type=observe q_pred_context=0.741936 sequence=2462.341340
[plan iscas99__b17] [plan] step=661 node=N3464 type=observe q_pred_context=0.758704 sequence=2463.100043
[plan iscas99__b17] [plan] step=662 node=N19878 type=observe q_pred_context=1.253468 sequence=2464.353511
[plan iscas99__b17] [plan] step=663 node=N3338 type=observe q_pred_context=0.741802 sequence=2465.095313
[plan iscas99__b17] [plan] step=664 node=N3340 type=observe q_pred_context=0.914672 sequence=2466.009986
[plan iscas99__b17] [plan] step=665 node=N3860 type=observe q_pred_context=0.975922 sequence=2466.985908
[plan iscas99__b17] [plan] step=666 node=N3864 type=observe q_pred_context=0.928352 sequence=2467.914260
[plan iscas99__b17] [plan] step=667 node=N3868 type=observe q_pred_context=0.862672 sequence=2468.776932
[plan iscas99__b17] [plan] step=668 node=N3876 type=observe q_pred_context=0.831392 sequence=2469.608324
[plan iscas99__b17] [plan] step=669 node=N3339 type=observe q_pred_context=0.738789 sequence=2470.347114
[plan iscas99__b17] [plan] step=670 node=N3356 type=observe q_pred_context=0.728089 sequence=2471.075203
[plan iscas99__b17] [plan] step=671 node=N3354 type=observe q_pred_context=0.764603 sequence=2471.839806
[plan iscas99__b17] [plan] step=672 node=N3355 type=observe q_pred_context=0.781933 sequence=2472.621739
[plan iscas99__b17] [plan] step=673 node=N3358 type=observe q_pred_context=0.734744 sequence=2473.356483
[plan iscas99__b17] [plan] step=674 node=N7639 type=observe q_pred_context=0.879443 sequence=2474.235926
[plan iscas99__b17] [plan] step=675 node=N3490 type=observe q_pred_context=0.733686 sequence=2474.969612
[plan iscas99__b17] [plan] step=676 node=N3566 type=observe q_pred_context=0.733868 sequence=2475.703480
[plan iscas99__b17] [plan] step=677 node=N3568 type=observe q_pred_context=0.877865 sequence=2476.581345
[plan iscas99__b17] [plan] step=678 node=N7637 type=observe q_pred_context=0.807426 sequence=2477.388771
[plan iscas99__b17] [plan] step=679 node=N3510 type=observe q_pred_context=0.734358 sequence=2478.123129
[plan iscas99__b17] [plan] step=680 node=N3512 type=observe q_pred_context=0.872547 sequence=2478.995677
[plan iscas99__b17] [plan] step=681 node=N3396 type=observe q_pred_context=0.735338 sequence=2479.731014
[plan iscas99__b17] [plan] step=682 node=N3814 type=observe q_pred_context=0.845896 sequence=2480.576911
[plan iscas99__b17] [plan] step=683 node=N3818 type=observe q_pred_context=0.819211 sequence=2481.396121
[plan iscas99__b17] [plan] step=684 node=N3822 type=observe q_pred_context=0.797413 sequence=2482.193534
[plan iscas99__b17] [plan] step=685 node=N3834 type=observe q_pred_context=0.794294 sequence=2482.987828
[plan iscas99__b17] [plan] step=686 node=N3838 type=observe q_pred_context=0.807638 sequence=2483.795466
[plan iscas99__b17] [plan] step=687 node=N3319 type=observe q_pred_context=0.727647 sequence=2484.523113
[plan iscas99__b17] [plan] step=688 node=N3363 type=observe q_pred_context=0.844076 sequence=2485.367189
[plan iscas99__b17] [plan] step=689 node=N3362 type=observe q_pred_context=0.897438 sequence=2486.264627
[plan iscas99__b17] [plan] step=690 node=N3364 type=observe q_pred_context=0.942090 sequence=2487.206716
[plan iscas99__b17] [plan] step=691 node=N3379 type=observe q_pred_context=0.758621 sequence=2487.965338
[plan iscas99__b17] [plan] step=692 node=N3378 type=observe q_pred_context=0.917964 sequence=2488.883302
[plan iscas99__b17] [plan] step=693 node=N3380 type=observe q_pred_context=0.981531 sequence=2489.864834
[plan iscas99__b17] [plan] step=694 node=N19879 type=observe q_pred_context=0.874271 sequence=2490.739105
[plan iscas99__b17] [plan] step=695 node=N3325 type=observe q_pred_context=0.733048 sequence=2491.472153
[plan iscas99__b17] [plan] step=696 node=N3324 type=observe q_pred_context=0.892881 sequence=2492.365034
[plan iscas99__b17] [plan] step=697 node=N3323 type=observe q_pred_context=0.919656 sequence=2493.284690
[plan iscas99__b17] [plan] step=698 node=N3460 type=observe q_pred_context=0.738301 sequence=2494.022991
[plan iscas99__b17] [plan] step=699 node=N3447 type=observe q_pred_context=0.734042 sequence=2494.757034
[plan iscas99__b17] [plan] step=700 node=N3431 type=observe q_pred_context=0.744049 sequence=2495.501083
[plan iscas99__b17] [plan] step=701 node=N3539 type=observe q_pred_context=0.742100 sequence=2496.243183
[plan iscas99__b17] [plan] step=702 node=N3541 type=observe q_pred_context=0.941702 sequence=2497.184885
[plan iscas99__b17] [plan] step=703 node=N3342 type=observe q_pred_context=0.743419 sequence=2497.928305
[plan iscas99__b17] [plan] step=704 node=N3410 type=observe q_pred_context=0.737618 sequence=2498.665923
[plan iscas99__b17] [plan] step=705 node=N9042 type=observe q_pred_context=0.988807 sequence=2499.654729
[plan iscas99__b17] [plan] step=706 node=N3374 type=observe q_pred_context=0.745560 sequence=2500.400290
[plan iscas99__b17] [plan] step=707 node=N3370 type=observe q_pred_context=0.752496 sequence=2501.152786
[plan iscas99__b17] [plan] step=708 node=N3372 type=observe q_pred_context=0.978151 sequence=2502.130937
[plan iscas99__b17] [plan] step=709 node=N3371 type=observe q_pred_context=0.816216 sequence=2502.947153
[plan iscas99__b17] [plan] step=710 node=N3389 type=observe q_pred_context=0.773743 sequence=2503.720896
[plan iscas99__b17] [plan] step=711 node=N25756 type=observe q_pred_context=0.962275 sequence=2504.683172
[plan iscas99__b17] [plan] step=712 node=N3393 type=observe q_pred_context=0.766506 sequence=2505.449677
[plan iscas99__b17] [plan] step=713 node=N3394 type=observe q_pred_context=0.910412 sequence=2506.360090
[plan iscas99__b17] [plan] step=714 node=N3350 type=observe q_pred_context=0.765128 sequence=2507.125217
[plan iscas99__b17] [plan] step=715 node=N2217 type=control0 q_pred_context=1.575455 sequence=2508.700673
[plan iscas99__b17] [plan] step=716 node=N2188 type=control0 q_pred_context=1.801713 sequence=2510.502385
[plan iscas99__b17] [plan] step=717 node=N2188 type=control1 q_pred_context=0.888685 sequence=2511.391071
[plan iscas99__b17] [plan] step=718 node=N2219 type=control0 q_pred_context=0.877873 sequence=2512.268944
[plan iscas99__b17] [plan] step=719 node=N9505 type=observe q_pred_context=0.996206 sequence=2513.265150
[plan iscas99__b17] [plan] step=720 node=N17825 type=control0 q_pred_context=0.844014 sequence=2514.109163
[plan iscas99__b17] [plan] step=721 node=N25757 type=observe q_pred_context=1.034847 sequence=2515.144011
[plan iscas99__b17] [plan] step=722 node=N20562 type=control0 q_pred_context=0.857153 sequence=2516.001164
[plan iscas99__b17] [plan] step=723 node=N3764 type=observe q_pred_context=0.832233 sequence=2516.833397
[plan iscas99__b17] [plan] step=724 node=N3771 type=observe q_pred_context=0.999792 sequence=2517.833189
[plan iscas99__b17] [plan] step=725 node=N3774 type=observe q_pred_context=0.979164 sequence=2518.812353
[plan iscas99__b17] [plan] step=726 node=N8938 type=observe q_pred_context=0.758990 sequence=2519.571343
[plan iscas99__b17] [plan] step=727 node=N19855 type=observe q_pred_context=0.900985 sequence=2520.472328
[plan iscas99__b17] [plan] step=728 node=N2921 type=observe q_pred_context=0.765499 sequence=2521.237827
[plan iscas99__b17] [plan] step=729 node=N8937 type=observe q_pred_context=0.758996 sequence=2521.996823
[plan iscas99__b17] [plan] step=730 node=N25733 type=observe q_pred_context=0.941738 sequence=2522.938561
[plan iscas99__b17] [plan] step=731 node=N3765 type=observe q_pred_context=0.777481 sequence=2523.716043
[plan iscas99__b17] [plan] step=732 node=N26107 type=observe q_pred_context=0.758970 sequence=2524.475012
[plan iscas99__b17] [plan] step=733 node=N3530 type=observe q_pred_context=0.758911 sequence=2525.233923
[plan iscas99__b17] [plan] step=734 node=N3532 type=observe q_pred_context=0.908938 sequence=2526.142862
[plan iscas99__b17] [plan] step=735 node=N2192 type=control0 q_pred_context=1.583058 sequence=2527.725919
[plan iscas99__b17] [plan] step=736 node=N2192 type=control1 q_pred_context=0.809867 sequence=2528.535786
[plan iscas99__b17] [plan] step=737 node=N3557 type=observe q_pred_context=0.758981 sequence=2529.294767
[plan iscas99__b17] [plan] step=738 node=N3559 type=observe q_pred_context=0.882944 sequence=2530.177711
[plan iscas99__b17] [plan] step=739 node=N3548 type=observe q_pred_context=0.758876 sequence=2530.936587
[plan iscas99__b17] [plan] step=740 node=N3550 type=observe q_pred_context=0.908051 sequence=2531.844638
[plan iscas99__b17] [plan] step=741 node=N3520 type=observe q_pred_context=0.754700 sequence=2532.599338
[plan iscas99__b17] [plan] step=742 node=N3522 type=observe q_pred_context=0.928389 sequence=2533.527727
[plan iscas99__b17] [plan] step=743 node=N19864 type=observe q_pred_context=1.115970 sequence=2534.643698
[plan iscas99__b17] [plan] step=744 node=N2148 type=observe q_pred_context=0.759181 sequence=2535.402879
[plan iscas99__b17] [plan] step=745 node=N3417 type=observe q_pred_context=0.758947 sequence=2536.161826
[plan iscas99__b17] [plan] step=746 node=N19868 type=observe q_pred_context=0.933701 sequence=2537.095527
[plan iscas99__b17] [plan] step=747 node=N3334 type=observe q_pred_context=0.794274 sequence=2537.889801
[plan iscas99__b17] [plan] step=748 node=N3500 type=observe q_pred_context=0.759004 sequence=2538.648805
[plan iscas99__b17] [plan] step=749 node=N3502 type=observe q_pred_context=0.878574 sequence=2539.527379
[plan iscas99__b17] [plan] step=750 node=N3531 type=observe q_pred_context=0.759374 sequence=2540.286754
[plan iscas99__b17] [plan] step=751 node=N3558 type=observe q_pred_context=0.759172 sequence=2541.045926
[plan iscas99__b17] [plan] step=752 node=N3491 type=observe q_pred_context=0.768911 sequence=2541.814836
[plan iscas99__b17] [plan] step=753 node=N3492 type=observe q_pred_context=0.897963 sequence=2542.712799
[plan iscas99__b17] [plan] step=754 node=N3511 type=observe q_pred_context=0.765877 sequence=2543.478676
[plan iscas99__b17] [plan] step=755 node=N3567 type=observe q_pred_context=0.763290 sequence=2544.241966
[plan iscas99__b17] [plan] step=756 node=N3540 type=observe q_pred_context=0.762728 sequence=2545.004694
[plan iscas99__b17] [plan] step=757 node=N3501 type=observe q_pred_context=0.755134 sequence=2545.759829
[plan iscas99__b17] [plan] step=758 node=N3327 type=observe q_pred_context=0.753996 sequence=2546.513824
[plan iscas99__b17] [plan] step=759 node=N3437 type=observe q_pred_context=0.752509 sequence=2547.266333
[plan iscas99__b17] [plan] step=760 node=N3436 type=observe q_pred_context=0.762488 sequence=2548.028821
[plan iscas99__b17] [plan] step=761 node=N3435 type=observe q_pred_context=0.766200 sequence=2548.795021
[plan iscas99__b17] [plan] step=762 node=N3424 type=observe q_pred_context=0.751359 sequence=2549.546380
[plan iscas99__b17] [plan] step=763 node=N26129 type=observe q_pred_context=0.746567 sequence=2550.292947
[plan iscas99__b17] [plan] step=764 node=N3439 type=observe q_pred_context=0.743924 sequence=2551.036871
[plan iscas99__b17] [plan] step=765 node=N26103 type=observe q_pred_context=0.735325 sequence=2551.772197
[plan iscas99__b17] [plan] step=766 node=N26099 type=observe q_pred_context=0.749808 sequence=2552.522005
[plan iscas99__b17] [plan] step=767 node=N26123 type=observe q_pred_context=0.748151 sequence=2553.270156
[plan iscas99__b17] [plan] step=768 node=N26121 type=observe q_pred_context=0.751332 sequence=2554.021488
[plan iscas99__b17] [plan] step=769 node=N26119 type=observe q_pred_context=0.751612 sequence=2554.773100
[plan iscas99__b17] [plan] step=770 node=N26125 type=observe q_pred_context=0.751319 sequence=2555.524419
[plan iscas99__b17] [plan] step=771 node=N26101 type=observe q_pred_context=0.751261 sequence=2556.275681
[plan iscas99__b17] [plan] step=772 node=N3549 type=observe q_pred_context=0.751261 sequence=2557.026942
[plan iscas99__b17] [plan] step=773 node=N26105 type=observe q_pred_context=0.751257 sequence=2557.778199
[plan iscas99__b17] [plan] step=774 node=N26115 type=observe q_pred_context=0.751260 sequence=2558.529459
[plan iscas99__b17] [plan] step=775 node=N26111 type=observe q_pred_context=0.751263 sequence=2559.280722
[plan iscas99__b17] [plan] step=776 node=N26085 type=observe q_pred_context=0.751275 sequence=2560.031997
[plan iscas99__b17] [plan] step=777 node=N3453 type=observe q_pred_context=0.751283 sequence=2560.783280
[plan iscas99__b17] [plan] step=778 node=N3403 type=observe q_pred_context=0.751269 sequence=2561.534549
[plan iscas99__b17] [plan] step=779 node=N3521 type=observe q_pred_context=0.757580 sequence=2562.292129
[plan iscas99__b17] [plan] step=780 node=N26113 type=observe q_pred_context=0.768168 sequence=2563.060297
[plan iscas99__b17] [plan] step=781 node=N3466 type=observe q_pred_context=0.776276 sequence=2563.836573
[plan iscas99__b17] [plan] step=782 node=N3421 type=observe q_pred_context=0.791852 sequence=2564.628424
[plan iscas99__b17] [plan] step=783 node=N3422 type=observe q_pred_context=0.989364 sequence=2565.617788
[plan iscas99__b17] [plan] step=784 node=N3473 type=observe q_pred_context=0.834368 sequence=2566.452156
[plan iscas99__b17] [plan] step=785 node=N3481 type=observe q_pred_context=0.833985 sequence=2567.286141
[plan iscas99__b17] [plan] step=786 node=N3304 type=observe q_pred_context=0.830978 sequence=2568.117119
[plan iscas99__b17] [plan] step=787 node=N9502 type=observe q_pred_context=0.815409 sequence=2568.932528
[plan iscas99__b17] [plan] step=788 node=N3768 type=observe q_pred_context=0.812261 sequence=2569.744789
[plan iscas99__b17] [plan] step=789 node=N28765 type=observe q_pred_context=0.811050 sequence=2570.555839
[plan iscas99__b17] [plan] step=790 node=N28759 type=observe q_pred_context=0.810696 sequence=2571.366536
[plan iscas99__b17] [plan] step=791 node=N28762 type=observe q_pred_context=0.919715 sequence=2572.286251
[plan iscas99__b17] [plan] step=792 node=N28755 type=observe q_pred_context=0.923725 sequence=2573.209975
[plan iscas99__b17] [plan] step=793 node=N28761 type=observe q_pred_context=0.925380 sequence=2574.135355
[plan iscas99__b17] [plan] step=794 node=N28757 type=observe q_pred_context=0.925994 sequence=2575.061349
[plan iscas99__b17] [plan] step=795 node=N28764 type=observe q_pred_context=0.922965 sequence=2575.984314
[plan iscas99__b17] [plan] step=796 node=N28758 type=observe q_pred_context=0.945706 sequence=2576.930020
[plan iscas99__b17] [plan] step=797 node=N28760 type=observe q_pred_context=0.938093 sequence=2577.868113
[plan iscas99__b17] [plan] step=798 node=N28763 type=observe q_pred_context=0.940506 sequence=2578.808619
[plan iscas99__b17] [plan] step=799 node=N27363 type=observe q_pred_context=0.957580 sequence=2579.766199
[plan iscas99__b17] [plan] step=800 node=N19876 type=observe q_pred_context=1.247769 sequence=2581.013968
[plan iscas99__b17] [plan] step=801 node=N26505 type=observe q_pred_context=1.317620 sequence=2582.331587
[plan iscas99__b17] [plan] step=802 node=N26423 type=observe q_pred_context=1.385888 sequence=2583.717475
[plan iscas99__b17] [plan] step=803 node=N26506 type=observe q_pred_context=1.562060 sequence=2585.279535
[plan iscas99__b17] [plan] step=804 node=N26282 type=observe q_pred_context=1.418459 sequence=2586.697994
[plan iscas99__b17] [plan] step=805 node=N1988 type=observe q_pred_context=1.684217 sequence=2588.382211
[plan iscas99__b17] [plan] step=806 node=N26164 type=observe q_pred_context=1.592544 sequence=2589.974755
[plan iscas99__b17] [plan] step=807 node=N3775 type=observe q_pred_context=2.059351 sequence=2592.034105
[plan iscas99__b17] [plan] step=808 node=N26224 type=observe q_pred_context=1.340181 sequence=2593.374287
[plan iscas99__b17] [plan] step=809 node=N26220 type=observe q_pred_context=1.690061 sequence=2595.064348
[plan iscas99__b17] [plan] step=810 node=N3777 type=observe q_pred_context=1.260057 sequence=2596.324405
[plan iscas99__b17] [plan] step=811 node=N3776 type=observe q_pred_context=1.048830 sequence=2597.373234
[plan iscas99__b17] [plan] step=812 node=N2238 type=observe q_pred_context=1.225981 sequence=2598.599215
[plan iscas99__b17] [plan] step=813 node=N19522 type=observe q_pred_context=1.882750 sequence=2600.481965
[plan iscas99__b17] [plan] step=814 node=N2239 type=observe q_pred_context=1.473879 sequence=2601.955844
[plan iscas99__b17] [plan] step=815 node=N19711 type=observe q_pred_context=1.250259 sequence=2603.206102
[plan iscas99__b17] [plan] step=816 node=N2235 type=observe q_pred_context=1.412057 sequence=2604.618159
[plan iscas99__b17] [plan] step=817 node=N19709 type=observe q_pred_context=1.574217 sequence=2606.192377
[plan iscas99__b17] [plan] step=818 node=N19710 type=observe q_pred_context=1.287753 sequence=2607.480130
[plan iscas99__b17] [plan] step=819 node=N2242 type=observe q_pred_context=1.139698 sequence=2608.619828
[plan iscas99__b17] [plan] step=820 node=N3580 type=observe q_pred_context=3.616502 sequence=2612.236330
[plan iscas99__b17] [plan] step=821 node=N3844 type=observe q_pred_context=2.541059 sequence=2614.777389
[plan iscas99__b17] [plan] step=822 node=N2156 type=control0 q_pred_context=3.677096 sequence=2618.454485
[plan iscas99__b17] [plan] step=823 node=N3896 type=observe q_pred_context=1.253719 sequence=2619.708204
[plan iscas99__b17] [plan] step=824 node=N2156 type=control1 q_pred_context=1.419180 sequence=2621.127384
[plan iscas99__b17] [plan] step=825 node=N20379 type=control0 q_pred_context=1.281961 sequence=2622.409344
[plan iscas99__b17] [plan] step=826 node=N3390 type=observe q_pred_context=1.719785 sequence=2624.129129
[plan iscas99__b17] [plan] step=827 node=N9601 type=observe q_pred_context=1.196429 sequence=2625.325558
[plan iscas99__b17] [plan] step=828 node=N2695 type=observe q_pred_context=1.496535 sequence=2626.822094
[plan iscas99__b17] [plan] step=829 node=N3397 type=observe q_pred_context=1.423882 sequence=2628.245976
[plan iscas99__b17] [plan] step=830 node=N3904 type=observe q_pred_context=0.987869 sequence=2629.233845
[plan iscas99__b17] [plan] step=831 node=N2696 type=observe q_pred_context=0.775279 sequence=2630.009124
[plan iscas99__b17] [plan] step=832 node=N2697 type=observe q_pred_context=0.726263 sequence=2630.735387
[plan iscas99__b17] [plan] step=833 node=N20950 type=observe q_pred_context=0.719802 sequence=2631.455189
[plan iscas99__b17] [plan] step=834 node=N2876 type=observe q_pred_context=0.587981 sequence=2632.043171
[plan iscas99__b17] [plan] step=835 node=N2856 type=observe q_pred_context=0.977716 sequence=2633.020887
[plan iscas99__b17] [plan] step=836 node=N29484 type=observe q_pred_context=0.784475 sequence=2633.805362
[plan iscas99__b17] [plan] step=837 node=N29528 type=observe q_pred_context=1.017099 sequence=2634.822461
[plan iscas99__b17] [plan] step=838 node=N29529 type=observe q_pred_context=1.095023 sequence=2635.917484
[plan iscas99__b17] [plan] step=839 node=N9595 type=observe q_pred_context=0.718408 sequence=2636.635893
[plan iscas99__b17] [plan] step=840 node=N2849 type=observe q_pred_context=0.721954 sequence=2637.357846
[plan iscas99__b17] [plan] step=841 node=N3955 type=observe q_pred_context=1.331499 sequence=2638.689345
[plan iscas99__b17] [plan] step=842 node=N9593 type=observe q_pred_context=0.768045 sequence=2639.457390
[plan iscas99__b17] [plan] step=843 node=N26476 type=observe q_pred_context=1.124516 sequence=2640.581906
[plan iscas99__b17] [plan] step=844 node=N14170 type=observe q_pred_context=0.877476 sequence=2641.459382
[plan iscas99__b17] [plan] step=845 node=N26518 type=observe q_pred_context=1.186041 sequence=2642.645422
[plan iscas99__b17] [plan] step=846 node=N26519 type=observe q_pred_context=1.228160 sequence=2643.873582
[plan iscas99__b17] [plan] step=847 node=N26509 type=observe q_pred_context=2.037826 sequence=2645.911408
[plan iscas99__b17] [plan] step=848 node=N24950 type=observe q_pred_context=1.650290 sequence=2647.561698
[plan iscas99__b17] [plan] step=849 node=N19330 type=observe q_pred_context=0.679644 sequence=2648.241342
[plan iscas99__b17] [plan] step=850 node=N27654 type=observe q_pred_context=0.750977 sequence=2648.992318
[plan iscas99__b17] [plan] step=851 node=N8957 type=observe q_pred_context=0.749089 sequence=2649.741407
[plan iscas99__b17] [plan] step=852 node=N3957 type=observe q_pred_context=0.631227 sequence=2650.372634
[plan iscas99__b17] [plan] step=853 node=N29390 type=observe q_pred_context=0.628641 sequence=2651.001275
[plan iscas99__b17] [plan] step=854 node=N31492 type=observe q_pred_context=0.628490 sequence=2651.629765
[plan iscas99__b17] [plan] step=855 node=N20517 type=observe q_pred_context=0.669388 sequence=2652.299152
[plan iscas99__b17] [plan] step=856 node=N26510 type=observe q_pred_context=0.916428 sequence=2653.215580
[plan iscas99__b17] [plan] step=857 node=N26511 type=observe q_pred_context=1.131262 sequence=2654.346842
[plan iscas99__b17] [plan] step=858 node=N14123 type=observe q_pred_context=0.652356 sequence=2654.999198
[plan iscas99__b17] [plan] step=859 node=N26515 type=observe q_pred_context=0.996410 sequence=2655.995608
[plan iscas99__b17] [plan] step=860 node=N26516 type=observe q_pred_context=1.139478 sequence=2657.135086
[plan iscas99__b17] [plan] step=861 node=N14120 type=observe q_pred_context=0.637323 sequence=2657.772409
[plan iscas99__b17] [plan] step=862 node=N14121 type=observe q_pred_context=0.649254 sequence=2658.421663
[plan iscas99__b17] [plan] step=863 node=N27256 type=observe q_pred_context=0.684580 sequence=2659.106243
[plan iscas99__b17] [plan] step=864 node=N14105 type=observe q_pred_context=0.675562 sequence=2659.781805
[plan iscas99__b17] [plan] step=865 node=N14122 type=observe q_pred_context=0.666434 sequence=2660.448238
[plan iscas99__b17] [plan] step=866 node=N21194 type=observe q_pred_context=0.712713 sequence=2661.160951
[plan iscas99__b17] [plan] step=867 node=N14118 type=observe q_pred_context=0.778077 sequence=2661.939028
[plan iscas99__b17] [plan] step=868 node=N27261 type=observe q_pred_context=0.793484 sequence=2662.732512
[plan iscas99__b17] [plan] step=869 node=N27254 type=observe q_pred_context=0.789913 sequence=2663.522425
[plan iscas99__b17] [plan] step=870 node=N27255 type=observe q_pred_context=0.838624 sequence=2664.361049
[plan iscas99__b17] [plan] step=871 node=N27260 type=observe q_pred_context=0.831757 sequence=2665.192806
[plan iscas99__b17] [plan] step=872 node=N22518 type=observe q_pred_context=0.809365 sequence=2666.002171
[plan iscas99__b17] [plan] step=873 node=N22528 type=observe q_pred_context=1.375234 sequence=2667.377404
[plan iscas99__b17] [plan] step=874 node=N30476 type=observe q_pred_context=0.878393 sequence=2668.255797
[plan iscas99__b17] [plan] step=875 node=N31020 type=observe q_pred_context=0.840323 sequence=2669.096120
[plan iscas99__b17] [plan] step=876 node=N26502 type=observe q_pred_context=1.598858 sequence=2670.694978
[plan iscas99__b17] [plan] step=877 node=N26503 type=observe q_pred_context=1.873695 sequence=2672.568673
[plan iscas99__b17] [plan] step=878 node=N26504 type=observe q_pred_context=1.888962 sequence=2674.457635
[plan iscas99__b17] [plan] step=879 node=N26508 type=observe q_pred_context=1.767814 sequence=2676.225448
[plan iscas99__b17] [plan] step=880 node=N26513 type=observe q_pred_context=1.939812 sequence=2678.165260
[plan iscas99__b17] [plan] step=881 node=N26517 type=observe q_pred_context=2.142762 sequence=2680.308022
[plan iscas99__b17] [plan] step=882 node=N14106 type=observe q_pred_context=1.137559 sequence=2681.445582
[plan iscas99__b17] [plan] step=883 node=N14116 type=observe q_pred_context=0.959369 sequence=2682.404951
[plan iscas99__b17] [plan] step=884 node=N14114 type=observe q_pred_context=0.862243 sequence=2683.267194
[plan iscas99__b17] [plan] step=885 node=N14112 type=observe q_pred_context=0.724701 sequence=2683.991894
[plan iscas99__b17] [plan] step=886 node=N14110 type=observe q_pred_context=0.637669 sequence=2684.629564
[plan iscas99__b17] [plan] step=887 node=N2217 type=control1 q_pred_context=0.578950 sequence=2685.208513
[plan iscas99__b17] [plan] step=888 node=N3292 type=control0 q_pred_context=2.837083 sequence=2688.045596
[plan iscas99__b17] [plan] step=889 node=N2200 type=control1 q_pred_context=1.295302 sequence=2689.340898
[plan iscas99__b17] [plan] step=890 node=N26681 type=observe q_pred_context=0.633465 sequence=2689.974363
[plan iscas99__b17] [plan] step=891 node=N5882 type=observe q_pred_context=3.372516 sequence=2693.346878
[plan iscas99__b17] [plan] step=892 node=N25742 type=observe q_pred_context=2.353121 sequence=2695.699999
[plan iscas99__b17] [plan] step=893 node=N31018 type=observe q_pred_context=0.918815 sequence=2696.618814
[plan iscas99__b17] [plan] step=894 node=N14095 type=observe q_pred_context=0.935762 sequence=2697.554576
[plan iscas99__b17] [plan] step=895 node=N30489 type=observe q_pred_context=0.651551 sequence=2698.206127
[plan iscas99__b17] [plan] step=896 node=N14101 type=observe q_pred_context=0.752367 sequence=2698.958494
[plan iscas99__b17] [plan] step=897 node=N14098 type=observe q_pred_context=0.659501 sequence=2699.617995
[plan iscas99__b17] [plan] step=898 node=N14103 type=observe q_pred_context=0.749442 sequence=2700.367437
[plan iscas99__b17] [plan] step=899 node=N31721 type=observe q_pred_context=0.644201 sequence=2701.011638
[plan iscas99__b17] [plan] step=900 node=N26086 type=observe q_pred_context=0.645001 sequence=2701.656640
[plan iscas99__b17] [plan] step=901 node=N29548 type=observe q_pred_context=0.643806 sequence=2702.300446
[plan iscas99__b17] [plan] step=902 node=N26507 type=observe q_pred_context=0.902948 sequence=2703.203394
[plan iscas99__b17] [plan] step=903 node=N14102 type=observe q_pred_context=0.639031 sequence=2703.842424
[plan iscas99__b17] [plan] step=904 node=N26130 type=observe q_pred_context=1.451776 sequence=2705.294201
[plan iscas99__b17] [plan] step=905 node=N14007 type=observe q_pred_context=0.821073 sequence=2706.115273
[plan iscas99__b17] [plan] step=906 node=N31722 type=observe q_pred_context=0.600302 sequence=2706.715575
[plan iscas99__b17] [plan] step=907 node=N14012 type=observe q_pred_context=0.877681 sequence=2707.593257
[plan iscas99__b17] [plan] step=908 node=N14099 type=observe q_pred_context=0.699473 sequence=2708.292729
[plan iscas99__b17] [plan] step=909 node=N13992 type=observe q_pred_context=0.862422 sequence=2709.155151
[plan iscas99__b17] [plan] step=910 node=N7909 type=observe q_pred_context=0.988959 sequence=2710.144111
[plan iscas99__b17] [plan] step=911 node=N14096 type=observe q_pred_context=0.668452 sequence=2710.812562
[plan iscas99__b17] [plan] step=912 node=N7896 type=observe q_pred_context=0.981720 sequence=2711.794282
[plan iscas99__b17] [plan] step=913 node=N7914 type=observe q_pred_context=0.990899 sequence=2712.785181
[plan iscas99__b17] [plan] step=914 node=N7904 type=observe q_pred_context=1.317389 sequence=2714.102570
[plan iscas99__b17] [plan] step=915 node=N14104 type=observe q_pred_context=0.888846 sequence=2714.991417
[plan iscas99__b17] [plan] step=916 node=N26108 type=observe q_pred_context=3.982673 sequence=2718.974089
[plan iscas99__b17] [plan] step=917 node=N26100 type=observe q_pred_context=5.958971 sequence=2724.933060
[plan iscas99__b17] [plan] step=918 node=N26102 type=observe q_pred_context=2.402770 sequence=2727.335830
[plan iscas99__b17] [plan] step=919 node=N26104 type=observe q_pred_context=3.166799 sequence=2730.502629
[plan iscas99__b17] [plan] step=920 node=N26106 type=observe q_pred_context=2.018937 sequence=2732.521566
[plan iscas99__b17] [plan] step=921 node=N26110 type=observe q_pred_context=1.763048 sequence=2734.284615
[plan iscas99__b17] [plan] step=922 node=N6026 type=observe q_pred_context=1.213300 sequence=2735.497914
[plan iscas99__b17] [plan] step=923 node=N14108 type=observe q_pred_context=0.804554 sequence=2736.302468
[plan iscas99__b17] [plan] step=924 node=N5270 type=observe q_pred_context=1.095293 sequence=2737.397762
[plan iscas99__b17] [plan] step=925 node=N5269 type=observe q_pred_context=0.866129 sequence=2738.263891
[plan iscas99__b17] [plan] step=926 node=N22512 type=observe q_pred_context=0.739759 sequence=2739.003650
[plan iscas99__b17] [plan] step=927 node=N27355 type=observe q_pred_context=1.704637 sequence=2740.708287
[plan iscas99__b17] [plan] step=928 node=N13455 type=observe q_pred_context=1.407061 sequence=2742.115348
[plan iscas99__b17] [plan] step=929 node=N13457 type=observe q_pred_context=0.716341 sequence=2742.831689
[plan iscas99__b17] [plan] step=930 node=N7640 type=observe q_pred_context=1.243678 sequence=2744.075367
[plan iscas99__b17] [plan] step=931 node=N5163 type=observe q_pred_context=1.296849 sequence=2745.372217
[plan iscas99__b17] [plan] step=932 node=N5158 type=observe q_pred_context=2.001926 sequence=2747.374143
[plan iscas99__b17] [plan] step=933 node=N7643 type=observe q_pred_context=2.273614 sequence=2749.647756
[plan iscas99__b17] [plan] step=934 node=N5738 type=observe q_pred_context=1.005629 sequence=2750.653385
[plan iscas99__b17] [plan] step=935 node=N5954 type=observe q_pred_context=4.333228 sequence=2754.986613
[plan iscas99__b17] [plan] step=936 node=N5906 type=observe q_pred_context=4.276155 sequence=2759.262768
[plan iscas99__b17] [plan] step=937 node=N5978 type=observe q_pred_context=4.181473 sequence=2763.444241
[plan iscas99__b17] [plan] step=938 node=N5858 type=observe q_pred_context=4.090080 sequence=2767.534321
[plan iscas99__b17] [plan] step=939 node=N3683 type=observe q_pred_context=4.980316 sequence=2772.514637
[plan iscas99__b17] [plan] step=940 node=N3425 type=observe q_pred_context=1.519928 sequence=2774.034566
[plan iscas99__b17] [plan] step=941 node=N3411 type=observe q_pred_context=1.086898 sequence=2775.121464
[plan iscas99__b17] [plan] step=942 node=N14093 type=observe q_pred_context=0.923598 sequence=2776.045061
[plan iscas99__b17] [plan] step=943 node=N31019 type=observe q_pred_context=0.898600 sequence=2776.943661
[plan iscas99__b17] [plan] step=944 node=N25340 type=observe q_pred_context=1.021435 sequence=2777.965096
[plan iscas99__b17] [plan] step=945 node=N22340 type=observe q_pred_context=1.074356 sequence=2779.039453
[plan iscas99__b17] [plan] step=946 node=N3432 type=observe q_pred_context=0.903861 sequence=2779.943314
[plan iscas99__b17] [plan] step=947 node=N22342 type=observe q_pred_context=1.383779 sequence=2781.327093
[plan iscas99__b17] [plan] step=948 node=N26126 type=observe q_pred_context=1.153675 sequence=2782.480768
[plan iscas99__b17] [plan] step=949 node=N26112 type=observe q_pred_context=1.649581 sequence=2784.130349
[plan iscas99__b17] [plan] step=950 node=N26114 type=observe q_pred_context=2.077597 sequence=2786.207946
[plan iscas99__b17] [plan] step=951 node=N26116 type=observe q_pred_context=2.328463 sequence=2788.536409
[plan iscas99__b17] [plan] step=952 node=N3448 type=observe q_pred_context=1.539538 sequence=2790.075948
[plan iscas99__b17] [plan] step=953 node=N3461 type=observe q_pred_context=1.122820 sequence=2791.198768
[plan iscas99__b17] [plan] step=954 node=N5690 type=observe q_pred_context=1.258110 sequence=2792.456878
[plan iscas99__b17] [plan] step=955 node=N3482 type=observe q_pred_context=1.916178 sequence=2794.373056
[plan iscas99__b17] [plan] step=956 node=N3440 type=observe q_pred_context=1.209554 sequence=2795.582610
[plan iscas99__b17] [plan] step=957 node=N19844 type=observe q_pred_context=1.530218 sequence=2797.112828
[plan iscas99__b17] [plan] step=958 node=N6002 type=observe q_pred_context=1.512428 sequence=2798.625256
[plan iscas99__b17] [plan] step=959 node=N27362 type=observe q_pred_context=1.629586 sequence=2800.254843
[plan iscas99__b17] [plan] step=960 node=N26120 type=observe q_pred_context=2.133150 sequence=2802.387993
[plan iscas99__b17] [plan] step=961 node=N26122 type=observe q_pred_context=2.300814 sequence=2804.688806
[plan iscas99__b17] [plan] step=962 node=N31007 type=observe q_pred_context=2.787518 sequence=2807.476324
[plan iscas99__b17] [plan] step=963 node=N26124 type=observe q_pred_context=3.046178 sequence=2810.522502
[plan iscas99__b17] [plan] step=964 node=N5930 type=observe q_pred_context=1.907677 sequence=2812.430180
[plan iscas99__b17] [plan] step=965 node=N25746 type=observe q_pred_context=2.169626 sequence=2814.599806
[plan iscas99__b17] [plan] step=966 node=N3454 type=observe q_pred_context=1.487866 sequence=2816.087672
[plan iscas99__b17] [plan] step=967 node=N3474 type=observe q_pred_context=1.379778 sequence=2817.467450
[plan iscas99__b17] [plan] step=968 node=N22514 type=observe q_pred_context=0.798118 sequence=2818.265568
[plan iscas99__b17] [plan] step=969 node=N2250 type=observe q_pred_context=1.281502 sequence=2819.547070
[plan iscas99__b17] [plan] step=970 node=N3467 type=observe q_pred_context=2.218983 sequence=2821.766053
[plan iscas99__b17] [plan] step=971 node=N3906 type=observe q_pred_context=1.784744 sequence=2823.550796
[plan iscas99__b17] [plan] step=972 node=N3404 type=observe q_pred_context=2.003305 sequence=2825.554102
[plan iscas99__b17] [plan] step=973 node=N3418 type=observe q_pred_context=2.527721 sequence=2828.081823
[plan iscas99__b17] [plan] step=974 node=N2244 type=observe q_pred_context=0.884929 sequence=2828.966752
[plan iscas99__b17] [plan] step=975 node=N25754 type=observe q_pred_context=5.694926 sequence=2834.661678
[plan iscas99__b17] [plan] step=976 node=N19834 type=observe q_pred_context=3.538143 sequence=2838.199821
[plan iscas99__b17] [plan] step=977 node=N2247 type=observe q_pred_context=1.204136 sequence=2839.403957
[plan iscas99__b17] [plan] step=978 node=N2248 type=observe q_pred_context=1.244446 sequence=2840.648403
[plan iscas99__b17] [plan] step=979 node=N20369 type=control0 q_pred_context=1.599652 sequence=2842.248055
[plan iscas99__b17] [plan] step=980 node=N2992 type=observe q_pred_context=1.835821 sequence=2844.083876
[plan iscas99__b17] [plan] step=981 node=N2243 type=observe q_pred_context=1.012391 sequence=2845.096267
[plan iscas99__b17] [plan] step=982 node=N2086 type=control0 q_pred_context=0.996489 sequence=2846.092757
[plan iscas99__b17] [plan] step=983 node=N2699 type=observe q_pred_context=0.847519 sequence=2846.940275
[plan iscas99__b17] [plan] step=984 node=N5832 type=observe q_pred_context=0.840760 sequence=2847.781035
[plan iscas99__b17] [plan] step=985 node=N5808 type=observe q_pred_context=0.841032 sequence=2848.622067
[plan iscas99__b17] [plan] step=986 node=N5904 type=observe q_pred_context=0.780222 sequence=2849.402289
[plan iscas99__b17] [plan] step=987 node=N5448 type=observe q_pred_context=1.384419 sequence=2850.786708
[plan iscas99__b17] [plan] step=988 node=N24568 type=observe q_pred_context=0.747435 sequence=2851.534143
[plan iscas99__b17] [plan] step=989 node=N2217 type=observe q_pred_context=1.234242 sequence=2852.768385
[plan iscas99__b17] [plan] step=990 node=N6024 type=observe q_pred_context=0.603147 sequence=2853.371532
[plan iscas99__b17] [plan] step=991 node=N8915 type=observe q_pred_context=0.646475 sequence=2854.018007
[plan iscas99__b17] [plan] step=992 node=N5856 type=observe q_pred_context=0.598874 sequence=2854.616881
[plan iscas99__b17] [plan] step=993 node=N5976 type=observe q_pred_context=0.449503 sequence=2855.066384
[plan iscas99__b17] [plan] step=994 node=N2968 type=control0 q_pred_context=3.251041 sequence=2858.317425
[plan iscas99__b17] saved=autoresearch/improve-260716-1344/round3_b17/context_recall_c192/plans/iscas99__b17__greedy__cumulative__q_pred_context__bw1__d1__c192__g1p0__candheuristic_recall_pool__div0p0__s0.csv
[gmean] 2026-07-16T17:12:51 [1/1] plan_done benchmark=iscas99__b17 plan_sec=8543.667 plan_csv=autoresearch/improve-260716-1344/round3_b17/context_recall_c192/plans/iscas99__b17__greedy__cumulative__q_pred_context__bw1__d1__c192__g1p0__candheuristic_recall_pool__div0p0__s0.csv
[gmean] 2026-07-16T17:12:51 [1/1] eval_start benchmark=iscas99__b17 backend=atalanta-bist patterns=300000
[eval iscas99__b17] {
[eval iscas99__b17]   "records": 2,
[eval iscas99__b17]   "labels_csv": "autoresearch/improve-260716-1344/round3_b17/context_recall_c192/evals/iscas99__b17__greedy__cumulative__q_pred_context__bw1__d1__c192__g1p0__candheuristic_recall_pool__div0p0__s0/labels.csv",
[eval iscas99__b17]   "summary_json": "autoresearch/improve-260716-1344/round3_b17/context_recall_c192/evals/iscas99__b17__greedy__cumulative__q_pred_context__bw1__d1__c192__g1p0__candheuristic_recall_pool__div0p0__s0/summary.json"
[eval iscas99__b17] }
[gmean] 2026-07-16T17:13:59 [1/1] eval_done benchmark=iscas99__b17 delta_tc=0.050529999999999964 plan_sec=8543.667 eval_sec=68.34 total_sec=8612.047
[gmean] 2026-07-16T17:13:59 variant_done id=greedy__cumulative__q_pred_context__bw1__d1__c192__g1p0__candheuristic_recall_pool__div0p0__s0 status=ok macro=0.050529999999999964 positives=1 negatives=0 elapsed=8612.048
