deep_node	original_net	original_gate	original_order
N769	U30	NAND	2
N770	U31	NAND	3
N771	U32	NAND	4
N772	U33	NAND	5
N773	U34	NAND	6
N774	U35	NAND	7
N775	U36	NAND	8
N776	U37	NAND	9
N777	U38	NAND	10
N778	U39	NAND	11
N779	U40	NAND	12
N780	U41	NAND	13
N781	U42	NAND	14
N782	U43	NAND	15
N783	U44	NAND	16
N784	U45	NAND	17
N785	U46	NAND	18
N786	U47	NAND	19
N787	U48	NAND	20
N788	U49	NAND	21
N789	U50	NAND	22
N790	U51	NAND	23
N791	U52	NAND	24
N792	U53	NAND	25
N793	U54	NAND	26
N794	U55	NAND	27
N795	U56	NAND	28
N796	U57	NAND	29
N797	U58	NAND	30
N798	U59	NAND	31
N799	U60	NAND	32
N800	U61	NAND	33
N801	U62	NAND	34
N802	U63	NAND	35
N803	U64	NAND	36
N804	U65	NAND	37
N805	U66	NAND	38
N806	U67	NAND	39
N807	U68	NAND	40
N808	U69	NAND	41
N809	U70	NAND	42
N810	U71	NAND	43
N811	U72	NAND	44
N812	U73	NAND	45
N813	U74	NAND	46
N814	U75	NAND	47
N815	U76	NAND	48
N816	U77	NAND	49
N817	U78	NAND	50
N818	U79	NAND	51
N819	U80	NAND	52
N820	U81	NAND	53
N821	U82	NAND	54
N822	U83	NAND	55
N823	U84	NAND	56
N824	U85	NAND	57
N825	U86	NAND	58
N826	U87	NAND	59
N827	U88	NAND	60
N828	U89	NAND	61
N829	U90	NAND	62
N830	U91	NAND	63
N831	U92	NAND	64
N832	U93	NAND	65
N833	U94	NAND	66
N834	U95	NAND	67
N835	U96	NAND	68
N836	U97	NAND	69
N837	U98	NAND	70
N838	U99	NAND	71
N839	U100	NAND	72
N840	U101	NAND	73
N841	U102	NAND	74
N842	U103	NAND	75
N843	U104	NAND	76
N844	U105	NAND	77
N845	U106	NAND	78
N846	U107	NAND	79
N847	U108	NAND	80
N848	U109	NAND	81
N849	U110	NAND	82
N850	U111	NAND	83
N851	U112	NAND	84
N852	U113	NAND	85
N853	U114	NAND	86
N854	U115	NAND	87
N855	U116	NAND	88
N856	U117	NAND	89
N857	U118	NAND	90
N858	U119	NAND	91
N859	U120	NAND	92
N860	U121	NAND	93
N861	U122	NAND	94
N862	U123	NAND	95
N863	U124	NAND	96
N864	U125	NAND	97
N865	U126	NAND	98
N866	U127	NAND	99
N867	U128	NAND	100
N868	U129	NAND	101
N869	U130	NAND	102
N870	U131	NAND	103
N871	U132	NAND	104
N872	U133	NAND	105
N873	U134	NAND	106
N874	U135	NAND	107
N875	U136	NAND	108
N876	U137	NAND	109
N877	U138	NAND	110
N878	U139	NAND	111
N879	U140	NAND	112
N880	U141	NAND	113
N881	U142	NAND	114
N882	U143	NAND	115
N883	U144	NAND	116
N884	U145	NAND	117
N885	U146	NAND	118
N886	U147	NAND	119
N887	U148	NAND	120
N888	U149	NAND	121
N889	U150	NAND	122
N890	U151	NAND	123
N891	U152	NAND	124
N892	U153	NAND	125
N893	U154	NAND	126
N894	U155	NAND	127
N895	U156	NAND	128
N896	U157	NAND	129
N897	U158	NOT	130
N898	U159	NOT	131
N899	U160	AND	132
N900	U161	NOT	133
N901	U162	NOT	134
N902	U163	AND	135
N903	U164	NAND	136
N904	U165	NAND	137
N905	U166	NAND	138
N906	U167	NOT	139
N907	U168	NAND	140
N908	U169	NAND	141
N909	U170	NAND	142
N910	U171	NAND	143
N911	U172	NAND	144
N912	U173	NAND	145
N913	U174	NAND	146
N914	U175	NAND	147
N915	U176	NAND	148
N916	U177	NAND	149
N917	U178	NAND	150
N918	U179	NAND	151
N919	U180	NAND	152
N920	U181	NAND	153
N921	U182	NAND	154
N922	U183	NAND	155
N923	U184	NAND	156
N924	U185	NAND	157
N925	U186	NAND	158
N926	U187	NAND	159
N927	U188	NAND	160
N928	U189	NAND	161
N929	U190	NAND	162
N930	U191	NAND	163
N931	U192	NAND	164
N932	U193	NAND	165
N933	U194	NAND	166
N934	U195	NAND	167
N935	U196	NAND	168
N936	U197	NAND	169
N937	U198	NAND	170
N938	U199	NAND	171
N939	U200	NAND	172
N940	U201	NAND	173
N941	U202	NAND	174
N942	U203	NAND	175
N943	U204	NAND	176
N944	U205	NAND	177
N945	U206	NAND	178
N946	U207	NAND	179
N947	U208	NAND	180
N948	U209	NAND	181
N949	U210	NAND	182
N950	U211	NAND	183
N951	U212	NAND	184
N952	U213	NAND	185
N953	U214	NAND	186
N954	U215	NAND	187
N955	U216	NAND	188
N956	U217	NAND	189
N957	U218	NAND	190
N958	U219	NAND	191
N959	U220	NAND	192
N960	U221	NAND	193
N961	U222	NAND	194
N962	U223	NAND	195
N963	U224	NAND	196
N964	U225	NAND	197
N965	U226	NAND	198
N966	U227	NAND	199
N967	U228	NAND	200
N968	U229	NAND	201
N969	U230	NAND	202
N970	U231	NAND	203
N971	U232	NAND	204
N972	U233	NAND	205
N973	U234	NAND	206
N974	U235	NAND	207
N975	U236	NAND	208
N976	U237	NAND	209
N977	U238	NAND	210
N978	U239	NAND	211
N979	U240	NAND	212
N980	U241	NAND	213
N981	U242	NAND	214
N982	U243	NAND	215
N983	U244	NAND	216
N984	U245	NAND	217
N985	U246	NAND	218
N986	U247	NAND	219
N987	U248	NAND	220
N988	U249	NAND	221
N989	U250	NAND	222
N990	U251	NAND	223
N991	U252	NAND	224
N992	U253	NAND	225
N993	U254	NAND	226
N994	U255	NAND	227
N995	U256	NAND	228
N996	U257	NAND	229
N997	U258	NAND	230
N998	U259	NAND	231
N999	U260	NAND	232
N1000	U261	NAND	233
N1001	U262	NAND	234
N1002	U263	NAND	235
N1003	U264	NAND	236
N1004	U265	NAND	237
N1005	U266	NAND	238
N1006	U267	NAND	239
N1007	U268	NAND	240
N1008	U269	NAND	241
N1009	U270	NAND	242
N1010	U271	NAND	243
N1011	U272	NAND	244
N1012	U273	NAND	245
N1013	U274	NAND	246
N1014	U275	NAND	247
N1015	U276	NAND	248
N1016	U277	NAND	249
N1017	U278	NAND	250
N1018	U279	NAND	251
N1019	U280	NAND	252
N1020	U281	NAND	253
N1021	U282	NAND	254
N1022	U283	NAND	255
N1023	U284	NAND	256
N1024	U285	NAND	257
N1025	U286	NAND	258
N1026	U287	NAND	259
N1027	U288	NAND	260
N1028	U289	NAND	261
N1029	U290	NAND	262
N1030	U291	NAND	263
N1031	U292	NAND	264
N1032	U293	NAND	265
N1033	U294	NAND	266
N1034	U295	NAND	267
N1035	U296	NAND	268
N1036	U297	NAND	269
N1037	U298	NAND	270
N1038	U299	NAND	271
N1039	U300	NAND	272
N1040	U301	NAND	273
N1041	U302	NAND	274
N1042	U303	NAND	275
N1043	U304	NAND	276
N1044	U305	NAND	277
N1045	U306	NAND	278
N1046	U307	NAND	279
N1047	U308	NAND	280
N1048	U309	NAND	281
N1049	U310	NAND	282
N1050	U311	NAND	283
N1051	U312	NAND	284
N1052	U313	NAND	285
N1053	U314	NAND	286
N1054	U315	NAND	287
N1055	U316	NAND	288
N1056	U317	NAND	289
N1057	U318	NAND	290
N1058	U319	NAND	291
N1059	U320	NAND	292
N1060	U321	NAND	293
N1061	U322	NAND	294
N1062	U323	NAND	295
N1063	U324	NAND	296
N1064	U325	NAND	297
N1065	U326	NAND	298
N1066	U327	NAND	299
N1067	U328	NAND	300
N1068	U329	NAND	301
N1069	U330	NAND	302
N1070	U331	NAND	303
N1071	U332	NAND	304
N1072	U333	NAND	305
N1073	U334	NAND	306
N1074	U335	NAND	307
N1075	U336	NAND	308
N1076	U337	NAND	309
N1077	U338	NAND	310
N1078	U339	NAND	311
N1079	U340	NAND	312
N1080	U341	NAND	313
N1081	U342	NAND	314
N1082	U343	NAND	315
N1083	U344	NAND	316
N1084	U345	NAND	317
N1085	U346	NAND	318
N1086	U347	NAND	319
N1087	U348	NAND	320
N1088	U349	NAND	321
N1089	U350	NAND	322
N1090	U351	NAND	323
N1091	U352	NAND	324
N1092	U353	NAND	325
N1093	U354	NAND	326
N1094	U355	NAND	327
N1095	U356	NAND	328
N1096	U357	NAND	329
N1097	U358	NAND	330
N1098	U359	NAND	331
N1099	U360	NAND	332
N1100	U361	NAND	333
N1101	U362	NAND	334
N1102	U363	NAND	335
N1103	U364	NAND	336
N1104	U365	NAND	337
N1105	U366	NAND	338
N1106	U367	NAND	339
N1107	U368	NAND	340
N1108	U369	NAND	341
N1109	U370	NAND	342
N1110	U371	NAND	343
N1111	U372	NAND	344
N1112	U373	NAND	345
N1113	U374	NAND	346
N1114	U375	NAND	347
N1115	U376	NAND	348
N1116	U377	NAND	349
N1117	U378	NAND	350
N1118	U379	NAND	351
N1119	U380	NAND	352
N1120	U381	NAND	353
N1121	U382	NAND	354
N1122	U383	NAND	355
N1123	U384	NAND	356
N1124	U385	NAND	357
N1125	U386	NAND	358
N1126	U387	NAND	359
N1127	U388	NAND	360
N1128	U389	NAND	361
N1129	U390	NAND	362
N1130	U391	NAND	363
N1131	U392	NAND	364
N1132	U393	NAND	365
N1133	U394	NAND	366
N1134	U395	NAND	367
N1135	U396	NAND	368
N1136	U397	NAND	369
N1137	U398	NAND	370
N1138	U399	NAND	371
N1139	U400	NAND	372
N1140	U401	NAND	373
N1141	U402	NAND	374
N1142	U403	NAND	375
N1143	U404	NAND	376
N1144	U405	NAND	377
N1145	U406	NAND	378
N1146	U407	NAND	379
N1147	U408	NAND	380
N1148	U409	NAND	381
N1149	U410	NAND	382
N1150	U411	NAND	383
N1151	U412	NAND	384
N1152	U413	NAND	385
N1153	U414	NAND	386
N1154	U415	NAND	387
N1155	U416	NAND	388
N1156	U417	NAND	389
N1157	U418	NAND	390
N1158	U419	NAND	391
N1159	U420	NAND	392
N1160	U421	NAND	393
N1161	U422	NAND	394
N1162	U423	NAND	395
N1163	U424	NAND	396
N1164	U425	NAND	397
N1165	U426	NAND	398
N1166	U427	NAND	399
N1167	P1_U3014	AND	400
N1168	P1_U3015	AND	401
N1169	P1_U3016	AND	402
N1170	P1_U3017	AND	403
N1171	P1_U3018	AND	404
N1172	P1_U3019	AND	405
N1173	P1_U3020	AND	406
N1174	P1_U3021	AND	407
N1175	P1_U3022	AND	408
N1176	P1_U3023	AND	409
N1177	P1_U3024	AND	410
N1178	P1_U3025	AND	411
N1179	P1_U3026	AND	412
N1180	P1_U3027	AND	413
N1181	P1_U3028	AND	414
N1182	P1_U3029	AND	415
N1183	P1_U3030	AND	416
N1184	P1_U3031	AND	417
N1185	P1_U3032	AND	418
N1186	P1_U3033	AND	419
N1187	P1_U3034	AND	420
N1188	P1_U3035	AND	421
N1189	P1_U3036	AND	422
N1190	P1_U3037	AND	423
N1191	P1_U3038	AND	424
N1192	P1_U3039	AND	425
N1193	P1_U3040	AND	426
N1194	P1_U3041	AND	427
N1195	P1_U3042	AND	428
N1196	P1_U3043	AND	429
N1197	P1_U3044	AND	430
N1198	P1_U3045	AND	431
N1199	P1_U3046	AND	432
N1200	P1_U3047	AND	433
N1201	P1_U3048	AND	434
N1202	P1_U3049	AND	435
N1203	P1_U3050	AND	436
N1204	P1_U3051	AND	437
N1205	P1_U3052	AND	438
N1206	P1_U3053	NAND	439
N1207	P1_U3054	NAND	440
N1208	P1_U3055	NAND	441
N1209	P1_U3056	NAND	442
N1210	P1_U3057	NAND	443
N1211	P1_U3058	NAND	444
N1212	P1_U3059	NAND	445
N1213	P1_U3060	NAND	446
N1214	P1_U3061	NAND	447
N1215	P1_U3062	NAND	448
N1216	P1_U3063	NAND	449
N1217	P1_U3064	NAND	450
N1218	P1_U3065	NAND	451
N1219	P1_U3066	NAND	452
N1220	P1_U3067	NAND	453
N1221	P1_U3068	NAND	454
N1222	P1_U3069	NAND	455
N1223	P1_U3070	NAND	456
N1224	P1_U3071	NAND	457
N1225	P1_U3072	NAND	458
N1226	P1_U3073	NAND	459
N1227	P1_U3074	NAND	460
N1228	P1_U3075	NAND	461
N1229	P1_U3076	NAND	462
N1230	P1_U3077	NAND	463
N1231	P1_U3078	NAND	464
N1232	P1_U3079	NAND	465
N1233	P1_U3080	NAND	466
N1234	P1_U3081	NAND	467
N1235	P1_U3082	NAND	468
N1236	P1_U3083	NAND	469
N1237	P1_U3084	NAND	470
N1238	P1_U3085	NAND	471
N1239	P1_U3086	NOT	472
N1240	P1_U3087	NAND	473
N1241	P1_U3088	NAND	474
N1242	P1_U3089	NAND	475
N1243	P1_U3090	NAND	476
N1244	P1_U3091	NAND	477
N1245	P1_U3092	NAND	478
N1246	P1_U3093	NAND	479
N1247	P1_U3094	NAND	480
N1248	P1_U3095	NAND	481
N1249	P1_U3096	NAND	482
N1250	P1_U3097	NAND	483
N1251	P1_U3098	NAND	484
N1252	P1_U3099	NAND	485
N1253	P1_U3100	NAND	486
N1254	P1_U3101	NAND	487
N1255	P1_U3102	NAND	488
N1256	P1_U3103	NAND	489
N1257	P1_U3104	NAND	490
N1258	P1_U3105	NAND	491
N1259	P1_U3106	NAND	492
N1260	P1_U3107	NAND	493
N1261	P1_U3108	NAND	494
N1262	P1_U3109	NAND	495
N1263	P1_U3110	NAND	496
N1264	P1_U3111	NAND	497
N1265	P1_U3112	NAND	498
N1266	P1_U3113	NAND	499
N1267	P1_U3114	NAND	500
N1268	P1_U3115	NAND	501
N1269	P1_U3116	NAND	502
N1270	P1_U3117	NAND	503
N1271	P1_U3118	NAND	504
N1272	P1_U3119	NAND	505
N1273	P1_U3120	NAND	506
N1274	P1_U3121	NAND	507
N1275	P1_U3122	NAND	508
N1276	P1_U3123	NAND	509
N1277	P1_U3124	NAND	510
N1278	P1_U3125	NAND	511
N1279	P1_U3126	NAND	512
N1280	P1_U3127	NAND	513
N1281	P1_U3128	NAND	514
N1282	P1_U3129	NAND	515
N1283	P1_U3130	NAND	516
N1284	P1_U3131	NAND	517
N1285	P1_U3132	NAND	518
N1286	P1_U3133	NAND	519
N1287	P1_U3134	NAND	520
N1288	P1_U3135	NAND	521
N1289	P1_U3136	NAND	522
N1290	P1_U3137	NAND	523
N1291	P1_U3138	NAND	524
N1292	P1_U3139	NAND	525
N1293	P1_U3140	NAND	526
N1294	P1_U3141	NAND	527
N1295	P1_U3142	NAND	528
N1296	P1_U3143	NAND	529
N1297	P1_U3144	NAND	530
N1298	P1_U3145	NAND	531
N1299	P1_U3146	NAND	532
N1300	P1_U3147	NAND	533
N1301	P1_U3148	NAND	534
N1302	P1_U3149	NAND	535
N1303	P1_U3150	NAND	536
N1304	P1_U3151	NAND	537
N1305	P1_U3152	NAND	538
N1306	P1_U3153	NAND	539
N1307	P1_U3154	NAND	540
N1308	P1_U3155	NAND	541
N1309	P1_U3156	NAND	542
N1310	P1_U3157	NAND	543
N1311	P1_U3158	NAND	544
N1312	P1_U3159	NAND	545
N1313	P1_U3160	NAND	546
N1314	P1_U3161	NAND	547
N1315	P1_U3162	NAND	548
N1316	P1_U3163	NAND	549
N1317	P1_U3164	NAND	550
N1318	P1_U3165	NAND	551
N1319	P1_U3166	NAND	552
N1320	P1_U3167	NAND	553
N1321	P1_U3168	NAND	554
N1322	P1_U3169	NAND	555
N1323	P1_U3170	NAND	556
N1324	P1_U3171	NAND	557
N1325	P1_U3172	NAND	558
N1326	P1_U3173	NAND	559
N1327	P1_U3174	NAND	560
N1328	P1_U3175	NAND	561
N1329	P1_U3176	NAND	562
N1330	P1_U3177	NAND	563
N1331	P1_U3178	NAND	564
N1332	P1_U3179	NAND	565
N1333	P1_U3180	NAND	566
N1334	P1_U3181	NAND	567
N1335	P1_U3182	NAND	568
N1336	P1_U3183	NAND	569
N1337	P1_U3184	NAND	570
N1338	P1_U3185	NAND	571
N1339	P1_U3186	NAND	572
N1340	P1_U3187	NAND	573
N1341	P1_U3188	NAND	574
N1342	P1_U3189	NAND	575
N1343	P1_U3190	NAND	576
N1344	P1_U3191	NAND	577
N1345	P1_U3192	NAND	578
N1346	P1_U3193	NAND	579
N1347	P1_U3194	NAND	580
N1348	P1_U3195	NAND	581
N1349	P1_U3196	NAND	582
N1350	P1_U3197	NAND	583
N1351	P1_U3198	NAND	584
N1352	P1_U3199	NAND	585
N1353	P1_U3200	NAND	586
N1354	P1_U3201	NAND	587
N1355	P1_U3202	NAND	588
N1356	P1_U3203	NAND	589
N1357	P1_U3204	NAND	590
N1358	P1_U3205	NAND	591
N1359	P1_U3206	NAND	592
N1360	P1_U3207	NAND	593
N1361	P1_U3208	NAND	594
N1362	P1_U3209	NAND	595
N1363	P1_U3210	NAND	596
N1364	P1_U3211	AND	597
N1365	P1_U3212	NAND	598
N1510	P1_U3357	NAND	743
N1511	P1_U3358	NAND	744
N1512	P1_U3359	NOT	745
N1513	P1_U3360	NAND	746
N1514	P1_U3361	NAND	747
N1515	P1_U3362	NAND	748
N1516	P1_U3363	NAND	749
N1517	P1_U3364	NAND	750
N1518	P1_U3365	NAND	751
N1519	P1_U3366	NAND	752
N1520	P1_U3367	NAND	753
N1521	P1_U3368	NAND	754
N1522	P1_U3369	NAND	755
N1523	P1_U3370	NAND	756
N1524	P1_U3371	NAND	757
N1525	P1_U3372	NAND	758
N1526	P1_U3373	NAND	759
N1527	P1_U3374	NAND	760
N1528	P1_U3375	NAND	761
N1529	P1_U3376	NAND	762
N1530	P1_U3377	NOT	763
N1531	P1_U3378	NAND	764
N1532	P1_U3379	NAND	765
N1533	P1_U3380	NAND	766
N1534	P1_U3381	NAND	767
N1535	P1_U3382	NAND	768
N1536	P1_U3383	NAND	769
N1537	P1_U3384	NAND	770
N1538	P1_U3385	NAND	771
N1539	P1_U3386	NAND	772
N1540	P1_U3387	NAND	773
N1541	P1_U3388	NAND	774
N1542	P1_U3389	NAND	775
N1543	P1_U3390	NAND	776
N1544	P1_U3391	NAND	777
N1545	P1_U3392	NAND	778
N1546	P1_U3393	NAND	779
N1547	P1_U3394	NAND	780
N1548	P1_U3395	NAND	781
N1549	P1_U3396	NAND	782
N1550	P1_U3397	NAND	783
N1551	P1_U3398	NAND	784
N1552	P1_U3399	NAND	785
N1553	P1_U3400	NAND	786
N1554	P1_U3401	NAND	787
N1555	P1_U3402	NAND	788
N1556	P1_U3403	NAND	789
N1557	P1_U3404	NAND	790
N1558	P1_U3405	NAND	791
N1559	P1_U3406	NAND	792
N1560	P1_U3407	NAND	793
N1561	P1_U3408	NAND	794
N1562	P1_U3409	NAND	795
N1563	P1_U3410	NAND	796
N1564	P1_U3411	NAND	797
N1565	P1_U3412	NAND	798
N1566	P1_U3413	NAND	799
N1567	P1_U3414	NAND	800
N1568	P1_U3415	NAND	801
N1569	P1_U3416	NAND	802
N1570	P1_U3417	NAND	803
N1571	P1_U3418	NAND	804
N1572	P1_U3419	NAND	805
N1573	P1_U3420	NAND	806
N1574	P1_U3421	NAND	807
N1575	P1_U3422	NAND	808
N1576	P1_U3423	NAND	809
N1577	P1_U3424	NAND	810
N1578	P1_U3425	NAND	811
N1579	P1_U3426	NAND	812
N1580	P1_U3427	NAND	813
N1581	P1_U3428	NAND	814
N1582	P1_U3429	NAND	815
N1583	P1_U3430	NAND	816
N1584	P1_U3431	NAND	817
N1585	P1_U3432	NOT	818
N1586	P1_U3433	NAND	819
N1587	P1_U3434	NAND	820
N1588	P1_U3435	NAND	821
N1589	P1_U3436	NAND	822
N1590	P1_U3437	NAND	823
N1591	P1_U3438	NAND	824
N1592	P1_U3439	NOT	825
N1593	P1_U3440	NAND	826
N1594	P1_U3441	NAND	827
N1595	P1_U3442	NAND	828
N1596	P1_U3443	NAND	829
N1597	P1_U3444	NAND	830
N1600	P1_U3447	NAND	833
N1601	P1_U3448	NAND	834
N1602	P1_U3449	NAND	835
N1603	P1_U3450	NAND	836
N1604	P1_U3451	NAND	837
N1605	P1_U3452	NAND	838
N1606	P1_U3453	NAND	839
N1607	P1_U3454	NAND	840
N1608	P1_U3455	NAND	841
N1609	P1_U3456	NAND	842
N1610	P1_U3457	NAND	843
N1611	P1_U3458	NAND	844
N1613	P1_U3460	NAND	846
N1614	P1_U3461	NAND	847
N1616	P1_U3463	NAND	849
N1617	P1_U3464	NAND	850
N1619	P1_U3466	NAND	852
N1620	P1_U3467	NAND	853
N1622	P1_U3469	NAND	855
N1623	P1_U3470	NAND	856
N1625	P1_U3472	NAND	858
N1626	P1_U3473	NAND	859
N1628	P1_U3475	NAND	861
N1629	P1_U3476	NAND	862
N1631	P1_U3478	NAND	864
N1632	P1_U3479	NAND	865
N1634	P1_U3481	NAND	867
N1635	P1_U3482	NAND	868
N1637	P1_U3484	NAND	870
N1638	P1_U3485	NAND	871
N1640	P1_U3487	NAND	873
N1641	P1_U3488	NAND	874
N1643	P1_U3490	NAND	876
N1644	P1_U3491	NAND	877
N1646	P1_U3493	NAND	879
N1647	P1_U3494	NAND	880
N1649	P1_U3496	NAND	882
N1650	P1_U3497	NAND	883
N1652	P1_U3499	NAND	885
N1653	P1_U3500	NAND	886
N1655	P1_U3502	NAND	888
N1656	P1_U3503	NAND	889
N1658	P1_U3505	NAND	891
N1659	P1_U3506	NAND	892
N1661	P1_U3508	NAND	894
N1662	P1_U3509	NAND	895
N1664	P1_U3511	NAND	897
N1665	P1_U3512	NAND	898
N1667	P1_U3514	NAND	900
N1745	P1_U3592	AND	978
N1746	P1_U3593	AND	979
N1747	P1_U3594	AND	980
N1748	P1_U3595	AND	981
N1749	P1_U3596	AND	982
N1750	P1_U3597	AND	983
N1751	P1_U3598	AND	984
N1752	P1_U3599	AND	985
N1753	P1_U3600	AND	986
N1754	P1_U3601	AND	987
N1755	P1_U3602	AND	988
N1756	P1_U3603	AND	989
N1757	P1_U3604	AND	990
N1758	P1_U3605	AND	991
N1759	P1_U3606	AND	992
N1760	P1_U3607	AND	993
N1761	P1_U3608	AND	994
N1762	P1_U3609	AND	995
N1763	P1_U3610	AND	996
N1764	P1_U3611	AND	997
N1765	P1_U3612	AND	998
N1766	P1_U3613	AND	999
N1767	P1_U3614	AND	1000
N1768	P1_U3615	AND	1001
N1769	P1_U3616	AND	1002
N1770	P1_U3617	AND	1003
N1771	P1_U3618	AND	1004
N1772	P1_U3619	AND	1005
N1773	P1_U3620	AND	1006
N1774	P1_U3621	AND	1007
N1775	P1_U3622	AND	1008
N1776	P1_U3623	AND	1009
N1777	P1_U3624	AND	1010
N1778	P1_U3625	AND	1011
N1779	P1_U3626	AND	1012
N1780	P1_U3627	AND	1013
N1781	P1_U3628	AND	1014
N1782	P1_U3629	AND	1015
N1783	P1_U3630	AND	1016
N1784	P1_U3631	AND	1017
N1785	P1_U3632	AND	1018
N1786	P1_U3633	AND	1019
N1787	P1_U3634	AND	1020
N1788	P1_U3635	AND	1021
N1789	P1_U3636	AND	1022
N1790	P1_U3637	AND	1023
N1791	P1_U3638	AND	1024
N1792	P1_U3639	AND	1025
N1793	P1_U3640	AND	1026
N1794	P1_U3641	AND	1027
N1795	P1_U3642	AND	1028
N1796	P1_U3643	AND	1029
N1797	P1_U3644	AND	1030
N1798	P1_U3645	AND	1031
N1799	P1_U3646	AND	1032
N1800	P1_U3647	AND	1033
N1801	P1_U3648	AND	1034
N1802	P1_U3649	AND	1035
N1803	P1_U3650	AND	1036
N1804	P1_U3651	AND	1037
N1805	P1_U3652	AND	1038
N1806	P1_U3653	AND	1039
N1807	P1_U3654	AND	1040
N1808	P1_U3655	AND	1041
N1809	P1_U3656	AND	1042
N1810	P1_U3657	AND	1043
N1811	P1_U3658	AND	1044
N1812	P1_U3659	AND	1045
N1813	P1_U3660	AND	1046
N1814	P1_U3661	AND	1047
N1815	P1_U3662	AND	1048
N1816	P1_U3663	AND	1049
N1817	P1_U3664	AND	1050
N1818	P1_U3665	AND	1051
N1819	P1_U3666	AND	1052
N1820	P1_U3667	AND	1053
N1821	P1_U3668	AND	1054
N1822	P1_U3669	AND	1055
N1823	P1_U3670	AND	1056
N1824	P1_U3671	AND	1057
N1825	P1_U3672	AND	1058
N1826	P1_U3673	AND	1059
N1827	P1_U3674	AND	1060
N1828	P1_U3675	AND	1061
N1829	P1_U3676	AND	1062
N1830	P1_U3677	AND	1063
N1831	P1_U3678	AND	1064
N1832	P1_U3679	AND	1065
N1833	P1_U3680	AND	1066
N1834	P1_U3681	AND	1067
N1835	P1_U3682	AND	1068
N1836	P1_U3683	AND	1069
N1837	P1_U3684	AND	1070
N1838	P1_U3685	AND	1071
N1839	P1_U3686	AND	1072
N1840	P1_U3687	AND	1073
N1841	P1_U3688	AND	1074
N1842	P1_U3689	AND	1075
N1843	P1_U3690	AND	1076
N1844	P1_U3691	AND	1077
N1845	P1_U3692	AND	1078
N1846	P1_U3693	AND	1079
N1847	P1_U3694	AND	1080
N1848	P1_U3695	AND	1081
N1849	P1_U3696	AND	1082
N1850	P1_U3697	AND	1083
N1851	P1_U3698	AND	1084
N1852	P1_U3699	AND	1085
N1853	P1_U3700	AND	1086
N1854	P1_U3701	AND	1087
N1855	P1_U3702	AND	1088
N1856	P1_U3703	AND	1089
N1857	P1_U3704	AND	1090
N1858	P1_U3705	AND	1091
N1859	P1_U3706	AND	1092
N1860	P1_U3707	AND	1093
N1861	P1_U3708	AND	1094
N1862	P1_U3709	AND	1095
N1863	P1_U3710	AND	1096
N1864	P1_U3711	AND	1097
N1865	P1_U3712	AND	1098
N1866	P1_U3713	AND	1099
N1867	P1_U3714	AND	1100
N1868	P1_U3715	AND	1101
N1869	P1_U3716	AND	1102
N1870	P1_U3717	AND	1103
N1871	P1_U3718	AND	1104
N1872	P1_U3719	AND	1105
N1873	P1_U3720	AND	1106
N1874	P1_U3721	AND	1107
N1875	P1_U3722	AND	1108
N1876	P1_U3723	AND	1109
N1877	P1_U3724	AND	1110
N1878	P1_U3725	AND	1111
N1879	P1_U3726	AND	1112
N1880	P1_U3727	AND	1113
N1881	P1_U3728	AND	1114
N1882	P1_U3729	AND	1115
N1883	P1_U3730	AND	1116
N1884	P1_U3731	AND	1117
N1885	P1_U3732	AND	1118
N1886	P1_U3733	AND	1119
N1887	P1_U3734	AND	1120
N1888	P1_U3735	AND	1121
N1889	P1_U3736	AND	1122
N1890	P1_U3737	AND	1123
N1891	P1_U3738	AND	1124
N1892	P1_U3739	AND	1125
N1893	P1_U3740	AND	1126
N1894	P1_U3741	AND	1127
N1895	P1_U3742	AND	1128
N1896	P1_U3743	AND	1129
N1897	P1_U3744	AND	1130
N1898	P1_U3745	AND	1131
N1899	P1_U3746	AND	1132
N1900	P1_U3747	AND	1133
N1901	P1_U3748	AND	1134
N1902	P1_U3749	AND	1135
N1903	P1_U3750	AND	1136
N1904	P1_U3751	AND	1137
N1905	P1_U3752	AND	1138
N1906	P1_U3753	AND	1139
N1907	P1_U3754	AND	1140
N1908	P1_U3755	AND	1141
N1909	P1_U3756	AND	1142
N1910	P1_U3757	AND	1143
N1911	P1_U3758	AND	1144
N1912	P1_U3759	AND	1145
N1913	P1_U3760	AND	1146
N1914	P1_U3761	AND	1147
N1915	P1_U3762	AND	1148
N1916	P1_U3763	AND	1149
N1917	P1_U3764	AND	1150
N1918	P1_U3765	AND	1151
N1919	P1_U3766	AND	1152
N1920	P1_U3767	AND	1153
N1921	P1_U3768	AND	1154
N1922	P1_U3769	AND	1155
N1923	P1_U3770	AND	1156
N1924	P1_U3771	AND	1157
N1925	P1_U3772	AND	1158
N1926	P1_U3773	AND	1159
N1927	P1_U3774	AND	1160
N1928	P1_U3775	AND	1161
N1929	P1_U3776	AND	1162
N1930	P1_U3777	AND	1163
N1931	P1_U3778	AND	1164
N1932	P1_U3779	AND	1165
N1933	P1_U3780	AND	1166
N1934	P1_U3781	AND	1167
N1935	P1_U3782	AND	1168
N1936	P1_U3783	AND	1169
N1937	P1_U3784	AND	1170
N1938	P1_U3785	AND	1171
N1939	P1_U3786	AND	1172
N1940	P1_U3787	AND	1173
N1941	P1_U3788	AND	1174
N1942	P1_U3789	AND	1175
N1943	P1_U3790	AND	1176
N1944	P1_U3791	AND	1177
N1945	P1_U3792	AND	1178
N1946	P1_U3793	AND	1179
N1947	P1_U3794	AND	1180
N1948	P1_U3795	AND	1181
N1949	P1_U3796	AND	1182
N1950	P1_U3797	AND	1183
N1951	P1_U3798	AND	1184
N1952	P1_U3799	AND	1185
N1953	P1_U3800	AND	1186
N1954	P1_U3801	AND	1187
N1955	P1_U3802	AND	1188
N1956	P1_U3803	AND	1189
N1957	P1_U3804	AND	1190
N1958	P1_U3805	AND	1191
N1959	P1_U3806	AND	1192
N1960	P1_U3807	AND	1193
N1961	P1_U3808	AND	1194
N1962	P1_U3809	AND	1195
N1963	P1_U3810	AND	1196
N1964	P1_U3811	AND	1197
N1965	P1_U3812	AND	1198
N1966	P1_U3813	AND	1199
N1967	P1_U3814	AND	1200
N1968	P1_U3815	AND	1201
N1969	P1_U3816	AND	1202
N1970	P1_U3817	AND	1203
N1971	P1_U3818	AND	1204
N1972	P1_U3819	AND	1205
N1973	P1_U3820	AND	1206
N1974	P1_U3821	AND	1207
N1975	P1_U3822	AND	1208
N1976	P1_U3823	AND	1209
N1977	P1_U3824	AND	1210
N1978	P1_U3825	AND	1211
N1979	P1_U3826	AND	1212
N1980	P1_U3827	AND	1213
N1981	P1_U3828	AND	1214
N1982	P1_U3829	AND	1215
N1983	P1_U3830	AND	1216
N1984	P1_U3831	AND	1217
N1985	P1_U3832	AND	1218
N1986	P1_U3833	AND	1219
N1987	P1_U3834	AND	1220
N1988	P1_U3835	AND	1221
N1989	P1_U3836	AND	1222
N1990	P1_U3837	AND	1223
N1991	P1_U3838	AND	1224
N1992	P1_U3839	AND	1225
N1993	P1_U3840	AND	1226
N1994	P1_U3841	AND	1227
N1995	P1_U3842	AND	1228
N1996	P1_U3843	AND	1229
N1997	P1_U3844	AND	1230
N1998	P1_U3845	AND	1231
N1999	P1_U3846	AND	1232
N2000	P1_U3847	AND	1233
N2001	P1_U3848	AND	1234
N2002	P1_U3849	AND	1235
N2003	P1_U3850	AND	1236
N2004	P1_U3851	AND	1237
N2005	P1_U3852	AND	1238
N2006	P1_U3853	AND	1239
N2007	P1_U3854	AND	1240
N2008	P1_U3855	AND	1241
N2009	P1_U3856	AND	1242
N2010	P1_U3857	AND	1243
N2011	P1_U3858	AND	1244
N2012	P1_U3859	AND	1245
N2013	P1_U3860	AND	1246
N2014	P1_U3861	AND	1247
N2015	P1_U3862	AND	1248
N2016	P1_U3863	AND	1249
N2017	P1_U3864	AND	1250
N2018	P1_U3865	AND	1251
N2019	P1_U3866	AND	1252
N2020	P1_U3867	AND	1253
N2021	P1_U3868	AND	1254
N2022	P1_U3869	AND	1255
N2023	P1_U3870	AND	1256
N2024	P1_U3871	AND	1257
N2025	P1_U3872	AND	1258
N2026	P1_U3873	AND	1259
N2027	P1_U3874	AND	1260
N2028	P1_U3875	AND	1261
N2029	P1_U3876	AND	1262
N2030	P1_U3877	AND	1263
N2031	P1_U3878	AND	1264
N2032	P1_U3879	AND	1265
N2033	P1_U3880	AND	1266
N2034	P1_U3881	AND	1267
N2035	P1_U3882	AND	1268
N2036	P1_U3883	AND	1269
N2037	P1_U3884	AND	1270
N2038	P1_U3885	AND	1271
N2039	P1_U3886	AND	1272
N2040	P1_U3887	AND	1273
N2041	P1_U3888	AND	1274
N2042	P1_U3889	AND	1275
N2043	P1_U3890	AND	1276
N2044	P1_U3891	AND	1277
N2045	P1_U3892	AND	1278
N2046	P1_U3893	AND	1279
N2047	P1_U3894	AND	1280
N2048	P1_U3895	AND	1281
N2049	P1_U3896	AND	1282
N2050	P1_U3897	AND	1283
N2051	P1_U3898	AND	1284
N2052	P1_U3899	AND	1285
N2053	P1_U3900	AND	1286
N2054	P1_U3901	AND	1287
N2055	P1_U3902	AND	1288
N2056	P1_U3903	AND	1289
N2057	P1_U3904	AND	1290
N2058	P1_U3905	AND	1291
N2059	P1_U3906	AND	1292
N2060	P1_U3907	AND	1293
N2061	P1_U3908	AND	1294
N2062	P1_U3909	AND	1295
N2063	P1_U3910	AND	1296
N2064	P1_U3911	AND	1297
N2065	P1_U3912	AND	1298
N2066	P1_U3913	AND	1299
N2067	P1_U3914	AND	1300
N2068	P1_U3915	AND	1301
N2069	P1_U3916	AND	1302
N2070	P1_U3917	AND	1303
N2071	P1_U3918	AND	1304
N2072	P1_U3919	AND	1305
N2073	P1_U3920	AND	1306
N2074	P1_U3921	AND	1307
N2075	P1_U3922	AND	1308
N2076	P1_U3923	AND	1309
N2077	P1_U3924	AND	1310
N2078	P1_U3925	AND	1311
N2079	P1_U3926	AND	1312
N2080	P1_U3927	AND	1313
N2081	P1_U3928	AND	1314
N2082	P1_U3929	AND	1315
N2083	P1_U3930	AND	1316
N2084	P1_U3931	AND	1317
N2085	P1_U3932	AND	1318
N2086	P1_U3933	AND	1319
N2087	P1_U3934	AND	1320
N2088	P1_U3935	AND	1321
N2089	P1_U3936	AND	1322
N2090	P1_U3937	AND	1323
N2091	P1_U3938	AND	1324
N2092	P1_U3939	AND	1325
N2093	P1_U3940	AND	1326
N2094	P1_U3941	AND	1327
N2095	P1_U3942	AND	1328
N2096	P1_U3943	AND	1329
N2097	P1_U3944	AND	1330
N2098	P1_U3945	AND	1331
N2099	P1_U3946	AND	1332
N2100	P1_U3947	AND	1333
N2101	P1_U3948	AND	1334
N2102	P1_U3949	AND	1335
N2103	P1_U3950	AND	1336
N2104	P1_U3951	AND	1337
N2105	P1_U3952	NOT	1338
N2106	P1_U3953	NAND	1339
N2107	P1_U3954	NAND	1340
N2108	P1_U3955	NAND	1341
N2109	P1_U3956	NAND	1342
N2110	P1_U3957	AND	1343
N2111	P1_U3958	AND	1344
N2112	P1_U3959	AND	1345
N2113	P1_U3960	AND	1346
N2114	P1_U3961	AND	1347
N2115	P1_U3962	AND	1348
N2116	P1_U3963	AND	1349
N2117	P1_U3964	AND	1350
N2118	P1_U3965	AND	1351
N2119	P1_U3966	AND	1352
N2120	P1_U3967	AND	1353
N2121	P1_U3968	AND	1354
N2122	P1_U3969	AND	1355
N2123	P1_U3970	AND	1356
N2124	P1_U3971	AND	1357
N2125	P1_U3972	AND	1358
N2126	P1_U3973	AND	1359
N2127	P1_U3974	AND	1360
N2128	P1_U3975	AND	1361
N2129	P1_U3976	AND	1362
N2130	P1_U3977	AND	1363
N2131	P1_U3978	AND	1364
N2132	P1_U3979	AND	1365
N2133	P1_U3980	AND	1366
N2134	P1_U3981	AND	1367
N2135	P1_U3982	AND	1368
N2136	P1_U3983	AND	1369
N2137	P1_U3984	AND	1370
N2138	P1_U3985	AND	1371
N2139	P1_U3986	AND	1372
N2140	P1_U3987	NAND	1373
N2141	P1_U3988	AND	1374
N2142	P1_U3989	AND	1375
N2143	P1_U3990	AND	1376
N2144	P1_U3991	NAND	1377
N2145	P1_U3992	NOT	1378
N2146	P1_U3993	NOT	1379
N2147	P1_U3994	NOT	1380
N2148	P1_U3995	NOT	1381
N2149	P1_U3996	NAND	1382
N2150	P1_U3997	NAND	1383
N2151	P1_U3998	NOT	1384
N2152	P1_U3999	NAND	1385
N2153	P1_U4000	NOT	1386
N2154	P1_U4001	NOT	1387
N2155	P1_U4002	NOT	1388
N2156	P1_U4003	NOT	1389
N2157	P1_U4004	NOT	1390
N2158	P1_U4005	NOT	1391
N2159	P1_U4006	NAND	1392
N2160	P1_U4007	NOT	1393
N2161	P1_U4008	NOT	1394
N2162	P1_U4009	NOT	1395
N2163	P1_U4010	NAND	1396
N2164	P1_U4011	NOT	1397
N2165	P1_U4012	NAND	1398
N2166	P1_U4013	NAND	1399
N2167	P1_U4014	NOT	1400
N2168	P1_U4015	NOT	1401
N2169	P1_U4016	NOT	1402
N2170	P1_U4017	NOT	1403
N2171	P1_U4018	NOT	1404
N2172	P1_U4019	NOT	1405
N2173	P1_U4020	NOT	1406
N2174	P1_U4021	NOT	1407
N2175	P1_U4022	NOT	1408
N2176	P1_U4023	NOT	1409
N2177	P1_U4024	NOT	1410
N2178	P1_U4025	NOT	1411
N2179	P1_U4026	NOT	1412
N2180	P1_U4027	NOT	1413
N2181	P1_U4028	NOT	1414
N2182	P1_U4029	NOT	1415
N2183	P1_U4030	NOT	1416
N2184	P1_U4031	NOT	1417
N2185	P1_U4032	NOT	1418
N2186	P1_U4033	NOT	1419
N2187	P1_U4034	NOT	1420
N2188	P1_U4035	NOT	1421
N2189	P1_U4036	NOT	1422
N2190	P1_U4037	NOT	1423
N2191	P1_U4038	NOT	1424
N2192	P1_U4039	NAND	1425
N2193	P1_U4040	NAND	1426
N2194	P1_U4041	NOT	1427
N2195	P1_U4042	NOT	1428
N2196	P1_U4043	NOT	1429
N2197	P1_U4044	NOT	1430
N2198	P1_U4045	NOT	1431
N2199	P1_U4046	NOT	1432
N2200	P1_U4047	NOT	1433
N2201	P1_U4048	NAND	1434
N2202	P1_U4049	NAND	1435
N2203	P1_U4050	NAND	1436
N2204	P1_U4051	NAND	1437
N2205	P1_U4052	NAND	1438
N2206	P1_U4053	NAND	1439
N2207	P1_U4054	NAND	1440
N2208	P1_U4055	NAND	1441
N2209	P1_U4056	NAND	1442
N2210	P1_U4057	NAND	1443
N2211	P1_U4058	NAND	1444
N2212	P1_U4059	NAND	1445
N2213	P1_U4060	NAND	1446
N2214	P1_U4061	NAND	1447
N2215	P1_U4062	NAND	1448
N2216	P1_U4063	NAND	1449
N2217	P1_U4064	NAND	1450
N2218	P1_U4065	NAND	1451
N2219	P1_U4066	NAND	1452
N2220	P1_U4067	NAND	1453
N2221	P1_U4068	NAND	1454
N2222	P1_U4069	NAND	1455
N2223	P1_U4070	NAND	1456
N2224	P1_U4071	NAND	1457
N2225	P1_U4072	NAND	1458
N2226	P1_U4073	NAND	1459
N2227	P1_U4074	NAND	1460
N2228	P1_U4075	NAND	1461
N2229	P1_U4076	NAND	1462
N2230	P1_U4077	NAND	1463
N2231	P1_U4078	NAND	1464
N2232	P1_U4079	NAND	1465
N2233	P1_U4080	NAND	1466
N2234	P1_U4081	NAND	1467
N2235	P1_U4082	NAND	1468
N2236	P1_U4083	NAND	1469
N2237	P1_U4084	NAND	1470
N2238	P1_U4085	NAND	1471
N2239	P1_U4086	NAND	1472
N2240	P1_U4087	NAND	1473
N2241	P1_U4088	NAND	1474
N2242	P1_U4089	NAND	1475
N2243	P1_U4090	NAND	1476
N2244	P1_U4091	NAND	1477
N2245	P1_U4092	NAND	1478
N2246	P1_U4093	NAND	1479
N2247	P1_U4094	NAND	1480
N2248	P1_U4095	NAND	1481
N2249	P1_U4096	NAND	1482
N2250	P1_U4097	NAND	1483
N2251	P1_U4098	NAND	1484
N2252	P1_U4099	NAND	1485
N2253	P1_U4100	NAND	1486
N2254	P1_U4101	NAND	1487
N2255	P1_U4102	NAND	1488
N2256	P1_U4103	NAND	1489
N2257	P1_U4104	NAND	1490
N2258	P1_U4105	NAND	1491
N2259	P1_U4106	NAND	1492
N2260	P1_U4107	NAND	1493
N2261	P1_U4108	NAND	1494
N2262	P1_U4109	NAND	1495
N2263	P1_U4110	NAND	1496
N2264	P1_U4111	NAND	1497
N2265	P1_U4112	NAND	1498
N2266	P1_U4113	NAND	1499
N2267	P1_U4114	NAND	1500
N2268	P1_U4115	NAND	1501
N2269	P1_U4116	NAND	1502
N2270	P1_U4117	NAND	1503
N2271	P1_U4118	NAND	1504
N2272	P1_U4119	NAND	1505
N2273	P1_U4120	NAND	1506
N2274	P1_U4121	NAND	1507
N2275	P1_U4122	NAND	1508
N2276	P1_U4123	NAND	1509
N2277	P1_U4124	NAND	1510
N2278	P1_U4125	NAND	1511
N2279	P1_U4126	NAND	1512
N2280	P1_U4127	NAND	1513
N2281	P1_U4128	NAND	1514
N2282	P1_U4129	NAND	1515
N2283	P1_U4130	NAND	1516
N2284	P1_U4131	NAND	1517
N2285	P1_U4132	NAND	1518
N2286	P1_U4133	NAND	1519
N2287	P1_U4134	NAND	1520
N2288	P1_U4135	NAND	1521
N2289	P1_U4136	NAND	1522
N2290	P1_U4137	NAND	1523
N2291	P1_U4138	NAND	1524
N2292	P1_U4139	NAND	1525
N2293	P1_U4140	NAND	1526
N2294	P1_U4141	NAND	1527
N2295	P1_U4142	NAND	1528
N2296	P1_U4143	NAND	1529
N2297	P1_U4144	NOT	1530
N2298	P1_U4145	NOT	1531
N2299	P1_U4146	NAND	1532
N2300	P1_U4147	NAND	1533
N2301	P1_U4148	NAND	1534
N2302	P1_U4149	NAND	1535
N2303	P1_U4150	NAND	1536
N2304	P1_U4151	NAND	1537
N2305	P1_U4152	NAND	1538
N2306	P1_U4153	NAND	1539
N2307	P1_U4154	NAND	1540
N2308	P1_U4155	NAND	1541
N2309	P1_U4156	NAND	1542
N2310	P1_U4157	NAND	1543
N2311	P1_U4158	NAND	1544
N2312	P1_U4159	NAND	1545
N2313	P1_U4160	NAND	1546
N2314	P1_U4161	NAND	1547
N2315	P1_U4162	NAND	1548
N2316	P1_U4163	NAND	1549
N2317	P1_U4164	NAND	1550
N2318	P1_U4165	NAND	1551
N2319	P1_U4166	NAND	1552
N2320	P1_U4167	NAND	1553
N2321	P1_U4168	NAND	1554
N2322	P1_U4169	NAND	1555
N2323	P1_U4170	NAND	1556
N2324	P1_U4171	NAND	1557
N2325	P1_U4172	NAND	1558
N2326	P1_U4173	NAND	1559
N2327	P1_U4174	NAND	1560
N2328	P1_U4175	NAND	1561
N2329	P1_U4176	NAND	1562
N2330	P1_U4177	NAND	1563
N2331	P1_U4178	NAND	1564
N2332	P1_U4179	NAND	1565
N2333	P1_U4180	NAND	1566
N2334	P1_U4181	NAND	1567
N2335	P1_U4182	NAND	1568
N2336	P1_U4183	NAND	1569
N2337	P1_U4184	NOT	1570
N2338	P1_U4185	NAND	1571
N2339	P1_U4186	NAND	1572
N2340	P1_U4187	NAND	1573
N2341	P1_U4188	NAND	1574
N2342	P1_U4189	NAND	1575
N2343	P1_U4190	NAND	1576
N2344	P1_U4191	NAND	1577
N2345	P1_U4192	NAND	1578
N2346	P1_U4193	NOT	1579
N2347	P1_U4194	NAND	1580
N2348	P1_U4195	NAND	1581
N2349	P1_U4196	NAND	1582
N2350	P1_U4197	NAND	1583
N2351	P1_U4198	NAND	1584
N2352	P1_U4199	NAND	1585
N2353	P1_U4200	NAND	1586
N2354	P1_U4201	NAND	1587
N2355	P1_U4202	NAND	1588
N2356	P1_U4203	NOT	1589
N2357	P1_U4204	NAND	1590
N2358	P1_U4205	NAND	1591
N2359	P1_U4206	NAND	1592
N2360	P1_U4207	NAND	1593
N2361	P1_U4208	NOT	1594
N2362	P1_U4209	NAND	1595
N2363	P1_U4210	NAND	1596
N2364	P1_U4211	NAND	1597
N2365	P1_U4212	NAND	1598
N2366	P1_U4213	NAND	1599
N2367	P1_U4214	NAND	1600
N2368	P1_U4215	NAND	1601
N2369	P1_U4216	NAND	1602
N2370	P1_U4217	NOT	1603
N2371	P1_U4218	NAND	1604
N2372	P1_U4219	NAND	1605
N2373	P1_U4220	NAND	1606
N2374	P1_U4221	NAND	1607
N2375	P1_U4222	NAND	1608
N2376	P1_U4223	NAND	1609
N2377	P1_U4224	NAND	1610
N2378	P1_U4225	NAND	1611
N2379	P1_U4226	NAND	1612
N2380	P1_U4227	NOT	1613
N2381	P1_U4228	NAND	1614
N2382	P1_U4229	NAND	1615
N2383	P1_U4230	NAND	1616
N2384	P1_U4231	NAND	1617
N2385	P1_U4232	NAND	1618
N2386	P1_U4233	NAND	1619
N2387	P1_U4234	NAND	1620
N2388	P1_U4235	NAND	1621
N2389	P1_U4236	NOT	1622
N2390	P1_U4237	NAND	1623
N2391	P1_U4238	NAND	1624
N2392	P1_U4239	NAND	1625
N2393	P1_U4240	NAND	1626
N2394	P1_U4241	NAND	1627
N2395	P1_U4242	NAND	1628
N2396	P1_U4243	NAND	1629
N2397	P1_U4244	NAND	1630
N2398	P1_U4245	NAND	1631
N2399	P1_U4246	NOT	1632
N2400	P1_U4247	NAND	1633
N2401	P1_U4248	NAND	1634
N2402	P1_U4249	NAND	1635
N2403	P1_U4250	NAND	1636
N2404	P1_U4251	NAND	1637
N2405	P1_U4252	NAND	1638
N2406	P1_U4253	NAND	1639
N2407	P1_U4254	NAND	1640
N2408	P1_U4255	NOT	1641
N2409	P1_U4256	NAND	1642
N2410	P1_U4257	NAND	1643
N2411	P1_U4258	NAND	1644
N2412	P1_U4259	NAND	1645
N2413	P1_U4260	NAND	1646
N2414	P1_U4261	NAND	1647
N2415	P1_U4262	NAND	1648
N2416	P1_U4263	NAND	1649
N2417	P1_U4264	NAND	1650
N2418	P1_U4265	NOT	1651
N2419	P1_U4266	NAND	1652
N2420	P1_U4267	NAND	1653
N2421	P1_U4268	NAND	1654
N2422	P1_U4269	NAND	1655
N2423	P1_U4270	NAND	1656
N2424	P1_U4271	NAND	1657
N2425	P1_U4272	NAND	1658
N2426	P1_U4273	NAND	1659
N2427	P1_U4274	NOT	1660
N2428	P1_U4275	NAND	1661
N2429	P1_U4276	NAND	1662
N2430	P1_U4277	NAND	1663
N2431	P1_U4278	NAND	1664
N2432	P1_U4279	NAND	1665
N2433	P1_U4280	NAND	1666
N2434	P1_U4281	NAND	1667
N2435	P1_U4282	NAND	1668
N2436	P1_U4283	NAND	1669
N2437	P1_U4284	NOT	1670
N2438	P1_U4285	NAND	1671
N2439	P1_U4286	NAND	1672
N2440	P1_U4287	NAND	1673
N2441	P1_U4288	NAND	1674
N2442	P1_U4289	NAND	1675
N2443	P1_U4290	NAND	1676
N2444	P1_U4291	NAND	1677
N2445	P1_U4292	NAND	1678
N2446	P1_U4293	NOT	1679
N2447	P1_U4294	NAND	1680
N2448	P1_U4295	NAND	1681
N2449	P1_U4296	NAND	1682
N2450	P1_U4297	NAND	1683
N2451	P1_U4298	NAND	1684
N2452	P1_U4299	NAND	1685
N2453	P1_U4300	NAND	1686
N2454	P1_U4301	NAND	1687
N2455	P1_U4302	NAND	1688
N2456	P1_U4303	NOT	1689
N2457	P1_U4304	NAND	1690
N2458	P1_U4305	NAND	1691
N2459	P1_U4306	NAND	1692
N2460	P1_U4307	NAND	1693
N2461	P1_U4308	NAND	1694
N2462	P1_U4309	NAND	1695
N2463	P1_U4310	NAND	1696
N2464	P1_U4311	NAND	1697
N2465	P1_U4312	NOT	1698
N2466	P1_U4313	NAND	1699
N2467	P1_U4314	NAND	1700
N2468	P1_U4315	NAND	1701
N2469	P1_U4316	NAND	1702
N2470	P1_U4317	NAND	1703
N2471	P1_U4318	NAND	1704
N2472	P1_U4319	NAND	1705
N2473	P1_U4320	NAND	1706
N2474	P1_U4321	NAND	1707
N2475	P1_U4322	NOT	1708
N2476	P1_U4323	NAND	1709
N2477	P1_U4324	NAND	1710
N2478	P1_U4325	NAND	1711
N2479	P1_U4326	NAND	1712
N2480	P1_U4327	NAND	1713
N2481	P1_U4328	NAND	1714
N2482	P1_U4329	NAND	1715
N2483	P1_U4330	NAND	1716
N2484	P1_U4331	NOT	1717
N2485	P1_U4332	NAND	1718
N2486	P1_U4333	NAND	1719
N2487	P1_U4334	NAND	1720
N2488	P1_U4335	NAND	1721
N2489	P1_U4336	NAND	1722
N2490	P1_U4337	NAND	1723
N2491	P1_U4338	NAND	1724
N2492	P1_U4339	NAND	1725
N2493	P1_U4340	NAND	1726
N2494	P1_U4341	NOT	1727
N2495	P1_U4342	NAND	1728
N2496	P1_U4343	NAND	1729
N2497	P1_U4344	NAND	1730
N2498	P1_U4345	NAND	1731
N2499	P1_U4346	NAND	1732
N2500	P1_U4347	NAND	1733
N2501	P1_U4348	NAND	1734
N2502	P1_U4349	NAND	1735
N2503	P1_U4350	NOT	1736
N2504	P1_U4351	NAND	1737
N2505	P1_U4352	NAND	1738
N2506	P1_U4353	NAND	1739
N2507	P1_U4354	NAND	1740
N2508	P1_U4355	NAND	1741
N2509	P1_U4356	NAND	1742
N2510	P1_U4357	NAND	1743
N2511	P1_U4358	NAND	1744
N2512	P1_U4359	NAND	1745
N2513	P1_U4360	NOT	1746
N2514	P1_U4361	NAND	1747
N2515	P1_U4362	NAND	1748
N2516	P1_U4363	NAND	1749
N2517	P1_U4364	NAND	1750
N2518	P1_U4365	NAND	1751
N2519	P1_U4366	NAND	1752
N2520	P1_U4367	NAND	1753
N2521	P1_U4368	NAND	1754
N2522	P1_U4369	NOT	1755
N2523	P1_U4370	NAND	1756
N2524	P1_U4371	NAND	1757
N2525	P1_U4372	NAND	1758
N2526	P1_U4373	NAND	1759
N2527	P1_U4374	NAND	1760
N2528	P1_U4375	NAND	1761
N2529	P1_U4376	NAND	1762
N2530	P1_U4377	NAND	1763
N2531	P1_U4378	NAND	1764
N2532	P1_U4379	NOT	1765
N2533	P1_U4380	NAND	1766
N2534	P1_U4381	NAND	1767
N2535	P1_U4382	NAND	1768
N2536	P1_U4383	NAND	1769
N2537	P1_U4384	NAND	1770
N2538	P1_U4385	NAND	1771
N2539	P1_U4386	NAND	1772
N2540	P1_U4387	NAND	1773
N2541	P1_U4388	NOT	1774
N2542	P1_U4389	NAND	1775
N2543	P1_U4390	NAND	1776
N2544	P1_U4391	NAND	1777
N2545	P1_U4392	NAND	1778
N2546	P1_U4393	NAND	1779
N2547	P1_U4394	NAND	1780
N2548	P1_U4395	NAND	1781
N2549	P1_U4396	NAND	1782
N2550	P1_U4397	NAND	1783
N2551	P1_U4398	NOT	1784
N2552	P1_U4399	NAND	1785
N2553	P1_U4400	NAND	1786
N2554	P1_U4401	NAND	1787
N2555	P1_U4402	NAND	1788
N2556	P1_U4403	NAND	1789
N2557	P1_U4404	NAND	1790
N2558	P1_U4405	NAND	1791
N2559	P1_U4406	NAND	1792
N2560	P1_U4407	NOT	1793
N2561	P1_U4408	NAND	1794
N2562	P1_U4409	NAND	1795
N2563	P1_U4410	NAND	1796
N2564	P1_U4411	NAND	1797
N2565	P1_U4412	NAND	1798
N2566	P1_U4413	NAND	1799
N2567	P1_U4414	NAND	1800
N2568	P1_U4415	NAND	1801
N2569	P1_U4416	NAND	1802
N2570	P1_U4417	NOT	1803
N2571	P1_U4418	NAND	1804
N2572	P1_U4419	NAND	1805
N2573	P1_U4420	NAND	1806
N2574	P1_U4421	NAND	1807
N2575	P1_U4422	NAND	1808
N2576	P1_U4423	NAND	1809
N2577	P1_U4424	NAND	1810
N2578	P1_U4425	NAND	1811
N2579	P1_U4426	NOT	1812
N2580	P1_U4427	NAND	1813
N2581	P1_U4428	NAND	1814
N2582	P1_U4429	NAND	1815
N2583	P1_U4430	NAND	1816
N2584	P1_U4431	NAND	1817
N2585	P1_U4432	NAND	1818
N2586	P1_U4433	NAND	1819
N2587	P1_U4434	NAND	1820
N2588	P1_U4435	NAND	1821
N2589	P1_U4436	NOT	1822
N2590	P1_U4437	NAND	1823
N2591	P1_U4438	NAND	1824
N2592	P1_U4439	NAND	1825
N2593	P1_U4440	NAND	1826
N2594	P1_U4441	NAND	1827
N2595	P1_U4442	NAND	1828
N2596	P1_U4443	NAND	1829
N2597	P1_U4444	NAND	1830
N2598	P1_U4445	NOT	1831
N2599	P1_U4446	NAND	1832
N2600	P1_U4447	NAND	1833
N2601	P1_U4448	NAND	1834
N2602	P1_U4449	NAND	1835
N2603	P1_U4450	NAND	1836
N2604	P1_U4451	NAND	1837
N2605	P1_U4452	NAND	1838
N2606	P1_U4453	NAND	1839
N2607	P1_U4454	NAND	1840
N2608	P1_U4455	NOT	1841
N2609	P1_U4456	NAND	1842
N2610	P1_U4457	NAND	1843
N2611	P1_U4458	NAND	1844
N2612	P1_U4459	NAND	1845
N2613	P1_U4460	NAND	1846
N2614	P1_U4461	NAND	1847
N2615	P1_U4462	NAND	1848
N2616	P1_U4463	NAND	1849
N2617	P1_U4464	NOT	1850
N2618	P1_U4465	NAND	1851
N2619	P1_U4466	NAND	1852
N2620	P1_U4467	NAND	1853
N2621	P1_U4468	NAND	1854
N2622	P1_U4469	NAND	1855
N2623	P1_U4470	NAND	1856
N2624	P1_U4471	NAND	1857
N2625	P1_U4472	NAND	1858
N2626	P1_U4473	NAND	1859
N2627	P1_U4474	NOT	1860
N2628	P1_U4475	NAND	1861
N2629	P1_U4476	NAND	1862
N2630	P1_U4477	NAND	1863
N2631	P1_U4478	NAND	1864
N2632	P1_U4479	NAND	1865
N2633	P1_U4480	NAND	1866
N2634	P1_U4481	NAND	1867
N2635	P1_U4482	NAND	1868
N2636	P1_U4483	NOT	1869
N2637	P1_U4484	NAND	1870
N2638	P1_U4485	NAND	1871
N2639	P1_U4486	NAND	1872
N2640	P1_U4487	NAND	1873
N2641	P1_U4488	NAND	1874
N2642	P1_U4489	NAND	1875
N2643	P1_U4490	NAND	1876
N2644	P1_U4491	NAND	1877
N2645	P1_U4492	NAND	1878
N2646	P1_U4493	NOT	1879
N2647	P1_U4494	NAND	1880
N2648	P1_U4495	NAND	1881
N2649	P1_U4496	NAND	1882
N2650	P1_U4497	NAND	1883
N2651	P1_U4498	NAND	1884
N2652	P1_U4499	NAND	1885
N2653	P1_U4500	NAND	1886
N2654	P1_U4501	NAND	1887
N2655	P1_U4502	NOT	1888
N2656	P1_U4503	NAND	1889
N2657	P1_U4504	NAND	1890
N2658	P1_U4505	NAND	1891
N2659	P1_U4506	NAND	1892
N2660	P1_U4507	NAND	1893
N2661	P1_U4508	NAND	1894
N2662	P1_U4509	NAND	1895
N2663	P1_U4510	NAND	1896
N2664	P1_U4511	NAND	1897
N2665	P1_U4512	NOT	1898
N2666	P1_U4513	NAND	1899
N2667	P1_U4514	NAND	1900
N2668	P1_U4515	NAND	1901
N2669	P1_U4516	NAND	1902
N2670	P1_U4517	NAND	1903
N2671	P1_U4518	NAND	1904
N2672	P1_U4519	NAND	1905
N2673	P1_U4520	NAND	1906
N2674	P1_U4521	NOT	1907
N2675	P1_U4522	NAND	1908
N2676	P1_U4523	NAND	1909
N2677	P1_U4524	NAND	1910
N2678	P1_U4525	NAND	1911
N2679	P1_U4526	NAND	1912
N2680	P1_U4527	NAND	1913
N2681	P1_U4528	NAND	1914
N2682	P1_U4529	NAND	1915
N2683	P1_U4530	NAND	1916
N2684	P1_U4531	NOT	1917
N2685	P1_U4532	NAND	1918
N2686	P1_U4533	NAND	1919
N2687	P1_U4534	NAND	1920
N2688	P1_U4535	NAND	1921
N2689	P1_U4536	NAND	1922
N2690	P1_U4537	NAND	1923
N2691	P1_U4538	NAND	1924
N2692	P1_U4539	NAND	1925
N2693	P1_U4540	NOT	1926
N2694	P1_U4541	NAND	1927
N2695	P1_U4542	NAND	1928
N2696	P1_U4543	NAND	1929
N2697	P1_U4544	NAND	1930
N2698	P1_U4545	NAND	1931
N2699	P1_U4546	NAND	1932
N2700	P1_U4547	NAND	1933
N2701	P1_U4548	NAND	1934
N2702	P1_U4549	NAND	1935
N2703	P1_U4550	NOT	1936
N2704	P1_U4551	NAND	1937
N2705	P1_U4552	NAND	1938
N2706	P1_U4553	NAND	1939
N2707	P1_U4554	NAND	1940
N2708	P1_U4555	NAND	1941
N2709	P1_U4556	NAND	1942
N2710	P1_U4557	NAND	1943
N2711	P1_U4558	NAND	1944
N2712	P1_U4559	NOT	1945
N2713	P1_U4560	NAND	1946
N2714	P1_U4561	NAND	1947
N2715	P1_U4562	NAND	1948
N2716	P1_U4563	NAND	1949
N2717	P1_U4564	NAND	1950
N2718	P1_U4565	NAND	1951
N2719	P1_U4566	NAND	1952
N2720	P1_U4567	NAND	1953
N2721	P1_U4568	NAND	1954
N2722	P1_U4569	NOT	1955
N2723	P1_U4570	NAND	1956
N2724	P1_U4571	NAND	1957
N2725	P1_U4572	NAND	1958
N2726	P1_U4573	NAND	1959
N2727	P1_U4574	NAND	1960
N2728	P1_U4575	NAND	1961
N2729	P1_U4576	NAND	1962
N2730	P1_U4577	NAND	1963
N2731	P1_U4578	NOT	1964
N2732	P1_U4579	NAND	1965
N2733	P1_U4580	NAND	1966
N2734	P1_U4581	NAND	1967
N2735	P1_U4582	NAND	1968
N2736	P1_U4583	NAND	1969
N2737	P1_U4584	NAND	1970
N2738	P1_U4585	NAND	1971
N2739	P1_U4586	NAND	1972
N2740	P1_U4587	NAND	1973
N2741	P1_U4588	NOT	1974
N2742	P1_U4589	NAND	1975
N2743	P1_U4590	NAND	1976
N2744	P1_U4591	NAND	1977
N2745	P1_U4592	NAND	1978
N2746	P1_U4593	NAND	1979
N2747	P1_U4594	NAND	1980
N2748	P1_U4595	NAND	1981
N2749	P1_U4596	NAND	1982
N2750	P1_U4597	NOT	1983
N2751	P1_U4598	NAND	1984
N2752	P1_U4599	NAND	1985
N2753	P1_U4600	NAND	1986
N2754	P1_U4601	NAND	1987
N2755	P1_U4602	NAND	1988
N2756	P1_U4603	NAND	1989
N2757	P1_U4604	NAND	1990
N2758	P1_U4605	NAND	1991
N2759	P1_U4606	NAND	1992
N2760	P1_U4607	NOT	1993
N2761	P1_U4608	NAND	1994
N2762	P1_U4609	NAND	1995
N2763	P1_U4610	NAND	1996
N2764	P1_U4611	NAND	1997
N2765	P1_U4612	NAND	1998
N2766	P1_U4613	NAND	1999
N2767	P1_U4614	NAND	2000
N2768	P1_U4615	NAND	2001
N2769	P1_U4616	NOT	2002
N2770	P1_U4617	NAND	2003
N2771	P1_U4618	NAND	2004
N2772	P1_U4619	NAND	2005
N2773	P1_U4620	NAND	2006
N2774	P1_U4621	NAND	2007
N2775	P1_U4622	NAND	2008
N2776	P1_U4623	NAND	2009
N2777	P1_U4624	NAND	2010
N2778	P1_U4625	NAND	2011
N2779	P1_U4626	NOT	2012
N2780	P1_U4627	NAND	2013
N2781	P1_U4628	NAND	2014
N2782	P1_U4629	NAND	2015
N2783	P1_U4630	NAND	2016
N2784	P1_U4631	NAND	2017
N2785	P1_U4632	NAND	2018
N2786	P1_U4633	NAND	2019
N2787	P1_U4634	NAND	2020
N2788	P1_U4635	NOT	2021
N2789	P1_U4636	NAND	2022
N2790	P1_U4637	NAND	2023
N2791	P1_U4638	NAND	2024
N2792	P1_U4639	NAND	2025
N2793	P1_U4640	NAND	2026
N2794	P1_U4641	NAND	2027
N2795	P1_U4642	NAND	2028
N2796	P1_U4643	NAND	2029
N2797	P1_U4644	NAND	2030
N2798	P1_U4645	NOT	2031
N2799	P1_U4646	NAND	2032
N2800	P1_U4647	NAND	2033
N2801	P1_U4648	NAND	2034
N2802	P1_U4649	NAND	2035
N2803	P1_U4650	NAND	2036
N2804	P1_U4651	NAND	2037
N2805	P1_U4652	NAND	2038
N2806	P1_U4653	NAND	2039
N2807	P1_U4654	NOT	2040
N2808	P1_U4655	NAND	2041
N2809	P1_U4656	NAND	2042
N2810	P1_U4657	NAND	2043
N2811	P1_U4658	NAND	2044
N2812	P1_U4659	NAND	2045
N2813	P1_U4660	NAND	2046
N2814	P1_U4661	NAND	2047
N2815	P1_U4662	NAND	2048
N2816	P1_U4663	NAND	2049
N2817	P1_U4664	NOT	2050
N2818	P1_U4665	NAND	2051
N2819	P1_U4666	NAND	2052
N2820	P1_U4667	NAND	2053
N2821	P1_U4668	NAND	2054
N2822	P1_U4669	NAND	2055
N2823	P1_U4670	NAND	2056
N2824	P1_U4671	NAND	2057
N2825	P1_U4672	NAND	2058
N2826	P1_U4673	NOT	2059
N2827	P1_U4674	NAND	2060
N2828	P1_U4675	NAND	2061
N2829	P1_U4676	NAND	2062
N2830	P1_U4677	NAND	2063
N2831	P1_U4678	NAND	2064
N2832	P1_U4679	NAND	2065
N2833	P1_U4680	NAND	2066
N2834	P1_U4681	NAND	2067
N2835	P1_U4682	NAND	2068
N2836	P1_U4683	NOT	2069
N2837	P1_U4684	NAND	2070
N2838	P1_U4685	NAND	2071
N2839	P1_U4686	NAND	2072
N2840	P1_U4687	NAND	2073
N2841	P1_U4688	NAND	2074
N2842	P1_U4689	NAND	2075
N2843	P1_U4690	NAND	2076
N2844	P1_U4691	NAND	2077
N2845	P1_U4692	NOT	2078
N2846	P1_U4693	NAND	2079
N2847	P1_U4694	NAND	2080
N2848	P1_U4695	NAND	2081
N2849	P1_U4696	NAND	2082
N2850	P1_U4697	NAND	2083
N2851	P1_U4698	NAND	2084
N2852	P1_U4699	NAND	2085
N2853	P1_U4700	NAND	2086
N2854	P1_U4701	NAND	2087
N2855	P1_U4702	NOT	2088
N2856	P1_U4703	NAND	2089
N2857	P1_U4704	NAND	2090
N2858	P1_U4705	NAND	2091
N2859	P1_U4706	NAND	2092
N2860	P1_U4707	NAND	2093
N2861	P1_U4708	NAND	2094
N2862	P1_U4709	NAND	2095
N2863	P1_U4710	NAND	2096
N2864	P1_U4711	NOT	2097
N2865	P1_U4712	NAND	2098
N2866	P1_U4713	NAND	2099
N2867	P1_U4714	NAND	2100
N2868	P1_U4715	NAND	2101
N2869	P1_U4716	NAND	2102
N2870	P1_U4717	NAND	2103
N2871	P1_U4718	NAND	2104
N2872	P1_U4719	NAND	2105
N2873	P1_U4720	NAND	2106
N2874	P1_U4721	NOT	2107
N2875	P1_U4722	NAND	2108
N2876	P1_U4723	NAND	2109
N2877	P1_U4724	NAND	2110
N2878	P1_U4725	NAND	2111
N2879	P1_U4726	NAND	2112
N2880	P1_U4727	NAND	2113
N2881	P1_U4728	NAND	2114
N2882	P1_U4729	NAND	2115
N2883	P1_U4730	NOT	2116
N2884	P1_U4731	NAND	2117
N2885	P1_U4732	NAND	2118
N2886	P1_U4733	NAND	2119
N2887	P1_U4734	NAND	2120
N2888	P1_U4735	NAND	2121
N2889	P1_U4736	NAND	2122
N2890	P1_U4737	NAND	2123
N2891	P1_U4738	NAND	2124
N2892	P1_U4739	NOT	2125
N2893	P1_U4740	NAND	2126
N2894	P1_U4741	NAND	2127
N2895	P1_U4742	NAND	2128
N2896	P1_U4743	NAND	2129
N2897	P1_U4744	NAND	2130
N2898	P1_U4745	NAND	2131
N2899	P1_U4746	NAND	2132
N2900	P1_U4747	NAND	2133
N2901	P1_U4748	NAND	2134
N2902	P1_U4749	NAND	2135
N2903	P1_U4750	NAND	2136
N2904	P1_U4751	NOT	2137
N2905	P1_U4752	NAND	2138
N2906	P1_U4753	NAND	2139
N2907	P1_U4754	NAND	2140
N2908	P1_U4755	NAND	2141
N2909	P1_U4756	NAND	2142
N2910	P1_U4757	NAND	2143
N2911	P1_U4758	NAND	2144
N2912	P1_U4759	NOT	2145
N2913	P1_U4760	NAND	2146
N2914	P1_U4761	NAND	2147
N2915	P1_U4762	NAND	2148
N2916	P1_U4763	NAND	2149
N2917	P1_U4764	NAND	2150
N2918	P1_U4765	NAND	2151
N2919	P1_U4766	NAND	2152
N2920	P1_U4767	NAND	2153
N2921	P1_U4768	NAND	2154
N2922	P1_U4769	NOT	2155
N2923	P1_U4770	NAND	2156
N2924	P1_U4771	NAND	2157
N2925	P1_U4772	NAND	2158
N2926	P1_U4773	NAND	2159
N2927	P1_U4774	NAND	2160
N2928	P1_U4775	NAND	2161
N2929	P1_U4776	NAND	2162
N2930	P1_U4777	NAND	2163
N2931	P1_U4778	NAND	2164
N2932	P1_U4779	NAND	2165
N2933	P1_U4780	NAND	2166
N2934	P1_U4781	NAND	2167
N2935	P1_U4782	NAND	2168
N2936	P1_U4783	NAND	2169
N2937	P1_U4784	NAND	2170
N2938	P1_U4785	NAND	2171
N2939	P1_U4786	NAND	2172
N2940	P1_U4787	NAND	2173
N2941	P1_U4788	NAND	2174
N2942	P1_U4789	NAND	2175
N2943	P1_U4790	NAND	2176
N2944	P1_U4791	NAND	2177
N2945	P1_U4792	NAND	2178
N2946	P1_U4793	NAND	2179
N2947	P1_U4794	NAND	2180
N2948	P1_U4795	NAND	2181
N2949	P1_U4796	NAND	2182
N2950	P1_U4797	NAND	2183
N2951	P1_U4798	NAND	2184
N2952	P1_U4799	NAND	2185
N2953	P1_U4800	NAND	2186
N2954	P1_U4801	NAND	2187
N2955	P1_U4802	NAND	2188
N2956	P1_U4803	NAND	2189
N2957	P1_U4804	NAND	2190
N2958	P1_U4805	NAND	2191
N2959	P1_U4806	NAND	2192
N2960	P1_U4807	NAND	2193
N2961	P1_U4808	NAND	2194
N2962	P1_U4809	NAND	2195
N2963	P1_U4810	NAND	2196
N2964	P1_U4811	NAND	2197
N2965	P1_U4812	NAND	2198
N2966	P1_U4813	NAND	2199
N2967	P1_U4814	NAND	2200
N2968	P1_U4815	NAND	2201
N2969	P1_U4816	NAND	2202
N2970	P1_U4817	NAND	2203
N2971	P1_U4818	NAND	2204
N2972	P1_U4819	NAND	2205
N2973	P1_U4820	NAND	2206
N2974	P1_U4821	NAND	2207
N2975	P1_U4822	NAND	2208
N2976	P1_U4823	NAND	2209
N2977	P1_U4824	NAND	2210
N2978	P1_U4825	NAND	2211
N2979	P1_U4826	NAND	2212
N2980	P1_U4827	NAND	2213
N2981	P1_U4828	NAND	2214
N2982	P1_U4829	NAND	2215
N2983	P1_U4830	NAND	2216
N2984	P1_U4831	NAND	2217
N2985	P1_U4832	NAND	2218
N2986	P1_U4833	NAND	2219
N2987	P1_U4834	NAND	2220
N2988	P1_U4835	NAND	2221
N2989	P1_U4836	NAND	2222
N2990	P1_U4837	NAND	2223
N2991	P1_U4838	NAND	2224
N2992	P1_U4839	NAND	2225
N2993	P1_U4840	NAND	2226
N2994	P1_U4841	NAND	2227
N2995	P1_U4842	NAND	2228
N2996	P1_U4843	NAND	2229
N2997	P1_U4844	NAND	2230
N2998	P1_U4845	NAND	2231
N2999	P1_U4846	NAND	2232
N3000	P1_U4847	NAND	2233
N3001	P1_U4848	NAND	2234
N3002	P1_U4849	NAND	2235
N3003	P1_U4850	NAND	2236
N3004	P1_U4851	NAND	2237
N3005	P1_U4852	NAND	2238
N3006	P1_U4853	NAND	2239
N3007	P1_U4854	NAND	2240
N3008	P1_U4855	NAND	2241
N3009	P1_U4856	NAND	2242
N3010	P1_U4857	NAND	2243
N3011	P1_U4858	NAND	2244
N3012	P1_U4859	NAND	2245
N3013	P1_U4860	NAND	2246
N3014	P1_U4861	NAND	2247
N3015	P1_U4862	NAND	2248
N3016	P1_U4863	NAND	2249
N3017	P1_U4864	NAND	2250
N3018	P1_U4865	NAND	2251
N3019	P1_U4866	NAND	2252
N3020	P1_U4867	NAND	2253
N3021	P1_U4868	NAND	2254
N3022	P1_U4869	NAND	2255
N3023	P1_U4870	NAND	2256
N3024	P1_U4871	NAND	2257
N3025	P1_U4872	NAND	2258
N3026	P1_U4873	NAND	2259
N3027	P1_U4874	NAND	2260
N3028	P1_U4875	NAND	2261
N3029	P1_U4876	NAND	2262
N3030	P1_U4877	NAND	2263
N3031	P1_U4878	NAND	2264
N3032	P1_U4879	NAND	2265
N3033	P1_U4880	NAND	2266
N3034	P1_U4881	NAND	2267
N3035	P1_U4882	NAND	2268
N3036	P1_U4883	NAND	2269
N3037	P1_U4884	NAND	2270
N3038	P1_U4885	NAND	2271
N3039	P1_U4886	NAND	2272
N3040	P1_U4887	NAND	2273
N3041	P1_U4888	NAND	2274
N3042	P1_U4889	NAND	2275
N3043	P1_U4890	NAND	2276
N3044	P1_U4891	NAND	2277
N3045	P1_U4892	NAND	2278
N3046	P1_U4893	NAND	2279
N3047	P1_U4894	NAND	2280
N3048	P1_U4895	NAND	2281
N3049	P1_U4896	NAND	2282
N3050	P1_U4897	NAND	2283
N3051	P1_U4898	NAND	2284
N3052	P1_U4899	NAND	2285
N3053	P1_U4900	NAND	2286
N3054	P1_U4901	NAND	2287
N3055	P1_U4902	NAND	2288
N3056	P1_U4903	NAND	2289
N3057	P1_U4904	NAND	2290
N3058	P1_U4905	NAND	2291
N3059	P1_U4906	NAND	2292
N3060	P1_U4907	NAND	2293
N3061	P1_U4908	NAND	2294
N3062	P1_U4909	NAND	2295
N3063	P1_U4910	NAND	2296
N3064	P1_U4911	NAND	2297
N3065	P1_U4912	NAND	2298
N3066	P1_U4913	NAND	2299
N3067	P1_U4914	NAND	2300
N3068	P1_U4915	NAND	2301
N3069	P1_U4916	NAND	2302
N3070	P1_U4917	NAND	2303
N3071	P1_U4918	NAND	2304
N3072	P1_U4919	NAND	2305
N3073	P1_U4920	NAND	2306
N3074	P1_U4921	NAND	2307
N3075	P1_U4922	NAND	2308
N3076	P1_U4923	NAND	2309
N3077	P1_U4924	NAND	2310
N3078	P1_U4925	NAND	2311
N3079	P1_U4926	NAND	2312
N3080	P1_U4927	NAND	2313
N3081	P1_U4928	NAND	2314
N3082	P1_U4929	NAND	2315
N3083	P1_U4930	NAND	2316
N3084	P1_U4931	NOT	2317
N3085	P1_U4932	NOT	2318
N3086	P1_U4933	NAND	2319
N3087	P1_U4934	NAND	2320
N3088	P1_U4935	NAND	2321
N3089	P1_U4936	NAND	2322
N3090	P1_U4937	NAND	2323
N3091	P1_U4938	NAND	2324
N3092	P1_U4939	NAND	2325
N3093	P1_U4940	NAND	2326
N3094	P1_U4941	NAND	2327
N3095	P1_U4942	NAND	2328
N3096	P1_U4943	NAND	2329
N3097	P1_U4944	NAND	2330
N3098	P1_U4945	NAND	2331
N3099	P1_U4946	NAND	2332
N3100	P1_U4947	NAND	2333
N3101	P1_U4948	NAND	2334
N3102	P1_U4949	NAND	2335
N3103	P1_U4950	NAND	2336
N3104	P1_U4951	NAND	2337
N3105	P1_U4952	NAND	2338
N3106	P1_U4953	NAND	2339
N3107	P1_U4954	NAND	2340
N3108	P1_U4955	NAND	2341
N3109	P1_U4956	NAND	2342
N3110	P1_U4957	NAND	2343
N3111	P1_U4958	NAND	2344
N3112	P1_U4959	NAND	2345
N3113	P1_U4960	NAND	2346
N3114	P1_U4961	NAND	2347
N3115	P1_U4962	NAND	2348
N3116	P1_U4963	NAND	2349
N3117	P1_U4964	NAND	2350
N3118	P1_U4965	NAND	2351
N3119	P1_U4966	NAND	2352
N3120	P1_U4967	NAND	2353
N3121	P1_U4968	NAND	2354
N3122	P1_U4969	NAND	2355
N3123	P1_U4970	NAND	2356
N3124	P1_U4971	NAND	2357
N3125	P1_U4972	NAND	2358
N3126	P1_U4973	NAND	2359
N3127	P1_U4974	NAND	2360
N3128	P1_U4975	NAND	2361
N3129	P1_U4976	NAND	2362
N3130	P1_U4977	NAND	2363
N3131	P1_U4978	NAND	2364
N3132	P1_U4979	NAND	2365
N3133	P1_U4980	NAND	2366
N3134	P1_U4981	NAND	2367
N3135	P1_U4982	NAND	2368
N3136	P1_U4983	NAND	2369
N3137	P1_U4984	NAND	2370
N3138	P1_U4985	NAND	2371
N3139	P1_U4986	NAND	2372
N3140	P1_U4987	NAND	2373
N3141	P1_U4988	NAND	2374
N3142	P1_U4989	NAND	2375
N3143	P1_U4990	NAND	2376
N3144	P1_U4991	NAND	2377
N3145	P1_U4992	NAND	2378
N3146	P1_U4993	NAND	2379
N3147	P1_U4994	NAND	2380
N3148	P1_U4995	NAND	2381
N3149	P1_U4996	NAND	2382
N3150	P1_U4997	NAND	2383
N3151	P1_U4998	NAND	2384
N3152	P1_U4999	NAND	2385
N3153	P1_U5000	NAND	2386
N3154	P1_U5001	NAND	2387
N3155	P1_U5002	NAND	2388
N3156	P1_U5003	NAND	2389
N3157	P1_U5004	NAND	2390
N3158	P1_U5005	NAND	2391
N3159	P1_U5006	NAND	2392
N3160	P1_U5007	NAND	2393
N3161	P1_U5008	NAND	2394
N3162	P1_U5009	NAND	2395
N3163	P1_U5010	NAND	2396
N3164	P1_U5011	NAND	2397
N3165	P1_U5012	NAND	2398
N3166	P1_U5013	NAND	2399
N3167	P1_U5014	NAND	2400
N3168	P1_U5015	NAND	2401
N3169	P1_U5016	NAND	2402
N3170	P1_U5017	NAND	2403
N3171	P1_U5018	NAND	2404
N3172	P1_U5019	NAND	2405
N3173	P1_U5020	NAND	2406
N3174	P1_U5021	NAND	2407
N3175	P1_U5022	NAND	2408
N3176	P1_U5023	NAND	2409
N3177	P1_U5024	NAND	2410
N3178	P1_U5025	NAND	2411
N3179	P1_U5026	NAND	2412
N3180	P1_U5027	NAND	2413
N3181	P1_U5028	NAND	2414
N3182	P1_U5029	NAND	2415
N3183	P1_U5030	NAND	2416
N3184	P1_U5031	NAND	2417
N3185	P1_U5032	NAND	2418
N3186	P1_U5033	NAND	2419
N3187	P1_U5034	NAND	2420
N3188	P1_U5035	NAND	2421
N3189	P1_U5036	NAND	2422
N3190	P1_U5037	NAND	2423
N3191	P1_U5038	NAND	2424
N3192	P1_U5039	NAND	2425
N3193	P1_U5040	NAND	2426
N3194	P1_U5041	NAND	2427
N3195	P1_U5042	NAND	2428
N3196	P1_U5043	NAND	2429
N3197	P1_U5044	NAND	2430
N3198	P1_U5045	NAND	2431
N3199	P1_U5046	NAND	2432
N3200	P1_U5047	NAND	2433
N3201	P1_U5048	NAND	2434
N3202	P1_U5049	NAND	2435
N3203	P1_U5050	NAND	2436
N3204	P1_U5051	NAND	2437
N3205	P1_U5052	NAND	2438
N3206	P1_U5053	NAND	2439
N3207	P1_U5054	NAND	2440
N3208	P1_U5055	NAND	2441
N3209	P1_U5056	NAND	2442
N3210	P1_U5057	NAND	2443
N3211	P1_U5058	NAND	2444
N3212	P1_U5059	NAND	2445
N3213	P1_U5060	NAND	2446
N3214	P1_U5061	NAND	2447
N3215	P1_U5062	NAND	2448
N3216	P1_U5063	NAND	2449
N3217	P1_U5064	NAND	2450
N3218	P1_U5065	NAND	2451
N3219	P1_U5066	NAND	2452
N3220	P1_U5067	NAND	2453
N3221	P1_U5068	NAND	2454
N3222	P1_U5069	NAND	2455
N3223	P1_U5070	NAND	2456
N3224	P1_U5071	NAND	2457
N3225	P1_U5072	NAND	2458
N3226	P1_U5073	NAND	2459
N3227	P1_U5074	NAND	2460
N3228	P1_U5075	NAND	2461
N3229	P1_U5076	NAND	2462
N3230	P1_U5077	NAND	2463
N3231	P1_U5078	NAND	2464
N3232	P1_U5079	NAND	2465
N3233	P1_U5080	NAND	2466
N3234	P1_U5081	NAND	2467
N3235	P1_U5082	NAND	2468
N3236	P1_U5083	NAND	2469
N3237	P1_U5084	NAND	2470
N3238	P1_U5085	NAND	2471
N3239	P1_U5086	NAND	2472
N3240	P1_U5087	NAND	2473
N3241	P1_U5088	NAND	2474
N3242	P1_U5089	NAND	2475
N3243	P1_U5090	NAND	2476
N3244	P1_U5091	NAND	2477
N3245	P1_U5092	NAND	2478
N3246	P1_U5093	NAND	2479
N3247	P1_U5094	NAND	2480
N3248	P1_U5095	NAND	2481
N3249	P1_U5096	NAND	2482
N3250	P1_U5097	NAND	2483
N3251	P1_U5098	NAND	2484
N3252	P1_U5099	NAND	2485
N3253	P1_U5100	NAND	2486
N3254	P1_U5101	NAND	2487
N3255	P1_U5102	NAND	2488
N3256	P1_U5103	NAND	2489
N3257	P1_U5104	NAND	2490
N3258	P1_U5105	NAND	2491
N3259	P1_U5106	NAND	2492
N3260	P1_U5107	NAND	2493
N3261	P1_U5108	NAND	2494
N3262	P1_U5109	NAND	2495
N3263	P1_U5110	NAND	2496
N3264	P1_U5111	NAND	2497
N3265	P1_U5112	NAND	2498
N3266	P1_U5113	NAND	2499
N3267	P1_U5114	NAND	2500
N3268	P1_U5115	NAND	2501
N3269	P1_U5116	NAND	2502
N3270	P1_U5117	NAND	2503
N3271	P1_U5118	NAND	2504
N3272	P1_U5119	NAND	2505
N3273	P1_U5120	NAND	2506
N3274	P1_U5121	NAND	2507
N3275	P1_U5122	NAND	2508
N3276	P1_U5123	NAND	2509
N3277	P1_U5124	NAND	2510
N3278	P1_U5125	NAND	2511
N3279	P1_U5126	NAND	2512
N3280	P1_U5127	NAND	2513
N3281	P1_U5128	NAND	2514
N3282	P1_U5129	NOT	2515
N3283	P1_U5130	NAND	2516
N3284	P1_U5131	NAND	2517
N3285	P1_U5132	NAND	2518
N3286	P1_U5133	NAND	2519
N3287	P1_U5134	NAND	2520
N3288	P1_U5135	NAND	2521
N3289	P1_U5136	NAND	2522
N3290	P1_U5137	NAND	2523
N3291	P1_U5138	NAND	2524
N3292	P1_U5139	NAND	2525
N3293	P1_U5140	NAND	2526
N3294	P1_U5141	NAND	2527
N3295	P1_U5142	NAND	2528
N3296	P1_U5143	NOT	2529
N3297	P1_U5144	NAND	2530
N3298	P1_U5145	NAND	2531
N3299	P1_U5146	NAND	2532
N3300	P1_U5147	NAND	2533
N3301	P1_U5148	NAND	2534
N3302	P1_U5149	NAND	2535
N3303	P1_U5150	NAND	2536
N3304	P1_U5151	NAND	2537
N3305	P1_U5152	NAND	2538
N3306	P1_U5153	NAND	2539
N3307	P1_U5154	NAND	2540
N3308	P1_U5155	NAND	2541
N3309	P1_U5156	NAND	2542
N3310	P1_U5157	NAND	2543
N3311	P1_U5158	NAND	2544
N3312	P1_U5159	NAND	2545
N3313	P1_U5160	NAND	2546
N3314	P1_U5161	NAND	2547
N3315	P1_U5162	NAND	2548
N3316	P1_U5163	NAND	2549
N3317	P1_U5164	NAND	2550
N3318	P1_U5165	NAND	2551
N3319	P1_U5166	NAND	2552
N3320	P1_U5167	NAND	2553
N3321	P1_U5168	NAND	2554
N3322	P1_U5169	NAND	2555
N3323	P1_U5170	NAND	2556
N3324	P1_U5171	NAND	2557
N3325	P1_U5172	NAND	2558
N3326	P1_U5173	NAND	2559
N3327	P1_U5174	NAND	2560
N3328	P1_U5175	NAND	2561
N3329	P1_U5176	NAND	2562
N3330	P1_U5177	NAND	2563
N3331	P1_U5178	NAND	2564
N3332	P1_U5179	NAND	2565
N3333	P1_U5180	NAND	2566
N3334	P1_U5181	NAND	2567
N3335	P1_U5182	NAND	2568
N3336	P1_U5183	NAND	2569
N3337	P1_U5184	NAND	2570
N3338	P1_U5185	NAND	2571
N3339	P1_U5186	NAND	2572
N3340	P1_U5187	NAND	2573
N3341	P1_U5188	NAND	2574
N3342	P1_U5189	NAND	2575
N3343	P1_U5190	NAND	2576
N3344	P1_U5191	NAND	2577
N3345	P1_U5192	NAND	2578
N3346	P1_U5193	NAND	2579
N3347	P1_U5194	NAND	2580
N3348	P1_U5195	NAND	2581
N3349	P1_U5196	NAND	2582
N3350	P1_U5197	NAND	2583
N3351	P1_U5198	NAND	2584
N3352	P1_U5199	NAND	2585
N3353	P1_U5200	NAND	2586
N3354	P1_U5201	NAND	2587
N3355	P1_U5202	NAND	2588
N3356	P1_U5203	NAND	2589
N3357	P1_U5204	NAND	2590
N3358	P1_U5205	NAND	2591
N3359	P1_U5206	NAND	2592
N3360	P1_U5207	NAND	2593
N3361	P1_U5208	NAND	2594
N3362	P1_U5209	NAND	2595
N3363	P1_U5210	NAND	2596
N3364	P1_U5211	NAND	2597
N3365	P1_U5212	NAND	2598
N3366	P1_U5213	NAND	2599
N3367	P1_U5214	NAND	2600
N3368	P1_U5215	NAND	2601
N3369	P1_U5216	NAND	2602
N3370	P1_U5217	NAND	2603
N3371	P1_U5218	NAND	2604
N3372	P1_U5219	NAND	2605
N3373	P1_U5220	NAND	2606
N3374	P1_U5221	NAND	2607
N3375	P1_U5222	NAND	2608
N3376	P1_U5223	NAND	2609
N3377	P1_U5224	NAND	2610
N3378	P1_U5225	NAND	2611
N3379	P1_U5226	NAND	2612
N3380	P1_U5227	NAND	2613
N3381	P1_U5228	NAND	2614
N3382	P1_U5229	NAND	2615
N3383	P1_U5230	NAND	2616
N3384	P1_U5231	NAND	2617
N3385	P1_U5232	NAND	2618
N3386	P1_U5233	NAND	2619
N3387	P1_U5234	NAND	2620
N3388	P1_U5235	NAND	2621
N3389	P1_U5236	NAND	2622
N3390	P1_U5237	NAND	2623
N3391	P1_U5238	NAND	2624
N3392	P1_U5239	NAND	2625
N3393	P1_U5240	NAND	2626
N3394	P1_U5241	NAND	2627
N3395	P1_U5242	NAND	2628
N3396	P1_U5243	NAND	2629
N3397	P1_U5244	NAND	2630
N3398	P1_U5245	NAND	2631
N3399	P1_U5246	NAND	2632
N3400	P1_U5247	NAND	2633
N3401	P1_U5248	NAND	2634
N3402	P1_U5249	NAND	2635
N3403	P1_U5250	NAND	2636
N3404	P1_U5251	NAND	2637
N3405	P1_U5252	NAND	2638
N3406	P1_U5253	NAND	2639
N3407	P1_U5254	NAND	2640
N3408	P1_U5255	NAND	2641
N3409	P1_U5256	NAND	2642
N3410	P1_U5257	NAND	2643
N3411	P1_U5258	NAND	2644
N3412	P1_U5259	NAND	2645
N3413	P1_U5260	NAND	2646
N3414	P1_U5261	NAND	2647
N3415	P1_U5262	NAND	2648
N3416	P1_U5263	NAND	2649
N3417	P1_U5264	NAND	2650
N3418	P1_U5265	NAND	2651
N3419	P1_U5266	NAND	2652
N3420	P1_U5267	NAND	2653
N3421	P1_U5268	NAND	2654
N3422	P1_U5269	NAND	2655
N3423	P1_U5270	NAND	2656
N3424	P1_U5271	NAND	2657
N3425	P1_U5272	NAND	2658
N3426	P1_U5273	NAND	2659
N3427	P1_U5274	NAND	2660
N3428	P1_U5275	NAND	2661
N3429	P1_U5276	NAND	2662
N3430	P1_U5277	NAND	2663
N3431	P1_U5278	NAND	2664
N3432	P1_U5279	NAND	2665
N3433	P1_U5280	NAND	2666
N3434	P1_U5281	NAND	2667
N3435	P1_U5282	NAND	2668
N3436	P1_U5283	NAND	2669
N3437	P1_U5284	NAND	2670
N3438	P1_U5285	NAND	2671
N3439	P1_U5286	NAND	2672
N3440	P1_U5287	NAND	2673
N3441	P1_U5288	NAND	2674
N3442	P1_U5289	NAND	2675
N3443	P1_U5290	NAND	2676
N3444	P1_U5291	NAND	2677
N3445	P1_U5292	NAND	2678
N3446	P1_U5293	NAND	2679
N3447	P1_U5294	NAND	2680
N3448	P1_U5295	NAND	2681
N3449	P1_U5296	NAND	2682
N3450	P1_U5297	NAND	2683
N3451	P1_U5298	NAND	2684
N3452	P1_U5299	NAND	2685
N3453	P1_U5300	NAND	2686
N3454	P1_U5301	NAND	2687
N3455	P1_U5302	NAND	2688
N3456	P1_U5303	NAND	2689
N3457	P1_U5304	NAND	2690
N3458	P1_U5305	NAND	2691
N3459	P1_U5306	NAND	2692
N3460	P1_U5307	NAND	2693
N3461	P1_U5308	NAND	2694
N3462	P1_U5309	NAND	2695
N3463	P1_U5310	NAND	2696
N3464	P1_U5311	NAND	2697
N3465	P1_U5312	NAND	2698
N3466	P1_U5313	NAND	2699
N3467	P1_U5314	NAND	2700
N3468	P1_U5315	NAND	2701
N3469	P1_U5316	NAND	2702
N3470	P1_U5317	NAND	2703
N3471	P1_U5318	NAND	2704
N3472	P1_U5319	NAND	2705
N3473	P1_U5320	NAND	2706
N3474	P1_U5321	NAND	2707
N3475	P1_U5322	NAND	2708
N3476	P1_U5323	NAND	2709
N3477	P1_U5324	NAND	2710
N3478	P1_U5325	NAND	2711
N3479	P1_U5326	NAND	2712
N3480	P1_U5327	NAND	2713
N3481	P1_U5328	NAND	2714
N3482	P1_U5329	NAND	2715
N3483	P1_U5330	NAND	2716
N3484	P1_U5331	NAND	2717
N3485	P1_U5332	NAND	2718
N3486	P1_U5333	NAND	2719
N3487	P1_U5334	NAND	2720
N3488	P1_U5335	NAND	2721
N3489	P1_U5336	NAND	2722
N3490	P1_U5337	NAND	2723
N3491	P1_U5338	NAND	2724
N3492	P1_U5339	NAND	2725
N3493	P1_U5340	NAND	2726
N3494	P1_U5341	NAND	2727
N3495	P1_U5342	NAND	2728
N3496	P1_U5343	NAND	2729
N3497	P1_U5344	NAND	2730
N3498	P1_U5345	NAND	2731
N3499	P1_U5346	NAND	2732
N3500	P1_U5347	NAND	2733
N3501	P1_U5348	NAND	2734
N3502	P1_U5349	NAND	2735
N3503	P1_U5350	NAND	2736
N3504	P1_U5351	NAND	2737
N3505	P1_U5352	NAND	2738
N3506	P1_U5353	NAND	2739
N3507	P1_U5354	NAND	2740
N3508	P1_U5355	NAND	2741
N3509	P1_U5356	NAND	2742
N3510	P1_U5357	NAND	2743
N3511	P1_U5358	NAND	2744
N3512	P1_U5359	NAND	2745
N3513	P1_U5360	NAND	2746
N3514	P1_U5361	NAND	2747
N3515	P1_U5362	NAND	2748
N3516	P1_U5363	NAND	2749
N3517	P1_U5364	NAND	2750
N3518	P1_U5365	NAND	2751
N3519	P1_U5366	NAND	2752
N3520	P1_U5367	NAND	2753
N3521	P1_U5368	NAND	2754
N3522	P1_U5369	NAND	2755
N3523	P1_U5370	NAND	2756
N3524	P1_U5371	NAND	2757
N3525	P1_U5372	NAND	2758
N3526	P1_U5373	NAND	2759
N3527	P1_U5374	NAND	2760
N3528	P1_U5375	NAND	2761
N3529	P1_U5376	NAND	2762
N3530	P1_U5377	NAND	2763
N3531	P1_U5378	NAND	2764
N3532	P1_U5379	NAND	2765
N3533	P1_U5380	NAND	2766
N3534	P1_U5381	NAND	2767
N3535	P1_U5382	NAND	2768
N3536	P1_U5383	NAND	2769
N3537	P1_U5384	NAND	2770
N3538	P1_U5385	NAND	2771
N3539	P1_U5386	NAND	2772
N3540	P1_U5387	NAND	2773
N3541	P1_U5388	NAND	2774
N3542	P1_U5389	NAND	2775
N3543	P1_U5390	NAND	2776
N3544	P1_U5391	NAND	2777
N3545	P1_U5392	NAND	2778
N3546	P1_U5393	NAND	2779
N3547	P1_U5394	NAND	2780
N3548	P1_U5395	NAND	2781
N3549	P1_U5396	NAND	2782
N3550	P1_U5397	NAND	2783
N3551	P1_U5398	NAND	2784
N3552	P1_U5399	NAND	2785
N3553	P1_U5400	NAND	2786
N3554	P1_U5401	NAND	2787
N3555	P1_U5402	NAND	2788
N3556	P1_U5403	NAND	2789
N3557	P1_U5404	NAND	2790
N3558	P1_U5405	NAND	2791
N3559	P1_U5406	NAND	2792
N3560	P1_U5407	NAND	2793
N3561	P1_U5408	NAND	2794
N3562	P1_U5409	NAND	2795
N3563	P1_U5410	NAND	2796
N3564	P1_U5411	NAND	2797
N3565	P1_U5412	NAND	2798
N3566	P1_U5413	NAND	2799
N3567	P1_U5414	NAND	2800
N3568	P1_U5415	NAND	2801
N3569	P1_U5416	NOT	2802
N3570	P1_U5417	NAND	2803
N3571	P1_U5418	NAND	2804
N3572	P1_U5419	NAND	2805
N3573	P1_U5420	NAND	2806
N3574	P1_U5421	NAND	2807
N3575	P1_U5422	NAND	2808
N3576	P1_U5423	NAND	2809
N3577	P1_U5424	NAND	2810
N3578	P1_U5425	NAND	2811
N3579	P1_U5426	NAND	2812
N3580	P1_U5427	NAND	2813
N3581	P1_U5428	NAND	2814
N3582	P1_U5429	NAND	2815
N3583	P1_U5430	NAND	2816
N3584	P1_U5431	NAND	2817
N3585	P1_U5432	NAND	2818
N3586	P1_U5433	NAND	2819
N3587	P1_U5434	NAND	2820
N3588	P1_U5435	NAND	2821
N3589	P1_U5436	NAND	2822
N3590	P1_U5437	NAND	2823
N3591	P1_U5438	NAND	2824
N3592	P1_U5439	NAND	2825
N3593	P1_U5440	NAND	2826
N3594	P1_U5441	NAND	2827
N3595	P1_U5442	NAND	2828
N3596	P1_U5443	NAND	2829
N3597	P1_U5444	NAND	2830
N3598	P1_U5445	NAND	2831
N3599	P1_U5446	NAND	2832
N3600	P1_U5447	NAND	2833
N3601	P1_U5448	NAND	2834
N3602	P1_U5449	NAND	2835
N3603	P1_U5450	NAND	2836
N3604	P1_U5451	NAND	2837
N3605	P1_U5452	NAND	2838
N3606	P1_U5453	NAND	2839
N3607	P1_U5454	NAND	2840
N3608	P1_U5455	NAND	2841
N3609	P1_U5456	NAND	2842
N3610	P1_U5457	NAND	2843
N3611	P1_U5458	NAND	2844
N3612	P1_U5459	NAND	2845
N3613	P1_U5460	NAND	2846
N3614	P1_U5461	NAND	2847
N3615	P1_U5462	NAND	2848
N3616	P1_U5463	NAND	2849
N3617	P1_U5464	NAND	2850
N3618	P1_U5465	NAND	2851
N3619	P1_U5466	NAND	2852
N3620	P1_U5467	NAND	2853
N3621	P1_U5468	NAND	2854
N3622	P1_U5469	NAND	2855
N3623	P1_U5470	NAND	2856
N3624	P1_U5471	NAND	2857
N3625	P1_U5472	NAND	2858
N3626	P1_U5473	NAND	2859
N3627	P1_U5474	NAND	2860
N3628	P1_U5475	NAND	2861
N3629	P1_U5476	NAND	2862
N3630	P1_U5477	NAND	2863
N3631	P1_U5478	NAND	2864
N3632	P1_U5479	NAND	2865
N3633	P1_U5480	NAND	2866
N3634	P1_U5481	NAND	2867
N3635	P1_U5482	NAND	2868
N3636	P1_U5483	NAND	2869
N3637	P1_U5484	NAND	2870
N3638	P1_U5485	NAND	2871
N3639	P1_U5486	NAND	2872
N3640	P1_U5487	NAND	2873
N3641	P1_U5488	NAND	2874
N3642	P1_U5489	NAND	2875
N3643	P1_U5490	NAND	2876
N3644	P1_U5491	NAND	2877
N3645	P1_U5492	NAND	2878
N3646	P1_U5493	NAND	2879
N3647	P1_U5494	NAND	2880
N3648	P1_U5495	NAND	2881
N3649	P1_U5496	NAND	2882
N3650	P1_U5497	NAND	2883
N3651	P1_U5498	NAND	2884
N3652	P1_U5499	NAND	2885
N3653	P1_U5500	NAND	2886
N3654	P1_U5501	NAND	2887
N3655	P1_U5502	NAND	2888
N3656	P1_U5503	NAND	2889
N3657	P1_U5504	NAND	2890
N3658	P1_U5505	NAND	2891
N3659	P1_U5506	NAND	2892
N3660	P1_U5507	NAND	2893
N3661	P1_U5508	NAND	2894
N3662	P1_U5509	NAND	2895
N3663	P1_U5510	NAND	2896
N3664	P1_U5511	NAND	2897
N3665	P1_U5512	NAND	2898
N3666	P1_U5513	NAND	2899
N3667	P1_U5514	NAND	2900
N3668	P1_U5515	NAND	2901
N3669	P1_U5516	NAND	2902
N3670	P1_U5517	NAND	2903
N3671	P1_U5518	NAND	2904
N3672	P1_U5519	NAND	2905
N3673	P1_U5520	NAND	2906
N3674	P1_U5521	NAND	2907
N3675	P1_U5522	NAND	2908
N3676	P1_U5523	NAND	2909
N3677	P1_U5524	NAND	2910
N3678	P1_U5525	NAND	2911
N3679	P1_U5526	NAND	2912
N3680	P1_U5527	NAND	2913
N3681	P1_U5528	NAND	2914
N3682	P1_U5529	NAND	2915
N3683	P1_U5530	NAND	2916
N3684	P1_U5531	NAND	2917
N3685	P1_U5532	NAND	2918
N3686	P1_U5533	NAND	2919
N3687	P1_U5534	NAND	2920
N3688	P1_U5535	NAND	2921
N3689	P1_U5536	NOT	2922
N3690	P1_U5537	NOT	2923
N3691	P1_U5538	NAND	2924
N3692	P1_U5539	NAND	2925
N3693	P1_U5540	NAND	2926
N3694	P1_U5541	NAND	2927
N3695	P1_U5542	NOT	2928
N3696	P1_U5543	NAND	2929
N3697	P1_U5544	NAND	2930
N3698	P1_U5545	NAND	2931
N3699	P1_U5546	NAND	2932
N3700	P1_U5547	NAND	2933
N3701	P1_U5548	NAND	2934
N3702	P1_U5549	NAND	2935
N3703	P1_U5550	NAND	2936
N3704	P1_U5551	NAND	2937
N3705	P1_U5552	NAND	2938
N3706	P1_U5553	NAND	2939
N3707	P1_U5554	NAND	2940
N3708	P1_U5555	NAND	2941
N3709	P1_U5556	NAND	2942
N3710	P1_U5557	NAND	2943
N3711	P1_U5558	NAND	2944
N3712	P1_U5559	NAND	2945
N3713	P1_U5560	NAND	2946
N3714	P1_U5561	NAND	2947
N3715	P1_U5562	NAND	2948
N3716	P1_U5563	NAND	2949
N3717	P1_U5564	NAND	2950
N3718	P1_U5565	NAND	2951
N3719	P1_U5566	NAND	2952
N3720	P1_U5567	NAND	2953
N3721	P1_U5568	NAND	2954
N3722	P1_U5569	NAND	2955
N3723	P1_U5570	NAND	2956
N3724	P1_U5571	NAND	2957
N3725	P1_U5572	NAND	2958
N3726	P1_U5573	NAND	2959
N3727	P1_U5574	NAND	2960
N3728	P1_U5575	NAND	2961
N3729	P1_U5576	NAND	2962
N3730	P1_U5577	NAND	2963
N3731	P1_U5578	NAND	2964
N3732	P1_U5579	NAND	2965
N3733	P1_U5580	NAND	2966
N3734	P1_U5581	NAND	2967
N3735	P1_U5582	NAND	2968
N3736	P1_U5583	NAND	2969
N3737	P1_U5584	NAND	2970
N3738	P1_U5585	NAND	2971
N3739	P1_U5586	NAND	2972
N3740	P1_U5587	NAND	2973
N3741	P1_U5588	NAND	2974
N3742	P1_U5589	NAND	2975
N3743	P1_U5590	NAND	2976
N3744	P1_U5591	NAND	2977
N3745	P1_U5592	NAND	2978
N3746	P1_U5593	NAND	2979
N3747	P1_U5594	NAND	2980
N3748	P1_U5595	NAND	2981
N3749	P1_U5596	NAND	2982
N3750	P1_U5597	NAND	2983
N3751	P1_U5598	NAND	2984
N3752	P1_U5599	NAND	2985
N3753	P1_U5600	NAND	2986
N3754	P1_U5601	NAND	2987
N3755	P1_U5602	NAND	2988
N3756	P1_U5603	NAND	2989
N3757	P1_U5604	NAND	2990
N3758	P1_U5605	NAND	2991
N3759	P1_U5606	NAND	2992
N3760	P1_U5607	NAND	2993
N3761	P1_U5608	NAND	2994
N3762	P1_U5609	NAND	2995
N3763	P1_U5610	NAND	2996
N3764	P1_U5611	NAND	2997
N3765	P1_U5612	NAND	2998
N3766	P1_U5613	NAND	2999
N3767	P1_U5614	NAND	3000
N3768	P1_U5615	NAND	3001
N3769	P1_U5616	NAND	3002
N3770	P1_U5617	NAND	3003
N3771	P1_U5618	NAND	3004
N3772	P1_U5619	NAND	3005
N3773	P1_U5620	NAND	3006
N3774	P1_U5621	NAND	3007
N3775	P1_U5622	NAND	3008
N3776	P1_U5623	NAND	3009
N3777	P1_U5624	NAND	3010
N3778	P1_U5625	NAND	3011
N3779	P1_U5626	NAND	3012
N3780	P1_U5627	NAND	3013
N3781	P1_U5628	NAND	3014
N3782	P1_U5629	NAND	3015
N3783	P1_U5630	NAND	3016
N3784	P1_U5631	NAND	3017
N3785	P1_U5632	NAND	3018
N3786	P1_U5633	NAND	3019
N3787	P1_U5634	NAND	3020
N3788	P1_U5635	NAND	3021
N3789	P1_U5636	NAND	3022
N3790	P1_U5637	NAND	3023
N3791	P1_U5638	NAND	3024
N3792	P1_U5639	NAND	3025
N3793	P1_U5640	NAND	3026
N3794	P1_U5641	NAND	3027
N3795	P1_U5642	NAND	3028
N3796	P1_U5643	NAND	3029
N3797	P1_U5644	NAND	3030
N3798	P1_U5645	NAND	3031
N3799	P1_U5646	NAND	3032
N3800	P1_U5647	NAND	3033
N3801	P1_U5648	NAND	3034
N3802	P1_U5649	NAND	3035
N3803	P1_U5650	NAND	3036
N3804	P1_U5651	NAND	3037
N3805	P1_U5652	NAND	3038
N3806	P1_U5653	NAND	3039
N3807	P1_U5654	NAND	3040
N3808	P1_U5655	NAND	3041
N3809	P1_U5656	NAND	3042
N3810	P1_U5657	NAND	3043
N3811	P1_U5658	NAND	3044
N3812	P1_U5659	NAND	3045
N3813	P1_U5660	NAND	3046
N3814	P1_U5661	NAND	3047
N3815	P1_U5662	NAND	3048
N3816	P1_U5663	NAND	3049
N3817	P1_U5664	NAND	3050
N3818	P1_U5665	NAND	3051
N3819	P1_U5666	NAND	3052
N3820	P1_U5667	NAND	3053
N3821	P1_U5668	NAND	3054
N3822	P1_U5669	NAND	3055
N3823	P1_U5670	NAND	3056
N3824	P1_U5671	NAND	3057
N3825	P1_U5672	NAND	3058
N3826	P1_U5673	NAND	3059
N3827	P1_U5674	NAND	3060
N3828	P1_U5675	NAND	3061
N3829	P1_U5676	NAND	3062
N3830	P1_U5677	NAND	3063
N3831	P1_U5678	NAND	3064
N3832	P1_U5679	NAND	3065
N3833	P1_U5680	NAND	3066
N3834	P1_U5681	NAND	3067
N3835	P1_U5682	NAND	3068
N3836	P1_U5683	NAND	3069
N3837	P1_U5684	NAND	3070
N3838	P1_U5685	NAND	3071
N3839	P1_U5686	NAND	3072
N3840	P1_U5687	NAND	3073
N3841	P1_U5688	NAND	3074
N3842	P1_U5689	NAND	3075
N3843	P1_U5690	NAND	3076
N3844	P1_U5691	NAND	3077
N3845	P1_U5692	NAND	3078
N3846	P1_U5693	NAND	3079
N3847	P1_U5694	NAND	3080
N3848	P1_U5695	NAND	3081
N3849	P1_U5696	NAND	3082
N3850	P1_U5697	NAND	3083
N3851	P1_U5698	NAND	3084
N3852	P1_U5699	NAND	3085
N3853	P1_U5700	NAND	3086
N3854	P1_U5701	NAND	3087
N3855	P1_U5702	NAND	3088
N3856	P1_U5703	NAND	3089
N3857	P1_U5704	NAND	3090
N3858	P1_U5705	NAND	3091
N3859	P1_U5706	NAND	3092
N3860	P1_U5707	NAND	3093
N3861	P1_U5708	NAND	3094
N3862	P1_U5709	NAND	3095
N3863	P1_U5710	NAND	3096
N3864	P1_U5711	NAND	3097
N3865	P1_U5712	NAND	3098
N3866	P1_U5713	NAND	3099
N3867	P1_U5714	NAND	3100
N3868	P1_U5715	NAND	3101
N3869	P1_U5716	NAND	3102
N3870	P1_U5717	NAND	3103
N3871	P1_U5718	NAND	3104
N3872	P1_U5719	NAND	3105
N3873	P1_U5720	NAND	3106
N3874	P1_U5721	NAND	3107
N3875	P1_U5722	NAND	3108
N3876	P1_U5723	NAND	3109
N3877	P1_U5724	NAND	3110
N3878	P1_U5725	NAND	3111
N3879	P1_U5726	NAND	3112
N3880	P1_U5727	NAND	3113
N3881	P1_U5728	NAND	3114
N3882	P1_U5729	NAND	3115
N3883	P1_U5730	NAND	3116
N3884	P1_U5731	NAND	3117
N3885	P1_U5732	NAND	3118
N3886	P1_U5733	NAND	3119
N3887	P1_U5734	NAND	3120
N3888	P1_U5735	NAND	3121
N3889	P1_U5736	NAND	3122
N3890	P1_U5737	NAND	3123
N3891	P1_U5738	NAND	3124
N3892	P1_U5739	NAND	3125
N3893	P1_U5740	NAND	3126
N3894	P1_U5741	NAND	3127
N3895	P1_U5742	NAND	3128
N3896	P1_U5743	NAND	3129
N3897	P1_U5744	NAND	3130
N3898	P1_U5745	NAND	3131
N3899	P1_U5746	NAND	3132
N3900	P1_U5747	NAND	3133
N3901	P1_U5748	NAND	3134
N3902	P1_U5749	NAND	3135
N3903	P1_U5750	NAND	3136
N3904	P1_U5751	NAND	3137
N3905	P1_U5752	NAND	3138
N3906	P1_U5753	NAND	3139
N3907	P1_U5754	NAND	3140
N3908	P1_U5755	NAND	3141
N3909	P1_U5756	NAND	3142
N3910	P1_U5757	NAND	3143
N3911	P1_U5758	NAND	3144
N3912	P1_U5759	NAND	3145
N3913	P1_U5760	NAND	3146
N3914	P1_U5761	NAND	3147
N3915	P1_U5762	NAND	3148
N3916	P1_U5763	NAND	3149
N3917	P1_U5764	NAND	3150
N3918	P1_U5765	NAND	3151
N3919	P1_U5766	NAND	3152
N3920	P1_U5767	NAND	3153
N3921	P1_U5768	NAND	3154
N3922	P1_U5769	NAND	3155
N3923	P1_U5770	NAND	3156
N3924	P1_U5771	NAND	3157
N3925	P1_U5772	NAND	3158
N3926	P1_U5773	NAND	3159
N3927	P1_U5774	NAND	3160
N3928	P1_U5775	NOT	3161
N3929	P1_U5776	NAND	3162
N3930	P1_U5777	NAND	3163
N3931	P1_U5778	NOT	3164
N3932	P1_U5779	NAND	3165
N3933	P1_U5780	NAND	3166
N3934	P1_U5781	NOT	3167
N3935	P1_U5782	NAND	3168
N3936	P1_U5783	NAND	3169
N3937	P1_U5784	NAND	3170
N3938	P1_U5785	NAND	3171
N3939	P1_U5786	NOT	3172
N3940	P1_U5787	NAND	3173
N3941	P1_U5788	NAND	3174
N3942	P1_U5789	NAND	3175
N3943	P1_U5790	NAND	3176
N3944	P1_U5791	NAND	3177
N3945	P1_U5792	NAND	3178
N3946	P1_U5793	NOT	3179
N3947	P1_U5794	NAND	3180
N3948	P1_U5795	NAND	3181
N3949	P1_U5796	NOT	3182
N3950	P1_U5797	NAND	3183
N3951	P1_U5798	NAND	3184
N3952	P1_U5799	NOT	3185
N3953	P1_U5800	NAND	3186
N3954	P1_U5801	NAND	3187
N3955	P1_U5802	NOT	3188
N3956	P1_U5803	NAND	3189
N3957	P1_U5804	NAND	3190
N3958	P1_U5805	NOT	3191
N3959	P1_U5806	NAND	3192
N3960	P1_U5807	NAND	3193
N3961	P1_U5808	NOT	3194
N3962	P1_U5809	NAND	3195
N3963	P1_U5810	NAND	3196
N3964	P1_U5811	NOT	3197
N3965	P1_U5812	NAND	3198
N3966	P1_U5813	NAND	3199
N3967	P1_U5814	NOT	3200
N3968	P1_U5815	NAND	3201
N3969	P1_U5816	NAND	3202
N3970	P1_U5817	NOT	3203
N3971	P1_U5818	NAND	3204
N3972	P1_U5819	NAND	3205
N3973	P1_U5820	NOT	3206
N3974	P1_U5821	NAND	3207
N3975	P1_U5822	NAND	3208
N3976	P1_U5823	NAND	3209
N3977	P1_U5824	NAND	3210
N3978	P1_U5825	NOT	3211
N3979	P1_U5826	NAND	3212
N3980	P1_U5827	NAND	3213
N3981	P1_U5828	NOT	3214
N3982	P1_U5829	NAND	3215
N3983	P1_U5830	NAND	3216
N3984	P1_U5831	NAND	3217
N3985	P1_U5832	NAND	3218
N3986	P1_U5833	NAND	3219
N3987	P1_U5834	NAND	3220
N3988	P1_U5835	NOT	3221
N3989	P1_U5836	NAND	3222
N3990	P1_U5837	NAND	3223
N3991	P1_U5838	NAND	3224
N3992	P1_U5839	NAND	3225
N3993	P1_U5840	NAND	3226
N3994	P1_U5841	NAND	3227
N3995	P1_U5842	NOT	3228
N3996	P1_U5843	NAND	3229
N3997	P1_U5844	NAND	3230
N3998	P1_U5845	NAND	3231
N3999	P1_U5846	NAND	3232
N4000	P1_U5847	NAND	3233
N4001	P1_U5848	NAND	3234
N4002	P1_U5849	NOT	3235
N4003	P1_U5850	NAND	3236
N4004	P1_U5851	NAND	3237
N4005	P1_U5852	NAND	3238
N4006	P1_U5853	NAND	3239
N4007	P1_U5854	NAND	3240
N4008	P1_U5855	NAND	3241
N4009	P1_U5856	NOT	3242
N4010	P1_U5857	NAND	3243
N4011	P1_U5858	NAND	3244
N4012	P1_U5859	NAND	3245
N4013	P1_U5860	NAND	3246
N4014	P1_U5861	NAND	3247
N4015	P1_U5862	NAND	3248
N4016	P1_U5863	NOT	3249
N4017	P1_U5864	NAND	3250
N4018	P1_U5865	NAND	3251
N4019	P1_U5866	NAND	3252
N4020	P1_U5867	NAND	3253
N4021	P1_U5868	NAND	3254
N4022	P1_U5869	NAND	3255
N4023	P1_U5870	NOT	3256
N4024	P1_U5871	NAND	3257
N4025	P1_U5872	NAND	3258
N4026	P1_U5873	NAND	3259
N4027	P1_U5874	NAND	3260
N4028	P1_U5875	NAND	3261
N4029	P1_U5876	NAND	3262
N4030	P1_U5877	NOT	3263
N4031	P1_U5878	NAND	3264
N4032	P1_U5879	NAND	3265
N4033	P1_U5880	NAND	3266
N4034	P1_U5881	NAND	3267
N4035	P1_U5882	NAND	3268
N4036	P1_U5883	NAND	3269
N4037	P1_U5884	NOT	3270
N4038	P1_U5885	NAND	3271
N4039	P1_U5886	NAND	3272
N4040	P1_U5887	NAND	3273
N4041	P1_U5888	NAND	3274
N4042	P1_U5889	NAND	3275
N4043	P1_U5890	NAND	3276
N4044	P1_U5891	NOT	3277
N4045	P1_U5892	NAND	3278
N4046	P1_U5893	NAND	3279
N4047	P1_U5894	NAND	3280
N4048	P1_U5895	NAND	3281
N4049	P1_U5896	NAND	3282
N4050	P1_U5897	NAND	3283
N4051	P1_U5898	NOT	3284
N4052	P1_U5899	NAND	3285
N4053	P1_U5900	NAND	3286
N4054	P1_U5901	NAND	3287
N4055	P1_U5902	NAND	3288
N4056	P1_U5903	NAND	3289
N4057	P1_U5904	NAND	3290
N4058	P1_U5905	NOT	3291
N4059	P1_U5906	NAND	3292
N4060	P1_U5907	NAND	3293
N4061	P1_U5908	NAND	3294
N4062	P1_U5909	NAND	3295
N4063	P1_U5910	NAND	3296
N4064	P1_U5911	NAND	3297
N4065	P1_U5912	NOT	3298
N4066	P1_U5913	NAND	3299
N4067	P1_U5914	NAND	3300
N4068	P1_U5915	NAND	3301
N4069	P1_U5916	NAND	3302
N4070	P1_U5917	NAND	3303
N4071	P1_U5918	NAND	3304
N4072	P1_U5919	NOT	3305
N4073	P1_U5920	NAND	3306
N4074	P1_U5921	NAND	3307
N4075	P1_U5922	NAND	3308
N4076	P1_U5923	NAND	3309
N4077	P1_U5924	NAND	3310
N4078	P1_U5925	NAND	3311
N4079	P1_U5926	NOT	3312
N4080	P1_U5927	NAND	3313
N4081	P1_U5928	NAND	3314
N4082	P1_U5929	NAND	3315
N4083	P1_U5930	NAND	3316
N4084	P1_U5931	NAND	3317
N4085	P1_U5932	NAND	3318
N4086	P1_U5933	NOT	3319
N4087	P1_U5934	NAND	3320
N4088	P1_U5935	NAND	3321
N4089	P1_U5936	NAND	3322
N4090	P1_U5937	NAND	3323
N4091	P1_U5938	NAND	3324
N4092	P1_U5939	NAND	3325
N4093	P1_U5940	NOT	3326
N4094	P1_U5941	NAND	3327
N4095	P1_U5942	NAND	3328
N4096	P1_U5943	NAND	3329
N4097	P1_U5944	NAND	3330
N4098	P1_U5945	NAND	3331
N4099	P1_U5946	NAND	3332
N4100	P1_U5947	NOT	3333
N4101	P1_U5948	NAND	3334
N4102	P1_U5949	NAND	3335
N4103	P1_U5950	NAND	3336
N4104	P1_U5951	NAND	3337
N4105	P1_U5952	NAND	3338
N4106	P1_U5953	NAND	3339
N4107	P1_U5954	NOT	3340
N4108	P1_U5955	NAND	3341
N4109	P1_U5956	NAND	3342
N4110	P1_U5957	NAND	3343
N4111	P1_U5958	NAND	3344
N4112	P1_U5959	NOT	3345
N4113	P1_U5960	NAND	3346
N4114	P1_U5961	NAND	3347
N4115	P1_U5962	NAND	3348
N4116	P1_U5963	NAND	3349
N4117	P1_U5964	NAND	3350
N4118	P1_U5965	NAND	3351
N4119	P1_U5966	NAND	3352
N4120	P1_U5967	NAND	3353
N4121	P1_U5968	NAND	3354
N4122	P1_U5969	NAND	3355
N4123	P1_U5970	NAND	3356
N4124	P1_U5971	NAND	3357
N4125	P1_U5972	NAND	3358
N4126	P1_U5973	NAND	3359
N4127	P1_U5974	NAND	3360
N4128	P1_U5975	NAND	3361
N4129	P1_U5976	NAND	3362
N4130	P1_U5977	NAND	3363
N4131	P1_U5978	NAND	3364
N4132	P1_U5979	NAND	3365
N4133	P1_U5980	NAND	3366
N4134	P1_U5981	NAND	3367
N4135	P1_U5982	NAND	3368
N4136	P1_U5983	NAND	3369
N4137	P1_U5984	NAND	3370
N4138	P1_U5985	NAND	3371
N4139	P1_U5986	NAND	3372
N4140	P1_U5987	NAND	3373
N4141	P1_U5988	NAND	3374
N4142	P1_U5989	NAND	3375
N4143	P1_U5990	NAND	3376
N4144	P1_U5991	NAND	3377
N4145	P1_U5992	NAND	3378
N4146	P1_U5993	NAND	3379
N4147	P1_U5994	NAND	3380
N4148	P1_U5995	NAND	3381
N4149	P1_U5996	NAND	3382
N4150	P1_U5997	NAND	3383
N4151	P1_U5998	NAND	3384
N4152	P1_U5999	NAND	3385
N4153	P1_U6000	NAND	3386
N4154	P1_U6001	NAND	3387
N4155	P1_U6002	NAND	3388
N4156	P1_U6003	NAND	3389
N4157	P1_U6004	NAND	3390
N4158	P1_U6005	NAND	3391
N4159	P1_U6006	NAND	3392
N4160	P1_U6007	NAND	3393
N4161	P1_U6008	NAND	3394
N4162	P1_U6009	NAND	3395
N4163	P1_U6010	NAND	3396
N4164	P1_U6011	NAND	3397
N4165	P1_U6012	NAND	3398
N4166	P1_U6013	NAND	3399
N4167	P1_U6014	NAND	3400
N4168	P1_U6015	NAND	3401
N4169	P1_U6016	NAND	3402
N4170	P1_U6017	NAND	3403
N4171	P1_U6018	NAND	3404
N4172	P1_U6019	NAND	3405
N4173	P1_U6020	NAND	3406
N4174	P1_U6021	NAND	3407
N4175	P1_U6022	NAND	3408
N4176	P1_U6023	NAND	3409
N4177	P1_U6024	NAND	3410
N4178	P1_U6025	NAND	3411
N4179	P1_U6026	NAND	3412
N4180	P1_U6027	NAND	3413
N4181	P1_U6028	NAND	3414
N4182	P1_U6029	NAND	3415
N4183	P1_U6030	NAND	3416
N4184	P1_U6031	NAND	3417
N4185	P1_U6032	NAND	3418
N4186	P1_U6033	NAND	3419
N4187	P1_U6034	NAND	3420
N4188	P1_U6035	NAND	3421
N4189	P1_U6036	NAND	3422
N4190	P1_U6037	NAND	3423
N4191	P1_U6038	NAND	3424
N4192	P1_U6039	NAND	3425
N4193	P1_U6040	NAND	3426
N4194	P1_U6041	NAND	3427
N4195	P1_U6042	NAND	3428
N4196	P1_U6043	NAND	3429
N4197	P1_U6044	NAND	3430
N4198	P1_U6045	NAND	3431
N4199	P1_U6046	NAND	3432
N4200	P1_U6047	NAND	3433
N4201	P1_U6048	NAND	3434
N4202	P1_U6049	NAND	3435
N4203	P1_U6050	NAND	3436
N4204	P1_U6051	NAND	3437
N4205	P1_U6052	NAND	3438
N4206	P1_U6053	NAND	3439
N4207	P1_U6054	NAND	3440
N4208	P1_U6055	NAND	3441
N4209	P1_U6056	NAND	3442
N4210	P1_U6057	NAND	3443
N4211	P1_U6058	NAND	3444
N4212	P1_U6059	NAND	3445
N4213	P1_U6060	NAND	3446
N4214	P1_U6061	NAND	3447
N4215	P1_U6062	NAND	3448
N4216	P1_U6063	NAND	3449
N4217	P1_U6064	NAND	3450
N4218	P1_U6065	NAND	3451
N4219	P1_U6066	NAND	3452
N4220	P1_U6067	NAND	3453
N4221	P1_U6068	NAND	3454
N4222	P1_U6069	NAND	3455
N4223	P1_U6070	NAND	3456
N4224	P1_U6071	NAND	3457
N4225	P1_U6072	NAND	3458
N4226	P1_U6073	NAND	3459
N4227	P1_U6074	NAND	3460
N4228	P1_U6075	NAND	3461
N4229	P1_U6076	NAND	3462
N4230	P1_U6077	NAND	3463
N4231	P1_U6078	NAND	3464
N4232	P1_U6079	NAND	3465
N4233	P1_U6080	NAND	3466
N4234	P1_U6081	NAND	3467
N4235	P1_U6082	NAND	3468
N4236	P1_U6083	NAND	3469
N4237	P1_U6084	NAND	3470
N4238	P1_U6085	NAND	3471
N4239	P1_U6086	NAND	3472
N4240	P1_U6087	NAND	3473
N4241	P1_U6088	NAND	3474
N4242	P1_U6089	NAND	3475
N4243	P1_U6090	NAND	3476
N4244	P1_U6091	NAND	3477
N4245	P1_U6092	NAND	3478
N4246	P1_U6093	NAND	3479
N4247	P1_U6094	NAND	3480
N4248	P1_U6095	NAND	3481
N4249	P1_U6096	NAND	3482
N4250	P1_U6097	NAND	3483
N4251	P1_U6098	NAND	3484
N4252	P1_U6099	NAND	3485
N4253	P1_U6100	NAND	3486
N4254	P1_U6101	NAND	3487
N4255	P1_U6102	NAND	3488
N4256	P1_U6103	NAND	3489
N4257	P1_U6104	NAND	3490
N4258	P1_U6105	NAND	3491
N4259	P1_U6106	NAND	3492
N4260	P1_U6107	NAND	3493
N4261	P1_U6108	NAND	3494
N4262	P1_U6109	NAND	3495
N4263	P1_U6110	NAND	3496
N4264	P1_U6111	NAND	3497
N4265	P1_U6112	NAND	3498
N4266	P1_U6113	NAND	3499
N4267	P1_U6114	NAND	3500
N4268	P1_U6115	NAND	3501
N4269	P1_U6116	NAND	3502
N4270	P1_U6117	NAND	3503
N4271	P1_U6118	NAND	3504
N4272	P1_U6119	NAND	3505
N4273	P1_U6120	NAND	3506
N4274	P1_U6121	NAND	3507
N4275	P1_U6122	NAND	3508
N4276	P1_U6123	NAND	3509
N4277	P1_U6124	NAND	3510
N4278	P1_U6125	NAND	3511
N4279	P1_U6126	NAND	3512
N4280	P1_U6127	NAND	3513
N4281	P1_U6128	NAND	3514
N4282	P1_U6129	NAND	3515
N4283	P1_U6130	NAND	3516
N4284	P1_U6131	NAND	3517
N4285	P1_U6132	NAND	3518
N4286	P1_U6133	NAND	3519
N4287	P1_U6134	NAND	3520
N4288	P1_U6135	NAND	3521
N4289	P1_U6136	NAND	3522
N4290	P1_U6137	NAND	3523
N4291	P1_U6138	NAND	3524
N4292	P1_U6139	NAND	3525
N4293	P1_U6140	NAND	3526
N4294	P1_U6141	NAND	3527
N4295	P1_U6142	NAND	3528
N4296	P1_U6143	NAND	3529
N4297	P1_U6144	NAND	3530
N4298	P1_U6145	NAND	3531
N4299	P1_U6146	NAND	3532
N4300	P1_U6147	NAND	3533
N4301	P1_U6148	NAND	3534
N4302	P1_U6149	NAND	3535
N4303	P1_U6150	NAND	3536
N4304	P1_U6151	NAND	3537
N4305	P1_U6152	NAND	3538
N4306	P1_U6153	NAND	3539
N4307	P1_U6154	NAND	3540
N4308	P1_U6155	NAND	3541
N4309	P1_U6156	NAND	3542
N4310	P1_U6157	NAND	3543
N4311	P1_U6158	NAND	3544
N4312	P1_U6159	NAND	3545
N4313	P1_U6160	NAND	3546
N4314	P1_U6161	NAND	3547
N4315	P1_U6162	NAND	3548
N4316	P1_U6163	NAND	3549
N4317	P1_U6164	NAND	3550
N4318	P1_U6165	NAND	3551
N4319	P1_U6166	NAND	3552
N4320	P1_U6167	NAND	3553
N4321	P1_U6168	NAND	3554
N4322	P1_U6169	NAND	3555
N4323	P1_U6170	NAND	3556
N4324	P1_U6171	NAND	3557
N4325	P1_U6172	NAND	3558
N4326	P1_U6173	NAND	3559
N4327	P1_U6174	NAND	3560
N4328	P1_U6175	NAND	3561
N4329	P1_U6176	NAND	3562
N4330	P1_U6177	NAND	3563
N4331	P1_U6178	NAND	3564
N4332	P1_U6179	NAND	3565
N4333	P1_U6180	NAND	3566
N4334	P1_U6181	NAND	3567
N4335	P1_U6182	NAND	3568
N4336	P1_U6183	NAND	3569
N4337	P1_U6184	NAND	3570
N4338	P1_U6185	NAND	3571
N4339	P1_U6186	NAND	3572
N4340	P1_U6187	NAND	3573
N4341	P1_U6188	NAND	3574
N4342	P1_U6189	NAND	3575
N4343	P1_U6190	NAND	3576
N4344	P1_U6191	NAND	3577
N4345	P1_U6192	NAND	3578
N4346	P1_U6193	NAND	3579
N4347	P1_U6194	NAND	3580
N4348	P1_U6195	NAND	3581
N4349	P1_U6196	NAND	3582
N4350	P1_U6197	NAND	3583
N4351	P1_U6198	NAND	3584
N4352	P1_U6199	NAND	3585
N4353	P1_U6200	NAND	3586
N4354	P1_U6201	NAND	3587
N4355	P1_U6202	NAND	3588
N4356	P1_U6203	NAND	3589
N4357	P1_U6204	NAND	3590
N4358	P1_U6205	NAND	3591
N4359	P1_U6206	NAND	3592
N4360	P1_U6207	NAND	3593
N4361	P1_U6208	NAND	3594
N4362	P1_U6209	NAND	3595
N4363	P1_U6210	NAND	3596
N4364	P1_U6211	NAND	3597
N4365	P1_U6212	NAND	3598
N4366	P1_U6213	NAND	3599
N4367	P1_U6214	NAND	3600
N4368	P1_U6215	NAND	3601
N4369	P1_U6216	NAND	3602
N4370	P1_U6217	NAND	3603
N4371	P1_U6218	NAND	3604
N4372	P1_U6219	NAND	3605
N4373	P1_U6220	NAND	3606
N4374	P1_U6221	NAND	3607
N4375	P1_U6222	NAND	3608
N4376	P1_U6223	NAND	3609
N4377	P1_U6224	NAND	3610
N4378	P1_U6225	NAND	3611
N4379	P1_U6226	NAND	3612
N4380	P1_U6227	NAND	3613
N4381	P1_U6228	NAND	3614
N4382	P1_U6229	NAND	3615
N4383	P1_U6230	NAND	3616
N4384	P1_U6231	NAND	3617
N4385	P1_U6232	NAND	3618
N4386	P1_U6233	NAND	3619
N4387	P1_U6234	NAND	3620
N4388	P1_U6235	NAND	3621
N4389	P1_U6236	NAND	3622
N4390	P1_U6237	NAND	3623
N4391	P1_U6238	NAND	3624
N4392	P1_U6239	NAND	3625
N4393	P1_U6240	NAND	3626
N4394	P1_U6241	NAND	3627
N4395	P1_U6242	NAND	3628
N4396	P1_U6243	NAND	3629
N4397	P1_U6244	NAND	3630
N4398	P1_U6245	NAND	3631
N4399	P1_U6246	NAND	3632
N4400	P1_U6247	NAND	3633
N4401	P1_U6248	NAND	3634
N4402	P1_U6249	NAND	3635
N4403	P1_U6250	NAND	3636
N4404	P1_U6251	NAND	3637
N4405	P1_U6252	NAND	3638
N4406	P1_U6253	NAND	3639
N4407	P1_U6254	NAND	3640
N4408	P1_U6255	NAND	3641
N4409	P1_U6256	NAND	3642
N4410	P1_U6257	NAND	3643
N4411	P1_U6258	NAND	3644
N4412	P1_U6259	NAND	3645
N4413	P1_U6260	NAND	3646
N4414	P1_U6261	NAND	3647
N4415	P1_U6262	NAND	3648
N4416	P1_U6263	NAND	3649
N4417	P1_U6264	NAND	3650
N4418	P1_U6265	NAND	3651
N4419	P1_U6266	NAND	3652
N4420	P1_U6267	NAND	3653
N4421	P1_U6268	NAND	3654
N4422	P1_U6269	NAND	3655
N4423	P1_U6270	NAND	3656
N4424	P1_U6271	NAND	3657
N4425	P1_U6272	NAND	3658
N4426	P1_U6273	NAND	3659
N4427	P1_U6274	NAND	3660
N4428	P1_U6275	NAND	3661
N4429	P1_U6276	NAND	3662
N4430	P1_U6277	NAND	3663
N4431	P1_U6278	NAND	3664
N4432	P1_U6279	NAND	3665
N4433	P1_U6280	NAND	3666
N4434	P1_U6281	NAND	3667
N4435	P1_U6282	NAND	3668
N4436	P1_U6283	NAND	3669
N4437	P1_U6284	NAND	3670
N4438	P1_U6285	NAND	3671
N4439	P2_U3014	AND	3672
N4440	P2_U3015	AND	3673
N4441	P2_U3016	AND	3674
N4442	P2_U3017	AND	3675
N4443	P2_U3018	AND	3676
N4444	P2_U3019	AND	3677
N4445	P2_U3020	AND	3678
N4446	P2_U3021	AND	3679
N4447	P2_U3022	AND	3680
N4448	P2_U3023	AND	3681
N4449	P2_U3024	AND	3682
N4450	P2_U3025	AND	3683
N4451	P2_U3026	AND	3684
N4452	P2_U3027	AND	3685
N4453	P2_U3028	AND	3686
N4454	P2_U3029	AND	3687
N4455	P2_U3030	AND	3688
N4456	P2_U3031	AND	3689
N4457	P2_U3032	AND	3690
N4458	P2_U3033	AND	3691
N4459	P2_U3034	AND	3692
N4460	P2_U3035	AND	3693
N4461	P2_U3036	AND	3694
N4462	P2_U3037	AND	3695
N4463	P2_U3038	AND	3696
N4464	P2_U3039	AND	3697
N4465	P2_U3040	AND	3698
N4466	P2_U3041	AND	3699
N4467	P2_U3042	AND	3700
N4468	P2_U3043	AND	3701
N4469	P2_U3044	AND	3702
N4470	P2_U3045	AND	3703
N4471	P2_U3046	AND	3704
N4472	P2_U3047	AND	3705
N4473	P2_U3048	AND	3706
N4474	P2_U3049	AND	3707
N4475	P2_U3050	AND	3708
N4476	P2_U3051	AND	3709
N4477	P2_U3052	AND	3710
N4478	P2_U3053	AND	3711
N4479	P2_U3054	AND	3712
N4480	P2_U3055	NAND	3713
N4481	P2_U3056	NAND	3714
N4482	P2_U3057	NAND	3715
N4483	P2_U3058	NAND	3716
N4484	P2_U3059	NAND	3717
N4485	P2_U3060	NAND	3718
N4486	P2_U3061	NAND	3719
N4487	P2_U3062	NAND	3720
N4488	P2_U3063	NAND	3721
N4489	P2_U3064	NAND	3722
N4490	P2_U3065	NAND	3723
N4491	P2_U3066	NAND	3724
N4492	P2_U3067	NAND	3725
N4493	P2_U3068	NAND	3726
N4494	P2_U3069	NAND	3727
N4495	P2_U3070	NAND	3728
N4496	P2_U3071	NAND	3729
N4497	P2_U3072	NAND	3730
N4498	P2_U3073	NAND	3731
N4499	P2_U3074	NAND	3732
N4500	P2_U3075	NAND	3733
N4501	P2_U3076	NAND	3734
N4502	P2_U3077	NAND	3735
N4503	P2_U3078	NAND	3736
N4504	P2_U3079	NAND	3737
N4505	P2_U3080	NAND	3738
N4506	P2_U3081	NAND	3739
N4507	P2_U3082	NAND	3740
N4508	P2_U3083	NAND	3741
N4509	P2_U3084	NAND	3742
N4510	P2_U3085	NAND	3743
N4511	P2_U3086	NAND	3744
N4513	P2_U3088	NOT	3746
N4514	P2_U3089	NAND	3747
N4515	P2_U3090	NAND	3748
N4516	P2_U3091	NAND	3749
N4517	P2_U3092	NAND	3750
N4518	P2_U3093	NAND	3751
N4519	P2_U3094	NAND	3752
N4520	P2_U3095	NAND	3753
N4521	P2_U3096	NAND	3754
N4522	P2_U3097	NAND	3755
N4523	P2_U3098	NAND	3756
N4524	P2_U3099	NAND	3757
N4525	P2_U3100	NAND	3758
N4526	P2_U3101	NAND	3759
N4527	P2_U3102	NAND	3760
N4528	P2_U3103	NAND	3761
N4529	P2_U3104	NAND	3762
N4530	P2_U3105	NAND	3763
N4531	P2_U3106	NAND	3764
N4532	P2_U3107	NAND	3765
N4533	P2_U3108	NAND	3766
N4534	P2_U3109	NAND	3767
N4535	P2_U3110	NAND	3768
N4536	P2_U3111	NAND	3769
N4537	P2_U3112	NAND	3770
N4538	P2_U3113	NAND	3771
N4539	P2_U3114	NAND	3772
N4540	P2_U3115	NAND	3773
N4541	P2_U3116	NAND	3774
N4542	P2_U3117	NAND	3775
N4543	P2_U3118	NAND	3776
N4544	P2_U3119	NAND	3777
N4545	P2_U3120	NAND	3778
N4546	P2_U3121	AND	3779
N4547	P2_U3122	NAND	3780
N4548	P2_U3123	NAND	3781
N4549	P2_U3124	NAND	3782
N4550	P2_U3125	NAND	3783
N4551	P2_U3126	NAND	3784
N4552	P2_U3127	NAND	3785
N4553	P2_U3128	NAND	3786
N4554	P2_U3129	NAND	3787
N4555	P2_U3130	NAND	3788
N4556	P2_U3131	NAND	3789
N4557	P2_U3132	NAND	3790
N4558	P2_U3133	NAND	3791
N4559	P2_U3134	NAND	3792
N4560	P2_U3135	NAND	3793
N4561	P2_U3136	NAND	3794
N4562	P2_U3137	NAND	3795
N4563	P2_U3138	NAND	3796
N4564	P2_U3139	NAND	3797
N4565	P2_U3140	NAND	3798
N4566	P2_U3141	NAND	3799
N4567	P2_U3142	NAND	3800
N4568	P2_U3143	NAND	3801
N4569	P2_U3144	NAND	3802
N4570	P2_U3145	NAND	3803
N4571	P2_U3146	NAND	3804
N4572	P2_U3147	NAND	3805
N4573	P2_U3148	NAND	3806
N4574	P2_U3149	NAND	3807
N4575	P2_U3150	NAND	3808
N4576	P2_U3151	NAND	3809
N4577	P2_U3152	NAND	3810
N4578	P2_U3153	NAND	3811
N4579	P2_U3154	NAND	3812
N4580	P2_U3155	AND	3813
N4581	P2_U3156	AND	3814
N4582	P2_U3157	AND	3815
N4583	P2_U3158	AND	3816
N4584	P2_U3159	AND	3817
N4585	P2_U3160	AND	3818
N4586	P2_U3161	AND	3819
N4587	P2_U3162	AND	3820
N4588	P2_U3163	AND	3821
N4589	P2_U3164	AND	3822
N4590	P2_U3165	AND	3823
N4591	P2_U3166	AND	3824
N4592	P2_U3167	AND	3825
N4593	P2_U3168	AND	3826
N4594	P2_U3169	AND	3827
N4595	P2_U3170	AND	3828
N4596	P2_U3171	AND	3829
N4597	P2_U3172	AND	3830
N4598	P2_U3173	AND	3831
N4599	P2_U3174	AND	3832
N4600	P2_U3175	AND	3833
N4601	P2_U3176	AND	3834
N4602	P2_U3177	AND	3835
N4603	P2_U3178	AND	3836
N4604	P2_U3179	AND	3837
N4605	P2_U3180	AND	3838
N4606	P2_U3181	AND	3839
N4607	P2_U3182	AND	3840
N4608	P2_U3183	AND	3841
N4609	P2_U3184	NAND	3842
N4754	P2_U3329	NAND	3987
N4755	P2_U3330	NOT	3988
N4756	P2_U3331	NOT	3989
N4757	P2_U3332	NAND	3990
N4758	P2_U3333	NAND	3991
N4759	P2_U3334	NAND	3992
N4760	P2_U3335	NAND	3993
N4761	P2_U3336	NAND	3994
N4762	P2_U3337	NAND	3995
N4763	P2_U3338	NAND	3996
N4764	P2_U3339	NAND	3997
N4765	P2_U3340	NAND	3998
N4766	P2_U3341	NAND	3999
N4767	P2_U3342	NAND	4000
N4768	P2_U3343	NAND	4001
N4769	P2_U3344	NAND	4002
N4770	P2_U3345	NAND	4003
N4771	P2_U3346	NAND	4004
N4772	P2_U3347	NAND	4005
N4773	P2_U3348	NAND	4006
N4774	P2_U3349	NAND	4007
N4775	P2_U3350	NAND	4008
N4776	P2_U3351	NAND	4009
N4777	P2_U3352	NAND	4010
N4778	P2_U3353	NAND	4011
N4779	P2_U3354	NAND	4012
N4780	P2_U3355	NAND	4013
N4781	P2_U3356	NAND	4014
N4782	P2_U3357	NAND	4015
N4783	P2_U3358	NAND	4016
N4784	P2_U3359	NAND	4017
N4785	P2_U3360	NAND	4018
N4786	P2_U3361	NAND	4019
N4787	P2_U3362	NAND	4020
N4788	P2_U3363	NAND	4021
N4789	P2_U3364	NAND	4022
N4790	P2_U3365	NAND	4023
N4791	P2_U3366	NAND	4024
N4792	P2_U3367	NAND	4025
N4793	P2_U3368	NAND	4026
N4794	P2_U3369	NAND	4027
N4795	P2_U3370	NAND	4028
N4796	P2_U3371	NAND	4029
N4797	P2_U3372	NAND	4030
N4798	P2_U3373	NAND	4031
N4799	P2_U3374	NAND	4032
N4800	P2_U3375	NAND	4033
N4801	P2_U3376	NAND	4034
N4802	P2_U3377	NAND	4035
N4803	P2_U3378	NAND	4036
N4804	P2_U3379	NAND	4037
N4805	P2_U3380	NAND	4038
N4806	P2_U3381	NAND	4039
N4807	P2_U3382	NAND	4040
N4808	P2_U3383	NAND	4041
N4809	P2_U3384	NAND	4042
N4810	P2_U3385	NAND	4043
N4811	P2_U3386	NAND	4044
N4812	P2_U3387	NAND	4045
N4813	P2_U3388	NAND	4046
N4814	P2_U3389	NAND	4047
N4815	P2_U3390	NAND	4048
N4816	P2_U3391	NAND	4049
N4817	P2_U3392	NAND	4050
N4818	P2_U3393	NAND	4051
N4819	P2_U3394	NAND	4052
N4820	P2_U3395	NAND	4053
N4821	P2_U3396	NAND	4054
N4822	P2_U3397	NAND	4055
N4823	P2_U3398	NAND	4056
N4824	P2_U3399	NAND	4057
N4825	P2_U3400	NAND	4058
N4826	P2_U3401	NAND	4059
N4827	P2_U3402	NAND	4060
N4828	P2_U3403	NAND	4061
N4829	P2_U3404	NAND	4062
N4830	P2_U3405	NAND	4063
N4831	P2_U3406	NAND	4064
N4832	P2_U3407	NAND	4065
N4833	P2_U3408	NAND	4066
N4834	P2_U3409	NOT	4067
N4835	P2_U3410	NAND	4068
N4836	P2_U3411	NAND	4069
N4837	P2_U3412	NAND	4070
N4838	P2_U3413	NAND	4071
N4839	P2_U3414	NAND	4072
N4840	P2_U3415	NAND	4073
N4843	P2_U3418	NAND	4076
N4844	P2_U3419	NAND	4077
N4845	P2_U3420	NAND	4078
N4846	P2_U3421	NAND	4079
N4847	P2_U3422	NAND	4080
N4848	P2_U3423	NAND	4081
N4849	P2_U3424	NAND	4082
N4850	P2_U3425	NAND	4083
N4851	P2_U3426	NAND	4084
N4852	P2_U3427	NAND	4085
N4853	P2_U3428	NAND	4086
N4854	P2_U3429	NAND	4087
N4856	P2_U3431	NAND	4089
N4857	P2_U3432	NAND	4090
N4859	P2_U3434	NAND	4092
N4860	P2_U3435	NAND	4093
N4862	P2_U3437	NAND	4095
N4863	P2_U3438	NAND	4096
N4865	P2_U3440	NAND	4098
N4866	P2_U3441	NAND	4099
N4868	P2_U3443	NAND	4101
N4869	P2_U3444	NAND	4102
N4871	P2_U3446	NAND	4104
N4872	P2_U3447	NAND	4105
N4874	P2_U3449	NAND	4107
N4875	P2_U3450	NAND	4108
N4877	P2_U3452	NAND	4110
N4878	P2_U3453	NAND	4111
N4880	P2_U3455	NAND	4113
N4881	P2_U3456	NAND	4114
N4883	P2_U3458	NAND	4116
N4884	P2_U3459	NAND	4117
N4886	P2_U3461	NAND	4119
N4887	P2_U3462	NAND	4120
N4889	P2_U3464	NAND	4122
N4890	P2_U3465	NAND	4123
N4892	P2_U3467	NAND	4125
N4893	P2_U3468	NAND	4126
N4895	P2_U3470	NAND	4128
N4896	P2_U3471	NAND	4129
N4898	P2_U3473	NAND	4131
N4899	P2_U3474	NAND	4132
N4901	P2_U3476	NAND	4134
N4902	P2_U3477	NAND	4135
N4904	P2_U3479	NAND	4137
N4905	P2_U3480	NAND	4138
N4907	P2_U3482	NAND	4140
N4908	P2_U3483	NAND	4141
N4910	P2_U3485	NAND	4143
N4988	P2_U3563	AND	4221
N4989	P2_U3564	AND	4222
N4990	P2_U3565	AND	4223
N4991	P2_U3566	AND	4224
N4992	P2_U3567	AND	4225
N4993	P2_U3568	AND	4226
N4994	P2_U3569	AND	4227
N4995	P2_U3570	AND	4228
N4996	P2_U3571	AND	4229
N4997	P2_U3572	AND	4230
N4998	P2_U3573	AND	4231
N4999	P2_U3574	AND	4232
N5000	P2_U3575	AND	4233
N5001	P2_U3576	AND	4234
N5002	P2_U3577	AND	4235
N5003	P2_U3578	AND	4236
N5004	P2_U3579	AND	4237
N5005	P2_U3580	AND	4238
N5006	P2_U3581	AND	4239
N5007	P2_U3582	AND	4240
N5008	P2_U3583	AND	4241
N5009	P2_U3584	AND	4242
N5010	P2_U3585	AND	4243
N5011	P2_U3586	AND	4244
N5012	P2_U3587	AND	4245
N5013	P2_U3588	AND	4246
N5014	P2_U3589	AND	4247
N5015	P2_U3590	AND	4248
N5016	P2_U3591	AND	4249
N5017	P2_U3592	AND	4250
N5018	P2_U3593	AND	4251
N5019	P2_U3594	AND	4252
N5020	P2_U3595	AND	4253
N5021	P2_U3596	AND	4254
N5022	P2_U3597	AND	4255
N5023	P2_U3598	AND	4256
N5024	P2_U3599	AND	4257
N5025	P2_U3600	AND	4258
N5026	P2_U3601	AND	4259
N5027	P2_U3602	AND	4260
N5028	P2_U3603	AND	4261
N5029	P2_U3604	AND	4262
N5030	P2_U3605	AND	4263
N5031	P2_U3606	AND	4264
N5032	P2_U3607	AND	4265
N5033	P2_U3608	AND	4266
N5034	P2_U3609	AND	4267
N5035	P2_U3610	AND	4268
N5036	P2_U3611	AND	4269
N5037	P2_U3612	AND	4270
N5038	P2_U3613	AND	4271
N5039	P2_U3614	AND	4272
N5040	P2_U3615	AND	4273
N5041	P2_U3616	AND	4274
N5042	P2_U3617	AND	4275
N5043	P2_U3618	AND	4276
N5044	P2_U3619	AND	4277
N5045	P2_U3620	AND	4278
N5046	P2_U3621	AND	4279
N5047	P2_U3622	AND	4280
N5048	P2_U3623	AND	4281
N5049	P2_U3624	AND	4282
N5050	P2_U3625	AND	4283
N5051	P2_U3626	AND	4284
N5052	P2_U3627	AND	4285
N5053	P2_U3628	AND	4286
N5054	P2_U3629	AND	4287
N5055	P2_U3630	AND	4288
N5056	P2_U3631	AND	4289
N5057	P2_U3632	AND	4290
N5058	P2_U3633	AND	4291
N5059	P2_U3634	AND	4292
N5060	P2_U3635	AND	4293
N5061	P2_U3636	AND	4294
N5062	P2_U3637	AND	4295
N5063	P2_U3638	AND	4296
N5064	P2_U3639	AND	4297
N5065	P2_U3640	AND	4298
N5066	P2_U3641	AND	4299
N5067	P2_U3642	AND	4300
N5068	P2_U3643	AND	4301
N5069	P2_U3644	AND	4302
N5070	P2_U3645	AND	4303
N5071	P2_U3646	AND	4304
N5072	P2_U3647	AND	4305
N5073	P2_U3648	AND	4306
N5074	P2_U3649	AND	4307
N5075	P2_U3650	AND	4308
N5076	P2_U3651	AND	4309
N5077	P2_U3652	AND	4310
N5078	P2_U3653	AND	4311
N5079	P2_U3654	AND	4312
N5080	P2_U3655	AND	4313
N5081	P2_U3656	AND	4314
N5082	P2_U3657	AND	4315
N5083	P2_U3658	AND	4316
N5084	P2_U3659	AND	4317
N5085	P2_U3660	AND	4318
N5086	P2_U3661	AND	4319
N5087	P2_U3662	AND	4320
N5088	P2_U3663	AND	4321
N5089	P2_U3664	AND	4322
N5090	P2_U3665	AND	4323
N5091	P2_U3666	AND	4324
N5092	P2_U3667	AND	4325
N5093	P2_U3668	AND	4326
N5094	P2_U3669	AND	4327
N5095	P2_U3670	AND	4328
N5096	P2_U3671	AND	4329
N5097	P2_U3672	AND	4330
N5098	P2_U3673	AND	4331
N5099	P2_U3674	AND	4332
N5100	P2_U3675	AND	4333
N5101	P2_U3676	AND	4334
N5102	P2_U3677	AND	4335
N5103	P2_U3678	AND	4336
N5104	P2_U3679	AND	4337
N5105	P2_U3680	AND	4338
N5106	P2_U3681	AND	4339
N5107	P2_U3682	AND	4340
N5108	P2_U3683	AND	4341
N5109	P2_U3684	AND	4342
N5110	P2_U3685	AND	4343
N5111	P2_U3686	AND	4344
N5112	P2_U3687	AND	4345
N5113	P2_U3688	AND	4346
N5114	P2_U3689	AND	4347
N5115	P2_U3690	AND	4348
N5116	P2_U3691	AND	4349
N5117	P2_U3692	AND	4350
N5118	P2_U3693	AND	4351
N5119	P2_U3694	AND	4352
N5120	P2_U3695	AND	4353
N5121	P2_U3696	AND	4354
N5122	P2_U3697	AND	4355
N5123	P2_U3698	AND	4356
N5124	P2_U3699	AND	4357
N5125	P2_U3700	AND	4358
N5126	P2_U3701	AND	4359
N5127	P2_U3702	AND	4360
N5128	P2_U3703	AND	4361
N5129	P2_U3704	AND	4362
N5130	P2_U3705	AND	4363
N5131	P2_U3706	AND	4364
N5132	P2_U3707	AND	4365
N5133	P2_U3708	AND	4366
N5134	P2_U3709	AND	4367
N5135	P2_U3710	AND	4368
N5136	P2_U3711	AND	4369
N5137	P2_U3712	AND	4370
N5138	P2_U3713	AND	4371
N5139	P2_U3714	AND	4372
N5140	P2_U3715	AND	4373
N5141	P2_U3716	AND	4374
N5142	P2_U3717	AND	4375
N5143	P2_U3718	AND	4376
N5144	P2_U3719	AND	4377
N5145	P2_U3720	AND	4378
N5146	P2_U3721	AND	4379
N5147	P2_U3722	AND	4380
N5148	P2_U3723	AND	4381
N5149	P2_U3724	AND	4382
N5150	P2_U3725	AND	4383
N5151	P2_U3726	AND	4384
N5152	P2_U3727	AND	4385
N5153	P2_U3728	AND	4386
N5154	P2_U3729	AND	4387
N5155	P2_U3730	AND	4388
N5156	P2_U3731	AND	4389
N5157	P2_U3732	AND	4390
N5158	P2_U3733	AND	4391
N5159	P2_U3734	AND	4392
N5160	P2_U3735	AND	4393
N5161	P2_U3736	AND	4394
N5162	P2_U3737	AND	4395
N5163	P2_U3738	AND	4396
N5164	P2_U3739	AND	4397
N5165	P2_U3740	AND	4398
N5166	P2_U3741	AND	4399
N5167	P2_U3742	AND	4400
N5168	P2_U3743	AND	4401
N5169	P2_U3744	AND	4402
N5170	P2_U3745	AND	4403
N5171	P2_U3746	AND	4404
N5172	P2_U3747	AND	4405
N5173	P2_U3748	AND	4406
N5174	P2_U3749	AND	4407
N5175	P2_U3750	AND	4408
N5176	P2_U3751	AND	4409
N5177	P2_U3752	AND	4410
N5178	P2_U3753	AND	4411
N5179	P2_U3754	AND	4412
N5180	P2_U3755	AND	4413
N5181	P2_U3756	AND	4414
N5182	P2_U3757	AND	4415
N5183	P2_U3758	AND	4416
N5184	P2_U3759	AND	4417
N5185	P2_U3760	AND	4418
N5186	P2_U3761	AND	4419
N5187	P2_U3762	AND	4420
N5188	P2_U3763	AND	4421
N5189	P2_U3764	AND	4422
N5190	P2_U3765	AND	4423
N5191	P2_U3766	AND	4424
N5192	P2_U3767	AND	4425
N5193	P2_U3768	AND	4426
N5194	P2_U3769	AND	4427
N5195	P2_U3770	AND	4428
N5196	P2_U3771	AND	4429
N5197	P2_U3772	AND	4430
N5198	P2_U3773	AND	4431
N5199	P2_U3774	AND	4432
N5200	P2_U3775	AND	4433
N5201	P2_U3776	AND	4434
N5202	P2_U3777	AND	4435
N5203	P2_U3778	AND	4436
N5204	P2_U3779	AND	4437
N5205	P2_U3780	AND	4438
N5206	P2_U3781	AND	4439
N5207	P2_U3782	AND	4440
N5208	P2_U3783	AND	4441
N5209	P2_U3784	AND	4442
N5210	P2_U3785	AND	4443
N5211	P2_U3786	AND	4444
N5212	P2_U3787	AND	4445
N5213	P2_U3788	AND	4446
N5214	P2_U3789	AND	4447
N5215	P2_U3790	AND	4448
N5216	P2_U3791	AND	4449
N5217	P2_U3792	AND	4450
N5218	P2_U3793	AND	4451
N5219	P2_U3794	AND	4452
N5220	P2_U3795	AND	4453
N5221	P2_U3796	AND	4454
N5222	P2_U3797	AND	4455
N5223	P2_U3798	AND	4456
N5224	P2_U3799	AND	4457
N5225	P2_U3800	AND	4458
N5226	P2_U3801	AND	4459
N5227	P2_U3802	AND	4460
N5228	P2_U3803	AND	4461
N5229	P2_U3804	AND	4462
N5230	P2_U3805	AND	4463
N5231	P2_U3806	AND	4464
N5232	P2_U3807	AND	4465
N5233	P2_U3808	AND	4466
N5234	P2_U3809	AND	4467
N5235	P2_U3810	AND	4468
N5236	P2_U3811	AND	4469
N5237	P2_U3812	AND	4470
N5238	P2_U3813	AND	4471
N5239	P2_U3814	AND	4472
N5240	P2_U3815	AND	4473
N5241	P2_U3816	AND	4474
N5242	P2_U3817	AND	4475
N5243	P2_U3818	AND	4476
N5244	P2_U3819	AND	4477
N5245	P2_U3820	AND	4478
N5246	P2_U3821	AND	4479
N5247	P2_U3822	AND	4480
N5248	P2_U3823	AND	4481
N5249	P2_U3824	AND	4482
N5250	P2_U3825	AND	4483
N5251	P2_U3826	AND	4484
N5252	P2_U3827	AND	4485
N5253	P2_U3828	AND	4486
N5254	P2_U3829	AND	4487
N5255	P2_U3830	AND	4488
N5256	P2_U3831	AND	4489
N5257	P2_U3832	AND	4490
N5258	P2_U3833	AND	4491
N5259	P2_U3834	AND	4492
N5260	P2_U3835	AND	4493
N5261	P2_U3836	AND	4494
N5262	P2_U3837	AND	4495
N5263	P2_U3838	AND	4496
N5264	P2_U3839	AND	4497
N5265	P2_U3840	AND	4498
N5266	P2_U3841	AND	4499
N5267	P2_U3842	AND	4500
N5268	P2_U3843	AND	4501
N5269	P2_U3844	AND	4502
N5270	P2_U3845	AND	4503
N5271	P2_U3846	AND	4504
N5272	P2_U3847	AND	4505
N5273	P2_U3848	AND	4506
N5274	P2_U3849	AND	4507
N5275	P2_U3850	AND	4508
N5276	P2_U3851	AND	4509
N5277	P2_U3852	AND	4510
N5278	P2_U3853	AND	4511
N5279	P2_U3854	AND	4512
N5280	P2_U3855	AND	4513
N5281	P2_U3856	AND	4514
N5282	P2_U3857	AND	4515
N5283	P2_U3858	AND	4516
N5284	P2_U3859	AND	4517
N5285	P2_U3860	AND	4518
N5286	P2_U3861	AND	4519
N5287	P2_U3862	AND	4520
N5288	P2_U3863	AND	4521
N5289	P2_U3864	AND	4522
N5290	P2_U3865	AND	4523
N5291	P2_U3866	AND	4524
N5292	P2_U3867	AND	4525
N5293	P2_U3868	AND	4526
N5294	P2_U3869	AND	4527
N5295	P2_U3870	AND	4528
N5296	P2_U3871	AND	4529
N5297	P2_U3872	AND	4530
N5298	P2_U3873	AND	4531
N5299	P2_U3874	AND	4532
N5300	P2_U3875	AND	4533
N5301	P2_U3876	AND	4534
N5302	P2_U3877	AND	4535
N5303	P2_U3878	AND	4536
N5304	P2_U3879	NOT	4537
N5305	P2_U3880	NAND	4538
N5306	P2_U3881	NAND	4539
N5307	P2_U3882	NAND	4540
N5308	P2_U3883	AND	4541
N5309	P2_U3884	AND	4542
N5310	P2_U3885	AND	4543
N5311	P2_U3886	AND	4544
N5312	P2_U3887	AND	4545
N5313	P2_U3888	AND	4546
N5314	P2_U3889	AND	4547
N5315	P2_U3890	AND	4548
N5316	P2_U3891	AND	4549
N5317	P2_U3892	AND	4550
N5318	P2_U3893	AND	4551
N5319	P2_U3894	AND	4552
N5320	P2_U3895	AND	4553
N5321	P2_U3896	AND	4554
N5322	P2_U3897	AND	4555
N5323	P2_U3898	AND	4556
N5324	P2_U3899	AND	4557
N5325	P2_U3900	AND	4558
N5326	P2_U3901	AND	4559
N5327	P2_U3902	AND	4560
N5328	P2_U3903	AND	4561
N5329	P2_U3904	AND	4562
N5330	P2_U3905	AND	4563
N5331	P2_U3906	AND	4564
N5332	P2_U3907	AND	4565
N5333	P2_U3908	AND	4566
N5334	P2_U3909	AND	4567
N5335	P2_U3910	AND	4568
N5336	P2_U3911	AND	4569
N5337	P2_U3912	AND	4570
N5338	P2_U3913	NAND	4571
N5339	P2_U3914	AND	4572
N5340	P2_U3915	AND	4573
N5341	P2_U3916	NOT	4574
N5342	P2_U3917	AND	4575
N5343	P2_U3918	NAND	4576
N5344	P2_U3919	NAND	4577
N5345	P2_U3920	NAND	4578
N5346	P2_U3921	NOT	4579
N5347	P2_U3922	NOT	4580
N5348	P2_U3923	NAND	4581
N5349	P2_U3924	NOT	4582
N5350	P2_U3925	NOT	4583
N5351	P2_U3926	NOT	4584
N5352	P2_U3927	NOT	4585
N5353	P2_U3928	NAND	4586
N5354	P2_U3929	NOT	4587
N5355	P2_U3930	NOT	4588
N5356	P2_U3931	NOT	4589
N5357	P2_U3932	NOT	4590
N5358	P2_U3933	NOT	4591
N5359	P2_U3934	NAND	4592
N5360	P2_U3935	NAND	4593
N5361	P2_U3936	NAND	4594
N5362	P2_U3937	NOT	4595
N5363	P2_U3938	NOT	4596
N5364	P2_U3939	NOT	4597
N5365	P2_U3940	NOT	4598
N5366	P2_U3941	NOT	4599
N5367	P2_U3942	NOT	4600
N5368	P2_U3943	NOT	4601
N5369	P2_U3944	NOT	4602
N5370	P2_U3945	NOT	4603
N5371	P2_U3946	NOT	4604
N5372	P2_U3947	NOT	4605
N5373	P2_U3948	NOT	4606
N5374	P2_U3949	NOT	4607
N5375	P2_U3950	NOT	4608
N5376	P2_U3951	NOT	4609
N5377	P2_U3952	NOT	4610
N5378	P2_U3953	NOT	4611
N5379	P2_U3954	NOT	4612
N5380	P2_U3955	NOT	4613
N5381	P2_U3956	NOT	4614
N5382	P2_U3957	NOT	4615
N5383	P2_U3958	NOT	4616
N5384	P2_U3959	NOT	4617
N5385	P2_U3960	NOT	4618
N5386	P2_U3961	NOT	4619
N5387	P2_U3962	NOT	4620
N5388	P2_U3963	NOT	4621
N5389	P2_U3964	NOT	4622
N5390	P2_U3965	NOT	4623
N5391	P2_U3966	NOT	4624
N5392	P2_U3967	NOT	4625
N5393	P2_U3968	NOT	4626
N5394	P2_U3969	NOT	4627
N5395	P2_U3970	NAND	4628
N5396	P2_U3971	NAND	4629
N5397	P2_U3972	NOT	4630
N5398	P2_U3973	NOT	4631
N5399	P2_U3974	NOT	4632
N5400	P2_U3975	NOT	4633
N5401	P2_U3976	NOT	4634
N5402	P2_U3977	NOT	4635
N5403	P2_U3978	NOT	4636
N5404	P2_U3979	NAND	4637
N5405	P2_U3980	NAND	4638
N5406	P2_U3981	NAND	4639
N5407	P2_U3982	NAND	4640
N5408	P2_U3983	NAND	4641
N5409	P2_U3984	NAND	4642
N5410	P2_U3985	NAND	4643
N5411	P2_U3986	NAND	4644
N5412	P2_U3987	NAND	4645
N5413	P2_U3988	NAND	4646
N5414	P2_U3989	NAND	4647
N5415	P2_U3990	NAND	4648
N5416	P2_U3991	NAND	4649
N5417	P2_U3992	NAND	4650
N5418	P2_U3993	NAND	4651
N5419	P2_U3994	NAND	4652
N5420	P2_U3995	NAND	4653
N5421	P2_U3996	NAND	4654
N5422	P2_U3997	NAND	4655
N5423	P2_U3998	NAND	4656
N5424	P2_U3999	NAND	4657
N5425	P2_U4000	NAND	4658
N5426	P2_U4001	NAND	4659
N5427	P2_U4002	NAND	4660
N5428	P2_U4003	NAND	4661
N5429	P2_U4004	NAND	4662
N5430	P2_U4005	NAND	4663
N5431	P2_U4006	NAND	4664
N5432	P2_U4007	NAND	4665
N5433	P2_U4008	NAND	4666
N5434	P2_U4009	NAND	4667
N5435	P2_U4010	NAND	4668
N5436	P2_U4011	NAND	4669
N5437	P2_U4012	NAND	4670
N5438	P2_U4013	NAND	4671
N5439	P2_U4014	NAND	4672
N5440	P2_U4015	NAND	4673
N5441	P2_U4016	NAND	4674
N5442	P2_U4017	NAND	4675
N5443	P2_U4018	NAND	4676
N5444	P2_U4019	NAND	4677
N5445	P2_U4020	NAND	4678
N5446	P2_U4021	NAND	4679
N5447	P2_U4022	NAND	4680
N5448	P2_U4023	NAND	4681
N5449	P2_U4024	NAND	4682
N5450	P2_U4025	NAND	4683
N5451	P2_U4026	NAND	4684
N5452	P2_U4027	NAND	4685
N5453	P2_U4028	NAND	4686
N5454	P2_U4029	NAND	4687
N5455	P2_U4030	NAND	4688
N5456	P2_U4031	NAND	4689
N5457	P2_U4032	NAND	4690
N5458	P2_U4033	NAND	4691
N5459	P2_U4034	NAND	4692
N5460	P2_U4035	NAND	4693
N5461	P2_U4036	NAND	4694
N5462	P2_U4037	NAND	4695
N5463	P2_U4038	NAND	4696
N5464	P2_U4039	NAND	4697
N5465	P2_U4040	NAND	4698
N5466	P2_U4041	NAND	4699
N5467	P2_U4042	NAND	4700
N5468	P2_U4043	NAND	4701
N5469	P2_U4044	NAND	4702
N5470	P2_U4045	NAND	4703
N5471	P2_U4046	NAND	4704
N5472	P2_U4047	NAND	4705
N5473	P2_U4048	NAND	4706
N5474	P2_U4049	NAND	4707
N5475	P2_U4050	NAND	4708
N5476	P2_U4051	NAND	4709
N5477	P2_U4052	NAND	4710
N5478	P2_U4053	NAND	4711
N5479	P2_U4054	NAND	4712
N5480	P2_U4055	NAND	4713
N5481	P2_U4056	NAND	4714
N5482	P2_U4057	NAND	4715
N5483	P2_U4058	NAND	4716
N5484	P2_U4059	NAND	4717
N5485	P2_U4060	NAND	4718
N5486	P2_U4061	NAND	4719
N5487	P2_U4062	NAND	4720
N5488	P2_U4063	NAND	4721
N5489	P2_U4064	NAND	4722
N5490	P2_U4065	NAND	4723
N5491	P2_U4066	NAND	4724
N5492	P2_U4067	NAND	4725
N5493	P2_U4068	NAND	4726
N5494	P2_U4069	NAND	4727
N5495	P2_U4070	NAND	4728
N5496	P2_U4071	NAND	4729
N5497	P2_U4072	NAND	4730
N5498	P2_U4073	NAND	4731
N5499	P2_U4074	NAND	4732
N5500	P2_U4075	NAND	4733
N5501	P2_U4076	NOT	4734
N5502	P2_U4077	NAND	4735
N5503	P2_U4078	NAND	4736
N5504	P2_U4079	NAND	4737
N5505	P2_U4080	NAND	4738
N5506	P2_U4081	NAND	4739
N5507	P2_U4082	NAND	4740
N5508	P2_U4083	NAND	4741
N5509	P2_U4084	NAND	4742
N5510	P2_U4085	NAND	4743
N5511	P2_U4086	NAND	4744
N5512	P2_U4087	NAND	4745
N5513	P2_U4088	NAND	4746
N5514	P2_U4089	NAND	4747
N5515	P2_U4090	NAND	4748
N5516	P2_U4091	NAND	4749
N5517	P2_U4092	NAND	4750
N5518	P2_U4093	NAND	4751
N5519	P2_U4094	NAND	4752
N5520	P2_U4095	NAND	4753
N5521	P2_U4096	NAND	4754
N5522	P2_U4097	NAND	4755
N5523	P2_U4098	NAND	4756
N5524	P2_U4099	NAND	4757
N5525	P2_U4100	NAND	4758
N5526	P2_U4101	NAND	4759
N5527	P2_U4102	NAND	4760
N5528	P2_U4103	NAND	4761
N5529	P2_U4104	NAND	4762
N5530	P2_U4105	NAND	4763
N5531	P2_U4106	NAND	4764
N5532	P2_U4107	NAND	4765
N5533	P2_U4108	NAND	4766
N5534	P2_U4109	NAND	4767
N5535	P2_U4110	NAND	4768
N5536	P2_U4111	NAND	4769
N5537	P2_U4112	NAND	4770
N5538	P2_U4113	NAND	4771
N5539	P2_U4114	NAND	4772
N5540	P2_U4115	NOT	4773
N5541	P2_U4116	NAND	4774
N5542	P2_U4117	NAND	4775
N5543	P2_U4118	NAND	4776
N5544	P2_U4119	NAND	4777
N5545	P2_U4120	NAND	4778
N5546	P2_U4121	NAND	4779
N5547	P2_U4122	NAND	4780
N5548	P2_U4123	NAND	4781
N5549	P2_U4124	NOT	4782
N5550	P2_U4125	NAND	4783
N5551	P2_U4126	NAND	4784
N5552	P2_U4127	NAND	4785
N5553	P2_U4128	NAND	4786
N5554	P2_U4129	NAND	4787
N5555	P2_U4130	NAND	4788
N5556	P2_U4131	NAND	4789
N5557	P2_U4132	NAND	4790
N5558	P2_U4133	NAND	4791
N5559	P2_U4134	NOT	4792
N5560	P2_U4135	NAND	4793
N5561	P2_U4136	NAND	4794
N5562	P2_U4137	NAND	4795
N5563	P2_U4138	NAND	4796
N5564	P2_U4139	NOT	4797
N5565	P2_U4140	NAND	4798
N5566	P2_U4141	NAND	4799
N5567	P2_U4142	NAND	4800
N5568	P2_U4143	NAND	4801
N5569	P2_U4144	NAND	4802
N5570	P2_U4145	NAND	4803
N5571	P2_U4146	NAND	4804
N5572	P2_U4147	NAND	4805
N5573	P2_U4148	NOT	4806
N5574	P2_U4149	NAND	4807
N5575	P2_U4150	NAND	4808
N5576	P2_U4151	NAND	4809
N5577	P2_U4152	NAND	4810
N5578	P2_U4153	NAND	4811
N5579	P2_U4154	NAND	4812
N5580	P2_U4155	NAND	4813
N5581	P2_U4156	NAND	4814
N5582	P2_U4157	NAND	4815
N5583	P2_U4158	NOT	4816
N5584	P2_U4159	NAND	4817
N5585	P2_U4160	NAND	4818
N5586	P2_U4161	NAND	4819
N5587	P2_U4162	NAND	4820
N5588	P2_U4163	NAND	4821
N5589	P2_U4164	NAND	4822
N5590	P2_U4165	NAND	4823
N5591	P2_U4166	NAND	4824
N5592	P2_U4167	NOT	4825
N5593	P2_U4168	NAND	4826
N5594	P2_U4169	NAND	4827
N5595	P2_U4170	NAND	4828
N5596	P2_U4171	NAND	4829
N5597	P2_U4172	NAND	4830
N5598	P2_U4173	NAND	4831
N5599	P2_U4174	NAND	4832
N5600	P2_U4175	NAND	4833
N5601	P2_U4176	NAND	4834
N5602	P2_U4177	NOT	4835
N5603	P2_U4178	NAND	4836
N5604	P2_U4179	NAND	4837
N5605	P2_U4180	NAND	4838
N5606	P2_U4181	NAND	4839
N5607	P2_U4182	NAND	4840
N5608	P2_U4183	NAND	4841
N5609	P2_U4184	NAND	4842
N5610	P2_U4185	NAND	4843
N5611	P2_U4186	NOT	4844
N5612	P2_U4187	NAND	4845
N5613	P2_U4188	NAND	4846
N5614	P2_U4189	NAND	4847
N5615	P2_U4190	NAND	4848
N5616	P2_U4191	NAND	4849
N5617	P2_U4192	NAND	4850
N5618	P2_U4193	NAND	4851
N5619	P2_U4194	NAND	4852
N5620	P2_U4195	NAND	4853
N5621	P2_U4196	NOT	4854
N5622	P2_U4197	NAND	4855
N5623	P2_U4198	NAND	4856
N5624	P2_U4199	NAND	4857
N5625	P2_U4200	NAND	4858
N5626	P2_U4201	NAND	4859
N5627	P2_U4202	NAND	4860
N5628	P2_U4203	NAND	4861
N5629	P2_U4204	NAND	4862
N5630	P2_U4205	NOT	4863
N5631	P2_U4206	NAND	4864
N5632	P2_U4207	NAND	4865
N5633	P2_U4208	NAND	4866
N5634	P2_U4209	NAND	4867
N5635	P2_U4210	NAND	4868
N5636	P2_U4211	NAND	4869
N5637	P2_U4212	NAND	4870
N5638	P2_U4213	NAND	4871
N5639	P2_U4214	NAND	4872
N5640	P2_U4215	NOT	4873
N5641	P2_U4216	NAND	4874
N5642	P2_U4217	NAND	4875
N5643	P2_U4218	NAND	4876
N5644	P2_U4219	NAND	4877
N5645	P2_U4220	NAND	4878
N5646	P2_U4221	NAND	4879
N5647	P2_U4222	NAND	4880
N5648	P2_U4223	NAND	4881
N5649	P2_U4224	NOT	4882
N5650	P2_U4225	NAND	4883
N5651	P2_U4226	NAND	4884
N5652	P2_U4227	NAND	4885
N5653	P2_U4228	NAND	4886
N5654	P2_U4229	NAND	4887
N5655	P2_U4230	NAND	4888
N5656	P2_U4231	NAND	4889
N5657	P2_U4232	NAND	4890
N5658	P2_U4233	NAND	4891
N5659	P2_U4234	NOT	4892
N5660	P2_U4235	NAND	4893
N5661	P2_U4236	NAND	4894
N5662	P2_U4237	NAND	4895
N5663	P2_U4238	NAND	4896
N5664	P2_U4239	NAND	4897
N5665	P2_U4240	NAND	4898
N5666	P2_U4241	NAND	4899
N5667	P2_U4242	NAND	4900
N5668	P2_U4243	NOT	4901
N5669	P2_U4244	NAND	4902
N5670	P2_U4245	NAND	4903
N5671	P2_U4246	NAND	4904
N5672	P2_U4247	NAND	4905
N5673	P2_U4248	NAND	4906
N5674	P2_U4249	NAND	4907
N5675	P2_U4250	NAND	4908
N5676	P2_U4251	NAND	4909
N5677	P2_U4252	NAND	4910
N5678	P2_U4253	NOT	4911
N5679	P2_U4254	NAND	4912
N5680	P2_U4255	NAND	4913
N5681	P2_U4256	NAND	4914
N5682	P2_U4257	NAND	4915
N5683	P2_U4258	NAND	4916
N5684	P2_U4259	NAND	4917
N5685	P2_U4260	NAND	4918
N5686	P2_U4261	NAND	4919
N5687	P2_U4262	NOT	4920
N5688	P2_U4263	NAND	4921
N5689	P2_U4264	NAND	4922
N5690	P2_U4265	NAND	4923
N5691	P2_U4266	NAND	4924
N5692	P2_U4267	NAND	4925
N5693	P2_U4268	NAND	4926
N5694	P2_U4269	NAND	4927
N5695	P2_U4270	NAND	4928
N5696	P2_U4271	NAND	4929
N5697	P2_U4272	NOT	4930
N5698	P2_U4273	NAND	4931
N5699	P2_U4274	NAND	4932
N5700	P2_U4275	NAND	4933
N5701	P2_U4276	NAND	4934
N5702	P2_U4277	NAND	4935
N5703	P2_U4278	NAND	4936
N5704	P2_U4279	NAND	4937
N5705	P2_U4280	NAND	4938
N5706	P2_U4281	NOT	4939
N5707	P2_U4282	NAND	4940
N5708	P2_U4283	NAND	4941
N5709	P2_U4284	NAND	4942
N5710	P2_U4285	NAND	4943
N5711	P2_U4286	NAND	4944
N5712	P2_U4287	NAND	4945
N5713	P2_U4288	NAND	4946
N5714	P2_U4289	NAND	4947
N5715	P2_U4290	NAND	4948
N5716	P2_U4291	NOT	4949
N5717	P2_U4292	NAND	4950
N5718	P2_U4293	NAND	4951
N5719	P2_U4294	NAND	4952
N5720	P2_U4295	NAND	4953
N5721	P2_U4296	NAND	4954
N5722	P2_U4297	NAND	4955
N5723	P2_U4298	NAND	4956
N5724	P2_U4299	NAND	4957
N5725	P2_U4300	NOT	4958
N5726	P2_U4301	NAND	4959
N5727	P2_U4302	NAND	4960
N5728	P2_U4303	NAND	4961
N5729	P2_U4304	NAND	4962
N5730	P2_U4305	NAND	4963
N5731	P2_U4306	NAND	4964
N5732	P2_U4307	NAND	4965
N5733	P2_U4308	NAND	4966
N5734	P2_U4309	NAND	4967
N5735	P2_U4310	NOT	4968
N5736	P2_U4311	NAND	4969
N5737	P2_U4312	NAND	4970
N5738	P2_U4313	NAND	4971
N5739	P2_U4314	NAND	4972
N5740	P2_U4315	NAND	4973
N5741	P2_U4316	NAND	4974
N5742	P2_U4317	NAND	4975
N5743	P2_U4318	NAND	4976
N5744	P2_U4319	NOT	4977
N5745	P2_U4320	NAND	4978
N5746	P2_U4321	NAND	4979
N5747	P2_U4322	NAND	4980
N5748	P2_U4323	NAND	4981
N5749	P2_U4324	NAND	4982
N5750	P2_U4325	NAND	4983
N5751	P2_U4326	NAND	4984
N5752	P2_U4327	NAND	4985
N5753	P2_U4328	NAND	4986
N5754	P2_U4329	NOT	4987
N5755	P2_U4330	NAND	4988
N5756	P2_U4331	NAND	4989
N5757	P2_U4332	NAND	4990
N5758	P2_U4333	NAND	4991
N5759	P2_U4334	NAND	4992
N5760	P2_U4335	NAND	4993
N5761	P2_U4336	NAND	4994
N5762	P2_U4337	NAND	4995
N5763	P2_U4338	NOT	4996
N5764	P2_U4339	NAND	4997
N5765	P2_U4340	NAND	4998
N5766	P2_U4341	NAND	4999
N5767	P2_U4342	NAND	5000
N5768	P2_U4343	NAND	5001
N5769	P2_U4344	NAND	5002
N5770	P2_U4345	NAND	5003
N5771	P2_U4346	NAND	5004
N5772	P2_U4347	NAND	5005
N5773	P2_U4348	NOT	5006
N5774	P2_U4349	NAND	5007
N5775	P2_U4350	NAND	5008
N5776	P2_U4351	NAND	5009
N5777	P2_U4352	NAND	5010
N5778	P2_U4353	NAND	5011
N5779	P2_U4354	NAND	5012
N5780	P2_U4355	NAND	5013
N5781	P2_U4356	NAND	5014
N5782	P2_U4357	NOT	5015
N5783	P2_U4358	NAND	5016
N5784	P2_U4359	NAND	5017
N5785	P2_U4360	NAND	5018
N5786	P2_U4361	NAND	5019
N5787	P2_U4362	NAND	5020
N5788	P2_U4363	NAND	5021
N5789	P2_U4364	NAND	5022
N5790	P2_U4365	NAND	5023
N5791	P2_U4366	NAND	5024
N5792	P2_U4367	NOT	5025
N5793	P2_U4368	NAND	5026
N5794	P2_U4369	NAND	5027
N5795	P2_U4370	NAND	5028
N5796	P2_U4371	NAND	5029
N5797	P2_U4372	NAND	5030
N5798	P2_U4373	NAND	5031
N5799	P2_U4374	NAND	5032
N5800	P2_U4375	NAND	5033
N5801	P2_U4376	NOT	5034
N5802	P2_U4377	NAND	5035
N5803	P2_U4378	NAND	5036
N5804	P2_U4379	NAND	5037
N5805	P2_U4380	NAND	5038
N5806	P2_U4381	NAND	5039
N5807	P2_U4382	NAND	5040
N5808	P2_U4383	NAND	5041
N5809	P2_U4384	NAND	5042
N5810	P2_U4385	NAND	5043
N5811	P2_U4386	NOT	5044
N5812	P2_U4387	NAND	5045
N5813	P2_U4388	NAND	5046
N5814	P2_U4389	NAND	5047
N5815	P2_U4390	NAND	5048
N5816	P2_U4391	NAND	5049
N5817	P2_U4392	NAND	5050
N5818	P2_U4393	NAND	5051
N5819	P2_U4394	NAND	5052
N5820	P2_U4395	NOT	5053
N5821	P2_U4396	NAND	5054
N5822	P2_U4397	NAND	5055
N5823	P2_U4398	NAND	5056
N5824	P2_U4399	NAND	5057
N5825	P2_U4400	NAND	5058
N5826	P2_U4401	NAND	5059
N5827	P2_U4402	NAND	5060
N5828	P2_U4403	NAND	5061
N5829	P2_U4404	NAND	5062
N5830	P2_U4405	NOT	5063
N5831	P2_U4406	NAND	5064
N5832	P2_U4407	NAND	5065
N5833	P2_U4408	NAND	5066
N5834	P2_U4409	NAND	5067
N5835	P2_U4410	NAND	5068
N5836	P2_U4411	NAND	5069
N5837	P2_U4412	NAND	5070
N5838	P2_U4413	NAND	5071
N5839	P2_U4414	NOT	5072
N5840	P2_U4415	NAND	5073
N5841	P2_U4416	NAND	5074
N5842	P2_U4417	NAND	5075
N5843	P2_U4418	NAND	5076
N5844	P2_U4419	NAND	5077
N5845	P2_U4420	NAND	5078
N5846	P2_U4421	NAND	5079
N5847	P2_U4422	NAND	5080
N5848	P2_U4423	NAND	5081
N5849	P2_U4424	NOT	5082
N5850	P2_U4425	NAND	5083
N5851	P2_U4426	NAND	5084
N5852	P2_U4427	NAND	5085
N5853	P2_U4428	NAND	5086
N5854	P2_U4429	NAND	5087
N5855	P2_U4430	NAND	5088
N5856	P2_U4431	NAND	5089
N5857	P2_U4432	NAND	5090
N5858	P2_U4433	NOT	5091
N5859	P2_U4434	NAND	5092
N5860	P2_U4435	NAND	5093
N5861	P2_U4436	NAND	5094
N5862	P2_U4437	NAND	5095
N5863	P2_U4438	NAND	5096
N5864	P2_U4439	NAND	5097
N5865	P2_U4440	NAND	5098
N5866	P2_U4441	NAND	5099
N5867	P2_U4442	NAND	5100
N5868	P2_U4443	NOT	5101
N5869	P2_U4444	NAND	5102
N5870	P2_U4445	NAND	5103
N5871	P2_U4446	NAND	5104
N5872	P2_U4447	NAND	5105
N5873	P2_U4448	NAND	5106
N5874	P2_U4449	NAND	5107
N5875	P2_U4450	NAND	5108
N5876	P2_U4451	NAND	5109
N5877	P2_U4452	NOT	5110
N5878	P2_U4453	NAND	5111
N5879	P2_U4454	NAND	5112
N5880	P2_U4455	NAND	5113
N5881	P2_U4456	NAND	5114
N5882	P2_U4457	NAND	5115
N5883	P2_U4458	NAND	5116
N5884	P2_U4459	NAND	5117
N5885	P2_U4460	NAND	5118
N5886	P2_U4461	NAND	5119
N5887	P2_U4462	NOT	5120
N5888	P2_U4463	NAND	5121
N5889	P2_U4464	NAND	5122
N5890	P2_U4465	NAND	5123
N5891	P2_U4466	NAND	5124
N5892	P2_U4467	NAND	5125
N5893	P2_U4468	NAND	5126
N5894	P2_U4469	NAND	5127
N5895	P2_U4470	NAND	5128
N5896	P2_U4471	NOT	5129
N5897	P2_U4472	NAND	5130
N5898	P2_U4473	NAND	5131
N5899	P2_U4474	NAND	5132
N5900	P2_U4475	NAND	5133
N5901	P2_U4476	NAND	5134
N5902	P2_U4477	NAND	5135
N5903	P2_U4478	NAND	5136
N5904	P2_U4479	NAND	5137
N5905	P2_U4480	NAND	5138
N5906	P2_U4481	NOT	5139
N5907	P2_U4482	NAND	5140
N5908	P2_U4483	NAND	5141
N5909	P2_U4484	NAND	5142
N5910	P2_U4485	NAND	5143
N5911	P2_U4486	NAND	5144
N5912	P2_U4487	NAND	5145
N5913	P2_U4488	NAND	5146
N5914	P2_U4489	NAND	5147
N5915	P2_U4490	NOT	5148
N5916	P2_U4491	NAND	5149
N5917	P2_U4492	NAND	5150
N5918	P2_U4493	NAND	5151
N5919	P2_U4494	NAND	5152
N5920	P2_U4495	NAND	5153
N5921	P2_U4496	NAND	5154
N5922	P2_U4497	NAND	5155
N5923	P2_U4498	NAND	5156
N5924	P2_U4499	NAND	5157
N5925	P2_U4500	NOT	5158
N5926	P2_U4501	NAND	5159
N5927	P2_U4502	NAND	5160
N5928	P2_U4503	NAND	5161
N5929	P2_U4504	NAND	5162
N5930	P2_U4505	NAND	5163
N5931	P2_U4506	NAND	5164
N5932	P2_U4507	NAND	5165
N5933	P2_U4508	NAND	5166
N5934	P2_U4509	NOT	5167
N5935	P2_U4510	NAND	5168
N5936	P2_U4511	NAND	5169
N5937	P2_U4512	NAND	5170
N5938	P2_U4513	NAND	5171
N5939	P2_U4514	NAND	5172
N5940	P2_U4515	NAND	5173
N5941	P2_U4516	NAND	5174
N5942	P2_U4517	NAND	5175
N5943	P2_U4518	NAND	5176
N5944	P2_U4519	NOT	5177
N5945	P2_U4520	NAND	5178
N5946	P2_U4521	NAND	5179
N5947	P2_U4522	NAND	5180
N5948	P2_U4523	NAND	5181
N5949	P2_U4524	NAND	5182
N5950	P2_U4525	NAND	5183
N5951	P2_U4526	NAND	5184
N5952	P2_U4527	NAND	5185
N5953	P2_U4528	NOT	5186
N5954	P2_U4529	NAND	5187
N5955	P2_U4530	NAND	5188
N5956	P2_U4531	NAND	5189
N5957	P2_U4532	NAND	5190
N5958	P2_U4533	NAND	5191
N5959	P2_U4534	NAND	5192
N5960	P2_U4535	NAND	5193
N5961	P2_U4536	NAND	5194
N5962	P2_U4537	NAND	5195
N5963	P2_U4538	NOT	5196
N5964	P2_U4539	NAND	5197
N5965	P2_U4540	NAND	5198
N5966	P2_U4541	NAND	5199
N5967	P2_U4542	NAND	5200
N5968	P2_U4543	NAND	5201
N5969	P2_U4544	NAND	5202
N5970	P2_U4545	NAND	5203
N5971	P2_U4546	NAND	5204
N5972	P2_U4547	NOT	5205
N5973	P2_U4548	NAND	5206
N5974	P2_U4549	NAND	5207
N5975	P2_U4550	NAND	5208
N5976	P2_U4551	NAND	5209
N5977	P2_U4552	NAND	5210
N5978	P2_U4553	NAND	5211
N5979	P2_U4554	NAND	5212
N5980	P2_U4555	NAND	5213
N5981	P2_U4556	NAND	5214
N5982	P2_U4557	NOT	5215
N5983	P2_U4558	NAND	5216
N5984	P2_U4559	NAND	5217
N5985	P2_U4560	NAND	5218
N5986	P2_U4561	NAND	5219
N5987	P2_U4562	NAND	5220
N5988	P2_U4563	NAND	5221
N5989	P2_U4564	NAND	5222
N5990	P2_U4565	NAND	5223
N5991	P2_U4566	NOT	5224
N5992	P2_U4567	NAND	5225
N5993	P2_U4568	NAND	5226
N5994	P2_U4569	NAND	5227
N5995	P2_U4570	NAND	5228
N5996	P2_U4571	NAND	5229
N5997	P2_U4572	NAND	5230
N5998	P2_U4573	NAND	5231
N5999	P2_U4574	NAND	5232
N6000	P2_U4575	NAND	5233
N6001	P2_U4576	NOT	5234
N6002	P2_U4577	NAND	5235
N6003	P2_U4578	NAND	5236
N6004	P2_U4579	NAND	5237
N6005	P2_U4580	NAND	5238
N6006	P2_U4581	NAND	5239
N6007	P2_U4582	NAND	5240
N6008	P2_U4583	NAND	5241
N6009	P2_U4584	NAND	5242
N6010	P2_U4585	NOT	5243
N6011	P2_U4586	NAND	5244
N6012	P2_U4587	NAND	5245
N6013	P2_U4588	NAND	5246
N6014	P2_U4589	NAND	5247
N6015	P2_U4590	NAND	5248
N6016	P2_U4591	NAND	5249
N6017	P2_U4592	NAND	5250
N6018	P2_U4593	NAND	5251
N6019	P2_U4594	NAND	5252
N6020	P2_U4595	NOT	5253
N6021	P2_U4596	NAND	5254
N6022	P2_U4597	NAND	5255
N6023	P2_U4598	NAND	5256
N6024	P2_U4599	NAND	5257
N6025	P2_U4600	NAND	5258
N6026	P2_U4601	NAND	5259
N6027	P2_U4602	NAND	5260
N6028	P2_U4603	NAND	5261
N6029	P2_U4604	NOT	5262
N6030	P2_U4605	NAND	5263
N6031	P2_U4606	NAND	5264
N6032	P2_U4607	NAND	5265
N6033	P2_U4608	NAND	5266
N6034	P2_U4609	NAND	5267
N6035	P2_U4610	NAND	5268
N6036	P2_U4611	NAND	5269
N6037	P2_U4612	NAND	5270
N6038	P2_U4613	NAND	5271
N6039	P2_U4614	NOT	5272
N6040	P2_U4615	NAND	5273
N6041	P2_U4616	NAND	5274
N6042	P2_U4617	NAND	5275
N6043	P2_U4618	NAND	5276
N6044	P2_U4619	NAND	5277
N6045	P2_U4620	NAND	5278
N6046	P2_U4621	NAND	5279
N6047	P2_U4622	NAND	5280
N6048	P2_U4623	NOT	5281
N6049	P2_U4624	NAND	5282
N6050	P2_U4625	NAND	5283
N6051	P2_U4626	NAND	5284
N6052	P2_U4627	NAND	5285
N6053	P2_U4628	NAND	5286
N6054	P2_U4629	NAND	5287
N6055	P2_U4630	NAND	5288
N6056	P2_U4631	NAND	5289
N6057	P2_U4632	NAND	5290
N6058	P2_U4633	NOT	5291
N6059	P2_U4634	NAND	5292
N6060	P2_U4635	NAND	5293
N6061	P2_U4636	NAND	5294
N6062	P2_U4637	NAND	5295
N6063	P2_U4638	NAND	5296
N6064	P2_U4639	NAND	5297
N6065	P2_U4640	NAND	5298
N6066	P2_U4641	NAND	5299
N6067	P2_U4642	NOT	5300
N6068	P2_U4643	NAND	5301
N6069	P2_U4644	NAND	5302
N6070	P2_U4645	NAND	5303
N6071	P2_U4646	NAND	5304
N6072	P2_U4647	NAND	5305
N6073	P2_U4648	NAND	5306
N6074	P2_U4649	NAND	5307
N6075	P2_U4650	NAND	5308
N6076	P2_U4651	NAND	5309
N6077	P2_U4652	NOT	5310
N6078	P2_U4653	NAND	5311
N6079	P2_U4654	NAND	5312
N6080	P2_U4655	NAND	5313
N6081	P2_U4656	NAND	5314
N6082	P2_U4657	NAND	5315
N6083	P2_U4658	NAND	5316
N6084	P2_U4659	NAND	5317
N6085	P2_U4660	NAND	5318
N6086	P2_U4661	NOT	5319
N6087	P2_U4662	NAND	5320
N6088	P2_U4663	NAND	5321
N6089	P2_U4664	NAND	5322
N6090	P2_U4665	NAND	5323
N6091	P2_U4666	NAND	5324
N6092	P2_U4667	NAND	5325
N6093	P2_U4668	NAND	5326
N6094	P2_U4669	NAND	5327
N6095	P2_U4670	NOT	5328
N6096	P2_U4671	NAND	5329
N6097	P2_U4672	NAND	5330
N6098	P2_U4673	NAND	5331
N6099	P2_U4674	NAND	5332
N6100	P2_U4675	NAND	5333
N6101	P2_U4676	NAND	5334
N6102	P2_U4677	NAND	5335
N6103	P2_U4678	NAND	5336
N6104	P2_U4679	NAND	5337
N6105	P2_U4680	NAND	5338
N6106	P2_U4681	NAND	5339
N6107	P2_U4682	NOT	5340
N6108	P2_U4683	NAND	5341
N6109	P2_U4684	NAND	5342
N6110	P2_U4685	NAND	5343
N6111	P2_U4686	NAND	5344
N6112	P2_U4687	NAND	5345
N6113	P2_U4688	NAND	5346
N6114	P2_U4689	NAND	5347
N6115	P2_U4690	NOT	5348
N6116	P2_U4691	NAND	5349
N6117	P2_U4692	NAND	5350
N6118	P2_U4693	NAND	5351
N6119	P2_U4694	NAND	5352
N6120	P2_U4695	NAND	5353
N6121	P2_U4696	NAND	5354
N6122	P2_U4697	NAND	5355
N6123	P2_U4698	NAND	5356
N6124	P2_U4699	NAND	5357
N6125	P2_U4700	NOT	5358
N6126	P2_U4701	NAND	5359
N6127	P2_U4702	NAND	5360
N6128	P2_U4703	NAND	5361
N6129	P2_U4704	NAND	5362
N6130	P2_U4705	NAND	5363
N6131	P2_U4706	NAND	5364
N6132	P2_U4707	NAND	5365
N6133	P2_U4708	NAND	5366
N6134	P2_U4709	NAND	5367
N6135	P2_U4710	NAND	5368
N6136	P2_U4711	NAND	5369
N6137	P2_U4712	NAND	5370
N6138	P2_U4713	NAND	5371
N6139	P2_U4714	NAND	5372
N6140	P2_U4715	NAND	5373
N6141	P2_U4716	NAND	5374
N6142	P2_U4717	NAND	5375
N6143	P2_U4718	NAND	5376
N6144	P2_U4719	NAND	5377
N6145	P2_U4720	NAND	5378
N6146	P2_U4721	NAND	5379
N6147	P2_U4722	NAND	5380
N6148	P2_U4723	NAND	5381
N6149	P2_U4724	NAND	5382
N6150	P2_U4725	NAND	5383
N6151	P2_U4726	NAND	5384
N6152	P2_U4727	NAND	5385
N6153	P2_U4728	NAND	5386
N6154	P2_U4729	NAND	5387
N6155	P2_U4730	NAND	5388
N6156	P2_U4731	NAND	5389
N6157	P2_U4732	NAND	5390
N6158	P2_U4733	NAND	5391
N6159	P2_U4734	NAND	5392
N6160	P2_U4735	NAND	5393
N6161	P2_U4736	NAND	5394
N6162	P2_U4737	NAND	5395
N6163	P2_U4738	NAND	5396
N6164	P2_U4739	NAND	5397
N6165	P2_U4740	NAND	5398
N6166	P2_U4741	NAND	5399
N6167	P2_U4742	NAND	5400
N6168	P2_U4743	NAND	5401
N6169	P2_U4744	NAND	5402
N6170	P2_U4745	NAND	5403
N6171	P2_U4746	NAND	5404
N6172	P2_U4747	NAND	5405
N6173	P2_U4748	NAND	5406
N6174	P2_U4749	NAND	5407
N6175	P2_U4750	NAND	5408
N6176	P2_U4751	NAND	5409
N6177	P2_U4752	NAND	5410
N6178	P2_U4753	NAND	5411
N6179	P2_U4754	NAND	5412
N6180	P2_U4755	NAND	5413
N6181	P2_U4756	NAND	5414
N6182	P2_U4757	NAND	5415
N6183	P2_U4758	NAND	5416
N6184	P2_U4759	NAND	5417
N6185	P2_U4760	NAND	5418
N6186	P2_U4761	NAND	5419
N6187	P2_U4762	NAND	5420
N6188	P2_U4763	NAND	5421
N6189	P2_U4764	NAND	5422
N6190	P2_U4765	NAND	5423
N6191	P2_U4766	NAND	5424
N6192	P2_U4767	NAND	5425
N6193	P2_U4768	NAND	5426
N6194	P2_U4769	NAND	5427
N6195	P2_U4770	NAND	5428
N6196	P2_U4771	NAND	5429
N6197	P2_U4772	NAND	5430
N6198	P2_U4773	NAND	5431
N6199	P2_U4774	NAND	5432
N6200	P2_U4775	NAND	5433
N6201	P2_U4776	NAND	5434
N6202	P2_U4777	NAND	5435
N6203	P2_U4778	NAND	5436
N6204	P2_U4779	NAND	5437
N6205	P2_U4780	NAND	5438
N6206	P2_U4781	NAND	5439
N6207	P2_U4782	NAND	5440
N6208	P2_U4783	NAND	5441
N6209	P2_U4784	NAND	5442
N6210	P2_U4785	NAND	5443
N6211	P2_U4786	NAND	5444
N6212	P2_U4787	NAND	5445
N6213	P2_U4788	NAND	5446
N6214	P2_U4789	NAND	5447
N6215	P2_U4790	NAND	5448
N6216	P2_U4791	NAND	5449
N6217	P2_U4792	NAND	5450
N6218	P2_U4793	NAND	5451
N6219	P2_U4794	NAND	5452
N6220	P2_U4795	NAND	5453
N6221	P2_U4796	NAND	5454
N6222	P2_U4797	NAND	5455
N6223	P2_U4798	NAND	5456
N6224	P2_U4799	NAND	5457
N6225	P2_U4800	NAND	5458
N6226	P2_U4801	NAND	5459
N6227	P2_U4802	NAND	5460
N6228	P2_U4803	NAND	5461
N6229	P2_U4804	NAND	5462
N6230	P2_U4805	NAND	5463
N6231	P2_U4806	NAND	5464
N6232	P2_U4807	NAND	5465
N6233	P2_U4808	NAND	5466
N6234	P2_U4809	NAND	5467
N6235	P2_U4810	NAND	5468
N6236	P2_U4811	NAND	5469
N6237	P2_U4812	NAND	5470
N6238	P2_U4813	NAND	5471
N6239	P2_U4814	NAND	5472
N6240	P2_U4815	NAND	5473
N6241	P2_U4816	NAND	5474
N6242	P2_U4817	NAND	5475
N6243	P2_U4818	NAND	5476
N6244	P2_U4819	NAND	5477
N6245	P2_U4820	NAND	5478
N6246	P2_U4821	NAND	5479
N6247	P2_U4822	NAND	5480
N6248	P2_U4823	NAND	5481
N6249	P2_U4824	NAND	5482
N6250	P2_U4825	NAND	5483
N6251	P2_U4826	NAND	5484
N6252	P2_U4827	NAND	5485
N6253	P2_U4828	NAND	5486
N6254	P2_U4829	NAND	5487
N6255	P2_U4830	NAND	5488
N6256	P2_U4831	NAND	5489
N6257	P2_U4832	NAND	5490
N6258	P2_U4833	NAND	5491
N6259	P2_U4834	NAND	5492
N6260	P2_U4835	NAND	5493
N6261	P2_U4836	NAND	5494
N6262	P2_U4837	NAND	5495
N6263	P2_U4838	NAND	5496
N6264	P2_U4839	NAND	5497
N6265	P2_U4840	NAND	5498
N6266	P2_U4841	NAND	5499
N6267	P2_U4842	NAND	5500
N6268	P2_U4843	NAND	5501
N6269	P2_U4844	NAND	5502
N6270	P2_U4845	NAND	5503
N6271	P2_U4846	NAND	5504
N6272	P2_U4847	NAND	5505
N6273	P2_U4848	NAND	5506
N6274	P2_U4849	NAND	5507
N6275	P2_U4850	NAND	5508
N6276	P2_U4851	NAND	5509
N6277	P2_U4852	NAND	5510
N6278	P2_U4853	NAND	5511
N6279	P2_U4854	NAND	5512
N6280	P2_U4855	NAND	5513
N6281	P2_U4856	NAND	5514
N6282	P2_U4857	NAND	5515
N6283	P2_U4858	NAND	5516
N6284	P2_U4859	NAND	5517
N6285	P2_U4860	NAND	5518
N6286	P2_U4861	NAND	5519
N6287	P2_U4862	NAND	5520
N6288	P2_U4863	NOT	5521
N6289	P2_U4864	NAND	5522
N6290	P2_U4865	NAND	5523
N6291	P2_U4866	NAND	5524
N6292	P2_U4867	NAND	5525
N6293	P2_U4868	NAND	5526
N6294	P2_U4869	NAND	5527
N6295	P2_U4870	NAND	5528
N6296	P2_U4871	NAND	5529
N6297	P2_U4872	NAND	5530
N6298	P2_U4873	NAND	5531
N6299	P2_U4874	NAND	5532
N6300	P2_U4875	NAND	5533
N6301	P2_U4876	NAND	5534
N6302	P2_U4877	NAND	5535
N6303	P2_U4878	NAND	5536
N6304	P2_U4879	NAND	5537
N6305	P2_U4880	NAND	5538
N6306	P2_U4881	NAND	5539
N6307	P2_U4882	NAND	5540
N6308	P2_U4883	NAND	5541
N6309	P2_U4884	NAND	5542
N6310	P2_U4885	NAND	5543
N6311	P2_U4886	NAND	5544
N6312	P2_U4887	NAND	5545
N6313	P2_U4888	NAND	5546
N6314	P2_U4889	NAND	5547
N6315	P2_U4890	NAND	5548
N6316	P2_U4891	NAND	5549
N6317	P2_U4892	NAND	5550
N6318	P2_U4893	NAND	5551
N6319	P2_U4894	NAND	5552
N6320	P2_U4895	NAND	5553
N6321	P2_U4896	NAND	5554
N6322	P2_U4897	NAND	5555
N6323	P2_U4898	NAND	5556
N6324	P2_U4899	NAND	5557
N6325	P2_U4900	NAND	5558
N6326	P2_U4901	NAND	5559
N6327	P2_U4902	NAND	5560
N6328	P2_U4903	NAND	5561
N6329	P2_U4904	NAND	5562
N6330	P2_U4905	NAND	5563
N6331	P2_U4906	NAND	5564
N6332	P2_U4907	NAND	5565
N6333	P2_U4908	NAND	5566
N6334	P2_U4909	NAND	5567
N6335	P2_U4910	NAND	5568
N6336	P2_U4911	NAND	5569
N6337	P2_U4912	NAND	5570
N6338	P2_U4913	NAND	5571
N6339	P2_U4914	NAND	5572
N6340	P2_U4915	NAND	5573
N6341	P2_U4916	NAND	5574
N6342	P2_U4917	NAND	5575
N6343	P2_U4918	NAND	5576
N6344	P2_U4919	NAND	5577
N6345	P2_U4920	NAND	5578
N6346	P2_U4921	NAND	5579
N6347	P2_U4922	NAND	5580
N6348	P2_U4923	NAND	5581
N6349	P2_U4924	NAND	5582
N6350	P2_U4925	NAND	5583
N6351	P2_U4926	NAND	5584
N6352	P2_U4927	NAND	5585
N6353	P2_U4928	NAND	5586
N6354	P2_U4929	NAND	5587
N6355	P2_U4930	NAND	5588
N6356	P2_U4931	NAND	5589
N6357	P2_U4932	NAND	5590
N6358	P2_U4933	NAND	5591
N6359	P2_U4934	NAND	5592
N6360	P2_U4935	NAND	5593
N6361	P2_U4936	NAND	5594
N6362	P2_U4937	NAND	5595
N6363	P2_U4938	NAND	5596
N6364	P2_U4939	NAND	5597
N6365	P2_U4940	NAND	5598
N6366	P2_U4941	NAND	5599
N6367	P2_U4942	NAND	5600
N6368	P2_U4943	NAND	5601
N6369	P2_U4944	NAND	5602
N6370	P2_U4945	NAND	5603
N6371	P2_U4946	NAND	5604
N6372	P2_U4947	NAND	5605
N6373	P2_U4948	NAND	5606
N6374	P2_U4949	NAND	5607
N6375	P2_U4950	NAND	5608
N6376	P2_U4951	NAND	5609
N6377	P2_U4952	NAND	5610
N6378	P2_U4953	NAND	5611
N6379	P2_U4954	NAND	5612
N6380	P2_U4955	NAND	5613
N6381	P2_U4956	NAND	5614
N6382	P2_U4957	NAND	5615
N6383	P2_U4958	NAND	5616
N6384	P2_U4959	NAND	5617
N6385	P2_U4960	NAND	5618
N6386	P2_U4961	NAND	5619
N6387	P2_U4962	NAND	5620
N6388	P2_U4963	NAND	5621
N6389	P2_U4964	NAND	5622
N6390	P2_U4965	NAND	5623
N6391	P2_U4966	NAND	5624
N6392	P2_U4967	NAND	5625
N6393	P2_U4968	NAND	5626
N6394	P2_U4969	NAND	5627
N6395	P2_U4970	NAND	5628
N6396	P2_U4971	NAND	5629
N6397	P2_U4972	NAND	5630
N6398	P2_U4973	NAND	5631
N6399	P2_U4974	NAND	5632
N6400	P2_U4975	NAND	5633
N6401	P2_U4976	NAND	5634
N6402	P2_U4977	NAND	5635
N6403	P2_U4978	NAND	5636
N6404	P2_U4979	NAND	5637
N6405	P2_U4980	NAND	5638
N6406	P2_U4981	NAND	5639
N6407	P2_U4982	NAND	5640
N6408	P2_U4983	NAND	5641
N6409	P2_U4984	NAND	5642
N6410	P2_U4985	NAND	5643
N6411	P2_U4986	NAND	5644
N6412	P2_U4987	NAND	5645
N6413	P2_U4988	NAND	5646
N6414	P2_U4989	NAND	5647
N6415	P2_U4990	NAND	5648
N6416	P2_U4991	NAND	5649
N6417	P2_U4992	NAND	5650
N6418	P2_U4993	NAND	5651
N6419	P2_U4994	NAND	5652
N6420	P2_U4995	NAND	5653
N6421	P2_U4996	NAND	5654
N6422	P2_U4997	NAND	5655
N6423	P2_U4998	NAND	5656
N6424	P2_U4999	NAND	5657
N6425	P2_U5000	NAND	5658
N6426	P2_U5001	NAND	5659
N6427	P2_U5002	NAND	5660
N6428	P2_U5003	NAND	5661
N6429	P2_U5004	NAND	5662
N6430	P2_U5005	NAND	5663
N6431	P2_U5006	NAND	5664
N6432	P2_U5007	NAND	5665
N6433	P2_U5008	NAND	5666
N6434	P2_U5009	NAND	5667
N6435	P2_U5010	NAND	5668
N6436	P2_U5011	NAND	5669
N6437	P2_U5012	NAND	5670
N6438	P2_U5013	NAND	5671
N6439	P2_U5014	NAND	5672
N6440	P2_U5015	NAND	5673
N6441	P2_U5016	NAND	5674
N6442	P2_U5017	NAND	5675
N6443	P2_U5018	NAND	5676
N6444	P2_U5019	NAND	5677
N6445	P2_U5020	NAND	5678
N6446	P2_U5021	NAND	5679
N6447	P2_U5022	NAND	5680
N6448	P2_U5023	NAND	5681
N6449	P2_U5024	NAND	5682
N6450	P2_U5025	NAND	5683
N6451	P2_U5026	NAND	5684
N6452	P2_U5027	NAND	5685
N6453	P2_U5028	NAND	5686
N6454	P2_U5029	NAND	5687
N6455	P2_U5030	NAND	5688
N6456	P2_U5031	NAND	5689
N6457	P2_U5032	NAND	5690
N6458	P2_U5033	NAND	5691
N6459	P2_U5034	NAND	5692
N6460	P2_U5035	NAND	5693
N6461	P2_U5036	NAND	5694
N6462	P2_U5037	NAND	5695
N6463	P2_U5038	NAND	5696
N6464	P2_U5039	NAND	5697
N6465	P2_U5040	NAND	5698
N6466	P2_U5041	NAND	5699
N6467	P2_U5042	NAND	5700
N6468	P2_U5043	NAND	5701
N6469	P2_U5044	NAND	5702
N6470	P2_U5045	NAND	5703
N6471	P2_U5046	NAND	5704
N6472	P2_U5047	NAND	5705
N6473	P2_U5048	NAND	5706
N6474	P2_U5049	NAND	5707
N6475	P2_U5050	NAND	5708
N6476	P2_U5051	NAND	5709
N6477	P2_U5052	NAND	5710
N6478	P2_U5053	NAND	5711
N6479	P2_U5054	NAND	5712
N6480	P2_U5055	NAND	5713
N6481	P2_U5056	NAND	5714
N6482	P2_U5057	NAND	5715
N6483	P2_U5058	NAND	5716
N6484	P2_U5059	NAND	5717
N6485	P2_U5060	NAND	5718
N6486	P2_U5061	NAND	5719
N6487	P2_U5062	NAND	5720
N6488	P2_U5063	NAND	5721
N6489	P2_U5064	NAND	5722
N6490	P2_U5065	NAND	5723
N6491	P2_U5066	NAND	5724
N6492	P2_U5067	NAND	5725
N6493	P2_U5068	NAND	5726
N6494	P2_U5069	NAND	5727
N6495	P2_U5070	NAND	5728
N6496	P2_U5071	NAND	5729
N6497	P2_U5072	NAND	5730
N6498	P2_U5073	NAND	5731
N6499	P2_U5074	NAND	5732
N6500	P2_U5075	NAND	5733
N6501	P2_U5076	NAND	5734
N6502	P2_U5077	NAND	5735
N6503	P2_U5078	NAND	5736
N6504	P2_U5079	NAND	5737
N6505	P2_U5080	NAND	5738
N6506	P2_U5081	NAND	5739
N6507	P2_U5082	NAND	5740
N6508	P2_U5083	NAND	5741
N6509	P2_U5084	NAND	5742
N6510	P2_U5085	NAND	5743
N6511	P2_U5086	NAND	5744
N6512	P2_U5087	NAND	5745
N6513	P2_U5088	NAND	5746
N6514	P2_U5089	NAND	5747
N6515	P2_U5090	NAND	5748
N6516	P2_U5091	NAND	5749
N6517	P2_U5092	NAND	5750
N6518	P2_U5093	NAND	5751
N6519	P2_U5094	NAND	5752
N6520	P2_U5095	NAND	5753
N6521	P2_U5096	NAND	5754
N6522	P2_U5097	NAND	5755
N6523	P2_U5098	NAND	5756
N6524	P2_U5099	NAND	5757
N6525	P2_U5100	NAND	5758
N6526	P2_U5101	NAND	5759
N6527	P2_U5102	NAND	5760
N6528	P2_U5103	NAND	5761
N6529	P2_U5104	NAND	5762
N6530	P2_U5105	NAND	5763
N6531	P2_U5106	NAND	5764
N6532	P2_U5107	NAND	5765
N6533	P2_U5108	NAND	5766
N6534	P2_U5109	NAND	5767
N6535	P2_U5110	NAND	5768
N6536	P2_U5111	NAND	5769
N6537	P2_U5112	NAND	5770
N6538	P2_U5113	NAND	5771
N6539	P2_U5114	NAND	5772
N6540	P2_U5115	NAND	5773
N6541	P2_U5116	NAND	5774
N6542	P2_U5117	NAND	5775
N6543	P2_U5118	NAND	5776
N6544	P2_U5119	NAND	5777
N6545	P2_U5120	NAND	5778
N6546	P2_U5121	NAND	5779
N6547	P2_U5122	NAND	5780
N6548	P2_U5123	NAND	5781
N6549	P2_U5124	NAND	5782
N6550	P2_U5125	NAND	5783
N6551	P2_U5126	NAND	5784
N6552	P2_U5127	NAND	5785
N6553	P2_U5128	NAND	5786
N6554	P2_U5129	NAND	5787
N6555	P2_U5130	NAND	5788
N6556	P2_U5131	NAND	5789
N6557	P2_U5132	NAND	5790
N6558	P2_U5133	NAND	5791
N6559	P2_U5134	NAND	5792
N6560	P2_U5135	NAND	5793
N6561	P2_U5136	NAND	5794
N6562	P2_U5137	NAND	5795
N6563	P2_U5138	NAND	5796
N6564	P2_U5139	NAND	5797
N6565	P2_U5140	NAND	5798
N6566	P2_U5141	NAND	5799
N6567	P2_U5142	NAND	5800
N6568	P2_U5143	NAND	5801
N6569	P2_U5144	NAND	5802
N6570	P2_U5145	NAND	5803
N6571	P2_U5146	NAND	5804
N6572	P2_U5147	NAND	5805
N6573	P2_U5148	NAND	5806
N6574	P2_U5149	NAND	5807
N6575	P2_U5150	NAND	5808
N6576	P2_U5151	NAND	5809
N6577	P2_U5152	NAND	5810
N6578	P2_U5153	NAND	5811
N6579	P2_U5154	NAND	5812
N6580	P2_U5155	NAND	5813
N6581	P2_U5156	NOT	5814
N6582	P2_U5157	NAND	5815
N6583	P2_U5158	NAND	5816
N6584	P2_U5159	NAND	5817
N6585	P2_U5160	NAND	5818
N6586	P2_U5161	NAND	5819
N6587	P2_U5162	NAND	5820
N6588	P2_U5163	NAND	5821
N6589	P2_U5164	NAND	5822
N6590	P2_U5165	NAND	5823
N6591	P2_U5166	NAND	5824
N6592	P2_U5167	NAND	5825
N6593	P2_U5168	NOT	5826
N6594	P2_U5169	NAND	5827
N6595	P2_U5170	NAND	5828
N6596	P2_U5171	NAND	5829
N6597	P2_U5172	NAND	5830
N6598	P2_U5173	NOT	5831
N6599	P2_U5174	NAND	5832
N6600	P2_U5175	NAND	5833
N6601	P2_U5176	NAND	5834
N6602	P2_U5177	NAND	5835
N6603	P2_U5178	NAND	5836
N6604	P2_U5179	NAND	5837
N6605	P2_U5180	NAND	5838
N6606	P2_U5181	NAND	5839
N6607	P2_U5182	NAND	5840
N6608	P2_U5183	NAND	5841
N6609	P2_U5184	NAND	5842
N6610	P2_U5185	NAND	5843
N6611	P2_U5186	NAND	5844
N6612	P2_U5187	NAND	5845
N6613	P2_U5188	NAND	5846
N6614	P2_U5189	NAND	5847
N6615	P2_U5190	NAND	5848
N6616	P2_U5191	NAND	5849
N6617	P2_U5192	NAND	5850
N6618	P2_U5193	NAND	5851
N6619	P2_U5194	NAND	5852
N6620	P2_U5195	NAND	5853
N6621	P2_U5196	NAND	5854
N6622	P2_U5197	NAND	5855
N6623	P2_U5198	NAND	5856
N6624	P2_U5199	NAND	5857
N6625	P2_U5200	NAND	5858
N6626	P2_U5201	NAND	5859
N6627	P2_U5202	NAND	5860
N6628	P2_U5203	NAND	5861
N6629	P2_U5204	NAND	5862
N6630	P2_U5205	NAND	5863
N6631	P2_U5206	NAND	5864
N6632	P2_U5207	NAND	5865
N6633	P2_U5208	NAND	5866
N6634	P2_U5209	NAND	5867
N6635	P2_U5210	NAND	5868
N6636	P2_U5211	NAND	5869
N6637	P2_U5212	NAND	5870
N6638	P2_U5213	NAND	5871
N6639	P2_U5214	NAND	5872
N6640	P2_U5215	NAND	5873
N6641	P2_U5216	NAND	5874
N6642	P2_U5217	NAND	5875
N6643	P2_U5218	NAND	5876
N6644	P2_U5219	NAND	5877
N6645	P2_U5220	NAND	5878
N6646	P2_U5221	NAND	5879
N6647	P2_U5222	NAND	5880
N6648	P2_U5223	NAND	5881
N6649	P2_U5224	NAND	5882
N6650	P2_U5225	NAND	5883
N6651	P2_U5226	NAND	5884
N6652	P2_U5227	NAND	5885
N6653	P2_U5228	NAND	5886
N6654	P2_U5229	NAND	5887
N6655	P2_U5230	NAND	5888
N6656	P2_U5231	NAND	5889
N6657	P2_U5232	NAND	5890
N6658	P2_U5233	NAND	5891
N6659	P2_U5234	NAND	5892
N6660	P2_U5235	NAND	5893
N6661	P2_U5236	NAND	5894
N6662	P2_U5237	NAND	5895
N6663	P2_U5238	NAND	5896
N6664	P2_U5239	NAND	5897
N6665	P2_U5240	NAND	5898
N6666	P2_U5241	NAND	5899
N6667	P2_U5242	NAND	5900
N6668	P2_U5243	NAND	5901
N6669	P2_U5244	NAND	5902
N6670	P2_U5245	NAND	5903
N6671	P2_U5246	NAND	5904
N6672	P2_U5247	NAND	5905
N6673	P2_U5248	NAND	5906
N6674	P2_U5249	NAND	5907
N6675	P2_U5250	NAND	5908
N6676	P2_U5251	NAND	5909
N6677	P2_U5252	NAND	5910
N6678	P2_U5253	NAND	5911
N6679	P2_U5254	NAND	5912
N6680	P2_U5255	NAND	5913
N6681	P2_U5256	NAND	5914
N6682	P2_U5257	NAND	5915
N6683	P2_U5258	NAND	5916
N6684	P2_U5259	NAND	5917
N6685	P2_U5260	NAND	5918
N6686	P2_U5261	NAND	5919
N6687	P2_U5262	NAND	5920
N6688	P2_U5263	NAND	5921
N6689	P2_U5264	NAND	5922
N6690	P2_U5265	NAND	5923
N6691	P2_U5266	NAND	5924
N6692	P2_U5267	NAND	5925
N6693	P2_U5268	NAND	5926
N6694	P2_U5269	NAND	5927
N6695	P2_U5270	NAND	5928
N6696	P2_U5271	NAND	5929
N6697	P2_U5272	NAND	5930
N6698	P2_U5273	NAND	5931
N6699	P2_U5274	NAND	5932
N6700	P2_U5275	NAND	5933
N6701	P2_U5276	NAND	5934
N6702	P2_U5277	NAND	5935
N6703	P2_U5278	NAND	5936
N6704	P2_U5279	NAND	5937
N6705	P2_U5280	NAND	5938
N6706	P2_U5281	NAND	5939
N6707	P2_U5282	NAND	5940
N6708	P2_U5283	NAND	5941
N6709	P2_U5284	NAND	5942
N6710	P2_U5285	NAND	5943
N6711	P2_U5286	NAND	5944
N6712	P2_U5287	NAND	5945
N6713	P2_U5288	NAND	5946
N6714	P2_U5289	NAND	5947
N6715	P2_U5290	NAND	5948
N6716	P2_U5291	NAND	5949
N6717	P2_U5292	NAND	5950
N6718	P2_U5293	NAND	5951
N6719	P2_U5294	NAND	5952
N6720	P2_U5295	NAND	5953
N6721	P2_U5296	NAND	5954
N6722	P2_U5297	NAND	5955
N6723	P2_U5298	NAND	5956
N6724	P2_U5299	NAND	5957
N6725	P2_U5300	NAND	5958
N6726	P2_U5301	NAND	5959
N6727	P2_U5302	NAND	5960
N6728	P2_U5303	NAND	5961
N6729	P2_U5304	NAND	5962
N6730	P2_U5305	NAND	5963
N6731	P2_U5306	NAND	5964
N6732	P2_U5307	NAND	5965
N6733	P2_U5308	NAND	5966
N6734	P2_U5309	NAND	5967
N6735	P2_U5310	NAND	5968
N6736	P2_U5311	NAND	5969
N6737	P2_U5312	NAND	5970
N6738	P2_U5313	NAND	5971
N6739	P2_U5314	NAND	5972
N6740	P2_U5315	NAND	5973
N6741	P2_U5316	NAND	5974
N6742	P2_U5317	NAND	5975
N6743	P2_U5318	NAND	5976
N6744	P2_U5319	NAND	5977
N6745	P2_U5320	NAND	5978
N6746	P2_U5321	NAND	5979
N6747	P2_U5322	NAND	5980
N6748	P2_U5323	NAND	5981
N6749	P2_U5324	NAND	5982
N6750	P2_U5325	NAND	5983
N6751	P2_U5326	NAND	5984
N6752	P2_U5327	NAND	5985
N6753	P2_U5328	NAND	5986
N6754	P2_U5329	NAND	5987
N6755	P2_U5330	NAND	5988
N6756	P2_U5331	NAND	5989
N6757	P2_U5332	NAND	5990
N6758	P2_U5333	NAND	5991
N6759	P2_U5334	NAND	5992
N6760	P2_U5335	NAND	5993
N6761	P2_U5336	NAND	5994
N6762	P2_U5337	NAND	5995
N6763	P2_U5338	NAND	5996
N6764	P2_U5339	NAND	5997
N6765	P2_U5340	NAND	5998
N6766	P2_U5341	NAND	5999
N6767	P2_U5342	NAND	6000
N6768	P2_U5343	NAND	6001
N6769	P2_U5344	NAND	6002
N6770	P2_U5345	NAND	6003
N6771	P2_U5346	NAND	6004
N6772	P2_U5347	NAND	6005
N6773	P2_U5348	NAND	6006
N6774	P2_U5349	NAND	6007
N6775	P2_U5350	NAND	6008
N6776	P2_U5351	NAND	6009
N6777	P2_U5352	NAND	6010
N6778	P2_U5353	NAND	6011
N6779	P2_U5354	NAND	6012
N6780	P2_U5355	NAND	6013
N6781	P2_U5356	NAND	6014
N6782	P2_U5357	NAND	6015
N6783	P2_U5358	NAND	6016
N6784	P2_U5359	NAND	6017
N6785	P2_U5360	NAND	6018
N6786	P2_U5361	NAND	6019
N6787	P2_U5362	NAND	6020
N6788	P2_U5363	NAND	6021
N6789	P2_U5364	NAND	6022
N6790	P2_U5365	NAND	6023
N6791	P2_U5366	NAND	6024
N6792	P2_U5367	NAND	6025
N6793	P2_U5368	NAND	6026
N6794	P2_U5369	NAND	6027
N6795	P2_U5370	NAND	6028
N6796	P2_U5371	NAND	6029
N6797	P2_U5372	NAND	6030
N6798	P2_U5373	NAND	6031
N6799	P2_U5374	NAND	6032
N6800	P2_U5375	NAND	6033
N6801	P2_U5376	NAND	6034
N6802	P2_U5377	NAND	6035
N6803	P2_U5378	NAND	6036
N6804	P2_U5379	NAND	6037
N6805	P2_U5380	NAND	6038
N6806	P2_U5381	NAND	6039
N6807	P2_U5382	NAND	6040
N6808	P2_U5383	NAND	6041
N6809	P2_U5384	NAND	6042
N6810	P2_U5385	NAND	6043
N6811	P2_U5386	NAND	6044
N6812	P2_U5387	NAND	6045
N6813	P2_U5388	NAND	6046
N6814	P2_U5389	NAND	6047
N6815	P2_U5390	NAND	6048
N6816	P2_U5391	NAND	6049
N6817	P2_U5392	NAND	6050
N6818	P2_U5393	NAND	6051
N6819	P2_U5394	NAND	6052
N6820	P2_U5395	NAND	6053
N6821	P2_U5396	NAND	6054
N6822	P2_U5397	NAND	6055
N6823	P2_U5398	NAND	6056
N6824	P2_U5399	NAND	6057
N6825	P2_U5400	NAND	6058
N6826	P2_U5401	NAND	6059
N6827	P2_U5402	NAND	6060
N6828	P2_U5403	NAND	6061
N6829	P2_U5404	NAND	6062
N6830	P2_U5405	NAND	6063
N6831	P2_U5406	NAND	6064
N6832	P2_U5407	NAND	6065
N6833	P2_U5408	NAND	6066
N6834	P2_U5409	NAND	6067
N6835	P2_U5410	NAND	6068
N6836	P2_U5411	NAND	6069
N6837	P2_U5412	NAND	6070
N6838	P2_U5413	NAND	6071
N6839	P2_U5414	NAND	6072
N6840	P2_U5415	NAND	6073
N6841	P2_U5416	NAND	6074
N6842	P2_U5417	NAND	6075
N6843	P2_U5418	NAND	6076
N6844	P2_U5419	NAND	6077
N6845	P2_U5420	NAND	6078
N6846	P2_U5421	NAND	6079
N6847	P2_U5422	NAND	6080
N6848	P2_U5423	NAND	6081
N6849	P2_U5424	NAND	6082
N6850	P2_U5425	NAND	6083
N6851	P2_U5426	NAND	6084
N6852	P2_U5427	NAND	6085
N6853	P2_U5428	NAND	6086
N6854	P2_U5429	NAND	6087
N6855	P2_U5430	NAND	6088
N6856	P2_U5431	NAND	6089
N6857	P2_U5432	NAND	6090
N6858	P2_U5433	NAND	6091
N6859	P2_U5434	NAND	6092
N6860	P2_U5435	NAND	6093
N6861	P2_U5436	NAND	6094
N6862	P2_U5437	NAND	6095
N6863	P2_U5438	NOT	6096
N6864	P2_U5439	NAND	6097
N6865	P2_U5440	NAND	6098
N6866	P2_U5441	NAND	6099
N6867	P2_U5442	NAND	6100
N6868	P2_U5443	NAND	6101
N6869	P2_U5444	NAND	6102
N6870	P2_U5445	NAND	6103
N6871	P2_U5446	NAND	6104
N6872	P2_U5447	NAND	6105
N6873	P2_U5448	NAND	6106
N6874	P2_U5449	NAND	6107
N6875	P2_U5450	NAND	6108
N6876	P2_U5451	NAND	6109
N6877	P2_U5452	NAND	6110
N6878	P2_U5453	NAND	6111
N6879	P2_U5454	NAND	6112
N6880	P2_U5455	NAND	6113
N6881	P2_U5456	NAND	6114
N6882	P2_U5457	NAND	6115
N6883	P2_U5458	NAND	6116
N6884	P2_U5459	NAND	6117
N6885	P2_U5460	NAND	6118
N6886	P2_U5461	NAND	6119
N6887	P2_U5462	NAND	6120
N6888	P2_U5463	NAND	6121
N6889	P2_U5464	NAND	6122
N6890	P2_U5465	NAND	6123
N6891	P2_U5466	NAND	6124
N6892	P2_U5467	NAND	6125
N6893	P2_U5468	NAND	6126
N6894	P2_U5469	NAND	6127
N6895	P2_U5470	NAND	6128
N6896	P2_U5471	NAND	6129
N6897	P2_U5472	NAND	6130
N6898	P2_U5473	NAND	6131
N6899	P2_U5474	NAND	6132
N6900	P2_U5475	NAND	6133
N6901	P2_U5476	NAND	6134
N6902	P2_U5477	NAND	6135
N6903	P2_U5478	NAND	6136
N6904	P2_U5479	NAND	6137
N6905	P2_U5480	NAND	6138
N6906	P2_U5481	NAND	6139
N6907	P2_U5482	NAND	6140
N6908	P2_U5483	NAND	6141
N6909	P2_U5484	NAND	6142
N6910	P2_U5485	NAND	6143
N6911	P2_U5486	NAND	6144
N6912	P2_U5487	NAND	6145
N6913	P2_U5488	NAND	6146
N6914	P2_U5489	NAND	6147
N6915	P2_U5490	NAND	6148
N6916	P2_U5491	NAND	6149
N6917	P2_U5492	NAND	6150
N6918	P2_U5493	NAND	6151
N6919	P2_U5494	NAND	6152
N6920	P2_U5495	NAND	6153
N6921	P2_U5496	NAND	6154
N6922	P2_U5497	NAND	6155
N6923	P2_U5498	NAND	6156
N6924	P2_U5499	NAND	6157
N6925	P2_U5500	NAND	6158
N6926	P2_U5501	NAND	6159
N6927	P2_U5502	NAND	6160
N6928	P2_U5503	NAND	6161
N6929	P2_U5504	NAND	6162
N6930	P2_U5505	NAND	6163
N6931	P2_U5506	NAND	6164
N6932	P2_U5507	NAND	6165
N6933	P2_U5508	NAND	6166
N6934	P2_U5509	NAND	6167
N6935	P2_U5510	NAND	6168
N6936	P2_U5511	NAND	6169
N6937	P2_U5512	NAND	6170
N6938	P2_U5513	NAND	6171
N6939	P2_U5514	NAND	6172
N6940	P2_U5515	NAND	6173
N6941	P2_U5516	NAND	6174
N6942	P2_U5517	NAND	6175
N6943	P2_U5518	NAND	6176
N6944	P2_U5519	NAND	6177
N6945	P2_U5520	NAND	6178
N6946	P2_U5521	NAND	6179
N6947	P2_U5522	NAND	6180
N6948	P2_U5523	NAND	6181
N6949	P2_U5524	NAND	6182
N6950	P2_U5525	NAND	6183
N6951	P2_U5526	NAND	6184
N6952	P2_U5527	NAND	6185
N6953	P2_U5528	NAND	6186
N6954	P2_U5529	NAND	6187
N6955	P2_U5530	NAND	6188
N6956	P2_U5531	NAND	6189
N6957	P2_U5532	NAND	6190
N6958	P2_U5533	NAND	6191
N6959	P2_U5534	NAND	6192
N6960	P2_U5535	NAND	6193
N6961	P2_U5536	NAND	6194
N6962	P2_U5537	NAND	6195
N6963	P2_U5538	NAND	6196
N6964	P2_U5539	NAND	6197
N6965	P2_U5540	NAND	6198
N6966	P2_U5541	NAND	6199
N6967	P2_U5542	NAND	6200
N6968	P2_U5543	NAND	6201
N6969	P2_U5544	NAND	6202
N6970	P2_U5545	NAND	6203
N6971	P2_U5546	NAND	6204
N6972	P2_U5547	NAND	6205
N6973	P2_U5548	NAND	6206
N6974	P2_U5549	NAND	6207
N6975	P2_U5550	NAND	6208
N6976	P2_U5551	NAND	6209
N6977	P2_U5552	NAND	6210
N6978	P2_U5553	NAND	6211
N6979	P2_U5554	NAND	6212
N6980	P2_U5555	NAND	6213
N6981	P2_U5556	NAND	6214
N6982	P2_U5557	NAND	6215
N6983	P2_U5558	NAND	6216
N6984	P2_U5559	NAND	6217
N6985	P2_U5560	NAND	6218
N6986	P2_U5561	NAND	6219
N6987	P2_U5562	NAND	6220
N6988	P2_U5563	NAND	6221
N6989	P2_U5564	NAND	6222
N6990	P2_U5565	NAND	6223
N6991	P2_U5566	NAND	6224
N6992	P2_U5567	NAND	6225
N6993	P2_U5568	NAND	6226
N6994	P2_U5569	NAND	6227
N6995	P2_U5570	NAND	6228
N6996	P2_U5571	NAND	6229
N6997	P2_U5572	NAND	6230
N6998	P2_U5573	NAND	6231
N6999	P2_U5574	NAND	6232
N7000	P2_U5575	NAND	6233
N7001	P2_U5576	NAND	6234
N7002	P2_U5577	NAND	6235
N7003	P2_U5578	NAND	6236
N7004	P2_U5579	NAND	6237
N7005	P2_U5580	NAND	6238
N7006	P2_U5581	NAND	6239
N7007	P2_U5582	NAND	6240
N7008	P2_U5583	NAND	6241
N7009	P2_U5584	NAND	6242
N7010	P2_U5585	NAND	6243
N7011	P2_U5586	NAND	6244
N7012	P2_U5587	NAND	6245
N7013	P2_U5588	NAND	6246
N7014	P2_U5589	NAND	6247
N7015	P2_U5590	NAND	6248
N7016	P2_U5591	NAND	6249
N7017	P2_U5592	NAND	6250
N7018	P2_U5593	NAND	6251
N7019	P2_U5594	NAND	6252
N7020	P2_U5595	NAND	6253
N7021	P2_U5596	NAND	6254
N7022	P2_U5597	NAND	6255
N7023	P2_U5598	NAND	6256
N7024	P2_U5599	NAND	6257
N7025	P2_U5600	NAND	6258
N7026	P2_U5601	NAND	6259
N7027	P2_U5602	NAND	6260
N7028	P2_U5603	NAND	6261
N7029	P2_U5604	NAND	6262
N7030	P2_U5605	NAND	6263
N7031	P2_U5606	NAND	6264
N7032	P2_U5607	NAND	6265
N7033	P2_U5608	NAND	6266
N7034	P2_U5609	NAND	6267
N7035	P2_U5610	NAND	6268
N7036	P2_U5611	NAND	6269
N7037	P2_U5612	NAND	6270
N7038	P2_U5613	NAND	6271
N7039	P2_U5614	NAND	6272
N7040	P2_U5615	NAND	6273
N7041	P2_U5616	NAND	6274
N7042	P2_U5617	NAND	6275
N7043	P2_U5618	NAND	6276
N7044	P2_U5619	NAND	6277
N7045	P2_U5620	NAND	6278
N7046	P2_U5621	NAND	6279
N7047	P2_U5622	NAND	6280
N7048	P2_U5623	NAND	6281
N7049	P2_U5624	NAND	6282
N7050	P2_U5625	NAND	6283
N7051	P2_U5626	NAND	6284
N7052	P2_U5627	NAND	6285
N7053	P2_U5628	NAND	6286
N7054	P2_U5629	NAND	6287
N7055	P2_U5630	NAND	6288
N7056	P2_U5631	NAND	6289
N7057	P2_U5632	NAND	6290
N7058	P2_U5633	NAND	6291
N7059	P2_U5634	NAND	6292
N7060	P2_U5635	NAND	6293
N7061	P2_U5636	NAND	6294
N7062	P2_U5637	NAND	6295
N7063	P2_U5638	NAND	6296
N7064	P2_U5639	NAND	6297
N7065	P2_U5640	NAND	6298
N7066	P2_U5641	NAND	6299
N7067	P2_U5642	NAND	6300
N7068	P2_U5643	NAND	6301
N7069	P2_U5644	NAND	6302
N7070	P2_U5645	NAND	6303
N7071	P2_U5646	NOT	6304
N7072	P2_U5647	NAND	6305
N7073	P2_U5648	NAND	6306
N7074	P2_U5649	NOT	6307
N7075	P2_U5650	NAND	6308
N7076	P2_U5651	NAND	6309
N7077	P2_U5652	NOT	6310
N7078	P2_U5653	NAND	6311
N7079	P2_U5654	NAND	6312
N7080	P2_U5655	NAND	6313
N7081	P2_U5656	NAND	6314
N7082	P2_U5657	NAND	6315
N7083	P2_U5658	NOT	6316
N7084	P2_U5659	NAND	6317
N7085	P2_U5660	NAND	6318
N7086	P2_U5661	NAND	6319
N7087	P2_U5662	NAND	6320
N7088	P2_U5663	NAND	6321
N7089	P2_U5664	NAND	6322
N7090	P2_U5665	NOT	6323
N7091	P2_U5666	NAND	6324
N7092	P2_U5667	NAND	6325
N7093	P2_U5668	NOT	6326
N7094	P2_U5669	NAND	6327
N7095	P2_U5670	NAND	6328
N7096	P2_U5671	NOT	6329
N7097	P2_U5672	NAND	6330
N7098	P2_U5673	NAND	6331
N7099	P2_U5674	NOT	6332
N7100	P2_U5675	NAND	6333
N7101	P2_U5676	NAND	6334
N7102	P2_U5677	NOT	6335
N7103	P2_U5678	NAND	6336
N7104	P2_U5679	NAND	6337
N7105	P2_U5680	NOT	6338
N7106	P2_U5681	NAND	6339
N7107	P2_U5682	NAND	6340
N7108	P2_U5683	NOT	6341
N7109	P2_U5684	NAND	6342
N7110	P2_U5685	NAND	6343
N7111	P2_U5686	NAND	6344
N7112	P2_U5687	NAND	6345
N7113	P2_U5688	NOT	6346
N7114	P2_U5689	NAND	6347
N7115	P2_U5690	NAND	6348
N7116	P2_U5691	NOT	6349
N7117	P2_U5692	NAND	6350
N7118	P2_U5693	NAND	6351
N7119	P2_U5694	NAND	6352
N7120	P2_U5695	NAND	6353
N7121	P2_U5696	NOT	6354
N7122	P2_U5697	NAND	6355
N7123	P2_U5698	NAND	6356
N7124	P2_U5699	NOT	6357
N7125	P2_U5700	NAND	6358
N7126	P2_U5701	NAND	6359
N7127	P2_U5702	NAND	6360
N7128	P2_U5703	NAND	6361
N7129	P2_U5704	NAND	6362
N7130	P2_U5705	NAND	6363
N7131	P2_U5706	NOT	6364
N7132	P2_U5707	NAND	6365
N7133	P2_U5708	NAND	6366
N7134	P2_U5709	NAND	6367
N7135	P2_U5710	NAND	6368
N7136	P2_U5711	NAND	6369
N7137	P2_U5712	NAND	6370
N7138	P2_U5713	NOT	6371
N7139	P2_U5714	NAND	6372
N7140	P2_U5715	NAND	6373
N7141	P2_U5716	NAND	6374
N7142	P2_U5717	NAND	6375
N7143	P2_U5718	NAND	6376
N7144	P2_U5719	NAND	6377
N7145	P2_U5720	NOT	6378
N7146	P2_U5721	NAND	6379
N7147	P2_U5722	NAND	6380
N7148	P2_U5723	NAND	6381
N7149	P2_U5724	NAND	6382
N7150	P2_U5725	NAND	6383
N7151	P2_U5726	NAND	6384
N7152	P2_U5727	NOT	6385
N7153	P2_U5728	NAND	6386
N7154	P2_U5729	NAND	6387
N7155	P2_U5730	NAND	6388
N7156	P2_U5731	NAND	6389
N7157	P2_U5732	NAND	6390
N7158	P2_U5733	NAND	6391
N7159	P2_U5734	NOT	6392
N7160	P2_U5735	NAND	6393
N7161	P2_U5736	NAND	6394
N7162	P2_U5737	NAND	6395
N7163	P2_U5738	NAND	6396
N7164	P2_U5739	NAND	6397
N7165	P2_U5740	NAND	6398
N7166	P2_U5741	NOT	6399
N7167	P2_U5742	NAND	6400
N7168	P2_U5743	NAND	6401
N7169	P2_U5744	NAND	6402
N7170	P2_U5745	NAND	6403
N7171	P2_U5746	NAND	6404
N7172	P2_U5747	NAND	6405
N7173	P2_U5748	NOT	6406
N7174	P2_U5749	NAND	6407
N7175	P2_U5750	NAND	6408
N7176	P2_U5751	NAND	6409
N7177	P2_U5752	NAND	6410
N7178	P2_U5753	NAND	6411
N7179	P2_U5754	NAND	6412
N7180	P2_U5755	NOT	6413
N7181	P2_U5756	NAND	6414
N7182	P2_U5757	NAND	6415
N7183	P2_U5758	NAND	6416
N7184	P2_U5759	NAND	6417
N7185	P2_U5760	NAND	6418
N7186	P2_U5761	NAND	6419
N7187	P2_U5762	NOT	6420
N7188	P2_U5763	NAND	6421
N7189	P2_U5764	NAND	6422
N7190	P2_U5765	NAND	6423
N7191	P2_U5766	NAND	6424
N7192	P2_U5767	NAND	6425
N7193	P2_U5768	NAND	6426
N7194	P2_U5769	NOT	6427
N7195	P2_U5770	NAND	6428
N7196	P2_U5771	NAND	6429
N7197	P2_U5772	NAND	6430
N7198	P2_U5773	NAND	6431
N7199	P2_U5774	NAND	6432
N7200	P2_U5775	NAND	6433
N7201	P2_U5776	NOT	6434
N7202	P2_U5777	NAND	6435
N7203	P2_U5778	NAND	6436
N7204	P2_U5779	NAND	6437
N7205	P2_U5780	NAND	6438
N7206	P2_U5781	NAND	6439
N7207	P2_U5782	NAND	6440
N7208	P2_U5783	NOT	6441
N7209	P2_U5784	NAND	6442
N7210	P2_U5785	NAND	6443
N7211	P2_U5786	NAND	6444
N7212	P2_U5787	NAND	6445
N7213	P2_U5788	NAND	6446
N7214	P2_U5789	NAND	6447
N7215	P2_U5790	NOT	6448
N7216	P2_U5791	NAND	6449
N7217	P2_U5792	NAND	6450
N7218	P2_U5793	NAND	6451
N7219	P2_U5794	NAND	6452
N7220	P2_U5795	NAND	6453
N7221	P2_U5796	NAND	6454
N7222	P2_U5797	NOT	6455
N7223	P2_U5798	NAND	6456
N7224	P2_U5799	NAND	6457
N7225	P2_U5800	NAND	6458
N7226	P2_U5801	NAND	6459
N7227	P2_U5802	NAND	6460
N7228	P2_U5803	NAND	6461
N7229	P2_U5804	NOT	6462
N7230	P2_U5805	NAND	6463
N7231	P2_U5806	NAND	6464
N7232	P2_U5807	NAND	6465
N7233	P2_U5808	NAND	6466
N7234	P2_U5809	NAND	6467
N7235	P2_U5810	NAND	6468
N7236	P2_U5811	NOT	6469
N7237	P2_U5812	NAND	6470
N7238	P2_U5813	NAND	6471
N7239	P2_U5814	NAND	6472
N7240	P2_U5815	NAND	6473
N7241	P2_U5816	NAND	6474
N7242	P2_U5817	NAND	6475
N7243	P2_U5818	NOT	6476
N7244	P2_U5819	NAND	6477
N7245	P2_U5820	NAND	6478
N7246	P2_U5821	NAND	6479
N7247	P2_U5822	NAND	6480
N7248	P2_U5823	NAND	6481
N7249	P2_U5824	NAND	6482
N7250	P2_U5825	NOT	6483
N7251	P2_U5826	NAND	6484
N7252	P2_U5827	NAND	6485
N7253	P2_U5828	NAND	6486
N7254	P2_U5829	NAND	6487
N7255	P2_U5830	NOT	6488
N7256	P2_U5831	NAND	6489
N7257	P2_U5832	NAND	6490
N7258	P2_U5833	NAND	6491
N7259	P2_U5834	NAND	6492
N7260	P2_U5835	NAND	6493
N7261	P2_U5836	NAND	6494
N7262	P2_U5837	NAND	6495
N7263	P2_U5838	NAND	6496
N7264	P2_U5839	NAND	6497
N7265	P2_U5840	NAND	6498
N7266	P2_U5841	NAND	6499
N7267	P2_U5842	NAND	6500
N7268	P2_U5843	NAND	6501
N7269	P2_U5844	NAND	6502
N7270	P2_U5845	NAND	6503
N7271	P2_U5846	NAND	6504
N7272	P2_U5847	NAND	6505
N7273	P2_U5848	NAND	6506
N7274	P2_U5849	NAND	6507
N7275	P2_U5850	NAND	6508
N7276	P2_U5851	NAND	6509
N7277	P2_U5852	NAND	6510
N7278	P2_U5853	NAND	6511
N7279	P2_U5854	NAND	6512
N7280	P2_U5855	NAND	6513
N7281	P2_U5856	NAND	6514
N7282	P2_U5857	NAND	6515
N7283	P2_U5858	NAND	6516
N7284	P2_U5859	NAND	6517
N7285	P2_U5860	NAND	6518
N7286	P2_U5861	NAND	6519
N7287	P2_U5862	NAND	6520
N7288	P2_U5863	NAND	6521
N7289	P2_U5864	NAND	6522
N7290	P2_U5865	NAND	6523
N7291	P2_U5866	NAND	6524
N7292	P2_U5867	NAND	6525
N7293	P2_U5868	NAND	6526
N7294	P2_U5869	NAND	6527
N7295	P2_U5870	NAND	6528
N7296	P2_U5871	NAND	6529
N7297	P2_U5872	NAND	6530
N7298	P2_U5873	NAND	6531
N7299	P2_U5874	NAND	6532
N7300	P2_U5875	NAND	6533
N7301	P2_U5876	NAND	6534
N7302	P2_U5877	NAND	6535
N7303	P2_U5878	NAND	6536
N7304	P2_U5879	NAND	6537
N7305	P2_U5880	NAND	6538
N7306	P2_U5881	NAND	6539
N7307	P2_U5882	NAND	6540
N7308	P2_U5883	NAND	6541
N7309	P2_U5884	NAND	6542
N7310	P2_U5885	NAND	6543
N7311	P2_U5886	NAND	6544
N7312	P2_U5887	NAND	6545
N7313	P2_U5888	NAND	6546
N7314	P2_U5889	NAND	6547
N7315	P2_U5890	NAND	6548
N7316	P2_U5891	NAND	6549
N7317	P2_U5892	NAND	6550
N7318	P2_U5893	NAND	6551
N7319	P2_U5894	NAND	6552
N7320	P2_U5895	NAND	6553
N7321	P2_U5896	NAND	6554
N7322	P2_U5897	NAND	6555
N7323	P2_U5898	NAND	6556
N7324	P2_U5899	NAND	6557
N7325	P2_U5900	NAND	6558
N7326	P2_U5901	NAND	6559
N7327	P2_U5902	NAND	6560
N7328	P2_U5903	NAND	6561
N7329	P2_U5904	NAND	6562
N7330	P2_U5905	NAND	6563
N7331	P2_U5906	NAND	6564
N7332	P2_U5907	NAND	6565
N7333	P2_U5908	NAND	6566
N7334	P2_U5909	NAND	6567
N7335	P2_U5910	NAND	6568
N7336	P2_U5911	NAND	6569
N7337	P2_U5912	NAND	6570
N7338	P2_U5913	NAND	6571
N7339	P2_U5914	NAND	6572
N7340	P2_U5915	NAND	6573
N7341	P2_U5916	NAND	6574
N7342	P2_U5917	NAND	6575
N7343	P2_U5918	NAND	6576
N7344	P2_U5919	NAND	6577
N7345	P2_U5920	NAND	6578
N7346	P2_U5921	NAND	6579
N7347	P2_U5922	NAND	6580
N7348	P2_U5923	NAND	6581
N7349	P2_U5924	NAND	6582
N7350	P2_U5925	NAND	6583
N7351	P2_U5926	NAND	6584
N7352	P2_U5927	NAND	6585
N7353	P2_U5928	NAND	6586
N7354	P2_U5929	NAND	6587
N7355	P2_U5930	NAND	6588
N7356	P2_U5931	NAND	6589
N7357	P2_U5932	NAND	6590
N7358	P2_U5933	NAND	6591
N7359	P2_U5934	NAND	6592
N7360	P2_U5935	NAND	6593
N7361	P2_U5936	NAND	6594
N7362	P2_U5937	NAND	6595
N7363	P2_U5938	NAND	6596
N7364	P2_U5939	NAND	6597
N7365	P2_U5940	NAND	6598
N7366	P2_U5941	NAND	6599
N7367	P2_U5942	NAND	6600
N7368	P2_U5943	NAND	6601
N7369	P2_U5944	NAND	6602
N7370	P2_U5945	NAND	6603
N7371	P2_U5946	NAND	6604
N7372	P2_U5947	NAND	6605
N7373	P2_U5948	NAND	6606
N7374	P2_U5949	NAND	6607
N7375	P2_U5950	NAND	6608
N7376	P2_U5951	NAND	6609
N7377	P2_U5952	NAND	6610
N7378	P2_U5953	NAND	6611
N7379	P2_U5954	NAND	6612
N7380	P2_U5955	NAND	6613
N7381	P2_U5956	NAND	6614
N7382	P2_U5957	NAND	6615
N7383	P2_U5958	NAND	6616
N7384	P2_U5959	NAND	6617
N7385	P2_U5960	NAND	6618
N7386	P2_U5961	NAND	6619
N7387	P2_U5962	NAND	6620
N7388	P2_U5963	NAND	6621
N7389	P2_U5964	NAND	6622
N7390	P2_U5965	NAND	6623
N7391	P2_U5966	NAND	6624
N7392	P2_U5967	NAND	6625
N7393	P2_U5968	NAND	6626
N7394	P2_U5969	NAND	6627
N7395	P2_U5970	NAND	6628
N7396	P2_U5971	NAND	6629
N7397	P2_U5972	NAND	6630
N7398	P2_U5973	NAND	6631
N7399	P2_U5974	NAND	6632
N7400	P2_U5975	NAND	6633
N7401	P2_U5976	NAND	6634
N7402	P2_U5977	NAND	6635
N7403	P2_U5978	NAND	6636
N7404	P2_U5979	NAND	6637
N7405	P2_U5980	NAND	6638
N7406	P2_U5981	NAND	6639
N7407	P2_U5982	NAND	6640
N7408	P2_U5983	NAND	6641
N7409	P2_U5984	NAND	6642
N7410	P2_U5985	NAND	6643
N7411	P2_U5986	NAND	6644
N7412	P2_U5987	NAND	6645
N7413	P2_U5988	NAND	6646
N7414	P2_U5989	NAND	6647
N7415	P2_U5990	NAND	6648
N7416	P2_U5991	NAND	6649
N7417	P2_U5992	NAND	6650
N7418	P2_U5993	NAND	6651
N7419	P2_U5994	NAND	6652
N7420	P2_U5995	NAND	6653
N7421	P2_U5996	NAND	6654
N7422	P2_U5997	NAND	6655
N7423	P2_U5998	NAND	6656
N7424	P2_U5999	NAND	6657
N7425	P2_U6000	NAND	6658
N7426	P2_U6001	NAND	6659
N7427	P2_U6002	NAND	6660
N7428	P2_U6003	NAND	6661
N7429	P2_U6004	NAND	6662
N7430	P2_U6005	NAND	6663
N7431	P2_U6006	NAND	6664
N7432	P2_U6007	NAND	6665
N7433	P2_U6008	NAND	6666
N7434	P2_U6009	NAND	6667
N7435	P2_U6010	NAND	6668
N7436	P2_U6011	NAND	6669
N7437	P2_U6012	NAND	6670
N7438	P2_U6013	NAND	6671
N7439	P2_U6014	NAND	6672
N7440	P2_U6015	NAND	6673
N7441	P2_U6016	NAND	6674
N7442	P2_U6017	NAND	6675
N7443	P2_U6018	NAND	6676
N7444	P2_U6019	NAND	6677
N7445	P2_U6020	NAND	6678
N7446	P2_U6021	NAND	6679
N7447	P2_U6022	NAND	6680
N7448	P2_U6023	NAND	6681
N7449	P2_U6024	NAND	6682
N7450	P2_U6025	NAND	6683
N7451	P2_U6026	NAND	6684
N7452	P2_U6027	NAND	6685
N7453	P2_U6028	NAND	6686
N7454	P2_U6029	NAND	6687
N7455	P2_U6030	NAND	6688
N7456	P2_U6031	NAND	6689
N7457	P2_U6032	NAND	6690
N7458	P2_U6033	NAND	6691
N7459	P2_U6034	NAND	6692
N7460	P2_U6035	NAND	6693
N7461	P2_U6036	NAND	6694
N7462	P2_U6037	NAND	6695
N7463	P2_U6038	NAND	6696
N7464	P2_U6039	NAND	6697
N7465	P2_U6040	NAND	6698
N7466	P2_U6041	NAND	6699
N7467	P2_U6042	NAND	6700
N7468	P2_U6043	NAND	6701
N7469	P2_U6044	NAND	6702
N7470	P2_U6045	NAND	6703
N7471	P2_U6046	NAND	6704
N7472	P2_U6047	NAND	6705
N7473	P2_U6048	NAND	6706
N7474	P2_U6049	NAND	6707
N7475	P2_U6050	NAND	6708
N7476	P2_U6051	NAND	6709
N7477	P2_U6052	NAND	6710
N7478	P2_U6053	NAND	6711
N7479	P2_U6054	NAND	6712
N7480	P2_U6055	NAND	6713
N7481	P2_U6056	NAND	6714
N7482	P2_U6057	NAND	6715
N7483	P2_U6058	NAND	6716
N7484	P2_U6059	NAND	6717
N7485	P2_U6060	NAND	6718
N7486	P2_U6061	NAND	6719
N7487	P2_U6062	NAND	6720
N7488	P2_U6063	NAND	6721
N7489	P2_U6064	NAND	6722
N7490	P2_U6065	NAND	6723
N7491	P2_U6066	NAND	6724
N7492	P2_U6067	NAND	6725
N7493	P2_U6068	NAND	6726
N7494	P2_U6069	NAND	6727
N7495	P2_U6070	NAND	6728
N7496	P2_U6071	NAND	6729
N7497	P2_U6072	NAND	6730
N7498	P2_U6073	NAND	6731
N7499	P2_U6074	NAND	6732
N7500	P2_U6075	NAND	6733
N7501	P2_U6076	NAND	6734
N7502	P2_U6077	NAND	6735
N7503	P2_U6078	NAND	6736
N7504	P2_U6079	NAND	6737
N7505	P2_U6080	NAND	6738
N7506	P2_U6081	NAND	6739
N7507	P2_U6082	NAND	6740
N7508	P2_U6083	NAND	6741
N7509	P2_U6084	NAND	6742
N7510	P2_U6085	NAND	6743
N7511	P2_U6086	NAND	6744
N7512	P2_U6087	NAND	6745
N7513	P2_U6088	NAND	6746
N7514	P2_U6089	NAND	6747
N7515	P2_U6090	NAND	6748
N7516	P2_U6091	NAND	6749
N7517	P2_U6092	NAND	6750
N7518	P2_U6093	NAND	6751
N7519	P2_U6094	NAND	6752
N7520	P2_U6095	NAND	6753
N7521	P2_U6096	NAND	6754
N7522	P2_U6097	NAND	6755
N7523	P2_U6098	NAND	6756
N7524	P2_U6099	NAND	6757
N7525	P2_U6100	NAND	6758
N7526	P2_U6101	NAND	6759
N7527	P2_U6102	NAND	6760
N7528	P2_U6103	NAND	6761
N7529	P2_U6104	NAND	6762
N7530	P2_U6105	NAND	6763
N7531	P2_U6106	NAND	6764
N7532	P2_U6107	NAND	6765
N7533	P2_U6108	NAND	6766
N7534	P2_U6109	NAND	6767
N7535	P2_U6110	NAND	6768
N7536	P2_U6111	NAND	6769
N7537	P2_U6112	NAND	6770
N7538	P2_U6113	NAND	6771
N7539	P2_U6114	NAND	6772
N7540	P2_U6115	NAND	6773
N7541	P2_U6116	NAND	6774
N7542	P2_U6117	NAND	6775
N7543	P2_U6118	NAND	6776
N7544	P2_U6119	NAND	6777
N7545	P2_U6120	NAND	6778
N7546	P2_U6121	NAND	6779
N7547	P2_U6122	NAND	6780
N7548	P2_U6123	NAND	6781
N7549	P2_U6124	NAND	6782
N7550	P2_U6125	NAND	6783
N7551	P2_U6126	NAND	6784
N7552	P2_U6127	NAND	6785
N7553	P2_U6128	NAND	6786
N7554	P2_U6129	NAND	6787
N7555	P2_U6130	NAND	6788
N7556	P2_U6131	NAND	6789
N7557	P2_U6132	NAND	6790
N7558	P2_U6133	NAND	6791
N7559	P2_U6134	NAND	6792
N7560	P2_U6135	NAND	6793
N7561	P2_U6136	NAND	6794
N7562	P2_U6137	NAND	6795
N7563	P2_U6138	NAND	6796
N7564	P2_U6139	NAND	6797
N7565	P2_U6140	NAND	6798
N7566	P2_U6141	NAND	6799
N7567	P2_U6142	NAND	6800
N7568	P2_U6143	NAND	6801
N7569	P2_U6144	NAND	6802
N7570	P2_U6145	NAND	6803
N7571	P2_U6146	NAND	6804
N7572	P2_U6147	NAND	6805
N7573	P2_U6148	NAND	6806
N7574	P2_U6149	NAND	6807
N7575	P2_U6150	NAND	6808
N7576	P3_U3013	AND	6809
N7577	P3_U3014	AND	6810
N7578	P3_U3015	AND	6811
N7579	P3_U3016	AND	6812
N7580	P3_U3017	AND	6813
N7581	P3_U3018	AND	6814
N7582	P3_U3019	AND	6815
N7583	P3_U3020	AND	6816
N7584	P3_U3021	AND	6817
N7585	P3_U3022	AND	6818
N7586	P3_U3023	AND	6819
N7587	P3_U3024	AND	6820
N7588	P3_U3025	AND	6821
N7589	P3_U3026	AND	6822
N7590	P3_U3027	AND	6823
N7591	P3_U3028	AND	6824
N7592	P3_U3029	AND	6825
N7593	P3_U3030	AND	6826
N7594	P3_U3031	AND	6827
N7595	P3_U3032	AND	6828
N7596	P3_U3033	AND	6829
N7597	P3_U3034	AND	6830
N7598	P3_U3035	AND	6831
N7599	P3_U3036	AND	6832
N7600	P3_U3037	AND	6833
N7601	P3_U3038	AND	6834
N7602	P3_U3039	AND	6835
N7603	P3_U3040	AND	6836
N7604	P3_U3041	AND	6837
N7605	P3_U3042	AND	6838
N7606	P3_U3043	AND	6839
N7607	P3_U3044	AND	6840
N7608	P3_U3045	AND	6841
N7609	P3_U3046	AND	6842
N7610	P3_U3047	AND	6843
N7611	P3_U3048	AND	6844
N7612	P3_U3049	AND	6845
N7613	P3_U3050	AND	6846
N7614	P3_U3051	AND	6847
N7615	P3_U3052	NAND	6848
N7616	P3_U3053	NAND	6849
N7617	P3_U3054	NAND	6850
N7618	P3_U3055	NAND	6851
N7619	P3_U3056	NAND	6852
N7620	P3_U3057	NAND	6853
N7621	P3_U3058	NAND	6854
N7622	P3_U3059	NAND	6855
N7623	P3_U3060	NAND	6856
N7624	P3_U3061	NAND	6857
N7625	P3_U3062	NAND	6858
N7626	P3_U3063	NAND	6859
N7627	P3_U3064	NAND	6860
N7628	P3_U3065	NAND	6861
N7629	P3_U3066	NAND	6862
N7630	P3_U3067	NAND	6863
N7631	P3_U3068	NAND	6864
N7632	P3_U3069	NAND	6865
N7633	P3_U3070	NAND	6866
N7634	P3_U3071	NAND	6867
N7635	P3_U3072	NAND	6868
N7636	P3_U3073	NAND	6869
N7637	P3_U3074	NAND	6870
N7638	P3_U3075	NAND	6871
N7639	P3_U3076	NAND	6872
N7640	P3_U3077	NAND	6873
N7641	P3_U3078	NAND	6874
N7642	P3_U3079	NAND	6875
N7643	P3_U3080	NAND	6876
N7644	P3_U3081	NAND	6877
N7645	P3_U3082	NAND	6878
N7646	P3_U3083	NAND	6879
N7647	P3_U3084	NAND	6880
N7648	P3_U3085	NAND	6881
N7649	P3_U3086	NAND	6882
N7650	P3_U3087	NAND	6883
N7651	P3_U3088	NAND	6884
N7652	P3_U3089	NAND	6885
N7653	P3_U3090	NAND	6886
N7654	P3_U3091	NAND	6887
N7655	P3_U3092	NAND	6888
N7656	P3_U3093	NAND	6889
N7657	P3_U3094	NAND	6890
N7658	P3_U3095	NAND	6891
N7659	P3_U3096	NAND	6892
N7660	P3_U3097	NAND	6893
N7661	P3_U3098	NAND	6894
N7662	P3_U3099	NAND	6895
N7663	P3_U3100	NAND	6896
N7664	P3_U3101	NAND	6897
N7665	P3_U3102	NAND	6898
N7666	P3_U3103	NAND	6899
N7667	P3_U3104	NAND	6900
N7668	P3_U3105	NAND	6901
N7669	P3_U3106	NAND	6902
N7670	P3_U3107	NAND	6903
N7671	P3_U3108	NAND	6904
N7672	P3_U3109	NAND	6905
N7673	P3_U3110	NAND	6906
N7674	P3_U3111	NAND	6907
N7675	P3_U3112	NAND	6908
N7676	P3_U3113	NAND	6909
N7677	P3_U3114	NAND	6910
N7678	P3_U3115	NAND	6911
N7679	P3_U3116	NAND	6912
N7680	P3_U3117	NAND	6913
N7681	P3_U3118	NAND	6914
N7682	P3_U3119	NAND	6915
N7683	P3_U3120	NAND	6916
N7684	P3_U3121	NAND	6917
N7685	P3_U3122	NAND	6918
N7686	P3_U3123	NAND	6919
N7687	P3_U3124	NAND	6920
N7688	P3_U3125	NAND	6921
N7689	P3_U3126	NAND	6922
N7690	P3_U3127	NAND	6923
N7691	P3_U3128	NAND	6924
N7692	P3_U3129	NAND	6925
N7693	P3_U3130	NAND	6926
N7694	P3_U3131	NAND	6927
N7695	P3_U3132	NAND	6928
N7696	P3_U3133	NAND	6929
N7697	P3_U3134	NAND	6930
N7698	P3_U3135	NAND	6931
N7699	P3_U3136	NAND	6932
N7700	P3_U3137	NAND	6933
N7701	P3_U3138	NAND	6934
N7702	P3_U3139	NAND	6935
N7703	P3_U3140	NAND	6936
N7704	P3_U3141	NAND	6937
N7705	P3_U3142	NAND	6938
N7706	P3_U3143	NAND	6939
N7707	P3_U3144	NAND	6940
N7708	P3_U3145	NAND	6941
N7709	P3_U3146	NAND	6942
N7710	P3_U3147	NAND	6943
N7711	P3_U3148	NAND	6944
N7712	P3_U3149	NAND	6945
N7714	P3_U3151	NOT	6947
N7715	P3_U3152	NAND	6948
N7860	P3_U3297	NAND	7093
N7861	P3_U3298	NOT	7094
N7862	P3_U3299	NAND	7095
N7863	P3_U3300	NAND	7096
N7864	P3_U3301	NAND	7097
N7865	P3_U3302	NAND	7098
N7866	P3_U3303	NAND	7099
N7867	P3_U3304	NAND	7100
N7868	P3_U3305	NAND	7101
N7869	P3_U3306	NAND	7102
N7870	P3_U3307	NAND	7103
N7871	P3_U3308	NAND	7104
N7872	P3_U3309	NAND	7105
N7873	P3_U3310	NAND	7106
N7874	P3_U3311	NAND	7107
N7875	P3_U3312	NAND	7108
N7876	P3_U3313	NAND	7109
N7877	P3_U3314	NAND	7110
N7878	P3_U3315	NAND	7111
N7879	P3_U3316	NAND	7112
N7880	P3_U3317	NAND	7113
N7881	P3_U3318	NAND	7114
N7882	P3_U3319	NAND	7115
N7883	P3_U3320	NAND	7116
N7884	P3_U3321	NAND	7117
N7885	P3_U3322	NAND	7118
N7886	P3_U3323	NAND	7119
N7887	P3_U3324	NAND	7120
N7888	P3_U3325	NAND	7121
N7889	P3_U3326	NAND	7122
N7890	P3_U3327	NAND	7123
N7891	P3_U3328	NAND	7124
N7892	P3_U3329	NAND	7125
N7893	P3_U3330	NAND	7126
N7894	P3_U3331	NAND	7127
N7895	P3_U3332	NAND	7128
N7896	P3_U3333	NAND	7129
N7897	P3_U3334	NAND	7130
N7898	P3_U3335	NAND	7131
N7899	P3_U3336	NAND	7132
N7900	P3_U3337	NAND	7133
N7901	P3_U3338	NAND	7134
N7902	P3_U3339	NAND	7135
N7903	P3_U3340	NAND	7136
N7904	P3_U3341	NAND	7137
N7905	P3_U3342	NAND	7138
N7906	P3_U3343	NAND	7139
N7907	P3_U3344	NAND	7140
N7908	P3_U3345	NAND	7141
N7909	P3_U3346	NAND	7142
N7910	P3_U3347	NAND	7143
N7911	P3_U3348	NAND	7144
N7912	P3_U3349	NAND	7145
N7913	P3_U3350	NAND	7146
N7914	P3_U3351	NAND	7147
N7915	P3_U3352	NAND	7148
N7916	P3_U3353	NAND	7149
N7917	P3_U3354	NAND	7150
N7918	P3_U3355	NAND	7151
N7919	P3_U3356	NAND	7152
N7920	P3_U3357	NAND	7153
N7921	P3_U3358	NAND	7154
N7922	P3_U3359	NAND	7155
N7923	P3_U3360	NAND	7156
N7924	P3_U3361	NAND	7157
N7925	P3_U3362	NAND	7158
N7926	P3_U3363	NAND	7159
N7927	P3_U3364	NAND	7160
N7928	P3_U3365	NAND	7161
N7929	P3_U3366	NAND	7162
N7930	P3_U3367	NAND	7163
N7931	P3_U3368	NAND	7164
N7932	P3_U3369	NAND	7165
N7933	P3_U3370	NAND	7166
N7934	P3_U3371	NAND	7167
N7935	P3_U3372	NAND	7168
N7936	P3_U3373	NAND	7169
N7937	P3_U3374	NAND	7170
N7938	P3_U3375	NAND	7171
N7941	P3_U3378	NAND	7174
N7942	P3_U3379	NAND	7175
N7943	P3_U3380	NAND	7176
N7944	P3_U3381	NAND	7177
N7945	P3_U3382	NAND	7178
N7946	P3_U3383	NAND	7179
N7947	P3_U3384	NAND	7180
N7948	P3_U3385	NAND	7181
N7949	P3_U3386	NAND	7182
N7950	P3_U3387	NAND	7183
N7951	P3_U3388	NAND	7184
N7952	P3_U3389	NAND	7185
N7954	P3_U3391	NAND	7187
N7955	P3_U3392	NAND	7188
N7957	P3_U3394	NAND	7190
N7958	P3_U3395	NAND	7191
N7960	P3_U3397	NAND	7193
N7961	P3_U3398	NAND	7194
N7963	P3_U3400	NAND	7196
N7964	P3_U3401	NAND	7197
N7966	P3_U3403	NAND	7199
N7967	P3_U3404	NAND	7200
N7969	P3_U3406	NAND	7202
N7970	P3_U3407	NAND	7203
N7972	P3_U3409	NAND	7205
N7973	P3_U3410	NAND	7206
N7975	P3_U3412	NAND	7208
N7976	P3_U3413	NAND	7209
N7978	P3_U3415	NAND	7211
N7979	P3_U3416	NAND	7212
N7981	P3_U3418	NAND	7214
N7982	P3_U3419	NAND	7215
N7984	P3_U3421	NAND	7217
N7985	P3_U3422	NAND	7218
N7987	P3_U3424	NAND	7220
N7988	P3_U3425	NAND	7221
N7990	P3_U3427	NAND	7223
N7991	P3_U3428	NAND	7224
N7993	P3_U3430	NAND	7226
N7994	P3_U3431	NAND	7227
N7996	P3_U3433	NAND	7229
N7997	P3_U3434	NAND	7230
N7999	P3_U3436	NAND	7232
N8000	P3_U3437	NAND	7233
N8002	P3_U3439	NAND	7235
N8003	P3_U3440	NAND	7236
N8005	P3_U3442	NAND	7238
N8006	P3_U3443	NAND	7239
N8008	P3_U3445	NAND	7241
N8086	P3_U3523	NAND	7319
N8087	P3_U3524	NAND	7320
N8088	P3_U3525	NAND	7321
N8089	P3_U3526	NAND	7322
N8090	P3_U3527	NAND	7323
N8091	P3_U3528	NAND	7324
N8092	P3_U3529	NAND	7325
N8093	P3_U3530	NAND	7326
N8094	P3_U3531	NAND	7327
N8095	P3_U3532	NAND	7328
N8096	P3_U3533	NAND	7329
N8097	P3_U3534	NAND	7330
N8098	P3_U3535	NAND	7331
N8099	P3_U3536	NAND	7332
N8100	P3_U3537	NAND	7333
N8101	P3_U3538	NAND	7334
N8102	P3_U3539	NAND	7335
N8103	P3_U3540	NAND	7336
N8104	P3_U3541	NAND	7337
N8105	P3_U3542	NAND	7338
N8106	P3_U3543	NAND	7339
N8107	P3_U3544	NAND	7340
N8108	P3_U3545	NAND	7341
N8109	P3_U3546	NAND	7342
N8110	P3_U3547	NAND	7343
N8111	P3_U3548	NAND	7344
N8112	P3_U3549	NAND	7345
N8113	P3_U3550	NAND	7346
N8114	P3_U3551	NAND	7347
N8115	P3_U3552	NAND	7348
N8116	P3_U3553	NAND	7349
N8117	P3_U3554	NAND	7350
N8118	P3_U3555	NAND	7351
N8119	P3_U3556	NAND	7352
N8120	P3_U3557	NAND	7353
N8121	P3_U3558	NAND	7354
N8122	P3_U3559	NAND	7355
N8123	P3_U3560	NAND	7356
N8124	P3_U3561	NAND	7357
N8125	P3_U3562	NAND	7358
N8126	P3_U3563	NAND	7359
N8127	P3_U3564	NAND	7360
N8128	P3_U3565	NAND	7361
N8129	P3_U3566	NAND	7362
N8130	P3_U3567	NAND	7363
N8131	P3_U3568	NAND	7364
N8132	P3_U3569	NAND	7365
N8133	P3_U3570	NAND	7366
N8134	P3_U3571	NAND	7367
N8135	P3_U3572	NAND	7368
N8136	P3_U3573	NAND	7369
N8137	P3_U3574	NAND	7370
N8138	P3_U3575	AND	7371
N8139	P3_U3576	AND	7372
N8140	P3_U3577	AND	7373
N8141	P3_U3578	AND	7374
N8142	P3_U3579	AND	7375
N8143	P3_U3580	AND	7376
N8144	P3_U3581	AND	7377
N8145	P3_U3582	AND	7378
N8146	P3_U3583	AND	7379
N8147	P3_U3584	AND	7380
N8148	P3_U3585	AND	7381
N8149	P3_U3586	AND	7382
N8150	P3_U3587	AND	7383
N8151	P3_U3588	AND	7384
N8152	P3_U3589	AND	7385
N8153	P3_U3590	AND	7386
N8154	P3_U3591	AND	7387
N8155	P3_U3592	AND	7388
N8156	P3_U3593	AND	7389
N8157	P3_U3594	AND	7390
N8158	P3_U3595	AND	7391
N8159	P3_U3596	AND	7392
N8160	P3_U3597	AND	7393
N8161	P3_U3598	AND	7394
N8162	P3_U3599	AND	7395
N8163	P3_U3600	AND	7396
N8164	P3_U3601	AND	7397
N8165	P3_U3602	AND	7398
N8166	P3_U3603	AND	7399
N8167	P3_U3604	AND	7400
N8168	P3_U3605	AND	7401
N8169	P3_U3606	AND	7402
N8170	P3_U3607	AND	7403
N8171	P3_U3608	AND	7404
N8172	P3_U3609	AND	7405
N8173	P3_U3610	AND	7406
N8174	P3_U3611	AND	7407
N8175	P3_U3612	AND	7408
N8176	P3_U3613	AND	7409
N8177	P3_U3614	AND	7410
N8178	P3_U3615	AND	7411
N8179	P3_U3616	AND	7412
N8180	P3_U3617	AND	7413
N8181	P3_U3618	AND	7414
N8182	P3_U3619	AND	7415
N8183	P3_U3620	AND	7416
N8184	P3_U3621	AND	7417
N8185	P3_U3622	AND	7418
N8186	P3_U3623	AND	7419
N8187	P3_U3624	AND	7420
N8188	P3_U3625	AND	7421
N8189	P3_U3626	AND	7422
N8190	P3_U3627	AND	7423
N8191	P3_U3628	AND	7424
N8192	P3_U3629	AND	7425
N8193	P3_U3630	AND	7426
N8194	P3_U3631	AND	7427
N8195	P3_U3632	AND	7428
N8196	P3_U3633	AND	7429
N8197	P3_U3634	AND	7430
N8198	P3_U3635	AND	7431
N8199	P3_U3636	AND	7432
N8200	P3_U3637	AND	7433
N8201	P3_U3638	AND	7434
N8202	P3_U3639	AND	7435
N8203	P3_U3640	AND	7436
N8204	P3_U3641	AND	7437
N8205	P3_U3642	AND	7438
N8206	P3_U3643	AND	7439
N8207	P3_U3644	AND	7440
N8208	P3_U3645	AND	7441
N8209	P3_U3646	AND	7442
N8210	P3_U3647	AND	7443
N8211	P3_U3648	AND	7444
N8212	P3_U3649	AND	7445
N8213	P3_U3650	AND	7446
N8214	P3_U3651	AND	7447
N8215	P3_U3652	AND	7448
N8216	P3_U3653	AND	7449
N8217	P3_U3654	AND	7450
N8218	P3_U3655	AND	7451
N8219	P3_U3656	AND	7452
N8220	P3_U3657	AND	7453
N8221	P3_U3658	AND	7454
N8222	P3_U3659	AND	7455
N8223	P3_U3660	AND	7456
N8224	P3_U3661	AND	7457
N8225	P3_U3662	AND	7458
N8226	P3_U3663	AND	7459
N8227	P3_U3664	AND	7460
N8228	P3_U3665	AND	7461
N8229	P3_U3666	AND	7462
N8230	P3_U3667	AND	7463
N8231	P3_U3668	AND	7464
N8232	P3_U3669	AND	7465
N8233	P3_U3670	AND	7466
N8234	P3_U3671	AND	7467
N8235	P3_U3672	AND	7468
N8236	P3_U3673	AND	7469
N8237	P3_U3674	AND	7470
N8238	P3_U3675	AND	7471
N8239	P3_U3676	AND	7472
N8240	P3_U3677	AND	7473
N8241	P3_U3678	AND	7474
N8242	P3_U3679	AND	7475
N8243	P3_U3680	AND	7476
N8244	P3_U3681	AND	7477
N8245	P3_U3682	AND	7478
N8246	P3_U3683	AND	7479
N8247	P3_U3684	AND	7480
N8248	P3_U3685	AND	7481
N8249	P3_U3686	AND	7482
N8250	P3_U3687	AND	7483
N8251	P3_U3688	AND	7484
N8252	P3_U3689	AND	7485
N8253	P3_U3690	AND	7486
N8254	P3_U3691	AND	7487
N8255	P3_U3692	AND	7488
N8256	P3_U3693	AND	7489
N8257	P3_U3694	AND	7490
N8258	P3_U3695	AND	7491
N8259	P3_U3696	AND	7492
N8260	P3_U3697	AND	7493
N8261	P3_U3698	AND	7494
N8262	P3_U3699	AND	7495
N8263	P3_U3700	AND	7496
N8264	P3_U3701	AND	7497
N8265	P3_U3702	AND	7498
N8266	P3_U3703	AND	7499
N8267	P3_U3704	AND	7500
N8268	P3_U3705	AND	7501
N8269	P3_U3706	AND	7502
N8270	P3_U3707	AND	7503
N8271	P3_U3708	AND	7504
N8272	P3_U3709	AND	7505
N8273	P3_U3710	AND	7506
N8274	P3_U3711	AND	7507
N8275	P3_U3712	AND	7508
N8276	P3_U3713	AND	7509
N8277	P3_U3714	AND	7510
N8278	P3_U3715	AND	7511
N8279	P3_U3716	AND	7512
N8280	P3_U3717	AND	7513
N8281	P3_U3718	AND	7514
N8282	P3_U3719	AND	7515
N8283	P3_U3720	AND	7516
N8284	P3_U3721	AND	7517
N8285	P3_U3722	AND	7518
N8286	P3_U3723	AND	7519
N8287	P3_U3724	AND	7520
N8288	P3_U3725	AND	7521
N8289	P3_U3726	AND	7522
N8290	P3_U3727	AND	7523
N8291	P3_U3728	AND	7524
N8292	P3_U3729	AND	7525
N8293	P3_U3730	AND	7526
N8294	P3_U3731	AND	7527
N8295	P3_U3732	AND	7528
N8296	P3_U3733	AND	7529
N8297	P3_U3734	AND	7530
N8298	P3_U3735	AND	7531
N8299	P3_U3736	AND	7532
N8300	P3_U3737	AND	7533
N8301	P3_U3738	AND	7534
N8302	P3_U3739	AND	7535
N8303	P3_U3740	AND	7536
N8304	P3_U3741	AND	7537
N8305	P3_U3742	AND	7538
N8306	P3_U3743	AND	7539
N8307	P3_U3744	AND	7540
N8308	P3_U3745	AND	7541
N8309	P3_U3746	AND	7542
N8310	P3_U3747	AND	7543
N8311	P3_U3748	AND	7544
N8312	P3_U3749	AND	7545
N8313	P3_U3750	AND	7546
N8314	P3_U3751	AND	7547
N8315	P3_U3752	AND	7548
N8316	P3_U3753	AND	7549
N8317	P3_U3754	AND	7550
N8318	P3_U3755	AND	7551
N8319	P3_U3756	AND	7552
N8320	P3_U3757	AND	7553
N8321	P3_U3758	AND	7554
N8322	P3_U3759	AND	7555
N8323	P3_U3760	NAND	7556
N8324	P3_U3761	AND	7557
N8325	P3_U3762	AND	7558
N8326	P3_U3763	AND	7559
N8327	P3_U3764	AND	7560
N8328	P3_U3765	AND	7561
N8329	P3_U3766	AND	7562
N8330	P3_U3767	AND	7563
N8331	P3_U3768	AND	7564
N8332	P3_U3769	AND	7565
N8333	P3_U3770	AND	7566
N8334	P3_U3771	AND	7567
N8335	P3_U3772	AND	7568
N8336	P3_U3773	AND	7569
N8337	P3_U3774	AND	7570
N8338	P3_U3775	AND	7571
N8339	P3_U3776	AND	7572
N8340	P3_U3777	AND	7573
N8341	P3_U3778	AND	7574
N8342	P3_U3779	AND	7575
N8343	P3_U3780	AND	7576
N8344	P3_U3781	AND	7577
N8345	P3_U3782	AND	7578
N8346	P3_U3783	AND	7579
N8347	P3_U3784	AND	7580
N8348	P3_U3785	AND	7581
N8349	P3_U3786	AND	7582
N8350	P3_U3787	AND	7583
N8351	P3_U3788	AND	7584
N8352	P3_U3789	AND	7585
N8353	P3_U3790	AND	7586
N8354	P3_U3791	AND	7587
N8355	P3_U3792	AND	7588
N8356	P3_U3793	AND	7589
N8357	P3_U3794	AND	7590
N8358	P3_U3795	AND	7591
N8359	P3_U3796	AND	7592
N8360	P3_U3797	AND	7593
N8361	P3_U3798	AND	7594
N8362	P3_U3799	AND	7595
N8363	P3_U3800	AND	7596
N8364	P3_U3801	AND	7597
N8365	P3_U3802	AND	7598
N8366	P3_U3803	AND	7599
N8367	P3_U3804	AND	7600
N8368	P3_U3805	AND	7601
N8369	P3_U3806	AND	7602
N8370	P3_U3807	AND	7603
N8371	P3_U3808	AND	7604
N8372	P3_U3809	AND	7605
N8373	P3_U3810	AND	7606
N8374	P3_U3811	AND	7607
N8375	P3_U3812	AND	7608
N8376	P3_U3813	AND	7609
N8377	P3_U3814	AND	7610
N8378	P3_U3815	AND	7611
N8379	P3_U3816	AND	7612
N8380	P3_U3817	AND	7613
N8381	P3_U3818	AND	7614
N8382	P3_U3819	AND	7615
N8383	P3_U3820	AND	7616
N8384	P3_U3821	AND	7617
N8385	P3_U3822	AND	7618
N8386	P3_U3823	AND	7619
N8387	P3_U3824	AND	7620
N8388	P3_U3825	AND	7621
N8389	P3_U3826	AND	7622
N8390	P3_U3827	AND	7623
N8391	P3_U3828	AND	7624
N8392	P3_U3829	AND	7625
N8393	P3_U3830	AND	7626
N8394	P3_U3831	NOT	7627
N8395	P3_U3832	NAND	7628
N8396	P3_U3833	NAND	7629
N8397	P3_U3834	NAND	7630
N8398	P3_U3835	NAND	7631
N8399	P3_U3836	NAND	7632
N8400	P3_U3837	AND	7633
N8401	P3_U3838	AND	7634
N8402	P3_U3839	AND	7635
N8403	P3_U3840	AND	7636
N8404	P3_U3841	AND	7637
N8405	P3_U3842	AND	7638
N8406	P3_U3843	AND	7639
N8407	P3_U3844	AND	7640
N8408	P3_U3845	AND	7641
N8409	P3_U3846	AND	7642
N8410	P3_U3847	AND	7643
N8411	P3_U3848	AND	7644
N8412	P3_U3849	AND	7645
N8413	P3_U3850	AND	7646
N8414	P3_U3851	AND	7647
N8415	P3_U3852	AND	7648
N8416	P3_U3853	AND	7649
N8417	P3_U3854	AND	7650
N8418	P3_U3855	AND	7651
N8419	P3_U3856	AND	7652
N8420	P3_U3857	AND	7653
N8421	P3_U3858	AND	7654
N8422	P3_U3859	AND	7655
N8423	P3_U3860	AND	7656
N8424	P3_U3861	AND	7657
N8425	P3_U3862	AND	7658
N8426	P3_U3863	AND	7659
N8427	P3_U3864	AND	7660
N8428	P3_U3865	AND	7661
N8429	P3_U3866	AND	7662
N8430	P3_U3867	NOT	7663
N8431	P3_U3868	NAND	7664
N8432	P3_U3869	NOT	7665
N8433	P3_U3870	AND	7666
N8434	P3_U3871	NOT	7667
N8435	P3_U3872	NOT	7668
N8436	P3_U3873	NOT	7669
N8437	P3_U3874	NOT	7670
N8438	P3_U3875	NAND	7671
N8439	P3_U3876	NOT	7672
N8440	P3_U3877	NAND	7673
N8441	P3_U3878	NOT	7674
N8442	P3_U3879	NOT	7675
N8443	P3_U3880	NAND	7676
N8444	P3_U3881	NOT	7677
N8445	P3_U3882	NOT	7678
N8446	P3_U3883	NOT	7679
N8447	P3_U3884	NOT	7680
N8448	P3_U3885	NOT	7681
N8449	P3_U3886	NOT	7682
N8450	P3_U3887	NOT	7683
N8451	P3_U3888	NAND	7684
N8452	P3_U3889	NOT	7685
N8453	P3_U3890	NOT	7686
N8454	P3_U3891	NOT	7687
N8455	P3_U3892	NOT	7688
N8456	P3_U3893	NOT	7689
N8457	P3_U3894	NOT	7690
N8458	P3_U3895	NOT	7691
N8459	P3_U3896	NAND	7692
N8460	P3_U3897	NOT	7693
N8461	P3_U3898	NOT	7694
N8462	P3_U3899	NOT	7695
N8463	P3_U3900	NOT	7696
N8464	P3_U3901	NOT	7697
N8465	P3_U3902	NOT	7698
N8466	P3_U3903	NOT	7699
N8467	P3_U3904	NOT	7700
N8468	P3_U3905	NOT	7701
N8469	P3_U3906	NOT	7702
N8470	P3_U3907	NOT	7703
N8471	P3_U3908	NOT	7704
N8472	P3_U3909	NOT	7705
N8473	P3_U3910	NOT	7706
N8474	P3_U3911	NOT	7707
N8475	P3_U3912	NOT	7708
N8476	P3_U3913	NOT	7709
N8477	P3_U3914	NOT	7710
N8478	P3_U3915	NOT	7711
N8479	P3_U3916	NOT	7712
N8480	P3_U3917	NAND	7713
N8481	P3_U3918	NAND	7714
N8482	P3_U3919	NOT	7715
N8483	P3_U3920	NOT	7716
N8484	P3_U3921	NOT	7717
N8485	P3_U3922	NAND	7718
N8486	P3_U3923	NAND	7719
N8487	P3_U3924	NAND	7720
N8488	P3_U3925	NAND	7721
N8489	P3_U3926	NAND	7722
N8490	P3_U3927	NAND	7723
N8491	P3_U3928	NAND	7724
N8492	P3_U3929	NAND	7725
N8493	P3_U3930	NAND	7726
N8494	P3_U3931	NAND	7727
N8495	P3_U3932	NAND	7728
N8496	P3_U3933	NAND	7729
N8497	P3_U3934	NAND	7730
N8498	P3_U3935	NAND	7731
N8499	P3_U3936	NAND	7732
N8500	P3_U3937	NAND	7733
N8501	P3_U3938	NAND	7734
N8502	P3_U3939	NAND	7735
N8503	P3_U3940	NAND	7736
N8504	P3_U3941	NAND	7737
N8505	P3_U3942	NAND	7738
N8506	P3_U3943	NAND	7739
N8507	P3_U3944	NAND	7740
N8508	P3_U3945	NAND	7741
N8509	P3_U3946	NAND	7742
N8510	P3_U3947	NAND	7743
N8511	P3_U3948	NAND	7744
N8512	P3_U3949	NAND	7745
N8513	P3_U3950	NAND	7746
N8514	P3_U3951	NAND	7747
N8515	P3_U3952	NAND	7748
N8516	P3_U3953	NAND	7749
N8517	P3_U3954	NAND	7750
N8518	P3_U3955	NAND	7751
N8519	P3_U3956	NAND	7752
N8520	P3_U3957	NAND	7753
N8521	P3_U3958	NAND	7754
N8522	P3_U3959	NAND	7755
N8523	P3_U3960	NAND	7756
N8524	P3_U3961	NAND	7757
N8525	P3_U3962	NAND	7758
N8526	P3_U3963	NAND	7759
N8527	P3_U3964	NAND	7760
N8528	P3_U3965	NAND	7761
N8529	P3_U3966	NAND	7762
N8530	P3_U3967	NAND	7763
N8531	P3_U3968	NAND	7764
N8532	P3_U3969	NAND	7765
N8533	P3_U3970	NAND	7766
N8534	P3_U3971	NAND	7767
N8535	P3_U3972	NAND	7768
N8536	P3_U3973	NAND	7769
N8537	P3_U3974	NAND	7770
N8538	P3_U3975	NAND	7771
N8539	P3_U3976	NAND	7772
N8540	P3_U3977	NAND	7773
N8541	P3_U3978	NAND	7774
N8542	P3_U3979	NAND	7775
N8543	P3_U3980	NAND	7776
N8544	P3_U3981	NAND	7777
N8545	P3_U3982	NAND	7778
N8546	P3_U3983	NAND	7779
N8547	P3_U3984	NAND	7780
N8548	P3_U3985	NAND	7781
N8549	P3_U3986	NAND	7782
N8550	P3_U3987	NAND	7783
N8551	P3_U3988	NAND	7784
N8552	P3_U3989	NAND	7785
N8553	P3_U3990	NAND	7786
N8554	P3_U3991	NAND	7787
N8555	P3_U3992	NAND	7788
N8556	P3_U3993	NAND	7789
N8557	P3_U3994	NAND	7790
N8558	P3_U3995	NAND	7791
N8559	P3_U3996	NAND	7792
N8560	P3_U3997	NAND	7793
N8561	P3_U3998	NAND	7794
N8562	P3_U3999	NAND	7795
N8563	P3_U4000	NAND	7796
N8564	P3_U4001	NAND	7797
N8565	P3_U4002	NAND	7798
N8566	P3_U4003	NAND	7799
N8567	P3_U4004	NAND	7800
N8568	P3_U4005	NAND	7801
N8569	P3_U4006	NAND	7802
N8570	P3_U4007	NAND	7803
N8571	P3_U4008	NAND	7804
N8572	P3_U4009	NAND	7805
N8573	P3_U4010	NAND	7806
N8574	P3_U4011	NAND	7807
N8575	P3_U4012	NAND	7808
N8576	P3_U4013	NAND	7809
N8577	P3_U4014	NAND	7810
N8578	P3_U4015	NAND	7811
N8579	P3_U4016	NAND	7812
N8580	P3_U4017	NAND	7813
N8581	P3_U4018	NAND	7814
N8582	P3_U4019	NOT	7815
N8583	P3_U4020	NAND	7816
N8584	P3_U4021	NAND	7817
N8585	P3_U4022	NAND	7818
N8586	P3_U4023	NAND	7819
N8587	P3_U4024	NAND	7820
N8588	P3_U4025	NAND	7821
N8589	P3_U4026	NAND	7822
N8590	P3_U4027	NAND	7823
N8591	P3_U4028	NAND	7824
N8592	P3_U4029	NAND	7825
N8593	P3_U4030	NAND	7826
N8594	P3_U4031	NAND	7827
N8595	P3_U4032	NAND	7828
N8596	P3_U4033	NAND	7829
N8597	P3_U4034	NAND	7830
N8598	P3_U4035	NAND	7831
N8599	P3_U4036	NAND	7832
N8600	P3_U4037	NAND	7833
N8601	P3_U4038	NAND	7834
N8602	P3_U4039	NAND	7835
N8603	P3_U4040	NAND	7836
N8604	P3_U4041	NAND	7837
N8605	P3_U4042	NAND	7838
N8606	P3_U4043	NAND	7839
N8607	P3_U4044	NAND	7840
N8608	P3_U4045	NAND	7841
N8609	P3_U4046	NAND	7842
N8610	P3_U4047	NAND	7843
N8611	P3_U4048	NAND	7844
N8612	P3_U4049	NAND	7845
N8613	P3_U4050	NAND	7846
N8614	P3_U4051	NAND	7847
N8615	P3_U4052	NOT	7848
N8616	P3_U4053	NAND	7849
N8617	P3_U4054	NAND	7850
N8618	P3_U4055	NAND	7851
N8619	P3_U4056	NAND	7852
N8620	P3_U4057	NAND	7853
N8621	P3_U4058	NAND	7854
N8622	P3_U4059	NAND	7855
N8623	P3_U4060	NAND	7856
N8624	P3_U4061	NAND	7857
N8625	P3_U4062	NAND	7858
N8626	P3_U4063	NOT	7859
N8627	P3_U4064	NAND	7860
N8628	P3_U4065	NAND	7861
N8629	P3_U4066	NAND	7862
N8630	P3_U4067	NAND	7863
N8631	P3_U4068	NAND	7864
N8632	P3_U4069	NAND	7865
N8633	P3_U4070	NAND	7866
N8634	P3_U4071	NAND	7867
N8635	P3_U4072	NOT	7868
N8636	P3_U4073	NAND	7869
N8637	P3_U4074	NAND	7870
N8638	P3_U4075	NAND	7871
N8639	P3_U4076	NAND	7872
N8640	P3_U4077	NAND	7873
N8641	P3_U4078	NAND	7874
N8642	P3_U4079	NAND	7875
N8643	P3_U4080	NAND	7876
N8644	P3_U4081	NAND	7877
N8645	P3_U4082	NOT	7878
N8646	P3_U4083	NAND	7879
N8647	P3_U4084	NAND	7880
N8648	P3_U4085	NAND	7881
N8649	P3_U4086	NAND	7882
N8650	P3_U4087	NOT	7883
N8651	P3_U4088	NAND	7884
N8652	P3_U4089	NAND	7885
N8653	P3_U4090	NAND	7886
N8654	P3_U4091	NAND	7887
N8655	P3_U4092	NAND	7888
N8656	P3_U4093	NAND	7889
N8657	P3_U4094	NAND	7890
N8658	P3_U4095	NAND	7891
N8659	P3_U4096	NAND	7892
N8660	P3_U4097	NAND	7893
N8661	P3_U4098	NOT	7894
N8662	P3_U4099	NAND	7895
N8663	P3_U4100	NAND	7896
N8664	P3_U4101	NAND	7897
N8665	P3_U4102	NAND	7898
N8666	P3_U4103	NAND	7899
N8667	P3_U4104	NAND	7900
N8668	P3_U4105	NAND	7901
N8669	P3_U4106	NAND	7902
N8670	P3_U4107	NOT	7903
N8671	P3_U4108	NAND	7904
N8672	P3_U4109	NAND	7905
N8673	P3_U4110	NAND	7906
N8674	P3_U4111	NAND	7907
N8675	P3_U4112	NAND	7908
N8676	P3_U4113	NAND	7909
N8677	P3_U4114	NAND	7910
N8678	P3_U4115	NAND	7911
N8679	P3_U4116	NOT	7912
N8680	P3_U4117	NAND	7913
N8681	P3_U4118	NAND	7914
N8682	P3_U4119	NAND	7915
N8683	P3_U4120	NAND	7916
N8684	P3_U4121	NAND	7917
N8685	P3_U4122	NAND	7918
N8686	P3_U4123	NAND	7919
N8687	P3_U4124	NAND	7920
N8688	P3_U4125	NOT	7921
N8689	P3_U4126	NAND	7922
N8690	P3_U4127	NAND	7923
N8691	P3_U4128	NAND	7924
N8692	P3_U4129	NAND	7925
N8693	P3_U4130	NAND	7926
N8694	P3_U4131	NAND	7927
N8695	P3_U4132	NAND	7928
N8696	P3_U4133	NAND	7929
N8697	P3_U4134	NOT	7930
N8698	P3_U4135	NAND	7931
N8699	P3_U4136	NAND	7932
N8700	P3_U4137	NAND	7933
N8701	P3_U4138	NAND	7934
N8702	P3_U4139	NAND	7935
N8703	P3_U4140	NAND	7936
N8704	P3_U4141	NAND	7937
N8705	P3_U4142	NAND	7938
N8706	P3_U4143	NOT	7939
N8707	P3_U4144	NAND	7940
N8708	P3_U4145	NAND	7941
N8709	P3_U4146	NAND	7942
N8710	P3_U4147	NAND	7943
N8711	P3_U4148	NAND	7944
N8712	P3_U4149	NAND	7945
N8713	P3_U4150	NAND	7946
N8714	P3_U4151	NAND	7947
N8715	P3_U4152	NOT	7948
N8716	P3_U4153	NAND	7949
N8717	P3_U4154	NAND	7950
N8718	P3_U4155	NAND	7951
N8719	P3_U4156	NAND	7952
N8720	P3_U4157	NAND	7953
N8721	P3_U4158	NAND	7954
N8722	P3_U4159	NAND	7955
N8723	P3_U4160	NAND	7956
N8724	P3_U4161	NOT	7957
N8725	P3_U4162	NAND	7958
N8726	P3_U4163	NAND	7959
N8727	P3_U4164	NAND	7960
N8728	P3_U4165	NAND	7961
N8729	P3_U4166	NAND	7962
N8730	P3_U4167	NAND	7963
N8731	P3_U4168	NAND	7964
N8732	P3_U4169	NAND	7965
N8733	P3_U4170	NOT	7966
N8734	P3_U4171	NAND	7967
N8735	P3_U4172	NAND	7968
N8736	P3_U4173	NAND	7969
N8737	P3_U4174	NAND	7970
N8738	P3_U4175	NAND	7971
N8739	P3_U4176	NAND	7972
N8740	P3_U4177	NAND	7973
N8741	P3_U4178	NAND	7974
N8742	P3_U4179	NOT	7975
N8743	P3_U4180	NAND	7976
N8744	P3_U4181	NAND	7977
N8745	P3_U4182	NAND	7978
N8746	P3_U4183	NAND	7979
N8747	P3_U4184	NAND	7980
N8748	P3_U4185	NAND	7981
N8749	P3_U4186	NAND	7982
N8750	P3_U4187	NAND	7983
N8751	P3_U4188	NOT	7984
N8752	P3_U4189	NAND	7985
N8753	P3_U4190	NAND	7986
N8754	P3_U4191	NAND	7987
N8755	P3_U4192	NAND	7988
N8756	P3_U4193	NAND	7989
N8757	P3_U4194	NAND	7990
N8758	P3_U4195	NAND	7991
N8759	P3_U4196	NAND	7992
N8760	P3_U4197	NOT	7993
N8761	P3_U4198	NAND	7994
N8762	P3_U4199	NAND	7995
N8763	P3_U4200	NAND	7996
N8764	P3_U4201	NAND	7997
N8765	P3_U4202	NAND	7998
N8766	P3_U4203	NAND	7999
N8767	P3_U4204	NAND	8000
N8768	P3_U4205	NAND	8001
N8769	P3_U4206	NOT	8002
N8770	P3_U4207	NAND	8003
N8771	P3_U4208	NAND	8004
N8772	P3_U4209	NAND	8005
N8773	P3_U4210	NAND	8006
N8774	P3_U4211	NAND	8007
N8775	P3_U4212	NAND	8008
N8776	P3_U4213	NAND	8009
N8777	P3_U4214	NAND	8010
N8778	P3_U4215	NOT	8011
N8779	P3_U4216	NAND	8012
N8780	P3_U4217	NAND	8013
N8781	P3_U4218	NAND	8014
N8782	P3_U4219	NAND	8015
N8783	P3_U4220	NAND	8016
N8784	P3_U4221	NAND	8017
N8785	P3_U4222	NAND	8018
N8786	P3_U4223	NAND	8019
N8787	P3_U4224	NOT	8020
N8788	P3_U4225	NAND	8021
N8789	P3_U4226	NAND	8022
N8790	P3_U4227	NAND	8023
N8791	P3_U4228	NAND	8024
N8792	P3_U4229	NAND	8025
N8793	P3_U4230	NAND	8026
N8794	P3_U4231	NAND	8027
N8795	P3_U4232	NAND	8028
N8796	P3_U4233	NOT	8029
N8797	P3_U4234	NAND	8030
N8798	P3_U4235	NAND	8031
N8799	P3_U4236	NAND	8032
N8800	P3_U4237	NAND	8033
N8801	P3_U4238	NAND	8034
N8802	P3_U4239	NAND	8035
N8803	P3_U4240	NAND	8036
N8804	P3_U4241	NAND	8037
N8805	P3_U4242	NOT	8038
N8806	P3_U4243	NAND	8039
N8807	P3_U4244	NAND	8040
N8808	P3_U4245	NAND	8041
N8809	P3_U4246	NAND	8042
N8810	P3_U4247	NAND	8043
N8811	P3_U4248	NAND	8044
N8812	P3_U4249	NAND	8045
N8813	P3_U4250	NAND	8046
N8814	P3_U4251	NOT	8047
N8815	P3_U4252	NAND	8048
N8816	P3_U4253	NAND	8049
N8817	P3_U4254	NAND	8050
N8818	P3_U4255	NAND	8051
N8819	P3_U4256	NAND	8052
N8820	P3_U4257	NAND	8053
N8821	P3_U4258	NAND	8054
N8822	P3_U4259	NAND	8055
N8823	P3_U4260	NOT	8056
N8824	P3_U4261	NAND	8057
N8825	P3_U4262	NAND	8058
N8826	P3_U4263	NAND	8059
N8827	P3_U4264	NAND	8060
N8828	P3_U4265	NAND	8061
N8829	P3_U4266	NAND	8062
N8830	P3_U4267	NAND	8063
N8831	P3_U4268	NAND	8064
N8832	P3_U4269	NOT	8065
N8833	P3_U4270	NAND	8066
N8834	P3_U4271	NAND	8067
N8835	P3_U4272	NAND	8068
N8836	P3_U4273	NAND	8069
N8837	P3_U4274	NAND	8070
N8838	P3_U4275	NAND	8071
N8839	P3_U4276	NAND	8072
N8840	P3_U4277	NAND	8073
N8841	P3_U4278	NOT	8074
N8842	P3_U4279	NAND	8075
N8843	P3_U4280	NAND	8076
N8844	P3_U4281	NAND	8077
N8845	P3_U4282	NAND	8078
N8846	P3_U4283	NAND	8079
N8847	P3_U4284	NAND	8080
N8848	P3_U4285	NAND	8081
N8849	P3_U4286	NAND	8082
N8850	P3_U4287	NOT	8083
N8851	P3_U4288	NAND	8084
N8852	P3_U4289	NAND	8085
N8853	P3_U4290	NAND	8086
N8854	P3_U4291	NAND	8087
N8855	P3_U4292	NAND	8088
N8856	P3_U4293	NAND	8089
N8857	P3_U4294	NAND	8090
N8858	P3_U4295	NAND	8091
N8859	P3_U4296	NOT	8092
N8860	P3_U4297	NAND	8093
N8861	P3_U4298	NAND	8094
N8862	P3_U4299	NAND	8095
N8863	P3_U4300	NAND	8096
N8864	P3_U4301	NAND	8097
N8865	P3_U4302	NAND	8098
N8866	P3_U4303	NAND	8099
N8867	P3_U4304	NAND	8100
N8868	P3_U4305	NOT	8101
N8869	P3_U4306	NAND	8102
N8870	P3_U4307	NAND	8103
N8871	P3_U4308	NAND	8104
N8872	P3_U4309	NAND	8105
N8873	P3_U4310	NAND	8106
N8874	P3_U4311	NAND	8107
N8875	P3_U4312	NAND	8108
N8876	P3_U4313	NAND	8109
N8877	P3_U4314	NOT	8110
N8878	P3_U4315	NAND	8111
N8879	P3_U4316	NAND	8112
N8880	P3_U4317	NAND	8113
N8881	P3_U4318	NAND	8114
N8882	P3_U4319	NAND	8115
N8883	P3_U4320	NAND	8116
N8884	P3_U4321	NAND	8117
N8885	P3_U4322	NAND	8118
N8886	P3_U4323	NOT	8119
N8887	P3_U4324	NAND	8120
N8888	P3_U4325	NAND	8121
N8889	P3_U4326	NAND	8122
N8890	P3_U4327	NAND	8123
N8891	P3_U4328	NAND	8124
N8892	P3_U4329	NAND	8125
N8893	P3_U4330	NAND	8126
N8894	P3_U4331	NAND	8127
N8895	P3_U4332	NOT	8128
N8896	P3_U4333	NAND	8129
N8897	P3_U4334	NAND	8130
N8898	P3_U4335	NAND	8131
N8899	P3_U4336	NAND	8132
N8900	P3_U4337	NAND	8133
N8901	P3_U4338	NAND	8134
N8902	P3_U4339	NAND	8135
N8903	P3_U4340	NAND	8136
N8904	P3_U4341	NOT	8137
N8905	P3_U4342	NAND	8138
N8906	P3_U4343	NAND	8139
N8907	P3_U4344	NAND	8140
N8908	P3_U4345	NAND	8141
N8909	P3_U4346	NAND	8142
N8910	P3_U4347	NAND	8143
N8911	P3_U4348	NAND	8144
N8912	P3_U4349	NAND	8145
N8913	P3_U4350	NOT	8146
N8914	P3_U4351	NAND	8147
N8915	P3_U4352	NAND	8148
N8916	P3_U4353	NAND	8149
N8917	P3_U4354	NAND	8150
N8918	P3_U4355	NAND	8151
N8919	P3_U4356	NAND	8152
N8920	P3_U4357	NAND	8153
N8921	P3_U4358	NAND	8154
N8922	P3_U4359	NOT	8155
N8923	P3_U4360	NAND	8156
N8924	P3_U4361	NAND	8157
N8925	P3_U4362	NAND	8158
N8926	P3_U4363	NAND	8159
N8927	P3_U4364	NAND	8160
N8928	P3_U4365	NAND	8161
N8929	P3_U4366	NAND	8162
N8930	P3_U4367	NAND	8163
N8931	P3_U4368	NOT	8164
N8932	P3_U4369	NAND	8165
N8933	P3_U4370	NAND	8166
N8934	P3_U4371	NAND	8167
N8935	P3_U4372	NAND	8168
N8936	P3_U4373	NAND	8169
N8937	P3_U4374	NAND	8170
N8938	P3_U4375	NAND	8171
N8939	P3_U4376	NAND	8172
N8940	P3_U4377	NOT	8173
N8941	P3_U4378	NAND	8174
N8942	P3_U4379	NAND	8175
N8943	P3_U4380	NAND	8176
N8944	P3_U4381	NAND	8177
N8945	P3_U4382	NAND	8178
N8946	P3_U4383	NAND	8179
N8947	P3_U4384	NAND	8180
N8948	P3_U4385	NAND	8181
N8949	P3_U4386	NOT	8182
N8950	P3_U4387	NAND	8183
N8951	P3_U4388	NAND	8184
N8952	P3_U4389	NAND	8185
N8953	P3_U4390	NAND	8186
N8954	P3_U4391	NAND	8187
N8955	P3_U4392	NAND	8188
N8956	P3_U4393	NAND	8189
N8957	P3_U4394	NAND	8190
N8958	P3_U4395	NOT	8191
N8959	P3_U4396	NAND	8192
N8960	P3_U4397	NAND	8193
N8961	P3_U4398	NAND	8194
N8962	P3_U4399	NAND	8195
N8963	P3_U4400	NAND	8196
N8964	P3_U4401	NAND	8197
N8965	P3_U4402	NAND	8198
N8966	P3_U4403	NAND	8199
N8967	P3_U4404	NOT	8200
N8968	P3_U4405	NAND	8201
N8969	P3_U4406	NAND	8202
N8970	P3_U4407	NAND	8203
N8971	P3_U4408	NAND	8204
N8972	P3_U4409	NAND	8205
N8973	P3_U4410	NAND	8206
N8974	P3_U4411	NAND	8207
N8975	P3_U4412	NAND	8208
N8976	P3_U4413	NOT	8209
N8977	P3_U4414	NAND	8210
N8978	P3_U4415	NAND	8211
N8979	P3_U4416	NAND	8212
N8980	P3_U4417	NAND	8213
N8981	P3_U4418	NAND	8214
N8982	P3_U4419	NAND	8215
N8983	P3_U4420	NAND	8216
N8984	P3_U4421	NAND	8217
N8985	P3_U4422	NOT	8218
N8986	P3_U4423	NAND	8219
N8987	P3_U4424	NAND	8220
N8988	P3_U4425	NAND	8221
N8989	P3_U4426	NAND	8222
N8990	P3_U4427	NAND	8223
N8991	P3_U4428	NAND	8224
N8992	P3_U4429	NAND	8225
N8993	P3_U4430	NAND	8226
N8994	P3_U4431	NOT	8227
N8995	P3_U4432	NAND	8228
N8996	P3_U4433	NAND	8229
N8997	P3_U4434	NAND	8230
N8998	P3_U4435	NAND	8231
N8999	P3_U4436	NAND	8232
N9000	P3_U4437	NAND	8233
N9001	P3_U4438	NAND	8234
N9002	P3_U4439	NAND	8235
N9003	P3_U4440	NOT	8236
N9004	P3_U4441	NAND	8237
N9005	P3_U4442	NAND	8238
N9006	P3_U4443	NAND	8239
N9007	P3_U4444	NAND	8240
N9008	P3_U4445	NAND	8241
N9009	P3_U4446	NAND	8242
N9010	P3_U4447	NAND	8243
N9011	P3_U4448	NAND	8244
N9012	P3_U4449	NOT	8245
N9013	P3_U4450	NAND	8246
N9014	P3_U4451	NAND	8247
N9015	P3_U4452	NAND	8248
N9016	P3_U4453	NAND	8249
N9017	P3_U4454	NAND	8250
N9018	P3_U4455	NAND	8251
N9019	P3_U4456	NAND	8252
N9020	P3_U4457	NAND	8253
N9021	P3_U4458	NOT	8254
N9022	P3_U4459	NAND	8255
N9023	P3_U4460	NAND	8256
N9024	P3_U4461	NAND	8257
N9025	P3_U4462	NAND	8258
N9026	P3_U4463	NAND	8259
N9027	P3_U4464	NAND	8260
N9028	P3_U4465	NAND	8261
N9029	P3_U4466	NAND	8262
N9030	P3_U4467	NOT	8263
N9031	P3_U4468	NAND	8264
N9032	P3_U4469	NAND	8265
N9033	P3_U4470	NAND	8266
N9034	P3_U4471	NAND	8267
N9035	P3_U4472	NAND	8268
N9036	P3_U4473	NAND	8269
N9037	P3_U4474	NAND	8270
N9038	P3_U4475	NAND	8271
N9039	P3_U4476	NOT	8272
N9040	P3_U4477	NAND	8273
N9041	P3_U4478	NAND	8274
N9042	P3_U4479	NAND	8275
N9043	P3_U4480	NAND	8276
N9044	P3_U4481	NAND	8277
N9045	P3_U4482	NAND	8278
N9046	P3_U4483	NAND	8279
N9047	P3_U4484	NAND	8280
N9048	P3_U4485	NOT	8281
N9049	P3_U4486	NAND	8282
N9050	P3_U4487	NAND	8283
N9051	P3_U4488	NAND	8284
N9052	P3_U4489	NAND	8285
N9053	P3_U4490	NAND	8286
N9054	P3_U4491	NAND	8287
N9055	P3_U4492	NAND	8288
N9056	P3_U4493	NAND	8289
N9057	P3_U4494	NOT	8290
N9058	P3_U4495	NAND	8291
N9059	P3_U4496	NAND	8292
N9060	P3_U4497	NAND	8293
N9061	P3_U4498	NAND	8294
N9062	P3_U4499	NAND	8295
N9063	P3_U4500	NAND	8296
N9064	P3_U4501	NAND	8297
N9065	P3_U4502	NAND	8298
N9066	P3_U4503	NOT	8299
N9067	P3_U4504	NAND	8300
N9068	P3_U4505	NAND	8301
N9069	P3_U4506	NAND	8302
N9070	P3_U4507	NAND	8303
N9071	P3_U4508	NAND	8304
N9072	P3_U4509	NAND	8305
N9073	P3_U4510	NAND	8306
N9074	P3_U4511	NAND	8307
N9075	P3_U4512	NOT	8308
N9076	P3_U4513	NAND	8309
N9077	P3_U4514	NAND	8310
N9078	P3_U4515	NAND	8311
N9079	P3_U4516	NAND	8312
N9080	P3_U4517	NAND	8313
N9081	P3_U4518	NAND	8314
N9082	P3_U4519	NAND	8315
N9083	P3_U4520	NAND	8316
N9084	P3_U4521	NOT	8317
N9085	P3_U4522	NAND	8318
N9086	P3_U4523	NAND	8319
N9087	P3_U4524	NAND	8320
N9088	P3_U4525	NAND	8321
N9089	P3_U4526	NAND	8322
N9090	P3_U4527	NAND	8323
N9091	P3_U4528	NAND	8324
N9092	P3_U4529	NAND	8325
N9093	P3_U4530	NOT	8326
N9094	P3_U4531	NAND	8327
N9095	P3_U4532	NAND	8328
N9096	P3_U4533	NAND	8329
N9097	P3_U4534	NAND	8330
N9098	P3_U4535	NAND	8331
N9099	P3_U4536	NAND	8332
N9100	P3_U4537	NAND	8333
N9101	P3_U4538	NAND	8334
N9102	P3_U4539	NOT	8335
N9103	P3_U4540	NAND	8336
N9104	P3_U4541	NAND	8337
N9105	P3_U4542	NAND	8338
N9106	P3_U4543	NAND	8339
N9107	P3_U4544	NAND	8340
N9108	P3_U4545	NAND	8341
N9109	P3_U4546	NAND	8342
N9110	P3_U4547	NAND	8343
N9111	P3_U4548	NOT	8344
N9112	P3_U4549	NAND	8345
N9113	P3_U4550	NAND	8346
N9114	P3_U4551	NAND	8347
N9115	P3_U4552	NAND	8348
N9116	P3_U4553	NAND	8349
N9117	P3_U4554	NAND	8350
N9118	P3_U4555	NAND	8351
N9119	P3_U4556	NAND	8352
N9120	P3_U4557	NOT	8353
N9121	P3_U4558	NAND	8354
N9122	P3_U4559	NAND	8355
N9123	P3_U4560	NAND	8356
N9124	P3_U4561	NAND	8357
N9125	P3_U4562	NAND	8358
N9126	P3_U4563	NAND	8359
N9127	P3_U4564	NAND	8360
N9128	P3_U4565	NAND	8361
N9129	P3_U4566	NOT	8362
N9130	P3_U4567	NAND	8363
N9131	P3_U4568	NAND	8364
N9132	P3_U4569	NAND	8365
N9133	P3_U4570	NAND	8366
N9134	P3_U4571	NAND	8367
N9135	P3_U4572	NAND	8368
N9136	P3_U4573	NAND	8369
N9137	P3_U4574	NAND	8370
N9138	P3_U4575	NOT	8371
N9139	P3_U4576	NAND	8372
N9140	P3_U4577	NAND	8373
N9141	P3_U4578	NAND	8374
N9142	P3_U4579	NAND	8375
N9143	P3_U4580	NAND	8376
N9144	P3_U4581	NAND	8377
N9145	P3_U4582	NAND	8378
N9146	P3_U4583	NAND	8379
N9147	P3_U4584	NOT	8380
N9148	P3_U4585	NAND	8381
N9149	P3_U4586	NAND	8382
N9150	P3_U4587	NAND	8383
N9151	P3_U4588	NAND	8384
N9152	P3_U4589	NAND	8385
N9153	P3_U4590	NAND	8386
N9154	P3_U4591	NAND	8387
N9155	P3_U4592	NAND	8388
N9156	P3_U4593	NOT	8389
N9157	P3_U4594	NAND	8390
N9158	P3_U4595	NAND	8391
N9159	P3_U4596	NAND	8392
N9160	P3_U4597	NAND	8393
N9161	P3_U4598	NAND	8394
N9162	P3_U4599	NAND	8395
N9163	P3_U4600	NAND	8396
N9164	P3_U4601	NAND	8397
N9165	P3_U4602	NAND	8398
N9166	P3_U4603	NAND	8399
N9167	P3_U4604	NAND	8400
N9168	P3_U4605	NOT	8401
N9169	P3_U4606	NAND	8402
N9170	P3_U4607	NAND	8403
N9171	P3_U4608	NAND	8404
N9172	P3_U4609	NAND	8405
N9173	P3_U4610	NAND	8406
N9174	P3_U4611	NAND	8407
N9175	P3_U4612	NAND	8408
N9176	P3_U4613	NOT	8409
N9177	P3_U4614	NAND	8410
N9178	P3_U4615	NAND	8411
N9179	P3_U4616	NAND	8412
N9180	P3_U4617	NAND	8413
N9181	P3_U4618	NAND	8414
N9182	P3_U4619	NAND	8415
N9183	P3_U4620	NAND	8416
N9184	P3_U4621	NAND	8417
N9185	P3_U4622	NAND	8418
N9186	P3_U4623	NAND	8419
N9187	P3_U4624	NAND	8420
N9188	P3_U4625	NAND	8421
N9189	P3_U4626	NAND	8422
N9190	P3_U4627	NAND	8423
N9191	P3_U4628	NOT	8424
N9192	P3_U4629	NAND	8425
N9193	P3_U4630	NAND	8426
N9194	P3_U4631	NAND	8427
N9195	P3_U4632	NAND	8428
N9196	P3_U4633	NAND	8429
N9197	P3_U4634	NAND	8430
N9198	P3_U4635	NAND	8431
N9199	P3_U4636	NAND	8432
N9200	P3_U4637	NAND	8433
N9201	P3_U4638	NAND	8434
N9202	P3_U4639	NAND	8435
N9203	P3_U4640	NAND	8436
N9204	P3_U4641	NAND	8437
N9205	P3_U4642	NAND	8438
N9206	P3_U4643	NAND	8439
N9207	P3_U4644	NAND	8440
N9208	P3_U4645	NAND	8441
N9209	P3_U4646	NAND	8442
N9210	P3_U4647	NAND	8443
N9211	P3_U4648	NAND	8444
N9212	P3_U4649	NAND	8445
N9213	P3_U4650	NAND	8446
N9214	P3_U4651	NAND	8447
N9215	P3_U4652	NAND	8448
N9216	P3_U4653	NAND	8449
N9217	P3_U4654	NAND	8450
N9218	P3_U4655	NAND	8451
N9219	P3_U4656	NAND	8452
N9220	P3_U4657	NAND	8453
N9221	P3_U4658	NAND	8454
N9222	P3_U4659	NAND	8455
N9223	P3_U4660	NAND	8456
N9224	P3_U4661	NAND	8457
N9225	P3_U4662	NAND	8458
N9226	P3_U4663	NAND	8459
N9227	P3_U4664	NAND	8460
N9228	P3_U4665	NAND	8461
N9229	P3_U4666	NAND	8462
N9230	P3_U4667	NAND	8463
N9231	P3_U4668	NAND	8464
N9232	P3_U4669	NAND	8465
N9233	P3_U4670	NAND	8466
N9234	P3_U4671	NAND	8467
N9235	P3_U4672	NAND	8468
N9236	P3_U4673	NAND	8469
N9237	P3_U4674	NAND	8470
N9238	P3_U4675	NAND	8471
N9239	P3_U4676	NAND	8472
N9240	P3_U4677	NAND	8473
N9241	P3_U4678	NAND	8474
N9242	P3_U4679	NAND	8475
N9243	P3_U4680	NAND	8476
N9244	P3_U4681	NAND	8477
N9245	P3_U4682	NAND	8478
N9246	P3_U4683	NAND	8479
N9247	P3_U4684	NAND	8480
N9248	P3_U4685	NAND	8481
N9249	P3_U4686	NAND	8482
N9250	P3_U4687	NAND	8483
N9251	P3_U4688	NAND	8484
N9252	P3_U4689	NAND	8485
N9253	P3_U4690	NAND	8486
N9254	P3_U4691	NAND	8487
N9255	P3_U4692	NAND	8488
N9256	P3_U4693	NAND	8489
N9257	P3_U4694	NAND	8490
N9258	P3_U4695	NAND	8491
N9259	P3_U4696	NAND	8492
N9260	P3_U4697	NAND	8493
N9261	P3_U4698	NAND	8494
N9262	P3_U4699	NAND	8495
N9263	P3_U4700	NAND	8496
N9264	P3_U4701	NAND	8497
N9265	P3_U4702	NAND	8498
N9266	P3_U4703	NAND	8499
N9267	P3_U4704	NAND	8500
N9268	P3_U4705	NAND	8501
N9269	P3_U4706	NAND	8502
N9270	P3_U4707	NAND	8503
N9271	P3_U4708	NAND	8504
N9272	P3_U4709	NAND	8505
N9273	P3_U4710	NAND	8506
N9274	P3_U4711	NAND	8507
N9275	P3_U4712	NAND	8508
N9276	P3_U4713	NAND	8509
N9277	P3_U4714	NAND	8510
N9278	P3_U4715	NAND	8511
N9279	P3_U4716	NAND	8512
N9280	P3_U4717	NAND	8513
N9281	P3_U4718	NAND	8514
N9282	P3_U4719	NAND	8515
N9283	P3_U4720	NAND	8516
N9284	P3_U4721	NAND	8517
N9285	P3_U4722	NAND	8518
N9286	P3_U4723	NAND	8519
N9287	P3_U4724	NAND	8520
N9288	P3_U4725	NAND	8521
N9289	P3_U4726	NAND	8522
N9290	P3_U4727	NAND	8523
N9291	P3_U4728	NAND	8524
N9292	P3_U4729	NAND	8525
N9293	P3_U4730	NAND	8526
N9294	P3_U4731	NAND	8527
N9295	P3_U4732	NAND	8528
N9296	P3_U4733	NAND	8529
N9297	P3_U4734	NAND	8530
N9298	P3_U4735	NAND	8531
N9299	P3_U4736	NAND	8532
N9300	P3_U4737	NAND	8533
N9301	P3_U4738	NAND	8534
N9302	P3_U4739	NAND	8535
N9303	P3_U4740	NAND	8536
N9304	P3_U4741	NAND	8537
N9305	P3_U4742	NAND	8538
N9306	P3_U4743	NAND	8539
N9307	P3_U4744	NAND	8540
N9308	P3_U4745	NAND	8541
N9309	P3_U4746	NAND	8542
N9310	P3_U4747	NAND	8543
N9311	P3_U4748	NAND	8544
N9312	P3_U4749	NAND	8545
N9313	P3_U4750	NAND	8546
N9314	P3_U4751	NAND	8547
N9315	P3_U4752	NAND	8548
N9316	P3_U4753	NAND	8549
N9317	P3_U4754	NAND	8550
N9318	P3_U4755	NAND	8551
N9319	P3_U4756	NAND	8552
N9320	P3_U4757	NAND	8553
N9321	P3_U4758	NAND	8554
N9322	P3_U4759	NAND	8555
N9323	P3_U4760	NOT	8556
N9324	P3_U4761	NAND	8557
N9325	P3_U4762	NAND	8558
N9326	P3_U4763	NAND	8559
N9327	P3_U4764	NAND	8560
N9328	P3_U4765	NAND	8561
N9329	P3_U4766	NAND	8562
N9330	P3_U4767	NAND	8563
N9331	P3_U4768	NAND	8564
N9332	P3_U4769	NAND	8565
N9333	P3_U4770	NAND	8566
N9334	P3_U4771	NAND	8567
N9335	P3_U4772	NAND	8568
N9336	P3_U4773	NAND	8569
N9337	P3_U4774	NAND	8570
N9338	P3_U4775	NAND	8571
N9339	P3_U4776	NAND	8572
N9340	P3_U4777	NAND	8573
N9341	P3_U4778	NAND	8574
N9342	P3_U4779	NAND	8575
N9343	P3_U4780	NAND	8576
N9344	P3_U4781	NAND	8577
N9345	P3_U4782	NAND	8578
N9346	P3_U4783	NAND	8579
N9347	P3_U4784	NAND	8580
N9348	P3_U4785	NAND	8581
N9349	P3_U4786	NAND	8582
N9350	P3_U4787	NAND	8583
N9351	P3_U4788	NAND	8584
N9352	P3_U4789	NAND	8585
N9353	P3_U4790	NAND	8586
N9354	P3_U4791	NAND	8587
N9355	P3_U4792	NAND	8588
N9356	P3_U4793	NAND	8589
N9357	P3_U4794	NAND	8590
N9358	P3_U4795	NAND	8591
N9359	P3_U4796	NAND	8592
N9360	P3_U4797	NAND	8593
N9361	P3_U4798	NAND	8594
N9362	P3_U4799	NAND	8595
N9363	P3_U4800	NAND	8596
N9364	P3_U4801	NAND	8597
N9365	P3_U4802	NAND	8598
N9366	P3_U4803	NAND	8599
N9367	P3_U4804	NAND	8600
N9368	P3_U4805	NAND	8601
N9369	P3_U4806	NAND	8602
N9370	P3_U4807	NAND	8603
N9371	P3_U4808	NAND	8604
N9372	P3_U4809	NAND	8605
N9373	P3_U4810	NAND	8606
N9374	P3_U4811	NAND	8607
N9375	P3_U4812	NAND	8608
N9376	P3_U4813	NAND	8609
N9377	P3_U4814	NAND	8610
N9378	P3_U4815	NAND	8611
N9379	P3_U4816	NAND	8612
N9380	P3_U4817	NAND	8613
N9381	P3_U4818	NAND	8614
N9382	P3_U4819	NAND	8615
N9383	P3_U4820	NAND	8616
N9384	P3_U4821	NAND	8617
N9385	P3_U4822	NAND	8618
N9386	P3_U4823	NAND	8619
N9387	P3_U4824	NAND	8620
N9388	P3_U4825	NAND	8621
N9389	P3_U4826	NAND	8622
N9390	P3_U4827	NAND	8623
N9391	P3_U4828	NAND	8624
N9392	P3_U4829	NAND	8625
N9393	P3_U4830	NAND	8626
N9394	P3_U4831	NAND	8627
N9395	P3_U4832	NAND	8628
N9396	P3_U4833	NAND	8629
N9397	P3_U4834	NAND	8630
N9398	P3_U4835	NAND	8631
N9399	P3_U4836	NAND	8632
N9400	P3_U4837	NAND	8633
N9401	P3_U4838	NAND	8634
N9402	P3_U4839	NAND	8635
N9403	P3_U4840	NAND	8636
N9404	P3_U4841	NAND	8637
N9405	P3_U4842	NAND	8638
N9406	P3_U4843	NAND	8639
N9407	P3_U4844	NAND	8640
N9408	P3_U4845	NAND	8641
N9409	P3_U4846	NAND	8642
N9410	P3_U4847	NAND	8643
N9411	P3_U4848	NAND	8644
N9412	P3_U4849	NAND	8645
N9413	P3_U4850	NAND	8646
N9414	P3_U4851	NAND	8647
N9415	P3_U4852	NAND	8648
N9416	P3_U4853	NAND	8649
N9417	P3_U4854	NAND	8650
N9418	P3_U4855	NAND	8651
N9419	P3_U4856	NAND	8652
N9420	P3_U4857	NAND	8653
N9421	P3_U4858	NAND	8654
N9422	P3_U4859	NAND	8655
N9423	P3_U4860	NAND	8656
N9424	P3_U4861	NAND	8657
N9425	P3_U4862	NAND	8658
N9426	P3_U4863	NAND	8659
N9427	P3_U4864	NAND	8660
N9428	P3_U4865	NAND	8661
N9429	P3_U4866	NAND	8662
N9430	P3_U4867	NAND	8663
N9431	P3_U4868	NAND	8664
N9432	P3_U4869	NAND	8665
N9433	P3_U4870	NAND	8666
N9434	P3_U4871	NAND	8667
N9435	P3_U4872	NAND	8668
N9436	P3_U4873	NAND	8669
N9437	P3_U4874	NAND	8670
N9438	P3_U4875	NAND	8671
N9439	P3_U4876	NAND	8672
N9440	P3_U4877	NAND	8673
N9441	P3_U4878	NAND	8674
N9442	P3_U4879	NAND	8675
N9443	P3_U4880	NAND	8676
N9444	P3_U4881	NAND	8677
N9445	P3_U4882	NAND	8678
N9446	P3_U4883	NAND	8679
N9447	P3_U4884	NAND	8680
N9448	P3_U4885	NAND	8681
N9449	P3_U4886	NAND	8682
N9450	P3_U4887	NAND	8683
N9451	P3_U4888	NAND	8684
N9452	P3_U4889	NAND	8685
N9453	P3_U4890	NAND	8686
N9454	P3_U4891	NAND	8687
N9455	P3_U4892	NAND	8688
N9456	P3_U4893	NAND	8689
N9457	P3_U4894	NAND	8690
N9458	P3_U4895	NAND	8691
N9459	P3_U4896	NAND	8692
N9460	P3_U4897	NAND	8693
N9461	P3_U4898	NAND	8694
N9462	P3_U4899	NAND	8695
N9463	P3_U4900	NAND	8696
N9464	P3_U4901	NAND	8697
N9465	P3_U4902	NAND	8698
N9466	P3_U4903	NAND	8699
N9467	P3_U4904	NAND	8700
N9468	P3_U4905	NAND	8701
N9469	P3_U4906	NAND	8702
N9470	P3_U4907	NAND	8703
N9471	P3_U4908	NAND	8704
N9472	P3_U4909	NAND	8705
N9473	P3_U4910	NAND	8706
N9474	P3_U4911	NAND	8707
N9475	P3_U4912	NAND	8708
N9476	P3_U4913	NAND	8709
N9477	P3_U4914	NAND	8710
N9478	P3_U4915	NAND	8711
N9479	P3_U4916	NAND	8712
N9480	P3_U4917	NAND	8713
N9481	P3_U4918	NAND	8714
N9482	P3_U4919	NAND	8715
N9483	P3_U4920	NAND	8716
N9484	P3_U4921	NAND	8717
N9485	P3_U4922	NAND	8718
N9486	P3_U4923	NAND	8719
N9487	P3_U4924	NAND	8720
N9488	P3_U4925	NAND	8721
N9489	P3_U4926	NAND	8722
N9490	P3_U4927	NAND	8723
N9491	P3_U4928	NAND	8724
N9492	P3_U4929	NAND	8725
N9493	P3_U4930	NAND	8726
N9494	P3_U4931	NAND	8727
N9495	P3_U4932	NAND	8728
N9496	P3_U4933	NAND	8729
N9497	P3_U4934	NAND	8730
N9498	P3_U4935	NAND	8731
N9499	P3_U4936	NAND	8732
N9500	P3_U4937	NAND	8733
N9501	P3_U4938	NAND	8734
N9502	P3_U4939	NAND	8735
N9503	P3_U4940	NAND	8736
N9504	P3_U4941	NAND	8737
N9505	P3_U4942	NAND	8738
N9506	P3_U4943	NAND	8739
N9507	P3_U4944	NAND	8740
N9508	P3_U4945	NAND	8741
N9509	P3_U4946	NAND	8742
N9510	P3_U4947	NAND	8743
N9511	P3_U4948	NAND	8744
N9512	P3_U4949	NAND	8745
N9513	P3_U4950	NAND	8746
N9514	P3_U4951	NAND	8747
N9515	P3_U4952	NAND	8748
N9516	P3_U4953	NAND	8749
N9517	P3_U4954	NAND	8750
N9518	P3_U4955	NAND	8751
N9519	P3_U4956	NAND	8752
N9520	P3_U4957	NAND	8753
N9521	P3_U4958	NAND	8754
N9522	P3_U4959	NAND	8755
N9523	P3_U4960	NAND	8756
N9524	P3_U4961	NAND	8757
N9525	P3_U4962	NAND	8758
N9526	P3_U4963	NAND	8759
N9527	P3_U4964	NAND	8760
N9528	P3_U4965	NAND	8761
N9529	P3_U4966	NAND	8762
N9530	P3_U4967	NAND	8763
N9531	P3_U4968	NAND	8764
N9532	P3_U4969	NAND	8765
N9533	P3_U4970	NAND	8766
N9534	P3_U4971	NAND	8767
N9535	P3_U4972	NAND	8768
N9536	P3_U4973	NAND	8769
N9537	P3_U4974	NAND	8770
N9538	P3_U4975	NAND	8771
N9539	P3_U4976	NAND	8772
N9540	P3_U4977	NAND	8773
N9541	P3_U4978	NOT	8774
N9542	P3_U4979	NAND	8775
N9543	P3_U4980	NAND	8776
N9544	P3_U4981	NAND	8777
N9545	P3_U4982	NAND	8778
N9546	P3_U4983	NAND	8779
N9547	P3_U4984	NAND	8780
N9548	P3_U4985	NAND	8781
N9549	P3_U4986	NAND	8782
N9550	P3_U4987	NAND	8783
N9551	P3_U4988	NAND	8784
N9552	P3_U4989	NAND	8785
N9553	P3_U4990	NAND	8786
N9554	P3_U4991	NAND	8787
N9555	P3_U4992	NAND	8788
N9556	P3_U4993	NOT	8789
N9557	P3_U4994	NAND	8790
N9558	P3_U4995	NAND	8791
N9559	P3_U4996	NAND	8792
N9560	P3_U4997	NAND	8793
N9561	P3_U4998	NAND	8794
N9562	P3_U4999	NAND	8795
N9563	P3_U5000	NAND	8796
N9564	P3_U5001	NAND	8797
N9565	P3_U5002	NAND	8798
N9566	P3_U5003	NAND	8799
N9567	P3_U5004	NAND	8800
N9568	P3_U5005	NAND	8801
N9569	P3_U5006	NAND	8802
N9570	P3_U5007	NAND	8803
N9571	P3_U5008	NAND	8804
N9572	P3_U5009	NAND	8805
N9573	P3_U5010	NAND	8806
N9574	P3_U5011	NAND	8807
N9575	P3_U5012	NAND	8808
N9576	P3_U5013	NAND	8809
N9577	P3_U5014	NAND	8810
N9578	P3_U5015	NAND	8811
N9579	P3_U5016	NAND	8812
N9580	P3_U5017	NAND	8813
N9581	P3_U5018	NAND	8814
N9582	P3_U5019	NAND	8815
N9583	P3_U5020	NAND	8816
N9584	P3_U5021	NAND	8817
N9585	P3_U5022	NAND	8818
N9586	P3_U5023	NAND	8819
N9587	P3_U5024	NAND	8820
N9588	P3_U5025	NAND	8821
N9589	P3_U5026	NAND	8822
N9590	P3_U5027	NAND	8823
N9591	P3_U5028	NAND	8824
N9592	P3_U5029	NAND	8825
N9593	P3_U5030	NAND	8826
N9594	P3_U5031	NAND	8827
N9595	P3_U5032	NAND	8828
N9596	P3_U5033	NAND	8829
N9597	P3_U5034	NAND	8830
N9598	P3_U5035	NAND	8831
N9599	P3_U5036	NAND	8832
N9600	P3_U5037	NAND	8833
N9601	P3_U5038	NAND	8834
N9602	P3_U5039	NAND	8835
N9603	P3_U5040	NAND	8836
N9604	P3_U5041	NAND	8837
N9605	P3_U5042	NAND	8838
N9606	P3_U5043	NAND	8839
N9607	P3_U5044	NAND	8840
N9608	P3_U5045	NAND	8841
N9609	P3_U5046	NAND	8842
N9610	P3_U5047	NAND	8843
N9611	P3_U5048	NAND	8844
N9612	P3_U5049	NAND	8845
N9613	P3_U5050	NAND	8846
N9614	P3_U5051	NAND	8847
N9615	P3_U5052	NAND	8848
N9616	P3_U5053	NAND	8849
N9617	P3_U5054	NAND	8850
N9618	P3_U5055	NAND	8851
N9619	P3_U5056	NAND	8852
N9620	P3_U5057	NAND	8853
N9621	P3_U5058	NAND	8854
N9622	P3_U5059	NAND	8855
N9623	P3_U5060	NAND	8856
N9624	P3_U5061	NAND	8857
N9625	P3_U5062	NAND	8858
N9626	P3_U5063	NAND	8859
N9627	P3_U5064	NAND	8860
N9628	P3_U5065	NAND	8861
N9629	P3_U5066	NAND	8862
N9630	P3_U5067	NAND	8863
N9631	P3_U5068	NAND	8864
N9632	P3_U5069	NAND	8865
N9633	P3_U5070	NAND	8866
N9634	P3_U5071	NAND	8867
N9635	P3_U5072	NAND	8868
N9636	P3_U5073	NAND	8869
N9637	P3_U5074	NAND	8870
N9638	P3_U5075	NAND	8871
N9639	P3_U5076	NAND	8872
N9640	P3_U5077	NAND	8873
N9641	P3_U5078	NAND	8874
N9642	P3_U5079	NAND	8875
N9643	P3_U5080	NAND	8876
N9644	P3_U5081	NAND	8877
N9645	P3_U5082	NAND	8878
N9646	P3_U5083	NAND	8879
N9647	P3_U5084	NAND	8880
N9648	P3_U5085	NAND	8881
N9649	P3_U5086	NAND	8882
N9650	P3_U5087	NAND	8883
N9651	P3_U5088	NAND	8884
N9652	P3_U5089	NAND	8885
N9653	P3_U5090	NAND	8886
N9654	P3_U5091	NAND	8887
N9655	P3_U5092	NAND	8888
N9656	P3_U5093	NAND	8889
N9657	P3_U5094	NAND	8890
N9658	P3_U5095	NAND	8891
N9659	P3_U5096	NAND	8892
N9660	P3_U5097	NAND	8893
N9661	P3_U5098	NAND	8894
N9662	P3_U5099	NAND	8895
N9663	P3_U5100	NAND	8896
N9664	P3_U5101	NAND	8897
N9665	P3_U5102	NAND	8898
N9666	P3_U5103	NAND	8899
N9667	P3_U5104	NAND	8900
N9668	P3_U5105	NAND	8901
N9669	P3_U5106	NAND	8902
N9670	P3_U5107	NAND	8903
N9671	P3_U5108	NAND	8904
N9672	P3_U5109	NAND	8905
N9673	P3_U5110	NAND	8906
N9674	P3_U5111	NAND	8907
N9675	P3_U5112	NAND	8908
N9676	P3_U5113	NAND	8909
N9677	P3_U5114	NAND	8910
N9678	P3_U5115	NAND	8911
N9679	P3_U5116	NAND	8912
N9680	P3_U5117	NAND	8913
N9681	P3_U5118	NAND	8914
N9682	P3_U5119	NAND	8915
N9683	P3_U5120	NAND	8916
N9684	P3_U5121	NAND	8917
N9685	P3_U5122	NAND	8918
N9686	P3_U5123	NAND	8919
N9687	P3_U5124	NAND	8920
N9688	P3_U5125	NAND	8921
N9689	P3_U5126	NAND	8922
N9690	P3_U5127	NAND	8923
N9691	P3_U5128	NAND	8924
N9692	P3_U5129	NAND	8925
N9693	P3_U5130	NAND	8926
N9694	P3_U5131	NAND	8927
N9695	P3_U5132	NAND	8928
N9696	P3_U5133	NAND	8929
N9697	P3_U5134	NAND	8930
N9698	P3_U5135	NAND	8931
N9699	P3_U5136	NAND	8932
N9700	P3_U5137	NAND	8933
N9701	P3_U5138	NAND	8934
N9702	P3_U5139	NAND	8935
N9703	P3_U5140	NAND	8936
N9704	P3_U5141	NAND	8937
N9705	P3_U5142	NAND	8938
N9706	P3_U5143	NAND	8939
N9707	P3_U5144	NAND	8940
N9708	P3_U5145	NAND	8941
N9709	P3_U5146	NAND	8942
N9710	P3_U5147	NAND	8943
N9711	P3_U5148	NAND	8944
N9712	P3_U5149	NAND	8945
N9713	P3_U5150	NAND	8946
N9714	P3_U5151	NAND	8947
N9715	P3_U5152	NAND	8948
N9716	P3_U5153	NAND	8949
N9717	P3_U5154	NAND	8950
N9718	P3_U5155	NAND	8951
N9719	P3_U5156	NAND	8952
N9720	P3_U5157	NAND	8953
N9721	P3_U5158	NAND	8954
N9722	P3_U5159	NAND	8955
N9723	P3_U5160	NAND	8956
N9724	P3_U5161	NAND	8957
N9725	P3_U5162	NAND	8958
N9726	P3_U5163	NAND	8959
N9727	P3_U5164	NAND	8960
N9728	P3_U5165	NAND	8961
N9729	P3_U5166	NAND	8962
N9730	P3_U5167	NAND	8963
N9731	P3_U5168	NAND	8964
N9732	P3_U5169	NAND	8965
N9733	P3_U5170	NAND	8966
N9734	P3_U5171	NAND	8967
N9735	P3_U5172	NAND	8968
N9736	P3_U5173	NAND	8969
N9737	P3_U5174	NAND	8970
N9738	P3_U5175	NAND	8971
N9739	P3_U5176	NAND	8972
N9740	P3_U5177	NAND	8973
N9741	P3_U5178	NAND	8974
N9742	P3_U5179	NAND	8975
N9743	P3_U5180	NAND	8976
N9744	P3_U5181	NAND	8977
N9745	P3_U5182	NAND	8978
N9746	P3_U5183	NAND	8979
N9747	P3_U5184	NAND	8980
N9748	P3_U5185	NAND	8981
N9749	P3_U5186	NAND	8982
N9750	P3_U5187	NAND	8983
N9751	P3_U5188	NAND	8984
N9752	P3_U5189	NAND	8985
N9753	P3_U5190	NAND	8986
N9754	P3_U5191	NAND	8987
N9755	P3_U5192	NAND	8988
N9756	P3_U5193	NAND	8989
N9757	P3_U5194	NAND	8990
N9758	P3_U5195	NAND	8991
N9759	P3_U5196	NAND	8992
N9760	P3_U5197	NAND	8993
N9761	P3_U5198	NAND	8994
N9762	P3_U5199	NAND	8995
N9763	P3_U5200	NAND	8996
N9764	P3_U5201	NAND	8997
N9765	P3_U5202	NAND	8998
N9766	P3_U5203	NAND	8999
N9767	P3_U5204	NAND	9000
N9768	P3_U5205	NAND	9001
N9769	P3_U5206	NAND	9002
N9770	P3_U5207	NAND	9003
N9771	P3_U5208	NAND	9004
N9772	P3_U5209	NAND	9005
N9773	P3_U5210	NAND	9006
N9774	P3_U5211	NAND	9007
N9775	P3_U5212	NAND	9008
N9776	P3_U5213	NAND	9009
N9777	P3_U5214	NAND	9010
N9778	P3_U5215	NAND	9011
N9779	P3_U5216	NAND	9012
N9780	P3_U5217	NAND	9013
N9781	P3_U5218	NAND	9014
N9782	P3_U5219	NAND	9015
N9783	P3_U5220	NAND	9016
N9784	P3_U5221	NAND	9017
N9785	P3_U5222	NAND	9018
N9786	P3_U5223	NAND	9019
N9787	P3_U5224	NAND	9020
N9788	P3_U5225	NAND	9021
N9789	P3_U5226	NAND	9022
N9790	P3_U5227	NAND	9023
N9791	P3_U5228	NAND	9024
N9792	P3_U5229	NAND	9025
N9793	P3_U5230	NAND	9026
N9794	P3_U5231	NAND	9027
N9795	P3_U5232	NAND	9028
N9796	P3_U5233	NAND	9029
N9797	P3_U5234	NAND	9030
N9798	P3_U5235	NAND	9031
N9799	P3_U5236	NAND	9032
N9800	P3_U5237	NAND	9033
N9801	P3_U5238	NAND	9034
N9802	P3_U5239	NAND	9035
N9803	P3_U5240	NAND	9036
N9804	P3_U5241	NAND	9037
N9805	P3_U5242	NAND	9038
N9806	P3_U5243	NAND	9039
N9807	P3_U5244	NAND	9040
N9808	P3_U5245	NAND	9041
N9809	P3_U5246	NAND	9042
N9810	P3_U5247	NAND	9043
N9811	P3_U5248	NAND	9044
N9812	P3_U5249	NAND	9045
N9813	P3_U5250	NAND	9046
N9814	P3_U5251	NAND	9047
N9815	P3_U5252	NAND	9048
N9816	P3_U5253	NAND	9049
N9817	P3_U5254	NAND	9050
N9818	P3_U5255	NAND	9051
N9819	P3_U5256	NAND	9052
N9820	P3_U5257	NAND	9053
N9821	P3_U5258	NAND	9054
N9822	P3_U5259	NAND	9055
N9823	P3_U5260	NAND	9056
N9824	P3_U5261	NAND	9057
N9825	P3_U5262	NAND	9058
N9826	P3_U5263	NAND	9059
N9827	P3_U5264	NAND	9060
N9828	P3_U5265	NAND	9061
N9829	P3_U5266	NAND	9062
N9830	P3_U5267	NAND	9063
N9831	P3_U5268	NAND	9064
N9832	P3_U5269	NAND	9065
N9833	P3_U5270	NAND	9066
N9834	P3_U5271	NAND	9067
N9835	P3_U5272	NAND	9068
N9836	P3_U5273	NAND	9069
N9837	P3_U5274	NAND	9070
N9838	P3_U5275	NAND	9071
N9839	P3_U5276	NAND	9072
N9840	P3_U5277	NAND	9073
N9841	P3_U5278	NAND	9074
N9842	P3_U5279	NAND	9075
N9843	P3_U5280	NAND	9076
N9844	P3_U5281	NAND	9077
N9845	P3_U5282	NAND	9078
N9846	P3_U5283	NAND	9079
N9847	P3_U5284	NAND	9080
N9848	P3_U5285	NAND	9081
N9849	P3_U5286	NAND	9082
N9850	P3_U5287	NAND	9083
N9851	P3_U5288	NAND	9084
N9852	P3_U5289	NAND	9085
N9853	P3_U5290	NAND	9086
N9854	P3_U5291	NAND	9087
N9855	P3_U5292	NAND	9088
N9856	P3_U5293	NAND	9089
N9857	P3_U5294	NAND	9090
N9858	P3_U5295	NAND	9091
N9859	P3_U5296	NAND	9092
N9860	P3_U5297	NAND	9093
N9861	P3_U5298	NAND	9094
N9862	P3_U5299	NAND	9095
N9863	P3_U5300	NAND	9096
N9864	P3_U5301	NAND	9097
N9865	P3_U5302	NAND	9098
N9866	P3_U5303	NAND	9099
N9867	P3_U5304	NAND	9100
N9868	P3_U5305	NAND	9101
N9869	P3_U5306	NAND	9102
N9870	P3_U5307	NAND	9103
N9871	P3_U5308	NAND	9104
N9872	P3_U5309	NAND	9105
N9873	P3_U5310	NAND	9106
N9874	P3_U5311	NAND	9107
N9875	P3_U5312	NAND	9108
N9876	P3_U5313	NAND	9109
N9877	P3_U5314	NAND	9110
N9878	P3_U5315	NAND	9111
N9879	P3_U5316	NAND	9112
N9880	P3_U5317	NAND	9113
N9881	P3_U5318	NAND	9114
N9882	P3_U5319	NAND	9115
N9883	P3_U5320	NAND	9116
N9884	P3_U5321	NAND	9117
N9885	P3_U5322	NAND	9118
N9886	P3_U5323	NAND	9119
N9887	P3_U5324	NAND	9120
N9888	P3_U5325	NAND	9121
N9889	P3_U5326	NAND	9122
N9890	P3_U5327	NAND	9123
N9891	P3_U5328	NAND	9124
N9892	P3_U5329	NAND	9125
N9893	P3_U5330	NAND	9126
N9894	P3_U5331	NAND	9127
N9895	P3_U5332	NAND	9128
N9896	P3_U5333	NAND	9129
N9897	P3_U5334	NAND	9130
N9898	P3_U5335	NAND	9131
N9899	P3_U5336	NAND	9132
N9900	P3_U5337	NAND	9133
N9901	P3_U5338	NAND	9134
N9902	P3_U5339	NAND	9135
N9903	P3_U5340	NAND	9136
N9904	P3_U5341	NAND	9137
N9905	P3_U5342	NAND	9138
N9906	P3_U5343	NAND	9139
N9907	P3_U5344	NAND	9140
N9908	P3_U5345	NAND	9141
N9909	P3_U5346	NAND	9142
N9910	P3_U5347	NAND	9143
N9911	P3_U5348	NAND	9144
N9912	P3_U5349	NAND	9145
N9913	P3_U5350	NAND	9146
N9914	P3_U5351	NAND	9147
N9915	P3_U5352	NAND	9148
N9916	P3_U5353	NAND	9149
N9917	P3_U5354	NAND	9150
N9918	P3_U5355	NAND	9151
N9919	P3_U5356	NAND	9152
N9920	P3_U5357	NAND	9153
N9921	P3_U5358	NAND	9154
N9922	P3_U5359	NAND	9155
N9923	P3_U5360	NAND	9156
N9924	P3_U5361	NAND	9157
N9925	P3_U5362	NAND	9158
N9926	P3_U5363	NAND	9159
N9927	P3_U5364	NAND	9160
N9928	P3_U5365	NAND	9161
N9929	P3_U5366	NAND	9162
N9930	P3_U5367	NAND	9163
N9931	P3_U5368	NAND	9164
N9932	P3_U5369	NAND	9165
N9933	P3_U5370	NAND	9166
N9934	P3_U5371	NAND	9167
N9935	P3_U5372	NAND	9168
N9936	P3_U5373	NAND	9169
N9937	P3_U5374	NAND	9170
N9938	P3_U5375	NAND	9171
N9939	P3_U5376	NAND	9172
N9940	P3_U5377	NAND	9173
N9941	P3_U5378	NAND	9174
N9942	P3_U5379	NAND	9175
N9943	P3_U5380	NAND	9176
N9944	P3_U5381	NAND	9177
N9945	P3_U5382	NAND	9178
N9946	P3_U5383	NAND	9179
N9947	P3_U5384	NAND	9180
N9948	P3_U5385	NAND	9181
N9949	P3_U5386	NAND	9182
N9950	P3_U5387	NAND	9183
N9951	P3_U5388	NAND	9184
N9952	P3_U5389	NAND	9185
N9953	P3_U5390	NAND	9186
N9954	P3_U5391	NAND	9187
N9955	P3_U5392	NAND	9188
N9956	P3_U5393	NAND	9189
N9957	P3_U5394	NAND	9190
N9958	P3_U5395	NAND	9191
N9959	P3_U5396	NAND	9192
N9960	P3_U5397	NAND	9193
N9961	P3_U5398	NAND	9194
N9962	P3_U5399	NAND	9195
N9963	P3_U5400	NAND	9196
N9964	P3_U5401	NAND	9197
N9965	P3_U5402	NAND	9198
N9966	P3_U5403	NAND	9199
N9967	P3_U5404	NAND	9200
N9968	P3_U5405	NAND	9201
N9969	P3_U5406	NAND	9202
N9970	P3_U5407	NAND	9203
N9971	P3_U5408	NAND	9204
N9972	P3_U5409	NAND	9205
N9973	P3_U5410	NAND	9206
N9974	P3_U5411	NAND	9207
N9975	P3_U5412	NAND	9208
N9976	P3_U5413	NAND	9209
N9977	P3_U5414	NAND	9210
N9978	P3_U5415	NAND	9211
N9979	P3_U5416	NAND	9212
N9980	P3_U5417	NAND	9213
N9981	P3_U5418	NAND	9214
N9982	P3_U5419	NOT	9215
N9983	P3_U5420	NAND	9216
N9984	P3_U5421	NAND	9217
N9985	P3_U5422	NAND	9218
N9986	P3_U5423	NAND	9219
N9987	P3_U5424	NAND	9220
N9988	P3_U5425	NAND	9221
N9989	P3_U5426	NAND	9222
N9990	P3_U5427	NAND	9223
N9991	P3_U5428	NOT	9224
N9992	P3_U5429	NAND	9225
N9993	P3_U5430	NAND	9226
N9994	P3_U5431	NOT	9227
N9995	P3_U5432	NAND	9228
N9996	P3_U5433	NAND	9229
N9997	P3_U5434	NOT	9230
N9998	P3_U5435	NAND	9231
N9999	P3_U5436	NAND	9232
N10000	P3_U5437	NAND	9233
N10001	P3_U5438	NAND	9234
N10002	P3_U5439	NAND	9235
N10003	P3_U5440	NOT	9236
N10004	P3_U5441	NAND	9237
N10005	P3_U5442	NAND	9238
N10006	P3_U5443	NAND	9239
N10007	P3_U5444	NAND	9240
N10008	P3_U5445	NAND	9241
N10009	P3_U5446	NAND	9242
N10010	P3_U5447	NOT	9243
N10011	P3_U5448	NAND	9244
N10012	P3_U5449	NAND	9245
N10013	P3_U5450	NOT	9246
N10014	P3_U5451	NAND	9247
N10015	P3_U5452	NAND	9248
N10016	P3_U5453	NOT	9249
N10017	P3_U5454	NAND	9250
N10018	P3_U5455	NAND	9251
N10019	P3_U5456	NOT	9252
N10020	P3_U5457	NAND	9253
N10021	P3_U5458	NAND	9254
N10022	P3_U5459	NOT	9255
N10023	P3_U5460	NAND	9256
N10024	P3_U5461	NAND	9257
N10025	P3_U5462	NOT	9258
N10026	P3_U5463	NAND	9259
N10027	P3_U5464	NAND	9260
N10028	P3_U5465	NOT	9261
N10029	P3_U5466	NAND	9262
N10030	P3_U5467	NAND	9263
N10031	P3_U5468	NOT	9264
N10032	P3_U5469	NAND	9265
N10033	P3_U5470	NAND	9266
N10034	P3_U5471	NAND	9267
N10035	P3_U5472	NAND	9268
N10036	P3_U5473	NOT	9269
N10037	P3_U5474	NAND	9270
N10038	P3_U5475	NAND	9271
N10039	P3_U5476	NOT	9272
N10040	P3_U5477	NAND	9273
N10041	P3_U5478	NAND	9274
N10042	P3_U5479	NOT	9275
N10043	P3_U5480	NAND	9276
N10044	P3_U5481	NAND	9277
N10045	P3_U5482	NAND	9278
N10046	P3_U5483	NAND	9279
N10047	P3_U5484	NAND	9280
N10048	P3_U5485	NAND	9281
N10049	P3_U5486	NAND	9282
N10050	P3_U5487	NAND	9283
N10051	P3_U5488	NAND	9284
N10052	P3_U5489	NOT	9285
N10053	P3_U5490	NAND	9286
N10054	P3_U5491	NAND	9287
N10055	P3_U5492	NAND	9288
N10056	P3_U5493	NAND	9289
N10057	P3_U5494	NAND	9290
N10058	P3_U5495	NAND	9291
N10059	P3_U5496	NOT	9292
N10060	P3_U5497	NAND	9293
N10061	P3_U5498	NAND	9294
N10062	P3_U5499	NAND	9295
N10063	P3_U5500	NAND	9296
N10064	P3_U5501	NAND	9297
N10065	P3_U5502	NAND	9298
N10066	P3_U5503	NOT	9299
N10067	P3_U5504	NAND	9300
N10068	P3_U5505	NAND	9301
N10069	P3_U5506	NAND	9302
N10070	P3_U5507	NAND	9303
N10071	P3_U5508	NAND	9304
N10072	P3_U5509	NAND	9305
N10073	P3_U5510	NOT	9306
N10074	P3_U5511	NAND	9307
N10075	P3_U5512	NAND	9308
N10076	P3_U5513	NAND	9309
N10077	P3_U5514	NAND	9310
N10078	P3_U5515	NAND	9311
N10079	P3_U5516	NAND	9312
N10080	P3_U5517	NOT	9313
N10081	P3_U5518	NAND	9314
N10082	P3_U5519	NAND	9315
N10083	P3_U5520	NAND	9316
N10084	P3_U5521	NAND	9317
N10085	P3_U5522	NAND	9318
N10086	P3_U5523	NAND	9319
N10087	P3_U5524	NOT	9320
N10088	P3_U5525	NAND	9321
N10089	P3_U5526	NAND	9322
N10090	P3_U5527	NAND	9323
N10091	P3_U5528	NAND	9324
N10092	P3_U5529	NAND	9325
N10093	P3_U5530	NAND	9326
N10094	P3_U5531	NOT	9327
N10095	P3_U5532	NAND	9328
N10096	P3_U5533	NAND	9329
N10097	P3_U5534	NAND	9330
N10098	P3_U5535	NAND	9331
N10099	P3_U5536	NAND	9332
N10100	P3_U5537	NAND	9333
N10101	P3_U5538	NOT	9334
N10102	P3_U5539	NAND	9335
N10103	P3_U5540	NAND	9336
N10104	P3_U5541	NAND	9337
N10105	P3_U5542	NAND	9338
N10106	P3_U5543	NAND	9339
N10107	P3_U5544	NAND	9340
N10108	P3_U5545	NOT	9341
N10109	P3_U5546	NAND	9342
N10110	P3_U5547	NAND	9343
N10111	P3_U5548	NAND	9344
N10112	P3_U5549	NAND	9345
N10113	P3_U5550	NAND	9346
N10114	P3_U5551	NAND	9347
N10115	P3_U5552	NOT	9348
N10116	P3_U5553	NAND	9349
N10117	P3_U5554	NAND	9350
N10118	P3_U5555	NAND	9351
N10119	P3_U5556	NAND	9352
N10120	P3_U5557	NAND	9353
N10121	P3_U5558	NAND	9354
N10122	P3_U5559	NOT	9355
N10123	P3_U5560	NAND	9356
N10124	P3_U5561	NAND	9357
N10125	P3_U5562	NAND	9358
N10126	P3_U5563	NAND	9359
N10127	P3_U5564	NAND	9360
N10128	P3_U5565	NAND	9361
N10129	P3_U5566	NOT	9362
N10130	P3_U5567	NAND	9363
N10131	P3_U5568	NAND	9364
N10132	P3_U5569	NAND	9365
N10133	P3_U5570	NAND	9366
N10134	P3_U5571	NAND	9367
N10135	P3_U5572	NAND	9368
N10136	P3_U5573	NOT	9369
N10137	P3_U5574	NAND	9370
N10138	P3_U5575	NAND	9371
N10139	P3_U5576	NAND	9372
N10140	P3_U5577	NAND	9373
N10141	P3_U5578	NAND	9374
N10142	P3_U5579	NAND	9375
N10143	P3_U5580	NOT	9376
N10144	P3_U5581	NAND	9377
N10145	P3_U5582	NAND	9378
N10146	P3_U5583	NAND	9379
N10147	P3_U5584	NAND	9380
N10148	P3_U5585	NAND	9381
N10149	P3_U5586	NAND	9382
N10150	P3_U5587	NOT	9383
N10151	P3_U5588	NAND	9384
N10152	P3_U5589	NAND	9385
N10153	P3_U5590	NAND	9386
N10154	P3_U5591	NAND	9387
N10155	P3_U5592	NAND	9388
N10156	P3_U5593	NAND	9389
N10157	P3_U5594	NOT	9390
N10158	P3_U5595	NAND	9391
N10159	P3_U5596	NAND	9392
N10160	P3_U5597	NAND	9393
N10161	P3_U5598	NAND	9394
N10162	P3_U5599	NAND	9395
N10163	P3_U5600	NAND	9396
N10164	P3_U5601	NOT	9397
N10165	P3_U5602	NAND	9398
N10166	P3_U5603	NAND	9399
N10167	P3_U5604	NAND	9400
N10168	P3_U5605	NAND	9401
N10169	P3_U5606	NAND	9402
N10170	P3_U5607	NAND	9403
N10171	P3_U5608	NOT	9404
N10172	P3_U5609	NAND	9405
N10173	P3_U5610	NAND	9406
N10174	P3_U5611	NAND	9407
N10175	P3_U5612	NAND	9408
N10176	P3_U5613	NOT	9409
N10177	P3_U5614	NAND	9410
N10178	P3_U5615	NAND	9411
N10179	P3_U5616	NAND	9412
N10180	P3_U5617	NAND	9413
N10181	P3_U5618	NAND	9414
N10182	P3_U5619	NAND	9415
N10183	P3_U5620	NAND	9416
N10184	P3_U5621	NAND	9417
N10185	P3_U5622	NAND	9418
N10186	P3_U5623	NAND	9419
N10187	P3_U5624	NAND	9420
N10188	P3_U5625	NAND	9421
N10189	P3_U5626	NAND	9422
N10190	P3_U5627	NAND	9423
N10191	P3_U5628	NAND	9424
N10192	P3_U5629	NAND	9425
N10193	P3_U5630	NAND	9426
N10194	P3_U5631	NAND	9427
N10195	P3_U5632	NAND	9428
N10196	P3_U5633	NAND	9429
N10197	P3_U5634	NAND	9430
N10198	P3_U5635	NAND	9431
N10199	P3_U5636	NAND	9432
N10200	P3_U5637	NAND	9433
N10201	P3_U5638	NAND	9434
N10202	P3_U5639	NAND	9435
N10203	P3_U5640	NAND	9436
N10204	P3_U5641	NAND	9437
N10205	P3_U5642	NAND	9438
N10206	P3_U5643	NAND	9439
N10207	P3_U5644	NAND	9440
N10208	P3_U5645	NAND	9441
N10209	P3_U5646	NAND	9442
N10210	P3_U5647	NAND	9443
N10211	P3_U5648	NAND	9444
N10212	P3_U5649	NAND	9445
N10213	P3_U5650	NAND	9446
N10214	P3_U5651	NAND	9447
N10215	P3_U5652	NAND	9448
N10216	P3_U5653	NAND	9449
N10217	P3_U5654	NAND	9450
N10218	P3_U5655	NAND	9451
N10219	P3_U5656	NAND	9452
N10220	P3_U5657	NAND	9453
N10221	P3_U5658	NAND	9454
N10222	P3_U5659	NAND	9455
N10223	P3_U5660	NAND	9456
N10224	P3_U5661	NAND	9457
N10225	P3_U5662	NAND	9458
N10226	P3_U5663	NAND	9459
N10227	P3_U5664	NAND	9460
N10228	P3_U5665	NAND	9461
N10229	P3_U5666	NAND	9462
N10230	P3_U5667	NAND	9463
N10231	P3_U5668	NAND	9464
N10232	P3_U5669	NAND	9465
N10233	P3_U5670	NAND	9466
N10234	P3_U5671	NAND	9467
N10235	P3_U5672	NAND	9468
N10236	P3_U5673	NAND	9469
N10237	P3_U5674	NAND	9470
N10238	P3_U5675	NAND	9471
N10239	P3_U5676	NAND	9472
N10240	P3_U5677	NAND	9473
N10241	P3_U5678	NAND	9474
N10242	P3_U5679	NAND	9475
N10243	P3_U5680	NAND	9476
N10244	P3_U5681	NAND	9477
N10245	P3_U5682	NAND	9478
N10246	P3_U5683	NAND	9479
N10247	P3_U5684	NAND	9480
N10248	P3_U5685	NAND	9481
N10249	P3_U5686	NAND	9482
N10250	P3_U5687	NAND	9483
N10251	P3_U5688	NAND	9484
N10252	P3_U5689	NAND	9485
N10253	P3_U5690	NAND	9486
N10254	P3_U5691	NAND	9487
N10255	P3_U5692	NAND	9488
N10256	P3_U5693	NAND	9489
N10257	P3_U5694	NAND	9490
N10258	P3_U5695	NAND	9491
N10259	P3_U5696	NAND	9492
N10260	P3_U5697	NAND	9493
N10261	P3_U5698	NAND	9494
N10262	P3_U5699	NAND	9495
N10263	P3_U5700	NAND	9496
N10264	P3_U5701	NAND	9497
N10265	P3_U5702	NAND	9498
N10266	P3_U5703	NAND	9499
N10267	P3_U5704	NAND	9500
N10268	P3_U5705	NAND	9501
N10269	P3_U5706	NAND	9502
N10270	P3_U5707	NAND	9503
N10271	P3_U5708	NAND	9504
N10272	P3_U5709	NAND	9505
N10273	P3_U5710	NAND	9506
N10274	P3_U5711	NAND	9507
N10275	P3_U5712	NAND	9508
N10276	P3_U5713	NAND	9509
N10277	P3_U5714	NAND	9510
N10278	P3_U5715	NAND	9511
N10279	P3_U5716	NAND	9512
N10280	P3_U5717	NAND	9513
N10281	P3_U5718	NAND	9514
N10282	P3_U5719	NAND	9515
N10283	P3_U5720	NAND	9516
N10284	P3_U5721	NAND	9517
N10285	P3_U5722	NAND	9518
N10286	P3_U5723	NAND	9519
N10287	P3_U5724	NAND	9520
N10288	P3_U5725	NAND	9521
N10289	P3_U5726	NAND	9522
N10290	P3_U5727	NAND	9523
N10291	P3_U5728	NAND	9524
N10292	P3_U5729	NAND	9525
N10293	P3_U5730	NAND	9526
N10294	P3_U5731	NAND	9527
N10295	P3_U5732	NAND	9528
N10296	P3_U5733	NAND	9529
N10297	P3_U5734	NAND	9530
N10298	P3_U5735	NAND	9531
N10299	P3_U5736	NAND	9532
N10300	P3_U5737	NAND	9533
N10301	P3_U5738	NAND	9534
N10302	P3_U5739	NAND	9535
N10303	P3_U5740	NAND	9536
N10304	P3_U5741	NAND	9537
N10305	P3_U5742	NAND	9538
N10306	P3_U5743	NAND	9539
N10307	P3_U5744	NAND	9540
N10308	P3_U5745	NAND	9541
N10309	P3_U5746	NAND	9542
N10310	P3_U5747	NAND	9543
N10311	P3_U5748	NAND	9544
N10312	P3_U5749	NAND	9545
N10313	P3_U5750	NAND	9546
N10314	P3_U5751	NAND	9547
N10315	P3_U5752	NAND	9548
N10316	P3_U5753	NAND	9549
N10317	P3_U5754	NAND	9550
N10318	P3_U5755	NAND	9551
N10319	P3_U5756	NAND	9552
N10320	P3_U5757	NAND	9553
N10321	P3_U5758	NAND	9554
N10322	P3_U5759	NAND	9555
N10323	P3_U5760	NAND	9556
N10324	P3_U5761	NAND	9557
N10325	P3_U5762	NAND	9558
N10326	P3_U5763	NAND	9559
N10327	P3_U5764	NAND	9560
N10328	P3_U5765	NAND	9561
N10329	P3_U5766	NAND	9562
N10330	P3_U5767	NAND	9563
N10331	P3_U5768	NAND	9564
N10332	P3_U5769	NAND	9565
N10333	P3_U5770	NAND	9566
N10334	P3_U5771	NAND	9567
N10335	P3_U5772	NAND	9568
N10336	P3_U5773	NAND	9569
N10337	P3_U5774	NAND	9570
N10338	P3_U5775	NAND	9571
N10339	P3_U5776	NAND	9572
N10340	P3_U5777	NAND	9573
N10341	P3_U5778	NAND	9574
N10342	P3_U5779	NAND	9575
N10343	P3_U5780	NAND	9576
N10344	P3_U5781	NAND	9577
N10345	P3_U5782	NAND	9578
N10346	P3_U5783	NAND	9579
N10347	P3_U5784	NAND	9580
N10348	P3_U5785	NAND	9581
N10349	P3_U5786	NAND	9582
N10350	P3_U5787	NAND	9583
N10351	P3_U5788	NAND	9584
N10352	P3_U5789	NAND	9585
N10353	P3_U5790	NAND	9586
N10354	P3_U5791	NAND	9587
N10355	P3_U5792	NAND	9588
N10356	P3_U5793	NAND	9589
N10357	P3_U5794	NAND	9590
N10358	P3_U5795	NAND	9591
N10359	P3_U5796	NAND	9592
N10360	P3_U5797	NAND	9593
N10361	P3_U5798	NAND	9594
N10362	P3_U5799	NAND	9595
N10363	P3_U5800	NAND	9596
N10364	P3_U5801	NAND	9597
N10365	P3_U5802	NAND	9598
N10366	P3_U5803	NAND	9599
N10367	P3_U5804	NAND	9600
N10368	P3_U5805	NAND	9601
N10369	P3_U5806	NAND	9602
N10370	P3_U5807	NAND	9603
N10371	P3_U5808	NAND	9604
N10372	P3_U5809	NAND	9605
N10373	P3_U5810	NAND	9606
N10374	P3_U5811	NAND	9607
N10375	P3_U5812	NAND	9608
N10376	P3_U5813	NAND	9609
N10377	P3_U5814	NAND	9610
N10378	P3_U5815	NAND	9611
N10379	P3_U5816	NAND	9612
N10380	P3_U5817	NAND	9613
N10381	P3_U5818	NAND	9614
N10382	P3_U5819	NAND	9615
N10383	P3_U5820	NAND	9616
N10384	P3_U5821	NAND	9617
N10385	P3_U5822	NAND	9618
N10386	P3_U5823	NAND	9619
N10387	P3_U5824	NAND	9620
N10388	P3_U5825	NAND	9621
N10389	P3_U5826	NAND	9622
N10390	P3_U5827	NAND	9623
N10391	P3_U5828	NAND	9624
N10392	P3_U5829	NAND	9625
N10393	P3_U5830	NAND	9626
N10394	P3_U5831	NAND	9627
N10395	P3_U5832	NAND	9628
N10396	P3_U5833	NAND	9629
N10397	P3_U5834	NAND	9630
N10398	P3_U5835	NOT	9631
N10399	P3_U5836	NAND	9632
N10400	P3_U5837	NAND	9633
N10401	P3_U5838	NAND	9634
N10402	P3_U5839	NAND	9635
N10403	P3_U5840	NAND	9636
N10404	P3_U5841	NAND	9637
N10405	P3_U5842	NAND	9638
N10406	P3_U5843	NAND	9639
N10407	P3_U5844	NAND	9640
N10408	P3_U5845	NAND	9641
N10409	P3_U5846	NAND	9642
N10410	P3_U5847	NAND	9643
N10411	P3_U5848	NAND	9644
N10412	P3_U5849	NAND	9645
N10413	P3_U5850	NAND	9646
N10414	P3_U5851	NAND	9647
N10415	P3_U5852	NAND	9648
N10416	P3_U5853	NAND	9649
N10417	P3_U5854	NAND	9650
N10418	P3_U5855	NAND	9651
N10419	P3_U5856	NAND	9652
N10420	P3_U5857	NAND	9653
N10421	P3_U5858	NAND	9654
N10422	P3_U5859	NAND	9655
N10423	P3_U5860	NAND	9656
N10424	P3_U5861	NAND	9657
N10425	P3_U5862	NAND	9658
N10426	P3_U5863	NAND	9659
N10427	P3_U5864	NAND	9660
N10428	P3_U5865	NAND	9661
N10429	P3_U5866	NAND	9662
N10430	P3_U5867	NAND	9663
N10431	P3_U5868	NAND	9664
N10432	P3_U5869	NAND	9665
N10433	P3_U5870	NAND	9666
N10434	P3_U5871	NAND	9667
N10435	P3_U5872	NAND	9668
N10436	P3_U5873	NAND	9669
N10437	P3_U5874	NAND	9670
N10438	P3_U5875	NAND	9671
N10439	P3_U5876	NAND	9672
N10440	P3_U5877	NAND	9673
N10441	P3_U5878	NAND	9674
N10442	P3_U5879	NAND	9675
N10443	P3_U5880	NAND	9676
N10444	P3_U5881	NAND	9677
N10445	P3_U5882	NAND	9678
N10446	P3_U5883	NAND	9679
N10447	P3_U5884	NAND	9680
N10448	P3_U5885	NAND	9681
N10449	P3_U5886	NAND	9682
N10450	P3_U5887	NAND	9683
N10451	P3_U5888	NAND	9684
N10452	P3_U5889	NAND	9685
N10453	P3_U5890	NAND	9686
N10454	P3_U5891	NAND	9687
N10455	P3_U5892	NAND	9688
N10456	P3_U5893	NAND	9689
N10457	P3_U5894	NAND	9690
N10458	P3_U5895	NAND	9691
N10459	P3_U5896	NAND	9692
N10460	P3_U5897	NAND	9693
N10461	P3_U5898	NAND	9694
N10462	P3_U5899	NAND	9695
N10463	P3_U5900	NAND	9696
N10464	P3_U5901	NAND	9697
N10465	P3_U5902	NAND	9698
N10466	P3_U5903	NAND	9699
N10467	P3_U5904	NAND	9700
N10468	P3_U5905	NAND	9701
N10469	P3_U5906	NAND	9702
N10470	P3_U5907	NAND	9703
N10471	P3_U5908	NAND	9704
N10472	P3_U5909	NAND	9705
N10473	P3_U5910	NAND	9706
N10474	P3_U5911	NAND	9707
N10475	P3_U5912	NAND	9708
N10476	P3_U5913	NAND	9709
N10477	P3_U5914	NAND	9710
N10478	P3_U5915	NAND	9711
N10479	P3_U5916	NAND	9712
N10480	P3_U5917	NAND	9713
N10481	P3_U5918	NAND	9714
N10482	P3_U5919	NAND	9715
N10483	P3_U5920	NAND	9716
N10484	P3_U5921	NAND	9717
N10485	P3_U5922	NAND	9718
N10486	P3_U5923	NAND	9719
N10487	P3_U5924	NAND	9720
N10488	P3_U5925	NAND	9721
N10489	P3_U5926	NAND	9722
N10490	P3_U5927	NAND	9723
N10491	P3_U5928	NAND	9724
N10492	P3_U5929	NAND	9725
N10493	P3_U5930	NAND	9726
N10494	P3_U5931	NAND	9727
N10495	P3_U5932	NAND	9728
N10496	P3_U5933	NAND	9729
N10497	P3_U5934	NAND	9730
N10498	P3_U5935	NAND	9731
N10499	P3_U5936	NAND	9732
N10500	P3_U5937	NAND	9733
N10501	P3_U5938	NAND	9734
N10502	P3_U5939	NAND	9735
N10503	P3_U5940	NAND	9736
N10504	P3_U5941	NAND	9737
N10505	P3_U5942	NAND	9738
N10506	P3_U5943	NAND	9739
N10507	P3_U5944	NAND	9740
N10508	P3_U5945	NAND	9741
N10509	P3_U5946	NAND	9742
N10510	P3_U5947	NAND	9743
N10511	P3_U5948	NAND	9744
N10512	P3_U5949	NAND	9745
N10513	P3_U5950	NAND	9746
N10514	P3_U5951	NAND	9747
N10515	P3_U5952	NAND	9748
N10516	P3_U5953	NAND	9749
N10517	P3_U5954	NAND	9750
N10518	P3_U5955	NAND	9751
N10519	P3_U5956	NAND	9752
N10520	P3_U5957	NAND	9753
N10521	P3_U5958	NAND	9754
N10522	P3_U5959	NAND	9755
N10523	P3_U5960	NAND	9756
N10524	P3_U5961	NAND	9757
N10525	P3_U5962	NAND	9758
N10526	P3_U5963	NAND	9759
N10527	P3_U5964	NAND	9760
N10528	P3_U5965	NAND	9761
N10529	P3_U5966	NAND	9762
N10530	P3_U5967	NAND	9763
N10531	P3_U5968	NAND	9764
N10532	P3_U5969	NAND	9765
N10533	P3_U5970	NAND	9766
N10534	P3_U5971	NAND	9767
N10535	P3_U5972	NAND	9768
N10536	P3_U5973	NAND	9769
N10537	P3_U5974	NAND	9770
N10538	P3_U5975	NAND	9771
N10539	P3_U5976	NAND	9772
N10540	P3_U5977	NAND	9773
N10541	P3_U5978	NAND	9774
N10542	P3_U5979	NAND	9775
N10543	P3_U5980	NAND	9776
N10544	P3_U5981	NAND	9777
N10545	P3_U5982	NAND	9778
N10546	P3_U5983	NAND	9779
N10547	P3_U5984	NAND	9780
N10548	P3_U5985	NAND	9781
N10549	P3_U5986	NAND	9782
N10550	P3_U5987	NAND	9783
N10551	P3_U5988	NAND	9784
N10552	P3_U5989	NAND	9785
N10553	P3_U5990	NAND	9786
N10554	P3_U5991	NAND	9787
N10555	P3_U5992	NAND	9788
N10556	P3_U5993	NAND	9789
N10557	P3_U5994	NAND	9790
N10558	P3_U5995	NAND	9791
N10559	P3_U5996	NAND	9792
N10560	P3_U5997	NAND	9793
N10561	P3_U5998	NAND	9794
N10562	P3_U5999	NAND	9795
N10563	P3_U6000	NAND	9796
N10564	P3_U6001	NAND	9797
N10565	P3_U6002	NAND	9798
N10566	P3_U6003	NAND	9799
N10567	P3_U6004	NAND	9800
N10568	P3_U6005	NAND	9801
N10569	P3_U6006	NAND	9802
N10570	P3_U6007	NAND	9803
N10571	P3_U6008	NAND	9804
N10572	P3_U6009	NAND	9805
N10573	P3_U6010	NAND	9806
N10574	P3_U6011	NAND	9807
N10575	P3_U6012	NAND	9808
N10576	P3_U6013	NAND	9809
N10577	P3_U6014	NAND	9810
N10578	P3_U6015	NAND	9811
N10579	P3_U6016	NAND	9812
N10580	P3_U6017	NAND	9813
N10581	P3_U6018	NAND	9814
N10582	P3_U6019	NAND	9815
N10583	P3_U6020	NAND	9816
N10584	P3_U6021	NAND	9817
N10585	P3_U6022	NAND	9818
N10586	P3_U6023	NAND	9819
N10587	P3_U6024	NAND	9820
N10588	P3_U6025	NAND	9821
N10589	P3_U6026	NAND	9822
N10590	P3_U6027	NAND	9823
N10591	P3_U6028	NAND	9824
N10592	P3_U6029	NAND	9825
N10593	P3_U6030	NAND	9826
N10594	P3_U6031	NAND	9827
N10595	P3_U6032	NAND	9828
N10596	P3_U6033	NAND	9829
N10597	P3_U6034	NAND	9830
N10598	P3_U6035	NAND	9831
N10599	P3_U6036	NAND	9832
N10600	P3_U6037	NAND	9833
N10601	P3_U6038	NAND	9834
N10602	P3_U6039	NAND	9835
N10603	P3_U6040	NAND	9836
N10604	P3_U6041	NAND	9837
N10605	P3_U6042	NAND	9838
N10606	P3_U6043	NAND	9839
N10607	P3_U6044	NAND	9840
N10608	P3_U6045	NAND	9841
N10609	P3_U6046	NAND	9842
N10610	P3_U6047	NAND	9843
N10611	P3_U6048	NAND	9844
N10612	SUB_1605_U6	AND	9845
N10613	SUB_1605_U7	AND	9846
N10614	SUB_1605_U8	AND	9847
N10615	SUB_1605_U9	AND	9848
N10616	SUB_1605_U10	AND	9849
N10617	SUB_1605_U11	AND	9850
N10618	SUB_1605_U12	NAND	9851
N10619	SUB_1605_U13	NAND	9852
N10620	SUB_1605_U14	NOT	9853
N10621	SUB_1605_U15	NOT	9854
N10622	SUB_1605_U16	NOT	9855
N10623	SUB_1605_U17	NOT	9856
N10624	SUB_1605_U18	NOT	9857
N10625	SUB_1605_U19	NOT	9858
N10626	SUB_1605_U20	NOT	9859
N10627	SUB_1605_U21	NAND	9860
N10628	SUB_1605_U22	NOT	9861
N10629	SUB_1605_U23	NOT	9862
N10630	SUB_1605_U24	NOT	9863
N10631	SUB_1605_U25	NOT	9864
N10632	SUB_1605_U26	NOT	9865
N10633	SUB_1605_U27	NOT	9866
N10634	SUB_1605_U28	NOT	9867
N10635	SUB_1605_U29	NOT	9868
N10636	SUB_1605_U30	NOT	9869
N10637	SUB_1605_U31	NOT	9870
N10638	SUB_1605_U32	NOT	9871
N10639	SUB_1605_U33	NOT	9872
N10640	SUB_1605_U34	NOT	9873
N10641	SUB_1605_U35	NOT	9874
N10642	SUB_1605_U36	NOT	9875
N10643	SUB_1605_U37	NOT	9876
N10644	SUB_1605_U38	NOT	9877
N10645	SUB_1605_U39	NAND	9878
N10646	SUB_1605_U40	NOT	9879
N10647	SUB_1605_U41	NOT	9880
N10648	SUB_1605_U42	NOT	9881
N10649	SUB_1605_U43	NOT	9882
N10650	SUB_1605_U44	NOT	9883
N10651	SUB_1605_U45	NOT	9884
N10652	SUB_1605_U46	NOT	9885
N10653	SUB_1605_U47	NOT	9886
N10654	SUB_1605_U48	NOT	9887
N10655	SUB_1605_U49	NOT	9888
N10656	SUB_1605_U50	NOT	9889
N10657	SUB_1605_U51	NOT	9890
N10658	SUB_1605_U52	NOT	9891
N10659	SUB_1605_U53	NOT	9892
N10660	SUB_1605_U54	NOT	9893
N10661	SUB_1605_U55	NOT	9894
N10662	SUB_1605_U56	NOT	9895
N10663	SUB_1605_U57	NOT	9896
N10664	SUB_1605_U58	NOT	9897
N10665	SUB_1605_U59	NOT	9898
N10666	SUB_1605_U60	NOT	9899
N10667	SUB_1605_U61	NOT	9900
N10668	SUB_1605_U62	NOT	9901
N10669	SUB_1605_U63	NOT	9902
N10670	SUB_1605_U64	NOT	9903
N10671	SUB_1605_U65	NOT	9904
N10672	SUB_1605_U66	NOT	9905
N10673	SUB_1605_U67	NOT	9906
N10674	SUB_1605_U68	NOT	9907
N10675	SUB_1605_U69	NOT	9908
N10676	SUB_1605_U70	NOT	9909
N10677	SUB_1605_U71	NOT	9910
N10678	SUB_1605_U72	NOT	9911
N10679	SUB_1605_U73	NOT	9912
N10680	SUB_1605_U74	NOT	9913
N10681	SUB_1605_U75	NOT	9914
N10682	SUB_1605_U76	NAND	9915
N10683	SUB_1605_U77	NAND	9916
N10684	SUB_1605_U78	NOT	9917
N10685	SUB_1605_U79	NAND	9918
N10686	SUB_1605_U80	NAND	9919
N10687	SUB_1605_U81	NAND	9920
N10688	SUB_1605_U82	NAND	9921
N10689	SUB_1605_U83	NAND	9922
N10690	SUB_1605_U84	NAND	9923
N10691	SUB_1605_U85	NAND	9924
N10692	SUB_1605_U86	NAND	9925
N10693	SUB_1605_U87	NAND	9926
N10694	SUB_1605_U88	NAND	9927
N10695	SUB_1605_U89	NAND	9928
N10696	SUB_1605_U90	NAND	9929
N10697	SUB_1605_U91	NAND	9930
N10698	SUB_1605_U92	NAND	9931
N10699	SUB_1605_U93	NAND	9932
N10700	SUB_1605_U94	NAND	9933
N10701	SUB_1605_U95	NAND	9934
N10702	SUB_1605_U96	NAND	9935
N10703	SUB_1605_U97	NAND	9936
N10704	SUB_1605_U98	NAND	9937
N10705	SUB_1605_U99	NAND	9938
N10706	SUB_1605_U100	NAND	9939
N10707	SUB_1605_U101	NAND	9940
N10708	SUB_1605_U102	NAND	9941
N10709	SUB_1605_U103	NAND	9942
N10710	SUB_1605_U104	NAND	9943
N10711	SUB_1605_U105	NAND	9944
N10712	SUB_1605_U106	NAND	9945
N10713	SUB_1605_U107	NAND	9946
N10714	SUB_1605_U108	NAND	9947
N10715	SUB_1605_U109	AND	9948
N10716	SUB_1605_U110	AND	9949
N10717	SUB_1605_U111	AND	9950
N10718	SUB_1605_U112	AND	9951
N10719	SUB_1605_U113	AND	9952
N10720	SUB_1605_U114	AND	9953
N10721	SUB_1605_U115	AND	9954
N10722	SUB_1605_U116	NAND	9955
N10723	SUB_1605_U117	NAND	9956
N10724	SUB_1605_U118	AND	9957
N10725	SUB_1605_U119	NAND	9958
N10726	SUB_1605_U120	NAND	9959
N10727	SUB_1605_U121	NAND	9960
N10728	SUB_1605_U122	NAND	9961
N10729	SUB_1605_U123	NAND	9962
N10730	SUB_1605_U124	AND	9963
N10731	SUB_1605_U125	AND	9964
N10732	SUB_1605_U126	AND	9965
N10733	SUB_1605_U127	AND	9966
N10734	SUB_1605_U128	AND	9967
N10735	SUB_1605_U129	NAND	9968
N10736	SUB_1605_U130	NAND	9969
N10737	SUB_1605_U131	NAND	9970
N10738	SUB_1605_U132	NAND	9971
N10739	SUB_1605_U133	NAND	9972
N10740	SUB_1605_U134	NAND	9973
N10741	SUB_1605_U135	NAND	9974
N10742	SUB_1605_U136	NAND	9975
N10743	SUB_1605_U137	NAND	9976
N10744	SUB_1605_U138	NAND	9977
N10745	SUB_1605_U139	NAND	9978
N10746	SUB_1605_U140	NAND	9979
N10747	SUB_1605_U141	NAND	9980
N10748	SUB_1605_U142	NAND	9981
N10749	SUB_1605_U143	NAND	9982
N10750	SUB_1605_U144	NAND	9983
N10751	SUB_1605_U145	NAND	9984
N10752	SUB_1605_U146	NAND	9985
N10753	SUB_1605_U147	NAND	9986
N10754	SUB_1605_U148	NAND	9987
N10755	SUB_1605_U149	NAND	9988
N10756	SUB_1605_U150	NAND	9989
N10757	SUB_1605_U151	NAND	9990
N10758	SUB_1605_U152	NAND	9991
N10759	SUB_1605_U153	NAND	9992
N10760	SUB_1605_U154	NAND	9993
N10761	SUB_1605_U155	NAND	9994
N10762	SUB_1605_U156	NAND	9995
N10763	SUB_1605_U157	NAND	9996
N10764	SUB_1605_U158	NAND	9997
N10765	SUB_1605_U159	NOT	9998
N10766	SUB_1605_U160	NOT	9999
N10767	SUB_1605_U161	AND	10000
N10768	SUB_1605_U162	NAND	10001
N10769	SUB_1605_U163	NAND	10002
N10770	SUB_1605_U164	NAND	10003
N10771	SUB_1605_U165	NAND	10004
N10772	SUB_1605_U166	NAND	10005
N10773	SUB_1605_U167	NAND	10006
N10774	SUB_1605_U168	NAND	10007
N10775	SUB_1605_U169	NAND	10008
N10776	SUB_1605_U170	NAND	10009
N10777	SUB_1605_U171	NAND	10010
N10778	SUB_1605_U172	NAND	10011
N10779	SUB_1605_U173	NAND	10012
N10780	SUB_1605_U174	NOT	10013
N10781	SUB_1605_U175	NAND	10014
N10782	SUB_1605_U176	NAND	10015
N10783	SUB_1605_U177	NAND	10016
N10784	SUB_1605_U178	NAND	10017
N10785	SUB_1605_U179	NAND	10018
N10786	SUB_1605_U180	NAND	10019
N10787	SUB_1605_U181	NAND	10020
N10788	SUB_1605_U182	NAND	10021
N10789	SUB_1605_U183	NAND	10022
N10790	SUB_1605_U184	NAND	10023
N10791	SUB_1605_U185	NAND	10024
N10792	SUB_1605_U186	NAND	10025
N10793	SUB_1605_U187	NOT	10026
N10794	SUB_1605_U188	NAND	10027
N10795	SUB_1605_U189	NOT	10028
N10796	SUB_1605_U190	NAND	10029
N10797	SUB_1605_U191	NAND	10030
N10798	SUB_1605_U192	NAND	10031
N10799	SUB_1605_U193	NOT	10032
N10800	SUB_1605_U194	NAND	10033
N10801	SUB_1605_U195	NAND	10034
N10802	SUB_1605_U196	NOT	10035
N10803	SUB_1605_U197	NAND	10036
N10804	SUB_1605_U198	NAND	10037
N10805	SUB_1605_U199	NOT	10038
N10806	SUB_1605_U200	NAND	10039
N10807	SUB_1605_U201	NAND	10040
N10808	SUB_1605_U202	NAND	10041
N10809	SUB_1605_U203	NAND	10042
N10810	SUB_1605_U204	NAND	10043
N10811	SUB_1605_U205	NAND	10044
N10812	SUB_1605_U206	NAND	10045
N10813	SUB_1605_U207	NAND	10046
N10814	SUB_1605_U208	NAND	10047
N10815	SUB_1605_U209	NAND	10048
N10816	SUB_1605_U210	NOT	10049
N10817	SUB_1605_U211	NOT	10050
N10818	SUB_1605_U212	NAND	10051
N10819	SUB_1605_U213	NAND	10052
N10820	SUB_1605_U214	NOT	10053
N10821	SUB_1605_U215	NAND	10054
N10822	SUB_1605_U216	NAND	10055
N10823	SUB_1605_U217	NOT	10056
N10824	SUB_1605_U218	NAND	10057
N10825	SUB_1605_U219	NAND	10058
N10826	SUB_1605_U220	NOT	10059
N10827	SUB_1605_U221	NAND	10060
N10828	SUB_1605_U222	NAND	10061
N10829	SUB_1605_U223	NAND	10062
N10830	SUB_1605_U224	NOT	10063
N10831	SUB_1605_U225	NAND	10064
N10832	SUB_1605_U226	NAND	10065
N10833	SUB_1605_U227	NAND	10066
N10834	SUB_1605_U228	NOT	10067
N10835	SUB_1605_U229	NAND	10068
N10836	SUB_1605_U230	NAND	10069
N10837	SUB_1605_U231	NAND	10070
N10838	SUB_1605_U232	NOT	10071
N10839	SUB_1605_U233	NAND	10072
N10840	SUB_1605_U234	NAND	10073
N10841	SUB_1605_U235	NAND	10074
N10842	SUB_1605_U236	NOT	10075
N10843	SUB_1605_U237	NAND	10076
N10844	SUB_1605_U238	NAND	10077
N10845	SUB_1605_U239	NAND	10078
N10846	SUB_1605_U240	NOT	10079
N10847	SUB_1605_U241	NAND	10080
N10848	SUB_1605_U242	NAND	10081
N10849	SUB_1605_U243	NAND	10082
N10850	SUB_1605_U244	NOT	10083
N10851	SUB_1605_U245	NAND	10084
N10852	SUB_1605_U246	NAND	10085
N10853	SUB_1605_U247	NAND	10086
N10854	SUB_1605_U248	NOT	10087
N10855	SUB_1605_U249	NAND	10088
N10856	SUB_1605_U250	NAND	10089
N10857	SUB_1605_U251	NAND	10090
N10858	SUB_1605_U252	NOT	10091
N10859	SUB_1605_U253	NAND	10092
N10860	SUB_1605_U254	NAND	10093
N10861	SUB_1605_U255	NAND	10094
N10862	SUB_1605_U256	NOT	10095
N10863	SUB_1605_U257	NAND	10096
N10864	SUB_1605_U258	NAND	10097
N10865	SUB_1605_U259	NAND	10098
N10866	SUB_1605_U260	NOT	10099
N10867	SUB_1605_U261	NAND	10100
N10868	SUB_1605_U262	NAND	10101
N10869	SUB_1605_U263	NAND	10102
N10870	SUB_1605_U264	NOT	10103
N10871	SUB_1605_U265	NAND	10104
N10872	SUB_1605_U266	NAND	10105
N10873	SUB_1605_U267	NAND	10106
N10874	SUB_1605_U268	NOT	10107
N10875	SUB_1605_U269	NAND	10108
N10876	SUB_1605_U270	NAND	10109
N10877	SUB_1605_U271	NAND	10110
N10878	SUB_1605_U272	NOT	10111
N10879	SUB_1605_U273	NAND	10112
N10880	SUB_1605_U274	NAND	10113
N10881	SUB_1605_U275	NAND	10114
N10882	SUB_1605_U276	NOT	10115
N10883	SUB_1605_U277	NAND	10116
N10884	SUB_1605_U278	NAND	10117
N10885	SUB_1605_U279	NAND	10118
N10886	SUB_1605_U280	NOT	10119
N10887	SUB_1605_U281	NAND	10120
N10888	SUB_1605_U282	NAND	10121
N10889	SUB_1605_U283	NAND	10122
N10890	SUB_1605_U284	NOT	10123
N10891	SUB_1605_U285	NAND	10124
N10892	SUB_1605_U286	NAND	10125
N10893	SUB_1605_U287	NAND	10126
N10894	SUB_1605_U288	NOT	10127
N10895	SUB_1605_U289	NAND	10128
N10896	SUB_1605_U290	NAND	10129
N10897	SUB_1605_U291	NAND	10130
N10898	SUB_1605_U292	NAND	10131
N10899	SUB_1605_U293	NAND	10132
N10900	SUB_1605_U294	NAND	10133
N10901	SUB_1605_U295	NAND	10134
N10902	SUB_1605_U296	NAND	10135
N10903	SUB_1605_U297	NAND	10136
N10904	SUB_1605_U298	NAND	10137
N10905	SUB_1605_U299	NAND	10138
N10906	SUB_1605_U300	NAND	10139
N10907	SUB_1605_U301	NOT	10140
N10908	SUB_1605_U302	NAND	10141
N10909	SUB_1605_U303	NAND	10142
N10910	SUB_1605_U304	NAND	10143
N10911	SUB_1605_U305	NAND	10144
N10912	SUB_1605_U306	NOT	10145
N10913	SUB_1605_U307	NAND	10146
N10914	SUB_1605_U308	NAND	10147
N10915	SUB_1605_U309	NOT	10148
N10916	SUB_1605_U310	NAND	10149
N10917	SUB_1605_U311	NAND	10150
N10918	SUB_1605_U312	NAND	10151
N10919	SUB_1605_U313	NAND	10152
N10920	SUB_1605_U314	NAND	10153
N10921	SUB_1605_U315	NAND	10154
N10922	SUB_1605_U316	NOT	10155
N10923	SUB_1605_U317	NAND	10156
N10924	SUB_1605_U318	NOT	10157
N10925	SUB_1605_U319	NAND	10158
N10926	SUB_1605_U320	NOT	10159
N10927	SUB_1605_U321	NAND	10160
N10928	SUB_1605_U322	NOT	10161
N10929	SUB_1605_U323	NAND	10162
N10930	SUB_1605_U324	NAND	10163
N10931	SUB_1605_U325	NAND	10164
N10932	SUB_1605_U326	NOT	10165
N10933	SUB_1605_U327	NAND	10166
N10934	SUB_1605_U328	NAND	10167
N10935	SUB_1605_U329	NAND	10168
N10936	SUB_1605_U330	NAND	10169
N10937	SUB_1605_U331	NOT	10170
N10938	SUB_1605_U332	NAND	10171
N10939	SUB_1605_U333	NAND	10172
N10940	SUB_1605_U334	NAND	10173
N10941	SUB_1605_U335	NAND	10174
N10942	SUB_1605_U336	NOT	10175
N10943	SUB_1605_U337	NAND	10176
N10944	SUB_1605_U338	NAND	10177
N10945	SUB_1605_U339	NAND	10178
N10946	SUB_1605_U340	NAND	10179
N10947	SUB_1605_U341	NOT	10180
N10948	SUB_1605_U342	NAND	10181
N10949	SUB_1605_U343	NAND	10182
N10950	SUB_1605_U344	NAND	10183
N10951	SUB_1605_U345	NAND	10184
N10952	SUB_1605_U346	NOT	10185
N10953	SUB_1605_U347	NAND	10186
N10954	SUB_1605_U348	NAND	10187
N10955	SUB_1605_U349	NAND	10188
N10956	SUB_1605_U350	NAND	10189
N10957	SUB_1605_U351	NOT	10190
N10958	SUB_1605_U352	NAND	10191
N10959	SUB_1605_U353	NAND	10192
N10960	SUB_1605_U354	NAND	10193
N10961	SUB_1605_U355	NAND	10194
N10962	SUB_1605_U356	NOT	10195
N10963	SUB_1605_U357	NAND	10196
N10964	SUB_1605_U358	NAND	10197
N10965	SUB_1605_U359	NAND	10198
N10966	SUB_1605_U360	NAND	10199
N10967	SUB_1605_U361	NAND	10200
N10968	SUB_1605_U362	NAND	10201
N10969	SUB_1605_U363	NAND	10202
N10970	SUB_1605_U364	NAND	10203
N10971	SUB_1605_U365	NAND	10204
N10972	SUB_1605_U366	NAND	10205
N10973	SUB_1605_U367	NAND	10206
N10974	SUB_1605_U368	NOT	10207
N10975	SUB_1605_U369	NAND	10208
N10976	SUB_1605_U370	NAND	10209
N10977	SUB_1605_U371	NAND	10210
N10978	SUB_1605_U372	NAND	10211
N10979	SUB_1605_U373	NOT	10212
N10980	SUB_1605_U374	NAND	10213
N10981	SUB_1605_U375	NAND	10214
N10982	SUB_1605_U376	NAND	10215
N10983	SUB_1605_U377	NAND	10216
N10984	SUB_1605_U378	NOT	10217
N10985	SUB_1605_U379	NAND	10218
N10986	SUB_1605_U380	NAND	10219
N10987	SUB_1605_U381	NAND	10220
N10988	SUB_1605_U382	NAND	10221
N10989	SUB_1605_U383	NOT	10222
N10990	SUB_1605_U384	NAND	10223
N10991	SUB_1605_U385	NAND	10224
N10992	SUB_1605_U386	NAND	10225
N10993	SUB_1605_U387	NAND	10226
N10994	SUB_1605_U388	NOT	10227
N10995	SUB_1605_U389	NAND	10228
N10996	SUB_1605_U390	NAND	10229
N10997	SUB_1605_U391	NAND	10230
N10998	SUB_1605_U392	NAND	10231
N10999	SUB_1605_U393	NOT	10232
N11000	SUB_1605_U394	NAND	10233
N11001	SUB_1605_U395	NAND	10234
N11002	SUB_1605_U396	NAND	10235
N11003	SUB_1605_U397	NAND	10236
N11004	SUB_1605_U398	NOT	10237
N11005	SUB_1605_U399	NAND	10238
N11006	SUB_1605_U400	NAND	10239
N11007	SUB_1605_U401	NAND	10240
N11008	SUB_1605_U402	NAND	10241
N11009	SUB_1605_U403	NOT	10242
N11010	SUB_1605_U404	NAND	10243
N11011	SUB_1605_U405	NAND	10244
N11012	SUB_1605_U406	NAND	10245
N11013	SUB_1605_U407	NAND	10246
N11014	SUB_1605_U408	NOT	10247
N11015	SUB_1605_U409	NAND	10248
N11016	SUB_1605_U410	NAND	10249
N11017	SUB_1605_U411	NAND	10250
N11018	SUB_1605_U412	NAND	10251
N11019	SUB_1605_U413	NOT	10252
N11020	SUB_1605_U414	NAND	10253
N11021	SUB_1605_U415	NAND	10254
N11022	SUB_1605_U416	NAND	10255
N11023	SUB_1605_U417	NAND	10256
N11024	SUB_1605_U418	NOT	10257
N11025	SUB_1605_U419	NAND	10258
N11026	SUB_1605_U420	NAND	10259
N11027	SUB_1605_U421	NAND	10260
N11028	SUB_1605_U422	NAND	10261
N11029	SUB_1605_U423	NOT	10262
N11030	SUB_1605_U424	NAND	10263
N11031	SUB_1605_U425	NAND	10264
N11032	SUB_1605_U426	NAND	10265
N11033	SUB_1605_U427	NAND	10266
N11034	SUB_1605_U428	NOT	10267
N11035	SUB_1605_U429	NAND	10268
N11036	SUB_1605_U430	NAND	10269
N11037	SUB_1605_U431	NAND	10270
N11038	SUB_1605_U432	NAND	10271
N11039	SUB_1605_U433	NOT	10272
N11040	SUB_1605_U434	NAND	10273
N11041	SUB_1605_U435	NAND	10274
N11042	SUB_1605_U436	NAND	10275
N11043	SUB_1605_U437	NAND	10276
N11044	SUB_1605_U438	NOT	10277
N11045	SUB_1605_U439	NAND	10278
N11046	SUB_1605_U440	NAND	10279
N11047	SUB_1605_U441	NAND	10280
N11048	SUB_1605_U442	NAND	10281
N11049	SUB_1605_U443	NOT	10282
N11050	SUB_1605_U444	NAND	10283
N11051	SUB_1605_U445	NAND	10284
N11052	SUB_1605_U446	NAND	10285
N11053	SUB_1605_U447	NAND	10286
N11054	SUB_1605_U448	NOT	10287
N11055	SUB_1605_U449	NAND	10288
N11056	SUB_1605_U450	NAND	10289
N11057	SUB_1605_U451	NAND	10290
N11058	SUB_1605_U452	NAND	10291
N11059	SUB_1605_U453	NOT	10292
N11060	SUB_1605_U454	NAND	10293
N11061	SUB_1605_U455	NAND	10294
N11062	SUB_1605_U456	NAND	10295
N11063	SUB_1605_U457	NAND	10296
N11064	SUB_1605_U458	NOT	10297
N11065	SUB_1605_U459	NAND	10298
N11066	SUB_1605_U460	NAND	10299
N11067	SUB_1605_U461	NAND	10300
N11068	SUB_1605_U462	NAND	10301
N11069	SUB_1605_U463	NOT	10302
N11070	SUB_1605_U464	NAND	10303
N11071	SUB_1605_U465	NAND	10304
N11072	SUB_1605_U466	NAND	10305
N11073	SUB_1605_U467	NAND	10306
N11074	SUB_1605_U468	NOT	10307
N11075	SUB_1605_U469	NAND	10308
N11076	SUB_1605_U470	NAND	10309
N11077	SUB_1605_U471	NAND	10310
N11078	SUB_1605_U472	NAND	10311
N11079	SUB_1605_U473	NOT	10312
N11080	SUB_1605_U474	NAND	10313
N11081	SUB_1605_U475	NAND	10314
N11082	SUB_1605_U476	NAND	10315
N11083	SUB_1605_U477	NAND	10316
N11084	SUB_1605_U478	NOT	10317
N11085	SUB_1605_U479	NAND	10318
N11086	SUB_1605_U480	NAND	10319
N11087	R152_U4	AND	10320
N11088	R152_U5	AND	10321
N11089	R152_U6	AND	10322
N11090	R152_U7	AND	10323
N11091	R152_U8	AND	10324
N11092	R152_U9	AND	10325
N11093	R152_U10	AND	10326
N11094	R152_U11	AND	10327
N11095	R152_U12	AND	10328
N11096	R152_U13	NAND	10329
N11097	R152_U14	NOT	10330
N11098	R152_U15	NOT	10331
N11099	R152_U16	NOT	10332
N11100	R152_U17	NOT	10333
N11101	R152_U18	NAND	10334
N11102	R152_U19	NOT	10335
N11103	R152_U20	NOT	10336
N11104	R152_U21	NOT	10337
N11105	R152_U22	NOT	10338
N11106	R152_U23	NOT	10339
N11107	R152_U24	NOT	10340
N11108	R152_U25	NOT	10341
N11109	R152_U26	NOT	10342
N11110	R152_U27	NOT	10343
N11111	R152_U28	NOT	10344
N11112	R152_U29	NAND	10345
N11113	R152_U30	NOT	10346
N11114	R152_U31	NOT	10347
N11115	R152_U32	NOT	10348
N11116	R152_U33	NOT	10349
N11117	R152_U34	NAND	10350
N11118	R152_U35	NOT	10351
N11119	R152_U36	NOT	10352
N11120	R152_U37	NAND	10353
N11121	R152_U38	NOT	10354
N11122	R152_U39	NOT	10355
N11123	R152_U40	NOT	10356
N11124	R152_U41	NOT	10357
N11125	R152_U42	NOT	10358
N11126	R152_U43	NOT	10359
N11127	R152_U44	NOT	10360
N11128	R152_U45	NOT	10361
N11129	R152_U46	NOT	10362
N11130	R152_U47	NOT	10363
N11131	R152_U48	NAND	10364
N11132	R152_U49	NOT	10365
N11133	R152_U50	NOT	10366
N11134	R152_U51	NOT	10367
N11135	R152_U52	NOT	10368
N11136	R152_U53	NOT	10369
N11137	R152_U54	NOT	10370
N11138	R152_U55	NOT	10371
N11139	R152_U56	NOT	10372
N11140	R152_U57	NOT	10373
N11141	R152_U58	NOT	10374
N11142	R152_U59	NOT	10375
N11143	R152_U60	NOT	10376
N11144	R152_U61	NOT	10377
N11145	R152_U62	NOT	10378
N11146	R152_U63	NOT	10379
N11147	R152_U64	NOT	10380
N11148	R152_U65	NOT	10381
N11149	R152_U66	NOT	10382
N11150	R152_U67	NOT	10383
N11151	R152_U68	NOT	10384
N11152	R152_U69	NOT	10385
N11153	R152_U70	NOT	10386
N11154	R152_U71	NOT	10387
N11155	R152_U72	NOT	10388
N11156	R152_U73	NOT	10389
N11157	R152_U74	NOT	10390
N11158	R152_U75	NOT	10391
N11159	R152_U76	NOT	10392
N11160	R152_U77	NOT	10393
N11161	R152_U78	NOT	10394
N11162	R152_U79	NOT	10395
N11163	R152_U80	NOT	10396
N11164	R152_U81	NAND	10397
N11165	R152_U82	NAND	10398
N11166	R152_U83	NAND	10399
N11167	R152_U84	NAND	10400
N11168	R152_U85	NAND	10401
N11169	R152_U86	NAND	10402
N11170	R152_U87	NAND	10403
N11171	R152_U88	NAND	10404
N11172	R152_U89	NAND	10405
N11173	R152_U90	NAND	10406
N11174	R152_U91	NAND	10407
N11175	R152_U92	NAND	10408
N11176	R152_U93	NAND	10409
N11177	R152_U94	NAND	10410
N11178	R152_U95	NAND	10411
N11179	R152_U96	NAND	10412
N11180	R152_U97	NAND	10413
N11181	R152_U98	NAND	10414
N11182	R152_U99	NAND	10415
N11183	R152_U100	NAND	10416
N11184	R152_U101	NAND	10417
N11185	R152_U102	NAND	10418
N11186	R152_U103	NAND	10419
N11187	R152_U104	NAND	10420
N11188	R152_U105	NAND	10421
N11189	R152_U106	NAND	10422
N11190	R152_U107	NAND	10423
N11191	R152_U108	NAND	10424
N11192	R152_U109	NAND	10425
N11193	R152_U110	NAND	10426
N11194	R152_U111	NAND	10427
N11195	R152_U112	NAND	10428
N11196	R152_U113	NAND	10429
N11197	R152_U114	AND	10430
N11198	R152_U115	AND	10431
N11199	R152_U116	AND	10432
N11200	R152_U117	AND	10433
N11201	R152_U118	AND	10434
N11202	R152_U119	AND	10435
N11203	R152_U120	AND	10436
N11204	R152_U121	AND	10437
N11205	R152_U122	AND	10438
N11206	R152_U123	AND	10439
N11207	R152_U124	AND	10440
N11208	R152_U125	AND	10441
N11209	R152_U126	AND	10442
N11210	R152_U127	AND	10443
N11211	R152_U128	AND	10444
N11212	R152_U129	AND	10445
N11213	R152_U130	AND	10446
N11214	R152_U131	NAND	10447
N11215	R152_U132	AND	10448
N11216	R152_U133	NAND	10449
N11217	R152_U134	AND	10450
N11218	R152_U135	NAND	10451
N11219	R152_U136	AND	10452
N11220	R152_U137	NAND	10453
N11221	R152_U138	AND	10454
N11222	R152_U139	NAND	10455
N11223	R152_U140	AND	10456
N11224	R152_U141	NAND	10457
N11225	R152_U142	AND	10458
N11226	R152_U143	NAND	10459
N11227	R152_U144	NOT	10460
N11228	R152_U145	NOT	10461
N11229	R152_U146	AND	10462
N11230	R152_U147	AND	10463
N11231	R152_U148	NAND	10464
N11232	R152_U149	NAND	10465
N11233	R152_U150	AND	10466
N11234	R152_U151	NAND	10467
N11235	R152_U152	AND	10468
N11236	R152_U153	NAND	10469
N11237	R152_U154	AND	10470
N11238	R152_U155	NAND	10471
N11239	R152_U156	AND	10472
N11240	R152_U157	NAND	10473
N11241	R152_U158	AND	10474
N11242	R152_U159	NAND	10475
N11243	R152_U160	AND	10476
N11244	R152_U161	NAND	10477
N11245	R152_U162	AND	10478
N11246	R152_U163	NAND	10479
N11247	R152_U164	AND	10480
N11248	R152_U165	NAND	10481
N11249	R152_U166	AND	10482
N11250	R152_U167	NAND	10483
N11251	R152_U168	AND	10484
N11252	R152_U169	NAND	10485
N11253	R152_U170	NAND	10486
N11254	R152_U171	NAND	10487
N11255	R152_U172	AND	10488
N11256	R152_U173	AND	10489
N11257	R152_U174	NAND	10490
N11258	R152_U175	AND	10491
N11259	R152_U176	NAND	10492
N11260	R152_U177	AND	10493
N11261	R152_U178	NAND	10494
N11262	R152_U179	AND	10495
N11263	R152_U180	NAND	10496
N11264	R152_U181	AND	10497
N11265	R152_U182	NAND	10498
N11266	R152_U183	AND	10499
N11267	R152_U184	NAND	10500
N11268	R152_U185	AND	10501
N11269	R152_U186	NAND	10502
N11270	R152_U187	AND	10503
N11271	R152_U188	NAND	10504
N11272	R152_U189	AND	10505
N11273	R152_U190	NAND	10506
N11274	R152_U191	AND	10507
N11275	R152_U192	NAND	10508
N11276	R152_U193	NAND	10509
N11277	R152_U194	NOT	10510
N11278	R152_U195	NOT	10511
N11279	R152_U196	OR	10512
N11280	R152_U197	NOT	10513
N11281	R152_U198	NOT	10514
N11282	R152_U199	OR	10515
N11283	R152_U200	NAND	10516
N11284	R152_U201	NAND	10517
N11285	R152_U202	OR	10518
N11286	R152_U203	NAND	10519
N11287	R152_U204	NOT	10520
N11288	R152_U205	NOT	10521
N11289	R152_U206	OR	10522
N11290	R152_U207	NAND	10523
N11291	R152_U208	NOT	10524
N11292	R152_U209	OR	10525
N11293	R152_U210	NAND	10526
N11294	R152_U211	NOT	10527
N11295	R152_U212	OR	10528
N11296	R152_U213	NOT	10529
N11297	R152_U214	OR	10530
N11298	R152_U215	NAND	10531
N11299	R152_U216	OR	10532
N11300	R152_U217	NAND	10533
N11301	R152_U218	OR	10534
N11302	R152_U219	NAND	10535
N11303	R152_U220	OR	10536
N11304	R152_U221	NOT	10537
N11305	R152_U222	OR	10538
N11306	R152_U223	NAND	10539
N11307	R152_U224	OR	10540
N11308	R152_U225	NAND	10541
N11309	R152_U226	OR	10542
N11310	R152_U227	NAND	10543
N11311	R152_U228	OR	10544
N11312	R152_U229	NAND	10545
N11313	R152_U230	OR	10546
N11314	R152_U231	NAND	10547
N11315	R152_U232	NAND	10548
N11316	R152_U233	NOT	10549
N11317	R152_U234	OR	10550
N11318	R152_U235	NAND	10551
N11319	R152_U236	NAND	10552
N11320	R152_U237	NOT	10553
N11321	R152_U238	OR	10554
N11322	R152_U239	NAND	10555
N11323	R152_U240	NAND	10556
N11324	R152_U241	NOT	10557
N11325	R152_U242	OR	10558
N11326	R152_U243	NAND	10559
N11327	R152_U244	NAND	10560
N11328	R152_U245	NOT	10561
N11329	R152_U246	OR	10562
N11330	R152_U247	NAND	10563
N11331	R152_U248	NAND	10564
N11332	R152_U249	NOT	10565
N11333	R152_U250	OR	10566
N11334	R152_U251	NAND	10567
N11335	R152_U252	NAND	10568
N11336	R152_U253	NOT	10569
N11337	R152_U254	OR	10570
N11338	R152_U255	NAND	10571
N11339	R152_U256	NAND	10572
N11340	R152_U257	NOT	10573
N11341	R152_U258	OR	10574
N11342	R152_U259	NAND	10575
N11343	R152_U260	NAND	10576
N11344	R152_U261	NOT	10577
N11345	R152_U262	OR	10578
N11346	R152_U263	NAND	10579
N11347	R152_U264	NAND	10580
N11348	R152_U265	NOT	10581
N11349	R152_U266	OR	10582
N11350	R152_U267	NAND	10583
N11351	R152_U268	NAND	10584
N11352	R152_U269	NOT	10585
N11353	R152_U270	OR	10586
N11354	R152_U271	NAND	10587
N11355	R152_U272	NAND	10588
N11356	R152_U273	NOT	10589
N11357	R152_U274	OR	10590
N11358	R152_U275	NAND	10591
N11359	R152_U276	NAND	10592
N11360	R152_U277	NOT	10593
N11361	R152_U278	OR	10594
N11362	R152_U279	NAND	10595
N11363	R152_U280	NAND	10596
N11364	R152_U281	NOT	10597
N11365	R152_U282	OR	10598
N11366	R152_U283	NAND	10599
N11367	R152_U284	NAND	10600
N11368	R152_U285	NOT	10601
N11369	R152_U286	NAND	10602
N11370	R152_U287	OR	10603
N11371	R152_U288	NAND	10604
N11372	R152_U289	NAND	10605
N11373	R152_U290	NAND	10606
N11374	R152_U291	NAND	10607
N11375	R152_U292	NAND	10608
N11376	R152_U293	NAND	10609
N11377	R152_U294	NAND	10610
N11378	R152_U295	NOT	10611
N11379	R152_U296	NAND	10612
N11380	R152_U297	NAND	10613
N11381	R152_U298	NAND	10614
N11382	R152_U299	NAND	10615
N11383	R152_U300	NAND	10616
N11384	R152_U301	NOT	10617
N11385	R152_U302	NAND	10618
N11386	R152_U303	NAND	10619
N11387	R152_U304	NAND	10620
N11388	R152_U305	NAND	10621
N11389	R152_U306	NOT	10622
N11390	R152_U307	NAND	10623
N11391	R152_U308	NOT	10624
N11392	R152_U309	NAND	10625
N11393	R152_U310	NAND	10626
N11394	R152_U311	NAND	10627
N11395	R152_U312	NAND	10628
N11396	R152_U313	NAND	10629
N11397	R152_U314	NOT	10630
N11398	R152_U315	NAND	10631
N11399	R152_U316	NAND	10632
N11400	R152_U317	NAND	10633
N11401	R152_U318	NAND	10634
N11402	R152_U319	NAND	10635
N11403	R152_U320	NOT	10636
N11404	R152_U321	NAND	10637
N11405	R152_U322	NOT	10638
N11406	R152_U323	NAND	10639
N11407	R152_U324	NOT	10640
N11408	R152_U325	NAND	10641
N11409	R152_U326	NOT	10642
N11410	R152_U327	NAND	10643
N11411	R152_U328	NOT	10644
N11412	R152_U329	NAND	10645
N11413	R152_U330	NOT	10646
N11414	R152_U331	NAND	10647
N11415	R152_U332	NOT	10648
N11416	R152_U333	NAND	10649
N11417	R152_U334	NOT	10650
N11418	R152_U335	NAND	10651
N11419	R152_U336	NOT	10652
N11420	R152_U337	NAND	10653
N11421	R152_U338	NAND	10654
N11422	R152_U339	NAND	10655
N11423	R152_U340	NAND	10656
N11424	R152_U341	NAND	10657
N11425	R152_U342	NAND	10658
N11426	R152_U343	NAND	10659
N11427	R152_U344	NAND	10660
N11428	R152_U345	NAND	10661
N11429	R152_U346	NAND	10662
N11430	R152_U347	NAND	10663
N11431	R152_U348	NAND	10664
N11432	R152_U349	NAND	10665
N11433	R152_U350	NAND	10666
N11434	R152_U351	NAND	10667
N11435	R152_U352	NAND	10668
N11436	R152_U353	NAND	10669
N11437	R152_U354	NAND	10670
N11438	R152_U355	NAND	10671
N11439	R152_U356	NAND	10672
N11440	R152_U357	NAND	10673
N11441	R152_U358	NAND	10674
N11442	R152_U359	NAND	10675
N11443	R152_U360	NAND	10676
N11444	R152_U361	NAND	10677
N11445	R152_U362	NAND	10678
N11446	R152_U363	NAND	10679
N11447	R152_U364	NAND	10680
N11448	R152_U365	NAND	10681
N11449	R152_U366	NAND	10682
N11450	R152_U367	NAND	10683
N11451	R152_U368	NAND	10684
N11452	R152_U369	NAND	10685
N11453	R152_U370	NAND	10686
N11454	R152_U371	NAND	10687
N11455	R152_U372	NAND	10688
N11456	R152_U373	NAND	10689
N11457	R152_U374	NAND	10690
N11458	R152_U375	NAND	10691
N11459	R152_U376	NAND	10692
N11460	R152_U377	NAND	10693
N11461	R152_U378	NAND	10694
N11462	R152_U379	NAND	10695
N11463	R152_U380	NAND	10696
N11464	R152_U381	NAND	10697
N11465	R152_U382	NAND	10698
N11466	R152_U383	NAND	10699
N11467	R152_U384	NAND	10700
N11468	R152_U385	NAND	10701
N11469	R152_U386	NAND	10702
N11470	R152_U387	NAND	10703
N11471	R152_U388	NAND	10704
N11472	R152_U389	NAND	10705
N11473	R152_U390	NAND	10706
N11474	R152_U391	NAND	10707
N11475	R152_U392	NAND	10708
N11476	R152_U393	NAND	10709
N11477	R152_U394	NAND	10710
N11478	R152_U395	NAND	10711
N11479	R152_U396	NAND	10712
N11480	R152_U397	NAND	10713
N11481	R152_U398	NAND	10714
N11482	R152_U399	NAND	10715
N11483	R152_U400	NAND	10716
N11484	R152_U401	NAND	10717
N11485	R152_U402	NAND	10718
N11486	R152_U403	NAND	10719
N11487	R152_U404	NAND	10720
N11488	R152_U405	NAND	10721
N11489	R152_U406	NAND	10722
N11490	R152_U407	NAND	10723
N11491	R152_U408	NAND	10724
N11492	R152_U409	NAND	10725
N11493	R152_U410	NAND	10726
N11494	R152_U411	NAND	10727
N11495	R152_U412	NAND	10728
N11496	R152_U413	NAND	10729
N11497	R152_U414	NAND	10730
N11498	R152_U415	NAND	10731
N11499	R152_U416	NAND	10732
N11500	R152_U417	NAND	10733
N11501	R152_U418	NAND	10734
N11502	R152_U419	NAND	10735
N11503	R152_U420	NAND	10736
N11504	R152_U421	NAND	10737
N11505	R152_U422	NAND	10738
N11506	R152_U423	NAND	10739
N11507	R152_U424	NAND	10740
N11508	R152_U425	NAND	10741
N11509	R152_U426	NAND	10742
N11510	R152_U427	NAND	10743
N11511	R152_U428	NAND	10744
N11512	R152_U429	NAND	10745
N11513	R152_U430	NAND	10746
N11514	R152_U431	NAND	10747
N11515	R152_U432	NAND	10748
N11516	R152_U433	NAND	10749
N11517	R152_U434	NAND	10750
N11518	R152_U435	NAND	10751
N11519	R152_U436	NAND	10752
N11520	R152_U437	NAND	10753
N11521	R152_U438	NAND	10754
N11522	R152_U439	NAND	10755
N11523	R152_U440	NAND	10756
N11524	R152_U441	NAND	10757
N11525	R152_U442	NAND	10758
N11526	R152_U443	NAND	10759
N11527	R152_U444	NAND	10760
N11528	R152_U445	NAND	10761
N11529	R152_U446	NAND	10762
N11530	R152_U447	NAND	10763
N11531	R152_U448	NAND	10764
N11532	R152_U449	NAND	10765
N11533	R152_U450	NAND	10766
N11534	R152_U451	NAND	10767
N11535	R152_U452	NAND	10768
N11536	R152_U453	NAND	10769
N11537	R152_U454	NAND	10770
N11538	R152_U455	NAND	10771
N11539	R152_U456	NAND	10772
N11540	R152_U457	NAND	10773
N11541	R152_U458	NAND	10774
N11542	R152_U459	NAND	10775
N11543	R152_U460	NAND	10776
N11544	R152_U461	NAND	10777
N11545	R152_U462	NAND	10778
N11546	R152_U463	NAND	10779
N11547	R152_U464	NAND	10780
N11548	R152_U465	NAND	10781
N11549	R152_U466	NAND	10782
N11550	R152_U467	NAND	10783
N11551	R152_U468	NAND	10784
N11552	R152_U469	NAND	10785
N11553	R152_U470	NAND	10786
N11554	R152_U471	NAND	10787
N11555	R152_U472	NAND	10788
N11556	R152_U473	NAND	10789
N11557	R152_U474	NAND	10790
N11558	R152_U475	NAND	10791
N11559	R152_U476	NAND	10792
N11560	R152_U477	NAND	10793
N11561	R152_U478	NAND	10794
N11562	R152_U479	NAND	10795
N11563	R152_U480	NAND	10796
N11564	R152_U481	NAND	10797
N11565	R152_U482	NAND	10798
N11566	R152_U483	NAND	10799
N11567	R152_U484	NAND	10800
N11568	R152_U485	NAND	10801
N11569	R152_U486	NAND	10802
N11570	R152_U487	NAND	10803
N11571	R152_U488	NAND	10804
N11572	R152_U489	NAND	10805
N11573	R152_U490	NAND	10806
N11574	R152_U491	NAND	10807
N11575	R152_U492	NAND	10808
N11576	R152_U493	NAND	10809
N11577	R152_U494	NAND	10810
N11578	R152_U495	NAND	10811
N11579	R152_U496	NAND	10812
N11580	R152_U497	NAND	10813
N11581	R152_U498	NAND	10814
N11582	R152_U499	NAND	10815
N11583	R152_U500	NAND	10816
N11584	R152_U501	NAND	10817
N11585	R152_U502	NAND	10818
N11586	R152_U503	NAND	10819
N11587	R152_U504	NAND	10820
N11588	R152_U505	NAND	10821
N11589	R152_U506	NAND	10822
N11590	R152_U507	NAND	10823
N11591	R152_U508	NAND	10824
N11592	R152_U509	NAND	10825
N11593	R152_U510	NAND	10826
N11594	R152_U511	NAND	10827
N11595	R152_U512	NAND	10828
N11596	R152_U513	NAND	10829
N11597	R152_U514	NAND	10830
N11598	R152_U515	NAND	10831
N11599	R152_U516	NAND	10832
N11600	R152_U517	NAND	10833
N11601	R152_U518	NAND	10834
N11602	R152_U519	NAND	10835
N11603	R152_U520	NAND	10836
N11604	R152_U521	NAND	10837
N11605	R152_U522	NAND	10838
N11606	R152_U523	NAND	10839
N11607	R152_U524	NAND	10840
N11608	R152_U525	NAND	10841
N11609	R152_U526	NAND	10842
N11610	R152_U527	NAND	10843
N11611	R152_U528	NAND	10844
N11612	R152_U529	NAND	10845
N11613	R152_U530	NAND	10846
N11614	R152_U531	NAND	10847
N11615	R152_U532	NAND	10848
N11616	R152_U533	NAND	10849
N11617	R152_U534	NAND	10850
N11618	R152_U535	NAND	10851
N11619	R152_U536	NAND	10852
N11620	R152_U537	NAND	10853
N11621	R152_U538	NAND	10854
N11622	R152_U539	NAND	10855
N11623	R152_U540	NAND	10856
N11624	R152_U541	NAND	10857
N11625	R152_U542	NAND	10858
N11626	R152_U543	NAND	10859
N11627	R152_U544	NAND	10860
N11628	R152_U545	NAND	10861
N11629	R152_U546	NAND	10862
N11630	R152_U547	NAND	10863
N11631	R152_U548	NAND	10864
N11632	R152_U549	NAND	10865
N11633	R152_U550	NAND	10866
N11634	R152_U551	NAND	10867
N11635	R152_U552	NAND	10868
N11636	R152_U553	NAND	10869
N11637	R152_U554	NAND	10870
N11638	LT_1602_U6	NOT	10871
N11639	LT_1601_U6	NOT	10872
N11642	SUB_1596_U6	NOT	10875
N11643	SUB_1596_U7	NOT	10876
N11644	SUB_1596_U8	NOT	10877
N11645	SUB_1596_U9	NAND	10878
N11646	SUB_1596_U10	NOT	10879
N11647	SUB_1596_U11	NOT	10880
N11648	SUB_1596_U12	NOT	10881
N11649	SUB_1596_U13	NAND	10882
N11650	SUB_1596_U14	NOT	10883
N11651	SUB_1596_U15	NOT	10884
N11652	SUB_1596_U16	NOT	10885
N11653	SUB_1596_U17	NOT	10886
N11654	SUB_1596_U18	NAND	10887
N11655	SUB_1596_U19	NOT	10888
N11656	SUB_1596_U20	NOT	10889
N11657	SUB_1596_U21	NOT	10890
N11658	SUB_1596_U22	NOT	10891
N11659	SUB_1596_U23	NOT	10892
N11660	SUB_1596_U24	NOT	10893
N11661	SUB_1596_U25	NAND	10894
N11662	SUB_1596_U26	NOT	10895
N11663	SUB_1596_U27	NOT	10896
N11664	SUB_1596_U28	NOT	10897
N11665	SUB_1596_U29	NOT	10898
N11666	SUB_1596_U30	NAND	10899
N11667	SUB_1596_U31	NOT	10900
N11668	SUB_1596_U32	NOT	10901
N11669	SUB_1596_U33	NOT	10902
N11670	SUB_1596_U34	NOT	10903
N11671	SUB_1596_U35	NOT	10904
N11672	SUB_1596_U36	NOT	10905
N11673	SUB_1596_U37	NAND	10906
N11674	SUB_1596_U38	NOT	10907
N11675	SUB_1596_U39	NOT	10908
N11676	SUB_1596_U40	NAND	10909
N11677	SUB_1596_U41	NOT	10910
N11678	SUB_1596_U42	NOT	10911
N11679	SUB_1596_U43	NAND	10912
N11680	SUB_1596_U44	NOT	10913
N11681	SUB_1596_U45	NOT	10914
N11682	SUB_1596_U46	NOT	10915
N11683	SUB_1596_U47	NOT	10916
N11684	SUB_1596_U48	NOT	10917
N11685	SUB_1596_U49	NOT	10918
N11686	SUB_1596_U50	NAND	10919
N11687	SUB_1596_U51	NOT	10920
N11688	SUB_1596_U52	NOT	10921
N11707	SUB_1596_U71	NAND	10940
N11708	SUB_1596_U72	NAND	10941
N11709	SUB_1596_U73	NAND	10942
N11710	SUB_1596_U74	NAND	10943
N11711	SUB_1596_U75	NAND	10944
N11712	SUB_1596_U76	NAND	10945
N11713	SUB_1596_U77	NOT	10946
N11714	SUB_1596_U78	NOT	10947
N11715	SUB_1596_U79	NAND	10948
N11716	SUB_1596_U80	NAND	10949
N11717	SUB_1596_U81	NAND	10950
N11718	SUB_1596_U82	NAND	10951
N11719	SUB_1596_U83	NOT	10952
N11720	SUB_1596_U84	NOT	10953
N11721	SUB_1596_U85	NAND	10954
N11722	SUB_1596_U86	NAND	10955
N11723	SUB_1596_U87	NOT	10956
N11724	SUB_1596_U88	OR	10957
N11725	SUB_1596_U89	NAND	10958
N11726	SUB_1596_U90	NAND	10959
N11727	SUB_1596_U91	NOT	10960
N11728	SUB_1596_U92	NAND	10961
N11729	SUB_1596_U93	NAND	10962
N11730	SUB_1596_U94	NAND	10963
N11731	SUB_1596_U95	NOT	10964
N11732	SUB_1596_U96	OR	10965
N11733	SUB_1596_U97	NAND	10966
N11734	SUB_1596_U98	NAND	10967
N11735	SUB_1596_U99	NOT	10968
N11736	SUB_1596_U100	NAND	10969
N11737	SUB_1596_U101	NAND	10970
N11738	SUB_1596_U102	NAND	10971
N11739	SUB_1596_U103	NOT	10972
N11740	SUB_1596_U104	OR	10973
N11741	SUB_1596_U105	NAND	10974
N11742	SUB_1596_U106	NAND	10975
N11743	SUB_1596_U107	NOT	10976
N11744	SUB_1596_U108	OR	10977
N11745	SUB_1596_U109	NAND	10978
N11746	SUB_1596_U110	NAND	10979
N11747	SUB_1596_U111	NOT	10980
N11748	SUB_1596_U112	NAND	10981
N11749	SUB_1596_U113	NAND	10982
N11750	SUB_1596_U114	NAND	10983
N11751	SUB_1596_U115	NOT	10984
N11752	SUB_1596_U116	OR	10985
N11753	SUB_1596_U117	NAND	10986
N11754	SUB_1596_U118	NAND	10987
N11755	SUB_1596_U119	NOT	10988
N11756	SUB_1596_U120	NAND	10989
N11757	SUB_1596_U121	NAND	10990
N11758	SUB_1596_U122	NAND	10991
N11759	SUB_1596_U123	NOT	10992
N11760	SUB_1596_U124	OR	10993
N11761	SUB_1596_U125	NAND	10994
N11762	SUB_1596_U126	NAND	10995
N11763	SUB_1596_U127	NOT	10996
N11764	SUB_1596_U128	OR	10997
N11765	SUB_1596_U129	NAND	10998
N11766	SUB_1596_U130	NAND	10999
N11767	SUB_1596_U131	NOT	11000
N11768	SUB_1596_U132	NAND	11001
N11769	SUB_1596_U133	NAND	11002
N11770	SUB_1596_U134	NAND	11003
N11771	SUB_1596_U135	NOT	11004
N11772	SUB_1596_U136	NAND	11005
N11773	SUB_1596_U137	NAND	11006
N11774	SUB_1596_U138	NAND	11007
N11775	SUB_1596_U139	NOT	11008
N11776	SUB_1596_U140	NAND	11009
N11777	SUB_1596_U141	NAND	11010
N11778	SUB_1596_U142	NAND	11011
N11779	SUB_1596_U143	NOT	11012
N11780	SUB_1596_U144	OR	11013
N11781	SUB_1596_U145	NAND	11014
N11782	SUB_1596_U146	NAND	11015
N11783	SUB_1596_U147	NOT	11016
N11784	SUB_1596_U148	OR	11017
N11785	SUB_1596_U149	NAND	11018
N11786	SUB_1596_U150	NAND	11019
N11787	SUB_1596_U151	NOT	11020
N11788	SUB_1596_U152	NAND	11021
N11789	SUB_1596_U153	NAND	11022
N11790	SUB_1596_U154	NAND	11023
N11791	SUB_1596_U155	NAND	11024
N11792	SUB_1596_U156	NAND	11025
N11793	SUB_1596_U157	NAND	11026
N11794	SUB_1596_U158	NAND	11027
N11795	SUB_1596_U159	NAND	11028
N11796	SUB_1596_U160	NAND	11029
N11797	SUB_1596_U161	NAND	11030
N11798	SUB_1596_U162	NAND	11031
N11799	SUB_1596_U163	NAND	11032
N11800	SUB_1596_U164	NAND	11033
N11801	SUB_1596_U165	NAND	11034
N11802	SUB_1596_U166	NAND	11035
N11803	SUB_1596_U167	NAND	11036
N11804	SUB_1596_U168	NAND	11037
N11805	SUB_1596_U169	NAND	11038
N11806	SUB_1596_U170	NAND	11039
N11807	SUB_1596_U171	NAND	11040
N11808	SUB_1596_U172	NAND	11041
N11809	SUB_1596_U173	NAND	11042
N11810	SUB_1596_U174	NAND	11043
N11811	SUB_1596_U175	NAND	11044
N11812	SUB_1596_U176	NAND	11045
N11813	SUB_1596_U177	NAND	11046
N11814	SUB_1596_U178	NAND	11047
N11815	SUB_1596_U179	NAND	11048
N11816	SUB_1596_U180	NAND	11049
N11817	SUB_1596_U181	NAND	11050
N11818	SUB_1596_U182	NAND	11051
N11819	SUB_1596_U183	NAND	11052
N11820	SUB_1596_U184	NAND	11053
N11821	SUB_1596_U185	NAND	11054
N11822	SUB_1596_U186	NAND	11055
N11823	SUB_1596_U187	NAND	11056
N11824	SUB_1596_U188	NAND	11057
N11825	SUB_1596_U189	NAND	11058
N11826	SUB_1596_U190	NAND	11059
N11827	SUB_1596_U191	NAND	11060
N11828	SUB_1596_U192	NAND	11061
N11829	SUB_1596_U193	NAND	11062
N11830	SUB_1596_U194	NAND	11063
N11831	SUB_1596_U195	NAND	11064
N11832	SUB_1596_U196	NAND	11065
N11833	SUB_1596_U197	NAND	11066
N11834	SUB_1596_U198	NAND	11067
N11835	SUB_1596_U199	NAND	11068
N11836	SUB_1596_U200	NAND	11069
N11837	SUB_1596_U201	NAND	11070
N11838	SUB_1596_U202	NAND	11071
N11839	SUB_1596_U203	NAND	11072
N11840	SUB_1596_U204	NAND	11073
N11841	SUB_1596_U205	NAND	11074
N11842	SUB_1596_U206	NAND	11075
N11843	SUB_1596_U207	NAND	11076
N11844	SUB_1596_U208	NAND	11077
N11845	SUB_1596_U209	NAND	11078
N11846	SUB_1596_U210	NAND	11079
N11847	SUB_1596_U211	NAND	11080
N11848	SUB_1596_U212	NAND	11081
N11849	SUB_1596_U213	NAND	11082
N11850	SUB_1596_U214	NAND	11083
N11851	SUB_1596_U215	NAND	11084
N11852	SUB_1596_U216	NAND	11085
N11853	SUB_1596_U217	NAND	11086
N11854	SUB_1596_U218	NAND	11087
N11855	SUB_1596_U219	NAND	11088
N11856	SUB_1596_U220	NAND	11089
N11857	SUB_1596_U221	NAND	11090
N11858	SUB_1596_U222	NAND	11091
N11859	SUB_1596_U223	NAND	11092
N11860	SUB_1596_U224	NAND	11093
N11861	SUB_1596_U225	NAND	11094
N11862	SUB_1596_U226	NAND	11095
N11863	SUB_1596_U227	NAND	11096
N11864	SUB_1596_U228	NAND	11097
N11865	SUB_1596_U229	NAND	11098
N11866	SUB_1596_U230	NAND	11099
N11867	SUB_1596_U231	NAND	11100
N11868	SUB_1596_U232	NAND	11101
N11869	SUB_1596_U233	NAND	11102
N11870	SUB_1596_U234	NAND	11103
N11871	SUB_1596_U235	NAND	11104
N11872	SUB_1596_U236	NAND	11105
N11873	SUB_1596_U237	NAND	11106
N11874	SUB_1596_U238	NAND	11107
N11875	SUB_1596_U239	NAND	11108
N11876	SUB_1596_U240	NAND	11109
N11877	SUB_1596_U241	NAND	11110
N11878	SUB_1596_U242	NAND	11111
N11879	SUB_1596_U243	NAND	11112
N11880	SUB_1596_U244	NAND	11113
N11881	SUB_1596_U245	NAND	11114
N11882	SUB_1596_U246	NAND	11115
N11883	SUB_1596_U247	NAND	11116
N11884	SUB_1596_U248	NAND	11117
N11885	SUB_1596_U249	NAND	11118
N11886	SUB_1596_U250	NAND	11119
N11887	SUB_1596_U251	NAND	11120
N11888	SUB_1596_U252	NAND	11121
N11889	SUB_1596_U253	NAND	11122
N11890	SUB_1596_U254	NAND	11123
N11891	SUB_1596_U255	NAND	11124
N11892	SUB_1596_U256	NAND	11125
N11893	SUB_1596_U257	NAND	11126
N11894	SUB_1596_U258	NAND	11127
N11895	SUB_1596_U259	NAND	11128
N11896	SUB_1596_U260	NAND	11129
N11897	SUB_1596_U261	NAND	11130
N11898	SUB_1596_U262	NAND	11131
N11899	SUB_1596_U263	NAND	11132
N11900	SUB_1596_U264	NAND	11133
N11901	SUB_1596_U265	NAND	11134
N11902	SUB_1596_U266	NAND	11135
N11903	SUB_1596_U267	NAND	11136
N11904	SUB_1596_U268	NAND	11137
N11905	SUB_1596_U269	NAND	11138
N11906	SUB_1596_U270	NAND	11139
N11907	SUB_1596_U271	NAND	11140
N11908	SUB_1596_U272	NAND	11141
N11909	SUB_1596_U273	NAND	11142
N11910	SUB_1596_U274	NAND	11143
N11911	SUB_1596_U275	NAND	11144
N11912	SUB_1596_U276	NAND	11145
N11913	SUB_1596_U277	NAND	11146
N11914	SUB_1596_U278	NAND	11147
N11915	SUB_1596_U279	NAND	11148
N11916	SUB_1596_U280	NAND	11149
N11917	SUB_1596_U281	NAND	11150
N11918	SUB_1596_U282	NAND	11151
N11919	SUB_1596_U283	NAND	11152
N11920	SUB_1596_U284	NAND	11153
N11921	SUB_1596_U285	NAND	11154
N11922	SUB_1596_U286	NAND	11155
N11923	SUB_1596_U287	NAND	11156
N11924	SUB_1596_U288	NAND	11157
N11925	SUB_1596_U289	NAND	11158
N11926	SUB_1596_U290	NAND	11159
N11927	SUB_1596_U291	NAND	11160
N11928	ADD_1596_U6	NAND	11161
N11929	ADD_1596_U7	NAND	11162
N11930	ADD_1596_U8	NOT	11163
N11931	ADD_1596_U9	NAND	11164
N11932	ADD_1596_U10	NOT	11165
N11933	ADD_1596_U11	NOT	11166
N11934	ADD_1596_U12	NOT	11167
N11935	ADD_1596_U13	NOT	11168
N11936	ADD_1596_U14	NOT	11169
N11937	ADD_1596_U15	NOT	11170
N11938	ADD_1596_U16	NOT	11171
N11939	ADD_1596_U17	NOT	11172
N11940	ADD_1596_U18	NOT	11173
N11941	ADD_1596_U19	NOT	11174
N11942	ADD_1596_U20	NOT	11175
N11943	ADD_1596_U21	NOT	11176
N11944	ADD_1596_U22	NOT	11177
N11945	ADD_1596_U23	NOT	11178
N11946	ADD_1596_U24	NOT	11179
N11947	ADD_1596_U25	NOT	11180
N11948	ADD_1596_U26	NOT	11181
N11949	ADD_1596_U27	NOT	11182
N11950	ADD_1596_U28	NOT	11183
N11951	ADD_1596_U29	NOT	11184
N11952	ADD_1596_U30	NOT	11185
N11953	ADD_1596_U31	NOT	11186
N11954	ADD_1596_U32	NOT	11187
N11955	ADD_1596_U33	NOT	11188
N11956	ADD_1596_U34	NOT	11189
N11957	ADD_1596_U35	NOT	11190
N11958	ADD_1596_U36	NOT	11191
N11959	ADD_1596_U37	NOT	11192
N11960	ADD_1596_U38	NOT	11193
N11961	ADD_1596_U39	NOT	11194
N11962	ADD_1596_U40	NOT	11195
N11963	ADD_1596_U41	NOT	11196
N11964	ADD_1596_U42	NOT	11197
N11965	ADD_1596_U43	NOT	11198
N11966	ADD_1596_U44	NOT	11199
N11967	ADD_1596_U45	NAND	11200
N11968	ADD_1596_U46	NOT	11201
N11969	ADD_1596_U47	NAND	11202
N11970	ADD_1596_U48	NAND	11203
N11971	ADD_1596_U49	NAND	11204
N11972	ADD_1596_U50	NAND	11205
N11973	ADD_1596_U51	NAND	11206
N11974	ADD_1596_U52	NAND	11207
N11975	ADD_1596_U53	NAND	11208
N11976	ADD_1596_U54	NAND	11209
N11977	ADD_1596_U55	NAND	11210
N11978	ADD_1596_U56	NAND	11211
N11979	ADD_1596_U57	NAND	11212
N11980	ADD_1596_U58	NAND	11213
N11981	ADD_1596_U59	NAND	11214
N11982	ADD_1596_U60	NAND	11215
N11983	ADD_1596_U61	NAND	11216
N11984	ADD_1596_U62	NAND	11217
N11985	ADD_1596_U63	NAND	11218
N11986	ADD_1596_U64	NAND	11219
N11987	ADD_1596_U65	NAND	11220
N11988	ADD_1596_U66	NAND	11221
N11989	ADD_1596_U67	NAND	11222
N11990	ADD_1596_U68	NAND	11223
N11991	ADD_1596_U69	NAND	11224
N11992	ADD_1596_U70	NAND	11225
N11993	ADD_1596_U71	NAND	11226
N11994	ADD_1596_U72	NAND	11227
N11995	ADD_1596_U73	NAND	11228
N11996	ADD_1596_U74	NAND	11229
N11997	ADD_1596_U75	NAND	11230
N11998	ADD_1596_U76	NAND	11231
N11999	ADD_1596_U77	NAND	11232
N12000	ADD_1596_U78	NAND	11233
N12001	ADD_1596_U79	NAND	11234
N12002	ADD_1596_U80	NAND	11235
N12003	ADD_1596_U81	NAND	11236
N12004	ADD_1596_U82	NAND	11237
N12005	ADD_1596_U83	NAND	11238
N12006	ADD_1596_U84	NAND	11239
N12007	ADD_1596_U85	NAND	11240
N12008	ADD_1596_U86	NAND	11241
N12009	ADD_1596_U87	NAND	11242
N12010	ADD_1596_U88	NAND	11243
N12011	ADD_1596_U89	NAND	11244
N12012	ADD_1596_U90	NAND	11245
N12013	ADD_1596_U91	NOT	11246
N12014	ADD_1596_U92	NOT	11247
N12015	ADD_1596_U93	NOT	11248
N12016	ADD_1596_U94	NAND	11249
N12017	ADD_1596_U95	NAND	11250
N12018	ADD_1596_U96	NAND	11251
N12019	ADD_1596_U97	NAND	11252
N12020	ADD_1596_U98	NAND	11253
N12021	ADD_1596_U99	NAND	11254
N12022	ADD_1596_U100	NAND	11255
N12023	ADD_1596_U101	NAND	11256
N12024	ADD_1596_U102	NOT	11257
N12025	ADD_1596_U103	NAND	11258
N12026	ADD_1596_U104	NAND	11259
N12027	ADD_1596_U105	NAND	11260
N12028	ADD_1596_U106	NOT	11261
N12029	ADD_1596_U107	NAND	11262
N12030	ADD_1596_U108	NAND	11263
N12031	ADD_1596_U109	NAND	11264
N12032	ADD_1596_U110	NOT	11265
N12033	ADD_1596_U111	NAND	11266
N12034	ADD_1596_U112	NAND	11267
N12035	ADD_1596_U113	NAND	11268
N12036	ADD_1596_U114	NOT	11269
N12037	ADD_1596_U115	NAND	11270
N12038	ADD_1596_U116	NAND	11271
N12039	ADD_1596_U117	NAND	11272
N12040	ADD_1596_U118	NOT	11273
N12041	ADD_1596_U119	NAND	11274
N12042	ADD_1596_U120	NAND	11275
N12043	ADD_1596_U121	NAND	11276
N12044	ADD_1596_U122	NOT	11277
N12045	ADD_1596_U123	NAND	11278
N12046	ADD_1596_U124	NAND	11279
N12047	ADD_1596_U125	NAND	11280
N12048	ADD_1596_U126	NOT	11281
N12049	ADD_1596_U127	NAND	11282
N12050	ADD_1596_U128	NAND	11283
N12051	ADD_1596_U129	NAND	11284
N12052	ADD_1596_U130	NOT	11285
N12053	ADD_1596_U131	NAND	11286
N12054	ADD_1596_U132	NAND	11287
N12055	ADD_1596_U133	NAND	11288
N12056	ADD_1596_U134	NOT	11289
N12057	ADD_1596_U135	NAND	11290
N12058	ADD_1596_U136	NAND	11291
N12059	ADD_1596_U137	NAND	11292
N12060	ADD_1596_U138	NOT	11293
N12061	ADD_1596_U139	NAND	11294
N12062	ADD_1596_U140	NAND	11295
N12063	ADD_1596_U141	NAND	11296
N12064	ADD_1596_U142	NOT	11297
N12065	ADD_1596_U143	NAND	11298
N12066	ADD_1596_U144	NAND	11299
N12067	ADD_1596_U145	NAND	11300
N12068	ADD_1596_U146	NOT	11301
N12069	ADD_1596_U147	NAND	11302
N12070	ADD_1596_U148	NAND	11303
N12071	ADD_1596_U149	NAND	11304
N12072	ADD_1596_U150	NOT	11305
N12073	ADD_1596_U151	NAND	11306
N12074	ADD_1596_U152	NAND	11307
N12075	ADD_1596_U153	NAND	11308
N12076	ADD_1596_U154	NOT	11309
N12077	ADD_1596_U155	NAND	11310
N12078	ADD_1596_U156	NAND	11311
N12079	ADD_1596_U157	NAND	11312
N12080	ADD_1596_U158	NOT	11313
N12081	ADD_1596_U159	NAND	11314
N12082	ADD_1596_U160	NAND	11315
N12083	ADD_1596_U161	NAND	11316
N12084	ADD_1596_U162	NOT	11317
N12085	ADD_1596_U163	NAND	11318
N12086	ADD_1596_U164	NAND	11319
N12087	ADD_1596_U165	NAND	11320
N12088	ADD_1596_U166	NOT	11321
N12089	ADD_1596_U167	NAND	11322
N12090	ADD_1596_U168	NAND	11323
N12091	ADD_1596_U169	NAND	11324
N12092	ADD_1596_U170	NOT	11325
N12093	ADD_1596_U171	NAND	11326
N12094	ADD_1596_U172	NAND	11327
N12095	ADD_1596_U173	NAND	11328
N12096	ADD_1596_U174	NAND	11329
N12097	ADD_1596_U175	NAND	11330
N12098	ADD_1596_U176	NAND	11331
N12099	ADD_1596_U177	NAND	11332
N12100	ADD_1596_U178	NAND	11333
N12101	ADD_1596_U179	NAND	11334
N12102	ADD_1596_U180	NAND	11335
N12103	ADD_1596_U181	NAND	11336
N12104	ADD_1596_U182	NOT	11337
N12105	ADD_1596_U183	NAND	11338
N12106	ADD_1596_U184	NAND	11339
N12107	ADD_1596_U185	NAND	11340
N12108	ADD_1596_U186	NAND	11341
N12109	ADD_1596_U187	NOT	11342
N12110	ADD_1596_U188	NAND	11343
N12111	ADD_1596_U189	NAND	11344
N12112	ADD_1596_U190	NAND	11345
N12113	ADD_1596_U191	NAND	11346
N12114	ADD_1596_U192	NOT	11347
N12115	ADD_1596_U193	NAND	11348
N12116	ADD_1596_U194	NAND	11349
N12117	ADD_1596_U195	NAND	11350
N12118	ADD_1596_U196	NAND	11351
N12119	ADD_1596_U197	NOT	11352
N12120	ADD_1596_U198	NAND	11353
N12121	ADD_1596_U199	NAND	11354
N12122	ADD_1596_U200	NAND	11355
N12123	ADD_1596_U201	NAND	11356
N12124	ADD_1596_U202	NOT	11357
N12125	ADD_1596_U203	NAND	11358
N12126	ADD_1596_U204	NAND	11359
N12127	ADD_1596_U205	NAND	11360
N12128	ADD_1596_U206	NAND	11361
N12129	ADD_1596_U207	NOT	11362
N12130	ADD_1596_U208	NAND	11363
N12131	ADD_1596_U209	NAND	11364
N12132	ADD_1596_U210	NAND	11365
N12133	ADD_1596_U211	NAND	11366
N12134	ADD_1596_U212	NOT	11367
N12135	ADD_1596_U213	NAND	11368
N12136	ADD_1596_U214	NAND	11369
N12137	ADD_1596_U215	NAND	11370
N12138	ADD_1596_U216	NAND	11371
N12139	ADD_1596_U217	NOT	11372
N12140	ADD_1596_U218	NAND	11373
N12141	ADD_1596_U219	NAND	11374
N12142	ADD_1596_U220	NAND	11375
N12143	ADD_1596_U221	NAND	11376
N12144	ADD_1596_U222	NOT	11377
N12145	ADD_1596_U223	NAND	11378
N12146	ADD_1596_U224	NAND	11379
N12147	ADD_1596_U225	NAND	11380
N12148	ADD_1596_U226	NAND	11381
N12149	ADD_1596_U227	NAND	11382
N12150	ADD_1596_U228	NAND	11383
N12151	ADD_1596_U229	NAND	11384
N12152	ADD_1596_U230	NAND	11385
N12153	ADD_1596_U231	NAND	11386
N12154	ADD_1596_U232	NOT	11387
N12155	ADD_1596_U233	NAND	11388
N12156	ADD_1596_U234	NAND	11389
N12157	ADD_1596_U235	NAND	11390
N12158	ADD_1596_U236	NAND	11391
N12159	ADD_1596_U237	NOT	11392
N12160	ADD_1596_U238	NAND	11393
N12161	ADD_1596_U239	NAND	11394
N12162	ADD_1596_U240	NAND	11395
N12163	ADD_1596_U241	NAND	11396
N12164	ADD_1596_U242	NOT	11397
N12165	ADD_1596_U243	NAND	11398
N12166	ADD_1596_U244	NAND	11399
N12167	ADD_1596_U245	NAND	11400
N12168	ADD_1596_U246	NAND	11401
N12169	ADD_1596_U247	NOT	11402
N12170	ADD_1596_U248	NAND	11403
N12171	ADD_1596_U249	NAND	11404
N12172	ADD_1596_U250	NAND	11405
N12173	ADD_1596_U251	NAND	11406
N12174	ADD_1596_U252	NOT	11407
N12175	ADD_1596_U253	NAND	11408
N12176	ADD_1596_U254	NAND	11409
N12177	ADD_1596_U255	NAND	11410
N12178	ADD_1596_U256	NAND	11411
N12179	ADD_1596_U257	NOT	11412
N12180	ADD_1596_U258	NAND	11413
N12181	ADD_1596_U259	NAND	11414
N12182	ADD_1596_U260	NAND	11415
N12183	ADD_1596_U261	NAND	11416
N12184	ADD_1596_U262	NOT	11417
N12185	ADD_1596_U263	NAND	11418
N12186	ADD_1596_U264	NAND	11419
N12187	ADD_1596_U265	NAND	11420
N12188	ADD_1596_U266	NAND	11421
N12189	ADD_1596_U267	NOT	11422
N12190	ADD_1596_U268	NAND	11423
N12191	ADD_1596_U269	NAND	11424
N12192	ADD_1596_U270	NAND	11425
N12193	ADD_1596_U271	NAND	11426
N12194	ADD_1596_U272	NOT	11427
N12195	ADD_1596_U273	NAND	11428
N12196	ADD_1596_U274	NAND	11429
N12197	LT_1601_21_U6	NOT	11430
N12198	P1_ADD_99_U4	NOT	11431
N12199	P1_ADD_99_U5	AND	11432
N12200	P1_ADD_99_U6	NOT	11433
N12201	P1_ADD_99_U7	NAND	11434
N12202	P1_ADD_99_U8	NOT	11435
N12203	P1_ADD_99_U9	NAND	11436
N12204	P1_ADD_99_U10	NOT	11437
N12205	P1_ADD_99_U11	NAND	11438
N12206	P1_ADD_99_U12	NOT	11439
N12207	P1_ADD_99_U13	NAND	11440
N12208	P1_ADD_99_U14	NOT	11441
N12209	P1_ADD_99_U15	NOT	11442
N12210	P1_ADD_99_U16	NAND	11443
N12211	P1_ADD_99_U17	NAND	11444
N12212	P1_ADD_99_U18	NOT	11445
N12213	P1_ADD_99_U19	NAND	11446
N12214	P1_ADD_99_U20	NOT	11447
N12215	P1_ADD_99_U21	NAND	11448
N12216	P1_ADD_99_U22	NOT	11449
N12217	P1_ADD_99_U23	NAND	11450
N12218	P1_ADD_99_U24	NOT	11451
N12219	P1_ADD_99_U25	NAND	11452
N12220	P1_ADD_99_U26	NOT	11453
N12221	P1_ADD_99_U27	NAND	11454
N12222	P1_ADD_99_U28	NOT	11455
N12223	P1_ADD_99_U29	NAND	11456
N12224	P1_ADD_99_U30	NOT	11457
N12225	P1_ADD_99_U31	NAND	11458
N12226	P1_ADD_99_U32	NOT	11459
N12227	P1_ADD_99_U33	NAND	11460
N12228	P1_ADD_99_U34	NOT	11461
N12229	P1_ADD_99_U35	NAND	11462
N12230	P1_ADD_99_U36	NOT	11463
N12231	P1_ADD_99_U37	NAND	11464
N12232	P1_ADD_99_U38	NOT	11465
N12233	P1_ADD_99_U39	NAND	11466
N12234	P1_ADD_99_U40	NOT	11467
N12235	P1_ADD_99_U41	NAND	11468
N12236	P1_ADD_99_U42	NOT	11469
N12237	P1_ADD_99_U43	NAND	11470
N12238	P1_ADD_99_U44	NOT	11471
N12239	P1_ADD_99_U45	NAND	11472
N12240	P1_ADD_99_U46	NOT	11473
N12241	P1_ADD_99_U47	NAND	11474
N12242	P1_ADD_99_U48	NOT	11475
N12243	P1_ADD_99_U49	NAND	11476
N12244	P1_ADD_99_U50	NOT	11477
N12245	P1_ADD_99_U51	NAND	11478
N12246	P1_ADD_99_U52	NOT	11479
N12247	P1_ADD_99_U53	NOT	11480
N12248	P1_ADD_99_U54	NAND	11481
N12249	P1_ADD_99_U55	NAND	11482
N12250	P1_ADD_99_U56	NAND	11483
N12251	P1_ADD_99_U57	NAND	11484
N12252	P1_ADD_99_U58	NAND	11485
N12253	P1_ADD_99_U59	NAND	11486
N12254	P1_ADD_99_U60	NAND	11487
N12255	P1_ADD_99_U61	NAND	11488
N12256	P1_ADD_99_U62	NAND	11489
N12257	P1_ADD_99_U63	NAND	11490
N12258	P1_ADD_99_U64	NAND	11491
N12259	P1_ADD_99_U65	NAND	11492
N12260	P1_ADD_99_U66	NAND	11493
N12261	P1_ADD_99_U67	NAND	11494
N12262	P1_ADD_99_U68	NAND	11495
N12263	P1_ADD_99_U69	NAND	11496
N12264	P1_ADD_99_U70	NAND	11497
N12265	P1_ADD_99_U71	NAND	11498
N12266	P1_ADD_99_U72	NAND	11499
N12267	P1_ADD_99_U73	NAND	11500
N12268	P1_ADD_99_U74	NAND	11501
N12269	P1_ADD_99_U75	NAND	11502
N12270	P1_ADD_99_U76	NAND	11503
N12271	P1_ADD_99_U77	NAND	11504
N12272	P1_ADD_99_U78	NAND	11505
N12273	P1_ADD_99_U79	NAND	11506
N12274	P1_ADD_99_U80	NOT	11507
N12275	P1_ADD_99_U81	NOT	11508
N12276	P1_ADD_99_U82	NOT	11509
N12277	P1_ADD_99_U83	NOT	11510
N12278	P1_ADD_99_U84	NOT	11511
N12279	P1_ADD_99_U85	NOT	11512
N12280	P1_ADD_99_U86	NOT	11513
N12281	P1_ADD_99_U87	NOT	11514
N12282	P1_ADD_99_U88	NOT	11515
N12283	P1_ADD_99_U89	NOT	11516
N12284	P1_ADD_99_U90	NOT	11517
N12285	P1_ADD_99_U91	NOT	11518
N12286	P1_ADD_99_U92	NOT	11519
N12287	P1_ADD_99_U93	NOT	11520
N12288	P1_ADD_99_U94	NOT	11521
N12289	P1_ADD_99_U95	NOT	11522
N12290	P1_ADD_99_U96	NOT	11523
N12291	P1_ADD_99_U97	NOT	11524
N12292	P1_ADD_99_U98	NOT	11525
N12293	P1_ADD_99_U99	NOT	11526
N12294	P1_ADD_99_U100	NOT	11527
N12295	P1_ADD_99_U101	NOT	11528
N12296	P1_ADD_99_U102	NOT	11529
N12297	P1_ADD_99_U103	NOT	11530
N12298	P1_ADD_99_U104	NAND	11531
N12299	P1_ADD_99_U105	NAND	11532
N12300	P1_ADD_99_U106	NAND	11533
N12301	P1_ADD_99_U107	NAND	11534
N12302	P1_ADD_99_U108	NAND	11535
N12303	P1_ADD_99_U109	NAND	11536
N12304	P1_ADD_99_U110	NAND	11537
N12305	P1_ADD_99_U111	NAND	11538
N12306	P1_ADD_99_U112	NAND	11539
N12307	P1_ADD_99_U113	NAND	11540
N12308	P1_ADD_99_U114	NAND	11541
N12309	P1_ADD_99_U115	NAND	11542
N12310	P1_ADD_99_U116	NAND	11543
N12311	P1_ADD_99_U117	NAND	11544
N12312	P1_ADD_99_U118	NAND	11545
N12313	P1_ADD_99_U119	NAND	11546
N12314	P1_ADD_99_U120	NAND	11547
N12315	P1_ADD_99_U121	NAND	11548
N12316	P1_ADD_99_U122	NAND	11549
N12317	P1_ADD_99_U123	NAND	11550
N12318	P1_ADD_99_U124	NAND	11551
N12319	P1_ADD_99_U125	NAND	11552
N12320	P1_ADD_99_U126	NAND	11553
N12321	P1_ADD_99_U127	NAND	11554
N12322	P1_ADD_99_U128	NAND	11555
N12323	P1_ADD_99_U129	NAND	11556
N12324	P1_ADD_99_U130	NAND	11557
N12325	P1_ADD_99_U131	NAND	11558
N12326	P1_ADD_99_U132	NAND	11559
N12327	P1_ADD_99_U133	NAND	11560
N12328	P1_ADD_99_U134	NAND	11561
N12329	P1_ADD_99_U135	NAND	11562
N12330	P1_ADD_99_U136	NAND	11563
N12331	P1_ADD_99_U137	NAND	11564
N12332	P1_ADD_99_U138	NAND	11565
N12333	P1_ADD_99_U139	NAND	11566
N12334	P1_ADD_99_U140	NAND	11567
N12335	P1_ADD_99_U141	NAND	11568
N12336	P1_ADD_99_U142	NAND	11569
N12337	P1_ADD_99_U143	NAND	11570
N12338	P1_ADD_99_U144	NAND	11571
N12339	P1_ADD_99_U145	NAND	11572
N12340	P1_ADD_99_U146	NAND	11573
N12341	P1_ADD_99_U147	NAND	11574
N12342	P1_ADD_99_U148	NAND	11575
N12343	P1_ADD_99_U149	NAND	11576
N12344	P1_ADD_99_U150	NAND	11577
N12345	P1_ADD_99_U151	NAND	11578
N12346	P1_ADD_99_U152	NAND	11579
N12347	P1_ADD_99_U153	NAND	11580
N12348	P1_R1105_U4	AND	11581
N12349	P1_R1105_U5	AND	11582
N12350	P1_R1105_U6	AND	11583
N12351	P1_R1105_U7	AND	11584
N12352	P1_R1105_U8	AND	11585
N12353	P1_R1105_U9	AND	11586
N12354	P1_R1105_U10	AND	11587
N12355	P1_R1105_U11	AND	11588
N12356	P1_R1105_U12	AND	11589
N12357	P1_R1105_U13	AND	11590
N12358	P1_R1105_U14	AND	11591
N12359	P1_R1105_U15	AND	11592
N12360	P1_R1105_U16	AND	11593
N12361	P1_R1105_U17	NOT	11594
N12362	P1_R1105_U18	NOT	11595
N12363	P1_R1105_U19	NOT	11596
N12364	P1_R1105_U20	NAND	11597
N12365	P1_R1105_U21	NOT	11598
N12366	P1_R1105_U22	NOT	11599
N12367	P1_R1105_U23	NOT	11600
N12368	P1_R1105_U24	NOT	11601
N12369	P1_R1105_U25	NOT	11602
N12370	P1_R1105_U26	NOT	11603
N12371	P1_R1105_U27	NOT	11604
N12372	P1_R1105_U28	NOT	11605
N12373	P1_R1105_U29	NAND	11606
N12374	P1_R1105_U30	NOT	11607
N12375	P1_R1105_U31	NOT	11608
N12376	P1_R1105_U32	NAND	11609
N12377	P1_R1105_U33	NOT	11610
N12378	P1_R1105_U34	NOT	11611
N12379	P1_R1105_U35	NOT	11612
N12380	P1_R1105_U36	NOT	11613
N12381	P1_R1105_U37	NOT	11614
N12382	P1_R1105_U38	NAND	11615
N12383	P1_R1105_U39	NAND	11616
N12384	P1_R1105_U40	NAND	11617
N12385	P1_R1105_U41	NAND	11618
N12386	P1_R1105_U42	NAND	11619
N12387	P1_R1105_U43	NAND	11620
N12388	P1_R1105_U44	NOT	11621
N12389	P1_R1105_U45	NOT	11622
N12390	P1_R1105_U46	NOT	11623
N12391	P1_R1105_U47	NAND	11624
N12392	P1_R1105_U48	NOT	11625
N12393	P1_R1105_U49	NAND	11626
N12394	P1_R1105_U50	NOT	11627
N12395	P1_R1105_U51	NOT	11628
N12396	P1_R1105_U52	NOT	11629
N12397	P1_R1105_U53	NOT	11630
N12398	P1_R1105_U54	NOT	11631
N12399	P1_R1105_U55	NOT	11632
N12400	P1_R1105_U56	NAND	11633
N12401	P1_R1105_U57	NOT	11634
N12402	P1_R1105_U58	NOT	11635
N12403	P1_R1105_U59	NOT	11636
N12404	P1_R1105_U60	NOT	11637
N12405	P1_R1105_U61	NOT	11638
N12406	P1_R1105_U62	NOT	11639
N12407	P1_R1105_U63	NOT	11640
N12408	P1_R1105_U64	NOT	11641
N12409	P1_R1105_U65	NAND	11642
N12410	P1_R1105_U66	NAND	11643
N12411	P1_R1105_U67	NAND	11644
N12412	P1_R1105_U68	NAND	11645
N12413	P1_R1105_U69	NAND	11646
N12414	P1_R1105_U70	NAND	11647
N12415	P1_R1105_U71	NAND	11648
N12416	P1_R1105_U72	NAND	11649
N12417	P1_R1105_U73	NAND	11650
N12418	P1_R1105_U74	NAND	11651
N12419	P1_R1105_U75	NAND	11652
N12420	P1_R1105_U76	NAND	11653
N12421	P1_R1105_U77	NAND	11654
N12422	P1_R1105_U78	NAND	11655
N12423	P1_R1105_U79	NAND	11656
N12424	P1_R1105_U80	NAND	11657
N12425	P1_R1105_U81	NAND	11658
N12426	P1_R1105_U82	NAND	11659
N12427	P1_R1105_U83	NAND	11660
N12428	P1_R1105_U84	NOT	11661
N12429	P1_R1105_U85	NOT	11662
N12430	P1_R1105_U86	NAND	11663
N12431	P1_R1105_U87	NAND	11664
N12432	P1_R1105_U88	NAND	11665
N12433	P1_R1105_U89	NOT	11666
N12434	P1_R1105_U90	NAND	11667
N12435	P1_R1105_U91	NAND	11668
N12436	P1_R1105_U92	NOT	11669
N12437	P1_R1105_U93	NOT	11670
N12438	P1_R1105_U94	OR	11671
N12439	P1_R1105_U95	OR	11672
N12440	P1_R1105_U96	OR	11673
N12441	P1_R1105_U97	OR	11674
N12442	P1_R1105_U98	NOT	11675
N12443	P1_R1105_U99	OR	11676
N12444	P1_R1105_U100	NOT	11677
N12445	P1_R1105_U101	NOT	11678
N12446	P1_R1105_U102	NAND	11679
N12447	P1_R1105_U103	NAND	11680
N12448	P1_R1105_U104	NAND	11681
N12449	P1_R1105_U105	NAND	11682
N12450	P1_R1105_U106	NAND	11683
N12451	P1_R1105_U107	NAND	11684
N12452	P1_R1105_U108	NAND	11685
N12453	P1_R1105_U109	NAND	11686
N12454	P1_R1105_U110	NAND	11687
N12455	P1_R1105_U111	NOT	11688
N12456	P1_R1105_U112	OR	11689
N12457	P1_R1105_U113	OR	11690
N12458	P1_R1105_U114	NOT	11691
N12459	P1_R1105_U115	NAND	11692
N12460	P1_R1105_U116	NAND	11693
N12461	P1_R1105_U117	NAND	11694
N12462	P1_R1105_U118	NAND	11695
N12463	P1_R1105_U119	NOT	11696
N12464	P1_R1105_U120	OR	11697
N12465	P1_R1105_U121	NAND	11698
N12466	P1_R1105_U122	NOT	11699
N12467	P1_R1105_U123	OR	11700
N12468	P1_R1105_U124	OR	11701
N12469	P1_R1105_U125	NAND	11702
N12470	P1_R1105_U126	NAND	11703
N12471	P1_R1105_U127	NAND	11704
N12472	P1_R1105_U128	NAND	11705
N12473	P1_R1105_U129	NAND	11706
N12474	P1_R1105_U130	OR	11707
N12475	P1_R1105_U131	NAND	11708
N12476	P1_R1105_U132	NAND	11709
N12477	P1_R1105_U133	NOT	11710
N12478	P1_R1105_U134	NAND	11711
N12479	P1_R1105_U135	NAND	11712
N12480	P1_R1105_U136	NAND	11713
N12481	P1_R1105_U137	NOT	11714
N12482	P1_R1105_U138	OR	11715
N12483	P1_R1105_U139	NAND	11716
N12484	P1_R1105_U140	NAND	11717
N12485	P1_R1105_U141	NAND	11718
N12486	P1_R1105_U142	NAND	11719
N12487	P1_R1105_U143	NAND	11720
N12488	P1_R1105_U144	OR	11721
N12489	P1_R1105_U145	NAND	11722
N12490	P1_R1105_U146	NOT	11723
N12491	P1_R1105_U147	NAND	11724
N12492	P1_R1105_U148	NAND	11725
N12493	P1_R1105_U149	NAND	11726
N12494	P1_R1105_U150	NAND	11727
N12495	P1_R1105_U151	NAND	11728
N12496	P1_R1105_U152	OR	11729
N12497	P1_R1105_U153	NOT	11730
N12498	P1_R1105_U154	OR	11731
N12499	P1_R1105_U155	OR	11732
N12500	P1_R1105_U156	NAND	11733
N12501	P1_R1105_U157	NAND	11734
N12502	P1_R1105_U158	NAND	11735
N12503	P1_R1105_U159	OR	11736
N12504	P1_R1105_U160	NAND	11737
N12505	P1_R1105_U161	NAND	11738
N12506	P1_R1105_U162	NOT	11739
N12507	P1_R1105_U163	OR	11740
N12508	P1_R1105_U164	OR	11741
N12509	P1_R1105_U165	NAND	11742
N12510	P1_R1105_U166	NAND	11743
N12511	P1_R1105_U167	NAND	11744
N12512	P1_R1105_U168	OR	11745
N12513	P1_R1105_U169	OR	11746
N12514	P1_R1105_U170	NAND	11747
N12515	P1_R1105_U171	NAND	11748
N12516	P1_R1105_U172	NOT	11749
N12517	P1_R1105_U173	OR	11750
N12518	P1_R1105_U174	NAND	11751
N12519	P1_R1105_U175	NAND	11752
N12520	P1_R1105_U176	NOT	11753
N12521	P1_R1105_U177	OR	11754
N12522	P1_R1105_U178	NAND	11755
N12523	P1_R1105_U179	NAND	11756
N12524	P1_R1105_U180	NOT	11757
N12525	P1_R1105_U181	OR	11758
N12526	P1_R1105_U182	OR	11759
N12527	P1_R1105_U183	NOT	11760
N12528	P1_R1105_U184	NAND	11761
N12529	P1_R1105_U185	NAND	11762
N12530	P1_R1105_U186	NAND	11763
N12531	P1_R1105_U187	NAND	11764
N12532	P1_R1105_U188	NOT	11765
N12533	P1_R1105_U189	OR	11766
N12534	P1_R1105_U190	NAND	11767
N12535	P1_R1105_U191	NAND	11768
N12536	P1_R1105_U192	NAND	11769
N12537	P1_R1105_U193	NAND	11770
N12538	P1_R1105_U194	NAND	11771
N12539	P1_R1105_U195	OR	11772
N12540	P1_R1105_U196	NAND	11773
N12541	P1_R1105_U197	OR	11774
N12542	P1_R1105_U198	NAND	11775
N12543	P1_R1105_U199	NAND	11776
N12544	P1_R1105_U200	NAND	11777
N12545	P1_R1105_U201	NAND	11778
N12546	P1_R1105_U202	NAND	11779
N12547	P1_R1105_U203	OR	11780
N12548	P1_R1105_U204	NAND	11781
N12549	P1_R1105_U205	NOT	11782
N12550	P1_R1105_U206	OR	11783
N12551	P1_R1105_U207	NAND	11784
N12552	P1_R1105_U208	NAND	11785
N12553	P1_R1105_U209	NAND	11786
N12554	P1_R1105_U210	NAND	11787
N12555	P1_R1105_U211	NAND	11788
N12556	P1_R1105_U212	OR	11789
N12557	P1_R1105_U213	OR	11790
N12558	P1_R1105_U214	NAND	11791
N12559	P1_R1105_U215	NAND	11792
N12560	P1_R1105_U216	NAND	11793
N12561	P1_R1105_U217	NAND	11794
N12562	P1_R1105_U218	NAND	11795
N12563	P1_R1105_U219	NAND	11796
N12564	P1_R1105_U220	NAND	11797
N12565	P1_R1105_U221	NAND	11798
N12566	P1_R1105_U222	NAND	11799
N12567	P1_R1105_U223	NAND	11800
N12568	P1_R1105_U224	NAND	11801
N12569	P1_R1105_U225	NAND	11802
N12570	P1_R1105_U226	NAND	11803
N12571	P1_R1105_U227	NAND	11804
N12572	P1_R1105_U228	NAND	11805
N12573	P1_R1105_U229	NAND	11806
N12574	P1_R1105_U230	NAND	11807
N12575	P1_R1105_U231	NAND	11808
N12576	P1_R1105_U232	NAND	11809
N12577	P1_R1105_U233	NAND	11810
N12578	P1_R1105_U234	NAND	11811
N12579	P1_R1105_U235	NAND	11812
N12580	P1_R1105_U236	NAND	11813
N12581	P1_R1105_U237	NAND	11814
N12582	P1_R1105_U238	NAND	11815
N12583	P1_R1105_U239	NAND	11816
N12584	P1_R1105_U240	NAND	11817
N12585	P1_R1105_U241	NAND	11818
N12586	P1_R1105_U242	NAND	11819
N12587	P1_R1105_U243	NAND	11820
N12588	P1_R1105_U244	NAND	11821
N12589	P1_R1105_U245	NAND	11822
N12590	P1_R1105_U246	NAND	11823
N12591	P1_R1105_U247	NAND	11824
N12592	P1_R1105_U248	NAND	11825
N12593	P1_R1105_U249	NAND	11826
N12594	P1_R1105_U250	NAND	11827
N12595	P1_R1105_U251	NAND	11828
N12596	P1_R1105_U252	NAND	11829
N12597	P1_R1105_U253	NAND	11830
N12598	P1_R1105_U254	NAND	11831
N12599	P1_R1105_U255	NAND	11832
N12600	P1_R1105_U256	NAND	11833
N12601	P1_R1105_U257	NAND	11834
N12602	P1_R1105_U258	NAND	11835
N12603	P1_R1105_U259	NAND	11836
N12604	P1_R1105_U260	NAND	11837
N12605	P1_R1105_U261	NAND	11838
N12606	P1_R1105_U262	NAND	11839
N12607	P1_R1105_U263	NAND	11840
N12608	P1_R1105_U264	NAND	11841
N12609	P1_R1105_U265	NAND	11842
N12610	P1_R1105_U266	NAND	11843
N12611	P1_R1105_U267	NAND	11844
N12612	P1_R1105_U268	NAND	11845
N12613	P1_R1105_U269	NAND	11846
N12614	P1_R1105_U270	NAND	11847
N12615	P1_R1105_U271	NAND	11848
N12616	P1_R1105_U272	NAND	11849
N12617	P1_R1105_U273	NAND	11850
N12618	P1_R1105_U274	NAND	11851
N12619	P1_R1105_U275	NAND	11852
N12620	P1_R1105_U276	NAND	11853
N12621	P1_R1105_U277	NAND	11854
N12622	P1_R1105_U278	NAND	11855
N12623	P1_R1105_U279	NAND	11856
N12624	P1_R1105_U280	NAND	11857
N12625	P1_R1105_U281	NAND	11858
N12626	P1_R1105_U282	NAND	11859
N12627	P1_R1105_U283	NAND	11860
N12628	P1_R1105_U284	NAND	11861
N12629	P1_R1105_U285	NAND	11862
N12630	P1_R1105_U286	NAND	11863
N12631	P1_R1105_U287	NAND	11864
N12632	P1_R1105_U288	NAND	11865
N12633	P1_R1105_U289	NAND	11866
N12634	P1_R1105_U290	NAND	11867
N12635	P1_R1105_U291	NAND	11868
N12636	P1_R1105_U292	NAND	11869
N12637	P1_R1105_U293	NAND	11870
N12638	P1_R1105_U294	NAND	11871
N12639	P1_R1105_U295	NAND	11872
N12640	P1_R1105_U296	NAND	11873
N12641	P1_R1105_U297	NAND	11874
N12642	P1_R1105_U298	NAND	11875
N12643	P1_R1105_U299	NAND	11876
N12644	P1_R1105_U300	NAND	11877
N12645	P1_R1105_U301	NAND	11878
N12646	P1_R1105_U302	NAND	11879
N12647	P1_R1105_U303	NAND	11880
N12648	P1_R1105_U304	NAND	11881
N12649	P1_R1105_U305	NAND	11882
N12650	P1_R1105_U306	NAND	11883
N12651	P1_R1105_U307	NAND	11884
N12652	P1_R1105_U308	NAND	11885
N12653	P1_SUB_88_U6	AND	11886
N12654	P1_SUB_88_U7	AND	11887
N12655	P1_SUB_88_U8	AND	11888
N12656	P1_SUB_88_U9	AND	11889
N12657	P1_SUB_88_U10	AND	11890
N12658	P1_SUB_88_U11	AND	11891
N12659	P1_SUB_88_U12	AND	11892
N12660	P1_SUB_88_U13	AND	11893
N12661	P1_SUB_88_U14	AND	11894
N12662	P1_SUB_88_U15	AND	11895
N12663	P1_SUB_88_U16	AND	11896
N12664	P1_SUB_88_U17	AND	11897
N12665	P1_SUB_88_U18	AND	11898
N12666	P1_SUB_88_U19	AND	11899
N12667	P1_SUB_88_U20	AND	11900
N12668	P1_SUB_88_U21	AND	11901
N12669	P1_SUB_88_U22	AND	11902
N12670	P1_SUB_88_U23	AND	11903
N12671	P1_SUB_88_U24	AND	11904
N12672	P1_SUB_88_U25	AND	11905
N12673	P1_SUB_88_U26	AND	11906
N12674	P1_SUB_88_U27	OR	11907
N12675	P1_SUB_88_U28	NAND	11908
N12676	P1_SUB_88_U29	NAND	11909
N12677	P1_SUB_88_U30	NAND	11910
N12678	P1_SUB_88_U31	NOT	11911
N12679	P1_SUB_88_U32	NOT	11912
N12680	P1_SUB_88_U33	NAND	11913
N12681	P1_SUB_88_U34	NAND	11914
N12682	P1_SUB_88_U35	NAND	11915
N12683	P1_SUB_88_U36	NAND	11916
N12684	P1_SUB_88_U37	NOT	11917
N12685	P1_SUB_88_U38	NAND	11918
N12686	P1_SUB_88_U39	NOT	11919
N12687	P1_SUB_88_U40	NAND	11920
N12688	P1_SUB_88_U41	NAND	11921
N12689	P1_SUB_88_U42	NAND	11922
N12690	P1_SUB_88_U43	NOR	11923
N12691	P1_SUB_88_U44	NOR	11924
N12692	P1_SUB_88_U45	NOR	11925
N12693	P1_SUB_88_U46	NOR	11926
N12694	P1_SUB_88_U47	NOR	11927
N12695	P1_SUB_88_U48	NOR	11928
N12696	P1_SUB_88_U49	NOR	11929
N12697	P1_SUB_88_U50	NOR	11930
N12698	P1_SUB_88_U51	AND	11931
N12699	P1_SUB_88_U52	NOR	11932
N12700	P1_SUB_88_U53	NOR	11933
N12701	P1_SUB_88_U54	NOR	11934
N12702	P1_SUB_88_U55	NOR	11935
N12703	P1_SUB_88_U56	AND	11936
N12704	P1_SUB_88_U57	NOR	11937
N12705	P1_SUB_88_U58	NOR	11938
N12706	P1_SUB_88_U59	NOR	11939
N12707	P1_SUB_88_U60	NOR	11940
N12708	P1_SUB_88_U61	AND	11941
N12709	P1_SUB_88_U62	NOR	11942
N12710	P1_SUB_88_U63	NOR	11943
N12711	P1_SUB_88_U64	NOR	11944
N12712	P1_SUB_88_U65	NOR	11945
N12713	P1_SUB_88_U66	AND	11946
N12714	P1_SUB_88_U67	NOR	11947
N12715	P1_SUB_88_U68	NOR	11948
N12716	P1_SUB_88_U69	NOR	11949
N12717	P1_SUB_88_U70	NOR	11950
N12718	P1_SUB_88_U71	AND	11951
N12719	P1_SUB_88_U72	NOR	11952
N12720	P1_SUB_88_U73	NOR	11953
N12721	P1_SUB_88_U74	NOR	11954
N12722	P1_SUB_88_U75	NOR	11955
N12723	P1_SUB_88_U76	AND	11956
N12724	P1_SUB_88_U77	NOR	11957
N12725	P1_SUB_88_U78	NOR	11958
N12726	P1_SUB_88_U79	NOR	11959
N12727	P1_SUB_88_U80	NOR	11960
N12728	P1_SUB_88_U81	AND	11961
N12729	P1_SUB_88_U82	NOR	11962
N12730	P1_SUB_88_U83	NOR	11963
N12731	P1_SUB_88_U84	NOR	11964
N12732	P1_SUB_88_U85	NOR	11965
N12733	P1_SUB_88_U86	AND	11966
N12734	P1_SUB_88_U87	NOR	11967
N12735	P1_SUB_88_U88	NOR	11968
N12736	P1_SUB_88_U89	NOR	11969
N12737	P1_SUB_88_U90	NOR	11970
N12738	P1_SUB_88_U91	AND	11971
N12739	P1_SUB_88_U92	NOR	11972
N12740	P1_SUB_88_U93	NOR	11973
N12741	P1_SUB_88_U94	NOR	11974
N12742	P1_SUB_88_U95	NOR	11975
N12743	P1_SUB_88_U96	AND	11976
N12744	P1_SUB_88_U97	NOR	11977
N12745	P1_SUB_88_U98	NOR	11978
N12746	P1_SUB_88_U99	NOR	11979
N12747	P1_SUB_88_U100	NOR	11980
N12748	P1_SUB_88_U101	AND	11981
N12749	P1_SUB_88_U102	NOR	11982
N12750	P1_SUB_88_U103	NOR	11983
N12751	P1_SUB_88_U104	NOR	11984
N12752	P1_SUB_88_U105	NOR	11985
N12753	P1_SUB_88_U106	AND	11986
N12754	P1_SUB_88_U107	NOR	11987
N12755	P1_SUB_88_U108	NOR	11988
N12756	P1_SUB_88_U109	NOR	11989
N12757	P1_SUB_88_U110	NOR	11990
N12758	P1_SUB_88_U111	AND	11991
N12759	P1_SUB_88_U112	NOR	11992
N12760	P1_SUB_88_U113	NOR	11993
N12761	P1_SUB_88_U114	NOR	11994
N12762	P1_SUB_88_U115	NOR	11995
N12763	P1_SUB_88_U116	AND	11996
N12764	P1_SUB_88_U117	NOR	11997
N12765	P1_SUB_88_U118	NOR	11998
N12766	P1_SUB_88_U119	NOR	11999
N12767	P1_SUB_88_U120	NOR	12000
N12768	P1_SUB_88_U121	AND	12001
N12769	P1_SUB_88_U122	NOR	12002
N12770	P1_SUB_88_U123	NOR	12003
N12771	P1_SUB_88_U124	NOR	12004
N12772	P1_SUB_88_U125	NOR	12005
N12773	P1_SUB_88_U126	AND	12006
N12774	P1_SUB_88_U127	NOR	12007
N12775	P1_SUB_88_U128	NOR	12008
N12776	P1_SUB_88_U129	NOR	12009
N12777	P1_SUB_88_U130	NOR	12010
N12778	P1_SUB_88_U131	NOR	12011
N12779	P1_SUB_88_U132	NOR	12012
N12780	P1_SUB_88_U133	NOR	12013
N12781	P1_SUB_88_U134	AND	12014
N12782	P1_SUB_88_U135	NOR	12015
N12783	P1_SUB_88_U136	NOR	12016
N12784	P1_SUB_88_U137	AND	12017
N12785	P1_SUB_88_U138	NOR	12018
N12786	P1_SUB_88_U139	NOR	12019
N12787	P1_SUB_88_U140	NOR	12020
N12788	P1_SUB_88_U141	AND	12021
N12789	P1_SUB_88_U142	NOR	12022
N12790	P1_SUB_88_U143	NOR	12023
N12791	P1_SUB_88_U144	NOR	12024
N12792	P1_SUB_88_U145	NOR	12025
N12793	P1_SUB_88_U146	NOR	12026
N12794	P1_SUB_88_U147	NOR	12027
N12795	P1_SUB_88_U148	NOR	12028
N12796	P1_SUB_88_U149	NOR	12029
N12797	P1_SUB_88_U150	NOR	12030
N12798	P1_SUB_88_U151	NOR	12031
N12799	P1_SUB_88_U152	NOR	12032
N12800	P1_SUB_88_U153	NOR	12033
N12801	P1_SUB_88_U154	NOR	12034
N12802	P1_SUB_88_U155	NOR	12035
N12803	P1_SUB_88_U156	NOR	12036
N12804	P1_SUB_88_U157	NOR	12037
N12805	P1_SUB_88_U158	NOR	12038
N12806	P1_SUB_88_U159	NOT	12039
N12807	P1_SUB_88_U160	AND	12040
N12808	P1_SUB_88_U161	NOT	12041
N12809	P1_SUB_88_U162	AND	12042
N12810	P1_SUB_88_U163	NOT	12043
N12811	P1_SUB_88_U164	NOT	12044
N12812	P1_SUB_88_U165	AND	12045
N12813	P1_SUB_88_U166	NOT	12046
N12814	P1_SUB_88_U167	NAND	12047
N12815	P1_SUB_88_U168	NOT	12048
N12816	P1_SUB_88_U169	NAND	12049
N12817	P1_SUB_88_U170	AND	12050
N12818	P1_SUB_88_U171	NOT	12051
N12819	P1_SUB_88_U172	NAND	12052
N12820	P1_SUB_88_U173	AND	12053
N12821	P1_SUB_88_U174	NOT	12054
N12822	P1_SUB_88_U175	NOT	12055
N12823	P1_SUB_88_U176	NOT	12056
N12824	P1_SUB_88_U177	AND	12057
N12825	P1_SUB_88_U178	NOT	12058
N12826	P1_SUB_88_U179	AND	12059
N12827	P1_SUB_88_U180	NAND	12060
N12828	P1_SUB_88_U181	NOT	12061
N12829	P1_SUB_88_U182	NOT	12062
N12830	P1_SUB_88_U183	NAND	12063
N12831	P1_SUB_88_U184	NOT	12064
N12832	P1_SUB_88_U185	NAND	12065
N12833	P1_SUB_88_U186	NAND	12066
N12834	P1_SUB_88_U187	NAND	12067
N12835	P1_SUB_88_U188	NAND	12068
N12836	P1_SUB_88_U189	NAND	12069
N12837	P1_SUB_88_U190	NAND	12070
N12838	P1_SUB_88_U191	NOT	12071
N12839	P1_SUB_88_U192	NAND	12072
N12840	P1_SUB_88_U193	NOT	12073
N12841	P1_SUB_88_U194	NOT	12074
N12842	P1_SUB_88_U195	NAND	12075
N12843	P1_SUB_88_U196	NOT	12076
N12844	P1_SUB_88_U197	NAND	12077
N12845	P1_SUB_88_U198	NAND	12078
N12846	P1_SUB_88_U199	NOT	12079
N12847	P1_SUB_88_U200	NAND	12080
N12848	P1_SUB_88_U201	NAND	12081
N12849	P1_SUB_88_U202	NOT	12082
N12850	P1_SUB_88_U203	NOT	12083
N12851	P1_SUB_88_U204	NAND	12084
N12852	P1_SUB_88_U205	NOT	12085
N12853	P1_SUB_88_U206	OR	12086
N12854	P1_SUB_88_U207	NAND	12087
N12855	P1_SUB_88_U208	NAND	12088
N12856	P1_SUB_88_U209	NAND	12089
N12857	P1_SUB_88_U210	NAND	12090
N12858	P1_SUB_88_U211	NAND	12091
N12859	P1_SUB_88_U212	NAND	12092
N12860	P1_SUB_88_U213	NAND	12093
N12861	P1_SUB_88_U214	NAND	12094
N12862	P1_SUB_88_U215	NAND	12095
N12863	P1_SUB_88_U216	NAND	12096
N12864	P1_SUB_88_U217	NAND	12097
N12865	P1_SUB_88_U218	NAND	12098
N12866	P1_SUB_88_U219	NAND	12099
N12867	P1_SUB_88_U220	NAND	12100
N12868	P1_SUB_88_U221	NAND	12101
N12869	P1_SUB_88_U222	NAND	12102
N12870	P1_SUB_88_U223	NAND	12103
N12871	P1_SUB_88_U224	NAND	12104
N12872	P1_SUB_88_U225	NAND	12105
N12873	P1_SUB_88_U226	NAND	12106
N12874	P1_SUB_88_U227	NAND	12107
N12875	P1_SUB_88_U228	NAND	12108
N12876	P1_SUB_88_U229	NAND	12109
N12877	P1_SUB_88_U230	NOT	12110
N12878	P1_SUB_88_U231	NAND	12111
N12879	P1_SUB_88_U232	NAND	12112
N12880	P1_SUB_88_U233	NAND	12113
N12881	P1_SUB_88_U234	NAND	12114
N12882	P1_SUB_88_U235	NAND	12115
N12883	P1_SUB_88_U236	NAND	12116
N12884	P1_SUB_88_U237	NAND	12117
N12885	P1_SUB_88_U238	NAND	12118
N12886	P1_SUB_88_U239	NAND	12119
N12887	P1_SUB_88_U240	NAND	12120
N12888	P1_SUB_88_U241	NAND	12121
N12889	P1_SUB_88_U242	NAND	12122
N12890	P1_SUB_88_U243	NAND	12123
N12891	P1_SUB_88_U244	NAND	12124
N12892	P1_SUB_88_U245	NAND	12125
N12893	P1_SUB_88_U246	NAND	12126
N12894	P1_SUB_88_U247	NAND	12127
N12895	P1_SUB_88_U248	NAND	12128
N12896	P1_SUB_88_U249	NAND	12129
N12897	P1_SUB_88_U250	NAND	12130
N12898	P1_SUB_88_U251	NAND	12131
N12899	P1_R1309_U6	NOT	12132
N12900	P1_R1309_U7	NOT	12133
N12901	P1_R1309_U8	AND	12134
N12902	P1_R1309_U9	NAND	12135
N12903	P1_R1309_U10	NAND	12136
N12904	P1_R1282_U6	AND	12137
N12905	P1_R1282_U7	AND	12138
N12906	P1_R1282_U8	AND	12139
N12907	P1_R1282_U9	AND	12140
N12908	P1_R1282_U10	AND	12141
N12909	P1_R1282_U11	AND	12142
N12910	P1_R1282_U12	AND	12143
N12911	P1_R1282_U13	AND	12144
N12912	P1_R1282_U14	AND	12145
N12913	P1_R1282_U15	AND	12146
N12914	P1_R1282_U16	AND	12147
N12915	P1_R1282_U17	AND	12148
N12916	P1_R1282_U18	AND	12149
N12917	P1_R1282_U19	AND	12150
N12918	P1_R1282_U20	AND	12151
N12919	P1_R1282_U21	AND	12152
N12920	P1_R1282_U22	AND	12153
N12921	P1_R1282_U23	AND	12154
N12922	P1_R1282_U24	AND	12155
N12923	P1_R1282_U25	OR	12156
N12924	P1_R1282_U26	NAND	12157
N12925	P1_R1282_U27	NAND	12158
N12926	P1_R1282_U28	NAND	12159
N12927	P1_R1282_U29	NAND	12160
N12928	P1_R1282_U30	NAND	12161
N12929	P1_R1282_U31	NOT	12162
N12930	P1_R1282_U32	NOT	12163
N12931	P1_R1282_U33	NOT	12164
N12932	P1_R1282_U34	NOT	12165
N12933	P1_R1282_U35	NAND	12166
N12934	P1_R1282_U36	NAND	12167
N12935	P1_R1282_U37	NAND	12168
N12936	P1_R1282_U38	NAND	12169
N12937	P1_R1282_U39	NAND	12170
N12938	P1_R1282_U40	NAND	12171
N12939	P1_R1282_U41	NAND	12172
N12940	P1_R1282_U42	NAND	12173
N12941	P1_R1282_U43	NAND	12174
N12942	P1_R1282_U44	NAND	12175
N12943	P1_R1282_U45	NAND	12176
N12944	P1_R1282_U46	NAND	12177
N12945	P1_R1282_U47	NOT	12178
N12946	P1_R1282_U48	NOT	12179
N12947	P1_R1282_U49	NOT	12180
N12948	P1_R1282_U50	NOT	12181
N12949	P1_R1282_U51	NOT	12182
N12950	P1_R1282_U52	NOT	12183
N12951	P1_R1282_U53	NOT	12184
N12952	P1_R1282_U54	NOT	12185
N12953	P1_R1282_U55	NOT	12186
N12954	P1_R1282_U56	NAND	12187
N12955	P1_R1282_U57	NOR	12188
N12956	P1_R1282_U58	NOR	12189
N12957	P1_R1282_U59	NOR	12190
N12958	P1_R1282_U60	NOR	12191
N12959	P1_R1282_U61	NOR	12192
N12960	P1_R1282_U62	NOT	12193
N12961	P1_R1282_U63	AND	12194
N12962	P1_R1282_U64	NOT	12195
N12963	P1_R1282_U65	AND	12196
N12964	P1_R1282_U66	NOT	12197
N12965	P1_R1282_U67	NAND	12198
N12966	P1_R1282_U68	AND	12199
N12967	P1_R1282_U69	NOT	12200
N12968	P1_R1282_U70	AND	12201
N12969	P1_R1282_U71	NOT	12202
N12970	P1_R1282_U72	AND	12203
N12971	P1_R1282_U73	NOT	12204
N12972	P1_R1282_U74	AND	12205
N12973	P1_R1282_U75	NOT	12206
N12974	P1_R1282_U76	AND	12207
N12975	P1_R1282_U77	NOT	12208
N12976	P1_R1282_U78	AND	12209
N12977	P1_R1282_U79	NOT	12210
N12978	P1_R1282_U80	NOT	12211
N12979	P1_R1282_U81	NOT	12212
N12980	P1_R1282_U82	AND	12213
N12981	P1_R1282_U83	NOT	12214
N12982	P1_R1282_U84	AND	12215
N12983	P1_R1282_U85	NOT	12216
N12984	P1_R1282_U86	AND	12217
N12985	P1_R1282_U87	NOT	12218
N12986	P1_R1282_U88	NOT	12219
N12987	P1_R1282_U89	NOT	12220
N12988	P1_R1282_U90	NOT	12221
N12989	P1_R1282_U91	NOT	12222
N12990	P1_R1282_U92	NOT	12223
N12991	P1_R1282_U93	NAND	12224
N12992	P1_R1282_U94	NAND	12225
N12993	P1_R1282_U95	NAND	12226
N12994	P1_R1282_U96	NAND	12227
N12995	P1_R1282_U97	NAND	12228
N12996	P1_R1282_U98	NAND	12229
N12997	P1_R1282_U99	NOT	12230
N12998	P1_R1282_U100	NOT	12231
N12999	P1_R1282_U101	NOT	12232
N13000	P1_R1282_U102	NOT	12233
N13001	P1_R1282_U103	NOT	12234
N13002	P1_R1282_U104	NOT	12235
N13003	P1_R1282_U105	NOT	12236
N13004	P1_R1282_U106	NOT	12237
N13005	P1_R1282_U107	NOT	12238
N13006	P1_R1282_U108	NOT	12239
N13007	P1_R1282_U109	NOT	12240
N13008	P1_R1282_U110	NOT	12241
N13009	P1_R1282_U111	NOT	12242
N13010	P1_R1282_U112	NAND	12243
N13011	P1_R1282_U113	NAND	12244
N13012	P1_R1282_U114	OR	12245
N13013	P1_R1282_U115	NAND	12246
N13014	P1_R1282_U116	NAND	12247
N13015	P1_R1282_U117	NAND	12248
N13016	P1_R1282_U118	NAND	12249
N13017	P1_R1282_U119	NAND	12250
N13018	P1_R1282_U120	NAND	12251
N13019	P1_R1282_U121	NAND	12252
N13020	P1_R1282_U122	NAND	12253
N13021	P1_R1282_U123	NAND	12254
N13022	P1_R1282_U124	NAND	12255
N13023	P1_R1282_U125	NAND	12256
N13024	P1_R1282_U126	NAND	12257
N13025	P1_R1282_U127	NAND	12258
N13026	P1_R1282_U128	NAND	12259
N13027	P1_R1282_U129	NAND	12260
N13028	P1_R1282_U130	NAND	12261
N13029	P1_R1282_U131	NAND	12262
N13030	P1_R1282_U132	NAND	12263
N13031	P1_R1282_U133	NAND	12264
N13032	P1_R1282_U134	NAND	12265
N13033	P1_R1282_U135	NAND	12266
N13034	P1_R1282_U136	NAND	12267
N13035	P1_R1282_U137	NAND	12268
N13036	P1_R1282_U138	NAND	12269
N13037	P1_R1282_U139	NAND	12270
N13038	P1_R1282_U140	NAND	12271
N13039	P1_R1282_U141	NAND	12272
N13040	P1_R1282_U142	NAND	12273
N13041	P1_R1282_U143	NAND	12274
N13042	P1_R1282_U144	NAND	12275
N13043	P1_R1282_U145	NAND	12276
N13044	P1_R1282_U146	NAND	12277
N13045	P1_R1282_U147	NAND	12278
N13046	P1_R1282_U148	NAND	12279
N13047	P1_R1282_U149	NAND	12280
N13048	P1_R1282_U150	NAND	12281
N13049	P1_R1282_U151	NAND	12282
N13050	P1_R1282_U152	NAND	12283
N13051	P1_R1282_U153	NAND	12284
N13052	P1_R1282_U154	NAND	12285
N13053	P1_R1282_U155	NAND	12286
N13054	P1_R1282_U156	NAND	12287
N13055	P1_R1282_U157	NAND	12288
N13056	P1_R1282_U158	NAND	12289
N13057	P1_R1282_U159	NAND	12290
N13058	P1_R1240_U4	AND	12291
N13059	P1_R1240_U5	AND	12292
N13060	P1_R1240_U6	AND	12293
N13061	P1_R1240_U7	AND	12294
N13062	P1_R1240_U8	AND	12295
N13063	P1_R1240_U9	AND	12296
N13064	P1_R1240_U10	AND	12297
N13065	P1_R1240_U11	AND	12298
N13066	P1_R1240_U12	AND	12299
N13067	P1_R1240_U13	AND	12300
N13068	P1_R1240_U14	AND	12301
N13069	P1_R1240_U15	AND	12302
N13070	P1_R1240_U16	AND	12303
N13071	P1_R1240_U17	AND	12304
N13072	P1_R1240_U18	AND	12305
N13073	P1_R1240_U19	AND	12306
N13074	P1_R1240_U20	NOT	12307
N13075	P1_R1240_U21	NOT	12308
N13076	P1_R1240_U22	NOT	12309
N13077	P1_R1240_U23	NAND	12310
N13078	P1_R1240_U24	NOT	12311
N13079	P1_R1240_U25	NOT	12312
N13080	P1_R1240_U26	NOT	12313
N13081	P1_R1240_U27	NOT	12314
N13082	P1_R1240_U28	NOT	12315
N13083	P1_R1240_U29	NOT	12316
N13084	P1_R1240_U30	NOT	12317
N13085	P1_R1240_U31	NOT	12318
N13086	P1_R1240_U32	NAND	12319
N13087	P1_R1240_U33	NOT	12320
N13088	P1_R1240_U34	NOT	12321
N13089	P1_R1240_U35	NAND	12322
N13090	P1_R1240_U36	NOT	12323
N13091	P1_R1240_U37	NOT	12324
N13092	P1_R1240_U38	NOT	12325
N13093	P1_R1240_U39	NOT	12326
N13094	P1_R1240_U40	NOT	12327
N13095	P1_R1240_U41	NAND	12328
N13096	P1_R1240_U42	NAND	12329
N13097	P1_R1240_U43	NAND	12330
N13098	P1_R1240_U44	NAND	12331
N13099	P1_R1240_U45	NAND	12332
N13100	P1_R1240_U46	NAND	12333
N13101	P1_R1240_U47	NOT	12334
N13102	P1_R1240_U48	NOT	12335
N13103	P1_R1240_U49	NOT	12336
N13104	P1_R1240_U50	NOT	12337
N13105	P1_R1240_U51	NOT	12338
N13106	P1_R1240_U52	NOT	12339
N13107	P1_R1240_U53	NOT	12340
N13108	P1_R1240_U54	NOT	12341
N13109	P1_R1240_U55	NOT	12342
N13110	P1_R1240_U56	NOT	12343
N13111	P1_R1240_U57	NOT	12344
N13112	P1_R1240_U58	NOT	12345
N13113	P1_R1240_U59	NOT	12346
N13114	P1_R1240_U60	NAND	12347
N13115	P1_R1240_U61	NOT	12348
N13116	P1_R1240_U62	NAND	12349
N13117	P1_R1240_U63	NOT	12350
N13118	P1_R1240_U64	NOT	12351
N13119	P1_R1240_U65	NOT	12352
N13120	P1_R1240_U66	NOT	12353
N13121	P1_R1240_U67	NOT	12354
N13122	P1_R1240_U68	NOT	12355
N13123	P1_R1240_U69	NAND	12356
N13124	P1_R1240_U70	NOT	12357
N13125	P1_R1240_U71	NOT	12358
N13126	P1_R1240_U72	NOT	12359
N13127	P1_R1240_U73	NOT	12360
N13128	P1_R1240_U74	NOT	12361
N13129	P1_R1240_U75	NOT	12362
N13130	P1_R1240_U76	NOT	12363
N13131	P1_R1240_U77	NOT	12364
N13132	P1_R1240_U78	NAND	12365
N13133	P1_R1240_U79	NOT	12366
N13134	P1_R1240_U80	NOT	12367
N13135	P1_R1240_U81	NAND	12368
N13136	P1_R1240_U82	NOT	12369
N13137	P1_R1240_U83	NOT	12370
N13138	P1_R1240_U84	NOT	12371
N13139	P1_R1240_U85	NOT	12372
N13140	P1_R1240_U86	NOT	12373
N13141	P1_R1240_U87	NAND	12374
N13142	P1_R1240_U88	NOT	12375
N13143	P1_R1240_U89	NOT	12376
N13144	P1_R1240_U90	NAND	12377
N13145	P1_R1240_U91	NOT	12378
N13146	P1_R1240_U92	NAND	12379
N13147	P1_R1240_U93	NAND	12380
N13148	P1_R1240_U94	NAND	12381
N13149	P1_R1240_U95	NAND	12382
N13150	P1_R1240_U96	NAND	12383
N13151	P1_R1240_U97	NAND	12384
N13152	P1_R1240_U98	NAND	12385
N13153	P1_R1240_U99	NAND	12386
N13154	P1_R1240_U100	NAND	12387
N13155	P1_R1240_U101	NAND	12388
N13156	P1_R1240_U102	NAND	12389
N13157	P1_R1240_U103	NAND	12390
N13158	P1_R1240_U104	NAND	12391
N13159	P1_R1240_U105	NAND	12392
N13160	P1_R1240_U106	NAND	12393
N13161	P1_R1240_U107	NAND	12394
N13162	P1_R1240_U108	NAND	12395
N13163	P1_R1240_U109	NAND	12396
N13164	P1_R1240_U110	NAND	12397
N13165	P1_R1240_U111	NAND	12398
N13166	P1_R1240_U112	NAND	12399
N13167	P1_R1240_U113	NAND	12400
N13168	P1_R1240_U114	NAND	12401
N13169	P1_R1240_U115	NAND	12402
N13170	P1_R1240_U116	AND	12403
N13171	P1_R1240_U117	AND	12404
N13172	P1_R1240_U118	AND	12405
N13173	P1_R1240_U119	AND	12406
N13174	P1_R1240_U120	AND	12407
N13175	P1_R1240_U121	AND	12408
N13176	P1_R1240_U122	AND	12409
N13177	P1_R1240_U123	AND	12410
N13178	P1_R1240_U124	AND	12411
N13179	P1_R1240_U125	AND	12412
N13180	P1_R1240_U126	AND	12413
N13181	P1_R1240_U127	AND	12414
N13182	P1_R1240_U128	AND	12415
N13183	P1_R1240_U129	AND	12416
N13184	P1_R1240_U130	AND	12417
N13185	P1_R1240_U131	AND	12418
N13186	P1_R1240_U132	AND	12419
N13187	P1_R1240_U133	AND	12420
N13188	P1_R1240_U134	AND	12421
N13189	P1_R1240_U135	AND	12422
N13190	P1_R1240_U136	AND	12423
N13191	P1_R1240_U137	AND	12424
N13192	P1_R1240_U138	AND	12425
N13193	P1_R1240_U139	AND	12426
N13194	P1_R1240_U140	NAND	12427
N13195	P1_R1240_U141	NAND	12428
N13196	P1_R1240_U142	NOT	12429
N13197	P1_R1240_U143	NOT	12430
N13198	P1_R1240_U144	AND	12431
N13199	P1_R1240_U145	NAND	12432
N13200	P1_R1240_U146	AND	12433
N13201	P1_R1240_U147	NAND	12434
N13202	P1_R1240_U148	AND	12435
N13203	P1_R1240_U149	NAND	12436
N13204	P1_R1240_U150	AND	12437
N13205	P1_R1240_U151	NAND	12438
N13206	P1_R1240_U152	AND	12439
N13207	P1_R1240_U153	NAND	12440
N13208	P1_R1240_U154	AND	12441
N13209	P1_R1240_U155	NAND	12442
N13210	P1_R1240_U156	AND	12443
N13211	P1_R1240_U157	AND	12444
N13212	P1_R1240_U158	NAND	12445
N13213	P1_R1240_U159	NAND	12446
N13214	P1_R1240_U160	AND	12447
N13215	P1_R1240_U161	NAND	12448
N13216	P1_R1240_U162	AND	12449
N13217	P1_R1240_U163	NAND	12450
N13218	P1_R1240_U164	NAND	12451
N13219	P1_R1240_U165	NAND	12452
N13220	P1_R1240_U166	NAND	12453
N13221	P1_R1240_U167	NOT	12454
N13222	P1_R1240_U168	NAND	12455
N13223	P1_R1240_U169	NAND	12456
N13224	P1_R1240_U170	NAND	12457
N13225	P1_R1240_U171	NOT	12458
N13226	P1_R1240_U172	NOT	12459
N13227	P1_R1240_U173	NAND	12460
N13228	P1_R1240_U174	NOT	12461
N13229	P1_R1240_U175	OR	12462
N13230	P1_R1240_U176	OR	12463
N13231	P1_R1240_U177	OR	12464
N13232	P1_R1240_U178	OR	12465
N13233	P1_R1240_U179	NOT	12466
N13234	P1_R1240_U180	OR	12467
N13235	P1_R1240_U181	NOT	12468
N13236	P1_R1240_U182	NOT	12469
N13237	P1_R1240_U183	NAND	12470
N13238	P1_R1240_U184	NAND	12471
N13239	P1_R1240_U185	NAND	12472
N13240	P1_R1240_U186	NAND	12473
N13241	P1_R1240_U187	NAND	12474
N13242	P1_R1240_U188	NAND	12475
N13243	P1_R1240_U189	NAND	12476
N13244	P1_R1240_U190	NAND	12477
N13245	P1_R1240_U191	NAND	12478
N13246	P1_R1240_U192	NOT	12479
N13247	P1_R1240_U193	OR	12480
N13248	P1_R1240_U194	OR	12481
N13249	P1_R1240_U195	NOT	12482
N13250	P1_R1240_U196	NAND	12483
N13251	P1_R1240_U197	NAND	12484
N13252	P1_R1240_U198	NAND	12485
N13253	P1_R1240_U199	NAND	12486
N13254	P1_R1240_U200	NOT	12487
N13255	P1_R1240_U201	OR	12488
N13256	P1_R1240_U202	NAND	12489
N13257	P1_R1240_U203	NOT	12490
N13258	P1_R1240_U204	OR	12491
N13259	P1_R1240_U205	OR	12492
N13260	P1_R1240_U206	NAND	12493
N13261	P1_R1240_U207	NAND	12494
N13262	P1_R1240_U208	NAND	12495
N13263	P1_R1240_U209	NAND	12496
N13264	P1_R1240_U210	NAND	12497
N13265	P1_R1240_U211	OR	12498
N13266	P1_R1240_U212	NAND	12499
N13267	P1_R1240_U213	NAND	12500
N13268	P1_R1240_U214	NOT	12501
N13269	P1_R1240_U215	NAND	12502
N13270	P1_R1240_U216	NAND	12503
N13271	P1_R1240_U217	NAND	12504
N13272	P1_R1240_U218	NOT	12505
N13273	P1_R1240_U219	OR	12506
N13274	P1_R1240_U220	NAND	12507
N13275	P1_R1240_U221	NAND	12508
N13276	P1_R1240_U222	NAND	12509
N13277	P1_R1240_U223	NAND	12510
N13278	P1_R1240_U224	NAND	12511
N13279	P1_R1240_U225	OR	12512
N13280	P1_R1240_U226	NAND	12513
N13281	P1_R1240_U227	NOT	12514
N13282	P1_R1240_U228	NAND	12515
N13283	P1_R1240_U229	NAND	12516
N13284	P1_R1240_U230	NAND	12517
N13285	P1_R1240_U231	NAND	12518
N13286	P1_R1240_U232	NAND	12519
N13287	P1_R1240_U233	OR	12520
N13288	P1_R1240_U234	OR	12521
N13289	P1_R1240_U235	NAND	12522
N13290	P1_R1240_U236	NAND	12523
N13291	P1_R1240_U237	NAND	12524
N13292	P1_R1240_U238	OR	12525
N13293	P1_R1240_U239	NAND	12526
N13294	P1_R1240_U240	NAND	12527
N13295	P1_R1240_U241	NOT	12528
N13296	P1_R1240_U242	OR	12529
N13297	P1_R1240_U243	OR	12530
N13298	P1_R1240_U244	NAND	12531
N13299	P1_R1240_U245	NAND	12532
N13300	P1_R1240_U246	NAND	12533
N13301	P1_R1240_U247	OR	12534
N13302	P1_R1240_U248	OR	12535
N13303	P1_R1240_U249	NAND	12536
N13304	P1_R1240_U250	NAND	12537
N13305	P1_R1240_U251	NOT	12538
N13306	P1_R1240_U252	OR	12539
N13307	P1_R1240_U253	NAND	12540
N13308	P1_R1240_U254	NAND	12541
N13309	P1_R1240_U255	NOT	12542
N13310	P1_R1240_U256	OR	12543
N13311	P1_R1240_U257	NAND	12544
N13312	P1_R1240_U258	NAND	12545
N13313	P1_R1240_U259	NOT	12546
N13314	P1_R1240_U260	OR	12547
N13315	P1_R1240_U261	OR	12548
N13316	P1_R1240_U262	NOT	12549
N13317	P1_R1240_U263	NAND	12550
N13318	P1_R1240_U264	NAND	12551
N13319	P1_R1240_U265	NAND	12552
N13320	P1_R1240_U266	NAND	12553
N13321	P1_R1240_U267	NOT	12554
N13322	P1_R1240_U268	OR	12555
N13323	P1_R1240_U269	OR	12556
N13324	P1_R1240_U270	OR	12557
N13325	P1_R1240_U271	NOT	12558
N13326	P1_R1240_U272	NAND	12559
N13327	P1_R1240_U273	NAND	12560
N13328	P1_R1240_U274	NAND	12561
N13329	P1_R1240_U275	NAND	12562
N13330	P1_R1240_U276	NAND	12563
N13331	P1_R1240_U277	NAND	12564
N13332	P1_R1240_U278	NAND	12565
N13333	P1_R1240_U279	OR	12566
N13334	P1_R1240_U280	OR	12567
N13335	P1_R1240_U281	NAND	12568
N13336	P1_R1240_U282	NAND	12569
N13337	P1_R1240_U283	NOT	12570
N13338	P1_R1240_U284	OR	12571
N13339	P1_R1240_U285	NAND	12572
N13340	P1_R1240_U286	NAND	12573
N13341	P1_R1240_U287	NOT	12574
N13342	P1_R1240_U288	OR	12575
N13343	P1_R1240_U289	NAND	12576
N13344	P1_R1240_U290	NAND	12577
N13345	P1_R1240_U291	NOT	12578
N13346	P1_R1240_U292	OR	12579
N13347	P1_R1240_U293	NAND	12580
N13348	P1_R1240_U294	NOT	12581
N13349	P1_R1240_U295	OR	12582
N13350	P1_R1240_U296	NAND	12583
N13351	P1_R1240_U297	NOT	12584
N13352	P1_R1240_U298	OR	12585
N13353	P1_R1240_U299	NAND	12586
N13354	P1_R1240_U300	NOT	12587
N13355	P1_R1240_U301	NAND	12588
N13356	P1_R1240_U302	NOT	12589
N13357	P1_R1240_U303	NAND	12590
N13358	P1_R1240_U304	NOT	12591
N13359	P1_R1240_U305	OR	12592
N13360	P1_R1240_U306	NAND	12593
N13361	P1_R1240_U307	NAND	12594
N13362	P1_R1240_U308	NAND	12595
N13363	P1_R1240_U309	NAND	12596
N13364	P1_R1240_U310	NAND	12597
N13365	P1_R1240_U311	OR	12598
N13366	P1_R1240_U312	NAND	12599
N13367	P1_R1240_U313	NOT	12600
N13368	P1_R1240_U314	NAND	12601
N13369	P1_R1240_U315	NAND	12602
N13370	P1_R1240_U316	NAND	12603
N13371	P1_R1240_U317	NAND	12604
N13372	P1_R1240_U318	OR	12605
N13373	P1_R1240_U319	NAND	12606
N13374	P1_R1240_U320	NAND	12607
N13375	P1_R1240_U321	NAND	12608
N13376	P1_R1240_U322	NAND	12609
N13377	P1_R1240_U323	NAND	12610
N13378	P1_R1240_U324	OR	12611
N13379	P1_R1240_U325	NOT	12612
N13380	P1_R1240_U326	OR	12613
N13381	P1_R1240_U327	OR	12614
N13382	P1_R1240_U328	NAND	12615
N13383	P1_R1240_U329	NAND	12616
N13384	P1_R1240_U330	NAND	12617
N13385	P1_R1240_U331	NAND	12618
N13386	P1_R1240_U332	NAND	12619
N13387	P1_R1240_U333	OR	12620
N13388	P1_R1240_U334	NAND	12621
N13389	P1_R1240_U335	NOT	12622
N13390	P1_R1240_U336	OR	12623
N13391	P1_R1240_U337	NAND	12624
N13392	P1_R1240_U338	NAND	12625
N13393	P1_R1240_U339	NAND	12626
N13394	P1_R1240_U340	NAND	12627
N13395	P1_R1240_U341	NAND	12628
N13396	P1_R1240_U342	OR	12629
N13397	P1_R1240_U343	OR	12630
N13398	P1_R1240_U344	NAND	12631
N13399	P1_R1240_U345	NAND	12632
N13400	P1_R1240_U346	NAND	12633
N13401	P1_R1240_U347	NAND	12634
N13402	P1_R1240_U348	NAND	12635
N13403	P1_R1240_U349	NAND	12636
N13404	P1_R1240_U350	NAND	12637
N13405	P1_R1240_U351	NAND	12638
N13406	P1_R1240_U352	NAND	12639
N13407	P1_R1240_U353	NAND	12640
N13408	P1_R1240_U354	NAND	12641
N13409	P1_R1240_U355	NAND	12642
N13410	P1_R1240_U356	NAND	12643
N13411	P1_R1240_U357	NAND	12644
N13412	P1_R1240_U358	NAND	12645
N13413	P1_R1240_U359	NAND	12646
N13414	P1_R1240_U360	NAND	12647
N13415	P1_R1240_U361	NAND	12648
N13416	P1_R1240_U362	NAND	12649
N13417	P1_R1240_U363	NAND	12650
N13418	P1_R1240_U364	NAND	12651
N13419	P1_R1240_U365	NAND	12652
N13420	P1_R1240_U366	NAND	12653
N13421	P1_R1240_U367	NAND	12654
N13422	P1_R1240_U368	NAND	12655
N13423	P1_R1240_U369	NAND	12656
N13424	P1_R1240_U370	NAND	12657
N13425	P1_R1240_U371	NAND	12658
N13426	P1_R1240_U372	NAND	12659
N13427	P1_R1240_U373	NAND	12660
N13428	P1_R1240_U374	NAND	12661
N13429	P1_R1240_U375	NAND	12662
N13430	P1_R1240_U376	NAND	12663
N13431	P1_R1240_U377	NAND	12664
N13432	P1_R1240_U378	NAND	12665
N13433	P1_R1240_U379	NAND	12666
N13434	P1_R1240_U380	NAND	12667
N13435	P1_R1240_U381	NAND	12668
N13436	P1_R1240_U382	NAND	12669
N13437	P1_R1240_U383	NAND	12670
N13438	P1_R1240_U384	NAND	12671
N13439	P1_R1240_U385	NAND	12672
N13440	P1_R1240_U386	NAND	12673
N13441	P1_R1240_U387	NAND	12674
N13442	P1_R1240_U388	NAND	12675
N13443	P1_R1240_U389	NAND	12676
N13444	P1_R1240_U390	NAND	12677
N13445	P1_R1240_U391	NAND	12678
N13446	P1_R1240_U392	NAND	12679
N13447	P1_R1240_U393	NAND	12680
N13448	P1_R1240_U394	NAND	12681
N13449	P1_R1240_U395	NAND	12682
N13450	P1_R1240_U396	NAND	12683
N13451	P1_R1240_U397	NAND	12684
N13452	P1_R1240_U398	NAND	12685
N13453	P1_R1240_U399	NAND	12686
N13454	P1_R1240_U400	NAND	12687
N13455	P1_R1240_U401	NAND	12688
N13456	P1_R1240_U402	NAND	12689
N13457	P1_R1240_U403	NAND	12690
N13458	P1_R1240_U404	NAND	12691
N13459	P1_R1240_U405	NAND	12692
N13460	P1_R1240_U406	NAND	12693
N13461	P1_R1240_U407	NAND	12694
N13462	P1_R1240_U408	NAND	12695
N13463	P1_R1240_U409	NAND	12696
N13464	P1_R1240_U410	NAND	12697
N13465	P1_R1240_U411	NAND	12698
N13466	P1_R1240_U412	NAND	12699
N13467	P1_R1240_U413	NAND	12700
N13468	P1_R1240_U414	NAND	12701
N13469	P1_R1240_U415	NAND	12702
N13470	P1_R1240_U416	NAND	12703
N13471	P1_R1240_U417	NAND	12704
N13472	P1_R1240_U418	NAND	12705
N13473	P1_R1240_U419	NAND	12706
N13474	P1_R1240_U420	NAND	12707
N13475	P1_R1240_U421	NAND	12708
N13476	P1_R1240_U422	NAND	12709
N13477	P1_R1240_U423	NAND	12710
N13478	P1_R1240_U424	NAND	12711
N13479	P1_R1240_U425	NAND	12712
N13480	P1_R1240_U426	NAND	12713
N13481	P1_R1240_U427	NAND	12714
N13482	P1_R1240_U428	NAND	12715
N13483	P1_R1240_U429	NAND	12716
N13484	P1_R1240_U430	NAND	12717
N13485	P1_R1240_U431	NAND	12718
N13486	P1_R1240_U432	NAND	12719
N13487	P1_R1240_U433	NAND	12720
N13488	P1_R1240_U434	NAND	12721
N13489	P1_R1240_U435	NAND	12722
N13490	P1_R1240_U436	NAND	12723
N13491	P1_R1240_U437	NAND	12724
N13492	P1_R1240_U438	NAND	12725
N13493	P1_R1240_U439	NAND	12726
N13494	P1_R1240_U440	NAND	12727
N13495	P1_R1240_U441	NAND	12728
N13496	P1_R1240_U442	NAND	12729
N13497	P1_R1240_U443	NAND	12730
N13498	P1_R1240_U444	NAND	12731
N13499	P1_R1240_U445	NAND	12732
N13500	P1_R1240_U446	NAND	12733
N13501	P1_R1240_U447	NAND	12734
N13502	P1_R1240_U448	NAND	12735
N13503	P1_R1240_U449	NAND	12736
N13504	P1_R1240_U450	NAND	12737
N13505	P1_R1240_U451	NAND	12738
N13506	P1_R1240_U452	NAND	12739
N13507	P1_R1240_U453	NAND	12740
N13508	P1_R1240_U454	NAND	12741
N13509	P1_R1240_U455	NAND	12742
N13510	P1_R1240_U456	NAND	12743
N13511	P1_R1240_U457	NAND	12744
N13512	P1_R1240_U458	NAND	12745
N13513	P1_R1240_U459	NAND	12746
N13514	P1_R1240_U460	NAND	12747
N13515	P1_R1240_U461	NAND	12748
N13516	P1_R1240_U462	NAND	12749
N13517	P1_R1240_U463	NAND	12750
N13518	P1_R1240_U464	NAND	12751
N13519	P1_R1240_U465	NAND	12752
N13520	P1_R1240_U466	NAND	12753
N13521	P1_R1240_U467	NAND	12754
N13522	P1_R1240_U468	NAND	12755
N13523	P1_R1240_U469	NAND	12756
N13524	P1_R1240_U470	NAND	12757
N13525	P1_R1240_U471	NAND	12758
N13526	P1_R1240_U472	NAND	12759
N13527	P1_R1240_U473	NAND	12760
N13528	P1_R1240_U474	NAND	12761
N13529	P1_R1240_U475	NAND	12762
N13530	P1_R1240_U476	NAND	12763
N13531	P1_R1240_U477	NAND	12764
N13532	P1_R1240_U478	NAND	12765
N13533	P1_R1240_U479	NAND	12766
N13534	P1_R1240_U480	NAND	12767
N13535	P1_R1240_U481	NAND	12768
N13536	P1_R1240_U482	NAND	12769
N13537	P1_R1240_U483	NAND	12770
N13538	P1_R1240_U484	NAND	12771
N13539	P1_R1240_U485	NAND	12772
N13540	P1_R1240_U486	NAND	12773
N13541	P1_R1240_U487	NAND	12774
N13542	P1_R1240_U488	NAND	12775
N13543	P1_R1240_U489	NAND	12776
N13544	P1_R1240_U490	NAND	12777
N13545	P1_R1240_U491	NAND	12778
N13546	P1_R1240_U492	NAND	12779
N13547	P1_R1240_U493	NAND	12780
N13548	P1_R1240_U494	NAND	12781
N13549	P1_R1240_U495	NAND	12782
N13550	P1_R1240_U496	NAND	12783
N13551	P1_R1240_U497	NAND	12784
N13552	P1_R1240_U498	NAND	12785
N13553	P1_R1240_U499	NAND	12786
N13554	P1_R1240_U500	NAND	12787
N13555	P1_R1240_U501	NAND	12788
N13556	P1_R1162_U4	AND	12789
N13557	P1_R1162_U5	AND	12790
N13558	P1_R1162_U6	AND	12791
N13559	P1_R1162_U7	AND	12792
N13560	P1_R1162_U8	AND	12793
N13561	P1_R1162_U9	AND	12794
N13562	P1_R1162_U10	AND	12795
N13563	P1_R1162_U11	AND	12796
N13564	P1_R1162_U12	AND	12797
N13565	P1_R1162_U13	AND	12798
N13566	P1_R1162_U14	AND	12799
N13567	P1_R1162_U15	AND	12800
N13568	P1_R1162_U16	AND	12801
N13569	P1_R1162_U17	NOT	12802
N13570	P1_R1162_U18	NOT	12803
N13571	P1_R1162_U19	NOT	12804
N13572	P1_R1162_U20	NAND	12805
N13573	P1_R1162_U21	NOT	12806
N13574	P1_R1162_U22	NOT	12807
N13575	P1_R1162_U23	NOT	12808
N13576	P1_R1162_U24	NOT	12809
N13577	P1_R1162_U25	NOT	12810
N13578	P1_R1162_U26	NOT	12811
N13579	P1_R1162_U27	NOT	12812
N13580	P1_R1162_U28	NOT	12813
N13581	P1_R1162_U29	NAND	12814
N13582	P1_R1162_U30	NOT	12815
N13583	P1_R1162_U31	NOT	12816
N13584	P1_R1162_U32	NAND	12817
N13585	P1_R1162_U33	NOT	12818
N13586	P1_R1162_U34	NOT	12819
N13587	P1_R1162_U35	NOT	12820
N13588	P1_R1162_U36	NOT	12821
N13589	P1_R1162_U37	NOT	12822
N13590	P1_R1162_U38	NAND	12823
N13591	P1_R1162_U39	NAND	12824
N13592	P1_R1162_U40	NAND	12825
N13593	P1_R1162_U41	NAND	12826
N13594	P1_R1162_U42	NAND	12827
N13595	P1_R1162_U43	NAND	12828
N13596	P1_R1162_U44	NOT	12829
N13597	P1_R1162_U45	NOT	12830
N13598	P1_R1162_U46	NOT	12831
N13599	P1_R1162_U47	NAND	12832
N13600	P1_R1162_U48	NOT	12833
N13601	P1_R1162_U49	NAND	12834
N13602	P1_R1162_U50	NOT	12835
N13603	P1_R1162_U51	NOT	12836
N13604	P1_R1162_U52	NOT	12837
N13605	P1_R1162_U53	NOT	12838
N13606	P1_R1162_U54	NOT	12839
N13607	P1_R1162_U55	NOT	12840
N13608	P1_R1162_U56	NAND	12841
N13609	P1_R1162_U57	NOT	12842
N13610	P1_R1162_U58	NOT	12843
N13611	P1_R1162_U59	NOT	12844
N13612	P1_R1162_U60	NOT	12845
N13613	P1_R1162_U61	NOT	12846
N13614	P1_R1162_U62	NOT	12847
N13615	P1_R1162_U63	NOT	12848
N13616	P1_R1162_U64	NOT	12849
N13617	P1_R1162_U65	NAND	12850
N13618	P1_R1162_U66	NAND	12851
N13619	P1_R1162_U67	NAND	12852
N13620	P1_R1162_U68	NAND	12853
N13621	P1_R1162_U69	NAND	12854
N13622	P1_R1162_U70	NAND	12855
N13623	P1_R1162_U71	NAND	12856
N13624	P1_R1162_U72	NAND	12857
N13625	P1_R1162_U73	NAND	12858
N13626	P1_R1162_U74	NAND	12859
N13627	P1_R1162_U75	NAND	12860
N13628	P1_R1162_U76	NAND	12861
N13629	P1_R1162_U77	NAND	12862
N13630	P1_R1162_U78	NAND	12863
N13631	P1_R1162_U79	NAND	12864
N13632	P1_R1162_U80	NAND	12865
N13633	P1_R1162_U81	NAND	12866
N13634	P1_R1162_U82	NAND	12867
N13635	P1_R1162_U83	NAND	12868
N13636	P1_R1162_U84	NOT	12869
N13637	P1_R1162_U85	NOT	12870
N13638	P1_R1162_U86	NAND	12871
N13639	P1_R1162_U87	NAND	12872
N13640	P1_R1162_U88	NAND	12873
N13641	P1_R1162_U89	NOT	12874
N13642	P1_R1162_U90	NAND	12875
N13643	P1_R1162_U91	NAND	12876
N13644	P1_R1162_U92	NOT	12877
N13645	P1_R1162_U93	NOT	12878
N13646	P1_R1162_U94	OR	12879
N13647	P1_R1162_U95	OR	12880
N13648	P1_R1162_U96	OR	12881
N13649	P1_R1162_U97	OR	12882
N13650	P1_R1162_U98	NOT	12883
N13651	P1_R1162_U99	OR	12884
N13652	P1_R1162_U100	NOT	12885
N13653	P1_R1162_U101	NOT	12886
N13654	P1_R1162_U102	NAND	12887
N13655	P1_R1162_U103	NAND	12888
N13656	P1_R1162_U104	NAND	12889
N13657	P1_R1162_U105	NAND	12890
N13658	P1_R1162_U106	NAND	12891
N13659	P1_R1162_U107	NAND	12892
N13660	P1_R1162_U108	NAND	12893
N13661	P1_R1162_U109	NAND	12894
N13662	P1_R1162_U110	NAND	12895
N13663	P1_R1162_U111	NOT	12896
N13664	P1_R1162_U112	OR	12897
N13665	P1_R1162_U113	OR	12898
N13666	P1_R1162_U114	NOT	12899
N13667	P1_R1162_U115	NAND	12900
N13668	P1_R1162_U116	NAND	12901
N13669	P1_R1162_U117	NAND	12902
N13670	P1_R1162_U118	NAND	12903
N13671	P1_R1162_U119	NOT	12904
N13672	P1_R1162_U120	OR	12905
N13673	P1_R1162_U121	NAND	12906
N13674	P1_R1162_U122	NOT	12907
N13675	P1_R1162_U123	OR	12908
N13676	P1_R1162_U124	OR	12909
N13677	P1_R1162_U125	NAND	12910
N13678	P1_R1162_U126	NAND	12911
N13679	P1_R1162_U127	NAND	12912
N13680	P1_R1162_U128	NAND	12913
N13681	P1_R1162_U129	NAND	12914
N13682	P1_R1162_U130	OR	12915
N13683	P1_R1162_U131	NAND	12916
N13684	P1_R1162_U132	NAND	12917
N13685	P1_R1162_U133	NOT	12918
N13686	P1_R1162_U134	NAND	12919
N13687	P1_R1162_U135	NAND	12920
N13688	P1_R1162_U136	NAND	12921
N13689	P1_R1162_U137	NOT	12922
N13690	P1_R1162_U138	OR	12923
N13691	P1_R1162_U139	NAND	12924
N13692	P1_R1162_U140	NAND	12925
N13693	P1_R1162_U141	NAND	12926
N13694	P1_R1162_U142	NAND	12927
N13695	P1_R1162_U143	NAND	12928
N13696	P1_R1162_U144	OR	12929
N13697	P1_R1162_U145	NAND	12930
N13698	P1_R1162_U146	NOT	12931
N13699	P1_R1162_U147	NAND	12932
N13700	P1_R1162_U148	NAND	12933
N13701	P1_R1162_U149	NAND	12934
N13702	P1_R1162_U150	NAND	12935
N13703	P1_R1162_U151	NAND	12936
N13704	P1_R1162_U152	OR	12937
N13705	P1_R1162_U153	NOT	12938
N13706	P1_R1162_U154	OR	12939
N13707	P1_R1162_U155	OR	12940
N13708	P1_R1162_U156	NAND	12941
N13709	P1_R1162_U157	NAND	12942
N13710	P1_R1162_U158	NAND	12943
N13711	P1_R1162_U159	OR	12944
N13712	P1_R1162_U160	NAND	12945
N13713	P1_R1162_U161	NAND	12946
N13714	P1_R1162_U162	NOT	12947
N13715	P1_R1162_U163	OR	12948
N13716	P1_R1162_U164	OR	12949
N13717	P1_R1162_U165	NAND	12950
N13718	P1_R1162_U166	NAND	12951
N13719	P1_R1162_U167	NAND	12952
N13720	P1_R1162_U168	OR	12953
N13721	P1_R1162_U169	OR	12954
N13722	P1_R1162_U170	NAND	12955
N13723	P1_R1162_U171	NAND	12956
N13724	P1_R1162_U172	NOT	12957
N13725	P1_R1162_U173	OR	12958
N13726	P1_R1162_U174	NAND	12959
N13727	P1_R1162_U175	NAND	12960
N13728	P1_R1162_U176	NOT	12961
N13729	P1_R1162_U177	OR	12962
N13730	P1_R1162_U178	NAND	12963
N13731	P1_R1162_U179	NAND	12964
N13732	P1_R1162_U180	NOT	12965
N13733	P1_R1162_U181	OR	12966
N13734	P1_R1162_U182	OR	12967
N13735	P1_R1162_U183	NOT	12968
N13736	P1_R1162_U184	NAND	12969
N13737	P1_R1162_U185	NAND	12970
N13738	P1_R1162_U186	NAND	12971
N13739	P1_R1162_U187	NAND	12972
N13740	P1_R1162_U188	NOT	12973
N13741	P1_R1162_U189	OR	12974
N13742	P1_R1162_U190	NAND	12975
N13743	P1_R1162_U191	NAND	12976
N13744	P1_R1162_U192	NAND	12977
N13745	P1_R1162_U193	NAND	12978
N13746	P1_R1162_U194	NAND	12979
N13747	P1_R1162_U195	OR	12980
N13748	P1_R1162_U196	NAND	12981
N13749	P1_R1162_U197	OR	12982
N13750	P1_R1162_U198	NAND	12983
N13751	P1_R1162_U199	NAND	12984
N13752	P1_R1162_U200	NAND	12985
N13753	P1_R1162_U201	NAND	12986
N13754	P1_R1162_U202	NAND	12987
N13755	P1_R1162_U203	OR	12988
N13756	P1_R1162_U204	NAND	12989
N13757	P1_R1162_U205	NOT	12990
N13758	P1_R1162_U206	OR	12991
N13759	P1_R1162_U207	NAND	12992
N13760	P1_R1162_U208	NAND	12993
N13761	P1_R1162_U209	NAND	12994
N13762	P1_R1162_U210	NAND	12995
N13763	P1_R1162_U211	NAND	12996
N13764	P1_R1162_U212	OR	12997
N13765	P1_R1162_U213	OR	12998
N13766	P1_R1162_U214	NAND	12999
N13767	P1_R1162_U215	NAND	13000
N13768	P1_R1162_U216	NAND	13001
N13769	P1_R1162_U217	NAND	13002
N13770	P1_R1162_U218	NAND	13003
N13771	P1_R1162_U219	NAND	13004
N13772	P1_R1162_U220	NAND	13005
N13773	P1_R1162_U221	NAND	13006
N13774	P1_R1162_U222	NAND	13007
N13775	P1_R1162_U223	NAND	13008
N13776	P1_R1162_U224	NAND	13009
N13777	P1_R1162_U225	NAND	13010
N13778	P1_R1162_U226	NAND	13011
N13779	P1_R1162_U227	NAND	13012
N13780	P1_R1162_U228	NAND	13013
N13781	P1_R1162_U229	NAND	13014
N13782	P1_R1162_U230	NAND	13015
N13783	P1_R1162_U231	NAND	13016
N13784	P1_R1162_U232	NAND	13017
N13785	P1_R1162_U233	NAND	13018
N13786	P1_R1162_U234	NAND	13019
N13787	P1_R1162_U235	NAND	13020
N13788	P1_R1162_U236	NAND	13021
N13789	P1_R1162_U237	NAND	13022
N13790	P1_R1162_U238	NAND	13023
N13791	P1_R1162_U239	NAND	13024
N13792	P1_R1162_U240	NAND	13025
N13793	P1_R1162_U241	NAND	13026
N13794	P1_R1162_U242	NAND	13027
N13795	P1_R1162_U243	NAND	13028
N13796	P1_R1162_U244	NAND	13029
N13797	P1_R1162_U245	NAND	13030
N13798	P1_R1162_U246	NAND	13031
N13799	P1_R1162_U247	NAND	13032
N13800	P1_R1162_U248	NAND	13033
N13801	P1_R1162_U249	NAND	13034
N13802	P1_R1162_U250	NAND	13035
N13803	P1_R1162_U251	NAND	13036
N13804	P1_R1162_U252	NAND	13037
N13805	P1_R1162_U253	NAND	13038
N13806	P1_R1162_U254	NAND	13039
N13807	P1_R1162_U255	NAND	13040
N13808	P1_R1162_U256	NAND	13041
N13809	P1_R1162_U257	NAND	13042
N13810	P1_R1162_U258	NAND	13043
N13811	P1_R1162_U259	NAND	13044
N13812	P1_R1162_U260	NAND	13045
N13813	P1_R1162_U261	NAND	13046
N13814	P1_R1162_U262	NAND	13047
N13815	P1_R1162_U263	NAND	13048
N13816	P1_R1162_U264	NAND	13049
N13817	P1_R1162_U265	NAND	13050
N13818	P1_R1162_U266	NAND	13051
N13819	P1_R1162_U267	NAND	13052
N13820	P1_R1162_U268	NAND	13053
N13821	P1_R1162_U269	NAND	13054
N13822	P1_R1162_U270	NAND	13055
N13823	P1_R1162_U271	NAND	13056
N13824	P1_R1162_U272	NAND	13057
N13825	P1_R1162_U273	NAND	13058
N13826	P1_R1162_U274	NAND	13059
N13827	P1_R1162_U275	NAND	13060
N13828	P1_R1162_U276	NAND	13061
N13829	P1_R1162_U277	NAND	13062
N13830	P1_R1162_U278	NAND	13063
N13831	P1_R1162_U279	NAND	13064
N13832	P1_R1162_U280	NAND	13065
N13833	P1_R1162_U281	NAND	13066
N13834	P1_R1162_U282	NAND	13067
N13835	P1_R1162_U283	NAND	13068
N13836	P1_R1162_U284	NAND	13069
N13837	P1_R1162_U285	NAND	13070
N13838	P1_R1162_U286	NAND	13071
N13839	P1_R1162_U287	NAND	13072
N13840	P1_R1162_U288	NAND	13073
N13841	P1_R1162_U289	NAND	13074
N13842	P1_R1162_U290	NAND	13075
N13843	P1_R1162_U291	NAND	13076
N13844	P1_R1162_U292	NAND	13077
N13845	P1_R1162_U293	NAND	13078
N13846	P1_R1162_U294	NAND	13079
N13847	P1_R1162_U295	NAND	13080
N13848	P1_R1162_U296	NAND	13081
N13849	P1_R1162_U297	NAND	13082
N13850	P1_R1162_U298	NAND	13083
N13851	P1_R1162_U299	NAND	13084
N13852	P1_R1162_U300	NAND	13085
N13853	P1_R1162_U301	NAND	13086
N13854	P1_R1162_U302	NAND	13087
N13855	P1_R1162_U303	NAND	13088
N13856	P1_R1162_U304	NAND	13089
N13857	P1_R1162_U305	NAND	13090
N13858	P1_R1162_U306	NAND	13091
N13859	P1_R1162_U307	NAND	13092
N13860	P1_R1162_U308	NAND	13093
N13861	P1_R1117_U6	AND	13094
N13862	P1_R1117_U7	AND	13095
N13863	P1_R1117_U8	AND	13096
N13864	P1_R1117_U9	AND	13097
N13865	P1_R1117_U10	AND	13098
N13866	P1_R1117_U11	AND	13099
N13867	P1_R1117_U12	AND	13100
N13868	P1_R1117_U13	NAND	13101
N13869	P1_R1117_U14	NAND	13102
N13870	P1_R1117_U15	NAND	13103
N13871	P1_R1117_U16	NAND	13104
N13872	P1_R1117_U17	NAND	13105
N13873	P1_R1117_U18	NAND	13106
N13874	P1_R1117_U19	NAND	13107
N13875	P1_R1117_U20	NAND	13108
N13876	P1_R1117_U21	NAND	13109
N13877	P1_R1117_U22	NOT	13110
N13878	P1_R1117_U23	NOT	13111
N13879	P1_R1117_U24	NOT	13112
N13880	P1_R1117_U25	NAND	13113
N13881	P1_R1117_U26	NOT	13114
N13882	P1_R1117_U27	NOT	13115
N13883	P1_R1117_U28	NOT	13116
N13884	P1_R1117_U29	NAND	13117
N13885	P1_R1117_U30	NOT	13118
N13886	P1_R1117_U31	NOT	13119
N13887	P1_R1117_U32	NOT	13120
N13888	P1_R1117_U33	NOT	13121
N13889	P1_R1117_U34	NOT	13122
N13890	P1_R1117_U35	NOT	13123
N13891	P1_R1117_U36	NOT	13124
N13892	P1_R1117_U37	NAND	13125
N13893	P1_R1117_U38	NOT	13126
N13894	P1_R1117_U39	NOT	13127
N13895	P1_R1117_U40	NAND	13128
N13896	P1_R1117_U41	NOT	13129
N13897	P1_R1117_U42	NOT	13130
N13898	P1_R1117_U43	NOT	13131
N13899	P1_R1117_U44	NAND	13132
N13900	P1_R1117_U45	NAND	13133
N13901	P1_R1117_U46	NAND	13134
N13902	P1_R1117_U47	NOT	13135
N13903	P1_R1117_U48	NOT	13136
N13904	P1_R1117_U49	NOT	13137
N13905	P1_R1117_U50	NOT	13138
N13906	P1_R1117_U51	NOT	13139
N13907	P1_R1117_U52	NOT	13140
N13908	P1_R1117_U53	NOT	13141
N13909	P1_R1117_U54	NAND	13142
N13910	P1_R1117_U55	NOT	13143
N13911	P1_R1117_U56	NOT	13144
N13912	P1_R1117_U57	NOT	13145
N13913	P1_R1117_U58	NOT	13146
N13914	P1_R1117_U59	NOT	13147
N13915	P1_R1117_U60	NOT	13148
N13916	P1_R1117_U61	NOT	13149
N13917	P1_R1117_U62	NOT	13150
N13918	P1_R1117_U63	NOT	13151
N13919	P1_R1117_U64	NAND	13152
N13920	P1_R1117_U65	NOT	13153
N13921	P1_R1117_U66	NOT	13154
N13922	P1_R1117_U67	NAND	13155
N13923	P1_R1117_U68	NOT	13156
N13924	P1_R1117_U69	NOT	13157
N13925	P1_R1117_U70	NOT	13158
N13926	P1_R1117_U71	NOT	13159
N13927	P1_R1117_U72	NOT	13160
N13928	P1_R1117_U73	NOT	13161
N13929	P1_R1117_U74	NOT	13162
N13930	P1_R1117_U75	NOT	13163
N13931	P1_R1117_U76	NOT	13164
N13932	P1_R1117_U77	NOT	13165
N13933	P1_R1117_U78	NAND	13166
N13934	P1_R1117_U79	NOT	13167
N13935	P1_R1117_U80	NOT	13168
N13936	P1_R1117_U81	NOT	13169
N13937	P1_R1117_U82	NOT	13170
N13938	P1_R1117_U83	NOT	13171
N13939	P1_R1117_U84	NOT	13172
N13940	P1_R1117_U85	NAND	13173
N13941	P1_R1117_U86	NOT	13174
N13942	P1_R1117_U87	NOT	13175
N13943	P1_R1117_U88	NOT	13176
N13944	P1_R1117_U89	NAND	13177
N13945	P1_R1117_U90	NAND	13178
N13946	P1_R1117_U91	NAND	13179
N13947	P1_R1117_U92	NAND	13180
N13948	P1_R1117_U93	NOT	13181
N13949	P1_R1117_U94	NAND	13182
N13950	P1_R1117_U95	NAND	13183
N13951	P1_R1117_U96	NAND	13184
N13952	P1_R1117_U97	NAND	13185
N13953	P1_R1117_U98	NAND	13186
N13954	P1_R1117_U99	NAND	13187
N13955	P1_R1117_U100	NAND	13188
N13956	P1_R1117_U101	NAND	13189
N13957	P1_R1117_U102	NAND	13190
N13958	P1_R1117_U103	NAND	13191
N13959	P1_R1117_U104	NAND	13192
N13960	P1_R1117_U105	NAND	13193
N13961	P1_R1117_U106	NAND	13194
N13962	P1_R1117_U107	NAND	13195
N13963	P1_R1117_U108	NAND	13196
N13964	P1_R1117_U109	NAND	13197
N13965	P1_R1117_U110	NAND	13198
N13966	P1_R1117_U111	NAND	13199
N13967	P1_R1117_U112	NAND	13200
N13968	P1_R1117_U113	NAND	13201
N13969	P1_R1117_U114	NAND	13202
N13970	P1_R1117_U115	AND	13203
N13971	P1_R1117_U116	AND	13204
N13972	P1_R1117_U117	AND	13205
N13973	P1_R1117_U118	AND	13206
N13974	P1_R1117_U119	AND	13207
N13975	P1_R1117_U120	AND	13208
N13976	P1_R1117_U121	AND	13209
N13977	P1_R1117_U122	AND	13210
N13978	P1_R1117_U123	AND	13211
N13979	P1_R1117_U124	AND	13212
N13980	P1_R1117_U125	AND	13213
N13981	P1_R1117_U126	AND	13214
N13982	P1_R1117_U127	AND	13215
N13983	P1_R1117_U128	AND	13216
N13984	P1_R1117_U129	AND	13217
N13985	P1_R1117_U130	AND	13218
N13986	P1_R1117_U131	NAND	13219
N13987	P1_R1117_U132	AND	13220
N13988	P1_R1117_U133	AND	13221
N13989	P1_R1117_U134	NAND	13222
N13990	P1_R1117_U135	NAND	13223
N13991	P1_R1117_U136	AND	13224
N13992	P1_R1117_U137	NAND	13225
N13993	P1_R1117_U138	NAND	13226
N13994	P1_R1117_U139	NAND	13227
N13995	P1_R1117_U140	NAND	13228
N13996	P1_R1117_U141	NAND	13229
N13997	P1_R1117_U142	AND	13230
N13998	P1_R1117_U143	NAND	13231
N13999	P1_R1117_U144	NAND	13232
N14000	P1_R1117_U145	AND	13233
N14001	P1_R1117_U146	AND	13234
N14002	P1_R1117_U147	AND	13235
N14003	P1_R1117_U148	NAND	13236
N14004	P1_R1117_U149	AND	13237
N14005	P1_R1117_U150	AND	13238
N14006	P1_R1117_U151	AND	13239
N14007	P1_R1117_U152	NAND	13240
N14008	P1_R1117_U153	AND	13241
N14009	P1_R1117_U154	NOT	13242
N14010	P1_R1117_U155	NOT	13243
N14011	P1_R1117_U156	AND	13244
N14012	P1_R1117_U157	NAND	13245
N14013	P1_R1117_U158	AND	13246
N14014	P1_R1117_U159	NAND	13247
N14015	P1_R1117_U160	NAND	13248
N14016	P1_R1117_U161	AND	13249
N14017	P1_R1117_U162	AND	13250
N14018	P1_R1117_U163	NAND	13251
N14019	P1_R1117_U164	NAND	13252
N14020	P1_R1117_U165	NOT	13253
N14021	P1_R1117_U166	NAND	13254
N14022	P1_R1117_U167	NOT	13255
N14023	P1_R1117_U168	NAND	13256
N14024	P1_R1117_U169	AND	13257
N14025	P1_R1117_U170	AND	13258
N14026	P1_R1117_U171	NAND	13259
N14027	P1_R1117_U172	NAND	13260
N14028	P1_R1117_U173	NAND	13261
N14029	P1_R1117_U174	AND	13262
N14030	P1_R1117_U175	NAND	13263
N14031	P1_R1117_U176	NOT	13264
N14032	P1_R1117_U177	NOT	13265
N14033	P1_R1117_U178	NOT	13266
N14034	P1_R1117_U179	NAND	13267
N14035	P1_R1117_U180	NAND	13268
N14036	P1_R1117_U181	NAND	13269
N14037	P1_R1117_U182	NAND	13270
N14038	P1_R1117_U183	NAND	13271
N14039	P1_R1117_U184	NAND	13272
N14040	P1_R1117_U185	NAND	13273
N14041	P1_R1117_U186	NOT	13274
N14042	P1_R1117_U187	NOT	13275
N14043	P1_R1117_U188	NOT	13276
N14044	P1_R1117_U189	NOT	13277
N14045	P1_R1117_U190	NOT	13278
N14046	P1_R1117_U191	NAND	13279
N14047	P1_R1117_U192	NAND	13280
N14048	P1_R1117_U193	NAND	13281
N14049	P1_R1117_U194	NOT	13282
N14050	P1_R1117_U195	NAND	13283
N14051	P1_R1117_U196	NAND	13284
N14052	P1_R1117_U197	NAND	13285
N14053	P1_R1117_U198	NAND	13286
N14054	P1_R1117_U199	NAND	13287
N14055	P1_R1117_U200	NOT	13288
N14056	P1_R1117_U201	NAND	13289
N14057	P1_R1117_U202	NAND	13290
N14058	P1_R1117_U203	NAND	13291
N14059	P1_R1117_U204	NAND	13292
N14060	P1_R1117_U205	NAND	13293
N14061	P1_R1117_U206	NAND	13294
N14062	P1_R1117_U207	NAND	13295
N14063	P1_R1117_U208	NAND	13296
N14064	P1_R1117_U209	NAND	13297
N14065	P1_R1117_U210	NOT	13298
N14066	P1_R1117_U211	NAND	13299
N14067	P1_R1117_U212	NAND	13300
N14068	P1_R1117_U213	NAND	13301
N14069	P1_R1117_U214	NAND	13302
N14070	P1_R1117_U215	NAND	13303
N14071	P1_R1117_U216	NOT	13304
N14072	P1_R1117_U217	NAND	13305
N14073	P1_R1117_U218	NAND	13306
N14074	P1_R1117_U219	NAND	13307
N14075	P1_R1117_U220	NAND	13308
N14076	P1_R1117_U221	NAND	13309
N14077	P1_R1117_U222	NAND	13310
N14078	P1_R1117_U223	NAND	13311
N14079	P1_R1117_U224	NAND	13312
N14080	P1_R1117_U225	NOT	13313
N14081	P1_R1117_U226	NAND	13314
N14082	P1_R1117_U227	NAND	13315
N14083	P1_R1117_U228	NAND	13316
N14084	P1_R1117_U229	NAND	13317
N14085	P1_R1117_U230	NAND	13318
N14086	P1_R1117_U231	NAND	13319
N14087	P1_R1117_U232	NAND	13320
N14088	P1_R1117_U233	NAND	13321
N14089	P1_R1117_U234	NAND	13322
N14090	P1_R1117_U235	NAND	13323
N14091	P1_R1117_U236	NAND	13324
N14092	P1_R1117_U237	NAND	13325
N14093	P1_R1117_U238	NAND	13326
N14094	P1_R1117_U239	NAND	13327
N14095	P1_R1117_U240	NAND	13328
N14096	P1_R1117_U241	NAND	13329
N14097	P1_R1117_U242	NAND	13330
N14098	P1_R1117_U243	NAND	13331
N14099	P1_R1117_U244	NAND	13332
N14100	P1_R1117_U245	NAND	13333
N14101	P1_R1117_U246	NAND	13334
N14102	P1_R1117_U247	NAND	13335
N14103	P1_R1117_U248	NOT	13336
N14104	P1_R1117_U249	NAND	13337
N14105	P1_R1117_U250	NAND	13338
N14106	P1_R1117_U251	NAND	13339
N14107	P1_R1117_U252	NOT	13340
N14108	P1_R1117_U253	NAND	13341
N14109	P1_R1117_U254	NAND	13342
N14110	P1_R1117_U255	NAND	13343
N14111	P1_R1117_U256	NOT	13344
N14112	P1_R1117_U257	NAND	13345
N14113	P1_R1117_U258	NAND	13346
N14114	P1_R1117_U259	NAND	13347
N14115	P1_R1117_U260	NAND	13348
N14116	P1_R1117_U261	NAND	13349
N14117	P1_R1117_U262	NAND	13350
N14118	P1_R1117_U263	NAND	13351
N14119	P1_R1117_U264	NAND	13352
N14120	P1_R1117_U265	NAND	13353
N14121	P1_R1117_U266	NOT	13354
N14122	P1_R1117_U267	NAND	13355
N14123	P1_R1117_U268	NAND	13356
N14124	P1_R1117_U269	NAND	13357
N14125	P1_R1117_U270	NOT	13358
N14126	P1_R1117_U271	NAND	13359
N14127	P1_R1117_U272	NAND	13360
N14128	P1_R1117_U273	NAND	13361
N14129	P1_R1117_U274	NOT	13362
N14130	P1_R1117_U275	NAND	13363
N14131	P1_R1117_U276	NAND	13364
N14132	P1_R1117_U277	NAND	13365
N14133	P1_R1117_U278	NOT	13366
N14134	P1_R1117_U279	NAND	13367
N14135	P1_R1117_U280	NAND	13368
N14136	P1_R1117_U281	NAND	13369
N14137	P1_R1117_U282	NOT	13370
N14138	P1_R1117_U283	NAND	13371
N14139	P1_R1117_U284	NAND	13372
N14140	P1_R1117_U285	NAND	13373
N14141	P1_R1117_U286	NAND	13374
N14142	P1_R1117_U287	NAND	13375
N14143	P1_R1117_U288	NAND	13376
N14144	P1_R1117_U289	NAND	13377
N14145	P1_R1117_U290	NAND	13378
N14146	P1_R1117_U291	NAND	13379
N14147	P1_R1117_U292	NOT	13380
N14148	P1_R1117_U293	NAND	13381
N14149	P1_R1117_U294	NAND	13382
N14150	P1_R1117_U295	NAND	13383
N14151	P1_R1117_U296	NOT	13384
N14152	P1_R1117_U297	NAND	13385
N14153	P1_R1117_U298	NAND	13386
N14154	P1_R1117_U299	NAND	13387
N14155	P1_R1117_U300	NOT	13388
N14156	P1_R1117_U301	NAND	13389
N14157	P1_R1117_U302	NAND	13390
N14158	P1_R1117_U303	NAND	13391
N14159	P1_R1117_U304	NAND	13392
N14160	P1_R1117_U305	NAND	13393
N14161	P1_R1117_U306	NOT	13394
N14162	P1_R1117_U307	NAND	13395
N14163	P1_R1117_U308	NAND	13396
N14164	P1_R1117_U309	NAND	13397
N14165	P1_R1117_U310	NAND	13398
N14166	P1_R1117_U311	NAND	13399
N14167	P1_R1117_U312	NAND	13400
N14168	P1_R1117_U313	NAND	13401
N14169	P1_R1117_U314	NAND	13402
N14170	P1_R1117_U315	NOT	13403
N14171	P1_R1117_U316	NAND	13404
N14172	P1_R1117_U317	NAND	13405
N14173	P1_R1117_U318	NAND	13406
N14174	P1_R1117_U319	NAND	13407
N14175	P1_R1117_U320	NAND	13408
N14176	P1_R1117_U321	NAND	13409
N14177	P1_R1117_U322	NAND	13410
N14178	P1_R1117_U323	NAND	13411
N14179	P1_R1117_U324	NAND	13412
N14180	P1_R1117_U325	NAND	13413
N14181	P1_R1117_U326	NOT	13414
N14182	P1_R1117_U327	NAND	13415
N14183	P1_R1117_U328	NAND	13416
N14184	P1_R1117_U329	NAND	13417
N14185	P1_R1117_U330	NAND	13418
N14186	P1_R1117_U331	NAND	13419
N14187	P1_R1117_U332	NAND	13420
N14188	P1_R1117_U333	NAND	13421
N14189	P1_R1117_U334	NAND	13422
N14190	P1_R1117_U335	NAND	13423
N14191	P1_R1117_U336	NAND	13424
N14192	P1_R1117_U337	NOT	13425
N14193	P1_R1117_U338	NAND	13426
N14194	P1_R1117_U339	NAND	13427
N14195	P1_R1117_U340	NAND	13428
N14196	P1_R1117_U341	NAND	13429
N14197	P1_R1117_U342	NAND	13430
N14198	P1_R1117_U343	NAND	13431
N14199	P1_R1117_U344	NAND	13432
N14200	P1_R1117_U345	NAND	13433
N14201	P1_R1117_U346	NAND	13434
N14202	P1_R1117_U347	NAND	13435
N14203	P1_R1117_U348	NAND	13436
N14204	P1_R1117_U349	NAND	13437
N14205	P1_R1117_U350	NAND	13438
N14206	P1_R1117_U351	NAND	13439
N14207	P1_R1117_U352	NAND	13440
N14208	P1_R1117_U353	NAND	13441
N14209	P1_R1117_U354	NAND	13442
N14210	P1_R1117_U355	NAND	13443
N14211	P1_R1117_U356	NAND	13444
N14212	P1_R1117_U357	NAND	13445
N14213	P1_R1117_U358	NAND	13446
N14214	P1_R1117_U359	NAND	13447
N14215	P1_R1117_U360	NAND	13448
N14216	P1_R1117_U361	NAND	13449
N14217	P1_R1117_U362	NAND	13450
N14218	P1_R1117_U363	NAND	13451
N14219	P1_R1117_U364	NAND	13452
N14220	P1_R1117_U365	NAND	13453
N14221	P1_R1117_U366	NAND	13454
N14222	P1_R1117_U367	NAND	13455
N14223	P1_R1117_U368	NAND	13456
N14224	P1_R1117_U369	NAND	13457
N14225	P1_R1117_U370	NAND	13458
N14226	P1_R1117_U371	NAND	13459
N14227	P1_R1117_U372	NAND	13460
N14228	P1_R1117_U373	NAND	13461
N14229	P1_R1117_U374	NAND	13462
N14230	P1_R1117_U375	NAND	13463
N14231	P1_R1117_U376	NAND	13464
N14232	P1_R1117_U377	NAND	13465
N14233	P1_R1117_U378	NAND	13466
N14234	P1_R1117_U379	NAND	13467
N14235	P1_R1117_U380	NAND	13468
N14236	P1_R1117_U381	NAND	13469
N14237	P1_R1117_U382	NAND	13470
N14238	P1_R1117_U383	NAND	13471
N14239	P1_R1117_U384	NAND	13472
N14240	P1_R1117_U385	NAND	13473
N14241	P1_R1117_U386	NAND	13474
N14242	P1_R1117_U387	NAND	13475
N14243	P1_R1117_U388	NAND	13476
N14244	P1_R1117_U389	NAND	13477
N14245	P1_R1117_U390	NAND	13478
N14246	P1_R1117_U391	NOT	13479
N14247	P1_R1117_U392	NAND	13480
N14248	P1_R1117_U393	NAND	13481
N14249	P1_R1117_U394	NAND	13482
N14250	P1_R1117_U395	NAND	13483
N14251	P1_R1117_U396	NAND	13484
N14252	P1_R1117_U397	NAND	13485
N14253	P1_R1117_U398	NAND	13486
N14254	P1_R1117_U399	NAND	13487
N14255	P1_R1117_U400	NAND	13488
N14256	P1_R1117_U401	NAND	13489
N14257	P1_R1117_U402	NAND	13490
N14258	P1_R1117_U403	NAND	13491
N14259	P1_R1117_U404	NAND	13492
N14260	P1_R1117_U405	NOT	13493
N14261	P1_R1117_U406	NAND	13494
N14262	P1_R1117_U407	NAND	13495
N14263	P1_R1117_U408	NAND	13496
N14264	P1_R1117_U409	NAND	13497
N14265	P1_R1117_U410	NOT	13498
N14266	P1_R1117_U411	NAND	13499
N14267	P1_R1117_U412	NAND	13500
N14268	P1_R1117_U413	NAND	13501
N14269	P1_R1117_U414	NAND	13502
N14270	P1_R1117_U415	NAND	13503
N14271	P1_R1117_U416	NAND	13504
N14272	P1_R1117_U417	NAND	13505
N14273	P1_R1117_U418	NAND	13506
N14274	P1_R1117_U419	NAND	13507
N14275	P1_R1117_U420	NAND	13508
N14276	P1_R1117_U421	NAND	13509
N14277	P1_R1117_U422	NAND	13510
N14278	P1_R1117_U423	NAND	13511
N14279	P1_R1117_U424	NAND	13512
N14280	P1_R1117_U425	NAND	13513
N14281	P1_R1117_U426	NOT	13514
N14282	P1_R1117_U427	NAND	13515
N14283	P1_R1117_U428	NAND	13516
N14284	P1_R1117_U429	NAND	13517
N14285	P1_R1117_U430	NAND	13518
N14286	P1_R1117_U431	NOT	13519
N14287	P1_R1117_U432	NAND	13520
N14288	P1_R1117_U433	NAND	13521
N14289	P1_R1117_U434	NAND	13522
N14290	P1_R1117_U435	NAND	13523
N14291	P1_R1117_U436	NOT	13524
N14292	P1_R1117_U437	NAND	13525
N14293	P1_R1117_U438	NAND	13526
N14294	P1_R1117_U439	NAND	13527
N14295	P1_R1117_U440	NAND	13528
N14296	P1_R1117_U441	NOT	13529
N14297	P1_R1117_U442	NAND	13530
N14298	P1_R1117_U443	NAND	13531
N14299	P1_R1117_U444	NAND	13532
N14300	P1_R1117_U445	NAND	13533
N14301	P1_R1117_U446	NOT	13534
N14302	P1_R1117_U447	NAND	13535
N14303	P1_R1117_U448	NAND	13536
N14304	P1_R1117_U449	NAND	13537
N14305	P1_R1117_U450	NAND	13538
N14306	P1_R1117_U451	NAND	13539
N14307	P1_R1117_U452	NAND	13540
N14308	P1_R1117_U453	NAND	13541
N14309	P1_R1117_U454	NAND	13542
N14310	P1_R1117_U455	NAND	13543
N14311	P1_R1117_U456	NAND	13544
N14312	P1_R1117_U457	NAND	13545
N14313	P1_R1117_U458	NAND	13546
N14314	P1_R1117_U459	NAND	13547
N14315	P1_R1117_U460	NAND	13548
N14316	P1_R1117_U461	NAND	13549
N14317	P1_R1117_U462	NOT	13550
N14318	P1_R1117_U463	NAND	13551
N14319	P1_R1117_U464	NAND	13552
N14320	P1_R1117_U465	NAND	13553
N14321	P1_R1117_U466	NAND	13554
N14322	P1_R1117_U467	NOT	13555
N14323	P1_R1117_U468	NAND	13556
N14324	P1_R1117_U469	NAND	13557
N14325	P1_R1117_U470	NAND	13558
N14326	P1_R1117_U471	NAND	13559
N14327	P1_R1117_U472	NAND	13560
N14328	P1_R1117_U473	NAND	13561
N14329	P1_R1117_U474	NAND	13562
N14330	P1_R1117_U475	NAND	13563
N14331	P1_R1117_U476	NAND	13564
N14332	P1_R1375_U6	AND	13565
N14333	P1_R1375_U7	AND	13566
N14334	P1_R1375_U8	AND	13567
N14335	P1_R1375_U9	NAND	13568
N14336	P1_R1375_U10	NOT	13569
N14337	P1_R1375_U11	NOT	13570
N14338	P1_R1375_U12	NOT	13571
N14339	P1_R1375_U13	NOT	13572
N14340	P1_R1375_U14	NOT	13573
N14341	P1_R1375_U15	NOT	13574
N14342	P1_R1375_U16	NOT	13575
N14343	P1_R1375_U17	NOT	13576
N14344	P1_R1375_U18	NOT	13577
N14345	P1_R1375_U19	NOT	13578
N14346	P1_R1375_U20	NOT	13579
N14347	P1_R1375_U21	NOT	13580
N14348	P1_R1375_U22	NOT	13581
N14349	P1_R1375_U23	NOT	13582
N14350	P1_R1375_U24	NOT	13583
N14351	P1_R1375_U25	NOT	13584
N14352	P1_R1375_U26	NOT	13585
N14353	P1_R1375_U27	NOT	13586
N14354	P1_R1375_U28	NOT	13587
N14355	P1_R1375_U29	NOT	13588
N14356	P1_R1375_U30	NOT	13589
N14357	P1_R1375_U31	NOT	13590
N14358	P1_R1375_U32	NOT	13591
N14359	P1_R1375_U33	NOT	13592
N14360	P1_R1375_U34	NOT	13593
N14361	P1_R1375_U35	NOT	13594
N14362	P1_R1375_U36	NOT	13595
N14363	P1_R1375_U37	NOT	13596
N14364	P1_R1375_U38	NOT	13597
N14365	P1_R1375_U39	NOT	13598
N14366	P1_R1375_U40	NOT	13599
N14367	P1_R1375_U41	NOT	13600
N14368	P1_R1375_U42	NOT	13601
N14369	P1_R1375_U43	NOT	13602
N14370	P1_R1375_U44	NOT	13603
N14371	P1_R1375_U45	NOT	13604
N14372	P1_R1375_U46	NOT	13605
N14373	P1_R1375_U47	NOT	13606
N14374	P1_R1375_U48	NOT	13607
N14375	P1_R1375_U49	NOT	13608
N14376	P1_R1375_U50	NOT	13609
N14377	P1_R1375_U51	NOT	13610
N14378	P1_R1375_U52	NOT	13611
N14379	P1_R1375_U53	NOT	13612
N14380	P1_R1375_U54	NOT	13613
N14381	P1_R1375_U55	NOT	13614
N14382	P1_R1375_U56	NOT	13615
N14383	P1_R1375_U57	NOT	13616
N14384	P1_R1375_U58	NOT	13617
N14385	P1_R1375_U59	NOT	13618
N14386	P1_R1375_U60	NOT	13619
N14387	P1_R1375_U61	NOT	13620
N14388	P1_R1375_U62	NOT	13621
N14389	P1_R1375_U63	NOT	13622
N14390	P1_R1375_U64	NOT	13623
N14391	P1_R1375_U65	NOT	13624
N14392	P1_R1375_U66	NOT	13625
N14393	P1_R1375_U67	NOT	13626
N14394	P1_R1375_U68	NOT	13627
N14395	P1_R1375_U69	NOT	13628
N14396	P1_R1375_U70	AND	13629
N14397	P1_R1375_U71	AND	13630
N14398	P1_R1375_U72	AND	13631
N14399	P1_R1375_U73	AND	13632
N14400	P1_R1375_U74	AND	13633
N14401	P1_R1375_U75	AND	13634
N14402	P1_R1375_U76	AND	13635
N14403	P1_R1375_U77	AND	13636
N14404	P1_R1375_U78	AND	13637
N14405	P1_R1375_U79	AND	13638
N14406	P1_R1375_U80	AND	13639
N14407	P1_R1375_U81	AND	13640
N14408	P1_R1375_U82	AND	13641
N14409	P1_R1375_U83	AND	13642
N14410	P1_R1375_U84	AND	13643
N14411	P1_R1375_U85	AND	13644
N14412	P1_R1375_U86	AND	13645
N14413	P1_R1375_U87	AND	13646
N14414	P1_R1375_U88	AND	13647
N14415	P1_R1375_U89	AND	13648
N14416	P1_R1375_U90	AND	13649
N14417	P1_R1375_U91	AND	13650
N14418	P1_R1375_U92	AND	13651
N14419	P1_R1375_U93	AND	13652
N14420	P1_R1375_U94	AND	13653
N14421	P1_R1375_U95	AND	13654
N14422	P1_R1375_U96	AND	13655
N14423	P1_R1375_U97	AND	13656
N14424	P1_R1375_U98	AND	13657
N14425	P1_R1375_U99	NOT	13658
N14426	P1_R1375_U100	AND	13659
N14427	P1_R1375_U101	NOT	13660
N14428	P1_R1375_U102	NAND	13661
N14429	P1_R1375_U103	NAND	13662
N14430	P1_R1375_U104	OR	13663
N14431	P1_R1375_U105	NAND	13664
N14432	P1_R1375_U106	NAND	13665
N14433	P1_R1375_U107	NAND	13666
N14434	P1_R1375_U108	NAND	13667
N14435	P1_R1375_U109	NAND	13668
N14436	P1_R1375_U110	NAND	13669
N14437	P1_R1375_U111	NAND	13670
N14438	P1_R1375_U112	NAND	13671
N14439	P1_R1375_U113	NAND	13672
N14440	P1_R1375_U114	NAND	13673
N14441	P1_R1375_U115	NAND	13674
N14442	P1_R1375_U116	NAND	13675
N14443	P1_R1375_U117	NAND	13676
N14444	P1_R1375_U118	NAND	13677
N14445	P1_R1375_U119	NAND	13678
N14446	P1_R1375_U120	NAND	13679
N14447	P1_R1375_U121	NAND	13680
N14448	P1_R1375_U122	NAND	13681
N14449	P1_R1375_U123	NAND	13682
N14450	P1_R1375_U124	NAND	13683
N14451	P1_R1375_U125	NAND	13684
N14452	P1_R1375_U126	NAND	13685
N14453	P1_R1375_U127	NAND	13686
N14454	P1_R1375_U128	NAND	13687
N14455	P1_R1375_U129	NAND	13688
N14456	P1_R1375_U130	NAND	13689
N14457	P1_R1375_U131	NAND	13690
N14458	P1_R1375_U132	NAND	13691
N14459	P1_R1375_U133	NAND	13692
N14460	P1_R1375_U134	NAND	13693
N14461	P1_R1375_U135	NAND	13694
N14462	P1_R1375_U136	NAND	13695
N14463	P1_R1375_U137	NAND	13696
N14464	P1_R1375_U138	NAND	13697
N14465	P1_R1375_U139	NAND	13698
N14466	P1_R1375_U140	NAND	13699
N14467	P1_R1375_U141	NAND	13700
N14468	P1_R1375_U142	NAND	13701
N14469	P1_R1375_U143	NAND	13702
N14470	P1_R1375_U144	NAND	13703
N14471	P1_R1375_U145	NAND	13704
N14472	P1_R1375_U146	NAND	13705
N14473	P1_R1375_U147	NAND	13706
N14474	P1_R1375_U148	NAND	13707
N14475	P1_R1375_U149	NAND	13708
N14476	P1_R1375_U150	NAND	13709
N14477	P1_R1375_U151	NAND	13710
N14478	P1_R1375_U152	NAND	13711
N14479	P1_R1375_U153	NAND	13712
N14480	P1_R1375_U154	NAND	13713
N14481	P1_R1375_U155	NAND	13714
N14482	P1_R1375_U156	NAND	13715
N14483	P1_R1375_U157	NAND	13716
N14484	P1_R1375_U158	NAND	13717
N14485	P1_R1375_U159	NAND	13718
N14486	P1_R1375_U160	NAND	13719
N14487	P1_R1375_U161	NAND	13720
N14488	P1_R1375_U162	NAND	13721
N14489	P1_R1375_U163	NAND	13722
N14490	P1_R1375_U164	NAND	13723
N14491	P1_R1375_U165	NAND	13724
N14492	P1_R1375_U166	NAND	13725
N14493	P1_R1375_U167	NAND	13726
N14494	P1_R1375_U168	NAND	13727
N14495	P1_R1375_U169	NAND	13728
N14496	P1_R1375_U170	NAND	13729
N14497	P1_R1375_U171	NAND	13730
N14498	P1_R1375_U172	NAND	13731
N14499	P1_R1375_U173	NAND	13732
N14500	P1_R1375_U174	NAND	13733
N14501	P1_R1375_U175	NAND	13734
N14502	P1_R1375_U176	NAND	13735
N14503	P1_R1375_U177	NAND	13736
N14504	P1_R1375_U178	NAND	13737
N14505	P1_R1375_U179	NAND	13738
N14506	P1_R1375_U180	NAND	13739
N14507	P1_R1375_U181	NAND	13740
N14508	P1_R1375_U182	NAND	13741
N14509	P1_R1375_U183	NAND	13742
N14510	P1_R1375_U184	NAND	13743
N14511	P1_R1375_U185	NAND	13744
N14512	P1_R1375_U186	NAND	13745
N14513	P1_R1375_U187	NAND	13746
N14514	P1_R1375_U188	NAND	13747
N14515	P1_R1375_U189	NAND	13748
N14516	P1_R1375_U190	NAND	13749
N14517	P1_R1375_U191	NAND	13750
N14518	P1_R1375_U192	NAND	13751
N14519	P1_R1375_U193	NAND	13752
N14520	P1_R1375_U194	NAND	13753
N14521	P1_R1375_U195	NAND	13754
N14522	P1_R1375_U196	NAND	13755
N14523	P1_R1375_U197	NAND	13756
N14524	P1_R1352_U6	AND	13757
N14525	P1_R1352_U7	NOT	13758
N14526	P1_R1207_U6	AND	13759
N14527	P1_R1207_U7	AND	13760
N14528	P1_R1207_U8	AND	13761
N14529	P1_R1207_U9	AND	13762
N14530	P1_R1207_U10	AND	13763
N14531	P1_R1207_U11	AND	13764
N14532	P1_R1207_U12	AND	13765
N14533	P1_R1207_U13	NAND	13766
N14534	P1_R1207_U14	NAND	13767
N14535	P1_R1207_U15	NAND	13768
N14536	P1_R1207_U16	NAND	13769
N14537	P1_R1207_U17	NAND	13770
N14538	P1_R1207_U18	NAND	13771
N14539	P1_R1207_U19	NAND	13772
N14540	P1_R1207_U20	NAND	13773
N14541	P1_R1207_U21	NAND	13774
N14542	P1_R1207_U22	NOT	13775
N14543	P1_R1207_U23	NOT	13776
N14544	P1_R1207_U24	NOT	13777
N14545	P1_R1207_U25	NAND	13778
N14546	P1_R1207_U26	NOT	13779
N14547	P1_R1207_U27	NOT	13780
N14548	P1_R1207_U28	NOT	13781
N14549	P1_R1207_U29	NAND	13782
N14550	P1_R1207_U30	NOT	13783
N14551	P1_R1207_U31	NOT	13784
N14552	P1_R1207_U32	NOT	13785
N14553	P1_R1207_U33	NOT	13786
N14554	P1_R1207_U34	NOT	13787
N14555	P1_R1207_U35	NOT	13788
N14556	P1_R1207_U36	NOT	13789
N14557	P1_R1207_U37	NAND	13790
N14558	P1_R1207_U38	NOT	13791
N14559	P1_R1207_U39	NOT	13792
N14560	P1_R1207_U40	NAND	13793
N14561	P1_R1207_U41	NOT	13794
N14562	P1_R1207_U42	NOT	13795
N14563	P1_R1207_U43	NOT	13796
N14564	P1_R1207_U44	NAND	13797
N14565	P1_R1207_U45	NAND	13798
N14566	P1_R1207_U46	NAND	13799
N14567	P1_R1207_U47	NOT	13800
N14568	P1_R1207_U48	NOT	13801
N14569	P1_R1207_U49	NOT	13802
N14570	P1_R1207_U50	NOT	13803
N14571	P1_R1207_U51	NOT	13804
N14572	P1_R1207_U52	NOT	13805
N14573	P1_R1207_U53	NOT	13806
N14574	P1_R1207_U54	NAND	13807
N14575	P1_R1207_U55	NOT	13808
N14576	P1_R1207_U56	NOT	13809
N14577	P1_R1207_U57	NOT	13810
N14578	P1_R1207_U58	NOT	13811
N14579	P1_R1207_U59	NOT	13812
N14580	P1_R1207_U60	NOT	13813
N14581	P1_R1207_U61	NOT	13814
N14582	P1_R1207_U62	NOT	13815
N14583	P1_R1207_U63	NOT	13816
N14584	P1_R1207_U64	NAND	13817
N14585	P1_R1207_U65	NOT	13818
N14586	P1_R1207_U66	NOT	13819
N14587	P1_R1207_U67	NAND	13820
N14588	P1_R1207_U68	NOT	13821
N14589	P1_R1207_U69	NOT	13822
N14590	P1_R1207_U70	NOT	13823
N14591	P1_R1207_U71	NOT	13824
N14592	P1_R1207_U72	NOT	13825
N14593	P1_R1207_U73	NOT	13826
N14594	P1_R1207_U74	NOT	13827
N14595	P1_R1207_U75	NOT	13828
N14596	P1_R1207_U76	NOT	13829
N14597	P1_R1207_U77	NOT	13830
N14598	P1_R1207_U78	NAND	13831
N14599	P1_R1207_U79	NOT	13832
N14600	P1_R1207_U80	NOT	13833
N14601	P1_R1207_U81	NOT	13834
N14602	P1_R1207_U82	NOT	13835
N14603	P1_R1207_U83	NOT	13836
N14604	P1_R1207_U84	NOT	13837
N14605	P1_R1207_U85	NAND	13838
N14606	P1_R1207_U86	NOT	13839
N14607	P1_R1207_U87	NOT	13840
N14608	P1_R1207_U88	NOT	13841
N14609	P1_R1207_U89	NAND	13842
N14610	P1_R1207_U90	NAND	13843
N14611	P1_R1207_U91	NAND	13844
N14612	P1_R1207_U92	NAND	13845
N14613	P1_R1207_U93	NOT	13846
N14614	P1_R1207_U94	NAND	13847
N14615	P1_R1207_U95	NAND	13848
N14616	P1_R1207_U96	NAND	13849
N14617	P1_R1207_U97	NAND	13850
N14618	P1_R1207_U98	NAND	13851
N14619	P1_R1207_U99	NAND	13852
N14620	P1_R1207_U100	NAND	13853
N14621	P1_R1207_U101	NAND	13854
N14622	P1_R1207_U102	NAND	13855
N14623	P1_R1207_U103	NAND	13856
N14624	P1_R1207_U104	NAND	13857
N14625	P1_R1207_U105	NAND	13858
N14626	P1_R1207_U106	NAND	13859
N14627	P1_R1207_U107	NAND	13860
N14628	P1_R1207_U108	NAND	13861
N14629	P1_R1207_U109	NAND	13862
N14630	P1_R1207_U110	NAND	13863
N14631	P1_R1207_U111	NAND	13864
N14632	P1_R1207_U112	NAND	13865
N14633	P1_R1207_U113	NAND	13866
N14634	P1_R1207_U114	NAND	13867
N14635	P1_R1207_U115	AND	13868
N14636	P1_R1207_U116	AND	13869
N14637	P1_R1207_U117	AND	13870
N14638	P1_R1207_U118	AND	13871
N14639	P1_R1207_U119	AND	13872
N14640	P1_R1207_U120	AND	13873
N14641	P1_R1207_U121	AND	13874
N14642	P1_R1207_U122	AND	13875
N14643	P1_R1207_U123	AND	13876
N14644	P1_R1207_U124	AND	13877
N14645	P1_R1207_U125	AND	13878
N14646	P1_R1207_U126	AND	13879
N14647	P1_R1207_U127	AND	13880
N14648	P1_R1207_U128	AND	13881
N14649	P1_R1207_U129	AND	13882
N14650	P1_R1207_U130	AND	13883
N14651	P1_R1207_U131	NAND	13884
N14652	P1_R1207_U132	AND	13885
N14653	P1_R1207_U133	AND	13886
N14654	P1_R1207_U134	NAND	13887
N14655	P1_R1207_U135	NAND	13888
N14656	P1_R1207_U136	AND	13889
N14657	P1_R1207_U137	NAND	13890
N14658	P1_R1207_U138	NAND	13891
N14659	P1_R1207_U139	NAND	13892
N14660	P1_R1207_U140	NAND	13893
N14661	P1_R1207_U141	NAND	13894
N14662	P1_R1207_U142	AND	13895
N14663	P1_R1207_U143	NAND	13896
N14664	P1_R1207_U144	NAND	13897
N14665	P1_R1207_U145	AND	13898
N14666	P1_R1207_U146	AND	13899
N14667	P1_R1207_U147	AND	13900
N14668	P1_R1207_U148	NAND	13901
N14669	P1_R1207_U149	AND	13902
N14670	P1_R1207_U150	AND	13903
N14671	P1_R1207_U151	AND	13904
N14672	P1_R1207_U152	NAND	13905
N14673	P1_R1207_U153	AND	13906
N14674	P1_R1207_U154	NOT	13907
N14675	P1_R1207_U155	NOT	13908
N14676	P1_R1207_U156	AND	13909
N14677	P1_R1207_U157	NAND	13910
N14678	P1_R1207_U158	AND	13911
N14679	P1_R1207_U159	NAND	13912
N14680	P1_R1207_U160	NAND	13913
N14681	P1_R1207_U161	AND	13914
N14682	P1_R1207_U162	AND	13915
N14683	P1_R1207_U163	NAND	13916
N14684	P1_R1207_U164	NAND	13917
N14685	P1_R1207_U165	NOT	13918
N14686	P1_R1207_U166	NAND	13919
N14687	P1_R1207_U167	NOT	13920
N14688	P1_R1207_U168	NAND	13921
N14689	P1_R1207_U169	AND	13922
N14690	P1_R1207_U170	AND	13923
N14691	P1_R1207_U171	NAND	13924
N14692	P1_R1207_U172	NAND	13925
N14693	P1_R1207_U173	NAND	13926
N14694	P1_R1207_U174	AND	13927
N14695	P1_R1207_U175	NAND	13928
N14696	P1_R1207_U176	NOT	13929
N14697	P1_R1207_U177	NOT	13930
N14698	P1_R1207_U178	NOT	13931
N14699	P1_R1207_U179	NAND	13932
N14700	P1_R1207_U180	NAND	13933
N14701	P1_R1207_U181	NAND	13934
N14702	P1_R1207_U182	NAND	13935
N14703	P1_R1207_U183	NAND	13936
N14704	P1_R1207_U184	NAND	13937
N14705	P1_R1207_U185	NAND	13938
N14706	P1_R1207_U186	NOT	13939
N14707	P1_R1207_U187	NOT	13940
N14708	P1_R1207_U188	NOT	13941
N14709	P1_R1207_U189	NOT	13942
N14710	P1_R1207_U190	NOT	13943
N14711	P1_R1207_U191	NAND	13944
N14712	P1_R1207_U192	NAND	13945
N14713	P1_R1207_U193	NAND	13946
N14714	P1_R1207_U194	NOT	13947
N14715	P1_R1207_U195	NAND	13948
N14716	P1_R1207_U196	NAND	13949
N14717	P1_R1207_U197	NAND	13950
N14718	P1_R1207_U198	NAND	13951
N14719	P1_R1207_U199	NAND	13952
N14720	P1_R1207_U200	NOT	13953
N14721	P1_R1207_U201	NAND	13954
N14722	P1_R1207_U202	NAND	13955
N14723	P1_R1207_U203	NAND	13956
N14724	P1_R1207_U204	NAND	13957
N14725	P1_R1207_U205	NAND	13958
N14726	P1_R1207_U206	NAND	13959
N14727	P1_R1207_U207	NAND	13960
N14728	P1_R1207_U208	NAND	13961
N14729	P1_R1207_U209	NAND	13962
N14730	P1_R1207_U210	NOT	13963
N14731	P1_R1207_U211	NAND	13964
N14732	P1_R1207_U212	NAND	13965
N14733	P1_R1207_U213	NAND	13966
N14734	P1_R1207_U214	NAND	13967
N14735	P1_R1207_U215	NAND	13968
N14736	P1_R1207_U216	NOT	13969
N14737	P1_R1207_U217	NAND	13970
N14738	P1_R1207_U218	NAND	13971
N14739	P1_R1207_U219	NAND	13972
N14740	P1_R1207_U220	NAND	13973
N14741	P1_R1207_U221	NAND	13974
N14742	P1_R1207_U222	NAND	13975
N14743	P1_R1207_U223	NAND	13976
N14744	P1_R1207_U224	NAND	13977
N14745	P1_R1207_U225	NOT	13978
N14746	P1_R1207_U226	NAND	13979
N14747	P1_R1207_U227	NAND	13980
N14748	P1_R1207_U228	NAND	13981
N14749	P1_R1207_U229	NAND	13982
N14750	P1_R1207_U230	NAND	13983
N14751	P1_R1207_U231	NAND	13984
N14752	P1_R1207_U232	NAND	13985
N14753	P1_R1207_U233	NAND	13986
N14754	P1_R1207_U234	NAND	13987
N14755	P1_R1207_U235	NAND	13988
N14756	P1_R1207_U236	NAND	13989
N14757	P1_R1207_U237	NAND	13990
N14758	P1_R1207_U238	NAND	13991
N14759	P1_R1207_U239	NAND	13992
N14760	P1_R1207_U240	NAND	13993
N14761	P1_R1207_U241	NAND	13994
N14762	P1_R1207_U242	NAND	13995
N14763	P1_R1207_U243	NAND	13996
N14764	P1_R1207_U244	NAND	13997
N14765	P1_R1207_U245	NAND	13998
N14766	P1_R1207_U246	NAND	13999
N14767	P1_R1207_U247	NAND	14000
N14768	P1_R1207_U248	NOT	14001
N14769	P1_R1207_U249	NAND	14002
N14770	P1_R1207_U250	NAND	14003
N14771	P1_R1207_U251	NAND	14004
N14772	P1_R1207_U252	NOT	14005
N14773	P1_R1207_U253	NAND	14006
N14774	P1_R1207_U254	NAND	14007
N14775	P1_R1207_U255	NAND	14008
N14776	P1_R1207_U256	NOT	14009
N14777	P1_R1207_U257	NAND	14010
N14778	P1_R1207_U258	NAND	14011
N14779	P1_R1207_U259	NAND	14012
N14780	P1_R1207_U260	NAND	14013
N14781	P1_R1207_U261	NAND	14014
N14782	P1_R1207_U262	NAND	14015
N14783	P1_R1207_U263	NAND	14016
N14784	P1_R1207_U264	NAND	14017
N14785	P1_R1207_U265	NAND	14018
N14786	P1_R1207_U266	NOT	14019
N14787	P1_R1207_U267	NAND	14020
N14788	P1_R1207_U268	NAND	14021
N14789	P1_R1207_U269	NAND	14022
N14790	P1_R1207_U270	NOT	14023
N14791	P1_R1207_U271	NAND	14024
N14792	P1_R1207_U272	NAND	14025
N14793	P1_R1207_U273	NAND	14026
N14794	P1_R1207_U274	NOT	14027
N14795	P1_R1207_U275	NAND	14028
N14796	P1_R1207_U276	NAND	14029
N14797	P1_R1207_U277	NAND	14030
N14798	P1_R1207_U278	NOT	14031
N14799	P1_R1207_U279	NAND	14032
N14800	P1_R1207_U280	NAND	14033
N14801	P1_R1207_U281	NAND	14034
N14802	P1_R1207_U282	NOT	14035
N14803	P1_R1207_U283	NAND	14036
N14804	P1_R1207_U284	NAND	14037
N14805	P1_R1207_U285	NAND	14038
N14806	P1_R1207_U286	NAND	14039
N14807	P1_R1207_U287	NAND	14040
N14808	P1_R1207_U288	NAND	14041
N14809	P1_R1207_U289	NAND	14042
N14810	P1_R1207_U290	NAND	14043
N14811	P1_R1207_U291	NAND	14044
N14812	P1_R1207_U292	NOT	14045
N14813	P1_R1207_U293	NAND	14046
N14814	P1_R1207_U294	NAND	14047
N14815	P1_R1207_U295	NAND	14048
N14816	P1_R1207_U296	NOT	14049
N14817	P1_R1207_U297	NAND	14050
N14818	P1_R1207_U298	NAND	14051
N14819	P1_R1207_U299	NAND	14052
N14820	P1_R1207_U300	NOT	14053
N14821	P1_R1207_U301	NAND	14054
N14822	P1_R1207_U302	NAND	14055
N14823	P1_R1207_U303	NAND	14056
N14824	P1_R1207_U304	NAND	14057
N14825	P1_R1207_U305	NAND	14058
N14826	P1_R1207_U306	NOT	14059
N14827	P1_R1207_U307	NAND	14060
N14828	P1_R1207_U308	NAND	14061
N14829	P1_R1207_U309	NAND	14062
N14830	P1_R1207_U310	NAND	14063
N14831	P1_R1207_U311	NAND	14064
N14832	P1_R1207_U312	NAND	14065
N14833	P1_R1207_U313	NAND	14066
N14834	P1_R1207_U314	NAND	14067
N14835	P1_R1207_U315	NOT	14068
N14836	P1_R1207_U316	NAND	14069
N14837	P1_R1207_U317	NAND	14070
N14838	P1_R1207_U318	NAND	14071
N14839	P1_R1207_U319	NAND	14072
N14840	P1_R1207_U320	NAND	14073
N14841	P1_R1207_U321	NAND	14074
N14842	P1_R1207_U322	NAND	14075
N14843	P1_R1207_U323	NAND	14076
N14844	P1_R1207_U324	NAND	14077
N14845	P1_R1207_U325	NAND	14078
N14846	P1_R1207_U326	NOT	14079
N14847	P1_R1207_U327	NAND	14080
N14848	P1_R1207_U328	NAND	14081
N14849	P1_R1207_U329	NAND	14082
N14850	P1_R1207_U330	NAND	14083
N14851	P1_R1207_U331	NAND	14084
N14852	P1_R1207_U332	NAND	14085
N14853	P1_R1207_U333	NAND	14086
N14854	P1_R1207_U334	NAND	14087
N14855	P1_R1207_U335	NAND	14088
N14856	P1_R1207_U336	NAND	14089
N14857	P1_R1207_U337	NOT	14090
N14858	P1_R1207_U338	NAND	14091
N14859	P1_R1207_U339	NAND	14092
N14860	P1_R1207_U340	NAND	14093
N14861	P1_R1207_U341	NAND	14094
N14862	P1_R1207_U342	NAND	14095
N14863	P1_R1207_U343	NAND	14096
N14864	P1_R1207_U344	NAND	14097
N14865	P1_R1207_U345	NAND	14098
N14866	P1_R1207_U346	NAND	14099
N14867	P1_R1207_U347	NAND	14100
N14868	P1_R1207_U348	NAND	14101
N14869	P1_R1207_U349	NAND	14102
N14870	P1_R1207_U350	NAND	14103
N14871	P1_R1207_U351	NAND	14104
N14872	P1_R1207_U352	NAND	14105
N14873	P1_R1207_U353	NAND	14106
N14874	P1_R1207_U354	NAND	14107
N14875	P1_R1207_U355	NAND	14108
N14876	P1_R1207_U356	NAND	14109
N14877	P1_R1207_U357	NAND	14110
N14878	P1_R1207_U358	NAND	14111
N14879	P1_R1207_U359	NAND	14112
N14880	P1_R1207_U360	NAND	14113
N14881	P1_R1207_U361	NAND	14114
N14882	P1_R1207_U362	NAND	14115
N14883	P1_R1207_U363	NAND	14116
N14884	P1_R1207_U364	NAND	14117
N14885	P1_R1207_U365	NAND	14118
N14886	P1_R1207_U366	NAND	14119
N14887	P1_R1207_U367	NAND	14120
N14888	P1_R1207_U368	NAND	14121
N14889	P1_R1207_U369	NAND	14122
N14890	P1_R1207_U370	NAND	14123
N14891	P1_R1207_U371	NAND	14124
N14892	P1_R1207_U372	NAND	14125
N14893	P1_R1207_U373	NAND	14126
N14894	P1_R1207_U374	NAND	14127
N14895	P1_R1207_U375	NAND	14128
N14896	P1_R1207_U376	NAND	14129
N14897	P1_R1207_U377	NAND	14130
N14898	P1_R1207_U378	NAND	14131
N14899	P1_R1207_U379	NAND	14132
N14900	P1_R1207_U380	NAND	14133
N14901	P1_R1207_U381	NAND	14134
N14902	P1_R1207_U382	NAND	14135
N14903	P1_R1207_U383	NAND	14136
N14904	P1_R1207_U384	NAND	14137
N14905	P1_R1207_U385	NAND	14138
N14906	P1_R1207_U386	NAND	14139
N14907	P1_R1207_U387	NAND	14140
N14908	P1_R1207_U388	NAND	14141
N14909	P1_R1207_U389	NAND	14142
N14910	P1_R1207_U390	NAND	14143
N14911	P1_R1207_U391	NOT	14144
N14912	P1_R1207_U392	NAND	14145
N14913	P1_R1207_U393	NAND	14146
N14914	P1_R1207_U394	NAND	14147
N14915	P1_R1207_U395	NAND	14148
N14916	P1_R1207_U396	NAND	14149
N14917	P1_R1207_U397	NAND	14150
N14918	P1_R1207_U398	NAND	14151
N14919	P1_R1207_U399	NAND	14152
N14920	P1_R1207_U400	NAND	14153
N14921	P1_R1207_U401	NAND	14154
N14922	P1_R1207_U402	NAND	14155
N14923	P1_R1207_U403	NAND	14156
N14924	P1_R1207_U404	NAND	14157
N14925	P1_R1207_U405	NOT	14158
N14926	P1_R1207_U406	NAND	14159
N14927	P1_R1207_U407	NAND	14160
N14928	P1_R1207_U408	NAND	14161
N14929	P1_R1207_U409	NAND	14162
N14930	P1_R1207_U410	NOT	14163
N14931	P1_R1207_U411	NAND	14164
N14932	P1_R1207_U412	NAND	14165
N14933	P1_R1207_U413	NAND	14166
N14934	P1_R1207_U414	NAND	14167
N14935	P1_R1207_U415	NAND	14168
N14936	P1_R1207_U416	NAND	14169
N14937	P1_R1207_U417	NAND	14170
N14938	P1_R1207_U418	NAND	14171
N14939	P1_R1207_U419	NAND	14172
N14940	P1_R1207_U420	NAND	14173
N14941	P1_R1207_U421	NAND	14174
N14942	P1_R1207_U422	NAND	14175
N14943	P1_R1207_U423	NAND	14176
N14944	P1_R1207_U424	NAND	14177
N14945	P1_R1207_U425	NAND	14178
N14946	P1_R1207_U426	NOT	14179
N14947	P1_R1207_U427	NAND	14180
N14948	P1_R1207_U428	NAND	14181
N14949	P1_R1207_U429	NAND	14182
N14950	P1_R1207_U430	NAND	14183
N14951	P1_R1207_U431	NOT	14184
N14952	P1_R1207_U432	NAND	14185
N14953	P1_R1207_U433	NAND	14186
N14954	P1_R1207_U434	NAND	14187
N14955	P1_R1207_U435	NAND	14188
N14956	P1_R1207_U436	NOT	14189
N14957	P1_R1207_U437	NAND	14190
N14958	P1_R1207_U438	NAND	14191
N14959	P1_R1207_U439	NAND	14192
N14960	P1_R1207_U440	NAND	14193
N14961	P1_R1207_U441	NOT	14194
N14962	P1_R1207_U442	NAND	14195
N14963	P1_R1207_U443	NAND	14196
N14964	P1_R1207_U444	NAND	14197
N14965	P1_R1207_U445	NAND	14198
N14966	P1_R1207_U446	NOT	14199
N14967	P1_R1207_U447	NAND	14200
N14968	P1_R1207_U448	NAND	14201
N14969	P1_R1207_U449	NAND	14202
N14970	P1_R1207_U450	NAND	14203
N14971	P1_R1207_U451	NAND	14204
N14972	P1_R1207_U452	NAND	14205
N14973	P1_R1207_U453	NAND	14206
N14974	P1_R1207_U454	NAND	14207
N14975	P1_R1207_U455	NAND	14208
N14976	P1_R1207_U456	NAND	14209
N14977	P1_R1207_U457	NAND	14210
N14978	P1_R1207_U458	NAND	14211
N14979	P1_R1207_U459	NAND	14212
N14980	P1_R1207_U460	NAND	14213
N14981	P1_R1207_U461	NAND	14214
N14982	P1_R1207_U462	NOT	14215
N14983	P1_R1207_U463	NAND	14216
N14984	P1_R1207_U464	NAND	14217
N14985	P1_R1207_U465	NAND	14218
N14986	P1_R1207_U466	NAND	14219
N14987	P1_R1207_U467	NOT	14220
N14988	P1_R1207_U468	NAND	14221
N14989	P1_R1207_U469	NAND	14222
N14990	P1_R1207_U470	NAND	14223
N14991	P1_R1207_U471	NAND	14224
N14992	P1_R1207_U472	NAND	14225
N14993	P1_R1207_U473	NAND	14226
N14994	P1_R1207_U474	NAND	14227
N14995	P1_R1207_U475	NAND	14228
N14996	P1_R1207_U476	NAND	14229
N14997	P1_R1165_U4	AND	14230
N14998	P1_R1165_U5	AND	14231
N14999	P1_R1165_U6	AND	14232
N15000	P1_R1165_U7	AND	14233
N15001	P1_R1165_U8	AND	14234
N15002	P1_R1165_U9	AND	14235
N15003	P1_R1165_U10	AND	14236
N15004	P1_R1165_U11	AND	14237
N15005	P1_R1165_U12	AND	14238
N15006	P1_R1165_U13	AND	14239
N15007	P1_R1165_U14	AND	14240
N15008	P1_R1165_U15	NOT	14241
N15009	P1_R1165_U16	NOT	14242
N15010	P1_R1165_U17	NAND	14243
N15011	P1_R1165_U18	NOT	14244
N15012	P1_R1165_U19	NOT	14245
N15013	P1_R1165_U20	NAND	14246
N15014	P1_R1165_U21	NOT	14247
N15015	P1_R1165_U22	NOT	14248
N15016	P1_R1165_U23	NOT	14249
N15017	P1_R1165_U24	NAND	14250
N15018	P1_R1165_U25	NOT	14251
N15019	P1_R1165_U26	NOT	14252
N15020	P1_R1165_U27	NOT	14253
N15021	P1_R1165_U28	NOT	14254
N15022	P1_R1165_U29	NAND	14255
N15023	P1_R1165_U30	NAND	14256
N15024	P1_R1165_U31	NAND	14257
N15025	P1_R1165_U32	NOT	14258
N15026	P1_R1165_U33	NOT	14259
N15027	P1_R1165_U34	NOT	14260
N15028	P1_R1165_U35	NOT	14261
N15029	P1_R1165_U36	NOT	14262
N15030	P1_R1165_U37	NOT	14263
N15031	P1_R1165_U38	NAND	14264
N15032	P1_R1165_U39	NOT	14265
N15033	P1_R1165_U40	NOT	14266
N15034	P1_R1165_U41	NOT	14267
N15035	P1_R1165_U42	NOT	14268
N15036	P1_R1165_U43	NAND	14269
N15037	P1_R1165_U44	NOT	14270
N15038	P1_R1165_U45	NOT	14271
N15039	P1_R1165_U46	NOT	14272
N15040	P1_R1165_U47	NOT	14273
N15041	P1_R1165_U48	NOT	14274
N15042	P1_R1165_U49	NAND	14275
N15043	P1_R1165_U50	NOT	14276
N15044	P1_R1165_U51	NOT	14277
N15045	P1_R1165_U52	NOT	14278
N15046	P1_R1165_U53	NAND	14279
N15047	P1_R1165_U54	NAND	14280
N15048	P1_R1165_U55	NAND	14281
N15049	P1_R1165_U56	NAND	14282
N15050	P1_R1165_U57	NAND	14283
N15051	P1_R1165_U58	NAND	14284
N15052	P1_R1165_U59	NAND	14285
N15053	P1_R1165_U60	NAND	14286
N15054	P1_R1165_U61	NAND	14287
N15055	P1_R1165_U62	NAND	14288
N15056	P1_R1165_U63	NAND	14289
N15057	P1_R1165_U64	NAND	14290
N15058	P1_R1165_U65	NAND	14291
N15059	P1_R1165_U66	NAND	14292
N15060	P1_R1165_U67	NAND	14293
N15061	P1_R1165_U68	NAND	14294
N15062	P1_R1165_U69	NAND	14295
N15063	P1_R1165_U70	NAND	14296
N15064	P1_R1165_U71	NAND	14297
N15065	P1_R1165_U72	NAND	14298
N15066	P1_R1165_U73	NAND	14299
N15067	P1_R1165_U74	NAND	14300
N15068	P1_R1165_U75	NAND	14301
N15069	P1_R1165_U76	NAND	14302
N15070	P1_R1165_U77	NAND	14303
N15071	P1_R1165_U78	NAND	14304
N15072	P1_R1165_U79	NAND	14305
N15073	P1_R1165_U80	NAND	14306
N15074	P1_R1165_U81	NAND	14307
N15075	P1_R1165_U82	NAND	14308
N15076	P1_R1165_U83	NAND	14309
N15077	P1_R1165_U84	NAND	14310
N15078	P1_R1165_U85	NAND	14311
N15079	P1_R1165_U86	NAND	14312
N15080	P1_R1165_U87	NAND	14313
N15081	P1_R1165_U88	NAND	14314
N15082	P1_R1165_U89	NAND	14315
N15083	P1_R1165_U90	NAND	14316
N15084	P1_R1165_U91	NAND	14317
N15085	P1_R1165_U92	NAND	14318
N15086	P1_R1165_U93	NAND	14319
N15087	P1_R1165_U94	NAND	14320
N15088	P1_R1165_U95	NAND	14321
N15089	P1_R1165_U96	NAND	14322
N15090	P1_R1165_U97	NAND	14323
N15091	P1_R1165_U98	NAND	14324
N15092	P1_R1165_U99	NAND	14325
N15093	P1_R1165_U100	NAND	14326
N15094	P1_R1165_U101	NAND	14327
N15095	P1_R1165_U102	NAND	14328
N15096	P1_R1165_U103	NAND	14329
N15097	P1_R1165_U104	NAND	14330
N15098	P1_R1165_U105	NAND	14331
N15099	P1_R1165_U106	NAND	14332
N15100	P1_R1165_U107	NAND	14333
N15101	P1_R1165_U108	NAND	14334
N15102	P1_R1165_U109	NAND	14335
N15103	P1_R1165_U110	AND	14336
N15104	P1_R1165_U111	AND	14337
N15105	P1_R1165_U112	AND	14338
N15106	P1_R1165_U113	AND	14339
N15107	P1_R1165_U114	AND	14340
N15108	P1_R1165_U115	AND	14341
N15109	P1_R1165_U116	AND	14342
N15110	P1_R1165_U117	AND	14343
N15111	P1_R1165_U118	AND	14344
N15112	P1_R1165_U119	AND	14345
N15113	P1_R1165_U120	AND	14346
N15114	P1_R1165_U121	AND	14347
N15115	P1_R1165_U122	NAND	14348
N15116	P1_R1165_U123	AND	14349
N15117	P1_R1165_U124	AND	14350
N15118	P1_R1165_U125	AND	14351
N15119	P1_R1165_U126	AND	14352
N15120	P1_R1165_U127	AND	14353
N15121	P1_R1165_U128	AND	14354
N15122	P1_R1165_U129	NAND	14355
N15123	P1_R1165_U130	NOT	14356
N15124	P1_R1165_U131	AND	14357
N15125	P1_R1165_U132	NOT	14358
N15126	P1_R1165_U133	NOT	14359
N15127	P1_R1165_U134	NOT	14360
N15128	P1_R1165_U135	NOT	14361
N15129	P1_R1165_U136	NOT	14362
N15130	P1_R1165_U137	NOT	14363
N15131	P1_R1165_U138	NOT	14364
N15132	P1_R1165_U139	NOT	14365
N15133	P1_R1165_U140	NOT	14366
N15134	P1_R1165_U141	AND	14367
N15135	P1_R1165_U142	NAND	14368
N15136	P1_R1165_U143	AND	14369
N15137	P1_R1165_U144	NAND	14370
N15138	P1_R1165_U145	AND	14371
N15139	P1_R1165_U146	NOT	14372
N15140	P1_R1165_U147	NOT	14373
N15141	P1_R1165_U148	NOT	14374
N15142	P1_R1165_U149	NOT	14375
N15143	P1_R1165_U150	NOT	14376
N15144	P1_R1165_U151	NOT	14377
N15145	P1_R1165_U152	NOT	14378
N15146	P1_R1165_U153	NOT	14379
N15147	P1_R1165_U154	NOT	14380
N15148	P1_R1165_U155	NOT	14381
N15149	P1_R1165_U156	NOT	14382
N15150	P1_R1165_U157	NOT	14383
N15151	P1_R1165_U158	NOT	14384
N15152	P1_R1165_U159	NOT	14385
N15153	P1_R1165_U160	NOT	14386
N15154	P1_R1165_U161	NOT	14387
N15155	P1_R1165_U162	NOT	14388
N15156	P1_R1165_U163	NOT	14389
N15157	P1_R1165_U164	NOT	14390
N15158	P1_R1165_U165	NOT	14391
N15159	P1_R1165_U166	AND	14392
N15160	P1_R1165_U167	NAND	14393
N15161	P1_R1165_U168	NAND	14394
N15162	P1_R1165_U169	AND	14395
N15163	P1_R1165_U170	NAND	14396
N15164	P1_R1165_U171	AND	14397
N15165	P1_R1165_U172	NAND	14398
N15166	P1_R1165_U173	AND	14399
N15167	P1_R1165_U174	NAND	14400
N15168	P1_R1165_U175	NAND	14401
N15169	P1_R1165_U176	AND	14402
N15170	P1_R1165_U177	NAND	14403
N15171	P1_R1165_U178	AND	14404
N15172	P1_R1165_U179	NAND	14405
N15173	P1_R1165_U180	AND	14406
N15174	P1_R1165_U181	NAND	14407
N15175	P1_R1165_U182	NAND	14408
N15176	P1_R1165_U183	AND	14409
N15177	P1_R1165_U184	NAND	14410
N15178	P1_R1165_U185	NAND	14411
N15179	P1_R1165_U186	NOT	14412
N15180	P1_R1165_U187	NAND	14413
N15181	P1_R1165_U188	NAND	14414
N15182	P1_R1165_U189	NAND	14415
N15183	P1_R1165_U190	NOT	14416
N15184	P1_R1165_U191	NOT	14417
N15185	P1_R1165_U192	NAND	14418
N15186	P1_R1165_U193	OR	14419
N15187	P1_R1165_U194	NAND	14420
N15188	P1_R1165_U195	NAND	14421
N15189	P1_R1165_U196	NOT	14422
N15190	P1_R1165_U197	NAND	14423
N15191	P1_R1165_U198	NAND	14424
N15192	P1_R1165_U199	NAND	14425
N15193	P1_R1165_U200	NOT	14426
N15194	P1_R1165_U201	NAND	14427
N15195	P1_R1165_U202	NAND	14428
N15196	P1_R1165_U203	NAND	14429
N15197	P1_R1165_U204	NAND	14430
N15198	P1_R1165_U205	NAND	14431
N15199	P1_R1165_U206	NAND	14432
N15200	P1_R1165_U207	NOT	14433
N15201	P1_R1165_U208	NAND	14434
N15202	P1_R1165_U209	NAND	14435
N15203	P1_R1165_U210	NAND	14436
N15204	P1_R1165_U211	NOT	14437
N15205	P1_R1165_U212	NAND	14438
N15206	P1_R1165_U213	NAND	14439
N15207	P1_R1165_U214	NAND	14440
N15208	P1_R1165_U215	NOT	14441
N15209	P1_R1165_U216	NAND	14442
N15210	P1_R1165_U217	NAND	14443
N15211	P1_R1165_U218	NOT	14444
N15212	P1_R1165_U219	NAND	14445
N15213	P1_R1165_U220	NAND	14446
N15214	P1_R1165_U221	NAND	14447
N15215	P1_R1165_U222	NAND	14448
N15216	P1_R1165_U223	NOT	14449
N15217	P1_R1165_U224	NAND	14450
N15218	P1_R1165_U225	NAND	14451
N15219	P1_R1165_U226	NAND	14452
N15220	P1_R1165_U227	NOT	14453
N15221	P1_R1165_U228	NAND	14454
N15222	P1_R1165_U229	NAND	14455
N15223	P1_R1165_U230	NAND	14456
N15224	P1_R1165_U231	NAND	14457
N15225	P1_R1165_U232	NAND	14458
N15226	P1_R1165_U233	NAND	14459
N15227	P1_R1165_U234	NAND	14460
N15228	P1_R1165_U235	NAND	14461
N15229	P1_R1165_U236	NAND	14462
N15230	P1_R1165_U237	NAND	14463
N15231	P1_R1165_U238	NAND	14464
N15232	P1_R1165_U239	NAND	14465
N15233	P1_R1165_U240	NAND	14466
N15234	P1_R1165_U241	NAND	14467
N15235	P1_R1165_U242	NAND	14468
N15236	P1_R1165_U243	NAND	14469
N15237	P1_R1165_U244	NAND	14470
N15238	P1_R1165_U245	NOT	14471
N15239	P1_R1165_U246	NAND	14472
N15240	P1_R1165_U247	NAND	14473
N15241	P1_R1165_U248	NAND	14474
N15242	P1_R1165_U249	NOT	14475
N15243	P1_R1165_U250	NAND	14476
N15244	P1_R1165_U251	NAND	14477
N15245	P1_R1165_U252	NAND	14478
N15246	P1_R1165_U253	NAND	14479
N15247	P1_R1165_U254	NAND	14480
N15248	P1_R1165_U255	NAND	14481
N15249	P1_R1165_U256	NAND	14482
N15250	P1_R1165_U257	NAND	14483
N15251	P1_R1165_U258	NAND	14484
N15252	P1_R1165_U259	NOT	14485
N15253	P1_R1165_U260	NAND	14486
N15254	P1_R1165_U261	NAND	14487
N15255	P1_R1165_U262	NAND	14488
N15256	P1_R1165_U263	NOT	14489
N15257	P1_R1165_U264	NAND	14490
N15258	P1_R1165_U265	NAND	14491
N15259	P1_R1165_U266	NAND	14492
N15260	P1_R1165_U267	NOT	14493
N15261	P1_R1165_U268	NAND	14494
N15262	P1_R1165_U269	NAND	14495
N15263	P1_R1165_U270	NOT	14496
N15264	P1_R1165_U271	NAND	14497
N15265	P1_R1165_U272	NAND	14498
N15266	P1_R1165_U273	NAND	14499
N15267	P1_R1165_U274	NAND	14500
N15268	P1_R1165_U275	NOT	14501
N15269	P1_R1165_U276	NAND	14502
N15270	P1_R1165_U277	NAND	14503
N15271	P1_R1165_U278	NAND	14504
N15272	P1_R1165_U279	NOT	14505
N15273	P1_R1165_U280	NAND	14506
N15274	P1_R1165_U281	NAND	14507
N15275	P1_R1165_U282	NAND	14508
N15276	P1_R1165_U283	NAND	14509
N15277	P1_R1165_U284	NAND	14510
N15278	P1_R1165_U285	NAND	14511
N15279	P1_R1165_U286	NAND	14512
N15280	P1_R1165_U287	NAND	14513
N15281	P1_R1165_U288	NAND	14514
N15282	P1_R1165_U289	NOT	14515
N15283	P1_R1165_U290	NAND	14516
N15284	P1_R1165_U291	NAND	14517
N15285	P1_R1165_U292	NAND	14518
N15286	P1_R1165_U293	NOT	14519
N15287	P1_R1165_U294	NAND	14520
N15288	P1_R1165_U295	NAND	14521
N15289	P1_R1165_U296	NAND	14522
N15290	P1_R1165_U297	NOT	14523
N15291	P1_R1165_U298	NAND	14524
N15292	P1_R1165_U299	NAND	14525
N15293	P1_R1165_U300	NOT	14526
N15294	P1_R1165_U301	NAND	14527
N15295	P1_R1165_U302	NAND	14528
N15296	P1_R1165_U303	NOT	14529
N15297	P1_R1165_U304	NAND	14530
N15298	P1_R1165_U305	NAND	14531
N15299	P1_R1165_U306	NAND	14532
N15300	P1_R1165_U307	NAND	14533
N15301	P1_R1165_U308	NOT	14534
N15302	P1_R1165_U309	NAND	14535
N15303	P1_R1165_U310	NAND	14536
N15304	P1_R1165_U311	NAND	14537
N15305	P1_R1165_U312	NAND	14538
N15306	P1_R1165_U313	NAND	14539
N15307	P1_R1165_U314	NAND	14540
N15308	P1_R1165_U315	NAND	14541
N15309	P1_R1165_U316	NAND	14542
N15310	P1_R1165_U317	NOT	14543
N15311	P1_R1165_U318	NAND	14544
N15312	P1_R1165_U319	NAND	14545
N15313	P1_R1165_U320	NAND	14546
N15314	P1_R1165_U321	NAND	14547
N15315	P1_R1165_U322	NAND	14548
N15316	P1_R1165_U323	NAND	14549
N15317	P1_R1165_U324	NAND	14550
N15318	P1_R1165_U325	NAND	14551
N15319	P1_R1165_U326	NAND	14552
N15320	P1_R1165_U327	NAND	14553
N15321	P1_R1165_U328	NAND	14554
N15322	P1_R1165_U329	NAND	14555
N15323	P1_R1165_U330	NAND	14556
N15324	P1_R1165_U331	NAND	14557
N15325	P1_R1165_U332	NAND	14558
N15326	P1_R1165_U333	NOT	14559
N15327	P1_R1165_U334	NAND	14560
N15328	P1_R1165_U335	NAND	14561
N15329	P1_R1165_U336	NAND	14562
N15330	P1_R1165_U337	NAND	14563
N15331	P1_R1165_U338	NAND	14564
N15332	P1_R1165_U339	NAND	14565
N15333	P1_R1165_U340	NAND	14566
N15334	P1_R1165_U341	NAND	14567
N15335	P1_R1165_U342	NAND	14568
N15336	P1_R1165_U343	NAND	14569
N15337	P1_R1165_U344	NAND	14570
N15338	P1_R1165_U345	NAND	14571
N15339	P1_R1165_U346	NAND	14572
N15340	P1_R1165_U347	NAND	14573
N15341	P1_R1165_U348	NAND	14574
N15342	P1_R1165_U349	NAND	14575
N15343	P1_R1165_U350	NAND	14576
N15344	P1_R1165_U351	NAND	14577
N15345	P1_R1165_U352	NAND	14578
N15346	P1_R1165_U353	NAND	14579
N15347	P1_R1165_U354	NAND	14580
N15348	P1_R1165_U355	NAND	14581
N15349	P1_R1165_U356	NAND	14582
N15350	P1_R1165_U357	NAND	14583
N15351	P1_R1165_U358	NAND	14584
N15352	P1_R1165_U359	NAND	14585
N15353	P1_R1165_U360	NOT	14586
N15354	P1_R1165_U361	NAND	14587
N15355	P1_R1165_U362	NAND	14588
N15356	P1_R1165_U363	NAND	14589
N15357	P1_R1165_U364	NAND	14590
N15358	P1_R1165_U365	NAND	14591
N15359	P1_R1165_U366	NAND	14592
N15360	P1_R1165_U367	NAND	14593
N15361	P1_R1165_U368	NOT	14594
N15362	P1_R1165_U369	NAND	14595
N15363	P1_R1165_U370	NAND	14596
N15364	P1_R1165_U371	NOT	14597
N15365	P1_R1165_U372	NAND	14598
N15366	P1_R1165_U373	NAND	14599
N15367	P1_R1165_U374	NOT	14600
N15368	P1_R1165_U375	NAND	14601
N15369	P1_R1165_U376	NAND	14602
N15370	P1_R1165_U377	NOT	14603
N15371	P1_R1165_U378	NAND	14604
N15372	P1_R1165_U379	NAND	14605
N15373	P1_R1165_U380	NOT	14606
N15374	P1_R1165_U381	NAND	14607
N15375	P1_R1165_U382	NAND	14608
N15376	P1_R1165_U383	NOT	14609
N15377	P1_R1165_U384	NAND	14610
N15378	P1_R1165_U385	NAND	14611
N15379	P1_R1165_U386	NOT	14612
N15380	P1_R1165_U387	NAND	14613
N15381	P1_R1165_U388	NAND	14614
N15382	P1_R1165_U389	NOT	14615
N15383	P1_R1165_U390	NAND	14616
N15384	P1_R1165_U391	NAND	14617
N15385	P1_R1165_U392	NOT	14618
N15386	P1_R1165_U393	NAND	14619
N15387	P1_R1165_U394	NAND	14620
N15388	P1_R1165_U395	NAND	14621
N15389	P1_R1165_U396	NAND	14622
N15390	P1_R1165_U397	NAND	14623
N15391	P1_R1165_U398	NAND	14624
N15392	P1_R1165_U399	NAND	14625
N15393	P1_R1165_U400	NAND	14626
N15394	P1_R1165_U401	NAND	14627
N15395	P1_R1165_U402	NAND	14628
N15396	P1_R1165_U403	NAND	14629
N15397	P1_R1165_U404	NAND	14630
N15398	P1_R1165_U405	NAND	14631
N15399	P1_R1165_U406	NAND	14632
N15400	P1_R1165_U407	NAND	14633
N15401	P1_R1165_U408	NAND	14634
N15402	P1_R1165_U409	NAND	14635
N15403	P1_R1165_U410	NAND	14636
N15404	P1_R1165_U411	NAND	14637
N15405	P1_R1165_U412	NAND	14638
N15406	P1_R1165_U413	NAND	14639
N15407	P1_R1165_U414	NAND	14640
N15408	P1_R1165_U415	NAND	14641
N15409	P1_R1165_U416	NAND	14642
N15410	P1_R1165_U417	NAND	14643
N15411	P1_R1165_U418	NAND	14644
N15412	P1_R1165_U419	NAND	14645
N15413	P1_R1165_U420	NAND	14646
N15414	P1_R1165_U421	NAND	14647
N15415	P1_R1165_U422	NAND	14648
N15416	P1_R1165_U423	NAND	14649
N15417	P1_R1165_U424	NAND	14650
N15418	P1_R1165_U425	NAND	14651
N15419	P1_R1165_U426	NAND	14652
N15420	P1_R1165_U427	NAND	14653
N15421	P1_R1165_U428	NAND	14654
N15422	P1_R1165_U429	NAND	14655
N15423	P1_R1165_U430	NAND	14656
N15424	P1_R1165_U431	NAND	14657
N15425	P1_R1165_U432	NOT	14658
N15426	P1_R1165_U433	NAND	14659
N15427	P1_R1165_U434	NAND	14660
N15428	P1_R1165_U435	NOT	14661
N15429	P1_R1165_U436	NAND	14662
N15430	P1_R1165_U437	NAND	14663
N15431	P1_R1165_U438	NOT	14664
N15432	P1_R1165_U439	NAND	14665
N15433	P1_R1165_U440	NAND	14666
N15434	P1_R1165_U441	NOT	14667
N15435	P1_R1165_U442	NAND	14668
N15436	P1_R1165_U443	NAND	14669
N15437	P1_R1165_U444	NOT	14670
N15438	P1_R1165_U445	NAND	14671
N15439	P1_R1165_U446	NAND	14672
N15440	P1_R1165_U447	NOT	14673
N15441	P1_R1165_U448	NAND	14674
N15442	P1_R1165_U449	NAND	14675
N15443	P1_R1165_U450	NOT	14676
N15444	P1_R1165_U451	NAND	14677
N15445	P1_R1165_U452	NAND	14678
N15446	P1_R1165_U453	NOT	14679
N15447	P1_R1165_U454	NAND	14680
N15448	P1_R1165_U455	NAND	14681
N15449	P1_R1165_U456	NOT	14682
N15450	P1_R1165_U457	NAND	14683
N15451	P1_R1165_U458	NAND	14684
N15452	P1_R1165_U459	NOT	14685
N15453	P1_R1165_U460	NAND	14686
N15454	P1_R1165_U461	NAND	14687
N15455	P1_R1165_U462	NOT	14688
N15456	P1_R1165_U463	NAND	14689
N15457	P1_R1165_U464	NAND	14690
N15458	P1_R1165_U465	NOT	14691
N15459	P1_R1165_U466	NAND	14692
N15460	P1_R1165_U467	NAND	14693
N15461	P1_R1165_U468	NOT	14694
N15462	P1_R1165_U469	NAND	14695
N15463	P1_R1165_U470	NAND	14696
N15464	P1_R1165_U471	NOT	14697
N15465	P1_R1165_U472	NAND	14698
N15466	P1_R1165_U473	NAND	14699
N15467	P1_R1165_U474	NOT	14700
N15468	P1_R1165_U475	NAND	14701
N15469	P1_R1165_U476	NAND	14702
N15470	P1_R1165_U477	NOT	14703
N15471	P1_R1165_U478	NAND	14704
N15472	P1_R1165_U479	NAND	14705
N15473	P1_R1165_U480	NOT	14706
N15474	P1_R1165_U481	NAND	14707
N15475	P1_R1165_U482	NAND	14708
N15476	P1_R1165_U483	NOT	14709
N15477	P1_R1165_U484	NAND	14710
N15478	P1_R1165_U485	NAND	14711
N15479	P1_R1165_U486	NOT	14712
N15480	P1_R1165_U487	NAND	14713
N15481	P1_R1165_U488	NAND	14714
N15482	P1_R1165_U489	NOT	14715
N15483	P1_R1165_U490	NAND	14716
N15484	P1_R1165_U491	NAND	14717
N15485	P1_R1165_U492	NAND	14718
N15486	P1_R1165_U493	NAND	14719
N15487	P1_R1165_U494	NAND	14720
N15488	P1_R1165_U495	NAND	14721
N15489	P1_R1165_U496	NAND	14722
N15490	P1_R1165_U497	NAND	14723
N15491	P1_R1165_U498	NAND	14724
N15492	P1_R1165_U499	NAND	14725
N15493	P1_R1165_U500	NAND	14726
N15494	P1_R1165_U501	NAND	14727
N15495	P1_R1165_U502	NAND	14728
N15496	P1_R1165_U503	NAND	14729
N15497	P1_R1165_U504	NAND	14730
N15498	P1_R1165_U505	NAND	14731
N15499	P1_R1165_U506	NAND	14732
N15500	P1_R1165_U507	NAND	14733
N15501	P1_R1165_U508	NAND	14734
N15502	P1_R1165_U509	NAND	14735
N15503	P1_R1165_U510	NAND	14736
N15504	P1_R1165_U511	NAND	14737
N15505	P1_R1165_U512	NAND	14738
N15506	P1_R1165_U513	NAND	14739
N15507	P1_R1165_U514	NAND	14740
N15508	P1_R1165_U515	NAND	14741
N15509	P1_R1165_U516	NAND	14742
N15510	P1_R1165_U517	NAND	14743
N15511	P1_R1165_U518	NAND	14744
N15512	P1_R1165_U519	NAND	14745
N15513	P1_R1165_U520	NAND	14746
N15514	P1_R1165_U521	NAND	14747
N15515	P1_R1165_U522	NAND	14748
N15516	P1_R1165_U523	NAND	14749
N15517	P1_R1165_U524	NAND	14750
N15518	P1_R1165_U525	NAND	14751
N15519	P1_R1165_U526	NAND	14752
N15520	P1_R1165_U527	NAND	14753
N15521	P1_R1165_U528	NAND	14754
N15522	P1_R1165_U529	NAND	14755
N15523	P1_R1165_U530	NAND	14756
N15524	P1_R1165_U531	NAND	14757
N15525	P1_R1165_U532	NAND	14758
N15526	P1_R1165_U533	NAND	14759
N15527	P1_R1165_U534	NAND	14760
N15528	P1_R1165_U535	NAND	14761
N15529	P1_R1165_U536	NAND	14762
N15530	P1_R1165_U537	NAND	14763
N15531	P1_R1165_U538	NAND	14764
N15532	P1_R1165_U539	NAND	14765
N15533	P1_R1165_U540	NAND	14766
N15534	P1_R1165_U541	NAND	14767
N15535	P1_R1165_U542	NAND	14768
N15536	P1_R1165_U543	NAND	14769
N15537	P1_R1165_U544	NAND	14770
N15538	P1_R1165_U545	NAND	14771
N15539	P1_R1165_U546	NAND	14772
N15540	P1_R1165_U547	NAND	14773
N15541	P1_R1165_U548	NAND	14774
N15542	P1_R1165_U549	NAND	14775
N15543	P1_R1165_U550	NAND	14776
N15544	P1_R1165_U551	NAND	14777
N15545	P1_R1165_U552	NAND	14778
N15546	P1_R1165_U553	NAND	14779
N15547	P1_R1165_U554	NAND	14780
N15548	P1_R1165_U555	NAND	14781
N15549	P1_R1165_U556	NAND	14782
N15550	P1_R1165_U557	NAND	14783
N15551	P1_R1165_U558	NAND	14784
N15552	P1_R1165_U559	NAND	14785
N15553	P1_R1165_U560	NAND	14786
N15554	P1_R1165_U561	NAND	14787
N15555	P1_R1165_U562	NAND	14788
N15556	P1_R1165_U563	NAND	14789
N15557	P1_R1165_U564	NAND	14790
N15558	P1_R1165_U565	NAND	14791
N15559	P1_R1165_U566	NAND	14792
N15560	P1_R1165_U567	NAND	14793
N15561	P1_R1165_U568	NAND	14794
N15562	P1_R1165_U569	NAND	14795
N15563	P1_R1165_U570	NAND	14796
N15564	P1_R1165_U571	NAND	14797
N15565	P1_R1165_U572	NAND	14798
N15566	P1_R1165_U573	NAND	14799
N15567	P1_R1165_U574	NAND	14800
N15568	P1_R1165_U575	NAND	14801
N15569	P1_R1165_U576	NAND	14802
N15570	P1_R1165_U577	NAND	14803
N15571	P1_R1165_U578	NAND	14804
N15572	P1_R1165_U579	NAND	14805
N15573	P1_R1165_U580	NAND	14806
N15574	P1_R1165_U581	NAND	14807
N15575	P1_R1165_U582	NAND	14808
N15576	P1_R1165_U583	NAND	14809
N15577	P1_R1165_U584	NAND	14810
N15578	P1_R1165_U585	NAND	14811
N15579	P1_R1165_U586	NAND	14812
N15580	P1_R1165_U587	NAND	14813
N15581	P1_R1165_U588	NAND	14814
N15582	P1_R1165_U589	NAND	14815
N15583	P1_R1165_U590	NAND	14816
N15584	P1_R1165_U591	NAND	14817
N15585	P1_R1165_U592	NAND	14818
N15586	P1_R1165_U593	NOT	14819
N15587	P1_R1165_U594	NAND	14820
N15588	P1_R1165_U595	NAND	14821
N15589	P1_R1150_U6	AND	14822
N15590	P1_R1150_U7	AND	14823
N15591	P1_R1150_U8	AND	14824
N15592	P1_R1150_U9	AND	14825
N15593	P1_R1150_U10	AND	14826
N15594	P1_R1150_U11	AND	14827
N15595	P1_R1150_U12	AND	14828
N15596	P1_R1150_U13	NAND	14829
N15597	P1_R1150_U14	NAND	14830
N15598	P1_R1150_U15	NAND	14831
N15599	P1_R1150_U16	NAND	14832
N15600	P1_R1150_U17	NAND	14833
N15601	P1_R1150_U18	NAND	14834
N15602	P1_R1150_U19	NAND	14835
N15603	P1_R1150_U20	NAND	14836
N15604	P1_R1150_U21	NAND	14837
N15605	P1_R1150_U22	NOT	14838
N15606	P1_R1150_U23	NOT	14839
N15607	P1_R1150_U24	NOT	14840
N15608	P1_R1150_U25	NAND	14841
N15609	P1_R1150_U26	NOT	14842
N15610	P1_R1150_U27	NOT	14843
N15611	P1_R1150_U28	NOT	14844
N15612	P1_R1150_U29	NAND	14845
N15613	P1_R1150_U30	NOT	14846
N15614	P1_R1150_U31	NOT	14847
N15615	P1_R1150_U32	NOT	14848
N15616	P1_R1150_U33	NOT	14849
N15617	P1_R1150_U34	NOT	14850
N15618	P1_R1150_U35	NOT	14851
N15619	P1_R1150_U36	NOT	14852
N15620	P1_R1150_U37	NAND	14853
N15621	P1_R1150_U38	NOT	14854
N15622	P1_R1150_U39	NOT	14855
N15623	P1_R1150_U40	NAND	14856
N15624	P1_R1150_U41	NOT	14857
N15625	P1_R1150_U42	NOT	14858
N15626	P1_R1150_U43	NOT	14859
N15627	P1_R1150_U44	NAND	14860
N15628	P1_R1150_U45	NAND	14861
N15629	P1_R1150_U46	NAND	14862
N15630	P1_R1150_U47	NOT	14863
N15631	P1_R1150_U48	NOT	14864
N15632	P1_R1150_U49	NOT	14865
N15633	P1_R1150_U50	NOT	14866
N15634	P1_R1150_U51	NOT	14867
N15635	P1_R1150_U52	NOT	14868
N15636	P1_R1150_U53	NOT	14869
N15637	P1_R1150_U54	NAND	14870
N15638	P1_R1150_U55	NOT	14871
N15639	P1_R1150_U56	NOT	14872
N15640	P1_R1150_U57	NOT	14873
N15641	P1_R1150_U58	NOT	14874
N15642	P1_R1150_U59	NOT	14875
N15643	P1_R1150_U60	NOT	14876
N15644	P1_R1150_U61	NOT	14877
N15645	P1_R1150_U62	NOT	14878
N15646	P1_R1150_U63	NOT	14879
N15647	P1_R1150_U64	NAND	14880
N15648	P1_R1150_U65	NOT	14881
N15649	P1_R1150_U66	NOT	14882
N15650	P1_R1150_U67	NAND	14883
N15651	P1_R1150_U68	NOT	14884
N15652	P1_R1150_U69	NOT	14885
N15653	P1_R1150_U70	NOT	14886
N15654	P1_R1150_U71	NOT	14887
N15655	P1_R1150_U72	NOT	14888
N15656	P1_R1150_U73	NOT	14889
N15657	P1_R1150_U74	NOT	14890
N15658	P1_R1150_U75	NOT	14891
N15659	P1_R1150_U76	NOT	14892
N15660	P1_R1150_U77	NOT	14893
N15661	P1_R1150_U78	NAND	14894
N15662	P1_R1150_U79	NOT	14895
N15663	P1_R1150_U80	NOT	14896
N15664	P1_R1150_U81	NOT	14897
N15665	P1_R1150_U82	NOT	14898
N15666	P1_R1150_U83	NOT	14899
N15667	P1_R1150_U84	NOT	14900
N15668	P1_R1150_U85	NAND	14901
N15669	P1_R1150_U86	NOT	14902
N15670	P1_R1150_U87	NOT	14903
N15671	P1_R1150_U88	NOT	14904
N15672	P1_R1150_U89	NAND	14905
N15673	P1_R1150_U90	NAND	14906
N15674	P1_R1150_U91	NAND	14907
N15675	P1_R1150_U92	NAND	14908
N15676	P1_R1150_U93	NOT	14909
N15677	P1_R1150_U94	NAND	14910
N15678	P1_R1150_U95	NAND	14911
N15679	P1_R1150_U96	NAND	14912
N15680	P1_R1150_U97	NAND	14913
N15681	P1_R1150_U98	NAND	14914
N15682	P1_R1150_U99	NAND	14915
N15683	P1_R1150_U100	NAND	14916
N15684	P1_R1150_U101	NAND	14917
N15685	P1_R1150_U102	NAND	14918
N15686	P1_R1150_U103	NAND	14919
N15687	P1_R1150_U104	NAND	14920
N15688	P1_R1150_U105	NAND	14921
N15689	P1_R1150_U106	NAND	14922
N15690	P1_R1150_U107	NAND	14923
N15691	P1_R1150_U108	NAND	14924
N15692	P1_R1150_U109	NAND	14925
N15693	P1_R1150_U110	NAND	14926
N15694	P1_R1150_U111	NAND	14927
N15695	P1_R1150_U112	NAND	14928
N15696	P1_R1150_U113	NAND	14929
N15697	P1_R1150_U114	NAND	14930
N15698	P1_R1150_U115	AND	14931
N15699	P1_R1150_U116	AND	14932
N15700	P1_R1150_U117	AND	14933
N15701	P1_R1150_U118	AND	14934
N15702	P1_R1150_U119	AND	14935
N15703	P1_R1150_U120	AND	14936
N15704	P1_R1150_U121	AND	14937
N15705	P1_R1150_U122	AND	14938
N15706	P1_R1150_U123	AND	14939
N15707	P1_R1150_U124	AND	14940
N15708	P1_R1150_U125	AND	14941
N15709	P1_R1150_U126	AND	14942
N15710	P1_R1150_U127	AND	14943
N15711	P1_R1150_U128	AND	14944
N15712	P1_R1150_U129	AND	14945
N15713	P1_R1150_U130	AND	14946
N15714	P1_R1150_U131	NAND	14947
N15715	P1_R1150_U132	AND	14948
N15716	P1_R1150_U133	AND	14949
N15717	P1_R1150_U134	NAND	14950
N15718	P1_R1150_U135	NAND	14951
N15719	P1_R1150_U136	AND	14952
N15720	P1_R1150_U137	NAND	14953
N15721	P1_R1150_U138	NAND	14954
N15722	P1_R1150_U139	NAND	14955
N15723	P1_R1150_U140	NAND	14956
N15724	P1_R1150_U141	NAND	14957
N15725	P1_R1150_U142	AND	14958
N15726	P1_R1150_U143	NAND	14959
N15727	P1_R1150_U144	NAND	14960
N15728	P1_R1150_U145	AND	14961
N15729	P1_R1150_U146	AND	14962
N15730	P1_R1150_U147	AND	14963
N15731	P1_R1150_U148	NAND	14964
N15732	P1_R1150_U149	AND	14965
N15733	P1_R1150_U150	AND	14966
N15734	P1_R1150_U151	AND	14967
N15735	P1_R1150_U152	NAND	14968
N15736	P1_R1150_U153	AND	14969
N15737	P1_R1150_U154	NOT	14970
N15738	P1_R1150_U155	NOT	14971
N15739	P1_R1150_U156	AND	14972
N15740	P1_R1150_U157	NAND	14973
N15741	P1_R1150_U158	AND	14974
N15742	P1_R1150_U159	NAND	14975
N15743	P1_R1150_U160	NAND	14976
N15744	P1_R1150_U161	AND	14977
N15745	P1_R1150_U162	AND	14978
N15746	P1_R1150_U163	NAND	14979
N15747	P1_R1150_U164	NAND	14980
N15748	P1_R1150_U165	NOT	14981
N15749	P1_R1150_U166	NAND	14982
N15750	P1_R1150_U167	NOT	14983
N15751	P1_R1150_U168	NAND	14984
N15752	P1_R1150_U169	AND	14985
N15753	P1_R1150_U170	AND	14986
N15754	P1_R1150_U171	NAND	14987
N15755	P1_R1150_U172	NAND	14988
N15756	P1_R1150_U173	NAND	14989
N15757	P1_R1150_U174	AND	14990
N15758	P1_R1150_U175	NAND	14991
N15759	P1_R1150_U176	NOT	14992
N15760	P1_R1150_U177	NOT	14993
N15761	P1_R1150_U178	NOT	14994
N15762	P1_R1150_U179	NAND	14995
N15763	P1_R1150_U180	NAND	14996
N15764	P1_R1150_U181	NAND	14997
N15765	P1_R1150_U182	NAND	14998
N15766	P1_R1150_U183	NAND	14999
N15767	P1_R1150_U184	NAND	15000
N15768	P1_R1150_U185	NAND	15001
N15769	P1_R1150_U186	NOT	15002
N15770	P1_R1150_U187	NOT	15003
N15771	P1_R1150_U188	NOT	15004
N15772	P1_R1150_U189	NOT	15005
N15773	P1_R1150_U190	NOT	15006
N15774	P1_R1150_U191	NAND	15007
N15775	P1_R1150_U192	NAND	15008
N15776	P1_R1150_U193	NAND	15009
N15777	P1_R1150_U194	NOT	15010
N15778	P1_R1150_U195	NAND	15011
N15779	P1_R1150_U196	NAND	15012
N15780	P1_R1150_U197	NAND	15013
N15781	P1_R1150_U198	NAND	15014
N15782	P1_R1150_U199	NAND	15015
N15783	P1_R1150_U200	NOT	15016
N15784	P1_R1150_U201	NAND	15017
N15785	P1_R1150_U202	NAND	15018
N15786	P1_R1150_U203	NAND	15019
N15787	P1_R1150_U204	NAND	15020
N15788	P1_R1150_U205	NAND	15021
N15789	P1_R1150_U206	NAND	15022
N15790	P1_R1150_U207	NAND	15023
N15791	P1_R1150_U208	NAND	15024
N15792	P1_R1150_U209	NAND	15025
N15793	P1_R1150_U210	NOT	15026
N15794	P1_R1150_U211	NAND	15027
N15795	P1_R1150_U212	NAND	15028
N15796	P1_R1150_U213	NAND	15029
N15797	P1_R1150_U214	NAND	15030
N15798	P1_R1150_U215	NAND	15031
N15799	P1_R1150_U216	NOT	15032
N15800	P1_R1150_U217	NAND	15033
N15801	P1_R1150_U218	NAND	15034
N15802	P1_R1150_U219	NAND	15035
N15803	P1_R1150_U220	NAND	15036
N15804	P1_R1150_U221	NAND	15037
N15805	P1_R1150_U222	NAND	15038
N15806	P1_R1150_U223	NAND	15039
N15807	P1_R1150_U224	NAND	15040
N15808	P1_R1150_U225	NOT	15041
N15809	P1_R1150_U226	NAND	15042
N15810	P1_R1150_U227	NAND	15043
N15811	P1_R1150_U228	NAND	15044
N15812	P1_R1150_U229	NAND	15045
N15813	P1_R1150_U230	NAND	15046
N15814	P1_R1150_U231	NAND	15047
N15815	P1_R1150_U232	NAND	15048
N15816	P1_R1150_U233	NAND	15049
N15817	P1_R1150_U234	NAND	15050
N15818	P1_R1150_U235	NAND	15051
N15819	P1_R1150_U236	NAND	15052
N15820	P1_R1150_U237	NAND	15053
N15821	P1_R1150_U238	NAND	15054
N15822	P1_R1150_U239	NAND	15055
N15823	P1_R1150_U240	NAND	15056
N15824	P1_R1150_U241	NAND	15057
N15825	P1_R1150_U242	NAND	15058
N15826	P1_R1150_U243	NAND	15059
N15827	P1_R1150_U244	NAND	15060
N15828	P1_R1150_U245	NAND	15061
N15829	P1_R1150_U246	NAND	15062
N15830	P1_R1150_U247	NAND	15063
N15831	P1_R1150_U248	NOT	15064
N15832	P1_R1150_U249	NAND	15065
N15833	P1_R1150_U250	NAND	15066
N15834	P1_R1150_U251	NAND	15067
N15835	P1_R1150_U252	NOT	15068
N15836	P1_R1150_U253	NAND	15069
N15837	P1_R1150_U254	NAND	15070
N15838	P1_R1150_U255	NAND	15071
N15839	P1_R1150_U256	NOT	15072
N15840	P1_R1150_U257	NAND	15073
N15841	P1_R1150_U258	NAND	15074
N15842	P1_R1150_U259	NAND	15075
N15843	P1_R1150_U260	NAND	15076
N15844	P1_R1150_U261	NAND	15077
N15845	P1_R1150_U262	NAND	15078
N15846	P1_R1150_U263	NAND	15079
N15847	P1_R1150_U264	NAND	15080
N15848	P1_R1150_U265	NAND	15081
N15849	P1_R1150_U266	NOT	15082
N15850	P1_R1150_U267	NAND	15083
N15851	P1_R1150_U268	NAND	15084
N15852	P1_R1150_U269	NAND	15085
N15853	P1_R1150_U270	NOT	15086
N15854	P1_R1150_U271	NAND	15087
N15855	P1_R1150_U272	NAND	15088
N15856	P1_R1150_U273	NAND	15089
N15857	P1_R1150_U274	NOT	15090
N15858	P1_R1150_U275	NAND	15091
N15859	P1_R1150_U276	NAND	15092
N15860	P1_R1150_U277	NAND	15093
N15861	P1_R1150_U278	NOT	15094
N15862	P1_R1150_U279	NAND	15095
N15863	P1_R1150_U280	NAND	15096
N15864	P1_R1150_U281	NAND	15097
N15865	P1_R1150_U282	NOT	15098
N15866	P1_R1150_U283	NAND	15099
N15867	P1_R1150_U284	NAND	15100
N15868	P1_R1150_U285	NAND	15101
N15869	P1_R1150_U286	NAND	15102
N15870	P1_R1150_U287	NAND	15103
N15871	P1_R1150_U288	NAND	15104
N15872	P1_R1150_U289	NAND	15105
N15873	P1_R1150_U290	NAND	15106
N15874	P1_R1150_U291	NAND	15107
N15875	P1_R1150_U292	NOT	15108
N15876	P1_R1150_U293	NAND	15109
N15877	P1_R1150_U294	NAND	15110
N15878	P1_R1150_U295	NAND	15111
N15879	P1_R1150_U296	NOT	15112
N15880	P1_R1150_U297	NAND	15113
N15881	P1_R1150_U298	NAND	15114
N15882	P1_R1150_U299	NAND	15115
N15883	P1_R1150_U300	NOT	15116
N15884	P1_R1150_U301	NAND	15117
N15885	P1_R1150_U302	NAND	15118
N15886	P1_R1150_U303	NAND	15119
N15887	P1_R1150_U304	NAND	15120
N15888	P1_R1150_U305	NAND	15121
N15889	P1_R1150_U306	NOT	15122
N15890	P1_R1150_U307	NAND	15123
N15891	P1_R1150_U308	NAND	15124
N15892	P1_R1150_U309	NAND	15125
N15893	P1_R1150_U310	NAND	15126
N15894	P1_R1150_U311	NAND	15127
N15895	P1_R1150_U312	NAND	15128
N15896	P1_R1150_U313	NAND	15129
N15897	P1_R1150_U314	NAND	15130
N15898	P1_R1150_U315	NOT	15131
N15899	P1_R1150_U316	NAND	15132
N15900	P1_R1150_U317	NAND	15133
N15901	P1_R1150_U318	NAND	15134
N15902	P1_R1150_U319	NAND	15135
N15903	P1_R1150_U320	NAND	15136
N15904	P1_R1150_U321	NAND	15137
N15905	P1_R1150_U322	NAND	15138
N15906	P1_R1150_U323	NAND	15139
N15907	P1_R1150_U324	NAND	15140
N15908	P1_R1150_U325	NAND	15141
N15909	P1_R1150_U326	NOT	15142
N15910	P1_R1150_U327	NAND	15143
N15911	P1_R1150_U328	NAND	15144
N15912	P1_R1150_U329	NAND	15145
N15913	P1_R1150_U330	NAND	15146
N15914	P1_R1150_U331	NAND	15147
N15915	P1_R1150_U332	NAND	15148
N15916	P1_R1150_U333	NAND	15149
N15917	P1_R1150_U334	NAND	15150
N15918	P1_R1150_U335	NAND	15151
N15919	P1_R1150_U336	NAND	15152
N15920	P1_R1150_U337	NOT	15153
N15921	P1_R1150_U338	NAND	15154
N15922	P1_R1150_U339	NAND	15155
N15923	P1_R1150_U340	NAND	15156
N15924	P1_R1150_U341	NAND	15157
N15925	P1_R1150_U342	NAND	15158
N15926	P1_R1150_U343	NAND	15159
N15927	P1_R1150_U344	NAND	15160
N15928	P1_R1150_U345	NAND	15161
N15929	P1_R1150_U346	NAND	15162
N15930	P1_R1150_U347	NAND	15163
N15931	P1_R1150_U348	NAND	15164
N15932	P1_R1150_U349	NAND	15165
N15933	P1_R1150_U350	NAND	15166
N15934	P1_R1150_U351	NAND	15167
N15935	P1_R1150_U352	NAND	15168
N15936	P1_R1150_U353	NAND	15169
N15937	P1_R1150_U354	NAND	15170
N15938	P1_R1150_U355	NAND	15171
N15939	P1_R1150_U356	NAND	15172
N15940	P1_R1150_U357	NAND	15173
N15941	P1_R1150_U358	NAND	15174
N15942	P1_R1150_U359	NAND	15175
N15943	P1_R1150_U360	NAND	15176
N15944	P1_R1150_U361	NAND	15177
N15945	P1_R1150_U362	NAND	15178
N15946	P1_R1150_U363	NAND	15179
N15947	P1_R1150_U364	NAND	15180
N15948	P1_R1150_U365	NAND	15181
N15949	P1_R1150_U366	NAND	15182
N15950	P1_R1150_U367	NAND	15183
N15951	P1_R1150_U368	NAND	15184
N15952	P1_R1150_U369	NAND	15185
N15953	P1_R1150_U370	NAND	15186
N15954	P1_R1150_U371	NAND	15187
N15955	P1_R1150_U372	NAND	15188
N15956	P1_R1150_U373	NAND	15189
N15957	P1_R1150_U374	NAND	15190
N15958	P1_R1150_U375	NAND	15191
N15959	P1_R1150_U376	NAND	15192
N15960	P1_R1150_U377	NAND	15193
N15961	P1_R1150_U378	NAND	15194
N15962	P1_R1150_U379	NAND	15195
N15963	P1_R1150_U380	NAND	15196
N15964	P1_R1150_U381	NAND	15197
N15965	P1_R1150_U382	NAND	15198
N15966	P1_R1150_U383	NAND	15199
N15967	P1_R1150_U384	NAND	15200
N15968	P1_R1150_U385	NAND	15201
N15969	P1_R1150_U386	NAND	15202
N15970	P1_R1150_U387	NAND	15203
N15971	P1_R1150_U388	NAND	15204
N15972	P1_R1150_U389	NAND	15205
N15973	P1_R1150_U390	NAND	15206
N15974	P1_R1150_U391	NOT	15207
N15975	P1_R1150_U392	NAND	15208
N15976	P1_R1150_U393	NAND	15209
N15977	P1_R1150_U394	NAND	15210
N15978	P1_R1150_U395	NAND	15211
N15979	P1_R1150_U396	NAND	15212
N15980	P1_R1150_U397	NAND	15213
N15981	P1_R1150_U398	NAND	15214
N15982	P1_R1150_U399	NAND	15215
N15983	P1_R1150_U400	NAND	15216
N15984	P1_R1150_U401	NAND	15217
N15985	P1_R1150_U402	NAND	15218
N15986	P1_R1150_U403	NAND	15219
N15987	P1_R1150_U404	NAND	15220
N15988	P1_R1150_U405	NOT	15221
N15989	P1_R1150_U406	NAND	15222
N15990	P1_R1150_U407	NAND	15223
N15991	P1_R1150_U408	NAND	15224
N15992	P1_R1150_U409	NAND	15225
N15993	P1_R1150_U410	NOT	15226
N15994	P1_R1150_U411	NAND	15227
N15995	P1_R1150_U412	NAND	15228
N15996	P1_R1150_U413	NAND	15229
N15997	P1_R1150_U414	NAND	15230
N15998	P1_R1150_U415	NAND	15231
N15999	P1_R1150_U416	NAND	15232
N16000	P1_R1150_U417	NAND	15233
N16001	P1_R1150_U418	NAND	15234
N16002	P1_R1150_U419	NAND	15235
N16003	P1_R1150_U420	NAND	15236
N16004	P1_R1150_U421	NAND	15237
N16005	P1_R1150_U422	NAND	15238
N16006	P1_R1150_U423	NAND	15239
N16007	P1_R1150_U424	NAND	15240
N16008	P1_R1150_U425	NAND	15241
N16009	P1_R1150_U426	NOT	15242
N16010	P1_R1150_U427	NAND	15243
N16011	P1_R1150_U428	NAND	15244
N16012	P1_R1150_U429	NAND	15245
N16013	P1_R1150_U430	NAND	15246
N16014	P1_R1150_U431	NOT	15247
N16015	P1_R1150_U432	NAND	15248
N16016	P1_R1150_U433	NAND	15249
N16017	P1_R1150_U434	NAND	15250
N16018	P1_R1150_U435	NAND	15251
N16019	P1_R1150_U436	NOT	15252
N16020	P1_R1150_U437	NAND	15253
N16021	P1_R1150_U438	NAND	15254
N16022	P1_R1150_U439	NAND	15255
N16023	P1_R1150_U440	NAND	15256
N16024	P1_R1150_U441	NOT	15257
N16025	P1_R1150_U442	NAND	15258
N16026	P1_R1150_U443	NAND	15259
N16027	P1_R1150_U444	NAND	15260
N16028	P1_R1150_U445	NAND	15261
N16029	P1_R1150_U446	NOT	15262
N16030	P1_R1150_U447	NAND	15263
N16031	P1_R1150_U448	NAND	15264
N16032	P1_R1150_U449	NAND	15265
N16033	P1_R1150_U450	NAND	15266
N16034	P1_R1150_U451	NAND	15267
N16035	P1_R1150_U452	NAND	15268
N16036	P1_R1150_U453	NAND	15269
N16037	P1_R1150_U454	NAND	15270
N16038	P1_R1150_U455	NAND	15271
N16039	P1_R1150_U456	NAND	15272
N16040	P1_R1150_U457	NAND	15273
N16041	P1_R1150_U458	NAND	15274
N16042	P1_R1150_U459	NAND	15275
N16043	P1_R1150_U460	NAND	15276
N16044	P1_R1150_U461	NAND	15277
N16045	P1_R1150_U462	NOT	15278
N16046	P1_R1150_U463	NAND	15279
N16047	P1_R1150_U464	NAND	15280
N16048	P1_R1150_U465	NAND	15281
N16049	P1_R1150_U466	NAND	15282
N16050	P1_R1150_U467	NOT	15283
N16051	P1_R1150_U468	NAND	15284
N16052	P1_R1150_U469	NAND	15285
N16053	P1_R1150_U470	NAND	15286
N16054	P1_R1150_U471	NAND	15287
N16055	P1_R1150_U472	NAND	15288
N16056	P1_R1150_U473	NAND	15289
N16057	P1_R1150_U474	NAND	15290
N16058	P1_R1150_U475	NAND	15291
N16059	P1_R1150_U476	NAND	15292
N16060	P1_R1192_U6	AND	15293
N16061	P1_R1192_U7	AND	15294
N16062	P1_R1192_U8	AND	15295
N16063	P1_R1192_U9	AND	15296
N16064	P1_R1192_U10	AND	15297
N16065	P1_R1192_U11	AND	15298
N16066	P1_R1192_U12	AND	15299
N16067	P1_R1192_U13	NAND	15300
N16068	P1_R1192_U14	NAND	15301
N16069	P1_R1192_U15	NAND	15302
N16070	P1_R1192_U16	NAND	15303
N16071	P1_R1192_U17	NAND	15304
N16072	P1_R1192_U18	NAND	15305
N16073	P1_R1192_U19	NAND	15306
N16074	P1_R1192_U20	NAND	15307
N16075	P1_R1192_U21	NAND	15308
N16076	P1_R1192_U22	NOT	15309
N16077	P1_R1192_U23	NOT	15310
N16078	P1_R1192_U24	NOT	15311
N16079	P1_R1192_U25	NAND	15312
N16080	P1_R1192_U26	NOT	15313
N16081	P1_R1192_U27	NOT	15314
N16082	P1_R1192_U28	NOT	15315
N16083	P1_R1192_U29	NAND	15316
N16084	P1_R1192_U30	NOT	15317
N16085	P1_R1192_U31	NOT	15318
N16086	P1_R1192_U32	NOT	15319
N16087	P1_R1192_U33	NOT	15320
N16088	P1_R1192_U34	NOT	15321
N16089	P1_R1192_U35	NOT	15322
N16090	P1_R1192_U36	NOT	15323
N16091	P1_R1192_U37	NAND	15324
N16092	P1_R1192_U38	NOT	15325
N16093	P1_R1192_U39	NOT	15326
N16094	P1_R1192_U40	NAND	15327
N16095	P1_R1192_U41	NOT	15328
N16096	P1_R1192_U42	NOT	15329
N16097	P1_R1192_U43	NOT	15330
N16098	P1_R1192_U44	NAND	15331
N16099	P1_R1192_U45	NAND	15332
N16100	P1_R1192_U46	NAND	15333
N16101	P1_R1192_U47	NOT	15334
N16102	P1_R1192_U48	NOT	15335
N16103	P1_R1192_U49	NOT	15336
N16104	P1_R1192_U50	NOT	15337
N16105	P1_R1192_U51	NOT	15338
N16106	P1_R1192_U52	NOT	15339
N16107	P1_R1192_U53	NOT	15340
N16108	P1_R1192_U54	NAND	15341
N16109	P1_R1192_U55	NOT	15342
N16110	P1_R1192_U56	NOT	15343
N16111	P1_R1192_U57	NOT	15344
N16112	P1_R1192_U58	NOT	15345
N16113	P1_R1192_U59	NOT	15346
N16114	P1_R1192_U60	NOT	15347
N16115	P1_R1192_U61	NOT	15348
N16116	P1_R1192_U62	NOT	15349
N16117	P1_R1192_U63	NOT	15350
N16118	P1_R1192_U64	NAND	15351
N16119	P1_R1192_U65	NOT	15352
N16120	P1_R1192_U66	NOT	15353
N16121	P1_R1192_U67	NAND	15354
N16122	P1_R1192_U68	NOT	15355
N16123	P1_R1192_U69	NOT	15356
N16124	P1_R1192_U70	NOT	15357
N16125	P1_R1192_U71	NOT	15358
N16126	P1_R1192_U72	NOT	15359
N16127	P1_R1192_U73	NOT	15360
N16128	P1_R1192_U74	NOT	15361
N16129	P1_R1192_U75	NOT	15362
N16130	P1_R1192_U76	NOT	15363
N16131	P1_R1192_U77	NOT	15364
N16132	P1_R1192_U78	NAND	15365
N16133	P1_R1192_U79	NOT	15366
N16134	P1_R1192_U80	NOT	15367
N16135	P1_R1192_U81	NOT	15368
N16136	P1_R1192_U82	NOT	15369
N16137	P1_R1192_U83	NOT	15370
N16138	P1_R1192_U84	NOT	15371
N16139	P1_R1192_U85	NAND	15372
N16140	P1_R1192_U86	NOT	15373
N16141	P1_R1192_U87	NOT	15374
N16142	P1_R1192_U88	NOT	15375
N16143	P1_R1192_U89	NAND	15376
N16144	P1_R1192_U90	NAND	15377
N16145	P1_R1192_U91	NAND	15378
N16146	P1_R1192_U92	NAND	15379
N16147	P1_R1192_U93	NOT	15380
N16148	P1_R1192_U94	NAND	15381
N16149	P1_R1192_U95	NAND	15382
N16150	P1_R1192_U96	NAND	15383
N16151	P1_R1192_U97	NAND	15384
N16152	P1_R1192_U98	NAND	15385
N16153	P1_R1192_U99	NAND	15386
N16154	P1_R1192_U100	NAND	15387
N16155	P1_R1192_U101	NAND	15388
N16156	P1_R1192_U102	NAND	15389
N16157	P1_R1192_U103	NAND	15390
N16158	P1_R1192_U104	NAND	15391
N16159	P1_R1192_U105	NAND	15392
N16160	P1_R1192_U106	NAND	15393
N16161	P1_R1192_U107	NAND	15394
N16162	P1_R1192_U108	NAND	15395
N16163	P1_R1192_U109	NAND	15396
N16164	P1_R1192_U110	NAND	15397
N16165	P1_R1192_U111	NAND	15398
N16166	P1_R1192_U112	NAND	15399
N16167	P1_R1192_U113	NAND	15400
N16168	P1_R1192_U114	NAND	15401
N16169	P1_R1192_U115	AND	15402
N16170	P1_R1192_U116	AND	15403
N16171	P1_R1192_U117	AND	15404
N16172	P1_R1192_U118	AND	15405
N16173	P1_R1192_U119	AND	15406
N16174	P1_R1192_U120	AND	15407
N16175	P1_R1192_U121	AND	15408
N16176	P1_R1192_U122	AND	15409
N16177	P1_R1192_U123	AND	15410
N16178	P1_R1192_U124	AND	15411
N16179	P1_R1192_U125	AND	15412
N16180	P1_R1192_U126	AND	15413
N16181	P1_R1192_U127	AND	15414
N16182	P1_R1192_U128	AND	15415
N16183	P1_R1192_U129	AND	15416
N16184	P1_R1192_U130	AND	15417
N16185	P1_R1192_U131	NAND	15418
N16186	P1_R1192_U132	AND	15419
N16187	P1_R1192_U133	AND	15420
N16188	P1_R1192_U134	NAND	15421
N16189	P1_R1192_U135	NAND	15422
N16190	P1_R1192_U136	AND	15423
N16191	P1_R1192_U137	NAND	15424
N16192	P1_R1192_U138	NAND	15425
N16193	P1_R1192_U139	NAND	15426
N16194	P1_R1192_U140	NAND	15427
N16195	P1_R1192_U141	NAND	15428
N16196	P1_R1192_U142	AND	15429
N16197	P1_R1192_U143	NAND	15430
N16198	P1_R1192_U144	NAND	15431
N16199	P1_R1192_U145	AND	15432
N16200	P1_R1192_U146	AND	15433
N16201	P1_R1192_U147	AND	15434
N16202	P1_R1192_U148	NAND	15435
N16203	P1_R1192_U149	AND	15436
N16204	P1_R1192_U150	AND	15437
N16205	P1_R1192_U151	AND	15438
N16206	P1_R1192_U152	NAND	15439
N16207	P1_R1192_U153	AND	15440
N16208	P1_R1192_U154	NOT	15441
N16209	P1_R1192_U155	NOT	15442
N16210	P1_R1192_U156	AND	15443
N16211	P1_R1192_U157	NAND	15444
N16212	P1_R1192_U158	AND	15445
N16213	P1_R1192_U159	NAND	15446
N16214	P1_R1192_U160	NAND	15447
N16215	P1_R1192_U161	AND	15448
N16216	P1_R1192_U162	AND	15449
N16217	P1_R1192_U163	NAND	15450
N16218	P1_R1192_U164	NAND	15451
N16219	P1_R1192_U165	NOT	15452
N16220	P1_R1192_U166	NAND	15453
N16221	P1_R1192_U167	NOT	15454
N16222	P1_R1192_U168	NAND	15455
N16223	P1_R1192_U169	AND	15456
N16224	P1_R1192_U170	AND	15457
N16225	P1_R1192_U171	NAND	15458
N16226	P1_R1192_U172	NAND	15459
N16227	P1_R1192_U173	NAND	15460
N16228	P1_R1192_U174	AND	15461
N16229	P1_R1192_U175	NAND	15462
N16230	P1_R1192_U176	NOT	15463
N16231	P1_R1192_U177	NOT	15464
N16232	P1_R1192_U178	NOT	15465
N16233	P1_R1192_U179	NAND	15466
N16234	P1_R1192_U180	NAND	15467
N16235	P1_R1192_U181	NAND	15468
N16236	P1_R1192_U182	NAND	15469
N16237	P1_R1192_U183	NAND	15470
N16238	P1_R1192_U184	NAND	15471
N16239	P1_R1192_U185	NAND	15472
N16240	P1_R1192_U186	NOT	15473
N16241	P1_R1192_U187	NOT	15474
N16242	P1_R1192_U188	NOT	15475
N16243	P1_R1192_U189	NOT	15476
N16244	P1_R1192_U190	NOT	15477
N16245	P1_R1192_U191	NAND	15478
N16246	P1_R1192_U192	NAND	15479
N16247	P1_R1192_U193	NAND	15480
N16248	P1_R1192_U194	NOT	15481
N16249	P1_R1192_U195	NAND	15482
N16250	P1_R1192_U196	NAND	15483
N16251	P1_R1192_U197	NAND	15484
N16252	P1_R1192_U198	NAND	15485
N16253	P1_R1192_U199	NAND	15486
N16254	P1_R1192_U200	NOT	15487
N16255	P1_R1192_U201	NAND	15488
N16256	P1_R1192_U202	NAND	15489
N16257	P1_R1192_U203	NAND	15490
N16258	P1_R1192_U204	NAND	15491
N16259	P1_R1192_U205	NAND	15492
N16260	P1_R1192_U206	NAND	15493
N16261	P1_R1192_U207	NAND	15494
N16262	P1_R1192_U208	NAND	15495
N16263	P1_R1192_U209	NAND	15496
N16264	P1_R1192_U210	NOT	15497
N16265	P1_R1192_U211	NAND	15498
N16266	P1_R1192_U212	NAND	15499
N16267	P1_R1192_U213	NAND	15500
N16268	P1_R1192_U214	NAND	15501
N16269	P1_R1192_U215	NAND	15502
N16270	P1_R1192_U216	NOT	15503
N16271	P1_R1192_U217	NAND	15504
N16272	P1_R1192_U218	NAND	15505
N16273	P1_R1192_U219	NAND	15506
N16274	P1_R1192_U220	NAND	15507
N16275	P1_R1192_U221	NAND	15508
N16276	P1_R1192_U222	NAND	15509
N16277	P1_R1192_U223	NAND	15510
N16278	P1_R1192_U224	NAND	15511
N16279	P1_R1192_U225	NOT	15512
N16280	P1_R1192_U226	NAND	15513
N16281	P1_R1192_U227	NAND	15514
N16282	P1_R1192_U228	NAND	15515
N16283	P1_R1192_U229	NAND	15516
N16284	P1_R1192_U230	NAND	15517
N16285	P1_R1192_U231	NAND	15518
N16286	P1_R1192_U232	NAND	15519
N16287	P1_R1192_U233	NAND	15520
N16288	P1_R1192_U234	NAND	15521
N16289	P1_R1192_U235	NAND	15522
N16290	P1_R1192_U236	NAND	15523
N16291	P1_R1192_U237	NAND	15524
N16292	P1_R1192_U238	NAND	15525
N16293	P1_R1192_U239	NAND	15526
N16294	P1_R1192_U240	NAND	15527
N16295	P1_R1192_U241	NAND	15528
N16296	P1_R1192_U242	NAND	15529
N16297	P1_R1192_U243	NAND	15530
N16298	P1_R1192_U244	NAND	15531
N16299	P1_R1192_U245	NAND	15532
N16300	P1_R1192_U246	NAND	15533
N16301	P1_R1192_U247	NAND	15534
N16302	P1_R1192_U248	NOT	15535
N16303	P1_R1192_U249	NAND	15536
N16304	P1_R1192_U250	NAND	15537
N16305	P1_R1192_U251	NAND	15538
N16306	P1_R1192_U252	NOT	15539
N16307	P1_R1192_U253	NAND	15540
N16308	P1_R1192_U254	NAND	15541
N16309	P1_R1192_U255	NAND	15542
N16310	P1_R1192_U256	NOT	15543
N16311	P1_R1192_U257	NAND	15544
N16312	P1_R1192_U258	NAND	15545
N16313	P1_R1192_U259	NAND	15546
N16314	P1_R1192_U260	NAND	15547
N16315	P1_R1192_U261	NAND	15548
N16316	P1_R1192_U262	NAND	15549
N16317	P1_R1192_U263	NAND	15550
N16318	P1_R1192_U264	NAND	15551
N16319	P1_R1192_U265	NAND	15552
N16320	P1_R1192_U266	NOT	15553
N16321	P1_R1192_U267	NAND	15554
N16322	P1_R1192_U268	NAND	15555
N16323	P1_R1192_U269	NAND	15556
N16324	P1_R1192_U270	NOT	15557
N16325	P1_R1192_U271	NAND	15558
N16326	P1_R1192_U272	NAND	15559
N16327	P1_R1192_U273	NAND	15560
N16328	P1_R1192_U274	NOT	15561
N16329	P1_R1192_U275	NAND	15562
N16330	P1_R1192_U276	NAND	15563
N16331	P1_R1192_U277	NAND	15564
N16332	P1_R1192_U278	NOT	15565
N16333	P1_R1192_U279	NAND	15566
N16334	P1_R1192_U280	NAND	15567
N16335	P1_R1192_U281	NAND	15568
N16336	P1_R1192_U282	NOT	15569
N16337	P1_R1192_U283	NAND	15570
N16338	P1_R1192_U284	NAND	15571
N16339	P1_R1192_U285	NAND	15572
N16340	P1_R1192_U286	NAND	15573
N16341	P1_R1192_U287	NAND	15574
N16342	P1_R1192_U288	NAND	15575
N16343	P1_R1192_U289	NAND	15576
N16344	P1_R1192_U290	NAND	15577
N16345	P1_R1192_U291	NAND	15578
N16346	P1_R1192_U292	NOT	15579
N16347	P1_R1192_U293	NAND	15580
N16348	P1_R1192_U294	NAND	15581
N16349	P1_R1192_U295	NAND	15582
N16350	P1_R1192_U296	NOT	15583
N16351	P1_R1192_U297	NAND	15584
N16352	P1_R1192_U298	NAND	15585
N16353	P1_R1192_U299	NAND	15586
N16354	P1_R1192_U300	NOT	15587
N16355	P1_R1192_U301	NAND	15588
N16356	P1_R1192_U302	NAND	15589
N16357	P1_R1192_U303	NAND	15590
N16358	P1_R1192_U304	NAND	15591
N16359	P1_R1192_U305	NAND	15592
N16360	P1_R1192_U306	NOT	15593
N16361	P1_R1192_U307	NAND	15594
N16362	P1_R1192_U308	NAND	15595
N16363	P1_R1192_U309	NAND	15596
N16364	P1_R1192_U310	NAND	15597
N16365	P1_R1192_U311	NAND	15598
N16366	P1_R1192_U312	NAND	15599
N16367	P1_R1192_U313	NAND	15600
N16368	P1_R1192_U314	NAND	15601
N16369	P1_R1192_U315	NOT	15602
N16370	P1_R1192_U316	NAND	15603
N16371	P1_R1192_U317	NAND	15604
N16372	P1_R1192_U318	NAND	15605
N16373	P1_R1192_U319	NAND	15606
N16374	P1_R1192_U320	NAND	15607
N16375	P1_R1192_U321	NAND	15608
N16376	P1_R1192_U322	NAND	15609
N16377	P1_R1192_U323	NAND	15610
N16378	P1_R1192_U324	NAND	15611
N16379	P1_R1192_U325	NAND	15612
N16380	P1_R1192_U326	NOT	15613
N16381	P1_R1192_U327	NAND	15614
N16382	P1_R1192_U328	NAND	15615
N16383	P1_R1192_U329	NAND	15616
N16384	P1_R1192_U330	NAND	15617
N16385	P1_R1192_U331	NAND	15618
N16386	P1_R1192_U332	NAND	15619
N16387	P1_R1192_U333	NAND	15620
N16388	P1_R1192_U334	NAND	15621
N16389	P1_R1192_U335	NAND	15622
N16390	P1_R1192_U336	NAND	15623
N16391	P1_R1192_U337	NOT	15624
N16392	P1_R1192_U338	NAND	15625
N16393	P1_R1192_U339	NAND	15626
N16394	P1_R1192_U340	NAND	15627
N16395	P1_R1192_U341	NAND	15628
N16396	P1_R1192_U342	NAND	15629
N16397	P1_R1192_U343	NAND	15630
N16398	P1_R1192_U344	NAND	15631
N16399	P1_R1192_U345	NAND	15632
N16400	P1_R1192_U346	NAND	15633
N16401	P1_R1192_U347	NAND	15634
N16402	P1_R1192_U348	NAND	15635
N16403	P1_R1192_U349	NAND	15636
N16404	P1_R1192_U350	NAND	15637
N16405	P1_R1192_U351	NAND	15638
N16406	P1_R1192_U352	NAND	15639
N16407	P1_R1192_U353	NAND	15640
N16408	P1_R1192_U354	NAND	15641
N16409	P1_R1192_U355	NAND	15642
N16410	P1_R1192_U356	NAND	15643
N16411	P1_R1192_U357	NAND	15644
N16412	P1_R1192_U358	NAND	15645
N16413	P1_R1192_U359	NAND	15646
N16414	P1_R1192_U360	NAND	15647
N16415	P1_R1192_U361	NAND	15648
N16416	P1_R1192_U362	NAND	15649
N16417	P1_R1192_U363	NAND	15650
N16418	P1_R1192_U364	NAND	15651
N16419	P1_R1192_U365	NAND	15652
N16420	P1_R1192_U366	NAND	15653
N16421	P1_R1192_U367	NAND	15654
N16422	P1_R1192_U368	NAND	15655
N16423	P1_R1192_U369	NAND	15656
N16424	P1_R1192_U370	NAND	15657
N16425	P1_R1192_U371	NAND	15658
N16426	P1_R1192_U372	NAND	15659
N16427	P1_R1192_U373	NAND	15660
N16428	P1_R1192_U374	NAND	15661
N16429	P1_R1192_U375	NAND	15662
N16430	P1_R1192_U376	NAND	15663
N16431	P1_R1192_U377	NAND	15664
N16432	P1_R1192_U378	NAND	15665
N16433	P1_R1192_U379	NAND	15666
N16434	P1_R1192_U380	NAND	15667
N16435	P1_R1192_U381	NAND	15668
N16436	P1_R1192_U382	NAND	15669
N16437	P1_R1192_U383	NAND	15670
N16438	P1_R1192_U384	NAND	15671
N16439	P1_R1192_U385	NAND	15672
N16440	P1_R1192_U386	NAND	15673
N16441	P1_R1192_U387	NAND	15674
N16442	P1_R1192_U388	NAND	15675
N16443	P1_R1192_U389	NAND	15676
N16444	P1_R1192_U390	NAND	15677
N16445	P1_R1192_U391	NOT	15678
N16446	P1_R1192_U392	NAND	15679
N16447	P1_R1192_U393	NAND	15680
N16448	P1_R1192_U394	NAND	15681
N16449	P1_R1192_U395	NAND	15682
N16450	P1_R1192_U396	NAND	15683
N16451	P1_R1192_U397	NAND	15684
N16452	P1_R1192_U398	NAND	15685
N16453	P1_R1192_U399	NAND	15686
N16454	P1_R1192_U400	NAND	15687
N16455	P1_R1192_U401	NAND	15688
N16456	P1_R1192_U402	NAND	15689
N16457	P1_R1192_U403	NAND	15690
N16458	P1_R1192_U404	NAND	15691
N16459	P1_R1192_U405	NOT	15692
N16460	P1_R1192_U406	NAND	15693
N16461	P1_R1192_U407	NAND	15694
N16462	P1_R1192_U408	NAND	15695
N16463	P1_R1192_U409	NAND	15696
N16464	P1_R1192_U410	NOT	15697
N16465	P1_R1192_U411	NAND	15698
N16466	P1_R1192_U412	NAND	15699
N16467	P1_R1192_U413	NAND	15700
N16468	P1_R1192_U414	NAND	15701
N16469	P1_R1192_U415	NAND	15702
N16470	P1_R1192_U416	NAND	15703
N16471	P1_R1192_U417	NAND	15704
N16472	P1_R1192_U418	NAND	15705
N16473	P1_R1192_U419	NAND	15706
N16474	P1_R1192_U420	NAND	15707
N16475	P1_R1192_U421	NAND	15708
N16476	P1_R1192_U422	NAND	15709
N16477	P1_R1192_U423	NAND	15710
N16478	P1_R1192_U424	NAND	15711
N16479	P1_R1192_U425	NAND	15712
N16480	P1_R1192_U426	NOT	15713
N16481	P1_R1192_U427	NAND	15714
N16482	P1_R1192_U428	NAND	15715
N16483	P1_R1192_U429	NAND	15716
N16484	P1_R1192_U430	NAND	15717
N16485	P1_R1192_U431	NOT	15718
N16486	P1_R1192_U432	NAND	15719
N16487	P1_R1192_U433	NAND	15720
N16488	P1_R1192_U434	NAND	15721
N16489	P1_R1192_U435	NAND	15722
N16490	P1_R1192_U436	NOT	15723
N16491	P1_R1192_U437	NAND	15724
N16492	P1_R1192_U438	NAND	15725
N16493	P1_R1192_U439	NAND	15726
N16494	P1_R1192_U440	NAND	15727
N16495	P1_R1192_U441	NOT	15728
N16496	P1_R1192_U442	NAND	15729
N16497	P1_R1192_U443	NAND	15730
N16498	P1_R1192_U444	NAND	15731
N16499	P1_R1192_U445	NAND	15732
N16500	P1_R1192_U446	NOT	15733
N16501	P1_R1192_U447	NAND	15734
N16502	P1_R1192_U448	NAND	15735
N16503	P1_R1192_U449	NAND	15736
N16504	P1_R1192_U450	NAND	15737
N16505	P1_R1192_U451	NAND	15738
N16506	P1_R1192_U452	NAND	15739
N16507	P1_R1192_U453	NAND	15740
N16508	P1_R1192_U454	NAND	15741
N16509	P1_R1192_U455	NAND	15742
N16510	P1_R1192_U456	NAND	15743
N16511	P1_R1192_U457	NAND	15744
N16512	P1_R1192_U458	NAND	15745
N16513	P1_R1192_U459	NAND	15746
N16514	P1_R1192_U460	NAND	15747
N16515	P1_R1192_U461	NAND	15748
N16516	P1_R1192_U462	NOT	15749
N16517	P1_R1192_U463	NAND	15750
N16518	P1_R1192_U464	NAND	15751
N16519	P1_R1192_U465	NAND	15752
N16520	P1_R1192_U466	NAND	15753
N16521	P1_R1192_U467	NOT	15754
N16522	P1_R1192_U468	NAND	15755
N16523	P1_R1192_U469	NAND	15756
N16524	P1_R1192_U470	NAND	15757
N16525	P1_R1192_U471	NAND	15758
N16526	P1_R1192_U472	NAND	15759
N16527	P1_R1192_U473	NAND	15760
N16528	P1_R1192_U474	NAND	15761
N16529	P1_R1192_U475	NAND	15762
N16530	P1_R1192_U476	NAND	15763
N16531	P1_R1171_U4	AND	15764
N16532	P1_R1171_U5	AND	15765
N16533	P1_R1171_U6	AND	15766
N16534	P1_R1171_U7	AND	15767
N16535	P1_R1171_U8	AND	15768
N16536	P1_R1171_U9	AND	15769
N16537	P1_R1171_U10	AND	15770
N16538	P1_R1171_U11	AND	15771
N16539	P1_R1171_U12	AND	15772
N16540	P1_R1171_U13	AND	15773
N16541	P1_R1171_U14	AND	15774
N16542	P1_R1171_U15	AND	15775
N16543	P1_R1171_U16	AND	15776
N16544	P1_R1171_U17	AND	15777
N16545	P1_R1171_U18	AND	15778
N16546	P1_R1171_U19	AND	15779
N16547	P1_R1171_U20	NOT	15780
N16548	P1_R1171_U21	NOT	15781
N16549	P1_R1171_U22	NOT	15782
N16550	P1_R1171_U23	NAND	15783
N16551	P1_R1171_U24	NOT	15784
N16552	P1_R1171_U25	NOT	15785
N16553	P1_R1171_U26	NOT	15786
N16554	P1_R1171_U27	NOT	15787
N16555	P1_R1171_U28	NOT	15788
N16556	P1_R1171_U29	NOT	15789
N16557	P1_R1171_U30	NOT	15790
N16558	P1_R1171_U31	NOT	15791
N16559	P1_R1171_U32	NAND	15792
N16560	P1_R1171_U33	NOT	15793
N16561	P1_R1171_U34	NOT	15794
N16562	P1_R1171_U35	NAND	15795
N16563	P1_R1171_U36	NOT	15796
N16564	P1_R1171_U37	NOT	15797
N16565	P1_R1171_U38	NOT	15798
N16566	P1_R1171_U39	NOT	15799
N16567	P1_R1171_U40	NOT	15800
N16568	P1_R1171_U41	NAND	15801
N16569	P1_R1171_U42	NAND	15802
N16570	P1_R1171_U43	NAND	15803
N16571	P1_R1171_U44	NAND	15804
N16572	P1_R1171_U45	NAND	15805
N16573	P1_R1171_U46	NAND	15806
N16574	P1_R1171_U47	NOT	15807
N16575	P1_R1171_U48	NOT	15808
N16576	P1_R1171_U49	NOT	15809
N16577	P1_R1171_U50	NOT	15810
N16578	P1_R1171_U51	NOT	15811
N16579	P1_R1171_U52	NOT	15812
N16580	P1_R1171_U53	NOT	15813
N16581	P1_R1171_U54	NOT	15814
N16582	P1_R1171_U55	NOT	15815
N16583	P1_R1171_U56	NOT	15816
N16584	P1_R1171_U57	NOT	15817
N16585	P1_R1171_U58	NOT	15818
N16586	P1_R1171_U59	NOT	15819
N16587	P1_R1171_U60	NAND	15820
N16588	P1_R1171_U61	NOT	15821
N16589	P1_R1171_U62	NAND	15822
N16590	P1_R1171_U63	NOT	15823
N16591	P1_R1171_U64	NOT	15824
N16592	P1_R1171_U65	NOT	15825
N16593	P1_R1171_U66	NOT	15826
N16594	P1_R1171_U67	NOT	15827
N16595	P1_R1171_U68	NOT	15828
N16596	P1_R1171_U69	NAND	15829
N16597	P1_R1171_U70	NOT	15830
N16598	P1_R1171_U71	NOT	15831
N16599	P1_R1171_U72	NOT	15832
N16600	P1_R1171_U73	NOT	15833
N16601	P1_R1171_U74	NOT	15834
N16602	P1_R1171_U75	NOT	15835
N16603	P1_R1171_U76	NOT	15836
N16604	P1_R1171_U77	NOT	15837
N16605	P1_R1171_U78	NAND	15838
N16606	P1_R1171_U79	NOT	15839
N16607	P1_R1171_U80	NOT	15840
N16608	P1_R1171_U81	NAND	15841
N16609	P1_R1171_U82	NOT	15842
N16610	P1_R1171_U83	NOT	15843
N16611	P1_R1171_U84	NOT	15844
N16612	P1_R1171_U85	NOT	15845
N16613	P1_R1171_U86	NOT	15846
N16614	P1_R1171_U87	NAND	15847
N16615	P1_R1171_U88	NOT	15848
N16616	P1_R1171_U89	NOT	15849
N16617	P1_R1171_U90	NAND	15850
N16618	P1_R1171_U91	NOT	15851
N16619	P1_R1171_U92	NAND	15852
N16620	P1_R1171_U93	NAND	15853
N16621	P1_R1171_U94	NAND	15854
N16622	P1_R1171_U95	NAND	15855
N16623	P1_R1171_U96	NAND	15856
N16624	P1_R1171_U97	NAND	15857
N16625	P1_R1171_U98	NAND	15858
N16626	P1_R1171_U99	NAND	15859
N16627	P1_R1171_U100	NAND	15860
N16628	P1_R1171_U101	NAND	15861
N16629	P1_R1171_U102	NAND	15862
N16630	P1_R1171_U103	NAND	15863
N16631	P1_R1171_U104	NAND	15864
N16632	P1_R1171_U105	NAND	15865
N16633	P1_R1171_U106	NAND	15866
N16634	P1_R1171_U107	NAND	15867
N16635	P1_R1171_U108	NAND	15868
N16636	P1_R1171_U109	NAND	15869
N16637	P1_R1171_U110	NAND	15870
N16638	P1_R1171_U111	NAND	15871
N16639	P1_R1171_U112	NAND	15872
N16640	P1_R1171_U113	NAND	15873
N16641	P1_R1171_U114	NAND	15874
N16642	P1_R1171_U115	NAND	15875
N16643	P1_R1171_U116	AND	15876
N16644	P1_R1171_U117	AND	15877
N16645	P1_R1171_U118	AND	15878
N16646	P1_R1171_U119	AND	15879
N16647	P1_R1171_U120	AND	15880
N16648	P1_R1171_U121	AND	15881
N16649	P1_R1171_U122	AND	15882
N16650	P1_R1171_U123	AND	15883
N16651	P1_R1171_U124	AND	15884
N16652	P1_R1171_U125	AND	15885
N16653	P1_R1171_U126	AND	15886
N16654	P1_R1171_U127	AND	15887
N16655	P1_R1171_U128	AND	15888
N16656	P1_R1171_U129	AND	15889
N16657	P1_R1171_U130	AND	15890
N16658	P1_R1171_U131	AND	15891
N16659	P1_R1171_U132	AND	15892
N16660	P1_R1171_U133	AND	15893
N16661	P1_R1171_U134	AND	15894
N16662	P1_R1171_U135	AND	15895
N16663	P1_R1171_U136	AND	15896
N16664	P1_R1171_U137	AND	15897
N16665	P1_R1171_U138	AND	15898
N16666	P1_R1171_U139	AND	15899
N16667	P1_R1171_U140	NAND	15900
N16668	P1_R1171_U141	NAND	15901
N16669	P1_R1171_U142	NOT	15902
N16670	P1_R1171_U143	NOT	15903
N16671	P1_R1171_U144	AND	15904
N16672	P1_R1171_U145	NAND	15905
N16673	P1_R1171_U146	AND	15906
N16674	P1_R1171_U147	NAND	15907
N16675	P1_R1171_U148	AND	15908
N16676	P1_R1171_U149	NAND	15909
N16677	P1_R1171_U150	AND	15910
N16678	P1_R1171_U151	NAND	15911
N16679	P1_R1171_U152	AND	15912
N16680	P1_R1171_U153	NAND	15913
N16681	P1_R1171_U154	AND	15914
N16682	P1_R1171_U155	NAND	15915
N16683	P1_R1171_U156	AND	15916
N16684	P1_R1171_U157	AND	15917
N16685	P1_R1171_U158	NAND	15918
N16686	P1_R1171_U159	NAND	15919
N16687	P1_R1171_U160	AND	15920
N16688	P1_R1171_U161	NAND	15921
N16689	P1_R1171_U162	AND	15922
N16690	P1_R1171_U163	NAND	15923
N16691	P1_R1171_U164	NAND	15924
N16692	P1_R1171_U165	NAND	15925
N16693	P1_R1171_U166	NAND	15926
N16694	P1_R1171_U167	NOT	15927
N16695	P1_R1171_U168	NAND	15928
N16696	P1_R1171_U169	NAND	15929
N16697	P1_R1171_U170	NAND	15930
N16698	P1_R1171_U171	NOT	15931
N16699	P1_R1171_U172	NOT	15932
N16700	P1_R1171_U173	NAND	15933
N16701	P1_R1171_U174	NOT	15934
N16702	P1_R1171_U175	OR	15935
N16703	P1_R1171_U176	OR	15936
N16704	P1_R1171_U177	OR	15937
N16705	P1_R1171_U178	OR	15938
N16706	P1_R1171_U179	NOT	15939
N16707	P1_R1171_U180	OR	15940
N16708	P1_R1171_U181	NOT	15941
N16709	P1_R1171_U182	NOT	15942
N16710	P1_R1171_U183	NAND	15943
N16711	P1_R1171_U184	NAND	15944
N16712	P1_R1171_U185	NAND	15945
N16713	P1_R1171_U186	NAND	15946
N16714	P1_R1171_U187	NAND	15947
N16715	P1_R1171_U188	NAND	15948
N16716	P1_R1171_U189	NAND	15949
N16717	P1_R1171_U190	NAND	15950
N16718	P1_R1171_U191	NAND	15951
N16719	P1_R1171_U192	NOT	15952
N16720	P1_R1171_U193	OR	15953
N16721	P1_R1171_U194	OR	15954
N16722	P1_R1171_U195	NOT	15955
N16723	P1_R1171_U196	NAND	15956
N16724	P1_R1171_U197	NAND	15957
N16725	P1_R1171_U198	NAND	15958
N16726	P1_R1171_U199	NAND	15959
N16727	P1_R1171_U200	NOT	15960
N16728	P1_R1171_U201	OR	15961
N16729	P1_R1171_U202	NAND	15962
N16730	P1_R1171_U203	NOT	15963
N16731	P1_R1171_U204	OR	15964
N16732	P1_R1171_U205	OR	15965
N16733	P1_R1171_U206	NAND	15966
N16734	P1_R1171_U207	NAND	15967
N16735	P1_R1171_U208	NAND	15968
N16736	P1_R1171_U209	NAND	15969
N16737	P1_R1171_U210	NAND	15970
N16738	P1_R1171_U211	OR	15971
N16739	P1_R1171_U212	NAND	15972
N16740	P1_R1171_U213	NAND	15973
N16741	P1_R1171_U214	NOT	15974
N16742	P1_R1171_U215	NAND	15975
N16743	P1_R1171_U216	NAND	15976
N16744	P1_R1171_U217	NAND	15977
N16745	P1_R1171_U218	NOT	15978
N16746	P1_R1171_U219	OR	15979
N16747	P1_R1171_U220	NAND	15980
N16748	P1_R1171_U221	NAND	15981
N16749	P1_R1171_U222	NAND	15982
N16750	P1_R1171_U223	NAND	15983
N16751	P1_R1171_U224	NAND	15984
N16752	P1_R1171_U225	OR	15985
N16753	P1_R1171_U226	NAND	15986
N16754	P1_R1171_U227	NOT	15987
N16755	P1_R1171_U228	NAND	15988
N16756	P1_R1171_U229	NAND	15989
N16757	P1_R1171_U230	NAND	15990
N16758	P1_R1171_U231	NAND	15991
N16759	P1_R1171_U232	NAND	15992
N16760	P1_R1171_U233	OR	15993
N16761	P1_R1171_U234	OR	15994
N16762	P1_R1171_U235	NAND	15995
N16763	P1_R1171_U236	NAND	15996
N16764	P1_R1171_U237	NAND	15997
N16765	P1_R1171_U238	OR	15998
N16766	P1_R1171_U239	NAND	15999
N16767	P1_R1171_U240	NAND	16000
N16768	P1_R1171_U241	NOT	16001
N16769	P1_R1171_U242	OR	16002
N16770	P1_R1171_U243	OR	16003
N16771	P1_R1171_U244	NAND	16004
N16772	P1_R1171_U245	NAND	16005
N16773	P1_R1171_U246	NAND	16006
N16774	P1_R1171_U247	OR	16007
N16775	P1_R1171_U248	OR	16008
N16776	P1_R1171_U249	NAND	16009
N16777	P1_R1171_U250	NAND	16010
N16778	P1_R1171_U251	NOT	16011
N16779	P1_R1171_U252	OR	16012
N16780	P1_R1171_U253	NAND	16013
N16781	P1_R1171_U254	NAND	16014
N16782	P1_R1171_U255	NOT	16015
N16783	P1_R1171_U256	OR	16016
N16784	P1_R1171_U257	NAND	16017
N16785	P1_R1171_U258	NAND	16018
N16786	P1_R1171_U259	NOT	16019
N16787	P1_R1171_U260	OR	16020
N16788	P1_R1171_U261	OR	16021
N16789	P1_R1171_U262	NOT	16022
N16790	P1_R1171_U263	NAND	16023
N16791	P1_R1171_U264	NAND	16024
N16792	P1_R1171_U265	NAND	16025
N16793	P1_R1171_U266	NAND	16026
N16794	P1_R1171_U267	NOT	16027
N16795	P1_R1171_U268	OR	16028
N16796	P1_R1171_U269	OR	16029
N16797	P1_R1171_U270	OR	16030
N16798	P1_R1171_U271	NOT	16031
N16799	P1_R1171_U272	NAND	16032
N16800	P1_R1171_U273	NAND	16033
N16801	P1_R1171_U274	NAND	16034
N16802	P1_R1171_U275	NAND	16035
N16803	P1_R1171_U276	NAND	16036
N16804	P1_R1171_U277	NAND	16037
N16805	P1_R1171_U278	NAND	16038
N16806	P1_R1171_U279	OR	16039
N16807	P1_R1171_U280	OR	16040
N16808	P1_R1171_U281	NAND	16041
N16809	P1_R1171_U282	NAND	16042
N16810	P1_R1171_U283	NOT	16043
N16811	P1_R1171_U284	OR	16044
N16812	P1_R1171_U285	NAND	16045
N16813	P1_R1171_U286	NAND	16046
N16814	P1_R1171_U287	NOT	16047
N16815	P1_R1171_U288	OR	16048
N16816	P1_R1171_U289	NAND	16049
N16817	P1_R1171_U290	NAND	16050
N16818	P1_R1171_U291	NOT	16051
N16819	P1_R1171_U292	OR	16052
N16820	P1_R1171_U293	NAND	16053
N16821	P1_R1171_U294	NOT	16054
N16822	P1_R1171_U295	OR	16055
N16823	P1_R1171_U296	NAND	16056
N16824	P1_R1171_U297	NOT	16057
N16825	P1_R1171_U298	OR	16058
N16826	P1_R1171_U299	NAND	16059
N16827	P1_R1171_U300	NOT	16060
N16828	P1_R1171_U301	NAND	16061
N16829	P1_R1171_U302	NOT	16062
N16830	P1_R1171_U303	NAND	16063
N16831	P1_R1171_U304	NOT	16064
N16832	P1_R1171_U305	OR	16065
N16833	P1_R1171_U306	NAND	16066
N16834	P1_R1171_U307	NAND	16067
N16835	P1_R1171_U308	NAND	16068
N16836	P1_R1171_U309	NAND	16069
N16837	P1_R1171_U310	NAND	16070
N16838	P1_R1171_U311	OR	16071
N16839	P1_R1171_U312	NAND	16072
N16840	P1_R1171_U313	NOT	16073
N16841	P1_R1171_U314	NAND	16074
N16842	P1_R1171_U315	NAND	16075
N16843	P1_R1171_U316	NAND	16076
N16844	P1_R1171_U317	NAND	16077
N16845	P1_R1171_U318	OR	16078
N16846	P1_R1171_U319	NAND	16079
N16847	P1_R1171_U320	NAND	16080
N16848	P1_R1171_U321	NAND	16081
N16849	P1_R1171_U322	NAND	16082
N16850	P1_R1171_U323	NAND	16083
N16851	P1_R1171_U324	OR	16084
N16852	P1_R1171_U325	NOT	16085
N16853	P1_R1171_U326	OR	16086
N16854	P1_R1171_U327	OR	16087
N16855	P1_R1171_U328	NAND	16088
N16856	P1_R1171_U329	NAND	16089
N16857	P1_R1171_U330	NAND	16090
N16858	P1_R1171_U331	NAND	16091
N16859	P1_R1171_U332	NAND	16092
N16860	P1_R1171_U333	OR	16093
N16861	P1_R1171_U334	NAND	16094
N16862	P1_R1171_U335	NOT	16095
N16863	P1_R1171_U336	OR	16096
N16864	P1_R1171_U337	NAND	16097
N16865	P1_R1171_U338	NAND	16098
N16866	P1_R1171_U339	NAND	16099
N16867	P1_R1171_U340	NAND	16100
N16868	P1_R1171_U341	NAND	16101
N16869	P1_R1171_U342	OR	16102
N16870	P1_R1171_U343	OR	16103
N16871	P1_R1171_U344	NAND	16104
N16872	P1_R1171_U345	NAND	16105
N16873	P1_R1171_U346	NAND	16106
N16874	P1_R1171_U347	NAND	16107
N16875	P1_R1171_U348	NAND	16108
N16876	P1_R1171_U349	NAND	16109
N16877	P1_R1171_U350	NAND	16110
N16878	P1_R1171_U351	NAND	16111
N16879	P1_R1171_U352	NAND	16112
N16880	P1_R1171_U353	NAND	16113
N16881	P1_R1171_U354	NAND	16114
N16882	P1_R1171_U355	NAND	16115
N16883	P1_R1171_U356	NAND	16116
N16884	P1_R1171_U357	NAND	16117
N16885	P1_R1171_U358	NAND	16118
N16886	P1_R1171_U359	NAND	16119
N16887	P1_R1171_U360	NAND	16120
N16888	P1_R1171_U361	NAND	16121
N16889	P1_R1171_U362	NAND	16122
N16890	P1_R1171_U363	NAND	16123
N16891	P1_R1171_U364	NAND	16124
N16892	P1_R1171_U365	NAND	16125
N16893	P1_R1171_U366	NAND	16126
N16894	P1_R1171_U367	NAND	16127
N16895	P1_R1171_U368	NAND	16128
N16896	P1_R1171_U369	NAND	16129
N16897	P1_R1171_U370	NAND	16130
N16898	P1_R1171_U371	NAND	16131
N16899	P1_R1171_U372	NAND	16132
N16900	P1_R1171_U373	NAND	16133
N16901	P1_R1171_U374	NAND	16134
N16902	P1_R1171_U375	NAND	16135
N16903	P1_R1171_U376	NAND	16136
N16904	P1_R1171_U377	NAND	16137
N16905	P1_R1171_U378	NAND	16138
N16906	P1_R1171_U379	NAND	16139
N16907	P1_R1171_U380	NAND	16140
N16908	P1_R1171_U381	NAND	16141
N16909	P1_R1171_U382	NAND	16142
N16910	P1_R1171_U383	NAND	16143
N16911	P1_R1171_U384	NAND	16144
N16912	P1_R1171_U385	NAND	16145
N16913	P1_R1171_U386	NAND	16146
N16914	P1_R1171_U387	NAND	16147
N16915	P1_R1171_U388	NAND	16148
N16916	P1_R1171_U389	NAND	16149
N16917	P1_R1171_U390	NAND	16150
N16918	P1_R1171_U391	NAND	16151
N16919	P1_R1171_U392	NAND	16152
N16920	P1_R1171_U393	NAND	16153
N16921	P1_R1171_U394	NAND	16154
N16922	P1_R1171_U395	NAND	16155
N16923	P1_R1171_U396	NAND	16156
N16924	P1_R1171_U397	NAND	16157
N16925	P1_R1171_U398	NAND	16158
N16926	P1_R1171_U399	NAND	16159
N16927	P1_R1171_U400	NAND	16160
N16928	P1_R1171_U401	NAND	16161
N16929	P1_R1171_U402	NAND	16162
N16930	P1_R1171_U403	NAND	16163
N16931	P1_R1171_U404	NAND	16164
N16932	P1_R1171_U405	NAND	16165
N16933	P1_R1171_U406	NAND	16166
N16934	P1_R1171_U407	NAND	16167
N16935	P1_R1171_U408	NAND	16168
N16936	P1_R1171_U409	NAND	16169
N16937	P1_R1171_U410	NAND	16170
N16938	P1_R1171_U411	NAND	16171
N16939	P1_R1171_U412	NAND	16172
N16940	P1_R1171_U413	NAND	16173
N16941	P1_R1171_U414	NAND	16174
N16942	P1_R1171_U415	NAND	16175
N16943	P1_R1171_U416	NAND	16176
N16944	P1_R1171_U417	NAND	16177
N16945	P1_R1171_U418	NAND	16178
N16946	P1_R1171_U419	NAND	16179
N16947	P1_R1171_U420	NAND	16180
N16948	P1_R1171_U421	NAND	16181
N16949	P1_R1171_U422	NAND	16182
N16950	P1_R1171_U423	NAND	16183
N16951	P1_R1171_U424	NAND	16184
N16952	P1_R1171_U425	NAND	16185
N16953	P1_R1171_U426	NAND	16186
N16954	P1_R1171_U427	NAND	16187
N16955	P1_R1171_U428	NAND	16188
N16956	P1_R1171_U429	NAND	16189
N16957	P1_R1171_U430	NAND	16190
N16958	P1_R1171_U431	NAND	16191
N16959	P1_R1171_U432	NAND	16192
N16960	P1_R1171_U433	NAND	16193
N16961	P1_R1171_U434	NAND	16194
N16962	P1_R1171_U435	NAND	16195
N16963	P1_R1171_U436	NAND	16196
N16964	P1_R1171_U437	NAND	16197
N16965	P1_R1171_U438	NAND	16198
N16966	P1_R1171_U439	NAND	16199
N16967	P1_R1171_U440	NAND	16200
N16968	P1_R1171_U441	NAND	16201
N16969	P1_R1171_U442	NAND	16202
N16970	P1_R1171_U443	NAND	16203
N16971	P1_R1171_U444	NAND	16204
N16972	P1_R1171_U445	NAND	16205
N16973	P1_R1171_U446	NAND	16206
N16974	P1_R1171_U447	NAND	16207
N16975	P1_R1171_U448	NAND	16208
N16976	P1_R1171_U449	NAND	16209
N16977	P1_R1171_U450	NAND	16210
N16978	P1_R1171_U451	NAND	16211
N16979	P1_R1171_U452	NAND	16212
N16980	P1_R1171_U453	NAND	16213
N16981	P1_R1171_U454	NAND	16214
N16982	P1_R1171_U455	NAND	16215
N16983	P1_R1171_U456	NAND	16216
N16984	P1_R1171_U457	NAND	16217
N16985	P1_R1171_U458	NAND	16218
N16986	P1_R1171_U459	NAND	16219
N16987	P1_R1171_U460	NAND	16220
N16988	P1_R1171_U461	NAND	16221
N16989	P1_R1171_U462	NAND	16222
N16990	P1_R1171_U463	NAND	16223
N16991	P1_R1171_U464	NAND	16224
N16992	P1_R1171_U465	NAND	16225
N16993	P1_R1171_U466	NAND	16226
N16994	P1_R1171_U467	NAND	16227
N16995	P1_R1171_U468	NAND	16228
N16996	P1_R1171_U469	NAND	16229
N16997	P1_R1171_U470	NAND	16230
N16998	P1_R1171_U471	NAND	16231
N16999	P1_R1171_U472	NAND	16232
N17000	P1_R1171_U473	NAND	16233
N17001	P1_R1171_U474	NAND	16234
N17002	P1_R1171_U475	NAND	16235
N17003	P1_R1171_U476	NAND	16236
N17004	P1_R1171_U477	NAND	16237
N17005	P1_R1171_U478	NAND	16238
N17006	P1_R1171_U479	NAND	16239
N17007	P1_R1171_U480	NAND	16240
N17008	P1_R1171_U481	NAND	16241
N17009	P1_R1171_U482	NAND	16242
N17010	P1_R1171_U483	NAND	16243
N17011	P1_R1171_U484	NAND	16244
N17012	P1_R1171_U485	NAND	16245
N17013	P1_R1171_U486	NAND	16246
N17014	P1_R1171_U487	NAND	16247
N17015	P1_R1171_U488	NAND	16248
N17016	P1_R1171_U489	NAND	16249
N17017	P1_R1171_U490	NAND	16250
N17018	P1_R1171_U491	NAND	16251
N17019	P1_R1171_U492	NAND	16252
N17020	P1_R1171_U493	NAND	16253
N17021	P1_R1171_U494	NAND	16254
N17022	P1_R1171_U495	NAND	16255
N17023	P1_R1171_U496	NAND	16256
N17024	P1_R1171_U497	NAND	16257
N17025	P1_R1171_U498	NAND	16258
N17026	P1_R1171_U499	NAND	16259
N17027	P1_R1171_U500	NAND	16260
N17028	P1_R1171_U501	NAND	16261
N17029	P1_R1138_U4	AND	16262
N17030	P1_R1138_U5	AND	16263
N17031	P1_R1138_U6	AND	16264
N17032	P1_R1138_U7	AND	16265
N17033	P1_R1138_U8	AND	16266
N17034	P1_R1138_U9	AND	16267
N17035	P1_R1138_U10	AND	16268
N17036	P1_R1138_U11	AND	16269
N17037	P1_R1138_U12	AND	16270
N17038	P1_R1138_U13	AND	16271
N17039	P1_R1138_U14	AND	16272
N17040	P1_R1138_U15	AND	16273
N17041	P1_R1138_U16	AND	16274
N17042	P1_R1138_U17	AND	16275
N17043	P1_R1138_U18	AND	16276
N17044	P1_R1138_U19	AND	16277
N17045	P1_R1138_U20	NOT	16278
N17046	P1_R1138_U21	NOT	16279
N17047	P1_R1138_U22	NOT	16280
N17048	P1_R1138_U23	NAND	16281
N17049	P1_R1138_U24	NOT	16282
N17050	P1_R1138_U25	NOT	16283
N17051	P1_R1138_U26	NOT	16284
N17052	P1_R1138_U27	NOT	16285
N17053	P1_R1138_U28	NOT	16286
N17054	P1_R1138_U29	NOT	16287
N17055	P1_R1138_U30	NOT	16288
N17056	P1_R1138_U31	NOT	16289
N17057	P1_R1138_U32	NAND	16290
N17058	P1_R1138_U33	NOT	16291
N17059	P1_R1138_U34	NOT	16292
N17060	P1_R1138_U35	NAND	16293
N17061	P1_R1138_U36	NOT	16294
N17062	P1_R1138_U37	NOT	16295
N17063	P1_R1138_U38	NOT	16296
N17064	P1_R1138_U39	NOT	16297
N17065	P1_R1138_U40	NOT	16298
N17066	P1_R1138_U41	NAND	16299
N17067	P1_R1138_U42	NAND	16300
N17068	P1_R1138_U43	NAND	16301
N17069	P1_R1138_U44	NAND	16302
N17070	P1_R1138_U45	NAND	16303
N17071	P1_R1138_U46	NAND	16304
N17072	P1_R1138_U47	NOT	16305
N17073	P1_R1138_U48	NOT	16306
N17074	P1_R1138_U49	NOT	16307
N17075	P1_R1138_U50	NOT	16308
N17076	P1_R1138_U51	NOT	16309
N17077	P1_R1138_U52	NOT	16310
N17078	P1_R1138_U53	NOT	16311
N17079	P1_R1138_U54	NOT	16312
N17080	P1_R1138_U55	NOT	16313
N17081	P1_R1138_U56	NOT	16314
N17082	P1_R1138_U57	NOT	16315
N17083	P1_R1138_U58	NOT	16316
N17084	P1_R1138_U59	NOT	16317
N17085	P1_R1138_U60	NAND	16318
N17086	P1_R1138_U61	NOT	16319
N17087	P1_R1138_U62	NAND	16320
N17088	P1_R1138_U63	NOT	16321
N17089	P1_R1138_U64	NOT	16322
N17090	P1_R1138_U65	NOT	16323
N17091	P1_R1138_U66	NOT	16324
N17092	P1_R1138_U67	NOT	16325
N17093	P1_R1138_U68	NOT	16326
N17094	P1_R1138_U69	NAND	16327
N17095	P1_R1138_U70	NOT	16328
N17096	P1_R1138_U71	NOT	16329
N17097	P1_R1138_U72	NOT	16330
N17098	P1_R1138_U73	NOT	16331
N17099	P1_R1138_U74	NOT	16332
N17100	P1_R1138_U75	NOT	16333
N17101	P1_R1138_U76	NOT	16334
N17102	P1_R1138_U77	NOT	16335
N17103	P1_R1138_U78	NAND	16336
N17104	P1_R1138_U79	NOT	16337
N17105	P1_R1138_U80	NOT	16338
N17106	P1_R1138_U81	NAND	16339
N17107	P1_R1138_U82	NOT	16340
N17108	P1_R1138_U83	NOT	16341
N17109	P1_R1138_U84	NOT	16342
N17110	P1_R1138_U85	NOT	16343
N17111	P1_R1138_U86	NOT	16344
N17112	P1_R1138_U87	NAND	16345
N17113	P1_R1138_U88	NOT	16346
N17114	P1_R1138_U89	NOT	16347
N17115	P1_R1138_U90	NAND	16348
N17116	P1_R1138_U91	NOT	16349
N17117	P1_R1138_U92	NAND	16350
N17118	P1_R1138_U93	NAND	16351
N17119	P1_R1138_U94	NAND	16352
N17120	P1_R1138_U95	NAND	16353
N17121	P1_R1138_U96	NAND	16354
N17122	P1_R1138_U97	NAND	16355
N17123	P1_R1138_U98	NAND	16356
N17124	P1_R1138_U99	NAND	16357
N17125	P1_R1138_U100	NAND	16358
N17126	P1_R1138_U101	NAND	16359
N17127	P1_R1138_U102	NAND	16360
N17128	P1_R1138_U103	NAND	16361
N17129	P1_R1138_U104	NAND	16362
N17130	P1_R1138_U105	NAND	16363
N17131	P1_R1138_U106	NAND	16364
N17132	P1_R1138_U107	NAND	16365
N17133	P1_R1138_U108	NAND	16366
N17134	P1_R1138_U109	NAND	16367
N17135	P1_R1138_U110	NAND	16368
N17136	P1_R1138_U111	NAND	16369
N17137	P1_R1138_U112	NAND	16370
N17138	P1_R1138_U113	NAND	16371
N17139	P1_R1138_U114	NAND	16372
N17140	P1_R1138_U115	NAND	16373
N17141	P1_R1138_U116	AND	16374
N17142	P1_R1138_U117	AND	16375
N17143	P1_R1138_U118	AND	16376
N17144	P1_R1138_U119	AND	16377
N17145	P1_R1138_U120	AND	16378
N17146	P1_R1138_U121	AND	16379
N17147	P1_R1138_U122	AND	16380
N17148	P1_R1138_U123	AND	16381
N17149	P1_R1138_U124	AND	16382
N17150	P1_R1138_U125	AND	16383
N17151	P1_R1138_U126	AND	16384
N17152	P1_R1138_U127	AND	16385
N17153	P1_R1138_U128	AND	16386
N17154	P1_R1138_U129	AND	16387
N17155	P1_R1138_U130	AND	16388
N17156	P1_R1138_U131	AND	16389
N17157	P1_R1138_U132	AND	16390
N17158	P1_R1138_U133	AND	16391
N17159	P1_R1138_U134	AND	16392
N17160	P1_R1138_U135	AND	16393
N17161	P1_R1138_U136	AND	16394
N17162	P1_R1138_U137	AND	16395
N17163	P1_R1138_U138	AND	16396
N17164	P1_R1138_U139	AND	16397
N17165	P1_R1138_U140	NAND	16398
N17166	P1_R1138_U141	NAND	16399
N17167	P1_R1138_U142	NOT	16400
N17168	P1_R1138_U143	NOT	16401
N17169	P1_R1138_U144	AND	16402
N17170	P1_R1138_U145	NAND	16403
N17171	P1_R1138_U146	AND	16404
N17172	P1_R1138_U147	NAND	16405
N17173	P1_R1138_U148	AND	16406
N17174	P1_R1138_U149	NAND	16407
N17175	P1_R1138_U150	AND	16408
N17176	P1_R1138_U151	NAND	16409
N17177	P1_R1138_U152	AND	16410
N17178	P1_R1138_U153	NAND	16411
N17179	P1_R1138_U154	AND	16412
N17180	P1_R1138_U155	NAND	16413
N17181	P1_R1138_U156	AND	16414
N17182	P1_R1138_U157	AND	16415
N17183	P1_R1138_U158	NAND	16416
N17184	P1_R1138_U159	NAND	16417
N17185	P1_R1138_U160	AND	16418
N17186	P1_R1138_U161	NAND	16419
N17187	P1_R1138_U162	AND	16420
N17188	P1_R1138_U163	NAND	16421
N17189	P1_R1138_U164	NAND	16422
N17190	P1_R1138_U165	NAND	16423
N17191	P1_R1138_U166	NAND	16424
N17192	P1_R1138_U167	NOT	16425
N17193	P1_R1138_U168	NAND	16426
N17194	P1_R1138_U169	NAND	16427
N17195	P1_R1138_U170	NAND	16428
N17196	P1_R1138_U171	NOT	16429
N17197	P1_R1138_U172	NOT	16430
N17198	P1_R1138_U173	NAND	16431
N17199	P1_R1138_U174	NOT	16432
N17200	P1_R1138_U175	OR	16433
N17201	P1_R1138_U176	OR	16434
N17202	P1_R1138_U177	OR	16435
N17203	P1_R1138_U178	OR	16436
N17204	P1_R1138_U179	NOT	16437
N17205	P1_R1138_U180	OR	16438
N17206	P1_R1138_U181	NOT	16439
N17207	P1_R1138_U182	NOT	16440
N17208	P1_R1138_U183	NAND	16441
N17209	P1_R1138_U184	NAND	16442
N17210	P1_R1138_U185	NAND	16443
N17211	P1_R1138_U186	NAND	16444
N17212	P1_R1138_U187	NAND	16445
N17213	P1_R1138_U188	NAND	16446
N17214	P1_R1138_U189	NAND	16447
N17215	P1_R1138_U190	NAND	16448
N17216	P1_R1138_U191	NAND	16449
N17217	P1_R1138_U192	NOT	16450
N17218	P1_R1138_U193	OR	16451
N17219	P1_R1138_U194	OR	16452
N17220	P1_R1138_U195	NOT	16453
N17221	P1_R1138_U196	NAND	16454
N17222	P1_R1138_U197	NAND	16455
N17223	P1_R1138_U198	NAND	16456
N17224	P1_R1138_U199	NAND	16457
N17225	P1_R1138_U200	NOT	16458
N17226	P1_R1138_U201	OR	16459
N17227	P1_R1138_U202	NAND	16460
N17228	P1_R1138_U203	NOT	16461
N17229	P1_R1138_U204	OR	16462
N17230	P1_R1138_U205	OR	16463
N17231	P1_R1138_U206	NAND	16464
N17232	P1_R1138_U207	NAND	16465
N17233	P1_R1138_U208	NAND	16466
N17234	P1_R1138_U209	NAND	16467
N17235	P1_R1138_U210	NAND	16468
N17236	P1_R1138_U211	OR	16469
N17237	P1_R1138_U212	NAND	16470
N17238	P1_R1138_U213	NAND	16471
N17239	P1_R1138_U214	NOT	16472
N17240	P1_R1138_U215	NAND	16473
N17241	P1_R1138_U216	NAND	16474
N17242	P1_R1138_U217	NAND	16475
N17243	P1_R1138_U218	NOT	16476
N17244	P1_R1138_U219	OR	16477
N17245	P1_R1138_U220	NAND	16478
N17246	P1_R1138_U221	NAND	16479
N17247	P1_R1138_U222	NAND	16480
N17248	P1_R1138_U223	NAND	16481
N17249	P1_R1138_U224	NAND	16482
N17250	P1_R1138_U225	OR	16483
N17251	P1_R1138_U226	NAND	16484
N17252	P1_R1138_U227	NOT	16485
N17253	P1_R1138_U228	NAND	16486
N17254	P1_R1138_U229	NAND	16487
N17255	P1_R1138_U230	NAND	16488
N17256	P1_R1138_U231	NAND	16489
N17257	P1_R1138_U232	NAND	16490
N17258	P1_R1138_U233	OR	16491
N17259	P1_R1138_U234	OR	16492
N17260	P1_R1138_U235	NAND	16493
N17261	P1_R1138_U236	NAND	16494
N17262	P1_R1138_U237	NAND	16495
N17263	P1_R1138_U238	OR	16496
N17264	P1_R1138_U239	NAND	16497
N17265	P1_R1138_U240	NAND	16498
N17266	P1_R1138_U241	NOT	16499
N17267	P1_R1138_U242	OR	16500
N17268	P1_R1138_U243	OR	16501
N17269	P1_R1138_U244	NAND	16502
N17270	P1_R1138_U245	NAND	16503
N17271	P1_R1138_U246	NAND	16504
N17272	P1_R1138_U247	OR	16505
N17273	P1_R1138_U248	OR	16506
N17274	P1_R1138_U249	NAND	16507
N17275	P1_R1138_U250	NAND	16508
N17276	P1_R1138_U251	NOT	16509
N17277	P1_R1138_U252	OR	16510
N17278	P1_R1138_U253	NAND	16511
N17279	P1_R1138_U254	NAND	16512
N17280	P1_R1138_U255	NOT	16513
N17281	P1_R1138_U256	OR	16514
N17282	P1_R1138_U257	NAND	16515
N17283	P1_R1138_U258	NAND	16516
N17284	P1_R1138_U259	NOT	16517
N17285	P1_R1138_U260	OR	16518
N17286	P1_R1138_U261	OR	16519
N17287	P1_R1138_U262	NOT	16520
N17288	P1_R1138_U263	NAND	16521
N17289	P1_R1138_U264	NAND	16522
N17290	P1_R1138_U265	NAND	16523
N17291	P1_R1138_U266	NAND	16524
N17292	P1_R1138_U267	NOT	16525
N17293	P1_R1138_U268	OR	16526
N17294	P1_R1138_U269	OR	16527
N17295	P1_R1138_U270	OR	16528
N17296	P1_R1138_U271	NOT	16529
N17297	P1_R1138_U272	NAND	16530
N17298	P1_R1138_U273	NAND	16531
N17299	P1_R1138_U274	NAND	16532
N17300	P1_R1138_U275	NAND	16533
N17301	P1_R1138_U276	NAND	16534
N17302	P1_R1138_U277	NAND	16535
N17303	P1_R1138_U278	NAND	16536
N17304	P1_R1138_U279	OR	16537
N17305	P1_R1138_U280	OR	16538
N17306	P1_R1138_U281	NAND	16539
N17307	P1_R1138_U282	NAND	16540
N17308	P1_R1138_U283	NOT	16541
N17309	P1_R1138_U284	OR	16542
N17310	P1_R1138_U285	NAND	16543
N17311	P1_R1138_U286	NAND	16544
N17312	P1_R1138_U287	NOT	16545
N17313	P1_R1138_U288	OR	16546
N17314	P1_R1138_U289	NAND	16547
N17315	P1_R1138_U290	NAND	16548
N17316	P1_R1138_U291	NOT	16549
N17317	P1_R1138_U292	OR	16550
N17318	P1_R1138_U293	NAND	16551
N17319	P1_R1138_U294	NOT	16552
N17320	P1_R1138_U295	OR	16553
N17321	P1_R1138_U296	NAND	16554
N17322	P1_R1138_U297	NOT	16555
N17323	P1_R1138_U298	OR	16556
N17324	P1_R1138_U299	NAND	16557
N17325	P1_R1138_U300	NOT	16558
N17326	P1_R1138_U301	NAND	16559
N17327	P1_R1138_U302	NOT	16560
N17328	P1_R1138_U303	NAND	16561
N17329	P1_R1138_U304	NOT	16562
N17330	P1_R1138_U305	OR	16563
N17331	P1_R1138_U306	NAND	16564
N17332	P1_R1138_U307	NAND	16565
N17333	P1_R1138_U308	NAND	16566
N17334	P1_R1138_U309	NAND	16567
N17335	P1_R1138_U310	NAND	16568
N17336	P1_R1138_U311	OR	16569
N17337	P1_R1138_U312	NAND	16570
N17338	P1_R1138_U313	NOT	16571
N17339	P1_R1138_U314	NAND	16572
N17340	P1_R1138_U315	NAND	16573
N17341	P1_R1138_U316	NAND	16574
N17342	P1_R1138_U317	NAND	16575
N17343	P1_R1138_U318	OR	16576
N17344	P1_R1138_U319	NAND	16577
N17345	P1_R1138_U320	NAND	16578
N17346	P1_R1138_U321	NAND	16579
N17347	P1_R1138_U322	NAND	16580
N17348	P1_R1138_U323	NAND	16581
N17349	P1_R1138_U324	OR	16582
N17350	P1_R1138_U325	NOT	16583
N17351	P1_R1138_U326	OR	16584
N17352	P1_R1138_U327	OR	16585
N17353	P1_R1138_U328	NAND	16586
N17354	P1_R1138_U329	NAND	16587
N17355	P1_R1138_U330	NAND	16588
N17356	P1_R1138_U331	NAND	16589
N17357	P1_R1138_U332	NAND	16590
N17358	P1_R1138_U333	OR	16591
N17359	P1_R1138_U334	NAND	16592
N17360	P1_R1138_U335	NOT	16593
N17361	P1_R1138_U336	OR	16594
N17362	P1_R1138_U337	NAND	16595
N17363	P1_R1138_U338	NAND	16596
N17364	P1_R1138_U339	NAND	16597
N17365	P1_R1138_U340	NAND	16598
N17366	P1_R1138_U341	NAND	16599
N17367	P1_R1138_U342	OR	16600
N17368	P1_R1138_U343	OR	16601
N17369	P1_R1138_U344	NAND	16602
N17370	P1_R1138_U345	NAND	16603
N17371	P1_R1138_U346	NAND	16604
N17372	P1_R1138_U347	NAND	16605
N17373	P1_R1138_U348	NAND	16606
N17374	P1_R1138_U349	NAND	16607
N17375	P1_R1138_U350	NAND	16608
N17376	P1_R1138_U351	NAND	16609
N17377	P1_R1138_U352	NAND	16610
N17378	P1_R1138_U353	NAND	16611
N17379	P1_R1138_U354	NAND	16612
N17380	P1_R1138_U355	NAND	16613
N17381	P1_R1138_U356	NAND	16614
N17382	P1_R1138_U357	NAND	16615
N17383	P1_R1138_U358	NAND	16616
N17384	P1_R1138_U359	NAND	16617
N17385	P1_R1138_U360	NAND	16618
N17386	P1_R1138_U361	NAND	16619
N17387	P1_R1138_U362	NAND	16620
N17388	P1_R1138_U363	NAND	16621
N17389	P1_R1138_U364	NAND	16622
N17390	P1_R1138_U365	NAND	16623
N17391	P1_R1138_U366	NAND	16624
N17392	P1_R1138_U367	NAND	16625
N17393	P1_R1138_U368	NAND	16626
N17394	P1_R1138_U369	NAND	16627
N17395	P1_R1138_U370	NAND	16628
N17396	P1_R1138_U371	NAND	16629
N17397	P1_R1138_U372	NAND	16630
N17398	P1_R1138_U373	NAND	16631
N17399	P1_R1138_U374	NAND	16632
N17400	P1_R1138_U375	NAND	16633
N17401	P1_R1138_U376	NAND	16634
N17402	P1_R1138_U377	NAND	16635
N17403	P1_R1138_U378	NAND	16636
N17404	P1_R1138_U379	NAND	16637
N17405	P1_R1138_U380	NAND	16638
N17406	P1_R1138_U381	NAND	16639
N17407	P1_R1138_U382	NAND	16640
N17408	P1_R1138_U383	NAND	16641
N17409	P1_R1138_U384	NAND	16642
N17410	P1_R1138_U385	NAND	16643
N17411	P1_R1138_U386	NAND	16644
N17412	P1_R1138_U387	NAND	16645
N17413	P1_R1138_U388	NAND	16646
N17414	P1_R1138_U389	NAND	16647
N17415	P1_R1138_U390	NAND	16648
N17416	P1_R1138_U391	NAND	16649
N17417	P1_R1138_U392	NAND	16650
N17418	P1_R1138_U393	NAND	16651
N17419	P1_R1138_U394	NAND	16652
N17420	P1_R1138_U395	NAND	16653
N17421	P1_R1138_U396	NAND	16654
N17422	P1_R1138_U397	NAND	16655
N17423	P1_R1138_U398	NAND	16656
N17424	P1_R1138_U399	NAND	16657
N17425	P1_R1138_U400	NAND	16658
N17426	P1_R1138_U401	NAND	16659
N17427	P1_R1138_U402	NAND	16660
N17428	P1_R1138_U403	NAND	16661
N17429	P1_R1138_U404	NAND	16662
N17430	P1_R1138_U405	NAND	16663
N17431	P1_R1138_U406	NAND	16664
N17432	P1_R1138_U407	NAND	16665
N17433	P1_R1138_U408	NAND	16666
N17434	P1_R1138_U409	NAND	16667
N17435	P1_R1138_U410	NAND	16668
N17436	P1_R1138_U411	NAND	16669
N17437	P1_R1138_U412	NAND	16670
N17438	P1_R1138_U413	NAND	16671
N17439	P1_R1138_U414	NAND	16672
N17440	P1_R1138_U415	NAND	16673
N17441	P1_R1138_U416	NAND	16674
N17442	P1_R1138_U417	NAND	16675
N17443	P1_R1138_U418	NAND	16676
N17444	P1_R1138_U419	NAND	16677
N17445	P1_R1138_U420	NAND	16678
N17446	P1_R1138_U421	NAND	16679
N17447	P1_R1138_U422	NAND	16680
N17448	P1_R1138_U423	NAND	16681
N17449	P1_R1138_U424	NAND	16682
N17450	P1_R1138_U425	NAND	16683
N17451	P1_R1138_U426	NAND	16684
N17452	P1_R1138_U427	NAND	16685
N17453	P1_R1138_U428	NAND	16686
N17454	P1_R1138_U429	NAND	16687
N17455	P1_R1138_U430	NAND	16688
N17456	P1_R1138_U431	NAND	16689
N17457	P1_R1138_U432	NAND	16690
N17458	P1_R1138_U433	NAND	16691
N17459	P1_R1138_U434	NAND	16692
N17460	P1_R1138_U435	NAND	16693
N17461	P1_R1138_U436	NAND	16694
N17462	P1_R1138_U437	NAND	16695
N17463	P1_R1138_U438	NAND	16696
N17464	P1_R1138_U439	NAND	16697
N17465	P1_R1138_U440	NAND	16698
N17466	P1_R1138_U441	NAND	16699
N17467	P1_R1138_U442	NAND	16700
N17468	P1_R1138_U443	NAND	16701
N17469	P1_R1138_U444	NAND	16702
N17470	P1_R1138_U445	NAND	16703
N17471	P1_R1138_U446	NAND	16704
N17472	P1_R1138_U447	NAND	16705
N17473	P1_R1138_U448	NAND	16706
N17474	P1_R1138_U449	NAND	16707
N17475	P1_R1138_U450	NAND	16708
N17476	P1_R1138_U451	NAND	16709
N17477	P1_R1138_U452	NAND	16710
N17478	P1_R1138_U453	NAND	16711
N17479	P1_R1138_U454	NAND	16712
N17480	P1_R1138_U455	NAND	16713
N17481	P1_R1138_U456	NAND	16714
N17482	P1_R1138_U457	NAND	16715
N17483	P1_R1138_U458	NAND	16716
N17484	P1_R1138_U459	NAND	16717
N17485	P1_R1138_U460	NAND	16718
N17486	P1_R1138_U461	NAND	16719
N17487	P1_R1138_U462	NAND	16720
N17488	P1_R1138_U463	NAND	16721
N17489	P1_R1138_U464	NAND	16722
N17490	P1_R1138_U465	NAND	16723
N17491	P1_R1138_U466	NAND	16724
N17492	P1_R1138_U467	NAND	16725
N17493	P1_R1138_U468	NAND	16726
N17494	P1_R1138_U469	NAND	16727
N17495	P1_R1138_U470	NAND	16728
N17496	P1_R1138_U471	NAND	16729
N17497	P1_R1138_U472	NAND	16730
N17498	P1_R1138_U473	NAND	16731
N17499	P1_R1138_U474	NAND	16732
N17500	P1_R1138_U475	NAND	16733
N17501	P1_R1138_U476	NAND	16734
N17502	P1_R1138_U477	NAND	16735
N17503	P1_R1138_U478	NAND	16736
N17504	P1_R1138_U479	NAND	16737
N17505	P1_R1138_U480	NAND	16738
N17506	P1_R1138_U481	NAND	16739
N17507	P1_R1138_U482	NAND	16740
N17508	P1_R1138_U483	NAND	16741
N17509	P1_R1138_U484	NAND	16742
N17510	P1_R1138_U485	NAND	16743
N17511	P1_R1138_U486	NAND	16744
N17512	P1_R1138_U487	NAND	16745
N17513	P1_R1138_U488	NAND	16746
N17514	P1_R1138_U489	NAND	16747
N17515	P1_R1138_U490	NAND	16748
N17516	P1_R1138_U491	NAND	16749
N17517	P1_R1138_U492	NAND	16750
N17518	P1_R1138_U493	NAND	16751
N17519	P1_R1138_U494	NAND	16752
N17520	P1_R1138_U495	NAND	16753
N17521	P1_R1138_U496	NAND	16754
N17522	P1_R1138_U497	NAND	16755
N17523	P1_R1138_U498	NAND	16756
N17524	P1_R1138_U499	NAND	16757
N17525	P1_R1138_U500	NAND	16758
N17526	P1_R1138_U501	NAND	16759
N17527	P1_R1222_U4	AND	16760
N17528	P1_R1222_U5	AND	16761
N17529	P1_R1222_U6	AND	16762
N17530	P1_R1222_U7	AND	16763
N17531	P1_R1222_U8	AND	16764
N17532	P1_R1222_U9	AND	16765
N17533	P1_R1222_U10	AND	16766
N17534	P1_R1222_U11	AND	16767
N17535	P1_R1222_U12	AND	16768
N17536	P1_R1222_U13	AND	16769
N17537	P1_R1222_U14	AND	16770
N17538	P1_R1222_U15	AND	16771
N17539	P1_R1222_U16	AND	16772
N17540	P1_R1222_U17	AND	16773
N17541	P1_R1222_U18	AND	16774
N17542	P1_R1222_U19	AND	16775
N17543	P1_R1222_U20	NOT	16776
N17544	P1_R1222_U21	NOT	16777
N17545	P1_R1222_U22	NOT	16778
N17546	P1_R1222_U23	NAND	16779
N17547	P1_R1222_U24	NOT	16780
N17548	P1_R1222_U25	NOT	16781
N17549	P1_R1222_U26	NOT	16782
N17550	P1_R1222_U27	NOT	16783
N17551	P1_R1222_U28	NOT	16784
N17552	P1_R1222_U29	NOT	16785
N17553	P1_R1222_U30	NOT	16786
N17554	P1_R1222_U31	NOT	16787
N17555	P1_R1222_U32	NAND	16788
N17556	P1_R1222_U33	NOT	16789
N17557	P1_R1222_U34	NOT	16790
N17558	P1_R1222_U35	NAND	16791
N17559	P1_R1222_U36	NOT	16792
N17560	P1_R1222_U37	NOT	16793
N17561	P1_R1222_U38	NOT	16794
N17562	P1_R1222_U39	NOT	16795
N17563	P1_R1222_U40	NOT	16796
N17564	P1_R1222_U41	NAND	16797
N17565	P1_R1222_U42	NAND	16798
N17566	P1_R1222_U43	NAND	16799
N17567	P1_R1222_U44	NAND	16800
N17568	P1_R1222_U45	NAND	16801
N17569	P1_R1222_U46	NAND	16802
N17570	P1_R1222_U47	NOT	16803
N17571	P1_R1222_U48	NOT	16804
N17572	P1_R1222_U49	NOT	16805
N17573	P1_R1222_U50	NOT	16806
N17574	P1_R1222_U51	NOT	16807
N17575	P1_R1222_U52	NOT	16808
N17576	P1_R1222_U53	NOT	16809
N17577	P1_R1222_U54	NOT	16810
N17578	P1_R1222_U55	NOT	16811
N17579	P1_R1222_U56	NOT	16812
N17580	P1_R1222_U57	NOT	16813
N17581	P1_R1222_U58	NOT	16814
N17582	P1_R1222_U59	NOT	16815
N17583	P1_R1222_U60	NAND	16816
N17584	P1_R1222_U61	NOT	16817
N17585	P1_R1222_U62	NAND	16818
N17586	P1_R1222_U63	NOT	16819
N17587	P1_R1222_U64	NOT	16820
N17588	P1_R1222_U65	NOT	16821
N17589	P1_R1222_U66	NOT	16822
N17590	P1_R1222_U67	NOT	16823
N17591	P1_R1222_U68	NOT	16824
N17592	P1_R1222_U69	NAND	16825
N17593	P1_R1222_U70	NOT	16826
N17594	P1_R1222_U71	NOT	16827
N17595	P1_R1222_U72	NOT	16828
N17596	P1_R1222_U73	NOT	16829
N17597	P1_R1222_U74	NOT	16830
N17598	P1_R1222_U75	NOT	16831
N17599	P1_R1222_U76	NOT	16832
N17600	P1_R1222_U77	NOT	16833
N17601	P1_R1222_U78	NAND	16834
N17602	P1_R1222_U79	NOT	16835
N17603	P1_R1222_U80	NOT	16836
N17604	P1_R1222_U81	NAND	16837
N17605	P1_R1222_U82	NOT	16838
N17606	P1_R1222_U83	NOT	16839
N17607	P1_R1222_U84	NOT	16840
N17608	P1_R1222_U85	NOT	16841
N17609	P1_R1222_U86	NOT	16842
N17610	P1_R1222_U87	NAND	16843
N17611	P1_R1222_U88	NOT	16844
N17612	P1_R1222_U89	NOT	16845
N17613	P1_R1222_U90	NAND	16846
N17614	P1_R1222_U91	NOT	16847
N17615	P1_R1222_U92	NAND	16848
N17616	P1_R1222_U93	NAND	16849
N17617	P1_R1222_U94	NAND	16850
N17618	P1_R1222_U95	NAND	16851
N17619	P1_R1222_U96	NAND	16852
N17620	P1_R1222_U97	NAND	16853
N17621	P1_R1222_U98	NAND	16854
N17622	P1_R1222_U99	NAND	16855
N17623	P1_R1222_U100	NAND	16856
N17624	P1_R1222_U101	NAND	16857
N17625	P1_R1222_U102	NAND	16858
N17626	P1_R1222_U103	NAND	16859
N17627	P1_R1222_U104	NAND	16860
N17628	P1_R1222_U105	NAND	16861
N17629	P1_R1222_U106	NAND	16862
N17630	P1_R1222_U107	NAND	16863
N17631	P1_R1222_U108	NAND	16864
N17632	P1_R1222_U109	NAND	16865
N17633	P1_R1222_U110	NAND	16866
N17634	P1_R1222_U111	NAND	16867
N17635	P1_R1222_U112	NAND	16868
N17636	P1_R1222_U113	NAND	16869
N17637	P1_R1222_U114	NAND	16870
N17638	P1_R1222_U115	NAND	16871
N17639	P1_R1222_U116	AND	16872
N17640	P1_R1222_U117	AND	16873
N17641	P1_R1222_U118	AND	16874
N17642	P1_R1222_U119	AND	16875
N17643	P1_R1222_U120	AND	16876
N17644	P1_R1222_U121	AND	16877
N17645	P1_R1222_U122	AND	16878
N17646	P1_R1222_U123	AND	16879
N17647	P1_R1222_U124	AND	16880
N17648	P1_R1222_U125	AND	16881
N17649	P1_R1222_U126	AND	16882
N17650	P1_R1222_U127	AND	16883
N17651	P1_R1222_U128	AND	16884
N17652	P1_R1222_U129	AND	16885
N17653	P1_R1222_U130	AND	16886
N17654	P1_R1222_U131	AND	16887
N17655	P1_R1222_U132	AND	16888
N17656	P1_R1222_U133	AND	16889
N17657	P1_R1222_U134	AND	16890
N17658	P1_R1222_U135	AND	16891
N17659	P1_R1222_U136	AND	16892
N17660	P1_R1222_U137	AND	16893
N17661	P1_R1222_U138	AND	16894
N17662	P1_R1222_U139	AND	16895
N17663	P1_R1222_U140	NAND	16896
N17664	P1_R1222_U141	NAND	16897
N17665	P1_R1222_U142	NOT	16898
N17666	P1_R1222_U143	NOT	16899
N17667	P1_R1222_U144	AND	16900
N17668	P1_R1222_U145	NAND	16901
N17669	P1_R1222_U146	AND	16902
N17670	P1_R1222_U147	NAND	16903
N17671	P1_R1222_U148	AND	16904
N17672	P1_R1222_U149	NAND	16905
N17673	P1_R1222_U150	AND	16906
N17674	P1_R1222_U151	NAND	16907
N17675	P1_R1222_U152	AND	16908
N17676	P1_R1222_U153	NAND	16909
N17677	P1_R1222_U154	AND	16910
N17678	P1_R1222_U155	NAND	16911
N17679	P1_R1222_U156	AND	16912
N17680	P1_R1222_U157	AND	16913
N17681	P1_R1222_U158	NAND	16914
N17682	P1_R1222_U159	NAND	16915
N17683	P1_R1222_U160	AND	16916
N17684	P1_R1222_U161	NAND	16917
N17685	P1_R1222_U162	AND	16918
N17686	P1_R1222_U163	NAND	16919
N17687	P1_R1222_U164	NAND	16920
N17688	P1_R1222_U165	NAND	16921
N17689	P1_R1222_U166	NAND	16922
N17690	P1_R1222_U167	NOT	16923
N17691	P1_R1222_U168	NAND	16924
N17692	P1_R1222_U169	NAND	16925
N17693	P1_R1222_U170	NAND	16926
N17694	P1_R1222_U171	NOT	16927
N17695	P1_R1222_U172	NOT	16928
N17696	P1_R1222_U173	NAND	16929
N17697	P1_R1222_U174	NOT	16930
N17698	P1_R1222_U175	OR	16931
N17699	P1_R1222_U176	OR	16932
N17700	P1_R1222_U177	OR	16933
N17701	P1_R1222_U178	OR	16934
N17702	P1_R1222_U179	NOT	16935
N17703	P1_R1222_U180	OR	16936
N17704	P1_R1222_U181	NOT	16937
N17705	P1_R1222_U182	NOT	16938
N17706	P1_R1222_U183	NAND	16939
N17707	P1_R1222_U184	NAND	16940
N17708	P1_R1222_U185	NAND	16941
N17709	P1_R1222_U186	NAND	16942
N17710	P1_R1222_U187	NAND	16943
N17711	P1_R1222_U188	NAND	16944
N17712	P1_R1222_U189	NAND	16945
N17713	P1_R1222_U190	NAND	16946
N17714	P1_R1222_U191	NAND	16947
N17715	P1_R1222_U192	NOT	16948
N17716	P1_R1222_U193	OR	16949
N17717	P1_R1222_U194	OR	16950
N17718	P1_R1222_U195	NOT	16951
N17719	P1_R1222_U196	NAND	16952
N17720	P1_R1222_U197	NAND	16953
N17721	P1_R1222_U198	NAND	16954
N17722	P1_R1222_U199	NAND	16955
N17723	P1_R1222_U200	NOT	16956
N17724	P1_R1222_U201	OR	16957
N17725	P1_R1222_U202	NAND	16958
N17726	P1_R1222_U203	NOT	16959
N17727	P1_R1222_U204	OR	16960
N17728	P1_R1222_U205	OR	16961
N17729	P1_R1222_U206	NAND	16962
N17730	P1_R1222_U207	NAND	16963
N17731	P1_R1222_U208	NAND	16964
N17732	P1_R1222_U209	NAND	16965
N17733	P1_R1222_U210	NAND	16966
N17734	P1_R1222_U211	OR	16967
N17735	P1_R1222_U212	NAND	16968
N17736	P1_R1222_U213	NAND	16969
N17737	P1_R1222_U214	NOT	16970
N17738	P1_R1222_U215	NAND	16971
N17739	P1_R1222_U216	NAND	16972
N17740	P1_R1222_U217	NAND	16973
N17741	P1_R1222_U218	NOT	16974
N17742	P1_R1222_U219	OR	16975
N17743	P1_R1222_U220	NAND	16976
N17744	P1_R1222_U221	NAND	16977
N17745	P1_R1222_U222	NAND	16978
N17746	P1_R1222_U223	NAND	16979
N17747	P1_R1222_U224	NAND	16980
N17748	P1_R1222_U225	OR	16981
N17749	P1_R1222_U226	NAND	16982
N17750	P1_R1222_U227	NOT	16983
N17751	P1_R1222_U228	NAND	16984
N17752	P1_R1222_U229	NAND	16985
N17753	P1_R1222_U230	NAND	16986
N17754	P1_R1222_U231	NAND	16987
N17755	P1_R1222_U232	NAND	16988
N17756	P1_R1222_U233	OR	16989
N17757	P1_R1222_U234	OR	16990
N17758	P1_R1222_U235	NAND	16991
N17759	P1_R1222_U236	NAND	16992
N17760	P1_R1222_U237	NAND	16993
N17761	P1_R1222_U238	OR	16994
N17762	P1_R1222_U239	NAND	16995
N17763	P1_R1222_U240	NAND	16996
N17764	P1_R1222_U241	NOT	16997
N17765	P1_R1222_U242	OR	16998
N17766	P1_R1222_U243	OR	16999
N17767	P1_R1222_U244	NAND	17000
N17768	P1_R1222_U245	NAND	17001
N17769	P1_R1222_U246	NAND	17002
N17770	P1_R1222_U247	OR	17003
N17771	P1_R1222_U248	OR	17004
N17772	P1_R1222_U249	NAND	17005
N17773	P1_R1222_U250	NAND	17006
N17774	P1_R1222_U251	NOT	17007
N17775	P1_R1222_U252	OR	17008
N17776	P1_R1222_U253	NAND	17009
N17777	P1_R1222_U254	NAND	17010
N17778	P1_R1222_U255	NOT	17011
N17779	P1_R1222_U256	OR	17012
N17780	P1_R1222_U257	NAND	17013
N17781	P1_R1222_U258	NAND	17014
N17782	P1_R1222_U259	NOT	17015
N17783	P1_R1222_U260	OR	17016
N17784	P1_R1222_U261	OR	17017
N17785	P1_R1222_U262	NOT	17018
N17786	P1_R1222_U263	NAND	17019
N17787	P1_R1222_U264	NAND	17020
N17788	P1_R1222_U265	NAND	17021
N17789	P1_R1222_U266	NAND	17022
N17790	P1_R1222_U267	NOT	17023
N17791	P1_R1222_U268	OR	17024
N17792	P1_R1222_U269	OR	17025
N17793	P1_R1222_U270	OR	17026
N17794	P1_R1222_U271	NOT	17027
N17795	P1_R1222_U272	NAND	17028
N17796	P1_R1222_U273	NAND	17029
N17797	P1_R1222_U274	NAND	17030
N17798	P1_R1222_U275	NAND	17031
N17799	P1_R1222_U276	NAND	17032
N17800	P1_R1222_U277	NAND	17033
N17801	P1_R1222_U278	NAND	17034
N17802	P1_R1222_U279	OR	17035
N17803	P1_R1222_U280	OR	17036
N17804	P1_R1222_U281	NAND	17037
N17805	P1_R1222_U282	NAND	17038
N17806	P1_R1222_U283	NOT	17039
N17807	P1_R1222_U284	OR	17040
N17808	P1_R1222_U285	NAND	17041
N17809	P1_R1222_U286	NAND	17042
N17810	P1_R1222_U287	NOT	17043
N17811	P1_R1222_U288	OR	17044
N17812	P1_R1222_U289	NAND	17045
N17813	P1_R1222_U290	NAND	17046
N17814	P1_R1222_U291	NOT	17047
N17815	P1_R1222_U292	OR	17048
N17816	P1_R1222_U293	NAND	17049
N17817	P1_R1222_U294	NOT	17050
N17818	P1_R1222_U295	OR	17051
N17819	P1_R1222_U296	NAND	17052
N17820	P1_R1222_U297	NOT	17053
N17821	P1_R1222_U298	OR	17054
N17822	P1_R1222_U299	NAND	17055
N17823	P1_R1222_U300	NOT	17056
N17824	P1_R1222_U301	NAND	17057
N17825	P1_R1222_U302	NOT	17058
N17826	P1_R1222_U303	NAND	17059
N17827	P1_R1222_U304	NOT	17060
N17828	P1_R1222_U305	OR	17061
N17829	P1_R1222_U306	NAND	17062
N17830	P1_R1222_U307	NAND	17063
N17831	P1_R1222_U308	NAND	17064
N17832	P1_R1222_U309	NAND	17065
N17833	P1_R1222_U310	NAND	17066
N17834	P1_R1222_U311	OR	17067
N17835	P1_R1222_U312	NAND	17068
N17836	P1_R1222_U313	NOT	17069
N17837	P1_R1222_U314	NAND	17070
N17838	P1_R1222_U315	NAND	17071
N17839	P1_R1222_U316	NAND	17072
N17840	P1_R1222_U317	NAND	17073
N17841	P1_R1222_U318	OR	17074
N17842	P1_R1222_U319	NAND	17075
N17843	P1_R1222_U320	NAND	17076
N17844	P1_R1222_U321	NAND	17077
N17845	P1_R1222_U322	NAND	17078
N17846	P1_R1222_U323	NAND	17079
N17847	P1_R1222_U324	OR	17080
N17848	P1_R1222_U325	NOT	17081
N17849	P1_R1222_U326	OR	17082
N17850	P1_R1222_U327	OR	17083
N17851	P1_R1222_U328	NAND	17084
N17852	P1_R1222_U329	NAND	17085
N17853	P1_R1222_U330	NAND	17086
N17854	P1_R1222_U331	NAND	17087
N17855	P1_R1222_U332	NAND	17088
N17856	P1_R1222_U333	OR	17089
N17857	P1_R1222_U334	NAND	17090
N17858	P1_R1222_U335	NOT	17091
N17859	P1_R1222_U336	OR	17092
N17860	P1_R1222_U337	NAND	17093
N17861	P1_R1222_U338	NAND	17094
N17862	P1_R1222_U339	NAND	17095
N17863	P1_R1222_U340	NAND	17096
N17864	P1_R1222_U341	NAND	17097
N17865	P1_R1222_U342	OR	17098
N17866	P1_R1222_U343	OR	17099
N17867	P1_R1222_U344	NAND	17100
N17868	P1_R1222_U345	NAND	17101
N17869	P1_R1222_U346	NAND	17102
N17870	P1_R1222_U347	NAND	17103
N17871	P1_R1222_U348	NAND	17104
N17872	P1_R1222_U349	NAND	17105
N17873	P1_R1222_U350	NAND	17106
N17874	P1_R1222_U351	NAND	17107
N17875	P1_R1222_U352	NAND	17108
N17876	P1_R1222_U353	NAND	17109
N17877	P1_R1222_U354	NAND	17110
N17878	P1_R1222_U355	NAND	17111
N17879	P1_R1222_U356	NAND	17112
N17880	P1_R1222_U357	NAND	17113
N17881	P1_R1222_U358	NAND	17114
N17882	P1_R1222_U359	NAND	17115
N17883	P1_R1222_U360	NAND	17116
N17884	P1_R1222_U361	NAND	17117
N17885	P1_R1222_U362	NAND	17118
N17886	P1_R1222_U363	NAND	17119
N17887	P1_R1222_U364	NAND	17120
N17888	P1_R1222_U365	NAND	17121
N17889	P1_R1222_U366	NAND	17122
N17890	P1_R1222_U367	NAND	17123
N17891	P1_R1222_U368	NAND	17124
N17892	P1_R1222_U369	NAND	17125
N17893	P1_R1222_U370	NAND	17126
N17894	P1_R1222_U371	NAND	17127
N17895	P1_R1222_U372	NAND	17128
N17896	P1_R1222_U373	NAND	17129
N17897	P1_R1222_U374	NAND	17130
N17898	P1_R1222_U375	NAND	17131
N17899	P1_R1222_U376	NAND	17132
N17900	P1_R1222_U377	NAND	17133
N17901	P1_R1222_U378	NAND	17134
N17902	P1_R1222_U379	NAND	17135
N17903	P1_R1222_U380	NAND	17136
N17904	P1_R1222_U381	NAND	17137
N17905	P1_R1222_U382	NAND	17138
N17906	P1_R1222_U383	NAND	17139
N17907	P1_R1222_U384	NAND	17140
N17908	P1_R1222_U385	NAND	17141
N17909	P1_R1222_U386	NAND	17142
N17910	P1_R1222_U387	NAND	17143
N17911	P1_R1222_U388	NAND	17144
N17912	P1_R1222_U389	NAND	17145
N17913	P1_R1222_U390	NAND	17146
N17914	P1_R1222_U391	NAND	17147
N17915	P1_R1222_U392	NAND	17148
N17916	P1_R1222_U393	NAND	17149
N17917	P1_R1222_U394	NAND	17150
N17918	P1_R1222_U395	NAND	17151
N17919	P1_R1222_U396	NAND	17152
N17920	P1_R1222_U397	NAND	17153
N17921	P1_R1222_U398	NAND	17154
N17922	P1_R1222_U399	NAND	17155
N17923	P1_R1222_U400	NAND	17156
N17924	P1_R1222_U401	NAND	17157
N17925	P1_R1222_U402	NAND	17158
N17926	P1_R1222_U403	NAND	17159
N17927	P1_R1222_U404	NAND	17160
N17928	P1_R1222_U405	NAND	17161
N17929	P1_R1222_U406	NAND	17162
N17930	P1_R1222_U407	NAND	17163
N17931	P1_R1222_U408	NAND	17164
N17932	P1_R1222_U409	NAND	17165
N17933	P1_R1222_U410	NAND	17166
N17934	P1_R1222_U411	NAND	17167
N17935	P1_R1222_U412	NAND	17168
N17936	P1_R1222_U413	NAND	17169
N17937	P1_R1222_U414	NAND	17170
N17938	P1_R1222_U415	NAND	17171
N17939	P1_R1222_U416	NAND	17172
N17940	P1_R1222_U417	NAND	17173
N17941	P1_R1222_U418	NAND	17174
N17942	P1_R1222_U419	NAND	17175
N17943	P1_R1222_U420	NAND	17176
N17944	P1_R1222_U421	NAND	17177
N17945	P1_R1222_U422	NAND	17178
N17946	P1_R1222_U423	NAND	17179
N17947	P1_R1222_U424	NAND	17180
N17948	P1_R1222_U425	NAND	17181
N17949	P1_R1222_U426	NAND	17182
N17950	P1_R1222_U427	NAND	17183
N17951	P1_R1222_U428	NAND	17184
N17952	P1_R1222_U429	NAND	17185
N17953	P1_R1222_U430	NAND	17186
N17954	P1_R1222_U431	NAND	17187
N17955	P1_R1222_U432	NAND	17188
N17956	P1_R1222_U433	NAND	17189
N17957	P1_R1222_U434	NAND	17190
N17958	P1_R1222_U435	NAND	17191
N17959	P1_R1222_U436	NAND	17192
N17960	P1_R1222_U437	NAND	17193
N17961	P1_R1222_U438	NAND	17194
N17962	P1_R1222_U439	NAND	17195
N17963	P1_R1222_U440	NAND	17196
N17964	P1_R1222_U441	NAND	17197
N17965	P1_R1222_U442	NAND	17198
N17966	P1_R1222_U443	NAND	17199
N17967	P1_R1222_U444	NAND	17200
N17968	P1_R1222_U445	NAND	17201
N17969	P1_R1222_U446	NAND	17202
N17970	P1_R1222_U447	NAND	17203
N17971	P1_R1222_U448	NAND	17204
N17972	P1_R1222_U449	NAND	17205
N17973	P1_R1222_U450	NAND	17206
N17974	P1_R1222_U451	NAND	17207
N17975	P1_R1222_U452	NAND	17208
N17976	P1_R1222_U453	NAND	17209
N17977	P1_R1222_U454	NAND	17210
N17978	P1_R1222_U455	NAND	17211
N17979	P1_R1222_U456	NAND	17212
N17980	P1_R1222_U457	NAND	17213
N17981	P1_R1222_U458	NAND	17214
N17982	P1_R1222_U459	NAND	17215
N17983	P1_R1222_U460	NAND	17216
N17984	P1_R1222_U461	NAND	17217
N17985	P1_R1222_U462	NAND	17218
N17986	P1_R1222_U463	NAND	17219
N17987	P1_R1222_U464	NAND	17220
N17988	P1_R1222_U465	NAND	17221
N17989	P1_R1222_U466	NAND	17222
N17990	P1_R1222_U467	NAND	17223
N17991	P1_R1222_U468	NAND	17224
N17992	P1_R1222_U469	NAND	17225
N17993	P1_R1222_U470	NAND	17226
N17994	P1_R1222_U471	NAND	17227
N17995	P1_R1222_U472	NAND	17228
N17996	P1_R1222_U473	NAND	17229
N17997	P1_R1222_U474	NAND	17230
N17998	P1_R1222_U475	NAND	17231
N17999	P1_R1222_U476	NAND	17232
N18000	P1_R1222_U477	NAND	17233
N18001	P1_R1222_U478	NAND	17234
N18002	P1_R1222_U479	NAND	17235
N18003	P1_R1222_U480	NAND	17236
N18004	P1_R1222_U481	NAND	17237
N18005	P1_R1222_U482	NAND	17238
N18006	P1_R1222_U483	NAND	17239
N18007	P1_R1222_U484	NAND	17240
N18008	P1_R1222_U485	NAND	17241
N18009	P1_R1222_U486	NAND	17242
N18010	P1_R1222_U487	NAND	17243
N18011	P1_R1222_U488	NAND	17244
N18012	P1_R1222_U489	NAND	17245
N18013	P1_R1222_U490	NAND	17246
N18014	P1_R1222_U491	NAND	17247
N18015	P1_R1222_U492	NAND	17248
N18016	P1_R1222_U493	NAND	17249
N18017	P1_R1222_U494	NAND	17250
N18018	P1_R1222_U495	NAND	17251
N18019	P1_R1222_U496	NAND	17252
N18020	P1_R1222_U497	NAND	17253
N18021	P1_R1222_U498	NAND	17254
N18022	P1_R1222_U499	NAND	17255
N18023	P1_R1222_U500	NAND	17256
N18024	P1_R1222_U501	NAND	17257
N18025	P2_ADD_1119_U4	NOT	17258
N18026	P2_ADD_1119_U5	AND	17259
N18027	P2_ADD_1119_U6	NOT	17260
N18028	P2_ADD_1119_U7	NOT	17261
N18029	P2_ADD_1119_U8	NAND	17262
N18030	P2_ADD_1119_U9	NOT	17263
N18031	P2_ADD_1119_U10	NOT	17264
N18032	P2_ADD_1119_U11	NAND	17265
N18033	P2_ADD_1119_U12	NOT	17266
N18034	P2_ADD_1119_U13	NOT	17267
N18035	P2_ADD_1119_U14	NAND	17268
N18036	P2_ADD_1119_U15	NOT	17269
N18037	P2_ADD_1119_U16	NOT	17270
N18038	P2_ADD_1119_U17	NAND	17271
N18039	P2_ADD_1119_U18	NOT	17272
N18040	P2_ADD_1119_U19	NAND	17273
N18041	P2_ADD_1119_U20	NOT	17274
N18042	P2_ADD_1119_U21	NAND	17275
N18043	P2_ADD_1119_U22	NOT	17276
N18044	P2_ADD_1119_U23	NAND	17277
N18045	P2_ADD_1119_U24	NOT	17278
N18046	P2_ADD_1119_U25	NAND	17279
N18047	P2_ADD_1119_U26	NOT	17280
N18048	P2_ADD_1119_U27	NAND	17281
N18049	P2_ADD_1119_U28	NOT	17282
N18050	P2_ADD_1119_U29	NAND	17283
N18051	P2_ADD_1119_U30	NOT	17284
N18052	P2_ADD_1119_U31	NAND	17285
N18053	P2_ADD_1119_U32	NOT	17286
N18054	P2_ADD_1119_U33	NAND	17287
N18055	P2_ADD_1119_U34	NOT	17288
N18056	P2_ADD_1119_U35	NAND	17289
N18057	P2_ADD_1119_U36	NOT	17290
N18058	P2_ADD_1119_U37	NAND	17291
N18059	P2_ADD_1119_U38	NOT	17292
N18060	P2_ADD_1119_U39	NAND	17293
N18061	P2_ADD_1119_U40	NOT	17294
N18062	P2_ADD_1119_U41	NAND	17295
N18063	P2_ADD_1119_U42	NOT	17296
N18064	P2_ADD_1119_U43	NAND	17297
N18065	P2_ADD_1119_U44	NOT	17298
N18066	P2_ADD_1119_U45	NAND	17299
N18067	P2_ADD_1119_U46	NOT	17300
N18068	P2_ADD_1119_U47	NAND	17301
N18069	P2_ADD_1119_U48	NOT	17302
N18070	P2_ADD_1119_U49	NOT	17303
N18071	P2_ADD_1119_U50	NAND	17304
N18072	P2_ADD_1119_U51	NAND	17305
N18073	P2_ADD_1119_U52	NAND	17306
N18074	P2_ADD_1119_U53	NAND	17307
N18075	P2_ADD_1119_U54	NAND	17308
N18076	P2_ADD_1119_U55	NAND	17309
N18077	P2_ADD_1119_U56	NAND	17310
N18078	P2_ADD_1119_U57	NAND	17311
N18079	P2_ADD_1119_U58	NAND	17312
N18080	P2_ADD_1119_U59	NAND	17313
N18081	P2_ADD_1119_U60	NAND	17314
N18082	P2_ADD_1119_U61	NAND	17315
N18083	P2_ADD_1119_U62	NAND	17316
N18084	P2_ADD_1119_U63	NAND	17317
N18085	P2_ADD_1119_U64	NAND	17318
N18086	P2_ADD_1119_U65	NAND	17319
N18087	P2_ADD_1119_U66	NAND	17320
N18088	P2_ADD_1119_U67	NAND	17321
N18089	P2_ADD_1119_U68	NAND	17322
N18090	P2_ADD_1119_U69	NAND	17323
N18091	P2_ADD_1119_U70	NAND	17324
N18092	P2_ADD_1119_U71	NAND	17325
N18093	P2_ADD_1119_U72	NAND	17326
N18094	P2_ADD_1119_U73	NAND	17327
N18095	P2_ADD_1119_U74	NAND	17328
N18096	P2_ADD_1119_U75	AND	17329
N18097	P2_ADD_1119_U76	AND	17330
N18098	P2_ADD_1119_U77	AND	17331
N18099	P2_ADD_1119_U78	AND	17332
N18100	P2_ADD_1119_U79	NAND	17333
N18101	P2_ADD_1119_U80	NAND	17334
N18102	P2_ADD_1119_U81	NAND	17335
N18103	P2_ADD_1119_U82	NAND	17336
N18104	P2_ADD_1119_U83	NAND	17337
N18105	P2_ADD_1119_U84	NOT	17338
N18106	P2_ADD_1119_U85	NOT	17339
N18107	P2_ADD_1119_U86	NOT	17340
N18108	P2_ADD_1119_U87	NOT	17341
N18109	P2_ADD_1119_U88	NOT	17342
N18110	P2_ADD_1119_U89	NOT	17343
N18111	P2_ADD_1119_U90	NOT	17344
N18112	P2_ADD_1119_U91	NOT	17345
N18113	P2_ADD_1119_U92	NOT	17346
N18114	P2_ADD_1119_U93	NOT	17347
N18115	P2_ADD_1119_U94	NOT	17348
N18116	P2_ADD_1119_U95	NOT	17349
N18117	P2_ADD_1119_U96	NOT	17350
N18118	P2_ADD_1119_U97	NOT	17351
N18119	P2_ADD_1119_U98	NOT	17352
N18120	P2_ADD_1119_U99	NOT	17353
N18121	P2_ADD_1119_U100	NOT	17354
N18122	P2_ADD_1119_U101	NOT	17355
N18123	P2_ADD_1119_U102	NOT	17356
N18124	P2_ADD_1119_U103	NOT	17357
N18125	P2_ADD_1119_U104	NOT	17358
N18126	P2_ADD_1119_U105	NOT	17359
N18127	P2_ADD_1119_U106	NOT	17360
N18128	P2_ADD_1119_U107	NOT	17361
N18129	P2_ADD_1119_U108	NAND	17362
N18130	P2_ADD_1119_U109	NAND	17363
N18131	P2_ADD_1119_U110	NAND	17364
N18132	P2_ADD_1119_U111	NAND	17365
N18133	P2_ADD_1119_U112	NAND	17366
N18134	P2_ADD_1119_U113	NAND	17367
N18135	P2_ADD_1119_U114	NAND	17368
N18136	P2_ADD_1119_U115	NAND	17369
N18137	P2_ADD_1119_U116	NAND	17370
N18138	P2_ADD_1119_U117	NAND	17371
N18139	P2_ADD_1119_U118	NAND	17372
N18140	P2_ADD_1119_U119	NAND	17373
N18141	P2_ADD_1119_U120	NAND	17374
N18142	P2_ADD_1119_U121	NAND	17375
N18143	P2_ADD_1119_U122	NAND	17376
N18144	P2_ADD_1119_U123	NAND	17377
N18145	P2_ADD_1119_U124	NAND	17378
N18146	P2_ADD_1119_U125	NAND	17379
N18147	P2_ADD_1119_U126	NAND	17380
N18148	P2_ADD_1119_U127	NAND	17381
N18149	P2_ADD_1119_U128	NAND	17382
N18150	P2_ADD_1119_U129	NAND	17383
N18151	P2_ADD_1119_U130	NAND	17384
N18152	P2_ADD_1119_U131	NAND	17385
N18153	P2_ADD_1119_U132	NAND	17386
N18154	P2_ADD_1119_U133	NAND	17387
N18155	P2_ADD_1119_U134	NAND	17388
N18156	P2_ADD_1119_U135	NAND	17389
N18157	P2_ADD_1119_U136	NAND	17390
N18158	P2_ADD_1119_U137	NAND	17391
N18159	P2_ADD_1119_U138	NAND	17392
N18160	P2_ADD_1119_U139	NAND	17393
N18161	P2_ADD_1119_U140	NAND	17394
N18162	P2_ADD_1119_U141	NAND	17395
N18163	P2_ADD_1119_U142	NAND	17396
N18164	P2_ADD_1119_U143	NAND	17397
N18165	P2_ADD_1119_U144	NAND	17398
N18166	P2_ADD_1119_U145	NAND	17399
N18167	P2_ADD_1119_U146	NAND	17400
N18168	P2_ADD_1119_U147	NAND	17401
N18169	P2_ADD_1119_U148	NAND	17402
N18170	P2_ADD_1119_U149	NAND	17403
N18171	P2_ADD_1119_U150	NAND	17404
N18172	P2_ADD_1119_U151	NAND	17405
N18173	P2_ADD_1119_U152	NAND	17406
N18174	P2_ADD_1119_U153	NAND	17407
N18175	P2_ADD_1119_U154	NAND	17408
N18176	P2_ADD_1119_U155	NAND	17409
N18177	P2_ADD_1119_U156	NAND	17410
N18178	P2_ADD_1119_U157	NAND	17411
N18179	P2_SUB_1108_U6	AND	17412
N18180	P2_SUB_1108_U7	AND	17413
N18181	P2_SUB_1108_U8	AND	17414
N18182	P2_SUB_1108_U9	AND	17415
N18183	P2_SUB_1108_U10	AND	17416
N18184	P2_SUB_1108_U11	AND	17417
N18185	P2_SUB_1108_U12	AND	17418
N18186	P2_SUB_1108_U13	AND	17419
N18187	P2_SUB_1108_U14	AND	17420
N18188	P2_SUB_1108_U15	AND	17421
N18189	P2_SUB_1108_U16	AND	17422
N18190	P2_SUB_1108_U17	AND	17423
N18191	P2_SUB_1108_U18	AND	17424
N18192	P2_SUB_1108_U19	AND	17425
N18193	P2_SUB_1108_U20	AND	17426
N18194	P2_SUB_1108_U21	AND	17427
N18195	P2_SUB_1108_U22	AND	17428
N18196	P2_SUB_1108_U23	OR	17429
N18197	P2_SUB_1108_U24	NAND	17430
N18198	P2_SUB_1108_U25	NAND	17431
N18199	P2_SUB_1108_U26	NAND	17432
N18200	P2_SUB_1108_U27	NOT	17433
N18201	P2_SUB_1108_U28	NOT	17434
N18202	P2_SUB_1108_U29	NAND	17435
N18203	P2_SUB_1108_U30	NAND	17436
N18204	P2_SUB_1108_U31	NAND	17437
N18205	P2_SUB_1108_U32	NAND	17438
N18206	P2_SUB_1108_U33	NAND	17439
N18207	P2_SUB_1108_U34	NOT	17440
N18208	P2_SUB_1108_U35	NAND	17441
N18209	P2_SUB_1108_U36	NAND	17442
N18210	P2_SUB_1108_U37	NAND	17443
N18211	P2_SUB_1108_U38	NAND	17444
N18212	P2_SUB_1108_U39	NOT	17445
N18213	P2_SUB_1108_U40	NAND	17446
N18214	P2_SUB_1108_U41	NOT	17447
N18215	P2_SUB_1108_U42	NAND	17448
N18216	P2_SUB_1108_U43	NAND	17449
N18217	P2_SUB_1108_U44	NOR	17450
N18218	P2_SUB_1108_U45	NOR	17451
N18219	P2_SUB_1108_U46	NOR	17452
N18220	P2_SUB_1108_U47	NOR	17453
N18221	P2_SUB_1108_U48	NOR	17454
N18222	P2_SUB_1108_U49	NOR	17455
N18223	P2_SUB_1108_U50	NOR	17456
N18224	P2_SUB_1108_U51	NOR	17457
N18225	P2_SUB_1108_U52	AND	17458
N18226	P2_SUB_1108_U53	NOR	17459
N18227	P2_SUB_1108_U54	NOR	17460
N18228	P2_SUB_1108_U55	NOR	17461
N18229	P2_SUB_1108_U56	NOR	17462
N18230	P2_SUB_1108_U57	AND	17463
N18231	P2_SUB_1108_U58	NOR	17464
N18232	P2_SUB_1108_U59	NOR	17465
N18233	P2_SUB_1108_U60	NOR	17466
N18234	P2_SUB_1108_U61	NOR	17467
N18235	P2_SUB_1108_U62	AND	17468
N18236	P2_SUB_1108_U63	NOR	17469
N18237	P2_SUB_1108_U64	NOR	17470
N18238	P2_SUB_1108_U65	NOR	17471
N18239	P2_SUB_1108_U66	NOR	17472
N18240	P2_SUB_1108_U67	AND	17473
N18241	P2_SUB_1108_U68	NOR	17474
N18242	P2_SUB_1108_U69	NOR	17475
N18243	P2_SUB_1108_U70	NOR	17476
N18244	P2_SUB_1108_U71	NOR	17477
N18245	P2_SUB_1108_U72	AND	17478
N18246	P2_SUB_1108_U73	NOR	17479
N18247	P2_SUB_1108_U74	NOR	17480
N18248	P2_SUB_1108_U75	NOR	17481
N18249	P2_SUB_1108_U76	NOR	17482
N18250	P2_SUB_1108_U77	AND	17483
N18251	P2_SUB_1108_U78	NOR	17484
N18252	P2_SUB_1108_U79	NOR	17485
N18253	P2_SUB_1108_U80	NOR	17486
N18254	P2_SUB_1108_U81	NOR	17487
N18255	P2_SUB_1108_U82	AND	17488
N18256	P2_SUB_1108_U83	NOR	17489
N18257	P2_SUB_1108_U84	NOR	17490
N18258	P2_SUB_1108_U85	NOR	17491
N18259	P2_SUB_1108_U86	NOR	17492
N18260	P2_SUB_1108_U87	AND	17493
N18261	P2_SUB_1108_U88	NOR	17494
N18262	P2_SUB_1108_U89	NOR	17495
N18263	P2_SUB_1108_U90	NOR	17496
N18264	P2_SUB_1108_U91	NOR	17497
N18265	P2_SUB_1108_U92	NOR	17498
N18266	P2_SUB_1108_U93	NOR	17499
N18267	P2_SUB_1108_U94	NOR	17500
N18268	P2_SUB_1108_U95	NOR	17501
N18269	P2_SUB_1108_U96	NOR	17502
N18270	P2_SUB_1108_U97	NOR	17503
N18271	P2_SUB_1108_U98	NOT	17504
N18272	P2_SUB_1108_U99	AND	17505
N18273	P2_SUB_1108_U100	NOT	17506
N18274	P2_SUB_1108_U101	AND	17507
N18275	P2_SUB_1108_U102	NOT	17508
N18276	P2_SUB_1108_U103	NOT	17509
N18277	P2_SUB_1108_U104	AND	17510
N18278	P2_SUB_1108_U105	NOT	17511
N18279	P2_SUB_1108_U106	NAND	17512
N18280	P2_SUB_1108_U107	AND	17513
N18281	P2_SUB_1108_U108	NOT	17514
N18282	P2_SUB_1108_U109	NAND	17515
N18283	P2_SUB_1108_U110	AND	17516
N18284	P2_SUB_1108_U111	NOT	17517
N18285	P2_SUB_1108_U112	AND	17518
N18286	P2_SUB_1108_U113	NOT	17519
N18287	P2_SUB_1108_U114	AND	17520
N18288	P2_SUB_1108_U115	NOT	17521
N18289	P2_SUB_1108_U116	AND	17522
N18290	P2_SUB_1108_U117	NOT	17523
N18291	P2_SUB_1108_U118	NAND	17524
N18292	P2_SUB_1108_U119	AND	17525
N18293	P2_SUB_1108_U120	NOT	17526
N18294	P2_SUB_1108_U121	NOT	17527
N18295	P2_SUB_1108_U122	NOT	17528
N18296	P2_SUB_1108_U123	AND	17529
N18297	P2_SUB_1108_U124	NOT	17530
N18298	P2_SUB_1108_U125	AND	17531
N18299	P2_SUB_1108_U126	NOT	17532
N18300	P2_SUB_1108_U127	AND	17533
N18301	P2_SUB_1108_U128	NAND	17534
N18302	P2_SUB_1108_U129	NOT	17535
N18303	P2_SUB_1108_U130	NOT	17536
N18304	P2_SUB_1108_U131	NAND	17537
N18305	P2_SUB_1108_U132	NOT	17538
N18306	P2_SUB_1108_U133	NAND	17539
N18307	P2_SUB_1108_U134	NAND	17540
N18308	P2_SUB_1108_U135	NAND	17541
N18309	P2_SUB_1108_U136	NAND	17542
N18310	P2_SUB_1108_U137	NAND	17543
N18311	P2_SUB_1108_U138	NAND	17544
N18312	P2_SUB_1108_U139	NOT	17545
N18313	P2_SUB_1108_U140	NAND	17546
N18314	P2_SUB_1108_U141	NOT	17547
N18315	P2_SUB_1108_U142	NOT	17548
N18316	P2_SUB_1108_U143	NAND	17549
N18317	P2_SUB_1108_U144	NOT	17550
N18318	P2_SUB_1108_U145	NOT	17551
N18319	P2_SUB_1108_U146	NOT	17552
N18320	P2_SUB_1108_U147	NOT	17553
N18321	P2_SUB_1108_U148	NOT	17554
N18322	P2_SUB_1108_U149	NOT	17555
N18323	P2_SUB_1108_U150	NOT	17556
N18324	P2_SUB_1108_U151	NOT	17557
N18325	P2_SUB_1108_U152	NOT	17558
N18326	P2_SUB_1108_U153	NOT	17559
N18327	P2_SUB_1108_U154	OR	17560
N18328	P2_SUB_1108_U155	NAND	17561
N18329	P2_SUB_1108_U156	NAND	17562
N18330	P2_SUB_1108_U157	NAND	17563
N18331	P2_SUB_1108_U158	NAND	17564
N18332	P2_SUB_1108_U159	NAND	17565
N18333	P2_SUB_1108_U160	NAND	17566
N18334	P2_SUB_1108_U161	NAND	17567
N18335	P2_SUB_1108_U162	NAND	17568
N18336	P2_SUB_1108_U163	NAND	17569
N18337	P2_SUB_1108_U164	NAND	17570
N18338	P2_SUB_1108_U165	NAND	17571
N18339	P2_SUB_1108_U166	NAND	17572
N18340	P2_SUB_1108_U167	NAND	17573
N18341	P2_SUB_1108_U168	NAND	17574
N18342	P2_SUB_1108_U169	NAND	17575
N18343	P2_SUB_1108_U170	NAND	17576
N18344	P2_SUB_1108_U171	NAND	17577
N18345	P2_SUB_1108_U172	NAND	17578
N18346	P2_SUB_1108_U173	NAND	17579
N18347	P2_SUB_1108_U174	NOT	17580
N18348	P2_SUB_1108_U175	NAND	17581
N18349	P2_SUB_1108_U176	NAND	17582
N18350	P2_SUB_1108_U177	NAND	17583
N18351	P2_SUB_1108_U178	NAND	17584
N18352	P2_SUB_1108_U179	NAND	17585
N18353	P2_SUB_1108_U180	NAND	17586
N18354	P2_SUB_1108_U181	NAND	17587
N18355	P2_SUB_1108_U182	NAND	17588
N18356	P2_SUB_1108_U183	NAND	17589
N18357	P2_SUB_1108_U184	NAND	17590
N18358	P2_SUB_1108_U185	NAND	17591
N18359	P2_SUB_1108_U186	NAND	17592
N18360	P2_SUB_1108_U187	NAND	17593
N18361	P2_SUB_1108_U188	NAND	17594
N18362	P2_SUB_1108_U189	NAND	17595
N18363	P2_SUB_1108_U190	NAND	17596
N18364	P2_SUB_1108_U191	NAND	17597
N18365	P2_SUB_1108_U192	NAND	17598
N18366	P2_SUB_1108_U193	NAND	17599
N18367	P2_SUB_1108_U194	NAND	17600
N18368	P2_SUB_1108_U195	NAND	17601
N18369	P2_SUB_1108_U196	NAND	17602
N18370	P2_SUB_1108_U197	NAND	17603
N18371	P2_SUB_1108_U198	NAND	17604
N18372	P2_SUB_1108_U199	NAND	17605
N18373	P2_SUB_1108_U200	NAND	17606
N18374	P2_SUB_1108_U201	NAND	17607
N18375	P2_SUB_1108_U202	NAND	17608
N18376	P2_R1299_U6	AND	17609
N18377	P2_R1299_U7	NOT	17610
N18378	P2_R1312_U6	AND	17611
N18379	P2_R1312_U7	AND	17612
N18380	P2_R1312_U8	AND	17613
N18381	P2_R1312_U9	AND	17614
N18382	P2_R1312_U10	AND	17615
N18383	P2_R1312_U11	AND	17616
N18384	P2_R1312_U12	AND	17617
N18385	P2_R1312_U13	AND	17618
N18386	P2_R1312_U14	AND	17619
N18387	P2_R1312_U15	AND	17620
N18388	P2_R1312_U16	AND	17621
N18389	P2_R1312_U17	AND	17622
N18390	P2_R1312_U18	NAND	17623
N18391	P2_R1312_U19	NOT	17624
N18392	P2_R1312_U20	NOT	17625
N18393	P2_R1312_U21	NOT	17626
N18394	P2_R1312_U22	NOT	17627
N18395	P2_R1312_U23	NOT	17628
N18396	P2_R1312_U24	NOT	17629
N18397	P2_R1312_U25	NOT	17630
N18398	P2_R1312_U26	NOT	17631
N18399	P2_R1312_U27	NOT	17632
N18400	P2_R1312_U28	NOT	17633
N18401	P2_R1312_U29	NOT	17634
N18402	P2_R1312_U30	NOT	17635
N18403	P2_R1312_U31	NOT	17636
N18404	P2_R1312_U32	NOT	17637
N18405	P2_R1312_U33	NOT	17638
N18406	P2_R1312_U34	NOT	17639
N18407	P2_R1312_U35	NOT	17640
N18408	P2_R1312_U36	NOT	17641
N18409	P2_R1312_U37	NOT	17642
N18410	P2_R1312_U38	NOT	17643
N18411	P2_R1312_U39	NOT	17644
N18412	P2_R1312_U40	NOT	17645
N18413	P2_R1312_U41	NOT	17646
N18414	P2_R1312_U42	NOT	17647
N18415	P2_R1312_U43	NOT	17648
N18416	P2_R1312_U44	NOT	17649
N18417	P2_R1312_U45	NOT	17650
N18418	P2_R1312_U46	NOT	17651
N18419	P2_R1312_U47	NOT	17652
N18420	P2_R1312_U48	NOT	17653
N18421	P2_R1312_U49	NOT	17654
N18422	P2_R1312_U50	NOT	17655
N18423	P2_R1312_U51	NOT	17656
N18424	P2_R1312_U52	NOT	17657
N18425	P2_R1312_U53	NOT	17658
N18426	P2_R1312_U54	NOT	17659
N18427	P2_R1312_U55	NOT	17660
N18428	P2_R1312_U56	NOT	17661
N18429	P2_R1312_U57	NOT	17662
N18430	P2_R1312_U58	NOT	17663
N18431	P2_R1312_U59	NOT	17664
N18432	P2_R1312_U60	NOT	17665
N18433	P2_R1312_U61	NOT	17666
N18434	P2_R1312_U62	NOT	17667
N18435	P2_R1312_U63	NOT	17668
N18436	P2_R1312_U64	NOT	17669
N18437	P2_R1312_U65	NOT	17670
N18438	P2_R1312_U66	NOT	17671
N18439	P2_R1312_U67	NOT	17672
N18440	P2_R1312_U68	NOT	17673
N18441	P2_R1312_U69	NOT	17674
N18442	P2_R1312_U70	NOT	17675
N18443	P2_R1312_U71	NOT	17676
N18444	P2_R1312_U72	NOT	17677
N18445	P2_R1312_U73	NOT	17678
N18446	P2_R1312_U74	NOT	17679
N18447	P2_R1312_U75	NOT	17680
N18448	P2_R1312_U76	NOT	17681
N18449	P2_R1312_U77	NOT	17682
N18450	P2_R1312_U78	NOT	17683
N18451	P2_R1312_U79	NOT	17684
N18452	P2_R1312_U80	NOT	17685
N18453	P2_R1312_U81	AND	17686
N18454	P2_R1312_U82	AND	17687
N18455	P2_R1312_U83	AND	17688
N18456	P2_R1312_U84	AND	17689
N18457	P2_R1312_U85	AND	17690
N18458	P2_R1312_U86	AND	17691
N18459	P2_R1312_U87	AND	17692
N18460	P2_R1312_U88	AND	17693
N18461	P2_R1312_U89	AND	17694
N18462	P2_R1312_U90	AND	17695
N18463	P2_R1312_U91	AND	17696
N18464	P2_R1312_U92	AND	17697
N18465	P2_R1312_U93	AND	17698
N18466	P2_R1312_U94	AND	17699
N18467	P2_R1312_U95	AND	17700
N18468	P2_R1312_U96	AND	17701
N18469	P2_R1312_U97	AND	17702
N18470	P2_R1312_U98	AND	17703
N18471	P2_R1312_U99	AND	17704
N18472	P2_R1312_U100	AND	17705
N18473	P2_R1312_U101	AND	17706
N18474	P2_R1312_U102	AND	17707
N18475	P2_R1312_U103	AND	17708
N18476	P2_R1312_U104	AND	17709
N18477	P2_R1312_U105	AND	17710
N18478	P2_R1312_U106	AND	17711
N18479	P2_R1312_U107	AND	17712
N18480	P2_R1312_U108	AND	17713
N18481	P2_R1312_U109	AND	17714
N18482	P2_R1312_U110	AND	17715
N18483	P2_R1312_U111	AND	17716
N18484	P2_R1312_U112	AND	17717
N18485	P2_R1312_U113	AND	17718
N18486	P2_R1312_U114	AND	17719
N18487	P2_R1312_U115	AND	17720
N18488	P2_R1312_U116	AND	17721
N18489	P2_R1312_U117	AND	17722
N18490	P2_R1312_U118	AND	17723
N18491	P2_R1312_U119	AND	17724
N18492	P2_R1312_U120	AND	17725
N18493	P2_R1312_U121	AND	17726
N18494	P2_R1312_U122	AND	17727
N18495	P2_R1312_U123	AND	17728
N18496	P2_R1312_U124	AND	17729
N18497	P2_R1312_U125	AND	17730
N18498	P2_R1312_U126	AND	17731
N18499	P2_R1312_U127	AND	17732
N18500	P2_R1312_U128	AND	17733
N18501	P2_R1312_U129	AND	17734
N18502	P2_R1312_U130	AND	17735
N18503	P2_R1312_U131	AND	17736
N18504	P2_R1312_U132	AND	17737
N18505	P2_R1312_U133	AND	17738
N18506	P2_R1312_U134	AND	17739
N18507	P2_R1312_U135	AND	17740
N18508	P2_R1312_U136	AND	17741
N18509	P2_R1312_U137	AND	17742
N18510	P2_R1312_U138	AND	17743
N18511	P2_R1312_U139	AND	17744
N18512	P2_R1312_U140	AND	17745
N18513	P2_R1312_U141	AND	17746
N18514	P2_R1312_U142	AND	17747
N18515	P2_R1312_U143	AND	17748
N18516	P2_R1312_U144	AND	17749
N18517	P2_R1312_U145	AND	17750
N18518	P2_R1312_U146	AND	17751
N18519	P2_R1312_U147	AND	17752
N18520	P2_R1312_U148	AND	17753
N18521	P2_R1312_U149	AND	17754
N18522	P2_R1312_U150	AND	17755
N18523	P2_R1312_U151	AND	17756
N18524	P2_R1312_U152	AND	17757
N18525	P2_R1312_U153	NAND	17758
N18526	P2_R1312_U154	NAND	17759
N18527	P2_R1312_U155	NAND	17760
N18528	P2_R1312_U156	NAND	17761
N18529	P2_R1312_U157	NAND	17762
N18530	P2_R1312_U158	NAND	17763
N18531	P2_R1312_U159	NAND	17764
N18532	P2_R1312_U160	NAND	17765
N18533	P2_R1312_U161	NAND	17766
N18534	P2_R1312_U162	NAND	17767
N18535	P2_R1312_U163	NAND	17768
N18536	P2_R1312_U164	NAND	17769
N18537	P2_R1312_U165	NAND	17770
N18538	P2_R1312_U166	NAND	17771
N18539	P2_R1312_U167	NAND	17772
N18540	P2_R1312_U168	NAND	17773
N18541	P2_R1312_U169	NAND	17774
N18542	P2_R1312_U170	NAND	17775
N18543	P2_R1312_U171	NAND	17776
N18544	P2_R1312_U172	NAND	17777
N18545	P2_R1312_U173	NAND	17778
N18546	P2_R1312_U174	NAND	17779
N18547	P2_R1312_U175	NAND	17780
N18548	P2_R1312_U176	NAND	17781
N18549	P2_R1312_U177	NAND	17782
N18550	P2_R1312_U178	NAND	17783
N18551	P2_R1312_U179	NAND	17784
N18552	P2_R1312_U180	NAND	17785
N18553	P2_R1312_U181	NAND	17786
N18554	P2_R1312_U182	NAND	17787
N18555	P2_R1312_U183	NAND	17788
N18556	P2_R1312_U184	NAND	17789
N18557	P2_R1312_U185	NAND	17790
N18558	P2_R1312_U186	NAND	17791
N18559	P2_R1312_U187	OR	17792
N18560	P2_R1312_U188	NAND	17793
N18561	P2_R1312_U189	NAND	17794
N18562	P2_R1312_U190	NAND	17795
N18563	P2_R1312_U191	NAND	17796
N18564	P2_R1312_U192	NAND	17797
N18565	P2_R1312_U193	NAND	17798
N18566	P2_R1312_U194	NAND	17799
N18567	P2_R1312_U195	NAND	17800
N18568	P2_R1312_U196	NAND	17801
N18569	P2_R1312_U197	NAND	17802
N18570	P2_R1312_U198	NAND	17803
N18571	P2_R1312_U199	NAND	17804
N18572	P2_R1312_U200	NAND	17805
N18573	P2_R1312_U201	NAND	17806
N18574	P2_R1312_U202	NAND	17807
N18575	P2_R1312_U203	NAND	17808
N18576	P2_R1312_U204	NAND	17809
N18577	P2_R1312_U205	NAND	17810
N18578	P2_R1312_U206	NAND	17811
N18579	P2_R1312_U207	NAND	17812
N18580	P2_R1312_U208	NAND	17813
N18581	P2_R1312_U209	NAND	17814
N18582	P2_R1312_U210	NAND	17815
N18583	P2_R1312_U211	NAND	17816
N18584	P2_R1312_U212	NAND	17817
N18585	P2_R1312_U213	NAND	17818
N18586	P2_R1312_U214	NAND	17819
N18587	P2_R1312_U215	NAND	17820
N18588	P2_R1312_U216	NAND	17821
N18589	P2_R1312_U217	NAND	17822
N18590	P2_R1312_U218	NAND	17823
N18591	P2_R1312_U219	NAND	17824
N18592	P2_R1312_U220	NAND	17825
N18593	P2_R1312_U221	NAND	17826
N18594	P2_R1312_U222	NAND	17827
N18595	P2_R1312_U223	NAND	17828
N18596	P2_R1312_U224	NAND	17829
N18597	P2_R1312_U225	NAND	17830
N18598	P2_R1312_U226	OR	17831
N18599	P2_R1312_U227	NAND	17832
N18600	P2_R1335_U6	NOT	17833
N18601	P2_R1335_U7	NOT	17834
N18602	P2_R1335_U8	AND	17835
N18603	P2_R1335_U9	NAND	17836
N18604	P2_R1335_U10	NAND	17837
N18605	P2_R1209_U4	AND	17838
N18606	P2_R1209_U5	AND	17839
N18607	P2_R1209_U6	AND	17840
N18608	P2_R1209_U7	AND	17841
N18609	P2_R1209_U8	AND	17842
N18610	P2_R1209_U9	AND	17843
N18611	P2_R1209_U10	AND	17844
N18612	P2_R1209_U11	AND	17845
N18613	P2_R1209_U12	AND	17846
N18614	P2_R1209_U13	AND	17847
N18615	P2_R1209_U14	AND	17848
N18616	P2_R1209_U15	AND	17849
N18617	P2_R1209_U16	AND	17850
N18618	P2_R1209_U17	NOT	17851
N18619	P2_R1209_U18	NOT	17852
N18620	P2_R1209_U19	NOT	17853
N18621	P2_R1209_U20	NAND	17854
N18622	P2_R1209_U21	NOT	17855
N18623	P2_R1209_U22	NOT	17856
N18624	P2_R1209_U23	NOT	17857
N18625	P2_R1209_U24	NOT	17858
N18626	P2_R1209_U25	NOT	17859
N18627	P2_R1209_U26	NOT	17860
N18628	P2_R1209_U27	NOT	17861
N18629	P2_R1209_U28	NOT	17862
N18630	P2_R1209_U29	NAND	17863
N18631	P2_R1209_U30	NOT	17864
N18632	P2_R1209_U31	NOT	17865
N18633	P2_R1209_U32	NAND	17866
N18634	P2_R1209_U33	NOT	17867
N18635	P2_R1209_U34	NOT	17868
N18636	P2_R1209_U35	NOT	17869
N18637	P2_R1209_U36	NOT	17870
N18638	P2_R1209_U37	NOT	17871
N18639	P2_R1209_U38	NAND	17872
N18640	P2_R1209_U39	NAND	17873
N18641	P2_R1209_U40	NAND	17874
N18642	P2_R1209_U41	NAND	17875
N18643	P2_R1209_U42	NAND	17876
N18644	P2_R1209_U43	NAND	17877
N18645	P2_R1209_U44	NOT	17878
N18646	P2_R1209_U45	NOT	17879
N18647	P2_R1209_U46	NOT	17880
N18648	P2_R1209_U47	NAND	17881
N18649	P2_R1209_U48	NOT	17882
N18650	P2_R1209_U49	NAND	17883
N18651	P2_R1209_U50	NOT	17884
N18652	P2_R1209_U51	NOT	17885
N18653	P2_R1209_U52	NOT	17886
N18654	P2_R1209_U53	NOT	17887
N18655	P2_R1209_U54	NOT	17888
N18656	P2_R1209_U55	NOT	17889
N18657	P2_R1209_U56	NAND	17890
N18658	P2_R1209_U57	NOT	17891
N18659	P2_R1209_U58	NOT	17892
N18660	P2_R1209_U59	NOT	17893
N18661	P2_R1209_U60	NOT	17894
N18662	P2_R1209_U61	NOT	17895
N18663	P2_R1209_U62	NOT	17896
N18664	P2_R1209_U63	NOT	17897
N18665	P2_R1209_U64	NOT	17898
N18666	P2_R1209_U65	NAND	17899
N18667	P2_R1209_U66	NAND	17900
N18668	P2_R1209_U67	NAND	17901
N18669	P2_R1209_U68	NAND	17902
N18670	P2_R1209_U69	NAND	17903
N18671	P2_R1209_U70	NAND	17904
N18672	P2_R1209_U71	NAND	17905
N18673	P2_R1209_U72	NAND	17906
N18674	P2_R1209_U73	NAND	17907
N18675	P2_R1209_U74	NAND	17908
N18676	P2_R1209_U75	NAND	17909
N18677	P2_R1209_U76	NAND	17910
N18678	P2_R1209_U77	NAND	17911
N18679	P2_R1209_U78	NAND	17912
N18680	P2_R1209_U79	NAND	17913
N18681	P2_R1209_U80	NAND	17914
N18682	P2_R1209_U81	NAND	17915
N18683	P2_R1209_U82	NAND	17916
N18684	P2_R1209_U83	NAND	17917
N18685	P2_R1209_U84	NOT	17918
N18686	P2_R1209_U85	NOT	17919
N18687	P2_R1209_U86	NAND	17920
N18688	P2_R1209_U87	NAND	17921
N18689	P2_R1209_U88	NAND	17922
N18690	P2_R1209_U89	NOT	17923
N18691	P2_R1209_U90	NAND	17924
N18692	P2_R1209_U91	NAND	17925
N18693	P2_R1209_U92	NOT	17926
N18694	P2_R1209_U93	NOT	17927
N18695	P2_R1209_U94	OR	17928
N18696	P2_R1209_U95	OR	17929
N18697	P2_R1209_U96	OR	17930
N18698	P2_R1209_U97	OR	17931
N18699	P2_R1209_U98	NOT	17932
N18700	P2_R1209_U99	OR	17933
N18701	P2_R1209_U100	NOT	17934
N18702	P2_R1209_U101	NOT	17935
N18703	P2_R1209_U102	NAND	17936
N18704	P2_R1209_U103	NAND	17937
N18705	P2_R1209_U104	NAND	17938
N18706	P2_R1209_U105	NAND	17939
N18707	P2_R1209_U106	NAND	17940
N18708	P2_R1209_U107	NAND	17941
N18709	P2_R1209_U108	NAND	17942
N18710	P2_R1209_U109	NAND	17943
N18711	P2_R1209_U110	NAND	17944
N18712	P2_R1209_U111	NOT	17945
N18713	P2_R1209_U112	OR	17946
N18714	P2_R1209_U113	OR	17947
N18715	P2_R1209_U114	NOT	17948
N18716	P2_R1209_U115	NAND	17949
N18717	P2_R1209_U116	NAND	17950
N18718	P2_R1209_U117	NAND	17951
N18719	P2_R1209_U118	NAND	17952
N18720	P2_R1209_U119	NOT	17953
N18721	P2_R1209_U120	OR	17954
N18722	P2_R1209_U121	NAND	17955
N18723	P2_R1209_U122	NOT	17956
N18724	P2_R1209_U123	OR	17957
N18725	P2_R1209_U124	OR	17958
N18726	P2_R1209_U125	NAND	17959
N18727	P2_R1209_U126	NAND	17960
N18728	P2_R1209_U127	NAND	17961
N18729	P2_R1209_U128	NAND	17962
N18730	P2_R1209_U129	NAND	17963
N18731	P2_R1209_U130	OR	17964
N18732	P2_R1209_U131	NAND	17965
N18733	P2_R1209_U132	NAND	17966
N18734	P2_R1209_U133	NOT	17967
N18735	P2_R1209_U134	NAND	17968
N18736	P2_R1209_U135	NAND	17969
N18737	P2_R1209_U136	NAND	17970
N18738	P2_R1209_U137	NOT	17971
N18739	P2_R1209_U138	OR	17972
N18740	P2_R1209_U139	NAND	17973
N18741	P2_R1209_U140	NAND	17974
N18742	P2_R1209_U141	NAND	17975
N18743	P2_R1209_U142	NAND	17976
N18744	P2_R1209_U143	NAND	17977
N18745	P2_R1209_U144	OR	17978
N18746	P2_R1209_U145	NAND	17979
N18747	P2_R1209_U146	NOT	17980
N18748	P2_R1209_U147	NAND	17981
N18749	P2_R1209_U148	NAND	17982
N18750	P2_R1209_U149	NAND	17983
N18751	P2_R1209_U150	NAND	17984
N18752	P2_R1209_U151	NAND	17985
N18753	P2_R1209_U152	OR	17986
N18754	P2_R1209_U153	NOT	17987
N18755	P2_R1209_U154	OR	17988
N18756	P2_R1209_U155	OR	17989
N18757	P2_R1209_U156	NAND	17990
N18758	P2_R1209_U157	NAND	17991
N18759	P2_R1209_U158	NAND	17992
N18760	P2_R1209_U159	OR	17993
N18761	P2_R1209_U160	NAND	17994
N18762	P2_R1209_U161	NAND	17995
N18763	P2_R1209_U162	NOT	17996
N18764	P2_R1209_U163	OR	17997
N18765	P2_R1209_U164	OR	17998
N18766	P2_R1209_U165	NAND	17999
N18767	P2_R1209_U166	NAND	18000
N18768	P2_R1209_U167	NAND	18001
N18769	P2_R1209_U168	OR	18002
N18770	P2_R1209_U169	OR	18003
N18771	P2_R1209_U170	NAND	18004
N18772	P2_R1209_U171	NAND	18005
N18773	P2_R1209_U172	NOT	18006
N18774	P2_R1209_U173	OR	18007
N18775	P2_R1209_U174	NAND	18008
N18776	P2_R1209_U175	NAND	18009
N18777	P2_R1209_U176	NOT	18010
N18778	P2_R1209_U177	OR	18011
N18779	P2_R1209_U178	NAND	18012
N18780	P2_R1209_U179	NAND	18013
N18781	P2_R1209_U180	NOT	18014
N18782	P2_R1209_U181	OR	18015
N18783	P2_R1209_U182	OR	18016
N18784	P2_R1209_U183	NOT	18017
N18785	P2_R1209_U184	NAND	18018
N18786	P2_R1209_U185	NAND	18019
N18787	P2_R1209_U186	NAND	18020
N18788	P2_R1209_U187	NAND	18021
N18789	P2_R1209_U188	NOT	18022
N18790	P2_R1209_U189	OR	18023
N18791	P2_R1209_U190	NAND	18024
N18792	P2_R1209_U191	NAND	18025
N18793	P2_R1209_U192	NAND	18026
N18794	P2_R1209_U193	NAND	18027
N18795	P2_R1209_U194	NAND	18028
N18796	P2_R1209_U195	OR	18029
N18797	P2_R1209_U196	NAND	18030
N18798	P2_R1209_U197	OR	18031
N18799	P2_R1209_U198	NAND	18032
N18800	P2_R1209_U199	NAND	18033
N18801	P2_R1209_U200	NAND	18034
N18802	P2_R1209_U201	NAND	18035
N18803	P2_R1209_U202	NAND	18036
N18804	P2_R1209_U203	OR	18037
N18805	P2_R1209_U204	NAND	18038
N18806	P2_R1209_U205	NOT	18039
N18807	P2_R1209_U206	OR	18040
N18808	P2_R1209_U207	NAND	18041
N18809	P2_R1209_U208	NAND	18042
N18810	P2_R1209_U209	NAND	18043
N18811	P2_R1209_U210	NAND	18044
N18812	P2_R1209_U211	NAND	18045
N18813	P2_R1209_U212	OR	18046
N18814	P2_R1209_U213	OR	18047
N18815	P2_R1209_U214	NAND	18048
N18816	P2_R1209_U215	NAND	18049
N18817	P2_R1209_U216	NAND	18050
N18818	P2_R1209_U217	NAND	18051
N18819	P2_R1209_U218	NAND	18052
N18820	P2_R1209_U219	NAND	18053
N18821	P2_R1209_U220	NAND	18054
N18822	P2_R1209_U221	NAND	18055
N18823	P2_R1209_U222	NAND	18056
N18824	P2_R1209_U223	NAND	18057
N18825	P2_R1209_U224	NAND	18058
N18826	P2_R1209_U225	NAND	18059
N18827	P2_R1209_U226	NAND	18060
N18828	P2_R1209_U227	NAND	18061
N18829	P2_R1209_U228	NAND	18062
N18830	P2_R1209_U229	NAND	18063
N18831	P2_R1209_U230	NAND	18064
N18832	P2_R1209_U231	NAND	18065
N18833	P2_R1209_U232	NAND	18066
N18834	P2_R1209_U233	NAND	18067
N18835	P2_R1209_U234	NAND	18068
N18836	P2_R1209_U235	NAND	18069
N18837	P2_R1209_U236	NAND	18070
N18838	P2_R1209_U237	NAND	18071
N18839	P2_R1209_U238	NAND	18072
N18840	P2_R1209_U239	NAND	18073
N18841	P2_R1209_U240	NAND	18074
N18842	P2_R1209_U241	NAND	18075
N18843	P2_R1209_U242	NAND	18076
N18844	P2_R1209_U243	NAND	18077
N18845	P2_R1209_U244	NAND	18078
N18846	P2_R1209_U245	NAND	18079
N18847	P2_R1209_U246	NAND	18080
N18848	P2_R1209_U247	NAND	18081
N18849	P2_R1209_U248	NAND	18082
N18850	P2_R1209_U249	NAND	18083
N18851	P2_R1209_U250	NAND	18084
N18852	P2_R1209_U251	NAND	18085
N18853	P2_R1209_U252	NAND	18086
N18854	P2_R1209_U253	NAND	18087
N18855	P2_R1209_U254	NAND	18088
N18856	P2_R1209_U255	NAND	18089
N18857	P2_R1209_U256	NAND	18090
N18858	P2_R1209_U257	NAND	18091
N18859	P2_R1209_U258	NAND	18092
N18860	P2_R1209_U259	NAND	18093
N18861	P2_R1209_U260	NAND	18094
N18862	P2_R1209_U261	NAND	18095
N18863	P2_R1209_U262	NAND	18096
N18864	P2_R1209_U263	NAND	18097
N18865	P2_R1209_U264	NAND	18098
N18866	P2_R1209_U265	NAND	18099
N18867	P2_R1209_U266	NAND	18100
N18868	P2_R1209_U267	NAND	18101
N18869	P2_R1209_U268	NAND	18102
N18870	P2_R1209_U269	NAND	18103
N18871	P2_R1209_U270	NAND	18104
N18872	P2_R1209_U271	NAND	18105
N18873	P2_R1209_U272	NAND	18106
N18874	P2_R1209_U273	NAND	18107
N18875	P2_R1209_U274	NAND	18108
N18876	P2_R1209_U275	NAND	18109
N18877	P2_R1209_U276	NAND	18110
N18878	P2_R1209_U277	NAND	18111
N18879	P2_R1209_U278	NAND	18112
N18880	P2_R1209_U279	NAND	18113
N18881	P2_R1209_U280	NAND	18114
N18882	P2_R1209_U281	NAND	18115
N18883	P2_R1209_U282	NAND	18116
N18884	P2_R1209_U283	NAND	18117
N18885	P2_R1209_U284	NAND	18118
N18886	P2_R1209_U285	NAND	18119
N18887	P2_R1209_U286	NAND	18120
N18888	P2_R1209_U287	NAND	18121
N18889	P2_R1209_U288	NAND	18122
N18890	P2_R1209_U289	NAND	18123
N18891	P2_R1209_U290	NAND	18124
N18892	P2_R1209_U291	NAND	18125
N18893	P2_R1209_U292	NAND	18126
N18894	P2_R1209_U293	NAND	18127
N18895	P2_R1209_U294	NAND	18128
N18896	P2_R1209_U295	NAND	18129
N18897	P2_R1209_U296	NAND	18130
N18898	P2_R1209_U297	NAND	18131
N18899	P2_R1209_U298	NAND	18132
N18900	P2_R1209_U299	NAND	18133
N18901	P2_R1209_U300	NAND	18134
N18902	P2_R1209_U301	NAND	18135
N18903	P2_R1209_U302	NAND	18136
N18904	P2_R1209_U303	NAND	18137
N18905	P2_R1209_U304	NAND	18138
N18906	P2_R1209_U305	NAND	18139
N18907	P2_R1209_U306	NAND	18140
N18908	P2_R1209_U307	NAND	18141
N18909	P2_R1209_U308	NAND	18142
N18910	P2_R1170_U4	AND	18143
N18911	P2_R1170_U5	AND	18144
N18912	P2_R1170_U6	AND	18145
N18913	P2_R1170_U7	AND	18146
N18914	P2_R1170_U8	AND	18147
N18915	P2_R1170_U9	AND	18148
N18916	P2_R1170_U10	AND	18149
N18917	P2_R1170_U11	AND	18150
N18918	P2_R1170_U12	AND	18151
N18919	P2_R1170_U13	AND	18152
N18920	P2_R1170_U14	AND	18153
N18921	P2_R1170_U15	AND	18154
N18922	P2_R1170_U16	AND	18155
N18923	P2_R1170_U17	NOT	18156
N18924	P2_R1170_U18	NOT	18157
N18925	P2_R1170_U19	NOT	18158
N18926	P2_R1170_U20	NAND	18159
N18927	P2_R1170_U21	NOT	18160
N18928	P2_R1170_U22	NOT	18161
N18929	P2_R1170_U23	NOT	18162
N18930	P2_R1170_U24	NOT	18163
N18931	P2_R1170_U25	NOT	18164
N18932	P2_R1170_U26	NOT	18165
N18933	P2_R1170_U27	NOT	18166
N18934	P2_R1170_U28	NOT	18167
N18935	P2_R1170_U29	NAND	18168
N18936	P2_R1170_U30	NOT	18169
N18937	P2_R1170_U31	NOT	18170
N18938	P2_R1170_U32	NAND	18171
N18939	P2_R1170_U33	NOT	18172
N18940	P2_R1170_U34	NOT	18173
N18941	P2_R1170_U35	NOT	18174
N18942	P2_R1170_U36	NOT	18175
N18943	P2_R1170_U37	NOT	18176
N18944	P2_R1170_U38	NAND	18177
N18945	P2_R1170_U39	NAND	18178
N18946	P2_R1170_U40	NAND	18179
N18947	P2_R1170_U41	NAND	18180
N18948	P2_R1170_U42	NAND	18181
N18949	P2_R1170_U43	NAND	18182
N18950	P2_R1170_U44	NOT	18183
N18951	P2_R1170_U45	NOT	18184
N18952	P2_R1170_U46	NOT	18185
N18953	P2_R1170_U47	NAND	18186
N18954	P2_R1170_U48	NOT	18187
N18955	P2_R1170_U49	NAND	18188
N18956	P2_R1170_U50	NOT	18189
N18957	P2_R1170_U51	NOT	18190
N18958	P2_R1170_U52	NOT	18191
N18959	P2_R1170_U53	NOT	18192
N18960	P2_R1170_U54	NOT	18193
N18961	P2_R1170_U55	NOT	18194
N18962	P2_R1170_U56	NAND	18195
N18963	P2_R1170_U57	NOT	18196
N18964	P2_R1170_U58	NOT	18197
N18965	P2_R1170_U59	NOT	18198
N18966	P2_R1170_U60	NOT	18199
N18967	P2_R1170_U61	NOT	18200
N18968	P2_R1170_U62	NOT	18201
N18969	P2_R1170_U63	NOT	18202
N18970	P2_R1170_U64	NOT	18203
N18971	P2_R1170_U65	NAND	18204
N18972	P2_R1170_U66	NAND	18205
N18973	P2_R1170_U67	NAND	18206
N18974	P2_R1170_U68	NAND	18207
N18975	P2_R1170_U69	NAND	18208
N18976	P2_R1170_U70	NAND	18209
N18977	P2_R1170_U71	NAND	18210
N18978	P2_R1170_U72	NAND	18211
N18979	P2_R1170_U73	NAND	18212
N18980	P2_R1170_U74	NAND	18213
N18981	P2_R1170_U75	NAND	18214
N18982	P2_R1170_U76	NAND	18215
N18983	P2_R1170_U77	NAND	18216
N18984	P2_R1170_U78	NAND	18217
N18985	P2_R1170_U79	NAND	18218
N18986	P2_R1170_U80	NAND	18219
N18987	P2_R1170_U81	NAND	18220
N18988	P2_R1170_U82	NAND	18221
N18989	P2_R1170_U83	NAND	18222
N18990	P2_R1170_U84	NOT	18223
N18991	P2_R1170_U85	NOT	18224
N18992	P2_R1170_U86	NAND	18225
N18993	P2_R1170_U87	NAND	18226
N18994	P2_R1170_U88	NAND	18227
N18995	P2_R1170_U89	NOT	18228
N18996	P2_R1170_U90	NAND	18229
N18997	P2_R1170_U91	NAND	18230
N18998	P2_R1170_U92	NOT	18231
N18999	P2_R1170_U93	NOT	18232
N19000	P2_R1170_U94	OR	18233
N19001	P2_R1170_U95	OR	18234
N19002	P2_R1170_U96	OR	18235
N19003	P2_R1170_U97	OR	18236
N19004	P2_R1170_U98	NOT	18237
N19005	P2_R1170_U99	OR	18238
N19006	P2_R1170_U100	NOT	18239
N19007	P2_R1170_U101	NOT	18240
N19008	P2_R1170_U102	NAND	18241
N19009	P2_R1170_U103	NAND	18242
N19010	P2_R1170_U104	NAND	18243
N19011	P2_R1170_U105	NAND	18244
N19012	P2_R1170_U106	NAND	18245
N19013	P2_R1170_U107	NAND	18246
N19014	P2_R1170_U108	NAND	18247
N19015	P2_R1170_U109	NAND	18248
N19016	P2_R1170_U110	NAND	18249
N19017	P2_R1170_U111	NOT	18250
N19018	P2_R1170_U112	OR	18251
N19019	P2_R1170_U113	OR	18252
N19020	P2_R1170_U114	NOT	18253
N19021	P2_R1170_U115	NAND	18254
N19022	P2_R1170_U116	NAND	18255
N19023	P2_R1170_U117	NAND	18256
N19024	P2_R1170_U118	NAND	18257
N19025	P2_R1170_U119	NOT	18258
N19026	P2_R1170_U120	OR	18259
N19027	P2_R1170_U121	NAND	18260
N19028	P2_R1170_U122	NOT	18261
N19029	P2_R1170_U123	OR	18262
N19030	P2_R1170_U124	OR	18263
N19031	P2_R1170_U125	NAND	18264
N19032	P2_R1170_U126	NAND	18265
N19033	P2_R1170_U127	NAND	18266
N19034	P2_R1170_U128	NAND	18267
N19035	P2_R1170_U129	NAND	18268
N19036	P2_R1170_U130	OR	18269
N19037	P2_R1170_U131	NAND	18270
N19038	P2_R1170_U132	NAND	18271
N19039	P2_R1170_U133	NOT	18272
N19040	P2_R1170_U134	NAND	18273
N19041	P2_R1170_U135	NAND	18274
N19042	P2_R1170_U136	NAND	18275
N19043	P2_R1170_U137	NOT	18276
N19044	P2_R1170_U138	OR	18277
N19045	P2_R1170_U139	NAND	18278
N19046	P2_R1170_U140	NAND	18279
N19047	P2_R1170_U141	NAND	18280
N19048	P2_R1170_U142	NAND	18281
N19049	P2_R1170_U143	NAND	18282
N19050	P2_R1170_U144	OR	18283
N19051	P2_R1170_U145	NAND	18284
N19052	P2_R1170_U146	NOT	18285
N19053	P2_R1170_U147	NAND	18286
N19054	P2_R1170_U148	NAND	18287
N19055	P2_R1170_U149	NAND	18288
N19056	P2_R1170_U150	NAND	18289
N19057	P2_R1170_U151	NAND	18290
N19058	P2_R1170_U152	OR	18291
N19059	P2_R1170_U153	NOT	18292
N19060	P2_R1170_U154	OR	18293
N19061	P2_R1170_U155	OR	18294
N19062	P2_R1170_U156	NAND	18295
N19063	P2_R1170_U157	NAND	18296
N19064	P2_R1170_U158	NAND	18297
N19065	P2_R1170_U159	OR	18298
N19066	P2_R1170_U160	NAND	18299
N19067	P2_R1170_U161	NAND	18300
N19068	P2_R1170_U162	NOT	18301
N19069	P2_R1170_U163	OR	18302
N19070	P2_R1170_U164	OR	18303
N19071	P2_R1170_U165	NAND	18304
N19072	P2_R1170_U166	NAND	18305
N19073	P2_R1170_U167	NAND	18306
N19074	P2_R1170_U168	OR	18307
N19075	P2_R1170_U169	OR	18308
N19076	P2_R1170_U170	NAND	18309
N19077	P2_R1170_U171	NAND	18310
N19078	P2_R1170_U172	NOT	18311
N19079	P2_R1170_U173	OR	18312
N19080	P2_R1170_U174	NAND	18313
N19081	P2_R1170_U175	NAND	18314
N19082	P2_R1170_U176	NOT	18315
N19083	P2_R1170_U177	OR	18316
N19084	P2_R1170_U178	NAND	18317
N19085	P2_R1170_U179	NAND	18318
N19086	P2_R1170_U180	NOT	18319
N19087	P2_R1170_U181	OR	18320
N19088	P2_R1170_U182	OR	18321
N19089	P2_R1170_U183	NOT	18322
N19090	P2_R1170_U184	NAND	18323
N19091	P2_R1170_U185	NAND	18324
N19092	P2_R1170_U186	NAND	18325
N19093	P2_R1170_U187	NAND	18326
N19094	P2_R1170_U188	NOT	18327
N19095	P2_R1170_U189	OR	18328
N19096	P2_R1170_U190	NAND	18329
N19097	P2_R1170_U191	NAND	18330
N19098	P2_R1170_U192	NAND	18331
N19099	P2_R1170_U193	NAND	18332
N19100	P2_R1170_U194	NAND	18333
N19101	P2_R1170_U195	OR	18334
N19102	P2_R1170_U196	NAND	18335
N19103	P2_R1170_U197	OR	18336
N19104	P2_R1170_U198	NAND	18337
N19105	P2_R1170_U199	NAND	18338
N19106	P2_R1170_U200	NAND	18339
N19107	P2_R1170_U201	NAND	18340
N19108	P2_R1170_U202	NAND	18341
N19109	P2_R1170_U203	OR	18342
N19110	P2_R1170_U204	NAND	18343
N19111	P2_R1170_U205	NOT	18344
N19112	P2_R1170_U206	OR	18345
N19113	P2_R1170_U207	NAND	18346
N19114	P2_R1170_U208	NAND	18347
N19115	P2_R1170_U209	NAND	18348
N19116	P2_R1170_U210	NAND	18349
N19117	P2_R1170_U211	NAND	18350
N19118	P2_R1170_U212	OR	18351
N19119	P2_R1170_U213	OR	18352
N19120	P2_R1170_U214	NAND	18353
N19121	P2_R1170_U215	NAND	18354
N19122	P2_R1170_U216	NAND	18355
N19123	P2_R1170_U217	NAND	18356
N19124	P2_R1170_U218	NAND	18357
N19125	P2_R1170_U219	NAND	18358
N19126	P2_R1170_U220	NAND	18359
N19127	P2_R1170_U221	NAND	18360
N19128	P2_R1170_U222	NAND	18361
N19129	P2_R1170_U223	NAND	18362
N19130	P2_R1170_U224	NAND	18363
N19131	P2_R1170_U225	NAND	18364
N19132	P2_R1170_U226	NAND	18365
N19133	P2_R1170_U227	NAND	18366
N19134	P2_R1170_U228	NAND	18367
N19135	P2_R1170_U229	NAND	18368
N19136	P2_R1170_U230	NAND	18369
N19137	P2_R1170_U231	NAND	18370
N19138	P2_R1170_U232	NAND	18371
N19139	P2_R1170_U233	NAND	18372
N19140	P2_R1170_U234	NAND	18373
N19141	P2_R1170_U235	NAND	18374
N19142	P2_R1170_U236	NAND	18375
N19143	P2_R1170_U237	NAND	18376
N19144	P2_R1170_U238	NAND	18377
N19145	P2_R1170_U239	NAND	18378
N19146	P2_R1170_U240	NAND	18379
N19147	P2_R1170_U241	NAND	18380
N19148	P2_R1170_U242	NAND	18381
N19149	P2_R1170_U243	NAND	18382
N19150	P2_R1170_U244	NAND	18383
N19151	P2_R1170_U245	NAND	18384
N19152	P2_R1170_U246	NAND	18385
N19153	P2_R1170_U247	NAND	18386
N19154	P2_R1170_U248	NAND	18387
N19155	P2_R1170_U249	NAND	18388
N19156	P2_R1170_U250	NAND	18389
N19157	P2_R1170_U251	NAND	18390
N19158	P2_R1170_U252	NAND	18391
N19159	P2_R1170_U253	NAND	18392
N19160	P2_R1170_U254	NAND	18393
N19161	P2_R1170_U255	NAND	18394
N19162	P2_R1170_U256	NAND	18395
N19163	P2_R1170_U257	NAND	18396
N19164	P2_R1170_U258	NAND	18397
N19165	P2_R1170_U259	NAND	18398
N19166	P2_R1170_U260	NAND	18399
N19167	P2_R1170_U261	NAND	18400
N19168	P2_R1170_U262	NAND	18401
N19169	P2_R1170_U263	NAND	18402
N19170	P2_R1170_U264	NAND	18403
N19171	P2_R1170_U265	NAND	18404
N19172	P2_R1170_U266	NAND	18405
N19173	P2_R1170_U267	NAND	18406
N19174	P2_R1170_U268	NAND	18407
N19175	P2_R1170_U269	NAND	18408
N19176	P2_R1170_U270	NAND	18409
N19177	P2_R1170_U271	NAND	18410
N19178	P2_R1170_U272	NAND	18411
N19179	P2_R1170_U273	NAND	18412
N19180	P2_R1170_U274	NAND	18413
N19181	P2_R1170_U275	NAND	18414
N19182	P2_R1170_U276	NAND	18415
N19183	P2_R1170_U277	NAND	18416
N19184	P2_R1170_U278	NAND	18417
N19185	P2_R1170_U279	NAND	18418
N19186	P2_R1170_U280	NAND	18419
N19187	P2_R1170_U281	NAND	18420
N19188	P2_R1170_U282	NAND	18421
N19189	P2_R1170_U283	NAND	18422
N19190	P2_R1170_U284	NAND	18423
N19191	P2_R1170_U285	NAND	18424
N19192	P2_R1170_U286	NAND	18425
N19193	P2_R1170_U287	NAND	18426
N19194	P2_R1170_U288	NAND	18427
N19195	P2_R1170_U289	NAND	18428
N19196	P2_R1170_U290	NAND	18429
N19197	P2_R1170_U291	NAND	18430
N19198	P2_R1170_U292	NAND	18431
N19199	P2_R1170_U293	NAND	18432
N19200	P2_R1170_U294	NAND	18433
N19201	P2_R1170_U295	NAND	18434
N19202	P2_R1170_U296	NAND	18435
N19203	P2_R1170_U297	NAND	18436
N19204	P2_R1170_U298	NAND	18437
N19205	P2_R1170_U299	NAND	18438
N19206	P2_R1170_U300	NAND	18439
N19207	P2_R1170_U301	NAND	18440
N19208	P2_R1170_U302	NAND	18441
N19209	P2_R1170_U303	NAND	18442
N19210	P2_R1170_U304	NAND	18443
N19211	P2_R1170_U305	NAND	18444
N19212	P2_R1170_U306	NAND	18445
N19213	P2_R1170_U307	NAND	18446
N19214	P2_R1170_U308	NAND	18447
N19215	P2_R1275_U6	AND	18448
N19216	P2_R1275_U7	AND	18449
N19217	P2_R1275_U8	AND	18450
N19218	P2_R1275_U9	AND	18451
N19219	P2_R1275_U10	AND	18452
N19220	P2_R1275_U11	AND	18453
N19221	P2_R1275_U12	AND	18454
N19222	P2_R1275_U13	AND	18455
N19223	P2_R1275_U14	AND	18456
N19224	P2_R1275_U15	AND	18457
N19225	P2_R1275_U16	AND	18458
N19226	P2_R1275_U17	AND	18459
N19227	P2_R1275_U18	AND	18460
N19228	P2_R1275_U19	AND	18461
N19229	P2_R1275_U20	AND	18462
N19230	P2_R1275_U21	AND	18463
N19231	P2_R1275_U22	AND	18464
N19232	P2_R1275_U23	AND	18465
N19233	P2_R1275_U24	AND	18466
N19234	P2_R1275_U25	OR	18467
N19235	P2_R1275_U26	NAND	18468
N19236	P2_R1275_U27	NAND	18469
N19237	P2_R1275_U28	NAND	18470
N19238	P2_R1275_U29	NAND	18471
N19239	P2_R1275_U30	NAND	18472
N19240	P2_R1275_U31	NOT	18473
N19241	P2_R1275_U32	NOT	18474
N19242	P2_R1275_U33	NOT	18475
N19243	P2_R1275_U34	NOT	18476
N19244	P2_R1275_U35	NAND	18477
N19245	P2_R1275_U36	NAND	18478
N19246	P2_R1275_U37	NAND	18479
N19247	P2_R1275_U38	NAND	18480
N19248	P2_R1275_U39	NAND	18481
N19249	P2_R1275_U40	NAND	18482
N19250	P2_R1275_U41	NAND	18483
N19251	P2_R1275_U42	NAND	18484
N19252	P2_R1275_U43	NAND	18485
N19253	P2_R1275_U44	NAND	18486
N19254	P2_R1275_U45	NAND	18487
N19255	P2_R1275_U46	NAND	18488
N19256	P2_R1275_U47	NOT	18489
N19257	P2_R1275_U48	NOT	18490
N19258	P2_R1275_U49	NOT	18491
N19259	P2_R1275_U50	NOT	18492
N19260	P2_R1275_U51	NOT	18493
N19261	P2_R1275_U52	NOT	18494
N19262	P2_R1275_U53	NOT	18495
N19263	P2_R1275_U54	NOT	18496
N19264	P2_R1275_U55	NAND	18497
N19265	P2_R1275_U56	NOR	18498
N19266	P2_R1275_U57	NOR	18499
N19267	P2_R1275_U58	NOR	18500
N19268	P2_R1275_U59	NOR	18501
N19269	P2_R1275_U60	NOR	18502
N19270	P2_R1275_U61	NOR	18503
N19271	P2_R1275_U62	NOT	18504
N19272	P2_R1275_U63	AND	18505
N19273	P2_R1275_U64	NOT	18506
N19274	P2_R1275_U65	AND	18507
N19275	P2_R1275_U66	NOT	18508
N19276	P2_R1275_U67	NAND	18509
N19277	P2_R1275_U68	AND	18510
N19278	P2_R1275_U69	NOT	18511
N19279	P2_R1275_U70	AND	18512
N19280	P2_R1275_U71	NOT	18513
N19281	P2_R1275_U72	AND	18514
N19282	P2_R1275_U73	NOT	18515
N19283	P2_R1275_U74	AND	18516
N19284	P2_R1275_U75	NOT	18517
N19285	P2_R1275_U76	AND	18518
N19286	P2_R1275_U77	NOT	18519
N19287	P2_R1275_U78	AND	18520
N19288	P2_R1275_U79	NOT	18521
N19289	P2_R1275_U80	NOT	18522
N19290	P2_R1275_U81	NOT	18523
N19291	P2_R1275_U82	AND	18524
N19292	P2_R1275_U83	NOT	18525
N19293	P2_R1275_U84	AND	18526
N19294	P2_R1275_U85	NOT	18527
N19295	P2_R1275_U86	AND	18528
N19296	P2_R1275_U87	NOT	18529
N19297	P2_R1275_U88	NOT	18530
N19298	P2_R1275_U89	NOT	18531
N19299	P2_R1275_U90	NOT	18532
N19300	P2_R1275_U91	NOT	18533
N19301	P2_R1275_U92	NOT	18534
N19302	P2_R1275_U93	NAND	18535
N19303	P2_R1275_U94	NAND	18536
N19304	P2_R1275_U95	NAND	18537
N19305	P2_R1275_U96	NAND	18538
N19306	P2_R1275_U97	NAND	18539
N19307	P2_R1275_U98	NAND	18540
N19308	P2_R1275_U99	NOT	18541
N19309	P2_R1275_U100	NOT	18542
N19310	P2_R1275_U101	NOT	18543
N19311	P2_R1275_U102	NOT	18544
N19312	P2_R1275_U103	NOT	18545
N19313	P2_R1275_U104	NOT	18546
N19314	P2_R1275_U105	NOT	18547
N19315	P2_R1275_U106	NOT	18548
N19316	P2_R1275_U107	NOT	18549
N19317	P2_R1275_U108	NOT	18550
N19318	P2_R1275_U109	NOT	18551
N19319	P2_R1275_U110	NOT	18552
N19320	P2_R1275_U111	NOT	18553
N19321	P2_R1275_U112	NAND	18554
N19322	P2_R1275_U113	NAND	18555
N19323	P2_R1275_U114	OR	18556
N19324	P2_R1275_U115	NAND	18557
N19325	P2_R1275_U116	NAND	18558
N19326	P2_R1275_U117	NAND	18559
N19327	P2_R1275_U118	NAND	18560
N19328	P2_R1275_U119	NAND	18561
N19329	P2_R1275_U120	NAND	18562
N19330	P2_R1275_U121	NAND	18563
N19331	P2_R1275_U122	NAND	18564
N19332	P2_R1275_U123	NAND	18565
N19333	P2_R1275_U124	NAND	18566
N19334	P2_R1275_U125	NAND	18567
N19335	P2_R1275_U126	NAND	18568
N19336	P2_R1275_U127	NAND	18569
N19337	P2_R1275_U128	NAND	18570
N19338	P2_R1275_U129	NAND	18571
N19339	P2_R1275_U130	NAND	18572
N19340	P2_R1275_U131	NAND	18573
N19341	P2_R1275_U132	NAND	18574
N19342	P2_R1275_U133	NAND	18575
N19343	P2_R1275_U134	NAND	18576
N19344	P2_R1275_U135	NAND	18577
N19345	P2_R1275_U136	NAND	18578
N19346	P2_R1275_U137	NAND	18579
N19347	P2_R1275_U138	NAND	18580
N19348	P2_R1275_U139	NAND	18581
N19349	P2_R1275_U140	NAND	18582
N19350	P2_R1275_U141	NAND	18583
N19351	P2_R1275_U142	NAND	18584
N19352	P2_R1275_U143	NAND	18585
N19353	P2_R1275_U144	NAND	18586
N19354	P2_R1275_U145	NAND	18587
N19355	P2_R1275_U146	NAND	18588
N19356	P2_R1275_U147	NAND	18589
N19357	P2_R1275_U148	NAND	18590
N19358	P2_R1275_U149	NAND	18591
N19359	P2_R1275_U150	NAND	18592
N19360	P2_R1275_U151	NAND	18593
N19361	P2_R1275_U152	NAND	18594
N19362	P2_R1275_U153	NAND	18595
N19363	P2_R1275_U154	NAND	18596
N19364	P2_R1275_U155	NAND	18597
N19365	P2_R1275_U156	NAND	18598
N19366	P2_R1275_U157	NAND	18599
N19367	P2_R1275_U158	NAND	18600
N19368	P2_R1275_U159	NAND	18601
N19369	P2_R1179_U6	AND	18602
N19370	P2_R1179_U7	AND	18603
N19371	P2_R1179_U8	AND	18604
N19372	P2_R1179_U9	AND	18605
N19373	P2_R1179_U10	AND	18606
N19374	P2_R1179_U11	AND	18607
N19375	P2_R1179_U12	NAND	18608
N19376	P2_R1179_U13	NAND	18609
N19377	P2_R1179_U14	NAND	18610
N19378	P2_R1179_U15	NAND	18611
N19379	P2_R1179_U16	NAND	18612
N19380	P2_R1179_U17	NAND	18613
N19381	P2_R1179_U18	NAND	18614
N19382	P2_R1179_U19	NAND	18615
N19383	P2_R1179_U20	NAND	18616
N19384	P2_R1179_U21	NOT	18617
N19385	P2_R1179_U22	NOT	18618
N19386	P2_R1179_U23	NOT	18619
N19387	P2_R1179_U24	NOT	18620
N19388	P2_R1179_U25	NOT	18621
N19389	P2_R1179_U26	NOT	18622
N19390	P2_R1179_U27	NOT	18623
N19391	P2_R1179_U28	NAND	18624
N19392	P2_R1179_U29	NOT	18625
N19393	P2_R1179_U30	NOT	18626
N19394	P2_R1179_U31	NOT	18627
N19395	P2_R1179_U32	NOT	18628
N19396	P2_R1179_U33	NOT	18629
N19397	P2_R1179_U34	NOT	18630
N19398	P2_R1179_U35	NAND	18631
N19399	P2_R1179_U36	NOT	18632
N19400	P2_R1179_U37	NOT	18633
N19401	P2_R1179_U38	NAND	18634
N19402	P2_R1179_U39	NOT	18635
N19403	P2_R1179_U40	NOT	18636
N19404	P2_R1179_U41	NOT	18637
N19405	P2_R1179_U42	NAND	18638
N19406	P2_R1179_U43	NAND	18639
N19407	P2_R1179_U44	NAND	18640
N19408	P2_R1179_U45	NOT	18641
N19409	P2_R1179_U46	NOT	18642
N19410	P2_R1179_U47	NOT	18643
N19411	P2_R1179_U48	NOT	18644
N19412	P2_R1179_U49	NOT	18645
N19413	P2_R1179_U50	NAND	18646
N19414	P2_R1179_U51	NOT	18647
N19415	P2_R1179_U52	NOT	18648
N19416	P2_R1179_U53	NOT	18649
N19417	P2_R1179_U54	NOT	18650
N19418	P2_R1179_U55	NOT	18651
N19419	P2_R1179_U56	NOT	18652
N19420	P2_R1179_U57	NOT	18653
N19421	P2_R1179_U58	NOT	18654
N19422	P2_R1179_U59	NOT	18655
N19423	P2_R1179_U60	NOT	18656
N19424	P2_R1179_U61	NAND	18657
N19425	P2_R1179_U62	NOT	18658
N19426	P2_R1179_U63	NOT	18659
N19427	P2_R1179_U64	NAND	18660
N19428	P2_R1179_U65	NOT	18661
N19429	P2_R1179_U66	NOT	18662
N19430	P2_R1179_U67	NOT	18663
N19431	P2_R1179_U68	NOT	18664
N19432	P2_R1179_U69	NOT	18665
N19433	P2_R1179_U70	NOT	18666
N19434	P2_R1179_U71	NOT	18667
N19435	P2_R1179_U72	NOT	18668
N19436	P2_R1179_U73	NOT	18669
N19437	P2_R1179_U74	NOT	18670
N19438	P2_R1179_U75	NOT	18671
N19439	P2_R1179_U76	NAND	18672
N19440	P2_R1179_U77	NOT	18673
N19441	P2_R1179_U78	NOT	18674
N19442	P2_R1179_U79	NOT	18675
N19443	P2_R1179_U80	NOT	18676
N19444	P2_R1179_U81	NOT	18677
N19445	P2_R1179_U82	NOT	18678
N19446	P2_R1179_U83	NAND	18679
N19447	P2_R1179_U84	NOT	18680
N19448	P2_R1179_U85	NOT	18681
N19449	P2_R1179_U86	NOT	18682
N19450	P2_R1179_U87	NAND	18683
N19451	P2_R1179_U88	NAND	18684
N19452	P2_R1179_U89	NAND	18685
N19453	P2_R1179_U90	NAND	18686
N19454	P2_R1179_U91	NAND	18687
N19455	P2_R1179_U92	NOT	18688
N19456	P2_R1179_U93	NAND	18689
N19457	P2_R1179_U94	NAND	18690
N19458	P2_R1179_U95	NAND	18691
N19459	P2_R1179_U96	NAND	18692
N19460	P2_R1179_U97	NAND	18693
N19461	P2_R1179_U98	NAND	18694
N19462	P2_R1179_U99	NAND	18695
N19463	P2_R1179_U100	NAND	18696
N19464	P2_R1179_U101	NAND	18697
N19465	P2_R1179_U102	NAND	18698
N19466	P2_R1179_U103	NAND	18699
N19467	P2_R1179_U104	NAND	18700
N19468	P2_R1179_U105	NAND	18701
N19469	P2_R1179_U106	NAND	18702
N19470	P2_R1179_U107	NAND	18703
N19471	P2_R1179_U108	NAND	18704
N19472	P2_R1179_U109	NAND	18705
N19473	P2_R1179_U110	NAND	18706
N19474	P2_R1179_U111	NAND	18707
N19475	P2_R1179_U112	NAND	18708
N19476	P2_R1179_U113	NAND	18709
N19477	P2_R1179_U114	AND	18710
N19478	P2_R1179_U115	AND	18711
N19479	P2_R1179_U116	AND	18712
N19480	P2_R1179_U117	AND	18713
N19481	P2_R1179_U118	AND	18714
N19482	P2_R1179_U119	AND	18715
N19483	P2_R1179_U120	AND	18716
N19484	P2_R1179_U121	AND	18717
N19485	P2_R1179_U122	AND	18718
N19486	P2_R1179_U123	AND	18719
N19487	P2_R1179_U124	AND	18720
N19488	P2_R1179_U125	AND	18721
N19489	P2_R1179_U126	AND	18722
N19490	P2_R1179_U127	AND	18723
N19491	P2_R1179_U128	AND	18724
N19492	P2_R1179_U129	AND	18725
N19493	P2_R1179_U130	AND	18726
N19494	P2_R1179_U131	NAND	18727
N19495	P2_R1179_U132	AND	18728
N19496	P2_R1179_U133	AND	18729
N19497	P2_R1179_U134	NAND	18730
N19498	P2_R1179_U135	NAND	18731
N19499	P2_R1179_U136	AND	18732
N19500	P2_R1179_U137	AND	18733
N19501	P2_R1179_U138	NAND	18734
N19502	P2_R1179_U139	NAND	18735
N19503	P2_R1179_U140	NAND	18736
N19504	P2_R1179_U141	NAND	18737
N19505	P2_R1179_U142	NAND	18738
N19506	P2_R1179_U143	AND	18739
N19507	P2_R1179_U144	AND	18740
N19508	P2_R1179_U145	NAND	18741
N19509	P2_R1179_U146	NAND	18742
N19510	P2_R1179_U147	AND	18743
N19511	P2_R1179_U148	AND	18744
N19512	P2_R1179_U149	AND	18745
N19513	P2_R1179_U150	NAND	18746
N19514	P2_R1179_U151	AND	18747
N19515	P2_R1179_U152	AND	18748
N19516	P2_R1179_U153	AND	18749
N19517	P2_R1179_U154	NAND	18750
N19518	P2_R1179_U155	AND	18751
N19519	P2_R1179_U156	NOT	18752
N19520	P2_R1179_U157	NOT	18753
N19521	P2_R1179_U158	AND	18754
N19522	P2_R1179_U159	NAND	18755
N19523	P2_R1179_U160	NAND	18756
N19524	P2_R1179_U161	AND	18757
N19525	P2_R1179_U162	AND	18758
N19526	P2_R1179_U163	NAND	18759
N19527	P2_R1179_U164	NAND	18760
N19528	P2_R1179_U165	NOT	18761
N19529	P2_R1179_U166	NAND	18762
N19530	P2_R1179_U167	NAND	18763
N19531	P2_R1179_U168	NOT	18764
N19532	P2_R1179_U169	NAND	18765
N19533	P2_R1179_U170	AND	18766
N19534	P2_R1179_U171	AND	18767
N19535	P2_R1179_U172	NAND	18768
N19536	P2_R1179_U173	NAND	18769
N19537	P2_R1179_U174	NAND	18770
N19538	P2_R1179_U175	AND	18771
N19539	P2_R1179_U176	NAND	18772
N19540	P2_R1179_U177	NOT	18773
N19541	P2_R1179_U178	NOT	18774
N19542	P2_R1179_U179	NOT	18775
N19543	P2_R1179_U180	NAND	18776
N19544	P2_R1179_U181	NAND	18777
N19545	P2_R1179_U182	NAND	18778
N19546	P2_R1179_U183	NAND	18779
N19547	P2_R1179_U184	NAND	18780
N19548	P2_R1179_U185	NAND	18781
N19549	P2_R1179_U186	NAND	18782
N19550	P2_R1179_U187	NOT	18783
N19551	P2_R1179_U188	NOT	18784
N19552	P2_R1179_U189	NOT	18785
N19553	P2_R1179_U190	NOT	18786
N19554	P2_R1179_U191	NOT	18787
N19555	P2_R1179_U192	NAND	18788
N19556	P2_R1179_U193	NOT	18789
N19557	P2_R1179_U194	NAND	18790
N19558	P2_R1179_U195	NAND	18791
N19559	P2_R1179_U196	NAND	18792
N19560	P2_R1179_U197	NAND	18793
N19561	P2_R1179_U198	NAND	18794
N19562	P2_R1179_U199	NOT	18795
N19563	P2_R1179_U200	NAND	18796
N19564	P2_R1179_U201	NAND	18797
N19565	P2_R1179_U202	NAND	18798
N19566	P2_R1179_U203	NAND	18799
N19567	P2_R1179_U204	NAND	18800
N19568	P2_R1179_U205	NAND	18801
N19569	P2_R1179_U206	NAND	18802
N19570	P2_R1179_U207	NAND	18803
N19571	P2_R1179_U208	NAND	18804
N19572	P2_R1179_U209	NOT	18805
N19573	P2_R1179_U210	NAND	18806
N19574	P2_R1179_U211	NAND	18807
N19575	P2_R1179_U212	NAND	18808
N19576	P2_R1179_U213	NAND	18809
N19577	P2_R1179_U214	NAND	18810
N19578	P2_R1179_U215	NOT	18811
N19579	P2_R1179_U216	NAND	18812
N19580	P2_R1179_U217	NAND	18813
N19581	P2_R1179_U218	NAND	18814
N19582	P2_R1179_U219	NAND	18815
N19583	P2_R1179_U220	NAND	18816
N19584	P2_R1179_U221	NAND	18817
N19585	P2_R1179_U222	NAND	18818
N19586	P2_R1179_U223	NAND	18819
N19587	P2_R1179_U224	NOT	18820
N19588	P2_R1179_U225	NAND	18821
N19589	P2_R1179_U226	NAND	18822
N19590	P2_R1179_U227	NAND	18823
N19591	P2_R1179_U228	NAND	18824
N19592	P2_R1179_U229	NAND	18825
N19593	P2_R1179_U230	NAND	18826
N19594	P2_R1179_U231	NAND	18827
N19595	P2_R1179_U232	NAND	18828
N19596	P2_R1179_U233	NAND	18829
N19597	P2_R1179_U234	NAND	18830
N19598	P2_R1179_U235	NAND	18831
N19599	P2_R1179_U236	NAND	18832
N19600	P2_R1179_U237	NAND	18833
N19601	P2_R1179_U238	NAND	18834
N19602	P2_R1179_U239	NAND	18835
N19603	P2_R1179_U240	NAND	18836
N19604	P2_R1179_U241	NAND	18837
N19605	P2_R1179_U242	NAND	18838
N19606	P2_R1179_U243	NAND	18839
N19607	P2_R1179_U244	NAND	18840
N19608	P2_R1179_U245	NAND	18841
N19609	P2_R1179_U246	NAND	18842
N19610	P2_R1179_U247	NOT	18843
N19611	P2_R1179_U248	NAND	18844
N19612	P2_R1179_U249	NAND	18845
N19613	P2_R1179_U250	NAND	18846
N19614	P2_R1179_U251	NOT	18847
N19615	P2_R1179_U252	NAND	18848
N19616	P2_R1179_U253	NAND	18849
N19617	P2_R1179_U254	NAND	18850
N19618	P2_R1179_U255	NOT	18851
N19619	P2_R1179_U256	NAND	18852
N19620	P2_R1179_U257	NAND	18853
N19621	P2_R1179_U258	NAND	18854
N19622	P2_R1179_U259	NAND	18855
N19623	P2_R1179_U260	NAND	18856
N19624	P2_R1179_U261	NAND	18857
N19625	P2_R1179_U262	NAND	18858
N19626	P2_R1179_U263	NAND	18859
N19627	P2_R1179_U264	NAND	18860
N19628	P2_R1179_U265	NOT	18861
N19629	P2_R1179_U266	NAND	18862
N19630	P2_R1179_U267	NAND	18863
N19631	P2_R1179_U268	NAND	18864
N19632	P2_R1179_U269	NOT	18865
N19633	P2_R1179_U270	NAND	18866
N19634	P2_R1179_U271	NAND	18867
N19635	P2_R1179_U272	NAND	18868
N19636	P2_R1179_U273	NOT	18869
N19637	P2_R1179_U274	NAND	18870
N19638	P2_R1179_U275	NAND	18871
N19639	P2_R1179_U276	NAND	18872
N19640	P2_R1179_U277	NOT	18873
N19641	P2_R1179_U278	NAND	18874
N19642	P2_R1179_U279	NAND	18875
N19643	P2_R1179_U280	NAND	18876
N19644	P2_R1179_U281	NOT	18877
N19645	P2_R1179_U282	NAND	18878
N19646	P2_R1179_U283	NAND	18879
N19647	P2_R1179_U284	NAND	18880
N19648	P2_R1179_U285	NAND	18881
N19649	P2_R1179_U286	NAND	18882
N19650	P2_R1179_U287	NAND	18883
N19651	P2_R1179_U288	NAND	18884
N19652	P2_R1179_U289	NAND	18885
N19653	P2_R1179_U290	NAND	18886
N19654	P2_R1179_U291	NOT	18887
N19655	P2_R1179_U292	NAND	18888
N19656	P2_R1179_U293	NAND	18889
N19657	P2_R1179_U294	NAND	18890
N19658	P2_R1179_U295	NOT	18891
N19659	P2_R1179_U296	NAND	18892
N19660	P2_R1179_U297	NAND	18893
N19661	P2_R1179_U298	NAND	18894
N19662	P2_R1179_U299	NOT	18895
N19663	P2_R1179_U300	NAND	18896
N19664	P2_R1179_U301	NAND	18897
N19665	P2_R1179_U302	NAND	18898
N19666	P2_R1179_U303	NAND	18899
N19667	P2_R1179_U304	NAND	18900
N19668	P2_R1179_U305	NOT	18901
N19669	P2_R1179_U306	NAND	18902
N19670	P2_R1179_U307	NAND	18903
N19671	P2_R1179_U308	NAND	18904
N19672	P2_R1179_U309	NAND	18905
N19673	P2_R1179_U310	NAND	18906
N19674	P2_R1179_U311	NAND	18907
N19675	P2_R1179_U312	NAND	18908
N19676	P2_R1179_U313	NAND	18909
N19677	P2_R1179_U314	NAND	18910
N19678	P2_R1179_U315	NAND	18911
N19679	P2_R1179_U316	NAND	18912
N19680	P2_R1179_U317	NAND	18913
N19681	P2_R1179_U318	NAND	18914
N19682	P2_R1179_U319	NOT	18915
N19683	P2_R1179_U320	NAND	18916
N19684	P2_R1179_U321	NAND	18917
N19685	P2_R1179_U322	NAND	18918
N19686	P2_R1179_U323	NAND	18919
N19687	P2_R1179_U324	NAND	18920
N19688	P2_R1179_U325	NAND	18921
N19689	P2_R1179_U326	NAND	18922
N19690	P2_R1179_U327	NAND	18923
N19691	P2_R1179_U328	NAND	18924
N19692	P2_R1179_U329	NAND	18925
N19693	P2_R1179_U330	NOT	18926
N19694	P2_R1179_U331	NAND	18927
N19695	P2_R1179_U332	NAND	18928
N19696	P2_R1179_U333	NAND	18929
N19697	P2_R1179_U334	NAND	18930
N19698	P2_R1179_U335	NAND	18931
N19699	P2_R1179_U336	NAND	18932
N19700	P2_R1179_U337	NAND	18933
N19701	P2_R1179_U338	NAND	18934
N19702	P2_R1179_U339	NAND	18935
N19703	P2_R1179_U340	NAND	18936
N19704	P2_R1179_U341	NOT	18937
N19705	P2_R1179_U342	NAND	18938
N19706	P2_R1179_U343	NAND	18939
N19707	P2_R1179_U344	NAND	18940
N19708	P2_R1179_U345	NAND	18941
N19709	P2_R1179_U346	NAND	18942
N19710	P2_R1179_U347	NAND	18943
N19711	P2_R1179_U348	NAND	18944
N19712	P2_R1179_U349	NAND	18945
N19713	P2_R1179_U350	NAND	18946
N19714	P2_R1179_U351	NAND	18947
N19715	P2_R1179_U352	NAND	18948
N19716	P2_R1179_U353	NAND	18949
N19717	P2_R1179_U354	NAND	18950
N19718	P2_R1179_U355	NAND	18951
N19719	P2_R1179_U356	NAND	18952
N19720	P2_R1179_U357	NAND	18953
N19721	P2_R1179_U358	NAND	18954
N19722	P2_R1179_U359	NAND	18955
N19723	P2_R1179_U360	NAND	18956
N19724	P2_R1179_U361	NAND	18957
N19725	P2_R1179_U362	NAND	18958
N19726	P2_R1179_U363	NAND	18959
N19727	P2_R1179_U364	NAND	18960
N19728	P2_R1179_U365	NAND	18961
N19729	P2_R1179_U366	NAND	18962
N19730	P2_R1179_U367	NAND	18963
N19731	P2_R1179_U368	NAND	18964
N19732	P2_R1179_U369	NAND	18965
N19733	P2_R1179_U370	NAND	18966
N19734	P2_R1179_U371	NAND	18967
N19735	P2_R1179_U372	NAND	18968
N19736	P2_R1179_U373	NAND	18969
N19737	P2_R1179_U374	NAND	18970
N19738	P2_R1179_U375	NAND	18971
N19739	P2_R1179_U376	NAND	18972
N19740	P2_R1179_U377	NAND	18973
N19741	P2_R1179_U378	NAND	18974
N19742	P2_R1179_U379	NAND	18975
N19743	P2_R1179_U380	NAND	18976
N19744	P2_R1179_U381	NAND	18977
N19745	P2_R1179_U382	NAND	18978
N19746	P2_R1179_U383	NAND	18979
N19747	P2_R1179_U384	NAND	18980
N19748	P2_R1179_U385	NAND	18981
N19749	P2_R1179_U386	NAND	18982
N19750	P2_R1179_U387	NAND	18983
N19751	P2_R1179_U388	NAND	18984
N19752	P2_R1179_U389	NAND	18985
N19753	P2_R1179_U390	NAND	18986
N19754	P2_R1179_U391	NAND	18987
N19755	P2_R1179_U392	NAND	18988
N19756	P2_R1179_U393	NOT	18989
N19757	P2_R1179_U394	NAND	18990
N19758	P2_R1179_U395	NAND	18991
N19759	P2_R1179_U396	NAND	18992
N19760	P2_R1179_U397	NAND	18993
N19761	P2_R1179_U398	NAND	18994
N19762	P2_R1179_U399	NAND	18995
N19763	P2_R1179_U400	NAND	18996
N19764	P2_R1179_U401	NAND	18997
N19765	P2_R1179_U402	NAND	18998
N19766	P2_R1179_U403	NAND	18999
N19767	P2_R1179_U404	NAND	19000
N19768	P2_R1179_U405	NAND	19001
N19769	P2_R1179_U406	NAND	19002
N19770	P2_R1179_U407	NOT	19003
N19771	P2_R1179_U408	NAND	19004
N19772	P2_R1179_U409	NAND	19005
N19773	P2_R1179_U410	NAND	19006
N19774	P2_R1179_U411	NAND	19007
N19775	P2_R1179_U412	NOT	19008
N19776	P2_R1179_U413	NAND	19009
N19777	P2_R1179_U414	NAND	19010
N19778	P2_R1179_U415	NAND	19011
N19779	P2_R1179_U416	NAND	19012
N19780	P2_R1179_U417	NAND	19013
N19781	P2_R1179_U418	NAND	19014
N19782	P2_R1179_U419	NAND	19015
N19783	P2_R1179_U420	NAND	19016
N19784	P2_R1179_U421	NAND	19017
N19785	P2_R1179_U422	NAND	19018
N19786	P2_R1179_U423	NAND	19019
N19787	P2_R1179_U424	NAND	19020
N19788	P2_R1179_U425	NAND	19021
N19789	P2_R1179_U426	NAND	19022
N19790	P2_R1179_U427	NAND	19023
N19791	P2_R1179_U428	NOT	19024
N19792	P2_R1179_U429	NAND	19025
N19793	P2_R1179_U430	NAND	19026
N19794	P2_R1179_U431	NAND	19027
N19795	P2_R1179_U432	NAND	19028
N19796	P2_R1179_U433	NOT	19029
N19797	P2_R1179_U434	NAND	19030
N19798	P2_R1179_U435	NAND	19031
N19799	P2_R1179_U436	NAND	19032
N19800	P2_R1179_U437	NAND	19033
N19801	P2_R1179_U438	NOT	19034
N19802	P2_R1179_U439	NAND	19035
N19803	P2_R1179_U440	NAND	19036
N19804	P2_R1179_U441	NAND	19037
N19805	P2_R1179_U442	NAND	19038
N19806	P2_R1179_U443	NOT	19039
N19807	P2_R1179_U444	NAND	19040
N19808	P2_R1179_U445	NAND	19041
N19809	P2_R1179_U446	NAND	19042
N19810	P2_R1179_U447	NAND	19043
N19811	P2_R1179_U448	NOT	19044
N19812	P2_R1179_U449	NAND	19045
N19813	P2_R1179_U450	NAND	19046
N19814	P2_R1179_U451	NAND	19047
N19815	P2_R1179_U452	NAND	19048
N19816	P2_R1179_U453	NAND	19049
N19817	P2_R1179_U454	NAND	19050
N19818	P2_R1179_U455	NAND	19051
N19819	P2_R1179_U456	NAND	19052
N19820	P2_R1179_U457	NAND	19053
N19821	P2_R1179_U458	NAND	19054
N19822	P2_R1179_U459	NAND	19055
N19823	P2_R1179_U460	NAND	19056
N19824	P2_R1179_U461	NAND	19057
N19825	P2_R1179_U462	NAND	19058
N19826	P2_R1179_U463	NAND	19059
N19827	P2_R1179_U464	NOT	19060
N19828	P2_R1179_U465	NAND	19061
N19829	P2_R1179_U466	NAND	19062
N19830	P2_R1179_U467	NAND	19063
N19831	P2_R1179_U468	NAND	19064
N19832	P2_R1179_U469	NOT	19065
N19833	P2_R1179_U470	NAND	19066
N19834	P2_R1179_U471	NAND	19067
N19835	P2_R1179_U472	NAND	19068
N19836	P2_R1179_U473	NAND	19069
N19837	P2_R1179_U474	NAND	19070
N19838	P2_R1179_U475	NAND	19071
N19839	P2_R1179_U476	NAND	19072
N19840	P2_R1179_U477	NAND	19073
N19841	P2_R1179_U478	NAND	19074
N19842	P2_R1215_U4	AND	19075
N19843	P2_R1215_U5	AND	19076
N19844	P2_R1215_U6	AND	19077
N19845	P2_R1215_U7	AND	19078
N19846	P2_R1215_U8	AND	19079
N19847	P2_R1215_U9	AND	19080
N19848	P2_R1215_U10	AND	19081
N19849	P2_R1215_U11	AND	19082
N19850	P2_R1215_U12	AND	19083
N19851	P2_R1215_U13	AND	19084
N19852	P2_R1215_U14	AND	19085
N19853	P2_R1215_U15	AND	19086
N19854	P2_R1215_U16	AND	19087
N19855	P2_R1215_U17	AND	19088
N19856	P2_R1215_U18	AND	19089
N19857	P2_R1215_U19	AND	19090
N19858	P2_R1215_U20	NOT	19091
N19859	P2_R1215_U21	NOT	19092
N19860	P2_R1215_U22	NOT	19093
N19861	P2_R1215_U23	NAND	19094
N19862	P2_R1215_U24	NOT	19095
N19863	P2_R1215_U25	NOT	19096
N19864	P2_R1215_U26	NOT	19097
N19865	P2_R1215_U27	NOT	19098
N19866	P2_R1215_U28	NOT	19099
N19867	P2_R1215_U29	NOT	19100
N19868	P2_R1215_U30	NOT	19101
N19869	P2_R1215_U31	NOT	19102
N19870	P2_R1215_U32	NAND	19103
N19871	P2_R1215_U33	NOT	19104
N19872	P2_R1215_U34	NOT	19105
N19873	P2_R1215_U35	NAND	19106
N19874	P2_R1215_U36	NOT	19107
N19875	P2_R1215_U37	NOT	19108
N19876	P2_R1215_U38	NOT	19109
N19877	P2_R1215_U39	NOT	19110
N19878	P2_R1215_U40	NOT	19111
N19879	P2_R1215_U41	NAND	19112
N19880	P2_R1215_U42	NAND	19113
N19881	P2_R1215_U43	NAND	19114
N19882	P2_R1215_U44	NAND	19115
N19883	P2_R1215_U45	NAND	19116
N19884	P2_R1215_U46	NAND	19117
N19885	P2_R1215_U47	NOT	19118
N19886	P2_R1215_U48	NOT	19119
N19887	P2_R1215_U49	NOT	19120
N19888	P2_R1215_U50	NOT	19121
N19889	P2_R1215_U51	NOT	19122
N19890	P2_R1215_U52	NOT	19123
N19891	P2_R1215_U53	NOT	19124
N19892	P2_R1215_U54	NOT	19125
N19893	P2_R1215_U55	NOT	19126
N19894	P2_R1215_U56	NOT	19127
N19895	P2_R1215_U57	NOT	19128
N19896	P2_R1215_U58	NOT	19129
N19897	P2_R1215_U59	NOT	19130
N19898	P2_R1215_U60	NAND	19131
N19899	P2_R1215_U61	NOT	19132
N19900	P2_R1215_U62	NAND	19133
N19901	P2_R1215_U63	NOT	19134
N19902	P2_R1215_U64	NOT	19135
N19903	P2_R1215_U65	NOT	19136
N19904	P2_R1215_U66	NOT	19137
N19905	P2_R1215_U67	NOT	19138
N19906	P2_R1215_U68	NOT	19139
N19907	P2_R1215_U69	NAND	19140
N19908	P2_R1215_U70	NOT	19141
N19909	P2_R1215_U71	NOT	19142
N19910	P2_R1215_U72	NOT	19143
N19911	P2_R1215_U73	NOT	19144
N19912	P2_R1215_U74	NOT	19145
N19913	P2_R1215_U75	NOT	19146
N19914	P2_R1215_U76	NOT	19147
N19915	P2_R1215_U77	NOT	19148
N19916	P2_R1215_U78	NAND	19149
N19917	P2_R1215_U79	NOT	19150
N19918	P2_R1215_U80	NOT	19151
N19919	P2_R1215_U81	NAND	19152
N19920	P2_R1215_U82	NOT	19153
N19921	P2_R1215_U83	NOT	19154
N19922	P2_R1215_U84	NOT	19155
N19923	P2_R1215_U85	NOT	19156
N19924	P2_R1215_U86	NOT	19157
N19925	P2_R1215_U87	NAND	19158
N19926	P2_R1215_U88	NOT	19159
N19927	P2_R1215_U89	NOT	19160
N19928	P2_R1215_U90	NAND	19161
N19929	P2_R1215_U91	NOT	19162
N19930	P2_R1215_U92	NAND	19163
N19931	P2_R1215_U93	NAND	19164
N19932	P2_R1215_U94	NAND	19165
N19933	P2_R1215_U95	NAND	19166
N19934	P2_R1215_U96	NAND	19167
N19935	P2_R1215_U97	NAND	19168
N19936	P2_R1215_U98	NAND	19169
N19937	P2_R1215_U99	NAND	19170
N19938	P2_R1215_U100	NAND	19171
N19939	P2_R1215_U101	NAND	19172
N19940	P2_R1215_U102	NAND	19173
N19941	P2_R1215_U103	NAND	19174
N19942	P2_R1215_U104	NAND	19175
N19943	P2_R1215_U105	NAND	19176
N19944	P2_R1215_U106	NAND	19177
N19945	P2_R1215_U107	NAND	19178
N19946	P2_R1215_U108	NAND	19179
N19947	P2_R1215_U109	NAND	19180
N19948	P2_R1215_U110	NAND	19181
N19949	P2_R1215_U111	NAND	19182
N19950	P2_R1215_U112	NAND	19183
N19951	P2_R1215_U113	NAND	19184
N19952	P2_R1215_U114	NAND	19185
N19953	P2_R1215_U115	NAND	19186
N19954	P2_R1215_U116	AND	19187
N19955	P2_R1215_U117	AND	19188
N19956	P2_R1215_U118	AND	19189
N19957	P2_R1215_U119	AND	19190
N19958	P2_R1215_U120	AND	19191
N19959	P2_R1215_U121	AND	19192
N19960	P2_R1215_U122	AND	19193
N19961	P2_R1215_U123	AND	19194
N19962	P2_R1215_U124	AND	19195
N19963	P2_R1215_U125	AND	19196
N19964	P2_R1215_U126	AND	19197
N19965	P2_R1215_U127	AND	19198
N19966	P2_R1215_U128	AND	19199
N19967	P2_R1215_U129	AND	19200
N19968	P2_R1215_U130	AND	19201
N19969	P2_R1215_U131	AND	19202
N19970	P2_R1215_U132	AND	19203
N19971	P2_R1215_U133	AND	19204
N19972	P2_R1215_U134	AND	19205
N19973	P2_R1215_U135	AND	19206
N19974	P2_R1215_U136	AND	19207
N19975	P2_R1215_U137	AND	19208
N19976	P2_R1215_U138	AND	19209
N19977	P2_R1215_U139	AND	19210
N19978	P2_R1215_U140	AND	19211
N19979	P2_R1215_U141	AND	19212
N19980	P2_R1215_U142	AND	19213
N19981	P2_R1215_U143	AND	19214
N19982	P2_R1215_U144	NAND	19215
N19983	P2_R1215_U145	NAND	19216
N19984	P2_R1215_U146	NOT	19217
N19985	P2_R1215_U147	NOT	19218
N19986	P2_R1215_U148	AND	19219
N19987	P2_R1215_U149	NAND	19220
N19988	P2_R1215_U150	AND	19221
N19989	P2_R1215_U151	NAND	19222
N19990	P2_R1215_U152	AND	19223
N19991	P2_R1215_U153	NAND	19224
N19992	P2_R1215_U154	AND	19225
N19993	P2_R1215_U155	NAND	19226
N19994	P2_R1215_U156	AND	19227
N19995	P2_R1215_U157	NAND	19228
N19996	P2_R1215_U158	AND	19229
N19997	P2_R1215_U159	NAND	19230
N19998	P2_R1215_U160	AND	19231
N19999	P2_R1215_U161	NAND	19232
N20000	P2_R1215_U162	NAND	19233
N20001	P2_R1215_U163	AND	19234
N20002	P2_R1215_U164	NAND	19235
N20003	P2_R1215_U165	AND	19236
N20004	P2_R1215_U166	NAND	19237
N20005	P2_R1215_U167	NAND	19238
N20006	P2_R1215_U168	NAND	19239
N20007	P2_R1215_U169	NAND	19240
N20008	P2_R1215_U170	NOT	19241
N20009	P2_R1215_U171	NAND	19242
N20010	P2_R1215_U172	NAND	19243
N20011	P2_R1215_U173	NAND	19244
N20012	P2_R1215_U174	NOT	19245
N20013	P2_R1215_U175	NOT	19246
N20014	P2_R1215_U176	NAND	19247
N20015	P2_R1215_U177	NOT	19248
N20016	P2_R1215_U178	OR	19249
N20017	P2_R1215_U179	OR	19250
N20018	P2_R1215_U180	OR	19251
N20019	P2_R1215_U181	OR	19252
N20020	P2_R1215_U182	NOT	19253
N20021	P2_R1215_U183	OR	19254
N20022	P2_R1215_U184	NOT	19255
N20023	P2_R1215_U185	NOT	19256
N20024	P2_R1215_U186	NAND	19257
N20025	P2_R1215_U187	NAND	19258
N20026	P2_R1215_U188	NAND	19259
N20027	P2_R1215_U189	NAND	19260
N20028	P2_R1215_U190	NAND	19261
N20029	P2_R1215_U191	NAND	19262
N20030	P2_R1215_U192	NAND	19263
N20031	P2_R1215_U193	NAND	19264
N20032	P2_R1215_U194	NAND	19265
N20033	P2_R1215_U195	NOT	19266
N20034	P2_R1215_U196	OR	19267
N20035	P2_R1215_U197	OR	19268
N20036	P2_R1215_U198	NOT	19269
N20037	P2_R1215_U199	NAND	19270
N20038	P2_R1215_U200	NAND	19271
N20039	P2_R1215_U201	NAND	19272
N20040	P2_R1215_U202	NAND	19273
N20041	P2_R1215_U203	NOT	19274
N20042	P2_R1215_U204	OR	19275
N20043	P2_R1215_U205	NAND	19276
N20044	P2_R1215_U206	NOT	19277
N20045	P2_R1215_U207	OR	19278
N20046	P2_R1215_U208	OR	19279
N20047	P2_R1215_U209	NAND	19280
N20048	P2_R1215_U210	NAND	19281
N20049	P2_R1215_U211	NAND	19282
N20050	P2_R1215_U212	NAND	19283
N20051	P2_R1215_U213	NAND	19284
N20052	P2_R1215_U214	OR	19285
N20053	P2_R1215_U215	NAND	19286
N20054	P2_R1215_U216	NAND	19287
N20055	P2_R1215_U217	NOT	19288
N20056	P2_R1215_U218	NAND	19289
N20057	P2_R1215_U219	NAND	19290
N20058	P2_R1215_U220	NAND	19291
N20059	P2_R1215_U221	NOT	19292
N20060	P2_R1215_U222	OR	19293
N20061	P2_R1215_U223	NAND	19294
N20062	P2_R1215_U224	NAND	19295
N20063	P2_R1215_U225	NAND	19296
N20064	P2_R1215_U226	NAND	19297
N20065	P2_R1215_U227	NAND	19298
N20066	P2_R1215_U228	OR	19299
N20067	P2_R1215_U229	NAND	19300
N20068	P2_R1215_U230	NOT	19301
N20069	P2_R1215_U231	NAND	19302
N20070	P2_R1215_U232	NAND	19303
N20071	P2_R1215_U233	NAND	19304
N20072	P2_R1215_U234	NAND	19305
N20073	P2_R1215_U235	NAND	19306
N20074	P2_R1215_U236	OR	19307
N20075	P2_R1215_U237	OR	19308
N20076	P2_R1215_U238	NAND	19309
N20077	P2_R1215_U239	NAND	19310
N20078	P2_R1215_U240	NAND	19311
N20079	P2_R1215_U241	OR	19312
N20080	P2_R1215_U242	NAND	19313
N20081	P2_R1215_U243	NAND	19314
N20082	P2_R1215_U244	NOT	19315
N20083	P2_R1215_U245	OR	19316
N20084	P2_R1215_U246	OR	19317
N20085	P2_R1215_U247	NAND	19318
N20086	P2_R1215_U248	NAND	19319
N20087	P2_R1215_U249	NAND	19320
N20088	P2_R1215_U250	OR	19321
N20089	P2_R1215_U251	OR	19322
N20090	P2_R1215_U252	NAND	19323
N20091	P2_R1215_U253	NAND	19324
N20092	P2_R1215_U254	NOT	19325
N20093	P2_R1215_U255	OR	19326
N20094	P2_R1215_U256	NAND	19327
N20095	P2_R1215_U257	NAND	19328
N20096	P2_R1215_U258	NOT	19329
N20097	P2_R1215_U259	OR	19330
N20098	P2_R1215_U260	NAND	19331
N20099	P2_R1215_U261	NAND	19332
N20100	P2_R1215_U262	NOT	19333
N20101	P2_R1215_U263	OR	19334
N20102	P2_R1215_U264	OR	19335
N20103	P2_R1215_U265	NOT	19336
N20104	P2_R1215_U266	NAND	19337
N20105	P2_R1215_U267	NAND	19338
N20106	P2_R1215_U268	NAND	19339
N20107	P2_R1215_U269	NAND	19340
N20108	P2_R1215_U270	NOT	19341
N20109	P2_R1215_U271	OR	19342
N20110	P2_R1215_U272	OR	19343
N20111	P2_R1215_U273	OR	19344
N20112	P2_R1215_U274	NOT	19345
N20113	P2_R1215_U275	NAND	19346
N20114	P2_R1215_U276	NAND	19347
N20115	P2_R1215_U277	NAND	19348
N20116	P2_R1215_U278	NAND	19349
N20117	P2_R1215_U279	NAND	19350
N20118	P2_R1215_U280	NAND	19351
N20119	P2_R1215_U281	NAND	19352
N20120	P2_R1215_U282	OR	19353
N20121	P2_R1215_U283	OR	19354
N20122	P2_R1215_U284	NAND	19355
N20123	P2_R1215_U285	NAND	19356
N20124	P2_R1215_U286	NOT	19357
N20125	P2_R1215_U287	OR	19358
N20126	P2_R1215_U288	NAND	19359
N20127	P2_R1215_U289	NAND	19360
N20128	P2_R1215_U290	NOT	19361
N20129	P2_R1215_U291	OR	19362
N20130	P2_R1215_U292	NAND	19363
N20131	P2_R1215_U293	NAND	19364
N20132	P2_R1215_U294	NOT	19365
N20133	P2_R1215_U295	OR	19366
N20134	P2_R1215_U296	NAND	19367
N20135	P2_R1215_U297	NOT	19368
N20136	P2_R1215_U298	OR	19369
N20137	P2_R1215_U299	NAND	19370
N20138	P2_R1215_U300	NOT	19371
N20139	P2_R1215_U301	OR	19372
N20140	P2_R1215_U302	NAND	19373
N20141	P2_R1215_U303	NOT	19374
N20142	P2_R1215_U304	NAND	19375
N20143	P2_R1215_U305	NOT	19376
N20144	P2_R1215_U306	NAND	19377
N20145	P2_R1215_U307	NOT	19378
N20146	P2_R1215_U308	OR	19379
N20147	P2_R1215_U309	NAND	19380
N20148	P2_R1215_U310	NAND	19381
N20149	P2_R1215_U311	NAND	19382
N20150	P2_R1215_U312	NAND	19383
N20151	P2_R1215_U313	NAND	19384
N20152	P2_R1215_U314	OR	19385
N20153	P2_R1215_U315	NAND	19386
N20154	P2_R1215_U316	NOT	19387
N20155	P2_R1215_U317	NAND	19388
N20156	P2_R1215_U318	NAND	19389
N20157	P2_R1215_U319	NAND	19390
N20158	P2_R1215_U320	NAND	19391
N20159	P2_R1215_U321	OR	19392
N20160	P2_R1215_U322	NAND	19393
N20161	P2_R1215_U323	NAND	19394
N20162	P2_R1215_U324	NAND	19395
N20163	P2_R1215_U325	NAND	19396
N20164	P2_R1215_U326	NAND	19397
N20165	P2_R1215_U327	OR	19398
N20166	P2_R1215_U328	NOT	19399
N20167	P2_R1215_U329	OR	19400
N20168	P2_R1215_U330	OR	19401
N20169	P2_R1215_U331	NAND	19402
N20170	P2_R1215_U332	NAND	19403
N20171	P2_R1215_U333	NAND	19404
N20172	P2_R1215_U334	NAND	19405
N20173	P2_R1215_U335	NAND	19406
N20174	P2_R1215_U336	OR	19407
N20175	P2_R1215_U337	NAND	19408
N20176	P2_R1215_U338	NOT	19409
N20177	P2_R1215_U339	OR	19410
N20178	P2_R1215_U340	NAND	19411
N20179	P2_R1215_U341	NAND	19412
N20180	P2_R1215_U342	NAND	19413
N20181	P2_R1215_U343	NAND	19414
N20182	P2_R1215_U344	NAND	19415
N20183	P2_R1215_U345	OR	19416
N20184	P2_R1215_U346	OR	19417
N20185	P2_R1215_U347	NAND	19418
N20186	P2_R1215_U348	NAND	19419
N20187	P2_R1215_U349	NAND	19420
N20188	P2_R1215_U350	NAND	19421
N20189	P2_R1215_U351	NAND	19422
N20190	P2_R1215_U352	NAND	19423
N20191	P2_R1215_U353	NAND	19424
N20192	P2_R1215_U354	NAND	19425
N20193	P2_R1215_U355	NAND	19426
N20194	P2_R1215_U356	NAND	19427
N20195	P2_R1215_U357	NAND	19428
N20196	P2_R1215_U358	NAND	19429
N20197	P2_R1215_U359	NAND	19430
N20198	P2_R1215_U360	NAND	19431
N20199	P2_R1215_U361	NAND	19432
N20200	P2_R1215_U362	NAND	19433
N20201	P2_R1215_U363	NAND	19434
N20202	P2_R1215_U364	NAND	19435
N20203	P2_R1215_U365	NAND	19436
N20204	P2_R1215_U366	NAND	19437
N20205	P2_R1215_U367	NAND	19438
N20206	P2_R1215_U368	NAND	19439
N20207	P2_R1215_U369	NAND	19440
N20208	P2_R1215_U370	NAND	19441
N20209	P2_R1215_U371	NAND	19442
N20210	P2_R1215_U372	NAND	19443
N20211	P2_R1215_U373	NAND	19444
N20212	P2_R1215_U374	NAND	19445
N20213	P2_R1215_U375	NAND	19446
N20214	P2_R1215_U376	NAND	19447
N20215	P2_R1215_U377	NAND	19448
N20216	P2_R1215_U378	NAND	19449
N20217	P2_R1215_U379	NAND	19450
N20218	P2_R1215_U380	NAND	19451
N20219	P2_R1215_U381	NAND	19452
N20220	P2_R1215_U382	NAND	19453
N20221	P2_R1215_U383	NAND	19454
N20222	P2_R1215_U384	NAND	19455
N20223	P2_R1215_U385	NAND	19456
N20224	P2_R1215_U386	NAND	19457
N20225	P2_R1215_U387	NAND	19458
N20226	P2_R1215_U388	NAND	19459
N20227	P2_R1215_U389	NAND	19460
N20228	P2_R1215_U390	NAND	19461
N20229	P2_R1215_U391	NAND	19462
N20230	P2_R1215_U392	NAND	19463
N20231	P2_R1215_U393	NAND	19464
N20232	P2_R1215_U394	NAND	19465
N20233	P2_R1215_U395	NAND	19466
N20234	P2_R1215_U396	NAND	19467
N20235	P2_R1215_U397	NAND	19468
N20236	P2_R1215_U398	NAND	19469
N20237	P2_R1215_U399	NAND	19470
N20238	P2_R1215_U400	NAND	19471
N20239	P2_R1215_U401	NAND	19472
N20240	P2_R1215_U402	NAND	19473
N20241	P2_R1215_U403	NAND	19474
N20242	P2_R1215_U404	NAND	19475
N20243	P2_R1215_U405	NAND	19476
N20244	P2_R1215_U406	NAND	19477
N20245	P2_R1215_U407	NAND	19478
N20246	P2_R1215_U408	NAND	19479
N20247	P2_R1215_U409	NAND	19480
N20248	P2_R1215_U410	NAND	19481
N20249	P2_R1215_U411	NAND	19482
N20250	P2_R1215_U412	NAND	19483
N20251	P2_R1215_U413	NAND	19484
N20252	P2_R1215_U414	NAND	19485
N20253	P2_R1215_U415	NAND	19486
N20254	P2_R1215_U416	NAND	19487
N20255	P2_R1215_U417	NAND	19488
N20256	P2_R1215_U418	NAND	19489
N20257	P2_R1215_U419	NAND	19490
N20258	P2_R1215_U420	NAND	19491
N20259	P2_R1215_U421	NAND	19492
N20260	P2_R1215_U422	NAND	19493
N20261	P2_R1215_U423	NAND	19494
N20262	P2_R1215_U424	NAND	19495
N20263	P2_R1215_U425	NAND	19496
N20264	P2_R1215_U426	NAND	19497
N20265	P2_R1215_U427	NAND	19498
N20266	P2_R1215_U428	NAND	19499
N20267	P2_R1215_U429	NAND	19500
N20268	P2_R1215_U430	NAND	19501
N20269	P2_R1215_U431	NAND	19502
N20270	P2_R1215_U432	NAND	19503
N20271	P2_R1215_U433	NAND	19504
N20272	P2_R1215_U434	NAND	19505
N20273	P2_R1215_U435	NAND	19506
N20274	P2_R1215_U436	NAND	19507
N20275	P2_R1215_U437	NAND	19508
N20276	P2_R1215_U438	NAND	19509
N20277	P2_R1215_U439	NAND	19510
N20278	P2_R1215_U440	NAND	19511
N20279	P2_R1215_U441	NAND	19512
N20280	P2_R1215_U442	NAND	19513
N20281	P2_R1215_U443	NAND	19514
N20282	P2_R1215_U444	NAND	19515
N20283	P2_R1215_U445	NAND	19516
N20284	P2_R1215_U446	NAND	19517
N20285	P2_R1215_U447	NAND	19518
N20286	P2_R1215_U448	NAND	19519
N20287	P2_R1215_U449	NAND	19520
N20288	P2_R1215_U450	NAND	19521
N20289	P2_R1215_U451	NAND	19522
N20290	P2_R1215_U452	NAND	19523
N20291	P2_R1215_U453	NAND	19524
N20292	P2_R1215_U454	NAND	19525
N20293	P2_R1215_U455	NAND	19526
N20294	P2_R1215_U456	NAND	19527
N20295	P2_R1215_U457	NAND	19528
N20296	P2_R1215_U458	NAND	19529
N20297	P2_R1215_U459	NAND	19530
N20298	P2_R1215_U460	NAND	19531
N20299	P2_R1215_U461	NAND	19532
N20300	P2_R1215_U462	NAND	19533
N20301	P2_R1215_U463	NAND	19534
N20302	P2_R1215_U464	NAND	19535
N20303	P2_R1215_U465	NAND	19536
N20304	P2_R1215_U466	NAND	19537
N20305	P2_R1215_U467	NAND	19538
N20306	P2_R1215_U468	NAND	19539
N20307	P2_R1215_U469	NAND	19540
N20308	P2_R1215_U470	NAND	19541
N20309	P2_R1215_U471	NAND	19542
N20310	P2_R1215_U472	NAND	19543
N20311	P2_R1215_U473	NAND	19544
N20312	P2_R1215_U474	NAND	19545
N20313	P2_R1215_U475	NAND	19546
N20314	P2_R1215_U476	NAND	19547
N20315	P2_R1215_U477	NAND	19548
N20316	P2_R1215_U478	NAND	19549
N20317	P2_R1215_U479	NAND	19550
N20318	P2_R1215_U480	NAND	19551
N20319	P2_R1215_U481	NAND	19552
N20320	P2_R1215_U482	NAND	19553
N20321	P2_R1215_U483	NAND	19554
N20322	P2_R1215_U484	NAND	19555
N20323	P2_R1215_U485	NAND	19556
N20324	P2_R1215_U486	NAND	19557
N20325	P2_R1215_U487	NAND	19558
N20326	P2_R1215_U488	NAND	19559
N20327	P2_R1215_U489	NAND	19560
N20328	P2_R1215_U490	NAND	19561
N20329	P2_R1215_U491	NAND	19562
N20330	P2_R1215_U492	NAND	19563
N20331	P2_R1215_U493	NAND	19564
N20332	P2_R1215_U494	NAND	19565
N20333	P2_R1215_U495	NAND	19566
N20334	P2_R1215_U496	NAND	19567
N20335	P2_R1215_U497	NAND	19568
N20336	P2_R1215_U498	NAND	19569
N20337	P2_R1215_U499	NAND	19570
N20338	P2_R1215_U500	NAND	19571
N20339	P2_R1215_U501	NAND	19572
N20340	P2_R1215_U502	NAND	19573
N20341	P2_R1215_U503	NAND	19574
N20342	P2_R1215_U504	NAND	19575
N20343	P2_R1164_U4	AND	19576
N20344	P2_R1164_U5	AND	19577
N20345	P2_R1164_U6	AND	19578
N20346	P2_R1164_U7	AND	19579
N20347	P2_R1164_U8	AND	19580
N20348	P2_R1164_U9	AND	19581
N20349	P2_R1164_U10	AND	19582
N20350	P2_R1164_U11	AND	19583
N20351	P2_R1164_U12	AND	19584
N20352	P2_R1164_U13	AND	19585
N20353	P2_R1164_U14	AND	19586
N20354	P2_R1164_U15	AND	19587
N20355	P2_R1164_U16	AND	19588
N20356	P2_R1164_U17	AND	19589
N20357	P2_R1164_U18	AND	19590
N20358	P2_R1164_U19	NOT	19591
N20359	P2_R1164_U20	NOT	19592
N20360	P2_R1164_U21	NOT	19593
N20361	P2_R1164_U22	NAND	19594
N20362	P2_R1164_U23	NOT	19595
N20363	P2_R1164_U24	NOT	19596
N20364	P2_R1164_U25	NOT	19597
N20365	P2_R1164_U26	NOT	19598
N20366	P2_R1164_U27	NOT	19599
N20367	P2_R1164_U28	NOT	19600
N20368	P2_R1164_U29	NOT	19601
N20369	P2_R1164_U30	NOT	19602
N20370	P2_R1164_U31	NAND	19603
N20371	P2_R1164_U32	NOT	19604
N20372	P2_R1164_U33	NOT	19605
N20373	P2_R1164_U34	NAND	19606
N20374	P2_R1164_U35	NOT	19607
N20375	P2_R1164_U36	NOT	19608
N20376	P2_R1164_U37	NOT	19609
N20377	P2_R1164_U38	NOT	19610
N20378	P2_R1164_U39	NOT	19611
N20379	P2_R1164_U40	NAND	19612
N20380	P2_R1164_U41	NAND	19613
N20381	P2_R1164_U42	NAND	19614
N20382	P2_R1164_U43	NAND	19615
N20383	P2_R1164_U44	NAND	19616
N20384	P2_R1164_U45	NAND	19617
N20385	P2_R1164_U46	NOT	19618
N20386	P2_R1164_U47	NOT	19619
N20387	P2_R1164_U48	NOT	19620
N20388	P2_R1164_U49	NOT	19621
N20389	P2_R1164_U50	NOT	19622
N20390	P2_R1164_U51	NOT	19623
N20391	P2_R1164_U52	NOT	19624
N20392	P2_R1164_U53	NOT	19625
N20393	P2_R1164_U54	NOT	19626
N20394	P2_R1164_U55	NOT	19627
N20395	P2_R1164_U56	NOT	19628
N20396	P2_R1164_U57	NOT	19629
N20397	P2_R1164_U58	NOT	19630
N20398	P2_R1164_U59	NAND	19631
N20399	P2_R1164_U60	NOT	19632
N20400	P2_R1164_U61	NAND	19633
N20401	P2_R1164_U62	NOT	19634
N20402	P2_R1164_U63	NOT	19635
N20403	P2_R1164_U64	NOT	19636
N20404	P2_R1164_U65	NOT	19637
N20405	P2_R1164_U66	NOT	19638
N20406	P2_R1164_U67	NOT	19639
N20407	P2_R1164_U68	NAND	19640
N20408	P2_R1164_U69	NOT	19641
N20409	P2_R1164_U70	NOT	19642
N20410	P2_R1164_U71	NOT	19643
N20411	P2_R1164_U72	NOT	19644
N20412	P2_R1164_U73	NOT	19645
N20413	P2_R1164_U74	NOT	19646
N20414	P2_R1164_U75	NOT	19647
N20415	P2_R1164_U76	NOT	19648
N20416	P2_R1164_U77	NAND	19649
N20417	P2_R1164_U78	NOT	19650
N20418	P2_R1164_U79	NOT	19651
N20419	P2_R1164_U80	NAND	19652
N20420	P2_R1164_U81	NOT	19653
N20421	P2_R1164_U82	NOT	19654
N20422	P2_R1164_U83	NOT	19655
N20423	P2_R1164_U84	NOT	19656
N20424	P2_R1164_U85	NOT	19657
N20425	P2_R1164_U86	NAND	19658
N20426	P2_R1164_U87	NOT	19659
N20427	P2_R1164_U88	NOT	19660
N20428	P2_R1164_U89	NAND	19661
N20429	P2_R1164_U90	NOT	19662
N20430	P2_R1164_U91	NAND	19663
N20431	P2_R1164_U92	NAND	19664
N20432	P2_R1164_U93	NAND	19665
N20433	P2_R1164_U94	NAND	19666
N20434	P2_R1164_U95	NAND	19667
N20435	P2_R1164_U96	NAND	19668
N20436	P2_R1164_U97	NAND	19669
N20437	P2_R1164_U98	NAND	19670
N20438	P2_R1164_U99	NAND	19671
N20439	P2_R1164_U100	NAND	19672
N20440	P2_R1164_U101	NAND	19673
N20441	P2_R1164_U102	NAND	19674
N20442	P2_R1164_U103	NAND	19675
N20443	P2_R1164_U104	NAND	19676
N20444	P2_R1164_U105	NAND	19677
N20445	P2_R1164_U106	NAND	19678
N20446	P2_R1164_U107	NAND	19679
N20447	P2_R1164_U108	NAND	19680
N20448	P2_R1164_U109	NAND	19681
N20449	P2_R1164_U110	NAND	19682
N20450	P2_R1164_U111	NAND	19683
N20451	P2_R1164_U112	NAND	19684
N20452	P2_R1164_U113	NAND	19685
N20453	P2_R1164_U114	NAND	19686
N20454	P2_R1164_U115	AND	19687
N20455	P2_R1164_U116	AND	19688
N20456	P2_R1164_U117	AND	19689
N20457	P2_R1164_U118	AND	19690
N20458	P2_R1164_U119	AND	19691
N20459	P2_R1164_U120	AND	19692
N20460	P2_R1164_U121	AND	19693
N20461	P2_R1164_U122	AND	19694
N20462	P2_R1164_U123	AND	19695
N20463	P2_R1164_U124	AND	19696
N20464	P2_R1164_U125	AND	19697
N20465	P2_R1164_U126	AND	19698
N20466	P2_R1164_U127	AND	19699
N20467	P2_R1164_U128	AND	19700
N20468	P2_R1164_U129	AND	19701
N20469	P2_R1164_U130	AND	19702
N20470	P2_R1164_U131	AND	19703
N20471	P2_R1164_U132	AND	19704
N20472	P2_R1164_U133	AND	19705
N20473	P2_R1164_U134	AND	19706
N20474	P2_R1164_U135	AND	19707
N20475	P2_R1164_U136	AND	19708
N20476	P2_R1164_U137	AND	19709
N20477	P2_R1164_U138	AND	19710
N20478	P2_R1164_U139	AND	19711
N20479	P2_R1164_U140	AND	19712
N20480	P2_R1164_U141	AND	19713
N20481	P2_R1164_U142	AND	19714
N20482	P2_R1164_U143	AND	19715
N20483	P2_R1164_U144	NAND	19716
N20484	P2_R1164_U145	NAND	19717
N20485	P2_R1164_U146	NOT	19718
N20486	P2_R1164_U147	NOT	19719
N20487	P2_R1164_U148	AND	19720
N20488	P2_R1164_U149	NAND	19721
N20489	P2_R1164_U150	AND	19722
N20490	P2_R1164_U151	NAND	19723
N20491	P2_R1164_U152	AND	19724
N20492	P2_R1164_U153	NAND	19725
N20493	P2_R1164_U154	AND	19726
N20494	P2_R1164_U155	NAND	19727
N20495	P2_R1164_U156	AND	19728
N20496	P2_R1164_U157	NAND	19729
N20497	P2_R1164_U158	AND	19730
N20498	P2_R1164_U159	NAND	19731
N20499	P2_R1164_U160	AND	19732
N20500	P2_R1164_U161	NAND	19733
N20501	P2_R1164_U162	NAND	19734
N20502	P2_R1164_U163	AND	19735
N20503	P2_R1164_U164	NAND	19736
N20504	P2_R1164_U165	AND	19737
N20505	P2_R1164_U166	NAND	19738
N20506	P2_R1164_U167	NAND	19739
N20507	P2_R1164_U168	NAND	19740
N20508	P2_R1164_U169	NAND	19741
N20509	P2_R1164_U170	NOT	19742
N20510	P2_R1164_U171	NAND	19743
N20511	P2_R1164_U172	NAND	19744
N20512	P2_R1164_U173	NAND	19745
N20513	P2_R1164_U174	NOT	19746
N20514	P2_R1164_U175	NOT	19747
N20515	P2_R1164_U176	NAND	19748
N20516	P2_R1164_U177	NOT	19749
N20517	P2_R1164_U178	OR	19750
N20518	P2_R1164_U179	OR	19751
N20519	P2_R1164_U180	OR	19752
N20520	P2_R1164_U181	OR	19753
N20521	P2_R1164_U182	NOT	19754
N20522	P2_R1164_U183	OR	19755
N20523	P2_R1164_U184	NOT	19756
N20524	P2_R1164_U185	NOT	19757
N20525	P2_R1164_U186	NAND	19758
N20526	P2_R1164_U187	NAND	19759
N20527	P2_R1164_U188	NAND	19760
N20528	P2_R1164_U189	NAND	19761
N20529	P2_R1164_U190	NAND	19762
N20530	P2_R1164_U191	NAND	19763
N20531	P2_R1164_U192	NAND	19764
N20532	P2_R1164_U193	NAND	19765
N20533	P2_R1164_U194	NAND	19766
N20534	P2_R1164_U195	NOT	19767
N20535	P2_R1164_U196	OR	19768
N20536	P2_R1164_U197	OR	19769
N20537	P2_R1164_U198	NOT	19770
N20538	P2_R1164_U199	NAND	19771
N20539	P2_R1164_U200	NAND	19772
N20540	P2_R1164_U201	NAND	19773
N20541	P2_R1164_U202	NAND	19774
N20542	P2_R1164_U203	NOT	19775
N20543	P2_R1164_U204	OR	19776
N20544	P2_R1164_U205	NAND	19777
N20545	P2_R1164_U206	NOT	19778
N20546	P2_R1164_U207	OR	19779
N20547	P2_R1164_U208	OR	19780
N20548	P2_R1164_U209	NAND	19781
N20549	P2_R1164_U210	NAND	19782
N20550	P2_R1164_U211	NAND	19783
N20551	P2_R1164_U212	NAND	19784
N20552	P2_R1164_U213	NAND	19785
N20553	P2_R1164_U214	OR	19786
N20554	P2_R1164_U215	NAND	19787
N20555	P2_R1164_U216	NAND	19788
N20556	P2_R1164_U217	NOT	19789
N20557	P2_R1164_U218	NAND	19790
N20558	P2_R1164_U219	NAND	19791
N20559	P2_R1164_U220	NAND	19792
N20560	P2_R1164_U221	NOT	19793
N20561	P2_R1164_U222	OR	19794
N20562	P2_R1164_U223	NAND	19795
N20563	P2_R1164_U224	NAND	19796
N20564	P2_R1164_U225	NAND	19797
N20565	P2_R1164_U226	NAND	19798
N20566	P2_R1164_U227	NAND	19799
N20567	P2_R1164_U228	OR	19800
N20568	P2_R1164_U229	NAND	19801
N20569	P2_R1164_U230	NOT	19802
N20570	P2_R1164_U231	NAND	19803
N20571	P2_R1164_U232	NAND	19804
N20572	P2_R1164_U233	NAND	19805
N20573	P2_R1164_U234	NAND	19806
N20574	P2_R1164_U235	NAND	19807
N20575	P2_R1164_U236	OR	19808
N20576	P2_R1164_U237	OR	19809
N20577	P2_R1164_U238	NAND	19810
N20578	P2_R1164_U239	NAND	19811
N20579	P2_R1164_U240	NAND	19812
N20580	P2_R1164_U241	OR	19813
N20581	P2_R1164_U242	NAND	19814
N20582	P2_R1164_U243	NAND	19815
N20583	P2_R1164_U244	NOT	19816
N20584	P2_R1164_U245	OR	19817
N20585	P2_R1164_U246	OR	19818
N20586	P2_R1164_U247	NAND	19819
N20587	P2_R1164_U248	NAND	19820
N20588	P2_R1164_U249	NAND	19821
N20589	P2_R1164_U250	OR	19822
N20590	P2_R1164_U251	OR	19823
N20591	P2_R1164_U252	NAND	19824
N20592	P2_R1164_U253	NAND	19825
N20593	P2_R1164_U254	NOT	19826
N20594	P2_R1164_U255	OR	19827
N20595	P2_R1164_U256	NAND	19828
N20596	P2_R1164_U257	NAND	19829
N20597	P2_R1164_U258	NOT	19830
N20598	P2_R1164_U259	OR	19831
N20599	P2_R1164_U260	NAND	19832
N20600	P2_R1164_U261	NAND	19833
N20601	P2_R1164_U262	NOT	19834
N20602	P2_R1164_U263	OR	19835
N20603	P2_R1164_U264	OR	19836
N20604	P2_R1164_U265	NOT	19837
N20605	P2_R1164_U266	NAND	19838
N20606	P2_R1164_U267	NAND	19839
N20607	P2_R1164_U268	NAND	19840
N20608	P2_R1164_U269	NAND	19841
N20609	P2_R1164_U270	NOT	19842
N20610	P2_R1164_U271	OR	19843
N20611	P2_R1164_U272	OR	19844
N20612	P2_R1164_U273	OR	19845
N20613	P2_R1164_U274	NOT	19846
N20614	P2_R1164_U275	NAND	19847
N20615	P2_R1164_U276	NAND	19848
N20616	P2_R1164_U277	NAND	19849
N20617	P2_R1164_U278	NAND	19850
N20618	P2_R1164_U279	NAND	19851
N20619	P2_R1164_U280	NAND	19852
N20620	P2_R1164_U281	NAND	19853
N20621	P2_R1164_U282	OR	19854
N20622	P2_R1164_U283	OR	19855
N20623	P2_R1164_U284	NAND	19856
N20624	P2_R1164_U285	NAND	19857
N20625	P2_R1164_U286	NOT	19858
N20626	P2_R1164_U287	OR	19859
N20627	P2_R1164_U288	NAND	19860
N20628	P2_R1164_U289	NAND	19861
N20629	P2_R1164_U290	NOT	19862
N20630	P2_R1164_U291	OR	19863
N20631	P2_R1164_U292	NAND	19864
N20632	P2_R1164_U293	NAND	19865
N20633	P2_R1164_U294	NOT	19866
N20634	P2_R1164_U295	OR	19867
N20635	P2_R1164_U296	NAND	19868
N20636	P2_R1164_U297	NOT	19869
N20637	P2_R1164_U298	OR	19870
N20638	P2_R1164_U299	NAND	19871
N20639	P2_R1164_U300	NOT	19872
N20640	P2_R1164_U301	OR	19873
N20641	P2_R1164_U302	NAND	19874
N20642	P2_R1164_U303	NOT	19875
N20643	P2_R1164_U304	NAND	19876
N20644	P2_R1164_U305	NOT	19877
N20645	P2_R1164_U306	NAND	19878
N20646	P2_R1164_U307	NOT	19879
N20647	P2_R1164_U308	OR	19880
N20648	P2_R1164_U309	NAND	19881
N20649	P2_R1164_U310	NAND	19882
N20650	P2_R1164_U311	NAND	19883
N20651	P2_R1164_U312	NAND	19884
N20652	P2_R1164_U313	NAND	19885
N20653	P2_R1164_U314	OR	19886
N20654	P2_R1164_U315	NAND	19887
N20655	P2_R1164_U316	NOT	19888
N20656	P2_R1164_U317	NAND	19889
N20657	P2_R1164_U318	NAND	19890
N20658	P2_R1164_U319	NAND	19891
N20659	P2_R1164_U320	NAND	19892
N20660	P2_R1164_U321	OR	19893
N20661	P2_R1164_U322	NAND	19894
N20662	P2_R1164_U323	NAND	19895
N20663	P2_R1164_U324	NAND	19896
N20664	P2_R1164_U325	NAND	19897
N20665	P2_R1164_U326	NAND	19898
N20666	P2_R1164_U327	OR	19899
N20667	P2_R1164_U328	NOT	19900
N20668	P2_R1164_U329	OR	19901
N20669	P2_R1164_U330	OR	19902
N20670	P2_R1164_U331	NAND	19903
N20671	P2_R1164_U332	NAND	19904
N20672	P2_R1164_U333	NAND	19905
N20673	P2_R1164_U334	NAND	19906
N20674	P2_R1164_U335	NAND	19907
N20675	P2_R1164_U336	OR	19908
N20676	P2_R1164_U337	NAND	19909
N20677	P2_R1164_U338	NOT	19910
N20678	P2_R1164_U339	OR	19911
N20679	P2_R1164_U340	NAND	19912
N20680	P2_R1164_U341	NAND	19913
N20681	P2_R1164_U342	NAND	19914
N20682	P2_R1164_U343	NAND	19915
N20683	P2_R1164_U344	NAND	19916
N20684	P2_R1164_U345	OR	19917
N20685	P2_R1164_U346	OR	19918
N20686	P2_R1164_U347	NAND	19919
N20687	P2_R1164_U348	NAND	19920
N20688	P2_R1164_U349	NAND	19921
N20689	P2_R1164_U350	NAND	19922
N20690	P2_R1164_U351	NAND	19923
N20691	P2_R1164_U352	NAND	19924
N20692	P2_R1164_U353	NAND	19925
N20693	P2_R1164_U354	NAND	19926
N20694	P2_R1164_U355	NAND	19927
N20695	P2_R1164_U356	NAND	19928
N20696	P2_R1164_U357	NAND	19929
N20697	P2_R1164_U358	NAND	19930
N20698	P2_R1164_U359	NAND	19931
N20699	P2_R1164_U360	NAND	19932
N20700	P2_R1164_U361	NAND	19933
N20701	P2_R1164_U362	NAND	19934
N20702	P2_R1164_U363	NAND	19935
N20703	P2_R1164_U364	NAND	19936
N20704	P2_R1164_U365	NAND	19937
N20705	P2_R1164_U366	NAND	19938
N20706	P2_R1164_U367	NAND	19939
N20707	P2_R1164_U368	NAND	19940
N20708	P2_R1164_U369	NAND	19941
N20709	P2_R1164_U370	NAND	19942
N20710	P2_R1164_U371	NAND	19943
N20711	P2_R1164_U372	NAND	19944
N20712	P2_R1164_U373	NAND	19945
N20713	P2_R1164_U374	NAND	19946
N20714	P2_R1164_U375	NAND	19947
N20715	P2_R1164_U376	NAND	19948
N20716	P2_R1164_U377	NAND	19949
N20717	P2_R1164_U378	NAND	19950
N20718	P2_R1164_U379	NAND	19951
N20719	P2_R1164_U380	NAND	19952
N20720	P2_R1164_U381	NAND	19953
N20721	P2_R1164_U382	NAND	19954
N20722	P2_R1164_U383	NAND	19955
N20723	P2_R1164_U384	NAND	19956
N20724	P2_R1164_U385	NAND	19957
N20725	P2_R1164_U386	NAND	19958
N20726	P2_R1164_U387	NAND	19959
N20727	P2_R1164_U388	NAND	19960
N20728	P2_R1164_U389	NAND	19961
N20729	P2_R1164_U390	NAND	19962
N20730	P2_R1164_U391	NAND	19963
N20731	P2_R1164_U392	NAND	19964
N20732	P2_R1164_U393	NAND	19965
N20733	P2_R1164_U394	NAND	19966
N20734	P2_R1164_U395	NAND	19967
N20735	P2_R1164_U396	NAND	19968
N20736	P2_R1164_U397	NAND	19969
N20737	P2_R1164_U398	NAND	19970
N20738	P2_R1164_U399	NAND	19971
N20739	P2_R1164_U400	NAND	19972
N20740	P2_R1164_U401	NAND	19973
N20741	P2_R1164_U402	NAND	19974
N20742	P2_R1164_U403	NAND	19975
N20743	P2_R1164_U404	NAND	19976
N20744	P2_R1164_U405	NAND	19977
N20745	P2_R1164_U406	NAND	19978
N20746	P2_R1164_U407	NAND	19979
N20747	P2_R1164_U408	NAND	19980
N20748	P2_R1164_U409	NAND	19981
N20749	P2_R1164_U410	NAND	19982
N20750	P2_R1164_U411	NAND	19983
N20751	P2_R1164_U412	NAND	19984
N20752	P2_R1164_U413	NAND	19985
N20753	P2_R1164_U414	NAND	19986
N20754	P2_R1164_U415	NAND	19987
N20755	P2_R1164_U416	NAND	19988
N20756	P2_R1164_U417	NAND	19989
N20757	P2_R1164_U418	NAND	19990
N20758	P2_R1164_U419	NAND	19991
N20759	P2_R1164_U420	NAND	19992
N20760	P2_R1164_U421	NAND	19993
N20761	P2_R1164_U422	NAND	19994
N20762	P2_R1164_U423	NAND	19995
N20763	P2_R1164_U424	NAND	19996
N20764	P2_R1164_U425	NAND	19997
N20765	P2_R1164_U426	NAND	19998
N20766	P2_R1164_U427	NAND	19999
N20767	P2_R1164_U428	NAND	20000
N20768	P2_R1164_U429	NAND	20001
N20769	P2_R1164_U430	NAND	20002
N20770	P2_R1164_U431	NAND	20003
N20771	P2_R1164_U432	NAND	20004
N20772	P2_R1164_U433	NAND	20005
N20773	P2_R1164_U434	NAND	20006
N20774	P2_R1164_U435	NAND	20007
N20775	P2_R1164_U436	NAND	20008
N20776	P2_R1164_U437	NAND	20009
N20777	P2_R1164_U438	NAND	20010
N20778	P2_R1164_U439	NAND	20011
N20779	P2_R1164_U440	NAND	20012
N20780	P2_R1164_U441	NAND	20013
N20781	P2_R1164_U442	NAND	20014
N20782	P2_R1164_U443	NAND	20015
N20783	P2_R1164_U444	NAND	20016
N20784	P2_R1164_U445	NAND	20017
N20785	P2_R1164_U446	NAND	20018
N20786	P2_R1164_U447	NAND	20019
N20787	P2_R1164_U448	NAND	20020
N20788	P2_R1164_U449	NAND	20021
N20789	P2_R1164_U450	NAND	20022
N20790	P2_R1164_U451	NAND	20023
N20791	P2_R1164_U452	NAND	20024
N20792	P2_R1164_U453	NAND	20025
N20793	P2_R1164_U454	NAND	20026
N20794	P2_R1164_U455	NAND	20027
N20795	P2_R1164_U456	NAND	20028
N20796	P2_R1164_U457	NAND	20029
N20797	P2_R1164_U458	NAND	20030
N20798	P2_R1164_U459	NAND	20031
N20799	P2_R1164_U460	NAND	20032
N20800	P2_R1164_U461	NAND	20033
N20801	P2_R1164_U462	NAND	20034
N20802	P2_R1164_U463	NAND	20035
N20803	P2_R1164_U464	NAND	20036
N20804	P2_R1164_U465	NAND	20037
N20805	P2_R1164_U466	NAND	20038
N20806	P2_R1164_U467	NAND	20039
N20807	P2_R1164_U468	NAND	20040
N20808	P2_R1164_U469	NAND	20041
N20809	P2_R1164_U470	NAND	20042
N20810	P2_R1164_U471	NAND	20043
N20811	P2_R1164_U472	NAND	20044
N20812	P2_R1164_U473	NAND	20045
N20813	P2_R1164_U474	NAND	20046
N20814	P2_R1164_U475	NAND	20047
N20815	P2_R1164_U476	NAND	20048
N20816	P2_R1164_U477	NAND	20049
N20817	P2_R1164_U478	NAND	20050
N20818	P2_R1164_U479	NAND	20051
N20819	P2_R1164_U480	NAND	20052
N20820	P2_R1164_U481	NAND	20053
N20821	P2_R1164_U482	NAND	20054
N20822	P2_R1164_U483	NAND	20055
N20823	P2_R1164_U484	NAND	20056
N20824	P2_R1164_U485	NAND	20057
N20825	P2_R1164_U486	NAND	20058
N20826	P2_R1164_U487	NAND	20059
N20827	P2_R1164_U488	NAND	20060
N20828	P2_R1164_U489	NAND	20061
N20829	P2_R1164_U490	NAND	20062
N20830	P2_R1164_U491	NAND	20063
N20831	P2_R1164_U492	NAND	20064
N20832	P2_R1164_U493	NAND	20065
N20833	P2_R1164_U494	NAND	20066
N20834	P2_R1164_U495	NAND	20067
N20835	P2_R1164_U496	NAND	20068
N20836	P2_R1164_U497	NAND	20069
N20837	P2_R1164_U498	NAND	20070
N20838	P2_R1164_U499	NAND	20071
N20839	P2_R1164_U500	NAND	20072
N20840	P2_R1164_U501	NAND	20073
N20841	P2_R1164_U502	NAND	20074
N20842	P2_R1164_U503	NAND	20075
N20843	P2_R1164_U504	NAND	20076
N20844	P2_R1233_U4	AND	20077
N20845	P2_R1233_U5	AND	20078
N20846	P2_R1233_U6	AND	20079
N20847	P2_R1233_U7	AND	20080
N20848	P2_R1233_U8	AND	20081
N20849	P2_R1233_U9	AND	20082
N20850	P2_R1233_U10	AND	20083
N20851	P2_R1233_U11	AND	20084
N20852	P2_R1233_U12	AND	20085
N20853	P2_R1233_U13	AND	20086
N20854	P2_R1233_U14	AND	20087
N20855	P2_R1233_U15	AND	20088
N20856	P2_R1233_U16	AND	20089
N20857	P2_R1233_U17	AND	20090
N20858	P2_R1233_U18	AND	20091
N20859	P2_R1233_U19	NOT	20092
N20860	P2_R1233_U20	NOT	20093
N20861	P2_R1233_U21	NOT	20094
N20862	P2_R1233_U22	NAND	20095
N20863	P2_R1233_U23	NOT	20096
N20864	P2_R1233_U24	NOT	20097
N20865	P2_R1233_U25	NOT	20098
N20866	P2_R1233_U26	NOT	20099
N20867	P2_R1233_U27	NOT	20100
N20868	P2_R1233_U28	NOT	20101
N20869	P2_R1233_U29	NOT	20102
N20870	P2_R1233_U30	NOT	20103
N20871	P2_R1233_U31	NAND	20104
N20872	P2_R1233_U32	NOT	20105
N20873	P2_R1233_U33	NOT	20106
N20874	P2_R1233_U34	NAND	20107
N20875	P2_R1233_U35	NOT	20108
N20876	P2_R1233_U36	NOT	20109
N20877	P2_R1233_U37	NOT	20110
N20878	P2_R1233_U38	NOT	20111
N20879	P2_R1233_U39	NOT	20112
N20880	P2_R1233_U40	NAND	20113
N20881	P2_R1233_U41	NAND	20114
N20882	P2_R1233_U42	NAND	20115
N20883	P2_R1233_U43	NAND	20116
N20884	P2_R1233_U44	NAND	20117
N20885	P2_R1233_U45	NAND	20118
N20886	P2_R1233_U46	NOT	20119
N20887	P2_R1233_U47	NOT	20120
N20888	P2_R1233_U48	NOT	20121
N20889	P2_R1233_U49	NOT	20122
N20890	P2_R1233_U50	NOT	20123
N20891	P2_R1233_U51	NOT	20124
N20892	P2_R1233_U52	NOT	20125
N20893	P2_R1233_U53	NOT	20126
N20894	P2_R1233_U54	NOT	20127
N20895	P2_R1233_U55	NOT	20128
N20896	P2_R1233_U56	NOT	20129
N20897	P2_R1233_U57	NOT	20130
N20898	P2_R1233_U58	NOT	20131
N20899	P2_R1233_U59	NAND	20132
N20900	P2_R1233_U60	NOT	20133
N20901	P2_R1233_U61	NAND	20134
N20902	P2_R1233_U62	NOT	20135
N20903	P2_R1233_U63	NOT	20136
N20904	P2_R1233_U64	NOT	20137
N20905	P2_R1233_U65	NOT	20138
N20906	P2_R1233_U66	NOT	20139
N20907	P2_R1233_U67	NOT	20140
N20908	P2_R1233_U68	NAND	20141
N20909	P2_R1233_U69	NOT	20142
N20910	P2_R1233_U70	NOT	20143
N20911	P2_R1233_U71	NOT	20144
N20912	P2_R1233_U72	NOT	20145
N20913	P2_R1233_U73	NOT	20146
N20914	P2_R1233_U74	NOT	20147
N20915	P2_R1233_U75	NOT	20148
N20916	P2_R1233_U76	NOT	20149
N20917	P2_R1233_U77	NAND	20150
N20918	P2_R1233_U78	NOT	20151
N20919	P2_R1233_U79	NOT	20152
N20920	P2_R1233_U80	NAND	20153
N20921	P2_R1233_U81	NOT	20154
N20922	P2_R1233_U82	NOT	20155
N20923	P2_R1233_U83	NOT	20156
N20924	P2_R1233_U84	NOT	20157
N20925	P2_R1233_U85	NOT	20158
N20926	P2_R1233_U86	NAND	20159
N20927	P2_R1233_U87	NOT	20160
N20928	P2_R1233_U88	NOT	20161
N20929	P2_R1233_U89	NAND	20162
N20930	P2_R1233_U90	NOT	20163
N20931	P2_R1233_U91	NAND	20164
N20932	P2_R1233_U92	NAND	20165
N20933	P2_R1233_U93	NAND	20166
N20934	P2_R1233_U94	NAND	20167
N20935	P2_R1233_U95	NAND	20168
N20936	P2_R1233_U96	NAND	20169
N20937	P2_R1233_U97	NAND	20170
N20938	P2_R1233_U98	NAND	20171
N20939	P2_R1233_U99	NAND	20172
N20940	P2_R1233_U100	NAND	20173
N20941	P2_R1233_U101	NAND	20174
N20942	P2_R1233_U102	NAND	20175
N20943	P2_R1233_U103	NAND	20176
N20944	P2_R1233_U104	NAND	20177
N20945	P2_R1233_U105	NAND	20178
N20946	P2_R1233_U106	NAND	20179
N20947	P2_R1233_U107	NAND	20180
N20948	P2_R1233_U108	NAND	20181
N20949	P2_R1233_U109	NAND	20182
N20950	P2_R1233_U110	NAND	20183
N20951	P2_R1233_U111	NAND	20184
N20952	P2_R1233_U112	NAND	20185
N20953	P2_R1233_U113	NAND	20186
N20954	P2_R1233_U114	NAND	20187
N20955	P2_R1233_U115	AND	20188
N20956	P2_R1233_U116	AND	20189
N20957	P2_R1233_U117	AND	20190
N20958	P2_R1233_U118	AND	20191
N20959	P2_R1233_U119	AND	20192
N20960	P2_R1233_U120	AND	20193
N20961	P2_R1233_U121	AND	20194
N20962	P2_R1233_U122	AND	20195
N20963	P2_R1233_U123	AND	20196
N20964	P2_R1233_U124	AND	20197
N20965	P2_R1233_U125	AND	20198
N20966	P2_R1233_U126	AND	20199
N20967	P2_R1233_U127	AND	20200
N20968	P2_R1233_U128	AND	20201
N20969	P2_R1233_U129	AND	20202
N20970	P2_R1233_U130	AND	20203
N20971	P2_R1233_U131	AND	20204
N20972	P2_R1233_U132	AND	20205
N20973	P2_R1233_U133	AND	20206
N20974	P2_R1233_U134	AND	20207
N20975	P2_R1233_U135	AND	20208
N20976	P2_R1233_U136	AND	20209
N20977	P2_R1233_U137	AND	20210
N20978	P2_R1233_U138	AND	20211
N20979	P2_R1233_U139	AND	20212
N20980	P2_R1233_U140	AND	20213
N20981	P2_R1233_U141	AND	20214
N20982	P2_R1233_U142	AND	20215
N20983	P2_R1233_U143	AND	20216
N20984	P2_R1233_U144	NAND	20217
N20985	P2_R1233_U145	NAND	20218
N20986	P2_R1233_U146	NOT	20219
N20987	P2_R1233_U147	NOT	20220
N20988	P2_R1233_U148	AND	20221
N20989	P2_R1233_U149	NAND	20222
N20990	P2_R1233_U150	AND	20223
N20991	P2_R1233_U151	NAND	20224
N20992	P2_R1233_U152	AND	20225
N20993	P2_R1233_U153	NAND	20226
N20994	P2_R1233_U154	AND	20227
N20995	P2_R1233_U155	NAND	20228
N20996	P2_R1233_U156	AND	20229
N20997	P2_R1233_U157	NAND	20230
N20998	P2_R1233_U158	AND	20231
N20999	P2_R1233_U159	NAND	20232
N21000	P2_R1233_U160	AND	20233
N21001	P2_R1233_U161	NAND	20234
N21002	P2_R1233_U162	NAND	20235
N21003	P2_R1233_U163	AND	20236
N21004	P2_R1233_U164	NAND	20237
N21005	P2_R1233_U165	AND	20238
N21006	P2_R1233_U166	NAND	20239
N21007	P2_R1233_U167	NAND	20240
N21008	P2_R1233_U168	NAND	20241
N21009	P2_R1233_U169	NAND	20242
N21010	P2_R1233_U170	NOT	20243
N21011	P2_R1233_U171	NAND	20244
N21012	P2_R1233_U172	NAND	20245
N21013	P2_R1233_U173	NAND	20246
N21014	P2_R1233_U174	NOT	20247
N21015	P2_R1233_U175	NOT	20248
N21016	P2_R1233_U176	NAND	20249
N21017	P2_R1233_U177	NOT	20250
N21018	P2_R1233_U178	OR	20251
N21019	P2_R1233_U179	OR	20252
N21020	P2_R1233_U180	OR	20253
N21021	P2_R1233_U181	OR	20254
N21022	P2_R1233_U182	NOT	20255
N21023	P2_R1233_U183	OR	20256
N21024	P2_R1233_U184	NOT	20257
N21025	P2_R1233_U185	NOT	20258
N21026	P2_R1233_U186	NAND	20259
N21027	P2_R1233_U187	NAND	20260
N21028	P2_R1233_U188	NAND	20261
N21029	P2_R1233_U189	NAND	20262
N21030	P2_R1233_U190	NAND	20263
N21031	P2_R1233_U191	NAND	20264
N21032	P2_R1233_U192	NAND	20265
N21033	P2_R1233_U193	NAND	20266
N21034	P2_R1233_U194	NAND	20267
N21035	P2_R1233_U195	NOT	20268
N21036	P2_R1233_U196	OR	20269
N21037	P2_R1233_U197	OR	20270
N21038	P2_R1233_U198	NOT	20271
N21039	P2_R1233_U199	NAND	20272
N21040	P2_R1233_U200	NAND	20273
N21041	P2_R1233_U201	NAND	20274
N21042	P2_R1233_U202	NAND	20275
N21043	P2_R1233_U203	NOT	20276
N21044	P2_R1233_U204	OR	20277
N21045	P2_R1233_U205	NAND	20278
N21046	P2_R1233_U206	NOT	20279
N21047	P2_R1233_U207	OR	20280
N21048	P2_R1233_U208	OR	20281
N21049	P2_R1233_U209	NAND	20282
N21050	P2_R1233_U210	NAND	20283
N21051	P2_R1233_U211	NAND	20284
N21052	P2_R1233_U212	NAND	20285
N21053	P2_R1233_U213	NAND	20286
N21054	P2_R1233_U214	OR	20287
N21055	P2_R1233_U215	NAND	20288
N21056	P2_R1233_U216	NAND	20289
N21057	P2_R1233_U217	NOT	20290
N21058	P2_R1233_U218	NAND	20291
N21059	P2_R1233_U219	NAND	20292
N21060	P2_R1233_U220	NAND	20293
N21061	P2_R1233_U221	NOT	20294
N21062	P2_R1233_U222	OR	20295
N21063	P2_R1233_U223	NAND	20296
N21064	P2_R1233_U224	NAND	20297
N21065	P2_R1233_U225	NAND	20298
N21066	P2_R1233_U226	NAND	20299
N21067	P2_R1233_U227	NAND	20300
N21068	P2_R1233_U228	OR	20301
N21069	P2_R1233_U229	NAND	20302
N21070	P2_R1233_U230	NOT	20303
N21071	P2_R1233_U231	NAND	20304
N21072	P2_R1233_U232	NAND	20305
N21073	P2_R1233_U233	NAND	20306
N21074	P2_R1233_U234	NAND	20307
N21075	P2_R1233_U235	NAND	20308
N21076	P2_R1233_U236	OR	20309
N21077	P2_R1233_U237	OR	20310
N21078	P2_R1233_U238	NAND	20311
N21079	P2_R1233_U239	NAND	20312
N21080	P2_R1233_U240	NAND	20313
N21081	P2_R1233_U241	OR	20314
N21082	P2_R1233_U242	NAND	20315
N21083	P2_R1233_U243	NAND	20316
N21084	P2_R1233_U244	NOT	20317
N21085	P2_R1233_U245	OR	20318
N21086	P2_R1233_U246	OR	20319
N21087	P2_R1233_U247	NAND	20320
N21088	P2_R1233_U248	NAND	20321
N21089	P2_R1233_U249	NAND	20322
N21090	P2_R1233_U250	OR	20323
N21091	P2_R1233_U251	OR	20324
N21092	P2_R1233_U252	NAND	20325
N21093	P2_R1233_U253	NAND	20326
N21094	P2_R1233_U254	NOT	20327
N21095	P2_R1233_U255	OR	20328
N21096	P2_R1233_U256	NAND	20329
N21097	P2_R1233_U257	NAND	20330
N21098	P2_R1233_U258	NOT	20331
N21099	P2_R1233_U259	OR	20332
N21100	P2_R1233_U260	NAND	20333
N21101	P2_R1233_U261	NAND	20334
N21102	P2_R1233_U262	NOT	20335
N21103	P2_R1233_U263	OR	20336
N21104	P2_R1233_U264	OR	20337
N21105	P2_R1233_U265	NOT	20338
N21106	P2_R1233_U266	NAND	20339
N21107	P2_R1233_U267	NAND	20340
N21108	P2_R1233_U268	NAND	20341
N21109	P2_R1233_U269	NAND	20342
N21110	P2_R1233_U270	NOT	20343
N21111	P2_R1233_U271	OR	20344
N21112	P2_R1233_U272	OR	20345
N21113	P2_R1233_U273	OR	20346
N21114	P2_R1233_U274	NOT	20347
N21115	P2_R1233_U275	NAND	20348
N21116	P2_R1233_U276	NAND	20349
N21117	P2_R1233_U277	NAND	20350
N21118	P2_R1233_U278	NAND	20351
N21119	P2_R1233_U279	NAND	20352
N21120	P2_R1233_U280	NAND	20353
N21121	P2_R1233_U281	NAND	20354
N21122	P2_R1233_U282	OR	20355
N21123	P2_R1233_U283	OR	20356
N21124	P2_R1233_U284	NAND	20357
N21125	P2_R1233_U285	NAND	20358
N21126	P2_R1233_U286	NOT	20359
N21127	P2_R1233_U287	OR	20360
N21128	P2_R1233_U288	NAND	20361
N21129	P2_R1233_U289	NAND	20362
N21130	P2_R1233_U290	NOT	20363
N21131	P2_R1233_U291	OR	20364
N21132	P2_R1233_U292	NAND	20365
N21133	P2_R1233_U293	NAND	20366
N21134	P2_R1233_U294	NOT	20367
N21135	P2_R1233_U295	OR	20368
N21136	P2_R1233_U296	NAND	20369
N21137	P2_R1233_U297	NOT	20370
N21138	P2_R1233_U298	OR	20371
N21139	P2_R1233_U299	NAND	20372
N21140	P2_R1233_U300	NOT	20373
N21141	P2_R1233_U301	OR	20374
N21142	P2_R1233_U302	NAND	20375
N21143	P2_R1233_U303	NOT	20376
N21144	P2_R1233_U304	NAND	20377
N21145	P2_R1233_U305	NOT	20378
N21146	P2_R1233_U306	NAND	20379
N21147	P2_R1233_U307	NOT	20380
N21148	P2_R1233_U308	OR	20381
N21149	P2_R1233_U309	NAND	20382
N21150	P2_R1233_U310	NAND	20383
N21151	P2_R1233_U311	NAND	20384
N21152	P2_R1233_U312	NAND	20385
N21153	P2_R1233_U313	NAND	20386
N21154	P2_R1233_U314	OR	20387
N21155	P2_R1233_U315	NAND	20388
N21156	P2_R1233_U316	NOT	20389
N21157	P2_R1233_U317	NAND	20390
N21158	P2_R1233_U318	NAND	20391
N21159	P2_R1233_U319	NAND	20392
N21160	P2_R1233_U320	NAND	20393
N21161	P2_R1233_U321	OR	20394
N21162	P2_R1233_U322	NAND	20395
N21163	P2_R1233_U323	NAND	20396
N21164	P2_R1233_U324	NAND	20397
N21165	P2_R1233_U325	NAND	20398
N21166	P2_R1233_U326	NAND	20399
N21167	P2_R1233_U327	OR	20400
N21168	P2_R1233_U328	NOT	20401
N21169	P2_R1233_U329	OR	20402
N21170	P2_R1233_U330	OR	20403
N21171	P2_R1233_U331	NAND	20404
N21172	P2_R1233_U332	NAND	20405
N21173	P2_R1233_U333	NAND	20406
N21174	P2_R1233_U334	NAND	20407
N21175	P2_R1233_U335	NAND	20408
N21176	P2_R1233_U336	OR	20409
N21177	P2_R1233_U337	NAND	20410
N21178	P2_R1233_U338	NOT	20411
N21179	P2_R1233_U339	OR	20412
N21180	P2_R1233_U340	NAND	20413
N21181	P2_R1233_U341	NAND	20414
N21182	P2_R1233_U342	NAND	20415
N21183	P2_R1233_U343	NAND	20416
N21184	P2_R1233_U344	NAND	20417
N21185	P2_R1233_U345	OR	20418
N21186	P2_R1233_U346	OR	20419
N21187	P2_R1233_U347	NAND	20420
N21188	P2_R1233_U348	NAND	20421
N21189	P2_R1233_U349	NAND	20422
N21190	P2_R1233_U350	NAND	20423
N21191	P2_R1233_U351	NAND	20424
N21192	P2_R1233_U352	NAND	20425
N21193	P2_R1233_U353	NAND	20426
N21194	P2_R1233_U354	NAND	20427
N21195	P2_R1233_U355	NAND	20428
N21196	P2_R1233_U356	NAND	20429
N21197	P2_R1233_U357	NAND	20430
N21198	P2_R1233_U358	NAND	20431
N21199	P2_R1233_U359	NAND	20432
N21200	P2_R1233_U360	NAND	20433
N21201	P2_R1233_U361	NAND	20434
N21202	P2_R1233_U362	NAND	20435
N21203	P2_R1233_U363	NAND	20436
N21204	P2_R1233_U364	NAND	20437
N21205	P2_R1233_U365	NAND	20438
N21206	P2_R1233_U366	NAND	20439
N21207	P2_R1233_U367	NAND	20440
N21208	P2_R1233_U368	NAND	20441
N21209	P2_R1233_U369	NAND	20442
N21210	P2_R1233_U370	NAND	20443
N21211	P2_R1233_U371	NAND	20444
N21212	P2_R1233_U372	NAND	20445
N21213	P2_R1233_U373	NAND	20446
N21214	P2_R1233_U374	NAND	20447
N21215	P2_R1233_U375	NAND	20448
N21216	P2_R1233_U376	NAND	20449
N21217	P2_R1233_U377	NAND	20450
N21218	P2_R1233_U378	NAND	20451
N21219	P2_R1233_U379	NAND	20452
N21220	P2_R1233_U380	NAND	20453
N21221	P2_R1233_U381	NAND	20454
N21222	P2_R1233_U382	NAND	20455
N21223	P2_R1233_U383	NAND	20456
N21224	P2_R1233_U384	NAND	20457
N21225	P2_R1233_U385	NAND	20458
N21226	P2_R1233_U386	NAND	20459
N21227	P2_R1233_U387	NAND	20460
N21228	P2_R1233_U388	NAND	20461
N21229	P2_R1233_U389	NAND	20462
N21230	P2_R1233_U390	NAND	20463
N21231	P2_R1233_U391	NAND	20464
N21232	P2_R1233_U392	NAND	20465
N21233	P2_R1233_U393	NAND	20466
N21234	P2_R1233_U394	NAND	20467
N21235	P2_R1233_U395	NAND	20468
N21236	P2_R1233_U396	NAND	20469
N21237	P2_R1233_U397	NAND	20470
N21238	P2_R1233_U398	NAND	20471
N21239	P2_R1233_U399	NAND	20472
N21240	P2_R1233_U400	NAND	20473
N21241	P2_R1233_U401	NAND	20474
N21242	P2_R1233_U402	NAND	20475
N21243	P2_R1233_U403	NAND	20476
N21244	P2_R1233_U404	NAND	20477
N21245	P2_R1233_U405	NAND	20478
N21246	P2_R1233_U406	NAND	20479
N21247	P2_R1233_U407	NAND	20480
N21248	P2_R1233_U408	NAND	20481
N21249	P2_R1233_U409	NAND	20482
N21250	P2_R1233_U410	NAND	20483
N21251	P2_R1233_U411	NAND	20484
N21252	P2_R1233_U412	NAND	20485
N21253	P2_R1233_U413	NAND	20486
N21254	P2_R1233_U414	NAND	20487
N21255	P2_R1233_U415	NAND	20488
N21256	P2_R1233_U416	NAND	20489
N21257	P2_R1233_U417	NAND	20490
N21258	P2_R1233_U418	NAND	20491
N21259	P2_R1233_U419	NAND	20492
N21260	P2_R1233_U420	NAND	20493
N21261	P2_R1233_U421	NAND	20494
N21262	P2_R1233_U422	NAND	20495
N21263	P2_R1233_U423	NAND	20496
N21264	P2_R1233_U424	NAND	20497
N21265	P2_R1233_U425	NAND	20498
N21266	P2_R1233_U426	NAND	20499
N21267	P2_R1233_U427	NAND	20500
N21268	P2_R1233_U428	NAND	20501
N21269	P2_R1233_U429	NAND	20502
N21270	P2_R1233_U430	NAND	20503
N21271	P2_R1233_U431	NAND	20504
N21272	P2_R1233_U432	NAND	20505
N21273	P2_R1233_U433	NAND	20506
N21274	P2_R1233_U434	NAND	20507
N21275	P2_R1233_U435	NAND	20508
N21276	P2_R1233_U436	NAND	20509
N21277	P2_R1233_U437	NAND	20510
N21278	P2_R1233_U438	NAND	20511
N21279	P2_R1233_U439	NAND	20512
N21280	P2_R1233_U440	NAND	20513
N21281	P2_R1233_U441	NAND	20514
N21282	P2_R1233_U442	NAND	20515
N21283	P2_R1233_U443	NAND	20516
N21284	P2_R1233_U444	NAND	20517
N21285	P2_R1233_U445	NAND	20518
N21286	P2_R1233_U446	NAND	20519
N21287	P2_R1233_U447	NAND	20520
N21288	P2_R1233_U448	NAND	20521
N21289	P2_R1233_U449	NAND	20522
N21290	P2_R1233_U450	NAND	20523
N21291	P2_R1233_U451	NAND	20524
N21292	P2_R1233_U452	NAND	20525
N21293	P2_R1233_U453	NAND	20526
N21294	P2_R1233_U454	NAND	20527
N21295	P2_R1233_U455	NAND	20528
N21296	P2_R1233_U456	NAND	20529
N21297	P2_R1233_U457	NAND	20530
N21298	P2_R1233_U458	NAND	20531
N21299	P2_R1233_U459	NAND	20532
N21300	P2_R1233_U460	NAND	20533
N21301	P2_R1233_U461	NAND	20534
N21302	P2_R1233_U462	NAND	20535
N21303	P2_R1233_U463	NAND	20536
N21304	P2_R1233_U464	NAND	20537
N21305	P2_R1233_U465	NAND	20538
N21306	P2_R1233_U466	NAND	20539
N21307	P2_R1233_U467	NAND	20540
N21308	P2_R1233_U468	NAND	20541
N21309	P2_R1233_U469	NAND	20542
N21310	P2_R1233_U470	NAND	20543
N21311	P2_R1233_U471	NAND	20544
N21312	P2_R1233_U472	NAND	20545
N21313	P2_R1233_U473	NAND	20546
N21314	P2_R1233_U474	NAND	20547
N21315	P2_R1233_U475	NAND	20548
N21316	P2_R1233_U476	NAND	20549
N21317	P2_R1233_U477	NAND	20550
N21318	P2_R1233_U478	NAND	20551
N21319	P2_R1233_U479	NAND	20552
N21320	P2_R1233_U480	NAND	20553
N21321	P2_R1233_U481	NAND	20554
N21322	P2_R1233_U482	NAND	20555
N21323	P2_R1233_U483	NAND	20556
N21324	P2_R1233_U484	NAND	20557
N21325	P2_R1233_U485	NAND	20558
N21326	P2_R1233_U486	NAND	20559
N21327	P2_R1233_U487	NAND	20560
N21328	P2_R1233_U488	NAND	20561
N21329	P2_R1233_U489	NAND	20562
N21330	P2_R1233_U490	NAND	20563
N21331	P2_R1233_U491	NAND	20564
N21332	P2_R1233_U492	NAND	20565
N21333	P2_R1233_U493	NAND	20566
N21334	P2_R1233_U494	NAND	20567
N21335	P2_R1233_U495	NAND	20568
N21336	P2_R1233_U496	NAND	20569
N21337	P2_R1233_U497	NAND	20570
N21338	P2_R1233_U498	NAND	20571
N21339	P2_R1233_U499	NAND	20572
N21340	P2_R1233_U500	NAND	20573
N21341	P2_R1233_U501	NAND	20574
N21342	P2_R1233_U502	NAND	20575
N21343	P2_R1233_U503	NAND	20576
N21344	P2_R1233_U504	NAND	20577
N21345	P2_R1176_U4	AND	20578
N21346	P2_R1176_U5	AND	20579
N21347	P2_R1176_U6	AND	20580
N21348	P2_R1176_U7	AND	20581
N21349	P2_R1176_U8	AND	20582
N21350	P2_R1176_U9	AND	20583
N21351	P2_R1176_U10	AND	20584
N21352	P2_R1176_U11	AND	20585
N21353	P2_R1176_U12	AND	20586
N21354	P2_R1176_U13	AND	20587
N21355	P2_R1176_U14	AND	20588
N21356	P2_R1176_U15	AND	20589
N21357	P2_R1176_U16	AND	20590
N21358	P2_R1176_U17	AND	20591
N21359	P2_R1176_U18	AND	20592
N21360	P2_R1176_U19	NOT	20593
N21361	P2_R1176_U20	NOT	20594
N21362	P2_R1176_U21	NOT	20595
N21363	P2_R1176_U22	NAND	20596
N21364	P2_R1176_U23	NOT	20597
N21365	P2_R1176_U24	NOT	20598
N21366	P2_R1176_U25	NOT	20599
N21367	P2_R1176_U26	NAND	20600
N21368	P2_R1176_U27	NOT	20601
N21369	P2_R1176_U28	NOT	20602
N21370	P2_R1176_U29	NAND	20603
N21371	P2_R1176_U30	NOT	20604
N21372	P2_R1176_U31	NOT	20605
N21373	P2_R1176_U32	NAND	20606
N21374	P2_R1176_U33	NOT	20607
N21375	P2_R1176_U34	NAND	20608
N21376	P2_R1176_U35	NAND	20609
N21377	P2_R1176_U36	NAND	20610
N21378	P2_R1176_U37	NOT	20611
N21379	P2_R1176_U38	NOT	20612
N21380	P2_R1176_U39	NOT	20613
N21381	P2_R1176_U40	NOT	20614
N21382	P2_R1176_U41	NOT	20615
N21383	P2_R1176_U42	NAND	20616
N21384	P2_R1176_U43	NOT	20617
N21385	P2_R1176_U44	NOT	20618
N21386	P2_R1176_U45	NOT	20619
N21387	P2_R1176_U46	NOT	20620
N21388	P2_R1176_U47	NAND	20621
N21389	P2_R1176_U48	NOT	20622
N21390	P2_R1176_U49	NOT	20623
N21391	P2_R1176_U50	NAND	20624
N21392	P2_R1176_U51	NOT	20625
N21393	P2_R1176_U52	NOT	20626
N21394	P2_R1176_U53	NOT	20627
N21395	P2_R1176_U54	NOT	20628
N21396	P2_R1176_U55	NAND	20629
N21397	P2_R1176_U56	NOT	20630
N21398	P2_R1176_U57	NOT	20631
N21399	P2_R1176_U58	NOT	20632
N21400	P2_R1176_U59	NAND	20633
N21401	P2_R1176_U60	NAND	20634
N21402	P2_R1176_U61	NAND	20635
N21403	P2_R1176_U62	NAND	20636
N21404	P2_R1176_U63	NAND	20637
N21405	P2_R1176_U64	NAND	20638
N21406	P2_R1176_U65	NAND	20639
N21407	P2_R1176_U66	NAND	20640
N21408	P2_R1176_U67	NAND	20641
N21409	P2_R1176_U68	NAND	20642
N21410	P2_R1176_U69	NAND	20643
N21411	P2_R1176_U70	NAND	20644
N21412	P2_R1176_U71	NAND	20645
N21413	P2_R1176_U72	NAND	20646
N21414	P2_R1176_U73	NAND	20647
N21415	P2_R1176_U74	NAND	20648
N21416	P2_R1176_U75	NAND	20649
N21417	P2_R1176_U76	NAND	20650
N21418	P2_R1176_U77	NAND	20651
N21419	P2_R1176_U78	NAND	20652
N21420	P2_R1176_U79	NAND	20653
N21421	P2_R1176_U80	NAND	20654
N21422	P2_R1176_U81	NAND	20655
N21423	P2_R1176_U82	NAND	20656
N21424	P2_R1176_U83	NAND	20657
N21425	P2_R1176_U84	NAND	20658
N21426	P2_R1176_U85	NAND	20659
N21427	P2_R1176_U86	NAND	20660
N21428	P2_R1176_U87	NAND	20661
N21429	P2_R1176_U88	NAND	20662
N21430	P2_R1176_U89	NAND	20663
N21431	P2_R1176_U90	NAND	20664
N21432	P2_R1176_U91	NAND	20665
N21433	P2_R1176_U92	NAND	20666
N21434	P2_R1176_U93	NAND	20667
N21435	P2_R1176_U94	NAND	20668
N21436	P2_R1176_U95	NAND	20669
N21437	P2_R1176_U96	NAND	20670
N21438	P2_R1176_U97	NAND	20671
N21439	P2_R1176_U98	NAND	20672
N21440	P2_R1176_U99	NAND	20673
N21441	P2_R1176_U100	NAND	20674
N21442	P2_R1176_U101	NAND	20675
N21443	P2_R1176_U102	NAND	20676
N21444	P2_R1176_U103	NAND	20677
N21445	P2_R1176_U104	NAND	20678
N21446	P2_R1176_U105	NAND	20679
N21447	P2_R1176_U106	NAND	20680
N21448	P2_R1176_U107	NAND	20681
N21449	P2_R1176_U108	NAND	20682
N21450	P2_R1176_U109	NAND	20683
N21451	P2_R1176_U110	NAND	20684
N21452	P2_R1176_U111	NAND	20685
N21453	P2_R1176_U112	NAND	20686
N21454	P2_R1176_U113	NAND	20687
N21455	P2_R1176_U114	NAND	20688
N21456	P2_R1176_U115	NAND	20689
N21457	P2_R1176_U116	AND	20690
N21458	P2_R1176_U117	AND	20691
N21459	P2_R1176_U118	AND	20692
N21460	P2_R1176_U119	AND	20693
N21461	P2_R1176_U120	AND	20694
N21462	P2_R1176_U121	AND	20695
N21463	P2_R1176_U122	AND	20696
N21464	P2_R1176_U123	AND	20697
N21465	P2_R1176_U124	AND	20698
N21466	P2_R1176_U125	AND	20699
N21467	P2_R1176_U126	AND	20700
N21468	P2_R1176_U127	AND	20701
N21469	P2_R1176_U128	AND	20702
N21470	P2_R1176_U129	AND	20703
N21471	P2_R1176_U130	AND	20704
N21472	P2_R1176_U131	AND	20705
N21473	P2_R1176_U132	AND	20706
N21474	P2_R1176_U133	AND	20707
N21475	P2_R1176_U134	NAND	20708
N21476	P2_R1176_U135	AND	20709
N21477	P2_R1176_U136	AND	20710
N21478	P2_R1176_U137	AND	20711
N21479	P2_R1176_U138	AND	20712
N21480	P2_R1176_U139	AND	20713
N21481	P2_R1176_U140	AND	20714
N21482	P2_R1176_U141	AND	20715
N21483	P2_R1176_U142	AND	20716
N21484	P2_R1176_U143	AND	20717
N21485	P2_R1176_U144	AND	20718
N21486	P2_R1176_U145	NAND	20719
N21487	P2_R1176_U146	NOT	20720
N21488	P2_R1176_U147	AND	20721
N21489	P2_R1176_U148	NOT	20722
N21490	P2_R1176_U149	NOT	20723
N21491	P2_R1176_U150	NOT	20724
N21492	P2_R1176_U151	NOT	20725
N21493	P2_R1176_U152	NOT	20726
N21494	P2_R1176_U153	NOT	20727
N21495	P2_R1176_U154	NOT	20728
N21496	P2_R1176_U155	NOT	20729
N21497	P2_R1176_U156	NOT	20730
N21498	P2_R1176_U157	NAND	20731
N21499	P2_R1176_U158	AND	20732
N21500	P2_R1176_U159	NAND	20733
N21501	P2_R1176_U160	AND	20734
N21502	P2_R1176_U161	NAND	20735
N21503	P2_R1176_U162	AND	20736
N21504	P2_R1176_U163	NAND	20737
N21505	P2_R1176_U164	NOT	20738
N21506	P2_R1176_U165	NOT	20739
N21507	P2_R1176_U166	NOT	20740
N21508	P2_R1176_U167	NOT	20741
N21509	P2_R1176_U168	NOT	20742
N21510	P2_R1176_U169	NOT	20743
N21511	P2_R1176_U170	NOT	20744
N21512	P2_R1176_U171	NOT	20745
N21513	P2_R1176_U172	NOT	20746
N21514	P2_R1176_U173	NOT	20747
N21515	P2_R1176_U174	NOT	20748
N21516	P2_R1176_U175	NOT	20749
N21517	P2_R1176_U176	NOT	20750
N21518	P2_R1176_U177	NOT	20751
N21519	P2_R1176_U178	NOT	20752
N21520	P2_R1176_U179	NOT	20753
N21521	P2_R1176_U180	NOT	20754
N21522	P2_R1176_U181	NOT	20755
N21523	P2_R1176_U182	NOT	20756
N21524	P2_R1176_U183	NOT	20757
N21525	P2_R1176_U184	AND	20758
N21526	P2_R1176_U185	NAND	20759
N21527	P2_R1176_U186	NAND	20760
N21528	P2_R1176_U187	AND	20761
N21529	P2_R1176_U188	NAND	20762
N21530	P2_R1176_U189	AND	20763
N21531	P2_R1176_U190	NAND	20764
N21532	P2_R1176_U191	AND	20765
N21533	P2_R1176_U192	NAND	20766
N21534	P2_R1176_U193	NAND	20767
N21535	P2_R1176_U194	AND	20768
N21536	P2_R1176_U195	NAND	20769
N21537	P2_R1176_U196	AND	20770
N21538	P2_R1176_U197	NAND	20771
N21539	P2_R1176_U198	AND	20772
N21540	P2_R1176_U199	NAND	20773
N21541	P2_R1176_U200	NAND	20774
N21542	P2_R1176_U201	AND	20775
N21543	P2_R1176_U202	NAND	20776
N21544	P2_R1176_U203	NAND	20777
N21545	P2_R1176_U204	NAND	20778
N21546	P2_R1176_U205	NAND	20779
N21547	P2_R1176_U206	NOT	20780
N21548	P2_R1176_U207	NAND	20781
N21549	P2_R1176_U208	NAND	20782
N21550	P2_R1176_U209	NAND	20783
N21551	P2_R1176_U210	NOT	20784
N21552	P2_R1176_U211	NOT	20785
N21553	P2_R1176_U212	NAND	20786
N21554	P2_R1176_U213	NAND	20787
N21555	P2_R1176_U214	NAND	20788
N21556	P2_R1176_U215	NOT	20789
N21557	P2_R1176_U216	NOT	20790
N21558	P2_R1176_U217	NAND	20791
N21559	P2_R1176_U218	NAND	20792
N21560	P2_R1176_U219	NOT	20793
N21561	P2_R1176_U220	NAND	20794
N21562	P2_R1176_U221	NAND	20795
N21563	P2_R1176_U222	NAND	20796
N21564	P2_R1176_U223	NAND	20797
N21565	P2_R1176_U224	NAND	20798
N21566	P2_R1176_U225	NAND	20799
N21567	P2_R1176_U226	NOT	20800
N21568	P2_R1176_U227	NAND	20801
N21569	P2_R1176_U228	NOT	20802
N21570	P2_R1176_U229	NAND	20803
N21571	P2_R1176_U230	NAND	20804
N21572	P2_R1176_U231	NOT	20805
N21573	P2_R1176_U232	NOT	20806
N21574	P2_R1176_U233	NAND	20807
N21575	P2_R1176_U234	NAND	20808
N21576	P2_R1176_U235	NOT	20809
N21577	P2_R1176_U236	NAND	20810
N21578	P2_R1176_U237	NAND	20811
N21579	P2_R1176_U238	NAND	20812
N21580	P2_R1176_U239	NOT	20813
N21581	P2_R1176_U240	NAND	20814
N21582	P2_R1176_U241	NAND	20815
N21583	P2_R1176_U242	NOT	20816
N21584	P2_R1176_U243	NAND	20817
N21585	P2_R1176_U244	NAND	20818
N21586	P2_R1176_U245	NAND	20819
N21587	P2_R1176_U246	NAND	20820
N21588	P2_R1176_U247	NAND	20821
N21589	P2_R1176_U248	NAND	20822
N21590	P2_R1176_U249	NAND	20823
N21591	P2_R1176_U250	NAND	20824
N21592	P2_R1176_U251	NAND	20825
N21593	P2_R1176_U252	NAND	20826
N21594	P2_R1176_U253	NAND	20827
N21595	P2_R1176_U254	NAND	20828
N21596	P2_R1176_U255	NAND	20829
N21597	P2_R1176_U256	NAND	20830
N21598	P2_R1176_U257	NAND	20831
N21599	P2_R1176_U258	NOT	20832
N21600	P2_R1176_U259	NAND	20833
N21601	P2_R1176_U260	NAND	20834
N21602	P2_R1176_U261	NOT	20835
N21603	P2_R1176_U262	NOT	20836
N21604	P2_R1176_U263	NAND	20837
N21605	P2_R1176_U264	NAND	20838
N21606	P2_R1176_U265	NAND	20839
N21607	P2_R1176_U266	NAND	20840
N21608	P2_R1176_U267	NAND	20841
N21609	P2_R1176_U268	NAND	20842
N21610	P2_R1176_U269	NAND	20843
N21611	P2_R1176_U270	NAND	20844
N21612	P2_R1176_U271	NOT	20845
N21613	P2_R1176_U272	NAND	20846
N21614	P2_R1176_U273	NAND	20847
N21615	P2_R1176_U274	NOT	20848
N21616	P2_R1176_U275	NAND	20849
N21617	P2_R1176_U276	NAND	20850
N21618	P2_R1176_U277	NAND	20851
N21619	P2_R1176_U278	NOT	20852
N21620	P2_R1176_U279	NAND	20853
N21621	P2_R1176_U280	NAND	20854
N21622	P2_R1176_U281	NOT	20855
N21623	P2_R1176_U282	NAND	20856
N21624	P2_R1176_U283	NAND	20857
N21625	P2_R1176_U284	NAND	20858
N21626	P2_R1176_U285	NAND	20859
N21627	P2_R1176_U286	NOT	20860
N21628	P2_R1176_U287	NAND	20861
N21629	P2_R1176_U288	NAND	20862
N21630	P2_R1176_U289	NAND	20863
N21631	P2_R1176_U290	NOT	20864
N21632	P2_R1176_U291	NAND	20865
N21633	P2_R1176_U292	NAND	20866
N21634	P2_R1176_U293	NAND	20867
N21635	P2_R1176_U294	NAND	20868
N21636	P2_R1176_U295	NAND	20869
N21637	P2_R1176_U296	NAND	20870
N21638	P2_R1176_U297	NAND	20871
N21639	P2_R1176_U298	NAND	20872
N21640	P2_R1176_U299	NAND	20873
N21641	P2_R1176_U300	NOT	20874
N21642	P2_R1176_U301	NAND	20875
N21643	P2_R1176_U302	NAND	20876
N21644	P2_R1176_U303	NAND	20877
N21645	P2_R1176_U304	NOT	20878
N21646	P2_R1176_U305	NAND	20879
N21647	P2_R1176_U306	NAND	20880
N21648	P2_R1176_U307	NAND	20881
N21649	P2_R1176_U308	NOT	20882
N21650	P2_R1176_U309	NAND	20883
N21651	P2_R1176_U310	NAND	20884
N21652	P2_R1176_U311	NAND	20885
N21653	P2_R1176_U312	NAND	20886
N21654	P2_R1176_U313	NAND	20887
N21655	P2_R1176_U314	NAND	20888
N21656	P2_R1176_U315	NAND	20889
N21657	P2_R1176_U316	NOT	20890
N21658	P2_R1176_U317	NAND	20891
N21659	P2_R1176_U318	NAND	20892
N21660	P2_R1176_U319	NAND	20893
N21661	P2_R1176_U320	NAND	20894
N21662	P2_R1176_U321	NAND	20895
N21663	P2_R1176_U322	NOT	20896
N21664	P2_R1176_U323	NAND	20897
N21665	P2_R1176_U324	NAND	20898
N21666	P2_R1176_U325	NAND	20899
N21667	P2_R1176_U326	NAND	20900
N21668	P2_R1176_U327	NAND	20901
N21669	P2_R1176_U328	NAND	20902
N21670	P2_R1176_U329	NOT	20903
N21671	P2_R1176_U330	NAND	20904
N21672	P2_R1176_U331	NAND	20905
N21673	P2_R1176_U332	NAND	20906
N21674	P2_R1176_U333	NAND	20907
N21675	P2_R1176_U334	NAND	20908
N21676	P2_R1176_U335	NAND	20909
N21677	P2_R1176_U336	NAND	20910
N21678	P2_R1176_U337	NAND	20911
N21679	P2_R1176_U338	NAND	20912
N21680	P2_R1176_U339	NAND	20913
N21681	P2_R1176_U340	NAND	20914
N21682	P2_R1176_U341	NAND	20915
N21683	P2_R1176_U342	NAND	20916
N21684	P2_R1176_U343	NAND	20917
N21685	P2_R1176_U344	NAND	20918
N21686	P2_R1176_U345	NOT	20919
N21687	P2_R1176_U346	NAND	20920
N21688	P2_R1176_U347	NAND	20921
N21689	P2_R1176_U348	NAND	20922
N21690	P2_R1176_U349	NAND	20923
N21691	P2_R1176_U350	NAND	20924
N21692	P2_R1176_U351	NAND	20925
N21693	P2_R1176_U352	NAND	20926
N21694	P2_R1176_U353	NAND	20927
N21695	P2_R1176_U354	NAND	20928
N21696	P2_R1176_U355	NAND	20929
N21697	P2_R1176_U356	NAND	20930
N21698	P2_R1176_U357	NAND	20931
N21699	P2_R1176_U358	NAND	20932
N21700	P2_R1176_U359	NAND	20933
N21701	P2_R1176_U360	NAND	20934
N21702	P2_R1176_U361	NAND	20935
N21703	P2_R1176_U362	NAND	20936
N21704	P2_R1176_U363	NAND	20937
N21705	P2_R1176_U364	NAND	20938
N21706	P2_R1176_U365	NAND	20939
N21707	P2_R1176_U366	NAND	20940
N21708	P2_R1176_U367	NAND	20941
N21709	P2_R1176_U368	NAND	20942
N21710	P2_R1176_U369	NAND	20943
N21711	P2_R1176_U370	NOT	20944
N21712	P2_R1176_U371	NAND	20945
N21713	P2_R1176_U372	NAND	20946
N21714	P2_R1176_U373	NAND	20947
N21715	P2_R1176_U374	NAND	20948
N21716	P2_R1176_U375	NAND	20949
N21717	P2_R1176_U376	NAND	20950
N21718	P2_R1176_U377	NAND	20951
N21719	P2_R1176_U378	NOT	20952
N21720	P2_R1176_U379	NAND	20953
N21721	P2_R1176_U380	NAND	20954
N21722	P2_R1176_U381	NAND	20955
N21723	P2_R1176_U382	NAND	20956
N21724	P2_R1176_U383	NAND	20957
N21725	P2_R1176_U384	NAND	20958
N21726	P2_R1176_U385	NAND	20959
N21727	P2_R1176_U386	NAND	20960
N21728	P2_R1176_U387	NAND	20961
N21729	P2_R1176_U388	NOT	20962
N21730	P2_R1176_U389	NAND	20963
N21731	P2_R1176_U390	NAND	20964
N21732	P2_R1176_U391	NAND	20965
N21733	P2_R1176_U392	NAND	20966
N21734	P2_R1176_U393	NAND	20967
N21735	P2_R1176_U394	NAND	20968
N21736	P2_R1176_U395	NAND	20969
N21737	P2_R1176_U396	NOT	20970
N21738	P2_R1176_U397	NAND	20971
N21739	P2_R1176_U398	NAND	20972
N21740	P2_R1176_U399	NOT	20973
N21741	P2_R1176_U400	NAND	20974
N21742	P2_R1176_U401	NAND	20975
N21743	P2_R1176_U402	NOT	20976
N21744	P2_R1176_U403	NAND	20977
N21745	P2_R1176_U404	NAND	20978
N21746	P2_R1176_U405	NOT	20979
N21747	P2_R1176_U406	NAND	20980
N21748	P2_R1176_U407	NAND	20981
N21749	P2_R1176_U408	NOT	20982
N21750	P2_R1176_U409	NAND	20983
N21751	P2_R1176_U410	NAND	20984
N21752	P2_R1176_U411	NOT	20985
N21753	P2_R1176_U412	NAND	20986
N21754	P2_R1176_U413	NAND	20987
N21755	P2_R1176_U414	NOT	20988
N21756	P2_R1176_U415	NAND	20989
N21757	P2_R1176_U416	NAND	20990
N21758	P2_R1176_U417	NOT	20991
N21759	P2_R1176_U418	NAND	20992
N21760	P2_R1176_U419	NAND	20993
N21761	P2_R1176_U420	NOT	20994
N21762	P2_R1176_U421	NAND	20995
N21763	P2_R1176_U422	NAND	20996
N21764	P2_R1176_U423	NAND	20997
N21765	P2_R1176_U424	NAND	20998
N21766	P2_R1176_U425	NAND	20999
N21767	P2_R1176_U426	NAND	21000
N21768	P2_R1176_U427	NAND	21001
N21769	P2_R1176_U428	NAND	21002
N21770	P2_R1176_U429	NAND	21003
N21771	P2_R1176_U430	NAND	21004
N21772	P2_R1176_U431	NAND	21005
N21773	P2_R1176_U432	NAND	21006
N21774	P2_R1176_U433	NAND	21007
N21775	P2_R1176_U434	NAND	21008
N21776	P2_R1176_U435	NAND	21009
N21777	P2_R1176_U436	NAND	21010
N21778	P2_R1176_U437	NAND	21011
N21779	P2_R1176_U438	NAND	21012
N21780	P2_R1176_U439	NAND	21013
N21781	P2_R1176_U440	NAND	21014
N21782	P2_R1176_U441	NAND	21015
N21783	P2_R1176_U442	NAND	21016
N21784	P2_R1176_U443	NAND	21017
N21785	P2_R1176_U444	NAND	21018
N21786	P2_R1176_U445	NAND	21019
N21787	P2_R1176_U446	NAND	21020
N21788	P2_R1176_U447	NAND	21021
N21789	P2_R1176_U448	NAND	21022
N21790	P2_R1176_U449	NAND	21023
N21791	P2_R1176_U450	NAND	21024
N21792	P2_R1176_U451	NAND	21025
N21793	P2_R1176_U452	NAND	21026
N21794	P2_R1176_U453	NAND	21027
N21795	P2_R1176_U454	NAND	21028
N21796	P2_R1176_U455	NAND	21029
N21797	P2_R1176_U456	NAND	21030
N21798	P2_R1176_U457	NAND	21031
N21799	P2_R1176_U458	NAND	21032
N21800	P2_R1176_U459	NAND	21033
N21801	P2_R1176_U460	NOT	21034
N21802	P2_R1176_U461	NAND	21035
N21803	P2_R1176_U462	NAND	21036
N21804	P2_R1176_U463	NOT	21037
N21805	P2_R1176_U464	NAND	21038
N21806	P2_R1176_U465	NAND	21039
N21807	P2_R1176_U466	NOT	21040
N21808	P2_R1176_U467	NAND	21041
N21809	P2_R1176_U468	NAND	21042
N21810	P2_R1176_U469	NOT	21043
N21811	P2_R1176_U470	NAND	21044
N21812	P2_R1176_U471	NAND	21045
N21813	P2_R1176_U472	NOT	21046
N21814	P2_R1176_U473	NAND	21047
N21815	P2_R1176_U474	NAND	21048
N21816	P2_R1176_U475	NOT	21049
N21817	P2_R1176_U476	NAND	21050
N21818	P2_R1176_U477	NAND	21051
N21819	P2_R1176_U478	NOT	21052
N21820	P2_R1176_U479	NAND	21053
N21821	P2_R1176_U480	NAND	21054
N21822	P2_R1176_U481	NOT	21055
N21823	P2_R1176_U482	NAND	21056
N21824	P2_R1176_U483	NAND	21057
N21825	P2_R1176_U484	NOT	21058
N21826	P2_R1176_U485	NAND	21059
N21827	P2_R1176_U486	NAND	21060
N21828	P2_R1176_U487	NOT	21061
N21829	P2_R1176_U488	NAND	21062
N21830	P2_R1176_U489	NAND	21063
N21831	P2_R1176_U490	NOT	21064
N21832	P2_R1176_U491	NAND	21065
N21833	P2_R1176_U492	NAND	21066
N21834	P2_R1176_U493	NOT	21067
N21835	P2_R1176_U494	NAND	21068
N21836	P2_R1176_U495	NAND	21069
N21837	P2_R1176_U496	NOT	21070
N21838	P2_R1176_U497	NAND	21071
N21839	P2_R1176_U498	NAND	21072
N21840	P2_R1176_U499	NOT	21073
N21841	P2_R1176_U500	NAND	21074
N21842	P2_R1176_U501	NAND	21075
N21843	P2_R1176_U502	NOT	21076
N21844	P2_R1176_U503	NAND	21077
N21845	P2_R1176_U504	NAND	21078
N21846	P2_R1176_U505	NOT	21079
N21847	P2_R1176_U506	NAND	21080
N21848	P2_R1176_U507	NAND	21081
N21849	P2_R1176_U508	NOT	21082
N21850	P2_R1176_U509	NAND	21083
N21851	P2_R1176_U510	NAND	21084
N21852	P2_R1176_U511	NOT	21085
N21853	P2_R1176_U512	NAND	21086
N21854	P2_R1176_U513	NAND	21087
N21855	P2_R1176_U514	NOT	21088
N21856	P2_R1176_U515	NAND	21089
N21857	P2_R1176_U516	NAND	21090
N21858	P2_R1176_U517	NOT	21091
N21859	P2_R1176_U518	NAND	21092
N21860	P2_R1176_U519	NAND	21093
N21861	P2_R1176_U520	NAND	21094
N21862	P2_R1176_U521	NAND	21095
N21863	P2_R1176_U522	NAND	21096
N21864	P2_R1176_U523	NAND	21097
N21865	P2_R1176_U524	NAND	21098
N21866	P2_R1176_U525	NAND	21099
N21867	P2_R1176_U526	NAND	21100
N21868	P2_R1176_U527	NAND	21101
N21869	P2_R1176_U528	NAND	21102
N21870	P2_R1176_U529	NAND	21103
N21871	P2_R1176_U530	NAND	21104
N21872	P2_R1176_U531	NAND	21105
N21873	P2_R1176_U532	NAND	21106
N21874	P2_R1176_U533	NAND	21107
N21875	P2_R1176_U534	NAND	21108
N21876	P2_R1176_U535	NAND	21109
N21877	P2_R1176_U536	NAND	21110
N21878	P2_R1176_U537	NAND	21111
N21879	P2_R1176_U538	NAND	21112
N21880	P2_R1176_U539	NAND	21113
N21881	P2_R1176_U540	NAND	21114
N21882	P2_R1176_U541	NAND	21115
N21883	P2_R1176_U542	NAND	21116
N21884	P2_R1176_U543	NAND	21117
N21885	P2_R1176_U544	NAND	21118
N21886	P2_R1176_U545	NAND	21119
N21887	P2_R1176_U546	NAND	21120
N21888	P2_R1176_U547	NAND	21121
N21889	P2_R1176_U548	NAND	21122
N21890	P2_R1176_U549	NAND	21123
N21891	P2_R1176_U550	NAND	21124
N21892	P2_R1176_U551	NAND	21125
N21893	P2_R1176_U552	NAND	21126
N21894	P2_R1176_U553	NAND	21127
N21895	P2_R1176_U554	NAND	21128
N21896	P2_R1176_U555	NAND	21129
N21897	P2_R1176_U556	NAND	21130
N21898	P2_R1176_U557	NAND	21131
N21899	P2_R1176_U558	NAND	21132
N21900	P2_R1176_U559	NAND	21133
N21901	P2_R1176_U560	NAND	21134
N21902	P2_R1176_U561	NAND	21135
N21903	P2_R1176_U562	NAND	21136
N21904	P2_R1176_U563	NAND	21137
N21905	P2_R1176_U564	NAND	21138
N21906	P2_R1176_U565	NAND	21139
N21907	P2_R1176_U566	NAND	21140
N21908	P2_R1176_U567	NAND	21141
N21909	P2_R1176_U568	NAND	21142
N21910	P2_R1176_U569	NAND	21143
N21911	P2_R1176_U570	NAND	21144
N21912	P2_R1176_U571	NAND	21145
N21913	P2_R1176_U572	NAND	21146
N21914	P2_R1176_U573	NAND	21147
N21915	P2_R1176_U574	NAND	21148
N21916	P2_R1176_U575	NAND	21149
N21917	P2_R1176_U576	NAND	21150
N21918	P2_R1176_U577	NAND	21151
N21919	P2_R1176_U578	NAND	21152
N21920	P2_R1176_U579	NAND	21153
N21921	P2_R1176_U580	NAND	21154
N21922	P2_R1176_U581	NAND	21155
N21923	P2_R1176_U582	NAND	21156
N21924	P2_R1176_U583	NAND	21157
N21925	P2_R1176_U584	NAND	21158
N21926	P2_R1176_U585	NAND	21159
N21927	P2_R1176_U586	NAND	21160
N21928	P2_R1176_U587	NAND	21161
N21929	P2_R1176_U588	NAND	21162
N21930	P2_R1176_U589	NAND	21163
N21931	P2_R1176_U590	NAND	21164
N21932	P2_R1176_U591	NAND	21165
N21933	P2_R1176_U592	NAND	21166
N21934	P2_R1176_U593	NAND	21167
N21935	P2_R1176_U594	NAND	21168
N21936	P2_R1176_U595	NAND	21169
N21937	P2_R1176_U596	NAND	21170
N21938	P2_R1176_U597	NAND	21171
N21939	P2_R1176_U598	NAND	21172
N21940	P2_R1176_U599	NAND	21173
N21941	P2_R1176_U600	NAND	21174
N21942	P2_R1176_U601	NAND	21175
N21943	P2_R1176_U602	NAND	21176
N21944	P2_R1176_U603	NAND	21177
N21945	P2_R1176_U604	NAND	21178
N21946	P2_R1176_U605	NAND	21179
N21947	P2_R1176_U606	NAND	21180
N21948	P2_R1176_U607	NAND	21181
N21949	P2_R1176_U608	NAND	21182
N21950	P2_R1176_U609	NAND	21183
N21951	P2_R1176_U610	NAND	21184
N21952	P2_R1176_U611	NAND	21185
N21953	P2_R1176_U612	NAND	21186
N21954	P2_R1176_U613	NAND	21187
N21955	P2_R1176_U614	NAND	21188
N21956	P2_R1176_U615	NAND	21189
N21957	P2_R1176_U616	NAND	21190
N21958	P2_R1176_U617	NAND	21191
N21959	P2_R1176_U618	NAND	21192
N21960	P2_R1176_U619	NAND	21193
N21961	P2_R1176_U620	NAND	21194
N21962	P2_R1176_U621	NOT	21195
N21963	P2_R1176_U622	NAND	21196
N21964	P2_R1176_U623	NAND	21197
N21965	P2_R1131_U4	AND	21198
N21966	P2_R1131_U5	AND	21199
N21967	P2_R1131_U6	AND	21200
N21968	P2_R1131_U7	AND	21201
N21969	P2_R1131_U8	AND	21202
N21970	P2_R1131_U9	AND	21203
N21971	P2_R1131_U10	AND	21204
N21972	P2_R1131_U11	AND	21205
N21973	P2_R1131_U12	AND	21206
N21974	P2_R1131_U13	AND	21207
N21975	P2_R1131_U14	AND	21208
N21976	P2_R1131_U15	AND	21209
N21977	P2_R1131_U16	AND	21210
N21978	P2_R1131_U17	AND	21211
N21979	P2_R1131_U18	AND	21212
N21980	P2_R1131_U19	NOT	21213
N21981	P2_R1131_U20	NOT	21214
N21982	P2_R1131_U21	NOT	21215
N21983	P2_R1131_U22	NAND	21216
N21984	P2_R1131_U23	NOT	21217
N21985	P2_R1131_U24	NOT	21218
N21986	P2_R1131_U25	NOT	21219
N21987	P2_R1131_U26	NOT	21220
N21988	P2_R1131_U27	NOT	21221
N21989	P2_R1131_U28	NOT	21222
N21990	P2_R1131_U29	NOT	21223
N21991	P2_R1131_U30	NOT	21224
N21992	P2_R1131_U31	NAND	21225
N21993	P2_R1131_U32	NOT	21226
N21994	P2_R1131_U33	NOT	21227
N21995	P2_R1131_U34	NAND	21228
N21996	P2_R1131_U35	NOT	21229
N21997	P2_R1131_U36	NOT	21230
N21998	P2_R1131_U37	NOT	21231
N21999	P2_R1131_U38	NOT	21232
N22000	P2_R1131_U39	NOT	21233
N22001	P2_R1131_U40	NAND	21234
N22002	P2_R1131_U41	NAND	21235
N22003	P2_R1131_U42	NAND	21236
N22004	P2_R1131_U43	NAND	21237
N22005	P2_R1131_U44	NAND	21238
N22006	P2_R1131_U45	NAND	21239
N22007	P2_R1131_U46	NOT	21240
N22008	P2_R1131_U47	NOT	21241
N22009	P2_R1131_U48	NOT	21242
N22010	P2_R1131_U49	NOT	21243
N22011	P2_R1131_U50	NOT	21244
N22012	P2_R1131_U51	NOT	21245
N22013	P2_R1131_U52	NOT	21246
N22014	P2_R1131_U53	NOT	21247
N22015	P2_R1131_U54	NOT	21248
N22016	P2_R1131_U55	NOT	21249
N22017	P2_R1131_U56	NOT	21250
N22018	P2_R1131_U57	NOT	21251
N22019	P2_R1131_U58	NOT	21252
N22020	P2_R1131_U59	NAND	21253
N22021	P2_R1131_U60	NOT	21254
N22022	P2_R1131_U61	NAND	21255
N22023	P2_R1131_U62	NOT	21256
N22024	P2_R1131_U63	NOT	21257
N22025	P2_R1131_U64	NOT	21258
N22026	P2_R1131_U65	NOT	21259
N22027	P2_R1131_U66	NOT	21260
N22028	P2_R1131_U67	NOT	21261
N22029	P2_R1131_U68	NAND	21262
N22030	P2_R1131_U69	NOT	21263
N22031	P2_R1131_U70	NOT	21264
N22032	P2_R1131_U71	NOT	21265
N22033	P2_R1131_U72	NOT	21266
N22034	P2_R1131_U73	NOT	21267
N22035	P2_R1131_U74	NOT	21268
N22036	P2_R1131_U75	NOT	21269
N22037	P2_R1131_U76	NOT	21270
N22038	P2_R1131_U77	NAND	21271
N22039	P2_R1131_U78	NOT	21272
N22040	P2_R1131_U79	NOT	21273
N22041	P2_R1131_U80	NAND	21274
N22042	P2_R1131_U81	NOT	21275
N22043	P2_R1131_U82	NOT	21276
N22044	P2_R1131_U83	NOT	21277
N22045	P2_R1131_U84	NOT	21278
N22046	P2_R1131_U85	NOT	21279
N22047	P2_R1131_U86	NAND	21280
N22048	P2_R1131_U87	NOT	21281
N22049	P2_R1131_U88	NOT	21282
N22050	P2_R1131_U89	NAND	21283
N22051	P2_R1131_U90	NOT	21284
N22052	P2_R1131_U91	NAND	21285
N22053	P2_R1131_U92	NAND	21286
N22054	P2_R1131_U93	NAND	21287
N22055	P2_R1131_U94	NAND	21288
N22056	P2_R1131_U95	NAND	21289
N22057	P2_R1131_U96	NAND	21290
N22058	P2_R1131_U97	NAND	21291
N22059	P2_R1131_U98	NAND	21292
N22060	P2_R1131_U99	NAND	21293
N22061	P2_R1131_U100	NAND	21294
N22062	P2_R1131_U101	NAND	21295
N22063	P2_R1131_U102	NAND	21296
N22064	P2_R1131_U103	NAND	21297
N22065	P2_R1131_U104	NAND	21298
N22066	P2_R1131_U105	NAND	21299
N22067	P2_R1131_U106	NAND	21300
N22068	P2_R1131_U107	NAND	21301
N22069	P2_R1131_U108	NAND	21302
N22070	P2_R1131_U109	NAND	21303
N22071	P2_R1131_U110	NAND	21304
N22072	P2_R1131_U111	NAND	21305
N22073	P2_R1131_U112	NAND	21306
N22074	P2_R1131_U113	NAND	21307
N22075	P2_R1131_U114	NAND	21308
N22076	P2_R1131_U115	AND	21309
N22077	P2_R1131_U116	AND	21310
N22078	P2_R1131_U117	AND	21311
N22079	P2_R1131_U118	AND	21312
N22080	P2_R1131_U119	AND	21313
N22081	P2_R1131_U120	AND	21314
N22082	P2_R1131_U121	AND	21315
N22083	P2_R1131_U122	AND	21316
N22084	P2_R1131_U123	AND	21317
N22085	P2_R1131_U124	AND	21318
N22086	P2_R1131_U125	AND	21319
N22087	P2_R1131_U126	AND	21320
N22088	P2_R1131_U127	AND	21321
N22089	P2_R1131_U128	AND	21322
N22090	P2_R1131_U129	AND	21323
N22091	P2_R1131_U130	AND	21324
N22092	P2_R1131_U131	AND	21325
N22093	P2_R1131_U132	AND	21326
N22094	P2_R1131_U133	AND	21327
N22095	P2_R1131_U134	AND	21328
N22096	P2_R1131_U135	AND	21329
N22097	P2_R1131_U136	AND	21330
N22098	P2_R1131_U137	AND	21331
N22099	P2_R1131_U138	AND	21332
N22100	P2_R1131_U139	AND	21333
N22101	P2_R1131_U140	AND	21334
N22102	P2_R1131_U141	AND	21335
N22103	P2_R1131_U142	AND	21336
N22104	P2_R1131_U143	AND	21337
N22105	P2_R1131_U144	NAND	21338
N22106	P2_R1131_U145	NAND	21339
N22107	P2_R1131_U146	NOT	21340
N22108	P2_R1131_U147	NOT	21341
N22109	P2_R1131_U148	AND	21342
N22110	P2_R1131_U149	NAND	21343
N22111	P2_R1131_U150	AND	21344
N22112	P2_R1131_U151	NAND	21345
N22113	P2_R1131_U152	AND	21346
N22114	P2_R1131_U153	NAND	21347
N22115	P2_R1131_U154	AND	21348
N22116	P2_R1131_U155	NAND	21349
N22117	P2_R1131_U156	AND	21350
N22118	P2_R1131_U157	NAND	21351
N22119	P2_R1131_U158	AND	21352
N22120	P2_R1131_U159	NAND	21353
N22121	P2_R1131_U160	AND	21354
N22122	P2_R1131_U161	NAND	21355
N22123	P2_R1131_U162	NAND	21356
N22124	P2_R1131_U163	AND	21357
N22125	P2_R1131_U164	NAND	21358
N22126	P2_R1131_U165	AND	21359
N22127	P2_R1131_U166	NAND	21360
N22128	P2_R1131_U167	NAND	21361
N22129	P2_R1131_U168	NAND	21362
N22130	P2_R1131_U169	NAND	21363
N22131	P2_R1131_U170	NOT	21364
N22132	P2_R1131_U171	NAND	21365
N22133	P2_R1131_U172	NAND	21366
N22134	P2_R1131_U173	NAND	21367
N22135	P2_R1131_U174	NOT	21368
N22136	P2_R1131_U175	NOT	21369
N22137	P2_R1131_U176	NAND	21370
N22138	P2_R1131_U177	NOT	21371
N22139	P2_R1131_U178	OR	21372
N22140	P2_R1131_U179	OR	21373
N22141	P2_R1131_U180	OR	21374
N22142	P2_R1131_U181	OR	21375
N22143	P2_R1131_U182	NOT	21376
N22144	P2_R1131_U183	OR	21377
N22145	P2_R1131_U184	NOT	21378
N22146	P2_R1131_U185	NOT	21379
N22147	P2_R1131_U186	NAND	21380
N22148	P2_R1131_U187	NAND	21381
N22149	P2_R1131_U188	NAND	21382
N22150	P2_R1131_U189	NAND	21383
N22151	P2_R1131_U190	NAND	21384
N22152	P2_R1131_U191	NAND	21385
N22153	P2_R1131_U192	NAND	21386
N22154	P2_R1131_U193	NAND	21387
N22155	P2_R1131_U194	NAND	21388
N22156	P2_R1131_U195	NOT	21389
N22157	P2_R1131_U196	OR	21390
N22158	P2_R1131_U197	OR	21391
N22159	P2_R1131_U198	NOT	21392
N22160	P2_R1131_U199	NAND	21393
N22161	P2_R1131_U200	NAND	21394
N22162	P2_R1131_U201	NAND	21395
N22163	P2_R1131_U202	NAND	21396
N22164	P2_R1131_U203	NOT	21397
N22165	P2_R1131_U204	OR	21398
N22166	P2_R1131_U205	NAND	21399
N22167	P2_R1131_U206	NOT	21400
N22168	P2_R1131_U207	OR	21401
N22169	P2_R1131_U208	OR	21402
N22170	P2_R1131_U209	NAND	21403
N22171	P2_R1131_U210	NAND	21404
N22172	P2_R1131_U211	NAND	21405
N22173	P2_R1131_U212	NAND	21406
N22174	P2_R1131_U213	NAND	21407
N22175	P2_R1131_U214	OR	21408
N22176	P2_R1131_U215	NAND	21409
N22177	P2_R1131_U216	NAND	21410
N22178	P2_R1131_U217	NOT	21411
N22179	P2_R1131_U218	NAND	21412
N22180	P2_R1131_U219	NAND	21413
N22181	P2_R1131_U220	NAND	21414
N22182	P2_R1131_U221	NOT	21415
N22183	P2_R1131_U222	OR	21416
N22184	P2_R1131_U223	NAND	21417
N22185	P2_R1131_U224	NAND	21418
N22186	P2_R1131_U225	NAND	21419
N22187	P2_R1131_U226	NAND	21420
N22188	P2_R1131_U227	NAND	21421
N22189	P2_R1131_U228	OR	21422
N22190	P2_R1131_U229	NAND	21423
N22191	P2_R1131_U230	NOT	21424
N22192	P2_R1131_U231	NAND	21425
N22193	P2_R1131_U232	NAND	21426
N22194	P2_R1131_U233	NAND	21427
N22195	P2_R1131_U234	NAND	21428
N22196	P2_R1131_U235	NAND	21429
N22197	P2_R1131_U236	OR	21430
N22198	P2_R1131_U237	OR	21431
N22199	P2_R1131_U238	NAND	21432
N22200	P2_R1131_U239	NAND	21433
N22201	P2_R1131_U240	NAND	21434
N22202	P2_R1131_U241	OR	21435
N22203	P2_R1131_U242	NAND	21436
N22204	P2_R1131_U243	NAND	21437
N22205	P2_R1131_U244	NOT	21438
N22206	P2_R1131_U245	OR	21439
N22207	P2_R1131_U246	OR	21440
N22208	P2_R1131_U247	NAND	21441
N22209	P2_R1131_U248	NAND	21442
N22210	P2_R1131_U249	NAND	21443
N22211	P2_R1131_U250	OR	21444
N22212	P2_R1131_U251	OR	21445
N22213	P2_R1131_U252	NAND	21446
N22214	P2_R1131_U253	NAND	21447
N22215	P2_R1131_U254	NOT	21448
N22216	P2_R1131_U255	OR	21449
N22217	P2_R1131_U256	NAND	21450
N22218	P2_R1131_U257	NAND	21451
N22219	P2_R1131_U258	NOT	21452
N22220	P2_R1131_U259	OR	21453
N22221	P2_R1131_U260	NAND	21454
N22222	P2_R1131_U261	NAND	21455
N22223	P2_R1131_U262	NOT	21456
N22224	P2_R1131_U263	OR	21457
N22225	P2_R1131_U264	OR	21458
N22226	P2_R1131_U265	NOT	21459
N22227	P2_R1131_U266	NAND	21460
N22228	P2_R1131_U267	NAND	21461
N22229	P2_R1131_U268	NAND	21462
N22230	P2_R1131_U269	NAND	21463
N22231	P2_R1131_U270	NOT	21464
N22232	P2_R1131_U271	OR	21465
N22233	P2_R1131_U272	OR	21466
N22234	P2_R1131_U273	OR	21467
N22235	P2_R1131_U274	NOT	21468
N22236	P2_R1131_U275	NAND	21469
N22237	P2_R1131_U276	NAND	21470
N22238	P2_R1131_U277	NAND	21471
N22239	P2_R1131_U278	NAND	21472
N22240	P2_R1131_U279	NAND	21473
N22241	P2_R1131_U280	NAND	21474
N22242	P2_R1131_U281	NAND	21475
N22243	P2_R1131_U282	OR	21476
N22244	P2_R1131_U283	OR	21477
N22245	P2_R1131_U284	NAND	21478
N22246	P2_R1131_U285	NAND	21479
N22247	P2_R1131_U286	NOT	21480
N22248	P2_R1131_U287	OR	21481
N22249	P2_R1131_U288	NAND	21482
N22250	P2_R1131_U289	NAND	21483
N22251	P2_R1131_U290	NOT	21484
N22252	P2_R1131_U291	OR	21485
N22253	P2_R1131_U292	NAND	21486
N22254	P2_R1131_U293	NAND	21487
N22255	P2_R1131_U294	NOT	21488
N22256	P2_R1131_U295	OR	21489
N22257	P2_R1131_U296	NAND	21490
N22258	P2_R1131_U297	NOT	21491
N22259	P2_R1131_U298	OR	21492
N22260	P2_R1131_U299	NAND	21493
N22261	P2_R1131_U300	NOT	21494
N22262	P2_R1131_U301	OR	21495
N22263	P2_R1131_U302	NAND	21496
N22264	P2_R1131_U303	NOT	21497
N22265	P2_R1131_U304	NAND	21498
N22266	P2_R1131_U305	NOT	21499
N22267	P2_R1131_U306	NAND	21500
N22268	P2_R1131_U307	NOT	21501
N22269	P2_R1131_U308	OR	21502
N22270	P2_R1131_U309	NAND	21503
N22271	P2_R1131_U310	NAND	21504
N22272	P2_R1131_U311	NAND	21505
N22273	P2_R1131_U312	NAND	21506
N22274	P2_R1131_U313	NAND	21507
N22275	P2_R1131_U314	OR	21508
N22276	P2_R1131_U315	NAND	21509
N22277	P2_R1131_U316	NOT	21510
N22278	P2_R1131_U317	NAND	21511
N22279	P2_R1131_U318	NAND	21512
N22280	P2_R1131_U319	NAND	21513
N22281	P2_R1131_U320	NAND	21514
N22282	P2_R1131_U321	OR	21515
N22283	P2_R1131_U322	NAND	21516
N22284	P2_R1131_U323	NAND	21517
N22285	P2_R1131_U324	NAND	21518
N22286	P2_R1131_U325	NAND	21519
N22287	P2_R1131_U326	NAND	21520
N22288	P2_R1131_U327	OR	21521
N22289	P2_R1131_U328	NOT	21522
N22290	P2_R1131_U329	OR	21523
N22291	P2_R1131_U330	OR	21524
N22292	P2_R1131_U331	NAND	21525
N22293	P2_R1131_U332	NAND	21526
N22294	P2_R1131_U333	NAND	21527
N22295	P2_R1131_U334	NAND	21528
N22296	P2_R1131_U335	NAND	21529
N22297	P2_R1131_U336	OR	21530
N22298	P2_R1131_U337	NAND	21531
N22299	P2_R1131_U338	NOT	21532
N22300	P2_R1131_U339	OR	21533
N22301	P2_R1131_U340	NAND	21534
N22302	P2_R1131_U341	NAND	21535
N22303	P2_R1131_U342	NAND	21536
N22304	P2_R1131_U343	NAND	21537
N22305	P2_R1131_U344	NAND	21538
N22306	P2_R1131_U345	OR	21539
N22307	P2_R1131_U346	OR	21540
N22308	P2_R1131_U347	NAND	21541
N22309	P2_R1131_U348	NAND	21542
N22310	P2_R1131_U349	NAND	21543
N22311	P2_R1131_U350	NAND	21544
N22312	P2_R1131_U351	NAND	21545
N22313	P2_R1131_U352	NAND	21546
N22314	P2_R1131_U353	NAND	21547
N22315	P2_R1131_U354	NAND	21548
N22316	P2_R1131_U355	NAND	21549
N22317	P2_R1131_U356	NAND	21550
N22318	P2_R1131_U357	NAND	21551
N22319	P2_R1131_U358	NAND	21552
N22320	P2_R1131_U359	NAND	21553
N22321	P2_R1131_U360	NAND	21554
N22322	P2_R1131_U361	NAND	21555
N22323	P2_R1131_U362	NAND	21556
N22324	P2_R1131_U363	NAND	21557
N22325	P2_R1131_U364	NAND	21558
N22326	P2_R1131_U365	NAND	21559
N22327	P2_R1131_U366	NAND	21560
N22328	P2_R1131_U367	NAND	21561
N22329	P2_R1131_U368	NAND	21562
N22330	P2_R1131_U369	NAND	21563
N22331	P2_R1131_U370	NAND	21564
N22332	P2_R1131_U371	NAND	21565
N22333	P2_R1131_U372	NAND	21566
N22334	P2_R1131_U373	NAND	21567
N22335	P2_R1131_U374	NAND	21568
N22336	P2_R1131_U375	NAND	21569
N22337	P2_R1131_U376	NAND	21570
N22338	P2_R1131_U377	NAND	21571
N22339	P2_R1131_U378	NAND	21572
N22340	P2_R1131_U379	NAND	21573
N22341	P2_R1131_U380	NAND	21574
N22342	P2_R1131_U381	NAND	21575
N22343	P2_R1131_U382	NAND	21576
N22344	P2_R1131_U383	NAND	21577
N22345	P2_R1131_U384	NAND	21578
N22346	P2_R1131_U385	NAND	21579
N22347	P2_R1131_U386	NAND	21580
N22348	P2_R1131_U387	NAND	21581
N22349	P2_R1131_U388	NAND	21582
N22350	P2_R1131_U389	NAND	21583
N22351	P2_R1131_U390	NAND	21584
N22352	P2_R1131_U391	NAND	21585
N22353	P2_R1131_U392	NAND	21586
N22354	P2_R1131_U393	NAND	21587
N22355	P2_R1131_U394	NAND	21588
N22356	P2_R1131_U395	NAND	21589
N22357	P2_R1131_U396	NAND	21590
N22358	P2_R1131_U397	NAND	21591
N22359	P2_R1131_U398	NAND	21592
N22360	P2_R1131_U399	NAND	21593
N22361	P2_R1131_U400	NAND	21594
N22362	P2_R1131_U401	NAND	21595
N22363	P2_R1131_U402	NAND	21596
N22364	P2_R1131_U403	NAND	21597
N22365	P2_R1131_U404	NAND	21598
N22366	P2_R1131_U405	NAND	21599
N22367	P2_R1131_U406	NAND	21600
N22368	P2_R1131_U407	NAND	21601
N22369	P2_R1131_U408	NAND	21602
N22370	P2_R1131_U409	NAND	21603
N22371	P2_R1131_U410	NAND	21604
N22372	P2_R1131_U411	NAND	21605
N22373	P2_R1131_U412	NAND	21606
N22374	P2_R1131_U413	NAND	21607
N22375	P2_R1131_U414	NAND	21608
N22376	P2_R1131_U415	NAND	21609
N22377	P2_R1131_U416	NAND	21610
N22378	P2_R1131_U417	NAND	21611
N22379	P2_R1131_U418	NAND	21612
N22380	P2_R1131_U419	NAND	21613
N22381	P2_R1131_U420	NAND	21614
N22382	P2_R1131_U421	NAND	21615
N22383	P2_R1131_U422	NAND	21616
N22384	P2_R1131_U423	NAND	21617
N22385	P2_R1131_U424	NAND	21618
N22386	P2_R1131_U425	NAND	21619
N22387	P2_R1131_U426	NAND	21620
N22388	P2_R1131_U427	NAND	21621
N22389	P2_R1131_U428	NAND	21622
N22390	P2_R1131_U429	NAND	21623
N22391	P2_R1131_U430	NAND	21624
N22392	P2_R1131_U431	NAND	21625
N22393	P2_R1131_U432	NAND	21626
N22394	P2_R1131_U433	NAND	21627
N22395	P2_R1131_U434	NAND	21628
N22396	P2_R1131_U435	NAND	21629
N22397	P2_R1131_U436	NAND	21630
N22398	P2_R1131_U437	NAND	21631
N22399	P2_R1131_U438	NAND	21632
N22400	P2_R1131_U439	NAND	21633
N22401	P2_R1131_U440	NAND	21634
N22402	P2_R1131_U441	NAND	21635
N22403	P2_R1131_U442	NAND	21636
N22404	P2_R1131_U443	NAND	21637
N22405	P2_R1131_U444	NAND	21638
N22406	P2_R1131_U445	NAND	21639
N22407	P2_R1131_U446	NAND	21640
N22408	P2_R1131_U447	NAND	21641
N22409	P2_R1131_U448	NAND	21642
N22410	P2_R1131_U449	NAND	21643
N22411	P2_R1131_U450	NAND	21644
N22412	P2_R1131_U451	NAND	21645
N22413	P2_R1131_U452	NAND	21646
N22414	P2_R1131_U453	NAND	21647
N22415	P2_R1131_U454	NAND	21648
N22416	P2_R1131_U455	NAND	21649
N22417	P2_R1131_U456	NAND	21650
N22418	P2_R1131_U457	NAND	21651
N22419	P2_R1131_U458	NAND	21652
N22420	P2_R1131_U459	NAND	21653
N22421	P2_R1131_U460	NAND	21654
N22422	P2_R1131_U461	NAND	21655
N22423	P2_R1131_U462	NAND	21656
N22424	P2_R1131_U463	NAND	21657
N22425	P2_R1131_U464	NAND	21658
N22426	P2_R1131_U465	NAND	21659
N22427	P2_R1131_U466	NAND	21660
N22428	P2_R1131_U467	NAND	21661
N22429	P2_R1131_U468	NAND	21662
N22430	P2_R1131_U469	NAND	21663
N22431	P2_R1131_U470	NAND	21664
N22432	P2_R1131_U471	NAND	21665
N22433	P2_R1131_U472	NAND	21666
N22434	P2_R1131_U473	NAND	21667
N22435	P2_R1131_U474	NAND	21668
N22436	P2_R1131_U475	NAND	21669
N22437	P2_R1131_U476	NAND	21670
N22438	P2_R1131_U477	NAND	21671
N22439	P2_R1131_U478	NAND	21672
N22440	P2_R1131_U479	NAND	21673
N22441	P2_R1131_U480	NAND	21674
N22442	P2_R1131_U481	NAND	21675
N22443	P2_R1131_U482	NAND	21676
N22444	P2_R1131_U483	NAND	21677
N22445	P2_R1131_U484	NAND	21678
N22446	P2_R1131_U485	NAND	21679
N22447	P2_R1131_U486	NAND	21680
N22448	P2_R1131_U487	NAND	21681
N22449	P2_R1131_U488	NAND	21682
N22450	P2_R1131_U489	NAND	21683
N22451	P2_R1131_U490	NAND	21684
N22452	P2_R1131_U491	NAND	21685
N22453	P2_R1131_U492	NAND	21686
N22454	P2_R1131_U493	NAND	21687
N22455	P2_R1131_U494	NAND	21688
N22456	P2_R1131_U495	NAND	21689
N22457	P2_R1131_U496	NAND	21690
N22458	P2_R1131_U497	NAND	21691
N22459	P2_R1131_U498	NAND	21692
N22460	P2_R1131_U499	NAND	21693
N22461	P2_R1131_U500	NAND	21694
N22462	P2_R1131_U501	NAND	21695
N22463	P2_R1131_U502	NAND	21696
N22464	P2_R1131_U503	NAND	21697
N22465	P2_R1131_U504	NAND	21698
N22466	P2_R1146_U6	AND	21699
N22467	P2_R1146_U7	AND	21700
N22468	P2_R1146_U8	AND	21701
N22469	P2_R1146_U9	AND	21702
N22470	P2_R1146_U10	AND	21703
N22471	P2_R1146_U11	AND	21704
N22472	P2_R1146_U12	NAND	21705
N22473	P2_R1146_U13	NAND	21706
N22474	P2_R1146_U14	NAND	21707
N22475	P2_R1146_U15	NAND	21708
N22476	P2_R1146_U16	NAND	21709
N22477	P2_R1146_U17	NAND	21710
N22478	P2_R1146_U18	NAND	21711
N22479	P2_R1146_U19	NAND	21712
N22480	P2_R1146_U20	NAND	21713
N22481	P2_R1146_U21	NOT	21714
N22482	P2_R1146_U22	NOT	21715
N22483	P2_R1146_U23	NOT	21716
N22484	P2_R1146_U24	NOT	21717
N22485	P2_R1146_U25	NOT	21718
N22486	P2_R1146_U26	NOT	21719
N22487	P2_R1146_U27	NOT	21720
N22488	P2_R1146_U28	NAND	21721
N22489	P2_R1146_U29	NOT	21722
N22490	P2_R1146_U30	NOT	21723
N22491	P2_R1146_U31	NOT	21724
N22492	P2_R1146_U32	NOT	21725
N22493	P2_R1146_U33	NOT	21726
N22494	P2_R1146_U34	NOT	21727
N22495	P2_R1146_U35	NAND	21728
N22496	P2_R1146_U36	NOT	21729
N22497	P2_R1146_U37	NOT	21730
N22498	P2_R1146_U38	NAND	21731
N22499	P2_R1146_U39	NOT	21732
N22500	P2_R1146_U40	NOT	21733
N22501	P2_R1146_U41	NOT	21734
N22502	P2_R1146_U42	NAND	21735
N22503	P2_R1146_U43	NAND	21736
N22504	P2_R1146_U44	NAND	21737
N22505	P2_R1146_U45	NOT	21738
N22506	P2_R1146_U46	NOT	21739
N22507	P2_R1146_U47	NOT	21740
N22508	P2_R1146_U48	NOT	21741
N22509	P2_R1146_U49	NOT	21742
N22510	P2_R1146_U50	NAND	21743
N22511	P2_R1146_U51	NOT	21744
N22512	P2_R1146_U52	NOT	21745
N22513	P2_R1146_U53	NOT	21746
N22514	P2_R1146_U54	NOT	21747
N22515	P2_R1146_U55	NOT	21748
N22516	P2_R1146_U56	NOT	21749
N22517	P2_R1146_U57	NOT	21750
N22518	P2_R1146_U58	NOT	21751
N22519	P2_R1146_U59	NOT	21752
N22520	P2_R1146_U60	NOT	21753
N22521	P2_R1146_U61	NAND	21754
N22522	P2_R1146_U62	NOT	21755
N22523	P2_R1146_U63	NOT	21756
N22524	P2_R1146_U64	NAND	21757
N22525	P2_R1146_U65	NOT	21758
N22526	P2_R1146_U66	NOT	21759
N22527	P2_R1146_U67	NOT	21760
N22528	P2_R1146_U68	NOT	21761
N22529	P2_R1146_U69	NOT	21762
N22530	P2_R1146_U70	NOT	21763
N22531	P2_R1146_U71	NOT	21764
N22532	P2_R1146_U72	NOT	21765
N22533	P2_R1146_U73	NOT	21766
N22534	P2_R1146_U74	NOT	21767
N22535	P2_R1146_U75	NOT	21768
N22536	P2_R1146_U76	NAND	21769
N22537	P2_R1146_U77	NOT	21770
N22538	P2_R1146_U78	NOT	21771
N22539	P2_R1146_U79	NOT	21772
N22540	P2_R1146_U80	NOT	21773
N22541	P2_R1146_U81	NOT	21774
N22542	P2_R1146_U82	NOT	21775
N22543	P2_R1146_U83	NAND	21776
N22544	P2_R1146_U84	NOT	21777
N22545	P2_R1146_U85	NOT	21778
N22546	P2_R1146_U86	NOT	21779
N22547	P2_R1146_U87	NAND	21780
N22548	P2_R1146_U88	NAND	21781
N22549	P2_R1146_U89	NAND	21782
N22550	P2_R1146_U90	NAND	21783
N22551	P2_R1146_U91	NAND	21784
N22552	P2_R1146_U92	NOT	21785
N22553	P2_R1146_U93	NAND	21786
N22554	P2_R1146_U94	NAND	21787
N22555	P2_R1146_U95	NAND	21788
N22556	P2_R1146_U96	NAND	21789
N22557	P2_R1146_U97	NAND	21790
N22558	P2_R1146_U98	NAND	21791
N22559	P2_R1146_U99	NAND	21792
N22560	P2_R1146_U100	NAND	21793
N22561	P2_R1146_U101	NAND	21794
N22562	P2_R1146_U102	NAND	21795
N22563	P2_R1146_U103	NAND	21796
N22564	P2_R1146_U104	NAND	21797
N22565	P2_R1146_U105	NAND	21798
N22566	P2_R1146_U106	NAND	21799
N22567	P2_R1146_U107	NAND	21800
N22568	P2_R1146_U108	NAND	21801
N22569	P2_R1146_U109	NAND	21802
N22570	P2_R1146_U110	NAND	21803
N22571	P2_R1146_U111	NAND	21804
N22572	P2_R1146_U112	NAND	21805
N22573	P2_R1146_U113	NAND	21806
N22574	P2_R1146_U114	AND	21807
N22575	P2_R1146_U115	AND	21808
N22576	P2_R1146_U116	AND	21809
N22577	P2_R1146_U117	AND	21810
N22578	P2_R1146_U118	AND	21811
N22579	P2_R1146_U119	AND	21812
N22580	P2_R1146_U120	AND	21813
N22581	P2_R1146_U121	AND	21814
N22582	P2_R1146_U122	AND	21815
N22583	P2_R1146_U123	AND	21816
N22584	P2_R1146_U124	AND	21817
N22585	P2_R1146_U125	AND	21818
N22586	P2_R1146_U126	AND	21819
N22587	P2_R1146_U127	AND	21820
N22588	P2_R1146_U128	AND	21821
N22589	P2_R1146_U129	AND	21822
N22590	P2_R1146_U130	AND	21823
N22591	P2_R1146_U131	NAND	21824
N22592	P2_R1146_U132	AND	21825
N22593	P2_R1146_U133	AND	21826
N22594	P2_R1146_U134	NAND	21827
N22595	P2_R1146_U135	NAND	21828
N22596	P2_R1146_U136	AND	21829
N22597	P2_R1146_U137	AND	21830
N22598	P2_R1146_U138	NAND	21831
N22599	P2_R1146_U139	NAND	21832
N22600	P2_R1146_U140	NAND	21833
N22601	P2_R1146_U141	NAND	21834
N22602	P2_R1146_U142	NAND	21835
N22603	P2_R1146_U143	AND	21836
N22604	P2_R1146_U144	AND	21837
N22605	P2_R1146_U145	NAND	21838
N22606	P2_R1146_U146	NAND	21839
N22607	P2_R1146_U147	AND	21840
N22608	P2_R1146_U148	AND	21841
N22609	P2_R1146_U149	AND	21842
N22610	P2_R1146_U150	NAND	21843
N22611	P2_R1146_U151	AND	21844
N22612	P2_R1146_U152	AND	21845
N22613	P2_R1146_U153	AND	21846
N22614	P2_R1146_U154	NAND	21847
N22615	P2_R1146_U155	AND	21848
N22616	P2_R1146_U156	NOT	21849
N22617	P2_R1146_U157	NOT	21850
N22618	P2_R1146_U158	AND	21851
N22619	P2_R1146_U159	NAND	21852
N22620	P2_R1146_U160	NAND	21853
N22621	P2_R1146_U161	AND	21854
N22622	P2_R1146_U162	AND	21855
N22623	P2_R1146_U163	NAND	21856
N22624	P2_R1146_U164	NAND	21857
N22625	P2_R1146_U165	NOT	21858
N22626	P2_R1146_U166	NAND	21859
N22627	P2_R1146_U167	NAND	21860
N22628	P2_R1146_U168	NOT	21861
N22629	P2_R1146_U169	NAND	21862
N22630	P2_R1146_U170	AND	21863
N22631	P2_R1146_U171	AND	21864
N22632	P2_R1146_U172	NAND	21865
N22633	P2_R1146_U173	NAND	21866
N22634	P2_R1146_U174	NAND	21867
N22635	P2_R1146_U175	AND	21868
N22636	P2_R1146_U176	NAND	21869
N22637	P2_R1146_U177	NOT	21870
N22638	P2_R1146_U178	NOT	21871
N22639	P2_R1146_U179	NOT	21872
N22640	P2_R1146_U180	NAND	21873
N22641	P2_R1146_U181	NAND	21874
N22642	P2_R1146_U182	NAND	21875
N22643	P2_R1146_U183	NAND	21876
N22644	P2_R1146_U184	NAND	21877
N22645	P2_R1146_U185	NAND	21878
N22646	P2_R1146_U186	NAND	21879
N22647	P2_R1146_U187	NOT	21880
N22648	P2_R1146_U188	NOT	21881
N22649	P2_R1146_U189	NOT	21882
N22650	P2_R1146_U190	NOT	21883
N22651	P2_R1146_U191	NOT	21884
N22652	P2_R1146_U192	NAND	21885
N22653	P2_R1146_U193	NOT	21886
N22654	P2_R1146_U194	NAND	21887
N22655	P2_R1146_U195	NAND	21888
N22656	P2_R1146_U196	NAND	21889
N22657	P2_R1146_U197	NAND	21890
N22658	P2_R1146_U198	NAND	21891
N22659	P2_R1146_U199	NOT	21892
N22660	P2_R1146_U200	NAND	21893
N22661	P2_R1146_U201	NAND	21894
N22662	P2_R1146_U202	NAND	21895
N22663	P2_R1146_U203	NAND	21896
N22664	P2_R1146_U204	NAND	21897
N22665	P2_R1146_U205	NAND	21898
N22666	P2_R1146_U206	NAND	21899
N22667	P2_R1146_U207	NAND	21900
N22668	P2_R1146_U208	NAND	21901
N22669	P2_R1146_U209	NOT	21902
N22670	P2_R1146_U210	NAND	21903
N22671	P2_R1146_U211	NAND	21904
N22672	P2_R1146_U212	NAND	21905
N22673	P2_R1146_U213	NAND	21906
N22674	P2_R1146_U214	NAND	21907
N22675	P2_R1146_U215	NOT	21908
N22676	P2_R1146_U216	NAND	21909
N22677	P2_R1146_U217	NAND	21910
N22678	P2_R1146_U218	NAND	21911
N22679	P2_R1146_U219	NAND	21912
N22680	P2_R1146_U220	NAND	21913
N22681	P2_R1146_U221	NAND	21914
N22682	P2_R1146_U222	NAND	21915
N22683	P2_R1146_U223	NAND	21916
N22684	P2_R1146_U224	NOT	21917
N22685	P2_R1146_U225	NAND	21918
N22686	P2_R1146_U226	NAND	21919
N22687	P2_R1146_U227	NAND	21920
N22688	P2_R1146_U228	NAND	21921
N22689	P2_R1146_U229	NAND	21922
N22690	P2_R1146_U230	NAND	21923
N22691	P2_R1146_U231	NAND	21924
N22692	P2_R1146_U232	NAND	21925
N22693	P2_R1146_U233	NAND	21926
N22694	P2_R1146_U234	NAND	21927
N22695	P2_R1146_U235	NAND	21928
N22696	P2_R1146_U236	NAND	21929
N22697	P2_R1146_U237	NAND	21930
N22698	P2_R1146_U238	NAND	21931
N22699	P2_R1146_U239	NAND	21932
N22700	P2_R1146_U240	NAND	21933
N22701	P2_R1146_U241	NAND	21934
N22702	P2_R1146_U242	NAND	21935
N22703	P2_R1146_U243	NAND	21936
N22704	P2_R1146_U244	NAND	21937
N22705	P2_R1146_U245	NAND	21938
N22706	P2_R1146_U246	NAND	21939
N22707	P2_R1146_U247	NOT	21940
N22708	P2_R1146_U248	NAND	21941
N22709	P2_R1146_U249	NAND	21942
N22710	P2_R1146_U250	NAND	21943
N22711	P2_R1146_U251	NOT	21944
N22712	P2_R1146_U252	NAND	21945
N22713	P2_R1146_U253	NAND	21946
N22714	P2_R1146_U254	NAND	21947
N22715	P2_R1146_U255	NOT	21948
N22716	P2_R1146_U256	NAND	21949
N22717	P2_R1146_U257	NAND	21950
N22718	P2_R1146_U258	NAND	21951
N22719	P2_R1146_U259	NAND	21952
N22720	P2_R1146_U260	NAND	21953
N22721	P2_R1146_U261	NAND	21954
N22722	P2_R1146_U262	NAND	21955
N22723	P2_R1146_U263	NAND	21956
N22724	P2_R1146_U264	NAND	21957
N22725	P2_R1146_U265	NOT	21958
N22726	P2_R1146_U266	NAND	21959
N22727	P2_R1146_U267	NAND	21960
N22728	P2_R1146_U268	NAND	21961
N22729	P2_R1146_U269	NOT	21962
N22730	P2_R1146_U270	NAND	21963
N22731	P2_R1146_U271	NAND	21964
N22732	P2_R1146_U272	NAND	21965
N22733	P2_R1146_U273	NOT	21966
N22734	P2_R1146_U274	NAND	21967
N22735	P2_R1146_U275	NAND	21968
N22736	P2_R1146_U276	NAND	21969
N22737	P2_R1146_U277	NOT	21970
N22738	P2_R1146_U278	NAND	21971
N22739	P2_R1146_U279	NAND	21972
N22740	P2_R1146_U280	NAND	21973
N22741	P2_R1146_U281	NOT	21974
N22742	P2_R1146_U282	NAND	21975
N22743	P2_R1146_U283	NAND	21976
N22744	P2_R1146_U284	NAND	21977
N22745	P2_R1146_U285	NAND	21978
N22746	P2_R1146_U286	NAND	21979
N22747	P2_R1146_U287	NAND	21980
N22748	P2_R1146_U288	NAND	21981
N22749	P2_R1146_U289	NAND	21982
N22750	P2_R1146_U290	NAND	21983
N22751	P2_R1146_U291	NOT	21984
N22752	P2_R1146_U292	NAND	21985
N22753	P2_R1146_U293	NAND	21986
N22754	P2_R1146_U294	NAND	21987
N22755	P2_R1146_U295	NOT	21988
N22756	P2_R1146_U296	NAND	21989
N22757	P2_R1146_U297	NAND	21990
N22758	P2_R1146_U298	NAND	21991
N22759	P2_R1146_U299	NOT	21992
N22760	P2_R1146_U300	NAND	21993
N22761	P2_R1146_U301	NAND	21994
N22762	P2_R1146_U302	NAND	21995
N22763	P2_R1146_U303	NAND	21996
N22764	P2_R1146_U304	NAND	21997
N22765	P2_R1146_U305	NOT	21998
N22766	P2_R1146_U306	NAND	21999
N22767	P2_R1146_U307	NAND	22000
N22768	P2_R1146_U308	NAND	22001
N22769	P2_R1146_U309	NAND	22002
N22770	P2_R1146_U310	NAND	22003
N22771	P2_R1146_U311	NAND	22004
N22772	P2_R1146_U312	NAND	22005
N22773	P2_R1146_U313	NAND	22006
N22774	P2_R1146_U314	NAND	22007
N22775	P2_R1146_U315	NAND	22008
N22776	P2_R1146_U316	NAND	22009
N22777	P2_R1146_U317	NAND	22010
N22778	P2_R1146_U318	NAND	22011
N22779	P2_R1146_U319	NOT	22012
N22780	P2_R1146_U320	NAND	22013
N22781	P2_R1146_U321	NAND	22014
N22782	P2_R1146_U322	NAND	22015
N22783	P2_R1146_U323	NAND	22016
N22784	P2_R1146_U324	NAND	22017
N22785	P2_R1146_U325	NAND	22018
N22786	P2_R1146_U326	NAND	22019
N22787	P2_R1146_U327	NAND	22020
N22788	P2_R1146_U328	NAND	22021
N22789	P2_R1146_U329	NAND	22022
N22790	P2_R1146_U330	NOT	22023
N22791	P2_R1146_U331	NAND	22024
N22792	P2_R1146_U332	NAND	22025
N22793	P2_R1146_U333	NAND	22026
N22794	P2_R1146_U334	NAND	22027
N22795	P2_R1146_U335	NAND	22028
N22796	P2_R1146_U336	NAND	22029
N22797	P2_R1146_U337	NAND	22030
N22798	P2_R1146_U338	NAND	22031
N22799	P2_R1146_U339	NAND	22032
N22800	P2_R1146_U340	NAND	22033
N22801	P2_R1146_U341	NOT	22034
N22802	P2_R1146_U342	NAND	22035
N22803	P2_R1146_U343	NAND	22036
N22804	P2_R1146_U344	NAND	22037
N22805	P2_R1146_U345	NAND	22038
N22806	P2_R1146_U346	NAND	22039
N22807	P2_R1146_U347	NAND	22040
N22808	P2_R1146_U348	NAND	22041
N22809	P2_R1146_U349	NAND	22042
N22810	P2_R1146_U350	NAND	22043
N22811	P2_R1146_U351	NAND	22044
N22812	P2_R1146_U352	NAND	22045
N22813	P2_R1146_U353	NAND	22046
N22814	P2_R1146_U354	NAND	22047
N22815	P2_R1146_U355	NAND	22048
N22816	P2_R1146_U356	NAND	22049
N22817	P2_R1146_U357	NAND	22050
N22818	P2_R1146_U358	NAND	22051
N22819	P2_R1146_U359	NAND	22052
N22820	P2_R1146_U360	NAND	22053
N22821	P2_R1146_U361	NAND	22054
N22822	P2_R1146_U362	NAND	22055
N22823	P2_R1146_U363	NAND	22056
N22824	P2_R1146_U364	NAND	22057
N22825	P2_R1146_U365	NAND	22058
N22826	P2_R1146_U366	NAND	22059
N22827	P2_R1146_U367	NAND	22060
N22828	P2_R1146_U368	NAND	22061
N22829	P2_R1146_U369	NAND	22062
N22830	P2_R1146_U370	NAND	22063
N22831	P2_R1146_U371	NAND	22064
N22832	P2_R1146_U372	NAND	22065
N22833	P2_R1146_U373	NAND	22066
N22834	P2_R1146_U374	NAND	22067
N22835	P2_R1146_U375	NAND	22068
N22836	P2_R1146_U376	NAND	22069
N22837	P2_R1146_U377	NAND	22070
N22838	P2_R1146_U378	NAND	22071
N22839	P2_R1146_U379	NAND	22072
N22840	P2_R1146_U380	NAND	22073
N22841	P2_R1146_U381	NAND	22074
N22842	P2_R1146_U382	NAND	22075
N22843	P2_R1146_U383	NAND	22076
N22844	P2_R1146_U384	NAND	22077
N22845	P2_R1146_U385	NAND	22078
N22846	P2_R1146_U386	NAND	22079
N22847	P2_R1146_U387	NAND	22080
N22848	P2_R1146_U388	NAND	22081
N22849	P2_R1146_U389	NAND	22082
N22850	P2_R1146_U390	NAND	22083
N22851	P2_R1146_U391	NAND	22084
N22852	P2_R1146_U392	NAND	22085
N22853	P2_R1146_U393	NOT	22086
N22854	P2_R1146_U394	NAND	22087
N22855	P2_R1146_U395	NAND	22088
N22856	P2_R1146_U396	NAND	22089
N22857	P2_R1146_U397	NAND	22090
N22858	P2_R1146_U398	NAND	22091
N22859	P2_R1146_U399	NAND	22092
N22860	P2_R1146_U400	NAND	22093
N22861	P2_R1146_U401	NAND	22094
N22862	P2_R1146_U402	NAND	22095
N22863	P2_R1146_U403	NAND	22096
N22864	P2_R1146_U404	NAND	22097
N22865	P2_R1146_U405	NAND	22098
N22866	P2_R1146_U406	NAND	22099
N22867	P2_R1146_U407	NOT	22100
N22868	P2_R1146_U408	NAND	22101
N22869	P2_R1146_U409	NAND	22102
N22870	P2_R1146_U410	NAND	22103
N22871	P2_R1146_U411	NAND	22104
N22872	P2_R1146_U412	NOT	22105
N22873	P2_R1146_U413	NAND	22106
N22874	P2_R1146_U414	NAND	22107
N22875	P2_R1146_U415	NAND	22108
N22876	P2_R1146_U416	NAND	22109
N22877	P2_R1146_U417	NAND	22110
N22878	P2_R1146_U418	NAND	22111
N22879	P2_R1146_U419	NAND	22112
N22880	P2_R1146_U420	NAND	22113
N22881	P2_R1146_U421	NAND	22114
N22882	P2_R1146_U422	NAND	22115
N22883	P2_R1146_U423	NAND	22116
N22884	P2_R1146_U424	NAND	22117
N22885	P2_R1146_U425	NAND	22118
N22886	P2_R1146_U426	NAND	22119
N22887	P2_R1146_U427	NAND	22120
N22888	P2_R1146_U428	NOT	22121
N22889	P2_R1146_U429	NAND	22122
N22890	P2_R1146_U430	NAND	22123
N22891	P2_R1146_U431	NAND	22124
N22892	P2_R1146_U432	NAND	22125
N22893	P2_R1146_U433	NOT	22126
N22894	P2_R1146_U434	NAND	22127
N22895	P2_R1146_U435	NAND	22128
N22896	P2_R1146_U436	NAND	22129
N22897	P2_R1146_U437	NAND	22130
N22898	P2_R1146_U438	NOT	22131
N22899	P2_R1146_U439	NAND	22132
N22900	P2_R1146_U440	NAND	22133
N22901	P2_R1146_U441	NAND	22134
N22902	P2_R1146_U442	NAND	22135
N22903	P2_R1146_U443	NOT	22136
N22904	P2_R1146_U444	NAND	22137
N22905	P2_R1146_U445	NAND	22138
N22906	P2_R1146_U446	NAND	22139
N22907	P2_R1146_U447	NAND	22140
N22908	P2_R1146_U448	NOT	22141
N22909	P2_R1146_U449	NAND	22142
N22910	P2_R1146_U450	NAND	22143
N22911	P2_R1146_U451	NAND	22144
N22912	P2_R1146_U452	NAND	22145
N22913	P2_R1146_U453	NAND	22146
N22914	P2_R1146_U454	NAND	22147
N22915	P2_R1146_U455	NAND	22148
N22916	P2_R1146_U456	NAND	22149
N22917	P2_R1146_U457	NAND	22150
N22918	P2_R1146_U458	NAND	22151
N22919	P2_R1146_U459	NAND	22152
N22920	P2_R1146_U460	NAND	22153
N22921	P2_R1146_U461	NAND	22154
N22922	P2_R1146_U462	NAND	22155
N22923	P2_R1146_U463	NAND	22156
N22924	P2_R1146_U464	NOT	22157
N22925	P2_R1146_U465	NAND	22158
N22926	P2_R1146_U466	NAND	22159
N22927	P2_R1146_U467	NAND	22160
N22928	P2_R1146_U468	NAND	22161
N22929	P2_R1146_U469	NOT	22162
N22930	P2_R1146_U470	NAND	22163
N22931	P2_R1146_U471	NAND	22164
N22932	P2_R1146_U472	NAND	22165
N22933	P2_R1146_U473	NAND	22166
N22934	P2_R1146_U474	NAND	22167
N22935	P2_R1146_U475	NAND	22168
N22936	P2_R1146_U476	NAND	22169
N22937	P2_R1146_U477	NAND	22170
N22938	P2_R1146_U478	NAND	22171
N22939	P2_R1203_U6	AND	22172
N22940	P2_R1203_U7	AND	22173
N22941	P2_R1203_U8	AND	22174
N22942	P2_R1203_U9	AND	22175
N22943	P2_R1203_U10	AND	22176
N22944	P2_R1203_U11	AND	22177
N22945	P2_R1203_U12	NAND	22178
N22946	P2_R1203_U13	NAND	22179
N22947	P2_R1203_U14	NAND	22180
N22948	P2_R1203_U15	NAND	22181
N22949	P2_R1203_U16	NAND	22182
N22950	P2_R1203_U17	NAND	22183
N22951	P2_R1203_U18	NAND	22184
N22952	P2_R1203_U19	NAND	22185
N22953	P2_R1203_U20	NAND	22186
N22954	P2_R1203_U21	NOT	22187
N22955	P2_R1203_U22	NOT	22188
N22956	P2_R1203_U23	NOT	22189
N22957	P2_R1203_U24	NOT	22190
N22958	P2_R1203_U25	NOT	22191
N22959	P2_R1203_U26	NOT	22192
N22960	P2_R1203_U27	NOT	22193
N22961	P2_R1203_U28	NAND	22194
N22962	P2_R1203_U29	NOT	22195
N22963	P2_R1203_U30	NOT	22196
N22964	P2_R1203_U31	NOT	22197
N22965	P2_R1203_U32	NOT	22198
N22966	P2_R1203_U33	NOT	22199
N22967	P2_R1203_U34	NOT	22200
N22968	P2_R1203_U35	NAND	22201
N22969	P2_R1203_U36	NOT	22202
N22970	P2_R1203_U37	NOT	22203
N22971	P2_R1203_U38	NAND	22204
N22972	P2_R1203_U39	NOT	22205
N22973	P2_R1203_U40	NOT	22206
N22974	P2_R1203_U41	NOT	22207
N22975	P2_R1203_U42	NAND	22208
N22976	P2_R1203_U43	NAND	22209
N22977	P2_R1203_U44	NAND	22210
N22978	P2_R1203_U45	NOT	22211
N22979	P2_R1203_U46	NOT	22212
N22980	P2_R1203_U47	NOT	22213
N22981	P2_R1203_U48	NOT	22214
N22982	P2_R1203_U49	NOT	22215
N22983	P2_R1203_U50	NAND	22216
N22984	P2_R1203_U51	NOT	22217
N22985	P2_R1203_U52	NOT	22218
N22986	P2_R1203_U53	NOT	22219
N22987	P2_R1203_U54	NOT	22220
N22988	P2_R1203_U55	NOT	22221
N22989	P2_R1203_U56	NOT	22222
N22990	P2_R1203_U57	NOT	22223
N22991	P2_R1203_U58	NOT	22224
N22992	P2_R1203_U59	NOT	22225
N22993	P2_R1203_U60	NOT	22226
N22994	P2_R1203_U61	NAND	22227
N22995	P2_R1203_U62	NOT	22228
N22996	P2_R1203_U63	NOT	22229
N22997	P2_R1203_U64	NAND	22230
N22998	P2_R1203_U65	NOT	22231
N22999	P2_R1203_U66	NOT	22232
N23000	P2_R1203_U67	NOT	22233
N23001	P2_R1203_U68	NOT	22234
N23002	P2_R1203_U69	NOT	22235
N23003	P2_R1203_U70	NOT	22236
N23004	P2_R1203_U71	NOT	22237
N23005	P2_R1203_U72	NOT	22238
N23006	P2_R1203_U73	NOT	22239
N23007	P2_R1203_U74	NOT	22240
N23008	P2_R1203_U75	NOT	22241
N23009	P2_R1203_U76	NAND	22242
N23010	P2_R1203_U77	NOT	22243
N23011	P2_R1203_U78	NOT	22244
N23012	P2_R1203_U79	NOT	22245
N23013	P2_R1203_U80	NOT	22246
N23014	P2_R1203_U81	NOT	22247
N23015	P2_R1203_U82	NOT	22248
N23016	P2_R1203_U83	NAND	22249
N23017	P2_R1203_U84	NOT	22250
N23018	P2_R1203_U85	NOT	22251
N23019	P2_R1203_U86	NOT	22252
N23020	P2_R1203_U87	NAND	22253
N23021	P2_R1203_U88	NAND	22254
N23022	P2_R1203_U89	NAND	22255
N23023	P2_R1203_U90	NAND	22256
N23024	P2_R1203_U91	NAND	22257
N23025	P2_R1203_U92	NOT	22258
N23026	P2_R1203_U93	NAND	22259
N23027	P2_R1203_U94	NAND	22260
N23028	P2_R1203_U95	NAND	22261
N23029	P2_R1203_U96	NAND	22262
N23030	P2_R1203_U97	NAND	22263
N23031	P2_R1203_U98	NAND	22264
N23032	P2_R1203_U99	NAND	22265
N23033	P2_R1203_U100	NAND	22266
N23034	P2_R1203_U101	NAND	22267
N23035	P2_R1203_U102	NAND	22268
N23036	P2_R1203_U103	NAND	22269
N23037	P2_R1203_U104	NAND	22270
N23038	P2_R1203_U105	NAND	22271
N23039	P2_R1203_U106	NAND	22272
N23040	P2_R1203_U107	NAND	22273
N23041	P2_R1203_U108	NAND	22274
N23042	P2_R1203_U109	NAND	22275
N23043	P2_R1203_U110	NAND	22276
N23044	P2_R1203_U111	NAND	22277
N23045	P2_R1203_U112	NAND	22278
N23046	P2_R1203_U113	NAND	22279
N23047	P2_R1203_U114	AND	22280
N23048	P2_R1203_U115	AND	22281
N23049	P2_R1203_U116	AND	22282
N23050	P2_R1203_U117	AND	22283
N23051	P2_R1203_U118	AND	22284
N23052	P2_R1203_U119	AND	22285
N23053	P2_R1203_U120	AND	22286
N23054	P2_R1203_U121	AND	22287
N23055	P2_R1203_U122	AND	22288
N23056	P2_R1203_U123	AND	22289
N23057	P2_R1203_U124	AND	22290
N23058	P2_R1203_U125	AND	22291
N23059	P2_R1203_U126	AND	22292
N23060	P2_R1203_U127	AND	22293
N23061	P2_R1203_U128	AND	22294
N23062	P2_R1203_U129	AND	22295
N23063	P2_R1203_U130	AND	22296
N23064	P2_R1203_U131	NAND	22297
N23065	P2_R1203_U132	AND	22298
N23066	P2_R1203_U133	AND	22299
N23067	P2_R1203_U134	NAND	22300
N23068	P2_R1203_U135	NAND	22301
N23069	P2_R1203_U136	AND	22302
N23070	P2_R1203_U137	AND	22303
N23071	P2_R1203_U138	NAND	22304
N23072	P2_R1203_U139	NAND	22305
N23073	P2_R1203_U140	NAND	22306
N23074	P2_R1203_U141	NAND	22307
N23075	P2_R1203_U142	NAND	22308
N23076	P2_R1203_U143	AND	22309
N23077	P2_R1203_U144	AND	22310
N23078	P2_R1203_U145	NAND	22311
N23079	P2_R1203_U146	NAND	22312
N23080	P2_R1203_U147	AND	22313
N23081	P2_R1203_U148	AND	22314
N23082	P2_R1203_U149	AND	22315
N23083	P2_R1203_U150	NAND	22316
N23084	P2_R1203_U151	AND	22317
N23085	P2_R1203_U152	AND	22318
N23086	P2_R1203_U153	AND	22319
N23087	P2_R1203_U154	NAND	22320
N23088	P2_R1203_U155	AND	22321
N23089	P2_R1203_U156	NOT	22322
N23090	P2_R1203_U157	NOT	22323
N23091	P2_R1203_U158	AND	22324
N23092	P2_R1203_U159	NAND	22325
N23093	P2_R1203_U160	NAND	22326
N23094	P2_R1203_U161	AND	22327
N23095	P2_R1203_U162	AND	22328
N23096	P2_R1203_U163	NAND	22329
N23097	P2_R1203_U164	NAND	22330
N23098	P2_R1203_U165	NOT	22331
N23099	P2_R1203_U166	NAND	22332
N23100	P2_R1203_U167	NAND	22333
N23101	P2_R1203_U168	NOT	22334
N23102	P2_R1203_U169	NAND	22335
N23103	P2_R1203_U170	AND	22336
N23104	P2_R1203_U171	AND	22337
N23105	P2_R1203_U172	NAND	22338
N23106	P2_R1203_U173	NAND	22339
N23107	P2_R1203_U174	NAND	22340
N23108	P2_R1203_U175	AND	22341
N23109	P2_R1203_U176	NAND	22342
N23110	P2_R1203_U177	NOT	22343
N23111	P2_R1203_U178	NOT	22344
N23112	P2_R1203_U179	NOT	22345
N23113	P2_R1203_U180	NAND	22346
N23114	P2_R1203_U181	NAND	22347
N23115	P2_R1203_U182	NAND	22348
N23116	P2_R1203_U183	NAND	22349
N23117	P2_R1203_U184	NAND	22350
N23118	P2_R1203_U185	NAND	22351
N23119	P2_R1203_U186	NAND	22352
N23120	P2_R1203_U187	NOT	22353
N23121	P2_R1203_U188	NOT	22354
N23122	P2_R1203_U189	NOT	22355
N23123	P2_R1203_U190	NOT	22356
N23124	P2_R1203_U191	NOT	22357
N23125	P2_R1203_U192	NAND	22358
N23126	P2_R1203_U193	NOT	22359
N23127	P2_R1203_U194	NAND	22360
N23128	P2_R1203_U195	NAND	22361
N23129	P2_R1203_U196	NAND	22362
N23130	P2_R1203_U197	NAND	22363
N23131	P2_R1203_U198	NAND	22364
N23132	P2_R1203_U199	NOT	22365
N23133	P2_R1203_U200	NAND	22366
N23134	P2_R1203_U201	NAND	22367
N23135	P2_R1203_U202	NAND	22368
N23136	P2_R1203_U203	NAND	22369
N23137	P2_R1203_U204	NAND	22370
N23138	P2_R1203_U205	NAND	22371
N23139	P2_R1203_U206	NAND	22372
N23140	P2_R1203_U207	NAND	22373
N23141	P2_R1203_U208	NAND	22374
N23142	P2_R1203_U209	NOT	22375
N23143	P2_R1203_U210	NAND	22376
N23144	P2_R1203_U211	NAND	22377
N23145	P2_R1203_U212	NAND	22378
N23146	P2_R1203_U213	NAND	22379
N23147	P2_R1203_U214	NAND	22380
N23148	P2_R1203_U215	NOT	22381
N23149	P2_R1203_U216	NAND	22382
N23150	P2_R1203_U217	NAND	22383
N23151	P2_R1203_U218	NAND	22384
N23152	P2_R1203_U219	NAND	22385
N23153	P2_R1203_U220	NAND	22386
N23154	P2_R1203_U221	NAND	22387
N23155	P2_R1203_U222	NAND	22388
N23156	P2_R1203_U223	NAND	22389
N23157	P2_R1203_U224	NOT	22390
N23158	P2_R1203_U225	NAND	22391
N23159	P2_R1203_U226	NAND	22392
N23160	P2_R1203_U227	NAND	22393
N23161	P2_R1203_U228	NAND	22394
N23162	P2_R1203_U229	NAND	22395
N23163	P2_R1203_U230	NAND	22396
N23164	P2_R1203_U231	NAND	22397
N23165	P2_R1203_U232	NAND	22398
N23166	P2_R1203_U233	NAND	22399
N23167	P2_R1203_U234	NAND	22400
N23168	P2_R1203_U235	NAND	22401
N23169	P2_R1203_U236	NAND	22402
N23170	P2_R1203_U237	NAND	22403
N23171	P2_R1203_U238	NAND	22404
N23172	P2_R1203_U239	NAND	22405
N23173	P2_R1203_U240	NAND	22406
N23174	P2_R1203_U241	NAND	22407
N23175	P2_R1203_U242	NAND	22408
N23176	P2_R1203_U243	NAND	22409
N23177	P2_R1203_U244	NAND	22410
N23178	P2_R1203_U245	NAND	22411
N23179	P2_R1203_U246	NAND	22412
N23180	P2_R1203_U247	NOT	22413
N23181	P2_R1203_U248	NAND	22414
N23182	P2_R1203_U249	NAND	22415
N23183	P2_R1203_U250	NAND	22416
N23184	P2_R1203_U251	NOT	22417
N23185	P2_R1203_U252	NAND	22418
N23186	P2_R1203_U253	NAND	22419
N23187	P2_R1203_U254	NAND	22420
N23188	P2_R1203_U255	NOT	22421
N23189	P2_R1203_U256	NAND	22422
N23190	P2_R1203_U257	NAND	22423
N23191	P2_R1203_U258	NAND	22424
N23192	P2_R1203_U259	NAND	22425
N23193	P2_R1203_U260	NAND	22426
N23194	P2_R1203_U261	NAND	22427
N23195	P2_R1203_U262	NAND	22428
N23196	P2_R1203_U263	NAND	22429
N23197	P2_R1203_U264	NAND	22430
N23198	P2_R1203_U265	NOT	22431
N23199	P2_R1203_U266	NAND	22432
N23200	P2_R1203_U267	NAND	22433
N23201	P2_R1203_U268	NAND	22434
N23202	P2_R1203_U269	NOT	22435
N23203	P2_R1203_U270	NAND	22436
N23204	P2_R1203_U271	NAND	22437
N23205	P2_R1203_U272	NAND	22438
N23206	P2_R1203_U273	NOT	22439
N23207	P2_R1203_U274	NAND	22440
N23208	P2_R1203_U275	NAND	22441
N23209	P2_R1203_U276	NAND	22442
N23210	P2_R1203_U277	NOT	22443
N23211	P2_R1203_U278	NAND	22444
N23212	P2_R1203_U279	NAND	22445
N23213	P2_R1203_U280	NAND	22446
N23214	P2_R1203_U281	NOT	22447
N23215	P2_R1203_U282	NAND	22448
N23216	P2_R1203_U283	NAND	22449
N23217	P2_R1203_U284	NAND	22450
N23218	P2_R1203_U285	NAND	22451
N23219	P2_R1203_U286	NAND	22452
N23220	P2_R1203_U287	NAND	22453
N23221	P2_R1203_U288	NAND	22454
N23222	P2_R1203_U289	NAND	22455
N23223	P2_R1203_U290	NAND	22456
N23224	P2_R1203_U291	NOT	22457
N23225	P2_R1203_U292	NAND	22458
N23226	P2_R1203_U293	NAND	22459
N23227	P2_R1203_U294	NAND	22460
N23228	P2_R1203_U295	NOT	22461
N23229	P2_R1203_U296	NAND	22462
N23230	P2_R1203_U297	NAND	22463
N23231	P2_R1203_U298	NAND	22464
N23232	P2_R1203_U299	NOT	22465
N23233	P2_R1203_U300	NAND	22466
N23234	P2_R1203_U301	NAND	22467
N23235	P2_R1203_U302	NAND	22468
N23236	P2_R1203_U303	NAND	22469
N23237	P2_R1203_U304	NAND	22470
N23238	P2_R1203_U305	NOT	22471
N23239	P2_R1203_U306	NAND	22472
N23240	P2_R1203_U307	NAND	22473
N23241	P2_R1203_U308	NAND	22474
N23242	P2_R1203_U309	NAND	22475
N23243	P2_R1203_U310	NAND	22476
N23244	P2_R1203_U311	NAND	22477
N23245	P2_R1203_U312	NAND	22478
N23246	P2_R1203_U313	NAND	22479
N23247	P2_R1203_U314	NAND	22480
N23248	P2_R1203_U315	NAND	22481
N23249	P2_R1203_U316	NAND	22482
N23250	P2_R1203_U317	NAND	22483
N23251	P2_R1203_U318	NAND	22484
N23252	P2_R1203_U319	NOT	22485
N23253	P2_R1203_U320	NAND	22486
N23254	P2_R1203_U321	NAND	22487
N23255	P2_R1203_U322	NAND	22488
N23256	P2_R1203_U323	NAND	22489
N23257	P2_R1203_U324	NAND	22490
N23258	P2_R1203_U325	NAND	22491
N23259	P2_R1203_U326	NAND	22492
N23260	P2_R1203_U327	NAND	22493
N23261	P2_R1203_U328	NAND	22494
N23262	P2_R1203_U329	NAND	22495
N23263	P2_R1203_U330	NOT	22496
N23264	P2_R1203_U331	NAND	22497
N23265	P2_R1203_U332	NAND	22498
N23266	P2_R1203_U333	NAND	22499
N23267	P2_R1203_U334	NAND	22500
N23268	P2_R1203_U335	NAND	22501
N23269	P2_R1203_U336	NAND	22502
N23270	P2_R1203_U337	NAND	22503
N23271	P2_R1203_U338	NAND	22504
N23272	P2_R1203_U339	NAND	22505
N23273	P2_R1203_U340	NAND	22506
N23274	P2_R1203_U341	NOT	22507
N23275	P2_R1203_U342	NAND	22508
N23276	P2_R1203_U343	NAND	22509
N23277	P2_R1203_U344	NAND	22510
N23278	P2_R1203_U345	NAND	22511
N23279	P2_R1203_U346	NAND	22512
N23280	P2_R1203_U347	NAND	22513
N23281	P2_R1203_U348	NAND	22514
N23282	P2_R1203_U349	NAND	22515
N23283	P2_R1203_U350	NAND	22516
N23284	P2_R1203_U351	NAND	22517
N23285	P2_R1203_U352	NAND	22518
N23286	P2_R1203_U353	NAND	22519
N23287	P2_R1203_U354	NAND	22520
N23288	P2_R1203_U355	NAND	22521
N23289	P2_R1203_U356	NAND	22522
N23290	P2_R1203_U357	NAND	22523
N23291	P2_R1203_U358	NAND	22524
N23292	P2_R1203_U359	NAND	22525
N23293	P2_R1203_U360	NAND	22526
N23294	P2_R1203_U361	NAND	22527
N23295	P2_R1203_U362	NAND	22528
N23296	P2_R1203_U363	NAND	22529
N23297	P2_R1203_U364	NAND	22530
N23298	P2_R1203_U365	NAND	22531
N23299	P2_R1203_U366	NAND	22532
N23300	P2_R1203_U367	NAND	22533
N23301	P2_R1203_U368	NAND	22534
N23302	P2_R1203_U369	NAND	22535
N23303	P2_R1203_U370	NAND	22536
N23304	P2_R1203_U371	NAND	22537
N23305	P2_R1203_U372	NAND	22538
N23306	P2_R1203_U373	NAND	22539
N23307	P2_R1203_U374	NAND	22540
N23308	P2_R1203_U375	NAND	22541
N23309	P2_R1203_U376	NAND	22542
N23310	P2_R1203_U377	NAND	22543
N23311	P2_R1203_U378	NAND	22544
N23312	P2_R1203_U379	NAND	22545
N23313	P2_R1203_U380	NAND	22546
N23314	P2_R1203_U381	NAND	22547
N23315	P2_R1203_U382	NAND	22548
N23316	P2_R1203_U383	NAND	22549
N23317	P2_R1203_U384	NAND	22550
N23318	P2_R1203_U385	NAND	22551
N23319	P2_R1203_U386	NAND	22552
N23320	P2_R1203_U387	NAND	22553
N23321	P2_R1203_U388	NAND	22554
N23322	P2_R1203_U389	NAND	22555
N23323	P2_R1203_U390	NAND	22556
N23324	P2_R1203_U391	NAND	22557
N23325	P2_R1203_U392	NAND	22558
N23326	P2_R1203_U393	NOT	22559
N23327	P2_R1203_U394	NAND	22560
N23328	P2_R1203_U395	NAND	22561
N23329	P2_R1203_U396	NAND	22562
N23330	P2_R1203_U397	NAND	22563
N23331	P2_R1203_U398	NAND	22564
N23332	P2_R1203_U399	NAND	22565
N23333	P2_R1203_U400	NAND	22566
N23334	P2_R1203_U401	NAND	22567
N23335	P2_R1203_U402	NAND	22568
N23336	P2_R1203_U403	NAND	22569
N23337	P2_R1203_U404	NAND	22570
N23338	P2_R1203_U405	NAND	22571
N23339	P2_R1203_U406	NAND	22572
N23340	P2_R1203_U407	NOT	22573
N23341	P2_R1203_U408	NAND	22574
N23342	P2_R1203_U409	NAND	22575
N23343	P2_R1203_U410	NAND	22576
N23344	P2_R1203_U411	NAND	22577
N23345	P2_R1203_U412	NOT	22578
N23346	P2_R1203_U413	NAND	22579
N23347	P2_R1203_U414	NAND	22580
N23348	P2_R1203_U415	NAND	22581
N23349	P2_R1203_U416	NAND	22582
N23350	P2_R1203_U417	NAND	22583
N23351	P2_R1203_U418	NAND	22584
N23352	P2_R1203_U419	NAND	22585
N23353	P2_R1203_U420	NAND	22586
N23354	P2_R1203_U421	NAND	22587
N23355	P2_R1203_U422	NAND	22588
N23356	P2_R1203_U423	NAND	22589
N23357	P2_R1203_U424	NAND	22590
N23358	P2_R1203_U425	NAND	22591
N23359	P2_R1203_U426	NAND	22592
N23360	P2_R1203_U427	NAND	22593
N23361	P2_R1203_U428	NOT	22594
N23362	P2_R1203_U429	NAND	22595
N23363	P2_R1203_U430	NAND	22596
N23364	P2_R1203_U431	NAND	22597
N23365	P2_R1203_U432	NAND	22598
N23366	P2_R1203_U433	NOT	22599
N23367	P2_R1203_U434	NAND	22600
N23368	P2_R1203_U435	NAND	22601
N23369	P2_R1203_U436	NAND	22602
N23370	P2_R1203_U437	NAND	22603
N23371	P2_R1203_U438	NOT	22604
N23372	P2_R1203_U439	NAND	22605
N23373	P2_R1203_U440	NAND	22606
N23374	P2_R1203_U441	NAND	22607
N23375	P2_R1203_U442	NAND	22608
N23376	P2_R1203_U443	NOT	22609
N23377	P2_R1203_U444	NAND	22610
N23378	P2_R1203_U445	NAND	22611
N23379	P2_R1203_U446	NAND	22612
N23380	P2_R1203_U447	NAND	22613
N23381	P2_R1203_U448	NOT	22614
N23382	P2_R1203_U449	NAND	22615
N23383	P2_R1203_U450	NAND	22616
N23384	P2_R1203_U451	NAND	22617
N23385	P2_R1203_U452	NAND	22618
N23386	P2_R1203_U453	NAND	22619
N23387	P2_R1203_U454	NAND	22620
N23388	P2_R1203_U455	NAND	22621
N23389	P2_R1203_U456	NAND	22622
N23390	P2_R1203_U457	NAND	22623
N23391	P2_R1203_U458	NAND	22624
N23392	P2_R1203_U459	NAND	22625
N23393	P2_R1203_U460	NAND	22626
N23394	P2_R1203_U461	NAND	22627
N23395	P2_R1203_U462	NAND	22628
N23396	P2_R1203_U463	NAND	22629
N23397	P2_R1203_U464	NOT	22630
N23398	P2_R1203_U465	NAND	22631
N23399	P2_R1203_U466	NAND	22632
N23400	P2_R1203_U467	NAND	22633
N23401	P2_R1203_U468	NAND	22634
N23402	P2_R1203_U469	NOT	22635
N23403	P2_R1203_U470	NAND	22636
N23404	P2_R1203_U471	NAND	22637
N23405	P2_R1203_U472	NAND	22638
N23406	P2_R1203_U473	NAND	22639
N23407	P2_R1203_U474	NAND	22640
N23408	P2_R1203_U475	NAND	22641
N23409	P2_R1203_U476	NAND	22642
N23410	P2_R1203_U477	NAND	22643
N23411	P2_R1203_U478	NAND	22644
N23412	P2_R1113_U6	AND	22645
N23413	P2_R1113_U7	AND	22646
N23414	P2_R1113_U8	AND	22647
N23415	P2_R1113_U9	AND	22648
N23416	P2_R1113_U10	AND	22649
N23417	P2_R1113_U11	AND	22650
N23418	P2_R1113_U12	NAND	22651
N23419	P2_R1113_U13	NAND	22652
N23420	P2_R1113_U14	NAND	22653
N23421	P2_R1113_U15	NAND	22654
N23422	P2_R1113_U16	NAND	22655
N23423	P2_R1113_U17	NAND	22656
N23424	P2_R1113_U18	NAND	22657
N23425	P2_R1113_U19	NAND	22658
N23426	P2_R1113_U20	NAND	22659
N23427	P2_R1113_U21	NOT	22660
N23428	P2_R1113_U22	NOT	22661
N23429	P2_R1113_U23	NOT	22662
N23430	P2_R1113_U24	NOT	22663
N23431	P2_R1113_U25	NOT	22664
N23432	P2_R1113_U26	NOT	22665
N23433	P2_R1113_U27	NOT	22666
N23434	P2_R1113_U28	NAND	22667
N23435	P2_R1113_U29	NOT	22668
N23436	P2_R1113_U30	NOT	22669
N23437	P2_R1113_U31	NOT	22670
N23438	P2_R1113_U32	NOT	22671
N23439	P2_R1113_U33	NOT	22672
N23440	P2_R1113_U34	NOT	22673
N23441	P2_R1113_U35	NAND	22674
N23442	P2_R1113_U36	NOT	22675
N23443	P2_R1113_U37	NOT	22676
N23444	P2_R1113_U38	NAND	22677
N23445	P2_R1113_U39	NOT	22678
N23446	P2_R1113_U40	NOT	22679
N23447	P2_R1113_U41	NOT	22680
N23448	P2_R1113_U42	NAND	22681
N23449	P2_R1113_U43	NAND	22682
N23450	P2_R1113_U44	NAND	22683
N23451	P2_R1113_U45	NOT	22684
N23452	P2_R1113_U46	NOT	22685
N23453	P2_R1113_U47	NOT	22686
N23454	P2_R1113_U48	NOT	22687
N23455	P2_R1113_U49	NOT	22688
N23456	P2_R1113_U50	NAND	22689
N23457	P2_R1113_U51	NOT	22690
N23458	P2_R1113_U52	NOT	22691
N23459	P2_R1113_U53	NOT	22692
N23460	P2_R1113_U54	NOT	22693
N23461	P2_R1113_U55	NOT	22694
N23462	P2_R1113_U56	NOT	22695
N23463	P2_R1113_U57	NOT	22696
N23464	P2_R1113_U58	NOT	22697
N23465	P2_R1113_U59	NOT	22698
N23466	P2_R1113_U60	NOT	22699
N23467	P2_R1113_U61	NAND	22700
N23468	P2_R1113_U62	NOT	22701
N23469	P2_R1113_U63	NOT	22702
N23470	P2_R1113_U64	NAND	22703
N23471	P2_R1113_U65	NOT	22704
N23472	P2_R1113_U66	NOT	22705
N23473	P2_R1113_U67	NOT	22706
N23474	P2_R1113_U68	NOT	22707
N23475	P2_R1113_U69	NOT	22708
N23476	P2_R1113_U70	NOT	22709
N23477	P2_R1113_U71	NOT	22710
N23478	P2_R1113_U72	NOT	22711
N23479	P2_R1113_U73	NOT	22712
N23480	P2_R1113_U74	NOT	22713
N23481	P2_R1113_U75	NOT	22714
N23482	P2_R1113_U76	NAND	22715
N23483	P2_R1113_U77	NOT	22716
N23484	P2_R1113_U78	NOT	22717
N23485	P2_R1113_U79	NOT	22718
N23486	P2_R1113_U80	NOT	22719
N23487	P2_R1113_U81	NOT	22720
N23488	P2_R1113_U82	NOT	22721
N23489	P2_R1113_U83	NAND	22722
N23490	P2_R1113_U84	NOT	22723
N23491	P2_R1113_U85	NOT	22724
N23492	P2_R1113_U86	NOT	22725
N23493	P2_R1113_U87	NAND	22726
N23494	P2_R1113_U88	NAND	22727
N23495	P2_R1113_U89	NAND	22728
N23496	P2_R1113_U90	NAND	22729
N23497	P2_R1113_U91	NAND	22730
N23498	P2_R1113_U92	NOT	22731
N23499	P2_R1113_U93	NAND	22732
N23500	P2_R1113_U94	NAND	22733
N23501	P2_R1113_U95	NAND	22734
N23502	P2_R1113_U96	NAND	22735
N23503	P2_R1113_U97	NAND	22736
N23504	P2_R1113_U98	NAND	22737
N23505	P2_R1113_U99	NAND	22738
N23506	P2_R1113_U100	NAND	22739
N23507	P2_R1113_U101	NAND	22740
N23508	P2_R1113_U102	NAND	22741
N23509	P2_R1113_U103	NAND	22742
N23510	P2_R1113_U104	NAND	22743
N23511	P2_R1113_U105	NAND	22744
N23512	P2_R1113_U106	NAND	22745
N23513	P2_R1113_U107	NAND	22746
N23514	P2_R1113_U108	NAND	22747
N23515	P2_R1113_U109	NAND	22748
N23516	P2_R1113_U110	NAND	22749
N23517	P2_R1113_U111	NAND	22750
N23518	P2_R1113_U112	NAND	22751
N23519	P2_R1113_U113	NAND	22752
N23520	P2_R1113_U114	AND	22753
N23521	P2_R1113_U115	AND	22754
N23522	P2_R1113_U116	AND	22755
N23523	P2_R1113_U117	AND	22756
N23524	P2_R1113_U118	AND	22757
N23525	P2_R1113_U119	AND	22758
N23526	P2_R1113_U120	AND	22759
N23527	P2_R1113_U121	AND	22760
N23528	P2_R1113_U122	AND	22761
N23529	P2_R1113_U123	AND	22762
N23530	P2_R1113_U124	AND	22763
N23531	P2_R1113_U125	AND	22764
N23532	P2_R1113_U126	AND	22765
N23533	P2_R1113_U127	AND	22766
N23534	P2_R1113_U128	AND	22767
N23535	P2_R1113_U129	AND	22768
N23536	P2_R1113_U130	AND	22769
N23537	P2_R1113_U131	NAND	22770
N23538	P2_R1113_U132	AND	22771
N23539	P2_R1113_U133	AND	22772
N23540	P2_R1113_U134	NAND	22773
N23541	P2_R1113_U135	NAND	22774
N23542	P2_R1113_U136	AND	22775
N23543	P2_R1113_U137	AND	22776
N23544	P2_R1113_U138	NAND	22777
N23545	P2_R1113_U139	NAND	22778
N23546	P2_R1113_U140	NAND	22779
N23547	P2_R1113_U141	NAND	22780
N23548	P2_R1113_U142	NAND	22781
N23549	P2_R1113_U143	AND	22782
N23550	P2_R1113_U144	AND	22783
N23551	P2_R1113_U145	NAND	22784
N23552	P2_R1113_U146	NAND	22785
N23553	P2_R1113_U147	AND	22786
N23554	P2_R1113_U148	AND	22787
N23555	P2_R1113_U149	AND	22788
N23556	P2_R1113_U150	NAND	22789
N23557	P2_R1113_U151	AND	22790
N23558	P2_R1113_U152	AND	22791
N23559	P2_R1113_U153	AND	22792
N23560	P2_R1113_U154	NAND	22793
N23561	P2_R1113_U155	AND	22794
N23562	P2_R1113_U156	NOT	22795
N23563	P2_R1113_U157	NOT	22796
N23564	P2_R1113_U158	AND	22797
N23565	P2_R1113_U159	NAND	22798
N23566	P2_R1113_U160	NAND	22799
N23567	P2_R1113_U161	AND	22800
N23568	P2_R1113_U162	AND	22801
N23569	P2_R1113_U163	NAND	22802
N23570	P2_R1113_U164	NAND	22803
N23571	P2_R1113_U165	NOT	22804
N23572	P2_R1113_U166	NAND	22805
N23573	P2_R1113_U167	NAND	22806
N23574	P2_R1113_U168	NOT	22807
N23575	P2_R1113_U169	NAND	22808
N23576	P2_R1113_U170	AND	22809
N23577	P2_R1113_U171	AND	22810
N23578	P2_R1113_U172	NAND	22811
N23579	P2_R1113_U173	NAND	22812
N23580	P2_R1113_U174	NAND	22813
N23581	P2_R1113_U175	AND	22814
N23582	P2_R1113_U176	NAND	22815
N23583	P2_R1113_U177	NOT	22816
N23584	P2_R1113_U178	NOT	22817
N23585	P2_R1113_U179	NOT	22818
N23586	P2_R1113_U180	NAND	22819
N23587	P2_R1113_U181	NAND	22820
N23588	P2_R1113_U182	NAND	22821
N23589	P2_R1113_U183	NAND	22822
N23590	P2_R1113_U184	NAND	22823
N23591	P2_R1113_U185	NAND	22824
N23592	P2_R1113_U186	NAND	22825
N23593	P2_R1113_U187	NOT	22826
N23594	P2_R1113_U188	NOT	22827
N23595	P2_R1113_U189	NOT	22828
N23596	P2_R1113_U190	NOT	22829
N23597	P2_R1113_U191	NOT	22830
N23598	P2_R1113_U192	NAND	22831
N23599	P2_R1113_U193	NOT	22832
N23600	P2_R1113_U194	NAND	22833
N23601	P2_R1113_U195	NAND	22834
N23602	P2_R1113_U196	NAND	22835
N23603	P2_R1113_U197	NAND	22836
N23604	P2_R1113_U198	NAND	22837
N23605	P2_R1113_U199	NOT	22838
N23606	P2_R1113_U200	NAND	22839
N23607	P2_R1113_U201	NAND	22840
N23608	P2_R1113_U202	NAND	22841
N23609	P2_R1113_U203	NAND	22842
N23610	P2_R1113_U204	NAND	22843
N23611	P2_R1113_U205	NAND	22844
N23612	P2_R1113_U206	NAND	22845
N23613	P2_R1113_U207	NAND	22846
N23614	P2_R1113_U208	NAND	22847
N23615	P2_R1113_U209	NOT	22848
N23616	P2_R1113_U210	NAND	22849
N23617	P2_R1113_U211	NAND	22850
N23618	P2_R1113_U212	NAND	22851
N23619	P2_R1113_U213	NAND	22852
N23620	P2_R1113_U214	NAND	22853
N23621	P2_R1113_U215	NOT	22854
N23622	P2_R1113_U216	NAND	22855
N23623	P2_R1113_U217	NAND	22856
N23624	P2_R1113_U218	NAND	22857
N23625	P2_R1113_U219	NAND	22858
N23626	P2_R1113_U220	NAND	22859
N23627	P2_R1113_U221	NAND	22860
N23628	P2_R1113_U222	NAND	22861
N23629	P2_R1113_U223	NAND	22862
N23630	P2_R1113_U224	NOT	22863
N23631	P2_R1113_U225	NAND	22864
N23632	P2_R1113_U226	NAND	22865
N23633	P2_R1113_U227	NAND	22866
N23634	P2_R1113_U228	NAND	22867
N23635	P2_R1113_U229	NAND	22868
N23636	P2_R1113_U230	NAND	22869
N23637	P2_R1113_U231	NAND	22870
N23638	P2_R1113_U232	NAND	22871
N23639	P2_R1113_U233	NAND	22872
N23640	P2_R1113_U234	NAND	22873
N23641	P2_R1113_U235	NAND	22874
N23642	P2_R1113_U236	NAND	22875
N23643	P2_R1113_U237	NAND	22876
N23644	P2_R1113_U238	NAND	22877
N23645	P2_R1113_U239	NAND	22878
N23646	P2_R1113_U240	NAND	22879
N23647	P2_R1113_U241	NAND	22880
N23648	P2_R1113_U242	NAND	22881
N23649	P2_R1113_U243	NAND	22882
N23650	P2_R1113_U244	NAND	22883
N23651	P2_R1113_U245	NAND	22884
N23652	P2_R1113_U246	NAND	22885
N23653	P2_R1113_U247	NOT	22886
N23654	P2_R1113_U248	NAND	22887
N23655	P2_R1113_U249	NAND	22888
N23656	P2_R1113_U250	NAND	22889
N23657	P2_R1113_U251	NOT	22890
N23658	P2_R1113_U252	NAND	22891
N23659	P2_R1113_U253	NAND	22892
N23660	P2_R1113_U254	NAND	22893
N23661	P2_R1113_U255	NOT	22894
N23662	P2_R1113_U256	NAND	22895
N23663	P2_R1113_U257	NAND	22896
N23664	P2_R1113_U258	NAND	22897
N23665	P2_R1113_U259	NAND	22898
N23666	P2_R1113_U260	NAND	22899
N23667	P2_R1113_U261	NAND	22900
N23668	P2_R1113_U262	NAND	22901
N23669	P2_R1113_U263	NAND	22902
N23670	P2_R1113_U264	NAND	22903
N23671	P2_R1113_U265	NOT	22904
N23672	P2_R1113_U266	NAND	22905
N23673	P2_R1113_U267	NAND	22906
N23674	P2_R1113_U268	NAND	22907
N23675	P2_R1113_U269	NOT	22908
N23676	P2_R1113_U270	NAND	22909
N23677	P2_R1113_U271	NAND	22910
N23678	P2_R1113_U272	NAND	22911
N23679	P2_R1113_U273	NOT	22912
N23680	P2_R1113_U274	NAND	22913
N23681	P2_R1113_U275	NAND	22914
N23682	P2_R1113_U276	NAND	22915
N23683	P2_R1113_U277	NOT	22916
N23684	P2_R1113_U278	NAND	22917
N23685	P2_R1113_U279	NAND	22918
N23686	P2_R1113_U280	NAND	22919
N23687	P2_R1113_U281	NOT	22920
N23688	P2_R1113_U282	NAND	22921
N23689	P2_R1113_U283	NAND	22922
N23690	P2_R1113_U284	NAND	22923
N23691	P2_R1113_U285	NAND	22924
N23692	P2_R1113_U286	NAND	22925
N23693	P2_R1113_U287	NAND	22926
N23694	P2_R1113_U288	NAND	22927
N23695	P2_R1113_U289	NAND	22928
N23696	P2_R1113_U290	NAND	22929
N23697	P2_R1113_U291	NOT	22930
N23698	P2_R1113_U292	NAND	22931
N23699	P2_R1113_U293	NAND	22932
N23700	P2_R1113_U294	NAND	22933
N23701	P2_R1113_U295	NOT	22934
N23702	P2_R1113_U296	NAND	22935
N23703	P2_R1113_U297	NAND	22936
N23704	P2_R1113_U298	NAND	22937
N23705	P2_R1113_U299	NOT	22938
N23706	P2_R1113_U300	NAND	22939
N23707	P2_R1113_U301	NAND	22940
N23708	P2_R1113_U302	NAND	22941
N23709	P2_R1113_U303	NAND	22942
N23710	P2_R1113_U304	NAND	22943
N23711	P2_R1113_U305	NOT	22944
N23712	P2_R1113_U306	NAND	22945
N23713	P2_R1113_U307	NAND	22946
N23714	P2_R1113_U308	NAND	22947
N23715	P2_R1113_U309	NAND	22948
N23716	P2_R1113_U310	NAND	22949
N23717	P2_R1113_U311	NAND	22950
N23718	P2_R1113_U312	NAND	22951
N23719	P2_R1113_U313	NAND	22952
N23720	P2_R1113_U314	NAND	22953
N23721	P2_R1113_U315	NAND	22954
N23722	P2_R1113_U316	NAND	22955
N23723	P2_R1113_U317	NAND	22956
N23724	P2_R1113_U318	NAND	22957
N23725	P2_R1113_U319	NOT	22958
N23726	P2_R1113_U320	NAND	22959
N23727	P2_R1113_U321	NAND	22960
N23728	P2_R1113_U322	NAND	22961
N23729	P2_R1113_U323	NAND	22962
N23730	P2_R1113_U324	NAND	22963
N23731	P2_R1113_U325	NAND	22964
N23732	P2_R1113_U326	NAND	22965
N23733	P2_R1113_U327	NAND	22966
N23734	P2_R1113_U328	NAND	22967
N23735	P2_R1113_U329	NAND	22968
N23736	P2_R1113_U330	NOT	22969
N23737	P2_R1113_U331	NAND	22970
N23738	P2_R1113_U332	NAND	22971
N23739	P2_R1113_U333	NAND	22972
N23740	P2_R1113_U334	NAND	22973
N23741	P2_R1113_U335	NAND	22974
N23742	P2_R1113_U336	NAND	22975
N23743	P2_R1113_U337	NAND	22976
N23744	P2_R1113_U338	NAND	22977
N23745	P2_R1113_U339	NAND	22978
N23746	P2_R1113_U340	NAND	22979
N23747	P2_R1113_U341	NOT	22980
N23748	P2_R1113_U342	NAND	22981
N23749	P2_R1113_U343	NAND	22982
N23750	P2_R1113_U344	NAND	22983
N23751	P2_R1113_U345	NAND	22984
N23752	P2_R1113_U346	NAND	22985
N23753	P2_R1113_U347	NAND	22986
N23754	P2_R1113_U348	NAND	22987
N23755	P2_R1113_U349	NAND	22988
N23756	P2_R1113_U350	NAND	22989
N23757	P2_R1113_U351	NAND	22990
N23758	P2_R1113_U352	NAND	22991
N23759	P2_R1113_U353	NAND	22992
N23760	P2_R1113_U354	NAND	22993
N23761	P2_R1113_U355	NAND	22994
N23762	P2_R1113_U356	NAND	22995
N23763	P2_R1113_U357	NAND	22996
N23764	P2_R1113_U358	NAND	22997
N23765	P2_R1113_U359	NAND	22998
N23766	P2_R1113_U360	NAND	22999
N23767	P2_R1113_U361	NAND	23000
N23768	P2_R1113_U362	NAND	23001
N23769	P2_R1113_U363	NAND	23002
N23770	P2_R1113_U364	NAND	23003
N23771	P2_R1113_U365	NAND	23004
N23772	P2_R1113_U366	NAND	23005
N23773	P2_R1113_U367	NAND	23006
N23774	P2_R1113_U368	NAND	23007
N23775	P2_R1113_U369	NAND	23008
N23776	P2_R1113_U370	NAND	23009
N23777	P2_R1113_U371	NAND	23010
N23778	P2_R1113_U372	NAND	23011
N23779	P2_R1113_U373	NAND	23012
N23780	P2_R1113_U374	NAND	23013
N23781	P2_R1113_U375	NAND	23014
N23782	P2_R1113_U376	NAND	23015
N23783	P2_R1113_U377	NAND	23016
N23784	P2_R1113_U378	NAND	23017
N23785	P2_R1113_U379	NAND	23018
N23786	P2_R1113_U380	NAND	23019
N23787	P2_R1113_U381	NAND	23020
N23788	P2_R1113_U382	NAND	23021
N23789	P2_R1113_U383	NAND	23022
N23790	P2_R1113_U384	NAND	23023
N23791	P2_R1113_U385	NAND	23024
N23792	P2_R1113_U386	NAND	23025
N23793	P2_R1113_U387	NAND	23026
N23794	P2_R1113_U388	NAND	23027
N23795	P2_R1113_U389	NAND	23028
N23796	P2_R1113_U390	NAND	23029
N23797	P2_R1113_U391	NAND	23030
N23798	P2_R1113_U392	NAND	23031
N23799	P2_R1113_U393	NOT	23032
N23800	P2_R1113_U394	NAND	23033
N23801	P2_R1113_U395	NAND	23034
N23802	P2_R1113_U396	NAND	23035
N23803	P2_R1113_U397	NAND	23036
N23804	P2_R1113_U398	NAND	23037
N23805	P2_R1113_U399	NAND	23038
N23806	P2_R1113_U400	NAND	23039
N23807	P2_R1113_U401	NAND	23040
N23808	P2_R1113_U402	NAND	23041
N23809	P2_R1113_U403	NAND	23042
N23810	P2_R1113_U404	NAND	23043
N23811	P2_R1113_U405	NAND	23044
N23812	P2_R1113_U406	NAND	23045
N23813	P2_R1113_U407	NOT	23046
N23814	P2_R1113_U408	NAND	23047
N23815	P2_R1113_U409	NAND	23048
N23816	P2_R1113_U410	NAND	23049
N23817	P2_R1113_U411	NAND	23050
N23818	P2_R1113_U412	NOT	23051
N23819	P2_R1113_U413	NAND	23052
N23820	P2_R1113_U414	NAND	23053
N23821	P2_R1113_U415	NAND	23054
N23822	P2_R1113_U416	NAND	23055
N23823	P2_R1113_U417	NAND	23056
N23824	P2_R1113_U418	NAND	23057
N23825	P2_R1113_U419	NAND	23058
N23826	P2_R1113_U420	NAND	23059
N23827	P2_R1113_U421	NAND	23060
N23828	P2_R1113_U422	NAND	23061
N23829	P2_R1113_U423	NAND	23062
N23830	P2_R1113_U424	NAND	23063
N23831	P2_R1113_U425	NAND	23064
N23832	P2_R1113_U426	NAND	23065
N23833	P2_R1113_U427	NAND	23066
N23834	P2_R1113_U428	NOT	23067
N23835	P2_R1113_U429	NAND	23068
N23836	P2_R1113_U430	NAND	23069
N23837	P2_R1113_U431	NAND	23070
N23838	P2_R1113_U432	NAND	23071
N23839	P2_R1113_U433	NOT	23072
N23840	P2_R1113_U434	NAND	23073
N23841	P2_R1113_U435	NAND	23074
N23842	P2_R1113_U436	NAND	23075
N23843	P2_R1113_U437	NAND	23076
N23844	P2_R1113_U438	NOT	23077
N23845	P2_R1113_U439	NAND	23078
N23846	P2_R1113_U440	NAND	23079
N23847	P2_R1113_U441	NAND	23080
N23848	P2_R1113_U442	NAND	23081
N23849	P2_R1113_U443	NOT	23082
N23850	P2_R1113_U444	NAND	23083
N23851	P2_R1113_U445	NAND	23084
N23852	P2_R1113_U446	NAND	23085
N23853	P2_R1113_U447	NAND	23086
N23854	P2_R1113_U448	NOT	23087
N23855	P2_R1113_U449	NAND	23088
N23856	P2_R1113_U450	NAND	23089
N23857	P2_R1113_U451	NAND	23090
N23858	P2_R1113_U452	NAND	23091
N23859	P2_R1113_U453	NAND	23092
N23860	P2_R1113_U454	NAND	23093
N23861	P2_R1113_U455	NAND	23094
N23862	P2_R1113_U456	NAND	23095
N23863	P2_R1113_U457	NAND	23096
N23864	P2_R1113_U458	NAND	23097
N23865	P2_R1113_U459	NAND	23098
N23866	P2_R1113_U460	NAND	23099
N23867	P2_R1113_U461	NAND	23100
N23868	P2_R1113_U462	NAND	23101
N23869	P2_R1113_U463	NAND	23102
N23870	P2_R1113_U464	NOT	23103
N23871	P2_R1113_U465	NAND	23104
N23872	P2_R1113_U466	NAND	23105
N23873	P2_R1113_U467	NAND	23106
N23874	P2_R1113_U468	NAND	23107
N23875	P2_R1113_U469	NOT	23108
N23876	P2_R1113_U470	NAND	23109
N23877	P2_R1113_U471	NAND	23110
N23878	P2_R1113_U472	NAND	23111
N23879	P2_R1113_U473	NAND	23112
N23880	P2_R1113_U474	NAND	23113
N23881	P2_R1113_U475	NAND	23114
N23882	P2_R1113_U476	NAND	23115
N23883	P2_R1113_U477	NAND	23116
N23884	P2_R1113_U478	NAND	23117
N23885	P3_SUB_598_U6	NOR	23118
N23886	P3_SUB_598_U7	AND	23119
N23887	P3_SUB_598_U8	AND	23120
N23888	P3_SUB_598_U9	AND	23121
N23889	P3_SUB_598_U10	AND	23122
N23890	P3_SUB_598_U11	AND	23123
N23891	P3_SUB_598_U12	AND	23124
N23892	P3_SUB_598_U13	AND	23125
N23893	P3_SUB_598_U14	AND	23126
N23894	P3_SUB_598_U15	AND	23127
N23895	P3_SUB_598_U16	AND	23128
N23896	P3_SUB_598_U17	AND	23129
N23897	P3_SUB_598_U18	AND	23130
N23898	P3_SUB_598_U19	AND	23131
N23899	P3_SUB_598_U20	AND	23132
N23900	P3_SUB_598_U21	AND	23133
N23901	P3_SUB_598_U22	AND	23134
N23902	P3_SUB_598_U23	AND	23135
N23903	P3_SUB_598_U24	AND	23136
N23904	P3_SUB_598_U25	AND	23137
N23905	P3_SUB_598_U26	AND	23138
N23906	P3_SUB_598_U27	AND	23139
N23907	P3_SUB_598_U28	OR	23140
N23908	P3_SUB_598_U29	NAND	23141
N23909	P3_SUB_598_U30	NAND	23142
N23910	P3_SUB_598_U31	NAND	23143
N23911	P3_SUB_598_U32	NOT	23144
N23912	P3_SUB_598_U33	NOT	23145
N23913	P3_SUB_598_U34	NAND	23146
N23914	P3_SUB_598_U35	NAND	23147
N23915	P3_SUB_598_U36	NAND	23148
N23916	P3_SUB_598_U37	NAND	23149
N23917	P3_SUB_598_U38	NOT	23150
N23918	P3_SUB_598_U39	NOT	23151
N23919	P3_SUB_598_U40	NAND	23152
N23920	P3_SUB_598_U41	NAND	23153
N23921	P3_SUB_598_U42	NOT	23154
N23922	P3_SUB_598_U43	NOT	23155
N23923	P3_SUB_598_U44	NAND	23156
N23924	P3_SUB_598_U45	NOT	23157
N23925	P3_SUB_598_U46	NAND	23158
N23926	P3_SUB_598_U47	NAND	23159
N23927	P3_SUB_598_U48	NOT	23160
N23928	P3_SUB_598_U49	NAND	23161
N23929	P3_SUB_598_U50	NOT	23162
N23930	P3_SUB_598_U51	NAND	23163
N23931	P3_SUB_598_U52	NAND	23164
N23932	P3_SUB_598_U53	NOR	23165
N23933	P3_SUB_598_U54	NOR	23166
N23934	P3_SUB_598_U55	NOR	23167
N23935	P3_SUB_598_U56	NOR	23168
N23936	P3_SUB_598_U57	NOR	23169
N23937	P3_SUB_598_U58	NOR	23170
N23938	P3_SUB_598_U59	NOR	23171
N23939	P3_SUB_598_U60	NOR	23172
N23940	P3_SUB_598_U61	NOR	23173
N23941	P3_SUB_598_U62	AND	23174
N23942	P3_SUB_598_U63	NOR	23175
N23943	P3_SUB_598_U64	NOR	23176
N23944	P3_SUB_598_U65	AND	23177
N23945	P3_SUB_598_U66	NOR	23178
N23946	P3_SUB_598_U67	NOR	23179
N23947	P3_SUB_598_U68	NOR	23180
N23948	P3_SUB_598_U69	NOR	23181
N23949	P3_SUB_598_U70	NOR	23182
N23950	P3_SUB_598_U71	NOT	23183
N23951	P3_SUB_598_U72	AND	23184
N23952	P3_SUB_598_U73	NOT	23185
N23953	P3_SUB_598_U74	AND	23186
N23954	P3_SUB_598_U75	NOT	23187
N23955	P3_SUB_598_U76	NOT	23188
N23956	P3_SUB_598_U77	AND	23189
N23957	P3_SUB_598_U78	NAND	23190
N23958	P3_SUB_598_U79	AND	23191
N23959	P3_SUB_598_U80	NOT	23192
N23960	P3_SUB_598_U81	AND	23193
N23961	P3_SUB_598_U82	NOT	23194
N23962	P3_SUB_598_U83	AND	23195
N23963	P3_SUB_598_U84	NOT	23196
N23964	P3_SUB_598_U85	NOT	23197
N23965	P3_SUB_598_U86	NOT	23198
N23966	P3_SUB_598_U87	AND	23199
N23967	P3_SUB_598_U88	NOT	23200
N23968	P3_SUB_598_U89	AND	23201
N23969	P3_SUB_598_U90	NAND	23202
N23970	P3_SUB_598_U91	NOT	23203
N23971	P3_SUB_598_U92	NOT	23204
N23972	P3_SUB_598_U93	NAND	23205
N23973	P3_SUB_598_U94	NOT	23206
N23974	P3_SUB_598_U95	NAND	23207
N23975	P3_SUB_598_U96	NAND	23208
N23976	P3_SUB_598_U97	NAND	23209
N23977	P3_SUB_598_U98	NAND	23210
N23978	P3_SUB_598_U99	NAND	23211
N23979	P3_SUB_598_U100	NAND	23212
N23980	P3_SUB_598_U101	NOT	23213
N23981	P3_SUB_598_U102	NAND	23214
N23982	P3_SUB_598_U103	NOT	23215
N23983	P3_SUB_598_U104	NOT	23216
N23984	P3_SUB_598_U105	NAND	23217
N23985	P3_SUB_598_U106	NOT	23218
N23986	P3_SUB_598_U107	NOT	23219
N23987	P3_SUB_598_U108	NAND	23220
N23988	P3_SUB_598_U109	NOT	23221
N23989	P3_SUB_598_U110	NOT	23222
N23990	P3_SUB_598_U111	NAND	23223
N23991	P3_SUB_598_U112	NOT	23224
N23992	P3_SUB_598_U113	NOT	23225
N23993	P3_SUB_598_U114	NOT	23226
N23994	P3_SUB_598_U115	NOT	23227
N23995	P3_SUB_598_U116	OR	23228
N23996	P3_SUB_598_U117	NAND	23229
N23997	P3_SUB_598_U118	NAND	23230
N23998	P3_SUB_598_U119	NAND	23231
N23999	P3_SUB_598_U120	NAND	23232
N24000	P3_SUB_598_U121	NAND	23233
N24001	P3_SUB_598_U122	NAND	23234
N24002	P3_SUB_598_U123	NAND	23235
N24003	P3_SUB_598_U124	NAND	23236
N24004	P3_SUB_598_U125	NAND	23237
N24005	P3_SUB_598_U126	NAND	23238
N24006	P3_SUB_598_U127	NAND	23239
N24007	P3_SUB_598_U128	NAND	23240
N24008	P3_SUB_598_U129	NAND	23241
N24009	P3_SUB_598_U130	NAND	23242
N24010	P3_SUB_598_U131	NAND	23243
N24011	P3_SUB_598_U132	NAND	23244
N24012	P3_SUB_598_U133	NAND	23245
N24013	P3_SUB_598_U134	NAND	23246
N24014	P3_SUB_598_U135	NAND	23247
N24015	P3_SUB_598_U136	NAND	23248
N24016	P3_SUB_598_U137	NAND	23249
N24017	P3_SUB_598_U138	NAND	23250
N24018	P3_SUB_598_U139	NAND	23251
N24019	P3_SUB_598_U140	NOT	23252
N24020	P3_SUB_598_U141	NAND	23253
N24021	P3_SUB_598_U142	NAND	23254
N24022	P3_SUB_598_U143	NAND	23255
N24023	P3_SUB_598_U144	NAND	23256
N24024	P3_SUB_598_U145	NAND	23257
N24025	P3_SUB_598_U146	NAND	23258
N24026	P3_SUB_598_U147	NAND	23259
N24027	P3_SUB_598_U148	NAND	23260
N24028	P3_SUB_598_U149	NAND	23261
N24029	P3_SUB_598_U150	NAND	23262
N24030	P3_SUB_598_U151	NAND	23263
N24031	P3_SUB_598_U152	NAND	23264
N24032	P3_SUB_598_U153	NAND	23265
N24033	P3_SUB_598_U154	NAND	23266
N24034	P3_SUB_598_U155	NAND	23267
N24035	P3_SUB_598_U156	NAND	23268
N24036	P3_SUB_598_U157	NAND	23269
N24037	P3_SUB_598_U158	NAND	23270
N24038	P3_SUB_598_U159	NAND	23271
N24039	P3_SUB_598_U160	NAND	23272
N24040	P3_R693_U6	AND	23273
N24041	P3_R693_U7	AND	23274
N24042	P3_R693_U8	AND	23275
N24043	P3_R693_U9	AND	23276
N24044	P3_R693_U10	AND	23277
N24045	P3_R693_U11	AND	23278
N24046	P3_R693_U12	AND	23279
N24047	P3_R693_U13	AND	23280
N24048	P3_R693_U14	AND	23281
N24049	P3_R693_U15	NOT	23282
N24050	P3_R693_U16	NOT	23283
N24051	P3_R693_U17	NOT	23284
N24052	P3_R693_U18	NOT	23285
N24053	P3_R693_U19	NOT	23286
N24054	P3_R693_U20	NOT	23287
N24055	P3_R693_U21	NOT	23288
N24056	P3_R693_U22	NOT	23289
N24057	P3_R693_U23	NOT	23290
N24058	P3_R693_U24	NOT	23291
N24059	P3_R693_U25	NOT	23292
N24060	P3_R693_U26	NOT	23293
N24061	P3_R693_U27	NOT	23294
N24062	P3_R693_U28	NOT	23295
N24063	P3_R693_U29	NOT	23296
N24064	P3_R693_U30	NOT	23297
N24065	P3_R693_U31	NOT	23298
N24066	P3_R693_U32	NOT	23299
N24067	P3_R693_U33	NOT	23300
N24068	P3_R693_U34	NOT	23301
N24069	P3_R693_U35	NOT	23302
N24070	P3_R693_U36	NOT	23303
N24071	P3_R693_U37	NOT	23304
N24072	P3_R693_U38	NOT	23305
N24073	P3_R693_U39	NOT	23306
N24074	P3_R693_U40	NOT	23307
N24075	P3_R693_U41	NOT	23308
N24076	P3_R693_U42	NOT	23309
N24077	P3_R693_U43	NOT	23310
N24078	P3_R693_U44	NOT	23311
N24079	P3_R693_U45	NOT	23312
N24080	P3_R693_U46	NOT	23313
N24081	P3_R693_U47	NOT	23314
N24082	P3_R693_U48	NOT	23315
N24083	P3_R693_U49	NOT	23316
N24084	P3_R693_U50	NOT	23317
N24085	P3_R693_U51	NOT	23318
N24086	P3_R693_U52	NOT	23319
N24087	P3_R693_U53	NOT	23320
N24088	P3_R693_U54	NOT	23321
N24089	P3_R693_U55	NOT	23322
N24090	P3_R693_U56	NOT	23323
N24091	P3_R693_U57	NOT	23324
N24092	P3_R693_U58	NOT	23325
N24093	P3_R693_U59	NOT	23326
N24094	P3_R693_U60	NOT	23327
N24095	P3_R693_U61	NOT	23328
N24096	P3_R693_U62	NOT	23329
N24097	P3_R693_U63	NOT	23330
N24098	P3_R693_U64	NOT	23331
N24099	P3_R693_U65	NOT	23332
N24100	P3_R693_U66	NOT	23333
N24101	P3_R693_U67	NOT	23334
N24102	P3_R693_U68	NOT	23335
N24103	P3_R693_U69	NOT	23336
N24104	P3_R693_U70	NOT	23337
N24105	P3_R693_U71	NOT	23338
N24106	P3_R693_U72	NOT	23339
N24107	P3_R693_U73	NOT	23340
N24108	P3_R693_U74	NOT	23341
N24109	P3_R693_U75	AND	23342
N24110	P3_R693_U76	AND	23343
N24111	P3_R693_U77	AND	23344
N24112	P3_R693_U78	AND	23345
N24113	P3_R693_U79	AND	23346
N24114	P3_R693_U80	AND	23347
N24115	P3_R693_U81	AND	23348
N24116	P3_R693_U82	AND	23349
N24117	P3_R693_U83	AND	23350
N24118	P3_R693_U84	AND	23351
N24119	P3_R693_U85	AND	23352
N24120	P3_R693_U86	AND	23353
N24121	P3_R693_U87	AND	23354
N24122	P3_R693_U88	AND	23355
N24123	P3_R693_U89	AND	23356
N24124	P3_R693_U90	AND	23357
N24125	P3_R693_U91	AND	23358
N24126	P3_R693_U92	AND	23359
N24127	P3_R693_U93	AND	23360
N24128	P3_R693_U94	AND	23361
N24129	P3_R693_U95	AND	23362
N24130	P3_R693_U96	AND	23363
N24131	P3_R693_U97	AND	23364
N24132	P3_R693_U98	AND	23365
N24133	P3_R693_U99	AND	23366
N24134	P3_R693_U100	AND	23367
N24135	P3_R693_U101	AND	23368
N24136	P3_R693_U102	AND	23369
N24137	P3_R693_U103	AND	23370
N24138	P3_R693_U104	AND	23371
N24139	P3_R693_U105	AND	23372
N24140	P3_R693_U106	AND	23373
N24141	P3_R693_U107	AND	23374
N24142	P3_R693_U108	AND	23375
N24143	P3_R693_U109	AND	23376
N24144	P3_R693_U110	NOT	23377
N24145	P3_R693_U111	NOT	23378
N24146	P3_R693_U112	NAND	23379
N24147	P3_R693_U113	NAND	23380
N24148	P3_R693_U114	NAND	23381
N24149	P3_R693_U115	NAND	23382
N24150	P3_R693_U116	NAND	23383
N24151	P3_R693_U117	NAND	23384
N24152	P3_R693_U118	NAND	23385
N24153	P3_R693_U119	NAND	23386
N24154	P3_R693_U120	NAND	23387
N24155	P3_R693_U121	NAND	23388
N24156	P3_R693_U122	NAND	23389
N24157	P3_R693_U123	NAND	23390
N24158	P3_R693_U124	NAND	23391
N24159	P3_R693_U125	NAND	23392
N24160	P3_R693_U126	NAND	23393
N24161	P3_R693_U127	NAND	23394
N24162	P3_R693_U128	NAND	23395
N24163	P3_R693_U129	NAND	23396
N24164	P3_R693_U130	NAND	23397
N24165	P3_R693_U131	NAND	23398
N24166	P3_R693_U132	NAND	23399
N24167	P3_R693_U133	NAND	23400
N24168	P3_R693_U134	NAND	23401
N24169	P3_R693_U135	NAND	23402
N24170	P3_R693_U136	NAND	23403
N24171	P3_R693_U137	NAND	23404
N24172	P3_R693_U138	NAND	23405
N24173	P3_R693_U139	NAND	23406
N24174	P3_R693_U140	NAND	23407
N24175	P3_R693_U141	NAND	23408
N24176	P3_R693_U142	NAND	23409
N24177	P3_R693_U143	NAND	23410
N24178	P3_R693_U144	NAND	23411
N24179	P3_R693_U145	NAND	23412
N24180	P3_R693_U146	NAND	23413
N24181	P3_R693_U147	NAND	23414
N24182	P3_R693_U148	NAND	23415
N24183	P3_R693_U149	NAND	23416
N24184	P3_R693_U150	NAND	23417
N24185	P3_R693_U151	NAND	23418
N24186	P3_R693_U152	NAND	23419
N24187	P3_R693_U153	NAND	23420
N24188	P3_R693_U154	NAND	23421
N24189	P3_R693_U155	NAND	23422
N24190	P3_R693_U156	NAND	23423
N24191	P3_R693_U157	NAND	23424
N24192	P3_R693_U158	NAND	23425
N24193	P3_R693_U159	NAND	23426
N24194	P3_R693_U160	NAND	23427
N24195	P3_R693_U161	NAND	23428
N24196	P3_R693_U162	NAND	23429
N24197	P3_R693_U163	NAND	23430
N24198	P3_R693_U164	NAND	23431
N24199	P3_R693_U165	NAND	23432
N24200	P3_R693_U166	NAND	23433
N24201	P3_R693_U167	NAND	23434
N24202	P3_R693_U168	NAND	23435
N24203	P3_R693_U169	NAND	23436
N24204	P3_R693_U170	NAND	23437
N24205	P3_R693_U171	NAND	23438
N24206	P3_R693_U172	NAND	23439
N24207	P3_R693_U173	NAND	23440
N24208	P3_R693_U174	NAND	23441
N24209	P3_R693_U175	NAND	23442
N24210	P3_R693_U176	NAND	23443
N24211	P3_R693_U177	NAND	23444
N24212	P3_R693_U178	NAND	23445
N24213	P3_R693_U179	NAND	23446
N24214	P3_R693_U180	NAND	23447
N24215	P3_R693_U181	NAND	23448
N24216	P3_R693_U182	NAND	23449
N24217	P3_R693_U183	NAND	23450
N24218	P3_R693_U184	NAND	23451
N24219	P3_R693_U185	NAND	23452
N24220	P3_R693_U186	NAND	23453
N24221	P3_R693_U187	NAND	23454
N24222	P3_R693_U188	NAND	23455
N24223	P3_R693_U189	NAND	23456
N24224	P3_R693_U190	NAND	23457
N24225	P3_R693_U191	NAND	23458
N24226	P3_R693_U192	NAND	23459
N24227	P3_R693_U193	NAND	23460
N24228	P3_R693_U194	NAND	23461
N24229	P3_R693_U195	NAND	23462
N24230	P3_R693_U196	NAND	23463
N24231	P3_SUB_609_U6	NAND	23464
N24232	P3_SUB_609_U7	NAND	23465
N24233	P3_SUB_609_U8	NAND	23466
N24234	P3_SUB_609_U9	NAND	23467
N24235	P3_SUB_609_U10	NAND	23468
N24236	P3_SUB_609_U11	NAND	23469
N24237	P3_SUB_609_U12	NAND	23470
N24238	P3_SUB_609_U13	NAND	23471
N24239	P3_SUB_609_U14	NAND	23472
N24240	P3_SUB_609_U15	NAND	23473
N24241	P3_SUB_609_U16	NAND	23474
N24242	P3_SUB_609_U17	NAND	23475
N24243	P3_SUB_609_U18	NAND	23476
N24244	P3_SUB_609_U19	NAND	23477
N24245	P3_SUB_609_U20	NAND	23478
N24246	P3_SUB_609_U21	NAND	23479
N24247	P3_SUB_609_U22	NAND	23480
N24248	P3_SUB_609_U23	NAND	23481
N24249	P3_SUB_609_U24	NAND	23482
N24250	P3_SUB_609_U25	NOT	23483
N24251	P3_SUB_609_U26	NAND	23484
N24252	P3_SUB_609_U27	NAND	23485
N24253	P3_SUB_609_U28	NAND	23486
N24254	P3_SUB_609_U29	NAND	23487
N24255	P3_SUB_609_U30	NAND	23488
N24256	P3_SUB_609_U31	OR	23489
N24257	P3_SUB_609_U32	NOT	23490
N24258	P3_SUB_609_U33	NAND	23491
N24259	P3_SUB_609_U34	NAND	23492
N24260	P3_SUB_609_U35	NAND	23493
N24261	P3_SUB_609_U36	NAND	23494
N24262	P3_SUB_609_U37	NAND	23495
N24263	P3_SUB_609_U38	NAND	23496
N24264	P3_SUB_609_U39	NAND	23497
N24265	P3_SUB_609_U40	NAND	23498
N24266	P3_SUB_609_U41	NAND	23499
N24267	P3_SUB_609_U42	NAND	23500
N24268	P3_SUB_609_U43	NOT	23501
N24269	P3_SUB_609_U44	NOT	23502
N24270	P3_SUB_609_U45	NOT	23503
N24271	P3_SUB_609_U46	NOT	23504
N24272	P3_SUB_609_U47	NOT	23505
N24273	P3_SUB_609_U48	NOT	23506
N24274	P3_SUB_609_U49	NOT	23507
N24275	P3_SUB_609_U50	NOT	23508
N24276	P3_SUB_609_U51	NOT	23509
N24277	P3_SUB_609_U52	NOT	23510
N24278	P3_SUB_609_U53	NAND	23511
N24279	P3_SUB_609_U54	NOR	23512
N24280	P3_SUB_609_U55	NOR	23513
N24281	P3_SUB_609_U56	NOR	23514
N24282	P3_SUB_609_U57	NOR	23515
N24283	P3_SUB_609_U58	NOR	23516
N24284	P3_SUB_609_U59	NOR	23517
N24285	P3_SUB_609_U60	NOR	23518
N24286	P3_SUB_609_U61	NOR	23519
N24287	P3_SUB_609_U62	NOR	23520
N24288	P3_SUB_609_U63	NOR	23521
N24289	P3_SUB_609_U64	OR	23522
N24290	P3_SUB_609_U65	OR	23523
N24291	P3_SUB_609_U66	NOT	23524
N24292	P3_SUB_609_U67	NAND	23525
N24293	P3_SUB_609_U68	NOT	23526
N24294	P3_SUB_609_U69	NAND	23527
N24295	P3_SUB_609_U70	NAND	23528
N24296	P3_SUB_609_U71	NAND	23529
N24297	P3_SUB_609_U72	NAND	23530
N24298	P3_SUB_609_U73	NAND	23531
N24299	P3_SUB_609_U74	NOT	23532
N24300	P3_SUB_609_U75	NAND	23533
N24301	P3_SUB_609_U76	NOT	23534
N24302	P3_SUB_609_U77	NAND	23535
N24303	P3_SUB_609_U78	NOT	23536
N24304	P3_SUB_609_U79	NAND	23537
N24305	P3_SUB_609_U80	NOT	23538
N24306	P3_SUB_609_U81	NAND	23539
N24307	P3_SUB_609_U82	NOT	23540
N24308	P3_SUB_609_U83	NAND	23541
N24309	P3_SUB_609_U84	NOT	23542
N24310	P3_SUB_609_U85	NAND	23543
N24311	P3_SUB_609_U86	NOT	23544
N24312	P3_SUB_609_U87	NAND	23545
N24313	P3_SUB_609_U88	NOT	23546
N24314	P3_SUB_609_U89	NAND	23547
N24315	P3_SUB_609_U90	NOT	23548
N24316	P3_SUB_609_U91	NAND	23549
N24317	P3_SUB_609_U92	NOT	23550
N24318	P3_SUB_609_U93	NAND	23551
N24319	P3_SUB_609_U94	NAND	23552
N24320	P3_SUB_609_U95	NAND	23553
N24321	P3_SUB_609_U96	NAND	23554
N24322	P3_SUB_609_U97	NAND	23555
N24323	P3_SUB_609_U98	NAND	23556
N24324	P3_SUB_609_U99	NAND	23557
N24325	P3_SUB_609_U100	NAND	23558
N24326	P3_SUB_609_U101	NAND	23559
N24327	P3_SUB_609_U102	NAND	23560
N24328	P3_SUB_609_U103	NAND	23561
N24329	P3_SUB_609_U104	NAND	23562
N24330	P3_SUB_609_U105	NAND	23563
N24331	P3_SUB_609_U106	NAND	23564
N24332	P3_SUB_609_U107	NAND	23565
N24333	P3_SUB_609_U108	NAND	23566
N24334	P3_SUB_609_U109	NAND	23567
N24335	P3_SUB_609_U110	NAND	23568
N24336	P3_SUB_609_U111	NAND	23569
N24337	P3_SUB_609_U112	OR	23570
N24338	P3_SUB_609_U113	NAND	23571
N24339	P3_SUB_609_U114	NAND	23572
N24340	P3_SUB_609_U115	OR	23573
N24341	P3_R1095_U6	AND	23574
N24342	P3_R1095_U7	AND	23575
N24343	P3_R1095_U8	AND	23576
N24344	P3_R1095_U9	AND	23577
N24345	P3_R1095_U10	AND	23578
N24346	P3_R1095_U11	AND	23579
N24347	P3_R1095_U12	AND	23580
N24348	P3_R1095_U13	AND	23581
N24349	P3_R1095_U14	AND	23582
N24350	P3_R1095_U15	AND	23583
N24351	P3_R1095_U16	NAND	23584
N24352	P3_R1095_U17	NAND	23585
N24353	P3_R1095_U18	NAND	23586
N24354	P3_R1095_U19	NAND	23587
N24355	P3_R1095_U20	NAND	23588
N24356	P3_R1095_U21	NAND	23589
N24357	P3_R1095_U22	NAND	23590
N24358	P3_R1095_U23	NAND	23591
N24359	P3_R1095_U24	NAND	23592
N24360	P3_R1095_U25	NOT	23593
N24361	P3_R1095_U26	NAND	23594
N24362	P3_R1095_U27	NOT	23595
N24363	P3_R1095_U28	NOT	23596
N24364	P3_R1095_U29	NOT	23597
N24365	P3_R1095_U30	NOT	23598
N24366	P3_R1095_U31	NOT	23599
N24367	P3_R1095_U32	NOT	23600
N24368	P3_R1095_U33	NOT	23601
N24369	P3_R1095_U34	NAND	23602
N24370	P3_R1095_U35	NOT	23603
N24371	P3_R1095_U36	NOT	23604
N24372	P3_R1095_U37	NOT	23605
N24373	P3_R1095_U38	NOT	23606
N24374	P3_R1095_U39	NOT	23607
N24375	P3_R1095_U40	NOT	23608
N24376	P3_R1095_U41	NOT	23609
N24377	P3_R1095_U42	NOT	23610
N24378	P3_R1095_U43	NAND	23611
N24379	P3_R1095_U44	NAND	23612
N24380	P3_R1095_U45	NOT	23613
N24381	P3_R1095_U46	NOT	23614
N24382	P3_R1095_U47	NAND	23615
N24383	P3_R1095_U48	NAND	23616
N24384	P3_R1095_U49	NAND	23617
N24385	P3_R1095_U50	NOT	23618
N24386	P3_R1095_U51	NOT	23619
N24387	P3_R1095_U52	NOT	23620
N24388	P3_R1095_U53	NOT	23621
N24389	P3_R1095_U54	NOT	23622
N24390	P3_R1095_U55	NAND	23623
N24391	P3_R1095_U56	NOT	23624
N24392	P3_R1095_U57	NOT	23625
N24393	P3_R1095_U58	NOT	23626
N24394	P3_R1095_U59	NOT	23627
N24395	P3_R1095_U60	NOT	23628
N24396	P3_R1095_U61	NOT	23629
N24397	P3_R1095_U62	NOT	23630
N24398	P3_R1095_U63	NOT	23631
N24399	P3_R1095_U64	NOT	23632
N24400	P3_R1095_U65	NOT	23633
N24401	P3_R1095_U66	NAND	23634
N24402	P3_R1095_U67	NOT	23635
N24403	P3_R1095_U68	NOT	23636
N24404	P3_R1095_U69	NOT	23637
N24405	P3_R1095_U70	NOT	23638
N24406	P3_R1095_U71	NOT	23639
N24407	P3_R1095_U72	NOT	23640
N24408	P3_R1095_U73	NOT	23641
N24409	P3_R1095_U74	NOT	23642
N24410	P3_R1095_U75	NOT	23643
N24411	P3_R1095_U76	NOT	23644
N24412	P3_R1095_U77	NOT	23645
N24413	P3_R1095_U78	NOT	23646
N24414	P3_R1095_U79	NOT	23647
N24415	P3_R1095_U80	NAND	23648
N24416	P3_R1095_U81	NOT	23649
N24417	P3_R1095_U82	NOT	23650
N24418	P3_R1095_U83	NOT	23651
N24419	P3_R1095_U84	NOT	23652
N24420	P3_R1095_U85	NOT	23653
N24421	P3_R1095_U86	NOT	23654
N24422	P3_R1095_U87	NAND	23655
N24423	P3_R1095_U88	NOT	23656
N24424	P3_R1095_U89	NOT	23657
N24425	P3_R1095_U90	NOT	23658
N24426	P3_R1095_U91	NAND	23659
N24427	P3_R1095_U92	NAND	23660
N24428	P3_R1095_U93	NAND	23661
N24429	P3_R1095_U94	NAND	23662
N24430	P3_R1095_U95	NOT	23663
N24431	P3_R1095_U96	NAND	23664
N24432	P3_R1095_U97	NAND	23665
N24433	P3_R1095_U98	NAND	23666
N24434	P3_R1095_U99	NAND	23667
N24435	P3_R1095_U100	NAND	23668
N24436	P3_R1095_U101	NAND	23669
N24437	P3_R1095_U102	NAND	23670
N24438	P3_R1095_U103	NAND	23671
N24439	P3_R1095_U104	NAND	23672
N24440	P3_R1095_U105	NAND	23673
N24441	P3_R1095_U106	NAND	23674
N24442	P3_R1095_U107	NAND	23675
N24443	P3_R1095_U108	NAND	23676
N24444	P3_R1095_U109	NAND	23677
N24445	P3_R1095_U110	NAND	23678
N24446	P3_R1095_U111	NAND	23679
N24447	P3_R1095_U112	NAND	23680
N24448	P3_R1095_U113	NAND	23681
N24449	P3_R1095_U114	NAND	23682
N24450	P3_R1095_U115	NAND	23683
N24451	P3_R1095_U116	NAND	23684
N24452	P3_R1095_U117	AND	23685
N24453	P3_R1095_U118	AND	23686
N24454	P3_R1095_U119	AND	23687
N24455	P3_R1095_U120	AND	23688
N24456	P3_R1095_U121	AND	23689
N24457	P3_R1095_U122	AND	23690
N24458	P3_R1095_U123	AND	23691
N24459	P3_R1095_U124	AND	23692
N24460	P3_R1095_U125	AND	23693
N24461	P3_R1095_U126	AND	23694
N24462	P3_R1095_U127	AND	23695
N24463	P3_R1095_U128	AND	23696
N24464	P3_R1095_U129	AND	23697
N24465	P3_R1095_U130	AND	23698
N24466	P3_R1095_U131	AND	23699
N24467	P3_R1095_U132	AND	23700
N24468	P3_R1095_U133	AND	23701
N24469	P3_R1095_U134	AND	23702
N24470	P3_R1095_U135	NAND	23703
N24471	P3_R1095_U136	AND	23704
N24472	P3_R1095_U137	AND	23705
N24473	P3_R1095_U138	NAND	23706
N24474	P3_R1095_U139	NAND	23707
N24475	P3_R1095_U140	AND	23708
N24476	P3_R1095_U141	AND	23709
N24477	P3_R1095_U142	NAND	23710
N24478	P3_R1095_U143	NAND	23711
N24479	P3_R1095_U144	NAND	23712
N24480	P3_R1095_U145	NAND	23713
N24481	P3_R1095_U146	NAND	23714
N24482	P3_R1095_U147	AND	23715
N24483	P3_R1095_U148	AND	23716
N24484	P3_R1095_U149	NAND	23717
N24485	P3_R1095_U150	NAND	23718
N24486	P3_R1095_U151	AND	23719
N24487	P3_R1095_U152	AND	23720
N24488	P3_R1095_U153	AND	23721
N24489	P3_R1095_U154	NAND	23722
N24490	P3_R1095_U155	AND	23723
N24491	P3_R1095_U156	AND	23724
N24492	P3_R1095_U157	AND	23725
N24493	P3_R1095_U158	NAND	23726
N24494	P3_R1095_U159	AND	23727
N24495	P3_R1095_U160	NOT	23728
N24496	P3_R1095_U161	NOT	23729
N24497	P3_R1095_U162	AND	23730
N24498	P3_R1095_U163	NAND	23731
N24499	P3_R1095_U164	AND	23732
N24500	P3_R1095_U165	NAND	23733
N24501	P3_R1095_U166	NAND	23734
N24502	P3_R1095_U167	AND	23735
N24503	P3_R1095_U168	AND	23736
N24504	P3_R1095_U169	NAND	23737
N24505	P3_R1095_U170	NAND	23738
N24506	P3_R1095_U171	NOT	23739
N24507	P3_R1095_U172	NAND	23740
N24508	P3_R1095_U173	NAND	23741
N24509	P3_R1095_U174	NOT	23742
N24510	P3_R1095_U175	NAND	23743
N24511	P3_R1095_U176	NAND	23744
N24512	P3_R1095_U177	AND	23745
N24513	P3_R1095_U178	AND	23746
N24514	P3_R1095_U179	NAND	23747
N24515	P3_R1095_U180	NAND	23748
N24516	P3_R1095_U181	NAND	23749
N24517	P3_R1095_U182	AND	23750
N24518	P3_R1095_U183	NAND	23751
N24519	P3_R1095_U184	NAND	23752
N24520	P3_R1095_U185	NAND	23753
N24521	P3_R1095_U186	NOT	23754
N24522	P3_R1095_U187	NOT	23755
N24523	P3_R1095_U188	NOT	23756
N24524	P3_R1095_U189	NAND	23757
N24525	P3_R1095_U190	NAND	23758
N24526	P3_R1095_U191	NAND	23759
N24527	P3_R1095_U192	NAND	23760
N24528	P3_R1095_U193	NAND	23761
N24529	P3_R1095_U194	NAND	23762
N24530	P3_R1095_U195	NAND	23763
N24531	P3_R1095_U196	NOT	23764
N24532	P3_R1095_U197	NOT	23765
N24533	P3_R1095_U198	NOT	23766
N24534	P3_R1095_U199	NOT	23767
N24535	P3_R1095_U200	NOT	23768
N24536	P3_R1095_U201	NAND	23769
N24537	P3_R1095_U202	NOT	23770
N24538	P3_R1095_U203	NAND	23771
N24539	P3_R1095_U204	NAND	23772
N24540	P3_R1095_U205	NAND	23773
N24541	P3_R1095_U206	NAND	23774
N24542	P3_R1095_U207	NOT	23775
N24543	P3_R1095_U208	NAND	23776
N24544	P3_R1095_U209	NAND	23777
N24545	P3_R1095_U210	NAND	23778
N24546	P3_R1095_U211	NAND	23779
N24547	P3_R1095_U212	NAND	23780
N24548	P3_R1095_U213	NAND	23781
N24549	P3_R1095_U214	NAND	23782
N24550	P3_R1095_U215	NAND	23783
N24551	P3_R1095_U216	NOT	23784
N24552	P3_R1095_U217	NOT	23785
N24553	P3_R1095_U218	NAND	23786
N24554	P3_R1095_U219	NAND	23787
N24555	P3_R1095_U220	NAND	23788
N24556	P3_R1095_U221	NOT	23789
N24557	P3_R1095_U222	NAND	23790
N24558	P3_R1095_U223	NAND	23791
N24559	P3_R1095_U224	NAND	23792
N24560	P3_R1095_U225	NAND	23793
N24561	P3_R1095_U226	NAND	23794
N24562	P3_R1095_U227	NAND	23795
N24563	P3_R1095_U228	NAND	23796
N24564	P3_R1095_U229	NAND	23797
N24565	P3_R1095_U230	NOT	23798
N24566	P3_R1095_U231	NAND	23799
N24567	P3_R1095_U232	NAND	23800
N24568	P3_R1095_U233	NAND	23801
N24569	P3_R1095_U234	NAND	23802
N24570	P3_R1095_U235	NAND	23803
N24571	P3_R1095_U236	NAND	23804
N24572	P3_R1095_U237	NAND	23805
N24573	P3_R1095_U238	NAND	23806
N24574	P3_R1095_U239	NAND	23807
N24575	P3_R1095_U240	NAND	23808
N24576	P3_R1095_U241	NAND	23809
N24577	P3_R1095_U242	NAND	23810
N24578	P3_R1095_U243	NAND	23811
N24579	P3_R1095_U244	NAND	23812
N24580	P3_R1095_U245	NAND	23813
N24581	P3_R1095_U246	NAND	23814
N24582	P3_R1095_U247	NAND	23815
N24583	P3_R1095_U248	NAND	23816
N24584	P3_R1095_U249	NAND	23817
N24585	P3_R1095_U250	NAND	23818
N24586	P3_R1095_U251	NAND	23819
N24587	P3_R1095_U252	NAND	23820
N24588	P3_R1095_U253	NOT	23821
N24589	P3_R1095_U254	NAND	23822
N24590	P3_R1095_U255	NAND	23823
N24591	P3_R1095_U256	NAND	23824
N24592	P3_R1095_U257	NOT	23825
N24593	P3_R1095_U258	NAND	23826
N24594	P3_R1095_U259	NAND	23827
N24595	P3_R1095_U260	NAND	23828
N24596	P3_R1095_U261	NOT	23829
N24597	P3_R1095_U262	NAND	23830
N24598	P3_R1095_U263	NAND	23831
N24599	P3_R1095_U264	NAND	23832
N24600	P3_R1095_U265	NAND	23833
N24601	P3_R1095_U266	NAND	23834
N24602	P3_R1095_U267	NAND	23835
N24603	P3_R1095_U268	NAND	23836
N24604	P3_R1095_U269	NAND	23837
N24605	P3_R1095_U270	NAND	23838
N24606	P3_R1095_U271	NOT	23839
N24607	P3_R1095_U272	NAND	23840
N24608	P3_R1095_U273	NAND	23841
N24609	P3_R1095_U274	NAND	23842
N24610	P3_R1095_U275	NOT	23843
N24611	P3_R1095_U276	NAND	23844
N24612	P3_R1095_U277	NOT	23845
N24613	P3_R1095_U278	NAND	23846
N24614	P3_R1095_U279	NAND	23847
N24615	P3_R1095_U280	NAND	23848
N24616	P3_R1095_U281	NOT	23849
N24617	P3_R1095_U282	NAND	23850
N24618	P3_R1095_U283	NAND	23851
N24619	P3_R1095_U284	NAND	23852
N24620	P3_R1095_U285	NOT	23853
N24621	P3_R1095_U286	NAND	23854
N24622	P3_R1095_U287	NAND	23855
N24623	P3_R1095_U288	NAND	23856
N24624	P3_R1095_U289	NAND	23857
N24625	P3_R1095_U290	NAND	23858
N24626	P3_R1095_U291	NAND	23859
N24627	P3_R1095_U292	NAND	23860
N24628	P3_R1095_U293	NAND	23861
N24629	P3_R1095_U294	NAND	23862
N24630	P3_R1095_U295	NOT	23863
N24631	P3_R1095_U296	NAND	23864
N24632	P3_R1095_U297	NAND	23865
N24633	P3_R1095_U298	NAND	23866
N24634	P3_R1095_U299	NOT	23867
N24635	P3_R1095_U300	NAND	23868
N24636	P3_R1095_U301	NAND	23869
N24637	P3_R1095_U302	NAND	23870
N24638	P3_R1095_U303	NOT	23871
N24639	P3_R1095_U304	NAND	23872
N24640	P3_R1095_U305	NAND	23873
N24641	P3_R1095_U306	NAND	23874
N24642	P3_R1095_U307	NAND	23875
N24643	P3_R1095_U308	NOT	23876
N24644	P3_R1095_U309	NAND	23877
N24645	P3_R1095_U310	NAND	23878
N24646	P3_R1095_U311	NAND	23879
N24647	P3_R1095_U312	NAND	23880
N24648	P3_R1095_U313	NAND	23881
N24649	P3_R1095_U314	NAND	23882
N24650	P3_R1095_U315	NAND	23883
N24651	P3_R1095_U316	NAND	23884
N24652	P3_R1095_U317	NOT	23885
N24653	P3_R1095_U318	NAND	23886
N24654	P3_R1095_U319	NAND	23887
N24655	P3_R1095_U320	NAND	23888
N24656	P3_R1095_U321	NAND	23889
N24657	P3_R1095_U322	NAND	23890
N24658	P3_R1095_U323	NAND	23891
N24659	P3_R1095_U324	NAND	23892
N24660	P3_R1095_U325	NAND	23893
N24661	P3_R1095_U326	NAND	23894
N24662	P3_R1095_U327	NAND	23895
N24663	P3_R1095_U328	NOT	23896
N24664	P3_R1095_U329	NAND	23897
N24665	P3_R1095_U330	NAND	23898
N24666	P3_R1095_U331	NAND	23899
N24667	P3_R1095_U332	NAND	23900
N24668	P3_R1095_U333	NAND	23901
N24669	P3_R1095_U334	NAND	23902
N24670	P3_R1095_U335	NAND	23903
N24671	P3_R1095_U336	NAND	23904
N24672	P3_R1095_U337	NAND	23905
N24673	P3_R1095_U338	NAND	23906
N24674	P3_R1095_U339	NOT	23907
N24675	P3_R1095_U340	NAND	23908
N24676	P3_R1095_U341	NAND	23909
N24677	P3_R1095_U342	NAND	23910
N24678	P3_R1095_U343	NAND	23911
N24679	P3_R1095_U344	NAND	23912
N24680	P3_R1095_U345	NAND	23913
N24681	P3_R1095_U346	NAND	23914
N24682	P3_R1095_U347	NAND	23915
N24683	P3_R1095_U348	NAND	23916
N24684	P3_R1095_U349	NAND	23917
N24685	P3_R1095_U350	NAND	23918
N24686	P3_R1095_U351	NAND	23919
N24687	P3_R1095_U352	NAND	23920
N24688	P3_R1095_U353	NAND	23921
N24689	P3_R1095_U354	NAND	23922
N24690	P3_R1095_U355	NAND	23923
N24691	P3_R1095_U356	NAND	23924
N24692	P3_R1095_U357	NAND	23925
N24693	P3_R1095_U358	NAND	23926
N24694	P3_R1095_U359	NAND	23927
N24695	P3_R1095_U360	NAND	23928
N24696	P3_R1095_U361	NAND	23929
N24697	P3_R1095_U362	NAND	23930
N24698	P3_R1095_U363	NAND	23931
N24699	P3_R1095_U364	NAND	23932
N24700	P3_R1095_U365	NAND	23933
N24701	P3_R1095_U366	NAND	23934
N24702	P3_R1095_U367	NAND	23935
N24703	P3_R1095_U368	NAND	23936
N24704	P3_R1095_U369	NAND	23937
N24705	P3_R1095_U370	NAND	23938
N24706	P3_R1095_U371	NAND	23939
N24707	P3_R1095_U372	NAND	23940
N24708	P3_R1095_U373	NAND	23941
N24709	P3_R1095_U374	NAND	23942
N24710	P3_R1095_U375	NAND	23943
N24711	P3_R1095_U376	NAND	23944
N24712	P3_R1095_U377	NAND	23945
N24713	P3_R1095_U378	NAND	23946
N24714	P3_R1095_U379	NAND	23947
N24715	P3_R1095_U380	NAND	23948
N24716	P3_R1095_U381	NAND	23949
N24717	P3_R1095_U382	NAND	23950
N24718	P3_R1095_U383	NAND	23951
N24719	P3_R1095_U384	NAND	23952
N24720	P3_R1095_U385	NAND	23953
N24721	P3_R1095_U386	NAND	23954
N24722	P3_R1095_U387	NAND	23955
N24723	P3_R1095_U388	NAND	23956
N24724	P3_R1095_U389	NAND	23957
N24725	P3_R1095_U390	NAND	23958
N24726	P3_R1095_U391	NAND	23959
N24727	P3_R1095_U392	NAND	23960
N24728	P3_R1095_U393	NAND	23961
N24729	P3_R1095_U394	NAND	23962
N24730	P3_R1095_U395	NAND	23963
N24731	P3_R1095_U396	NAND	23964
N24732	P3_R1095_U397	NAND	23965
N24733	P3_R1095_U398	NAND	23966
N24734	P3_R1095_U399	NAND	23967
N24735	P3_R1095_U400	NOT	23968
N24736	P3_R1095_U401	NAND	23969
N24737	P3_R1095_U402	NAND	23970
N24738	P3_R1095_U403	NAND	23971
N24739	P3_R1095_U404	NAND	23972
N24740	P3_R1095_U405	NAND	23973
N24741	P3_R1095_U406	NAND	23974
N24742	P3_R1095_U407	NAND	23975
N24743	P3_R1095_U408	NAND	23976
N24744	P3_R1095_U409	NAND	23977
N24745	P3_R1095_U410	NAND	23978
N24746	P3_R1095_U411	NAND	23979
N24747	P3_R1095_U412	NAND	23980
N24748	P3_R1095_U413	NAND	23981
N24749	P3_R1095_U414	NOT	23982
N24750	P3_R1095_U415	NAND	23983
N24751	P3_R1095_U416	NAND	23984
N24752	P3_R1095_U417	NAND	23985
N24753	P3_R1095_U418	NAND	23986
N24754	P3_R1095_U419	NOT	23987
N24755	P3_R1095_U420	NAND	23988
N24756	P3_R1095_U421	NAND	23989
N24757	P3_R1095_U422	NAND	23990
N24758	P3_R1095_U423	NAND	23991
N24759	P3_R1095_U424	NAND	23992
N24760	P3_R1095_U425	NAND	23993
N24761	P3_R1095_U426	NAND	23994
N24762	P3_R1095_U427	NAND	23995
N24763	P3_R1095_U428	NAND	23996
N24764	P3_R1095_U429	NAND	23997
N24765	P3_R1095_U430	NAND	23998
N24766	P3_R1095_U431	NAND	23999
N24767	P3_R1095_U432	NAND	24000
N24768	P3_R1095_U433	NAND	24001
N24769	P3_R1095_U434	NAND	24002
N24770	P3_R1095_U435	NOT	24003
N24771	P3_R1095_U436	NAND	24004
N24772	P3_R1095_U437	NAND	24005
N24773	P3_R1095_U438	NAND	24006
N24774	P3_R1095_U439	NAND	24007
N24775	P3_R1095_U440	NOT	24008
N24776	P3_R1095_U441	NAND	24009
N24777	P3_R1095_U442	NAND	24010
N24778	P3_R1095_U443	NAND	24011
N24779	P3_R1095_U444	NAND	24012
N24780	P3_R1095_U445	NOT	24013
N24781	P3_R1095_U446	NAND	24014
N24782	P3_R1095_U447	NAND	24015
N24783	P3_R1095_U448	NAND	24016
N24784	P3_R1095_U449	NAND	24017
N24785	P3_R1095_U450	NOT	24018
N24786	P3_R1095_U451	NAND	24019
N24787	P3_R1095_U452	NAND	24020
N24788	P3_R1095_U453	NAND	24021
N24789	P3_R1095_U454	NAND	24022
N24790	P3_R1095_U455	NOT	24023
N24791	P3_R1095_U456	NAND	24024
N24792	P3_R1095_U457	NAND	24025
N24793	P3_R1095_U458	NAND	24026
N24794	P3_R1095_U459	NAND	24027
N24795	P3_R1095_U460	NAND	24028
N24796	P3_R1095_U461	NAND	24029
N24797	P3_R1095_U462	NAND	24030
N24798	P3_R1095_U463	NAND	24031
N24799	P3_R1095_U464	NAND	24032
N24800	P3_R1095_U465	NAND	24033
N24801	P3_R1095_U466	NAND	24034
N24802	P3_R1095_U467	NAND	24035
N24803	P3_R1095_U468	NAND	24036
N24804	P3_R1095_U469	NAND	24037
N24805	P3_R1095_U470	NAND	24038
N24806	P3_R1095_U471	NOT	24039
N24807	P3_R1095_U472	NAND	24040
N24808	P3_R1095_U473	NAND	24041
N24809	P3_R1095_U474	NAND	24042
N24810	P3_R1095_U475	NAND	24043
N24811	P3_R1095_U476	NOT	24044
N24812	P3_R1095_U477	NAND	24045
N24813	P3_R1095_U478	NAND	24046
N24814	P3_R1095_U479	NAND	24047
N24815	P3_R1095_U480	NAND	24048
N24816	P3_R1095_U481	NAND	24049
N24817	P3_R1095_U482	NAND	24050
N24818	P3_R1095_U483	NAND	24051
N24819	P3_R1095_U484	NAND	24052
N24820	P3_R1095_U485	NAND	24053
N24821	P3_R1212_U6	NAND	24054
N24822	P3_R1212_U7	NAND	24055
N24823	P3_R1212_U8	NOT	24056
N24824	P3_R1212_U9	NAND	24057
N24825	P3_R1212_U10	NOT	24058
N24826	P3_R1212_U11	NOT	24059
N24827	P3_R1212_U12	NOT	24060
N24828	P3_R1212_U13	NOT	24061
N24829	P3_R1212_U14	NOT	24062
N24830	P3_R1212_U15	NOT	24063
N24831	P3_R1212_U16	NOT	24064
N24832	P3_R1212_U17	NOT	24065
N24833	P3_R1212_U18	NOT	24066
N24834	P3_R1212_U19	NOT	24067
N24835	P3_R1212_U20	NOT	24068
N24836	P3_R1212_U21	NOT	24069
N24837	P3_R1212_U22	NOT	24070
N24838	P3_R1212_U23	NOT	24071
N24839	P3_R1212_U24	NOT	24072
N24840	P3_R1212_U25	NOT	24073
N24841	P3_R1212_U26	NOT	24074
N24842	P3_R1212_U27	NOT	24075
N24843	P3_R1212_U28	NOT	24076
N24844	P3_R1212_U29	NOT	24077
N24845	P3_R1212_U30	NOT	24078
N24846	P3_R1212_U31	NOT	24079
N24847	P3_R1212_U32	NOT	24080
N24848	P3_R1212_U33	NOT	24081
N24849	P3_R1212_U34	NOT	24082
N24850	P3_R1212_U35	NOT	24083
N24851	P3_R1212_U36	NOT	24084
N24852	P3_R1212_U37	NOT	24085
N24853	P3_R1212_U38	NAND	24086
N24854	P3_R1212_U39	NOT	24087
N24855	P3_R1212_U40	NOT	24088
N24856	P3_R1212_U41	NOT	24089
N24857	P3_R1212_U42	NOT	24090
N24858	P3_R1212_U43	NOT	24091
N24859	P3_R1212_U44	NOT	24092
N24860	P3_R1212_U45	NOT	24093
N24861	P3_R1212_U46	NOT	24094
N24862	P3_R1212_U47	NAND	24095
N24863	P3_R1212_U48	NOT	24096
N24864	P3_R1212_U49	NAND	24097
N24865	P3_R1212_U50	NAND	24098
N24866	P3_R1212_U51	NAND	24099
N24867	P3_R1212_U52	NAND	24100
N24868	P3_R1212_U53	NAND	24101
N24869	P3_R1212_U54	NAND	24102
N24870	P3_R1212_U55	NAND	24103
N24871	P3_R1212_U56	NAND	24104
N24872	P3_R1212_U57	NAND	24105
N24873	P3_R1212_U58	NAND	24106
N24874	P3_R1212_U59	NAND	24107
N24875	P3_R1212_U60	NAND	24108
N24876	P3_R1212_U61	NAND	24109
N24877	P3_R1212_U62	NAND	24110
N24878	P3_R1212_U63	NAND	24111
N24879	P3_R1212_U64	NAND	24112
N24880	P3_R1212_U65	NAND	24113
N24881	P3_R1212_U66	NAND	24114
N24882	P3_R1212_U67	NAND	24115
N24883	P3_R1212_U68	NAND	24116
N24884	P3_R1212_U69	NAND	24117
N24885	P3_R1212_U70	NAND	24118
N24886	P3_R1212_U71	NAND	24119
N24887	P3_R1212_U72	NAND	24120
N24888	P3_R1212_U73	NAND	24121
N24889	P3_R1212_U74	NAND	24122
N24890	P3_R1212_U75	NAND	24123
N24891	P3_R1212_U76	AND	24124
N24892	P3_R1212_U77	AND	24125
N24893	P3_R1212_U78	NAND	24126
N24894	P3_R1212_U79	NAND	24127
N24895	P3_R1212_U80	NAND	24128
N24896	P3_R1212_U81	NAND	24129
N24897	P3_R1212_U82	NAND	24130
N24898	P3_R1212_U83	NAND	24131
N24899	P3_R1212_U84	NAND	24132
N24900	P3_R1212_U85	NAND	24133
N24901	P3_R1212_U86	NAND	24134
N24902	P3_R1212_U87	NAND	24135
N24903	P3_R1212_U88	NAND	24136
N24904	P3_R1212_U89	NAND	24137
N24905	P3_R1212_U90	NAND	24138
N24906	P3_R1212_U91	NAND	24139
N24907	P3_R1212_U92	NAND	24140
N24908	P3_R1212_U93	NAND	24141
N24909	P3_R1212_U94	NAND	24142
N24910	P3_R1212_U95	NOT	24143
N24911	P3_R1212_U96	NOT	24144
N24912	P3_R1212_U97	NAND	24145
N24913	P3_R1212_U98	NAND	24146
N24914	P3_R1212_U99	NAND	24147
N24915	P3_R1212_U100	NAND	24148
N24916	P3_R1212_U101	NAND	24149
N24917	P3_R1212_U102	NAND	24150
N24918	P3_R1212_U103	NAND	24151
N24919	P3_R1212_U104	NOT	24152
N24920	P3_R1212_U105	NAND	24153
N24921	P3_R1212_U106	NAND	24154
N24922	P3_R1212_U107	NAND	24155
N24923	P3_R1212_U108	NOT	24156
N24924	P3_R1212_U109	NAND	24157
N24925	P3_R1212_U110	NAND	24158
N24926	P3_R1212_U111	NAND	24159
N24927	P3_R1212_U112	NOT	24160
N24928	P3_R1212_U113	NAND	24161
N24929	P3_R1212_U114	NAND	24162
N24930	P3_R1212_U115	NAND	24163
N24931	P3_R1212_U116	NOT	24164
N24932	P3_R1212_U117	NAND	24165
N24933	P3_R1212_U118	NAND	24166
N24934	P3_R1212_U119	NAND	24167
N24935	P3_R1212_U120	NOT	24168
N24936	P3_R1212_U121	NAND	24169
N24937	P3_R1212_U122	NAND	24170
N24938	P3_R1212_U123	NAND	24171
N24939	P3_R1212_U124	NOT	24172
N24940	P3_R1212_U125	NAND	24173
N24941	P3_R1212_U126	NAND	24174
N24942	P3_R1212_U127	NAND	24175
N24943	P3_R1212_U128	NOT	24176
N24944	P3_R1212_U129	NAND	24177
N24945	P3_R1212_U130	NAND	24178
N24946	P3_R1212_U131	NAND	24179
N24947	P3_R1212_U132	NOT	24180
N24948	P3_R1212_U133	NAND	24181
N24949	P3_R1212_U134	NAND	24182
N24950	P3_R1212_U135	NAND	24183
N24951	P3_R1212_U136	NOT	24184
N24952	P3_R1212_U137	NAND	24185
N24953	P3_R1212_U138	NAND	24186
N24954	P3_R1212_U139	NAND	24187
N24955	P3_R1212_U140	NOT	24188
N24956	P3_R1212_U141	NAND	24189
N24957	P3_R1212_U142	NAND	24190
N24958	P3_R1212_U143	NAND	24191
N24959	P3_R1212_U144	NOT	24192
N24960	P3_R1212_U145	NAND	24193
N24961	P3_R1212_U146	NAND	24194
N24962	P3_R1212_U147	NAND	24195
N24963	P3_R1212_U148	NOT	24196
N24964	P3_R1212_U149	NAND	24197
N24965	P3_R1212_U150	NAND	24198
N24966	P3_R1212_U151	NAND	24199
N24967	P3_R1212_U152	NOT	24200
N24968	P3_R1212_U153	NAND	24201
N24969	P3_R1212_U154	NAND	24202
N24970	P3_R1212_U155	NAND	24203
N24971	P3_R1212_U156	NOT	24204
N24972	P3_R1212_U157	NAND	24205
N24973	P3_R1212_U158	NAND	24206
N24974	P3_R1212_U159	NAND	24207
N24975	P3_R1212_U160	NOT	24208
N24976	P3_R1212_U161	NAND	24209
N24977	P3_R1212_U162	NAND	24210
N24978	P3_R1212_U163	NAND	24211
N24979	P3_R1212_U164	NOT	24212
N24980	P3_R1212_U165	NAND	24213
N24981	P3_R1212_U166	NAND	24214
N24982	P3_R1212_U167	NAND	24215
N24983	P3_R1212_U168	NOT	24216
N24984	P3_R1212_U169	NAND	24217
N24985	P3_R1212_U170	NAND	24218
N24986	P3_R1212_U171	NAND	24219
N24987	P3_R1212_U172	NOT	24220
N24988	P3_R1212_U173	NAND	24221
N24989	P3_R1212_U174	NAND	24222
N24990	P3_R1212_U175	NAND	24223
N24991	P3_R1212_U176	NAND	24224
N24992	P3_R1212_U177	NAND	24225
N24993	P3_R1212_U178	NAND	24226
N24994	P3_R1212_U179	NAND	24227
N24995	P3_R1212_U180	NAND	24228
N24996	P3_R1212_U181	NAND	24229
N24997	P3_R1212_U182	NAND	24230
N24998	P3_R1212_U183	NAND	24231
N24999	P3_R1212_U184	NOT	24232
N25000	P3_R1212_U185	NAND	24233
N25001	P3_R1212_U186	NAND	24234
N25002	P3_R1212_U187	NAND	24235
N25003	P3_R1212_U188	NAND	24236
N25004	P3_R1212_U189	NOT	24237
N25005	P3_R1212_U190	NAND	24238
N25006	P3_R1212_U191	NAND	24239
N25007	P3_R1212_U192	NAND	24240
N25008	P3_R1212_U193	NAND	24241
N25009	P3_R1212_U194	NOT	24242
N25010	P3_R1212_U195	NAND	24243
N25011	P3_R1212_U196	NAND	24244
N25012	P3_R1212_U197	NAND	24245
N25013	P3_R1212_U198	NAND	24246
N25014	P3_R1212_U199	NOT	24247
N25015	P3_R1212_U200	NAND	24248
N25016	P3_R1212_U201	NAND	24249
N25017	P3_R1212_U202	NAND	24250
N25018	P3_R1212_U203	NAND	24251
N25019	P3_R1212_U204	NOT	24252
N25020	P3_R1212_U205	NAND	24253
N25021	P3_R1212_U206	NAND	24254
N25022	P3_R1212_U207	NAND	24255
N25023	P3_R1212_U208	NAND	24256
N25024	P3_R1212_U209	NOT	24257
N25025	P3_R1212_U210	NAND	24258
N25026	P3_R1212_U211	NAND	24259
N25027	P3_R1212_U212	NAND	24260
N25028	P3_R1212_U213	NAND	24261
N25029	P3_R1212_U214	NOT	24262
N25030	P3_R1212_U215	NAND	24263
N25031	P3_R1212_U216	NAND	24264
N25032	P3_R1212_U217	NAND	24265
N25033	P3_R1212_U218	NAND	24266
N25034	P3_R1212_U219	NOT	24267
N25035	P3_R1212_U220	NAND	24268
N25036	P3_R1212_U221	NAND	24269
N25037	P3_R1212_U222	NAND	24270
N25038	P3_R1212_U223	NAND	24271
N25039	P3_R1212_U224	NOT	24272
N25040	P3_R1212_U225	NAND	24273
N25041	P3_R1212_U226	NAND	24274
N25042	P3_R1212_U227	NAND	24275
N25043	P3_R1212_U228	NAND	24276
N25044	P3_R1212_U229	NAND	24277
N25045	P3_R1212_U230	NAND	24278
N25046	P3_R1212_U231	NAND	24279
N25047	P3_R1212_U232	NAND	24280
N25048	P3_R1212_U233	NAND	24281
N25049	P3_R1212_U234	NOT	24282
N25050	P3_R1212_U235	NAND	24283
N25051	P3_R1212_U236	NAND	24284
N25052	P3_R1212_U237	NAND	24285
N25053	P3_R1212_U238	NAND	24286
N25054	P3_R1212_U239	NOT	24287
N25055	P3_R1212_U240	NAND	24288
N25056	P3_R1212_U241	NAND	24289
N25057	P3_R1212_U242	NAND	24290
N25058	P3_R1212_U243	NAND	24291
N25059	P3_R1212_U244	NOT	24292
N25060	P3_R1212_U245	NAND	24293
N25061	P3_R1212_U246	NAND	24294
N25062	P3_R1212_U247	NAND	24295
N25063	P3_R1212_U248	NAND	24296
N25064	P3_R1212_U249	NOT	24297
N25065	P3_R1212_U250	NAND	24298
N25066	P3_R1212_U251	NAND	24299
N25067	P3_R1212_U252	NAND	24300
N25068	P3_R1212_U253	NAND	24301
N25069	P3_R1212_U254	NOT	24302
N25070	P3_R1212_U255	NAND	24303
N25071	P3_R1212_U256	NAND	24304
N25072	P3_R1212_U257	NAND	24305
N25073	P3_R1212_U258	NAND	24306
N25074	P3_R1212_U259	NOT	24307
N25075	P3_R1212_U260	NAND	24308
N25076	P3_R1212_U261	NAND	24309
N25077	P3_R1212_U262	NAND	24310
N25078	P3_R1212_U263	NAND	24311
N25079	P3_R1212_U264	NOT	24312
N25080	P3_R1212_U265	NAND	24313
N25081	P3_R1212_U266	NAND	24314
N25082	P3_R1212_U267	NAND	24315
N25083	P3_R1212_U268	NAND	24316
N25084	P3_R1212_U269	NOT	24317
N25085	P3_R1212_U270	NAND	24318
N25086	P3_R1212_U271	NAND	24319
N25087	P3_R1212_U272	NAND	24320
N25088	P3_R1212_U273	NAND	24321
N25089	P3_R1212_U274	NOT	24322
N25090	P3_R1212_U275	NAND	24323
N25091	P3_R1212_U276	NAND	24324
N25092	P3_R1209_U6	NAND	24325
N25093	P3_R1209_U7	NAND	24326
N25094	P3_R1209_U8	NOT	24327
N25095	P3_R1209_U9	NAND	24328
N25096	P3_R1209_U10	NOT	24329
N25097	P3_R1209_U11	NOT	24330
N25098	P3_R1209_U12	NOT	24331
N25099	P3_R1209_U13	NOT	24332
N25100	P3_R1209_U14	NOT	24333
N25101	P3_R1209_U15	NOT	24334
N25102	P3_R1209_U16	NOT	24335
N25103	P3_R1209_U17	NOT	24336
N25104	P3_R1209_U18	NOT	24337
N25105	P3_R1209_U19	NOT	24338
N25106	P3_R1209_U20	NOT	24339
N25107	P3_R1209_U21	NOT	24340
N25108	P3_R1209_U22	NOT	24341
N25109	P3_R1209_U23	NOT	24342
N25110	P3_R1209_U24	NOT	24343
N25111	P3_R1209_U25	NOT	24344
N25112	P3_R1209_U26	NOT	24345
N25113	P3_R1209_U27	NOT	24346
N25114	P3_R1209_U28	NOT	24347
N25115	P3_R1209_U29	NOT	24348
N25116	P3_R1209_U30	NOT	24349
N25117	P3_R1209_U31	NOT	24350
N25118	P3_R1209_U32	NOT	24351
N25119	P3_R1209_U33	NOT	24352
N25120	P3_R1209_U34	NOT	24353
N25121	P3_R1209_U35	NOT	24354
N25122	P3_R1209_U36	NOT	24355
N25123	P3_R1209_U37	NOT	24356
N25124	P3_R1209_U38	NAND	24357
N25125	P3_R1209_U39	NOT	24358
N25126	P3_R1209_U40	NOT	24359
N25127	P3_R1209_U41	NOT	24360
N25128	P3_R1209_U42	NOT	24361
N25129	P3_R1209_U43	NOT	24362
N25130	P3_R1209_U44	NOT	24363
N25131	P3_R1209_U45	NOT	24364
N25132	P3_R1209_U46	NOT	24365
N25133	P3_R1209_U47	NAND	24366
N25134	P3_R1209_U48	NOT	24367
N25135	P3_R1209_U49	NAND	24368
N25136	P3_R1209_U50	NAND	24369
N25137	P3_R1209_U51	NAND	24370
N25138	P3_R1209_U52	NAND	24371
N25139	P3_R1209_U53	NAND	24372
N25140	P3_R1209_U54	NAND	24373
N25141	P3_R1209_U55	NAND	24374
N25142	P3_R1209_U56	NAND	24375
N25143	P3_R1209_U57	NAND	24376
N25144	P3_R1209_U58	NAND	24377
N25145	P3_R1209_U59	NAND	24378
N25146	P3_R1209_U60	NAND	24379
N25147	P3_R1209_U61	NAND	24380
N25148	P3_R1209_U62	NAND	24381
N25149	P3_R1209_U63	NAND	24382
N25150	P3_R1209_U64	NAND	24383
N25151	P3_R1209_U65	NAND	24384
N25152	P3_R1209_U66	NAND	24385
N25153	P3_R1209_U67	NAND	24386
N25154	P3_R1209_U68	NAND	24387
N25155	P3_R1209_U69	NAND	24388
N25156	P3_R1209_U70	NAND	24389
N25157	P3_R1209_U71	NAND	24390
N25158	P3_R1209_U72	NAND	24391
N25159	P3_R1209_U73	NAND	24392
N25160	P3_R1209_U74	NAND	24393
N25161	P3_R1209_U75	NAND	24394
N25162	P3_R1209_U76	AND	24395
N25163	P3_R1209_U77	AND	24396
N25164	P3_R1209_U78	NAND	24397
N25165	P3_R1209_U79	NAND	24398
N25166	P3_R1209_U80	NAND	24399
N25167	P3_R1209_U81	NAND	24400
N25168	P3_R1209_U82	NAND	24401
N25169	P3_R1209_U83	NAND	24402
N25170	P3_R1209_U84	NAND	24403
N25171	P3_R1209_U85	NAND	24404
N25172	P3_R1209_U86	NAND	24405
N25173	P3_R1209_U87	NAND	24406
N25174	P3_R1209_U88	NAND	24407
N25175	P3_R1209_U89	NAND	24408
N25176	P3_R1209_U90	NAND	24409
N25177	P3_R1209_U91	NAND	24410
N25178	P3_R1209_U92	NAND	24411
N25179	P3_R1209_U93	NAND	24412
N25180	P3_R1209_U94	NAND	24413
N25181	P3_R1209_U95	NOT	24414
N25182	P3_R1209_U96	NOT	24415
N25183	P3_R1209_U97	NAND	24416
N25184	P3_R1209_U98	NAND	24417
N25185	P3_R1209_U99	NAND	24418
N25186	P3_R1209_U100	NAND	24419
N25187	P3_R1209_U101	NAND	24420
N25188	P3_R1209_U102	NAND	24421
N25189	P3_R1209_U103	NAND	24422
N25190	P3_R1209_U104	NOT	24423
N25191	P3_R1209_U105	NAND	24424
N25192	P3_R1209_U106	NAND	24425
N25193	P3_R1209_U107	NAND	24426
N25194	P3_R1209_U108	NOT	24427
N25195	P3_R1209_U109	NAND	24428
N25196	P3_R1209_U110	NAND	24429
N25197	P3_R1209_U111	NAND	24430
N25198	P3_R1209_U112	NOT	24431
N25199	P3_R1209_U113	NAND	24432
N25200	P3_R1209_U114	NAND	24433
N25201	P3_R1209_U115	NAND	24434
N25202	P3_R1209_U116	NOT	24435
N25203	P3_R1209_U117	NAND	24436
N25204	P3_R1209_U118	NAND	24437
N25205	P3_R1209_U119	NAND	24438
N25206	P3_R1209_U120	NOT	24439
N25207	P3_R1209_U121	NAND	24440
N25208	P3_R1209_U122	NAND	24441
N25209	P3_R1209_U123	NAND	24442
N25210	P3_R1209_U124	NOT	24443
N25211	P3_R1209_U125	NAND	24444
N25212	P3_R1209_U126	NAND	24445
N25213	P3_R1209_U127	NAND	24446
N25214	P3_R1209_U128	NOT	24447
N25215	P3_R1209_U129	NAND	24448
N25216	P3_R1209_U130	NAND	24449
N25217	P3_R1209_U131	NAND	24450
N25218	P3_R1209_U132	NOT	24451
N25219	P3_R1209_U133	NAND	24452
N25220	P3_R1209_U134	NAND	24453
N25221	P3_R1209_U135	NAND	24454
N25222	P3_R1209_U136	NOT	24455
N25223	P3_R1209_U137	NAND	24456
N25224	P3_R1209_U138	NAND	24457
N25225	P3_R1209_U139	NAND	24458
N25226	P3_R1209_U140	NOT	24459
N25227	P3_R1209_U141	NAND	24460
N25228	P3_R1209_U142	NAND	24461
N25229	P3_R1209_U143	NAND	24462
N25230	P3_R1209_U144	NOT	24463
N25231	P3_R1209_U145	NAND	24464
N25232	P3_R1209_U146	NAND	24465
N25233	P3_R1209_U147	NAND	24466
N25234	P3_R1209_U148	NOT	24467
N25235	P3_R1209_U149	NAND	24468
N25236	P3_R1209_U150	NAND	24469
N25237	P3_R1209_U151	NAND	24470
N25238	P3_R1209_U152	NOT	24471
N25239	P3_R1209_U153	NAND	24472
N25240	P3_R1209_U154	NAND	24473
N25241	P3_R1209_U155	NAND	24474
N25242	P3_R1209_U156	NOT	24475
N25243	P3_R1209_U157	NAND	24476
N25244	P3_R1209_U158	NAND	24477
N25245	P3_R1209_U159	NAND	24478
N25246	P3_R1209_U160	NOT	24479
N25247	P3_R1209_U161	NAND	24480
N25248	P3_R1209_U162	NAND	24481
N25249	P3_R1209_U163	NAND	24482
N25250	P3_R1209_U164	NOT	24483
N25251	P3_R1209_U165	NAND	24484
N25252	P3_R1209_U166	NAND	24485
N25253	P3_R1209_U167	NAND	24486
N25254	P3_R1209_U168	NOT	24487
N25255	P3_R1209_U169	NAND	24488
N25256	P3_R1209_U170	NAND	24489
N25257	P3_R1209_U171	NAND	24490
N25258	P3_R1209_U172	NOT	24491
N25259	P3_R1209_U173	NAND	24492
N25260	P3_R1209_U174	NAND	24493
N25261	P3_R1209_U175	NAND	24494
N25262	P3_R1209_U176	NAND	24495
N25263	P3_R1209_U177	NAND	24496
N25264	P3_R1209_U178	NAND	24497
N25265	P3_R1209_U179	NAND	24498
N25266	P3_R1209_U180	NAND	24499
N25267	P3_R1209_U181	NAND	24500
N25268	P3_R1209_U182	NAND	24501
N25269	P3_R1209_U183	NAND	24502
N25270	P3_R1209_U184	NOT	24503
N25271	P3_R1209_U185	NAND	24504
N25272	P3_R1209_U186	NAND	24505
N25273	P3_R1209_U187	NAND	24506
N25274	P3_R1209_U188	NAND	24507
N25275	P3_R1209_U189	NOT	24508
N25276	P3_R1209_U190	NAND	24509
N25277	P3_R1209_U191	NAND	24510
N25278	P3_R1209_U192	NAND	24511
N25279	P3_R1209_U193	NAND	24512
N25280	P3_R1209_U194	NOT	24513
N25281	P3_R1209_U195	NAND	24514
N25282	P3_R1209_U196	NAND	24515
N25283	P3_R1209_U197	NAND	24516
N25284	P3_R1209_U198	NAND	24517
N25285	P3_R1209_U199	NOT	24518
N25286	P3_R1209_U200	NAND	24519
N25287	P3_R1209_U201	NAND	24520
N25288	P3_R1209_U202	NAND	24521
N25289	P3_R1209_U203	NAND	24522
N25290	P3_R1209_U204	NOT	24523
N25291	P3_R1209_U205	NAND	24524
N25292	P3_R1209_U206	NAND	24525
N25293	P3_R1209_U207	NAND	24526
N25294	P3_R1209_U208	NAND	24527
N25295	P3_R1209_U209	NOT	24528
N25296	P3_R1209_U210	NAND	24529
N25297	P3_R1209_U211	NAND	24530
N25298	P3_R1209_U212	NAND	24531
N25299	P3_R1209_U213	NAND	24532
N25300	P3_R1209_U214	NOT	24533
N25301	P3_R1209_U215	NAND	24534
N25302	P3_R1209_U216	NAND	24535
N25303	P3_R1209_U217	NAND	24536
N25304	P3_R1209_U218	NAND	24537
N25305	P3_R1209_U219	NOT	24538
N25306	P3_R1209_U220	NAND	24539
N25307	P3_R1209_U221	NAND	24540
N25308	P3_R1209_U222	NAND	24541
N25309	P3_R1209_U223	NAND	24542
N25310	P3_R1209_U224	NOT	24543
N25311	P3_R1209_U225	NAND	24544
N25312	P3_R1209_U226	NAND	24545
N25313	P3_R1209_U227	NAND	24546
N25314	P3_R1209_U228	NAND	24547
N25315	P3_R1209_U229	NAND	24548
N25316	P3_R1209_U230	NAND	24549
N25317	P3_R1209_U231	NAND	24550
N25318	P3_R1209_U232	NAND	24551
N25319	P3_R1209_U233	NAND	24552
N25320	P3_R1209_U234	NOT	24553
N25321	P3_R1209_U235	NAND	24554
N25322	P3_R1209_U236	NAND	24555
N25323	P3_R1209_U237	NAND	24556
N25324	P3_R1209_U238	NAND	24557
N25325	P3_R1209_U239	NOT	24558
N25326	P3_R1209_U240	NAND	24559
N25327	P3_R1209_U241	NAND	24560
N25328	P3_R1209_U242	NAND	24561
N25329	P3_R1209_U243	NAND	24562
N25330	P3_R1209_U244	NOT	24563
N25331	P3_R1209_U245	NAND	24564
N25332	P3_R1209_U246	NAND	24565
N25333	P3_R1209_U247	NAND	24566
N25334	P3_R1209_U248	NAND	24567
N25335	P3_R1209_U249	NOT	24568
N25336	P3_R1209_U250	NAND	24569
N25337	P3_R1209_U251	NAND	24570
N25338	P3_R1209_U252	NAND	24571
N25339	P3_R1209_U253	NAND	24572
N25340	P3_R1209_U254	NOT	24573
N25341	P3_R1209_U255	NAND	24574
N25342	P3_R1209_U256	NAND	24575
N25343	P3_R1209_U257	NAND	24576
N25344	P3_R1209_U258	NAND	24577
N25345	P3_R1209_U259	NOT	24578
N25346	P3_R1209_U260	NAND	24579
N25347	P3_R1209_U261	NAND	24580
N25348	P3_R1209_U262	NAND	24581
N25349	P3_R1209_U263	NAND	24582
N25350	P3_R1209_U264	NOT	24583
N25351	P3_R1209_U265	NAND	24584
N25352	P3_R1209_U266	NAND	24585
N25353	P3_R1209_U267	NAND	24586
N25354	P3_R1209_U268	NAND	24587
N25355	P3_R1209_U269	NOT	24588
N25356	P3_R1209_U270	NAND	24589
N25357	P3_R1209_U271	NAND	24590
N25358	P3_R1209_U272	NAND	24591
N25359	P3_R1209_U273	NAND	24592
N25360	P3_R1209_U274	NOT	24593
N25361	P3_R1209_U275	NAND	24594
N25362	P3_R1209_U276	NAND	24595
N25363	P3_R1300_U6	NOT	24596
N25364	P3_R1300_U7	NOT	24597
N25365	P3_R1300_U8	AND	24598
N25366	P3_R1300_U9	NAND	24599
N25367	P3_R1300_U10	NAND	24600
N25368	P3_R1200_U6	AND	24601
N25369	P3_R1200_U7	AND	24602
N25370	P3_R1200_U8	AND	24603
N25371	P3_R1200_U9	AND	24604
N25372	P3_R1200_U10	AND	24605
N25373	P3_R1200_U11	AND	24606
N25374	P3_R1200_U12	AND	24607
N25375	P3_R1200_U13	AND	24608
N25376	P3_R1200_U14	AND	24609
N25377	P3_R1200_U15	AND	24610
N25378	P3_R1200_U16	NAND	24611
N25379	P3_R1200_U17	NAND	24612
N25380	P3_R1200_U18	NAND	24613
N25381	P3_R1200_U19	NAND	24614
N25382	P3_R1200_U20	NAND	24615
N25383	P3_R1200_U21	NAND	24616
N25384	P3_R1200_U22	NAND	24617
N25385	P3_R1200_U23	NAND	24618
N25386	P3_R1200_U24	NAND	24619
N25387	P3_R1200_U25	NOT	24620
N25388	P3_R1200_U26	NAND	24621
N25389	P3_R1200_U27	NOT	24622
N25390	P3_R1200_U28	NOT	24623
N25391	P3_R1200_U29	NOT	24624
N25392	P3_R1200_U30	NOT	24625
N25393	P3_R1200_U31	NOT	24626
N25394	P3_R1200_U32	NOT	24627
N25395	P3_R1200_U33	NOT	24628
N25396	P3_R1200_U34	NAND	24629
N25397	P3_R1200_U35	NOT	24630
N25398	P3_R1200_U36	NOT	24631
N25399	P3_R1200_U37	NOT	24632
N25400	P3_R1200_U38	NOT	24633
N25401	P3_R1200_U39	NOT	24634
N25402	P3_R1200_U40	NOT	24635
N25403	P3_R1200_U41	NOT	24636
N25404	P3_R1200_U42	NOT	24637
N25405	P3_R1200_U43	NAND	24638
N25406	P3_R1200_U44	NAND	24639
N25407	P3_R1200_U45	NOT	24640
N25408	P3_R1200_U46	NOT	24641
N25409	P3_R1200_U47	NAND	24642
N25410	P3_R1200_U48	NAND	24643
N25411	P3_R1200_U49	NAND	24644
N25412	P3_R1200_U50	NOT	24645
N25413	P3_R1200_U51	NOT	24646
N25414	P3_R1200_U52	NOT	24647
N25415	P3_R1200_U53	NOT	24648
N25416	P3_R1200_U54	NOT	24649
N25417	P3_R1200_U55	NAND	24650
N25418	P3_R1200_U56	NOT	24651
N25419	P3_R1200_U57	NOT	24652
N25420	P3_R1200_U58	NOT	24653
N25421	P3_R1200_U59	NOT	24654
N25422	P3_R1200_U60	NOT	24655
N25423	P3_R1200_U61	NOT	24656
N25424	P3_R1200_U62	NOT	24657
N25425	P3_R1200_U63	NOT	24658
N25426	P3_R1200_U64	NOT	24659
N25427	P3_R1200_U65	NOT	24660
N25428	P3_R1200_U66	NAND	24661
N25429	P3_R1200_U67	NOT	24662
N25430	P3_R1200_U68	NOT	24663
N25431	P3_R1200_U69	NOT	24664
N25432	P3_R1200_U70	NOT	24665
N25433	P3_R1200_U71	NOT	24666
N25434	P3_R1200_U72	NOT	24667
N25435	P3_R1200_U73	NOT	24668
N25436	P3_R1200_U74	NOT	24669
N25437	P3_R1200_U75	NOT	24670
N25438	P3_R1200_U76	NOT	24671
N25439	P3_R1200_U77	NOT	24672
N25440	P3_R1200_U78	NOT	24673
N25441	P3_R1200_U79	NOT	24674
N25442	P3_R1200_U80	NAND	24675
N25443	P3_R1200_U81	NOT	24676
N25444	P3_R1200_U82	NOT	24677
N25445	P3_R1200_U83	NOT	24678
N25446	P3_R1200_U84	NOT	24679
N25447	P3_R1200_U85	NOT	24680
N25448	P3_R1200_U86	NOT	24681
N25449	P3_R1200_U87	NAND	24682
N25450	P3_R1200_U88	NOT	24683
N25451	P3_R1200_U89	NOT	24684
N25452	P3_R1200_U90	NOT	24685
N25453	P3_R1200_U91	NAND	24686
N25454	P3_R1200_U92	NAND	24687
N25455	P3_R1200_U93	NAND	24688
N25456	P3_R1200_U94	NAND	24689
N25457	P3_R1200_U95	NOT	24690
N25458	P3_R1200_U96	NAND	24691
N25459	P3_R1200_U97	NAND	24692
N25460	P3_R1200_U98	NAND	24693
N25461	P3_R1200_U99	NAND	24694
N25462	P3_R1200_U100	NAND	24695
N25463	P3_R1200_U101	NAND	24696
N25464	P3_R1200_U102	NAND	24697
N25465	P3_R1200_U103	NAND	24698
N25466	P3_R1200_U104	NAND	24699
N25467	P3_R1200_U105	NAND	24700
N25468	P3_R1200_U106	NAND	24701
N25469	P3_R1200_U107	NAND	24702
N25470	P3_R1200_U108	NAND	24703
N25471	P3_R1200_U109	NAND	24704
N25472	P3_R1200_U110	NAND	24705
N25473	P3_R1200_U111	NAND	24706
N25474	P3_R1200_U112	NAND	24707
N25475	P3_R1200_U113	NAND	24708
N25476	P3_R1200_U114	NAND	24709
N25477	P3_R1200_U115	NAND	24710
N25478	P3_R1200_U116	NAND	24711
N25479	P3_R1200_U117	AND	24712
N25480	P3_R1200_U118	AND	24713
N25481	P3_R1200_U119	AND	24714
N25482	P3_R1200_U120	AND	24715
N25483	P3_R1200_U121	AND	24716
N25484	P3_R1200_U122	AND	24717
N25485	P3_R1200_U123	AND	24718
N25486	P3_R1200_U124	AND	24719
N25487	P3_R1200_U125	AND	24720
N25488	P3_R1200_U126	AND	24721
N25489	P3_R1200_U127	AND	24722
N25490	P3_R1200_U128	AND	24723
N25491	P3_R1200_U129	AND	24724
N25492	P3_R1200_U130	AND	24725
N25493	P3_R1200_U131	AND	24726
N25494	P3_R1200_U132	AND	24727
N25495	P3_R1200_U133	AND	24728
N25496	P3_R1200_U134	AND	24729
N25497	P3_R1200_U135	NAND	24730
N25498	P3_R1200_U136	AND	24731
N25499	P3_R1200_U137	AND	24732
N25500	P3_R1200_U138	NAND	24733
N25501	P3_R1200_U139	NAND	24734
N25502	P3_R1200_U140	AND	24735
N25503	P3_R1200_U141	AND	24736
N25504	P3_R1200_U142	NAND	24737
N25505	P3_R1200_U143	NAND	24738
N25506	P3_R1200_U144	NAND	24739
N25507	P3_R1200_U145	NAND	24740
N25508	P3_R1200_U146	NAND	24741
N25509	P3_R1200_U147	AND	24742
N25510	P3_R1200_U148	AND	24743
N25511	P3_R1200_U149	NAND	24744
N25512	P3_R1200_U150	NAND	24745
N25513	P3_R1200_U151	AND	24746
N25514	P3_R1200_U152	AND	24747
N25515	P3_R1200_U153	AND	24748
N25516	P3_R1200_U154	NAND	24749
N25517	P3_R1200_U155	AND	24750
N25518	P3_R1200_U156	AND	24751
N25519	P3_R1200_U157	AND	24752
N25520	P3_R1200_U158	NAND	24753
N25521	P3_R1200_U159	AND	24754
N25522	P3_R1200_U160	NOT	24755
N25523	P3_R1200_U161	NOT	24756
N25524	P3_R1200_U162	AND	24757
N25525	P3_R1200_U163	NAND	24758
N25526	P3_R1200_U164	AND	24759
N25527	P3_R1200_U165	NAND	24760
N25528	P3_R1200_U166	NAND	24761
N25529	P3_R1200_U167	AND	24762
N25530	P3_R1200_U168	AND	24763
N25531	P3_R1200_U169	NAND	24764
N25532	P3_R1200_U170	NAND	24765
N25533	P3_R1200_U171	NOT	24766
N25534	P3_R1200_U172	NAND	24767
N25535	P3_R1200_U173	NAND	24768
N25536	P3_R1200_U174	NOT	24769
N25537	P3_R1200_U175	NAND	24770
N25538	P3_R1200_U176	NAND	24771
N25539	P3_R1200_U177	AND	24772
N25540	P3_R1200_U178	AND	24773
N25541	P3_R1200_U179	NAND	24774
N25542	P3_R1200_U180	NAND	24775
N25543	P3_R1200_U181	NAND	24776
N25544	P3_R1200_U182	AND	24777
N25545	P3_R1200_U183	NAND	24778
N25546	P3_R1200_U184	NAND	24779
N25547	P3_R1200_U185	NAND	24780
N25548	P3_R1200_U186	NOT	24781
N25549	P3_R1200_U187	NOT	24782
N25550	P3_R1200_U188	NOT	24783
N25551	P3_R1200_U189	NAND	24784
N25552	P3_R1200_U190	NAND	24785
N25553	P3_R1200_U191	NAND	24786
N25554	P3_R1200_U192	NAND	24787
N25555	P3_R1200_U193	NAND	24788
N25556	P3_R1200_U194	NAND	24789
N25557	P3_R1200_U195	NAND	24790
N25558	P3_R1200_U196	NOT	24791
N25559	P3_R1200_U197	NOT	24792
N25560	P3_R1200_U198	NOT	24793
N25561	P3_R1200_U199	NOT	24794
N25562	P3_R1200_U200	NOT	24795
N25563	P3_R1200_U201	NAND	24796
N25564	P3_R1200_U202	NOT	24797
N25565	P3_R1200_U203	NAND	24798
N25566	P3_R1200_U204	NAND	24799
N25567	P3_R1200_U205	NAND	24800
N25568	P3_R1200_U206	NAND	24801
N25569	P3_R1200_U207	NOT	24802
N25570	P3_R1200_U208	NAND	24803
N25571	P3_R1200_U209	NAND	24804
N25572	P3_R1200_U210	NAND	24805
N25573	P3_R1200_U211	NAND	24806
N25574	P3_R1200_U212	NAND	24807
N25575	P3_R1200_U213	NAND	24808
N25576	P3_R1200_U214	NAND	24809
N25577	P3_R1200_U215	NAND	24810
N25578	P3_R1200_U216	NOT	24811
N25579	P3_R1200_U217	NOT	24812
N25580	P3_R1200_U218	NAND	24813
N25581	P3_R1200_U219	NAND	24814
N25582	P3_R1200_U220	NAND	24815
N25583	P3_R1200_U221	NOT	24816
N25584	P3_R1200_U222	NAND	24817
N25585	P3_R1200_U223	NAND	24818
N25586	P3_R1200_U224	NAND	24819
N25587	P3_R1200_U225	NAND	24820
N25588	P3_R1200_U226	NAND	24821
N25589	P3_R1200_U227	NAND	24822
N25590	P3_R1200_U228	NAND	24823
N25591	P3_R1200_U229	NAND	24824
N25592	P3_R1200_U230	NOT	24825
N25593	P3_R1200_U231	NAND	24826
N25594	P3_R1200_U232	NAND	24827
N25595	P3_R1200_U233	NAND	24828
N25596	P3_R1200_U234	NAND	24829
N25597	P3_R1200_U235	NAND	24830
N25598	P3_R1200_U236	NAND	24831
N25599	P3_R1200_U237	NAND	24832
N25600	P3_R1200_U238	NAND	24833
N25601	P3_R1200_U239	NAND	24834
N25602	P3_R1200_U240	NAND	24835
N25603	P3_R1200_U241	NAND	24836
N25604	P3_R1200_U242	NAND	24837
N25605	P3_R1200_U243	NAND	24838
N25606	P3_R1200_U244	NAND	24839
N25607	P3_R1200_U245	NAND	24840
N25608	P3_R1200_U246	NAND	24841
N25609	P3_R1200_U247	NAND	24842
N25610	P3_R1200_U248	NAND	24843
N25611	P3_R1200_U249	NAND	24844
N25612	P3_R1200_U250	NAND	24845
N25613	P3_R1200_U251	NAND	24846
N25614	P3_R1200_U252	NAND	24847
N25615	P3_R1200_U253	NOT	24848
N25616	P3_R1200_U254	NAND	24849
N25617	P3_R1200_U255	NAND	24850
N25618	P3_R1200_U256	NAND	24851
N25619	P3_R1200_U257	NOT	24852
N25620	P3_R1200_U258	NAND	24853
N25621	P3_R1200_U259	NAND	24854
N25622	P3_R1200_U260	NAND	24855
N25623	P3_R1200_U261	NOT	24856
N25624	P3_R1200_U262	NAND	24857
N25625	P3_R1200_U263	NAND	24858
N25626	P3_R1200_U264	NAND	24859
N25627	P3_R1200_U265	NAND	24860
N25628	P3_R1200_U266	NAND	24861
N25629	P3_R1200_U267	NAND	24862
N25630	P3_R1200_U268	NAND	24863
N25631	P3_R1200_U269	NAND	24864
N25632	P3_R1200_U270	NAND	24865
N25633	P3_R1200_U271	NOT	24866
N25634	P3_R1200_U272	NAND	24867
N25635	P3_R1200_U273	NAND	24868
N25636	P3_R1200_U274	NAND	24869
N25637	P3_R1200_U275	NOT	24870
N25638	P3_R1200_U276	NAND	24871
N25639	P3_R1200_U277	NOT	24872
N25640	P3_R1200_U278	NAND	24873
N25641	P3_R1200_U279	NAND	24874
N25642	P3_R1200_U280	NAND	24875
N25643	P3_R1200_U281	NOT	24876
N25644	P3_R1200_U282	NAND	24877
N25645	P3_R1200_U283	NAND	24878
N25646	P3_R1200_U284	NAND	24879
N25647	P3_R1200_U285	NOT	24880
N25648	P3_R1200_U286	NAND	24881
N25649	P3_R1200_U287	NAND	24882
N25650	P3_R1200_U288	NAND	24883
N25651	P3_R1200_U289	NAND	24884
N25652	P3_R1200_U290	NAND	24885
N25653	P3_R1200_U291	NAND	24886
N25654	P3_R1200_U292	NAND	24887
N25655	P3_R1200_U293	NAND	24888
N25656	P3_R1200_U294	NAND	24889
N25657	P3_R1200_U295	NOT	24890
N25658	P3_R1200_U296	NAND	24891
N25659	P3_R1200_U297	NAND	24892
N25660	P3_R1200_U298	NAND	24893
N25661	P3_R1200_U299	NOT	24894
N25662	P3_R1200_U300	NAND	24895
N25663	P3_R1200_U301	NAND	24896
N25664	P3_R1200_U302	NAND	24897
N25665	P3_R1200_U303	NOT	24898
N25666	P3_R1200_U304	NAND	24899
N25667	P3_R1200_U305	NAND	24900
N25668	P3_R1200_U306	NAND	24901
N25669	P3_R1200_U307	NAND	24902
N25670	P3_R1200_U308	NOT	24903
N25671	P3_R1200_U309	NAND	24904
N25672	P3_R1200_U310	NAND	24905
N25673	P3_R1200_U311	NAND	24906
N25674	P3_R1200_U312	NAND	24907
N25675	P3_R1200_U313	NAND	24908
N25676	P3_R1200_U314	NAND	24909
N25677	P3_R1200_U315	NAND	24910
N25678	P3_R1200_U316	NAND	24911
N25679	P3_R1200_U317	NOT	24912
N25680	P3_R1200_U318	NAND	24913
N25681	P3_R1200_U319	NAND	24914
N25682	P3_R1200_U320	NAND	24915
N25683	P3_R1200_U321	NAND	24916
N25684	P3_R1200_U322	NAND	24917
N25685	P3_R1200_U323	NAND	24918
N25686	P3_R1200_U324	NAND	24919
N25687	P3_R1200_U325	NAND	24920
N25688	P3_R1200_U326	NAND	24921
N25689	P3_R1200_U327	NAND	24922
N25690	P3_R1200_U328	NOT	24923
N25691	P3_R1200_U329	NAND	24924
N25692	P3_R1200_U330	NAND	24925
N25693	P3_R1200_U331	NAND	24926
N25694	P3_R1200_U332	NAND	24927
N25695	P3_R1200_U333	NAND	24928
N25696	P3_R1200_U334	NAND	24929
N25697	P3_R1200_U335	NAND	24930
N25698	P3_R1200_U336	NAND	24931
N25699	P3_R1200_U337	NAND	24932
N25700	P3_R1200_U338	NAND	24933
N25701	P3_R1200_U339	NOT	24934
N25702	P3_R1200_U340	NAND	24935
N25703	P3_R1200_U341	NAND	24936
N25704	P3_R1200_U342	NAND	24937
N25705	P3_R1200_U343	NAND	24938
N25706	P3_R1200_U344	NAND	24939
N25707	P3_R1200_U345	NAND	24940
N25708	P3_R1200_U346	NAND	24941
N25709	P3_R1200_U347	NAND	24942
N25710	P3_R1200_U348	NAND	24943
N25711	P3_R1200_U349	NAND	24944
N25712	P3_R1200_U350	NAND	24945
N25713	P3_R1200_U351	NAND	24946
N25714	P3_R1200_U352	NAND	24947
N25715	P3_R1200_U353	NAND	24948
N25716	P3_R1200_U354	NAND	24949
N25717	P3_R1200_U355	NAND	24950
N25718	P3_R1200_U356	NAND	24951
N25719	P3_R1200_U357	NAND	24952
N25720	P3_R1200_U358	NAND	24953
N25721	P3_R1200_U359	NAND	24954
N25722	P3_R1200_U360	NAND	24955
N25723	P3_R1200_U361	NAND	24956
N25724	P3_R1200_U362	NAND	24957
N25725	P3_R1200_U363	NAND	24958
N25726	P3_R1200_U364	NAND	24959
N25727	P3_R1200_U365	NAND	24960
N25728	P3_R1200_U366	NAND	24961
N25729	P3_R1200_U367	NAND	24962
N25730	P3_R1200_U368	NAND	24963
N25731	P3_R1200_U369	NAND	24964
N25732	P3_R1200_U370	NAND	24965
N25733	P3_R1200_U371	NAND	24966
N25734	P3_R1200_U372	NAND	24967
N25735	P3_R1200_U373	NAND	24968
N25736	P3_R1200_U374	NAND	24969
N25737	P3_R1200_U375	NAND	24970
N25738	P3_R1200_U376	NAND	24971
N25739	P3_R1200_U377	NAND	24972
N25740	P3_R1200_U378	NAND	24973
N25741	P3_R1200_U379	NAND	24974
N25742	P3_R1200_U380	NAND	24975
N25743	P3_R1200_U381	NAND	24976
N25744	P3_R1200_U382	NAND	24977
N25745	P3_R1200_U383	NAND	24978
N25746	P3_R1200_U384	NAND	24979
N25747	P3_R1200_U385	NAND	24980
N25748	P3_R1200_U386	NAND	24981
N25749	P3_R1200_U387	NAND	24982
N25750	P3_R1200_U388	NAND	24983
N25751	P3_R1200_U389	NAND	24984
N25752	P3_R1200_U390	NAND	24985
N25753	P3_R1200_U391	NAND	24986
N25754	P3_R1200_U392	NAND	24987
N25755	P3_R1200_U393	NAND	24988
N25756	P3_R1200_U394	NAND	24989
N25757	P3_R1200_U395	NAND	24990
N25758	P3_R1200_U396	NAND	24991
N25759	P3_R1200_U397	NAND	24992
N25760	P3_R1200_U398	NAND	24993
N25761	P3_R1200_U399	NAND	24994
N25762	P3_R1200_U400	NOT	24995
N25763	P3_R1200_U401	NAND	24996
N25764	P3_R1200_U402	NAND	24997
N25765	P3_R1200_U403	NAND	24998
N25766	P3_R1200_U404	NAND	24999
N25767	P3_R1200_U405	NAND	25000
N25768	P3_R1200_U406	NAND	25001
N25769	P3_R1200_U407	NAND	25002
N25770	P3_R1200_U408	NAND	25003
N25771	P3_R1200_U409	NAND	25004
N25772	P3_R1200_U410	NAND	25005
N25773	P3_R1200_U411	NAND	25006
N25774	P3_R1200_U412	NAND	25007
N25775	P3_R1200_U413	NAND	25008
N25776	P3_R1200_U414	NOT	25009
N25777	P3_R1200_U415	NAND	25010
N25778	P3_R1200_U416	NAND	25011
N25779	P3_R1200_U417	NAND	25012
N25780	P3_R1200_U418	NAND	25013
N25781	P3_R1200_U419	NOT	25014
N25782	P3_R1200_U420	NAND	25015
N25783	P3_R1200_U421	NAND	25016
N25784	P3_R1200_U422	NAND	25017
N25785	P3_R1200_U423	NAND	25018
N25786	P3_R1200_U424	NAND	25019
N25787	P3_R1200_U425	NAND	25020
N25788	P3_R1200_U426	NAND	25021
N25789	P3_R1200_U427	NAND	25022
N25790	P3_R1200_U428	NAND	25023
N25791	P3_R1200_U429	NAND	25024
N25792	P3_R1200_U430	NAND	25025
N25793	P3_R1200_U431	NAND	25026
N25794	P3_R1200_U432	NAND	25027
N25795	P3_R1200_U433	NAND	25028
N25796	P3_R1200_U434	NAND	25029
N25797	P3_R1200_U435	NOT	25030
N25798	P3_R1200_U436	NAND	25031
N25799	P3_R1200_U437	NAND	25032
N25800	P3_R1200_U438	NAND	25033
N25801	P3_R1200_U439	NAND	25034
N25802	P3_R1200_U440	NOT	25035
N25803	P3_R1200_U441	NAND	25036
N25804	P3_R1200_U442	NAND	25037
N25805	P3_R1200_U443	NAND	25038
N25806	P3_R1200_U444	NAND	25039
N25807	P3_R1200_U445	NOT	25040
N25808	P3_R1200_U446	NAND	25041
N25809	P3_R1200_U447	NAND	25042
N25810	P3_R1200_U448	NAND	25043
N25811	P3_R1200_U449	NAND	25044
N25812	P3_R1200_U450	NOT	25045
N25813	P3_R1200_U451	NAND	25046
N25814	P3_R1200_U452	NAND	25047
N25815	P3_R1200_U453	NAND	25048
N25816	P3_R1200_U454	NAND	25049
N25817	P3_R1200_U455	NOT	25050
N25818	P3_R1200_U456	NAND	25051
N25819	P3_R1200_U457	NAND	25052
N25820	P3_R1200_U458	NAND	25053
N25821	P3_R1200_U459	NAND	25054
N25822	P3_R1200_U460	NAND	25055
N25823	P3_R1200_U461	NAND	25056
N25824	P3_R1200_U462	NAND	25057
N25825	P3_R1200_U463	NAND	25058
N25826	P3_R1200_U464	NAND	25059
N25827	P3_R1200_U465	NAND	25060
N25828	P3_R1200_U466	NAND	25061
N25829	P3_R1200_U467	NAND	25062
N25830	P3_R1200_U468	NAND	25063
N25831	P3_R1200_U469	NAND	25064
N25832	P3_R1200_U470	NAND	25065
N25833	P3_R1200_U471	NOT	25066
N25834	P3_R1200_U472	NAND	25067
N25835	P3_R1200_U473	NAND	25068
N25836	P3_R1200_U474	NAND	25069
N25837	P3_R1200_U475	NAND	25070
N25838	P3_R1200_U476	NOT	25071
N25839	P3_R1200_U477	NAND	25072
N25840	P3_R1200_U478	NAND	25073
N25841	P3_R1200_U479	NAND	25074
N25842	P3_R1200_U480	NAND	25075
N25843	P3_R1200_U481	NAND	25076
N25844	P3_R1200_U482	NAND	25077
N25845	P3_R1200_U483	NAND	25078
N25846	P3_R1200_U484	NAND	25079
N25847	P3_R1200_U485	NAND	25080
N25848	P3_R1179_U6	AND	25081
N25849	P3_R1179_U7	AND	25082
N25850	P3_R1179_U8	AND	25083
N25851	P3_R1179_U9	AND	25084
N25852	P3_R1179_U10	AND	25085
N25853	P3_R1179_U11	AND	25086
N25854	P3_R1179_U12	AND	25087
N25855	P3_R1179_U13	AND	25088
N25856	P3_R1179_U14	AND	25089
N25857	P3_R1179_U15	AND	25090
N25858	P3_R1179_U16	NAND	25091
N25859	P3_R1179_U17	NAND	25092
N25860	P3_R1179_U18	NAND	25093
N25861	P3_R1179_U19	NAND	25094
N25862	P3_R1179_U20	NAND	25095
N25863	P3_R1179_U21	NAND	25096
N25864	P3_R1179_U22	NAND	25097
N25865	P3_R1179_U23	NAND	25098
N25866	P3_R1179_U24	NAND	25099
N25867	P3_R1179_U25	NOT	25100
N25868	P3_R1179_U26	NAND	25101
N25869	P3_R1179_U27	NOT	25102
N25870	P3_R1179_U28	NOT	25103
N25871	P3_R1179_U29	NOT	25104
N25872	P3_R1179_U30	NOT	25105
N25873	P3_R1179_U31	NOT	25106
N25874	P3_R1179_U32	NOT	25107
N25875	P3_R1179_U33	NOT	25108
N25876	P3_R1179_U34	NAND	25109
N25877	P3_R1179_U35	NOT	25110
N25878	P3_R1179_U36	NOT	25111
N25879	P3_R1179_U37	NOT	25112
N25880	P3_R1179_U38	NOT	25113
N25881	P3_R1179_U39	NOT	25114
N25882	P3_R1179_U40	NOT	25115
N25883	P3_R1179_U41	NOT	25116
N25884	P3_R1179_U42	NOT	25117
N25885	P3_R1179_U43	NAND	25118
N25886	P3_R1179_U44	NAND	25119
N25887	P3_R1179_U45	NOT	25120
N25888	P3_R1179_U46	NOT	25121
N25889	P3_R1179_U47	NAND	25122
N25890	P3_R1179_U48	NAND	25123
N25891	P3_R1179_U49	NAND	25124
N25892	P3_R1179_U50	NOT	25125
N25893	P3_R1179_U51	NOT	25126
N25894	P3_R1179_U52	NOT	25127
N25895	P3_R1179_U53	NOT	25128
N25896	P3_R1179_U54	NOT	25129
N25897	P3_R1179_U55	NAND	25130
N25898	P3_R1179_U56	NOT	25131
N25899	P3_R1179_U57	NOT	25132
N25900	P3_R1179_U58	NOT	25133
N25901	P3_R1179_U59	NOT	25134
N25902	P3_R1179_U60	NOT	25135
N25903	P3_R1179_U61	NOT	25136
N25904	P3_R1179_U62	NOT	25137
N25905	P3_R1179_U63	NOT	25138
N25906	P3_R1179_U64	NOT	25139
N25907	P3_R1179_U65	NOT	25140
N25908	P3_R1179_U66	NAND	25141
N25909	P3_R1179_U67	NOT	25142
N25910	P3_R1179_U68	NOT	25143
N25911	P3_R1179_U69	NOT	25144
N25912	P3_R1179_U70	NOT	25145
N25913	P3_R1179_U71	NOT	25146
N25914	P3_R1179_U72	NOT	25147
N25915	P3_R1179_U73	NOT	25148
N25916	P3_R1179_U74	NOT	25149
N25917	P3_R1179_U75	NOT	25150
N25918	P3_R1179_U76	NOT	25151
N25919	P3_R1179_U77	NOT	25152
N25920	P3_R1179_U78	NOT	25153
N25921	P3_R1179_U79	NOT	25154
N25922	P3_R1179_U80	NAND	25155
N25923	P3_R1179_U81	NOT	25156
N25924	P3_R1179_U82	NOT	25157
N25925	P3_R1179_U83	NOT	25158
N25926	P3_R1179_U84	NOT	25159
N25927	P3_R1179_U85	NOT	25160
N25928	P3_R1179_U86	NOT	25161
N25929	P3_R1179_U87	NAND	25162
N25930	P3_R1179_U88	NOT	25163
N25931	P3_R1179_U89	NOT	25164
N25932	P3_R1179_U90	NOT	25165
N25933	P3_R1179_U91	NAND	25166
N25934	P3_R1179_U92	NAND	25167
N25935	P3_R1179_U93	NAND	25168
N25936	P3_R1179_U94	NAND	25169
N25937	P3_R1179_U95	NOT	25170
N25938	P3_R1179_U96	NAND	25171
N25939	P3_R1179_U97	NAND	25172
N25940	P3_R1179_U98	NAND	25173
N25941	P3_R1179_U99	NAND	25174
N25942	P3_R1179_U100	NAND	25175
N25943	P3_R1179_U101	NAND	25176
N25944	P3_R1179_U102	NAND	25177
N25945	P3_R1179_U103	NAND	25178
N25946	P3_R1179_U104	NAND	25179
N25947	P3_R1179_U105	NAND	25180
N25948	P3_R1179_U106	NAND	25181
N25949	P3_R1179_U107	NAND	25182
N25950	P3_R1179_U108	NAND	25183
N25951	P3_R1179_U109	NAND	25184
N25952	P3_R1179_U110	NAND	25185
N25953	P3_R1179_U111	NAND	25186
N25954	P3_R1179_U112	NAND	25187
N25955	P3_R1179_U113	NAND	25188
N25956	P3_R1179_U114	NAND	25189
N25957	P3_R1179_U115	NAND	25190
N25958	P3_R1179_U116	NAND	25191
N25959	P3_R1179_U117	AND	25192
N25960	P3_R1179_U118	AND	25193
N25961	P3_R1179_U119	AND	25194
N25962	P3_R1179_U120	AND	25195
N25963	P3_R1179_U121	AND	25196
N25964	P3_R1179_U122	AND	25197
N25965	P3_R1179_U123	AND	25198
N25966	P3_R1179_U124	AND	25199
N25967	P3_R1179_U125	AND	25200
N25968	P3_R1179_U126	AND	25201
N25969	P3_R1179_U127	AND	25202
N25970	P3_R1179_U128	AND	25203
N25971	P3_R1179_U129	AND	25204
N25972	P3_R1179_U130	AND	25205
N25973	P3_R1179_U131	AND	25206
N25974	P3_R1179_U132	AND	25207
N25975	P3_R1179_U133	AND	25208
N25976	P3_R1179_U134	AND	25209
N25977	P3_R1179_U135	NAND	25210
N25978	P3_R1179_U136	AND	25211
N25979	P3_R1179_U137	AND	25212
N25980	P3_R1179_U138	NAND	25213
N25981	P3_R1179_U139	NAND	25214
N25982	P3_R1179_U140	AND	25215
N25983	P3_R1179_U141	AND	25216
N25984	P3_R1179_U142	NAND	25217
N25985	P3_R1179_U143	NAND	25218
N25986	P3_R1179_U144	NAND	25219
N25987	P3_R1179_U145	NAND	25220
N25988	P3_R1179_U146	NAND	25221
N25989	P3_R1179_U147	AND	25222
N25990	P3_R1179_U148	AND	25223
N25991	P3_R1179_U149	NAND	25224
N25992	P3_R1179_U150	NAND	25225
N25993	P3_R1179_U151	AND	25226
N25994	P3_R1179_U152	AND	25227
N25995	P3_R1179_U153	AND	25228
N25996	P3_R1179_U154	NAND	25229
N25997	P3_R1179_U155	AND	25230
N25998	P3_R1179_U156	AND	25231
N25999	P3_R1179_U157	AND	25232
N26000	P3_R1179_U158	NAND	25233
N26001	P3_R1179_U159	AND	25234
N26002	P3_R1179_U160	NOT	25235
N26003	P3_R1179_U161	NOT	25236
N26004	P3_R1179_U162	AND	25237
N26005	P3_R1179_U163	NAND	25238
N26006	P3_R1179_U164	AND	25239
N26007	P3_R1179_U165	NAND	25240
N26008	P3_R1179_U166	NAND	25241
N26009	P3_R1179_U167	AND	25242
N26010	P3_R1179_U168	AND	25243
N26011	P3_R1179_U169	NAND	25244
N26012	P3_R1179_U170	NAND	25245
N26013	P3_R1179_U171	NOT	25246
N26014	P3_R1179_U172	NAND	25247
N26015	P3_R1179_U173	NAND	25248
N26016	P3_R1179_U174	NOT	25249
N26017	P3_R1179_U175	NAND	25250
N26018	P3_R1179_U176	NAND	25251
N26019	P3_R1179_U177	AND	25252
N26020	P3_R1179_U178	AND	25253
N26021	P3_R1179_U179	NAND	25254
N26022	P3_R1179_U180	NAND	25255
N26023	P3_R1179_U181	NAND	25256
N26024	P3_R1179_U182	AND	25257
N26025	P3_R1179_U183	NAND	25258
N26026	P3_R1179_U184	NAND	25259
N26027	P3_R1179_U185	NAND	25260
N26028	P3_R1179_U186	NOT	25261
N26029	P3_R1179_U187	NOT	25262
N26030	P3_R1179_U188	NOT	25263
N26031	P3_R1179_U189	NAND	25264
N26032	P3_R1179_U190	NAND	25265
N26033	P3_R1179_U191	NAND	25266
N26034	P3_R1179_U192	NAND	25267
N26035	P3_R1179_U193	NAND	25268
N26036	P3_R1179_U194	NAND	25269
N26037	P3_R1179_U195	NAND	25270
N26038	P3_R1179_U196	NOT	25271
N26039	P3_R1179_U197	NOT	25272
N26040	P3_R1179_U198	NOT	25273
N26041	P3_R1179_U199	NOT	25274
N26042	P3_R1179_U200	NOT	25275
N26043	P3_R1179_U201	NAND	25276
N26044	P3_R1179_U202	NOT	25277
N26045	P3_R1179_U203	NAND	25278
N26046	P3_R1179_U204	NAND	25279
N26047	P3_R1179_U205	NAND	25280
N26048	P3_R1179_U206	NAND	25281
N26049	P3_R1179_U207	NOT	25282
N26050	P3_R1179_U208	NAND	25283
N26051	P3_R1179_U209	NAND	25284
N26052	P3_R1179_U210	NAND	25285
N26053	P3_R1179_U211	NAND	25286
N26054	P3_R1179_U212	NAND	25287
N26055	P3_R1179_U213	NAND	25288
N26056	P3_R1179_U214	NAND	25289
N26057	P3_R1179_U215	NAND	25290
N26058	P3_R1179_U216	NOT	25291
N26059	P3_R1179_U217	NOT	25292
N26060	P3_R1179_U218	NAND	25293
N26061	P3_R1179_U219	NAND	25294
N26062	P3_R1179_U220	NAND	25295
N26063	P3_R1179_U221	NOT	25296
N26064	P3_R1179_U222	NAND	25297
N26065	P3_R1179_U223	NAND	25298
N26066	P3_R1179_U224	NAND	25299
N26067	P3_R1179_U225	NAND	25300
N26068	P3_R1179_U226	NAND	25301
N26069	P3_R1179_U227	NAND	25302
N26070	P3_R1179_U228	NAND	25303
N26071	P3_R1179_U229	NAND	25304
N26072	P3_R1179_U230	NOT	25305
N26073	P3_R1179_U231	NAND	25306
N26074	P3_R1179_U232	NAND	25307
N26075	P3_R1179_U233	NAND	25308
N26076	P3_R1179_U234	NAND	25309
N26077	P3_R1179_U235	NAND	25310
N26078	P3_R1179_U236	NAND	25311
N26079	P3_R1179_U237	NAND	25312
N26080	P3_R1179_U238	NAND	25313
N26081	P3_R1179_U239	NAND	25314
N26082	P3_R1179_U240	NAND	25315
N26083	P3_R1179_U241	NAND	25316
N26084	P3_R1179_U242	NAND	25317
N26085	P3_R1179_U243	NAND	25318
N26086	P3_R1179_U244	NAND	25319
N26087	P3_R1179_U245	NAND	25320
N26088	P3_R1179_U246	NAND	25321
N26089	P3_R1179_U247	NAND	25322
N26090	P3_R1179_U248	NAND	25323
N26091	P3_R1179_U249	NAND	25324
N26092	P3_R1179_U250	NAND	25325
N26093	P3_R1179_U251	NAND	25326
N26094	P3_R1179_U252	NAND	25327
N26095	P3_R1179_U253	NOT	25328
N26096	P3_R1179_U254	NAND	25329
N26097	P3_R1179_U255	NAND	25330
N26098	P3_R1179_U256	NAND	25331
N26099	P3_R1179_U257	NOT	25332
N26100	P3_R1179_U258	NAND	25333
N26101	P3_R1179_U259	NAND	25334
N26102	P3_R1179_U260	NAND	25335
N26103	P3_R1179_U261	NOT	25336
N26104	P3_R1179_U262	NAND	25337
N26105	P3_R1179_U263	NAND	25338
N26106	P3_R1179_U264	NAND	25339
N26107	P3_R1179_U265	NAND	25340
N26108	P3_R1179_U266	NAND	25341
N26109	P3_R1179_U267	NAND	25342
N26110	P3_R1179_U268	NAND	25343
N26111	P3_R1179_U269	NAND	25344
N26112	P3_R1179_U270	NAND	25345
N26113	P3_R1179_U271	NOT	25346
N26114	P3_R1179_U272	NAND	25347
N26115	P3_R1179_U273	NAND	25348
N26116	P3_R1179_U274	NAND	25349
N26117	P3_R1179_U275	NOT	25350
N26118	P3_R1179_U276	NAND	25351
N26119	P3_R1179_U277	NOT	25352
N26120	P3_R1179_U278	NAND	25353
N26121	P3_R1179_U279	NAND	25354
N26122	P3_R1179_U280	NAND	25355
N26123	P3_R1179_U281	NOT	25356
N26124	P3_R1179_U282	NAND	25357
N26125	P3_R1179_U283	NAND	25358
N26126	P3_R1179_U284	NAND	25359
N26127	P3_R1179_U285	NOT	25360
N26128	P3_R1179_U286	NAND	25361
N26129	P3_R1179_U287	NAND	25362
N26130	P3_R1179_U288	NAND	25363
N26131	P3_R1179_U289	NAND	25364
N26132	P3_R1179_U290	NAND	25365
N26133	P3_R1179_U291	NAND	25366
N26134	P3_R1179_U292	NAND	25367
N26135	P3_R1179_U293	NAND	25368
N26136	P3_R1179_U294	NAND	25369
N26137	P3_R1179_U295	NOT	25370
N26138	P3_R1179_U296	NAND	25371
N26139	P3_R1179_U297	NAND	25372
N26140	P3_R1179_U298	NAND	25373
N26141	P3_R1179_U299	NOT	25374
N26142	P3_R1179_U300	NAND	25375
N26143	P3_R1179_U301	NAND	25376
N26144	P3_R1179_U302	NAND	25377
N26145	P3_R1179_U303	NOT	25378
N26146	P3_R1179_U304	NAND	25379
N26147	P3_R1179_U305	NAND	25380
N26148	P3_R1179_U306	NAND	25381
N26149	P3_R1179_U307	NAND	25382
N26150	P3_R1179_U308	NOT	25383
N26151	P3_R1179_U309	NAND	25384
N26152	P3_R1179_U310	NAND	25385
N26153	P3_R1179_U311	NAND	25386
N26154	P3_R1179_U312	NAND	25387
N26155	P3_R1179_U313	NAND	25388
N26156	P3_R1179_U314	NAND	25389
N26157	P3_R1179_U315	NAND	25390
N26158	P3_R1179_U316	NAND	25391
N26159	P3_R1179_U317	NOT	25392
N26160	P3_R1179_U318	NAND	25393
N26161	P3_R1179_U319	NAND	25394
N26162	P3_R1179_U320	NAND	25395
N26163	P3_R1179_U321	NAND	25396
N26164	P3_R1179_U322	NAND	25397
N26165	P3_R1179_U323	NAND	25398
N26166	P3_R1179_U324	NAND	25399
N26167	P3_R1179_U325	NAND	25400
N26168	P3_R1179_U326	NAND	25401
N26169	P3_R1179_U327	NAND	25402
N26170	P3_R1179_U328	NOT	25403
N26171	P3_R1179_U329	NAND	25404
N26172	P3_R1179_U330	NAND	25405
N26173	P3_R1179_U331	NAND	25406
N26174	P3_R1179_U332	NAND	25407
N26175	P3_R1179_U333	NAND	25408
N26176	P3_R1179_U334	NAND	25409
N26177	P3_R1179_U335	NAND	25410
N26178	P3_R1179_U336	NAND	25411
N26179	P3_R1179_U337	NAND	25412
N26180	P3_R1179_U338	NAND	25413
N26181	P3_R1179_U339	NOT	25414
N26182	P3_R1179_U340	NAND	25415
N26183	P3_R1179_U341	NAND	25416
N26184	P3_R1179_U342	NAND	25417
N26185	P3_R1179_U343	NAND	25418
N26186	P3_R1179_U344	NAND	25419
N26187	P3_R1179_U345	NAND	25420
N26188	P3_R1179_U346	NAND	25421
N26189	P3_R1179_U347	NAND	25422
N26190	P3_R1179_U348	NAND	25423
N26191	P3_R1179_U349	NAND	25424
N26192	P3_R1179_U350	NAND	25425
N26193	P3_R1179_U351	NAND	25426
N26194	P3_R1179_U352	NAND	25427
N26195	P3_R1179_U353	NAND	25428
N26196	P3_R1179_U354	NAND	25429
N26197	P3_R1179_U355	NAND	25430
N26198	P3_R1179_U356	NAND	25431
N26199	P3_R1179_U357	NAND	25432
N26200	P3_R1179_U358	NAND	25433
N26201	P3_R1179_U359	NAND	25434
N26202	P3_R1179_U360	NAND	25435
N26203	P3_R1179_U361	NAND	25436
N26204	P3_R1179_U362	NAND	25437
N26205	P3_R1179_U363	NAND	25438
N26206	P3_R1179_U364	NAND	25439
N26207	P3_R1179_U365	NAND	25440
N26208	P3_R1179_U366	NAND	25441
N26209	P3_R1179_U367	NAND	25442
N26210	P3_R1179_U368	NAND	25443
N26211	P3_R1179_U369	NAND	25444
N26212	P3_R1179_U370	NAND	25445
N26213	P3_R1179_U371	NAND	25446
N26214	P3_R1179_U372	NAND	25447
N26215	P3_R1179_U373	NAND	25448
N26216	P3_R1179_U374	NAND	25449
N26217	P3_R1179_U375	NAND	25450
N26218	P3_R1179_U376	NAND	25451
N26219	P3_R1179_U377	NAND	25452
N26220	P3_R1179_U378	NAND	25453
N26221	P3_R1179_U379	NAND	25454
N26222	P3_R1179_U380	NAND	25455
N26223	P3_R1179_U381	NAND	25456
N26224	P3_R1179_U382	NAND	25457
N26225	P3_R1179_U383	NAND	25458
N26226	P3_R1179_U384	NAND	25459
N26227	P3_R1179_U385	NAND	25460
N26228	P3_R1179_U386	NAND	25461
N26229	P3_R1179_U387	NAND	25462
N26230	P3_R1179_U388	NAND	25463
N26231	P3_R1179_U389	NAND	25464
N26232	P3_R1179_U390	NAND	25465
N26233	P3_R1179_U391	NAND	25466
N26234	P3_R1179_U392	NAND	25467
N26235	P3_R1179_U393	NAND	25468
N26236	P3_R1179_U394	NAND	25469
N26237	P3_R1179_U395	NAND	25470
N26238	P3_R1179_U396	NAND	25471
N26239	P3_R1179_U397	NAND	25472
N26240	P3_R1179_U398	NAND	25473
N26241	P3_R1179_U399	NAND	25474
N26242	P3_R1179_U400	NOT	25475
N26243	P3_R1179_U401	NAND	25476
N26244	P3_R1179_U402	NAND	25477
N26245	P3_R1179_U403	NAND	25478
N26246	P3_R1179_U404	NAND	25479
N26247	P3_R1179_U405	NAND	25480
N26248	P3_R1179_U406	NAND	25481
N26249	P3_R1179_U407	NAND	25482
N26250	P3_R1179_U408	NAND	25483
N26251	P3_R1179_U409	NAND	25484
N26252	P3_R1179_U410	NAND	25485
N26253	P3_R1179_U411	NAND	25486
N26254	P3_R1179_U412	NAND	25487
N26255	P3_R1179_U413	NAND	25488
N26256	P3_R1179_U414	NOT	25489
N26257	P3_R1179_U415	NAND	25490
N26258	P3_R1179_U416	NAND	25491
N26259	P3_R1179_U417	NAND	25492
N26260	P3_R1179_U418	NAND	25493
N26261	P3_R1179_U419	NOT	25494
N26262	P3_R1179_U420	NAND	25495
N26263	P3_R1179_U421	NAND	25496
N26264	P3_R1179_U422	NAND	25497
N26265	P3_R1179_U423	NAND	25498
N26266	P3_R1179_U424	NAND	25499
N26267	P3_R1179_U425	NAND	25500
N26268	P3_R1179_U426	NAND	25501
N26269	P3_R1179_U427	NAND	25502
N26270	P3_R1179_U428	NAND	25503
N26271	P3_R1179_U429	NAND	25504
N26272	P3_R1179_U430	NAND	25505
N26273	P3_R1179_U431	NAND	25506
N26274	P3_R1179_U432	NAND	25507
N26275	P3_R1179_U433	NAND	25508
N26276	P3_R1179_U434	NAND	25509
N26277	P3_R1179_U435	NOT	25510
N26278	P3_R1179_U436	NAND	25511
N26279	P3_R1179_U437	NAND	25512
N26280	P3_R1179_U438	NAND	25513
N26281	P3_R1179_U439	NAND	25514
N26282	P3_R1179_U440	NOT	25515
N26283	P3_R1179_U441	NAND	25516
N26284	P3_R1179_U442	NAND	25517
N26285	P3_R1179_U443	NAND	25518
N26286	P3_R1179_U444	NAND	25519
N26287	P3_R1179_U445	NOT	25520
N26288	P3_R1179_U446	NAND	25521
N26289	P3_R1179_U447	NAND	25522
N26290	P3_R1179_U448	NAND	25523
N26291	P3_R1179_U449	NAND	25524
N26292	P3_R1179_U450	NOT	25525
N26293	P3_R1179_U451	NAND	25526
N26294	P3_R1179_U452	NAND	25527
N26295	P3_R1179_U453	NAND	25528
N26296	P3_R1179_U454	NAND	25529
N26297	P3_R1179_U455	NOT	25530
N26298	P3_R1179_U456	NAND	25531
N26299	P3_R1179_U457	NAND	25532
N26300	P3_R1179_U458	NAND	25533
N26301	P3_R1179_U459	NAND	25534
N26302	P3_R1179_U460	NAND	25535
N26303	P3_R1179_U461	NAND	25536
N26304	P3_R1179_U462	NAND	25537
N26305	P3_R1179_U463	NAND	25538
N26306	P3_R1179_U464	NAND	25539
N26307	P3_R1179_U465	NAND	25540
N26308	P3_R1179_U466	NAND	25541
N26309	P3_R1179_U467	NAND	25542
N26310	P3_R1179_U468	NAND	25543
N26311	P3_R1179_U469	NAND	25544
N26312	P3_R1179_U470	NAND	25545
N26313	P3_R1179_U471	NOT	25546
N26314	P3_R1179_U472	NAND	25547
N26315	P3_R1179_U473	NAND	25548
N26316	P3_R1179_U474	NAND	25549
N26317	P3_R1179_U475	NAND	25550
N26318	P3_R1179_U476	NOT	25551
N26319	P3_R1179_U477	NAND	25552
N26320	P3_R1179_U478	NAND	25553
N26321	P3_R1179_U479	NAND	25554
N26322	P3_R1179_U480	NAND	25555
N26323	P3_R1179_U481	NAND	25556
N26324	P3_R1179_U482	NAND	25557
N26325	P3_R1179_U483	NAND	25558
N26326	P3_R1179_U484	NAND	25559
N26327	P3_R1179_U485	NAND	25560
N26328	P3_R1269_U6	AND	25561
N26329	P3_R1269_U7	AND	25562
N26330	P3_R1269_U8	AND	25563
N26331	P3_R1269_U9	AND	25564
N26332	P3_R1269_U10	AND	25565
N26333	P3_R1269_U11	NAND	25566
N26334	P3_R1269_U12	NOT	25567
N26335	P3_R1269_U13	NOT	25568
N26336	P3_R1269_U14	NOT	25569
N26337	P3_R1269_U15	NOT	25570
N26338	P3_R1269_U16	NOT	25571
N26339	P3_R1269_U17	NOT	25572
N26340	P3_R1269_U18	NOT	25573
N26341	P3_R1269_U19	NOT	25574
N26342	P3_R1269_U20	NOT	25575
N26343	P3_R1269_U21	NOT	25576
N26344	P3_R1269_U22	NOT	25577
N26345	P3_R1269_U23	NOT	25578
N26346	P3_R1269_U24	NOT	25579
N26347	P3_R1269_U25	NOT	25580
N26348	P3_R1269_U26	NOT	25581
N26349	P3_R1269_U27	NOT	25582
N26350	P3_R1269_U28	NOT	25583
N26351	P3_R1269_U29	NOT	25584
N26352	P3_R1269_U30	NOT	25585
N26353	P3_R1269_U31	NOT	25586
N26354	P3_R1269_U32	NOT	25587
N26355	P3_R1269_U33	NOT	25588
N26356	P3_R1269_U34	NOT	25589
N26357	P3_R1269_U35	NOT	25590
N26358	P3_R1269_U36	NOT	25591
N26359	P3_R1269_U37	NOT	25592
N26360	P3_R1269_U38	NOT	25593
N26361	P3_R1269_U39	NOT	25594
N26362	P3_R1269_U40	NOT	25595
N26363	P3_R1269_U41	NOT	25596
N26364	P3_R1269_U42	NOT	25597
N26365	P3_R1269_U43	NOT	25598
N26366	P3_R1269_U44	NOT	25599
N26367	P3_R1269_U45	NOT	25600
N26368	P3_R1269_U46	NOT	25601
N26369	P3_R1269_U47	NOT	25602
N26370	P3_R1269_U48	NOT	25603
N26371	P3_R1269_U49	NAND	25604
N26372	P3_R1269_U50	NOT	25605
N26373	P3_R1269_U51	NOT	25606
N26374	P3_R1269_U52	NOT	25607
N26375	P3_R1269_U53	NOT	25608
N26376	P3_R1269_U54	NOT	25609
N26377	P3_R1269_U55	NOT	25610
N26378	P3_R1269_U56	NOT	25611
N26379	P3_R1269_U57	NOT	25612
N26380	P3_R1269_U58	NOT	25613
N26381	P3_R1269_U59	NOT	25614
N26382	P3_R1269_U60	NOT	25615
N26383	P3_R1269_U61	NOT	25616
N26384	P3_R1269_U62	NOT	25617
N26385	P3_R1269_U63	NOT	25618
N26386	P3_R1269_U64	NOT	25619
N26387	P3_R1269_U65	NOT	25620
N26388	P3_R1269_U66	NOT	25621
N26389	P3_R1269_U67	NOT	25622
N26390	P3_R1269_U68	NAND	25623
N26391	P3_R1269_U69	NOT	25624
N26392	P3_R1269_U70	NOT	25625
N26393	P3_R1269_U71	NOT	25626
N26394	P3_R1269_U72	NOT	25627
N26395	P3_R1269_U73	AND	25628
N26396	P3_R1269_U74	AND	25629
N26397	P3_R1269_U75	AND	25630
N26398	P3_R1269_U76	AND	25631
N26399	P3_R1269_U77	AND	25632
N26400	P3_R1269_U78	AND	25633
N26401	P3_R1269_U79	AND	25634
N26402	P3_R1269_U80	AND	25635
N26403	P3_R1269_U81	AND	25636
N26404	P3_R1269_U82	AND	25637
N26405	P3_R1269_U83	AND	25638
N26406	P3_R1269_U84	AND	25639
N26407	P3_R1269_U85	AND	25640
N26408	P3_R1269_U86	AND	25641
N26409	P3_R1269_U87	AND	25642
N26410	P3_R1269_U88	AND	25643
N26411	P3_R1269_U89	AND	25644
N26412	P3_R1269_U90	AND	25645
N26413	P3_R1269_U91	AND	25646
N26414	P3_R1269_U92	AND	25647
N26415	P3_R1269_U93	AND	25648
N26416	P3_R1269_U94	AND	25649
N26417	P3_R1269_U95	AND	25650
N26418	P3_R1269_U96	AND	25651
N26419	P3_R1269_U97	AND	25652
N26420	P3_R1269_U98	AND	25653
N26421	P3_R1269_U99	AND	25654
N26422	P3_R1269_U100	NOT	25655
N26423	P3_R1269_U101	NOT	25656
N26424	P3_R1269_U102	NAND	25657
N26425	P3_R1269_U103	NAND	25658
N26426	P3_R1269_U104	NAND	25659
N26427	P3_R1269_U105	NAND	25660
N26428	P3_R1269_U106	NAND	25661
N26429	P3_R1269_U107	NAND	25662
N26430	P3_R1269_U108	NAND	25663
N26431	P3_R1269_U109	NAND	25664
N26432	P3_R1269_U110	NAND	25665
N26433	P3_R1269_U111	NAND	25666
N26434	P3_R1269_U112	NAND	25667
N26435	P3_R1269_U113	NAND	25668
N26436	P3_R1269_U114	OR	25669
N26437	P3_R1269_U115	NAND	25670
N26438	P3_R1269_U116	NAND	25671
N26439	P3_R1269_U117	NAND	25672
N26440	P3_R1269_U118	NAND	25673
N26441	P3_R1269_U119	NAND	25674
N26442	P3_R1269_U120	NAND	25675
N26443	P3_R1269_U121	NAND	25676
N26444	P3_R1269_U122	NAND	25677
N26445	P3_R1269_U123	NAND	25678
N26446	P3_R1269_U124	NAND	25679
N26447	P3_R1269_U125	NAND	25680
N26448	P3_R1269_U126	NAND	25681
N26449	P3_R1269_U127	NAND	25682
N26450	P3_R1269_U128	NAND	25683
N26451	P3_R1269_U129	NAND	25684
N26452	P3_R1269_U130	NAND	25685
N26453	P3_R1269_U131	NAND	25686
N26454	P3_R1269_U132	NAND	25687
N26455	P3_R1269_U133	NAND	25688
N26456	P3_R1269_U134	NAND	25689
N26457	P3_R1269_U135	NAND	25690
N26458	P3_R1269_U136	NAND	25691
N26459	P3_R1269_U137	NAND	25692
N26460	P3_R1269_U138	NAND	25693
N26461	P3_R1269_U139	NAND	25694
N26462	P3_R1269_U140	NAND	25695
N26463	P3_R1269_U141	NAND	25696
N26464	P3_R1269_U142	NAND	25697
N26465	P3_R1269_U143	NAND	25698
N26466	P3_R1269_U144	NAND	25699
N26467	P3_R1269_U145	NAND	25700
N26468	P3_R1269_U146	NAND	25701
N26469	P3_R1269_U147	NAND	25702
N26470	P3_R1269_U148	NAND	25703
N26471	P3_R1269_U149	NAND	25704
N26472	P3_R1269_U150	NAND	25705
N26473	P3_R1269_U151	NAND	25706
N26474	P3_R1269_U152	NAND	25707
N26475	P3_R1269_U153	NAND	25708
N26476	P3_R1269_U154	NAND	25709
N26477	P3_R1269_U155	NAND	25710
N26478	P3_R1269_U156	NAND	25711
N26479	P3_R1269_U157	NAND	25712
N26480	P3_R1269_U158	NOT	25713
N26481	P3_R1269_U159	NAND	25714
N26482	P3_R1269_U160	NAND	25715
N26483	P3_R1269_U161	NAND	25716
N26484	P3_R1269_U162	NAND	25717
N26485	P3_R1269_U163	NAND	25718
N26486	P3_R1269_U164	NAND	25719
N26487	P3_R1269_U165	NAND	25720
N26488	P3_R1269_U166	NAND	25721
N26489	P3_R1269_U167	NAND	25722
N26490	P3_R1269_U168	NAND	25723
N26491	P3_R1269_U169	NAND	25724
N26492	P3_R1269_U170	NAND	25725
N26493	P3_R1269_U171	NAND	25726
N26494	P3_R1269_U172	NAND	25727
N26495	P3_R1269_U173	NAND	25728
N26496	P3_R1269_U174	NAND	25729
N26497	P3_R1269_U175	NAND	25730
N26498	P3_R1269_U176	NAND	25731
N26499	P3_R1269_U177	NAND	25732
N26500	P3_R1269_U178	NAND	25733
N26501	P3_R1269_U179	NOT	25734
N26502	P3_R1269_U180	NAND	25735
N26503	P3_R1269_U181	NAND	25736
N26504	P3_R1269_U182	NAND	25737
N26505	P3_R1269_U183	NAND	25738
N26506	P3_R1269_U184	NAND	25739
N26507	P3_R1269_U185	NAND	25740
N26508	P3_R1269_U186	NAND	25741
N26509	P3_R1269_U187	NAND	25742
N26510	P3_R1269_U188	NAND	25743
N26511	P3_R1269_U189	NAND	25744
N26512	P3_R1269_U190	NAND	25745
N26513	P3_R1269_U191	NAND	25746
N26514	P3_R1269_U192	NAND	25747
N26515	P3_R1269_U193	NAND	25748
N26516	P3_R1269_U194	NAND	25749
N26517	P3_R1269_U195	NAND	25750
N26518	P3_R1269_U196	NAND	25751
N26519	P3_R1269_U197	NAND	25752
N26520	P3_R1269_U198	NAND	25753
N26521	P3_R1269_U199	NAND	25754
N26522	P3_R1269_U200	NAND	25755
N26523	P3_R1269_U201	NAND	25756
N26524	P3_R1269_U202	NAND	25757
N26525	P3_R1110_U4	AND	25758
N26526	P3_R1110_U5	AND	25759
N26527	P3_R1110_U6	AND	25760
N26528	P3_R1110_U7	AND	25761
N26529	P3_R1110_U8	AND	25762
N26530	P3_R1110_U9	AND	25763
N26531	P3_R1110_U10	AND	25764
N26532	P3_R1110_U11	AND	25765
N26533	P3_R1110_U12	AND	25766
N26534	P3_R1110_U13	AND	25767
N26535	P3_R1110_U14	AND	25768
N26536	P3_R1110_U15	AND	25769
N26537	P3_R1110_U16	AND	25770
N26538	P3_R1110_U17	AND	25771
N26539	P3_R1110_U18	AND	25772
N26540	P3_R1110_U19	NOT	25773
N26541	P3_R1110_U20	NOT	25774
N26542	P3_R1110_U21	NOT	25775
N26543	P3_R1110_U22	NAND	25776
N26544	P3_R1110_U23	NOT	25777
N26545	P3_R1110_U24	NOT	25778
N26546	P3_R1110_U25	NOT	25779
N26547	P3_R1110_U26	NOT	25780
N26548	P3_R1110_U27	NOT	25781
N26549	P3_R1110_U28	NOT	25782
N26550	P3_R1110_U29	NOT	25783
N26551	P3_R1110_U30	NOT	25784
N26552	P3_R1110_U31	NAND	25785
N26553	P3_R1110_U32	NOT	25786
N26554	P3_R1110_U33	NOT	25787
N26555	P3_R1110_U34	NAND	25788
N26556	P3_R1110_U35	NOT	25789
N26557	P3_R1110_U36	NOT	25790
N26558	P3_R1110_U37	NOT	25791
N26559	P3_R1110_U38	NOT	25792
N26560	P3_R1110_U39	NOT	25793
N26561	P3_R1110_U40	NAND	25794
N26562	P3_R1110_U41	NAND	25795
N26563	P3_R1110_U42	NAND	25796
N26564	P3_R1110_U43	NAND	25797
N26565	P3_R1110_U44	NAND	25798
N26566	P3_R1110_U45	NAND	25799
N26567	P3_R1110_U46	NOT	25800
N26568	P3_R1110_U47	NOT	25801
N26569	P3_R1110_U48	NOT	25802
N26570	P3_R1110_U49	NOT	25803
N26571	P3_R1110_U50	NOT	25804
N26572	P3_R1110_U51	NOT	25805
N26573	P3_R1110_U52	NOT	25806
N26574	P3_R1110_U53	NOT	25807
N26575	P3_R1110_U54	NOT	25808
N26576	P3_R1110_U55	NOT	25809
N26577	P3_R1110_U56	NOT	25810
N26578	P3_R1110_U57	NOT	25811
N26579	P3_R1110_U58	NOT	25812
N26580	P3_R1110_U59	NAND	25813
N26581	P3_R1110_U60	NOT	25814
N26582	P3_R1110_U61	NAND	25815
N26583	P3_R1110_U62	NOT	25816
N26584	P3_R1110_U63	NOT	25817
N26585	P3_R1110_U64	NOT	25818
N26586	P3_R1110_U65	NOT	25819
N26587	P3_R1110_U66	NOT	25820
N26588	P3_R1110_U67	NOT	25821
N26589	P3_R1110_U68	NAND	25822
N26590	P3_R1110_U69	NOT	25823
N26591	P3_R1110_U70	NOT	25824
N26592	P3_R1110_U71	NOT	25825
N26593	P3_R1110_U72	NOT	25826
N26594	P3_R1110_U73	NOT	25827
N26595	P3_R1110_U74	NOT	25828
N26596	P3_R1110_U75	NOT	25829
N26597	P3_R1110_U76	NOT	25830
N26598	P3_R1110_U77	NAND	25831
N26599	P3_R1110_U78	NOT	25832
N26600	P3_R1110_U79	NOT	25833
N26601	P3_R1110_U80	NAND	25834
N26602	P3_R1110_U81	NOT	25835
N26603	P3_R1110_U82	NOT	25836
N26604	P3_R1110_U83	NOT	25837
N26605	P3_R1110_U84	NOT	25838
N26606	P3_R1110_U85	NOT	25839
N26607	P3_R1110_U86	NAND	25840
N26608	P3_R1110_U87	NOT	25841
N26609	P3_R1110_U88	NOT	25842
N26610	P3_R1110_U89	NAND	25843
N26611	P3_R1110_U90	NOT	25844
N26612	P3_R1110_U91	NAND	25845
N26613	P3_R1110_U92	NAND	25846
N26614	P3_R1110_U93	NAND	25847
N26615	P3_R1110_U94	NAND	25848
N26616	P3_R1110_U95	NAND	25849
N26617	P3_R1110_U96	NAND	25850
N26618	P3_R1110_U97	NAND	25851
N26619	P3_R1110_U98	NAND	25852
N26620	P3_R1110_U99	NAND	25853
N26621	P3_R1110_U100	NAND	25854
N26622	P3_R1110_U101	NAND	25855
N26623	P3_R1110_U102	NAND	25856
N26624	P3_R1110_U103	NAND	25857
N26625	P3_R1110_U104	NAND	25858
N26626	P3_R1110_U105	NAND	25859
N26627	P3_R1110_U106	NAND	25860
N26628	P3_R1110_U107	NAND	25861
N26629	P3_R1110_U108	NAND	25862
N26630	P3_R1110_U109	NAND	25863
N26631	P3_R1110_U110	NAND	25864
N26632	P3_R1110_U111	NAND	25865
N26633	P3_R1110_U112	NAND	25866
N26634	P3_R1110_U113	NAND	25867
N26635	P3_R1110_U114	NAND	25868
N26636	P3_R1110_U115	AND	25869
N26637	P3_R1110_U116	AND	25870
N26638	P3_R1110_U117	AND	25871
N26639	P3_R1110_U118	AND	25872
N26640	P3_R1110_U119	AND	25873
N26641	P3_R1110_U120	AND	25874
N26642	P3_R1110_U121	AND	25875
N26643	P3_R1110_U122	AND	25876
N26644	P3_R1110_U123	AND	25877
N26645	P3_R1110_U124	AND	25878
N26646	P3_R1110_U125	AND	25879
N26647	P3_R1110_U126	AND	25880
N26648	P3_R1110_U127	AND	25881
N26649	P3_R1110_U128	AND	25882
N26650	P3_R1110_U129	AND	25883
N26651	P3_R1110_U130	AND	25884
N26652	P3_R1110_U131	AND	25885
N26653	P3_R1110_U132	AND	25886
N26654	P3_R1110_U133	AND	25887
N26655	P3_R1110_U134	AND	25888
N26656	P3_R1110_U135	AND	25889
N26657	P3_R1110_U136	AND	25890
N26658	P3_R1110_U137	AND	25891
N26659	P3_R1110_U138	AND	25892
N26660	P3_R1110_U139	AND	25893
N26661	P3_R1110_U140	AND	25894
N26662	P3_R1110_U141	AND	25895
N26663	P3_R1110_U142	AND	25896
N26664	P3_R1110_U143	AND	25897
N26665	P3_R1110_U144	NAND	25898
N26666	P3_R1110_U145	NAND	25899
N26667	P3_R1110_U146	NOT	25900
N26668	P3_R1110_U147	NOT	25901
N26669	P3_R1110_U148	AND	25902
N26670	P3_R1110_U149	NAND	25903
N26671	P3_R1110_U150	AND	25904
N26672	P3_R1110_U151	NAND	25905
N26673	P3_R1110_U152	AND	25906
N26674	P3_R1110_U153	NAND	25907
N26675	P3_R1110_U154	AND	25908
N26676	P3_R1110_U155	NAND	25909
N26677	P3_R1110_U156	AND	25910
N26678	P3_R1110_U157	NAND	25911
N26679	P3_R1110_U158	AND	25912
N26680	P3_R1110_U159	NAND	25913
N26681	P3_R1110_U160	AND	25914
N26682	P3_R1110_U161	NAND	25915
N26683	P3_R1110_U162	NAND	25916
N26684	P3_R1110_U163	AND	25917
N26685	P3_R1110_U164	NAND	25918
N26686	P3_R1110_U165	AND	25919
N26687	P3_R1110_U166	NAND	25920
N26688	P3_R1110_U167	NAND	25921
N26689	P3_R1110_U168	NAND	25922
N26690	P3_R1110_U169	NAND	25923
N26691	P3_R1110_U170	NOT	25924
N26692	P3_R1110_U171	NAND	25925
N26693	P3_R1110_U172	NAND	25926
N26694	P3_R1110_U173	NAND	25927
N26695	P3_R1110_U174	NOT	25928
N26696	P3_R1110_U175	NOT	25929
N26697	P3_R1110_U176	NAND	25930
N26698	P3_R1110_U177	NOT	25931
N26699	P3_R1110_U178	OR	25932
N26700	P3_R1110_U179	OR	25933
N26701	P3_R1110_U180	OR	25934
N26702	P3_R1110_U181	OR	25935
N26703	P3_R1110_U182	NOT	25936
N26704	P3_R1110_U183	OR	25937
N26705	P3_R1110_U184	NOT	25938
N26706	P3_R1110_U185	NOT	25939
N26707	P3_R1110_U186	NAND	25940
N26708	P3_R1110_U187	NAND	25941
N26709	P3_R1110_U188	NAND	25942
N26710	P3_R1110_U189	NAND	25943
N26711	P3_R1110_U190	NAND	25944
N26712	P3_R1110_U191	NAND	25945
N26713	P3_R1110_U192	NAND	25946
N26714	P3_R1110_U193	NAND	25947
N26715	P3_R1110_U194	NAND	25948
N26716	P3_R1110_U195	NOT	25949
N26717	P3_R1110_U196	OR	25950
N26718	P3_R1110_U197	OR	25951
N26719	P3_R1110_U198	NOT	25952
N26720	P3_R1110_U199	NAND	25953
N26721	P3_R1110_U200	NAND	25954
N26722	P3_R1110_U201	NAND	25955
N26723	P3_R1110_U202	NAND	25956
N26724	P3_R1110_U203	NOT	25957
N26725	P3_R1110_U204	OR	25958
N26726	P3_R1110_U205	NAND	25959
N26727	P3_R1110_U206	NOT	25960
N26728	P3_R1110_U207	OR	25961
N26729	P3_R1110_U208	OR	25962
N26730	P3_R1110_U209	NAND	25963
N26731	P3_R1110_U210	NAND	25964
N26732	P3_R1110_U211	NAND	25965
N26733	P3_R1110_U212	NAND	25966
N26734	P3_R1110_U213	NAND	25967
N26735	P3_R1110_U214	OR	25968
N26736	P3_R1110_U215	NAND	25969
N26737	P3_R1110_U216	NAND	25970
N26738	P3_R1110_U217	NOT	25971
N26739	P3_R1110_U218	NAND	25972
N26740	P3_R1110_U219	NAND	25973
N26741	P3_R1110_U220	NAND	25974
N26742	P3_R1110_U221	NOT	25975
N26743	P3_R1110_U222	OR	25976
N26744	P3_R1110_U223	NAND	25977
N26745	P3_R1110_U224	NAND	25978
N26746	P3_R1110_U225	NAND	25979
N26747	P3_R1110_U226	NAND	25980
N26748	P3_R1110_U227	NAND	25981
N26749	P3_R1110_U228	OR	25982
N26750	P3_R1110_U229	NAND	25983
N26751	P3_R1110_U230	NOT	25984
N26752	P3_R1110_U231	NAND	25985
N26753	P3_R1110_U232	NAND	25986
N26754	P3_R1110_U233	NAND	25987
N26755	P3_R1110_U234	NAND	25988
N26756	P3_R1110_U235	NAND	25989
N26757	P3_R1110_U236	OR	25990
N26758	P3_R1110_U237	OR	25991
N26759	P3_R1110_U238	NAND	25992
N26760	P3_R1110_U239	NAND	25993
N26761	P3_R1110_U240	NAND	25994
N26762	P3_R1110_U241	OR	25995
N26763	P3_R1110_U242	NAND	25996
N26764	P3_R1110_U243	NAND	25997
N26765	P3_R1110_U244	NOT	25998
N26766	P3_R1110_U245	OR	25999
N26767	P3_R1110_U246	OR	26000
N26768	P3_R1110_U247	NAND	26001
N26769	P3_R1110_U248	NAND	26002
N26770	P3_R1110_U249	NAND	26003
N26771	P3_R1110_U250	OR	26004
N26772	P3_R1110_U251	OR	26005
N26773	P3_R1110_U252	NAND	26006
N26774	P3_R1110_U253	NAND	26007
N26775	P3_R1110_U254	NOT	26008
N26776	P3_R1110_U255	OR	26009
N26777	P3_R1110_U256	NAND	26010
N26778	P3_R1110_U257	NAND	26011
N26779	P3_R1110_U258	NOT	26012
N26780	P3_R1110_U259	OR	26013
N26781	P3_R1110_U260	NAND	26014
N26782	P3_R1110_U261	NAND	26015
N26783	P3_R1110_U262	NOT	26016
N26784	P3_R1110_U263	OR	26017
N26785	P3_R1110_U264	OR	26018
N26786	P3_R1110_U265	NOT	26019
N26787	P3_R1110_U266	NAND	26020
N26788	P3_R1110_U267	NAND	26021
N26789	P3_R1110_U268	NAND	26022
N26790	P3_R1110_U269	NAND	26023
N26791	P3_R1110_U270	NOT	26024
N26792	P3_R1110_U271	OR	26025
N26793	P3_R1110_U272	OR	26026
N26794	P3_R1110_U273	OR	26027
N26795	P3_R1110_U274	NOT	26028
N26796	P3_R1110_U275	NAND	26029
N26797	P3_R1110_U276	NAND	26030
N26798	P3_R1110_U277	NAND	26031
N26799	P3_R1110_U278	NAND	26032
N26800	P3_R1110_U279	NAND	26033
N26801	P3_R1110_U280	NAND	26034
N26802	P3_R1110_U281	NAND	26035
N26803	P3_R1110_U282	OR	26036
N26804	P3_R1110_U283	OR	26037
N26805	P3_R1110_U284	NAND	26038
N26806	P3_R1110_U285	NAND	26039
N26807	P3_R1110_U286	NOT	26040
N26808	P3_R1110_U287	OR	26041
N26809	P3_R1110_U288	NAND	26042
N26810	P3_R1110_U289	NAND	26043
N26811	P3_R1110_U290	NOT	26044
N26812	P3_R1110_U291	OR	26045
N26813	P3_R1110_U292	NAND	26046
N26814	P3_R1110_U293	NAND	26047
N26815	P3_R1110_U294	NOT	26048
N26816	P3_R1110_U295	OR	26049
N26817	P3_R1110_U296	NAND	26050
N26818	P3_R1110_U297	NOT	26051
N26819	P3_R1110_U298	OR	26052
N26820	P3_R1110_U299	NAND	26053
N26821	P3_R1110_U300	NOT	26054
N26822	P3_R1110_U301	OR	26055
N26823	P3_R1110_U302	NAND	26056
N26824	P3_R1110_U303	NOT	26057
N26825	P3_R1110_U304	NAND	26058
N26826	P3_R1110_U305	NOT	26059
N26827	P3_R1110_U306	NAND	26060
N26828	P3_R1110_U307	NOT	26061
N26829	P3_R1110_U308	OR	26062
N26830	P3_R1110_U309	NAND	26063
N26831	P3_R1110_U310	NAND	26064
N26832	P3_R1110_U311	NAND	26065
N26833	P3_R1110_U312	NAND	26066
N26834	P3_R1110_U313	NAND	26067
N26835	P3_R1110_U314	OR	26068
N26836	P3_R1110_U315	NAND	26069
N26837	P3_R1110_U316	NOT	26070
N26838	P3_R1110_U317	NAND	26071
N26839	P3_R1110_U318	NAND	26072
N26840	P3_R1110_U319	NAND	26073
N26841	P3_R1110_U320	NAND	26074
N26842	P3_R1110_U321	OR	26075
N26843	P3_R1110_U322	NAND	26076
N26844	P3_R1110_U323	NAND	26077
N26845	P3_R1110_U324	NAND	26078
N26846	P3_R1110_U325	NAND	26079
N26847	P3_R1110_U326	NAND	26080
N26848	P3_R1110_U327	OR	26081
N26849	P3_R1110_U328	NOT	26082
N26850	P3_R1110_U329	OR	26083
N26851	P3_R1110_U330	OR	26084
N26852	P3_R1110_U331	NAND	26085
N26853	P3_R1110_U332	NAND	26086
N26854	P3_R1110_U333	NAND	26087
N26855	P3_R1110_U334	NAND	26088
N26856	P3_R1110_U335	NAND	26089
N26857	P3_R1110_U336	OR	26090
N26858	P3_R1110_U337	NAND	26091
N26859	P3_R1110_U338	NOT	26092
N26860	P3_R1110_U339	OR	26093
N26861	P3_R1110_U340	NAND	26094
N26862	P3_R1110_U341	NAND	26095
N26863	P3_R1110_U342	NAND	26096
N26864	P3_R1110_U343	NAND	26097
N26865	P3_R1110_U344	NAND	26098
N26866	P3_R1110_U345	OR	26099
N26867	P3_R1110_U346	OR	26100
N26868	P3_R1110_U347	NAND	26101
N26869	P3_R1110_U348	NAND	26102
N26870	P3_R1110_U349	NAND	26103
N26871	P3_R1110_U350	NAND	26104
N26872	P3_R1110_U351	NAND	26105
N26873	P3_R1110_U352	NAND	26106
N26874	P3_R1110_U353	NAND	26107
N26875	P3_R1110_U354	NAND	26108
N26876	P3_R1110_U355	NAND	26109
N26877	P3_R1110_U356	NAND	26110
N26878	P3_R1110_U357	NAND	26111
N26879	P3_R1110_U358	NAND	26112
N26880	P3_R1110_U359	NAND	26113
N26881	P3_R1110_U360	NAND	26114
N26882	P3_R1110_U361	NAND	26115
N26883	P3_R1110_U362	NAND	26116
N26884	P3_R1110_U363	NAND	26117
N26885	P3_R1110_U364	NAND	26118
N26886	P3_R1110_U365	NAND	26119
N26887	P3_R1110_U366	NAND	26120
N26888	P3_R1110_U367	NAND	26121
N26889	P3_R1110_U368	NAND	26122
N26890	P3_R1110_U369	NAND	26123
N26891	P3_R1110_U370	NAND	26124
N26892	P3_R1110_U371	NAND	26125
N26893	P3_R1110_U372	NAND	26126
N26894	P3_R1110_U373	NAND	26127
N26895	P3_R1110_U374	NAND	26128
N26896	P3_R1110_U375	NAND	26129
N26897	P3_R1110_U376	NAND	26130
N26898	P3_R1110_U377	NAND	26131
N26899	P3_R1110_U378	NAND	26132
N26900	P3_R1110_U379	NAND	26133
N26901	P3_R1110_U380	NAND	26134
N26902	P3_R1110_U381	NAND	26135
N26903	P3_R1110_U382	NAND	26136
N26904	P3_R1110_U383	NAND	26137
N26905	P3_R1110_U384	NAND	26138
N26906	P3_R1110_U385	NAND	26139
N26907	P3_R1110_U386	NAND	26140
N26908	P3_R1110_U387	NAND	26141
N26909	P3_R1110_U388	NAND	26142
N26910	P3_R1110_U389	NAND	26143
N26911	P3_R1110_U390	NAND	26144
N26912	P3_R1110_U391	NAND	26145
N26913	P3_R1110_U392	NAND	26146
N26914	P3_R1110_U393	NAND	26147
N26915	P3_R1110_U394	NAND	26148
N26916	P3_R1110_U395	NAND	26149
N26917	P3_R1110_U396	NAND	26150
N26918	P3_R1110_U397	NAND	26151
N26919	P3_R1110_U398	NAND	26152
N26920	P3_R1110_U399	NAND	26153
N26921	P3_R1110_U400	NAND	26154
N26922	P3_R1110_U401	NAND	26155
N26923	P3_R1110_U402	NAND	26156
N26924	P3_R1110_U403	NAND	26157
N26925	P3_R1110_U404	NAND	26158
N26926	P3_R1110_U405	NAND	26159
N26927	P3_R1110_U406	NAND	26160
N26928	P3_R1110_U407	NAND	26161
N26929	P3_R1110_U408	NAND	26162
N26930	P3_R1110_U409	NAND	26163
N26931	P3_R1110_U410	NAND	26164
N26932	P3_R1110_U411	NAND	26165
N26933	P3_R1110_U412	NAND	26166
N26934	P3_R1110_U413	NAND	26167
N26935	P3_R1110_U414	NAND	26168
N26936	P3_R1110_U415	NAND	26169
N26937	P3_R1110_U416	NAND	26170
N26938	P3_R1110_U417	NAND	26171
N26939	P3_R1110_U418	NAND	26172
N26940	P3_R1110_U419	NAND	26173
N26941	P3_R1110_U420	NAND	26174
N26942	P3_R1110_U421	NAND	26175
N26943	P3_R1110_U422	NAND	26176
N26944	P3_R1110_U423	NAND	26177
N26945	P3_R1110_U424	NAND	26178
N26946	P3_R1110_U425	NAND	26179
N26947	P3_R1110_U426	NAND	26180
N26948	P3_R1110_U427	NAND	26181
N26949	P3_R1110_U428	NAND	26182
N26950	P3_R1110_U429	NAND	26183
N26951	P3_R1110_U430	NAND	26184
N26952	P3_R1110_U431	NAND	26185
N26953	P3_R1110_U432	NAND	26186
N26954	P3_R1110_U433	NAND	26187
N26955	P3_R1110_U434	NAND	26188
N26956	P3_R1110_U435	NAND	26189
N26957	P3_R1110_U436	NAND	26190
N26958	P3_R1110_U437	NAND	26191
N26959	P3_R1110_U438	NAND	26192
N26960	P3_R1110_U439	NAND	26193
N26961	P3_R1110_U440	NAND	26194
N26962	P3_R1110_U441	NAND	26195
N26963	P3_R1110_U442	NAND	26196
N26964	P3_R1110_U443	NAND	26197
N26965	P3_R1110_U444	NAND	26198
N26966	P3_R1110_U445	NAND	26199
N26967	P3_R1110_U446	NAND	26200
N26968	P3_R1110_U447	NAND	26201
N26969	P3_R1110_U448	NAND	26202
N26970	P3_R1110_U449	NAND	26203
N26971	P3_R1110_U450	NAND	26204
N26972	P3_R1110_U451	NAND	26205
N26973	P3_R1110_U452	NAND	26206
N26974	P3_R1110_U453	NAND	26207
N26975	P3_R1110_U454	NAND	26208
N26976	P3_R1110_U455	NAND	26209
N26977	P3_R1110_U456	NAND	26210
N26978	P3_R1110_U457	NAND	26211
N26979	P3_R1110_U458	NAND	26212
N26980	P3_R1110_U459	NAND	26213
N26981	P3_R1110_U460	NAND	26214
N26982	P3_R1110_U461	NAND	26215
N26983	P3_R1110_U462	NAND	26216
N26984	P3_R1110_U463	NAND	26217
N26985	P3_R1110_U464	NAND	26218
N26986	P3_R1110_U465	NAND	26219
N26987	P3_R1110_U466	NAND	26220
N26988	P3_R1110_U467	NAND	26221
N26989	P3_R1110_U468	NAND	26222
N26990	P3_R1110_U469	NAND	26223
N26991	P3_R1110_U470	NAND	26224
N26992	P3_R1110_U471	NAND	26225
N26993	P3_R1110_U472	NAND	26226
N26994	P3_R1110_U473	NAND	26227
N26995	P3_R1110_U474	NAND	26228
N26996	P3_R1110_U475	NAND	26229
N26997	P3_R1110_U476	NAND	26230
N26998	P3_R1110_U477	NAND	26231
N26999	P3_R1110_U478	NAND	26232
N27000	P3_R1110_U479	NAND	26233
N27001	P3_R1110_U480	NAND	26234
N27002	P3_R1110_U481	NAND	26235
N27003	P3_R1110_U482	NAND	26236
N27004	P3_R1110_U483	NAND	26237
N27005	P3_R1110_U484	NAND	26238
N27006	P3_R1110_U485	NAND	26239
N27007	P3_R1110_U486	NAND	26240
N27008	P3_R1110_U487	NAND	26241
N27009	P3_R1110_U488	NAND	26242
N27010	P3_R1110_U489	NAND	26243
N27011	P3_R1110_U490	NAND	26244
N27012	P3_R1110_U491	NAND	26245
N27013	P3_R1110_U492	NAND	26246
N27014	P3_R1110_U493	NAND	26247
N27015	P3_R1110_U494	NAND	26248
N27016	P3_R1110_U495	NAND	26249
N27017	P3_R1110_U496	NAND	26250
N27018	P3_R1110_U497	NAND	26251
N27019	P3_R1110_U498	NAND	26252
N27020	P3_R1110_U499	NAND	26253
N27021	P3_R1110_U500	NAND	26254
N27022	P3_R1110_U501	NAND	26255
N27023	P3_R1110_U502	NAND	26256
N27024	P3_R1110_U503	NAND	26257
N27025	P3_R1110_U504	NAND	26258
N27026	P3_R1297_U6	AND	26259
N27027	P3_R1297_U7	NOT	26260
N27028	P3_R1077_U4	AND	26261
N27029	P3_R1077_U5	AND	26262
N27030	P3_R1077_U6	AND	26263
N27031	P3_R1077_U7	AND	26264
N27032	P3_R1077_U8	AND	26265
N27033	P3_R1077_U9	AND	26266
N27034	P3_R1077_U10	AND	26267
N27035	P3_R1077_U11	AND	26268
N27036	P3_R1077_U12	AND	26269
N27037	P3_R1077_U13	AND	26270
N27038	P3_R1077_U14	AND	26271
N27039	P3_R1077_U15	AND	26272
N27040	P3_R1077_U16	AND	26273
N27041	P3_R1077_U17	AND	26274
N27042	P3_R1077_U18	AND	26275
N27043	P3_R1077_U19	NOT	26276
N27044	P3_R1077_U20	NOT	26277
N27045	P3_R1077_U21	NOT	26278
N27046	P3_R1077_U22	NAND	26279
N27047	P3_R1077_U23	NOT	26280
N27048	P3_R1077_U24	NOT	26281
N27049	P3_R1077_U25	NOT	26282
N27050	P3_R1077_U26	NOT	26283
N27051	P3_R1077_U27	NOT	26284
N27052	P3_R1077_U28	NOT	26285
N27053	P3_R1077_U29	NOT	26286
N27054	P3_R1077_U30	NOT	26287
N27055	P3_R1077_U31	NAND	26288
N27056	P3_R1077_U32	NOT	26289
N27057	P3_R1077_U33	NOT	26290
N27058	P3_R1077_U34	NAND	26291
N27059	P3_R1077_U35	NOT	26292
N27060	P3_R1077_U36	NOT	26293
N27061	P3_R1077_U37	NOT	26294
N27062	P3_R1077_U38	NOT	26295
N27063	P3_R1077_U39	NOT	26296
N27064	P3_R1077_U40	NAND	26297
N27065	P3_R1077_U41	NAND	26298
N27066	P3_R1077_U42	NAND	26299
N27067	P3_R1077_U43	NAND	26300
N27068	P3_R1077_U44	NAND	26301
N27069	P3_R1077_U45	NAND	26302
N27070	P3_R1077_U46	NOT	26303
N27071	P3_R1077_U47	NOT	26304
N27072	P3_R1077_U48	NOT	26305
N27073	P3_R1077_U49	NOT	26306
N27074	P3_R1077_U50	NOT	26307
N27075	P3_R1077_U51	NOT	26308
N27076	P3_R1077_U52	NOT	26309
N27077	P3_R1077_U53	NOT	26310
N27078	P3_R1077_U54	NOT	26311
N27079	P3_R1077_U55	NOT	26312
N27080	P3_R1077_U56	NOT	26313
N27081	P3_R1077_U57	NOT	26314
N27082	P3_R1077_U58	NOT	26315
N27083	P3_R1077_U59	NAND	26316
N27084	P3_R1077_U60	NOT	26317
N27085	P3_R1077_U61	NAND	26318
N27086	P3_R1077_U62	NOT	26319
N27087	P3_R1077_U63	NOT	26320
N27088	P3_R1077_U64	NOT	26321
N27089	P3_R1077_U65	NOT	26322
N27090	P3_R1077_U66	NOT	26323
N27091	P3_R1077_U67	NOT	26324
N27092	P3_R1077_U68	NAND	26325
N27093	P3_R1077_U69	NOT	26326
N27094	P3_R1077_U70	NOT	26327
N27095	P3_R1077_U71	NOT	26328
N27096	P3_R1077_U72	NOT	26329
N27097	P3_R1077_U73	NOT	26330
N27098	P3_R1077_U74	NOT	26331
N27099	P3_R1077_U75	NOT	26332
N27100	P3_R1077_U76	NOT	26333
N27101	P3_R1077_U77	NAND	26334
N27102	P3_R1077_U78	NOT	26335
N27103	P3_R1077_U79	NOT	26336
N27104	P3_R1077_U80	NAND	26337
N27105	P3_R1077_U81	NOT	26338
N27106	P3_R1077_U82	NOT	26339
N27107	P3_R1077_U83	NOT	26340
N27108	P3_R1077_U84	NOT	26341
N27109	P3_R1077_U85	NOT	26342
N27110	P3_R1077_U86	NAND	26343
N27111	P3_R1077_U87	NOT	26344
N27112	P3_R1077_U88	NOT	26345
N27113	P3_R1077_U89	NAND	26346
N27114	P3_R1077_U90	NOT	26347
N27115	P3_R1077_U91	NAND	26348
N27116	P3_R1077_U92	NAND	26349
N27117	P3_R1077_U93	NAND	26350
N27118	P3_R1077_U94	NAND	26351
N27119	P3_R1077_U95	NAND	26352
N27120	P3_R1077_U96	NAND	26353
N27121	P3_R1077_U97	NAND	26354
N27122	P3_R1077_U98	NAND	26355
N27123	P3_R1077_U99	NAND	26356
N27124	P3_R1077_U100	NAND	26357
N27125	P3_R1077_U101	NAND	26358
N27126	P3_R1077_U102	NAND	26359
N27127	P3_R1077_U103	NAND	26360
N27128	P3_R1077_U104	NAND	26361
N27129	P3_R1077_U105	NAND	26362
N27130	P3_R1077_U106	NAND	26363
N27131	P3_R1077_U107	NAND	26364
N27132	P3_R1077_U108	NAND	26365
N27133	P3_R1077_U109	NAND	26366
N27134	P3_R1077_U110	NAND	26367
N27135	P3_R1077_U111	NAND	26368
N27136	P3_R1077_U112	NAND	26369
N27137	P3_R1077_U113	NAND	26370
N27138	P3_R1077_U114	NAND	26371
N27139	P3_R1077_U115	AND	26372
N27140	P3_R1077_U116	AND	26373
N27141	P3_R1077_U117	AND	26374
N27142	P3_R1077_U118	AND	26375
N27143	P3_R1077_U119	AND	26376
N27144	P3_R1077_U120	AND	26377
N27145	P3_R1077_U121	AND	26378
N27146	P3_R1077_U122	AND	26379
N27147	P3_R1077_U123	AND	26380
N27148	P3_R1077_U124	AND	26381
N27149	P3_R1077_U125	AND	26382
N27150	P3_R1077_U126	AND	26383
N27151	P3_R1077_U127	AND	26384
N27152	P3_R1077_U128	AND	26385
N27153	P3_R1077_U129	AND	26386
N27154	P3_R1077_U130	AND	26387
N27155	P3_R1077_U131	AND	26388
N27156	P3_R1077_U132	AND	26389
N27157	P3_R1077_U133	AND	26390
N27158	P3_R1077_U134	AND	26391
N27159	P3_R1077_U135	AND	26392
N27160	P3_R1077_U136	AND	26393
N27161	P3_R1077_U137	AND	26394
N27162	P3_R1077_U138	AND	26395
N27163	P3_R1077_U139	AND	26396
N27164	P3_R1077_U140	AND	26397
N27165	P3_R1077_U141	AND	26398
N27166	P3_R1077_U142	AND	26399
N27167	P3_R1077_U143	AND	26400
N27168	P3_R1077_U144	NAND	26401
N27169	P3_R1077_U145	NAND	26402
N27170	P3_R1077_U146	NOT	26403
N27171	P3_R1077_U147	NOT	26404
N27172	P3_R1077_U148	AND	26405
N27173	P3_R1077_U149	NAND	26406
N27174	P3_R1077_U150	AND	26407
N27175	P3_R1077_U151	NAND	26408
N27176	P3_R1077_U152	AND	26409
N27177	P3_R1077_U153	NAND	26410
N27178	P3_R1077_U154	AND	26411
N27179	P3_R1077_U155	NAND	26412
N27180	P3_R1077_U156	AND	26413
N27181	P3_R1077_U157	NAND	26414
N27182	P3_R1077_U158	AND	26415
N27183	P3_R1077_U159	NAND	26416
N27184	P3_R1077_U160	AND	26417
N27185	P3_R1077_U161	NAND	26418
N27186	P3_R1077_U162	NAND	26419
N27187	P3_R1077_U163	AND	26420
N27188	P3_R1077_U164	NAND	26421
N27189	P3_R1077_U165	AND	26422
N27190	P3_R1077_U166	NAND	26423
N27191	P3_R1077_U167	NAND	26424
N27192	P3_R1077_U168	NAND	26425
N27193	P3_R1077_U169	NAND	26426
N27194	P3_R1077_U170	NOT	26427
N27195	P3_R1077_U171	NAND	26428
N27196	P3_R1077_U172	NAND	26429
N27197	P3_R1077_U173	NAND	26430
N27198	P3_R1077_U174	NOT	26431
N27199	P3_R1077_U175	NOT	26432
N27200	P3_R1077_U176	NAND	26433
N27201	P3_R1077_U177	NOT	26434
N27202	P3_R1077_U178	OR	26435
N27203	P3_R1077_U179	OR	26436
N27204	P3_R1077_U180	OR	26437
N27205	P3_R1077_U181	OR	26438
N27206	P3_R1077_U182	NOT	26439
N27207	P3_R1077_U183	OR	26440
N27208	P3_R1077_U184	NOT	26441
N27209	P3_R1077_U185	NOT	26442
N27210	P3_R1077_U186	NAND	26443
N27211	P3_R1077_U187	NAND	26444
N27212	P3_R1077_U188	NAND	26445
N27213	P3_R1077_U189	NAND	26446
N27214	P3_R1077_U190	NAND	26447
N27215	P3_R1077_U191	NAND	26448
N27216	P3_R1077_U192	NAND	26449
N27217	P3_R1077_U193	NAND	26450
N27218	P3_R1077_U194	NAND	26451
N27219	P3_R1077_U195	NOT	26452
N27220	P3_R1077_U196	OR	26453
N27221	P3_R1077_U197	OR	26454
N27222	P3_R1077_U198	NOT	26455
N27223	P3_R1077_U199	NAND	26456
N27224	P3_R1077_U200	NAND	26457
N27225	P3_R1077_U201	NAND	26458
N27226	P3_R1077_U202	NAND	26459
N27227	P3_R1077_U203	NOT	26460
N27228	P3_R1077_U204	OR	26461
N27229	P3_R1077_U205	NAND	26462
N27230	P3_R1077_U206	NOT	26463
N27231	P3_R1077_U207	OR	26464
N27232	P3_R1077_U208	OR	26465
N27233	P3_R1077_U209	NAND	26466
N27234	P3_R1077_U210	NAND	26467
N27235	P3_R1077_U211	NAND	26468
N27236	P3_R1077_U212	NAND	26469
N27237	P3_R1077_U213	NAND	26470
N27238	P3_R1077_U214	OR	26471
N27239	P3_R1077_U215	NAND	26472
N27240	P3_R1077_U216	NAND	26473
N27241	P3_R1077_U217	NOT	26474
N27242	P3_R1077_U218	NAND	26475
N27243	P3_R1077_U219	NAND	26476
N27244	P3_R1077_U220	NAND	26477
N27245	P3_R1077_U221	NOT	26478
N27246	P3_R1077_U222	OR	26479
N27247	P3_R1077_U223	NAND	26480
N27248	P3_R1077_U224	NAND	26481
N27249	P3_R1077_U225	NAND	26482
N27250	P3_R1077_U226	NAND	26483
N27251	P3_R1077_U227	NAND	26484
N27252	P3_R1077_U228	OR	26485
N27253	P3_R1077_U229	NAND	26486
N27254	P3_R1077_U230	NOT	26487
N27255	P3_R1077_U231	NAND	26488
N27256	P3_R1077_U232	NAND	26489
N27257	P3_R1077_U233	NAND	26490
N27258	P3_R1077_U234	NAND	26491
N27259	P3_R1077_U235	NAND	26492
N27260	P3_R1077_U236	OR	26493
N27261	P3_R1077_U237	OR	26494
N27262	P3_R1077_U238	NAND	26495
N27263	P3_R1077_U239	NAND	26496
N27264	P3_R1077_U240	NAND	26497
N27265	P3_R1077_U241	OR	26498
N27266	P3_R1077_U242	NAND	26499
N27267	P3_R1077_U243	NAND	26500
N27268	P3_R1077_U244	NOT	26501
N27269	P3_R1077_U245	OR	26502
N27270	P3_R1077_U246	OR	26503
N27271	P3_R1077_U247	NAND	26504
N27272	P3_R1077_U248	NAND	26505
N27273	P3_R1077_U249	NAND	26506
N27274	P3_R1077_U250	OR	26507
N27275	P3_R1077_U251	OR	26508
N27276	P3_R1077_U252	NAND	26509
N27277	P3_R1077_U253	NAND	26510
N27278	P3_R1077_U254	NOT	26511
N27279	P3_R1077_U255	OR	26512
N27280	P3_R1077_U256	NAND	26513
N27281	P3_R1077_U257	NAND	26514
N27282	P3_R1077_U258	NOT	26515
N27283	P3_R1077_U259	OR	26516
N27284	P3_R1077_U260	NAND	26517
N27285	P3_R1077_U261	NAND	26518
N27286	P3_R1077_U262	NOT	26519
N27287	P3_R1077_U263	OR	26520
N27288	P3_R1077_U264	OR	26521
N27289	P3_R1077_U265	NOT	26522
N27290	P3_R1077_U266	NAND	26523
N27291	P3_R1077_U267	NAND	26524
N27292	P3_R1077_U268	NAND	26525
N27293	P3_R1077_U269	NAND	26526
N27294	P3_R1077_U270	NOT	26527
N27295	P3_R1077_U271	OR	26528
N27296	P3_R1077_U272	OR	26529
N27297	P3_R1077_U273	OR	26530
N27298	P3_R1077_U274	NOT	26531
N27299	P3_R1077_U275	NAND	26532
N27300	P3_R1077_U276	NAND	26533
N27301	P3_R1077_U277	NAND	26534
N27302	P3_R1077_U278	NAND	26535
N27303	P3_R1077_U279	NAND	26536
N27304	P3_R1077_U280	NAND	26537
N27305	P3_R1077_U281	NAND	26538
N27306	P3_R1077_U282	OR	26539
N27307	P3_R1077_U283	OR	26540
N27308	P3_R1077_U284	NAND	26541
N27309	P3_R1077_U285	NAND	26542
N27310	P3_R1077_U286	NOT	26543
N27311	P3_R1077_U287	OR	26544
N27312	P3_R1077_U288	NAND	26545
N27313	P3_R1077_U289	NAND	26546
N27314	P3_R1077_U290	NOT	26547
N27315	P3_R1077_U291	OR	26548
N27316	P3_R1077_U292	NAND	26549
N27317	P3_R1077_U293	NAND	26550
N27318	P3_R1077_U294	NOT	26551
N27319	P3_R1077_U295	OR	26552
N27320	P3_R1077_U296	NAND	26553
N27321	P3_R1077_U297	NOT	26554
N27322	P3_R1077_U298	OR	26555
N27323	P3_R1077_U299	NAND	26556
N27324	P3_R1077_U300	NOT	26557
N27325	P3_R1077_U301	OR	26558
N27326	P3_R1077_U302	NAND	26559
N27327	P3_R1077_U303	NOT	26560
N27328	P3_R1077_U304	NAND	26561
N27329	P3_R1077_U305	NOT	26562
N27330	P3_R1077_U306	NAND	26563
N27331	P3_R1077_U307	NOT	26564
N27332	P3_R1077_U308	OR	26565
N27333	P3_R1077_U309	NAND	26566
N27334	P3_R1077_U310	NAND	26567
N27335	P3_R1077_U311	NAND	26568
N27336	P3_R1077_U312	NAND	26569
N27337	P3_R1077_U313	NAND	26570
N27338	P3_R1077_U314	OR	26571
N27339	P3_R1077_U315	NAND	26572
N27340	P3_R1077_U316	NOT	26573
N27341	P3_R1077_U317	NAND	26574
N27342	P3_R1077_U318	NAND	26575
N27343	P3_R1077_U319	NAND	26576
N27344	P3_R1077_U320	NAND	26577
N27345	P3_R1077_U321	OR	26578
N27346	P3_R1077_U322	NAND	26579
N27347	P3_R1077_U323	NAND	26580
N27348	P3_R1077_U324	NAND	26581
N27349	P3_R1077_U325	NAND	26582
N27350	P3_R1077_U326	NAND	26583
N27351	P3_R1077_U327	OR	26584
N27352	P3_R1077_U328	NOT	26585
N27353	P3_R1077_U329	OR	26586
N27354	P3_R1077_U330	OR	26587
N27355	P3_R1077_U331	NAND	26588
N27356	P3_R1077_U332	NAND	26589
N27357	P3_R1077_U333	NAND	26590
N27358	P3_R1077_U334	NAND	26591
N27359	P3_R1077_U335	NAND	26592
N27360	P3_R1077_U336	OR	26593
N27361	P3_R1077_U337	NAND	26594
N27362	P3_R1077_U338	NOT	26595
N27363	P3_R1077_U339	OR	26596
N27364	P3_R1077_U340	NAND	26597
N27365	P3_R1077_U341	NAND	26598
N27366	P3_R1077_U342	NAND	26599
N27367	P3_R1077_U343	NAND	26600
N27368	P3_R1077_U344	NAND	26601
N27369	P3_R1077_U345	OR	26602
N27370	P3_R1077_U346	OR	26603
N27371	P3_R1077_U347	NAND	26604
N27372	P3_R1077_U348	NAND	26605
N27373	P3_R1077_U349	NAND	26606
N27374	P3_R1077_U350	NAND	26607
N27375	P3_R1077_U351	NAND	26608
N27376	P3_R1077_U352	NAND	26609
N27377	P3_R1077_U353	NAND	26610
N27378	P3_R1077_U354	NAND	26611
N27379	P3_R1077_U355	NAND	26612
N27380	P3_R1077_U356	NAND	26613
N27381	P3_R1077_U357	NAND	26614
N27382	P3_R1077_U358	NAND	26615
N27383	P3_R1077_U359	NAND	26616
N27384	P3_R1077_U360	NAND	26617
N27385	P3_R1077_U361	NAND	26618
N27386	P3_R1077_U362	NAND	26619
N27387	P3_R1077_U363	NAND	26620
N27388	P3_R1077_U364	NAND	26621
N27389	P3_R1077_U365	NAND	26622
N27390	P3_R1077_U366	NAND	26623
N27391	P3_R1077_U367	NAND	26624
N27392	P3_R1077_U368	NAND	26625
N27393	P3_R1077_U369	NAND	26626
N27394	P3_R1077_U370	NAND	26627
N27395	P3_R1077_U371	NAND	26628
N27396	P3_R1077_U372	NAND	26629
N27397	P3_R1077_U373	NAND	26630
N27398	P3_R1077_U374	NAND	26631
N27399	P3_R1077_U375	NAND	26632
N27400	P3_R1077_U376	NAND	26633
N27401	P3_R1077_U377	NAND	26634
N27402	P3_R1077_U378	NAND	26635
N27403	P3_R1077_U379	NAND	26636
N27404	P3_R1077_U380	NAND	26637
N27405	P3_R1077_U381	NAND	26638
N27406	P3_R1077_U382	NAND	26639
N27407	P3_R1077_U383	NAND	26640
N27408	P3_R1077_U384	NAND	26641
N27409	P3_R1077_U385	NAND	26642
N27410	P3_R1077_U386	NAND	26643
N27411	P3_R1077_U387	NAND	26644
N27412	P3_R1077_U388	NAND	26645
N27413	P3_R1077_U389	NAND	26646
N27414	P3_R1077_U390	NAND	26647
N27415	P3_R1077_U391	NAND	26648
N27416	P3_R1077_U392	NAND	26649
N27417	P3_R1077_U393	NAND	26650
N27418	P3_R1077_U394	NAND	26651
N27419	P3_R1077_U395	NAND	26652
N27420	P3_R1077_U396	NAND	26653
N27421	P3_R1077_U397	NAND	26654
N27422	P3_R1077_U398	NAND	26655
N27423	P3_R1077_U399	NAND	26656
N27424	P3_R1077_U400	NAND	26657
N27425	P3_R1077_U401	NAND	26658
N27426	P3_R1077_U402	NAND	26659
N27427	P3_R1077_U403	NAND	26660
N27428	P3_R1077_U404	NAND	26661
N27429	P3_R1077_U405	NAND	26662
N27430	P3_R1077_U406	NAND	26663
N27431	P3_R1077_U407	NAND	26664
N27432	P3_R1077_U408	NAND	26665
N27433	P3_R1077_U409	NAND	26666
N27434	P3_R1077_U410	NAND	26667
N27435	P3_R1077_U411	NAND	26668
N27436	P3_R1077_U412	NAND	26669
N27437	P3_R1077_U413	NAND	26670
N27438	P3_R1077_U414	NAND	26671
N27439	P3_R1077_U415	NAND	26672
N27440	P3_R1077_U416	NAND	26673
N27441	P3_R1077_U417	NAND	26674
N27442	P3_R1077_U418	NAND	26675
N27443	P3_R1077_U419	NAND	26676
N27444	P3_R1077_U420	NAND	26677
N27445	P3_R1077_U421	NAND	26678
N27446	P3_R1077_U422	NAND	26679
N27447	P3_R1077_U423	NAND	26680
N27448	P3_R1077_U424	NAND	26681
N27449	P3_R1077_U425	NAND	26682
N27450	P3_R1077_U426	NAND	26683
N27451	P3_R1077_U427	NAND	26684
N27452	P3_R1077_U428	NAND	26685
N27453	P3_R1077_U429	NAND	26686
N27454	P3_R1077_U430	NAND	26687
N27455	P3_R1077_U431	NAND	26688
N27456	P3_R1077_U432	NAND	26689
N27457	P3_R1077_U433	NAND	26690
N27458	P3_R1077_U434	NAND	26691
N27459	P3_R1077_U435	NAND	26692
N27460	P3_R1077_U436	NAND	26693
N27461	P3_R1077_U437	NAND	26694
N27462	P3_R1077_U438	NAND	26695
N27463	P3_R1077_U439	NAND	26696
N27464	P3_R1077_U440	NAND	26697
N27465	P3_R1077_U441	NAND	26698
N27466	P3_R1077_U442	NAND	26699
N27467	P3_R1077_U443	NAND	26700
N27468	P3_R1077_U444	NAND	26701
N27469	P3_R1077_U445	NAND	26702
N27470	P3_R1077_U446	NAND	26703
N27471	P3_R1077_U447	NAND	26704
N27472	P3_R1077_U448	NAND	26705
N27473	P3_R1077_U449	NAND	26706
N27474	P3_R1077_U450	NAND	26707
N27475	P3_R1077_U451	NAND	26708
N27476	P3_R1077_U452	NAND	26709
N27477	P3_R1077_U453	NAND	26710
N27478	P3_R1077_U454	NAND	26711
N27479	P3_R1077_U455	NAND	26712
N27480	P3_R1077_U456	NAND	26713
N27481	P3_R1077_U457	NAND	26714
N27482	P3_R1077_U458	NAND	26715
N27483	P3_R1077_U459	NAND	26716
N27484	P3_R1077_U460	NAND	26717
N27485	P3_R1077_U461	NAND	26718
N27486	P3_R1077_U462	NAND	26719
N27487	P3_R1077_U463	NAND	26720
N27488	P3_R1077_U464	NAND	26721
N27489	P3_R1077_U465	NAND	26722
N27490	P3_R1077_U466	NAND	26723
N27491	P3_R1077_U467	NAND	26724
N27492	P3_R1077_U468	NAND	26725
N27493	P3_R1077_U469	NAND	26726
N27494	P3_R1077_U470	NAND	26727
N27495	P3_R1077_U471	NAND	26728
N27496	P3_R1077_U472	NAND	26729
N27497	P3_R1077_U473	NAND	26730
N27498	P3_R1077_U474	NAND	26731
N27499	P3_R1077_U475	NAND	26732
N27500	P3_R1077_U476	NAND	26733
N27501	P3_R1077_U477	NAND	26734
N27502	P3_R1077_U478	NAND	26735
N27503	P3_R1077_U479	NAND	26736
N27504	P3_R1077_U480	NAND	26737
N27505	P3_R1077_U481	NAND	26738
N27506	P3_R1077_U482	NAND	26739
N27507	P3_R1077_U483	NAND	26740
N27508	P3_R1077_U484	NAND	26741
N27509	P3_R1077_U485	NAND	26742
N27510	P3_R1077_U486	NAND	26743
N27511	P3_R1077_U487	NAND	26744
N27512	P3_R1077_U488	NAND	26745
N27513	P3_R1077_U489	NAND	26746
N27514	P3_R1077_U490	NAND	26747
N27515	P3_R1077_U491	NAND	26748
N27516	P3_R1077_U492	NAND	26749
N27517	P3_R1077_U493	NAND	26750
N27518	P3_R1077_U494	NAND	26751
N27519	P3_R1077_U495	NAND	26752
N27520	P3_R1077_U496	NAND	26753
N27521	P3_R1077_U497	NAND	26754
N27522	P3_R1077_U498	NAND	26755
N27523	P3_R1077_U499	NAND	26756
N27524	P3_R1077_U500	NAND	26757
N27525	P3_R1077_U501	NAND	26758
N27526	P3_R1077_U502	NAND	26759
N27527	P3_R1077_U503	NAND	26760
N27528	P3_R1077_U504	NAND	26761
N27529	P3_R1143_U4	AND	26762
N27530	P3_R1143_U5	AND	26763
N27531	P3_R1143_U6	AND	26764
N27532	P3_R1143_U7	AND	26765
N27533	P3_R1143_U8	AND	26766
N27534	P3_R1143_U9	AND	26767
N27535	P3_R1143_U10	AND	26768
N27536	P3_R1143_U11	AND	26769
N27537	P3_R1143_U12	AND	26770
N27538	P3_R1143_U13	AND	26771
N27539	P3_R1143_U14	AND	26772
N27540	P3_R1143_U15	AND	26773
N27541	P3_R1143_U16	AND	26774
N27542	P3_R1143_U17	AND	26775
N27543	P3_R1143_U18	AND	26776
N27544	P3_R1143_U19	NOT	26777
N27545	P3_R1143_U20	NOT	26778
N27546	P3_R1143_U21	NOT	26779
N27547	P3_R1143_U22	NAND	26780
N27548	P3_R1143_U23	NOT	26781
N27549	P3_R1143_U24	NOT	26782
N27550	P3_R1143_U25	NOT	26783
N27551	P3_R1143_U26	NOT	26784
N27552	P3_R1143_U27	NOT	26785
N27553	P3_R1143_U28	NOT	26786
N27554	P3_R1143_U29	NOT	26787
N27555	P3_R1143_U30	NOT	26788
N27556	P3_R1143_U31	NAND	26789
N27557	P3_R1143_U32	NOT	26790
N27558	P3_R1143_U33	NOT	26791
N27559	P3_R1143_U34	NAND	26792
N27560	P3_R1143_U35	NOT	26793
N27561	P3_R1143_U36	NOT	26794
N27562	P3_R1143_U37	NOT	26795
N27563	P3_R1143_U38	NOT	26796
N27564	P3_R1143_U39	NOT	26797
N27565	P3_R1143_U40	NAND	26798
N27566	P3_R1143_U41	NAND	26799
N27567	P3_R1143_U42	NAND	26800
N27568	P3_R1143_U43	NAND	26801
N27569	P3_R1143_U44	NAND	26802
N27570	P3_R1143_U45	NAND	26803
N27571	P3_R1143_U46	NOT	26804
N27572	P3_R1143_U47	NOT	26805
N27573	P3_R1143_U48	NOT	26806
N27574	P3_R1143_U49	NOT	26807
N27575	P3_R1143_U50	NOT	26808
N27576	P3_R1143_U51	NOT	26809
N27577	P3_R1143_U52	NOT	26810
N27578	P3_R1143_U53	NOT	26811
N27579	P3_R1143_U54	NOT	26812
N27580	P3_R1143_U55	NOT	26813
N27581	P3_R1143_U56	NOT	26814
N27582	P3_R1143_U57	NOT	26815
N27583	P3_R1143_U58	NOT	26816
N27584	P3_R1143_U59	NAND	26817
N27585	P3_R1143_U60	NOT	26818
N27586	P3_R1143_U61	NOT	26819
N27587	P3_R1143_U62	NOT	26820
N27588	P3_R1143_U63	NAND	26821
N27589	P3_R1143_U64	NOT	26822
N27590	P3_R1143_U65	NOT	26823
N27591	P3_R1143_U66	NOT	26824
N27592	P3_R1143_U67	NOT	26825
N27593	P3_R1143_U68	NAND	26826
N27594	P3_R1143_U69	NOT	26827
N27595	P3_R1143_U70	NOT	26828
N27596	P3_R1143_U71	NOT	26829
N27597	P3_R1143_U72	NOT	26830
N27598	P3_R1143_U73	NOT	26831
N27599	P3_R1143_U74	NOT	26832
N27600	P3_R1143_U75	NOT	26833
N27601	P3_R1143_U76	NOT	26834
N27602	P3_R1143_U77	NAND	26835
N27603	P3_R1143_U78	NOT	26836
N27604	P3_R1143_U79	NOT	26837
N27605	P3_R1143_U80	NAND	26838
N27606	P3_R1143_U81	NOT	26839
N27607	P3_R1143_U82	NOT	26840
N27608	P3_R1143_U83	NOT	26841
N27609	P3_R1143_U84	NOT	26842
N27610	P3_R1143_U85	NOT	26843
N27611	P3_R1143_U86	NAND	26844
N27612	P3_R1143_U87	NOT	26845
N27613	P3_R1143_U88	NOT	26846
N27614	P3_R1143_U89	NAND	26847
N27615	P3_R1143_U90	NOT	26848
N27616	P3_R1143_U91	NAND	26849
N27617	P3_R1143_U92	NAND	26850
N27618	P3_R1143_U93	NAND	26851
N27619	P3_R1143_U94	NAND	26852
N27620	P3_R1143_U95	NAND	26853
N27621	P3_R1143_U96	NAND	26854
N27622	P3_R1143_U97	NAND	26855
N27623	P3_R1143_U98	NAND	26856
N27624	P3_R1143_U99	NAND	26857
N27625	P3_R1143_U100	NAND	26858
N27626	P3_R1143_U101	NAND	26859
N27627	P3_R1143_U102	NAND	26860
N27628	P3_R1143_U103	NAND	26861
N27629	P3_R1143_U104	NAND	26862
N27630	P3_R1143_U105	NAND	26863
N27631	P3_R1143_U106	NAND	26864
N27632	P3_R1143_U107	NAND	26865
N27633	P3_R1143_U108	NAND	26866
N27634	P3_R1143_U109	NAND	26867
N27635	P3_R1143_U110	NAND	26868
N27636	P3_R1143_U111	NAND	26869
N27637	P3_R1143_U112	NAND	26870
N27638	P3_R1143_U113	NAND	26871
N27639	P3_R1143_U114	NAND	26872
N27640	P3_R1143_U115	AND	26873
N27641	P3_R1143_U116	AND	26874
N27642	P3_R1143_U117	AND	26875
N27643	P3_R1143_U118	AND	26876
N27644	P3_R1143_U119	AND	26877
N27645	P3_R1143_U120	AND	26878
N27646	P3_R1143_U121	AND	26879
N27647	P3_R1143_U122	AND	26880
N27648	P3_R1143_U123	AND	26881
N27649	P3_R1143_U124	AND	26882
N27650	P3_R1143_U125	AND	26883
N27651	P3_R1143_U126	AND	26884
N27652	P3_R1143_U127	AND	26885
N27653	P3_R1143_U128	AND	26886
N27654	P3_R1143_U129	AND	26887
N27655	P3_R1143_U130	AND	26888
N27656	P3_R1143_U131	AND	26889
N27657	P3_R1143_U132	AND	26890
N27658	P3_R1143_U133	AND	26891
N27659	P3_R1143_U134	AND	26892
N27660	P3_R1143_U135	AND	26893
N27661	P3_R1143_U136	AND	26894
N27662	P3_R1143_U137	AND	26895
N27663	P3_R1143_U138	AND	26896
N27664	P3_R1143_U139	AND	26897
N27665	P3_R1143_U140	AND	26898
N27666	P3_R1143_U141	AND	26899
N27667	P3_R1143_U142	AND	26900
N27668	P3_R1143_U143	AND	26901
N27669	P3_R1143_U144	NAND	26902
N27670	P3_R1143_U145	NAND	26903
N27671	P3_R1143_U146	NOT	26904
N27672	P3_R1143_U147	NOT	26905
N27673	P3_R1143_U148	AND	26906
N27674	P3_R1143_U149	NAND	26907
N27675	P3_R1143_U150	AND	26908
N27676	P3_R1143_U151	NAND	26909
N27677	P3_R1143_U152	AND	26910
N27678	P3_R1143_U153	NAND	26911
N27679	P3_R1143_U154	AND	26912
N27680	P3_R1143_U155	NAND	26913
N27681	P3_R1143_U156	AND	26914
N27682	P3_R1143_U157	NAND	26915
N27683	P3_R1143_U158	AND	26916
N27684	P3_R1143_U159	NAND	26917
N27685	P3_R1143_U160	AND	26918
N27686	P3_R1143_U161	NAND	26919
N27687	P3_R1143_U162	NAND	26920
N27688	P3_R1143_U163	AND	26921
N27689	P3_R1143_U164	NAND	26922
N27690	P3_R1143_U165	AND	26923
N27691	P3_R1143_U166	NAND	26924
N27692	P3_R1143_U167	NAND	26925
N27693	P3_R1143_U168	NAND	26926
N27694	P3_R1143_U169	NAND	26927
N27695	P3_R1143_U170	NOT	26928
N27696	P3_R1143_U171	NAND	26929
N27697	P3_R1143_U172	NAND	26930
N27698	P3_R1143_U173	NAND	26931
N27699	P3_R1143_U174	NOT	26932
N27700	P3_R1143_U175	NOT	26933
N27701	P3_R1143_U176	NAND	26934
N27702	P3_R1143_U177	NOT	26935
N27703	P3_R1143_U178	OR	26936
N27704	P3_R1143_U179	OR	26937
N27705	P3_R1143_U180	OR	26938
N27706	P3_R1143_U181	OR	26939
N27707	P3_R1143_U182	NOT	26940
N27708	P3_R1143_U183	OR	26941
N27709	P3_R1143_U184	NOT	26942
N27710	P3_R1143_U185	NOT	26943
N27711	P3_R1143_U186	NAND	26944
N27712	P3_R1143_U187	NAND	26945
N27713	P3_R1143_U188	NAND	26946
N27714	P3_R1143_U189	NAND	26947
N27715	P3_R1143_U190	NAND	26948
N27716	P3_R1143_U191	NAND	26949
N27717	P3_R1143_U192	NAND	26950
N27718	P3_R1143_U193	NAND	26951
N27719	P3_R1143_U194	NAND	26952
N27720	P3_R1143_U195	NOT	26953
N27721	P3_R1143_U196	OR	26954
N27722	P3_R1143_U197	OR	26955
N27723	P3_R1143_U198	NOT	26956
N27724	P3_R1143_U199	NAND	26957
N27725	P3_R1143_U200	NAND	26958
N27726	P3_R1143_U201	NAND	26959
N27727	P3_R1143_U202	NAND	26960
N27728	P3_R1143_U203	NOT	26961
N27729	P3_R1143_U204	OR	26962
N27730	P3_R1143_U205	NAND	26963
N27731	P3_R1143_U206	NOT	26964
N27732	P3_R1143_U207	OR	26965
N27733	P3_R1143_U208	OR	26966
N27734	P3_R1143_U209	NAND	26967
N27735	P3_R1143_U210	NAND	26968
N27736	P3_R1143_U211	NAND	26969
N27737	P3_R1143_U212	NAND	26970
N27738	P3_R1143_U213	NAND	26971
N27739	P3_R1143_U214	OR	26972
N27740	P3_R1143_U215	NAND	26973
N27741	P3_R1143_U216	NAND	26974
N27742	P3_R1143_U217	NOT	26975
N27743	P3_R1143_U218	NAND	26976
N27744	P3_R1143_U219	NAND	26977
N27745	P3_R1143_U220	NAND	26978
N27746	P3_R1143_U221	NOT	26979
N27747	P3_R1143_U222	OR	26980
N27748	P3_R1143_U223	NAND	26981
N27749	P3_R1143_U224	NAND	26982
N27750	P3_R1143_U225	NAND	26983
N27751	P3_R1143_U226	NAND	26984
N27752	P3_R1143_U227	NAND	26985
N27753	P3_R1143_U228	OR	26986
N27754	P3_R1143_U229	NAND	26987
N27755	P3_R1143_U230	NOT	26988
N27756	P3_R1143_U231	NAND	26989
N27757	P3_R1143_U232	NAND	26990
N27758	P3_R1143_U233	NAND	26991
N27759	P3_R1143_U234	NAND	26992
N27760	P3_R1143_U235	NAND	26993
N27761	P3_R1143_U236	OR	26994
N27762	P3_R1143_U237	OR	26995
N27763	P3_R1143_U238	NAND	26996
N27764	P3_R1143_U239	NAND	26997
N27765	P3_R1143_U240	NAND	26998
N27766	P3_R1143_U241	OR	26999
N27767	P3_R1143_U242	NAND	27000
N27768	P3_R1143_U243	NAND	27001
N27769	P3_R1143_U244	NOT	27002
N27770	P3_R1143_U245	OR	27003
N27771	P3_R1143_U246	OR	27004
N27772	P3_R1143_U247	NAND	27005
N27773	P3_R1143_U248	NAND	27006
N27774	P3_R1143_U249	NAND	27007
N27775	P3_R1143_U250	OR	27008
N27776	P3_R1143_U251	OR	27009
N27777	P3_R1143_U252	NAND	27010
N27778	P3_R1143_U253	NAND	27011
N27779	P3_R1143_U254	NOT	27012
N27780	P3_R1143_U255	OR	27013
N27781	P3_R1143_U256	NAND	27014
N27782	P3_R1143_U257	NAND	27015
N27783	P3_R1143_U258	NOT	27016
N27784	P3_R1143_U259	OR	27017
N27785	P3_R1143_U260	NAND	27018
N27786	P3_R1143_U261	NAND	27019
N27787	P3_R1143_U262	NOT	27020
N27788	P3_R1143_U263	OR	27021
N27789	P3_R1143_U264	OR	27022
N27790	P3_R1143_U265	NOT	27023
N27791	P3_R1143_U266	NAND	27024
N27792	P3_R1143_U267	NAND	27025
N27793	P3_R1143_U268	NAND	27026
N27794	P3_R1143_U269	NAND	27027
N27795	P3_R1143_U270	NOT	27028
N27796	P3_R1143_U271	OR	27029
N27797	P3_R1143_U272	OR	27030
N27798	P3_R1143_U273	OR	27031
N27799	P3_R1143_U274	NOT	27032
N27800	P3_R1143_U275	NAND	27033
N27801	P3_R1143_U276	NAND	27034
N27802	P3_R1143_U277	NAND	27035
N27803	P3_R1143_U278	NAND	27036
N27804	P3_R1143_U279	NAND	27037
N27805	P3_R1143_U280	NAND	27038
N27806	P3_R1143_U281	NAND	27039
N27807	P3_R1143_U282	OR	27040
N27808	P3_R1143_U283	OR	27041
N27809	P3_R1143_U284	NAND	27042
N27810	P3_R1143_U285	NAND	27043
N27811	P3_R1143_U286	NOT	27044
N27812	P3_R1143_U287	OR	27045
N27813	P3_R1143_U288	NAND	27046
N27814	P3_R1143_U289	NAND	27047
N27815	P3_R1143_U290	NOT	27048
N27816	P3_R1143_U291	OR	27049
N27817	P3_R1143_U292	NAND	27050
N27818	P3_R1143_U293	NAND	27051
N27819	P3_R1143_U294	NOT	27052
N27820	P3_R1143_U295	OR	27053
N27821	P3_R1143_U296	NAND	27054
N27822	P3_R1143_U297	NOT	27055
N27823	P3_R1143_U298	OR	27056
N27824	P3_R1143_U299	NAND	27057
N27825	P3_R1143_U300	NOT	27058
N27826	P3_R1143_U301	OR	27059
N27827	P3_R1143_U302	NAND	27060
N27828	P3_R1143_U303	NOT	27061
N27829	P3_R1143_U304	NAND	27062
N27830	P3_R1143_U305	NOT	27063
N27831	P3_R1143_U306	NAND	27064
N27832	P3_R1143_U307	NOT	27065
N27833	P3_R1143_U308	OR	27066
N27834	P3_R1143_U309	NAND	27067
N27835	P3_R1143_U310	NAND	27068
N27836	P3_R1143_U311	NAND	27069
N27837	P3_R1143_U312	NAND	27070
N27838	P3_R1143_U313	NAND	27071
N27839	P3_R1143_U314	OR	27072
N27840	P3_R1143_U315	NAND	27073
N27841	P3_R1143_U316	NOT	27074
N27842	P3_R1143_U317	NAND	27075
N27843	P3_R1143_U318	NAND	27076
N27844	P3_R1143_U319	NAND	27077
N27845	P3_R1143_U320	NAND	27078
N27846	P3_R1143_U321	OR	27079
N27847	P3_R1143_U322	NAND	27080
N27848	P3_R1143_U323	NAND	27081
N27849	P3_R1143_U324	NAND	27082
N27850	P3_R1143_U325	NAND	27083
N27851	P3_R1143_U326	NAND	27084
N27852	P3_R1143_U327	OR	27085
N27853	P3_R1143_U328	NOT	27086
N27854	P3_R1143_U329	OR	27087
N27855	P3_R1143_U330	OR	27088
N27856	P3_R1143_U331	NAND	27089
N27857	P3_R1143_U332	NAND	27090
N27858	P3_R1143_U333	NAND	27091
N27859	P3_R1143_U334	NAND	27092
N27860	P3_R1143_U335	NAND	27093
N27861	P3_R1143_U336	OR	27094
N27862	P3_R1143_U337	NAND	27095
N27863	P3_R1143_U338	NOT	27096
N27864	P3_R1143_U339	OR	27097
N27865	P3_R1143_U340	NAND	27098
N27866	P3_R1143_U341	NAND	27099
N27867	P3_R1143_U342	NAND	27100
N27868	P3_R1143_U343	NAND	27101
N27869	P3_R1143_U344	NAND	27102
N27870	P3_R1143_U345	OR	27103
N27871	P3_R1143_U346	OR	27104
N27872	P3_R1143_U347	NAND	27105
N27873	P3_R1143_U348	NAND	27106
N27874	P3_R1143_U349	NAND	27107
N27875	P3_R1143_U350	NAND	27108
N27876	P3_R1143_U351	NAND	27109
N27877	P3_R1143_U352	NAND	27110
N27878	P3_R1143_U353	NAND	27111
N27879	P3_R1143_U354	NAND	27112
N27880	P3_R1143_U355	NAND	27113
N27881	P3_R1143_U356	NAND	27114
N27882	P3_R1143_U357	NAND	27115
N27883	P3_R1143_U358	NAND	27116
N27884	P3_R1143_U359	NAND	27117
N27885	P3_R1143_U360	NAND	27118
N27886	P3_R1143_U361	NAND	27119
N27887	P3_R1143_U362	NAND	27120
N27888	P3_R1143_U363	NAND	27121
N27889	P3_R1143_U364	NAND	27122
N27890	P3_R1143_U365	NAND	27123
N27891	P3_R1143_U366	NAND	27124
N27892	P3_R1143_U367	NAND	27125
N27893	P3_R1143_U368	NAND	27126
N27894	P3_R1143_U369	NAND	27127
N27895	P3_R1143_U370	NAND	27128
N27896	P3_R1143_U371	NAND	27129
N27897	P3_R1143_U372	NAND	27130
N27898	P3_R1143_U373	NAND	27131
N27899	P3_R1143_U374	NAND	27132
N27900	P3_R1143_U375	NAND	27133
N27901	P3_R1143_U376	NAND	27134
N27902	P3_R1143_U377	NAND	27135
N27903	P3_R1143_U378	NAND	27136
N27904	P3_R1143_U379	NAND	27137
N27905	P3_R1143_U380	NAND	27138
N27906	P3_R1143_U381	NAND	27139
N27907	P3_R1143_U382	NAND	27140
N27908	P3_R1143_U383	NAND	27141
N27909	P3_R1143_U384	NAND	27142
N27910	P3_R1143_U385	NAND	27143
N27911	P3_R1143_U386	NAND	27144
N27912	P3_R1143_U387	NAND	27145
N27913	P3_R1143_U388	NAND	27146
N27914	P3_R1143_U389	NAND	27147
N27915	P3_R1143_U390	NAND	27148
N27916	P3_R1143_U391	NAND	27149
N27917	P3_R1143_U392	NAND	27150
N27918	P3_R1143_U393	NAND	27151
N27919	P3_R1143_U394	NAND	27152
N27920	P3_R1143_U395	NAND	27153
N27921	P3_R1143_U396	NAND	27154
N27922	P3_R1143_U397	NAND	27155
N27923	P3_R1143_U398	NAND	27156
N27924	P3_R1143_U399	NAND	27157
N27925	P3_R1143_U400	NAND	27158
N27926	P3_R1143_U401	NAND	27159
N27927	P3_R1143_U402	NAND	27160
N27928	P3_R1143_U403	NAND	27161
N27929	P3_R1143_U404	NAND	27162
N27930	P3_R1143_U405	NAND	27163
N27931	P3_R1143_U406	NAND	27164
N27932	P3_R1143_U407	NAND	27165
N27933	P3_R1143_U408	NAND	27166
N27934	P3_R1143_U409	NAND	27167
N27935	P3_R1143_U410	NAND	27168
N27936	P3_R1143_U411	NAND	27169
N27937	P3_R1143_U412	NAND	27170
N27938	P3_R1143_U413	NAND	27171
N27939	P3_R1143_U414	NAND	27172
N27940	P3_R1143_U415	NAND	27173
N27941	P3_R1143_U416	NAND	27174
N27942	P3_R1143_U417	NAND	27175
N27943	P3_R1143_U418	NAND	27176
N27944	P3_R1143_U419	NAND	27177
N27945	P3_R1143_U420	NAND	27178
N27946	P3_R1143_U421	NAND	27179
N27947	P3_R1143_U422	NAND	27180
N27948	P3_R1143_U423	NAND	27181
N27949	P3_R1143_U424	NAND	27182
N27950	P3_R1143_U425	NAND	27183
N27951	P3_R1143_U426	NAND	27184
N27952	P3_R1143_U427	NAND	27185
N27953	P3_R1143_U428	NAND	27186
N27954	P3_R1143_U429	NAND	27187
N27955	P3_R1143_U430	NAND	27188
N27956	P3_R1143_U431	NAND	27189
N27957	P3_R1143_U432	NAND	27190
N27958	P3_R1143_U433	NAND	27191
N27959	P3_R1143_U434	NAND	27192
N27960	P3_R1143_U435	NAND	27193
N27961	P3_R1143_U436	NAND	27194
N27962	P3_R1143_U437	NAND	27195
N27963	P3_R1143_U438	NAND	27196
N27964	P3_R1143_U439	NAND	27197
N27965	P3_R1143_U440	NAND	27198
N27966	P3_R1143_U441	NAND	27199
N27967	P3_R1143_U442	NAND	27200
N27968	P3_R1143_U443	NAND	27201
N27969	P3_R1143_U444	NAND	27202
N27970	P3_R1143_U445	NAND	27203
N27971	P3_R1143_U446	NAND	27204
N27972	P3_R1143_U447	NAND	27205
N27973	P3_R1143_U448	NAND	27206
N27974	P3_R1143_U449	NAND	27207
N27975	P3_R1143_U450	NAND	27208
N27976	P3_R1143_U451	NAND	27209
N27977	P3_R1143_U452	NAND	27210
N27978	P3_R1143_U453	NAND	27211
N27979	P3_R1143_U454	NAND	27212
N27980	P3_R1143_U455	NAND	27213
N27981	P3_R1143_U456	NAND	27214
N27982	P3_R1143_U457	NAND	27215
N27983	P3_R1143_U458	NAND	27216
N27984	P3_R1143_U459	NAND	27217
N27985	P3_R1143_U460	NAND	27218
N27986	P3_R1143_U461	NAND	27219
N27987	P3_R1143_U462	NAND	27220
N27988	P3_R1143_U463	NAND	27221
N27989	P3_R1143_U464	NAND	27222
N27990	P3_R1143_U465	NAND	27223
N27991	P3_R1143_U466	NAND	27224
N27992	P3_R1143_U467	NAND	27225
N27993	P3_R1143_U468	NAND	27226
N27994	P3_R1143_U469	NAND	27227
N27995	P3_R1143_U470	NAND	27228
N27996	P3_R1143_U471	NAND	27229
N27997	P3_R1143_U472	NAND	27230
N27998	P3_R1143_U473	NAND	27231
N27999	P3_R1143_U474	NAND	27232
N28000	P3_R1143_U475	NAND	27233
N28001	P3_R1143_U476	NAND	27234
N28002	P3_R1143_U477	NAND	27235
N28003	P3_R1143_U478	NAND	27236
N28004	P3_R1143_U479	NAND	27237
N28005	P3_R1143_U480	NAND	27238
N28006	P3_R1143_U481	NAND	27239
N28007	P3_R1143_U482	NAND	27240
N28008	P3_R1143_U483	NAND	27241
N28009	P3_R1143_U484	NAND	27242
N28010	P3_R1143_U485	NAND	27243
N28011	P3_R1143_U486	NAND	27244
N28012	P3_R1143_U487	NAND	27245
N28013	P3_R1143_U488	NAND	27246
N28014	P3_R1143_U489	NAND	27247
N28015	P3_R1143_U490	NAND	27248
N28016	P3_R1143_U491	NAND	27249
N28017	P3_R1143_U492	NAND	27250
N28018	P3_R1143_U493	NAND	27251
N28019	P3_R1143_U494	NAND	27252
N28020	P3_R1143_U495	NAND	27253
N28021	P3_R1143_U496	NAND	27254
N28022	P3_R1143_U497	NAND	27255
N28023	P3_R1143_U498	NAND	27256
N28024	P3_R1143_U499	NAND	27257
N28025	P3_R1143_U500	NAND	27258
N28026	P3_R1143_U501	NAND	27259
N28027	P3_R1143_U502	NAND	27260
N28028	P3_R1143_U503	NAND	27261
N28029	P3_R1143_U504	NAND	27262
N28030	P3_R1158_U4	AND	27263
N28031	P3_R1158_U5	AND	27264
N28032	P3_R1158_U6	AND	27265
N28033	P3_R1158_U7	AND	27266
N28034	P3_R1158_U8	AND	27267
N28035	P3_R1158_U9	AND	27268
N28036	P3_R1158_U10	AND	27269
N28037	P3_R1158_U11	AND	27270
N28038	P3_R1158_U12	AND	27271
N28039	P3_R1158_U13	AND	27272
N28040	P3_R1158_U14	AND	27273
N28041	P3_R1158_U15	AND	27274
N28042	P3_R1158_U16	AND	27275
N28043	P3_R1158_U17	AND	27276
N28044	P3_R1158_U18	AND	27277
N28045	P3_R1158_U19	NAND	27278
N28046	P3_R1158_U20	NOT	27279
N28047	P3_R1158_U21	NOT	27280
N28048	P3_R1158_U22	NOT	27281
N28049	P3_R1158_U23	NAND	27282
N28050	P3_R1158_U24	NOT	27283
N28051	P3_R1158_U25	NOT	27284
N28052	P3_R1158_U26	NAND	27285
N28053	P3_R1158_U27	NOT	27286
N28054	P3_R1158_U28	NAND	27287
N28055	P3_R1158_U29	NOT	27288
N28056	P3_R1158_U30	NOT	27289
N28057	P3_R1158_U31	NOT	27290
N28058	P3_R1158_U32	NOT	27291
N28059	P3_R1158_U33	NOT	27292
N28060	P3_R1158_U34	NAND	27293
N28061	P3_R1158_U35	NAND	27294
N28062	P3_R1158_U36	NAND	27295
N28063	P3_R1158_U37	NOT	27296
N28064	P3_R1158_U38	NOT	27297
N28065	P3_R1158_U39	NOT	27298
N28066	P3_R1158_U40	NOT	27299
N28067	P3_R1158_U41	NOT	27300
N28068	P3_R1158_U42	NAND	27301
N28069	P3_R1158_U43	NOT	27302
N28070	P3_R1158_U44	NOT	27303
N28071	P3_R1158_U45	NOT	27304
N28072	P3_R1158_U46	NOT	27305
N28073	P3_R1158_U47	NAND	27306
N28074	P3_R1158_U48	NOT	27307
N28075	P3_R1158_U49	NOT	27308
N28076	P3_R1158_U50	NAND	27309
N28077	P3_R1158_U51	NOT	27310
N28078	P3_R1158_U52	NOT	27311
N28079	P3_R1158_U53	NOT	27312
N28080	P3_R1158_U54	NOT	27313
N28081	P3_R1158_U55	NAND	27314
N28082	P3_R1158_U56	NOT	27315
N28083	P3_R1158_U57	NOT	27316
N28084	P3_R1158_U58	NOT	27317
N28085	P3_R1158_U59	NAND	27318
N28086	P3_R1158_U60	NAND	27319
N28087	P3_R1158_U61	NAND	27320
N28088	P3_R1158_U62	NAND	27321
N28089	P3_R1158_U63	NAND	27322
N28090	P3_R1158_U64	NAND	27323
N28091	P3_R1158_U65	NAND	27324
N28092	P3_R1158_U66	NAND	27325
N28093	P3_R1158_U67	NAND	27326
N28094	P3_R1158_U68	NAND	27327
N28095	P3_R1158_U69	NAND	27328
N28096	P3_R1158_U70	NAND	27329
N28097	P3_R1158_U71	NAND	27330
N28098	P3_R1158_U72	NAND	27331
N28099	P3_R1158_U73	NAND	27332
N28100	P3_R1158_U74	NAND	27333
N28101	P3_R1158_U75	NAND	27334
N28102	P3_R1158_U76	NAND	27335
N28103	P3_R1158_U77	NAND	27336
N28104	P3_R1158_U78	NAND	27337
N28105	P3_R1158_U79	NAND	27338
N28106	P3_R1158_U80	NAND	27339
N28107	P3_R1158_U81	NAND	27340
N28108	P3_R1158_U82	NAND	27341
N28109	P3_R1158_U83	NAND	27342
N28110	P3_R1158_U84	NAND	27343
N28111	P3_R1158_U85	NAND	27344
N28112	P3_R1158_U86	NAND	27345
N28113	P3_R1158_U87	NAND	27346
N28114	P3_R1158_U88	NAND	27347
N28115	P3_R1158_U89	NAND	27348
N28116	P3_R1158_U90	NAND	27349
N28117	P3_R1158_U91	NAND	27350
N28118	P3_R1158_U92	NAND	27351
N28119	P3_R1158_U93	NAND	27352
N28120	P3_R1158_U94	NAND	27353
N28121	P3_R1158_U95	NAND	27354
N28122	P3_R1158_U96	NAND	27355
N28123	P3_R1158_U97	NAND	27356
N28124	P3_R1158_U98	NAND	27357
N28125	P3_R1158_U99	NAND	27358
N28126	P3_R1158_U100	NAND	27359
N28127	P3_R1158_U101	NAND	27360
N28128	P3_R1158_U102	NAND	27361
N28129	P3_R1158_U103	AND	27362
N28130	P3_R1158_U104	AND	27363
N28131	P3_R1158_U105	NAND	27364
N28132	P3_R1158_U106	NAND	27365
N28133	P3_R1158_U107	NAND	27366
N28134	P3_R1158_U108	NAND	27367
N28135	P3_R1158_U109	NAND	27368
N28136	P3_R1158_U110	NAND	27369
N28137	P3_R1158_U111	NAND	27370
N28138	P3_R1158_U112	NAND	27371
N28139	P3_R1158_U113	NAND	27372
N28140	P3_R1158_U114	NAND	27373
N28141	P3_R1158_U115	NAND	27374
N28142	P3_R1158_U116	NAND	27375
N28143	P3_R1158_U117	NAND	27376
N28144	P3_R1158_U118	NAND	27377
N28145	P3_R1158_U119	AND	27378
N28146	P3_R1158_U120	AND	27379
N28147	P3_R1158_U121	AND	27380
N28148	P3_R1158_U122	AND	27381
N28149	P3_R1158_U123	AND	27382
N28150	P3_R1158_U124	AND	27383
N28151	P3_R1158_U125	AND	27384
N28152	P3_R1158_U126	AND	27385
N28153	P3_R1158_U127	AND	27386
N28154	P3_R1158_U128	AND	27387
N28155	P3_R1158_U129	AND	27388
N28156	P3_R1158_U130	AND	27389
N28157	P3_R1158_U131	AND	27390
N28158	P3_R1158_U132	AND	27391
N28159	P3_R1158_U133	AND	27392
N28160	P3_R1158_U134	AND	27393
N28161	P3_R1158_U135	AND	27394
N28162	P3_R1158_U136	AND	27395
N28163	P3_R1158_U137	NAND	27396
N28164	P3_R1158_U138	AND	27397
N28165	P3_R1158_U139	AND	27398
N28166	P3_R1158_U140	AND	27399
N28167	P3_R1158_U141	AND	27400
N28168	P3_R1158_U142	AND	27401
N28169	P3_R1158_U143	AND	27402
N28170	P3_R1158_U144	AND	27403
N28171	P3_R1158_U145	AND	27404
N28172	P3_R1158_U146	AND	27405
N28173	P3_R1158_U147	AND	27406
N28174	P3_R1158_U148	AND	27407
N28175	P3_R1158_U149	NAND	27408
N28176	P3_R1158_U150	NOT	27409
N28177	P3_R1158_U151	AND	27410
N28178	P3_R1158_U152	NOT	27411
N28179	P3_R1158_U153	NOT	27412
N28180	P3_R1158_U154	NOT	27413
N28181	P3_R1158_U155	NOT	27414
N28182	P3_R1158_U156	NOT	27415
N28183	P3_R1158_U157	NOT	27416
N28184	P3_R1158_U158	NOT	27417
N28185	P3_R1158_U159	NOT	27418
N28186	P3_R1158_U160	NOT	27419
N28187	P3_R1158_U161	NAND	27420
N28188	P3_R1158_U162	AND	27421
N28189	P3_R1158_U163	NAND	27422
N28190	P3_R1158_U164	AND	27423
N28191	P3_R1158_U165	NAND	27424
N28192	P3_R1158_U166	AND	27425
N28193	P3_R1158_U167	NAND	27426
N28194	P3_R1158_U168	NOT	27427
N28195	P3_R1158_U169	NOT	27428
N28196	P3_R1158_U170	NOT	27429
N28197	P3_R1158_U171	NOT	27430
N28198	P3_R1158_U172	NOT	27431
N28199	P3_R1158_U173	NOT	27432
N28200	P3_R1158_U174	NOT	27433
N28201	P3_R1158_U175	NOT	27434
N28202	P3_R1158_U176	NOT	27435
N28203	P3_R1158_U177	NOT	27436
N28204	P3_R1158_U178	NOT	27437
N28205	P3_R1158_U179	NOT	27438
N28206	P3_R1158_U180	NOT	27439
N28207	P3_R1158_U181	NOT	27440
N28208	P3_R1158_U182	NOT	27441
N28209	P3_R1158_U183	NOT	27442
N28210	P3_R1158_U184	NOT	27443
N28211	P3_R1158_U185	NOT	27444
N28212	P3_R1158_U186	NOT	27445
N28213	P3_R1158_U187	NOT	27446
N28214	P3_R1158_U188	AND	27447
N28215	P3_R1158_U189	NAND	27448
N28216	P3_R1158_U190	NAND	27449
N28217	P3_R1158_U191	NAND	27450
N28218	P3_R1158_U192	NAND	27451
N28219	P3_R1158_U193	AND	27452
N28220	P3_R1158_U194	NAND	27453
N28221	P3_R1158_U195	AND	27454
N28222	P3_R1158_U196	NAND	27455
N28223	P3_R1158_U197	AND	27456
N28224	P3_R1158_U198	NAND	27457
N28225	P3_R1158_U199	NAND	27458
N28226	P3_R1158_U200	AND	27459
N28227	P3_R1158_U201	NAND	27460
N28228	P3_R1158_U202	AND	27461
N28229	P3_R1158_U203	NAND	27462
N28230	P3_R1158_U204	AND	27463
N28231	P3_R1158_U205	NAND	27464
N28232	P3_R1158_U206	NAND	27465
N28233	P3_R1158_U207	AND	27466
N28234	P3_R1158_U208	NAND	27467
N28235	P3_R1158_U209	NAND	27468
N28236	P3_R1158_U210	NAND	27469
N28237	P3_R1158_U211	NAND	27470
N28238	P3_R1158_U212	NOT	27471
N28239	P3_R1158_U213	NAND	27472
N28240	P3_R1158_U214	NAND	27473
N28241	P3_R1158_U215	NOT	27474
N28242	P3_R1158_U216	NOT	27475
N28243	P3_R1158_U217	NOT	27476
N28244	P3_R1158_U218	NOT	27477
N28245	P3_R1158_U219	NAND	27478
N28246	P3_R1158_U220	NAND	27479
N28247	P3_R1158_U221	NAND	27480
N28248	P3_R1158_U222	NOT	27481
N28249	P3_R1158_U223	NAND	27482
N28250	P3_R1158_U224	NAND	27483
N28251	P3_R1158_U225	NOT	27484
N28252	P3_R1158_U226	NAND	27485
N28253	P3_R1158_U227	NAND	27486
N28254	P3_R1158_U228	NAND	27487
N28255	P3_R1158_U229	NAND	27488
N28256	P3_R1158_U230	NAND	27489
N28257	P3_R1158_U231	NAND	27490
N28258	P3_R1158_U232	NOT	27491
N28259	P3_R1158_U233	NAND	27492
N28260	P3_R1158_U234	NOT	27493
N28261	P3_R1158_U235	NAND	27494
N28262	P3_R1158_U236	NOT	27495
N28263	P3_R1158_U237	NAND	27496
N28264	P3_R1158_U238	NAND	27497
N28265	P3_R1158_U239	NOT	27498
N28266	P3_R1158_U240	NAND	27499
N28267	P3_R1158_U241	NAND	27500
N28268	P3_R1158_U242	NAND	27501
N28269	P3_R1158_U243	NAND	27502
N28270	P3_R1158_U244	NAND	27503
N28271	P3_R1158_U245	NAND	27504
N28272	P3_R1158_U246	NAND	27505
N28273	P3_R1158_U247	NAND	27506
N28274	P3_R1158_U248	NAND	27507
N28275	P3_R1158_U249	NAND	27508
N28276	P3_R1158_U250	NAND	27509
N28277	P3_R1158_U251	NAND	27510
N28278	P3_R1158_U252	NAND	27511
N28279	P3_R1158_U253	NAND	27512
N28280	P3_R1158_U254	NAND	27513
N28281	P3_R1158_U255	NAND	27514
N28282	P3_R1158_U256	NAND	27515
N28283	P3_R1158_U257	NAND	27516
N28284	P3_R1158_U258	NAND	27517
N28285	P3_R1158_U259	NOT	27518
N28286	P3_R1158_U260	NAND	27519
N28287	P3_R1158_U261	NOT	27520
N28288	P3_R1158_U262	NAND	27521
N28289	P3_R1158_U263	NAND	27522
N28290	P3_R1158_U264	NAND	27523
N28291	P3_R1158_U265	NAND	27524
N28292	P3_R1158_U266	NAND	27525
N28293	P3_R1158_U267	NAND	27526
N28294	P3_R1158_U268	NAND	27527
N28295	P3_R1158_U269	NAND	27528
N28296	P3_R1158_U270	NAND	27529
N28297	P3_R1158_U271	NAND	27530
N28298	P3_R1158_U272	NAND	27531
N28299	P3_R1158_U273	NAND	27532
N28300	P3_R1158_U274	NAND	27533
N28301	P3_R1158_U275	NOT	27534
N28302	P3_R1158_U276	NAND	27535
N28303	P3_R1158_U277	NAND	27536
N28304	P3_R1158_U278	NOT	27537
N28305	P3_R1158_U279	NAND	27538
N28306	P3_R1158_U280	NAND	27539
N28307	P3_R1158_U281	NAND	27540
N28308	P3_R1158_U282	NAND	27541
N28309	P3_R1158_U283	NOT	27542
N28310	P3_R1158_U284	NAND	27543
N28311	P3_R1158_U285	NAND	27544
N28312	P3_R1158_U286	NAND	27545
N28313	P3_R1158_U287	NOT	27546
N28314	P3_R1158_U288	NAND	27547
N28315	P3_R1158_U289	NAND	27548
N28316	P3_R1158_U290	NAND	27549
N28317	P3_R1158_U291	NAND	27550
N28318	P3_R1158_U292	NAND	27551
N28319	P3_R1158_U293	NAND	27552
N28320	P3_R1158_U294	NAND	27553
N28321	P3_R1158_U295	NAND	27554
N28322	P3_R1158_U296	NAND	27555
N28323	P3_R1158_U297	NOT	27556
N28324	P3_R1158_U298	NAND	27557
N28325	P3_R1158_U299	NAND	27558
N28326	P3_R1158_U300	NAND	27559
N28327	P3_R1158_U301	NOT	27560
N28328	P3_R1158_U302	NAND	27561
N28329	P3_R1158_U303	NAND	27562
N28330	P3_R1158_U304	NAND	27563
N28331	P3_R1158_U305	NOT	27564
N28332	P3_R1158_U306	NAND	27565
N28333	P3_R1158_U307	NAND	27566
N28334	P3_R1158_U308	NAND	27567
N28335	P3_R1158_U309	NAND	27568
N28336	P3_R1158_U310	NAND	27569
N28337	P3_R1158_U311	NAND	27570
N28338	P3_R1158_U312	NOT	27571
N28339	P3_R1158_U313	NAND	27572
N28340	P3_R1158_U314	NAND	27573
N28341	P3_R1158_U315	NAND	27574
N28342	P3_R1158_U316	NAND	27575
N28343	P3_R1158_U317	NOT	27576
N28344	P3_R1158_U318	NOT	27577
N28345	P3_R1158_U319	NAND	27578
N28346	P3_R1158_U320	NAND	27579
N28347	P3_R1158_U321	NAND	27580
N28348	P3_R1158_U322	NAND	27581
N28349	P3_R1158_U323	NOT	27582
N28350	P3_R1158_U324	NAND	27583
N28351	P3_R1158_U325	NAND	27584
N28352	P3_R1158_U326	NAND	27585
N28353	P3_R1158_U327	NAND	27586
N28354	P3_R1158_U328	NAND	27587
N28355	P3_R1158_U329	NAND	27588
N28356	P3_R1158_U330	NAND	27589
N28357	P3_R1158_U331	NAND	27590
N28358	P3_R1158_U332	NAND	27591
N28359	P3_R1158_U333	NAND	27592
N28360	P3_R1158_U334	NAND	27593
N28361	P3_R1158_U335	NAND	27594
N28362	P3_R1158_U336	NAND	27595
N28363	P3_R1158_U337	NAND	27596
N28364	P3_R1158_U338	NAND	27597
N28365	P3_R1158_U339	NOT	27598
N28366	P3_R1158_U340	NAND	27599
N28367	P3_R1158_U341	NAND	27600
N28368	P3_R1158_U342	NAND	27601
N28369	P3_R1158_U343	NAND	27602
N28370	P3_R1158_U344	NAND	27603
N28371	P3_R1158_U345	NAND	27604
N28372	P3_R1158_U346	NAND	27605
N28373	P3_R1158_U347	NAND	27606
N28374	P3_R1158_U348	NAND	27607
N28375	P3_R1158_U349	NAND	27608
N28376	P3_R1158_U350	NAND	27609
N28377	P3_R1158_U351	NAND	27610
N28378	P3_R1158_U352	NAND	27611
N28379	P3_R1158_U353	NAND	27612
N28380	P3_R1158_U354	NAND	27613
N28381	P3_R1158_U355	NAND	27614
N28382	P3_R1158_U356	NAND	27615
N28383	P3_R1158_U357	NAND	27616
N28384	P3_R1158_U358	NAND	27617
N28385	P3_R1158_U359	NAND	27618
N28386	P3_R1158_U360	NAND	27619
N28387	P3_R1158_U361	NAND	27620
N28388	P3_R1158_U362	NAND	27621
N28389	P3_R1158_U363	NOT	27622
N28390	P3_R1158_U364	NAND	27623
N28391	P3_R1158_U365	NAND	27624
N28392	P3_R1158_U366	NAND	27625
N28393	P3_R1158_U367	NAND	27626
N28394	P3_R1158_U368	NOT	27627
N28395	P3_R1158_U369	NAND	27628
N28396	P3_R1158_U370	NAND	27629
N28397	P3_R1158_U371	NAND	27630
N28398	P3_R1158_U372	NOT	27631
N28399	P3_R1158_U373	NAND	27632
N28400	P3_R1158_U374	NAND	27633
N28401	P3_R1158_U375	NAND	27634
N28402	P3_R1158_U376	NAND	27635
N28403	P3_R1158_U377	NAND	27636
N28404	P3_R1158_U378	NAND	27637
N28405	P3_R1158_U379	NAND	27638
N28406	P3_R1158_U380	NOT	27639
N28407	P3_R1158_U381	NAND	27640
N28408	P3_R1158_U382	NOT	27641
N28409	P3_R1158_U383	NAND	27642
N28410	P3_R1158_U384	NOT	27643
N28411	P3_R1158_U385	NAND	27644
N28412	P3_R1158_U386	NOT	27645
N28413	P3_R1158_U387	NAND	27646
N28414	P3_R1158_U388	NOT	27647
N28415	P3_R1158_U389	NAND	27648
N28416	P3_R1158_U390	NOT	27649
N28417	P3_R1158_U391	NAND	27650
N28418	P3_R1158_U392	NAND	27651
N28419	P3_R1158_U393	NAND	27652
N28420	P3_R1158_U394	NAND	27653
N28421	P3_R1158_U395	NOT	27654
N28422	P3_R1158_U396	NAND	27655
N28423	P3_R1158_U397	NAND	27656
N28424	P3_R1158_U398	NAND	27657
N28425	P3_R1158_U399	NAND	27658
N28426	P3_R1158_U400	NAND	27659
N28427	P3_R1158_U401	NAND	27660
N28428	P3_R1158_U402	NAND	27661
N28429	P3_R1158_U403	NOT	27662
N28430	P3_R1158_U404	NAND	27663
N28431	P3_R1158_U405	NAND	27664
N28432	P3_R1158_U406	NOT	27665
N28433	P3_R1158_U407	NAND	27666
N28434	P3_R1158_U408	NAND	27667
N28435	P3_R1158_U409	NOT	27668
N28436	P3_R1158_U410	NAND	27669
N28437	P3_R1158_U411	NAND	27670
N28438	P3_R1158_U412	NOT	27671
N28439	P3_R1158_U413	NAND	27672
N28440	P3_R1158_U414	NAND	27673
N28441	P3_R1158_U415	NOT	27674
N28442	P3_R1158_U416	NAND	27675
N28443	P3_R1158_U417	NAND	27676
N28444	P3_R1158_U418	NOT	27677
N28445	P3_R1158_U419	NAND	27678
N28446	P3_R1158_U420	NAND	27679
N28447	P3_R1158_U421	NOT	27680
N28448	P3_R1158_U422	NAND	27681
N28449	P3_R1158_U423	NAND	27682
N28450	P3_R1158_U424	NOT	27683
N28451	P3_R1158_U425	NAND	27684
N28452	P3_R1158_U426	NAND	27685
N28453	P3_R1158_U427	NOT	27686
N28454	P3_R1158_U428	NAND	27687
N28455	P3_R1158_U429	NAND	27688
N28456	P3_R1158_U430	NAND	27689
N28457	P3_R1158_U431	NAND	27690
N28458	P3_R1158_U432	NAND	27691
N28459	P3_R1158_U433	NAND	27692
N28460	P3_R1158_U434	NAND	27693
N28461	P3_R1158_U435	NAND	27694
N28462	P3_R1158_U436	NAND	27695
N28463	P3_R1158_U437	NAND	27696
N28464	P3_R1158_U438	NAND	27697
N28465	P3_R1158_U439	NAND	27698
N28466	P3_R1158_U440	NAND	27699
N28467	P3_R1158_U441	NAND	27700
N28468	P3_R1158_U442	NAND	27701
N28469	P3_R1158_U443	NAND	27702
N28470	P3_R1158_U444	NAND	27703
N28471	P3_R1158_U445	NAND	27704
N28472	P3_R1158_U446	NAND	27705
N28473	P3_R1158_U447	NAND	27706
N28474	P3_R1158_U448	NAND	27707
N28475	P3_R1158_U449	NAND	27708
N28476	P3_R1158_U450	NAND	27709
N28477	P3_R1158_U451	NAND	27710
N28478	P3_R1158_U452	NAND	27711
N28479	P3_R1158_U453	NAND	27712
N28480	P3_R1158_U454	NAND	27713
N28481	P3_R1158_U455	NAND	27714
N28482	P3_R1158_U456	NAND	27715
N28483	P3_R1158_U457	NAND	27716
N28484	P3_R1158_U458	NAND	27717
N28485	P3_R1158_U459	NAND	27718
N28486	P3_R1158_U460	NAND	27719
N28487	P3_R1158_U461	NAND	27720
N28488	P3_R1158_U462	NAND	27721
N28489	P3_R1158_U463	NAND	27722
N28490	P3_R1158_U464	NAND	27723
N28491	P3_R1158_U465	NAND	27724
N28492	P3_R1158_U466	NAND	27725
N28493	P3_R1158_U467	NOT	27726
N28494	P3_R1158_U468	NAND	27727
N28495	P3_R1158_U469	NAND	27728
N28496	P3_R1158_U470	NOT	27729
N28497	P3_R1158_U471	NAND	27730
N28498	P3_R1158_U472	NAND	27731
N28499	P3_R1158_U473	NOT	27732
N28500	P3_R1158_U474	NAND	27733
N28501	P3_R1158_U475	NAND	27734
N28502	P3_R1158_U476	NOT	27735
N28503	P3_R1158_U477	NAND	27736
N28504	P3_R1158_U478	NAND	27737
N28505	P3_R1158_U479	NOT	27738
N28506	P3_R1158_U480	NAND	27739
N28507	P3_R1158_U481	NAND	27740
N28508	P3_R1158_U482	NOT	27741
N28509	P3_R1158_U483	NAND	27742
N28510	P3_R1158_U484	NAND	27743
N28511	P3_R1158_U485	NOT	27744
N28512	P3_R1158_U486	NAND	27745
N28513	P3_R1158_U487	NAND	27746
N28514	P3_R1158_U488	NOT	27747
N28515	P3_R1158_U489	NAND	27748
N28516	P3_R1158_U490	NAND	27749
N28517	P3_R1158_U491	NOT	27750
N28518	P3_R1158_U492	NAND	27751
N28519	P3_R1158_U493	NAND	27752
N28520	P3_R1158_U494	NOT	27753
N28521	P3_R1158_U495	NAND	27754
N28522	P3_R1158_U496	NAND	27755
N28523	P3_R1158_U497	NOT	27756
N28524	P3_R1158_U498	NAND	27757
N28525	P3_R1158_U499	NAND	27758
N28526	P3_R1158_U500	NOT	27759
N28527	P3_R1158_U501	NAND	27760
N28528	P3_R1158_U502	NAND	27761
N28529	P3_R1158_U503	NOT	27762
N28530	P3_R1158_U504	NAND	27763
N28531	P3_R1158_U505	NAND	27764
N28532	P3_R1158_U506	NOT	27765
N28533	P3_R1158_U507	NAND	27766
N28534	P3_R1158_U508	NAND	27767
N28535	P3_R1158_U509	NOT	27768
N28536	P3_R1158_U510	NAND	27769
N28537	P3_R1158_U511	NAND	27770
N28538	P3_R1158_U512	NOT	27771
N28539	P3_R1158_U513	NAND	27772
N28540	P3_R1158_U514	NAND	27773
N28541	P3_R1158_U515	NOT	27774
N28542	P3_R1158_U516	NAND	27775
N28543	P3_R1158_U517	NAND	27776
N28544	P3_R1158_U518	NOT	27777
N28545	P3_R1158_U519	NAND	27778
N28546	P3_R1158_U520	NAND	27779
N28547	P3_R1158_U521	NOT	27780
N28548	P3_R1158_U522	NAND	27781
N28549	P3_R1158_U523	NAND	27782
N28550	P3_R1158_U524	NOT	27783
N28551	P3_R1158_U525	NAND	27784
N28552	P3_R1158_U526	NAND	27785
N28553	P3_R1158_U527	NAND	27786
N28554	P3_R1158_U528	NAND	27787
N28555	P3_R1158_U529	NAND	27788
N28556	P3_R1158_U530	NAND	27789
N28557	P3_R1158_U531	NAND	27790
N28558	P3_R1158_U532	NAND	27791
N28559	P3_R1158_U533	NAND	27792
N28560	P3_R1158_U534	NAND	27793
N28561	P3_R1158_U535	NAND	27794
N28562	P3_R1158_U536	NAND	27795
N28563	P3_R1158_U537	NAND	27796
N28564	P3_R1158_U538	NAND	27797
N28565	P3_R1158_U539	NAND	27798
N28566	P3_R1158_U540	NAND	27799
N28567	P3_R1158_U541	NAND	27800
N28568	P3_R1158_U542	NAND	27801
N28569	P3_R1158_U543	NAND	27802
N28570	P3_R1158_U544	NAND	27803
N28571	P3_R1158_U545	NAND	27804
N28572	P3_R1158_U546	NAND	27805
N28573	P3_R1158_U547	NAND	27806
N28574	P3_R1158_U548	NAND	27807
N28575	P3_R1158_U549	NAND	27808
N28576	P3_R1158_U550	NAND	27809
N28577	P3_R1158_U551	NAND	27810
N28578	P3_R1158_U552	NAND	27811
N28579	P3_R1158_U553	NAND	27812
N28580	P3_R1158_U554	NAND	27813
N28581	P3_R1158_U555	NAND	27814
N28582	P3_R1158_U556	NAND	27815
N28583	P3_R1158_U557	NAND	27816
N28584	P3_R1158_U558	NAND	27817
N28585	P3_R1158_U559	NAND	27818
N28586	P3_R1158_U560	NAND	27819
N28587	P3_R1158_U561	NAND	27820
N28588	P3_R1158_U562	NAND	27821
N28589	P3_R1158_U563	NAND	27822
N28590	P3_R1158_U564	NAND	27823
N28591	P3_R1158_U565	NAND	27824
N28592	P3_R1158_U566	NAND	27825
N28593	P3_R1158_U567	NAND	27826
N28594	P3_R1158_U568	NAND	27827
N28595	P3_R1158_U569	NAND	27828
N28596	P3_R1158_U570	NAND	27829
N28597	P3_R1158_U571	NAND	27830
N28598	P3_R1158_U572	NAND	27831
N28599	P3_R1158_U573	NAND	27832
N28600	P3_R1158_U574	NAND	27833
N28601	P3_R1158_U575	NAND	27834
N28602	P3_R1158_U576	NAND	27835
N28603	P3_R1158_U577	NAND	27836
N28604	P3_R1158_U578	NAND	27837
N28605	P3_R1158_U579	NAND	27838
N28606	P3_R1158_U580	NAND	27839
N28607	P3_R1158_U581	NAND	27840
N28608	P3_R1158_U582	NAND	27841
N28609	P3_R1158_U583	NAND	27842
N28610	P3_R1158_U584	NAND	27843
N28611	P3_R1158_U585	NAND	27844
N28612	P3_R1158_U586	NAND	27845
N28613	P3_R1158_U587	NAND	27846
N28614	P3_R1158_U588	NAND	27847
N28615	P3_R1158_U589	NAND	27848
N28616	P3_R1158_U590	NAND	27849
N28617	P3_R1158_U591	NAND	27850
N28618	P3_R1158_U592	NAND	27851
N28619	P3_R1158_U593	NAND	27852
N28620	P3_R1158_U594	NAND	27853
N28621	P3_R1158_U595	NAND	27854
N28622	P3_R1158_U596	NAND	27855
N28623	P3_R1158_U597	NAND	27856
N28624	P3_R1158_U598	NAND	27857
N28625	P3_R1158_U599	NAND	27858
N28626	P3_R1158_U600	NAND	27859
N28627	P3_R1158_U601	NAND	27860
N28628	P3_R1158_U602	NAND	27861
N28629	P3_R1158_U603	NAND	27862
N28630	P3_R1158_U604	NAND	27863
N28631	P3_R1158_U605	NAND	27864
N28632	P3_R1158_U606	NAND	27865
N28633	P3_R1158_U607	NAND	27866
N28634	P3_R1158_U608	NAND	27867
N28635	P3_R1158_U609	NAND	27868
N28636	P3_R1158_U610	NAND	27869
N28637	P3_R1158_U611	NAND	27870
N28638	P3_R1158_U612	NAND	27871
N28639	P3_R1158_U613	NAND	27872
N28640	P3_R1158_U614	NAND	27873
N28641	P3_R1158_U615	NAND	27874
N28642	P3_R1158_U616	NAND	27875
N28643	P3_R1158_U617	NAND	27876
N28644	P3_R1158_U618	NAND	27877
N28645	P3_R1158_U619	NAND	27878
N28646	P3_R1158_U620	NAND	27879
N28647	P3_R1158_U621	NAND	27880
N28648	P3_R1158_U622	NAND	27881
N28649	P3_R1158_U623	NAND	27882
N28650	P3_R1158_U624	NAND	27883
N28651	P3_R1158_U625	NAND	27884
N28652	P3_R1158_U626	NAND	27885
N28653	P3_R1158_U627	NAND	27886
N28654	P3_R1158_U628	NAND	27887
N28655	P3_R1158_U629	NAND	27888
N28656	P3_R1158_U630	NOT	27889
N28657	P3_R1158_U631	NAND	27890
N28658	P3_R1158_U632	NAND	27891
N28659	P3_R1131_U6	AND	27892
N28660	P3_R1131_U7	AND	27893
N28661	P3_R1131_U8	AND	27894
N28662	P3_R1131_U9	AND	27895
N28663	P3_R1131_U10	AND	27896
N28664	P3_R1131_U11	AND	27897
N28665	P3_R1131_U12	AND	27898
N28666	P3_R1131_U13	AND	27899
N28667	P3_R1131_U14	AND	27900
N28668	P3_R1131_U15	AND	27901
N28669	P3_R1131_U16	NAND	27902
N28670	P3_R1131_U17	NAND	27903
N28671	P3_R1131_U18	NAND	27904
N28672	P3_R1131_U19	NAND	27905
N28673	P3_R1131_U20	NAND	27906
N28674	P3_R1131_U21	NAND	27907
N28675	P3_R1131_U22	NAND	27908
N28676	P3_R1131_U23	NAND	27909
N28677	P3_R1131_U24	NAND	27910
N28678	P3_R1131_U25	NOT	27911
N28679	P3_R1131_U26	NAND	27912
N28680	P3_R1131_U27	NOT	27913
N28681	P3_R1131_U28	NOT	27914
N28682	P3_R1131_U29	NOT	27915
N28683	P3_R1131_U30	NOT	27916
N28684	P3_R1131_U31	NOT	27917
N28685	P3_R1131_U32	NOT	27918
N28686	P3_R1131_U33	NOT	27919
N28687	P3_R1131_U34	NAND	27920
N28688	P3_R1131_U35	NOT	27921
N28689	P3_R1131_U36	NOT	27922
N28690	P3_R1131_U37	NOT	27923
N28691	P3_R1131_U38	NOT	27924
N28692	P3_R1131_U39	NOT	27925
N28693	P3_R1131_U40	NOT	27926
N28694	P3_R1131_U41	NOT	27927
N28695	P3_R1131_U42	NOT	27928
N28696	P3_R1131_U43	NAND	27929
N28697	P3_R1131_U44	NAND	27930
N28698	P3_R1131_U45	NOT	27931
N28699	P3_R1131_U46	NOT	27932
N28700	P3_R1131_U47	NAND	27933
N28701	P3_R1131_U48	NAND	27934
N28702	P3_R1131_U49	NAND	27935
N28703	P3_R1131_U50	NOT	27936
N28704	P3_R1131_U51	NOT	27937
N28705	P3_R1131_U52	NOT	27938
N28706	P3_R1131_U53	NOT	27939
N28707	P3_R1131_U54	NOT	27940
N28708	P3_R1131_U55	NAND	27941
N28709	P3_R1131_U56	NOT	27942
N28710	P3_R1131_U57	NOT	27943
N28711	P3_R1131_U58	NOT	27944
N28712	P3_R1131_U59	NOT	27945
N28713	P3_R1131_U60	NOT	27946
N28714	P3_R1131_U61	NOT	27947
N28715	P3_R1131_U62	NOT	27948
N28716	P3_R1131_U63	NOT	27949
N28717	P3_R1131_U64	NOT	27950
N28718	P3_R1131_U65	NOT	27951
N28719	P3_R1131_U66	NAND	27952
N28720	P3_R1131_U67	NOT	27953
N28721	P3_R1131_U68	NOT	27954
N28722	P3_R1131_U69	NOT	27955
N28723	P3_R1131_U70	NOT	27956
N28724	P3_R1131_U71	NOT	27957
N28725	P3_R1131_U72	NOT	27958
N28726	P3_R1131_U73	NOT	27959
N28727	P3_R1131_U74	NOT	27960
N28728	P3_R1131_U75	NOT	27961
N28729	P3_R1131_U76	NOT	27962
N28730	P3_R1131_U77	NOT	27963
N28731	P3_R1131_U78	NOT	27964
N28732	P3_R1131_U79	NOT	27965
N28733	P3_R1131_U80	NAND	27966
N28734	P3_R1131_U81	NOT	27967
N28735	P3_R1131_U82	NOT	27968
N28736	P3_R1131_U83	NOT	27969
N28737	P3_R1131_U84	NOT	27970
N28738	P3_R1131_U85	NOT	27971
N28739	P3_R1131_U86	NOT	27972
N28740	P3_R1131_U87	NAND	27973
N28741	P3_R1131_U88	NOT	27974
N28742	P3_R1131_U89	NOT	27975
N28743	P3_R1131_U90	NOT	27976
N28744	P3_R1131_U91	NAND	27977
N28745	P3_R1131_U92	NAND	27978
N28746	P3_R1131_U93	NAND	27979
N28747	P3_R1131_U94	NAND	27980
N28748	P3_R1131_U95	NOT	27981
N28749	P3_R1131_U96	NAND	27982
N28750	P3_R1131_U97	NAND	27983
N28751	P3_R1131_U98	NAND	27984
N28752	P3_R1131_U99	NAND	27985
N28753	P3_R1131_U100	NAND	27986
N28754	P3_R1131_U101	NAND	27987
N28755	P3_R1131_U102	NAND	27988
N28756	P3_R1131_U103	NAND	27989
N28757	P3_R1131_U104	NAND	27990
N28758	P3_R1131_U105	NAND	27991
N28759	P3_R1131_U106	NAND	27992
N28760	P3_R1131_U107	NAND	27993
N28761	P3_R1131_U108	NAND	27994
N28762	P3_R1131_U109	NAND	27995
N28763	P3_R1131_U110	NAND	27996
N28764	P3_R1131_U111	NAND	27997
N28765	P3_R1131_U112	NAND	27998
N28766	P3_R1131_U113	NAND	27999
N28767	P3_R1131_U114	NAND	28000
N28768	P3_R1131_U115	NAND	28001
N28769	P3_R1131_U116	NAND	28002
N28770	P3_R1131_U117	AND	28003
N28771	P3_R1131_U118	AND	28004
N28772	P3_R1131_U119	AND	28005
N28773	P3_R1131_U120	AND	28006
N28774	P3_R1131_U121	AND	28007
N28775	P3_R1131_U122	AND	28008
N28776	P3_R1131_U123	AND	28009
N28777	P3_R1131_U124	AND	28010
N28778	P3_R1131_U125	AND	28011
N28779	P3_R1131_U126	AND	28012
N28780	P3_R1131_U127	AND	28013
N28781	P3_R1131_U128	AND	28014
N28782	P3_R1131_U129	AND	28015
N28783	P3_R1131_U130	AND	28016
N28784	P3_R1131_U131	AND	28017
N28785	P3_R1131_U132	AND	28018
N28786	P3_R1131_U133	AND	28019
N28787	P3_R1131_U134	AND	28020
N28788	P3_R1131_U135	NAND	28021
N28789	P3_R1131_U136	AND	28022
N28790	P3_R1131_U137	AND	28023
N28791	P3_R1131_U138	NAND	28024
N28792	P3_R1131_U139	NAND	28025
N28793	P3_R1131_U140	AND	28026
N28794	P3_R1131_U141	AND	28027
N28795	P3_R1131_U142	NAND	28028
N28796	P3_R1131_U143	NAND	28029
N28797	P3_R1131_U144	NAND	28030
N28798	P3_R1131_U145	NAND	28031
N28799	P3_R1131_U146	NAND	28032
N28800	P3_R1131_U147	AND	28033
N28801	P3_R1131_U148	AND	28034
N28802	P3_R1131_U149	NAND	28035
N28803	P3_R1131_U150	NAND	28036
N28804	P3_R1131_U151	AND	28037
N28805	P3_R1131_U152	AND	28038
N28806	P3_R1131_U153	AND	28039
N28807	P3_R1131_U154	NAND	28040
N28808	P3_R1131_U155	AND	28041
N28809	P3_R1131_U156	AND	28042
N28810	P3_R1131_U157	AND	28043
N28811	P3_R1131_U158	NAND	28044
N28812	P3_R1131_U159	AND	28045
N28813	P3_R1131_U160	NOT	28046
N28814	P3_R1131_U161	NOT	28047
N28815	P3_R1131_U162	AND	28048
N28816	P3_R1131_U163	NAND	28049
N28817	P3_R1131_U164	AND	28050
N28818	P3_R1131_U165	NAND	28051
N28819	P3_R1131_U166	NAND	28052
N28820	P3_R1131_U167	AND	28053
N28821	P3_R1131_U168	AND	28054
N28822	P3_R1131_U169	NAND	28055
N28823	P3_R1131_U170	NAND	28056
N28824	P3_R1131_U171	NOT	28057
N28825	P3_R1131_U172	NAND	28058
N28826	P3_R1131_U173	NAND	28059
N28827	P3_R1131_U174	NOT	28060
N28828	P3_R1131_U175	NAND	28061
N28829	P3_R1131_U176	NAND	28062
N28830	P3_R1131_U177	AND	28063
N28831	P3_R1131_U178	AND	28064
N28832	P3_R1131_U179	NAND	28065
N28833	P3_R1131_U180	NAND	28066
N28834	P3_R1131_U181	NAND	28067
N28835	P3_R1131_U182	AND	28068
N28836	P3_R1131_U183	NAND	28069
N28837	P3_R1131_U184	NAND	28070
N28838	P3_R1131_U185	NAND	28071
N28839	P3_R1131_U186	NOT	28072
N28840	P3_R1131_U187	NOT	28073
N28841	P3_R1131_U188	NOT	28074
N28842	P3_R1131_U189	NAND	28075
N28843	P3_R1131_U190	NAND	28076
N28844	P3_R1131_U191	NAND	28077
N28845	P3_R1131_U192	NAND	28078
N28846	P3_R1131_U193	NAND	28079
N28847	P3_R1131_U194	NAND	28080
N28848	P3_R1131_U195	NAND	28081
N28849	P3_R1131_U196	NOT	28082
N28850	P3_R1131_U197	NOT	28083
N28851	P3_R1131_U198	NOT	28084
N28852	P3_R1131_U199	NOT	28085
N28853	P3_R1131_U200	NOT	28086
N28854	P3_R1131_U201	NAND	28087
N28855	P3_R1131_U202	NOT	28088
N28856	P3_R1131_U203	NAND	28089
N28857	P3_R1131_U204	NAND	28090
N28858	P3_R1131_U205	NAND	28091
N28859	P3_R1131_U206	NAND	28092
N28860	P3_R1131_U207	NOT	28093
N28861	P3_R1131_U208	NAND	28094
N28862	P3_R1131_U209	NAND	28095
N28863	P3_R1131_U210	NAND	28096
N28864	P3_R1131_U211	NAND	28097
N28865	P3_R1131_U212	NAND	28098
N28866	P3_R1131_U213	NAND	28099
N28867	P3_R1131_U214	NAND	28100
N28868	P3_R1131_U215	NAND	28101
N28869	P3_R1131_U216	NOT	28102
N28870	P3_R1131_U217	NOT	28103
N28871	P3_R1131_U218	NAND	28104
N28872	P3_R1131_U219	NAND	28105
N28873	P3_R1131_U220	NAND	28106
N28874	P3_R1131_U221	NOT	28107
N28875	P3_R1131_U222	NAND	28108
N28876	P3_R1131_U223	NAND	28109
N28877	P3_R1131_U224	NAND	28110
N28878	P3_R1131_U225	NAND	28111
N28879	P3_R1131_U226	NAND	28112
N28880	P3_R1131_U227	NAND	28113
N28881	P3_R1131_U228	NAND	28114
N28882	P3_R1131_U229	NAND	28115
N28883	P3_R1131_U230	NOT	28116
N28884	P3_R1131_U231	NAND	28117
N28885	P3_R1131_U232	NAND	28118
N28886	P3_R1131_U233	NAND	28119
N28887	P3_R1131_U234	NAND	28120
N28888	P3_R1131_U235	NAND	28121
N28889	P3_R1131_U236	NAND	28122
N28890	P3_R1131_U237	NAND	28123
N28891	P3_R1131_U238	NAND	28124
N28892	P3_R1131_U239	NAND	28125
N28893	P3_R1131_U240	NAND	28126
N28894	P3_R1131_U241	NAND	28127
N28895	P3_R1131_U242	NAND	28128
N28896	P3_R1131_U243	NAND	28129
N28897	P3_R1131_U244	NAND	28130
N28898	P3_R1131_U245	NAND	28131
N28899	P3_R1131_U246	NAND	28132
N28900	P3_R1131_U247	NAND	28133
N28901	P3_R1131_U248	NAND	28134
N28902	P3_R1131_U249	NAND	28135
N28903	P3_R1131_U250	NAND	28136
N28904	P3_R1131_U251	NAND	28137
N28905	P3_R1131_U252	NAND	28138
N28906	P3_R1131_U253	NOT	28139
N28907	P3_R1131_U254	NAND	28140
N28908	P3_R1131_U255	NAND	28141
N28909	P3_R1131_U256	NAND	28142
N28910	P3_R1131_U257	NOT	28143
N28911	P3_R1131_U258	NAND	28144
N28912	P3_R1131_U259	NAND	28145
N28913	P3_R1131_U260	NAND	28146
N28914	P3_R1131_U261	NOT	28147
N28915	P3_R1131_U262	NAND	28148
N28916	P3_R1131_U263	NAND	28149
N28917	P3_R1131_U264	NAND	28150
N28918	P3_R1131_U265	NAND	28151
N28919	P3_R1131_U266	NAND	28152
N28920	P3_R1131_U267	NAND	28153
N28921	P3_R1131_U268	NAND	28154
N28922	P3_R1131_U269	NAND	28155
N28923	P3_R1131_U270	NAND	28156
N28924	P3_R1131_U271	NOT	28157
N28925	P3_R1131_U272	NAND	28158
N28926	P3_R1131_U273	NAND	28159
N28927	P3_R1131_U274	NAND	28160
N28928	P3_R1131_U275	NOT	28161
N28929	P3_R1131_U276	NAND	28162
N28930	P3_R1131_U277	NOT	28163
N28931	P3_R1131_U278	NAND	28164
N28932	P3_R1131_U279	NAND	28165
N28933	P3_R1131_U280	NAND	28166
N28934	P3_R1131_U281	NOT	28167
N28935	P3_R1131_U282	NAND	28168
N28936	P3_R1131_U283	NAND	28169
N28937	P3_R1131_U284	NAND	28170
N28938	P3_R1131_U285	NOT	28171
N28939	P3_R1131_U286	NAND	28172
N28940	P3_R1131_U287	NAND	28173
N28941	P3_R1131_U288	NAND	28174
N28942	P3_R1131_U289	NAND	28175
N28943	P3_R1131_U290	NAND	28176
N28944	P3_R1131_U291	NAND	28177
N28945	P3_R1131_U292	NAND	28178
N28946	P3_R1131_U293	NAND	28179
N28947	P3_R1131_U294	NAND	28180
N28948	P3_R1131_U295	NOT	28181
N28949	P3_R1131_U296	NAND	28182
N28950	P3_R1131_U297	NAND	28183
N28951	P3_R1131_U298	NAND	28184
N28952	P3_R1131_U299	NOT	28185
N28953	P3_R1131_U300	NAND	28186
N28954	P3_R1131_U301	NAND	28187
N28955	P3_R1131_U302	NAND	28188
N28956	P3_R1131_U303	NOT	28189
N28957	P3_R1131_U304	NAND	28190
N28958	P3_R1131_U305	NAND	28191
N28959	P3_R1131_U306	NAND	28192
N28960	P3_R1131_U307	NAND	28193
N28961	P3_R1131_U308	NOT	28194
N28962	P3_R1131_U309	NAND	28195
N28963	P3_R1131_U310	NAND	28196
N28964	P3_R1131_U311	NAND	28197
N28965	P3_R1131_U312	NAND	28198
N28966	P3_R1131_U313	NAND	28199
N28967	P3_R1131_U314	NAND	28200
N28968	P3_R1131_U315	NAND	28201
N28969	P3_R1131_U316	NAND	28202
N28970	P3_R1131_U317	NOT	28203
N28971	P3_R1131_U318	NAND	28204
N28972	P3_R1131_U319	NAND	28205
N28973	P3_R1131_U320	NAND	28206
N28974	P3_R1131_U321	NAND	28207
N28975	P3_R1131_U322	NAND	28208
N28976	P3_R1131_U323	NAND	28209
N28977	P3_R1131_U324	NAND	28210
N28978	P3_R1131_U325	NAND	28211
N28979	P3_R1131_U326	NAND	28212
N28980	P3_R1131_U327	NAND	28213
N28981	P3_R1131_U328	NOT	28214
N28982	P3_R1131_U329	NAND	28215
N28983	P3_R1131_U330	NAND	28216
N28984	P3_R1131_U331	NAND	28217
N28985	P3_R1131_U332	NAND	28218
N28986	P3_R1131_U333	NAND	28219
N28987	P3_R1131_U334	NAND	28220
N28988	P3_R1131_U335	NAND	28221
N28989	P3_R1131_U336	NAND	28222
N28990	P3_R1131_U337	NAND	28223
N28991	P3_R1131_U338	NAND	28224
N28992	P3_R1131_U339	NOT	28225
N28993	P3_R1131_U340	NAND	28226
N28994	P3_R1131_U341	NAND	28227
N28995	P3_R1131_U342	NAND	28228
N28996	P3_R1131_U343	NAND	28229
N28997	P3_R1131_U344	NAND	28230
N28998	P3_R1131_U345	NAND	28231
N28999	P3_R1131_U346	NAND	28232
N29000	P3_R1131_U347	NAND	28233
N29001	P3_R1131_U348	NAND	28234
N29002	P3_R1131_U349	NAND	28235
N29003	P3_R1131_U350	NAND	28236
N29004	P3_R1131_U351	NAND	28237
N29005	P3_R1131_U352	NAND	28238
N29006	P3_R1131_U353	NAND	28239
N29007	P3_R1131_U354	NAND	28240
N29008	P3_R1131_U355	NAND	28241
N29009	P3_R1131_U356	NAND	28242
N29010	P3_R1131_U357	NAND	28243
N29011	P3_R1131_U358	NAND	28244
N29012	P3_R1131_U359	NAND	28245
N29013	P3_R1131_U360	NAND	28246
N29014	P3_R1131_U361	NAND	28247
N29015	P3_R1131_U362	NAND	28248
N29016	P3_R1131_U363	NAND	28249
N29017	P3_R1131_U364	NAND	28250
N29018	P3_R1131_U365	NAND	28251
N29019	P3_R1131_U366	NAND	28252
N29020	P3_R1131_U367	NAND	28253
N29021	P3_R1131_U368	NAND	28254
N29022	P3_R1131_U369	NAND	28255
N29023	P3_R1131_U370	NAND	28256
N29024	P3_R1131_U371	NAND	28257
N29025	P3_R1131_U372	NAND	28258
N29026	P3_R1131_U373	NAND	28259
N29027	P3_R1131_U374	NAND	28260
N29028	P3_R1131_U375	NAND	28261
N29029	P3_R1131_U376	NAND	28262
N29030	P3_R1131_U377	NAND	28263
N29031	P3_R1131_U378	NAND	28264
N29032	P3_R1131_U379	NAND	28265
N29033	P3_R1131_U380	NAND	28266
N29034	P3_R1131_U381	NAND	28267
N29035	P3_R1131_U382	NAND	28268
N29036	P3_R1131_U383	NAND	28269
N29037	P3_R1131_U384	NAND	28270
N29038	P3_R1131_U385	NAND	28271
N29039	P3_R1131_U386	NAND	28272
N29040	P3_R1131_U387	NAND	28273
N29041	P3_R1131_U388	NAND	28274
N29042	P3_R1131_U389	NAND	28275
N29043	P3_R1131_U390	NAND	28276
N29044	P3_R1131_U391	NAND	28277
N29045	P3_R1131_U392	NAND	28278
N29046	P3_R1131_U393	NAND	28279
N29047	P3_R1131_U394	NAND	28280
N29048	P3_R1131_U395	NAND	28281
N29049	P3_R1131_U396	NAND	28282
N29050	P3_R1131_U397	NAND	28283
N29051	P3_R1131_U398	NAND	28284
N29052	P3_R1131_U399	NAND	28285
N29053	P3_R1131_U400	NOT	28286
N29054	P3_R1131_U401	NAND	28287
N29055	P3_R1131_U402	NAND	28288
N29056	P3_R1131_U403	NAND	28289
N29057	P3_R1131_U404	NAND	28290
N29058	P3_R1131_U405	NAND	28291
N29059	P3_R1131_U406	NAND	28292
N29060	P3_R1131_U407	NAND	28293
N29061	P3_R1131_U408	NAND	28294
N29062	P3_R1131_U409	NAND	28295
N29063	P3_R1131_U410	NAND	28296
N29064	P3_R1131_U411	NAND	28297
N29065	P3_R1131_U412	NAND	28298
N29066	P3_R1131_U413	NAND	28299
N29067	P3_R1131_U414	NOT	28300
N29068	P3_R1131_U415	NAND	28301
N29069	P3_R1131_U416	NAND	28302
N29070	P3_R1131_U417	NAND	28303
N29071	P3_R1131_U418	NAND	28304
N29072	P3_R1131_U419	NOT	28305
N29073	P3_R1131_U420	NAND	28306
N29074	P3_R1131_U421	NAND	28307
N29075	P3_R1131_U422	NAND	28308
N29076	P3_R1131_U423	NAND	28309
N29077	P3_R1131_U424	NAND	28310
N29078	P3_R1131_U425	NAND	28311
N29079	P3_R1131_U426	NAND	28312
N29080	P3_R1131_U427	NAND	28313
N29081	P3_R1131_U428	NAND	28314
N29082	P3_R1131_U429	NAND	28315
N29083	P3_R1131_U430	NAND	28316
N29084	P3_R1131_U431	NAND	28317
N29085	P3_R1131_U432	NAND	28318
N29086	P3_R1131_U433	NAND	28319
N29087	P3_R1131_U434	NAND	28320
N29088	P3_R1131_U435	NOT	28321
N29089	P3_R1131_U436	NAND	28322
N29090	P3_R1131_U437	NAND	28323
N29091	P3_R1131_U438	NAND	28324
N29092	P3_R1131_U439	NAND	28325
N29093	P3_R1131_U440	NOT	28326
N29094	P3_R1131_U441	NAND	28327
N29095	P3_R1131_U442	NAND	28328
N29096	P3_R1131_U443	NAND	28329
N29097	P3_R1131_U444	NAND	28330
N29098	P3_R1131_U445	NOT	28331
N29099	P3_R1131_U446	NAND	28332
N29100	P3_R1131_U447	NAND	28333
N29101	P3_R1131_U448	NAND	28334
N29102	P3_R1131_U449	NAND	28335
N29103	P3_R1131_U450	NOT	28336
N29104	P3_R1131_U451	NAND	28337
N29105	P3_R1131_U452	NAND	28338
N29106	P3_R1131_U453	NAND	28339
N29107	P3_R1131_U454	NAND	28340
N29108	P3_R1131_U455	NOT	28341
N29109	P3_R1131_U456	NAND	28342
N29110	P3_R1131_U457	NAND	28343
N29111	P3_R1131_U458	NAND	28344
N29112	P3_R1131_U459	NAND	28345
N29113	P3_R1131_U460	NAND	28346
N29114	P3_R1131_U461	NAND	28347
N29115	P3_R1131_U462	NAND	28348
N29116	P3_R1131_U463	NAND	28349
N29117	P3_R1131_U464	NAND	28350
N29118	P3_R1131_U465	NAND	28351
N29119	P3_R1131_U466	NAND	28352
N29120	P3_R1131_U467	NAND	28353
N29121	P3_R1131_U468	NAND	28354
N29122	P3_R1131_U469	NAND	28355
N29123	P3_R1131_U470	NAND	28356
N29124	P3_R1131_U471	NOT	28357
N29125	P3_R1131_U472	NAND	28358
N29126	P3_R1131_U473	NAND	28359
N29127	P3_R1131_U474	NAND	28360
N29128	P3_R1131_U475	NAND	28361
N29129	P3_R1131_U476	NOT	28362
N29130	P3_R1131_U477	NAND	28363
N29131	P3_R1131_U478	NAND	28364
N29132	P3_R1131_U479	NAND	28365
N29133	P3_R1131_U480	NAND	28366
N29134	P3_R1131_U481	NAND	28367
N29135	P3_R1131_U482	NAND	28368
N29136	P3_R1131_U483	NAND	28369
N29137	P3_R1131_U484	NAND	28370
N29138	P3_R1131_U485	NAND	28371
N29139	P3_R1054_U6	AND	28372
N29140	P3_R1054_U7	AND	28373
N29141	P3_R1054_U8	AND	28374
N29142	P3_R1054_U9	AND	28375
N29143	P3_R1054_U10	AND	28376
N29144	P3_R1054_U11	AND	28377
N29145	P3_R1054_U12	NAND	28378
N29146	P3_R1054_U13	NAND	28379
N29147	P3_R1054_U14	NAND	28380
N29148	P3_R1054_U15	NAND	28381
N29149	P3_R1054_U16	NAND	28382
N29150	P3_R1054_U17	NAND	28383
N29151	P3_R1054_U18	NOT	28384
N29152	P3_R1054_U19	NOT	28385
N29153	P3_R1054_U20	NOT	28386
N29154	P3_R1054_U21	NAND	28387
N29155	P3_R1054_U22	NOT	28388
N29156	P3_R1054_U23	NOT	28389
N29157	P3_R1054_U24	NOT	28390
N29158	P3_R1054_U25	NAND	28391
N29159	P3_R1054_U26	NOT	28392
N29160	P3_R1054_U27	NOT	28393
N29161	P3_R1054_U28	NOT	28394
N29162	P3_R1054_U29	NOT	28395
N29163	P3_R1054_U30	NOT	28396
N29164	P3_R1054_U31	NOT	28397
N29165	P3_R1054_U32	NOT	28398
N29166	P3_R1054_U33	NAND	28399
N29167	P3_R1054_U34	NOT	28400
N29168	P3_R1054_U35	NOT	28401
N29169	P3_R1054_U36	NAND	28402
N29170	P3_R1054_U37	NOT	28403
N29171	P3_R1054_U38	NOT	28404
N29172	P3_R1054_U39	NOT	28405
N29173	P3_R1054_U40	NAND	28406
N29174	P3_R1054_U41	NAND	28407
N29175	P3_R1054_U42	NAND	28408
N29176	P3_R1054_U43	NOT	28409
N29177	P3_R1054_U44	NOT	28410
N29178	P3_R1054_U45	NOT	28411
N29179	P3_R1054_U46	NOT	28412
N29180	P3_R1054_U47	NAND	28413
N29181	P3_R1054_U48	NOT	28414
N29182	P3_R1054_U49	NOT	28415
N29183	P3_R1054_U50	NOT	28416
N29184	P3_R1054_U51	NOT	28417
N29185	P3_R1054_U52	NOT	28418
N29186	P3_R1054_U53	NOT	28419
N29187	P3_R1054_U54	NOT	28420
N29188	P3_R1054_U55	NOT	28421
N29189	P3_R1054_U56	NOT	28422
N29190	P3_R1054_U57	NOT	28423
N29191	P3_R1054_U58	NAND	28424
N29192	P3_R1054_U59	NOT	28425
N29193	P3_R1054_U60	NOT	28426
N29194	P3_R1054_U61	NAND	28427
N29195	P3_R1054_U62	NOT	28428
N29196	P3_R1054_U63	NAND	28429
N29197	P3_R1054_U64	NAND	28430
N29198	P3_R1054_U65	NOT	28431
N29199	P3_R1054_U66	NAND	28432
N29200	P3_R1054_U67	NAND	28433
N29201	P3_R1054_U68	NAND	28434
N29202	P3_R1054_U69	NAND	28435
N29203	P3_R1054_U70	NAND	28436
N29204	P3_R1054_U71	NAND	28437
N29205	P3_R1054_U72	NAND	28438
N29206	P3_R1054_U73	NAND	28439
N29207	P3_R1054_U74	NAND	28440
N29208	P3_R1054_U75	NAND	28441
N29209	P3_R1054_U76	NAND	28442
N29210	P3_R1054_U77	NAND	28443
N29211	P3_R1054_U78	NAND	28444
N29212	P3_R1054_U79	NAND	28445
N29213	P3_R1054_U80	NAND	28446
N29214	P3_R1054_U81	NAND	28447
N29215	P3_R1054_U82	NAND	28448
N29216	P3_R1054_U83	NAND	28449
N29217	P3_R1054_U84	NAND	28450
N29218	P3_R1054_U85	NAND	28451
N29219	P3_R1054_U86	NAND	28452
N29220	P3_R1054_U87	NAND	28453
N29221	P3_R1054_U88	NOT	28454
N29222	P3_R1054_U89	NOT	28455
N29223	P3_R1054_U90	NOT	28456
N29224	P3_R1054_U91	NAND	28457
N29225	P3_R1054_U92	NOT	28458
N29226	P3_R1054_U93	NAND	28459
N29227	P3_R1054_U94	NAND	28460
N29228	P3_R1054_U95	NAND	28461
N29229	P3_R1054_U96	NAND	28462
N29230	P3_R1054_U97	NOT	28463
N29231	P3_R1054_U98	NOT	28464
N29232	P3_R1054_U99	NAND	28465
N29233	P3_R1054_U100	NAND	28466
N29234	P3_R1054_U101	NAND	28467
N29235	P3_R1054_U102	NAND	28468
N29236	P3_R1054_U103	NAND	28469
N29237	P3_R1054_U104	NOT	28470
N29238	P3_R1054_U105	NOT	28471
N29239	P3_R1054_U106	NOT	28472
N29240	P3_R1054_U107	NOT	28473
N29241	P3_R1054_U108	NAND	28474
N29242	P3_R1054_U109	NAND	28475
N29243	P3_R1054_U110	NAND	28476
N29244	P3_R1054_U111	NOT	28477
N29245	P3_R1054_U112	NAND	28478
N29246	P3_R1054_U113	NAND	28479
N29247	P3_R1054_U114	NAND	28480
N29248	P3_R1054_U115	NAND	28481
N29249	P3_R1054_U116	NAND	28482
N29250	P3_R1054_U117	NOT	28483
N29251	P3_R1054_U118	NAND	28484
N29252	P3_R1054_U119	NAND	28485
N29253	P3_R1054_U120	NAND	28486
N29254	P3_R1054_U121	NAND	28487
N29255	P3_R1054_U122	NAND	28488
N29256	P3_R1054_U123	NAND	28489
N29257	P3_R1054_U124	NAND	28490
N29258	P3_R1054_U125	NAND	28491
N29259	P3_R1054_U126	NAND	28492
N29260	P3_R1054_U127	NOT	28493
N29261	P3_R1054_U128	NAND	28494
N29262	P3_R1054_U129	NAND	28495
N29263	P3_R1054_U130	NAND	28496
N29264	P3_R1054_U131	NAND	28497
N29265	P3_R1054_U132	NAND	28498
N29266	P3_R1054_U133	NOT	28499
N29267	P3_R1054_U134	NAND	28500
N29268	P3_R1054_U135	NAND	28501
N29269	P3_R1054_U136	NAND	28502
N29270	P3_R1054_U137	NAND	28503
N29271	P3_R1054_U138	NAND	28504
N29272	P3_R1054_U139	NAND	28505
N29273	P3_R1054_U140	NAND	28506
N29274	P3_R1054_U141	NAND	28507
N29275	P3_R1054_U142	NOT	28508
N29276	P3_R1054_U143	NAND	28509
N29277	P3_R1054_U144	NAND	28510
N29278	P3_R1054_U145	NAND	28511
N29279	P3_R1054_U146	NAND	28512
N29280	P3_R1054_U147	NAND	28513
N29281	P3_R1054_U148	NAND	28514
N29282	P3_R1054_U149	NAND	28515
N29283	P3_R1054_U150	NAND	28516
N29284	P3_R1054_U151	NAND	28517
N29285	P3_R1054_U152	NAND	28518
N29286	P3_R1054_U153	NAND	28519
N29287	P3_R1054_U154	NAND	28520
N29288	P3_R1054_U155	NAND	28521
N29289	P3_R1054_U156	NAND	28522
N29290	P3_R1054_U157	NAND	28523
N29291	P3_R1054_U158	NAND	28524
N29292	P3_R1054_U159	NAND	28525
N29293	P3_R1054_U160	NAND	28526
N29294	P3_R1054_U161	NAND	28527
N29295	P3_R1054_U162	NAND	28528
N29296	P3_R1054_U163	NAND	28529
N29297	P3_R1054_U164	NAND	28530
N29298	P3_R1054_U165	NOT	28531
N29299	P3_R1054_U166	NAND	28532
N29300	P3_R1054_U167	NAND	28533
N29301	P3_R1054_U168	NAND	28534
N29302	P3_R1054_U169	NOT	28535
N29303	P3_R1054_U170	NAND	28536
N29304	P3_R1054_U171	NAND	28537
N29305	P3_R1054_U172	NAND	28538
N29306	P3_R1054_U173	NOT	28539
N29307	P3_R1054_U174	NAND	28540
N29308	P3_R1054_U175	NAND	28541
N29309	P3_R1054_U176	NAND	28542
N29310	P3_R1054_U177	NAND	28543
N29311	P3_R1054_U178	NAND	28544
N29312	P3_R1054_U179	NAND	28545
N29313	P3_R1054_U180	NAND	28546
N29314	P3_R1054_U181	NAND	28547
N29315	P3_R1054_U182	NAND	28548
N29316	P3_R1054_U183	NOT	28549
N29317	P3_R1054_U184	NAND	28550
N29318	P3_R1054_U185	NAND	28551
N29319	P3_R1054_U186	NAND	28552
N29320	P3_R1054_U187	NOT	28553
N29321	P3_R1054_U188	NAND	28554
N29322	P3_R1054_U189	NAND	28555
N29323	P3_R1054_U190	NAND	28556
N29324	P3_R1054_U191	NOT	28557
N29325	P3_R1054_U192	NAND	28558
N29326	P3_R1054_U193	NOT	28559
N29327	P3_R1054_U194	NAND	28560
N29328	P3_R1054_U195	NAND	28561
N29329	P3_R1054_U196	NAND	28562
N29330	P3_R1054_U197	NAND	28563
N29331	P3_R1054_U198	NAND	28564
N29332	P3_R1054_U199	NAND	28565
N29333	P3_R1054_U200	NAND	28566
N29334	P3_R1054_U201	NAND	28567
N29335	P3_R1054_U202	NAND	28568
N29336	P3_R1054_U203	NAND	28569
N29337	P3_R1054_U204	NOT	28570
N29338	P3_R1054_U205	NAND	28571
N29339	P3_R1054_U206	NAND	28572
N29340	P3_R1054_U207	NAND	28573
N29341	P3_R1054_U208	NAND	28574
N29342	P3_R1054_U209	NAND	28575
N29343	P3_R1054_U210	NAND	28576
N29344	P3_R1054_U211	NAND	28577
N29345	P3_R1054_U212	NAND	28578
N29346	P3_R1054_U213	NAND	28579
N29347	P3_R1054_U214	NAND	28580
N29348	P3_R1054_U215	NAND	28581
N29349	P3_R1054_U216	NAND	28582
N29350	P3_R1054_U217	NAND	28583
N29351	P3_R1054_U218	NAND	28584
N29352	P3_R1054_U219	NAND	28585
N29353	P3_R1054_U220	NAND	28586
N29354	P3_R1054_U221	NAND	28587
N29355	P3_R1054_U222	NAND	28588
N29356	P3_R1054_U223	NAND	28589
N29357	P3_R1054_U224	NAND	28590
N29358	P3_R1054_U225	NAND	28591
N29359	P3_R1054_U226	NAND	28592
N29360	P3_R1054_U227	NAND	28593
N29361	P3_R1054_U228	NAND	28594
N29362	P3_R1054_U229	NAND	28595
N29363	P3_R1054_U230	NAND	28596
N29364	P3_R1054_U231	NAND	28597
N29365	P3_R1054_U232	NAND	28598
N29366	P3_R1054_U233	NAND	28599
N29367	P3_R1054_U234	NAND	28600
N29368	P3_R1054_U235	NAND	28601
N29369	P3_R1054_U236	NAND	28602
N29370	P3_R1054_U237	NAND	28603
N29371	P3_R1054_U238	NAND	28604
N29372	P3_R1054_U239	NAND	28605
N29373	P3_R1054_U240	NAND	28606
N29374	P3_R1054_U241	NAND	28607
N29375	P3_R1054_U242	NAND	28608
N29376	P3_R1054_U243	NAND	28609
N29377	P3_R1054_U244	NAND	28610
N29378	P3_R1054_U245	NAND	28611
N29379	P3_R1054_U246	NAND	28612
N29380	P3_R1054_U247	NAND	28613
N29381	P3_R1054_U248	NAND	28614
N29382	P3_R1054_U249	NOT	28615
N29383	P3_R1054_U250	NAND	28616
N29384	P3_R1054_U251	NAND	28617
N29385	P3_R1054_U252	NAND	28618
N29386	P3_R1054_U253	NAND	28619
N29387	P3_R1054_U254	NOT	28620
N29388	P3_R1054_U255	NAND	28621
N29389	P3_R1054_U256	NAND	28622
N29390	P3_R1054_U257	NAND	28623
N29391	P3_R1054_U258	NAND	28624
N29392	P3_R1054_U259	NOT	28625
N29393	P3_R1054_U260	NAND	28626
N29394	P3_R1054_U261	NAND	28627
N29395	P3_R1054_U262	NAND	28628
N29396	P3_R1054_U263	NAND	28629
N29397	P3_R1054_U264	NOT	28630
N29398	P3_R1054_U265	NAND	28631
N29399	P3_R1054_U266	NAND	28632
N29400	P3_R1054_U267	NAND	28633
N29401	P3_R1054_U268	NAND	28634
N29402	P3_R1054_U269	NAND	28635
N29403	P3_R1054_U270	NAND	28636
N29404	P3_R1054_U271	NAND	28637
N29405	P3_R1054_U272	NAND	28638
N29406	P3_R1054_U273	NAND	28639
N29407	P3_R1054_U274	NAND	28640
N29408	P3_R1054_U275	NAND	28641
N29409	P3_R1054_U276	NAND	28642
N29410	P3_R1054_U277	NAND	28643
N29411	P3_R1054_U278	NAND	28644
N29412	P3_R1054_U279	NAND	28645
N29413	P3_R1054_U280	NOT	28646
N29414	P3_R1054_U281	NAND	28647
N29415	P3_R1054_U282	NAND	28648
N29416	P3_R1054_U283	NAND	28649
N29417	P3_R1054_U284	NAND	28650
N29418	P3_R1054_U285	NOT	28651
N29419	P3_R1054_U286	NAND	28652
N29420	P3_R1054_U287	NAND	28653
N29421	P3_R1054_U288	NAND	28654
N29422	P3_R1054_U289	NAND	28655
N29423	P3_R1054_U290	NAND	28656
N29424	P3_R1054_U291	NAND	28657
N29425	P3_R1054_U292	NAND	28658
N29426	P3_R1054_U293	NAND	28659
N29427	P3_R1054_U294	NAND	28660
N29428	P3_R1161_U4	AND	28661
N29429	P3_R1161_U5	AND	28662
N29430	P3_R1161_U6	AND	28663
N29431	P3_R1161_U7	AND	28664
N29432	P3_R1161_U8	AND	28665
N29433	P3_R1161_U9	AND	28666
N29434	P3_R1161_U10	AND	28667
N29435	P3_R1161_U11	AND	28668
N29436	P3_R1161_U12	AND	28669
N29437	P3_R1161_U13	AND	28670
N29438	P3_R1161_U14	AND	28671
N29439	P3_R1161_U15	AND	28672
N29440	P3_R1161_U16	AND	28673
N29441	P3_R1161_U17	AND	28674
N29442	P3_R1161_U18	AND	28675
N29443	P3_R1161_U19	NOT	28676
N29444	P3_R1161_U20	NOT	28677
N29445	P3_R1161_U21	NOT	28678
N29446	P3_R1161_U22	NAND	28679
N29447	P3_R1161_U23	NOT	28680
N29448	P3_R1161_U24	NOT	28681
N29449	P3_R1161_U25	NOT	28682
N29450	P3_R1161_U26	NOT	28683
N29451	P3_R1161_U27	NOT	28684
N29452	P3_R1161_U28	NOT	28685
N29453	P3_R1161_U29	NOT	28686
N29454	P3_R1161_U30	NOT	28687
N29455	P3_R1161_U31	NAND	28688
N29456	P3_R1161_U32	NOT	28689
N29457	P3_R1161_U33	NOT	28690
N29458	P3_R1161_U34	NAND	28691
N29459	P3_R1161_U35	NOT	28692
N29460	P3_R1161_U36	NOT	28693
N29461	P3_R1161_U37	NOT	28694
N29462	P3_R1161_U38	NOT	28695
N29463	P3_R1161_U39	NOT	28696
N29464	P3_R1161_U40	NAND	28697
N29465	P3_R1161_U41	NAND	28698
N29466	P3_R1161_U42	NAND	28699
N29467	P3_R1161_U43	NAND	28700
N29468	P3_R1161_U44	NAND	28701
N29469	P3_R1161_U45	NAND	28702
N29470	P3_R1161_U46	NOT	28703
N29471	P3_R1161_U47	NOT	28704
N29472	P3_R1161_U48	NOT	28705
N29473	P3_R1161_U49	NOT	28706
N29474	P3_R1161_U50	NOT	28707
N29475	P3_R1161_U51	NOT	28708
N29476	P3_R1161_U52	NOT	28709
N29477	P3_R1161_U53	NOT	28710
N29478	P3_R1161_U54	NOT	28711
N29479	P3_R1161_U55	NOT	28712
N29480	P3_R1161_U56	NOT	28713
N29481	P3_R1161_U57	NOT	28714
N29482	P3_R1161_U58	NOT	28715
N29483	P3_R1161_U59	NAND	28716
N29484	P3_R1161_U60	NOT	28717
N29485	P3_R1161_U61	NOT	28718
N29486	P3_R1161_U62	NOT	28719
N29487	P3_R1161_U63	NAND	28720
N29488	P3_R1161_U64	NOT	28721
N29489	P3_R1161_U65	NOT	28722
N29490	P3_R1161_U66	NOT	28723
N29491	P3_R1161_U67	NOT	28724
N29492	P3_R1161_U68	NAND	28725
N29493	P3_R1161_U69	NOT	28726
N29494	P3_R1161_U70	NOT	28727
N29495	P3_R1161_U71	NOT	28728
N29496	P3_R1161_U72	NOT	28729
N29497	P3_R1161_U73	NOT	28730
N29498	P3_R1161_U74	NOT	28731
N29499	P3_R1161_U75	NOT	28732
N29500	P3_R1161_U76	NOT	28733
N29501	P3_R1161_U77	NAND	28734
N29502	P3_R1161_U78	NOT	28735
N29503	P3_R1161_U79	NOT	28736
N29504	P3_R1161_U80	NAND	28737
N29505	P3_R1161_U81	NOT	28738
N29506	P3_R1161_U82	NOT	28739
N29507	P3_R1161_U83	NOT	28740
N29508	P3_R1161_U84	NOT	28741
N29509	P3_R1161_U85	NOT	28742
N29510	P3_R1161_U86	NAND	28743
N29511	P3_R1161_U87	NOT	28744
N29512	P3_R1161_U88	NOT	28745
N29513	P3_R1161_U89	NAND	28746
N29514	P3_R1161_U90	NOT	28747
N29515	P3_R1161_U91	NAND	28748
N29516	P3_R1161_U92	NAND	28749
N29517	P3_R1161_U93	NAND	28750
N29518	P3_R1161_U94	NAND	28751
N29519	P3_R1161_U95	NAND	28752
N29520	P3_R1161_U96	NAND	28753
N29521	P3_R1161_U97	NAND	28754
N29522	P3_R1161_U98	NAND	28755
N29523	P3_R1161_U99	NAND	28756
N29524	P3_R1161_U100	NAND	28757
N29525	P3_R1161_U101	NAND	28758
N29526	P3_R1161_U102	NAND	28759
N29527	P3_R1161_U103	NAND	28760
N29528	P3_R1161_U104	NAND	28761
N29529	P3_R1161_U105	NAND	28762
N29530	P3_R1161_U106	NAND	28763
N29531	P3_R1161_U107	NAND	28764
N29532	P3_R1161_U108	NAND	28765
N29533	P3_R1161_U109	NAND	28766
N29534	P3_R1161_U110	NAND	28767
N29535	P3_R1161_U111	NAND	28768
N29536	P3_R1161_U112	NAND	28769
N29537	P3_R1161_U113	NAND	28770
N29538	P3_R1161_U114	NAND	28771
N29539	P3_R1161_U115	AND	28772
N29540	P3_R1161_U116	AND	28773
N29541	P3_R1161_U117	AND	28774
N29542	P3_R1161_U118	AND	28775
N29543	P3_R1161_U119	AND	28776
N29544	P3_R1161_U120	AND	28777
N29545	P3_R1161_U121	AND	28778
N29546	P3_R1161_U122	AND	28779
N29547	P3_R1161_U123	AND	28780
N29548	P3_R1161_U124	AND	28781
N29549	P3_R1161_U125	AND	28782
N29550	P3_R1161_U126	AND	28783
N29551	P3_R1161_U127	AND	28784
N29552	P3_R1161_U128	AND	28785
N29553	P3_R1161_U129	AND	28786
N29554	P3_R1161_U130	AND	28787
N29555	P3_R1161_U131	AND	28788
N29556	P3_R1161_U132	AND	28789
N29557	P3_R1161_U133	AND	28790
N29558	P3_R1161_U134	AND	28791
N29559	P3_R1161_U135	AND	28792
N29560	P3_R1161_U136	AND	28793
N29561	P3_R1161_U137	AND	28794
N29562	P3_R1161_U138	AND	28795
N29563	P3_R1161_U139	AND	28796
N29564	P3_R1161_U140	AND	28797
N29565	P3_R1161_U141	AND	28798
N29566	P3_R1161_U142	AND	28799
N29567	P3_R1161_U143	AND	28800
N29568	P3_R1161_U144	NAND	28801
N29569	P3_R1161_U145	NAND	28802
N29570	P3_R1161_U146	NOT	28803
N29571	P3_R1161_U147	NOT	28804
N29572	P3_R1161_U148	AND	28805
N29573	P3_R1161_U149	NAND	28806
N29574	P3_R1161_U150	AND	28807
N29575	P3_R1161_U151	NAND	28808
N29576	P3_R1161_U152	AND	28809
N29577	P3_R1161_U153	NAND	28810
N29578	P3_R1161_U154	AND	28811
N29579	P3_R1161_U155	NAND	28812
N29580	P3_R1161_U156	AND	28813
N29581	P3_R1161_U157	NAND	28814
N29582	P3_R1161_U158	AND	28815
N29583	P3_R1161_U159	NAND	28816
N29584	P3_R1161_U160	AND	28817
N29585	P3_R1161_U161	NAND	28818
N29586	P3_R1161_U162	NAND	28819
N29587	P3_R1161_U163	AND	28820
N29588	P3_R1161_U164	NAND	28821
N29589	P3_R1161_U165	AND	28822
N29590	P3_R1161_U166	NAND	28823
N29591	P3_R1161_U167	NAND	28824
N29592	P3_R1161_U168	NAND	28825
N29593	P3_R1161_U169	NAND	28826
N29594	P3_R1161_U170	NOT	28827
N29595	P3_R1161_U171	NAND	28828
N29596	P3_R1161_U172	NAND	28829
N29597	P3_R1161_U173	NAND	28830
N29598	P3_R1161_U174	NOT	28831
N29599	P3_R1161_U175	NOT	28832
N29600	P3_R1161_U176	NAND	28833
N29601	P3_R1161_U177	NOT	28834
N29602	P3_R1161_U178	OR	28835
N29603	P3_R1161_U179	OR	28836
N29604	P3_R1161_U180	OR	28837
N29605	P3_R1161_U181	OR	28838
N29606	P3_R1161_U182	NOT	28839
N29607	P3_R1161_U183	OR	28840
N29608	P3_R1161_U184	NOT	28841
N29609	P3_R1161_U185	NOT	28842
N29610	P3_R1161_U186	NAND	28843
N29611	P3_R1161_U187	NAND	28844
N29612	P3_R1161_U188	NAND	28845
N29613	P3_R1161_U189	NAND	28846
N29614	P3_R1161_U190	NAND	28847
N29615	P3_R1161_U191	NAND	28848
N29616	P3_R1161_U192	NAND	28849
N29617	P3_R1161_U193	NAND	28850
N29618	P3_R1161_U194	NAND	28851
N29619	P3_R1161_U195	NOT	28852
N29620	P3_R1161_U196	OR	28853
N29621	P3_R1161_U197	OR	28854
N29622	P3_R1161_U198	NOT	28855
N29623	P3_R1161_U199	NAND	28856
N29624	P3_R1161_U200	NAND	28857
N29625	P3_R1161_U201	NAND	28858
N29626	P3_R1161_U202	NAND	28859
N29627	P3_R1161_U203	NOT	28860
N29628	P3_R1161_U204	OR	28861
N29629	P3_R1161_U205	NAND	28862
N29630	P3_R1161_U206	NOT	28863
N29631	P3_R1161_U207	OR	28864
N29632	P3_R1161_U208	OR	28865
N29633	P3_R1161_U209	NAND	28866
N29634	P3_R1161_U210	NAND	28867
N29635	P3_R1161_U211	NAND	28868
N29636	P3_R1161_U212	NAND	28869
N29637	P3_R1161_U213	NAND	28870
N29638	P3_R1161_U214	OR	28871
N29639	P3_R1161_U215	NAND	28872
N29640	P3_R1161_U216	NAND	28873
N29641	P3_R1161_U217	NOT	28874
N29642	P3_R1161_U218	NAND	28875
N29643	P3_R1161_U219	NAND	28876
N29644	P3_R1161_U220	NAND	28877
N29645	P3_R1161_U221	NOT	28878
N29646	P3_R1161_U222	OR	28879
N29647	P3_R1161_U223	NAND	28880
N29648	P3_R1161_U224	NAND	28881
N29649	P3_R1161_U225	NAND	28882
N29650	P3_R1161_U226	NAND	28883
N29651	P3_R1161_U227	NAND	28884
N29652	P3_R1161_U228	OR	28885
N29653	P3_R1161_U229	NAND	28886
N29654	P3_R1161_U230	NOT	28887
N29655	P3_R1161_U231	NAND	28888
N29656	P3_R1161_U232	NAND	28889
N29657	P3_R1161_U233	NAND	28890
N29658	P3_R1161_U234	NAND	28891
N29659	P3_R1161_U235	NAND	28892
N29660	P3_R1161_U236	OR	28893
N29661	P3_R1161_U237	OR	28894
N29662	P3_R1161_U238	NAND	28895
N29663	P3_R1161_U239	NAND	28896
N29664	P3_R1161_U240	NAND	28897
N29665	P3_R1161_U241	OR	28898
N29666	P3_R1161_U242	NAND	28899
N29667	P3_R1161_U243	NAND	28900
N29668	P3_R1161_U244	NOT	28901
N29669	P3_R1161_U245	OR	28902
N29670	P3_R1161_U246	OR	28903
N29671	P3_R1161_U247	NAND	28904
N29672	P3_R1161_U248	NAND	28905
N29673	P3_R1161_U249	NAND	28906
N29674	P3_R1161_U250	OR	28907
N29675	P3_R1161_U251	OR	28908
N29676	P3_R1161_U252	NAND	28909
N29677	P3_R1161_U253	NAND	28910
N29678	P3_R1161_U254	NOT	28911
N29679	P3_R1161_U255	OR	28912
N29680	P3_R1161_U256	NAND	28913
N29681	P3_R1161_U257	NAND	28914
N29682	P3_R1161_U258	NOT	28915
N29683	P3_R1161_U259	OR	28916
N29684	P3_R1161_U260	NAND	28917
N29685	P3_R1161_U261	NAND	28918
N29686	P3_R1161_U262	NOT	28919
N29687	P3_R1161_U263	OR	28920
N29688	P3_R1161_U264	OR	28921
N29689	P3_R1161_U265	NOT	28922
N29690	P3_R1161_U266	NAND	28923
N29691	P3_R1161_U267	NAND	28924
N29692	P3_R1161_U268	NAND	28925
N29693	P3_R1161_U269	NAND	28926
N29694	P3_R1161_U270	NOT	28927
N29695	P3_R1161_U271	OR	28928
N29696	P3_R1161_U272	OR	28929
N29697	P3_R1161_U273	OR	28930
N29698	P3_R1161_U274	NOT	28931
N29699	P3_R1161_U275	NAND	28932
N29700	P3_R1161_U276	NAND	28933
N29701	P3_R1161_U277	NAND	28934
N29702	P3_R1161_U278	NAND	28935
N29703	P3_R1161_U279	NAND	28936
N29704	P3_R1161_U280	NAND	28937
N29705	P3_R1161_U281	NAND	28938
N29706	P3_R1161_U282	OR	28939
N29707	P3_R1161_U283	OR	28940
N29708	P3_R1161_U284	NAND	28941
N29709	P3_R1161_U285	NAND	28942
N29710	P3_R1161_U286	NOT	28943
N29711	P3_R1161_U287	OR	28944
N29712	P3_R1161_U288	NAND	28945
N29713	P3_R1161_U289	NAND	28946
N29714	P3_R1161_U290	NOT	28947
N29715	P3_R1161_U291	OR	28948
N29716	P3_R1161_U292	NAND	28949
N29717	P3_R1161_U293	NAND	28950
N29718	P3_R1161_U294	NOT	28951
N29719	P3_R1161_U295	OR	28952
N29720	P3_R1161_U296	NAND	28953
N29721	P3_R1161_U297	NOT	28954
N29722	P3_R1161_U298	OR	28955
N29723	P3_R1161_U299	NAND	28956
N29724	P3_R1161_U300	NOT	28957
N29725	P3_R1161_U301	OR	28958
N29726	P3_R1161_U302	NAND	28959
N29727	P3_R1161_U303	NOT	28960
N29728	P3_R1161_U304	NAND	28961
N29729	P3_R1161_U305	NOT	28962
N29730	P3_R1161_U306	NAND	28963
N29731	P3_R1161_U307	NOT	28964
N29732	P3_R1161_U308	OR	28965
N29733	P3_R1161_U309	NAND	28966
N29734	P3_R1161_U310	NAND	28967
N29735	P3_R1161_U311	NAND	28968
N29736	P3_R1161_U312	NAND	28969
N29737	P3_R1161_U313	NAND	28970
N29738	P3_R1161_U314	OR	28971
N29739	P3_R1161_U315	NAND	28972
N29740	P3_R1161_U316	NOT	28973
N29741	P3_R1161_U317	NAND	28974
N29742	P3_R1161_U318	NAND	28975
N29743	P3_R1161_U319	NAND	28976
N29744	P3_R1161_U320	NAND	28977
N29745	P3_R1161_U321	OR	28978
N29746	P3_R1161_U322	NAND	28979
N29747	P3_R1161_U323	NAND	28980
N29748	P3_R1161_U324	NAND	28981
N29749	P3_R1161_U325	NAND	28982
N29750	P3_R1161_U326	NAND	28983
N29751	P3_R1161_U327	OR	28984
N29752	P3_R1161_U328	NOT	28985
N29753	P3_R1161_U329	OR	28986
N29754	P3_R1161_U330	OR	28987
N29755	P3_R1161_U331	NAND	28988
N29756	P3_R1161_U332	NAND	28989
N29757	P3_R1161_U333	NAND	28990
N29758	P3_R1161_U334	NAND	28991
N29759	P3_R1161_U335	NAND	28992
N29760	P3_R1161_U336	OR	28993
N29761	P3_R1161_U337	NAND	28994
N29762	P3_R1161_U338	NOT	28995
N29763	P3_R1161_U339	OR	28996
N29764	P3_R1161_U340	NAND	28997
N29765	P3_R1161_U341	NAND	28998
N29766	P3_R1161_U342	NAND	28999
N29767	P3_R1161_U343	NAND	29000
N29768	P3_R1161_U344	NAND	29001
N29769	P3_R1161_U345	OR	29002
N29770	P3_R1161_U346	OR	29003
N29771	P3_R1161_U347	NAND	29004
N29772	P3_R1161_U348	NAND	29005
N29773	P3_R1161_U349	NAND	29006
N29774	P3_R1161_U350	NAND	29007
N29775	P3_R1161_U351	NAND	29008
N29776	P3_R1161_U352	NAND	29009
N29777	P3_R1161_U353	NAND	29010
N29778	P3_R1161_U354	NAND	29011
N29779	P3_R1161_U355	NAND	29012
N29780	P3_R1161_U356	NAND	29013
N29781	P3_R1161_U357	NAND	29014
N29782	P3_R1161_U358	NAND	29015
N29783	P3_R1161_U359	NAND	29016
N29784	P3_R1161_U360	NAND	29017
N29785	P3_R1161_U361	NAND	29018
N29786	P3_R1161_U362	NAND	29019
N29787	P3_R1161_U363	NAND	29020
N29788	P3_R1161_U364	NAND	29021
N29789	P3_R1161_U365	NAND	29022
N29790	P3_R1161_U366	NAND	29023
N29791	P3_R1161_U367	NAND	29024
N29792	P3_R1161_U368	NAND	29025
N29793	P3_R1161_U369	NAND	29026
N29794	P3_R1161_U370	NAND	29027
N29795	P3_R1161_U371	NAND	29028
N29796	P3_R1161_U372	NAND	29029
N29797	P3_R1161_U373	NAND	29030
N29798	P3_R1161_U374	NAND	29031
N29799	P3_R1161_U375	NAND	29032
N29800	P3_R1161_U376	NAND	29033
N29801	P3_R1161_U377	NAND	29034
N29802	P3_R1161_U378	NAND	29035
N29803	P3_R1161_U379	NAND	29036
N29804	P3_R1161_U380	NAND	29037
N29805	P3_R1161_U381	NAND	29038
N29806	P3_R1161_U382	NAND	29039
N29807	P3_R1161_U383	NAND	29040
N29808	P3_R1161_U384	NAND	29041
N29809	P3_R1161_U385	NAND	29042
N29810	P3_R1161_U386	NAND	29043
N29811	P3_R1161_U387	NAND	29044
N29812	P3_R1161_U388	NAND	29045
N29813	P3_R1161_U389	NAND	29046
N29814	P3_R1161_U390	NAND	29047
N29815	P3_R1161_U391	NAND	29048
N29816	P3_R1161_U392	NAND	29049
N29817	P3_R1161_U393	NAND	29050
N29818	P3_R1161_U394	NAND	29051
N29819	P3_R1161_U395	NAND	29052
N29820	P3_R1161_U396	NAND	29053
N29821	P3_R1161_U397	NAND	29054
N29822	P3_R1161_U398	NAND	29055
N29823	P3_R1161_U399	NAND	29056
N29824	P3_R1161_U400	NAND	29057
N29825	P3_R1161_U401	NAND	29058
N29826	P3_R1161_U402	NAND	29059
N29827	P3_R1161_U403	NAND	29060
N29828	P3_R1161_U404	NAND	29061
N29829	P3_R1161_U405	NAND	29062
N29830	P3_R1161_U406	NAND	29063
N29831	P3_R1161_U407	NAND	29064
N29832	P3_R1161_U408	NAND	29065
N29833	P3_R1161_U409	NAND	29066
N29834	P3_R1161_U410	NAND	29067
N29835	P3_R1161_U411	NAND	29068
N29836	P3_R1161_U412	NAND	29069
N29837	P3_R1161_U413	NAND	29070
N29838	P3_R1161_U414	NAND	29071
N29839	P3_R1161_U415	NAND	29072
N29840	P3_R1161_U416	NAND	29073
N29841	P3_R1161_U417	NAND	29074
N29842	P3_R1161_U418	NAND	29075
N29843	P3_R1161_U419	NAND	29076
N29844	P3_R1161_U420	NAND	29077
N29845	P3_R1161_U421	NAND	29078
N29846	P3_R1161_U422	NAND	29079
N29847	P3_R1161_U423	NAND	29080
N29848	P3_R1161_U424	NAND	29081
N29849	P3_R1161_U425	NAND	29082
N29850	P3_R1161_U426	NAND	29083
N29851	P3_R1161_U427	NAND	29084
N29852	P3_R1161_U428	NAND	29085
N29853	P3_R1161_U429	NAND	29086
N29854	P3_R1161_U430	NAND	29087
N29855	P3_R1161_U431	NAND	29088
N29856	P3_R1161_U432	NAND	29089
N29857	P3_R1161_U433	NAND	29090
N29858	P3_R1161_U434	NAND	29091
N29859	P3_R1161_U435	NAND	29092
N29860	P3_R1161_U436	NAND	29093
N29861	P3_R1161_U437	NAND	29094
N29862	P3_R1161_U438	NAND	29095
N29863	P3_R1161_U439	NAND	29096
N29864	P3_R1161_U440	NAND	29097
N29865	P3_R1161_U441	NAND	29098
N29866	P3_R1161_U442	NAND	29099
N29867	P3_R1161_U443	NAND	29100
N29868	P3_R1161_U444	NAND	29101
N29869	P3_R1161_U445	NAND	29102
N29870	P3_R1161_U446	NAND	29103
N29871	P3_R1161_U447	NAND	29104
N29872	P3_R1161_U448	NAND	29105
N29873	P3_R1161_U449	NAND	29106
N29874	P3_R1161_U450	NAND	29107
N29875	P3_R1161_U451	NAND	29108
N29876	P3_R1161_U452	NAND	29109
N29877	P3_R1161_U453	NAND	29110
N29878	P3_R1161_U454	NAND	29111
N29879	P3_R1161_U455	NAND	29112
N29880	P3_R1161_U456	NAND	29113
N29881	P3_R1161_U457	NAND	29114
N29882	P3_R1161_U458	NAND	29115
N29883	P3_R1161_U459	NAND	29116
N29884	P3_R1161_U460	NAND	29117
N29885	P3_R1161_U461	NAND	29118
N29886	P3_R1161_U462	NAND	29119
N29887	P3_R1161_U463	NAND	29120
N29888	P3_R1161_U464	NAND	29121
N29889	P3_R1161_U465	NAND	29122
N29890	P3_R1161_U466	NAND	29123
N29891	P3_R1161_U467	NAND	29124
N29892	P3_R1161_U468	NAND	29125
N29893	P3_R1161_U469	NAND	29126
N29894	P3_R1161_U470	NAND	29127
N29895	P3_R1161_U471	NAND	29128
N29896	P3_R1161_U472	NAND	29129
N29897	P3_R1161_U473	NAND	29130
N29898	P3_R1161_U474	NAND	29131
N29899	P3_R1161_U475	NAND	29132
N29900	P3_R1161_U476	NAND	29133
N29901	P3_R1161_U477	NAND	29134
N29902	P3_R1161_U478	NAND	29135
N29903	P3_R1161_U479	NAND	29136
N29904	P3_R1161_U480	NAND	29137
N29905	P3_R1161_U481	NAND	29138
N29906	P3_R1161_U482	NAND	29139
N29907	P3_R1161_U483	NAND	29140
N29908	P3_R1161_U484	NAND	29141
N29909	P3_R1161_U485	NAND	29142
N29910	P3_R1161_U486	NAND	29143
N29911	P3_R1161_U487	NAND	29144
N29912	P3_R1161_U488	NAND	29145
N29913	P3_R1161_U489	NAND	29146
N29914	P3_R1161_U490	NAND	29147
N29915	P3_R1161_U491	NAND	29148
N29916	P3_R1161_U492	NAND	29149
N29917	P3_R1161_U493	NAND	29150
N29918	P3_R1161_U494	NAND	29151
N29919	P3_R1161_U495	NAND	29152
N29920	P3_R1161_U496	NAND	29153
N29921	P3_R1161_U497	NAND	29154
N29922	P3_R1161_U498	NAND	29155
N29923	P3_R1161_U499	NAND	29156
N29924	P3_R1161_U500	NAND	29157
N29925	P3_R1161_U501	NAND	29158
N29926	P3_R1161_U502	NAND	29159
N29927	P3_R1161_U503	NAND	29160
N29928	P3_R1161_U504	NAND	29161
