step,node,type,q_pred,q_pred_context,q_pred_type_context,q_pred_lcb_context,q_pred_context_lcb,score_pred,reward_pred,reward_pred_context,reward_pred_type_context,fc_pred,pattern_pred,return_pred,guarded_reward,guarded_reward_context,hard_reduction_total_pred,hard_reduction_sa0_pred,hard_reduction_sa1_pred,derived_hard_count_pre_total_pred,derived_hard_count_pre_sa0_pred,derived_hard_count_pre_sa1_pred,derived_hard_count_post_total_pred,derived_hard_count_post_sa0_pred,derived_hard_count_post_sa1_pred,derived_hard_reduction_total_pred,derived_hard_reduction_sa0_pred,derived_hard_reduction_sa1_pred,derived_hard_reduction_hybrid_pred,hybrid_pred,hybrid_pred_context,bounded_residual_hybrid_pred,bounded_residual_hybrid_pred_context,consensus_pred_context,consensus_pred_type_context,step_value,sequence_score,lookahead_score,planner,score_adjusted,diversity_penalty,candidate_strategy
1,N762,control1,0.8257960081100464,3.3514536556601526,2.2192335247993467,0.48256355017423624,2.1784448761790993,0.8257960081100464,0.32545506954193115,3.2804608941078186,2.4745105803012843,0.0032545506954193117,0.2841271460056305,0.05094308406114578,0.05094308406114578,1.5042496937513352,0.05894380062818527,0.153667613863945,0.03370854631066322,29569.044921875,11985.609375,17583.435546875,30169.72265625,12738.3564453125,17431.3671875,-0.02031441032886505,-0.06280423700809479,0.008648387156426907,-2.031441032886505,6.270778216421604,2.550460673570633,5.9884796012192965,2.4693753492832187,3.1262769728899005,2.3529238801449543,1.5042496937513352,1.5042496937513352,1.5042496937513352,greedy,1.5042496937513352,0.0,hard_fault_cluster
2,N5143,observe,0.5071203708648682,1.518944984972477,0.7544760419172234,0.34943713456392284,0.9873142402321101,0.5071203708648682,0.2686727046966553,1.3261340878903864,0.6696496987133287,0.002686727046966553,0.31619611382484436,0.03827735781669617,0.03827735781669617,1.2574827697873114,0.05492214858531952,0.14386215806007385,0.029664233326911926,30169.76171875,12738.7158203125,17431.046875,30619.6953125,13013.89453125,17605.80078125,-0.01491339597851038,-0.021601762622594833,-0.010025439783930779,-1.491339597851038,5.799164921045303,2.1901241064071653,5.56895237416029,2.6180784940719604,1.205450811982155,0.8105832899633607,1.2574827697873114,2.761732463538647,2.761732463538647,greedy,1.2574827697873114,0.0,hard_fault_cluster
3,N5046,observe,0.3832683861255646,1.3478900462016463,0.7798890948295593,0.21965713363140818,0.8761285300310702,0.3832683861255646,0.2329881340265274,0.5730967543646692,0.2586501136422157,0.002329881340265274,0.34686994552612305,0.03104976750910282,0.03104976750910282,1.164277412816882,0.05224906653165817,0.1415204107761383,0.026922646909952164,30619.6171875,13013.7919921875,17605.82421875,30763.125,13063.4013671875,17699.724609375,-0.004686793312430382,-0.0038120613899081945,-0.0053334846161305904,-0.4686793312430382,5.4889445547014475,1.7989769916236402,5.290916128549725,1.7445162396132947,0.8997615076601505,0.655113339368254,1.164277412816882,3.926009876355529,3.926009876355529,greedy,1.164277412816882,0.0,hard_fault_cluster
4,N5234,observe,0.15874303877353668,-0.46369497656822206,-0.2477514401078224,-0.059732151031494166,-0.30140173476934434,0.15874303877353668,0.17951525747776031,-0.7183142291754484,-0.47002905458211897,0.001795152574777603,0.3717709481716156,0.030283035710453987,0.030283035710453987,0.37677795730531216,0.04777210205793381,0.13821734488010406,0.02255013957619667,30763.16015625,13063.4384765625,17699.72265625,30843.84765625,13075.39453125,17768.453125,-0.0026228611823171377,-0.0009152303100563586,-0.0038831380661576986,-0.26228611823171377,4.987008498981595,0.041035425662994375,4.829659779090434,0.3235948234796524,-0.5129435330629348,-0.2523459117487073,0.37677795730531216,4.302787833660841,4.302787833660841,greedy,0.37677795730531216,0.0,hard_fault_cluster
5,N3889,control0,0.10924805700778961,-0.16058718372136355,-1.9918328285217284,0.08824644435197114,-0.10438166941888631,0.10924805700778961,0.17917929589748383,0.06556301189586519,-1.7999999999999998,0.0017917929589748383,0.38674506545066833,0.03032633103430271,0.03032633103430271,0.4600645651109517,0.04508713260293007,0.13736845552921295,0.02004203572869301,30844.80078125,13076.26953125,17768.53125,30773.427734375,13003.208984375,17770.21875,0.002313941018655896,0.005587262101471424,-9.497127030044794e-05,0.23139410186558962,4.718218887224793,0.04740644079236517,4.5610896670259535,-0.029049397613853223,-0.03185224104672671,-1.338735669022426,0.4600645651109517,4.762852398771793,4.762852398771793,greedy,0.4600645651109517,0.0,hard_fault_cluster
6,N5723,control0,-0.21507738530635834,-1.9939306525886058,-3.2589207410812375,0.07018809363245963,-1.2960549241825938,-0.21507738530635834,0.13663220405578613,-0.5477958492934702,-2.0791666865348812,0.0013663220405578614,0.39932605624198914,0.03253290802240372,0.03253290802240372,0.770827249661088,0.04016145318746567,0.13248679041862488,0.01483650878071785,30774.330078125,13002.982421875,17771.34765625,30722.4140625,12928.42578125,17793.98828125,0.0016869909595698118,0.00573381083086133,-0.0012739959638565779,0.16869909595698118,4.185310430824757,-1.0787217267602682,4.058436596766114,-1.201861525401473,-1.2458795309066775,-2.7250971995294098,0.770827249661088,5.533679648432881,5.533679648432881,greedy,0.770827249661088,0.0,hard_fault_cluster
7,N3722,control0,-0.0545634850859642,0.947986966073513,-1.3501893460750578,0.23753358036279676,0.6161915279477834,-0.0545634850859642,0.15454727411270142,0.8838963109254836,0.40225374102592465,0.0015454727411270141,0.41088730096817017,0.0331064909696579,0.0331064909696579,0.9136626374721527,0.04224611073732376,0.1401442289352417,0.017356026917696,30721.705078125,12928.791015625,17792.9140625,30647.6015625,12877.6806640625,17769.921875,0.0024120898451656103,0.00395321985706687,0.00129221030510962,0.24120898451656103,4.412264838814735,0.8968108791112899,4.271524515002966,0.8778250513970851,0.7449881508946419,-0.635666387518868,0.9136626374721527,6.447342285905034,6.447342285905034,greedy,0.9136626374721527,0.0,hard_fault_cluster
8,N3911,control0,-0.02027985081076622,0.7504011848568917,0.5028769046068191,0.24972349971532823,0.4877607701569796,-0.02027985081076622,0.16551657021045685,0.941348098963499,0.5328130827198038,0.0016551657021045684,0.41948172450065613,0.03345257788896561,0.03345257788896561,0.851839546188712,0.042493920773267746,0.14309659600257874,0.017916239798069,30647.646484375,12877.671875,17769.974609375,30602.4296875,12841.6357421875,17760.79296875,0.0014753758441656828,0.0027983421459794044,0.0005166940973140299,0.14753758441656828,4.448361225426197,0.8375857239961624,4.29913436435163,0.8375833636522293,0.7079674988985062,0.672218186487653,0.851839546188712,7.299181832093746,7.299181832093746,greedy,0.851839546188712,0.0,hard_fault_cluster
9,N3904,control0,-0.02549751102924347,1.0346954107284545,0.4721644438919611,0.28016270399093623,0.6725520169734954,-0.02549751102924347,0.16918079555034637,1.1485161289572714,0.6681303708021005,0.0016918079555034637,0.4261803925037384,0.03400576859712601,0.03400576859712601,0.9062252214550972,0.0422048419713974,0.14539314806461334,0.017862360924482346,30602.42578125,12841.625,17760.80078125,30567.875,12811.80859375,17756.06640625,0.0011290210532024503,0.0023218560963869095,0.00026656314730644226,0.11290210532024503,4.423670761287212,0.8768363016843795,4.271280838176608,0.8768363016843795,0.8736442774534225,0.5089061168924854,0.9062252214550972,8.205407053548843,8.205407053548843,greedy,0.9062252214550972,0.0,hard_fault_cluster
10,N3897,control0,-0.04629095643758774,1.0574266971647739,0.4721234895834641,0.297847322076559,0.687327353157103,-0.04629095643758774,0.17043326795101166,1.2439562439918517,0.7467357486071705,0.0017043326795101166,0.4309638440608978,0.03503173589706421,0.03503173589706421,0.9180198672413825,0.042010679841041565,0.14684487879276276,0.017724119126796722,30567.90234375,12811.828125,17756.07421875,30543.255859375,12788.28125,17754.974609375,0.0008062864071689546,0.0018379013054072857,6.19286292931065e-05,0.08062864071689546,4.406532987952232,0.8768316042423248,4.2524342350661755,0.8768312287330627,0.9129360228776932,0.5638358258720882,0.9180198672413825,9.123426920790225,9.123426920790225,greedy,0.9180198672413825,0.0,hard_fault_cluster
11,N3862,control0,-0.07705231010913849,0.8322558802366257,0.3397710419902978,0.26978259742259975,0.5409663221538067,-0.07705231010913849,0.16834263503551483,1.0213609479367731,0.5794470109278336,0.0016834263503551483,0.4344668388366699,0.036050036549568176,0.036050036549568176,0.8711727642267942,0.041819456964731216,0.14803943037986755,0.01752515137195587,30543.28515625,12788.30078125,17754.984375,30532.4375,12773.912109375,17758.525390625,0.00035515683703124523,0.001125143375247717,-0.000199437839910388,0.03551568370312452,4.386338368058205,0.8465771549940109,4.233043864369392,0.8465768867731094,0.7536265671253204,0.4603796806523337,0.8711727642267942,9.994599685017018,9.994599685017018,greedy,0.8711727642267942,0.0,hard_fault_cluster
12,N3855,control0,-0.11314371973276138,0.6851016734540463,0.21641087707721451,0.2923929645121097,0.4453160877451301,-0.11314371973276138,0.16398002207279205,1.0117478072643278,0.567084061904461,0.0016398002207279206,0.4367476999759674,0.037111103534698486,0.037111103534698486,1.0329042236506938,0.04161790758371353,0.14899177849292755,0.017274919897317886,30532.46875,12773.9306640625,17758.537109375,30533.5390625,12767.1875,17766.3515625,-3.505489439703524e-05,0.0005278848111629486,-0.000440039235400036,-0.003505489439703524,4.362881883978844,0.8500445979833602,4.212063539773226,0.8500432032346725,0.6769415140151978,0.4400585969422218,1.0329042236506938,11.027503908667711,11.027503908667711,greedy,1.0329042236506938,0.0,hard_fault_cluster
13,N721,control1,0.20247744023799896,2.1731647343188523,2.6972473621368405,0.47940867520868774,1.412557077307254,0.20247744023799896,0.17679889500141144,1.97784850127995,1.363380169868469,0.0017679889500141143,0.44005194306373596,0.03359659016132355,0.03359659016132355,0.8082884836196899,0.04263957589864731,0.15064847469329834,0.019229814410209656,30530.515625,12763.376953125,17767.138671875,30362.71484375,12711.91015625,17650.8046875,0.005496166180819273,0.0040323808789253235,0.006547705270349979,0.5496166180819273,4.474353075027466,1.537226137444377,4.316556461155415,1.5096117823570967,2.226812207698822,2.732437221109867,0.8082884836196899,11.8357923922874,11.8357923922874,greedy,0.8082884836196899,0.0,hard_fault_cluster
14,N5874,observe,0.45243504643440247,2.8042455172538756,1.9741860270500182,0.7788452792167663,1.8227595862150192,0.45243504643440247,0.23121701180934906,3.4394820660352705,3.371212124824524,0.0023121701180934904,0.4511464536190033,0.041437096893787384,0.041437096893787384,1.9789506250619886,0.048854127526283264,0.16092154383659363,0.02651524916291237,30365.91796875,12715.96484375,17649.953125,30325.806640625,12675.068359375,17650.73828125,0.001320932526141405,0.0032161527778953314,-4.4484891986940056e-05,0.1320932526141405,5.158066861331463,3.6039478707313535,4.9535762798041105,3.4093744206428527,2.6874502062797547,2.8356460943818096,1.9789506250619886,13.81474301734939,13.81474301734939,greedy,1.9789506250619886,0.0,hard_fault_cluster
15,N3644,control0,0.7221563458442688,5.419203698635101,4.649995136260986,1.1167699694633484,3.5224824041128158,0.7221563458442688,0.36858415603637695,6.132601298391819,5.194825243949889,0.0036858415603637697,0.4340043067932129,0.03310731053352356,0.03310731053352356,1.740286636650562,0.04682633653283119,0.15487056970596313,0.024972673505544662,30325.47265625,12674.73046875,17650.7421875,30377.015625,12754.73828125,17622.27734375,-0.001699659158475697,-0.006312387529760599,0.001612671185284853,-0.1699659158475697,5.08432511985302,3.188456736207008,4.783056519925594,3.0479300123453137,4.71286611109972,4.715813111439347,1.740286636650562,15.555029653999952,15.555029653999952,greedy,1.740286636650562,0.0,hard_fault_cluster
16,N3742,control0,0.20037394762039185,0.7752214106917381,2.1219911396503446,0.24518205314874644,0.5038939169496298,0.20037394762039185,0.2705286741256714,0.9526777811348437,0.7922379374504088,0.002705286741256714,0.44054028391838074,0.03357362002134323,0.03357362002134323,0.8385527684539555,0.040858931839466095,0.14894402027130127,0.0184926874935627,30377.1015625,12754.8623046875,17622.240234375,30398.46484375,12731.4208984375,17667.04296875,-0.0007032692665234208,0.0018378407694399357,-0.002542397240176797,-0.07032692665234208,4.389995478093624,0.831222126185894,4.161918757483363,0.8296007308363914,0.6840130150318146,1.5493404221534728,0.8385527684539555,16.393582422453907,16.393582422453907,greedy,0.8385527684539555,0.0,hard_fault_cluster
17,N495,control1,0.23039329051971436,1.4678948014974595,0.9617231607437133,0.3362441152334213,0.9541316209733487,0.23039329051971436,0.25677478313446045,1.3050757870078085,0.9829532206058502,0.0025677478313446047,0.4382387101650238,0.03139840066432953,0.03139840066432953,1.3599501724541188,0.03866972029209137,0.1434703767299652,0.01638650894165039,30395.4765625,12727.94921875,17667.52734375,30379.32421875,12738.5380859375,17640.787109375,0.0005314061418175697,-0.0008319381740875542,0.0015135244466364384,0.05314061418175697,4.155145213007927,1.0659586803615093,3.9390153251588345,0.9658130423724651,1.0657137230038642,1.000561157464981,1.3599501724541188,17.753532594908027,17.753532594908027,greedy,1.3599501724541188,0.0,hard_fault_cluster
18,N1532,observe,-0.2005590796470642,0.12168753847479818,-0.5488538920879363,0.7044835211336612,0.07909690000861883,-0.2005590796470642,0.2964485287666321,3.106677555292845,2.8629669070243837,0.0029644852876663207,0.12564292550086975,0.026519840583205223,0.026519840583205223,1.2456766457855701,0.03727234527468681,0.12016405165195465,0.012260336428880692,30382.51953125,12742.34765625,17640.171875,30385.921875,12752.001953125,17633.919921875,-0.0001119835942517966,-0.0007576544885523617,0.0003544156497810036,-0.01119835942517966,4.050202896818519,0.5215473398566245,3.8079766198061407,0.41284263879060745,1.1277307569980621,0.9288335032388567,1.2456766457855701,18.999209240693595,18.999209240693595,greedy,1.2456766457855701,0.0,hard_fault_cluster
19,N1521,control1,-0.5991014838218689,-0.8791707676649094,-1.1272911429405212,0.38483673274517044,-0.5714609989821912,-0.5991014838218689,0.26703619956970215,-0.46069044113159185,-0.5473126124590635,0.0026703619956970214,0.04378455877304077,0.04309863597154617,0.04309863597154617,3.5629035985469817,0.03167091682553291,0.09101602435112,0.011889789253473282,30363.646484375,12725.650390625,17637.99609375,30507.01953125,12796.6416015625,17710.37890625,-0.0047218650579452515,-0.005578591953963041,-0.004103800281882286,-0.47218650579452515,3.4772265180945396,-1.2011919531226158,3.2446253914386034,-1.1545558485388756,-1.272363305091858,-0.9273550638649612,3.5629035985469817,22.562112839240577,22.562112839240577,greedy,3.5629035985469817,0.0,hard_fault_cluster
20,N564,control1,-0.2067105919122696,1.9396770054101944,1.3533491969108582,0.39984042227268213,1.2607900535166263,-0.2067105919122696,0.30064553022384644,1.7041690394282338,1.2290235579013824,0.003006455302238464,0.039298444986343384,0.04488971829414368,0.04488971829414368,1.5223932196199894,0.037236448377370834,0.10279946029186249,0.013715539127588272,30525.798828125,12818.564453125,17707.234375,30475.3125,12814.01171875,17661.30078125,0.0016538904746994376,0.00035516725620254874,0.002594057936221361,0.16538904746994376,4.0691800862550735,1.423425711840391,3.810028649866581,1.388380684107542,1.4127350285649298,1.2530450097844004,1.5223932196199894,24.084506058860566,24.084506058860566,greedy,1.5223932196199894,0.0,hard_fault_cluster
21,N2082,observe,-0.23961837589740753,1.2509159389138222,0.5013577550649643,0.5470638164877891,0.8130953602939844,-0.23961837589740753,0.3080775737762451,1.806646031141281,1.506343376636505,0.003080775737762451,0.023266106843948364,0.051613420248031616,0.051613420248031616,2.4319079032540323,0.03787451609969139,0.09195476770401001,0.015950791537761688,30479.6875,12818.14453125,17661.54296875,30615.7109375,12834.8125,17780.8984375,-0.004462757147848606,-0.0013003417989239097,-0.0067579299211502075,-0.4462757147848606,4.147142603993416,1.9118021690845488,3.8773743584752083,1.9788408720493318,0.8694507509469985,0.8357862851023674,2.4319079032540323,26.516413962114598,26.516413962114598,greedy,2.4319079032540323,0.0,hard_fault_cluster
22,N582,control1,-0.20901282131671906,1.5119332818686964,0.882513028383255,0.46845198825001716,0.9827566332146527,-0.20901282131671906,0.3078240752220154,1.8673284329473971,1.3485391795635224,0.0030782407522201537,0.025895535945892334,0.05374628305435181,0.05374628305435181,1.7531863594800234,0.035306308418512344,0.08837977051734924,0.014400273561477661,30612.443359375,12831.958984375,17780.484375,30548.93359375,12807.21484375,17741.71875,0.0020746388472616673,0.0019283213187009096,0.0021802345290780067,0.20746388472616673,3.8922012001276016,1.1791363932937384,3.6210234314203262,1.1792595960944892,1.1510918356478212,1.0015628667175769,1.7531863594800234,28.26960032159462,28.26960032159462,greedy,1.7531863594800234,0.0,hard_fault_cluster
23,N557,control1,-0.3365834653377533,-0.31742892080685126,-0.040039696544408795,-0.21023331482429056,-0.20632879852445332,-0.3365834653377533,0.28701311349868774,-2.2129338941827883,-1.8417768776416779,0.0028701311349868773,0.020739257335662842,0.05582132935523987,0.05582132935523987,1.2700367979251315,0.031639426946640015,0.07629725337028503,0.013791598379611969,30557.69921875,12811.5771484375,17746.123046875,30518.546875,12806.80078125,17711.74609375,0.0012812595814466476,0.00037281648837961257,0.0019371528178453445,0.12812595814466476,3.506777137517929,-0.04208654626621866,3.2496513053774834,-0.001332540953299044,-0.925466626987327,-0.5953624115075218,1.2700367979251315,29.539637119519753,29.539637119519753,greedy,1.2700367979251315,0.0,hard_fault_cluster
24,N7878,control1,-0.5542288422584534,-2.167711833715439,-1.4102494955062865,-0.5221484541893007,-1.4090126919150354,-0.5542288422584534,0.27564746141433716,-3.9378329879045486,-2.8232196688652036,0.0027564746141433717,0.01984986662864685,0.057024307548999786,0.057024307548999786,1.7070272129774096,0.027116809040308,0.06945574283599854,0.011451292783021927,30511.654296875,12804.751953125,17706.90234375,30693.52734375,12937.6123046875,17755.9140625,-0.0059607732109725475,-0.010375862941145897,-0.0027679442428052425,-0.5960773210972548,3.044352672994137,-2.2309351420402526,2.794848846271634,-2.329237983226776,-3.0351958870887756,-2.192319113239646,1.7070272129774096,31.24666433249716,31.24666433249716,greedy,1.7070272129774096,0.0,hard_fault_cluster
25,N5028,observe,-0.24052202701568604,1.6724340696632862,0.9942801892757415,0.3587833525240421,1.0870821452811361,-0.24052202701568604,0.2978578209877014,1.3997578574717044,0.8566884994506836,0.002978578209877014,0.03636333346366882,0.05517102777957916,0.05517102777957916,1.282514182329178,0.03156204894185066,0.08655092120170593,0.012014511972665787,30693.330078125,12937.615234375,17755.71484375,30527.03515625,12836.7919921875,17690.244140625,0.005417949985712767,0.007793031632900238,0.0036873030476272106,0.5417949985712767,3.509233742952347,1.8146199154853822,3.2444621063768864,1.830213098526001,1.3334443747997284,1.0262310872785747,1.282514182329178,32.52917851482634,32.52917851482634,greedy,1.282514182329178,0.0,hard_fault_cluster
26,N1860,observe,-0.20405234396457672,2.109020708948374,1.6149282693862914,0.3712416858971118,1.3708634608164432,-0.20405234396457672,0.29605913162231445,1.184530280828476,0.6405037283897399,0.0029605913162231447,0.03497365117073059,0.051711320877075195,0.051711320877075195,1.4395480534434317,0.032344795763492584,0.08742231130599976,0.01211632788181305,30527.744140625,12837.669921875,17690.07421875,30436.263671875,12794.494140625,17641.76953125,0.0029966337606310844,0.0033632100094109774,0.002730609616264701,0.29966337606310844,3.582250028848648,2.8146965289115906,3.321422189474106,2.9004179978370668,1.6850632399320602,1.515097996145487,1.4395480534434317,33.96872656826977,33.96872656826977,greedy,1.4395480534434317,0.0,hard_fault_cluster
27,N7874,control1,-0.6834946870803833,-4.122846054434777,-3.04984050989151,-0.18263120055198678,-2.679849935382605,-0.6834946870803833,0.2607959508895874,-3.1314023190736773,-2.076176792383194,0.002607959508895874,0.025032132863998413,0.058609381318092346,0.058609381318092346,2.2850142323970797,0.022655807435512543,0.06677821278572083,0.008844088762998581,30435.603515625,12793.478515625,17642.125,30662.248046875,12936.626953125,17725.62109375,-0.007446690928190947,-0.0111891720443964,-0.004732768516987562,-0.7446690928190947,2.584986075758934,-3.9197665458917617,2.345432076603174,-3.8597120052576064,-3.8648615002632143,-2.7712288943678143,2.2850142323970797,36.253740800666854,36.253740800666854,greedy,2.2850142323970797,0.0,hard_fault_cluster
28,N866,observe,-0.5172942876815796,1.201337392628193,0.5826196908950805,0.4097696110606193,0.7808693052083254,-0.5172942876815796,0.28614652156829834,1.5842152208089828,1.2808320403099058,0.0028614652156829833,0.031111985445022583,0.05993272364139557,0.05993272364139557,1.7870196399092673,0.02766084298491478,0.07920701801776886,0.010715685784816742,30662.01171875,12936.5244140625,17725.48828125,30672.61328125,12914.9033203125,17757.7109375,-0.0003457556013017893,0.00167132169008255,-0.0018178712343797088,-0.03457556013017893,3.112163543701172,1.1250517290830613,2.8526041097939014,1.1217448872327804,0.738958479464054,0.6553696887567638,1.7870196399092673,38.04076044057612,38.04076044057612,greedy,1.7870196399092673,0.0,hard_fault_cluster
29,N1853,observe,-0.34608957171440125,1.9039529867470264,1.6263685464859008,0.41734564080834385,1.2375694413855671,-0.34608957171440125,0.2848352789878845,1.4186926862597464,1.085737520456314,0.0028483527898788452,0.02964693307876587,0.05843807011842728,0.05843807011842728,1.5886190989613533,0.030723895877599716,0.08649824559688568,0.010847952216863632,30673.8671875,12916.2431640625,17757.625,30490.31640625,12818.5830078125,17671.734375,0.00598394637927413,0.007561034057289362,0.004836830776184797,0.598394637927413,3.4156629368662834,1.8966610980033876,3.1582079250365496,1.9341408920288086,1.5430787652730942,1.6617577895522118,1.5886190989613533,39.629379539537474,39.629379539537474,greedy,1.5886190989613533,0.0,hard_fault_cluster
30,N5605,control1,-0.6582152247428894,-0.17885904401540764,-0.36633299887180326,0.013383552730083412,-0.11625837861001496,-0.6582152247428894,0.2528390884399414,-0.9954410437494516,-0.9305765241384505,0.002528390884399414,0.01665899157524109,0.05915185064077377,0.05915185064077377,1.4415740845352412,0.023106463253498077,0.0669570118188858,0.008933722972869873,30489.31640625,12813.0234375,17676.29296875,30561.064453125,12844.7734375,17716.291015625,-0.0023532193154096603,-0.002477947622537613,-0.0022628074511885643,-0.23532193154096603,2.622637264430523,-1.1435163383185865,2.3886440601199865,-1.1692196492850782,-0.8413435101509094,-0.7219412359967827,1.4415740845352412,41.070953624072715,41.070953624072715,greedy,1.4415740845352412,0.0,hard_fault_cluster
31,N576,observe,-0.35474488139152527,1.990966192483902,1.8560693860054016,0.4952831733226775,1.2941280251145364,-0.35474488139152527,0.284462571144104,1.9374579325318335,1.9598955035209653,0.00284462571144104,0.017215967178344727,0.05700293928384781,0.05700293928384781,1.9362548039853573,0.028759166598320007,0.08270524442195892,0.009559087455272675,30560.822265625,12848.869140625,17711.953125,30455.390625,12811.87109375,17643.51953125,0.0034498954191803932,0.0028794787358492613,0.0038636955432593822,0.3449895419180393,3.2173821702599525,1.7816446787118911,2.9612830374389887,1.7881825095415114,1.4840584769845009,1.8946183624118564,1.9362548039853573,43.00720842805807,43.00720842805807,greedy,1.9362548039853573,0.0,hard_fault_cluster
32,N4520,control0,-0.5990098714828491,0.29586129608564077,1.8771666213870046,0.14437365096993743,0.1923098424556665,-0.5990098714828491,0.27140605449676514,0.35385120685677973,1.3477593451738357,0.002714060544967651,0.024248391389846802,0.05541646480560303,0.05541646480560303,0.7245763008715584,0.02511131763458252,0.0854220986366272,0.005870893597602844,30456.5078125,12813.0693359375,17643.439453125,30420.2890625,12745.53125,17674.7578125,0.0011891957838088274,0.005271031055599451,-0.0017750711413100362,0.11891957838088274,2.83795428276062,0.14627723170910029,2.592837393283844,0.1347780000278726,0.2169907375704497,1.3246591578866356,0.7245763008715584,43.73178472892963,43.73178472892963,greedy,0.7245763008715584,0.0,hard_fault_cluster
33,N2083,observe,-0.6233183741569519,1.163494884520769,0.8216218024492263,0.5668716327846048,0.7562716749384999,-0.6233183741569519,0.2727118730545044,0.9816064198315143,0.7244546651840209,0.002727118730545044,0.035199105739593506,0.05325741320848465,0.05325741320848465,3.4482102413475513,0.025540601462125778,0.09516525268554688,0.0038455799221992493,30420.64453125,12745.8837890625,17674.76171875,30383.591796875,12697.701171875,17685.890625,0.0012180127669125795,0.003780249273404479,-0.0006296495557762682,0.12180127669125795,2.880029432475567,0.860298773124814,2.635552467778325,0.8474839831143617,0.5042365528643131,0.8458149792626499,3.4482102413475513,47.179994970277185,47.179994970277185,greedy,3.4482102413475513,0.0,hard_fault_cluster
34,N766,control1,-0.5504936575889587,1.607603192254901,1.0978464186191559,0.2829956444352865,1.0449420749656857,-0.5504936575889587,0.275886595249176,1.31517594717443,0.7816667512059211,0.00275886595249176,0.026036858558654785,0.04843907058238983,0.04843907058238983,1.025947757139802,0.025926649570465088,0.08846347033977509,0.005037650465965271,30381.6796875,12695.7421875,17685.9375,30410.259765625,12738.255859375,17672.00390625,-0.0009407010511495173,-0.0033486559987068176,0.0007878346368670464,-0.09407010511495173,2.9169906228780746,0.9571600488945842,2.6737463735044003,0.9376965693756938,1.1331769738346338,0.8435482202284038,1.025947757139802,48.20594272741699,48.20594272741699,greedy,1.025947757139802,0.0,hard_fault_cluster
35,N7876,control1,-0.8536857962608337,-0.4670205669105053,-0.26979629993438714,0.16136569783091542,-0.30356336849182847,-0.8536857962608337,0.24975238740444183,-0.5645151622593403,-0.2981792092323303,0.002497523874044418,0.013478189706802368,0.04638029634952545,0.04638029634952545,2.0914614129066464,0.02040167525410652,0.07125604152679443,0.0029833726584911346,30410.716796875,12738.767578125,17671.94921875,30605.0390625,12880.23046875,17724.80859375,-0.006389927119016647,-0.01110491156578064,-0.002991145709529519,-0.6389927119016647,2.3363002091646194,-1.0200352519750595,2.114200696349144,-1.0439846366643906,-0.91900395154953,-0.3365173470973969,2.0914614129066464,50.297404140323636,50.297404140323636,greedy,2.0914614129066464,0.0,hard_fault_cluster
36,N496,control1,-0.6222420334815979,1.6368896500766277,1.261150026321411,0.33969143733382223,1.063978272549808,-0.6222420334815979,0.2690713405609131,1.7244877457618712,1.877427840232849,0.002690713405609131,0.016787588596343994,0.04158440977334976,0.04158440977334976,0.9358861026167868,0.02487849071621895,0.07795313000679016,0.004558749496936798,30600.34375,12873.8447265625,17726.498046875,30551.8125,12859.953125,17691.859375,0.0015859707491472363,0.001079056179150939,0.0019540616776794195,0.15859707491472363,2.7985048219561577,1.0671041685342788,2.5655130092054605,1.0407777506113052,1.2651361241936683,1.5840214053541422,0.9358861026167868,51.23329024294042,51.23329024294042,greedy,0.9358861026167868,0.0,hard_fault_cluster
37,N583,control1,-0.4254303276538849,2.58614690721035,3.014644873142242,0.6618421798944473,1.6809954896867274,-0.4254303276538849,0.2878902554512024,2.9585144415497777,3.671740102767944,0.002878902554512024,0.01938071846961975,0.04057352989912033,0.04057352989912033,2.060358960926533,0.026762910187244415,0.08092735707759857,0.005700144916772842,30548.25,12855.228515625,17693.021484375,30496.849609375,12844.546875,17652.302734375,0.0016825968632474542,0.0008309179684147239,0.0023014016915112734,0.16825968632474542,3.0047548040747643,1.7382097853720189,2.758406965062022,1.7462684525549412,2.081073252856731,3.452697614356875,2.060358960926533,53.293649203866956,53.293649203866956,greedy,2.060358960926533,0.0,hard_fault_cluster
38,N580,control1,-0.39004525542259216,1.4107858956605197,2.4811825215816494,0.34044168867170815,0.9170108321793379,-0.39004525542259216,0.2996756434440613,1.3705935034900902,2.5781409740448,0.002996756434440613,0.03964933753013611,0.0538925901055336,0.0538925901055336,1.3411823007836938,0.024641260504722595,0.0754549652338028,0.006378240883350372,30502.15234375,12851.9248046875,17650.2265625,30569.37109375,12888.23046875,17681.140625,-0.0022037378512322903,-0.0028249204624444246,-0.0017514824867248535,-0.22037378512322903,2.8176942840218544,1.3090991906821727,2.5525181088596582,1.2162326924502849,1.020204709097743,2.7631330609135327,1.3411823007836938,54.63483150465065,54.63483150465065,greedy,1.3411823007836938,0.0,hard_fault_cluster
39,N7516,observe,-0.2637122571468353,2.370761926174164,1.9835159540176388,0.5939796662330626,1.5409952520132066,-0.2637122571468353,0.3005957007408142,1.7758128631114958,1.194792902469635,0.003005957007408142,0.04880768060684204,0.057091742753982544,0.057091742753982544,2.9496263670921326,0.024891935288906097,0.07924671471118927,0.005946975201368332,30573.2421875,12892.8291015625,17680.4140625,30478.06640625,12845.435546875,17632.630859375,0.003113041864708066,0.003675962332636118,0.0027026066090911627,0.3113041864708066,2.8468809723854065,2.2735083156824114,2.578615389764309,2.1497407013177874,1.4710123598575593,1.668800369948149,2.9496263670921326,57.58445787174278,57.58445787174278,greedy,2.9496263670921326,0.0,hard_fault_cluster
40,N3882,control0,-0.4808792471885681,1.1966892130672933,2.3167693376541134,0.3565701238811016,0.7778479884937406,-0.4808792471885681,0.2901726961135864,1.0297554064542056,-0.5270342588424682,0.0029017269611358643,0.06840309500694275,0.0611453503370285,0.0611453503370285,1.7971041189879178,0.02160133421421051,0.08215145766735077,0.0030251815915107727,30478.2421875,12845.779296875,17632.462890625,30419.12890625,12754.8388671875,17664.2890625,0.0019395239651203156,0.007079401519149542,-0.001804976025596261,0.19395239651203156,2.511451467871666,0.725864513143897,2.2479629330337048,0.6101863517612218,0.7487164385616779,0.7070181864872577,1.7971041189879178,59.381561990730695,59.381561990730695,greedy,1.7971041189879178,0.0,hard_fault_cluster
41,N2314,control1,-0.2896988093852997,3.0480837006866928,3.591540169715881,0.4738840343058109,1.9812544054463503,-0.2896988093852997,0.29188060760498047,1.6707349382340908,2.4940793454647063,0.002918806076049805,0.06498986482620239,0.05981546640396118,0.05981546640396118,2.283273881673813,0.0238913893699646,0.07686181366443634,0.005875181406736374,30417.568359375,12752.482421875,17665.0859375,30388.466796875,12776.212890625,17612.25390625,0.0009567353408783674,-0.0018608509562909603,0.0029907599091529846,0.09567353408783674,2.7408350110054016,2.66743658721447,2.4770629554986954,2.667709743380547,1.9188603967428208,3.3472592578828335,2.283273881673813,61.66483587240451,61.66483587240451,greedy,2.283273881673813,0.0,hard_fault_cluster
42,N7421,control1,-0.8012925386428833,-0.32743916600942613,-1.0128712058067322,0.042084685266017906,-0.21283545790612698,-0.8012925386428833,0.26954585313796997,-0.4432390849292278,-0.13629503846168514,0.0026954585313796998,0.05588105320930481,0.0523926317691803,0.0523926317691803,0.9950970028340816,0.01684045046567917,0.060331083834171295,0.002178143709897995,30389.87890625,12778.3427734375,17611.537109375,30641.095703125,12938.763671875,17702.33203125,-0.008266462944447994,-0.012554123997688293,-0.0051554227247834206,-0.8266462944447994,2.005983531475067,-0.8898028193414211,1.7645296677947044,-0.9595565257966518,-0.6159635618329049,-0.4853628105670215,0.9950970028340816,62.65993287523859,62.65993287523859,greedy,0.9950970028340816,0.0,hard_fault_cluster
43,N4670,control0,-0.10268975049257278,4.366570456027985,4.300416040420532,0.7329317116737366,2.8382707964181906,-0.10268975049257278,0.29592442512512207,2.9907151493430137,3.2673423290252686,0.0029592442512512205,0.05383312702178955,0.060185886919498444,0.060185886919498444,3.1381941300630567,0.021352138370275497,0.06839434802532196,0.0044640712440013885,30641.314453125,12939.005859375,17702.30859375,30367.421875,12826.619140625,17540.802734375,0.008938669227063656,0.00868588499724865,0.009123435243964195,0.8938669227063656,2.4913241490721703,2.0190604850649834,2.224241415038705,1.9278354570269585,2.8637631684541702,3.96144605949521,3.1381941300630567,65.79812700530165,65.79812700530165,greedy,3.1381941300630567,0.0,hard_fault_cluster
44,N3840,control0,-0.5035791397094727,0.5899358103796839,0.7864247769117354,0.14983069974929092,0.38345827674679456,-0.5035791397094727,0.2886475920677185,0.7272369466722012,-0.28984766602516177,0.002886475920677185,0.07325887680053711,0.05664399266242981,0.05664399266242981,0.24750558964908123,0.018312305212020874,0.07185818254947662,0.0011292807757854462,30367.30859375,12826.5927734375,17540.71484375,30381.466796875,12768.408203125,17613.05859375,-0.0004662317514885217,0.00453624501824379,-0.0041243331506848335,-0.04662317514885217,2.1765221059322357,0.39052808124572036,1.9175534173846245,0.35246133644133804,0.579609179496765,0.4049673824757337,0.24750558964908123,66.04563259495073,66.04563259495073,greedy,0.24750558964908123,0.0,hard_fault_cluster
45,N4635,control0,0.03809840604662895,5.4564264875650395,4.670433855056762,1.1237346106767652,3.5466772169172756,0.03809840604662895,0.3002361059188843,3.188348254561424,3.0537404775619503,0.003002361059188843,0.05186077952384949,0.06394259631633759,0.06394259631633759,6.233607873916625,0.019424766302108765,0.06744202971458435,0.0035399794578552246,30381.552734375,12768.416015625,17613.13671875,30229.314453125,12738.560546875,17490.75390625,0.0050108786672353745,0.0023382280487567186,0.006948382593691349,0.5010878667235374,2.3066553324460983,2.6865754669904707,2.033521305769682,2.838970596194267,2.916644698381424,3.9958190539479252,6.233607873916625,72.27924046886736,72.27924046886736,greedy,6.233607873916625,0.0,hard_fault_cluster
46,N4712,control0,0.27642762660980225,5.036109718382359,4.718398571014404,0.8170164445042609,3.2734713169485334,0.27642762660980225,0.3082055449485779,2.808922532200813,2.9873730540275574,0.0030820554494857787,0.044060736894607544,0.061898328363895416,0.061898328363895416,4.217092647254466,0.018303610384464264,0.06422676146030426,0.003407098352909088,30229.2890625,12738.5615234375,17490.728515625,30110.75,12703.7255859375,17407.025390625,0.003921331372112036,0.0027346836868673563,0.004785571247339249,0.3921331372112036,2.2004649117588997,2.312549010515213,1.9228870067745447,2.2847069656848906,2.887908899784088,3.9771407848596567,4.217092647254466,76.49633311612182,76.49633311612182,greedy,4.217092647254466,0.0,hard_fault_cluster
47,N4649,control0,0.43766745924949646,5.030163022279739,4.772206211090087,0.769207750558853,3.2696059644818303,0.43766745924949646,0.31245940923690796,2.7686125940084456,2.9844753742218018,0.0031245940923690795,0.04512408375740051,0.060838744044303894,0.060838744044303894,3.8856056481599808,0.01753789559006691,0.06317096948623657,0.0033314786851406097,30110.76953125,12703.7099609375,17407.05859375,29984.3046875,12654.2958984375,17330.009765625,0.004199987277388573,0.0038897348567843437,0.004426298197358847,0.41999872773885727,2.127087712287903,2.3716126006841662,1.847114097326994,2.2983979505300525,2.9278005182743074,4.0030703368783,3.8856056481599808,80.3819387642818,80.3819387642818,greedy,3.8856056481599808,0.0,hard_fault_cluster
48,N4606,control0,-0.1498553305864334,1.0918757466971876,2.312250167131424,0.2800698395073414,0.7097192353531719,-0.1498553305864334,0.30085426568984985,1.0099850025773047,2.2962916493415833,0.0030085426568984986,0.06793239712715149,0.055202797055244446,0.055202797055244446,0.9352426102757454,0.015024937689304352,0.06372453272342682,0.0007902719080448151,29984.453125,12654.4189453125,17330.03515625,30008.541015625,12591.609375,17416.931640625,-0.0008033459889702499,0.004963449668139219,-0.005014212802052498,-0.08033459889702499,1.8585508316755295,1.1348729610443116,1.5915080346167088,1.1075601875782013,0.9574062019586563,2.5991422264277935,0.9352426102757454,81.31718137455755,81.31718137455755,greedy,0.9352426102757454,0.0,hard_fault_cluster
49,N4656,control0,0.27386239171028137,5.080962319374084,4.283578538894653,1.201320853233337,3.3026255075931545,0.27386239171028137,0.31234604120254517,3.4209936743974683,3.2223506450653074,0.0031234604120254517,0.05088913440704346,0.056253306567668915,0.056253306567668915,6.26096855700016,0.015503309667110443,0.06259778887033463,0.001921817660331726,30008.3125,12591.453125,17416.859375,29863.580078125,12562.982421875,17300.59765625,0.004823077470064163,0.0022611133754253387,0.006675240118056536,0.4823077470064163,1.9189303144812584,2.4664450818300248,1.6424808036535978,2.4269509249925614,2.966317105293274,4.028106118440628,6.26096855700016,87.5781499315577,87.5781499315577,greedy,6.26096855700016,0.0,hard_fault_cluster
50,N3805,control0,-0.21125958859920502,1.0389465264976026,-1.3298691213130949,0.28570187762379645,0.6753152422234416,-0.21125958859920502,0.3037421703338623,0.9829626631736754,0.3470294803380966,0.0030374217033386232,0.06965848803520203,0.051744259893894196,0.051744259893894196,0.9441677239537238,0.013430971652269363,0.06444524228572845,-0.0005217492580413818,29863.37890625,12562.91796875,17300.4609375,29904.224609375,12520.015625,17384.208984375,-0.001367752207443118,0.003414998296648264,-0.0048407986760139465,-0.1367752207443118,1.6985835954546928,1.1065788342058658,1.4319687727838755,1.0824169589579105,0.9499917909502983,-0.5511859821528198,0.9441677239537238,88.52231765551143,88.52231765551143,greedy,0.9441677239537238,0.0,hard_fault_cluster
51,N4705,control0,0.2817056477069855,4.3421235939860345,4.255515146255493,0.7541117128729821,2.8223803360909225,0.2817056477069855,0.31439048051834106,2.9561720721423628,2.570690250396728,0.0031439048051834107,0.04825475811958313,0.05820201337337494,0.05820201337337494,3.0029280242323875,0.013140864670276642,0.06068824231624603,0.0007094033062458038,29904.365234375,12520.046875,17384.318359375,29777.380859375,12505.634765625,17271.74609375,0.0042463489808142185,0.0011511226184666157,0.006475506350398064,0.42463489808142185,1.6866789609193802,1.8443705524504184,1.4072345905005932,1.784950801283121,3.0644235134124758,3.4092653805017474,3.0029280242323875,91.52524567974382,91.52524567974382,greedy,3.0029280242323875,0.0,hard_fault_cluster
52,N4698,control0,0.45560887455940247,4.035299338698388,4.079326033592224,0.7030146425962448,2.622944570153952,0.45560887455940247,0.32051730155944824,2.6649812366068364,2.422505509853363,0.0032051730155944823,0.04592233896255493,0.05852801352739334,0.05852801352739334,3.202157144099474,0.01180916279554367,0.05978876352310181,0.00046203285455703735,29777.373046875,12505.626953125,17271.74609375,29676.07421875,12477.1572265625,17198.916015625,0.003401872469112277,0.0022765533067286015,0.004216717556118965,0.3401872469112277,1.5599615946412086,1.6194845567643643,1.2756776083260775,1.551900399774313,2.5633805111050605,3.0967807779461145,3.202157144099474,94.72740282384329,94.72740282384329,greedy,3.202157144099474,0.0,hard_fault_cluster
53,N2157,observe,0.46509769558906555,4.335287429019809,2.77760169506073,1.159561364725232,2.817936828862876,0.46509769558906555,0.3313932418823242,4.138819717243313,2.7183485984802243,0.003313932418823242,0.05043569207191467,0.055241234600543976,0.055241234600543976,5.338649893589317,0.01396733894944191,0.059289515018463135,0.002242695540189743,29675.69921875,12476.921875,17198.77734375,29833.537109375,12577.041015625,17256.49609375,-0.005318759009242058,-0.008024346083402634,-0.0033559799194335938,-0.5318759009242058,1.7833683714270592,2.0637762254849075,1.493392514064908,2.0560544437542556,2.8248704772442577,2.482886219993233,5.338649893589317,100.06605271743261,100.06605271743261,greedy,5.338649893589317,0.0,hard_fault_cluster
54,N2101,observe,0.2204536497592926,2.6452003824710846,1.8543428301811218,0.6212788140773773,1.719380248606205,0.2204536497592926,0.33583325147628784,2.7407234251499175,2.223539662361145,0.0033583325147628785,0.05090451240539551,0.056924007833004,0.056924007833004,2.1497372817993163,0.014291983097791672,0.05427653342485428,0.004018254578113556,29833.10546875,12576.4921875,17256.61328125,29982.458984375,12602.939453125,17379.51953125,-0.005006301216781139,-0.002102912636473775,-0.007122269365936518,-0.5006301216781139,1.821955569088459,2.150484467744827,1.5273876246064901,2.0201603305339813,2.007174226641655,1.7937620876729485,2.1497372817993163,102.21578999923193,102.21578999923193,greedy,2.1497372817993163,0.0,hard_fault_cluster
55,N4691,control0,0.4774973690509796,3.7165904194116592,4.085428142547607,0.4952072411775589,2.4157837726175786,0.4774973690509796,0.32765907049179077,2.318155056387186,2.319059896469116,0.0032765907049179077,0.03720015287399292,0.05943264812231064,0.05943264812231064,1.945944033563137,0.01204756647348404,0.05338730663061142,0.0024654120206832886,29983.162109375,12603.666015625,17379.49609375,29721.771484375,12484.07421875,17237.697265625,0.00871791411191225,0.009488651528954506,0.0081589724868536,0.871791411191225,1.5918483659625053,1.528888932019472,1.3015295770019293,1.4213232906162738,2.386457209289074,2.9894026186317206,1.945944033563137,104.16173403279507,104.16173403279507,greedy,1.945944033563137,0.0,hard_fault_cluster
56,N4684,control0,0.5131082534790039,3.3459597474191107,3.8126158237457273,0.4825614380202023,2.174873835822422,0.5131082534790039,0.3267330527305603,2.167438119405706,2.248580276966095,0.003267330527305603,0.03507637977600098,0.059811897575855255,0.059811897575855255,1.9938661425915778,0.009631339460611343,0.051206111907958984,0.0016040988266468048,29721.74609375,12484.0634765625,17237.68359375,29564.33203125,12415.5537109375,17148.779296875,0.005296258721500635,0.005487777758389711,0.005157554522156715,0.5296258721500635,1.34967889636755,0.6537499372832826,1.0597701836377382,0.5878638365291408,2.1422397936956257,2.804854614299984,1.9938661425915778,106.15560017538664,106.15560017538664,greedy,1.9938661425915778,0.0,hard_fault_cluster
57,N7526,control1,-0.09755595773458481,0.2214562578126788,1.891801458597183,0.07024213541299103,0.14394656757824123,-0.09755595773458481,0.30898529291152954,0.1563629694096744,1.8736567258834838,0.0030898529291152953,0.04827308654785156,0.05713019520044327,0.05713019520044327,0.5959628378041089,0.003892965614795685,0.037512823939323425,0.0004057474434375763,29561.90625,12412.71484375,17149.19140625,29760.091796875,12519.083984375,17241.0078125,-0.006704085506498814,-0.008569369092583656,-0.005353978835046291,-0.6704085506498814,0.7554120495915413,-0.7884088108502328,0.4808254335075617,-0.867934400793165,-0.02775544840842486,2.0819589585345235,0.5959628378041089,106.75156301319075,106.75156301319075,greedy,0.5959628378041089,0.0,hard_fault_cluster
58,N869,observe,-0.08748192340135574,1.6346113507449629,0.8040947258472442,0.6224912865459918,1.062497377984226,-0.08748192340135574,0.3220692276954651,3.191341905295849,2.777531588077545,0.003220692276954651,0.04752889275550842,0.05811705440282822,0.05811705440282822,1.1209097558259964,0.009209450334310532,0.04715394973754883,0.0034627914428710938,29761.2890625,12520.72265625,17240.56640625,29886.98828125,12540.5966796875,17346.392578125,-0.004223580937832594,-0.0015872904332354665,-0.006138207390904427,-0.4223580937832594,1.3011313155293465,0.8287823551893234,1.0159916039556265,0.8287823551893234,1.6519738212227821,1.3136025028675795,1.1209097558259964,107.87247276901674,107.87247276901674,greedy,1.1209097558259964,0.0,hard_fault_cluster
59,N7511,control1,-0.6806320548057556,-0.88536350235343,-2.783315813541412,0.40395706877112375,-0.5754862765297295,-0.6806320548057556,0.26466864347457886,-1.2354831851273778,-2.373802435398102,0.0026466864347457885,0.04726654291152954,0.05832593888044357,0.05832593888044357,4.48960223056376,0.0011737644672393799,0.03187950700521469,-0.0008993968367576599,29887.33984375,12540.89453125,17346.4453125,29920.30078125,12496.3193359375,17423.98046875,-0.0011028394801542163,0.0035543872509151697,-0.004469800740480423,-0.11028394801542163,0.4403710290789604,-0.9902748774737121,0.1981250923126936,-1.076668353006244,-1.5926878012716772,-2.220132465697825,4.48960223056376,112.3620749995805,112.3620749995805,greedy,4.48960223056376,0.0,hard_fault_cluster
60,N4677,control0,-0.017585735768079758,2.5941009540855884,3.352374982833862,0.38066653028130526,1.6861656201556325,-0.017585735768079758,0.294780433177948,1.911233162879944,2.200123131275177,0.00294780433177948,0.03876504302024841,0.053103066980838776,0.053103066980838776,1.0542767861485483,0.008985869586467743,0.05155958980321884,0.0016998685896396637,29920.978515625,12497.08984375,17423.888671875,29643.9296875,12429.6533203125,17214.27734375,0.009259350597858429,0.005396177992224693,0.012030111625790596,0.9259350597858429,1.246470458805561,1.1324170176684856,0.985557833686471,1.009525293558836,1.9071241423487664,2.6502733384817843,1.0542767861485483,113.41635178572905,113.41635178572905,greedy,1.0542767861485483,0.0,hard_fault_cluster
61,N7411,control1,-0.46092090010643005,0.04881743654608726,0.11894763708114624,0.03796911731362342,0.031731333754956716,-0.46092090010643005,0.27926474809646606,0.012087221220135686,0.342443060874939,0.0027926474809646606,0.04008319973945618,0.05147320777177811,0.05147320777177811,0.5228063442558051,0.0033393502235412598,0.0367671400308609,0.0004174932837486267,29643.162109375,12428.8125,17214.349609375,29897.501953125,12589.134765625,17308.3671875,-0.008580051362514496,-0.012899242341518402,-0.0054615819826722145,-0.8580051362514496,0.6646729782223701,-0.814098068550229,0.416619511321187,-0.9441763842850923,-0.18487068638205528,0.3675967430695891,0.5228063442558051,113.93915812998485,113.93915812998485,greedy,0.5228063442558051,0.0,hard_fault_cluster
62,N4663,control0,0.01056267786771059,2.7784089948423207,3.5932177782058714,0.3009002690948546,1.8059658466475086,0.01056267786771059,0.29651176929473877,1.776348135434091,2.103814685344696,0.0029651176929473876,0.02902853488922119,0.04638545960187912,0.04638545960187912,0.5539077579975127,0.00865887850522995,0.050215624272823334,0.0013068951666355133,29898.212890625,12589.943359375,17308.26953125,29585.853515625,12451.759765625,17134.09375,0.010447426699101925,0.010975711978971958,0.010063153691589832,1.0447426699101925,1.2087850794196129,1.2039039282873272,0.9516121577471495,1.0908768324926494,2.0007996037602425,3.0089581645280123,0.5539077579975127,114.49306588798235,114.49306588798235,greedy,0.5539077579975127,0.0,hard_fault_cluster
63,N7488,control1,-0.4921067953109741,-0.7405382975190878,-2.2873808979988097,-0.04919985756278037,-0.48134989338740714,-0.4921067953109741,0.27501553297042847,-0.5079192085564136,-0.3126312222331762,0.0027501553297042845,0.031592726707458496,0.04733627289533615,0.04733627289533615,0.33627181865274913,0.0018211156129837036,0.03328262269496918,-0.0003289356827735901,29584.685546875,12450.490234375,17134.1953125,29829.873046875,12585.98046875,17243.892578125,-0.008287649601697922,-0.010882320813834667,-0.006402241997420788,-0.8287649601697922,0.504463367164135,-0.8603578135371208,0.2626995127648115,-0.9783759042620659,-0.7359315797686576,-1.0609030761208853,0.33627181865274913,114.8293377066351,114.8293377066351,greedy,0.33627181865274913,0.0,hard_fault_cluster
64,N5738,observe,-0.15375009179115295,1.2966710671037436,1.0073938727378844,0.2399922924488783,0.8428361936174333,-0.15375009179115295,0.29157543182373047,1.1773485027253627,0.9777953624725342,0.0029157543182373046,0.031302958726882935,0.04350747913122177,0.04350747913122177,0.48265445381402966,0.01053856685757637,0.05256024748086929,0.0020788758993148804,29830.109375,12586.3447265625,17243.765625,29643.75390625,12478.90625,17164.84765625,0.00624722708016634,0.008536114357411861,0.0045766085386276245,0.624722708016634,1.3889395967125893,1.015114494562149,1.137627413496375,1.022379686832428,1.1204860791563989,1.0638863050192595,0.48265445381402966,115.31199216044914,115.31199216044914,greedy,0.48265445381402966,0.0,hard_fault_cluster
65,N7413,control1,-0.568419337272644,-0.6121985518932342,1.3816036164760588,-0.016099369525909443,-0.39792905873060225,-0.568419337272644,0.2684372067451477,-0.3894749967753887,-0.13110998272895813,0.002684372067451477,0.024006009101867676,0.045493461191654205,0.045493461191654205,0.44640554562211043,0.0038488879799842834,0.03740105777978897,-6.96331262588501e-05,29644.083984375,12479.244140625,17164.83984375,29838.6015625,12590.3837890625,17248.216796875,-0.0065617673099040985,-0.008905960246920586,-0.004857426974922419,-0.6561767309904099,0.6988194659352303,-1.1176943264901638,0.4633714649826288,-1.1754387103021144,-0.666954354941845,0.722130029425025,0.44640554562211043,115.75839770607125,115.75839770607125,greedy,0.44640554562211043,0.0,hard_fault_cluster
66,N7590,control1,-0.44683822989463806,0.5504789168015123,2.058676731586456,0.1407316779717803,0.357811295920983,-0.44683822989463806,0.2773841619491577,0.5052611095830798,1.4704373717308044,0.002773841619491577,0.013499587774276733,0.04358392953872681,0.04358392953872681,0.6726735992543399,0.007239166647195816,0.043518245220184326,0.0005269311368465424,29838.498046875,12590.2890625,17248.208984375,29772.302734375,12570.224609375,17202.078125,0.002218453213572502,0.0015936451964080334,0.002674530493095517,0.2218453213572502,1.0448847562074661,0.0765531506203115,0.8041586875915527,0.04068782141432166,0.3402370737865567,1.989389639245346,0.6726735992543399,116.43107130532559,116.43107130532559,greedy,0.6726735992543399,0.0,hard_fault_cluster
67,N519,control1,0.06554322689771652,2.3878639923408627,3.254922819137573,0.3291584158316254,1.5521115950215607,0.06554322689771652,0.3091787099838257,1.8136084239929915,2.2461854815483093,0.003091787099838257,0.007853537797927856,0.042447514832019806,0.042447514832019806,0.6698328158259391,0.01595616340637207,0.06120254099369049,0.003483083099126816,29773.4296875,12569.130859375,17204.298828125,29722.990234375,12572.552734375,17150.4375,0.001694109640084207,-0.00027224436053074896,0.0031306901946663857,0.1694109640084207,1.9472425654530525,2.017678593695164,1.6835228968411684,2.0106876841187478,1.8238792523741723,2.9556776245683434,0.6698328158259391,117.10090412115153,117.10090412115153,greedy,0.6698328158259391,0.0,hard_fault_cluster
68,N4578,control0,-0.2919316291809082,0.4749712192488369,2.041781172156334,0.10443345321225934,0.30873129251174397,-0.2919316291809082,0.29009121656417847,0.5163042049040086,2.1175485312938687,0.002900912165641785,0.019780904054641724,0.04018533229827881,0.04018533229827881,0.13033302946016193,0.010983668267726898,0.0620868057012558,-0.000772424042224884,29721.982421875,12574.103515625,17147.87890625,29623.6328125,12428.8720703125,17194.76171875,0.0033089856151491404,0.01155004370957613,-0.0027340298984199762,0.33089856151491404,1.428643375635147,0.33978120082058016,1.1809359639883041,0.32650352786062287,0.4806949995458126,2.151025801049545,0.13033302946016193,117.23123715061169,117.23123715061169,greedy,0.13033302946016193,0.0,hard_fault_cluster
69,N7890,control1,-0.7388105988502502,-0.8022005559504033,-2.272254717350006,-0.14172328859567646,-0.5214303613677621,-0.7388105988502502,0.2485572248697281,-0.7956554181873798,-0.47932423171878324,0.0024855722486972808,0.008196860551834106,0.0414113849401474,0.0414113849401474,0.2169023233652115,0.0033761709928512573,0.04431349039077759,-0.003227740526199341,29622.966796875,12428.138671875,17194.828125,29855.732421875,12568.55078125,17287.181640625,-0.007857606746256351,-0.011297919787466526,-0.0053710052743554115,-0.7857606746256351,0.6275857090950012,-1.2484873615205287,0.4101092517375946,-1.3051680408418178,-0.8767546370625495,-1.5973716442458317,0.2169023233652115,117.44813947397691,117.44813947397691,greedy,0.2169023233652115,0.0,hard_fault_cluster
70,N7370,control1,-0.4431120455265045,0.9986191134154797,2.3441838920116425,0.1902435241639614,0.6491024237200619,-0.4431120455265045,0.2693621516227722,0.8144907057285309,1.5779808402061462,0.0026936215162277222,0.00574299693107605,0.038637131452560425,0.038637131452560425,0.7096377494931221,0.010098487138748169,0.05655086040496826,-0.001484014093875885,29855.857421875,12568.697265625,17287.16015625,29672.341796875,12482.080078125,17190.26171875,0.006146721076220274,0.006891500670462847,0.005605225916951895,0.6146721076220274,1.3178479969501495,0.5887413001060485,1.08684853464365,0.5673979198932647,0.721357861161232,2.2061345772445202,0.7096377494931221,118.15777722347003,118.15777722347003,greedy,0.7096377494931221,0.0,hard_fault_cluster
71,N7891,control1,-0.7782071232795715,-0.6110589997470379,1.4193391680717466,-0.07473090142011644,-0.39718834983557466,-0.7782071232795715,0.23807989060878754,-0.6957139661908149,-0.2363636016845703,0.0023807989060878752,-0.002697080373764038,0.04055825620889664,0.04055825620889664,0.46455759659409535,0.004486110061407089,0.04397117346525192,-0.003723710775375366,29672.140625,12481.841796875,17190.298828125,29853.99609375,12583.4697265625,17270.525390625,-0.006128828972578049,-0.008142061531543732,-0.0046669673174619675,-0.6128828972578049,0.7272491529583931,-1.0232951423525811,0.51827054284513,-1.0669901153445245,-0.7603670507669449,0.7215522307157517,0.46455759659409535,118.62233482006413,118.62233482006413,greedy,0.46455759659409535,0.0,hard_fault_cluster
72,N504,control1,-0.017989378422498703,3.234587977975607,3.3234073638916013,0.823115800768137,2.1024821856841447,-0.017989378422498703,0.29739928245544434,3.3113952584564688,2.984047698974609,0.0029739928245544433,0.008273333311080933,0.04408378154039383,0.04408378154039383,3.1051173514872787,0.018648680299520493,0.06553515791893005,0.0028766244649887085,29855.501953125,12581.330078125,17274.171875,29705.099609375,12553.767578125,17151.33203125,0.005037676077336073,0.002190746134147048,0.007111185695976019,0.5037676077336073,2.2063510939478874,2.6680341950803994,1.9502387959510088,2.693899972140789,2.439555376023054,3.2834356762096286,3.1051173514872787,121.7274521715514,121.7274521715514,greedy,3.1051173514872787,0.0,hard_fault_cluster
73,N7875,control1,-0.2329121083021164,1.4144241432845592,2.276524633169174,0.5706358523666858,0.9193756931349635,-0.2329121083021164,0.28810375928878784,1.613828491345048,1.71673948764801,0.0028810375928878785,0.006056994199752808,0.05009738355875015,0.05009738355875015,2.902970189079642,0.014150910079479218,0.05671793222427368,0.0009700469672679901,29704.1171875,12556.54296875,17147.57421875,29675.912109375,12508.3125,17167.599609375,0.0009495342965237796,0.0038410627748817205,-0.0011678264709189534,0.09495342965237796,1.7532921507954597,0.9863698524981737,1.4996412936598063,0.9276852054148912,0.8472675912082196,2.152787704579532,2.902970189079642,124.63042236063104,124.63042236063104,greedy,2.902970189079642,0.0,hard_fault_cluster
74,N4716,control0,0.0465572215616703,1.89308223888278,2.8363483190536494,0.3567673455178737,1.230503455273807,0.0465572215616703,0.29252976179122925,1.514429222047329,2.5883323788642882,0.0029252976179122924,0.0027880966663360596,0.0534868985414505,0.0534868985414505,1.3355961221456527,0.013658694922924042,0.0590827614068985,0.0008843913674354553,29676.052734375,12508.53125,17167.521484375,29409.744140625,12378.501953125,17031.2421875,0.008973854593932629,0.010395249351859093,0.00793820433318615,0.8973854593932629,1.711886152625084,0.864393227994442,1.4523736573755741,0.8281972941756248,1.3643251478672027,2.9868113461136816,1.3355961221456527,125.9660184827767,125.9660184827767,greedy,1.3355961221456527,0.0,hard_fault_cluster
75,N5473,observe,0.020177442580461502,1.3859010852873326,1.0525892496109008,0.3032381601631641,0.9008357054367662,0.020177442580461502,0.29162973165512085,1.3281821340322493,1.06070100069046,0.0029162973165512084,0.014821618795394897,0.05501837283372879,0.05501837283372879,0.8913874766230583,0.015015166252851486,0.06287804245948792,0.0009101927280426025,29408.8125,12377.5205078125,17031.29296875,29382.12890625,12341.107421875,17041.021484375,0.0009073332767002285,0.0029418724589049816,-0.0005712141282856464,0.09073332767002285,1.8481647297739983,1.278566773533821,1.588178651407361,1.3284302192926407,1.1491790875792502,1.1067281133681535,0.8913874766230583,126.85740595939976,126.85740595939976,greedy,0.8913874766230583,0.0,hard_fault_cluster
76,N2580,control1,-0.4177500903606415,0.06200329892337325,1.7252456448972224,0.13128518261015415,0.04030214430019261,-0.4177500903606415,0.2703983783721924,0.23737645322456957,0.7615267783403397,0.002703983783721924,0.009663254022598267,0.06093720346689224,0.06093720346689224,0.9566135345213116,0.007725480943918228,0.044879838824272156,-0.00030794739723205566,29371.509765625,12328.365234375,17043.14453125,29558.384765625,12378.654296875,17179.73046875,-0.006362458225339651,-0.004079134669154882,-0.008014127612113953,-0.6362458225339651,1.1038836762309074,-0.4633711718022823,0.855381989851594,-0.5279418371617794,-0.15629358328878878,1.3261455095373094,0.9566135345213116,127.81401949392107,127.81401949392107,greedy,0.9566135345213116,0.0,hard_fault_cluster
77,N6669,control1,-0.5504804849624634,-0.09516395941376687,1.7091063663363455,0.026976513415575012,-0.061856573618948474,-0.5504804849624634,0.2580007314682007,-0.16156104233115914,0.10832754373550416,0.0025800073146820066,0.011670947074890137,0.060794681310653687,0.060794681310653687,0.5779734648391603,0.006139364093542099,0.041650064289569855,-0.0007063895463943481,29568.857421875,12391.337890625,17177.51953125,29682.99609375,12478.1884765625,17204.80859375,-0.0038600973784923553,-0.007008975837379694,-0.0015886498149484396,-0.38600973784923553,0.9327318221330643,-0.853387193530798,0.6936352625489235,-0.9301763938367367,-0.3157939091324806,1.0161567055433989,0.5779734648391603,128.39199295876023,128.39199295876023,greedy,0.5779734648391603,0.0,hard_fault_cluster
78,N871,observe,-0.34264376759529114,1.432098839879036,0.794048935174942,0.49360973298549643,0.9308642459213734,-0.34264376759529114,0.27953338623046875,1.632692766189575,1.1883708119392395,0.0027953338623046874,0.006688952445983887,0.0640706792473793,0.0640706792473793,2.320492667853832,0.013204790651798248,0.05238581448793411,0.0017373375594615936,29682.48046875,12477.5830078125,17204.8984375,29670.736328125,12427.48046875,17243.255859375,0.00039565900806337595,0.004015404265373945,-0.0022294477093964815,0.039565900806337595,1.6640831306576729,1.027834474593401,1.4063800815492868,0.982605278044939,0.920816744863987,0.8633322691940704,2.320492667853832,130.71248562661407,130.71248562661407,greedy,2.320492667853832,0.0,hard_fault_cluster
79,N704,observe,-0.06199061498045921,2.321786187291145,2.1026835322380064,0.47532090485095974,1.5091610217392444,-0.06199061498045921,0.28001219034194946,1.704195521324873,1.382764995098114,0.0028001219034194946,0.015785664319992065,0.06402773410081863,0.06402773410081863,2.1084391091763974,0.019089795649051666,0.06840339303016663,0.0007453672587871552,29671.40234375,12427.8720703125,17243.53125,29502.5625,12362.595703125,17139.966796875,0.005690322257578373,0.005252417176961899,0.006005988456308842,0.5690322257578373,2.2530194893479347,1.9254796554148197,1.9949895460158587,1.9644572784006595,1.5511809572577477,1.8351983550935982,2.1084391091763974,132.82092473579047,132.82092473579047,greedy,2.1084391091763974,0.0,hard_fault_cluster
80,N516,control1,0.29899707436561584,3.9767204265296456,3.572494840621948,1.1235660643875596,2.58486827724427,0.29899707436561584,0.2986878752708435,3.1908597575873134,2.370104885101318,0.002986878752708435,0.039529234170913696,0.07618674635887146,0.07618674635887146,5.948924566581845,0.021073821932077408,0.07326894998550415,0.0015299692749977112,29504.490234375,12361.033203125,17143.45703125,29593.0703125,12445.7119140625,17147.357421875,-0.0030022575519979,-0.006850455887615681,-0.00022751482902094722,-0.30022575519979,2.4822568148374557,2.6608934531360866,2.2011008486151695,2.7279238829761745,2.272699462622404,3.105213072411716,5.948924566581845,138.7698493023723,138.7698493023723,greedy,5.948924566581845,0.0,hard_fault_cluster
81,N1411,control0,0.05277713015675545,1.487400439530611,2.5889540553092956,0.3010196889936924,0.9668102856948972,0.05277713015675545,0.27436500787734985,0.933784442320466,-1.415935969352722,0.0027436500787734984,0.0426788330078125,0.07680229097604752,0.07680229097604752,1.4278717183321714,0.01638282835483551,0.06926299631595612,-0.002208039164543152,29586.373046875,12442.107421875,17144.265625,29264.748046875,12213.794921875,17050.953125,0.010870713740587234,0.018349986523389816,0.005442781839519739,1.0870713740587234,1.9894501343369484,0.7922282379120589,1.7260746601969004,0.7638589601963759,1.0137120425701143,1.2889128276705746,1.4278717183321714,140.19772102070448,140.19772102070448,greedy,1.4278717183321714,0.0,hard_fault_cluster
82,N7923,control0,-0.08797121793031693,1.575616889297962,2.5473580598831176,0.3950819584727287,1.0241509780436753,-0.08797121793031693,0.2686094045639038,1.7340703055262565,2.8642075181007383,0.002686094045639038,0.06242924928665161,0.07430972158908844,0.07430972158908844,1.2279241588711738,0.014991756528615952,0.0770934522151947,-0.005356311798095703,29269.564453125,12219.326171875,17050.23828125,29222.5234375,12153.583984375,17068.939453125,0.0016071648569777608,0.0053801811300218105,-0.0010968275601044297,0.16071648569777608,1.8420947790145874,0.7849992342293262,1.5849054343998432,0.7116555996239184,1.2825272068381308,2.9336426844447847,1.2279241588711738,141.42564517957564,141.42564517957564,greedy,1.2279241588711738,0.0,hard_fault_cluster
83,N520,control1,0.017093535512685776,2.8035858497023582,3.180921041965484,0.6542555972933769,1.822330802306533,0.017093535512685776,0.28641682863235474,2.540629181265831,2.4202139019966125,0.002864168286323547,0.03665977716445923,0.06887885928153992,0.06887885928153992,2.892400131225586,0.015037119388580322,0.07051679491996765,-0.0034765973687171936,29223.421875,12152.5146484375,17070.908203125,29438.15625,12327.625,17110.53125,-0.007348022889345884,-0.014409392140805721,-0.002321086125448346,-0.7348022889345884,1.8590076267719269,1.5668333333730697,1.592535860836506,1.3560518783330917,1.848354011774063,2.8368753182888033,2.892400131225586,144.31804531080124,144.31804531080124,greedy,2.892400131225586,0.0,hard_fault_cluster
84,N578,observe,0.06034904345870018,2.271912842169404,3.0187807321548457,0.44857848234474657,1.4767433474101126,0.06034904345870018,0.29671406745910645,2.1392948281019923,3.109914410114288,0.0029671406745910645,0.04529157280921936,0.07547800987958908,0.07547800987958908,1.4021272478252649,0.01722843199968338,0.06768788397312164,-0.0006784796714782715,29436.48046875,12327.859375,17108.62109375,29507.65234375,12304.572265625,17203.080078125,-0.002417811891064048,0.0018889823695644736,-0.005521133542060852,-0.24178118910640478,2.0950352773070335,1.6204092492163182,1.815891219303012,1.539443229585886,1.733604658022523,3.1670492275990547,1.4021272478252649,145.7201725586265,145.7201725586265,greedy,1.4021272478252649,0.0,hard_fault_cluster
85,N7588,control1,-0.3589913547039032,1.208929533213377,1.9219141408801077,0.8048183692991732,0.785804196588695,-0.3589913547039032,0.2772921919822693,1.377778122462332,1.1942100703716279,0.002772921919822693,0.04077500104904175,0.07682677358388901,0.07682677358388901,5.147671177200973,0.011777125298976898,0.05902199447154999,-0.0045207589864730835,29507.64453125,12304.6640625,17202.98046875,29659.31640625,12408.0703125,17251.24609375,-0.005140087567269802,-0.00840382557362318,-0.002805654890835285,-0.5140087567269802,1.5318314954638481,0.39745460137724864,1.2662422712892294,0.3064585445821284,0.21304945722222324,1.5827941009774804,5.147671177200973,150.86784373582748,150.86784373582748,greedy,5.147671177200973,0.0,hard_fault_cluster
86,N8054,control0,-0.2399538904428482,1.0165670256316661,2.382012444734573,0.1707142888009548,0.660768566660583,-0.2399538904428482,0.273564875125885,0.8839601546525955,0.8908348202705383,0.00273564875125885,0.05754721164703369,0.07079865783452988,0.07079865783452988,0.29346542686223986,0.014229722321033478,0.07436837255954742,-0.00648874044418335,29660.18359375,12408.85546875,17251.328125,29389.927734375,12222.126953125,17167.80078125,0.009111739695072174,0.015048004686832428,0.004841791931539774,0.9111739695072174,1.7673357650637627,0.6883075618743897,1.5090631153434515,0.6821400904655457,0.8655885607004166,1.8597928363829852,0.29346542686223986,151.16130916268972,151.16130916268972,greedy,0.29346542686223986,0.0,hard_fault_cluster
87,N3681,control0,0.034880105406045914,2.4337120635807516,3.141000401973724,0.45154371157288553,1.5819128413274886,0.034880105406045914,0.2880653142929077,1.892498756200075,2.783916127681732,0.002880653142929077,0.04058775305747986,0.07373366504907608,0.07373366504907608,1.8838437552005052,0.012671239674091339,0.07184958457946777,-0.00675007700920105,29379.0546875,12208.7177734375,17170.3359375,29228.533203125,12183.974609375,17044.55859375,0.005123428534716368,0.002026679925620556,0.007325269747525454,0.5123428534716368,1.6289229467511177,0.8245855215936899,1.3575737122446299,0.7490052822977304,1.6375315181910992,2.7816003332659602,1.8838437552005052,153.04515291789022,153.04515291789022,greedy,1.8838437552005052,0.0,hard_fault_cluster
88,N7721,control0,-0.015949901193380356,1.5992966841161251,2.712449872493744,0.27118435785174366,1.0395428446754813,-0.015949901193380356,0.27430951595306396,0.8734244489669799,-1.4665839910507201,0.0027430951595306396,0.047553449869155884,0.06968576461076736,0.06968576461076736,1.2205409309267998,0.01183285191655159,0.07196415960788727,-0.007821843028068542,29238.25390625,12196.3916015625,17041.861328125,29020.5859375,12061.375,16959.2109375,0.007444629445672035,0.011070208624005318,0.004849845077842474,0.7444629445672035,1.5272804722189903,0.8850855614244938,1.2692840117961168,0.8725906397402287,1.1597808599472046,1.2287794622778894,1.2205409309267998,154.26569384881702,154.26569384881702,greedy,1.2205409309267998,0.0,hard_fault_cluster
89,N555,control1,-0.1776786893606186,1.0816839354485273,2.3857929050922393,0.20905921839177605,0.7030945580415427,-0.1776786893606186,0.27986598014831543,0.9958439648151398,1.223956662416458,0.0027986598014831544,0.04079478979110718,0.06478026509284973,0.06478026509284973,0.6660525225102901,0.010285720229148865,0.06912475824356079,-0.008221827447414398,29022.97265625,12061.9130859375,16961.05859375,29171.671875,12163.5,17008.171875,-0.0051235007122159,-0.00842212326824665,-0.0027777324430644512,-0.51235007122159,1.3732182681560516,0.5773029097169637,1.1147335842251778,0.49914378605782983,0.8191623084247112,1.947075330875814,0.6660525225102901,154.9317463713273,154.9317463713273,greedy,0.6660525225102901,0.0,hard_fault_cluster
90,N7820,control0,-0.029358673840761185,1.9241639141738418,2.934052574634552,0.29660674795508385,1.2507065442129972,-0.029358673840761185,0.2768324017524719,1.0365077738463877,-1.379220801591873,0.002768324017524719,0.0479147732257843,0.06457874178886414,0.06457874178886414,1.4001609367132186,0.01165836676955223,0.0717383474111557,-0.0072621628642082214,29169.98046875,12163.7958984375,17006.185546875,28966.48828125,12048.5869140625,16917.90234375,0.00697608245536685,0.009471466764807701,0.0051912409253418446,0.697608245536685,1.5072478204965591,1.0244783790409566,1.251189462840557,1.0030990274250509,1.2584654062986373,1.237893550693989,1.4001609367132186,156.3319073080405,156.3319073080405,greedy,1.4001609367132186,0.0,hard_fault_cluster
91,N556,control1,0.055076222866773605,2.1915663003921506,3.1072370290756224,0.32507553100585934,1.424518095254898,0.055076222866773605,0.2958429455757141,1.778156639635563,1.8320986509323118,0.002958429455757141,0.0319976806640625,0.06204914301633835,0.06204914301633835,0.9500960353016853,0.011664532124996185,0.06540307402610779,-0.005105569958686829,28967.3125,12047.8046875,16919.5078125,29259.83203125,12260.40625,16999.42578125,-0.010098262690007687,-0.01764649897813797,-0.004723421763628721,-1.0098262690007687,1.524345301091671,1.2344021163880825,1.2559262346476316,1.1779765449464321,1.5556418672204018,1.9630937845259906,0.9500960353016853,157.2820033433422,157.2820033433422,greedy,0.9500960353016853,0.0,hard_fault_cluster
92,N7889,control1,-0.3979842960834503,-0.29322413433343175,-2.0053487837314603,0.00010209966450929058,-0.19059568731673066,-0.3979842960834503,0.2673375606536865,-0.2022985728085041,-0.11599851390346884,0.0026733756065368654,0.03891563415527344,0.061472341418266296,0.061472341418266296,0.39542307440191504,0.006908252835273743,0.05313680320978165,-0.0069655925035476685,29258.80859375,12260.9931640625,16997.81640625,29412.99609375,12341.58203125,17071.4140625,-0.00526978075504303,-0.006572784390300512,-0.004329829942435026,-0.526978075504303,1.019635185599327,-0.779243512749672,0.7730277590453625,-0.8486045438051224,-0.4238668970763683,-0.853713038944261,0.39542307440191504,157.67742641774413,157.67742641774413,greedy,0.39542307440191504,0.0,hard_fault_cluster
93,N7888,control1,-0.5243626236915588,-0.20597130551934242,1.643893852829933,0.013251370340585706,-0.13388134858757259,-0.5243626236915588,0.24999643862247467,-0.15828233338892458,-0.07214808240532875,0.0024999643862247465,0.042222172021865845,0.06291668117046356,0.06291668117046356,0.4702219664305449,0.005870353430509567,0.04853343963623047,-0.007487200200557709,29413.013671875,12341.591796875,17071.421875,29469.87109375,12385.8525390625,17084.01953125,-0.0019330702489241958,-0.0035863074008375406,-0.0007379383314400911,-0.19330702489241958,0.899948462843895,-0.7401076924800872,0.6652636229991913,-0.8119705092906951,-0.37380488663911815,0.8723952871002258,0.4702219664305449,158.1476483841747,158.1476483841747,greedy,0.4702219664305449,0.0,hard_fault_cluster
94,N7870,control1,-0.6267290115356445,-0.2992939811944962,1.5936111390590666,-0.004947501420974748,-0.19454108777642254,-0.6267290115356445,0.23407332599163055,-0.2456643219292164,1.6531198441982267,0.0023407332599163057,0.04312121868133545,0.06522676348686218,0.06522676348686218,0.41941726490855213,0.004980597645044327,0.045125946402549744,-0.008030317723751068,29469.48828125,12385.3369140625,17084.150390625,29534.07421875,12432.0078125,17102.06640625,-0.002191620646044612,-0.003768238006159663,-0.0010486922692507505,-0.2191620646044612,0.7973598539829254,-0.8661315341293812,0.5728847868740559,-0.9439215560257435,-0.44490462094545363,1.5505888505093752,0.41941726490855213,158.56706564908325,158.56706564908325,greedy,0.41941726490855213,0.0,hard_fault_cluster
95,N3848,control0,-0.39383402466773987,0.9436551601439714,0.683344519138336,0.18953755475580691,0.6133758540935814,-0.39383402466773987,0.2472355216741562,0.8453437387943267,0.6745053946971893,0.002472355216741562,0.056181102991104126,0.05692627280950546,0.05692627280950546,0.5620556832849979,0.01070171594619751,0.06380461156368256,-0.008372239768505096,29534.78125,12433.037109375,17101.744140625,29322.14453125,12280.681640625,17041.462890625,0.007199536077678204,0.012254082597792149,0.003524859668686986,0.7199536077678204,1.3743333891034126,0.5757152166217565,1.1462120432406664,0.560866567119956,0.7614414863288402,0.6915885650614655,0.5620556832849979,159.12912133236824,159.12912133236824,greedy,0.5620556832849979,0.0,hard_fault_cluster
96,N507,control1,-0.3131503760814667,1.467697815299034,2.6809048414230343,0.21324919402599335,0.9540035799443722,-0.3131503760814667,0.24822254478931427,1.1194165632128714,2.4236225008964536,0.0024822254478931425,0.040292888879776,0.053385019302368164,0.053385019302368164,0.45765010803937906,0.011656101793050766,0.06324084103107452,-0.0074592530727386475,29319.748046875,12275.322265625,17044.42578125,29249.35546875,12256.6982421875,16992.65625,0.0024008587934076786,0.0015171922277659178,0.003037329064682126,0.24008587934076786,1.467217743396759,0.9727431164681911,1.2410120703279972,0.9472515808045864,1.137533052265644,2.6588450176268816,0.45765010803937906,159.58677144040763,159.58677144040763,greedy,0.45765010803937906,0.0,hard_fault_cluster
97,N513,control1,-0.2764277458190918,1.4669089723378421,2.6758669257164,0.21686913408339026,0.9534908320195974,-0.2764277458190918,0.2516690492630005,1.201106222718954,1.4084658026695251,0.0025166904926300047,0.02760341763496399,0.047187671065330505,0.047187671065330505,0.4046376550197601,0.012606706470251083,0.06481026113033295,-0.006804279983043671,29251.779296875,12258.388671875,16993.390625,29285.427734375,12291.931640625,16993.49609375,-0.0011503039859235287,-0.0027363277040421963,-6.20645732851699e-06,-0.11503039859235287,1.5595273673534393,0.9806160968542098,1.335384827107191,0.9552771073579788,1.1615341424942016,2.401056107878685,0.4046376550197601,159.9914090954274,159.9914090954274,greedy,0.4046376550197601,0.0,hard_fault_cluster
98,N4564,control0,-0.3382013440132141,0.8652265749499203,2.277017968893051,0.160311300419271,0.5623972737174482,-0.3382013440132141,0.25048160552978516,0.8076794911175966,2.281017142534256,0.0025048160552978514,0.03996512293815613,0.04548152536153793,0.04548152536153793,0.2806920143961906,0.012574806809425354,0.07235637307167053,-0.008123226463794708,29285.169921875,12295.626953125,16989.54296875,29252.06640625,12223.7236328125,17028.341796875,0.0011303849751129746,0.005847877357155085,-0.002283688634634018,0.11303849751129746,1.5534438118338585,0.6196114173531533,1.3314714636653662,0.597566502392292,0.7649547234177589,2.0722205702215435,0.2806920143961906,160.27210110982358,160.27210110982358,greedy,0.2806920143961906,0.0,hard_fault_cluster
99,N614,control1,-0.2747209370136261,2.048377059698105,2.9351722598075867,0.3747353708744049,1.3314450888037683,-0.2747209370136261,0.26038897037506104,1.8494803503155708,1.844494640827179,0.00260388970375061,0.033067137002944946,0.04601188749074936,0.04601188749074936,0.9834523180127144,0.01355808600783348,0.07092531025409698,-0.006574273109436035,29252.068359375,12223.001953125,17029.06640625,29271.890625,12255.6328125,17016.2578125,-0.0006776363588869572,-0.0026696273125708103,0.0007521606748923659,-0.06776363588869572,1.6622094586491585,1.395102966427803,1.4324088152498007,1.3861590868234632,1.635431857407093,2.5470606314390896,0.9834523180127144,161.2555534278363,161.2555534278363,greedy,0.9834523180127144,0.0,hard_fault_cluster
100,N7471,control0,-0.40926310420036316,0.8315482536703348,-1.3660883665084838,0.17414846129715444,0.5405063648857177,-0.40926310420036316,0.24662809073925018,0.7380789361894131,-1.3993581950664518,0.002466280907392502,0.041372060775756836,0.04364856332540512,0.04364856332540512,0.5884948605298996,0.011667359620332718,0.07709324359893799,-0.009774662554264069,29267.119140625,12251.490234375,17015.62890625,29247.263671875,12189.423828125,17057.83984375,0.0006784223951399326,0.0050660292617976665,-0.0024807157460600138,0.06784223951399326,1.457012616097927,0.5382287395000458,1.2393051255494356,0.5183167946338654,0.6496302947402,-1.6777403084188696,0.5884948605298996,161.8440482883662,161.8440482883662,greedy,0.5884948605298996,0.0,hard_fault_cluster
101,N634,control1,-0.3083593547344208,1.7879916958510877,2.70457227230072,0.397708310931921,1.162194602303207,-0.3083593547344208,0.2597590684890747,1.7066725485026835,1.6098128914833068,0.002597590684890747,0.03556704521179199,0.04559771716594696,0.04559771716594696,1.3597197706997395,0.012818578630685806,0.0761217325925827,-0.008018635213375092,29251.93359375,12193.5849609375,17058.34765625,29273.19921875,12237.9423828125,17035.255859375,-0.0007269818452186882,-0.0036377671640366316,0.001353694824501872,-0.07269818452186882,1.5872146487236023,1.4148821035027503,1.358197059482336,1.396104280054569,1.3931733287870884,2.3399359742179517,1.3597197706997395,163.20376805906594,163.20376805906594,greedy,1.3597197706997395,0.0,hard_fault_cluster
102,N4557,control0,-0.3465312719345093,1.2318624866008758,-1.1749193131923674,0.27248283863067624,0.8007106162905693,-0.3465312719345093,0.2558897137641907,1.0997406914830208,0.5597376592457294,0.0025588971376419066,0.041200846433639526,0.04536221921443939,0.04536221921443939,1.008066869676113,0.011913880705833435,0.08125075697898865,-0.009536638855934143,29272.421875,12238.3310546875,17034.08984375,29216.4921875,12168.8525390625,17047.640625,0.001910661463625729,0.005677123554050922,-0.0007955095497891307,0.1910661463625729,1.4926400035619736,0.8968997795879841,1.266701053828001,0.8861221273243427,0.9433150604367255,0.025737622007727445,1.008066869676113,164.21183492874204,164.21183492874204,greedy,1.008066869676113,0.0,hard_fault_cluster
103,N3841,control0,-0.3939552307128906,1.379643883854151,0.6137053191661834,0.3130812926590442,0.8967685245051982,-0.3939552307128906,0.2528573274612427,1.2292890802025793,0.6421007886344341,0.0025285732746124267,0.04129937291145325,0.0433456152677536,0.0433456152677536,1.216337268948555,0.01088893786072731,0.08341598510742188,-0.010698854923248291,29216.275390625,12168.732421875,17047.54296875,29202.48828125,12141.0537109375,17061.43359375,0.00047189826727844775,0.0022745763417333364,-0.0008148168562911451,0.047189826727844775,1.3850967288017273,1.1064874948561192,1.16294452175498,1.0416955770552159,1.0338001146912574,0.6263456130573263,1.216337268948555,165.4281721976906,165.4281721976906,greedy,1.216337268948555,0.0,hard_fault_cluster
104,N3827,control0,-0.42016687989234924,1.3166762506961822,0.5072601497173309,0.2805680704116821,0.8558395629525185,-0.42016687989234924,0.25261634588241577,1.1216108757257461,0.7148305833339691,0.0025261634588241576,0.044873833656311035,0.04111355543136597,0.04111355543136597,1.0236119574308395,0.010157059878110886,0.08497169613838196,-0.011518493294715881,29202.46875,12141.0439453125,17061.423828125,29199.970703125,12127.158203125,17072.8125,8.554232044843957e-05,0.0011437025386840105,-0.0006675100303255022,0.008554232044843957,1.3094358891248703,1.1858389359712602,1.089138463139534,1.1882698220014574,1.0076391279697419,0.6299577354205804,1.0236119574308395,166.45178415512143,166.45178415512143,greedy,1.0236119574308395,0.0,hard_fault_cluster
105,N7886,control1,-0.6993165016174316,0.008171447496861217,-0.11420620903372763,0.12627987714484332,0.005311440872959791,-0.6993165016174316,0.23150230944156647,0.015431616306304921,-0.06479070708155632,0.0023150230944156648,0.02650126814842224,0.041436828672885895,0.041436828672885895,1.0786026674695313,0.004648018628358841,0.06718230247497559,-0.012318260967731476,29199.533203125,12126.564453125,17072.96875,29470.173828125,12313.681640625,17156.4921875,-0.009268662892282009,-0.01543035451322794,-0.004892144817858934,-0.9268662892282009,0.7377410009503365,-0.26903465390205383,0.5330366473644972,-0.3034937381744385,-0.21705567501485346,-0.1380914141508191,1.0786026674695313,167.53038682259097,167.53038682259097,greedy,1.0786026674695313,0.0,hard_fault_cluster
106,N3180,control1,-0.6912544965744019,0.7267907365411521,1.8819532223045825,0.4742225480824709,0.4724139787517489,-0.6912544965744019,0.23296381533145905,0.9608079908974468,2.199081355333328,0.0023296381533145904,0.012944817543029785,0.04701489955186844,0.04701489955186844,2.8566587614826857,0.004602119326591492,0.06365969777107239,-0.011400468647480011,29471.73828125,12314.44140625,17157.296875,29531.931640625,12350.109375,17181.822265625,-0.002042409498244524,-0.002896434161812067,-0.0014294437132775784,-0.2042409498244524,0.7401906475424767,0.15547688182443375,0.530206611379981,0.11565954860299821,0.20622329488396646,2.234045141674578,2.8566587614826857,170.38704558407366,170.38704558407366,greedy,2.8566587614826857,0.0,hard_fault_cluster
107,N7887,control1,-0.7736396789550781,0.22940098240971563,1.6453986436128614,0.35020227119326586,0.14911063856631515,-0.7736396789550781,0.22456444799900055,0.4198658133298158,1.8969978392124174,0.0022456444799900054,0.006440520286560059,0.042774952948093414,0.042774952948093414,2.46623790808022,0.003461286425590515,0.057611480355262756,-0.011244155466556549,29530.166015625,12349.30078125,17180.865234375,29669.8125,12449.4501953125,17220.36328125,-0.004728943575173616,-0.008109723217785358,-0.002298955572769046,-0.47289435751736164,0.6134680435061455,-0.3265016736090184,0.412963492795825,-0.3677074374258519,-0.21600963473320006,1.9595937374234196,2.46623790808022,172.85328349215388,172.85328349215388,greedy,2.46623790808022,0.0,hard_fault_cluster
108,N7885,control1,-0.8871147036552429,0.29260322648682624,-0.15095241665840145,0.620135444611078,0.19019209721643707,-0.8871147036552429,0.20961199700832367,0.5241497934795916,0.1978032750543207,0.002096119970083237,0.0008065700531005859,0.03989449888467789,0.03989449888467789,4.517037904470927,0.001809448003768921,0.050889767706394196,-0.011639520525932312,29669.818359375,12449.451171875,17220.3671875,29773.73828125,12517.7705078125,17255.96875,-0.003502546576783061,-0.0054877386428415775,-0.0020674101542681456,-0.3502546576783061,0.43045129626989365,-0.4513035029172898,0.24332142435014248,-0.49124469459056863,-0.4847877332242206,-0.1085492344584782,4.517037904470927,177.3703213966248,177.3703213966248,greedy,4.517037904470927,0.0,hard_fault_cluster
109,N610,control1,-0.5037918090820312,2.0188480871915817,1.2811600685119628,0.5593286687135696,1.3122512566745281,-0.5037918090820312,0.23934562504291534,1.8746243828535079,1.5739281892776487,0.0023934562504291535,0.004233062267303467,0.03543710708618164,0.03543710708618164,2.5741834664344787,0.011531922966241837,0.067589670419693,-0.008146777749061584,29774.150390625,12517.673828125,17256.4765625,29561.484375,12419.2353515625,17142.248046875,0.0071426392532885075,0.007863959297537804,0.006619457621127367,0.7142639253288507,1.4279750287532806,1.2772163861989974,1.221887979656458,1.2536406034231184,1.3673164546489716,1.4452921050041914,2.5741834664344787,179.94450486305928,179.94450486305928,greedy,2.5741834664344787,0.0,hard_fault_cluster
110,N620,control1,-0.40567725896835327,1.7002912133932115,2.2497615337371824,0.4866251856088638,1.1051892887055876,-0.40567725896835327,0.24828381836414337,1.749606168270111,1.5151145339012144,0.002482838183641434,0.003284931182861328,0.04074981063604355,0.04074981063604355,2.0912527400255203,0.0131029412150383,0.0707581490278244,-0.007226228713989258,29561.064453125,12418.98828125,17142.076171875,29520.515625,12397.59765625,17122.91796875,0.0013716971734538674,0.001722412882372737,0.001117612817324698,0.13716971734538674,1.5993277505040169,1.1265837752819061,1.3825525287538767,1.0970675551891327,1.2033552408218384,1.9941311296448112,2.0912527400255203,182.0357576030848,182.0357576030848,greedy,2.0912527400255203,0.0,hard_fault_cluster
111,N3410,control1,-0.685555636882782,0.16645431488752366,1.7246983401477336,0.21313297808170317,0.10819530467689038,-0.685555636882782,0.22814224660396576,0.35343375237658614,0.40088241696357724,0.002281422466039658,-0.0074310302734375,0.04981648176908493,0.04981648176908493,1.4714109858684243,0.007161736488342285,0.05997080355882645,-0.00875149667263031,29520.810546875,12398.193359375,17122.6171875,29696.01171875,12455.12890625,17240.8828125,-0.0059348358772695065,-0.004592245444655418,-0.0069069829769432545,-0.5934835877269506,0.9941323772072792,-0.36964767530560494,0.7856633309274912,-0.42019670560956,-0.13120973147451878,1.1219882907532155,1.4714109858684243,183.50716858895322,183.50716858895322,greedy,1.4714109858684243,0.0,hard_fault_cluster
112,N638,control1,-0.3175511956214905,1.927083837389946,2.6950654506683347,0.4676222306489945,1.2526044943034649,-0.3175511956214905,0.2644551992416382,1.784612588584423,1.4710893988609315,0.002644551992416382,0.009416133165359497,0.057842448353767395,0.057842448353767395,1.9501817591488362,0.01364896446466446,0.06899689137935638,-0.004319421947002411,29695.1640625,12454.36328125,17240.80078125,29588.34765625,12415.2099609375,17173.13671875,0.0035970977041870356,0.003143743146210909,0.003924647346138954,0.35970977041870356,1.6871940940618515,1.0601407085359096,1.4454708583652973,1.0601406489312648,1.3690641060471536,2.203778721131384,1.9501817591488362,185.45735034810207,185.45735034810207,greedy,1.9501817591488362,0.0,hard_fault_cluster
113,N4585,control0,-0.34267285466194153,1.0570873784273862,0.5339452564716338,0.23582766734063623,0.6871067959778011,-0.34267285466194153,0.25564658641815186,0.9259435703977943,0.6818392395973205,0.0025564658641815184,0.020602405071258545,0.05982905626296997,0.05982905626296997,0.8955710809677839,0.013581082224845886,0.07516245543956757,-0.005172856152057648,29588.015625,12415.82421875,17172.19140625,29452.720703125,12300.126953125,17152.59375,0.004572625737637281,0.009318532422184944,0.0011412437306717038,0.45726257376372814,1.6735838651657104,0.4994751195982099,1.436977133154869,0.47054332304745916,0.8041873063892127,0.6062159498594701,0.8955710809677839,186.35292142906985,186.35292142906985,greedy,0.8955710809677839,0.0,hard_fault_cluster
114,N3903,control0,-0.37176504731178284,1.1345140658318997,0.5806068301200866,0.24692154452204704,0.7374341427907348,-0.37176504731178284,0.24982275068759918,0.9440612254291773,0.680182385444641,0.0024982275068759917,0.02597030997276306,0.060149796307086945,0.060149796307086945,1.000810438916087,0.013340413570404053,0.07877019047737122,-0.005830064415931702,29452.521484375,12300.013671875,17152.5078125,29375.421875,12237.0048828125,17138.41796875,0.0026177591644227505,0.00512266019359231,0.0008214451372623444,0.26177591644227505,1.6440139040350914,0.6498262221366167,1.4115344937890768,0.6302667195349931,0.818977152556181,0.5854677939260728,1.000810438916087,187.35373186798594,187.35373186798594,greedy,1.000810438916087,0.0,hard_fault_cluster
115,N3756,control0,-0.3970760107040405,1.1325163240730762,0.5843261241912842,0.24260719552636145,0.7361356106474995,-0.3970760107040405,0.2471664398908615,0.9397574149817228,0.7146585643291473,0.002471664398908615,0.029816001653671265,0.0606861487030983,0.0606861487030983,0.9648137814551592,0.012762036174535751,0.08097510039806366,-0.006513029336929321,29375.546875,12237.0859375,17138.4609375,29325.1015625,12195.3359375,17129.765625,0.0017172552179545164,0.003411760088056326,0.0005073566571809351,0.17172552179545164,1.584056206047535,0.7067655018717051,1.353166764602065,0.6934122435003519,0.8263147406280041,0.6048054367676378,0.9648137814551592,188.3185456494411,188.3185456494411,greedy,0.9648137814551592,0.0,hard_fault_cluster
116,N510,control1,-0.39967218041419983,1.4172869546711444,1.1233548402786255,0.26910378828644754,0.9212365205362439,-0.39967218041419983,0.2469840794801712,1.1802613236010073,1.1376154005527495,0.002469840794801712,0.012348830699920654,0.05978751927614212,0.05978751927614212,1.0124372421205043,0.011990036815404892,0.07131585478782654,-0.005578935146331787,29324.423828125,12192.201171875,17132.22265625,29385.56640625,12267.9765625,17117.58984375,-0.0020850393921136856,-0.006215070374310017,0.0008541105780750513,-0.20850393921136856,1.5057752802968025,0.7680520945042372,1.2756965812295675,0.7368789248913526,1.0119529075920581,1.1239777979627252,1.0124372421205043,189.3309828915616,189.3309828915616,greedy,1.0124372421205043,0.0,hard_fault_cluster
117,N3820,control0,-0.3622271418571472,1.3289916226267815,0.3707869291305542,0.30290657609701155,0.863844554707408,-0.3622271418571472,0.25005125999450684,1.0472929345071316,0.704477196931839,0.0025005125999450683,0.027147144079208374,0.062397487461566925,0.062397487461566925,1.3401065869629383,0.013006322085857391,0.07870948314666748,-0.005555562674999237,29385.796875,12270.904296875,17114.892578125,29306.69140625,12197.291015625,17109.400390625,0.002691962756216526,0.005999010521918535,0.000320901075610891,0.2691962756216526,1.613080956041813,0.9120622958242893,1.3787443954497576,0.9026507224142551,0.9088638052344322,0.28294015280902385,1.3401065869629383,190.67108947852455,190.67108947852455,greedy,1.3401065869629383,0.0,hard_fault_cluster
118,N3813,control0,-0.41455233097076416,1.7941949325799942,-0.15936119556426998,0.6154854530096053,1.1662267061769962,-0.41455233097076416,0.24516482651233673,2.4542440980672833,1.730915254354477,0.002451648265123367,0.029337167739868164,0.05846681445837021,0.05846681445837021,2.1428549620509147,0.012925434857606888,0.08197540044784546,-0.006793379783630371,29306.671875,12197.2822265625,17109.390625,29269.439453125,12160.77734375,17108.662109375,0.0012704418040812016,0.0029928702861070633,4.257986802258529e-05,0.12704418040812016,1.5961751267313957,1.1386365273594856,1.3684513960033655,1.0875082591176033,1.4892870634794235,0.4869952278584242,2.1428549620509147,192.81394444057545,192.81394444057545,greedy,2.1428549620509147,0.0,hard_fault_cluster
119,N1372,observe,-0.371289998292923,2.1205399760603907,2.6841857075691222,0.666880306303501,1.378350984439254,-0.371289998292923,0.25079405307769775,2.691324087977409,3.460488939285278,0.0025079405307769777,0.027512699365615845,0.05433858931064606,0.05433858931064606,2.3619036692380906,0.013699032366275787,0.07952581346035004,-0.006252601742744446,29270.068359375,12161.310546875,17108.7578125,29322.421875,12213.6455078125,17108.77734375,-0.0017886365531012416,-0.004303398076444864,-1.1415936569392215e-06,-0.17886365531012416,1.6750358790159225,1.4285881492495536,1.4461863972246647,1.4195791456103324,1.7000223070383071,3.205014499574899,2.3619036692380906,195.17584810981356,195.17584810981356,greedy,2.3619036692380906,0.0,hard_fault_cluster
120,N3799,control0,-0.41569745540618896,1.5114004433155062,0.002449965476989724,0.4434769809246063,0.982410288155079,-0.41569745540618896,0.24535153806209564,1.7319961577653884,2.805634915828705,0.0024535153806209565,0.03263300657272339,0.05664736032485962,0.05664736032485962,1.6301666840910911,0.013047084212303162,0.08243890106678009,-0.006890378892421722,29321.705078125,12213.064453125,17108.640625,29268.478515625,12160.328125,17108.150390625,0.0018152615521103144,0.004318025894463062,2.865419810405001e-05,0.18152615521103144,1.6067073196172714,1.1968141770362855,1.380208145827055,1.1122466897964478,1.1997688174247743,1.113694679290056,1.6301666840910911,196.80601479390464,196.80601479390464,greedy,1.6301666840910911,0.0,hard_fault_cluster
121,N3792,control0,-0.4757758677005768,1.2659369285404682,-1.2271337926387784,0.348099602907896,0.8228590035513044,-0.4757758677005768,0.23864315450191498,1.4364629551768302,2.647635471820831,0.0023864315450191497,0.031877756118774414,0.049989961087703705,0.049989961087703705,1.1209236288070679,0.013394050300121307,0.08765234053134918,-0.008422255516052246,29268.4609375,12160.318359375,17108.142578125,29237.47265625,12132.6435546875,17104.828125,0.0010587602155283093,0.0022758289705961943,0.00019373540999367833,0.10587602155283093,1.6280381456017494,1.1996522277593613,1.4115633089095354,1.1396825402975084,1.0696462526917456,0.06527006424963444,1.1209236288070679,197.92693842271171,197.92693842271171,greedy,1.1209236288070679,0.0,hard_fault_cluster
122,N7883,control1,-0.710696816444397,0.21425468921661378,-0.03634478524327278,0.20702563077211378,0.13926554799079896,-0.710696816444397,0.21932365000247955,0.5905187202617526,0.36072227375407234,0.0021932365000247953,0.01705726981163025,0.05140905827283859,0.05140905827283859,1.073947135489434,0.007411245256662369,0.06976671516895294,-0.00944308191537857,29237.03125,12132.046875,17104.984375,29488.39453125,12307.6298828125,17180.765625,-0.008597427979111671,-0.014472661539912224,-0.004430360626429319,-0.8597427979111671,1.011857233941555,-0.25000528544187545,0.8088077027350664,-0.2842500016093254,0.060844187065958955,0.010064394647507684,1.073947135489434,199.00088555820116,199.00088555820116,greedy,1.073947135489434,0.0,hard_fault_cluster
123,N7877,control1,-0.4324248135089874,2.2408990383148195,1.0497198760509492,0.8596361637115478,1.4565843749046328,-0.4324248135089874,0.23719196021556854,2.7872717678546906,3.2798718214035034,0.0023719196021556852,0.009774386882781982,0.053594693541526794,0.053594693541526794,3.891519650816918,0.01375267282128334,0.07532276213169098,-0.006285473704338074,29488.8125,12308.087890625,17180.724609375,29361.0078125,12266.9228515625,17094.0859375,0.004334005992859602,0.003344551892951131,0.005042783450335264,0.4334005992859602,1.6660539358854294,1.598736058473587,1.4479639455676079,1.607754122018814,1.5603787302970886,2.0377896039187906,3.891519650816918,202.89240520901808,202.89240520901808,greedy,3.891519650816918,0.0,hard_fault_cluster
124,N7879,control1,-0.29564395546913147,1.7725869396328926,1.4765474438667296,0.49679745405912396,1.1521815107613802,-0.29564395546913147,0.2530609965324402,1.759895433485508,1.4190969109535216,0.0025306099653244016,0.014603286981582642,0.06483745574951172,0.06483745574951172,2.209503555446863,0.014895763248205185,0.06961342692375183,-0.003277987241744995,29361.013671875,12266.919921875,17094.09375,29363.64453125,12280.39453125,17083.25,-8.96038327482529e-05,-0.0010984508553519845,0.0006343565182760358,-0.00896038327482529,1.8074747771024704,1.1460353754460813,1.5690509378910065,1.1264651440083981,1.2144821420311929,1.4587108147144319,2.209503555446863,205.10190876446495,205.10190876446495,greedy,2.209503555446863,0.0,hard_fault_cluster
125,N645,control1,-0.23402850329875946,1.9494170909374953,2.110060930252075,0.4897868186980485,1.267121109109372,-0.23402850329875946,0.2639927268028259,2.0166915286332365,1.7293274402618406,0.002639927268028259,0.017907291650772095,0.06942940503358841,0.06942940503358841,1.8696753396466372,0.01569191738963127,0.07011356949806213,-0.0023714229464530945,29364.470703125,12280.248046875,17084.22265625,29393.162109375,12306.154296875,17087.0078125,-0.0009770789183676243,-0.0021095869597047567,-0.00016302504809573293,-0.09770789183676243,1.9026138707995415,1.0500042516365646,1.6525472719222307,1.0031765181198715,1.4236156087368728,1.9263473604433239,1.8696753396466372,206.9715841041116,206.9715841041116,greedy,1.8696753396466372,0.0,hard_fault_cluster
126,N8021,control0,-0.28755301237106323,1.420312015414238,0.29811551570892336,0.5443485862016677,0.9232028100192546,-0.28755301237106323,0.25607216358184814,1.8245279505848884,1.1974839568138123,0.0025607216358184814,0.028215855360031128,0.0711357370018959,0.0711357370018959,2.251428550332785,0.015312470495700836,0.07429344952106476,-0.0031602084636688232,29391.9375,12306.0849609375,17085.8515625,29298.08203125,12212.921875,17085.16015625,0.003193238517269492,0.007570489309728146,4.046659523737617e-05,0.3193238517269492,1.8584549501538277,1.5375401471555232,1.6130490247160196,1.5329588149487972,1.15588236451149,0.6623019123822451,2.251428550332785,209.22301265444437,209.22301265444437,greedy,2.251428550332785,0.0,hard_fault_cluster
127,N8015,control0,-0.3388839364051819,1.2546653446555136,-0.1925763487815857,0.3940131297707557,0.8155324740260839,-0.3388839364051819,0.2508782148361206,1.4335529446601867,1.001342087984085,0.002508782148361206,0.03167366981506348,0.07117508351802826,0.07117508351802826,1.5942253258824348,0.01481948047876358,0.077684685587883,-0.004200316965579987,29298.1171875,12212.921875,17085.1953125,29252.55859375,12166.962890625,17085.595703125,0.0015550007810816169,0.003763144137337804,-2.3434946342604235e-05,0.1555000781081617,1.804001346230507,0.7818554809689522,1.5624613724648952,0.7726845017075539,0.946779415011406,0.28066859655082227,1.5942253258824348,210.8172379803268,210.8172379803268,greedy,1.5942253258824348,0.0,hard_fault_cluster
128,N8013,control0,-0.38861581683158875,1.1091365712881087,-0.48187532424926754,0.32990944921970367,0.7209387713372707,-0.38861581683158875,0.2468075305223465,1.3732318729162216,1.0451530337333679,0.002468075305223465,0.032256752252578735,0.06899773329496384,0.06899773329496384,1.052068026661873,0.014390543103218079,0.08154971897602081,-0.005571834743022919,29252.544921875,12166.955078125,17085.58984375,29227.46484375,12140.515625,17086.94921875,0.0008573639788664877,0.002173054264858365,-7.956266199471429e-05,0.08573639788664877,1.7548595741391182,0.8017848891019821,1.5180056262761354,0.8109371823072433,0.9498263180255889,0.16935277901589862,1.052068026661873,211.8693060069887,211.8693060069887,greedy,1.052068026661873,0.0,hard_fault_cluster
129,N8011,control0,-0.4091053903102875,1.3851768271625042,-0.4464527547359467,0.36876955822110175,0.9003649376556278,-0.4091053903102875,0.24704839289188385,1.53082717359066,1.1133987963199614,0.0024704839289188384,0.03546908497810364,0.06828916072845459,0.06828916072845459,1.2632002978026866,0.01398264616727829,0.08365663886070251,-0.006252259016036987,29227.392578125,12140.494140625,17086.8984375,29213.37890625,12124.1669921875,17089.2109375,0.00047947047278285027,0.0013448504032567143,-0.00013533761375583708,0.04794704727828503,1.7136021703481674,0.9093697553873061,1.4770990051329136,0.8974737411737441,1.114957869052887,0.22175127692520613,1.2632002978026866,213.13250630479138,213.13250630479138,greedy,1.2632002978026866,0.0,hard_fault_cluster
130,N8009,control0,-0.4212617576122284,1.5717810487747192,-0.5501860141754151,0.3919099378585815,1.0216576817035676,-0.4212617576122284,0.24818505346775055,1.6943095520138742,1.2285246670246124,0.0024818505346775057,0.03864529728889465,0.06726764887571335,0.06726764887571335,1.2757953920960425,0.013662382960319519,0.08554947376251221,-0.006838910281658173,29213.357421875,12124.154296875,17089.203125,29207.548828125,12114.466796875,17093.08203125,0.0001988334843190387,0.0007990248268470168,-0.00022697994427289814,0.01988334843190387,1.6816909983754158,0.9235037641227246,1.4451014716178179,0.9013901428878308,1.2588315084576607,0.21980018511414523,1.2757953920960425,214.4083016968874,214.4083016968874,greedy,1.2757953920960425,0.0,hard_fault_cluster
131,N8005,control0,-0.48389357328414917,1.2927832655608653,-1.1850469231605527,0.32221689894795413,0.8403091226145625,-0.48389357328414917,0.24318014085292816,1.411210411787033,1.0583758115768434,0.0024318014085292815,0.0368044376373291,0.05987147241830826,0.05987147241830826,0.9598594108223915,0.013629700988531113,0.09193527698516846,-0.008906088769435883,29207.5078125,12114.4365234375,17093.072265625,29209.3046875,12110.6220703125,17098.681640625,-6.152099376777187e-05,0.00031486840452998877,-0.00032816658494994044,-0.006152099376777187,1.6660217121243477,0.8974143429100513,1.4387330021709204,0.8951703472435474,1.0768948212265967,-0.1303746113926172,0.9598594108223915,215.3681611077098,215.3681611077098,greedy,0.9598594108223915,0.0,hard_fault_cluster
132,N8019,control0,-0.48989519476890564,1.4138652807474137,-1.162975865602493,0.3918684023618698,0.9190124324858189,-0.48989519476890564,0.24532778561115265,1.544825619459152,2.6810003042221067,0.0024532778561115265,0.03980743885040283,0.05882285535335541,0.05882285535335541,1.410592657625675,0.013229340314865112,0.09303520619869232,-0.009245477616786957,29209.36328125,12110.646484375,17098.716796875,29212.373046875,12108.373046875,17104.0,-0.00010304112220183015,0.0001877222239272669,-0.00030898244585841894,-0.010304112220183015,1.6270846724510193,1.2183638195693494,1.3989716917276382,1.1835528592765332,1.1367699548602104,0.10890047065913655,1.410592657625675,216.77875376533547,216.77875376533547,greedy,1.410592657625675,0.0,hard_fault_cluster
133,N8046,control0,-0.4980117380619049,1.4310663643479347,-1.17672780752182,0.4205269584059715,0.9301931368261576,-0.4980117380619049,0.2474038451910019,1.5986183166503907,2.702883732318878,0.002474038451910019,0.042445093393325806,0.05790385603904724,0.05790385603904724,1.3241949912905693,0.012834236025810242,0.09396851062774658,-0.009579546749591827,29212.26171875,12108.3125,17103.94921875,29223.98046875,12111.8671875,17112.11328125,-0.00040115861338563263,-0.0002935741504188627,-0.00047732031089253724,-0.04011586133856326,1.5887313038110733,1.0843251213431357,1.3597505278885365,1.0520460471510886,1.1206621378660202,0.09843038961291295,1.3241949912905693,218.10294875662603,218.10294875662603,greedy,1.3241949912905693,0.0,hard_fault_cluster
134,N3785,control0,-0.5043897032737732,1.435674397647381,-1.1903367638587952,0.4392320469021797,0.9331883584707976,-0.5043897032737732,0.24913246929645538,1.6370234608650207,2.7217192769050595,0.002491324692964554,0.044877588748931885,0.05697014927864075,0.05697014927864075,1.2826243725419044,0.012605741620063782,0.0949573963880539,-0.009839653968811035,29223.9765625,12112.11328125,17111.86328125,29233.478515625,12114.689453125,17118.7890625,-0.0003251423768233508,-0.00021269383432809263,-0.00040473564877174795,-0.03251423768233508,1.5666767805814743,0.9902480009198189,1.3370998166501522,0.9624486926198006,1.1107290476560594,0.09197388097643844,1.2826243725419044,219.38557312916794,219.38557312916794,greedy,1.2826243725419044,0.0,hard_fault_cluster
135,N8017,control0,-0.5138474106788635,1.3843522527813912,-1.210913252830505,0.4221775886416435,0.8998289643079043,-0.5138474106788635,0.2502102851867676,1.6084236934781073,2.7221932530403135,0.0025021028518676758,0.04727989435195923,0.05591357499361038,0.05591357499361038,1.250839439332485,0.012543100863695145,0.0959336906671524,-0.010040707886219025,29233.40625,12114.4423828125,17118.962890625,29243.703125,12117.73046875,17125.97265625,-0.0003522297483868897,-0.00027141868486069143,-0.00040947372326627374,-0.03522297483868897,1.5604339465498924,0.9769752372801304,1.330841051414609,0.973672007471323,1.0972221627831458,0.08319440580904458,1.250839439332485,220.63641256850042,220.63641256850042,greedy,1.250839439332485,0.0,hard_fault_cluster
136,N8027,control0,-0.5249584913253784,1.3022108268737793,-1.2353931188583371,0.3854896640777587,0.8464370374679566,-0.5249584913253784,0.2508315443992615,1.434678204357624,2.593341338634491,0.002508315443992615,0.04963475465774536,0.055289700627326965,0.055289700627326965,1.1896306847035885,0.012591972947120667,0.09703598916530609,-0.010179899632930756,29243.671875,12117.7158203125,17125.95703125,29256.7890625,12123.2548828125,17133.53515625,-0.00044854788575321436,-0.00045710449921898544,-0.0004424935323186219,-0.044854788575321436,1.565318539738655,0.9759029050171375,1.3357276059687138,0.9716589947044849,1.0127227768301963,0.028269804939627385,1.1896306847035885,221.826043253204,221.826043253204,greedy,1.1896306847035885,0.0,hard_fault_cluster
137,N8036,control0,-0.5361002683639526,1.2370521020889282,-1.2587620615959167,0.36077614784240725,0.8040838663578034,-0.5361002683639526,0.2509133815765381,1.3663323670625687,2.5528979897499084,0.002509133815765381,0.05201306939125061,0.055063411593437195,0.055063411593437195,1.1851287052035333,0.012805216014385223,0.09829075634479523,-0.010220736265182495,29256.865234375,12123.298828125,17133.56640625,29269.205078125,12128.693359375,17140.51171875,-0.00042177599971182644,-0.0004449722182471305,-0.00040536292362958193,-0.042177599971182644,1.5864983946084976,1.3190182757377626,1.3570157997310162,1.3622112822532655,1.032912117242813,0.04139287620782828,1.1851287052035333,223.01117195840754,223.01117195840754,greedy,1.1851287052035333,0.0,hard_fault_cluster
138,N8003,control0,-0.5121825337409973,1.2798617134988308,-1.2019800961017606,0.33098143950104714,0.8319101137742401,-0.5121825337409973,0.25638020038604736,1.3336226224899292,2.559791004657745,0.0025638020038604736,0.05680447816848755,0.05550801008939743,0.05550801008939743,0.9395316836237907,0.01244613528251648,0.09658214449882507,-0.009627625346183777,29269.177734375,12128.66015625,17140.517578125,29281.173828125,12134.2109375,17146.962890625,-0.0004098541394341737,-0.00045765822869725525,-0.00037602789234369993,-0.04098541394341737,1.5565017387270927,0.8969574397802352,1.3225855808705091,0.8940290039777755,1.0142792493104935,0.029281512051820613,0.9395316836237907,223.95070364203133,223.95070364203133,greedy,0.9395316836237907,0.0,hard_fault_cluster
139,N8038,control0,-0.5064566135406494,1.1781412002444267,-1.2543868362903594,0.3100951960682869,0.7657917801588774,-0.5064566135406494,0.2588239312171936,1.228349542617798,2.490113341808319,0.002588239312171936,0.0605015754699707,0.05581217259168625,0.05581217259168625,0.9206412529945374,0.012471415102481842,0.09653805196285248,-0.009305603802204132,29281.189453125,12134.216796875,17146.97265625,29293.916015625,12140.474609375,17153.44140625,-0.00043463270412757993,-0.0005157162086106837,-0.0003772531927097589,-0.04346327041275799,1.561777614057064,0.8863906435668468,1.3258005362004042,0.8860508374869823,0.9376551672816278,-0.02052414126694213,0.9206412529945374,224.87134489502586,224.87134489502586,greedy,0.9206412529945374,0.0,hard_fault_cluster
140,N7694,control0,-0.5300230979919434,0.9813383889198304,-1.3686526358127593,0.28398834228515624,0.6378699527978897,-0.5300230979919434,0.2406630963087082,0.8989601604640484,2.22233510017395,0.0024066309630870818,0.06265562772750854,0.05772487819194794,0.05772487819194794,1.0298951156437397,0.014846287667751312,0.09698545932769775,-0.00787423551082611,29293.263671875,12139.970703125,17153.29296875,29305.048828125,12145.560546875,17159.48828125,-0.0004023162473458797,-0.00046044951886869967,-0.00036117335548624396,-0.04023162473458797,1.7830167412757874,1.6100848627090456,1.5592257604002953,1.3218356919288636,0.7727659761905671,-0.09825785011053101,1.0298951156437397,225.9012400106696,225.9012400106696,greedy,1.0298951156437397,0.0,hard_fault_cluster
141,N8025,control0,-0.541246771812439,0.9867888413369656,-1.3274847209453582,0.2424854554235935,0.6414127468690277,-0.541246771812439,0.23992307484149933,0.858053632825613,2.2255233824253082,0.002399230748414993,0.06366553902626038,0.05705612897872925,0.05705612897872925,0.8986181190609932,0.015085458755493164,0.09845516085624695,-0.00800207257270813,29305.65234375,12146.03515625,17159.6171875,29317.53515625,12151.7255859375,17165.80859375,-0.0004054785240441561,-0.0004685010062530637,-0.00036081261350773275,-0.04054785240441561,1.805525079369545,0.8918736052513123,1.5827906765043736,0.849079796075821,0.7220269918441772,0.0409364575147626,0.8986181190609932,226.79985812973058,226.79985812973058,greedy,0.8986181190609932,0.0,hard_fault_cluster
142,N8023,control0,-0.5519920587539673,0.9553653392195701,-1.3444067120552061,0.23684716612100595,0.6209874704927206,-0.5519920587539673,0.2389286905527115,0.8428669762611389,2.219616955518722,0.0023892869055271147,0.06460729241371155,0.05680115520954132,0.05680115520954132,0.8949929648637771,0.015300370752811432,0.09958729147911072,-0.008079811930656433,29317.515625,12151.7177734375,17165.796875,29328.927734375,12157.509765625,17171.41796875,-0.0003892590757459402,-0.00047663977602496743,-0.0003274589544162154,-0.03892590757459402,1.825766921043396,0.9020157879590988,1.6039695367217064,0.8729222959280014,0.7130275696516037,0.03652754217386228,0.8949929648637771,227.69485109459436,227.69485109459436,greedy,0.8949929648637771,0.0,hard_fault_cluster
143,N7445,control0,-0.5610365867614746,0.9389144125580788,-1.3622261285781858,0.24385135263204574,0.6102943681627513,-0.5610365867614746,0.23812194168567657,0.9085798695683479,2.2721435248851773,0.0023812194168567656,0.06559288501739502,0.05659288913011551,0.05659288913011551,0.8999913229048252,0.015486963093280792,0.10056833922863007,-0.008129902184009552,29328.80859375,12157.5859375,17171.22265625,29336.619140625,12160.837890625,17175.78125,-0.000266309711150825,-0.0002674834686331451,-0.00026547868037596345,-0.026630971115082502,1.8434111401438713,0.9265242171287537,1.6223750170320272,0.8463266503810882,0.7261399865150452,0.0437785181403158,0.8999913229048252,228.5948424174992,228.5948424174992,greedy,0.8999913229048252,0.0,hard_fault_cluster
144,N616,control1,-0.4799834191799164,1.325695386528969,0.9086203157901763,0.2928149253129959,0.8617020012438298,-0.4799834191799164,0.2580539584159851,1.1663613446056842,0.9200262546539306,0.002580539584159851,0.05847296118736267,0.062188901007175446,0.062188901007175446,1.233771993741393,0.015078321099281311,0.0972890704870224,-0.007990725338459015,29337.951171875,12160.732421875,17177.21875,29437.9296875,12257.1279296875,17180.80078125,-0.0034078219905495644,-0.007926784455776215,-0.00020853383466601372,-0.34078219905495644,1.8280749693512917,0.923185679987073,1.5878928247839212,0.6520445979386569,0.910352798551321,1.1458478197082878,1.233771993741393,229.82861441124058,229.82861441124058,greedy,1.233771993741393,0.0,hard_fault_cluster
145,N636,control1,-0.3410375118255615,1.8354930449835956,1.4115542769432068,0.3206280479393899,1.1930704792393372,-0.3410375118255615,0.28126955032348633,1.3969197093509136,1.1755265593528748,0.002812695503234863,0.05585095286369324,0.06801177561283112,0.06801177561283112,1.4101159726735204,0.013681799173355103,0.09192118048667908,-0.0071107447147369385,29437.677734375,12257.1484375,17180.529296875,29526.7421875,12331.55859375,17195.18359375,-0.003025525715202093,-0.006070755887776613,-0.0008529595797881484,-0.3025525715202093,1.7174612432718277,0.9355691158305854,1.4555002488195896,0.49371240372769537,1.1576544978655874,1.286946939625777,1.4101159726735204,231.2387303839141,231.2387303839141,greedy,1.4101159726735204,0.0,hard_fault_cluster
146,N7442,control0,-0.3662731647491455,1.2521355733275414,-1.170713526010513,0.2819427952170372,0.813888122662902,-0.3662731647491455,0.27710074186325073,1.2051739275455473,2.486743438243866,0.0027710074186325074,0.06086951494216919,0.06880082935094833,0.06880082935094833,0.9294663166999817,0.013333093374967575,0.09522080421447754,-0.007535234093666077,29525.138671875,12331.5390625,17193.599609375,29441.25,12248.859375,17192.390625,0.002841262612491846,0.006704733707010746,7.031595305306837e-05,0.2841262612491846,1.6792109087109566,0.9816140757501125,1.4197847303003073,0.9372410999238491,0.9973766073584556,0.09564329825341678,0.9294663166999817,232.16819670061406,232.16819670061406,greedy,0.9294663166999817,0.0,hard_fault_cluster
147,N7696,control0,-0.41560372710227966,1.2579417730128626,-1.139929151535034,0.2604504340823041,0.8176621524583607,-0.41560372710227966,0.2631760835647583,1.1579534317628712,2.478904557228088,0.002631760835647583,0.06323128938674927,0.06973011046648026,0.06973011046648026,0.901795058582793,0.01378580555319786,0.09595657885074615,-0.007334418594837189,29440.65234375,12248.1875,17192.46484375,29413.58203125,12221.046875,17192.53515625,0.0009194875019602478,0.002215889049693942,-4.089727553946432e-06,0.09194875019602478,1.7114867493510246,1.042148963714717,1.4618071038275957,0.31610672183713173,0.9315738124278141,0.20851400777275536,0.901795058582793,233.06999175919685,233.06999175919685,greedy,0.901795058582793,0.0,hard_fault_cluster
148,N7882,control1,-0.6639769077301025,0.20476600885391227,-0.07638019569567404,0.24422521173954,0.133097905755043,-0.6639769077301025,0.2542520761489868,1.2258851122111083,1.2921400606632232,0.002542520761489868,0.051399946212768555,0.07112722843885422,0.07112722843885422,1.8892496703192594,0.0066800229251384735,0.0770011693239212,-0.00894397497177124,29413.732421875,12221.228515625,17192.50390625,29688.443359375,12412.759765625,17275.68359375,-0.009339546784758568,-0.01567201316356659,-0.0048381369560956955,-0.9339546784758568,0.9933815971016884,-2.492401544749737,0.7493471186608076,-2.3825437471270563,0.10052861198782921,0.11915076823264825,1.8892496703192594,234.9592414295161,234.9592414295161,greedy,1.8892496703192594,0.0,hard_fault_cluster
149,N3295,control1,-0.6328251957893372,0.5501325690746308,0.23270127177238464,0.27181557536125184,0.35758616989851005,-0.6328251957893372,0.25636035203933716,0.7885280936956406,0.7164476215839386,0.0025636035203933714,0.035900264978408813,0.08043117076158524,0.08043117076158524,1.5372731018066408,0.005465567111968994,0.06956943869590759,-0.007795393466949463,29689.46484375,12413.0009765625,17276.462890625,29794.46875,12474.673828125,17319.794921875,-0.003536739619448781,-0.004968408029526472,-0.0025081541389226913,-0.3536739619448781,0.8833482339978218,-0.4228141729533672,0.63075459189713,-0.4950251404941082,0.18123523741960526,0.27263906612992284,1.5372731018066408,236.49651453132276,236.49651453132276,greedy,1.5372731018066408,0.0,hard_fault_cluster
150,N7441,control0,-0.4227333962917328,2.2276536583900453,-1.137098103761673,0.9960618495941161,1.4479748779535295,-0.4227333962917328,0.26773935556411743,3.008997796475887,3.394848251342773,0.0026773935556411743,0.05029866099357605,0.07506168633699417,0.07506168633699417,1.196395165026188,0.011882290244102478,0.08729179203510284,-0.006812006235122681,29793.875,12474.9189453125,17318.95703125,29602.720703125,12344.873046875,17257.84765625,0.006415892392396927,0.010424588806927204,0.0035284673795104027,0.6415892392396927,1.5310300663113594,-0.42881650269031524,1.2739292848855257,-0.6730203682184219,1.3000514656305313,0.2150334526598452,1.196395165026188,237.69290969634895,237.69290969634895,greedy,1.196395165026188,0.0,hard_fault_cluster
151,N630,control1,-0.33343765139579773,2.3510917754471303,1.2225793480873106,0.8641098861396312,1.5282096540406347,-0.33343765139579773,0.2783176302909851,3.0248220436275006,2.1884494066238402,0.002783176302909851,0.04448583722114563,0.07908174395561218,0.07908174395561218,4.566402323171497,0.012590713798999786,0.08538675308227539,-0.005854770541191101,29603.77734375,12344.8173828125,17258.9609375,29640.75,12391.953125,17248.796875,-0.001248916843906045,-0.003818261669948697,0.0005889150779694319,-0.1248916843906045,1.616470754146576,-0.012214980199933057,1.348421223461628,-0.3012422538548708,1.4591712690889835,1.4552362405136228,4.566402323171497,242.25931201952045,242.25931201952045,greedy,4.566402323171497,0.0,hard_fault_cluster
152,N642,control1,-0.2704528868198395,1.9455120595451443,1.5392993211746215,0.4731203474942594,1.2645828387043438,-0.2704528868198395,0.2860146760940552,2.411746989795938,2.1910528182983398,0.002860146760940552,0.04244893789291382,0.07852209359407425,0.07852209359407425,4.495298875519074,0.013126332312822342,0.08390294015407562,-0.005353786051273346,29640.26171875,12391.7734375,17248.48828125,29686.84765625,12434.5087890625,17252.33984375,-0.0015717113856226206,-0.0034486872609704733,-0.0002232985571026802,-0.15717113856226206,1.6771700009703636,0.24884673387277867,1.4037674237042665,-0.14579949348699306,1.4797978451009839,1.7296635322622023,4.495298875519074,246.75461089503952,246.75461089503952,greedy,4.495298875519074,0.0,hard_fault_cluster
153,N626,control1,-0.7812077403068542,-0.3920451807975769,-0.6062550365924835,0.17922993659973144,-0.254829367518425,-0.7812077403068542,0.22835706174373627,0.550537833571434,0.5450031042098998,0.0022835706174373625,0.02844884991645813,0.08123544603586197,0.08123544603586197,1.3754519265890122,0.0038645267486572266,0.06417488306760788,-0.008034877479076385,29686.640625,12434.5693359375,17252.0703125,29825.67578125,12435.888671875,17389.787109375,-0.004683425184339285,-0.0001061022630892694,-0.00798262469470501,-0.4683425184339285,0.6960451826453209,-2.6403762705624105,0.4638508018106222,-2.243308723717928,-0.41125125437974935,-0.35635881993919616,1.3754519265890122,248.13006282162854,248.13006282162854,greedy,1.3754519265890122,0.0,hard_fault_cluster
154,N649,control1,-0.3585222661495209,1.5862353255599737,1.273009967803955,0.24810421459376808,1.031052961613983,-0.3585222661495209,0.2690715193748474,1.2396615672856568,1.8168031215667724,0.002690715193748474,0.03518480062484741,0.07901346683502197,0.07901346683502197,0.9251577701419591,0.012263897806406021,0.07802881300449371,-0.004620000720024109,29824.953125,12435.4365234375,17389.517578125,29746.478515625,12452.744140625,17293.734375,0.002631173003464937,-0.001391798141412437,0.005508100148290396,0.2631173003464937,1.5744747668504715,0.5908304487541318,1.3134110271930695,0.08931479204446074,1.0575400736182927,1.4487894855998453,0.9251577701419591,249.0552205917705,249.0552205917705,greedy,0.9251577701419591,0.0,hard_fault_cluster
155,N8052,control0,-0.3625011146068573,1.044773727208376,-1.3233129382133482,0.28294949695467947,0.6791029226854444,-0.3625011146068573,0.26939165592193604,1.2018940582871436,2.536461281776428,0.0026939165592193602,0.04503229260444641,0.07723978161811829,0.07723978161811829,0.937322895526886,0.012565311044454575,0.0854085385799408,-0.005749568343162537,29745.5625,12452.8056640625,17292.755859375,29629.578125,12364.2236328125,17265.353515625,0.003899215953424573,0.007113419473171234,0.0015846140449866652,0.3899215953424573,1.6031625419855118,0.49861513733863827,1.343188963830471,0.471746734380722,0.8475405246019364,-0.07909865900874158,0.937322895526886,249.99254348729738,249.99254348729738,greedy,0.937322895526886,0.0,hard_fault_cluster
156,N7698,control0,-0.397636353969574,1.5672539073228835,-1.1938279151916502,0.5454507225751876,1.0187150397598743,-0.397636353969574,0.2668681740760803,2.4542461022734643,3.509583353996277,0.0026686817407608034,0.049205929040908813,0.07634049654006958,0.07634049654006958,1.45820145457983,0.012163355946540833,0.08955954015254974,-0.006778135895729065,29628.8984375,12363.6279296875,17265.26953125,29558.8046875,12311.15234375,17247.65234375,0.002365722553804517,0.004244351759552956,0.0010203829733654857,0.23657225538045168,1.5595442652702332,-0.2800540612637997,1.3021377623081207,-0.4584344612061978,1.3164400145411492,0.22568600945174677,1.45820145457983,251.45074494187722,251.45074494187722,greedy,1.45820145457983,0.0,hard_fault_cluster
157,N628,control1,-0.8764357566833496,-0.2597637675702572,-0.6729811310768128,0.3329154394567012,-0.1688464489206672,-0.8764357566833496,0.21240226924419403,1.3069905199110508,1.188925664871931,0.0021240226924419403,0.028133422136306763,0.07656371593475342,0.07656371593475342,3.969310095980764,0.003253623843193054,0.06643415987491608,-0.008875630795955658,29560.408203125,12311.86328125,17248.544921875,29763.482421875,12375.720703125,17387.76171875,-0.006869804114103317,-0.005186657886952162,-0.00807121954858303,-0.6869804114103317,0.6143283694982529,-3.9273336168378594,0.3976038806140423,-3.4438302751630547,-0.2925894804298878,-0.30114554753061384,3.969310095980764,255.420055037858,255.420055037858,greedy,3.969310095980764,0.0,hard_fault_cluster
158,N7855,control0,-0.40093711018562317,2.497396500110626,-0.7533797502517698,0.7795081114768981,1.623307725071907,-0.40093711018562317,0.24138511717319489,2.6376346811652183,3.196407377719879,0.002413851171731949,0.034474968910217285,0.06963551789522171,0.06963551789522171,2.0071442635357384,0.013591941446065903,0.08340556919574738,-0.005072154104709625,29762.1484375,12375.4169921875,17386.73046875,29480.501953125,12293.75,17186.751953125,0.009463244117796421,0.00659913057461381,0.011501790024340153,0.9463244117796421,1.6702147796750069,0.34399329781532284,1.4369493033736944,-0.11867096737027172,1.5985696747899056,1.0056138152629135,2.0071442635357384,257.4271993013937,257.4271993013937,greedy,2.0071442635357384,0.0,hard_fault_cluster
159,N7881,control1,-0.7129429578781128,0.28389746814966205,-0.11656700880266725,0.3486756435036659,0.18453335429728035,-0.7129429578781128,0.22485031187534332,1.663560188934207,1.6271805882453916,0.002248503118753433,0.03130784630775452,0.07120329886674881,0.07120329886674881,1.7728810758516191,0.00638207420706749,0.0671604573726654,-0.006844937801361084,29480.322265625,12293.544921875,17186.77734375,29771.26171875,12485.818359375,17285.443359375,-0.00986893754452467,-0.015640195459127426,-0.005740809720009565,-0.986893754452467,0.9342610314488411,-2.2173232516646384,0.712220823392272,-2.3011924704909323,0.23224408850073802,0.20381806689314536,1.7728810758516191,259.20008037724534,259.20008037724534,greedy,1.7728810758516191,0.0,hard_fault_cluster
160,N647,control1,-0.39540010690689087,1.9208074276149272,1.1806984424591063,0.3946389900147914,1.2485248279497028,-0.39540010690689087,0.251370906829834,2.1998978096991775,2.532119536399841,0.00251370906829834,0.03002867102622986,0.0726519301533699,0.0726519301533699,0.6808972079306841,0.012483533471822739,0.0781233012676239,-0.005011431872844696,29772.048828125,12485.974609375,17286.07421875,29619.16796875,12431.1552734375,17188.01171875,0.005135046783834696,0.004390473011881113,0.005672919098287821,0.5135046783834696,1.5723761841654778,0.3413895098492503,1.3293590564280748,0.28450904320925474,1.6149374265223742,1.6792466414161027,0.6808972079306841,259.880977585176,259.880977585176,greedy,0.6808972079306841,0.0,hard_fault_cluster
161,N7925,control0,-0.4240579605102539,1.2524374170601367,-1.233818358182907,0.3450272779166698,0.8140843210890889,-0.4240579605102539,0.25044190883636475,1.4225246988236904,2.6769851088523864,0.0025044190883636475,0.039969950914382935,0.07275202870368958,0.07275202870368958,1.0140601097792388,0.012463696300983429,0.0861138254404068,-0.0065285563468933105,29618.3671875,12431.1787109375,17187.1875,29492.96484375,12324.953125,17168.01171875,0.00423393864184618,0.00854509323835373,0.0011157020926475525,0.423393864184618,1.5695635676383972,0.23620479188859464,1.3271681144833565,-0.11869870118796824,0.9086533509194851,-0.03937532190233495,1.0140601097792388,260.89503769495525,260.89503769495525,greedy,1.0140601097792388,0.0,hard_fault_cluster
162,N1607,control1,-0.4619466960430145,1.8373081190697849,0.5814565658569335,0.7829545749910175,1.1942502773953603,-0.4619466960430145,0.24619244039058685,3.6873839390464127,3.094616711139679,0.0024619244039058687,0.029469221830368042,0.07115723937749863,0.07115723937749863,2.003853412400931,0.012065574526786804,0.07956297695636749,-0.0060973986983299255,29492.71484375,12324.82421875,17167.890625,29579.02734375,12400.1220703125,17178.90625,-0.0029265701305121183,-0.006109446287155151,-0.0006416411488316953,-0.29265701305121183,1.523907132446766,0.15698309601284563,1.2858948726207018,-0.17765645324252546,1.7539360742084682,1.3368477074755356,2.003853412400931,262.8988911073562,262.8988911073562,greedy,2.003853412400931,0.0,hard_fault_cluster
163,N624,control1,-0.8769876956939697,-0.34469168901443487,-0.6912842452526092,0.3001049661636352,-0.22404959785938267,-0.8769876956939697,0.20344863831996918,1.147049291431904,1.249958974123001,0.002034486383199692,0.016783714294433594,0.07305169105529785,0.07305169105529785,2.0692692495882508,0.003252573311328888,0.0640350878238678,-0.009265720844268799,29580.06640625,12400.3076171875,17179.759765625,29719.099609375,12407.689453125,17311.41015625,-0.0047002327628433704,-0.000595294579397887,-0.0076631102710962296,-0.47002327628433704,0.6017576605081558,-3.7489266434311865,0.39438241347670555,-3.469271425306797,-0.3653732776641846,-0.2651431853696704,2.0692692495882508,264.96816035694445,264.96816035694445,greedy,2.0692692495882508,0.0,hard_fault_cluster
164,N7847,control0,-0.4175337255001068,2.686633620560169,1.1893259227275848,0.9929609295725822,1.74631185336411,-0.4175337255001068,0.23093350231647491,2.673490066975355,1.4054467022418975,0.0023093350231647492,0.02338200807571411,0.0705101266503334,0.0705101266503334,1.3232411536574364,0.012962393462657928,0.08121608197689056,-0.005472555756568909,29717.98828125,12407.501953125,17310.486328125,29413.322265625,12305.580078125,17107.7421875,0.010251905769109726,0.008214536122977734,0.011712214909493923,1.0251905769109726,1.5976829752326012,0.19799151256680486,1.371600253507495,-0.31615628316998484,1.4460514172911645,1.1284387761354446,1.3232411536574364,266.2914015106019,266.2914015106019,greedy,1.3232411536574364,0.0,hard_fault_cluster
165,N5867,observe,-0.1768711805343628,2.7598614183068273,3.058714056015014,0.7479877075552939,1.7939099218994379,-0.1768711805343628,0.18521533906459808,2.852060155570507,3.473379755020141,0.0018521533906459809,0.2195066511631012,0.05911066383123398,0.05911066383123398,2.322820058315992,0.011227510869503021,0.06190524250268936,-0.01078680157661438,29414.0625,12306.3515625,17107.7109375,29441.625,12221.8828125,17219.7421875,-0.0009370517800562084,0.006863833870738745,-0.00654858211055398,-0.09370517800562084,1.3670770898461342,-0.39352440372109415,1.1838325876742601,-0.7986820890009403,1.6993730261921882,2.6795924670249223,2.322820058315992,268.61422156891786,268.61422156891786,greedy,2.322820058315992,0.0,hard_fault_cluster
166,N3467,control1,-0.20087747275829315,1.6318543781340122,0.9667213439941406,0.41990323647856703,1.060705345787108,-0.20087747275829315,0.16005147993564606,1.2442473956942557,0.7531082332134247,0.0016005147993564605,0.19361266493797302,0.07872048765420914,0.07872048765420914,2.0721090270578864,0.010647397488355637,0.04769105464220047,-0.009421929717063904,29442.955078125,12221.8984375,17221.056640625,29383.0,12276.78125,17106.21875,0.0020363132935017347,-0.004490531049668789,0.0066684577614068985,0.20363132935017347,1.3035117164254189,0.811113607287407,1.1244327407330275,0.8418403679132462,1.02872978746891,1.1082238309085368,2.0721090270578864,270.68633059597573,270.68633059597573,greedy,2.0721090270578864,0.0,hard_fault_cluster
167,N7700,control0,-0.24316532909870148,1.1409726974368095,0.4253489673137665,0.21250392287969588,0.7416322533339262,-0.24316532909870148,0.17131192982196808,0.8989121377468109,2.2721435248851773,0.0017131192982196809,0.18691986799240112,0.07736280560493469,0.07736280560493469,0.8666377738118172,0.009134270250797272,0.055400870740413666,-0.010286830365657806,29380.359375,12275.70703125,17104.65234375,29443.390625,12311.828125,17131.5625,-0.002145353239029646,-0.002942485734820366,-0.0015732652973383665,-0.2145353239029646,1.16210176050663,0.20375133141875265,0.9755957089364529,0.20375133141875265,0.7802006050944329,1.0970251214131712,0.8666377738118172,271.55296836978755,271.55296836978755,greedy,0.8666377738118172,0.0,hard_fault_cluster
168,N1586,control1,0.21781772375106812,3.2965675833341086,2.3763913035392763,0.48145605233235983,2.1427689291671705,0.21781772375106812,0.24285836517810822,2.9366992666662557,2.415019142627716,0.002428583651781082,0.1366293728351593,0.06734152883291245,0.06734152883291245,0.8556240102255833,0.01838742569088936,0.06686829030513763,0.004769407212734222,29444.435546875,12312.689453125,17131.74609375,29584.78515625,12469.2021484375,17115.583984375,-0.00476659182459116,-0.012711495161056519,0.0009434011881239712,-0.476659182459116,2.1489424630999565,0.9315183986396005,1.916292542591691,0.7078540850848367,2.5630096359949675,2.1898677911272535,0.8556240102255833,272.40859238001315,272.40859238001315,greedy,0.8556240102255833,0.0,hard_fault_cluster
169,N3525,control1,-0.1343689113855362,0.6853501862287521,1.0167518585920332,0.16182690978050232,0.4454776210486889,-0.1343689113855362,0.22280578315258026,0.3066972481831908,0.041422357410192484,0.0022280578315258025,0.15130385756492615,0.08294325321912766,0.08294325321912766,1.0142129493877292,0.01231040433049202,0.05690477788448334,0.0026466362178325653,29584.59375,12468.541015625,17116.052734375,29689.42578125,12498.8076171875,17190.6171875,-0.003543467028066516,-0.0024274373427033424,-0.0043564047664403915,-0.3543467028066516,1.5367894694209099,0.8727821345627308,1.307477692142129,0.9345912273228169,0.3366535767912865,0.7536416907981038,1.0142129493877292,273.4228053294009,273.4228053294009,greedy,1.0142129493877292,0.0,hard_fault_cluster
170,N7880,control1,-0.3582303524017334,1.1117132600396873,-0.0830133058130741,0.956902875378728,0.7226136190257968,-0.3582303524017334,0.24728207290172577,5.062065575830639,4.402347224950789,0.0024728207290172577,0.06333988904953003,0.08608125895261765,0.08608125895261765,1.0438690257444976,0.006916116923093796,0.042437247931957245,-0.00033602863550186157,29688.37890625,12498.515625,17189.86328125,29848.6328125,12601.255859375,17247.376953125,-0.005397866480052471,-0.008220194838941097,-0.0033457898534834385,-0.5397866480052471,1.024975024163723,-0.5471775475144386,0.7749525252729654,-0.4591293874382973,1.863849232718348,1.2640612988732751,1.0438690257444976,274.46667435514536,274.46667435514536,greedy,1.0438690257444976,0.0,hard_fault_cluster
171,N2721,control1,-0.3642580509185791,0.9800569269014522,0.08250057604163885,0.7493039464997127,0.637037002485944,-0.3642580509185791,0.25144296884536743,1.7212136535276659,1.0167984426021577,0.002514429688453674,0.04853999614715576,0.096628837287426,0.096628837287426,4.2176201122696515,0.006464574486017227,0.03970891982316971,0.00019890442490577698,29850.1484375,12602.044921875,17248.103515625,29871.35546875,12607.69140625,17263.6640625,-0.0007104497635737062,-0.00044806094956584275,-0.0009021598962135613,-0.07104497635737062,0.9945292547345161,0.5349942134902812,0.7334754001349211,0.5067767674312926,0.34223405306693166,0.31543631974956954,4.2176201122696515,278.684294467415,278.684294467415,greedy,4.2176201122696515,0.0,hard_fault_cluster
172,N608,control1,-0.7437605261802673,-1.3185436587035657,-1.25802304148674,0.16128986164927478,-0.8570533781573177,-0.7437605261802673,0.20528317987918854,-1.171028700247407,-1.1888270020484923,0.0020528317987918853,0.044443368911743164,0.09978508204221725,0.09978508204221725,2.3761483592540027,0.0012944936752319336,0.03041783720254898,-0.002311199903488159,29868.1328125,12604.0009765625,17264.130859375,29883.3671875,12530.7392578125,17352.626953125,-0.0005100544658489525,0.0058125765062868595,-0.005126009229570627,-0.05100544658489525,0.43451762944459915,-0.8795386712998152,0.2057164330035448,-0.8815932434052229,-1.456018552929163,-1.1681605577096343,2.3761483592540027,281.060442826669,281.060442826669,greedy,2.3761483592540027,0.0,hard_fault_cluster
173,N2952,control1,-0.4649813771247864,0.970014447569847,0.10822214484214782,0.6342088538408278,0.6305093909204006,-0.4649813771247864,0.23999996483325958,1.5008471447229383,1.0919089674949645,0.002399999648332596,0.03907191753387451,0.10566756874322891,0.10566756874322891,3.5648344156146052,0.005649067461490631,0.038513779640197754,0.0004912242293357849,29885.6953125,12534.0380859375,17351.65625,29931.591796875,12601.541015625,17330.05078125,-0.001535734161734581,-0.005385569296777248,0.0012451531365513802,-0.1535734161734581,0.9105742797255516,0.25004532411694524,0.6513236295431852,0.20777679458260534,0.3760487750172614,0.3978237946983426,3.5648344156146052,284.6252772422836,284.6252772422836,greedy,3.5648344156146052,0.0,hard_fault_cluster
174,N7884,control1,-0.5692167282104492,0.1409584861993789,-0.2429503038525581,0.31086360275745384,0.09162301602959629,-0.5692167282104492,0.23555664718151093,0.7698516823351382,2.2884896516799924,0.0023555664718151095,0.04298165440559387,0.10503312945365906,0.10503312945365906,1.9202607468515636,0.004514139145612717,0.03722643107175827,-0.00017762184143066406,29930.294921875,12600.900390625,17329.39453125,30098.41796875,12719.369140625,17379.048828125,-0.005617152899503708,-0.009401610121130943,-0.0028653221670538187,-0.5617152899503708,0.7920036911964417,-1.2994668307900428,0.5365613587200642,-1.4218522134423255,-0.22362337261438373,0.48817932836711386,1.9202607468515636,286.54553798913514,286.54553798913514,greedy,1.9202607468515636,0.0,hard_fault_cluster
175,N7414,control1,-0.7028874158859253,-0.06257345310994433,-0.5385209023952484,0.4417850549297872,-0.04067274452146382,-0.7028874158859253,0.22219137847423553,0.32247065430507066,-0.005274709826335311,0.002221913784742355,0.04273685812950134,0.10327708721160889,0.10327708721160889,3.3311028578656265,0.003439277410507202,0.03222308307886124,-0.0007416531443595886,30098.25390625,12719.109375,17379.14453125,30215.1953125,12795.8212890625,17419.375,-0.003885322017595172,-0.006031233351677656,-0.0023148704785853624,-0.3885322017595172,0.6693962067365646,-0.5878956688940526,0.4252948574721813,-0.6418859137594701,-0.6045973031548783,-0.5275933422509115,3.3311028578656265,289.8766408470008,289.8766408470008,greedy,3.3311028578656265,0.0,hard_fault_cluster
176,N2837,control1,-0.5800965428352356,0.38212081603705883,-0.05484008193016052,0.35813850350677967,0.24837853042408825,-0.5800965428352356,0.2299860566854477,0.6715912044048309,0.4886707633733749,0.002299860566854477,0.029989570379257202,0.10678940266370773,0.10678940266370773,2.3061623070389032,0.006293743848800659,0.0367671400308609,-0.00026588886976242065,30216.154296875,12796.51171875,17419.642578125,30226.7265625,12789.830078125,17436.896484375,-0.0003498878504615277,0.0005221454775892198,-0.0009904856560751796,-0.03498878504615277,0.9661498442292213,-0.19705146923661238,0.7135682497173548,-0.2751884795725346,-0.053934830427169816,-0.02824961747974159,2.3061623070389032,292.1828031540397,292.1828031540397,greedy,2.3061623070389032,0.0,hard_fault_cluster
177,N3009,control1,-0.564113199710846,0.1837996860593557,-0.06646572351455687,0.2168061152845621,0.11946979593858122,-0.564113199710846,0.23628197610378265,0.525545534491539,0.5021514624357223,0.0023628197610378265,0.02479797601699829,0.10999945551156998,0.10999945551156998,1.3360157679766416,0.006648436188697815,0.038889892399311066,-0.00033304840326309204,30226.42578125,12789.7275390625,17436.69921875,30306.337890625,12810.490234375,17495.84765625,-0.002643782878294587,-0.0016233883798122406,-0.0033921808935701847,-0.2643782878294587,1.0111250504851341,-0.43214642569422723,0.7514139767736197,-0.4997268871963024,-0.07853800654411319,-0.03192033449187878,1.3360157679766416,293.5188189220163,293.5188189220163,greedy,1.3360157679766416,0.0,hard_fault_cluster
178,N3067,control1,-0.5226529240608215,0.23739528849720953,0.0,0.18464077994227407,0.1543069375231862,-0.5226529240608215,0.23653633892536163,0.4900816693902016,0.45180073678493493,0.0023653633892536164,0.08652612566947937,0.1122952327132225,0.1122952327132225,1.2507277119159699,0.007392317056655884,0.044888630509376526,0.0009541846811771393,30306.08203125,12810.359375,17495.72265625,30403.98046875,12845.4931640625,17558.48828125,-0.0032303230836987495,-0.0027426076121628284,-0.0035874838940799236,-0.32303230836987495,1.0880632773041725,-1.0054198209941387,0.8264395985752344,-1.187877983301878,-0.12129739373922349,-0.0846889695711434,1.2507277119159699,294.76954663393224,294.76954663393224,greedy,1.2507277119159699,0.0,hard_fault_cluster
179,N6956,control0,-0.26243695616722107,0.7026553881913423,1.0268749713897705,0.20760642521083353,0.45672600232437255,-0.26243695616722107,0.22440432012081146,0.5994098602607846,-1.53384650349617,0.0022440432012081147,0.1442725956439972,0.10660431534051895,0.10660431534051895,0.9722380892559886,0.01523936539888382,0.07304617762565613,0.002641770988702774,30403.11328125,12845.1728515625,17557.94140625,30145.408203125,12662.478515625,17482.9296875,0.008476272225379944,0.014222800731658936,0.004272238817065954,0.8476272225379944,1.8549451753497124,0.43897112887352707,1.6066886987537146,0.4256024328991771,0.5019542250782251,-0.3633453793637452,0.9722380892559886,295.74178472318823,295.74178472318823,greedy,0.9722380892559886,0.0,hard_fault_cluster
180,N623,control1,-0.7991936802864075,-0.34727287188172346,-2.3254557847976685,0.31373863831162446,-0.22572736672312024,-0.7991936802864075,0.2029731720685959,0.17262993417680264,-1.7999999999999998,0.0020297317206859587,0.03399085998535156,0.10876265168190002,0.10876265168190002,2.55127698816359,0.0033086836338043213,0.043078720569610596,-0.0033745914697647095,30143.443359375,12659.322265625,17484.12109375,30220.7109375,12632.197265625,17588.513671875,-0.0025633294135332108,0.0021426896564662457,-0.005970707628875971,-0.2563329413533211,0.642604187130928,-2.537273608967662,0.4088023193180561,-2.3753959768265487,-0.7639577008783818,-2.596572505570948,2.55127698816359,298.2930617113518,298.2930617113518,greedy,2.55127698816359,0.0,hard_fault_cluster
181,N640,control1,-1.003420114517212,-0.3460674397647383,-2.4186743319034574,0.41825236007571204,-0.22494383584707991,-1.003420114517212,0.16480807960033417,-0.3180363176763059,-1.075144964456558,0.0016480807960033417,0.03572899103164673,0.10593753308057785,0.10593753308057785,4.439860202372074,0.00106918066740036,0.0360666960477829,-0.004322551190853119,30220.125,12631.912109375,17588.212890625,30287.015625,12637.181640625,17649.833984375,-0.0022134464234113693,-0.00041716021951287985,-0.003503544954583049,-0.22134464234113693,0.37766367942094803,-3.485491786003113,0.17460446991026402,-5.053016219139099,-1.4866718590259553,-2.5945889660716057,4.439860202372074,302.7329219137239,302.7329219137239,greedy,4.439860202372074,0.0,hard_fault_cluster
182,N8240,control1,-0.3960936963558197,1.3363457671552896,-0.11207070946693426,0.5147761245816945,0.8686247486509383,-0.3960936963558197,0.24392561614513397,1.2976780011132358,2.3789588451385497,0.0024392561614513396,0.04316362738609314,0.10137446224689484,0.10137446224689484,2.8698743383213876,0.010834045708179474,0.053975723683834076,0.0004452168941497803,30289.4453125,12640.6240234375,17648.822265625,30256.91796875,12701.5625,17555.35546875,0.0010738837299868464,-0.004820844158530235,0.005295922514051199,0.10738837299868464,1.4287046492099762,1.1875762690231204,1.1697295904159546,1.1139084447547793,0.6851524446159601,0.3827157796360551,2.8698743383213876,305.60279625204527,305.60279625204527,greedy,2.8698743383213876,0.0,hard_fault_cluster
183,N7454,observe,-0.24557356536388397,1.0294387367367743,2.2004167497158047,0.35576707333326335,0.6691351788789034,-0.24557356536388397,0.2752039432525635,1.4491282090544702,2.0181888461112973,0.0027520394325256346,0.041269153356552124,0.10269581526517868,0.10269581526517868,1.2890230847895146,0.013328783214092255,0.05910544842481613,0.0027157068252563477,30256.337890625,12700.783203125,17555.5546875,30371.8515625,12745.6083984375,17626.2421875,-0.003817833960056305,-0.003529325360432267,-0.004026503302156925,-0.3817833960056305,1.7107780799269676,1.00721426486969,1.427353261038661,0.8467204797267913,0.794596716761589,2.089013288021088,1.2890230847895146,306.89181933683477,306.89181933683477,greedy,1.2890230847895146,0.0,hard_fault_cluster
184,N4532,control0,-0.2621532082557678,0.716905711144209,0.4849907934665679,0.24354492142796516,0.46598871224373584,-0.2621532082557678,0.23514796793460846,0.8547012880444527,0.8173370063304901,0.0023514796793460847,0.14021676778793335,0.09800455719232559,0.09800455719232559,1.0596206578612328,0.013448894023895264,0.07411529123783112,0.0013091415166854858,30372.42578125,12746.4931640625,17625.931640625,30179.609375,12610.7470703125,17568.86328125,0.006348403170704842,0.010649682022631168,0.0032377499155700207,0.6348403170704842,1.6780419275164604,0.166933959829621,1.4281775336712599,0.1668566210567951,0.4994520679116249,0.529877839089022,1.0596206578612328,307.951439994696,307.951439994696,greedy,1.0596206578612328,0.0,hard_fault_cluster
185,N632,control1,-0.8195247054100037,-0.6992738023400308,-2.7593759298324585,0.5220936313271521,-0.45452797152102004,-0.8195247054100037,0.2047158032655716,0.08954568549990649,-1.98307728767395,0.002047158032655716,0.045396506786346436,0.10036054253578186,0.10036054253578186,4.095473225861788,0.002679795026779175,0.043591856956481934,-0.003818035125732422,30176.84765625,12606.841796875,17570.005859375,30246.55859375,12594.3125,17652.24609375,-0.0023100802209228277,0.0009938490111380816,-0.00468071736395359,-0.23100802209228277,0.5730558484792709,-1.5416939680278303,0.34424858912825584,-1.634938520640135,-1.1461599230766297,-2.8450039499998088,4.095473225861788,312.04691322055777,312.04691322055777,greedy,4.095473225861788,0.0,hard_fault_cluster
186,N2102,observe,-0.3803519904613495,0.9571577482670546,2.198302173614502,0.30189805574715134,0.6221525363735855,-0.3803519904613495,0.24375863373279572,1.3155060697346928,2.6732026457786557,0.002437586337327957,0.04902827739715576,0.09519203007221222,0.09519203007221222,0.9825380118563771,0.012530572712421417,0.06092746555805206,0.0005230456590652466,30247.990234375,12596.84765625,17651.142578125,30204.220703125,12639.951171875,17564.26953125,0.001447022776119411,-0.003421769943088293,0.004921667277812958,0.1447022776119411,1.5920079350471497,0.4648817381635308,1.3377949371933937,0.3887793472781777,0.7745648812502621,2.60346717281267,0.9825380118563771,313.02945123241415,313.02945123241415,greedy,0.9825380118563771,0.0,hard_fault_cluster
187,N4469,control0,-0.4224220812320709,0.7007314153015614,0.03707004487514495,0.33168871328234667,0.45547541994601487,-0.4224220812320709,0.2259548157453537,1.1654916286468504,0.7147348999977111,0.002259548157453537,0.06614789366722107,0.09512027353048325,0.09512027353048325,1.3511120745539666,0.013149276375770569,0.06313701719045639,0.00038304924964904785,30205.302734375,12641.22265625,17564.080078125,30071.12890625,12550.82421875,17520.3046875,0.0044420622289180756,0.007151083555072546,0.0024923246819525957,0.44420622289180756,1.6360027268528938,0.3053604800254106,1.3951964098960161,0.2315322298556566,0.5357004828751086,0.3041075729951262,1.3511120745539666,314.3805633069681,314.3805633069681,greedy,1.3511120745539666,0.0,hard_fault_cluster
188,N4460,control0,-0.41351160407066345,0.6606653912551701,0.22769463062286374,0.26085682583972813,0.42943250431586055,-0.41351160407066345,0.23039184510707855,0.9821992467157543,0.8125175535678862,0.0023039184510707856,0.07445946335792542,0.09405327588319778,0.09405327588319778,0.9908877043705435,0.012422870844602585,0.06769265234470367,-0.0014587491750717163,30071.17578125,12550.8466796875,17520.328125,29955.1171875,12482.79296875,17472.32421875,0.003859463147819042,0.00542224058881402,0.002739897696301341,0.3859463147819042,1.5667322054505348,0.3038887133356184,1.3233983647078276,0.23415010920725762,0.5232392487116158,0.3979635158320889,0.9908877043705435,315.37145101133865,315.37145101133865,greedy,0.9908877043705435,0.0,hard_fault_cluster
189,N4367,control0,-0.41479331254959106,0.5565512342751027,-0.0029763072729110662,0.21125932142138482,0.3617583022788167,-0.41479331254959106,0.2336525171995163,0.7799486011266709,0.46742996573448176,0.002336525171995163,0.07890507578849792,0.09080762416124344,0.09080762416124344,0.8094423070549965,0.0118783600628376,0.07084280252456665,-0.0026628077030181885,29955.2578125,12482.921875,17472.3359375,29859.234375,12429.59375,17429.640625,0.003205562010407448,0.004272086545825005,0.00244359509088099,0.3205562010407448,1.5122961476445198,0.30318449713289736,1.26895104162395,0.2965931025892496,0.4451189823448658,0.1847794863581657,0.8094423070549965,316.18089331839366,316.18089331839366,greedy,0.8094423070549965,0.0,hard_fault_cluster
190,N4359,control0,-0.4148372709751129,0.5514589593186974,-0.019201114773750333,0.22541684594005343,0.3584483235571533,-0.4148372709751129,0.23574481904506683,0.7957030056044458,0.26136171221733095,0.0023574481904506685,0.08185625076293945,0.08718258142471313,0.08718258142471313,0.887973275911063,0.011418983340263367,0.07358379662036896,-0.003763258457183838,29859.2109375,12429.5859375,17429.625,29778.50390625,12386.2734375,17392.23046875,0.002702919067814946,0.003484629327431321,0.002145458245649934,0.2702919067814946,1.4648257344961166,0.42589978469535705,1.2226301841437817,0.29541629148647186,0.44807320982217785,-0.019019985385239135,0.887973275911063,317.0688665943047,317.0688665943047,greedy,0.887973275911063,0.0,hard_fault_cluster
191,N4442,control0,-0.4148154854774475,0.9621832391130739,-0.8065959811210631,0.496018715959508,0.6254191054234981,-0.4148154854774475,0.2374567836523056,1.539833688654471,0.8547615650732041,0.002374567836523056,0.0842837393283844,0.08331092447042465,0.08331092447042465,2.2715404727321586,0.011062610894441605,0.07615765929222107,-0.0047759562730789185,29778.314453125,12386.130859375,17392.18359375,29712.82421875,12351.3720703125,17361.453125,0.002199259353801608,0.002806267002597451,0.0017669126391410828,0.2199259353801608,1.4270287975668907,0.4002790087054018,1.186453016474843,0.3284148489276413,0.6622652877005749,-0.029309993742053786,2.2715404727321586,319.3404070670369,319.3404070670369,greedy,2.2715404727321586,0.0,hard_fault_cluster
192,N4614,control0,-0.41506800055503845,0.8024750469252467,-0.5424193531274796,0.41277919132262464,0.5216087805014104,-0.41506800055503845,0.2388358861207962,1.3281499722972512,0.7518966470754094,0.002388358861207962,0.0867985188961029,0.07992218434810638,0.07992218434810638,1.764914268795401,0.010766811668872833,0.07840137183666229,-0.005643971264362335,29712.76953125,12351.2998046875,17361.46875,29656.64453125,12320.943359375,17335.701171875,0.0018889184575527906,0.0024577530566602945,0.0014841819647699594,0.18889184575527906,1.395439237356186,0.49892781937494873,1.156370684504509,0.4002098914422095,0.6413416311144828,0.07509747938133843,1.764914268795401,321.1053213358323,321.1053213358323,greedy,1.764914268795401,0.0,hard_fault_cluster
193,N4421,control0,-0.41489842534065247,0.602908734921366,-0.5131976554635912,0.46657763376832007,0.3918906776988879,-0.41489842534065247,0.2398327738046646,1.485301290953066,0.8965907621412043,0.002398327738046646,0.08816888928413391,0.07807540893554688,0.07807540893554688,1.915650223199045,0.010606888681650162,0.07986372709274292,-0.006152532994747162,29656.642578125,12320.986328125,17335.65625,29608.888671875,12294.66796875,17314.220703125,0.0016102263471111655,0.002136059571057558,0.0012365004513412714,0.16102263471111655,1.3785970509052277,0.34297602912411096,1.140165913850069,0.3163970812223852,0.5912371868267655,0.14402153481484672,1.915650223199045,323.02097155903135,323.02097155903135,greedy,1.915650223199045,0.0,hard_fault_cluster
194,N7679,observe,-0.548302412033081,0.5387098618783057,1.7946767992805688,0.42491122670471665,0.35016141022089875,-0.548302412033081,0.20724786818027496,0.4260850653902161,0.009293426759541035,0.0020724786818027497,0.08406126499176025,0.07858883589506149,0.07858883589506149,2.9260689382709097,0.011103864759206772,0.07172021269798279,-0.004331521689891815,29608.30078125,12294.0400390625,17314.259765625,29723.62109375,12365.412109375,17358.208984375,-0.003894864348694682,-0.005805420223623514,-0.0025383250322192907,-0.3894864348694682,1.3962231799960136,0.4785918473638594,1.1818456519395113,0.48297995621338485,0.011996733956038952,1.1554201288940384,2.9260689382709097,325.9470404973023,325.9470404973023,greedy,2.9260689382709097,0.0,hard_fault_cluster
195,N4391,control0,-0.453564316034317,0.42887911935336887,-0.3492346489103511,0.3319919954240322,0.27877142757968976,-0.453564316034317,0.2069471925497055,0.8440945656952681,0.2030141472816467,0.002069471925497055,0.09549674391746521,0.0762859657406807,0.0762859657406807,1.5220724715961842,0.012492209672927856,0.08045169711112976,-0.004188522696495056,29724.1640625,12366.0,17358.1640625,29647.171875,12317.4443359375,17329.7265625,0.0025902220513671637,0.003926545847207308,0.0016382781323045492,0.25902220513671637,1.5324541255831718,0.7743524419423192,1.3200292568653822,0.8908627139683812,0.4615871128626168,0.05376514406190838,1.5220724715961842,327.46911296889846,327.46911296889846,greedy,1.5220724715961842,0.0,hard_fault_cluster
196,N4338,control0,-0.43354296684265137,0.4684478119388223,-0.27789897797629237,0.353718411102891,0.3044910777602345,-0.43354296684265137,0.20631013810634613,0.7802280977996997,0.13239908516407015,0.0020631013810634615,0.0996125340461731,0.07525717467069626,0.07525717467069626,1.78990624536993,0.012838967144489288,0.08342628180980682,-0.0043507590889930725,29647.537109375,12317.787109375,17329.75,29601.2578125,12287.6328125,17313.625,0.0015609828988090158,0.002448028651997447,0.0009304808336310089,0.15609828988090158,1.5654640272259712,0.6505264315381646,1.3542885426431894,0.7716217014566064,0.40089870505034925,0.04379079387295862,1.78990624536993,329.2590192142684,329.2590192142684,greedy,1.78990624536993,0.0,hard_fault_cluster
197,N2779,control1,-0.5793275237083435,-0.09475722469389436,-2.09919858276844,0.25874280609190464,-0.061592196051031334,-0.5793275237083435,0.2023785561323166,0.45413139924407003,2.0050019592046735,0.002023785561323166,0.07966747879981995,0.0757259652018547,0.0757259652018547,1.4439507938176395,0.01054353266954422,0.06324648857116699,-0.0034626945853233337,29602.580078125,12287.646484375,17314.93359375,29661.01953125,12347.8408203125,17313.1796875,-0.001974133774638176,-0.0048987683840096,0.00010129442671313882,-0.1974133774638176,1.3324577882885933,-0.09378677286207679,1.1238793972879648,-0.10696687974035743,-0.056882847845554356,-0.6669738510996106,1.4439507938176395,330.702970008086,330.702970008086,greedy,1.4439507938176395,0.0,hard_fault_cluster
198,N3701,control0,-0.47079262137413025,0.8215455503761768,-0.1533747285604477,0.40313634321093555,0.534004607744515,-0.47079262137413025,0.19672347605228424,0.9681019873172044,-0.2106485307216644,0.0019672347605228426,0.091615229845047,0.07436791807413101,0.07436791807413101,2.059459042623639,0.014345131814479828,0.07278497517108917,-0.002499587833881378,29659.3125,12347.6923828125,17311.62109375,29536.6796875,12276.9658203125,17259.71484375,0.00413471506908536,0.005727917421609163,0.0029983471613377333,0.41347150690853596,1.705604575574398,0.9280927543342112,1.5022860299795866,0.9354359273612498,0.5812355116009712,-0.02077802823470848,2.059459042623639,332.76242905070967,332.76242905070967,greedy,2.059459042623639,0.0,hard_fault_cluster
199,N4621,control0,-0.4670216739177704,0.5995092126187228,-1.660693646967411,0.31150010644501885,0.38968098820216984,-0.4670216739177704,0.1980825811624527,0.9368890174075204,0.4958409965038299,0.001980825811624527,0.09355315566062927,0.07437090575695038,0.07437090575695038,1.4295836868444893,0.014602027833461761,0.0756266713142395,-0.0028546005487442017,29536.41015625,12276.650390625,17259.759765625,29518.451171875,12260.404296875,17258.046875,0.0006080286693759263,0.0013233327772468328,9.924185724230483e-05,0.060802866937592626,1.7326562702655792,0.20015675633527283,1.528316155076027,0.19980447728499715,0.44230094163795003,-0.6201299070467576,1.4295836868444893,334.19201273755414,334.19201273755414,greedy,1.4295836868444893,0.0,hard_fault_cluster
200,N4436,control0,-0.4642293453216553,0.6538432335853577,-1.642103090882301,0.33310372710227965,0.4249981018304825,-0.4642293453216553,0.19683592021465302,0.9367259304970503,0.40981842428445814,0.0019683592021465302,0.09448766708374023,0.07396621257066727,0.07396621257066727,1.619640397801995,0.014542713761329651,0.07767057418823242,-0.0031095296144485474,29518.4140625,12260.43359375,17257.98046875,29513.10546875,12252.833984375,17260.271484375,0.0001798400771804154,0.000619848317001015,-0.00013275108358357102,0.01798400771804154,1.7250735089182854,0.22608874842524526,1.5219719093292952,0.22608874842524526,0.4379644453525543,-0.666146886991337,1.619640397801995,335.81165313535615,335.81165313535615,greedy,1.619640397801995,0.0,hard_fault_cluster
201,N5725,control0,-0.44327259063720703,0.6980956109613181,-1.6215228676795959,0.34465532816946504,0.4537621471248568,-0.44327259063720703,0.20647473633289337,1.012156755812466,0.6274719208478927,0.002064747363328934,0.10297465324401855,0.07482592016458511,0.07482592016458511,1.665869132243097,0.013472821563482285,0.08283291757106781,-0.004823707044124603,29513.03515625,12252.69140625,17260.34375,29512.62890625,12248.8359375,17263.79296875,1.3765104085905477e-05,0.0003146630187984556,-0.00019983487436547875,0.0013765104085905477,1.628582812845707,0.08184507992118595,1.417607320472598,0.07054567839950321,0.4493898410350084,-0.6351332965912297,1.665869132243097,337.4775222675992,337.4775222675992,greedy,1.665869132243097,0.0,hard_fault_cluster
202,N7541,control0,-0.1777191311120987,1.2737783431261778,0.8368179976940154,0.2879744800180197,0.8279559230320156,-0.1777191311120987,0.21569745242595673,1.0700736084207891,0.5382226407527924,0.002156974524259567,0.10277384519577026,0.07186227291822433,0.07186227291822433,1.196973533220589,0.016547415405511856,0.08510984480381012,-0.0029027536511421204,29512.22265625,12248.5,17263.72265625,29381.359375,12227.62109375,17153.73828125,0.004434206057339907,0.0017046092543751001,0.006370837800204754,0.44342060573399067,1.9423012658953667,0.4666365240886808,1.7266314718872309,0.45116519976407293,0.9103640731424094,0.7140326895320324,1.196973533220589,338.67449580081984,338.67449580081984,greedy,1.196973533220589,0.0,hard_fault_cluster
203,N652,control1,-0.2965971529483795,0.26805118329823024,-1.8366775672882794,0.24923710621893408,0.17423326914384968,-0.2965971529483795,0.21705345809459686,0.8000776604749262,2.3034341275691985,0.0021705345809459684,0.10718542337417603,0.06980711221694946,0.06980711221694946,1.0224990124348552,0.01405470073223114,0.07871168851852417,-0.003149285912513733,29376.56640625,12222.09375,17154.47265625,29545.10546875,12339.73828125,17205.3671875,-0.005737193860113621,-0.009625562466681004,-0.002966837491840124,-0.5737193860113621,1.6923306435346603,0.23409857418388125,1.4771852158010006,0.19535139020532366,0.2603527471423149,-0.46077071435749556,1.0224990124348552,339.6969948132547,339.6969948132547,greedy,1.0224990124348552,0.0,hard_fault_cluster
204,N2348,control0,-0.35842517018318176,0.2059676218777895,-1.9785426586866377,0.3585777711123228,0.13387895422056317,-0.35842517018318176,0.2118634432554245,0.6103399113938213,0.13142799735069274,0.002118634432554245,0.10497575998306274,0.07104834169149399,0.07104834169149399,2.044445351548493,0.012958921492099762,0.07965943217277527,-0.004277221858501434,29539.556640625,12332.349609375,17207.20703125,29493.064453125,12270.044921875,17223.01953125,0.001573895919136703,0.005052134394645691,-0.0009189463453367352,0.1573895919136703,1.5788039341568947,0.3980436947569251,1.3666200954467058,0.40475808348506687,0.1258896142244339,-0.7865781958773733,2.044445351548493,341.74144016480324,341.74144016480324,greedy,2.044445351548493,0.0,hard_fault_cluster
205,N4385,control0,-0.35765841603279114,0.15805703066289428,-1.1444452553987503,0.2794925842434168,0.10273706993088129,-0.35765841603279114,0.21299873292446136,0.7023291711881756,0.2327331304550171,0.0021299873292446136,0.10267829895019531,0.07214080542325974,0.07214080542325974,1.2653741059824823,0.013205792754888535,0.08071230351924896,-0.004238002002239227,29504.0859375,12283.5556640625,17220.529296875,29460.474609375,12245.830078125,17214.64453125,0.0014781453646719456,0.003071226878091693,0.0003417296684347093,0.14781453646719456,1.6057188138365746,0.3620565858855843,1.3918641600757837,0.37210311267524954,0.28515660464763637,-0.27407326862215997,1.2653741059824823,343.0068142707857,343.0068142707857,greedy,1.2653741059824823,0.0,hard_fault_cluster
206,N4879,control0,0.007298541255295277,1.226338125616312,0.5201099134981632,0.40580051049590105,0.7971197816506028,0.007298541255295277,0.2592872977256775,1.9231613233685494,1.971021056175232,0.002592872977256775,0.15997815132141113,0.06974553316831589,0.06974553316831589,1.1141496193408966,0.008280724287033081,0.08324268460273743,-0.005041889846324921,29459.595703125,12245.072265625,17214.5234375,29475.9140625,12334.3603515625,17141.5546875,-0.0005539234261959791,-0.007291756570339203,0.004238789901137352,-0.05539234261959791,1.1571052595973015,-0.4183372217416763,0.9103306364268064,-0.4739940124750137,1.0521429926156998,0.847751812916249,1.1141496193408966,344.1209638901266,344.1209638901266,greedy,1.1141496193408966,0.0,hard_fault_cluster
207,N5727,control0,-0.1168660894036293,0.6243120630085468,-0.07019546926021578,0.3115404634177684,0.4058028409555554,-0.1168660894036293,0.2913607358932495,0.9061622694134712,0.4715299010276794,0.002913607358932495,0.09258204698562622,0.07024974375963211,0.07024974375963211,1.5603050251305104,0.004529964178800583,0.0732966810464859,-0.007095411419868469,29472.484375,12329.65625,17142.828125,29428.62890625,12260.6962890625,17167.93359375,0.0014880140079185367,0.0055930158123373985,-0.0014644881011918187,0.14880140079185367,0.8146068975329399,-0.3156887144595385,0.5433990377932787,-0.25576300926506523,0.363521059602499,0.08385316347252228,1.5603050251305104,345.6812689152571,345.6812689152571,greedy,1.5603050251305104,0.0,hard_fault_cluster
208,N713,observe,0.05843706056475639,1.8298233406245707,2.296109277009964,0.8719634015858172,1.189385171405971,0.05843706056475639,0.2912138104438782,1.5914934918284414,2.317133206129074,0.0029121381044387817,0.09152108430862427,0.06348726898431778,0.06348726898431778,5.36772438839078,0.008444536477327347,0.0739113837480545,-0.005082093179225922,29431.919921875,12264.98828125,17166.931640625,29407.5625,12272.4287109375,17135.1328125,0.0008275852305814624,-0.00060663977637887,0.0018523302860558033,0.08275852305814624,1.1991547271609306,0.9025528724491595,0.9331289175897837,0.8960349257290362,0.7219682857394218,2.5692793857306238,5.36772438839078,351.0489933036479,351.0489933036479,greedy,5.36772438839078,0.0,hard_fault_cluster
209,N7846,control0,0.13761164247989655,1.990303432494402,0.5678847688250243,0.9186503367125987,1.2936972311213613,0.13761164247989655,0.2878482937812805,1.7032547464221715,0.5460248532239347,0.002878482937812805,0.0853554904460907,0.06464036554098129,0.06464036554098129,5.467950368598103,0.009266689419746399,0.07300841808319092,-0.004113055765628815,29407.5390625,12272.78125,17134.7578125,29280.5234375,12225.4609375,17055.0625,0.004319151863455772,0.0038557122461497784,0.00465109059587121,0.43191518634557724,1.2791576012969017,1.2916285256296396,1.0147911068052053,1.2634143690019846,0.9357700042426585,0.6397505042131524,5.467950368598103,356.516943672246,356.516943672246,greedy,5.467950368598103,0.0,hard_fault_cluster
210,N7408,control0,0.21226440370082855,1.4540099328756333,0.7072380024939775,0.35975631058216095,0.9451064563691617,0.21226440370082855,0.2895890474319458,1.222749935388565,0.5967970075085759,0.002895890474319458,0.08783891797065735,0.061765849590301514,0.061765849590301514,1.5542332860827446,0.010040517896413803,0.07446929812431335,-0.0032981187105178833,29280.685546875,12225.669921875,17055.015625,29239.828125,12223.6767578125,17016.150390625,0.0013953710440546274,0.00016303107258863747,0.0022788154892623425,0.13953710440546274,1.3554066866636276,0.9756898592412472,1.0918905138969421,0.9244761775434017,1.0444525599479675,0.7172510779416188,1.5542332860827446,358.07117695832875,358.07117695832875,greedy,1.5542332860827446,0.0,hard_fault_cluster
211,N7542,control0,0.2738431990146637,1.5396042147278788,0.9612408578395842,0.3617141011357307,1.0007427395731212,0.2738431990146637,0.29346781969070435,1.3772551408410072,0.916811066865921,0.0029346781969070436,0.08647233247756958,0.059995390474796295,0.059995390474796295,1.4220472079515456,0.010840218514204025,0.07651595771312714,-0.0032477304339408875,29239.787109375,12223.583984375,17016.203125,29216.857421875,12229.529296875,16987.328125,0.0007841947372071445,-0.0004863804788328707,0.001696911989711225,0.07841947372071445,1.4374850615859032,1.1085466626286506,1.1723876539617777,1.0633720043301582,1.159534189105034,0.998950337022543,1.4220472079515456,359.4932241662803,359.4932241662803,greedy,1.4220472079515456,0.0,hard_fault_cluster
212,N1478,control0,0.32353079319000244,1.5933587016165256,2.627674901485443,0.33676698163151736,1.0356831560507416,0.32353079319000244,0.29640698432922363,1.4283851623535155,2.5798693180084227,0.002964069843292236,0.08688613772392273,0.056340038776397705,0.056340038776397705,1.1336129572987557,0.011558502912521362,0.07799035310745239,-0.0031732022762298584,29217.328125,12229.0048828125,16988.322265625,29200.69921875,12234.294921875,16966.404296875,0.0005691453698091209,-0.00043258132063783705,0.0012901785084977746,0.05691453698091209,1.5085973143577576,1.2757976645231248,1.2440370470285416,1.1982617031037808,1.2503008887171745,2.912695577666163,1.1336129572987557,360.62683712357904,360.62683712357904,greedy,1.1336129572987557,0.0,hard_fault_cluster
213,N858,observe,-0.1349259465932846,0.45960083976387966,1.7999999999999998,0.3574673198163508,0.29874054584652177,-0.1349259465932846,0.3032023310661316,1.4219934932887555,2.840791010856628,0.003032023310661316,0.07299065589904785,0.055463872849941254,0.055463872849941254,1.215574064180255,0.00908847525715828,0.06506650149822235,-0.0016831308603286743,29199.587890625,12234.376953125,16965.2109375,29675.84765625,12408.01953125,17267.828125,-0.016310496255755424,-0.014193005859851837,-0.017837513238191605,-1.6310496255755424,1.2675137296319008,0.3129990818351507,0.9985140766948462,0.26745608173310753,0.43063653185963624,1.8549137457087634,1.215574064180255,361.8424111877593,361.8424111877593,greedy,1.215574064180255,0.0,hard_fault_cluster
214,N6531,observe,-0.19670234620571136,0.31347894698381423,1.7799838464707134,0.2660571293532848,0.20376131553947927,-0.19670234620571136,0.28899693489074707,0.7978721509687603,2.2926843822002407,0.0028899693489074707,0.0987028181552887,0.054003044962882996,0.054003044962882996,1.3032297955732792,0.01172766461968422,0.06546695530414581,0.0012782029807567596,29675.51171875,12407.3486328125,17268.162109375,29898.416015625,12496.087890625,17402.328125,-0.007511388510465622,-0.007152153179049492,-0.007769559510052204,-0.7511388510465622,1.515766441822052,0.6696632844209671,1.2585164569318295,0.6439524871110917,0.1451042441651225,1.6693177587073296,1.3032297955732792,363.14564098333256,363.14564098333256,greedy,1.3032297955732792,0.0,hard_fault_cluster
215,N8283,control0,-0.18873994052410126,0.35504918664693835,0.0,0.27614936739206314,0.23078197132050993,-0.18873994052410126,0.2932015061378479,1.0980718731880188,0.7773387193679809,0.002932015061378479,0.07020151615142822,0.05013603717088699,0.05013603717088699,0.8106609866023063,0.010738201439380646,0.06967572867870331,-0.001902855932712555,29899.783203125,12497.748046875,17402.03515625,29709.294921875,12387.716796875,17321.578125,0.006370891816914082,0.008804085664451122,0.004623426590114832,0.6370891816914082,1.4171576872467995,0.08964023798704147,1.1596545297652483,0.08964023798704147,0.4648321509361267,0.3326286306977272,0.8106609866023063,363.9563019699349,363.9563019699349,greedy,0.8106609866023063,0.0,hard_fault_cluster
216,N1349,observe,0.02338588610291481,1.862882634848356,2.6782726049423218,0.4730502660572528,1.2108737126514315,0.02338588610291481,0.3083009719848633,2.3127334296703337,3.3655149698257443,0.003083009719848633,0.05575791001319885,0.0448644757270813,0.0448644757270813,1.1640669348835946,0.014622174203395844,0.07309390604496002,0.00017282739281654358,29706.900390625,12384.962890625,17321.9375,29798.37890625,12505.94140625,17292.4375,-0.0030793691985309124,-0.009768177755177021,0.001703042769804597,-0.30793691985309124,1.815382868051529,1.4838822096586226,1.5505087822675705,1.4242105692625044,1.5708186224102971,3.1210321045666927,1.1640669348835946,365.12036890481846,365.12036890481846,greedy,1.1640669348835946,0.0,hard_fault_cluster
217,N2155,observe,-0.23016101121902466,0.056763850972056384,1.6174673467874525,0.2469637209922075,0.03689650313183665,-0.23016101121902466,0.3051424026489258,1.0466331873089074,2.6550723075866696,0.003051424026489258,0.0439419150352478,0.04448356479406357,0.04448356479406357,0.6983048977330327,0.011382333934307098,0.06070727854967117,0.0011176243424415588,29800.30078125,12508.2578125,17292.04296875,30012.7890625,12555.349609375,17457.439453125,-0.007130407262593508,-0.003764856606721878,-0.009564889594912529,-0.7130407262593508,1.4878593608736992,0.2030958680808544,1.2256398852914572,0.16475847795605658,0.1641357276588678,1.6816882229782641,0.6983048977330327,365.8186738025515,365.8186738025515,greedy,0.6983048977330327,0.0,hard_fault_cluster
218,N3402,control0,-0.23945526778697968,0.4721249303035438,0.30417687743902205,0.25406422080472113,0.30688120469730346,-0.23945526778697968,0.2928837537765503,0.9424388931132852,0.7932883620262146,0.002928837537765503,0.05407065153121948,0.0420546755194664,0.0420546755194664,0.810952963763848,0.011834170669317245,0.06983019411563873,-0.001677773892879486,30013.4296875,12555.9052734375,17457.525390625,29790.544921875,12420.287109375,17370.2578125,0.007426167838275433,0.010801145806908607,0.00499885156750679,0.7426167838275433,1.5183554962277412,0.15122628488577902,1.2671516742557287,0.15068464630283415,0.5649115644395352,0.6031727072224021,0.810952963763848,366.6296267663153,366.6296267663153,greedy,0.810952963763848,0.0,hard_fault_cluster
219,N855,observe,-0.33296823501586914,0.37673227028921247,1.8165498562157152,0.27462525887414807,0.2448759756879881,-0.33296823501586914,0.2983836531639099,1.0919517618604002,2.6015060782432555,0.002983836531639099,0.036863893270492554,0.04243353754281998,0.04243353754281998,0.9795478657353669,0.011400610208511353,0.06110966205596924,0.0004783719778060913,29788.8203125,12418.62109375,17370.19921875,30001.212890625,12501.046875,17500.166015625,-0.007129942532628775,-0.006637273356318474,-0.007482170592993498,-0.7129942532628775,1.4808782115578651,0.18215546092949808,1.2252653185278177,0.14012263796292246,0.3130668596364558,1.7784934587636962,0.9795478657353669,367.60917463205067,367.60917463205067,greedy,0.9795478657353669,0.0,hard_fault_cluster
220,N3224,control0,-0.30741891264915466,0.39117658987641335,0.23152646161615847,0.2718270847201347,0.2542647834196687,-0.30741891264915466,0.2877776622772217,1.090625184867531,1.1383969187736511,0.002877776622772217,0.04749521613121033,0.03730626404285431,0.03730626404285431,0.785760872894898,0.012616269290447235,0.07119838893413544,-0.0019974783062934875,30002.830078125,12502.658203125,17500.171875,29807.109375,12398.23828125,17408.87109375,0.006523407995700836,0.008351817727088928,0.005217136349529028,0.6523407995700836,1.5867108553647995,0.11425803527235985,1.3428979106247425,0.11373944319784642,0.49598365277051926,0.6283708340674639,0.785760872894898,368.3949355049456,368.3949355049456,greedy,0.785760872894898,0.0,hard_fault_cluster
221,N3229,control0,-0.3375839293003082,0.36069181106053294,0.22037608437240125,0.2605060092452913,0.23444967718934642,-0.3375839293003082,0.2821218967437744,1.037659637024626,0.9324422895908355,0.002821218967437744,0.05309209227561951,0.03412380814552307,0.03412380814552307,0.7720351625001057,0.011929094791412354,0.07565581798553467,-0.004015073180198669,29807.06640625,12398.224609375,17408.841796875,29712.3046875,12350.7666015625,17361.537109375,0.0031791694927960634,0.003827806795015931,0.002717279363423586,0.31791694927960634,1.5091551840305328,0.10511503309477119,1.2719709053635597,0.10293514036107806,0.4483928333967924,0.5279095368646085,0.7720351625001057,369.1669706674457,369.1669706674457,greedy,0.7720351625001057,0.0,hard_fault_cluster
222,N3177,control0,-0.3672897517681122,0.32067841583404627,-5.280227156845285e-07,0.24941665127873416,0.20844097029213007,-0.3672897517681122,0.27933037281036377,0.9789710172271718,0.6877462148666381,0.0027933037281036377,0.05551764369010925,0.03199153393507004,0.03199153393507004,0.7513229723205557,0.01119854673743248,0.07865498960018158,-0.00554252415895462,29712.265625,12350.7529296875,17361.51171875,29646.8671875,12318.9375,17327.9296875,0.002201058669015765,0.0025759912095963955,0.0019342803861945868,0.22010586690157652,1.4311765804886818,0.08372964041401586,1.1976851504296064,0.08372964041401586,0.412692403113499,0.2977588302831105,0.7513229723205557,369.91829363976626,369.91829363976626,greedy,0.7513229723205557,0.0,hard_fault_cluster
223,N3199,control0,-0.38787660002708435,0.41777614779304717,0.21394621618092058,0.3139808633970097,0.27155449606548065,-0.38787660002708435,0.2774961590766907,1.0643207459012047,0.8788806915283203,0.0027749615907669066,0.05686122179031372,0.02959362603724003,0.02959362603724003,1.211881918015424,0.010705150663852692,0.08098356425762177,-0.006703019142150879,29646.82421875,12318.9287109375,17327.896484375,29589.482421875,12291.732421875,17297.75,0.0019341632723808289,0.0022076829336583614,0.0017397659830749035,0.19341632723808289,1.3776048514991999,0.15075471900636328,1.1472875126637518,0.14985262692207468,0.41801160555332895,0.5124903054814786,1.211881918015424,371.1301755577817,371.1301755577817,greedy,1.211881918015424,0.0,hard_fault_cluster
224,N3172,control0,-0.40965524315834045,0.4504308333178961,0.20235239691373863,0.35032934595508775,0.29278004165663246,-0.40965524315834045,0.2760850191116333,1.1090011487935498,0.6726335366018247,0.002760850191116333,0.05685117840766907,0.02811521850526333,0.02811521850526333,1.4761759415746791,0.010209791362285614,0.08283516764640808,-0.007714793086051941,29589.447265625,12291.720703125,17297.7265625,29550.2578125,12273.04296875,17277.21484375,0.0013244402362033725,0.0015195377636700869,0.0011858042562380433,0.13244402362033725,1.325179373845458,0.17295896000266112,1.0970291956327856,0.1729585214288545,0.40007359482260646,0.3692342226526307,1.4761759415746791,372.6063514993564,372.6063514993564,greedy,1.4761759415746791,0.0,hard_fault_cluster
225,N7614,observe,-0.5427029728889465,-0.06760315239429476,1.4846647828817365,0.29779223382472986,-0.0439420490562916,-0.5427029728889465,0.2698298692703247,0.7756979472935199,2.2988865852355955,0.002698298692703247,0.042185425758361816,0.028094450011849403,0.028094450011849403,1.4432129428535698,0.007671423256397247,0.08013230562210083,-0.009102202951908112,29549.08203125,12271.880859375,17277.201171875,29679.955078125,12351.662109375,17328.29296875,-0.004429005552083254,-0.006501142866909504,-0.002957180142402649,-0.4429005552083254,1.0650666449218988,-0.309557961076498,0.8416234054602683,-0.30439950689673423,-0.06130967140197757,2.060148713588714,1.4432129428535698,374.04956444220994,374.04956444220994,greedy,1.4432129428535698,0.0,hard_fault_cluster
226,N6533,observe,-0.5731642842292786,0.317930675521493,1.5517361402511596,0.5231281473487616,0.20665493908897045,-0.5731642842292786,0.27913588285446167,1.6449198078364133,2.9027334332466124,0.002791358828544617,0.016705840826034546,0.03502580523490906,0.03502580523490906,2.2753310627862815,0.00791960209608078,0.0704641044139862,-0.006527431309223175,29679.36328125,12350.96875,17328.39453125,29936.10546875,12454.5439453125,17481.5625,-0.008650529198348522,-0.008385997265577316,-0.008839132264256477,-0.8650529198348522,1.1061218976974487,0.025724755488336054,0.8705006316304207,0.014642299972474543,0.23168438263237473,1.7255948487110435,2.2753310627862815,376.3248955049962,376.3248955049962,greedy,2.2753310627862815,0.0,hard_fault_cluster
227,N3204,control0,-0.5200621485710144,0.6386608267837436,0.20567005947232248,0.4930441602523205,0.41512953740943337,-0.5200621485710144,0.2671509385108948,1.9822870908741606,1.6356625854969025,0.0026715093851089476,0.02921232581138611,0.028223777189850807,0.028223777189850807,1.456577196290891,0.010752595961093903,0.0791156142950058,-0.007462941110134125,29937.767578125,12456.345703125,17481.421875,29762.232421875,12361.591796875,17400.640625,0.005863334983587265,0.007606878411024809,0.004620977211743593,0.5863334983587265,1.3706343118101358,0.1545566773539758,1.1491032750345767,0.1543622109139687,0.7899058819981292,0.755193791167112,1.456577196290891,377.7814727012871,377.7814727012871,greedy,1.456577196290891,0.0,hard_fault_cluster
228,N3219,control0,-0.5189368724822998,0.7447791172575672,0.20534644611179828,0.5759401787992101,0.4841064262174187,-0.5189368724822998,0.26179730892181396,2.557318710506661,2.1391726255416867,0.00261797308921814,0.032272785902023315,0.02745668776333332,0.02745668776333332,1.3561304294056025,0.010933570563793182,0.08268029987812042,-0.008486583828926086,29762.19140625,12361.5810546875,17400.611328125,29695.19921875,12330.5625,17364.63671875,0.0022509158588945866,0.0025092707946896553,0.0020674336701631546,0.22509158588945866,1.3826110530644655,0.12624599459057206,1.165670555550605,0.12605260592361445,1.034817821951583,0.9104724829760379,1.3561304294056025,379.1376031306927,379.1376031306927,greedy,1.3561304294056025,0.0,hard_fault_cluster
229,N3167,control0,-0.5254332423210144,0.6898911771546771,-0.03468913010658525,0.5365831743070205,0.4484292651505401,-0.5254332423210144,0.25861304998397827,2.360309736086471,1.7753821443511695,0.0025861304998397827,0.033717215061187744,0.02774214930832386,0.02774214930832386,1.2905033619584527,0.010919317603111267,0.0852552205324173,-0.009308978915214539,29695.16015625,12330.55078125,17364.609375,29650.79296875,12310.5576171875,17340.234375,0.0014940882101655006,0.0016214331844821572,0.0014037172077223659,0.14940882101655006,1.3782869596034288,0.12012162145660582,1.1635205601342022,0.12012145939815028,0.9566181283165747,0.6056217826266985,1.2905033619584527,380.4281064926511,380.4281064926511,greedy,1.2905033619584527,0.0,hard_fault_cluster
230,N3372,control0,-0.5331739783287048,0.6660899140889525,0.2040256679058075,0.5162049965636106,0.4329584441578191,-0.5331739783287048,0.25617271661758423,2.2581823340646223,1.894721907377243,0.0025617271661758424,0.03464183211326599,0.02854231931269169,0.02854231931269169,1.2557358634404954,0.010919749736785889,0.08729290962219238,-0.009934060275554657,29650.755859375,12310.548828125,17340.20703125,29614.97265625,12294.0947265625,17320.87890625,0.001206822576932609,0.001336585497483611,0.0011146421311423182,0.12068225769326091,1.3766900096088648,0.12043046176579081,1.1631537326611578,0.12032173672370844,0.9213719743071123,0.8349635457422118,1.2557358634404954,381.68384235609165,381.68384235609165,greedy,1.2557358634404954,0.0,hard_fault_cluster
231,N3209,control0,-0.5431814193725586,0.6504289420088754,0.20357619766145946,0.5045236518839374,0.42277881230576897,-0.5431814193725586,0.25404059886932373,2.192592667299323,1.8430851519107818,0.0025404059886932374,0.03572505712509155,0.02952091582119465,0.02952091582119465,1.2433057304541582,0.010907556861639023,0.08902305364608765,-0.010426566004753113,29614.9296875,12294.0859375,17320.84375,29586.37109375,12280.48828125,17305.8828125,0.0009643309749662876,0.0011060322867706418,0.0008637533755972981,0.09643309749662876,1.3743172008544207,0.12085080528398975,1.1616460648365319,0.12077294572722166,0.8995801759883761,0.7928737774770707,1.2433057304541582,382.9271480865458,382.9271480865458,greedy,1.2433057304541582,0.0,hard_fault_cluster
232,N3234,control0,-0.5528386235237122,0.4607402939774328,0.20313110843999313,0.3574825803277781,0.29948119108533133,-0.5528386235237122,0.2520895004272461,1.445293724775547,1.2431818425655365,0.002520895004272461,0.037047505378723145,0.030599692836403847,0.030599692836403847,1.0200832075538346,0.01095329225063324,0.09063774347305298,-0.010789372026920319,29586.33203125,12280.4794921875,17305.8515625,29563.431640625,12268.974609375,17294.45703125,0.0007740192813798785,0.0009368431055918336,0.0006584207294508815,0.07740192813798785,1.378018418326974,0.11102456142165465,1.1660015233792365,0.11097177679388551,0.6075533508090303,0.5808658497023862,1.0200832075538346,383.94723129409965,383.94723129409965,greedy,1.0200832075538346,0.0,hard_fault_cluster
233,N3377,control0,-0.5461251735687256,0.43559076599573016,0.202917627064744,0.33815903787006385,0.2831339978972246,-0.5461251735687256,0.25291526317596436,1.157510802912293,0.9599938571453094,0.0025291526317596435,0.04082345962524414,0.03290987014770508,0.03290987014770508,1.268660350830178,0.010868806391954422,0.09134407341480255,-0.010705061256885529,29563.400390625,12268.966796875,17294.43359375,29545.0546875,12259.1015625,17285.953125,0.000620554550550878,0.0008040802786126733,0.0004903582739643753,0.062055455055087805,1.3727057725191116,0.15098565723965293,1.1583369225263596,0.1509468430034758,0.47064477772219104,0.46878557461954184,1.268660350830178,385.21589164492985,385.21589164492985,greedy,1.268660350830178,0.0,hard_fault_cluster
234,N3382,control0,-0.5392382144927979,0.5205488688984407,0.2027695719851181,0.4044020679939786,0.33835676478398646,-0.5392382144927979,0.25384628772735596,1.4956150165346116,1.2434715807437895,0.0025384628772735594,0.044292569160461426,0.03521750122308731,0.03521750122308731,1.3629123876524134,0.01082199439406395,0.09197406470775604,-0.010571956634521484,29545.017578125,12259.09375,17285.923828125,29533.912109375,12252.96875,17280.943359375,0.0003758829552680254,0.000499629124533385,0.0002881227992475033,0.03758829552680254,1.3712632283568382,0.1551045791278193,1.1544653866440058,0.1550760053799786,0.6081822885185829,0.4724227502818758,1.3629123876524134,386.57880403258224,386.57880403258224,greedy,1.3629123876524134,0.0,hard_fault_cluster
235,N7803,control1,-0.6780246496200562,-0.07632361307740215,-2.1432484894990917,0.32202440038323393,-0.0496103485003114,-0.6780246496200562,0.2424764186143875,0.8192180611193179,2.3297882854938505,0.0024247641861438753,0.03019261360168457,0.03826594352722168,0.03826594352722168,1.6459179627150298,0.006889939308166504,0.07604886591434479,-0.010450541973114014,29532.74609375,12251.8798828125,17280.8671875,29755.5859375,12417.6689453125,17337.91796875,-0.0075455172918736935,-0.013531723991036415,-0.003301384160295129,-0.7545517291873693,0.9697362929582596,-0.47136735036969185,0.7591795213520527,-0.44466226413846016,-0.14495074450969697,-0.7242179839313032,1.6459179627150298,388.2247219952973,388.2247219952973,greedy,1.6459179627150298,0.0,hard_fault_cluster
236,N3214,control0,-0.5680369138717651,0.6581871630185925,0.2027109003334772,0.51151926525592,0.4278216559620851,-0.5680369138717651,0.24464721977710724,1.368937640644217,0.9867303431034087,0.0024464721977710724,0.038156867027282715,0.038587264716625214,0.038587264716625214,2.5410759856749063,0.010591089725494385,0.08642944693565369,-0.009911946952342987,29756.697265625,12418.75390625,17337.943359375,29604.91015625,12320.5595703125,17284.3515625,0.0051009394228458405,0.007906939834356308,0.0030910123605281115,0.510093942284584,1.342343457043171,0.3049768102920643,1.1299175936728716,0.3049551239074935,0.42618180084391494,0.43123689499305323,2.5410759856749063,390.7657979809722,390.7657979809722,greedy,2.5410759856749063,0.0,hard_fault_cluster
237,N3387,control0,-0.5702546238899231,0.6054903441673195,0.20261049962427932,0.47064440693737186,0.3935687237087577,-0.5702546238899231,0.24222330749034882,1.4303130953977414,1.1245267987251282,0.002422233074903488,0.04084697365760803,0.04001472145318985,0.04001472145318985,2.0824659409645117,0.01141357421875,0.09014807641506195,-0.01000230759382248,29604.87890625,12320.548828125,17284.330078125,29561.59375,12289.2060546875,17272.388671875,0.0014620954170823097,0.002543943002820015,0.0006908804643899202,0.14620954170823097,1.4235954508185387,0.24432028958131008,1.2119169291108847,0.24430064942521307,0.4906988419759727,0.48282076517209127,2.0824659409645117,392.84826392193673,392.84826392193673,greedy,2.0824659409645117,0.0,hard_fault_cluster
238,N3392,control0,-0.578300952911377,0.5317346784269104,0.20252143403049558,0.41337785091014667,0.34562754097749177,-0.578300952911377,0.24068956077098846,1.1460908543076582,0.892552989721298,0.0024068956077098846,0.04316604137420654,0.04131193459033966,0.04131193459033966,1.9870524373060288,0.011759363114833832,0.09262685477733612,-0.0101948082447052,29561.5546875,12289.1962890625,17272.359375,29535.8671875,12270.24609375,17265.62109375,0.0008689495734870434,0.0015420207055285573,0.00039011932676658034,0.08689495734870434,1.4579378068447113,0.23898297747668035,1.2464366853237152,0.23896784795228082,0.3785573925022617,0.415934166091647,1.9870524373060288,394.83531635924277,394.83531635924277,greedy,1.9870524373060288,0.0,hard_fault_cluster
239,N3397,control0,-0.5791476964950562,0.4699513744806609,0.20246406132064296,0.3653879175184556,0.3054683934124296,-0.5791476964950562,0.2419273406267166,0.9985357922803814,0.8422439336776733,0.002419273406267166,0.04592829942703247,0.042413413524627686,0.042413413524627686,1.7725054358683336,0.011548705399036407,0.09394471347332001,-0.010523870587348938,29535.828125,12270.2353515625,17265.59375,29519.9375,12258.541015625,17261.396484375,0.0005380118382163346,0.0009530653478577733,0.00024309998843818903,0.05380118382163346,1.439211294054985,0.21481888824990164,1.2259557284414768,0.21480881822997616,0.33395318215189035,0.37415075144483123,1.7725054358683336,396.6078217951111,396.6078217951111,greedy,1.7725054358683336,0.0,hard_fault_cluster
240,N3407,control0,-0.5617945790290833,0.4210559659491992,0.20243695334938822,0.32738827529537956,0.27368637786697947,-0.5617945790290833,0.2464110106229782,1.0355546766710177,0.9834467113018035,0.002464110106229782,0.05134221911430359,0.044913411140441895,0.044913411140441895,1.3718099870555305,0.010917246341705322,0.09406958520412445,-0.010701529681682587,29519.8984375,12258.53125,17261.3671875,29510.5546875,12251.30078125,17259.25390625,0.00031652377219870687,0.0005898315575905144,0.0001224283769261092,0.03165237721987069,1.3830490559339523,0.16255496901605507,1.1645557396113873,0.16254780078626932,0.38556411386234685,0.4271836006239755,1.3718099870555305,397.9796317821666,397.9796317821666,greedy,1.3718099870555305,0.0,hard_fault_cluster
241,N4628,control0,-0.5643201470375061,0.4084288295282022,-7.578228469355962e-05,0.3177510699493723,0.2654787391933314,-0.5643201470375061,0.24736948311328888,1.0134438365186724,0.6167429208755493,0.002473694831132889,0.05332210659980774,0.04571913927793503,0.04571913927793503,1.3184670719044336,0.010710839182138443,0.0950513482093811,-0.011004284024238586,29510.1484375,12250.978515625,17259.169921875,29504.49609375,12245.7626953125,17258.734375,0.00019153898756485432,0.0004257472464814782,2.52356785495067e-05,0.019153898756485432,1.3641725406050682,0.1562661110792032,1.1443560738116503,0.15626201371098428,0.37928303588996637,0.5090826615411788,1.3184670719044336,399.29809885407104,399.29809885407104,greedy,1.3184670719044336,0.0,hard_fault_cluster
242,N3162,control0,-0.5678419470787048,0.3849109344184399,6.540215963468654e-07,0.2993751712143421,0.25019210737198594,-0.5678419470787048,0.24821682274341583,0.9718589156866073,0.5996042153576127,0.002482168227434158,0.05510580539703369,0.046549372375011444,0.046549372375011444,1.2141853161156178,0.010514315217733383,0.09594519436359406,-0.011296533048152924,29504.83984375,12246.068359375,17258.771484375,29501.91796875,12242.05078125,17259.8671875,9.903035970637575e-05,0.00032807086245156825,-6.34867392363958e-05,0.009903035970637575,1.3461977168917656,0.1436193573474884,1.1251230705529451,0.1436193573474884,0.37041715681552884,0.240775635140435,1.2141853161156178,400.51228417018666,400.51228417018666,greedy,1.2141853161156178,0.0,hard_fault_cluster
243,N6871,control0,-0.5721197724342346,0.3331265970123059,-0.0006055847567040472,0.2597713362947979,0.21653228805799885,-0.5721197724342346,0.2489197999238968,0.8966809099139937,0.5789533376693725,0.002489197999238968,0.05677095055580139,0.04749361425638199,0.04749361425638199,0.9669668570359499,0.010297313332557678,0.09658530354499817,-0.011491075158119202,29500.64453125,12240.916015625,17259.728515625,29500.33984375,12238.26953125,17262.0703125,1.0328164535167161e-05,0.00021619987091980875,-0.00013567981659434736,0.0010328164535167161,1.3261447474360466,0.11331893088055947,1.1038346868008375,0.11333648296415047,0.3595928139344323,0.233735329057381,0.9669668570359499,401.47925102722263,401.47925102722263,greedy,0.9669668570359499,0.0,hard_fault_cluster
244,N3464,control0,-0.5764817595481873,0.33510429569570993,0.20235366299884847,0.2606295210432654,0.21781779220221145,-0.5764817595481873,0.24947531521320343,0.8937366870233519,0.776395159959793,0.002494753152132034,0.058335691690444946,0.0485345721244812,0.0485345721244812,0.9792169048359186,0.010135181248188019,0.09723812341690063,-0.011646553874015808,29501.55859375,12239.390625,17262.16796875,29502.88671875,12237.66796875,17265.21875,-4.501880903262645e-05,0.0001407468953402713,-0.00017673222464509308,-0.004501880903262645,1.3115280121564865,0.11524950585562692,1.088020596653223,0.1152467894568872,0.3579427759210375,0.409716626180616,0.9792169048359186,402.45846793205857,402.45846793205857,greedy,0.9792169048359186,0.0,hard_fault_cluster
245,N1493,control0,-0.3072092831134796,1.3021611815690994,1.4059038817882539,0.29115686833858484,0.8464047680199147,-0.3072092831134796,0.2551552653312683,1.2662267588078977,2.533605074882507,0.002551552653312683,0.06167322397232056,0.05080924928188324,0.05080924928188324,0.9389623402059077,0.013703528791666031,0.09797513484954834,-0.009058885276317596,29502.99609375,12236.7197265625,17266.27734375,29378.240234375,12217.931640625,17160.30859375,0.004228582605719566,0.0015353858470916748,0.006137324497103691,0.42285826057195663,1.6763173937797546,0.7073697673529387,1.446844007819891,0.689229749366641,1.0382168568670749,2.284360405243933,0.9389623402059077,403.3974302722645,403.3974302722645,greedy,0.9389623402059077,0.0,hard_fault_cluster
246,N3157,control0,-0.45735231041908264,0.478769316226244,0.2023472249507904,0.3723761348426342,0.31120005554705865,-0.45735231041908264,0.2503775954246521,1.2092115946114064,0.9619181215763092,0.002503775954246521,0.06951183080673218,0.05340162664651871,0.05340162664651871,1.5016467133909464,0.01079963892698288,0.09636133909225464,-0.010717242956161499,29377.98828125,12218.873046875,17159.115234375,29432.20703125,12227.359375,17204.84765625,-0.0018455568933859468,-0.0006945262430235744,-0.0026651970110833645,-0.18455568933859468,1.3837431147694588,0.17931374982725287,1.1559086982160807,0.17931358851492404,0.4718122363090515,0.5488700956106186,1.5016467133909464,404.8990769856554,404.8990769856554,greedy,1.5016467133909464,0.0,hard_fault_cluster
247,N3459,control0,-0.48868250846862793,0.3704770852729416,0.0023880064371041955,0.28823126988725556,0.24081010542741205,-0.48868250846862793,0.24948231875896454,0.9771644768061377,0.6211177706718445,0.0024948231875896454,0.07135561108589172,0.05457574874162674,0.05457574874162674,1.093865150535894,0.010497432202100754,0.09722833335399628,-0.011060886085033417,29432.1640625,12227.3515625,17204.8125,29436.55859375,12220.30078125,17216.2578125,-0.00014931050827726722,0.000576640130020678,-0.0006652390002273023,-0.014931050827726722,1.3538012877106667,0.13036244966064256,1.1257577370852232,0.13036849042258833,0.3973535151424585,0.25999447385358504,1.093865150535894,405.99294213619135,405.99294213619135,greedy,1.093865150535894,0.0,hard_fault_cluster
248,N3454,control0,-0.5105770230293274,0.35444526319071884,0.0025578323802619703,0.27577382924151606,0.23038942107396726,-0.5105770230293274,0.2488691657781601,0.9610796551989551,0.6233722865581512,0.002488691657781601,0.07266485691070557,0.05604396015405655,0.05604396015405655,1.0065066714066595,0.010477088391780853,0.0982113778591156,-0.011222392320632935,29436.521484375,12220.29296875,17216.228515625,29444.8671875,12218.6474609375,17226.21875,-0.00028351525543257594,0.00013465371739584953,-0.0005802800878882408,-0.028351525543257594,1.352621965110302,0.11917691075330367,1.1239371206611395,0.1191827646686579,0.3960843782435404,0.26118440135571297,1.0065066714066595,406.999448807598,406.999448807598,greedy,1.0065066714066595,0.0,hard_fault_cluster
249,N3449,control0,-0.5289767384529114,0.4189264129703952,0.002737654135125922,0.3259124589304701,0.2723021684307569,-0.5289767384529114,0.2482215315103531,1.0041165109088979,0.5914308792634073,0.002482215315103531,0.0737660825252533,0.05758586525917053,0.05758586525917053,1.3975954954872396,0.010559331625699997,0.09932023286819458,-0.011332742869853973,29444.830078125,12218.638671875,17226.19140625,29454.92578125,12218.9306640625,17235.99609375,-0.0003428684431128204,-2.389727706031408e-05,-0.0005691732512786984,-0.03428684431128204,1.3617405593395233,0.16828830857182764,1.1323850117623806,0.16829351651311297,0.3795476385566871,0.24801847784239042,1.3975954954872396,408.39704430308524,408.39704430308524,greedy,1.3975954954872396,0.0,hard_fault_cluster
250,N3444,control0,-0.5445882081985474,0.35394827883501423,-3.994032595073804e-05,0.2753374839005118,0.23006638124275924,-0.5445882081985474,0.2476443201303482,0.9004517271165241,0.5562400918642197,0.002476443201303482,0.0745488703250885,0.059045128524303436,0.059045128524303436,1.0937091015914848,0.010666940361261368,0.10043933987617493,-0.01143752783536911,29454.888671875,12218.921875,17235.966796875,29465.376953125,12219.935546875,17245.44140625,-0.0003560794866643846,-8.295918814837933e-05,-0.0005496999365277588,-0.03560794866643846,1.3733834847807884,0.13176604934102215,1.1433663982897997,0.1317697935997421,0.36195891083916654,0.23754478689062355,1.0937091015914848,409.4907534046767,409.4907534046767,greedy,1.0937091015914848,0.0,hard_fault_cluster
251,N3439,control0,-0.5566438436508179,0.3429922678745788,0.00553976562077878,0.266804457834296,0.22294497411847625,-0.5566438436508179,0.24745388329029083,0.8747519693162757,0.5411702346873426,0.002474538832902908,0.07512372732162476,0.0602899044752121,0.0602899044752121,1.0550460581231165,0.010706759989261627,0.10138504207134247,-0.01156529039144516,29465.341796875,12219.927734375,17245.4140625,29475.517578125,12221.205078125,17254.3125,-0.0003453474782872945,-0.00010452956485096365,-0.0005159886204637587,-0.03453474782872945,1.3784197866916656,0.12735998049178304,1.1476119458675385,0.127362880011824,0.3539649751066463,0.2353600385873642,1.0550460581231165,410.54579946279983,410.54579946279983,greedy,1.0550460581231165,0.0,hard_fault_cluster
252,N7704,control0,-0.5676959753036499,0.3529240267624118,-0.0002814168721670285,0.2748091506731725,0.2294006173955677,-0.5676959753036499,0.24709273874759674,0.8841865708480326,0.5392221212387085,0.0024709273874759675,0.0750674307346344,0.06129841506481171,0.06129841506481171,1.114539112453167,0.01072530448436737,0.10229629278182983,-0.011726014316082,29474.30078125,12220.0517578125,17254.25,29483.716796875,12221.388671875,17262.328125,-0.0003194652672391385,-0.0001094033068511635,-0.00046818176633678377,-0.03194652672391385,1.3809216022491455,0.13445193252588067,1.1496282368898392,0.13446303632113993,0.35124306353682183,0.2419859474628174,1.114539112453167,411.660338575253,411.660338575253,greedy,1.114539112453167,0.0,hard_fault_cluster
253,N3434,control0,-0.5776406526565552,0.3466763074982009,-1.747465466905851e-05,0.2696565443371219,0.2253395998738306,-0.5776406526565552,0.24663014709949493,0.869589725832975,0.5313700510152557,0.0024663014709949494,0.07472378015518188,0.06213396042585373,0.06213396042585373,1.0913168286092603,0.010725270956754684,0.10306023061275482,-0.01188814640045166,29484.8828125,12222.5283203125,17262.35546875,29493.03515625,12223.5380859375,17269.49609375,-0.00027649232652038336,-8.26151153887622e-05,-0.00041365300421603024,-0.027649232652038336,1.381291203200817,0.13158493575177999,1.1497181225568056,0.13158633120405283,0.3452239654070581,0.2306131393923442,1.0913168286092603,412.75165540386223,412.75165540386223,greedy,1.0913168286092603,0.0,hard_fault_cluster
254,N3429,control0,-0.5864063501358032,0.28671747160962696,-1.4423552784137426e-05,0.22301850408835888,0.18636635654625752,-0.5864063501358032,0.2460671216249466,0.7926613107234516,0.5200655968390492,0.002460671216249466,0.07432350516319275,0.06285601854324341,0.06285601854324341,0.7843044088700662,0.010751277208328247,0.1037295013666153,-0.01202303171157837,29492.994140625,12223.529296875,17269.46484375,29500.39453125,12224.34765625,17276.046875,-0.00025092027499340475,-6.694951298413798e-05,-0.0003811369533650577,-0.025092027499340475,1.3840508610010147,0.0937352079775701,1.1523585058748722,0.09373614322552384,0.3378674017978483,0.22994577527844742,0.7843044088700662,413.5359598127323,413.5359598127323,greedy,0.7843044088700662,0.0,hard_fault_cluster
255,N3292,control0,-0.5942140817642212,0.28450746446362246,0.02364177947256394,0.22129380048032543,0.1849298519013546,-0.5942140817642212,0.24536336958408356,0.7824411536018941,0.5115482568740845,0.0024536336958408357,0.07399949431419373,0.06349117308855057,0.06349117308855057,0.7848363557244148,0.010799534618854523,0.10433264076709747,-0.012132495641708374,29500.36328125,12224.34375,17276.01953125,29507.26171875,12225.185546875,17282.076171875,-0.0002338424528716132,-6.886233313707635e-05,-0.0003505807835608721,-0.02338424528716132,1.3888080045580864,0.09385207182312115,1.1571670975536108,0.09385334841535041,0.3323283673875267,0.2288951629099029,0.7848363557244148,414.3207961684567,414.3207961684567,greedy,0.7848363557244148,0.0,hard_fault_cluster
256,N8607,control1,-0.3938029706478119,0.7652194107323885,0.5002103379607433,0.07758822597563265,0.4973926169760526,-0.3938029706478119,0.2202974110841751,-0.10907600343227392,-2.04940467774868,0.002202974110841751,0.06711390614509583,0.06264213472604752,0.06264213472604752,0.7241498113423586,0.01777174323797226,0.10136662423610687,-0.0069861263036727905,29506.53125,12224.5439453125,17281.98828125,29430.6875,12244.236328125,17186.451171875,0.002570405602455139,-0.0016108889831230044,0.0055281319655478,0.2570405602455139,2.0601138696074486,1.007063394188881,1.8479092102497816,1.0088639074563979,0.45379748940467834,-0.2709532202122499,0.7241498113423586,415.0449459797991,415.0449459797991,greedy,0.7241498113423586,0.0,hard_fault_cluster
257,N515,control1,-0.506355881690979,0.18128638500347732,-1.8497704617679118,0.19630103474482893,0.11783615025226027,-0.506355881690979,0.2360677570104599,0.70110946232453,2.2981936454772947,0.002360677570104599,0.055311352014541626,0.06574811041355133,0.06574811041355133,0.76721504942514,0.014378022402524948,0.09430478513240814,-0.0089835524559021,29432.400390625,12240.453125,17191.947265625,29726.142578125,12440.5546875,17285.587890625,-0.009980232454836369,-0.01634756103157997,-0.0054467725567519665,-0.9980232454836369,1.739618107676506,0.04138906861655413,1.5132562071084976,0.015555169461294996,0.15152282612398263,-0.43488532967399823,0.76721504942514,415.8121610292242,415.8121610292242,greedy,0.76721504942514,0.0,hard_fault_cluster
258,N6730,control1,-0.7039545178413391,-0.40717594698071485,-2.250646287202835,0.1840256936848163,-0.26466436553746464,-0.7039545178413391,0.2217772752046585,0.26435161530971524,1.977660149335861,0.002217772752046585,0.04870915412902832,0.06915197521448135,0.06915197521448135,1.2503000770509245,0.009370200335979462,0.08245013654232025,-0.010427772998809814,29723.3515625,12443.6943359375,17279.65625,29935.755859375,12581.634765625,17354.12109375,-0.007146041374653578,-0.011085166595876217,-0.004309393931180239,-0.7146041374653578,1.227949284017086,-0.9468336264789105,1.0097523462027311,-1.3406223218142987,-0.4877781227231026,-0.8490623716264964,1.2503000770509245,417.0624611062752,417.0624611062752,greedy,1.2503000770509245,0.0,hard_fault_cluster
259,N3267,control0,-0.5340375900268555,0.37315422414474597,0.007198672246886417,0.2902621906434797,0.2425502456940849,-0.5340375900268555,0.22850222885608673,0.8443485643936582,0.47218499957743915,0.0022850222885608673,0.056159913539886475,0.07109604775905609,0.07109604775905609,1.3261426742202091,0.013458967208862305,0.09482048451900482,-0.009305797517299652,29936.953125,12582.7578125,17354.1953125,29727.798828125,12429.697265625,17298.1015625,0.006986492313444614,0.012164308689534664,0.0032322874758392572,0.6986492313444614,1.6454949975013733,0.1600986309878135,1.4207962900400162,0.1601032839045001,0.30108233076462054,0.20165436848381432,1.3261426742202091,418.3886037804954,418.3886037804954,greedy,1.3261426742202091,0.0,hard_fault_cluster
260,N3277,control0,-0.5358976721763611,0.3685267551061406,0.009327047584520187,0.2866567305686476,0.2395423908189914,-0.5358976721763611,0.23019908368587494,0.8388897900589655,0.674497926235199,0.0023019908368587493,0.061025798320770264,0.074241504073143,0.074241504073143,1.3032721787519768,0.013240903615951538,0.09688372910022736,-0.009351179003715515,29727.75390625,12429.685546875,17298.068359375,29666.517578125,12374.755859375,17291.76171875,0.0020599043928086758,0.004419233649969101,0.00036458641989156604,0.20599043928086758,1.6285309493541718,0.15685434221471953,1.4002005085349083,0.15690100094456286,0.2986436396371573,0.28553052836796267,1.3032721787519768,419.69187595924734,419.69187595924734,greedy,1.3032721787519768,0.0,hard_fault_cluster
261,N3272,control0,-0.561497688293457,0.3454008787253406,0.004196536169911269,0.26866627357492684,0.22451057117147138,-0.561497688293457,0.22797410190105438,0.8132874173727033,0.6685480773448944,0.0022797410190105436,0.06272363662719727,0.07478716969490051,0.07478716969490051,1.1777652015810964,0.013372138142585754,0.09955985844135284,-0.009743303060531616,29666.474609375,12374.744140625,17291.73046875,29629.51953125,12340.8681640625,17288.650390625,0.0012456848053261638,0.0027375093195587397,0.00017812434816733003,0.12456848053261638,1.6399750858545303,0.14147822745813754,1.4129041321575642,0.14152210044208913,0.29941491477075033,0.27833067921659677,1.1777652015810964,420.86964116082845,420.86964116082845,greedy,1.1777652015810964,0.0,hard_fault_cluster
262,N3282,control0,-0.6023485064506531,0.2575121522018163,0.0008758383086387766,0.2003088999199099,0.16738289893118058,-0.6023485064506531,0.22273056209087372,0.7158918598996934,0.6744988441467284,0.0022273056209087374,0.06182697415351868,0.07364429533481598,0.07364429533481598,0.7016361960507038,0.013941716402769089,0.10359974205493927,-0.010379262268543243,29629.4765625,12340.8564453125,17288.62109375,29601.8671875,12315.5302734375,17286.3359375,0.0009318212396465242,0.002052221680060029,0.00013217689411249012,0.09318212396465242,1.6905464977025986,0.08294570282363566,1.4682653546333313,0.0829912074629101,0.30148241457791297,0.2822848752060235,0.7016361960507038,421.57127735687914,421.57127735687914,greedy,0.7016361960507038,0.0,hard_fault_cluster
263,N3287,control0,-0.6188870072364807,0.3511963348997597,-1.27833252918208e-05,0.273166908616804,0.2282776176848438,-0.6188870072364807,0.2211928516626358,0.8202256510613551,0.6675178587436675,0.002211928516626358,0.06307849287986755,0.07346377521753311,0.07346377521753311,0.7023091505430512,0.014133624732494354,0.10544697940349579,-0.010599061846733093,29601.82421875,12315.51953125,17286.3046875,29582.26953125,12296.8662109375,17285.40234375,0.0006605905946344137,0.0015146189834922552,5.219992090133019e-05,0.06605905946344137,1.7080191001296043,0.08339024554863499,1.4870266299694777,0.08337788905175329,0.30350346882187296,0.27705323365706136,0.7023091505430512,422.2735865074222,422.2735865074222,greedy,0.7023091505430512,0.0,hard_fault_cluster
264,N3262,control0,-0.6140682697296143,0.7266869454525476,0.006001247502626939,0.5652110309250019,0.472346514544156,-0.6140682697296143,0.18281038105487823,1.7043667328510081,0.9946113824844359,0.0018281038105487824,0.06447106599807739,0.07873166352510452,0.07873166352510452,2.949598315252667,0.01812675967812538,0.10287341475486755,-0.007837526500225067,29582.2265625,12296.85546875,17285.37109375,29568.478515625,12282.998046875,17285.48046875,0.0004647400928661227,0.001126907765865326,-6.327604751277249e-06,0.04647400928661227,2.074218012392521,0.5356522803441204,1.8780614789575338,0.4386087958947337,0.5683308486124586,0.3754965831674598,2.949598315252667,425.22318482267485,425.22318482267485,greedy,2.949598315252667,0.0,hard_fault_cluster
265,N719,observe,-0.4711339473724365,0.8780977450311184,2.0064069271087646,0.45362388268113135,0.570763534270227,-0.4711339473724365,0.21534939110279083,2.1629455275833607,3.437143778800964,0.0021534939110279083,0.05051064491271973,0.0703558698296547,0.0703558698296547,1.656389313414693,0.01816263422369957,0.10384957492351532,-0.00778689980506897,29567.400390625,12281.470703125,17285.9296875,29565.89453125,12318.4365234375,17247.458984375,5.092971696285531e-05,-0.003009885549545288,0.0022255501244217157,0.005092971696285531,2.1019686833024025,0.2580538529902696,1.8876897376030684,0.015275648608803732,0.9886195652186869,2.4286319966241714,1.656389313414693,426.87957413608956,426.87957413608956,greedy,1.656389313414693,0.0,hard_fault_cluster
266,N694,observe,-0.41344892978668213,0.9475066114540096,2.111501371860504,0.3908369512858917,0.6158792974451063,-0.41344892978668213,0.1714622527360916,1.747512324580748,1.4972795248031614,0.001714622527360916,0.04760086536407471,0.07066625356674194,0.07066625356674194,1.0026077064449783,0.023501988500356674,0.09907329082489014,-0.0036847293376922607,29565.92578125,12318.5146484375,17247.41015625,29603.04296875,12364.4521484375,17238.58984375,-0.0012554042041301727,-0.003729142714291811,0.0005113992374390364,-0.12554042041301727,2.592327356338501,1.7529690296313492,2.410730976611376,1.010450586762163,0.951951976334385,2.0956663369287707,1.0026077064449783,427.8821818425345,427.8821818425345,greedy,1.0026077064449783,0.0,hard_fault_cluster
267,N1486,control0,-0.33203285932540894,1.888521672785282,2.5153967142105103,0.6739649519324302,1.2275390873104333,-0.33203285932540894,0.15344160795211792,2.331074936389923,2.9846738934516903,0.0015344160795211792,0.0557684600353241,0.06899711489677429,0.06899711489677429,1.255719888806343,0.026991408318281174,0.1037943959236145,-0.0017724782228469849,29604.158203125,12364.921875,17239.236328125,29462.09765625,12305.5947265625,17156.50390625,0.0047986689023673534,0.004798020701855421,0.004799076821655035,0.47986689023673534,2.9215795546770096,2.009161893129349,2.7547505125403404,2.1270885384082794,2.012678825855255,3.167550937309861,1.255719888806343,429.1379017313409,429.1379017313409,greedy,1.255719888806343,0.0,hard_fault_cluster
268,N3319,control0,-0.5170377492904663,1.119945677816868,0.5019356071949005,0.5381988605856894,0.7279646905809641,-0.5170377492904663,0.18851976096630096,2.2087545856833457,1.4763649576016178,0.0018851976096630097,0.05846250057220459,0.06574058532714844,0.06574058532714844,1.0420171007514,0.0214468315243721,0.10617043077945709,-0.005974337458610535,29461.68359375,12306.4765625,17155.20703125,29530.0078125,12318.8984375,17211.109375,-0.0023190872743725777,-0.0010093770688399673,-0.003258622484281659,-0.23190872743725777,2.3989434987306595,0.7051911216974258,2.2082482390105724,-0.480290784239769,1.2840155601501464,0.9880650652881195,1.0420171007514,430.1799188320923,430.1799188320923,greedy,1.0420171007514,0.0,hard_fault_cluster
269,N3324,control0,-0.5661392211914062,1.0822382095456122,0.5036977261304855,0.5069069394469261,0.703454836204648,-0.5661392211914062,0.20276223123073578,2.2289135687053205,1.7407964885234832,0.0020276223123073577,0.05721524357795715,0.06275970488786697,0.06275970488786697,1.0509124751389027,0.019162960350513458,0.10964104533195496,-0.00816449522972107,29529.974609375,12318.892578125,17211.08203125,29529.806640625,12302.466796875,17227.33984375,5.688076271326281e-06,0.0013333812821656466,-0.0009446130134165287,0.0005688076271326281,2.1818179711699486,-0.4683272923529148,1.9826765190809965,-0.4683367098867893,1.3878869891166687,1.1381856110692024,1.0509124751389027,431.2308313072312,431.2308313072312,greedy,1.0509124751389027,0.0,hard_fault_cluster
270,N3257,control0,-0.6026672720909119,1.0301216174662113,0.26926448643207546,0.5020229397714138,0.6695790513530374,-0.6026672720909119,0.13170889019966125,1.6621225357055665,2.6889322280883787,0.0013170889019966125,0.053132712841033936,0.07346832752227783,0.07346832752227783,1.0526622974872588,0.024761512875556946,0.09522274136543274,-0.003282316029071808,29529.83203125,12302.4931640625,17227.33984375,29538.82421875,12294.4267578125,17244.3984375,-0.0003045119810849428,0.0006556724547408521,-0.0009902047459036112,-0.030451198108494282,2.6813285052776337,0.9229853587597608,2.5274455919861794,0.6432469027489424,1.2085234947502612,1.5205402715876697,1.0526622974872588,432.28349360471844,432.28349360471844,greedy,1.0526622974872588,0.0,hard_fault_cluster
271,N6734,control1,-0.7502031922340393,0.5542663049697877,-1.7999999999999998,0.43109601497650146,0.360273098230362,-0.7502031922340393,0.19490976631641388,1.924753625690937,3.2873442888259885,0.0019490976631641387,0.04827198386192322,0.0689266175031662,0.0689266175031662,1.090336052030325,0.015060260891914368,0.09782640635967255,-0.010100401937961578,29536.51171875,12291.8310546875,17244.681640625,29734.751953125,12433.58203125,17301.169921875,-0.006711700931191444,-0.011532128788530827,-0.00327569292858243,-0.6711700931191444,1.7698624730110168,-0.6998805119097233,1.5719851851463318,-1.1461736871302128,0.6482531622052192,-0.2086354445666077,1.090336052030325,433.3738296567488,433.3738296567488,greedy,1.090336052030325,0.0,hard_fault_cluster
272,N3339,control0,-0.6433618664741516,0.8489811609685421,0.34771468341350553,0.4987992824614048,0.5518377546295524,-0.6433618664741516,0.08579519391059875,1.2054125457257032,0.5231551229953766,0.0008579519391059876,0.05500918626785278,0.07343116402626038,0.07343116402626038,0.9072475923597813,0.02486937865614891,0.08361397683620453,-0.0011434480547904968,29736.962890625,12436.134765625,17300.828125,29585.5,12329.720703125,17255.779296875,0.005093421787023544,0.008556843735277653,0.0026038538198918104,0.5093421787023544,2.64616422355175,0.8806311866641044,2.526744455099106,0.8806140801310539,0.8247450590133667,0.66002190396546,0.9072475923597813,434.2810772491086,434.2810772491086,greedy,0.9072475923597813,0.0,hard_fault_cluster
273,N5877,observe,-0.734314501285553,0.3890255704522133,1.7999999999999998,0.30257544368505473,0.2528666207939387,-0.734314501285553,0.19567744433879852,1.6806342527270317,3.2099137783050535,0.0019567744433879853,0.04974722862243652,0.057451605796813965,0.057451605796813965,1.3476793460547924,0.015686344355344772,0.10099877417087555,-0.01082746684551239,29585.55859375,12329.8662109375,17255.69140625,29716.130859375,12395.45703125,17320.673828125,-0.0044133784249424934,-0.005319669842720032,-0.0037658545188605785,-0.44133784249424934,1.8217634856700897,-0.5679443164169788,1.6319166980683804,-0.8536610884964466,0.6526170447468758,1.9992010790854693,1.3476793460547924,435.6287565951634,435.6287565951634,greedy,1.3476793460547924,0.0,hard_fault_cluster
274,N3344,control0,-0.6839267015457153,0.5027118079426146,0.2144935080452342,0.3909920252859592,0.3267626751626995,-0.6839267015457153,0.18802626430988312,1.8040418925147148,1.3792249073958371,0.001880262643098831,0.05201259255409241,0.06177316606044769,0.06177316606044769,0.9375043962753352,0.018408525735139847,0.10505877435207367,-0.00940171629190445,29715.986328125,12395.2890625,17320.697265625,29621.626953125,12331.330078125,17290.296875,0.0031753741204738617,0.005159942898899317,0.00175514817237854,0.31753741204738617,2.0906520038843155,-0.5793959254615038,1.9033024311065674,-0.776000713764879,0.8020143497014941,0.650933856298681,0.9375043962753352,436.56626099143875,436.56626099143875,greedy,0.9375043962753352,0.0,hard_fault_cluster
275,N902,control1,-0.5297355651855469,0.5544766500592232,-1.576054474711418,0.1824312552809715,0.3604098225384951,-0.5297355651855469,0.22364966571331024,1.677825925499201,3.414747405052185,0.0022364966571331024,0.034753620624542236,0.05234362930059433,0.05234362930059433,1.1943974447995422,0.017655890434980392,0.08940050005912781,-0.008329793810844421,29610.470703125,12317.146484375,17293.32421875,30004.6796875,12613.4912109375,17391.1875,-0.01331316214054823,-0.02405952848494053,-0.005659020971506834,-1.331316214054823,2.041582338511944,-0.9491467404365539,1.8345873672515154,-1.6650660562515258,0.580754454433918,-0.25250960461795346,1.1943974447995422,437.7606584362383,437.7606584362383,greedy,1.1943974447995422,0.0,hard_fault_cluster
276,N3349,control0,-0.5730732083320618,2.050531990677118,0.6704938769340515,1.069556314796209,1.3328457939401268,-0.5730732083320618,0.21046997606754303,2.6237198848277328,1.3915087938308714,0.0021046997606754304,0.04375949501991272,0.058310382068157196,0.058310382068157196,5.601858464106917,0.01810222491621971,0.09625054895877838,-0.008663706481456757,30015.5,12627.5986328125,17387.90234375,29839.248046875,12473.775390625,17365.47265625,0.005872031208127737,0.012181512080132961,0.0012899594148620963,0.5872031208127737,2.0790028497576714,1.218118673339486,1.8774175811558962,1.1990992186218499,1.242746615409851,1.0097042198412918,5.601858464106917,443.3625169003452,443.3625169003452,greedy,5.601858464106917,0.0,hard_fault_cluster
277,N3512,control0,-0.6064883470535278,1.1570259355008603,0.3358742371201515,0.5611784972250461,0.7520668580755592,-0.6064883470535278,0.16253384947776794,1.9992475852370262,0.9481994569301604,0.0016253384947776794,0.044747352600097656,0.07113654911518097,0.07113654911518097,1.297072322666645,0.022829115390777588,0.09078973531723022,-0.00471872091293335,29839.26171875,12473.8046875,17365.45703125,29740.01171875,12398.10546875,17341.90625,0.0033261547796428204,0.006068655289709568,0.0013561855303123593,0.33261547796428204,2.5165819376707077,1.1395651785284282,2.341329138725996,0.7790840951353312,1.3841751158237456,0.8301658025156916,1.297072322666645,444.65958922301184,444.65958922301184,greedy,1.297072322666645,0.0,hard_fault_cluster
278,N5715,control0,-0.7467983961105347,0.4262460891596039,-1.7999999999999998,0.3315247360130252,0.27705995795374255,-0.7467983961105347,0.1882331818342209,1.7130491725589765,2.1167603015899656,0.0018823318183422088,0.03501346707344055,0.05930539220571518,0.05930539220571518,1.4985035659658252,0.015610449016094208,0.08980424702167511,-0.009901337325572968,29739.66796875,12397.8095703125,17341.859375,29929.49609375,12501.7431640625,17427.75390625,-0.006382993888109922,-0.008383221924304962,-0.004953017458319664,-0.6382993888109922,1.8085834756493568,-1.7325544715928072,1.6229295451194048,-2.7976307035492893,0.40100057091744923,-0.6700031160495588,1.4985035659658252,446.1580927889777,446.1580927889777,greedy,1.4985035659658252,0.0,hard_fault_cluster
